R_DEF_MOD,PER,N_ENT,FOL,ENT,CON,V_SEL,N_HOG,H_MUD,N_REN,NOM,C_RES,PAR,SEX,EDA,F_NAC,ALF,I_NIV,I_ANIO,A_ESC,E_CON,C_ACT,OCU,A_ECO,POS,I_PER,ING,TIPO,ELEGIDO,FACTOR,FAC_MOD
00,1022,7,12A204,01,40005,4,1,0,02,-,1,3,1,18,16/05/2004,1,04,1,1,6,06, , , , , ,1, ,9793,0
00,1022,7,12A204,01,40005,3,1,0,03,-,1,3,1,23,26/02/1999,1,07,2,1,6,01,5,5,3,2,002500,1, ,9793,0
00,1022,7,12A204,01,40005,3,1,0,04,-,1,3,2,21,09/04/2001,1,07,1,1,6,01,5,5,3,2,002800,1, ,9793,0
00,1022,7,12A204,01,40005,3,1,0,01,-,1,1,1,55,28/07/1967,1,07,5,2,5,01,1,5,3,2,006000,1,1,9793,39824
00,1022,7,12A204,01,40005,2,1,0,02,-,1,8,2,31,09/08/1991,1,07,5,2,6,01,5,5,3,2,005000,1, ,9793,0
00,1022,7,12A204,01,40005,3,1,0,02,-,1,2,2,55,15/07/1967,1,06,3,2,5,07, , , , , ,1, ,9793,0
00,1022,7,12A204,01,40005,1,1,0,03,-,1,3,2,23,22/04/1999,1,07,2,1,6,06, , , , , ,1, ,9793,0
00,1022,7,12A204,01,40005,1,1,0,02,-,1,2,2,59,12/08/1963,1,02,6,2,5,07, , , , , ,1, ,9793,0
00,1022,7,12A204,01,40005,1,1,0,01,-,1,1,1,57,20/04/1965,1,04,3,2,5,01,4,4,2,1,001600,1,1,9793,29868
00,1022,7,12A204,01,40005,4,1,0,01,-,1,1,2,52,13/07/1970,1,08,2,2,6,07, , , , , ,1,1,9793,19912
00,1022,7,12A204,01,40005,2,1,0,01,-,1,1,2,29,25/11/1992,1,07,5,2,6,01,1,2,3,2,007200,1,1,9793,19912
00,1022,3,11A218,01,40029,2,1,0,07,-,1,5,1,11,29/08/2011,1,02,5,1, , , , , , , ,1, ,7775,0
00,1022,3,11A218,01,40029,2,1,0,05,-,1,5,2,16,27/12/2005,1,04,2,1,6,06, , , , , ,1, ,7775,0
00,1022,3,11A218,01,40029,2,1,0,02,-,1,2,1,57,19/03/1965,1,02,3,2,1,01,5,5,3,2,002200,1, ,7775,0
00,1022,3,11A218,01,40029,2,1,0,04,-,1,3,1,41,04/07/1981,1,03,3,2,4,01,7,2,3,1,001500,1,1,7775,31308
00,1022,3,11A218,01,40029,2,1,0,06,-,1,5,2,13,14/12/2008,1,03,2,1,6,06, , , , , ,1, ,7775,0
00,1022,3,11A218,01,40029,2,1,0,03,-,1,3,2,32,14/08/1990,1,02,6,2,5,01,4,4,2,1,000300,1, ,7775,0
00,1022,3,11A218,01,40029,2,1,0,01,-,1,1,2,59,18/12/1962,1,02,6,2,1,01,4,4,2,1,000250,1, ,7775,0
00,1022,3,11A218,01,40029,3,1,0,02,-,1,3,1,30,15/07/1992,1,03,2,2,6,04, , , , , ,1, ,7775,0
00,1022,3,11A218,01,40029,3,1,0,03,-,1,3,1,29,10/12/1992,1,03,2,2,6,01,5,5,3,1,001200,1, ,7775,0
00,1022,3,11A218,01,40029,3,1,0,01,-,1,1,1,62,29/05/1960,1,02,2,2,4,08, , , , , ,1,1,7775,23481
00,1022,3,11A218,01,40029,4,1,0,01,-,1,1,2,34,12/04/1988,1,03,3,2,5,01,5,5,2,1,001200,1,1,7775,23481
00,1022,3,11A218,01,40029,4,1,0,03,-,1,3,1,15,05/01/2007,1,03,2,1,6,06, , , , , ,1, ,7775,0
00,1022,3,11A218,01,40029,4,1,0,02,-,1,2,1,38,06/07/1984,1,03,3,2,5,01,7,2,3,1,002100,1, ,7775,0
00,1022,3,11A218,01,40029,4,1,0,04,-,1,3,1,19,01/01/2003,1,03,3,2,6,01,7,2,3,1,001500,1, ,7775,0
00,1022,3,11A218,01,40029,1,1,0,01,-,1,1,2,39,08/02/1983,1,03,3,2,2,07, , , , , ,1,1,7775,15654
00,1022,3,11A218,01,40029,1,1,0,03,-,1,3,1,11,11/03/2011,1,02,5,1, , , , , , , ,1, ,7775,0
00,1022,3,11A218,01,40029,1,1,0,05,-,1,3,1,01,20/12/2020, , , , , , , , , , , ,1, ,7775,0
00,1022,3,11A218,01,40029,1,1,0,04,-,1,3,1,07,31/07/2015,1,02,1,1, , , , , , , ,1, ,7775,0
00,1022,3,11A218,01,40029,1,1,0,02,-,1,3,2,19,02/08/2003,1,07,1,2,6,01,4,4,3,1,001200,1, ,7775,0
00,1022,3,12A218,01,40095,3,1,0,01,-,1,1,1,65,19/01/1957,1,07,5,2,5,08, , , , , ,1,1,6937,21159
00,1022,3,12A218,01,40095,3,1,0,03,-,1,3,1,30,04/08/1992,1,07,1,1,6,06, , , , , ,1, ,6937,0
00,1022,3,12A218,01,40095,2,1,0,03,-,1,3,1,24,12/05/1998,1,07,1,1,6,01,5,5,3,2,004800,1, ,6937,0
00,1022,3,12A218,01,40095,2,1,0,02,-,1,2,2,56,19/07/1966,1,07,5,2,5,01,1,5,3,2,005600,1,1,6937,21159
00,1022,3,12A218,01,40095,4,1,0,01,-,1,1,2,40,30/07/1982,1,06,3,2,5,01,5,5,3,1,001500,1,1,6937,7053
00,1022,3,12A218,01,40095,4,1,0,02,-,1,3,1,14,08/09/2008,1,03,2,1,6,06, , , , , ,1, ,6937,0
00,1022,3,12A218,01,40095,3,1,0,02,-,1,2,2,68,07/05/1954,1,03,3,2,5,07, , , , , ,1, ,6937,0
00,1022,3,12A218,01,40095,1,1,0,01,-,1,1,2,72,25/01/1950,1,02,6,2,4,07, , , , , ,1,1,6937,7053
00,1022,3,12A218,01,40095,2,1,0,01,-,1,1,1,65,19/01/1957,1,07,5,2,5,01,1,5,3,2,006500,1, ,6937,0
00,1022,6,12A205,01,40165,1,1,0,03,-,1,3,1,31,21/02/1991,1,04,2,2,6,04, , , , , ,1, ,7839,0
00,1022,6,12A205,01,40165,4,1,0,03,-,1,3,1,22,26/06/2000,1,04,3,2,6,01,7,2,3,1,001200,1,1,7839,23909
00,1022,6,12A205,01,40165,4,1,0,02,-,1,2,2,61,25/07/1961,1,04,2,2,5,07, , , , , ,1, ,7839,0
00,1022,6,12A205,01,40165,4,1,0,01,-,1,1,1,57,22/07/1965,1,07,5,2,5,01,4,4,3,1,002000,1, ,7839,0
00,1022,6,12A205,01,40165,3,1,0,04,-,1,3,2,09,21/07/2013,1,02,2,1, , , , , , , ,1, ,7839,0
00,1022,6,12A205,01,40165,3,1,0,03,-,1,3,2,15,22/04/2007,1,02,6,1,6,07, , , , , ,1, ,7839,0
00,1022,6,12A205,01,40165,1,1,0,01,-,1,1,1,61,01/02/1961,1,02,1,2,4,08, , , , , ,1, ,7839,0
00,1022,6,12A205,01,40165,3,1,0,01,-,1,1,2,42,26/01/1980,1,02,6,2,6,01,7,2,3,1,001200,1,1,7839,15940
00,1022,6,12A205,01,40165,2,1,0,03,-,1,3,2,20,26/11/2001,2,00, ,2,6,09, , , , , ,1, ,7839,0
00,1022,6,12A205,01,40165,2,1,0,01,-,1,1,1,46,01/02/1976,1,04,3,2,1,01,7,2,3,1,001200,1, ,7839,0
00,1022,6,12A205,01,40165,2,1,0,02,-,1,2,2,40,09/02/1982,1,03,3,2,1,07, , , , , ,1,1,7839,23909
00,1022,6,12A205,01,40165,1,1,0,02,-,1,3,2,27,10/08/1995,1,07,4,2,6,01,3,2,3,1,001800,1,1,7839,23909
00,1022,6,12A205,01,40165,3,1,0,02,-,1,3,2,18,04/04/2004,1,03,3,2,6,04, , , , , ,1, ,7839,0
00,1022,2,12B211,01,40188,4,1,0,03,-,1,3,2,13,15/09/2009,1,03,1,1,6,06, , , , , ,1, ,7669,0
00,1022,2,12B211,01,40188,4,1,0,01,-,1,1,1,49,24/09/1973,1,04,3,2,5,08, , , , , ,1, ,7669,0
00,1022,2,12B211,01,40188,3,1,0,04,-,1,4,1,00,20/03/2022, , , , , , , , , , , ,1, ,7669,0
00,1022,2,12B211,01,40188,3,1,0,01,-,1,1,2,60,11/03/1962,1,07,5,2,4,08, , , , , ,1,1,7669,15594
00,1022,2,12B211,01,40188,3,1,0,02,-,1,3,2,33,15/09/1989,1,07,5,2,6,01,5,5,3,2,005000,1, ,7669,0
00,1022,2,12B211,01,40188,3,1,0,03,-,1,5,2,08,05/03/2014,1,02,2,1, , , , , , , ,1, ,7669,0
00,1022,2,12B211,01,40188,2,1,0,02,-,1,2,2,30,20/06/1992,1,04,1,2,1,01,7,2,3,1,001200,1, ,7669,0
00,1022,2,12B211,01,40188,2,1,0,04,-,1,4,1,65,15/06/1957,1,02,6,2,4,10, , , , , ,1, ,7669,0
00,1022,2,12B211,01,40188,2,1,0,01,-,1,1,1,29,13/04/1993,1,03,3,2,1,01,7,2,3,1,001500,1,1,7669,23390
00,1022,2,12B211,01,40188,2,1,0,03,-,1,3,1,08,20/08/2014,1,02,2,1, , , , , , , ,1, ,7669,0
00,1022,2,12B211,01,40188,1,1,0,04,-,1,3,1,05,06/09/2017,2,01,2,1, , , , , , , ,1, ,7669,0
00,1022,2,12B211,01,40188,1,1,0,03,-,1,3,1,11,04/01/2011,1,02,5,1, , , , , , , ,1, ,7669,0
00,1022,2,12B211,01,40188,1,1,0,01,-,1,1,1,38,17/07/1984,1,04,3,2,5,01,7,2,3,1,002000,1,1,7669,15594
00,1022,2,12B211,01,40188,4,1,0,02,-,1,2,2,48,16/09/1974,1,03,3,2,5,01,7,2,3,1,001200,1,1,7669,15594
00,1022,2,12B211,01,40188,1,1,0,02,-,1,2,2,32,01/03/1990,1,07,1,2,5,01,7,2,3,1,001500,1, ,7669,0
00,1022,5,13A206,01,40294,3,1,0,02,-,1,2,2,42,15/03/1980,1,07,5,2,1,01,1,5,3,2,006000,1, ,9087,0
00,1022,5,13A206,01,40294,3,1,0,05,-,1,7,1,61,25/11/1960,1,07,5,2,6,01,1,5,5,3,020000,1, ,9087,0
00,1022,5,13A206,01,40294,3,1,0,03,-,1,3,2,09,05/10/2013,1,02,3,1, , , , , , , ,1, ,9087,0
00,1022,5,13A206,01,40294,4,1,0,02,-,1,2,2,46,24/02/1976,1,08,2,2,1,01,1,5,3,2,007000,1, ,9087,0
00,1022,5,13A206,01,40294,3,1,0,01,-,1,1,1,43,26/02/1979,1,04,3,2,1,01,5,5,3,2,005000,1,1,9087,27679
00,1022,5,13A206,01,40294,4,1,0,01,-,1,1,1,47,13/11/1974,1,09,2,2,1,01,1,5,2,3,022000,1,1,9087,18453
00,1022,5,13A206,01,40294,3,1,0,04,-,1,3,1,04,07/05/2018, , , , , , , , , , , ,1, ,9087,0
00,1022,5,11A206,01,40324,1,1,0,01,-,1,1,2,61,16/07/1961,1,02,6,2,6,07, , , , , ,1,1,6915,20883
00,1022,5,11A206,01,40324,1,1,0,04,-,1,5,2,12,12/12/2009,1,02,4,1,6,06, , , , , ,1, ,6915,0
00,1022,5,11A206,01,40324,2,1,0,03,-,1,5,2,11,27/09/2011,1,02,4,1, , , , , , , ,1, ,6915,0
00,1022,5,11A206,01,40324,2,1,0,01,-,1,1,1,64,23/09/1958,1,03,3,2,5,08, , , , , ,1, ,6915,0
00,1022,5,11A206,01,40324,2,1,0,02,-,1,2,2,65,26/11/1956,1,02,6,2,5,07, , , , , ,1,1,6915,13922
00,1022,5,11A206,01,40324,3,1,0,04,-,1,3,1,13,09/09/2009,1,03,1,1,6,06, , , , , ,1, ,6915,0
00,1022,5,11A206,01,40324,3,1,0,01,-,1,1,1,42,07/01/1980,1,04,1,2,5,01,7,2,3,1,002600,1,1,6915,13922
00,1022,5,11A206,01,40324,3,1,0,03,-,1,3,1,16,22/10/2005,1,04,1,1,6,06, , , , , ,1, ,6915,0
00,1022,5,11A206,01,40324,3,1,0,02,-,1,2,2,38,11/05/1984,1,03,3,2,5,07, , , , , ,1, ,6915,0
00,1022,5,11A206,01,40324,4,1,0,02,-,1,6,2,25,18/02/1997,1,07,5,2,6,01,1,5,3,2,005000,1, ,6915,0
00,1022,5,11A206,01,40324,4,1,0,01,-,1,1,1,28,16/03/1994,1,07,5,2,6,01,1,2,3,2,005600,1,1,6915,13922
00,1022,5,11A206,01,40324,1,1,0,02,-,1,3,2,35,24/08/1987,1,03,3,2,6,01,5,5,3,1,001600,1, ,6915,0
00,1022,5,11A206,01,40324,1,1,0,03,-,1,5,2,18,29/09/2004,1,03,3,1,6,06, , , , , ,1, ,6915,0
00,1022,5,11A206,01,40324,1,1,0,05,-,1,5,1,02,18/07/2020, , , , , , , , , , , ,1, ,6915,0
00,1022,1,11B212,01,40350,4,1,0,01,-,1,1,2,68,22/11/1953,1,02,2,1,4,07, , , , , ,1, ,7250,0
00,1022,1,11B212,01,40350,4,1,0,03,-,1,5,2,50,03/06/1972,1,02,6,2,1,01,5,5,2,1,000900,1,1,7250,29195
00,1022,1,11B212,01,40350,3,1,0,01,-,1,1,2,40,13/11/1981,1,02,6,2,5,01,5,5,3,2,004500,1, ,7250,0
00,1022,1,11B212,01,40350,3,1,0,04,-,1,5,2,02,12/12/2019, , , , , , , , , , , ,1, ,7250,0
00,1022,1,11B212,01,40350,3,1,0,06,-,1,5,2,17,31/08/2005,1,04,3,2,1,07, , , , , ,1, ,7250,0
00,1022,1,11B212,01,40350,3,1,0,05,-,1,3,1,20,23/04/2002,1,03,3,2,1,01,7,2,3,1,002200,1, ,7250,0
00,1022,1,11B212,01,40350,3,1,0,03,-,1,3,2,23,15/06/1999,1,07,5,2,1,01,1,5,3,2,005500,1, ,7250,0
00,1022,1,11B212,01,40350,3,1,0,02,-,1,2,1,45,17/06/1977,1,02,6,2,5,01,7,2,3,1,002400,1,1,7250,29195
00,1022,1,11B212,01,40350,2,1,0,04,-,1,3,1,26,02/12/1995,1,04,3,2,6,01,7,2,3,1,002200,1, ,7250,0
00,1022,1,11B212,01,40350,2,1,0,02,-,1,2,2,55,14/08/1967,1,02,6,2,5,01,4,4,2,1,001100,1,1,7250,36494
00,1022,1,11B212,01,40350,2,1,0,03,-,1,3,1,34,18/05/1988,1,04,3,2,6,01,7,2,3,1,002100,1, ,7250,0
00,1022,1,11B212,01,40350,2,1,0,01,-,1,1,1,59,13/01/1963,1,02,6,2,5,01,7,2,3,1,001600,1, ,7250,0
00,1022,1,11B212,01,40350,2,1,0,05,-,1,3,1,20,27/02/2002,1,04,3,2,6,01,7,2,3,1,001900,1, ,7250,0
00,1022,1,11B212,01,40350,1,1,0,01,-,1,1,1,86,24/10/1935,1,02,2,2,4,10, , , , , ,1,1,7250,7299
00,1022,1,11B212,01,40350,4,1,0,02,-,1,3,1,46,11/10/1975,1,02,6,2,1,09, , , , , ,1, ,7250,0
00,1022,1,11B212,01,40350,4,1,0,04,-,1,3,1,40,25/01/1982,1,03,3,2,3,01,5,5,3,1,001200,1, ,7250,0
00,1022,1,13B212,01,40355,3,1,0,03,-,1,3,1,12,20/06/2010,1,02,6,1,6,06, , , , , ,1, ,9703,0
00,1022,1,13B212,01,40355,4,1,0,02,-,1,3,2,21,04/05/2001,1,07,1,2,6,01,5,4,3,2,003200,1,1,9703,29556
00,1022,1,13B212,01,40355,4,1,0,03,-,1,3,2,18,07/09/2004,1,04,2,1,6,06, , , , , ,1, ,9703,0
00,1022,1,13B212,01,40355,4,1,0,01,-,1,1,2,48,17/02/1974,1,06,3,2,3,01,7,2,3,1,001300,1, ,9703,0
00,1022,1,13B212,01,40355,4,1,0,04,-,1,5,2,02,04/07/2020, , , , , , , , , , , ,1, ,9703,0
00,1022,1,13B212,01,40355,3,1,0,04,-,1,3,1,10,06/01/2012,1,02,4,1, , , , , , , ,1, ,9703,0
00,1022,1,13B212,01,40355,3,1,0,05,-,1,3,2,03,10/02/2019, , , , , , , , , , , ,1, ,9703,0
00,1022,1,13B212,01,40355,3,1,0,02,-,1,2,1,35,28/11/1986,1,03,3,2,5,01,5,5,3,2,002700,1,1,9703,19704
00,1022,1,13B212,01,40355,3,1,0,01,-,1,1,2,33,30/08/1989,1,04,3,2,5,07, , , , , ,1, ,9703,0
00,1022,1,13B212,01,40355,2,1,0,03,-,1,3,2,21,05/10/2001,1,07,3,1,6,06, , , , , ,1, ,9703,0
00,1022,1,13B212,01,40355,2,1,0,04,-,1,3,1,19,27/12/2002,1,04,3,1,6,06, , , , , ,1, ,9703,0
00,1022,1,13B212,01,40355,2,1,0,01,-,1,1,1,50,12/04/1972,1,08,2,2,5,01,1,5,3,2,013000,1, ,9703,0
00,1022,1,13B212,01,40355,2,1,0,02,-,1,2,2,54,02/07/1968,1,07,5,2,5,01,5,3,2,2,004000,1,1,9703,39408
00,1022,1,13B212,01,40355,1,1,0,02,-,1,3,2,48,20/08/1974,1,07,5,2,3,01,1,5,3,2,005500,1, ,9703,0
00,1022,1,13B212,01,40355,1,1,0,01,-,1,1,2,73,01/08/1949,1,07,5,2,4,08, , , , , ,1,1,9703,29556
00,1022,1,13B212,01,40355,1,1,0,03,-,1,5,2,24,15/06/1998,1,07,5,2,6,01,5,3,3,2,005000,1, ,9703,0
00,1022,8,11A203,01,40387,4,1,0,01,-,1,1,2,77,18/04/1945,1,02,6,2,4,07, , , , , ,1, ,7744,0
00,1022,8,11A203,01,40387,3,1,0,05,-,1,3,1,05,02/11/2016,2,01,1,1, , , , , , , ,1, ,7744,0
00,1022,8,11A203,01,40387,1,1,0,03,-,1,3,2,01,01/06/2021, , , , , , , , , , , ,1, ,7744,0
00,1022,8,11A203,01,40387,1,1,0,02,-,1,3,1,04,17/03/2018, , , , , , , , , , , ,1, ,7744,0
00,1022,6,11A203,01,40387,2,1,0,03,-,2, , , , , , , , , , , , , , , ,1, ,0,0
00,1022,3,11A203,01,40387,2,1,0,04,-,2, , , , , , , , , , , , , , , ,1, ,0,0
00,1022,8,11A203,01,40387,2,1,0,02,-,1,2,2,47,21/09/1975,1,03,3,2,5,07, , , , , ,1,1,7744,15591
00,1022,8,11A203,01,40387,2,1,0,06,-,1,3,1,14,21/12/2007,1,03,2,1,6,06, , , , , ,1, ,7744,0
00,1022,8,11A203,01,40387,2,1,0,05,-,1,3,2,16,25/01/2006,1,03,3,1,6,06, , , , , ,1, ,7744,0
00,1022,8,11A203,01,40387,2,1,0,01,-,1,1,1,46,28/07/1976,1,03,3,2,5,01,7,4,3,1,002300,1, ,7744,0
00,1022,8,11A203,01,40387,4,1,0,02,-,1,3,1,47,11/12/1974,1,02,6,2,6,04, , , , , ,1,1,7744,15591
00,1022,8,11A203,01,40387,3,1,0,06,-,1,4,2,86,03/06/1936,2,00, ,2,4,09, , , , , ,1, ,7744,0
00,1022,8,11A203,01,40387,3,1,0,04,-,1,3,2,13,05/09/2009,1,02,5,1,6,06, , , , , ,1, ,7744,0
00,1022,8,11A203,01,40387,3,1,0,03,-,1,3,1,14,01/09/2008,1,02,5,1,6,06, , , , , ,1, ,7744,0
00,1022,8,11A203,01,40387,3,1,0,01,-,1,1,1,63,23/08/1959,1,02,2,2,1,07, , , , , ,1,1,7744,23387
00,1022,8,11A203,01,40387,3,1,0,02,-,1,2,2,42,28/05/1980,1,02,2,2,1,01,5,5,2,1,000800,1, ,7744,0
00,1022,8,11A203,01,40387,1,1,0,01,-,1,1,2,42,04/06/1980,1,07,1,2,2,07, , , , , ,1,1,7744,7796
00,1022,4,12A217,01,40411,4,1,0,03,-,1,7,2,21,21/10/2000,1,04,3,1,6,01,5,5,3,1,001400,1,1,6359,19395
00,1022,4,12A217,01,40411,4,1,0,02,-,1,3,2,18,07/07/2004,1,04,3,1,6,06, , , , , ,1, ,6359,0
00,1022,4,12A217,01,40411,2,1,0,01,-,1,1,1,51,20/03/1971,1,07,5,2,5,01,1,5,3,2,007000,1, ,6359,0
00,1022,4,12A217,01,40411,2,1,0,03,-,1,3,2,17,20/04/2005,1,04,1,1,6,06, , , , , ,1, ,6359,0
00,1022,4,12A217,01,40411,2,1,0,02,-,1,2,2,51,10/10/1970,1,07,5,2,5,08, , , , , ,1,1,6359,12930
00,1022,4,12A217,01,40411,1,1,0,02,-,1,2,2,71,06/07/1951,1,02,4,2,5,07, , , , , ,1,1,6359,12930
00,1022,4,12A217,01,40411,1,1,0,01,-,1,1,1,64,02/12/1957,1,02,6,2,5,04, , , , , ,1, ,6359,0
00,1022,4,12A217,01,40411,4,1,0,01,-,1,1,2,55,16/12/1966,1,07,5,2,4,01,5,5,2,1,001500,1, ,6359,0
00,1022,8,12A203,01,40419,3,1,0,03,-,1,3,1,19,30/08/2003,1,03,3,1,6,06, , , , , ,1, ,8440,0
00,1022,8,12A203,01,40419,3,1,0,01,-,1,1,1,47,28/07/1975,1,07,3,2,1,01,5,5,2,1,002600,1,1,8440,25742
00,1022,8,12A203,01,40419,3,1,0,04,-,1,3,2,17,12/11/2004,1,03,3,1,6,06, , , , , ,1, ,8440,0
00,1022,6,12A203,01,40419,4,1,0,01,-,2, , , , , , , , , , , , , , , ,1, ,0,0
00,1022,8,12A203,01,40419,4,1,0,03,-,1,3,1,20,02/04/2002,1,03,3,2,6,01,4,4,3,1,000800,1, ,8440,0
00,1022,8,12A203,01,40419,4,1,0,02,-,1,2,2,48,13/10/1973,2,00, ,2,5,01,4,4,2,1,001600,1,1,8440,17162
00,1022,8,12A203,01,40419,3,1,0,06,-,1,3,2,06,24/02/2016,2,01,1,1, , , , , , , ,1, ,8440,0
00,1022,8,12A203,01,40419,3,1,0,05,-,1,3,2,06,24/02/2016,2,01,1,1, , , , , , , ,1, ,8440,0
00,1022,8,12A203,01,40419,3,1,0,02,-,1,2,2,43,16/12/1978,1,07,3,2,1,01,5,4,3,1,001200,1, ,8440,0
00,1022,8,12A203,01,40419,2,1,0,02,-,1,2,2,27,26/10/1994,1,07,5,2,5,07, , , , , ,1, ,8440,0
00,1022,8,12A203,01,40419,2,1,0,01,-,1,1,1,29,12/02/1993,1,07,5,2,5,01,1,5,3,2,005600,1,1,8440,17162
00,1022,8,12A203,01,40419,2,1,0,03,-,1,3,1,04,17/10/2017, , , , , , , , , , , ,1, ,8440,0
00,1022,8,12A203,01,40419,1,1,0,01,-,1,1,1,56,26/03/1966,1,02,6,2,5,01,5,5,3,1,001600,1, ,8440,0
00,1022,8,12A203,01,40419,1,1,0,03,-,1,3,2,21,03/10/2001,1,07,4,1,6,06, , , , , ,1, ,8440,0
00,1022,8,12A203,01,40419,1,1,0,02,-,1,2,2,53,13/07/1969,1,06,3,2,5,07, , , , , ,1,1,8440,25742
00,1022,7,11A204,02,40034,1,1,0,05,-,1,5,1,04,01/10/2018, , , , , , , , , , , ,1, ,7572,0
00,1022,7,11A204,02,40034,1,1,0,04,-,1,3,2,17,01/01/2005,1,04,1,1,6,06, , , , , ,1, ,7572,0
00,1022,7,11A204,02,40034,4,1,0,03,-,1,3,1,16,07/04/2006,1,03,2,1,6,06, , , , , ,1, ,7572,0
00,1022,7,11A204,02,40034,4,1,0,05,-,1,3,2,11,24/11/2010,1,02,5,1, , , , , , , ,1, ,7572,0
00,1022,7,11A204,02,40034,4,1,0,02,-,1,2,2,46,14/05/1976,1,03,3,2,1,02,5,5,6,5, ,1,1,7572,15246
00,1022,7,11A204,02,40034,4,1,0,04,-,1,3,2,15,13/03/2007,1,03,2,1,6,06, , , , , ,1, ,7572,0
00,1022,7,11A204,02,40034,4,1,0,01,-,1,1,1,55,08/05/1967,1,03,2,2,1,01,5,5,1,1,999999,1, ,7572,0
00,1022,7,11A204,02,40034,3,1,0,02,-,1,3,1,42,29/12/1979,1,03,2,2,6,01,5,5,3,1,002000,1,1,7572,22870
00,1022,7,11A204,02,40034,3,1,0,03,-,1,3,2,25,23/12/1996,1,03,3,2,6,09, , , , , ,1, ,7572,0
00,1022,7,11A204,02,40034,3,1,0,01,-,1,1,2,71,28/07/1951,1,03,1,2,6,07, , , , , ,1, ,7572,0
00,1022,7,11A204,02,40034,1,1,0,03,-,1,5,2,25,15/11/1996,1,04,3,2,1,02,5,5,6,5, ,1,1,7572,22870
00,1022,7,11A204,02,40034,1,1,0,02,-,1,3,1,25,13/10/1997,1,04,3,2,1,01,5,5,2,1,999999,1, ,7572,0
00,1022,7,11A204,02,40034,1,1,0,01,-,1,1,2,47,05/09/1975,1,03,3,2,2,01,7,2,3,1,999999,1, ,7572,0
15,1022,7,13A204,02,40099,3,1,0,03,-,1,3,1,16,30/06/2006,1,04,1,1,6,06, , , , , ,1, ,18354,0
00,1022,7,13A204,02,40099,4,1,0,04,-,1,5,1,16,10/05/2006,1,03,3,1,6,06, , , , , ,1, ,18354,0
00,1022,7,13A204,02,40099,4,1,0,01,-,1,1,2,66,15/06/1956,1,07,5,2,4,01,1,5,2,1,999999,1, ,18354,0
00,1022,7,13A204,02,40099,4,1,0,03,-,1,3,1,47,15/07/1975,1,07,5,2,5,01,1,5,3,1,999999,1,1,18354,133110
15,1022,7,13A204,02,40099,3,1,0,04,-,1,3,2,31,30/06/1991,1,07,5,1,6,01,4,5,3,1,999999,1, ,18354,0
15,1022,7,13A204,02,40099,3,1,0,02,-,1,2,2,63,30/06/1959,1,08,2,2,5,01,1,7,3,2,999999,1,1,18354,0
15,1022,3,13A204,02,40099,3,1,0,01,-,2, , , , , , , , , , , , , , , ,1, ,0,0
00,1022,7,13A204,02,40099,4,1,0,08,-,1,3,2,33,09/09/1989,1,07,5,2,5,01,5,2,2,1,999999,1, ,18354,0
00,1022,7,13A204,02,40099,4,1,0,07,-,1,5,1,31,16/04/1991,1,07,4,2,5,01,5,2,2,1,999999,1, ,18354,0
00,1022,7,13A204,02,40099,4,1,0,09,-,1,5,2,14,23/03/2008,1,03,1,1,6,06, , , , , ,1, ,18354,0
00,1022,7,13A204,02,40099,2,1,0,01,-,1,1,1,74,21/03/1948,1,07,5,2,5,01,1,5,3,2,999999,1,1,18354,53244
00,1022,7,13A204,02,40099,2,1,0,02,-,1,2,2,73,12/04/1949,1,04,3,2,5,07, , , , , ,1, ,18354,0
00,1022,7,13A204,02,40099,4,1,0,02,-,1,3,1,48,01/08/1974,1,07,5,2,5,01,1,5,2,1,999999,1, ,18354,0
00,1022,7,13A204,02,40099,4,1,0,05,-,1,5,1,15,09/06/2007,1,03,2,1,6,06, , , , , ,1, ,18354,0
00,1022,7,13A204,02,40099,4,1,0,06,-,1,5,2,02,21/07/2020, , , , , , , , , , , ,1, ,18354,0
15,1022,7,13A204,02,40099,3,1,0,05,-,1,2,1,64,15/04/1958,1,06,5,2,5,01,1,5,2,1,999999,1, ,18354,0
00,1022,3,11A218,02,40124,3,1,0,02,-,1,2,2,22,03/09/2000,1,06,3,2,5,01,7,2,3,1,002500,1, ,8827,0
00,1022,3,11A218,02,40124,3,1,0,01,-,1,1,1,25,06/12/1996,1,04,3,2,5,01,5,4,3,1,004000,1,1,8827,17772
00,1022,3,11A218,02,40124,4,1,0,01,-,1,1,2,33,20/12/1988,1,03,3,2,6,01,5,5,3,1,999999,1,1,8827,8886
00,1022,3,11A218,02,40124,4,1,0,03,-,1,3,1,05,06/10/2017,2,01,1,1, , , , , , , ,1, ,8827,0
00,1022,3,11A218,02,40124,4,1,0,02,-,1,3,2,12,18/04/2010,1,02,6,1,6,06, , , , , ,1, ,8827,0
00,1022,3,13A218,02,40161,3,1,0,05,-,1,3,1,09,27/12/2012,1,00, ,1, , , , , , , ,1, ,9749,0
00,1022,3,13A218,02,40161,3,1,0,01,-,1,1,1,45,12/10/1976,1,07,5,2,6,01,1,5,3,2,999999,1,1,9749,19796
00,1022,3,13A218,02,40161,3,1,0,03,-,1,3,1,13,21/05/2009,1,02,6,1,6,06, , , , , ,1, ,9749,0
00,1022,3,13A218,02,40161,3,1,0,02,-,1,2,2,37,05/12/1984,1,07,5,2,5,01,1,5,3,2,004000,1, ,9749,0
00,1022,3,13A218,02,40161,3,1,0,04,-,1,3,1,12,25/03/2010,2,00, ,2,6,09, , , , , ,1, ,9749,0
00,1022,3,13A218,02,40161,2,1,0,01,-,1,1,2,43,26/05/1979,1,03,3,2,6,01,7,2,3,1,002100,1,1,9749,29694
00,1022,3,13A218,02,40161,2,1,0,03,-,1,3,2,18,05/10/2004,1,03,3,2,6,07, , , , , ,1, ,9749,0
00,1022,3,13A218,02,40161,2,1,0,02,-,1,6,1,35,02/12/1986,1,03,3,2,3,01,5,3,3,1,999999,1, ,9749,0
00,1022,3,13A218,02,40161,1,1,0,04,-,1,3,1,40,04/04/1982,1,07,4,2,6,01,1,2,3,1,003400,1, ,9749,0
00,1022,3,13A218,02,40161,1,1,0,03,-,1,3,1,38,17/06/1984,1,08,1,2,2,01,5,5,4,1,003500,1,1,9749,39593
00,1022,3,13A218,02,40161,1,1,0,02,-,1,2,2,58,13/10/1963,1,03,3,2,1,07, , , , , ,1, ,9749,0
00,1022,3,13A218,02,40161,1,1,0,01,-,1,1,1,73,03/04/1949,1,02,6,2,4,08, , , , , ,1, ,9749,0
00,1022,2,12B211,02,40191,3,1,0,02,-,2, , , , , , , , , , , , , , , ,1, ,0,0
00,1022,2,12B211,02,40191,3,1,0,01,-,1,1,2,26,30/06/1996,1,03,3,2,1,01,4,4,3,1,999999,1,1,5191,5276
00,1022,2,12B211,02,40191,4,1,0,02,-,1,4,2,96,13/10/1925,1,02,6,2,4,10, , , , , ,1, ,5191,0
00,1022,2,12B211,02,40191,3,1,0,04,-,1,3,1,02,30/06/2020, , , , , , , , , , , ,1, ,5191,0
00,1022,2,12B211,02,40191,3,1,0,03,-,2, , , , , , , , , , , , , , , ,1, ,0,0
00,1022,2,12B211,02,40191,4,1,0,01,-,1,1,1,68,09/07/1954,1,07,5,2,5,08, , , , , ,1,1,5191,15830
00,1022,2,12B211,02,40191,4,1,0,03,-,1,3,1,24,23/04/1998,1,07,5,1,6,06, , , , , ,1, ,5191,0
00,1022,2,11B211,02,40255,3,1,1,01,-,1,1,2,42,06/07/1980,1,03,3,2,2,01,7,2,3,1,002700,1,1,5085,5119
00,1022,2,11B211,02,40255,1,1,0,02,-,1,3,1,17,16/07/2005,1,03,3,2,6,07, , , , , ,1, ,5085,0
00,1022,2,11B211,02,40255,1,1,0,01,-,1,1,1,36,01/01/1986,1,03,3,2,5,01,7,2,3,1,002300,1,1,5085,5119
00,1022,2,11B211,02,40255,4,1,0,02,-,1,2,2,28,05/05/1994,1,02,6,2,1,07, , , , , ,1,1,5085,10239
00,1022,2,11B211,02,40255,4,1,0,03,-,1,3,1,08,22/08/2014,1,02,2,1, , , , , , , ,1, ,5085,0
00,1022,2,11B211,02,40255,4,1,0,04,-,1,3,1,08,22/08/2014,1,02,2,1, , , , , , , ,1, ,5085,0
00,1022,2,11B211,02,40255,4,1,0,01,-,1,1,1,55,17/04/1967,1,03,3,2,1,01,4,4,3,1,999999,1, ,5085,0
00,1022,2,11B211,02,40255,2,1,0,03,-,1,3,1,40,30/06/1982,1,00, ,2,6,10, , , , , ,1, ,5085,0
00,1022,2,11B211,02,40255,2,1,0,01,-,1,1,2,75,30/06/1947,1,02,3,2,5,07, , , , , ,1, ,5085,0
00,1022,2,11B211,02,40255,2,1,0,02,-,1,2,1,71,14/12/1950,1,03,3,2,5,07, , , , , ,1,1,5085,20478
00,1022,2,11B211,02,40255,2,1,0,04,-,1,5,1,18,30/06/2004,1,03,3,2,6,07, , , , , ,1, ,5085,0
00,1022,6,12A205,02,40259,4,1,0,04,-,1,7,2,22,09/01/2000,1,04,3,2,6,01,4,4,3,1,999999,1, ,6922,0
00,1022,6,12A205,02,40259,1,1,0,01,-,1,1,1,44,27/01/1978,1,07,5,2,5,08, , , , , ,1,1,6922,14075
00,1022,6,12A205,02,40259,4,1,0,03,-,1,7,1,33,30/06/1989,1,06,3,2,6,01,5,5,3,2,999999,1, ,6922,0
00,1022,6,12A205,02,40259,2,1,0,03,-,1,2,2,54,07/01/1968,1,03,2,1,5,07, , , , , ,1, ,6922,0
00,1022,6,12A205,02,40259,2,1,0,01,-,1,1,1,53,14/01/1969,1,99, ,2,5,01,5,5,5,1,999999,1, ,6922,0
00,1022,6,12A205,02,40259,2,1,0,02,-,1,3,1,22,29/02/2000,1,04,3,1,6,01,4,4,3,1,999999,1,1,6922,21112
00,1022,6,12A205,02,40259,4,1,0,02,-,1,3,2,27,13/06/1995,1,07,3,2,6,01,1,5,3,1,999999,1,1,6922,28149
00,1022,6,12A205,02,40259,4,1,0,01,-,1,1,2,57,27/09/1965,1,06,3,2,3,01,1,5,3,1,999999,1, ,6922,0
00,1022,6,12A205,02,40259,1,1,0,02,-,1,2,2,44,01/12/1977,1,04,3,2,5,01,4,4,2,1,999999,1, ,6922,0
00,1022,6,12A205,02,40259,3,1,0,01,-,1,1,1,42,18/09/1980,1,07,4,2,3,01,1,5,3,2,040000,1, ,6922,0
00,1022,6,12A205,02,40259,3,1,0,02,-,1,2,2,37,17/09/1985,1,07,5,1,3,01,1,5,3,1,015000,1,1,6922,14075
00,1022,6,12A205,02,40259,3,1,0,03,-,1,3,2,10,02/03/2012,1,02,4,1, , , , , , , ,1, ,6922,0
00,1022,5,11A205,02,40260,3,1,0,02,-,2, , , , , , , , , , , , , , , ,1, ,0,0
00,1022,6,11A205,02,40260,2,1,0,02,-,1,2,2,51,10/07/1971,1,07,5,2,5,01,1,2,3,1,004000,1,1,7717,38845
00,1022,6,11A205,02,40260,2,1,0,03,-,1,3,1,28,15/04/1994,1,07,5,1,6,06, , , , , ,1, ,7717,0
00,1022,6,11A205,02,40260,2,1,0,05,-,1,3,2,21,02/09/2001,1,07,2,1,6,01,7,2,2,3,002000,1, ,7717,0
00,1022,6,11A205,02,40260,2,1,0,04,-,1,3,1,23,24/11/1998,1,07,3,1,6,01,1,2,3,1,999999,1, ,7717,0
00,1022,5,11A205,02,40260,1,1,1,03,-,2, , , , , , , , , , , , , , , ,1, ,0,0
00,1022,6,11A205,02,40260,4,1,0,01,-,1,1,1,63,15/05/1959,1,02,3,2,2,08, , , , , ,1,1,7717,7769
00,1022,5,11A205,02,40260,3,1,0,03,-,2, , , , , , , , , , , , , , , ,1, ,0,0
00,1022,6,11A205,02,40260,3,1,0,01,-,1,1,2,85,15/06/1937,1,02,4,2,4,10, , , , , ,1,1,7717,7769
00,1022,6,11A205,02,40260,1,1,1,02,-,1,2,2,57,07/02/1965,1,03,3,2,5,07, , , , , ,1,1,7717,15538
00,1022,6,11A205,02,40260,1,1,1,01,-,1,1,1,64,15/10/1957,1,03,3,2,5,08, , , , , ,1, ,7717,0
00,1022,6,11A205,02,40260,2,1,0,01,-,1,1,1,56,24/03/1966,1,03,3,2,5,01,4,4,3,1,999999,1, ,7717,0
00,1022,4,11A217,02,40313,3,1,0,02,-,1,3,2,40,08/09/1982,1,07,1,2,5,01,7,2,3,1,002000,1, ,7030,0
00,1022,4,11A217,02,40313,3,1,0,01,-,1,1,2,58,13/03/1964,1,02,6,2,4,03,7,2,3,1,002000,1, ,7030,0
00,1022,4,11A217,02,40313,3,1,0,03,-,1,3,2,28,25/07/1994,1,03,3,2,1,01,7,2,3,1,002000,1,1,7030,28309
00,1022,4,11A217,02,40313,3,1,0,07,-,1,5,1,45,23/08/1977,1,04,3,2,1,01,7,2,3,1,002000,1, ,7030,0
00,1022,4,11A217,02,40313,3,1,0,04,-,1,5,1,17,23/12/2004,1,04,3,2,6,07, , , , , ,1, ,7030,0
00,1022,4,11A217,02,40313,3,1,0,05,-,1,5,2,13,15/06/2009,1,03,1,1,6,06, , , , , ,1, ,7030,0
00,1022,4,11A217,02,40313,3,1,0,06,-,1,5,2,08,25/04/2014,1,02,2,1, , , , , , , ,1, ,7030,0
00,1022,4,11A217,02,40313,4,1,0,01,-,1,1,1,29,13/11/1992,1,07,5,2,6,01,1,3,1,1,004000,1,1,7030,7077
00,1022,8,13A203,02,40349,4,1,0,02,-,1,2,1,32,25/07/1990,1,04,3,2,5,01,5,5,3,1,001800,1, ,8509,0
00,1022,8,13A203,02,40349,3,1,0,04,-,1,3,1,22,12/09/2000,1,04,3,1,6,01,4,4,3,1,999999,1,1,8509,36285
00,1022,8,13A203,02,40349,3,1,0,02,-,1,2,2,53,17/07/1969,1,04,3,2,1,07, , , , , ,1, ,8509,0
00,1022,8,13A203,02,40349,3,1,0,01,-,1,1,1,45,17/01/1977,1,03,3,2,1,01,5,2,1,1,999999,1, ,8509,0
00,1022,8,13A203,02,40349,4,1,0,03,-,1,3,1,03,03/04/2019, , , , , , , , , , , ,1, ,8509,0
00,1022,8,13A203,02,40349,4,1,0,04,-,1,3,1,05,20/12/2016,2,00, ,1, , , , , , , ,1, ,8509,0
15,1022,8,13A203,02,40349,1,1,1,02,-,1,2,2,32,10/05/1990,1,07,5,2,1,07, , , , , ,1, ,8509,0
15,1022,8,13A203,02,40349,1,1,1,01,-,1,1,1,41,06/04/1981,1,09,4,2,1,01,1,5,3,2,999999,1,1,8509,0
00,1022,8,13A203,02,40349,3,1,0,03,-,1,3,1,13,21/04/2009,1,02,6,1,6,06, , , , , ,1, ,8509,0
00,1022,8,13A203,02,40349,4,1,0,01,-,1,1,2,28,27/11/1993,1,04,3,2,6,07, , , , , ,1,1,8509,24189
00,1022,4,12A217,02,40375,1,1,0,02,-,1,2,2,39,05/02/1983,1,07,5,2,5,04, , , , , ,1, ,6262,0
00,1022,4,12A217,02,40375,2,1,0,03,-,1,3,1,10,30/06/2012,2,02,1,1, , , , , , , ,1, ,6262,0
00,1022,4,12A217,02,40375,1,1,0,01,-,1,1,1,35,10/06/1987,1,07,2,2,5,01,5,5,3,1,999999,1,1,6262,12732
00,1022,4,12A217,02,40375,4,1,0,01,-,1,1,1,84,04/02/1938,1,02,6,2,4,07, , , , , ,1,1,6262,6367
00,1022,4,12A217,02,40375,2,1,0,02,-,1,2,2,28,30/06/1994,1,99, ,2,6,07, , , , , ,1, ,6262,0
00,1022,4,12A217,02,40375,2,1,0,01,-,1,1,1,31,30/09/1991,1,03,3,2,6,01,5,5,2,1,999999,1,1,6262,12732
00,1022,8,11A203,02,40381,4,1,0,02,-,1,2,2,59,18/09/1963,1,04,2,2,5,01,5,2,3,1,002400,1,1,8396,16905
00,1022,8,11A203,02,40381,4,1,0,01,-,1,1,1,59,26/09/1963,1,04,2,2,5,04, , , , , ,1, ,8396,0
00,1022,8,11A203,02,40381,3,1,0,01,-,1,1,1,25,24/12/1996,1,07,2,1,6,01,3,5,3,1,002500,1,1,8396,8452
00,1022,8,11A203,02,40381,2,1,1,03,-,1,3,1,01,23/12/2020, , , , , , , , , , , ,1, ,8396,0
00,1022,8,11A203,02,40381,2,1,1,01,-,1,1,1,23,03/09/1999,1,03,3,2,1,01,5,5,2,1,999999,1, ,8396,0
00,1022,8,11A203,02,40381,2,1,1,02,-,1,2,2,23,16/07/1999,1,03,3,2,1,07, , , , , ,1,1,8396,16905
00,1022,8,11A203,02,40381,1,1,0,07,-,1,4,1,74,02/11/1947,1,00, ,2,5,07, , , , , ,1, ,8396,0
00,1022,8,11A203,02,40381,1,1,0,06,-,1,4,2,61,30/05/1961,1,00, ,2,5,07, , , , , ,1, ,8396,0
00,1022,8,11A203,02,40381,1,1,0,08,-,1,6,1,43,28/04/1979,1,03,3,2,6,09, , , , , ,1, ,8396,0
00,1022,8,11A203,02,40381,1,1,0,04,-,1,3,2,12,24/07/2010,1,02,4,1,6,06, , , , , ,1, ,8396,0
00,1022,8,11A203,02,40381,1,1,0,01,-,1,1,2,34,04/04/1988,1,04,3,2,5,01,4,4,3,1,001200,1, ,8396,0
00,1022,8,11A203,02,40381,1,1,0,05,-,1,3,2,05,04/02/2017,1,01,3,1, , , , , , , ,1, ,8396,0
00,1022,8,11A203,02,40381,1,1,0,03,-,1,3,1,10,27/12/2011,1,02,3,1, , , , , , , ,1, ,8396,0
00,1022,8,11A203,02,40381,1,1,0,02,-,1,2,1,34,08/07/1988,1,04,3,2,5,01,5,6,2,1,001400,1,1,8396,42262
00,1022,1,12B212,02,40382,2,1,0,03,-,1,3,1,33,09/06/1989,1,07,4,2,6,01,3,6,3,1,999999,1, ,7167,0
00,1022,1,12B212,02,40382,2,1,0,02,-,1,2,2,58,05/12/1963,1,03,3,2,5,07, , , , , ,1,1,7167,21859
00,1022,1,12B212,02,40382,2,1,0,01,-,1,1,1,64,04/12/1957,1,07,4,2,5,08, , , , , ,1, ,7167,0
00,1022,1,12B212,02,40382,4,1,0,01,-,1,1,1,36,14/02/1986,1,07,4,2,1,01,1,2,3,1,999999,1,1,7167,14573
00,1022,1,12B212,02,40382,4,1,0,04,-,1,3,2,02,12/04/2020, , , , , , , , , , , ,1, ,7167,0
00,1022,1,12B212,02,40382,4,1,0,02,-,1,2,2,35,24/03/1987,1,08,2,2,1,01,1,5,2,1,999999,1, ,7167,0
00,1022,1,12B212,02,40382,4,1,0,03,-,1,3,2,04,17/10/2017, , , , , , , , , , , ,1, ,7167,0
00,1022,5,12A206,02,40391,1,1,0,02,-,1,2,2,32,30/06/1990,1,07,3,2,1,07, , , , , ,1,1,16286,33112
00,1022,5,12A206,02,40391,1,1,0,01,-,1,1,1,49,02/11/1972,1,07,3,2,1,03,5,7,3,2,999999,1, ,16286,0
00,1022,5,12A206,02,40391,1,1,0,03,-,1,3,1,05,03/04/2017,1,01,2,1, , , , , , , ,1, ,16286,0
00,1022,5,12A206,02,40391,2,1,0,04,-,1,3,1,07,26/12/2014,1,01,2,1, , , , , , , ,1, ,16286,0
00,1022,5,12A206,02,40391,2,1,0,01,-,1,1,2,43,14/04/1979,1,08,2,2,4,01,1,4,1,3,999999,1,1,16286,33112
00,1022,5,12A206,02,40391,2,1,0,03,-,1,3,2,12,26/09/2010,1,02,5,1,6,06, , , , , ,1, ,16286,0
00,1022,5,12A206,02,40391,2,1,0,02,-,1,9,2,19,15/06/2003,1,03,3,2,6,01,5,5,3,1,002000,1, ,16286,0
00,1022,7,12A204,03,40002,2,1,0,02,-,1,2,2,52,04/09/1970,1,07,4,2,5,02,4,4,6,5, ,1, ,6858,0
00,1022,7,12A204,03,40002,3,1,1,01,-,1,1,1,24,04/01/1998,1,07,2,2,6,01,5,5,3,1,004200,1,1,6858,6972
00,1022,7,12A204,03,40002,2,1,0,01,-,1,1,1,56,19/01/1966,1,07,2,2,5,01,4,4,2,1,002000,1,1,6858,13944
00,1022,3,12A218,03,40082,1,1,0,01,-,1,1,1,55,14/10/1966,1,03,2,2,5,01,5,5,3,2,999999,1, ,10141,0
00,1022,3,12A218,03,40082,4,1,0,01,-,1,1,2,37,05/10/1985,1,03,3,2,6,01,5,5,2,1,999999,1,1,10141,20618
00,1022,3,12A218,03,40082,4,1,0,03,-,1,3,1,15,11/02/2007,1,03,3,1,6,06, , , , , ,1, ,10141,0
00,1022,3,12A218,03,40082,4,1,0,02,-,1,3,1,18,16/08/2004,1,04,2,1,6,06, , , , , ,1, ,10141,0
00,1022,3,12A218,03,40082,2,1,0,01,-,1,1,1,27,12/07/1995,1,03,3,2,1,01,5,5,3,2,004500,1, ,10141,0
00,1022,3,12A218,03,40082,2,1,0,02,-,1,2,2,26,21/06/1996,1,07,2,2,1,07, , , , , ,1,1,10141,20618
00,1022,3,12A218,03,40082,2,1,0,04,-,1,3,2,00,09/08/2022, , , , , , , , , , , ,1, ,10141,0
00,1022,3,12A218,03,40082,2,1,0,03,-,1,3,1,04,07/06/2018, , , , , , , , , , , ,1, ,10141,0
00,1022,3,12A218,03,40082,3,1,0,03,-,1,3,2,09,10/05/2013,1,02,3,1, , , , , , , ,1, ,10141,0
00,1022,3,12A218,03,40082,3,1,0,02,-,1,3,1,11,16/07/2011,1,02,5,1, , , , , , , ,1, ,10141,0
00,1022,3,12A218,03,40082,3,1,0,01,-,1,1,2,36,17/09/1986,1,04,3,2,6,01,5,5,3,2,004300,1,1,10141,10310
00,1022,3,12A218,03,40082,1,1,0,03,-,1,3,2,17,12/02/2005,1,04,2,1,6,06, , , , , ,1, ,10141,0
00,1022,3,12A218,03,40082,1,1,0,02,-,1,2,2,53,12/08/1969,1,03,2,2,5,01,7,2,2,1,000500,1,1,10141,20618
00,1022,6,12A205,03,40170,1,1,0,02,-,1,2,2,32,07/12/1989,1,07,5,2,1,07, , , , , ,1, ,9976,0
00,1022,6,12A205,03,40170,1,1,0,01,-,1,1,1,35,14/11/1986,1,07,4,2,1,01,1,5,3,1,007000,1,1,9976,20284
00,1022,6,12A205,03,40170,4,1,0,01,-,1,1,2,58,05/10/1964,1,08,2,2,2,01,5,5,2,2,003000,1,1,9976,10143
00,1022,6,12A205,03,40170,3,1,0,01,-,1,1,1,35,20/08/1987,1,07,4,2,6,01,1,3,3,2,999999,1,1,9976,10143
00,1022,6,12A205,03,40170,2,1,0,01,-,1,1,2,50,01/11/1971,1,08,1,2,6,01,1,5,2,2,999999,1,1,9976,10143
00,1022,6,12A205,03,40170,1,1,0,03,-,1,3,2,01,30/09/2021, , , , , , , , , , , ,1, ,9976,0
00,1022,1,11B212,03,40192,2,1,0,02,-,1,8,2,23,16/03/1999,1,07,4,1,6,01,1,5,3,2,003000,1, ,7737,0
00,1022,1,11B212,03,40192,2,1,0,01,-,1,1,2,21,18/09/2001,1,07,2,1,6,06, , , , , ,1,1,7737,15577
00,1022,1,11B212,03,40192,4,1,0,03,-,1,3,1,11,02/09/2011,1,02,5,1, , , , , , , ,1, ,7737,0
00,1022,1,11B212,03,40192,1,1,0,01,-,1,1,1,32,13/08/1990,2,04,3,2,6,01,5,5,2,2,003000,1,1,7737,7789
00,1022,1,11B212,03,40192,3,1,0,04,-,1,7,2,49,17/06/1973,1,04,3,2,6,01,4,4,2,1,999999,1, ,7737,0
00,1022,1,11B212,03,40192,3,1,0,03,-,1,2,2,38,25/07/1984,1,07,5,2,5,01,1,7,3,2,999999,1,1,7737,31155
00,1022,1,11B212,03,40192,3,1,0,01,-,1,1,1,47,08/10/1975,1,07,5,2,5,03,1,7,3,2,999999,1, ,7737,0
00,1022,1,11B212,03,40192,4,1,0,01,-,1,1,2,37,27/02/1985,1,07,5,2,6,01,1,5,3,2,999999,1,1,7737,7789
00,1022,1,11B212,03,40192,4,1,0,02,-,1,3,1,16,16/05/2006,1,04,1,1,6,06, , , , , ,1, ,7737,0
00,1022,1,11B212,03,40192,3,1,0,02,-,1,4,2,66,01/09/1956,2,00, ,2,4,07, , , , , ,1, ,7737,0
00,1022,2,12B211,03,40249,2,1,0,02,-,1,2,2,22,30/11/1999,1,07,2,1,6,06, , , , , ,1, ,7825,0
00,1022,2,12B211,03,40249,1,1,0,02,-,1,2,2,24,13/11/1997,1,07,4,2,5,07, , , , , ,1, ,7825,0
00,1022,2,12B211,03,40249,1,1,0,01,-,1,1,1,27,13/02/1995,1,07,4,2,5,01,1,7,3,2,014000,1,1,7825,15911
00,1022,2,12B211,03,40249,1,1,0,03,-,1,3,1,00,25/02/2022, , , , , , , , , , , ,1, ,7825,0
00,1022,2,12B211,03,40249,2,1,0,01,-,1,1,1,21,06/08/2001,1,04,3,2,5,01,7,3,2,1,004000,1,1,7825,15911
00,1022,2,12B211,03,40249,4,1,0,04,-,1,3,2,15,15/05/2007,1,03,3,1,6,06, , , , , ,1, ,7825,0
00,1022,2,12B211,03,40249,4,1,0,03,-,1,3,2,17,26/01/2005,1,04,3,1,6,06, , , , , ,1, ,7825,0
00,1022,2,12B211,03,40249,3,1,0,03,-,1,3,2,13,27/10/2008,1,03,2,1,6,06, , , , , ,1, ,7825,0
00,1022,2,12B211,03,40249,3,1,0,02,-,1,3,2,16,28/03/2006,1,03,3,1,6,06, , , , , ,1, ,7825,0
00,1022,2,12B211,03,40249,3,1,0,01,-,1,1,2,37,02/10/1985,1,06,2,2,2,01,5,7,3,2,003000,1,1,7825,7955
00,1022,2,12B211,03,40249,4,1,0,01,-,1,1,1,41,26/08/1981,1,03,3,2,5,01,5,5,2,1,003000,1,1,7825,15911
00,1022,2,12B211,03,40249,4,1,0,02,-,1,2,2,45,17/12/1976,1,04,3,2,5,07, , , , , ,1, ,7825,0
00,1022,8,13A203,03,40277,3,1,0,02,-,1,2,2,48,19/01/1974,1,04,2,2,5,01,4,4,5,3,001000,1, ,12533,0
00,1022,8,13A203,03,40277,3,1,0,01,-,1,1,1,47,24/12/1974,1,07,5,2,5,01,1,1,3,1,004000,1,1,12533,38174
00,1022,8,13A203,03,40277,4,1,0,02,-,1,3,2,47,01/08/1975,1,06,2,2,6,01,5,5,3,1,001200,1, ,12533,0
00,1022,8,13A203,03,40277,4,1,0,05,-,1,5,2,03,20/10/2018, , , , , , , , , , , ,1, ,12533,0
00,1022,8,13A203,03,40277,4,1,0,03,-,1,2,2,71,02/11/1950,1,02,3,2,5,07, , , , , ,1,1,12533,38174
00,1022,8,13A203,03,40277,4,1,0,01,-,1,1,1,71,02/01/1951,1,02,3,2,5,08, , , , , ,1, ,12533,0
00,1022,2,13A203,03,40277,4,1,0,04,-,2, , , , , , , , , , , , , , , ,1, ,0,0
00,1022,8,13A203,03,40277,3,1,0,03,-,1,3,1,25,26/06/1997,1,04,2,2,6,01,7,2,3,1,001500,1, ,12533,0
00,1022,5,13A206,03,40283,4,1,0,01,-,1,1,2,65,05/05/1957,1,04,1,2,5,01,5,5,3,1,001500,1,1,10389,21097
00,1022,5,13A206,03,40283,3,1,0,01,-,1,1,1,81,01/03/1941,1,08,2,2,4,08, , , , , ,1,1,10389,10548
00,1022,5,13A206,03,40283,4,1,0,02,-,1,3,1,36,19/02/1986,1,07,1,2,6,04, , , , , ,1, ,10389,0
00,1022,5,13A206,03,40283,2,1,0,01,-,1,1,1,37,12/12/1984,1,08,2,2,6,01,1,5,3,1,001200,1,1,10389,10548
00,1022,5,13A206,03,40283,2,1,0,02,-,2, , , , , , , , , , , , , , , ,1, ,0,0
00,1022,2,12A217,03,40295,4,1,0,02,-,2, , , , , , , , , , , , , , , ,1, ,0,0
00,1022,4,12A217,03,40295,4,1,0,01,-,1,1,1,63,15/12/1958,1,03,3,2,6,01,5,5,3,1,002000,1,1,7645,7772
00,1022,4,12A217,03,40295,2,1,0,01,-,1,1,1,69,28/03/1953,1,02,6,2,4,01,7,2,2,1,000800,1,1,7645,7772
00,1022,4,12A217,03,40295,1,1,0,03,-,1,3,1,30,09/06/1992,1,07,4,2,6,01,1,5,3,2,999999,1,1,7645,23317
00,1022,4,12A217,03,40295,1,1,0,01,-,1,1,1,72,13/11/1949,1,07,4,2,5,08, , , , , ,1, ,7645,0
00,1022,4,12A217,03,40295,3,1,0,01,-,1,1,1,80,08/09/1942,1,02,5,2,6,09, , , , , ,1,1,7645,7772
00,1022,4,12A217,03,40295,1,1,0,02,-,1,2,2,56,14/10/1965,1,03,3,2,5,07, , , , , ,1, ,7645,0
00,1022,1,13B212,03,40304,2,1,0,04,-,1,5,2,18,16/02/2004,1,04,3,2,6,01,5,5,3,1,000500,1,1,9500,38583
00,1022,1,13B212,03,40304,1,1,0,02,-,1,3,2,14,21/02/2008,1,03,2,1,6,06, , , , , ,1, ,9500,0
00,1022,1,13B212,03,40304,1,1,0,01,-,1,1,2,37,05/01/1985,1,07,3,2,6,01,1,5,3,2,999999,1,1,9500,9646
00,1022,1,13B212,03,40304,1,1,0,03,-,1,3,1,07,15/04/2015,1,02,1,1, , , , , , , ,1, ,9500,0
00,1022,1,13B212,03,40304,4,1,0,02,-,1,3,2,28,19/01/1994,1,07,5,2,6,01,2,5,3,2,999999,1, ,9500,0
00,1022,1,13B212,03,40304,4,1,0,01,-,1,1,2,54,06/01/1968,1,03,3,2,6,07, , , , , ,1,1,9500,28937
00,1022,1,13B212,03,40304,2,1,0,01,-,1,1,1,75,30/04/1947,1,03,2,2,5,08, , , , , ,1, ,9500,0
00,1022,1,13B212,03,40304,3,1,0,01,-,1,1,2,50,29/07/1972,1,04,2,2,5,07, , , , , ,1, ,9500,0
00,1022,1,13B212,03,40304,3,1,0,02,-,1,2,1,51,09/09/1971,1,07,3,1,5,01,3,7,3,2,007500,1, ,9500,0
00,1022,1,13B212,03,40304,3,1,0,03,-,1,3,1,22,20/09/2000,2,07,2,2,6,01,5,5,3,2,003700,1, ,9500,0
00,1022,1,13B212,03,40304,3,1,0,04,-,1,4,2,78,29/10/1943,1,02,6,2,4,07, , , , , ,1,1,9500,38583
00,1022,1,13B212,03,40304,2,1,0,03,-,1,3,2,47,12/06/1975,1,07,4,2,6,01,1,5,3,2,005000,1, ,9500,0
00,1022,1,13B212,03,40304,2,1,0,02,-,1,2,2,72,13/01/1950,1,03,3,2,5,07, , , , , ,1, ,9500,0
00,1022,1,13B212,03,40304,4,1,0,03,-,1,3,2,26,08/08/1996,1,08,1,1,6,01,3,5,3,2,999999,1, ,9500,0
00,1022,5,11A206,03,40307,3,1,0,01,-,1,1,1,39,18/08/1983,1,07,5,2,5,01,2,7,3,2,999999,1,1,8119,24521
00,1022,5,11A206,03,40307,3,1,0,04,-,1,3,1,11,28/12/2010,1,02,5,1, , , , , , , ,1, ,8119,0
00,1022,5,11A206,03,40307,3,1,0,03,-,1,3,2,18,24/04/2004,1,04,2,1,6,06, , , , , ,1, ,8119,0
00,1022,5,11A206,03,40307,3,1,0,05,-,1,3,2,09,23/09/2013,1,02,2,1, , , , , , , ,1, ,8119,0
00,1022,5,11A206,03,40307,4,1,0,05,-,1,3,1,13,18/04/2009,1,02,6,1,6,06, , , , , ,1, ,8119,0
00,1022,5,11A206,03,40307,4,1,0,04,-,1,3,1,18,21/09/2004,1,03,3,2,6,04, , , , , ,1, ,8119,0
00,1022,5,11A206,03,40307,4,1,0,01,-,1,1,1,51,18/10/1970,1,03,3,2,5,01,5,5,2,1,001000,1,1,8119,40869
00,1022,5,11A206,03,40307,4,1,0,03,-,1,3,2,23,29/05/1999,1,04,3,2,6,01,4,4,3,1,001200,1, ,8119,0
00,1022,5,11A206,03,40307,4,1,0,02,-,1,2,2,46,09/01/1976,1,03,3,2,5,01,5,5,3,1,002200,1, ,8119,0
00,1022,5,11A206,03,40307,4,1,0,06,-,1,3,2,24,26/11/1997,1,03,3,2,6,01,5,5,3,1,001500,1, ,8119,0
00,1022,5,11A206,03,40307,3,1,0,02,-,1,2,2,38,09/05/1984,1,04,3,2,5,01,1,5,3,2,999999,1, ,8119,0
00,1022,5,11A206,03,40307,2,1,0,01,-,1,1,1,47,16/02/1975,1,04,3,2,5,01,7,2,2,1,002000,1,1,8119,16348
00,1022,5,11A206,03,40307,2,1,0,02,-,1,2,2,47,29/05/1975,1,02,6,2,5,07, , , , , ,1, ,8119,0
00,1022,7,11A204,04,40085,1,1,0,02,-,1,3,1,33,18/06/1989,1,02,5,2,1,01,6,1,3,1,001400,1, ,7109,0
00,1022,7,11A204,04,40085,4,1,0,03,-,1,3,1,11,01/10/2011,1,02,4,1, , , , , , , ,1, ,7109,0
00,1022,7,11A204,04,40085,1,1,0,03,-,1,3,2,19,04/12/2002,1,04,2,1,6,06, , , , , ,1, ,7109,0
00,1022,7,11A204,04,40085,1,1,0,08,-,1,5,2,35,05/03/1987,1,03,3,2,1,01,4,4,3,1,001200,1, ,7109,0
00,1022,7,11A204,04,40085,1,1,0,09,-,1,5,2,10,07/12/2011,1,02,2,1, , , , , , , ,1, ,7109,0
00,1022,7,11A204,04,40085,1,1,0,01,-,1,1,2,58,08/01/1964,1,03,3,2,1,07, , , , , ,1, ,7109,0
00,1022,7,11A204,04,40085,1,1,0,10,-,1,5,2,09,17/10/2013,2,02,1,1, , , , , , , ,1, ,7109,0
00,1022,7,11A204,04,40085,1,1,0,04,-,1,2,1,45,11/11/1976,2,00, ,2,1,01,6,1,3,1,001400,1, ,7109,0
00,1022,7,11A204,04,40085,1,1,0,07,-,1,3,1,39,07/07/1983,1,03,3,2,1,01,5,5,3,1,001200,1, ,7109,0
00,1022,7,11A204,04,40085,1,1,0,05,-,1,5,2,31,10/04/1991,1,99, ,2,1,01,5,5,3,1,000800,1, ,7109,0
00,1022,7,11A204,04,40085,2,1,0,02,-,1,3,1,29,15/10/1992,1,04,3,2,6,05, , , , , ,1, ,7109,0
00,1022,7,11A204,04,40085,2,1,0,01,-,1,1,2,49,09/08/1973,1,03,3,2,6,01,5,5,3,1,000900,1,1,7109,14314
00,1022,7,11A204,04,40085,2,1,0,03,-,1,3,2,11,02/08/2011,1,02,4,1, , , , , , , ,1, ,7109,0
00,1022,7,11A204,04,40085,1,1,0,06,-,1,5,2,15,22/07/2007,1,02,6,2,6,07, , , , , ,1, ,7109,0
00,1022,7,11A204,04,40085,4,1,0,02,-,1,3,2,16,21/09/2006,1,03,3,1,6,06, , , , , ,1, ,7109,0
00,1022,7,11A204,04,40085,4,1,0,01,-,1,1,2,34,15/08/1988,1,07,3,2,3,01,3,5,3,2,002000,1,1,7109,7157
00,1022,7,11A204,04,40085,3,1,0,02,-,1,4,2,90,27/09/1932,1,02,3,2,4,10, , , , , ,1, ,7109,0
00,1022,7,11A204,04,40085,3,1,0,01,-,1,1,1,59,23/12/1962,1,03,3,2,5,01,5,2,3,1,001800,1,1,7109,35784
00,1022,7,11A204,04,40085,3,1,0,04,-,1,3,2,31,13/07/1991,1,07,5,1,6,06, , , , , ,1, ,7109,0
00,1022,7,11A204,04,40085,3,1,0,03,-,1,2,2,61,21/03/1961,1,04,2,2,5,01,4,4,2,1,001000,1, ,7109,0
00,1022,7,11A204,04,40085,1,1,0,11,-,1,7,1,40,03/06/1982,1,02,6,2,3,01,7,3,3,1,001400,1,1,7109,57255
00,1022,7,11A204,04,40085,3,1,0,05,-,1,3,2,21,04/03/2001,1,07,2,1,6,06, , , , , ,1, ,7109,0
15,1022,5,12A206,04,40087,4,1,0,02,-,1,6,2,63,18/03/1959,1,02,6,2,6,07, , , , , ,1, ,6169,0
15,1022,5,12A206,04,40087,1,1,0,01,-,1,1,2,60,08/09/1962,1,07,5,2,4,07, , , , , ,1, ,6169,0
15,1022,5,12A206,04,40087,1,1,0,02,-,1,3,1,34,14/04/1988,1,08,2,2,6,03,9,9,9,2,999999,1, ,6169,0
15,1022,5,12A206,04,40087,4,1,0,01,-,1,1,1,65,13/01/1957,1,02,6,2,6,08, , , , , ,1, ,6169,0
00,1022,5,12A206,04,40087,3,1,0,01,-,1,1,2,50,09/02/1972,1,06,3,2,4,01,5,5,2,1,000500,1,1,6169,6272
00,1022,5,12A206,04,40087,3,1,0,03,-,1,3,1,12,20/05/2010,1,02,5,1,6,06, , , , , ,1, ,6169,0
00,1022,5,12A206,04,40087,3,1,0,02,-,1,3,2,17,19/10/2004,1,03,3,1,6,06, , , , , ,1, ,6169,0
00,1022,6,12A205,04,40116,1,1,0,04,-,1,5,2,36,20/10/1985,1,07,4,2,5,01,3,5,3,2,999999,1, ,7853,0
00,1022,6,12A205,04,40116,1,1,0,01,-,1,1,1,63,18/04/1959,1,07,5,2,5,08, , , , , ,1,1,7853,39916
00,1022,6,12A205,04,40116,1,1,0,06,-,1,3,1,32,05/04/1990,1,07,6,2,6,05, , , , , ,1, ,7853,0
00,1022,5,12A205,04,40116,2,1,0,02,-,2, , , , , , , , , , , , , , , ,1, ,0,0
00,1022,6,12A205,04,40116,2,1,0,01,-,1,1,1,63,11/05/1959,1,07,4,2,1,08, , , , , ,1,1,7853,7983
00,1022,4,12A205,04,40116,4,1,0,04,-,2, , , , , , , , , , , , , , , ,1, ,0,0
00,1022,6,12A205,04,40116,4,1,0,02,-,1,2,2,60,09/12/1961,1,04,3,2,5,07, , , , , ,1, ,7853,0
00,1022,6,12A205,04,40116,4,1,0,03,-,1,3,2,31,08/01/1991,1,08,3,2,6,05, , , , , ,1,1,7853,31933
00,1022,6,12A205,04,40116,4,1,0,05,-,1,3,2,29,11/06/1993,1,07,4,2,6,05, , , , , ,1, ,7853,0
00,1022,6,12A205,04,40116,4,1,0,01,-,1,1,1,65,15/05/1957,1,07,4,2,5,07, , , , , ,1, ,7853,0
00,1022,6,12A205,04,40116,3,1,2,01,-,1,1,1,36,21/08/1986,1,03,3,2,6,04, , , , , ,1,1,7853,7983
00,1022,6,12A205,04,40116,1,1,0,03,-,1,3,1,36,18/08/1986,1,07,4,2,5,01,5,5,3,3,999999,1, ,7853,0
00,1022,6,12A205,04,40116,1,1,0,05,-,1,5,1,08,18/05/2014,1,02,1,1, , , , , , , ,1, ,7853,0
00,1022,6,12A205,04,40116,1,1,0,02,-,1,2,2,57,10/06/1965,1,03,3,2,5,07, , , , , ,1, ,7853,0
00,1022,3,11A218,04,40136,1,1,0,02,-,1,3,1,08,08/07/2014,1,02,3,1, , , , , , , ,1, ,7194,0
00,1022,3,11A218,04,40136,4,1,0,02,-,1,2,2,45,26/03/1977,1,04,3,2,5,01,3,4,3,1,001200,1,1,7194,21725
00,1022,3,11A218,04,40136,1,1,0,04,-,1,3,2,02,25/09/2020, , , , , , , , , , , ,1, ,7194,0
00,1022,3,11A218,04,40136,1,1,0,01,-,1,1,1,39,12/01/1983,1,07,5,2,5,01,3,4,2,2,999999,1, ,7194,0
00,1022,3,11A218,04,40136,2,1,0,01,-,1,1,2,63,11/02/1959,1,03,3,2,4,07, , , , , ,1, ,7194,0
00,1022,3,11A218,04,40136,2,1,0,03,-,1,3,1,27,27/04/1995,1,04,2,2,6,01,3,5,3,1,001700,1, ,7194,0
00,1022,3,11A218,04,40136,2,1,0,02,-,1,3,2,34,25/07/1988,1,04,3,2,6,01,4,4,3,2,002000,1,1,7194,21725
00,1022,3,11A218,04,40136,2,1,0,04,-,1,5,1,01,22/04/2021, , , , , , , , , , , ,1, ,7194,0
00,1022,3,11A218,04,40136,3,1,0,02,-,1,3,1,19,09/09/2003,1,04,3,2,6,01,5,5,3,1,001200,1, ,7194,0
00,1022,3,11A218,04,40136,3,1,0,04,-,1,3,1,13,09/06/2009,1,02,6,1,6,06, , , , , ,1, ,7194,0
00,1022,3,11A218,04,40136,3,1,0,01,-,1,1,2,39,30/09/1983,1,03,3,2,5,01,4,5,3,1,001200,1,1,7194,14484
00,1022,3,11A218,04,40136,3,1,0,03,-,1,3,1,15,06/08/2007,1,02,6,2,6,05, , , , , ,1, ,7194,0
00,1022,3,11A218,04,40136,4,1,0,04,-,1,3,1,17,05/07/2005,1,04,2,1,6,06, , , , , ,1, ,7194,0
00,1022,3,11A218,04,40136,4,1,0,01,-,1,1,1,46,30/08/1976,1,04,3,2,5,01,4,4,2,1,999999,1, ,7194,0
00,1022,3,11A218,04,40136,4,1,0,03,-,1,3,1,24,25/09/1998,1,07,3,2,6,05, , , , , ,1, ,7194,0
00,1022,3,11A218,04,40136,1,1,0,03,-,1,2,2,39,19/09/1983,1,08,3,2,5,01,3,7,3,2,003500,1,1,7194,14484
00,1022,2,11A205,04,40139,1,1,0,03,-,2, , , , , , , , , , , , , , , ,1, ,0,0
00,1022,6,11A205,04,40139,4,1,0,04,-,1,3,2,04,22/08/2018, , , , , , , , , , , ,1, ,7445,0
00,1022,6,11A205,04,40139,1,1,0,07,-,1,3,1,22,06/07/2000,1,03,3,2,6,01,5,5,3,1,001000,1, ,7445,0
00,1022,6,11A205,04,40139,1,1,0,01,-,1,1,1,52,10/09/1970,1,07,4,2,1,01,3,4,3,2,004000,1, ,7445,0
00,1022,6,11A205,04,40139,1,1,0,02,-,1,2,2,51,06/10/1971,1,07,4,2,1,07, , , , , ,1,1,7445,22485
00,1022,2,11A205,04,40139,1,1,0,06,-,2, , , , , , , , , , , , , , , ,1, ,0,0
00,1022,2,11A205,04,40139,1,1,0,05,-,2, , , , , , , , , , , , , , , ,1, ,0,0
00,1022,2,11A205,04,40139,1,1,0,04,-,2, , , , , , , , , , , , , , , ,1, ,0,0
00,1022,6,11A205,04,40139,4,1,0,03,-,1,3,1,09,13/04/2013,1,02,2,1, , , , , , , ,1, ,7445,0
00,1022,6,11A205,04,40139,4,1,0,02,-,1,2,2,36,06/03/1986,1,03,3,2,5,07, , , , , ,1,1,7445,14990
00,1022,6,11A205,04,40139,4,1,0,01,-,1,1,1,38,20/07/1984,1,07,4,2,5,01,1,6,3,2,999999,1, ,7445,0
00,1022,1,12B212,04,40191,1,1,0,02,-,1,2,2,74,24/06/1948,1,03,3,2,5,07, , , , , ,1,1,8526,17335
00,1022,1,12B212,04,40191,4,1,0,02,-,1,3,2,45,17/04/1977,1,06,2,2,6,01,1,5,3,2,002000,1, ,8526,0
00,1022,1,12B212,04,40191,4,1,0,01,-,1,1,2,68,16/07/1954,1,02,6,2,4,08, , , , , ,1,1,8526,17335
00,1022,1,12B212,04,40191,3,1,0,03,-,1,2,2,29,14/09/1993,1,04,3,2,5,07, , , , , ,1,1,8526,26002
00,1022,1,12B212,04,40191,3,1,0,01,-,1,1,1,29,06/12/1992,1,04,3,2,5,01,5,3,3,1,008000,1, ,8526,0
00,1022,1,12B212,04,40191,3,1,0,02,-,1,8,1,42,08/10/1980,1,99, ,2,5,01,5,3,3,1,008000,1, ,8526,0
00,1022,1,12B212,04,40191,1,1,0,01,-,1,1,1,77,23/02/1945,1,03,1,2,5,08, , , , , ,1, ,8526,0
00,1022,2,13B211,04,40194,1,1,0,01,-,1,1,1,54,19/01/1968,1,07,6,2,5,01,1,5,3,2,999999,1, ,9039,0
00,1022,2,13B211,04,40194,2,1,0,03,-,1,7,2,84,05/12/1937,1,02,6,2,6,08, , , , , ,1, ,9039,0
00,1022,2,13B211,04,40194,2,1,0,01,-,1,1,1,38,23/11/1983,1,04,3,2,5,01,1,5,2,3,008000,1,1,9039,27532
00,1022,2,13B211,04,40194,4,1,0,02,-,1,4,2,89,20/10/1932,1,02,2,2,4,07, , , , , ,1, ,9039,0
00,1022,2,13B211,04,40194,4,1,0,01,-,1,1,2,60,31/05/1962,1,07,3,2,4,01,3,7,3,2,005000,1,1,9039,18354
00,1022,2,13B211,04,40194,2,1,0,02,-,1,2,2,40,22/12/1981,1,07,5,2,5,01,4,4,2,3,006000,1, ,9039,0
00,1022,2,13B211,04,40194,1,1,0,02,-,1,2,2,54,05/07/1968,1,03,3,2,5,01,3,7,3,2,004000,1,1,9039,18354
00,1022,2,11B211,04,40221,2,1,0,02,-,1,2,2,35,15/05/1987,1,04,2,2,5,07, , , , , ,1, ,8285,0
00,1022,2,11B211,04,40221,2,1,0,01,-,1,1,1,47,17/09/1975,1,04,1,2,5,01,5,4,3,2,003000,1,1,8285,25022
00,1022,2,11B211,04,40221,1,1,0,02,-,1,2,2,72,25/07/1950,2,02,1,2,5,07, , , , , ,1,1,8285,25022
00,1022,2,11B211,04,40221,4,1,0,01,-,1,1,2,76,19/10/1945,2,00, ,2,5,08, , , , , ,1,1,8285,8341
00,1022,2,11B211,04,40221,2,1,0,03,-,1,3,1,21,17/01/2001,1,07,2,1,6,06, , , , , ,1, ,8285,0
00,1022,2,11B211,04,40221,1,1,0,03,-,1,5,2,22,15/07/2000,1,07,3,1,6,06, , , , , ,1, ,8285,0
00,1022,2,11B211,04,40221,3,1,0,01,-,1,1,2,46,09/05/1976,1,03,1,2,4,01,5,5,3,2,002500,1, ,8285,0
00,1022,2,11B211,04,40221,3,1,0,02,-,1,3,2,30,20/09/1992,1,04,3,2,6,01,4,4,3,2,002000,1,1,8285,16681
00,1022,2,11B211,04,40221,3,1,0,03,-,1,3,1,16,20/02/2006,1,03,3,1,6,06, , , , , ,1, ,8285,0
00,1022,2,11B211,04,40221,1,1,0,01,-,1,1,1,65,15/03/1957,1,02,1,2,5,03,4,4,2,1,001000,1, ,8285,0
00,1022,8,11A203,04,40273,4,1,0,05,-,1,3,2,02,16/12/2019, , , , , , , , , , , ,1, ,6803,0
00,1022,8,11A203,04,40273,4,1,0,02,-,1,2,2,37,12/07/1985,1,07,5,2,5,01,3,7,3,2,007800,1, ,6803,0
00,1022,8,11A203,04,40273,4,1,0,01,-,1,1,1,38,12/07/1984,1,07,2,2,5,01,1,5,3,2,999999,1,1,6803,13697
00,1022,8,11A203,04,40273,4,1,0,03,-,1,3,1,08,12/12/2013,2,02,1,1, , , , , , , ,1, ,6803,0
00,1022,2,11A203,04,40273,4,1,0,06,-,2, , , , , , , , , , , , , , , ,1, ,0,0
00,1022,2,11A203,04,40273,4,1,0,04,-,2, , , , , , , , , , , , , , , ,1, ,0,0
00,1022,8,11A203,04,40273,2,1,0,01,-,1,1,1,49,14/04/1973,1,99, ,2,1,01,5,7,3,2,002000,1,1,6803,13697
00,1022,8,11A203,04,40273,3,1,0,02,-,1,3,1,63,02/07/1959,1,00, ,2,3,01,5,5,2,1,000700,1,1,6803,6849
00,1022,8,11A203,04,40273,1,1,0,01,-,1,1,2,69,06/09/1953,1,05,2,2,2,01,5,5,3,1,000600,1,1,6803,6849
00,1022,8,11A203,04,40273,2,1,0,02,-,1,2,2,33,14/07/1989,1,02,3,2,1,07, , , , , ,1, ,6803,0
00,1022,5,11A203,04,40273,3,1,0,01,-,2, , , , , , , , , , , , , , , ,1, ,0,0
00,1022,4,11A217,04,40351,1,1,0,05,-,1,5,1,06,28/08/2016,2,01,2,1, , , , , , , ,1, ,6915,0
00,1022,4,11A217,04,40351,4,1,0,06,-,1,5,2,17,30/06/2005,1,04,1,1,6,06, , , , , ,1, ,6915,0
00,1022,4,11A217,04,40351,1,1,0,03,-,1,3,2,22,12/10/1999,1,07,3,2,6,01,3,4,3,1,001200,1,1,6915,20883
00,1022,4,11A217,04,40351,1,1,0,04,-,1,3,1,12,25/10/2009,1,02,6,1,6,06, , , , , ,1, ,6915,0
00,1022,4,11A217,04,40351,1,1,0,02,-,1,2,2,46,12/08/1976,1,04,3,2,5,07, , , , , ,1, ,6915,0
00,1022,4,11A217,04,40351,3,1,0,02,-,1,5,1,20,31/07/2002,1,04,3,2,6,01,3,4,3,1,000500,1,1,6915,13922
00,1022,4,11A217,04,40351,3,1,0,01,-,1,1,2,71,12/11/1950,1,02,6,2,6,07, , , , , ,1, ,6915,0
00,1022,4,11A217,04,40351,2,1,0,04,-,1,3,2,18,24/07/2004,1,04,3,2,6,07, , , , , ,1, ,6915,0
00,1022,4,11A217,04,40351,2,1,0,02,-,1,2,2,37,01/12/1984,1,03,3,2,5,07, , , , , ,1,1,6915,27843
00,1022,4,11A217,04,40351,2,1,0,06,-,2, , , , , , , , , , , , , , , ,1, ,0,0
00,1022,4,11A217,04,40351,2,1,0,03,-,1,3,2,19,11/07/2003,1,07,1,1,6,06, , , , , ,1, ,6915,0
00,1022,4,11A217,04,40351,2,1,0,05,-,1,3,1,06,17/02/2016,2,01,2,1, , , , , , , ,1, ,6915,0
00,1022,4,11A217,04,40351,2,1,0,01,-,1,1,1,38,02/11/1983,1,03,3,2,5,01,5,5,3,1,002000,1, ,6915,0
00,1022,4,11A217,04,40351,4,1,0,01,-,1,1,1,75,28/02/1947,1,02,6,2,5,01,5,5,3,1,000800,1, ,6915,0
00,1022,4,11A217,04,40351,4,1,0,03,-,1,3,2,48,30/08/1974,1,04,3,2,6,01,3,5,3,2,999999,1, ,6915,0
00,1022,4,11A217,04,40351,4,1,0,07,-,1,5,1,13,15/07/2009,1,02,6,1,6,06, , , , , ,1, ,6915,0
00,1022,4,11A217,04,40351,4,1,0,04,-,1,3,2,46,10/07/1976,1,04,3,2,5,07, , , , , ,1, ,6915,0
00,1022,4,11A217,04,40351,4,1,0,05,-,1,3,1,34,28/01/1988,1,07,5,2,6,01,1,5,2,3,999999,1,1,6915,34804
00,1022,4,11A217,04,40351,4,1,0,02,-,1,2,2,65,15/10/1956,1,02,6,2,5,07, , , , , ,1, ,6915,0
00,1022,4,11A217,04,40351,1,1,0,01,-,1,1,1,53,07/05/1969,1,02,3,2,5,03,5,5,2,1,001000,1, ,6915,0
00,1022,3,13A218,05,40028,4,1,0,01,-,1,1,1,66,02/10/1956,1,07,4,2,5,01,7,2,3,2,004800,1,1,9750,19798
00,1022,3,13A218,05,40028,3,1,0,02,-,1,2,2,58,25/04/1964,1,06,3,2,5,07, , , , , ,1, ,9750,0
00,1022,3,13A218,05,40028,3,1,0,01,-,1,1,1,60,02/08/1962,1,07,5,2,5,01,1,2,3,1,003800,1,1,9750,19798
00,1022,3,13A218,05,40028,1,1,0,01,-,1,1,1,67,13/02/1955,1,07,5,2,5,08, , , , , ,1, ,9750,0
00,1022,3,13A218,05,40028,1,1,0,02,-,1,2,2,66,19/07/1956,1,07,4,2,5,07, , , , , ,1,1,9750,19798
00,1022,3,13A218,05,40028,4,1,0,02,-,1,2,2,64,29/08/1958,1,06,4,2,5,07, , , , , ,1, ,9750,0
00,1022,7,11A204,05,40068,2,1,0,02,-,1,2,2,68,21/02/1954,1,04,3,2,5,01,5,5,2,1,001100,1,1,7687,15478
00,1022,7,11A204,05,40068,2,1,0,03,-,1,5,1,25,30/07/1997,1,07,4,1,6,01,4,4,3,3,999999,1, ,7687,0
00,1022,7,11A204,05,40068,2,1,0,04,-,2, , , , , , , , , , , , , , , ,1, ,0,0
00,1022,7,11A204,05,40068,3,1,0,02,-,1,2,1,56,23/10/1965,1,03,3,2,5,01,5,5,2,1,001500,1,1,7687,30955
00,1022,7,11A204,05,40068,3,1,0,03,-,1,6,1,50,18/05/1972,1,02,6,2,6,01,5,5,2,1,001000,1, ,7687,0
00,1022,7,11A204,05,40068,3,1,0,04,-,2, , , , , , , , , , , , , , , ,1, ,0,0
00,1022,7,11A204,05,40068,3,1,0,05,-,1,3,1,18,17/01/2004,1,04,2,2,6,04, , , , , ,1, ,7687,0
00,1022,7,11A204,05,40068,3,1,0,01,-,1,1,2,57,14/03/1965,1,03,3,2,5,01,7,2,3,1,001500,1, ,7687,0
00,1022,7,11A204,05,40068,4,1,0,03,-,1,3,2,40,06/11/1981,1,03,3,2,6,01,7,2,3,1,001200,1, ,7687,0
00,1022,7,11A204,05,40068,4,1,0,01,-,1,1,1,62,21/01/1960,1,02,6,2,1,01,5,5,3,1,001500,1,1,7687,23216
00,1022,7,11A204,05,40068,4,1,0,04,-,1,5,1,06,12/02/2016,2,01,1,1, , , , , , , ,1, ,7687,0
00,1022,7,11A204,05,40068,4,1,0,02,-,1,2,2,62,03/09/1960,1,02,3,2,1,07, , , , , ,1, ,7687,0
00,1022,7,11A204,05,40068,1,1,0,02,-,1,2,2,46,01/06/1976,1,03,3,2,1,07, , , , , ,1,1,7687,23216
00,1022,7,11A204,05,40068,1,1,0,03,-,1,3,1,17,27/01/2005,1,03,2,2,6,04, , , , , ,1, ,7687,0
00,1022,7,11A204,05,40068,1,1,0,01,-,1,1,1,53,27/07/1969,1,02,6,2,1,01,4,4,2,1,001000,1, ,7687,0
00,1022,7,11A204,05,40068,1,1,0,04,-,1,5,2,03,15/06/2019, , , , , , , , , , , ,1, ,7687,0
00,1022,4,11A204,05,40068,2,1,0,01,-,2, , , , , , , , , , , , , , , ,1, ,0,0
00,1022,7,11A204,05,40068,1,1,0,05,-,1,3,1,22,10/01/2000,1,03,3,2,2,04, , , , , ,1, ,7687,0
00,1022,7,12A204,05,40069,2,1,0,02,-,1,2,2,59,02/06/1963,1,04,2,2,5,07, , , , , ,1, ,8016,0
00,1022,7,12A204,05,40069,2,1,0,01,-,1,1,1,59,05/05/1963,1,04,2,2,5,01,5,3,3,2,005500,1,1,8016,24448
00,1022,7,12A204,05,40069,2,1,0,03,-,1,3,1,32,25/01/1990,1,07,5,2,6,01,1,5,3,2,005000,1, ,8016,0
00,1022,7,12A204,05,40069,4,1,0,02,-,1,2,2,50,18/04/1972,1,03,3,2,5,07, , , , , ,1,1,8016,32598
00,1022,7,12A204,05,40069,4,1,0,01,-,1,1,1,59,15/03/1963,1,03,3,1,5,06, , , , , ,1, ,8016,0
00,1022,7,12A204,05,40069,4,1,0,05,-,1,5,1,10,18/10/2011,1,02,4,1, , , , , , , ,1, ,8016,0
00,1022,7,12A204,05,40069,4,1,0,04,-,1,3,1,16,28/12/2005,1,03,3,1,6,06, , , , , ,1, ,8016,0
00,1022,6,12A204,05,40069,4,1,0,06,-,2, , , , , , , , , , , , , , , ,1, ,0,0
00,1022,7,12A204,05,40069,4,1,0,07,-,3,3,2,29,05/08/1993,1,07,3,1,6,01,5,5,3,1,001300,1, ,8016,0
00,1022,7,12A204,05,40069,1,1,0,02,-,1,6,2,36,21/06/1986,1,02,6,2,1,07, , , , , ,1,1,8016,24448
00,1022,7,12A204,05,40069,1,1,0,03,-,1,7,1,06,15/06/2016,2,00, ,2, , , , , , , ,1, ,8016,0
00,1022,7,12A204,05,40069,1,1,0,01,-,1,1,1,43,27/04/1979,1,03,3,2,2,01,4,4,2,1,001200,1, ,8016,0
00,1022,7,12A204,05,40069,1,1,0,04,-,1,7,2,17,19/07/2005,1,02,5,2,6,07, , , , , ,1, ,8016,0
00,1022,7,12A204,05,40069,1,1,0,05,-,1,7,1,35,07/04/1987,1,03,3,2,2,01,4,4,2,1,001200,1, ,8016,0
00,1022,5,12A204,05,40069,3,1,0,03,-,2, , , , , , , , , , , , , , , ,1, ,0,0
00,1022,7,12A204,05,40069,3,1,0,02,-,1,2,2,49,31/12/1972,1,03,3,2,1,01,4,4,2,1,001200,1,1,8016,24448
00,1022,7,12A204,05,40069,3,1,0,04,-,1,3,2,17,01/05/2005,1,03,3,1,6,06, , , , , ,1, ,8016,0
00,1022,7,12A204,05,40069,3,1,0,01,-,1,1,1,66,15/11/1955,1,04,2,2,1,01,4,4,2,1,001000,1, ,8016,0
00,1022,7,12A204,05,40069,3,1,0,05,-,3,3,1,32,14/10/1990,1,03,3,2,2,01,5,5,3,1,999999,1, ,8016,0
00,1022,7,12A204,05,40069,4,1,0,03,-,1,3,2,34,27/09/1988,1,04,3,2,6,01,5,5,3,1,001200,1, ,8016,0
00,1022,3,11A218,05,40129,1,1,0,02,-,1,2,2,33,03/05/1989,1,04,3,2,5,07, , , , , ,1, ,8530,0
00,1022,3,11A218,05,40129,4,1,0,01,-,1,1,1,61,12/10/1960,1,03,3,2,5,01,5,3,2,1,999999,1,1,8530,17174
00,1022,3,11A218,05,40129,1,1,0,04,-,1,3,1,07,05/03/2015,1,02,1,1, , , , , , , ,1, ,8530,0
00,1022,3,11A218,05,40129,1,1,0,03,-,1,3,1,13,09/07/2009,1,03,1,1,6,06, , , , , ,1, ,8530,0
00,1022,3,11A218,05,40129,1,1,0,01,-,1,1,1,34,05/04/1988,1,04,3,2,5,01,5,5,2,1,999999,1,1,8530,17174
00,1022,3,11A218,05,40129,4,1,0,02,-,1,2,2,58,09/11/1963,1,03,3,2,5,07, , , , , ,1, ,8530,0
00,1022,3,11A218,05,40129,2,1,0,02,-,1,3,1,25,17/12/1996,1,04,3,1,6,01,7,2,3,1,001500,1, ,8530,0
00,1022,3,11A218,05,40129,2,1,0,01,-,1,1,2,49,09/12/1972,1,03,3,2,5,01,5,5,2,1,000500,1,1,8530,42934
00,1022,3,11A218,05,40129,2,1,0,03,-,1,3,2,29,27/05/1993,1,07,4,2,6,01,1,5,3,2,003000,1, ,8530,0
00,1022,3,11A218,05,40129,2,1,0,04,-,1,3,1,21,18/05/2001,1,04,3,1,6,01,5,6,5,1,000400,1, ,8530,0
00,1022,3,11A218,05,40129,2,1,0,05,-,1,2,1,52,07/09/1970,1,02,6,2,5,01,5,5,2,1,999999,1, ,8530,0
00,1022,3,11A218,05,40129,3,1,0,04,-,1,3,1,05,13/01/2017,2,01,2,1, , , , , , , ,1, ,8530,0
00,1022,3,11A218,05,40129,3,1,0,03,-,1,3,1,08,29/05/2014,1,02,2,1, , , , , , , ,1, ,8530,0
00,1022,3,11A218,05,40129,3,1,0,02,-,1,2,2,29,01/01/1993,1,04,3,2,5,07, , , , , ,1, ,8530,0
00,1022,3,11A218,05,40129,3,1,0,01,-,1,1,1,32,21/06/1990,1,07,1,2,5,01,7,2,3,1,999999,1,1,8530,17174
00,1022,2,12B211,05,40191,1,1,0,07,-,3,5,2,11,06/04/2011,1,02,5,1, , , , , , , ,1, ,7968,0
00,1022,2,12B211,05,40191,4,1,0,02,-,1,2,1,98, ,1,04,3,2,5,01,5,5,2,1,999999,1, ,7968,0
00,1022,2,12B211,05,40191,1,1,0,10,-,3,5,2,05,05/10/2016,2,01,2,1, , , , , , , ,1, ,7968,0
00,1022,2,12B211,05,40191,1,1,0,08,-,3,5,1,99, , , , , , , , , , , , ,1, ,7968,0
00,1022,2,12B211,05,40191,1,1,0,11,-,3,5,1,04,02/12/2017, , , , , , , , , , , ,1, ,7968,0
00,1022,2,12B211,05,40191,1,1,0,04,-,3,7,1,41,21/03/1981,1,03,3,2,1,01,5,6,3,1,002100,1, ,7968,0
00,1022,2,12B211,05,40191,1,1,0,06,-,3,5,1,11,28/10/2010,1,02,6,1, , , , , , , ,1, ,7968,0
00,1022,2,12B211,05,40191,1,1,0,03,-,3,3,2,36,07/06/1986,1,07,4,2,1,01,4,4,3,1,001800,1, ,7968,0
00,1022,2,12B211,05,40191,3,1,0,01,-,1,1,2,38,05/09/1984,1,07,4,2,3,01,3,4,3,2,999999,1,1,7968,8100
00,1022,2,12B211,05,40191,3,1,0,02,-,1,3,1,12,05/09/2010,1,02,6,1,6,06, , , , , ,1, ,7968,0
00,1022,2,12B211,05,40191,3,1,0,04,-,1,3,2,06,04/08/2016,2,01,3,1, , , , , , , ,1, ,7968,0
00,1022,2,12B211,05,40191,3,1,0,03,-,1,3,2,06,04/08/2016,2,01,3,1, , , , , , , ,1, ,7968,0
00,1022,2,12B211,05,40191,1,1,0,02,-,3,3,2,30,15/08/1992,1,07,3,2,2,01,7,2,3,1,001800,1, ,7968,0
00,1022,2,12B211,05,40191,1,1,0,05,-,3,5,1,16,10/07/2006,1,03,3,1,6,06, , , , , ,1, ,7968,0
00,1022,2,12B211,05,40191,1,1,0,01,-,1,1,2,57,02/09/1965,1,02,6,2,4,07, , , , , ,1,1,7968,32404
00,1022,2,12B211,05,40191,2,1,0,06,-,1,3,2,01,05/09/2021, , , , , , , , , , , ,1, ,7968,0
00,1022,2,12B211,05,40191,2,1,0,04,-,1,3,2,14,28/08/2008,1,03,2,1,6,06, , , , , ,1, ,7968,0
00,1022,2,12B211,05,40191,2,1,0,03,-,1,3,1,17,07/05/2005,1,03,3,1,6,01,5,5,3,1,002500,1, ,7968,0
00,1022,2,12B211,05,40191,2,1,0,05,-,1,3,2,08,25/03/2014,1,02,2,1, , , , , , , ,1, ,7968,0
00,1022,2,12B211,05,40191,2,1,0,02,-,1,2,2,38,05/09/1984,1,07,5,2,5,01,4,4,2,1,003000,1, ,7968,0
00,1022,2,12B211,05,40191,2,1,0,01,-,1,1,1,39,17/04/1983,1,06,3,2,5,01,7,2,3,1,004600,1,1,7968,16202
00,1022,2,12B211,05,40191,4,1,0,01,-,1,1,2,58,20/10/1963,1,07,2,2,5,07, , , , , ,1,1,7968,16202
00,1022,2,12B211,05,40191,1,1,0,09,-,3,5,1,07,20/02/2015,2,02,1,1, , , , , , , ,1, ,7968,0
00,1022,6,12A205,05,40231,2,1,0,01,-,1,1,1,72,15/12/1949,1,02,6,2,5,08, , , , , ,1, ,7788,0
00,1022,6,12A205,05,40231,2,1,0,02,-,1,2,2,73,10/06/1949,1,02,6,2,5,07, , , , , ,1, ,7788,0
00,1022,6,12A205,05,40231,2,1,0,03,-,1,3,1,46,25/10/1975,1,03,3,2,6,01,7,2,3,1,002400,1,1,7788,23753
00,1022,6,12A205,05,40231,3,1,0,01,-,1,1,1,75,10/09/1947,1,02,6,2,5,08, , , , , ,1,1,7788,15835
00,1022,6,12A205,05,40231,3,1,0,02,-,1,2,2,73,14/01/1949,1,02,6,2,5,07, , , , , ,1, ,7788,0
00,1022,6,12A205,05,40231,1,1,0,02,-,1,2,2,65,07/09/1957,1,04,3,2,1,07, , , , , ,1, ,7788,0
00,1022,6,12A205,05,40231,4,1,0,03,-,1,3,1,40,15/12/1981,1,04,3,2,6,01,1,7,3,3,999999,1, ,7788,0
00,1022,6,12A205,05,40231,4,1,0,02,-,1,2,2,62,15/12/1959,1,06,3,2,5,07, , , , , ,1, ,7788,0
00,1022,6,12A205,05,40231,4,1,0,04,-,2, , , , , , , , , , , , , , , ,1, ,0,0
00,1022,6,12A205,05,40231,1,1,0,01,-,1,1,1,70,08/06/1952,1,02,6,2,4,08, , , , , ,1,1,7788,15835
00,1022,6,12A205,05,40231,4,1,0,01,-,1,1,1,63,03/03/1959,1,03,3,2,5,01,4,4,2,1,001500,1,1,7788,23753
00,1022,1,12B212,05,40323,4,1,0,01,-,1,1,1,42,29/08/1980,1,07,5,2,5,01,7,2,3,2,999999,1, ,9086,0
00,1022,1,12B212,05,40323,3,1,0,01,-,1,1,1,67,02/02/1955,1,07,5,2,3,08, , , , , ,1,1,9086,9238
00,1022,1,12B212,05,40323,2,1,0,03,-,1,3,1,18,15/06/2004,1,03,3,1,6,06, , , , , ,1, ,9086,0
00,1022,1,12B212,05,40323,2,1,0,02,-,1,2,2,48,11/02/1974,1,03,3,1,5,01,7,2,3,1,002000,1, ,9086,0
00,1022,1,12B212,05,40323,2,1,0,06,-,1,5,2,28,10/01/1994,1,03,3,2,1,01,7,2,3,1,999999,1,1,9086,55424
00,1022,1,12B212,05,40323,2,1,0,04,-,1,3,1,27,06/08/1995,1,03,3,2,1,01,7,2,3,1,999999,1, ,9086,0
00,1022,1,12B212,05,40323,2,1,0,01,-,1,1,1,48,01/05/1974,1,03,3,2,5,01,7,2,3,1,002500,1, ,9086,0
00,1022,1,12B212,05,40323,2,1,0,05,-,1,3,2,22,04/10/2000,1,03,3,2,6,07, , , , , ,1, ,9086,0
00,1022,1,12B212,05,40323,1,1,0,01,-,1,1,2,56,04/06/1966,1,03,3,2,3,01,5,5,3,1,001500,1,1,9086,9238
00,1022,1,12B212,05,40323,1,1,0,02,-,1,3,1,15,06/04/2007,1,03,3,2,6,10, , , , , ,1, ,9086,0
00,1022,1,12B212,05,40323,4,1,0,04,-,1,3,2,11,27/10/2010,1,02,5,1, , , , , , , ,1, ,9086,0
00,1022,1,12B212,05,40323,4,1,0,02,-,1,2,2,42,26/05/1980,1,07,5,2,5,01,5,5,3,1,999999,1, ,9086,0
00,1022,1,12B212,05,40323,4,1,0,03,-,1,3,1,20,06/10/2002,1,07,2,1,6,01,5,5,3,1,999999,1,1,9086,27712
00,1022,4,12A217,05,40348,4,1,0,01,-,1,1,2,31,05/02/1991,1,07,5,2,6,01,1,2,3,2,999999,1,1,7464,7588
00,1022,4,12A217,05,40348,2,1,0,01,-,1,1,1,48,28/02/1974,1,06,3,2,5,01,7,2,3,2,003000,1, ,7464,0
00,1022,4,12A217,05,40348,2,1,0,04,-,1,3,1,22,13/07/2000,1,07,5,2,6,05, , , , , ,1,1,7464,30351
00,1022,4,12A217,05,40348,2,1,0,02,-,1,2,2,45,05/10/1976,1,04,3,2,5,01,2,5,3,2,007000,1, ,7464,0
00,1022,4,12A217,05,40348,2,1,0,03,-,1,3,2,25,03/05/1997,1,07,4,1,6,01,2,5,3,2,005000,1, ,7464,0
00,1022,4,12A217,05,40348,1,1,0,01,-,1,1,1,53,21/04/1969,1,04,3,2,6,01,7,2,3,1,001500,1,1,7464,15176
00,1022,4,12A217,05,40348,3,1,0,02,-,1,3,2,14,13/07/2008,1,03,2,1,6,06, , , , , ,1, ,7464,0
00,1022,4,12A217,05,40348,3,1,0,01,-,1,1,2,41,16/07/1981,1,04,3,2,5,01,5,5,2,1,003000,1,1,7464,7588
00,1022,4,12A217,05,40348,1,1,0,02,-,1,8,1,58,15/06/1964,1,03,3,1,2,01,7,2,3,1,003000,1, ,7464,0
00,1022,5,11A206,05,40362,2,1,0,02,-,1,2,2,44,17/02/1978,1,03,3,2,5,01,5,5,3,1,000300,1, ,7681,0
00,1022,5,11A206,05,40362,2,1,0,03,-,1,3,2,19,15/09/2003,1,03,3,2,6,07, , , , , ,1, ,7681,0
00,1022,5,11A206,05,40362,4,1,0,01,-,1,1,1,33,29/08/1989,1,03,3,2,1,01,7,2,3,1,001200,1,1,7681,15465
00,1022,5,11A206,05,40362,2,1,0,05,-,1,3,2,06,12/03/2016,2,01,2,1, , , , , , , ,1, ,7681,0
00,1022,5,11A206,05,40362,3,1,0,02,-,1,2,2,21,22/01/2001,1,07,1,2,1,07, , , , , ,1,1,7681,15465
00,1022,5,11A206,05,40362,2,1,0,04,-,1,3,2,09,21/07/2013,1,02,2,1, , , , , , , ,1, ,7681,0
00,1022,5,11A206,05,40362,2,1,0,01,-,1,1,1,37,09/02/1985,1,06,1,2,5,01,7,2,3,1,001400,1,1,7681,23197
00,1022,5,11A206,05,40362,3,1,0,01,-,1,1,1,27,04/02/1995,1,03,3,2,1,01,7,2,3,1,004000,1, ,7681,0
00,1022,5,11A206,05,40362,4,1,0,02,-,1,2,2,40,06/09/1982,1,05,4,2,1,01,5,5,2,1,001500,1, ,7681,0
00,1022,5,11A206,05,40362,1,1,0,03,-,1,3,1,14,13/07/2008,1,03,1,1,6,06, , , , , ,1, ,7681,0
00,1022,5,11A206,05,40362,1,1,0,02,-,1,3,2,32,05/11/1989,1,04,3,2,3,01,5,5,3,1,000900,1,1,7681,15465
00,1022,5,11A206,05,40362,1,1,0,01,-,1,1,2,52,23/04/1970,1,03,3,2,6,01,7,2,3,1,001100,1, ,7681,0
00,1022,5,11A206,05,40362,1,1,0,04,-,1,5,1,06,24/08/2016,2,01,2,1, , , , , , , ,1, ,7681,0
00,1022,4,11A217,05,40381,4,1,0,05,-,1,5,1,26,30/08/1996,1,03,3,2,1,01,5,3,2,1,001300,1, ,7401,0
00,1022,3,11A217,05,40381,4,1,0,03,-,2, , , , , , , , , , , , , , , ,1, ,0,0
00,1022,3,11A217,05,40381,4,1,0,01,-,2, , , , , , , , , , , , , , , ,1, ,0,0
00,1022,4,11A217,05,40381,4,1,0,04,-,1,5,2,07,15/06/2015,2,01,3,1, , , , , , , ,1, ,7401,0
00,1022,4,11A217,05,40381,4,1,0,02,-,1,3,2,25,21/01/1997,1,03,3,2,6,01,4,4,2,1,000700,1,1,7401,14901
00,1022,4,11A217,05,40381,3,1,0,02,-,1,2,2,48,30/08/1974,1,03,3,2,5,07, , , , , ,1, ,7401,0
00,1022,4,11A217,05,40381,3,1,0,01,-,1,1,1,53,09/08/1969,1,02,6,2,5,01,7,2,3,1,002000,1, ,7401,0
00,1022,4,11A217,05,40381,3,1,0,04,-,1,3,2,19,30/08/2003,1,04,3,2,6,01,7,2,3,1,001500,1, ,7401,0
00,1022,2,11A217,05,40381,3,1,0,03,-,2, , , , , , , , , , , , , , , ,1, ,0,0
00,1022,4,11A217,05,40381,3,1,0,05,-,1,7,2,20,13/10/2001,1,04,3,2,6,01,7,2,3,1,999999,1,1,7401,29803
00,1022,5,12A206,05,40389,2,1,0,01,-,1,1,2,65,14/02/1957,1,04,2,2,5,07, , , , , ,1, ,8066,0
00,1022,5,12A206,05,40389,4,1,0,03,-,3,5,1,17,30/09/2005,1,03,3,1,6,06, , , , , ,1, ,8066,0
00,1022,5,12A206,05,40389,4,1,0,01,-,1,1,2,70,18/01/1952,1,02,6,2,4,01,5,5,2,1,000150,1,1,8066,16401
00,1022,5,12A206,05,40389,4,1,0,02,-,1,4,2,94,27/02/1928,1,02,2,2,4,09, , , , , ,1, ,8066,0
00,1022,5,12A206,05,40389,3,1,0,06,-,1,5,2,01,11/05/2021, , , , , , , , , , , ,1, ,8066,0
00,1022,5,12A206,05,40389,3,1,0,05,-,1,3,2,10,23/02/2012,1,02,3,1, , , , , , , ,1, ,8066,0
00,1022,5,12A206,05,40389,2,1,0,02,-,1,2,1,64,25/08/1958,1,03,3,2,5,08, , , , , ,1,1,8066,16401
00,1022,5,12A206,05,40389,3,1,0,01,-,1,1,1,54,03/03/1968,1,07,5,2,5,01,7,2,3,2,010000,1,1,8066,32801
00,1022,5,12A206,05,40389,3,1,0,04,-,1,3,1,18,08/04/2004,1,04,2,1,6,06, , , , , ,1, ,8066,0
00,1022,5,12A206,05,40389,3,1,0,03,-,1,3,2,26,19/06/1996,1,07,3,2,6,01,4,4,3,1,001600,1, ,8066,0
00,1022,5,12A206,05,40389,1,1,0,03,-,1,3,2,04,12/03/2018, , , , , , , , , , , ,1, ,8066,0
00,1022,5,12A206,05,40389,1,1,0,01,-,1,1,1,37,08/12/1984,1,03,3,2,1,01,4,4,2,1,001000,1,1,8066,16401
00,1022,5,12A206,05,40389,1,1,0,02,-,1,2,2,28,15/04/1994,1,04,2,2,1,01,4,4,2,1,000500,1, ,8066,0
00,1022,5,12A206,05,40389,3,1,0,02,-,1,2,2,47,18/12/1974,1,03,3,2,5,01,4,4,2,1,000800,1, ,8066,0
00,1022,8,13A203,05,40417,1,1,0,03,-,1,3,1,09,07/05/2013,1,02,2,1, , , , , , , ,1, ,18038,0
00,1022,8,13A203,05,40417,1,1,0,01,-,1,1,2,40,20/01/1982,1,07,3,2,5,01,3,4,1,3,070000,1,1,18038,36628
00,1022,8,13A203,05,40417,2,1,0,03,-,1,3,2,00,18/10/2021, , , , , , , , , , , ,1, ,18038,0
00,1022,8,13A203,05,40417,1,1,0,02,-,1,2,2,38,17/10/1983,1,07,4,2,5,01,4,4,2,1,002000,1, ,18038,0
00,1022,8,13A203,05,40417,1,1,0,04,-,1,3,1,07,07/05/2015,2,01,3,1, , , , , , , ,1, ,18038,0
00,1022,8,13A203,05,40417,4,1,0,01,-,1,1,1,51,02/03/1971,1,07,4,2,5,01,7,2,3,1,050000,1, ,18038,0
00,1022,8,13A203,05,40417,2,1,0,01,-,1,1,1,32,15/06/1990,1,07,5,2,5,01,1,2,3,2,020000,1, ,18038,0
00,1022,8,13A203,05,40417,4,1,0,02,-,1,2,2,47,16/02/1975,1,07,4,2,5,07, , , , , ,1,1,18038,36628
00,1022,8,13A203,05,40417,4,1,0,03,-,1,3,1,13,17/07/2009,1,03,1,1,6,06, , , , , ,1, ,18038,0
00,1022,8,13A203,05,40417,4,1,0,04,-,1,3,2,11,03/08/2011,1,02,5,1, , , , , , , ,1, ,18038,0
00,1022,8,13A203,05,40417,2,1,0,02,-,1,2,2,29,09/12/1992,1,07,5,2,5,01,1,2,3,2,015000,1,1,18038,36628
15,1022,1,12B212,05,40419,3,1,0,02,-,1,2,2,66,29/01/1956,1,07,5,2,5,07, , , , , ,1, ,8680,0
00,1022,1,12B212,05,40419,1,1,0,02,-,1,3,2,49,05/10/1973,1,06,3,2,6,01,3,7,3,2,003500,1, ,8680,0
00,1022,1,12B212,05,40419,1,1,0,04,-,1,5,1,21,27/08/2001,1,07,4,1,6,06, , , , , ,1, ,8680,0
00,1022,1,12B212,05,40419,1,1,0,03,-,1,5,2,24,19/04/1998,1,07,5,1,6,01,3,2,3,3,999999,1, ,8680,0
00,1022,1,12B212,05,40419,1,1,0,01,-,1,1,2,69,30/05/1953,1,06,2,2,4,01,4,4,5,4,022000,1,1,8680,35300
15,1022,1,12B212,05,40419,3,1,0,01,-,1,1,1,64,05/10/1958,1,07,4,2,5,08, , , , , ,1, ,8680,0
00,1022,1,12B212,05,40419,4,1,0,01,-,1,1,1,64,01/08/1958,1,07,4,2,3,01,2,5,3,2,014000,1,1,8680,8825
00,1022,1,12B212,05,40419,2,1,0,05,-,1,5,2,09,15/08/2013,1,02,3,1, , , , , , , ,1, ,8680,0
00,1022,1,12B212,05,40419,2,1,0,03,-,1,2,2,74,07/09/1948,1,06,3,2,5,07, , , , , ,1, ,8680,0
00,1022,1,12B212,05,40419,2,1,0,04,-,1,5,1,10,17/01/2012,1,02,4,1, , , , , , , ,1, ,8680,0
00,1022,1,12B212,05,40419,2,1,0,02,-,1,3,2,41,18/04/1981,1,07,5,2,2,01,1,5,2,2,008000,1, ,8680,0
00,1022,1,12B212,05,40419,2,1,0,01,-,1,1,1,75,02/10/1947,1,06,2,2,5,01,1,5,2,1,001000,1,1,8680,26474
00,1022,8,11A203,05,40420,2,1,0,02,-,1,3,1,27,17/03/1995,1,02,6,2,6,09, , , , , ,1, ,6141,0
00,1022,8,11A203,05,40420,2,1,0,01,-,1,1,2,62,20/01/1960,1,02,5,2,2,01,5,5,2,1,001200,1,1,6141,12365
00,1022,8,11A203,05,40420,3,1,0,01,-,1,1,1,75,19/10/1946,1,03,3,2,3,08, , , , , ,1,1,6141,6183
00,1022,8,11A203,05,40420,1,1,0,02,-,1,3,1,30,23/12/1991,1,08,2,2,6,01,1,2,3,2,025000,1, ,6141,0
00,1022,8,11A203,05,40420,1,1,0,01,-,1,1,2,67,10/05/1955,1,07,5,2,6,08, , , , , ,1,1,6141,12365
00,1022,7,11A203,05,40420,2,1,0,03,-,2, , , , , , , , , , , , , , , ,1, ,0,0
00,1022,3,11A218,06,40063,2,1,0,01,-,1,1,1,57,06/11/1964,1,02,3,2,2,08, , , , , ,1,1,7068,14230
00,1022,3,11A218,06,40063,1,1,0,01,-,1,1,1,60,15/06/1962,1,03,3,2,2,08, , , , , ,1,1,7068,7115
00,1022,3,11A218,06,40063,3,1,0,01,-,1,1,1,23,06/06/1999,1,07,3,2,1,01,1,5,3,2,999999,1,1,7068,14230
00,1022,3,11A218,06,40063,3,1,0,02,-,1,2,2,22,16/06/2000,1,07,2,1,1,05, , , , , ,1, ,7068,0
00,1022,3,11A218,06,40063,4,1,0,01,-,1,1,2,72,27/05/1950,2,06,2,2,5,08, , , , , ,1,1,7068,7115
00,1022,3,11A218,06,40063,2,1,0,02,-,1,3,2,38,15/06/1984,1,02,2,2,6,01,5,5,3,2,999999,1, ,7068,0
00,1022,7,13A204,06,40066,1,1,0,01,-,1,1,1,42,15/06/1980,1,08,4,2,2,01,1,5,2,2,999999,1,1,11153,11324
00,1022,7,13A204,06,40066,4,1,0,01,-,1,1,1,62,02/10/1960,1,03,3,2,5,08, , , , , ,1, ,11153,0
00,1022,7,13A204,06,40066,4,1,0,02,-,1,2,2,61,22/03/1961,1,02,6,2,5,08, , , , , ,1,1,11153,22647
00,1022,7,13A204,06,40066,3,1,0,01,-,1,1,2,67,15/06/1955,1,07,3,2,4,08, , , , , ,1,1,11153,11324
00,1022,7,13A204,06,40066,2,1,0,02,-,1,3,1,11,04/05/2011,1,02,5,1, , , , , , , ,1, ,11153,0
00,1022,7,13A204,06,40066,2,1,0,01,-,1,1,1,41,08/09/1981,1,07,4,2,6,01,1,5,2,2,012000,1,1,11153,11324
00,1022,7,11A204,06,40130,4,1,0,03,-,1,6,2,43,04/10/1979,1,03,3,2,6,01,4,4,2,1,999999,1, ,6752,0
00,1022,7,11A204,06,40130,3,1,0,01,-,1,1,1,47,20/02/1975,1,04,3,2,5,01,5,5,2,1,002400,1, ,6752,0
00,1022,7,11A204,06,40130,3,1,0,03,-,1,5,2,12,03/07/2010,1,02,5,1,6,06, , , , , ,1, ,6752,0
00,1022,7,11A204,06,40130,4,1,0,02,-,1,4,2,66,28/12/1955,1,02,6,2,4,07, , , , , ,1, ,6752,0
00,1022,7,11A204,06,40130,3,1,0,02,-,1,2,2,58,17/09/1964,1,02,6,2,5,07, , , , , ,1,1,6752,13594
00,1022,7,11A204,06,40130,2,1,0,01,-,1,1,2,87,15/06/1935,2,00, ,2,6,08, , , , , ,1,1,6752,6797
00,1022,7,11A204,06,40130,1,1,0,02,-,1,8,1,31,15/06/1991,1,04,3,2,6,05, , , , , ,1, ,6752,0
00,1022,7,11A204,06,40130,1,1,0,01,-,1,1,1,42,13/05/1980,1,08,3,2,2,01,5,5,3,1,999999,1,1,6752,13594
00,1022,7,11A204,06,40130,4,1,0,01,-,1,1,1,44,17/04/1978,1,04,3,2,6,01,5,5,3,1,002000,1,1,6752,20391
00,1022,1,12B212,06,40190,2,1,0,01,-,1,1,1,31,13/06/1991,1,04,3,2,5,01,5,5,3,1,002000,1,1,8200,16672
00,1022,1,12B212,06,40190,2,1,0,02,-,1,2,2,26,17/07/1996,1,06,2,2,5,01,5,5,3,1,002000,1, ,8200,0
00,1022,1,12B212,06,40190,4,1,0,01,-,1,1,2,27,20/08/1995,1,07,3,2,6,05, , , , , ,1,1,8200,8336
00,1022,1,12B212,06,40190,3,1,0,02,-,1,5,2,27,21/07/1995,1,07,4,2,6,01,1,5,3,2,999999,1, ,8200,0
00,1022,1,12B212,06,40190,3,1,0,01,-,1,1,2,72,26/04/1950,1,02,6,2,4,08, , , , , ,1,1,8200,16672
00,1022,1,12B212,06,40190,1,1,0,02,-,1,2,2,44,18/11/1977,1,06,2,2,1,01,5,5,2,1,002500,1,1,8200,16672
00,1022,1,12B212,06,40190,1,1,0,01,-,1,1,1,48,04/06/1974,1,04,3,2,1,01,5,5,2,1,999999,1, ,8200,0
00,1022,1,12B212,06,40190,1,1,0,04,-,1,3,2,15,19/03/2007,1,03,2,1,6,06, , , , , ,1, ,8200,0
00,1022,1,12B212,06,40190,1,1,0,03,-,1,3,1,17,05/01/2005,1,04,2,1,6,06, , , , , ,1, ,8200,0
00,1022,2,13B211,06,40193,4,1,0,03,-,1,3,2,26,15/02/1996,1,07,4,1,6,05, , , , , ,1, ,10628,0
00,1022,2,13B211,06,40193,4,1,0,02,-,1,2,2,50,10/01/1972,1,07,3,2,5,07, , , , , ,1, ,10628,0
00,1022,2,13B211,06,40193,4,1,0,04,-,1,3,1,22,08/07/2000,1,07,3,1,6,06, , , , , ,1, ,10628,0
00,1022,2,13B211,06,40193,4,1,0,01,-,1,1,1,50,07/09/1972,1,08,4,2,5,01,1,5,3,2,013000,1,1,10628,43164
00,1022,2,13B211,06,40193,3,1,0,01,-,1,1,1,40,14/04/1982,1,08,3,2,6,01,1,5,3,2,999999,1,1,10628,10791
00,1022,2,13B211,06,40193,1,1,0,03,-,1,3,2,13,23/08/2009,1,03,1,1,6,06, , , , , ,1, ,10628,0
00,1022,2,13B211,06,40193,1,1,0,02,-,1,2,2,38,02/09/1984,1,07,3,2,5,05, , , , , ,1,1,10628,21582
00,1022,2,13B211,06,40193,1,1,0,04,-,1,3,1,01,13/03/2021, , , , , , , , , , , ,1, ,10628,0
00,1022,2,13B211,06,40193,1,1,0,01,-,1,1,1,40,20/06/1982,1,08,3,2,5,01,5,5,3,2,999999,1, ,10628,0
00,1022,2,13B211,06,40193,2,1,0,02,-,1,3,2,17,26/08/2005,1,04,1,1,6,06, , , , , ,1, ,10628,0
00,1022,2,13B211,06,40193,2,1,0,01,-,1,1,2,50,17/07/1972,1,07,3,2,1,01,5,5,3,1,002000,1,1,10628,10791
00,1022,6,12A205,06,40194,4,1,0,02,-,1,3,2,02,02/09/2020, , , , , , , , , , , ,1, ,5213,0
00,1022,6,12A205,06,40194,3,1,0,01,-,1,1,1,50,14/08/1972,1,07,3,2,3,01,1,5,2,1,999999,1,1,5213,5300
00,1022,6,12A205,06,40194,1,1,0,01,-,1,1,2,83,17/07/1939,1,02,6,2,4,08, , , , , ,1,1,5213,5300
00,1022,6,12A205,06,40194,4,1,0,01,-,1,1,2,25,09/09/1997,1,07,3,2,6,01,5,5,3,2,999999,1,1,5213,5300
00,1022,6,11A205,06,40200,1,1,0,01,-,1,1,2,64,31/01/1958,1,02,6,2,6,01,7,2,3,1,001750,1,1,11490,11567
00,1022,6,11A205,06,40200,3,1,2,03,-,1,3,1,18,23/12/2003,1,04,3,2,6,05, , , , , ,1,1,11490,34700
00,1022,6,11A205,06,40200,3,1,2,01,-,1,1,1,34,13/03/1988,1,07,2,2,5,01,5,5,3,1,999999,1, ,11490,0
00,1022,6,11A205,06,40200,3,1,2,02,-,1,2,2,34,15/06/1988,1,07,3,2,5,07, , , , , ,1, ,11490,0
00,1022,6,11A205,06,40200,4,1,1,01,-,1,1,2,43,05/09/1979,1,07,2,2,2,07, , , , , ,1,1,11490,34700
00,1022,6,11A205,06,40200,4,1,1,03,-,1,3,1,21,29/07/2001,1,04,1,2,6,01,7,2,3,1,001800,1, ,11490,0
00,1022,6,11A205,06,40200,4,1,1,02,-,1,2,1,53,11/08/1969,1,03,3,2,5,01,5,5,3,2,999999,1, ,11490,0
00,1022,2,11B211,06,40286,1,1,0,03,-,1,3,2,03,11/10/2018, , , , , , , , , , , ,1, ,6385,0
00,1022,2,11B211,06,40286,4,1,0,01,-,1,1,1,47,02/02/1975,1,04,3,2,6,01,5,5,3,1,999999,1,1,6385,6427
00,1022,2,11B211,06,40286,3,1,0,02,-,3,2,1,27,27/06/1995,1,03,3,2,1,01,7,3,3,2,999999,1, ,6385,0
00,1022,2,11B211,06,40286,3,1,0,01,-,1,1,2,19,12/11/2002,1,04,3,2,6,07, , , , , ,1,1,6385,12855
00,1022,2,11B211,06,40286,2,1,0,01,-,1,1,2,51,20/10/1970,1,03,3,2,6,01,7,5,3,2,003000,1,1,6385,12855
00,1022,2,11B211,06,40286,2,1,0,02,-,1,3,1,21,29/01/2001,1,07,2,1,6,06, , , , , ,1, ,6385,0
00,1022,2,11B211,06,40286,1,1,0,01,-,1,1,1,26,03/09/1996,1,02,6,2,1,01,7,3,2,1,999999,1, ,6385,0
00,1022,2,11B211,06,40286,1,1,0,02,-,1,2,2,25,01/12/1996,1,04,3,2,1,07, , , , , ,1,1,6385,12855
00,1022,4,13A217,06,40381,2,1,0,03,-,1,3,1,19,06/07/2003,1,04,3,1,6,01,5,5,3,1,999999,1, ,9268,0
00,1022,4,13A217,06,40381,2,1,0,02,-,1,2,2,46,07/04/1976,1,04,3,2,5,04, , , , , ,1,1,9268,28231
00,1022,4,13A217,06,40381,2,1,0,05,-,1,3,1,13,15/06/2009,1,02,6,1,6,06, , , , , ,1, ,9268,0
00,1022,4,13A217,06,40381,2,1,0,04,-,1,3,1,16,08/10/2006,1,03,2,1,6,06, , , , , ,1, ,9268,0
00,1022,4,13A217,06,40381,2,1,0,01,-,1,1,1,56,15/01/1966,1,04,3,2,5,01,5,5,3,1,002000,1, ,9268,0
00,1022,4,13A217,06,40381,3,1,0,01,-,1,1,1,42,25/06/1980,1,07,4,2,3,01,5,5,3,2,999999,1,1,9268,9410
00,1022,4,13A217,06,40381,4,1,0,01,-,1,1,1,49,15/06/1973,1,07,3,2,3,01,5,5,3,1,999999,1,1,9268,9410
00,1022,4,13A217,06,40381,1,1,0,01,-,1,1,1,56,11/04/1966,1,04,2,2,3,01,5,5,3,1,001800,1,1,9268,9410
00,1022,4,11A217,06,40409,3,1,0,01,-,1,1,2,65,22/09/1957,1,06,2,2,4,08, , , , , ,1,1,8018,8072
00,1022,4,11A217,06,40409,1,1,0,01,-,1,1,2,39,11/05/1983,1,07,3,2,6,01,1,5,3,2,006000,1,1,8018,8072
00,1022,4,11A217,06,40409,2,1,0,01,-,1,1,2,47,12/12/1974,1,02,2,2,3,01,5,5,3,1,999999,1, ,8018,0
00,1022,4,11A217,06,40409,2,1,0,02,-,1,3,1,18,20/11/2003,1,06,4,2,6,01,1,5,3,2,006000,1,1,8018,16143
00,1022,4,11A217,06,40409,2,1,0,03,-,1,3,1,15,23/02/2007,1,03,3,1,6,06, , , , , ,1, ,8018,0
00,1022,4,11A217,06,40409,2,1,0,04,-,1,3,1,13,30/04/2009,1,02,6,1,6,06, , , , , ,1, ,8018,0
00,1022,4,11A217,06,40409,4,1,0,03,-,1,3,1,08,03/07/2014,2,02,1,1, , , , , , , ,1, ,8018,0
00,1022,4,11A217,06,40409,4,1,0,01,-,1,1,1,39,13/07/1983,1,07,4,2,5,01,4,4,2,1,999999,1, ,8018,0
00,1022,4,11A217,06,40409,4,1,0,02,-,1,2,2,30,17/10/1991,1,06,4,2,5,01,4,4,2,1,999999,1,1,8018,16143
00,1022,4,11A217,06,40409,4,1,0,04,-,1,3,2,06,07/06/2016,2,01,2,1, , , , , , , ,1, ,8018,0
00,1022,5,12A206,06,40413,1,1,0,01,-,1,1,2,44,20/06/1978,1,07,3,2,6,01,1,5,3,2,007000,1,1,7111,7230
00,1022,5,12A206,06,40413,4,1,0,03,-,1,3,1,12,14/01/2010,1,02,5,1,6,06, , , , , ,1, ,7111,0
00,1022,5,12A206,06,40413,2,1,0,01,-,1,1,1,33,07/08/1989,1,04,3,2,6,05, , , , , ,1,1,7111,7230
00,1022,5,12A206,06,40413,4,1,0,02,-,1,2,2,42,21/12/1979,1,04,3,2,5,07, , , , , ,1,1,7111,7230
00,1022,2,12A206,06,40413,4,1,0,01,-,2, , , , , , , , , , , , , , , ,1, ,0,0
00,1022,8,12A203,06,40414,3,1,0,03,-,1,3,2,27,14/01/1995,1,08,2,2,6,01,1,5,3,2,999999,1, ,7081,0
00,1022,8,12A203,06,40414,3,1,0,05,-,1,3,1,20,18/02/2002,1,04,3,1,6,06, , , , , ,1, ,7081,0
00,1022,8,12A203,06,40414,3,1,0,02,-,1,2,2,53,11/07/1969,1,03,3,2,5,07, , , , , ,1,1,7081,35995
00,1022,8,12A203,06,40414,3,1,0,04,-,1,3,2,22,01/12/1999,1,07,1,1,6,06, , , , , ,1, ,7081,0
00,1022,8,12A203,06,40414,4,1,0,02,-,1,3,1,47,29/08/1975,1,04,3,2,6,01,5,5,3,2,006000,1,1,7081,14398
00,1022,8,12A203,06,40414,4,1,0,01,-,1,1,2,82,08/12/1939,1,02,4,2,4,08, , , , , ,1, ,7081,0
00,1022,8,12A203,06,40414,3,1,0,01,-,1,1,1,56,29/12/1965,1,04,3,2,5,01,1,5,3,1,004500,1, ,7081,0
00,1022,8,12A203,06,40414,1,1,1,03,-,1,3,2,07,23/06/2015,2,01,3,1, , , , , , , ,1, ,7081,0
00,1022,8,12A203,06,40414,1,1,1,04,-,1,3,1,02,23/09/2020, , , , , , , , , , , ,1, ,7081,0
00,1022,8,12A203,06,40414,1,1,1,02,-,1,2,2,31,01/10/1991,1,03,2,2,1,07, , , , , ,1,1,7081,14398
00,1022,8,12A203,06,40414,2,1,0,01,-,1,1,1,65,12/04/1957,2,00, ,2,6,08, , , , , ,1,1,7081,7199
00,1022,8,12A203,06,40414,1,1,1,01,-,1,1,1,36,13/03/1986,1,03,3,2,1,01,5,5,3,1,002000,1, ,7081,0
00,1022,3,12A218,07,40059,1,1,0,02,-,1,6,2,30,03/07/1992,1,07,4,2,6,01,1,7,3,2,002000,1,1,8119,24761
00,1022,3,12A218,07,40059,4,1,0,01,-,1,1,1,37,04/04/1985,1,07,4,2,1,01,3,4,3,2,005000,1,1,8119,16507
00,1022,3,12A218,07,40059,1,1,0,03,-,1,6,1,41,10/02/1981,1,07,4,2,5,01,5,5,2,1,999999,1, ,8119,0
00,1022,3,12A218,07,40059,2,1,0,01,-,1,1,2,65,05/08/1957,1,04,3,2,2,07, , , , , ,1,1,8119,8254
00,1022,3,12A218,07,40059,3,1,0,06,-,1,5,2,07,15/10/2014,1,02,2,1, , , , , , , ,1, ,8119,0
00,1022,3,12A218,07,40059,3,1,0,01,-,1,1,1,63,24/07/1959,1,07,4,2,5,01,3,7,3,2,999999,1, ,8119,0
00,1022,3,12A218,07,40059,3,1,0,02,-,1,2,2,61,20/01/1961,1,03,3,2,5,07, , , , , ,1, ,8119,0
00,1022,3,12A218,07,40059,3,1,0,04,-,1,3,2,31,14/08/1991,1,04,3,2,5,07, , , , , ,1, ,8119,0
00,1022,3,12A218,07,40059,3,1,0,03,-,1,5,1,32,15/12/1989,1,04,3,2,5,01,4,4,3,2,005000,1,1,8119,33015
00,1022,3,12A218,07,40059,3,1,0,05,-,1,5,2,10,05/08/2012,1,02,4,1, , , , , , , ,1, ,8119,0
00,1022,3,12A218,07,40059,4,1,0,02,-,1,2,2,32,20/04/1990,1,04,3,2,1,07, , , , , ,1, ,8119,0
00,1022,3,12A218,07,40059,4,1,0,05,-,1,3,2,06,27/10/2015,1,02,1,1, , , , , , , ,1, ,8119,0
00,1022,3,12A218,07,40059,4,1,0,03,-,1,3,1,13,18/10/2009,1,03,1,1,6,06, , , , , ,1, ,8119,0
00,1022,3,12A218,07,40059,4,1,0,04,-,1,3,1,08,30/06/2014,1,02,2,1, , , , , , , ,1, ,8119,0
00,1022,3,12A218,07,40059,1,1,0,01,-,1,1,2,40,15/01/1982,1,07,4,2,5,01,1,7,3,2,999999,1, ,8119,0
00,1022,3,11A218,07,40065,3,1,0,05,-,1,3,2,09,18/07/2013,1,02,3,1, , , , , , , ,1, ,24482,0
00,1022,3,11A218,07,40065,3,1,0,03,-,1,4,2,64,24/10/1957,2,00, ,2,4,07, , , , , ,1,1,24482,73446
00,1022,3,11A218,07,40065,3,1,0,02,-,1,2,2,42,16/06/1980,1,03,3,2,1,07, , , , , ,1, ,24482,0
00,1022,3,11A218,07,40065,3,1,0,04,-,1,3,2,16,16/03/2006,1,04,2,1,6,06, , , , , ,1, ,24482,0
00,1022,3,11A218,07,40065,2,1,0,04,-,1,3,1,09,18/09/2013,2,00, ,1, , , , , , , ,1, ,24482,0
00,1022,3,11A218,07,40065,2,1,0,01,-,1,1,1,50,30/04/1972,1,02,6,2,1,01,5,6,5,1,000500,1, ,24482,0
00,1022,3,11A218,07,40065,2,1,0,03,-,1,3,1,10,26/05/2012,1,02,3,1, , , , , , , ,1, ,24482,0
00,1022,3,11A218,07,40065,2,1,0,02,-,1,2,2,37,15/01/1985,1,03,3,2,1,01,5,5,3,1,001000,1,1,24482,48964
00,1022,3,11A218,07,40065,4,1,0,02,-,1,2,2,42,28/06/1980,1,02,6,2,1,01,4,4,2,1,000300,1, ,24482,0
00,1022,3,11A218,07,40065,4,1,0,03,-,1,3,1,19,04/11/2002,2,00, ,2,6,02,4,4,6,5, ,1, ,24482,0
00,1022,3,11A218,07,40065,4,1,0,01,-,1,1,1,47,08/12/1974,1,03,3,2,1,10, , , , , ,1,1,24482,73446
00,1022,3,11A218,07,40065,3,1,0,01,-,1,1,1,67,04/08/1955,1,05,4,2,1,01,5,5,5,1,000500,1, ,24482,0
00,1022,3,11A218,07,40065,1,1,0,01,-,1,1,2,50,04/05/1972,1,04,1,2,6,01,5,5,3,2,003500,1,1,24482,24482
00,1022,7,12A204,07,40133,2,1,0,01,-,1,1,1,36,02/11/1985,1,08,3,2,5,01,1,5,3,2,002000,1, ,7469,0
00,1022,7,12A204,07,40133,3,1,0,04,-,1,7,1,31,21/09/1991,1,08,2,2,6,01,3,7,3,2,008000,1, ,7469,0
00,1022,7,12A204,07,40133,2,1,0,05,-,1,3,2,09,17/09/2013,1,01,2,1, , , , , , , ,1, ,7469,0
00,1022,7,12A204,07,40133,2,1,0,02,-,1,2,2,36,16/05/1986,1,07,4,2,5,01,1,5,3,2,010000,1,1,7469,22781
00,1022,7,12A204,07,40133,2,1,0,04,-,1,3,1,10,14/08/2012,1,02,3,1, , , , , , , ,1, ,7469,0
00,1022,7,12A204,07,40133,2,1,0,03,-,1,4,2,66,22/10/1955,1,07,4,2,1,07, , , , , ,1, ,7469,0
00,1022,7,12A204,07,40133,3,1,0,03,-,1,3,2,13,15/08/2009,1,02,6,1,6,06, , , , , ,1, ,7469,0
00,1022,7,12A204,07,40133,3,1,0,01,-,1,1,1,43,14/11/1978,1,08,2,2,5,01,1,7,3,2,012000,1, ,7469,0
00,1022,7,12A204,07,40133,3,1,0,02,-,1,2,2,41,26/02/1981,1,07,4,2,5,07, , , , , ,1,1,7469,22781
00,1022,7,12A204,07,40133,4,1,0,02,-,1,2,2,33,11/08/1989,1,07,4,1,5,01,1,5,2,3,005000,1,1,7469,15187
00,1022,7,12A204,07,40133,4,1,0,01,-,1,1,1,35,06/09/1987,1,07,4,2,5,01,7,5,3,2,005000,1, ,7469,0
00,1022,7,12A204,07,40133,4,1,0,03,-,1,3,2,05,19/12/2016,1,01,3,1, , , , , , , ,1, ,7469,0
00,1022,7,12A204,07,40133,1,1,1,01,-,1,1,2,40,13/08/1982,1,07,5,2,5,01,5,4,5,1,004000,1,1,7469,7594
00,1022,7,12A204,07,40133,1,1,1,02,-,1,3,1,12,13/05/2010,1,02,6,1,6,06, , , , , ,1, ,7469,0
00,1022,6,11A205,07,40165,2,1,0,01,-,1,1,1,66,09/04/1956,1,04,3,2,5,01,7,5,2,1,000200,1, ,9636,0
00,1022,6,11A205,07,40165,4,1,0,01,-,1,1,2,54,15/06/1968,1,07,4,2,3,01,5,5,3,2,999999,1,1,9636,9701
00,1022,6,11A205,07,40165,2,1,0,02,-,1,2,2,47,25/06/1975,1,04,3,2,5,01,7,2,2,1,000250,1,1,9636,19402
00,1022,6,11A205,07,40165,3,1,0,05,-,1,3,1,14,31/08/2008,1,03,1,1,6,06, , , , , ,1, ,9636,0
00,1022,6,11A205,07,40165,1,1,0,01,-,1,1,2,54,02/05/1968,1,03,3,2,1,01,5,5,3,2,001500,1,1,9636,9701
00,1022,6,11A205,07,40165,3,1,0,03,-,1,3,2,19,14/04/2003,1,04,3,1,6,06, , , , , ,1,1,9636,29102
00,1022,6,11A205,07,40165,3,1,0,01,-,1,1,1,42,28/09/1980,1,07,5,2,5,01,3,5,3,2,002000,1, ,9636,0
00,1022,6,11A205,07,40165,3,1,0,02,-,1,2,2,42,12/09/1980,1,03,3,2,5,07, , , , , ,1, ,9636,0
00,1022,6,11A205,07,40165,3,1,0,04,-,1,3,2,16,26/08/2006,1,03,3,1,6,06, , , , , ,1, ,9636,0
00,1022,2,11B211,07,40258,2,1,0,01,-,1,1,1,28,05/01/1994,1,04,3,2,5,01,5,5,2,3,004000,1,1,16852,33931
00,1022,2,11B211,07,40258,3,1,0,02,-,1,2,2,37,12/04/1985,1,02,4,2,5,01,5,5,3,1,001000,1, ,16852,0
00,1022,2,11B211,07,40258,3,1,0,05,-,1,3,1,13,04/12/2008,1,03,1,1,6,06, , , , , ,1, ,16852,0
00,1022,2,11B211,07,40258,3,1,0,06,-,1,3,1,07,27/07/2015,1,02,1,1, , , , , , , ,1, ,16852,0
00,1022,2,11B211,07,40258,3,1,0,01,-,1,1,1,37,08/07/1985,1,02,1,2,5,01,4,4,5,1,001200,1, ,16852,0
00,1022,2,11B211,07,40258,3,1,0,04,-,1,3,2,17,09/09/2005,1,04,2,1,6,06, , , , , ,1, ,16852,0
00,1022,2,11B211,07,40258,4,1,0,03,-,1,3,2,17,05/04/2005,1,04,1,1,6,06, , , , , ,1, ,16852,0
00,1022,2,11B211,07,40258,1,1,0,02,-,1,4,2,65,02/06/1957,2,00, ,2,4,07, , , , , ,1,1,16852,33931
00,1022,2,11B211,07,40258,1,1,0,01,-,1,1,1,40,15/07/1982,1,04,3,2,2,01,5,5,3,2,001500,1, ,16852,0
00,1022,2,11B211,07,40258,2,1,0,02,-,1,2,2,28,05/04/1994,1,04,3,2,5,01,5,5,3,1,001000,1, ,16852,0
00,1022,2,11B211,07,40258,4,1,0,01,-,1,1,1,36,30/01/1986,1,02,6,2,5,01,4,4,3,1,001200,1,1,16852,33931
00,1022,2,11B211,07,40258,4,1,0,04,-,1,3,1,09,06/03/2013,1,02,3,1, , , , , , , ,1, ,16852,0
00,1022,2,11B211,07,40258,4,1,0,02,-,1,2,2,37,27/03/1985,1,03,3,2,5,01,4,4,3,1,000800,1, ,16852,0
00,1022,2,11B211,07,40258,3,1,0,03,-,1,3,2,18,22/02/2004,1,04,3,2,6,01,4,4,3,1,001050,1,1,16852,50896
00,1022,5,13A206,07,40297,4,1,0,02,-,1,2,2,44,24/09/1978,1,07,5,2,5,07, , , , , ,1, ,7912,0
00,1022,5,13A206,07,40297,4,1,0,03,-,1,3,2,18,09/04/2004,1,04,2,1,6,06, , , , , ,1, ,7912,0
00,1022,5,13A206,07,40297,4,1,0,01,-,1,1,1,48,11/11/1973,1,09,3,2,5,01,2,2,3,2,012500,1,1,7912,24099
00,1022,5,13A206,07,40297,4,1,0,04,-,1,3,1,16,06/09/2006,1,03,3,1,6,06, , , , , ,1, ,7912,0
00,1022,5,13A206,07,40297,2,1,0,03,-,1,4,2,57,26/11/1964,1,07,4,2,3,01,5,5,3,2,003000,1,1,7912,8033
00,1022,5,13A206,07,40297,2,1,0,02,-,2, , , , , , , , , , , , , , , ,1, ,0,0
00,1022,2,13A206,07,40297,2,1,0,01,-,2, , , , , , , , , , , , , , , ,1, ,0,0
00,1022,5,13A206,07,40297,4,1,0,05,-,1,3,1,12,07/02/2010,1,02,5,1,6,06, , , , , ,1, ,7912,0
00,1022,5,13A206,07,40297,3,1,0,01,-,1,1,1,44,22/11/1977,1,07,5,2,5,01,4,5,3,3,999999,1, ,7912,0
00,1022,5,13A206,07,40297,3,1,0,02,-,1,2,2,33,24/02/1989,1,09,2,2,5,07, , , , , ,1,1,7912,16066
00,1022,8,11A203,07,40319,1,1,0,01,-,1,1,1,35,27/08/1987,1,04,3,2,6,01,4,4,3,2,001500,1,1,8018,8072
00,1022,8,11A203,07,40319,1,1,0,02,-,1,7,1,12,23/08/2010,1,02,4,1,6,06, , , , , ,1, ,8018,0
00,1022,4,11A203,07,40319,4,1,0,09,-,2, , , , , , , , , , , , , , , ,1, ,0,0
00,1022,8,11A203,07,40319,4,1,0,05,-,1,3,1,18,14/02/2004,1,04,1,2,6,07, , , , , ,1, ,8018,0
00,1022,8,11A203,07,40319,4,1,0,01,-,1,1,1,62,01/10/1960,1,07,4,2,5,08, , , , , ,1, ,8018,0
00,1022,8,11A203,07,40319,4,1,0,02,-,1,2,2,51,01/01/1971,1,03,1,2,5,01,7,5,3,2,001600,1,1,8018,32286
00,1022,8,11A203,07,40319,4,1,0,04,-,1,3,2,20,17/05/2002,1,07,1,1,6,06, , , , , ,1, ,8018,0
00,1022,8,11A203,07,40319,3,1,0,04,-,1,3,1,15,02/04/2007,1,02,4,2,6,07, , , , , ,1, ,8018,0
00,1022,8,11A203,07,40319,3,1,0,02,-,1,2,2,37,16/07/1985,1,02,6,2,1,01,5,5,2,1,001400,1,1,8018,16143
00,1022,8,11A203,07,40319,3,1,0,03,-,1,3,2,17,19/04/2005,1,02,6,2,6,01,4,4,3,1,001400,1, ,8018,0
00,1022,8,11A203,07,40319,3,1,0,05,-,1,3,2,08,13/10/2013,1,02,1,1, , , , , , , ,1, ,8018,0
00,1022,8,11A203,07,40319,3,1,0,01,-,1,1,1,51,08/04/1971,1,02,6,2,2,01,4,4,3,1,001400,1, ,8018,0
00,1022,4,11A203,07,40319,4,1,0,03,-,2, , , , , , , , , , , , , , , ,1, ,0,0
00,1022,4,11A203,07,40319,4,1,0,06,-,2, , , , , , , , , , , , , , , ,1, ,0,0
00,1022,4,11A203,07,40319,4,1,0,07,-,2, , , , , , , , , , , , , , , ,1, ,0,0
00,1022,4,11A203,07,40319,4,1,0,08,-,2, , , , , , , , , , , , , , , ,1, ,0,0
00,1022,8,12A203,07,40351,1,1,0,04,-,1,5,1,22,02/04/2000,1,07,1,1,6,01,4,4,3,2,002100,1,1,6120,31108
00,1022,8,12A203,07,40351,1,1,0,03,-,1,3,2,39,06/09/1983,1,07,4,2,6,01,1,5,3,2,002000,1, ,6120,0
00,1022,8,12A203,07,40351,1,1,0,05,-,1,5,2,19,26/08/2003,1,04,1,1,6,06, , , , , ,1, ,6120,0
00,1022,8,12A203,07,40351,1,1,0,02,-,1,2,2,78,21/10/1943,1,03,1,2,5,07, , , , , ,1, ,6120,0
00,1022,8,12A203,07,40351,1,1,0,06,-,1,5,2,12,09/05/2010,1,02,4,1,6,06, , , , , ,1, ,6120,0
00,1022,8,12A203,07,40351,1,1,0,01,-,1,1,1,78,15/04/1944,1,03,1,2,5,10, , , , , ,1, ,6120,0
00,1022,8,12A203,07,40351,4,1,0,01,-,1,1,2,68,31/05/1954,1,07,5,2,4,08, , , , , ,1,1,6120,6221
00,1022,8,12A203,07,40351,3,1,0,02,-,1,4,2,92,29/04/1930,1,02,3,2,4,10, , , , , ,1, ,6120,0
00,1022,8,12A203,07,40351,3,1,0,01,-,1,1,2,73,15/09/1949,1,07,4,2,2,08, , , , , ,1,1,6120,12443
00,1022,1,11B212,07,40354,2,1,0,03,-,1,3,1,22,20/05/2000,1,07,4,1,6,06, , , , , ,1, ,6367,0
00,1022,1,11B212,07,40354,2,1,0,04,-,1,3,2,19,15/08/2003,1,07,1,1,6,06, , , , , ,1, ,6367,0
00,1022,1,11B212,07,40354,2,1,0,02,-,1,4,1,79,30/05/1943,2,00, ,2,4,10, , , , , ,1, ,6367,0
00,1022,1,11B212,07,40354,4,1,0,01,-,1,1,2,43,03/03/1979,1,07,4,2,6,01,5,5,3,2,003000,1,1,6367,6410
00,1022,1,11B212,07,40354,2,1,0,01,-,1,1,2,40,31/12/1981,1,07,4,2,2,01,3,7,3,2,007000,1,1,6367,25639
00,1022,1,11B212,07,40354,3,1,0,04,-,1,3,2,21,26/07/2001,1,04,3,1,6,06, , , , , ,1, ,6367,0
00,1022,1,11B212,07,40354,2,1,0,05,-,1,3,1,14,04/04/2008,1,03,2,1,6,06, , , , , ,1, ,6367,0
00,1022,1,11B212,07,40354,3,1,0,01,-,1,1,1,56,22/05/1966,1,07,4,2,5,01,1,5,2,1,999999,1, ,6367,0
00,1022,1,11B212,07,40354,3,1,0,02,-,1,2,2,48,21/03/1974,1,07,4,2,5,01,4,4,2,3,999999,1,1,6367,25639
00,1022,1,11B212,07,40354,3,1,0,03,-,1,3,1,22,01/09/2000,1,07,4,2,6,02,4,4,6,5, ,1, ,6367,0
00,1022,5,11A206,07,40356,4,1,0,01,-,1,1,1,58,24/08/1964,1,07,5,2,5,01,3,3,5,1,003000,1,1,7474,7524
00,1022,2,11A206,07,40356,4,1,0,04,-,2, , , , , , , , , , , , , , , ,1, ,0,0
00,1022,2,11A206,07,40356,4,1,0,03,-,2, , , , , , , , , , , , , , , ,1, ,0,0
00,1022,2,11A206,07,40356,4,1,0,02,-,2, , , , , , , , , , , , , , , ,1, ,0,0
00,1022,5,11A206,07,40356,2,1,0,02,-,1,3,2,41,06/12/1980,1,07,4,2,6,04, , , , , ,1, ,7474,0
00,1022,5,11A206,07,40356,2,1,0,01,-,1,1,2,68,01/09/1954,1,02,6,2,3,07, , , , , ,1,1,7474,15049
00,1022,5,11A206,07,40356,1,1,0,01,-,1,1,2,79,03/10/1943,1,06,3,2,4,07, , , , , ,1, ,7474,0
00,1022,5,11A206,07,40356,1,1,0,03,-,1,5,2,41,04/10/1981,1,07,2,2,1,01,4,5,3,2,999999,1, ,7474,0
00,1022,5,11A206,07,40356,1,1,0,02,-,1,3,1,42,01/10/1980,1,07,1,2,1,01,7,5,2,1,000800,1,1,7474,22573
00,1022,5,11A206,07,40356,3,1,0,05,-,3,2,1,70,07/04/1952,1,02,6,2,5,08, , , , , ,1, ,7474,0
00,1022,5,11A206,07,40356,3,1,0,06,-,3,3,1,37,20/01/1985,1,07,4,2,6,01,1,7,3,2,999999,1, ,7474,0
00,1022,5,11A206,07,40356,3,1,0,02,-,1,2,1,71,05/09/1951,1,05,4,2,5,08, , , , , ,1,1,7474,22573
00,1022,2,11A206,07,40356,3,1,0,04,-,2, , , , , , , , , , , , , , , ,1, ,0,0
00,1022,2,11A206,07,40356,3,1,0,03,-,2, , , , , , , , , , , , , , , ,1, ,0,0
00,1022,2,11A206,07,40356,3,1,0,01,-,2, , , , , , , , , , , , , , , ,1, ,0,0
00,1022,2,11A206,07,40356,4,1,0,05,-,2, , , , , , , , , , , , , , , ,1, ,0,0
00,1022,4,11A217,07,40379,3,1,0,01,-,1,1,1,46,10/10/1976,1,07,4,2,5,01,3,7,3,2,010000,1, ,7521,0
00,1022,4,11A217,07,40379,3,1,0,02,-,1,2,2,45,16/10/1977,1,07,4,2,5,01,3,5,3,2,010000,1, ,7521,0
00,1022,4,11A217,07,40379,1,1,0,01,-,1,1,1,27,10/03/1995,1,03,3,2,1,01,5,5,3,1,002200,1,1,7521,15143
00,1022,4,11A217,07,40379,1,1,0,04,-,1,3,2,04,22/08/2018, , , , , , , , , , , ,1, ,7521,0
00,1022,4,11A217,07,40379,1,1,0,02,-,1,2,2,27,25/09/1995,1,04,3,2,1,07, , , , , ,1, ,7521,0
00,1022,4,11A217,07,40379,2,1,0,02,-,1,3,1,45,16/07/1977,1,02,3,2,1,01,5,5,4,1,005000,1,1,7521,30286
00,1022,4,11A217,07,40379,2,1,0,01,-,1,1,1,66,15/08/1956,2,00, ,2,1,01,5,5,2,1,001000,1, ,7521,0
00,1022,4,11A217,07,40379,2,1,0,04,-,1,2,2,65,06/08/1957,2,00, ,2,1,07, , , , , ,1, ,7521,0
00,1022,4,11A217,07,40379,3,1,0,05,-,1,3,2,10,31/07/2012,1,02,3,1, , , , , , , ,1, ,7521,0
00,1022,4,11A217,07,40379,1,1,0,03,-,1,3,1,06,14/07/2016,1,01,2,1, , , , , , , ,1, ,7521,0
00,1022,4,11A217,07,40379,2,1,0,03,-,1,3,1,42,15/04/1980,1,02,5,2,2,01,5,5,2,1,999999,1, ,7521,0
00,1022,4,11A217,07,40379,4,1,0,04,-,1,3,2,23,29/11/1998,1,04,3,2,5,07, , , , , ,1, ,7521,0
00,1022,4,11A217,07,40379,4,1,0,02,-,1,2,1,46,29/05/1976,1,03,3,2,5,01,5,5,2,1,000200,1,1,7521,30286
00,1022,4,11A217,07,40379,4,1,0,03,-,1,5,1,23,23/06/1999,1,07,4,2,5,01,4,4,3,1,001800,1, ,7521,0
00,1022,4,11A217,07,40379,4,1,0,05,-,1,3,2,15,24/04/2007,1,03,2,1,6,06, , , , , ,1, ,7521,0
00,1022,4,11A217,07,40379,4,1,0,06,-,1,5,2,02,16/04/2020, , , , , , , , , , , ,1, ,7521,0
00,1022,4,11A217,07,40379,4,1,0,01,-,1,1,2,47,24/07/1975,1,03,3,2,5,07, , , , , ,1, ,7521,0
00,1022,4,11A217,07,40379,3,1,0,03,-,1,3,2,19,07/10/2003,1,04,3,1,6,06, , , , , ,1,1,7521,22715
00,1022,4,11A217,07,40379,3,1,0,04,-,1,3,2,11,06/02/2011,1,02,4,1, , , , , , , ,1, ,7521,0
00,1022,1,11B212,07,40418,1,1,0,01,-,1,1,1,48,20/11/1973,1,03,3,2,6,01,5,5,3,2,002600,1,1,9604,9668
00,1022,1,11B212,07,40418,4,1,0,01,-,1,1,1,46,20/08/1976,1,03,3,2,5,01,4,2,5,1,001000,1,1,9604,9668
00,1022,1,11B212,07,40418,3,1,0,02,-,1,2,2,35,23/04/1987,1,03,2,2,1,07, , , , , ,1,1,9604,19336
00,1022,1,11B212,07,40418,3,1,0,04,-,1,3,1,05,14/03/2017,2,01,2,1, , , , , , , ,1, ,9604,0
00,1022,1,11B212,07,40418,2,1,0,01,-,1,1,1,30,06/11/1991,1,02,1,2,1,01,7,3,4,1,001500,1, ,9604,0
00,1022,1,11B212,07,40418,3,1,0,05,-,1,3,2,00,23/02/2022, , , , , , , , , , , ,1, ,9604,0
00,1022,1,11B212,07,40418,3,1,0,01,-,1,1,1,35,31/08/1987,1,03,2,2,1,01,5,5,1,1,002000,1, ,9604,0
00,1022,1,11B212,07,40418,2,1,0,03,-,1,3,1,02,05/03/2020, , , , , , , , , , , ,1, ,9604,0
00,1022,1,11B212,07,40418,2,1,0,02,-,1,2,2,21,06/10/2000,1,04,3,2,1,07, , , , , ,1,1,9604,19336
00,1022,1,11B212,07,40418,3,1,0,03,-,1,3,2,10,06/11/2011,1,02,4,1, , , , , , , ,1, ,9604,0
00,1022,3,12A218,08,40028,2,1,0,02,-,1,2,2,44,23/09/1978,1,04,3,2,5,01,5,2,3,1,001800,1, ,7501,0
00,1022,3,12A218,08,40028,4,1,0,01,-,1,1,2,52,09/01/1970,1,03,3,2,4,07, , , , , ,1,1,7501,22879
00,1022,3,12A218,08,40028,4,1,0,02,-,1,6,1,54,12/03/1968,1,03,3,2,6,09, , , , , ,1, ,7501,0
00,1022,3,12A218,08,40028,3,1,0,03,-,1,3,2,26,03/08/1996,1,07,4,2,6,01,5,3,3,1,999999,1, ,7501,0
00,1022,3,12A218,08,40028,3,1,0,01,-,1,1,1,53,13/06/1969,1,04,3,1,5,01,5,2,3,1,003000,1,1,7501,22879
00,1022,3,12A218,08,40028,3,1,0,02,-,1,2,2,51,25/01/1971,1,03,2,2,5,08, , , , , ,1, ,7501,0
00,1022,3,12A218,08,40028,1,1,0,03,-,1,4,2,76,18/03/1946,1,02,6,2,4,07, , , , , ,1, ,7501,0
00,1022,3,12A218,08,40028,1,1,0,01,-,1,1,1,48,15/09/1974,1,07,4,2,5,04, , , , , ,1, ,7501,0
00,1022,3,12A218,08,40028,2,1,0,01,-,1,1,1,44,04/08/1978,1,04,3,2,5,01,5,2,3,1,002500,1, ,7501,0
00,1022,3,12A218,08,40028,2,1,0,05,-,1,5,2,10,02/06/2012,1,02,4,1, , , , , , , ,1, ,7501,0
00,1022,3,12A218,08,40028,4,1,0,03,-,1,7,2,20,07/06/2002,1,06,4,2,6,01,5,5,3,2,999999,1, ,7501,0
00,1022,3,12A218,08,40028,2,1,0,04,-,2, , , , , , , , , , , , , , , ,1, ,0,0
00,1022,3,12A218,08,40028,2,1,0,03,-,1,3,2,27,18/04/1995,1,06,4,2,6,01,5,2,3,1,001800,1,1,7501,22879
00,1022,3,12A218,08,40028,1,1,0,02,-,1,2,2,42,18/12/1979,1,07,4,2,5,01,1,7,3,2,999999,1,1,7501,22879
15,1022,5,12A204,08,40099,3,1,0,07,-,2, , , , , , , , , , , , , , , ,1, ,0,0
15,1022,5,12A204,08,40099,3,1,0,04,-,2, , , , , , , , , , , , , , , ,1, ,0,0
15,1022,5,12A204,08,40099,3,1,0,03,-,2, , , , , , , , , , , , , , , ,1, ,0,0
15,1022,7,12A204,08,40099,3,1,0,08,-,1,3,1,05,09/07/2017,2,01,1,1, , , , , , , ,1, ,7828,0
15,1022,7,12A204,08,40099,3,1,0,05,-,1,3,1,16,05/12/2005,1,03,3,1,6,06, , , , , ,1, ,7828,0
15,1022,7,12A204,08,40099,3,1,0,02,-,1,2,2,41,09/04/1981,1,06,3,2,5,01,5,4,3,1,003600,1, ,7828,0
15,1022,7,12A204,08,40099,3,1,0,06,-,1,3,1,10,26/10/2011,1,02,5,1, , , , , , , ,1, ,7828,0
15,1022,7,12A204,08,40099,3,1,0,01,-,1,1,1,43,15/06/1979,1,02,6,2,5,01,5,5,3,1,010000,1,1,7828,0
00,1022,7,13A204,08,40102,3,1,0,01,-,1,1,2,72,05/05/1950,1,06,5,2,4,08, , , , , ,1, ,9986,0
00,1022,7,13A204,08,40102,2,1,0,03,-,1,5,1,03,28/11/2018, , , , , , , , , , , ,1, ,9986,0
00,1022,7,13A204,08,40102,2,1,0,01,-,1,1,2,69,23/02/1953,1,07,5,2,4,08, , , , , ,1,1,9986,20278
00,1022,7,13A204,08,40102,4,1,0,04,-,1,3,1,14,09/07/2008,1,03,1,1,6,06, , , , , ,1, ,9986,0
00,1022,7,13A204,08,40102,4,1,0,05,-,1,3,2,14,09/07/2008,1,03,1,1,6,06, , , , , ,1, ,9986,0
00,1022,7,13A204,08,40102,4,1,0,02,-,1,2,2,40,05/03/1982,1,04,3,2,5,01,5,4,1,1,999999,1,1,9986,30416
00,1022,7,13A204,08,40102,4,1,0,03,-,1,3,2,22,19/09/2000,1,07,2,1,6,06, , , , , ,1, ,9986,0
00,1022,7,13A204,08,40102,2,1,0,02,-,1,3,2,44,07/02/1978,1,09,2,2,6,01,1,7,3,2,026000,1, ,9986,0
00,1022,7,13A204,08,40102,3,1,0,04,-,1,5,2,08,26/05/2014,1,02,1,1, , , , , , , ,1, ,9986,0
00,1022,7,13A204,08,40102,3,1,0,03,-,1,3,2,38,18/03/1984,1,07,4,2,6,01,5,5,3,2,999999,1, ,9986,0
00,1022,7,13A204,08,40102,3,1,0,02,-,1,3,1,47,03/08/1975,1,07,5,2,3,01,1,2,3,1,999999,1,1,9986,30416
00,1022,7,13A204,08,40102,3,1,0,05,-,3,5,1,17,05/04/2005,1,04,2,1,6,06, , , , , ,1, ,9986,0
00,1022,7,13A204,08,40102,4,1,0,01,-,1,1,1,51,29/11/1970,1,07,5,2,5,01,1,4,3,2,999999,1, ,9986,0
00,1022,6,12A205,08,40195,1,1,0,03,-,1,3,2,30,12/08/1992,1,03,3,2,3,07, , , , , ,1,1,7355,22433
00,1022,6,12A205,08,40195,1,1,0,01,-,1,1,2,55,16/07/1967,1,04,3,2,5,07, , , , , ,1, ,7355,0
00,1022,6,12A205,08,40195,4,1,0,01,-,1,1,2,64,04/05/1958,1,02,6,2,2,01,5,4,5,1,001000,1,1,7355,7478
00,1022,6,12A205,08,40195,1,1,0,05,-,1,5,1,07,02/07/2015,2,00, ,1, , , , , , , ,1, ,7355,0
00,1022,6,12A205,08,40195,1,1,0,02,-,1,2,1,63,01/01/1959,1,03,3,2,5,01,5,5,3,2,999999,1, ,7355,0
00,1022,6,12A205,08,40195,1,1,0,04,-,1,5,2,09,18/07/2013,1,02,2,1, , , , , , , ,1, ,7355,0
00,1022,6,12A205,08,40195,2,1,0,01,-,1,1,1,28,09/03/1994,1,07,4,2,6,01,1,7,3,2,999999,1,1,7355,7478
00,1022,2,13B211,08,40223,1,1,0,01,-,1,1,2,88,20/01/1934,1,06,3,2,4,08, , , , , ,1, ,10209,0
00,1022,2,13B211,08,40223,1,1,0,02,-,1,3,2,61,09/08/1961,1,04,3,2,6,08, , , , , ,1,1,10209,20731
00,1022,6,11A205,08,40233,4,1,0,05,-,1,3,2,02,20/06/2020, , , , , , , , , , , ,1, ,7878,0
00,1022,6,11A205,08,40233,4,1,0,04,-,1,3,1,10,11/07/2012,1,02,3,1, , , , , , , ,1, ,7878,0
00,1022,6,11A205,08,40233,4,1,0,03,-,1,3,2,14,11/05/2008,1,03,1,1,6,06, , , , , ,1, ,7878,0
00,1022,6,11A205,08,40233,4,1,0,01,-,1,1,2,32,03/06/1990,1,02,6,2,1,01,5,2,3,1,001100,1,1,7878,15862
00,1022,6,11A205,08,40233,2,1,0,03,-,1,3,1,15,15/12/2006,1,03,3,2,6,01,5,5,3,1,001200,1, ,7878,0
00,1022,6,11A205,08,40233,2,1,0,06,-,1,3,2,04,11/09/2018, , , , , , , , , , , ,1, ,7878,0
00,1022,6,11A205,08,40233,2,1,0,02,-,1,2,2,35,24/05/1987,1,03,3,2,5,07, , , , , ,1,1,7878,15862
00,1022,6,11A205,08,40233,3,1,0,01,-,1,1,1,68,07/06/1954,1,02,4,2,3,01,5,3,3,1,001500,1,1,7878,15862
00,1022,6,11A205,08,40233,3,1,0,02,-,1,3,1,31,29/03/1991,1,02,5,2,6,09, , , , , ,1, ,7878,0
00,1022,6,11A205,08,40233,1,1,0,01,-,1,1,2,66,12/08/1956,1,02,5,2,4,07, , , , , ,1,1,7878,23794
00,1022,6,11A205,08,40233,1,1,0,02,-,1,5,1,13,14/12/2008,1,02,6,1,6,06, , , , , ,1, ,7878,0
00,1022,6,11A205,08,40233,1,1,0,03,-,1,5,2,06,10/04/2016,2,00, ,1, , , , , , , ,1, ,7878,0
00,1022,6,11A205,08,40233,1,1,0,04,-,1,5,1,04,24/08/2018, , , , , , , , , , , ,1, ,7878,0
00,1022,6,11A205,08,40233,1,1,0,05,-,1,3,2,32,15/06/1990,1,02,6,1,6,06, , , , , ,1, ,7878,0
00,1022,6,11A205,08,40233,1,1,0,06,-,1,5,1,30,15/06/1992,1,02,4,2,1,01,5,5,3,1,999999,1, ,7878,0
00,1022,6,11A205,08,40233,2,1,0,04,-,1,3,1,13,15/07/2009,1,02,6,1,6,06, , , , , ,1, ,7878,0
00,1022,6,11A205,08,40233,2,1,0,01,-,1,1,1,39,03/06/1983,1,03,3,2,5,01,5,5,2,1,001400,1, ,7878,0
00,1022,6,11A205,08,40233,2,1,0,05,-,1,2,2,10,16/08/2012,1,02,3,1, , , , , , , ,1, ,7878,0
00,1022,6,11A205,08,40233,4,1,0,02,-,1,2,1,35,14/07/1987,1,07,4,2,1,01,5,3,2,1,002000,1, ,7878,0
00,1022,2,11B211,08,40287,3,1,0,02,-,1,6,1,33,13/06/1989,1,02,6,2,6,07, , , , , ,1,1,8668,17452
00,1022,2,11B211,08,40287,4,1,0,02,-,1,2,2,58,19/09/1964,1,03,3,2,5,07, , , , , ,1, ,8668,0
00,1022,2,11B211,08,40287,4,1,0,01,-,1,1,1,62,02/01/1960,1,02,6,2,5,01,5,5,3,1,002500,1,1,8668,26178
00,1022,2,11B211,08,40287,4,1,0,03,-,1,3,1,32,05/09/1990,1,04,3,2,6,01,5,2,3,1,999999,1, ,8668,0
00,1022,2,11B211,08,40287,1,1,0,01,-,1,1,1,51,03/03/1971,1,02,4,2,6,01,5,3,2,1,001200,1,1,8668,8726
00,1022,2,11B211,08,40287,3,1,0,01,-,1,1,1,38,24/11/1983,1,03,2,2,6,01,5,3,2,1,999999,1, ,8668,0
00,1022,2,11B211,08,40287,2,1,0,01,-,1,1,2,33,21/12/1988,1,03,3,2,6,01,5,5,2,1,999999,1,1,8668,17452
00,1022,2,11B211,08,40287,2,1,0,02,-,1,4,2,52,15/06/1970,1,03,3,2,5,07, , , , , ,1, ,8668,0
00,1022,4,13A217,08,40315,4,1,0,01,-,1,1,1,49,16/09/1973,1,07,4,2,5,01,1,7,3,2,999999,1, ,10491,0
00,1022,4,13A217,08,40315,4,1,0,03,-,1,3,2,19,19/03/2003,1,04,3,1,6,06, , , , , ,1, ,10491,0
00,1022,4,13A217,08,40315,4,1,0,05,-,1,3,2,11,08/07/2011,1,02,5,1, , , , , , , ,1, ,10491,0
00,1022,4,13A217,08,40315,4,1,0,02,-,1,2,2,47,06/07/1975,1,07,4,2,5,01,4,4,2,1,999999,1,1,10491,47934
00,1022,4,13A217,08,40315,4,1,0,04,-,1,3,1,15,10/10/2007,1,03,3,1,6,06, , , , , ,1, ,10491,0
15,1022,4,13A217,08,40315,1,1,0,01,-,1,1,2,45,13/09/1977,1,07,4,2,6,01,5,7,3,2,999999,1,1,10491,0
15,1022,4,13A217,08,40315,1,1,0,02,-,1,3,1,24,09/03/1998,1,07,3,1,6,06, , , , , ,1, ,10491,0
15,1022,4,13A217,08,40315,1,1,0,03,-,1,6,1,25,21/05/1997,1,07,4,2,6,04, , , , , ,1, ,10491,0
00,1022,4,13A217,08,40315,2,1,0,02,-,1,2,1,38,06/11/1983,1,07,4,2,5,01,4,4,2,1,999999,1, ,10491,0
00,1022,4,13A217,08,40315,2,1,0,04,-,1,3,2,10,23/09/2012,1,02,4,1, , , , , , , ,1, ,10491,0
00,1022,4,13A217,08,40315,2,1,0,03,-,1,3,1,20,09/01/2002,1,07,2,1,6,01,4,4,3,1,999999,1, ,10491,0
00,1022,4,13A217,08,40315,2,1,0,01,-,1,1,2,39,13/07/1983,1,04,3,1,5,01,4,4,2,1,999999,1,1,10491,47934
00,1022,8,12A203,08,40318,4,1,0,01,-,1,1,1,85,10/10/1937,1,02,6,2,5,07, , , , , ,1, ,8455,0
00,1022,8,12A203,08,40318,4,1,0,04,-,1,5,1,22,06/10/2000,1,06,3,2,6,01,5,4,3,1,999999,1, ,8455,0
00,1022,8,12A203,08,40318,1,1,0,01,-,1,1,1,59,04/03/1963,1,07,6,2,5,09, , , , , ,1, ,8455,0
00,1022,8,12A203,08,40318,4,1,0,02,-,1,3,2,47,19/08/1975,1,03,3,2,6,07, , , , , ,1, ,8455,0
00,1022,8,12A203,08,40318,4,1,0,03,-,1,2,2,79,16/02/1943,1,02,6,2,5,01,4,4,2,1,999999,1,1,8455,34382
00,1022,8,12A203,08,40318,1,1,0,02,-,1,2,2,59,14/04/1963,1,06,3,2,5,08, , , , , ,1,1,8455,17191
00,1022,8,12A203,08,40318,2,1,1,02,-,1,2,2,33,21/07/1989,1,08,4,2,1,01,1,7,3,2,999999,1, ,8455,0
00,1022,8,12A203,08,40318,2,1,1,01,-,1,1,1,32,10/10/1989,1,07,4,2,1,01,1,7,3,2,999999,1,1,8455,17191
00,1022,5,12A206,08,40327,4,1,1,01,-,1,1,1,35,21/06/1987,1,04,3,2,5,01,5,2,3,1,002000,1, ,7462,0
00,1022,5,12A206,08,40327,4,1,1,02,-,1,2,2,28,11/06/1994,1,04,3,2,5,01,5,2,3,1,001400,1,1,7462,15173
00,1022,5,12A206,08,40327,3,1,0,01,-,1,1,1,56,21/05/1966,1,06,3,2,5,01,5,5,3,1,002000,1, ,7462,0
00,1022,5,12A206,08,40327,1,1,0,01,-,1,1,2,82,31/08/1940,1,00, ,2,4,07, , , , , ,1,1,7462,7586
00,1022,5,12A206,08,40327,2,1,0,04,-,1,3,2,22,15/06/2000,1,03,3,2,6,01,5,2,3,1,001500,1, ,7462,0
00,1022,5,12A206,08,40327,2,1,0,02,-,1,2,2,53,26/06/1969,1,03,3,2,5,01,5,2,3,1,001500,1,1,7462,30345
00,1022,5,12A206,08,40327,2,1,0,03,-,1,3,1,24,15/06/1998,1,04,3,2,6,01,5,2,3,1,001500,1, ,7462,0
00,1022,5,12A206,08,40327,2,1,0,01,-,1,1,1,55,28/01/1967,1,03,3,2,5,01,5,5,2,1,001500,1, ,7462,0
00,1022,5,12A206,08,40327,3,1,0,04,-,1,3,2,22,13/05/2000,1,07,2,1,6,01,5,4,3,1,001300,1,1,7462,30345
00,1022,5,12A206,08,40327,3,1,0,02,-,1,2,2,53,22/01/1969,1,03,3,2,5,01,5,5,2,1,001700,1, ,7462,0
00,1022,5,12A206,08,40327,3,1,0,03,-,1,3,1,33,04/12/1988,1,03,3,2,3,01,5,5,3,1,002000,1, ,7462,0
00,1022,1,12B212,08,40352,3,1,0,04,-,1,3,2,15,27/07/2007,1,03,3,1,6,06, , , , , ,1, ,7650,0
00,1022,1,12B212,08,40352,3,1,0,03,-,1,4,2,67,31/12/1954,1,03,3,2,4,07, , , , , ,1,1,7650,23332
00,1022,1,12B212,08,40352,3,1,0,01,-,1,1,1,39,28/02/1983,1,03,3,2,5,01,5,4,3,1,999999,1, ,7650,0
00,1022,1,12B212,08,40352,3,1,0,05,-,1,3,1,00,17/03/2022, , , , , , , , , , , ,1, ,7650,0
00,1022,1,12B212,08,40352,3,1,0,02,-,1,2,2,38,04/10/1984,1,07,4,2,5,01,1,4,3,1,999999,1, ,7650,0
00,1022,1,12B212,08,40352,2,1,0,01,-,1,1,1,51,19/07/1971,1,03,3,2,5,01,5,2,3,1,001400,1, ,7650,0
00,1022,1,12B212,08,40352,2,1,0,02,-,1,2,2,47,26/05/1975,1,03,3,2,5,01,4,4,2,1,000700,1,1,7650,23332
00,1022,1,12B212,08,40352,1,1,0,01,-,1,1,1,75,21/03/1947,1,02,3,2,5,08, , , , , ,1, ,7650,0
00,1022,1,12B212,08,40352,1,1,0,02,-,1,2,2,73,27/02/1949,1,02,3,2,5,07, , , , , ,1,1,7650,15555
00,1022,1,12B212,08,40352,2,1,0,03,-,1,3,1,26,04/11/1995,1,04,3,2,6,09, , , , , ,1, ,7650,0
00,1022,4,12A217,08,40413,4,1,0,01,-,1,1,2,76,15/06/1946,1,03,3,2,5,07, , , , , ,1, ,8200,0
00,1022,4,12A217,08,40413,4,1,0,02,-,1,3,1,44,08/07/1978,1,02,6,2,2,01,5,3,3,1,002000,1,1,8200,16672
00,1022,4,12A217,08,40413,1,1,0,02,-,1,3,1,34,12/07/1988,2,00, ,2,6,09, , , , , ,1, ,8200,0
00,1022,4,12A217,08,40413,1,1,0,01,-,1,1,2,66,13/06/1956,1,00, ,2,4,01,5,4,2,1,001000,1,1,8200,16672
00,1022,4,12A217,08,40413,2,1,0,02,-,1,2,2,33,15/06/1989,1,07,4,2,1,07, , , , , ,1,1,8200,16672
00,1022,4,12A217,08,40413,2,1,0,01,-,1,1,1,33,15/06/1989,1,07,4,2,1,01,5,7,3,2,999999,1, ,8200,0
00,1022,4,12A217,08,40413,2,1,0,04,-,1,3,1,06,15/06/2016,2,01,3,1, , , , , , , ,1, ,8200,0
00,1022,4,12A217,08,40413,2,1,0,03,-,1,3,2,12,15/06/2010,1,02,6,1,6,06, , , , , ,1, ,8200,0
00,1022,4,12A217,08,40413,3,1,0,01,-,1,1,1,53,24/02/1969,1,04,2,2,6,01,5,5,2,1,001300,1,1,8200,8336
00,1022,7,12A204,09,40004,2,1,0,04,-,1,4,2,55,15/09/1967,1,02,6,2,5,07, , , , , ,1,1,7068,28743
00,1022,7,12A204,09,40004,3,1,0,02,-,1,3,1,21,04/07/2001,1,07,2,1,6,01,5,5,5,1,001000,1,1,7068,14371
00,1022,7,12A204,09,40004,3,1,0,03,-,1,3,1,17,09/01/2005,1,04,1,1,6,06, , , , , ,1, ,7068,0
00,1022,7,12A204,09,40004,3,1,0,01,-,1,1,2,44,15/08/1978,1,07,4,2,2,01,4,5,2,1,002000,1, ,7068,0
00,1022,7,12A204,09,40004,3,1,0,04,-,1,3,1,11,02/04/2011,1,02,4,1, , , , , , , ,1, ,7068,0
00,1022,7,12A204,09,40004,4,1,0,01,-,1,1,1,48,30/09/1974,1,06,3,2,6,01,3,5,3,3,010000,1,1,7068,21557
00,1022,7,12A204,09,40004,4,1,0,02,-,1,2,2,45,15/06/1977,1,03,3,2,1,01,5,5,2,1,001000,1, ,7068,0
00,1022,7,12A204,09,40004,4,1,0,03,-,1,4,1,84,16/06/1938,1,02,5,2,6,07, , , , , ,1, ,7068,0
00,1022,7,12A204,09,40004,1,1,0,01,-,1,1,1,38,27/08/1984,1,06,3,2,1,01,5,5,2,1,002000,1, ,7068,0
00,1022,7,12A204,09,40004,1,1,0,03,-,1,3,2,15,03/04/2007,1,03,2,1,6,06, , , , , ,1, ,7068,0
00,1022,7,12A204,09,40004,1,1,0,02,-,1,2,2,36,10/05/1986,1,04,3,2,1,07, , , , , ,1,1,7068,14371
00,1022,7,12A204,09,40004,1,1,0,04,-,1,3,2,10,07/08/2012,1,02,3,1, , , , , , , ,1, ,7068,0
00,1022,7,12A204,09,40004,2,1,0,02,-,1,2,1,27,14/06/1995,1,03,3,2,1,01,7,2,3,2,003000,1, ,7068,0
00,1022,7,12A204,09,40004,2,1,0,05,-,1,3,2,03,10/04/2019, , , , , , , , , , , ,1, ,7068,0
00,1022,7,12A204,09,40004,2,1,0,01,-,1,1,2,29,14/04/1993,1,03,3,2,1,01,7,2,3,2,003000,1, ,7068,0
00,1022,7,12A204,09,40004,2,1,0,03,-,1,4,1,61,24/12/1960,1,02,6,2,5,01,5,5,2,1,001100,1, ,7068,0
00,1022,7,12A204,09,40006,3,1,1,01,-,1,1,2,50,15/06/1972,1,07,5,2,3,01,1,5,3,2,999999,1,1,5990,6090
00,1022,7,12A204,09,40006,4,1,0,01,-,1,1,1,71,25/11/1950,1,08,2,2,3,08, , , , , ,1,1,5990,6090
00,1022,7,12A204,09,40006,1,1,0,01,-,1,1,2,57,03/03/1965,1,09,1,2,5,01,1,5,3,2,999999,1,1,5990,6090
00,1022,7,12A204,09,40006,2,1,0,03,-,1,3,1,14,08/10/2008,1,03,1,2,6,07, , , , , ,1, ,5990,0
00,1022,7,12A204,09,40006,2,1,0,01,-,1,1,2,46,08/06/1976,1,02,2,1,2,01,5,5,3,1,000300,1,1,5990,12180
00,1022,7,12A204,09,40006,2,1,0,02,-,1,3,2,27,16/09/1995,1,03,2,2,6,01,5,5,3,1,001200,1, ,5990,0
00,1022,3,11A218,09,40046,4,1,0,02,-,1,2,2,60,27/07/1962,1,02,6,2,5,01,5,5,3,2,002000,1,1,11108,44730
00,1022,3,11A218,09,40046,3,1,0,04,-,1,3,1,09,06/09/2013,1,02,2,1, , , , , , , ,1, ,11108,0
00,1022,3,11A218,09,40046,3,1,0,01,-,1,1,1,31,16/01/1991,1,03,3,2,2,01,2,5,3,1,002800,1,1,11108,11183
00,1022,3,11A218,09,40046,2,1,0,03,-,1,3,1,07,17/07/2015,1,02,1,1, , , , , , , ,1, ,11108,0
00,1022,3,11A218,09,40046,2,1,0,02,-,1,2,2,25,29/07/1997,1,04,1,2,1,07, , , , , ,1,1,11108,22365
00,1022,3,11A218,09,40046,2,1,0,01,-,1,1,1,28,14/03/1994,1,04,3,2,1,01,7,3,2,3,008000,1, ,11108,0
00,1022,3,11A218,09,40046,3,1,0,02,-,1,3,2,13,12/07/2009,1,03,2,1,6,06, , , , , ,1, ,11108,0
00,1022,3,11A218,09,40046,4,1,0,01,-,1,1,1,59,24/11/1962,1,03,3,2,5,01,1,5,2,1,002000,1, ,11108,0
00,1022,3,11A218,09,40046,4,1,0,03,-,1,3,2,34,04/01/1988,1,07,5,1,6,06, , , , , ,1, ,11108,0
00,1022,3,11A218,09,40046,3,1,0,03,-,1,3,1,11,24/03/2011,1,02,5,1, , , , , , , ,1, ,11108,0
00,1022,3,11A218,09,40046,1,1,0,02,-,1,2,2,61,15/09/1961,1,03,3,2,5,01,4,4,2,1,001500,1, ,11108,0
00,1022,3,11A218,09,40046,1,1,0,03,-,1,3,1,18,12/04/2004,1,07,2,1,6,01,5,5,4,1,001000,1, ,11108,0
00,1022,3,11A218,09,40046,1,1,0,01,-,1,1,1,64,08/06/1958,1,02,6,2,5,01,1,3,2,3,012000,1,1,11108,33548
00,1022,3,11A218,09,40046,4,1,0,04,-,1,3,1,23,12/04/1999,1,04,3,2,6,01,4,4,1,2,002400,1, ,11108,0
00,1022,7,11A204,09,40051,1,1,0,02,-,1,6,2,60,09/04/1962,2,00, ,2,6,01,5,5,2,1,000600,1, ,6964,0
00,1022,7,11A204,09,40051,3,1,0,01,-,1,1,1,40,08/08/1982,1,04,3,2,2,01,7,3,3,2,999999,1,1,6964,7011
00,1022,7,11A204,09,40051,2,1,0,05,-,1,3,1,07,11/07/2015,2,01,3,1, , , , , , , ,1, ,6964,0
00,1022,7,11A204,09,40051,2,1,0,03,-,1,3,2,18,08/11/2003,1,04,3,1,6,06, , , , , ,1, ,6964,0
00,1022,7,11A204,09,40051,2,1,0,02,-,1,2,2,40,23/01/1982,1,04,3,2,5,07, , , , , ,1, ,6964,0
00,1022,7,11A204,09,40051,2,1,0,04,-,1,3,1,12,10/07/2010,1,02,5,1,6,06, , , , , ,1, ,6964,0
00,1022,7,11A204,09,40051,2,1,0,01,-,1,1,1,38,11/07/1984,1,03,3,2,6,01,7,2,3,1,999999,1,1,6964,21033
00,1022,7,11A204,09,40051,1,1,0,04,-,1,5,2,16,10/02/2006,1,03,3,2,6,07, , , , , ,1, ,6964,0
00,1022,5,11A204,09,40051,1,1,0,03,-,2, , , , , , , , , , , , , , , ,1, ,0,0
00,1022,7,11A204,09,40051,1,1,0,01,-,1,1,2,63,21/09/1959,2,00, ,2,6,07, , , , , ,1,1,6964,14022
00,1022,7,11A204,09,40051,1,1,0,05,-,1,5,1,13,19/03/2009,1,03,1,1,6,06, , , , , ,1, ,6964,0
00,1022,7,11A204,09,40053,4,1,0,03,-,1,3,1,11,23/03/2011,1,02,5,1, , , , , , , ,1, ,6972,0
00,1022,7,11A204,09,40053,4,1,0,02,-,1,2,2,33,02/08/1989,1,04,3,2,5,07, , , , , ,1, ,6972,0
00,1022,7,11A204,09,40053,4,1,0,01,-,1,1,1,38,22/10/1983,1,03,3,2,5,01,4,4,3,2,003500,1,1,6972,14038
00,1022,7,11A204,09,40053,4,1,0,05,-,1,3,2,08,08/12/2013,1,02,2,1, , , , , , , ,1, ,6972,0
00,1022,7,11A204,09,40053,4,1,0,04,-,1,3,2,10,10/01/2012,1,02,4,1, , , , , , , ,1, ,6972,0
00,1022,7,11A204,09,40053,3,1,0,01,-,1,1,1,53,15/06/1969,1,07,1,2,4,01,4,4,2,1,000700,1,1,6972,7019
00,1022,7,11A204,09,40053,2,1,0,04,-,1,3,2,03,20/03/2019, , , , , , , , , , , ,1, ,6972,0
00,1022,7,11A204,09,40053,1,1,0,03,-,1,3,2,35,27/01/1987,1,03,3,2,6,04, , , , , ,1,1,6972,21056
00,1022,7,11A204,09,40053,1,1,0,04,-,1,4,1,73,05/06/1949,1,02,6,2,4,07, , , , , ,1, ,6972,0
00,1022,3,11A204,09,40053,1,1,0,01,-,2, , , , , , , , , , , , , , , ,1, ,0,0
00,1022,7,11A204,09,40053,2,1,0,02,-,1,2,2,31,20/04/1991,1,04,3,2,5,07, , , , , ,1,1,6972,14038
00,1022,7,11A204,09,40053,2,1,0,03,-,1,3,2,12,15/06/2010,1,02,5,1,6,06, , , , , ,1, ,6972,0
00,1022,7,11A204,09,40053,2,1,0,01,-,1,1,1,34,20/09/1988,1,04,3,2,5,01,3,5,3,2,999999,1, ,6972,0
00,1022,7,11A204,09,40053,1,1,0,02,-,1,3,2,38,07/03/1984,1,04,3,2,6,01,5,5,3,1,001700,1, ,6972,0
00,1022,7,12A204,09,40055,2,1,0,02,-,1,3,2,27,04/04/1995,1,04,1,2,6,01,9,4,3,2,999999,1,1,8632,17552
00,1022,7,12A204,09,40055,4,1,0,01,-,1,1,2,61,15/07/1961,1,02,6,2,6,07, , , , , ,1,1,8632,8776
00,1022,7,12A204,09,40055,2,1,0,01,-,1,1,1,55,15/06/1967,1,03,3,2,4,01,9,9,2,1,999999,1, ,8632,0
00,1022,7,12A204,09,40055,1,1,0,03,-,1,3,1,32,21/05/1990,1,07,4,2,6,01,1,5,3,2,999999,1,1,8632,26328
00,1022,7,12A204,09,40055,1,1,0,01,-,1,1,2,64,09/03/1958,1,06,3,2,6,07, , , , , ,1, ,8632,0
00,1022,7,12A204,09,40055,1,1,0,02,-,1,3,1,39,19/07/1983,1,06,3,2,6,05, , , , , ,1, ,8632,0
00,1022,3,13A218,09,40097,3,1,0,01,-,1,1,2,69,25/07/1953,1,07,4,2,3,08, , , , , ,1,1,8925,9062
00,1022,3,13A218,09,40097,1,1,0,03,-,1,3,1,13,29/05/2009,1,03,1,1,6,06, , , , , ,1, ,8925,0
00,1022,3,13A218,09,40097,1,1,0,01,-,1,1,1,54,28/09/1968,1,09,3,2,1,01,1,5,3,2,999999,1, ,8925,0
00,1022,3,13A218,09,40097,1,1,0,02,-,1,2,2,31,16/07/1991,1,06,3,2,1,01,1,5,3,2,999999,1,1,8925,18124
00,1022,3,13A218,09,40097,4,1,0,01,-,1,1,2,58,21/08/1964,1,08,2,2,3,01,1,3,3,2,999999,1,1,8925,9062
00,1022,3,12A218,09,40098,1,1,0,01,-,1,1,2,53,27/02/1969,1,08,2,2,1,04, , , , , ,1, ,8218,0
00,1022,3,12A218,09,40098,1,1,0,02,-,1,2,1,53,25/05/1969,1,07,4,2,1,01,3,7,3,2,999999,1,1,8218,16709
00,1022,3,12A218,09,40098,2,1,0,01,-,1,1,1,51,16/06/1971,1,04,3,2,6,01,5,4,4,2,002500,1,1,8218,8355
00,1022,3,12A218,09,40098,3,1,0,01,-,1,1,1,76,24/01/1946,1,07,5,2,3,08, , , , , ,1,1,8218,8355
00,1022,3,12A218,09,40098,4,1,0,02,-,1,2,1,65,28/06/1957,2,07,4,2,5,08, , , , , ,1, ,8218,0
00,1022,3,12A218,09,40098,4,1,0,01,-,1,1,2,63,11/12/1958,1,04,3,2,5,07, , , , , ,1,1,8218,16709
00,1022,7,13A204,09,40100,1,1,0,01,-,1,1,1,59,21/03/1963,1,07,4,2,5,01,3,5,3,2,999999,1, ,9807,0
00,1022,7,13A204,09,40100,1,1,0,02,-,1,2,2,57,22/02/1965,1,07,4,2,5,07, , , , , ,1, ,9807,0
00,1022,7,13A204,09,40100,1,1,0,03,-,1,3,1,22,01/02/2000,1,07,4,1,6,06, , , , , ,1,1,9807,29872
00,1022,7,13A204,09,40100,2,1,0,01,-,1,1,2,46,23/07/1976,1,07,4,2,2,01,1,5,3,2,999999,1,1,9807,9957
00,1022,7,13A204,09,40100,3,1,0,03,-,1,3,2,22,17/08/2000,1,07,4,1,6,06, , , , , ,1, ,9807,0
00,1022,7,13A204,09,40100,3,1,0,01,-,1,1,1,60,17/05/1962,1,07,4,2,5,01,3,7,3,3,011000,1, ,9807,0
00,1022,7,13A204,09,40100,3,1,0,04,-,1,4,1,94,15/09/1928,1,04,3,2,4,08, , , , , ,1, ,9807,0
00,1022,7,13A204,09,40100,4,1,0,01,-,1,1,2,49,26/05/1973,1,07,4,2,2,01,3,5,3,2,999999,1,1,9807,9957
00,1022,7,13A204,09,40100,3,1,0,02,-,1,2,2,63,23/02/1959,1,04,3,2,5,07, , , , , ,1,1,9807,39829
00,1022,7,12A204,09,40102,4,1,0,02,-,1,2,1,47,03/09/1975,1,07,4,2,1,01,5,5,2,1,003000,1, ,8898,0
00,1022,7,12A204,09,40102,4,1,0,01,-,1,1,2,37,22/03/1985,1,07,4,2,1,01,3,2,3,1,003500,1,1,8898,18092
00,1022,7,12A204,09,40102,3,1,0,01,-,1,1,1,71,19/05/1951,1,02,3,2,4,07, , , , , ,1,1,8898,9045
00,1022,7,12A204,09,40102,2,1,0,01,-,1,1,1,64,18/05/1958,1,04,1,2,5,01,7,5,3,2,003000,1,1,8898,9045
00,1022,7,12A204,09,40102,1,1,0,03,-,1,3,2,25,10/10/1996,1,07,4,2,6,01,3,5,3,2,003500,1,1,8898,36183
00,1022,7,12A204,09,40102,1,1,0,02,-,1,2,1,57,01/09/1965,1,04,3,2,5,01,5,5,2,1,001500,1, ,8898,0
00,1022,7,12A204,09,40102,1,1,0,04,-,1,3,1,23,09/10/1998,1,07,5,2,6,07, , , , , ,1, ,8898,0
00,1022,7,12A204,09,40102,1,1,0,01,-,1,1,2,57,10/12/1964,1,07,4,2,5,08, , , , , ,1, ,8898,0
00,1022,3,11A218,09,40139,2,1,0,05,-,3,3,1,25,05/06/1997,1,07,2,1,6,06, , , , , ,1, ,8602,0
00,1022,3,11A218,09,40139,2,1,0,01,-,1,1,1,56,15/06/1966,1,07,4,2,5,01,3,2,3,2,999999,1, ,8602,0
00,1022,3,11A218,09,40139,2,1,0,03,-,1,3,1,25,15/06/1997,1,07,3,2,6,01,3,3,3,2,999999,1,1,8602,51958
00,1022,3,11A218,09,40139,3,1,0,02,-,1,6,2,60,15/06/1962,1,03,3,2,6,07, , , , , ,1,1,8602,25979
00,1022,3,11A218,09,40139,3,1,0,01,-,1,1,2,66,15/06/1956,1,03,3,2,4,07, , , , , ,1, ,8602,0
00,1022,3,11A218,09,40139,3,1,0,03,-,1,6,2,82,15/06/1940,1,03,3,2,6,07, , , , , ,1, ,8602,0
00,1022,3,11A218,09,40139,1,1,0,06,-,3,3,1,50,05/10/1972,1,02,5,2,2,01,4,4,2,1,000500,1,1,8602,17319
00,1022,3,11A218,09,40139,1,1,0,05,-,2, , , , , , , , , , , , , , , ,1, ,0,0
00,1022,3,11A218,09,40139,1,1,0,03,-,2, , , , , , , , , , , , , , , ,1, ,0,0
00,1022,3,11A218,09,40139,1,1,0,04,-,2, , , , , , , , , , , , , , , ,1, ,0,0
00,1022,3,11A218,09,40139,2,1,0,02,-,1,2,2,53,15/06/1969,1,04,3,2,5,01,7,2,3,1,999999,1, ,8602,0
00,1022,3,11A218,09,40139,1,1,0,01,-,1,1,2,63,20/03/1959,1,00, ,2,6,01,4,4,2,1,000500,1, ,8602,0
00,1022,3,11A218,09,40139,1,1,0,02,-,2, , , , , , , , , , , , , , , ,1, ,0,0
00,1022,3,11A218,09,40139,2,1,0,04,-,3,3,1,28,24/05/1994,1,07,4,1,6,06, , , , , ,1, ,8602,0
00,1022,3,11A218,09,40139,2,1,0,06,-,3,5,2,33,15/06/1989,1,04,3,2,1,07, , , , , ,1, ,8602,0
00,1022,3,11A218,09,40142,4,1,0,04,-,1,3,1,18,04/05/2004,1,04,3,2,6,04, , , , , ,1, ,7803,0
00,1022,3,11A218,09,40142,4,1,0,03,-,1,3,2,22,14/09/2000,1,03,3,2,6,07, , , , , ,1, ,7803,0
00,1022,3,11A218,09,40142,4,1,0,05,-,1,3,2,17,28/03/2005,1,04,2,2,6,01,5,5,2,1,999999,1, ,7803,0
00,1022,3,11A218,09,40142,2,1,1,03,-,1,3,2,12,20/07/2010,1,02,6,1,6,06, , , , , ,1, ,7803,0
00,1022,3,11A218,09,40142,2,1,1,02,-,1,2,2,41,15/06/1981,1,06,3,2,5,01,1,5,3,3,008000,1,1,7803,15711
00,1022,3,11A218,09,40142,4,1,0,02,-,1,2,2,54,18/04/1968,1,03,3,2,1,07, , , , , ,1, ,7803,0
00,1022,3,11A218,09,40142,2,1,1,04,-,1,3,1,04,13/04/2018, , , , , , , , , , , ,1, ,7803,0
00,1022,3,11A218,09,40142,3,1,0,02,-,1,5,1,50,27/04/1972,1,03,3,2,6,05, , , , , ,1, ,7803,0
00,1022,3,11A218,09,40142,3,1,0,01,-,1,1,2,89,10/07/1933,1,02,1,2,4,07, , , , , ,1,1,7803,15711
00,1022,3,11A218,09,40142,4,1,0,01,-,1,1,1,47,18/08/1975,1,03,3,2,1,01,5,5,2,1,002000,1,1,7803,31422
00,1022,3,11A218,09,40142,2,1,1,01,-,1,1,1,44,10/10/1977,1,03,3,2,5,01,5,5,2,1,001500,1, ,7803,0
00,1022,3,12A218,09,40144,3,1,0,03,-,1,3,1,03,14/06/2019, , , , , , , , , , , ,1, ,8275,0
00,1022,3,12A218,09,40144,3,1,0,04,-,1,3,1,01,19/06/2021, , , , , , , , , , , ,1, ,8275,0
00,1022,3,12A218,09,40144,4,1,0,01,-,1,1,1,50,26/10/1971,1,03,3,2,1,01,1,5,3,2,999999,1, ,8275,0
00,1022,3,12A218,09,40144,4,1,0,02,-,1,2,2,49,24/04/1973,1,04,3,2,1,01,4,4,2,2,002000,1,1,8275,25237
00,1022,3,12A218,09,40144,4,1,0,03,-,1,3,1,27,22/05/1995,1,07,4,2,6,01,4,4,3,3,999999,1, ,8275,0
00,1022,3,12A218,09,40144,4,1,0,04,-,1,3,2,16,07/08/2006,1,03,3,1,6,06, , , , , ,1, ,8275,0
00,1022,3,12A218,09,40144,1,1,0,02,-,1,2,2,30,15/11/1991,1,07,1,2,1,01,1,5,3,1,999999,1, ,8275,0
00,1022,3,12A218,09,40144,1,1,0,01,-,1,1,1,28,18/06/1994,1,04,3,2,1,01,4,4,2,1,001200,1,1,8275,16824
00,1022,3,12A218,09,40144,3,1,0,02,-,1,2,2,21,01/06/2001,1,04,3,2,1,07, , , , , ,1,1,8275,16824
00,1022,3,12A218,09,40144,3,1,0,01,-,1,1,1,22,12/07/2000,1,04,3,2,1,01,5,5,3,1,999999,1, ,8275,0
00,1022,3,12A218,09,40144,2,1,0,01,-,1,1,2,59,15/06/1963,1,03,3,2,2,01,5,5,3,1,001000,1,1,8275,8413
00,1022,3,12A218,09,40144,1,1,0,04,-,1,3,1,06,26/05/2016,1,01,3,1, , , , , , , ,1, ,8275,0
00,1022,3,12A218,09,40144,1,1,0,03,-,1,3,1,08,09/07/2014,1,02,2,1, , , , , , , ,1, ,8275,0
00,1022,3,12A218,09,40144,1,1,0,05,-,1,3,1,02,16/08/2020, , , , , , , , , , , ,1, ,8275,0
00,1022,3,12A218,09,40148,1,1,0,01,-,1,1,2,73,29/09/1949,1,02,6,2,6,08, , , , , ,1,1,8368,17014
00,1022,3,12A218,09,40148,2,1,0,01,-,1,1,1,40,09/08/1982,1,04,3,2,3,01,5,5,2,2,002000,1,1,8368,8507
00,1022,3,12A218,09,40148,3,1,0,06,-,1,5,1,09,16/04/2013,1,02,3,1, , , , , , , ,1, ,8368,0
00,1022,3,12A218,09,40148,3,1,0,04,-,1,3,1,26,24/04/1996,1,03,3,2,1,01,5,5,3,1,999999,1, ,8368,0
00,1022,3,12A218,09,40148,3,1,0,03,-,1,3,2,21,15/09/2001,1,07,3,1,6,06, , , , , ,1, ,8368,0
00,1022,3,12A218,09,40148,3,1,0,02,-,1,2,1,48,20/07/1974,1,02,6,2,5,01,5,3,3,1,999999,1,1,8368,42535
00,1022,3,12A218,09,40148,3,1,0,07,-,1,5,2,04,07/12/2017, , , , , , , , , , , ,1, ,8368,0
00,1022,3,12A218,09,40148,3,1,0,05,-,1,5,2,25,15/11/1996,1,03,3,2,1,01,5,5,3,1,999999,1, ,8368,0
00,1022,3,12A218,09,40148,3,1,0,01,-,1,1,2,48,26/04/1974,1,02,6,2,5,01,4,4,2,1,999999,1, ,8368,0
00,1022,3,12A218,09,40148,4,1,0,01,-,1,1,2,52,20/10/1969,1,06,3,2,5,07, , , , , ,1, ,8368,0
00,1022,3,12A218,09,40148,4,1,0,02,-,1,2,1,54,16/02/1968,1,03,3,2,5,01,4,4,2,1,999999,1,1,8368,17014
00,1022,3,12A218,09,40148,4,1,0,03,-,1,5,1,11,26/04/2011,1,02,5,1, , , , , , , ,1, ,8368,0
00,1022,3,12A218,09,40148,1,1,0,02,-,1,3,1,42,06/05/1980,1,07,4,2,6,01,1,5,3,2,999999,1, ,8368,0
00,1022,3,12A218,09,40188,3,1,0,01,-,1,1,2,63,29/08/1959,1,06,3,2,3,08, , , , , ,1,1,7831,39804
00,1022,3,12A218,09,40188,3,1,0,02,-,1,3,1,35,14/11/1986,1,03,3,2,5,01,5,5,3,2,999999,1, ,7831,0
00,1022,3,12A218,09,40188,3,1,0,03,-,1,5,2,35,31/12/1986,1,03,3,2,5,07, , , , , ,1, ,7831,0
00,1022,3,12A218,09,40188,3,1,0,04,-,1,5,2,08,08/10/2014,1,02,2,1, , , , , , , ,1, ,7831,0
00,1022,3,12A218,09,40188,3,1,0,07,-,1,5,1,08,30/05/2014,1,02,3,1, , , , , , , ,1, ,7831,0
00,1022,3,12A218,09,40188,3,1,0,06,-,1,5,1,40,07/07/1982,1,03,3,2,5,01,4,4,2,1,999999,1, ,7831,0
00,1022,3,12A218,09,40188,3,1,0,05,-,1,3,2,30,16/02/1992,1,03,3,2,5,01,4,4,2,1,999999,1, ,7831,0
00,1022,3,12A218,09,40188,4,1,0,02,-,1,2,1,67,10/10/1955,1,07,4,2,5,01,1,5,2,1,999999,1, ,7831,0
00,1022,3,12A218,09,40188,4,1,0,01,-,1,1,2,65,29/12/1956,1,09,3,2,5,01,1,5,3,2,999999,1, ,7831,0
00,1022,3,12A218,09,40188,1,1,0,01,-,1,1,1,32,30/10/1989,1,07,5,2,5,01,4,4,2,1,000300,1,1,7831,7961
00,1022,3,12A218,09,40188,2,1,0,03,-,1,3,2,37,13/03/1985,1,07,5,2,6,01,1,5,3,2,999999,1, ,7831,0
00,1022,3,12A218,09,40188,2,1,0,01,-,1,1,2,73,25/09/1949,1,06,3,2,5,08, , , , , ,1,1,7831,23883
00,1022,3,12A218,09,40188,2,1,0,02,-,1,3,1,48,26/08/1974,1,07,5,2,6,07, , , , , ,1, ,7831,0
00,1022,3,12A218,09,40188,4,1,0,03,-,1,3,2,32,07/02/1990,1,07,4,2,6,01,1,5,3,2,999999,1,1,7831,23883
00,1022,6,11A205,09,40250,1,1,0,01,-,1,1,2,37,25/11/1984,1,03,3,2,5,07, , , , , ,1, ,6907,0
00,1022,6,11A205,09,40250,1,1,0,02,-,1,2,1,42,26/01/1980,1,03,2,2,5,01,4,5,3,2,999999,1, ,6907,0
00,1022,6,11A205,09,40250,1,1,0,03,-,1,3,1,20,08/01/2002,1,04,1,1,6,06, , , , , ,1,1,6907,20858
00,1022,6,11A205,09,40250,1,1,0,04,-,1,3,1,13,05/06/2009,1,02,6,1,6,06, , , , , ,1, ,6907,0
00,1022,6,11A205,09,40250,2,1,0,01,-,1,1,2,52,08/01/1970,1,02,6,2,6,07, , , , , ,1,1,6907,6953
00,1022,6,11A205,09,40250,3,1,0,01,-,1,1,1,66,30/06/1956,1,02,6,2,5,01,4,4,2,1,000600,1,1,6907,13906
00,1022,6,11A205,09,40250,3,1,0,02,-,1,2,2,62,01/02/1960,1,02,6,2,5,07, , , , , ,1, ,6907,0
00,1022,6,11A205,09,40250,4,1,0,02,-,1,3,1,15,17/09/2007,1,03,2,1,6,06, , , , , ,1, ,6907,0
00,1022,6,11A205,09,40250,4,1,0,01,-,1,1,1,48,28/05/1974,1,02,6,2,2,01,5,5,2,1,001600,1,1,6907,6953
00,1022,6,11A205,09,40253,3,1,0,03,-,1,3,2,07,19/05/2015,1,02,2,1, , , , , , , ,1, ,8800,0
00,1022,6,11A205,09,40253,3,1,0,02,-,1,2,2,36,06/11/1985,1,06,3,2,5,07, , , , , ,1,1,8800,17718
00,1022,6,11A205,09,40253,4,1,0,03,-,1,3,2,23,28/07/1999,1,04,1,2,6,01,4,4,3,1,999999,1, ,8800,0
00,1022,6,11A205,09,40253,4,1,0,05,-,1,3,2,14,10/12/2007,1,03,2,1,6,06, , , , , ,1, ,8800,0
00,1022,6,11A205,09,40253,4,1,0,01,-,1,1,1,44,25/11/1977,1,03,3,2,5,01,5,5,3,2,003000,1,1,8800,35436
00,1022,6,11A205,09,40253,4,1,0,06,-,1,3,1,10,03/12/2011,1,02,4,1, , , , , , , ,1, ,8800,0
00,1022,6,11A205,09,40253,4,1,0,04,-,1,3,1,22,13/04/2000,1,03,3,2,6,04, , , , , ,1, ,8800,0
00,1022,6,11A205,09,40253,1,1,0,03,-,1,3,1,22,21/02/2000,1,04,3,1,6,06, , , , , ,1, ,8800,0
00,1022,6,11A205,09,40253,1,1,0,02,-,1,2,2,53,08/10/1968,1,04,3,2,5,07, , , , , ,1,1,8800,26577
00,1022,6,11A205,09,40253,1,1,0,01,-,1,1,1,53,19/09/1969,1,03,3,2,5,01,7,5,3,2,999999,1, ,8800,0
00,1022,6,11A205,09,40253,2,1,0,01,-,1,1,1,66,23/01/1956,1,04,3,2,5,01,4,4,3,2,999999,1,1,8800,26577
00,1022,6,11A205,09,40253,2,1,0,04,-,1,5,2,09,13/03/2013,1,02,2,1, , , , , , , ,1, ,8800,0
00,1022,6,11A205,09,40253,2,1,0,03,-,1,3,1,33,08/03/1989,1,04,3,2,6,01,4,5,3,2,999999,1, ,8800,0
00,1022,6,11A205,09,40253,2,1,0,02,-,1,3,2,42,19/08/1980,1,04,3,2,2,01,4,5,2,1,999999,1, ,8800,0
00,1022,6,11A205,09,40253,3,1,0,01,-,1,1,1,43,14/06/1979,1,07,5,2,5,01,1,5,2,1,001200,1, ,8800,0
00,1022,6,11A205,09,40253,3,1,0,04,-,1,3,1,03,11/01/2019, , , , , , , , , , , ,1, ,8800,0
00,1022,6,11A205,09,40253,4,1,0,02,-,1,2,2,40,24/02/1982,1,03,3,2,5,07, , , , , ,1, ,8800,0
00,1022,6,12A205,09,40254,2,1,1,03,-,1,3,2,18,23/12/2003,1,04,1,2,6,07, , , , , ,1, ,7758,0
00,1022,6,12A205,09,40254,2,1,1,05,-,1,3,1,01,19/06/2021, , , , , , , , , , , ,1, ,7758,0
00,1022,6,12A205,09,40254,2,1,1,04,-,1,3,2,12,18/08/2010,1,02,5,1,6,06, , , , , ,1, ,7758,0
00,1022,6,12A205,09,40254,3,1,0,03,-,1,6,2,57,14/04/1965,1,06,4,2,3,01,3,7,3,2,999999,1, ,7758,0
00,1022,6,12A205,09,40254,3,1,0,01,-,1,1,2,71,23/09/1951,1,02,6,2,6,08, , , , , ,1,1,7758,31547
00,1022,6,12A205,09,40254,3,1,0,02,-,1,6,2,64,19/03/1958,1,02,6,2,6,08, , , , , ,1, ,7758,0
00,1022,6,12A205,09,40254,3,1,0,04,-,1,7,2,36,18/06/1986,1,07,4,2,6,01,2,5,3,2,999999,1, ,7758,0
00,1022,6,12A205,09,40254,4,1,0,01,-,1,1,1,40,23/07/1982,1,02,6,2,2,01,5,5,3,1,999999,1,1,7758,7886
00,1022,6,12A205,09,40254,1,1,0,01,-,1,1,2,57,10/11/1964,1,04,3,2,3,07, , , , , ,1,1,7758,15773
00,1022,6,12A205,09,40254,1,1,0,02,-,1,3,2,25,22/07/1997,1,07,4,1,6,06, , , , , ,1, ,7758,0
00,1022,6,12A205,09,40254,2,1,1,01,-,1,1,1,42,26/08/1980,1,04,1,2,1,01,4,4,3,1,001000,1, ,7758,0
00,1022,6,12A205,09,40254,2,1,1,02,-,1,2,2,43,15/09/1979,1,03,1,2,1,07, , , , , ,1,1,7758,23660
00,1022,2,13B211,09,40286,3,1,0,03,-,1,3,2,45,24/02/1977,1,08,1,2,3,01,1,5,3,2,999999,1,1,7083,35956
00,1022,2,13B211,09,40286,3,1,0,04,-,1,5,2,21,15/04/2001,1,05,2,1,6,06, , , , , ,1, ,7083,0
00,1022,2,13B211,09,40286,3,1,0,01,-,1,1,1,79,10/10/1943,1,03,3,2,5,08, , , , , ,1, ,7083,0
00,1022,2,13B211,09,40286,3,1,0,06,-,1,5,2,13,03/10/2009,1,03,2,1,6,06, , , , , ,1, ,7083,0
00,1022,2,13B211,09,40286,3,1,0,02,-,1,2,2,79,14/02/1943,1,02,3,2,5,07, , , , , ,1, ,7083,0
00,1022,2,13B211,09,40286,4,1,0,01,-,1,1,2,55,24/06/1967,1,09,1,2,5,01,3,5,3,2,999999,1,1,7083,7191
00,1022,2,13B211,09,40286,1,1,0,02,-,1,2,2,53,21/11/1968,1,06,2,2,1,07, , , , , ,1, ,7083,0
00,1022,2,13B211,09,40286,1,1,0,05,-,1,3,2,18,08/06/2004,1,04,2,1,6,06, , , , , ,1, ,7083,0
00,1022,2,13B211,09,40286,1,1,0,03,-,1,3,1,27,09/07/1995,1,03,3,2,6,01,5,5,4,1,002000,1, ,7083,0
00,1022,2,13B211,09,40286,1,1,0,01,-,1,1,1,54,27/03/1968,1,03,3,2,1,01,7,5,3,1,001500,1, ,7083,0
00,1022,2,13B211,09,40286,1,1,0,04,-,1,3,2,20,04/11/2001,1,04,1,1,6,06, , , , , ,1,1,7083,35956
00,1022,2,13B211,09,40286,3,1,0,05,-,1,5,2,18,14/07/2004,1,03,3,1,6,06, , , , , ,1, ,7083,0
00,1022,2,12B211,09,40288,2,1,1,02,-,1,3,2,19,19/08/2003,1,04,3,1,6,06, , , , , ,1, ,8603,0
00,1022,2,12B211,09,40288,4,1,0,02,-,1,4,2,82,12/09/1940,1,02,6,2,4,07, , , , , ,1,1,8603,17492
00,1022,2,12B211,09,40288,4,1,0,01,-,1,1,1,55,03/08/1967,1,04,3,2,6,01,5,5,4,1,999999,1, ,8603,0
00,1022,2,12B211,09,40288,3,1,0,02,-,1,2,2,76,21/04/1946,1,05,5,2,5,07, , , , , ,1,1,8603,17492
00,1022,2,12B211,09,40288,3,1,0,01,-,1,1,1,70,17/11/1951,1,05,5,2,5,08, , , , , ,1, ,8603,0
00,1022,2,12B211,09,40288,2,1,1,01,-,1,1,2,45,20/02/1977,1,03,3,2,6,01,4,4,2,1,005000,1,1,8603,17492
00,1022,2,12B211,09,40288,1,1,0,01,-,1,1,1,43,26/05/1979,1,09,1,2,5,01,1,7,3,2,999999,1,1,8603,8746
00,1022,2,11B211,09,40289,1,1,0,02,-,1,2,2,43,04/09/1979,1,07,3,2,5,01,1,5,2,1,999999,1, ,5625,0
00,1022,2,11B211,09,40289,3,1,0,05,-,1,5,2,27,07/04/1995,1,07,4,2,6,01,1,5,3,2,005000,1, ,5625,0
00,1022,2,11B211,09,40289,2,1,0,02,-,1,2,2,35,27/09/1987,1,07,2,2,5,01,1,5,3,2,999999,1,1,5625,11326
00,1022,2,11B211,09,40289,2,1,0,01,-,1,1,1,36,17/09/1986,1,04,3,2,5,01,7,3,3,2,999999,1, ,5625,0
00,1022,2,11B211,09,40289,3,1,0,02,-,1,2,2,79,06/11/1942,1,06,3,2,5,08, , , , , ,1, ,5625,0
00,1022,2,11B211,09,40289,3,1,0,01,-,1,1,1,84,19/07/1938,1,07,3,2,5,08, , , , , ,1,1,5625,28316
00,1022,2,11B211,09,40289,1,1,0,01,-,1,1,1,47,14/02/1975,1,04,3,2,5,01,1,9,2,1,999999,1,1,5625,11326
00,1022,2,11B211,09,40289,3,1,0,07,-,1,5,1,15,13/06/2007,1,03,3,1,6,06, , , , , ,1, ,5625,0
00,1022,2,11B211,09,40289,3,1,0,03,-,1,3,1,54,27/10/1967,1,03,2,2,1,01,5,6,2,1,002000,1, ,5625,0
00,1022,2,11B211,09,40289,3,1,0,04,-,1,5,2,46,17/04/1976,1,03,3,2,1,07, , , , , ,1, ,5625,0
00,1022,2,11B211,09,40289,3,1,0,06,-,1,5,1,15,13/06/2007,1,03,3,1,6,06, , , , , ,1, ,5625,0
00,1022,2,11B211,09,40289,4,1,0,01,-,1,1,2,54,14/10/1968,1,06,3,2,3,01,1,5,3,3,999999,1,1,5625,5663
00,1022,2,11B211,09,40289,1,1,0,03,-,1,3,1,13,12/10/2009,1,02,6,1,6,06, , , , , ,1, ,5625,0
00,1022,2,11B211,09,40291,4,1,0,05,-,1,5,1,05,18/01/2017,2,01,2,1, , , , , , , ,1, ,7148,0
00,1022,2,11B211,09,40291,2,1,0,01,-,1,1,1,39,14/09/1983,1,03,3,2,1,01,5,5,3,1,999999,1, ,7148,0
00,1022,2,11B211,09,40291,4,1,0,01,-,1,1,1,61,13/09/1961,1,03,3,2,2,01,4,4,2,1,999999,1, ,7148,0
00,1022,2,11B211,09,40291,2,1,0,04,-,1,3,2,15,11/10/2006,1,04,1,1,6,06, , , , , ,1, ,7148,0
00,1022,2,11B211,09,40291,2,1,0,03,-,1,3,2,18,21/01/2004,1,04,3,1,6,06, , , , , ,1, ,7148,0
00,1022,2,11B211,09,40291,2,1,0,02,-,1,2,2,36,30/01/1986,1,03,3,2,1,07, , , , , ,1,1,7148,21587
00,1022,2,11B211,09,40291,1,1,0,01,-,1,1,1,41,10/11/1980,1,04,2,2,1,01,5,5,2,1,002000,1,1,7148,7196
00,1022,2,11B211,09,40291,3,1,0,01,-,1,1,1,81,27/02/1941,1,02,2,2,1,07, , , , , ,1, ,7148,0
00,1022,2,11B211,09,40291,4,1,0,03,-,1,5,1,30,05/05/1992,1,04,3,2,1,01,4,4,3,1,999999,1, ,7148,0
00,1022,2,11B211,09,40291,4,1,0,02,-,1,3,2,28,07/08/1994,1,06,3,2,1,07, , , , , ,1,1,7148,21587
00,1022,2,11B211,09,40291,4,1,0,04,-,1,5,2,07,30/04/2015,1,02,1,1, , , , , , , ,1, ,7148,0
00,1022,2,11B211,09,40291,3,1,0,02,-,1,2,2,78,06/12/1943,1,04,3,2,1,07, , , , , ,1,1,7148,14391
00,1022,6,13A205,09,40297,4,1,1,01,-,1,1,1,70,15/06/1952,1,07,4,2,5,01,3,7,3,2,999999,1,1,9480,9626
00,1022,6,13A205,09,40297,3,1,0,03,-,1,7,1,26,24/06/1996,1,07,4,2,6,01,3,7,3,2,999999,1, ,9480,0
00,1022,6,13A205,09,40297,3,1,0,02,-,1,6,2,61,16/10/1960,1,07,4,2,6,07, , , , , ,1, ,9480,0
00,1022,6,13A205,09,40297,3,1,0,01,-,1,1,1,70,01/10/1952,1,07,4,2,6,08, , , , , ,1,1,9480,28877
00,1022,6,13A205,09,40297,2,1,0,06,-,1,3,1,32,24/01/1990,1,08,5,2,6,01,1,5,2,2,999999,1, ,9480,0
00,1022,6,13A205,09,40297,1,1,1,01,-,1,1,1,53,02/02/1969,1,08,2,2,3,01,1,5,3,2,999999,1,1,9480,9626
00,1022,6,13A205,09,40297,2,1,0,02,-,1,3,1,35,04/11/1986,1,07,4,2,6,01,1,5,2,2,999999,1, ,9480,0
00,1022,6,13A205,09,40297,2,1,0,01,-,1,1,1,66,10/12/1955,1,07,4,2,5,08, , , , , ,1, ,9480,0
00,1022,2,13A205,09,40297,2,1,0,04,-,2, , , , , , , , , , , , , , , ,1, ,0,0
00,1022,2,13A205,09,40297,2,1,0,03,-,2, , , , , , , , , , , , , , , ,1, ,0,0
00,1022,6,13A205,09,40297,2,1,0,05,-,1,2,2,66,21/06/1956,1,07,5,2,5,08, , , , , ,1,1,9480,38503
00,1022,6,12A205,09,40349,3,1,0,01,-,1,1,2,52,01/09/1970,1,03,3,2,3,07, , , , , ,1, ,7937,0
00,1022,6,12A205,09,40349,1,1,0,01,-,1,1,1,30,15/05/1992,1,08,3,2,6,01,3,4,3,2,999999,1,1,7937,8069
00,1022,6,12A205,09,40349,3,1,0,03,-,1,3,2,22,15/04/2000,1,07,2,1,6,06, , , , , ,1, ,7937,0
00,1022,6,12A205,09,40349,2,1,0,01,-,1,1,1,59,25/09/1963,1,07,4,2,5,01,1,5,3,2,003500,1,1,7937,24207
00,1022,6,12A205,09,40349,2,1,0,03,-,1,3,1,20,22/04/2002,1,07,2,1,6,06, , , , , ,1, ,7937,0
00,1022,6,12A205,09,40349,2,1,0,02,-,1,2,2,57,12/12/1964,1,07,4,2,5,07, , , , , ,1, ,7937,0
00,1022,6,12A205,09,40349,3,1,0,02,-,1,3,1,20,05/01/2002,1,04,3,2,6,01,4,4,3,1,999999,1,1,7937,24207
00,1022,3,12A205,09,40349,1,1,0,02,-,2, , , , , , , , , , , , , , , ,1, ,0,0
00,1022,6,12A205,09,40349,4,1,0,03,-,1,3,1,31,27/09/1991,1,07,4,2,6,01,7,2,3,1,000500,1,1,7937,24207
00,1022,6,12A205,09,40349,4,1,0,01,-,1,1,2,51,01/12/1970,1,07,4,2,1,01,3,7,3,2,008000,1, ,7937,0
00,1022,6,12A205,09,40349,4,1,0,02,-,1,2,1,54,18/02/1968,1,07,4,2,1,01,1,7,3,2,006000,1, ,7937,0
00,1022,2,11B211,09,40387,2,1,0,03,-,1,3,1,22,06/04/2000,1,07,3,1,6,06, , , , , ,1, ,7145,0
00,1022,2,11B211,09,40387,2,1,0,02,-,1,2,2,41,06/06/1981,1,04,2,2,5,07, , , , , ,1, ,7145,0
00,1022,2,11B211,09,40387,4,1,0,01,-,1,1,2,33,05/10/1989,1,03,3,2,6,01,5,5,3,1,001900,1,1,7145,14385
00,1022,2,11B211,09,40387,4,1,0,03,-,1,3,2,11,15/06/2011,1,02,5,1, , , , , , , ,1, ,7145,0
00,1022,2,11B211,09,40387,4,1,0,04,-,1,3,1,06,15/06/2016,2,02,1,1, , , , , , , ,1, ,7145,0
00,1022,2,11B211,09,40387,2,1,0,01,-,1,1,1,41,24/01/1981,1,04,2,2,5,01,5,5,3,1,999999,1,1,7145,28770
00,1022,2,11B211,09,40387,1,1,0,03,-,1,3,2,19,17/04/2003,1,04,3,1,6,06, , , , , ,1, ,7145,0
00,1022,2,11B211,09,40387,3,1,0,01,-,1,1,1,39,04/05/1983,1,07,2,2,3,01,4,5,3,1,002000,1,1,7145,14385
00,1022,2,11B211,09,40387,3,1,0,02,-,1,4,1,75,15/06/1947,1,02,6,2,4,08, , , , , ,1, ,7145,0
00,1022,2,11B211,09,40387,4,1,0,02,-,1,4,2,50,07/03/1972,1,03,3,2,6,07, , , , , ,1, ,7145,0
00,1022,2,11B211,09,40387,1,1,0,04,-,1,3,2,16,19/02/2006,1,04,1,1,6,06, , , , , ,1, ,7145,0
00,1022,2,11B211,09,40387,1,1,0,01,-,1,1,1,51,15/06/1971,1,03,3,2,1,01,4,5,3,2,999999,1, ,7145,0
00,1022,2,11B211,09,40387,1,1,0,02,-,1,2,2,46,13/10/1976,1,03,3,2,1,07, , , , , ,1,1,7145,21578
00,1022,2,11B211,09,40387,2,1,0,04,-,1,3,1,20,09/10/2002,1,07,1,1,6,06, , , , , ,1, ,7145,0
00,1022,2,12B211,09,40388,4,1,0,01,-,1,1,1,39,15/06/1983,1,06,3,2,6,01,5,5,3,2,003600,1, ,9020,0
00,1022,2,12B211,09,40388,4,1,0,05,-,1,7,2,10,15/06/2012,1,02,4,1, , , , , , , ,1, ,9020,0
00,1022,2,12B211,09,40388,4,1,0,03,-,1,6,1,32,15/06/1990,1,04,3,2,1,01,5,5,3,2,999999,1, ,9020,0
00,1022,2,12B211,09,40388,4,1,0,04,-,1,7,2,32,15/06/1990,1,04,3,2,1,07, , , , , ,1, ,9020,0
00,1022,2,12B211,09,40388,4,1,0,06,-,1,7,1,15,15/06/2007,1,04,1,1,6,06, , , , , ,1, ,9020,0
00,1022,2,12B211,09,40388,3,1,0,01,-,1,1,2,60,04/04/1962,1,06,3,2,6,07, , , , , ,1,1,9020,36678
00,1022,2,12B211,09,40388,3,1,0,06,-,1,5,2,09,12/12/2012,1,02,4,1, , , , , , , ,1, ,9020,0
00,1022,2,12B211,09,40388,3,1,0,02,-,1,3,2,38,10/07/1984,1,04,3,2,6,01,5,5,2,1,999999,1, ,9020,0
00,1022,2,12B211,09,40388,3,1,0,07,-,1,5,2,09,09/10/2013,1,02,3,1, , , , , , , ,1, ,9020,0
00,1022,2,12B211,09,40388,3,1,0,05,-,1,5,2,14,01/08/2008,1,03,2,1,6,06, , , , , ,1, ,9020,0
00,1022,2,12B211,09,40388,3,1,0,04,-,1,5,1,40,24/07/1982,1,04,3,2,1,01,5,5,3,2,999999,1, ,9020,0
00,1022,2,12B211,09,40388,3,1,0,03,-,1,3,2,33,26/05/1989,1,04,2,2,1,01,4,5,3,2,999999,1, ,9020,0
00,1022,2,12B211,09,40388,4,1,0,02,-,1,6,1,30,15/06/1992,1,04,3,2,6,01,5,5,3,2,999999,1,1,9020,36678
00,1022,2,12B211,09,40388,2,1,0,03,-,1,3,2,22,29/07/2000,1,06,3,1,6,06, , , , , ,1, ,9020,0
00,1022,2,12B211,09,40388,2,1,0,05,-,1,3,1,23,15/06/1999,1,07,3,1,6,04, , , , , ,1,1,9020,36678
00,1022,2,12B211,09,40388,2,1,0,04,-,1,3,2,11,07/07/2011,1,02,5,1, , , , , , , ,1, ,9020,0
00,1022,2,12B211,09,40388,2,1,0,02,-,1,2,1,51,18/08/1971,1,07,4,2,5,01,5,5,3,2,999999,1, ,9020,0
00,1022,2,12B211,09,40388,1,1,0,03,-,1,3,2,31,01/03/1991,1,07,4,2,6,01,5,5,3,2,999999,1, ,9020,0
00,1022,2,12B211,09,40388,1,1,0,02,-,1,3,2,35,30/04/1987,1,07,4,2,6,01,4,5,3,1,999999,1, ,9020,0
00,1022,2,12B211,09,40388,1,1,0,01,-,1,1,2,60,11/10/1962,1,07,4,2,6,01,5,5,2,1,999999,1,1,9020,27509
00,1022,2,12B211,09,40388,2,1,0,01,-,1,1,2,44,07/07/1978,1,04,3,2,5,07, , , , , ,1, ,9020,0
00,1022,6,12A205,09,40398,1,1,0,03,-,1,3,2,30,04/12/1991,1,04,3,2,4,07, , , , , ,1,1,6634,20233
00,1022,6,12A205,09,40398,1,1,0,02,-,1,3,1,32,05/04/1990,1,04,2,2,6,01,5,5,3,1,001700,1, ,6634,0
00,1022,6,12A205,09,40398,3,1,0,01,-,1,1,2,50,18/02/1972,1,06,3,2,5,07, , , , , ,1,1,6634,13489
00,1022,6,12A205,09,40398,3,1,0,02,-,1,3,2,29,23/08/1993,1,04,3,2,6,01,4,5,3,1,999999,1, ,6634,0
00,1022,6,12A205,09,40398,4,1,0,01,-,1,1,1,38,13/03/1984,1,07,4,2,6,01,4,4,3,2,005000,1,1,6634,13489
00,1022,6,12A205,09,40398,4,1,0,02,-,1,8,1,36,15/06/1986,1,04,3,2,6,01,7,2,3,2,005000,1, ,6634,0
00,1022,6,12A205,09,40398,1,1,0,04,-,1,5,1,10,12/12/2011,1,02,4,1, , , , , , , ,1, ,6634,0
00,1022,6,12A205,09,40398,1,1,0,01,-,1,1,2,50,16/05/1972,1,03,3,2,2,07, , , , , ,1, ,6634,0
00,1022,6,11A205,09,40399,1,1,0,04,-,1,3,1,21,09/11/2000,1,04,2,1,6,06, , , , , ,1, ,7421,0
00,1022,6,11A205,09,40399,1,1,0,03,-,1,3,2,26,15/01/1996,1,04,3,2,6,05, , , , , ,1, ,7421,0
00,1022,6,11A205,09,40399,3,1,0,03,-,1,3,1,40,09/09/1982,1,08,2,2,6,01,9,5,3,2,003500,1, ,7421,0
00,1022,6,11A205,09,40399,3,1,0,05,-,1,7,1,52,15/12/1969,1,03,2,2,2,01,2,5,3,1,999999,1, ,7421,0
00,1022,6,11A205,09,40399,3,1,0,04,-,1,4,2,91,15/11/1930,1,02,6,2,4,07, , , , , ,1,1,7421,37353
00,1022,6,11A205,09,40399,3,1,0,02,-,1,2,2,66,05/10/1956,1,06,3,2,5,08, , , , , ,1, ,7421,0
00,1022,6,11A205,09,40399,2,1,1,02,-,1,2,2,59,18/03/1963,1,03,3,2,5,08, , , , , ,1, ,7421,0
00,1022,6,11A205,09,40399,2,1,1,01,-,1,1,1,59,18/11/1962,1,04,2,2,5,08, , , , , ,1,1,7421,29882
00,1022,6,11A205,09,40399,2,1,1,03,-,1,3,1,31,07/09/1991,1,03,3,2,5,01,1,5,4,3,004000,1, ,7421,0
00,1022,6,11A205,09,40399,2,1,1,04,-,1,5,2,30,12/05/1992,1,03,3,2,5,07, , , , , ,1, ,7421,0
00,1022,6,11A205,09,40399,2,1,1,05,-,1,5,1,14,14/04/2008,1,03,2,1,6,06, , , , , ,1, ,7421,0
00,1022,6,11A205,09,40399,2,1,1,06,-,1,5,2,10,07/12/2011,1,02,4,1, , , , , , , ,1, ,7421,0
00,1022,6,11A205,09,40399,2,1,1,07,-,1,5,1,09,12/07/2013,1,02,2,1, , , , , , , ,1, ,7421,0
00,1022,6,11A205,09,40399,1,1,0,01,-,1,1,2,47,15/06/1975,1,04,3,2,1,07, , , , , ,1,1,7421,29882
00,1022,6,11A205,09,40399,1,1,0,02,-,1,2,1,46,15/06/1976,1,07,1,2,1,01,4,4,2,1,001200,1, ,7421,0
00,1022,6,11A205,09,40399,3,1,0,01,-,1,1,1,68,18/10/1954,1,07,5,2,5,08, , , , , ,1, ,7421,0
00,1022,2,12B211,09,40437,2,1,0,02,-,1,2,2,70,15/06/1952,1,02,6,2,5,07, , , , , ,1, ,8075,0
00,1022,2,12B211,09,40437,3,1,0,04,-,1,7,1,05,15/06/2017,2,01,2,1, , , , , , , ,1, ,8075,0
00,1022,2,12B211,09,40437,3,1,0,03,-,1,7,2,22,15/06/2000,1,06,3,1,6,06, , , , , ,1, ,8075,0
00,1022,2,12B211,09,40437,3,1,0,02,-,1,6,2,52,15/06/1970,1,03,3,2,6,07, , , , , ,1, ,8075,0
00,1022,2,12B211,09,40437,4,1,0,01,-,1,1,2,70,15/06/1952,1,04,2,2,6,07, , , , , ,1,1,8075,8209
00,1022,2,12B211,09,40437,2,1,0,01,-,1,1,1,71,15/06/1951,1,02,6,2,5,08, , , , , ,1,1,8075,16418
00,1022,2,12B211,09,40437,3,1,0,01,-,1,1,1,46,15/06/1976,1,06,3,2,6,01,5,5,3,2,004000,1,1,8075,24627
00,1022,5,11A206,09,40447,1,1,0,01,-,1,1,1,33,22/07/1989,1,04,3,1,6,01,4,4,2,1,001500,1,1,7093,7140
00,1022,5,11A206,09,40447,2,1,0,01,-,1,1,2,75,02/05/1947,1,03,3,2,4,07, , , , , ,1,1,7093,7140
00,1022,5,11A206,09,40447,3,1,0,01,-,1,1,1,34,02/09/1988,1,06,4,2,6,01,4,4,2,1,001600,1,1,7093,7140
00,1022,5,11A206,09,40447,4,1,0,02,-,1,3,2,37,05/06/1985,1,06,4,2,6,04, , , , , ,1, ,7093,0
00,1022,5,11A206,09,40447,4,1,0,03,-,1,3,1,35,22/03/1987,1,03,3,2,6,01,4,5,2,1,999999,1,1,7093,21421
00,1022,5,11A206,09,40447,4,1,0,01,-,1,1,2,55,12/06/1967,1,05,3,2,3,01,5,5,2,1,999999,1, ,7093,0
00,1022,4,12A217,09,40475,3,1,0,03,-,1,3,1,34,25/09/1988,1,04,3,2,2,01,7,2,3,2,999999,1, ,7487,0
00,1022,4,12A217,09,40475,3,1,0,02,-,1,2,2,58,21/09/1964,1,03,3,2,5,07, , , , , ,1,1,7487,45667
00,1022,4,12A217,09,40475,3,1,0,05,-,1,3,1,27,31/10/1994,1,07,1,2,6,01,7,2,3,2,999999,1, ,7487,0
00,1022,4,12A217,09,40475,3,1,0,01,-,1,1,1,63,10/06/1959,1,06,2,2,5,01,2,5,3,3,013000,1, ,7487,0
00,1022,4,12A217,09,40475,3,1,0,06,-,1,3,2,23,04/03/1999,1,04,2,2,6,07, , , , , ,1, ,7487,0
00,1022,4,12A217,09,40475,2,1,0,01,-,1,1,1,39,17/03/1983,1,07,4,2,5,01,2,5,3,3,012000,1,1,7487,15223
00,1022,4,12A217,09,40475,2,1,0,02,-,1,2,2,41,30/04/1981,1,07,5,2,5,01,2,5,3,3,016000,1, ,7487,0
00,1022,4,12A217,09,40475,2,1,0,04,-,1,3,2,09,19/10/2012,1,02,4,1, , , , , , , ,1, ,7487,0
00,1022,4,12A217,09,40475,2,1,0,03,-,1,3,1,13,10/12/2008,1,03,1,1,6,06, , , , , ,1, ,7487,0
00,1022,4,12A217,09,40475,1,1,0,01,-,1,1,1,71,24/07/1951,1,04,3,2,2,07, , , , , ,1,1,7487,7611
00,1022,4,12A217,09,40475,3,1,0,04,-,1,3,1,29,28/11/1992,1,03,3,2,6,07, , , , , ,1, ,7487,0
00,1022,4,12A217,09,40475,4,1,0,01,-,1,1,2,54,15/06/1968,1,02,6,2,6,07, , , , , ,1,1,7487,7611
00,1022,4,12A217,09,40477,4,1,0,05,-,1,4,2,93,05/11/1928,1,00, ,2,4,07, , , , , ,1, ,7574,0
00,1022,4,12A217,09,40477,1,1,0,01,-,1,1,1,79,11/07/1943,1,03,2,2,4,08, , , , , ,1,1,7574,23099
00,1022,4,12A217,09,40477,1,1,0,03,-,1,5,1,43,20/12/1978,1,07,1,2,5,01,4,4,2,1,001000,1, ,7574,0
00,1022,4,12A217,09,40477,1,1,0,04,-,1,5,2,10,17/11/2011,1,02,5,1, , , , , , , ,1, ,7574,0
00,1022,4,12A217,09,40477,1,1,0,02,-,1,3,2,43,10/01/1979,1,07,2,2,5,01,4,4,2,1,000900,1, ,7574,0
00,1022,4,12A217,09,40477,2,1,1,01,-,1,1,1,90,22/10/1931,1,07,6,2,5,08, , , , , ,1, ,7574,0
00,1022,4,12A217,09,40477,2,1,1,03,-,1,3,1,45,20/06/1977,1,07,5,2,6,01,1,5,2,2,999999,1, ,7574,0
00,1022,4,12A217,09,40477,2,1,1,02,-,1,2,2,76,12/01/1946,1,06,3,2,5,07, , , , , ,1,1,7574,23099
00,1022,4,12A217,09,40477,3,1,0,05,-,1,5,1,24,17/11/1997,1,03,3,2,5,01,7,2,3,1,999999,1, ,7574,0
00,1022,4,12A217,09,40477,3,1,0,01,-,1,1,1,49,17/06/1973,1,02,6,2,5,01,4,4,2,1,999999,1, ,7574,0
00,1022,4,12A217,09,40477,3,1,0,02,-,1,2,2,49,26/06/1973,1,04,3,2,5,07, , , , , ,1, ,7574,0
00,1022,4,12A217,09,40477,3,1,0,04,-,1,3,2,21,12/08/2001,1,04,3,2,5,07, , , , , ,1,1,7574,38498
00,1022,4,12A217,09,40477,3,1,0,03,-,1,3,1,20,20/08/2002,1,04,3,2,6,04, , , , , ,1, ,7574,0
00,1022,4,12A217,09,40477,4,1,0,03,-,1,3,1,31,31/05/1991,1,03,3,2,6,01,5,5,2,1,000300,1, ,7574,0
00,1022,4,12A217,09,40477,4,1,0,02,-,1,2,2,56,17/05/1966,1,03,3,2,1,07, , , , , ,1, ,7574,0
00,1022,4,12A217,09,40477,4,1,0,04,-,1,3,1,23,18/12/1998,1,03,3,2,6,04, , , , , ,1,1,7574,38498
00,1022,4,12A217,09,40477,4,1,0,01,-,1,1,1,66,17/07/1956,1,02,3,2,1,07, , , , , ,1, ,7574,0
00,1022,4,12A217,09,40479,1,1,0,01,-,1,1,2,78,15/06/1944,1,07,4,2,4,07, , , , , ,1,1,7255,7376
00,1022,4,12A217,09,40479,2,1,0,03,-,1,3,2,35,16/05/1987,2,07,4,2,6,01,5,5,3,2,999999,1, ,7255,0
00,1022,4,12A217,09,40479,2,1,0,02,-,1,2,2,65,12/03/1957,1,02,4,2,5,07, , , , , ,1, ,7255,0
00,1022,4,12A217,09,40479,4,1,0,01,-,1,1,2,58,15/06/1964,1,04,3,2,6,01,5,5,3,2,999999,1,1,7255,7376
00,1022,4,12A217,09,40479,2,1,0,04,-,1,5,2,09,11/06/2013,2,02,2,1, , , , , , , ,1, ,7255,0
00,1022,4,12A217,09,40479,3,1,0,01,-,1,1,1,70,15/06/1952,1,04,3,2,3,08, , , , , ,1,1,7255,7376
00,1022,4,12A217,09,40479,2,1,0,01,-,1,1,1,72,13/09/1950,1,02,3,2,5,08, , , , , ,1,1,7255,22126
00,1022,1,11B212,09,40482,2,1,0,02,-,1,5,1,22,10/08/2000,1,04,3,2,6,01,4,4,3,3,004200,1, ,11552,0
00,1022,1,11B212,09,40482,2,1,0,01,-,1,1,2,62,09/12/1959,1,00, ,2,4,07, , , , , ,1,1,11552,23259
00,1022,1,11B212,09,40482,2,1,0,03,-,1,5,1,09,30/06/2013,1,02,5,1, , , , , , , ,1, ,11552,0
00,1022,1,11B212,09,40482,1,1,0,02,-,1,2,2,45,10/11/1976,1,04,3,2,5,01,5,5,3,3,006000,1,1,11552,34889
00,1022,1,11B212,09,40482,1,1,0,01,-,1,1,1,56,29/05/1966,1,04,3,2,5,01,3,5,3,2,003500,1, ,11552,0
00,1022,1,11B212,09,40482,1,1,0,04,-,1,3,2,17,24/03/2005,1,04,2,1,6,06, , , , , ,1, ,11552,0
00,1022,1,11B212,09,40482,1,1,0,03,-,1,3,2,20,07/06/2002,1,07,2,1,6,06, , , , , ,1, ,11552,0
00,1022,1,11B212,09,40482,4,1,0,04,-,1,3,2,36,10/08/1986,1,07,4,2,6,01,1,5,3,2,999999,1, ,11552,0
00,1022,1,11B212,09,40482,4,1,0,02,-,1,2,2,62,05/04/1960,1,06,3,2,5,08, , , , , ,1, ,11552,0
00,1022,1,11B212,09,40482,4,1,0,05,-,1,3,1,38,12/07/1984,1,07,4,2,6,01,1,7,3,2,999999,1, ,11552,0
00,1022,1,11B212,09,40482,4,1,0,03,-,1,3,1,42,16/11/1979,1,08,3,2,6,01,1,5,3,3,999999,1, ,11552,0
00,1022,1,11B212,09,40482,4,1,0,01,-,1,1,1,63,02/11/1958,1,08,3,2,5,08, , , , , ,1,1,11552,58148
00,1022,1,11B212,09,40482,3,1,0,03,-,1,3,2,29,04/04/1993,1,04,3,2,1,01,5,5,3,3,005000,1, ,11552,0
00,1022,1,11B212,09,40482,3,1,0,02,-,1,5,1,29,14/07/1993,1,02,6,2,1,01,6,1,3,1,001500,1, ,11552,0
00,1022,1,11B212,09,40482,3,1,0,06,-,1,5,1,02,09/11/2019, , , , , , , , , , , ,1, ,11552,0
00,1022,1,11B212,09,40482,3,1,0,07,-,1,5,1,05,23/09/2017,2,01,3,1, , , , , , , ,1, ,11552,0
00,1022,1,11B212,09,40482,3,1,0,04,-,1,3,2,23,30/11/1998,1,03,3,2,6,01,5,5,3,1,001200,1, ,11552,0
00,1022,1,11B212,09,40482,3,1,0,05,-,1,3,2,19,25/10/2002,1,03,3,2,6,07, , , , , ,1,1,11552,58148
00,1022,1,11B212,09,40482,3,1,0,08,-,1,5,2,00,18/02/2022, , , , , , , , , , , ,1, ,11552,0
00,1022,1,11B212,09,40482,3,1,0,01,-,1,1,1,45,07/07/1977,1,02,6,2,4,01,5,5,3,1,999999,1, ,11552,0
00,1022,8,11A203,09,40483,3,1,0,01,-,1,1,1,53,28/02/1969,1,04,3,2,5,01,4,4,2,1,001000,1,1,7005,21156
00,1022,8,11A203,09,40483,4,1,0,01,-,1,1,2,63,15/07/1959,2,00, ,2,4,07, , , , , ,1,1,7005,7052
00,1022,8,11A203,09,40483,2,1,0,01,-,1,1,2,80,29/06/1942,1,02,5,2,4,07, , , , , ,1, ,7005,0
00,1022,8,11A203,09,40483,2,1,0,02,-,1,3,2,60,15/09/1962,1,07,4,2,6,01,1,5,3,2,010000,1,1,7005,14104
00,1022,8,11A203,09,40483,1,1,0,05,-,1,5,1,08,21/01/2014,2,02,1,1, , , , , , , ,1, ,7005,0
00,1022,8,11A203,09,40483,1,1,0,03,-,1,3,1,29,21/10/1992,1,07,5,2,6,01,1,5,3,1,999999,1, ,7005,0
00,1022,8,11A203,09,40483,1,1,0,02,-,1,2,2,66,30/03/1956,1,06,2,2,5,07, , , , , ,1,1,7005,28208
00,1022,8,11A203,09,40483,1,1,0,06,-,1,5,1,13,13/08/2009,1,02,5,1,6,06, , , , , ,1, ,7005,0
00,1022,8,11A203,09,40483,1,1,0,01,-,1,1,1,61,04/09/1961,1,02,6,2,5,01,4,4,2,1,001000,1, ,7005,0
00,1022,8,11A203,09,40483,1,1,0,04,-,1,3,2,39,17/01/1983,1,06,3,2,6,01,4,4,3,2,001200,1, ,7005,0
00,1022,6,11A203,09,40483,3,1,0,03,-,2, , , , , , , , , , , , , , , ,1, ,0,0
00,1022,6,11A203,09,40483,3,1,0,02,-,2, , , , , , , , , , , , , , , ,1, ,0,0
00,1022,8,11A203,09,40483,3,1,0,06,-,1,7,1,09,30/01/2013,1,02,1,1, , , , , , , ,1, ,7005,0
00,1022,8,11A203,09,40483,3,1,0,05,-,1,7,1,51,15/06/1971,1,03,3,2,1,01,4,4,2,1,000800,1, ,7005,0
00,1022,8,11A203,09,40483,3,1,0,04,-,1,6,2,47,02/09/1975,1,02,6,2,1,01,4,4,2,1,000800,1, ,7005,0
00,1022,8,12A203,09,40484,4,1,0,01,-,1,1,2,61,28/10/1960,1,04,3,2,6,08, , , , , ,1,1,8672,8816
00,1022,8,12A203,09,40484,1,1,0,02,-,1,2,2,30,30/09/1992,1,07,5,2,5,07, , , , , ,1,1,8672,17632
00,1022,8,12A203,09,40484,1,1,0,04,-,1,3,2,03,16/07/2019, , , , , , , , , , , ,1, ,8672,0
00,1022,8,12A203,09,40484,1,1,0,01,-,1,1,1,37,28/02/1985,1,07,4,2,5,01,1,2,3,2,008000,1, ,8672,0
00,1022,8,12A203,09,40484,1,1,0,03,-,1,3,1,05,29/06/2017,1,01,2,1, , , , , , , ,1, ,8672,0
00,1022,8,12A203,09,40484,2,1,0,03,-,1,3,2,17,17/11/2004,1,04,2,1,6,06, , , , , ,1, ,8672,0
00,1022,8,12A203,09,40484,2,1,0,04,-,1,3,1,15,16/05/2007,1,03,2,1,6,06, , , , , ,1, ,8672,0
00,1022,8,12A203,09,40484,2,1,0,01,-,1,1,1,42,12/01/1980,1,03,3,2,5,01,7,5,3,2,999999,1,1,8672,17632
00,1022,8,12A203,09,40484,2,1,0,02,-,1,2,2,44,15/02/1978,1,07,2,2,5,07, , , , , ,1, ,8672,0
00,1022,8,12A203,09,40484,3,1,0,02,-,1,2,2,62,01/01/1960,1,04,3,2,5,01,3,7,3,2,999999,1, ,8672,0
00,1022,8,12A203,09,40484,3,1,0,01,-,1,1,1,72,10/03/1950,1,07,5,2,5,08, , , , , ,1,1,8672,17632
00,1022,1,11B212,09,40485,1,1,0,03,-,1,3,2,14,13/09/2008,1,03,2,1,6,06, , , , , ,1, ,7509,0
00,1022,1,11B212,09,40485,1,1,0,02,-,1,3,1,17,17/02/2005,1,04,2,2,6,07, , , , , ,1, ,7509,0
00,1022,1,11B212,09,40485,4,1,0,02,-,1,2,2,36,18/08/1986,1,03,3,2,5,07, , , , , ,1,1,7509,15118
00,1022,1,11B212,09,40485,4,1,0,01,-,1,1,1,35,06/11/1986,1,03,3,2,5,01,5,5,3,1,999999,1, ,7509,0
00,1022,1,11B212,09,40485,3,1,0,02,-,1,2,2,43,30/01/1979,1,04,3,2,5,07, , , , , ,1,1,7509,22677
00,1022,1,11B212,09,40485,3,1,0,03,-,1,3,1,19,04/02/2003,1,04,2,1,6,06, , , , , ,1, ,7509,0
00,1022,1,11B212,09,40485,3,1,0,04,-,1,3,1,15,01/04/2007,1,04,1,1,6,06, , , , , ,1, ,7509,0
00,1022,1,11B212,09,40485,3,1,0,01,-,1,1,1,45,21/01/1977,1,07,1,2,5,01,5,5,3,2,004000,1, ,7509,0
00,1022,1,11B212,09,40485,1,1,0,04,-,1,3,1,05,23/01/2017,2,01,2,1, , , , , , , ,1, ,7509,0
00,1022,1,11B212,09,40485,1,1,0,01,-,1,1,2,33,28/05/1989,1,03,3,2,2,01,7,2,3,1,001800,1,1,7509,7559
00,1022,1,13B212,09,40486,1,1,0,02,-,1,2,2,58,16/07/1964,1,07,5,2,5,08, , , , , ,1, ,9350,0
00,1022,1,13B212,09,40486,1,1,0,04,-,1,3,2,30,15/06/1992,1,07,5,2,6,01,1,5,3,2,999999,1, ,9350,0
00,1022,1,13B212,09,40486,1,1,0,03,-,1,3,2,32,10/09/1990,1,07,5,2,6,01,3,2,3,2,999999,1,1,9350,37975
00,1022,1,13B212,09,40486,2,1,0,03,-,1,3,1,40,02/07/1982,1,04,3,2,6,01,4,4,2,1,999999,1,1,9350,28481
00,1022,1,13B212,09,40486,1,1,0,01,-,1,1,1,67,02/01/1955,1,07,4,2,5,01,4,4,2,1,999999,1, ,9350,0
00,1022,1,13B212,09,40486,2,1,0,01,-,1,1,2,70,08/07/1952,1,03,3,2,4,01,4,4,2,1,999999,1, ,9350,0
00,1022,1,13B212,09,40486,3,1,0,02,-,1,3,2,20,15/03/2002,1,04,3,1,6,06, , , , , ,1, ,9350,0
00,1022,1,13B212,09,40486,3,1,0,01,-,1,1,2,50,27/12/1971,1,03,3,2,6,01,5,5,3,1,001000,1,1,9350,18987
00,1022,1,13B212,09,40486,2,1,0,02,-,1,3,2,47,28/03/1975,1,03,3,2,6,01,4,4,2,1,999999,1, ,9350,0
00,1022,5,11A206,09,40500,1,1,0,01,-,1,1,2,48,28/11/1973,1,05,3,2,2,01,4,4,3,1,001600,1,1,7062,28436
00,1022,5,11A206,09,40500,3,1,0,04,-,1,5,1,16,15/04/2006,1,03,3,1,6,06, , , , , ,1, ,7062,0
00,1022,5,11A206,09,40500,1,1,0,04,-,1,3,1,18,31/03/2004,1,02,6,1,6,06, , , , , ,1, ,7062,0
00,1022,5,11A206,09,40500,1,1,0,03,-,1,3,1,19,09/01/2003,1,03,3,1,6,06, , , , , ,1, ,7062,0
00,1022,5,11A206,09,40500,2,1,0,06,-,1,3,1,04,27/04/2018, , , , , , , , , , , ,1, ,7062,0
00,1022,5,11A206,09,40500,2,1,0,01,-,1,1,1,44,09/11/1977,1,03,3,2,5,01,5,5,3,1,999999,1,1,7062,28436
00,1022,5,11A206,09,40500,2,1,0,03,-,1,3,1,22,17/08/2000,1,04,3,2,6,04, , , , , ,1, ,7062,0
00,1022,5,11A206,09,40500,2,1,0,05,-,1,3,2,11,05/05/2011,1,02,5,1, , , , , , , ,1, ,7062,0
00,1022,5,11A206,09,40500,2,1,0,02,-,1,2,2,42,14/06/1980,1,03,3,2,5,07, , , , , ,1, ,7062,0
00,1022,5,11A206,09,40500,2,1,0,04,-,1,3,2,20,02/10/2002,1,04,1,1,6,06, , , , , ,1, ,7062,0
00,1022,5,11A206,09,40500,3,1,0,03,-,1,3,2,43,11/11/1978,1,07,4,2,5,01,5,5,2,1,999999,1, ,7062,0
00,1022,5,11A206,09,40500,3,1,0,05,-,1,5,2,10,19/10/2011,1,02,3,1, , , , , , , ,1, ,7062,0
00,1022,5,11A206,09,40500,3,1,0,02,-,1,2,2,66,29/10/1955,1,02,6,2,5,07, , , , , ,1,1,7062,21327
00,1022,5,11A206,09,40500,3,1,0,01,-,1,1,1,68,03/03/1954,1,02,6,2,5,08, , , , , ,1, ,7062,0
00,1022,5,11A206,09,40500,1,1,0,02,-,1,3,1,25,11/01/1997,1,04,3,2,6,04, , , , , ,1, ,7062,0
00,1022,8,12A203,09,40537,4,1,0,02,-,1,6,2,70,15/03/1952,1,02,6,2,2,09, , , , , ,1, ,8088,0
00,1022,8,12A203,09,40537,1,1,0,01,-,1,1,2,57,30/04/1965,1,06,2,2,6,07, , , , , ,1,1,8088,16445
00,1022,8,12A203,09,40537,1,1,0,02,-,1,3,1,26,28/03/1996,1,04,3,2,6,04, , , , , ,1, ,8088,0
00,1022,8,12A203,09,40537,2,1,0,01,-,1,1,2,63,19/04/1959,1,02,6,2,5,01,5,5,3,2,999999,1,1,8088,24668
00,1022,8,12A203,09,40537,2,1,0,04,-,1,5,1,16,04/09/2006,1,03,3,1,6,06, , , , , ,1, ,8088,0
00,1022,8,12A203,09,40537,4,1,0,03,-,1,7,2,33,15/06/1989,1,03,3,2,6,01,7,2,3,1,999999,1, ,8088,0
00,1022,8,12A203,09,40537,2,1,0,03,-,1,3,1,45,04/04/1977,1,04,3,2,2,01,7,5,3,1,999999,1, ,8088,0
00,1022,8,12A203,09,40537,3,1,0,01,-,1,1,1,66,24/08/1956,1,03,3,2,6,01,5,5,2,1,000500,1,1,8088,8223
00,1022,8,12A203,09,40537,4,1,0,04,-,1,7,2,05,15/11/2016,2,01,2,1, , , , , , , ,1, ,8088,0
00,1022,8,12A203,09,40537,4,1,0,01,-,1,1,1,65,11/12/1956,1,04,2,2,6,01,4,4,2,1,000500,1,1,8088,24668
00,1022,8,12A203,09,40537,2,1,0,02,-,1,2,1,64,09/03/1958,1,03,3,2,5,08, , , , , ,1, ,8088,0
00,1022,8,13A203,09,40538,1,1,0,01,-,1,1,2,43,18/06/1979,1,07,4,2,5,01,5,5,3,2,999999,1,1,9761,9910
00,1022,8,13A203,09,40538,4,1,0,01,-,1,1,1,56,15/04/1966,1,07,4,2,2,01,5,5,3,2,999999,1,1,9761,9910
00,1022,8,13A203,09,40538,3,1,0,01,-,1,1,2,69,15/07/1953,1,07,1,2,6,07, , , , , ,1,1,9761,9910
00,1022,8,13A203,09,40538,2,1,0,02,-,1,2,2,45,15/06/1977,1,07,4,2,5,01,5,5,3,2,999999,1, ,9761,0
00,1022,8,13A203,09,40538,2,1,0,01,-,1,1,1,49,09/12/1972,1,07,4,2,2,01,5,5,3,2,999999,1,1,9761,19820
00,1022,8,11A203,09,40539,1,1,0,02,-,1,2,2,51,13/10/1971,1,06,3,2,1,01,5,5,3,3,005200,1, ,7958,0
00,1022,8,11A203,09,40539,1,1,0,01,-,1,1,1,52,19/01/1970,1,07,4,2,1,01,4,5,2,1,002200,1,1,7958,32046
00,1022,8,11A203,09,40539,1,1,0,04,-,1,3,2,19,10/10/2003,1,04,2,1,6,06, , , , , ,1, ,7958,0
00,1022,5,11A203,09,40539,3,1,0,02,-,2, , , , , , , , , , , , , , , ,1, ,0,0
00,1022,8,11A203,09,40539,2,1,0,02,-,3,2,1,56,07/06/1966,1,07,4,2,5,08, , , , , ,1, ,7958,0
00,1022,8,11A203,09,40539,2,1,0,01,-,1,1,2,51,03/10/1971,1,04,1,2,5,07, , , , , ,1,1,7958,16023
00,1022,8,11A203,09,40539,1,1,0,03,-,1,3,2,28,16/01/1994,1,04,3,2,6,01,1,2,3,2,010000,1, ,7958,0
00,1022,8,11A203,09,40539,3,1,0,01,-,1,1,2,29,09/02/1993,1,07,1,2,1,05, , , , , ,1,1,7958,8011
00,1022,8,12A203,09,40541,2,1,1,03,-,1,3,2,41,22/04/1981,1,07,3,2,6,01,3,5,3,2,999999,1, ,9120,0
00,1022,8,12A203,09,40541,4,1,0,02,-,1,2,2,53,28/05/1969,1,03,3,2,1,07, , , , , ,1, ,9120,0
00,1022,8,12A203,09,40541,4,1,0,01,-,1,1,1,56,14/03/1966,1,03,3,2,1,08, , , , , ,1, ,9120,0
00,1022,8,12A203,09,40541,4,1,0,03,-,1,3,1,33,31/08/1989,1,07,1,2,6,05, , , , , ,1,1,9120,27815
00,1022,8,12A203,09,40541,3,1,0,06,-,1,7,1,04,17/07/2018, , , , , , , , , , , ,1, ,9120,0
00,1022,8,12A203,09,40541,3,1,0,02,-,1,3,2,25,24/03/1997,1,07,4,2,6,01,5,5,3,2,999999,1, ,9120,0
00,1022,8,12A203,09,40541,3,1,0,01,-,1,1,2,64,18/08/1958,1,03,3,2,3,07, , , , , ,1,1,9120,55629
00,1022,8,12A203,09,40541,3,1,0,05,-,1,7,2,05,17/07/2017,1,01,2,1, , , , , , , ,1, ,9120,0
00,1022,8,12A203,09,40541,3,1,0,08,-,1,8,1,31,09/04/1991,1,03,3,2,1,01,5,5,3,1,999999,1, ,9120,0
00,1022,8,12A203,09,40541,3,1,0,07,-,1,7,2,24,14/05/1998,1,03,3,2,1,07, , , , , ,1, ,9120,0
00,1022,8,12A203,09,40541,3,1,0,04,-,1,7,2,22,18/04/2000,1,03,3,1,1,06, , , , , ,1, ,9120,0
00,1022,8,12A203,09,40541,3,1,0,03,-,1,7,1,46,21/05/1976,1,02,6,2,1,01,3,5,3,2,999999,1, ,9120,0
00,1022,8,12A203,09,40541,2,1,1,02,-,1,2,2,59,10/01/1963,1,03,3,2,5,07, , , , , ,1,1,9120,27815
00,1022,8,12A203,09,40541,2,1,1,01,-,1,1,1,60,17/05/1962,1,04,3,2,5,08, , , , , ,1, ,9120,0
00,1022,5,12A206,09,40547,2,1,0,05,-,1,5,1,15,02/07/2007,1,03,2,1,6,06, , , , , ,1, ,7626,0
00,1022,5,12A206,09,40547,2,1,0,02,-,1,2,2,66,15/09/1956,1,04,3,2,5,07, , , , , ,1, ,7626,0
00,1022,5,12A206,09,40547,1,1,0,02,-,1,2,2,37,25/09/1985,1,07,4,2,5,07, , , , , ,1, ,7626,0
00,1022,5,12A206,09,40547,1,1,0,04,-,1,3,2,06,29/12/2015,1,01,2,1, , , , , , , ,1, ,7626,0
00,1022,5,12A206,09,40547,1,1,0,01,-,1,1,1,51,17/05/1971,1,07,4,2,5,01,3,5,3,1,001500,1,1,7626,15505
00,1022,5,12A206,09,40547,1,1,0,03,-,1,3,1,10,03/02/2012,1,02,3,1, , , , , , , ,1, ,7626,0
00,1022,5,12A206,09,40547,2,1,0,04,-,1,5,2,18,24/10/2003,1,04,2,1,6,06, , , , , ,1, ,7626,0
00,1022,5,12A206,09,40547,3,1,0,01,-,1,1,2,60,14/02/1962,1,07,4,2,5,07, , , , , ,1, ,7626,0
00,1022,5,12A206,09,40547,3,1,0,02,-,1,3,1,27,06/11/1994,1,07,4,2,6,01,1,5,3,2,999999,1, ,7626,0
00,1022,5,12A206,09,40547,3,1,0,03,-,1,3,2,26,01/08/1996,1,07,4,2,6,01,1,2,3,2,999999,1,1,7626,23258
00,1022,5,12A206,09,40547,2,1,0,03,-,1,3,2,42,10/01/1980,1,07,5,2,3,01,1,5,3,2,003200,1, ,7626,0
00,1022,5,12A206,09,40547,2,1,0,01,-,1,1,1,67,27/04/1955,1,07,5,2,5,08, , , , , ,1,1,7626,31010
00,1022,5,12A206,09,40547,4,1,0,01,-,1,1,2,53,05/05/1969,1,00, ,2,6,07, , , , , ,1,1,7626,7753
00,1022,5,13A206,09,40550,2,1,0,01,-,1,1,1,45,10/05/1977,1,08,2,2,2,01,1,5,3,2,999999,1,1,7849,7970
00,1022,5,13A206,09,40550,3,1,0,02,-,1,2,1,44,09/05/1978,1,07,4,2,1,01,2,5,3,2,070000,1,1,7849,23909
00,1022,5,13A206,09,40550,3,1,0,03,-,1,8,1,34,27/11/1987,1,07,4,2,6,01,1,5,3,3,999999,1, ,7849,0
00,1022,5,13A206,09,40550,1,1,0,01,-,1,1,2,55,04/08/1967,1,08,2,2,5,08, , , , , ,1,1,7849,7970
00,1022,5,13A206,09,40550,4,1,0,01,-,1,1,2,37,14/10/1984,1,07,4,2,6,01,1,5,3,2,999999,1,1,7849,7970
00,1022,5,13A206,09,40550,3,1,0,01,-,1,1,1,42,23/05/1980,1,08,2,2,1,01,1,5,3,2,999999,1, ,7849,0
00,1022,5,12A206,09,40552,4,1,0,01,-,1,1,1,57,02/07/1965,1,07,4,2,5,01,1,5,3,2,999999,1,1,6788,6901
00,1022,5,12A206,09,40552,1,1,0,01,-,1,1,1,70,16/06/1952,1,04,3,2,5,01,1,5,3,2,999999,1, ,6788,0
00,1022,5,12A206,09,40552,1,1,0,02,-,1,2,2,68,15/07/1954,1,04,3,2,5,01,1,5,3,2,999999,1,1,6788,13801
00,1022,4,11A217,09,40575,1,1,0,01,-,1,1,1,78,22/02/1944,1,03,3,2,5,08, , , , , ,1, ,12027,0
00,1022,4,11A217,09,40575,1,1,0,02,-,1,2,2,74,29/12/1947,1,03,3,2,5,07, , , , , ,1,1,12027,24215
00,1022,4,11A217,09,40575,2,1,0,03,-,1,3,1,23,16/09/1999,1,07,3,2,6,01,1,5,3,2,006000,1, ,12027,0
00,1022,4,11A217,09,40575,2,1,0,01,-,1,1,1,53,31/03/1969,1,03,3,2,5,01,4,4,2,1,002000,1,1,12027,36322
00,1022,4,11A217,09,40575,2,1,0,02,-,1,2,2,50,21/07/1972,1,03,3,2,5,01,5,5,3,1,999999,1, ,12027,0
00,1022,4,11A217,09,40575,3,1,0,01,-,1,1,1,77,19/03/1945,1,02,6,2,5,08, , , , , ,1,1,12027,12107
00,1022,4,11A217,09,40575,4,1,0,01,-,1,1,2,37,15/09/1985,1,03,3,2,6,01,5,5,3,2,999999,1,1,12027,12107
00,1022,4,12A217,09,40576,1,1,0,01,-,1,1,1,57,16/08/1965,1,06,3,2,6,01,7,2,3,2,999999,1,1,9482,9639
00,1022,4,12A217,09,40576,2,1,0,01,-,1,1,2,58,14/03/1964,1,03,3,2,5,01,2,5,3,3,008000,1, ,9482,0
00,1022,4,12A217,09,40576,2,1,0,02,-,1,2,1,62,13/02/1960,1,02,6,2,5,07, , , , , ,1,1,9482,19279
00,1022,4,12A217,09,40576,4,1,0,03,-,1,3,1,13,21/03/2009,1,03,1,1,6,06, , , , , ,1, ,9482,0
00,1022,4,12A217,09,40576,4,1,0,02,-,1,3,1,19,01/10/2003,1,04,2,1,6,06, , , , , ,1,1,9482,19279
00,1022,4,12A217,09,40576,4,1,0,01,-,1,1,2,44,01/08/1978,1,06,3,2,2,01,5,5,5,2,003000,1, ,9482,0
00,1022,1,11B212,09,40584,1,1,0,01,-,1,1,1,48,06/09/1974,1,04,2,2,1,01,4,4,2,1,001200,1, ,8018,0
00,1022,1,11B212,09,40584,1,1,0,02,-,1,2,2,41,16/03/1981,1,04,3,2,1,07, , , , , ,1, ,8018,0
00,1022,1,11B212,09,40584,1,1,0,03,-,1,3,1,20,18/01/2002,1,07,1,1,6,06, , , , , ,1,1,8018,24215
00,1022,1,11B212,09,40584,1,1,0,04,-,1,3,2,09,18/06/2013,1,02,3,1, , , , , , , ,1, ,8018,0
00,1022,1,11B212,09,40584,2,1,0,01,-,1,1,1,50,24/12/1971,1,04,3,2,5,01,2,7,3,3,016000,1,1,8018,8072
00,1022,1,11B212,09,40584,3,1,0,02,-,1,3,1,13,24/05/2009,1,03,2,1,6,06, , , , , ,1, ,8018,0
00,1022,1,11B212,09,40584,3,1,0,01,-,1,1,2,51,13/08/1971,1,04,3,2,6,01,4,5,2,1,001500,1,1,8018,8072
00,1022,1,11B212,09,40584,4,1,0,02,-,1,2,2,45,06/02/1977,1,04,3,2,5,07, , , , , ,1,1,8018,16143
00,1022,1,11B212,09,40584,4,1,0,01,-,1,1,1,46,29/12/1975,1,04,3,2,5,01,1,3,1,3,040000,1, ,8018,0
00,1022,1,11B212,09,40584,4,1,0,04,-,1,3,1,12,25/01/2010,1,03,1,1,6,06, , , , , ,1, ,8018,0
00,1022,1,11B212,09,40584,4,1,0,03,-,1,3,1,15,11/09/2007,1,03,2,1,6,06, , , , , ,1, ,8018,0
00,1022,1,12B212,09,40587,2,1,0,01,-,1,1,2,62,20/12/1959,1,06,3,2,3,01,1,5,3,2,004000,1,1,7718,7846
00,1022,1,12B212,09,40587,1,1,0,01,-,1,1,1,67,22/05/1955,1,02,6,2,6,01,4,4,3,1,999999,1,1,7718,7846
00,1022,1,12B212,09,40587,2,1,0,02,-,1,5,1,13,04/02/2009,1,03,1,1,6,06, , , , , ,1, ,7718,0
00,1022,1,12B212,09,40587,2,1,0,03,-,1,5,2,11,12/05/2011,1,02,5,1, , , , , , , ,1, ,7718,0
00,1022,1,12B212,09,40587,3,1,0,01,-,1,1,2,77,15/02/1945,1,06,3,2,4,07, , , , , ,1,1,7718,15692
00,1022,1,12B212,09,40587,3,1,0,02,-,1,6,2,73,01/12/1948,1,06,3,2,3,01,5,5,3,1,000700,1, ,7718,0
00,1022,1,12B212,09,40587,4,1,0,01,-,1,1,1,70,26/11/1951,1,07,5,2,3,08, , , , , ,1,1,7718,15692
00,1022,1,12B212,09,40587,4,1,0,02,-,1,3,1,33,11/04/1989,1,07,5,2,6,01,1,5,3,2,999999,1, ,7718,0
00,1022,8,13A203,09,40588,3,1,0,02,-,1,2,2,33,06/10/1989,1,07,4,2,1,01,1,5,3,2,999999,1,1,7347,14919
00,1022,8,13A203,09,40588,3,1,0,01,-,1,1,1,32,10/05/1990,1,07,5,2,1,01,1,5,3,2,999999,1, ,7347,0
00,1022,8,13A203,09,40588,1,1,0,03,-,1,2,1,71,08/02/1951,1,08,1,2,1,01,1,7,3,2,008500,1,1,7347,22378
00,1022,8,13A203,09,40588,1,1,0,01,-,1,1,2,64,10/10/1958,1,09,1,2,1,01,1,7,3,2,012500,1, ,7347,0
00,1022,8,13A203,09,40588,1,1,0,02,-,1,3,1,31,15/03/1991,1,07,4,2,6,01,5,5,2,2,005000,1, ,7347,0
00,1022,8,13A203,09,40588,2,1,0,01,-,1,1,1,50,15/06/1972,1,04,3,2,5,07, , , , , ,1,1,7347,7459
00,1022,8,13A203,09,40588,4,1,1,02,-,1,2,1,42,16/10/1979,1,07,4,2,1,01,3,5,3,2,015000,1, ,7347,0
00,1022,8,13A203,09,40588,4,1,1,01,-,1,1,1,50,02/02/1972,1,07,4,2,1,01,3,5,3,2,015000,1,1,7347,14919
00,1022,1,12B212,09,40591,4,1,0,02,-,1,2,2,24,15/06/1998,1,06,3,2,1,01,1,5,3,2,999999,1, ,10582,0
00,1022,1,12B212,09,40591,4,1,0,03,-,1,3,2,07,15/02/2015,1,02,1,1, , , , , , , ,1, ,10582,0
00,1022,1,12B212,09,40591,4,1,0,01,-,1,1,1,29,18/05/1993,1,07,5,2,1,01,5,5,3,2,999999,1,1,10582,21516
00,1022,5,12A206,09,40593,3,1,0,01,-,1,1,1,62,19/04/1960,1,08,2,2,5,01,1,5,2,2,999999,1,1,8057,40956
00,1022,5,12A206,09,40593,3,1,0,02,-,1,2,2,63,02/03/1959,1,07,5,2,5,07, , , , , ,1, ,8057,0
00,1022,5,12A206,09,40593,3,1,0,03,-,1,3,2,23,23/09/1999,1,07,1,1,6,06, , , , , ,1, ,8057,0
00,1022,5,12A206,09,40593,4,1,0,01,-,1,1,1,66,30/04/1956,1,07,5,2,5,01,5,5,3,2,999999,1,1,8057,8192
00,1022,5,12A206,09,40593,1,1,0,01,-,1,1,1,66,15/07/1956,1,02,6,2,5,01,4,4,2,1,001000,1,1,8057,16382
00,1022,5,12A206,09,40593,2,1,0,01,-,1,1,2,64,24/05/1958,1,03,3,2,6,08, , , , , ,1, ,8057,0
00,1022,5,12A206,09,40593,3,1,0,04,-,1,7,1,54,20/05/1968,1,07,5,2,6,01,1,5,2,2,999999,1, ,8057,0
00,1022,5,12A206,09,40593,2,1,0,03,-,1,3,2,29,07/01/1993,1,04,3,2,6,01,4,4,3,2,002900,1,1,8057,24574
00,1022,5,12A206,09,40593,2,1,0,02,-,1,3,1,42,30/01/1980,1,04,3,2,1,01,1,5,3,2,999999,1, ,8057,0
00,1022,5,12A206,09,40593,1,1,0,02,-,1,2,2,64,16/07/1958,1,02,6,2,5,01,4,4,2,1,001000,1, ,8057,0
00,1022,5,12A206,09,40593,3,1,0,05,-,1,7,1,52,26/01/1970,1,07,5,2,6,01,1,2,3,2,999999,1, ,8057,0
00,1022,5,11A206,09,40596,4,1,0,04,-,1,3,1,05,17/08/2017,2,01,2,1, , , , , , , ,1, ,7308,0
00,1022,5,11A206,09,40596,4,1,0,01,-,1,1,1,29,01/05/1993,1,04,3,2,5,01,5,5,3,2,999999,1,1,7308,14715
00,1022,5,11A206,09,40596,4,1,0,02,-,1,2,2,30,09/05/1992,1,04,3,2,5,07, , , , , ,1, ,7308,0
00,1022,5,11A206,09,40596,4,1,0,03,-,1,3,2,06,05/11/2015,1,01,1,1, , , , , , , ,1, ,7308,0
00,1022,5,11A206,09,40596,3,1,0,02,-,1,2,2,33,15/06/1989,1,03,3,2,1,07, , , , , ,1,1,7308,14715
00,1022,5,11A206,09,40596,3,1,0,01,-,1,1,1,27,01/11/1994,1,04,3,2,1,01,5,5,3,2,999999,1, ,7308,0
00,1022,5,11A206,09,40596,3,1,0,03,-,1,3,2,02,30/05/2020, , , , , , , , , , , ,1, ,7308,0
00,1022,5,11A206,09,40596,2,1,0,01,-,1,1,2,59,30/04/1963,1,03,3,2,6,01,5,5,3,2,999999,1,1,7308,7357
00,1022,5,11A206,09,40596,1,1,0,03,-,1,3,1,25,26/04/1997,1,07,2,2,6,01,1,5,3,2,999999,1,1,7308,22072
00,1022,5,11A206,09,40596,1,1,0,02,-,1,2,2,51,24/12/1970,1,04,3,2,5,07, , , , , ,1, ,7308,0
00,1022,5,11A206,09,40596,1,1,0,01,-,1,1,1,55,09/01/1967,1,04,3,2,5,01,5,5,3,2,999999,1, ,7308,0
00,1022,5,13A206,09,40598,2,1,0,01,-,1,1,1,25,21/07/1997,1,07,4,2,6,01,3,5,3,2,999999,1,1,8711,26534
00,1022,5,13A206,09,40598,1,1,0,02,-,1,6,1,64,07/05/1958,1,07,5,2,6,08, , , , , ,1, ,8711,0
00,1022,5,13A206,09,40598,2,1,0,02,-,1,4,2,50,21/03/1972,1,07,4,2,3,01,5,5,2,2,999999,1, ,8711,0
00,1022,4,13A206,09,40598,2,1,0,04,-,2, , , , , , , , , , , , , , , ,1, ,0,0
00,1022,5,13A206,09,40598,4,1,0,02,-,1,3,1,25,04/04/1997,1,07,5,2,6,01,1,5,3,2,999999,1,1,8711,17689
00,1022,5,13A206,09,40598,1,1,0,01,-,1,1,2,74,17/01/1948,1,06,3,2,4,08, , , , , ,1,1,8711,17689
00,1022,5,13A206,09,40598,3,1,0,02,-,1,2,2,97,15/06/1923,1,07,4,2,1,01,1,5,3,2,999999,1, ,8711,0
00,1022,5,13A206,09,40598,3,1,0,01,-,1,1,1,97,15/06/1923,1,07,4,2,1,01,1,5,3,2,999999,1,1,8711,17689
00,1022,5,13A206,09,40598,4,1,0,01,-,1,1,1,62,30/07/1960,1,07,5,2,4,01,1,5,3,2,999999,1, ,8711,0
00,1022,5,13A206,09,40598,2,1,0,03,-,1,4,2,75,24/01/1947,1,06,3,2,4,08, , , , , ,1, ,8711,0
00,1022,4,13A217,09,40625,1,1,0,04,-,1,3,2,07,10/09/2015,1,01,2,1, , , , , , , ,1, ,10739,0
00,1022,4,13A217,09,40625,1,1,0,03,-,1,3,1,12,03/09/2010,1,02,5,1,6,06, , , , , ,1, ,10739,0
00,1022,4,13A217,09,40625,4,1,1,02,-,1,3,1,57,13/06/1965,1,06,3,2,5,01,5,5,3,1,999999,1,1,10739,21807
00,1022,4,13A217,09,40625,4,1,1,01,-,1,1,2,87,12/04/1935,1,02,6,2,6,07, , , , , ,1, ,10739,0
00,1022,4,13A217,09,40625,3,1,1,01,-,1,1,1,75,16/05/1947,1,07,3,2,5,08, , , , , ,1, ,10739,0
00,1022,4,13A217,09,40625,3,1,1,02,-,1,2,2,73,06/06/1949,1,02,6,2,5,07, , , , , ,1,1,10739,21807
00,1022,4,13A217,09,40625,2,1,0,03,-,1,3,2,39,07/09/1983,1,07,5,2,6,04, , , , , ,1, ,10739,0
00,1022,4,13A217,09,40625,2,1,0,02,-,1,2,2,59,30/05/1963,1,03,3,2,5,07, , , , , ,1, ,10739,0
00,1022,4,13A217,09,40625,2,1,0,01,-,1,1,1,62,22/12/1959,1,04,1,2,5,01,4,4,2,1,999999,1, ,10739,0
00,1022,4,13A217,09,40625,2,1,0,05,-,1,3,2,25,31/05/1997,1,07,4,2,6,04, , , , , ,1, ,10739,0
00,1022,4,13A217,09,40625,2,1,0,04,-,1,3,2,37,11/03/1985,1,07,4,2,6,01,5,5,3,1,001800,1,1,10739,54519
00,1022,4,13A217,09,40625,1,1,0,01,-,1,1,1,38,27/09/1984,1,07,4,2,5,01,5,5,3,2,004000,1,1,10739,21807
00,1022,4,13A217,09,40625,1,1,0,02,-,1,2,2,37,16/04/1985,1,04,3,2,5,07, , , , , ,1, ,10739,0
00,1022,4,13A217,09,40625,1,1,0,05,-,1,3,1,03,21/12/2018, , , , , , , , , , , ,1, ,10739,0
00,1022,4,11A217,09,40627,4,1,0,07,-,1,5,2,23,10/03/1999,1,04,3,2,5,07, , , , , ,1, ,8740,0
00,1022,4,11A217,09,40627,1,1,0,01,-,1,1,1,50,01/04/1972,1,03,3,2,5,01,3,5,2,3,020000,1,1,8740,17596
00,1022,4,11A217,09,40627,4,1,0,08,-,1,5,1,04,19/08/2018, , , , , , , , , , , ,1, ,8740,0
00,1022,4,11A217,09,40627,4,1,0,03,-,1,3,2,21,15/06/2001,1,04,3,1,6,06, , , , , ,1, ,8740,0
00,1022,4,11A217,09,40627,4,1,0,02,-,1,2,2,43,15/06/1979,1,03,3,2,5,01,1,5,3,3,999999,1,1,8740,52788
00,1022,4,11A217,09,40627,4,1,0,01,-,1,1,1,45,23/12/1976,1,03,3,2,5,01,1,5,3,3,999999,1, ,8740,0
00,1022,4,11A217,09,40627,4,1,0,05,-,1,3,2,17,15/06/2005,1,04,1,1,6,06, , , , , ,1, ,8740,0
00,1022,4,11A217,09,40627,3,1,0,03,-,1,3,2,37,22/12/1984,1,07,5,2,5,01,2,5,3,2,999999,1,1,8740,43990
00,1022,4,11A217,09,40627,3,1,0,02,-,1,2,2,66,08/02/1956,1,03,3,2,5,07, , , , , ,1, ,8740,0
00,1022,4,11A217,09,40627,3,1,0,05,-,1,5,2,28,12/01/1994,1,04,3,2,6,04, , , , , ,1, ,8740,0
00,1022,4,11A217,09,40627,4,1,0,04,-,1,3,1,19,04/04/2003,1,04,2,1,6,06, , , , , ,1, ,8740,0
00,1022,4,11A217,09,40627,1,1,0,02,-,1,2,2,47,26/10/1974,1,03,3,2,5,01,3,5,2,3,010000,1, ,8740,0
00,1022,4,11A217,09,40627,2,1,0,01,-,1,1,1,26,20/05/1996,1,02,6,2,5,01,4,4,2,1,999999,1, ,8740,0
00,1022,4,11A217,09,40627,2,1,0,02,-,1,2,2,54,24/02/1968,1,02,6,2,5,01,4,4,2,1,999999,1,1,8740,17596
00,1022,4,11A217,09,40627,3,1,0,04,-,1,5,1,19,11/09/2003,1,04,2,1,6,06, , , , , ,1, ,8740,0
00,1022,4,11A217,09,40627,3,1,0,07,-,1,5,1,02,24/01/2020, , , , , , , , , , , ,1, ,8740,0
00,1022,4,11A217,09,40627,3,1,0,01,-,1,1,1,69,29/06/1953,1,03,3,2,5,08, , , , , ,1, ,8740,0
00,1022,4,11A217,09,40627,3,1,0,06,-,1,5,2,08,24/03/2014,1,02,1,1, , , , , , , ,1, ,8740,0
00,1022,4,11A217,09,40627,4,1,0,06,-,1,3,1,24,14/06/1998,1,03,3,2,5,01,4,4,3,1,001500,1, ,8740,0
00,1022,1,11B212,09,40633,1,1,0,02,-,1,2,2,57,16/09/1965,1,02,1,2,5,07, , , , , ,1, ,7801,0
00,1022,1,11B212,09,40633,1,1,0,01,-,1,1,1,65,04/10/1957,1,02,1,2,5,01,4,4,2,1,000500,1,1,7801,15707
00,1022,1,11B212,09,40633,2,1,0,02,-,1,2,1,45,20/09/1977,1,02,6,2,1,01,4,4,2,1,999999,1,1,7801,23560
00,1022,1,11B212,09,40633,2,1,0,03,-,1,3,2,19,20/03/2003,1,04,3,2,6,01,4,4,2,1,999999,1, ,7801,0
00,1022,1,11B212,09,40633,3,1,0,02,-,1,3,2,14,09/09/2008,1,03,2,1,6,06, , , , , ,1, ,7801,0
00,1022,1,11B212,09,40633,3,1,0,01,-,1,1,2,32,15/12/1989,2,03,3,2,6,01,4,4,3,1,000700,1,1,7801,7853
00,1022,1,11B212,09,40633,3,1,0,03,-,1,3,2,06,16/07/2016,2,01,2,1, , , , , , , ,1, ,7801,0
00,1022,1,11B212,09,40633,2,1,0,01,-,1,1,2,44,20/02/1978,1,03,3,2,1,01,4,4,2,1,999999,1, ,7801,0
00,1022,1,11B212,09,40633,4,1,0,02,-,1,4,2,66,15/06/1956,1,02,6,2,6,07, , , , , ,1,1,7801,15707
00,1022,1,11B212,09,40633,4,1,0,01,-,1,1,1,39,28/03/1983,1,04,3,1,6,01,7,5,3,2,999999,1, ,7801,0
00,1022,1,12B212,09,40634,1,1,0,02,-,1,2,2,54,15/06/1968,1,07,5,2,5,01,3,5,3,2,999999,1,1,12088,24579
00,1022,1,12B212,09,40634,1,1,0,01,-,1,1,1,54,15/06/1968,1,07,5,2,5,01,3,5,3,2,999999,1, ,12088,0
00,1022,8,11A203,09,40635,4,1,0,03,-,1,3,1,23,19/07/1999,1,03,3,1,6,06, , , , , ,1,1,8148,16406
00,1022,8,11A203,09,40635,3,1,0,01,-,1,1,1,29,15/06/1993,1,03,3,2,6,01,4,4,3,2,002500,1,1,8148,8203
00,1022,8,11A203,09,40635,2,1,0,01,-,1,1,2,58,20/01/1964,1,06,3,2,4,01,4,5,3,1,001200,1,1,8148,8203
00,1022,8,11A203,09,40635,1,1,0,02,-,1,2,2,51,07/09/1971,1,07,4,2,1,07, , , , , ,1, ,8148,0
00,1022,8,11A203,09,40635,1,1,0,01,-,1,1,1,54,15/06/1968,1,06,3,2,6,01,1,5,2,2,999999,1,1,8148,16406
00,1022,8,11A203,09,40635,4,1,0,01,-,1,1,2,43,20/02/1979,1,08,2,2,6,01,5,5,3,3,006000,1, ,8148,0
00,1022,8,11A203,09,40635,4,1,0,02,-,1,3,2,14,22/06/2008,1,03,1,1,6,06, , , , , ,1, ,8148,0
00,1022,7,11A204,10,40005,2,1,0,05,-,1,3,1,22,13/04/2000,1,04,3,1,6,06, , , , , ,1, ,8463,0
00,1022,7,11A204,10,40005,2,1,0,03,-,1,3,2,20,22/03/2002,1,04,3,1,6,06, , , , , ,1, ,8463,0
00,1022,6,11A204,10,40005,2,1,0,04,-,2, , , , , , , , , , , , , , , ,1, ,0,0
00,1022,7,11A204,10,40005,2,1,0,01,-,1,1,2,45,10/11/1976,1,03,3,2,5,07, , , , , ,1, ,8463,0
00,1022,7,11A204,10,40005,4,1,0,01,-,1,1,2,29,25/04/1993,1,04,3,2,5,01,5,5,3,1,001600,1, ,8463,0
00,1022,7,11A204,10,40005,2,1,0,02,-,1,2,1,46,10/09/1976,1,04,3,2,5,01,5,5,2,1,002000,1,1,8463,34080
00,1022,7,11A204,10,40005,3,1,0,01,-,1,1,2,64,21/09/1958,1,02,6,2,4,07, , , , , ,1,1,8463,8520
00,1022,7,11A204,10,40005,1,1,0,01,-,1,1,2,61,15/06/1961,1,02,6,2,6,07, , , , , ,1,1,8463,25560
00,1022,7,11A204,10,40005,1,1,0,02,-,1,3,1,39,16/07/1983,1,03,3,2,6,01,5,5,3,1,001800,1, ,8463,0
00,1022,7,11A204,10,40005,1,1,0,03,-,1,6,1,58,30/05/1964,1,02,6,2,6,01,5,5,3,1,001000,1, ,8463,0
00,1022,7,11A204,10,40005,4,1,0,02,-,1,2,1,30,06/05/1992,1,04,3,2,5,01,5,5,3,1,001600,1,1,8463,17040
00,1022,3,12A218,10,40033,3,1,0,01,-,1,1,1,81,02/10/1941,1,07,5,2,5,08, , , , , ,1,1,6866,13961
00,1022,3,12A218,10,40033,1,1,0,03,-,1,5,1,07,18/01/2015,1,02,1,1, , , , , , , ,1, ,6866,0
00,1022,3,12A218,10,40033,1,1,0,01,-,1,1,1,73,28/06/1949,1,07,5,2,4,08, , , , , ,1, ,6866,0
00,1022,3,12A218,10,40033,1,1,0,02,-,1,3,2,39,20/05/1983,1,07,5,2,3,01,3,5,3,3,012000,1,1,6866,13961
00,1022,3,12A218,10,40033,3,1,0,02,-,1,2,2,78,19/02/1944,1,07,5,2,5,07, , , , , ,1, ,6866,0
00,1022,3,12A218,10,40033,4,1,0,06,-,1,5,1,06,09/10/2016,2,01,2,1, , , , , , , ,1, ,6866,0
00,1022,3,12A218,10,40033,4,1,0,04,-,1,3,1,29,01/01/1993,1,04,3,2,6,01,5,5,3,1,001500,1, ,6866,0
00,1022,3,12A218,10,40033,4,1,0,02,-,1,2,2,61,07/07/1961,1,07,5,2,5,07, , , , , ,1, ,6866,0
00,1022,3,12A218,10,40033,4,1,0,03,-,1,3,2,35,21/08/1987,1,07,5,2,6,01,5,5,3,1,001800,1,1,6866,34902
00,1022,3,12A218,10,40033,4,1,0,01,-,1,1,1,59,24/01/1963,1,03,3,2,5,01,5,5,3,1,001500,1, ,6866,0
00,1022,3,12A218,10,40033,4,1,0,05,-,1,3,2,27,11/05/1995,1,06,3,2,6,01,5,5,3,1,001600,1, ,6866,0
00,1022,7,13A204,10,40134,2,1,0,01,-,1,1,2,63,04/01/1959,1,03,3,2,6,07, , , , , ,1, ,9331,0
00,1022,7,13A204,10,40134,3,1,0,03,-,1,7,1,35,12/04/1987,1,02,6,2,5,01,5,5,3,1,002000,1,1,9331,28422
00,1022,7,13A204,10,40134,3,1,0,01,-,1,1,2,94,12/12/1927,2,02,2,2,4,07, , , , , ,1, ,9331,0
00,1022,7,13A204,10,40134,3,1,0,02,-,1,5,2,31,21/08/1991,1,02,5,2,5,07, , , , , ,1, ,9331,0
00,1022,7,13A204,10,40134,3,1,0,04,-,1,3,2,13,30/08/2009,1,03,1,1,6,06, , , , , ,1, ,9331,0
00,1022,7,13A204,10,40134,3,1,0,05,-,1,3,1,10,26/07/2012,1,02,4,1, , , , , , , ,1, ,9331,0
00,1022,7,13A204,10,40134,4,1,0,01,-,1,1,2,79,03/07/1943,1,02,6,2,4,08, , , , , ,1,1,9331,9474
00,1022,7,13A204,10,40134,1,1,0,01,-,1,1,2,74,28/01/1948,1,02,3,2,4,07, , , , , ,1,1,9331,9474
00,1022,7,13A204,10,40134,2,1,0,02,-,1,3,1,30,08/02/1992,1,04,3,2,6,01,3,7,3,2,003800,1,1,9331,18948
00,1022,2,11B211,10,40190,2,1,0,02,-,1,2,2,51,29/11/1970,1,02,6,2,5,07, , , , , ,1,1,8018,16143
00,1022,2,11B211,10,40190,2,1,0,01,-,1,1,1,52,29/06/1970,1,02,6,2,5,01,5,5,3,1,001000,1, ,8018,0
00,1022,2,11B211,10,40190,3,1,0,04,-,1,5,1,28,11/05/1994,1,04,2,2,1,01,7,2,3,1,000600,1, ,8018,0
00,1022,2,11B211,10,40190,3,1,0,02,-,1,3,1,19,24/05/2003,1,04,3,1,6,06, , , , , ,1, ,8018,0
00,1022,2,11B211,10,40190,3,1,0,03,-,1,3,2,28,24/06/1994,1,04,3,2,1,01,7,2,3,1,000600,1,1,8018,32286
00,1022,2,11B211,10,40190,1,1,0,02,-,1,3,1,28,17/10/1993,1,04,3,2,6,01,5,5,3,1,001200,1, ,8018,0
00,1022,2,11B211,10,40190,4,1,1,01,-,1,1,1,67,19/05/1955,1,02,6,2,2,01,4,4,2,1,001000,1,1,8018,8072
00,1022,2,11B211,10,40190,3,1,0,01,-,1,1,2,55,13/10/1966,1,03,3,2,5,07, , , , , ,1, ,8018,0
00,1022,2,11B211,10,40190,1,1,0,01,-,1,1,2,59,12/02/1963,1,02,6,2,3,07, , , , , ,1,1,8018,16143
00,1022,2,11B211,10,40190,3,1,0,06,-,1,5,2,02,26/08/2020, , , , , , , , , , , ,1, ,8018,0
00,1022,2,11B211,10,40190,3,1,0,05,-,1,5,2,09,02/02/2013,1,02,3,1, , , , , , , ,1, ,8018,0
00,1022,6,11A205,10,40199,2,1,0,05,-,1,3,1,06,27/10/2015,1,02,1,1, , , , , , , ,1, ,9818,0
00,1022,6,11A205,10,40199,1,1,0,01,-,1,1,1,75,30/08/1947,1,02,6,2,5,08, , , , , ,1,1,9818,19767
00,1022,6,11A205,10,40199,1,1,0,02,-,1,2,2,71,14/11/1950,1,02,6,2,5,07, , , , , ,1, ,9818,0
00,1022,6,11A205,10,40199,2,1,0,06,-,1,2,1,47,12/07/1975,1,03,3,2,5,01,4,4,2,3,004000,1, ,9818,0
00,1022,6,11A205,10,40199,2,1,0,01,-,1,1,2,40,08/09/1982,1,02,6,2,5,07, , , , , ,1,1,9818,39534
00,1022,6,11A205,10,40199,2,1,0,04,-,1,3,2,12,18/02/2010,1,02,6,1,6,06, , , , , ,1, ,9818,0
00,1022,6,11A205,10,40199,2,1,0,02,-,1,3,1,22,03/09/2000,1,07,4,1,6,06, , , , , ,1, ,9818,0
00,1022,6,11A205,10,40199,2,1,0,03,-,1,3,2,18,18/03/2004,1,04,2,1,6,06, , , , , ,1, ,9818,0
00,1022,6,11A205,10,40199,4,1,0,05,-,1,3,2,22,06/07/2000,1,07,4,2,6,01,5,5,3,1,001200,1, ,9818,0
00,1022,5,11A205,10,40199,4,1,0,07,-,2, , , , , , , , , , , , , , , ,1, ,0,0
00,1022,6,11A205,10,40199,4,1,0,02,-,1,2,2,55,24/04/1967,1,03,3,2,5,07, , , , , ,1, ,9818,0
00,1022,6,11A205,10,40199,4,1,0,01,-,1,1,1,56,07/03/1966,1,04,3,2,5,01,1,5,1,2,006000,1,1,9818,59302
00,1022,6,11A205,10,40199,4,1,0,06,-,1,5,1,31,07/07/1991,1,04,3,2,5,01,1,5,3,2,004000,1, ,9818,0
00,1022,6,11A205,10,40199,4,1,0,04,-,1,3,2,27,01/02/1995,1,07,5,2,5,07, , , , , ,1, ,9818,0
00,1022,6,11A205,10,40199,4,1,0,08,-,1,5,2,01,15/12/2020, , , , , , , , , , , ,1, ,9818,0
00,1022,6,11A205,10,40199,4,1,0,03,-,1,3,2,29,29/05/1993,1,07,5,2,6,04, , , , , ,1, ,9818,0
00,1022,6,12A205,10,40231,1,1,0,01,-,1,1,2,51,12/10/1970,1,03,3,2,4,01,4,5,3,1,001000,1,1,7659,23358
00,1022,6,12A205,10,40231,1,1,0,02,-,1,3,2,21,09/02/2001,1,04,3,2,6,01,5,5,3,1,001200,1, ,7659,0
00,1022,6,12A205,10,40231,1,1,0,03,-,3,7,1,25,19/11/1996,1,04,3,2,6,01,5,4,3,1,002000,1, ,7659,0
00,1022,6,12A205,10,40231,4,1,0,01,-,1,1,1,40,27/05/1982,1,07,5,2,3,01,5,5,3,1,001500,1,1,7659,7786
00,1022,6,12A205,10,40231,2,1,0,02,-,1,2,2,63,24/06/1959,1,06,3,2,5,07, , , , , ,1, ,7659,0
00,1022,6,12A205,10,40231,2,1,0,03,-,1,3,1,34,01/06/1988,1,04,2,2,5,01,5,2,3,3,006000,1,1,7659,23358
00,1022,6,12A205,10,40231,2,1,0,04,-,1,5,1,08,13/05/2014,1,02,3,1, , , , , , , ,1, ,7659,0
00,1022,6,12A205,10,40231,2,1,0,01,-,1,1,1,67,01/09/1955,1,07,5,2,5,08, , , , , ,1, ,7659,0
00,1022,2,12B211,10,40253,3,1,0,01,-,1,1,1,45,10/10/1977,1,04,3,2,5,01,3,5,3,1,002000,1,1,8536,17356
00,1022,2,12B211,10,40253,3,1,0,02,-,1,2,2,36,12/04/1986,1,03,3,2,5,01,5,5,3,1,002000,1, ,8536,0
00,1022,2,12B211,10,40253,4,1,0,01,-,1,1,2,43,21/08/1979,1,04,3,2,6,01,3,5,3,3,012000,1,1,8536,8678
00,1022,2,12B211,10,40253,4,1,0,02,-,1,3,1,12,02/06/2010,1,02,6,1,6,06, , , , , ,1, ,8536,0
00,1022,2,12B211,10,40253,1,1,0,03,-,1,3,1,10,30/04/2012,1,02,4,1, , , , , , , ,1, ,8536,0
00,1022,2,12B211,10,40253,1,1,0,02,-,1,2,2,37,24/06/1985,1,06,3,2,5,01,3,7,3,3,015000,1,1,8536,17356
00,1022,2,12B211,10,40253,1,1,0,01,-,1,1,1,36,11/08/1986,1,07,5,2,5,01,5,2,2,3,001000,1, ,8536,0
00,1022,2,12B211,10,40253,2,1,0,04,-,1,5,2,22,06/12/1999,1,04,1,2,1,07, , , , , ,1, ,8536,0
00,1022,2,12B211,10,40253,2,1,0,06,-,1,5,1,05,31/01/2017,1,01,3,1, , , , , , , ,1, ,8536,0
00,1022,2,12B211,10,40253,2,1,0,02,-,1,2,2,45,31/08/1977,1,03,3,2,1,07, , , , , ,1, ,8536,0
00,1022,2,12B211,10,40253,2,1,0,03,-,1,3,1,23,05/05/1999,1,04,1,2,1,01,7,2,3,1,001300,1, ,8536,0
00,1022,2,12B211,10,40253,2,1,0,01,-,1,1,1,44,25/08/1978,1,03,3,2,1,01,7,2,3,1,001600,1,1,8536,43390
00,1022,2,12B211,10,40253,2,1,0,05,-,1,3,1,21,28/08/2001,1,04,1,2,6,04, , , , , ,1, ,8536,0
00,1022,2,12B211,10,40253,2,1,0,07,-,1,5,2,00,28/11/2021, , , , , , , , , , , ,1, ,8536,0
00,1022,4,13A217,10,40313,4,1,0,01,-,1,1,1,58,28/11/1963,1,07,5,2,6,01,5,5,3,3,010000,1,1,6916,7022
00,1022,4,13A217,10,40313,1,1,0,02,-,1,3,1,29,15/12/1992,1,07,4,2,6,01,5,5,3,2,005000,1, ,6916,0
00,1022,4,13A217,10,40313,1,1,0,03,-,1,3,1,31,30/09/1991,1,02,6,2,6,09, , , , , ,1, ,6916,0
00,1022,4,13A217,10,40313,2,1,0,01,-,1,1,2,52,06/08/1970,1,07,4,2,2,01,4,4,2,2,005000,1, ,6916,0
00,1022,4,13A217,10,40313,1,1,0,01,-,1,1,2,67,27/07/1955,1,06,3,2,4,07, , , , , ,1,1,6916,21066
00,1022,4,13A217,10,40313,3,1,0,04,-,1,3,2,16,18/05/2006,1,04,3,1,6,06, , , , , ,1, ,6916,0
00,1022,4,13A217,10,40313,3,1,0,03,-,1,3,1,20,05/01/2002,1,07,3,1,6,06, , , , , ,1, ,6916,0
00,1022,4,13A217,10,40313,3,1,0,01,-,1,1,1,49,09/09/1973,1,07,5,2,5,01,1,5,2,2,020000,1, ,6916,0
00,1022,4,13A217,10,40313,3,1,0,02,-,1,2,2,48,02/01/1974,1,07,5,2,5,01,1,5,2,2,015000,1,1,6916,21066
00,1022,4,13A217,10,40313,2,1,0,02,-,1,6,2,49,23/06/1973,1,07,4,2,2,07, , , , , ,1,1,6916,14044
00,1022,1,12B212,10,40386,2,1,0,01,-,1,1,1,32,13/05/1990,1,07,5,2,6,01,3,7,3,3,010000,1, ,7269,0
00,1022,1,12B212,10,40386,3,1,0,03,-,1,3,1,30,01/09/1992,1,03,3,2,6,01,5,5,3,1,001000,1, ,7269,0
00,1022,1,12B212,10,40386,2,1,0,02,-,1,4,2,60,20/04/1962,1,04,3,2,5,07, , , , , ,1,1,7269,22171
00,1022,1,12B212,10,40386,2,1,0,03,-,1,6,2,30,27/10/1991,1,07,5,2,6,07, , , , , ,1, ,7269,0
00,1022,1,12B212,10,40386,3,1,0,02,-,1,2,2,70,06/06/1952,1,04,3,2,5,07, , , , , ,1, ,7269,0
00,1022,1,12B212,10,40386,3,1,0,01,-,1,1,1,68,28/03/1954,1,03,3,2,5,08, , , , , ,1,1,7269,22171
00,1022,1,12B212,10,40386,1,1,0,04,-,1,5,1,05,30/07/2017,2,01,2,1, , , , , , , ,1, ,7269,0
00,1022,1,12B212,10,40386,1,1,0,03,-,1,3,2,32,04/11/1989,1,07,5,2,5,01,3,7,3,3,006000,1,1,7269,22171
00,1022,1,12B212,10,40386,1,1,0,01,-,1,1,2,73,15/05/1949,1,04,1,2,4,07, , , , , ,1, ,7269,0
00,1022,1,12B212,10,40386,1,1,0,02,-,1,5,1,35,02/09/1987,1,07,5,2,5,04, , , , , ,1, ,7269,0
00,1022,5,12A206,10,40389,2,1,0,03,-,1,7,1,17,20/06/2005,1,04,1,1,6,06, , , , , ,1, ,7652,0
00,1022,5,12A206,10,40389,2,1,0,04,-,1,7,2,03,07/02/2019, , , , , , , , , , , ,1, ,7652,0
00,1022,5,12A206,10,40389,2,1,0,02,-,1,6,2,34,16/01/1988,1,03,3,2,5,07, , , , , ,1,1,7652,15558
00,1022,5,12A206,10,40389,2,1,0,01,-,1,1,1,27,23/03/1995,1,07,5,2,6,01,3,5,3,2,005000,1, ,7652,0
00,1022,5,12A206,10,40389,1,1,0,02,-,1,3,2,30,15/05/1992,1,04,3,2,6,01,5,4,3,1,001000,1,1,7652,15558
00,1022,5,12A206,10,40389,1,1,0,03,-,1,5,1,15,10/04/2007,1,03,2,2,6,01,5,5,3,1,001000,1, ,7652,0
00,1022,5,12A206,10,40389,3,1,0,02,-,1,3,1,38,19/12/1983,1,03,3,2,6,01,5,5,2,3,003000,1,1,7652,15558
00,1022,5,12A206,10,40389,3,1,0,03,-,3,6,1,68,20/08/1954,1,02,6,2,6,08, , , , , ,1, ,7652,0
00,1022,5,12A206,10,40389,1,1,0,01,-,1,1,2,55,08/12/1966,1,03,3,2,4,01,5,5,2,1,001000,1, ,7652,0
00,1022,5,12A206,10,40389,3,1,0,01,-,2, , , , , , , , , , , , , , , ,1, ,0,0
00,1022,4,11A217,10,40410,4,1,0,02,-,1,2,2,25,07/01/1997,1,03,3,2,1,07, , , , , ,1, ,9060,0
00,1022,4,11A217,10,40410,4,1,0,05,-,1,7,2,01,01/10/2021, , , , , , , , , , , ,1, ,9060,0
00,1022,4,11A217,10,40410,3,1,0,01,-,1,1,1,45,23/12/1976,1,02,6,2,6,01,7,3,2,1,002000,1,1,9060,9121
00,1022,4,11A217,10,40410,2,1,0,03,-,1,3,1,12,05/10/2010,1,02,5,1,6,06, , , , , ,1, ,9060,0
00,1022,4,11A217,10,40410,2,1,0,01,-,1,1,1,34,10/02/1988,1,03,3,2,1,04, , , , , ,1,1,9060,18242
00,1022,4,11A217,10,40410,4,1,0,04,-,1,3,1,06,22/06/2016,1,01,3,1, , , , , , , ,1, ,9060,0
00,1022,4,11A217,10,40410,2,1,0,06,-,1,3,2,00,28/05/2022, , , , , , , , , , , ,1, ,9060,0
00,1022,4,11A217,10,40410,2,1,0,05,-,1,3,1,04,17/01/2018, , , , , , , , , , , ,1, ,9060,0
00,1022,4,11A217,10,40410,4,1,0,01,-,1,1,1,33,27/09/1989,1,03,3,2,1,01,7,2,3,1,002000,1, ,9060,0
00,1022,4,11A217,10,40410,4,1,0,03,-,1,7,2,18,08/05/2004,1,07,3,2,6,07, , , , , ,1,1,9060,45605
00,1022,4,11A217,10,40410,4,1,0,07,-,3,2,1,65,18/09/1957,1,02,6,2,1,01,5,1,2,3,010000,1, ,9060,0
00,1022,4,11A217,10,40410,4,1,0,06,-,3,5,2,45,10/06/1977,1,03,3,2,1,07, , , , , ,1, ,9060,0
00,1022,4,11A217,10,40410,1,1,0,01,-,1,1,1,74,14/02/1948,1,03,1,2,1,08, , , , , ,1, ,9060,0
00,1022,4,11A217,10,40410,1,1,0,02,-,1,2,2,60,20/08/1962,1,02,4,2,1,07, , , , , ,1,1,9060,18242
00,1022,4,11A217,10,40410,2,1,0,02,-,1,2,2,28,18/07/1994,1,03,3,2,1,03,5,5,3,1,001000,1, ,9060,0
00,1022,4,11A217,10,40410,2,1,0,04,-,1,3,1,06,14/04/2016,1,01,2,1, , , , , , , ,1, ,9060,0
00,1022,8,12A203,10,40415,3,1,0,03,-,1,3,1,22,15/03/2000,1,04,3,1,6,06, , , , , ,1, ,8424,0
00,1022,8,12A203,10,40415,3,1,0,02,-,1,2,2,62,09/07/1960,1,04,3,2,5,01,5,5,3,1,001000,1,1,8424,25692
00,1022,8,12A203,10,40415,2,1,0,01,-,1,1,1,57,28/01/1965,1,03,3,2,5,01,5,6,3,1,001000,1, ,8424,0
00,1022,8,12A203,10,40415,2,1,0,02,-,1,2,2,56,06/01/1966,1,03,3,2,5,07, , , , , ,1,1,8424,17128
00,1022,8,12A203,10,40415,3,1,0,01,-,1,1,1,68,10/06/1954,1,07,5,2,5,08, , , , , ,1, ,8424,0
00,1022,7,11A204,11,40001,2,1,0,01,-,1,1,1,79,16/10/1942,1,02,3,2,5,08, , , , , ,1, ,8373,0
00,1022,7,11A204,11,40001,4,1,0,02,-,1,2,2,31,06/11/1990,1,03,1,2,5,07, , , , , ,1, ,8373,0
00,1022,7,11A204,11,40001,1,1,0,01,-,1,1,1,56,15/07/1966,1,02,6,2,5,01,4,4,2,1,001300,1, ,8373,0
00,1022,7,11A204,11,40001,1,1,0,04,-,1,3,2,20,30/09/2002,1,04,3,2,6,01,3,2,3,1,001200,1, ,8373,0
00,1022,7,11A204,11,40001,1,1,0,02,-,1,2,2,55,07/03/1967,1,03,3,2,5,07, , , , , ,1,1,8373,33715
00,1022,7,11A204,11,40001,1,1,0,03,-,1,3,1,28,28/07/1994,1,07,4,2,6,01,4,4,3,1,001600,1, ,8373,0
00,1022,7,11A204,11,40001,2,1,0,03,-,1,3,2,57,18/12/1964,1,03,3,2,6,01,7,2,3,1,001200,1,1,8373,25286
00,1022,7,11A204,11,40001,4,1,0,05,-,1,3,1,09,19/08/2013,1,02,2,1, , , , , , , ,1, ,8373,0
00,1022,7,11A204,11,40001,3,1,0,01,-,1,1,1,51,04/07/1971,1,02,6,2,5,01,7,2,3,1,001600,1, ,8373,0
00,1022,7,11A204,11,40001,3,1,0,09,-,1,5,1,07,12/12/2014,2,01,2,1, , , , , , , ,1, ,8373,0
00,1022,7,11A204,11,40001,3,1,0,05,-,1,3,2,21,22/04/2001,1,02,6,2,1,01,5,5,3,1,000900,1,1,8373,59001
00,1022,7,11A204,11,40001,3,1,0,02,-,1,2,2,47,27/06/1975,1,02,6,2,5,07, , , , , ,1, ,8373,0
00,1022,7,11A204,11,40001,3,1,0,11,-,1,5,1,01,15/09/2021, , , , , , , , , , , ,1, ,8373,0
00,1022,7,11A204,11,40001,3,1,0,07,-,1,5,1,23,29/06/1999,1,03,3,2,1,01,5,6,3,1,001500,1, ,8373,0
00,1022,7,11A204,11,40001,3,1,0,10,-,1,6,1,65,15/05/1957,1,02,6,2,6,01,7,2,3,1,001300,1, ,8373,0
00,1022,7,11A204,11,40001,3,1,0,03,-,1,3,1,27,12/07/1995,1,02,6,2,6,01,7,2,3,1,001500,1, ,8373,0
00,1022,7,11A204,11,40001,3,1,0,04,-,1,3,1,09,27/03/2013,1,02,3,1, , , , , , , ,1, ,8373,0
00,1022,7,11A204,11,40001,3,1,0,08,-,1,3,2,27,15/09/1995,1,02,6,2,6,01,4,4,3,1,001000,1, ,8373,0
00,1022,5,11A204,11,40001,4,1,0,06,-,2, , , , , , , , , , , , , , , ,1, ,0,0
00,1022,7,11A204,11,40001,4,1,0,04,-,1,3,1,11,25/11/2010,1,02,5,1, , , , , , , ,1, ,8373,0
00,1022,7,11A204,11,40001,4,1,0,01,-,1,1,1,32,21/10/1989,1,03,3,2,5,01,7,2,3,1,002000,1,1,8373,16858
00,1022,7,11A204,11,40001,4,1,0,03,-,1,3,2,16,23/06/2006,1,03,3,1,6,06, , , , , ,1, ,8373,0
00,1022,7,11A204,11,40001,2,1,0,02,-,1,2,2,77,26/01/1945,1,02,6,2,5,07, , , , , ,1, ,8373,0
00,1022,7,11A204,11,40001,3,1,0,06,-,1,5,1,06,13/07/2016,2,01,1,1, , , , , , , ,1, ,8373,0
00,1022,3,12A218,11,40042,3,1,0,04,-,1,3,2,22,16/11/1999,1,03,3,2,5,01,7,2,3,1,001300,1, ,6607,0
00,1022,3,12A218,11,40042,3,1,0,02,-,1,2,2,50,16/02/1972,1,03,3,2,5,07, , , , , ,1,1,6607,40298
00,1022,3,12A218,11,40042,3,1,0,05,-,1,3,1,21,10/04/2001,1,03,3,2,1,01,7,2,3,1,001500,1, ,6607,0
00,1022,3,12A218,11,40042,2,1,0,03,-,1,3,1,28,30/05/1994,1,07,4,2,6,01,1,2,3,1,999999,1, ,6607,0
00,1022,3,12A218,11,40042,2,1,0,02,-,1,3,1,30,17/08/1992,1,07,4,2,6,01,1,5,3,1,999999,1,1,6607,20149
00,1022,3,12A218,11,40042,2,1,0,01,-,1,1,2,64,13/07/1958,1,03,3,2,4,08, , , , , ,1, ,6607,0
00,1022,3,12A218,11,40042,3,1,0,03,-,1,3,2,26,23/09/1996,1,06,2,2,6,01,3,5,3,1,000900,1, ,6607,0
00,1022,3,12A218,11,40042,3,1,0,06,-,1,5,2,20,15/06/2002,1,02,6,2,1,07, , , , , ,1, ,6607,0
00,1022,3,12A218,11,40042,3,1,0,01,-,1,1,1,46,02/09/1976,1,03,3,2,5,01,7,2,3,1,001800,1, ,6607,0
00,1022,3,12A218,11,40042,1,1,0,01,-,1,1,2,77,03/06/1945,1,00, ,2,4,07, , , , , ,1, ,6607,0
00,1022,3,12A218,11,40042,1,1,0,02,-,1,3,2,50,20/03/1972,2,00, ,2,6,01,5,5,3,1,999999,1,1,6607,13433
00,1022,3,12A218,11,40042,4,1,0,01,-,1,1,1,50,11/10/1971,1,03,3,2,4,01,7,2,3,1,002000,1,1,6607,6716
00,1022,7,13A204,11,40053,4,1,0,01,-,1,1,2,55,09/03/1967,1,04,2,2,4,07, , , , , ,1,1,8613,17490
00,1022,5,13A204,11,40053,3,1,0,01,-,2, , , , , , , , , , , , , , , ,1, ,0,0
00,1022,7,13A204,11,40053,3,1,0,03,-,1,3,1,18,03/04/2004,1,04,1,2,6,01,7,2,3,1,001300,1, ,8613,0
00,1022,7,13A204,11,40053,3,1,0,04,-,1,3,1,17,01/10/2005,1,04,1,1,6,01,5,5,3,1,001000,1, ,8613,0
00,1022,7,13A204,11,40053,3,1,0,02,-,1,2,2,38,26/01/1984,1,04,3,2,5,01,7,2,3,1,002000,1,1,8613,17490
00,1022,7,13A204,11,40053,2,1,0,02,-,1,2,2,48,01/02/1974,1,07,4,2,1,01,1,5,3,2,004500,1,1,8613,26235
00,1022,7,13A204,11,40053,2,1,0,04,-,1,3,1,16,26/04/2006,1,03,3,1,6,06, , , , , ,1, ,8613,0
00,1022,7,13A204,11,40053,2,1,0,03,-,1,3,2,21,15/05/2001,1,07,2,1,6,06, , , , , ,1, ,8613,0
00,1022,7,13A204,11,40053,2,1,0,01,-,1,1,1,57,24/02/1965,1,07,4,2,1,01,1,5,3,2,004500,1, ,8613,0
00,1022,7,13A204,11,40053,1,1,1,03,-,1,3,1,16,19/04/2006,1,04,1,1,6,06, , , , , ,1, ,8613,0
00,1022,7,13A204,11,40053,1,1,1,01,-,1,1,1,44,13/04/1978,1,08,3,2,5,01,4,4,5,3,010000,1, ,8613,0
00,1022,7,13A204,11,40053,4,1,0,02,-,1,3,1,19,22/05/2003,1,04,1,2,6,01,7,2,3,1,001000,1, ,8613,0
00,1022,7,13A204,11,40053,1,1,1,02,-,1,2,2,36,19/02/1986,1,04,3,2,5,01,3,4,3,1,001600,1,1,8613,17490
00,1022,7,13A204,11,40053,1,1,1,04,-,1,3,1,15,17/05/2007,1,03,3,1,6,06, , , , , ,1, ,8613,0
00,1022,3,13A218,11,40132,2,1,0,01,-,1,1,2,81,03/08/1941,1,06,4,2,4,10, , , , , ,1,1,8661,8794
00,1022,3,13A218,11,40132,1,1,0,01,-,1,1,2,78,27/01/1944,2,03,3,2,4,08, , , , , ,1,1,8661,8794
00,1022,3,13A218,11,40132,4,1,0,01,-,1,1,2,78,15/06/1944,1,04,3,2,4,08, , , , , ,1,1,8661,8794
00,1022,3,13A218,11,40132,3,1,0,01,-,1,1,2,69,28/12/1952,1,08,2,2,3,10, , , , , ,1,1,8661,8794
00,1022,3,11A218,11,40135,2,1,0,01,-,1,1,1,61,14/07/1961,1,07,4,2,2,01,1,5,2,3,015000,1,1,7868,7921
00,1022,3,11A218,11,40135,4,1,0,01,-,1,1,1,63,15/06/1959,1,02,6,2,3,01,7,2,2,1,002000,1,1,7868,7921
00,1022,3,11A218,11,40135,1,1,0,02,-,1,2,2,39,17/06/1983,1,04,3,2,5,07, , , , , ,1,1,7868,15841
00,1022,3,11A218,11,40135,1,1,0,01,-,1,1,1,62,27/04/1960,1,04,3,2,5,01,5,5,3,1,001000,1, ,7868,0
00,1022,3,11A218,11,40135,3,1,0,01,-,1,1,2,57,26/01/1965,1,04,3,2,2,01,4,4,3,1,002500,1,1,7868,7921
00,1022,3,11A218,11,40135,1,1,0,03,-,1,3,1,17,17/08/2005,1,04,1,1,6,06, , , , , ,1, ,7868,0
00,1022,3,11A218,11,40135,1,1,0,04,-,1,3,1,12,21/11/2009,1,03,1,1,6,06, , , , , ,1, ,7868,0
00,1022,6,12A205,11,40280,1,1,0,03,-,1,3,2,35,11/09/1987,1,07,4,2,2,01,4,4,3,1,001800,1,1,7881,24036
00,1022,6,12A205,11,40280,1,1,0,04,-,1,5,2,07,22/09/2015,2,01,1,1, , , , , , , ,1, ,7881,0
00,1022,6,12A205,11,40280,1,1,0,01,-,1,1,1,61,19/03/1961,1,07,4,2,5,01,5,5,2,1,002000,1, ,7881,0
00,1022,6,12A205,11,40280,1,1,0,02,-,1,2,2,68,28/06/1954,1,02,4,2,5,07, , , , , ,1, ,7881,0
00,1022,6,12A205,11,40280,2,1,0,05,-,1,5,1,36,20/04/1986,1,03,3,2,6,04, , , , , ,1, ,7881,0
00,1022,6,12A205,11,40280,2,1,0,04,-,1,5,2,63,28/03/1959,1,02,5,2,5,07, , , , , ,1, ,7881,0
00,1022,6,12A205,11,40280,3,1,0,04,-,1,3,1,23,09/04/1999,1,07,4,1,6,06, , , , , ,1, ,7881,0
00,1022,6,12A205,11,40280,2,1,0,03,-,1,3,1,64,04/10/1957,1,02,6,2,5,01,7,2,4,1,001500,1,1,7881,32047
00,1022,6,12A205,11,40280,2,1,0,02,-,1,2,2,81,12/01/1941,1,02,5,2,5,07, , , , , ,1, ,7881,0
00,1022,6,12A205,11,40280,3,1,0,01,-,1,1,1,49,06/09/1973,1,03,3,2,5,01,7,2,3,1,002000,1, ,7881,0
00,1022,6,12A205,11,40280,3,1,0,02,-,1,2,2,49,27/10/1972,1,06,3,2,5,01,5,5,3,1,001000,1,1,7881,32047
00,1022,6,12A205,11,40280,3,1,0,05,-,1,3,1,16,09/08/2006,1,03,3,1,6,06, , , , , ,1, ,7881,0
00,1022,6,12A205,11,40280,3,1,0,03,-,1,4,1,74,16/03/1948,1,02,6,2,4,01,7,2,3,1,001000,1, ,7881,0
00,1022,5,12A205,11,40280,2,1,0,01,-,2, , , , , , , , , , , , , , , ,1, ,0,0
00,1022,6,11A205,11,40281,3,1,0,06,-,1,6,1,50,23/04/1972,1,02,6,2,6,01,4,4,3,1,001000,1, ,8649,0
00,1022,6,11A205,11,40281,3,1,0,04,-,1,3,1,18,02/10/2004,1,03,3,1,6,06, , , , , ,1, ,8649,0
00,1022,6,11A205,11,40281,3,1,0,03,-,1,3,1,27,21/01/1995,1,02,6,2,6,04, , , , , ,1, ,8649,0
00,1022,6,11A205,11,40281,3,1,0,05,-,1,3,2,56,12/09/1966,1,02,6,2,6,03,7,2,3,1,001200,1,1,8649,60945
00,1022,6,11A205,11,40281,3,1,0,02,-,1,2,2,52,20/09/1970,1,02,6,2,5,01,7,3,3,1,001500,1, ,8649,0
00,1022,6,11A205,11,40281,3,1,0,07,-,1,6,1,60,15/06/1962,1,02,6,2,6,01,4,4,3,1,001000,1, ,8649,0
00,1022,6,11A205,11,40281,4,1,0,07,-,1,3,2,04,16/02/2018, , , , , , , , , , , ,1, ,8649,0
00,1022,6,11A205,11,40281,4,1,0,05,-,1,3,1,08,15/02/2014,2,00, ,1, , , , , , , ,1, ,8649,0
00,1022,6,11A205,11,40281,4,1,0,04,-,1,3,2,12,30/05/2010,1,02,5,1,6,06, , , , , ,1, ,8649,0
00,1022,6,11A205,11,40281,4,1,0,01,-,1,1,1,37,20/11/1984,1,02,6,2,5,04, , , , , ,1, ,8649,0
00,1022,6,11A205,11,40281,4,1,0,02,-,1,2,2,38,27/07/1984,1,02,6,2,5,07, , , , , ,1,1,8649,17413
00,1022,6,11A205,11,40281,4,1,0,08,-,1,3,1,02,12/08/2020, , , , , , , , , , , ,1, ,8649,0
00,1022,6,11A205,11,40281,4,1,0,03,-,1,3,1,15,06/03/2007,1,03,2,2,6,01,7,2,3,1,000900,1, ,8649,0
00,1022,6,11A205,11,40281,4,1,0,06,-,1,3,2,05,04/03/2017,1,02,2,1, , , , , , , ,1, ,8649,0
00,1022,6,11A205,11,40281,1,1,0,04,-,1,3,1,18,11/12/2003,1,04,2,1,6,06, , , , , ,1, ,8649,0
00,1022,6,11A205,11,40281,1,1,0,03,-,1,3,1,20,01/07/2002,1,07,1,1,6,06, , , , , ,1, ,8649,0
00,1022,6,11A205,11,40281,1,1,0,02,-,1,2,2,46,16/11/1975,2,04,3,2,5,01,5,5,2,1,000900,1,1,8649,34826
00,1022,6,11A205,11,40281,1,1,0,01,-,1,1,1,49,27/11/1972,1,04,1,2,5,01,3,5,3,1,002000,1, ,8649,0
00,1022,6,11A205,11,40281,2,1,0,01,-,1,1,1,64,30/08/1958,1,02,6,2,5,08, , , , , ,1,1,8649,17413
00,1022,6,11A205,11,40281,2,1,0,02,-,1,2,2,62,30/08/1960,1,02,4,2,5,07, , , , , ,1, ,8649,0
00,1022,6,11A205,11,40281,3,1,0,01,-,1,1,2,53,02/08/1969,1,02,3,2,5,07, , , , , ,1, ,8649,0
00,1022,2,12B211,11,40319,4,1,0,04,-,1,3,2,22,20/12/1999,1,07,3,2,6,01,7,2,3,1,001200,1, ,8587,0
00,1022,2,12B211,11,40319,4,1,0,02,-,1,2,2,45,18/01/1977,1,04,3,2,5,07, , , , , ,1, ,8587,0
00,1022,2,12B211,11,40319,3,1,0,01,-,1,1,2,70,25/07/1952,1,07,4,2,3,07, , , , , ,1,1,8587,8730
00,1022,2,12B211,11,40319,2,1,0,05,-,1,7,1,21,30/06/2001,1,07,2,1,6,06, , , , , ,1, ,8587,0
00,1022,2,12B211,11,40319,2,1,0,01,-,1,1,1,56,05/11/1965,1,04,2,2,6,01,4,4,2,1,002000,1,1,8587,43649
00,1022,2,12B211,11,40319,2,1,0,03,-,1,6,2,52,05/09/1970,1,04,3,2,5,07, , , , , ,1, ,8587,0
00,1022,2,12B211,11,40319,2,1,0,04,-,1,7,2,23,30/06/1999,1,03,3,2,6,01,5,5,3,1,001400,1, ,8587,0
00,1022,2,12B211,11,40319,2,1,0,02,-,1,7,1,52,30/06/1970,1,03,1,2,5,01,4,4,2,1,001800,1, ,8587,0
00,1022,2,12B211,11,40319,2,1,0,06,-,1,7,1,06,30/06/2016,2,01,3,1, , , , , , , ,1, ,8587,0
00,1022,2,12B211,11,40319,4,1,0,01,-,1,1,1,48,03/07/1974,1,04,3,2,5,01,7,2,3,1,002000,1,1,8587,34919
00,1022,2,12B211,11,40319,4,1,0,03,-,1,3,2,25,06/09/1997,1,07,3,2,6,01,4,4,3,1,001600,1, ,8587,0
00,1022,2,12B211,11,40319,4,1,0,05,-,1,3,2,16,16/03/2006,1,04,1,1,6,06, , , , , ,1, ,8587,0
00,1022,2,11B211,11,40365,1,1,0,03,-,1,3,1,20,10/10/2002,1,06,3,2,6,01,4,4,3,1,001400,1, ,9592,0
00,1022,2,11B211,11,40365,2,1,0,01,-,1,1,1,29,08/09/1993,1,03,3,2,5,01,7,2,3,1,002000,1,1,9592,19312
00,1022,2,11B211,11,40365,2,1,0,02,-,1,2,2,26,17/12/1995,1,03,3,2,5,01,7,2,3,1,001500,1, ,9592,0
00,1022,2,11B211,11,40365,1,1,0,04,-,1,3,1,17,14/08/2005,1,06,2,1,6,06, , , , , ,1, ,9592,0
00,1022,2,11B211,11,40365,1,1,0,01,-,1,1,1,43,17/12/1978,1,03,3,2,5,01,7,2,3,1,001800,1,1,9592,28967
00,1022,2,11B211,11,40365,4,1,0,02,-,1,2,2,35,28/05/1987,1,03,3,2,5,07, , , , , ,1,1,9592,19312
00,1022,2,11B211,11,40365,3,1,0,02,-,1,2,1,62,14/05/1960,1,03,2,2,5,07, , , , , ,1,1,9592,28967
00,1022,2,11B211,11,40365,4,1,0,01,-,1,1,1,39,01/03/1983,1,04,3,2,5,01,5,2,3,2,999999,1, ,9592,0
00,1022,2,11B211,11,40365,4,1,0,04,-,1,3,2,03,03/04/2019, , , , , , , , , , , ,1, ,9592,0
00,1022,2,11B211,11,40365,4,1,0,05,-,1,3,2,00,25/04/2022, , , , , , , , , , , ,1, ,9592,0
00,1022,2,11B211,11,40365,1,1,0,02,-,1,2,2,42,29/10/1979,1,06,3,2,5,07, , , , , ,1, ,9592,0
00,1022,2,11B211,11,40365,3,1,0,03,-,1,3,2,26,22/09/1996,1,07,5,2,6,01,3,5,3,1,001500,1, ,9592,0
00,1022,2,11B211,11,40365,3,1,0,01,-,1,1,1,66,07/11/1955,1,02,2,2,5,08, , , , , ,1, ,9592,0
00,1022,2,11B211,11,40365,4,1,0,03,-,1,3,1,06,18/06/2016,2,01,3,1, , , , , , , ,1, ,9592,0
00,1022,5,12A206,11,40422,4,1,0,04,-,1,3,2,16,10/12/2005,1,04,1,1,6,06, , , , , ,1, ,8104,0
00,1022,5,12A206,11,40422,4,1,0,02,-,1,2,2,56,01/06/1966,1,03,3,2,5,07, , , , , ,1, ,8104,0
00,1022,5,12A206,11,40422,4,1,0,05,-,1,4,2,16,10/12/2005,1,04,1,1,6,06, , , , , ,1, ,8104,0
00,1022,5,12A206,11,40422,3,1,0,02,-,1,2,2,50,22/08/1972,1,02,6,2,5,01,7,2,3,1,001500,1,1,8104,24717
00,1022,5,12A206,11,40422,3,1,0,03,-,1,3,2,20,19/12/2001,1,07,1,1,6,06, , , , , ,1, ,8104,0
00,1022,5,12A206,11,40422,3,1,0,01,-,1,1,1,51,08/09/1971,1,03,3,2,5,01,7,2,4,1,001800,1, ,8104,0
00,1022,5,12A206,11,40422,1,1,0,01,-,1,1,1,62,29/04/1960,1,02,6,2,4,01,4,3,2,1,000700,1,1,8104,16478
00,1022,5,12A206,11,40422,4,1,0,01,-,1,1,1,58,07/08/1964,1,07,4,2,5,01,3,5,5,2,004000,1,1,8104,16478
00,1022,5,12A206,11,40422,2,1,0,01,-,1,1,1,53,14/06/1969,1,04,3,2,5,01,7,2,3,1,001800,1, ,8104,0
00,1022,5,12A206,11,40422,1,1,0,02,-,1,3,2,18,03/12/2003,1,04,2,1,6,06, , , , , ,1, ,8104,0
00,1022,5,12A206,11,40422,2,1,0,04,-,1,5,1,38,09/08/1984,1,02,6,2,1,01,5,2,3,1,001600,1, ,8104,0
00,1022,5,12A206,11,40422,2,1,0,02,-,1,2,2,56,05/07/1966,1,02,6,2,5,07, , , , , ,1,1,8104,32956
00,1022,5,12A206,11,40422,2,1,0,03,-,1,3,2,34,11/05/1988,1,03,3,2,1,01,7,2,3,1,001200,1, ,8104,0
00,1022,5,12A206,11,40422,4,1,0,03,-,1,3,2,17,10/12/2004,1,04,2,2,6,07, , , , , ,1, ,8104,0
00,1022,4,12A217,11,40451,1,1,0,01,-,1,1,2,60,07/03/1962,1,02,5,2,5,07, , , , , ,1,1,7347,14940
00,1022,4,12A217,11,40451,4,1,0,04,-,1,3,1,32,20/04/1990,1,03,3,2,6,01,7,2,3,1,001600,1, ,7347,0
00,1022,4,12A217,11,40451,4,1,0,03,-,1,3,2,24,28/07/1998,1,07,3,2,6,01,1,5,3,2,004000,1, ,7347,0
00,1022,4,12A217,11,40451,4,1,0,01,-,1,1,2,63,20/03/1959,1,02,6,2,5,01,5,2,3,1,001200,1, ,7347,0
00,1022,4,12A217,11,40451,4,1,0,02,-,1,2,1,74,14/07/1948,1,02,4,2,5,08, , , , , ,1,1,7347,29879
00,1022,4,12A217,11,40451,3,1,0,03,-,1,3,2,31,29/01/1991,1,04,3,2,2,01,5,5,3,2,003500,1, ,7347,0
00,1022,4,12A217,11,40451,1,1,0,02,-,1,2,1,58,26/07/1964,1,04,3,2,5,01,7,2,4,1,001800,1, ,7347,0
00,1022,4,12A217,11,40451,2,1,0,02,-,1,3,1,21,18/12/2000,1,04,3,2,6,01,5,5,3,1,001200,1, ,7347,0
00,1022,4,12A217,11,40451,2,1,0,01,-,1,1,2,62,23/11/1959,1,03,3,2,6,01,3,2,3,1,001700,1,1,7347,14940
00,1022,4,12A217,11,40451,3,1,0,05,-,1,5,2,05,30/06/2017,2,00, ,1, , , , , , , ,1, ,7347,0
00,1022,4,12A217,11,40451,3,1,0,06,-,1,5,2,09,30/06/2013,1,02,2,1, , , , , , , ,1, ,7347,0
00,1022,4,12A217,11,40451,3,1,0,02,-,1,2,2,49,31/10/1972,1,03,3,2,5,07, , , , , ,1, ,7347,0
00,1022,4,12A217,11,40451,3,1,0,01,-,1,1,1,53,30/05/1969,1,04,3,2,5,01,7,2,3,1,001800,1,1,7347,29879
00,1022,4,12A217,11,40451,3,1,0,04,-,1,3,1,26,19/04/1996,1,07,4,2,6,01,4,4,3,1,002000,1, ,7347,0
00,1022,1,11B212,11,40455,2,1,0,01,-,1,1,1,33,29/04/1989,1,02,6,2,6,01,7,2,4,1,001900,1,1,6682,13453
00,1022,1,11B212,11,40455,2,1,0,02,-,1,4,2,67,10/08/1955,1,02,4,2,2,07, , , , , ,1, ,6682,0
00,1022,1,11B212,11,40455,4,1,0,02,-,1,2,2,47,05/11/1974,1,03,3,2,5,01,4,4,3,1,001600,1, ,6682,0
00,1022,1,11B212,11,40455,4,1,0,01,-,1,1,1,46,21/02/1976,1,04,2,2,5,01,3,2,3,3,020000,1,1,6682,13453
00,1022,1,11B212,11,40455,3,1,0,02,-,1,3,2,13,07/08/2009,1,03,1,1,6,06, , , , , ,1, ,6682,0
00,1022,1,11B212,11,40455,3,1,0,01,-,1,1,2,36,21/06/1986,1,07,4,2,6,01,5,7,3,2,006000,1,1,6682,6726
00,1022,5,11A206,11,40463,3,1,0,07,-,3,5,2,01,16/12/2020, , , , , , , , , , , ,1, ,8155,0
00,1022,5,11A206,11,40463,1,1,0,04,-,1,5,2,12,20/05/2010,1,02,4,1,6,06, , , , , ,1, ,8155,0
00,1022,5,11A206,11,40463,1,1,0,01,-,1,1,1,63,23/03/1959,1,02,6,2,5,01,5,5,3,1,001600,1,1,8155,16419
00,1022,5,11A206,11,40463,1,1,0,02,-,1,2,2,52,03/11/1969,1,03,3,2,5,01,5,5,3,1,001000,1, ,8155,0
00,1022,5,11A206,11,40463,1,1,0,03,-,1,5,1,14,01/06/2008,1,03,1,1,6,06, , , , , ,1, ,8155,0
00,1022,5,11A206,11,40463,4,1,0,05,-,1,3,1,14,29/02/2008,1,03,1,1,6,06, , , , , ,1, ,8155,0
00,1022,5,11A206,11,40463,4,1,0,01,-,1,1,1,49,20/06/1973,1,02,6,2,5,01,7,2,3,1,002000,1, ,8155,0
00,1022,5,11A206,11,40463,4,1,0,02,-,1,2,2,46,05/05/1976,1,03,3,2,5,01,4,5,5,1,001800,1, ,8155,0
00,1022,5,11A206,11,40463,4,1,0,04,-,1,3,2,17,20/03/2005,1,03,3,2,6,07, , , , , ,1, ,8155,0
00,1022,5,11A206,11,40463,4,1,0,03,-,1,3,2,24,20/01/1998,1,04,3,2,6,01,5,5,3,1,001400,1,1,8155,32838
00,1022,5,11A206,11,40463,4,1,0,07,-,1,5,1,04,17/06/2018, , , , , , , , , , , ,1, ,8155,0
00,1022,5,11A206,11,40463,4,1,0,08,-,1,5,2,00,04/11/2021, , , , , , , , , , , ,1, ,8155,0
00,1022,5,11A206,11,40463,4,1,0,06,-,1,3,2,25,12/11/1996,1,04,2,2,2,07, , , , , ,1, ,8155,0
00,1022,5,11A206,11,40463,2,1,0,02,-,1,2,2,31,22/07/1991,1,03,3,2,5,01,7,2,3,1,001600,1, ,8155,0
00,1022,5,11A206,11,40463,2,1,0,04,-,1,3,2,09,23/07/2013,1,02,2,1, , , , , , , ,1, ,8155,0
00,1022,5,11A206,11,40463,2,1,0,03,-,1,3,2,13,02/10/2009,1,02,4,1,6,06, , , , , ,1, ,8155,0
00,1022,5,11A206,11,40463,2,1,0,01,-,1,1,1,35,11/07/1987,1,02,6,2,5,01,7,2,3,1,001800,1,1,8155,16419
00,1022,5,11A206,11,40463,2,1,0,05,-,1,3,1,06,08/05/2016,2,01,1,1, , , , , , , ,1, ,8155,0
00,1022,5,11A206,11,40463,3,1,0,01,-,1,1,1,57,22/03/1965,1,00, ,2,2,01,7,2,3,1,002500,1,1,8155,32838
00,1022,5,11A206,11,40463,3,1,0,03,-,3,5,1,18,03/02/2004,1,03,3,2,1,01,7,2,4,1,002500,1, ,8155,0
00,1022,5,11A206,11,40463,3,1,0,04,-,3,5,2,00,23/11/2021, , , , , , , , , , , ,1, ,8155,0
00,1022,5,11A206,11,40463,3,1,0,02,-,3,3,2,19,25/06/2003,1,03,2,2,1,07, , , , , ,1, ,8155,0
00,1022,5,11A206,11,40463,3,1,0,05,-,3,3,2,17,10/12/2004,1,03,3,2,1,01,7,2,4,1,001700,1, ,8155,0
00,1022,5,11A206,11,40463,3,1,0,06,-,3,5,1,18,20/09/2004,1,03,3,2,1,01,7,2,4,1,001800,1, ,8155,0
00,1022,5,11A206,11,40471,1,1,0,02,-,1,2,2,54,13/11/1967,1,03,3,2,5,07, , , , , ,1, ,7591,0
00,1022,5,11A206,11,40471,4,1,0,01,-,1,1,1,42,31/01/1980,1,04,3,2,5,01,7,2,3,1,002500,1, ,7591,0
00,1022,5,11A206,11,40471,1,1,0,04,-,1,3,2,28,19/08/1994,1,03,3,2,6,01,7,2,3,1,001500,1,1,7591,30569
00,1022,5,11A206,11,40471,1,1,0,06,-,1,5,1,04,15/06/2018, , , , , , , , , , , ,1, ,7591,0
00,1022,5,11A206,11,40471,1,1,0,05,-,1,5,2,08,21/04/2014,2,02,1,1, , , , , , , ,1, ,7591,0
00,1022,5,11A206,11,40471,1,1,0,01,-,1,1,1,57,06/05/1965,1,03,1,2,5,01,7,2,3,1,001800,1, ,7591,0
00,1022,5,11A206,11,40471,2,1,0,03,-,1,3,1,17,14/05/2005,1,03,3,1,6,06, , , , , ,1, ,7591,0
00,1022,5,11A206,11,40471,2,1,0,05,-,1,3,1,12,01/03/2010,1,02,5,1,6,06, , , , , ,1, ,7591,0
00,1022,5,11A206,11,40471,2,1,0,02,-,1,2,2,34,13/01/1988,1,02,6,2,5,01,4,4,3,1,000600,1,1,7591,15285
00,1022,5,11A206,11,40471,2,1,0,04,-,1,3,1,14,19/01/2008,1,03,1,1,6,06, , , , , ,1, ,7591,0
00,1022,5,11A206,11,40471,2,1,0,01,-,1,1,1,36,06/01/1986,1,03,3,2,5,01,3,2,3,1,002500,1, ,7591,0
00,1022,5,11A206,11,40471,4,1,0,03,-,1,3,2,20,12/11/2001,1,04,3,2,6,01,7,2,3,1,001300,1,1,7591,22927
00,1022,5,11A206,11,40471,4,1,0,04,-,1,3,2,17,05/10/2005,1,04,1,1,6,01,7,2,3,1,000900,1, ,7591,0
00,1022,5,11A206,11,40471,3,1,1,01,-,1,1,2,22,09/09/2000,1,03,3,2,6,01,7,2,3,1,001400,1,1,7591,7642
00,1022,5,11A206,11,40471,3,1,1,02,-,1,3,2,06,03/05/2016,2,01,3,1, , , , , , , ,1, ,7591,0
00,1022,5,11A206,11,40471,4,1,0,02,-,1,2,2,42,16/07/1980,1,02,6,2,5,01,7,2,3,1,001200,1, ,7591,0
00,1022,5,11A206,11,40471,4,1,0,05,-,1,3,2,11,06/12/2010,1,02,5,1, , , , , , , ,1, ,7591,0
00,1022,5,11A206,11,40471,1,1,0,03,-,1,3,2,31,18/02/1991,1,04,3,2,6,01,3,2,3,1,001800,1, ,7591,0
00,1022,4,11A217,11,40541,3,1,0,05,-,1,3,2,06,24/04/2016,2,01,1,1, , , , , , , ,1, ,8675,0
00,1022,4,11A217,11,40541,2,1,0,01,-,1,1,1,56,17/05/1966,1,03,3,2,5,01,7,2,3,1,002000,1, ,8675,0
00,1022,4,11A217,11,40541,1,1,0,03,-,1,3,1,18,03/03/2004,1,03,3,2,6,01,4,4,3,1,001200,1, ,8675,0
00,1022,4,11A217,11,40541,1,1,0,02,-,1,2,2,39,26/09/1983,1,03,3,2,5,01,5,5,3,1,000900,1, ,8675,0
00,1022,4,11A217,11,40541,1,1,0,01,-,1,1,1,43,06/01/1979,1,03,3,2,5,01,5,5,2,1,000900,1,1,8675,26200
00,1022,4,11A217,11,40541,1,1,0,04,-,1,3,2,17,29/04/2005,1,07,1,1,6,06, , , , , ,1, ,8675,0
00,1022,4,11A217,11,40541,2,1,0,08,-,3,3,2,32,07/03/1990,1,03,3,2,3,01,5,5,3,1,001000,1, ,8675,0
00,1022,4,11A217,11,40541,2,1,0,09,-,3,5,2,12,03/11/2009,1,02,4,1,6,06, , , , , ,1, ,8675,0
00,1022,4,11A217,11,40541,2,1,0,10,-,3,5,2,05,25/02/2017,2,00, ,1, , , , , , , ,1, ,8675,0
00,1022,4,11A217,11,40541,2,1,0,07,-,2, , , , , , , , , , , , , , , ,1, ,0,0
00,1022,4,11A217,11,40541,2,1,0,06,-,2, , , , , , , , , , , , , , , ,1, ,0,0
00,1022,4,11A217,11,40541,3,1,0,02,-,1,2,2,32,30/04/1990,1,03,3,2,5,01,4,4,3,1,001000,1,1,8675,17466
00,1022,4,11A217,11,40541,3,1,0,04,-,1,3,1,10,15/08/2012,1,02,3,1, , , , , , , ,1, ,8675,0
00,1022,4,11A217,11,40541,3,1,0,01,-,1,1,1,36,26/04/1986,1,03,3,2,5,01,4,4,2,1,001500,1, ,8675,0
00,1022,4,11A217,11,40541,3,1,0,03,-,1,3,2,16,03/09/2006,1,03,3,1,6,06, , , , , ,1, ,8675,0
00,1022,4,11A217,11,40541,3,1,0,06,-,1,3,1,03,21/03/2019, , , , , , , , , , , ,1, ,8675,0
00,1022,4,11A217,11,40541,2,1,0,02,-,1,2,2,56,21/06/1966,1,03,3,2,5,07, , , , , ,1,1,8675,34933
00,1022,4,11A217,11,40541,2,1,0,03,-,1,3,2,33,10/01/1989,1,03,3,2,6,01,5,5,3,1,001500,1, ,8675,0
00,1022,4,11A217,11,40541,2,1,0,04,-,2, , , , , , , , , , , , , , , ,1, ,0,0
00,1022,4,11A217,11,40541,2,1,0,05,-,1,5,2,07,07/10/2014,1,01,2,1, , , , , , , ,1, ,8675,0
00,1022,4,11A217,11,40541,1,1,0,05,-,1,3,1,11,17/04/2011,1,02,4,1, , , , , , , ,1, ,8675,0
00,1022,1,12B212,11,40551,3,1,0,05,-,1,3,2,22,01/02/2000,1,03,3,1,6,01,5,5,3,1,001000,1, ,8132,0
00,1022,1,12B212,11,40551,3,1,0,01,-,1,1,2,50,21/06/1972,1,02,6,2,5,01,5,5,3,1,001000,1, ,8132,0
00,1022,1,12B212,11,40551,3,1,0,06,-,1,3,1,20,27/05/2002,1,03,3,2,6,01,1,5,3,1,001000,1, ,8132,0
00,1022,1,12B212,11,40551,4,1,0,01,-,1,1,1,35,30/09/1987,1,07,4,1,5,01,3,4,3,1,999999,1,1,8132,16535
00,1022,1,12B212,11,40551,4,1,0,02,-,1,2,2,29,23/01/1993,1,07,1,2,5,07, , , , , ,1, ,8132,0
00,1022,1,12B212,11,40551,1,1,0,01,-,1,1,1,45,19/02/1977,1,04,3,2,3,01,6,6,3,1,999999,1,1,8132,8268
00,1022,1,12B212,11,40551,2,1,0,03,-,1,3,2,07,15/08/2015,1,02,1,1, , , , , , , ,1, ,8132,0
00,1022,1,12B212,11,40551,2,1,0,02,-,1,2,2,30,29/05/1992,1,07,1,2,5,07, , , , , ,1,1,8132,16535
00,1022,1,12B212,11,40551,2,1,0,01,-,1,1,1,41,06/03/1981,1,07,4,2,5,01,3,4,3,1,004000,1, ,8132,0
00,1022,1,12B212,11,40551,3,1,0,04,-,1,3,1,23,18/04/1999,1,04,1,2,6,01,1,5,3,1,001000,1, ,8132,0
00,1022,1,12B212,11,40551,3,1,0,03,-,1,3,1,30,19/12/1991,1,03,2,2,6,01,7,2,3,1,001500,1, ,8132,0
00,1022,1,12B212,11,40551,3,1,0,02,-,1,2,1,60,20/02/1962,1,00, ,2,5,01,7,2,3,1,001500,1,1,8132,49604
00,1022,1,12B212,11,40554,4,1,0,03,-,1,3,1,06,12/02/2016,2,01,2,1, , , , , , , ,1, ,10975,0
00,1022,1,12B212,11,40554,4,1,0,01,-,1,1,1,36,11/01/1986,1,07,4,2,5,01,1,5,2,2,008000,1,1,10975,22315
00,1022,1,12B212,11,40554,4,1,0,02,-,1,2,2,43,14/11/1978,1,04,3,2,5,01,3,5,3,1,003000,1, ,10975,0
00,1022,1,12B212,11,40554,3,1,0,01,-,1,1,1,80,02/04/1942,1,04,3,2,5,08, , , , , ,1, ,10975,0
00,1022,1,12B212,11,40554,3,1,0,02,-,1,2,2,72,29/07/1950,1,04,3,2,5,07, , , , , ,1,1,10975,22315
00,1022,1,12B212,11,40554,2,1,0,02,-,1,2,2,56,19/11/1965,1,03,3,2,5,07, , , , , ,1, ,10975,0
00,1022,1,12B212,11,40554,2,1,0,01,-,1,1,1,57,23/09/1965,2,03,3,2,5,01,5,5,2,1,001000,1, ,10975,0
00,1022,1,12B212,11,40554,2,1,0,04,-,1,3,1,18,08/04/2004,1,04,2,2,6,01,3,5,3,1,999999,1,1,10975,44630
00,1022,1,12B212,11,40554,2,1,0,03,-,1,3,2,28,07/02/1994,1,04,3,2,6,01,5,5,3,1,999999,1, ,10975,0
00,1022,1,12B212,11,40554,1,1,0,02,-,1,3,2,35,15/08/1987,2,07,4,2,6,01,1,5,3,3,999999,1, ,10975,0
00,1022,1,12B212,11,40554,1,1,0,03,-,1,5,1,04,15/06/2018, , , , , , , , , , , ,1, ,10975,0
00,1022,1,12B212,11,40554,1,1,0,01,-,1,1,2,64,15/07/1958,1,05,4,2,4,08, , , , , ,1,1,10975,22315
00,1022,8,13A203,11,40593,4,1,0,01,-,1,1,2,62,27/12/1959,1,08,2,2,3,08, , , , , ,1,1,11273,22891
00,1022,8,13A203,11,40593,3,1,0,01,-,1,1,1,35,19/06/1987,1,04,3,2,6,01,3,5,3,1,003000,1,1,11273,11446
00,1022,8,13A203,11,40593,1,1,0,05,-,1,3,2,14,24/12/2007,1,03,1,1,6,06, , , , , ,1, ,11273,0
00,1022,8,13A203,11,40593,1,1,0,01,-,1,1,1,49,22/11/1972,1,07,4,2,1,01,4,4,2,1,002000,1,1,11273,34337
00,1022,8,13A203,11,40593,1,1,0,04,-,1,3,2,17,04/04/2005,1,04,1,1,6,06, , , , , ,1, ,11273,0
00,1022,8,13A203,11,40593,1,1,0,02,-,1,2,2,41,02/12/1980,2,04,3,2,1,07, , , , , ,1, ,11273,0
00,1022,8,13A203,11,40593,1,1,0,03,-,1,3,2,21,03/03/2001,1,07,1,1,6,06, , , , , ,1, ,11273,0
00,1022,8,13A203,11,40593,4,1,0,02,-,1,3,1,32,27/06/1990,1,07,2,2,6,01,1,2,3,1,004000,1, ,11273,0
00,1022,2,11A203,11,40594,2,1,0,02,-,2, , , , , , , , , , , , , , , ,1, ,0,0
00,1022,3,11A203,11,40594,2,1,0,03,-,2, , , , , , , , , , , , , , , ,1, ,0,0
00,1022,3,11A203,11,40594,2,1,0,04,-,2, , , , , , , , , , , , , , , ,1, ,0,0
00,1022,3,11A203,11,40594,2,1,0,05,-,2, , , , , , , , , , , , , , , ,1, ,0,0
00,1022,2,11A203,11,40594,3,1,0,02,-,2, , , , , , , , , , , , , , , ,1, ,0,0
00,1022,8,11A203,11,40594,3,1,0,01,-,1,1,2,90,19/12/1931,2,99, ,2,4,07, , , , , ,1,1,7254,7303
00,1022,8,11A203,11,40594,1,1,1,01,-,1,1,1,28,14/11/1993,1,03,3,2,5,01,3,5,3,2,005000,1,1,7254,14606
00,1022,8,11A203,11,40594,1,1,1,04,-,1,3,2,04,09/06/2018, , , , , , , , , , , ,1, ,7254,0
00,1022,8,11A203,11,40594,1,1,1,02,-,1,2,2,27,04/08/1995,1,02,3,2,5,07, , , , , ,1, ,7254,0
00,1022,8,11A203,11,40594,1,1,1,03,-,1,3,2,06,21/02/2016,2,01,2,1, , , , , , , ,1, ,7254,0
00,1022,8,11A203,11,40594,2,1,0,01,-,1,1,2,76,23/02/1946,2,02,2,2,4,07, , , , , ,1,1,7254,7303
00,1022,8,12A203,11,40598,1,1,0,01,-,1,1,1,92,11/12/1929,1,02,3,2,4,08, , , , , ,1, ,6379,0
00,1022,8,12A203,11,40598,1,1,0,02,-,1,3,2,63,05/06/1959,1,06,2,2,6,07, , , , , ,1,1,6379,25938
00,1022,8,12A203,11,40598,1,1,0,04,-,1,3,2,50,21/03/1972,1,07,4,2,6,01,5,5,3,3,999999,1, ,6379,0
00,1022,8,12A203,11,40598,1,1,0,03,-,1,3,2,45,04/03/1977,1,07,4,2,6,01,5,7,3,2,999999,1, ,6379,0
00,1022,8,12A203,11,40598,2,1,0,02,-,1,2,2,66,17/02/1956,1,03,3,2,5,07, , , , , ,1, ,6379,0
00,1022,8,12A203,11,40598,2,1,0,01,-,1,1,1,75,27/09/1947,1,02,4,2,5,01,4,4,3,1,001000,1,1,6379,12969
00,1022,8,12A203,11,40598,4,1,0,02,-,1,3,2,38,16/10/1983,1,07,5,2,6,01,1,5,3,2,007000,1,1,6379,12969
00,1022,8,12A203,11,40598,3,1,0,01,-,1,1,1,32,28/03/1990,1,07,4,2,5,01,4,4,1,1,005000,1,1,6379,12969
00,1022,8,12A203,11,40598,3,1,0,02,-,1,2,2,33,01/12/1988,1,04,3,2,5,07, , , , , ,1, ,6379,0
00,1022,8,12A203,11,40598,3,1,0,04,-,1,3,2,05,14/11/2016,1,01,2,1, , , , , , , ,1, ,6379,0
00,1022,8,12A203,11,40598,3,1,0,05,-,1,3,2,03,24/04/2019, , , , , , , , , , , ,1, ,6379,0
00,1022,8,12A203,11,40598,4,1,0,01,-,1,1,1,67,22/05/1955,1,07,5,2,5,01,1,5,2,1,005000,1, ,6379,0
00,1022,8,12A203,11,40598,3,1,0,03,-,1,3,2,06,20/11/2015,2,01,3,1, , , , , , , ,1, ,6379,0
00,1022,5,12A204,12,40003,2,1,0,02,-,2, , , , , , , , , , , , , , , ,1, ,0,0
00,1022,7,12A204,12,40003,4,1,0,01,-,1,1,1,52,29/06/1970,1,07,2,2,6,01,4,5,5,2,004500,1,1,9630,9790
00,1022,7,12A204,12,40003,3,1,0,03,-,1,2,2,59,05/01/1963,1,04,3,2,1,01,5,5,3,1,001200,1, ,9630,0
00,1022,7,12A204,12,40003,3,1,0,01,-,1,1,1,69,01/10/1953,1,07,3,2,1,01,5,5,4,1,001800,1,1,9630,19580
00,1022,7,12A204,12,40003,2,1,0,01,-,1,1,1,60,17/01/1962,1,04,3,2,1,01,4,4,2,1,002300,1,1,9630,9790
00,1022,4,12A204,12,40003,3,1,0,02,-,2, , , , , , , , , , , , , , , ,1, ,0,0
00,1022,3,11A218,12,40092,3,1,0,01,-,1,1,2,56,07/06/1966,1,02,6,2,2,01,4,4,2,1,000350,1,1,6779,6825
00,1022,3,11A218,12,40092,1,1,0,02,-,1,3,2,57,02/02/1965,1,07,5,2,5,01,1,5,3,2,005000,1, ,6779,0
00,1022,3,11A218,12,40092,1,1,0,03,-,1,5,2,26,13/09/1996,1,07,5,2,6,01,1,5,3,2,004300,1, ,6779,0
00,1022,3,11A218,12,40092,1,1,0,01,-,1,1,2,90,12/04/1932,1,02,2,2,4,07, , , , , ,1,1,6779,20474
00,1022,3,11A218,12,40092,2,1,0,03,-,1,3,2,18,10/07/2004,1,04,3,1,6,06, , , , , ,1, ,6779,0
00,1022,3,11A218,12,40092,4,1,0,01,-,1,1,2,74,22/02/1948,1,06,2,2,4,07, , , , , ,1, ,6779,0
00,1022,3,11A218,12,40092,4,1,0,03,-,1,6,2,73,27/06/1949,1,06,2,2,6,08, , , , , ,1,1,6779,27299
00,1022,3,11A218,12,40092,4,1,0,02,-,1,7,2,49,28/11/1972,1,07,5,2,3,01,4,4,2,1,001100,1, ,6779,0
00,1022,3,11A218,12,40092,4,1,0,04,-,1,6,2,64,28/10/1957,1,06,3,2,6,01,5,5,2,1,001300,1, ,6779,0
00,1022,3,11A218,12,40092,2,1,0,02,-,1,2,2,50,03/08/1972,1,06,3,2,5,07, , , , , ,1,1,6779,13650
00,1022,3,11A218,12,40092,2,1,0,04,-,1,3,2,15,27/10/2006,1,04,1,1,6,06, , , , , ,1, ,6779,0
00,1022,3,11A218,12,40092,2,1,0,01,-,2, , , , , , , , , , , , , , , ,1, ,0,0
00,1022,7,11A204,12,40129,3,1,0,01,-,1,1,1,66,26/01/1956,1,02,6,2,5,01,4,4,2,1,000800,1,1,7196,21731
00,1022,7,11A204,12,40129,1,1,0,01,-,1,1,2,47,30/01/1975,1,02,6,2,4,01,7,2,3,1,001100,1,1,7196,21731
00,1022,7,11A204,12,40129,4,1,0,01,-,1,1,1,63,28/09/1959,1,07,5,2,3,01,4,4,2,1,003000,1,1,7196,7244
00,1022,7,11A204,12,40129,3,1,0,03,-,1,7,1,64,25/03/1958,1,02,2,2,6,09, , , , , ,1, ,7196,0
00,1022,7,11A204,12,40129,1,1,0,04,-,1,5,2,02,10/03/2020, , , , , , , , , , , ,1, ,7196,0
00,1022,7,11A204,12,40129,2,1,0,02,-,1,3,1,49,03/08/1973,2,00, ,2,6,09, , , , , ,1, ,7196,0
00,1022,7,11A204,12,40129,2,1,0,01,-,1,1,1,83,31/03/1939,1,02,4,2,4,08, , , , , ,1,1,7196,14488
00,1022,7,11A204,12,40129,3,1,0,02,-,1,2,2,61,28/06/1961,1,03,3,2,5,07, , , , , ,1, ,7196,0
00,1022,7,11A204,12,40129,1,1,0,03,-,1,3,2,24,04/10/1997,1,04,3,2,1,07, , , , , ,1, ,7196,0
00,1022,7,11A204,12,40129,1,1,0,02,-,1,3,1,18,15/11/2003,1,04,3,1,6,06, , , , , ,1, ,7196,0
00,1022,2,11B211,12,40223,1,1,0,01,-,1,1,1,18,22/05/2004,1,03,3,2,1,01,5,5,4,1,001350,1,1,21870,21870
00,1022,2,11B211,12,40223,2,1,0,01,-,1,1,2,37,04/04/1985,1,03,3,2,5,01,5,5,2,1,001000,1,1,21870,43740
00,1022,2,11B211,12,40223,3,1,0,01,-,1,1,1,74,24/04/1948,2,00, ,2,5,08, , , , , ,1, ,21870,0
00,1022,2,11B211,12,40223,3,1,0,02,-,1,2,2,74,18/10/1947,2,00, ,2,5,07, , , , , ,1, ,21870,0
00,1022,2,11B211,12,40223,1,1,0,02,-,1,2,2,14,01/09/2008,1,03,1,2,1,07, , , , , ,1, ,21870,0
00,1022,2,11B211,12,40223,1,1,0,03,-,1,3,1,00,22/06/2022, , , , , , , , , , , ,1, ,21870,0
00,1022,2,11B211,12,40223,3,1,0,03,-,1,5,2,24,03/08/1998,1,04,3,2,6,01,4,4,3,2,003000,1,1,21870,65610
00,1022,2,11B211,12,40223,2,1,0,02,-,1,3,2,21,25/08/2001,1,03,3,2,6,04, , , , , ,1, ,21870,0
00,1022,6,11A205,12,40226,2,1,0,01,-,1,1,2,63,20/11/1958,2,00, ,2,2,07, , , , , ,1,1,28275,28275
00,1022,6,11A205,12,40226,4,1,0,01,-,1,1,1,59,31/12/1962,1,02,6,2,5,01,5,3,3,1,001500,1,1,28275,84825
00,1022,6,11A205,12,40226,4,1,0,03,-,1,5,1,19,13/04/2003,1,04,3,1,6,06, , , , , ,1, ,28275,0
00,1022,6,11A205,12,40226,3,1,0,04,-,1,3,1,14,20/05/2008,1,03,1,1,6,06, , , , , ,1, ,28275,0
00,1022,6,11A205,12,40226,3,1,0,03,-,1,3,2,17,20/11/2004,1,04,1,1,6,06, , , , , ,1, ,28275,0
00,1022,6,11A205,12,40226,3,1,0,01,-,1,1,1,39,13/03/1983,1,07,5,2,1,01,4,5,5,2,005000,1,1,28275,56550
00,1022,6,11A205,12,40226,3,1,0,02,-,1,2,2,37,03/08/1985,1,04,3,2,1,01,4,5,5,2,003000,1, ,28275,0
00,1022,6,11A205,12,40226,1,1,0,02,-,1,2,2,63,09/03/1959,1,02,2,2,5,07, , , , , ,1, ,28275,0
00,1022,6,11A205,12,40226,1,1,0,01,-,1,1,1,65,20/02/1957,2,00, ,2,5,01,5,3,3,1,001500,1,1,28275,56550
00,1022,6,11A205,12,40226,4,1,0,02,-,1,2,2,58,27/06/1964,2,00, ,2,5,07, , , , , ,1, ,28275,0
00,1022,6,11A205,12,40260,3,1,0,02,-,1,4,2,82,14/11/1939,1,02,6,2,3,07, , , , , ,1,1,6611,19967
00,1022,6,11A205,12,40260,3,1,0,05,-,1,3,2,56,03/10/1966,2,04,3,2,6,01,5,5,3,2,005000,1, ,6611,0
00,1022,5,11A205,12,40260,4,1,0,01,-,2, , , , , , , , , , , , , , , ,1, ,0,0
00,1022,6,11A205,12,40260,4,1,0,02,-,1,3,2,63,30/09/1959,1,07,5,2,6,01,5,5,3,2,003000,1,1,6611,6656
00,1022,6,11A205,12,40260,1,1,0,01,-,1,1,1,65,10/10/1956,1,07,5,2,2,01,4,5,5,1,003500,1,1,6611,6656
00,1022,6,11A205,12,40260,2,1,0,01,-,1,1,1,20,30/08/2002,1,07,1,1,6,06, , , , , ,1,1,6611,6656
00,1022,2,11A205,12,40260,3,1,0,01,-,2, , , , , , , , , , , , , , , ,1, ,0,0
00,1022,6,11A205,12,40260,3,1,0,04,-,1,3,2,16,08/02/2006,1,03,3,1,6,06, , , , , ,1, ,6611,0
00,1022,6,11A205,12,40260,3,1,0,03,-,1,6,1,54,09/12/1967,1,04,3,2,5,01,5,5,2,1,001800,1, ,6611,0
00,1022,2,11B211,12,40286,1,1,0,02,-,1,2,2,49,02/02/1973,1,06,3,2,6,01,1,5,3,2,010000,1, ,6278,0
00,1022,2,11B211,12,40286,1,1,0,03,-,1,3,1,20,06/09/2002,1,07,2,1,6,06, , , , , ,1, ,6278,0
00,1022,2,11B211,12,40286,1,1,0,01,-,1,1,1,49,17/03/1973,1,07,6,2,5,01,1,5,3,2,020000,1,1,6278,18961
00,1022,2,11B211,12,40286,2,1,0,01,-,1,1,1,45,20/01/1977,1,04,3,2,5,01,4,4,2,1,002000,1, ,6278,0
00,1022,2,11B211,12,40286,3,1,0,02,-,1,3,1,45,15/09/1977,1,07,5,2,6,07, , , , , ,1, ,6278,0
00,1022,2,11B211,12,40286,3,1,0,03,-,1,5,1,24,29/09/1998,1,07,5,2,6,01,1,5,3,1,001500,1,1,6278,18961
00,1022,2,11B211,12,40286,4,1,0,02,-,1,3,1,55,08/12/1966,1,05,4,2,6,01,1,5,3,2,005000,1, ,6278,0
00,1022,2,11B211,12,40286,2,1,0,03,-,1,3,1,26,10/07/1996,1,07,5,2,6,01,5,5,5,1,001800,1, ,6278,0
00,1022,2,11B211,12,40286,2,1,0,04,-,1,3,2,20,19/03/2002,1,07,4,1,6,06, , , , , ,1, ,6278,0
00,1022,2,11B211,12,40286,2,1,0,06,-,1,3,2,13,19/10/2008,1,03,1,1,6,06, , , , , ,1, ,6278,0
00,1022,2,11B211,12,40286,2,1,0,02,-,1,2,2,45,22/10/1976,1,04,3,2,5,07, , , , , ,1,1,6278,25281
00,1022,2,11B211,12,40286,2,1,0,05,-,1,3,1,15,26/03/2007,1,04,1,1,6,06, , , , , ,1, ,6278,0
00,1022,2,11B211,12,40286,4,1,0,01,-,1,1,2,93,08/08/1929,2,00, ,2,4,07, , , , , ,1,1,6278,12640
00,1022,2,11B211,12,40286,3,1,0,01,-,1,1,1,72,07/12/1949,2,00, ,2,4,08, , , , , ,1, ,6278,0
00,1022,4,11A217,12,40311,4,1,0,02,-,1,2,2,57,09/03/1965,1,03,3,2,1,07, , , , , ,1, ,6267,0
00,1022,4,11A217,12,40311,4,1,0,03,-,1,5,1,16,02/02/2006,1,04,1,1,6,06, , , , , ,1, ,6267,0
00,1022,4,11A217,12,40311,3,1,0,01,-,1,1,1,30,25/03/1992,1,04,3,2,6,01,5,5,3,2,006000,1,1,6267,6309
00,1022,4,11A217,12,40311,4,1,0,01,-,1,1,1,56,10/01/1966,1,04,3,2,1,01,5,5,4,1,001700,1,1,6267,25235
00,1022,4,11A217,12,40311,4,1,0,04,-,1,5,2,14,12/06/2008,1,03,2,1,6,06, , , , , ,1, ,6267,0
00,1022,4,11A217,12,40311,4,1,0,05,-,1,3,1,23,17/12/1998,1,07,4,2,6,01,1,5,3,2,004000,1, ,6267,0
00,1022,4,11A217,12,40311,2,1,0,02,-,1,3,2,49,05/07/1973,2,02,6,2,6,09, , , , , ,1, ,6267,0
00,1022,4,11A217,12,40311,1,1,0,02,-,1,2,2,60,15/01/1962,1,02,4,2,5,07, , , , , ,1,1,6267,6309
00,1022,2,11A217,12,40311,1,1,0,01,-,2, , , , , , , , , , , , , , , ,1, ,0,0
00,1022,4,11A217,12,40311,4,1,0,06,-,1,3,1,36,19/04/1986,1,04,3,2,2,01,5,5,3,2,003000,1, ,6267,0
00,1022,4,11A217,12,40311,2,1,0,01,-,1,1,2,74,31/03/1948,1,02,6,2,4,08, , , , , ,1,1,6267,12618
00,1022,8,11A203,12,40321,4,1,0,03,-,1,3,2,04,05/12/2017, , , , , , , , , , , ,1, ,6694,0
00,1022,8,11A203,12,40321,4,1,0,02,-,1,3,2,10,10/03/2012,1,02,3,1, , , , , , , ,1, ,6694,0
00,1022,8,11A203,12,40321,4,1,0,01,-,1,1,2,32,09/10/1990,1,06,3,2,6,04, , , , , ,1,1,6694,6739
00,1022,8,11A203,12,40321,3,1,0,02,-,1,2,2,64,11/05/1958,2,07,5,2,5,07, , , , , ,1,1,6694,13477
00,1022,8,11A203,12,40321,2,1,0,01,-,1,1,1,79,25/06/1943,1,06,2,2,3,08, , , , , ,1,1,6694,6739
00,1022,8,11A203,12,40321,3,1,0,01,-,1,1,1,70,02/03/1952,1,07,5,2,5,08, , , , , ,1, ,6694,0
00,1022,8,11A203,12,40321,1,1,0,01,-,1,1,2,49,25/06/1973,1,07,5,2,6,01,1,5,5,2,005000,1,1,6694,13477
00,1022,8,11A203,12,40321,1,1,0,02,-,1,3,2,20,20/11/2001,1,07,2,1,6,06, , , , , ,1, ,6694,0
00,1022,4,12A217,12,40379,2,1,0,04,-,1,3,2,10,12/09/2012,1,02,4,1, , , , , , , ,1, ,5567,0
00,1022,4,12A217,12,40379,2,1,0,03,-,1,3,2,15,16/03/2007,1,03,3,1,6,06, , , , , ,1, ,5567,0
00,1022,4,12A217,12,40379,1,1,0,01,-,1,1,2,68,11/11/1953,1,03,3,2,4,07, , , , , ,1,1,5567,11319
00,1022,4,12A217,12,40379,1,1,0,03,-,1,5,2,16,22/04/2006,1,04,1,1,6,06, , , , , ,1, ,5567,0
00,1022,4,12A217,12,40379,1,1,0,02,-,1,3,2,40,14/02/1982,1,04,3,2,6,01,5,5,3,1,001400,1, ,5567,0
00,1022,4,12A217,12,40379,2,1,0,01,-,1,1,1,43,14/04/1979,1,07,5,2,5,01,5,7,3,2,005000,1,1,5567,11319
00,1022,4,12A217,12,40379,2,1,0,02,-,1,2,2,42,06/11/1979,1,05,4,2,5,01,1,5,3,2,004000,1, ,5567,0
00,1022,4,12A217,12,40379,4,1,0,05,-,1,7,1,06,04/12/2015,1,01,3,1, , , , , , , ,1, ,5567,0
00,1022,4,12A217,12,40379,4,1,0,03,-,1,6,2,23,26/09/1999,1,07,3,1,6,06, , , , , ,1, ,5567,0
00,1022,4,12A217,12,40379,4,1,0,02,-,1,6,2,29,21/12/1992,1,07,5,2,6,01,4,4,3,2,003500,1, ,5567,0
00,1022,4,12A217,12,40379,4,1,0,04,-,1,3,1,04,02/04/2018, , , , , , , , , , , ,1, ,5567,0
00,1022,4,12A217,12,40379,4,1,0,01,-,1,1,2,31,12/10/1990,1,07,4,2,6,01,1,5,3,2,004000,1,1,5567,16978
00,1022,4,12A217,12,40379,3,1,0,03,-,1,3,1,58,25/08/1964,1,04,1,2,2,01,5,5,4,1,002000,1,1,5567,16978
00,1022,4,12A217,12,40379,3,1,0,02,-,1,2,2,82,18/09/1940,1,02,6,2,5,07, , , , , ,1, ,5567,0
00,1022,4,12A217,12,40379,3,1,0,01,-,1,1,1,83,04/10/1939,1,02,6,2,5,08, , , , , ,1, ,5567,0
00,1022,5,11A206,12,40393,3,1,0,02,-,2, , , , , , , , , , , , , , , ,1, ,0,0
00,1022,5,11A206,12,40393,2,1,0,01,-,1,1,2,54,25/09/1968,1,07,4,2,5,01,1,5,3,2,013000,1,1,6141,12365
00,1022,5,11A206,12,40393,2,1,0,03,-,1,3,2,12,23/11/2009,1,02,6,1,6,06, , , , , ,1, ,6141,0
00,1022,5,11A206,12,40393,2,1,0,02,-,1,2,1,56,07/10/1965,1,04,1,2,5,01,6,1,2,1,002000,1, ,6141,0
00,1022,5,11A206,12,40393,4,1,0,03,-,3,3,2,22,06/01/2000,1,07,5,2,6,05, , , , , ,1, ,6141,0
00,1022,5,11A206,12,40393,1,1,0,01,-,1,1,1,61,17/12/1960,1,07,4,2,5,01,4,4,2,1,002500,1, ,6141,0
00,1022,5,11A206,12,40393,3,1,0,01,-,1,1,2,63,23/06/1959,1,02,6,2,4,07, , , , , ,1,1,6141,6183
00,1022,5,11A206,12,40393,4,1,0,02,-,1,3,1,16,06/10/2005,1,04,1,1,6,06, , , , , ,1, ,6141,0
00,1022,5,11A206,12,40393,4,1,0,01,-,1,1,1,41,07/10/1980,1,07,4,2,2,01,4,2,3,2,004200,1,1,6141,12365
00,1022,5,11A206,12,40393,1,1,0,02,-,1,2,2,60,15/01/1962,1,04,3,1,5,06, , , , , ,1,1,6141,12365
00,1022,1,11B212,12,40416,1,1,0,01,-,1,1,1,26,03/10/1996,1,03,3,2,1,01,5,5,3,1,001700,1,1,6811,13713
00,1022,1,11B212,12,40416,1,1,0,02,-,1,2,2,18,01/02/2004,1,04,3,2,1,07, , , , , ,1, ,6811,0
00,1022,1,11B212,12,40416,1,1,0,03,-,1,3,1,01,07/03/2021, , , , , , , , , , , ,1, ,6811,0
00,1022,1,11B212,12,40416,2,1,0,03,-,1,3,2,17,21/09/2005,1,04,2,1,6,06, , , , , ,1, ,6811,0
00,1022,1,11B212,12,40416,3,1,0,01,-,1,1,1,26,29/12/1995,1,04,3,2,5,01,4,4,3,1,002000,1, ,6811,0
00,1022,1,11B212,12,40416,2,1,0,01,-,1,1,1,36,03/10/1986,1,03,3,2,5,01,5,3,3,1,001500,1, ,6811,0
00,1022,1,11B212,12,40416,2,1,0,04,-,1,3,1,11,18/03/2011,1,02,5,1, , , , , , , ,1, ,6811,0
00,1022,1,11B212,12,40416,2,1,0,02,-,1,2,2,33,05/09/1989,1,03,3,2,5,07, , , , , ,1,1,6811,13713
00,1022,1,11B212,12,40416,3,1,0,02,-,1,2,2,26,27/02/1996,1,04,3,2,5,01,5,5,3,1,001300,1,1,6811,13713
00,1022,1,11B212,12,40416,2,1,0,05,-,1,3,1,00,30/11/2021, , , , , , , , , , , ,1, ,6811,0
00,1022,7,13A204,13,40071,2,1,0,04,-,1,3,1,12,22/04/2010,1,02,5,1,6,06, , , , , ,1, ,20051,0
00,1022,7,13A204,13,40071,4,1,0,02,-,1,2,2,33,11/11/1988,1,07,4,2,5,01,4,4,2,1,009999,1,1,20051,40717
00,1022,7,13A204,13,40071,2,1,0,01,-,1,1,1,54,30/05/1968,1,04,3,2,1,01,4,4,2,1,009999,1, ,20051,0
00,1022,7,13A204,13,40071,2,1,0,02,-,1,2,2,35,22/04/1987,1,04,3,2,1,07, , , , , ,1,1,20051,61076
00,1022,7,13A204,13,40071,3,1,0,03,-,1,3,1,17,23/12/2004,1,04,2,1,6,06, , , , , ,1, ,20051,0
00,1022,7,13A204,13,40071,3,1,0,04,-,1,3,2,13,18/12/2008,1,03,1,1,6,06, , , , , ,1, ,20051,0
00,1022,7,13A204,13,40071,3,1,0,02,-,1,2,2,40,02/07/1982,1,07,4,2,1,01,4,4,2,1,009999,1, ,20051,0
00,1022,7,13A204,13,40071,3,1,0,01,-,1,1,1,33,26/04/1989,1,07,4,2,1,01,4,4,2,1,009999,1,1,20051,40717
00,1022,7,13A204,13,40071,3,1,0,05,-,1,3,2,01,01/08/2021, , , , , , , , , , , ,1, ,20051,0
00,1022,7,13A204,13,40071,4,1,0,01,-,1,1,1,31,22/02/1991,1,07,4,2,5,01,1,3,2,1,009999,1, ,20051,0
00,1022,7,13A204,13,40071,2,1,0,03,-,1,3,1,21,05/04/2001,1,04,3,1,6,06, , , , , ,1, ,20051,0
00,1022,7,13A204,13,40071,4,1,0,03,-,1,3,2,09,17/11/2012,1,02,2,1, , , , , , , ,1, ,20051,0
00,1022,3,13A218,13,40094,1,1,0,01,-,1,1,2,58,14/10/1963,1,07,4,2,5,01,1,5,3,2,009999,1, ,7003,0
00,1022,3,13A218,13,40094,1,1,0,02,-,1,2,1,62,23/12/1959,1,04,3,2,5,01,4,4,3,1,009999,1,1,7003,21330
00,1022,2,13A218,13,40094,2,1,0,02,-,2, , , , , , , , , , , , , , , ,1, ,0,0
00,1022,3,13A218,13,40094,2,1,0,01,-,1,1,2,68,29/07/1954,1,03,3,2,3,08, , , , , ,1,1,7003,7110
00,1022,2,13A218,13,40094,2,1,0,03,-,2, , , , , , , , , , , , , , , ,1, ,0,0
00,1022,2,13A218,13,40094,2,1,0,04,-,2, , , , , , , , , , , , , , , ,1, ,0,0
00,1022,3,13A218,13,40094,3,1,0,02,-,1,3,2,33,27/07/1989,1,08,2,1,6,04, , , , , ,1, ,7003,0
00,1022,3,13A218,13,40094,3,1,0,03,-,1,2,2,69,23/11/1952,1,07,4,2,5,07, , , , , ,1,1,7003,21330
00,1022,3,13A218,13,40094,3,1,0,01,-,1,1,1,66,30/09/1956,1,08,2,2,5,01,1,5,3,2,009999,1, ,7003,0
00,1022,3,13A218,13,40094,4,1,0,01,-,1,1,2,39,06/03/1983,1,04,3,2,6,01,5,5,2,1,001200,1,1,7003,21330
00,1022,3,13A218,13,40094,4,1,0,03,-,1,3,2,05,18/04/2017,2,01,2,1, , , , , , , ,1, ,7003,0
00,1022,3,13A218,13,40094,4,1,0,02,-,1,3,2,16,17/02/2006,1,04,1,1,6,06, , , , , ,1, ,7003,0
00,1022,3,13A218,13,40094,4,1,0,04,-,1,4,2,65,06/04/1957,1,06,3,2,5,07, , , , , ,1, ,7003,0
00,1022,3,13A218,13,40094,4,1,0,05,-,1,4,1,62,26/10/1959,1,06,3,2,5,08, , , , , ,1, ,7003,0
00,1022,3,13A218,13,40094,1,1,0,04,-,1,5,2,03,14/01/2019, , , , , , , , , , , ,1, ,7003,0
00,1022,3,13A218,13,40094,1,1,0,03,-,1,3,2,22,24/06/2000,1,07,1,2,6,01,3,5,3,1,009999,1, ,7003,0
00,1022,3,11A218,13,40158,1,1,0,02,-,1,2,2,26,31/07/1996,1,03,3,2,1,07, , , , , ,1,1,9293,18711
00,1022,3,11A218,13,40158,3,1,0,04,-,1,3,1,10,05/02/2012,1,02,4,1, , , , , , , ,1, ,9293,0
00,1022,3,11A218,13,40158,1,1,0,01,-,1,1,1,31,31/03/1991,1,04,3,2,1,01,7,3,3,1,009999,1, ,9293,0
00,1022,3,11A218,13,40158,1,1,0,03,-,1,3,2,10,20/07/2012,1,02,4,1, , , , , , , ,1, ,9293,0
00,1022,3,11A218,13,40158,4,1,0,02,-,1,2,2,26,08/08/1996,1,03,3,2,1,07, , , , , ,1,1,9293,18711
00,1022,3,11A218,13,40158,4,1,0,04,-,1,3,2,07,03/02/2015,1,02,1,1, , , , , , , ,1, ,9293,0
00,1022,3,11A218,13,40158,4,1,0,01,-,1,1,1,35,18/11/1986,1,02,6,2,1,01,7,3,3,1,001800,1, ,9293,0
00,1022,3,11A218,13,40158,4,1,0,03,-,1,3,1,01,24/04/2021, , , , , , , , , , , ,1, ,9293,0
00,1022,3,11A218,13,40158,2,1,0,03,-,1,3,2,05,07/01/2017,1,01,2,1, , , , , , , ,1, ,9293,0
00,1022,3,11A218,13,40158,2,1,0,02,-,1,2,2,29,01/08/1993,1,03,3,2,1,07, , , , , ,1, ,9293,0
00,1022,3,11A218,13,40158,2,1,0,01,-,1,1,1,34,04/08/1988,1,02,6,2,1,01,5,5,3,1,001000,1,1,9293,18711
00,1022,3,11A218,13,40158,2,1,0,04,-,1,3,2,03,26/12/2018, , , , , , , , , , , ,1, ,9293,0
00,1022,3,11A218,13,40158,3,1,0,02,-,1,2,2,34,01/11/1987,1,03,3,2,5,01,5,5,3,2,002500,1, ,9293,0
00,1022,3,11A218,13,40158,3,1,0,03,-,1,3,1,15,05/03/2007,1,03,3,1,6,06, , , , , ,1, ,9293,0
00,1022,3,11A218,13,40158,3,1,0,01,-,1,1,1,40,11/09/1982,1,03,3,2,5,01,5,7,3,2,009999,1,1,9293,18711
00,1022,3,11A218,13,40158,1,1,0,04,-,1,3,2,08,20/02/2014,1,02,2,1, , , , , , , ,1, ,9293,0
00,1022,2,12B211,13,40221,1,1,0,02,-,1,2,1,37,01/09/1985,1,07,4,2,5,01,1,5,2,1,009999,1,1,8361,17001
00,1022,2,12B211,13,40221,1,1,0,01,-,1,1,2,42,20/06/1980,1,07,4,2,5,01,1,5,2,1,009999,1, ,8361,0
00,1022,2,12B211,13,40221,2,1,0,03,-,1,3,2,20,19/10/2001,1,07,2,1,6,06, , , , , ,1, ,8361,0
00,1022,2,12B211,13,40221,2,1,0,02,-,1,2,2,49,25/09/1973,1,06,3,2,1,07, , , , , ,1,1,8361,25500
00,1022,2,12B211,13,40221,4,1,0,04,-,1,5,2,05,25/09/2017,2,01,2,1, , , , , , , ,1, ,8361,0
00,1022,2,12B211,13,40221,2,1,0,04,-,1,3,1,11,19/11/2010,1,02,6,1, , , , , , , ,1, ,8361,0
00,1022,2,12B211,13,40221,4,1,0,01,-,1,1,2,48,16/11/1973,1,04,3,2,3,01,7,2,3,1,001800,1,1,8361,25500
00,1022,2,12B211,13,40221,4,1,0,03,-,1,3,2,24,09/08/1998,1,07,4,2,6,01,4,4,3,1,009999,1, ,8361,0
00,1022,2,12B211,13,40221,4,1,0,02,-,1,3,2,32,15/01/1990,1,04,3,2,6,01,4,4,3,1,009999,1, ,8361,0
00,1022,2,12B211,13,40221,2,1,0,01,-,1,1,1,54,10/04/1968,1,07,2,2,1,01,1,3,2,1,009999,1, ,8361,0
00,1022,6,12A205,13,40259,4,1,0,06,-,1,4,2,64,15/06/1958,1,00, ,2,4,07, , , , , ,1, ,7656,0
00,1022,6,12A205,13,40259,4,1,0,05,-,1,3,1,12,21/05/2010,1,02,5,1,6,06, , , , , ,1, ,7656,0
00,1022,6,12A205,13,40259,4,1,0,04,-,1,3,2,17,12/11/2004,1,04,2,1,6,02,4,4,6,5, ,1, ,7656,0
00,1022,6,12A205,13,40259,4,1,0,02,-,1,2,2,43,24/07/1979,1,03,3,2,1,01,4,4,2,1,009999,1,1,7656,31134
00,1022,6,12A205,13,40259,4,1,0,03,-,1,3,1,20,06/04/2002,1,04,3,1,6,02,4,4,6,5, ,1, ,7656,0
00,1022,6,12A205,13,40259,4,1,0,01,-,1,1,1,51,06/07/1971,1,03,3,2,1,01,4,4,2,1,009999,1, ,7656,0
00,1022,6,12A205,13,40259,2,1,0,02,-,1,8,2,20,28/12/2001,1,07,2,1,6,06, , , , , ,1, ,7656,0
00,1022,6,12A205,13,40259,2,1,0,01,-,1,1,2,21,27/05/2001,1,07,2,1,6,06, , , , , ,1,1,7656,15567
00,1022,6,12A205,13,40259,1,1,0,01,-,1,1,1,75,06/11/1946,1,06,4,2,6,01,5,5,2,1,001000,1, ,7656,0
00,1022,6,12A205,13,40259,1,1,0,03,-,1,7,2,41,12/11/1980,1,06,3,2,6,01,3,2,3,1,001500,1,1,7656,23350
00,1022,6,12A205,13,40259,1,1,0,02,-,1,6,2,73,03/01/1949,1,03,3,2,4,07, , , , , ,1, ,7656,0
00,1022,5,11A206,13,40296,1,1,0,01,-,1,1,2,60,23/12/1961,1,02,3,2,4,07, , , , , ,1,1,8419,8475
00,1022,5,11A206,13,40296,4,1,0,02,-,1,2,1,73,15/11/1948,1,02,3,2,1,07, , , , , ,1,1,8419,16950
00,1022,5,11A206,13,40296,2,1,0,01,-,1,1,1,35,20/09/1987,1,02,6,2,1,01,4,4,2,1,000800,1,1,8419,25426
00,1022,5,11A206,13,40296,2,1,0,02,-,1,2,2,35,03/06/1987,1,03,3,2,1,02,4,4,6,5, ,1, ,8419,0
00,1022,5,11A206,13,40296,2,1,0,04,-,1,3,2,13,15/05/2009,1,02,6,1,6,06, , , , , ,1, ,8419,0
00,1022,5,11A206,13,40296,3,1,0,02,-,1,2,2,54,10/08/1968,2,00, ,2,5,07, , , , , ,1, ,8419,0
00,1022,5,11A206,13,40296,3,1,0,07,-,1,5,2,12,16/09/2010,1,02,5,1,6,06, , , , , ,1, ,8419,0
00,1022,5,11A206,13,40296,3,1,0,09,-,1,5,1,05,25/04/2017,2,01,3,1, , , , , , , ,1, ,8419,0
00,1022,5,11A206,13,40296,3,1,0,08,-,1,5,2,09,23/08/2013,2,02,2,1, , , , , , , ,1, ,8419,0
00,1022,5,11A206,13,40296,3,1,0,03,-,1,3,2,33,06/06/1989,1,03,3,2,6,01,5,5,3,2,009999,1, ,8419,0
00,1022,4,11A206,13,40296,3,1,0,04,-,2, , , , , , , , , , , , , , , ,1, ,0,0
00,1022,5,11A206,13,40296,3,1,0,01,-,1,1,1,52,20/05/1970,1,03,3,2,5,01,5,5,3,1,009999,1, ,8419,0
00,1022,5,11A206,13,40296,3,1,0,05,-,1,3,1,25,30/10/1996,1,04,3,2,6,01,4,4,3,1,009999,1,1,8419,33901
00,1022,5,11A206,13,40296,3,1,0,06,-,1,5,2,13,23/04/2009,1,02,6,1,6,06, , , , , ,1, ,8419,0
00,1022,5,11A206,13,40296,4,1,0,01,-,1,1,2,70,01/10/1952,1,02,1,2,1,07, , , , , ,1, ,8419,0
00,1022,5,11A206,13,40296,2,1,0,03,-,1,3,1,18,30/04/2004,1,03,3,2,6,07, , , , , ,1, ,8419,0
00,1022,4,12A217,13,40311,4,1,0,01,-,1,1,2,48,20/12/1973,1,03,3,2,6,01,5,5,3,1,001200,1,1,7771,15800
00,1022,4,12A217,13,40311,1,1,0,02,-,1,3,1,43,06/10/1979,1,04,1,2,6,01,5,5,5,1,001200,1,1,7771,15800
00,1022,4,12A217,13,40311,1,1,0,01,-,1,1,2,66,28/11/1955,1,00, ,2,6,07, , , , , ,1, ,7771,0
00,1022,4,12A217,13,40311,4,1,0,02,-,1,3,2,19,24/09/2003,1,04,2,1,6,06, , , , , ,1, ,7771,0
00,1022,4,12A217,13,40311,4,1,0,03,-,1,3,2,15,01/05/2007,1,03,3,1,6,06, , , , , ,1, ,7771,0
00,1022,2,12A217,13,40311,2,1,0,04,-,2, , , , , , , , , , , , , , , ,1, ,0,0
00,1022,4,12A217,13,40311,2,1,0,02,-,1,2,2,62,25/05/1960,1,02,6,2,5,07, , , , , ,1, ,7771,0
00,1022,4,12A217,13,40311,2,1,0,03,-,1,3,1,40,15/11/1981,1,04,3,2,5,01,5,5,3,2,009999,1,1,7771,23702
00,1022,4,12A217,13,40311,2,1,0,01,-,1,1,1,63,10/05/1959,1,02,6,2,5,01,5,5,2,1,009999,1, ,7771,0
00,1022,4,12A217,13,40311,3,1,0,01,-,1,1,2,84,23/06/1938,1,02,1,2,4,07, , , , , ,1,1,7771,15800
00,1022,4,12A217,13,40311,3,1,0,02,-,1,3,1,56,10/06/1966,1,07,2,2,6,01,5,5,2,1,000300,1, ,7771,0
00,1022,1,12B212,13,40320,4,1,0,01,-,1,1,2,41,29/07/1981,1,07,4,1,1,01,1,5,3,2,009999,1,1,6298,12804
00,1022,1,12B212,13,40320,3,1,0,01,-,1,1,1,49,27/04/1973,1,07,4,2,5,01,1,5,2,1,009999,1,1,6298,19207
00,1022,1,12B212,13,40320,1,1,0,02,-,1,2,2,53,19/02/1969,1,04,3,2,6,02,4,4,6,5, ,1, ,6298,0
00,1022,1,12B212,13,40320,1,1,0,03,-,1,3,1,24,22/12/1997,1,07,4,2,6,04, , , , , ,1,1,6298,19207
00,1022,1,12B212,13,40320,1,1,0,01,-,1,1,1,54,14/01/1968,1,04,3,2,5,01,4,4,2,1,009999,1, ,6298,0
00,1022,1,12B212,13,40320,3,1,0,04,-,1,3,1,15,15/07/2007,1,03,3,1,6,06, , , , , ,1, ,6298,0
00,1022,1,12B212,13,40320,4,1,0,02,-,1,2,1,34,24/06/1988,1,04,3,2,1,01,5,5,5,1,009999,1, ,6298,0
00,1022,1,12B212,13,40320,3,1,0,03,-,1,3,2,30,29/09/1992,1,07,4,2,6,01,3,4,3,1,009999,1, ,6298,0
00,1022,1,12B212,13,40320,4,1,0,03,-,1,3,1,15,17/09/2007,1,03,3,1,6,06, , , , , ,1, ,6298,0
00,1022,1,12B212,13,40320,3,1,0,02,-,1,2,2,50,04/11/1971,1,07,4,2,5,07, , , , , ,1, ,6298,0
00,1022,8,13A203,13,40321,2,1,0,01,-,1,1,1,62,24/12/1959,1,07,4,2,5,01,1,4,2,1,009999,1, ,6625,0
00,1022,8,13A203,13,40321,2,1,0,02,-,1,2,2,62,21/05/1960,1,04,3,2,5,01,4,4,2,1,009999,1,1,6625,20178
00,1022,8,13A203,13,40321,2,1,0,04,-,1,5,1,10,28/10/2011,1,02,5,1, , , , , , , ,1, ,6625,0
00,1022,8,13A203,13,40321,2,1,0,03,-,1,3,1,38,28/06/1984,1,07,4,2,6,01,4,4,2,1,009999,1, ,6625,0
00,1022,8,13A203,13,40321,2,1,0,05,-,1,5,1,08,03/05/2014,1,02,3,1, , , , , , , ,1, ,6625,0
00,1022,8,13A203,13,40321,4,1,0,01,-,1,1,2,85,06/07/1937,1,06,3,2,4,08, , , , , ,1,1,6625,6726
00,1022,1,13B212,13,40388,1,1,0,02,-,1,2,2,57,25/06/1965,1,07,4,2,5,07, , , , , ,1, ,7781,0
00,1022,1,13B212,13,40388,1,1,0,01,-,1,1,1,57,12/08/1965,1,07,4,2,5,01,1,5,3,2,009999,1, ,7781,0
00,1022,1,13B212,13,40388,1,1,0,03,-,1,3,2,37,02/05/1985,1,09,2,1,6,01,1,5,3,2,009999,1,1,7781,31601
00,1022,1,13B212,13,40388,1,1,0,04,-,1,9,2,23,03/10/1999,1,03,3,2,6,01,5,5,3,1,009999,1, ,7781,0
00,1022,1,13B212,13,40388,4,1,0,01,-,1,1,1,37,16/10/1984,1,07,4,2,5,01,1,5,3,2,009999,1, ,7781,0
00,1022,1,13B212,13,40388,4,1,0,02,-,1,2,2,32,04/05/1990,1,07,4,2,5,01,1,5,3,2,009999,1,1,7781,15801
00,1022,1,13B212,13,40388,2,1,0,02,-,1,2,2,30,09/05/1992,1,07,2,2,1,07, , , , , ,1,1,7781,15801
00,1022,1,13B212,13,40388,2,1,0,01,-,1,1,1,38,01/10/1984,1,04,3,2,1,01,5,6,5,1,009999,1, ,7781,0
00,1022,1,13B212,13,40388,2,1,0,03,-,1,3,2,09,26/04/2013,1,02,3,1, , , , , , , ,1, ,7781,0
00,1022,1,13B212,13,40388,3,1,0,01,-,1,1,1,26,18/07/1996,1,07,4,2,1,01,1,5,3,1,009999,1, ,7781,0
00,1022,1,13B212,13,40388,3,1,0,02,-,1,2,2,36,09/08/1986,1,04,3,2,1,07, , , , , ,1, ,7781,0
00,1022,1,13B212,13,40388,3,1,0,03,-,1,4,2,82,16/07/1940,1,03,3,2,5,08, , , , , ,1,1,7781,23701
00,1022,5,13A206,13,40394,4,1,0,01,-,1,1,1,70,30/07/1952,1,04,3,2,5,07, , , , , ,1, ,8316,0
00,1022,5,13A206,13,40394,4,1,0,03,-,1,3,1,43,24/02/1979,1,04,2,2,6,01,3,7,3,2,009999,1,1,8316,25330
00,1022,5,13A206,13,40394,2,1,1,02,-,1,2,2,65,04/10/1957,1,06,3,2,5,07, , , , , ,1, ,8316,0
00,1022,5,13A206,13,40394,3,1,0,04,-,1,3,1,19,09/09/2003,1,04,2,1,6,06, , , , , ,1, ,8316,0
00,1022,5,13A206,13,40394,3,1,0,03,-,1,3,2,21,15/02/2001,1,07,2,1,6,06, , , , , ,1, ,8316,0
00,1022,5,13A206,13,40394,3,1,0,05,-,1,3,1,12,24/08/2010,1,02,5,1,6,06, , , , , ,1, ,8316,0
00,1022,5,13A206,13,40394,4,1,0,02,-,1,2,2,67,27/03/1955,1,06,3,2,5,07, , , , , ,1, ,8316,0
00,1022,5,13A206,13,40394,3,1,0,01,-,1,1,1,46,09/11/1975,1,04,3,2,5,04, , , , , ,1,1,8316,33773
00,1022,5,13A206,13,40394,3,1,0,02,-,1,2,2,42,04/10/1980,1,04,3,2,5,07, , , , , ,1, ,8316,0
00,1022,5,13A206,13,40394,2,1,1,01,-,1,1,1,73,25/08/1949,1,03,3,2,5,09, , , , , ,1,1,8316,16887
00,1022,8,11A203,13,40416,1,1,0,02,-,1,3,2,51,10/11/1970,1,07,4,2,6,01,1,5,3,2,009999,1,1,7016,14125
00,1022,8,11A203,13,40416,4,1,0,01,-,1,1,2,62,30/08/1960,1,04,3,2,4,07, , , , , ,1,1,7016,21188
00,1022,3,11A203,13,40416,4,1,0,05,-,2, , , , , , , , , , , , , , , ,1, ,0,0
00,1022,3,11A203,13,40416,4,1,0,04,-,2, , , , , , , , , , , , , , , ,1, ,0,0
00,1022,8,11A203,13,40416,1,1,0,01,-,1,1,2,88,07/02/1934,1,02,3,2,4,09, , , , , ,1, ,7016,0
00,1022,3,11A203,13,40416,4,1,0,03,-,2, , , , , , , , , , , , , , , ,1, ,0,0
00,1022,3,11A203,13,40416,4,1,0,02,-,2, , , , , , , , , , , , , , , ,1, ,0,0
00,1022,8,11A203,13,40416,3,1,0,01,-,1,1,2,56,06/05/1966,1,07,5,2,2,07, , , , , ,1,1,7016,7063
00,1022,8,11A203,13,40416,2,1,0,04,-,1,3,2,03,14/08/2019, , , , , , , , , , , ,1, ,7016,0
00,1022,8,11A203,13,40416,2,1,0,03,-,1,3,2,11,26/11/2010,1,02,4,1, , , , , , , ,1, ,7016,0
00,1022,8,11A203,13,40416,2,1,0,02,-,1,2,2,38,10/05/1984,1,07,5,2,5,07, , , , , ,1,1,7016,14125
00,1022,8,11A203,13,40416,2,1,0,01,-,1,1,1,38,28/08/1984,1,07,5,2,5,01,1,2,3,2,009999,1, ,7016,0
00,1022,3,11A203,13,40416,2,1,0,05,-,2, , , , , , , , , , , , , , , ,1, ,0,0
00,1022,8,11A203,13,40416,4,1,0,06,-,1,5,1,49,04/01/1973,1,07,4,2,5,01,1,5,3,2,009999,1, ,7016,0
00,1022,8,11A203,13,40416,4,1,0,07,-,1,3,2,43,07/07/1979,1,04,3,2,5,07, , , , , ,1, ,7016,0
00,1022,8,11A203,13,40416,4,1,0,08,-,1,5,1,01,30/05/2021, , , , , , , , , , , ,1, ,7016,0
00,1022,7,12A204,14,40002,1,1,0,03,-,1,3,2,01,17/03/2021, , , , , , , , , , , ,1, ,15773,0
00,1022,7,12A204,14,40002,1,1,0,02,-,1,2,2,25,16/07/1997,1,04,2,2,5,07, , , , , ,1, ,15773,0
00,1022,7,12A204,14,40002,1,1,0,01,-,1,1,1,25,06/07/1997,1,07,3,2,5,01,7,5,3,2,999999,1,1,15773,32069
00,1022,7,12A204,14,40002,1,1,0,04,-,1,3,1,00,25/05/2022, , , , , , , , , , , ,1, ,15773,0
00,1022,7,12A204,14,40002,3,1,1,01,-,1,1,1,28,10/04/1994,1,07,5,2,6,01,1,5,3,2,999999,1,1,15773,16035
00,1022,7,12A204,14,40002,2,1,0,01,-,1,1,1,41,04/10/1981,1,03,3,2,5,01,7,5,2,1,004000,1,1,15773,32069
00,1022,7,12A204,14,40002,2,1,0,04,-,1,3,2,08,01/03/2014,1,02,1,1, , , , , , , ,1, ,15773,0
00,1022,7,12A204,14,40002,2,1,0,06,-,1,3,1,03,30/11/2018, , , , , , , , , , , ,1, ,15773,0
00,1022,7,12A204,14,40002,2,1,0,03,-,1,3,2,11,24/12/2010,1,02,5,1, , , , , , , ,1, ,15773,0
00,1022,7,12A204,14,40002,2,1,0,05,-,1,3,1,06,21/05/2016,2,01,2,1, , , , , , , ,1, ,15773,0
00,1022,7,12A204,14,40002,2,1,0,07,-,1,3,1,01,31/01/2021, , , , , , , , , , , ,1, ,15773,0
00,1022,7,12A204,14,40002,2,1,0,02,-,1,2,2,34,30/06/1988,1,03,3,2,5,07, , , , , ,1, ,15773,0
00,1022,3,12A218,14,40042,1,1,0,01,-,1,1,1,59,03/04/1963,1,07,4,2,5,01,4,4,2,3,015000,1,1,7269,14780
00,1022,3,12A218,14,40042,1,1,0,02,-,1,2,2,59,24/07/1963,1,07,4,2,5,07, , , , , ,1, ,7269,0
00,1022,2,12A218,14,40042,4,1,0,01,-,2, , , , , , , , , , , , , , , ,1, ,0,0
00,1022,3,12A218,14,40042,4,1,0,02,-,1,3,2,46,19/11/1975,1,02,6,2,6,01,4,4,2,1,000600,1,1,7269,14780
00,1022,3,12A218,14,40042,4,1,0,03,-,1,3,2,47,25/05/1975,1,03,3,2,6,01,4,4,3,2,002800,1, ,7269,0
00,1022,3,12A218,14,40042,2,1,0,01,-,1,1,1,59,16/11/1962,1,04,3,2,5,01,4,4,2,3,013000,1,1,7269,14780
00,1022,3,12A218,14,40042,3,1,0,01,-,1,1,2,50,29/02/1972,1,07,4,2,6,01,3,7,3,2,004000,1, ,7269,0
00,1022,3,12A218,14,40042,3,1,0,02,-,1,3,1,23,23/10/1998,1,07,4,2,6,01,3,7,3,2,005500,1,1,7269,14780
00,1022,3,12A218,14,40042,2,1,0,02,-,1,2,2,59,09/08/1963,1,04,3,2,5,02,4,4,6,5, ,1, ,7269,0
00,1022,3,12A218,14,40044,4,1,0,02,-,1,2,2,71,13/11/1950,1,08,2,2,5,08, , , , , ,1, ,7694,0
00,1022,3,12A218,14,40044,4,1,0,01,-,1,1,1,74,27/09/1948,1,09,5,2,5,08, , , , , ,1,1,7694,23466
00,1022,3,12A218,14,40044,4,1,0,03,-,1,3,1,38,08/05/1984,1,08,2,2,6,09, , , , , ,1, ,7694,0
00,1022,3,12A218,14,40044,1,1,0,05,-,1,5,1,12,23/04/2010,1,02,6,1,6,06, , , , , ,1, ,7694,0
00,1022,3,12A218,14,40044,1,1,0,01,-,1,1,1,66,29/06/1956,1,02,3,2,2,01,5,5,2,1,001500,1, ,7694,0
00,1022,3,12A218,14,40044,1,1,0,03,-,2, , , , , , , , , , , , , , , ,1, ,0,0
00,1022,3,12A218,14,40044,1,1,0,08,-,1,3,2,32,18/02/1990,1,03,3,2,1,07, , , , , ,1,1,7694,23466
00,1022,3,12A218,14,40044,1,1,0,06,-,1,5,1,10,27/05/2012,1,02,4,1, , , , , , , ,1, ,7694,0
00,1022,3,12A218,14,40044,1,1,0,02,-,1,5,1,37,28/06/1985,1,02,4,2,1,01,5,5,3,1,001500,1, ,7694,0
00,1022,3,12A218,14,40044,1,1,0,07,-,1,5,2,10,18/02/2012,1,02,4,1, , , , , , , ,1, ,7694,0
00,1022,3,12A218,14,40044,1,1,0,04,-,1,5,1,13,27/07/2009,1,03,2,1,6,06, , , , , ,1, ,7694,0
00,1022,3,12A218,14,40044,3,1,0,01,-,1,1,2,52,24/04/1970,1,02,6,2,6,07, , , , , ,1, ,7694,0
00,1022,3,12A218,14,40044,3,1,0,02,-,1,3,1,31,31/07/1991,1,03,3,2,6,01,7,3,4,1,003000,1,1,7694,15644
00,1022,3,12A218,14,40044,3,1,0,03,-,1,3,1,17,29/10/2004,1,04,1,2,6,10, , , , , ,1, ,7694,0
00,1022,3,13A218,14,40045,2,1,0,03,-,1,3,2,19,22/08/2003,1,04,3,1,6,06, , , , , ,1,1,11549,35176
00,1022,3,13A218,14,40045,4,1,0,01,-,1,1,1,58,02/03/1964,1,09,5,2,5,01,1,5,3,1,999999,1, ,11549,0
00,1022,3,13A218,14,40045,4,1,0,02,-,1,2,2,50,03/12/1971,1,09,4,2,5,01,5,5,2,1,999999,1,1,11549,23451
00,1022,3,13A218,14,40045,3,1,0,01,-,1,1,1,67,05/09/1955,1,07,5,2,5,08, , , , , ,1, ,11549,0
00,1022,3,13A218,14,40045,3,1,0,03,-,1,3,2,29,15/02/1993,1,07,4,2,6,01,5,5,3,2,999999,1, ,11549,0
00,1022,3,13A218,14,40045,2,1,0,02,-,1,2,2,46,15/01/1976,1,07,4,2,5,07, , , , , ,1, ,11549,0
00,1022,3,13A218,14,40045,3,1,0,02,-,1,2,2,67,05/10/1955,1,07,4,2,5,07, , , , , ,1, ,11549,0
00,1022,3,13A218,14,40045,4,1,0,03,-,1,3,1,13,21/09/2009,1,02,5,1,6,06, , , , , ,1, ,11549,0
00,1022,3,13A218,14,40045,4,1,0,04,-,1,3,2,11,15/12/2010,2,00, ,1, , , , , , , ,1, ,11549,0
00,1022,3,13A218,14,40045,2,1,0,01,-,1,1,1,50,23/10/1971,1,08,2,2,5,01,1,5,3,2,999999,1, ,11549,0
00,1022,3,13A218,14,40045,3,1,0,04,-,1,3,1,30,16/12/1991,1,07,5,2,6,01,1,5,3,2,999999,1,1,11549,46902
00,1022,3,11A218,14,40046,4,1,0,01,-,1,1,1,54,19/08/1968,1,03,2,2,5,01,5,5,3,2,004000,1,1,8182,49418
00,1022,3,11A218,14,40046,4,1,0,07,-,1,5,2,99, , , , , , , , , , , , ,1, ,8182,0
00,1022,3,11A218,14,40046,4,1,0,02,-,1,2,2,51,12/07/1971,1,02,6,2,5,07, , , , , ,1, ,8182,0
00,1022,3,11A218,14,40046,4,1,0,04,-,1,5,1,98, ,1,03,3,2,5,01,7,4,3,1,999999,1, ,8182,0
00,1022,3,11A218,14,40046,4,1,0,09,-,1,3,1,14,15/03/2008,1,03,3,1,6,06, , , , , ,1, ,8182,0
00,1022,3,11A218,14,40046,4,1,0,06,-,1,5,2,99, , , , , , , , , , , , ,1, ,8182,0
00,1022,3,11A218,14,40046,4,1,0,08,-,1,3,2,23,14/06/1999,1,04,3,2,6,01,7,2,3,1,999999,1, ,8182,0
00,1022,3,11A218,14,40046,2,1,0,04,-,1,3,1,19,18/08/2003,1,04,3,1,6,06, , , , , ,1,1,8182,32945
00,1022,3,11A218,14,40046,2,1,0,02,-,1,3,1,40,07/04/1982,1,04,2,2,6,01,5,7,3,2,999999,1, ,8182,0
00,1022,3,11A218,14,40046,2,1,0,01,-,1,1,2,59,08/01/1963,1,03,3,2,4,01,4,4,2,1,001500,1, ,8182,0
00,1022,3,11A218,14,40046,4,1,0,05,-,1,5,2,98, ,1,03,1,1,6,06, , , , , ,1, ,8182,0
00,1022,3,11A218,14,40046,4,1,0,03,-,1,3,2,25,23/03/1997,1,03,2,2,5,01,7,2,3,1,999999,1, ,8182,0
00,1022,3,11A218,14,40046,1,1,0,03,-,1,3,1,05,09/02/2017,2,00, ,1, , , , , , , ,1, ,8182,0
00,1022,3,11A218,14,40046,1,1,0,04,-,1,3,2,04,09/07/2018, , , , , , , , , , , ,1, ,8182,0
00,1022,3,11A218,14,40046,1,1,0,02,-,1,2,2,23,06/07/1999,1,03,3,2,1,01,4,5,3,1,003000,1,1,8182,16473
00,1022,3,11A218,14,40046,1,1,0,01,-,1,1,1,22,12/12/1999,1,04,2,2,1,01,4,5,3,1,004000,1, ,8182,0
00,1022,3,11A218,14,40046,3,1,0,04,-,1,3,2,03,20/05/2019, , , , , , , , , , , ,1, ,8182,0
00,1022,3,11A218,14,40046,3,1,0,05,-,1,3,1,01,31/03/2021, , , , , , , , , , , ,1, ,8182,0
00,1022,3,11A218,14,40046,3,1,0,01,-,1,1,1,30,14/04/1992,1,04,3,2,5,01,4,4,3,1,001800,1, ,8182,0
00,1022,3,11A218,14,40046,2,1,0,03,-,1,3,1,22,30/06/2000,1,04,3,2,6,01,1,5,2,1,999999,1, ,8182,0
00,1022,3,11A218,14,40046,3,1,0,03,-,1,3,1,04,03/11/2017, , , , , , , , , , , ,1, ,8182,0
00,1022,3,11A218,14,40046,3,1,0,02,-,1,2,2,29,22/08/1993,1,03,3,2,5,07, , , , , ,1,1,8182,16473
00,1022,7,11A204,14,40055,1,1,0,02,-,1,2,2,60,27/11/1961,1,03,3,2,5,07, , , , , ,1, ,6515,0
00,1022,7,11A204,14,40055,3,1,0,01,-,1,1,1,52,17/02/1970,1,03,3,2,5,01,7,3,4,1,003500,1, ,6515,0
00,1022,7,11A204,14,40055,1,1,0,03,-,1,3,2,38,27/05/1984,1,03,3,2,6,01,1,5,2,1,003500,1, ,6515,0
00,1022,7,11A204,14,40055,1,1,0,04,-,1,3,2,37,09/02/1985,1,07,1,2,6,01,3,2,3,2,999999,1, ,6515,0
00,1022,7,11A204,14,40055,1,1,0,01,-,1,1,1,64,09/03/1958,1,03,3,2,5,08, , , , , ,1, ,6515,0
00,1022,7,11A204,14,40055,1,1,0,06,-,1,3,1,28,16/08/1994,1,07,4,2,6,01,4,4,3,1,002000,1,1,6515,39349
00,1022,7,11A204,14,40055,2,1,0,01,-,1,1,2,75,15/07/1947,1,06,3,2,5,02,3,4,6,5, ,1, ,6515,0
00,1022,7,11A204,14,40055,2,1,0,02,-,1,2,1,77,18/08/1945,1,04,3,2,5,01,4,4,1,1,005000,1,1,6515,13116
00,1022,7,11A204,14,40055,4,1,0,03,-,1,3,2,10,01/08/2012,1,02,3,1, , , , , , , ,1, ,6515,0
00,1022,7,11A204,14,40055,4,1,0,01,-,1,1,1,43,02/08/1979,1,02,6,2,1,01,7,2,2,1,003000,1,1,6515,13116
00,1022,7,11A204,14,40055,4,1,0,02,-,1,2,2,30,02/08/1992,1,04,3,2,1,02,4,2,6,5, ,1, ,6515,0
00,1022,7,11A204,14,40055,4,1,0,04,-,1,3,2,06,02/08/2016,2,01,1,1, , , , , , , ,1, ,6515,0
00,1022,7,11A204,14,40055,4,1,0,05,-,1,3,1,04,02/08/2018, , , , , , , , , , , ,1, ,6515,0
00,1022,7,11A204,14,40055,3,1,0,02,-,1,3,1,23,03/08/1999,1,07,4,2,6,01,7,2,3,2,999999,1,1,6515,13116
00,1022,7,11A204,14,40055,1,1,0,05,-,1,3,2,34,02/08/1988,1,03,3,2,6,01,5,5,2,1,999999,1, ,6515,0
00,1022,7,12A204,14,40093,1,1,0,02,-,1,3,2,41,30/08/1981,1,07,4,2,6,07, , , , , ,1,1,8546,26065
00,1022,7,12A204,14,40093,1,1,0,03,-,1,3,1,98, ,1,04,3,2,6,01,7,2,3,2,999999,1, ,8546,0
00,1022,7,12A204,14,40093,4,1,1,02,-,1,2,2,27,11/02/1995,1,04,3,2,5,01,5,4,2,1,002500,1, ,8546,0
00,1022,7,12A204,14,40093,4,1,1,01,-,1,1,1,27,27/10/1994,1,07,3,2,5,01,5,4,2,1,002500,1,1,8546,17376
00,1022,7,12A204,14,40093,3,1,0,08,-,1,7,2,00,22/04/2022, , , , , , , , , , , ,1, ,8546,0
00,1022,7,12A204,14,40093,3,1,0,07,-,1,7,1,08,08/01/2014,1,02,1,1, , , , , , , ,1, ,8546,0
00,1022,7,12A204,14,40093,3,1,0,05,-,1,7,2,06,31/12/2015,2,01,3,1, , , , , , , ,1, ,8546,0
00,1022,7,12A204,14,40093,3,1,0,06,-,1,7,2,10,19/11/2011,1,02,4,1, , , , , , , ,1, ,8546,0
00,1022,7,12A204,14,40093,3,1,0,03,-,1,6,2,39,22/10/1982,1,04,3,2,6,01,4,4,3,3,008000,1, ,8546,0
00,1022,7,12A204,14,40093,3,1,0,01,-,1,1,1,42,11/01/1980,1,06,2,2,6,01,4,4,3,2,999999,1,1,8546,34753
00,1022,7,12A204,14,40093,3,1,0,04,-,1,6,1,31,10/10/1990,1,04,1,1,6,01,4,4,3,2,999999,1, ,8546,0
00,1022,7,12A204,14,40093,3,1,0,02,-,1,6,2,41,27/02/1981,1,07,4,2,2,01,4,4,3,2,006000,1, ,8546,0
00,1022,7,12A204,14,40093,2,1,0,02,-,1,2,2,68,19/07/1954,1,02,6,2,5,08, , , , , ,1,1,8546,17376
00,1022,7,12A204,14,40093,2,1,0,01,-,1,1,1,68,23/08/1954,1,02,6,2,5,08, , , , , ,1, ,8546,0
00,1022,7,12A204,14,40093,1,1,0,01,-,1,1,2,50,30/06/1972,1,99, ,2,9,07, , , , , ,1, ,8546,0
00,1022,7,11A204,14,40096,4,1,0,01,-,1,1,1,61,11/02/1961,1,02,4,2,2,08, , , , , ,1,1,10147,30644
00,1022,7,11A204,14,40096,4,1,0,02,-,1,3,1,31,26/09/1991,1,04,3,2,6,01,7,2,3,2,003100,1, ,10147,0
00,1022,7,11A204,14,40096,4,1,0,03,-,1,3,2,25,28/09/1997,2,00, ,2,6,07, , , , , ,1, ,10147,0
00,1022,7,11A204,14,40096,3,1,0,04,-,1,3,2,14,21/07/2008,1,03,1,1,6,06, , , , , ,1, ,10147,0
00,1022,7,11A204,14,40096,3,1,0,06,-,1,7,1,23,06/07/1999,1,03,3,2,6,01,7,3,3,1,999999,1, ,10147,0
00,1022,7,11A204,14,40096,3,1,0,02,-,1,2,2,36,19/03/1986,1,02,6,2,1,07, , , , , ,1,1,10147,40858
00,1022,7,11A204,14,40096,1,1,0,02,-,1,7,1,28,07/03/1994,1,07,4,2,6,01,4,4,2,1,003000,1, ,10147,0
00,1022,7,11A204,14,40096,3,1,0,01,-,1,1,1,36,08/10/1985,1,03,2,2,1,01,7,2,4,1,002700,1, ,10147,0
00,1022,7,11A204,14,40096,3,1,0,05,-,1,3,1,02,09/10/2019, , , , , , , , , , , ,1, ,10147,0
00,1022,7,11A204,14,40096,2,1,2,02,-,1,2,2,41,16/06/1981,1,03,3,2,1,07, , , , , ,1, ,10147,0
00,1022,7,11A204,14,40096,2,1,2,01,-,1,1,1,50,05/01/1972,1,04,3,2,1,01,5,5,2,1,002300,1,1,10147,20429
00,1022,7,11A204,14,40096,1,1,0,01,-,1,1,2,57,02/06/1965,1,08,2,2,3,01,3,5,3,2,005000,1,1,10147,20429
00,1022,7,11A204,14,40096,3,1,0,03,-,1,3,1,19,26/09/2003,1,04,2,2,6,04, , , , , ,1, ,10147,0
00,1022,7,12A204,14,40098,3,1,0,01,-,1,1,2,80,14/07/1942,1,02,3,2,4,07, , , , , ,1,1,7166,14570
00,1022,7,12A204,14,40098,3,1,0,02,-,1,3,2,48,16/07/1974,1,04,3,2,6,01,7,2,3,2,999999,1, ,7166,0
00,1022,7,12A204,14,40098,4,1,0,02,-,1,2,1,61,09/05/1961,1,07,5,2,5,01,7,2,2,1,002500,1, ,7166,0
00,1022,7,12A204,14,40098,4,1,0,05,-,1,3,1,27,27/05/1995,1,04,1,2,6,02,7,2,6,5, ,1, ,7166,0
00,1022,7,12A204,14,40098,4,1,0,03,-,1,3,1,36,04/07/1986,1,07,5,2,6,01,7,2,3,1,002800,1, ,7166,0
00,1022,7,12A204,14,40098,4,1,0,04,-,1,3,2,33,02/04/1989,1,07,5,2,6,01,1,5,3,2,006000,1, ,7166,0
00,1022,7,12A204,14,40098,4,1,0,01,-,1,1,2,61,12/07/1961,1,07,5,2,5,07, , , , , ,1,1,7166,36425
00,1022,7,12A204,14,40098,1,1,0,01,-,1,1,1,44,18/01/1978,1,07,5,2,5,01,7,3,2,1,003000,1, ,7166,0
00,1022,7,12A204,14,40098,1,1,0,02,-,1,2,2,44,01/06/1978,1,07,4,2,5,01,1,5,3,2,006500,1,1,7166,14570
00,1022,7,12A204,14,40098,2,1,0,01,-,1,1,1,31,23/04/1991,1,03,3,2,1,01,4,4,2,1,002500,1, ,7166,0
00,1022,7,12A204,14,40098,2,1,0,03,-,1,3,1,09,05/09/2013,1,02,2,1, , , , , , , ,1, ,7166,0
00,1022,7,12A204,14,40098,2,1,0,04,-,1,3,2,10,13/09/2012,1,02,3,1, , , , , , , ,1, ,7166,0
00,1022,7,12A204,14,40098,2,1,0,02,-,1,2,2,32,03/12/1989,1,03,3,2,1,07, , , , , ,1,1,7166,14570
00,1022,3,11A218,14,40136,2,1,0,01,-,1,1,1,24,27/10/1997,1,03,3,2,1,01,5,5,3,2,999999,1,1,9577,19282
00,1022,3,11A218,14,40136,3,1,0,01,-,1,1,2,36,13/10/1986,1,04,3,2,6,01,5,5,3,1,999999,1,1,9577,9641
00,1022,3,11A218,14,40136,2,1,0,03,-,1,3,2,05,10/04/2017,2,01,1,1, , , , , , , ,1, ,9577,0
00,1022,3,11A218,14,40136,4,1,0,09,-,1,5,2,09,12/05/2013,1,02,3,1, , , , , , , ,1, ,9577,0
00,1022,3,11A218,14,40136,4,1,0,06,-,1,3,2,32,19/09/1990,1,03,3,2,5,01,5,5,3,1,999999,1, ,9577,0
00,1022,3,11A218,14,40136,4,1,0,05,-,1,5,1,32,11/05/1990,1,00, ,2,5,01,5,5,3,1,999999,1, ,9577,0
00,1022,3,11A218,14,40136,4,1,0,10,-,1,5,2,07,15/06/2015,2,01,3,1, , , , , , , ,1, ,9577,0
00,1022,3,11A218,14,40136,4,1,0,07,-,1,5,1,14,31/10/2007,1,03,1,1,6,06, , , , , ,1, ,9577,0
00,1022,3,11A218,14,40136,4,1,0,01,-,1,1,1,51,15/12/1970,1,02,1,2,1,01,5,5,3,1,999999,1, ,9577,0
00,1022,3,11A218,14,40136,4,1,0,02,-,1,2,2,61,20/08/1961,1,02,2,2,1,01,5,5,3,1,999999,1,1,9577,57847
00,1022,3,11A218,14,40136,4,1,0,04,-,1,7,2,58,03/08/1964,2,00, ,2,6,07, , , , , ,1, ,9577,0
00,1022,3,11A218,14,40136,4,1,0,03,-,1,4,2,77,30/06/1945,1,02,1,2,4,07, , , , , ,1, ,9577,0
00,1022,3,11A218,14,40136,4,1,0,08,-,1,5,1,13,15/07/2009,1,02,6,1,6,06, , , , , ,1, ,9577,0
00,1022,3,11A218,14,40136,3,1,0,03,-,1,3,2,12,28/07/2010,1,02,6,1,6,06, , , , , ,1, ,9577,0
00,1022,3,11A218,14,40136,3,1,0,02,-,1,3,2,14,25/08/2008,1,03,1,1,6,06, , , , , ,1, ,9577,0
00,1022,3,11A218,14,40136,2,1,0,02,-,1,2,2,24,07/11/1997,1,03,3,2,1,07, , , , , ,1, ,9577,0
00,1022,7,13A204,14,40143,1,1,0,03,-,1,3,1,21,15/03/2001,1,07,2,1,6,06, , , , , ,1, ,10517,0
00,1022,7,13A204,14,40143,1,1,0,01,-,1,1,1,56,12/07/1966,1,04,3,2,5,01,5,5,3,2,999999,1, ,10517,0
00,1022,7,13A204,14,40143,1,1,0,02,-,1,2,2,56,11/11/1965,1,04,3,2,5,07, , , , , ,1,1,10517,32036
00,1022,7,13A204,14,40143,3,1,0,01,-,1,1,2,69,11/01/1953,1,07,4,2,6,01,4,4,2,1,999999,1,1,10517,10679
00,1022,7,13A204,14,40143,4,1,1,01,-,1,1,1,31,28/12/1990,1,04,3,2,5,01,5,6,3,2,999999,1,1,10517,21357
00,1022,7,13A204,14,40143,4,1,1,03,-,1,3,1,03,25/02/2019, , , , , , , , , , , ,1, ,10517,0
00,1022,7,13A204,14,40143,4,1,1,02,-,1,2,2,32,02/02/1990,1,04,3,2,5,07, , , , , ,1, ,10517,0
00,1022,7,13A204,14,40147,1,1,0,02,-,1,2,2,76,09/08/1946,1,07,5,2,5,07, , , , , ,1, ,9732,0
00,1022,7,13A204,14,40147,1,1,0,01,-,1,1,1,76,10/10/1945,1,07,5,2,5,10, , , , , ,1,1,9732,29642
00,1022,7,13A204,14,40147,1,1,0,03,-,1,3,2,48,10/01/1974,1,07,4,2,6,01,1,5,3,2,999999,1, ,9732,0
00,1022,7,13A204,14,40147,2,1,1,02,-,1,8,1,27,09/11/1994,1,07,5,2,6,01,1,5,3,2,999999,1, ,9732,0
00,1022,7,13A204,14,40147,2,1,1,01,-,1,1,1,27,07/03/1995,1,07,5,2,6,01,1,5,3,2,999999,1,1,9732,19761
00,1022,7,13A204,14,40147,4,1,1,02,-,1,3,2,06,16/06/2016,1,02,1,1, , , , , , , ,1, ,9732,0
00,1022,7,13A204,14,40147,4,1,1,01,-,1,1,2,39,01/11/1982,1,07,4,2,6,01,4,4,3,3,010000,1,1,9732,9881
14,1022,3,12A218,14,40176,2,1,0,04,-,1,3,2,02,07/04/2020, , , , , , , , , , , ,1, ,7975,0
14,1022,3,12A218,14,40176,2,1,0,03,-,1,3,2,11,11/04/2011,1,02,5,1, , , , , , , ,1, ,7975,0
14,1022,3,12A218,14,40176,2,1,0,02,-,1,2,2,39,28/01/1983,1,04,3,2,5,01,3,4,3,2,004000,1, ,7975,0
14,1022,3,12A218,14,40176,2,1,0,01,-,1,1,1,42,07/01/1980,1,03,3,2,5,01,5,5,3,1,004000,1, ,7975,0
00,1022,3,12A218,14,40176,3,1,0,01,-,1,1,1,59,10/06/1963,1,03,3,2,5,01,7,2,3,1,999999,1, ,7975,0
00,1022,3,12A218,14,40176,3,1,0,02,-,1,2,2,54,01/05/1968,1,02,6,2,5,01,4,5,3,1,001400,1, ,7975,0
00,1022,3,12A218,14,40176,3,1,0,03,-,1,3,1,30,29/08/1992,1,07,4,2,6,01,3,5,3,2,999999,1,1,7975,24323
00,1022,3,12A218,14,40176,4,1,0,02,-,1,2,2,39,01/12/1982,1,04,3,2,5,01,5,5,3,1,999999,1, ,7975,0
00,1022,3,12A218,14,40176,4,1,0,01,-,1,1,1,43,10/09/1979,1,04,3,2,5,01,7,2,3,1,999999,1,1,7975,32431
00,1022,3,12A218,14,40176,4,1,0,04,-,1,3,1,19,16/07/2003,1,07,1,1,6,06, , , , , ,1, ,7975,0
00,1022,3,12A218,14,40176,4,1,0,03,-,1,3,2,20,15/01/2002,1,07,1,1,6,01,5,5,3,1,000500,1, ,7975,0
00,1022,3,12A218,14,40176,1,1,0,01,-,1,1,1,45,10/12/1976,1,07,5,2,5,01,3,5,3,2,999999,1,1,7975,32431
00,1022,3,12A218,14,40176,1,1,0,03,-,1,3,1,20,15/05/2002,1,07,1,1,6,04, , , , , ,1, ,7975,0
00,1022,3,12A218,14,40176,1,1,0,05,-,1,3,1,13,01/07/2009,1,03,2,1,6,06, , , , , ,1, ,7975,0
00,1022,3,12A218,14,40176,1,1,0,02,-,1,2,2,38,16/01/1984,1,04,3,2,5,07, , , , , ,1, ,7975,0
00,1022,3,12A218,14,40176,1,1,0,04,-,1,3,1,18,05/01/2004,1,04,2,1,6,06, , , , , ,1, ,7975,0
00,1022,3,12A218,14,40178,4,1,0,02,-,1,3,2,27,07/02/1995,1,07,3,2,6,01,3,5,3,2,005000,1,1,7456,22739
00,1022,3,12A218,14,40178,2,1,0,02,-,1,3,1,22,12/04/2000,1,04,3,1,6,06, , , , , ,1, ,7456,0
00,1022,3,12A218,14,40178,2,1,0,04,-,1,3,1,08,23/01/2014,1,02,2,1, , , , , , , ,1, ,7456,0
00,1022,3,12A218,14,40178,2,1,0,03,-,1,3,2,10,09/07/2012,1,02,3,1, , , , , , , ,1, ,7456,0
00,1022,3,12A218,14,40178,2,1,0,01,-,1,1,2,42,21/12/1979,1,03,3,2,2,01,3,4,3,2,004900,1,1,7456,15159
00,1022,3,12A218,14,40178,1,1,0,06,-,1,3,2,09,11/07/2013,1,02,3,1, , , , , , , ,1, ,7456,0
00,1022,3,12A218,14,40178,1,1,0,01,-,1,1,1,43,09/02/1979,1,04,3,2,5,01,7,2,3,2,999999,1, ,7456,0
00,1022,3,12A218,14,40178,1,1,0,03,-,1,3,1,18,15/01/2004,1,04,3,1,6,01,5,5,3,1,001900,1, ,7456,0
00,1022,3,12A218,14,40178,1,1,0,07,-,1,3,2,07,15/05/2015,1,02,1,1, , , , , , , ,1, ,7456,0
00,1022,3,12A218,14,40178,1,1,0,05,-,1,3,1,13,27/05/2009,1,03,2,1,6,06, , , , , ,1, ,7456,0
00,1022,3,12A218,14,40178,1,1,0,04,-,1,3,2,15,09/05/2007,1,03,3,1,6,06, , , , , ,1, ,7456,0
00,1022,3,12A218,14,40178,1,1,0,02,-,1,2,2,40,24/12/1981,1,03,3,2,5,01,5,5,3,1,001500,1,1,7456,22739
00,1022,3,12A218,14,40178,3,1,0,03,-,1,3,1,41,12/11/1980,1,02,6,2,6,04, , , , , ,1,1,7456,30318
00,1022,3,12A218,14,40178,3,1,0,04,-,1,3,1,39,05/04/1983,1,03,3,2,6,01,7,3,3,1,001700,1, ,7456,0
00,1022,3,12A218,14,40178,3,1,0,02,-,1,2,2,64,21/05/1958,1,03,1,2,5,07, , , , , ,1, ,7456,0
00,1022,3,12A218,14,40178,3,1,0,01,-,1,1,1,67,05/07/1955,1,02,6,2,5,08, , , , , ,1, ,7456,0
00,1022,3,12A218,14,40178,4,1,0,03,-,1,3,1,19,31/05/2003,1,04,2,1,6,06, , , , , ,1, ,7456,0
00,1022,3,12A218,14,40178,4,1,0,01,-,1,1,2,57,02/04/1965,1,04,3,2,2,01,5,5,3,2,999999,1, ,7456,0
00,1022,3,11A218,14,40182,1,1,0,03,-,1,3,1,14,01/11/2007,1,03,3,1,6,06, , , , , ,1, ,6655,0
00,1022,3,11A218,14,40182,3,1,0,01,-,1,1,2,49,17/07/1973,1,04,3,2,3,01,4,4,3,1,004000,1, ,6655,0
00,1022,3,11A218,14,40182,2,1,0,01,-,1,1,2,89,24/03/1933,1,02,2,2,4,07, , , , , ,1,1,6655,13399
00,1022,3,11A218,14,40182,3,1,0,03,-,1,3,2,26,26/05/1996,1,03,1,2,6,07, , , , , ,1, ,6655,0
00,1022,3,11A218,14,40182,4,1,0,05,-,1,4,2,71,11/07/1951,1,02,6,2,2,07, , , , , ,1, ,6655,0
00,1022,2,11A218,14,40182,4,1,0,04,-,2, , , , , , , , , , , , , , , ,1, ,0,0
00,1022,3,11A218,14,40182,4,1,0,01,-,1,1,1,34,06/10/1988,1,07,5,2,6,01,7,2,3,1,999999,1, ,6655,0
00,1022,3,11A218,14,40182,4,1,0,03,-,1,7,1,29,15/07/1993,1,03,3,1,6,06, , , , , ,1,1,6655,26798
00,1022,3,11A218,14,40182,4,1,0,02,-,1,7,1,28,15/06/1994,1,04,3,2,6,01,4,4,2,1,999999,1, ,6655,0
00,1022,3,11A218,14,40182,2,1,0,02,-,1,3,1,59,19/03/1963,1,03,3,2,3,01,4,4,3,1,002000,1, ,6655,0
00,1022,3,11A218,14,40182,1,1,0,04,-,1,3,1,07,30/01/2015,1,02,1,1, , , , , , , ,1, ,6655,0
00,1022,3,11A218,14,40182,3,1,0,02,-,1,3,1,25,08/07/1997,1,04,3,2,6,01,7,2,3,1,002600,1,1,6655,20098
00,1022,3,11A218,14,40182,1,1,0,02,-,1,2,2,36,29/04/1986,1,04,3,2,1,01,3,5,3,3,010000,1,1,6655,13399
00,1022,3,11A218,14,40182,1,1,0,01,-,1,1,1,37,10/04/1985,1,07,5,2,1,01,1,5,2,3,010000,1, ,6655,0
00,1022,7,12A204,14,40189,1,1,0,04,-,1,3,1,11,19/12/2010,1,02,5,1, , , , , , , ,1, ,6836,0
00,1022,7,12A204,14,40189,1,1,0,01,-,1,1,1,49,16/08/1973,1,03,3,1,5,01,7,2,3,1,001600,1, ,6836,0
00,1022,7,12A204,14,40189,1,1,0,03,-,1,3,2,21,24/02/2001,1,04,2,2,6,07, , , , , ,1,1,6836,27798
00,1022,7,12A204,14,40189,2,1,0,02,-,1,3,1,21,01/01/2001,1,04,3,2,6,01,5,5,3,1,001500,1, ,6836,0
00,1022,2,12A204,14,40189,1,1,0,02,-,2, , , , , , , , , , , , , , , ,1, ,0,0
00,1022,7,12A204,14,40189,2,1,0,03,-,1,6,1,64,12/09/1958,1,02,6,2,2,08, , , , , ,1, ,6836,0
00,1022,7,12A204,14,40189,2,1,0,01,-,1,1,2,57,09/06/1965,1,06,3,2,6,01,5,5,3,3,006000,1,1,6836,20849
00,1022,7,12A204,14,40189,1,1,0,05,-,1,2,2,47,16/04/1975,1,03,3,1,5,06, , , , , ,1, ,6836,0
00,1022,7,12A204,14,40189,1,1,0,06,-,1,7,2,21,24/02/2001,1,07,1,1,6,06, , , , , ,1, ,6836,0
00,1022,6,13A205,14,40232,4,1,0,02,-,1,6,2,22,13/09/2000,1,07,3,1,6,06, , , , , ,1, ,12170,0
00,1022,6,13A205,14,40232,3,1,0,02,-,1,2,2,78,24/11/1943,1,04,3,2,5,07, , , , , ,1,1,12170,24713
00,1022,6,13A205,14,40232,1,1,0,03,-,1,3,2,01,18/05/2021, , , , , , , , , , , ,1, ,12170,0
00,1022,6,13A205,14,40232,1,1,0,01,-,1,1,1,42,25/09/1980,1,04,3,2,1,01,5,5,3,1,999999,1,1,12170,24713
00,1022,6,13A205,14,40232,1,1,0,02,-,1,2,2,39,07/06/1983,1,07,4,2,1,01,5,5,3,2,999999,1, ,12170,0
00,1022,6,13A205,14,40232,3,1,0,01,-,1,1,1,86,08/01/1936,1,07,5,2,5,10, , , , , ,1, ,12170,0
00,1022,6,13A205,14,40232,2,1,0,02,-,1,2,2,24,15/06/1998,1,07,3,2,5,01,3,5,3,2,999999,1, ,12170,0
00,1022,6,13A205,14,40232,2,1,0,01,-,1,1,1,27,20/12/1994,1,07,3,2,5,01,5,5,3,2,999999,1,1,12170,24713
00,1022,6,13A205,14,40232,4,1,0,01,-,1,1,1,28,14/06/1994,1,07,3,2,6,01,5,5,3,2,999999,1,1,12170,24713
00,1022,2,13B211,14,40269,4,1,0,01,-,1,1,2,77,01/08/1945,1,04,3,2,5,07, , , , , ,1, ,8057,0
00,1022,2,13B211,14,40269,4,1,0,03,-,1,5,1,25,25/04/1997,1,07,5,2,6,01,1,2,3,1,999999,1, ,8057,0
00,1022,2,13B211,14,40269,4,1,0,02,-,1,2,1,81,15/09/1941,1,07,4,2,5,01,1,5,3,2,999999,1,1,8057,32721
00,1022,2,13B211,14,40269,4,1,0,04,-,1,3,2,52,01/04/1970,1,07,5,2,5,01,1,3,3,2,999999,1, ,8057,0
00,1022,2,13B211,14,40269,2,1,0,02,-,1,2,2,45,10/11/1976,1,07,4,2,5,07, , , , , ,1,1,8057,16361
00,1022,2,13B211,14,40269,2,1,0,04,-,1,3,1,10,18/08/2012,1,02,5,1, , , , , , , ,1, ,8057,0
00,1022,2,13B211,14,40269,2,1,0,05,-,1,3,1,05,09/12/2016,1,02,1,1, , , , , , , ,1, ,8057,0
00,1022,2,13B211,14,40269,2,1,0,01,-,1,1,1,52,04/02/1970,1,08,2,2,5,01,1,5,2,2,999999,1, ,8057,0
00,1022,2,13B211,14,40269,2,1,0,03,-,1,3,2,17,06/10/2005,1,04,2,1,6,06, , , , , ,1, ,8057,0
00,1022,2,12B211,14,40274,4,1,0,03,-,1,5,1,21,27/08/2001,1,03,3,2,6,01,7,2,3,1,002000,1,1,7250,22111
00,1022,2,12B211,14,40274,4,1,0,01,-,1,1,2,68,13/03/1954,1,02,6,2,4,07, , , , , ,1, ,7250,0
00,1022,2,12B211,14,40274,4,1,0,02,-,1,3,2,46,03/04/1976,1,03,3,2,5,01,7,2,3,1,001800,1, ,7250,0
00,1022,2,12B211,14,40274,1,1,0,04,-,1,3,1,16,13/11/2005,1,03,3,2,6,10, , , , , ,1, ,7250,0
00,1022,2,12B211,14,40274,1,1,0,03,-,1,3,1,20,13/04/2002,1,03,3,2,6,01,7,2,3,1,001800,1, ,7250,0
00,1022,2,12B211,14,40274,1,1,0,06,-,1,6,1,37,18/07/1985,1,04,3,1,6,01,7,2,3,1,002000,1,1,7250,29481
00,1022,2,12B211,14,40274,1,1,0,05,-,1,3,1,06,28/09/2016,2,01,3,1, , , , , , , ,1, ,7250,0
00,1022,2,12B211,14,40274,1,1,0,01,-,1,1,1,48,17/06/1974,1,03,3,2,5,01,7,2,3,1,002500,1, ,7250,0
00,1022,2,12B211,14,40274,1,1,0,02,-,1,2,2,44,21/04/1978,1,02,5,2,5,07, , , , , ,1, ,7250,0
00,1022,2,12B211,14,40274,2,1,0,02,-,1,6,1,54,18/03/1968,1,07,5,2,6,01,7,5,3,1,002000,1,1,7250,14740
00,1022,2,12B211,14,40274,2,1,0,01,-,1,1,2,53,22/09/1969,1,06,2,2,6,01,3,5,3,2,005500,1, ,7250,0
00,1022,2,12B211,14,40274,3,1,0,01,-,1,1,2,26,20/05/1996,1,07,1,1,6,01,3,5,3,1,001200,1,1,7250,7371
00,1022,2,13B211,14,40275,3,1,0,01,-,1,1,1,66,29/05/1956,1,07,5,2,5,08, , , , , ,1,1,10577,32216
00,1022,2,13B211,14,40275,1,1,0,04,-,1,3,1,23,27/08/1999,1,08,4,2,6,01,4,4,3,1,999999,1, ,10577,0
00,1022,2,13B211,14,40275,3,1,0,02,-,1,2,2,65,24/08/1957,1,07,4,2,5,08, , , , , ,1, ,10577,0
00,1022,2,13B211,14,40275,4,1,0,02,-,1,2,2,52,08/07/1970,1,07,5,2,5,07, , , , , ,1, ,10577,0
00,1022,2,13B211,14,40275,4,1,0,04,-,1,3,2,13,04/08/2009,1,03,2,1,6,06, , , , , ,1, ,10577,0
00,1022,2,13B211,14,40275,4,1,0,01,-,1,1,1,48,22/10/1973,1,07,5,2,5,01,5,5,3,1,999999,1, ,10577,0
00,1022,2,13B211,14,40275,4,1,0,03,-,1,3,1,18,20/10/2003,1,07,2,1,6,04, , , , , ,1,1,10577,32216
00,1022,2,13B211,14,40275,1,1,0,02,-,1,3,2,30,27/01/1992,1,07,5,2,6,01,5,5,3,1,001600,1,1,10577,42954
00,1022,2,13B211,14,40275,1,1,0,03,-,1,3,2,27,30/04/1995,1,07,5,2,6,04, , , , , ,1, ,10577,0
00,1022,2,13B211,14,40275,1,1,0,01,-,1,1,1,62,17/07/1960,1,09,2,2,4,08, , , , , ,1, ,10577,0
00,1022,2,13B211,14,40275,2,1,0,04,-,3,3,1,25,20/04/1997,1,07,4,2,6,01,1,5,3,2,006500,1, ,10577,0
00,1022,2,13B211,14,40275,2,1,0,03,-,3,2,1,50,22/06/1972,1,04,3,2,5,01,1,5,3,2,999999,1, ,10577,0
00,1022,2,13B211,14,40275,2,1,0,05,-,3,3,1,20,28/02/2002,1,07,1,1,6,04, , , , , ,1, ,10577,0
00,1022,2,13B211,14,40275,2,1,0,02,-,1,3,2,28,01/03/1994,1,07,4,2,6,01,1,5,3,2,999999,1, ,10577,0
00,1022,2,13B211,14,40275,2,1,0,01,-,1,1,2,50,20/09/1972,1,07,4,2,5,01,1,7,3,2,007000,1,1,10577,53693
00,1022,2,13B211,14,40275,3,1,0,03,-,1,7,2,31,16/06/1991,1,07,4,2,6,01,1,5,3,2,005000,1, ,10577,0
00,1022,6,12A205,14,40278,1,1,0,02,-,1,2,2,73,05/08/1949,1,02,6,2,5,07, , , , , ,1, ,8453,0
00,1022,6,12A205,14,40278,1,1,0,01,-,1,1,1,79,23/05/1943,1,02,6,2,5,08, , , , , ,1,1,8453,17187
00,1022,6,12A205,14,40278,3,1,0,01,-,1,1,2,41,26/02/1981,1,07,4,2,5,01,3,5,3,2,005000,1, ,8453,0
00,1022,6,12A205,14,40278,3,1,0,02,-,1,2,1,40,01/08/1982,1,07,3,2,5,01,1,2,3,2,008000,1,1,8453,17187
00,1022,6,12A205,14,40278,3,1,0,04,-,1,3,2,05,20/07/2017,1,02,1,1, , , , , , , ,1, ,8453,0
00,1022,6,12A205,14,40278,3,1,0,03,-,1,3,1,10,04/07/2012,1,02,3,1, , , , , , , ,1, ,8453,0
00,1022,6,12A205,14,40278,4,1,0,01,-,1,1,2,60,20/03/1962,1,03,3,2,2,07, , , , , ,1,1,8453,34374
00,1022,6,12A205,14,40278,4,1,0,03,-,1,3,2,29,15/06/1993,1,07,3,2,6,04, , , , , ,1, ,8453,0
00,1022,6,12A205,14,40278,4,1,0,02,-,1,3,2,31,04/06/1991,1,06,2,2,6,01,3,5,3,2,005200,1, ,8453,0
00,1022,6,12A205,14,40278,4,1,0,04,-,1,3,2,22,15/06/2000,1,04,3,1,6,01,5,5,3,2,003400,1, ,8453,0
00,1022,6,12A205,14,40281,1,1,0,01,-,1,1,2,70,18/08/1952,1,07,4,2,5,07, , , , , ,1,1,7811,23822
00,1022,6,12A205,14,40281,2,1,0,02,-,1,2,2,56,02/04/1966,1,05,4,2,5,01,1,7,3,2,007000,1,1,7811,15881
00,1022,6,12A205,14,40281,4,1,0,03,-,1,3,1,31,07/01/1991,1,07,3,2,6,01,5,5,3,1,002100,1, ,7811,0
00,1022,6,12A205,14,40281,4,1,0,01,-,1,1,1,62,18/02/1960,1,04,2,2,5,08, , , , , ,1,1,7811,39703
00,1022,6,12A205,14,40281,4,1,0,05,-,1,3,2,25,19/05/1997,1,07,4,2,6,01,4,4,3,1,001600,1, ,7811,0
00,1022,6,12A205,14,40281,4,1,0,04,-,1,3,2,28,05/11/1993,1,07,2,2,6,01,5,5,3,2,003800,1, ,7811,0
00,1022,6,12A205,14,40281,4,1,0,02,-,1,2,2,59,26/01/1963,1,02,6,2,5,07, , , , , ,1, ,7811,0
00,1022,6,12A205,14,40281,3,1,1,02,-,1,3,2,19,12/10/2003,1,04,3,1,6,01,4,4,3,1,002200,1,1,7811,15881
00,1022,6,12A205,14,40281,2,1,0,01,-,1,1,1,58,27/12/1963,1,03,3,2,5,01,1,5,3,2,007000,1, ,7811,0
00,1022,6,12A205,14,40281,1,1,0,03,-,1,3,2,33,07/08/1989,1,07,4,2,3,01,4,4,3,1,001600,1, ,7811,0
00,1022,6,12A205,14,40281,1,1,0,04,-,1,5,2,12,29/04/2010,1,02,5,1,6,06, , , , , ,1, ,7811,0
00,1022,6,12A205,14,40281,1,1,0,02,-,1,3,1,35,10/05/1987,1,07,4,2,2,01,7,2,3,2,999999,1, ,7811,0
00,1022,6,12A205,14,40281,3,1,1,03,-,1,3,2,10,03/08/2012,1,02,5,1, , , , , , , ,1, ,7811,0
00,1022,6,12A205,14,40281,3,1,1,01,-,1,1,2,46,16/04/1976,1,02,6,2,6,01,4,4,2,1,001300,1, ,7811,0
00,1022,6,12A205,14,40285,3,1,0,01,-,1,1,2,56,02/09/1966,1,07,4,2,3,01,1,5,3,2,999999,1, ,14821,0
00,1022,6,12A205,14,40285,3,1,0,02,-,1,3,1,26,22/08/1996,1,07,3,1,6,06, , , , , ,1, ,14821,0
14,1022,6,12A205,14,40285,2,1,0,03,-,1,3,2,25,27/04/1997,1,07,4,2,6,01,1,5,3,2,999999,1, ,14821,0
14,1022,6,12A205,14,40285,2,1,0,01,-,1,1,2,51,22/12/1970,1,07,4,2,3,01,3,5,3,1,001500,1, ,14821,0
14,1022,6,12A205,14,40285,2,1,0,02,-,2, , , , , , , , , , , , , , , ,1, ,0,0
00,1022,6,12A205,14,40285,4,1,0,01,-,1,1,1,45,28/10/1976,1,03,3,2,1,01,4,4,2,1,003000,1, ,14821,0
00,1022,6,12A205,14,40285,3,1,0,03,-,1,3,2,21,26/03/2001,1,07,3,1,6,06, , , , , ,1,1,14821,45204
00,1022,6,12A205,14,40285,4,1,0,02,-,1,2,2,37,12/07/1985,1,03,3,2,1,01,4,4,2,1,003000,1,1,14821,30135
00,1022,2,12B211,14,40314,1,1,0,01,-,1,1,2,64,23/09/1958,1,03,3,2,5,07, , , , , ,1,1,7832,31847
00,1022,2,12B211,14,40314,3,1,0,02,-,1,6,2,53,29/04/1969,1,03,3,2,6,01,5,5,3,1,002000,1, ,7832,0
00,1022,2,12B211,14,40314,1,1,0,05,-,1,5,1,16,16/07/2006,1,03,2,1,6,06, , , , , ,1, ,7832,0
00,1022,2,12B211,14,40314,1,1,0,06,-,1,5,2,13,11/12/2008,1,02,6,1,6,06, , , , , ,1, ,7832,0
00,1022,2,12B211,14,40314,1,1,0,02,-,1,2,1,70,22/10/1951,1,03,3,2,5,08, , , , , ,1, ,7832,0
00,1022,2,12B211,14,40314,1,1,0,04,-,1,3,2,34,21/04/1988,1,04,3,2,5,01,4,4,5,1,999999,1, ,7832,0
00,1022,2,12B211,14,40314,1,1,0,07,-,1,5,1,04,31/10/2017, , , , , , , , , , , ,1, ,7832,0
00,1022,2,12B211,14,40314,2,1,0,02,-,1,3,1,51,21/10/1970,1,07,4,2,6,01,5,5,3,3,014000,1,1,7832,23886
00,1022,2,12B211,14,40314,2,1,0,03,-,1,2,1,89,04/11/1932,1,07,3,2,5,08, , , , , ,1, ,7832,0
00,1022,2,12B211,14,40314,2,1,0,01,-,1,1,2,88,22/06/1934,1,03,3,2,5,08, , , , , ,1, ,7832,0
00,1022,2,12B211,14,40314,3,1,0,04,-,1,7,2,18,22/01/2004,1,03,3,1,6,06, , , , , ,1, ,7832,0
00,1022,2,12B211,14,40314,3,1,0,05,-,1,5,1,05,24/01/2017,2,01,3,1, , , , , , , ,1, ,7832,0
00,1022,2,12B211,14,40314,3,1,0,03,-,1,3,2,23,10/11/1998,1,04,2,2,6,01,4,4,3,1,002500,1,1,7832,31847
00,1022,2,12B211,14,40314,3,1,0,01,-,1,1,2,54,25/11/1967,1,03,3,2,2,07, , , , , ,1, ,7832,0
00,1022,2,12B211,14,40314,1,1,0,03,-,1,5,1,37,16/05/1985,1,04,3,2,5,01,3,7,3,2,004000,1, ,7832,0
00,1022,2,11B211,14,40320,3,1,0,05,-,1,3,2,99, , , , , , , , , , , , ,1, ,8725,0
00,1022,2,11B211,14,40320,3,1,0,03,-,2, , , , , , , , , , , , , , , ,1, ,0,0
00,1022,2,11B211,14,40320,4,1,0,03,-,1,3,2,00,09/05/2022, , , , , , , , , , , ,1, ,8725,0
00,1022,2,11B211,14,40320,4,1,0,02,-,1,2,2,30,05/11/1991,1,03,3,2,1,07, , , , , ,1,1,8725,17568
00,1022,2,11B211,14,40320,4,1,0,01,-,1,1,1,21,10/02/2001,1,04,3,2,1,01,1,5,2,1,002500,1, ,8725,0
00,1022,2,11B211,14,40320,3,1,0,01,-,1,1,1,31,11/02/1991,1,07,4,2,1,01,7,2,3,1,002000,1,1,8725,26351
00,1022,2,11B211,14,40320,3,1,0,06,-,1,3,1,99, , , , , , , , , , , , ,1, ,8725,0
00,1022,2,11B211,14,40320,3,1,0,02,-,1,2,2,40,16/08/1982,1,04,3,2,1,01,7,2,3,1,001800,1, ,8725,0
00,1022,2,11B211,14,40320,2,1,1,03,-,1,3,1,33,26/09/1989,1,04,3,2,5,01,7,3,3,1,002500,1, ,8725,0
00,1022,2,11B211,14,40320,2,1,1,04,-,1,3,2,20,12/12/2001,1,04,2,1,6,06, , , , , ,1,1,8725,35135
00,1022,2,11B211,14,40320,2,1,1,05,-,1,3,2,12,05/10/2010,1,02,6,1,6,06, , , , , ,1, ,8725,0
00,1022,2,11B211,14,40320,2,1,1,02,-,1,2,2,54,08/08/1968,2,03,3,2,5,07, , , , , ,1, ,8725,0
00,1022,2,11B211,14,40320,2,1,1,01,-,1,1,1,56,15/10/1966,1,00, ,2,5,01,7,3,3,1,002500,1, ,8725,0
00,1022,2,11B211,14,40320,1,1,0,03,-,1,3,1,28,16/06/1994,1,04,3,2,5,01,4,4,3,1,002000,1, ,8725,0
00,1022,2,11B211,14,40320,1,1,0,04,-,1,5,2,20,16/06/2002,1,07,1,1,6,06, , , , , ,1, ,8725,0
00,1022,2,11B211,14,40320,1,1,0,05,-,1,5,2,19,16/06/2003,1,03,3,2,6,01,7,5,3,1,001500,1, ,8725,0
00,1022,2,11B211,14,40320,1,1,0,02,-,1,2,2,62,11/08/1960,1,02,6,2,5,07, , , , , ,1, ,8725,0
00,1022,2,11B211,14,40320,1,1,0,06,-,1,3,1,26,06/02/1996,1,02,6,2,6,04, , , , , ,1, ,8725,0
00,1022,2,11B211,14,40320,1,1,0,01,-,1,1,1,60,15/01/1962,1,02,6,2,5,01,7,2,3,1,002300,1,1,8725,52703
00,1022,2,11B211,14,40320,3,1,0,04,-,1,3,2,98, ,1,03,1,1,6,06, , , , , ,1, ,8725,0
00,1022,6,12A205,14,40326,3,1,0,02,-,1,2,2,68,10/08/1954,1,02,6,2,5,07, , , , , ,1, ,7853,0
00,1022,6,12A205,14,40326,2,1,0,02,-,1,2,1,67,04/10/1954,1,07,3,2,5,01,4,4,2,1,006000,1, ,7853,0
00,1022,6,12A205,14,40326,1,1,0,01,-,1,1,1,66,02/11/1955,1,04,3,2,1,01,5,2,3,1,003000,1, ,7853,0
00,1022,6,12A205,14,40326,2,1,0,03,-,1,3,1,44,19/05/1978,1,07,4,2,6,01,1,5,4,1,004000,1, ,7853,0
00,1022,6,12A205,14,40326,2,1,0,01,-,1,1,2,68,01/07/1954,1,05,4,2,5,08, , , , , ,1,1,7853,31933
00,1022,6,12A205,14,40326,2,1,0,04,-,1,4,2,76,15/07/1946,1,02,6,2,4,07, , , , , ,1, ,7853,0
00,1022,6,12A205,14,40326,3,1,0,04,-,1,5,2,13,06/01/2009,1,02,6,1,6,06, , , , , ,1, ,7853,0
00,1022,6,12A205,14,40326,3,1,0,01,-,1,1,1,68,09/03/1954,1,03,3,2,5,01,7,2,3,1,001400,1,1,7853,23950
00,1022,6,12A205,14,40326,4,1,0,01,-,1,1,1,50,15/11/1971,1,04,3,2,5,01,7,2,4,1,003600,1,1,7853,39916
00,1022,6,12A205,14,40326,4,1,0,05,-,1,3,1,18,29/10/2003,1,04,2,1,6,06, , , , , ,1, ,7853,0
00,1022,6,12A205,14,40326,4,1,0,03,-,1,3,2,25,24/12/1996,1,07,4,2,6,04, , , , , ,1, ,7853,0
00,1022,6,12A205,14,40326,4,1,0,04,-,1,3,2,21,25/11/2000,1,07,3,1,6,06, , , , , ,1, ,7853,0
00,1022,6,12A205,14,40326,4,1,0,02,-,1,2,2,50,07/04/1972,1,03,3,2,5,01,7,2,4,1,999999,1, ,7853,0
00,1022,6,12A205,14,40326,3,1,0,03,-,1,3,1,22,09/05/2000,1,04,3,2,6,01,7,2,3,2,004000,1, ,7853,0
00,1022,6,12A205,14,40326,1,1,0,02,-,1,2,2,64,27/06/1958,1,06,2,2,1,01,5,2,3,1,003000,1,1,7853,15967
00,1022,6,11A205,14,40329,1,1,0,02,-,1,2,2,23,11/07/1999,1,04,3,2,1,07, , , , , ,1, ,9174,0
00,1022,6,11A205,14,40329,1,1,0,03,-,2, , , , , , , , , , , , , , , ,1, ,0,0
00,1022,6,11A205,14,40329,1,1,0,04,-,2, , , , , , , , , , , , , , , ,1, ,0,0
00,1022,6,11A205,14,40329,1,1,0,01,-,1,1,1,24,12/02/1998,1,03,3,2,1,01,7,2,3,1,004000,1,1,9174,18470
00,1022,6,11A205,14,40329,1,1,0,05,-,3,3,1,00,17/10/2022, , , , , , , , , , , ,1, ,9174,0
00,1022,6,11A205,14,40329,2,1,0,03,-,1,3,2,12,20/05/2010,1,02,4,1,6,06, , , , , ,1, ,9174,0
00,1022,6,11A205,14,40329,2,1,0,04,-,1,3,1,00,13/10/2021, , , , , , , , , , , ,1, ,9174,0
00,1022,6,11A205,14,40329,2,1,0,01,-,1,1,1,51,23/12/1970,1,07,4,2,1,01,1,7,3,2,009000,1,1,9174,18470
00,1022,6,11A205,14,40329,2,1,0,02,-,1,2,2,33,11/07/1989,1,03,3,2,1,01,4,4,2,1,000600,1, ,9174,0
00,1022,6,11A205,14,40329,4,1,0,01,-,1,1,1,34,15/09/1988,1,04,3,2,5,01,4,4,3,2,004500,1, ,9174,0
00,1022,6,11A205,14,40329,4,1,0,03,-,1,3,2,12,21/06/2010,1,02,5,1,6,06, , , , , ,1, ,9174,0
00,1022,6,11A205,14,40329,4,1,0,02,-,1,2,2,43,09/09/1979,1,04,3,2,5,07, , , , , ,1,1,9174,27705
00,1022,6,11A205,14,40329,3,1,0,02,-,1,2,2,29,14/04/1993,1,07,3,2,5,07, , , , , ,1, ,9174,0
00,1022,6,11A205,14,40329,3,1,0,01,-,1,1,1,36,24/02/1986,1,07,3,2,5,01,1,5,2,1,001600,1,1,9174,18470
00,1022,6,11A205,14,40329,3,1,0,03,-,1,3,1,01,18/11/2020, , , , , , , , , , , ,1, ,9174,0
00,1022,6,11A205,14,40329,4,1,0,06,-,1,3,1,22,14/11/1999,1,04,2,2,6,01,7,2,3,1,002000,1, ,9174,0
00,1022,6,11A205,14,40329,4,1,0,05,-,1,3,1,07,14/08/2015,2,01,3,1, , , , , , , ,1, ,9174,0
00,1022,6,11A205,14,40329,4,1,0,04,-,1,3,1,10,31/08/2012,1,02,3,1, , , , , , , ,1, ,9174,0
00,1022,2,12B211,14,40363,4,1,0,02,-,1,5,2,12,31/10/2009,1,03,1,1,6,06, , , , , ,1, ,12379,0
00,1022,2,12B211,14,40363,3,1,0,03,-,1,7,2,50,07/07/1972,2,00, ,2,6,09, , , , , ,1, ,12379,0
00,1022,2,12B211,14,40363,3,1,0,04,-,1,3,2,22,31/03/2000,1,07,5,2,6,01,7,2,3,2,999999,1, ,12379,0
00,1022,2,12B211,14,40363,3,1,0,02,-,1,2,2,56,04/11/1965,1,02,3,2,5,07, , , , , ,1, ,12379,0
00,1022,2,12B211,14,40363,4,1,0,01,-,1,1,2,60,30/04/1962,1,03,3,2,4,01,4,4,2,1,002000,1,1,12379,25169
00,1022,2,12B211,14,40363,2,1,0,02,-,1,2,2,56,05/06/1966,1,03,3,2,5,01,4,4,2,1,001500,1,1,12379,25169
00,1022,2,12B211,14,40363,2,1,0,01,-,1,1,1,58,10/03/1964,1,02,6,2,5,01,4,4,2,1,002000,1, ,12379,0
00,1022,2,12B211,14,40363,4,1,0,03,-,1,3,2,35,17/06/1987,1,03,3,2,5,01,4,4,3,1,001000,1, ,12379,0
00,1022,2,12B211,14,40363,3,1,0,01,-,1,1,1,66,02/02/1956,1,04,3,2,5,08, , , , , ,1,1,12379,50338
00,1022,2,12B211,14,40365,1,1,0,04,-,1,3,1,30,30/04/1992,1,03,3,2,6,01,7,2,3,1,002000,1, ,7839,0
00,1022,2,12B211,14,40365,1,1,0,06,-,1,4,1,85,17/10/1936,2,00, ,2,5,10, , , , , ,1, ,7839,0
00,1022,2,12B211,14,40365,1,1,0,03,-,1,3,1,21,04/08/2001,1,04,3,2,6,04, , , , , ,1, ,7839,0
00,1022,2,12B211,14,40365,3,1,0,03,-,1,3,2,04,11/03/2018, , , , , , , , , , , ,1, ,7839,0
00,1022,2,12B211,14,40365,3,1,0,02,-,1,2,2,24,02/02/1998,1,07,5,2,1,01,4,4,2,1,999999,1,1,7839,15940
00,1022,2,12B211,14,40365,1,1,0,05,-,1,4,2,81,12/06/1941,2,00, ,2,5,07, , , , , ,1,1,7839,47818
00,1022,2,12B211,14,40365,1,1,0,01,-,1,1,2,50,26/02/1972,1,03,3,2,5,07, , , , , ,1, ,7839,0
00,1022,2,12B211,14,40365,1,1,0,02,-,1,2,1,55,16/06/1967,1,02,6,2,5,01,4,4,3,1,002500,1, ,7839,0
00,1022,2,12B211,14,40365,2,1,0,01,-,1,1,1,45,25/10/1976,1,03,2,2,1,01,7,2,3,1,002500,1,1,7839,7969
14,1022,2,12B211,14,40365,4,1,0,04,-,1,3,2,12,10/01/2010,1,02,5,2,6,10, , , , , ,1, ,7839,0
14,1022,2,12B211,14,40365,4,1,0,01,-,1,1,2,34,19/09/1988,1,03,2,2,6,07, , , , , ,1, ,7839,0
14,1022,2,12B211,14,40365,4,1,0,03,-,1,3,1,16,08/10/2006,1,03,3,2,6,10, , , , , ,1, ,7839,0
00,1022,2,12B211,14,40365,3,1,0,01,-,1,1,1,25,03/06/1997,1,04,3,2,1,01,4,4,2,1,999999,1, ,7839,0
14,1022,2,12B211,14,40365,4,1,0,05,-,1,3,2,10,25/09/2012,1,02,3,2, , , , , , , ,1, ,7839,0
14,1022,2,12B211,14,40365,4,1,0,02,-,1,3,1,17,10/01/2005,1,03,3,2,6,01,7,2,3,1,002200,1, ,7839,0
00,1022,8,11A203,14,40369,3,1,0,06,-,1,5,2,17,01/09/2005,1,03,3,2,1,07, , , , , ,1, ,6748,0
00,1022,8,11A203,14,40369,3,1,0,07,-,2, , , , , , , , , , , , , , , ,1, ,0,0
00,1022,8,11A203,14,40369,2,1,0,01,-,1,1,2,52,22/05/1970,1,00, ,2,2,01,5,5,3,1,001600,1,1,6748,6793
00,1022,8,11A203,14,40369,2,1,0,02,-,1,3,2,17,16/12/2004,1,03,3,1,6,06, , , , , ,1, ,6748,0
00,1022,8,11A203,14,40369,1,1,0,02,-,1,2,2,26,10/10/1995,1,03,3,2,5,07, , , , , ,1, ,6748,0
00,1022,8,11A203,14,40369,1,1,0,01,-,1,1,1,37,25/11/1984,1,04,3,2,5,01,7,2,3,1,999999,1,1,6748,13586
00,1022,8,11A203,14,40369,1,1,0,04,-,1,3,2,04,05/08/2018, , , , , , , , , , , ,1, ,6748,0
00,1022,8,11A203,14,40369,1,1,0,03,-,1,3,2,07,01/01/2015,2,01,2,1, , , , , , , ,1, ,6748,0
00,1022,5,11A203,14,40369,3,1,0,04,-,2, , , , , , , , , , , , , , , ,1, ,0,0
00,1022,8,11A203,14,40369,3,1,0,05,-,1,5,1,01,20/05/2021, , , , , , , , , , , ,1, ,6748,0
00,1022,8,11A203,14,40369,3,1,0,02,-,1,2,2,43,26/05/1979,1,03,3,2,5,07, , , , , ,1, ,6748,0
00,1022,8,11A203,14,40369,3,1,0,03,-,1,3,1,21,19/08/2001,1,03,3,2,1,01,7,2,3,1,001500,1, ,6748,0
00,1022,8,11A203,14,40369,3,1,0,01,-,1,1,1,44,12/05/1978,1,04,1,2,5,01,7,2,2,1,999999,1,1,6748,20379
00,1022,6,13A205,14,40370,2,1,0,02,-,1,3,1,44,01/02/1978,1,07,4,2,5,01,1,1,3,2,999999,1,1,12711,51624
00,1022,6,13A205,14,40370,4,1,0,01,-,1,1,2,29,29/07/1993,1,07,4,2,6,01,5,5,2,1,999999,1,1,12711,12906
00,1022,6,13A205,14,40370,2,1,0,04,-,1,3,1,53,16/06/1969,2,07,5,2,6,01,1,1,3,2,999999,1, ,12711,0
00,1022,6,13A205,14,40370,2,1,0,03,-,1,3,1,51,16/06/1971,1,04,3,2,9,01,1,1,3,2,999999,1, ,12711,0
00,1022,6,13A205,14,40370,2,1,0,01,-,1,1,1,81,02/09/1941,1,04,3,2,4,01,1,1,3,2,999999,1, ,12711,0
00,1022,6,13A205,14,40370,1,1,0,04,-,1,3,2,27,29/05/1995,1,07,6,2,6,01,1,5,3,2,999999,1, ,12711,0
00,1022,6,13A205,14,40370,1,1,0,03,-,1,3,2,33,08/03/1989,1,07,4,2,6,01,3,5,3,2,999999,1, ,12711,0
00,1022,6,13A205,14,40370,1,1,0,02,-,1,3,1,25,19/07/1997,1,07,2,2,6,01,1,2,3,2,999999,1,1,12711,51624
00,1022,6,13A205,14,40370,1,1,0,01,-,1,1,2,61,15/06/1961,1,07,5,2,6,01,1,5,3,2,999999,1, ,12711,0
00,1022,6,11A205,14,40371,3,1,0,01,-,1,1,1,42,26/06/1980,1,07,4,2,5,01,1,5,2,1,999999,1,1,8341,16794
00,1022,6,11A205,14,40371,3,1,0,02,-,1,2,2,39,16/10/1982,1,04,3,2,5,07, , , , , ,1, ,8341,0
00,1022,6,11A205,14,40371,3,1,0,03,-,1,3,2,15,09/04/2007,1,03,2,1,6,06, , , , , ,1, ,8341,0
00,1022,6,11A205,14,40371,3,1,0,04,-,1,3,2,09,23/10/2012,1,02,3,1, , , , , , , ,1, ,8341,0
00,1022,6,11A205,14,40371,1,1,0,01,-,1,1,2,88,14/08/1934,2,00, ,2,4,07, , , , , ,1, ,8341,0
00,1022,6,11A205,14,40371,2,1,0,02,-,1,5,1,34,18/10/1987,1,03,3,2,6,01,1,2,3,1,001800,1,1,8341,16794
00,1022,6,11A205,14,40371,2,1,0,01,-,1,1,2,71,15/05/1951,1,00, ,2,4,07, , , , , ,1, ,8341,0
00,1022,6,11A205,14,40371,1,1,0,02,-,1,3,1,61,13/07/1961,1,02,6,2,6,08, , , , , ,1,1,8341,16794
00,1022,6,11A205,14,40371,4,1,0,01,-,1,1,1,73,13/09/1949,1,02,2,2,4,09, , , , , ,1,1,8341,8397
00,1022,2,11B211,14,40412,3,1,0,01,-,1,1,1,35,24/02/1987,2,00, ,2,6,01,1,5,2,1,003000,1,1,11571,11648
14,1022,2,11B211,14,40412,2,1,0,03,-,1,8,1,32,30/06/1990,1,99, ,2,6,01,4,4,2,1,003000,1, ,11571,0
00,1022,2,11B211,14,40412,4,1,0,01,-,1,1,1,28,09/06/1994,1,04,3,2,5,01,3,2,3,1,001500,1, ,11571,0
00,1022,2,11B211,14,40412,4,1,0,03,-,1,7,2,55,13/10/1967,1,03,3,2,4,07, , , , , ,1,1,11571,34945
00,1022,2,11B211,14,40412,4,1,0,02,-,1,2,2,27,16/02/1995,1,03,3,2,5,07, , , , , ,1, ,11571,0
14,1022,2,11B211,14,40412,2,1,0,02,-,1,8,1,44,30/06/1978,1,99, ,2,5,01,4,4,3,1,999999,1, ,11571,0
14,1022,2,11B211,14,40412,2,1,0,01,-,1,1,1,37,16/09/1985,1,03,1,2,5,01,5,6,3,2,999999,1, ,11571,0
00,1022,2,11B211,14,40412,1,1,0,03,-,1,3,2,17,22/09/2005,1,04,1,1,6,06, , , , , ,1, ,11571,0
00,1022,2,11B211,14,40412,1,1,0,05,-,1,3,2,10,30/10/2011,1,02,4,1, , , , , , , ,1, ,11571,0
00,1022,2,11B211,14,40412,1,1,0,02,-,1,2,2,35,08/11/1986,1,04,3,2,5,07, , , , , ,1,1,11571,23297
00,1022,2,11B211,14,40412,1,1,0,01,-,1,1,1,36,20/03/1986,1,02,6,2,5,01,7,3,2,1,001500,1, ,11571,0
00,1022,2,11B211,14,40412,1,1,0,04,-,1,3,2,12,12/09/2010,1,02,6,1,6,06, , , , , ,1, ,11571,0
00,1022,5,12A206,14,40417,2,1,0,01,-,1,1,1,57,14/01/1965,1,03,2,2,5,09, , , , , ,1,1,9155,37230
00,1022,5,12A206,14,40417,1,1,0,01,-,1,1,1,55,18/03/1967,1,03,3,2,5,01,5,5,2,1,999999,1,1,9155,37230
00,1022,5,12A206,14,40417,2,1,0,02,-,1,2,2,55,16/02/1967,1,03,3,2,5,01,5,5,3,2,999999,1, ,9155,0
00,1022,5,12A206,14,40417,2,1,0,04,-,1,3,1,22,14/04/2000,1,04,3,2,6,01,5,5,3,2,999999,1, ,9155,0
00,1022,5,12A206,14,40417,3,1,0,02,-,1,4,1,85,02/10/1937,1,02,1,2,4,08, , , , , ,1, ,9155,0
00,1022,5,12A206,14,40417,3,1,0,04,-,1,3,1,24,22/11/1997,1,03,3,2,6,01,4,4,2,1,999999,1, ,9155,0
00,1022,5,12A206,14,40417,3,1,0,01,-,1,1,2,56,26/07/1966,1,03,1,2,3,01,5,2,3,1,999999,1,1,9155,37230
00,1022,5,12A206,14,40417,4,1,0,01,-,1,1,1,32,23/08/1990,1,04,3,2,1,01,1,2,3,3,999999,1, ,9155,0
00,1022,5,12A206,14,40417,4,1,0,02,-,1,2,2,30,26/02/1992,1,03,3,2,1,07, , , , , ,1,1,9155,18614
00,1022,5,12A206,14,40417,4,1,0,03,-,1,3,1,04,27/12/2017, , , , , , , , , , , ,1, ,9155,0
00,1022,5,12A206,14,40417,3,1,0,03,-,1,6,1,53,08/11/1968,2,00, ,2,6,09, , , , , ,1, ,9155,0
00,1022,5,12A206,14,40417,1,1,0,04,-,1,3,2,27,06/09/1995,1,07,4,2,6,01,1,5,3,2,999999,1, ,9155,0
00,1022,5,12A206,14,40417,1,1,0,03,-,1,3,1,30,13/12/1991,1,04,3,2,6,01,7,2,3,2,004000,1, ,9155,0
00,1022,5,12A206,14,40417,1,1,0,02,-,1,2,2,56,30/06/1966,1,03,3,2,5,01,4,4,3,1,999999,1, ,9155,0
00,1022,5,12A206,14,40417,2,1,0,03,-,1,3,1,26,11/04/1996,1,04,3,2,6,01,7,2,3,1,999999,1, ,9155,0
00,1022,5,12A206,14,40418,4,1,0,01,-,1,1,1,55,23/07/1967,1,07,4,2,5,01,4,4,2,1,001000,1, ,7718,0
00,1022,5,12A206,14,40418,4,1,0,03,-,2, , , , , , , , , , , , , , , ,1, ,0,0
00,1022,5,12A206,14,40418,4,1,0,06,-,1,5,1,16,19/07/2006,1,03,2,1,6,06, , , , , ,1, ,7718,0
00,1022,5,12A206,14,40418,4,1,0,05,-,1,3,1,22,13/07/2000,1,07,2,1,6,06, , , , , ,1,1,7718,23538
00,1022,5,12A206,14,40418,4,1,0,04,-,2, , , , , , , , , , , , , , , ,1, ,0,0
00,1022,5,12A206,14,40418,4,1,0,02,-,1,2,2,54,09/09/1968,1,04,3,2,5,07, , , , , ,1, ,7718,0
00,1022,5,12A206,14,40418,4,1,0,07,-,2, , , , , , , , , , , , , , , ,1, ,0,0
00,1022,5,12A206,14,40418,3,1,1,04,-,1,3,1,13,12/09/2009,1,03,2,1,6,06, , , , , ,1, ,7718,0
00,1022,5,12A206,14,40418,3,1,1,01,-,1,1,2,31,17/06/1991,1,07,1,1,6,01,3,5,3,1,002800,1, ,7718,0
00,1022,5,12A206,14,40418,3,1,1,02,-,1,6,2,35,20/11/1986,1,07,4,2,6,01,1,5,3,3,020000,1,1,7718,15692
00,1022,5,12A206,14,40418,3,1,1,03,-,1,7,1,15,07/07/2007,1,03,3,1,6,06, , , , , ,1, ,7718,0
00,1022,5,12A206,14,40418,2,1,0,03,-,1,3,1,29,05/05/1993,1,04,3,1,6,01,7,2,3,1,004600,1, ,7718,0
00,1022,5,12A206,14,40418,2,1,0,01,-,1,1,1,60,10/06/1962,1,03,3,2,5,08, , , , , ,1, ,7718,0
00,1022,5,12A206,14,40418,2,1,0,02,-,1,2,2,60,17/04/1962,1,03,3,2,5,07, , , , , ,1,1,7718,23538
00,1022,5,12A206,14,40418,1,1,0,03,-,1,3,1,30,30/01/1992,1,07,4,1,6,04, , , , , ,1, ,7718,0
00,1022,5,12A206,14,40418,1,1,0,02,-,1,2,2,61,12/09/1961,1,05,4,2,5,01,3,7,3,2,999999,1, ,7718,0
00,1022,5,12A206,14,40418,1,1,0,01,-,1,1,1,62,25/12/1959,1,04,3,2,5,01,4,4,2,1,999999,1,1,7718,23538
00,1022,5,12A206,14,40423,1,1,0,04,-,1,3,1,15,03/02/2007,1,03,3,1,6,06, , , , , ,1, ,8108,0
00,1022,5,12A206,14,40423,1,1,0,03,-,1,3,1,18,25/08/2004,1,04,3,2,6,01,5,5,3,1,999999,1, ,8108,0
00,1022,5,12A206,14,40423,1,1,0,01,-,1,1,1,40,14/06/1982,1,03,3,2,5,01,3,2,3,2,003500,1, ,8108,0
00,1022,5,12A206,14,40423,1,1,0,05,-,1,3,2,13,06/06/2009,1,02,6,1,6,06, , , , , ,1, ,8108,0
00,1022,5,12A206,14,40423,3,1,0,05,-,1,5,2,02,26/09/2020, , , , , , , , , , , ,1, ,8108,0
00,1022,5,12A206,14,40423,3,1,0,02,-,1,2,2,67,28/09/1955,1,03,2,2,5,07, , , , , ,1,1,8108,32970
00,1022,5,12A206,14,40423,3,1,0,04,-,1,3,2,30,12/08/1992,1,03,3,2,6,01,1,5,2,1,999999,1, ,8108,0
00,1022,5,12A206,14,40423,3,1,0,03,-,1,3,1,32,16/06/1990,1,04,3,2,6,01,4,4,3,1,002000,1, ,8108,0
00,1022,5,12A206,14,40423,3,1,0,01,-,1,1,1,69,08/10/1953,1,03,2,2,5,01,7,2,3,1,999999,1, ,8108,0
00,1022,5,12A206,14,40423,4,1,0,03,-,1,2,2,37,02/12/1984,1,04,3,2,1,07, , , , , ,1, ,8108,0
00,1022,5,12A206,14,40423,4,1,0,01,-,1,1,1,61,02/11/1960,1,07,5,2,5,01,7,2,2,1,999999,1,1,8108,16485
00,1022,2,12A206,14,40423,4,1,0,02,-,2, , , , , , , , , , , , , , , ,1, ,0,0
00,1022,5,12A206,14,40423,2,1,0,02,-,2, , , , , , , , , , , , , , , ,1, ,0,0
00,1022,5,12A206,14,40423,2,1,0,01,-,1,1,1,81,03/12/1940,1,02,6,2,5,08, , , , , ,1,1,8108,8243
00,1022,5,12A206,14,40423,1,1,0,07,-,1,3,1,05,03/10/2017,2,01,1,1, , , , , , , ,1, ,8108,0
00,1022,5,12A206,14,40423,1,1,0,06,-,1,3,2,09,17/05/2013,1,02,1,1, , , , , , , ,1, ,8108,0
00,1022,5,12A206,14,40423,1,1,0,02,-,1,2,2,36,12/01/1986,1,03,2,2,5,07, , , , , ,1,1,8108,24728
00,1022,4,11A217,14,40450,1,1,0,05,-,1,5,1,07,22/05/2015,1,02,1,1, , , , , , , ,1, ,9710,0
00,1022,4,11A217,14,40450,3,1,0,01,-,1,1,1,45,17/03/1977,1,07,4,2,5,01,7,2,3,2,005300,1,1,9710,19550
00,1022,4,11A217,14,40450,3,1,0,02,-,1,2,2,40,10/12/1981,1,04,3,2,5,01,4,4,3,1,001700,1, ,9710,0
00,1022,4,11A217,14,40450,4,1,0,02,-,1,2,2,50,20/01/1972,1,06,3,2,5,07, , , , , ,1, ,9710,0
00,1022,4,11A217,14,40450,4,1,0,05,-,1,3,2,17,14/05/2005,1,04,1,1,6,06, , , , , ,1, ,9710,0
00,1022,4,11A217,14,40450,4,1,0,04,-,1,3,1,19,21/01/2003,1,04,3,2,6,04, , , , , ,1, ,9710,0
00,1022,4,11A217,14,40450,4,1,0,03,-,1,3,1,25,06/07/1997,1,07,5,2,6,01,7,2,3,1,002700,1,1,9710,39099
00,1022,4,11A217,14,40450,4,1,0,01,-,1,1,1,55,01/09/1967,1,04,3,2,5,01,5,5,3,1,999999,1, ,9710,0
00,1022,4,11A217,14,40450,1,1,0,04,-,1,5,1,08,24/01/2014,1,02,2,1, , , , , , , ,1, ,9710,0
00,1022,4,11A217,14,40450,1,1,0,02,-,1,3,2,17,18/06/2005,1,04,2,1,6,06, , , , , ,1, ,9710,0
00,1022,4,11A217,14,40450,1,1,0,03,-,1,3,1,16,23/09/2006,1,03,3,1,6,06, , , , , ,1, ,9710,0
00,1022,4,11A217,14,40450,1,1,0,01,-,1,1,2,48,05/05/1974,1,03,3,2,1,01,4,4,2,1,000500,1,1,9710,9775
00,1022,4,11A217,14,40450,2,1,0,03,-,1,3,1,30,12/01/1992,1,04,3,2,6,01,4,4,2,3,006000,1,1,9710,39099
00,1022,4,11A217,14,40450,2,1,0,04,-,1,3,2,28,21/09/1994,1,04,3,2,6,04, , , , , ,1, ,9710,0
00,1022,4,11A217,14,40450,2,1,0,01,-,1,1,1,71,21/12/1950,1,02,2,2,5,08, , , , , ,1, ,9710,0
00,1022,4,11A217,14,40450,2,1,0,02,-,1,2,2,66,10/06/1956,1,02,1,2,5,07, , , , , ,1, ,9710,0
00,1022,1,12B212,14,40455,1,1,0,05,-,1,3,1,05,22/06/2017,1,01,2,1, , , , , , , ,1, ,8343,0
00,1022,1,12B212,14,40455,1,1,0,03,-,1,4,2,42,12/08/1980,2,04,3,2,4,01,5,5,2,3,005200,1, ,8343,0
00,1022,1,12B212,14,40455,4,1,0,01,-,1,1,1,46,15/10/1976,1,04,3,2,5,01,7,2,3,1,002100,1, ,8343,0
00,1022,1,12B212,14,40455,1,1,0,06,-,1,3,1,04,12/12/2017, , , , , , , , , , , ,1, ,8343,0
00,1022,1,12B212,14,40455,3,1,0,01,-,1,1,1,67,04/03/1955,1,07,2,2,6,08, , , , , ,1,1,8343,8482
00,1022,1,12B212,14,40455,2,1,0,05,-,1,5,2,04,22/05/2018, , , , , , , , , , , ,1, ,8343,0
00,1022,1,12B212,14,40455,1,1,0,01,-,1,1,1,23,18/09/1999,1,03,3,2,1,01,1,5,3,1,002800,1, ,8343,0
00,1022,1,12B212,14,40455,1,1,0,07,-,1,3,1,00,05/10/2022, , , , , , , , , , , ,1, ,8343,0
00,1022,1,12B212,14,40455,2,1,0,03,-,1,3,2,20,13/03/2002,1,04,3,2,6,01,4,4,2,1,999999,1, ,8343,0
00,1022,1,12B212,14,40455,2,1,0,06,-,1,5,2,02,11/11/2019, , , , , , , , , , , ,1, ,8343,0
00,1022,1,12B212,14,40455,2,1,0,04,-,1,3,2,27,04/02/1995,1,04,3,2,6,01,5,5,3,1,999999,1,1,8343,33925
00,1022,1,12B212,14,40455,2,1,0,02,-,1,2,2,50,30/06/1972,1,03,3,2,5,01,4,4,2,1,999999,1, ,8343,0
00,1022,1,12B212,14,40455,2,1,0,01,-,1,1,1,52,30/06/1970,1,04,1,2,5,01,7,2,3,1,999999,1, ,8343,0
00,1022,1,12B212,14,40455,1,1,0,02,-,1,2,2,22,04/11/1999,1,03,3,2,1,07, , , , , ,1,1,8343,25444
00,1022,1,12B212,14,40455,1,1,0,04,-,1,7,2,13,02/04/2009,1,03,1,1,6,06, , , , , ,1, ,8343,0
00,1022,1,12B212,14,40455,4,1,0,02,-,1,2,2,29,11/08/1993,1,04,3,2,5,01,7,2,3,1,001200,1,1,8343,16963
00,1022,5,12A206,14,40467,4,1,0,05,-,3,5,1,06,24/06/2016,2,01,3,1, , , , , , , ,1, ,6428,0
00,1022,3,12A206,14,40467,3,1,0,02,-,2, , , , , , , , , , , , , , , ,1, ,0,0
00,1022,5,12A206,14,40467,3,1,0,01,-,1,1,2,72,18/05/1950,1,05,4,2,6,07, , , , , ,1,1,6428,13071
00,1022,5,12A206,14,40467,3,1,0,03,-,1,5,2,20,09/09/2002,1,07,1,1,6,06, , , , , ,1, ,6428,0
00,1022,5,12A206,14,40467,4,1,0,01,-,1,1,2,53,27/02/1969,1,03,3,2,3,01,7,4,3,1,002000,1,1,6428,19606
00,1022,5,12A206,14,40467,2,1,0,03,-,1,3,1,19,11/04/2003,1,04,3,1,6,01,5,5,3,2,004000,1,1,6428,19606
00,1022,5,12A206,14,40467,2,1,0,05,-,1,3,1,04,19/12/2017, , , , , , , , , , , ,1, ,6428,0
00,1022,5,12A206,14,40467,2,1,0,01,-,1,1,1,42,07/10/1980,1,04,3,2,1,01,3,7,3,2,008000,1, ,6428,0
00,1022,5,12A206,14,40467,2,1,0,04,-,1,3,1,08,15/02/2014,1,02,1,1, , , , , , , ,1, ,6428,0
00,1022,5,12A206,14,40467,2,1,0,02,-,1,2,2,39,15/06/1983,1,04,3,2,1,01,3,5,3,2,006000,1, ,6428,0
00,1022,5,12A206,14,40467,1,1,0,03,-,1,5,1,24,15/06/1998,1,03,3,2,6,04, , , , , ,1, ,6428,0
00,1022,5,12A206,14,40467,1,1,0,04,-,1,5,1,23,15/06/1999,1,03,3,2,6,01,5,5,3,1,001000,1, ,6428,0
00,1022,5,12A206,14,40467,1,1,0,01,-,1,1,1,63,09/06/1959,1,03,3,2,5,01,5,6,3,2,006000,1,1,6428,19606
00,1022,5,12A206,14,40467,1,1,0,02,-,2, , , , , , , , , , , , , , , ,1, ,0,0
00,1022,5,12A206,14,40467,4,1,0,02,-,1,3,2,33,06/10/1989,1,04,3,2,6,01,1,5,3,1,999999,1, ,6428,0
00,1022,5,12A206,14,40467,4,1,0,03,-,2, , , , , , , , , , , , , , , ,1, ,0,0
00,1022,5,12A206,14,40467,4,1,0,04,-,1,3,1,25,14/05/1997,1,04,3,2,6,01,1,5,3,2,005800,1, ,6428,0
00,1022,5,11A206,14,40468,4,1,0,02,-,1,2,2,54,16/07/1968,1,02,6,2,5,07, , , , , ,1, ,9284,0
00,1022,5,11A206,14,40468,2,1,0,01,-,1,1,1,34,03/03/1988,1,03,3,2,5,01,4,4,3,1,002200,1, ,9284,0
00,1022,5,11A206,14,40468,2,1,0,02,-,1,2,2,27,06/06/1995,1,04,1,2,5,07, , , , , ,1,1,9284,18692
00,1022,5,11A206,14,40468,4,1,0,01,-,1,1,1,51,16/07/1971,1,02,6,2,5,01,7,3,3,1,001800,1,1,9284,18692
00,1022,5,11A206,14,40468,1,1,0,01,-,1,1,1,23,29/12/1998,1,02,5,2,1,01,7,2,3,1,003000,1, ,9284,0
00,1022,5,11A206,14,40468,1,1,0,03,-,1,3,1,02,15/04/2020, , , , , , , , , , , ,1, ,9284,0
00,1022,5,11A206,14,40468,1,1,0,02,-,1,2,2,19,29/10/2002,1,03,3,2,1,07, , , , , ,1,1,9284,18692
00,1022,4,12A217,14,40491,4,1,0,03,-,1,3,1,26,09/09/1996,1,03,3,2,6,01,4,4,3,2,003500,1, ,8275,0
00,1022,4,12A217,14,40491,4,1,0,05,-,1,5,2,22,22/07/2000,1,03,1,2,1,07, , , , , ,1, ,8275,0
00,1022,4,12A217,14,40491,4,1,0,04,-,1,3,1,22,22/08/2000,1,04,3,2,1,01,7,2,3,1,999999,1, ,8275,0
00,1022,4,12A217,14,40491,4,1,0,06,-,1,5,1,01,24/03/2021, , , , , , , , , , , ,1, ,8275,0
00,1022,4,12A217,14,40491,3,1,0,01,-,1,1,1,62,18/09/1960,1,02,6,2,5,08, , , , , ,1,1,8275,8413
00,1022,4,12A217,14,40491,4,1,0,02,-,1,2,2,55,19/07/1967,1,02,6,2,5,01,4,4,2,1,000300,1, ,8275,0
00,1022,4,12A217,14,40491,2,1,0,02,-,1,2,2,42,11/07/1980,2,06,4,2,5,07, , , , , ,1, ,8275,0
00,1022,4,12A217,14,40491,2,1,0,04,-,1,3,2,06,14/10/2016,1,01,3,1, , , , , , , ,1, ,8275,0
00,1022,4,12A217,14,40491,2,1,0,03,-,1,3,2,11,06/04/2011,1,02,5,1, , , , , , , ,1, ,8275,0
00,1022,4,12A217,14,40491,2,1,0,05,-,1,3,1,04,13/04/2018, , , , , , , , , , , ,1, ,8275,0
00,1022,4,12A217,14,40491,4,1,0,01,-,1,1,1,62,22/11/1959,1,02,6,2,5,01,7,2,3,1,003000,1,1,8275,42063
00,1022,4,12A217,14,40491,2,1,0,01,-,1,1,1,38,04/10/1984,1,03,3,2,5,01,4,4,3,2,003800,1,1,8275,16824
00,1022,1,11B212,14,40502,2,1,0,02,-,1,2,2,29,04/02/1993,1,07,5,2,5,01,1,7,3,2,999999,1, ,8419,0
00,1022,1,11B212,14,40502,4,1,0,02,-,1,3,2,32,28/09/1990,1,03,3,2,6,01,7,2,4,1,001900,1, ,8419,0
00,1022,1,11B212,14,40502,2,1,0,03,-,1,3,1,99, , , , , , , , , , , , ,1, ,8419,0
00,1022,1,11B212,14,40502,4,1,0,05,-,1,5,1,08,15/05/2014,1,02,2,1, , , , , , , ,1, ,8419,0
00,1022,1,11B212,14,40502,4,1,0,04,-,1,5,1,12,02/09/2010,1,02,6,1,6,06, , , , , ,1, ,8419,0
00,1022,1,11B212,14,40502,4,1,0,03,-,1,5,1,16,29/07/2006,1,02,6,2,6,07, , , , , ,1, ,8419,0
00,1022,1,11B212,14,40502,3,1,0,02,-,1,2,2,44,12/11/1977,1,03,3,2,5,07, , , , , ,1,1,8419,42376
00,1022,1,11B212,14,40502,3,1,0,06,-,1,3,2,09,14/05/2013,1,02,3,1, , , , , , , ,1, ,8419,0
00,1022,1,11B212,14,40502,3,1,0,03,-,1,3,1,26,01/08/1996,1,04,3,2,6,01,7,2,3,1,002600,1, ,8419,0
00,1022,1,11B212,14,40502,3,1,0,01,-,1,1,1,44,22/09/1978,1,02,6,2,5,04, , , , , ,1, ,8419,0
00,1022,1,11B212,14,40502,3,1,0,05,-,1,3,1,20,09/05/2002,1,04,3,2,6,01,5,5,3,1,004000,1, ,8419,0
00,1022,1,11B212,14,40502,4,1,0,01,-,1,1,2,56,09/07/1966,1,02,6,2,2,01,4,4,2,1,000200,1,1,8419,16950
00,1022,1,11B212,14,40502,1,1,0,01,-,1,1,1,39,27/09/1983,1,07,4,2,5,01,3,5,3,3,012000,1, ,8419,0
00,1022,1,11B212,14,40502,1,1,0,03,-,1,3,2,05,17/10/2017,2,01,1,1, , , , , , , ,1, ,8419,0
00,1022,1,11B212,14,40502,1,1,0,02,-,1,2,2,40,14/01/1982,1,04,3,2,5,01,4,4,3,3,006000,1,1,8419,16950
00,1022,1,11B212,14,40502,3,1,0,04,-,1,3,1,23,11/07/1999,1,03,3,2,6,01,5,5,3,1,001800,1, ,8419,0
00,1022,1,11B212,14,40502,2,1,0,01,-,1,1,1,28,27/12/1993,1,08,2,2,5,01,1,7,3,2,999999,1,1,8419,16950
00,1022,1,13B212,14,40503,4,1,0,04,-,1,5,2,09,13/04/2013,1,02,3,1, , , , , , , ,1, ,9360,0
00,1022,1,13B212,14,40503,2,1,0,02,-,1,4,2,66,12/04/1956,1,03,3,2,2,07, , , , , ,1, ,9360,0
00,1022,1,13B212,14,40503,2,1,0,01,-,1,1,1,42,12/08/1980,1,07,4,2,3,04, , , , , ,1,1,9360,19006
00,1022,1,13B212,14,40503,1,1,0,03,-,1,3,2,09,12/10/2013,1,02,2,1, , , , , , , ,1, ,9360,0
00,1022,1,13B212,14,40503,1,1,0,01,-,1,1,1,35,23/01/1987,1,04,3,2,5,01,1,5,3,3,999999,1,1,9360,19006
00,1022,1,13B212,14,40503,1,1,0,02,-,1,2,2,37,31/08/1985,1,07,5,2,5,01,3,5,3,2,999999,1, ,9360,0
00,1022,1,13B212,14,40503,4,1,0,05,-,1,5,1,01,28/07/2021, , , , , , , , , , , ,1, ,9360,0
00,1022,1,13B212,14,40503,4,1,0,02,-,1,3,2,31,25/01/1991,1,03,3,2,5,07, , , , , ,1, ,9360,0
00,1022,1,13B212,14,40503,4,1,0,01,-,1,1,2,55,30/07/1967,1,03,3,2,6,01,5,5,3,1,999999,1,1,9360,28509
00,1022,1,13B212,14,40503,4,1,0,03,-,1,5,1,33,25/09/1989,1,04,3,2,5,01,7,2,2,1,999999,1, ,9360,0
00,1022,8,12A203,14,40504,1,1,0,03,-,1,3,1,17,19/06/2005,1,03,3,1,6,01,5,5,3,1,001700,1, ,8420,0
00,1022,8,12A203,14,40504,1,1,0,02,-,1,2,2,42,22/03/1980,1,03,3,2,5,07, , , , , ,1, ,8420,0
00,1022,4,12A203,14,40504,3,1,0,05,-,2, , , , , , , , , , , , , , , ,1, ,0,0
00,1022,2,12A203,14,40504,3,1,0,03,-,2, , , , , , , , , , , , , , , ,1, ,0,0
00,1022,8,12A203,14,40504,3,1,0,04,-,1,3,2,28,13/01/1994,1,07,4,2,6,01,3,5,3,1,002800,1, ,8420,0
00,1022,8,12A203,14,40504,3,1,0,02,-,1,2,2,52,20/02/1970,1,07,4,2,5,07, , , , , ,1, ,8420,0
00,1022,8,12A203,14,40504,3,1,0,01,-,1,1,1,54,27/07/1968,1,03,3,2,5,01,7,3,3,1,006500,1,1,8420,25680
00,1022,8,12A203,14,40504,2,1,0,02,-,1,3,1,41,15/06/1981,1,02,6,2,5,01,6,1,2,1,002000,1, ,8420,0
00,1022,8,12A203,14,40504,2,1,0,01,-,1,1,1,83,02/10/1939,1,02,5,2,5,08, , , , , ,1,1,8420,17120
00,1022,8,12A203,14,40504,1,1,0,05,-,1,3,2,09,12/07/2013,1,02,2,1, , , , , , , ,1, ,8420,0
00,1022,8,12A203,14,40504,1,1,0,04,-,1,3,1,12,24/07/2010,1,02,5,1,6,06, , , , , ,1, ,8420,0
00,1022,8,12A203,14,40504,1,1,0,01,-,1,1,1,42,05/04/1980,1,03,3,2,5,01,5,5,3,1,999999,1,1,8420,17120
00,1022,1,13B212,14,40507,4,1,0,03,-,1,3,1,06,15/04/2016,1,02,1,1, , , , , , , ,1, ,8571,0
00,1022,1,13B212,14,40507,3,1,0,01,-,1,1,1,45,02/06/1977,1,07,4,2,6,01,1,5,2,1,999999,1,1,8571,8702
00,1022,1,13B212,14,40507,2,1,0,02,-,1,2,2,50,12/12/1971,1,07,4,2,5,01,5,5,2,2,999999,1,1,8571,26107
00,1022,1,13B212,14,40507,2,1,0,01,-,1,1,1,47,03/03/1975,1,04,3,1,5,01,1,5,2,2,999999,1, ,8571,0
00,1022,1,13B212,14,40507,4,1,0,04,-,1,3,2,01,06/10/2021, , , , , , , , , , , ,1, ,8571,0
00,1022,1,13B212,14,40507,2,1,0,03,-,1,3,1,19,03/03/2003,1,04,3,2,6,01,5,5,3,1,999999,1, ,8571,0
00,1022,1,13B212,14,40507,4,1,0,01,-,1,1,1,43,15/05/1979,1,07,2,2,5,01,5,5,3,2,999999,1, ,8571,0
00,1022,1,13B212,14,40507,4,1,0,02,-,1,2,2,42,19/11/1979,1,06,3,2,5,07, , , , , ,1,1,8571,17405
00,1022,1,13B212,14,40507,2,1,0,04,-,1,3,1,11,03/03/2011,1,02,6,2, , , , , , , ,1, ,8571,0
00,1022,5,12A206,14,40515,2,1,0,01,-,1,1,1,58,15/07/1964,1,03,3,2,1,01,5,3,2,1,003500,1, ,7753,0
00,1022,5,12A206,14,40515,2,1,0,05,-,1,3,2,06,12/12/2015,2,01,3,1, , , , , , , ,1, ,7753,0
00,1022,5,12A206,14,40515,2,1,0,04,-,1,3,1,21,29/12/2000,1,04,3,2,5,01,5,5,2,2,004000,1, ,7753,0
00,1022,5,12A206,14,40515,2,1,0,03,-,1,3,1,24,29/12/1997,1,03,3,2,6,01,5,5,2,2,004000,1, ,7753,0
00,1022,5,12A206,14,40515,2,1,0,02,-,1,2,2,41,29/04/1981,1,02,6,2,1,01,4,4,2,1,004000,1,1,7753,31528
00,1022,5,12A206,14,40515,1,1,0,01,-,1,1,1,26,10/08/1996,1,04,3,2,1,01,4,4,2,1,003000,1,1,7753,15763
00,1022,5,12A206,14,40515,4,1,1,04,-,1,3,1,14,05/07/2008,1,03,2,1,6,06, , , , , ,1, ,7753,0
00,1022,5,12A206,14,40515,1,1,0,03,-,1,3,1,02,03/09/2020, , , , , , , , , , , ,1, ,7753,0
00,1022,5,12A206,14,40515,3,1,0,02,-,1,2,2,43,21/06/1979,1,07,4,2,5,07, , , , , ,1,1,7753,15763
00,1022,5,12A206,14,40515,3,1,0,01,-,1,1,1,41,18/04/1981,1,04,3,2,5,01,5,5,3,1,003500,1, ,7753,0
00,1022,5,12A206,14,40515,4,1,1,01,-,1,1,1,48,25/12/1973,1,07,4,2,5,01,5,5,3,2,999999,1, ,7753,0
00,1022,5,12A206,14,40515,4,1,1,02,-,1,2,2,40,09/06/1982,2,07,2,2,5,07, , , , , ,1,1,7753,15763
00,1022,5,12A206,14,40515,4,1,1,03,-,1,3,1,17,09/06/2005,1,04,2,1,6,06, , , , , ,1, ,7753,0
00,1022,5,12A206,14,40515,1,1,0,02,-,1,2,2,21,03/12/2000,1,04,2,2,1,07, , , , , ,1, ,7753,0
00,1022,4,12A217,14,40538,4,1,1,01,-,1,1,1,29,11/03/1993,1,03,3,2,5,01,5,5,3,2,005000,1, ,8055,0
00,1022,4,12A217,14,40538,4,1,1,03,-,1,3,1,02,16/02/2020, , , , , , , , , , , ,1, ,8055,0
00,1022,4,12A217,14,40538,4,1,1,02,-,1,2,2,30,19/03/1992,1,07,4,2,5,01,1,7,3,2,007000,1,1,8055,16378
00,1022,4,12A217,14,40538,1,1,0,01,-,1,1,1,30,15/07/1992,1,04,3,2,6,01,5,5,3,1,999999,1,1,8055,8190
14,1022,4,12A217,14,40538,2,1,0,02,-,1,2,2,82,18/06/1940,1,04,3,2,5,07, , , , , ,1, ,8055,0
00,1022,4,12A217,14,40538,3,1,0,03,-,1,3,1,19,08/02/2003,1,07,2,1,6,06, , , , , ,1, ,8055,0
14,1022,4,12A217,14,40538,2,1,0,03,-,1,3,2,44,17/06/1978,1,07,4,2,6,01,1,5,3,2,999999,1, ,8055,0
14,1022,4,12A217,14,40538,2,1,0,01,-,1,1,1,81,30/03/1941,1,04,3,2,5,10, , , , , ,1, ,8055,0
00,1022,4,12A217,14,40538,3,1,0,01,-,1,1,1,39,03/11/1982,1,08,2,2,6,01,5,5,3,2,999999,1,1,8055,24568
00,1022,4,12A217,14,40538,3,1,0,02,-,1,2,2,33,10/04/1989,1,08,2,2,6,01,1,5,3,2,999999,1, ,8055,0
14,1022,4,12A217,14,40538,2,1,0,04,-,1,5,2,14,30/06/2008,1,02,6,1,6,06, , , , , ,1, ,8055,0
00,1022,4,11A217,14,40541,4,1,0,05,-,1,5,2,04,07/11/2017, , , , , , , , , , , ,1, ,8850,0
00,1022,4,11A217,14,40541,4,1,0,04,-,1,3,2,10,10/08/2012,1,02,3,1, , , , , , , ,1, ,8850,0
00,1022,4,11A217,14,40541,1,1,0,01,-,1,1,1,37,17/07/1985,1,07,4,2,5,01,7,3,4,1,003500,1,1,8850,17818
00,1022,4,11A217,14,40541,1,1,0,02,-,1,6,1,34,10/09/1988,1,04,3,2,6,01,7,3,4,1,003500,1, ,8850,0
00,1022,4,11A217,14,40541,2,1,0,04,-,1,5,1,06,06/12/2015,1,01,3,1, , , , , , , ,1, ,8850,0
00,1022,4,11A217,14,40541,2,1,0,01,-,1,1,1,57,14/02/1965,1,02,2,2,5,01,7,3,4,1,002500,1, ,8850,0
00,1022,4,11A217,14,40541,4,1,0,01,-,1,1,2,52,30/08/1970,1,03,3,2,1,07, , , , , ,1,1,8850,26728
00,1022,4,11A217,14,40541,4,1,0,02,-,1,2,1,62,06/03/1960,1,02,6,2,1,01,5,5,3,1,002000,1, ,8850,0
00,1022,4,11A217,14,40541,3,1,0,01,-,1,1,1,44,04/07/1978,1,03,3,2,6,01,7,5,3,1,002200,1,1,8850,8909
00,1022,4,11A217,14,40541,2,1,0,02,-,1,2,2,59,22/11/1962,1,02,2,2,5,07, , , , , ,1,1,8850,26728
00,1022,4,11A217,14,40541,2,1,0,03,-,1,3,2,22,28/03/2000,1,07,2,1,6,01,7,5,3,1,016900,1, ,8850,0
00,1022,4,11A217,14,40541,4,1,0,03,-,1,3,2,24,17/09/1998,1,04,1,2,6,01,7,2,3,1,001500,1, ,8850,0
00,1022,4,13A217,14,40543,1,1,0,01,-,1,1,2,40,26/01/1982,1,07,4,2,5,07, , , , , ,1, ,8738,0
00,1022,4,13A217,14,40543,1,1,0,02,-,1,2,1,38,15/06/1984,1,08,2,2,5,01,1,5,2,2,999999,1, ,8738,0
00,1022,4,13A217,14,40543,2,1,0,01,-,1,1,1,61,17/01/1961,1,04,3,2,6,01,9,9,2,1,000500,1,1,8738,8872
00,1022,4,13A217,14,40543,1,1,0,04,-,1,3,2,10,07/05/2012,1,02,4,1, , , , , , , ,1, ,8738,0
00,1022,4,13A217,14,40543,1,1,0,03,-,1,3,1,18,10/11/2003,1,04,3,1,6,06, , , , , ,1,1,8738,26616
00,1022,4,13A217,14,40543,4,1,0,01,-,1,1,2,62,12/04/1960,1,06,4,2,4,07, , , , , ,1,1,8738,8872
00,1022,1,11B212,14,40549,2,1,0,01,-,1,1,1,59,21/01/1963,1,03,2,2,6,01,4,4,2,1,999999,1,1,9549,9613
00,1022,1,11B212,14,40549,4,1,0,04,-,1,3,2,06,20/04/2016,1,02,1,1, , , , , , , ,1, ,9549,0
00,1022,1,11B212,14,40549,2,1,0,02,-,1,3,1,12,15/11/2009,1,03,2,1,6,06, , , , , ,1, ,9549,0
00,1022,1,11B212,14,40549,4,1,0,01,-,1,1,1,31,02/04/1991,1,04,3,2,1,01,7,2,3,1,999999,1, ,9549,0
00,1022,1,11B212,14,40549,4,1,0,03,-,1,3,1,08,08/10/2014,1,02,4,1, , , , , , , ,1, ,9549,0
00,1022,1,11B212,14,40549,1,1,0,01,-,1,1,2,44,20/10/1977,1,03,3,2,5,07, , , , , ,1,1,9549,19225
00,1022,1,11B212,14,40549,1,1,0,04,-,1,3,1,15,05/08/2007,1,03,3,2,6,10, , , , , ,1, ,9549,0
00,1022,1,11B212,14,40549,1,1,0,05,-,1,3,2,14,25/11/2007,1,03,2,1,6,06, , , , , ,1, ,9549,0
00,1022,1,11B212,14,40549,1,1,0,02,-,1,2,1,40,14/07/1982,1,02,6,2,5,01,5,5,2,1,999999,1, ,9549,0
00,1022,1,11B212,14,40549,3,1,0,05,-,1,5,1,07,08/10/2014,1,02,3,1, , , , , , , ,1, ,9549,0
00,1022,1,11B212,14,40549,3,1,0,06,-,1,5,1,03,15/07/2019, , , , , , , , , , , ,1, ,9549,0
00,1022,1,11B212,14,40549,3,1,0,02,-,1,3,2,31,12/10/1990,1,03,3,2,5,07, , , , , ,1,1,9549,28838
00,1022,1,11B212,14,40549,3,1,0,04,-,1,5,2,12,04/02/2010,1,03,1,1,6,06, , , , , ,1, ,9549,0
00,1022,1,11B212,14,40549,3,1,0,01,-,1,1,2,69,06/09/1953,2,00, ,2,6,07, , , , , ,1, ,9549,0
00,1022,1,11B212,14,40549,3,1,0,03,-,1,5,1,24,01/12/1997,1,02,6,2,5,01,7,3,3,1,999999,1, ,9549,0
00,1022,1,11B212,14,40549,1,1,0,03,-,1,3,1,17,15/01/2005,1,03,3,2,6,01,5,5,3,1,999999,1, ,9549,0
00,1022,1,11B212,14,40549,4,1,0,02,-,1,2,2,24,05/02/1998,1,03,3,2,1,07, , , , , ,1,1,9549,19225
00,1022,8,12A203,14,40550,2,1,1,04,-,1,3,1,00,09/10/2021, , , , , , , , , , , ,1, ,8827,0
00,1022,8,12A203,14,40550,2,1,1,05,-,1,6,2,30,05/04/1992,1,04,1,2,6,01,7,2,3,1,001800,1, ,8827,0
00,1022,8,12A203,14,40550,2,1,1,02,-,1,2,2,26,15/06/1996,1,03,3,2,1,07, , , , , ,1, ,8827,0
00,1022,8,12A203,14,40550,2,1,1,03,-,1,3,2,08,19/07/2014,1,02,1,1, , , , , , , ,1, ,8827,0
00,1022,8,12A203,14,40550,2,1,1,01,-,1,1,1,26,15/06/1996,1,03,3,2,1,01,7,2,3,1,002800,1,1,8827,26920
00,1022,8,12A203,14,40550,4,1,0,02,-,1,2,2,33,19/09/1989,1,04,1,2,1,07, , , , , ,1,1,8827,17947
00,1022,8,12A203,14,40550,4,1,0,04,-,1,3,1,05,18/08/2017,2,01,1,1, , , , , , , ,1, ,8827,0
00,1022,8,12A203,14,40550,1,1,0,05,-,1,5,1,03,11/10/2018, , , , , , , , , , , ,1, ,8827,0
00,1022,8,12A203,14,40550,1,1,0,01,-,1,1,1,60,28/11/1961,1,07,4,2,5,01,5,5,3,1,002400,1, ,8827,0
00,1022,8,12A203,14,40550,1,1,0,04,-,1,5,2,09,08/11/2012,1,02,2,1, , , , , , , ,1, ,8827,0
00,1022,8,12A203,14,40550,1,1,0,02,-,1,2,2,58,23/09/1964,1,02,6,2,5,07, , , , , ,1, ,8827,0
00,1022,8,12A203,14,40550,1,1,0,03,-,1,3,2,30,09/11/1991,1,04,3,2,2,01,5,5,3,1,002000,1,1,8827,26920
00,1022,8,12A203,14,40550,3,1,0,01,-,1,1,1,66,17/06/1956,1,04,3,2,4,08, , , , , ,1,1,8827,8973
00,1022,8,12A203,14,40550,4,1,0,01,-,1,1,1,34,25/07/1988,1,04,3,2,1,01,2,5,3,2,007500,1, ,8827,0
00,1022,8,12A203,14,40550,4,1,0,03,-,1,3,2,11,08/02/2011,1,02,3,1, , , , , , , ,1, ,8827,0
00,1022,8,11A203,14,40552,4,1,0,03,-,1,3,2,20,28/09/2002,1,04,3,2,6,01,5,5,3,1,999999,1, ,7449,0
00,1022,8,11A203,14,40552,4,1,0,02,-,1,3,1,33,28/04/1989,1,04,3,2,5,01,5,5,3,1,999999,1, ,7449,0
00,1022,8,11A203,14,40552,4,1,0,05,-,1,5,2,23,16/06/1999,1,04,3,1,1,01,5,5,3,1,999999,1, ,7449,0
00,1022,8,11A203,14,40552,4,1,0,04,-,1,3,1,25,30/08/1997,1,04,3,2,1,01,7,2,3,1,999999,1, ,7449,0
00,1022,8,11A203,14,40552,4,1,0,01,-,1,1,2,60,11/11/1961,1,03,3,2,4,07, , , , , ,1,1,7449,37496
00,1022,8,11A203,14,40552,3,1,0,03,-,1,3,1,26,14/03/1996,1,07,2,2,6,01,5,5,3,1,999999,1, ,7449,0
00,1022,8,11A203,14,40552,3,1,0,01,-,1,1,1,56,09/01/1966,1,07,4,2,5,01,5,5,3,1,999999,1, ,7449,0
00,1022,8,11A203,14,40552,3,1,0,02,-,1,2,1,53,09/01/1969,1,03,3,2,5,07, , , , , ,1,1,7449,22497
00,1022,7,11A203,14,40552,2,1,0,07,-,2, , , , , , , , , , , , , , , ,1, ,0,0
00,1022,8,11A203,14,40552,2,1,0,03,-,1,3,2,18,17/03/2004,1,03,3,2,6,01,5,5,3,1,999999,1, ,7449,0
00,1022,8,11A203,14,40552,2,1,0,04,-,1,5,2,13,02/09/2009,1,02,5,1,6,06, , , , , ,1, ,7449,0
00,1022,8,11A203,14,40552,2,1,0,05,-,1,5,1,08,01/07/2014,1,02,1,1, , , , , , , ,1, ,7449,0
00,1022,8,11A203,14,40552,2,1,0,02,-,1,3,2,41,04/08/1981,1,03,3,2,6,01,5,5,3,1,999999,1,1,7449,29997
00,1022,8,11A203,14,40552,2,1,0,01,-,1,1,2,63,08/12/1958,1,03,3,2,4,07, , , , , ,1, ,7449,0
00,1022,3,11A203,14,40552,1,1,0,03,-,2, , , , , , , , , , , , , , , ,1, ,0,0
00,1022,8,11A203,14,40552,1,1,0,01,-,1,1,1,43,06/05/1979,1,03,3,2,3,01,7,2,3,1,999999,1,1,7449,14998
00,1022,8,11A203,14,40552,1,1,0,02,-,1,3,2,18,22/04/2004,1,04,1,2,6,07, , , , , ,1, ,7449,0
00,1022,7,11A203,14,40552,2,1,0,06,-,2, , , , , , , , , , , , , , , ,1, ,0,0
00,1022,8,11A203,14,40552,2,1,0,10,-,1,5,2,05,28/03/2017,2,00, ,1, , , , , , , ,1, ,7449,0
00,1022,8,11A203,14,40552,2,1,0,09,-,1,5,1,06,02/04/2016,1,01,3,1, , , , , , , ,1, ,7449,0
00,1022,8,11A203,14,40552,2,1,0,08,-,1,5,2,22,02/08/2000,1,02,6,2,2,01,5,5,3,1,999999,1, ,7449,0
00,1022,8,13A203,14,40554,4,1,0,03,-,1,3,2,16,09/10/2006,1,03,2,1,6,06, , , , , ,1, ,9208,0
00,1022,8,13A203,14,40554,4,1,0,02,-,1,2,2,45,05/01/1977,1,07,4,2,5,01,1,7,3,2,999999,1, ,9208,0
00,1022,8,13A203,14,40554,4,1,0,01,-,1,1,1,47,24/11/1974,1,07,4,2,5,01,1,7,3,2,999999,1,1,9208,18699
00,1022,8,13A203,14,40554,3,1,0,01,-,1,1,1,37,04/02/1985,1,07,4,2,1,01,4,4,1,2,999999,1, ,9208,0
00,1022,8,13A203,14,40554,3,1,0,04,-,1,3,2,11,07/12/2010,1,02,4,1, , , , , , , ,1, ,9208,0
00,1022,8,13A203,14,40554,1,1,0,02,-,1,2,2,32,01/01/1990,1,07,4,2,5,01,1,7,3,2,999999,1,1,9208,18699
00,1022,8,13A203,14,40554,3,1,0,02,-,1,2,2,29,19/08/1993,1,07,3,2,1,07, , , , , ,1,1,9208,18699
00,1022,8,13A203,14,40554,2,1,0,01,-,1,1,1,27,20/03/1995,1,07,4,2,6,01,1,5,3,2,006000,1,1,9208,9349
00,1022,5,13A203,14,40554,2,1,0,02,-,2, , , , , , , , , , , , , , , ,1, ,0,0
00,1022,8,13A203,14,40554,1,1,0,01,-,1,1,1,37,01/01/1985,1,07,4,2,5,01,1,3,3,2,999999,1, ,9208,0
00,1022,8,13A203,14,40554,3,1,0,03,-,1,3,2,03,26/06/2019, , , , , , , , , , , ,1, ,9208,0
00,1022,5,13A206,14,40562,1,1,0,01,-,1,1,2,58,13/06/1964,1,04,3,2,2,01,5,5,9,5, ,1,1,9870,20042
00,1022,5,13A206,14,40562,3,1,0,02,-,1,2,2,79,09/06/1943,1,02,4,2,5,07, , , , , ,1, ,9870,0
00,1022,5,13A206,14,40562,3,1,0,01,-,1,1,1,79,10/05/1943,1,02,6,2,5,08, , , , , ,1,1,9870,20042
00,1022,5,13A206,14,40562,1,1,0,02,-,1,3,2,23,25/09/1999,1,07,2,1,6,06, , , , , ,1, ,9870,0
00,1022,5,11A206,14,40563,4,1,0,05,-,1,3,2,12,03/12/2009,1,02,5,1,6,06, , , , , ,1, ,8261,0
00,1022,5,11A206,14,40563,4,1,0,06,-,1,3,1,10,12/12/2011,1,02,4,1, , , , , , , ,1, ,8261,0
00,1022,5,11A206,14,40563,4,1,0,03,-,1,3,2,19,22/09/2003,1,04,1,1,6,06, , , , , ,1, ,8261,0
00,1022,5,11A206,14,40563,4,1,0,04,-,1,3,1,18,22/04/2004,1,03,3,1,6,06, , , , , ,1, ,8261,0
00,1022,5,11A206,14,40563,4,1,0,02,-,1,2,2,37,22/12/1984,1,04,3,2,5,01,4,4,2,1,999999,1, ,8261,0
00,1022,5,11A206,14,40563,3,1,0,01,-,1,1,1,28,22/07/1994,1,03,3,2,1,01,7,5,3,2,999999,1,1,8261,16632
00,1022,5,11A206,14,40563,3,1,0,02,-,1,2,2,28,04/08/1994,1,04,3,2,1,07, , , , , ,1, ,8261,0
00,1022,5,11A206,14,40563,3,1,0,03,-,1,3,1,04,06/10/2018, , , , , , , , , , , ,1, ,8261,0
00,1022,5,11A206,14,40563,2,1,0,01,-,1,1,1,67,19/09/1955,1,03,3,2,6,01,7,2,3,2,999999,1,1,8261,8316
00,1022,5,11A206,14,40563,4,1,0,01,-,1,1,1,39,18/09/1983,1,03,3,2,5,01,7,2,3,1,999999,1,1,8261,33265
00,1022,4,12A217,14,40584,2,1,0,04,-,3,7,2,19,28/10/2002,1,04,1,2,6,01,4,4,3,2,003000,1, ,6305,0
00,1022,4,12A217,14,40584,4,1,0,04,-,1,3,1,25,29/08/1997,1,03,3,2,5,01,4,4,3,1,001900,1, ,6305,0
00,1022,4,12A217,14,40584,4,1,0,02,-,1,2,2,45,16/09/1977,1,02,6,2,1,01,4,4,2,1,002100,1, ,6305,0
00,1022,4,12A217,14,40584,4,1,0,03,-,1,3,2,26,12/11/1995,1,07,4,2,6,01,1,2,3,2,008000,1,1,6305,38457
00,1022,4,12A217,14,40584,4,1,0,05,-,1,3,1,07,25/06/2015,2,01,3,1, , , , , , , ,1, ,6305,0
00,1022,4,12A217,14,40584,4,1,0,01,-,1,1,1,53,21/08/1969,1,02,3,2,1,01,4,4,3,1,001800,1, ,6305,0
00,1022,4,12A217,14,40584,4,1,0,06,-,1,5,2,20,15/08/2002,1,02,6,2,5,01,5,5,2,1,002300,1, ,6305,0
00,1022,4,12A217,14,40584,4,1,0,07,-,3,7,1,30,30/06/1992,1,99, ,2,6,01,4,4,3,1,002100,1, ,6305,0
00,1022,4,12A217,14,40584,2,1,0,03,-,1,3,2,03,27/03/2019, , , , , , , , , , , ,1, ,6305,0
00,1022,4,12A217,14,40584,2,1,0,02,-,1,2,2,22,04/07/2000,1,03,3,2,5,01,2,7,3,2,005100,1, ,6305,0
00,1022,4,12A217,14,40584,2,1,0,01,-,1,1,1,21,01/11/2000,1,03,3,2,5,01,5,5,2,1,002000,1,1,6305,19228
00,1022,4,12A217,14,40585,1,1,0,02,-,1,2,2,72,15/09/1950,1,02,6,2,5,07, , , , , ,1, ,7979,0
00,1022,4,12A217,14,40585,1,1,0,04,-,1,3,1,38,12/09/1984,1,07,3,2,6,04, , , , , ,1, ,7979,0
00,1022,4,12A217,14,40585,2,1,0,03,-,1,3,1,17,27/09/2005,1,04,2,1,6,06, , , , , ,1, ,7979,0
00,1022,4,12A217,14,40585,2,1,0,02,-,1,6,2,46,23/11/1975,1,04,3,2,6,01,3,5,3,1,999999,1,1,7979,16224
00,1022,4,12A217,14,40585,1,1,0,03,-,1,3,1,53,11/08/1969,1,07,4,2,6,01,7,2,3,1,004000,1, ,7979,0
00,1022,4,12A217,14,40585,3,1,0,01,-,1,1,2,52,10/12/1969,1,03,3,2,5,07, , , , , ,1,1,7979,24336
00,1022,4,12A217,14,40585,3,1,0,02,-,1,2,1,52,15/02/1970,1,03,3,2,5,01,7,2,3,1,999999,1, ,7979,0
00,1022,4,12A217,14,40585,3,1,0,03,-,1,3,1,24,07/06/1998,1,04,3,2,6,01,5,5,3,1,999999,1, ,7979,0
00,1022,4,12A217,14,40585,1,1,0,01,-,1,1,1,75,10/07/1947,1,02,6,2,5,08, , , , , ,1,1,7979,32448
00,1022,4,12A217,14,40585,2,1,0,01,-,1,1,2,52,24/09/1970,1,06,4,2,6,08, , , , , ,1, ,7979,0
00,1022,4,13A217,14,40587,3,1,0,02,-,1,3,2,48,10/03/1974,1,06,3,2,6,01,4,4,3,1,999999,1,1,9749,59389
00,1022,4,13A217,14,40587,3,1,0,03,-,1,3,2,46,10/07/1976,1,07,4,2,5,01,1,5,2,2,999999,1, ,9749,0
00,1022,4,13A217,14,40587,3,1,0,01,-,1,1,2,68,01/04/1954,1,06,3,2,6,07, , , , , ,1, ,9749,0
00,1022,4,13A217,14,40587,3,1,0,07,-,1,5,2,09,16/06/2013,1,02,3,1, , , , , , , ,1, ,9749,0
00,1022,4,13A217,14,40587,3,1,0,05,-,1,5,1,23,16/06/1999,1,07,3,1,6,06, , , , , ,1, ,9749,0
00,1022,4,13A217,14,40587,3,1,0,06,-,1,5,1,11,16/06/2011,1,02,4,1, , , , , , , ,1, ,9749,0
00,1022,3,13A217,14,40587,1,1,0,01,-,2, , , , , , , , , , , , , , , ,1, ,0,0
00,1022,4,13A217,14,40587,1,1,0,02,-,1,2,2,62,03/03/1960,1,06,5,2,5,07, , , , , ,1,1,9749,9898
00,1022,4,13A217,14,40587,4,1,0,02,-,1,2,2,62,06/08/1960,1,08,2,2,5,01,1,5,3,2,999999,1, ,9749,0
00,1022,4,13A217,14,40587,4,1,0,01,-,1,1,1,70,29/05/1952,1,08,2,2,5,01,1,5,3,2,999999,1, ,9749,0
00,1022,4,13A217,14,40587,4,1,0,04,-,1,3,1,21,16/04/2001,1,07,3,1,6,06, , , , , ,1, ,9749,0
00,1022,4,13A217,14,40587,4,1,0,03,-,1,3,2,28,21/09/1994,1,07,2,1,6,06, , , , , ,1,1,9749,39593
00,1022,4,13A217,14,40587,2,1,0,05,-,1,5,2,13,15/01/2009,1,03,1,1,6,06, , , , , ,1, ,9749,0
00,1022,4,13A217,14,40587,2,1,0,03,-,1,5,1,20,05/08/2002,1,03,3,1,6,06, , , , , ,1, ,9749,0
00,1022,4,13A217,14,40587,2,1,0,02,-,1,2,2,64,05/07/1958,1,04,3,2,5,07, , , , , ,1, ,9749,0
00,1022,4,13A217,14,40587,2,1,0,04,-,1,5,2,16,14/03/2006,1,03,3,1,6,06, , , , , ,1, ,9749,0
00,1022,4,13A217,14,40587,3,1,0,08,-,1,5,1,23,01/07/1999,1,07,4,1,6,06, , , , , ,1, ,9749,0
00,1022,4,13A217,14,40587,3,1,0,04,-,1,5,1,46,16/06/1976,1,07,4,2,5,01,1,3,3,2,999999,1, ,9749,0
00,1022,4,13A217,14,40587,2,1,0,01,-,1,1,1,64,17/07/1958,1,07,1,2,5,01,5,5,3,2,999999,1,1,9749,29694
00,1022,8,12A203,14,40593,1,1,0,01,-,1,1,2,42,20/06/1980,1,04,3,2,6,01,5,5,3,2,999999,1,1,7815,7945
00,1022,8,12A203,14,40593,3,1,1,05,-,1,3,1,03,10/05/2019, , , , , , , , , , , ,1, ,7815,0
00,1022,8,12A203,14,40593,3,1,1,06,-,1,3,2,24,15/04/1998,1,04,3,2,6,01,5,5,3,2,999999,1, ,7815,0
00,1022,8,12A203,14,40593,3,1,1,04,-,1,3,2,06,29/02/2016,1,01,2,1, , , , , , , ,1, ,7815,0
00,1022,8,12A203,14,40593,3,1,1,01,-,1,1,1,45,30/05/1977,1,02,6,2,1,01,7,2,3,1,999999,1,1,7815,31780
00,1022,8,12A203,14,40593,3,1,1,03,-,1,3,2,08,24/04/2014,1,02,1,1, , , , , , , ,1, ,7815,0
00,1022,8,12A203,14,40593,3,1,1,02,-,1,2,2,41,28/03/1981,1,03,3,2,1,07, , , , , ,1, ,7815,0
00,1022,8,12A203,14,40593,4,1,0,05,-,1,3,1,09,15/06/2013,1,02,2,1, , , , , , , ,1, ,7815,0
00,1022,8,12A203,14,40593,4,1,0,04,-,1,3,1,13,15/06/2009,1,02,5,1,6,06, , , , , ,1, ,7815,0
00,1022,8,12A203,14,40593,4,1,0,03,-,1,3,1,19,15/06/2003,1,04,3,1,6,06, , , , , ,1, ,7815,0
00,1022,8,12A203,14,40593,4,1,0,01,-,1,1,1,37,15/06/1985,1,04,3,2,5,01,1,5,3,2,008000,1,1,7815,23836
00,1022,8,12A203,14,40593,4,1,0,02,-,1,2,2,38,15/06/1984,1,04,3,2,5,01,3,5,3,2,006000,1, ,7815,0
00,1022,8,12A203,14,40593,3,1,1,07,-,1,6,1,55,09/02/1967,1,02,6,2,4,01,7,2,3,2,999999,1, ,7815,0
00,1022,8,12A203,14,40593,2,1,0,01,-,1,1,2,61,30/05/1961,1,04,3,2,6,08, , , , , ,1,1,7815,7945
00,1022,8,12A203,14,40593,3,1,1,08,-,1,5,2,03,19/12/2018, , , , , , , , , , , ,1, ,7815,0
00,1022,1,12B212,14,40594,1,1,0,01,-,1,1,1,83,19/08/1939,1,03,3,2,5,08, , , , , ,1,1,7815,15890
00,1022,1,12B212,14,40594,1,1,0,02,-,1,2,2,77,17/09/1945,1,02,6,2,5,07, , , , , ,1, ,7815,0
00,1022,1,12B212,14,40594,3,1,0,03,-,1,3,2,17,30/06/2005,1,04,2,1,6,06, , , , , ,1, ,7815,0
00,1022,1,12B212,14,40594,3,1,0,01,-,1,1,1,50,13/12/1971,1,07,1,2,5,01,4,4,3,2,999999,1,1,7815,15890
00,1022,1,12B212,14,40594,3,1,0,02,-,1,2,2,40,30/06/1982,1,07,1,2,5,01,3,5,3,2,999999,1, ,7815,0
00,1022,1,12B212,14,40594,3,1,0,04,-,1,3,2,13,30/06/2009,1,03,1,1,6,06, , , , , ,1, ,7815,0
00,1022,8,11A203,14,40595,3,1,0,01,-,1,1,1,46,31/10/1975,1,07,4,2,5,01,3,7,3,2,999999,1,1,8983,18086
00,1022,8,11A203,14,40595,3,1,0,03,-,1,3,1,16,09/03/2006,1,03,2,1,6,06, , , , , ,1, ,8983,0
00,1022,8,11A203,14,40595,3,1,0,02,-,1,2,2,44,01/01/1978,1,04,3,2,5,01,7,2,3,1,999999,1, ,8983,0
00,1022,5,11A203,14,40595,2,1,0,10,-,2, , , , , , , , , , , , , , , ,1, ,0,0
00,1022,5,11A203,14,40595,2,1,0,08,-,2, , , , , , , , , , , , , , , ,1, ,0,0
00,1022,5,11A203,14,40595,2,1,0,07,-,2, , , , , , , , , , , , , , , ,1, ,0,0
00,1022,5,11A203,14,40595,2,1,0,03,-,2, , , , , , , , , , , , , , , ,1, ,0,0
00,1022,8,11A203,14,40595,2,1,0,01,-,1,1,2,53,01/12/1968,1,02,5,2,5,01,5,5,3,1,999999,1,1,8983,36173
00,1022,8,11A203,14,40595,2,1,0,04,-,1,3,2,23,10/03/1999,1,03,3,2,6,01,7,2,3,1,999999,1, ,8983,0
00,1022,8,11A203,14,40595,2,1,0,06,-,1,3,1,17,09/01/2005,1,03,3,2,6,04, , , , , ,1, ,8983,0
00,1022,8,11A203,14,40595,2,1,0,09,-,1,3,1,05,10/11/2016,2,01,2,1, , , , , , , ,1, ,8983,0
00,1022,8,11A203,14,40595,2,1,0,02,-,1,2,1,55,04/02/1967,1,02,5,2,5,01,7,2,3,1,999999,1, ,8983,0
00,1022,8,11A203,14,40595,2,1,0,05,-,1,3,1,19,17/05/2003,1,04,2,2,6,01,7,2,3,1,999999,1, ,8983,0
00,1022,8,11A203,14,40595,4,1,0,02,-,1,3,2,08,02/12/2013,2,02,1,1, , , , , , , ,1, ,8983,0
00,1022,8,11A203,14,40595,3,1,0,04,-,1,3,1,14,08/05/2008,1,02,6,1,6,06, , , , , ,1, ,8983,0
00,1022,8,11A203,14,40595,4,1,0,01,-,1,1,1,29,19/12/1992,1,04,3,2,6,01,4,4,3,2,005000,1,1,8983,9043
00,1022,1,13B212,14,40596,1,1,0,01,-,1,1,1,33,01/03/1989,1,04,3,2,1,01,5,5,2,1,003000,1, ,10617,0
00,1022,1,13B212,14,40596,1,1,0,04,-,1,3,1,12,18/05/2010,1,02,6,1,6,06, , , , , ,1, ,10617,0
00,1022,1,13B212,14,40596,1,1,0,03,-,1,3,1,06,12/03/2016,1,01,2,1, , , , , , , ,1, ,10617,0
00,1022,1,13B212,14,40596,2,1,0,02,-,1,2,1,50,09/05/1972,1,04,3,2,6,01,4,4,2,1,999999,1,1,10617,32340
00,1022,1,13B212,14,40596,2,1,0,03,-,1,3,2,20,10/07/2002,1,06,3,2,6,01,1,5,3,2,002000,1, ,10617,0
00,1022,1,13B212,14,40596,2,1,0,01,-,1,1,2,42,07/10/1980,1,06,3,2,6,01,4,5,3,1,999999,1, ,10617,0
00,1022,1,13B212,14,40596,3,1,0,02,-,1,2,2,33,27/03/1989,1,03,3,2,5,07, , , , , ,1, ,10617,0
00,1022,1,13B212,14,40596,3,1,0,01,-,1,1,1,38,15/08/1984,1,03,2,2,5,01,5,5,3,1,003000,1,1,10617,21560
00,1022,1,13B212,14,40596,3,1,0,05,-,1,3,2,07,29/08/2015,1,02,1,1, , , , , , , ,1, ,10617,0
00,1022,1,13B212,14,40596,3,1,0,04,-,1,3,1,12,14/05/2010,1,02,6,1,6,06, , , , , ,1, ,10617,0
00,1022,1,13B212,14,40596,3,1,0,03,-,1,3,1,14,17/10/2007,1,03,3,1,6,06, , , , , ,1, ,10617,0
00,1022,1,13B212,14,40596,4,1,0,05,-,1,3,1,19,23/03/2003,1,04,3,1,6,01,5,5,3,1,000300,1, ,10617,0
00,1022,1,13B212,14,40596,4,1,0,03,-,1,3,1,22,30/09/2000,1,07,5,2,6,01,1,5,3,2,999999,1, ,10617,0
00,1022,1,13B212,14,40596,4,1,0,02,-,1,2,2,34,05/07/1988,1,02,6,2,5,01,7,2,3,1,002000,1,1,10617,53899
00,1022,1,13B212,14,40596,4,1,0,01,-,1,1,1,45,27/04/1977,1,03,3,2,5,01,5,5,3,1,001700,1, ,10617,0
00,1022,1,13B212,14,40596,4,1,0,04,-,1,7,1,65,15/07/1957,1,03,3,2,6,08, , , , , ,1, ,10617,0
00,1022,1,13B212,14,40596,1,1,0,05,-,1,3,2,05,09/04/2017,2,01,1,1, , , , , , , ,1, ,10617,0
00,1022,1,13B212,14,40596,1,1,0,02,-,1,2,2,32,30/06/1990,1,04,3,2,1,01,5,5,3,1,003000,1,1,10617,21560
00,1022,5,12A203,14,40597,2,1,0,02,-,2, , , , , , , , , , , , , , , ,1, ,0,0
00,1022,8,12A203,14,40597,4,1,0,03,-,1,3,2,00,18/02/2022, , , , , , , , , , , ,1, ,8101,0
00,1022,8,12A203,14,40597,3,1,0,03,-,1,3,2,11,25/10/2010,1,02,4,1, , , , , , , ,1, ,8101,0
00,1022,8,12A203,14,40597,3,1,0,05,-,1,3,2,01,15/07/2021, , , , , , , , , , , ,1, ,8101,0
00,1022,5,12A203,14,40597,2,1,0,03,-,2, , , , , , , , , , , , , , , ,1, ,0,0
00,1022,8,12A203,14,40597,4,1,0,01,-,1,1,1,34,04/08/1988,1,07,5,2,5,01,2,7,3,2,005000,1,1,8101,16471
00,1022,8,12A203,14,40597,4,1,0,02,-,1,2,2,29,02/07/1993,1,07,5,2,5,01,1,5,3,2,005000,1, ,8101,0
00,1022,8,12A203,14,40597,2,1,0,01,-,1,1,1,30,19/03/1992,1,04,3,2,1,01,5,5,3,1,002100,1,1,8101,16471
00,1022,8,12A203,14,40597,2,1,0,04,-,1,4,2,54,23/05/1968,1,03,3,2,4,07, , , , , ,1, ,8101,0
00,1022,8,12A203,14,40597,3,1,0,02,-,1,2,2,35,03/03/1987,1,03,3,2,1,07, , , , , ,1,1,8101,16471
00,1022,8,12A203,14,40597,3,1,0,04,-,1,3,2,07,14/05/2015,1,02,1,1, , , , , , , ,1, ,8101,0
00,1022,8,12A203,14,40597,3,1,0,01,-,1,1,1,38,26/07/1984,1,03,2,2,1,01,7,2,3,1,999999,1, ,8101,0
00,1022,8,12A203,14,40597,1,1,0,02,-,1,3,1,20,17/06/2002,1,04,3,1,6,01,4,4,3,1,000500,1, ,8101,0
00,1022,2,12A203,14,40597,1,1,0,03,-,2, , , , , , , , , , , , , , , ,1, ,0,0
00,1022,8,12A203,14,40597,1,1,0,01,-,1,1,2,50,16/06/1972,1,04,3,2,2,01,4,3,3,3,002000,1,1,8101,16471
00,1022,8,12A203,14,40597,1,1,0,04,-,1,3,2,12,16/06/2010,1,02,5,1,6,06, , , , , ,1, ,8101,0
00,1022,1,12B212,14,40599,3,1,0,01,-,1,1,1,45,16/06/1977,1,00, ,2,5,01,4,4,2,1,999999,1, ,9448,0
00,1022,1,12B212,14,40599,3,1,0,02,-,1,2,2,45,16/06/1977,2,00, ,2,5,01,4,4,2,1,999999,1, ,9448,0
00,1022,1,12B212,14,40599,3,1,0,03,-,1,3,2,20,01/12/2001,1,07,4,1,6,01,1,5,3,2,999999,1,1,9448,28814
00,1022,1,12B212,14,40599,3,1,0,05,-,1,3,2,17,22/12/2004,1,04,2,1,6,01,5,5,3,1,999999,1, ,9448,0
00,1022,1,12B212,14,40599,1,1,0,01,-,1,1,2,44,05/09/1978,1,07,4,2,5,01,4,4,2,2,999999,1,1,9448,19210
00,1022,1,12B212,14,40599,3,1,0,04,-,1,3,2,15,06/11/2006,1,03,2,1,6,06, , , , , ,1, ,9448,0
00,1022,1,12B212,14,40599,1,1,0,02,-,1,2,1,55,09/12/1966,1,07,4,2,5,01,5,5,3,1,999999,1, ,9448,0
00,1022,1,12B212,14,40599,1,1,0,03,-,1,3,1,14,14/11/2007,1,04,1,1,6,06, , , , , ,1, ,9448,0
00,1022,1,12B212,14,40599,3,1,0,06,-,1,5,2,04,10/04/2018, , , , , , , , , , , ,1, ,9448,0
00,1022,7,11A204,15,40004,3,1,0,01,-,1,1,1,41,23/09/1981,1,03,3,2,5,01,4,4,3,1,999999,1,1,6925,34855
00,1022,7,11A204,15,40004,3,1,0,03,-,1,4,1,62,04/02/1960,1,03,3,2,5,01,5,5,2,1,999999,1, ,6925,0
00,1022,7,11A204,15,40004,1,1,0,01,-,1,1,1,58,18/10/1963,1,07,5,2,1,01,1,5,2,3,010000,1,1,6925,34855
00,1022,7,11A204,15,40004,1,1,0,05,-,1,3,2,18,15/05/2004,1,04,3,1,6,06, , , , , ,1, ,6925,0
00,1022,7,11A204,15,40004,1,1,0,04,-,1,3,2,20,15/04/2002,1,07,2,1,6,06, , , , , ,1, ,6925,0
00,1022,7,11A204,15,40004,1,1,0,03,-,1,3,2,25,15/12/1996,1,07,2,2,6,01,5,5,3,2,999999,1, ,6925,0
00,1022,7,11A204,15,40004,4,1,0,04,-,1,3,1,51,28/05/1971,1,03,3,2,6,01,7,2,3,1,001100,1, ,6925,0
00,1022,7,11A204,15,40004,1,1,0,02,-,1,2,2,53,01/01/1969,1,07,5,2,1,01,1,5,2,3,010000,1, ,6925,0
00,1022,7,11A204,15,40004,3,1,0,02,-,1,2,2,36,12/10/1985,1,03,3,2,5,01,4,4,2,1,999999,1, ,6925,0
00,1022,7,11A204,15,40004,4,1,0,01,-,1,1,1,81,17/06/1941,1,02,6,2,5,08, , , , , ,1, ,6925,0
00,1022,7,11A204,15,40004,4,1,0,05,-,1,3,1,35,25/11/1986,1,03,3,2,6,01,5,5,2,1,001000,1,1,6925,34855
00,1022,7,11A204,15,40004,4,1,0,02,-,1,2,2,73,01/02/1949,1,02,6,2,5,07, , , , , ,1, ,6925,0
00,1022,7,11A204,15,40004,4,1,0,03,-,1,3,2,54,07/04/1968,1,03,3,2,6,01,5,2,3,1,001300,1, ,6925,0
00,1022,7,11A204,15,40004,3,1,0,04,-,1,4,2,61,21/05/1961,1,06,3,2,5,01,5,5,3,1,999999,1, ,6925,0
00,1022,7,11A204,15,40004,3,1,0,05,-,1,3,1,22,23/05/2000,1,04,3,1,6,06, , , , , ,1, ,6925,0
00,1022,7,11A204,15,40004,3,1,0,06,-,1,3,2,15,09/11/2006,1,03,2,1,6,06, , , , , ,1, ,6925,0
00,1022,7,11A204,15,40006,3,1,0,02,-,1,2,2,36,02/04/1986,1,07,4,2,5,01,2,7,3,2,005000,1, ,9981,0
00,1022,7,11A204,15,40006,3,1,0,01,-,1,1,1,44,04/09/1978,1,03,3,2,5,01,2,7,3,2,005000,1,1,9981,20097
00,1022,7,11A204,15,40006,1,1,0,04,-,1,5,2,26,06/03/1996,1,04,3,2,5,01,5,4,3,1,999999,1, ,9981,0
00,1022,7,11A204,15,40006,1,1,0,02,-,1,2,2,63,11/08/1959,1,03,3,2,5,07, , , , , ,1,1,9981,40193
00,1022,7,11A204,15,40006,1,1,0,01,-,1,1,1,63,06/05/1959,1,03,3,2,5,01,7,4,3,2,002500,1, ,9981,0
00,1022,7,11A204,15,40006,1,1,0,03,-,1,3,1,29,09/02/1993,1,04,3,2,5,01,7,4,3,1,001200,1, ,9981,0
00,1022,7,11A204,15,40006,3,1,0,03,-,1,3,2,14,16/08/2008,1,03,1,1,6,06, , , , , ,1, ,9981,0
00,1022,7,11A204,15,40006,3,1,0,04,-,1,3,2,07,24/07/2015,1,01,3,1, , , , , , , ,1, ,9981,0
00,1022,7,11A204,15,40006,2,1,0,03,-,1,3,1,20,23/04/2002,1,04,3,1,6,01,7,2,3,1,999999,1,1,9981,10048
00,1022,5,11A204,15,40006,2,1,0,05,-,2, , , , , , , , , , , , , , , ,1, ,0,0
00,1022,5,11A204,15,40006,2,1,0,04,-,2, , , , , , , , , , , , , , , ,1, ,0,0
00,1022,7,11A204,15,40006,4,1,0,06,-,1,5,1,00,24/11/2021, , , , , , , , , , , ,1, ,9981,0
00,1022,5,11A204,15,40006,2,1,0,01,-,2, , , , , , , , , , , , , , , ,1, ,0,0
00,1022,7,11A204,15,40006,4,1,0,01,-,1,1,2,65,27/07/1957,1,02,6,2,5,07, , , , , ,1, ,9981,0
00,1022,7,11A204,15,40006,4,1,0,03,-,1,5,2,08,17/03/2014,1,02,1,1, , , , , , , ,1, ,9981,0
00,1022,7,11A204,15,40006,4,1,0,05,-,1,2,1,64,16/10/1957,1,02,6,2,5,02,6,1,6,5, ,1, ,9981,0
00,1022,7,11A204,15,40006,4,1,0,04,-,1,5,2,28,24/11/1993,1,03,3,2,1,07, , , , , ,1,1,9981,30145
00,1022,7,11A204,15,40006,4,1,0,02,-,1,5,1,10,25/09/2012,1,02,3,1, , , , , , , ,1, ,9981,0
00,1022,5,11A204,15,40006,2,1,0,02,-,2, , , , , , , , , , , , , , , ,1, ,0,0
00,1022,2,11B211,15,40025,3,1,0,01,-,1,1,2,59,28/12/1962,2,00, ,2,5,01,4,4,2,1,999999,1,1,9244,27916
00,1022,2,11B211,15,40025,2,1,0,01,-,1,1,1,58,01/09/1964,1,03,3,2,5,01,5,5,3,2,999999,1, ,9244,0
00,1022,2,11B211,15,40025,2,1,0,04,-,1,5,2,39,17/12/1982,1,03,3,2,5,07, , , , , ,1,1,9244,55833
00,1022,2,11B211,15,40025,1,1,0,01,-,1,1,1,40,11/09/1982,1,07,4,2,1,01,1,7,3,2,999999,1, ,9244,0
00,1022,2,11B211,15,40025,1,1,0,02,-,1,2,2,41,07/09/1981,1,07,4,2,1,01,1,7,3,2,999999,1,1,9244,18611
00,1022,2,11B211,15,40025,1,1,0,04,-,1,3,2,09,28/02/2013,1,02,3,1, , , , , , , ,1, ,9244,0
00,1022,2,11B211,15,40025,1,1,0,03,-,1,3,1,09,28/02/2013,1,02,3,1, , , , , , , ,1, ,9244,0
00,1022,2,11B211,15,40025,2,1,0,05,-,1,5,1,16,20/06/2006,1,03,3,2,6,01,5,5,3,2,999999,1, ,9244,0
00,1022,2,11B211,15,40025,2,1,0,02,-,1,2,2,55,11/09/1967,1,00, ,2,5,01,5,5,3,2,999999,1, ,9244,0
00,1022,2,11B211,15,40025,2,1,0,03,-,1,3,1,38,07/03/1984,1,03,3,2,5,01,5,5,3,2,999999,1, ,9244,0
00,1022,2,11B211,15,40025,2,1,0,07,-,1,5,1,23,17/08/1999,1,04,3,2,1,01,5,5,3,2,999999,1, ,9244,0
00,1022,2,11B211,15,40025,2,1,0,06,-,1,5,2,18,19/05/2004,1,03,3,2,1,07, , , , , ,1, ,9244,0
00,1022,2,11B211,15,40025,2,1,0,10,-,1,5,1,04,01/10/2018, , , , , , , , , , , ,1, ,9244,0
00,1022,2,11B211,15,40025,3,1,0,03,-,1,3,1,20,08/04/2002,1,04,2,1,6,01,5,5,3,1,999999,1, ,9244,0
00,1022,2,11B211,15,40025,2,1,0,08,-,1,5,2,15,01/08/2007,1,03,3,1,6,06, , , , , ,1, ,9244,0
00,1022,2,11B211,15,40025,2,1,0,09,-,1,5,2,14,08/03/2008,1,03,2,1,6,06, , , , , ,1, ,9244,0
00,1022,2,11B211,15,40025,3,1,0,02,-,1,2,1,64,07/03/1958,1,00, ,2,5,01,4,4,2,1,999999,1, ,9244,0
00,1022,3,12A218,15,40029,2,1,0,02,-,1,2,2,49,22/05/1973,1,07,5,2,5,07, , , , , ,1, ,8573,0
00,1022,3,12A218,15,40029,2,1,0,04,-,1,3,1,17,21/02/2005,1,04,2,1,6,06, , , , , ,1, ,8573,0
00,1022,3,12A218,15,40029,2,1,0,01,-,1,1,1,54,25/10/1967,1,07,5,2,5,01,1,5,3,2,999999,1,1,8573,26147
00,1022,3,12A218,15,40029,1,1,0,01,-,1,1,1,33,11/08/1989,1,07,5,2,1,01,5,5,3,2,999999,1,1,8573,17431
00,1022,3,12A218,15,40029,1,1,0,03,-,1,3,2,13,19/01/2009,1,03,1,1,6,06, , , , , ,1, ,8573,0
00,1022,3,12A218,15,40029,4,1,0,03,-,1,6,2,45,15/06/1977,1,03,3,2,6,01,5,5,3,2,999999,1, ,8573,0
00,1022,3,12A218,15,40029,4,1,0,02,-,1,6,1,50,19/02/1972,1,03,3,2,6,01,5,3,3,1,999999,1, ,8573,0
00,1022,3,12A218,15,40029,4,1,0,05,-,1,7,2,00,17/12/2021, , , , , , , , , , , ,1, ,8573,0
00,1022,3,12A218,15,40029,4,1,0,04,-,1,4,2,84,27/07/1938,1,03,3,2,4,07, , , , , ,1, ,8573,0
00,1022,3,12A218,15,40029,4,1,0,01,-,1,1,1,49,26/01/1973,1,03,3,2,6,01,5,5,3,2,001200,1,1,8573,34862
00,1022,3,12A218,15,40029,2,1,0,03,-,1,3,2,26,22/11/1995,1,07,5,2,6,10, , , , , ,1, ,8573,0
00,1022,3,12A218,15,40029,1,1,0,04,-,1,3,1,09,11/08/2013,1,02,3,1, , , , , , , ,1, ,8573,0
00,1022,3,12A218,15,40029,3,1,0,01,-,1,1,1,40,10/05/1982,1,03,3,2,6,01,4,4,2,1,000300,1,1,8573,8716
00,1022,3,12A218,15,40029,1,1,0,02,-,1,2,2,34,11/08/1988,1,07,5,2,1,07, , , , , ,1, ,8573,0
00,1022,3,11A218,15,40056,3,1,0,01,-,1,1,1,69,08/10/1952,1,02,3,2,5,01,4,4,2,1,000050,1,1,7681,23197
00,1022,3,11A218,15,40056,3,1,0,02,-,1,2,2,75,16/02/1947,2,00, ,2,5,07, , , , , ,1, ,7681,0
00,1022,3,11A218,15,40056,3,1,0,03,-,1,3,1,44,15/11/1977,1,03,3,2,6,01,7,2,3,1,999999,1, ,7681,0
00,1022,3,11A218,15,40056,2,1,0,01,-,1,1,2,55,03/07/1967,1,02,6,2,2,01,5,5,2,1,000600,1,1,7681,15465
00,1022,3,11A218,15,40056,2,1,0,03,-,1,5,1,16,22/10/2005,1,04,1,1,6,06, , , , , ,1, ,7681,0
00,1022,3,11A218,15,40056,2,1,0,04,-,1,5,1,15,18/09/2007,1,03,3,1,6,06, , , , , ,1, ,7681,0
00,1022,3,11A218,15,40056,2,1,0,05,-,1,3,1,32,17/07/1990,1,03,3,2,6,01,4,4,2,1,000200,1, ,7681,0
00,1022,3,11A218,15,40056,2,1,0,02,-,2, , , , , , , , , , , , , , , ,1, ,0,0
00,1022,7,11A204,15,40092,4,1,0,02,-,1,2,2,50,07/09/1972,1,07,5,2,5,07, , , , , ,1,1,8335,16783
00,1022,7,11A204,15,40092,4,1,0,01,-,1,1,1,48,28/11/1973,1,07,5,2,5,01,2,2,3,2,010000,1, ,8335,0
00,1022,7,11A204,15,40092,2,1,0,01,-,1,1,2,61,27/06/1961,1,08,2,2,4,01,2,7,2,2,003000,1, ,8335,0
00,1022,7,11A204,15,40092,2,1,0,02,-,1,3,1,20,06/03/2002,1,04,3,2,6,01,5,5,3,2,004000,1,1,8335,16783
00,1022,7,11A204,15,40092,3,1,0,02,-,1,3,2,50,21/09/1972,1,02,6,2,5,07, , , , , ,1, ,8335,0
00,1022,7,11A204,15,40092,3,1,0,06,-,1,5,1,21,14/10/2000,1,04,3,1,6,06, , , , , ,1, ,8335,0
00,1022,7,11A204,15,40092,3,1,0,04,-,1,5,1,17,08/08/2005,1,04,2,1,6,06, , , , , ,1, ,8335,0
00,1022,7,11A204,15,40092,3,1,0,05,-,1,5,1,12,22/12/2009,1,02,6,1,6,06, , , , , ,1, ,8335,0
00,1022,7,11A204,15,40092,3,1,0,09,-,1,5,2,50,01/09/1972,1,03,3,2,1,07, , , , , ,1,1,8335,58739
00,1022,7,11A204,15,40092,3,1,0,03,-,1,3,2,40,11/01/1982,1,03,1,2,1,01,7,2,2,1,999999,1, ,8335,0
00,1022,7,11A204,15,40092,3,1,0,07,-,1,5,1,25,17/06/1997,1,04,3,2,6,01,3,5,3,2,999999,1, ,8335,0
00,1022,7,11A204,15,40092,3,1,0,01,-,1,1,2,71,30/04/1951,1,00, ,2,4,07, , , , , ,1, ,8335,0
00,1022,7,11A204,15,40092,3,1,0,08,-,1,3,1,51,16/06/1971,1,02,6,2,1,01,7,2,3,2,999999,1, ,8335,0
00,1022,7,11A204,15,40092,1,1,0,03,-,1,3,2,22,21/03/2000,1,04,3,2,6,01,3,5,3,1,001000,1, ,8335,0
00,1022,7,11A204,15,40092,1,1,0,01,-,1,1,2,52,24/12/1969,1,03,3,2,1,01,3,4,3,1,000900,1,1,8335,33565
00,1022,7,11A204,15,40092,1,1,0,04,-,1,3,1,29,14/01/1993,1,04,3,2,6,01,7,2,3,1,001000,1, ,8335,0
00,1022,7,11A204,15,40092,1,1,0,02,-,1,2,1,53,15/07/1969,1,04,3,2,1,01,7,2,3,1,001100,1, ,8335,0
00,1022,7,11A204,15,40092,4,1,0,03,-,1,3,2,11,05/01/2011,1,02,4,1, , , , , , , ,1, ,8335,0
00,1022,3,11A218,15,40114,3,1,0,02,-,1,2,2,29,27/12/1992,1,07,4,2,1,01,4,4,3,1,001400,1,1,7414,22390
00,1022,3,11A218,15,40114,4,1,0,02,-,1,2,2,25,18/08/1997,1,04,3,2,1,01,4,4,2,1,999999,1,1,7414,14927
00,1022,3,11A218,15,40114,3,1,0,01,-,1,1,1,28,19/04/1994,1,04,3,2,1,01,5,5,2,1,999999,1, ,7414,0
00,1022,3,11A218,15,40114,1,1,0,03,-,1,3,1,04,19/01/2018, , , , , , , , , , , ,1, ,7414,0
00,1022,3,11A218,15,40114,1,1,0,02,-,1,2,2,29,18/04/1993,1,03,3,2,1,07, , , , , ,1, ,7414,0
00,1022,3,11A218,15,40114,1,1,0,04,-,1,3,2,02,09/09/2020, , , , , , , , , , , ,1, ,7414,0
00,1022,3,11A218,15,40114,1,1,0,01,-,1,1,1,23,18/04/1999,1,03,3,2,1,01,5,5,3,1,001300,1,1,7414,14927
00,1022,3,11A218,15,40114,3,1,0,04,-,1,3,1,06,26/12/2015,1,02,1,1, , , , , , , ,1, ,7414,0
00,1022,3,11A218,15,40114,4,1,0,01,-,1,1,1,29,22/12/1992,1,06,3,2,1,01,5,5,3,2,999999,1, ,7414,0
00,1022,3,11A218,15,40114,4,1,0,04,-,1,3,2,00,06/04/2022, , , , , , , , , , , ,1, ,7414,0
00,1022,3,11A218,15,40114,2,1,0,04,-,1,3,1,21,04/04/2001,1,04,3,2,6,01,5,5,3,2,999999,1, ,7414,0
00,1022,3,11A218,15,40114,2,1,0,02,-,1,2,2,49,18/03/1973,1,03,3,2,5,07, , , , , ,1, ,7414,0
00,1022,3,11A218,15,40114,2,1,0,03,-,1,3,2,27,28/02/1995,1,04,3,2,2,01,1,5,3,2,002000,1,1,7414,29854
00,1022,3,11A218,15,40114,2,1,0,05,-,1,5,1,04,13/10/2017, , , , , , , , , , , ,1, ,7414,0
00,1022,3,11A218,15,40114,2,1,0,01,-,1,1,1,49,28/04/1973,1,04,3,2,5,01,4,4,3,2,999999,1, ,7414,0
00,1022,3,11A218,15,40114,4,1,0,03,-,1,3,1,03,14/11/2018, , , , , , , , , , , ,1, ,7414,0
00,1022,3,11A218,15,40114,3,1,0,05,-,1,3,2,01,01/08/2021, , , , , , , , , , , ,1, ,7414,0
00,1022,3,11A218,15,40114,3,1,0,03,-,1,4,2,62,14/06/1960,1,03,3,2,2,07, , , , , ,1, ,7414,0
00,1022,7,12A204,15,40117,1,1,0,02,-,1,5,1,43,24/09/1979,1,07,5,2,5,01,1,2,3,1,999999,1,1,7385,22522
00,1022,7,12A204,15,40117,1,1,0,01,-,1,1,1,79,19/07/1943,1,03,3,2,4,08, , , , , ,1, ,7385,0
00,1022,7,12A204,15,40117,1,1,0,03,-,1,3,2,42,08/07/1980,1,07,5,2,5,07, , , , , ,1, ,7385,0
00,1022,7,12A204,15,40117,3,1,0,05,-,1,5,2,15,30/09/2007,1,03,2,1,6,06, , , , , ,1, ,7385,0
00,1022,7,12A204,15,40117,3,1,0,02,-,1,3,1,42,28/02/1980,1,04,3,2,3,01,7,2,3,1,999999,1, ,7385,0
00,1022,7,12A204,15,40117,3,1,0,01,-,1,1,1,64,26/08/1958,1,03,3,2,5,08, , , , , ,1,1,7385,30029
00,1022,7,12A204,15,40117,2,1,0,04,-,1,3,1,39,16/03/1983,1,07,4,2,6,01,4,4,2,1,999999,1,1,7385,30029
00,1022,7,12A204,15,40117,2,1,0,03,-,1,3,1,41,06/01/1981,1,04,3,2,2,01,4,4,2,1,999999,1, ,7385,0
00,1022,7,12A204,15,40117,3,1,0,04,-,1,2,2,63,01/08/1959,1,06,3,2,5,07, , , , , ,1, ,7385,0
00,1022,7,12A204,15,40117,3,1,0,03,-,1,3,1,34,22/09/1988,1,03,3,2,3,01,5,5,3,1,999999,1, ,7385,0
00,1022,7,12A204,15,40117,4,1,0,02,-,1,2,2,41,05/04/1981,1,07,4,2,5,01,1,5,2,1,999999,1,1,7385,15015
00,1022,7,12A204,15,40117,4,1,0,01,-,1,1,1,45,24/04/1977,1,07,5,2,5,01,5,5,2,1,999999,1, ,7385,0
00,1022,7,12A204,15,40117,1,1,0,04,-,1,5,2,09,20/10/2012,1,02,3,1, , , , , , , ,1, ,7385,0
00,1022,7,12A204,15,40117,2,1,0,02,-,1,3,1,46,11/11/1975,1,04,3,2,2,01,4,4,3,2,999999,1, ,7385,0
00,1022,7,12A204,15,40117,2,1,0,01,-,1,1,2,66,24/06/1956,1,02,6,2,4,07, , , , , ,1, ,7385,0
00,1022,6,11A205,15,40150,3,1,0,01,-,1,1,1,46,26/06/1976,1,03,3,2,1,01,5,2,3,1,001500,1,1,6720,13530
00,1022,6,11A205,15,40150,3,1,0,03,-,1,3,1,17,21/09/2005,1,04,1,1,6,06, , , , , ,1, ,6720,0
00,1022,6,11A205,15,40150,3,1,0,05,-,1,3,1,09,26/09/2013,1,02,2,1, , , , , , , ,1, ,6720,0
00,1022,6,11A205,15,40150,3,1,0,04,-,1,3,2,14,21/12/2007,1,03,2,1,6,06, , , , , ,1, ,6720,0
00,1022,6,11A205,15,40150,3,1,0,02,-,1,2,2,40,26/06/1982,1,02,6,2,1,07, , , , , ,1, ,6720,0
00,1022,6,11A205,15,40150,2,1,0,01,-,1,1,1,70,12/08/1952,1,02,2,2,4,08, , , , , ,1,1,6720,6765
00,1022,4,13A217,15,40170,1,1,0,03,-,1,6,1,34,09/03/1988,1,04,2,2,6,01,3,5,3,2,999999,1, ,9345,0
00,1022,4,13A217,15,40170,1,1,0,04,-,1,6,1,29,18/04/1993,1,07,1,1,6,06, , , , , ,1, ,9345,0
00,1022,4,13A217,15,40170,1,1,0,02,-,1,4,2,70,19/09/1952,1,07,5,2,4,07, , , , , ,1,1,9345,37954
00,1022,4,13A217,15,40170,1,1,0,01,-,1,1,1,35,10/03/1987,1,07,5,2,6,01,2,7,3,3,999999,1, ,9345,0
00,1022,4,13A217,15,40170,2,1,0,03,-,1,8,2,56,15/05/1966,1,06,3,2,5,01,3,7,3,3,015000,1, ,9345,0
00,1022,4,13A217,15,40170,2,1,0,02,-,1,8,1,75,16/04/1947,1,04,3,2,5,01,4,4,2,3,030000,1, ,9345,0
00,1022,4,13A217,15,40170,2,1,0,01,-,1,1,2,70,05/09/1952,1,07,4,2,6,08, , , , , ,1,1,9345,28466
00,1022,4,13A217,15,40170,3,1,1,04,-,1,6,2,63,25/10/1958,2,00, ,2,6,09, , , , , ,1, ,9345,0
00,1022,4,13A217,15,40170,3,1,1,02,-,1,2,1,59,01/06/1963,1,07,4,2,5,01,2,7,2,1,999999,1, ,9345,0
00,1022,4,13A217,15,40170,4,1,0,01,-,1,1,1,37,26/03/1985,1,07,4,2,6,01,1,5,1,3,010000,1,1,9345,9489
00,1022,4,13A217,15,40170,3,1,1,01,-,1,1,1,59,20/10/1962,1,07,4,2,5,07, , , , , ,1,1,9345,37954
00,1022,4,13A217,15,40170,3,1,1,03,-,1,4,2,90,18/03/1932,1,07,3,2,4,07, , , , , ,1, ,9345,0
00,1022,2,11B211,15,40172,4,1,0,01,-,1,1,1,44,16/12/1977,1,07,4,2,5,01,5,6,3,1,999999,1, ,6151,0
00,1022,2,11B211,15,40172,4,1,0,02,-,1,2,2,45,16/05/1977,1,07,3,2,5,07, , , , , ,1, ,6151,0
00,1022,2,11B211,15,40172,4,1,0,05,-,1,5,1,07,02/06/2015,1,02,1,1, , , , , , , ,1, ,6151,0
00,1022,2,11B211,15,40172,4,1,0,03,-,1,3,1,24,16/08/1998,1,07,3,1,6,06, , , , , ,1, ,6151,0
00,1022,2,11B211,15,40172,3,1,0,03,-,1,3,1,23,01/10/1999,1,06,4,1,6,01,5,5,3,2,999999,1,1,6151,18576
00,1022,2,11B211,15,40172,4,1,0,04,-,1,3,1,18,16/11/2003,1,04,3,2,6,10, , , , , ,1,1,6151,24768
00,1022,2,11B211,15,40172,3,1,0,02,-,1,2,2,39,28/02/1983,1,07,5,1,5,01,5,5,3,2,999999,1, ,6151,0
00,1022,2,11B211,15,40172,1,1,0,03,-,1,2,2,58,15/11/1963,1,03,3,2,5,07, , , , , ,1,1,6151,24768
00,1022,2,11B211,15,40172,1,1,0,01,-,1,1,1,60,26/05/1962,1,04,3,2,5,01,5,6,2,1,999999,1, ,6151,0
00,1022,2,11B211,15,40172,1,1,0,02,-,1,4,2,86,02/02/1936,2,00, ,2,4,07, , , , , ,1, ,6151,0
00,1022,2,11B211,15,40172,1,1,0,04,-,1,3,1,31,18/11/1990,1,07,5,1,6,01,1,5,3,2,999999,1, ,6151,0
00,1022,2,11B211,15,40172,3,1,0,01,-,1,1,1,38,04/08/1984,1,07,5,2,5,01,5,5,3,2,999999,1, ,6151,0
00,1022,6,11A205,15,40178,4,1,0,02,-,1,2,2,36,08/04/1986,1,07,4,2,5,01,3,7,3,2,005000,1, ,8384,0
00,1022,6,11A205,15,40178,4,1,0,04,-,1,3,2,01,04/02/2021, , , , , , , , , , , ,1, ,8384,0
00,1022,6,11A205,15,40178,4,1,0,03,-,1,3,1,08,07/01/2014,1,02,1,1, , , , , , , ,1, ,8384,0
00,1022,6,11A205,15,40178,4,1,0,01,-,1,1,1,34,31/12/1987,1,04,3,2,5,01,4,4,3,1,001500,1,1,8384,16880
00,1022,6,11A205,15,40178,1,1,0,06,-,1,3,2,07,30/12/2014,2,02,1,1, , , , , , , ,1, ,8384,0
00,1022,6,11A205,15,40178,1,1,0,02,-,1,2,2,43,15/12/1978,1,02,6,2,1,01,4,4,2,1,001000,1,1,8384,33760
00,1022,6,11A205,15,40178,1,1,0,03,-,1,3,1,21,19/04/2001,1,04,2,1,6,06, , , , , ,1, ,8384,0
00,1022,6,11A205,15,40178,1,1,0,05,-,1,3,2,07,30/12/2014,2,02,1,1, , , , , , , ,1, ,8384,0
00,1022,6,11A205,15,40178,1,1,0,01,-,1,1,1,53,27/05/1969,1,02,6,2,1,01,4,4,2,1,001000,1, ,8384,0
00,1022,6,11A205,15,40178,1,1,0,04,-,1,3,2,19,04/08/2003,1,04,1,1,6,06, , , , , ,1, ,8384,0
00,1022,6,11A205,15,40178,2,1,0,01,-,1,1,1,50,01/01/1972,1,03,3,2,5,01,5,5,3,2,999999,1,1,8384,33760
00,1022,6,11A205,15,40178,2,1,0,04,-,1,3,1,20,30/05/2002,1,07,2,1,6,06, , , , , ,1, ,8384,0
00,1022,6,11A205,15,40178,2,1,0,02,-,1,2,2,50,01/03/1972,1,04,3,2,5,07, , , , , ,1, ,8384,0
00,1022,6,11A205,15,40178,2,1,0,03,-,1,3,2,25,16/03/1997,1,07,4,1,6,01,4,4,3,1,002000,1, ,8384,0
00,1022,6,11A205,15,40178,3,1,0,01,-,1,1,1,43,31/01/1979,1,07,5,2,2,01,2,7,3,2,004000,1,1,8384,8440
00,1022,6,11A205,15,40178,3,1,0,02,-,1,3,1,09,12/08/2013,1,02,2,1, , , , , , , ,1, ,8384,0
00,1022,5,12A206,15,40181,4,1,0,01,-,1,1,1,60,06/11/1961,1,04,3,2,2,01,4,4,2,1,001000,1,1,6620,6730
00,1022,5,12A206,15,40181,1,1,0,05,-,1,3,2,07,15/06/2015,2,02,1,1, , , , , , , ,1, ,6620,0
00,1022,5,12A206,15,40181,2,1,0,07,-,1,6,2,55,15/03/1967,2,00, ,2,6,09, , , , , ,1, ,6620,0
00,1022,5,12A206,15,40181,2,1,0,03,-,1,5,1,43,20/03/1979,1,04,2,2,1,01,7,5,2,1,001200,1, ,6620,0
00,1022,5,12A206,15,40181,2,1,0,06,-,1,5,1,06,29/11/2015,2,01,2,1, , , , , , , ,1, ,6620,0
00,1022,5,12A206,15,40181,2,1,0,02,-,1,3,2,33,27/03/1989,1,03,1,2,1,01,7,2,2,1,000800,1, ,6620,0
00,1022,5,12A206,15,40181,2,1,0,05,-,1,5,2,14,29/06/2008,1,03,2,1,6,06, , , , , ,1, ,6620,0
00,1022,5,12A206,15,40181,2,1,0,04,-,1,5,1,16,09/02/2006,1,04,1,1,6,06, , , , , ,1, ,6620,0
00,1022,5,12A206,15,40181,3,1,0,01,-,1,1,2,68,18/07/1954,1,03,3,2,6,03,7,2,2,1,000600,1,1,6620,6730
00,1022,5,12A206,15,40181,1,1,0,01,-,1,1,1,35,06/08/1987,1,07,5,2,5,01,1,2,3,2,004800,1, ,6620,0
00,1022,5,12A206,15,40181,1,1,0,06,-,1,3,1,05,15/05/2017,2,00, ,1, , , , , , , ,1, ,6620,0
00,1022,5,12A206,15,40181,1,1,0,03,-,1,4,2,57,26/08/1965,1,07,1,2,4,01,4,4,2,1,001800,1, ,6620,0
00,1022,5,12A206,15,40181,1,1,0,04,-,1,7,1,35,27/09/1987,1,04,3,2,6,01,4,4,2,1,001800,1, ,6620,0
00,1022,5,12A206,15,40181,1,1,0,02,-,1,2,2,32,04/02/1990,1,04,3,2,5,07, , , , , ,1,1,6620,26920
00,1022,5,12A206,15,40181,2,1,0,01,-,1,1,2,59,17/02/1963,1,00, ,2,6,01,7,2,2,1,000800,1,1,6620,26920
00,1022,2,11B211,15,40201,3,1,0,01,-,1,1,1,48,04/01/1974,1,02,6,2,5,01,4,4,1,1,000800,1,1,7802,23564
00,1022,2,11B211,15,40201,3,1,0,03,-,1,3,1,21,07/06/2001,1,03,3,2,6,01,4,4,2,1,999999,1, ,7802,0
00,1022,2,11B211,15,40201,3,1,0,02,-,1,2,2,38,07/04/1984,1,02,6,2,5,07, , , , , ,1, ,7802,0
00,1022,2,11B211,15,40201,3,1,0,04,-,1,3,1,14,13/01/2008,1,03,2,2,6,02,4,4,6,5, ,1, ,7802,0
00,1022,2,11B211,15,40201,4,1,0,03,-,1,5,2,12,23/11/2009,1,03,1,1,6,06, , , , , ,1, ,7802,0
00,1022,2,11B211,15,40201,2,1,0,02,-,1,2,1,67,11/08/1955,1,03,3,2,5,10, , , , , ,1, ,7802,0
00,1022,2,11B211,15,40201,4,1,0,04,-,1,5,2,06,27/06/2016,2,02,1,1, , , , , , , ,1, ,7802,0
00,1022,2,11B211,15,40201,4,1,0,02,-,1,3,2,36,13/09/1986,1,03,3,2,3,01,7,5,2,1,999999,1,1,7802,15709
00,1022,2,11B211,15,40201,2,1,0,01,-,1,1,2,67,10/03/1955,1,02,5,2,5,07, , , , , ,1,1,7802,23564
00,1022,2,11B211,15,40201,2,1,0,03,-,1,3,2,42,30/03/1980,1,07,5,2,6,04, , , , , ,1, ,7802,0
00,1022,2,11B211,15,40201,4,1,0,01,-,1,1,1,73,27/09/1949,1,02,3,2,4,08, , , , , ,1, ,7802,0
00,1022,2,13B211,15,40205,1,1,0,02,-,1,2,2,55,07/11/1966,1,06,3,2,5,07, , , , , ,1, ,9569,0
00,1022,2,13B211,15,40205,1,1,0,03,-,1,3,1,23,13/02/1999,1,07,3,1,6,06, , , , , ,1, ,9569,0
00,1022,2,13B211,15,40205,1,1,0,01,-,1,1,1,51,15/10/1970,1,07,2,2,5,01,3,2,3,2,999999,1,1,9569,38864
00,1022,2,13B211,15,40205,1,1,0,04,-,1,3,1,19,21/01/2003,1,04,3,1,6,06, , , , , ,1, ,9569,0
00,1022,2,13B211,15,40205,3,1,0,01,-,1,1,2,33,21/04/1989,1,04,3,2,4,01,2,7,3,2,999999,1,1,9569,9716
00,1022,2,13B211,15,40205,3,1,0,02,-,1,3,1,15,29/08/2007,1,03,3,1,6,06, , , , , ,1, ,9569,0
00,1022,2,13B211,15,40205,4,1,0,01,-,1,1,1,61,08/01/1961,1,07,4,2,6,01,1,7,3,2,999999,1,1,9569,9716
00,1022,6,11A205,15,40210,4,1,1,04,-,1,3,2,00,24/11/2021, , , , , , , , , , , ,1, ,7107,0
00,1022,6,11A205,15,40210,4,1,1,01,-,1,1,2,28,07/07/1994,1,03,3,2,1,07, , , , , ,1,1,7107,14309
00,1022,6,11A205,15,40210,4,1,1,03,-,1,3,1,08,26/09/2014,1,02,1,1, , , , , , , ,1, ,7107,0
00,1022,6,11A205,15,40210,2,1,0,01,-,1,1,1,70,12/07/1952,1,02,3,2,4,08, , , , , ,1,1,7107,7154
00,1022,6,11A205,15,40210,1,1,0,02,-,1,3,1,11,03/09/2011,1,02,4,1, , , , , , , ,1, ,7107,0
00,1022,6,11A205,15,40210,1,1,0,01,-,1,1,2,50,01/08/1972,1,03,3,2,2,01,5,2,3,1,001200,1, ,7107,0
00,1022,6,11A205,15,40210,1,1,0,03,-,1,3,1,21,27/01/2001,1,04,3,2,6,01,7,5,3,1,001800,1,1,7107,14309
00,1022,6,11A205,15,40210,4,1,1,02,-,1,2,1,29,29/07/1993,1,03,3,2,1,01,5,5,3,1,002000,1, ,7107,0
00,1022,1,13B212,15,40230,1,1,0,01,-,1,1,1,40,15/07/1982,1,04,3,2,1,01,5,3,3,1,999999,1,1,8710,17687
00,1022,1,13B212,15,40230,4,1,0,02,-,1,6,2,30,22/09/1992,1,07,3,2,6,01,2,5,3,2,999999,1, ,8710,0
00,1022,1,13B212,15,40230,4,1,0,01,-,1,1,2,35,21/03/1987,1,08,2,2,6,07, , , , , ,1,1,8710,17687
00,1022,1,13B212,15,40230,3,1,0,01,-,1,1,2,28,01/08/1994,1,07,5,1,2,01,2,5,3,3,008000,1,1,8710,8844
00,1022,1,13B212,15,40230,3,1,0,02,-,1,3,1,08,15/08/2014,1,02,3,1, , , , , , , ,1, ,8710,0
00,1022,1,13B212,15,40230,1,1,0,02,-,1,2,2,38,10/07/1984,1,04,3,2,1,01,7,2,3,1,999999,1, ,8710,0
00,1022,7,13A204,15,40235,1,1,0,01,-,1,1,1,59,19/06/1963,1,07,5,2,5,10, , , , , ,1, ,10193,0
00,1022,7,13A204,15,40235,1,1,0,03,-,1,3,2,22,09/10/2000,1,07,2,1,6,06, , , , , ,1,1,10193,31047
00,1022,7,13A204,15,40235,1,1,0,02,-,1,2,2,56,15/11/1965,1,07,5,2,5,10, , , , , ,1, ,10193,0
00,1022,5,11A203,15,40236,4,1,0,02,-,2, , , , , , , , , , , , , , , ,1, ,0,0
00,1022,8,11A203,15,40236,4,1,0,01,-,1,1,1,34,25/01/1988,1,03,2,2,2,01,4,4,3,1,000700,1,1,11531,11609
00,1022,8,11A203,15,40236,3,1,1,01,-,1,1,1,62,29/04/1960,1,03,2,2,2,01,5,6,2,1,000400,1,1,11531,11609
00,1022,8,11A203,15,40236,1,1,0,01,-,1,1,2,65,11/04/1957,1,03,1,2,6,01,4,4,1,1,000800,1,1,11531,11609
00,1022,8,11A203,15,40236,2,1,0,01,-,1,1,1,49,25/08/1973,1,02,6,2,1,01,5,5,2,1,999999,1,1,11531,23217
00,1022,8,11A203,15,40236,2,1,0,02,-,1,2,2,53,24/11/1968,1,03,3,2,1,07, , , , , ,1, ,11531,0
00,1022,5,11A206,15,40237,3,1,0,02,-,1,2,1,29,23/03/1993,1,03,3,2,1,01,5,5,3,1,001000,1, ,7798,0
00,1022,5,11A206,15,40237,3,1,0,03,-,1,3,1,16,19/01/2006,1,03,2,1,6,06, , , , , ,1, ,7798,0
00,1022,5,11A206,15,40237,1,1,0,01,-,1,1,1,40,09/05/1982,1,07,3,2,6,01,2,7,3,1,008000,1,1,7798,7850
00,1022,5,11A206,15,40237,2,1,0,02,-,1,2,2,77,10/12/1944,1,02,6,2,5,07, , , , , ,1,1,7798,15701
00,1022,5,11A206,15,40237,2,1,0,01,-,1,1,1,78,12/08/1944,1,02,6,2,5,08, , , , , ,1, ,7798,0
00,1022,5,11A206,15,40237,3,1,0,01,-,1,1,2,35,14/10/1986,1,03,3,2,1,07, , , , , ,1,1,7798,15701
00,1022,5,11A206,15,40237,4,1,1,02,-,1,3,2,21,30/06/2001,1,04,3,1,6,01,4,4,3,1,000200,1, ,7798,0
00,1022,5,11A206,15,40237,4,1,1,01,-,1,1,2,39,29/05/1983,1,04,3,2,2,01,4,4,2,1,999999,1,1,7798,15701
00,1022,5,11A206,15,40237,3,1,0,04,-,1,3,2,11,26/06/2011,1,02,3,1, , , , , , , ,1, ,7798,0
00,1022,6,13A205,15,40238,2,1,0,01,-,1,1,1,61,15/08/1961,1,03,3,2,5,08, , , , , ,1, ,10680,0
00,1022,6,13A205,15,40238,2,1,0,02,-,1,2,2,61,03/01/1961,1,03,3,2,5,07, , , , , ,1,1,10680,32530
00,1022,6,13A205,15,40238,4,1,0,02,-,1,3,1,24,11/07/1998,1,07,4,2,6,04, , , , , ,1, ,10680,0
00,1022,6,13A205,15,40238,2,1,0,03,-,1,3,1,36,06/03/1986,2,07,5,2,6,01,5,5,3,1,999999,1, ,10680,0
00,1022,6,13A205,15,40238,3,1,0,02,-,1,4,2,88,30/08/1934,1,03,1,2,4,07, , , , , ,1, ,10680,0
00,1022,6,13A205,15,40238,3,1,0,01,-,1,1,1,64,22/09/1958,1,06,2,2,2,08, , , , , ,1,1,10680,21686
00,1022,6,13A205,15,40238,1,1,0,05,-,3,5,2,01,15/09/2021, , , , , , , , , , , ,1, ,10680,0
00,1022,6,13A205,15,40238,1,1,0,02,-,1,2,2,57,15/03/1965,1,06,3,2,5,07, , , , , ,1,1,10680,43373
00,1022,6,13A205,15,40238,1,1,0,04,-,1,3,2,26,01/09/1996,1,08,2,2,6,01,5,5,3,2,999999,1, ,10680,0
00,1022,6,13A205,15,40238,1,1,0,01,-,1,1,1,67,12/12/1954,1,07,5,2,5,08, , , , , ,1, ,10680,0
00,1022,6,13A205,15,40238,4,1,0,01,-,1,1,1,44,17/06/1978,1,04,3,2,5,01,3,7,3,2,999999,1, ,10680,0
00,1022,6,13A205,15,40238,4,1,0,04,-,1,2,2,51,29/04/1971,1,06,3,2,5,01,3,7,3,2,999999,1,1,10680,43373
00,1022,6,13A205,15,40238,4,1,0,03,-,1,3,1,19,03/07/2003,1,04,3,1,6,06, , , , , ,1, ,10680,0
00,1022,6,13A205,15,40238,1,1,0,03,-,1,3,1,29,07/09/1993,1,08,2,2,6,01,5,5,3,2,999999,1, ,10680,0
00,1022,4,11A205,15,40241,4,1,0,07,-,2, , , , , , , , , , , , , , , ,1, ,0,0
00,1022,4,11A205,15,40241,4,1,0,06,-,2, , , , , , , , , , , , , , , ,1, ,0,0
00,1022,6,11A205,15,40241,4,1,0,05,-,1,5,2,04,15/10/2017, , , , , , , , , , , ,1, ,6738,0
00,1022,6,11A205,15,40241,4,1,0,03,-,1,5,2,26,12/07/1996,1,03,3,2,2,01,7,2,3,1,000900,1, ,6738,0
00,1022,6,11A205,15,40241,4,1,0,04,-,1,5,2,08,23/07/2014,1,02,1,1, , , , , , , ,1, ,6738,0
00,1022,6,11A205,15,40241,4,1,0,02,-,1,2,1,55,07/07/1967,1,02,6,2,5,01,5,5,3,1,001400,1, ,6738,0
00,1022,6,11A205,15,40241,4,1,0,01,-,1,1,2,48,11/12/1973,1,03,3,2,5,07, , , , , ,1,1,6738,20349
00,1022,6,11A205,15,40241,1,1,0,06,-,1,5,1,09,15/03/2013,1,02,2,1, , , , , , , ,1, ,6738,0
00,1022,6,11A205,15,40241,1,1,0,01,-,1,1,2,56,07/09/1966,1,03,3,2,5,07, , , , , ,1, ,6738,0
00,1022,6,11A205,15,40241,1,1,0,02,-,1,2,1,56,19/01/1966,1,03,3,2,5,01,5,2,3,1,999999,1,1,6738,33914
00,1022,6,11A205,15,40241,1,1,0,03,-,1,3,1,33,07/09/1989,1,04,3,2,2,01,4,4,2,1,000100,1, ,6738,0
00,1022,6,11A205,15,40241,1,1,0,07,-,1,5,1,11,30/04/2011,1,02,4,1, , , , , , , ,1, ,6738,0
00,1022,6,11A205,15,40241,1,1,0,04,-,1,3,1,30,20/01/1992,1,04,3,2,2,01,5,5,3,1,999999,1, ,6738,0
00,1022,6,11A205,15,40241,1,1,0,05,-,1,3,2,31,20/05/1991,1,07,5,2,6,07, , , , , ,1, ,6738,0
00,1022,6,11A205,15,40241,2,1,0,03,-,1,2,2,54,06/09/1968,1,03,3,2,5,07, , , , , ,1, ,6738,0
00,1022,6,11A205,15,40241,2,1,0,06,-,1,5,2,09,06/09/2013,1,02,4,1, , , , , , , ,1, ,6738,0
00,1022,6,11A205,15,40241,2,1,0,01,-,1,1,1,55,06/09/1967,1,03,3,2,5,07, , , , , ,1,1,6738,27131
00,1022,6,11A205,15,40241,2,1,0,02,-,1,3,1,34,06/09/1988,1,04,3,2,5,01,5,5,3,1,999999,1, ,6738,0
00,1022,6,11A205,15,40241,2,1,0,05,-,1,5,2,04,06/09/2018, , , , , , , , , , , ,1, ,6738,0
00,1022,6,11A205,15,40241,2,1,0,04,-,1,5,2,28,06/09/1994,1,04,3,2,5,07, , , , , ,1, ,6738,0
00,1022,6,11A205,15,40241,3,1,0,01,-,1,1,1,40,11/02/1982,1,04,1,2,1,01,5,5,3,1,999999,1, ,6738,0
00,1022,6,11A205,15,40241,3,1,0,06,-,1,3,1,11,01/11/2010,1,02,5,1, , , , , , , ,1, ,6738,0
00,1022,6,11A205,15,40241,3,1,0,02,-,1,4,2,61,21/07/1961,2,00, ,2,4,01,4,4,2,1,999999,1, ,6738,0
00,1022,6,11A205,15,40241,3,1,0,05,-,1,3,1,19,26/07/2003,1,03,3,2,6,01,5,4,2,1,999999,1, ,6738,0
00,1022,6,11A205,15,40241,3,1,0,03,-,1,2,2,56,13/11/1965,1,03,3,2,1,01,5,5,2,1,999999,1,1,6738,33914
00,1022,6,11A205,15,40241,3,1,0,04,-,1,5,1,20,03/08/2002,1,04,3,2,6,01,4,4,2,1,999999,1, ,6738,0
00,1022,6,11A205,15,40241,3,1,0,07,-,1,3,1,07,22/02/2015,2,01,2,1, , , , , , , ,1, ,6738,0
00,1022,4,11A205,15,40241,4,1,0,08,-,2, , , , , , , , , , , , , , , ,1, ,0,0
00,1022,8,13A203,15,40283,2,1,1,04,-,1,3,2,17,16/12/2004,1,04,1,1,6,06, , , , , ,1, ,10385,0
00,1022,8,13A203,15,40283,1,1,0,01,-,1,1,2,59,23/09/1963,1,04,3,2,4,01,2,7,3,2,999999,1,1,10385,31633
00,1022,8,13A203,15,40283,2,1,1,02,-,1,2,2,46,08/08/1976,1,04,2,2,5,07, , , , , ,1,1,10385,31633
00,1022,8,13A203,15,40283,2,1,1,03,-,1,3,2,18,28/02/2004,1,07,1,1,6,06, , , , , ,1, ,10385,0
00,1022,8,13A203,15,40283,3,1,0,03,-,1,3,1,34,18/01/1988,1,07,5,2,5,01,3,7,3,2,004000,1, ,10385,0
00,1022,8,13A203,15,40283,3,1,0,06,-,1,5,1,03,18/02/2019, , , , , , , , , , , ,1, ,10385,0
00,1022,8,13A203,15,40283,3,1,0,04,-,1,3,2,34,22/08/1988,1,07,5,2,6,01,3,5,3,2,002500,1,1,10385,52722
00,1022,8,13A203,15,40283,3,1,0,05,-,1,5,2,29,26/05/1993,1,04,3,2,5,07, , , , , ,1, ,10385,0
00,1022,8,13A203,15,40283,3,1,0,01,-,1,1,1,61,14/10/1960,1,07,5,2,1,01,5,5,3,2,007500,1, ,10385,0
00,1022,8,13A203,15,40283,3,1,0,02,-,1,2,2,60,21/01/1962,1,07,5,2,1,07, , , , , ,1, ,10385,0
00,1022,8,13A203,15,40283,4,1,0,04,-,1,3,1,16,13/08/2006,1,03,3,1,6,06, , , , , ,1, ,10385,0
00,1022,8,13A203,15,40283,4,1,0,01,-,1,1,1,51,11/08/1971,1,07,5,2,5,01,5,5,3,1,999999,1, ,10385,0
00,1022,8,13A203,15,40283,4,1,0,03,-,1,3,2,20,11/02/2002,1,04,3,1,6,06, , , , , ,1, ,10385,0
00,1022,8,13A203,15,40283,4,1,0,02,-,1,2,2,45,10/08/1977,1,04,3,2,5,07, , , , , ,1,1,10385,31633
00,1022,8,13A203,15,40283,1,1,0,02,-,1,6,1,56,04/06/1966,1,04,3,2,6,01,2,7,3,2,999999,1, ,10385,0
00,1022,8,13A203,15,40283,1,1,0,03,-,1,3,1,30,08/12/1991,1,07,4,1,6,06, , , , , ,1, ,10385,0
00,1022,8,13A203,15,40283,2,1,1,01,-,1,1,1,49,21/03/1973,1,04,3,2,5,01,3,5,3,1,002000,1, ,10385,0
00,1022,8,12A203,15,40293,1,1,0,02,-,1,3,1,37,15/11/1984,1,07,3,2,6,09, , , , , ,1, ,7026,0
00,1022,8,12A203,15,40293,1,1,0,01,-,1,1,1,67,22/06/1955,1,07,5,2,6,01,1,5,2,1,999999,1,1,7026,14285
00,1022,8,12A203,15,40293,2,1,0,01,-,1,1,1,85,05/12/1936,1,03,2,2,1,08, , , , , ,1,1,7026,21428
00,1022,8,12A203,15,40293,2,1,0,05,-,1,5,2,15,04/09/2007,1,03,2,1,6,06, , , , , ,1, ,7026,0
00,1022,8,12A203,15,40293,3,1,0,01,-,1,1,2,76,03/11/1945,1,06,3,2,1,07, , , , , ,1,1,7026,7142
00,1022,8,12A203,15,40293,2,1,0,03,-,1,3,2,39,18/02/1983,1,05,3,2,2,01,5,5,3,2,999999,1, ,7026,0
00,1022,8,12A203,15,40293,2,1,0,04,-,1,5,1,11,21/01/2011,1,02,4,1, , , , , , , ,1, ,7026,0
00,1022,5,12A203,15,40293,3,1,0,02,-,2, , , , , , , , , , , , , , , ,1, ,0,0
00,1022,8,12A203,15,40293,2,1,0,02,-,1,2,2,76,02/02/1946,1,04,1,2,1,07, , , , , ,1, ,7026,0
00,1022,8,11A203,15,40322,1,1,0,03,-,1,3,2,24,27/08/1998,1,07,3,1,6,06, , , , , ,1,1,10276,41381
00,1022,8,11A203,15,40322,1,1,0,01,-,1,1,1,53,15/06/1969,1,06,3,2,5,01,4,4,2,1,002000,1, ,10276,0
00,1022,8,11A203,15,40322,1,1,0,04,-,1,3,2,26,16/06/1996,1,07,4,2,6,01,2,7,3,1,003000,1, ,10276,0
00,1022,8,11A203,15,40322,1,1,0,02,-,1,2,2,53,05/01/1969,1,04,3,2,5,01,4,4,2,1,002000,1, ,10276,0
00,1022,8,11A203,15,40322,4,1,0,02,-,1,2,2,88,15/08/1934,2,00, ,2,5,07, , , , , ,1,1,10276,20691
00,1022,8,11A203,15,40322,2,1,1,02,-,1,6,2,16,06/01/2006,1,03,1,2,6,07, , , , , ,1, ,10276,0
00,1022,8,11A203,15,40322,2,1,1,03,-,1,3,1,04,14/04/2018, , , , , , , , , , , ,1, ,10276,0
00,1022,8,11A203,15,40322,4,1,0,01,-,1,1,1,92,08/03/1930,1,00, ,2,5,08, , , , , ,1, ,10276,0
00,1022,8,11A203,15,40322,2,1,1,01,-,1,1,2,28,13/01/1994,1,04,1,2,4,01,5,5,3,2,006000,1,1,10276,10345
00,1022,5,11A206,15,40326,1,1,0,02,-,1,2,2,47,16/09/1975,1,06,3,2,5,01,3,5,3,2,999999,1, ,7856,0
00,1022,5,11A206,15,40326,1,1,0,01,-,1,1,1,51,11/11/1970,1,04,3,2,5,01,4,4,3,2,999999,1,1,7856,31634
00,1022,5,11A206,15,40326,1,1,0,04,-,1,3,1,23,05/01/1999,1,07,1,1,6,06, , , , , ,1, ,7856,0
00,1022,5,11A206,15,40326,1,1,0,03,-,1,3,2,20,09/08/2002,1,04,3,1,6,06, , , , , ,1, ,7856,0
00,1022,5,11A206,15,40326,4,1,0,03,-,1,5,1,28,25/04/1994,1,08,1,1,6,01,1,2,3,2,999999,1, ,7856,0
00,1022,5,11A206,15,40326,4,1,0,02,-,1,3,2,63,20/10/1958,1,04,3,2,6,08, , , , , ,1,1,7856,31634
00,1022,5,11A206,15,40326,4,1,0,04,-,1,3,1,54,02/02/1968,1,06,5,2,5,01,2,7,3,2,999999,1, ,7856,0
00,1022,5,11A206,15,40326,4,1,0,01,-,1,1,2,92,31/07/1930,1,00, ,2,6,08, , , , , ,1, ,7856,0
00,1022,5,11A206,15,40326,2,1,0,01,-,1,1,1,75,15/08/1947,1,02,6,2,5,08, , , , , ,1, ,7856,0
00,1022,5,11A206,15,40326,2,1,0,02,-,1,2,2,76,08/07/1946,1,02,6,2,5,07, , , , , ,1,1,7856,15817
00,1022,3,12A218,15,40344,4,1,0,02,-,1,6,1,48,16/09/1974,1,04,3,2,2,01,4,4,2,1,000500,1, ,8706,0
00,1022,3,12A218,15,40344,3,1,0,01,-,1,1,1,69,07/08/1953,1,07,5,2,5,08, , , , , ,1,1,8706,26552
00,1022,3,12A218,15,40344,1,1,0,01,-,1,1,2,72,08/09/1950,1,04,3,2,2,07, , , , , ,1,1,8706,17701
00,1022,3,12A218,15,40344,1,1,0,02,-,1,3,2,32,15/10/1989,1,08,1,1,6,01,2,5,2,1,999999,1, ,8706,0
00,1022,3,12A218,15,40344,4,1,0,01,-,1,1,2,43,14/09/1979,1,04,3,2,2,01,4,4,2,1,001000,1,1,8706,17701
00,1022,3,12A218,15,40344,4,1,0,03,-,1,3,1,15,04/04/2007,1,03,3,1,6,06, , , , , ,1, ,8706,0
00,1022,3,12A218,15,40344,3,1,0,03,-,1,3,1,50,10/02/1972,1,07,2,2,5,01,4,4,2,1,999999,1, ,8706,0
00,1022,3,12A218,15,40344,2,1,0,01,-,1,1,2,27,07/12/1994,1,07,4,2,6,01,2,2,3,2,005500,1,1,8706,8850
00,1022,3,12A218,15,40344,3,1,0,02,-,1,2,2,70,13/05/1952,1,06,1,2,5,08, , , , , ,1, ,8706,0
00,1022,2,11B211,15,40346,2,1,0,03,-,1,3,2,32,10/08/1990,1,07,4,2,6,01,2,7,3,3,999999,1, ,9241,0
00,1022,2,11B211,15,40346,2,1,0,01,-,1,1,2,57,22/10/1964,1,08,2,2,6,01,2,7,3,1,005000,1,1,9241,27909
00,1022,2,11B211,15,40346,1,1,0,01,-,1,1,1,48,05/08/1974,1,02,6,2,1,01,7,2,3,1,001500,1, ,9241,0
00,1022,2,11B211,15,40346,4,1,0,04,-,1,3,2,20,27/04/2002,1,07,1,1,6,06, , , , , ,1, ,9241,0
00,1022,2,11B211,15,40346,1,1,0,02,-,1,2,2,47,09/03/1975,1,03,3,2,1,07, , , , , ,1,1,9241,37212
00,1022,2,11B211,15,40346,1,1,0,03,-,1,3,2,28,14/04/1994,1,04,3,2,6,01,7,2,3,1,001200,1, ,9241,0
00,1022,2,11B211,15,40346,1,1,0,05,-,1,3,2,08,14/06/2014,1,02,2,1, , , , , , , ,1, ,9241,0
00,1022,2,11B211,15,40346,1,1,0,04,-,1,3,1,18,25/08/2004,1,04,2,2,6,07, , , , , ,1, ,9241,0
00,1022,2,11B211,15,40346,4,1,0,02,-,1,2,1,55,11/10/1967,1,02,6,2,5,01,7,5,2,1,999999,1, ,9241,0
00,1022,2,11B211,15,40346,4,1,0,03,-,1,3,2,27,25/09/1995,1,07,5,2,6,01,2,7,3,2,002000,1, ,9241,0
00,1022,2,11B211,15,40346,4,1,0,01,-,1,1,2,51,18/09/1971,1,03,3,2,5,07, , , , , ,1,1,9241,37212
00,1022,2,11B211,15,40346,2,1,0,02,-,1,3,2,23,14/05/1999,1,07,4,1,6,06, , , , , ,1, ,9241,0
00,1022,4,11A217,15,40347,3,1,0,03,-,1,3,2,13,22/05/2009,1,03,1,1,6,06, , , , , ,1, ,9621,0
00,1022,4,11A217,15,40347,3,1,0,02,-,1,2,2,44,13/11/1977,1,03,3,2,5,07, , , , , ,1,1,9621,19372
00,1022,4,11A217,15,40347,1,1,1,01,-,1,1,1,64,24/04/1958,1,02,4,2,2,01,5,3,2,1,001500,1,1,9621,9686
00,1022,4,11A217,15,40347,3,1,0,04,-,1,3,2,12,14/04/2010,1,02,6,1,6,06, , , , , ,1, ,9621,0
00,1022,4,11A217,15,40347,4,1,0,03,-,1,3,2,24,05/04/1998,1,07,3,1,6,06, , , , , ,1, ,9621,0
00,1022,4,11A217,15,40347,4,1,0,01,-,1,1,1,46,27/04/1976,1,04,3,2,5,01,4,4,2,1,999999,1, ,9621,0
00,1022,4,11A217,15,40347,3,1,0,01,-,1,1,1,45,22/05/1977,1,04,3,2,5,01,7,2,3,2,999999,1, ,9621,0
00,1022,4,11A217,15,40347,4,1,0,05,-,1,7,2,33,15/08/1989,1,03,3,2,6,01,7,2,3,3,005500,1,1,9621,48430
00,1022,4,11A217,15,40347,4,1,0,04,-,1,3,1,18,28/04/2004,1,04,2,1,6,06, , , , , ,1, ,9621,0
00,1022,4,11A217,15,40347,4,1,0,02,-,1,2,2,49,30/09/1973,1,03,3,2,5,01,4,4,2,1,999999,1, ,9621,0
00,1022,4,11A217,15,40347,2,1,0,03,-,1,3,1,22,13/02/2000,1,04,3,2,6,01,7,2,3,1,999999,1,1,9621,19372
00,1022,4,11A217,15,40347,2,1,0,02,-,1,3,2,16,08/08/2006,1,03,2,1,6,06, , , , , ,1, ,9621,0
00,1022,4,11A217,15,40347,2,1,0,01,-,1,1,1,40,15/06/1982,1,02,6,2,6,01,7,2,3,1,999999,1, ,9621,0
00,1022,4,11A217,15,40347,4,1,0,06,-,1,7,1,08,15/08/2014,1,02,1,1, , , , , , , ,1, ,9621,0
00,1022,1,11B212,15,40349,2,1,0,01,-,1,1,2,40,02/02/1982,1,03,3,2,2,01,5,5,3,2,999999,1,1,6996,7043
00,1022,1,11B212,15,40349,4,1,0,02,-,1,3,1,23,02/02/1999,1,03,3,2,6,04, , , , , ,1,1,6996,14086
00,1022,1,11B212,15,40349,3,1,0,03,-,1,5,2,24,17/11/1997,1,03,3,2,6,07, , , , , ,1,1,6996,28172
00,1022,1,11B212,15,40349,3,1,0,05,-,1,5,2,07,16/06/2015,1,02,1,1, , , , , , , ,1, ,6996,0
00,1022,1,11B212,15,40349,3,1,0,01,-,1,1,2,68,01/07/1954,1,03,3,2,4,07, , , , , ,1, ,6996,0
00,1022,1,11B212,15,40349,3,1,0,02,-,1,3,2,51,22/06/1971,1,04,3,2,6,01,5,5,2,1,999999,1, ,6996,0
00,1022,1,11B212,15,40349,3,1,0,04,-,1,5,1,19,14/04/2003,1,04,3,1,6,06, , , , , ,1, ,6996,0
00,1022,1,11B212,15,40349,4,1,0,01,-,1,1,2,50,04/09/1972,1,02,6,2,2,01,5,5,3,2,999999,1, ,6996,0
00,1022,1,11B212,15,40349,2,1,0,02,-,1,3,1,16,17/07/2006,1,03,3,2,6,01,4,4,2,1,999999,1, ,6996,0
00,1022,1,12B212,15,40352,4,1,0,01,-,1,1,1,56,09/04/1966,1,03,3,2,5,09, , , , , ,1,1,8356,25484
00,1022,1,12B212,15,40352,4,1,0,02,-,1,2,2,54,10/07/1968,1,03,3,2,5,01,7,2,3,1,001300,1, ,8356,0
00,1022,1,12B212,15,40352,4,1,0,03,-,1,3,1,30,23/07/1992,1,07,4,2,6,01,2,7,3,3,006000,1, ,8356,0
00,1022,1,12B212,15,40352,2,1,0,01,-,1,1,1,40,26/01/1982,1,07,5,2,1,01,2,7,3,3,009000,1,1,8356,16990
00,1022,1,12B212,15,40352,1,1,0,01,-,1,1,2,65,16/10/1956,1,03,2,2,6,07, , , , , ,1,1,8356,16990
00,1022,1,12B212,15,40352,2,1,0,02,-,1,2,2,37,22/09/1985,1,04,3,2,1,07, , , , , ,1, ,8356,0
00,1022,1,12B212,15,40352,2,1,0,04,-,1,3,2,09,23/05/2013,1,02,3,1, , , , , , , ,1, ,8356,0
00,1022,1,12B212,15,40352,1,1,0,02,-,1,3,1,31,28/08/1991,1,07,2,2,6,01,5,5,2,3,008000,1, ,8356,0
00,1022,1,12B212,15,40352,2,1,0,03,-,1,3,1,12,21/07/2010,1,02,6,1,6,06, , , , , ,1, ,8356,0
00,1022,5,11A206,15,40355,4,1,0,02,-,1,3,1,17,25/04/2005,1,04,3,1,6,06, , , , , ,1, ,6565,0
00,1022,5,11A206,15,40355,4,1,0,01,-,1,1,2,41,07/04/1981,1,05,3,2,2,01,4,4,3,2,002300,1,1,6565,6609
00,1022,5,11A206,15,40355,1,1,0,01,-,1,1,1,82,12/08/1940,1,02,6,2,5,08, , , , , ,1, ,6565,0
00,1022,5,11A206,15,40355,1,1,0,02,-,1,2,2,82,29/04/1940,1,02,2,2,5,07, , , , , ,1,1,6565,13219
00,1022,5,11A206,15,40355,2,1,0,01,-,1,1,2,56,03/04/1966,1,03,3,2,3,07, , , , , ,1,1,6565,6609
00,1022,5,11A206,15,40355,3,1,0,02,-,1,2,2,39,24/01/1983,1,04,3,2,5,02,4,4,6,5, ,1,1,6565,13219
00,1022,5,11A206,15,40355,3,1,0,01,-,1,1,1,38,04/08/1984,1,02,6,2,5,01,4,4,2,1,999999,1, ,6565,0
00,1022,4,12A217,15,40370,4,1,0,02,-,1,3,1,24,21/03/1998,1,06,4,1,6,06, , , , , ,1, ,7523,0
00,1022,4,12A217,15,40370,2,1,0,01,-,1,1,1,80,15/06/1942,1,07,5,2,4,08, , , , , ,1, ,7523,0
00,1022,4,12A217,15,40370,1,1,0,01,-,1,1,1,78,10/07/1944,1,02,6,2,1,08, , , , , ,1, ,7523,0
00,1022,4,12A217,15,40370,1,1,0,02,-,1,2,2,75,10/05/1947,1,02,6,2,1,07, , , , , ,1, ,7523,0
00,1022,4,12A217,15,40370,4,1,0,01,-,1,1,2,61,10/11/1960,1,07,5,2,4,08, , , , , ,1,1,7523,15295
00,1022,4,12A217,15,40370,3,1,0,03,-,1,2,2,60,12/01/1962,1,04,3,2,5,07, , , , , ,1, ,7523,0
00,1022,4,12A217,15,40370,2,1,0,03,-,1,3,2,70,24/08/1952,1,07,4,2,6,08, , , , , ,1,1,7523,45886
00,1022,4,12A217,15,40370,2,1,0,04,-,1,5,1,29,15/06/1993,1,07,5,2,6,04, , , , , ,1, ,7523,0
00,1022,4,12A217,15,40370,3,1,0,02,-,1,3,1,47,03/03/1975,1,07,5,2,5,01,1,3,3,2,999999,1, ,7523,0
00,1022,4,12A217,15,40370,3,1,0,01,-,1,1,1,81,01/10/1941,1,02,6,2,5,08, , , , , ,1,1,7523,30591
00,1022,4,12A217,15,40370,3,1,0,04,-,1,5,2,43,04/05/1979,1,04,3,2,5,07, , , , , ,1, ,7523,0
00,1022,4,12A217,15,40370,2,1,0,02,-,1,4,2,50,15/06/1972,1,07,5,2,5,01,3,5,3,2,999999,1, ,7523,0
00,1022,4,12A217,15,40370,2,1,0,05,-,1,7,1,66,15/06/1956,1,07,4,2,5,01,9,9,3,2,999999,1, ,7523,0
00,1022,4,12A217,15,40370,2,1,0,06,-,1,5,1,27,15/06/1995,1,07,5,2,6,04, , , , , ,1, ,7523,0
00,1022,4,12A217,15,40370,1,1,0,03,-,1,4,2,33,15/08/1989,1,07,5,2,6,01,4,4,2,1,999999,1,1,7523,22943
00,1022,4,11A217,15,40373,3,1,0,05,-,1,3,1,15,10/07/2007,1,03,2,1,6,06, , , , , ,1, ,12027,0
00,1022,4,11A217,15,40373,3,1,0,01,-,1,1,2,42,22/09/1980,1,04,2,2,1,01,7,2,3,1,001300,1,1,12027,24215
00,1022,4,11A217,15,40373,3,1,0,04,-,1,3,2,17,25/11/2004,1,04,2,1,6,06, , , , , ,1, ,12027,0
00,1022,4,11A217,15,40373,3,1,0,02,-,1,2,1,49,21/05/1973,1,03,3,2,1,01,5,5,5,1,999999,1, ,12027,0
00,1022,2,11A217,15,40373,3,1,0,03,-,2, , , , , , , , , , , , , , , ,1, ,0,0
00,1022,4,11A217,15,40373,2,1,0,03,-,1,3,1,01,11/10/2020, , , , , , , , , , , ,1, ,12027,0
00,1022,4,11A217,15,40373,4,1,0,02,-,1,3,1,29,09/09/1993,1,08,1,1,6,01,2,2,3,3,014000,1,1,12027,24215
00,1022,4,11A217,15,40373,4,1,0,01,-,1,1,2,61,12/05/1961,1,02,5,2,6,07, , , , , ,1, ,12027,0
00,1022,4,11A217,15,40373,1,1,0,01,-,1,1,2,68,29/01/1954,1,02,6,2,4,07, , , , , ,1,1,12027,24215
00,1022,4,11A217,15,40373,1,1,0,02,-,1,3,2,45,29/01/1977,1,02,6,2,6,09, , , , , ,1, ,12027,0
00,1022,4,11A217,15,40373,2,1,0,04,-,1,3,2,06,29/07/2016,1,01,3,1, , , , , , , ,1, ,12027,0
00,1022,4,11A217,15,40373,2,1,0,05,-,1,3,2,10,22/09/2012,1,02,3,1, , , , , , , ,1, ,12027,0
00,1022,4,11A217,15,40373,2,1,0,01,-,1,1,1,33,12/03/1989,1,04,3,2,1,01,5,5,2,1,010000,1, ,12027,0
00,1022,4,11A217,15,40373,2,1,0,02,-,1,2,2,27,15/12/1994,1,07,3,2,1,01,2,7,3,2,024000,1,1,12027,24215
00,1022,4,12A217,15,40374,3,1,0,01,-,1,1,1,78,01/10/1944,1,07,5,2,5,08, , , , , ,1, ,7957,0
00,1022,4,12A217,15,40374,4,1,0,03,-,1,3,2,49,12/07/1973,1,07,5,2,6,01,3,5,3,2,999999,1,1,7957,24266
00,1022,4,12A217,15,40374,4,1,0,01,-,1,1,1,78,05/04/1944,1,06,3,2,5,08, , , , , ,1, ,7957,0
00,1022,4,12A217,15,40374,4,1,0,02,-,1,2,2,74,20/02/1948,1,03,3,2,5,08, , , , , ,1, ,7957,0
00,1022,4,12A217,15,40374,3,1,0,02,-,1,2,2,79,05/09/1943,1,07,5,2,5,07, , , , , ,1,1,7957,16178
00,1022,1,12B212,15,40379,1,1,0,02,-,1,2,2,68,22/08/1954,2,00, ,2,5,01,4,4,2,1,999999,1, ,7585,0
00,1022,1,12B212,15,40379,1,1,0,03,-,1,3,1,39,02/10/1983,1,04,1,2,6,01,4,4,2,1,999999,1, ,7585,0
00,1022,1,12B212,15,40379,4,1,0,01,-,1,1,2,68,06/01/1954,1,02,3,2,4,07, , , , , ,1,1,7585,7711
00,1022,1,12B212,15,40379,2,1,0,02,-,1,2,2,71,26/09/1951,1,02,3,2,5,07, , , , , ,1, ,7585,0
00,1022,1,12B212,15,40379,2,1,0,01,-,1,1,1,78,18/03/1944,1,02,6,2,5,08, , , , , ,1,1,7585,15423
00,1022,1,12B212,15,40379,1,1,0,04,-,1,3,2,37,07/04/1985,1,03,3,2,6,01,5,4,3,2,999999,1,1,7585,30846
00,1022,1,12B212,15,40379,1,1,0,05,-,1,5,1,13,21/05/2009,1,02,6,1,6,06, , , , , ,1, ,7585,0
00,1022,1,12B212,15,40379,3,1,0,01,-,1,1,1,74,04/10/1948,1,03,2,2,4,08, , , , , ,1,1,7585,7711
00,1022,1,12B212,15,40379,1,1,0,01,-,1,1,1,75,15/04/1947,1,02,4,2,5,01,4,4,2,1,999999,1, ,7585,0
00,1022,3,13A218,15,41030,4,1,0,01,-,1,1,1,77,31/01/1945,1,06,3,2,2,08, , , , , ,1,1,10615,10777
00,1022,3,13A218,15,41030,1,1,0,01,-,1,1,2,73,07/04/1949,1,06,3,2,2,08, , , , , ,1,1,10615,10777
00,1022,3,13A218,15,41030,2,1,0,04,-,1,3,2,20,31/05/2002,1,07,2,1,6,06, , , , , ,1, ,10615,0
00,1022,3,13A218,15,41030,2,1,0,03,-,1,3,1,13,13/03/2009,1,03,2,1,6,06, , , , , ,1, ,10615,0
00,1022,3,13A218,15,41030,2,1,0,01,-,1,1,1,55,01/01/1967,1,06,3,2,5,01,2,7,3,1,999999,1, ,10615,0
00,1022,3,13A218,15,41030,2,1,0,02,-,1,2,2,50,23/11/1971,1,06,3,2,5,01,2,7,3,1,999999,1,1,10615,32332
00,1022,3,13A218,15,41030,3,1,0,02,-,1,2,2,42,15/05/1980,1,07,4,2,5,07, , , , , ,1, ,10615,0
00,1022,3,13A218,15,41030,3,1,0,04,-,1,3,2,04,12/10/2018, , , , , , , , , , , ,1, ,10615,0
00,1022,3,13A218,15,41030,3,1,0,01,-,1,1,1,43,06/03/1979,1,07,4,2,5,01,5,5,2,1,999999,1,1,10615,21554
00,1022,3,13A218,15,41030,3,1,0,03,-,1,3,1,05,08/05/2017,2,01,2,1, , , , , , , ,1, ,10615,0
00,1022,3,11A218,15,41091,4,1,0,01,-,1,1,1,57,24/11/1964,1,02,6,2,5,01,4,4,2,1,002000,1,1,6447,6491
00,1022,3,11A218,15,41091,3,1,0,01,-,1,1,2,39,05/06/1983,1,02,6,2,5,01,4,4,2,1,000600,1, ,6447,0
00,1022,3,11A218,15,41091,2,1,0,01,-,1,1,2,56,24/05/1966,1,03,3,2,6,04, , , , , ,1,1,6447,6491
00,1022,3,11A218,15,41091,3,1,0,03,-,1,3,2,11,11/07/2011,1,02,5,1, , , , , , , ,1, ,6447,0
00,1022,3,11A218,15,41091,3,1,0,02,-,1,2,1,44,24/12/1977,1,02,6,2,5,01,4,4,2,1,000600,1,1,6447,12981
00,1022,7,12A204,15,41099,1,1,0,01,-,1,1,2,56,20/09/1966,1,02,6,2,2,01,5,5,2,1,000500,1,1,14941,45567
00,1022,7,12A204,15,41099,3,1,0,04,-,1,5,2,08,29/08/2014,1,02,1,1, , , , , , , ,1, ,14941,0
00,1022,7,12A204,15,41099,3,1,0,01,-,1,1,1,54,09/01/1968,1,07,4,2,5,01,1,3,2,3,999999,1,1,14941,45567
00,1022,7,12A204,15,41099,3,1,0,03,-,1,3,2,31,16/02/1991,1,03,3,2,2,01,5,5,3,1,999999,1, ,14941,0
00,1022,7,12A204,15,41099,1,1,0,03,-,1,3,1,20,25/01/2002,1,04,3,2,6,01,5,5,3,1,001200,1, ,14941,0
00,1022,7,12A204,15,41099,3,1,0,02,-,1,2,2,51,14/07/1971,1,03,3,2,5,07, , , , , ,1, ,14941,0
00,1022,7,12A204,15,41099,4,1,0,02,-,1,2,2,55,23/08/1967,1,07,4,2,5,01,5,5,2,3,999999,1, ,14941,0
00,1022,7,12A204,15,41099,4,1,0,01,-,1,1,1,55,14/07/1967,1,07,4,2,5,01,5,5,2,3,999999,1,1,14941,30379
00,1022,7,12A204,15,41099,2,1,0,01,-,1,1,2,70,19/01/1952,1,06,3,2,4,01,5,5,2,1,001200,1,1,14941,15189
00,1022,7,12A204,15,41099,1,1,0,02,-,1,3,1,24,23/04/1998,1,07,2,1,6,06, , , , , ,1, ,14941,0
00,1022,2,11B211,15,41191,1,1,0,02,-,1,2,2,38,06/06/1984,1,04,3,2,5,07, , , , , ,1, ,10002,0
00,1022,2,11B211,15,41191,1,1,0,05,-,1,3,2,13,02/05/2009,1,03,1,1,6,06, , , , , ,1, ,10002,0
00,1022,2,11B211,15,41191,3,1,0,01,-,1,1,1,47,20/01/1975,1,04,3,2,5,01,4,2,2,1,999999,1,1,10002,30206
00,1022,2,11B211,15,41191,3,1,0,04,-,1,3,2,13,28/10/2008,1,03,2,1,6,06, , , , , ,1, ,10002,0
00,1022,2,11B211,15,41191,3,1,0,02,-,1,2,2,46,16/05/1976,1,03,3,2,5,07, , , , , ,1, ,10002,0
00,1022,2,11B211,15,41191,3,1,0,03,-,1,3,1,23,17/08/1999,1,07,4,2,6,01,4,4,3,2,999999,1, ,10002,0
00,1022,2,11B211,15,41191,2,1,0,01,-,1,1,1,46,19/06/1976,1,02,6,2,5,04, , , , , ,1, ,10002,0
00,1022,2,11B211,15,41191,2,1,0,02,-,1,2,2,46,15/10/1975,1,06,3,2,5,07, , , , , ,1,1,10002,20137
00,1022,2,11B211,15,41191,1,1,0,04,-,1,3,1,17,17/12/2004,1,04,3,2,6,10, , , , , ,1, ,10002,0
00,1022,2,11B211,15,41191,1,1,0,01,-,1,1,1,58,02/02/1964,1,07,4,2,5,01,5,5,2,1,999999,1,1,10002,30206
00,1022,2,11B211,15,41191,1,1,0,03,-,1,3,2,18,29/07/2004,1,04,3,1,6,06, , , , , ,1, ,10002,0
00,1022,2,11B211,15,41191,4,1,0,01,-,1,1,1,66,14/04/1956,1,02,6,2,4,01,5,5,2,1,999999,1, ,10002,0
00,1022,2,11B211,15,41191,4,1,0,05,-,1,5,2,15,02/02/2007,1,04,2,1,6,06, , , , , ,1, ,10002,0
00,1022,2,11B211,15,41191,4,1,0,04,-,1,5,2,19,29/11/2002,1,07,2,1,6,06, , , , , ,1, ,10002,0
00,1022,2,11B211,15,41191,4,1,0,07,-,1,5,1,09,05/04/2013,1,02,4,1, , , , , , , ,1, ,10002,0
00,1022,2,11B211,15,41191,4,1,0,06,-,1,5,2,12,23/02/2010,1,03,1,1,6,06, , , , , ,1, ,10002,0
00,1022,2,11B211,15,41191,4,1,0,02,-,1,5,1,47,13/01/1975,1,06,3,2,5,01,2,7,3,2,999999,1, ,10002,0
00,1022,2,11B211,15,41191,4,1,0,03,-,1,3,2,40,22/09/1982,1,06,3,2,5,01,5,5,2,1,999999,1,1,10002,40275
00,1022,6,13A205,15,41263,3,1,0,03,-,1,5,1,15,02/10/2007,1,03,2,1,6,06, , , , , ,1, ,13181,0
00,1022,6,13A205,15,41263,4,1,0,01,-,1,1,1,32,12/09/1990,1,07,4,2,1,01,5,5,3,2,999999,1,1,13181,26767
00,1022,6,13A205,15,41263,3,1,0,05,-,1,2,1,56,27/10/1965,1,03,3,2,1,01,5,5,2,1,999999,1, ,13181,0
00,1022,6,13A205,15,41263,4,1,0,02,-,1,2,2,27,08/01/1995,1,07,4,2,1,07, , , , , ,1, ,13181,0
00,1022,6,13A205,15,41263,4,1,0,04,-,1,3,1,04,15/09/2018, , , , , , , , , , , ,1, ,13181,0
00,1022,6,13A205,15,41263,4,1,0,03,-,1,3,1,13,30/03/2009,1,02,6,1,6,06, , , , , ,1, ,13181,0
00,1022,6,13A205,15,41263,1,1,0,01,-,1,1,2,70,06/06/1952,1,07,4,2,5,07, , , , , ,1,1,13181,26767
00,1022,6,13A205,15,41263,1,1,0,02,-,1,2,1,69,19/07/1953,1,07,4,2,5,01,5,5,2,1,999999,1, ,13181,0
00,1022,5,13A205,15,41263,1,1,0,03,-,2, , , , , , , , , , , , , , , ,1, ,0,0
00,1022,6,13A205,15,41263,3,1,0,01,-,1,1,2,64,19/03/1958,2,00, ,2,1,01,4,4,2,1,001000,1,1,13181,40150
00,1022,6,13A205,15,41263,3,1,0,04,-,1,5,1,18,19/12/2003,1,03,3,2,6,01,5,5,2,1,999999,1, ,13181,0
00,1022,6,13A205,15,41263,3,1,0,02,-,1,5,1,16,03/01/2006,1,03,3,1,6,06, , , , , ,1, ,13181,0
00,1022,5,11A206,15,41295,3,1,0,02,-,1,3,2,34,23/06/1988,1,07,4,2,6,01,3,7,3,2,999999,1, ,8196,0
00,1022,5,11A206,15,41295,3,1,0,01,-,1,1,2,58,17/06/1964,1,06,3,2,4,01,5,5,3,2,999999,1,1,8196,24753
00,1022,5,11A206,15,41295,3,1,0,03,-,1,3,1,37,17/08/1985,1,07,4,2,6,01,4,4,2,1,999999,1, ,8196,0
00,1022,5,11A206,15,41295,2,1,0,01,-,1,1,1,37,23/05/1985,1,02,6,2,5,01,5,2,3,1,001150,1, ,8196,0
00,1022,5,11A206,15,41295,1,1,0,03,-,1,3,2,16,19/11/2005,1,04,1,1,6,06, , , , , ,1, ,8196,0
00,1022,5,11A206,15,41295,1,1,0,02,-,1,2,2,35,27/07/1987,1,07,5,2,1,07, , , , , ,1, ,8196,0
00,1022,5,11A206,15,41295,1,1,0,04,-,1,3,1,13,20/03/2009,1,03,1,1,6,06, , , , , ,1, ,8196,0
00,1022,5,11A206,15,41295,2,1,0,05,-,1,3,1,06,26/05/2016,2,01,2,1, , , , , , , ,1, ,8196,0
00,1022,5,11A206,15,41295,2,1,0,03,-,1,3,1,12,29/01/2010,1,02,5,1,6,06, , , , , ,1, ,8196,0
00,1022,5,11A206,15,41295,2,1,0,02,-,1,2,2,30,30/11/1991,1,03,3,2,5,01,5,5,3,1,001150,1,1,8196,16502
00,1022,5,11A206,15,41295,2,1,0,04,-,1,3,2,10,27/07/2012,1,02,3,1, , , , , , , ,1, ,8196,0
00,1022,5,11A206,15,41295,1,1,0,01,-,1,1,1,42,20/04/1980,1,03,3,2,1,01,5,2,3,1,001500,1,1,8196,16502
00,1022,4,11A217,15,41313,4,1,0,06,-,1,3,2,26,10/08/1996,1,04,3,2,5,01,5,5,3,1,001000,1,1,12985,91502
00,1022,4,11A217,15,41313,4,1,0,08,-,1,3,2,26,15/04/1996,1,04,3,2,6,01,4,4,3,1,999999,1, ,12985,0
00,1022,4,11A217,15,41313,4,1,0,02,-,1,2,2,48,15/04/1974,1,03,3,2,5,07, , , , , ,1, ,12985,0
00,1022,4,11A217,15,41313,4,1,0,04,-,1,3,2,18,15/11/2003,1,04,3,1,6,06, , , , , ,1, ,12985,0
00,1022,4,11A217,15,41313,4,1,0,03,-,1,3,2,31,15/02/1991,1,04,3,2,6,01,3,4,3,1,999999,1, ,12985,0
00,1022,4,11A217,15,41313,4,1,0,05,-,1,3,2,15,15/06/2007,1,03,2,1,6,06, , , , , ,1, ,12985,0
00,1022,4,11A217,15,41313,4,1,0,01,-,1,1,1,55,15/04/1967,1,03,3,2,5,01,4,4,2,1,999999,1, ,12985,0
00,1022,4,11A217,15,41313,4,1,0,07,-,1,5,1,31,06/05/1991,1,04,3,2,6,01,7,2,3,1,999999,1, ,12985,0
00,1022,4,11A217,15,41313,1,1,0,01,-,1,1,1,59,07/06/1963,1,02,6,2,6,01,5,5,2,1,999999,1,1,12985,13072
00,1022,4,11A217,15,41313,3,1,0,02,-,1,2,2,34,05/10/1988,1,06,3,2,5,07, , , , , ,1,1,12985,26143
00,1022,4,11A217,15,41313,3,1,0,01,-,1,1,1,34,23/04/1988,1,07,4,2,5,01,1,5,3,1,999999,1, ,12985,0
00,1022,4,11A217,15,41313,3,1,0,05,-,1,3,2,04,20/01/2018, , , , , , , , , , , ,1, ,12985,0
00,1022,4,11A217,15,41313,3,1,0,04,-,1,3,2,07,30/05/2015,1,02,1,1, , , , , , , ,1, ,12985,0
00,1022,4,11A217,15,41313,3,1,0,03,-,1,3,2,11,20/09/2011,1,02,4,1, , , , , , , ,1, ,12985,0
00,1022,4,11A217,15,41313,2,1,0,01,-,1,1,1,46,12/03/1976,1,02,3,2,5,01,5,5,3,1,999999,1, ,12985,0
00,1022,4,11A217,15,41313,2,1,0,02,-,1,2,2,49,11/02/1973,1,02,3,2,5,07, , , , , ,1, ,12985,0
00,1022,4,11A217,15,41313,2,1,0,03,-,1,3,1,29,17/03/1993,1,03,3,2,5,01,5,3,2,1,999999,1, ,12985,0
00,1022,4,11A217,15,41313,2,1,0,08,-,1,5,2,29,22/11/1992,1,04,3,2,5,07, , , , , ,1, ,12985,0
00,1022,4,11A217,15,41313,2,1,0,06,-,1,5,2,10,22/08/2012,1,02,3,1, , , , , , , ,1, ,12985,0
00,1022,4,11A217,15,41313,2,1,0,05,-,1,3,2,19,08/02/2003,1,04,1,1,6,06, , , , , ,1, ,12985,0
00,1022,4,11A217,15,41313,2,1,0,04,-,1,3,1,25,11/07/1997,1,03,3,2,2,01,5,3,2,1,999999,1,1,12985,78430
00,1022,4,11A217,15,41313,2,1,0,07,-,1,5,2,08,22/03/2014,1,02,2,1, , , , , , , ,1, ,12985,0
00,1022,8,11A203,15,41315,2,1,0,03,-,1,3,2,16,14/03/2006,1,03,2,1,6,06, , , , , ,1, ,8112,0
00,1022,8,11A203,15,41315,1,1,0,01,-,1,1,2,70,21/01/1952,1,06,3,2,5,07, , , , , ,1, ,8112,0
00,1022,8,11A203,15,41315,2,1,0,04,-,1,3,1,15,07/03/2007,1,03,1,1,6,06, , , , , ,1, ,8112,0
00,1022,8,11A203,15,41315,2,1,0,02,-,1,2,2,34,16/09/1988,1,04,3,2,5,01,5,5,2,2,999999,1,1,8112,16333
00,1022,8,11A203,15,41315,2,1,0,05,-,1,3,1,04,03/06/2018, , , , , , , , , , , ,1, ,8112,0
00,1022,8,11A203,15,41315,3,1,0,04,-,1,3,1,14,01/01/2008,1,03,2,1,6,06, , , , , ,1, ,8112,0
00,1022,8,11A203,15,41315,3,1,0,05,-,1,3,2,20,22/09/2002,1,04,3,1,6,06, , , , , ,1,1,8112,32666
00,1022,8,11A203,15,41315,3,1,0,02,-,1,2,2,45,10/01/1977,1,03,3,2,5,01,4,4,3,1,001000,1, ,8112,0
00,1022,8,11A203,15,41315,3,1,0,01,-,1,1,1,41,07/05/1981,1,03,3,2,5,01,5,5,3,1,999999,1, ,8112,0
00,1022,8,11A203,15,41315,3,1,0,03,-,1,3,1,21,08/01/2001,1,07,1,1,6,06, , , , , ,1, ,8112,0
00,1022,8,11A203,15,41315,2,1,0,01,-,1,1,1,37,14/03/1985,1,04,3,2,5,01,5,5,4,1,999999,1, ,8112,0
00,1022,8,11A203,15,41315,1,1,0,03,-,1,2,1,70,12/09/1952,1,07,4,2,5,09, , , , , ,1, ,8112,0
00,1022,8,11A203,15,41315,1,1,0,02,-,1,3,2,33,05/09/1989,1,04,3,2,2,01,5,5,3,2,999999,1,1,8112,24500
00,1022,8,11A203,15,41315,1,1,0,04,-,1,5,1,14,27/06/2008,1,03,1,1,6,06, , , , , ,1, ,8112,0
00,1022,8,11A203,15,41315,1,1,0,05,-,1,3,1,13,13/09/2009,1,02,6,1,6,06, , , , , ,1, ,8112,0
00,1022,8,11A203,15,41315,4,1,0,02,-,1,2,2,49,03/02/1973,1,06,3,2,5,01,2,7,3,2,999999,1, ,8112,0
00,1022,8,11A203,15,41315,4,1,0,01,-,1,1,1,51,19/01/1971,1,06,3,2,5,01,7,2,3,1,999999,1,1,8112,16333
00,1022,1,12B212,15,41349,2,1,0,01,-,1,1,1,48,08/05/1974,1,04,3,2,5,01,4,4,2,1,999999,1, ,10352,0
00,1022,1,12B212,15,41349,2,1,0,03,-,1,3,2,25,13/01/1997,1,07,4,2,6,01,5,5,3,2,002500,1,1,10352,42097
00,1022,1,12B212,15,41349,2,1,0,05,-,1,3,2,09,30/11/2012,1,02,4,1, , , , , , , ,1, ,10352,0
00,1022,1,12B212,15,41349,2,1,0,04,-,1,3,1,18,06/08/2004,1,04,3,1,6,06, , , , , ,1, ,10352,0
00,1022,1,12B212,15,41349,1,1,0,01,-,1,1,1,28,05/10/1994,1,07,4,2,6,01,5,5,3,2,005000,1,1,10352,10524
00,1022,1,12B212,15,41349,4,1,0,01,-,1,1,1,45,07/04/1977,1,04,3,2,1,01,5,5,3,1,002000,1,1,10352,31573
00,1022,1,12B212,15,41349,2,1,0,06,-,1,3,1,05,27/07/2017,2,01,2,1, , , , , , , ,1, ,10352,0
00,1022,1,12B212,15,41349,4,1,0,03,-,1,3,2,19,05/07/2003,1,04,3,2,6,01,5,5,3,1,001000,1, ,10352,0
00,1022,1,12B212,15,41349,4,1,0,04,-,1,3,1,16,23/02/2006,1,04,1,1,6,06, , , , , ,1, ,10352,0
00,1022,1,12B212,15,41349,4,1,0,02,-,1,2,2,48,05/08/1974,1,03,3,2,1,01,5,5,3,1,001200,1, ,10352,0
00,1022,1,12B212,15,41349,2,1,0,02,-,1,2,2,45,04/08/1977,1,03,3,2,5,07, , , , , ,1, ,10352,0
00,1022,1,11B212,15,41387,4,1,0,03,-,1,3,1,18,20/09/2004,1,04,3,1,6,06, , , , , ,1, ,10620,0
00,1022,1,11B212,15,41387,3,1,0,02,-,1,2,2,48,08/02/1974,1,03,3,2,5,07, , , , , ,1,1,10620,32074
00,1022,1,11B212,15,41387,3,1,0,04,-,1,3,2,17,06/10/2005,1,04,2,1,6,06, , , , , ,1, ,10620,0
00,1022,1,11B212,15,41387,3,1,0,01,-,1,1,1,43,07/09/1979,1,04,3,2,5,01,7,2,3,1,002500,1, ,10620,0
00,1022,1,11B212,15,41387,3,1,0,03,-,1,3,2,20,06/06/2002,1,07,1,1,6,06, , , , , ,1, ,10620,0
00,1022,1,11B212,15,41387,1,1,0,04,-,1,3,1,17,15/06/2005,1,04,2,1,6,06, , , , , ,1, ,10620,0
00,1022,1,11B212,15,41387,1,1,0,02,-,1,3,1,25,11/01/1997,1,03,3,2,6,01,5,6,5,1,003000,1,1,10620,42765
00,1022,1,11B212,15,41387,1,1,0,05,-,1,3,1,27,18/01/1995,1,03,3,2,6,01,7,2,2,1,999999,1, ,10620,0
00,1022,1,11B212,15,41387,1,1,0,03,-,1,3,1,21,05/08/2001,1,04,2,1,6,06, , , , , ,1, ,10620,0
00,1022,1,11B212,15,41387,1,1,0,01,-,1,1,2,53,16/07/1969,1,02,6,2,6,07, , , , , ,1, ,10620,0
00,1022,1,11B212,15,41387,4,1,0,01,-,1,1,1,53,01/11/1968,1,03,3,2,1,01,7,2,3,2,999999,1,1,10620,32074
00,1022,1,11B212,15,41387,4,1,0,05,-,1,3,1,15,07/07/2007,1,03,3,1,6,06, , , , , ,1, ,10620,0
00,1022,1,11B212,15,41387,4,1,0,04,-,1,3,1,17,07/02/2005,1,03,2,1,6,06, , , , , ,1, ,10620,0
00,1022,1,11B212,15,41387,4,1,0,02,-,1,2,2,49,15/01/1973,1,02,6,2,1,07, , , , , ,1, ,10620,0
00,1022,5,12A206,15,41388,3,1,0,01,-,1,1,1,39,11/06/1983,1,07,4,2,1,01,5,6,3,2,999999,1,1,7462,15173
00,1022,5,12A206,15,41388,3,1,0,03,-,1,3,1,09,31/12/2012,1,02,3,1, , , , , , , ,1, ,7462,0
00,1022,5,12A206,15,41388,3,1,0,02,-,1,2,2,36,04/08/1986,1,07,4,2,1,01,4,4,3,2,999999,1, ,7462,0
00,1022,8,13A203,15,41417,4,1,0,04,-,1,4,2,59,18/11/1962,1,07,5,2,4,07, , , , , ,1, ,9465,0
00,1022,8,13A203,15,41417,4,1,0,05,-,1,3,2,09,20/12/2012,1,02,3,1, , , , , , , ,1, ,9465,0
00,1022,8,13A203,15,41417,2,1,0,02,-,1,2,2,63,08/12/1958,1,03,3,2,1,07, , , , , ,1, ,9465,0
00,1022,8,13A203,15,41417,2,1,0,03,-,1,3,1,44,20/06/1978,1,07,4,2,6,01,1,7,3,2,999999,1, ,9465,0
00,1022,8,13A203,15,41417,2,1,0,01,-,1,1,1,71,29/10/1950,1,04,3,2,1,08, , , , , ,1,1,9465,28830
00,1022,8,13A203,15,41417,4,1,0,06,-,1,3,2,03,01/12/2018, , , , , , , , , , , ,1, ,9465,0
00,1022,8,13A203,15,41417,3,1,0,01,-,1,1,2,57,10/08/1965,1,02,1,2,2,01,4,4,2,1,000800,1,1,9465,19220
00,1022,8,13A203,15,41417,3,1,0,02,-,1,3,1,18,25/05/2004,1,02,6,2,6,01,5,5,3,1,000700,1, ,9465,0
00,1022,8,13A203,15,41417,4,1,0,02,-,1,2,2,32,03/02/1990,1,07,5,2,5,07, , , , , ,1, ,9465,0
00,1022,8,13A203,15,41417,1,1,0,01,-,1,1,2,40,23/06/1982,1,06,3,2,6,01,5,5,3,1,999999,1,1,9465,9610
00,1022,8,13A203,15,41417,4,1,0,01,-,1,1,1,32,15/10/1989,1,07,5,2,5,01,1,2,3,2,999999,1, ,9465,0
00,1022,8,13A203,15,41417,4,1,0,03,-,1,7,1,43,15/07/1979,1,07,5,2,6,01,1,2,3,2,999999,1,1,9465,38440
00,1022,7,13A204,16,40002,1,1,0,01,-,1,1,2,56,12/06/1966,1,07,5,1,6,03,7,5,2,5, ,1,1,9072,9211
00,1022,7,13A204,16,40002,4,1,0,04,-,1,3,2,18,30/06/2004,1,03,3,1,6,01,3,5,3,1,000800,1, ,9072,0
00,1022,7,13A204,16,40002,4,1,0,02,-,1,2,2,39,21/10/1982,1,07,5,2,5,01,3,5,3,3,007500,1,1,9072,27633
00,1022,5,13A204,16,40002,4,1,0,03,-,2, , , , , , , , , , , , , , , ,1, ,0,0
00,1022,7,13A204,16,40002,3,1,0,01,-,1,1,2,59,16/02/1963,1,07,4,2,3,01,1,5,2,2,999999,1,1,9072,9211
00,1022,5,13A204,16,40002,3,1,0,02,-,2, , , , , , , , , , , , , , , ,1, ,0,0
00,1022,6,13A204,16,40002,1,1,0,02,-,2, , , , , , , , , , , , , , , ,1, ,0,0
00,1022,7,13A204,16,40002,4,1,0,01,-,1,1,1,39,31/01/1983,1,07,5,2,5,01,1,5,3,2,009000,1, ,9072,0
00,1022,3,12A218,16,40059,2,1,0,01,-,1,1,2,43,21/07/1979,1,07,5,2,6,01,1,3,2,1,999999,1,1,6718,6830
00,1022,3,12A218,16,40059,2,1,0,02,-,1,3,2,08,14/06/2014,1,02,2,1, , , , , , , ,1, ,6718,0
00,1022,3,12A218,16,40059,4,1,0,02,-,1,3,2,20,05/07/2002,1,06,2,1,6,06, , , , , ,1,1,6718,13660
00,1022,3,12A218,16,40059,4,1,0,01,-,1,1,2,46,08/05/1976,1,07,2,2,3,01,3,7,3,2,999999,1, ,6718,0
00,1022,3,12A218,16,40059,3,1,0,02,-,1,7,2,19,24/09/2003,1,04,3,1,6,01,3,5,3,1,000600,1, ,6718,0
00,1022,3,12A218,16,40059,3,1,0,03,-,1,6,2,54,06/06/1968,2,02,2,2,6,09, , , , , ,1, ,6718,0
00,1022,3,12A218,16,40059,3,1,0,01,-,1,1,2,70,02/05/1952,2,07,4,2,6,01,1,5,2,1,001500,1,1,6718,20489
00,1022,7,11A204,16,40102,2,1,0,01,-,1,1,1,52,17/08/1970,1,02,6,2,5,01,7,3,2,1,001500,1,1,10391,41843
00,1022,7,11A204,16,40102,3,1,0,01,-,1,1,1,90,15/02/1932,2,00, ,2,5,01,4,4,2,1,000100,1,1,10391,20922
00,1022,7,11A204,16,40102,4,1,0,04,-,1,3,1,00,27/12/2021, , , , , , , , , , , ,1, ,10391,0
00,1022,7,11A204,16,40102,4,1,0,02,-,1,2,2,30,22/10/1991,1,02,6,2,1,01,4,4,2,1,000500,1,1,10391,20922
00,1022,7,11A204,16,40102,4,1,0,01,-,1,1,1,37,22/05/1985,1,03,3,2,1,01,5,6,2,1,999999,1, ,10391,0
00,1022,7,11A204,16,40102,4,1,0,03,-,1,3,2,07,22/03/2015,2,02,1,1, , , , , , , ,1, ,10391,0
00,1022,7,11A204,16,40102,2,1,0,04,-,1,3,2,22,22/11/1999,1,07,4,1,6,01,5,5,2,1,000500,1, ,10391,0
00,1022,7,11A204,16,40102,1,1,0,01,-,1,1,2,42,15/01/1980,1,03,3,2,5,07, , , , , ,1,1,10391,10461
00,1022,7,11A204,16,40102,2,1,0,03,-,1,3,1,24,22/05/1998,1,07,1,1,6,06, , , , , ,1, ,10391,0
00,1022,7,11A204,16,40102,2,1,0,05,-,1,3,2,10,06/08/2012,1,02,3,1, , , , , , , ,1, ,10391,0
00,1022,7,11A204,16,40102,2,1,0,02,-,1,2,2,49,16/07/1973,1,04,3,2,5,07, , , , , ,1, ,10391,0
00,1022,7,11A204,16,40102,2,1,0,06,-,1,3,2,07,24/04/2015,1,02,1,1, , , , , , , ,1, ,10391,0
00,1022,7,11A204,16,40102,3,1,0,02,-,1,2,2,88,15/06/1934,2,00, ,2,5,07, , , , , ,1, ,10391,0
00,1022,2,11B211,16,40190,4,1,0,02,-,1,2,2,54,11/10/1967,2,00, ,2,1,07, , , , , ,1,1,8552,17219
00,1022,2,11B211,16,40190,1,1,0,02,-,1,2,2,48,08/06/1974,1,07,4,2,1,01,1,5,3,2,999999,1, ,8552,0
00,1022,2,11B211,16,40190,1,1,0,01,-,1,1,1,60,15/02/1962,1,02,6,2,1,01,4,4,2,1,999999,1, ,8552,0
00,1022,2,11B211,16,40190,1,1,0,03,-,1,3,1,23,25/11/1998,1,04,3,1,6,06, , , , , ,1,1,8552,25829
00,1022,2,11B211,16,40190,3,1,0,01,-,1,1,1,45,20/07/1977,1,03,3,2,5,01,5,5,3,1,002300,1, ,8552,0
00,1022,2,11B211,16,40190,3,1,0,02,-,1,2,2,48,15/06/1974,1,03,3,2,5,01,5,5,2,1,000300,1,1,8552,34439
00,1022,2,11B211,16,40190,3,1,0,03,-,1,3,1,22,30/06/2000,1,07,4,2,6,01,7,5,3,1,000600,1, ,8552,0
00,1022,2,11B211,16,40190,3,1,0,04,-,1,3,1,20,30/06/2002,1,03,3,2,6,01,7,2,3,1,001000,1, ,8552,0
00,1022,2,11B211,16,40190,2,1,0,03,-,1,3,2,17,01/02/2005,1,04,2,1,6,06, , , , , ,1, ,8552,0
00,1022,2,11B211,16,40190,2,1,0,05,-,1,3,1,01,02/08/2021, , , , , , , , , , , ,1, ,8552,0
00,1022,2,11B211,16,40190,2,1,0,04,-,1,3,1,15,15/09/2007,1,03,3,1,6,06, , , , , ,1, ,8552,0
00,1022,2,11B211,16,40190,4,1,0,01,-,1,1,1,61,30/06/1961,1,02,2,2,1,01,7,3,3,1,002000,1, ,8552,0
00,1022,2,11B211,16,40190,2,1,0,02,-,1,2,2,35,17/11/1986,1,03,3,2,5,01,5,5,2,1,000350,1,1,8552,17219
00,1022,2,11B211,16,40190,2,1,0,01,-,1,1,1,36,10/12/1985,1,02,6,2,5,01,7,3,3,1,002000,1, ,8552,0
00,1022,6,11A205,16,40232,1,1,0,01,-,1,1,1,38,05/11/1983,1,07,5,2,5,01,1,5,1,1,999999,1,1,13734,13826
00,1022,5,11A205,16,40232,2,1,0,03,-,2, , , , , , , , , , , , , , , ,1, ,0,0
00,1022,6,11A205,16,40232,3,1,0,01,-,1,1,2,44,13/07/1978,1,04,3,2,3,07, , , , , ,1, ,13734,0
00,1022,6,11A205,16,40232,3,1,0,02,-,1,3,1,23,04/03/1999,1,03,3,2,1,01,4,4,3,2,999999,1, ,13734,0
00,1022,6,11A205,16,40232,3,1,0,03,-,1,3,1,18,19/01/2004,1,03,3,2,6,01,4,4,3,2,999999,1,1,13734,41477
00,1022,6,11A205,16,40232,3,1,0,04,-,1,3,2,17,17/01/2005,1,04,1,1,6,06, , , , , ,1, ,13734,0
00,1022,6,11A205,16,40232,2,1,0,04,-,1,4,1,54,11/07/1968,1,03,3,2,5,01,7,5,2,1,999999,1, ,13734,0
00,1022,6,11A205,16,40232,2,1,0,02,-,1,4,2,51,28/05/1971,1,06,3,2,2,01,3,5,3,2,999999,1,1,13734,41477
00,1022,6,11A205,16,40232,2,1,0,01,-,1,1,1,26,14/07/1996,1,07,5,1,6,01,1,5,3,2,003500,1, ,13734,0
00,1022,6,12A205,16,40263,3,1,0,01,-,1,1,1,46,30/07/1976,1,07,1,2,5,01,4,4,2,1,999999,1, ,9033,0
00,1022,6,12A205,16,40263,3,1,0,02,-,1,2,2,47,17/04/1975,1,04,3,2,5,07, , , , , ,1,1,9033,18367
00,1022,6,12A205,16,40263,1,1,0,01,-,1,1,1,40,06/10/1982,1,04,3,2,1,01,5,5,3,2,999999,1,1,9033,18367
00,1022,6,12A205,16,40263,1,1,0,02,-,1,2,2,30,10/01/1992,1,04,3,2,1,07, , , , , ,1, ,9033,0
00,1022,6,12A205,16,40263,1,1,0,03,-,1,3,2,07,24/07/2015,2,01,1,1, , , , , , , ,1, ,9033,0
00,1022,3,12A205,16,40263,3,1,0,03,-,2, , , , , , , , , , , , , , , ,1, ,0,0
00,1022,6,12A205,16,40263,4,1,0,02,-,2, , , , , , , , , , , , , , , ,1, ,0,0
00,1022,6,12A205,16,40263,4,1,0,03,-,1,3,2,10,26/10/2011,1,02,4,1, , , , , , , ,1, ,9033,0
00,1022,6,12A205,16,40263,4,1,0,01,-,1,1,1,44,30/05/1978,1,07,5,2,2,01,1,5,2,1,999999,1,1,9033,9184
00,1022,6,12A205,16,40263,2,1,0,02,-,1,2,2,30,26/06/1992,1,07,4,2,5,01,1,5,3,2,999999,1, ,9033,0
00,1022,6,12A205,16,40263,2,1,0,01,-,1,1,1,41,01/11/1980,1,07,5,2,5,01,1,5,2,1,999999,1,1,9033,18367
00,1022,5,12A205,16,40263,3,1,0,04,-,2, , , , , , , , , , , , , , , ,1, ,0,0
00,1022,5,12A205,16,40263,3,1,0,05,-,2, , , , , , , , , , , , , , , ,1, ,0,0
00,1022,2,12B211,16,40285,1,1,0,02,-,1,2,2,47,01/12/1974,1,04,3,2,5,07, , , , , ,1,1,8827,35893
00,1022,2,12B211,16,40285,1,1,0,03,-,1,3,1,22,03/09/2000,1,07,3,1,6,01,4,5,2,1,999999,1, ,8827,0
00,1022,2,12B211,16,40285,1,1,0,01,-,1,1,1,47,13/06/1975,1,04,3,2,5,01,5,7,3,2,999999,1, ,8827,0
00,1022,2,12B211,16,40285,1,1,0,05,-,1,3,2,08,18/07/2014,1,02,2,1, , , , , , , ,1, ,8827,0
00,1022,2,12B211,16,40285,3,1,0,02,-,1,3,2,32,05/12/1989,1,07,5,2,6,01,1,5,3,2,999999,1,1,8827,26920
00,1022,2,12B211,16,40285,2,1,0,02,-,1,3,2,35,30/09/1987,1,07,4,2,6,01,1,5,3,2,999999,1, ,8827,0
00,1022,2,12B211,16,40285,2,1,0,03,-,1,3,2,31,11/01/1991,1,04,3,2,5,07, , , , , ,1,1,8827,26920
00,1022,2,12B211,16,40285,2,1,0,01,-,1,1,2,63,12/09/1959,1,07,4,2,3,07, , , , , ,1, ,8827,0
00,1022,2,12B211,16,40285,1,1,0,04,-,1,3,2,19,16/02/2003,1,07,1,1,6,06, , , , , ,1, ,8827,0
00,1022,2,12B211,16,40285,3,1,0,01,-,1,1,2,64,11/03/1958,1,07,4,2,4,01,5,5,2,1,000700,1, ,8827,0
00,1022,2,12B211,16,40285,3,1,0,03,-,1,3,2,25,15/03/1997,1,07,4,2,6,01,1,7,3,2,999999,1, ,8827,0
00,1022,2,12B211,16,40285,2,1,0,04,-,1,5,2,12,23/11/2009,1,03,1,1,6,06, , , , , ,1, ,8827,0
14,1022,4,11A217,16,40313,2,1,0,01,-,1,1,2,50,07/09/1972,2,07,5,2,2,01,3,5,3,2,999999,1, ,8290,0
14,1022,4,11A217,16,40313,2,1,0,02,-,1,3,1,23,18/07/1999,1,07,3,1,6,01,4,4,2,1,999999,1, ,8290,0
14,1022,4,11A217,16,40313,2,1,0,03,-,1,3,2,07,17/10/2014,1,02,1,1, , , , , , , ,1, ,8290,0
14,1022,4,11A217,16,40313,2,1,0,04,-,1,3,1,21,02/12/2000,1,04,3,1,6,01,5,5,3,1,999999,1, ,8290,0
00,1022,4,11A217,16,40313,3,1,0,02,-,1,3,1,20,11/06/2002,1,02,6,2,6,01,5,4,3,1,999999,1, ,8290,0
00,1022,4,11A217,16,40313,1,1,0,01,-,1,1,1,76,22/12/1945,1,02,2,2,4,08, , , , , ,1,1,8290,8345
00,1022,4,11A217,16,40313,3,1,0,03,-,1,2,1,50,27/11/1971,1,03,3,2,5,01,5,4,3,1,999999,1, ,8290,0
00,1022,4,11A217,16,40313,4,1,0,03,-,1,3,1,28,20/10/1993,1,03,3,2,6,01,5,4,2,1,999999,1,1,8290,33381
00,1022,4,11A217,16,40313,4,1,0,02,-,1,2,2,48,26/03/1974,1,02,6,2,5,01,5,5,2,1,000400,1, ,8290,0
00,1022,4,11A217,16,40313,4,1,0,04,-,1,3,2,19,06/05/2003,1,07,1,1,6,06, , , , , ,1, ,8290,0
00,1022,4,11A217,16,40313,4,1,0,01,-,1,1,1,54,01/04/1968,1,02,3,2,5,01,5,5,2,1,000800,1, ,8290,0
00,1022,4,11A217,16,40313,3,1,0,01,-,1,1,2,52,15/07/1970,1,03,3,2,5,07, , , , , ,1,1,8290,25036
00,1022,8,12A203,16,40351,1,1,0,01,-,1,1,1,54,27/03/1968,1,06,3,2,1,01,1,5,3,1,004000,1, ,7937,0
00,1022,8,12A203,16,40351,1,1,0,03,-,1,4,2,60,02/08/1962,1,02,6,2,3,07, , , , , ,1,1,7937,32277
00,1022,8,12A203,16,40351,1,1,0,05,-,1,3,1,14,22/09/2008,1,03,1,1,6,06, , , , , ,1, ,7937,0
00,1022,8,12A203,16,40351,1,1,0,06,-,1,3,1,11,23/02/2011,1,02,4,1, , , , , , , ,1, ,7937,0
00,1022,8,12A203,16,40351,1,1,0,04,-,1,3,1,18,01/06/2004,1,04,1,1,6,06, , , , , ,1, ,7937,0
00,1022,8,12A203,16,40351,1,1,0,02,-,1,2,2,37,30/09/1985,1,03,3,2,1,07, , , , , ,1, ,7937,0
00,1022,8,12A203,16,40351,3,1,1,02,-,1,2,2,28,22/11/1993,1,07,5,2,5,01,1,5,3,3,007000,1, ,7937,0
00,1022,8,12A203,16,40351,3,1,1,01,-,1,1,1,30,20/09/1992,1,07,5,2,5,01,1,5,3,3,007000,1,1,7937,16138
00,1022,8,12A203,16,40351,2,1,0,01,-,1,1,1,56,12/06/1966,1,03,3,2,2,01,7,3,2,1,999999,1, ,7937,0
00,1022,8,12A203,16,40351,2,1,0,02,-,1,3,1,22,24/08/2000,1,07,1,1,6,01,5,5,3,1,999999,1,1,7937,16138
00,1022,8,12A203,16,40351,4,1,0,03,-,1,3,1,09,31/08/2013,1,02,2,1, , , , , , , ,1, ,7937,0
00,1022,8,12A203,16,40351,4,1,0,04,-,1,3,1,25,15/04/1997,1,04,3,2,1,01,5,5,3,2,999999,1, ,7937,0
00,1022,8,12A203,16,40351,4,1,0,02,-,1,2,2,49,18/07/1973,1,03,3,2,5,07, , , , , ,1,1,7937,32277
00,1022,8,12A203,16,40351,4,1,0,05,-,1,5,2,26,20/02/1996,1,07,4,2,1,07, , , , , ,1, ,7937,0
00,1022,8,12A203,16,40351,4,1,0,01,-,1,1,1,54,15/08/1968,1,06,3,2,5,01,5,5,3,2,999999,1, ,7937,0
00,1022,4,13A217,16,40376,1,1,0,01,-,1,1,2,37,18/03/1985,1,07,5,2,5,07, , , , , ,1, ,10509,0
00,1022,4,13A217,16,40376,4,1,0,01,-,1,1,2,80,29/07/1942,1,02,6,2,4,08, , , , , ,1,1,10509,21340
00,1022,4,13A217,16,40376,4,1,0,02,-,1,5,1,18,20/05/2004,1,03,3,2,6,01,4,4,3,1,999999,1, ,10509,0
00,1022,4,13A217,16,40376,3,1,0,03,-,1,3,2,38,17/04/1984,1,07,4,2,3,01,5,5,3,2,999999,1, ,10509,0
00,1022,4,13A217,16,40376,3,1,0,01,-,1,1,1,69,15/06/1953,1,07,5,2,5,01,1,5,2,1,999999,1, ,10509,0
00,1022,4,13A217,16,40376,3,1,0,04,-,1,5,1,15,24/09/2007,1,03,3,1,6,06, , , , , ,1, ,10509,0
00,1022,4,13A217,16,40376,1,1,0,05,-,1,3,1,00,29/04/2022, , , , , , , , , , , ,1, ,10509,0
00,1022,4,13A217,16,40376,1,1,0,03,-,1,4,1,67,25/07/1955,1,04,3,2,5,09, , , , , ,1,1,10509,42680
00,1022,4,13A217,16,40376,1,1,0,02,-,1,2,1,31,22/06/1991,1,03,3,2,5,01,7,2,3,2,999999,1, ,10509,0
00,1022,4,13A217,16,40376,2,1,0,03,-,1,3,2,13,09/04/2009,1,03,1,1,6,06, , , , , ,1, ,10509,0
00,1022,4,13A217,16,40376,2,1,0,02,-,1,3,2,17,09/10/2005,1,04,2,1,6,06, , , , , ,1, ,10509,0
00,1022,4,13A217,16,40376,2,1,0,01,-,1,1,2,46,16/03/1976,1,04,3,2,2,01,5,5,3,2,004000,1,1,10509,10670
00,1022,4,13A217,16,40376,1,1,0,04,-,1,5,2,27,01/04/1995,1,04,1,2,3,01,4,5,3,1,001200,1, ,10509,0
00,1022,4,13A217,16,40376,3,1,0,02,-,1,2,2,67,28/11/1954,1,04,3,2,5,08, , , , , ,1,1,10509,32010
00,1022,1,12B212,16,40384,3,1,0,03,-,1,7,1,59,22/07/1963,1,02,6,2,2,09, , , , , ,1, ,11573,0
00,1022,1,12B212,16,40384,3,1,0,04,-,1,3,1,27,06/09/1995,1,07,5,2,6,01,1,2,3,2,007000,1, ,11573,0
00,1022,1,12B212,16,40384,3,1,0,01,-,1,1,1,53,28/05/1969,1,04,3,2,5,01,3,2,3,1,004000,1, ,11573,0
00,1022,1,12B212,16,40384,3,1,0,02,-,1,2,2,56,12/10/1966,1,06,3,2,5,01,3,5,3,2,005000,1,1,11573,47061
00,1022,1,12B212,16,40384,4,1,0,02,-,1,2,2,52,22/12/1969,1,04,3,2,5,07, , , , , ,1, ,11573,0
00,1022,1,12B212,16,40384,4,1,0,01,-,1,1,1,55,06/12/1966,1,07,4,2,5,01,1,5,3,2,999999,1,1,11573,23530
00,1022,1,12B212,16,40384,1,1,0,04,-,1,3,2,09,15/10/2013,1,02,3,1, , , , , , , ,1, ,11573,0
00,1022,1,12B212,16,40384,1,1,0,03,-,1,3,2,13,15/11/2008,1,03,1,1,6,06, , , , , ,1, ,11573,0
00,1022,1,12B212,16,40384,1,1,0,05,-,1,3,2,01,15/10/2021, , , , , , , , , , , ,1, ,11573,0
00,1022,1,12B212,16,40384,1,1,0,01,-,1,1,1,41,03/02/1981,1,04,1,2,5,01,5,7,3,2,002600,1,1,11573,23530
00,1022,1,12B212,16,40384,1,1,0,02,-,1,2,2,34,15/05/1988,1,07,2,2,5,01,3,5,3,2,003800,1, ,11573,0
00,1022,5,12A206,16,40391,3,1,1,01,-,1,1,1,30,11/03/1992,1,07,5,2,6,01,1,5,2,1,999999,1,1,10236,10407
00,1022,5,12A206,16,40391,1,1,0,03,-,1,5,1,28,08/01/1994,1,07,4,2,6,01,1,5,3,1,999999,1,1,10236,41626
15,1022,5,12A206,16,40391,2,1,0,02,-,1,2,2,27,13/10/1994,1,04,1,2,5,07, , , , , ,1, ,10236,0
15,1022,5,12A206,16,40391,2,1,0,04,-,1,3,1,03,14/12/2018, , , , , , , , , , , ,1, ,10236,0
00,1022,5,12A206,16,40391,1,1,0,04,-,1,5,1,19,10/01/2003,1,03,3,2,6,02,4,4,6,5, ,1, ,10236,0
15,1022,5,12A206,16,40391,2,1,0,03,-,1,3,2,07,02/06/2015,2,01,1,1, , , , , , , ,1, ,10236,0
00,1022,5,12A206,16,40391,1,1,0,01,-,1,1,2,73,20/02/1949,1,02,3,2,4,01,4,4,2,2,999999,1, ,10236,0
00,1022,5,12A206,16,40391,1,1,0,05,-,1,5,2,17,03/02/2005,1,03,3,1,6,06, , , , , ,1, ,10236,0
00,1022,5,12A206,16,40391,1,1,0,02,-,1,3,2,51,21/02/1971,1,02,6,2,6,01,4,4,2,1,999999,1, ,10236,0
15,1022,5,12A206,16,40391,2,1,0,01,-,1,1,1,36,16/12/1985,1,02,6,2,5,01,3,4,3,1,001500,1, ,10236,0
00,1022,3,12A218,17,40030,4,1,0,03,-,1,5,1,35,20/04/1987,1,03,3,2,5,01,7,2,3,1,001500,1,1,6445,26208
00,1022,3,12A218,17,40030,4,1,0,04,-,1,5,2,18,11/11/2003,1,07,1,1,6,06, , , , , ,1, ,6445,0
00,1022,3,12A218,17,40030,2,1,0,01,-,1,1,2,59,24/01/1963,1,09,4,2,3,01,1,5,3,2,007000,1,1,6445,6552
00,1022,3,12A218,17,40030,4,1,0,01,-,1,1,2,71,07/01/1951,1,02,6,2,4,07, , , , , ,1, ,6445,0
00,1022,3,12A218,17,40030,4,1,0,02,-,1,3,2,35,28/07/1987,1,04,3,2,1,01,3,5,3,1,001500,1, ,6445,0
00,1022,3,11A218,17,40126,3,1,0,05,-,1,5,2,17,18/07/2005,1,04,2,1,6,06, , , , , ,1, ,6979,0
00,1022,3,11A218,17,40126,3,1,0,04,-,1,3,2,32,24/11/1989,1,03,3,2,5,01,7,2,3,1,001300,1,1,6979,28101
00,1022,3,11A218,17,40126,3,1,0,02,-,1,2,2,62,29/10/1959,1,03,3,2,5,02,7,4,6,5, ,1, ,6979,0
00,1022,3,11A218,17,40126,4,1,0,03,-,1,3,2,17,17/05/2005,1,04,2,1,6,06, , , , , ,1, ,6979,0
00,1022,3,11A218,17,40126,4,1,0,01,-,1,1,1,55,29/07/1967,1,04,2,2,5,01,7,3,3,1,002500,1,1,6979,14051
00,1022,3,11A218,17,40126,4,1,0,04,-,1,3,2,17,17/05/2005,1,04,2,1,6,06, , , , , ,1, ,6979,0
00,1022,3,11A218,17,40126,4,1,0,02,-,1,2,2,48,05/08/1974,1,06,3,2,5,07, , , , , ,1, ,6979,0
00,1022,3,11A218,17,40126,3,1,0,01,-,1,1,1,74,28/08/1948,1,02,3,2,5,01,7,4,2,1,999999,1, ,6979,0
00,1022,3,11A218,17,40126,2,1,0,01,-,1,1,1,61,23/12/1960,1,02,6,2,2,01,7,4,2,1,001500,1,1,6979,7025
00,1022,3,11A218,17,40126,1,1,0,02,-,1,2,2,32,10/06/1990,1,03,3,2,1,01,4,4,3,1,001300,1,1,6979,14051
00,1022,3,11A218,17,40126,1,1,0,01,-,1,1,1,49,16/01/1973,1,03,3,2,1,01,7,4,3,1,001700,1, ,6979,0
00,1022,3,11A218,17,40126,1,1,0,04,-,1,3,1,15,21/05/2007,1,03,3,1,6,01,4,4,3,1,000200,1, ,6979,0
00,1022,3,11A218,17,40126,1,1,0,03,-,1,3,1,16,25/02/2006,1,03,3,2,6,01,4,4,3,1,000800,1, ,6979,0
00,1022,3,11A218,17,40126,3,1,0,03,-,1,5,1,32,23/11/1989,1,03,3,2,5,01,5,5,2,1,999999,1, ,6979,0
00,1022,3,11A218,17,40126,3,1,0,06,-,1,5,2,14,16/09/2008,1,03,2,1,6,06, , , , , ,1, ,6979,0
00,1022,7,12A204,17,40133,4,1,0,02,-,1,3,1,41,24/07/1981,1,03,3,2,6,01,5,6,3,1,999999,1, ,7719,0
00,1022,7,12A204,17,40133,4,1,0,01,-,1,1,2,60,31/10/1961,1,03,3,2,3,01,5,5,3,1,999999,1,1,7719,15694
00,1022,7,12A204,17,40133,3,1,0,02,-,1,2,2,57,10/01/1965,1,04,3,2,5,07, , , , , ,1, ,7719,0
00,1022,7,12A204,17,40133,3,1,0,03,-,1,3,1,21,18/10/2000,1,07,1,1,6,06, , , , , ,1,1,7719,23540
00,1022,7,12A204,17,40133,3,1,0,01,-,1,1,1,55,16/02/1967,1,07,3,2,5,01,5,6,5,1,999999,1, ,7719,0
00,1022,7,12A204,17,40133,3,1,0,04,-,1,3,1,17,18/01/2005,1,03,3,1,6,06, , , , , ,1, ,7719,0
00,1022,6,11A205,17,40168,1,1,1,02,-,1,2,2,42,12/09/1980,1,03,3,2,1,01,4,4,3,1,001500,1,1,5299,24005
00,1022,6,11A205,17,40168,1,1,1,01,-,1,1,1,35,09/05/1987,1,02,6,2,1,01,7,3,3,1,001500,1, ,5299,0
00,1022,6,11A205,17,40168,3,1,0,02,-,1,2,2,31,26/11/1990,1,03,3,2,5,02,4,4,6,5, ,1, ,5299,0
00,1022,6,11A205,17,40168,3,1,0,01,-,1,1,1,31,18/05/1991,1,03,3,2,5,01,7,2,2,1,001400,1,1,5299,24005
00,1022,6,11A205,17,40168,3,1,0,04,-,1,3,1,08,05/05/2014,1,02,1,1, , , , , , , ,1, ,5299,0
00,1022,6,11A205,17,40168,3,1,0,05,-,1,3,1,06,20/11/2015,2,01,3,1, , , , , , , ,1, ,5299,0
00,1022,6,11A205,17,40168,3,1,0,03,-,1,3,1,12,21/01/2010,1,02,5,1,6,06, , , , , ,1, ,5299,0
15,1022,3,11A205,17,40168,2,1,0,04,-,2, , , , , , , , , , , , , , , ,1, ,0,0
15,1022,3,11A205,17,40168,2,1,0,03,-,2, , , , , , , , , , , , , , , ,1, ,0,0
15,1022,3,11A205,17,40168,2,1,0,02,-,2, , , , , , , , , , , , , , , ,1, ,0,0
15,1022,6,11A205,17,40168,2,1,0,01,-,1,1,1,90,16/07/1932,2,00, ,2,4,07, , , , , ,1,1,5299,0
15,1022,6,11A205,17,40168,4,1,0,02,-,1,2,2,45,24/02/1977,1,03,3,2,1,02,5,5,6,5, ,1, ,5299,0
15,1022,6,11A205,17,40168,4,1,0,01,-,1,1,1,47,06/09/1975,1,02,2,2,1,01,5,5,2,1,001500,1, ,5299,0
15,1022,6,11A205,17,40168,4,1,0,05,-,1,3,2,25,15/11/1996,1,04,1,1,3,06, , , , , ,1, ,5299,0
15,1022,6,11A205,17,40168,4,1,0,04,-,1,3,1,23,10/04/1999,1,04,3,2,6,02,5,5,6,5, ,1,1,5299,0
15,1022,6,11A205,17,40168,4,1,0,03,-,1,5,1,06,06/09/2016,2,01,3,1, , , , , , , ,1, ,5299,0
00,1022,2,11B211,17,40194,1,1,0,03,-,1,3,2,20,13/12/2001,1,03,3,2,1,07, , , , , ,1, ,8786,0
00,1022,2,11B211,17,40194,1,1,0,01,-,1,1,1,59,04/03/1963,1,04,3,2,5,07, , , , , ,1,1,8786,44222
00,1022,2,11B211,17,40194,1,1,0,04,-,1,3,1,25,06/02/1997,1,04,1,2,6,01,7,3,3,1,001700,1, ,8786,0
00,1022,2,11B211,17,40194,1,1,0,06,-,1,5,1,00,03/08/2022, , , , , , , , , , , ,1, ,8786,0
00,1022,2,11B211,17,40194,1,1,0,05,-,1,5,1,30,10/05/1992,1,04,3,2,1,01,7,3,3,1,001700,1, ,8786,0
00,1022,2,11B211,17,40194,4,1,0,02,-,1,2,2,31,06/06/1991,1,07,4,2,5,01,4,4,2,1,999999,1, ,8786,0
00,1022,2,11B211,17,40194,1,1,0,02,-,1,2,2,43,13/07/1979,1,03,1,2,5,01,5,5,3,2,002800,1, ,8786,0
00,1022,2,11B211,17,40194,3,1,0,04,-,1,3,1,05,17/09/2017,2,00, ,1, , , , , , , ,1, ,8786,0
00,1022,2,11B211,17,40194,3,1,0,03,-,1,7,2,14,02/04/2008,2,00, ,2,6,09, , , , , ,1, ,8786,0
00,1022,2,11B211,17,40194,3,1,0,01,-,1,1,2,27,06/08/1995,1,04,2,2,6,01,5,5,3,1,001000,1, ,8786,0
00,1022,2,11B211,17,40194,3,1,0,02,-,1,4,2,59,03/07/1963,2,02,1,2,4,07, , , , , ,1,1,8786,17689
00,1022,2,11B211,17,40194,2,1,0,02,-,1,3,1,36,19/11/1985,1,03,3,2,6,01,7,3,3,1,003000,1, ,8786,0
00,1022,2,11B211,17,40194,2,1,0,01,-,1,1,2,63,25/09/1959,1,06,3,2,3,07, , , , , ,1,1,8786,17689
00,1022,2,11B211,17,40194,4,1,0,01,-,1,1,1,32,05/12/1989,1,07,4,2,5,01,7,2,3,2,999999,1,1,8786,17689
00,1022,6,11A205,17,40201,2,1,0,06,-,1,3,2,20,20/04/2002,1,07,1,1,6,06, , , , , ,1, ,7603,0
00,1022,6,11A205,17,40201,2,1,0,01,-,1,1,1,49,22/09/1973,1,07,5,2,5,01,1,3,2,1,999999,1, ,7603,0
00,1022,6,11A205,17,40201,2,1,0,02,-,1,2,2,46,20/04/1976,1,04,3,2,5,01,1,5,3,2,999999,1,1,7603,53579
00,1022,6,11A205,17,40201,2,1,0,04,-,1,3,2,23,19/07/1999,1,07,3,1,6,06, , , , , ,1, ,7603,0
00,1022,6,11A205,17,40201,2,1,0,05,-,1,4,1,77,20/07/1945,1,07,5,2,4,08, , , , , ,1, ,7603,0
00,1022,6,11A205,17,40201,2,1,0,03,-,1,3,1,26,11/06/1996,1,07,5,2,6,01,1,5,3,1,999999,1, ,7603,0
00,1022,6,11A205,17,40201,3,1,0,03,-,1,5,1,16,22/04/2006,1,03,3,1,6,06, , , , , ,1, ,7603,0
00,1022,6,11A205,17,40201,4,1,0,04,-,1,3,2,10,06/02/2012,1,02,3,1, , , , , , , ,1, ,7603,0
00,1022,6,11A205,17,40201,4,1,0,01,-,1,1,1,44,27/04/1978,1,03,3,2,5,01,7,3,3,1,002000,1,1,7603,15308
00,1022,6,11A205,17,40201,4,1,0,03,-,1,3,1,15,11/11/2006,1,03,3,1,6,06, , , , , ,1, ,7603,0
00,1022,6,11A205,17,40201,4,1,0,02,-,1,2,2,44,15/02/1978,1,03,3,2,5,07, , , , , ,1, ,7603,0
00,1022,6,11A205,17,40201,3,1,0,01,-,1,1,1,84,29/08/1938,2,00, ,2,5,07, , , , , ,1,1,7603,15308
00,1022,6,11A205,17,40201,3,1,0,02,-,1,2,2,82,07/07/1940,2,00, ,2,5,01,5,5,2,1,000200,1, ,7603,0
00,1022,6,11A205,17,40201,2,1,0,07,-,1,3,1,24,05/05/1998,1,07,5,1,6,06, , , , , ,1, ,7603,0
00,1022,2,12B211,17,40226,2,1,0,03,-,1,3,2,19,13/09/2003,1,04,3,1,6,06, , , , , ,1,1,8275,25237
00,1022,2,12B211,17,40226,2,1,0,05,-,1,3,2,13,19/12/2008,1,03,2,1,6,06, , , , , ,1, ,8275,0
00,1022,2,12B211,17,40226,3,1,0,01,-,1,1,1,69,20/04/1953,1,02,3,2,5,08, , , , , ,1, ,8275,0
00,1022,2,12B211,17,40226,3,1,0,02,-,1,2,2,67,27/08/1955,1,02,4,2,5,07, , , , , ,1,1,8275,16824
00,1022,2,12B211,17,40226,4,1,0,02,-,1,2,2,77,25/09/1945,1,03,3,2,5,07, , , , , ,1, ,8275,0
00,1022,2,12B211,17,40226,4,1,0,03,-,1,3,1,52,10/03/1970,1,04,3,2,2,01,7,2,3,1,999999,1, ,8275,0
00,1022,2,12B211,17,40226,4,1,0,01,-,1,1,1,82,16/09/1940,1,02,6,2,5,07, , , , , ,1,1,8275,25237
00,1022,2,12B211,17,40226,1,1,0,01,-,1,1,2,77,08/02/1945,1,06,3,2,4,08, , , , , ,1, ,8275,0
00,1022,2,12B211,17,40226,1,1,0,02,-,1,3,2,49,19/11/1972,1,07,5,2,1,03,1,5,3,2,007500,1,1,8275,33650
00,1022,2,12B211,17,40226,1,1,0,03,-,1,5,1,57,11/10/1965,1,07,5,2,1,03,1,5,3,2,007500,1, ,8275,0
00,1022,2,12B211,17,40226,1,1,0,04,-,1,5,2,18,10/09/2004,1,04,3,1,6,06, , , , , ,1, ,8275,0
00,1022,2,12B211,17,40226,2,1,0,02,-,1,2,2,45,09/12/1976,1,07,4,2,5,01,3,5,5,1,000800,1, ,8275,0
00,1022,2,12B211,17,40226,2,1,0,04,-,1,3,2,15,25/08/2007,1,03,3,1,6,06, , , , , ,1, ,8275,0
00,1022,2,12B211,17,40226,2,1,0,01,-,1,1,1,47,26/02/1975,1,07,4,2,5,01,3,7,3,2,007000,1, ,8275,0
00,1022,5,11A206,17,40297,1,1,0,02,-,1,2,2,37,20/03/1985,1,04,3,2,1,01,5,5,3,1,999999,1, ,11480,0
00,1022,5,11A206,17,40297,3,1,1,02,-,1,2,2,29,15/09/1993,1,04,3,2,1,07, , , , , ,1, ,11480,0
00,1022,5,11A206,17,40297,1,1,0,06,-,1,3,1,14,06/08/2008,1,03,1,1,6,06, , , , , ,1, ,11480,0
00,1022,5,11A206,17,40297,1,1,0,01,-,1,1,1,36,24/09/1986,1,03,3,2,1,01,5,6,3,1,999999,1, ,11480,0
00,1022,5,11A206,17,40297,1,1,0,04,-,1,3,2,11,16/11/2010,1,02,5,1, , , , , , , ,1, ,11480,0
00,1022,5,11A206,17,40297,1,1,0,03,-,1,3,2,19,17/07/2003,1,04,2,1,6,06, , , , , ,1,1,11480,34671
00,1022,5,11A206,17,40297,2,1,0,01,-,1,1,2,30,18/02/1992,1,07,4,2,6,01,1,5,3,2,002000,1,1,11480,11557
00,1022,5,11A206,17,40297,2,1,0,02,-,1,3,1,10,30/03/2012,1,02,3,1, , , , , , , ,1, ,11480,0
00,1022,5,11A206,17,40297,4,1,0,05,-,1,3,2,11,11/08/2011,1,02,3,1, , , , , , , ,1, ,11480,0
00,1022,5,11A206,17,40297,4,1,0,02,-,1,2,2,40,11/12/1981,1,03,3,2,1,07, , , , , ,1, ,11480,0
00,1022,5,11A206,17,40297,4,1,0,01,-,1,1,1,45,01/01/1977,1,03,3,2,1,01,5,5,3,1,001500,1, ,11480,0
00,1022,5,11A206,17,40297,4,1,0,03,-,1,3,2,19,18/10/2002,1,04,3,1,6,06, , , , , ,1, ,11480,0
00,1022,5,11A206,17,40297,4,1,0,04,-,1,3,1,19,31/05/2003,1,04,2,2,6,01,3,4,3,1,001600,1,1,11480,46228
00,1022,5,11A206,17,40297,3,1,1,04,-,1,3,2,03,24/09/2019, , , , , , , , , , , ,1, ,11480,0
00,1022,5,11A206,17,40297,3,1,1,03,-,1,3,2,05,01/08/2017,2,00, ,1, , , , , , , ,1, ,11480,0
00,1022,5,11A206,17,40297,3,1,1,01,-,1,1,1,26,07/07/1996,1,03,3,2,1,01,5,6,3,2,002000,1,1,11480,23114
00,1022,5,11A206,17,40297,1,1,0,05,-,1,3,2,07,03/02/2015,2,01,3,1, , , , , , , ,1, ,11480,0
00,1022,4,12A217,17,40313,2,1,0,02,-,1,2,2,48,12/12/1973,1,06,3,2,5,01,4,4,2,1,001000,1, ,6972,0
00,1022,4,12A217,17,40313,2,1,0,04,-,1,3,1,28,04/04/1994,1,07,5,2,6,01,1,5,3,2,012000,1, ,6972,0
00,1022,4,12A217,17,40313,1,1,0,02,-,1,3,1,00,31/03/2022, , , , , , , , , , , ,1, ,6972,0
00,1022,4,12A217,17,40313,1,1,0,01,-,1,1,2,26,22/11/1995,1,04,3,2,2,01,7,2,3,1,001200,1,1,6972,7088
00,1022,4,12A217,17,40313,2,1,0,03,-,1,3,2,23,15/04/1999,1,07,4,1,6,06, , , , , ,1, ,6972,0
00,1022,4,12A217,17,40313,2,1,0,01,-,1,1,1,55,11/10/1966,1,08,2,2,5,01,1,5,2,1,003000,1,1,6972,28353
00,1022,8,11A203,17,40320,3,1,0,03,-,1,3,2,49,04/12/1972,1,04,1,2,2,01,4,4,2,1,000050,1,1,8423,25438
00,1022,8,11A203,17,40320,1,1,0,02,-,1,2,2,63,19/03/1959,1,02,6,2,1,01,4,4,3,1,000600,1, ,8423,0
00,1022,8,11A203,17,40320,3,1,0,01,-,1,1,1,89,20/07/1933,1,02,6,2,5,08, , , , , ,1, ,8423,0
00,1022,5,11A203,17,40320,3,1,0,04,-,2, , , , , , , , , , , , , , , ,1, ,0,0
00,1022,3,11A203,17,40320,1,1,0,05,-,2, , , , , , , , , , , , , , , ,1, ,0,0
00,1022,8,11A203,17,40320,1,1,0,01,-,1,1,1,60,31/08/1962,1,04,1,2,1,01,7,4,2,1,001000,1, ,8423,0
00,1022,8,11A203,17,40320,2,1,1,01,-,1,1,1,52,12/08/1970,1,03,3,2,2,01,5,5,3,2,999999,1,1,8423,8479
00,1022,8,11A203,17,40320,1,1,0,03,-,1,3,1,32,29/12/1989,1,04,1,2,2,01,4,4,3,1,000700,1, ,8423,0
00,1022,8,11A203,17,40320,1,1,0,04,-,1,3,1,36,15/07/1986,1,03,3,2,2,01,5,5,3,1,002500,1,1,8423,33917
00,1022,8,11A203,17,40320,3,1,0,02,-,1,2,2,85,25/11/1936,1,02,6,2,5,07, , , , , ,1, ,8423,0
00,1022,5,11A206,17,40327,2,1,0,03,-,3,3,1,01,01/10/2021, , , , , , , , , , , ,1, ,7797,0
00,1022,5,11A206,17,40327,2,1,0,02,-,1,2,2,29,12/02/1993,1,04,3,2,1,01,5,5,3,2,999999,1,1,7797,15699
00,1022,5,11A206,17,40327,2,1,0,01,-,1,1,1,34,26/04/1988,1,04,3,2,1,01,7,5,2,1,003000,1, ,7797,0
00,1022,5,11A206,17,40327,4,1,0,02,-,1,3,1,13,24/02/2009,1,02,6,1,6,06, , , , , ,1, ,7797,0
00,1022,5,11A206,17,40327,4,1,0,05,-,2, , , , , , , , , , , , , , , ,1, ,0,0
00,1022,5,11A206,17,40327,1,1,0,01,-,1,1,1,61,09/09/1961,1,03,3,2,6,01,5,6,5,1,999999,1,1,7797,7849
00,1022,5,11A206,17,40327,4,1,0,01,-,1,1,2,30,25/02/1992,1,03,2,2,4,01,5,5,2,1,000600,1,1,7797,7849
00,1022,5,11A206,17,40327,4,1,0,04,-,1,3,2,02,14/12/2019, , , , , , , , , , , ,1, ,7797,0
00,1022,5,11A206,17,40327,3,1,0,01,-,1,1,2,60,21/09/1962,1,03,3,2,6,01,5,5,3,1,999999,1,1,7797,15699
00,1022,5,11A206,17,40327,3,1,0,02,-,1,3,1,30,06/10/1992,1,04,3,1,6,01,5,5,3,2,004000,1, ,7797,0
00,1022,5,11A206,17,40327,4,1,0,03,-,1,3,1,03,31/10/2018, , , , , , , , , , , ,1, ,7797,0
00,1022,1,11B212,17,40384,2,1,0,01,-,1,1,1,61,07/04/1961,1,07,3,2,2,08, , , , , ,1,1,8116,8171
00,1022,1,11B212,17,40384,1,1,0,01,-,1,1,2,42,04/11/1979,1,03,3,2,1,07, , , , , ,1, ,8116,0
00,1022,1,11B212,17,40384,1,1,0,02,-,1,2,1,54,28/06/1968,1,03,3,2,1,01,5,5,2,1,004000,1,1,8116,16341
00,1022,1,11B212,17,40384,4,1,0,04,-,1,3,1,18,08/09/2004,1,03,3,2,6,01,7,3,3,1,001500,1,1,8116,32683
00,1022,1,11B212,17,40384,4,1,0,01,-,1,1,1,47,03/08/1975,1,03,3,2,5,01,5,4,3,1,999999,1, ,8116,0
00,1022,1,11B212,17,40384,4,1,0,02,-,1,2,2,47,18/10/1974,1,02,6,2,5,01,4,4,2,1,001000,1, ,8116,0
00,1022,1,11B212,17,40384,3,1,0,04,-,1,5,2,09,08/02/2013,1,02,2,1, , , , , , , ,1, ,8116,0
00,1022,1,11B212,17,40384,3,1,0,03,-,1,3,1,25,24/04/1997,1,07,4,2,6,01,7,2,2,2,006000,1,1,8116,24512
00,1022,1,11B212,17,40384,4,1,0,03,-,1,3,2,19,30/01/2003,1,04,3,2,6,01,3,5,3,3,005300,1, ,8116,0
00,1022,1,11B212,17,40384,3,1,0,01,-,1,1,1,59,12/01/1963,1,04,2,2,5,01,7,2,2,1,005000,1, ,8116,0
00,1022,1,11B212,17,40384,3,1,0,02,-,1,2,2,56,23/03/1966,1,03,3,2,5,01,5,5,3,2,003000,1, ,8116,0
00,1022,8,13A203,17,40385,1,1,0,01,-,1,1,2,50,08/10/1971,1,07,4,2,4,01,5,5,3,2,004000,1,1,8165,16580
15,1022,8,13A203,17,40385,3,1,0,01,-,1,1,2,65,16/09/1957,1,04,3,2,5,01,3,5,3,2,999999,1,1,8165,0
15,1022,1,11B212,17,40420,1,1,0,01,-,1,1,1,50,25/12/1971,1,03,3,2,5,01,5,5,3,2,999999,1, ,5416,0
15,1022,1,11B212,17,40420,1,1,0,03,-,1,3,2,17,20/07/2005,1,04,2,1,6,01,5,5,3,1,999999,1, ,5416,0
15,1022,1,11B212,17,40420,1,1,0,04,-,1,7,2,22,20/12/1999,1,04,3,2,6,01,4,4,3,1,001500,1, ,5416,0
15,1022,1,11B212,17,40420,1,1,0,02,-,1,2,2,51,16/08/1971,1,03,2,2,5,01,7,2,3,1,999999,1,1,5416,0
00,1022,1,11B212,17,40420,2,1,0,02,-,1,3,2,28,06/05/1994,1,03,3,2,2,01,5,4,3,2,003000,1,1,5416,43616
15,1022,1,11B212,17,40420,4,1,0,02,-,1,2,2,65,07/08/1957,2,00, ,2,1,07, , , , , ,1,1,5416,0
00,1022,1,11B212,17,40420,2,1,0,03,-,1,5,2,04,24/11/2017, , , , , , , , , , , ,1, ,5416,0
00,1022,1,11B212,17,40420,2,1,0,04,-,1,5,1,03,21/06/2019, , , , , , , , , , , ,1, ,5416,0
15,1022,1,11B212,17,40420,4,1,0,01,-,1,1,1,62,30/06/1960,1,02,6,2,1,08, , , , , ,1, ,5416,0
15,1022,1,11B212,17,40420,4,1,0,03,-,1,3,1,27,06/01/1995,1,02,3,2,6,07, , , , , ,1, ,5416,0
00,1022,1,11B212,17,40420,2,1,0,01,-,1,1,2,64,03/09/1958,1,02,6,2,4,09, , , , , ,1, ,5416,0
00,1022,7,11A204,18,40099,1,1,0,02,-,1,3,2,38,31/01/1984,1,07,5,2,6,01,5,5,3,3,005500,1,1,8812,26612
00,1022,7,11A204,18,40099,1,1,0,03,-,1,3,2,24,19/08/1998,1,04,3,2,6,01,5,5,3,2,999999,1, ,8812,0
00,1022,7,11A204,18,40099,1,1,0,01,-,1,1,1,64,03/11/1957,1,04,3,2,4,08, , , , , ,1, ,8812,0
00,1022,7,11A204,18,40099,1,1,0,04,-,1,5,1,08,31/10/2013,1,02,2,1, , , , , , , ,1, ,8812,0
00,1022,7,11A204,18,40099,2,1,0,04,-,1,6,2,16,07/07/2006,1,03,2,1,6,06, , , , , ,1, ,8812,0
00,1022,7,11A204,18,40099,2,1,0,02,-,1,4,2,43,01/04/1979,1,04,3,2,4,01,5,5,3,2,003000,1, ,8812,0
00,1022,7,11A204,18,40099,4,1,1,01,-,1,1,1,23,11/10/1999,1,07,2,2,6,01,4,4,2,1,004000,1,1,8812,8871
00,1022,7,11A204,18,40099,2,1,0,03,-,1,2,2,31,20/11/1990,1,04,3,2,1,01,5,5,3,1,001300,1, ,8812,0
00,1022,2,11A204,18,40099,3,1,0,01,-,2, , , , , , , , , , , , , , , ,1, ,0,0
00,1022,2,11A204,18,40099,3,1,0,03,-,2, , , , , , , , , , , , , , , ,1, ,0,0
00,1022,7,11A204,18,40099,3,1,0,02,-,1,6,2,27,23/06/1995,1,07,5,2,6,01,5,5,3,2,002700,1,1,8812,8871
00,1022,7,11A204,18,40099,3,1,0,04,-,1,7,2,04,07/12/2017, , , , , , , , , , , ,1, ,8812,0
00,1022,6,11A204,18,40099,3,1,0,05,-,2, , , , , , , , , , , , , , , ,1, ,0,0
00,1022,7,11A204,18,40099,2,1,0,01,-,1,1,1,24,29/12/1997,1,03,3,2,1,01,5,5,3,2,003500,1,1,8812,26612
00,1022,3,11A218,18,40129,3,1,0,01,-,1,1,1,63,10/04/1959,1,07,5,2,5,01,1,5,3,2,999999,1, ,7191,0
00,1022,3,11A218,18,40129,3,1,0,04,-,1,3,2,20,27/04/2002,1,07,2,1,6,06, , , , , ,1,1,7191,28958
00,1022,3,11A218,18,40129,3,1,0,03,-,1,3,2,25,05/10/1997,1,02,6,2,6,09, , , , , ,1, ,7191,0
00,1022,3,11A218,18,40129,3,1,0,02,-,1,2,2,63,24/02/1959,1,04,3,2,5,07, , , , , ,1, ,7191,0
00,1022,3,11A218,18,40129,2,1,0,02,-,1,2,2,52,11/04/1970,1,04,3,2,5,07, , , , , ,1, ,7191,0
00,1022,3,11A218,18,40129,2,1,0,01,-,1,1,1,56,29/11/1965,1,02,6,2,5,08, , , , , ,1,1,7191,21718
00,1022,3,11A218,18,40129,2,1,0,03,-,1,3,1,28,19/07/1994,1,07,5,2,6,01,5,5,2,2,999999,1, ,7191,0
00,1022,3,11A218,18,40129,4,1,0,03,-,1,3,1,39,20/06/1983,2,00, ,2,6,09, , , , , ,1, ,7191,0
00,1022,3,11A218,18,40129,4,1,0,01,-,1,1,2,80,26/07/1942,1,02,3,2,4,07, , , , , ,1,1,7191,14479
00,1022,3,11A218,18,40129,4,1,0,02,-,1,5,2,17,12/07/2005,1,04,2,1,6,06, , , , , ,1, ,7191,0
00,1022,2,11A218,18,40129,1,1,0,02,-,2, , , , , , , , , , , , , , , ,1, ,0,0
00,1022,3,11A218,18,40129,1,1,0,04,-,1,3,1,29,28/09/1993,1,07,5,2,6,01,1,5,3,2,007000,1,1,7191,7239
00,1022,2,11A218,18,40129,1,1,0,05,-,2, , , , , , , , , , , , , , , ,1, ,0,0
00,1022,2,11A218,18,40129,1,1,0,01,-,2, , , , , , , , , , , , , , , ,1, ,0,0
00,1022,2,11A218,18,40129,1,1,0,03,-,2, , , , , , , , , , , , , , , ,1, ,0,0
00,1022,7,13A204,18,40134,4,1,0,04,-,3,4,2,54,18/04/1968,1,03,3,2,6,01,3,7,3,2,004000,1, ,10285,0
00,1022,7,13A204,18,40134,3,1,0,01,-,1,1,2,29,11/11/1992,1,07,5,2,1,07, , , , , ,1,1,10285,20886
00,1022,7,13A204,18,40134,3,1,0,02,-,1,2,1,38,15/09/1984,1,08,2,2,1,01,1,5,2,2,015000,1, ,10285,0
00,1022,7,13A204,18,40134,4,1,0,02,-,1,3,2,04,08/02/2018, , , , , , , , , , , ,1, ,10285,0
00,1022,7,13A204,18,40134,4,1,0,01,-,1,1,2,29,09/06/1993,1,07,5,2,6,01,1,5,3,2,006000,1,1,10285,31329
00,1022,7,13A204,18,40134,4,1,0,03,-,1,2,1,37,22/02/1985,1,04,3,2,1,01,4,4,3,1,002000,1, ,10285,0
00,1022,6,12A205,18,40163,2,1,0,03,-,1,3,2,13,12/02/2009,1,02,6,1,6,06, , , , , ,1, ,8451,0
00,1022,6,12A205,18,40163,1,1,0,01,-,1,1,2,55,11/04/1967,1,07,5,2,6,01,1,5,3,2,999999,1,1,8451,8592
00,1022,6,12A205,18,40163,3,1,0,04,-,1,3,2,18,23/01/2004,1,04,2,2,6,01,5,5,3,1,002200,1, ,8451,0
00,1022,6,12A205,18,40163,3,1,0,02,-,1,2,2,50,13/06/1972,1,03,3,2,5,01,4,4,2,1,001200,1, ,8451,0
00,1022,6,12A205,18,40163,3,1,0,01,-,1,1,1,48,12/07/1974,1,04,3,1,5,01,1,5,3,2,999999,1, ,8451,0
00,1022,6,12A205,18,40163,3,1,0,03,-,1,3,2,24,11/11/1997,1,07,5,2,6,01,5,5,3,1,001400,1,1,8451,34366
00,1022,6,12A205,18,40163,2,1,0,04,-,1,3,2,11,11/03/2011,1,02,4,1, , , , , , , ,1, ,8451,0
00,1022,6,12A205,18,40163,4,1,1,02,-,1,2,2,36,24/06/1986,1,03,3,2,1,01,5,5,3,1,000800,1, ,8451,0
00,1022,6,12A205,18,40163,4,1,1,03,-,1,3,1,10,26/10/2011,1,02,4,1, , , , , , , ,1, ,8451,0
00,1022,6,12A205,18,40163,4,1,1,01,-,1,1,1,42,15/06/1980,1,03,3,2,1,01,5,5,3,1,003000,1,1,8451,17183
00,1022,2,12A205,18,40163,2,1,0,01,-,2, , , , , , , , , , , , , , , ,1, ,0,0
00,1022,6,12A205,18,40163,2,1,0,02,-,1,2,2,39,01/07/1983,1,06,3,2,1,01,5,5,3,1,001500,1,1,8451,17183
00,1022,6,12A205,18,40163,2,1,0,05,-,1,2,1,36,26/06/1986,1,03,3,2,1,01,5,5,3,1,003000,1, ,8451,0
00,1022,2,12B211,18,40253,2,1,0,02,-,1,2,2,21,25/09/2001,1,03,3,2,1,01,5,5,3,1,002100,1, ,5600,0
00,1022,2,12B211,18,40253,2,1,0,01,-,1,1,2,20,07/05/2002,1,04,3,2,1,04, , , , , ,1,1,5600,11387
00,1022,2,12B211,18,40253,3,1,0,01,-,1,1,2,82,15/06/1940,2,00, ,2,4,07, , , , , ,1,1,5600,5693
00,1022,2,12B211,18,40253,4,1,0,01,-,1,1,1,72,27/06/1950,1,09,2,2,5,08, , , , , ,1,1,5600,11387
00,1022,2,12B211,18,40253,4,1,0,02,-,1,2,2,59,16/03/1963,1,07,5,2,5,08, , , , , ,1, ,5600,0
00,1022,2,12B211,18,40253,1,1,0,03,-,1,3,2,26,01/08/1996,1,07,5,2,6,01,5,5,3,2,999999,1, ,5600,0
00,1022,2,12B211,18,40253,1,1,0,06,-,1,8,1,76,15/05/1946,1,04,3,2,6,08, , , , , ,1, ,5600,0
00,1022,2,12B211,18,40253,1,1,0,01,-,1,1,1,48,09/01/1974,1,07,5,2,5,01,5,5,3,2,999999,1, ,5600,0
00,1022,2,12B211,18,40253,1,1,0,04,-,1,3,1,20,11/04/2002,1,07,1,1,6,06, , , , , ,1, ,5600,0
00,1022,2,12B211,18,40253,1,1,0,05,-,1,3,2,16,12/09/2006,1,03,3,1,6,06, , , , , ,1, ,5600,0
00,1022,2,12B211,18,40253,1,1,0,02,-,1,2,2,48,31/05/1974,1,04,3,2,5,01,5,5,3,2,999999,1,1,5600,28467
00,1022,1,12B212,18,40319,1,1,0,02,-,1,2,2,60,13/11/1961,1,02,6,2,5,07, , , , , ,1, ,7262,0
00,1022,1,12B212,18,40319,4,1,0,02,-,1,3,1,36,03/01/1986,1,02,6,2,3,04, , , , , ,1, ,7262,0
00,1022,1,12B212,18,40319,1,1,0,05,-,1,3,2,31,08/01/1991,1,07,5,2,6,04, , , , , ,1,1,7262,36911
00,1022,1,12B212,18,40319,1,1,0,01,-,1,1,1,61,15/08/1961,1,04,3,2,5,08, , , , , ,1, ,7262,0
00,1022,1,12B212,18,40319,1,1,0,06,-,1,5,1,06,12/04/2016,2,01,3,1, , , , , , , ,1, ,7262,0
00,1022,1,12B212,18,40319,1,1,0,04,-,1,3,2,34,24/11/1987,1,06,3,1,6,01,5,5,3,2,999999,1, ,7262,0
00,1022,1,12B212,18,40319,2,1,0,04,-,1,3,1,32,06/05/1990,1,04,3,2,3,01,5,5,3,1,999999,1, ,7262,0
00,1022,1,12B212,18,40319,2,1,0,03,-,1,3,2,42,12/05/1980,1,07,5,2,6,01,4,4,3,1,000800,1,1,7262,29530
00,1022,1,12B212,18,40319,2,1,0,02,-,1,2,2,74,04/01/1948,1,02,6,2,5,07, , , , , ,1, ,7262,0
00,1022,1,12B212,18,40319,2,1,0,05,-,1,5,1,02,23/06/2020, , , , , , , , , , , ,1, ,7262,0
00,1022,1,12B212,18,40319,2,1,0,01,-,1,1,1,76,05/12/1945,1,02,6,2,5,08, , , , , ,1, ,7262,0
00,1022,1,12B212,18,40319,3,1,0,05,-,1,5,2,18,30/03/2004,1,03,3,2,6,07, , , , , ,1, ,7262,0
00,1022,1,12B212,18,40319,3,1,0,01,-,1,1,1,69,15/05/1953,1,02,6,2,5,01,5,5,3,1,999999,1, ,7262,0
00,1022,1,12B212,18,40319,3,1,0,03,-,1,3,2,30,13/05/1992,1,04,1,1,6,01,5,5,3,1,999999,1, ,7262,0
00,1022,1,12B212,18,40319,3,1,0,04,-,1,3,2,12,13/09/2010,1,03,1,1,6,06, , , , , ,1, ,7262,0
00,1022,1,12B212,18,40319,3,1,0,02,-,1,2,2,66,25/04/1956,1,03,1,2,5,07, , , , , ,1,1,7262,29530
00,1022,1,12B212,18,40319,4,1,0,01,-,1,1,2,52,15/04/1970,1,03,3,2,4,08, , , , , ,1,1,7262,14764
00,1022,1,12B212,18,40319,1,1,0,03,-,1,3,2,37,10/10/1985,2,00, ,2,6,09, , , , , ,1, ,7262,0
00,1022,5,12A206,18,40325,4,1,0,04,-,1,3,2,55,30/04/1967,1,06,3,2,5,07, , , , , ,1, ,6591,0
00,1022,5,12A206,18,40325,4,1,0,03,-,1,5,1,58,01/01/1964,1,04,3,2,5,01,4,4,2,1,999999,1,1,6591,13400
00,1022,5,12A206,18,40325,2,1,0,01,-,1,1,2,87,09/10/1935,2,00, ,2,4,07, , , , , ,1, ,6591,0
00,1022,5,12A206,18,40325,2,1,0,02,-,1,3,2,60,14/11/1961,1,09,2,2,6,08, , , , , ,1,1,6591,13400
00,1022,5,12A206,18,40325,1,1,0,01,-,1,1,2,64,16/09/1958,1,07,5,2,4,08, , , , , ,1,1,6591,6700
00,1022,2,12A206,18,40325,4,1,0,01,-,2, , , , , , , , , , , , , , , ,1, ,0,0
00,1022,2,12A206,18,40325,4,1,0,02,-,2, , , , , , , , , , , , , , , ,1, ,0,0
00,1022,5,12A206,18,40325,3,1,0,01,-,1,1,1,65,27/06/1957,1,03,1,2,6,01,1,5,2,3,003000,1,1,6591,6700
00,1022,8,11A203,18,40351,4,1,1,02,-,1,2,1,23,21/01/1999,1,04,2,2,1,01,3,4,3,1,002200,1,1,8245,16600
00,1022,8,11A203,18,40351,1,1,0,02,-,1,3,1,19,14/09/2003,1,03,2,2,6,04, , , , , ,1, ,8245,0
00,1022,8,11A203,18,40351,4,1,1,01,-,1,1,2,26,21/01/1996,1,07,4,2,1,01,4,4,3,1,002300,1, ,8245,0
00,1022,8,11A203,18,40351,1,1,0,01,-,1,1,1,52,11/04/1970,1,02,6,2,6,01,6,1,3,1,001800,1,1,8245,16600
00,1022,8,11A203,18,40351,3,1,0,01,-,1,1,1,60,29/05/1962,1,02,6,2,5,01,4,2,3,1,001100,1,1,8245,16600
00,1022,8,11A203,18,40351,3,1,0,02,-,1,2,2,60,17/01/1962,2,00, ,2,5,01,4,4,2,1,000200,1, ,8245,0
00,1022,8,11A203,18,40351,2,1,0,01,-,1,1,2,54,08/08/1968,1,03,2,2,3,01,4,2,3,1,001400,1,1,8245,8300
00,1022,8,11A203,18,40351,1,1,0,03,-,1,3,2,13,30/06/2009,1,02,6,1,6,06, , , , , ,1, ,8245,0
00,1022,8,11A203,18,40351,4,1,1,03,-,1,3,1,00,11/08/2022, , , , , , , , , , , ,1, ,8245,0
00,1022,3,11A218,18,40381,4,1,0,03,-,1,3,1,37,13/01/1985,1,03,3,2,2,01,4,4,2,1,002000,1, ,13464,0
00,1022,3,11A218,18,40381,4,1,0,01,-,1,1,1,69,01/09/1953,1,03,3,2,5,01,4,4,2,1,002000,1,1,13464,40663
00,1022,3,11A218,18,40381,2,1,0,02,-,1,3,1,12,10/11/2009,1,03,1,1,6,02,4,4,6,5, ,1, ,13464,0
00,1022,3,11A218,18,40381,2,1,0,07,-,1,3,2,07,22/09/2015,2,02,1,1, , , , , , , ,1, ,13464,0
00,1022,3,11A218,18,40381,2,1,0,04,-,1,3,1,11,22/07/2011,1,02,5,1, , , , , , , ,1, ,13464,0
00,1022,3,11A218,18,40381,2,1,0,03,-,1,3,1,11,22/07/2011,2,02,5,1, , , , , , , ,1, ,13464,0
00,1022,3,11A218,18,40381,2,1,0,05,-,1,3,2,08,31/08/2014,1,02,2,1, , , , , , , ,1, ,13464,0
00,1022,3,11A218,18,40381,2,1,0,06,-,1,3,2,07,22/09/2015,2,02,1,1, , , , , , , ,1, ,13464,0
00,1022,3,11A218,18,40381,3,1,0,01,-,1,1,1,57,25/02/1965,1,07,5,2,5,01,2,7,3,2,010000,1, ,13464,0
00,1022,3,11A218,18,40381,3,1,0,02,-,1,2,2,45,06/01/1977,1,07,4,2,5,01,3,7,3,2,009000,1,1,13464,27108
00,1022,3,11A218,18,40381,1,1,0,02,-,1,2,2,56,02/06/1966,1,02,2,2,5,07, , , , , ,1, ,13464,0
00,1022,3,11A218,18,40381,1,1,0,01,-,1,1,1,64,15/07/1958,1,02,6,2,5,08, , , , , ,1,1,13464,27108
00,1022,3,11A218,18,40381,2,1,0,01,-,1,1,2,31,13/08/1991,1,03,3,2,6,01,4,4,2,1,001000,1,1,13464,13554
00,1022,3,11A218,18,40381,4,1,0,02,-,1,2,2,59,23/05/1963,1,02,6,2,5,07, , , , , ,1, ,13464,0
00,1022,4,11A217,18,40410,2,1,0,03,-,1,3,2,04,09/09/2018, , , , , , , , , , , ,1, ,7338,0
00,1022,4,11A217,18,40410,2,1,0,01,-,1,1,1,37,05/01/1985,1,04,3,2,1,01,4,4,2,1,999999,1,1,7338,14775
00,1022,4,11A217,18,40410,2,1,0,04,-,1,3,1,05,07/07/2017,2,01,1,1, , , , , , , ,1, ,7338,0
00,1022,4,11A217,18,40410,2,1,0,02,-,1,2,2,31,11/08/1991,1,04,3,2,1,01,4,4,2,1,999999,1, ,7338,0
00,1022,4,11A217,18,40410,3,1,0,03,-,1,3,2,02,14/09/2020, , , , , , , , , , , ,1, ,7338,0
00,1022,4,11A217,18,40410,3,1,0,01,-,1,1,1,38,12/08/1984,1,09,2,2,5,01,1,5,3,2,005500,1, ,7338,0
00,1022,4,11A217,18,40410,3,1,0,05,-,1,3,1,00,24/08/2022, , , , , , , , , , , ,1, ,7338,0
00,1022,4,11A217,18,40410,1,1,0,02,-,1,2,2,70,19/01/1952,1,02,6,2,5,07, , , , , ,1,1,7338,14775
00,1022,4,11A217,18,40410,3,1,0,04,-,1,3,1,02,14/09/2020, , , , , , , , , , , ,1, ,7338,0
00,1022,4,11A217,18,40410,3,1,0,02,-,1,2,2,36,22/04/1986,1,09,2,2,5,01,1,5,3,2,009500,1,1,7338,14775
00,1022,4,11A217,18,40410,4,1,0,01,-,1,1,1,34,21/08/1988,1,03,3,2,1,01,5,6,2,1,001600,1,1,7338,14775
00,1022,4,11A217,18,40410,4,1,0,02,-,1,2,2,27,12/11/1994,1,04,3,2,1,01,4,4,2,1,999999,1, ,7338,0
00,1022,4,11A217,18,40410,1,1,0,01,-,1,1,1,70,05/01/1952,1,02,6,2,5,01,1,5,2,1,999999,1, ,7338,0
00,1022,4,13A217,18,40411,3,1,0,01,-,1,1,2,51,17/06/1971,1,07,5,2,4,01,1,5,3,2,007300,1,1,9333,18952
00,1022,4,13A217,18,40411,3,1,0,02,-,1,3,1,20,12/10/2001,1,07,2,1,6,06, , , , , ,1, ,9333,0
00,1022,4,13A217,18,40411,3,1,0,03,-,1,3,1,16,15/02/2006,1,04,1,1,6,06, , , , , ,1, ,9333,0
00,1022,4,13A217,18,40411,2,1,0,02,-,1,2,2,66,27/06/1956,1,02,6,2,5,07, , , , , ,1,1,9333,18952
00,1022,4,13A217,18,40411,2,1,0,01,-,1,1,1,63,15/05/1959,2,00, ,2,5,08, , , , , ,1, ,9333,0
00,1022,4,13A217,18,40411,4,1,0,02,-,1,2,2,32,21/05/1990,1,02,6,2,1,07, , , , , ,1,1,9333,18952
00,1022,4,13A217,18,40411,4,1,0,01,-,1,1,1,42,20/01/1980,1,03,3,2,1,01,4,4,3,1,002000,1, ,9333,0
00,1022,4,13A217,18,40411,4,1,0,04,-,1,3,2,01,26/05/2021, , , , , , , , , , , ,1, ,9333,0
00,1022,4,13A217,18,40411,4,1,0,03,-,1,3,2,06,15/06/2016,2,01,2,1, , , , , , , ,1, ,9333,0
00,1022,4,13A217,18,40411,1,1,0,02,-,1,7,1,26,16/06/1996,1,03,3,2,2,01,5,5,3,1,002200,1, ,9333,0
00,1022,4,13A217,18,40411,1,1,0,01,-,1,1,1,30,07/10/1992,1,02,6,2,2,01,5,5,3,1,002000,1,1,9333,18952
00,1022,8,12A203,18,40419,4,1,0,01,-,1,1,1,53,15/06/1969,1,02,3,2,5,01,6,1,3,1,001500,1, ,6341,0
00,1022,8,12A203,18,40419,4,1,0,02,-,1,2,2,54,01/08/1968,1,03,3,2,5,07, , , , , ,1,1,6341,19341
00,1022,8,12A203,18,40419,3,1,0,01,-,1,1,1,77,09/12/1944,2,00, ,2,5,08, , , , , ,1, ,6341,0
00,1022,8,12A203,18,40419,3,1,0,02,-,1,2,2,77,31/12/1944,2,00, ,2,5,01,4,4,2,1,000200,1,1,6341,12893
00,1022,8,12A203,18,40419,2,1,0,03,-,1,3,1,26,15/06/1996,1,07,4,2,6,03,1,5,6,5, ,1, ,6341,0
00,1022,8,12A203,18,40419,4,1,0,03,-,1,3,1,23,22/05/1999,1,04,3,2,6,01,5,5,3,2,002800,1, ,6341,0
00,1022,8,12A203,18,40419,2,1,0,02,-,1,2,2,63,13/08/1959,1,07,5,2,5,08, , , , , ,1, ,6341,0
00,1022,8,12A203,18,40419,1,1,2,01,-,1,1,1,39,30/06/1983,2,00, ,2,2,01,6,1,3,1,001800,1,1,6341,6447
00,1022,8,12A203,18,40419,2,1,0,01,-,1,1,1,68,15/12/1953,1,04,3,2,5,08, , , , , ,1,1,6341,19341
00,1022,7,12A204,19,40007,2,1,0,03,-,1,3,2,22,11/08/2000,1,04,3,2,5,01,5,5,3,1,001800,1, ,7747,0
00,1022,5,12A204,19,40007,1,1,0,03,-,2, , , , , , , , , , , , , , , ,1, ,0,0
00,1022,7,12A204,19,40007,2,1,0,01,-,1,1,1,66,11/08/1956,1,02,6,2,5,01,5,5,2,1,001800,1, ,7747,0
00,1022,7,12A204,19,40007,2,1,0,02,-,1,2,2,65,11/08/1957,1,05,6,2,5,01,5,5,3,2,003500,1,1,7747,31502
00,1022,7,12A204,19,40007,2,1,0,05,-,1,5,2,08,01/01/2014,1,02,1,1, , , , , , , ,1, ,7747,0
00,1022,7,12A204,19,40007,2,1,0,06,-,1,5,1,05,17/07/2017,2,01,2,1, , , , , , , ,1, ,7747,0
00,1022,7,12A204,19,40007,3,1,0,01,-,1,1,2,52,11/05/1970,1,07,6,2,3,01,5,5,3,2,004550,1,1,7747,23627
00,1022,7,12A204,19,40007,3,1,0,02,-,1,6,2,55,22/07/1967,1,07,5,2,2,01,4,4,3,1,999999,1, ,7747,0
00,1022,7,12A204,19,40007,3,1,0,03,-,1,7,2,25,17/04/1997,1,07,5,2,6,01,1,2,3,2,999999,1, ,7747,0
00,1022,7,12A204,19,40007,4,1,0,01,-,1,1,1,59,18/09/1963,1,07,2,2,5,01,7,2,2,1,999999,1,1,7747,23627
00,1022,7,12A204,19,40007,4,1,0,03,-,1,3,1,25,06/06/1997,1,06,2,2,6,01,1,5,3,1,999999,1, ,7747,0
00,1022,7,12A204,19,40007,4,1,0,02,-,1,2,2,57,10/12/1964,1,07,5,2,5,08, , , , , ,1, ,7747,0
00,1022,7,12A204,19,40007,1,1,0,02,-,1,2,1,33,17/07/1989,1,07,5,2,1,01,1,5,3,2,999999,1, ,7747,0
00,1022,7,12A204,19,40007,1,1,0,01,-,1,1,2,32,06/02/1990,1,07,5,2,1,01,1,5,3,2,999999,1,1,7747,15751
00,1022,7,12A204,19,40007,2,1,0,04,-,1,3,1,31,24/04/1991,1,04,3,2,6,01,4,4,3,1,001500,1, ,7747,0
00,1022,3,12A218,19,40041,4,1,0,01,-,1,1,1,49,07/10/1973,1,03,3,2,5,01,7,2,3,1,999999,1,1,8016,24448
00,1022,3,12A218,19,40041,1,1,0,01,-,1,1,2,56,10/01/1966,1,06,2,2,5,01,4,4,3,1,001500,1,1,8016,8149
00,1022,3,12A218,19,40041,4,1,0,03,-,1,3,2,27,14/06/1995,1,03,3,2,6,01,4,4,5,1,999999,1, ,8016,0
00,1022,3,12A218,19,40041,4,1,0,02,-,1,2,2,47,12/12/1974,1,03,3,2,5,07, , , , , ,1, ,8016,0
00,1022,3,12A218,19,40041,2,1,0,01,-,1,1,1,50,16/10/1971,1,02,6,2,6,01,7,5,3,1,999999,1, ,8016,0
00,1022,3,12A218,19,40041,3,1,0,02,-,1,3,1,31,01/08/1991,1,07,6,2,6,01,1,5,3,2,999999,1, ,8016,0
00,1022,3,12A218,19,40041,3,1,0,01,-,1,1,2,56,20/03/1966,1,06,1,2,5,07, , , , , ,1, ,8016,0
00,1022,3,12A218,19,40041,2,1,0,02,-,1,2,2,35,24/11/1986,1,07,4,2,6,01,3,4,3,1,001500,1,1,8016,16299
00,1022,3,12A218,19,40041,3,1,0,03,-,1,3,1,25,21/09/1997,1,07,5,2,6,01,1,5,3,2,003600,1,1,8016,24448
00,1022,3,13A218,19,40043,3,1,0,01,-,1,1,1,48,06/04/1974,1,07,5,2,5,01,4,4,2,1,999999,1, ,10832,0
00,1022,3,13A218,19,40043,3,1,0,02,-,1,2,2,46,03/07/1976,1,06,1,2,5,01,4,4,3,2,999999,1,1,10832,32992
00,1022,3,13A218,19,40043,3,1,0,03,-,1,3,1,20,04/01/2002,1,07,2,1,6,06, , , , , ,1, ,10832,0
00,1022,3,13A218,19,40043,2,1,0,03,-,1,8,1,98, ,1,07,3,2,6,01,1,4,3,2,999999,1, ,10832,0
00,1022,3,13A218,19,40043,2,1,0,02,-,1,8,1,98, ,1,07,5,2,6,01,1,4,3,2,999999,1, ,10832,0
00,1022,3,13A218,19,40043,2,1,0,01,-,1,1,1,30,14/08/1992,1,07,5,2,6,01,1,4,3,2,025000,1,1,10832,32992
00,1022,3,13A218,19,40043,1,1,0,05,-,1,3,1,04,24/11/2017, , , , , , , , , , , ,1, ,10832,0
00,1022,3,13A218,19,40043,1,1,0,01,-,1,1,1,42,23/10/1979,1,07,3,2,5,01,1,5,3,2,040000,1,1,10832,21995
00,1022,3,13A218,19,40043,1,1,0,04,-,1,3,1,06,25/11/2015,1,01,3,1, , , , , , , ,1, ,10832,0
00,1022,3,13A218,19,40043,1,1,0,02,-,1,2,2,41,23/01/1981,1,07,2,2,5,07, , , , , ,1, ,10832,0
00,1022,3,13A218,19,40043,1,1,0,03,-,1,3,2,10,07/11/2011,1,02,4,1, , , , , , , ,1, ,10832,0
00,1022,3,13A218,19,40043,4,1,0,02,-,1,2,2,70,12/09/1952,1,06,3,2,5,07, , , , , ,1,1,10832,21995
00,1022,3,13A218,19,40043,4,1,0,01,-,1,1,1,71,05/08/1951,1,04,2,2,5,08, , , , , ,1, ,10832,0
00,1022,3,11A218,19,40045,4,1,0,01,-,1,1,1,38,27/01/1984,1,02,6,2,5,01,1,6,3,1,002500,1, ,11478,0
00,1022,2,11A218,19,40045,4,1,0,04,-,2, , , , , , , , , , , , , , , ,1, ,0,0
00,1022,2,11A218,19,40045,4,1,0,03,-,2, , , , , , , , , , , , , , , ,1, ,0,0
00,1022,3,11A218,19,40045,4,1,0,02,-,1,2,2,37,04/01/1985,1,04,3,2,5,01,3,4,3,1,001500,1,1,11478,23110
00,1022,3,11A218,19,40045,3,1,0,02,-,1,2,2,38,08/11/1983,1,06,3,2,1,01,3,5,3,1,002500,1,1,11478,23110
00,1022,3,11A218,19,40045,1,1,0,02,-,1,3,2,18,28/03/2004,1,04,3,2,6,07, , , , , ,1, ,11478,0
00,1022,3,11A218,19,40045,3,1,0,01,-,1,1,1,42,05/11/1979,1,06,2,2,1,01,5,5,5,1,002200,1, ,11478,0
00,1022,3,11A218,19,40045,1,1,0,01,-,1,1,1,48,25/09/1974,1,07,5,2,4,01,3,5,3,2,010500,1,1,11478,23110
00,1022,7,11A204,19,40048,1,1,0,01,-,1,1,2,68,14/07/1954,1,02,6,2,4,01,4,4,2,1,999999,1,1,7799,7851
00,1022,6,11A204,19,40048,1,1,0,02,-,2, , , , , , , , , , , , , , , ,1, ,0,0
00,1022,3,11A204,19,40048,1,1,0,04,-,2, , , , , , , , , , , , , , , ,1, ,0,0
00,1022,3,11A204,19,40048,1,1,0,03,-,2, , , , , , , , , , , , , , , ,1, ,0,0
00,1022,6,11A204,19,40048,1,1,0,05,-,2, , , , , , , , , , , , , , , ,1, ,0,0
00,1022,6,11A204,19,40048,2,1,0,02,-,2, , , , , , , , , , , , , , , ,1, ,0,0
00,1022,7,11A204,19,40048,2,1,0,01,-,1,1,2,78,02/03/1944,1,02,6,2,4,08, , , , , ,1,1,7799,7851
00,1022,7,12A204,19,40050,2,1,0,03,-,1,3,1,12,08/09/2010,1,02,5,1,6,06, , , , , ,1, ,7497,0
00,1022,7,12A204,19,40050,2,1,0,02,-,1,2,2,47,06/01/1975,1,07,4,2,1,01,1,5,3,2,006200,1,1,7497,15243
00,1022,5,12A204,19,40050,3,1,0,02,-,2, , , , , , , , , , , , , , , ,1, ,0,0
00,1022,7,12A204,19,40050,3,1,0,01,-,1,1,2,74,17/02/1948,1,02,6,2,4,01,4,4,2,1,000300,1,1,7497,7622
00,1022,7,12A204,19,40050,4,1,0,06,-,1,3,1,30,18/11/1991,1,03,3,2,6,01,4,4,2,1,999999,1, ,7497,0
00,1022,7,12A204,19,40050,4,1,0,03,-,1,5,1,29,25/07/1993,1,04,1,2,5,01,4,4,2,1,999999,1, ,7497,0
00,1022,7,12A204,19,40050,4,1,0,02,-,1,3,2,33,25/07/1989,1,04,2,2,5,01,4,4,2,1,002000,1,1,7497,30486
00,1022,7,12A204,19,40050,2,1,0,01,-,1,1,1,46,11/02/1976,1,03,3,2,1,01,7,2,3,1,002500,1, ,7497,0
00,1022,7,12A204,19,40050,4,1,0,04,-,1,5,1,12,25/11/2009,1,02,6,1,6,06, , , , , ,1, ,7497,0
00,1022,7,12A204,19,40050,4,1,0,01,-,1,1,2,60,26/09/1962,1,03,3,2,2,01,4,4,2,1,000600,1, ,7497,0
00,1022,7,12A204,19,40050,4,1,0,05,-,1,5,1,05,10/01/2017,2,01,1,1, , , , , , , ,1, ,7497,0
00,1022,7,12A204,19,40053,1,1,0,02,-,1,3,1,27,10/03/1995,1,03,2,2,6,01,4,4,2,1,001400,1,1,7571,15393
00,1022,7,12A204,19,40053,1,1,0,01,-,1,1,2,51,12/12/1970,1,03,2,2,6,01,5,5,3,1,999999,1, ,7571,0
00,1022,7,12A204,19,40053,3,1,0,01,-,1,1,2,77,19/05/1945,1,02,6,2,4,07, , , , , ,1, ,7571,0
00,1022,7,12A204,19,40053,4,1,1,01,-,1,1,2,67,05/05/1955,1,03,3,2,4,07, , , , , ,1,1,7571,7697
00,1022,5,12A204,19,40053,4,1,1,02,-,2, , , , , , , , , , , , , , , ,1, ,0,0
00,1022,7,12A204,19,40053,3,1,0,02,-,1,5,2,23,13/08/1999,1,06,3,2,6,01,5,5,3,1,999999,1,1,7571,15393
00,1022,3,11A218,19,40085,2,1,0,02,-,1,3,1,37,26/02/1985,1,03,3,2,2,01,5,2,3,1,999999,1, ,6670,0
00,1022,3,11A218,19,40085,2,1,0,01,-,1,1,2,59,11/03/1963,1,03,3,2,4,07, , , , , ,1,1,6670,13429
00,1022,3,11A218,19,40085,1,1,0,01,-,1,1,1,76,31/10/1945,1,02,2,2,1,01,5,5,2,1,999999,1, ,6670,0
00,1022,3,11A218,19,40085,1,1,0,03,-,1,3,2,46,19/05/1976,1,03,3,2,6,01,4,4,3,1,999999,1, ,6670,0
00,1022,3,11A218,19,40085,3,1,0,03,-,1,3,1,32,29/05/1990,1,07,4,2,6,01,5,4,3,2,999999,1, ,6670,0
00,1022,3,11A218,19,40085,3,1,0,02,-,1,2,2,66,24/08/1956,1,02,3,2,5,07, , , , , ,1, ,6670,0
00,1022,3,11A218,19,40085,3,1,0,01,-,1,1,1,67,29/12/1954,1,03,3,2,5,08, , , , , ,1,1,6670,20143
00,1022,3,11A218,19,40085,4,1,0,01,-,1,1,1,32,24/10/1989,1,04,1,2,1,01,7,3,2,1,001500,1, ,6670,0
00,1022,3,11A218,19,40085,4,1,0,02,-,1,2,2,41,25/01/1981,1,03,3,2,1,01,7,2,3,1,001200,1,1,6670,13429
00,1022,3,11A218,19,40085,4,1,0,03,-,1,3,1,10,20/09/2012,1,02,4,1, , , , , , , ,1, ,6670,0
00,1022,3,11A218,19,40085,4,1,0,04,-,1,3,2,06,09/08/2016,2,01,2,1, , , , , , , ,1, ,6670,0
00,1022,3,11A218,19,40085,1,1,0,02,-,1,2,2,68,26/07/1954,1,02,2,2,1,08, , , , , ,1,1,6670,20143
00,1022,3,12A218,19,40093,3,1,0,04,-,1,3,1,02,19/03/2020, , , , , , , , , , , ,1, ,7811,0
00,1022,3,12A218,19,40093,2,1,0,01,-,1,1,2,86,21/04/1936,1,03,3,2,4,07, , , , , ,1,1,7811,7940
00,1022,3,12A218,19,40093,3,1,0,01,-,1,1,1,34,27/07/1988,1,02,6,2,5,01,7,5,3,1,999999,1, ,7811,0
00,1022,3,12A218,19,40093,3,1,0,05,-,1,3,2,08,27/12/2013,1,02,3,1, , , , , , , ,1, ,7811,0
00,1022,3,12A218,19,40093,4,1,0,06,-,1,5,2,20,30/06/2002,1,03,3,2,5,07, , , , , ,1, ,7811,0
00,1022,3,12A218,19,40093,4,1,0,04,-,1,3,2,13,12/11/2008,1,03,2,1,6,06, , , , , ,1, ,7811,0
00,1022,3,12A218,19,40093,4,1,0,05,-,1,3,2,10,29/09/2012,1,02,3,1, , , , , , , ,1, ,7811,0
00,1022,3,12A218,19,40093,4,1,0,03,-,1,3,1,25,06/04/1997,1,04,2,2,5,01,7,5,3,1,002800,1,1,7811,31763
00,1022,3,12A218,19,40093,4,1,0,01,-,1,1,1,50,23/12/1971,1,04,2,2,5,01,7,3,3,1,999999,1, ,7811,0
00,1022,3,12A218,19,40093,4,1,0,02,-,1,2,2,48,17/08/1974,1,04,2,2,5,07, , , , , ,1, ,7811,0
00,1022,3,12A218,19,40093,3,1,0,02,-,1,2,2,32,12/05/1990,1,03,3,2,5,07, , , , , ,1,1,7811,15881
00,1022,3,12A218,19,40093,1,1,0,02,-,1,2,2,51,25/11/1970,1,06,3,2,5,08, , , , , ,1,1,7811,23822
00,1022,3,12A218,19,40093,1,1,0,01,-,1,1,1,55,25/04/1967,1,03,3,2,5,01,4,4,2,1,999999,1, ,7811,0
00,1022,3,12A218,19,40093,1,1,0,03,-,1,3,2,31,15/03/1991,1,07,4,2,6,01,3,7,3,2,999999,1, ,7811,0
00,1022,3,12A218,19,40093,3,1,0,03,-,1,3,1,13,19/06/2009,1,03,1,1,6,06, , , , , ,1, ,7811,0
00,1022,7,11A204,19,40098,1,1,0,02,-,1,2,2,54,09/08/1968,1,06,3,2,5,07, , , , , ,1,1,7678,23189
00,1022,7,11A204,19,40098,1,1,0,01,-,1,1,1,54,16/06/1968,1,04,1,2,5,01,7,2,3,1,002200,1, ,7678,0
00,1022,7,11A204,19,40098,3,1,1,03,-,1,3,2,05,24/02/2017,2,01,2,1, , , , , , , ,1, ,7678,0
00,1022,7,11A204,19,40098,3,1,1,01,-,1,1,1,29,27/01/1993,1,04,3,2,5,01,5,2,3,1,999999,1, ,7678,0
00,1022,7,11A204,19,40098,4,1,0,04,-,1,7,1,20,29/08/2002,1,03,3,2,6,01,5,5,3,1,001200,1,1,7678,23189
00,1022,7,11A204,19,40098,4,1,0,03,-,1,7,1,22,27/02/2000,2,02,6,2,6,09, , , , , ,1, ,7678,0
00,1022,7,11A204,19,40098,4,1,0,01,-,1,1,1,57,23/03/1965,1,03,3,2,6,01,5,5,3,1,999999,1, ,7678,0
00,1022,5,11A204,19,40098,4,1,0,02,-,2, , , , , , , , , , , , , , , ,1, ,0,0
00,1022,7,11A204,19,40098,1,1,0,03,-,1,3,1,26,11/01/1996,1,02,6,2,6,09, , , , , ,1, ,7678,0
00,1022,7,11A204,19,40098,3,1,1,04,-,1,3,1,02,14/03/2020, , , , , , , , , , , ,1, ,7678,0
00,1022,7,11A204,19,40098,3,1,1,02,-,1,2,2,27,03/04/1995,1,03,3,2,5,07, , , , , ,1,1,7678,15459
00,1022,7,13A204,19,40146,1,1,0,01,-,1,1,1,40,22/04/1982,1,07,6,2,5,01,1,5,2,1,999999,1,1,9749,19796
00,1022,7,13A204,19,40146,1,1,0,02,-,1,2,2,39,08/01/1983,1,07,6,2,5,01,1,5,2,1,999999,1, ,9749,0
00,1022,7,13A204,19,40146,2,1,0,01,-,1,1,2,33,13/08/1989,1,08,2,2,6,01,1,5,2,1,999999,1,1,9749,19796
00,1022,7,13A204,19,40146,2,1,0,02,-,1,8,2,27,12/05/1995,1,07,4,2,6,01,3,5,3,1,999999,1, ,9749,0
00,1022,7,13A204,19,40146,3,1,0,03,-,1,3,1,05,30/06/2017,2,01,1,1, , , , , , , ,1, ,9749,0
00,1022,7,13A204,19,40146,3,1,0,02,-,1,2,2,39,30/06/1983,1,07,4,2,5,01,1,5,3,2,999999,1,1,9749,19796
00,1022,7,13A204,19,40146,3,1,0,01,-,1,1,1,42,30/06/1980,1,08,2,2,5,01,1,5,3,2,999999,1, ,9749,0
00,1022,5,13A204,19,40146,3,1,0,04,-,2, , , , , , , , , , , , , , , ,1, ,0,0
00,1022,7,13A204,19,40146,1,1,0,03,-,1,3,2,04,11/01/2018, , , , , , , , , , , ,1, ,9749,0
00,1022,7,13A204,19,40191,1,1,0,05,-,1,3,1,08,12/04/2014,1,02,1,1, , , , , , , ,1, ,10185,0
00,1022,7,13A204,19,40191,1,1,0,03,-,1,3,2,17,21/04/2005,1,04,1,1,6,06, , , , , ,1, ,10185,0
00,1022,7,13A204,19,40191,1,1,0,04,-,1,3,2,13,09/01/2009,1,02,6,1,6,06, , , , , ,1, ,10185,0
00,1022,7,13A204,19,40191,1,1,0,02,-,1,2,2,46,05/10/1975,1,06,3,2,5,07, , , , , ,1, ,10185,0
00,1022,7,13A204,19,40191,2,1,2,01,-,1,1,1,34,03/10/1988,1,07,4,2,6,01,1,5,2,1,003000,1,1,10185,10341
00,1022,7,13A204,19,40191,4,1,0,01,-,1,1,1,39,10/08/1983,1,06,3,2,5,01,5,5,2,1,005000,1,1,10185,20681
00,1022,7,13A204,19,40191,4,1,0,02,-,1,2,2,37,03/03/1985,1,06,3,2,5,07, , , , , ,1, ,10185,0
00,1022,7,13A204,19,40191,4,1,0,04,-,1,3,1,09,19/11/2012,1,02,3,1, , , , , , , ,1, ,10185,0
00,1022,7,13A204,19,40191,1,1,0,01,-,1,1,1,48,20/06/1974,1,07,4,2,5,01,2,2,1,2,035000,1,1,10185,20681
00,1022,7,13A204,19,40191,4,1,0,03,-,1,3,2,13,12/02/2009,1,02,6,1,6,06, , , , , ,1, ,10185,0
00,1022,3,12A218,19,40224,4,1,0,03,-,1,3,1,32,30/06/1990,1,03,3,2,6,01,4,4,3,2,999999,1, ,8177,0
00,1022,3,12A218,19,40224,1,1,0,05,-,1,5,2,25,06/08/1997,1,04,1,2,2,04, , , , , ,1, ,8177,0
00,1022,3,12A218,19,40224,1,1,0,07,-,1,4,1,04,18/05/2018, , , , , , , , , , , ,1, ,8177,0
00,1022,3,12A218,19,40224,1,1,0,04,-,1,5,1,52,07/03/1970,1,06,3,2,5,01,5,6,3,1,001500,1,1,8177,41567
00,1022,3,12A218,19,40224,1,1,0,06,-,1,5,2,06,28/09/2016,1,01,2,1, , , , , , , ,1, ,8177,0
00,1022,3,12A218,19,40224,1,1,0,02,-,1,3,1,48,27/01/1974,1,07,4,2,6,01,5,2,3,1,999999,1, ,8177,0
00,1022,3,12A218,19,40224,1,1,0,03,-,1,3,2,53,13/01/1969,1,06,3,2,5,07, , , , , ,1, ,8177,0
00,1022,3,12A218,19,40224,2,1,0,01,-,1,1,1,30,24/11/1991,1,07,6,2,5,01,2,7,3,1,002000,1,1,8177,16627
00,1022,3,12A218,19,40224,2,1,0,02,-,1,2,2,31,03/10/1991,1,04,3,2,5,07, , , , , ,1, ,8177,0
00,1022,3,12A218,19,40224,4,1,0,02,-,1,2,1,68,26/10/1953,1,02,3,2,1,09, , , , , ,1, ,8177,0
00,1022,3,12A218,19,40224,4,1,0,01,-,1,1,2,61,10/01/1961,1,02,4,2,1,01,5,5,3,1,001400,1,1,8177,33254
00,1022,3,12A218,19,40224,4,1,0,04,-,1,5,2,16,15/05/2006,1,04,1,1,6,06, , , , , ,1, ,8177,0
00,1022,3,12A218,19,40224,4,1,0,05,-,1,3,1,38,30/06/1984,1,02,3,2,6,01,5,5,3,2,999999,1, ,8177,0
00,1022,3,12A218,19,40224,3,1,0,01,-,1,1,1,70,01/02/1952,1,02,6,2,4,08, , , , , ,1,1,8177,8314
00,1022,3,12A218,19,40224,1,1,0,01,-,1,1,2,82,08/05/1940,1,06,4,2,4,07, , , , , ,1, ,8177,0
00,1022,3,12A218,19,40230,3,1,0,02,-,1,2,2,39,04/09/1983,1,04,2,2,1,01,7,4,2,1,999999,1,1,8187,16646
00,1022,3,12A218,19,40230,3,1,0,03,-,1,3,2,12,21/07/2010,1,02,6,1,6,06, , , , , ,1, ,8187,0
00,1022,3,12A218,19,40230,1,1,0,01,-,1,1,1,38,08/09/1984,1,07,5,2,3,01,1,5,3,2,999999,1,1,8187,8323
00,1022,3,12A218,19,40230,3,1,0,01,-,1,1,1,42,28/02/1980,1,07,5,2,1,01,7,4,2,1,999999,1, ,8187,0
00,1022,3,12A218,19,40230,2,1,0,03,-,1,3,1,07,09/10/2014,1,02,2,1, , , , , , , ,1, ,8187,0
00,1022,3,12A218,19,40230,2,1,0,02,-,1,2,2,29,20/07/1993,1,04,2,2,5,07, , , , , ,1, ,8187,0
00,1022,3,12A218,19,40230,2,1,0,01,-,1,1,1,32,05/07/1990,1,07,5,2,5,01,5,7,3,2,015000,1,1,8187,16646
00,1022,3,12A218,19,40230,4,1,0,05,-,1,5,1,09,10/04/2013,1,02,3,1, , , , , , , ,1, ,8187,0
00,1022,3,12A218,19,40230,4,1,0,03,-,1,3,2,34,22/04/1988,1,04,1,2,6,01,3,6,3,2,999999,1, ,8187,0
00,1022,3,12A218,19,40230,4,1,0,01,-,1,1,1,60,23/01/1962,1,07,4,2,5,01,1,7,3,2,999999,1,1,8187,24969
00,1022,3,12A218,19,40230,4,1,0,04,-,1,5,1,14,23/06/2008,1,03,2,1,6,06, , , , , ,1, ,8187,0
00,1022,3,12A218,19,40230,4,1,0,02,-,1,2,2,59,28/07/1963,1,07,4,2,5,07, , , , , ,1, ,8187,0
00,1022,3,13A218,19,40231,3,1,0,03,-,1,3,2,19,24/03/2003,1,04,2,1,6,06, , , , , ,1,1,9918,30210
00,1022,3,13A218,19,40231,3,1,0,04,-,1,3,1,10,16/12/2011,1,02,5,1, , , , , , , ,1, ,9918,0
00,1022,3,13A218,19,40231,3,1,0,02,-,1,2,2,54,16/03/1968,1,07,5,2,5,01,1,5,2,1,999999,1, ,9918,0
00,1022,3,13A218,19,40231,3,1,0,01,-,1,1,1,56,25/07/1966,1,07,5,2,5,01,1,2,2,1,999999,1, ,9918,0
00,1022,3,13A218,19,40231,4,1,0,01,-,1,1,1,59,14/11/1962,1,07,5,2,5,01,1,5,3,2,999999,1, ,9918,0
00,1022,3,13A218,19,40231,4,1,0,03,-,1,3,2,26,16/09/1996,1,07,5,2,6,01,3,2,3,2,006000,1,1,9918,30210
00,1022,3,13A218,19,40231,4,1,0,02,-,1,2,2,54,20/07/1968,1,06,2,2,5,07, , , , , ,1, ,9918,0
00,1022,3,13A218,19,40231,4,1,0,04,-,1,3,1,17,19/04/2005,1,04,1,1,6,06, , , , , ,1, ,9918,0
00,1022,6,11A205,19,40233,3,1,0,01,-,1,1,1,56,07/11/1965,1,02,6,2,1,01,7,2,3,1,001300,1, ,7946,0
00,1022,6,11A205,19,40233,3,1,0,02,-,1,2,2,64,17/02/1958,1,02,6,2,1,01,4,9,2,1,999999,1,1,7946,15998
00,1022,6,11A205,19,40233,4,1,0,03,-,1,5,2,34,22/09/1988,1,03,3,2,6,01,7,2,3,1,002000,1, ,7946,0
00,1022,6,11A205,19,40233,4,1,0,01,-,1,1,1,75,11/02/1947,1,03,3,2,4,01,9,5,3,2,005000,1, ,7946,0
00,1022,6,11A205,19,40233,4,1,0,02,-,1,3,2,52,19/04/1970,1,03,3,2,6,07, , , , , ,1,1,7946,31996
00,1022,6,11A205,19,40233,4,1,0,04,-,1,5,2,30,17/12/1991,1,04,2,2,4,07, , , , , ,1, ,7946,0
00,1022,6,11A205,19,40233,4,1,0,06,-,1,5,2,03,11/04/2019, , , , , , , , , , , ,1, ,7946,0
00,1022,6,11A205,19,40233,4,1,0,05,-,1,5,1,12,03/10/2010,1,02,5,1,6,06, , , , , ,1, ,7946,0
00,1022,6,11A205,19,40233,1,1,0,04,-,1,3,1,16,16/08/2006,1,03,3,1,6,06, , , , , ,1, ,7946,0
00,1022,6,11A205,19,40233,1,1,0,01,-,1,1,1,50,06/02/1972,1,02,6,2,5,01,7,2,3,1,001800,1,1,7946,23997
00,1022,6,11A205,19,40233,1,1,0,03,-,1,3,1,22,25/08/2000,1,04,3,2,6,01,7,2,3,1,999999,1, ,7946,0
00,1022,6,11A205,19,40233,1,1,0,02,-,1,2,2,41,20/11/1980,1,03,3,2,5,07, , , , , ,1, ,7946,0
00,1022,6,11A205,19,40233,2,1,0,01,-,1,1,2,56,05/02/1966,1,02,6,2,3,01,9,2,3,1,001500,1,1,7946,7999
00,1022,6,12A205,19,40235,1,1,0,01,-,1,1,1,55,09/03/1967,1,03,3,2,4,01,7,2,3,1,004000,1,1,7994,8127
00,1022,6,12A205,19,40235,3,1,0,05,-,1,3,1,14,07/03/2008,1,03,1,1,6,06, , , , , ,1, ,7994,0
00,1022,6,12A205,19,40235,3,1,0,03,-,1,4,2,84,19/02/1938,1,02,2,2,4,07, , , , , ,1,1,7994,32509
00,1022,6,12A205,19,40235,3,1,0,02,-,1,2,2,46,25/04/1976,1,03,3,2,5,07, , , , , ,1, ,7994,0
00,1022,6,12A205,19,40235,3,1,0,04,-,1,3,1,24,21/07/1998,1,03,3,2,6,01,4,4,3,1,999999,1, ,7994,0
00,1022,6,12A205,19,40235,4,1,0,02,-,1,3,2,08,01/08/2014,1,02,1,1, , , , , , , ,1, ,7994,0
00,1022,6,12A205,19,40235,2,1,0,01,-,1,1,2,76,22/05/1946,1,02,1,2,2,07, , , , , ,1,1,7994,16255
00,1022,6,12A205,19,40235,2,1,0,03,-,1,3,2,48,26/06/1974,1,03,3,2,6,01,3,4,3,1,999999,1, ,7994,0
00,1022,6,12A205,19,40235,3,1,0,01,-,1,1,1,49,03/08/1973,1,03,3,2,5,01,4,4,2,1,999999,1, ,7994,0
00,1022,6,12A205,19,40235,4,1,0,01,-,1,1,2,50,10/04/1972,1,06,3,2,6,01,3,7,3,2,009000,1,1,7994,8127
00,1022,4,12A205,19,40235,2,1,0,02,-,2, , , , , , , , , , , , , , , ,1, ,0,0
00,1022,2,11B211,19,40269,1,1,0,02,-,1,2,2,66,10/10/1955,1,02,3,2,5,07, , , , , ,1,1,8932,26976
00,1022,2,11B211,19,40269,1,1,0,01,-,1,1,1,66,02/05/1956,2,00, ,2,5,08, , , , , ,1, ,8932,0
00,1022,2,11B211,19,40269,1,1,0,03,-,1,6,1,63,13/04/1959,1,02,2,2,6,08, , , , , ,1, ,8932,0
00,1022,2,11B211,19,40269,2,1,1,01,-,1,1,1,45,30/06/1977,2,00, ,2,5,01,7,3,3,1,999999,1,1,8932,26976
00,1022,2,11B211,19,40269,2,1,1,02,-,1,2,2,42,21/11/1979,1,02,6,2,5,07, , , , , ,1, ,8932,0
00,1022,2,11B211,19,40269,3,1,1,02,-,1,3,1,38,19/09/1984,1,06,3,2,5,01,3,2,3,1,999999,1, ,8932,0
00,1022,2,11B211,19,40269,3,1,1,01,-,1,1,2,81,10/06/1941,1,02,6,2,4,07, , , , , ,1,1,8932,17984
00,1022,2,11B211,19,40269,2,1,1,03,-,1,3,2,22,05/08/2000,1,04,3,2,6,07, , , , , ,1, ,8932,0
00,1022,2,11B211,19,40269,4,1,0,05,-,1,3,1,39,10/05/1983,1,02,6,2,3,04, , , , , ,1, ,8932,0
00,1022,2,11B211,19,40269,4,1,0,03,-,1,3,1,53,29/06/1969,1,02,6,2,6,01,7,3,3,1,003000,1,1,8932,71937
00,1022,2,11B211,19,40269,4,1,0,04,-,1,3,1,51,02/08/1971,1,02,6,2,6,01,7,3,3,1,003000,1, ,8932,0
00,1022,2,11B211,19,40269,4,1,0,09,-,1,5,1,14,28/06/2008,1,03,2,1,6,06, , , , , ,1, ,8932,0
00,1022,2,11B211,19,40269,4,1,0,01,-,1,1,1,81,16/12/1940,1,02,6,2,5,01,7,3,3,1,002000,1, ,8932,0
00,1022,2,11B211,19,40269,4,1,0,07,-,1,3,2,44,21/05/1978,1,02,6,2,1,07, , , , , ,1, ,8932,0
00,1022,2,11B211,19,40269,4,1,0,08,-,1,5,1,18,16/04/2004,1,03,3,2,6,10, , , , , ,1, ,8932,0
00,1022,2,11B211,19,40269,4,1,0,02,-,1,2,2,72,19/12/1949,2,00, ,2,5,07, , , , , ,1, ,8932,0
00,1022,2,11B211,19,40269,4,1,0,06,-,1,5,1,43,06/09/1979,1,03,3,2,1,01,7,2,3,1,999999,1, ,8932,0
00,1022,2,13B211,19,40275,1,1,0,01,-,2, , , , , , , , , , , , , , , ,1, ,0,0
00,1022,2,13B211,19,40275,2,1,0,02,-,1,2,2,29,11/03/1993,1,07,4,2,5,01,1,5,2,1,003000,1, ,9695,0
00,1022,2,13B211,19,40275,2,1,0,01,-,1,1,1,29,15/04/1993,1,07,6,2,5,01,1,5,3,3,030000,1,1,9695,19688
00,1022,2,13B211,19,40275,4,1,0,01,-,1,1,1,45,30/06/1977,1,07,5,2,6,01,1,5,3,1,999999,1, ,9695,0
00,1022,2,13B211,19,40275,4,1,0,02,-,1,7,1,33,27/08/1989,1,07,5,2,6,01,1,5,3,2,999999,1,1,9695,19688
00,1022,2,13B211,19,40275,3,1,0,03,-,1,4,2,75,31/08/1947,1,04,2,2,4,07, , , , , ,1, ,9695,0
00,1022,2,13B211,19,40275,3,1,0,01,-,1,1,2,52,01/07/1970,1,07,5,2,3,01,1,5,3,2,999999,1, ,9695,0
00,1022,2,13B211,19,40275,3,1,0,02,-,1,3,2,20,02/12/2001,1,07,1,1,6,06, , , , , ,1,1,9695,29531
00,1022,2,13B211,19,40275,1,1,0,03,-,2, , , , , , , , , , , , , , , ,1, ,0,0
00,1022,2,13B211,19,40275,1,1,0,02,-,1,8,1,24,30/06/1998,2,07,2,2,6,01,1,2,3,3,999999,1,1,9695,9844
00,1022,7,11A204,19,40276,3,1,0,01,-,1,1,2,23,21/05/1999,1,04,3,2,2,07, , , , , ,1,1,6845,27562
00,1022,7,11A204,19,40276,4,1,0,02,-,1,2,2,28,31/07/1994,1,04,2,2,5,07, , , , , ,1,1,6845,13781
00,1022,7,11A204,19,40276,2,1,0,03,-,1,3,1,24,13/02/1998,1,07,2,1,6,06, , , , , ,1, ,6845,0
00,1022,7,11A204,19,40276,2,1,0,01,-,1,1,1,45,17/05/1977,1,04,2,2,5,01,7,2,3,1,001200,1, ,6845,0
00,1022,7,11A204,19,40276,2,1,0,04,-,1,3,1,18,03/12/2003,1,04,1,1,6,06, , , , , ,1, ,6845,0
00,1022,7,11A204,19,40276,2,1,0,02,-,1,2,2,45,21/02/1977,1,04,2,2,5,07, , , , , ,1,1,6845,27562
00,1022,7,11A204,19,40276,1,1,0,05,-,1,3,1,23,16/03/1999,1,03,3,2,6,04, , , , , ,1, ,6845,0
00,1022,7,11A204,19,40276,1,1,0,03,-,1,3,1,28,22/06/1994,1,04,1,2,6,04, , , , , ,1, ,6845,0
00,1022,7,11A204,19,40276,1,1,0,01,-,1,1,1,48,30/03/1974,1,04,1,2,5,01,7,2,3,1,003500,1,1,6845,27562
00,1022,7,11A204,19,40276,1,1,0,02,-,1,2,2,44,03/04/1978,1,03,3,2,5,07, , , , , ,1, ,6845,0
00,1022,7,11A204,19,40276,1,1,0,04,-,1,3,2,17,25/01/2005,1,04,1,1,6,06, , , , , ,1, ,6845,0
00,1022,7,11A204,19,40276,4,1,0,01,-,1,1,1,47,16/02/1975,1,03,3,2,5,01,5,6,2,1,999999,1, ,6845,0
00,1022,7,11A204,19,40276,4,1,0,04,-,1,3,1,01,03/08/2021, , , , , , , , , , , ,1, ,6845,0
00,1022,7,11A204,19,40276,3,1,0,03,-,1,3,1,06,07/05/2016,1,01,3,1, , , , , , , ,1, ,6845,0
00,1022,7,11A204,19,40276,3,1,0,05,-,1,4,2,40,10/09/1982,1,04,2,2,5,01,4,4,3,2,999999,1, ,6845,0
00,1022,7,11A204,19,40276,3,1,0,04,-,1,4,1,42,13/02/1980,1,03,3,2,5,01,3,5,3,2,999999,1, ,6845,0
00,1022,7,11A204,19,40276,3,1,0,07,-,1,6,2,06,17/07/2016,2,01,1,1, , , , , , , ,1, ,6845,0
00,1022,7,11A204,19,40276,3,1,0,06,-,1,6,2,20,21/02/2002,1,06,5,2,6,01,5,5,3,3,999999,1, ,6845,0
00,1022,7,11A204,19,40276,4,1,0,03,-,1,3,1,06,26/09/2016,2,01,1,1, , , , , , , ,1, ,6845,0
00,1022,7,11A204,19,40276,3,1,0,02,-,1,3,2,04,13/01/2018, , , , , , , , , , , ,1, ,6845,0
00,1022,6,12A205,19,40281,3,1,0,01,-,1,1,1,65,07/12/1956,1,04,2,2,5,08, , , , , ,1, ,7509,0
00,1022,6,12A205,19,40281,3,1,0,03,-,1,3,2,26,23/02/1996,1,04,2,2,6,09, , , , , ,1, ,7509,0
00,1022,6,12A205,19,40281,2,1,0,06,-,1,3,2,33,03/02/1989,1,03,3,1,6,01,5,5,3,1,001400,1, ,7509,0
00,1022,6,12A205,19,40281,2,1,0,01,-,1,1,2,66,13/02/1956,1,02,3,2,4,01,4,4,2,1,000200,1,1,7509,15267
00,1022,6,12A205,19,40281,2,1,0,05,-,1,5,1,06,30/06/2016,2,00, ,2, , , , , , , ,1, ,7509,0
00,1022,6,12A205,19,40281,2,1,0,03,-,1,5,1,15,14/11/2006,2,00, ,2,6,09, , , , , ,1, ,7509,0
00,1022,6,12A205,19,40281,2,1,0,04,-,1,5,1,13,23/02/2009,2,00, ,2,6,09, , , , , ,1, ,7509,0
00,1022,5,12A205,19,40281,2,1,0,02,-,2, , , , , , , , , , , , , , , ,1, ,0,0
00,1022,6,12A205,19,40281,1,1,0,03,-,1,2,2,63,16/02/1959,1,02,6,2,5,07, , , , , ,1, ,7509,0
00,1022,6,12A205,19,40281,1,1,0,02,-,1,6,2,70,21/11/1951,1,02,6,2,4,09, , , , , ,1,1,7509,22901
00,1022,6,12A205,19,40281,1,1,0,01,-,1,1,1,62,21/06/1960,1,02,6,2,5,09, , , , , ,1, ,7509,0
00,1022,6,12A205,19,40281,3,1,0,02,-,1,2,2,65,17/03/1957,1,02,6,2,5,07, , , , , ,1,1,7509,22901
00,1022,6,12A205,19,40281,4,1,0,02,-,1,2,2,66,08/03/1956,1,06,2,2,5,08, , , , , ,1, ,7509,0
00,1022,6,12A205,19,40281,4,1,0,01,-,1,1,1,65,02/12/1956,1,07,3,2,5,08, , , , , ,1,1,7509,15267
00,1022,2,11B211,19,40321,2,1,0,01,-,1,1,2,54,08/08/1968,1,02,3,2,2,01,4,4,2,1,001000,1,1,6769,13629
00,1022,2,11B211,19,40321,2,1,0,02,-,1,3,2,32,27/03/1990,1,03,3,2,6,01,7,2,3,1,001500,1, ,6769,0
00,1022,2,11B211,19,40321,4,1,0,05,-,1,3,1,15,23/08/2007,1,03,3,1,6,06, , , , , ,1, ,6769,0
00,1022,2,11B211,19,40321,4,1,0,01,-,1,1,1,51,06/03/1971,1,02,6,2,1,01,7,2,3,1,002000,1, ,6769,0
00,1022,2,11B211,19,40321,4,1,0,02,-,1,2,2,39,19/01/1983,1,02,6,2,1,07, , , , , ,1, ,6769,0
00,1022,2,11B211,19,40321,4,1,0,04,-,1,3,2,19,25/06/2003,1,04,3,1,6,06, , , , , ,1,1,6769,27258
00,1022,2,11B211,19,40321,4,1,0,03,-,1,3,1,20,28/03/2002,1,03,3,2,6,01,7,3,3,1,001500,1, ,6769,0
00,1022,2,11B211,19,40321,4,1,0,06,-,1,3,1,08,13/06/2014,1,02,3,1, , , , , , , ,1, ,6769,0
00,1022,2,11B211,19,40321,4,1,0,07,-,1,3,2,02,13/11/2019, , , , , , , , , , , ,1, ,6769,0
00,1022,2,11B211,19,40321,3,1,0,04,-,1,3,2,21,11/04/2001,1,03,3,2,6,01,4,4,3,1,001800,1, ,6769,0
00,1022,2,11B211,19,40321,3,1,0,01,-,1,1,1,42,30/06/1980,1,06,3,2,5,01,7,2,3,1,001800,1, ,6769,0
00,1022,2,11B211,19,40321,3,1,0,02,-,1,2,2,40,05/06/1982,1,03,2,2,5,01,4,4,3,1,001500,1, ,6769,0
00,1022,2,11B211,19,40321,3,1,0,03,-,1,3,1,22,20/04/2000,1,03,3,2,6,01,7,2,3,1,001800,1,1,6769,27258
00,1022,2,11B211,19,40321,1,1,0,04,-,1,3,1,06,09/08/2016,1,02,2,1, , , , , , , ,1, ,6769,0
00,1022,2,11B211,19,40321,1,1,0,01,-,1,1,1,35,04/01/1987,1,03,3,2,1,01,7,3,2,1,005000,1,1,6769,13629
00,1022,2,11B211,19,40321,1,1,0,02,-,1,2,2,26,27/12/1995,1,03,3,2,1,01,5,5,2,1,002000,1, ,6769,0
00,1022,2,11B211,19,40321,1,1,0,03,-,1,3,1,11,10/10/2011,1,02,5,1, , , , , , , ,1, ,6769,0
00,1022,6,12A205,19,40324,2,1,0,01,-,1,1,1,53,21/05/1969,1,04,1,2,5,01,7,2,3,1,999999,1, ,8570,0
00,1022,6,12A205,19,40324,4,1,0,06,-,1,3,1,00,06/04/2022, , , , , , , , , , , ,1, ,8570,0
00,1022,6,12A205,19,40324,4,1,0,05,-,1,4,1,46,22/07/1976,1,02,6,2,3,01,7,2,3,1,001500,1, ,8570,0
00,1022,6,12A205,19,40324,4,1,0,04,-,1,3,2,25,31/01/1997,1,03,3,2,1,07, , , , , ,1, ,8570,0
00,1022,6,12A205,19,40324,4,1,0,03,-,1,3,1,19,14/07/2003,1,04,2,2,6,01,7,2,3,1,001500,1, ,8570,0
00,1022,6,12A205,19,40324,4,1,0,02,-,1,5,1,22,08/12/1999,1,03,3,2,1,01,1,5,3,1,001800,1,1,8570,34851
00,1022,6,12A205,19,40324,2,1,0,02,-,1,2,2,53,26/12/1968,1,04,1,2,5,01,9,5,3,2,999999,1,1,8570,17426
00,1022,6,12A205,19,40324,1,1,2,01,-,1,1,1,56,07/03/1966,1,04,3,2,6,10, , , , , ,1,1,8570,8713
00,1022,6,12A205,19,40324,3,1,0,05,-,3,2,1,35,03/10/1987,1,04,3,2,5,01,5,5,3,1,001200,1, ,8570,0
00,1022,6,12A205,19,40324,3,1,0,02,-,1,3,2,10,14/11/2011,1,02,4,1, , , , , , , ,1, ,8570,0
00,1022,6,12A205,19,40324,3,1,0,01,-,1,1,2,34,17/02/1988,1,03,3,2,5,07, , , , , ,1,1,8570,17426
00,1022,6,12A205,19,40324,3,1,0,03,-,1,3,1,07,28/01/2015,2,01,2,1, , , , , , , ,1, ,8570,0
00,1022,6,12A205,19,40324,3,1,0,04,-,1,3,2,06,12/09/2016,2,01,1,1, , , , , , , ,1, ,8570,0
00,1022,4,12A205,19,40324,4,1,0,01,-,2, , , , , , , , , , , , , , , ,1, ,0,0
00,1022,6,13A205,19,40325,3,1,0,01,-,1,1,1,30,15/04/1992,1,03,3,2,1,01,4,4,2,1,999999,1, ,9487,0
00,1022,6,13A205,19,40325,4,1,0,02,-,1,3,1,12,05/09/2010,1,02,5,1,6,06, , , , , ,1, ,9487,0
00,1022,6,13A205,19,40325,4,1,0,01,-,1,1,2,33,21/07/1989,1,04,1,2,2,01,5,5,2,1,999999,1,1,9487,19266
00,1022,6,13A205,19,40325,4,1,0,03,-,1,3,1,04,20/10/2017, , , , , , , , , , , ,1, ,9487,0
00,1022,6,13A205,19,40325,4,1,0,04,-,1,2,1,37,30/06/1985,1,03,3,2,5,01,7,2,3,1,001500,1, ,9487,0
00,1022,6,13A205,19,40325,1,1,1,03,-,1,3,1,18,06/03/2004,1,04,3,2,6,01,3,4,3,1,001500,1, ,9487,0
00,1022,6,13A205,19,40325,1,1,1,01,-,1,1,1,48,07/10/1974,1,07,5,2,5,01,3,4,3,1,002000,1,1,9487,28898
00,1022,6,13A205,19,40325,1,1,1,02,-,1,2,2,41,07/10/1981,1,07,5,2,5,01,3,4,3,1,002000,1, ,9487,0
00,1022,6,13A205,19,40325,1,1,1,04,-,1,3,1,13,16/01/2009,1,03,1,2,6,07, , , , , ,1, ,9487,0
00,1022,6,13A205,19,40325,2,1,0,01,-,1,1,2,51,01/08/1971,1,06,1,2,4,01,4,4,3,2,008000,1,1,9487,9633
00,1022,6,13A205,19,40325,3,1,0,03,-,1,3,1,13,30/06/2009,1,03,1,1,6,06, , , , , ,1, ,9487,0
00,1022,6,13A205,19,40325,3,1,0,04,-,1,3,1,20,30/06/2002,1,07,1,2,6,01,7,2,3,1,003200,1,1,9487,28898
00,1022,6,13A205,19,40325,3,1,0,02,-,1,2,2,43,08/06/1979,1,03,3,2,1,07, , , , , ,1, ,9487,0
00,1022,6,13A205,19,40329,4,1,0,01,-,1,1,1,80,27/03/1942,1,08,3,2,5,08, , , , , ,1, ,10037,0
00,1022,6,13A205,19,40329,4,1,0,02,-,1,2,2,77,16/02/1945,1,04,2,2,5,07, , , , , ,1,1,10037,20381
00,1022,6,13A205,19,40329,2,1,0,01,-,1,1,1,66,16/03/1956,1,07,3,2,5,08, , , , , ,1,1,10037,20381
00,1022,6,13A205,19,40329,2,1,0,02,-,1,2,2,65,09/10/1956,1,06,3,2,5,07, , , , , ,1, ,10037,0
00,1022,6,13A205,19,40329,1,1,0,03,-,1,3,2,29,05/06/1993,1,07,5,2,6,01,1,7,3,2,999999,1, ,10037,0
00,1022,6,13A205,19,40329,1,1,0,01,-,1,1,1,56,04/11/1965,1,07,3,2,5,01,4,4,2,1,999999,1,1,10037,50952
00,1022,6,13A205,19,40329,1,1,0,06,-,1,3,2,23,28/11/1998,1,07,4,2,6,01,5,5,3,2,999999,1, ,10037,0
00,1022,6,13A205,19,40329,1,1,0,04,-,1,3,2,26,25/07/1996,1,07,5,2,6,01,1,4,3,2,999999,1, ,10037,0
00,1022,6,13A205,19,40329,1,1,0,02,-,1,2,2,55,03/09/1967,1,07,3,2,5,01,3,5,3,2,999999,1, ,10037,0
00,1022,6,13A205,19,40329,1,1,0,05,-,1,3,2,16,23/08/2006,1,03,3,1,6,06, , , , , ,1, ,10037,0
00,1022,2,12B211,19,40365,1,1,0,01,-,1,1,1,68,18/08/1954,1,02,6,2,1,08, , , , , ,1, ,8011,0
00,1022,2,12B211,19,40365,1,1,0,03,-,1,3,1,50,10/07/1972,1,03,3,2,6,01,7,2,3,1,999999,1, ,8011,0
00,1022,2,12B211,19,40365,1,1,0,02,-,1,2,2,68,29/08/1954,1,02,4,2,1,07, , , , , ,1,1,8011,24432
00,1022,2,12B211,19,40365,2,1,0,02,-,1,3,2,53,12/10/1968,1,03,3,2,2,01,4,4,3,1,999999,1, ,8011,0
00,1022,2,12B211,19,40365,3,1,0,01,-,1,1,2,70,02/05/1952,1,06,2,2,4,08, , , , , ,1, ,8011,0
00,1022,2,12B211,19,40365,3,1,0,03,-,1,5,2,19,01/09/2003,1,06,2,2,6,07, , , , , ,1, ,8011,0
00,1022,2,12B211,19,40365,4,1,0,02,-,3,6,1,50,10/01/1972,1,04,3,2,3,03,2,5,3,1,999999,1, ,8011,0
00,1022,2,12B211,19,40365,4,1,0,01,-,1,1,2,64,01/08/1958,1,07,5,2,2,07, , , , , ,1,1,8011,16288
00,1022,2,12B211,19,40365,3,1,0,02,-,1,3,2,45,31/01/1977,1,06,3,2,3,01,5,5,2,1,004000,1,1,8011,24432
00,1022,2,12B211,19,40365,2,1,0,01,-,1,1,2,82,22/12/1939,1,02,1,2,2,07, , , , , ,1,1,8011,16288
15,1022,2,13B211,19,40366,3,1,0,03,-,1,3,1,13,24/04/2009,1,02,6,1,6,06, , , , , ,1, ,15929,0
15,1022,2,13B211,19,40366,3,1,0,01,-,1,1,2,48,11/12/1973,1,02,6,2,5,01,4,4,2,1,000600,1, ,15929,0
15,1022,2,13B211,19,40366,3,1,0,04,-,1,3,1,25,21/07/1997,1,07,3,1,6,06, , , , , ,1, ,15929,0
15,1022,2,13B211,19,40366,3,1,0,02,-,1,2,1,65,08/06/1957,1,02,6,2,5,01,5,5,3,2,004500,1, ,15929,0
14,1022,2,13B211,19,40366,2,1,0,03,-,1,6,2,45,11/05/1977,1,04,3,2,5,01,3,2,3,2,999999,1, ,15929,0
14,1022,2,13B211,19,40366,2,1,0,02,-,1,4,2,73,23/01/1949,1,03,3,2,4,09, , , , , ,1, ,15929,0
14,1022,2,13B211,19,40366,2,1,0,01,-,1,1,2,40,23/03/1982,1,04,3,2,6,01,3,2,3,2,999999,1, ,15929,0
00,1022,2,13B211,19,40366,1,1,0,06,-,1,3,1,15,12/03/2007,1,03,2,1,6,06, , , , , ,1, ,15929,0
00,1022,2,13B211,19,40366,1,1,0,02,-,1,2,2,50,28/10/1971,1,03,3,2,5,07, , , , , ,1, ,15929,0
00,1022,2,13B211,19,40366,1,1,0,05,-,1,3,1,19,27/12/2002,1,07,2,1,6,06, , , , , ,1, ,15929,0
00,1022,2,13B211,19,40366,1,1,0,04,-,1,3,1,23,23/09/1999,1,07,4,1,6,06, , , , , ,1, ,15929,0
00,1022,2,13B211,19,40366,1,1,0,03,-,1,3,1,25,28/04/1997,1,04,3,2,6,01,3,4,3,1,999999,1, ,15929,0
00,1022,2,13B211,19,40366,1,1,0,01,-,1,1,1,56,22/09/1966,1,03,3,2,5,01,5,5,2,1,999999,1,1,15929,80864
00,1022,2,12B211,19,40368,2,1,0,03,-,1,5,2,01,29/09/2021, , , , , , , , , , , ,1, ,7747,0
00,1022,2,12B211,19,40368,2,1,0,01,-,1,1,2,47,16/07/1975,1,03,3,2,3,01,5,2,3,1,001200,1,1,7747,15751
00,1022,2,12B211,19,40368,1,1,0,02,-,1,2,2,49,26/11/1972,1,03,3,2,5,01,4,4,2,1,999999,1, ,7747,0
00,1022,2,12B211,19,40368,1,1,0,05,-,1,3,2,22,09/06/2000,1,07,5,2,6,07, , , , , ,1, ,7747,0
00,1022,2,12B211,19,40368,1,1,0,04,-,1,3,1,23,20/12/1998,1,06,3,2,6,01,1,2,3,1,999999,1,1,7747,39378
00,1022,2,12B211,19,40368,1,1,0,01,-,1,1,1,51,28/08/1971,1,03,3,2,5,01,4,4,2,1,999999,1, ,7747,0
00,1022,2,12B211,19,40368,4,1,0,03,-,1,3,2,23,19/05/1999,1,07,1,2,6,01,3,5,3,2,999999,1, ,7747,0
00,1022,2,12B211,19,40368,2,1,0,02,-,1,3,2,20,02/01/2002,1,07,1,1,6,06, , , , , ,1, ,7747,0
00,1022,2,12B211,19,40368,3,1,0,01,-,1,1,1,60,07/11/1961,1,06,3,2,5,01,4,2,3,1,003500,1,1,7747,23627
00,1022,2,12B211,19,40368,3,1,0,03,-,1,3,1,21,04/03/2001,1,06,3,1,6,01,5,5,3,1,999999,1, ,7747,0
00,1022,2,12B211,19,40368,3,1,0,02,-,1,2,2,61,23/10/1960,1,04,2,2,5,07, , , , , ,1, ,7747,0
00,1022,2,12B211,19,40368,4,1,0,01,-,1,1,1,57,03/02/1965,1,03,3,2,1,01,4,4,2,1,999999,1,1,7747,23627
00,1022,2,12B211,19,40368,4,1,0,02,-,1,2,2,52,10/11/1969,1,06,2,2,1,01,4,4,2,1,999999,1, ,7747,0
00,1022,2,12B211,19,40368,1,1,0,03,-,1,3,1,28,12/06/1994,1,06,3,2,2,01,4,2,3,1,999999,1, ,7747,0
00,1022,6,12A205,19,40370,4,1,0,05,-,3,7,1,98, ,1,02,3,2,5,08, , , , , ,1, ,7718,0
00,1022,6,12A205,19,40370,4,1,0,02,-,1,2,2,47,21/01/1975,1,03,3,2,5,07, , , , , ,1, ,7718,0
00,1022,6,12A205,19,40370,4,1,0,03,-,1,3,2,22,27/04/2000,1,04,2,1,6,06, , , , , ,1,1,7718,39231
00,1022,6,12A205,19,40370,4,1,0,04,-,1,3,1,17,14/05/2005,1,06,1,1,6,06, , , , , ,1, ,7718,0
00,1022,6,12A205,19,40370,4,1,0,06,-,3,2,2,98, ,1,00, ,2,5,07, , , , , ,1, ,7718,0
00,1022,6,12A205,19,40370,2,1,0,01,-,1,1,2,54,14/02/1968,1,07,4,2,4,07, , , , , ,1,1,7718,15692
00,1022,6,12A205,19,40370,2,1,0,03,-,1,7,1,01,11/07/2021, , , , , , , , , , , ,1, ,7718,0
00,1022,6,12A205,19,40370,2,1,0,02,-,1,3,1,32,21/05/1990,1,07,5,2,6,01,5,5,3,2,999999,1, ,7718,0
00,1022,6,12A205,19,40370,4,1,0,01,-,1,1,1,48,02/06/1974,1,02,6,2,5,08, , , , , ,1, ,7718,0
00,1022,6,11A205,19,40377,2,1,0,03,-,1,3,1,15,07/06/2007,1,03,2,1,6,06, , , , , ,1, ,13547,0
00,1022,6,11A205,19,40377,2,1,0,04,-,1,3,2,11,08/08/2011,1,02,3,1, , , , , , , ,1, ,13547,0
00,1022,6,11A205,19,40377,2,1,0,01,-,1,1,1,39,11/05/1983,1,03,3,2,1,01,5,5,3,1,001800,1, ,13547,0
00,1022,6,11A205,19,40377,2,1,0,02,-,1,2,2,39,26/06/1983,1,02,6,2,1,07, , , , , ,1,1,13547,27277
00,1022,6,11A205,19,40377,4,1,0,07,-,1,5,2,25,30/05/1997,1,03,3,1,6,06, , , , , ,1, ,13547,0
00,1022,6,11A205,19,40377,4,1,0,08,-,1,5,1,01,13/05/2021, , , , , , , , , , , ,1, ,13547,0
00,1022,5,11A205,19,40377,4,1,0,04,-,2, , , , , , , , , , , , , , , ,1, ,0,0
00,1022,6,11A205,19,40377,4,1,0,02,-,1,2,2,65,06/12/1956,1,02,4,2,5,07, , , , , ,1,1,13547,40915
00,1022,5,11A205,19,40377,4,1,0,01,-,2, , , , , , , , , , , , , , , ,1, ,0,0
00,1022,6,11A205,19,40377,4,1,0,03,-,1,5,1,17,14/01/2005,1,03,3,1,6,01,1,5,4,1,999999,1, ,13547,0
00,1022,6,11A205,19,40377,4,1,0,06,-,1,5,2,05,15/06/2017,2,01,2,1, , , , , , , ,1, ,13547,0
00,1022,6,11A205,19,40377,4,1,0,05,-,1,5,2,31,15/03/1991,1,04,2,2,5,07, , , , , ,1, ,13547,0
00,1022,6,11A205,19,40377,1,1,0,01,-,1,1,1,29,23/05/1993,1,04,3,2,6,01,7,3,3,1,002000,1,1,13547,13638
00,1022,6,11A205,19,40377,3,1,0,01,-,1,1,1,50,30/06/1972,1,03,3,2,6,01,5,9,3,1,002000,1,1,13547,13638
00,1022,2,12B211,19,40415,1,1,0,01,-,1,1,2,70,18/03/1952,1,04,2,2,2,07, , , , , ,1,1,7794,7923
00,1022,2,12B211,19,40415,3,1,0,01,-,1,1,1,34,13/10/1987,1,07,5,2,5,01,1,7,3,2,999999,1,1,7794,15846
00,1022,2,12B211,19,40415,2,1,0,02,-,1,2,2,61,05/05/1961,1,03,3,2,5,08, , , , , ,1, ,7794,0
00,1022,2,12B211,19,40415,2,1,0,01,-,1,1,1,68,15/10/1953,1,02,6,2,5,08, , , , , ,1,1,7794,15846
00,1022,2,12B211,19,40415,3,1,0,02,-,1,2,2,35,19/03/1987,1,07,5,2,5,01,1,7,3,2,010000,1, ,7794,0
00,1022,2,13B211,19,40416,2,1,0,03,-,1,3,1,22,29/10/1999,1,07,1,2,6,04, , , , , ,1, ,9687,0
00,1022,2,13B211,19,40416,3,1,0,01,-,1,1,1,46,07/09/1976,1,03,3,2,5,01,1,2,3,1,003000,1, ,9687,0
00,1022,2,13B211,19,40416,3,1,0,02,-,1,2,2,32,14/05/1990,1,04,3,2,5,07, , , , , ,1,1,9687,19672
00,1022,2,13B211,19,40416,3,1,0,04,-,1,3,2,09,23/07/2013,1,02,3,1, , , , , , , ,1, ,9687,0
00,1022,2,13B211,19,40416,3,1,0,03,-,1,3,2,12,07/09/2010,1,02,6,1,6,06, , , , , ,1, ,9687,0
00,1022,2,13B211,19,40416,4,1,0,01,-,1,1,1,50,16/10/1971,1,03,3,2,5,01,5,2,3,1,002500,1,1,9687,29508
00,1022,2,13B211,19,40416,1,1,0,02,-,1,3,1,31,12/09/1991,2,04,2,2,6,01,3,5,3,2,004000,1, ,9687,0
00,1022,2,13B211,19,40416,4,1,0,03,-,1,3,1,21,29/11/2000,1,04,3,2,1,01,1,5,3,2,003500,1, ,9687,0
00,1022,2,13B211,19,40416,4,1,0,05,-,1,3,2,10,12/06/2012,1,02,4,1, , , , , , , ,1, ,9687,0
00,1022,2,13B211,19,40416,4,1,0,04,-,2, , , , , , , , , , , , , , , ,1, ,0,0
00,1022,2,13B211,19,40416,2,1,0,02,-,1,2,2,55,27/07/1967,1,03,3,2,5,01,3,5,3,2,008000,1,1,9687,29508
00,1022,2,13B211,19,40416,2,1,0,01,-,1,1,1,56,08/04/1966,1,03,3,2,5,01,5,9,3,1,005000,1, ,9687,0
00,1022,2,13B211,19,40416,1,1,0,01,-,1,1,2,55,18/07/1967,1,03,3,2,6,07, , , , , ,1,1,9687,19672
00,1022,2,13B211,19,40416,4,1,0,02,-,1,2,2,48,24/03/1974,1,06,3,2,5,07, , , , , ,1, ,9687,0
00,1022,5,11A206,19,40417,3,1,0,04,-,1,3,1,11,20/09/2011,1,02,4,1, , , , , , , ,1, ,7779,0
00,1022,5,11A206,19,40417,3,1,0,01,-,1,1,1,35,18/06/1987,1,04,3,2,5,01,9,2,3,1,003000,1, ,7779,0
00,1022,5,11A206,19,40417,1,1,0,03,-,1,3,2,14,18/05/2008,1,03,1,1,6,06, , , , , ,1, ,7779,0
00,1022,5,11A206,19,40417,1,1,0,02,-,1,2,2,37,14/07/1985,1,03,3,2,5,07, , , , , ,1, ,7779,0
00,1022,5,11A206,19,40417,1,1,0,01,-,1,1,1,38,30/10/1983,1,03,2,2,5,01,9,3,1,1,015000,1,1,7779,15661
00,1022,2,11A206,19,40417,4,1,0,03,-,2, , , , , , , , , , , , , , , ,1, ,0,0
00,1022,2,11A206,19,40417,4,1,0,05,-,2, , , , , , , , , , , , , , , ,1, ,0,0
00,1022,2,11A206,19,40417,4,1,0,06,-,2, , , , , , , , , , , , , , , ,1, ,0,0
00,1022,5,11A206,19,40417,3,1,0,05,-,1,3,1,03,30/08/2019, , , , , , , , , , , ,1, ,7779,0
00,1022,5,11A206,19,40417,3,1,0,02,-,1,2,2,37,12/03/1985,1,03,3,2,5,07, , , , , ,1,1,7779,15661
00,1022,5,11A206,19,40417,3,1,0,03,-,1,3,1,12,09/03/2010,1,02,5,1,6,06, , , , , ,1, ,7779,0
00,1022,5,11A206,19,40417,2,1,0,01,-,1,1,1,34,20/07/1988,1,04,3,2,5,01,9,6,3,2,007000,1,1,7779,15661
00,1022,5,11A206,19,40417,2,1,0,02,-,1,2,2,33,23/03/1989,1,07,5,2,5,01,9,6,3,2,005000,1, ,7779,0
00,1022,5,11A206,19,40417,2,1,0,04,-,1,3,1,04,11/08/2018, , , , , , , , , , , ,1, ,7779,0
00,1022,5,11A206,19,40417,2,1,0,03,-,1,3,1,16,12/09/2006,1,03,3,1,6,06, , , , , ,1, ,7779,0
00,1022,5,11A206,19,40417,4,1,0,04,-,1,3,2,20,27/06/2002,1,04,3,2,6,01,4,5,3,2,020000,1, ,7779,0
00,1022,5,11A206,19,40417,4,1,0,02,-,1,2,2,43,16/02/1979,1,03,3,2,1,01,4,5,2,1,999999,1,1,7779,23492
00,1022,5,11A206,19,40417,4,1,0,07,-,1,3,2,13,28/01/2009,1,02,6,1,6,06, , , , , ,1, ,7779,0
00,1022,5,11A206,19,40417,4,1,0,01,-,1,1,1,45,25/09/1977,1,03,3,2,1,01,9,9,2,1,999999,1, ,7779,0
00,1022,5,12A206,19,40420,3,1,0,02,-,1,2,2,45,09/02/1977,1,06,3,2,1,01,9,5,3,1,000800,1, ,7549,0
00,1022,5,12A206,19,40420,3,1,0,03,-,1,3,1,20,29/09/2002,1,06,2,2,6,01,7,5,3,1,001200,1, ,7549,0
00,1022,5,12A206,19,40420,3,1,0,01,-,1,1,1,47,23/05/1975,1,03,3,2,1,01,9,4,2,1,001200,1,1,7549,23024
00,1022,5,12A206,19,40420,3,1,0,04,-,1,3,2,15,25/01/2007,1,03,2,2,6,07, , , , , ,1, ,7549,0
00,1022,5,12A206,19,40420,4,1,0,01,-,1,1,1,57,01/06/1965,1,06,3,2,6,01,9,9,2,1,001500,1,1,7549,7675
00,1022,5,12A206,19,40420,1,1,0,02,-,1,2,1,53,24/10/1968,1,03,3,2,5,01,3,5,3,2,002500,1,1,7549,23024
00,1022,5,12A206,19,40420,2,1,0,04,-,1,3,1,24,25/08/1998,1,04,2,1,6,01,3,5,3,2,003500,1,1,7549,23024
00,1022,5,12A206,19,40420,1,1,0,01,-,1,1,2,51,21/01/1971,1,03,3,1,5,06, , , , , ,1, ,7549,0
00,1022,3,12A206,19,40420,2,1,0,03,-,2, , , , , , , , , , , , , , , ,1, ,0,0
00,1022,5,12A206,19,40420,2,1,0,05,-,1,3,1,12,20/02/2010,1,02,5,1,6,06, , , , , ,1, ,7549,0
00,1022,5,12A206,19,40420,2,1,0,01,-,1,1,1,48,12/08/1974,1,04,1,2,5,01,5,5,3,1,002300,1, ,7549,0
00,1022,5,12A206,19,40420,2,1,0,02,-,1,2,2,49,24/05/1973,1,03,3,2,5,07, , , , , ,1, ,7549,0
00,1022,5,12A206,19,40420,1,1,0,03,-,1,3,2,25,04/07/1997,1,07,3,1,6,06, , , , , ,1, ,7549,0
00,1022,4,13A217,19,40447,3,1,0,03,-,1,3,1,22,19/02/2000,1,07,5,2,6,01,7,2,3,1,002000,1, ,9830,0
00,1022,4,13A217,19,40447,4,1,0,01,-,1,1,1,51,12/02/1971,1,03,3,2,6,01,2,7,3,2,004700,1,1,9830,29943
00,1022,4,13A217,19,40447,4,1,0,03,-,1,3,2,21,30/06/2001,1,03,3,1,6,07, , , , , ,1, ,9830,0
00,1022,4,13A217,19,40447,4,1,0,02,-,1,3,1,30,30/06/1992,1,07,4,2,6,01,3,2,3,1,999999,1, ,9830,0
00,1022,4,13A217,19,40447,3,1,0,01,-,1,1,1,49,01/01/1973,1,08,3,2,5,01,7,2,3,1,999999,1,1,9830,29943
00,1022,4,13A217,19,40447,3,1,0,02,-,1,2,2,47,12/11/1974,1,06,3,2,5,07, , , , , ,1, ,9830,0
00,1022,4,13A217,19,40447,2,1,0,01,-,1,1,2,44,06/01/1978,1,03,3,2,1,01,9,5,3,1,001500,1,1,9830,29943
00,1022,4,13A217,19,40447,1,1,0,01,-,1,1,1,53,09/04/1969,1,03,3,2,5,01,7,2,3,1,002200,1,1,9830,19962
00,1022,4,13A217,19,40447,1,1,0,02,-,1,2,2,50,18/12/1971,1,03,3,2,5,07, , , , , ,1, ,9830,0
00,1022,4,13A217,19,40447,2,1,0,02,-,1,3,1,24,23/03/1998,1,03,3,2,6,05, , , , , ,1, ,9830,0
00,1022,4,13A217,19,40447,2,1,0,03,-,1,3,1,21,16/05/2001,1,03,3,2,6,05, , , , , ,1, ,9830,0
00,1022,4,13A217,19,40447,2,1,0,04,-,1,3,1,12,13/11/2009,1,02,5,1,6,06, , , , , ,1, ,9830,0
00,1022,4,13A217,19,40447,3,1,0,04,-,1,3,1,17,05/06/2005,1,04,2,1,6,06, , , , , ,1, ,9830,0
00,1022,4,12A217,19,40448,3,1,0,02,-,1,3,1,32,22/08/1990,2,07,4,2,6,01,1,4,3,2,999999,1, ,7430,0
00,1022,4,12A217,19,40448,2,1,0,02,-,1,2,2,36,20/01/1986,1,06,3,2,5,07, , , , , ,1,1,7430,15108
00,1022,4,12A217,19,40448,3,1,0,01,-,1,1,1,64,12/12/1957,1,07,4,2,4,08, , , , , ,1,1,7430,15108
00,1022,4,12A217,19,40448,2,1,0,03,-,1,3,2,04,22/11/2017, , , , , , , , , , , ,1, ,7430,0
00,1022,4,12A217,19,40448,2,1,0,01,-,1,1,1,46,05/05/1976,1,07,4,2,5,01,3,4,3,2,999999,1, ,7430,0
00,1022,4,11A217,19,40452,3,1,0,03,-,1,3,2,12,11/11/2009,1,02,6,1,6,06, , , , , ,1, ,3465,0
00,1022,4,11A217,19,40452,3,1,0,02,-,1,2,2,47,11/05/1975,1,03,3,2,5,01,1,5,2,1,001800,1,1,3465,6977
00,1022,4,11A217,19,40452,3,1,0,04,-,1,3,2,07,08/04/2015,1,01,3,1, , , , , , , ,1, ,3465,0
00,1022,4,11A217,19,40452,2,1,0,01,-,1,1,1,45,29/03/1977,1,08,3,2,3,01,1,5,3,2,999999,1,1,3465,3489
00,1022,4,11A217,19,40452,3,1,0,01,-,1,1,1,47,23/12/1974,1,07,2,2,5,01,1,3,3,1,003000,1, ,3465,0
00,1022,4,11A217,19,40452,1,1,0,01,-,1,1,1,35,08/09/1987,1,07,3,2,3,01,7,2,3,1,005000,1,1,3465,3489
00,1022,4,11A217,19,40452,4,1,0,01,-,1,1,2,86,04/06/1936,1,08,3,2,4,08, , , , , ,1,1,3465,3489
00,1022,5,12A203,19,40454,4,1,0,02,-,2, , , , , , , , , , , , , , , ,1, ,0,0
00,1022,8,12A203,19,40454,4,1,0,01,-,1,1,1,60,05/09/1962,1,03,3,2,5,08, , , , , ,1, ,8184,0
00,1022,8,12A203,19,40454,3,1,0,01,-,1,1,1,45,13/12/1976,1,03,3,2,5,01,7,2,3,1,999999,1, ,8184,0
00,1022,8,12A203,19,40454,3,1,0,03,-,1,3,1,26,07/09/1996,1,06,3,2,1,01,2,5,3,1,003500,1,1,8184,24960
00,1022,8,12A203,19,40454,3,1,0,05,-,1,5,1,05,13/09/2017,2,01,3,1, , , , , , , ,1, ,8184,0
00,1022,8,12A203,19,40454,1,1,0,03,-,1,4,1,79,14/02/1943,1,02,1,2,4,08, , , , , ,1,1,8184,8320
00,1022,8,12A203,19,40454,1,1,0,01,-,2, , , , , , , , , , , , , , , ,1, ,0,0
00,1022,8,12A203,19,40454,1,1,0,02,-,2, , , , , , , , , , , , , , , ,1, ,0,0
00,1022,8,12A203,19,40454,4,1,0,04,-,1,5,1,17,06/07/2005,1,03,2,1,6,06, , , , , ,1, ,8184,0
00,1022,8,12A203,19,40454,4,1,0,06,-,1,5,2,11,05/12/2010,1,02,4,1, , , , , , , ,1, ,8184,0
00,1022,8,12A203,19,40454,4,1,0,03,-,1,3,2,34,11/02/1988,1,04,1,2,6,01,3,5,3,1,999999,1,1,8184,16640
00,1022,8,12A203,19,40454,2,1,0,02,-,1,2,2,56,17/11/1965,1,07,4,2,5,01,1,5,3,1,001800,1, ,8184,0
00,1022,8,12A203,19,40454,2,1,0,05,-,1,7,2,71,03/01/1951,1,03,3,2,6,07, , , , , ,1,1,8184,41600
00,1022,8,12A203,19,40454,2,1,0,04,-,1,3,1,20,04/11/2001,1,04,3,1,6,06, , , , , ,1, ,8184,0
00,1022,8,12A203,19,40454,2,1,0,01,-,1,1,1,60,07/03/1962,1,03,3,2,5,08, , , , , ,1, ,8184,0
00,1022,8,12A203,19,40454,2,1,0,03,-,1,3,2,27,24/06/1995,1,07,3,2,6,07, , , , , ,1, ,8184,0
00,1022,8,12A203,19,40454,4,1,0,05,-,1,5,2,11,05/12/2010,1,02,4,1, , , , , , , ,1, ,8184,0
00,1022,8,12A203,19,40454,3,1,0,04,-,1,3,2,15,19/04/2007,1,03,2,1,6,06, , , , , ,1, ,8184,0
00,1022,8,12A203,19,40454,3,1,0,02,-,1,2,2,43,18/05/1979,1,03,3,2,5,01,2,4,3,1,999999,1, ,8184,0
00,1022,1,12B212,19,40459,3,1,0,02,-,1,2,2,64,18/07/1958,1,06,2,2,5,07, , , , , ,1, ,7684,0
00,1022,1,12B212,19,40459,3,1,0,04,-,1,3,1,19,31/07/2003,1,07,1,1,6,06, , , , , ,1,1,7684,31246
00,1022,1,12B212,19,40459,3,1,0,03,-,1,3,1,27,20/01/1995,1,07,1,1,6,06, , , , , ,1, ,7684,0
00,1022,1,12B212,19,40459,2,1,0,01,-,1,1,2,68,30/10/1953,1,03,3,2,6,08, , , , , ,1,1,7684,7811
00,1022,1,12B212,19,40459,1,1,0,04,-,1,3,2,00,21/04/2022, , , , , , , , , , , ,1, ,7684,0
00,1022,1,12B212,19,40459,1,1,0,03,-,1,3,1,02,09/06/2020, , , , , , , , , , , ,1, ,7684,0
00,1022,1,12B212,19,40459,1,1,0,01,-,1,1,1,25,10/06/1997,1,07,1,2,1,01,7,2,3,1,003000,1,1,7684,15623
00,1022,1,12B212,19,40459,1,1,0,02,-,1,2,2,25,25/01/1997,1,04,3,2,1,01,4,4,2,1,002000,1, ,7684,0
00,1022,1,12B212,19,40459,4,1,0,01,-,1,1,2,54,28/08/1968,1,03,3,2,6,01,5,5,3,1,999999,1, ,7684,0
00,1022,1,12B212,19,40459,3,1,0,01,-,1,1,1,69,21/10/1952,1,03,3,2,5,08, , , , , ,1, ,7684,0
00,1022,1,12B212,19,40459,4,1,0,02,-,1,3,1,24,06/12/1997,1,07,5,2,6,01,3,4,3,2,999999,1,1,7684,15623
00,1022,1,13B212,19,40460,4,1,0,02,-,1,3,1,31,21/11/1990,1,07,5,2,3,01,5,5,2,1,999999,1, ,8688,0
00,1022,1,13B212,19,40460,1,1,0,01,-,1,1,1,55,09/09/1967,1,04,2,2,5,01,5,5,2,1,003000,1,1,8688,26462
00,1022,1,13B212,19,40460,1,1,0,02,-,1,2,2,54,10/04/1968,1,04,2,2,5,01,4,4,3,1,999999,1, ,8688,0
00,1022,1,13B212,19,40460,4,1,0,01,-,1,1,2,57,15/10/1964,1,06,2,2,4,07, , , , , ,1,1,8688,17642
00,1022,1,13B212,19,40460,1,1,0,03,-,1,3,2,25,04/04/1997,1,07,5,2,6,01,4,4,2,1,999999,1, ,8688,0
00,1022,1,13B212,19,40460,2,1,0,01,-,1,1,1,61,14/09/1961,1,07,5,2,5,08, , , , , ,1,1,8688,26462
00,1022,1,13B212,19,40460,2,1,0,03,-,1,3,1,32,23/08/1990,1,04,3,2,6,01,5,5,3,2,999999,1, ,8688,0
00,1022,1,13B212,19,40460,2,1,0,02,-,1,2,2,60,15/10/1961,1,06,3,2,5,07, , , , , ,1, ,8688,0
00,1022,6,12A203,19,40462,4,1,0,01,-,2, , , , , , , , , , , , , , , ,1, ,0,0
00,1022,8,12A203,19,40462,2,1,0,01,-,1,1,2,53,12/01/1969,1,07,5,2,6,01,5,5,3,1,999999,1,1,7619,15492
00,1022,8,12A203,19,40462,2,1,0,02,-,1,4,2,90,08/07/1932,1,02,6,2,4,08, , , , , ,1, ,7619,0
00,1022,8,12A203,19,40462,4,1,0,02,-,1,2,2,43,07/01/1979,1,07,5,2,5,01,5,5,3,2,999999,1,1,7619,7746
00,1022,8,12A203,19,40462,3,1,1,02,-,1,2,2,36,04/06/1986,1,06,3,2,1,01,4,5,3,2,999999,1, ,7619,0
00,1022,8,12A203,19,40462,3,1,1,01,-,1,1,1,40,04/09/1982,1,04,2,2,1,01,5,5,3,1,999999,1,1,7619,15492
00,1022,8,12A203,19,40462,1,1,0,02,-,1,2,2,74,14/07/1948,1,03,3,2,5,07, , , , , ,1,1,7619,15492
00,1022,8,12A203,19,40462,1,1,0,01,-,1,1,1,84,22/08/1938,1,03,3,2,5,08, , , , , ,1, ,7619,0
00,1022,5,12A206,19,40466,1,1,0,02,-,1,3,1,53,15/08/1969,1,03,2,2,2,09, , , , , ,1, ,7013,0
00,1022,5,12A206,19,40466,1,1,0,01,-,1,1,2,84,23/07/1938,2,00, ,2,4,07, , , , , ,1,1,7013,14259
00,1022,5,12A206,19,40466,3,1,0,02,-,1,2,2,78,23/09/1944,1,02,5,2,5,07, , , , , ,1, ,7013,0
00,1022,5,12A206,19,40466,3,1,0,01,-,1,1,1,80,17/02/1942,1,02,6,2,5,08, , , , , ,1,1,7013,14259
00,1022,5,12A206,19,40466,3,1,0,03,-,1,5,1,17,14/02/2005,1,03,3,1,6,06, , , , , ,1, ,7013,0
00,1022,5,12A206,19,40466,2,1,0,02,-,1,2,2,54,15/04/1968,1,06,2,2,5,01,4,4,2,1,999999,1, ,7013,0
00,1022,5,12A206,19,40466,2,1,0,04,-,1,8,2,77,27/08/1945,1,02,6,2,4,07, , , , , ,1, ,7013,0
00,1022,5,12A206,19,40466,2,1,0,01,-,1,1,1,44,15/04/1978,1,02,6,2,5,09, , , , , ,1,1,7013,28517
00,1022,5,12A206,19,40466,2,1,0,03,-,1,5,2,79,16/05/1943,1,02,6,2,4,07, , , , , ,1, ,7013,0
00,1022,5,12A206,19,40468,3,1,0,02,-,1,2,2,30,13/11/1991,1,07,5,2,1,01,1,3,3,1,006000,1,1,8766,17825
00,1022,5,12A206,19,40468,3,1,0,03,-,1,3,2,02,26/08/2020, , , , , , , , , , , ,1, ,8766,0
00,1022,5,12A206,19,40468,3,1,0,01,-,1,1,1,32,17/03/1990,1,03,3,2,1,01,1,3,3,1,003500,1, ,8766,0
00,1022,5,12A206,19,40468,2,1,0,01,-,1,1,2,67,16/03/1955,1,03,3,2,4,07, , , , , ,1,1,8766,8912
00,1022,5,12A206,19,40468,4,1,0,02,-,1,2,2,29,18/07/1993,1,07,1,2,5,07, , , , , ,1, ,8766,0
00,1022,5,12A206,19,40468,4,1,0,01,-,1,1,1,28,11/08/1994,1,07,5,2,5,04, , , , , ,1,1,8766,17825
00,1022,5,12A206,19,40468,4,1,0,03,-,1,3,1,02,18/05/2020, , , , , , , , , , , ,1, ,8766,0
00,1022,4,13A217,19,40491,1,1,0,02,-,1,2,2,49,28/03/1973,1,04,2,2,5,07, , , , , ,1,1,8962,27297
00,1022,4,13A217,19,40491,4,1,0,04,-,1,3,2,28,25/05/1994,1,03,3,2,6,01,3,5,3,2,999999,1, ,8962,0
00,1022,4,13A217,19,40491,1,1,0,03,-,1,3,2,23,16/10/1998,1,07,5,2,6,01,1,5,3,2,999999,1, ,8962,0
00,1022,4,13A217,19,40491,2,1,0,04,-,1,3,1,23,13/07/1999,1,06,3,2,6,01,5,2,3,1,999999,1, ,8962,0
00,1022,4,13A217,19,40491,2,1,0,03,-,1,3,1,25,21/06/1997,1,06,3,2,6,01,5,2,3,1,002000,1,1,8962,45494
00,1022,4,13A217,19,40491,2,1,0,05,-,1,3,1,19,24/09/2003,1,06,3,2,6,01,7,4,2,1,999999,1, ,8962,0
00,1022,4,13A217,19,40491,1,1,0,01,-,1,1,1,52,06/10/1970,1,04,2,2,5,01,4,4,3,1,999999,1, ,8962,0
00,1022,4,13A217,19,40491,4,1,0,03,-,1,3,1,23,28/02/1999,1,03,3,2,6,01,7,2,3,1,001800,1,1,8962,36395
00,1022,4,13A217,19,40491,4,1,0,01,-,1,1,1,49,10/04/1973,1,03,3,2,5,01,5,2,3,1,999999,1, ,8962,0
00,1022,4,13A217,19,40491,4,1,0,02,-,1,2,2,47,02/02/1975,1,03,3,2,5,04, , , , , ,1, ,8962,0
00,1022,4,13A217,19,40491,2,1,0,01,-,1,1,1,54,28/08/1968,1,03,3,2,5,01,5,2,3,1,999999,1, ,8962,0
00,1022,4,13A217,19,40491,2,1,0,02,-,1,2,2,46,22/10/1975,1,06,3,2,5,07, , , , , ,1, ,8962,0
00,1022,4,13A217,19,40494,3,1,0,04,-,1,3,2,01,19/09/2021, , , , , , , , , , , ,1, ,8465,0
00,1022,4,13A217,19,40494,3,1,0,01,-,1,1,1,29,07/02/1993,1,06,3,2,5,01,4,4,3,2,999999,1, ,8465,0
00,1022,4,13A217,19,40494,3,1,0,03,-,1,3,1,09,29/01/2013,1,02,3,1, , , , , , , ,1, ,8465,0
00,1022,4,13A217,19,40494,3,1,0,02,-,1,2,2,29,11/03/1993,1,04,2,2,5,07, , , , , ,1,1,8465,17189
00,1022,4,13A217,19,40494,2,1,0,04,-,1,3,2,03,31/01/2019, , , , , , , , , , , ,1, ,8465,0
00,1022,4,13A217,19,40494,2,1,0,01,-,1,1,1,43,02/07/1979,1,07,3,2,5,01,1,5,3,2,007500,1,1,8465,17189
00,1022,4,13A217,19,40494,2,1,0,02,-,1,2,2,38,20/08/1984,1,07,2,2,5,01,5,5,3,2,007500,1, ,8465,0
00,1022,4,13A217,19,40494,2,1,0,03,-,1,3,1,06,15/09/2016,2,01,1,1, , , , , , , ,1, ,8465,0
00,1022,1,12B212,19,40500,2,1,0,05,-,1,3,2,28,06/10/1994,1,04,3,2,6,01,7,2,3,1,999999,1, ,7549,0
00,1022,1,12B212,19,40500,2,1,0,02,-,1,2,2,55,01/10/1967,1,03,3,2,5,07, , , , , ,1, ,7549,0
00,1022,1,12B212,19,40500,1,1,0,03,-,1,3,1,12,16/04/2010,1,02,6,1,6,06, , , , , ,1, ,7549,0
00,1022,1,12B212,19,40500,1,1,0,01,-,1,1,1,38,03/05/1984,1,04,2,2,5,01,4,9,2,1,003000,1,1,7549,15349
00,1022,1,12B212,19,40500,1,1,0,04,-,1,3,2,04,19/06/2018, , , , , , , , , , , ,1, ,7549,0
00,1022,1,12B212,19,40500,1,1,0,02,-,1,2,2,40,29/07/1982,1,04,2,2,5,01,4,5,3,1,002000,1, ,7549,0
00,1022,1,12B212,19,40500,4,1,0,02,-,1,2,2,61,04/10/1961,1,06,4,2,1,08, , , , , ,1,1,7549,15349
00,1022,1,12B212,19,40500,4,1,0,01,-,1,1,1,61,06/10/1961,1,02,6,2,1,01,9,9,2,1,999999,1, ,7549,0
00,1022,1,12B212,19,40500,3,1,0,04,-,1,3,1,31,06/10/1991,1,04,3,2,2,01,7,2,3,1,999999,1, ,7549,0
00,1022,1,12B212,19,40500,3,1,0,03,-,1,3,1,33,05/07/1989,1,03,3,2,2,01,7,2,3,1,999999,1, ,7549,0
00,1022,1,12B212,19,40500,3,1,0,02,-,1,2,1,54,06/10/1968,1,03,3,2,5,01,9,2,3,1,002000,1,1,7549,30698
00,1022,1,12B212,19,40500,3,1,0,01,-,1,1,2,49,03/09/1973,1,03,3,2,5,07, , , , , ,1, ,7549,0
00,1022,1,12B212,19,40500,2,1,0,03,-,1,3,2,31,06/10/1991,1,07,3,1,5,06, , , , , ,1,1,7549,38373
00,1022,1,12B212,19,40500,2,1,0,01,-,1,1,1,51,06/10/1971,1,04,3,2,5,01,7,2,3,1,999999,1, ,7549,0
00,1022,1,12B212,19,40500,2,1,0,04,-,1,5,1,98, ,1,07,3,1,5,01,7,2,3,1,999999,1, ,7549,0
00,1022,1,12B212,19,40500,2,1,0,06,-,1,5,2,12,04/10/2010,1,02,6,1,6,06, , , , , ,1, ,7549,0
00,1022,1,11B212,19,40501,2,1,0,05,-,1,3,1,04,10/11/2017, , , , , , , , , , , ,1, ,8367,0
00,1022,1,11B212,19,40501,3,1,0,01,-,1,1,1,48,22/03/1974,1,03,3,2,5,01,5,2,3,1,001800,1, ,8367,0
00,1022,1,11B212,19,40501,4,1,0,03,-,1,3,2,13,13/10/2008,1,03,1,1,6,06, , , , , ,1, ,8367,0
00,1022,1,11B212,19,40501,3,1,0,02,-,1,2,2,46,06/03/1976,1,03,3,2,5,07, , , , , ,1,1,8367,16845
00,1022,1,11B212,19,40501,4,1,0,05,-,1,3,1,07,17/07/2015,1,02,1,1, , , , , , , ,1, ,8367,0
00,1022,1,11B212,19,40501,4,1,0,06,-,1,3,1,05,13/12/2016,1,01,2,1, , , , , , , ,1, ,8367,0
00,1022,1,11B212,19,40501,4,1,0,02,-,1,2,2,33,29/10/1988,1,03,3,2,1,07, , , , , ,1, ,8367,0
00,1022,1,11B212,19,40501,4,1,0,04,-,1,3,2,12,18/08/2010,1,02,6,1,6,06, , , , , ,1, ,8367,0
00,1022,1,11B212,19,40501,1,1,0,02,-,1,3,2,19,10/06/2003,1,04,2,2,6,01,5,5,3,1,999999,1,1,8367,16845
00,1022,1,11B212,19,40501,1,1,0,01,-,1,1,2,49,17/05/1973,1,03,3,2,4,04, , , , , ,1, ,8367,0
00,1022,1,11B212,19,40501,3,1,0,03,-,1,3,2,17,27/05/2005,1,04,2,2,6,07, , , , , ,1, ,8367,0
00,1022,1,11B212,19,40501,3,1,0,04,-,1,3,1,14,30/06/2008,1,03,2,1,6,06, , , , , ,1, ,8367,0
00,1022,1,11B212,19,40501,2,1,0,04,-,1,3,1,11,03/02/2011,1,02,5,1, , , , , , , ,1, ,8367,0
00,1022,1,11B212,19,40501,2,1,0,02,-,1,2,2,28,18/08/1994,1,03,3,2,5,07, , , , , ,1, ,8367,0
00,1022,1,11B212,19,40501,2,1,0,03,-,1,4,2,45,27/03/1977,1,02,6,2,2,01,5,5,3,1,999999,1, ,8367,0
00,1022,1,11B212,19,40501,2,1,0,01,-,1,1,1,30,01/08/1992,1,06,2,2,5,01,7,3,3,1,999999,1,1,8367,25268
00,1022,1,11B212,19,40501,3,1,0,05,-,1,3,1,12,12/10/2010,1,02,6,1,6,06, , , , , ,1, ,8367,0
00,1022,1,11B212,19,40501,4,1,0,01,-,1,1,1,37,21/07/1985,1,03,3,2,1,01,7,3,2,1,003000,1,1,8367,16845
00,1022,1,13B212,19,40502,2,1,0,05,-,1,3,1,07,31/03/2015,2,02,1,1, , , , , , , ,1, ,8958,0
00,1022,1,13B212,19,40502,2,1,0,04,-,1,3,2,18,26/10/2003,1,07,1,1,6,06, , , , , ,1, ,8958,0
00,1022,1,13B212,19,40502,2,1,0,02,-,1,2,2,48,16/09/1974,1,07,5,2,5,01,1,4,3,2,015000,1, ,8958,0
00,1022,1,13B212,19,40502,2,1,0,03,-,1,3,1,21,30/04/2001,1,07,1,1,6,06, , , , , ,1, ,8958,0
00,1022,1,13B212,19,40502,2,1,0,01,-,1,1,1,48,21/10/1973,1,07,5,2,5,01,4,4,3,2,015000,1,1,8958,36382
14,1022,1,12B212,19,40505,4,1,0,02,-,1,2,2,55,11/10/1967,1,04,3,1,5,07, , , , , ,1, ,8358,0
14,1022,1,12B212,19,40505,4,1,0,04,-,1,3,2,33,28/09/1989,1,07,4,2,1,01,3,5,3,1,999999,1, ,8358,0
14,1022,1,12B212,19,40505,4,1,0,01,-,1,1,1,55,11/10/1967,1,03,3,2,5,01,5,6,3,1,999999,1, ,8358,0
14,1022,1,12B212,19,40505,4,1,0,03,-,1,3,2,46,11/10/1976,1,07,4,2,1,01,3,2,3,1,999999,1, ,8358,0
00,1022,1,12B212,19,40505,3,1,0,04,-,1,3,1,00,17/01/2022, , , , , , , , , , , ,1, ,8358,0
00,1022,1,12B212,19,40505,3,1,0,01,-,1,1,2,30,29/05/1992,1,04,3,2,5,01,3,7,3,2,004200,1,1,8358,16993
00,1022,1,12B212,19,40505,3,1,0,03,-,1,3,2,11,31/07/2011,1,02,5,1, , , , , , , ,1, ,8358,0
00,1022,1,12B212,19,40505,3,1,0,02,-,1,2,1,39,08/01/1983,1,03,3,2,5,07, , , , , ,1, ,8358,0
00,1022,1,12B212,19,40505,2,1,0,01,-,1,1,1,44,03/02/1978,1,02,6,2,6,01,9,9,3,1,002000,1,1,8358,8497
00,1022,1,12B212,19,40505,1,1,0,01,-,1,1,1,66,03/10/1956,1,07,5,2,1,01,4,4,2,1,999999,1,1,8358,25489
00,1022,1,12B212,19,40505,1,1,0,03,-,1,3,1,23,10/09/1999,1,07,5,2,6,01,3,5,3,2,999999,1, ,8358,0
14,1022,1,12B212,19,40505,4,1,0,05,-,1,5,1,13,14/05/2009,1,03,1,1,6,06, , , , , ,1, ,8358,0
00,1022,1,12B212,19,40505,1,1,0,02,-,1,2,2,54,29/05/1968,1,04,2,2,1,01,3,5,3,1,999999,1, ,8358,0
00,1022,5,11A206,19,40514,4,1,0,01,-,1,1,2,63,28/03/1959,1,06,3,2,2,01,5,5,2,1,000250,1,1,6560,13208
00,1022,5,11A206,19,40514,1,1,0,02,-,3,3,2,11,26/03/2011,1,02,3,1, , , , , , , ,1, ,6560,0
00,1022,5,11A206,19,40514,1,1,0,01,-,1,1,1,50,12/06/1972,1,04,2,2,3,01,1,4,3,1,002600,1,1,6560,6604
00,1022,5,11A206,19,40514,4,1,0,02,-,1,3,1,26,22/12/1995,1,03,3,2,6,04, , , , , ,1, ,6560,0
00,1022,5,13A206,19,40516,2,1,0,01,-,1,1,2,91,15/05/1931,1,07,3,2,4,10, , , , , ,1,1,10890,11057
00,1022,5,13A206,19,40516,4,1,0,01,-,1,1,2,58,02/10/1964,1,07,2,2,3,07, , , , , ,1, ,10890,0
00,1022,5,13A206,19,40516,4,1,0,04,-,1,3,1,24,13/10/1997,1,07,1,1,6,01,1,5,3,2,999999,1, ,10890,0
00,1022,5,13A206,19,40516,4,1,0,03,-,1,3,1,32,09/05/1990,1,07,5,2,6,01,1,5,3,2,999999,1,1,10890,33172
00,1022,5,13A206,19,40516,4,1,0,02,-,2, , , , , , , , , , , , , , , ,1, ,0,0
00,1022,4,12A217,19,40537,1,1,0,01,-,1,1,2,86,29/06/1936,1,02,6,2,4,07, , , , , ,1,1,7892,8023
00,1022,4,12A217,19,40537,4,1,0,03,-,1,3,1,37,22/08/1985,2,00, ,2,6,09, , , , , ,1, ,7892,0
00,1022,4,12A217,19,40537,2,1,0,01,-,1,1,2,62,23/04/1960,1,02,6,2,5,07, , , , , ,1,1,7892,8023
00,1022,4,12A217,19,40537,4,1,0,02,-,1,2,2,63,09/01/1959,1,03,3,2,5,07, , , , , ,1,1,7892,24069
00,1022,4,12A217,19,40537,4,1,0,01,-,1,1,1,65,18/08/1957,1,07,6,2,5,08, , , , , ,1, ,7892,0
00,1022,4,12A217,19,40541,3,1,0,03,-,1,3,1,07,07/04/2015,1,01,2,1, , , , , , , ,1, ,8660,0
00,1022,4,12A217,19,40541,4,1,0,04,-,1,3,1,17,16/02/2005,1,04,1,2,6,07, , , , , ,1, ,8660,0
00,1022,4,12A217,19,40541,4,1,0,02,-,1,2,2,48,09/02/1974,1,03,3,2,5,07, , , , , ,1,1,8660,26411
00,1022,4,12A217,19,40541,4,1,0,01,-,1,1,1,40,28/09/1982,1,03,3,2,5,01,7,2,3,1,001800,1, ,8660,0
00,1022,4,12A217,19,40541,4,1,0,03,-,1,3,2,18,09/01/2004,1,04,2,2,6,07, , , , , ,1, ,8660,0
00,1022,4,12A217,19,40541,1,1,0,02,-,1,3,1,15,18/10/2006,1,04,1,1,6,06, , , , , ,1, ,8660,0
00,1022,4,12A217,19,40541,1,1,0,01,-,1,1,2,39,27/10/1982,1,03,3,2,2,01,9,9,2,1,001600,1,1,8660,8804
00,1022,4,12A217,19,40541,1,1,0,03,-,1,3,1,11,26/08/2011,1,02,5,1, , , , , , , ,1, ,8660,0
00,1022,4,12A217,19,40541,2,1,0,02,-,1,2,2,24,18/07/1998,1,07,2,2,1,07, , , , , ,1,1,8660,26411
00,1022,4,12A217,19,40541,2,1,0,01,-,1,1,1,35,19/05/1987,1,04,2,2,1,01,9,3,3,1,004000,1, ,8660,0
00,1022,4,12A217,19,40541,2,1,0,03,-,3,6,2,98, ,1,07,5,2,3,01,2,7,3,2,005600,1, ,8660,0
00,1022,4,12A217,19,40541,3,1,0,01,-,1,1,1,28,15/03/1994,1,04,2,2,5,01,7,2,3,1,002000,1, ,8660,0
00,1022,4,12A217,19,40541,3,1,0,02,-,1,2,2,29,15/12/1992,1,04,2,2,5,07, , , , , ,1,1,8660,17607
00,1022,8,12A203,19,40547,1,1,0,01,-,1,1,1,55,17/09/1967,1,04,3,2,3,01,7,2,3,2,006000,1,1,7690,7818
00,1022,8,12A203,19,40547,3,1,0,02,-,1,7,1,02,09/11/2019, , , , , , , , , , , ,1, ,7690,0
00,1022,8,12A203,19,40547,3,1,0,01,-,1,1,2,64,08/05/1958,1,06,2,2,3,08, , , , , ,1,1,7690,7818
00,1022,8,11A203,19,40548,3,1,0,05,-,1,5,1,04,13/06/2018, , , , , , , , , , , ,1, ,6765,0
00,1022,8,11A203,19,40548,2,1,0,01,-,1,1,1,61,27/11/1960,1,02,6,2,5,08, , , , , ,1, ,6765,0
00,1022,8,11A203,19,40548,3,1,0,01,-,1,1,2,61,20/04/1961,1,02,6,2,4,07, , , , , ,1,1,6765,13621
00,1022,8,11A203,19,40548,3,1,0,04,-,1,5,2,05,21/02/2017,1,01,3,1, , , , , , , ,1, ,6765,0
00,1022,8,11A203,19,40548,3,1,0,02,-,1,3,2,34,13/05/1988,1,07,5,2,2,01,5,5,3,2,999999,1, ,6765,0
00,1022,8,11A203,19,40548,3,1,0,03,-,1,5,2,06,16/01/2016,2,01,2,1, , , , , , , ,1, ,6765,0
00,1022,8,11A203,19,40548,2,1,0,03,-,1,3,2,30,23/02/1992,1,04,2,2,6,07, , , , , ,1,1,6765,20431
00,1022,8,11A203,19,40548,4,1,0,01,-,1,1,1,68,24/09/1954,1,02,6,2,3,01,4,4,2,1,001000,1,1,6765,6810
00,1022,8,11A203,19,40548,1,1,1,01,-,1,1,1,43,06/03/1979,1,02,6,2,6,01,7,3,2,1,002000,1,1,6765,6810
00,1022,8,11A203,19,40548,2,1,0,02,-,1,2,2,59,01/08/1963,1,06,3,2,5,07, , , , , ,1, ,6765,0
00,1022,3,11A203,19,40551,3,1,0,03,-,2, , , , , , , , , , , , , , , ,1, ,0,0
00,1022,8,11A203,19,40551,3,1,0,05,-,1,5,1,15,10/06/2007,1,03,1,1,6,06, , , , , ,1, ,6963,0
00,1022,8,11A203,19,40551,2,1,0,01,-,1,1,1,58,15/12/1963,1,03,3,2,5,01,7,3,2,1,999999,1, ,6963,0
00,1022,6,11A203,19,40551,4,1,0,05,-,2, , , , , , , , , , , , , , , ,1, ,0,0
00,1022,6,11A203,19,40551,4,1,0,04,-,2, , , , , , , , , , , , , , , ,1, ,0,0
00,1022,6,11A203,19,40551,4,1,0,03,-,2, , , , , , , , , , , , , , , ,1, ,0,0
00,1022,8,11A203,19,40551,3,1,0,04,-,1,5,1,35,21/02/1987,1,03,3,2,5,01,5,5,3,1,999999,1, ,6963,0
00,1022,8,11A203,19,40551,3,1,0,07,-,1,3,2,29,07/05/1993,1,03,3,2,2,01,7,2,3,1,001800,1, ,6963,0
00,1022,8,11A203,19,40551,3,1,0,08,-,1,5,1,10,02/09/2012,2,02,2,1, , , , , , , ,1, ,6963,0
00,1022,8,11A203,19,40551,3,1,0,01,-,1,1,1,51,04/07/1971,1,02,3,2,1,01,7,5,3,1,002500,1, ,6963,0
00,1022,8,11A203,19,40551,3,1,0,02,-,1,2,2,48,02/01/1974,1,03,3,2,1,07, , , , , ,1, ,6963,0
00,1022,8,11A203,19,40551,3,1,0,11,-,1,3,2,27,25/09/1995,1,03,3,2,1,01,7,2,3,1,002000,1, ,6963,0
00,1022,8,11A203,19,40551,3,1,0,06,-,1,3,1,31,04/06/1991,1,03,3,2,6,01,7,2,3,1,002100,1,1,6963,56077
00,1022,8,11A203,19,40551,3,1,0,10,-,1,5,2,07,26/09/2015,2,01,1,1, , , , , , , ,1, ,6963,0
00,1022,8,11A203,19,40551,3,1,0,09,-,1,3,2,27,23/10/1994,1,03,3,2,6,01,7,5,3,1,001700,1, ,6963,0
00,1022,3,11A203,19,40551,3,1,0,12,-,2, , , , , , , , , , , , , , , ,1, ,0,0
00,1022,8,11A203,19,40551,4,1,0,01,-,1,1,1,32,16/10/1989,1,03,3,2,5,01,5,5,3,1,999999,1,1,6963,14019
00,1022,8,11A203,19,40551,4,1,0,02,-,1,2,2,28,03/02/1994,1,03,3,2,5,07, , , , , ,1, ,6963,0
00,1022,8,11A203,19,40551,1,1,0,01,-,1,1,1,41,11/09/1981,1,04,2,2,5,01,7,2,3,1,002300,1, ,6963,0
00,1022,8,11A203,19,40551,1,1,0,02,-,1,2,2,33,04/06/1989,1,06,1,2,5,01,5,9,3,1,002000,1,1,6963,14019
00,1022,8,11A203,19,40551,1,1,0,03,-,1,3,1,12,22/08/2010,1,02,3,1,6,06, , , , , ,1, ,6963,0
00,1022,6,11A203,19,40551,2,1,0,04,-,2, , , , , , , , , , , , , , , ,1, ,0,0
00,1022,6,11A203,19,40551,2,1,0,05,-,2, , , , , , , , , , , , , , , ,1, ,0,0
00,1022,8,11A203,19,40551,2,1,0,03,-,1,3,1,28,21/04/1994,1,07,1,2,6,01,3,5,3,2,003500,1,1,6963,21029
00,1022,8,11A203,19,40551,3,1,0,13,-,1,4,2,70,25/01/1952,1,02,3,2,4,08, , , , , ,1, ,6963,0
00,1022,8,11A203,19,40551,2,1,0,02,-,1,2,2,58,10/10/1963,1,02,6,2,5,07, , , , , ,1, ,6963,0
00,1022,5,13A206,19,40556,2,1,0,02,-,1,2,2,48,16/05/1974,1,07,5,2,5,07, , , , , ,1,1,6242,12674
00,1022,5,13A206,19,40556,2,1,0,04,-,1,3,2,02,12/02/2020, , , , , , , , , , , ,1, ,6242,0
00,1022,5,13A206,19,40556,2,1,0,01,-,1,1,1,48,09/02/1974,1,07,4,2,5,01,1,2,3,1,004000,1, ,6242,0
00,1022,5,13A206,19,40556,4,1,0,01,-,1,1,1,50,05/12/1971,1,04,3,2,5,01,1,5,3,2,005000,1,1,6242,12674
00,1022,5,13A206,19,40556,4,1,0,04,-,1,3,2,15,29/06/2007,1,03,2,1,6,06, , , , , ,1, ,6242,0
00,1022,5,13A206,19,40556,4,1,0,03,-,1,3,1,20,07/06/2002,1,04,1,1,6,06, , , , , ,1, ,6242,0
00,1022,5,13A206,19,40556,2,1,0,03,-,1,3,1,10,26/11/2011,1,02,4,1, , , , , , , ,1, ,6242,0
00,1022,5,13A206,19,40556,3,1,0,01,-,1,1,1,48,13/08/1974,1,07,4,2,5,08, , , , , ,1, ,6242,0
00,1022,5,13A206,19,40556,3,1,0,03,-,1,3,2,20,19/09/2002,1,07,2,1,6,01,1,2,3,2,002000,1,1,6242,25349
00,1022,5,13A206,19,40556,3,1,0,02,-,1,2,2,36,15/07/1986,1,06,2,2,5,01,2,5,3,2,009000,1, ,6242,0
00,1022,5,13A206,19,40556,3,1,0,05,-,1,3,1,04,17/07/2018, , , , , , , , , , , ,1, ,6242,0
00,1022,5,13A206,19,40556,3,1,0,04,-,1,3,2,19,30/06/2003,1,04,2,1,6,06, , , , , ,1, ,6242,0
00,1022,5,13A206,19,40556,1,1,0,03,-,1,3,2,21,15/07/2001,1,07,2,1,6,06, , , , , ,1,1,6242,19012
00,1022,5,13A206,19,40556,1,1,0,02,-,1,2,2,55,30/06/1967,1,04,2,2,5,07, , , , , ,1, ,6242,0
00,1022,5,13A206,19,40556,1,1,0,01,-,1,1,1,71,13/10/1950,1,06,2,2,5,08, , , , , ,1, ,6242,0
00,1022,3,13A206,19,40556,4,1,0,02,-,2, , , , , , , , , , , , , , , ,1, ,0,0
00,1022,5,11A206,19,40561,2,1,0,02,-,1,3,2,43,09/05/1979,1,03,3,2,6,04, , , , , ,1, ,7401,0
00,1022,5,11A206,19,40561,2,1,0,03,-,1,5,1,20,02/02/2002,1,04,2,2,6,01,7,2,3,1,001500,1, ,7401,0
00,1022,5,11A206,19,40561,2,1,0,01,-,1,1,2,68,20/11/1953,1,02,6,2,4,07, , , , , ,1,1,7401,22352
00,1022,2,11A206,19,40561,3,1,0,02,-,2, , , , , , , , , , , , , , , ,1, ,0,0
00,1022,2,11A206,19,40561,3,1,0,03,-,2, , , , , , , , , , , , , , , ,1, ,0,0
00,1022,5,11A206,19,40561,4,1,0,04,-,1,3,2,03,17/07/2019, , , , , , , , , , , ,1, ,7401,0
00,1022,5,11A206,19,40561,3,1,0,04,-,1,3,1,34,11/12/1987,1,03,3,2,6,01,5,5,3,2,003800,1,1,7401,14901
00,1022,5,11A206,19,40561,4,1,0,05,-,1,3,2,01,13/08/2021, , , , , , , , , , , ,1, ,7401,0
00,1022,5,11A206,19,40561,4,1,0,01,-,1,1,1,29,01/10/1993,1,03,3,2,5,01,5,5,3,1,002500,1,1,7401,14901
00,1022,5,11A206,19,40561,4,1,0,02,-,1,2,2,28,12/09/1994,1,03,3,2,5,07, , , , , ,1, ,7401,0
00,1022,5,11A206,19,40561,4,1,0,03,-,1,3,2,13,12/08/2009,1,02,5,2,6,07, , , , , ,1, ,7401,0
00,1022,5,11A206,19,40561,3,1,0,01,-,1,1,1,59,26/08/1963,1,03,3,2,4,01,7,2,3,1,001800,1, ,7401,0
00,1022,4,11A217,19,40589,1,1,0,04,-,1,3,1,42,21/03/1980,1,03,3,2,3,01,4,4,3,1,999999,1, ,7266,0
00,1022,4,11A217,19,40589,4,1,0,02,-,3,2,1,46,30/03/1976,1,03,2,2,5,01,7,3,2,1,004000,1, ,7266,0
00,1022,4,11A217,19,40589,1,1,0,02,-,1,2,2,65,17/07/1957,1,03,3,2,5,07, , , , , ,1, ,7266,0
00,1022,4,11A217,19,40589,1,1,0,01,-,1,1,1,76,13/09/1946,1,03,3,2,5,01,7,5,2,1,999999,1,1,7266,36575
00,1022,4,11A217,19,40589,1,1,0,03,-,1,3,2,44,01/07/1978,1,04,3,2,6,01,7,2,3,1,999999,1, ,7266,0
00,1022,4,11A217,19,40589,2,1,0,02,-,1,3,1,50,16/09/1972,1,02,6,2,6,01,7,3,2,1,999999,1, ,7266,0
00,1022,4,11A217,19,40589,2,1,0,05,-,1,5,2,47,20/06/1975,1,03,3,2,1,07, , , , , ,1, ,7266,0
00,1022,4,11A217,19,40589,2,1,0,06,-,1,3,2,42,13/02/1980,2,00, ,2,6,01,4,4,2,1,999999,1, ,7266,0
00,1022,4,11A217,19,40589,2,1,0,01,-,1,1,2,86,12/08/1936,1,00, ,2,4,07, , , , , ,1, ,7266,0
00,1022,4,11A217,19,40589,2,1,0,04,-,1,3,1,45,01/07/1977,1,03,3,2,1,01,5,7,3,2,004800,1,1,7266,43889
00,1022,4,11A217,19,40589,2,1,0,07,-,1,5,1,15,02/07/2007,2,00, ,1,6,06, , , , , ,1, ,7266,0
00,1022,4,11A217,19,40589,2,1,0,03,-,1,3,1,41,27/11/1980,1,02,6,2,6,01,7,3,2,1,999999,1, ,7266,0
00,1022,4,11A217,19,40589,3,1,0,03,-,1,3,1,38,15/06/1984,1,04,3,2,3,01,5,5,3,1,999999,1, ,7266,0
00,1022,4,11A217,19,40589,3,1,0,01,-,1,1,2,65,28/02/1957,1,02,4,2,4,07, , , , , ,1,1,7266,29260
00,1022,4,11A217,19,40589,3,1,0,02,-,1,3,1,44,17/05/1978,1,06,3,2,3,01,5,5,3,1,999999,1, ,7266,0
00,1022,4,11A217,19,40589,3,1,0,04,-,3,2,1,65,29/07/1957,1,03,3,2,5,01,5,9,3,1,001400,1, ,7266,0
00,1022,4,11A217,19,40589,4,1,0,01,-,1,1,2,40,20/08/1982,1,06,2,2,6,07, , , , , ,1,1,7266,14630
00,1022,4,11A217,19,40589,1,1,0,05,-,1,3,1,37,29/06/1985,1,04,3,2,6,01,4,5,3,2,999999,1, ,7266,0
00,1022,8,13A203,19,40591,3,1,0,01,-,1,1,1,44,19/06/1978,1,07,5,2,5,01,1,5,3,2,999999,1, ,9943,0
00,1022,8,13A203,19,40591,4,1,0,03,-,1,7,2,39,10/10/1982,1,06,2,2,6,01,4,4,3,1,999999,1, ,9943,0
00,1022,8,13A203,19,40591,4,1,0,01,-,1,1,1,45,03/07/1977,1,07,5,2,5,01,1,5,3,2,999999,1, ,9943,0
00,1022,8,13A203,19,40591,4,1,0,05,-,1,3,2,10,10/12/2011,1,02,4,1, , , , , , , ,1, ,9943,0
00,1022,8,13A203,19,40591,4,1,0,02,-,1,2,2,40,19/01/1982,1,07,5,2,5,07, , , , , ,1,1,9943,30285
00,1022,8,13A203,19,40591,4,1,0,04,-,1,3,1,14,02/11/2007,1,03,2,1,6,06, , , , , ,1, ,9943,0
00,1022,8,13A203,19,40591,1,1,0,02,-,1,8,2,52,22/07/1970,1,07,5,2,6,01,4,4,3,1,999999,1, ,9943,0
00,1022,8,13A203,19,40591,1,1,0,03,-,1,3,2,23,29/10/1998,1,07,5,1,6,06, , , , , ,1, ,9943,0
00,1022,8,13A203,19,40591,1,1,0,01,-,1,1,2,51,14/12/1970,1,07,5,2,2,01,2,7,3,2,999999,1,1,9943,40380
00,1022,8,13A203,19,40591,1,1,0,04,-,1,3,1,20,01/02/2002,1,04,2,1,6,06, , , , , ,1, ,9943,0
00,1022,8,13A203,19,40591,3,1,0,02,-,1,2,2,38,24/07/1984,1,07,5,2,5,01,1,5,3,2,999999,1,1,9943,20190
00,1022,8,13A203,19,40591,2,1,0,02,-,1,2,2,38,12/04/1984,1,07,2,2,5,01,5,5,3,2,006000,1, ,9943,0
00,1022,8,13A203,19,40591,2,1,0,04,-,1,3,1,13,18/03/2009,1,02,6,1,6,06, , , , , ,1, ,9943,0
00,1022,8,13A203,19,40591,2,1,0,01,-,1,1,1,49,17/06/1973,1,08,2,2,5,01,1,5,3,3,070000,1,1,9943,20190
00,1022,8,13A203,19,40591,3,1,0,03,-,1,3,2,10,18/06/2012,1,02,3,1, , , , , , , ,1, ,9943,0
00,1022,8,13A203,19,40591,3,1,0,04,-,1,3,2,07,26/08/2015,1,01,3,1, , , , , , , ,1, ,9943,0
00,1022,8,13A203,19,40591,2,1,0,03,-,1,3,1,14,22/05/2008,1,03,2,1,6,06, , , , , ,1, ,9943,0
00,1022,1,12B212,19,40596,3,1,0,04,-,1,3,1,18,30/06/2004,1,04,3,1,6,01,2,7,3,1,001500,1, ,7499,0
00,1022,1,12B212,19,40596,3,1,0,05,-,1,3,1,15,30/09/2007,1,04,1,1,6,06, , , , , ,1, ,7499,0
00,1022,1,12B212,19,40596,3,1,0,01,-,1,1,1,56,30/06/1966,1,02,6,2,5,01,9,2,3,1,001600,1, ,7499,0
00,1022,1,12B212,19,40596,3,1,0,03,-,1,3,1,23,22/03/1999,1,04,3,2,6,01,7,2,3,1,001800,1,1,7499,30495
00,1022,1,12B212,19,40596,4,1,0,01,-,1,1,1,36,07/10/1986,1,07,4,2,1,01,2,2,3,2,010000,1, ,7499,0
00,1022,1,12B212,19,40596,4,1,0,04,-,1,3,2,00,03/06/2022, , , , , , , , , , , ,1, ,7499,0
00,1022,1,12B212,19,40596,2,1,0,02,-,1,2,2,51,01/10/1971,1,07,5,2,5,01,3,4,3,1,999999,1, ,7499,0
00,1022,1,12B212,19,40596,4,1,0,02,-,1,2,2,35,29/05/1987,1,07,5,2,1,01,3,5,3,2,007000,1,1,7499,15248
00,1022,1,12B212,19,40596,3,1,0,02,-,1,2,2,52,30/06/1970,1,04,3,2,5,01,2,7,3,2,005000,1, ,7499,0
00,1022,1,12B212,19,40596,1,1,0,01,-,1,1,1,26,25/05/1996,1,03,3,2,6,01,7,2,3,1,001700,1,1,7499,7624
00,1022,1,12B212,19,40596,2,1,0,03,-,1,3,2,24,06/10/1998,1,04,3,2,6,01,3,2,3,2,999999,1, ,7499,0
00,1022,1,12B212,19,40596,2,1,0,01,-,1,1,1,51,06/10/1971,1,04,3,2,5,01,3,5,3,2,006500,1,1,7499,30495
00,1022,1,12B212,19,40596,2,1,0,04,-,1,3,2,23,02/05/1999,1,07,5,2,6,01,3,5,3,2,999999,1, ,7499,0
00,1022,1,12B212,19,40596,4,1,0,03,-,1,3,1,04,15/09/2018, , , , , , , , , , , ,1, ,7499,0
00,1022,8,13A203,19,40597,2,1,0,05,-,1,7,1,23,28/08/1999,1,04,3,1,6,06, , , , , ,1, ,10877,0
00,1022,8,13A203,19,40597,4,1,0,01,-,1,1,2,51,01/11/1970,1,06,2,2,4,07, , , , , ,1,1,10877,44173
00,1022,8,13A203,19,40597,2,1,0,02,-,1,2,2,47,23/02/1975,1,03,3,2,5,07, , , , , ,1,1,10877,44173
00,1022,8,13A203,19,40597,2,1,0,04,-,1,3,2,08,11/10/2013,1,02,2,1, , , , , , , ,1, ,10877,0
00,1022,8,13A203,19,40597,2,1,0,03,-,1,3,2,23,22/01/1999,1,04,1,1,6,07, , , , , ,1, ,10877,0
00,1022,8,13A203,19,40597,4,1,0,04,-,1,4,2,81,16/06/1941,1,02,2,2,4,07, , , , , ,1, ,10877,0
00,1022,8,13A203,19,40597,4,1,0,05,-,1,3,1,23,17/08/1999,1,04,1,1,6,06, , , , , ,1, ,10877,0
00,1022,8,13A203,19,40597,4,1,0,02,-,1,3,2,18,15/06/2004,1,07,1,1,6,06, , , , , ,1, ,10877,0
00,1022,8,13A203,19,40597,3,1,0,04,-,1,3,2,02,10/06/2020, , , , , , , , , , , ,1, ,10877,0
00,1022,8,13A203,19,40597,3,1,0,03,-,1,3,1,08,10/06/2014,1,02,1,1, , , , , , , ,1, ,10877,0
00,1022,8,13A203,19,40597,3,1,0,02,-,1,3,2,14,16/07/2008,1,03,1,1,6,06, , , , , ,1, ,10877,0
00,1022,8,13A203,19,40597,3,1,0,01,-,1,1,2,34,26/11/1987,1,03,3,2,3,01,4,4,3,1,001000,1,1,10877,11043
00,1022,8,13A203,19,40597,2,1,0,01,-,1,1,1,52,12/01/1970,1,02,6,2,5,01,5,5,3,2,006000,1, ,10877,0
00,1022,3,13A203,19,40597,4,1,0,03,-,2, , , , , , , , , , , , , , , ,1, ,0,0
00,1022,8,13A203,19,40597,1,1,0,03,-,1,3,1,11,16/05/2011,1,02,4,1, , , , , , , ,1, ,10877,0
00,1022,8,13A203,19,40597,1,1,0,01,-,1,1,1,48,29/09/1974,1,04,2,2,5,01,5,5,3,1,999999,1, ,10877,0
00,1022,8,13A203,19,40597,1,1,0,02,-,1,2,2,31,04/04/1991,1,04,2,2,5,07, , , , , ,1,1,10877,22086
00,1022,8,13A203,19,40597,1,1,0,04,-,1,3,2,08,24/09/2014,1,02,1,1, , , , , , , ,1, ,10877,0
00,1022,1,11B212,19,40598,3,1,0,03,-,1,3,1,15,25/04/2007,1,03,3,1,6,06, , , , , ,1, ,8323,0
00,1022,1,11B212,19,40598,3,1,0,05,-,1,7,1,49,15/09/1973,1,02,5,2,6,02,4,4,6,5, ,1, ,8323,0
00,1022,1,11B212,19,40598,3,1,0,02,-,1,2,2,37,25/04/1985,1,02,6,2,5,01,4,4,2,1,999999,1,1,8323,25137
00,1022,1,11B212,19,40598,2,1,0,01,-,1,1,2,55,22/03/1967,1,03,3,2,3,01,5,9,2,1,000900,1,1,8323,8379
00,1022,1,11B212,19,40598,4,1,0,01,-,1,1,2,31,03/04/1991,1,06,3,2,1,01,5,5,2,1,999999,1,1,8323,8379
00,1022,1,11B212,19,40598,3,1,0,01,-,1,1,1,49,15/06/1973,1,02,6,2,5,01,7,2,3,1,002600,1, ,8323,0
00,1022,1,11B212,19,40598,4,1,0,03,-,1,3,1,12,11/12/2009,1,02,6,1,6,06, , , , , ,1, ,8323,0
00,1022,1,11B212,19,40598,4,1,0,02,-,1,3,1,07,04/11/2014,1,02,2,1, , , , , , , ,1, ,8323,0
00,1022,1,11B212,19,40598,3,1,0,04,-,1,3,1,05,28/08/2017,2,01,1,1, , , , , , , ,1, ,8323,0
00,1022,8,13A203,19,40600,1,1,0,01,-,1,1,1,56,26/10/1965,1,06,3,2,5,01,1,5,3,1,999999,1, ,10702,0
00,1022,8,13A203,19,40600,1,1,0,03,-,1,3,2,31,21/01/1991,1,04,2,2,6,01,5,5,3,1,000900,1,1,10702,32599
00,1022,8,13A203,19,40600,1,1,0,02,-,1,2,2,53,01/09/1969,1,04,2,2,5,07, , , , , ,1, ,10702,0
00,1022,8,13A203,19,40600,2,1,0,02,-,1,2,2,65,16/10/1956,1,02,6,2,5,07, , , , , ,1, ,10702,0
00,1022,8,13A203,19,40600,2,1,0,01,-,1,1,1,66,10/10/1955,1,02,6,2,5,08, , , , , ,1,1,10702,21733
00,1022,6,13A203,19,40600,3,1,0,02,-,2, , , , , , , , , , , , , , , ,1, ,0,0
00,1022,6,13A203,19,40600,4,1,0,01,-,2, , , , , , , , , , , , , , , ,1, ,0,0
00,1022,6,13A203,19,40600,3,1,0,04,-,2, , , , , , , , , , , , , , , ,1, ,0,0
00,1022,8,13A203,19,40600,3,1,0,01,-,1,1,1,28,17/11/1993,1,08,1,2,5,01,4,4,3,1,025000,1,1,10702,21733
00,1022,8,13A203,19,40600,3,1,0,05,-,1,2,2,25,08/06/1997,1,07,3,2,1,01,4,4,3,1,020000,1, ,10702,0
00,1022,8,13A203,19,40600,4,1,0,02,-,1,2,2,23,13/03/1999,1,06,2,2,1,01,4,4,3,1,001300,1,1,10702,10866
00,1022,8,13A203,19,40600,4,1,0,03,-,1,3,1,04,24/03/2018, , , , , , , , , , , ,1, ,10702,0
00,1022,6,13A203,19,40600,3,1,0,03,-,2, , , , , , , , , , , , , , , ,1, ,0,0
00,1022,2,12A204,20,40131,2,1,0,03,-,2, , , , , , , , , , , , , , , ,1, ,0,0
00,1022,7,12A204,20,40131,3,1,0,01,-,1,1,2,40,20/12/1981,1,07,5,2,6,01,3,7,3,2,005000,1,1,7046,7163
00,1022,7,12A204,20,40131,1,1,0,02,-,1,3,1,43,11/12/1978,1,07,5,2,6,07, , , , , ,1,1,7046,14326
00,1022,7,12A204,20,40131,1,1,0,01,-,1,1,2,72,28/04/1950,1,02,4,2,4,10, , , , , ,1, ,7046,0
00,1022,7,12A204,20,40131,4,1,0,02,-,1,3,1,34,01/04/1988,1,07,4,2,6,01,5,5,5,1,999999,1, ,7046,0
00,1022,7,12A204,20,40131,4,1,0,01,-,1,1,2,62,20/03/1960,1,03,2,2,5,01,4,4,2,1,000200,1,1,7046,14326
00,1022,7,12A204,20,40131,2,1,0,01,-,1,1,1,73,02/12/1948,1,07,5,2,5,08, , , , , ,1, ,7046,0
00,1022,7,12A204,20,40131,2,1,0,02,-,1,2,2,79,27/02/1943,1,05,3,2,5,08, , , , , ,1,1,7046,14326
00,1022,3,11A218,20,40162,1,1,0,01,-,1,1,1,84,15/02/1938,2,02,2,2,5,10, , , , , ,1, ,4624,0
00,1022,3,11A218,20,40162,4,1,0,01,-,1,1,2,68,14/03/1954,1,00, ,2,6,07, , , , , ,1, ,4624,0
00,1022,3,11A218,20,40162,4,1,0,02,-,1,3,2,36,05/05/1986,1,04,3,2,6,01,4,4,3,1,999999,1,1,4624,9310
00,1022,3,11A218,20,40162,4,1,0,03,-,1,6,2,12,04/01/2010,1,02,5,1,6,06, , , , , ,1, ,4624,0
00,1022,3,11A218,20,40162,4,1,0,04,-,1,5,2,12,04/01/2010,1,02,5,1,6,06, , , , , ,1, ,4624,0
00,1022,3,11A218,20,40162,2,1,0,02,-,1,3,2,16,16/09/2006,1,04,1,1,6,06, , , , , ,1, ,4624,0
00,1022,3,11A218,20,40162,1,1,0,04,-,1,5,1,18,16/08/2004,1,04,2,1,6,06, , , , , ,1, ,4624,0
00,1022,3,11A218,20,40162,1,1,0,02,-,1,2,2,79,04/04/1943,1,02,2,2,5,10, , , , , ,1,1,4624,18619
00,1022,3,11A218,20,40162,2,1,0,01,-,1,1,2,33,09/09/1989,1,03,2,2,6,04, , , , , ,1,1,4624,4655
00,1022,3,11A218,20,40162,2,1,0,03,-,1,3,2,14,03/08/2008,1,03,2,1,6,06, , , , , ,1, ,4624,0
00,1022,3,11A218,20,40162,3,1,0,01,-,1,1,1,36,15/12/1985,1,07,4,2,6,01,2,4,3,2,007000,1,1,4624,4655
00,1022,3,11A218,20,40162,1,1,0,03,-,1,3,2,51,04/11/1970,2,03,3,2,5,07, , , , , ,1, ,4624,0
00,1022,1,12B212,20,40194,1,1,0,01,-,1,1,2,54,08/03/1968,1,07,5,2,5,01,1,5,3,2,006000,1, ,7750,0
00,1022,1,12B212,20,40194,3,1,0,01,-,1,1,1,44,27/04/1978,1,07,5,2,5,01,1,5,3,2,010000,1,1,7750,23638
00,1022,1,12B212,20,40194,3,1,0,04,-,1,3,2,08,28/01/2014,1,02,2,1, , , , , , , ,1, ,7750,0
00,1022,1,12B212,20,40194,2,1,0,01,-,1,1,2,77,10/02/1945,1,05,4,2,4,08, , , , , ,1,1,7750,7879
00,1022,1,12B212,20,40194,4,1,0,02,-,1,2,2,48,22/12/1973,1,08,2,1,5,04, , , , , ,1, ,7750,0
00,1022,1,12B212,20,40194,4,1,0,03,-,1,3,2,16,24/05/2006,1,04,1,1,6,06, , , , , ,1, ,7750,0
00,1022,1,12B212,20,40194,4,1,0,04,-,1,3,1,14,25/02/2008,1,03,2,1,6,06, , , , , ,1, ,7750,0
00,1022,1,12B212,20,40194,4,1,0,01,-,1,1,1,45,02/04/1977,1,07,4,1,5,01,1,5,2,3,025000,1,1,7750,15758
00,1022,1,12B212,20,40194,1,1,0,02,-,1,3,1,27,11/09/1995,1,07,4,1,6,06, , , , , ,1,1,7750,15758
00,1022,1,12B212,20,40194,3,1,0,03,-,1,3,1,19,02/03/2003,1,04,3,1,6,06, , , , , ,1, ,7750,0
00,1022,1,12B212,20,40194,3,1,0,02,-,1,2,2,44,20/01/1978,1,07,5,2,5,07, , , , , ,1, ,7750,0
00,1022,2,11B211,20,40256,1,1,0,03,-,1,9,2,72,09/07/1950,1,02,6,2,6,07, , , , , ,1, ,8282,0
00,1022,2,11B211,20,40256,1,1,0,02,-,1,2,2,85,17/06/1937,1,08,2,2,5,08, , , , , ,1, ,8282,0
00,1022,2,11B211,20,40256,2,1,0,04,-,1,3,2,10,08/01/2012,1,02,4,1, , , , , , , ,1, ,8282,0
00,1022,2,11B211,20,40256,2,1,0,03,-,1,3,2,20,20/08/2002,1,07,1,1,6,06, , , , , ,1,1,8282,25013
00,1022,2,11B211,20,40256,2,1,0,01,-,1,1,1,44,03/07/1978,1,07,6,2,5,01,1,5,3,2,999999,1, ,8282,0
00,1022,2,11B211,20,40256,3,1,0,03,-,1,3,1,99, , , , , , , , , , , , ,1, ,8282,0
00,1022,2,11B211,20,40256,3,1,0,01,-,1,1,1,98, ,1,04,3,2,5,01,4,4,2,1,999999,1, ,8282,0
00,1022,2,11B211,20,40256,3,1,0,04,-,1,3,1,99, , , , , , , , , , , , ,1, ,8282,0
00,1022,2,11B211,20,40256,1,1,0,04,-,1,3,2,36,29/10/1985,1,08,2,1,6,01,3,5,3,3,012000,1,1,8282,33351
00,1022,2,11B211,20,40256,4,1,0,02,-,1,2,1,67,07/05/1955,1,04,3,2,5,01,6,1,2,3,999999,1, ,8282,0
00,1022,2,11B211,20,40256,4,1,0,01,-,1,1,2,61,22/05/1961,1,02,6,2,5,07, , , , , ,1,1,8282,16675
00,1022,2,11B211,20,40256,3,1,0,07,-,3,3,1,00,23/10/2022, , , , , , , , , , , ,1, ,8282,0
00,1022,2,11B211,20,40256,3,1,0,02,-,1,2,2,30,11/09/1992,1,03,3,2,5,01,4,4,2,1,999999,1,1,8282,16675
00,1022,2,11B211,20,40256,3,1,0,05,-,1,3,2,99, , , , , , , , , , , , ,1, ,8282,0
00,1022,2,11B211,20,40256,3,1,0,06,-,1,3,2,99, , , , , , , , , , , , ,1, ,8282,0
00,1022,2,11B211,20,40256,1,1,0,01,-,1,1,1,79,25/03/1943,1,06,3,2,5,08, , , , , ,1, ,8282,0
00,1022,2,11B211,20,40256,2,1,0,02,-,1,2,2,43,17/09/1979,1,07,6,2,5,01,1,5,3,2,999999,1, ,8282,0
00,1022,6,11A205,20,40262,1,1,0,02,-,1,2,2,50,28/11/1971,1,03,3,2,5,07, , , , , ,1,1,11330,34217
00,1022,6,11A205,20,40262,1,1,0,01,-,1,1,1,56,07/12/1965,1,02,6,2,5,01,1,3,3,1,002000,1, ,11330,0
00,1022,6,11A205,20,40262,2,1,0,06,-,1,5,1,06,25/12/2015,2,01,3,1, , , , , , , ,1, ,11330,0
00,1022,6,11A205,20,40262,2,1,0,02,-,1,3,1,28,19/07/1994,1,03,3,2,1,01,7,2,2,1,002500,1, ,11330,0
00,1022,6,11A205,20,40262,2,1,0,07,-,1,5,1,03,04/03/2019, , , , , , , , , , , ,1, ,11330,0
00,1022,6,11A205,20,40262,2,1,0,03,-,1,5,2,31,18/10/1990,1,04,3,2,1,01,4,4,3,1,001200,1,1,11330,22811
00,1022,3,11A205,20,40262,2,1,0,05,-,2, , , , , , , , , , , , , , , ,1, ,0,0
00,1022,3,11A205,20,40262,2,1,0,04,-,2, , , , , , , , , , , , , , , ,1, ,0,0
00,1022,3,11A205,20,40262,2,1,0,01,-,2, , , , , , , , , , , , , , , ,1, ,0,0
00,1022,6,11A205,20,40262,1,1,0,03,-,1,3,2,20,17/10/2001,1,04,3,1,6,06, , , , , ,1, ,11330,0
00,1022,6,11A205,20,40262,1,1,0,04,-,1,3,1,14,19/05/2008,1,03,1,1,6,06, , , , , ,1, ,11330,0
00,1022,6,11A205,20,40262,4,1,0,02,-,1,3,1,36,08/03/1986,1,04,3,2,6,01,4,4,2,1,001000,1, ,11330,0
00,1022,6,11A205,20,40262,4,1,0,01,-,1,1,2,73,31/01/1949,1,02,6,2,6,10, , , , , ,1,1,11330,22811
00,1022,6,11A205,20,40264,4,1,0,03,-,1,3,1,12,19/10/2009,1,02,6,1,6,06, , , , , ,1, ,11242,0
00,1022,6,11A205,20,40264,3,1,0,02,-,1,2,2,32,04/04/1990,1,03,3,2,5,01,5,5,2,1,001200,1,1,11242,22634
00,1022,6,11A205,20,40264,4,1,0,04,-,1,3,1,09,06/10/2013,1,02,2,1, , , , , , , ,1, ,11242,0
00,1022,6,11A205,20,40264,3,1,0,05,-,2, , , , , , , , , , , , , , , ,1, ,0,0
00,1022,6,11A205,20,40264,4,1,0,02,-,1,2,2,38,14/12/1983,1,06,3,2,5,01,3,2,3,2,003000,1, ,11242,0
00,1022,6,11A205,20,40264,4,1,0,01,-,1,1,1,39,13/05/1983,1,08,3,2,5,01,5,5,3,2,006000,1,1,11242,22634
00,1022,6,11A205,20,40264,2,1,0,01,-,1,1,1,47,07/06/1975,1,03,3,2,5,01,3,5,5,1,999999,1, ,11242,0
00,1022,6,11A205,20,40264,2,1,0,05,-,1,4,1,86,31/12/1935,2,00, ,2,4,10, , , , , ,1,1,11242,33951
00,1022,6,11A205,20,40264,2,1,0,02,-,1,2,2,40,19/02/1982,1,03,3,2,5,01,5,5,2,1,999999,1, ,11242,0
00,1022,6,11A205,20,40264,1,1,0,03,-,1,3,1,11,11/04/2011,1,02,4,1, , , , , , , ,1, ,11242,0
00,1022,6,11A205,20,40264,1,1,0,01,-,1,1,1,42,19/06/1980,1,07,5,2,5,01,3,7,3,2,008000,1,1,11242,22634
00,1022,6,11A205,20,40264,3,1,0,01,-,1,1,1,37,27/02/1985,1,04,3,2,5,01,3,7,3,1,001200,1, ,11242,0
00,1022,6,11A205,20,40264,3,1,0,03,-,1,3,1,14,27/03/2008,1,03,1,1,6,06, , , , , ,1, ,11242,0
00,1022,6,11A205,20,40264,3,1,0,04,-,1,3,1,12,07/11/2009,1,02,6,1,6,06, , , , , ,1, ,11242,0
00,1022,6,11A205,20,40264,2,1,0,03,-,1,3,2,11,25/01/2011,1,02,4,1, , , , , , , ,1, ,11242,0
00,1022,6,11A205,20,40264,2,1,0,04,-,1,3,2,07,02/02/2015,1,01,3,1, , , , , , , ,1, ,11242,0
00,1022,6,11A205,20,40264,1,1,0,02,-,1,2,2,42,11/04/1980,1,07,5,2,5,01,3,7,3,2,008000,1, ,11242,0
00,1022,6,11A205,20,40264,1,1,0,04,-,1,3,2,13,11/06/2009,1,03,1,1,6,06, , , , , ,1, ,11242,0
00,1022,2,12B211,20,40291,4,1,0,03,-,1,3,1,16,19/09/2006,1,04,1,1,6,06, , , , , ,1, ,7404,0
00,1022,2,12B211,20,40291,4,1,0,01,-,1,1,2,42,02/10/1980,1,04,3,2,6,01,5,5,2,1,999999,1, ,7404,0
00,1022,2,12B211,20,40291,4,1,0,02,-,1,3,1,20,06/08/2002,1,04,1,1,6,01,5,5,3,1,001000,1,1,7404,15054
00,1022,2,12B211,20,40291,3,1,0,02,-,1,3,1,21,31/03/2001,1,07,1,1,6,06, , , , , ,1, ,7404,0
00,1022,2,12B211,20,40291,1,1,0,01,-,1,1,2,72,25/03/1950,1,07,5,2,6,08, , , , , ,1,1,7404,15054
00,1022,2,12B211,20,40291,4,1,0,04,-,1,3,1,08,17/12/2013,1,02,2,1, , , , , , , ,1, ,7404,0
00,1022,2,12B211,20,40291,2,1,0,01,-,1,1,2,81,21/01/1941,1,06,2,2,6,07, , , , , ,1,1,7404,7527
00,1022,2,12B211,20,40291,1,1,0,02,-,3,3,1,40,08/01/1982,1,07,5,2,6,01,1,5,3,2,999999,1, ,7404,0
00,1022,2,12B211,20,40291,3,1,0,01,-,1,1,1,56,13/08/1966,1,06,2,2,6,01,5,5,2,1,001000,1,1,7404,15054
00,1022,5,11A206,20,40325,3,1,0,02,-,1,2,2,54,03/10/1968,1,03,3,2,5,07, , , , , ,1, ,7710,0
00,1022,5,11A206,20,40325,1,1,0,01,-,1,1,1,64,07/11/1957,1,02,6,2,5,01,7,3,3,1,999999,1, ,7710,0
00,1022,5,11A206,20,40325,1,1,0,02,-,1,2,2,59,23/07/1963,1,02,2,2,5,01,4,4,2,1,999999,1,1,7710,15522
00,1022,5,11A206,20,40325,2,1,0,02,-,1,2,2,98, ,1,07,4,2,5,01,1,5,3,2,003500,1, ,7710,0
00,1022,5,11A206,20,40325,2,1,0,03,-,1,3,2,99, , , , , , , , , , , , ,1, ,7710,0
00,1022,5,11A206,20,40325,2,1,0,01,-,1,1,1,40,29/07/1982,1,07,4,2,5,01,1,5,3,2,004000,1,1,7710,15522
00,1022,5,11A206,20,40325,2,1,0,04,-,1,3,1,99, , , , , , , , , , , , ,1, ,7710,0
00,1022,5,11A206,20,40325,3,1,0,03,-,1,3,2,22,11/05/2000,1,07,2,1,6,06, , , , , ,1, ,7710,0
00,1022,5,11A206,20,40325,3,1,0,01,-,1,1,1,60,07/10/1962,1,07,5,2,5,01,3,7,3,2,012000,1,1,7710,23284
00,1022,5,11A206,20,40325,4,1,0,01,-,1,1,2,60,29/09/1962,1,03,3,2,6,01,5,5,3,2,002500,1,1,7710,15522
00,1022,5,11A206,20,40325,4,1,0,02,-,1,3,1,35,30/06/1987,1,06,3,2,6,01,5,5,3,2,002500,1, ,7710,0
00,1022,5,11A206,20,40327,2,1,0,02,-,1,2,1,42,14/12/1979,1,03,3,2,5,01,3,6,3,3,007500,1,1,11270,45384
00,1022,5,11A206,20,40327,3,1,0,01,-,1,1,2,55,30/01/1967,1,99, ,2,6,01,4,4,2,1,001500,1, ,11270,0
00,1022,5,11A206,20,40327,2,1,0,04,-,1,3,2,17,15/08/2005,1,03,3,1,6,06, , , , , ,1, ,11270,0
00,1022,5,11A206,20,40327,2,1,0,03,-,1,3,2,19,23/08/2003,1,04,2,1,6,01,4,4,3,1,001000,1, ,11270,0
00,1022,5,11A206,20,40327,2,1,0,05,-,1,3,1,20,04/03/2002,1,03,3,2,6,01,7,3,3,1,003000,1, ,11270,0
00,1022,5,11A206,20,40327,4,1,0,01,-,1,1,2,42,20/10/1979,1,02,5,2,1,07, , , , , ,1,1,11270,22692
00,1022,4,11A206,20,40327,4,1,0,02,-,2, , , , , , , , , , , , , , , ,1, ,0,0
00,1022,5,11A206,20,40327,4,1,0,03,-,1,2,1,42,01/10/1980,1,02,6,2,1,01,7,3,3,1,001500,1, ,11270,0
00,1022,5,11A206,20,40327,4,1,0,04,-,1,3,1,14,13/10/2007,1,02,2,2,6,01,4,4,3,1,001000,1, ,11270,0
00,1022,5,11A206,20,40327,1,1,0,02,-,1,2,2,46,27/06/1976,1,03,2,2,1,01,5,5,3,1,001250,1,1,11270,45384
00,1022,5,11A206,20,40327,1,1,0,01,-,1,1,1,56,01/10/1966,1,02,3,2,1,01,5,5,3,2,003000,1, ,11270,0
00,1022,5,11A206,20,40327,1,1,0,04,-,1,3,1,18,28/02/2004,1,03,3,2,6,01,5,5,5,1,001500,1, ,11270,0
00,1022,5,11A206,20,40327,1,1,0,06,-,1,3,2,14,29/01/2008,1,03,1,1,6,06, , , , , ,1, ,11270,0
00,1022,5,11A206,20,40327,1,1,0,05,-,1,3,2,16,04/01/2006,1,03,3,1,6,06, , , , , ,1, ,11270,0
00,1022,5,11A206,20,40327,1,1,0,03,-,1,3,1,24,27/02/1998,1,02,6,2,6,01,7,2,3,1,002200,1, ,11270,0
00,1022,5,11A206,20,40327,3,1,0,05,-,1,3,1,21,25/11/2000,1,07,1,1,6,01,5,5,3,1,001500,1,1,11270,45384
00,1022,5,11A206,20,40327,3,1,0,04,-,1,5,2,10,28/10/2011,1,02,4,1, , , , , , , ,1, ,11270,0
00,1022,5,11A206,20,40327,3,1,0,03,-,1,3,2,26,19/12/1995,1,07,1,1,6,01,4,4,2,1,001500,1, ,11270,0
00,1022,5,11A206,20,40327,3,1,0,02,-,1,4,2,98, ,2,00, ,2,4,10, , , , , ,1, ,11270,0
00,1022,5,11A206,20,40327,2,1,0,01,-,1,1,2,40,09/10/1982,1,03,3,2,5,01,5,5,3,1,000450,1, ,11270,0
00,1022,8,11A203,20,40385,1,1,0,01,-,1,1,1,26,02/10/1996,1,04,3,2,1,01,5,5,3,1,000600,1, ,10691,0
00,1022,8,11A203,20,40385,4,1,0,01,-,1,1,2,56,04/05/1966,1,06,3,2,4,01,3,5,3,2,005200,1,1,10691,21524
00,1022,8,11A203,20,40385,4,1,0,02,-,1,3,1,31,08/12/1990,1,07,5,2,6,01,3,5,3,2,999999,1, ,10691,0
00,1022,8,11A203,20,40385,3,1,0,02,-,1,2,2,34,28/11/1987,1,04,3,2,5,01,3,7,3,2,006000,1,1,10691,21524
00,1022,8,11A203,20,40385,3,1,0,01,-,1,1,1,46,02/09/1976,1,07,5,2,5,01,3,7,3,2,006000,1, ,10691,0
00,1022,8,11A203,20,40385,3,1,0,03,-,1,3,1,12,18/08/2010,1,02,5,1,6,06, , , , , ,1, ,10691,0
00,1022,8,11A203,20,40385,3,1,0,04,-,1,3,1,09,20/11/2012,1,02,2,1, , , , , , , ,1, ,10691,0
00,1022,8,11A203,20,40385,2,1,0,02,-,1,2,2,36,23/12/1985,1,07,5,2,5,07, , , , , ,1,1,10691,21524
00,1022,8,11A203,20,40385,2,1,0,04,-,1,3,2,11,31/01/2011,1,02,4,1, , , , , , , ,1, ,10691,0
00,1022,8,11A203,20,40385,2,1,0,03,-,1,3,1,14,27/12/2007,1,03,1,1,6,06, , , , , ,1, ,10691,0
00,1022,8,11A203,20,40385,2,1,0,01,-,1,1,1,42,15/11/1979,1,07,5,2,5,01,4,4,5,2,999999,1, ,10691,0
00,1022,8,11A203,20,40385,1,1,0,02,-,1,2,2,25,27/03/1997,1,07,2,2,1,01,4,4,5,3,008000,1,1,10691,21524
00,1022,8,11A203,20,40385,1,1,0,04,-,1,3,2,02,27/07/2020, , , , , , , , , , , ,1, ,10691,0
00,1022,8,11A203,20,40385,1,1,0,03,-,1,3,2,07,02/10/2015,2,01,3,1, , , , , , , ,1, ,10691,0
00,1022,2,12A217,20,40408,2,1,0,02,-,2, , , , , , , , , , , , , , , ,1, ,0,0
00,1022,4,12A217,20,40408,2,1,0,01,-,1,1,1,98, ,1,02,6,2,5,01,3,7,3,2,999999,1, ,6836,0
00,1022,4,12A217,20,40408,2,1,0,03,-,1,3,1,31,30/04/1991,2,04,3,2,6,01,3,7,3,2,999999,1,1,6836,20849
00,1022,4,12A217,20,40408,2,1,0,04,-,1,2,2,98, ,1,02,6,2,5,08, , , , , ,1, ,6836,0
00,1022,4,12A217,20,40408,3,1,0,04,-,1,3,2,99, , , , , , , , , , , , ,1, ,6836,0
00,1022,4,12A217,20,40408,3,1,0,02,-,1,2,2,98, ,1,07,5,2,5,01,4,4,2,3,999999,1, ,6836,0
00,1022,4,12A217,20,40408,3,1,0,01,-,1,1,1,33,14/05/1989,1,07,5,2,5,01,4,4,2,3,999999,1,1,6836,13898
00,1022,4,12A217,20,40408,1,1,0,01,-,1,1,1,55,17/02/1967,1,07,2,2,2,01,7,2,3,1,002000,1,1,6836,6949
00,1022,4,12A217,20,40408,3,1,0,03,-,1,3,2,99, , , , , , , , , , , , ,1, ,6836,0
00,1022,4,12A217,20,40408,4,1,0,01,-,1,1,2,66,28/03/1956,1,05,4,2,4,08, , , , , ,1,1,6836,6949
00,1022,1,11B212,20,40415,1,1,0,03,-,1,3,2,12,05/07/2010,1,02,6,1,6,06, , , , , ,1, ,7888,0
00,1022,1,11B212,20,40415,1,1,0,04,-,1,3,2,03,14/02/2019, , , , , , , , , , , ,1, ,7888,0
00,1022,1,11B212,20,40415,1,1,0,01,-,1,1,2,43,07/05/1979,1,02,6,2,6,07, , , , , ,1,1,7888,15881
00,1022,1,11B212,20,40415,3,1,0,05,-,1,3,2,06,19/11/2015,1,02,1,1, , , , , , , ,1, ,7888,0
00,1022,1,11B212,20,40415,3,1,0,02,-,1,2,1,55,02/09/1967,1,07,5,2,1,01,4,4,2,1,002500,1,1,7888,23821
00,1022,1,11B212,20,40415,3,1,0,03,-,1,3,2,98, ,1,04,2,1,6,02,4,4,6,5, ,1, ,7888,0
00,1022,1,11B212,20,40415,3,1,0,04,-,1,3,1,15,26/08/2007,2,00, ,2,6,10, , , , , ,1, ,7888,0
00,1022,1,11B212,20,40415,1,1,0,02,-,1,3,1,23,20/07/1999,1,04,3,2,6,01,3,6,3,1,001800,1, ,7888,0
00,1022,1,11B212,20,40415,4,1,0,03,-,1,3,2,08,06/06/2014,1,02,2,1, , , , , , , ,1, ,7888,0
00,1022,1,11B212,20,40415,2,1,0,05,-,1,3,2,00,09/06/2022, , , , , , , , , , , ,1, ,7888,0
00,1022,1,11B212,20,40415,2,1,0,01,-,1,1,1,26,30/03/1996,1,07,5,2,5,01,1,5,2,2,004250,1, ,7888,0
00,1022,1,11B212,20,40415,2,1,0,02,-,1,2,2,29,08/11/1992,1,07,5,2,5,01,1,5,3,2,004500,1,1,7888,31761
00,1022,1,11B212,20,40415,2,1,0,03,-,1,4,2,46,29/08/1976,1,03,3,2,5,01,5,5,3,1,999999,1, ,7888,0
00,1022,1,11B212,20,40415,2,1,0,04,-,1,6,2,20,03/10/2002,1,07,1,1,6,06, , , , , ,1, ,7888,0
00,1022,1,11B212,20,40415,4,1,0,01,-,1,1,1,32,29/09/1990,1,03,3,2,1,01,7,2,3,1,002500,1,1,7888,15881
00,1022,1,11B212,20,40415,3,1,0,01,-,1,1,2,98, ,1,02,6,2,1,01,4,4,2,2,002500,1, ,7888,0
00,1022,1,11B212,20,40415,4,1,0,02,-,1,2,2,46,04/11/1975,1,06,4,2,1,07, , , , , ,1, ,7888,0
00,1022,1,11B212,20,40415,4,1,0,04,-,1,3,2,05,15/10/2016,2,01,3,1, , , , , , , ,1, ,7888,0
00,1022,3,11A218,21,40042,1,1,0,02,-,1,2,2,66,21/09/1956,1,03,3,2,5,07, , , , , ,1,1,7705,23269
00,1022,3,11A218,21,40042,1,1,0,01,-,1,1,1,66,08/05/1956,1,02,3,2,5,01,7,3,2,1,009999,1, ,7705,0
00,1022,3,11A218,21,40042,1,1,0,03,-,1,3,1,39,01/07/1983,1,06,3,2,6,01,5,4,3,2,009999,1, ,7705,0
00,1022,3,11A218,21,40042,2,1,0,01,-,1,1,2,89,03/05/1933,1,02,6,2,4,07, , , , , ,1, ,7705,0
00,1022,3,11A218,21,40042,2,1,0,02,-,1,3,1,66,08/08/1956,1,03,3,2,6,08, , , , , ,1,1,7705,23269
00,1022,3,11A218,21,40042,2,1,0,03,-,1,5,1,27,15/08/1995,1,07,5,2,6,01,7,2,3,1,009999,1, ,7705,0
00,1022,3,11A218,21,40042,4,1,0,01,-,1,1,1,50,20/08/1972,1,04,3,2,6,01,5,5,3,2,009999,1, ,7705,0
00,1022,3,11A218,21,40042,3,1,0,01,-,1,1,2,54,11/06/1968,1,06,3,2,4,07, , , , , ,1,1,7705,23269
00,1022,3,11A218,21,40042,3,1,0,04,-,1,5,2,04,30/04/2018, , , , , , , , , , , ,1, ,7705,0
00,1022,3,11A218,21,40042,3,1,0,03,-,1,5,1,28,15/06/1994,1,04,3,2,5,01,5,6,3,2,009999,1, ,7705,0
00,1022,3,11A218,21,40042,4,1,0,02,-,1,3,2,32,20/07/1990,1,07,5,2,6,01,1,5,3,2,009999,1, ,7705,0
00,1022,3,11A218,21,40042,4,1,0,03,-,1,3,2,27,09/06/1995,1,07,5,2,6,01,5,5,3,2,009999,1, ,7705,0
00,1022,3,11A218,21,40042,4,1,0,04,-,1,3,2,25,08/07/1997,1,07,5,2,6,01,5,5,3,1,009999,1,1,7705,31025
00,1022,3,11A218,21,40042,3,1,0,02,-,1,3,2,24,05/06/1998,1,04,3,2,5,01,5,5,3,1,009999,1, ,7705,0
15,1022,3,13A218,21,40180,1,1,0,01,-,1,1,1,44,07/11/1977,1,04,3,2,1,01,7,2,3,2,009999,1,1,9807,0
15,1022,3,13A218,21,40180,1,1,0,02,-,1,2,2,43,19/06/1979,1,03,3,2,1,07, , , , , ,1, ,9807,0
15,1022,3,13A218,21,40180,1,1,0,03,-,1,3,2,20,19/11/2001,1,07,2,1,6,06, , , , , ,1, ,9807,0
15,1022,3,13A218,21,40180,1,1,0,05,-,1,3,2,05,08/03/2017,2,01,2,1, , , , , , , ,1, ,9807,0
15,1022,3,13A218,21,40180,1,1,0,04,-,1,3,2,16,05/03/2006,1,03,3,1,6,06, , , , , ,1, ,9807,0
00,1022,3,13A218,21,40180,4,1,0,02,-,1,3,2,18,18/09/2004,1,04,3,1,6,06, , , , , ,1, ,9807,0
00,1022,3,13A218,21,40180,4,1,0,01,-,1,1,2,37,07/12/1984,1,07,5,2,6,01,5,5,3,2,009999,1,1,9807,49787
00,1022,3,13A218,21,40180,4,1,0,03,-,1,3,1,10,20/03/2012,1,02,5,1, , , , , , , ,1, ,9807,0
00,1022,7,12A204,21,40188,4,1,0,01,-,1,1,1,37,13/09/1985,1,07,2,2,5,01,3,5,3,1,999999,1,1,8405,17090
00,1022,7,12A204,21,40188,4,1,0,02,-,1,2,2,29,18/06/1993,1,07,1,2,5,01,5,5,3,1,999999,1, ,8405,0
15,1022,5,12A204,21,40188,1,1,0,03,-,2, , , , , , , , , , , , , , , ,1, ,0,0
15,1022,5,12A204,21,40188,1,1,0,04,-,2, , , , , , , , , , , , , , , ,1, ,0,0
15,1022,5,12A204,21,40188,1,1,0,05,-,2, , , , , , , , , , , , , , , ,1, ,0,0
15,1022,5,12A204,21,40188,1,1,0,06,-,2, , , , , , , , , , , , , , , ,1, ,0,0
15,1022,7,12A204,21,40188,1,1,0,01,-,1,1,2,64,12/11/1957,1,02,6,2,5,07, , , , , ,1, ,8405,0
15,1022,7,12A204,21,40188,1,1,0,02,-,1,2,1,67,15/09/1955,1,02,6,2,5,01,5,5,3,1,001000,1, ,8405,0
00,1022,7,12A204,21,40188,3,1,0,01,-,1,1,1,42,08/05/1980,1,07,5,2,1,01,4,4,2,1,999999,1, ,8405,0
00,1022,7,12A204,21,40188,3,1,0,04,-,1,3,1,10,08/03/2012,1,02,3,1, , , , , , , ,1, ,8405,0
00,1022,7,12A204,21,40188,3,1,0,03,-,1,3,1,16,08/03/2006,1,03,3,1,6,06, , , , , ,1, ,8405,0
00,1022,7,12A204,21,40188,3,1,0,02,-,1,2,2,39,06/09/1983,1,08,2,2,1,01,1,5,3,2,004000,1,1,8405,17090
00,1022,7,12A204,21,40188,2,1,0,04,-,1,3,2,01,09/04/2021, , , , , , , , , , , ,1, ,8405,0
00,1022,7,12A204,21,40188,2,1,0,05,-,1,3,1,00,24/05/2022, , , , , , , , , , , ,1, ,8405,0
00,1022,7,12A204,21,40188,2,1,0,02,-,1,2,2,28,15/06/1994,1,04,3,2,5,07, , , , , ,1,1,8405,17090
00,1022,7,12A204,21,40188,2,1,0,01,-,1,1,1,34,28/01/1988,1,04,3,2,5,01,4,4,2,1,999999,1, ,8405,0
00,1022,7,12A204,21,40188,2,1,0,03,-,1,3,2,06,01/08/2016,1,01,2,1, , , , , , , ,1, ,8405,0
00,1022,7,11A204,21,40189,3,1,0,02,-,1,5,1,42,31/05/1980,1,04,3,2,6,01,5,5,2,1,999999,1,1,7087,21404
00,1022,7,11A204,21,40189,3,1,0,03,-,3,5,2,37,10/11/1984,1,00, ,2,1,02,5,5,6,5, ,1, ,7087,0
00,1022,7,11A204,21,40189,4,1,0,02,-,1,2,2,57,24/11/1964,1,07,4,2,5,08, , , , , ,1, ,7087,0
00,1022,7,11A204,21,40189,4,1,0,01,-,1,1,1,59,24/11/1962,1,07,4,2,5,08, , , , , ,1,1,7087,14269
00,1022,7,11A204,21,40189,3,1,0,01,-,1,1,2,87,15/02/1935,1,00, ,2,2,07, , , , , ,1, ,7087,0
00,1022,7,11A204,21,40189,4,1,0,04,-,2, , , , , , , , , , , , , , , ,1, ,0,0
00,1022,7,11A204,21,40189,2,1,0,03,-,1,3,1,42,18/08/1980,1,07,5,2,6,01,4,4,2,1,999999,1,1,7087,14269
00,1022,7,11A204,21,40189,2,1,0,01,-,1,1,2,64,06/07/1958,2,03,3,2,2,01,5,5,2,1,999999,1, ,7087,0
00,1022,2,11A204,21,40189,2,1,0,02,-,2, , , , , , , , , , , , , , , ,1, ,0,0
00,1022,7,11A204,21,40189,4,1,0,03,-,2, , , , , , , , , , , , , , , ,1, ,0,0
00,1022,2,12B211,21,40363,2,1,0,03,-,1,3,1,26,20/09/1996,1,03,3,2,6,01,5,5,3,2,009999,1, ,7892,0
00,1022,2,12B211,21,40363,2,1,0,01,-,1,1,2,57,23/03/1965,1,02,3,2,2,07, , , , , ,1,1,7892,24069
00,1022,2,12B211,21,40363,4,1,0,01,-,1,1,2,75,31/03/1947,1,05,3,2,5,08, , , , , ,1,1,7892,16046
00,1022,2,12B211,21,40363,4,1,0,02,-,1,2,1,76,06/04/1946,1,07,5,2,5,01,4,4,2,3,009999,1, ,7892,0
00,1022,2,12B211,21,40363,3,1,0,04,-,1,3,2,13,31/05/2009,1,02,6,1,6,06, , , , , ,1, ,7892,0
00,1022,2,12B211,21,40363,3,1,0,01,-,1,1,2,40,29/04/1982,2,00, ,2,6,01,5,5,4,1,002000,1, ,7892,0
00,1022,2,12B211,21,40363,3,1,0,02,-,1,3,2,23,05/10/1999,1,04,3,2,6,01,5,5,3,1,001900,1,1,7892,16046
00,1022,2,12B211,21,40363,3,1,0,03,-,1,3,1,15,19/04/2007,1,03,2,1,6,06, , , , , ,1, ,7892,0
00,1022,2,12B211,21,40363,1,1,0,02,-,1,2,1,38,17/03/1984,1,04,3,2,1,01,5,5,3,2,009999,1, ,7892,0
00,1022,2,12B211,21,40363,1,1,0,05,-,1,3,1,02,16/01/2020, , , , , , , , , , , ,1, ,7892,0
00,1022,2,12B211,21,40363,1,1,0,04,-,1,3,2,10,25/01/2012,1,02,4,1, , , , , , , ,1, ,7892,0
00,1022,2,12B211,21,40363,2,1,0,04,-,1,5,1,04,08/08/2018, , , , , , , , , , , ,1, ,7892,0
00,1022,2,12B211,21,40363,2,1,0,02,-,1,3,2,29,22/10/1992,1,07,1,2,6,01,4,4,3,2,002000,1, ,7892,0
00,1022,2,12B211,21,40363,1,1,0,03,-,1,3,2,11,04/02/2011,1,02,5,1, , , , , , , ,1, ,7892,0
00,1022,2,12B211,21,40363,1,1,0,01,-,1,1,2,39,05/09/1983,1,07,5,2,1,01,5,5,3,2,009999,1,1,7892,16046
00,1022,6,12A205,21,40375,3,1,0,02,-,1,2,1,51,28/07/1971,1,07,5,2,1,01,4,4,2,2,999999,1,1,8066,16401
00,1022,6,12A205,21,40375,2,1,0,01,-,1,1,1,67,19/08/1955,1,08,3,2,5,01,1,5,3,2,999999,1,1,8066,16401
00,1022,6,12A205,21,40375,2,1,0,02,-,1,2,2,65,20/03/1957,1,07,5,2,5,07, , , , , ,1, ,8066,0
00,1022,6,12A205,21,40375,1,1,0,02,-,1,3,2,43,15/06/1979,1,04,3,2,6,01,3,5,3,2,999999,1, ,8066,0
00,1022,6,12A205,21,40375,4,1,0,02,-,1,3,2,39,15/06/1983,1,07,5,2,6,01,4,4,2,1,999999,1,1,8066,32801
00,1022,6,12A205,21,40375,4,1,0,04,-,1,3,1,33,15/06/1989,1,07,5,2,6,01,4,4,3,1,999999,1, ,8066,0
00,1022,6,12A205,21,40375,4,1,0,03,-,1,2,2,71,15/07/1951,1,06,3,2,5,07, , , , , ,1, ,8066,0
00,1022,6,12A205,21,40375,4,1,0,01,-,1,1,1,80,14/12/1941,1,07,5,2,5,08, , , , , ,1, ,8066,0
00,1022,6,12A205,21,40375,3,1,0,01,-,1,1,2,45,01/10/1977,1,07,5,2,1,01,1,5,3,2,999999,1, ,8066,0
00,1022,6,12A205,21,40375,1,1,0,01,-,1,1,1,77,15/03/1945,2,02,6,2,4,08, , , , , ,1,1,8066,16401
00,1022,2,11B211,21,40415,4,1,0,07,-,1,5,2,01,14/09/2021, , , , , , , , , , , ,1, ,11510,0
00,1022,2,11B211,21,40415,4,1,0,04,-,1,5,1,16,27/02/2006,1,03,3,1,6,06, , , , , ,1, ,11510,0
00,1022,2,11B211,21,40415,4,1,0,06,-,1,5,1,04,23/09/2018, , , , , , , , , , , ,1, ,11510,0
00,1022,2,11B211,21,40415,4,1,0,08,-,3,2,2,62,14/07/1960,1,02,6,2,5,07, , , , , ,1, ,11510,0
00,1022,2,11B211,21,40415,1,1,0,02,-,1,2,2,52,05/07/1970,1,03,3,2,5,07, , , , , ,1,1,11510,23173
00,1022,2,11B211,21,40415,1,1,0,01,-,1,1,1,62,12/07/1960,1,03,3,2,5,01,7,3,3,1,999999,1, ,11510,0
00,1022,2,11B211,21,40415,2,1,0,01,-,1,1,1,60,10/03/1962,1,06,3,2,5,01,4,4,2,1,999999,1, ,11510,0
00,1022,2,11B211,21,40415,2,1,0,02,-,1,2,2,54,11/02/1968,1,04,3,2,5,07, , , , , ,1,1,11510,23173
00,1022,2,11B211,21,40415,3,1,0,02,-,1,2,2,36,28/03/1986,1,07,5,2,5,02,4,4,6,5, ,1,1,11510,23173
00,1022,2,11B211,21,40415,3,1,0,03,-,1,3,2,10,09/10/2012,1,02,4,1, , , , , , , ,1, ,11510,0
00,1022,2,11B211,21,40415,3,1,0,01,-,1,1,1,42,25/06/1980,1,07,5,2,5,01,4,4,2,1,999999,1, ,11510,0
00,1022,2,11B211,21,40415,4,1,0,05,-,1,5,2,20,05/03/2002,1,03,3,2,6,07, , , , , ,1, ,11510,0
00,1022,2,11B211,21,40415,4,1,0,02,-,2, , , , , , , , , , , , , , , ,1, ,0,0
00,1022,2,11B211,21,40415,4,1,0,03,-,1,3,1,45,08/02/1977,1,03,3,2,5,01,7,2,2,1,999999,1,1,11510,46347
00,1022,2,11B211,21,40415,4,1,0,01,-,1,1,1,66,11/10/1956,1,03,3,2,5,08, , , , , ,1, ,11510,0
00,1022,4,11A217,21,40495,1,1,0,02,-,1,2,2,45,15/06/1977,1,03,3,2,1,01,5,5,3,1,009999,1, ,5936,0
00,1022,4,11A217,21,40495,1,1,0,01,-,1,1,1,40,15/06/1982,1,03,3,2,1,01,7,4,3,1,009999,1,1,5936,23904
00,1022,4,11A217,21,40495,1,1,0,03,-,1,4,2,58,15/06/1964,1,03,3,2,6,01,7,4,3,1,009999,1, ,5936,0
00,1022,4,11A217,21,40495,1,1,0,04,-,1,6,2,35,15/06/1987,1,02,6,2,6,01,7,2,3,1,009999,1, ,5936,0
00,1022,4,11A217,21,40495,2,1,0,02,-,1,4,2,46,14/01/1976,1,03,3,2,5,01,4,4,2,3,009999,1, ,5936,0
00,1022,4,11A217,21,40495,4,1,0,03,-,1,3,2,16,15/06/2006,1,03,3,1,6,06, , , , , ,1, ,5936,0
00,1022,4,11A217,21,40495,2,1,0,01,-,1,1,2,31,13/02/1991,1,04,3,2,6,01,4,4,2,3,009999,1,1,5936,17928
00,1022,4,11A217,21,40495,3,1,0,01,-,1,1,2,80,01/11/1941,1,02,3,2,6,07, , , , , ,1,1,5936,5976
00,1022,4,11A217,21,40495,4,1,0,04,-,1,3,1,14,15/06/2008,1,03,2,1,6,06, , , , , ,1, ,5936,0
00,1022,4,11A217,21,40495,4,1,0,02,-,1,2,2,38,25/02/1984,1,04,3,2,5,01,5,5,3,1,009999,1, ,5936,0
00,1022,4,11A217,21,40495,4,1,0,01,-,1,1,1,41,29/09/1981,1,04,3,2,5,01,5,5,3,1,009999,1,1,5936,11952
00,1022,4,11A217,21,40495,2,1,0,03,-,1,6,2,18,28/10/2003,1,07,2,1,6,06, , , , , ,1, ,5936,0
00,1022,8,11A203,21,40504,2,1,0,02,-,1,2,2,66,23/12/1955,1,02,6,2,5,07, , , , , ,1, ,13827,0
00,1022,8,11A203,21,40504,3,1,0,01,-,1,1,2,65,03/08/1957,1,02,6,2,5,01,4,4,2,3,009999,1,1,13827,41758
00,1022,8,11A203,21,40504,2,1,0,07,-,1,5,2,09,27/03/2013,1,02,3,1, , , , , , , ,1, ,13827,0
00,1022,8,11A203,21,40504,2,1,0,06,-,1,3,2,27,26/03/1995,1,02,6,2,6,01,4,4,2,3,009999,1, ,13827,0
00,1022,8,11A203,21,40504,2,1,0,01,-,1,1,1,69,03/06/1953,1,02,6,2,5,01,4,4,2,3,009999,1, ,13827,0
00,1022,8,11A203,21,40504,2,1,0,04,-,1,3,1,30,11/02/1992,1,02,6,2,1,01,4,4,2,3,009999,1,1,13827,83517
00,1022,8,11A203,21,40504,2,1,0,08,-,1,5,1,02,31/08/2020, , , , , , , , , , , ,1, ,13827,0
00,1022,8,11A203,21,40504,2,1,0,05,-,1,5,2,29,08/11/1992,1,04,3,2,1,07, , , , , ,1, ,13827,0
00,1022,8,11A203,21,40504,1,1,0,01,-,1,1,1,53,12/05/1969,1,04,2,2,1,01,5,4,3,1,009999,1,1,13827,69597
00,1022,8,11A203,21,40504,1,1,0,03,-,1,3,1,22,11/04/2000,1,07,1,1,6,02,4,4,6,5, ,1, ,13827,0
00,1022,8,11A203,21,40504,1,1,0,05,-,1,3,2,18,25/04/2004,1,04,1,1,6,06, , , , , ,1, ,13827,0
00,1022,8,11A203,21,40504,1,1,0,06,-,1,3,1,15,27/09/2007,1,03,1,1,6,06, , , , , ,1, ,13827,0
00,1022,8,11A203,21,40504,1,1,0,02,-,1,2,2,41,06/10/1980,1,07,4,2,1,07, , , , , ,1, ,13827,0
00,1022,8,11A203,21,40504,1,1,0,04,-,1,3,2,20,28/02/2002,1,04,3,1,6,06, , , , , ,1, ,13827,0
00,1022,8,11A203,21,40504,3,1,0,02,-,1,2,1,61,12/01/1961,1,99, ,2,5,01,5,5,3,1,009999,1, ,13827,0
00,1022,8,11A203,21,40504,3,1,0,03,-,1,3,1,24,03/06/1998,1,07,5,1,6,06, , , , , ,1, ,13827,0
00,1022,8,11A203,21,40504,2,1,0,03,-,1,3,2,35,08/12/1986,1,02,6,2,6,09, , , , , ,1, ,13827,0
00,1022,4,12A217,21,40541,1,1,0,01,-,1,1,1,29,24/02/1993,1,07,5,2,6,01,4,4,2,1,999999,1,1,7529,10936
00,1022,4,12A217,21,40541,2,1,0,01,-,1,1,2,51,08/12/1970,1,02,6,2,6,07, , , , , ,1,1,7529,10936
15,1022,4,12A217,21,40541,4,1,0,01,-,1,1,1,51,19/07/1971,1,07,2,2,5,01,3,4,3,2,999999,1, ,7529,0
15,1022,4,12A217,21,40541,4,1,0,02,-,1,2,2,50,27/02/1972,1,04,3,2,5,01,5,5,3,1,999999,1,1,7529,0
00,1022,4,12A217,21,40541,3,1,0,03,-,1,3,1,27,01/04/1995,1,04,3,2,6,01,4,4,3,1,999999,1, ,7529,0
00,1022,4,12A217,21,40541,3,1,0,01,-,1,1,1,48,02/06/1974,1,04,3,2,1,01,1,5,3,1,999999,1,1,7529,54675
00,1022,4,12A217,21,40541,3,1,0,04,-,1,3,1,19,11/09/2003,1,04,1,2,6,01,5,5,3,1,999999,1, ,7529,0
00,1022,4,12A217,21,40541,3,1,0,05,-,1,3,2,21,03/11/2000,1,07,5,2,6,04, , , , , ,1, ,7529,0
00,1022,4,12A217,21,40541,3,1,0,02,-,1,2,2,49,12/10/1973,1,03,3,2,1,07, , , , , ,1, ,7529,0
15,1022,4,12A217,21,40541,4,1,0,03,-,1,3,2,18,02/12/2003,1,04,3,1,6,06, , , , , ,1, ,7529,0
00,1022,8,13A203,21,40554,4,1,0,03,-,1,3,1,28,17/06/1994,1,07,5,2,6,01,5,4,3,3,009999,1, ,9143,0
00,1022,8,13A203,21,40554,4,1,0,01,-,1,1,1,63,06/08/1959,1,04,3,2,5,08, , , , , ,1,1,9143,27848
00,1022,8,13A203,21,40554,4,1,0,02,-,1,2,2,56,17/10/1965,1,04,3,2,5,01,5,5,3,3,009999,1, ,9143,0
00,1022,8,13A203,21,40554,3,1,1,01,-,1,1,1,59,11/06/1963,1,03,3,2,2,01,7,2,2,3,009999,1,1,9143,9283
00,1022,8,13A203,21,40554,2,1,0,01,-,1,1,2,53,25/01/1969,1,03,3,2,5,01,5,5,3,3,004200,1,1,9143,18565
00,1022,8,13A203,21,40554,2,1,0,02,-,1,3,1,23,14/06/1999,1,04,3,2,6,01,5,5,4,1,009999,1, ,9143,0
00,1022,8,13A203,21,40554,2,1,0,03,-,1,3,1,16,30/04/2006,1,03,3,1,6,06, , , , , ,1, ,9143,0
00,1022,8,13A203,21,40554,1,1,0,01,-,1,1,2,47,15/03/1975,1,03,3,2,6,01,4,4,2,3,008000,1,1,9143,9283
00,1022,5,11A206,21,40558,2,1,0,05,-,1,3,2,20,09/04/2002,1,07,1,1,6,06, , , , , ,1, ,8584,0
00,1022,5,11A206,21,40558,2,1,0,03,-,1,3,2,27,12/09/1995,1,07,5,2,6,01,1,5,3,1,999999,1, ,8584,0
00,1022,5,11A206,21,40558,4,1,0,01,-,1,1,1,55,09/01/1967,1,02,3,2,5,01,4,4,3,1,999999,1, ,8584,0
00,1022,5,11A206,21,40558,4,1,0,02,-,1,2,2,54,10/09/1968,1,02,6,2,5,07, , , , , ,1,1,8584,17283
00,1022,5,11A206,21,40558,2,1,0,04,-,1,3,1,25,01/02/1997,1,07,5,2,6,01,7,2,3,1,999999,1, ,8584,0
00,1022,5,11A206,21,40558,2,1,0,01,-,1,1,1,55,09/11/1966,1,07,5,2,5,01,7,2,3,2,999999,1, ,8584,0
00,1022,5,11A206,21,40558,2,1,0,06,-,1,3,1,19,04/10/2003,1,04,3,1,6,06, , , , , ,1,1,8584,51848
00,1022,5,11A206,21,40558,2,1,0,02,-,1,2,2,45,11/10/1976,1,07,2,2,5,07, , , , , ,1, ,8584,0
00,1022,5,11A206,21,40558,1,1,0,07,-,1,5,1,13,06/10/2009,1,02,2,1,6,06, , , , , ,1, ,8584,0
00,1022,5,11A206,21,40558,1,1,0,02,-,1,2,1,63,05/04/1959,1,02,4,2,1,01,4,4,2,1,999999,1, ,8584,0
00,1022,5,11A206,21,40558,1,1,0,03,-,1,3,2,41,30/04/1981,1,04,3,2,6,01,5,5,3,1,999999,1, ,8584,0
00,1022,5,11A206,21,40558,3,1,0,01,-,1,1,1,22,28/06/2000,1,07,2,2,6,01,5,5,3,1,001536,1,1,8584,8641
00,1022,5,11A206,21,40558,1,1,0,06,-,1,3,2,20,25/06/2002,1,04,3,1,6,06, , , , , ,1, ,8584,0
00,1022,5,11A206,21,40558,1,1,0,08,-,1,5,2,05,02/08/2017,1,01,3,1, , , , , , , ,1, ,8584,0
00,1022,5,11A206,21,40558,1,1,0,05,-,1,3,1,23,27/07/1999,1,04,1,2,6,01,7,2,3,1,999999,1, ,8584,0
00,1022,2,11A206,21,40558,1,1,0,04,-,2, , , , , , , , , , , , , , , ,1, ,0,0
00,1022,5,11A206,21,40558,1,1,0,01,-,1,1,2,60,03/03/1962,1,02,6,2,1,07, , , , , ,1,1,8584,43207
00,1022,5,11A206,21,40562,4,1,0,04,-,1,3,2,30,16/12/1991,1,07,5,2,6,01,5,5,3,2,009999,1, ,7035,0
00,1022,5,11A206,21,40562,4,1,0,05,-,1,5,2,04,07/03/2018, , , , , , , , , , , ,1, ,7035,0
00,1022,5,11A206,21,40562,4,1,0,02,-,1,2,2,61,07/11/1960,1,06,2,2,5,07, , , , , ,1, ,7035,0
00,1022,5,11A206,21,40562,4,1,0,01,-,1,1,1,63,03/10/1959,1,06,2,2,5,08, , , , , ,1,1,7035,28327
00,1022,5,11A206,21,40562,4,1,0,03,-,1,3,1,23,30/11/1998,1,07,1,1,6,06, , , , , ,1, ,7035,0
00,1022,5,11A206,21,40562,1,1,0,03,-,1,3,1,33,31/08/1989,1,04,3,2,2,01,5,5,3,2,009999,1, ,7035,0
00,1022,5,11A206,21,40562,3,1,0,01,-,1,1,2,61,26/07/1961,1,03,3,2,4,01,5,5,4,1,000650,1,1,7035,7082
00,1022,5,11A206,21,40562,1,1,0,02,-,1,2,1,42,31/07/1980,1,02,6,2,1,01,7,3,2,3,009999,1, ,7035,0
00,1022,5,11A206,21,40562,2,1,0,02,-,1,2,2,49,27/07/1973,1,03,3,2,5,07, , , , , ,1,1,7035,28327
00,1022,5,11A206,21,40562,2,1,0,04,-,1,3,2,18,07/06/2004,1,04,2,1,6,06, , , , , ,1, ,7035,0
00,1022,5,11A206,21,40562,2,1,0,01,-,1,1,1,52,14/09/1970,1,02,6,2,5,01,7,2,3,1,009999,1, ,7035,0
00,1022,5,11A206,21,40562,2,1,0,03,-,1,3,2,22,15/05/2000,1,07,2,1,6,06, , , , , ,1, ,7035,0
00,1022,5,11A206,21,40562,1,1,0,01,-,1,1,2,57,06/07/1965,1,02,6,2,1,07, , , , , ,1,1,7035,21245
00,1022,1,12B212,21,40592,3,1,0,04,-,1,3,2,03,01/08/2019, , , , , , , , , , , ,1, ,6280,0
00,1022,1,12B212,21,40592,4,1,0,01,-,1,1,1,36,04/07/1986,1,04,3,2,6,01,3,5,3,2,999999,1,1,6280,6385
00,1022,1,12B212,21,40592,1,1,0,04,-,1,5,1,33,15/07/1989,1,07,4,2,5,01,4,4,3,1,999999,1, ,6280,0
00,1022,1,12B212,21,40592,1,1,0,01,-,1,1,1,65,15/06/1957,1,03,3,2,5,07, , , , , ,1,1,6280,25538
00,1022,1,12B212,21,40592,1,1,0,03,-,1,3,2,33,15/06/1989,1,07,5,2,5,07, , , , , ,1, ,6280,0
00,1022,1,12B212,21,40592,1,1,0,02,-,1,2,2,62,15/06/1960,1,02,6,2,5,07, , , , , ,1, ,6280,0
00,1022,1,12B212,21,40592,2,1,0,04,-,1,3,2,13,17/10/2008,1,03,2,1,6,06, , , , , ,1, ,6280,0
00,1022,1,12B212,21,40592,2,1,0,03,-,1,4,2,71,18/07/1951,1,02,4,2,4,07, , , , , ,1,1,6280,19153
00,1022,1,12B212,21,40592,2,1,0,01,-,1,1,1,52,11/06/1970,1,03,3,2,1,01,5,5,3,1,999999,1, ,6280,0
00,1022,1,12B212,21,40592,2,1,0,02,-,1,2,2,44,04/07/1978,1,03,3,2,1,01,4,4,3,1,999999,1, ,6280,0
00,1022,1,12B212,21,40592,3,1,0,01,-,1,1,1,36,14/02/1986,1,03,3,2,5,01,5,4,3,2,999999,1,1,6280,12769
00,1022,1,12B212,21,40592,3,1,0,02,-,1,2,2,32,04/07/1990,1,02,6,2,5,01,7,2,3,1,999999,1, ,6280,0
00,1022,1,12B212,21,40592,3,1,0,03,-,1,3,1,17,19/06/2005,1,04,1,1,6,06, , , , , ,1, ,6280,0
00,1022,1,11B212,21,40599,3,1,0,01,-,1,1,1,54,24/10/1967,1,04,3,2,5,01,4,4,2,1,999999,1,1,8257,16625
00,1022,1,11B212,21,40599,3,1,0,02,-,1,2,2,53,07/10/1969,1,03,3,2,5,07, , , , , ,1, ,8257,0
00,1022,1,11B212,21,40599,4,1,0,01,-,1,1,1,97,26/10/1924,1,02,6,2,4,10, , , , , ,1,1,8257,8313
00,1022,1,11B212,21,40599,2,1,0,01,-,1,1,1,35,18/04/1987,1,07,5,2,1,01,1,5,3,2,004000,1, ,8257,0
00,1022,1,11B212,21,40599,2,1,0,02,-,1,2,2,29,20/04/1993,1,07,5,2,1,07, , , , , ,1,1,8257,16625
00,1022,1,11B212,21,40599,1,1,0,03,-,1,3,2,39,17/01/1983,1,07,5,2,1,01,1,5,3,2,999999,1, ,8257,0
00,1022,1,11B212,21,40599,1,1,0,04,-,1,5,1,39,26/08/1983,2,03,3,2,1,01,7,2,2,2,999999,1, ,8257,0
00,1022,1,11B212,21,40599,1,1,0,05,-,1,5,1,03,20/11/2018, , , , , , , , , , , ,1, ,8257,0
00,1022,1,11B212,21,40599,1,1,0,01,-,1,1,1,73,07/04/1949,1,07,5,2,5,08, , , , , ,1, ,8257,0
00,1022,1,11B212,21,40599,1,1,0,02,-,1,2,2,67,18/10/1954,1,03,3,2,5,07, , , , , ,1,1,8257,33250
00,1022,1,11B212,21,40599,2,1,0,03,-,1,3,1,00,22/02/2022, , , , , , , , , , , ,1, ,8257,0
00,1022,3,12A218,22,40028,2,1,0,01,-,1,1,2,66,14/09/1956,1,02,6,2,4,07, , , , , ,1,1,7829,7959
00,1022,3,12A218,22,40028,4,1,0,02,-,1,2,2,65,01/06/1957,1,06,2,2,5,07, , , , , ,1, ,7829,0
00,1022,3,12A218,22,40028,3,1,0,02,-,1,2,1,67,25/08/1955,1,02,6,2,5,08, , , , , ,1,1,7829,15919
00,1022,3,12A218,22,40028,3,1,0,01,-,1,1,1,68,04/06/1954,1,02,3,2,5,08, , , , , ,1, ,7829,0
00,1022,3,12A218,22,40028,1,1,0,01,-,1,1,1,28,20/01/1994,1,02,4,2,1,01,4,4,2,1,004000,1,1,7829,15919
00,1022,3,12A218,22,40028,1,1,0,04,-,1,3,2,02,21/08/2020, , , , , , , , , , , ,1, ,7829,0
00,1022,3,12A218,22,40028,1,1,0,03,-,1,3,1,15,15/06/2007,1,03,1,1,6,06, , , , , ,1, ,7829,0
00,1022,3,12A218,22,40028,1,1,0,02,-,1,2,2,31,21/05/1991,1,02,3,2,1,01,7,2,3,1,001600,1, ,7829,0
00,1022,3,12A218,22,40028,4,1,0,01,-,1,1,1,67,19/07/1955,1,06,3,2,5,08, , , , , ,1,1,7829,15919
00,1022,7,13A204,22,40068,3,1,0,01,-,1,1,1,75,15/06/1947,2,08,6,2,5,08, , , , , ,1, ,12664,0
00,1022,7,13A204,22,40068,3,1,0,02,-,1,2,2,71,14/06/1951,1,07,3,2,5,08, , , , , ,1,1,12664,25717
00,1022,3,13A218,22,40097,1,1,0,01,-,1,1,2,78,28/07/1944,1,04,3,2,4,07, , , , , ,1,1,10194,20701
00,1022,3,13A218,22,40097,2,1,0,01,-,1,1,2,68,11/08/1954,1,04,3,2,4,08, , , , , ,1,1,10194,20701
00,1022,3,13A218,22,40097,2,1,0,02,-,1,3,1,36,07/10/1986,2,06,2,2,5,01,5,5,4,1,999999,1, ,10194,0
00,1022,3,13A218,22,40097,3,1,0,01,-,1,1,2,30,02/07/1992,1,07,4,2,6,01,1,5,3,2,999999,1,1,10194,41402
00,1022,3,13A218,22,40097,3,1,0,03,-,1,8,2,29,02/08/1993,1,07,4,2,6,01,1,5,3,1,999999,1, ,10194,0
00,1022,3,13A218,22,40097,3,1,0,04,-,1,8,1,30,15/11/1991,1,07,4,2,6,01,1,5,3,2,999999,1, ,10194,0
00,1022,3,13A218,22,40097,1,1,0,02,-,1,3,2,40,21/06/1982,1,07,4,2,6,01,1,5,4,2,999999,1, ,10194,0
00,1022,3,13A218,22,40097,3,1,0,02,-,1,8,1,28,15/06/1994,1,07,4,2,6,01,1,5,3,2,999999,1, ,10194,0
00,1022,3,13A218,22,40097,4,1,0,01,-,1,1,2,76,17/04/1946,1,05,2,2,4,08, , , , , ,1,1,10194,10351
00,1022,7,11A204,22,40132,2,1,0,04,-,1,5,1,15,15/06/2007,1,03,2,1,6,06, , , , , ,1, ,10518,0
00,1022,7,11A204,22,40132,3,1,0,01,-,1,1,1,31,25/05/1991,1,07,4,2,5,01,1,5,3,2,010000,1, ,10518,0
00,1022,7,11A204,22,40132,1,1,0,02,-,1,2,2,65,24/12/1956,1,03,2,2,5,07, , , , , ,1,1,10518,42354
00,1022,7,11A204,22,40132,1,1,0,03,-,1,4,2,81,01/01/1941,2,00, ,2,4,07, , , , , ,1, ,10518,0
00,1022,7,11A204,22,40132,3,1,0,02,-,1,2,2,32,31/08/1990,1,07,3,1,5,07, , , , , ,1,1,10518,21177
00,1022,7,11A204,22,40132,2,1,0,03,-,1,3,2,47,01/04/1975,1,03,3,2,6,01,4,4,3,1,001300,1, ,10518,0
00,1022,7,11A204,22,40132,2,1,0,01,-,1,1,1,71,08/10/1950,1,02,3,2,5,01,4,4,2,1,000100,1,1,10518,31766
00,1022,7,11A204,22,40132,2,1,0,02,-,1,2,2,68,20/12/1953,1,02,3,2,5,01,4,4,2,1,000100,1, ,10518,0
00,1022,7,11A204,22,40132,4,1,0,04,-,1,3,1,10,26/04/2012,1,02,3,1, , , , , , , ,1, ,10518,0
00,1022,7,11A204,22,40132,4,1,0,03,-,1,3,2,15,01/06/2007,1,03,2,1,6,06, , , , , ,1, ,10518,0
00,1022,7,11A204,22,40132,4,1,0,02,-,1,2,2,39,30/06/1983,1,07,5,2,5,01,1,5,2,3,015000,1,1,10518,21177
00,1022,3,11A204,22,40132,4,1,0,01,-,2, , , , , , , , , , , , , , , ,1, ,0,0
00,1022,7,11A204,22,40132,3,1,0,03,-,1,3,1,11,02/03/2011,1,02,3,1, , , , , , , ,1, ,10518,0
00,1022,7,11A204,22,40132,3,1,0,04,-,1,3,2,10,16/01/2012,1,02,2,1, , , , , , , ,1, ,10518,0
00,1022,7,11A204,22,40132,4,1,0,05,-,1,2,1,39,10/09/1983,1,07,4,2,5,01,5,5,3,2,012000,1, ,10518,0
00,1022,7,11A204,22,40132,1,1,0,01,-,1,1,1,62,01/01/1960,1,04,3,2,5,01,5,5,2,1,001500,1, ,10518,0
00,1022,7,11A204,22,40132,1,1,0,04,-,1,3,1,32,08/04/1990,1,03,2,2,6,01,7,2,3,1,999999,1, ,10518,0
00,1022,6,12A205,22,40163,4,1,0,01,-,1,1,1,52,11/01/1970,1,02,6,2,5,01,5,4,3,1,001500,1,1,8030,24489
00,1022,6,12A205,22,40163,4,1,0,02,-,1,2,2,51,17/02/1971,1,04,3,2,5,07, , , , , ,1, ,8030,0
00,1022,6,12A205,22,40163,4,1,0,03,-,1,3,2,24,24/02/1998,1,07,1,2,6,01,5,4,3,1,001600,1, ,8030,0
00,1022,6,12A205,22,40163,1,1,0,01,-,1,1,1,27,21/02/1995,1,07,4,2,6,01,1,2,3,2,999999,1,1,8030,16326
00,1022,6,12A205,22,40163,1,1,0,02,-,1,8,1,26,17/10/1995,1,07,4,2,6,01,7,2,3,1,001600,1, ,8030,0
00,1022,6,12A205,22,40163,3,1,0,01,-,1,1,1,51,30/07/1971,1,04,3,2,1,01,1,5,4,1,002500,1,1,8030,16326
00,1022,6,12A205,22,40163,3,1,0,02,-,1,2,2,49,03/09/1973,1,04,3,2,1,01,3,5,3,1,002500,1, ,8030,0
00,1022,6,12A205,22,40163,2,1,0,01,-,1,1,2,52,20/09/1970,1,04,3,2,6,01,1,2,3,2,012000,1,1,8030,16326
00,1022,6,12A205,22,40163,2,1,0,02,-,1,3,2,26,20/06/1996,1,07,4,2,6,01,7,3,3,2,012000,1, ,8030,0
00,1022,2,13B211,22,40288,1,1,0,01,-,1,1,1,46,26/10/1975,1,07,4,2,5,01,1,7,3,1,004000,1, ,8571,0
00,1022,2,13B211,22,40288,1,1,0,02,-,1,2,2,44,10/07/1978,1,07,2,2,5,07, , , , , ,1, ,8571,0
00,1022,2,13B211,22,40288,1,1,0,03,-,1,3,2,21,23/11/2000,1,07,3,1,6,06, , , , , ,1,1,8571,34810
00,1022,2,13B211,22,40288,1,1,0,04,-,1,3,1,20,10/07/2002,1,07,1,1,6,06, , , , , ,1, ,8571,0
00,1022,2,13B211,22,40288,2,1,0,03,-,1,3,1,21,12/09/2001,1,07,2,1,6,06, , , , , ,1,1,8571,26107
00,1022,2,13B211,22,40288,3,1,0,02,-,1,2,2,50,30/09/1972,1,07,4,2,5,01,1,6,3,2,999999,1, ,8571,0
00,1022,2,13B211,22,40288,2,1,0,01,-,1,1,2,52,24/02/1970,1,04,3,2,4,07, , , , , ,1, ,8571,0
00,1022,2,13B211,22,40288,3,1,0,03,-,1,3,1,16,15/06/2006,1,04,1,1,6,06, , , , , ,1, ,8571,0
00,1022,2,13B211,22,40288,3,1,0,04,-,1,3,2,14,08/04/2008,1,02,6,1,6,06, , , , , ,1, ,8571,0
00,1022,2,13B211,22,40288,3,1,0,01,-,1,1,1,51,05/10/1970,1,07,4,2,5,01,1,2,3,2,999999,1,1,8571,17405
00,1022,2,13B211,22,40288,2,1,0,02,-,1,3,1,26,20/07/1996,1,07,3,1,6,06, , , , , ,1, ,8571,0
00,1022,8,11A203,22,40316,3,1,0,01,-,1,1,2,58,15/06/1964,1,02,6,2,5,08, , , , , ,1, ,7949,0
00,1022,8,11A203,22,40316,1,1,0,02,-,1,2,2,35,29/03/1987,1,04,3,2,5,01,4,4,2,1,000700,1, ,7949,0
00,1022,8,11A203,22,40316,4,1,0,01,-,1,1,1,79,15/01/1943,1,02,6,2,4,08, , , , , ,1,1,7949,16005
00,1022,8,11A203,22,40316,4,1,0,02,-,1,6,2,48,13/06/1974,1,02,6,2,6,07, , , , , ,1, ,7949,0
00,1022,8,11A203,22,40316,1,1,0,04,-,1,3,2,07,03/06/2015,1,01,3,1, , , , , , , ,1, ,7949,0
00,1022,8,11A203,22,40316,1,1,0,03,-,1,3,2,10,21/05/2012,1,02,3,1, , , , , , , ,1, ,7949,0
00,1022,8,11A203,22,40316,2,1,0,02,-,1,2,2,63,01/01/1959,1,03,3,2,5,01,5,5,2,1,001000,1,1,7949,16005
00,1022,8,11A203,22,40316,2,1,0,01,-,1,1,1,74,01/01/1948,1,02,6,2,5,01,7,2,2,2,001000,1, ,7949,0
00,1022,8,11A203,22,40316,2,1,0,03,-,2, , , , , , , , , , , , , , , ,1, ,0,0
00,1022,8,11A203,22,40316,3,1,0,02,-,1,2,1,62,16/07/1960,1,02,6,2,5,01,5,5,3,1,999999,1,1,7949,16005
00,1022,8,11A203,22,40316,1,1,0,01,-,1,1,1,35,29/10/1986,1,03,3,2,5,01,6,1,4,1,002200,1,1,7949,16005
00,1022,1,12B212,22,40319,1,1,0,03,-,1,3,1,36,15/06/1986,1,07,4,2,6,01,1,2,3,2,999999,1, ,8049,0
00,1022,1,12B212,22,40319,2,1,0,02,-,1,2,2,75,03/11/1946,1,03,3,2,5,07, , , , , ,1, ,8049,0
00,1022,1,12B212,22,40319,2,1,0,01,-,1,1,1,76,31/10/1945,1,04,3,2,5,08, , , , , ,1,1,8049,16366
00,1022,1,12B212,22,40319,3,1,0,01,-,1,1,2,64,04/03/1958,1,03,3,2,2,07, , , , , ,1,1,8049,24549
00,1022,1,12B212,22,40319,3,1,0,04,-,1,5,1,30,20/10/1991,1,04,3,1,5,06, , , , , ,1, ,8049,0
00,1022,1,12B212,22,40319,1,1,0,02,-,1,2,1,64,15/06/1958,1,07,4,2,5,01,1,5,2,1,999999,1, ,8049,0
00,1022,1,12B212,22,40319,3,1,0,03,-,1,5,2,15,18/06/2007,1,03,3,2,6,01,7,2,3,1,999999,1, ,8049,0
00,1022,1,12B212,22,40319,4,1,0,02,-,1,2,2,33,19/12/1988,1,04,3,2,5,07, , , , , ,1,1,8049,16366
00,1022,1,12B212,22,40319,4,1,0,01,-,1,1,1,34,04/07/1988,1,04,3,2,5,01,5,5,4,1,999999,1, ,8049,0
00,1022,1,12B212,22,40319,4,1,0,03,-,1,3,2,04,07/01/2018, , , , , , , , , , , ,1, ,8049,0
00,1022,1,12B212,22,40319,1,1,0,01,-,1,1,2,63,16/06/1959,1,04,3,2,5,07, , , , , ,1,1,8049,24549
00,1022,1,12B212,22,40319,3,1,0,02,-,1,3,2,41,09/02/1981,1,07,4,2,6,01,1,5,3,2,007000,1, ,8049,0
00,1022,6,12A203,22,40322,2,1,1,02,-,2, , , , , , , , , , , , , , , ,1, ,0,0
00,1022,8,12A203,22,40322,2,1,1,01,-,1,1,2,48,21/09/1974,1,02,4,2,5,07, , , , , ,1,1,7585,7711
00,1022,8,12A203,22,40322,4,1,0,04,-,1,3,1,18,11/03/2004,1,04,3,1,6,06, , , , , ,1, ,7585,0
00,1022,8,12A203,22,40322,4,1,0,01,-,1,1,1,59,30/04/1963,1,07,4,2,5,01,1,5,3,1,999999,1, ,7585,0
00,1022,8,12A203,22,40322,4,1,0,02,-,1,2,2,54,07/04/1968,1,04,2,2,5,07, , , , , ,1, ,7585,0
00,1022,8,12A203,22,40322,4,1,0,03,-,1,3,2,24,12/03/1998,1,07,4,1,6,06, , , , , ,1,1,7585,30846
00,1022,8,12A203,22,40322,3,1,0,01,-,1,1,1,69,19/01/1953,1,03,3,2,4,08, , , , , ,1, ,7585,0
00,1022,8,12A203,22,40322,3,1,0,03,-,1,5,1,19,01/09/2003,1,04,2,1,6,06, , , , , ,1, ,7585,0
00,1022,8,12A203,22,40322,3,1,0,02,-,1,3,1,42,24/04/1980,1,07,4,2,6,01,1,5,3,2,999999,1,1,7585,23134
00,1022,8,12A203,22,40322,1,1,0,04,-,1,6,2,57,08/08/1965,1,06,4,2,6,01,7,2,3,1,999999,1, ,7585,0
00,1022,8,12A203,22,40322,1,1,0,02,-,1,6,1,61,03/03/1961,1,04,3,2,6,08, , , , , ,1, ,7585,0
00,1022,8,12A203,22,40322,1,1,0,03,-,1,6,1,67,01/08/1955,1,03,3,2,6,08, , , , , ,1, ,7585,0
00,1022,8,12A203,22,40322,1,1,0,05,-,1,3,1,31,03/10/1991,1,04,3,2,6,01,5,5,2,1,999999,1, ,7585,0
00,1022,8,12A203,22,40322,1,1,0,01,-,1,1,2,54,12/03/1968,1,06,3,2,6,07, , , , , ,1,1,7585,38557
00,1022,5,12A206,22,40360,3,1,0,05,-,1,3,2,23,10/05/1999,1,07,3,2,2,01,1,5,3,2,999999,1, ,8275,0
00,1022,3,12A206,22,40360,1,1,0,05,-,2, , , , , , , , , , , , , , , ,1, ,0,0
00,1022,5,12A206,22,40360,3,1,0,01,-,1,1,1,60,28/06/1962,1,07,5,2,1,01,5,7,3,2,999999,1,1,8275,25237
00,1022,5,12A206,22,40360,3,1,0,02,-,1,2,2,60,17/11/1961,1,07,4,2,1,08, , , , , ,1, ,8275,0
00,1022,5,12A206,22,40360,1,1,0,01,-,1,1,1,83,06/07/1939,1,02,6,2,5,01,5,5,2,1,999999,1, ,8275,0
00,1022,5,12A206,22,40360,1,1,0,04,-,1,5,1,29,08/12/1992,1,07,4,2,6,01,1,5,3,2,999999,1, ,8275,0
00,1022,5,12A206,22,40360,1,1,0,02,-,1,2,2,75,01/06/1947,1,02,6,2,5,10, , , , , ,1, ,8275,0
00,1022,5,12A206,22,40360,1,1,0,03,-,1,3,1,51,19/10/1970,1,07,3,2,3,01,5,5,2,1,999999,1,1,8275,33650
00,1022,5,12A206,22,40360,4,1,0,02,-,3,2,1,61,26/11/1960,1,04,3,2,5,08, , , , , ,1, ,8275,0
00,1022,5,12A206,22,40360,2,1,0,01,-,1,1,2,60,09/10/1962,1,05,4,2,5,08, , , , , ,1,1,8275,16824
00,1022,5,12A206,22,40360,2,1,0,02,-,1,2,1,63,03/03/1959,1,05,4,2,5,08, , , , , ,1, ,8275,0
00,1022,3,12A206,22,40360,3,1,0,03,-,2, , , , , , , , , , , , , , , ,1, ,0,0
00,1022,3,12A206,22,40360,3,1,0,07,-,2, , , , , , , , , , , , , , , ,1, ,0,0
00,1022,3,12A206,22,40360,3,1,0,06,-,2, , , , , , , , , , , , , , , ,1, ,0,0
00,1022,3,12A206,22,40360,3,1,0,04,-,2, , , , , , , , , , , , , , , ,1, ,0,0
00,1022,5,12A206,22,40360,4,1,0,01,-,1,1,2,62,31/03/1960,1,04,3,2,1,01,3,5,3,2,999999,1,1,8275,16824
00,1022,4,13A217,22,40379,2,1,0,03,-,1,3,1,31,15/07/1991,1,04,3,2,6,04, , , , , ,1,1,9698,39385
00,1022,4,13A217,22,40379,2,1,0,04,-,1,3,1,22,29/01/2000,1,04,3,1,6,06, , , , , ,1, ,9698,0
00,1022,4,13A217,22,40379,2,1,0,01,-,1,1,1,54,08/01/1968,1,03,2,2,5,01,5,5,3,2,999999,1, ,9698,0
00,1022,4,13A217,22,40379,2,1,0,02,-,1,2,2,56,24/04/1966,1,02,6,2,5,07, , , , , ,1, ,9698,0
00,1022,4,13A217,22,40379,1,1,0,01,-,1,1,1,72,12/07/1950,1,09,2,2,4,08, , , , , ,1,1,9698,9846
00,1022,4,13A217,22,40379,4,1,0,01,-,1,1,1,79,17/04/1943,1,09,1,2,5,08, , , , , ,1,1,9698,9846
00,1022,4,11A217,22,40409,4,1,0,03,-,1,3,2,19,19/05/2003,1,07,1,1,6,06, , , , , ,1, ,13179,0
00,1022,4,11A217,22,40409,3,1,0,01,-,1,1,1,43,20/01/1979,1,02,6,2,5,01,7,3,2,1,001800,1,1,13179,39801
00,1022,4,11A217,22,40409,4,1,0,01,-,1,1,1,43,30/07/1979,1,07,3,2,5,01,7,3,2,3,010000,1,1,13179,39801
00,1022,4,11A217,22,40409,4,1,0,04,-,1,3,2,08,02/02/2014,1,02,1,1, , , , , , , ,1, ,13179,0
00,1022,4,11A217,22,40409,4,1,0,02,-,1,2,2,39,12/12/1982,1,03,3,2,5,01,7,2,3,1,001700,1, ,13179,0
00,1022,4,11A217,22,40409,1,1,0,02,-,1,2,2,45,15/06/1977,1,02,6,2,5,01,5,7,3,2,999999,1, ,13179,0
00,1022,4,11A217,22,40409,1,1,0,01,-,1,1,1,53,13/11/1968,2,00, ,2,5,01,5,7,3,2,002800,1,1,13179,26534
00,1022,4,11A217,22,40409,1,1,0,03,-,1,3,2,13,02/04/2009,1,02,3,1,6,06, , , , , ,1, ,13179,0
00,1022,4,11A217,22,40409,2,1,0,01,-,1,1,2,49,09/02/1973,1,04,3,1,5,06, , , , , ,1,1,13179,53069
00,1022,4,11A217,22,40409,2,1,0,02,-,1,2,1,49,02/07/1973,1,04,3,2,5,01,7,2,3,1,003000,1, ,13179,0
00,1022,4,11A217,22,40409,2,1,0,03,-,1,3,1,25,17/04/1997,1,07,3,1,6,06, , , , , ,1, ,13179,0
00,1022,4,11A217,22,40409,2,1,0,04,-,1,3,1,19,19/10/2002,1,04,3,1,6,06, , , , , ,1, ,13179,0
00,1022,4,11A217,22,40409,3,1,0,02,-,1,2,2,45,07/05/1977,1,02,6,2,5,07, , , , , ,1, ,13179,0
00,1022,4,11A217,22,40409,3,1,0,03,-,1,3,2,22,13/06/2000,1,07,3,1,6,06, , , , , ,1, ,13179,0
00,1022,4,11A217,22,40409,4,1,0,05,-,1,3,1,03,07/02/2019, , , , , , , , , , , ,1, ,13179,0
00,1022,7,11A204,23,40001,4,1,0,01,-,1,1,1,61,09/02/1961,1,00, ,2,5,10, , , , , ,1, ,6620,0
00,1022,7,11A204,23,40001,4,1,0,02,-,1,2,2,57,05/04/1965,1,02,6,2,5,01,4,4,2,1,000500,1,1,6620,13329
00,1022,6,11A204,23,40001,3,1,0,05,-,2, , , , , , , , , , , , , , , ,1, ,0,0
00,1022,7,11A204,23,40001,3,1,0,01,-,1,1,2,54,14/02/1968,2,00, ,2,4,07, , , , , ,1,1,6620,6665
00,1022,6,11A204,23,40001,3,1,0,03,-,2, , , , , , , , , , , , , , , ,1, ,0,0
00,1022,6,11A204,23,40001,3,1,0,06,-,2, , , , , , , , , , , , , , , ,1, ,0,0
00,1022,7,11A204,23,40001,1,1,0,02,-,1,5,2,30,17/03/1992,1,03,2,2,6,01,4,4,3,2,999999,1, ,6620,0
00,1022,6,11A204,23,40001,3,1,0,02,-,2, , , , , , , , , , , , , , , ,1, ,0,0
00,1022,5,11A204,23,40001,2,1,0,02,-,2, , , , , , , , , , , , , , , ,1, ,0,0
00,1022,7,11A204,23,40001,2,1,0,03,-,1,5,1,29,09/09/1993,2,00, ,2,6,10, , , , , ,1, ,6620,0
00,1022,7,11A204,23,40001,2,1,0,01,-,1,1,2,72,18/09/1950,2,00, ,2,5,01,4,4,2,1,000300,1,1,6620,13329
00,1022,7,11A204,23,40001,1,1,0,03,-,1,5,2,06,04/10/2015,2,01,3,1, , , , , , , ,1, ,6620,0
00,1022,7,11A204,23,40001,1,1,0,01,-,1,1,2,67,20/03/1955,1,02,3,2,4,10, , , , , ,1,1,6620,13329
00,1022,6,11A204,23,40001,3,1,0,04,-,2, , , , , , , , , , , , , , , ,1, ,0,0
00,1022,3,11A218,23,40061,2,1,0,05,-,1,5,2,06,28/01/2016,2,01,3,1, , , , , , , ,1, ,5889,0
00,1022,3,11A218,23,40061,1,1,0,04,-,1,3,1,03,12/04/2019, , , , , , , , , , , ,1, ,5889,0
00,1022,3,11A218,23,40061,1,1,0,03,-,1,7,2,45,15/06/1977,1,02,6,2,6,01,4,4,2,1,000300,1, ,5889,0
00,1022,3,11A218,23,40061,1,1,0,02,-,1,2,2,21,31/03/2001,1,02,6,2,1,07, , , , , ,1,1,5889,17786
00,1022,3,11A218,23,40061,2,1,0,04,-,1,5,2,39,15/06/1983,1,03,3,2,1,01,4,4,3,2,002000,1,1,5889,23715
00,1022,3,11A218,23,40061,2,1,0,03,-,1,3,1,40,30/06/1982,1,03,2,2,1,01,7,3,4,1,002000,1, ,5889,0
00,1022,3,11A218,23,40061,2,1,0,02,-,1,2,2,61,14/05/1961,2,00, ,2,5,07, , , , , ,1, ,5889,0
00,1022,3,11A218,23,40061,2,1,0,01,-,1,1,1,66,15/01/1956,1,03,3,2,5,08, , , , , ,1, ,5889,0
00,1022,3,11A218,23,40061,4,1,0,01,-,1,1,1,55,13/01/1967,1,00, ,2,5,07, , , , , ,1, ,5889,0
00,1022,3,11A218,23,40061,4,1,0,05,-,2, , , , , , , , , , , , , , , ,1, ,0,0
00,1022,3,11A218,23,40061,4,1,0,02,-,1,2,2,54,13/05/1968,1,00, ,2,5,01,4,4,2,1,999999,1,1,5889,23715
00,1022,3,11A218,23,40061,4,1,0,04,-,1,3,2,23,11/10/1998,1,07,2,2,1,07, , , , , ,1, ,5889,0
00,1022,3,11A218,23,40061,4,1,0,03,-,1,3,1,34,15/12/1987,1,03,3,2,6,01,5,5,3,1,001200,1, ,5889,0
00,1022,3,11A218,23,40061,4,1,0,06,-,1,5,2,16,29/11/2005,1,04,1,1,6,06, , , , , ,1, ,5889,0
00,1022,3,11A218,23,40061,3,1,0,01,-,1,1,2,35,03/08/1987,1,07,4,2,3,01,3,5,3,2,006000,1,1,5889,5929
00,1022,3,11A218,23,40061,3,1,0,02,-,1,3,2,13,02/04/2009,2,00, ,2,6,10, , , , , ,1, ,5889,0
00,1022,3,11A218,23,40061,1,1,0,01,-,1,1,1,32,24/09/1990,1,04,2,2,1,01,3,5,3,2,003000,1, ,5889,0
00,1022,3,11A218,23,40061,2,1,0,06,-,1,5,1,03,10/04/2019, , , , , , , , , , , ,1, ,5889,0
00,1022,3,11A218,23,40061,3,1,0,03,-,1,3,1,11,08/10/2010,1,02,6,1, , , , , , , ,1, ,5889,0
15,1022,6,13A205,23,40166,3,1,1,01,-,1,1,1,30,11/06/1992,1,04,3,2,6,01,5,5,3,2,008000,1,1,8747,0
00,1022,6,13A205,23,40166,4,1,0,01,-,1,1,1,31,23/07/1991,1,04,3,2,6,01,5,5,3,1,003000,1,1,8747,44404
00,1022,6,13A205,23,40166,4,1,0,05,-,3,4,1,78,24/09/1944,1,03,3,2,4,07, , , , , ,1, ,8747,0
00,1022,6,13A205,23,40166,4,1,0,03,-,1,4,1,44,23/08/1978,1,03,3,2,1,01,5,6,4,1,003000,1, ,8747,0
00,1022,6,13A205,23,40166,4,1,0,02,-,1,4,2,52,23/10/1969,1,03,3,2,1,03,4,4,2,1,003000,1, ,8747,0
00,1022,6,13A205,23,40166,4,1,0,04,-,1,3,1,08,16/09/2014,1,02,1,1, , , , , , , ,1, ,8747,0
00,1022,2,11B211,23,40221,2,1,0,02,-,1,2,1,44,22/07/1978,1,03,3,2,5,01,5,5,4,1,003500,1, ,7424,0
00,1022,2,11B211,23,40221,4,1,0,07,-,1,5,2,15,30/06/2007,1,03,3,1,1,06, , , , , ,1, ,7424,0
00,1022,2,11B211,23,40221,4,1,0,02,-,1,2,2,45,30/10/1976,1,03,3,2,5,07, , , , , ,1,1,7424,37369
00,1022,2,11B211,23,40221,4,1,0,08,-,1,3,1,20,23/11/2001,1,03,3,2,1,01,7,3,3,1,001800,1, ,7424,0
00,1022,2,11B211,23,40221,4,1,0,04,-,1,5,2,24,08/11/1997,1,04,3,2,5,01,5,5,3,2,003500,1, ,7424,0
00,1022,2,11B211,23,40221,4,1,0,06,-,1,5,2,05,13/09/2017,2,01,2,1, , , , , , , ,1, ,7424,0
00,1022,2,11B211,23,40221,4,1,0,03,-,1,3,1,28,19/11/1993,1,03,3,2,5,01,4,4,4,1,001200,1, ,7424,0
00,1022,2,11B211,23,40221,4,1,0,01,-,1,1,1,49,02/07/1973,1,03,3,2,5,01,5,5,3,1,003500,1, ,7424,0
00,1022,2,11B211,23,40221,4,1,0,05,-,1,5,1,07,12/12/2014,1,02,1,1, , , , , , , ,1, ,7424,0
00,1022,2,11B211,23,40221,3,1,0,04,-,1,3,2,14,10/10/2008,1,03,2,1,6,06, , , , , ,1, ,7424,0
00,1022,2,11B211,23,40221,3,1,0,03,-,1,3,1,18,17/04/2004,1,04,3,2,6,04, , , , , ,1, ,7424,0
00,1022,2,11B211,23,40221,3,1,0,02,-,1,2,2,52,12/02/1970,1,02,4,2,5,07, , , , , ,1,1,7424,22421
00,1022,2,11B211,23,40221,3,1,0,01,-,1,1,1,54,28/04/1968,1,02,4,2,5,01,5,5,3,1,001200,1, ,7424,0
00,1022,2,11B211,23,40221,1,1,0,03,-,1,3,1,24,17/06/1998,1,04,1,2,6,01,5,5,3,2,002500,1, ,7424,0
00,1022,2,11B211,23,40221,1,1,0,01,-,1,1,1,54,06/11/1967,1,02,6,2,5,01,4,4,2,1,001500,1,1,7424,29895
00,1022,2,11B211,23,40221,1,1,0,02,-,1,2,2,52,08/07/1970,1,02,6,2,5,01,5,5,3,2,002000,1, ,7424,0
00,1022,2,11B211,23,40221,1,1,0,04,-,1,3,2,23,18/08/1999,1,07,3,1,6,01,3,7,3,2,003500,1, ,7424,0
00,1022,2,11B211,23,40221,2,1,0,01,-,1,1,2,43,04/08/1979,1,03,3,2,5,01,4,4,3,1,001500,1,1,7424,14947
00,1022,2,11B211,23,40221,2,1,0,03,-,1,3,1,15,03/01/2007,1,03,1,1,6,06, , , , , ,1, ,7424,0
00,1022,6,11A205,23,40227,2,1,0,03,-,1,3,2,33,15/07/1989,1,04,3,2,2,01,4,4,3,2,003000,1, ,4336,0
00,1022,6,11A205,23,40227,3,1,0,05,-,1,7,2,14,07/02/2008,1,03,1,1,6,06, , , , , ,1, ,4336,0
00,1022,6,11A205,23,40227,4,1,0,01,-,1,1,1,22,15/06/2000,1,04,3,2,6,01,3,5,3,2,002000,1,1,4336,4365
00,1022,6,11A205,23,40227,2,1,0,05,-,1,5,2,11,15/06/2011,1,02,3,1, , , , , , , ,1, ,4336,0
00,1022,6,11A205,23,40227,2,1,0,04,-,1,3,2,38,15/07/1984,1,07,5,2,6,01,5,5,3,2,004500,1,1,4336,17461
00,1022,6,11A205,23,40227,2,1,0,02,-,1,2,2,60,30/08/1962,1,02,6,2,5,07, , , , , ,1, ,4336,0
00,1022,6,11A205,23,40227,3,1,0,02,-,1,6,2,65,22/02/1957,1,02,5,2,4,07, , , , , ,1, ,4336,0
00,1022,6,11A205,23,40227,2,1,0,01,-,1,1,1,62,29/09/1960,1,03,3,2,5,08, , , , , ,1, ,4336,0
00,1022,6,11A205,23,40227,3,1,0,04,-,1,7,2,27,06/05/1995,1,03,3,2,5,01,5,5,3,1,999999,1, ,4336,0
00,1022,6,11A205,23,40227,3,1,0,03,-,1,7,1,34,10/01/1988,1,07,6,2,5,01,7,5,3,2,999999,1,1,4336,17461
00,1022,6,11A205,23,40227,3,1,0,01,-,1,1,1,72,01/12/1949,1,02,6,2,6,07, , , , , ,1, ,4336,0
15,1022,2,13B211,23,40256,4,1,0,01,-,1,1,2,56,15/06/1966,1,04,3,2,6,07, , , , , ,1,1,7489,0
00,1022,2,13B211,23,40256,1,1,0,01,-,1,1,1,36,19/08/1986,1,07,5,2,6,01,5,5,3,2,005000,1,1,7489,15208
00,1022,1,12B212,23,40319,3,1,0,04,-,1,3,1,15,08/02/2007,1,03,3,1,6,06, , , , , ,1, ,6699,0
00,1022,1,12B212,23,40319,3,1,0,03,-,1,3,2,18,21/01/2004,1,04,3,1,6,06, , , , , ,1,1,6699,20430
00,1022,1,12B212,23,40319,3,1,0,02,-,1,2,2,39,15/07/1983,1,04,3,2,5,01,3,5,3,1,002500,1, ,6699,0
00,1022,1,12B212,23,40319,4,1,0,05,-,1,5,1,13,01/10/2009,1,02,6,1,6,06, , , , , ,1, ,6699,0
00,1022,1,12B212,23,40319,4,1,0,02,-,1,3,2,31,10/06/1991,1,04,2,2,6,01,7,5,3,2,999999,1, ,6699,0
00,1022,1,12B212,23,40319,1,1,0,02,-,1,3,1,08,26/12/2013,1,02,3,1, , , , , , , ,1, ,6699,0
00,1022,1,12B212,23,40319,4,1,0,01,-,1,1,2,60,15/06/1962,1,02,6,2,3,07, , , , , ,1, ,6699,0
00,1022,1,12B212,23,40319,4,1,0,04,-,1,5,1,25,08/12/1996,1,04,3,2,1,01,5,5,3,2,002300,1,1,6699,27240
00,1022,1,12B212,23,40319,3,1,0,01,-,1,1,1,46,08/08/1976,1,06,4,2,5,04, , , , , ,1, ,6699,0
00,1022,1,12B212,23,40319,1,1,0,01,-,1,1,2,47,01/06/1975,1,04,3,2,1,01,3,4,3,1,001250,1,1,6699,6810
00,1022,1,12B212,23,40319,4,1,0,03,-,1,3,2,31,10/06/1991,1,04,3,2,1,01,5,5,3,2,002000,1, ,6699,0
00,1022,5,12A206,23,40358,4,1,0,01,-,1,1,1,38,18/12/1983,1,04,3,2,5,01,5,5,3,2,006000,1, ,5972,0
00,1022,5,12A206,23,40358,4,1,0,02,-,1,2,2,35,11/01/1987,1,04,2,2,5,01,4,4,2,3,002500,1,1,5972,12144
00,1022,5,12A206,23,40358,4,1,0,03,-,1,3,1,15,01/11/2006,1,03,3,1,6,06, , , , , ,1, ,5972,0
00,1022,5,12A206,23,40358,4,1,0,04,-,1,3,2,09,30/08/2013,1,02,2,1, , , , , , , ,1, ,5972,0
00,1022,5,12A206,23,40358,3,1,0,02,-,1,2,2,56,15/09/1966,2,02,2,2,5,07, , , , , ,1, ,5972,0
00,1022,5,12A206,23,40358,3,1,0,04,-,1,3,1,27,19/12/1994,1,07,4,2,6,04, , , , , ,1, ,5972,0
00,1022,5,12A206,23,40358,3,1,0,03,-,1,3,1,32,08/06/1990,1,03,3,2,6,01,1,5,3,2,004200,1, ,5972,0
00,1022,5,12A206,23,40358,3,1,0,01,-,1,1,1,61,13/10/1960,1,03,1,2,5,04, , , , , ,1,1,5972,24286
00,1022,5,12A206,23,40358,1,1,0,02,-,1,5,2,15,11/06/2007,1,03,2,1,6,06, , , , , ,1, ,5972,0
00,1022,5,12A206,23,40358,2,1,0,02,-,1,4,2,90,19/09/1932,1,02,2,2,4,07, , , , , ,1, ,5972,0
00,1022,5,12A206,23,40358,2,1,0,01,-,1,1,1,62,23/01/1960,1,04,3,2,2,01,5,5,3,1,001800,1,1,5972,12144
00,1022,5,12A206,23,40358,2,1,0,03,-,2, , , , , , , , , , , , , , , ,1, ,0,0
00,1022,5,12A206,23,40358,1,1,0,01,-,1,1,2,57,21/10/1964,1,02,6,2,6,01,4,4,2,1,000300,1,1,5972,6071
00,1022,5,12A206,23,40358,1,1,0,03,-,1,5,1,10,02/03/2012,1,02,3,1, , , , , , , ,1, ,5972,0
00,1022,5,11A206,23,40360,4,1,0,02,-,1,4,2,55,12/03/1967,1,04,3,2,2,07, , , , , ,1,1,29759,89276
00,1022,5,11A206,23,40360,4,1,0,01,-,1,1,1,40,11/06/1982,1,04,3,2,5,01,7,3,2,1,001500,1, ,29759,0
00,1022,5,11A206,23,40360,4,1,0,03,-,1,2,2,98, ,1,04,3,2,5,01,5,5,4,1,001200,1, ,29759,0
00,1022,5,11A206,23,40360,1,1,0,01,-,1,1,1,34,20/11/1987,1,02,6,2,5,01,7,3,3,1,001200,1, ,29759,0
00,1022,2,11A206,23,40360,3,1,0,01,-,2, , , , , , , , , , , , , , , ,1, ,0,0
00,1022,5,11A206,23,40360,1,1,0,02,-,1,2,2,36,25/05/1986,1,02,6,2,5,07, , , , , ,1,1,29759,59517
00,1022,5,11A206,23,40360,3,1,0,02,-,1,3,1,26,18/02/1996,1,03,3,2,6,01,5,5,3,2,005000,1,1,29759,29759
00,1022,2,11A206,23,40360,3,1,0,03,-,2, , , , , , , , , , , , , , , ,1, ,0,0
00,1022,5,11A206,23,40360,1,1,0,03,-,1,3,1,09,14/07/2013,1,02,2,1, , , , , , , ,1, ,29759,0
00,1022,4,11A217,23,40378,1,1,0,04,-,1,5,2,11,05/03/2011,1,02,4,1, , , , , , , ,1, ,5527,0
00,1022,4,11A217,23,40378,1,1,0,05,-,1,5,2,06,04/06/2016,2,02,1,1, , , , , , , ,1, ,5527,0
00,1022,4,11A217,23,40378,1,1,0,03,-,1,5,1,17,03/05/2005,1,04,2,1,6,06, , , , , ,1, ,5527,0
00,1022,4,11A217,23,40378,2,1,0,01,-,1,1,1,28,17/03/1994,1,04,3,2,1,01,5,5,3,1,005000,1, ,5527,0
00,1022,4,11A217,23,40378,2,1,0,02,-,1,2,2,28,03/09/1994,1,07,4,2,1,01,3,5,3,2,006000,1,1,5527,11128
00,1022,4,11A217,23,40378,3,1,1,01,-,1,1,1,19,26/02/2003,1,07,1,1,6,01,3,4,3,1,002000,1,1,5527,5564
00,1022,4,11A217,23,40378,4,1,0,01,-,1,1,2,22,31/12/1999,1,03,3,2,5,01,4,4,3,1,999999,1,1,5527,5564
00,1022,2,11A217,23,40378,1,1,0,02,-,2, , , , , , , , , , , , , , , ,1, ,0,0
00,1022,4,11A217,23,40378,1,1,0,06,-,1,6,1,52,28/05/1970,2,00, ,2,6,01,5,5,2,1,000500,1, ,5527,0
00,1022,4,11A217,23,40378,1,1,0,07,-,1,3,1,30,25/12/1991,1,02,3,2,6,01,7,4,3,1,001000,1, ,5527,0
00,1022,4,11A217,23,40378,1,1,0,01,-,1,1,2,65,03/06/1957,2,00, ,2,4,07, , , , , ,1,1,5527,16692
00,1022,1,11B212,23,40385,1,1,0,02,-,1,2,2,33,20/04/1989,1,04,3,2,1,07, , , , , ,1,1,7023,14141
00,1022,1,11B212,23,40385,3,1,0,01,-,1,1,2,52,05/07/1970,2,00, ,2,4,01,5,5,3,1,001500,1,1,7023,7070
00,1022,1,11B212,23,40385,4,1,0,08,-,1,3,1,22,18/07/2000,1,04,3,1,6,06, , , , , ,1, ,7023,0
00,1022,1,11B212,23,40385,4,1,0,09,-,1,5,2,08,14/05/2014,2,01,2,1, , , , , , , ,1, ,7023,0
00,1022,1,11B212,23,40385,4,1,0,04,-,1,3,2,36,13/05/1986,1,04,3,2,5,01,3,4,3,1,001300,1, ,7023,0
00,1022,1,11B212,23,40385,4,1,0,06,-,1,3,2,32,05/05/1990,1,03,3,2,6,01,5,5,3,1,001200,1, ,7023,0
00,1022,1,11B212,23,40385,4,1,0,03,-,1,3,1,35,12/12/1986,1,04,3,2,6,01,3,5,3,2,999999,1, ,7023,0
00,1022,1,11B212,23,40385,4,1,0,01,-,1,1,1,63,12/11/1958,1,02,6,2,2,08, , , , , ,1,1,7023,56564
00,1022,1,11B212,23,40385,4,1,0,02,-,1,3,2,42,12/10/1980,1,02,3,2,5,01,5,5,3,1,000600,1, ,7023,0
00,1022,1,11B212,23,40385,4,1,0,05,-,1,5,1,22,14/02/2000,1,04,3,1,6,06, , , , , ,1, ,7023,0
00,1022,1,11B212,23,40385,1,1,0,05,-,1,3,1,05,01/07/2017,1,01,3,1, , , , , , , ,1, ,7023,0
00,1022,1,11B212,23,40385,1,1,0,04,-,1,3,2,12,28/03/2010,1,02,6,1,6,06, , , , , ,1, ,7023,0
00,1022,1,11B212,23,40385,1,1,0,01,-,1,1,1,60,10/04/1962,1,04,3,2,1,01,5,3,3,2,008000,1, ,7023,0
00,1022,1,11B212,23,40385,1,1,0,03,-,1,3,1,14,14/07/2008,1,03,2,1,6,06, , , , , ,1, ,7023,0
00,1022,1,11B212,23,40385,3,1,0,02,-,1,3,1,17,16/06/2005,1,04,1,1,6,06, , , , , ,1, ,7023,0
00,1022,1,11B212,23,40385,2,1,0,04,-,1,3,2,02,06/09/2020, , , , , , , , , , , ,1, ,7023,0
00,1022,1,11B212,23,40385,2,1,0,03,-,1,3,2,12,26/06/2010,1,02,6,1,6,06, , , , , ,1, ,7023,0
00,1022,1,11B212,23,40385,2,1,0,02,-,1,2,2,28,07/01/1994,1,04,3,2,1,07, , , , , ,1,1,7023,14141
00,1022,1,11B212,23,40385,2,1,0,01,-,1,1,1,30,02/05/1992,1,07,4,1,1,01,1,5,3,2,003000,1, ,7023,0
00,1022,1,11B212,23,40385,4,1,0,07,-,1,3,2,24,17/10/1998,1,04,3,1,6,01,3,5,3,2,003000,1, ,7023,0
00,1022,8,11A203,23,40420,4,1,0,01,-,1,1,1,59,15/01/1963,1,03,3,2,1,01,5,5,3,2,006500,1,1,6929,20926
00,1022,8,11A203,23,40420,4,1,0,03,-,1,3,1,23,10/11/1998,1,07,3,2,6,01,5,5,3,2,003500,1, ,6929,0
00,1022,8,11A203,23,40420,4,1,0,02,-,1,2,2,51,25/10/1970,1,07,6,2,1,07, , , , , ,1, ,6929,0
00,1022,8,11A203,23,40420,3,1,0,01,-,1,1,2,62,27/05/1960,1,02,6,2,2,01,5,5,3,2,003000,1,1,6929,6975
00,1022,8,11A203,23,40420,2,1,0,01,-,1,1,1,56,24/03/1966,1,07,4,2,1,01,5,6,4,1,003500,1, ,6929,0
00,1022,7,11A203,23,40420,1,1,1,03,-,2, , , , , , , , , , , , , , , ,1, ,0,0
00,1022,8,11A203,23,40420,1,1,1,01,-,1,1,1,35,14/02/1987,1,04,3,2,1,01,7,5,2,2,003000,1, ,6929,0
00,1022,8,11A203,23,40420,1,1,1,02,-,1,2,2,29,18/08/1993,1,03,3,2,1,01,7,3,3,1,003000,1,1,6929,13951
00,1022,8,11A203,23,40420,2,1,0,02,-,1,2,2,61,25/03/1961,1,02,6,2,1,07, , , , , ,1,1,6929,13951
00,1022,7,11A203,23,40420,1,1,1,04,-,2, , , , , , , , , , , , , , , ,1, ,0,0
00,1022,3,13A218,24,40030,1,1,1,01,-,1,1,2,48,17/08/1974,1,07,4,1,6,01,3,4,3,1,999999,1, ,9214,0
00,1022,3,13A218,24,40030,1,1,1,02,-,1,3,2,21,30/12/2000,1,04,2,1,6,06, , , , , ,1,1,9214,18709
00,1022,3,13A218,24,40030,2,1,0,02,-,1,2,2,41,14/04/1981,1,07,5,2,5,01,4,5,3,2,999999,1,1,9214,9355
00,1022,2,13A218,24,40030,2,1,0,01,-,2, , , , , , , , , , , , , , , ,1, ,0,0
00,1022,3,13A218,24,40030,2,1,0,03,-,1,3,1,01,14/05/2021, , , , , , , , , , , ,1, ,9214,0
00,1022,3,13A218,24,40030,3,1,0,01,-,1,1,1,34,01/07/1988,1,07,5,2,5,01,1,2,3,2,999999,1,1,9214,18709
00,1022,3,13A218,24,40030,4,1,0,01,-,1,1,1,46,18/03/1976,1,07,5,2,5,01,1,2,3,2,999999,1, ,9214,0
00,1022,3,13A218,24,40030,4,1,0,04,-,1,3,1,19,04/12/2002,1,07,1,1,6,06, , , , , ,1, ,9214,0
00,1022,3,13A218,24,40030,4,1,0,02,-,1,2,2,46,20/08/1976,1,07,5,2,5,07, , , , , ,1, ,9214,0
00,1022,3,13A218,24,40030,4,1,0,05,-,1,3,2,14,01/03/2008,2,00, ,2,6,10, , , , , ,1, ,9214,0
00,1022,3,13A218,24,40030,3,1,0,02,-,1,2,2,39,20/07/1983,1,07,5,2,5,07, , , , , ,1, ,9214,0
00,1022,3,13A218,24,40030,4,1,0,03,-,1,3,2,21,06/08/2001,1,07,3,1,6,06, , , , , ,1,1,9214,37419
00,1022,3,11A218,24,40059,1,1,0,05,-,1,3,1,20,27/12/2001,1,04,3,2,6,01,7,2,3,1,999999,1, ,7171,0
00,1022,3,11A218,24,40059,1,1,0,02,-,1,2,2,53,29/05/1969,1,03,3,2,5,02,4,4,6,5, ,1, ,7171,0
00,1022,3,11A218,24,40059,1,1,0,04,-,1,3,1,22,25/09/2000,1,07,2,1,6,01,5,5,3,1,999999,1, ,7171,0
00,1022,3,11A218,24,40059,1,1,0,06,-,1,3,1,15,28/04/2007,1,03,3,1,6,06, , , , , ,1, ,7171,0
00,1022,3,11A218,24,40059,1,1,0,03,-,1,3,1,25,25/10/1996,1,07,4,2,6,01,7,2,3,1,999999,1,1,7171,36095
00,1022,3,11A218,24,40059,1,1,0,01,-,1,1,1,54,11/05/1968,1,03,3,2,5,01,4,4,2,1,999999,1, ,7171,0
00,1022,3,11A218,24,40059,2,1,0,01,-,1,1,2,27,29/11/1994,1,04,2,1,6,01,7,2,3,1,002000,1, ,7171,0
00,1022,3,11A218,24,40059,2,1,0,02,-,1,6,1,24,27/01/1998,1,07,5,2,6,01,7,2,3,1,002000,1,1,7171,14438
00,1022,3,11A218,24,40059,4,1,0,01,-,1,1,1,59,24/11/1962,1,04,3,2,5,01,4,4,2,1,999999,1,1,7171,21657
00,1022,3,11A218,24,40059,4,1,0,02,-,1,2,2,57,02/01/1965,1,04,3,2,5,02,4,4,6,5, ,1, ,7171,0
00,1022,3,11A218,24,40059,4,1,0,03,-,1,3,2,30,01/10/1992,1,07,5,2,6,01,1,7,3,2,999999,1, ,7171,0
00,1022,3,11A218,24,40059,3,1,0,03,-,1,3,1,24,14/05/1998,1,03,3,2,6,01,5,5,2,1,999999,1,1,7171,21657
00,1022,3,11A218,24,40059,3,1,0,01,-,1,1,1,55,10/03/1967,1,04,2,2,5,01,5,5,2,1,999999,1, ,7171,0
00,1022,3,11A218,24,40059,3,1,0,02,-,1,2,2,48,01/04/1974,1,03,3,2,5,01,4,4,2,1,999999,1, ,7171,0
00,1022,7,11A204,24,40103,4,1,0,02,-,1,2,2,41,12/11/1980,1,03,3,2,1,01,7,2,3,1,002000,1,1,6886,13864
00,1022,7,11A204,24,40103,4,1,0,01,-,1,1,1,42,15/01/1980,1,03,3,2,1,01,7,2,3,1,002000,1, ,6886,0
00,1022,7,11A204,24,40103,4,1,0,05,-,1,3,1,13,30/06/2009,1,02,6,1,6,06, , , , , ,1, ,6886,0
00,1022,5,11A204,24,40103,4,1,0,03,-,2, , , , , , , , , , , , , , , ,1, ,0,0
00,1022,7,11A204,24,40103,1,1,0,02,-,1,2,2,33,16/11/1988,1,03,3,2,5,07, , , , , ,1,1,6886,13864
00,1022,7,11A204,24,40103,3,1,0,01,-,1,1,1,50,21/05/1972,1,04,3,2,6,01,4,5,5,1,999999,1,1,6886,13864
00,1022,7,11A204,24,40103,1,1,0,01,-,1,1,1,35,02/02/1987,1,02,6,2,5,01,5,5,2,1,999999,1, ,6886,0
00,1022,7,11A204,24,40103,2,1,0,01,-,1,1,2,50,30/01/1972,1,03,3,2,3,01,7,2,3,1,000500,1,1,6886,6932
00,1022,6,11A204,24,40103,4,1,0,04,-,2, , , , , , , , , , , , , , , ,1, ,0,0
00,1022,7,11A204,24,40103,3,1,0,02,-,1,4,2,83,30/06/1939,1,02,4,2,3,07, , , , , ,1, ,6886,0
00,1022,7,13A204,24,40104,4,1,0,01,-,1,1,2,56,30/06/1966,1,07,4,2,3,01,1,5,3,2,999999,1,1,9805,9955
00,1022,5,13A204,24,40104,4,1,0,03,-,2, , , , , , , , , , , , , , , ,1, ,0,0
00,1022,5,13A204,24,40104,4,1,0,02,-,2, , , , , , , , , , , , , , , ,1, ,0,0
00,1022,7,13A204,24,40104,2,1,0,01,-,1,1,2,73,05/07/1949,1,06,2,2,3,08, , , , , ,1,1,9805,19910
00,1022,7,13A204,24,40104,2,1,0,02,-,1,3,2,41,18/06/1981,1,09,2,2,6,01,1,5,2,3,999999,1, ,9805,0
00,1022,7,13A204,24,40104,1,1,0,02,-,1,2,2,65,14/10/1956,1,08,2,2,5,01,1,5,3,2,999999,1, ,9805,0
00,1022,7,13A204,24,40104,1,1,0,03,-,1,3,1,29,25/07/1993,1,04,2,2,6,01,4,4,2,1,999999,1, ,9805,0
00,1022,7,13A204,24,40104,1,1,0,01,-,1,1,1,69,25/01/1953,1,07,5,2,5,01,1,5,3,2,999999,1,1,9805,29865
00,1022,2,12B211,24,40253,2,1,0,03,-,1,5,1,19,15/06/2003,1,04,3,2,1,01,7,2,3,1,999999,1,1,5746,23368
00,1022,2,12B211,24,40253,4,1,0,02,-,1,3,1,27,06/06/1995,1,07,5,2,6,01,1,7,3,3,030000,1, ,5746,0
00,1022,2,12B211,24,40253,2,1,0,01,-,1,1,1,45,30/01/1977,1,02,6,2,3,01,5,5,3,2,999999,1, ,5746,0
00,1022,2,12B211,24,40253,2,1,0,04,-,1,3,2,19,03/08/2003,2,04,3,2,1,01,7,2,3,1,999999,1, ,5746,0
00,1022,2,12B211,24,40253,2,1,0,02,-,1,3,2,22,30/10/1999,1,07,2,2,6,01,7,2,3,1,999999,1, ,5746,0
00,1022,2,12B211,24,40253,4,1,0,01,-,1,1,1,65,11/06/1957,1,04,3,2,6,01,4,4,2,1,999999,1,1,5746,11684
00,1022,2,12B211,24,40253,3,1,0,01,-,1,1,2,45,09/03/1977,1,03,3,2,6,01,4,4,2,1,999999,1,1,5746,5842
00,1022,2,12B211,24,40253,1,1,0,01,-,1,1,1,61,22/09/1961,1,04,2,2,3,08, , , , , ,1,1,5746,5842
00,1022,6,12A205,24,40262,1,1,0,01,-,1,1,2,73,20/12/1948,1,02,2,2,4,07, , , , , ,1,1,7503,7628
00,1022,6,12A205,24,40262,2,1,0,01,-,1,1,1,47,15/11/1974,1,03,3,2,6,01,5,5,2,1,999999,1,1,7503,38142
00,1022,6,12A205,24,40262,2,1,0,04,-,1,3,2,22,08/08/2000,1,03,1,1,6,06, , , , , ,1, ,7503,0
00,1022,6,12A205,24,40262,2,1,0,03,-,1,3,2,23,21/05/1999,1,03,3,1,6,06, , , , , ,1, ,7503,0
00,1022,6,12A205,24,40262,2,1,0,02,-,1,2,2,40,16/08/1982,1,03,3,2,6,07, , , , , ,1, ,7503,0
00,1022,6,12A205,24,40262,2,1,0,05,-,1,3,1,18,15/07/2004,1,00, ,1,6,06, , , , , ,1, ,7503,0
00,1022,6,12A205,24,40262,4,1,0,01,-,1,1,1,82,01/09/1940,1,05,4,2,5,08, , , , , ,1, ,7503,0
00,1022,6,12A205,24,40262,3,1,0,02,-,1,2,2,58,16/05/1964,1,05,4,2,5,07, , , , , ,1, ,7503,0
00,1022,6,12A205,24,40262,3,1,0,01,-,1,1,1,59,06/11/1962,1,05,4,2,5,08, , , , , ,1,1,7503,22885
00,1022,6,12A205,24,40262,3,1,0,03,-,1,3,2,21,13/06/2001,1,07,2,1,6,06, , , , , ,1, ,7503,0
00,1022,6,12A205,24,40262,4,1,0,02,-,1,2,2,63,19/11/1958,1,03,3,2,5,07, , , , , ,1,1,7503,15257
00,1022,8,12A203,24,40351,3,1,0,04,-,1,2,2,59,24/10/1962,1,07,5,2,5,07, , , , , ,1, ,8051,0
00,1022,8,12A203,24,40351,4,1,1,01,-,1,1,2,44,08/03/1978,1,03,3,2,3,01,5,5,3,1,999999,1,1,8051,8185
00,1022,8,12A203,24,40351,3,1,0,02,-,1,3,1,32,02/04/1990,1,07,5,2,6,01,7,2,3,2,007000,1,1,8051,24555
00,1022,2,12A203,24,40351,3,1,0,01,-,2, , , , , , , , , , , , , , , ,1, ,0,0
15,1022,8,12A203,24,40351,2,1,0,01,-,1,1,1,36,23/09/1986,1,08,5,2,5,01,4,4,2,1,999999,1, ,8051,0
00,1022,8,12A203,24,40351,1,1,0,01,-,1,1,1,72,24/01/1950,1,07,5,2,5,08, , , , , ,1, ,8051,0
00,1022,8,12A203,24,40351,3,1,0,03,-,1,3,2,27,15/02/1995,1,07,5,2,6,01,3,2,3,2,999999,1, ,8051,0
15,1022,8,12A203,24,40351,2,1,0,02,-,1,2,2,32,25/02/1990,1,04,2,2,5,07, , , , , ,1, ,8051,0
00,1022,8,12A203,24,40351,1,1,0,03,-,1,3,2,45,05/06/1977,1,09,2,2,6,01,1,7,3,2,999999,1,1,8051,24555
00,1022,8,12A203,24,40351,1,1,0,02,-,1,2,2,68,09/06/1954,1,08,2,2,5,01,3,7,3,2,999999,1, ,8051,0
15,1022,8,12A203,24,40351,2,1,0,03,-,1,3,2,07,04/05/2015,1,01,3,1, , , , , , , ,1, ,8051,0
00,1022,1,12B212,24,40353,3,1,0,01,-,1,1,1,56,27/08/1966,1,04,3,2,5,01,3,7,3,2,999999,1,1,7378,15003
00,1022,1,12B212,24,40353,2,1,0,01,-,1,1,1,65,16/09/1957,1,03,3,2,5,01,5,5,3,2,003000,1, ,7378,0
00,1022,1,12B212,24,40353,2,1,0,02,-,1,2,2,58,13/09/1964,1,02,6,2,5,07, , , , , ,1,1,7378,15003
00,1022,1,12B212,24,40353,3,1,0,02,-,1,2,2,53,11/01/1969,1,02,6,2,5,07, , , , , ,1, ,7378,0
00,1022,1,12B212,24,40353,4,1,0,01,-,1,1,1,28,01/04/1994,1,04,3,2,5,01,7,2,3,2,009800,1, ,7378,0
00,1022,1,12B212,24,40353,4,1,0,02,-,1,2,2,30,14/11/1991,1,04,2,2,5,01,7,2,3,1,002000,1,1,7378,15003
00,1022,1,12B212,24,40353,1,1,0,01,-,1,1,2,55,04/03/1967,1,03,3,2,4,01,5,5,3,2,003200,1,1,7378,22503
00,1022,1,12B212,24,40353,1,1,0,03,-,1,6,1,45,27/11/1976,1,03,3,2,6,01,3,5,3,2,999999,1, ,7378,0
00,1022,1,12B212,24,40353,1,1,0,02,-,1,6,2,18,10/11/2003,1,07,1,1,6,06, , , , , ,1, ,7378,0
00,1022,1,12B212,24,40353,4,1,0,03,-,1,3,2,02,02/06/2020, , , , , , , , , , , ,1, ,7378,0
00,1022,8,13A203,24,40383,4,1,0,02,-,1,2,2,55,14/10/1966,1,06,2,2,5,07, , , , , ,1, ,10052,0
00,1022,8,13A203,24,40383,4,1,0,05,-,1,3,2,22,19/01/2000,1,07,1,1,6,06, , , , , ,1,1,10052,51028
00,1022,8,13A203,24,40383,2,1,0,01,-,1,1,2,72,07/05/1950,1,04,2,2,4,10, , , , , ,1, ,10052,0
00,1022,8,13A203,24,40383,2,1,0,02,-,1,3,2,38,27/10/1983,1,07,4,2,6,01,1,5,2,3,999999,1,1,10052,20411
00,1022,8,13A203,24,40383,4,1,0,01,-,1,1,1,62,01/02/1960,1,09,1,2,5,01,1,5,3,2,999999,1, ,10052,0
00,1022,8,13A203,24,40383,4,1,0,03,-,1,3,1,24,18/05/1998,1,07,3,1,6,06, , , , , ,1, ,10052,0
00,1022,8,13A203,24,40383,4,1,0,04,-,1,3,2,22,19/01/2000,1,07,2,1,6,06, , , , , ,1, ,10052,0
00,1022,5,12A206,24,40391,3,1,0,03,-,1,3,1,22,23/08/2000,1,04,3,1,6,06, , , , , ,1, ,7093,0
00,1022,5,12A206,24,40391,3,1,0,01,-,1,1,2,54,15/10/1967,1,06,3,2,4,01,3,4,3,2,999999,1,1,7093,21632
00,1022,5,12A206,24,40391,3,1,0,02,-,1,3,1,27,21/08/1995,1,07,4,1,6,06, , , , , ,1, ,7093,0
00,1022,5,12A206,24,40391,4,1,0,01,-,1,1,1,54,18/10/1967,1,02,6,2,3,01,5,6,3,1,003500,1,1,7093,7210
00,1022,5,12A206,24,40391,1,1,0,04,-,1,5,2,04,18/11/2017, , , , , , , , , , , ,1, ,7093,0
00,1022,5,12A206,24,40391,1,1,0,02,-,1,2,2,35,02/01/1987,1,03,3,2,5,07, , , , , ,1,1,7093,21632
00,1022,5,12A206,24,40391,1,1,0,01,-,1,1,1,46,07/08/1976,1,04,2,2,5,01,7,2,3,1,999999,1, ,7093,0
00,1022,5,12A206,24,40391,1,1,0,03,-,1,3,2,22,29/07/2000,1,04,2,2,6,01,3,5,3,1,999999,1, ,7093,0
00,1022,5,12A206,24,40391,2,1,0,01,-,1,1,2,63,06/04/1959,1,05,4,2,2,01,1,5,3,2,999999,1,1,7093,7210
00,1022,4,11A217,24,40408,2,1,0,04,-,1,3,2,05,17/11/2016,1,01,3,1, , , , , , , ,1, ,8709,0
00,1022,4,11A217,24,40408,2,1,0,02,-,1,3,1,12,23/12/2009,1,03,1,1,6,06, , , , , ,1, ,8709,0
00,1022,4,11A217,24,40408,3,1,0,02,-,1,2,2,65,08/04/1957,1,02,6,2,5,07, , , , , ,1,1,8709,17535
00,1022,4,11A217,24,40408,4,1,0,03,-,1,3,2,19,13/09/2003,1,04,2,1,6,06, , , , , ,1,1,8709,26302
00,1022,4,11A217,24,40408,4,1,0,05,-,1,3,2,05,17/02/2017,2,01,2,1, , , , , , , ,1, ,8709,0
00,1022,4,11A217,24,40408,4,1,0,01,-,1,1,1,42,17/07/1980,1,04,3,2,5,01,5,6,5,1,999999,1, ,8709,0
00,1022,4,11A217,24,40408,4,1,0,02,-,1,2,2,40,21/12/1981,1,03,3,2,5,01,5,5,3,2,001500,1, ,8709,0
00,1022,4,11A217,24,40408,4,1,0,04,-,1,3,2,14,05/11/2007,1,03,3,1,6,06, , , , , ,1, ,8709,0
00,1022,4,11A217,24,40408,3,1,0,01,-,1,1,1,80,23/01/1942,1,00, ,2,5,10, , , , , ,1, ,8709,0
00,1022,4,11A217,24,40408,1,1,0,02,-,1,3,1,22,12/01/2000,1,03,3,2,6,01,7,2,3,1,999999,1,1,8709,17535
00,1022,4,11A217,24,40408,1,1,0,01,-,1,1,1,57,27/11/1964,1,04,2,2,4,01,4,4,2,1,001000,1, ,8709,0
00,1022,4,11A217,24,40408,2,1,0,01,-,1,1,2,30,21/07/1992,1,03,3,2,6,01,5,5,2,1,999999,1,1,8709,8767
00,1022,4,11A217,24,40408,2,1,0,03,-,1,3,1,07,23/03/2015,1,02,1,1, , , , , , , ,1, ,8709,0
00,1022,4,12A217,24,40412,2,1,0,03,-,1,7,1,39,30/06/1983,1,02,6,2,5,01,7,2,2,1,002500,1, ,6982,0
00,1022,4,12A217,24,40412,2,1,0,02,-,1,6,1,29,10/09/1993,1,02,6,2,6,01,7,3,2,1,999999,1, ,6982,0
00,1022,4,12A217,24,40412,2,1,0,01,-,1,1,1,34,30/06/1988,1,02,6,2,5,01,5,5,2,1,999999,1,1,6982,21294
00,1022,4,12A217,24,40412,1,1,1,01,-,1,1,2,58,17/06/1964,2,00, ,2,5,07, , , , , ,1,1,6982,7098
00,1022,4,12A217,24,40412,4,1,0,02,-,1,2,2,39,12/09/1983,1,04,2,2,5,07, , , , , ,1, ,6982,0
00,1022,4,12A217,24,40412,3,1,0,01,-,1,1,2,49,31/01/1973,1,03,3,2,3,01,7,2,3,1,001800,1,1,6982,21294
00,1022,4,12A217,24,40412,4,1,0,04,-,1,3,2,09,13/08/2013,1,02,3,1, , , , , , , ,1, ,6982,0
00,1022,4,12A217,24,40412,4,1,0,03,-,1,3,1,14,26/08/2008,1,03,2,1,6,06, , , , , ,1, ,6982,0
00,1022,4,12A217,24,40412,3,1,0,03,-,1,3,2,19,16/10/2002,1,07,2,1,6,06, , , , , ,1, ,6982,0
00,1022,4,12A217,24,40412,3,1,0,02,-,1,3,2,22,21/10/1999,1,04,3,2,6,07, , , , , ,1, ,6982,0
00,1022,4,12A217,24,40412,4,1,0,01,-,1,1,1,43,23/02/1979,1,04,2,2,5,01,7,2,3,1,001500,1,1,6982,14196
00,1022,7,12A204,25,40134,3,1,0,02,-,1,3,1,22,07/08/2000,1,07,2,1,1,01,4,4,2,1,999999,1,1,7539,22994
00,1022,7,12A204,25,40134,3,1,0,05,-,1,7,2,19,23/04/2003,1,04,3,1,1,07, , , , , ,1, ,7539,0
00,1022,7,12A204,25,40134,2,1,0,04,-,1,3,1,12,29/11/2009,1,02,5,1,6,06, , , , , ,1, ,7539,0
00,1022,7,12A204,25,40134,2,1,0,03,-,1,3,1,20,04/10/2001,1,04,3,1,6,07, , , , , ,1, ,7539,0
00,1022,7,12A204,25,40134,2,1,0,02,-,1,2,2,37,07/08/1985,1,03,3,2,1,01,5,5,3,1,999999,1, ,7539,0
00,1022,7,12A204,25,40134,2,1,0,01,-,1,1,1,44,08/07/1978,1,04,1,2,1,01,5,5,2,1,999999,1,1,7539,22994
00,1022,7,12A204,25,40134,1,1,0,06,-,1,6,1,64,27/08/1958,1,07,5,2,5,08, , , , , ,1, ,7539,0
00,1022,7,12A204,25,40134,1,1,0,02,-,1,2,2,58,25/06/1964,1,02,6,2,5,07, , , , , ,1, ,7539,0
00,1022,7,12A204,25,40134,1,1,0,01,-,1,1,1,59,05/09/1963,1,07,5,1,5,01,1,5,3,3,010000,1, ,7539,0
00,1022,7,12A204,25,40134,1,1,0,05,-,1,6,1,78,25/07/1944,1,07,5,2,4,08, , , , , ,1, ,7539,0
00,1022,7,12A204,25,40134,1,1,0,04,-,1,3,1,29,08/06/1993,1,07,5,1,6,01,3,5,3,2,999999,1,1,7539,45988
00,1022,7,12A204,25,40134,1,1,0,03,-,1,3,1,32,14/11/1989,1,04,3,2,6,01,3,4,3,2,999999,1, ,7539,0
00,1022,4,12A204,25,40134,3,1,0,06,-,2, , , , , , , , , , , , , , , ,1, ,0,0
00,1022,4,12A204,25,40134,3,1,0,03,-,2, , , , , , , , , , , , , , , ,1, ,0,0
00,1022,2,12A204,25,40134,3,1,0,01,-,2, , , , , , , , , , , , , , , ,1, ,0,0
00,1022,7,12A204,25,40134,3,1,0,08,-,1,4,2,36,05/04/1986,1,05,3,2,4,01,4,4,2,1,999999,1, ,7539,0
00,1022,7,12A204,25,40134,3,1,0,07,-,1,6,2,10,07/10/2011,1,02,3,1, , , , , , , ,1, ,7539,0
00,1022,7,12A204,25,40134,3,1,0,04,-,1,3,1,17,06/01/2005,1,03,3,1,6,01,4,4,2,1,999999,1, ,7539,0
00,1022,7,12A204,25,40134,4,1,0,01,-,1,1,2,51,13/05/1971,1,06,3,2,6,01,3,5,3,2,999999,1, ,7539,0
00,1022,7,12A204,25,40134,4,1,0,02,-,1,6,2,57,18/03/1965,1,02,6,2,6,07, , , , , ,1,1,7539,15329
00,1022,3,12A218,25,40155,2,1,0,04,-,1,5,2,31,13/06/1991,1,07,5,2,6,01,3,4,3,2,999999,1, ,7386,0
00,1022,3,12A218,25,40155,2,1,0,07,-,1,3,1,07,09/06/2015,1,02,1,1, , , , , , , ,1, ,7386,0
00,1022,3,12A218,25,40155,1,1,0,03,-,1,3,2,19,20/07/2003,1,04,3,1,6,06, , , , , ,1, ,7386,0
00,1022,3,12A218,25,40155,1,1,0,05,-,1,3,2,16,05/06/2006,1,04,1,1,6,06, , , , , ,1, ,7386,0
00,1022,3,12A218,25,40155,1,1,0,06,-,1,3,1,09,13/02/2013,1,02,3,1, , , , , , , ,1, ,7386,0
00,1022,3,12A218,25,40155,1,1,0,01,-,1,1,1,40,14/10/1981,1,07,5,2,5,01,4,4,2,1,999999,1,1,7386,22526
00,1022,3,12A218,25,40155,1,1,0,04,-,1,3,2,14,27/12/2007,1,03,3,1,6,06, , , , , ,1, ,7386,0
00,1022,3,12A218,25,40155,1,1,0,02,-,1,2,2,37,11/04/1985,1,04,3,2,5,07, , , , , ,1, ,7386,0
00,1022,3,12A218,25,40155,2,1,0,02,-,1,3,1,49,30/06/1973,1,04,3,2,5,01,7,2,2,1,999999,1,1,7386,37543
00,1022,3,12A218,25,40155,3,1,0,02,-,1,2,1,47,04/05/1975,1,06,3,2,5,03,5,2,5,2,999999,1,1,7386,15018
00,1022,3,12A218,25,40155,2,1,0,01,-,1,1,1,86,01/12/1935,1,02,4,2,2,09, , , , , ,1, ,7386,0
00,1022,3,12A218,25,40155,4,1,0,01,-,1,1,1,51,08/03/1971,1,07,5,2,5,01,1,5,3,2,999999,1,1,7386,22526
00,1022,3,12A218,25,40155,4,1,0,05,-,1,5,1,09,25/09/2013,1,02,3,1, , , , , , , ,1, ,7386,0
00,1022,3,12A218,25,40155,4,1,0,06,-,1,5,1,06,25/05/2016,2,01,3,1, , , , , , , ,1, ,7386,0
00,1022,3,12A218,25,40155,4,1,0,04,-,1,3,2,14,24/01/2008,1,03,2,1,6,06, , , , , ,1, ,7386,0
00,1022,3,12A218,25,40155,4,1,0,02,-,1,2,2,45,18/08/1977,1,07,5,2,5,01,3,4,3,2,999999,1, ,7386,0
00,1022,3,12A218,25,40155,4,1,0,03,-,1,3,2,26,22/07/1996,1,07,1,1,2,06, , , , , ,1, ,7386,0
00,1022,3,12A218,25,40155,2,1,0,06,-,2, , , , , , , , , , , , , , , ,1, ,0,0
00,1022,3,12A218,25,40155,2,1,0,05,-,1,5,2,26,03/07/1996,1,03,3,2,6,01,3,4,3,1,999999,1, ,7386,0
00,1022,3,12A218,25,40155,2,1,0,03,-,1,5,2,49,11/04/1973,1,02,6,2,5,07, , , , , ,1, ,7386,0
00,1022,3,12A218,25,40155,3,1,0,01,-,1,1,2,44,16/03/1978,1,06,3,2,5,07, , , , , ,1, ,7386,0
00,1022,3,12A218,25,40155,3,1,0,03,-,1,3,1,13,20/02/2009,1,03,1,1,6,06, , , , , ,1, ,7386,0
00,1022,2,13B211,25,40189,4,1,0,03,-,1,3,2,17,08/09/2005,1,04,2,1,6,06, , , , , ,1, ,9945,0
00,1022,2,13B211,25,40189,1,1,0,04,-,1,3,2,04,28/04/2018, , , , , , , , , , , ,1, ,9945,0
00,1022,2,13B211,25,40189,1,1,0,01,-,1,1,1,39,28/08/1983,1,04,2,2,5,03,5,5,2,1,999999,1, ,9945,0
00,1022,2,13B211,25,40189,4,1,0,04,-,1,3,2,17,08/09/2005,1,04,2,1,6,06, , , , , ,1, ,9945,0
00,1022,2,13B211,25,40189,2,1,0,01,-,1,1,1,24,07/07/1998,1,06,2,2,6,01,5,7,3,2,999999,1,1,9945,10098
00,1022,2,13B211,25,40189,1,1,0,02,-,1,2,2,36,26/05/1986,2,04,1,2,5,01,5,5,3,2,999999,1,1,9945,20196
00,1022,2,13B211,25,40189,4,1,0,01,-,1,1,2,43,14/08/1979,1,06,3,2,3,07, , , , , ,1,1,9945,20196
00,1022,2,13B211,25,40189,4,1,0,02,-,1,4,2,65,04/01/1957,1,03,3,2,3,07, , , , , ,1, ,9945,0
00,1022,2,13B211,25,40189,1,1,0,03,-,1,3,1,12,24/04/2010,1,03,1,1,6,06, , , , , ,1, ,9945,0
00,1022,6,11A205,25,40197,2,1,0,01,-,1,1,2,73,01/12/1948,1,02,4,2,4,01,5,5,3,1,001200,1,1,6894,6940
00,1022,6,11A205,25,40197,4,1,0,04,-,1,3,1,02,29/11/2019, , , , , , , , , , , ,1, ,6894,0
00,1022,6,11A205,25,40197,4,1,0,03,-,1,3,1,09,11/05/2013,1,02,2,1, , , , , , , ,1, ,6894,0
00,1022,6,11A205,25,40197,4,1,0,02,-,1,2,2,33,03/12/1988,1,07,5,2,5,01,1,5,2,1,999999,1, ,6894,0
00,1022,6,11A205,25,40197,4,1,0,01,-,1,1,1,41,12/11/1980,1,07,5,2,5,01,3,7,3,2,999999,1,1,6894,13880
00,1022,3,11A205,25,40197,1,1,0,02,-,2, , , , , , , , , , , , , , , ,1, ,0,0
00,1022,6,11A205,25,40197,1,1,0,01,-,1,1,1,40,26/09/1982,1,04,3,2,5,01,3,2,3,1,001600,1,1,6894,13880
00,1022,6,11A205,25,40197,1,1,0,03,-,1,2,2,27,16/02/1995,1,07,5,2,1,01,5,5,3,2,999999,1, ,6894,0
00,1022,6,11A205,25,40197,1,1,0,04,-,1,3,2,02,24/04/2020, , , , , , , , , , , ,1, ,6894,0
00,1022,6,11A205,25,40197,3,1,0,01,-,1,1,2,64,08/03/1958,1,04,3,2,4,01,4,4,2,1,999999,1,1,6894,6940
00,1022,6,13A205,25,40264,3,1,0,04,-,1,3,1,17,13/03/2005,1,04,1,1,6,01,5,5,3,1,999999,1, ,9662,0
00,1022,6,13A205,25,40264,4,1,0,01,-,1,1,1,24,04/08/1998,1,04,1,2,5,01,5,4,3,2,999999,1,1,9662,19620
00,1022,6,13A205,25,40264,3,1,0,01,-,1,1,1,49,18/08/1973,1,04,3,2,5,01,3,4,3,2,005100,1, ,9662,0
00,1022,6,13A205,25,40264,3,1,0,03,-,1,3,2,20,29/12/2001,1,04,3,2,6,01,3,5,3,1,001250,1,1,9662,29430
00,1022,6,13A205,25,40264,3,1,0,02,-,1,2,2,43,05/03/1979,1,03,3,2,5,01,3,4,3,2,999999,1, ,9662,0
00,1022,6,13A205,25,40264,1,1,0,03,-,1,3,1,15,01/09/2007,1,04,2,1,6,06, , , , , ,1, ,9662,0
00,1022,6,13A205,25,40264,1,1,0,02,-,1,2,1,46,08/09/1976,1,04,3,2,5,01,1,4,3,2,999999,1, ,9662,0
00,1022,6,13A205,25,40264,1,1,0,01,-,1,1,2,43,08/09/1979,1,04,3,2,5,01,3,4,3,2,999999,1,1,9662,19620
00,1022,6,13A205,25,40264,1,1,0,04,-,1,3,2,13,12/12/2008,1,02,4,1,6,06, , , , , ,1, ,9662,0
00,1022,6,13A205,25,40264,3,1,0,05,-,1,3,1,02,13/10/2019, , , , , , , , , , , ,1, ,9662,0
00,1022,6,13A205,25,40264,4,1,0,02,-,1,2,2,26,16/06/1996,1,07,1,2,5,01,3,4,3,1,999999,1, ,9662,0
00,1022,6,13A205,25,40264,2,1,0,02,-,1,2,2,44,23/02/1978,1,02,3,2,5,01,5,5,3,1,999999,1,1,9662,19620
00,1022,6,13A205,25,40264,2,1,0,01,-,1,1,1,41,03/04/1981,1,02,6,2,5,01,5,6,3,1,999999,1, ,9662,0
00,1022,2,12B211,25,40288,3,1,0,02,-,2, , , , , , , , , , , , , , , ,1, ,0,0
00,1022,2,12B211,25,40288,2,1,0,01,-,1,1,1,23,26/09/1999,1,07,5,2,6,01,5,6,5,1,999999,1,1,7712,15681
00,1022,2,12B211,25,40288,2,1,0,02,-,1,4,2,47,07/10/1975,1,04,3,2,6,01,3,5,3,1,002500,1, ,7712,0
00,1022,2,12B211,25,40288,1,1,0,01,-,1,1,2,78,08/01/1944,1,02,3,2,4,07, , , , , ,1,1,7712,7841
00,1022,2,12B211,25,40288,3,1,0,05,-,2, , , , , , , , , , , , , , , ,1, ,0,0
00,1022,2,12B211,25,40288,3,1,0,03,-,1,2,2,40,05/05/1982,1,07,5,2,5,07, , , , , ,1,1,7712,15681
00,1022,2,12B211,25,40288,3,1,0,01,-,1,1,1,40,28/08/1982,1,07,5,2,5,01,4,4,2,1,999999,1, ,7712,0
00,1022,2,12B211,25,40288,3,1,0,04,-,2, , , , , , , , , , , , , , , ,1, ,0,0
00,1022,4,12A217,25,40314,4,1,0,01,-,1,1,2,45,08/03/1977,1,04,3,2,2,01,4,4,2,1,999999,1, ,6266,0
00,1022,4,12A217,25,40314,4,1,0,03,-,1,3,1,12,25/07/2010,1,02,5,1,6,06, , , , , ,1, ,6266,0
00,1022,4,12A217,25,40314,2,1,0,03,-,1,3,2,10,11/07/2012,1,02,3,1, , , , , , , ,1, ,6266,0
00,1022,4,12A217,25,40314,2,1,0,02,-,1,2,2,33,11/07/1989,1,03,3,2,5,02,1,5,6,5, ,1, ,6266,0
00,1022,4,12A217,25,40314,2,1,0,01,-,1,1,1,33,11/07/1989,1,07,3,2,5,01,1,5,2,1,999999,1,1,6266,12741
00,1022,4,12A217,25,40314,4,1,0,02,-,1,3,2,19,15/01/2003,1,04,3,1,6,06, , , , , ,1,1,6266,12741
00,1022,4,12A217,25,40314,1,1,0,01,-,1,1,1,70,19/08/1952,1,02,6,2,6,01,6,1,2,4,999999,1,1,6266,19112
00,1022,4,12A217,25,40314,1,1,0,02,-,1,2,2,57,24/01/1965,1,02,6,2,5,07, , , , , ,1, ,6266,0
00,1022,4,12A217,25,40314,4,1,0,04,-,1,3,2,06,11/07/2016,2,02,1,1, , , , , , , ,1, ,6266,0
00,1022,4,12A217,25,40314,3,1,0,01,-,1,1,2,42,07/07/1980,1,08,2,2,3,01,3,5,3,2,999999,1,1,6266,6371
00,1022,4,12A217,25,40314,3,1,0,02,-,1,3,2,14,01/01/2008,1,03,2,1,6,06, , , , , ,1, ,6266,0
00,1022,4,12A217,25,40314,3,1,0,04,-,1,3,1,11,06/05/2011,1,02,5,1, , , , , , , ,1, ,6266,0
00,1022,4,12A217,25,40314,3,1,0,03,-,1,3,1,12,08/11/2009,1,03,1,1,6,06, , , , , ,1, ,6266,0
00,1022,4,12A217,25,40314,1,1,0,03,-,1,3,1,18,27/06/2004,1,04,3,2,6,02,6,1,6,5, ,1, ,6266,0
00,1022,1,13B212,25,40320,2,1,0,02,-,1,2,2,45,27/02/1977,1,07,1,2,5,01,3,1,3,2,999999,1, ,9012,0
00,1022,1,13B212,25,40320,2,1,0,01,-,1,1,1,47,05/03/1975,1,07,1,2,5,01,4,4,2,1,999999,1, ,9012,0
00,1022,1,13B212,25,40320,1,1,0,02,-,1,7,2,19,08/04/2003,1,04,2,2,6,07, , , , , ,1, ,9012,0
00,1022,1,13B212,25,40320,1,1,0,01,-,1,1,2,21,26/04/2001,1,07,3,1,6,01,3,4,3,2,003000,1,1,9012,18300
00,1022,1,13B212,25,40320,1,1,0,03,-,1,7,2,01,31/08/2021, , , , , , , , , , , ,1, ,9012,0
00,1022,1,13B212,25,40320,3,1,0,02,-,1,2,2,34,20/11/1987,1,07,5,2,1,01,1,5,3,2,999999,1,1,9012,18300
00,1022,1,13B212,25,40320,3,1,0,03,-,1,3,2,05,04/06/2017,2,01,2,1, , , , , , , ,1, ,9012,0
00,1022,1,13B212,25,40320,3,1,0,01,-,1,1,1,40,03/03/1982,1,07,5,2,1,01,5,5,1,1,999999,1, ,9012,0
00,1022,1,13B212,25,40320,2,1,0,03,-,1,3,2,22,20/09/2000,1,07,4,1,6,06, , , , , ,1,1,9012,27450
00,1022,1,13B212,25,40320,4,1,0,02,-,1,2,2,45,18/12/1976,1,04,2,2,5,01,3,4,3,2,003900,1,1,9012,27450
00,1022,1,13B212,25,40320,4,1,0,01,-,1,1,1,45,13/11/1976,1,07,5,2,5,01,5,5,3,2,004000,1, ,9012,0
00,1022,1,13B212,25,40320,4,1,0,04,-,1,3,1,11,06/12/2010,1,02,6,1, , , , , , , ,1, ,9012,0
00,1022,1,13B212,25,40320,4,1,0,03,-,1,3,2,26,29/12/1995,1,07,5,2,6,01,5,4,3,2,002000,1, ,9012,0
00,1022,1,13B212,25,40320,4,1,0,05,-,1,5,2,05,01/09/2017,2,01,1,1, , , , , , , ,1, ,9012,0
00,1022,1,13B212,25,40320,2,1,0,04,-,1,3,2,12,27/11/2009,1,02,6,1,6,06, , , , , ,1, ,9012,0
00,1022,2,11A206,25,40325,1,1,0,01,-,2, , , , , , , , , , , , , , , ,1, ,0,0
00,1022,5,11A206,25,40325,4,1,0,03,-,3,3,1,36,17/05/1986,1,03,3,2,2,01,5,5,3,2,999999,1, ,8165,0
00,1022,2,11A206,25,40325,1,1,0,03,-,2, , , , , , , , , , , , , , , ,1, ,0,0
00,1022,5,11A206,25,40325,1,1,0,04,-,1,3,2,34,09/02/1988,1,07,5,2,5,01,1,5,3,2,004500,1,1,8165,32879
00,1022,5,11A206,25,40325,1,1,0,05,-,1,5,1,07,01/02/2015,2,01,2,1, , , , , , , ,1, ,8165,0
00,1022,5,11A206,25,40325,1,1,0,07,-,3,4,2,65,12/01/1957,1,02,6,2,5,07, , , , , ,1, ,8165,0
00,1022,5,11A206,25,40325,1,1,0,08,-,3,6,1,44,10/03/1978,2,00, ,2,6,09, , , , , ,1, ,8165,0
00,1022,5,11A206,25,40325,1,1,0,06,-,3,4,1,65,19/11/1956,1,02,6,2,5,08, , , , , ,1, ,8165,0
00,1022,5,11A206,25,40325,2,1,0,05,-,1,3,2,11,30/11/2010,1,02,5,1, , , , , , , ,1, ,8165,0
00,1022,5,11A206,25,40325,2,1,0,01,-,1,1,1,49,20/04/1973,1,03,2,2,5,01,5,6,5,1,999999,1, ,8165,0
00,1022,5,11A206,25,40325,4,1,0,01,-,1,1,2,65,25/12/1956,1,02,1,2,2,01,4,4,5,2,999999,1,1,8165,16439
00,1022,2,11A206,25,40325,4,1,0,02,-,2, , , , , , , , , , , , , , , ,1, ,0,0
00,1022,5,11A206,25,40325,2,1,0,04,-,1,3,1,13,06/07/2009,1,02,5,1,6,06, , , , , ,1, ,8165,0
00,1022,5,11A206,25,40325,2,1,0,03,-,1,3,1,20,20/10/2001,1,04,3,2,6,01,5,6,5,1,999999,1,1,8165,24659
00,1022,5,11A206,25,40325,2,1,0,02,-,1,2,2,45,23/01/1977,1,03,3,2,5,07, , , , , ,1, ,8165,0
00,1022,5,11A206,25,40325,3,1,0,01,-,1,1,1,56,24/02/1966,1,02,6,2,1,01,7,2,4,1,001800,1,1,8165,8220
00,1022,2,11A206,25,40325,1,1,0,02,-,2, , , , , , , , , , , , , , , ,1, ,0,0
00,1022,8,12A203,25,40352,1,1,0,01,-,1,1,1,63,06/06/1959,1,04,2,2,5,01,5,4,3,1,001900,1, ,7536,0
00,1022,8,12A203,25,40352,1,1,0,06,-,1,3,2,36,01/05/1986,1,04,3,2,6,01,4,4,3,1,001600,1, ,7536,0
00,1022,8,12A203,25,40352,2,1,0,02,-,1,3,2,23,07/03/1999,1,07,3,2,6,02,5,5,6,5, ,1, ,7536,0
00,1022,8,12A203,25,40352,2,1,0,01,-,1,1,2,58,20/08/1964,1,06,4,2,6,01,1,5,3,2,999999,1,1,7536,15323
00,1022,8,12A203,25,40352,1,1,0,05,-,1,5,1,03,02/11/2018, , , , , , , , , , , ,1, ,7536,0
00,1022,8,12A203,25,40352,4,1,0,02,-,1,2,2,54,10/06/1968,1,03,3,2,1,07, , , , , ,1, ,7536,0
00,1022,8,12A203,25,40352,4,1,0,05,-,1,5,1,19,30/07/2003,1,04,1,1,6,06, , , , , ,1, ,7536,0
00,1022,8,12A203,25,40352,4,1,0,03,-,1,3,2,36,21/12/1985,1,04,1,2,6,01,5,4,3,2,999999,1, ,7536,0
00,1022,8,12A203,25,40352,4,1,0,04,-,1,3,2,30,09/03/1992,1,04,3,2,6,01,3,4,3,2,999999,1,1,7536,38307
00,1022,8,12A203,25,40352,4,1,0,01,-,1,1,1,57,02/11/1964,1,03,3,2,1,01,5,5,3,1,999999,1, ,7536,0
00,1022,8,12A203,25,40352,3,1,0,03,-,1,3,1,04,06/04/2018, , , , , , , , , , , ,1, ,7536,0
00,1022,8,12A203,25,40352,3,1,0,01,-,1,1,1,31,08/10/1991,1,07,5,2,5,01,1,4,3,3,016500,1,1,7536,15323
00,1022,8,12A203,25,40352,3,1,0,02,-,1,2,2,30,26/11/1991,1,07,4,2,5,03,3,5,3,2,006500,1, ,7536,0
00,1022,8,12A203,25,40352,1,1,0,04,-,1,5,1,07,02/08/2015,2,01,3,1, , , , , , , ,1, ,7536,0
00,1022,8,12A203,25,40352,1,1,0,03,-,1,5,1,11,04/12/2010,1,02,4,1, , , , , , , ,1, ,7536,0
00,1022,8,12A203,25,40352,1,1,0,02,-,1,2,2,59,17/11/1962,1,03,3,2,5,01,5,5,3,1,001300,1,1,7536,22984
00,1022,1,11B212,25,40354,3,1,0,04,-,1,3,2,10,01/01/2012,1,02,4,1, , , , , , , ,1, ,7095,0
00,1022,1,11B212,25,40354,2,1,0,02,-,1,2,2,24,07/10/1998,1,04,3,2,5,01,3,4,3,2,999999,1, ,7095,0
00,1022,1,11B212,25,40354,2,1,0,01,-,1,1,1,27,03/01/1995,1,04,3,2,5,01,3,4,3,2,999999,1,1,7095,14286
00,1022,1,11B212,25,40354,4,1,0,01,-,1,1,1,86,23/08/1936,2,00, ,2,1,09, , , , , ,1, ,7095,0
00,1022,1,11B212,25,40354,4,1,0,02,-,1,2,2,80,23/11/1941,2,00, ,2,1,07, , , , , ,1,1,7095,14286
00,1022,1,11B212,25,40354,3,1,0,02,-,1,2,2,38,25/05/1984,1,03,3,1,5,01,1,5,3,1,999999,1,1,7095,14286
00,1022,1,11B212,25,40354,1,1,0,03,-,1,3,2,26,10/06/1996,1,07,5,2,6,01,1,5,3,2,999999,1, ,7095,0
00,1022,1,11B212,25,40354,1,1,0,01,-,1,1,1,55,16/05/1967,2,00, ,2,1,01,6,1,2,1,999999,1,1,7095,21429
00,1022,1,11B212,25,40354,3,1,0,03,-,1,3,1,15,14/06/2007,1,03,3,1,6,06, , , , , ,1, ,7095,0
00,1022,1,11B212,25,40354,3,1,0,05,-,1,3,1,05,12/09/2017,2,01,1,1, , , , , , , ,1, ,7095,0
00,1022,1,11B212,25,40354,3,1,0,01,-,1,1,1,40,03/10/1982,1,03,3,2,5,01,1,5,3,1,999999,1, ,7095,0
00,1022,1,11B212,25,40354,1,1,0,02,-,1,2,2,56,01/08/1966,1,02,3,2,1,07, , , , , ,1, ,7095,0
00,1022,5,12A206,25,40391,1,1,0,01,-,1,1,1,66,02/11/1955,1,04,2,2,5,08, , , , , ,1,1,6977,14186
00,1022,5,12A206,25,40391,4,1,0,01,-,1,1,1,65,16/08/1957,1,02,3,2,1,04, , , , , ,1,1,6977,14186
00,1022,5,12A206,25,40391,3,1,0,02,-,1,2,2,32,19/01/1990,1,06,5,2,5,01,1,5,3,2,006500,1, ,6977,0
00,1022,5,12A206,25,40391,1,1,0,02,-,1,2,2,64,19/02/1958,1,03,3,2,5,08, , , , , ,1, ,6977,0
00,1022,5,12A206,25,40391,3,1,0,01,-,1,1,1,37,05/01/1985,1,07,5,2,5,01,1,5,3,2,006500,1,1,6977,14186
00,1022,5,12A206,25,40391,2,1,0,03,-,2, , , , , , , , , , , , , , , ,1, ,0,0
00,1022,5,12A206,25,40391,2,1,0,02,-,1,3,2,08,16/01/2014,1,02,1,1, , , , , , , ,1, ,6977,0
00,1022,5,12A206,25,40391,2,1,0,01,-,1,1,2,43,07/01/1979,1,06,3,2,6,01,5,5,3,1,002000,1,1,6977,7092
00,1022,5,12A206,25,40391,4,1,0,02,-,1,2,2,54,19/11/1967,1,02,6,2,1,07, , , , , ,1, ,6977,0
00,1022,5,12A206,25,40391,3,1,0,03,-,1,3,1,07,01/06/2015,1,02,1,1, , , , , , , ,1, ,6977,0
00,1022,7,11A204,26,40034,2,1,0,03,-,1,3,1,09,13/11/2012,1,02,3,1, , , , , , , ,1, ,6533,0
00,1022,7,11A204,26,40034,2,1,0,01,-,1,1,1,25,26/10/1996,1,04,2,1,5,01,3,5,3,3,012000,1,1,6533,13154
00,1022,7,11A204,26,40034,4,1,0,01,-,1,1,1,42,18/05/1980,1,07,5,2,6,01,3,5,3,2,006000,1,1,6533,6577
00,1022,7,11A204,26,40034,2,1,0,02,-,1,2,2,24,19/02/1998,1,04,2,2,5,01,4,4,3,1,001000,1, ,6533,0
00,1022,7,13A204,26,40035,4,1,0,02,-,1,2,2,52,03/12/1969,1,07,5,2,5,01,1,7,3,2,012000,1, ,10386,0
00,1022,7,13A204,26,40035,4,1,0,01,-,1,1,1,56,17/09/1966,1,03,3,2,5,01,3,7,3,2,005000,1,1,10386,21091
00,1022,7,13A204,26,40035,4,1,0,03,-,1,3,1,17,29/12/2004,1,04,2,1,6,06, , , , , ,1, ,10386,0
00,1022,3,11A218,26,40064,3,1,0,05,-,1,5,1,15,28/08/2007,1,02,6,1,6,06, , , , , ,1, ,8168,0
00,1022,3,11A218,26,40064,1,1,0,02,-,1,3,2,17,23/07/2005,1,04,2,1,6,06, , , , , ,1, ,8168,0
00,1022,3,11A218,26,40064,1,1,0,01,-,1,1,2,47,29/08/1975,1,03,3,2,3,01,5,5,3,1,001700,1,1,8168,8222
00,1022,3,11A218,26,40064,4,1,0,01,-,1,1,1,49,21/05/1973,1,03,3,2,5,01,3,5,3,1,002000,1, ,8168,0
00,1022,3,11A218,26,40064,4,1,0,03,-,1,3,1,13,25/08/2009,1,02,6,1,6,06, , , , , ,1, ,8168,0
00,1022,3,11A218,26,40064,4,1,0,04,-,1,3,2,12,03/09/2010,1,02,6,1,6,06, , , , , ,1, ,8168,0
00,1022,3,11A218,26,40064,3,1,0,04,-,1,5,2,16,27/12/2005,1,03,1,2,6,07, , , , , ,1, ,8168,0
00,1022,3,11A218,26,40064,3,1,0,03,-,1,3,1,19,14/06/2003,1,03,2,2,6,04, , , , , ,1, ,8168,0
00,1022,3,11A218,26,40064,3,1,0,06,-,1,5,1,01,21/12/2020, , , , , , , , , , , ,1, ,8168,0
00,1022,3,11A218,26,40064,3,1,0,02,-,1,3,2,39,17/08/1983,1,02,6,2,4,07, , , , , ,1,1,8168,24667
00,1022,3,11A218,26,40064,3,1,0,01,-,1,1,2,64,04/01/1958,2,00, ,2,4,01,5,5,3,1,000700,1, ,8168,0
00,1022,3,11A218,26,40064,4,1,0,02,-,1,2,2,38,16/05/1984,1,03,3,2,5,07, , , , , ,1,1,8168,16445
00,1022,3,11A218,26,40064,2,1,0,02,-,1,8,1,33,04/12/1988,1,07,5,2,6,01,3,5,3,2,005000,1, ,8168,0
00,1022,3,11A218,26,40064,2,1,0,01,-,1,1,1,33,16/12/1988,1,07,5,2,6,01,3,5,3,2,005000,1,1,8168,16445
00,1022,3,13A218,26,40129,4,1,0,02,-,1,2,2,26,29/03/1996,1,04,2,2,5,07, , , , , ,1, ,9428,0
00,1022,3,13A218,26,40129,4,1,0,03,-,1,3,1,04,26/03/2018, , , , , , , , , , , ,1, ,9428,0
00,1022,3,13A218,26,40129,4,1,0,01,-,1,1,1,26,14/02/1996,1,02,6,2,5,01,5,5,3,1,001800,1,1,9428,19145
00,1022,3,13A218,26,40129,1,1,0,01,-,1,1,1,33,06/04/1989,1,08,2,2,6,01,1,5,3,3,012000,1,1,9428,19145
00,1022,3,13A218,26,40129,1,1,0,02,-,1,8,2,32,12/07/1990,1,07,5,2,6,01,1,5,3,3,012000,1, ,9428,0
00,1022,3,13A218,26,40129,3,1,0,02,-,1,3,2,39,11/04/1983,1,07,5,2,6,01,1,2,3,2,004000,1, ,9428,0
00,1022,3,13A218,26,40129,2,1,0,02,-,1,2,2,30,08/06/1992,1,07,5,2,1,02,5,5,6,5, ,1,1,9428,19145
00,1022,3,13A218,26,40129,2,1,0,01,-,1,1,1,38,30/06/1984,1,03,3,2,1,01,5,5,2,2,003000,1, ,9428,0
00,1022,3,13A218,26,40129,2,1,0,03,-,1,3,1,06,13/10/2015,1,02,1,1, , , , , , , ,1, ,9428,0
00,1022,3,13A218,26,40129,3,1,0,01,-,1,1,2,75,26/08/1947,1,02,6,2,4,07, , , , , ,1,1,9428,19145
00,1022,3,13A218,26,40129,2,1,0,04,-,1,3,1,02,08/06/2020, , , , , , , , , , , ,1, ,9428,0
00,1022,6,12A205,26,40260,3,1,0,01,-,1,1,2,66,11/09/1956,2,03,3,2,6,07, , , , , ,1,1,10821,22002
00,1022,6,12A205,26,40260,3,1,0,02,-,1,6,2,56,16/09/1966,1,04,3,2,6,07, , , , , ,1, ,10821,0
00,1022,6,12A205,26,40260,4,1,0,01,-,1,1,2,30,04/12/1991,1,07,2,1,6,01,1,5,3,3,008000,1,1,10821,11000
00,1022,2,12B211,26,40287,2,1,0,03,-,1,3,2,42,08/07/1980,1,07,5,2,4,01,3,5,3,2,004000,1, ,7440,0
00,1022,2,12B211,26,40287,2,1,0,04,-,1,3,2,17,26/07/2005,1,04,1,1,6,06, , , , , ,1, ,7440,0
00,1022,2,12B211,26,40287,2,1,0,06,-,1,4,1,07,18/09/2015,1,02,1,1, , , , , , , ,1, ,7440,0
00,1022,2,12B211,26,40287,3,1,0,02,-,1,2,2,62,20/10/1959,1,02,6,2,5,01,5,5,2,3,000800,1,1,7440,15127
00,1022,2,12B211,26,40287,4,1,0,02,-,1,3,1,40,26/01/1982,1,03,3,2,6,04, , , , , ,1, ,7440,0
00,1022,2,12B211,26,40287,1,1,0,01,-,1,1,2,69,30/03/1953,1,03,1,2,4,08, , , , , ,1,1,7440,30254
00,1022,2,12B211,26,40287,1,1,0,03,-,1,3,1,39,09/05/1983,1,04,3,2,6,01,5,2,3,1,001600,1, ,7440,0
00,1022,2,12B211,26,40287,1,1,0,02,-,1,3,1,49,14/09/1973,1,03,3,2,6,01,5,5,3,1,001500,1, ,7440,0
00,1022,2,12B211,26,40287,1,1,0,04,-,1,3,1,34,17/06/1988,1,04,3,2,6,01,7,2,3,1,001800,1, ,7440,0
00,1022,2,12B211,26,40287,3,1,0,01,-,1,1,1,66,24/06/1956,1,02,6,2,5,08, , , , , ,1, ,7440,0
00,1022,2,12B211,26,40287,2,1,0,05,-,1,5,2,14,05/12/2007,1,03,3,1,6,06, , , , , ,1, ,7440,0
00,1022,2,12B211,26,40287,2,1,0,01,-,1,1,1,69,10/07/1953,1,02,6,2,5,08, , , , , ,1,1,7440,22691
00,1022,2,12B211,26,40287,2,1,0,02,-,1,2,2,65,06/10/1957,1,02,6,2,5,07, , , , , ,1, ,7440,0
00,1022,2,12B211,26,40287,4,1,0,01,-,1,1,2,64,01/03/1958,1,06,3,2,3,10, , , , , ,1,1,7440,15127
00,1022,8,12A203,26,40320,3,1,0,03,-,1,3,1,17,11/07/2005,1,03,3,1,6,06, , , , , ,1, ,7820,0
00,1022,8,12A203,26,40320,1,1,0,03,-,1,3,2,16,21/01/2006,1,03,3,1,6,06, , , , , ,1, ,7820,0
00,1022,8,12A203,26,40320,3,1,0,04,-,1,3,1,11,09/02/2011,1,02,4,1, , , , , , , ,1, ,7820,0
00,1022,8,12A203,26,40320,3,1,0,05,-,1,3,1,09,02/02/2013,1,02,2,1, , , , , , , ,1, ,7820,0
00,1022,8,12A203,26,40320,3,1,0,02,-,1,3,1,22,01/09/2000,1,03,3,2,6,07, , , , , ,1, ,7820,0
00,1022,8,12A203,26,40320,4,1,0,02,-,1,2,2,32,30/06/1990,1,07,4,2,5,07, , , , , ,1, ,7820,0
00,1022,8,12A203,26,40320,4,1,0,01,-,1,1,1,46,15/06/1976,1,03,3,1,5,01,7,2,3,3,030000,1,1,7820,15901
00,1022,8,12A203,26,40320,4,1,0,03,-,1,3,2,08,30/06/2014,1,02,1,1, , , , , , , ,1, ,7820,0
00,1022,8,12A203,26,40320,4,1,0,04,-,1,3,1,05,30/06/2017,1,01,1,1, , , , , , , ,1, ,7820,0
00,1022,8,12A203,26,40320,2,1,0,02,-,1,2,2,21,07/08/2001,1,04,3,2,1,07, , , , , ,1, ,7820,0
00,1022,8,12A203,26,40320,2,1,0,01,-,1,1,1,21,13/08/2001,1,03,3,2,6,01,5,5,2,1,005000,1,1,7820,15901
00,1022,8,12A203,26,40320,1,1,0,01,-,1,1,1,42,13/06/1980,1,06,3,2,5,01,3,4,3,3,030000,1, ,7820,0
00,1022,8,12A203,26,40320,1,1,0,04,-,1,3,1,10,01/08/2012,1,02,3,1, , , , , , , ,1, ,7820,0
00,1022,8,12A203,26,40320,1,1,0,02,-,1,2,2,39,24/08/1983,1,04,3,2,5,01,3,4,3,3,008000,1,1,7820,15901
00,1022,8,12A203,26,40320,3,1,0,01,-,1,1,2,41,26/08/1981,1,03,3,2,3,01,7,2,3,1,001800,1,1,7820,15901
00,1022,4,11A217,26,40345,1,1,0,05,-,1,3,2,06,05/09/2016,1,01,1,1, , , , , , , ,1, ,7177,0
00,1022,4,11A217,26,40345,4,1,0,02,-,1,2,2,52,20/02/1970,1,03,3,2,1,07, , , , , ,1, ,7177,0
00,1022,4,11A217,26,40345,4,1,0,04,-,1,3,1,10,20/02/2012,1,02,4,1, , , , , , , ,1, ,7177,0
00,1022,4,11A217,26,40345,4,1,0,03,-,1,3,2,17,20/06/2005,1,04,2,1,6,06, , , , , ,1, ,7177,0
00,1022,4,11A217,26,40345,4,1,0,01,-,1,1,1,59,14/08/1963,1,03,3,2,1,01,3,7,3,2,005000,1,1,7177,14451
00,1022,4,11A217,26,40345,3,1,0,01,-,1,1,2,22,04/09/2000,1,07,3,2,6,01,3,4,3,1,001300,1,1,7177,7225
00,1022,4,11A217,26,40345,3,1,0,03,-,1,6,1,11,01/02/2011,1,02,5,1, , , , , , , ,1, ,7177,0
00,1022,4,11A217,26,40345,3,1,0,02,-,1,6,1,17,22/02/2005,1,04,2,1,6,06, , , , , ,1, ,7177,0
00,1022,4,11A217,26,40345,2,1,0,01,-,1,1,1,21,07/09/2001,1,04,3,2,6,01,5,5,3,1,002000,1,1,7177,14451
00,1022,4,11A217,26,40345,2,1,0,02,-,1,8,1,21,23/08/2001,1,04,3,2,6,01,3,7,3,2,006000,1, ,7177,0
00,1022,4,11A217,26,40345,1,1,0,01,-,1,1,1,51,01/05/1971,1,06,1,2,1,01,5,5,2,3,012000,1,1,7177,21676
00,1022,4,11A217,26,40345,1,1,0,02,-,1,2,2,43,08/06/1979,1,07,5,2,1,02,5,5,6,5, ,1, ,7177,0
00,1022,4,11A217,26,40345,1,1,0,04,-,1,3,2,17,08/11/2004,1,04,3,1,6,06, , , , , ,1, ,7177,0
00,1022,4,11A217,26,40345,1,1,0,03,-,1,3,2,18,15/06/2004,1,07,1,1,6,06, , , , , ,1, ,7177,0
00,1022,4,11A217,26,40345,1,1,0,06,-,1,3,1,04,29/01/2018, , , , , , , , , , , ,1, ,7177,0
00,1022,1,12B212,26,40386,2,1,0,01,-,1,1,2,57,18/11/1964,1,04,1,2,6,01,5,5,3,1,002000,1,1,8684,8829
00,1022,1,12B212,26,40386,1,1,0,01,-,1,1,1,79,25/12/1942,1,02,4,2,6,01,1,5,2,1,001000,1,1,8684,8829
00,1022,1,12B212,26,40386,3,1,0,02,-,1,2,2,56,14/07/1966,1,04,3,1,5,07, , , , , ,1,1,8684,26486
00,1022,1,12B212,26,40386,3,1,0,04,-,1,3,2,15,10/11/2006,1,04,1,1,6,06, , , , , ,1, ,8684,0
00,1022,1,12B212,26,40386,3,1,0,03,-,1,3,2,19,08/08/2003,1,07,1,1,5,06, , , , , ,1, ,8684,0
00,1022,1,12B212,26,40386,4,1,0,01,-,1,1,1,44,23/08/1978,1,04,3,2,6,01,5,5,3,1,004000,1,1,8684,8829
00,1022,1,12B212,26,40386,3,1,0,01,-,1,1,1,54,29/09/1968,1,07,2,2,5,01,4,4,2,1,001000,1, ,8684,0
00,1022,5,12A206,26,40394,2,1,0,01,-,1,1,2,65,05/12/1956,1,07,5,2,5,08, , , , , ,1,1,8063,8197
00,1022,5,12A206,26,40394,3,1,0,01,-,1,1,1,29,01/08/1993,1,03,3,2,1,01,2,5,1,1,003000,1, ,8063,0
00,1022,5,12A206,26,40394,3,1,0,02,-,1,2,2,30,07/12/1991,1,07,5,2,1,02,3,5,6,5, ,1,1,8063,16393
00,1022,5,12A206,26,40394,1,1,0,02,-,1,3,1,13,25/09/2009,1,02,6,1,6,06, , , , , ,1, ,8063,0
00,1022,5,12A206,26,40394,1,1,0,01,-,1,1,2,30,24/09/1992,1,07,5,2,1,01,3,7,3,2,007800,1,1,8063,16393
00,1022,5,12A206,26,40394,1,1,0,03,-,1,2,1,39,17/05/1983,1,07,5,2,5,01,3,7,3,2,007800,1, ,8063,0
00,1022,5,12A206,26,40394,3,1,0,03,-,1,3,1,12,07/12/2009,1,02,5,1,6,06, , , , , ,1, ,8063,0
00,1022,5,12A206,26,40394,3,1,0,04,-,1,3,1,01,01/08/2021, , , , , , , , , , , ,1, ,8063,0
00,1022,4,12A217,26,40412,2,1,1,01,-,1,1,2,36,30/06/1986,1,03,3,2,5,01,3,5,3,2,003000,1,1,6189,6292
00,1022,4,12A217,26,40412,3,1,0,03,-,1,5,2,20,14/08/2002,1,07,1,2,6,03,4,4,3,2,006000,1,1,6189,12583
00,1022,4,12A217,26,40412,3,1,0,01,-,1,1,2,84,25/01/1938,1,02,6,2,4,07, , , , , ,1, ,6189,0
00,1022,4,12A217,26,40412,3,1,0,04,-,1,5,1,13,17/06/2009,1,03,1,1,6,06, , , , , ,1, ,6189,0
00,1022,4,12A217,26,40412,1,1,0,02,-,1,2,2,74,17/07/1948,1,06,2,2,5,07, , , , , ,1,1,6189,18875
00,1022,4,12A217,26,40412,4,1,0,01,-,1,1,1,64,19/03/1958,1,04,3,2,2,01,5,6,2,1,003000,1,1,6189,6292
00,1022,4,12A217,26,40412,1,1,0,03,-,1,7,1,21,23/01/2001,1,04,3,1,6,04, , , , , ,1, ,6189,0
00,1022,4,12A217,26,40412,1,1,0,01,-,1,1,1,72,23/11/1949,1,03,3,2,5,08, , , , , ,1, ,6189,0
00,1022,2,12A217,26,40412,3,1,0,02,-,2, , , , , , , , , , , , , , , ,1, ,0,0
00,1022,8,13A203,26,40416,3,1,0,01,-,1,1,1,50,23/10/1971,1,07,5,2,5,01,1,5,2,3,008000,1, ,9421,0
00,1022,8,13A203,26,40416,1,1,0,01,-,1,1,2,57,06/04/1965,1,04,3,2,5,07, , , , , ,1,1,9421,19131
00,1022,8,13A203,26,40416,1,1,0,02,-,3,2,1,59,27/10/1962,1,09,2,2,5,01,4,4,3,3,015000,1, ,9421,0
00,1022,8,13A203,26,40416,3,1,0,03,-,1,3,2,17,30/12/2004,1,04,1,1,6,06, , , , , ,1, ,9421,0
00,1022,8,13A203,26,40416,3,1,0,02,-,1,2,2,51,09/07/1971,1,07,5,2,5,01,1,5,2,3,006000,1,1,9421,28696
00,1022,8,13A203,26,40416,3,1,0,04,-,1,7,2,57,16/06/1965,1,03,3,2,6,07, , , , , ,1, ,9421,0
00,1022,7,12A204,27,40101,1,1,0,05,-,1,5,2,07,14/11/2014,1,02,2,1, , , , , , , ,1, ,8613,0
00,1022,7,12A204,27,40101,1,1,0,03,-,1,3,1,28,26/12/1993,1,09,1,2,5,04, , , , , ,1, ,8613,0
00,1022,5,12A204,27,40101,2,1,0,03,-,2, , , , , , , , , , , , , , , ,1, ,0,0
00,1022,7,12A204,27,40101,2,1,0,05,-,1,5,1,45,27/06/1977,1,07,5,1,5,01,2,4,3,2,999999,1, ,8613,0
00,1022,7,12A204,27,40101,2,1,0,04,-,1,3,2,42,03/09/1980,1,07,5,2,5,07, , , , , ,1, ,8613,0
00,1022,7,12A204,27,40101,2,1,0,02,-,1,2,2,71,27/09/1951,1,02,6,2,5,07, , , , , ,1, ,8613,0
00,1022,7,12A204,27,40101,2,1,0,06,-,1,5,2,14,13/06/2008,1,03,1,1,6,06, , , , , ,1, ,8613,0
00,1022,7,12A204,27,40101,2,1,0,07,-,1,5,2,05,01/04/2017,2,01,2,1, , , , , , , ,1, ,8613,0
00,1022,7,12A204,27,40101,2,1,0,01,-,1,1,1,70,23/04/1952,1,02,6,2,5,08, , , , , ,1,1,8613,35023
00,1022,7,12A204,27,40101,3,1,0,01,-,1,1,1,78,19/11/1943,1,04,3,2,1,08, , , , , ,1,1,8613,17511
00,1022,7,12A204,27,40101,3,1,0,02,-,1,2,2,67,27/07/1955,1,03,3,2,1,07, , , , , ,1, ,8613,0
00,1022,7,12A204,27,40101,4,1,0,02,-,1,6,2,61,15/06/1961,1,07,4,2,6,01,3,5,3,2,999999,1,1,8613,43779
00,1022,7,12A204,27,40101,4,1,0,04,-,1,2,1,41,15/01/1981,1,07,4,2,5,01,4,4,2,3,999999,1, ,8613,0
00,1022,7,12A204,27,40101,4,1,0,01,-,1,1,2,56,29/11/1965,1,04,3,2,5,01,4,4,2,3,999999,1, ,8613,0
00,1022,7,12A204,27,40101,4,1,0,05,-,1,3,2,31,13/05/1991,1,07,3,2,6,01,4,4,2,3,999999,1, ,8613,0
00,1022,7,12A204,27,40101,4,1,0,03,-,1,3,1,34,19/09/1988,1,07,5,2,6,01,4,4,3,1,999999,1, ,8613,0
00,1022,4,12A204,27,40101,1,1,0,01,-,2, , , , , , , , , , , , , , , ,1, ,0,0
00,1022,7,12A204,27,40101,1,1,0,02,-,1,3,2,52,22/07/1970,1,07,4,2,3,01,3,7,3,2,004000,1,1,8613,26267
00,1022,7,12A204,27,40101,1,1,0,04,-,1,5,2,28,09/09/1994,1,08,2,2,5,01,3,7,3,2,999999,1, ,8613,0
00,1022,3,12A218,27,40126,2,1,0,01,-,1,1,2,50,25/03/1972,1,04,3,2,4,01,4,4,3,2,999999,1,1,8447,8588
00,1022,3,12A218,27,40126,1,1,1,01,-,1,1,1,24,06/04/1998,1,07,2,1,5,01,5,5,3,2,006000,1,1,8447,8588
00,1022,3,12A218,27,40126,3,1,0,04,-,1,3,1,03,07/03/2019, , , , , , , , , , , ,1, ,8447,0
00,1022,3,12A218,27,40126,3,1,0,03,-,1,3,1,04,14/12/2017, , , , , , , , , , , ,1, ,8447,0
00,1022,3,12A218,27,40126,3,1,0,02,-,1,2,2,30,16/12/1991,1,03,3,2,1,07, , , , , ,1, ,8447,0
00,1022,3,12A218,27,40126,3,1,0,01,-,1,1,1,38,09/09/1984,1,03,3,2,1,01,4,4,2,1,001800,1,1,8447,17176
00,1022,6,11A205,27,40264,4,1,0,01,-,1,1,1,45,19/09/1977,1,02,2,2,5,01,7,2,3,1,005000,1,1,8285,25022
00,1022,6,11A205,27,40264,4,1,0,03,-,1,3,1,20,11/02/2002,1,04,3,2,6,01,5,5,3,1,001500,1, ,8285,0
00,1022,6,11A205,27,40264,4,1,0,02,-,1,2,2,43,24/02/1979,1,02,6,2,5,07, , , , , ,1, ,8285,0
00,1022,6,11A205,27,40264,4,1,0,04,-,1,3,2,13,11/07/2009,1,02,6,1,6,06, , , , , ,1, ,8285,0
00,1022,6,11A205,27,40264,2,1,0,01,-,1,1,1,46,18/05/1976,1,02,3,2,1,01,5,3,3,2,003500,1,1,8285,16681
00,1022,6,11A205,27,40264,3,1,0,02,-,1,2,2,54,02/04/1968,1,02,3,2,5,07, , , , , ,1,1,8285,16681
00,1022,6,11A205,27,40264,1,1,0,03,-,1,3,2,07,18/09/2015,2,01,3,1, , , , , , , ,1, ,8285,0
00,1022,6,11A205,27,40264,1,1,0,01,-,1,1,2,27,10/10/1994,1,04,3,2,6,01,3,7,3,2,003400,1,1,8285,8341
00,1022,6,11A205,27,40264,1,1,0,02,-,1,3,1,09,16/05/2013,1,02,2,1, , , , , , , ,1, ,8285,0
00,1022,6,11A205,27,40264,3,1,0,01,-,1,1,1,46,28/10/1975,1,02,2,2,5,01,4,4,2,1,000800,1, ,8285,0
00,1022,6,11A205,27,40264,4,1,0,05,-,1,3,1,09,15/12/2012,1,02,3,1, , , , , , , ,1, ,8285,0
00,1022,6,11A205,27,40264,2,1,0,02,-,1,2,2,46,02/11/1975,1,02,5,2,1,07, , , , , ,1, ,8285,0
00,1022,2,11B211,27,40291,2,1,0,03,-,1,3,2,07,13/11/2014,1,02,2,1, , , , , , , ,1, ,7582,0
00,1022,2,11B211,27,40291,2,1,0,02,-,1,2,2,26,19/11/1995,1,04,3,2,5,07, , , , , ,1,1,7582,15266
00,1022,2,11B211,27,40291,2,1,0,04,-,1,3,2,05,02/11/2016,1,01,3,1, , , , , , , ,1, ,7582,0
00,1022,2,11B211,27,40291,3,1,0,01,-,1,1,2,55,29/10/1966,1,03,3,2,2,01,5,5,3,1,001000,1,1,7582,7633
00,1022,2,11B211,27,40291,2,1,0,01,-,1,1,1,26,14/08/1996,1,03,3,2,5,01,5,4,3,2,999999,1, ,7582,0
00,1022,2,11B211,27,40291,4,1,0,01,-,1,1,1,80,15/06/1942,2,00, ,2,4,09, , , , , ,1,1,7582,7633
00,1022,2,11B211,27,40291,1,1,0,04,-,1,5,2,25,15/11/1996,1,07,3,2,1,07, , , , , ,1, ,7582,0
00,1022,2,11B211,27,40291,1,1,0,05,-,1,5,2,22,27/02/2000,1,07,4,2,6,04, , , , , ,1, ,7582,0
00,1022,2,11B211,27,40291,1,1,0,02,-,1,2,2,60,05/03/1962,1,03,3,2,5,07, , , , , ,1, ,7582,0
00,1022,2,11B211,27,40291,1,1,0,06,-,1,5,1,20,16/02/2002,1,04,2,2,6,04, , , , , ,1, ,7582,0
00,1022,2,11B211,27,40291,1,1,0,03,-,1,3,2,43,15/01/1979,1,06,2,2,2,01,1,5,3,1,999999,1, ,7582,0
00,1022,2,11B211,27,40291,1,1,0,01,-,1,1,1,58,14/03/1964,1,06,3,2,5,09, , , , , ,1, ,7582,0
00,1022,2,11B211,27,40291,1,1,0,07,-,1,5,1,23,28/04/1999,1,07,4,2,1,04, , , , , ,1,1,7582,53431
00,1022,2,11B211,27,40291,1,1,0,08,-,1,5,1,07,27/03/2015,1,02,1,1, , , , , , , ,1, ,7582,0
00,1022,5,11A206,27,40324,4,1,0,02,-,1,3,2,57,01/01/1965,1,04,3,2,6,01,3,4,3,1,002100,1,1,7127,28699
00,1022,5,11A206,27,40324,2,1,0,02,-,1,2,2,40,15/05/1982,1,02,6,2,1,07, , , , , ,1, ,7127,0
00,1022,5,11A206,27,40324,2,1,0,04,-,1,3,1,10,09/10/2011,1,02,3,1, , , , , , , ,1, ,7127,0
00,1022,5,11A206,27,40324,2,1,0,03,-,1,3,2,14,27/07/2008,1,02,6,1,6,06, , , , , ,1, ,7127,0
00,1022,5,11A206,27,40324,1,1,0,02,-,1,2,2,46,01/11/1975,1,06,3,2,1,01,3,4,3,1,001200,1,1,7127,14350
00,1022,5,11A206,27,40324,1,1,0,03,-,1,3,2,11,03/04/2011,1,02,4,1, , , , , , , ,1, ,7127,0
00,1022,5,11A206,27,40324,4,1,0,05,-,1,5,2,13,10/01/2009,1,02,6,1,6,06, , , , , ,1, ,7127,0
00,1022,5,11A206,27,40324,4,1,0,04,-,1,5,1,43,10/08/1979,1,04,2,2,5,01,3,4,3,1,002100,1, ,7127,0
00,1022,5,11A206,27,40324,4,1,0,06,-,1,5,1,02,10/10/2020, , , , , , , , , , , ,1, ,7127,0
00,1022,5,11A206,27,40324,4,1,0,01,-,1,1,2,80,20/08/1942,1,02,5,2,2,07, , , , , ,1, ,7127,0
00,1022,5,11A206,27,40324,2,1,0,01,-,1,1,1,41,24/06/1981,1,03,3,2,1,01,5,5,2,1,001500,1,1,7127,14350
00,1022,5,11A206,27,40324,1,1,0,01,-,1,1,1,39,04/07/1983,1,07,5,2,1,01,5,5,3,2,006000,1, ,7127,0
00,1022,5,11A206,27,40324,1,1,0,04,-,1,3,1,05,15/06/2017,2,01,2,1, , , , , , , ,1, ,7127,0
00,1022,5,11A206,27,40324,4,1,0,03,-,1,3,2,41,21/04/1981,1,04,3,2,5,01,3,4,3,1,002000,1, ,7127,0
00,1022,5,13A206,27,40329,4,1,0,01,-,1,1,2,65,13/06/1957,1,07,7,2,6,08, , , , , ,1,1,7667,7785
00,1022,5,13A206,27,40329,2,1,0,01,-,1,1,1,33,04/12/1988,1,07,4,2,5,01,1,5,3,2,999999,1,1,7667,15570
00,1022,5,13A206,27,40329,2,1,0,02,-,1,2,2,31,25/08/1991,1,07,5,2,5,01,1,5,3,2,999999,1, ,7667,0
00,1022,5,13A206,27,40329,1,1,0,02,-,1,2,2,34,17/01/1988,1,07,5,2,5,01,1,2,3,2,999999,1,1,7667,23354
00,1022,5,13A206,27,40329,1,1,0,03,-,1,3,1,04,18/08/2018, , , , , , , , , , , ,1, ,7667,0
00,1022,5,13A206,27,40329,1,1,0,01,-,1,1,1,33,21/01/1989,1,07,5,2,5,01,1,2,3,2,999999,1, ,7667,0
00,1022,5,13A206,27,40329,1,1,0,04,-,1,9,2,21,15/06/2001,1,04,3,1,6,01,5,5,3,1,001400,1, ,7667,0
00,1022,4,13A203,27,40355,1,1,0,05,-,2, , , , , , , , , , , , , , , ,1, ,0,0
00,1022,8,13A203,27,40355,3,1,0,01,-,2, , , , , , , , , , , , , , , ,1, ,0,0
00,1022,8,13A203,27,40355,1,1,0,04,-,1,3,2,27,15/04/1995,1,04,1,2,5,07, , , , , ,1,1,8928,45325
00,1022,8,13A203,27,40355,1,1,0,02,-,1,2,2,50,09/05/1972,1,03,3,2,5,07, , , , , ,1, ,8928,0
00,1022,8,13A203,27,40355,3,1,0,02,-,1,2,2,65,18/12/1956,1,02,6,2,5,07, , , , , ,1,1,8928,9065
00,1022,8,13A203,27,40355,2,1,1,01,-,1,1,1,43,16/03/1979,1,07,5,2,2,01,1,2,3,2,014000,1,1,8928,9065
00,1022,8,13A203,27,40355,1,1,0,01,-,1,1,1,55,08/05/1967,1,04,3,2,5,01,7,2,3,1,002000,1, ,8928,0
00,1022,8,13A203,27,40355,1,1,0,03,-,1,3,2,29,05/05/1993,1,07,5,2,6,07, , , , , ,1, ,8928,0
00,1022,8,13A203,27,40355,1,1,0,07,-,1,5,1,26,21/08/1996,1,03,3,2,1,01,5,5,3,2,002000,1, ,8928,0
00,1022,8,13A203,27,40355,1,1,0,08,-,1,5,1,00,31/05/2022, , , , , , , , , , , ,1, ,8928,0
00,1022,8,13A203,27,40355,4,1,0,01,-,1,1,2,71,17/08/1951,1,04,2,2,3,03,4,4,2,3,999999,1,1,8928,9065
00,1022,8,13A203,27,40355,1,1,0,06,-,1,3,1,08,05/07/2014,1,01,3,1, , , , , , , ,1, ,8928,0
00,1022,1,11B212,27,40356,3,1,0,04,-,1,3,1,03,19/08/2019, , , , , , , , , , , ,1, ,9193,0
00,1022,1,11B212,27,40356,3,1,0,03,-,1,3,2,04,10/05/2018, , , , , , , , , , , ,1, ,9193,0
00,1022,1,11B212,27,40356,3,1,0,02,-,1,2,2,21,01/05/2001,1,03,3,2,1,07, , , , , ,1,1,9193,18509
00,1022,1,11B212,27,40356,3,1,0,01,-,1,1,1,24,12/02/1998,1,04,3,2,1,01,5,4,3,1,001200,1, ,9193,0
00,1022,1,11B212,27,40356,1,1,0,03,-,1,3,1,40,30/03/1982,1,04,3,2,3,04, , , , , ,1, ,9193,0
00,1022,1,11B212,27,40356,1,1,0,02,-,1,2,1,48,20/05/1974,1,02,1,2,3,04, , , , , ,1,1,9193,27764
00,1022,1,11B212,27,40356,1,1,0,01,-,1,1,2,75,16/11/1946,1,02,1,2,4,07, , , , , ,1, ,9193,0
00,1022,1,11B212,27,40356,2,1,0,02,-,1,2,2,43,23/10/1978,1,04,3,2,5,07, , , , , ,1, ,9193,0
00,1022,1,11B212,27,40356,2,1,0,01,-,1,1,1,46,05/10/1976,1,04,2,2,5,01,5,4,3,1,003000,1, ,9193,0
00,1022,1,11B212,27,40356,2,1,0,03,-,1,3,1,25,12/05/1997,1,07,5,2,6,01,3,7,3,2,004000,1,1,9193,27764
00,1022,4,11A217,27,40379,1,1,0,02,-,1,2,2,54,15/06/1968,1,04,1,2,1,01,4,4,2,1,999999,1,1,16403,33026
00,1022,3,11A217,27,40379,3,1,0,03,-,2, , , , , , , , , , , , , , , ,1, ,0,0
00,1022,4,11A217,27,40379,3,1,0,01,-,1,1,1,53,21/03/1969,1,03,3,2,1,01,4,4,2,1,002500,1,1,16403,16513
00,1022,4,11A217,27,40379,4,1,0,03,-,1,3,1,05,13/12/2016,2,01,1,1, , , , , , , ,1, ,16403,0
00,1022,4,11A217,27,40379,4,1,0,02,-,1,2,2,27,20/01/1995,1,04,3,2,5,01,4,4,3,2,003000,1,1,16403,33026
00,1022,4,11A217,27,40379,2,1,0,01,-,1,1,1,45,19/04/1977,1,03,3,2,2,01,5,5,2,1,001000,1,1,16403,16513
00,1022,3,11A217,27,40379,3,1,0,02,-,2, , , , , , , , , , , , , , , ,1, ,0,0
00,1022,4,11A217,27,40379,1,1,0,01,-,1,1,1,62,08/09/1960,1,02,6,2,1,01,4,4,1,3,999999,1, ,16403,0
00,1022,4,11A217,27,40379,4,1,0,01,-,1,1,1,26,25/03/1996,1,04,2,2,5,01,4,4,3,2,003000,1, ,16403,0
00,1022,1,11B212,27,40420,2,1,0,02,-,1,2,2,59,23/02/1963,1,06,3,2,5,01,2,4,3,1,002200,1,1,6539,13165
00,1022,1,11B212,27,40420,2,1,0,01,-,1,1,1,49,28/08/1973,1,03,3,2,5,01,4,2,3,1,002500,1, ,6539,0
00,1022,1,11B212,27,40420,4,1,0,02,-,1,3,1,40,29/07/1982,1,06,3,2,6,01,1,5,3,1,999999,1, ,6539,0
00,1022,1,11B212,27,40420,3,1,0,02,-,1,3,2,28,21/08/1994,1,04,3,1,6,06, , , , , ,1,1,6539,13165
00,1022,1,11B212,27,40420,4,1,0,01,-,1,1,2,62,05/05/1960,1,06,3,2,3,07, , , , , ,1,1,6539,13165
00,1022,1,11B212,27,40420,3,1,0,01,-,1,1,2,45,02/04/1977,1,02,3,2,6,01,5,2,3,1,001200,1, ,6539,0
00,1022,7,13A204,28,40005,4,1,0,01,-,1,1,2,62,04/05/1960,1,07,5,2,6,01,1,5,3,2,004000,1,1,9238,9379
00,1022,7,13A204,28,40005,2,1,0,02,-,1,2,2,32,20/09/1990,1,04,2,2,1,01,5,5,2,1,000600,1, ,9238,0
00,1022,7,13A204,28,40005,1,1,0,01,-,1,1,1,38,03/12/1983,1,04,3,2,5,01,7,5,3,2,003500,1, ,9238,0
00,1022,7,13A204,28,40005,1,1,0,02,-,1,2,2,38,03/09/1984,1,04,3,2,5,07, , , , , ,1,1,9238,18759
00,1022,7,13A204,28,40005,1,1,0,03,-,1,3,1,15,12/10/2006,2,99, ,1,6,06, , , , , ,1, ,9238,0
00,1022,7,13A204,28,40005,2,1,0,01,-,1,1,1,31,23/04/1991,1,07,5,2,1,01,7,5,3,2,017000,1,1,9238,18759
00,1022,7,13A204,28,40005,2,1,0,03,-,1,3,1,01,10/11/2020, , , , , , , , , , , ,1, ,9238,0
00,1022,7,13A204,28,40005,3,1,0,02,-,1,3,1,22,22/09/2000,1,07,3,1,6,04, , , , , ,1,1,9238,28138
00,1022,7,13A204,28,40005,3,1,0,04,-,1,3,2,14,07/11/2007,1,03,1,1,6,06, , , , , ,1, ,9238,0
00,1022,7,13A204,28,40005,3,1,0,03,-,1,3,2,21,08/09/2001,1,07,1,1,6,06, , , , , ,1, ,9238,0
00,1022,7,13A204,28,40005,3,1,0,01,-,1,1,1,51,07/11/1970,1,07,5,2,3,01,6,5,2,1,999999,1, ,9238,0
00,1022,3,11A218,28,40027,1,1,0,01,-,1,1,1,28,06/11/1993,1,03,3,2,6,04, , , , , ,1,1,8406,8462
00,1022,3,11A218,28,40027,3,1,0,01,-,1,1,1,47,14/01/1975,1,03,3,2,1,03,7,3,2,1,002000,1, ,8406,0
00,1022,3,11A218,28,40027,3,1,0,02,-,1,2,2,39,03/08/1983,1,03,3,2,1,01,5,5,3,1,999999,1,1,8406,16924
00,1022,3,11A218,28,40027,2,1,0,02,-,1,2,1,48,06/03/1974,1,03,1,2,1,01,5,5,4,1,001500,1, ,8406,0
00,1022,3,11A218,28,40027,2,1,0,01,-,1,1,2,48,21/11/1973,1,04,3,2,1,01,4,4,3,1,001500,1,1,8406,16924
00,1022,3,11A218,28,40027,4,1,0,01,-,1,1,2,65,05/03/1957,1,02,1,2,2,01,5,5,3,1,001200,1,1,8406,8462
00,1022,7,11A204,28,40033,3,1,0,03,-,1,3,1,09,01/01/2013,1,02,2,1, , , , , , , ,1, ,6861,0
00,1022,7,11A204,28,40033,1,1,0,01,-,1,1,1,62,27/07/1960,1,02,6,2,5,10, , , , , ,1, ,6861,0
00,1022,7,11A204,28,40033,1,1,0,05,-,1,3,2,26,04/06/1996,1,04,3,2,6,01,4,4,3,1,999999,1, ,6861,0
00,1022,7,11A204,28,40033,1,1,0,04,-,1,3,1,21,18/05/2001,1,04,2,2,6,01,4,4,3,1,999999,1, ,6861,0
00,1022,7,11A204,28,40033,1,1,0,03,-,1,3,1,34,17/08/1988,1,03,3,2,6,01,5,4,3,1,001500,1,1,6861,34537
00,1022,7,11A204,28,40033,1,1,0,02,-,1,2,2,60,05/05/1962,1,02,6,2,5,07, , , , , ,1, ,6861,0
00,1022,7,11A204,28,40033,4,1,0,02,-,1,3,1,37,14/06/1985,1,02,4,2,6,01,4,4,2,1,001000,1, ,6861,0
00,1022,7,11A204,28,40033,4,1,0,01,-,1,1,2,60,03/12/1961,1,02,4,2,4,01,5,5,3,1,000900,1,1,6861,13815
00,1022,7,11A204,28,40033,3,1,0,04,-,1,3,2,07,16/02/2015,2,01,2,1, , , , , , , ,1, ,6861,0
00,1022,7,11A204,28,40033,3,1,0,02,-,1,2,2,31,19/09/1991,1,03,3,2,1,07, , , , , ,1,1,6861,13815
00,1022,7,11A204,28,40033,2,1,0,02,-,1,2,2,69,12/09/1953,1,02,3,2,5,07, , , , , ,1, ,6861,0
00,1022,7,11A204,28,40033,2,1,0,01,-,1,1,1,77,30/04/1945,1,03,3,2,5,08, , , , , ,1,1,6861,13815
00,1022,7,11A204,28,40033,3,1,0,05,-,1,3,1,04,16/07/2018, , , , , , , , , , , ,1, ,6861,0
00,1022,7,11A204,28,40033,3,1,0,01,-,1,1,1,41,16/07/1981,1,07,5,2,1,01,5,5,3,2,005000,1, ,6861,0
00,1022,3,11A218,28,40061,2,1,1,01,-,1,1,2,28,22/06/1994,1,03,3,2,2,07, , , , , ,1,1,5684,5722
00,1022,3,11A218,28,40061,1,1,0,04,-,1,3,2,10,21/11/2011,1,02,5,1, , , , , , , ,1, ,5684,0
00,1022,3,11A218,28,40061,1,1,0,03,-,1,3,1,16,17/10/2005,1,04,2,1,6,06, , , , , ,1, ,5684,0
00,1022,3,11A218,28,40061,1,1,0,01,-,1,1,1,40,10/02/1982,1,02,6,2,5,10, , , , , ,1, ,5684,0
00,1022,3,11A218,28,40061,3,1,0,03,-,1,3,1,04,17/01/2018, , , , , , , , , , , ,1, ,5684,0
00,1022,3,11A218,28,40061,2,1,1,03,-,1,3,2,04,17/11/2017, , , , , , , , , , , ,1, ,5684,0
00,1022,3,11A218,28,40061,2,1,1,02,-,1,3,1,07,10/04/2015,1,02,2,1, , , , , , , ,1, ,5684,0
00,1022,3,11A218,28,40061,3,1,0,02,-,1,2,2,26,28/08/1996,1,02,6,2,1,07, , , , , ,1,1,5684,11445
00,1022,3,11A218,28,40061,3,1,0,01,-,1,1,1,29,15/12/1992,1,03,3,2,1,01,5,5,2,1,001500,1, ,5684,0
00,1022,3,11A218,28,40061,1,1,0,02,-,1,2,2,38,15/12/1983,1,03,3,2,5,01,5,5,3,1,001500,1,1,5684,11445
00,1022,6,11A205,28,40158,4,1,0,06,-,1,5,2,04,10/01/2018, , , , , , , , , , , ,1, ,8403,0
00,1022,6,11A205,28,40158,2,1,0,03,-,1,3,1,13,26/11/2008,1,03,1,1,6,06, , , , , ,1, ,8403,0
00,1022,6,11A205,28,40158,2,1,0,01,-,1,1,1,47,29/09/1975,1,03,3,2,5,01,7,2,3,2,003500,1,1,8403,16919
00,1022,6,11A205,28,40158,2,1,0,04,-,1,3,2,11,18/01/2011,1,02,4,1, , , , , , , ,1, ,8403,0
00,1022,6,11A205,28,40158,1,1,0,03,-,1,3,2,25,23/07/1997,1,04,3,2,2,01,4,4,3,1,001200,1, ,8403,0
00,1022,6,11A205,28,40158,1,1,0,01,-,1,1,1,48,18/08/1974,1,02,6,2,1,01,7,3,2,1,002000,1, ,8403,0
00,1022,6,11A205,28,40158,4,1,0,03,-,1,5,2,28,08/09/1994,1,04,3,2,1,07, , , , , ,1, ,8403,0
00,1022,6,11A205,28,40158,4,1,0,04,-,1,5,1,11,29/07/2011,1,02,4,1, , , , , , , ,1, ,8403,0
00,1022,6,11A205,28,40158,4,1,0,02,-,1,3,1,34,09/05/1988,1,04,2,2,1,01,7,2,3,1,002500,1, ,8403,0
00,1022,6,11A205,28,40158,4,1,0,05,-,1,5,1,08,10/03/2014,1,02,1,1, , , , , , , ,1, ,8403,0
00,1022,6,11A205,28,40158,2,1,0,02,-,1,2,2,47,23/10/1974,1,04,3,2,5,07, , , , , ,1, ,8403,0
00,1022,6,11A205,28,40158,4,1,0,01,-,1,1,2,51,04/02/1971,1,02,5,2,6,07, , , , , ,1,1,8403,25379
00,1022,6,11A205,28,40158,1,1,0,02,-,1,2,2,53,04/09/1969,1,03,3,2,1,07, , , , , ,1,1,8403,33839
00,1022,6,11A205,28,40158,1,1,0,04,-,1,3,2,23,14/12/1998,1,07,5,1,6,06, , , , , ,1, ,8403,0
00,1022,6,11A205,28,40158,1,1,0,05,-,1,5,1,08,14/05/2014,1,02,2,1, , , , , , , ,1, ,8403,0
00,1022,2,11B211,28,40180,3,1,0,02,-,1,2,2,37,23/12/1984,1,04,3,2,1,01,5,5,3,1,001500,1, ,8104,0
00,1022,2,11B211,28,40180,1,1,0,02,-,1,8,1,27,31/12/1994,1,04,3,2,6,01,7,2,3,1,001500,1, ,8104,0
00,1022,2,11B211,28,40180,1,1,0,01,-,1,1,1,53,14/03/1969,1,02,6,2,4,01,7,3,3,1,002000,1,1,8104,16317
00,1022,2,11B211,28,40180,3,1,0,01,-,1,1,1,38,28/11/1983,1,04,3,2,1,01,5,5,3,2,004000,1,1,8104,16317
00,1022,2,11B211,28,40180,4,1,0,02,-,1,3,2,26,12/10/1996,2,00, ,2,6,09, , , , , ,1, ,8104,0
00,1022,2,11B211,28,40180,4,1,0,01,-,1,1,2,56,11/05/1966,1,02,2,2,4,07, , , , , ,1,1,8104,16317
00,1022,6,12A205,28,40221,3,1,0,04,-,1,3,1,13,18/03/2009,1,02,6,1,6,06, , , , , ,1, ,6764,0
00,1022,6,12A205,28,40221,3,1,0,03,-,1,3,1,17,23/01/2005,1,04,1,1,6,06, , , , , ,1, ,6764,0
00,1022,6,12A205,28,40221,3,1,0,02,-,1,2,2,40,15/06/1982,1,08,3,2,5,01,1,5,3,2,004000,1, ,6764,0
00,1022,6,12A205,28,40221,2,1,0,02,-,1,2,2,49,15/11/1972,1,04,3,2,5,07, , , , , ,1, ,6764,0
00,1022,6,12A205,28,40221,3,1,0,01,-,1,1,1,48,17/10/1973,1,08,3,2,5,01,1,5,3,2,012000,1,1,6764,13753
00,1022,6,12A205,28,40221,1,1,0,01,-,1,1,1,72,07/07/1950,1,02,2,2,5,08, , , , , ,1, ,6764,0
00,1022,6,12A205,28,40221,2,1,0,03,-,1,3,1,22,28/09/2000,1,07,3,2,6,01,7,2,3,2,999999,1,1,6764,27508
00,1022,6,12A205,28,40221,2,1,0,04,-,1,3,2,18,31/07/2004,1,04,2,1,6,06, , , , , ,1, ,6764,0
00,1022,6,12A205,28,40221,2,1,0,01,-,1,1,1,48,30/01/1974,1,07,5,2,5,01,7,2,3,2,999999,1, ,6764,0
00,1022,6,12A205,28,40221,1,1,0,02,-,1,2,2,71,23/06/1951,1,02,6,2,5,08, , , , , ,1,1,6764,13753
00,1022,2,12B211,28,40243,2,1,0,01,-,1,1,2,64,16/08/1958,1,07,5,2,6,07, , , , , ,1, ,7523,0
00,1022,2,12B211,28,40243,2,1,0,02,-,1,3,1,25,16/08/1997,1,07,5,2,5,04, , , , , ,1,1,7523,22943
00,1022,2,12B211,28,40243,4,1,0,01,-,1,1,1,72,25/07/1950,1,07,5,2,3,08, , , , , ,1,1,7523,7648
00,1022,2,12B211,28,40243,2,1,0,03,-,1,4,2,97,29/12/1922,2,02,3,2,4,10, , , , , ,1, ,7523,0
00,1022,4,13A217,28,40298,2,1,0,01,-,1,1,1,41,11/07/1981,1,03,3,2,5,01,7,2,3,1,002500,1, ,7284,0
00,1022,4,13A217,28,40298,2,1,0,02,-,1,2,2,39,02/08/1983,1,07,2,2,5,01,3,2,3,1,002000,1,1,7284,14791
00,1022,4,13A217,28,40298,2,1,0,03,-,1,3,2,13,20/12/2008,1,03,2,1,6,06, , , , , ,1, ,7284,0
00,1022,4,13A217,28,40298,2,1,0,04,-,1,3,1,03,01/10/2019, , , , , , , , , , , ,1, ,7284,0
00,1022,4,13A217,28,40298,4,1,0,04,-,1,3,2,08,13/10/2013,1,02,3,1, , , , , , , ,1, ,7284,0
00,1022,4,13A217,28,40298,1,1,0,01,-,1,1,2,59,10/05/1963,1,07,5,2,6,01,1,5,3,2,999999,1,1,7284,7395
00,1022,4,13A217,28,40298,4,1,0,01,-,1,1,2,38,08/06/1984,1,07,5,2,5,01,1,5,3,2,004000,1,1,7284,14791
00,1022,4,13A217,28,40298,4,1,0,03,-,1,3,1,16,07/02/2006,1,04,1,1,6,06, , , , , ,1, ,7284,0
00,1022,4,13A217,28,40298,3,1,0,01,-,1,1,2,37,22/10/1984,1,04,3,2,5,01,7,2,3,1,999999,1, ,7284,0
00,1022,4,13A217,28,40298,3,1,0,02,-,1,3,2,21,07/04/2001,1,07,3,2,6,01,7,2,3,1,999999,1,1,7284,14791
00,1022,4,13A217,28,40298,4,1,0,02,-,1,2,1,43,17/06/1979,1,07,5,2,5,01,1,5,3,2,004000,1, ,7284,0
00,1022,5,12A206,28,40312,2,1,0,01,-,1,1,1,65,27/07/1957,1,03,3,2,5,01,5,5,2,1,001400,1,1,8871,18038
00,1022,5,12A206,28,40312,2,1,0,02,-,1,2,2,61,28/12/1960,1,06,1,2,5,07, , , , , ,1, ,8871,0
00,1022,5,12A206,28,40312,4,1,0,01,-,1,1,2,42,11/03/1980,1,07,5,2,5,07, , , , , ,1,1,8871,9018
00,1022,5,12A206,28,40312,4,1,0,02,-,1,3,1,15,24/04/2007,1,03,2,1,6,06, , , , , ,1, ,8871,0
00,1022,5,12A206,28,40312,4,1,0,03,-,1,3,1,10,18/05/2012,1,02,3,1, , , , , , , ,1, ,8871,0
00,1022,5,12A206,28,40312,4,1,0,04,-,1,3,2,04,05/09/2018, , , , , , , , , , , ,1, ,8871,0
00,1022,5,12A206,28,40312,3,1,0,01,-,1,1,2,47,07/11/1974,1,06,3,2,6,01,2,5,3,2,004000,1,1,8871,9018
00,1022,5,12A206,28,40312,3,1,0,02,-,1,3,1,14,12/05/2008,1,02,6,1,6,06, , , , , ,1, ,8871,0
00,1022,5,12A206,28,40312,1,1,0,01,-,1,1,1,42,14/12/1979,1,02,6,2,1,01,7,5,3,1,006000,1, ,8871,0
00,1022,5,12A206,28,40312,1,1,0,04,-,1,3,2,16,03/09/2006,1,03,3,1,6,06, , , , , ,1, ,8871,0
00,1022,5,12A206,28,40312,1,1,0,02,-,1,2,2,37,20/11/1984,1,02,6,2,1,07, , , , , ,1,1,8871,27056
00,1022,5,12A206,28,40312,1,1,0,05,-,1,3,1,10,20/09/2012,1,02,3,1, , , , , , , ,1, ,8871,0
00,1022,5,12A206,28,40312,1,1,0,03,-,1,7,1,43,09/05/1979,1,02,6,2,6,01,5,5,3,1,002500,1, ,8871,0
00,1022,5,12A206,28,40312,1,1,0,06,-,1,3,1,08,27/06/2014,1,02,1,1, , , , , , , ,1, ,8871,0
00,1022,5,12A206,28,40312,1,1,0,07,-,3,3,2,06,15/06/2016,2,01,3,1, , , , , , , ,1, ,8871,0
00,1022,5,12A206,28,40312,1,1,0,08,-,3,3,1,13,13/12/2008,1,03,2,1,6,06, , , , , ,1, ,8871,0
00,1022,5,12A206,28,40312,1,1,0,09,-,3,3,2,00,01/03/2022, , , , , , , , , , , ,1, ,8871,0
00,1022,8,12A203,28,40336,2,1,0,01,-,1,1,2,87,15/08/1935,1,02,4,2,4,07, , , , , ,1,1,9115,27801
00,1022,8,12A203,28,40336,3,1,0,01,-,1,1,1,72,03/04/1950,1,02,6,2,5,01,4,5,2,1,000450,1,1,9115,18533
00,1022,8,12A203,28,40336,3,1,0,02,-,1,2,2,73,03/12/1948,1,06,3,2,5,07, , , , , ,1, ,9115,0
00,1022,8,12A203,28,40336,4,1,0,02,-,1,2,2,60,24/10/1961,1,06,3,2,5,07, , , , , ,1, ,9115,0
00,1022,8,12A203,28,40336,4,1,0,04,-,1,5,1,16,18/06/2006,1,04,1,1,6,06, , , , , ,1, ,9115,0
00,1022,8,12A203,28,40336,2,1,0,04,-,1,5,1,07,15/04/2015,2,01,1,1, , , , , , , ,1, ,9115,0
00,1022,8,12A203,28,40336,4,1,0,03,-,1,5,2,19,15/05/2003,1,04,2,1,6,06, , , , , ,1, ,9115,0
00,1022,8,12A203,28,40336,2,1,0,03,-,1,5,1,37,15/07/1985,1,07,5,2,5,01,1,5,3,2,999999,1, ,9115,0
00,1022,8,12A203,28,40336,2,1,0,02,-,1,5,2,37,22/08/1985,1,07,5,2,5,01,1,5,3,2,999999,1, ,9115,0
00,1022,2,12A203,28,40336,1,1,0,03,-,2, , , , , , , , , , , , , , , ,1, ,0,0
00,1022,8,12A203,28,40336,1,1,0,01,-,1,1,1,54,15/07/1968,1,07,5,2,6,01,1,5,3,2,999999,1,1,9115,18533
00,1022,8,12A203,28,40336,1,1,0,02,-,1,6,1,52,25/04/1970,1,07,5,2,6,04, , , , , ,1, ,9115,0
00,1022,8,12A203,28,40336,4,1,0,01,-,1,1,1,57,12/09/1965,1,03,3,2,5,01,5,5,2,1,002000,1,1,9115,27801
00,1022,8,12A203,28,40336,2,1,0,05,-,1,5,1,06,04/08/2016,1,01,2,1, , , , , , , ,1, ,9115,0
00,1022,1,12B212,28,40338,2,1,0,01,-,1,1,2,35,14/07/1987,1,07,5,2,6,01,3,5,3,2,012000,1,1,7591,7717
00,1022,1,12B212,28,40338,1,1,0,01,-,1,1,1,37,13/08/1985,1,08,3,2,5,01,1,5,3,3,015000,1,1,7591,15434
00,1022,1,12B212,28,40338,1,1,0,03,-,1,3,1,09,22/12/2012,1,02,4,1, , , , , , , ,1, ,7591,0
00,1022,1,12B212,28,40338,1,1,0,04,-,1,3,1,08,03/10/2014,1,02,2,1, , , , , , , ,1, ,7591,0
00,1022,1,12B212,28,40338,4,1,0,03,-,1,3,1,14,27/11/2007,1,03,3,1,6,06, , , , , ,1, ,7591,0
00,1022,1,12B212,28,40338,4,1,0,01,-,1,1,1,42,08/05/1980,1,02,6,2,1,01,5,5,3,1,001700,1, ,7591,0
00,1022,1,12B212,28,40338,4,1,0,02,-,1,2,2,42,05/12/1979,1,03,3,2,1,01,5,5,2,1,001500,1,1,7591,15434
00,1022,1,12B212,28,40338,3,1,0,02,-,1,3,2,15,21/12/2006,1,04,2,1,6,06, , , , , ,1, ,7591,0
00,1022,1,12B212,28,40338,3,1,0,01,-,1,1,2,51,20/08/1971,1,07,3,2,1,01,4,4,2,2,002000,1,1,7591,7717
00,1022,1,12B212,28,40338,1,1,0,02,-,1,2,2,33,01/10/1989,1,07,5,2,5,07, , , , , ,1, ,7591,0
00,1022,4,11A217,28,40389,2,1,0,02,-,1,2,1,52,26/10/1969,1,02,6,2,5,04, , , , , ,1,1,8018,16143
00,1022,4,11A217,28,40389,2,1,0,01,-,1,1,2,52,25/02/1970,1,02,6,2,5,01,5,5,3,1,001200,1, ,8018,0
00,1022,4,11A217,28,40389,1,1,0,04,-,1,3,1,17,03/06/2005,1,03,3,1,6,06, , , , , ,1, ,8018,0
00,1022,4,11A217,28,40389,1,1,0,01,-,1,1,1,51,13/03/1971,1,03,2,2,5,01,5,5,2,1,001500,1, ,8018,0
00,1022,4,11A217,28,40389,1,1,0,02,-,1,2,2,54,13/09/1968,1,02,6,2,5,01,5,5,3,1,001500,1,1,8018,24215
00,1022,4,11A217,28,40389,1,1,0,03,-,1,3,2,26,06/10/1995,1,07,3,2,2,07, , , , , ,1, ,8018,0
00,1022,4,11A217,28,40389,1,1,0,05,-,1,3,1,02,02/05/2020, , , , , , , , , , , ,1, ,8018,0
00,1022,7,11A204,29,40134,2,1,0,01,-,1,1,1,33,27/02/1989,1,07,4,2,1,01,6,1,2,4,999999,1, ,8847,0
00,1022,7,11A204,29,40134,1,1,0,03,-,1,3,2,15,16/05/2007,1,03,2,1,6,06, , , , , ,1, ,8847,0
00,1022,7,11A204,29,40134,2,1,0,03,-,1,3,1,11,07/03/2011,1,02,4,1, , , , , , , ,1, ,8847,0
00,1022,7,11A204,29,40134,2,1,0,04,-,1,3,2,05,07/09/2017,1,01,2,1, , , , , , , ,1, ,8847,0
00,1022,7,11A204,29,40134,3,1,0,02,-,1,2,2,48,09/12/1973,1,02,6,2,1,02,4,4,6,5, ,1,1,8847,26720
00,1022,7,11A204,29,40134,3,1,0,04,-,1,3,2,18,09/08/2004,1,03,3,2,6,07, , , , , ,1, ,8847,0
00,1022,5,11A204,29,40134,3,1,0,03,-,2, , , , , , , , , , , , , , , ,1, ,0,0
00,1022,7,11A204,29,40134,4,1,0,02,-,1,2,2,56,04/05/1966,1,02,6,2,5,07, , , , , ,1,1,8847,26720
00,1022,7,11A204,29,40134,4,1,0,01,-,1,1,1,56,23/08/1966,1,04,3,2,5,01,6,1,3,4,999999,1, ,8847,0
00,1022,7,11A204,29,40134,3,1,0,01,-,1,1,1,70,02/12/1951,1,02,6,2,1,01,4,4,2,1,000800,1, ,8847,0
00,1022,7,11A204,29,40134,1,1,0,04,-,1,3,1,03,11/08/2019, , , , , , , , , , , ,1, ,8847,0
00,1022,7,11A204,29,40134,4,1,0,03,-,1,3,1,25,24/05/1997,1,04,3,2,6,01,5,5,3,2,003000,1, ,8847,0
00,1022,7,11A204,29,40134,1,1,0,02,-,1,2,2,32,12/03/1990,1,07,4,2,1,07, , , , , ,1, ,8847,0
00,1022,7,11A204,29,40134,1,1,0,01,-,1,1,1,48,20/09/1974,1,07,5,2,1,01,1,5,3,2,020000,1,1,8847,17813
00,1022,7,11A204,29,40134,2,1,0,02,-,1,2,2,31,19/02/1991,1,03,3,2,1,07, , , , , ,1,1,8847,17813
00,1022,3,11A218,29,40161,4,1,0,09,-,1,3,1,29,18/02/1993,1,04,3,2,6,01,7,2,3,1,001000,1, ,9304,0
00,1022,3,11A218,29,40161,4,1,0,05,-,1,5,2,21,13/10/2000,1,00, ,2,1,07, , , , , ,1, ,9304,0
00,1022,3,11A218,29,40161,4,1,0,01,-,1,1,1,67,28/09/1955,1,02,3,2,5,01,6,1,2,4,005000,1, ,9304,0
00,1022,3,11A218,29,40161,4,1,0,08,-,1,5,1,06,08/02/2016,2,01,3,1, , , , , , , ,1, ,9304,0
00,1022,3,11A218,29,40161,4,1,0,07,-,1,5,1,08,12/09/2014,1,02,2,1, , , , , , , ,1, ,9304,0
00,1022,3,11A218,29,40161,4,1,0,06,-,1,3,2,40,07/05/1982,1,06,3,2,6,01,5,5,2,1,000500,1, ,9304,0
00,1022,3,11A218,29,40161,4,1,0,02,-,1,2,2,60,22/04/1962,1,03,3,2,5,07, , , , , ,1, ,9304,0
00,1022,3,11A218,29,40161,4,1,0,04,-,1,5,1,22,03/12/1999,1,04,3,2,1,01,7,2,3,1,001000,1, ,9304,0
00,1022,3,11A218,29,40161,4,1,0,03,-,1,3,2,41,30/04/1981,1,04,3,2,6,01,7,2,3,1,001000,1,1,9304,65563
00,1022,3,11A218,29,40161,3,1,0,04,-,1,3,1,19,27/09/2003,1,07,1,1,6,06, , , , , ,1, ,9304,0
00,1022,3,11A218,29,40161,3,1,0,03,-,1,3,2,24,21/06/1998,1,07,5,2,6,01,1,5,3,2,003000,1, ,9304,0
00,1022,3,11A218,29,40161,3,1,0,02,-,1,2,2,42,02/03/1980,1,03,3,2,5,07, , , , , ,1, ,9304,0
00,1022,3,11A218,29,40161,3,1,0,01,-,1,1,1,43,18/02/1979,1,07,4,2,5,01,1,5,3,2,006000,1,1,9304,37464
00,1022,3,11A218,29,40161,2,1,0,03,-,1,3,1,02,25/05/2020, , , , , , , , , , , ,1, ,9304,0
00,1022,3,11A218,29,40161,2,1,0,02,-,1,2,2,29,07/03/1993,1,07,4,2,5,07, , , , , ,1,1,9304,18732
00,1022,3,11A218,29,40161,2,1,0,04,-,1,3,2,01,02/07/2021, , , , , , , , , , , ,1, ,9304,0
00,1022,3,11A218,29,40161,2,1,0,01,-,1,1,1,27,14/12/1994,1,07,5,2,5,01,5,5,3,2,003500,1, ,9304,0
00,1022,6,11A205,29,40195,1,1,0,04,-,1,5,1,03,28/12/2018, , , , , , , , , , , ,1, ,9137,0
00,1022,6,11A205,29,40195,1,1,0,03,-,1,2,2,49,12/02/1973,1,06,3,2,5,07, , , , , ,1, ,9137,0
00,1022,6,11A205,29,40195,2,1,0,02,-,1,2,2,62,18/02/1960,1,02,6,2,5,07, , , , , ,1,1,9137,18396
00,1022,6,11A205,29,40195,2,1,0,01,-,1,1,1,59,21/06/1963,1,03,3,2,5,02,6,1,6,5, ,1, ,9137,0
00,1022,6,11A205,29,40195,4,1,0,04,-,2, , , , , , , , , , , , , , , ,1, ,0,0
00,1022,6,11A205,29,40195,4,1,0,02,-,1,2,2,33,18/04/1989,1,02,6,2,1,07, , , , , ,1, ,9137,0
00,1022,6,11A205,29,40195,4,1,0,05,-,1,3,1,16,18/08/2006,1,03,3,2,6,02,6,1,6,5, ,1, ,9137,0
00,1022,6,11A205,29,40195,1,1,0,01,-,1,1,1,50,26/11/1971,1,07,2,2,5,01,5,5,2,1,002000,1,1,9137,27594
00,1022,6,11A205,29,40195,1,1,0,02,-,1,3,2,24,12/03/1998,1,07,2,2,6,01,7,2,3,1,001000,1, ,9137,0
00,1022,6,11A205,29,40195,4,1,0,07,-,1,3,1,09,12/07/2013,1,02,2,1, , , , , , , ,1, ,9137,0
00,1022,6,11A205,29,40195,4,1,0,06,-,1,3,2,10,12/03/2012,1,02,3,1, , , , , , , ,1, ,9137,0
00,1022,6,11A205,29,40195,4,1,0,03,-,1,3,2,19,12/09/2003,1,04,2,1,6,06, , , , , ,1, ,9137,0
00,1022,6,11A205,29,40195,4,1,0,01,-,1,1,1,49,17/06/1973,1,03,3,2,1,01,6,1,2,4,050000,1,1,9137,27594
00,1022,6,11A205,29,40195,1,1,0,05,-,1,5,1,00,10/03/2022, , , , , , , , , , , ,1, ,9137,0
00,1022,8,11A203,29,40318,1,1,0,01,-,1,1,2,63,01/01/1959,1,02,2,2,4,07, , , , , ,1,1,9251,9313
00,1022,8,11A203,29,40318,3,1,0,01,-,1,1,2,66,01/09/1956,1,02,6,2,6,01,4,4,3,1,000600,1,1,9251,27940
00,1022,8,11A203,29,40318,3,1,0,02,-,1,3,1,32,23/08/1990,1,03,3,2,1,01,7,3,3,1,000900,1, ,9251,0
00,1022,8,11A203,29,40318,3,1,0,03,-,1,5,2,21,29/09/2001,1,03,3,2,1,07, , , , , ,1, ,9251,0
00,1022,8,11A203,29,40318,4,1,0,02,-,1,2,2,38,23/11/1983,2,00, ,2,1,01,7,2,3,1,001000,1,1,9251,18627
00,1022,8,11A203,29,40318,4,1,0,01,-,1,1,1,36,09/09/1986,1,02,6,2,1,01,7,3,3,1,001200,1, ,9251,0
00,1022,1,11B212,29,40350,1,1,0,04,-,1,3,1,17,22/03/2005,1,02,6,2,1,02,6,1,6,5, ,1, ,10587,0
00,1022,1,11B212,29,40350,1,1,0,07,-,1,3,2,15,05/10/2007,1,03,3,2,6,07, , , , , ,1, ,10587,0
00,1022,1,11B212,29,40350,1,1,0,03,-,1,3,2,31,30/01/1991,1,04,3,2,6,01,7,2,3,1,999999,1, ,10587,0
00,1022,1,11B212,29,40350,1,1,0,05,-,1,5,2,15,23/04/2007,1,03,2,2,1,07, , , , , ,1, ,10587,0
00,1022,1,11B212,29,40350,1,1,0,06,-,1,3,2,15,05/10/2007,1,03,3,2,6,07, , , , , ,1, ,10587,0
00,1022,1,11B212,29,40350,4,1,0,03,-,1,3,2,22,20/03/2000,1,04,3,2,6,01,7,2,3,1,000800,1, ,10587,0
00,1022,1,11B212,29,40350,4,1,0,02,-,1,2,2,48,20/09/1974,1,03,3,2,1,07, , , , , ,1,1,10587,31973
00,1022,1,11B212,29,40350,4,1,0,04,-,1,3,2,12,17/06/2010,1,03,1,1,6,06, , , , , ,1, ,10587,0
00,1022,1,11B212,29,40350,4,1,0,01,-,1,1,1,52,20/11/1969,1,04,3,2,1,01,5,5,3,2,005000,1, ,10587,0
00,1022,1,11B212,29,40350,2,1,0,02,-,1,3,1,24,12/03/1998,1,06,3,2,6,01,7,2,3,1,001200,1, ,10587,0
00,1022,1,11B212,29,40350,2,1,0,01,-,1,1,2,50,29/09/1972,1,03,3,2,4,01,4,4,3,1,001000,1,1,10587,21315
00,1022,1,11B212,29,40350,3,1,0,01,-,1,1,1,29,03/08/1993,1,07,4,2,1,01,1,2,3,2,999999,1,1,10587,21315
00,1022,1,11B212,29,40350,3,1,0,02,-,1,2,2,24,11/08/1998,1,04,3,2,1,01,4,4,3,1,001000,1, ,10587,0
00,1022,1,11B212,29,40350,1,1,0,10,-,1,5,2,00,26/03/2022, , , , , , , , , , , ,1, ,10587,0
00,1022,1,11B212,29,40350,1,1,0,09,-,1,5,2,00,26/03/2022, , , , , , , , , , , ,1, ,10587,0
00,1022,1,11B212,29,40350,1,1,0,01,-,1,1,1,56,13/08/1966,1,02,6,2,1,01,6,1,2,1,001200,1, ,10587,0
00,1022,1,11B212,29,40350,1,1,0,08,-,1,5,1,06,23/11/2015,1,02,1,1, , , , , , , ,1, ,10587,0
00,1022,1,11B212,29,40350,1,1,0,02,-,1,2,2,52,28/04/1970,1,03,3,2,1,07, , , , , ,1,1,10587,31973
14,1022,5,11A203,29,40353,1,1,0,03,-,2, , , , , , , , , , , , , , , ,1, ,0,0
14,1022,8,11A203,29,40353,1,1,0,04,-,1,3,2,23,12/01/1999,1,07,4,2,6,01,1,2,3,2,999999,1, ,7880,0
14,1022,8,11A203,29,40353,1,1,0,06,-,1,4,2,77,25/08/1945,1,02,2,2,4,07, , , , , ,1, ,7880,0
14,1022,8,11A203,29,40353,1,1,0,01,-,1,1,1,54,20/07/1968,1,07,6,2,5,01,1,5,3,2,999999,1, ,7880,0
14,1022,8,11A203,29,40353,1,1,0,02,-,1,2,2,54,31/01/1968,1,07,4,2,5,01,1,5,3,2,999999,1, ,7880,0
14,1022,8,11A203,29,40353,1,1,0,05,-,1,3,2,15,19/07/2007,1,03,2,1,6,06, , , , , ,1, ,7880,0
00,1022,8,11A203,29,40353,2,1,0,04,-,1,6,2,48,02/10/1974,1,03,3,2,6,01,7,2,2,1,000800,1,1,7880,23797
00,1022,8,11A203,29,40353,2,1,0,03,-,1,6,2,50,01/07/1972,1,03,3,2,6,01,7,2,3,1,000200,1, ,7880,0
00,1022,8,11A203,29,40353,2,1,0,01,-,1,1,2,57,17/05/1965,1,06,3,2,6,07, , , , , ,1, ,7880,0
00,1022,8,11A203,29,40353,4,1,0,05,-,1,3,2,04,14/09/2018, , , , , , , , , , , ,1, ,7880,0
00,1022,8,11A203,29,40353,4,1,0,01,-,1,1,1,37,20/04/1985,1,07,4,2,1,01,7,3,2,1,999999,1, ,7880,0
00,1022,8,11A203,29,40353,4,1,0,03,-,1,6,2,18,10/04/2004,1,04,2,1,6,06, , , , , ,1, ,7880,0
00,1022,8,11A203,29,40353,4,1,0,04,-,1,3,1,09,29/10/2012,1,02,3,1, , , , , , , ,1, ,7880,0
00,1022,8,11A203,29,40353,4,1,0,02,-,1,2,2,32,03/10/1990,1,07,4,2,1,07, , , , , ,1,1,7880,23797
00,1022,8,11A203,29,40353,3,1,0,03,-,1,4,2,81,05/08/1941,1,02,6,2,6,07, , , , , ,1, ,7880,0
00,1022,8,11A203,29,40353,3,1,0,01,-,1,1,1,53,06/10/1969,1,07,4,1,5,01,1,5,3,2,010000,1, ,7880,0
00,1022,8,11A203,29,40353,3,1,0,04,-,1,3,1,27,24/02/1995,1,07,4,2,6,07, , , , , ,1, ,7880,0
00,1022,8,11A203,29,40353,3,1,0,02,-,1,2,2,54,16/05/1968,1,04,3,2,5,07, , , , , ,1,1,7880,39662
00,1022,8,11A203,29,40353,3,1,0,05,-,1,3,2,25,11/05/1997,1,07,4,2,6,07, , , , , ,1, ,7880,0
00,1022,5,11A203,29,40353,2,1,0,02,-,2, , , , , , , , , , , , , , , ,1, ,0,0
00,1022,5,11A206,29,40357,1,1,0,01,-,1,1,1,55,09/09/1967,1,03,3,2,1,01,4,4,2,1,999999,1,1,8352,25224
00,1022,5,11A206,29,40357,1,1,0,03,-,1,3,2,22,29/01/2000,1,04,3,2,6,01,4,4,3,1,000450,1, ,8352,0
00,1022,5,11A206,29,40357,3,1,0,03,-,1,3,1,09,12/01/2013,1,02,2,1, , , , , , , ,1, ,8352,0
16,1022,5,11A206,29,40357,2,1,0,01,-,1,1,1,58,01/07/1964,1,04,3,2,5,01,5,6,2,1,999999,1, ,8352,0
00,1022,5,11A206,29,40357,1,1,0,02,-,1,2,2,46,01/03/1976,1,06,3,2,1,07, , , , , ,1, ,8352,0
16,1022,5,11A206,29,40357,2,1,0,02,-,1,2,2,58,09/11/1963,1,04,3,2,5,07, , , , , ,1, ,8352,0
00,1022,5,11A206,29,40357,3,1,0,02,-,1,3,1,14,16/08/2008,1,03,1,1,6,06, , , , , ,1, ,8352,0
00,1022,5,11A206,29,40357,3,1,0,01,-,1,1,2,37,17/12/1984,1,07,5,2,2,01,1,5,2,3,004000,1,1,8352,8408
00,1022,5,11A206,29,40357,1,1,0,04,-,1,3,1,17,05/09/2005,1,04,1,1,6,06, , , , , ,1, ,8352,0
16,1022,5,11A206,29,40357,2,1,0,03,-,1,3,2,19,06/03/2003,1,04,3,1,6,06, , , , , ,1, ,8352,0
00,1022,5,12A206,29,40392,3,1,0,01,-,1,1,1,42,22/08/1980,1,04,3,2,5,01,3,5,3,2,006000,1, ,8045,0
00,1022,5,12A206,29,40392,3,1,0,02,-,1,2,2,36,02/02/1986,1,03,3,2,5,01,4,4,2,1,003000,1,1,8045,16358
00,1022,5,12A206,29,40392,3,1,0,04,-,1,3,2,09,23/07/2013,1,02,2,1, , , , , , , ,1, ,8045,0
00,1022,5,12A206,29,40392,4,1,0,03,-,1,3,1,17,09/02/2005,1,03,3,1,6,01,5,5,3,2,001500,1, ,8045,0
00,1022,5,12A206,29,40392,4,1,0,02,-,1,2,2,37,02/07/1985,1,03,3,2,5,07, , , , , ,1,1,8045,16358
00,1022,5,12A206,29,40392,4,1,0,05,-,1,3,1,07,22/11/2014,1,02,1,1, , , , , , , ,1, ,8045,0
00,1022,5,12A206,29,40392,2,1,0,01,-,1,1,2,30,15/06/1992,1,99, ,2,6,07, , , , , ,1,1,8045,8178
00,1022,5,12A206,29,40392,4,1,0,04,-,1,3,1,16,27/12/2005,1,04,1,1,6,06, , , , , ,1, ,8045,0
00,1022,5,12A206,29,40392,3,1,0,03,-,1,3,2,15,17/11/2006,1,03,3,1,6,06, , , , , ,1, ,8045,0
00,1022,5,12A206,29,40392,4,1,0,01,-,1,1,1,41,01/03/1981,1,07,5,2,5,01,5,5,2,1,002000,1, ,8045,0
00,1022,2,12B211,29,40408,3,1,0,01,-,1,1,2,73,01/08/1949,1,02,6,2,4,01,6,1,2,1,999999,1, ,8697,0
00,1022,2,12B211,29,40408,3,1,0,03,-,1,5,2,12,10/03/2010,1,02,6,1,6,06, , , , , ,1, ,8697,0
00,1022,2,12B211,29,40408,2,1,0,01,-,1,1,1,68,09/09/1954,1,09,4,2,5,08, , , , , ,1,1,8697,8841
00,1022,2,12B211,29,40408,1,1,0,05,-,1,5,2,03,15/06/2019, , , , , , , , , , , ,1, ,8697,0
00,1022,2,12B211,29,40408,1,1,0,02,-,1,3,2,35,01/10/1987,1,06,3,2,2,01,5,5,2,1,001300,1,1,8697,17683
00,1022,2,12B211,29,40408,1,1,0,03,-,1,5,1,07,05/09/2015,1,01,3,1, , , , , , , ,1, ,8697,0
00,1022,2,12B211,29,40408,1,1,0,01,-,1,1,2,80,16/12/1941,1,02,6,2,2,07, , , , , ,1, ,8697,0
00,1022,2,12B211,29,40408,1,1,0,04,-,1,5,2,05,14/08/2017,2,01,2,1, , , , , , , ,1, ,8697,0
00,1022,2,12B211,29,40408,4,1,0,02,-,1,3,1,46,26/03/1976,1,02,1,2,6,07, , , , , ,1,1,8697,17683
00,1022,2,12B211,29,40408,3,1,0,02,-,1,3,2,45,08/01/1977,1,04,3,2,2,01,4,4,2,1,001000,1,1,8697,35367
00,1022,2,12B211,29,40408,3,1,0,04,-,1,5,1,08,19/05/2014,1,02,2,1, , , , , , , ,1, ,8697,0
00,1022,2,12B211,29,40408,3,1,0,05,-,3,3,2,42,05/07/1980,1,04,3,2,2,01,4,4,3,1,001200,1, ,8697,0
00,1022,2,12B211,29,40408,3,1,0,06,-,3,5,2,18,09/02/2004,1,04,3,2,6,01,4,4,3,1,000500,1, ,8697,0
00,1022,2,12B211,29,40408,4,1,0,01,-,1,1,2,60,15/05/1962,1,02,6,2,4,07, , , , , ,1, ,8697,0
00,1022,4,11A217,29,40412,1,1,0,05,-,1,5,2,03,16/03/2019, , , , , , , , , , , ,1, ,8085,0
00,1022,4,11A217,29,40412,3,1,0,02,-,1,2,2,64,31/07/1958,1,03,3,2,5,07, , , , , ,1, ,8085,0
00,1022,4,11A217,29,40412,3,1,0,01,-,1,1,1,63,02/11/1958,1,03,3,2,5,01,7,2,2,1,999999,1,1,8085,16278
00,1022,4,11A217,29,40412,1,1,0,01,-,1,1,1,64,11/05/1958,1,06,3,2,5,08, , , , , ,1, ,8085,0
00,1022,4,11A217,29,40412,1,1,0,03,-,1,3,2,35,11/08/1987,1,08,1,2,6,01,1,5,3,2,999999,1, ,8085,0
00,1022,4,11A217,29,40412,1,1,0,04,-,1,5,2,18,23/06/2004,1,04,3,1,6,01,4,4,3,1,000800,1,1,8085,32556
00,1022,4,11A217,29,40412,1,1,0,02,-,1,2,2,63,04/02/1959,1,06,3,2,5,08, , , , , ,1, ,8085,0
00,1022,4,11A217,29,40412,4,1,0,01,-,1,1,2,34,07/08/1988,1,04,3,2,1,07, , , , , ,1,1,8085,8139
00,1022,8,11A203,30,40010,2,1,0,03,-,1,3,1,19,16/09/2003,1,04,3,1,6,06, , , , , ,1, ,6634,0
00,1022,8,11A203,30,40010,2,1,0,02,-,1,2,2,50,08/04/1972,1,02,6,2,5,07, , , , , ,1, ,6634,0
00,1022,8,11A203,30,40010,1,1,0,01,-,1,1,2,68,19/05/1954,2,00, ,2,4,01,5,5,4,1,999999,1, ,6634,0
00,1022,8,11A203,30,40010,1,1,0,02,-,1,3,1,51,19/04/1971,1,03,3,2,6,10, , , , , ,1,1,6634,13356
00,1022,8,11A203,30,40010,2,1,0,04,-,1,3,1,25,05/12/1996,1,04,3,2,5,01,5,5,3,1,001500,1, ,6634,0
00,1022,5,11A203,30,40010,4,1,0,04,-,2, , , , , , , , , , , , , , , ,1, ,0,0
00,1022,8,11A203,30,40010,2,1,0,06,-,1,5,2,05,02/07/2017,2,01,1,1, , , , , , , ,1, ,6634,0
00,1022,8,11A203,30,40010,4,1,0,06,-,1,3,2,04,21/12/2017, , , , , , , , , , , ,1, ,6634,0
00,1022,8,11A203,30,40010,4,1,0,05,-,1,3,1,07,02/07/2015,2,01,3,1, , , , , , , ,1, ,6634,0
00,1022,8,11A203,30,40010,4,1,0,02,-,1,2,2,35,12/08/1987,1,03,3,2,5,07, , , , , ,1, ,6634,0
00,1022,8,11A203,30,40010,4,1,0,01,-,1,1,1,39,07/07/1983,1,02,4,2,5,01,4,4,3,1,001500,1,1,6634,13356
00,1022,8,11A203,30,40010,2,1,0,05,-,1,5,2,24,15/03/1998,1,03,3,2,5,07, , , , , ,1, ,6634,0
00,1022,8,11A203,30,40010,2,1,0,01,-,1,1,1,50,10/10/1972,1,02,6,2,5,01,5,5,2,1,005000,1,1,6634,33390
00,1022,5,11A203,30,40010,4,1,0,03,-,2, , , , , , , , , , , , , , , ,1, ,0,0
00,1022,3,11A218,30,41027,1,1,0,01,-,1,1,1,30,18/11/1991,1,04,3,2,5,01,7,2,3,1,001800,1, ,6494,0
00,1022,3,11A218,30,41027,1,1,0,02,-,1,2,2,29,29/08/1993,1,04,3,2,5,01,5,5,2,1,000800,1,1,6494,13075
00,1022,3,11A218,30,41027,3,1,0,01,-,1,1,2,77,26/10/1944,1,03,3,2,6,08, , , , , ,1,1,6494,6537
00,1022,3,11A218,30,41027,2,1,0,03,-,3,8,2,23,20/11/1998,1,07,2,1,6,06, , , , , ,1, ,6494,0
00,1022,3,11A218,30,41027,1,1,0,03,-,1,3,2,08,12/12/2013,1,02,3,1, , , , , , , ,1, ,6494,0
00,1022,3,11A218,30,41027,2,1,0,02,-,1,2,2,30,10/09/1992,1,07,4,2,1,01,1,5,3,1,002000,1, ,6494,0
00,1022,3,11A218,30,41027,4,1,0,04,-,1,3,1,27,21/06/1995,1,03,3,1,6,06, , , , , ,1, ,6494,0
00,1022,3,11A218,30,41027,4,1,0,06,-,1,5,1,08,15/05/2014,1,02,2,1, , , , , , , ,1, ,6494,0
00,1022,3,11A218,30,41027,4,1,0,03,-,1,3,2,30,25/11/1991,1,04,3,2,6,01,5,5,3,1,000900,1,1,6494,26149
00,1022,3,11A218,30,41027,4,1,0,01,-,1,1,1,52,28/06/1970,1,02,3,2,5,01,5,5,2,1,001300,1, ,6494,0
00,1022,3,11A218,30,41027,4,1,0,02,-,1,2,2,50,30/01/1972,1,03,3,2,5,07, , , , , ,1, ,6494,0
00,1022,3,11A218,30,41027,4,1,0,05,-,1,5,2,11,07/09/2011,1,02,5,1, , , , , , , ,1, ,6494,0
00,1022,3,11A218,30,41027,2,1,0,01,-,1,1,2,33,07/08/1989,1,07,4,2,1,04, , , , , ,1,1,6494,19612
00,1022,7,13A204,30,41072,1,1,0,03,-,1,3,2,09,01/10/2013,1,02,2,1, , , , , , , ,1, ,8670,0
00,1022,7,13A204,30,41072,1,1,0,02,-,1,2,2,30,20/03/1992,1,04,3,2,1,07, , , , , ,1, ,8670,0
00,1022,7,13A204,30,41072,2,1,0,04,-,1,3,1,13,27/03/2009,1,02,6,1,6,06, , , , , ,1, ,8670,0
00,1022,7,13A204,30,41072,2,1,0,02,-,1,2,2,45,16/04/1977,1,03,3,2,5,07, , , , , ,1, ,8670,0
00,1022,7,13A204,30,41072,2,1,0,03,-,1,3,1,21,11/08/2001,1,03,3,1,6,06, , , , , ,1,1,8670,26410
00,1022,7,13A204,30,41072,2,1,0,01,-,1,1,1,49,15/03/1973,1,03,3,2,5,01,3,4,3,2,999999,1, ,8670,0
00,1022,7,13A204,30,41072,3,1,0,01,-,1,1,1,69,14/08/1953,1,07,5,2,6,08, , , , , ,1, ,8670,0
00,1022,7,13A204,30,41072,3,1,0,02,-,1,4,2,90,30/10/1931,2,02,6,2,4,07, , , , , ,1,1,8670,17606
00,1022,7,13A204,30,41072,4,1,0,01,-,1,1,2,32,05/09/1990,1,07,4,2,1,01,1,7,3,2,006000,1, ,8670,0
00,1022,7,13A204,30,41072,4,1,0,02,-,1,2,1,32,27/03/1990,1,07,4,2,1,01,7,2,3,2,006000,1,1,8670,17606
00,1022,7,13A204,30,41072,1,1,0,01,-,1,1,1,35,31/03/1987,1,04,3,2,1,01,1,5,3,2,999999,1,1,8670,17606
00,1022,7,13A204,30,41072,1,1,0,04,-,1,3,2,05,27/04/2017,1,01,3,1, , , , , , , ,1, ,8670,0
00,1022,7,13A204,30,41072,1,1,0,05,-,1,3,1,03,16/01/2019, , , , , , , , , , , ,1, ,8670,0
00,1022,3,11A218,30,41098,2,1,0,01,-,1,1,1,50,04/09/1972,1,03,3,2,2,01,5,6,3,1,001800,1,1,7795,7847
00,1022,3,11A218,30,41098,3,1,1,02,-,1,3,1,07,15/10/2015,1,02,1,1, , , , , , , ,1, ,7795,0
00,1022,3,11A218,30,41098,3,1,1,01,-,1,1,2,24,06/02/1998,1,03,3,2,6,01,3,5,3,2,999999,1,1,7795,7847
00,1022,3,11A218,30,41098,4,1,0,01,-,1,1,1,62,13/06/1960,1,03,3,2,6,07, , , , , ,1,1,7795,7847
00,1022,3,11A218,30,41098,1,1,0,01,-,1,1,2,31,31/03/1991,1,04,3,2,1,07, , , , , ,1,1,7795,15695
00,1022,3,11A218,30,41098,1,1,0,03,-,1,3,2,12,05/09/2010,1,02,6,1,6,06, , , , , ,1, ,7795,0
00,1022,3,11A218,30,41098,1,1,0,02,-,1,2,1,31,30/05/1991,1,04,3,2,1,01,7,5,3,1,001800,1, ,7795,0
00,1022,3,11A218,30,41098,1,1,0,04,-,1,3,2,05,04/08/2017,2,01,2,1, , , , , , , ,1, ,7795,0
00,1022,7,11A204,30,41134,3,1,0,01,-,1,1,2,81,07/02/1941,1,02,6,2,4,07, , , , , ,1, ,5651,0
00,1022,7,11A204,30,41134,2,1,0,01,-,1,1,1,49,07/05/1973,1,07,4,2,1,01,4,4,3,2,999999,1,1,5651,11377
00,1022,7,11A204,30,41134,3,1,0,03,-,1,5,2,16,22/07/2006,1,04,2,1,6,06, , , , , ,1, ,5651,0
00,1022,7,11A204,30,41134,3,1,0,02,-,1,3,2,50,27/04/1972,1,06,2,2,6,01,3,5,3,2,999999,1,1,5651,11377
00,1022,7,11A204,30,41134,2,1,0,02,-,1,2,2,43,30/03/1979,1,07,5,2,1,07, , , , , ,1, ,5651,0
00,1022,7,11A204,30,41134,1,1,0,01,-,1,1,2,73,03/06/1949,1,02,6,2,4,07, , , , , ,1, ,5651,0
00,1022,7,11A204,30,41134,1,1,0,03,-,1,3,1,56,04/11/1965,1,04,3,2,5,01,4,4,3,1,999999,1,1,5651,17066
00,1022,7,11A204,30,41134,1,1,0,02,-,1,3,2,43,05/02/1979,1,07,1,2,1,01,3,4,3,2,999999,1, ,5651,0
00,1022,7,11A204,30,41134,4,1,0,02,-,1,5,2,26,24/10/1995,1,07,4,2,1,01,3,5,3,2,999999,1, ,5651,0
00,1022,7,11A204,30,41134,4,1,0,01,-,1,1,2,58,20/01/1964,1,06,2,2,3,01,3,5,3,2,999999,1,1,5651,11377
00,1022,7,11A204,30,41134,4,1,0,03,-,1,5,1,02,20/12/2019, , , , , , , , , , , ,1, ,5651,0
00,1022,2,12B211,30,41190,2,1,0,02,-,1,6,2,82,19/03/1940,1,02,6,2,4,08, , , , , ,1,1,5966,12130
00,1022,2,12B211,30,41190,3,1,0,02,-,1,2,1,29,25/04/1993,1,04,3,2,1,01,4,4,2,1,000600,1,1,5966,12130
00,1022,2,12B211,30,41190,3,1,0,03,-,1,3,1,01,23/08/2021, , , , , , , , , , , ,1, ,5966,0
00,1022,2,12B211,30,41190,3,1,0,01,-,1,1,2,20,23/07/2002,1,03,2,2,1,01,4,4,2,1,000600,1, ,5966,0
00,1022,2,12B211,30,41190,2,1,0,01,-,1,1,2,94,06/07/1928,1,02,3,2,4,08, , , , , ,1, ,5966,0
00,1022,2,12B211,30,41190,1,1,0,01,-,1,1,2,47,09/02/1975,1,06,3,2,6,01,4,4,5,1,003000,1,1,5966,6064
00,1022,6,11A205,30,41227,3,1,0,02,-,1,3,1,47,23/05/1975,1,03,3,2,6,02,4,4,6,5, ,1, ,4844,0
00,1022,6,11A205,30,41227,1,1,0,02,-,1,2,2,54,08/11/1967,1,07,4,2,1,07, , , , , ,1, ,4844,0
00,1022,6,11A205,30,41227,1,1,0,01,-,1,1,1,71,01/01/1951,1,03,3,2,1,01,5,5,2,1,002000,1,1,4844,9753
00,1022,6,11A205,30,41227,3,1,0,03,-,1,3,1,56,08/06/1966,1,03,3,2,6,02,4,4,6,5, ,1,1,4844,14630
00,1022,6,11A205,30,41227,3,1,0,01,-,1,1,2,80,26/05/1942,1,02,6,2,2,01,4,4,2,1,000400,1, ,4844,0
00,1022,6,11A205,30,41227,4,1,0,01,-,1,1,1,81,02/09/1941,1,02,6,2,4,08, , , , , ,1,1,4844,4877
00,1022,6,11A205,30,41227,2,1,0,01,-,1,1,1,68,15/06/1954,1,07,5,2,3,08, , , , , ,1,1,4844,4877
00,1022,6,12A205,30,41261,2,1,0,02,-,1,2,2,68,20/05/1954,1,07,5,2,5,07, , , , , ,1,1,5413,16510
00,1022,6,12A205,30,41261,2,1,0,01,-,1,1,1,72,11/04/1950,1,07,5,2,5,08, , , , , ,1, ,5413,0
00,1022,6,12A205,30,41261,4,1,0,01,-,1,1,1,39,20/07/1983,1,07,4,2,6,01,5,5,2,1,999999,1,1,5413,5504
00,1022,6,12A205,30,41261,2,1,0,03,-,1,3,1,41,31/08/1981,1,07,5,2,6,01,1,4,3,2,999999,1, ,5413,0
00,1022,6,12A205,30,41261,3,1,0,01,-,1,1,1,67,14/01/1955,1,07,2,2,5,08, , , , , ,1,1,5413,11007
00,1022,6,12A205,30,41261,3,1,0,02,-,1,2,2,67,04/06/1955,1,04,3,2,5,07, , , , , ,1, ,5413,0
00,1022,2,11B211,30,41288,3,1,0,01,-,1,1,2,45,07/09/1977,1,02,6,2,3,04, , , , , ,1, ,5400,0
00,1022,2,11B211,30,41288,3,1,0,05,-,1,5,1,07,14/08/2015,2,01,3,2, , , , , , , ,1, ,5400,0
00,1022,2,11B211,30,41288,3,1,0,03,-,1,5,1,32,27/12/1989,1,07,2,2,1,01,7,2,3,1,001600,1,1,5400,16308
00,1022,2,11B211,30,41288,2,1,0,01,-,1,1,1,72,25/04/1950,1,04,2,2,2,01,5,5,2,1,000200,1,1,5400,5436
00,1022,2,11B211,30,41288,4,1,0,04,-,1,3,1,08,04/07/2014,1,02,2,1, , , , , , , ,1, ,5400,0
00,1022,2,11B211,30,41288,4,1,0,01,-,1,1,1,51,25/02/1971,1,07,4,2,5,01,3,7,3,2,011000,1,1,5400,16308
00,1022,2,11B211,30,41288,3,1,0,02,-,1,3,2,30,24/06/1992,1,02,6,2,1,04, , , , , ,1, ,5400,0
00,1022,2,11B211,30,41288,3,1,0,04,-,1,5,1,14,17/09/2008,1,02,6,2,6,10, , , , , ,1, ,5400,0
00,1022,2,11B211,30,41288,4,1,0,03,-,1,4,2,71,22/08/1951,1,04,3,2,4,07, , , , , ,1, ,5400,0
00,1022,2,11B211,30,41288,4,1,0,02,-,1,2,2,49,20/12/1972,1,07,4,1,5,06, , , , , ,1, ,5400,0
00,1022,2,11B211,30,41288,1,1,0,01,-,1,1,1,82,19/03/1940,1,02,6,2,6,07, , , , , ,1,1,5400,5436
00,1022,5,12A206,30,41293,2,1,0,02,-,1,2,2,56,29/11/1965,1,07,4,2,5,07, , , , , ,1, ,6856,0
00,1022,5,12A206,30,41293,1,1,0,03,-,1,3,1,01,27/12/2020, , , , , , , , , , , ,1, ,6856,0
00,1022,5,12A206,30,41293,2,1,0,04,-,1,3,1,19,26/09/2003,1,07,1,1,6,06, , , , , ,1,1,6856,27881
00,1022,5,12A206,30,41293,2,1,0,03,-,1,3,2,22,30/07/2000,1,07,3,1,6,06, , , , , ,1, ,6856,0
00,1022,5,12A206,30,41293,2,1,0,01,-,1,1,1,58,16/04/1964,1,04,3,2,5,01,7,2,3,2,999999,1, ,6856,0
00,1022,5,12A206,30,41293,3,1,0,01,-,1,1,1,25,09/09/1997,1,07,4,2,6,01,1,5,3,2,004000,1,1,6856,6970
00,1022,5,12A206,30,41293,1,1,0,02,-,1,2,2,33,14/11/1988,1,07,5,2,5,07, , , , , ,1, ,6856,0
00,1022,5,12A206,30,41293,1,1,0,01,-,1,1,1,32,24/11/1989,1,07,5,2,5,01,3,4,3,3,008000,1,1,6856,13940
00,1022,1,11B212,30,41320,2,1,0,04,-,1,5,1,22,18/12/1999,1,04,3,2,6,01,3,5,3,2,999999,1, ,7276,0
00,1022,1,11B212,30,41320,3,1,0,02,-,1,2,2,49,28/08/1973,1,03,3,2,1,01,4,4,2,1,001000,1, ,7276,0
00,1022,1,11B212,30,41320,4,1,0,02,-,1,3,1,44,14/12/1977,1,03,3,2,6,01,5,4,3,1,999999,1, ,7276,0
00,1022,1,11B212,30,41320,4,1,0,01,-,1,1,2,74,29/06/1948,2,02,1,2,4,07, , , , , ,1,1,7276,14648
00,1022,1,11B212,30,41320,2,1,0,01,-,1,1,1,88,26/04/1934,1,02,6,2,5,08, , , , , ,1,1,7276,29297
00,1022,1,11B212,30,41320,1,1,0,01,-,1,1,2,78,06/07/1944,1,02,6,2,4,07, , , , , ,1,1,7276,14648
00,1022,1,11B212,30,41320,1,1,0,02,-,1,7,2,52,20/12/1969,1,07,4,2,6,01,3,5,3,2,999999,1, ,7276,0
00,1022,1,11B212,30,41320,3,1,0,01,-,1,1,1,58,04/10/1964,1,04,2,2,1,01,5,6,4,1,002000,1,1,7276,14648
00,1022,1,11B212,30,41320,2,1,0,03,-,1,5,2,51,04/10/1971,1,04,3,2,2,01,4,4,3,1,999999,1, ,7276,0
00,1022,1,11B212,30,41320,2,1,0,05,-,1,5,2,16,05/10/2005,1,04,2,1,6,06, , , , , ,1, ,7276,0
00,1022,1,11B212,30,41320,2,1,0,02,-,1,2,2,70,03/06/1952,1,02,6,2,5,07, , , , , ,1, ,7276,0
00,1022,4,13A217,30,41378,2,1,0,01,-,1,1,2,65,25/07/1957,1,07,4,2,2,08, , , , , ,1,1,7410,7523
00,1022,4,13A217,30,41378,1,1,0,04,-,1,3,1,09,25/11/2012,1,02,4,1, , , , , , , ,1, ,7410,0
00,1022,4,13A217,30,41378,1,1,0,02,-,1,4,2,75,19/09/1947,1,04,3,2,2,07, , , , , ,1, ,7410,0
00,1022,4,13A217,30,41378,1,1,0,03,-,1,2,2,29,14/08/1993,1,07,1,2,1,01,5,5,3,1,999999,1, ,7410,0
00,1022,4,13A217,30,41378,1,1,0,01,-,1,1,1,46,08/05/1976,1,07,5,2,1,01,3,5,3,2,999999,1,1,7410,22570
00,1022,4,11A217,30,41408,2,1,0,01,-,1,1,1,42,16/04/1980,1,04,3,2,2,01,4,4,3,1,999999,1,1,6158,6199
00,1022,4,11A217,30,41408,4,1,0,01,-,1,1,2,33,03/12/1988,1,07,4,2,6,01,5,5,3,2,006000,1,1,6158,6199
00,1022,4,11A217,30,41408,3,1,0,01,-,1,1,2,35,21/10/1986,1,04,3,2,6,01,5,6,3,1,999999,1,1,6158,6199
00,1022,1,12B212,30,41415,3,1,0,01,-,1,1,2,73,18/09/1949,1,02,1,2,4,07, , , , , ,1,1,6522,19891
00,1022,1,12B212,30,41415,1,1,0,02,-,1,3,2,59,04/04/1963,1,07,6,2,6,01,1,5,3,2,010000,1,1,6522,13261
00,1022,1,12B212,30,41415,1,1,0,01,-,1,1,2,93,24/04/1929,1,07,4,2,4,09, , , , , ,1, ,6522,0
00,1022,1,12B212,30,41415,4,1,0,01,-,1,1,1,63,03/07/1959,1,04,3,2,2,01,4,4,2,1,005000,1, ,6522,0
00,1022,1,12B212,30,41415,4,1,0,03,-,1,3,1,27,15/12/1994,1,07,4,1,6,01,3,5,3,2,999999,1, ,6522,0
00,1022,1,12B212,30,41415,4,1,0,02,-,1,3,2,31,16/09/1991,1,07,4,2,1,01,3,5,3,2,999999,1,1,6522,19891
00,1022,1,12B212,30,41415,3,1,0,03,-,1,5,2,25,21/10/1996,1,07,1,2,6,01,5,5,3,2,999999,1, ,6522,0
00,1022,1,12B212,30,41415,3,1,0,02,-,1,5,1,29,15/05/1993,1,04,3,2,6,01,7,5,3,2,999999,1, ,6522,0
00,1022,1,12B212,30,41415,2,1,0,01,-,1,1,1,45,15/07/1977,1,07,4,2,1,01,1,5,5,2,008000,1,1,6522,13261
00,1022,1,12B212,30,41415,2,1,0,02,-,1,2,2,46,28/09/1976,1,07,4,2,1,01,1,5,3,2,008000,1, ,6522,0
00,1022,8,12A203,30,41418,1,1,0,01,-,1,1,1,56,07/10/1965,1,03,3,2,2,01,5,5,5,1,999999,1,1,6975,7091
00,1022,8,12A203,30,41418,2,1,0,02,-,1,2,1,57,24/06/1965,1,04,3,2,1,01,7,2,3,1,005000,1, ,6975,0
00,1022,8,12A203,30,41418,2,1,0,01,-,1,1,2,54,03/07/1968,1,04,3,2,1,01,3,5,3,1,001200,1,1,6975,14183
00,1022,8,12A203,30,41418,3,1,0,03,-,1,5,1,23,09/09/1999,1,04,3,2,1,01,5,5,3,1,999999,1, ,6975,0
00,1022,8,12A203,30,41418,3,1,0,02,-,1,2,2,68,23/07/1954,1,02,6,2,5,07, , , , , ,1,1,6975,28365
00,1022,8,12A203,30,41418,4,1,1,03,-,1,3,1,18,13/04/2004,1,04,3,1,6,06, , , , , ,1,1,6975,21274
00,1022,8,12A203,30,41418,3,1,0,04,-,1,7,2,20,02/03/2002,1,04,1,2,1,07, , , , , ,1, ,6975,0
00,1022,8,12A203,30,41418,3,1,0,05,-,1,5,1,01,07/07/2021, , , , , , , , , , , ,1, ,6975,0
00,1022,8,12A203,30,41418,4,1,1,02,-,1,2,2,44,16/05/1978,1,04,3,2,5,07, , , , , ,1, ,6975,0
00,1022,8,12A203,30,41418,4,1,1,01,-,1,1,1,48,07/07/1974,1,04,3,2,5,01,5,5,5,1,999999,1, ,6975,0
00,1022,8,12A203,30,41418,3,1,0,01,-,1,1,1,71,17/09/1951,1,02,6,2,5,08, , , , , ,1, ,6975,0
00,1022,3,12A218,31,40060,3,1,0,01,-,1,1,1,27,17/09/1995,1,04,3,2,5,01,5,5,5,1,999999,1, ,7682,0
00,1022,3,12A218,31,40060,3,1,0,04,-,1,3,1,06,05/09/2016,2,01,2,1, , , , , , , ,1, ,7682,0
00,1022,3,12A218,31,40060,3,1,0,02,-,1,2,2,27,10/12/1994,1,06,3,2,5,01,1,5,2,1,999999,1,1,7682,15620
00,1022,3,12A218,31,40060,3,1,0,03,-,1,3,1,10,25/11/2011,1,02,5,1, , , , , , , ,1, ,7682,0
00,1022,3,12A218,31,40060,4,1,0,02,-,1,2,2,46,04/02/1976,1,07,2,2,5,07, , , , , ,1,1,7682,31239
00,1022,3,12A218,31,40060,4,1,0,04,-,1,3,1,20,27/11/2001,1,04,2,2,6,02,7,2,6,5, ,1, ,7682,0
15,1022,3,12A218,31,40060,2,1,0,01,-,1,1,2,42,30/06/1980,1,07,4,2,6,01,5,5,3,2,999999,1, ,7682,0
00,1022,3,12A218,31,40060,4,1,0,01,-,1,1,1,49,15/09/1973,1,04,1,2,5,01,7,2,2,1,002000,1, ,7682,0
00,1022,3,12A218,31,40060,1,1,0,04,-,1,3,2,10,23/05/2012,1,02,4,1, , , , , , , ,1, ,7682,0
00,1022,3,12A218,31,40060,1,1,0,02,-,1,2,2,39,09/09/1983,1,07,5,2,5,01,5,5,3,2,999999,1,1,7682,15620
00,1022,3,12A218,31,40060,1,1,0,01,-,1,1,1,38,17/04/1984,1,04,3,2,5,01,3,4,3,2,999999,1, ,7682,0
00,1022,3,12A218,31,40060,1,1,0,03,-,1,3,1,06,23/07/2016,1,01,3,1, , , , , , , ,1, ,7682,0
15,1022,3,12A218,31,40060,2,1,0,02,-,1,4,2,74,30/06/1948,1,02,6,2,5,07, , , , , ,1, ,7682,0
00,1022,3,12A218,31,40060,4,1,0,03,-,1,3,2,22,03/03/2000,1,04,3,2,6,01,5,5,3,2,002500,1, ,7682,0
00,1022,7,12A204,31,40130,3,1,0,01,-,1,1,1,65,05/07/1957,1,03,3,2,6,01,4,4,5,1,001000,1,1,7150,7269
00,1022,7,12A204,31,40130,2,1,0,01,-,1,1,1,72,30/06/1950,1,06,2,2,5,08, , , , , ,1, ,7150,0
00,1022,7,12A204,31,40130,2,1,0,03,-,1,3,2,35,30/06/1987,1,04,3,2,3,01,4,4,3,1,999999,1,1,7150,21807
00,1022,7,12A204,31,40130,2,1,0,04,-,1,5,2,11,30/06/2011,1,02,6,1, , , , , , , ,1, ,7150,0
00,1022,7,12A204,31,40130,2,1,0,02,-,1,2,2,65,30/06/1957,1,02,6,2,5,07, , , , , ,1, ,7150,0
00,1022,7,12A204,31,40130,4,1,0,01,-,1,1,2,39,07/07/1983,1,02,6,2,2,01,4,4,3,1,001500,1,1,7150,21807
00,1022,7,12A204,31,40130,4,1,0,04,-,1,3,2,16,13/07/2006,1,03,3,1,6,06, , , , , ,1, ,7150,0
00,1022,7,12A204,31,40130,4,1,0,03,-,1,3,1,22,27/09/2000,2,04,3,2,6,01,5,5,3,1,999999,1, ,7150,0
00,1022,7,12A204,31,40130,4,1,0,02,-,1,7,1,72,04/10/1950,1,04,2,2,6,09, , , , , ,1, ,7150,0
00,1022,6,11A205,31,40167,2,1,0,01,-,1,1,2,67,02/12/1954,2,02,3,2,5,07, , , , , ,1, ,7038,0
00,1022,6,11A205,31,40167,2,1,0,02,-,1,2,1,71,08/04/1951,1,03,3,2,5,01,5,5,5,1,999999,1,1,7038,14170
00,1022,6,11A205,31,40167,3,1,0,02,-,1,2,2,70,26/05/1952,1,03,3,2,5,01,4,4,2,1,999999,1, ,7038,0
00,1022,6,11A205,31,40167,3,1,0,01,-,1,1,1,65,16/09/1957,1,07,2,2,5,01,5,5,5,3,999999,1,1,7038,14170
00,1022,6,11A205,31,40167,1,1,0,01,-,1,1,1,56,11/01/1966,1,04,2,2,5,01,5,5,2,1,999999,1, ,7038,0
00,1022,6,11A205,31,40167,1,1,0,02,-,1,2,2,50,16/08/1972,2,06,1,2,5,07, , , , , ,1,1,7038,14170
00,1022,6,11A205,31,40167,4,1,0,02,-,1,2,2,30,01/11/1991,1,07,4,2,5,01,5,5,3,2,999999,1, ,7038,0
00,1022,6,11A205,31,40167,4,1,0,01,-,1,1,1,32,22/12/1989,1,07,4,2,5,01,5,5,3,2,999999,1,1,7038,14170
00,1022,6,13A205,31,40198,3,1,0,03,-,1,3,2,24,31/08/1998,1,07,3,1,6,01,4,4,3,1,999999,1, ,9545,0
00,1022,6,13A205,31,40198,3,1,0,02,-,1,4,2,75,11/11/1946,1,03,3,2,4,07, , , , , ,1, ,9545,0
00,1022,6,13A205,31,40198,3,1,0,01,-,1,1,2,46,20/09/1976,2,04,3,2,3,01,5,5,3,1,999999,1,1,9545,29073
00,1022,6,13A205,31,40198,1,1,0,01,-,1,1,1,54,22/09/1968,1,07,4,2,5,01,5,5,3,2,999999,1,1,9545,19382
00,1022,6,13A205,31,40198,1,1,0,03,-,1,3,2,15,16/06/2007,1,03,2,1,6,06, , , , , ,1, ,9545,0
00,1022,6,13A205,31,40198,2,1,0,01,-,1,1,2,47,26/11/1974,1,07,5,2,3,01,5,5,3,2,999999,1,1,9545,19382
00,1022,6,13A205,31,40198,1,1,0,02,-,1,2,2,45,23/08/1977,1,07,4,2,5,01,5,5,3,2,999999,1, ,9545,0
00,1022,6,13A205,31,40198,1,1,0,04,-,1,3,2,11,09/03/2011,1,02,4,1, , , , , , , ,1, ,9545,0
00,1022,6,13A205,31,40198,2,1,0,02,-,1,3,1,18,20/01/2004,1,04,2,1,6,06, , , , , ,1, ,9545,0
00,1022,6,13A205,31,40198,2,1,0,03,-,1,3,2,14,03/01/2008,1,03,1,1,6,06, , , , , ,1, ,9545,0
00,1022,2,11B211,31,40256,4,1,0,04,-,1,3,1,21,30/06/2001,1,04,3,1,6,01,5,5,3,2,999999,1, ,8018,0
00,1022,2,11B211,31,40256,4,1,0,05,-,1,5,1,06,26/09/2016,2,01,3,1, , , , , , , ,1, ,8018,0
00,1022,2,11B211,31,40256,4,1,0,01,-,1,1,1,45,30/06/1977,1,99, ,2,2,01,5,5,3,1,999999,1, ,8018,0
00,1022,2,11B211,31,40256,4,1,0,02,-,1,3,1,30,30/06/1992,1,04,3,2,5,01,5,5,3,1,999999,1, ,8018,0
00,1022,2,11B211,31,40256,3,1,0,02,-,1,2,2,37,08/02/1985,1,07,5,2,5,01,5,5,3,1,999999,1, ,8018,0
00,1022,2,11B211,31,40256,2,1,0,02,-,1,8,1,25,18/11/1996,1,04,3,2,6,01,4,4,2,1,999999,1, ,8018,0
00,1022,2,11B211,31,40256,3,1,0,01,-,1,1,1,39,15/05/1983,1,04,2,2,5,01,5,5,3,2,999999,1,1,8018,16143
00,1022,2,11B211,31,40256,3,1,0,04,-,1,3,1,08,14/05/2014,1,02,2,1, , , , , , , ,1, ,8018,0
00,1022,2,11B211,31,40256,4,1,0,03,-,1,5,2,26,30/08/1996,1,04,3,2,5,01,5,5,3,2,999999,1,1,8018,32286
00,1022,2,11B211,31,40256,2,1,0,01,-,1,1,1,35,03/07/1987,1,07,3,2,6,01,3,5,3,2,999999,1,1,8018,16143
00,1022,2,11B211,31,40256,3,1,0,03,-,1,3,1,13,25/10/2008,1,03,2,1,6,06, , , , , ,1, ,8018,0
00,1022,2,11B211,31,40289,2,1,0,06,-,1,5,2,14,13/11/2007,1,03,3,1,6,06, , , , , ,1, ,7842,0
00,1022,2,11B211,31,40289,1,1,0,01,-,1,1,1,68,07/09/1954,1,07,4,2,5,08, , , , , ,1,1,7842,15788
00,1022,2,11B211,31,40289,1,1,0,02,-,1,2,2,69,17/03/1953,1,07,4,2,5,08, , , , , ,1, ,7842,0
00,1022,2,11B211,31,40289,4,1,0,02,-,1,2,2,61,06/01/1961,1,07,5,2,5,08, , , , , ,1,1,7842,23683
00,1022,2,11B211,31,40289,4,1,0,01,-,1,1,1,63,17/05/1959,1,07,4,2,5,08, , , , , ,1, ,7842,0
00,1022,2,11B211,31,40289,4,1,0,03,-,1,3,2,29,17/11/1992,1,07,5,2,6,01,2,5,3,2,999999,1, ,7842,0
00,1022,2,11B211,31,40289,2,1,0,04,-,1,3,2,48,26/10/1973,1,03,3,2,6,01,4,4,2,1,999999,1,1,7842,39471
00,1022,2,11B211,31,40289,2,1,0,05,-,1,5,1,24,09/07/1998,1,07,5,2,6,01,5,5,3,2,999999,1, ,7842,0
00,1022,2,11B211,31,40289,2,1,0,02,-,1,2,2,73,08/05/1949,1,03,3,2,5,07, , , , , ,1, ,7842,0
00,1022,2,11B211,31,40289,2,1,0,01,-,1,1,1,84,23/12/1937,1,07,5,2,5,07, , , , , ,1, ,7842,0
00,1022,2,11B211,31,40289,2,1,0,03,-,1,3,2,50,20/07/1972,1,03,3,2,6,01,4,4,3,1,999999,1, ,7842,0
00,1022,5,11A206,31,40295,1,1,0,01,-,1,1,1,42,17/10/1979,1,06,3,2,5,01,4,4,2,1,999999,1,1,7600,15301
00,1022,5,11A206,31,40295,1,1,0,03,-,1,3,2,15,20/06/2007,1,03,2,1,6,06, , , , , ,1, ,7600,0
00,1022,5,11A206,31,40295,2,1,0,02,-,1,8,2,23,05/02/1999,1,07,4,1,6,06, , , , , ,1, ,7600,0
00,1022,5,11A206,31,40295,2,1,0,03,-,1,8,2,20,01/11/2001,1,04,3,2,6,01,4,4,3,2,999999,1, ,7600,0
00,1022,5,11A206,31,40295,3,1,0,01,-,1,1,1,48,10/02/1974,1,04,2,2,5,01,5,5,3,1,999999,1, ,7600,0
00,1022,5,11A206,31,40295,3,1,0,03,-,1,3,1,23,10/05/1999,1,07,2,2,6,01,5,5,3,2,999999,1, ,7600,0
00,1022,5,11A206,31,40295,1,1,0,02,-,1,2,2,40,30/01/1982,1,07,4,2,5,01,4,4,3,1,999999,1, ,7600,0
00,1022,5,11A206,31,40295,4,1,0,02,-,1,2,2,40,06/06/1982,1,07,4,1,5,01,4,4,3,2,999999,1,1,7600,22951
00,1022,5,11A206,31,40295,4,1,0,04,-,1,3,2,12,26/06/2010,1,02,5,1,6,06, , , , , ,1, ,7600,0
00,1022,5,11A206,31,40295,4,1,0,03,-,1,3,1,24,28/10/1997,1,07,1,2,6,01,5,5,5,1,999999,1, ,7600,0
00,1022,5,11A206,31,40295,4,1,0,01,-,1,1,1,44,03/02/1978,1,04,3,2,5,01,5,5,3,2,999999,1, ,7600,0
00,1022,5,11A206,31,40295,2,1,0,01,-,1,1,2,25,15/02/1997,1,07,4,2,6,01,5,5,3,2,999999,1,1,7600,22951
00,1022,5,11A206,31,40295,1,1,0,04,-,1,3,2,08,28/08/2014,1,02,1,1, , , , , , , ,1, ,7600,0
00,1022,5,11A206,31,40295,3,1,0,02,-,1,2,2,45,28/03/1977,1,04,3,2,5,01,5,5,3,1,999999,1,1,7600,22951
00,1022,5,13A206,31,40357,3,1,0,02,-,1,2,2,26,10/04/1996,1,07,4,2,1,01,5,5,3,2,999999,1,1,10095,20499
00,1022,5,13A206,31,40357,3,1,0,01,-,1,1,1,32,05/03/1990,1,07,4,2,1,01,5,5,3,2,999999,1, ,10095,0
00,1022,5,13A206,31,40357,2,1,1,01,-,1,1,1,30,09/09/1992,1,03,3,1,1,01,5,5,2,1,999999,1,1,10095,20499
00,1022,5,13A206,31,40357,2,1,1,02,-,1,2,2,33,17/07/1989,1,07,5,2,1,01,5,5,3,1,002000,1, ,10095,0
00,1022,4,12A217,31,40377,3,1,0,03,-,1,3,2,29,29/03/1993,2,04,3,2,6,01,5,5,3,1,999999,1, ,7530,0
00,1022,4,12A217,31,40377,3,1,0,04,-,1,3,2,26,18/06/1996,1,07,4,2,6,01,3,5,3,1,003000,1,1,7530,38277
00,1022,4,12A217,31,40377,3,1,0,02,-,1,2,2,56,24/01/1966,1,04,3,2,5,07, , , , , ,1, ,7530,0
00,1022,4,12A217,31,40377,3,1,0,05,-,1,3,2,23,19/04/1999,1,04,3,1,6,01,4,4,3,3,999999,1, ,7530,0
00,1022,4,12A217,31,40377,4,1,0,02,-,1,3,1,08,05/11/2013,1,02,2,1, , , , , , , ,1, ,7530,0
00,1022,4,12A217,31,40377,4,1,0,03,-,1,3,1,05,25/08/2017,1,01,2,1, , , , , , , ,1, ,7530,0
00,1022,4,12A217,31,40377,2,1,0,01,-,1,1,1,60,28/05/1962,1,03,3,2,5,01,5,5,3,2,003500,1,1,7530,22966
00,1022,4,12A217,31,40377,2,1,0,06,-,1,5,2,03,04/12/2018, , , , , , , , , , , ,1, ,7530,0
00,1022,4,12A217,31,40377,2,1,0,02,-,1,2,2,49,27/02/1973,1,03,3,2,5,01,5,5,2,1,000300,1, ,7530,0
00,1022,4,12A217,31,40377,2,1,0,05,-,1,5,2,10,08/12/2011,1,02,5,1, , , , , , , ,1, ,7530,0
00,1022,4,12A217,31,40377,2,1,0,04,-,1,3,1,12,29/05/2010,1,02,6,1,6,06, , , , , ,1, ,7530,0
00,1022,4,12A217,31,40377,2,1,0,03,-,1,3,2,31,05/06/1991,1,03,3,2,5,01,4,4,3,1,999999,1, ,7530,0
00,1022,4,12A217,31,40377,3,1,0,01,-,1,1,1,60,17/05/1962,1,03,3,2,5,01,5,5,3,1,999999,1, ,7530,0
00,1022,4,12A217,31,40377,4,1,0,01,-,1,1,2,39,04/02/1983,1,03,3,2,6,07, , , , , ,1,1,7530,7655
00,1022,8,12A203,31,40383,2,1,0,02,-,1,3,1,54,17/03/1968,1,03,3,2,6,01,5,5,3,1,999999,1, ,6323,0
00,1022,8,12A203,31,40383,2,1,0,01,-,1,1,2,74,02/12/1947,1,03,3,2,4,07, , , , , ,1,1,6323,12856
00,1022,8,12A203,31,40383,3,1,0,03,-,1,3,2,10,01/07/2012,1,02,3,1, , , , , , , ,1, ,6323,0
00,1022,8,12A203,31,40383,3,1,0,05,-,1,3,2,00,06/12/2021, , , , , , , , , , , ,1, ,6323,0
00,1022,8,12A203,31,40383,3,1,0,02,-,1,2,2,28,25/07/1994,1,03,3,2,1,07, , , , , ,1, ,6323,0
00,1022,8,12A203,31,40383,3,1,0,01,-,1,1,1,46,29/01/1976,1,02,6,2,1,01,5,5,2,1,999999,1,1,6323,12856
00,1022,8,12A203,31,40383,3,1,0,04,-,1,3,2,05,20/09/2017,2,01,1,1, , , , , , , ,1, ,6323,0
00,1022,8,12A203,31,40383,4,1,0,01,-,1,1,2,76,30/06/1946,1,05,5,2,5,07, , , , , ,1,1,6323,12856
00,1022,8,12A203,31,40383,4,1,0,02,-,1,2,1,76,30/06/1946,1,07,1,2,5,07, , , , , ,1, ,6323,0
00,1022,1,13B212,31,40384,3,1,0,04,-,1,5,2,17,08/03/2005,1,04,1,1,6,06, , , , , ,1, ,9796,0
00,1022,1,13B212,31,40384,4,1,0,01,-,1,1,2,58,30/06/1964,1,06,3,2,4,01,5,5,3,2,999999,1,1,9796,9946
00,1022,1,13B212,31,40384,1,1,0,01,-,1,1,1,65,15/08/1957,1,04,3,2,5,08, , , , , ,1,1,9796,29837
00,1022,1,13B212,31,40384,1,1,0,04,-,1,5,2,13,09/01/2009,2,02,6,1,6,09, , , , , ,1, ,9796,0
00,1022,1,13B212,31,40384,3,1,0,02,-,1,3,2,44,06/11/1977,1,02,4,1,6,01,7,2,3,1,001700,1,1,9796,29837
00,1022,1,13B212,31,40384,3,1,0,01,-,1,1,2,66,02/02/1956,1,02,1,2,4,07, , , , , ,1, ,9796,0
00,1022,1,13B212,31,40384,1,1,0,02,-,1,2,2,59,28/07/1963,1,03,2,2,5,07, , , , , ,1, ,9796,0
00,1022,1,13B212,31,40384,1,1,0,03,-,1,3,2,35,11/02/1987,1,03,3,2,2,01,5,5,3,1,999999,1, ,9796,0
00,1022,1,13B212,31,40384,3,1,0,03,-,1,5,2,22,01/03/2000,1,07,4,1,6,01,5,5,3,1,999999,1, ,9796,0
00,1022,1,13B212,31,40384,2,1,0,01,-,1,1,2,65,18/04/1957,1,06,2,2,2,01,5,5,3,1,000400,1,1,9796,9946
00,1022,1,13B212,31,40384,3,1,0,05,-,1,5,1,13,06/02/2009,1,03,1,1,6,06, , , , , ,1, ,9796,0
00,1022,1,11B212,31,40386,1,1,0,01,-,1,1,1,51,30/06/1971,1,04,3,2,5,01,5,5,3,2,999999,1, ,9129,0
00,1022,1,11B212,31,40386,1,1,0,03,-,1,3,2,23,30/06/1999,1,07,4,1,6,06, , , , , ,1,1,9129,27571
00,1022,1,11B212,31,40386,1,1,0,02,-,1,2,2,51,30/06/1971,1,04,3,2,5,01,4,4,3,2,999999,1, ,9129,0
00,1022,1,11B212,31,40386,2,1,0,01,-,1,1,2,45,15/06/1977,1,99, ,2,9,01,9,9,9,1,999999,1,1,9129,9190
00,1022,1,11B212,31,40386,4,1,0,01,-,1,1,1,28,17/12/1993,1,04,3,2,5,01,7,2,3,1,001200,1,1,9129,18381
00,1022,1,11B212,31,40386,4,1,0,02,-,1,2,2,25,31/10/1996,1,03,3,1,5,01,4,4,2,3,002000,1, ,9129,0
00,1022,1,11B212,31,40386,4,1,0,03,-,1,3,1,07,15/03/2015,1,02,1,1, , , , , , , ,1, ,9129,0
00,1022,1,11B212,31,40386,3,1,0,04,-,1,3,1,18,26/10/2003,1,07,1,1,6,06, , , , , ,1, ,9129,0
00,1022,1,11B212,31,40386,3,1,0,02,-,1,2,2,44,21/10/1977,1,06,5,2,5,01,5,5,2,2,999999,1, ,9129,0
00,1022,1,11B212,31,40386,3,1,0,01,-,1,1,1,47,29/09/1975,1,02,6,2,5,01,5,5,3,2,999999,1,1,9129,36762
00,1022,1,11B212,31,40386,3,1,0,03,-,1,3,2,21,14/11/2000,1,07,3,1,6,06, , , , , ,1, ,9129,0
00,1022,1,11B212,31,40386,4,1,0,04,-,1,3,2,03,24/01/2019, , , , , , , , , , , ,1, ,9129,0
00,1022,3,12A218,32,40059,4,1,0,01,-,1,1,1,53,15/05/1969,1,07,5,2,5,01,5,4,3,3,999999,1, ,6858,0
00,1022,3,12A218,32,40059,1,1,0,01,-,1,1,2,58,25/05/1964,2,00, ,2,5,07, , , , , ,1, ,6858,0
00,1022,3,12A218,32,40059,1,1,0,02,-,1,2,1,59,24/11/1962,1,02,6,2,5,01,5,3,3,1,999999,1, ,6858,0
00,1022,3,12A218,32,40059,1,1,0,03,-,1,3,2,18,22/05/2004,1,04,3,1,6,06, , , , , ,1,1,6858,20918
00,1022,3,12A218,32,40059,3,1,0,01,-,1,1,2,41,02/01/1981,1,08,2,2,3,01,1,5,3,2,004100,1,1,6858,6972
00,1022,3,12A218,32,40059,3,1,0,03,-,1,3,1,10,21/05/2012,1,02,4,1, , , , , , , ,1, ,6858,0
00,1022,3,12A218,32,40059,4,1,0,06,-,1,5,1,00,02/08/2022, , , , , , , , , , , ,1, ,6858,0
00,1022,3,12A218,32,40059,3,1,0,02,-,1,3,1,13,09/05/2009,1,02,6,1,6,06, , , , , ,1, ,6858,0
00,1022,3,12A218,32,40059,4,1,0,02,-,1,2,2,51,11/11/1970,1,06,2,2,5,07, , , , , ,1, ,6858,0
00,1022,3,12A218,32,40059,4,1,0,03,-,1,3,2,23,09/01/1999,1,07,5,2,5,04, , , , , ,1, ,6858,0
00,1022,3,12A218,32,40059,4,1,0,05,-,1,5,1,24,16/09/1998,1,07,5,2,5,01,1,5,5,2,008000,1,1,6858,34862
00,1022,3,12A218,32,40059,4,1,0,04,-,1,3,1,21,26/04/2001,1,07,3,1,6,06, , , , , ,1, ,6858,0
00,1022,3,12A218,32,40059,3,1,0,04,-,1,3,2,08,12/08/2014,1,02,2,1, , , , , , , ,1, ,6858,0
00,1022,7,11A204,32,40102,1,1,0,05,-,1,3,2,04,13/03/2018, , , , , , , , , , , ,1, ,9397,0
00,1022,7,11A204,32,40102,1,1,0,03,-,1,4,1,55,04/06/1967,1,04,3,2,6,03,5,5,3,1,001200,1,1,9397,28381
00,1022,7,11A204,32,40102,1,1,0,02,-,1,2,1,35,04/07/1987,1,03,3,2,5,01,5,3,3,1,002000,1, ,9397,0
00,1022,7,11A204,32,40102,1,1,0,04,-,1,3,1,06,25/10/2015,1,02,1,1, , , , , , , ,1, ,9397,0
00,1022,7,11A204,32,40102,1,1,0,01,-,1,1,2,30,13/06/1992,1,07,5,2,5,07, , , , , ,1, ,9397,0
00,1022,7,11A204,32,40102,2,1,0,03,-,1,3,2,17,20/05/2005,1,03,3,1,6,06, , , , , ,1, ,9397,0
00,1022,7,11A204,32,40102,2,1,0,02,-,1,3,2,24,20/09/1998,1,07,2,1,6,06, , , , , ,1,1,9397,28381
00,1022,7,11A204,32,40102,2,1,0,01,-,1,1,1,48,01/04/1974,1,02,5,2,5,01,5,5,3,1,999999,1, ,9397,0
00,1022,7,11A204,32,40102,2,1,0,04,-,1,3,2,17,20/08/2005,1,03,3,1,6,06, , , , , ,1, ,9397,0
00,1022,7,11A204,32,40102,2,1,0,05,-,1,2,2,45,12/08/1977,1,04,3,2,5,01,5,5,3,1,999999,1, ,9397,0
00,1022,7,11A204,32,40102,4,1,0,03,-,1,3,1,24,10/12/1997,1,07,3,2,5,01,5,5,5,1,001500,1, ,9397,0
00,1022,7,11A204,32,40102,4,1,0,08,-,1,5,1,01,14/07/2021, , , , , , , , , , , ,1, ,9397,0
00,1022,7,11A204,32,40102,4,1,0,01,-,1,1,1,46,06/07/1976,1,99, ,2,5,01,5,3,2,1,002000,1, ,9397,0
00,1022,7,11A204,32,40102,4,1,0,07,-,1,5,2,24,02/06/1998,1,04,3,2,5,01,5,4,3,1,001200,1, ,9397,0
00,1022,7,11A204,32,40102,4,1,0,02,-,1,2,2,43,22/06/1979,1,99, ,2,5,01,5,5,2,1,000800,1,1,9397,47301
00,1022,7,11A204,32,40102,4,1,0,04,-,1,3,1,23,27/07/1999,1,04,2,2,6,01,5,3,3,1,001200,1, ,9397,0
00,1022,7,11A204,32,40102,4,1,0,06,-,1,5,1,02,02/04/2020, , , , , , , , , , , ,1, ,9397,0
00,1022,7,11A204,32,40102,4,1,0,05,-,1,3,2,16,06/06/2006,1,04,1,1,6,06, , , , , ,1, ,9397,0
00,1022,7,13A204,32,40132,1,1,0,03,-,1,3,2,38,12/08/1984,1,07,5,2,5,01,1,4,3,2,999999,1,1,7560,23028
00,1022,7,13A204,32,40132,1,1,0,04,-,1,5,1,08,17/08/2014,1,01,3,1, , , , , , , ,1, ,7560,0
00,1022,7,13A204,32,40132,1,1,0,01,-,1,1,2,66,25/04/1956,1,07,4,2,5,08, , , , , ,1, ,7560,0
00,1022,7,13A204,32,40132,1,1,0,02,-,1,2,1,69,23/04/1953,1,07,5,2,5,08, , , , , ,1, ,7560,0
00,1022,7,13A204,32,40132,2,1,0,01,-,1,1,1,56,23/12/1965,1,08,2,2,5,01,1,5,3,2,025000,1,1,7560,15352
00,1022,7,13A204,32,40132,4,1,0,01,-,1,1,1,67,14/09/1955,1,07,5,2,6,01,4,4,2,1,000300,1,1,7560,7676
00,1022,7,13A204,32,40132,2,1,0,02,-,1,2,2,37,01/06/1985,1,08,2,1,5,01,1,5,3,2,010000,1, ,7560,0
00,1022,7,13A204,32,40132,2,1,0,03,-,1,3,1,09,20/03/2013,1,02,2,1, , , , , , , ,1, ,7560,0
00,1022,7,13A204,32,40132,3,1,0,02,-,1,3,2,22,01/06/2000,1,07,1,1,6,01,5,5,3,1,000800,1,1,7560,15352
00,1022,7,13A204,32,40132,3,1,0,01,-,1,1,2,53,24/07/1969,1,04,2,2,2,01,5,5,2,1,001500,1, ,7560,0
00,1022,7,13A204,32,40132,2,1,0,04,-,1,3,2,03,05/04/2019, , , , , , , , , , , ,1, ,7560,0
14,1022,2,13B211,32,40226,3,1,0,04,-,1,3,2,10,09/05/2012,1,02,4,1, , , , , , , ,1, ,10646,0
00,1022,2,13B211,32,40226,2,1,0,03,-,1,3,1,16,17/10/2005,1,04,1,1,6,06, , , , , ,1, ,10646,0
00,1022,2,13B211,32,40226,2,1,0,01,-,1,1,2,47,15/08/1975,1,07,5,2,3,01,1,5,3,2,999999,1, ,10646,0
00,1022,2,13B211,32,40226,2,1,0,02,-,1,3,2,19,10/02/2003,1,07,1,1,6,06, , , , , ,1,1,10646,21619
00,1022,2,13B211,32,40226,4,1,0,01,-,1,1,1,98, ,1,07,5,2,5,01,1,5,3,2,999999,1, ,10646,0
00,1022,2,13B211,32,40226,4,1,0,04,-,1,3,1,24,19/07/1998,1,07,5,2,6,04, , , , , ,1, ,10646,0
14,1022,2,13B211,32,40226,3,1,0,05,-,1,3,2,07,19/02/2015,1,02,1,1, , , , , , , ,1, ,10646,0
00,1022,2,13B211,32,40226,4,1,0,02,-,1,2,2,51,31/07/1971,1,03,3,2,5,07, , , , , ,1,1,10646,43238
00,1022,2,13B211,32,40226,4,1,0,05,-,1,5,2,02,06/10/2019, , , , , , , , , , , ,1, ,10646,0
14,1022,2,13B211,32,40226,3,1,0,01,-,1,1,1,50,22/08/1972,1,07,5,2,5,01,2,5,3,2,010000,1, ,10646,0
14,1022,2,13B211,32,40226,3,1,0,02,-,1,2,2,40,02/02/1982,1,07,5,2,5,01,2,5,3,2,010000,1, ,10646,0
14,1022,2,13B211,32,40226,3,1,0,03,-,1,4,2,66,12/07/1956,1,04,3,2,4,07, , , , , ,1, ,10646,0
00,1022,2,13B211,32,40226,4,1,0,03,-,1,3,2,28,22/11/1993,1,08,2,2,5,04, , , , , ,1, ,10646,0
00,1022,2,12A205,32,40228,4,1,0,03,-,2, , , , , , , , , , , , , , , ,1, ,0,0
00,1022,6,12A205,32,40228,4,1,0,01,-,1,1,1,74,02/04/1948,1,02,6,2,6,08, , , , , ,1,1,6516,13250
00,1022,6,12A205,32,40228,4,1,0,05,-,1,5,1,03,07/01/2019, , , , , , , , , , , ,1, ,6516,0
00,1022,2,12A205,32,40228,4,1,0,02,-,2, , , , , , , , , , , , , , , ,1, ,0,0
00,1022,6,12A205,32,40228,2,1,0,03,-,1,5,2,26,14/01/1996,1,04,3,2,1,01,5,4,3,1,999999,1, ,6516,0
00,1022,6,12A205,32,40228,2,1,0,02,-,1,3,1,22,13/12/1999,1,03,3,2,1,01,5,2,3,1,999999,1, ,6516,0
00,1022,6,12A205,32,40228,2,1,0,04,-,1,5,1,05,11/08/2017,2,01,2,1, , , , , , , ,1, ,6516,0
00,1022,6,12A205,32,40228,2,1,0,01,-,1,1,1,65,28/11/1956,1,02,6,2,2,08, , , , , ,1,1,6516,26500
14,1022,6,12A205,32,40228,1,1,0,01,-,1,1,1,49,16/05/1973,1,04,1,2,5,01,5,5,3,1,999999,1, ,6516,0
14,1022,6,12A205,32,40228,1,1,0,03,-,1,3,2,15,21/10/2006,1,03,3,1,6,06, , , , , ,1, ,6516,0
14,1022,6,12A205,32,40228,1,1,0,04,-,1,3,2,10,28/12/2011,1,02,4,1, , , , , , , ,1, ,6516,0
14,1022,6,12A205,32,40228,1,1,0,02,-,1,2,2,51,01/10/1971,1,03,3,2,5,07, , , , , ,1, ,6516,0
00,1022,6,12A205,32,40228,3,1,0,03,-,1,3,1,07,28/06/2015,2,01,3,1, , , , , , , ,1, ,6516,0
00,1022,6,12A205,32,40228,3,1,0,01,-,1,1,2,32,21/10/1989,1,07,3,2,1,07, , , , , ,1, ,6516,0
00,1022,6,12A205,32,40228,4,1,0,04,-,1,3,2,28,20/03/1994,1,06,2,2,6,01,5,5,3,2,999999,1, ,6516,0
00,1022,6,12A205,32,40228,2,1,0,05,-,1,2,2,61,01/09/1961,1,02,6,2,5,07, , , , , ,1, ,6516,0
00,1022,6,12A205,32,40228,3,1,0,02,-,1,2,1,38,01/09/1984,1,03,3,2,1,01,5,5,3,1,001500,1,1,6516,13250
00,1022,5,12A206,32,40325,1,1,0,03,-,1,3,2,17,01/01/2005,1,04,1,1,6,06, , , , , ,1, ,7201,0
00,1022,5,12A206,32,40325,1,1,0,01,-,1,1,1,50,08/10/1971,1,08,2,1,1,01,1,5,3,2,999999,1, ,7201,0
00,1022,5,12A206,32,40325,4,1,0,01,-,1,1,1,65,04/10/1957,1,07,5,2,5,08, , , , , ,1, ,7201,0
00,1022,5,12A206,32,40325,4,1,0,02,-,1,2,2,62,24/05/1960,1,04,2,2,5,07, , , , , ,1,1,7201,14641
00,1022,5,12A206,32,40325,4,1,0,04,-,2, , , , , , , , , , , , , , , ,1, ,0,0
00,1022,2,12A206,32,40325,4,1,0,03,-,2, , , , , , , , , , , , , , , ,1, ,0,0
00,1022,5,12A206,32,40325,3,1,0,04,-,1,5,2,37,10/07/1985,1,03,3,2,5,07, , , , , ,1, ,7201,0
00,1022,5,12A206,32,40325,1,1,0,02,-,1,2,2,40,05/08/1982,1,08,2,2,1,01,1,5,3,2,004500,1,1,7201,14641
00,1022,5,12A206,32,40325,2,1,0,02,-,1,2,2,28,02/12/1993,1,07,5,2,5,01,3,5,3,2,003400,1,1,7201,14641
00,1022,5,12A206,32,40325,2,1,0,01,-,1,1,1,26,05/10/1995,1,04,1,2,5,01,3,5,3,1,002000,1, ,7201,0
00,1022,5,12A206,32,40325,2,1,0,03,-,1,3,2,02,03/02/2020, , , , , , , , , , , ,1, ,7201,0
00,1022,5,12A206,32,40325,2,1,0,04,-,1,3,1,00,08/11/2021, , , , , , , , , , , ,1, ,7201,0
00,1022,5,12A206,32,40325,3,1,0,02,-,1,2,2,56,04/09/1966,1,02,6,2,5,07, , , , , ,1,1,7201,29283
00,1022,5,12A206,32,40325,3,1,0,03,-,1,3,1,37,26/09/1985,1,03,3,2,5,01,5,3,3,1,999999,1, ,7201,0
00,1022,5,12A206,32,40325,3,1,0,01,-,1,1,1,60,03/09/1962,1,02,6,2,5,01,5,5,3,1,999999,1, ,7201,0
00,1022,5,12A206,32,40325,3,1,0,05,-,1,5,1,14,02/02/2008,1,03,1,1,6,06, , , , , ,1, ,7201,0
00,1022,4,13A217,32,40349,2,1,0,02,-,1,2,2,25,03/08/1997,1,07,5,2,1,01,1,5,3,1,002000,1,1,15765,32014
00,1022,4,13A217,32,40349,4,1,0,04,-,1,5,2,21,02/02/2001,1,07,1,1,6,06, , , , , ,1, ,15765,0
00,1022,4,13A217,32,40349,4,1,0,02,-,1,3,1,25,04/06/1997,1,04,2,2,6,04, , , , , ,1,1,15765,64028
00,1022,4,13A217,32,40349,4,1,0,03,-,1,2,2,58,07/07/1964,1,03,3,2,5,07, , , , , ,1, ,15765,0
00,1022,4,13A217,32,40349,2,1,0,01,-,1,1,1,27,16/09/1995,1,07,5,2,1,01,1,4,5,3,999999,1, ,15765,0
00,1022,4,13A217,32,40349,4,1,0,01,-,1,1,1,61,04/06/1961,1,07,5,2,5,08, , , , , ,1, ,15765,0
00,1022,8,12A203,32,40352,1,1,0,03,-,1,3,1,14,26/08/2008,1,02,6,1,6,06, , , , , ,1, ,7210,0
00,1022,8,12A203,32,40352,4,1,0,04,-,1,3,1,28,06/01/1994,1,07,3,1,6,06, , , , , ,1, ,7210,0
00,1022,8,12A203,32,40352,4,1,0,03,-,1,3,1,22,21/10/1999,1,07,3,1,6,01,1,5,3,1,999999,1, ,7210,0
00,1022,8,12A203,32,40352,4,1,0,02,-,1,3,1,25,21/10/1996,1,07,4,1,6,01,5,5,3,1,000240,1,1,7210,29318
00,1022,8,12A203,32,40352,4,1,0,01,-,1,1,2,53,05/07/1969,1,08,2,2,6,01,1,5,2,1,999999,1, ,7210,0
00,1022,8,12A203,32,40352,3,1,0,01,-,1,1,2,65,05/07/1957,1,07,5,2,6,08, , , , , ,1, ,7210,0
00,1022,8,12A203,32,40352,3,1,0,02,-,1,5,2,21,11/12/2000,1,07,2,1,6,06, , , , , ,1,1,7210,14659
00,1022,8,12A203,32,40352,2,1,0,04,-,1,3,1,11,03/01/2011,1,02,4,1, , , , , , , ,1, ,7210,0
00,1022,8,12A203,32,40352,2,1,0,03,-,1,3,2,17,03/07/2005,1,04,1,1,6,06, , , , , ,1, ,7210,0
00,1022,8,12A203,32,40352,2,1,0,01,-,1,1,1,49,17/12/1972,1,08,3,2,5,01,1,5,2,3,015000,1,1,7210,14659
00,1022,8,12A203,32,40352,1,1,0,01,-,1,1,1,47,27/05/1975,1,04,3,2,1,01,5,5,3,1,001200,1, ,7210,0
00,1022,8,12A203,32,40352,1,1,0,02,-,1,2,2,40,07/07/1982,1,03,3,2,1,07, , , , , ,1,1,7210,14659
00,1022,8,12A203,32,40352,1,1,0,04,-,1,3,2,01,15/04/2021, , , , , , , , , , , ,1, ,7210,0
00,1022,8,12A203,32,40352,2,1,0,02,-,1,2,2,44,07/07/1978,1,08,3,2,5,01,1,5,3,2,007000,1, ,7210,0
00,1022,1,12B212,32,40385,3,1,0,01,-,1,1,2,72,22/09/1950,1,07,5,2,6,08, , , , , ,1,1,8036,16340
00,1022,1,12B212,32,40385,3,1,0,02,-,1,7,1,36,26/09/1986,1,07,5,1,6,01,1,5,2,3,999999,1, ,8036,0
00,1022,1,12B212,32,40385,2,1,0,02,-,1,3,1,44,18/04/1978,2,00, ,2,6,09, , , , , ,1, ,8036,0
00,1022,1,12B212,32,40385,2,1,0,01,-,1,1,2,62,10/08/1960,1,06,2,2,6,08, , , , , ,1,1,8036,16340
00,1022,1,12B212,32,40385,4,1,0,05,-,1,3,1,04,11/03/2018, , , , , , , , , , , ,1, ,8036,0
00,1022,1,12B212,32,40385,4,1,0,04,-,1,3,1,05,12/02/2017,2,01,2,1, , , , , , , ,1, ,8036,0
00,1022,1,12B212,32,40385,4,1,0,03,-,1,3,1,09,24/05/2013,1,02,3,1, , , , , , , ,1, ,8036,0
00,1022,1,12B212,32,40385,4,1,0,02,-,1,2,2,33,13/09/1989,1,07,5,2,5,01,2,5,3,2,005000,1,1,8036,16340
00,1022,1,12B212,32,40385,4,1,0,01,-,1,1,1,32,30/08/1990,1,07,5,2,5,01,1,5,3,2,004000,1, ,8036,0
00,1022,1,12B212,32,40385,1,1,0,01,-,1,1,1,43,15/02/1979,1,07,5,1,1,01,2,5,3,2,009000,1,1,8036,8169
00,1022,4,11A217,32,40413,2,1,0,05,-,1,3,2,01,07/11/2020, , , , , , , , , , , ,1, ,6013,0
00,1022,4,11A217,32,40413,2,1,0,03,-,1,3,1,06,29/07/2016,2,01,2,1, , , , , , , ,1, ,6013,0
00,1022,4,11A217,32,40413,2,1,0,01,-,1,1,1,29,27/06/1993,1,03,3,2,1,01,5,5,3,1,001800,1,1,6013,12107
00,1022,4,11A217,32,40413,2,1,0,04,-,1,3,1,03,22/10/2018, , , , , , , , , , , ,1, ,6013,0
00,1022,4,11A217,32,40413,3,1,0,03,-,1,3,1,21,08/01/2001,1,04,3,2,6,01,4,4,3,1,999999,1, ,6013,0
00,1022,4,11A217,32,40413,3,1,0,04,-,1,3,1,18,27/12/2003,1,04,3,1,6,06, , , , , ,1, ,6013,0
00,1022,4,11A217,32,40413,3,1,0,01,-,1,1,1,45,06/04/1977,1,04,3,2,5,01,4,4,2,1,999999,1,1,6013,24215
00,1022,4,11A217,32,40413,3,1,0,02,-,1,2,2,46,14/06/1976,1,06,2,2,5,01,4,4,3,1,999999,1, ,6013,0
00,1022,4,11A217,32,40413,4,1,0,03,-,1,3,1,16,15/06/2006,1,04,1,1,6,06, , , , , ,1, ,6013,0
00,1022,4,11A217,32,40413,4,1,0,01,-,2, , , , , , , , , , , , , , , ,1, ,0,0
00,1022,4,11A217,32,40413,4,1,0,02,-,1,2,2,43,28/08/1979,1,06,2,2,1,07, , , , , ,1,1,6013,6054
00,1022,4,11A217,32,40413,4,1,0,04,-,1,3,1,04,01/09/2018, , , , , , , , , , , ,1, ,6013,0
00,1022,4,11A217,32,40413,1,1,0,03,-,1,3,2,04,14/01/2018, , , , , , , , , , , ,1, ,6013,0
00,1022,4,11A217,32,40413,1,1,0,02,-,1,2,2,23,28/01/1999,1,04,3,2,5,01,4,4,2,1,001500,1,1,6013,12107
00,1022,4,11A217,32,40413,1,1,0,01,-,1,1,1,27,20/08/1995,1,07,1,2,5,01,4,5,3,1,001200,1, ,6013,0
00,1022,4,11A217,32,40413,2,1,0,02,-,1,2,2,24,07/05/1998,1,03,3,2,1,07, , , , , ,1, ,6013,0
