R_DEF_MOD,PER,N_ENT,FOL,ENT,CON,V_SEL,N_HOG,H_MUD,N_REN,NOM,C_RES,PAR,SEX,EDA,F_NAC,ALF,I_NIV,I_ANIO,A_ESC,E_CON,C_ACT,OCU,A_ECO,POS,I_PER,ING,TIPO,ELEGIDO,FACTOR,FAC_MOD
00,1024,1,11A232,01,40091,1,1,0,03,-,1,3,2,07,25/10/2017,1,02,1,1, , , , , , , ,1, ,7784,0
00,1024,1,11A232,01,40091,1,1,0,02,-,1,2,2,26,03/05/1998,1,04,3,2,1,07, , , , , ,1, ,7784,0
00,1024,1,11A232,01,40091,2,1,0,01,-,1,1,2,34,25/07/1990,1,04,1,2,5,07, , , , , ,1,1,7784,7952
00,1024,1,11A232,01,40091,2,1,0,02,-,1,3,2,15,02/08/2009,1,03,3,1,6,06, , , , , ,1, ,7784,0
00,1024,1,11A232,01,40091,4,1,0,01,-,1,1,1,49,16/04/1975,1,04,3,2,5,01,5,5,3,1,999999,1, ,7784,0
00,1024,1,11A232,01,40091,4,1,0,02,-,1,2,2,48,23/12/1975,1,04,3,2,5,01,1,5,3,1,999999,1,1,7784,15905
00,1024,1,11A232,01,40091,1,1,0,04,-,1,3,2,01,28/11/2022, , , , , , , , , , , ,1, ,7784,0
00,1024,1,11A232,01,40091,1,1,0,01,-,1,1,1,28,28/07/1996,1,04,3,2,1,01,7,2,3,2,007000,1,1,7784,15905
00,1024,1,11A232,01,40091,2,1,0,04,-,1,3,1,07,21/11/2016,2,02,2,1, , , , , , , ,1, ,7784,0
00,1024,1,11A232,01,40091,3,1,0,05,-,1,3,2,02,31/03/2022, , , , , , , , , , , ,1, ,7784,0
00,1024,1,11A232,01,40091,3,1,0,01,-,1,1,1,30,28/04/1994,1,07,2,2,5,01,1,5,3,1,005000,1, ,7784,0
00,1024,1,11A232,01,40091,3,1,0,03,-,1,3,2,09,02/07/2015,1,02,3,1, , , , , , , ,1, ,7784,0
00,1024,1,11A232,01,40091,2,1,0,03,-,1,3,1,12,26/04/2012,1,02,5,1,6,06, , , , , ,1, ,7784,0
00,1024,1,11A232,01,40091,3,1,0,04,-,1,3,1,05,18/05/2019,2,01,2,1, , , , , , , ,1, ,7784,0
00,1024,1,11A232,01,40091,3,1,0,02,-,1,2,2,31,30/06/1993,1,04,3,2,5,01,3,5,3,1,002000,1,1,7784,15905
00,1024,1,11A232,01,40095,1,1,0,01,-,1,1,2,62,04/09/1962,2,00, ,2,4,09, , , , , ,1, ,9780,0
00,1024,1,11A232,01,40095,2,1,0,02,-,1,2,2,77,22/09/1947,1,02,5,2,5,09, , , , , ,1, ,9780,0
00,1024,1,11A232,01,40095,1,1,0,06,-,1,7,2,07,06/04/2017,1,01,3,1, , , , , , , ,1, ,9780,0
00,1024,1,11A232,01,40095,1,1,0,02,-,1,7,2,24,20/01/2000,2,02,6,2,6,09, , , , , ,1, ,9780,0
00,1024,1,11A232,01,40095,1,1,0,05,-,1,5,1,29,01/12/1994,1,03,3,2,1,01,3,5,3,2,005000,1, ,9780,0
00,1024,1,11A232,01,40095,2,1,0,01,-,1,1,1,77,05/08/1947,1,02,5,2,5,08, , , , , ,1, ,9780,0
00,1024,1,11A232,01,40095,1,1,0,10,-,1,8,1,22,23/10/2002,1,03,3,2,1,01,3,5,3,1,001700,1, ,9780,0
00,1024,1,11A232,01,40095,3,1,0,01,-,1,1,2,45,21/06/1979,1,07,5,2,3,01,3,5,3,1,999999,1,1,9780,9992
00,1024,1,11A232,01,40095,1,1,0,09,-,1,7,2,17,20/08/2007,1,03,1,2,1,01,4,4,2,1,002000,1, ,9780,0
00,1024,1,11A232,01,40095,2,1,0,03,-,1,3,1,43,06/04/1981,1,03,3,2,3,01,5,5,3,1,999999,1,1,9780,29975
00,1024,1,11A232,01,40095,1,1,0,04,-,1,7,2,35,24/09/1989,1,03,2,2,1,01,7,2,3,1,001700,1,1,9780,59949
00,1024,1,11A232,01,40095,1,1,0,07,-,1,7,1,11,25/10/2013,1,02,3,1, , , , , , , ,1, ,9780,0
00,1024,1,11A232,01,40095,1,1,0,08,-,1,7,1,02,02/01/2022, , , , , , , , , , , ,1, ,9780,0
00,1024,1,11A232,01,40095,1,1,0,03,-,1,7,1,36,01/09/1988,1,02,6,2,5,01,3,5,3,2,005000,1, ,9780,0
00,1024,1,11A232,01,40097,3,1,0,02,-,1,2,2,61,18/06/1963,1,03,3,2,5,01,4,4,2,1,002500,1,1,8383,34257
00,1024,1,11A232,01,40097,1,1,0,03,-,1,3,1,23,25/02/2001,1,02,6,2,6,01,7,2,3,1,002000,1,1,8383,34257
00,1024,1,11A232,01,40097,1,1,0,04,-,1,3,1,20,14/03/2004,1,02,6,2,6,01,7,2,3,1,001700,1, ,8383,0
00,1024,1,11A232,01,40097,3,1,0,03,-,1,3,1,44,17/11/1979,1,03,3,2,3,01,3,5,3,1,999999,1, ,8383,0
00,1024,1,11A232,01,40097,3,1,0,05,-,1,5,1,17,27/02/2007,1,04,2,1,6,06, , , , , ,1, ,8383,0
00,1024,1,11A232,01,40097,3,1,0,04,-,1,3,2,36,05/09/1988,1,03,3,2,6,01,7,2,3,1,002500,1, ,8383,0
00,1024,1,11A232,01,40097,3,1,0,01,-,1,1,1,64,24/06/1960,1,02,6,2,5,08, , , , , ,1, ,8383,0
00,1024,1,11A232,01,40097,1,1,0,01,-,1,1,2,48,29/11/1975,1,02,6,2,2,01,3,5,3,1,001200,1, ,8383,0
00,1024,1,11A232,01,40097,4,1,0,01,-,1,1,2,57,24/05/1967,1,02,6,2,3,01,5,5,3,1,001600,1,1,8383,8564
00,1024,1,11A232,01,40097,1,1,0,02,-,1,3,1,33,17/09/1991,1,03,3,2,6,01,5,5,2,1,003000,1, ,8383,0
00,1024,1,11A232,01,40097,1,1,0,05,-,1,5,1,14,04/12/2009,1,02,6,2,6,07, , , , , ,1, ,8383,0
00,1024,1,11A232,01,40097,1,1,0,06,-,1,5,1,12,31/07/2012,1,02,4,2,6,07, , , , , ,1, ,8383,0
00,1024,1,11A232,01,40108,4,1,0,04,-,1,5,2,15,12/03/2009,1,03,3,1,6,06, , , , , ,1, ,8251,0
00,1024,1,11A232,01,40108,3,1,0,04,-,1,3,2,19,21/09/2005,1,07,2,1,6,06, , , , , ,1,1,8251,50575
00,1024,1,11A232,01,40108,2,1,0,01,-,1,1,1,35,18/07/1989,1,03,3,2,6,01,5,5,3,1,005000,1,1,8251,8429
00,1024,1,11A232,01,40108,3,1,0,06,-,1,5,1,25,03/11/1998,1,03,3,2,1,01,1,3,3,1,002500,1, ,8251,0
00,1024,1,11A232,01,40108,3,1,0,01,-,1,1,1,45,28/09/1979,1,02,6,2,5,01,1,3,3,1,004000,1, ,8251,0
00,1024,1,11A232,01,40108,3,1,0,03,-,1,3,2,25,11/07/1999,1,04,3,2,1,01,7,2,3,1,001400,1, ,8251,0
00,1024,1,11A232,01,40108,3,1,0,08,-,1,3,1,21,04/05/2003,1,04,3,2,6,04, , , , , ,1, ,8251,0
16,1024,1,11A232,01,40108,1,1,0,03,-,1,5,2,12,05/09/2012,1,02,6,1,6,06, , , , , ,1, ,8251,0
16,1024,1,11A232,01,40108,1,1,0,01,-,1,1,1,91,11/03/1933,2,00, ,2,4,08, , , , , ,1, ,8251,0
16,1024,1,11A232,01,40108,1,1,0,02,-,1,3,2,38,09/06/1986,1,04,3,2,2,07, , , , , ,1, ,8251,0
00,1024,1,11A232,01,40108,4,1,0,02,-,1,3,2,42,11/05/1982,1,02,6,2,6,07, , , , , ,1,1,8251,25288
00,1024,1,11A232,01,40108,3,1,0,05,-,1,3,1,13,28/07/2011,1,03,1,1,6,06, , , , , ,1, ,8251,0
00,1024,1,11A232,01,40108,3,1,0,02,-,1,2,2,42,03/08/1982,1,02,6,2,5,07, , , , , ,1, ,8251,0
00,1024,1,11A232,01,40108,4,1,0,06,-,1,5,1,05,10/05/2019,2,01,1,1, , , , , , , ,1, ,8251,0
00,1024,1,11A232,01,40108,4,1,0,05,-,1,5,2,08,13/07/2016,1,02,3,1, , , , , , , ,1, ,8251,0
00,1024,1,11A232,01,40108,3,1,0,07,-,1,5,1,08,30/05/2016,1,02,2,1, , , , , , , ,1, ,8251,0
00,1024,1,11A232,01,40108,4,1,0,03,-,1,2,2,72,12/02/1952,1,02,4,2,5,09, , , , , ,1, ,8251,0
00,1024,1,11A232,01,40108,4,1,0,01,-,1,1,1,65,12/10/1959,1,00, ,2,5,01,1,3,3,1,002500,1, ,8251,0
00,1024,1,12A232,01,40117,1,1,0,01,-,1,1,1,57,12/04/1967,1,04,3,2,5,01,5,5,3,2,999999,1,1,7138,14676
00,1024,1,12A232,01,40117,3,1,0,02,-,1,2,2,57,13/12/1966,1,07,5,2,5,07, , , , , ,1,1,7138,22015
00,1024,1,12A232,01,40117,3,1,0,01,-,1,1,1,62,08/08/1962,1,06,3,2,5,08, , , , , ,1, ,7138,0
00,1024,1,12A232,01,40117,4,1,0,02,-,1,2,1,84,02/12/1939,2,00, ,2,5,07, , , , , ,1,1,7138,14676
00,1024,1,12A232,01,40117,3,1,0,04,-,1,3,2,13,23/09/2011,1,03,1,1,6,06, , , , , ,1, ,7138,0
00,1024,1,12A232,01,40117,2,1,0,02,-,1,2,2,70,24/01/1954,1,03,3,2,5,07, , , , , ,1,1,7138,14676
00,1024,1,12A232,01,40117,3,1,0,03,-,1,3,2,32,28/10/1992,1,07,5,2,6,01,4,4,9,1,999999,1, ,7138,0
00,1024,1,12A232,01,40117,1,1,0,02,-,1,2,2,57,29/01/1967,1,06,3,2,5,01,1,5,3,2,999999,1, ,7138,0
00,1024,1,12A232,01,40117,4,1,0,01,-,1,1,2,80,14/09/1944,2,00, ,2,5,07, , , , , ,1, ,7138,0
00,1024,1,12A232,01,40117,2,1,0,01,-,1,1,1,68,30/07/1956,1,04,3,2,5,01,5,5,2,1,999999,1, ,7138,0
00,1024,1,12A232,01,40127,3,1,0,06,-,1,7,1,07,25/05/2017,1,02,1,1, , , , , , , ,1, ,8172,0
00,1024,1,12A232,01,40127,2,1,0,03,-,1,6,1,46,04/11/1977,1,03,3,2,3,01,4,4,1,1,003000,1, ,8172,0
00,1024,1,12A232,01,40127,4,1,0,03,-,1,3,2,25,23/10/1999,1,07,5,2,6,01,3,5,3,1,999999,1,1,8172,25203
00,1024,1,12A232,01,40127,4,1,0,01,-,1,1,2,53,09/01/1971,1,03,3,2,2,01,4,4,3,1,009999,1, ,8172,0
00,1024,1,12A232,01,40127,3,1,0,01,-,1,1,2,50,26/12/1973,1,06,3,2,9,01,4,4,3,1,999999,1, ,8172,0
00,1024,1,12A232,01,40127,3,1,0,04,-,1,3,2,16,14/07/2008,1,03,3,1,6,01,4,4,3,1,999999,1, ,8172,0
00,1024,1,12A232,01,40127,3,1,0,05,-,1,7,2,12,03/06/2012,1,02,6,1,6,06, , , , , ,1, ,8172,0
00,1024,1,12A232,01,40127,4,1,0,02,-,1,3,2,29,30/11/1994,1,07,5,2,6,01,3,5,3,1,999999,1, ,8172,0
00,1024,1,12A232,01,40127,2,1,0,02,-,1,6,1,52,07/03/1972,1,02,6,2,6,01,3,5,3,1,002200,1,1,8172,25203
00,1024,1,12A232,01,40127,2,1,0,01,-,1,1,2,64,30/01/1960,1,03,2,2,4,01,4,4,2,3,008000,1, ,8172,0
00,1024,1,12A232,01,40127,1,1,0,01,-,1,1,2,74,05/05/1950,1,02,3,2,4,07, , , , , ,1,1,8172,8401
00,1024,1,12A232,01,40127,3,1,0,02,-,1,3,2,21,17/10/2003,1,04,2,2,6,01,4,4,3,1,999999,1,1,8172,25203
00,1024,1,12A232,01,40127,3,1,0,03,-,1,7,2,44,08/05/1980,1,02,2,2,6,09, , , , , ,1, ,8172,0
00,1024,1,12A232,01,40130,3,1,0,02,-,1,2,2,61,10/12/1962,1,03,3,2,5,02,4,4,6,5, ,1, ,6148,0
00,1024,1,12A232,01,40130,2,1,0,04,-,1,3,1,29,15/08/1995,1,07,5,2,6,04, , , , , ,1, ,6148,0
00,1024,1,12A232,01,40130,2,1,0,01,-,1,1,1,60,04/01/1964,1,07,5,2,5,01,3,5,3,2,005000,1, ,6148,0
00,1024,1,12A232,01,40130,4,1,0,01,-,1,1,1,80,10/11/1943,1,02,1,2,1,01,4,4,2,1,001000,1, ,6148,0
00,1024,1,12A232,01,40130,1,1,0,03,-,1,3,1,41,11/06/1983,1,07,3,1,6,01,4,4,1,1,003000,1, ,6148,0
00,1024,1,12A232,01,40130,1,1,0,05,-,1,5,1,19,26/05/2005,1,07,1,2,6,01,3,5,3,2,002000,1, ,6148,0
00,1024,1,12A232,01,40130,3,1,0,03,-,1,5,2,08,24/02/2016,1,02,2,1, , , , , , , ,1, ,6148,0
00,1024,1,12A232,01,40130,1,1,0,01,-,1,1,2,82,25/07/1942,1,03,3,2,4,02,4,4,6,5, ,1, ,6148,0
00,1024,1,12A232,01,40130,1,1,0,06,-,1,5,2,04,12/12/2019, , , , , , , , , , , ,1, ,6148,0
00,1024,1,12A232,01,40130,3,1,0,01,-,1,1,1,59,04/06/1965,2,03,1,2,5,01,4,4,2,1,001600,1,1,6148,12642
00,1024,1,12A232,01,40130,1,1,0,04,-,1,7,2,29,15/06/1995,1,07,5,1,5,01,1,5,3,3,999999,1, ,6148,0
00,1024,1,12A232,01,40130,4,1,0,02,-,1,2,2,64,06/11/1959,1,03,3,2,1,01,4,4,2,1,001000,1,1,6148,12642
00,1024,1,12A232,01,40130,2,1,0,03,-,1,3,1,26,15/08/1998,1,07,5,1,6,06, , , , , ,1,1,6148,25284
00,1024,1,12A232,01,40130,1,1,0,02,-,1,3,2,48,29/01/1976,1,06,3,2,6,01,3,5,3,1,003000,1,1,6148,31605
00,1024,1,12A232,01,40130,2,1,0,02,-,1,2,2,57,24/04/1967,1,07,5,2,5,01,5,5,3,2,010000,1, ,6148,0
15,1024,1,12A232,01,40134,3,1,0,04,-,1,3,1,07,15/05/2017,1,02,1,1, , , , , , , ,1, ,8764,0
15,1024,1,12A232,01,40134,3,1,0,02,-,1,2,2,35,30/04/1989,1,04,3,2,5,01,4,4,1,1,999999,1, ,8764,0
00,1024,1,12A232,01,40134,4,1,0,01,-,1,1,1,34,05/02/1990,1,04,3,2,1,01,5,5,3,1,002200,1,1,8764,18019
00,1024,1,12A232,01,40134,4,1,0,02,-,1,2,2,39,06/06/1985,1,03,3,2,1,07, , , , , ,1, ,8764,0
00,1024,1,12A232,01,40134,4,1,0,03,-,1,3,1,10,15/01/2014,1,02,4,1, , , , , , , ,1, ,8764,0
00,1024,1,12A232,01,40134,1,1,0,01,-,1,1,2,57,03/06/1967,1,04,3,2,6,01,4,4,2,1,001500,1,1,8764,9010
00,1024,1,12A232,01,40134,2,1,0,01,-,1,1,1,41,02/08/1983,1,07,5,2,6,01,9,9,9,1,999999,1,1,8764,9010
00,1024,1,12A232,01,40134,4,1,0,04,-,1,3,1,09,11/01/2015,1,02,3,1, , , , , , , ,1, ,8764,0
15,1024,1,12A232,01,40134,3,1,0,03,-,1,3,2,18,30/04/2006,1,04,3,1,6,06, , , , , ,1, ,8764,0
15,1024,1,12A232,01,40134,3,1,0,01,-,1,1,1,38,06/11/1986,1,04,3,2,5,01,4,4,1,1,999999,1, ,8764,0
00,1024,1,13A232,01,40147,3,1,0,01,-,1,1,1,35,22/08/1989,1,07,5,2,5,01,9,9,3,1,999999,1, ,12346,0
00,1024,1,13A232,01,40147,4,1,0,02,-,1,2,2,28,31/01/1996,1,07,5,2,1,01,3,5,3,2,999999,1,1,12346,26285
00,1024,1,13A232,01,40147,3,1,0,02,-,1,2,2,34,13/06/1990,1,06,3,2,5,01,9,9,9,1,999999,1,1,12346,26285
00,1024,1,13A232,01,40147,2,1,0,05,-,1,3,2,06,01/02/2018,1,02,1,1, , , , , , , ,1, ,12346,0
00,1024,1,13A232,01,40147,2,1,0,04,-,1,3,1,06,17/11/2017,1,02,2,1, , , , , , , ,1, ,12346,0
00,1024,1,13A232,01,40147,2,1,0,06,-,1,3,2,02,15/08/2022, , , , , , , , , , , ,1, ,12346,0
00,1024,1,13A232,01,40147,2,1,0,02,-,1,2,2,31,08/05/1993,1,03,3,2,1,01,7,2,3,1,001800,1, ,12346,0
00,1024,1,13A232,01,40147,3,1,0,05,-,1,3,1,05,22/11/2018,2,01,3,1, , , , , , , ,1, ,12346,0
00,1024,1,13A232,01,40147,3,1,0,04,-,1,3,1,08,31/03/2016,1,02,2,1, , , , , , , ,1, ,12346,0
00,1024,1,13A232,01,40147,4,1,0,01,-,1,1,1,33,21/08/1991,1,09,2,2,1,01,3,5,3,2,999999,1, ,12346,0
00,1024,1,13A232,01,40147,3,1,0,03,-,1,3,2,12,14/11/2011,1,03,1,1,6,06, , , , , ,1, ,12346,0
00,1024,1,13A232,01,40147,2,1,0,03,-,1,3,1,12,02/02/2012,1,03,1,1,6,06, , , , , ,1, ,12346,0
00,1024,1,13A232,01,40147,2,1,0,01,-,1,1,1,25,14/01/1999,1,07,5,2,1,01,7,2,3,1,004200,1,1,12346,26285
14,1024,1,13A232,01,40149,4,1,0,01,-,1,1,2,68,25/09/1956,1,09,3,2,6,08, , , , , ,1, ,9406,0
00,1024,1,13A232,01,40149,3,1,0,01,-,1,1,2,90,01/06/1934,1,02,5,2,4,07, , , , , ,1,1,9406,10013
00,1024,1,13A232,01,40149,1,1,0,01,-,1,1,2,38,23/06/1986,1,09,3,2,6,01,5,5,3,2,020000,1,1,9406,10013
14,1024,1,13A232,01,40149,4,1,0,02,-,1,6,1,76,06/04/1948,1,02,6,2,4,08, , , , , ,1, ,9406,0
00,1024,1,13A232,01,40156,3,1,0,03,-,1,3,2,06,11/09/2018,2,01,3,1, , , , , , , ,1, ,10251,0
00,1024,1,13A232,01,40156,4,1,0,02,-,1,2,2,70,20/02/1954,1,07,5,2,5,07, , , , , ,1,1,10251,32736
00,1024,1,13A232,01,40156,3,1,0,02,-,1,2,2,43,24/12/1980,1,07,5,2,5,01,1,5,3,3,015000,1, ,10251,0
00,1024,1,13A232,01,40156,3,1,0,01,-,1,1,1,45,10/06/1979,1,07,5,2,5,01,1,5,3,3,999999,1,1,10251,21824
00,1024,1,13A232,01,40156,4,1,0,01,-,1,1,1,72,30/12/1951,1,07,5,2,5,08, , , , , ,1, ,10251,0
00,1024,1,13A232,01,40156,4,1,0,03,-,1,3,2,39,02/05/1985,1,07,5,2,6,01,5,5,3,2,999999,1, ,10251,0
00,1024,1,13A232,01,40156,2,1,0,01,-,1,1,2,74,27/11/1949,1,03,3,2,4,01,4,4,1,1,001500,1,1,10251,10912
00,1024,1,13A232,01,40156,1,1,0,01,-,1,1,2,57,02/08/1967,1,04,3,2,3,01,3,4,3,1,001995,1,1,10251,10912
00,1024,1,13A232,01,40162,3,1,0,03,-,1,3,1,32,19/09/1992,1,04,3,2,6,01,5,5,3,2,999999,1, ,10246,0
00,1024,1,13A232,01,40162,4,1,0,01,-,1,1,1,68,06/04/1956,1,07,5,2,1,01,5,3,2,3,999999,1, ,10246,0
00,1024,1,13A232,01,40162,4,1,0,02,-,1,2,2,62,11/06/1962,1,06,3,2,1,07, , , , , ,1,1,10246,32722
00,1024,1,13A232,01,40162,3,1,0,01,-,1,1,2,48,25/03/1976,1,08,2,2,3,01,4,4,3,2,999999,1,1,10246,32722
00,1024,1,13A232,01,40162,3,1,0,02,-,1,3,1,28,29/08/1996,1,04,3,2,1,01,4,4,3,2,005800,1, ,10246,0
00,1024,1,13A232,01,40162,4,1,0,03,-,1,3,2,34,27/04/1990,1,07,3,1,6,06, , , , , ,1, ,10246,0
00,1024,1,13A232,01,40162,2,1,0,01,-,1,1,1,55,27/02/1969,1,04,3,2,5,01,3,5,3,1,999999,1, ,10246,0
00,1024,1,13A232,01,40162,1,1,0,01,-,1,1,2,52,30/04/1972,1,99, ,2,9,07, , , , , ,1,1,10246,10907
00,1024,1,13A232,01,40162,2,1,0,02,-,1,2,2,56,31/07/1968,1,03,3,2,5,01,4,4,1,1,999999,1,1,10246,21814
00,1024,1,11A232,02,40087,1,1,0,06,-,1,3,1,00,21/07/2024, , , , , , , , , , , ,1, ,4645,0
00,1024,1,11A232,02,40087,3,1,0,01,-,1,1,2,67,28/10/1957,1,02,2,2,2,07, , , , , ,1, ,4645,0
00,1024,1,11A232,02,40087,4,1,0,05,-,1,3,2,12,19/06/2012,1,02,6,1,6,06, , , , , ,1, ,4645,0
00,1024,1,11A232,02,40087,3,1,0,02,-,1,3,2,34,09/10/1990,1,02,6,2,2,01,5,5,3,1,009999,1, ,4645,0
00,1024,1,11A232,02,40087,1,1,0,03,-,1,4,2,68,20/07/1956,2,00, ,2,2,07, , , , , ,1,1,4645,13934
00,1024,1,11A232,02,40087,3,1,0,03,-,1,5,2,17,18/04/2007,1,03,3,2,6,01,4,4,3,1,002500,1, ,4645,0
00,1024,1,11A232,02,40087,3,1,0,04,-,1,5,1,18,06/04/2006,1,03,3,2,6,01,5,3,3,1,002700,1,1,4645,13934
00,1024,1,11A232,02,40087,1,1,0,05,-,1,3,1,02,01/12/2021, , , , , , , , , , , ,1, ,4645,0
00,1024,1,11A232,02,40087,1,1,0,02,-,1,2,2,22,12/02/2002,1,03,3,2,1,01,7,2,3,1,002800,1, ,4645,0
00,1024,1,11A232,02,40087,4,1,0,04,-,1,3,2,21,10/02/2003,1,04,3,1,6,06, , , , , ,1, ,4645,0
00,1024,1,11A232,02,40087,2,1,0,02,-,1,2,1,34,16/06/1990,1,03,3,2,1,01,7,2,3,1,000099,1,1,4645,9289
00,1024,1,11A232,02,40087,4,1,0,01,-,1,1,1,41,12/09/1983,1,04,3,2,5,01,5,5,2,1,000099,1, ,4645,0
00,1024,1,11A232,02,40087,4,1,0,02,-,1,2,2,43,20/10/1981,1,04,3,2,5,07, , , , , ,1,1,4645,18579
00,1024,1,11A232,02,40087,2,1,0,01,-,1,1,2,26,03/10/1998,1,02,6,2,1,07, , , , , ,1, ,4645,0
00,1024,1,11A232,02,40087,1,1,0,04,-,1,3,1,06,22/02/2018,2,01,1,1, , , , , , , ,1, ,4645,0
00,1024,1,11A232,02,40087,4,1,0,03,-,1,3,1,23,20/03/2001,1,07,3,1,6,06, , , , , ,1, ,4645,0
00,1024,1,11A232,02,40087,1,1,0,01,-,1,1,1,24,20/02/2000,1,02,6,2,1,01,5,5,3,1,002800,1, ,4645,0
00,1024,1,11A232,02,40093,2,1,0,03,-,1,3,2,16,08/10/2008,1,04,1,1,6,06, , , , , ,1, ,10124,0
00,1024,1,11A232,02,40093,2,1,0,01,-,1,1,2,47,05/10/1977,1,08,3,2,2,01,3,7,2,2,000999,1,1,10124,20687
00,1024,1,11A232,02,40093,4,1,0,02,-,1,6,1,37,08/11/1986,1,03,3,2,5,01,7,2,3,1,003000,1, ,10124,0
00,1024,1,11A232,02,40093,1,1,0,01,-,1,1,2,28,07/12/1995,1,04,3,2,1,01,5,5,3,1,002800,1,1,10124,31031
00,1024,1,11A232,02,40093,3,1,0,02,-,1,3,1,05,22/05/2019,2,00, ,1, , , , , , , ,1, ,10124,0
00,1024,1,11A232,02,40093,1,1,0,03,-,1,3,1,18,22/01/2006,1,04,3,2,6,01,5,2,3,1,002600,1, ,10124,0
00,1024,1,11A232,02,40093,1,1,0,04,-,1,3,2,05,18/03/2019,2,00, ,1, , , , , , , ,1, ,10124,0
00,1024,1,11A232,02,40093,4,1,0,01,-,1,1,1,27,06/08/1997,1,07,4,2,6,01,7,2,3,1,003000,1, ,10124,0
00,1024,1,11A232,02,40093,3,1,0,03,-,1,3,1,02,15/11/2021, , , , , , , , , , , ,1, ,10124,0
00,1024,1,11A232,02,40093,3,1,0,01,-,1,1,2,38,19/09/1986,1,04,3,2,2,01,7,2,3,1,003000,1,1,10124,10344
00,1024,1,11A232,02,40093,2,1,0,02,-,1,3,2,23,05/10/2001,1,07,3,1,6,01,3,7,3,2,006000,1, ,10124,0
00,1024,1,11A232,02,40093,1,1,0,02,-,1,2,2,40,12/03/1984,1,03,3,2,1,01,7,2,3,1,002900,1, ,10124,0
00,1024,1,11A232,02,40093,4,1,0,03,-,1,6,2,29,27/03/1995,1,03,3,2,6,01,7,2,3,1,003000,1,1,10124,31031
00,1024,1,11A232,02,40097,2,1,0,01,-,1,1,2,58,25/09/1966,1,02,5,2,2,01,7,2,3,1,002400,1, ,8639,0
00,1024,1,11A232,02,40097,4,1,0,01,-,1,1,1,40,21/05/1984,1,03,3,2,6,01,7,2,3,1,003000,1,1,8639,8826
00,1024,1,11A232,02,40097,3,1,0,01,-,1,1,1,52,30/12/1971,1,02,6,2,4,01,5,5,3,1,001600,1,1,8639,8826
00,1024,1,11A232,02,40097,2,1,0,03,-,1,3,1,22,02/06/2002,1,07,5,2,6,01,1,2,3,1,999999,1,1,8639,26479
00,1024,1,11A232,02,40097,1,1,0,01,-,1,1,2,49,07/05/1975,1,04,3,2,1,01,7,2,3,1,003000,1,1,8639,17653
00,1024,1,11A232,02,40097,1,1,0,02,-,1,2,1,46,06/04/1978,1,03,3,2,1,01,7,2,3,1,003000,1, ,8639,0
00,1024,1,11A232,02,40097,2,1,0,02,-,1,3,2,26,13/09/1998,1,03,3,2,6,01,7,2,3,1,002400,1, ,8639,0
00,1024,1,11A232,02,40101,2,1,0,05,-,1,3,1,25,10/08/1999,1,07,4,2,1,01,7,5,3,1,009999,1, ,8184,0
00,1024,1,11A232,02,40101,2,1,0,06,-,1,5,2,23,15/06/2001,1,04,3,2,1,07, , , , , ,1, ,8184,0
00,1024,1,11A232,02,40101,2,1,0,08,-,1,5,1,05,17/10/2019,2,01,1,1, , , , , , , ,1, ,8184,0
00,1024,1,11A232,02,40101,2,1,0,03,-,1,3,2,22,08/11/2001,1,04,3,2,1,01,1,5,3,2,001000,1, ,8184,0
00,1024,1,11A232,02,40101,3,1,0,01,-,1,1,2,62,28/05/1962,1,02,6,2,1,01,4,4,2,1,999999,1, ,8184,0
00,1024,1,11A232,02,40101,2,1,0,04,-,1,5,1,23,27/04/2001,1,03,3,2,1,01,7,5,3,1,999999,1, ,8184,0
00,1024,1,11A232,02,40101,2,1,0,02,-,1,2,1,46,02/01/1978,1,04,3,2,1,01,7,5,2,1,999999,1, ,8184,0
00,1024,1,11A232,02,40101,1,1,0,01,-,1,1,1,65,27/11/1958,1,02,4,2,3,01,1,4,1,1,003500,1,1,8184,8362
00,1024,1,11A232,02,40101,2,1,0,07,-,1,4,2,60,25/09/1964,2,02,1,2,4,07, , , , , ,1, ,8184,0
00,1024,1,11A232,02,40101,4,1,0,02,-,1,2,2,32,08/07/1992,1,03,3,1,1,01,4,4,2,1,002000,1, ,8184,0
00,1024,1,11A232,02,40101,4,1,0,03,-,1,3,2,16,28/07/2008,1,03,3,2,6,07, , , , , ,1, ,8184,0
00,1024,1,11A232,02,40101,4,1,0,05,-,1,3,1,05,01/02/2019,2,01,1,1, , , , , , , ,1, ,8184,0
00,1024,1,11A232,02,40101,4,1,0,04,-,1,3,2,11,25/01/2013,1,02,5,1, , , , , , , ,1, ,8184,0
00,1024,1,11A232,02,40101,3,1,0,02,-,1,2,1,59,16/01/1965,1,03,2,2,1,01,4,4,2,1,999999,1,1,8184,16723
00,1024,1,11A232,02,40101,4,1,0,01,-,1,1,1,33,13/06/1991,1,02,3,2,1,01,1,3,2,1,005000,1,1,8184,16723
00,1024,1,11A232,02,40101,2,1,0,01,-,1,1,2,42,08/12/1981,1,02,6,2,1,03,1,2,3,1,009999,1,1,8184,58532
00,1024,1,11A232,02,40113,1,1,0,04,-,1,3,1,22,24/06/2002,1,04,2,2,6,01,5,5,3,1,000099,1, ,6769,0
00,1024,1,11A232,02,40113,1,1,0,06,-,1,5,1,03,07/04/2021, , , , , , , , , , , ,1, ,6769,0
00,1024,1,11A232,02,40113,1,1,0,03,-,1,3,1,24,25/08/2000,1,04,3,2,6,01,5,5,3,1,001500,1, ,6769,0
00,1024,1,11A232,02,40113,4,1,0,03,-,1,3,1,24,15/11/1999,1,04,1,2,6,04, , , , , ,1, ,6769,0
00,1024,1,11A232,02,40113,3,1,0,01,-,1,1,1,46,03/12/1977,1,03,3,2,5,01,5,3,3,1,004000,1, ,6769,0
00,1024,1,11A232,02,40113,2,1,0,02,-,1,2,2,41,20/02/1983,1,03,3,2,1,01,7,2,2,1,002800,1,1,6769,13831
00,1024,1,11A232,02,40113,4,1,0,01,-,1,1,1,63,20/11/1960,1,02,6,2,5,08, , , , , ,1, ,6769,0
00,1024,1,11A232,02,40113,2,1,0,01,-,1,1,1,46,25/07/1978,1,02,6,2,1,01,5,5,3,1,009999,1, ,6769,0
00,1024,1,11A232,02,40113,3,1,0,05,-,1,2,2,43,22/03/1981,1,02,6,2,5,07, , , , , ,1, ,6769,0
00,1024,1,11A232,02,40113,3,1,0,02,-,1,3,2,24,22/10/2000,1,07,3,1,6,01,3,5,3,1,000099,1,1,6769,20746
00,1024,1,11A232,02,40113,4,1,0,04,-,1,3,1,27,11/03/1997,1,03,3,2,6,01,7,2,3,1,000099,1,1,6769,27661
00,1024,1,11A232,02,40113,4,1,0,02,-,1,2,2,46,10/03/1978,1,03,3,2,5,01,7,2,3,1,000099,1, ,6769,0
00,1024,1,11A232,02,40113,3,1,0,04,-,1,3,2,10,14/02/2014,1,02,4,1, , , , , , , ,1, ,6769,0
00,1024,1,11A232,02,40113,1,1,0,05,-,1,5,1,10,08/02/2014,1,02,4,1, , , , , , , ,1, ,6769,0
00,1024,1,11A232,02,40113,3,1,0,03,-,1,3,2,10,14/02/2014,1,02,4,1, , , , , , , ,1, ,6769,0
00,1024,1,11A232,02,40113,1,1,0,02,-,1,3,2,27,29/09/1997,1,03,3,2,2,01,5,5,3,1,002500,1, ,6769,0
00,1024,1,11A232,02,40113,1,1,0,07,-,1,5,1,01,03/01/2023, , , , , , , , , , , ,1, ,6769,0
00,1024,1,11A232,02,40113,1,1,0,01,-,1,1,2,42,22/06/1982,1,02,6,2,2,01,4,4,3,1,001500,1,1,6769,27661
14,1024,1,11A232,02,40123,1,1,0,02,-,1,3,2,54,07/11/1970,1,07,4,2,2,01,4,4,2,3,009999,1, ,6403,0
14,1024,1,11A232,02,40123,1,1,0,03,-,1,5,2,27,25/04/1997,1,07,4,2,6,01,1,2,3,1,999999,1, ,6403,0
00,1024,1,11A232,02,40123,2,1,0,01,-,1,1,2,38,29/07/1986,1,07,3,2,2,04, , , , , ,1, ,6403,0
14,1024,1,11A232,02,40123,1,1,0,01,-,1,1,1,89,14/07/1935,1,03,3,2,4,08, , , , , ,1, ,6403,0
00,1024,1,11A232,02,40123,3,1,0,01,-,1,1,1,63,15/10/1961,1,07,5,2,4,01,1,5,2,1,005000,1,1,6403,6542
00,1024,1,11A232,02,40123,2,1,0,02,-,1,4,2,70,13/05/1954,1,03,3,2,4,07, , , , , ,1,1,6403,13083
00,1024,1,11A232,02,40127,3,1,0,02,-,1,2,2,48,24/09/1976,1,03,9,2,1,01,7,2,4,1,999999,1, ,9457,0
00,1024,1,11A232,02,40127,1,1,0,05,-,1,3,1,13,18/01/2011,1,02,4,2,6,07, , , , , ,1, ,9457,0
00,1024,1,11A232,02,40127,3,1,0,03,-,1,3,1,22,18/04/2002,1,07,1,1,6,01,5,4,3,1,999999,1,1,9457,38646
00,1024,1,11A232,02,40127,3,1,0,04,-,1,3,2,19,18/07/2005,1,04,3,2,6,01,5,5,3,1,002500,1, ,9457,0
00,1024,1,11A232,02,40127,3,1,0,01,-,1,1,1,51,01/10/1973,1,02,3,2,1,01,5,4,4,1,999999,1, ,9457,0
00,1024,1,11A232,02,40127,1,1,0,01,-,1,1,1,49,13/12/1974,2,00, ,2,5,01,7,2,3,1,002700,1,1,9457,19323
00,1024,1,11A232,02,40127,3,1,0,05,-,1,3,1,14,12/04/2010,1,03,2,1,6,06, , , , , ,1, ,9457,0
00,1024,1,11A232,02,40127,4,1,0,02,-,1,2,2,42,23/04/1982,1,03,3,2,5,07, , , , , ,1, ,9457,0
00,1024,1,11A232,02,40127,4,1,0,03,-,1,3,1,04,07/01/2020, , , , , , , , , , , ,1, ,9457,0
00,1024,1,11A232,02,40127,1,1,0,02,-,1,2,2,45,04/05/1979,1,03,3,2,5,01,7,2,3,1,002700,1, ,9457,0
00,1024,1,11A232,02,40127,2,1,0,01,-,1,1,2,35,05/04/1989,2,00, ,2,1,01,4,4,2,1,003000,1,1,9457,28985
00,1024,1,11A232,02,40127,4,1,0,01,-,1,1,1,44,12/10/1980,1,03,3,2,5,01,5,5,2,1,002100,1,1,9457,19323
00,1024,1,11A232,02,40127,2,1,0,03,-,1,4,1,62,18/07/1962,2,00, ,2,4,09, , , , , ,1, ,9457,0
00,1024,1,11A232,02,40127,2,1,0,04,-,1,3,2,09,17/03/2015,1,02,3,1, , , , , , , ,1, ,9457,0
00,1024,1,11A232,02,40127,2,1,0,02,-,1,2,1,30,15/02/1994,1,03,3,2,1,01,7,2,3,1,002000,1, ,9457,0
00,1024,1,11A232,02,40127,2,1,0,05,-,1,3,2,07,19/10/2017,2,02,1,1, , , , , , , ,1, ,9457,0
00,1024,1,11A232,02,40127,1,1,0,03,-,1,3,2,17,17/12/2006,1,03,1,2,6,07, , , , , ,1, ,9457,0
00,1024,1,11A232,02,40127,1,1,0,04,-,1,3,2,15,12/12/2008,1,03,1,2,6,07, , , , , ,1, ,9457,0
00,1024,1,12A232,02,40132,4,1,0,04,-,1,5,1,22,22/12/2001,1,04,3,2,1,01,1,2,3,1,002600,1, ,8632,0
00,1024,1,12A232,02,40132,4,1,0,03,-,1,3,2,22,09/03/2002,1,04,3,2,1,01,1,2,3,1,002600,1, ,8632,0
00,1024,1,12A232,02,40132,3,1,0,04,-,1,3,2,02,15/06/2022, , , , , , , , , , , ,1, ,8632,0
00,1024,1,12A232,02,40132,3,1,0,02,-,1,2,2,31,23/02/1993,1,04,3,2,5,02,5,5,6,5, ,1,1,8632,17748
00,1024,1,12A232,02,40132,4,1,0,02,-,1,2,1,50,17/01/1974,1,03,3,2,5,09, , , , , ,1, ,8632,0
00,1024,1,12A232,02,40132,2,1,0,01,-,1,1,2,40,16/03/1984,1,04,3,2,6,01,4,4,3,1,999999,1, ,8632,0
00,1024,1,12A232,02,40132,1,1,0,01,-,1,1,2,48,12/03/1976,1,02,6,2,2,07, , , , , ,1,1,8632,8874
00,1024,1,12A232,02,40132,2,1,0,02,-,1,3,2,19,02/08/2005,1,04,3,1,6,06, , , , , ,1,1,8632,17748
00,1024,1,12A232,02,40132,3,1,0,01,-,1,1,1,33,03/02/1991,1,04,3,2,5,01,5,5,2,1,006000,1, ,8632,0
00,1024,1,12A232,02,40132,3,1,0,03,-,1,3,2,06,30/11/2017,1,02,2,1, , , , , , , ,1, ,8632,0
00,1024,1,12A232,02,40132,2,1,0,04,-,1,3,2,13,04/03/2011,1,02,6,1,6,06, , , , , ,1, ,8632,0
00,1024,1,12A232,02,40132,4,1,0,01,-,1,1,2,49,05/05/1975,1,03,3,2,5,01,1,2,3,1,002600,1,1,8632,35496
00,1024,1,12A232,02,40132,2,1,0,03,-,1,3,1,17,13/09/2007,1,03,3,1,6,06, , , , , ,1, ,8632,0
00,1024,1,12A232,02,40136,2,1,0,02,-,1,2,1,56,03/07/1968,1,03,2,2,1,09, , , , , ,1, ,9235,0
00,1024,1,12A232,02,40136,2,1,0,03,-,1,3,1,25,25/06/1999,1,04,3,2,6,01,3,5,3,1,003000,1, ,9235,0
00,1024,1,12A232,02,40136,3,1,0,04,-,1,5,1,27,15/06/1997,1,07,4,2,6,01,2,5,3,2,009999,1, ,9235,0
00,1024,1,12A232,02,40136,4,1,0,01,-,1,1,2,52,24/03/1972,1,03,3,2,2,01,3,4,3,1,003000,1,1,9235,9494
00,1024,1,12A232,02,40136,2,1,0,05,-,1,3,2,20,25/09/2004,1,03,3,2,6,05, , , , , ,1, ,9235,0
00,1024,1,12A232,02,40136,2,1,0,06,-,1,5,2,10,03/01/2014,1,02,4,1, , , , , , , ,1, ,9235,0
00,1024,1,12A232,02,40136,3,1,0,02,-,1,5,1,35,15/06/1989,1,03,3,2,6,01,5,5,2,2,999999,1, ,9235,0
00,1024,1,12A232,02,40136,2,1,0,04,-,1,3,2,30,29/05/1994,1,03,3,2,6,02,4,4,6,5, ,1,1,9235,47468
00,1024,1,12A232,02,40136,4,1,0,03,-,1,5,2,12,24/01/2012,1,02,6,1,6,06, , , , , ,1, ,9235,0
00,1024,1,12A232,02,40136,1,1,0,02,-,1,3,2,17,03/01/2007,1,04,3,2,6,01,5,5,3,1,002800,1, ,9235,0
00,1024,1,12A232,02,40136,2,1,0,01,-,1,1,2,57,13/01/1967,1,02,6,2,1,01,4,4,2,2,002500,1, ,9235,0
00,1024,1,12A232,02,40136,1,1,0,01,-,1,1,2,43,07/07/1981,1,03,3,2,2,01,1,2,3,1,009999,1,1,9235,9494
00,1024,1,12A232,02,40136,4,1,0,02,-,1,5,2,15,29/05/2009,1,03,1,1,6,06, , , , , ,1, ,9235,0
00,1024,1,12A232,02,40136,4,1,0,04,-,1,5,2,09,24/01/2015,1,02,3,1, , , , , , , ,1, ,9235,0
00,1024,1,12A232,02,40136,3,1,0,03,-,1,3,1,50,15/06/1974,1,03,3,2,2,01,1,5,3,1,009999,1,1,9235,37975
00,1024,1,12A232,02,40136,3,1,0,01,-,1,1,2,75,24/05/1949,1,02,2,2,4,07, , , , , ,1, ,9235,0
00,1024,1,12A232,02,40139,3,1,0,04,-,1,3,1,17,19/10/2007,1,04,2,1,6,06, , , , , ,1, ,8137,0
00,1024,1,12A232,02,40139,2,1,0,01,-,1,1,2,51,11/11/1972,1,04,3,2,1,01,5,5,2,2,001500,1,1,8137,25096
00,1024,1,12A232,02,40139,3,1,0,02,-,1,2,2,49,05/04/1975,1,03,3,2,5,07, , , , , ,1, ,8137,0
00,1024,1,12A232,02,40139,3,1,0,01,-,1,1,1,48,21/01/1976,1,04,3,2,5,01,4,4,3,1,005000,1, ,8137,0
00,1024,1,12A232,02,40139,3,1,0,03,-,1,3,2,23,27/04/2001,1,04,3,1,6,01,3,2,3,1,003000,1,1,8137,25096
00,1024,1,12A232,02,40139,2,1,0,03,-,1,3,1,24,02/06/2000,1,07,3,2,6,02,4,4,6,5, ,1, ,8137,0
00,1024,1,12A232,02,40139,4,1,0,04,-,1,3,1,01,27/07/2023, , , , , , , , , , , ,1, ,8137,0
00,1024,1,12A232,02,40139,4,1,0,03,-,1,3,2,07,18/03/2017,1,02,1,1, , , , , , , ,1, ,8137,0
00,1024,1,12A232,02,40139,4,1,0,02,-,1,2,2,32,27/05/1992,1,04,3,2,1,07, , , , , ,1, ,8137,0
00,1024,1,12A232,02,40139,4,1,0,01,-,1,1,1,31,08/08/1993,1,07,3,2,1,01,7,2,3,1,005000,1,1,8137,16731
00,1024,1,12A232,02,40139,2,1,0,02,-,1,2,1,51,01/10/1973,1,04,3,2,1,01,4,4,1,1,999999,1, ,8137,0
00,1024,1,12A232,02,40145,3,1,0,01,-,1,1,1,45,05/10/1979,1,04,3,2,6,01,4,4,3,1,004000,1,1,8484,8722
00,1024,1,12A232,02,40145,2,1,0,03,-,1,7,1,49,13/10/1975,2,00, ,2,6,01,7,2,3,1,002500,1, ,8484,0
00,1024,1,12A232,02,40145,4,1,0,05,-,1,3,2,15,29/11/2008,1,04,1,1,6,06, , , , , ,1, ,8484,0
00,1024,1,12A232,02,40145,1,1,0,01,-,1,1,2,42,26/12/1981,1,03,3,2,6,03,7,2,3,1,002000,1,1,8484,26166
00,1024,1,12A232,02,40145,1,1,0,02,-,1,4,1,67,18/03/1957,1,02,5,2,4,09, , , , , ,1, ,8484,0
00,1024,1,12A232,02,40145,2,1,0,01,-,1,1,1,86,24/02/1938,1,02,6,2,4,10, , , , , ,1,1,8484,26166
00,1024,1,12A232,02,40145,4,1,0,01,-,1,1,2,33,26/10/1991,1,04,3,2,1,01,4,5,2,1,005000,1, ,8484,0
00,1024,1,12A232,02,40145,2,1,0,02,-,1,3,2,49,15/10/1975,1,03,3,2,5,01,5,5,2,1,003000,1, ,8484,0
00,1024,1,12A232,02,40145,4,1,0,03,-,1,3,2,12,16/02/2012,1,02,6,1,6,06, , , , , ,1, ,8484,0
00,1024,1,12A232,02,40145,4,1,0,04,-,1,3,2,11,02/11/2013,1,02,5,1, , , , , , , ,1, ,8484,0
00,1024,1,12A232,02,40145,4,1,0,02,-,1,2,1,31,21/05/1993,1,07,3,2,1,01,1,2,3,1,020000,1,1,8484,17444
00,1024,1,12A232,02,40145,1,1,0,03,-,1,3,1,21,06/10/2003,1,04,3,2,6,10, , , , , ,1, ,8484,0
00,1024,1,13A232,02,40153,4,1,0,02,-,1,3,1,19,07/12/2004,1,04,1,1,6,03,4,4,2,2,006000,1, ,9775,0
00,1024,1,13A232,02,40153,3,1,0,01,-,1,1,2,66,14/10/1958,1,03,3,2,4,08, , , , , ,1,1,9775,20811
00,1024,1,13A232,02,40153,4,1,0,01,-,1,1,2,49,19/10/1975,1,07,5,1,3,01,1,5,1,1,008000,1,1,9775,20811
00,1024,1,13A232,02,40153,3,1,0,02,-,1,3,2,38,22/10/1986,1,07,3,2,5,01,1,5,3,1,009999,1, ,9775,0
00,1024,1,13A232,02,40153,2,1,0,01,-,1,1,2,62,06/10/1962,1,04,3,2,6,07, , , , , ,1,1,9775,10406
14,1024,1,13A232,02,40156,3,1,0,01,-,1,1,2,30,10/07/1994,1,03,3,2,5,01,4,4,2,1,003000,1, ,4679,0
14,1024,1,13A232,02,40156,3,1,0,03,-,1,3,2,13,06/12/2010,1,03,2,1,6,06, , , , , ,1, ,4679,0
00,1024,1,13A232,02,40156,2,1,0,02,-,1,3,2,53,07/06/1971,1,07,4,1,3,01,1,5,3,1,008000,1,1,4679,19923
00,1024,1,13A232,02,40156,2,1,0,03,-,1,5,1,26,24/03/1998,1,07,4,2,6,01,1,2,3,2,010000,1, ,4679,0
14,1024,1,13A232,02,40156,3,1,0,04,-,1,3,1,07,15/11/2016,1,02,2,1, , , , , , , ,1, ,4679,0
14,1024,1,13A232,02,40156,3,1,0,02,-,1,2,1,33,19/03/1991,1,03,3,2,5,01,5,5,2,1,003000,1, ,4679,0
00,1024,1,13A232,02,40156,1,1,0,01,-,1,1,2,80,15/06/1944,1,03,3,2,4,07, , , , , ,1,1,4679,4981
00,1024,1,13A232,02,40156,2,1,0,04,-,1,5,2,19,01/12/2004,1,04,3,1,6,06, , , , , ,1, ,4679,0
00,1024,1,13A232,02,40156,4,1,0,01,-,1,1,2,50,20/11/1973,1,03,3,2,2,07, , , , , ,1,1,4679,4981
00,1024,1,13A232,02,40156,2,1,0,01,-,1,1,2,80,03/04/1944,1,03,3,2,5,08, , , , , ,1, ,4679,0
00,1024,1,13A232,02,40162,3,1,0,01,-,1,1,1,56,15/08/1968,1,03,3,2,5,01,4,4,2,1,000099,1,1,10086,21473
00,1024,1,13A232,02,40162,3,1,0,02,-,1,2,2,50,01/06/1974,1,03,3,2,5,07, , , , , ,1, ,10086,0
00,1024,1,13A232,02,40162,4,1,0,01,-,1,1,1,48,04/01/1976,1,07,5,2,5,01,1,5,3,2,011000,1, ,10086,0
00,1024,1,13A232,02,40162,4,1,0,03,-,1,3,2,23,12/09/2001,1,07,4,2,6,01,1,5,3,1,000099,1, ,10086,0
00,1024,1,13A232,02,40162,3,1,0,03,-,1,5,1,08,09/03/2016,1,02,2,1, , , , , , , ,1, ,10086,0
00,1024,1,13A232,02,40162,4,1,0,04,-,1,3,2,18,20/06/2006,1,04,3,1,6,06, , , , , ,1, ,10086,0
00,1024,1,13A232,02,40162,1,1,0,01,-,1,1,1,57,22/09/1967,1,04,3,2,3,01,5,5,2,1,012000,1,1,10086,10736
00,1024,1,13A232,02,40162,4,1,0,02,-,1,2,2,47,22/09/1977,1,06,2,2,5,07, , , , , ,1,1,10086,42946
00,1024,1,11A232,03,40078,2,1,0,03,-,1,7,1,23,28/02/2001,1,03,3,2,1,01,4,4,3,1,002000,1, ,10038,0
15,1024,1,11A232,03,40078,1,1,0,03,-,1,2,2,59,18/08/1965,1,04,3,2,5,08, , , , , ,1, ,10038,0
00,1024,1,11A232,03,40078,3,1,0,01,-,1,1,1,74,07/01/1950,1,02,2,2,4,08, , , , , ,1,1,10038,10255
15,1024,1,11A232,03,40078,1,1,0,02,-,1,3,1,25,16/09/1999,1,07,3,1,6,01,9,4,3,1,001500,1, ,10038,0
15,1024,1,11A232,03,40078,1,1,0,04,-,1,3,2,23,29/06/2001,1,07,3,2,6,01,1,5,3,2,001000,1, ,10038,0
00,1024,1,11A232,03,40078,2,1,0,04,-,1,3,2,21,03/12/2002,1,04,3,2,1,01,4,4,3,1,002000,1,1,10038,41021
00,1024,1,11A232,03,40078,2,1,0,02,-,1,3,1,23,29/12/2000,1,04,1,2,6,01,9,3,3,1,003000,1, ,10038,0
00,1024,1,11A232,03,40078,2,1,0,01,-,1,1,2,48,13/07/1976,1,02,6,2,4,07, , , , , ,1, ,10038,0
00,1024,1,11A232,03,40078,4,1,0,02,-,1,2,2,64,22/12/1959,1,02,6,2,1,07, , , , , ,1,1,10038,20510
15,1024,1,11A232,03,40078,1,1,0,01,-,1,1,1,55,15/11/1968,1,03,1,2,5,08, , , , , ,1, ,10038,0
00,1024,1,11A232,03,40078,4,1,0,01,-,1,1,1,67,11/02/1957,1,03,1,2,1,08, , , , , ,1, ,10038,0
00,1024,1,12A232,03,40087,3,1,0,02,-,1,2,2,44,08/08/1980,1,03,3,2,5,07, , , , , ,1, ,8814,0
00,1024,1,12A232,03,40087,3,1,0,01,-,1,1,1,49,22/04/1975,1,03,3,2,5,01,5,4,3,1,002500,1, ,8814,0
00,1024,1,12A232,03,40087,3,1,0,03,-,1,3,1,23,09/04/2001,1,04,3,2,6,01,9,9,3,1,002000,1,1,8814,36245
00,1024,1,12A232,03,40087,1,1,0,02,-,1,2,2,45,27/08/1979,1,02,5,2,5,07, , , , , ,1, ,8814,0
00,1024,1,12A232,03,40087,3,1,0,04,-,1,3,2,23,09/04/2001,1,04,3,2,6,01,4,4,3,2,003000,1, ,8814,0
00,1024,1,12A232,03,40087,1,1,0,01,-,1,1,1,50,15/06/1974,1,02,6,2,5,01,4,4,1,1,010000,1,1,8814,18122
00,1024,1,12A232,03,40087,4,1,0,01,-,1,1,2,21,15/11/2002,1,04,1,2,6,01,4,4,3,1,002100,1,1,8814,9061
00,1024,1,12A232,03,40091,4,1,0,01,-,1,1,1,70,14/02/1954,1,08,3,2,5,01,1,2,1,2,999999,1,1,8053,16558
00,1024,1,12A232,03,40091,2,1,0,02,-,1,2,2,55,17/07/1969,1,07,3,2,5,07, , , , , ,1, ,8053,0
00,1024,1,12A232,03,40091,2,1,0,03,-,1,7,2,66,07/09/1958,1,02,3,2,6,07, , , , , ,1, ,8053,0
00,1024,1,12A232,03,40091,1,1,0,01,-,1,1,2,60,27/07/1964,1,03,3,2,6,08, , , , , ,1,1,8053,8279
00,1024,1,12A232,03,40091,3,1,0,01,-,1,1,2,63,28/05/1961,1,07,3,2,6,08, , , , , ,1,1,8053,8279
00,1024,1,12A232,03,40091,4,1,0,02,-,1,2,2,59,05/12/1964,1,04,3,2,5,01,4,2,2,3,999999,1, ,8053,0
00,1024,1,12A232,03,40091,2,1,0,01,-,1,1,1,54,06/11/1969,1,04,2,2,5,01,2,5,3,2,003500,1,1,8053,24838
00,1024,1,12A232,03,40097,1,1,0,05,-,1,3,2,08,28/04/2016,1,02,2,1, , , , , , , ,1, ,13184,0
00,1024,1,12A232,03,40097,3,1,0,01,-,1,1,1,58,18/01/1966,1,04,3,2,3,01,9,5,2,3,010000,1,1,13184,13554
00,1024,1,12A232,03,40097,2,1,0,01,-,1,1,1,40,06/12/1983,1,99, ,2,1,01,5,6,3,1,999999,1, ,13184,0
00,1024,1,12A232,03,40097,1,1,0,04,-,1,3,1,16,25/10/2008,1,04,1,1,6,06, , , , , ,1, ,13184,0
00,1024,1,12A232,03,40097,1,1,0,03,-,1,3,1,22,04/11/2002,1,04,2,2,6,01,9,3,3,1,002500,1,1,13184,40661
00,1024,1,12A232,03,40097,1,1,0,01,-,1,1,1,40,27/01/1984,1,03,3,2,1,01,9,3,3,1,003500,1, ,13184,0
00,1024,1,12A232,03,40097,1,1,0,02,-,1,2,2,37,29/10/1987,1,03,3,2,1,01,9,5,3,1,000350,1, ,13184,0
00,1024,1,12A232,03,40097,2,1,0,04,-,1,3,1,16,19/08/2008,1,03,3,1,6,06, , , , , ,1, ,13184,0
00,1024,1,12A232,03,40097,2,1,0,03,-,1,2,2,41,24/01/1983,1,04,3,2,1,01,3,4,3,2,017000,1,1,13184,40661
00,1024,1,12A232,03,40097,2,1,0,02,-,1,3,2,20,14/01/2004,1,04,2,2,6,01,3,6,3,1,002100,1, ,13184,0
00,1024,1,12A232,03,40100,3,1,0,02,-,1,7,2,40,30/09/1984,1,02,6,2,6,01,4,5,2,1,003500,1, ,8233,0
00,1024,1,12A232,03,40100,2,1,0,01,-,1,1,2,74,22/04/1950,1,06,3,2,4,08, , , , , ,1,1,8233,8464
00,1024,1,12A232,03,40100,1,1,0,03,-,1,8,2,30,16/10/1994,1,03,3,2,2,03,4,5,3,2,007000,1, ,8233,0
00,1024,1,12A232,03,40100,4,1,0,01,-,1,1,2,48,07/01/1976,1,08,2,2,6,01,2,9,3,2,030000,1,1,8233,8464
00,1024,1,12A232,03,40100,1,1,0,02,-,1,3,2,36,19/05/1988,2,00, ,2,6,09, , , , , ,1, ,8233,0
00,1024,1,12A232,03,40100,1,1,0,04,-,1,8,2,13,07/09/2011,1,03,1,1,6,06, , , , , ,1, ,8233,0
00,1024,1,12A232,03,40100,3,1,0,01,-,1,1,1,66,18/04/1958,1,03,3,2,3,01,4,9,2,1,002500,1,1,8233,16927
00,1024,1,12A232,03,40100,1,1,0,01,-,1,1,2,63,12/03/1961,1,07,5,2,2,03,3,5,3,2,011000,1,1,8233,25391
00,1024,1,12A232,03,40106,4,1,0,02,-,1,2,2,41,27/04/1983,1,03,3,2,1,01,9,5,3,1,001400,1,1,8954,18410
00,1024,1,12A232,03,40106,1,1,0,06,-,1,3,2,17,24/07/2007,1,04,2,1,6,06, , , , , ,1, ,8954,0
16,1024,1,12A232,03,40106,2,1,0,01,-,1,1,2,54,24/11/1969,1,03,3,2,5,01,9,9,2,1,001751,1, ,8954,0
16,1024,1,12A232,03,40106,2,1,0,04,-,1,5,1,10,19/10/2014,1,02,4,1, , , , , , , ,1, ,8954,0
00,1024,1,12A232,03,40106,3,1,0,02,-,1,2,2,51,03/08/1973,1,04,3,2,1,01,2,5,3,2,004000,1, ,8954,0
00,1024,1,12A232,03,40106,1,1,0,02,-,1,2,1,44,18/11/1979,1,07,3,2,5,01,2,7,3,2,002000,1, ,8954,0
00,1024,1,12A232,03,40106,4,1,0,03,-,1,3,2,09,20/08/2015,1,02,3,1, , , , , , , ,1, ,8954,0
00,1024,1,12A232,03,40106,4,1,0,01,-,1,1,1,46,17/12/1977,1,02,6,2,1,01,9,3,2,1,004000,1, ,8954,0
00,1024,1,12A232,03,40106,1,1,0,01,-,1,1,2,40,21/05/1984,1,07,4,2,5,01,1,5,3,2,008000,1,1,8954,18410
16,1024,1,12A232,03,40106,2,1,0,03,-,1,5,1,05,04/04/2019,2,01,2,1, , , , , , , ,1, ,8954,0
00,1024,1,12A232,03,40106,1,1,0,03,-,1,3,2,11,27/03/2013,1,02,5,1, , , , , , , ,1, ,8954,0
00,1024,1,12A232,03,40106,1,1,0,04,-,1,3,1,14,15/03/2010,1,03,2,1,6,06, , , , , ,1, ,8954,0
00,1024,1,12A232,03,40106,3,1,0,01,-,1,1,1,53,22/04/1971,1,03,3,2,1,01,2,7,3,2,005000,1, ,8954,0
00,1024,1,12A232,03,40106,3,1,0,03,-,1,3,1,19,21/06/2005,1,07,1,1,6,06, , , , , ,1,1,8954,27615
16,1024,1,12A232,03,40106,2,1,0,02,-,1,2,1,61,23/12/1962,1,03,3,2,5,09, , , , , ,1, ,8954,0
00,1024,1,12A232,03,40106,1,1,0,05,-,1,3,2,17,24/07/2007,1,04,2,1,6,06, , , , , ,1, ,8954,0
00,1024,1,13A232,03,40123,3,1,0,02,-,1,2,2,72,11/05/1952,1,02,5,2,5,01,4,4,1,2,999999,1,1,10553,22468
00,1024,1,13A232,03,40123,3,1,0,01,-,1,1,1,70,06/11/1953,1,02,3,2,5,01,4,4,3,2,999999,1, ,10553,0
00,1024,1,13A232,03,40123,1,1,0,01,-,1,1,2,56,16/07/1968,1,04,3,2,1,07, , , , , ,1,1,10553,11234
00,1024,1,13A232,03,40123,2,1,0,01,-,1,1,1,45,15/12/1978,1,07,4,2,2,01,3,7,3,2,999999,1, ,10553,0
00,1024,1,13A232,03,40123,2,1,0,02,-,1,4,2,75,14/12/1948,1,02,5,2,4,08, , , , , ,1,1,10553,33702
00,1024,1,13A232,03,40123,4,1,0,01,-,1,1,2,30,21/05/1994,1,07,3,2,1,01,3,7,3,2,008000,1,1,10553,22468
00,1024,1,13A232,03,40123,4,1,0,02,-,1,2,1,28,06/09/1996,1,07,4,2,1,03,9,9,2,3,020000,1, ,10553,0
00,1024,1,13A232,03,40123,2,1,0,03,-,1,3,2,22,30/06/2002,1,07,3,2,6,10, , , , , ,1, ,10553,0
00,1024,1,13A232,03,40123,4,1,0,03,-,1,3,1,06,09/02/2018,2,01,3,1, , , , , , , ,1, ,10553,0
00,1024,1,13A232,03,40130,3,1,0,01,-,1,1,1,38,15/02/1986,1,04,3,2,6,01,9,2,3,1,003500,1,1,10633,11319
00,1024,1,13A232,03,40130,1,1,0,02,-,1,3,1,24,17/01/2000,1,04,3,2,1,01,5,5,3,1,999999,1,1,10633,22637
00,1024,1,13A232,03,40130,1,1,0,01,-,1,1,2,56,15/07/1968,1,04,1,2,6,01,4,4,3,1,001200,1, ,10633,0
00,1024,1,13A232,03,40130,4,1,0,02,-,1,2,2,64,16/04/1960,1,03,3,2,5,07, , , , , ,1,1,10633,22637
00,1024,1,13A232,03,40130,4,1,0,01,-,1,1,1,59,25/02/1965,1,04,3,2,5,01,3,4,1,1,005000,1, ,10633,0
00,1024,1,13A232,03,40132,2,1,0,03,-,1,3,2,28,18/04/1996,1,07,4,2,6,01,3,9,3,2,999999,1, ,10631,0
00,1024,1,13A232,03,40132,4,1,0,01,-,1,1,1,42,18/04/1982,1,03,3,2,1,01,9,3,2,1,006000,1, ,10631,0
00,1024,1,13A232,03,40132,3,1,0,05,-,1,5,2,16,24/08/2008,1,03,3,1,1,06, , , , , ,1, ,10631,0
00,1024,1,13A232,03,40132,3,1,0,02,-,1,3,2,17,20/12/2006,1,03,3,1,6,06, , , , , ,1, ,10631,0
00,1024,1,13A232,03,40132,3,1,0,01,-,1,1,2,40,26/11/1983,1,04,3,2,3,01,4,4,3,1,002000,1,1,10631,22634
00,1024,1,13A232,03,40132,3,1,0,04,-,1,3,1,20,26/10/2004,1,03,3,2,1,01,5,3,3,1,002500,1, ,10631,0
15,1024,1,13A232,03,40132,1,1,0,02,-,1,3,2,31,18/02/1993,1,07,4,2,6,01,1,5,3,2,009000,1, ,10631,0
00,1024,1,13A232,03,40132,4,1,0,03,-,1,3,2,18,22/10/2006,1,04,3,1,6,06, , , , , ,1, ,10631,0
15,1024,1,13A232,03,40132,1,1,0,01,-,1,1,1,65,13/03/1959,1,07,3,2,4,08, , , , , ,1, ,10631,0
00,1024,1,13A232,03,40132,3,1,0,03,-,1,3,2,15,01/01/2009,1,03,3,1,6,06, , , , , ,1, ,10631,0
00,1024,1,13A232,03,40132,2,1,0,02,-,1,2,2,54,08/11/1970,1,04,3,2,5,01,3,5,3,3,006500,1, ,10631,0
00,1024,1,13A232,03,40132,4,1,0,04,-,1,3,1,12,12/12/2011,1,03,1,1,6,06, , , , , ,1, ,10631,0
00,1024,1,13A232,03,40132,4,1,0,02,-,1,2,2,39,08/08/1985,1,03,3,2,1,01,4,4,3,2,004200,1,1,10631,33951
00,1024,1,13A232,03,40132,2,1,0,01,-,1,1,1,58,01/07/1966,1,07,4,2,5,08, , , , , ,1,1,10631,33951
00,1024,1,13A232,03,40139,2,1,0,04,-,1,3,1,12,02/04/2012,1,02,6,1,6,06, , , , , ,1, ,9015,0
00,1024,1,13A232,03,40139,3,1,0,01,-,1,1,2,67,09/10/1957,1,07,5,2,4,08, , , , , ,1,1,9015,19193
00,1024,1,13A232,03,40139,3,1,0,04,-,1,5,2,03,20/12/2020, , , , , , , , , , , ,1, ,9015,0
00,1024,1,13A232,03,40139,3,1,0,03,-,1,7,2,17,08/02/2007,1,04,2,1,6,06, , , , , ,1, ,9015,0
00,1024,1,13A232,03,40139,2,1,0,02,-,1,2,2,32,26/10/1992,1,07,3,2,1,01,3,4,3,1,003000,1, ,9015,0
00,1024,1,13A232,03,40139,2,1,0,03,-,1,3,2,00,01/02/2024, , , , , , , , , , , ,1, ,9015,0
00,1024,1,13A232,03,40139,2,1,0,01,-,1,1,1,25,03/12/1998,1,07,2,2,1,01,7,3,3,1,008000,1,1,9015,19193
00,1024,1,13A232,03,40139,3,1,0,02,-,1,3,2,37,13/04/1987,1,07,5,2,3,01,2,7,3,2,007500,1, ,9015,0
00,1024,1,11A232,04,40082,1,1,0,01,-,1,1,2,63,10/11/1960,1,02,6,2,2,01,5,5,2,1,001000,1,1,7949,8121
00,1024,1,11A232,04,40082,2,1,0,03,-,1,3,1,51,15/11/1972,1,03,3,2,6,01,5,5,3,1,009999,1, ,7949,0
00,1024,1,11A232,04,40082,3,1,0,08,-,1,3,2,18,06/10/2006,1,04,3,1,6,06, , , , , ,1, ,7949,0
00,1024,1,11A232,04,40082,3,1,0,05,-,1,3,2,11,30/05/2013,1,02,5,1, , , , , , , ,1, ,7949,0
00,1024,1,11A232,04,40082,3,1,0,03,-,1,3,1,24,13/05/2000,1,03,3,2,1,01,4,5,3,1,002450,1, ,7949,0
00,1024,1,11A232,04,40082,3,1,0,01,-,1,1,2,43,11/10/1981,1,04,3,2,5,01,3,4,3,1,009999,1, ,7949,0
00,1024,1,11A232,04,40082,3,1,0,06,-,1,5,2,07,03/10/2017,1,02,1,1, , , , , , , ,1, ,7949,0
00,1024,1,11A232,04,40082,3,1,0,02,-,1,2,1,46,15/10/1978,1,02,6,2,5,01,5,5,2,1,009999,1, ,7949,0
00,1024,1,11A232,04,40082,3,1,0,07,-,1,3,2,16,27/12/2007,1,04,2,1,6,06, , , , , ,1, ,7949,0
00,1024,1,11A232,04,40082,2,1,0,01,-,1,1,2,75,12/08/1949,1,02,4,2,4,07, , , , , ,1, ,7949,0
00,1024,1,11A232,04,40082,4,1,0,02,-,1,2,2,84,15/08/1940,1,00, ,2,5,08, , , , , ,1,1,7949,16241
00,1024,1,11A232,04,40082,3,1,0,04,-,1,5,2,25,27/12/1998,1,03,3,2,1,07, , , , , ,1,1,7949,40603
00,1024,1,11A232,04,40082,4,1,0,01,-,1,1,1,98, ,1,99, ,2,5,01,5,5,2,1,009999,1, ,7949,0
00,1024,1,11A232,04,40082,2,1,0,02,-,1,3,2,54,12/12/1969,1,03,3,2,2,01,5,5,3,1,000800,1,1,7949,24362
00,1024,1,11A232,04,40094,1,1,0,06,-,1,5,2,08,20/03/2016,1,02,2,1, , , , , , , ,1, ,7624,0
00,1024,1,11A232,04,40094,2,1,0,02,-,1,2,2,52,25/06/1972,1,00, ,2,5,07, , , , , ,1, ,7624,0
00,1024,1,11A232,04,40094,1,1,0,01,-,1,1,2,64,11/01/1960,1,02,6,2,4,09, , , , , ,1,1,7624,23366
00,1024,1,11A232,04,40094,2,1,0,03,-,1,3,1,27,17/04/1997,1,04,1,2,2,01,5,3,3,1,002500,1, ,7624,0
00,1024,1,11A232,04,40094,1,1,0,04,-,1,5,2,15,15/03/2009,1,03,2,1,6,06, , , , , ,1, ,7624,0
00,1024,1,11A232,04,40094,4,1,0,02,-,1,2,2,56,12/01/1968,1,03,3,2,5,07, , , , , ,1, ,7624,0
00,1024,1,11A232,04,40094,1,1,0,05,-,1,5,2,09,11/09/2015,1,02,4,1, , , , , , , ,1, ,7624,0
00,1024,1,11A232,04,40094,1,1,0,02,-,1,3,2,44,29/05/1980,1,03,3,2,2,01,5,9,2,1,001200,1, ,7624,0
00,1024,1,11A232,04,40094,3,1,0,05,-,1,3,2,09,18/05/2015,1,02,3,1, , , , , , , ,1, ,7624,0
00,1024,1,11A232,04,40094,3,1,0,02,-,1,2,2,40,05/11/1984,1,04,3,2,5,07, , , , , ,1, ,7624,0
00,1024,1,11A232,04,40094,2,1,0,01,-,1,1,1,54,08/01/1970,1,02,6,2,5,01,5,3,2,1,004000,1,1,7624,23366
00,1024,1,11A232,04,40094,1,1,0,07,-,1,5,2,06,12/01/2018,1,02,1,1, , , , , , , ,1, ,7624,0
00,1024,1,11A232,04,40094,1,1,0,03,-,1,3,2,40,02/09/1984,1,04,3,2,6,01,5,4,3,1,001500,1, ,7624,0
00,1024,1,11A232,04,40094,3,1,0,03,-,1,3,1,13,10/07/2011,1,03,1,1,6,06, , , , , ,1, ,7624,0
00,1024,1,11A232,04,40094,3,1,0,01,-,1,1,1,40,05/07/1984,1,04,3,2,5,01,5,4,3,1,001000,1,1,7624,15577
00,1024,1,11A232,04,40094,4,1,0,01,-,1,1,1,59,15/03/1965,1,02,6,2,5,01,5,3,2,1,003000,1,1,7624,15577
00,1024,1,11A232,04,40094,3,1,0,04,-,1,3,2,12,07/05/2012,1,02,6,1,6,06, , , , , ,1, ,7624,0
00,1024,1,11A232,04,40094,2,1,0,04,-,1,5,2,06,05/03/2018,2,01,3,1, , , , , , , ,1, ,7624,0
00,1024,1,11A232,04,40094,2,1,0,05,-,1,5,2,04,17/01/2020, , , , , , , , , , , ,1, ,7624,0
00,1024,1,11A232,04,40098,2,1,0,03,-,1,7,1,59,11/11/1964,1,04,3,2,6,01,5,5,2,1,000500,1, ,7119,0
00,1024,1,11A232,04,40098,3,1,0,02,-,1,3,1,17,18/05/2007,1,04,2,1,6,06, , , , , ,1, ,7119,0
00,1024,1,11A232,04,40098,1,1,0,02,-,1,2,2,56,24/02/1968,1,04,3,2,5,07, , , , , ,1, ,7119,0
00,1024,1,11A232,04,40098,3,1,0,01,-,1,1,2,53,09/09/1971,1,03,3,2,6,01,5,5,4,1,009999,1,1,7119,7273
00,1024,1,11A232,04,40098,2,1,0,01,-,1,1,1,75,10/06/1949,1,04,3,2,5,08, , , , , ,1, ,7119,0
00,1024,1,11A232,04,40098,2,1,0,04,-,1,5,1,20,30/03/2004,1,04,3,1,6,06, , , , , ,1, ,7119,0
00,1024,1,11A232,04,40098,2,1,0,02,-,1,2,2,65,19/11/1958,1,02,6,2,5,07, , , , , ,1,1,7119,29092
00,1024,1,11A232,04,40098,4,1,0,01,-,1,1,2,32,07/07/1992,1,04,3,2,2,01,5,5,3,1,001800,1,1,7119,7273
00,1024,1,11A232,04,40098,1,1,0,04,-,1,3,2,25,04/08/1999,1,07,5,2,5,07, , , , , ,1, ,7119,0
00,1024,1,11A232,04,40098,1,1,0,03,-,1,3,2,31,26/11/1992,1,07,5,2,5,01,5,4,3,2,005000,1,1,7119,29092
00,1024,1,11A232,04,40098,1,1,0,01,-,1,1,1,57,02/11/1966,1,03,3,2,5,08, , , , , ,1, ,7119,0
00,1024,1,11A232,04,40098,2,1,0,05,-,1,5,2,12,02/02/2012,1,03,1,1,6,06, , , , , ,1, ,7119,0
00,1024,1,11A232,04,40098,4,1,0,02,-,1,3,2,06,28/03/2018,2,01,3,1, , , , , , , ,1, ,7119,0
00,1024,1,11A232,04,40098,1,1,0,05,-,1,5,2,01,19/05/2023, , , , , , , , , , , ,1, ,7119,0
00,1024,1,11A232,04,40100,4,1,0,02,-,1,3,2,33,07/01/1991,1,04,1,2,2,01,3,5,3,1,000999,1, ,7742,0
00,1024,1,11A232,04,40100,4,1,0,03,-,1,5,1,08,06/04/2016,2,02,2,1, , , , , , , ,1, ,7742,0
00,1024,1,11A232,04,40100,2,1,0,01,-,1,1,2,28,22/08/1996,1,03,3,2,2,01,3,4,3,1,002100,1,1,7742,7910
14,1024,1,11A232,04,40100,1,1,0,03,-,1,3,2,18,29/11/2005,1,04,2,1,6,06, , , , , ,1, ,7742,0
00,1024,1,11A232,04,40100,2,1,0,02,-,1,3,2,04,13/11/2020, , , , , , , , , , , ,1, ,7742,0
00,1024,1,11A232,04,40100,3,1,0,02,-,1,2,2,66,24/06/1958,1,02,2,2,5,07, , , , , ,1, ,7742,0
14,1024,1,11A232,04,40100,1,1,0,02,-,1,2,2,49,03/04/1975,1,04,3,2,5,01,5,5,3,1,009999,1, ,7742,0
00,1024,1,11A232,04,40100,3,1,0,01,-,1,1,1,70,03/01/1954,1,02,3,2,5,01,5,3,3,1,002500,1,1,7742,23729
00,1024,1,11A232,04,40100,4,1,0,01,-,1,1,2,62,15/07/1962,1,06,3,2,3,08, , , , , ,1,1,7742,15819
00,1024,1,11A232,04,40100,3,1,0,03,-,1,5,1,46,30/03/1978,1,99, ,2,5,01,5,5,9,2,000999,1, ,7742,0
14,1024,1,11A232,04,40100,1,1,0,01,-,1,1,1,42,27/01/1982,1,04,3,2,5,01,5,5,3,1,002000,1, ,7742,0
00,1024,1,12A232,04,40111,2,1,0,02,-,1,2,2,74,14/10/1950,1,02,6,2,5,07, , , , , ,1, ,7316,0
00,1024,1,12A232,04,40111,4,1,0,03,-,1,3,1,11,17/07/2013,1,02,5,1, , , , , , , ,1, ,7316,0
00,1024,1,12A232,04,40111,1,1,0,01,-,1,1,1,66,18/07/1958,1,02,5,2,5,01,5,3,2,1,002500,1,1,7316,22564
00,1024,1,12A232,04,40111,3,1,0,02,-,1,2,2,39,15/05/1985,1,04,3,2,5,07, , , , , ,1,1,7316,15043
00,1024,1,12A232,04,40111,1,1,0,02,-,1,3,1,29,23/07/1995,1,07,5,2,6,01,5,3,3,1,001000,1, ,7316,0
00,1024,1,12A232,04,40111,4,1,0,02,-,1,2,2,40,26/07/1984,1,07,5,2,5,01,1,5,3,2,002000,1,1,7316,15043
00,1024,1,12A232,04,40111,2,1,0,01,-,1,1,1,75,11/12/1948,1,02,6,2,5,08, , , , , ,1,1,7316,15043
00,1024,1,12A232,04,40111,3,1,0,03,-,1,3,1,12,15/07/2012,1,02,6,1,6,06, , , , , ,1, ,7316,0
00,1024,1,12A232,04,40111,4,1,0,01,-,1,1,1,40,13/10/1984,1,07,4,2,5,01,1,5,2,3,009999,1, ,7316,0
00,1024,1,12A232,04,40111,1,1,0,03,-,1,2,2,64,24/11/1959,1,02,2,2,5,07, , , , , ,1, ,7316,0
00,1024,1,12A232,04,40111,3,1,0,01,-,1,1,1,36,01/08/1988,1,07,4,2,5,03,4,4,3,2,009000,1, ,7316,0
00,1024,1,12A232,04,40120,1,1,0,01,-,1,1,1,71,17/08/1953,1,02,6,2,5,08, , , , , ,1,1,6913,14214
00,1024,1,12A232,04,40120,2,1,0,02,-,1,3,2,62,14/12/1961,1,03,3,2,6,07, , , , , ,1,1,6913,14214
00,1024,1,12A232,04,40120,4,1,0,01,-,1,1,1,41,14/03/1983,1,07,5,2,6,01,4,5,1,1,007000,1,1,6913,7107
00,1024,1,12A232,04,40120,2,1,0,01,-,1,1,1,93,28/05/1931,1,02,4,2,4,09, , , , , ,1, ,6913,0
00,1024,1,12A232,04,40120,3,1,0,02,-,1,2,2,62,29/10/1962,1,03,3,2,5,07, , , , , ,1,1,6913,21321
00,1024,1,12A232,04,40120,3,1,0,01,-,1,1,1,68,25/08/1956,1,04,3,2,5,08, , , , , ,1, ,6913,0
00,1024,1,12A232,04,40120,3,1,0,03,-,1,3,1,28,02/07/1996,1,07,4,2,6,01,1,7,3,2,010000,1, ,6913,0
00,1024,1,12A232,04,40120,1,1,0,02,-,1,2,2,70,20/08/1954,1,02,6,2,5,07, , , , , ,1, ,6913,0
00,1024,1,12A232,04,40126,1,1,0,03,-,1,3,2,17,28/11/2006,1,04,3,1,6,06, , , , , ,1, ,7085,0
00,1024,1,12A232,04,40126,4,1,0,03,-,1,3,2,19,07/04/2005,1,04,3,1,6,01,4,5,3,1,001500,1, ,7085,0
00,1024,1,12A232,04,40126,1,1,0,01,-,1,1,1,39,05/05/1985,1,04,1,2,5,01,5,3,3,1,003000,1, ,7085,0
00,1024,1,12A232,04,40126,1,1,0,04,-,1,3,1,08,01/01/2016,1,02,2,1, , , , , , , ,1, ,7085,0
00,1024,1,12A232,04,40126,2,1,0,01,-,1,1,1,54,01/03/1970,1,02,6,2,3,01,5,5,3,2,004000,1, ,7085,0
00,1024,1,12A232,04,40126,3,1,0,01,-,1,1,2,38,17/07/1986,1,08,2,1,6,01,5,5,3,2,003000,1, ,7085,0
00,1024,1,12A232,04,40126,4,1,0,02,-,1,2,2,46,02/06/1978,1,03,3,2,5,01,4,5,1,1,009000,1,1,7085,21850
00,1024,1,12A232,04,40126,4,1,0,04,-,1,3,2,15,02/08/2009,1,03,3,1,6,01,4,5,3,1,001500,1, ,7085,0
00,1024,1,12A232,04,40126,2,1,0,02,-,1,3,2,26,17/02/1998,1,03,3,2,6,01,5,7,3,1,001800,1,1,7085,14566
00,1024,1,12A232,04,40126,3,1,0,02,-,1,6,1,35,03/03/1989,1,07,5,2,6,01,5,5,3,2,003500,1,1,7085,14566
00,1024,1,12A232,04,40126,4,1,0,01,-,1,1,1,42,05/08/1982,1,03,3,2,5,01,5,7,3,1,006000,1, ,7085,0
00,1024,1,12A232,04,40126,1,1,0,02,-,1,2,2,40,04/07/1984,1,03,3,2,5,01,7,2,3,1,001500,1,1,7085,14566
00,1024,1,12A232,04,40130,3,1,0,01,-,1,1,2,55,18/01/1969,1,03,2,2,4,07, , , , , ,1,1,7425,15267
00,1024,1,12A232,04,40130,1,1,0,01,-,1,1,1,68,02/03/1956,1,04,3,2,5,09, , , , , ,1, ,7425,0
00,1024,1,12A232,04,40130,1,1,0,02,-,1,2,2,56,14/03/1968,1,02,6,2,5,01,4,4,2,1,000500,1, ,7425,0
00,1024,1,12A232,04,40130,4,1,0,01,-,1,1,2,38,10/06/1986,1,07,4,2,3,01,1,5,3,2,000999,1,1,7425,7634
00,1024,1,12A232,04,40130,2,1,0,02,-,1,2,1,52,15/08/1972,1,03,3,2,1,01,5,5,2,1,000999,1, ,7425,0
00,1024,1,12A232,04,40130,2,1,0,03,-,1,3,2,22,01/04/2002,1,03,3,2,6,01,4,4,2,3,001000,1,1,7425,22901
00,1024,1,12A232,04,40130,4,1,0,02,-,1,3,1,15,16/09/2009,1,03,3,1,6,06, , , , , ,1, ,7425,0
00,1024,1,12A232,04,40130,3,1,0,02,-,1,3,1,21,06/04/2003,1,07,3,1,6,06, , , , , ,1, ,7425,0
00,1024,1,12A232,04,40130,4,1,0,03,-,1,3,1,12,11/05/2012,1,02,6,1,6,06, , , , , ,1, ,7425,0
00,1024,1,12A232,04,40130,1,1,0,03,-,1,3,2,34,23/03/1990,1,04,3,2,6,01,5,4,3,2,009999,1,1,7425,22901
00,1024,1,12A232,04,40130,3,1,0,03,-,1,5,2,11,20/02/2013,1,02,5,1, , , , , , , ,1, ,7425,0
00,1024,1,12A232,04,40130,4,1,0,04,-,1,3,2,07,30/06/2017,1,02,1,1, , , , , , , ,1, ,7425,0
00,1024,1,12A232,04,40130,2,1,0,01,-,1,1,2,52,14/02/1972,1,04,3,2,1,01,5,4,3,2,000999,1, ,7425,0
14,1024,1,13A232,04,40137,1,1,0,03,-,1,3,1,26,08/03/1998,1,07,5,2,6,01,3,4,3,2,000999,1, ,5789,0
00,1024,1,13A232,04,40137,3,1,0,01,-,1,1,1,87,02/12/1936,1,05,2,2,6,08, , , , , ,1,1,5789,6162
14,1024,1,13A232,04,40137,1,1,0,02,-,1,2,2,52,04/09/1972,1,06,5,1,5,01,3,4,3,2,008000,1, ,5789,0
14,1024,1,13A232,04,40137,1,1,0,01,-,1,1,1,61,24/03/1963,1,06,3,2,5,01,4,4,1,2,000999,1, ,5789,0
00,1024,1,13A232,04,40137,4,1,0,02,-,1,2,2,44,20/10/1980,1,04,3,2,5,07, , , , , ,1, ,5789,0
00,1024,1,13A232,04,40137,4,1,0,03,-,1,3,1,23,07/05/2001,1,07,4,2,6,01,4,4,1,3,020000,1, ,5789,0
00,1024,1,13A232,04,40137,4,1,0,05,-,1,3,1,12,09/08/2012,1,02,6,1,6,06, , , , , ,1, ,5789,0
00,1024,1,13A232,04,40137,2,1,0,02,-,1,2,2,74,14/01/1950,1,07,3,2,5,07, , , , , ,1, ,5789,0
00,1024,1,13A232,04,40137,4,1,0,04,-,1,3,2,13,07/03/2011,1,03,1,1,6,06, , , , , ,1, ,5789,0
00,1024,1,13A232,04,40137,4,1,0,01,-,1,1,1,49,21/05/1975,1,08,2,2,5,01,4,4,2,3,020000,1,1,5789,18486
14,1024,1,13A232,04,40137,1,1,0,04,-,1,3,2,24,21/06/2000,1,07,3,1,6,06, , , , , ,1, ,5789,0
00,1024,1,13A232,04,40137,2,1,0,01,-,1,1,1,80,18/01/1944,1,07,4,2,5,01,1,5,1,1,030000,1,1,5789,12324
00,1024,1,13A232,04,40139,1,1,0,02,-,1,2,2,36,24/08/1988,1,07,5,2,5,07, , , , , ,1, ,10089,0
00,1024,1,13A232,04,40139,2,1,0,01,-,1,1,1,49,20/12/1974,1,07,4,2,5,01,3,5,3,2,008000,1, ,10089,0
00,1024,1,13A232,04,40139,4,1,0,01,-,1,1,2,55,05/07/1969,1,06,3,2,4,01,1,5,3,2,006000,1, ,10089,0
00,1024,1,13A232,04,40139,2,1,0,04,-,1,3,2,13,19/08/2011,1,02,6,1,6,06, , , , , ,1, ,10089,0
00,1024,1,13A232,04,40139,1,1,0,04,-,1,3,1,04,12/06/2020, , , , , , , , , , , ,1, ,10089,0
00,1024,1,13A232,04,40139,2,1,0,03,-,1,3,1,22,30/08/2002,1,07,3,1,6,06, , , , , ,1, ,10089,0
00,1024,1,13A232,04,40139,3,1,0,02,-,1,3,2,30,19/04/1994,1,07,4,2,6,09, , , , , ,1, ,10089,0
00,1024,1,13A232,04,40139,1,1,0,03,-,1,3,1,11,08/01/2013,1,02,5,1, , , , , , , ,1, ,10089,0
00,1024,1,13A232,04,40139,2,1,0,02,-,1,2,2,52,01/03/1972,1,04,3,2,5,07, , , , , ,1,1,10089,32220
00,1024,1,13A232,04,40139,3,1,0,01,-,1,1,2,53,14/01/1971,1,03,3,2,2,01,5,5,2,2,001200,1,1,10089,21480
00,1024,1,13A232,04,40139,4,1,0,02,-,1,3,2,20,26/07/2004,1,07,2,1,6,06, , , , , ,1,1,10089,21480
00,1024,1,13A232,04,40139,1,1,0,01,-,1,1,1,46,17/06/1978,1,09,4,1,5,01,1,5,3,2,002000,1,1,10089,21480
00,1024,1,12A232,05,41236,1,1,0,02,-,1,2,2,60,01/03/1964,1,07,4,2,1,07, , , , , ,1, ,8818,0
00,1024,1,12A232,05,41236,1,1,0,01,-,1,1,1,77,04/05/1947,1,03,3,2,1,01,4,4,2,1,001500,1, ,8818,0
00,1024,1,12A232,05,41236,4,1,0,02,-,1,2,2,54,12/11/1970,1,04,3,2,5,07, , , , , ,1, ,8818,0
00,1024,1,12A232,05,41236,1,1,0,04,-,1,3,1,11,01/11/2013,1,02,5,1, , , , , , , ,1, ,8818,0
00,1024,1,12A232,05,41236,1,1,0,03,-,1,3,1,20,03/05/2004,1,04,3,1,6,06, , , , , ,1,1,8818,27196
00,1024,1,12A232,05,41236,2,1,0,01,-,1,1,1,57,01/10/1967,1,03,3,2,5,01,5,5,2,1,005000,1, ,8818,0
00,1024,1,12A232,05,41236,3,1,0,01,-,1,1,2,70,01/11/1954,2,02,1,2,4,08, , , , , ,1, ,8818,0
00,1024,1,12A232,05,41236,3,1,0,04,-,1,5,1,09,25/05/2015,1,02,3,1, , , , , , , ,1, ,8818,0
00,1024,1,12A232,05,41236,3,1,0,03,-,1,5,2,16,27/02/2008,1,02,6,2,6,07, , , , , ,1, ,8818,0
00,1024,1,12A232,05,41236,4,1,0,01,-,1,1,1,55,09/09/1969,1,03,3,2,5,01,5,5,3,1,003000,1,1,8818,18131
00,1024,1,12A232,05,41236,3,1,0,02,-,1,3,2,44,08/06/1980,1,03,3,2,2,01,4,4,3,1,001500,1,1,8818,18131
00,1024,1,12A232,05,41236,2,1,0,04,-,1,3,1,30,12/02/1994,1,04,3,2,6,03,4,5,2,3,003000,1, ,8818,0
00,1024,1,12A232,05,41236,2,1,0,03,-,1,3,1,32,15/10/1992,1,08,5,2,6,01,1,6,3,2,012000,1, ,8818,0
00,1024,1,12A232,05,41236,2,1,0,05,-,1,3,1,27,04/03/1997,1,07,4,2,6,01,4,5,2,1,003000,1, ,8818,0
00,1024,1,12A232,05,41236,2,1,0,02,-,1,2,2,60,25/09/1964,1,03,3,2,5,01,5,5,3,1,003000,1,1,8818,54393
00,1024,1,12A232,05,41236,2,1,0,06,-,1,3,2,19,29/04/2005,1,07,1,1,6,01,4,5,3,1,001200,1, ,8818,0
00,1024,1,12A232,05,41238,3,1,0,03,-,1,3,1,40,06/09/1984,1,04,3,2,6,01,2,7,3,2,004000,1, ,8240,0
00,1024,1,12A232,05,41238,4,1,0,05,-,1,3,2,09,30/03/2015,1,02,3,1, , , , , , , ,1, ,8240,0
00,1024,1,12A232,05,41238,2,1,0,01,-,1,1,1,64,21/07/1960,1,03,1,2,5,08, , , , , ,1, ,8240,0
16,1024,1,12A232,05,41238,1,1,0,02,-,1,2,2,67,16/07/1957,1,01,3,2,5,07, , , , , ,1, ,8240,0
16,1024,1,12A232,05,41238,1,1,0,03,-,1,3,2,42,23/06/1982,1,03,3,2,6,01,4,4,3,1,002500,1, ,8240,0
00,1024,1,12A232,05,41238,2,1,0,02,-,1,2,2,67,25/04/1957,1,03,1,2,5,07, , , , , ,1,1,8240,25412
00,1024,1,12A232,05,41238,4,1,0,04,-,1,3,1,11,17/09/2013,1,02,5,1, , , , , , , ,1, ,8240,0
00,1024,1,12A232,05,41238,4,1,0,02,-,1,2,2,29,28/10/1995,1,03,3,2,1,01,4,4,3,1,001700,1,1,8240,16941
00,1024,1,12A232,05,41238,2,1,0,03,-,1,7,2,77,23/05/1947,1,02,4,2,6,09, , , , , ,1, ,8240,0
16,1024,1,12A232,05,41238,1,1,0,05,-,1,5,2,19,30/09/2005,1,04,1,1,6,01,5,5,3,1,002200,1, ,8240,0
16,1024,1,12A232,05,41238,1,1,0,04,-,1,3,1,28,22/11/1995,1,07,5,2,6,01,4,4,3,1,003000,1, ,8240,0
00,1024,1,12A232,05,41238,3,1,0,01,-,1,1,1,76,20/10/1948,1,03,2,2,5,08, , , , , ,1, ,8240,0
00,1024,1,12A232,05,41238,4,1,0,06,-,1,3,1,08,31/07/2016,1,02,2,1, , , , , , , ,1, ,8240,0
00,1024,1,12A232,05,41238,4,1,0,01,-,1,1,1,31,12/09/1993,1,04,1,2,1,01,7,2,3,1,002500,1, ,8240,0
00,1024,1,12A232,05,41238,3,1,0,02,-,1,2,2,77,08/11/1947,1,03,3,2,5,07, , , , , ,1,1,8240,25412
00,1024,1,12A232,05,41238,4,1,0,03,-,1,3,1,13,18/03/2011,1,03,1,1,6,06, , , , , ,1, ,8240,0
16,1024,1,12A232,05,41238,1,1,0,01,-,1,1,1,66,20/08/1958,1,02,3,2,5,01,5,5,2,1,002500,1, ,8240,0
00,1024,1,12A232,05,41245,2,1,0,02,-,1,2,2,26,04/03/1998,1,07,3,2,1,07, , , , , ,1, ,8076,0
00,1024,1,12A232,05,41245,2,1,0,03,-,1,3,2,01,11/02/2023, , , , , , , , , , , ,1, ,8076,0
00,1024,1,12A232,05,41245,2,1,0,01,-,1,1,1,24,27/03/2000,1,07,4,2,1,01,3,2,3,1,004000,1,1,8076,16605
00,1024,1,12A232,05,41245,4,1,0,01,-,1,1,1,41,17/03/1983,1,03,3,2,3,01,1,5,2,3,004000,1,1,8076,8302
00,1024,1,12A232,05,41245,3,1,0,01,-,1,1,2,65,21/06/1959,1,03,3,2,3,08, , , , , ,1,1,8076,8302
00,1024,1,12A232,05,41245,1,1,0,01,-,1,1,1,43,14/08/1981,1,07,6,2,5,01,1,5,3,2,005000,1, ,8076,0
00,1024,1,12A232,05,41245,1,1,0,03,-,1,3,1,20,28/06/2004,1,04,3,1,6,01,7,5,3,2,005000,1,1,8076,24907
00,1024,1,12A232,05,41245,1,1,0,02,-,1,2,2,43,11/07/1981,1,06,3,2,5,01,1,5,3,2,005000,1, ,8076,0
00,1024,1,13A232,05,41258,1,1,0,01,-,1,1,2,48,06/10/1976,1,07,5,2,3,01,1,5,2,1,001000,1, ,9908,0
00,1024,1,13A232,05,41258,3,1,0,02,-,1,6,2,74,19/07/1950,1,06,2,2,4,07, , , , , ,1, ,9908,0
00,1024,1,13A232,05,41258,1,1,0,03,-,1,3,2,28,21/10/1996,1,07,6,2,4,01,1,5,2,1,001000,1, ,9908,0
00,1024,1,13A232,05,41258,3,1,0,01,-,1,1,2,57,27/07/1967,1,04,2,2,2,01,4,4,3,1,001000,1, ,9908,0
00,1024,1,13A232,05,41258,3,1,0,04,-,1,3,1,21,07/10/2003,1,06,2,1,6,01,7,2,3,1,002500,1, ,9908,0
00,1024,1,13A232,05,41258,3,1,0,03,-,1,3,1,31,19/09/1993,1,07,4,2,6,04, , , , , ,1,1,9908,42189
00,1024,1,13A232,05,41258,2,1,0,05,-,1,5,1,02,04/03/2022, , , , , , , , , , , ,1, ,9908,0
00,1024,1,13A232,05,41258,1,1,0,04,-,1,3,2,17,02/05/2007,1,04,2,1,6,06, , , , , ,1, ,9908,0
00,1024,1,13A232,05,41258,2,1,0,04,-,1,8,2,30,15/08/1994,1,07,4,2,5,01,3,5,3,2,007000,1, ,9908,0
00,1024,1,13A232,05,41258,2,1,0,06,-,1,5,1,00,05/01/2024, , , , , , , , , , , ,1, ,9908,0
00,1024,1,13A232,05,41258,2,1,0,02,-,1,2,2,60,21/01/1964,1,06,4,2,5,01,1,1,3,2,010000,1, ,9908,0
00,1024,1,13A232,05,41258,2,1,0,01,-,1,1,1,58,30/10/1966,1,07,4,2,5,01,1,5,2,4,001000,1,1,9908,42189
00,1024,1,13A232,05,41258,1,1,0,02,-,1,3,2,30,30/06/1994,1,07,4,2,6,01,7,2,3,1,003000,1,1,9908,31642
00,1024,1,13A232,05,41258,1,1,0,05,-,1,5,2,07,15/04/2017,1,02,1,1, , , , , , , ,1, ,9908,0
00,1024,1,13A232,05,41258,2,1,0,03,-,1,3,1,30,13/09/1994,1,07,4,2,5,01,7,3,3,2,007000,1, ,9908,0
00,1024,1,13A232,05,41258,4,1,0,01,-,1,1,2,75,06/10/1949,1,05,3,2,3,08, , , , , ,1,1,9908,10547
00,1024,1,13A232,05,41259,4,1,0,01,-,1,1,2,27,09/07/1997,1,07,4,2,6,01,3,7,3,2,006000,1,1,8536,9087
00,1024,1,13A232,05,41259,4,1,0,02,-,1,9,2,00,13/11/2024, , , , , , , , , , , ,1, ,8536,0
00,1024,1,13A232,05,41259,3,1,0,01,-,1,1,2,55,24/04/1969,1,08,2,2,3,01,1,7,3,2,015000,1,1,8536,9087
00,1024,1,13A232,05,41259,2,1,0,02,-,1,2,2,54,19/01/1970,1,04,3,2,5,07, , , , , ,1, ,8536,0
00,1024,1,13A232,05,41259,2,1,0,01,-,1,1,1,56,21/02/1968,1,07,4,2,5,01,1,5,2,3,030000,1, ,8536,0
00,1024,1,13A232,05,41259,2,1,0,03,-,1,3,1,25,19/05/1999,1,08,5,2,6,01,1,5,2,2,005000,1,1,8536,27261
00,1024,1,13A232,05,41259,2,1,0,04,-,1,3,2,14,11/12/2009,1,03,3,1,6,06, , , , , ,1, ,8536,0
00,1024,1,13A232,05,41262,2,1,0,06,-,1,2,1,55,10/04/1969,1,03,3,2,1,01,7,2,3,1,002000,1, ,10498,0
00,1024,1,13A232,05,41262,2,1,0,07,-,1,3,2,13,15/04/2011,1,03,1,1,6,06, , , , , ,1, ,10498,0
00,1024,1,13A232,05,41262,2,1,0,03,-,1,6,1,55,13/08/1969,1,07,4,2,6,01,3,5,3,1,003000,1, ,10498,0
00,1024,1,13A232,05,41262,2,1,0,05,-,1,6,1,42,23/05/1982,1,04,1,2,3,03,7,2,3,1,001500,1, ,10498,0
00,1024,1,13A232,05,41262,4,1,0,01,-,1,1,2,55,13/01/1969,1,07,5,2,3,01,1,5,3,2,007500,1,1,10498,11175
00,1024,1,13A232,05,41262,2,1,0,04,-,1,6,2,46,18/06/1978,1,04,2,2,6,08, , , , , ,1, ,10498,0
00,1024,1,13A232,05,41262,2,1,0,02,-,1,7,1,59,20/10/1965,1,07,4,2,6,03,2,5,3,2,007300,1, ,10498,0
00,1024,1,13A232,05,41262,1,1,0,02,-,1,3,2,39,02/06/1985,1,07,4,2,6,01,3,5,3,2,003500,1, ,10498,0
00,1024,1,13A232,05,41262,1,1,0,01,-,1,1,2,67,02/04/1957,1,07,4,2,3,08, , , , , ,1,1,10498,22351
00,1024,1,13A232,05,41262,2,1,0,01,-,1,1,2,53,11/05/1971,1,07,4,2,1,07, , , , , ,1,1,10498,67052
00,1024,1,11A232,05,41314,4,1,0,02,-,1,2,2,47,17/07/1977,1,03,3,2,1,07, , , , , ,1,1,8534,17438
00,1024,1,11A232,05,41314,4,1,0,01,-,1,1,1,50,19/05/1974,1,03,3,2,1,01,7,2,3,1,003000,1, ,8534,0
00,1024,1,11A232,05,41314,3,1,0,01,-,1,1,2,54,15/04/1970,1,03,1,2,3,01,5,5,3,1,001900,1, ,8534,0
00,1024,1,11A232,05,41314,3,1,0,02,-,1,3,1,28,29/03/1996,1,07,4,2,6,01,5,5,3,1,001500,1, ,8534,0
00,1024,1,11A232,05,41314,3,1,0,03,-,1,3,1,26,14/03/1998,1,04,3,2,6,01,7,2,3,1,001500,1,1,8534,26156
00,1024,1,11A232,05,41318,2,1,0,03,-,1,3,1,13,11/02/2011,1,03,1,1,6,06, , , , , ,1, ,9297,0
00,1024,1,11A232,05,41318,2,1,0,01,-,1,1,2,42,16/10/1982,1,02,6,2,2,01,7,2,3,1,001500,1,1,9297,18996
00,1024,1,11A232,05,41318,2,1,0,04,-,1,3,2,09,07/12/2014,1,02,4,1, , , , , , , ,1, ,9297,0
00,1024,1,11A232,05,41318,1,1,0,04,-,1,3,2,13,18/04/2011,1,03,2,1,6,06, , , , , ,1, ,9297,0
00,1024,1,11A232,05,41318,4,1,0,03,-,1,3,1,18,23/06/2006,1,03,3,2,6,01,7,2,3,1,001500,1, ,9297,0
00,1024,1,11A232,05,41318,4,1,0,01,-,1,1,1,47,21/09/1977,1,02,6,2,5,01,4,4,3,1,002200,1,1,9297,28494
00,1024,1,11A232,05,41318,1,1,0,06,-,1,3,1,05,19/02/2019,2,01,2,1, , , , , , , ,1, ,9297,0
00,1024,1,11A232,05,41318,1,1,0,03,-,1,3,1,16,22/06/2008,1,04,2,1,6,06, , , , , ,1, ,9297,0
00,1024,1,11A232,05,41318,4,1,0,02,-,1,2,2,47,01/04/1977,1,02,6,2,5,01,5,5,3,2,002500,1, ,9297,0
00,1024,1,11A232,05,41318,2,1,0,02,-,1,3,1,18,04/05/2006,1,03,3,2,6,01,5,5,4,1,001500,1, ,9297,0
00,1024,1,11A232,05,41318,3,1,0,02,-,1,2,2,30,30/10/1994,1,03,3,2,5,07, , , , , ,1,1,9297,18996
00,1024,1,11A232,05,41318,3,1,0,01,-,1,1,1,34,14/05/1990,1,03,3,2,5,01,7,2,3,1,001500,1, ,9297,0
00,1024,1,11A232,05,41318,1,1,0,05,-,1,3,2,06,30/10/2018,1,02,2,1, , , , , , , ,1, ,9297,0
00,1024,1,11A232,05,41318,1,1,0,01,-,1,1,1,38,30/10/1986,1,04,3,2,1,01,7,2,3,1,004000,1, ,9297,0
00,1024,1,11A232,05,41318,3,1,0,04,-,1,3,1,07,08/04/2017,1,01,3,1, , , , , , , ,1, ,9297,0
00,1024,1,11A232,05,41318,3,1,0,03,-,1,3,2,13,16/09/2011,1,02,6,1,6,06, , , , , ,1, ,9297,0
00,1024,1,11A232,05,41318,1,1,0,02,-,1,2,2,38,08/01/1986,1,04,3,2,1,01,7,2,3,1,003000,1,1,9297,18996
00,1024,1,11A232,05,41322,4,1,0,01,-,1,1,1,44,18/05/1980,1,04,2,2,1,01,5,5,2,1,000700,1,1,8189,16733
00,1024,1,11A232,05,41322,2,1,0,02,-,1,8,1,21,14/07/2003,1,07,2,1,6,06, , , , , ,1, ,8189,0
00,1024,1,11A232,05,41322,1,1,0,01,-,1,1,1,48,23/05/1976,1,03,1,2,5,01,7,2,3,1,002000,1, ,8189,0
00,1024,1,11A232,05,41322,1,1,0,05,-,1,3,1,20,29/06/2004,1,07,1,1,6,06, , , , , ,1, ,8189,0
00,1024,1,11A232,05,41322,2,1,0,01,-,1,1,1,22,01/06/2002,1,07,4,1,6,06, , , , , ,1,1,8189,16733
00,1024,1,11A232,05,41322,4,1,0,02,-,1,2,2,41,25/05/1983,1,03,3,2,1,01,4,4,2,1,001000,1, ,8189,0
00,1024,1,11A232,05,41322,3,1,0,01,-,1,1,1,37,15/07/1987,1,07,4,2,6,01,2,7,3,2,011000,1,1,8189,8367
00,1024,1,11A232,05,41322,1,1,0,03,-,1,3,1,26,03/08/1998,1,07,4,2,6,01,7,2,3,1,003000,1, ,8189,0
00,1024,1,11A232,05,41322,1,1,0,04,-,1,3,2,22,16/07/2002,1,07,1,1,6,06, , , , , ,1, ,8189,0
00,1024,1,11A232,05,41322,1,1,0,02,-,1,2,2,45,24/08/1979,1,03,3,2,5,07, , , , , ,1,1,8189,41834
00,1024,1,11A232,05,41325,3,1,0,02,-,1,2,2,39,07/03/1985,1,04,3,2,5,07, , , , , ,1,1,9306,19015
00,1024,1,11A232,05,41325,1,1,0,01,-,1,1,2,64,01/07/1960,1,02,6,2,3,07, , , , , ,1,1,9306,19015
00,1024,1,11A232,05,41325,2,1,0,01,-,1,1,2,59,25/05/1965,1,03,3,2,5,01,7,2,3,1,001900,1,1,9306,28523
00,1024,1,11A232,05,41325,1,1,0,02,-,1,3,1,41,01/12/1982,1,04,3,2,6,01,4,4,3,1,006000,1, ,9306,0
00,1024,1,11A232,05,41325,3,1,0,04,-,1,3,2,07,27/01/2017,1,02,1,1, , , , , , , ,1, ,9306,0
00,1024,1,11A232,05,41325,2,1,0,03,-,1,3,1,42,21/05/1982,1,03,3,2,2,01,5,6,3,1,002000,1, ,9306,0
00,1024,1,11A232,05,41325,3,1,0,03,-,1,3,2,09,03/10/2015,1,02,2,1, , , , , , , ,1, ,9306,0
00,1024,1,11A232,05,41325,2,1,0,02,-,1,2,1,64,10/02/1960,1,03,3,2,5,08, , , , , ,1, ,9306,0
00,1024,1,11A232,05,41325,4,1,0,02,-,1,2,2,24,13/11/1999,1,04,3,2,1,01,3,2,3,2,008000,1,1,9306,19015
00,1024,1,11A232,05,41325,4,1,0,01,-,1,1,1,24,19/06/2000,1,07,5,2,1,01,3,2,3,2,010000,1, ,9306,0
00,1024,1,11A232,05,41325,3,1,0,01,-,1,1,1,41,05/10/1983,1,03,3,2,5,01,7,2,3,1,002500,1, ,9306,0
00,1024,1,11A232,05,41340,3,1,0,05,-,1,7,1,30,11/06/1994,1,03,3,2,2,01,1,3,3,1,004000,1, ,9109,0
00,1024,1,11A232,05,41340,3,1,0,04,-,1,7,2,22,01/03/2002,1,03,3,2,1,01,4,4,2,1,000200,1,1,9109,46529
00,1024,1,11A232,05,41340,3,1,0,06,-,1,7,1,17,18/03/2007,1,03,3,1,6,06, , , , , ,1, ,9109,0
00,1024,1,11A232,05,41340,1,1,0,05,-,1,3,2,11,05/06/2013,1,02,5,1, , , , , , , ,1, ,9109,0
00,1024,1,11A232,05,41340,2,1,0,04,-,1,3,1,15,30/01/2009,1,03,3,1,6,06, , , , , ,1, ,9109,0
00,1024,1,11A232,05,41340,4,1,0,01,-,1,1,1,40,24/10/1984,1,08,3,2,6,01,1,2,3,2,010000,1,1,9109,9306
00,1024,1,11A232,05,41340,3,1,0,02,-,1,6,1,57,31/01/1967,1,02,3,2,6,01,1,3,3,1,001000,1, ,9109,0
00,1024,1,11A232,05,41340,1,1,0,03,-,1,4,1,80,16/08/1944,1,99, ,2,2,08, , , , , ,1,1,9109,27918
00,1024,1,11A232,05,41340,1,1,0,04,-,1,3,1,16,12/08/2008,1,06,2,1,6,06, , , , , ,1, ,9109,0
00,1024,1,11A232,05,41340,3,1,0,01,-,1,1,1,63,12/01/1961,1,02,3,2,6,01,1,3,3,1,003500,1, ,9109,0
00,1024,1,11A232,05,41340,3,1,0,07,-,1,7,2,06,31/03/2018,2,01,3,1, , , , , , , ,1, ,9109,0
00,1024,1,11A232,05,41340,2,1,0,01,-,1,1,2,44,18/12/1979,1,03,3,2,6,01,4,5,3,1,002200,1, ,9109,0
00,1024,1,11A232,05,41340,1,1,0,01,-,1,1,2,37,27/12/1986,1,04,2,2,1,01,4,4,3,2,002000,1, ,9109,0
00,1024,1,11A232,05,41340,1,1,0,06,-,1,3,1,10,29/06/2014,1,02,4,1, , , , , , , ,1, ,9109,0
00,1024,1,11A232,05,41340,3,1,0,08,-,1,7,1,05,21/06/2019,2,01,2,1, , , , , , , ,1, ,9109,0
00,1024,1,11A232,05,41340,3,1,0,09,-,1,7,1,99, , , , , , , , , , , , ,1, ,9109,0
00,1024,1,11A232,05,41340,2,1,0,02,-,1,3,1,21,05/04/2003,1,06,3,2,6,01,1,3,3,1,003000,1,1,9109,27918
00,1024,1,11A232,05,41340,2,1,0,03,-,1,3,2,18,15/02/2006,1,04,3,2,6,07, , , , , ,1, ,9109,0
00,1024,1,11A232,05,41340,1,1,0,02,-,1,2,1,45,07/11/1979,1,03,3,2,1,01,5,6,2,1,002000,1, ,9109,0
00,1024,1,11A232,05,41340,3,1,0,03,-,1,7,1,24,31/03/2000,1,03,3,2,1,01,7,2,3,1,002100,1, ,9109,0
00,1024,1,12A232,05,41347,3,1,0,02,-,1,3,1,27,22/10/1997,1,07,4,2,6,03,4,5,3,1,002250,1, ,8625,0
00,1024,1,12A232,05,41347,4,1,0,01,-,1,1,2,65,30/06/1959,1,06,3,2,4,01,4,4,2,1,001000,1,1,8625,17733
00,1024,1,12A232,05,41347,1,1,0,02,-,1,6,2,79,07/06/1945,1,08,2,2,6,08, , , , , ,1,1,8625,17733
00,1024,1,12A232,05,41347,1,1,0,01,-,1,1,2,91,12/12/1932,1,07,4,2,3,08, , , , , ,1, ,8625,0
00,1024,1,12A232,05,41347,2,1,0,03,-,1,3,2,04,27/05/2020, , , , , , , , , , , ,1, ,8625,0
00,1024,1,12A232,05,41347,2,1,0,04,-,1,3,2,03,12/07/2021, , , , , , , , , , , ,1, ,8625,0
00,1024,1,12A232,05,41347,3,1,0,03,-,1,3,2,24,14/09/2000,1,04,2,2,6,01,4,5,3,1,002250,1, ,8625,0
00,1024,1,12A232,05,41347,2,1,0,01,-,1,1,2,41,04/02/1983,1,07,5,2,1,01,1,5,2,3,016000,1,1,8625,8867
00,1024,1,12A232,05,41347,3,1,0,01,-,1,1,2,56,25/10/1968,1,07,4,2,2,01,4,5,3,1,002250,1, ,8625,0
00,1024,1,12A232,05,41347,2,1,0,02,-,1,3,1,16,28/04/2008,1,04,1,1,6,06, , , , , ,1, ,8625,0
00,1024,1,12A232,05,41347,3,1,0,04,-,1,3,2,21,05/11/2003,1,07,1,1,6,06, , , , , ,1,1,8625,35467
00,1024,1,12A232,05,41347,4,1,0,02,-,1,3,1,40,06/12/1983,1,07,4,2,2,01,1,5,2,1,002000,1, ,8625,0
00,1024,1,12A232,05,41351,2,1,0,03,-,1,3,1,28,25/12/1995,1,04,2,2,6,01,7,2,3,1,001500,1, ,7835,0
00,1024,1,12A232,05,41351,4,1,0,05,-,1,5,1,03,09/04/2021, , , , , , , , , , , ,1, ,7835,0
00,1024,1,12A232,05,41351,4,1,0,02,-,1,2,2,64,12/07/1960,1,01,9,2,5,02,4,4,6,5, ,1, ,7835,0
00,1024,1,12A232,05,41351,4,1,0,03,-,1,5,2,27,18/10/1997,1,04,3,2,2,07, , , , , ,1, ,7835,0
00,1024,1,12A232,05,41351,2,1,0,01,-,1,1,1,54,03/02/1970,1,04,2,2,5,01,5,5,3,2,013000,1, ,7835,0
00,1024,1,12A232,05,41351,3,1,0,03,-,1,3,2,03,07/06/2021, , , , , , , , , , , ,1, ,7835,0
00,1024,1,12A232,05,41351,3,1,0,02,-,1,2,2,40,24/05/1984,1,07,5,2,5,07, , , , , ,1, ,7835,0
00,1024,1,12A232,05,41351,3,1,0,01,-,1,1,1,43,01/01/1981,1,07,5,2,5,01,4,2,3,2,010000,1,1,7835,16109
00,1024,1,12A232,05,41351,4,1,0,06,-,1,5,1,99, , , , , , , , , , , , ,1, ,7835,0
00,1024,1,12A232,05,41351,2,1,0,02,-,1,2,2,49,19/11/1974,1,06,2,2,5,01,4,4,1,1,001200,1, ,7835,0
00,1024,1,12A232,05,41351,2,1,0,04,-,1,3,1,27,28/07/1997,1,04,3,1,6,01,7,2,3,1,002000,1,1,7835,32218
00,1024,1,12A232,05,41351,4,1,0,01,-,1,1,1,69,10/01/1955,2,02,2,2,5,01,4,4,2,1,008000,1,1,7835,24163
00,1024,1,12A232,05,41351,4,1,0,04,-,1,5,1,05,06/08/2019,2,01,2,1, , , , , , , ,1, ,7835,0
00,1024,1,12A232,05,41353,3,1,0,01,-,1,1,2,35,27/05/1989,1,08,1,1,5,01,1,5,3,3,005000,1,1,8240,8471
00,1024,1,12A232,05,41353,2,1,0,03,-,1,5,1,15,09/10/2009,1,03,3,1,6,06, , , , , ,1, ,8240,0
00,1024,1,12A232,05,41353,4,1,0,01,-,1,1,2,57,22/03/1967,1,07,4,2,4,08, , , , , ,1,1,8240,8471
00,1024,1,12A232,05,41353,2,1,0,02,-,1,2,2,64,24/10/1960,1,03,3,2,5,07, , , , , ,1, ,8240,0
00,1024,1,12A232,05,41353,1,1,0,07,-,1,5,2,06,24/10/2018,1,02,1,1, , , , , , , ,1, ,8240,0
00,1024,1,12A232,05,41353,1,1,0,01,-,1,1,1,52,26/07/1972,1,03,3,2,5,01,7,2,3,1,001500,1, ,8240,0
00,1024,1,12A232,05,41353,3,1,0,02,-,1,3,2,17,01/06/2007,1,07,1,1,6,06, , , , , ,1, ,8240,0
00,1024,1,12A232,05,41353,1,1,0,06,-,1,5,2,07,08/11/2017,1,02,2,1, , , , , , , ,1, ,8240,0
00,1024,1,12A232,05,41353,1,1,0,02,-,1,2,2,45,03/12/1978,1,02,6,2,5,07, , , , , ,1, ,8240,0
00,1024,1,12A232,05,41353,3,1,0,03,-,1,3,2,13,16/02/2011,1,03,1,1,6,06, , , , , ,1, ,8240,0
00,1024,1,12A232,05,41353,3,1,0,04,-,1,3,1,05,18/06/2019,2,01,1,1, , , , , , , ,1, ,8240,0
00,1024,1,12A232,05,41353,2,1,0,01,-,1,1,1,66,19/10/1958,1,07,4,2,5,01,1,3,3,2,010000,1,1,8240,16942
00,1024,1,12A232,05,41353,1,1,0,05,-,1,3,1,17,13/11/2007,1,04,2,1,6,06, , , , , ,1, ,8240,0
00,1024,1,12A232,05,41353,1,1,0,03,-,1,3,2,26,21/07/1998,1,03,3,2,6,01,7,2,3,1,001500,1,1,8240,33884
00,1024,1,12A232,05,41353,1,1,0,04,-,1,3,2,20,01/03/2004,1,04,2,2,6,01,7,2,3,1,001500,1, ,8240,0
00,1024,1,11A232,06,40086,2,1,0,04,-,1,3,1,17,12/12/2006,1,04,3,2,6,01,5,5,3,1,001000,1, ,9080,0
00,1024,1,11A232,06,40086,1,1,0,01,-,1,1,1,52,12/08/1972,1,03,3,2,5,01,5,3,3,1,002500,1,1,9080,18552
00,1024,1,11A232,06,40086,4,1,0,01,-,1,1,2,72,30/03/1952,2,00, ,2,6,07, , , , , ,1,1,9080,18552
00,1024,1,11A232,06,40086,3,1,0,01,-,1,1,1,50,15/02/1974,1,02,6,2,5,01,3,5,3,2,003000,1,1,9080,18552
00,1024,1,11A232,06,40086,3,1,0,02,-,1,2,2,47,19/11/1976,1,02,6,2,5,01,5,5,2,1,004000,1, ,9080,0
00,1024,1,11A232,06,40086,4,1,0,02,-,1,3,1,48,20/10/1976,1,02,6,2,6,10, , , , , ,1, ,9080,0
00,1024,1,11A232,06,40086,2,1,0,01,-,1,1,1,47,13/02/1977,1,07,4,2,1,01,5,5,2,1,000200,1,1,9080,27829
00,1024,1,11A232,06,40086,2,1,0,03,-,1,3,1,19,18/09/2005,1,07,2,1,6,06, , , , , ,1, ,9080,0
00,1024,1,11A232,06,40086,1,1,0,02,-,1,2,2,52,02/05/1972,1,04,3,2,5,01,5,5,3,2,003000,1, ,9080,0
00,1024,1,11A232,06,40086,2,1,0,02,-,1,2,2,38,10/06/1986,1,03,3,2,1,01,4,4,3,1,001500,1, ,9080,0
00,1024,1,11A232,06,40091,1,1,0,03,-,1,3,1,18,12/09/2006,1,07,1,2,6,01,5,5,3,1,001500,1, ,8249,0
00,1024,1,11A232,06,40091,1,1,0,02,-,1,2,2,34,03/07/1990,1,03,3,2,1,01,4,4,3,1,001700,1, ,8249,0
00,1024,1,11A232,06,40091,1,1,0,05,-,1,3,1,11,19/08/2013,1,02,6,1, , , , , , , ,1, ,8249,0
00,1024,1,11A232,06,40091,3,1,0,02,-,1,2,2,61,07/01/1963,1,06,2,2,5,01,4,4,3,1,000600,1, ,8249,0
00,1024,1,11A232,06,40091,2,1,0,01,-,1,1,1,53,14/04/1971,1,03,3,2,6,01,5,5,3,1,002000,1,1,8249,8428
00,1024,1,11A232,06,40091,3,1,0,01,-,1,1,1,54,04/11/1970,1,04,1,2,5,01,5,5,3,1,002000,1,1,8249,25284
00,1024,1,11A232,06,40091,4,1,0,01,-,1,1,2,82,13/07/1942,1,02,6,2,4,08, , , , , ,1,1,8249,8428
00,1024,1,11A232,06,40091,1,1,0,01,-,1,1,1,59,28/08/1965,1,03,3,2,1,01,4,5,2,1,002000,1,1,8249,25284
00,1024,1,11A232,06,40091,1,1,0,06,-,1,3,2,05,13/10/2019,2,01,2,1, , , , , , , ,1, ,8249,0
00,1024,1,11A232,06,40091,3,1,0,03,-,1,3,1,25,29/12/1998,1,03,3,2,6,01,4,4,3,1,000600,1, ,8249,0
00,1024,1,11A232,06,40091,1,1,0,04,-,1,3,1,16,15/10/2008,1,04,3,1,6,06, , , , , ,1, ,8249,0
00,1024,1,11A232,06,40095,2,1,0,02,-,1,2,1,27,10/12/1996,1,04,3,2,1,01,4,4,2,3,016000,1,1,8774,17929
00,1024,1,11A232,06,40095,3,1,0,02,-,1,5,2,17,08/10/2007,1,07,1,1,6,06, , , , , ,1, ,8774,0
00,1024,1,11A232,06,40095,4,1,0,01,-,1,1,2,76,15/05/1948,1,03,3,2,4,08, , , , , ,1,1,8774,8964
00,1024,1,11A232,06,40095,2,1,0,01,-,1,1,2,24,10/09/2000,1,03,3,2,1,01,5,6,3,1,002000,1, ,8774,0
00,1024,1,11A232,06,40095,3,1,0,01,-,1,1,2,64,12/09/1960,1,03,3,2,4,01,4,4,2,1,001200,1,1,8774,8964
00,1024,1,11A232,06,40098,3,1,0,06,-,1,7,1,09,14/10/2015,1,02,1,1, , , , , , , ,1, ,8615,0
00,1024,1,11A232,06,40098,3,1,0,04,-,1,3,2,26,26/05/1998,1,03,3,2,1,07, , , , , ,1, ,8615,0
00,1024,1,11A232,06,40098,1,1,0,02,-,1,2,2,43,01/12/1980,1,03,3,2,5,07, , , , , ,1, ,8615,0
00,1024,1,11A232,06,40098,1,1,0,05,-,1,3,1,05,17/10/2019,1,01,3,1, , , , , , , ,1, ,8615,0
00,1024,1,11A232,06,40098,3,1,0,01,-,1,1,2,49,18/10/1975,1,02,6,2,1,07, , , , , ,1,1,8615,52808
00,1024,1,11A232,06,40098,3,1,0,02,-,1,2,1,28,22/10/1996,1,04,3,2,2,01,4,4,3,1,002000,1, ,8615,0
00,1024,1,11A232,06,40098,3,1,0,08,-,1,7,1,04,20/07/2020, , , , , , , , , , , ,1, ,8615,0
00,1024,1,11A232,06,40098,3,1,0,03,-,1,2,1,32,23/02/1992,1,07,4,2,1,01,4,5,3,1,001500,1, ,8615,0
00,1024,1,11A232,06,40098,1,1,0,01,-,1,1,1,40,11/04/1984,1,03,3,2,5,01,5,3,3,1,002000,1,1,8615,26404
00,1024,1,11A232,06,40098,3,1,0,05,-,1,3,2,18,16/10/2006,1,04,3,1,6,06, , , , , ,1, ,8615,0
00,1024,1,11A232,06,40098,2,1,0,01,-,1,1,1,67,12/01/1957,1,02,6,2,3,08, , , , , ,1,1,8615,8801
00,1024,1,11A232,06,40098,3,1,0,07,-,1,3,2,33,09/10/1991,1,07,4,1,1,07, , , , , ,1, ,8615,0
00,1024,1,11A232,06,40098,1,1,0,04,-,1,3,1,13,01/10/2011,1,03,3,1,6,06, , , , , ,1, ,8615,0
00,1024,1,11A232,06,40098,1,1,0,03,-,1,3,2,22,05/10/2002,1,07,1,1,6,06, , , , , ,1, ,8615,0
00,1024,1,12A232,06,40117,2,1,0,04,-,1,2,1,72,01/10/1952,1,07,5,2,5,01,4,4,3,1,003000,1,1,8296,34113
00,1024,1,12A232,06,40117,2,1,0,05,-,1,5,2,03,21/04/2021, , , , , , , , , , , ,1, ,8296,0
00,1024,1,12A232,06,40117,3,1,0,02,-,1,3,1,09,28/10/2015,1,02,4,1, , , , , , , ,1, ,8296,0
00,1024,1,12A232,06,40117,4,1,0,02,-,1,3,1,26,08/07/1998,1,04,3,2,6,04, , , , , ,1,1,8296,17056
00,1024,1,12A232,06,40117,1,1,0,01,-,1,1,2,61,14/05/1963,1,07,4,2,4,08, , , , , ,1,1,8296,8528
00,1024,1,12A232,06,40117,2,1,0,02,-,1,3,2,43,14/03/1981,1,04,3,2,1,01,4,4,3,1,001500,1, ,8296,0
00,1024,1,12A232,06,40117,3,1,0,01,-,1,1,2,35,06/08/1989,1,04,3,2,2,01,3,5,3,2,003000,1,1,8296,8528
00,1024,1,12A232,06,40117,2,1,0,01,-,1,1,2,67,09/09/1957,1,03,3,2,2,01,4,4,2,1,002000,1, ,8296,0
00,1024,1,12A232,06,40117,2,1,0,03,-,1,5,1,43,13/03/1981,1,03,3,2,1,01,4,4,3,1,003000,1, ,8296,0
00,1024,1,12A232,06,40117,4,1,0,01,-,1,1,2,62,11/04/1962,1,04,2,2,4,04, , , , , ,1, ,8296,0
00,1024,1,12A232,06,40121,1,1,0,02,-,1,2,2,66,02/09/1958,1,06,2,2,5,08, , , , , ,1,1,7437,15292
00,1024,1,12A232,06,40121,2,1,0,03,-,1,3,2,17,08/05/2007,1,04,3,1,6,06, , , , , ,1, ,7437,0
00,1024,1,12A232,06,40121,3,1,0,05,-,1,5,1,06,25/09/2018,2,02,1,1, , , , , , , ,1, ,7437,0
00,1024,1,12A232,06,40121,2,1,0,02,-,1,3,2,14,04/06/2010,1,02,2,1,6,06, , , , , ,1, ,7437,0
00,1024,1,12A232,06,40121,2,1,0,01,-,1,1,2,41,16/08/1983,1,03,3,2,5,01,5,5,3,1,001200,1, ,7437,0
00,1024,1,12A232,06,40121,4,1,0,04,-,1,3,2,25,10/10/1999,1,07,4,2,6,01,5,5,3,1,002000,1, ,7437,0
00,1024,1,12A232,06,40121,1,1,0,01,-,1,1,1,68,28/04/1956,1,07,4,2,5,08, , , , , ,1, ,7437,0
00,1024,1,12A232,06,40121,4,1,0,01,-,1,1,1,60,09/02/1964,1,04,3,2,1,01,5,7,3,3,004000,1,1,7437,38230
00,1024,1,12A232,06,40121,4,1,0,03,-,1,7,2,64,18/07/1960,1,02,6,2,6,01,5,5,2,1,001300,1, ,7437,0
00,1024,1,12A232,06,40121,2,1,0,06,-,1,2,1,38,21/10/1986,1,04,3,2,5,01,5,5,3,1,002000,1,1,7437,30584
00,1024,1,12A232,06,40121,3,1,0,04,-,1,3,2,07,25/07/2017,1,02,2,1, , , , , , , ,1, ,7437,0
00,1024,1,12A232,06,40121,4,1,0,02,-,1,2,2,54,11/11/1969,1,02,6,2,1,01,5,7,3,3,004000,1, ,7437,0
00,1024,1,12A232,06,40121,3,1,0,01,-,1,1,2,55,11/10/1969,1,03,3,2,4,07, , , , , ,1, ,7437,0
00,1024,1,12A232,06,40121,4,1,0,05,-,1,3,1,19,07/02/2005,1,04,2,2,6,01,5,4,3,1,002000,1, ,7437,0
00,1024,1,12A232,06,40121,3,1,0,02,-,1,3,2,28,22/03/1996,1,03,3,2,6,07, , , , , ,1,1,7437,22938
00,1024,1,12A232,06,40121,3,1,0,03,-,1,5,2,80,27/06/1944,2,00, ,2,6,09, , , , , ,1, ,7437,0
00,1024,1,12A232,06,40121,2,1,0,04,-,1,4,1,73,07/06/1951,1,03,3,2,5,08, , , , , ,1, ,7437,0
00,1024,1,12A232,06,40121,2,1,0,05,-,1,4,2,71,27/10/1953,1,02,6,2,5,07, , , , , ,1, ,7437,0
00,1024,1,12A232,06,40124,2,1,0,01,-,1,1,1,62,02/04/1962,1,02,5,2,6,01,5,5,3,1,002000,1,1,8981,9232
00,1024,1,12A232,06,40124,1,1,0,01,-,1,1,1,60,07/04/1964,1,04,3,2,5,01,5,5,3,1,002000,1, ,8981,0
00,1024,1,12A232,06,40124,3,1,0,02,-,1,3,2,06,26/06/2018,1,02,1,1, , , , , , , ,1, ,8981,0
00,1024,1,12A232,06,40124,1,1,0,02,-,1,2,2,58,26/09/1966,1,04,3,2,5,01,4,4,3,1,002000,1, ,8981,0
00,1024,1,12A232,06,40124,4,1,0,02,-,1,2,2,64,25/06/1960,1,02,6,2,5,07, , , , , ,1, ,8981,0
00,1024,1,12A232,06,40124,1,1,0,03,-,1,3,2,17,22/09/2007,1,04,3,1,6,06, , , , , ,1, ,8981,0
00,1024,1,12A232,06,40124,1,1,0,04,-,1,3,1,26,13/08/1998,1,04,3,2,6,01,4,5,3,1,002000,1, ,8981,0
00,1024,1,12A232,06,40124,3,1,0,01,-,1,1,2,45,03/11/1979,1,08,2,2,6,01,3,5,3,2,008000,1,1,8981,9232
00,1024,1,12A232,06,40124,1,1,0,05,-,1,3,1,30,12/04/1994,1,04,3,2,6,01,4,5,3,2,003500,1,1,8981,36930
00,1024,1,12A232,06,40124,4,1,0,01,-,1,1,1,65,25/07/1959,1,03,3,2,5,08, , , , , ,1,1,8981,18465
00,1024,1,12A232,06,40137,2,1,0,03,-,1,3,2,21,04/09/2003,1,07,1,1,6,06, , , , , ,1, ,8296,0
00,1024,1,12A232,06,40137,3,1,0,02,-,1,6,1,31,15/04/1993,1,02,6,2,6,01,5,5,2,1,003000,1,1,8296,17056
00,1024,1,12A232,06,40137,3,1,0,01,-,1,1,2,26,03/02/1998,1,03,2,2,6,01,5,5,3,1,001800,1, ,8296,0
00,1024,1,12A232,06,40137,2,1,0,01,-,1,1,2,39,19/05/1985,1,03,3,2,1,01,3,5,3,2,004800,1,1,8296,25585
00,1024,1,12A232,06,40137,2,1,0,04,-,1,3,1,15,29/10/2009,1,03,3,1,6,06, , , , , ,1, ,8296,0
00,1024,1,12A232,06,40137,4,1,0,02,-,1,2,2,58,09/02/1966,1,03,3,2,5,07, , , , , ,1, ,8296,0
00,1024,1,12A232,06,40137,4,1,0,01,-,1,1,1,59,12/11/1964,1,07,1,2,5,01,4,5,2,1,003000,1,1,8296,17056
00,1024,1,12A232,06,40137,2,1,0,02,-,1,2,1,43,14/09/1981,1,06,3,2,1,01,5,5,3,1,002000,1, ,8296,0
00,1024,1,12A232,06,40137,2,1,0,05,-,1,3,1,11,19/04/2013,1,02,5,1, , , , , , , ,1, ,8296,0
00,1024,1,12A232,06,40138,3,1,0,03,-,1,3,2,19,12/09/2005,1,04,3,1,6,01,5,5,3,1,001200,1, ,7772,0
00,1024,1,12A232,06,40138,2,1,0,01,-,1,1,1,21,02/01/2003,1,07,3,1,6,01,5,5,2,1,002500,1,1,7772,7990
00,1024,1,12A232,06,40138,3,1,0,02,-,1,3,2,20,18/11/2003,1,04,3,1,6,01,4,5,3,1,001500,1, ,7772,0
00,1024,1,12A232,06,40138,3,1,0,04,-,1,5,1,03,30/06/2021, , , , , , , , , , , ,1, ,7772,0
00,1024,1,12A232,06,40138,4,1,0,01,-,1,1,1,41,25/07/1983,1,07,4,1,6,08, , , , , ,1, ,7772,0
00,1024,1,12A232,06,40138,3,1,0,01,-,1,1,2,52,01/06/1972,1,02,4,2,4,07, , , , , ,1,1,7772,23969
00,1024,1,12A232,06,40138,4,1,0,03,-,1,4,2,66,02/08/1958,1,07,4,2,4,07, , , , , ,1, ,7772,0
00,1024,1,12A232,06,40138,1,1,0,01,-,1,1,2,59,03/10/1965,1,03,3,2,3,01,3,5,3,2,004100,1,1,7772,7990
00,1024,1,12A232,06,40138,4,1,0,02,-,1,6,1,39,12/06/1985,1,07,4,2,6,01,4,4,2,1,003000,1,1,7772,23969
00,1024,1,13A232,06,40156,3,1,0,02,-,1,3,2,24,24/05/2000,1,07,5,2,6,01,6,1,3,3,015000,1, ,14214,0
00,1024,1,13A232,06,40156,1,1,0,04,-,1,5,2,21,08/04/2003,1,04,4,1,6,06, , , , , ,1,1,14214,45392
00,1024,1,13A232,06,40156,1,1,0,03,-,1,5,1,16,10/01/2008,1,04,1,1,6,06, , , , , ,1, ,14214,0
00,1024,1,13A232,06,40156,1,1,0,05,-,1,5,2,16,10/01/2008,1,04,2,1,6,06, , , , , ,1, ,14214,0
00,1024,1,13A232,06,40156,3,1,0,01,-,1,1,2,54,16/07/1970,1,04,3,2,3,01,4,4,2,1,010000,1,1,14214,30262
00,1024,1,13A232,06,40156,1,1,0,02,-,1,3,2,44,24/10/1980,1,07,4,1,6,01,1,5,2,3,010000,1, ,14214,0
00,1024,1,13A232,06,40156,1,1,0,01,-,1,1,2,80,17/12/1943,1,03,3,2,4,08, , , , , ,1, ,14214,0
00,1024,1,13A232,06,40163,3,1,0,02,-,1,2,2,56,14/10/1968,1,04,3,2,5,07, , , , , ,1, ,10860,0
00,1024,1,13A232,06,40163,2,1,0,03,-,1,8,1,32,20/07/1992,1,07,4,2,6,01,5,5,3,1,003000,1, ,10860,0
00,1024,1,13A232,06,40163,1,1,0,02,-,1,2,2,55,11/08/1969,1,03,3,2,5,01,4,4,3,1,001700,1, ,10860,0
00,1024,1,13A232,06,40163,2,1,0,01,-,1,1,1,30,08/06/1994,1,04,3,2,6,01,3,5,3,2,006000,1,1,10860,34683
00,1024,1,13A232,06,40163,2,1,0,02,-,1,8,1,29,11/09/1995,1,04,3,2,6,01,4,5,1,1,002000,1, ,10860,0
00,1024,1,13A232,06,40163,4,1,0,03,-,1,4,1,45,16/10/1979,1,04,3,2,3,01,3,5,2,2,004000,1, ,10860,0
00,1024,1,13A232,06,40163,1,1,0,01,-,1,1,1,55,12/08/1969,1,04,3,1,5,07, , , , , ,1,1,10860,34683
00,1024,1,13A232,06,40163,4,1,0,02,-,1,6,1,18,16/10/2006,1,04,2,1,6,06, , , , , ,1, ,10860,0
00,1024,1,13A232,06,40163,1,1,0,03,-,1,3,2,21,14/10/2003,1,07,2,1,6,06, , , , , ,1, ,10860,0
00,1024,1,13A232,06,40163,3,1,0,01,-,1,1,1,62,14/07/1962,1,07,5,2,5,01,5,5,2,1,004000,1,1,10860,23122
00,1024,1,13A232,06,40163,4,1,0,01,-,1,1,1,20,18/10/2004,1,04,3,1,6,06, , , , , ,1,1,10860,34683
00,1024,1,13A232,06,40167,4,1,0,02,-,1,3,1,13,11/10/2011,1,03,1,1,6,06, , , , , ,1, ,11974,0
00,1024,1,13A232,06,40167,1,1,0,03,-,1,3,1,14,07/12/2009,1,03,3,1,6,06, , , , , ,1, ,11974,0
00,1024,1,13A232,06,40167,1,1,0,05,-,1,6,1,23,03/01/2001,1,07,4,2,6,02,4,4,6,5, ,1,1,11974,38240
00,1024,1,13A232,06,40167,4,1,0,03,-,1,2,2,34,11/08/1990,1,06,3,2,5,01,5,5,3,1,001500,1,1,11974,25493
00,1024,1,13A232,06,40167,3,1,0,04,-,1,3,1,10,04/01/2014,1,02,4,1, , , , , , , ,1, ,11974,0
00,1024,1,13A232,06,40167,1,1,0,04,-,1,3,2,07,25/12/2016,1,02,2,1, , , , , , , ,1, ,11974,0
00,1024,1,13A232,06,40167,1,1,0,01,-,1,1,2,33,13/08/1991,1,03,3,2,6,01,4,4,2,2,002500,1, ,11974,0
00,1024,1,13A232,06,40167,4,1,0,01,-,1,1,1,32,05/10/1992,1,07,4,2,5,01,5,5,3,1,002000,1, ,11974,0
00,1024,1,13A232,06,40167,3,1,0,03,-,1,3,1,03,14/03/2021, , , , , , , , , , , ,1, ,11974,0
00,1024,1,13A232,06,40167,3,1,0,02,-,1,2,2,40,04/02/1984,1,07,4,2,5,07, , , , , ,1,1,11974,25493
00,1024,1,13A232,06,40167,2,1,0,03,-,1,3,1,07,02/05/2017,1,02,1,1, , , , , , , ,1, ,11974,0
00,1024,1,13A232,06,40167,2,1,0,01,-,1,1,1,33,19/08/1991,1,07,5,1,1,01,3,2,3,2,005000,1, ,11974,0
00,1024,1,13A232,06,40167,2,1,0,02,-,1,2,2,39,30/11/1984,1,07,4,2,1,01,1,5,2,1,005500,1,1,11974,25493
00,1024,1,13A232,06,40167,1,1,0,02,-,1,6,2,21,14/08/2003,1,07,1,1,6,06, , , , , ,1, ,11974,0
00,1024,1,13A232,06,40167,3,1,0,01,-,1,1,1,36,04/01/1988,1,07,5,2,5,01,1,2,3,2,003000,1, ,11974,0
00,1024,1,11A232,07,40094,3,1,0,03,-,1,7,1,68,13/05/1956,1,02,2,2,4,01,4,4,2,1,003000,1,1,5560,16681
00,1024,1,11A232,07,40094,3,1,0,02,-,1,7,1,43,30/07/1981,1,03,2,2,5,01,3,3,3,1,002500,1, ,5560,0
00,1024,1,11A232,07,40094,2,1,0,01,-,1,1,1,61,23/01/1963,1,03,3,2,4,01,5,5,3,2,003500,1, ,5560,0
00,1024,1,11A232,07,40094,4,1,0,03,-,1,3,1,16,16/04/2008,1,04,1,1,6,06, , , , , ,1, ,5560,0
00,1024,1,11A232,07,40094,2,1,0,03,-,1,3,1,03,29/06/2021, , , , , , , , , , , ,1, ,5560,0
00,1024,1,11A232,07,40094,1,1,0,01,-,1,1,2,44,15/12/1979,1,04,3,2,5,09, , , , , ,1, ,5560,0
00,1024,1,11A232,07,40094,4,1,0,02,-,1,3,1,22,17/05/2002,1,04,3,2,6,01,5,7,3,3,009999,1,1,5560,16681
00,1024,1,11A232,07,40094,1,1,0,03,-,1,3,1,12,25/06/2012,1,02,1,1,6,06, , , , , ,1, ,5560,0
00,1024,1,11A232,07,40094,2,1,0,02,-,1,4,2,94,27/04/1930,1,02,4,2,4,07, , , , , ,1,1,5560,11121
00,1024,1,11A232,07,40094,4,1,0,04,-,1,2,1,98, ,1,03,3,2,5,01,4,4,1,1,009999,1, ,5560,0
00,1024,1,11A232,07,40094,4,1,0,01,-,1,1,2,48,12/03/1976,2,02,5,2,5,07, , , , , ,1, ,5560,0
00,1024,1,11A232,07,40094,1,1,0,02,-,1,3,1,23,20/07/2001,1,04,6,1,6,06, , , , , ,1,1,5560,11121
00,1024,1,11A232,07,40094,3,1,0,01,-,1,1,1,47,27/07/1977,1,02,6,2,1,01,4,4,2,1,002000,1, ,5560,0
00,1024,1,11A232,07,40099,3,1,0,05,-,1,6,2,98, ,1,03,1,2,1,01,4,4,2,1,001200,1, ,11626,0
00,1024,1,11A232,07,40099,4,1,0,06,-,1,4,2,21,09/11/2002,1,03,3,2,1,07, , , , , ,1, ,11626,0
00,1024,1,11A232,07,40099,4,1,0,01,-,1,1,2,98, ,1,03,3,2,5,01,5,5,4,1,000300,1, ,11626,0
00,1024,1,11A232,07,40099,1,1,0,01,-,1,1,1,86,25/07/1938,1,02,2,2,5,08, , , , , ,1, ,11626,0
00,1024,1,11A232,07,40099,4,1,0,07,-,1,5,1,00,06/11/2023, , , , , , , , , , , ,1, ,11626,0
00,1024,1,11A232,07,40099,4,1,0,04,-,1,3,1,20,15/12/2003,1,07,2,1,6,06, , , , , ,1, ,11626,0
00,1024,1,11A232,07,40099,4,1,0,02,-,1,2,1,98, ,1,99, ,2,5,01,4,4,3,2,004000,1, ,11626,0
00,1024,1,11A232,07,40099,2,1,0,03,-,1,3,1,32,23/04/1992,1,04,3,2,6,01,5,5,3,1,001300,1, ,11626,0
00,1024,1,11A232,07,40099,4,1,0,03,-,1,3,1,24,12/02/2000,1,03,3,2,6,01,4,4,3,2,003900,1,1,11626,71267
00,1024,1,11A232,07,40099,2,1,0,02,-,1,2,1,64,17/04/1960,1,99, ,2,1,01,5,5,2,1,009999,1,1,11626,35633
00,1024,1,11A232,07,40099,2,1,0,01,-,1,1,2,49,19/04/1975,1,06,4,2,1,01,5,5,2,1,000400,1, ,11626,0
00,1024,1,11A232,07,40099,1,1,0,02,-,1,2,2,74,18/10/1950,1,02,2,2,5,07, , , , , ,1,1,11626,23756
00,1024,1,11A232,07,40099,3,1,0,04,-,1,5,1,10,02/02/2014,1,02,4,1, , , , , , , ,1, ,11626,0
00,1024,1,11A232,07,40099,3,1,0,03,-,1,2,1,98, ,1,04,3,2,1,01,1,5,3,2,005000,1, ,11626,0
00,1024,1,11A232,07,40099,3,1,0,02,-,1,3,1,29,03/06/1995,1,04,3,2,6,01,3,5,3,2,004000,1,1,11626,47511
00,1024,1,11A232,07,40099,3,1,0,01,-,1,1,2,51,08/11/1972,1,03,2,2,1,07, , , , , ,1, ,11626,0
00,1024,1,11A232,07,40099,4,1,0,05,-,1,3,1,23,20/03/2001,1,04,3,2,1,01,3,6,3,1,001900,1, ,11626,0
00,1024,1,11A232,07,40107,2,1,0,03,-,1,3,2,19,03/11/2004,1,07,2,1,6,06, , , , , ,1, ,7364,0
00,1024,1,11A232,07,40107,1,1,0,04,-,1,3,1,98, ,1,99, ,2,1,01,4,4,2,1,000999,1, ,7364,0
00,1024,1,11A232,07,40107,2,1,0,04,-,1,2,1,11,26/09/2013,1,02,5,1, , , , , , , ,1, ,7364,0
00,1024,1,11A232,07,40107,3,1,0,02,-,1,4,2,48,24/10/1976,1,02,3,2,6,01,4,4,3,2,001000,1, ,7364,0
00,1024,1,11A232,07,40107,2,1,0,02,-,1,2,2,43,01/06/1981,1,04,2,2,5,01,4,4,2,1,009999,1, ,7364,0
00,1024,1,11A232,07,40107,1,1,0,05,-,1,5,2,99, , , , , , , , , , , , ,1, ,7364,0
00,1024,1,11A232,07,40107,1,1,0,02,-,1,3,1,22,27/04/2002,1,03,3,2,6,01,4,4,3,1,001400,1,1,7364,30095
00,1024,1,11A232,07,40107,4,1,0,01,-,1,1,2,46,28/01/1978,1,02,6,2,4,07, , , , , ,1,1,7364,7524
00,1024,1,11A232,07,40107,1,1,0,03,-,1,3,2,98, ,1,03,3,2,1,07, , , , , ,1, ,7364,0
00,1024,1,11A232,07,40107,2,1,0,01,-,1,1,1,45,13/03/1979,1,07,1,2,5,01,5,5,2,1,009999,1,1,7364,22571
00,1024,1,11A232,07,40107,3,1,0,01,-,1,1,1,24,17/07/2000,1,04,3,2,1,01,3,7,3,2,001500,1, ,7364,0
00,1024,1,11A232,07,40107,3,1,0,03,-,1,2,1,28,04/03/1996,1,03,3,2,1,01,5,6,2,1,006000,1,1,7364,22571
00,1024,1,11A232,07,40107,1,1,0,01,-,1,1,2,98, ,2,00, ,2,3,01,4,4,9,1,000999,1, ,7364,0
00,1024,1,11A232,07,40107,4,1,0,02,-,1,3,1,16,11/10/2008,1,04,2,1,6,01,4,5,3,1,000700,1, ,7364,0
00,1024,1,11A232,07,40110,2,1,0,03,-,1,3,2,22,16/01/2002,1,07,3,1,6,01,2,5,3,1,000300,1, ,9338,0
00,1024,1,11A232,07,40110,1,1,0,03,-,1,3,2,98, ,1,03,3,2,6,01,9,5,3,2,000999,1, ,9338,0
00,1024,1,11A232,07,40110,1,1,0,02,-,1,2,1,72,25/07/1952,1,02,1,2,5,01,7,5,2,1,001200,1,1,9338,38160
00,1024,1,11A232,07,40110,2,1,0,02,-,1,2,2,46,11/05/1978,1,03,2,2,5,01,5,5,3,1,001200,1, ,9338,0
00,1024,1,11A232,07,40110,2,1,0,04,-,1,3,1,19,05/02/2005,1,04,2,2,6,01,5,6,3,2,000999,1,1,9338,38160
00,1024,1,11A232,07,40110,3,1,0,01,-,1,1,1,20,03/03/2004,1,04,3,2,6,01,4,5,3,2,001500,1,1,9338,9540
00,1024,1,11A232,07,40110,1,1,0,04,-,1,3,2,98, ,1,04,3,2,3,01,3,4,3,1,000999,1, ,9338,0
00,1024,1,11A232,07,40110,4,1,0,03,-,1,3,2,22,04/04/2002,1,04,3,2,6,01,1,5,3,3,006900,1, ,9338,0
00,1024,1,11A232,07,40110,4,1,0,02,-,1,3,1,23,03/05/2001,1,04,3,2,6,01,7,9,3,1,001700,1, ,9338,0
00,1024,1,11A232,07,40110,1,1,0,05,-,1,5,2,16,16/12/2007,1,04,2,1,6,06, , , , , ,1, ,9338,0
00,1024,1,11A232,07,40110,2,1,0,01,-,1,1,1,49,18/05/1975,1,07,3,2,5,01,5,5,3,2,000999,1, ,9338,0
00,1024,1,11A232,07,40110,1,1,0,01,-,1,1,2,70,16/03/1954,1,99, ,2,5,07, , , , , ,1, ,9338,0
00,1024,1,11A232,07,40110,4,1,0,01,-,1,1,2,43,07/09/1981,1,99, ,2,6,01,7,9,3,1,017000,1,1,9338,28620
00,1024,1,11A232,07,40123,3,1,0,01,-,1,1,1,43,08/08/1981,1,04,3,2,1,01,4,4,1,1,001000,1,1,8774,35857
00,1024,1,11A232,07,40123,2,1,0,02,-,1,2,2,34,15/02/1990,1,08,2,2,5,01,3,4,3,2,009999,1, ,8774,0
00,1024,1,11A232,07,40123,1,1,0,03,-,1,3,2,05,07/01/2019,2,01,2,1, , , , , , , ,1, ,8774,0
00,1024,1,11A232,07,40123,3,1,0,02,-,1,3,1,20,28/07/2004,1,04,3,2,6,02,4,4,6,5, ,1, ,8774,0
00,1024,1,11A232,07,40123,1,1,0,04,-,1,3,1,00,18/03/2024, , , , , , , , , , , ,1, ,8774,0
00,1024,1,11A232,07,40123,2,1,0,01,-,1,1,1,34,16/10/1990,1,08,2,2,5,01,3,4,3,1,009999,1,1,8774,17929
00,1024,1,11A232,07,40123,4,1,0,01,-,1,1,1,38,28/01/1986,1,07,5,2,3,01,4,5,3,2,999999,1, ,8774,0
00,1024,1,11A232,07,40123,3,1,0,05,-,1,2,2,42,29/10/1982,1,03,3,2,1,01,4,4,1,1,001000,1, ,8774,0
00,1024,1,11A232,07,40123,3,1,0,03,-,1,3,2,18,24/03/2006,1,04,3,2,6,10, , , , , ,1, ,8774,0
00,1024,1,11A232,07,40123,4,1,0,03,-,1,3,1,16,04/11/2007,1,03,9,1,6,06, , , , , ,1, ,8774,0
00,1024,1,11A232,07,40123,3,1,0,04,-,1,3,2,16,23/07/2008,1,03,3,1,6,06, , , , , ,1, ,8774,0
00,1024,1,11A232,07,40123,1,1,0,01,-,1,1,1,36,21/12/1987,1,07,5,2,5,01,1,7,3,2,003000,1, ,8774,0
00,1024,1,11A232,07,40123,2,1,0,03,-,1,3,1,04,10/07/2020, , , , , , , , , , , ,1, ,8774,0
00,1024,1,11A232,07,40123,1,1,0,02,-,1,2,2,35,29/04/1989,1,07,4,2,5,01,1,7,3,2,003000,1,1,8774,17929
00,1024,1,11A232,07,40123,4,1,0,02,-,1,4,2,65,23/07/1959,1,01,3,2,3,09, , , , , ,1,1,8774,17929
00,1024,1,11A232,07,40125,1,1,0,03,-,1,2,1,69,27/09/1955,1,02,6,2,5,01,7,5,2,1,002000,1, ,5899,0
00,1024,1,11A232,07,40125,3,1,0,01,-,1,1,2,72,19/01/1952,1,02,6,2,4,01,5,5,3,1,000250,1, ,5899,0
00,1024,1,11A232,07,40125,2,1,0,02,-,1,2,2,70,23/04/1954,1,02,6,2,5,07, , , , , ,1, ,5899,0
00,1024,1,11A232,07,40125,4,1,0,03,-,1,3,2,13,25/05/2011,1,03,1,1,6,06, , , , , ,1, ,5899,0
00,1024,1,11A232,07,40125,2,1,0,01,-,1,1,1,64,16/01/1960,1,04,3,2,5,08, , , , , ,1,1,5899,12053
00,1024,1,11A232,07,40125,4,1,0,02,-,1,2,2,38,04/05/1986,1,07,4,2,5,01,5,5,3,2,000999,1,1,5899,12053
00,1024,1,11A232,07,40125,4,1,0,05,-,1,3,1,00,23/05/2024, , , , , , , , , , , ,1, ,5899,0
00,1024,1,11A232,07,40125,1,1,0,01,-,1,1,2,65,25/10/1959,1,02,6,2,5,07, , , , , ,1,1,5899,12053
00,1024,1,11A232,07,40125,1,1,0,02,-,1,3,1,15,16/04/2009,1,04,1,1,6,06, , , , , ,1, ,5899,0
00,1024,1,11A232,07,40125,4,1,0,01,-,1,1,1,39,29/09/1985,1,07,4,2,5,01,7,5,1,1,000999,1, ,5899,0
00,1024,1,11A232,07,40125,3,1,0,02,-,1,3,1,22,27/12/2001,1,04,3,2,6,01,5,5,3,1,000999,1,1,5899,12053
00,1024,1,11A232,07,40125,4,1,0,04,-,1,3,1,09,10/07/2015,1,02,3,1, , , , , , , ,1, ,5899,0
00,1024,1,11A232,07,40129,4,1,0,04,-,1,3,2,08,27/10/2016,1,01,3,1, , , , , , , ,1, ,8184,0
00,1024,1,11A232,07,40129,4,1,0,01,-,1,1,2,30,16/10/1994,1,04,3,2,5,07, , , , , ,1,1,8184,16723
00,1024,1,11A232,07,40129,4,1,0,02,-,1,2,1,45,21/01/1979,1,07,3,2,5,01,5,5,3,2,004000,1, ,8184,0
00,1024,1,11A232,07,40129,3,1,0,01,-,1,1,1,28,18/08/1996,1,07,5,2,1,01,3,6,2,1,009999,1,1,8184,16723
00,1024,1,11A232,07,40129,3,1,0,03,-,1,7,2,16,17/05/2008,1,04,2,1,6,06, , , , , ,1, ,8184,0
00,1024,1,11A232,07,40129,4,1,0,03,-,1,3,2,09,27/08/2015,1,01,3,1, , , , , , , ,1, ,8184,0
00,1024,1,11A232,07,40129,3,1,0,02,-,1,2,2,28,05/12/1995,1,07,4,2,1,01,3,7,9,1,009999,1, ,8184,0
00,1024,1,11A232,07,40129,4,1,0,05,-,1,3,1,12,10/09/2012,1,02,6,1,6,06, , , , , ,1, ,8184,0
00,1024,1,12A232,07,40136,1,1,0,01,-,1,1,1,58,22/09/1966,1,04,3,2,5,08, , , , , ,1,1,7657,15744
00,1024,1,12A232,07,40136,3,1,0,02,-,1,2,2,48,06/02/1976,1,06,3,2,5,07, , , , , ,1, ,7657,0
00,1024,1,12A232,07,40136,2,1,0,02,-,1,2,1,31,22/06/1993,1,07,4,2,1,01,5,5,3,1,004000,1,1,7657,15744
00,1024,1,12A232,07,40136,2,1,0,04,-,1,3,2,04,16/12/2019, , , , , , , , , , , ,1, ,7657,0
00,1024,1,12A232,07,40136,2,1,0,01,-,1,1,2,25,28/11/1998,1,07,2,1,1,07, , , , , ,1, ,7657,0
00,1024,1,12A232,07,40136,4,1,0,01,-,1,1,1,80,28/08/1944,1,02,6,2,4,01,4,4,2,1,000500,1,1,7657,7872
00,1024,1,12A232,07,40136,1,1,0,02,-,1,2,2,55,04/04/1969,1,03,3,2,5,07, , , , , ,1, ,7657,0
00,1024,1,12A232,07,40136,2,1,0,05,-,1,3,1,00,16/11/2023, , , , , , , , , , , ,1, ,7657,0
00,1024,1,12A232,07,40136,3,1,0,01,-,1,1,1,48,24/06/1976,1,03,3,2,5,01,1,6,2,1,005000,1,1,7657,23617
00,1024,1,12A232,07,40136,3,1,0,03,-,1,3,2,21,16/05/2003,1,04,3,2,6,01,3,7,3,2,007000,1, ,7657,0
00,1024,1,12A232,07,40136,2,1,0,03,-,1,3,2,08,16/08/2016,1,02,2,1, , , , , , , ,1, ,7657,0
00,1024,1,12A232,07,40142,2,1,0,03,-,1,3,1,30,27/07/1994,1,03,3,2,2,01,6,1,3,2,002100,1,1,8362,25789
00,1024,1,12A232,07,40142,2,1,0,02,-,1,2,2,57,30/01/1967,1,06,3,2,5,07, , , , , ,1, ,8362,0
00,1024,1,12A232,07,40142,2,1,0,01,-,1,1,1,65,05/09/1959,1,06,3,2,5,01,3,5,3,2,002100,1, ,8362,0
00,1024,1,12A232,07,40142,1,1,0,04,-,1,3,1,44,19/06/1980,1,03,3,2,6,05, , , , , ,1,1,8362,34386
00,1024,1,12A232,07,40142,1,1,0,03,-,1,7,2,32,03/09/1992,1,04,3,2,6,07, , , , , ,1, ,8362,0
00,1024,1,12A232,07,40142,2,1,0,04,-,1,5,1,11,27/08/2013,1,02,5,1, , , , , , , ,1, ,8362,0
00,1024,1,12A232,07,40142,4,1,0,01,-,1,1,1,30,14/06/1994,1,04,3,2,1,01,5,5,2,1,002000,1,1,8362,17193
00,1024,1,12A232,07,40142,1,1,0,01,-,1,1,2,65,08/12/1958,1,02,2,2,4,07, , , , , ,1, ,8362,0
00,1024,1,12A232,07,40142,4,1,0,03,-,1,3,2,99, , , , , , , , , , , , ,1, ,8362,0
00,1024,1,12A232,07,40142,4,1,0,02,-,1,2,2,32,10/11/1991,1,07,5,2,1,01,5,5,2,1,009999,1, ,8362,0
00,1024,1,12A232,07,40142,1,1,0,05,-,1,5,1,17,23/09/2007,1,04,2,1,6,06, , , , , ,1, ,8362,0
00,1024,1,12A232,07,40142,1,1,0,02,-,1,7,1,50,17/06/1974,1,03,3,2,5,01,5,6,4,1,999999,1, ,8362,0
00,1024,1,12A232,07,40142,3,1,0,02,-,1,3,2,13,27/03/2011,1,03,1,1,6,06, , , , , ,1, ,8362,0
00,1024,1,12A232,07,40142,3,1,0,01,-,1,1,2,45,08/03/1979,1,04,3,1,2,01,5,5,2,1,003000,1,1,8362,8596
00,1024,1,12A232,07,40146,2,1,0,05,-,1,3,2,24,16/07/2000,1,04,3,2,6,01,5,5,2,1,002000,1, ,7194,0
00,1024,1,12A232,07,40146,2,1,0,06,-,1,3,2,17,03/09/2007,1,03,3,1,6,06, , , , , ,1, ,7194,0
00,1024,1,12A232,07,40146,4,1,0,02,-,1,2,2,73,06/10/1951,1,01,3,2,5,07, , , , , ,1, ,7194,0
00,1024,1,12A232,07,40146,2,1,0,04,-,1,3,1,31,03/07/1993,1,04,3,2,3,01,4,4,3,1,001800,1,1,7194,36978
00,1024,1,12A232,07,40146,3,1,0,04,-,1,3,1,19,05/05/2005,1,07,1,1,6,06, , , , , ,1, ,7194,0
00,1024,1,12A232,07,40146,3,1,0,03,-,1,3,1,14,21/08/2010,1,03,2,1,6,06, , , , , ,1, ,7194,0
00,1024,1,12A232,07,40146,2,1,0,07,-,1,3,1,14,03/01/2010,1,02,6,2,6,07, , , , , ,1, ,7194,0
00,1024,1,12A232,07,40146,1,1,0,04,-,1,9,2,98, ,1,03,3,2,6,01,3,5,3,1,000999,1, ,7194,0
00,1024,1,12A232,07,40146,3,1,0,02,-,1,2,2,43,29/04/1981,1,99, ,2,5,01,3,7,3,2,007000,1,1,7194,22187
00,1024,1,12A232,07,40146,2,1,0,03,-,1,7,1,58,12/02/1966,1,03,3,2,6,01,7,5,2,1,009999,1, ,7194,0
00,1024,1,12A232,07,40146,4,1,0,03,-,1,3,2,32,20/11/1991,1,04,3,2,6,01,1,7,3,2,002200,1, ,7194,0
00,1024,1,12A232,07,40146,4,1,0,01,-,1,1,1,71,14/01/1953,1,02,6,2,5,08, , , , , ,1,1,7194,22187
00,1024,1,12A232,07,40146,2,1,0,02,-,1,8,2,55,12/09/1969,1,06,4,2,6,01,3,5,3,1,002000,1, ,7194,0
00,1024,1,12A232,07,40146,1,1,0,02,-,1,4,1,78,25/11/1945,1,99, ,2,4,08, , , , , ,1, ,7194,0
00,1024,1,12A232,07,40146,2,1,0,01,-,1,1,2,58,02/09/1966,1,02,6,2,3,01,3,4,3,1,001500,1, ,7194,0
00,1024,1,12A232,07,40146,3,1,0,01,-,1,1,1,55,15/10/1969,1,99, ,2,5,01,3,5,3,2,005000,1, ,7194,0
00,1024,1,12A232,07,40146,1,1,0,03,-,1,6,2,48,06/09/1976,1,08,4,1,5,01,2,5,3,2,000999,1,1,7194,29582
00,1024,1,12A232,07,40146,1,1,0,01,-,1,1,2,50,11/05/1974,1,07,4,2,5,07, , , , , ,1, ,7194,0
00,1024,1,12A232,07,40151,4,1,0,01,-,1,1,1,43,29/06/1981,1,04,3,2,5,01,3,5,2,1,000999,1,1,8373,25824
00,1024,1,12A232,07,40151,4,1,0,03,-,1,3,2,25,02/07/1999,1,07,4,2,6,04, , , , , ,1, ,8373,0
00,1024,1,12A232,07,40151,3,1,0,03,-,1,3,1,17,24/08/2007,1,04,2,1,6,06, , , , , ,1, ,8373,0
00,1024,1,12A232,07,40151,2,1,0,02,-,1,7,1,22,27/10/2002,1,04,3,1,1,01,3,4,3,1,001900,1, ,8373,0
00,1024,1,12A232,07,40151,1,1,0,01,-,1,1,2,29,19/03/1995,1,07,5,2,6,01,1,5,3,2,003900,1,1,8373,8608
00,1024,1,12A232,07,40151,2,1,0,03,-,1,7,1,21,15/01/2003,1,04,3,2,6,01,3,4,3,1,002400,1, ,8373,0
00,1024,1,12A232,07,40151,4,1,0,04,-,1,3,1,14,25/05/2010,1,03,2,1,6,06, , , , , ,1, ,8373,0
00,1024,1,12A232,07,40151,3,1,0,01,-,1,1,1,44,02/09/1980,1,04,3,2,5,01,7,5,3,2,010000,1,1,8373,17216
00,1024,1,12A232,07,40151,2,1,0,01,-,1,1,1,38,15/08/1986,1,04,3,2,5,01,4,4,3,1,005000,1,1,8373,43040
00,1024,1,12A232,07,40151,2,1,0,04,-,1,2,2,98, ,1,04,1,2,5,07, , , , , ,1, ,8373,0
00,1024,1,12A232,07,40151,3,1,0,02,-,1,2,2,45,04/06/1979,1,04,3,2,5,07, , , , , ,1, ,8373,0
00,1024,1,12A232,07,40151,3,1,0,04,-,1,3,1,07,22/08/2017,1,02,1,1, , , , , , , ,1, ,8373,0
00,1024,1,12A232,07,40151,4,1,0,02,-,1,2,1,43,06/10/1981,1,04,2,2,5,07, , , , , ,1, ,8373,0
00,1024,1,12A232,07,40151,2,1,0,05,-,1,7,2,19,13/08/2005,1,07,1,1,1,06, , , , , ,1, ,8373,0
00,1024,1,13A232,07,40162,2,1,0,02,-,1,2,2,63,14/05/1961,1,07,4,2,1,07, , , , , ,1,1,9160,19503
00,1024,1,13A232,07,40162,4,1,0,01,-,1,1,2,98, ,1,99, ,2,5,01,1,5,3,2,000999,1, ,9160,0
00,1024,1,13A232,07,40162,2,1,0,01,-,1,1,1,68,25/06/1956,1,03,3,2,1,01,4,4,1,1,001000,1, ,9160,0
00,1024,1,13A232,07,40162,4,1,0,02,-,1,2,1,98, ,1,08,3,2,5,01,9,5,3,3,009999,1, ,9160,0
00,1024,1,13A232,07,40162,3,1,0,02,-,1,2,1,98, ,1,99, ,2,1,01,1,7,3,2,000999,1, ,9160,0
00,1024,1,13A232,07,40162,3,1,0,01,-,1,1,2,50,08/06/1974,1,07,3,2,1,01,3,5,3,2,000999,1, ,9160,0
00,1024,1,13A232,07,40162,3,1,0,04,-,1,7,2,98, ,1,99, ,1,6,01,1,7,3,2,000999,1, ,9160,0
00,1024,1,13A232,07,40162,3,1,0,03,-,1,3,2,22,14/05/2002,1,07,4,1,6,05, , , , , ,1,1,9160,39005
00,1024,1,13A232,07,40162,4,1,0,03,-,1,3,2,23,25/07/2001,1,07,4,2,6,01,1,5,3,3,005000,1,1,9160,29254
00,1024,1,11A232,08,40095,3,1,0,03,-,1,3,1,98, ,1,02,6,2,6,01,5,3,3,1,001800,1, ,9318,0
00,1024,1,11A232,08,40095,1,1,0,01,-,1,1,2,39,15/08/1985,1,04,3,2,5,07, , , , , ,1, ,9318,0
00,1024,1,11A232,08,40095,2,1,0,01,-,1,1,1,41,24/06/1983,1,99, ,2,1,01,5,3,2,1,999999,1,1,9318,19039
00,1024,1,11A232,08,40095,4,1,0,05,-,1,5,1,01,05/03/2023, , , , , , , , , , , ,1, ,9318,0
00,1024,1,11A232,08,40095,1,1,0,04,-,1,3,1,20,24/11/2003,1,04,3,1,6,01,3,4,3,1,002200,1,1,9318,28559
00,1024,1,11A232,08,40095,2,1,0,03,-,1,3,2,16,21/10/2008,1,04,1,1,6,06, , , , , ,1, ,9318,0
00,1024,1,11A232,08,40095,4,1,0,02,-,1,5,1,30,27/04/1994,1,03,3,2,1,01,5,3,3,1,004000,1, ,9318,0
00,1024,1,11A232,08,40095,1,1,0,03,-,1,3,2,12,09/01/2012,1,02,6,1,6,06, , , , , ,1, ,9318,0
00,1024,1,11A232,08,40095,4,1,0,04,-,1,5,2,06,15/12/2017,1,02,1,1, , , , , , , ,1, ,9318,0
00,1024,1,11A232,08,40095,1,1,0,02,-,1,2,1,38,09/03/1986,1,03,3,2,5,03,4,4,3,1,002500,1, ,9318,0
00,1024,1,11A232,08,40095,3,1,0,02,-,1,2,2,58,06/05/1966,1,03,3,2,1,01,5,5,3,1,001500,1,1,9318,28559
00,1024,1,11A232,08,40095,3,1,0,01,-,1,1,1,98, ,1,02,6,2,1,01,4,3,3,1,001800,1, ,9318,0
00,1024,1,11A232,08,40095,2,1,0,02,-,1,2,2,41,14/09/1983,1,03,3,2,1,07, , , , , ,1, ,9318,0
00,1024,1,11A232,08,40095,4,1,0,01,-,1,1,2,48,14/08/1976,1,03,3,2,2,01,5,5,2,1,002500,1,1,9318,28559
00,1024,1,11A232,08,40095,4,1,0,03,-,1,3,2,25,30/08/1999,1,03,3,2,1,01,5,5,3,1,001500,1, ,9318,0
00,1024,1,11A232,08,40099,2,1,0,03,-,1,3,2,23,14/09/2001,1,07,3,1,6,06, , , , , ,1, ,7581,0
00,1024,1,11A232,08,40099,2,1,0,02,-,1,2,2,98, ,1,03,3,2,5,01,4,4,2,1,999999,1, ,7581,0
00,1024,1,11A232,08,40099,2,1,0,01,-,1,1,1,98, ,1,04,2,2,5,01,4,5,2,1,999999,1, ,7581,0
00,1024,1,11A232,08,40099,4,1,0,01,-,1,1,1,78,28/01/1946,1,03,3,2,5,08, , , , , ,1, ,7581,0
00,1024,1,11A232,08,40099,4,1,0,02,-,1,2,2,78,29/08/1946,1,03,3,2,5,08, , , , , ,1, ,7581,0
00,1024,1,11A232,08,40099,4,1,0,03,-,1,3,2,51,21/09/1973,1,08,2,2,6,01,1,7,3,2,025000,1, ,7581,0
00,1024,1,11A232,08,40099,3,1,0,02,-,1,5,1,02,08/08/2022, , , , , , , , , , , ,1, ,7581,0
00,1024,1,11A232,08,40099,2,1,0,05,-,1,5,2,12,06/01/2012,1,03,9,1,6,06, , , , , ,1, ,7581,0
00,1024,1,11A232,08,40099,2,1,0,04,-,1,3,2,32,11/09/1992,1,03,3,2,6,01,7,2,3,1,999999,1,1,7581,30981
00,1024,1,11A232,08,40099,1,1,0,03,-,1,3,2,25,14/05/1999,1,07,4,2,6,01,1,5,3,2,004000,1, ,7581,0
00,1024,1,11A232,08,40099,1,1,0,02,-,1,3,2,27,10/03/1997,1,07,4,2,6,01,5,5,2,1,000400,1, ,7581,0
00,1024,1,11A232,08,40099,3,1,0,01,-,1,1,2,62,28/07/1962,1,03,3,2,4,07, , , , , ,1,1,7581,7745
00,1024,1,11A232,08,40099,1,1,0,01,-,1,1,1,54,13/02/1970,1,04,3,2,3,01,4,4,2,1,001000,1,1,7581,30981
00,1024,1,11A232,08,40099,1,1,0,04,-,1,3,2,20,09/11/2003,1,06,3,1,6,06, , , , , ,1, ,7581,0
00,1024,1,11A232,08,40099,4,1,0,04,-,1,3,2,42,19/11/1981,1,09,2,2,6,01,1,7,3,2,025000,1,1,7581,30981
00,1024,1,11A232,08,40106,1,1,0,01,-,1,1,1,32,29/10/1992,1,02,5,2,6,01,7,2,3,1,999999,1,1,9164,28088
00,1024,1,11A232,08,40106,3,1,0,02,-,1,2,1,37,11/11/1986,1,99, ,2,1,01,7,2,3,1,999999,1, ,9164,0
00,1024,1,11A232,08,40106,3,1,0,01,-,1,1,2,58,26/12/1965,1,03,3,2,1,01,4,4,3,1,002000,1,1,9164,18726
00,1024,1,11A232,08,40106,2,1,0,01,-,1,1,1,57,14/07/1967,1,06,1,2,4,01,4,4,3,1,002500,1,1,9164,9363
00,1024,1,11A232,08,40106,1,1,0,02,-,1,8,2,38,07/05/1986,1,04,3,2,6,01,7,2,3,1,001800,1, ,9164,0
00,1024,1,11A232,08,40106,1,1,0,03,-,1,8,2,58,24/12/1965,2,03,9,2,4,07, , , , , ,1, ,9164,0
00,1024,1,12A232,08,40112,2,1,0,04,-,1,3,2,06,16/01/2018,1,01,3,1, , , , , , , ,1, ,7762,0
00,1024,1,12A232,08,40112,3,1,0,03,-,1,4,1,32,27/10/1992,1,04,2,1,6,01,7,2,3,1,002600,1, ,7762,0
00,1024,1,12A232,08,40112,3,1,0,01,-,1,1,2,46,09/03/1978,1,04,3,2,1,01,3,5,3,2,005000,1,1,7762,23940
00,1024,1,12A232,08,40112,3,1,0,02,-,1,2,1,98, ,1,04,3,2,1,01,3,7,3,2,006000,1, ,7762,0
00,1024,1,12A232,08,40112,4,1,0,02,-,1,2,1,63,13/11/1960,1,02,6,2,1,08, , , , , ,1,1,7762,15960
00,1024,1,12A232,08,40112,1,1,0,02,-,1,3,2,26,08/12/1997,1,04,3,2,6,01,7,2,3,1,002200,1,1,7762,15960
00,1024,1,12A232,08,40112,2,1,0,03,-,1,3,1,10,31/07/2014,1,02,4,1, , , , , , , ,1, ,7762,0
00,1024,1,12A232,08,40112,4,1,0,01,-,1,1,2,69,29/01/1955,1,02,6,2,1,01,4,5,3,1,002500,1, ,7762,0
00,1024,1,12A232,08,40112,2,1,0,01,-,1,1,1,30,07/10/1994,1,07,2,2,5,01,5,2,3,1,002500,1,1,7762,15960
00,1024,1,12A232,08,40112,1,1,0,04,-,1,3,2,09,07/11/2014,1,02,4,1, , , , , , , ,1, ,7762,0
00,1024,1,12A232,08,40112,1,1,0,01,-,1,1,2,46,02/02/1978,1,03,3,2,2,01,4,4,2,1,999999,1, ,7762,0
00,1024,1,12A232,08,40112,2,1,0,02,-,1,2,2,30,30/09/1994,1,03,3,2,5,07, , , , , ,1, ,7762,0
00,1024,1,12A232,08,40112,1,1,0,03,-,1,3,1,11,25/03/2013,1,02,5,1, , , , , , , ,1, ,7762,0
00,1024,1,12A232,08,40119,3,1,0,01,-,1,1,1,63,06/01/1961,1,03,3,2,5,01,5,5,3,1,001500,1,1,8228,25377
00,1024,1,12A232,08,40119,3,1,0,04,-,1,5,1,15,17/05/2009,1,03,3,1,6,06, , , , , ,1, ,8228,0
00,1024,1,12A232,08,40119,3,1,0,02,-,1,2,2,64,04/11/1959,1,03,9,2,5,07, , , , , ,1, ,8228,0
00,1024,1,12A232,08,40119,1,1,0,02,-,1,2,2,57,21/06/1967,1,02,6,2,5,07, , , , , ,1,1,8228,16918
00,1024,1,12A232,08,40119,2,1,0,04,-,1,3,2,21,31/01/2003,1,04,3,2,6,07, , , , , ,1,1,8228,33836
00,1024,1,12A232,08,40119,3,1,0,03,-,1,3,2,39,16/03/1985,1,07,4,2,6,01,7,2,3,1,999999,1, ,8228,0
00,1024,1,12A232,08,40119,2,1,0,03,-,1,3,1,98, ,1,04,3,2,6,01,4,4,3,1,999999,1, ,8228,0
00,1024,1,12A232,08,40119,2,1,0,01,-,1,1,2,98, ,1,99, ,2,5,01,7,2,3,1,002000,1, ,8228,0
00,1024,1,12A232,08,40119,2,1,0,02,-,1,2,1,98, ,1,02,6,2,5,01,3,7,3,1,001800,1, ,8228,0
00,1024,1,12A232,08,40119,1,1,0,01,-,1,1,1,59,23/09/1965,1,03,9,2,5,01,4,4,3,1,002000,1, ,8228,0
00,1024,1,12A232,08,40125,4,1,0,01,-,1,1,1,54,06/02/1970,1,04,1,2,2,01,4,4,3,1,005000,1,1,8362,8596
00,1024,1,12A232,08,40125,3,1,0,01,-,1,1,1,55,17/02/1969,1,03,3,2,5,01,5,3,2,1,999999,1, ,8362,0
00,1024,1,12A232,08,40125,3,1,0,02,-,1,2,2,54,22/03/1970,1,03,3,2,5,07, , , , , ,1,1,8362,17193
00,1024,1,12A232,08,40125,1,1,0,03,-,1,4,2,98, ,2,00, ,2,4,09, , , , , ,1, ,8362,0
00,1024,1,12A232,08,40125,2,1,0,02,-,1,2,2,28,18/07/1996,1,03,3,2,5,07, , , , , ,1,1,8362,17193
00,1024,1,12A232,08,40125,1,1,0,02,-,1,6,1,98, ,1,02,6,2,6,01,4,2,3,1,999999,1, ,8362,0
00,1024,1,12A232,08,40125,2,1,0,03,-,1,3,1,03,18/06/2021, , , , , , , , , , , ,1, ,8362,0
00,1024,1,12A232,08,40125,1,1,0,01,-,1,1,1,66,24/12/1957,2,00, ,2,6,08, , , , , ,1,1,8362,25789
00,1024,1,12A232,08,40125,2,1,0,01,-,1,1,1,39,14/03/1985,1,04,3,2,5,01,3,5,3,2,003700,1, ,8362,0
00,1024,1,12A232,08,40129,2,1,0,02,-,1,2,1,46,16/03/1978,1,04,3,2,1,01,7,2,3,1,002200,1, ,7986,0
00,1024,1,12A232,08,40129,1,1,0,03,-,1,3,2,16,20/09/2008,1,03,3,1,6,06, , , , , ,1, ,7986,0
00,1024,1,12A232,08,40129,4,1,0,02,-,1,2,2,67,12/02/1957,1,04,3,2,5,08, , , , , ,1,1,7986,24630
00,1024,1,12A232,08,40129,3,1,0,01,-,1,1,1,63,04/08/1961,1,04,3,2,5,08, , , , , ,1, ,7986,0
00,1024,1,12A232,08,40129,2,1,0,01,-,1,1,2,47,18/05/1977,1,07,4,2,1,01,1,5,3,2,008000,1,1,7986,16420
00,1024,1,12A232,08,40129,4,1,0,03,-,1,3,1,36,07/02/1988,1,06,3,2,6,01,4,5,2,2,999999,1, ,7986,0
00,1024,1,12A232,08,40129,1,1,0,05,-,1,3,1,11,12/02/2013,1,02,5,1, , , , , , , ,1, ,7986,0
00,1024,1,12A232,08,40129,4,1,0,01,-,1,1,1,63,13/12/1960,1,07,4,2,5,08, , , , , ,1, ,7986,0
00,1024,1,12A232,08,40129,1,1,0,02,-,1,2,1,39,04/11/1985,1,08,2,2,5,01,1,7,3,2,007000,1,1,7986,16420
00,1024,1,12A232,08,40129,1,1,0,01,-,1,1,1,44,08/06/1980,1,06,3,2,5,01,7,2,3,1,003900,1, ,7986,0
00,1024,1,12A232,08,40129,1,1,0,04,-,1,3,2,13,24/07/2011,1,03,1,1,6,06, , , , , ,1, ,7986,0
00,1024,1,12A232,08,40129,3,1,0,02,-,1,2,2,59,26/06/1965,1,04,3,2,5,07, , , , , ,1,1,7986,16420
00,1024,1,12A232,08,40134,2,1,0,01,-,1,1,1,32,27/12/1991,1,07,4,2,5,01,1,3,3,2,020000,1,1,7497,15414
00,1024,1,12A232,08,40134,4,1,0,01,-,1,1,2,55,03/03/1969,1,03,3,2,5,09, , , , , ,1, ,7497,0
00,1024,1,12A232,08,40134,4,1,0,02,-,1,4,2,90,23/12/1933,1,02,2,2,4,08, , , , , ,1, ,7497,0
00,1024,1,12A232,08,40134,3,1,0,01,-,1,1,2,22,07/07/2002,1,07,3,1,6,06, , , , , ,1,1,7497,15414
00,1024,1,12A232,08,40134,3,1,0,02,-,1,6,1,19,22/01/2005,1,07,2,1,6,06, , , , , ,1, ,7497,0
00,1024,1,12A232,08,40134,2,1,0,02,-,1,2,2,31,31/07/1993,1,07,4,2,5,01,1,5,3,2,020000,1, ,7497,0
00,1024,1,12A232,08,40134,2,1,0,03,-,1,3,2,02,05/07/2022, , , , , , , , , , , ,1, ,7497,0
00,1024,1,12A232,08,40134,2,1,0,04,-,1,3,1,02,05/07/2022, , , , , , , , , , , ,1, ,7497,0
00,1024,1,12A232,08,40134,4,1,0,03,-,1,2,1,62,16/10/1962,1,04,3,2,5,01,4,5,3,1,999999,1,1,7497,23121
00,1024,1,13A232,08,40151,4,1,0,02,-,1,3,1,23,15/06/2001,1,04,3,2,6,01,4,4,3,1,004000,1,1,11396,24263
00,1024,1,13A232,08,40151,2,1,0,01,-,1,1,2,39,09/11/1984,1,07,4,2,1,01,1,5,3,2,999999,1,1,11396,24263
00,1024,1,13A232,08,40151,1,1,0,03,-,1,3,2,21,06/03/2003,2,02,6,1,6,06, , , , , ,1,1,11396,36394
00,1024,1,13A232,08,40151,1,1,0,01,-,1,1,2,60,30/06/1964,1,07,4,2,3,01,1,5,3,3,999999,1, ,11396,0
00,1024,1,13A232,08,40151,4,1,0,01,-,1,1,2,51,22/05/1973,1,03,3,2,3,09, , , , , ,1, ,11396,0
00,1024,1,13A232,08,40151,2,1,0,02,-,1,2,1,98, ,1,07,4,2,1,01,1,5,3,2,999999,1, ,11396,0
00,1024,1,13A232,08,40151,1,1,0,02,-,1,3,1,24,19/05/2000,1,07,3,1,6,06, , , , , ,1, ,11396,0
00,1024,1,13A232,08,40151,3,1,0,01,-,1,1,1,36,21/09/1988,1,09,3,2,5,01,1,7,3,2,010000,1, ,11396,0
00,1024,1,13A232,08,40151,2,1,0,04,-,1,3,1,17,27/11/2006,1,04,3,1,6,06, , , , , ,1, ,11396,0
00,1024,1,13A232,08,40151,3,1,0,02,-,1,2,2,36,14/11/1987,1,08,2,2,5,01,1,7,3,2,008000,1,1,11396,24263
00,1024,1,13A232,08,40151,2,1,0,03,-,1,6,1,17,30/11/2006,1,04,3,1,6,06, , , , , ,1, ,11396,0
00,1024,1,13A232,08,40155,4,1,0,01,-,1,1,1,48,10/11/1975,1,04,3,2,6,01,4,5,2,1,999999,1,1,10769,11464
00,1024,1,13A232,08,40155,1,1,0,02,-,1,2,1,66,17/09/1958,1,07,2,2,5,01,4,4,2,1,999999,1,1,10769,22927
00,1024,1,13A232,08,40155,2,1,0,01,-,1,1,1,26,20/03/1998,1,07,7,2,6,01,1,5,3,2,999999,1,1,10769,11464
00,1024,1,13A232,08,40155,1,1,0,01,-,1,1,2,98, ,1,07,1,2,5,08, , , , , ,1, ,10769,0
00,1024,1,13A232,08,40164,4,1,0,02,-,1,2,2,61,14/07/1963,1,07,4,2,5,07, , , , , ,1, ,8734,0
00,1024,1,13A232,08,40164,3,1,0,02,-,1,2,2,48,22/01/1976,1,04,3,2,5,01,4,5,2,1,999999,1, ,8734,0
00,1024,1,13A232,08,40164,3,1,0,01,-,1,1,1,60,18/09/1964,1,07,3,2,5,01,3,7,3,2,999999,1,1,8734,18596
00,1024,1,13A232,08,40164,1,1,0,02,-,1,2,2,34,02/08/1990,1,06,3,2,1,01,3,5,3,2,999999,1,1,8734,18596
00,1024,1,13A232,08,40164,4,1,0,01,-,1,1,1,61,22/08/1963,1,07,4,2,5,01,6,1,5,3,999999,1,1,8734,27894
14,1024,1,13A232,08,40164,2,1,0,01,-,1,1,2,38,04/05/1986,1,07,4,2,2,01,3,5,3,2,007000,1, ,8734,0
00,1024,1,13A232,08,40164,4,1,0,03,-,1,3,2,29,03/02/1995,1,07,4,2,6,01,5,5,5,2,999999,1, ,8734,0
00,1024,1,13A232,08,40164,1,1,0,01,-,1,1,1,35,13/01/1989,1,04,3,2,1,01,1,4,3,1,999999,1, ,8734,0
00,1024,1,13A232,08,40164,1,1,0,03,-,1,3,1,04,23/05/2020, , , , , , , , , , , ,1, ,8734,0
14,1024,1,13A232,08,40164,2,1,0,02,-,1,3,1,22,22/09/2002,1,04,3,2,6,01,3,5,3,2,002000,1, ,8734,0
14,1024,1,13A232,08,40164,2,1,0,03,-,1,3,1,17,22/10/2007,1,06,2,1,6,06, , , , , ,1, ,8734,0
00,1024,1,13A232,08,40167,3,1,0,01,-,1,1,1,20,21/06/2004,1,07,1,1,6,06, , , , , ,1,1,8701,9263
00,1024,1,13A232,08,40167,2,1,0,01,-,1,1,2,61,12/04/1963,1,04,3,2,4,08, , , , , ,1,1,8701,27788
00,1024,1,13A232,08,40167,1,1,0,02,-,1,2,2,26,04/05/1998,1,07,3,2,1,01,3,3,3,2,010000,1,1,8701,18525
00,1024,1,13A232,08,40167,4,1,0,02,-,1,3,2,17,31/07/2007,1,04,2,1,6,06, , , , , ,1, ,8701,0
00,1024,1,13A232,08,40167,2,1,0,03,-,1,3,2,37,15/02/1987,1,07,4,2,1,01,5,5,2,3,015000,1, ,8701,0
00,1024,1,13A232,08,40167,4,1,0,01,-,1,1,1,47,13/05/1977,1,07,4,2,3,01,1,5,2,3,999999,1,1,8701,9263
00,1024,1,13A232,08,40167,2,1,0,02,-,1,5,1,41,23/10/1983,1,03,3,2,1,01,5,3,3,1,999999,1, ,8701,0
00,1024,1,13A232,08,40167,1,1,0,01,-,1,1,1,29,22/07/1995,1,07,3,2,1,01,7,3,2,2,010000,1, ,8701,0
00,1024,1,13A232,09,40056,1,1,0,01,-,1,1,1,75,05/12/1948,1,09,4,2,5,08, , , , , ,1,1,9324,19851
00,1024,1,13A232,09,40056,3,1,0,02,-,1,2,2,76,14/07/1948,1,04,3,2,5,08, , , , , ,1,1,9324,39702
00,1024,1,13A232,09,40056,3,1,0,04,-,1,9,2,40,09/02/1984,1,07,4,2,6,01,5,5,3,1,006000,1, ,9324,0
00,1024,1,13A232,09,40056,1,1,0,02,-,1,2,2,68,09/10/1956,1,05,3,2,5,08, , , , , ,1, ,9324,0
00,1024,1,13A232,09,40056,3,1,0,01,-,1,1,1,79,21/10/1945,1,07,5,2,5,08, , , , , ,1, ,9324,0
00,1024,1,13A232,09,40056,3,1,0,03,-,1,9,2,48,04/12/1975,1,02,6,2,4,01,5,5,3,1,003000,1, ,9324,0
00,1024,1,13A232,09,40057,2,1,0,02,-,1,2,2,47,18/09/1977,1,03,3,2,5,07, , , , , ,1,1,8223,35013
00,1024,1,13A232,09,40057,3,1,0,01,-,1,1,2,23,05/06/2001,1,02,2,2,1,01,5,5,4,1,000500,1,1,8223,26260
14,1024,1,13A232,09,40057,4,1,0,01,-,1,1,2,35,03/05/1989,1,07,4,2,1,01,1,5,3,2,003500,1, ,8223,0
00,1024,1,13A232,09,40057,3,1,0,05,-,1,3,1,01,02/06/2023, , , , , , , , , , , ,1, ,8223,0
00,1024,1,13A232,09,40057,2,1,0,01,-,1,1,1,50,17/09/1974,1,04,3,2,5,01,3,7,3,3,030000,1, ,8223,0
00,1024,1,13A232,09,40057,3,1,0,02,-,1,2,1,38,28/06/1986,1,07,5,2,1,01,1,5,3,1,004000,1, ,8223,0
00,1024,1,13A232,09,40057,3,1,0,04,-,1,7,2,16,02/06/2008,1,03,3,2,1,07, , , , , ,1, ,8223,0
14,1024,1,13A232,09,40057,4,1,0,02,-,1,2,1,35,18/05/1989,1,04,3,2,1,01,5,5,4,1,000700,1, ,8223,0
00,1024,1,13A232,09,40057,2,1,0,05,-,1,5,1,07,14/12/2016,1,01,3,1, , , , , , , ,1, ,8223,0
00,1024,1,13A232,09,40057,3,1,0,03,-,1,6,1,25,19/08/1999,1,02,6,2,1,01,1,5,3,1,004000,1, ,8223,0
00,1024,1,13A232,09,40057,2,1,0,03,-,1,3,2,29,14/01/1995,1,04,3,1,5,06, , , , , ,1, ,8223,0
00,1024,1,13A232,09,40057,2,1,0,04,-,1,5,1,30,13/05/1994,1,04,3,1,5,01,3,5,3,2,008000,1, ,8223,0
00,1024,1,13A232,09,40062,3,1,0,01,-,1,1,1,35,19/09/1989,1,08,2,2,6,01,3,5,3,2,003000,1, ,10254,0
00,1024,1,13A232,09,40062,2,1,0,02,-,1,2,2,46,19/02/1978,1,07,4,2,1,01,1,5,3,2,010000,1,1,10254,21831
00,1024,1,13A232,09,40062,3,1,0,03,-,1,7,2,19,15/02/2005,1,04,3,1,6,06, , , , , ,1, ,10254,0
00,1024,1,13A232,09,40062,2,1,0,01,-,1,1,1,41,09/11/1983,1,07,4,2,1,01,1,5,2,3,010000,1, ,10254,0
00,1024,1,13A232,09,40062,3,1,0,02,-,1,6,2,40,13/06/1984,1,08,2,2,3,01,2,7,3,2,004000,1,1,10254,32746
00,1024,1,13A232,09,40062,1,1,0,01,-,1,1,1,64,21/12/1959,2,02,6,2,2,01,4,4,3,1,002500,1,1,10254,10915
00,1024,1,13A232,09,40070,2,1,0,01,-,1,1,2,28,17/01/1996,1,04,3,1,6,07, , , , , ,1,1,4756,5063
00,1024,1,13A232,09,40070,1,1,0,01,-,1,1,1,55,20/12/1968,1,07,4,2,5,01,1,5,1,2,009999,1, ,4756,0
00,1024,1,13A232,09,40070,4,1,0,01,-,1,1,1,64,16/08/1960,1,03,3,2,2,08, , , , , ,1,1,4756,5063
00,1024,1,13A232,09,40070,1,1,0,03,-,1,3,1,21,26/12/2002,1,07,3,1,6,06, , , , , ,1, ,4756,0
00,1024,1,13A232,09,40070,2,1,0,02,-,1,3,2,12,05/10/2012,1,02,6,1,6,06, , , , , ,1, ,4756,0
00,1024,1,13A232,09,40070,1,1,0,05,-,1,9,2,40,31/10/1984,1,99, ,2,6,01,9,5,3,1,009999,1, ,4756,0
00,1024,1,13A232,09,40070,1,1,0,04,-,1,3,1,23,19/06/2001,1,07,4,1,6,01,1,5,3,2,009999,1,1,4756,25314
00,1024,1,13A232,09,40070,2,1,0,03,-,1,3,1,10,06/06/2014,1,02,4,1, , , , , , , ,1, ,4756,0
00,1024,1,13A232,09,40070,1,1,0,02,-,1,2,2,51,27/05/1973,1,07,4,2,5,01,1,5,1,2,009999,1, ,4756,0
00,1024,1,13A232,09,40075,3,1,0,01,-,1,1,2,60,10/02/1964,2,02,1,2,5,07, , , , , ,1, ,9743,0
00,1024,1,13A232,09,40075,1,1,0,03,-,1,3,1,21,17/11/2002,1,04,3,2,6,04, , , , , ,1,1,9743,31115
00,1024,1,13A232,09,40075,1,1,0,02,-,1,2,2,41,22/01/1983,1,04,3,2,5,01,1,5,3,2,009000,1, ,9743,0
00,1024,1,13A232,09,40075,1,1,0,01,-,1,1,1,46,16/03/1978,1,03,3,2,5,03,1,5,3,2,008000,1, ,9743,0
00,1024,1,13A232,09,40075,3,1,0,03,-,1,3,2,28,04/08/1996,1,04,3,2,6,01,1,2,3,2,003000,1,1,9743,31115
00,1024,1,13A232,09,40075,4,1,0,01,-,1,1,2,78,26/03/1946,1,06,3,2,4,08, , , , , ,1,1,9743,10372
00,1024,1,13A232,09,40075,3,1,0,02,-,1,2,1,65,01/06/1959,1,02,2,2,5,01,5,5,2,1,002000,1, ,9743,0
00,1024,1,13A232,09,40075,3,1,0,04,-,1,5,2,04,25/08/2020, , , , , , , , , , , ,1, ,9743,0
00,1024,1,13A232,09,40075,2,1,0,01,-,1,1,1,26,25/02/1998,1,07,1,2,6,01,5,4,3,2,008400,1,1,9743,10372
00,1024,1,11A232,09,40114,2,1,0,02,-,1,2,1,32,19/10/1992,1,02,6,2,1,01,4,4,3,1,008000,1, ,8868,0
00,1024,1,11A232,09,40114,3,1,0,03,-,1,3,2,15,20/06/2009,1,03,3,1,6,06, , , , , ,1, ,8868,0
00,1024,1,11A232,09,40114,4,1,0,02,-,1,3,1,57,06/09/1967,1,03,6,2,6,01,1,5,3,2,006000,1, ,8868,0
00,1024,1,11A232,09,40114,1,1,0,01,-,1,1,1,31,30/01/1993,1,07,2,2,6,01,2,5,3,2,010000,1,1,8868,9060
00,1024,1,11A232,09,40114,3,1,0,04,-,1,3,1,22,01/02/2002,1,04,3,2,6,01,4,4,3,1,000600,1, ,8868,0
00,1024,1,11A232,09,40114,4,1,0,01,-,1,1,1,81,31/08/1943,2,00, ,2,4,07, , , , , ,1,1,8868,36239
00,1024,1,11A232,09,40114,3,1,0,02,-,1,4,1,92,27/02/1932,1,99, ,2,4,08, , , , , ,1, ,8868,0
00,1024,1,11A232,09,40114,2,1,0,03,-,1,3,2,16,09/05/2008,1,03,3,1,6,06, , , , , ,1, ,8868,0
00,1024,1,11A232,09,40114,2,1,0,04,-,1,3,1,15,20/04/2009,1,02,6,1,6,06, , , , , ,1, ,8868,0
00,1024,1,11A232,09,40114,2,1,0,05,-,1,3,1,12,16/05/2012,1,02,6,1,6,06, , , , , ,1, ,8868,0
00,1024,1,11A232,09,40114,4,1,0,03,-,1,3,2,56,17/05/1968,1,03,6,2,6,07, , , , , ,1, ,8868,0
00,1024,1,11A232,09,40114,3,1,0,01,-,1,1,2,52,23/08/1972,1,04,3,2,3,01,4,5,3,2,004000,1,1,8868,27179
00,1024,1,11A232,09,40114,2,1,0,01,-,1,1,2,34,27/05/1990,1,03,3,2,6,01,4,4,2,1,010000,1,1,8868,18119
00,1024,1,11A232,09,40114,4,1,0,04,-,1,3,2,53,23/06/1971,1,03,6,1,6,07, , , , , ,1, ,8868,0
00,1024,1,11A232,09,40131,2,1,0,01,-,1,1,2,60,30/03/1964,2,00, ,2,6,01,9,9,2,1,000500,1, ,7766,0
00,1024,1,11A232,09,40131,3,1,0,01,-,1,1,1,72,18/10/1952,1,03,3,2,5,01,5,5,5,3,004000,1,1,7766,23802
00,1024,1,11A232,09,40131,1,1,0,02,-,1,2,2,70,10/11/1953,1,06,3,2,5,07, , , , , ,1,1,7766,15868
00,1024,1,11A232,09,40131,1,1,0,01,-,1,1,1,76,01/07/1948,1,03,3,2,5,08, , , , , ,1, ,7766,0
00,1024,1,11A232,09,40131,4,1,0,01,-,1,1,1,33,12/01/1991,1,04,3,2,5,01,4,4,3,1,001600,1, ,7766,0
00,1024,1,11A232,09,40131,2,1,0,03,-,1,3,1,20,15/06/2004,1,02,5,2,6,01,4,4,4,1,000600,1, ,7766,0
00,1024,1,11A232,09,40131,4,1,0,02,-,1,2,2,21,17/05/2003,1,03,3,2,5,01,4,5,3,1,001800,1,1,7766,15868
00,1024,1,11A232,09,40131,4,1,0,03,-,1,3,2,04,06/04/2020, , , , , , , , , , , ,1, ,7766,0
00,1024,1,11A232,09,40131,3,1,0,03,-,1,2,2,71,16/08/1953,1,02,6,2,5,07, , , , , ,1, ,7766,0
00,1024,1,11A232,09,40131,3,1,0,02,-,1,3,1,42,22/07/1982,1,07,4,2,6,01,5,5,3,3,020000,1, ,7766,0
00,1024,1,11A232,09,40131,2,1,0,02,-,1,3,1,24,25/04/2000,1,02,4,1,6,01,4,4,2,1,000800,1,1,7766,23802
00,1024,1,11A232,09,40137,3,1,0,05,-,1,3,2,24,30/01/2000,1,03,3,2,6,07, , , , , ,1, ,7719,0
14,1024,1,11A232,09,40137,1,1,0,02,-,1,2,2,34,08/06/1990,1,04,3,2,5,07, , , , , ,1, ,7719,0
14,1024,1,11A232,09,40137,1,1,0,04,-,1,3,1,12,07/03/2012,1,02,6,1,6,06, , , , , ,1, ,7719,0
14,1024,1,11A232,09,40137,1,1,0,03,-,1,3,2,18,02/08/2006,1,04,2,1,6,06, , , , , ,1, ,7719,0
00,1024,1,11A232,09,40137,2,1,0,03,-,1,6,2,62,16/06/1962,2,00, ,2,6,07, , , , , ,1, ,7719,0
14,1024,1,11A232,09,40137,1,1,0,01,-,1,1,1,37,30/10/1987,1,04,3,2,5,01,2,5,3,2,005000,1, ,7719,0
00,1024,1,11A232,09,40137,4,1,0,03,-,1,7,2,51,29/06/1973,1,04,2,2,4,01,5,5,2,1,000700,1, ,7719,0
00,1024,1,11A232,09,40137,3,1,0,01,-,1,1,1,60,30/10/1964,1,02,6,2,4,01,4,4,2,1,001500,1,1,7719,39430
00,1024,1,11A232,09,40137,4,1,0,02,-,1,6,2,71,03/03/1953,1,03,3,2,4,08, , , , , ,1, ,7719,0
00,1024,1,11A232,09,40137,4,1,0,05,-,1,5,2,28,10/02/1996,1,07,4,2,6,01,1,5,2,2,006000,1,1,7719,39430
00,1024,1,11A232,09,40137,2,1,0,01,-,1,1,2,67,13/12/1956,1,02,4,2,2,07, , , , , ,1, ,7719,0
14,1024,1,11A232,09,40137,1,1,0,07,-,1,3,2,09,07/02/2015,1,02,3,1, , , , , , , ,1, ,7719,0
14,1024,1,11A232,09,40137,1,1,0,06,-,1,3,1,11,22/08/2013,1,02,5,1, , , , , , , ,1, ,7719,0
14,1024,1,11A232,09,40137,1,1,0,05,-,1,3,1,12,06/04/2012,1,02,6,1,6,06, , , , , ,1, ,7719,0
00,1024,1,11A232,09,40137,2,1,0,02,-,1,6,2,51,08/03/1973,1,04,2,2,6,01,5,5,3,1,002000,1, ,7719,0
00,1024,1,11A232,09,40137,2,1,0,04,-,1,3,1,43,13/09/1981,1,03,1,2,1,01,5,5,3,1,001000,1,1,7719,31544
00,1024,1,11A232,09,40137,4,1,0,04,-,1,5,2,31,14/08/1993,1,04,3,1,6,01,4,5,3,2,005000,1, ,7719,0
00,1024,1,11A232,09,40137,4,1,0,01,-,1,1,1,80,30/10/1944,1,03,3,2,6,08, , , , , ,1, ,7719,0
00,1024,1,11A232,09,40137,3,1,0,02,-,1,8,1,44,30/08/1980,1,03,3,2,1,01,7,2,3,2,004000,1, ,7719,0
00,1024,1,11A232,09,40137,3,1,0,04,-,1,3,1,34,17/01/1990,1,07,4,2,6,01,3,5,3,2,008000,1, ,7719,0
00,1024,1,11A232,09,40137,2,1,0,05,-,1,5,2,17,17/03/2007,1,03,3,2,6,02,9,9,6,5, ,1, ,7719,0
00,1024,1,11A232,09,40137,3,1,0,03,-,1,8,2,42,02/04/1982,1,04,3,2,6,01,3,4,3,1,001700,1, ,7719,0
00,1024,1,11A232,09,40140,1,1,0,02,-,1,2,2,49,18/12/1974,1,06,2,2,5,01,4,4,2,1,000150,1, ,8341,0
00,1024,1,11A232,09,40140,2,1,0,02,-,1,2,2,32,10/10/1992,1,07,4,2,5,01,4,4,1,1,001000,1, ,8341,0
00,1024,1,11A232,09,40140,2,1,0,04,-,1,3,1,04,26/03/2020, , , , , , , , , , , ,1, ,8341,0
00,1024,1,11A232,09,40140,4,1,0,02,-,1,3,1,21,01/01/2003,1,04,3,2,6,01,4,4,3,1,000800,1,1,8341,17043
00,1024,1,11A232,09,40140,4,1,0,03,-,1,3,2,13,30/10/2011,1,03,2,1,6,06, , , , , ,1, ,8341,0
00,1024,1,11A232,09,40140,4,1,0,01,-,1,1,2,51,17/07/1973,1,04,3,2,3,07, , , , , ,1, ,8341,0
00,1024,1,11A232,09,40140,3,1,0,03,-,1,3,2,37,08/10/1987,1,07,4,2,6,01,1,7,3,2,003000,1, ,8341,0
00,1024,1,11A232,09,40140,1,1,0,05,-,1,3,1,16,07/02/2008,1,04,1,1,6,06, , , , , ,1, ,8341,0
00,1024,1,11A232,09,40140,1,1,0,01,-,1,1,1,51,25/10/1973,1,03,3,2,5,01,5,5,5,1,001250,1,1,8341,34087
00,1024,1,11A232,09,40140,1,1,0,04,-,1,3,1,21,27/06/2003,1,04,3,2,6,04, , , , , ,1, ,8341,0
00,1024,1,11A232,09,40140,1,1,0,03,-,1,3,1,25,25/04/1999,1,04,3,2,6,01,5,5,3,1,001000,1, ,8341,0
00,1024,1,11A232,09,40140,3,1,0,02,-,1,2,2,55,11/04/1969,1,03,3,2,5,07, , , , , ,1, ,8341,0
00,1024,1,11A232,09,40140,3,1,0,01,-,1,1,1,63,16/08/1961,1,07,3,2,5,03,4,4,3,1,001800,1,1,8341,42608
00,1024,1,11A232,09,40140,3,1,0,04,-,1,3,1,30,17/06/1994,1,07,4,2,6,04, , , , , ,1, ,8341,0
00,1024,1,11A232,09,40140,2,1,0,03,-,1,3,2,10,08/03/2014,1,02,4,1, , , , , , , ,1, ,8341,0
00,1024,1,11A232,09,40140,2,1,0,01,-,1,1,1,32,24/03/1992,1,07,5,2,5,01,3,4,3,1,001500,1,1,8341,17043
00,1024,1,11A232,09,40140,3,1,0,05,-,1,3,1,30,30/10/1994,1,07,4,2,6,01,1,7,3,3,008000,1, ,8341,0
00,1024,1,11A232,09,40141,2,1,0,05,-,1,5,1,23,01/03/2001,1,02,6,2,1,01,4,5,3,1,002100,1, ,7992,0
00,1024,1,11A232,09,40141,1,1,0,03,-,1,3,1,21,12/06/2003,1,07,4,1,6,06, , , , , ,1, ,7992,0
00,1024,1,11A232,09,40141,3,1,0,02,-,1,2,2,65,08/11/1958,1,02,3,2,5,07, , , , , ,1, ,7992,0
00,1024,1,11A232,09,40141,3,1,0,01,-,1,1,1,65,03/12/1958,1,03,3,2,5,01,5,5,3,1,001200,1,1,7992,32660
00,1024,1,11A232,09,40141,2,1,0,06,-,1,5,2,19,06/11/2005,1,04,3,2,6,01,4,5,3,2,001800,1, ,7992,0
00,1024,1,11A232,09,40141,1,1,0,02,-,1,2,2,51,19/11/1972,1,08,2,2,5,01,2,7,3,2,003000,1, ,7992,0
00,1024,1,11A232,09,40141,2,1,0,03,-,1,3,2,56,09/09/1968,1,02,6,2,3,01,4,5,3,1,000800,1, ,7992,0
00,1024,1,11A232,09,40141,1,1,0,01,-,1,1,1,57,24/09/1967,1,07,5,2,5,01,1,3,1,3,025000,1,1,7992,24495
00,1024,1,11A232,09,40141,2,1,0,02,-,1,3,1,62,17/02/1962,1,02,6,2,5,01,5,5,3,1,003500,1,1,7992,48990
00,1024,1,11A232,09,40141,4,1,0,02,-,1,3,1,16,14/03/2008,1,04,3,1,6,02,4,4,6,5, ,1, ,7992,0
00,1024,1,11A232,09,40141,3,1,0,04,-,1,7,1,34,16/09/1990,1,03,3,2,6,05, , , , , ,1, ,7992,0
00,1024,1,11A232,09,40141,3,1,0,03,-,1,3,1,34,15/01/1990,1,04,3,2,6,01,5,5,4,1,000800,1, ,7992,0
00,1024,1,11A232,09,40141,2,1,0,04,-,1,5,2,44,23/12/1979,1,02,3,2,5,07, , , , , ,1, ,7992,0
00,1024,1,11A232,09,40141,2,1,0,07,-,1,5,1,16,11/04/2008,1,03,3,2,6,01,5,5,3,1,001500,1, ,7992,0
00,1024,1,11A232,09,40141,4,1,0,01,-,1,1,1,47,11/05/1977,1,02,6,2,4,01,4,4,3,1,001000,1,1,7992,8165
00,1024,1,11A232,09,40141,2,1,0,01,-,1,1,2,80,02/08/1944,2,00, ,2,4,01,4,5,2,1,000800,1, ,7992,0
00,1024,1,11A232,09,40141,2,1,0,08,-,1,5,1,14,05/01/2010,1,03,2,1,6,06, , , , , ,1, ,7992,0
00,1024,1,11A232,09,40144,1,1,0,01,-,1,1,2,48,21/07/1976,1,07,4,1,3,01,3,5,3,2,003000,1,1,6867,28062
00,1024,1,11A232,09,40144,2,1,0,03,-,1,8,2,12,22/08/2012,1,02,6,1,6,06, , , , , ,1, ,6867,0
00,1024,1,11A232,09,40144,2,1,0,01,-,1,1,1,52,17/10/1972,1,02,6,2,1,01,5,5,1,3,030000,1,1,6867,14031
00,1024,1,11A232,09,40144,4,1,0,01,-,1,1,1,49,27/09/1975,1,03,3,2,4,01,5,5,3,1,001200,1,1,6867,7016
00,1024,1,11A232,09,40144,2,1,0,04,-,1,7,1,08,18/05/2016,1,02,2,1, , , , , , , ,1, ,6867,0
00,1024,1,11A232,09,40144,3,1,0,01,-,1,1,2,74,23/11/1949,1,02,1,2,4,07, , , , , ,1,1,6867,7016
00,1024,1,11A232,09,40144,1,1,0,03,-,1,3,2,25,12/07/1999,1,07,4,2,6,01,3,5,3,2,002000,1, ,6867,0
00,1024,1,11A232,09,40144,1,1,0,04,-,1,7,1,25,02/08/1999,1,07,4,2,1,01,3,5,3,2,002500,1, ,6867,0
00,1024,1,11A232,09,40144,1,1,0,02,-,1,3,2,27,13/07/1997,1,04,3,2,5,01,9,9,3,2,002000,1, ,6867,0
00,1024,1,11A232,09,40144,4,1,0,03,-,1,3,1,15,01/04/2009,1,03,3,2,6,07, , , , , ,1, ,6867,0
00,1024,1,11A232,09,40144,1,1,0,05,-,1,5,2,06,02/07/2018,2,01,3,1, , , , , , , ,1, ,6867,0
00,1024,1,11A232,09,40144,2,1,0,02,-,1,2,2,35,03/09/1989,1,04,3,2,1,07, , , , , ,1, ,6867,0
00,1024,1,11A232,09,40144,4,1,0,02,-,1,3,1,17,28/10/2007,1,03,3,2,6,01,5,5,3,1,001200,1, ,6867,0
00,1024,1,11A232,09,40146,1,1,0,02,-,1,3,1,08,03/12/2015,1,02,2,1, , , , , , , ,1, ,11837,0
00,1024,1,11A232,09,40146,1,1,0,01,-,1,1,2,32,10/09/1992,1,03,3,2,2,01,4,5,3,1,001500,1,1,11837,12093
00,1024,1,11A232,09,40146,1,1,0,03,-,1,3,2,00,13/07/2024, , , , , , , , , , , ,1, ,11837,0
00,1024,1,11A232,09,40146,2,1,0,01,-,1,1,2,63,19/06/1961,1,03,3,2,6,01,5,5,2,1,000800,1,1,11837,12093
00,1024,1,11A232,09,40146,3,1,0,01,-,1,1,1,47,22/06/1977,1,02,6,2,5,01,4,4,3,1,001200,1,1,11837,60467
00,1024,1,11A232,09,40146,3,1,0,03,-,1,3,1,21,22/02/2003,1,04,3,2,6,01,4,5,5,1,000200,1, ,11837,0
00,1024,1,11A232,09,40146,3,1,0,05,-,1,3,1,19,29/10/2005,1,04,2,1,6,06, , , , , ,1, ,11837,0
00,1024,1,11A232,09,40146,3,1,0,04,-,1,3,2,21,22/05/2003,1,07,1,1,6,06, , , , , ,1, ,11837,0
00,1024,1,11A232,09,40146,4,1,0,04,-,1,3,2,11,13/05/2013,1,02,4,1, , , , , , , ,1, ,11837,0
00,1024,1,11A232,09,40146,4,1,0,03,-,1,3,2,13,24/02/2011,1,02,6,1,6,06, , , , , ,1, ,11837,0
00,1024,1,11A232,09,40146,4,1,0,02,-,1,2,2,45,31/05/1979,1,03,3,2,5,01,5,5,2,1,001200,1,1,11837,24187
00,1024,1,11A232,09,40146,3,1,0,02,-,1,2,2,40,02/06/1984,1,04,3,2,5,07, , , , , ,1, ,11837,0
00,1024,1,11A232,09,40146,4,1,0,01,-,1,1,1,51,14/07/1973,1,03,3,2,5,01,5,5,3,2,004500,1, ,11837,0
00,1024,1,11A232,09,40150,3,1,0,02,-,1,2,2,78,26/07/1946,2,02,2,2,5,07, , , , , ,1, ,7799,0
00,1024,1,11A232,09,40150,2,1,0,02,-,1,2,2,42,06/09/1982,1,04,3,2,5,07, , , , , ,1,1,7799,31873
00,1024,1,11A232,09,40150,1,1,0,01,-,1,1,2,32,19/03/1992,1,03,3,2,1,03,5,5,4,1,000700,1,1,7799,15937
00,1024,1,11A232,09,40150,1,1,0,02,-,1,2,1,40,08/08/1984,1,02,6,2,1,01,4,4,5,1,003000,1, ,7799,0
00,1024,1,11A232,09,40150,3,1,0,04,-,1,5,2,48,20/12/1975,1,03,3,1,1,07, , , , , ,1, ,7799,0
00,1024,1,11A232,09,40150,1,1,0,03,-,1,3,2,10,18/08/2014,1,02,4,1, , , , , , , ,1, ,7799,0
00,1024,1,11A232,09,40150,4,1,0,03,-,1,3,1,04,22/05/2020, , , , , , , , , , , ,1, ,7799,0
00,1024,1,11A232,09,40150,3,1,0,05,-,1,5,2,31,01/05/1993,1,03,2,2,2,01,5,5,3,1,001500,1,1,7799,47810
00,1024,1,11A232,09,40150,4,1,0,02,-,1,2,2,25,22/05/1999,1,04,2,2,5,07, , , , , ,1, ,7799,0
00,1024,1,11A232,09,40150,3,1,0,03,-,1,3,1,49,18/12/1974,1,04,3,2,1,01,3,5,5,2,007000,1, ,7799,0
00,1024,1,11A232,09,40150,3,1,0,06,-,1,5,2,21,03/09/2003,1,04,3,2,6,01,5,5,3,1,001700,1, ,7799,0
00,1024,1,11A232,09,40150,3,1,0,01,-,1,1,1,79,24/07/1945,1,99, ,2,5,08, , , , , ,1, ,7799,0
00,1024,1,11A232,09,40150,2,1,0,01,-,1,1,1,47,26/10/1977,1,03,3,2,5,01,1,5,4,1,012000,1, ,7799,0
00,1024,1,11A232,09,40150,2,1,0,04,-,1,5,2,18,29/05/2006,1,04,2,1,1,06, , , , , ,1, ,7799,0
00,1024,1,11A232,09,40150,2,1,0,05,-,1,3,1,16,11/04/2008,1,04,1,1,6,06, , , , , ,1, ,7799,0
00,1024,1,11A232,09,40150,4,1,0,01,-,1,1,1,26,28/01/1998,1,04,3,2,5,01,1,5,3,2,004000,1,1,7799,15937
00,1024,1,11A232,09,40150,2,1,0,03,-,1,3,1,21,13/06/2003,1,04,2,1,1,01,1,5,4,1,002000,1, ,7799,0
00,1024,1,11A232,09,40150,3,1,0,07,-,1,5,2,14,01/05/2010,1,03,2,1,6,06, , , , , ,1, ,7799,0
00,1024,1,11A232,09,40153,4,1,0,05,-,1,3,2,29,25/03/1995,1,07,1,2,6,01,5,5,3,2,002800,1, ,6177,0
00,1024,1,11A232,09,40153,3,1,0,03,-,1,3,2,60,11/11/1963,1,04,3,2,1,01,3,7,3,2,004000,1, ,6177,0
00,1024,1,11A232,09,40153,3,1,0,01,-,1,1,2,92,25/04/1932,1,02,4,2,4,07, , , , , ,1,1,6177,18933
00,1024,1,11A232,09,40153,1,1,0,01,-,1,1,1,59,22/05/1965,1,07,5,2,6,01,3,5,2,1,000500,1,1,6177,6311
00,1024,1,11A232,09,40153,2,1,0,01,-,1,1,1,63,16/07/1961,1,02,6,2,5,08, , , , , ,1, ,6177,0
00,1024,1,11A232,09,40153,4,1,0,03,-,1,5,1,32,14/07/1992,1,04,2,2,1,01,4,5,2,3,010000,1, ,6177,0
00,1024,1,11A232,09,40153,4,1,0,01,-,1,1,1,63,17/04/1961,1,03,2,2,5,05, , , , , ,1, ,6177,0
00,1024,1,11A232,09,40153,4,1,0,08,-,1,5,2,11,29/09/2013,1,02,5,1, , , , , , , ,1, ,6177,0
00,1024,1,11A232,09,40153,4,1,0,04,-,1,3,2,34,13/09/1990,1,06,1,2,1,01,5,5,2,1,000800,1,1,6177,31555
00,1024,1,11A232,09,40153,2,1,0,03,-,1,5,1,13,25/06/2011,1,03,1,1,6,06, , , , , ,1, ,6177,0
00,1024,1,11A232,09,40153,4,1,0,07,-,1,5,2,12,24/02/2012,1,02,6,1,6,06, , , , , ,1, ,6177,0
00,1024,1,11A232,09,40153,4,1,0,06,-,1,5,1,14,21/02/2010,1,03,2,1,6,06, , , , , ,1, ,6177,0
00,1024,1,11A232,09,40153,2,1,0,02,-,1,2,2,60,02/05/1964,1,02,6,2,5,07, , , , , ,1,1,6177,12622
00,1024,1,11A232,09,40153,4,1,0,02,-,1,2,2,57,10/09/1967,1,02,6,2,5,07, , , , , ,1, ,6177,0
00,1024,1,11A232,09,40153,3,1,0,02,-,1,3,1,54,20/07/1970,1,04,3,2,6,01,3,7,3,2,005000,1, ,6177,0
00,1024,1,11A232,09,40157,1,1,0,02,-,1,3,1,02,14/01/2022, , , , , , , , , , , ,1, ,7342,0
00,1024,1,11A232,09,40157,2,1,0,03,-,1,3,1,24,16/04/2000,1,07,4,2,6,01,5,5,3,1,009999,1, ,7342,0
00,1024,1,11A232,09,40157,3,1,0,01,-,1,1,2,50,26/10/1974,1,03,3,2,6,01,5,4,3,1,002500,1,1,7342,7501
00,1024,1,11A232,09,40157,2,1,0,02,-,1,2,2,55,28/04/1969,1,03,3,2,5,07, , , , , ,1,1,7342,30003
00,1024,1,11A232,09,40157,4,1,0,02,-,1,2,2,58,10/12/1965,1,03,3,2,5,01,5,5,3,2,003000,1,1,7342,15002
00,1024,1,11A232,09,40157,2,1,0,04,-,1,3,2,26,15/10/1998,1,07,4,2,2,01,9,9,3,1,009999,1, ,7342,0
00,1024,1,11A232,09,40157,4,1,0,01,-,1,1,1,62,02/08/1962,1,04,2,2,5,01,5,5,2,1,003000,1, ,7342,0
00,1024,1,11A232,09,40157,2,1,0,05,-,1,5,1,10,05/11/2013,1,02,5,1, , , , , , , ,1, ,7342,0
00,1024,1,11A232,09,40157,1,1,0,01,-,1,1,2,30,25/11/1993,1,04,3,2,2,01,4,4,3,1,001700,1,1,7342,7501
00,1024,1,11A232,09,40157,2,1,0,01,-,1,1,1,50,30/05/1974,1,08,2,2,5,01,1,7,3,2,009999,1, ,7342,0
00,1024,1,11A232,09,40159,1,1,0,02,-,1,3,1,22,19/06/2002,1,03,3,1,6,06, , , , , ,1, ,8449,0
00,1024,1,11A232,09,40159,1,1,0,03,-,1,3,1,19,13/10/2005,1,03,3,2,6,04, , , , , ,1, ,8449,0
00,1024,1,11A232,09,40159,2,1,0,01,-,1,1,1,67,22/10/1957,1,06,3,2,1,01,2,5,3,2,009999,1,1,8449,17265
00,1024,1,11A232,09,40159,4,1,0,02,-,1,8,1,21,11/03/2003,1,07,1,2,6,04, , , , , ,1, ,8449,0
00,1024,1,11A232,09,40159,2,1,0,02,-,1,2,2,66,14/10/1958,1,02,6,2,1,07, , , , , ,1, ,8449,0
00,1024,1,11A232,09,40159,4,1,0,01,-,1,1,1,30,28/10/1994,1,04,4,2,1,01,9,2,3,1,002500,1,1,8449,17265
00,1024,1,11A232,09,40159,1,1,0,01,-,1,1,2,47,17/02/1977,1,04,3,1,3,01,4,4,3,2,000800,1,1,8449,25897
00,1024,1,12A232,09,40163,2,1,0,03,-,1,3,2,14,17/03/2010,1,03,2,1,6,06, , , , , ,1, ,7466,0
00,1024,1,12A232,09,40163,2,1,0,01,-,1,1,2,45,29/03/1979,1,04,3,2,6,01,4,4,3,1,002000,1, ,7466,0
00,1024,1,12A232,09,40163,2,1,0,02,-,1,3,2,26,27/11/1997,1,07,4,2,6,01,1,3,5,3,006000,1,1,7466,23026
00,1024,1,12A232,09,40163,2,1,0,04,-,1,4,2,71,06/01/1953,1,02,6,2,3,07, , , , , ,1, ,7466,0
00,1024,1,12A232,09,40163,3,1,0,01,-,1,1,2,19,20/05/2005,1,03,3,2,1,07, , , , , ,1,1,7466,7675
00,1024,1,12A232,09,40163,1,1,0,03,-,1,3,1,32,20/05/1992,1,06,3,1,6,01,5,5,2,3,003000,1, ,7466,0
00,1024,1,12A232,09,40163,1,1,0,02,-,1,2,1,48,20/05/1976,1,04,3,2,1,01,4,4,2,1,000700,1,1,7466,30702
00,1024,1,12A232,09,40163,4,1,0,04,-,1,3,1,26,21/01/1998,1,07,4,2,6,01,5,5,3,1,002200,1, ,7466,0
00,1024,1,12A232,09,40163,4,1,0,03,-,1,3,1,10,17/01/2014,1,02,4,1, , , , , , , ,1, ,7466,0
00,1024,1,12A232,09,40163,1,1,0,04,-,1,3,1,22,22/01/2002,1,07,2,1,6,06, , , , , ,1, ,7466,0
00,1024,1,12A232,09,40163,4,1,0,02,-,1,2,2,48,19/12/1975,1,02,6,2,1,07, , , , , ,1,1,7466,23026
00,1024,1,12A232,09,40163,1,1,0,01,-,1,1,2,63,29/09/1961,1,03,3,2,1,01,4,4,3,1,000700,1, ,7466,0
00,1024,1,12A232,09,40163,3,1,0,02,-,1,3,2,01,27/04/2023, , , , , , , , , , , ,1, ,7466,0
00,1024,1,12A232,09,40163,4,1,0,01,-,1,1,1,38,04/10/1986,1,03,3,2,1,01,5,5,3,1,003000,1, ,7466,0
00,1024,1,12A232,09,40166,2,1,0,03,-,1,3,2,40,14/09/1984,1,07,4,2,1,01,1,5,3,3,012400,1, ,6187,0
00,1024,1,12A232,09,40166,2,1,0,02,-,1,2,2,73,03/08/1951,1,04,3,2,5,07, , , , , ,1, ,6187,0
00,1024,1,12A232,09,40166,2,1,0,01,-,1,1,1,70,29/12/1953,1,07,4,2,5,01,4,4,3,2,003500,1,1,6187,25440
00,1024,1,12A232,09,40166,4,1,0,03,-,1,3,1,32,28/07/1992,1,04,3,2,1,01,4,4,3,1,001500,1, ,6187,0
00,1024,1,12A232,09,40166,4,1,0,02,-,1,2,1,36,10/03/1988,1,03,3,2,1,01,4,4,1,1,001500,1, ,6187,0
00,1024,1,12A232,09,40166,2,1,0,04,-,1,5,1,34,02/06/1990,1,07,5,2,1,01,1,5,3,3,015000,1, ,6187,0
00,1024,1,12A232,09,40166,3,1,0,02,-,1,2,2,28,27/01/1996,1,03,3,2,1,07, , , , , ,1, ,6187,0
00,1024,1,12A232,09,40166,4,1,0,04,-,1,5,1,09,05/10/2015,1,01,3,1, , , , , , , ,1, ,6187,0
00,1024,1,12A232,09,40166,4,1,0,05,-,1,3,1,32,31/07/1992,1,03,3,2,6,01,4,4,3,1,001800,1, ,6187,0
00,1024,1,12A232,09,40166,1,1,0,02,-,1,3,2,39,05/07/1985,1,04,3,2,6,01,5,5,3,1,002800,1, ,6187,0
00,1024,1,12A232,09,40166,1,1,0,01,-,1,1,2,62,09/01/1962,1,02,5,2,6,01,4,4,2,1,003000,1,1,6187,12720
00,1024,1,12A232,09,40166,3,1,0,01,-,1,1,1,40,04/09/1984,1,03,3,2,1,01,3,5,3,1,001800,1,1,6187,12720
00,1024,1,12A232,09,40166,4,1,0,01,-,1,1,2,51,01/10/1973,1,03,9,2,1,07, , , , , ,1,1,6187,25440
00,1024,1,12A232,09,40166,1,1,0,03,-,1,5,2,00,27/12/2023, , , , , , , , , , , ,1, ,6187,0
00,1024,1,12A232,09,40166,3,1,0,04,-,1,3,2,01,09/03/2023, , , , , , , , , , , ,1, ,6187,0
00,1024,1,12A232,09,40166,3,1,0,03,-,1,3,2,07,13/11/2016,1,01,3,1, , , , , , , ,1, ,6187,0
00,1024,1,12A232,09,40167,1,1,0,04,-,1,6,1,62,17/07/1962,1,07,4,2,5,01,9,9,2,1,004000,1, ,7320,0
00,1024,1,12A232,09,40167,1,1,0,03,-,1,6,2,58,21/01/1966,1,07,4,2,6,01,3,6,3,2,007500,1, ,7320,0
00,1024,1,12A232,09,40167,1,1,0,01,-,1,1,2,79,17/06/1945,1,03,3,2,6,08, , , , , ,1, ,7320,0
00,1024,1,12A232,09,40167,1,1,0,06,-,1,7,2,59,21/01/1965,1,07,4,2,5,01,1,1,3,2,010000,1, ,7320,0
00,1024,1,12A232,09,40167,1,1,0,05,-,1,7,2,27,14/02/1997,1,07,4,2,6,01,7,2,3,2,006000,1,1,7320,60199
00,1024,1,12A232,09,40167,2,1,0,03,-,1,2,2,64,05/11/1960,1,07,3,2,1,07, , , , , ,1, ,7320,0
00,1024,1,12A232,09,40167,3,1,0,04,-,1,3,1,05,05/12/2018,2,01,3,1, , , , , , , ,1, ,7320,0
00,1024,1,12A232,09,40167,3,1,0,02,-,1,2,2,27,21/01/1997,1,03,3,2,1,07, , , , , ,1, ,7320,0
00,1024,1,12A232,09,40167,2,1,0,02,-,1,3,1,30,01/03/1994,1,07,4,2,6,01,3,7,3,2,006000,1, ,7320,0
00,1024,1,12A232,09,40167,3,1,0,03,-,1,3,1,07,17/06/2017,1,01,3,1, , , , , , , ,1, ,7320,0
00,1024,1,12A232,09,40167,3,1,0,01,-,1,1,1,32,03/09/1992,1,03,3,2,1,01,4,4,3,2,003000,1,1,7320,15050
00,1024,1,12A232,09,40167,4,1,0,03,-,1,3,1,24,03/08/2000,1,04,3,1,6,06, , , , , ,1,1,7320,22575
00,1024,1,12A232,09,40167,1,1,0,08,-,1,7,2,26,15/09/1998,1,07,4,2,6,01,4,4,5,1,003000,1, ,7320,0
00,1024,1,12A232,09,40167,4,1,0,02,-,1,2,2,59,25/05/1965,1,02,6,2,5,07, , , , , ,1, ,7320,0
00,1024,1,12A232,09,40167,4,1,0,01,-,1,1,1,59,23/04/1965,1,04,3,2,5,01,4,4,1,1,000500,1, ,7320,0
00,1024,1,12A232,09,40167,1,1,0,07,-,1,7,2,55,15/04/1969,1,07,4,2,5,02,3,3,6,5, ,1, ,7320,0
00,1024,1,12A232,09,40167,2,1,0,01,-,1,1,1,70,28/03/1954,1,07,3,2,1,01,3,7,3,2,005000,1,1,7320,22575
00,1024,1,12A232,09,40167,1,1,0,02,-,1,6,1,66,16/08/1958,1,07,4,2,5,08, , , , , ,1, ,7320,0
00,1024,1,12A232,09,40170,4,1,0,03,-,1,3,1,44,18/04/1980,1,04,3,2,3,01,1,2,3,1,006000,1, ,8362,0
00,1024,1,12A232,09,40170,1,1,0,02,-,1,2,2,35,15/09/1989,1,04,3,2,1,01,1,4,3,2,003000,1,1,8362,17193
00,1024,1,12A232,09,40170,4,1,0,01,-,1,1,1,71,25/12/1952,1,04,3,2,5,08, , , , , ,1,1,8362,25789
00,1024,1,12A232,09,40170,1,1,0,04,-,1,3,2,10,14/09/2014,1,02,4,1, , , , , , , ,1, ,8362,0
00,1024,1,12A232,09,40170,1,1,0,01,-,1,1,1,31,02/11/1992,1,03,3,2,1,01,1,5,3,1,001800,1, ,8362,0
00,1024,1,12A232,09,40170,4,1,0,02,-,1,2,2,67,16/03/1957,1,02,6,2,5,07, , , , , ,1, ,8362,0
00,1024,1,12A232,09,40170,3,1,0,01,-,1,1,2,72,14/10/1952,1,06,2,2,2,08, , , , , ,1,1,8362,8596
00,1024,1,12A232,09,40170,1,1,0,03,-,1,3,1,13,28/03/2011,1,03,1,1,6,06, , , , , ,1, ,8362,0
00,1024,1,12A232,09,40170,2,1,0,01,-,1,1,2,64,15/01/1960,1,02,6,2,4,08, , , , , ,1,1,8362,8596
00,1024,1,12A232,09,40172,1,1,0,04,-,1,3,1,15,29/10/2009,1,03,3,1,6,06, , , , , ,1, ,7148,0
00,1024,1,12A232,09,40172,4,1,0,04,-,1,6,2,78,17/04/1946,1,05,4,2,6,08, , , , , ,1, ,7148,0
00,1024,1,12A232,09,40172,1,1,0,02,-,1,2,2,54,19/11/1969,1,04,3,2,5,01,4,5,3,1,001600,1, ,7148,0
00,1024,1,12A232,09,40172,3,1,0,02,-,1,2,1,60,28/06/1964,1,04,3,2,5,01,4,4,5,3,000300,1, ,7148,0
00,1024,1,12A232,09,40172,1,1,0,01,-,1,1,1,53,26/07/1971,1,03,3,2,5,03,4,4,1,1,001600,1,1,7148,22046
00,1024,1,12A232,09,40172,4,1,0,03,-,1,6,2,70,06/10/1954,1,05,4,2,6,01,1,5,3,2,007000,1, ,7148,0
00,1024,1,12A232,09,40172,2,1,0,01,-,1,1,1,51,24/11/1972,1,07,5,2,5,01,4,5,1,1,002000,1,1,7148,14698
00,1024,1,12A232,09,40172,3,1,0,03,-,1,3,1,29,24/03/1995,1,07,5,2,6,04, , , , , ,1, ,7148,0
00,1024,1,12A232,09,40172,4,1,0,02,-,1,6,2,76,30/01/1948,1,06,3,2,6,01,4,4,1,1,001500,1, ,7148,0
00,1024,1,12A232,09,40172,3,1,0,01,-,1,1,2,59,28/09/1965,1,06,4,2,5,01,4,4,5,3,000300,1,1,7148,22046
00,1024,1,12A232,09,40172,2,1,0,02,-,1,2,2,51,29/01/1973,1,06,3,2,5,01,1,5,1,1,002000,1, ,7148,0
00,1024,1,12A232,09,40172,4,1,0,01,-,1,1,1,72,25/07/1952,1,07,2,2,6,01,4,4,1,1,001500,1,1,7148,29395
00,1024,1,12A232,09,40172,1,1,0,03,-,1,3,2,18,26/06/2006,1,04,3,1,6,06, , , , , ,1, ,7148,0
00,1024,1,12A232,09,40176,3,1,0,04,-,1,5,2,38,01/08/1986,1,03,3,2,5,07, , , , , ,1,1,6623,27233
00,1024,1,12A232,09,40176,3,1,0,05,-,1,5,2,17,10/03/2007,1,03,3,1,6,06, , , , , ,1, ,6623,0
00,1024,1,12A232,09,40176,2,1,0,01,-,1,1,1,65,29/12/1958,1,03,9,2,1,09, , , , , ,1,1,6623,34041
00,1024,1,12A232,09,40176,4,1,0,01,-,1,1,1,41,08/02/1983,1,07,4,2,1,01,1,6,3,2,020000,1,1,6623,13616
00,1024,1,12A232,09,40176,4,1,0,02,-,1,2,2,37,15/03/1987,1,07,3,2,1,07, , , , , ,1, ,6623,0
00,1024,1,12A232,09,40176,2,1,0,06,-,1,5,1,15,15/03/2009,1,03,3,1,6,06, , , , , ,1, ,6623,0
00,1024,1,12A232,09,40176,3,1,0,01,-,1,1,1,72,24/06/1952,1,02,6,2,5,08, , , , , ,1, ,6623,0
00,1024,1,12A232,09,40176,2,1,0,04,-,1,3,2,48,07/04/1976,1,07,3,2,1,07, , , , , ,1, ,6623,0
00,1024,1,12A232,09,40176,2,1,0,05,-,1,5,2,18,07/09/2006,1,04,3,2,6,07, , , , , ,1, ,6623,0
00,1024,1,12A232,09,40176,4,1,0,04,-,1,3,1,14,23/02/2010,1,02,6,1,6,06, , , , , ,1, ,6623,0
00,1024,1,12A232,09,40176,2,1,0,03,-,1,5,1,48,07/04/1976,1,03,3,2,1,01,5,6,3,1,003000,1, ,6623,0
00,1024,1,12A232,09,40176,2,1,0,02,-,1,2,2,65,21/01/1959,1,02,6,2,1,08, , , , , ,1, ,6623,0
00,1024,1,12A232,09,40176,4,1,0,03,-,1,3,2,05,08/11/2018,2,01,2,1, , , , , , , ,1, ,6623,0
00,1024,1,12A232,09,40176,3,1,0,03,-,1,3,1,46,14/08/1978,1,03,3,2,5,01,5,6,5,1,001500,1, ,6623,0
00,1024,1,12A232,09,40176,3,1,0,02,-,1,2,2,73,12/08/1951,1,03,3,2,5,07, , , , , ,1, ,6623,0
00,1024,1,12A232,09,40179,3,1,0,02,-,1,6,1,56,14/01/1968,1,06,3,2,6,01,2,5,3,2,009999,1,1,9398,19324
00,1024,1,12A232,09,40179,4,1,0,02,-,1,2,2,35,22/08/1989,1,04,3,2,5,07, , , , , ,1, ,9398,0
00,1024,1,12A232,09,40179,4,1,0,01,-,1,1,1,36,29/04/1988,1,03,3,2,5,01,3,5,2,3,009999,1,1,9398,19324
00,1024,1,12A232,09,40179,4,1,0,03,-,1,3,1,12,22/02/2012,1,02,5,1,6,06, , , , , ,1, ,9398,0
00,1024,1,12A232,09,40179,3,1,0,01,-,1,1,2,62,20/03/1962,1,04,3,1,6,01,3,7,3,2,006700,1, ,9398,0
00,1024,1,12A232,09,40179,2,1,0,02,-,1,3,1,20,15/09/2004,1,03,3,2,6,07, , , , , ,1, ,9398,0
00,1024,1,12A232,09,40179,2,1,0,03,-,1,3,1,18,12/07/2006,1,99, ,2,6,01,4,5,3,1,009999,1, ,9398,0
00,1024,1,12A232,09,40179,2,1,0,04,-,1,3,1,25,18/08/1999,1,03,3,2,6,01,4,4,3,1,009999,1, ,9398,0
00,1024,1,12A232,09,40179,2,1,0,01,-,1,1,2,49,24/10/1975,1,03,3,2,2,99, , , , , ,1,1,9398,38648
00,1024,1,12A232,09,40180,1,1,0,04,-,1,3,2,32,14/12/1991,1,04,3,2,1,07, , , , , ,1,1,7721,31749
00,1024,1,12A232,09,40180,2,1,0,05,-,1,5,2,07,03/05/2017,1,02,1,1, , , , , , , ,1, ,7721,0
00,1024,1,12A232,09,40180,1,1,0,05,-,1,5,1,14,16/09/2010,1,03,2,1,6,06, , , , , ,1, ,7721,0
00,1024,1,12A232,09,40180,1,1,0,01,-,1,1,2,56,14/10/1968,1,07,4,2,4,01,1,7,3,2,007000,1, ,7721,0
00,1024,1,12A232,09,40180,2,1,0,03,-,1,5,2,14,07/06/2010,1,03,2,1,6,06, , , , , ,1, ,7721,0
00,1024,1,12A232,09,40180,3,1,0,01,-,1,1,2,66,17/06/1958,1,03,3,2,6,01,3,4,3,1,002000,1, ,7721,0
00,1024,1,12A232,09,40180,3,1,0,03,-,1,3,1,30,13/08/1994,1,04,3,2,6,01,4,4,3,2,003000,1, ,7721,0
00,1024,1,12A232,09,40180,1,1,0,07,-,1,5,1,03,02/10/2021, , , , , , , , , , , ,1, ,7721,0
00,1024,1,12A232,09,40180,2,1,0,02,-,1,3,2,34,15/03/1990,1,06,3,2,3,07, , , , , ,1, ,7721,0
00,1024,1,12A232,09,40180,4,1,0,01,-,1,1,1,67,12/10/1957,1,02,6,2,5,07, , , , , ,1,1,7721,15874
00,1024,1,12A232,09,40180,1,1,0,06,-,1,5,1,05,16/11/2018,2,01,3,1, , , , , , , ,1, ,7721,0
00,1024,1,12A232,09,40180,2,1,0,04,-,1,5,1,08,23/12/2015,1,02,3,1, , , , , , , ,1, ,7721,0
00,1024,1,12A232,09,40180,2,1,0,01,-,1,1,2,58,26/10/1966,1,06,1,2,3,01,4,4,1,2,001000,1,1,7721,15874
00,1024,1,12A232,09,40180,3,1,0,02,-,1,4,2,89,28/03/1935,1,02,6,2,4,09, , , , , ,1,1,7721,23811
00,1024,1,12A232,09,40180,4,1,0,02,-,1,2,2,63,22/09/1961,1,02,6,2,5,01,4,4,1,1,001000,1, ,7721,0
00,1024,1,12A232,09,40180,1,1,0,02,-,1,3,1,34,30/08/1990,1,04,3,2,6,01,3,5,3,2,003800,1, ,7721,0
00,1024,1,12A232,09,40180,1,1,0,03,-,1,8,1,33,09/03/1991,1,03,3,2,1,01,4,4,2,1,008000,1, ,7721,0
00,1024,1,12A232,09,40185,4,1,0,01,-,1,1,2,66,09/11/1957,1,03,2,2,4,01,4,4,2,1,000800,1, ,7769,0
00,1024,1,12A232,09,40185,1,1,0,02,-,1,2,2,55,22/10/1969,1,03,3,2,5,07, , , , , ,1,1,7769,31947
00,1024,1,12A232,09,40185,1,1,0,06,-,1,5,2,01,11/07/2023, , , , , , , , , , , ,1, ,7769,0
00,1024,1,12A232,09,40185,2,1,0,01,-,1,1,2,68,31/10/1955,1,03,1,2,5,08, , , , , ,1,1,7769,7987
00,1024,1,12A232,09,40185,4,1,0,02,-,1,7,1,44,15/10/1980,1,02,2,2,6,01,4,5,3,2,002000,1, ,7769,0
00,1024,1,12A232,09,40185,1,1,0,01,-,1,1,1,55,15/09/1969,1,03,3,2,5,01,4,5,3,1,002000,1, ,7769,0
00,1024,1,12A232,09,40185,1,1,0,03,-,1,3,2,31,10/09/1993,1,04,3,2,2,01,4,5,3,2,003000,1, ,7769,0
00,1024,1,12A232,09,40185,4,1,0,03,-,1,7,1,46,30/10/1978,1,02,6,2,5,01,5,5,3,1,002000,1,1,7769,31947
00,1024,1,12A232,09,40185,1,1,0,05,-,1,5,1,07,13/08/2017,1,02,1,1, , , , , , , ,1, ,7769,0
00,1024,1,12A232,09,40185,3,1,0,02,-,1,2,2,64,08/11/1959,1,06,3,2,5,07, , , , , ,1, ,7769,0
00,1024,1,12A232,09,40185,1,1,0,04,-,1,3,2,27,16/09/1997,1,04,3,2,6,01,3,5,3,2,004000,1, ,7769,0
00,1024,1,12A232,09,40185,4,1,0,05,-,1,8,1,59,06/09/1965,1,02,6,2,2,01,5,5,3,1,002000,1, ,7769,0
00,1024,1,12A232,09,40185,3,1,0,01,-,1,1,1,69,04/09/1955,1,07,4,2,5,01,5,5,3,1,000300,1, ,7769,0
00,1024,1,12A232,09,40185,4,1,0,04,-,1,8,1,17,30/10/2007,1,02,6,2,6,01,5,5,3,1,001000,1, ,7769,0
00,1024,1,12A232,09,40185,3,1,0,03,-,1,3,1,28,07/11/1996,1,07,4,1,6,01,3,5,3,2,008000,1,1,7769,23960
00,1024,1,12A232,09,40189,2,1,0,02,-,1,2,2,67,08/09/1957,1,06,3,2,5,07, , , , , ,1, ,8083,0
00,1024,1,12A232,09,40189,4,1,0,02,-,1,2,2,47,09/12/1976,1,06,3,2,1,01,3,5,3,2,006900,1, ,8083,0
00,1024,1,12A232,09,40189,4,1,0,01,-,1,1,1,51,21/02/1973,1,03,3,2,1,01,5,5,3,1,003500,1,1,8083,33238
00,1024,1,12A232,09,40189,3,1,0,01,-,1,1,1,34,04/02/1990,1,03,3,1,1,01,3,5,3,2,004000,1, ,8083,0
00,1024,1,12A232,09,40189,3,1,0,03,-,1,3,2,15,27/06/2009,1,03,3,1,6,06, , , , , ,1, ,8083,0
00,1024,1,12A232,09,40189,4,1,0,05,-,1,3,2,10,27/10/2014,1,02,4,1, , , , , , , ,1, ,8083,0
00,1024,1,12A232,09,40189,2,1,0,01,-,1,1,1,53,20/06/1971,1,04,3,2,5,05, , , , , ,1,1,8083,16619
00,1024,1,12A232,09,40189,3,1,0,02,-,1,2,2,33,06/10/1991,1,03,3,2,1,07, , , , , ,1,1,8083,16619
00,1024,1,12A232,09,40189,3,1,0,04,-,1,3,2,12,07/04/2012,1,02,6,1,6,06, , , , , ,1, ,8083,0
00,1024,1,12A232,09,40189,3,1,0,05,-,1,3,1,06,29/01/2018,2,01,3,1, , , , , , , ,1, ,8083,0
00,1024,1,12A232,09,40189,4,1,0,03,-,1,3,1,19,24/03/2005,1,07,2,1,6,06, , , , , ,1, ,8083,0
00,1024,1,12A232,09,40189,4,1,0,04,-,1,3,1,18,25/08/2006,1,04,3,2,6,04, , , , , ,1, ,8083,0
00,1024,1,12A232,09,40192,4,1,0,04,-,1,5,2,29,09/01/1995,1,04,3,2,1,07, , , , , ,1, ,7110,0
00,1024,1,12A232,09,40192,1,1,0,02,-,1,3,1,10,03/05/2014,1,02,4,1, , , , , , , ,1, ,7110,0
00,1024,1,12A232,09,40192,4,1,0,05,-,1,5,1,10,19/03/2014,1,02,4,1, , , , , , , ,1, ,7110,0
00,1024,1,12A232,09,40192,3,1,0,01,-,1,1,2,84,02/08/1940,1,02,2,2,4,08, , , , , ,1,1,7110,7310
00,1024,1,12A232,09,40192,4,1,0,06,-,1,5,1,06,16/02/2018,2,01,3,1, , , , , , , ,1, ,7110,0
00,1024,1,12A232,09,40192,1,1,0,03,-,1,3,2,09,25/09/2015,1,02,3,1, , , , , , , ,1, ,7110,0
00,1024,1,12A232,09,40192,1,1,0,01,-,1,1,2,36,13/01/1988,1,03,3,2,6,01,5,5,3,1,000500,1,1,7110,7310
00,1024,1,12A232,09,40192,1,1,0,04,-,1,3,1,02,28/06/2022, , , , , , , , , , , ,1, ,7110,0
00,1024,1,12A232,09,40192,4,1,0,03,-,1,3,1,33,10/12/1990,1,04,3,2,1,01,5,5,3,2,001000,1,1,7110,29240
00,1024,1,12A232,09,40192,2,1,0,01,-,1,1,1,55,23/09/1969,1,03,3,2,6,01,2,5,3,2,004200,1,1,7110,7310
00,1024,1,12A232,09,40192,4,1,0,02,-,1,2,2,67,30/08/1957,1,02,6,2,5,08, , , , , ,1, ,7110,0
00,1024,1,12A232,09,40192,4,1,0,01,-,1,1,1,72,19/05/1952,1,04,2,2,5,08, , , , , ,1, ,7110,0
00,1024,1,12A232,09,40193,3,1,0,01,-,1,1,1,65,24/12/1958,1,04,3,2,3,01,4,3,3,1,004000,1,1,8870,36477
00,1024,1,12A232,09,40193,1,1,0,03,-,1,3,2,22,26/04/2002,1,07,4,2,6,01,4,5,3,2,005000,1, ,8870,0
00,1024,1,12A232,09,40193,3,1,0,03,-,1,6,2,61,27/08/1963,1,06,3,2,6,01,5,5,3,2,001100,1, ,8870,0
00,1024,1,12A232,09,40193,1,1,0,02,-,1,2,1,48,30/12/1975,1,07,3,2,5,01,3,5,3,2,020000,1, ,8870,0
00,1024,1,12A232,09,40193,4,1,0,01,-,1,1,1,73,29/12/1950,1,07,6,2,4,01,4,5,2,1,000150,1,1,8870,9119
00,1024,1,12A232,09,40193,1,1,0,01,-,1,1,2,50,29/08/1974,1,07,4,2,5,01,1,5,2,3,008000,1, ,8870,0
00,1024,1,12A232,09,40193,2,1,0,01,-,1,1,1,63,12/11/1960,1,03,3,2,6,09, , , , , ,1,1,8870,9119
00,1024,1,12A232,09,40193,1,1,0,04,-,1,3,2,20,25/10/2004,1,04,3,1,6,06, , , , , ,1,1,8870,36477
00,1024,1,12A232,09,40193,3,1,0,04,-,1,7,1,20,20/04/2004,1,04,1,1,6,06, , , , , ,1, ,8870,0
00,1024,1,12A232,09,40193,3,1,0,02,-,1,7,1,33,17/02/1991,1,07,5,1,6,01,1,5,1,3,005000,1, ,8870,0
00,1024,1,12A232,09,40196,3,1,0,03,-,1,3,2,16,03/07/2008,1,04,1,1,6,06, , , , , ,1, ,6994,0
00,1024,1,12A232,09,40196,1,1,0,01,-,1,1,1,49,30/10/1975,1,04,3,2,1,01,4,5,3,2,003600,1, ,6994,0
00,1024,1,12A232,09,40196,2,1,0,03,-,1,3,2,22,03/08/2002,1,07,5,1,6,06, , , , , ,1, ,6994,0
00,1024,1,12A232,09,40196,4,1,0,01,-,1,1,2,67,13/06/1957,1,03,3,2,2,08, , , , , ,1,1,6994,7190
00,1024,1,12A232,09,40196,3,1,0,01,-,1,1,2,53,17/11/1970,1,03,3,2,4,01,4,5,1,1,001000,1, ,6994,0
00,1024,1,12A232,09,40196,2,1,0,04,-,1,3,1,19,01/07/2005,1,04,3,2,6,07, , , , , ,1,1,6994,28762
00,1024,1,12A232,09,40196,2,1,0,05,-,1,3,2,02,08/10/2022, , , , , , , , , , , ,1, ,6994,0
00,1024,1,12A232,09,40196,1,1,0,02,-,1,2,2,56,09/11/1968,1,07,4,2,1,01,1,7,3,2,007000,1,1,6994,14381
00,1024,1,12A232,09,40196,3,1,0,02,-,1,3,2,25,19/02/1999,1,07,3,1,6,06, , , , , ,1,1,6994,14381
00,1024,1,12A232,09,40196,2,1,0,02,-,1,2,2,40,27/04/1984,1,04,1,2,5,07, , , , , ,1, ,6994,0
00,1024,1,12A232,09,40196,2,1,0,01,-,1,1,1,44,15/07/1980,1,04,3,2,5,01,4,4,1,1,004000,1, ,6994,0
00,1024,1,12A232,09,40198,2,1,0,01,-,1,1,2,50,02/10/1974,1,07,3,2,1,01,3,5,3,2,015000,1, ,7485,0
00,1024,1,12A232,09,40198,4,1,0,03,-,1,3,2,07,15/02/2017,1,01,3,1, , , , , , , ,1, ,7485,0
00,1024,1,12A232,09,40198,4,1,0,01,-,1,1,2,35,23/10/1989,1,04,3,1,1,01,3,5,3,2,003000,1, ,7485,0
00,1024,1,12A232,09,40198,3,1,0,03,-,1,3,2,23,07/06/2001,1,03,3,2,6,07, , , , , ,1, ,7485,0
00,1024,1,12A232,09,40198,4,1,0,02,-,1,2,1,44,27/07/1980,1,03,3,2,1,01,3,5,2,1,005000,1,1,7485,15390
00,1024,1,12A232,09,40198,2,1,0,02,-,1,2,1,51,11/09/1973,1,04,3,2,1,01,4,4,3,1,002500,1,1,7485,15390
00,1024,1,12A232,09,40198,3,1,0,01,-,1,1,2,56,05/08/1968,1,04,3,2,2,01,3,7,3,2,004000,1, ,7485,0
00,1024,1,12A232,09,40198,3,1,0,02,-,1,6,1,49,17/07/1975,1,03,3,2,6,01,5,5,3,2,004000,1,1,7485,23086
00,1024,1,12A232,09,40198,3,1,0,04,-,1,5,1,02,13/10/2022, , , , , , , , , , , ,1, ,7485,0
00,1024,1,12A232,09,40202,2,1,0,01,-,1,1,2,45,21/05/1979,1,08,2,1,3,01,3,7,3,2,007500,1,1,7184,7385
00,1024,1,12A232,09,40202,3,1,0,01,-,1,1,1,66,22/11/1957,1,06,3,2,5,08, , , , , ,1, ,7184,0
00,1024,1,12A232,09,40202,3,1,0,02,-,1,2,2,60,24/02/1964,1,04,2,2,5,07, , , , , ,1,1,7184,36926
00,1024,1,12A232,09,40202,2,1,0,03,-,1,3,1,13,27/08/2011,1,03,1,1,6,06, , , , , ,1, ,7184,0
00,1024,1,12A232,09,40202,4,1,0,01,-,1,1,1,37,30/08/1987,1,04,3,2,1,01,3,6,3,2,004000,1,1,7184,22156
00,1024,1,12A232,09,40202,3,1,0,03,-,1,3,2,40,17/06/1984,1,04,3,2,2,01,3,5,3,2,003000,1, ,7184,0
00,1024,1,12A232,09,40202,3,1,0,06,-,1,5,1,15,03/10/2009,1,03,2,1,6,06, , , , , ,1, ,7184,0
00,1024,1,12A232,09,40202,2,1,0,02,-,1,3,1,16,05/06/2008,1,04,1,1,6,06, , , , , ,1, ,7184,0
00,1024,1,12A232,09,40202,1,1,0,02,-,1,3,2,23,05/03/2001,1,07,3,1,6,06, , , , , ,1, ,7184,0
00,1024,1,12A232,09,40202,3,1,0,04,-,1,3,1,38,12/12/1985,2,00, ,2,6,09, , , , , ,1, ,7184,0
00,1024,1,12A232,09,40202,1,1,0,01,-,1,1,2,40,05/07/1984,1,06,3,2,2,07, , , , , ,1,1,7184,14771
00,1024,1,12A232,09,40202,4,1,0,02,-,1,2,2,47,07/06/1977,1,03,3,2,1,07, , , , , ,1, ,7184,0
00,1024,1,12A232,09,40202,4,1,0,03,-,1,3,1,19,24/01/2005,1,03,3,1,6,01,3,5,3,2,003500,1, ,7184,0
00,1024,1,12A232,09,40202,3,1,0,05,-,1,5,1,21,29/01/2003,1,07,2,1,6,06, , , , , ,1, ,7184,0
00,1024,1,12A232,09,40205,1,1,0,02,-,1,2,2,69,18/09/1955,1,02,6,2,5,07, , , , , ,1, ,8296,0
00,1024,1,12A232,09,40205,4,1,0,01,-,1,1,1,43,26/07/1981,1,07,3,2,2,01,1,3,3,1,002000,1,1,8296,8528
00,1024,1,12A232,09,40205,1,1,0,01,-,1,1,1,71,15/11/1952,1,03,2,1,5,08, , , , , ,1, ,8296,0
00,1024,1,12A232,09,40205,2,1,0,01,-,1,1,1,60,07/02/1964,1,04,3,2,6,01,2,7,3,2,010000,1,1,8296,8528
00,1024,1,12A232,09,40205,3,1,0,01,-,1,1,2,58,09/12/1965,1,04,3,2,6,01,1,5,2,3,003000,1,1,8296,8528
00,1024,1,12A232,09,40205,1,1,0,03,-,1,3,2,40,07/08/1984,1,07,4,2,6,01,5,5,4,3,002500,1,1,8296,25585
00,1024,1,12A232,09,40206,1,1,0,01,-,1,1,2,30,21/08/1994,1,08,2,2,6,01,3,5,3,2,009000,1,1,7762,15960
00,1024,1,12A232,09,40206,4,1,0,01,-,1,1,1,64,11/01/1960,1,00, ,2,4,01,4,4,2,1,002500,1, ,7762,0
00,1024,1,12A232,09,40206,2,1,0,02,-,1,3,2,10,12/02/2014,1,02,3,1, , , , , , , ,1, ,7762,0
00,1024,1,12A232,09,40206,4,1,0,03,-,1,3,2,38,06/03/1986,1,04,3,2,2,07, , , , , ,1, ,7762,0
00,1024,1,12A232,09,40206,3,1,0,02,-,1,5,1,48,04/03/1976,1,06,3,2,1,01,1,5,2,1,003000,1, ,7762,0
00,1024,1,12A232,09,40206,3,1,0,04,-,1,5,2,04,07/05/2020, , , , , , , , , , , ,1, ,7762,0
00,1024,1,12A232,09,40206,4,1,0,05,-,1,7,1,17,29/11/2006,1,04,3,1,6,01,7,2,3,1,001300,1, ,7762,0
00,1024,1,12A232,09,40206,2,1,0,01,-,1,1,2,39,10/10/1985,1,06,3,2,2,01,5,7,3,2,009999,1,1,7762,7980
00,1024,1,12A232,09,40206,4,1,0,07,-,1,5,2,12,14/05/2012,1,02,6,1,6,06, , , , , ,1, ,7762,0
00,1024,1,12A232,09,40206,3,1,0,01,-,1,1,2,77,14/10/1947,1,06,3,2,4,08, , , , , ,1,1,7762,23940
00,1024,1,12A232,09,40206,4,1,0,06,-,1,5,1,13,18/12/2010,1,03,2,1,6,06, , , , , ,1, ,7762,0
00,1024,1,12A232,09,40206,4,1,0,02,-,1,3,2,39,22/11/1984,1,04,3,2,6,01,5,2,3,1,001700,1, ,7762,0
00,1024,1,12A232,09,40206,3,1,0,03,-,1,3,2,39,12/05/1985,1,07,2,2,1,07, , , , , ,1, ,7762,0
00,1024,1,12A232,09,40206,1,1,0,02,-,1,8,1,28,01/09/1996,1,07,4,2,6,01,1,5,3,2,009000,1, ,7762,0
00,1024,1,12A232,09,40206,4,1,0,04,-,1,7,2,19,02/02/2005,1,04,3,2,6,01,7,2,3,2,002500,1,1,7762,31920
00,1024,1,12A232,09,40206,4,1,0,08,-,1,5,2,07,17/03/2017,2,02,1,1, , , , , , , ,1, ,7762,0
00,1024,1,12A232,09,40209,4,1,0,02,-,1,3,2,41,11/08/1983,1,03,3,2,3,01,4,5,3,1,001800,1,1,7621,15670
15,1024,1,12A232,09,40209,1,1,0,01,-,1,1,1,60,01/06/1964,1,04,3,2,4,01,2,7,3,2,009999,1, ,7621,0
15,1024,1,12A232,09,40209,1,1,0,03,-,1,5,2,17,05/03/2007,1,03,3,2,6,04, , , , , ,1, ,7621,0
00,1024,1,12A232,09,40209,3,1,0,01,-,1,1,2,49,31/12/1974,1,04,1,2,6,01,5,4,3,2,009999,1,1,7621,15670
00,1024,1,12A232,09,40209,4,1,0,01,-,1,1,1,73,15/11/1950,1,04,4,2,4,08, , , , , ,1, ,7621,0
15,1024,1,12A232,09,40209,1,1,0,04,-,1,5,1,18,15/05/2006,1,04,3,2,5,01,4,4,3,1,009999,1, ,7621,0
00,1024,1,12A232,09,40209,3,1,0,02,-,1,3,1,19,04/01/2005,1,04,2,1,6,01,4,4,3,1,001500,1, ,7621,0
15,1024,1,12A232,09,40209,1,1,0,02,-,1,3,2,37,19/02/1987,1,03,3,2,2,01,5,5,3,1,003000,1, ,7621,0
00,1024,1,12A232,09,40209,4,1,0,03,-,1,5,1,17,07/07/2007,1,03,3,1,6,06, , , , , ,1, ,7621,0
00,1024,1,12A232,09,40211,3,1,0,02,-,1,6,1,98, ,1,03,1,2,6,01,3,5,3,2,008000,1, ,8388,0
00,1024,1,12A232,09,40211,2,1,0,01,-,1,1,1,61,17/08/1963,1,04,3,2,5,01,4,5,1,1,008000,1,1,8388,17246
00,1024,1,12A232,09,40211,3,1,0,04,-,1,7,1,98, ,1,03,1,2,6,01,5,5,3,1,003000,1, ,8388,0
00,1024,1,12A232,09,40211,3,1,0,06,-,1,4,1,73,16/12/1950,1,03,1,2,4,01,2,7,3,2,003800,1,1,8388,51738
00,1024,1,12A232,09,40211,3,1,0,01,-,1,1,2,98, ,1,03,1,2,1,07, , , , , ,1, ,8388,0
00,1024,1,12A232,09,40211,2,1,0,02,-,1,2,2,66,16/10/1958,1,05,4,2,5,08, , , , , ,1, ,8388,0
00,1024,1,12A232,09,40211,1,1,0,02,-,1,2,2,79,21/08/1945,1,02,5,2,5,07, , , , , ,1, ,8388,0
00,1024,1,12A232,09,40211,3,1,0,03,-,1,7,2,98, ,1,03,1,2,6,01,5,5,3,2,003500,1, ,8388,0
00,1024,1,12A232,09,40211,1,1,0,01,-,1,1,1,88,19/03/1936,9,02,2,2,5,10, , , , , ,1,1,8388,17246
00,1024,1,12A232,09,40211,4,1,0,01,-,1,1,2,56,05/02/1968,1,06,3,2,6,01,5,5,3,2,003800,1,1,8388,8623
00,1024,1,12A232,09,40211,3,1,0,05,-,1,3,1,98, ,1,03,1,1,6,06, , , , , ,1, ,8388,0
00,1024,1,13A232,09,40218,2,1,0,01,-,1,1,2,46,07/04/1978,1,07,5,2,5,01,1,7,3,2,025000,1, ,10703,0
00,1024,1,13A232,09,40218,1,1,0,01,-,1,1,1,60,10/10/1964,1,07,4,1,5,08, , , , , ,1,1,10703,11393
00,1024,1,13A232,09,40218,2,1,0,03,-,1,3,2,07,07/07/2017,1,02,1,1, , , , , , , ,1, ,10703,0
00,1024,1,13A232,09,40218,2,1,0,02,-,1,2,1,47,08/01/1977,1,07,6,2,5,01,1,7,3,2,024000,1,1,10703,22786
00,1024,1,13A232,09,40219,3,1,0,02,-,1,3,2,44,16/05/1980,1,04,3,1,2,06, , , , , ,1, ,11187,0
00,1024,1,13A232,09,40219,3,1,0,05,-,1,5,2,18,03/06/2006,2,03,9,1,6,06, , , , , ,1, ,11187,0
00,1024,1,13A232,09,40219,3,1,0,04,-,1,5,2,21,20/03/2003,1,04,3,2,6,01,3,7,3,2,006000,1,1,11187,59543
00,1024,1,13A232,09,40219,4,1,0,02,-,1,3,2,27,27/02/1997,1,04,3,1,6,01,2,7,3,2,004000,1,1,11187,23817
00,1024,1,13A232,09,40219,3,1,0,01,-,1,1,2,69,05/02/1955,1,07,2,2,4,08, , , , , ,1, ,11187,0
00,1024,1,13A232,09,40219,2,1,0,01,-,1,1,1,53,11/09/1971,1,07,4,2,4,01,3,5,3,2,015000,1, ,11187,0
00,1024,1,13A232,09,40219,4,1,0,01,-,1,1,2,65,03/08/1959,1,07,2,2,4,08, , , , , ,1, ,11187,0
00,1024,1,13A232,09,40219,1,1,0,03,-,1,5,2,19,18/05/2005,1,04,3,2,6,01,3,7,2,1,004000,1, ,11187,0
00,1024,1,13A232,09,40219,1,1,0,01,-,1,1,2,70,01/09/1954,1,03,3,2,6,08, , , , , ,1,1,11187,35726
00,1024,1,13A232,09,40219,1,1,0,02,-,1,3,2,40,24/06/1984,1,07,4,2,2,01,1,7,2,1,002000,1, ,11187,0
00,1024,1,13A232,09,40219,2,1,0,03,-,1,3,2,25,20/01/1999,1,07,4,2,6,01,3,5,3,2,003000,1, ,11187,0
00,1024,1,13A232,09,40219,3,1,0,03,-,1,3,1,41,09/08/1983,1,07,3,2,6,04, , , , , ,1, ,11187,0
00,1024,1,13A232,09,40219,2,1,0,02,-,1,3,1,24,30/08/2000,1,07,4,2,6,01,7,3,3,1,002000,1,1,11187,35726
00,1024,1,13A232,09,40224,3,1,0,03,-,1,3,1,23,17/10/2001,1,07,3,1,6,06, , , , , ,1,1,10621,33919
00,1024,1,13A232,09,40224,1,1,0,02,-,1,3,1,23,22/09/2001,1,07,3,1,6,06, , , , , ,1,1,10621,22613
00,1024,1,13A232,09,40224,3,1,0,01,-,1,1,1,67,11/06/1957,1,07,3,2,5,01,1,7,3,2,007000,1, ,10621,0
00,1024,1,13A232,09,40224,1,1,0,01,-,1,1,2,50,09/01/1974,1,06,2,2,4,01,3,7,3,2,012000,1, ,10621,0
00,1024,1,13A232,09,40224,4,1,0,02,-,1,3,2,35,19/07/1989,1,08,2,2,6,01,1,5,2,1,005000,1, ,10621,0
00,1024,1,13A232,09,40224,4,1,0,01,-,1,1,2,59,07/10/1965,1,06,3,2,6,01,3,7,3,2,004800,1,1,10621,22613
00,1024,1,13A232,09,40224,3,1,0,02,-,1,2,2,60,03/02/1964,1,04,3,2,5,01,3,7,3,2,005000,1, ,10621,0
00,1024,1,13A232,09,40228,4,1,0,03,-,1,3,1,20,13/10/2004,1,04,3,1,6,06, , , , , ,1, ,11056,0
00,1024,1,13A232,09,40228,1,1,0,03,-,1,3,1,31,16/04/1993,1,07,4,2,6,01,3,7,3,2,005000,1, ,11056,0
00,1024,1,13A232,09,40228,2,1,0,01,-,1,1,2,64,11/08/1960,1,08,3,2,3,08, , , , , ,1,1,11056,11769
00,1024,1,13A232,09,40228,4,1,0,01,-,1,1,2,46,28/04/1978,1,04,3,2,3,01,4,4,2,2,004000,1,1,11056,35306
00,1024,1,13A232,09,40228,1,1,0,02,-,1,2,2,63,28/02/1961,1,07,5,2,5,08, , , , , ,1,1,11056,35306
00,1024,1,13A232,09,40228,1,1,0,01,-,1,1,1,62,24/04/1962,1,02,6,2,5,01,5,6,3,1,006000,1, ,11056,0
00,1024,1,13A232,09,40228,4,1,0,02,-,1,9,2,23,01/10/2001,1,03,3,1,6,06, , , , , ,1, ,11056,0
00,1024,1,13A232,09,40231,1,1,0,01,-,1,1,1,98, ,1,07,5,2,5,01,1,5,3,3,002000,1, ,8480,0
00,1024,1,13A232,09,40231,1,1,0,02,-,1,2,2,51,01/08/1973,1,07,5,2,5,01,1,5,3,3,002000,1, ,8480,0
00,1024,1,13A232,09,40231,2,1,0,04,-,1,3,2,40,31/08/1984,1,07,5,2,6,01,1,5,3,2,005000,1, ,8480,0
00,1024,1,13A232,09,40231,2,1,0,02,-,1,2,2,67,03/09/1957,1,06,3,2,5,07, , , , , ,1, ,8480,0
00,1024,1,13A232,09,40231,4,1,0,02,-,1,2,2,67,10/08/1957,1,07,4,2,1,08, , , , , ,1, ,8480,0
00,1024,1,13A232,09,40231,2,1,0,03,-,1,3,2,41,18/09/1983,1,07,5,2,6,01,1,5,3,2,005000,1, ,8480,0
00,1024,1,13A232,09,40231,1,1,0,04,-,1,3,2,19,16/10/2005,1,03,1,1,6,06, , , , , ,1, ,8480,0
00,1024,1,13A232,09,40231,4,1,0,01,-,1,1,1,73,27/09/1951,1,07,4,2,1,08, , , , , ,1,1,8480,18055
00,1024,1,13A232,09,40231,1,1,0,03,-,1,3,1,29,12/09/1995,1,07,3,1,6,06, , , , , ,1,1,8480,36109
00,1024,1,13A232,09,40231,2,1,0,01,-,1,1,1,65,07/12/1958,1,07,7,2,5,03,2,5,5,3,020000,1,1,8480,36109
00,1024,1,13A232,09,40232,2,1,0,02,-,1,3,2,30,04/12/1993,1,06,3,2,1,07, , , , , ,1,1,7993,25525
00,1024,1,13A232,09,40232,4,1,0,01,-,1,1,2,68,03/08/1956,1,06,2,2,6,01,3,5,3,2,011000,1,1,7993,8508
00,1024,1,13A232,09,40232,2,1,0,03,-,1,5,1,98, ,1,99, ,2,1,01,1,5,2,1,002000,1, ,7993,0
00,1024,1,13A232,09,40232,2,1,0,01,-,1,1,1,62,29/08/1962,1,03,3,2,3,03,5,5,2,1,001200,1, ,7993,0
00,1024,1,13A232,09,40232,3,1,0,01,-,1,1,1,32,10/04/1992,1,04,3,2,6,01,3,5,3,2,006000,1,1,7993,8508
00,1024,1,13A232,09,40232,1,1,0,01,-,1,1,2,70,14/01/1954,1,06,3,2,3,01,5,5,4,1,000200,1,1,7993,8508
00,1024,1,13A232,09,40235,4,1,0,03,-,1,8,2,30,12/05/1994,1,07,5,2,4,01,3,5,3,2,013000,1, ,8468,0
00,1024,1,13A232,09,40235,3,1,0,01,-,1,1,1,53,22/08/1971,1,07,5,2,5,01,3,3,2,3,040000,1, ,8468,0
00,1024,1,13A232,09,40235,3,1,0,02,-,1,2,2,53,30/05/1971,1,07,4,2,5,07, , , , , ,1,1,8468,27044
00,1024,1,13A232,09,40235,3,1,0,03,-,1,3,1,20,19/06/2004,1,04,3,1,6,06, , , , , ,1, ,8468,0
00,1024,1,13A232,09,40235,3,1,0,04,-,1,3,2,16,04/08/2008,1,03,3,1,6,06, , , , , ,1, ,8468,0
00,1024,1,13A232,09,40235,4,1,0,01,-,1,1,2,34,05/04/1990,1,09,1,2,6,01,1,5,3,2,015000,1,1,8468,27044
00,1024,1,13A232,09,40235,1,1,0,02,-,1,2,2,62,28/03/1962,1,06,9,2,5,07, , , , , ,1, ,8468,0
00,1024,1,13A232,09,40235,4,1,0,02,-,1,7,2,32,14/07/1992,1,09,1,2,6,01,3,5,3,2,015000,1, ,8468,0
00,1024,1,13A232,09,40235,1,1,0,01,-,1,1,1,62,04/10/1962,1,07,6,2,5,01,6,3,1,1,007000,1, ,8468,0
00,1024,1,13A232,09,40235,1,1,0,03,-,1,5,1,34,29/01/1990,1,06,3,2,1,01,6,3,3,2,006500,1,1,8468,27044
00,1024,1,13A232,09,40237,3,1,0,01,-,1,1,1,58,17/01/1966,1,04,3,2,1,01,3,4,3,2,020000,1, ,7311,0
00,1024,1,13A232,09,40237,2,1,0,02,-,1,2,2,46,28/07/1978,1,07,5,2,5,01,3,5,3,2,005000,1, ,7311,0
00,1024,1,13A232,09,40237,2,1,0,01,-,1,1,1,49,05/04/1975,1,07,5,2,5,01,2,7,3,2,015000,1, ,7311,0
00,1024,1,13A232,09,40237,2,1,0,04,-,1,3,2,07,10/10/2017,1,01,3,1, , , , , , , ,1, ,7311,0
00,1024,1,13A232,09,40237,3,1,0,02,-,1,2,2,44,24/05/1980,1,07,5,2,1,01,4,7,3,2,012000,1,1,7311,15565
00,1024,1,13A232,09,40237,2,1,0,03,-,1,3,2,18,16/09/2006,1,04,3,1,6,06, , , , , ,1,1,7311,23348
00,1024,1,13A232,09,40241,2,1,0,01,-,1,1,2,51,22/05/1973,1,04,1,2,2,01,5,4,3,1,001600,1,1,7440,7920
00,1024,1,13A232,09,40241,1,1,0,01,-,1,1,2,53,16/07/1971,1,03,3,2,6,07, , , , , ,1,1,7440,15840
00,1024,1,13A232,09,40241,1,1,0,02,-,1,6,1,58,11/11/1965,1,03,3,2,6,01,9,9,3,2,009999,1, ,7440,0
00,1024,1,13A232,09,40241,4,1,0,02,-,1,3,2,23,12/03/2001,1,04,3,1,6,06, , , , , ,1,1,7440,15840
00,1024,1,13A232,09,40241,3,1,0,01,-,1,1,1,35,24/10/1989,1,08,2,1,6,06, , , , , ,1,1,7440,7920
00,1024,1,13A232,09,40241,4,1,0,01,-,1,1,1,66,15/06/1958,1,08,2,2,2,08, , , , , ,1, ,7440,0
00,1024,1,13A232,09,40241,2,1,0,02,-,1,5,1,03,01/09/2021, , , , , , , , , , , ,1, ,7440,0
00,1024,1,13A232,09,40241,2,1,0,03,-,1,3,2,17,27/12/2006,1,04,2,1,6,06, , , , , ,1, ,7440,0
00,1024,1,13A232,09,40244,3,1,0,02,-,1,3,2,36,21/07/1988,1,07,4,2,5,01,3,4,3,2,009999,1, ,10162,0
00,1024,1,13A232,09,40244,2,1,0,01,-,1,1,1,47,26/08/1977,1,02,6,2,5,01,5,5,2,1,002000,1, ,10162,0
00,1024,1,13A232,09,40244,1,1,0,01,-,1,1,1,55,30/09/1969,1,04,3,2,2,01,5,5,4,1,009999,1,1,10162,10818
00,1024,1,13A232,09,40244,3,1,0,04,-,1,3,1,28,11/02/1996,1,07,4,2,6,01,1,4,3,2,009999,1, ,10162,0
00,1024,1,13A232,09,40244,3,1,0,06,-,1,5,1,35,22/07/1989,1,07,4,2,5,01,1,3,4,1,009999,1, ,10162,0
00,1024,1,13A232,09,40244,3,1,0,03,-,1,3,1,31,14/11/1992,1,07,4,2,6,01,1,4,3,2,009999,1, ,10162,0
00,1024,1,13A232,09,40244,3,1,0,01,-,1,1,1,64,17/02/1960,1,07,3,2,4,01,1,5,2,1,002000,1,1,10162,54089
00,1024,1,13A232,09,40244,2,1,0,02,-,1,2,2,51,06/10/1973,1,03,3,2,5,07, , , , , ,1, ,10162,0
00,1024,1,13A232,09,40244,2,1,0,03,-,1,3,2,18,26/01/2006,1,04,2,1,6,06, , , , , ,1,1,10162,32453
00,1024,1,13A232,09,40244,3,1,0,05,-,1,3,1,17,24/03/2007,1,04,2,1,6,06, , , , , ,1, ,10162,0
00,1024,1,13A232,09,40245,3,1,0,01,-,1,1,1,44,15/07/1980,1,07,4,2,6,01,1,5,2,3,010000,1,1,11054,11767
00,1024,1,13A232,09,40245,2,1,0,01,-,1,1,1,72,11/05/1952,1,07,1,2,5,01,4,4,2,3,010000,1, ,11054,0
00,1024,1,13A232,09,40245,2,1,0,02,-,1,2,2,70,21/09/1954,1,07,4,2,5,02,4,4,6,5, ,1,1,11054,23533
00,1024,1,13A232,09,40248,4,1,0,02,-,1,2,2,38,14/08/1986,1,08,2,2,5,01,1,4,3,1,024000,1, ,4819,0
15,1024,1,13A232,09,40248,3,1,0,03,-,1,3,2,19,27/04/2005,1,04,3,1,6,06, , , , , ,1, ,4819,0
00,1024,1,13A232,09,40248,4,1,0,01,-,1,1,1,38,25/05/1986,1,08,2,2,5,01,1,6,1,2,060000,1,1,4819,10260
15,1024,1,13A232,09,40248,3,1,0,01,-,1,1,1,56,08/09/1968,1,07,4,2,5,04, , , , , ,1, ,4819,0
15,1024,1,13A232,09,40248,3,1,0,02,-,1,2,2,53,03/06/1971,1,07,4,2,5,01,1,5,2,1,002000,1, ,4819,0
00,1024,1,13A232,09,40250,4,1,0,05,-,1,5,2,15,22/05/2009,1,03,3,1,6,06, , , , , ,1, ,9416,0
00,1024,1,13A232,09,40250,4,1,0,03,-,1,6,2,42,01/08/1982,1,07,5,2,3,01,1,7,3,2,004000,1, ,9416,0
00,1024,1,13A232,09,40250,1,1,0,02,-,1,2,2,35,23/01/1989,1,08,5,2,5,01,1,5,3,2,014000,1,1,9416,20048
00,1024,1,13A232,09,40250,2,1,0,01,-,1,1,1,43,27/02/1981,1,07,3,2,5,01,1,5,3,2,005000,1, ,9416,0
00,1024,1,13A232,09,40250,1,1,0,04,-,1,3,2,00,30/09/2024, , , , , , , , , , , ,1, ,9416,0
00,1024,1,13A232,09,40250,1,1,0,03,-,1,3,2,02,10/01/2022, , , , , , , , , , , ,1, ,9416,0
00,1024,1,13A232,09,40250,1,1,0,01,-,1,1,1,40,14/10/1984,1,08,7,2,5,01,1,5,3,2,014000,1, ,9416,0
00,1024,1,13A232,09,40250,4,1,0,01,-,1,1,1,85,13/08/1939,1,07,5,2,5,08, , , , , ,1, ,9416,0
00,1024,1,13A232,09,40250,2,1,0,03,-,1,3,1,08,12/06/2016,1,02,2,1, , , , , , , ,1, ,9416,0
00,1024,1,13A232,09,40250,2,1,0,02,-,1,2,2,49,27/06/1975,1,07,3,2,5,01,1,5,3,2,005000,1,1,9416,20048
00,1024,1,13A232,09,40250,4,1,0,02,-,1,2,2,65,15/10/1959,1,03,3,2,5,07, , , , , ,1, ,9416,0
00,1024,1,13A232,09,40250,4,1,0,04,-,1,3,2,45,03/07/1979,1,07,5,2,6,01,5,5,2,3,004000,1,1,9416,40095
00,1024,1,13A232,09,40250,3,1,0,01,-,1,1,2,64,04/11/1960,1,09,4,2,1,01,1,7,3,2,009999,1,1,9416,10024
14,1024,1,13A232,09,40254,1,1,0,03,-,1,6,2,14,12/08/2010,1,03,2,1,6,06, , , , , ,1, ,8930,0
14,1024,1,13A232,09,40254,1,1,0,02,-,1,6,1,47,19/06/1977,1,07,4,2,6,01,5,7,3,2,003000,1, ,8930,0
15,1024,1,13A232,09,40254,4,1,0,05,-,1,5,2,21,03/06/2003,1,07,2,1,6,06, , , , , ,1, ,8930,0
15,1024,1,13A232,09,40254,4,1,0,03,-,1,3,1,49,25/10/1975,1,07,5,2,3,01,1,5,2,1,005000,1, ,8930,0
14,1024,1,13A232,09,40254,1,1,0,01,-,1,1,2,43,02/06/1981,1,07,4,2,6,01,5,7,3,2,003000,1, ,8930,0
15,1024,1,13A232,09,40254,4,1,0,02,-,1,2,2,72,21/08/1952,1,06,2,2,5,07, , , , , ,1, ,8930,0
15,1024,1,13A232,09,40254,4,1,0,01,-,1,1,1,70,09/04/1954,1,04,2,2,5,08, , , , , ,1, ,8930,0
15,1024,1,13A232,09,40254,4,1,0,04,-,1,3,1,39,13/05/1985,1,07,5,2,6,01,1,2,3,2,010000,1, ,8930,0
00,1024,1,12A232,10,41231,3,1,0,02,-,1,2,2,52,04/04/1972,1,02,6,2,1,07, , , , , ,1,1,7726,15885
00,1024,1,12A232,10,41231,4,1,0,01,-,1,1,2,56,12/11/1968,1,06,3,2,6,01,2,7,3,2,003500,1, ,7726,0
00,1024,1,12A232,10,41231,3,1,0,01,-,1,1,1,41,01/02/1983,1,04,3,2,1,01,5,6,1,1,006000,1, ,7726,0
00,1024,1,12A232,10,41231,1,1,0,03,-,1,3,2,39,15/04/1985,1,03,3,2,1,04, , , , , ,1,1,7726,23827
00,1024,1,12A232,10,41231,3,1,0,03,-,1,5,2,04,01/07/2020, , , , , , , , , , , ,1, ,7726,0
00,1024,1,12A232,10,41231,1,1,0,02,-,1,2,2,59,17/05/1965,1,03,3,2,5,07, , , , , ,1, ,7726,0
00,1024,1,12A232,10,41231,1,1,0,01,-,1,1,1,70,18/10/1954,1,02,6,2,5,01,5,6,4,1,001800,1, ,7726,0
00,1024,1,12A232,10,41231,4,1,0,02,-,1,3,1,26,18/01/1998,1,07,4,2,6,01,5,3,3,1,002500,1,1,7726,15885
00,1024,1,12A232,10,41231,1,1,0,04,-,1,5,2,05,24/06/2019,2,01,1,1, , , , , , , ,1, ,7726,0
00,1024,1,12A232,10,41231,2,1,0,02,-,1,3,1,30,03/01/1994,1,07,4,2,6,01,3,4,3,2,009999,1,1,7726,15885
00,1024,1,12A232,10,41231,2,1,0,01,-,1,1,2,54,06/01/1970,1,03,3,2,4,07, , , , , ,1, ,7726,0
00,1024,1,12A232,10,41235,3,1,0,02,-,1,3,1,34,29/01/1990,1,08,2,2,6,01,1,5,3,2,014000,1, ,7979,0
00,1024,1,12A232,10,41235,4,1,0,01,-,1,1,2,51,30/09/1973,1,04,3,2,5,01,3,5,3,2,008000,1,1,7979,24608
00,1024,1,12A232,10,41235,1,1,0,04,-,1,5,2,17,22/02/2007,1,04,2,1,6,06, , , , , ,1, ,7979,0
00,1024,1,12A232,10,41235,2,1,0,01,-,1,1,2,58,26/09/1966,1,03,3,2,1,01,4,4,1,1,009999,1, ,7979,0
00,1024,1,12A232,10,41235,2,1,0,03,-,1,3,2,23,12/11/2001,1,04,3,2,6,07, , , , , ,1, ,7979,0
00,1024,1,12A232,10,41235,1,1,0,02,-,1,3,1,47,06/02/1977,1,07,4,2,3,01,3,7,3,2,009000,1, ,7979,0
00,1024,1,12A232,10,41235,4,1,0,04,-,1,3,2,17,24/06/2007,1,04,2,1,6,06, , , , , ,1, ,7979,0
00,1024,1,12A232,10,41235,4,1,0,03,-,1,3,2,27,16/10/1997,1,07,4,2,6,01,1,7,3,2,006000,1, ,7979,0
00,1024,1,12A232,10,41235,2,1,0,05,-,1,5,2,07,18/10/2017,1,02,1,1, , , , , , , ,1, ,7979,0
00,1024,1,12A232,10,41235,1,1,0,03,-,1,3,1,42,14/04/1982,1,07,4,1,6,01,2,5,3,2,007200,1,1,7979,24608
00,1024,1,12A232,10,41235,1,1,0,01,-,1,1,2,76,29/10/1948,1,08,2,2,3,08, , , , , ,1, ,7979,0
00,1024,1,12A232,10,41235,3,1,0,06,-,1,7,1,08,14/09/2016,1,02,2,1, , , , , , , ,1, ,7979,0
00,1024,1,12A232,10,41235,3,1,0,01,-,1,1,2,80,14/08/1944,1,07,4,2,4,08, , , , , ,1,1,7979,32811
00,1024,1,12A232,10,41235,4,1,0,02,-,1,2,1,51,25/08/1973,1,03,3,2,5,01,4,4,2,1,005000,1, ,7979,0
00,1024,1,12A232,10,41235,2,1,0,02,-,1,2,1,68,31/07/1956,1,04,3,2,1,01,4,4,3,2,009999,1,1,7979,32811
00,1024,1,12A232,10,41235,2,1,0,04,-,1,3,1,33,12/11/1991,1,07,4,2,5,01,4,5,3,1,009999,1, ,7979,0
00,1024,1,12A232,10,41235,3,1,0,04,-,1,5,2,36,02/02/1988,1,07,4,2,5,01,4,4,2,1,000400,1, ,7979,0
00,1024,1,12A232,10,41235,3,1,0,05,-,1,7,1,14,10/09/2010,1,03,2,1,6,06, , , , , ,1, ,7979,0
00,1024,1,12A232,10,41235,3,1,0,07,-,1,7,1,04,08/01/2020, , , , , , , , , , , ,1, ,7979,0
00,1024,1,12A232,10,41235,3,1,0,03,-,1,7,1,46,12/08/1978,1,07,4,2,5,03,7,4,1,1,009999,1, ,7979,0
00,1024,1,12A232,10,41239,2,1,0,03,-,1,3,2,09,28/07/2015,1,02,3,1, , , , , , , ,1, ,7938,0
00,1024,1,12A232,10,41239,4,1,0,05,-,1,3,2,14,04/01/2010,1,03,2,1,6,06, , , , , ,1, ,7938,0
00,1024,1,12A232,10,41239,2,1,0,04,-,1,3,2,03,28/08/2021, , , , , , , , , , , ,1, ,7938,0
00,1024,1,12A232,10,41239,2,1,0,02,-,1,2,2,31,15/01/1993,1,07,3,2,5,01,4,4,3,1,002500,1, ,7938,0
00,1024,1,12A232,10,41239,4,1,0,02,-,1,3,1,24,20/01/2000,1,04,3,2,6,01,4,4,3,1,002700,1,1,7938,24482
00,1024,1,12A232,10,41239,4,1,0,01,-,1,1,2,46,26/07/1978,1,03,3,2,1,01,4,4,2,1,004200,1, ,7938,0
00,1024,1,12A232,10,41239,3,1,0,04,-,1,3,2,12,11/04/2012,1,03,1,1,6,06, , , , , ,1, ,7938,0
00,1024,1,12A232,10,41239,3,1,0,03,-,1,3,2,13,04/11/2011,1,03,2,1,6,06, , , , , ,1, ,7938,0
00,1024,1,12A232,10,41239,3,1,0,02,-,1,2,2,40,16/09/1984,1,04,3,2,5,01,3,5,3,2,009999,1,1,7938,16321
00,1024,1,12A232,10,41239,3,1,0,01,-,1,1,1,54,28/10/1970,1,07,4,2,5,08, , , , , ,1, ,7938,0
00,1024,1,12A232,10,41239,4,1,0,04,-,1,3,1,17,26/09/2007,1,04,3,2,6,04, , , , , ,1, ,7938,0
00,1024,1,12A232,10,41239,4,1,0,03,-,1,3,1,20,20/01/2004,1,04,3,2,6,01,4,4,3,1,001200,1, ,7938,0
00,1024,1,12A232,10,41239,4,1,0,06,-,1,3,2,12,04/05/2012,1,02,4,1,6,06, , , , , ,1, ,7938,0
00,1024,1,12A232,10,41239,2,1,0,01,-,1,1,1,31,15/01/1993,1,07,3,2,5,01,4,4,1,1,002500,1,1,7938,16321
00,1024,1,12A232,10,41239,1,1,0,01,-,1,1,1,38,17/06/1986,1,04,3,2,6,01,1,5,3,2,004500,1,1,7938,8161
00,1024,1,12A232,10,41248,4,1,0,03,-,1,3,2,42,17/10/1982,1,07,4,2,3,01,1,5,3,1,008000,1,1,8526,35060
00,1024,1,12A232,10,41248,3,1,0,04,-,1,5,2,25,10/06/1999,1,07,4,2,6,01,3,4,3,1,002000,1, ,8526,0
00,1024,1,12A232,10,41248,2,1,0,01,-,1,1,2,75,09/03/1949,1,02,3,2,4,08, , , , , ,1,1,8526,8765
00,1024,1,12A232,10,41248,4,1,0,02,-,1,2,1,60,07/09/1964,1,07,4,2,5,01,1,1,1,1,009999,1, ,8526,0
00,1024,1,12A232,10,41248,4,1,0,01,-,1,1,2,58,31/10/1966,1,07,4,2,5,01,5,5,1,1,007000,1, ,8526,0
00,1024,1,12A232,10,41248,4,1,0,05,-,1,5,2,16,28/08/2008,1,04,1,1,6,06, , , , , ,1, ,8526,0
00,1024,1,12A232,10,41248,1,1,0,02,-,1,2,2,79,24/04/1945,1,07,4,2,5,07, , , , , ,1,1,8526,17530
00,1024,1,12A232,10,41248,3,1,0,03,-,1,3,1,46,25/08/1978,1,07,4,2,3,01,4,5,2,1,000999,1, ,8526,0
00,1024,1,12A232,10,41248,3,1,0,05,-,1,5,2,24,22/09/2000,1,04,3,2,6,01,5,4,4,1,002000,1, ,8526,0
00,1024,1,12A232,10,41248,1,1,0,01,-,1,1,1,85,18/05/1939,1,03,3,2,5,09, , , , , ,1, ,8526,0
00,1024,1,12A232,10,41248,3,1,0,01,-,1,1,2,82,28/05/1942,1,06,1,2,2,07, , , , , ,1, ,8526,0
00,1024,1,12A232,10,41248,3,1,0,02,-,1,3,2,56,18/05/1968,1,06,1,2,2,07, , , , , ,1,1,8526,43826
00,1024,1,12A232,10,41248,4,1,0,04,-,1,5,2,19,17/04/2005,1,07,1,1,6,06, , , , , ,1, ,8526,0
00,1024,1,13A232,10,41255,3,1,0,02,-,1,2,2,54,23/03/1970,1,07,4,2,5,01,1,5,3,2,013000,1, ,9934,0
00,1024,1,13A232,10,41255,4,1,0,01,-,1,1,2,76,24/07/1948,1,06,3,2,4,08, , , , , ,1,1,9934,10575
00,1024,1,13A232,10,41255,2,1,0,03,-,1,3,2,34,24/07/1990,1,04,3,2,2,01,4,4,3,1,009999,1, ,9934,0
00,1024,1,13A232,10,41255,2,1,0,01,-,1,1,2,67,01/09/1957,1,03,1,2,4,07, , , , , ,1, ,9934,0
00,1024,1,13A232,10,41255,2,1,0,02,-,1,3,1,40,01/11/1984,1,03,3,2,2,01,7,2,3,1,002000,1,1,9934,31724
00,1024,1,13A232,10,41255,2,1,0,05,-,1,5,1,04,10/03/2020, , , , , , , , , , , ,1, ,9934,0
00,1024,1,13A232,10,41255,3,1,0,01,-,1,1,1,51,26/02/1973,1,07,4,2,5,01,1,5,1,2,015000,1,1,9934,21149
00,1024,1,13A232,10,41255,2,1,0,04,-,1,5,1,10,12/10/2014,1,02,4,1, , , , , , , ,1, ,9934,0
00,1024,1,13A232,10,41265,4,1,0,04,-,1,3,2,17,21/10/2007,1,04,2,1,6,06, , , , , ,1, ,11447,0
00,1024,1,13A232,10,41265,3,1,0,03,-,1,3,1,09,17/03/2015,1,02,3,1, , , , , , , ,1, ,11447,0
00,1024,1,13A232,10,41265,1,1,0,01,-,1,1,2,71,20/08/1953,1,06,3,2,5,07, , , , , ,1,1,11447,24371
00,1024,1,13A232,10,41265,3,1,0,02,-,1,2,2,45,02/05/1979,1,07,4,2,5,01,5,5,2,1,005000,1,1,11447,24371
00,1024,1,13A232,10,41265,4,1,0,05,-,1,3,1,10,31/05/2014,1,02,5,1, , , , , , , ,1, ,11447,0
00,1024,1,13A232,10,41265,1,1,0,02,-,1,2,1,74,11/08/1950,1,04,3,2,5,08, , , , , ,1, ,11447,0
00,1024,1,13A232,10,41265,3,1,0,01,-,1,1,1,51,22/07/1973,1,06,3,2,5,01,5,5,2,1,005000,1, ,11447,0
00,1024,1,13A232,10,41265,4,1,0,03,-,1,3,2,22,19/07/2002,1,07,2,1,6,06, , , , , ,1, ,11447,0
00,1024,1,13A232,10,41265,4,1,0,06,-,1,7,2,24,12/11/2000,1,04,3,2,6,01,5,5,3,1,002000,1,1,11447,48742
00,1024,1,13A232,10,41265,4,1,0,02,-,1,2,2,40,25/08/1984,1,07,3,2,5,01,3,7,3,1,002800,1, ,11447,0
00,1024,1,13A232,10,41265,4,1,0,01,-,1,1,1,52,08/07/1972,1,07,3,2,5,01,5,6,3,1,002500,1, ,11447,0
00,1024,1,13A232,10,41268,1,1,0,04,-,1,3,1,20,01/04/2004,1,07,1,1,6,06, , , , , ,1, ,10875,0
00,1024,1,13A232,10,41268,2,1,0,01,-,1,1,2,65,10/10/1959,1,07,4,2,2,07, , , , , ,1,1,10875,34731
00,1024,1,13A232,10,41268,2,1,0,02,-,1,3,2,32,09/10/1992,1,04,3,2,2,01,3,7,3,2,004000,1, ,10875,0
00,1024,1,13A232,10,41268,3,1,0,04,-,1,3,2,07,14/10/2017,1,02,2,1, , , , , , , ,1, ,10875,0
00,1024,1,13A232,10,41268,2,1,0,04,-,1,5,1,12,24/01/2012,1,02,6,1,6,06, , , , , ,1, ,10875,0
00,1024,1,13A232,10,41268,2,1,0,05,-,1,5,2,11,13/01/2013,1,02,5,1, , , , , , , ,1, ,10875,0
00,1024,1,13A232,10,41268,1,1,0,01,-,1,1,2,52,24/06/1972,1,04,3,2,5,01,4,4,3,1,002500,1, ,10875,0
00,1024,1,13A232,10,41268,1,1,0,02,-,1,2,1,56,02/01/1968,1,04,3,2,5,01,4,4,5,2,009999,1, ,10875,0
00,1024,1,13A232,10,41268,3,1,0,03,-,1,3,1,11,10/09/2013,1,02,5,1, , , , , , , ,1, ,10875,0
00,1024,1,13A232,10,41268,3,1,0,01,-,1,1,1,41,23/01/1983,1,07,4,2,5,01,1,5,3,2,010500,1, ,10875,0
00,1024,1,13A232,10,41268,4,1,0,01,-,1,1,1,74,25/12/1949,1,04,2,2,4,08, , , , , ,1,1,10875,11577
00,1024,1,13A232,10,41268,1,1,0,03,-,1,3,2,21,01/02/2003,1,07,3,1,6,06, , , , , ,1,1,10875,46308
00,1024,1,13A232,10,41268,2,1,0,03,-,1,3,1,27,07/07/1997,1,04,3,2,6,01,4,5,4,1,001500,1, ,10875,0
00,1024,1,13A232,10,41268,3,1,0,02,-,1,2,2,38,07/10/1986,1,07,4,2,5,01,2,5,3,2,005000,1,1,10875,23154
00,1024,1,11A232,10,41314,3,1,0,03,-,1,5,2,24,10/03/2000,1,04,3,2,1,07, , , , , ,1,1,9412,28849
00,1024,1,11A232,10,41314,3,1,0,02,-,1,3,1,26,23/10/1998,1,03,3,2,1,01,4,5,1,1,002000,1, ,9412,0
00,1024,1,11A232,10,41314,1,1,0,01,-,1,1,1,69,01/11/1955,1,02,1,2,5,08, , , , , ,1, ,9412,0
00,1024,1,11A232,10,41314,4,1,0,01,-,1,1,1,61,04/10/1963,1,03,3,2,5,01,7,5,1,1,005000,1, ,9412,0
00,1024,1,11A232,10,41314,3,1,0,04,-,1,3,1,04,21/10/2020, , , , , , , , , , , ,1, ,9412,0
00,1024,1,11A232,10,41314,4,1,0,02,-,1,2,2,57,22/08/1967,1,02,6,2,5,07, , , , , ,1,1,9412,19233
00,1024,1,11A232,10,41314,3,1,0,01,-,1,1,2,42,10/04/1982,1,03,3,2,4,01,4,4,3,2,003500,1, ,9412,0
00,1024,1,11A232,10,41314,2,1,0,01,-,1,1,1,61,13/02/1963,1,03,3,2,3,01,5,5,2,1,001200,1,1,9412,9616
00,1024,1,11A232,10,41314,1,1,0,02,-,1,2,2,65,24/05/1959,1,03,2,2,5,07, , , , , ,1,1,9412,19233
00,1024,1,11A232,10,41314,3,1,0,05,-,1,3,1,01,02/03/2023, , , , , , , , , , , ,1, ,9412,0
00,1024,1,11A232,10,41328,3,1,0,01,-,1,1,1,24,23/10/2000,1,03,3,2,1,01,7,3,3,1,001800,1, ,7824,0
00,1024,1,11A232,10,41328,3,1,0,02,-,1,2,2,19,06/09/2005,1,03,3,2,1,07, , , , , ,1,1,7824,23980
00,1024,1,11A232,10,41328,1,1,0,03,-,1,3,1,11,31/07/2013,1,02,5,1, , , , , , , ,1, ,7824,0
00,1024,1,11A232,10,41328,2,1,0,02,-,1,2,2,66,12/04/1958,1,03,3,2,5,07, , , , , ,1, ,7824,0
00,1024,1,11A232,10,41328,3,1,0,03,-,1,7,1,58,29/10/1966,1,03,3,2,4,09, , , , , ,1, ,7824,0
00,1024,1,11A232,10,41328,2,1,0,01,-,1,1,1,69,24/04/1955,1,02,3,2,5,08, , , , , ,1,1,7824,15986
00,1024,1,11A232,10,41328,3,1,0,04,-,1,3,2,01,17/07/2023, , , , , , , , , , , ,1, ,7824,0
00,1024,1,11A232,10,41328,1,1,0,01,-,1,1,1,33,04/08/1991,1,03,3,2,1,01,5,3,3,1,002000,1,1,7824,15986
00,1024,1,11A232,10,41328,1,1,0,04,-,1,3,2,09,16/08/2015,1,02,3,1, , , , , , , ,1, ,7824,0
00,1024,1,11A232,10,41328,1,1,0,02,-,1,2,2,35,28/08/1989,1,03,3,2,1,07, , , , , ,1, ,7824,0
00,1024,1,11A232,10,41337,2,1,0,02,-,1,2,2,67,25/08/1957,1,04,3,2,5,07, , , , , ,1, ,11631,0
00,1024,1,11A232,10,41337,2,1,0,01,-,1,1,1,75,27/10/1949,1,02,5,2,5,08, , , , , ,1,1,11631,23766
00,1024,1,11A232,10,41337,3,1,0,06,-,1,3,2,12,11/09/2012,1,02,6,1,6,06, , , , , ,1, ,11631,0
00,1024,1,11A232,10,41337,3,1,0,05,-,1,3,1,14,30/10/2010,1,03,1,1,6,06, , , , , ,1, ,11631,0
00,1024,1,11A232,10,41337,1,1,0,02,-,1,2,2,32,08/11/1992,1,03,3,2,1,01,7,2,3,1,002600,1, ,11631,0
00,1024,1,11A232,10,41337,1,1,0,01,-,1,1,1,42,12/01/1982,1,04,1,2,1,01,5,3,3,1,003500,1,1,11631,23766
00,1024,1,11A232,10,41337,3,1,0,04,-,1,3,2,15,10/04/2009,1,03,3,2,6,01,1,4,2,3,006000,1, ,11631,0
00,1024,1,11A232,10,41337,4,1,0,01,-,1,1,1,70,30/07/1954,1,02,3,2,4,01,5,6,2,1,001400,1,1,11631,35649
00,1024,1,11A232,10,41337,3,1,0,03,-,1,3,1,19,17/05/2005,1,03,3,2,6,01,1,4,2,3,006000,1,1,11631,35649
00,1024,1,11A232,10,41337,4,1,0,02,-,1,3,1,26,30/04/1998,1,03,3,2,6,01,5,3,3,1,001800,1, ,11631,0
00,1024,1,11A232,10,41337,3,1,0,01,-,1,1,2,46,06/10/1978,1,04,1,2,2,01,4,4,3,1,001800,1, ,11631,0
00,1024,1,11A232,10,41337,1,1,0,03,-,1,3,2,12,12/02/2012,1,02,6,1,6,06, , , , , ,1, ,11631,0
00,1024,1,11A232,10,41337,3,1,0,02,-,1,3,1,25,12/05/1999,1,04,3,2,6,01,7,3,3,1,002300,1, ,11631,0
00,1024,1,11A232,10,41337,4,1,0,03,-,1,3,1,36,21/06/1988,1,03,3,2,2,01,2,5,3,1,009999,1, ,11631,0
00,1024,1,11A232,10,41341,1,1,0,02,-,1,3,1,13,03/06/2011,2,01,2,1,6,01,4,4,2,1,001400,1, ,8843,0
00,1024,1,11A232,10,41341,4,1,0,01,-,1,1,1,63,04/03/1961,1,02,5,2,5,01,4,3,4,1,000600,1,1,8843,18069
00,1024,1,11A232,10,41341,1,1,0,03,-,1,3,2,15,09/06/2009,1,02,6,2,6,07, , , , , ,1, ,8843,0
00,1024,1,11A232,10,41341,1,1,0,01,-,1,1,2,47,15/01/1977,1,04,3,2,2,01,4,4,2,1,001400,1,1,8843,9034
00,1024,1,11A232,10,41341,3,1,0,01,-,1,1,2,50,11/06/1974,1,02,6,2,6,01,5,5,3,1,001350,1,1,8843,9034
00,1024,1,11A232,10,41341,4,1,0,02,-,1,2,2,57,13/03/1967,1,02,6,2,5,07, , , , , ,1, ,8843,0
00,1024,1,11A232,10,41341,4,1,0,03,-,1,5,2,13,07/02/2011,1,03,1,1,6,06, , , , , ,1, ,8843,0
00,1024,1,12A232,10,41353,4,1,0,02,-,1,3,1,50,05/10/1974,1,03,3,2,6,09, , , , , ,1, ,9249,0
00,1024,1,12A232,10,41353,2,1,0,01,-,1,1,2,59,01/06/1965,1,07,4,2,6,01,3,7,3,2,010000,1, ,9249,0
00,1024,1,12A232,10,41353,2,1,0,02,-,1,3,2,33,04/03/1991,1,07,4,2,1,01,1,5,1,1,020000,1,1,9249,19017
00,1024,1,12A232,10,41353,3,1,0,03,-,1,3,2,30,28/04/1994,1,07,4,2,6,01,3,7,3,2,011500,1, ,9249,0
00,1024,1,12A232,10,41353,4,1,0,01,-,1,1,2,70,25/06/1954,1,02,6,2,4,09, , , , , ,1,1,9249,19017
00,1024,1,12A232,10,41353,1,1,0,01,-,1,1,2,86,17/03/1938,1,04,2,2,6,08, , , , , ,1,1,9249,9508
00,1024,1,12A232,10,41353,3,1,0,01,-,1,1,2,51,24/07/1973,1,07,4,2,6,01,4,4,5,2,010000,1,1,9249,28525
00,1024,1,12A232,10,41353,3,1,0,02,-,1,3,2,26,29/10/1998,1,07,4,2,6,01,1,5,1,2,012000,1, ,9249,0
00,1024,1,12A232,11,40122,2,1,0,01,-,1,1,2,64,10/09/1960,1,03,3,2,2,07, , , , , ,1,1,8361,8595
00,1024,1,12A232,11,40122,3,1,0,01,-,1,1,2,79,14/09/1945,1,02,6,2,3,07, , , , , ,1,1,8361,17191
00,1024,1,12A232,11,40122,4,1,0,03,-,1,3,1,27,14/08/1997,1,04,3,2,6,01,7,2,3,1,002500,1, ,8361,0
00,1024,1,12A232,11,40122,4,1,0,06,-,1,5,1,08,08/08/2016,1,02,2,1, , , , , , , ,1, ,8361,0
00,1024,1,12A232,11,40122,4,1,0,02,-,1,3,2,29,31/10/1994,1,03,3,1,6,01,7,2,3,1,001600,1,1,8361,25786
00,1024,1,12A232,11,40122,4,1,0,01,-,1,1,2,61,12/08/1963,1,06,2,2,3,08, , , , , ,1, ,8361,0
00,1024,1,12A232,11,40122,4,1,0,04,-,1,5,1,12,19/01/2012,1,02,6,1,6,06, , , , , ,1, ,8361,0
00,1024,1,12A232,11,40122,3,1,0,02,-,1,3,1,43,11/06/1981,2,00, ,2,6,09, , , , , ,1, ,8361,0
00,1024,1,12A232,11,40122,1,1,0,03,-,1,3,1,30,14/12/1993,1,07,5,2,6,01,1,7,3,1,001200,1, ,8361,0
00,1024,1,12A232,11,40122,1,1,0,01,-,1,1,2,54,24/05/1970,1,03,3,2,5,07, , , , , ,1,1,8361,25786
00,1024,1,12A232,11,40122,1,1,0,02,-,1,2,1,55,24/01/1969,1,04,3,2,5,01,7,2,3,1,001200,1, ,8361,0
00,1024,1,12A232,11,40122,4,1,0,05,-,1,5,2,10,27/04/2014,1,02,4,1, , , , , , , ,1, ,8361,0
00,1024,1,12A232,11,40127,3,1,0,01,-,1,1,2,65,28/03/1959,1,07,5,2,4,01,4,5,2,1,002000,1, ,6534,0
00,1024,1,12A232,11,40127,3,1,0,04,-,1,5,1,21,19/08/2003,1,07,4,1,6,06, , , , , ,1,1,6534,40305
00,1024,1,12A232,11,40127,4,1,0,01,-,1,1,2,67,29/01/1957,1,07,5,2,6,07, , , , , ,1,1,6534,20152
00,1024,1,12A232,11,40127,3,1,0,05,-,1,3,1,19,12/02/2005,1,07,2,1,6,06, , , , , ,1, ,6534,0
00,1024,1,12A232,11,40127,4,1,0,02,-,1,3,1,43,06/01/1981,1,07,5,2,6,01,3,5,3,1,001000,1, ,6534,0
00,1024,1,12A232,11,40127,2,1,0,01,-,1,1,2,73,21/05/1951,1,02,6,2,2,07, , , , , ,1,1,6534,6717
00,1024,1,12A232,11,40127,3,1,0,03,-,1,5,2,98, ,1,07,4,1,5,01,1,7,3,2,002500,1, ,6534,0
00,1024,1,12A232,11,40127,4,1,0,03,-,1,5,2,24,22/02/2000,1,04,3,2,6,07, , , , , ,1, ,6534,0
00,1024,1,12A232,11,40127,3,1,0,06,-,1,5,1,98, ,1,04,1,1,6,06, , , , , ,1, ,6534,0
00,1024,1,12A232,11,40127,3,1,0,02,-,1,3,1,35,13/09/1989,1,07,5,2,5,01,1,7,3,2,002000,1, ,6534,0
00,1024,1,13A232,11,40134,3,1,0,01,-,1,1,2,65,08/07/1959,1,03,3,2,6,01,7,2,2,1,000200,1, ,10786,0
00,1024,1,13A232,11,40134,2,1,0,04,-,1,3,2,17,14/08/2007,1,04,2,1,6,01,4,4,3,1,000600,1, ,10786,0
00,1024,1,13A232,11,40134,1,1,0,03,-,1,3,2,10,22/12/2013,1,02,4,1, , , , , , , ,1, ,10786,0
00,1024,1,13A232,11,40134,3,1,0,03,-,1,3,1,47,19/01/1977,1,03,3,2,2,04, , , , , ,1, ,10786,0
00,1024,1,13A232,11,40134,3,1,0,02,-,1,3,1,46,18/10/1978,1,03,3,2,2,01,1,5,3,1,003500,1,1,10786,45928
00,1024,1,13A232,11,40134,1,1,0,04,-,1,3,1,04,01/02/2020, , , , , , , , , , , ,1, ,10786,0
00,1024,1,13A232,11,40134,4,1,0,01,-,1,1,2,63,23/06/1961,1,03,3,2,5,07, , , , , ,1, ,10786,0
00,1024,1,13A232,11,40134,3,1,0,04,-,1,5,1,18,09/11/2006,1,03,3,2,6,01,7,2,3,1,002000,1, ,10786,0
00,1024,1,13A232,11,40134,2,1,0,03,-,1,3,2,20,04/06/2004,1,07,1,1,6,06, , , , , ,1,1,10786,34446
00,1024,1,13A232,11,40134,1,1,0,02,-,1,2,2,34,07/01/1990,1,07,5,2,5,01,4,4,2,1,999999,1,1,10786,22964
00,1024,1,13A232,11,40134,2,1,0,05,-,1,3,2,12,19/04/2012,1,02,6,1,6,06, , , , , ,1, ,10786,0
00,1024,1,13A232,11,40134,4,1,0,02,-,1,2,1,63,17/12/1960,1,03,3,2,5,01,5,5,4,1,001300,1,1,10786,22964
00,1024,1,13A232,11,40134,1,1,0,01,-,1,1,1,37,15/07/1987,1,07,2,2,5,01,4,4,2,1,999999,1, ,10786,0
00,1024,1,13A232,11,40134,2,1,0,01,-,1,1,2,45,14/06/1979,1,06,3,2,5,01,3,4,3,1,004000,1, ,10786,0
00,1024,1,13A232,11,40134,2,1,0,02,-,1,2,1,50,16/08/1974,1,06,3,2,5,08, , , , , ,1, ,10786,0
00,1024,1,13A232,11,40135,4,1,0,01,-,1,1,1,44,11/01/1980,1,04,5,2,5,01,1,5,2,1,999999,1,1,7974,16978
00,1024,1,13A232,11,40135,3,1,0,02,-,1,2,2,59,19/02/1965,1,03,3,2,5,07, , , , , ,1, ,7974,0
00,1024,1,13A232,11,40135,3,1,0,01,-,1,1,1,60,19/02/1964,1,03,3,2,5,01,7,2,2,1,999999,1, ,7974,0
00,1024,1,13A232,11,40135,3,1,0,04,-,1,3,2,23,06/11/2001,1,04,3,2,6,07, , , , , ,1, ,7974,0
00,1024,1,13A232,11,40135,1,1,0,01,-,1,1,1,54,16/01/1970,1,08,5,2,6,01,1,5,2,1,999999,1,1,7974,8489
00,1024,1,13A232,11,40135,3,1,0,05,-,1,3,1,21,19/05/2003,1,07,2,2,6,02,7,2,6,5, ,1, ,7974,0
00,1024,1,13A232,11,40135,4,1,0,02,-,1,2,2,40,12/02/1984,1,04,3,2,5,01,4,5,2,1,999999,1, ,7974,0
00,1024,1,13A232,11,40135,4,1,0,03,-,1,3,2,17,18/03/2007,1,04,2,1,6,06, , , , , ,1, ,7974,0
00,1024,1,13A232,11,40135,2,1,0,01,-,1,1,1,69,05/01/1955,1,03,1,2,6,01,4,4,2,1,999999,1,1,7974,8489
00,1024,1,13A232,11,40135,3,1,0,03,-,1,3,2,28,17/12/1995,1,07,5,2,6,01,1,5,3,1,999999,1,1,7974,42445
00,1024,1,13A232,11,40144,1,1,0,01,-,1,1,1,30,26/02/1994,1,07,5,2,6,01,5,5,2,1,004000,1,1,10472,11148
00,1024,1,13A232,11,40144,4,1,0,02,-,1,2,2,57,03/04/1967,1,08,1,2,5,07, , , , , ,1,1,10472,22296
00,1024,1,13A232,11,40144,2,1,0,01,-,1,1,2,49,28/06/1975,1,07,5,2,6,01,3,4,3,2,999999,1,1,10472,33444
00,1024,1,13A232,11,40144,4,1,0,03,-,1,3,2,16,06/11/2007,1,04,2,1,6,06, , , , , ,1, ,10472,0
00,1024,1,13A232,11,40144,3,1,0,02,-,1,3,2,29,21/12/1994,1,07,5,2,6,01,1,6,3,2,999999,1, ,10472,0
00,1024,1,13A232,11,40144,4,1,0,01,-,1,1,1,52,25/06/1972,1,07,5,2,5,01,5,5,3,1,999999,1, ,10472,0
00,1024,1,13A232,11,40144,2,1,0,03,-,1,3,2,21,20/10/2003,1,07,1,1,6,06, , , , , ,1, ,10472,0
00,1024,1,13A232,11,40144,3,1,0,01,-,1,1,2,58,24/08/1966,1,07,4,2,4,08, , , , , ,1, ,10472,0
00,1024,1,13A232,11,40144,2,1,0,02,-,1,2,2,22,20/10/2002,1,07,1,1,6,06, , , , , ,1, ,10472,0
00,1024,1,13A232,11,40144,3,1,0,03,-,1,3,2,24,16/09/2000,1,07,2,1,6,06, , , , , ,1,1,10472,33444
00,1024,1,13A232,11,40151,3,1,0,01,-,1,1,2,37,27/06/1987,1,07,5,2,6,01,1,5,3,1,999999,1, ,11432,0
00,1024,1,13A232,11,40151,1,1,0,02,-,1,2,2,30,24/10/1994,1,07,5,2,5,01,5,7,3,2,008000,1, ,11432,0
00,1024,1,13A232,11,40151,3,1,0,03,-,1,3,1,10,13/10/2014,1,02,4,1, , , , , , , ,1, ,11432,0
00,1024,1,13A232,11,40151,2,1,0,02,-,1,2,2,45,10/05/1979,1,07,5,2,5,01,1,3,3,2,015000,1, ,11432,0
00,1024,1,13A232,11,40151,3,1,0,02,-,1,6,2,54,08/01/1970,1,06,3,2,6,01,4,4,3,2,999999,1,1,11432,24340
00,1024,1,13A232,11,40151,1,1,0,04,-,1,3,1,00,20/08/2024, , , , , , , , , , , ,1, ,11432,0
00,1024,1,13A232,11,40151,1,1,0,03,-,1,3,2,04,12/03/2020, , , , , , , , , , , ,1, ,11432,0
00,1024,1,13A232,11,40151,2,1,0,01,-,1,1,1,54,26/08/1970,1,07,5,2,5,01,1,2,3,2,025000,1, ,11432,0
00,1024,1,13A232,11,40151,2,1,0,04,-,1,3,2,17,22/12/2006,1,04,3,1,6,06, , , , , ,1, ,11432,0
00,1024,1,13A232,11,40151,2,1,0,03,-,1,3,2,22,29/07/2002,1,07,5,2,6,01,1,2,3,2,007450,1,1,11432,36510
00,1024,1,13A232,11,40151,1,1,0,01,-,1,1,1,30,03/08/1994,1,07,5,2,5,01,1,2,3,2,020000,1,1,11432,24340
00,1024,1,13A232,11,40151,4,1,0,01,-,1,1,2,33,27/09/1991,1,07,5,2,5,01,5,7,3,2,008500,1, ,11432,0
00,1024,1,13A232,11,40151,4,1,0,02,-,1,2,1,34,18/05/1990,1,07,5,2,5,01,1,5,3,2,008600,1,1,11432,24340
00,1024,1,11A232,11,40159,4,1,0,02,-,1,2,2,38,22/08/1986,1,04,2,2,5,01,4,5,3,1,001500,1, ,6688,0
00,1024,1,11A232,11,40159,2,1,0,01,-,1,1,2,53,15/10/1971,1,03,3,2,5,01,4,5,2,1,000600,1, ,6688,0
00,1024,1,11A232,11,40159,4,1,0,03,-,1,3,2,13,11/12/2010,1,03,2,1,6,06, , , , , ,1, ,6688,0
00,1024,1,11A232,11,40159,4,1,0,04,-,1,3,1,11,28/02/2013,1,02,5,1, , , , , , , ,1, ,6688,0
00,1024,1,11A232,11,40159,3,1,0,03,-,1,3,1,15,30/06/2009,1,03,2,1,6,06, , , , , ,1, ,6688,0
00,1024,1,11A232,11,40159,3,1,0,01,-,1,1,1,35,27/10/1989,1,03,3,2,5,01,4,3,3,1,002500,1,1,6688,13376
00,1024,1,11A232,11,40159,2,1,0,04,-,1,3,1,17,23/06/2007,1,04,2,1,6,06, , , , , ,1, ,6688,0
00,1024,1,11A232,11,40159,3,1,0,02,-,1,2,2,37,14/11/1986,1,03,3,2,5,01,4,4,3,1,001200,1, ,6688,0
00,1024,1,11A232,11,40159,2,1,0,03,-,1,3,1,25,20/03/1999,1,04,3,2,6,01,7,2,3,1,001000,1,1,6688,20064
00,1024,1,11A232,11,40159,4,1,0,01,-,1,1,1,36,07/04/1988,1,04,3,2,5,01,2,7,3,2,008000,1,1,6688,13376
00,1024,1,11A232,11,40159,3,1,0,04,-,1,3,2,12,20/05/2012,1,02,6,1,6,06, , , , , ,1, ,6688,0
00,1024,1,11A232,11,40159,2,1,0,02,-,1,2,1,51,22/08/1973,1,03,1,2,5,01,7,2,1,1,002000,1, ,6688,0
00,1024,1,11A232,11,40162,1,1,0,03,-,1,3,1,07,20/03/2017,1,02,1,1, , , , , , , ,1, ,8543,0
00,1024,1,11A232,11,40162,3,1,0,02,-,1,3,1,16,27/11/2007,1,03,3,2,6,01,7,2,3,1,002000,1, ,8543,0
00,1024,1,11A232,11,40162,2,1,0,03,-,1,3,1,03,15/06/2021, , , , , , , , , , , ,1, ,8543,0
00,1024,1,11A232,11,40162,4,1,0,01,-,1,1,1,29,26/01/1995,1,03,3,2,5,01,7,2,3,1,003600,1,1,8543,17457
00,1024,1,11A232,11,40162,4,1,0,03,-,1,3,1,14,05/05/2010,1,03,2,1,6,06, , , , , ,1, ,8543,0
00,1024,1,11A232,11,40162,4,1,0,02,-,1,2,2,32,16/01/1992,1,03,3,2,5,07, , , , , ,1, ,8543,0
00,1024,1,11A232,11,40162,2,1,0,02,-,1,2,2,34,22/01/1990,1,04,3,2,5,07, , , , , ,1,1,8543,17457
00,1024,1,11A232,11,40162,1,1,0,02,-,1,2,1,27,15/09/1997,1,02,6,2,1,01,7,2,3,1,003500,1,1,8543,17457
00,1024,1,11A232,11,40162,1,1,0,01,-,1,1,2,24,25/09/2000,1,02,6,2,1,07, , , , , ,1, ,8543,0
00,1024,1,11A232,11,40162,4,1,0,04,-,1,3,2,05,22/06/2019,1,01,2,1, , , , , , , ,1, ,8543,0
00,1024,1,11A232,11,40162,2,1,0,01,-,1,1,1,32,27/04/1992,1,04,3,2,5,01,7,2,3,1,002500,1, ,8543,0
00,1024,1,11A232,11,40162,3,1,0,01,-,1,1,1,47,15/09/1977,1,04,3,2,3,01,7,2,3,1,004500,1,1,8543,8728
00,1024,1,11A232,11,40166,2,1,0,03,-,1,5,1,11,19/07/2013,1,02,5,1, , , , , , , ,1, ,9038,0
00,1024,1,11A232,11,40166,1,1,0,03,-,1,7,1,29,15/02/1995,1,04,3,1,6,01,3,4,3,1,999999,1, ,9038,0
00,1024,1,11A232,11,40166,2,1,0,02,-,1,2,2,61,06/04/1963,1,02,3,2,5,07, , , , , ,1,1,9038,18467
00,1024,1,11A232,11,40166,1,1,0,01,-,1,1,1,24,21/03/2000,1,04,3,2,5,01,5,4,3,1,001600,1, ,9038,0
00,1024,1,11A232,11,40166,3,1,0,01,-,1,1,1,60,29/10/1964,1,08,2,2,6,01,1,5,3,2,999999,1,1,9038,9233
00,1024,1,11A232,11,40166,4,1,0,02,-,1,8,1,20,02/01/2004,1,04,3,2,6,01,3,4,3,2,007000,1, ,9038,0
00,1024,1,11A232,11,40166,4,1,0,01,-,1,1,1,25,19/03/1999,1,07,1,2,6,01,3,5,2,3,030000,1,1,9038,18467
00,1024,1,11A232,11,40166,2,1,0,01,-,1,1,1,64,06/11/1959,1,03,3,2,5,01,7,3,3,1,001600,1, ,9038,0
00,1024,1,11A232,11,40166,1,1,0,02,-,1,2,2,24,29/12/1999,1,03,3,2,5,01,4,5,2,1,002200,1,1,9038,27700
00,1024,1,11A232,11,40179,4,1,0,05,-,1,3,1,05,12/02/2019,1,01,2,1, , , , , , , ,1, ,8623,0
00,1024,1,11A232,11,40179,3,1,0,03,-,1,3,2,28,25/06/1996,1,04,3,2,2,01,3,5,3,1,001000,1,1,8623,35239
00,1024,1,11A232,11,40179,3,1,0,04,-,1,3,2,23,16/06/2001,1,04,3,2,6,01,3,5,3,1,001300,1, ,8623,0
00,1024,1,11A232,11,40179,3,1,0,02,-,1,2,2,51,04/06/1973,1,03,3,2,5,07, , , , , ,1, ,8623,0
00,1024,1,11A232,11,40179,4,1,0,01,-,1,1,1,37,12/07/1987,1,03,2,2,5,01,4,5,3,1,002800,1, ,8623,0
00,1024,1,11A232,11,40179,4,1,0,02,-,1,2,2,32,12/05/1992,1,04,3,2,5,07, , , , , ,1,1,8623,17620
00,1024,1,11A232,11,40179,4,1,0,03,-,1,3,1,13,21/04/2011,1,03,1,1,6,06, , , , , ,1, ,8623,0
00,1024,1,11A232,11,40179,3,1,0,01,-,1,1,1,50,03/01/1974,1,03,3,2,5,01,4,5,3,2,003200,1, ,8623,0
00,1024,1,11A232,11,40179,4,1,0,06,-,1,3,2,01,09/07/2023, , , , , , , , , , , ,1, ,8623,0
00,1024,1,11A232,11,40179,4,1,0,04,-,1,3,1,11,11/03/2013,1,02,5,1, , , , , , , ,1, ,8623,0
00,1024,1,11A232,11,40181,2,1,0,05,-,1,5,1,25,15/03/1999,1,04,3,2,5,01,7,2,3,1,002000,1, ,8852,0
00,1024,1,11A232,11,40181,3,1,0,03,-,1,3,2,34,15/12/1989,1,04,3,2,6,01,4,5,2,2,004200,1, ,8852,0
00,1024,1,11A232,11,40181,4,1,0,04,-,1,5,2,01,03/10/2023, , , , , , , , , , , ,1, ,8852,0
00,1024,1,11A232,11,40181,1,1,0,03,-,1,3,2,27,09/06/1997,1,04,2,2,6,01,7,2,3,1,001800,1, ,8852,0
00,1024,1,11A232,11,40181,1,1,0,01,-,1,1,1,57,12/12/1966,1,00, ,2,5,01,7,2,3,1,002000,1,1,8852,27131
00,1024,1,11A232,11,40181,4,1,0,05,-,1,5,2,02,03/10/2022, , , , , , , , , , , ,1, ,8852,0
00,1024,1,11A232,11,40181,3,1,0,01,-,1,1,1,61,28/03/1963,1,02,6,2,5,04, , , , , ,1, ,8852,0
00,1024,1,11A232,11,40181,2,1,0,04,-,1,3,2,25,30/10/1999,1,04,3,2,5,07, , , , , ,1, ,8852,0
00,1024,1,11A232,11,40181,2,1,0,03,-,1,3,1,27,24/06/1997,1,07,5,2,6,01,3,5,3,2,005000,1,1,8852,54262
00,1024,1,11A232,11,40181,2,1,0,02,-,1,2,2,49,11/01/1975,1,03,3,2,5,01,4,4,2,1,001000,1, ,8852,0
00,1024,1,11A232,11,40181,4,1,0,03,-,1,3,2,26,09/06/1998,1,04,3,2,2,07, , , , , ,1,1,8852,27131
00,1024,1,11A232,11,40181,1,1,0,04,-,1,5,1,09,30/04/2015,1,02,3,1, , , , , , , ,1, ,8852,0
00,1024,1,11A232,11,40181,1,1,0,02,-,1,2,2,56,23/10/1968,1,02,6,2,5,07, , , , , ,1, ,8852,0
00,1024,1,11A232,11,40181,4,1,0,01,-,1,1,1,56,02/11/1967,1,02,6,2,5,08, , , , , ,1, ,8852,0
00,1024,1,11A232,11,40181,3,1,0,02,-,1,2,2,58,05/11/1965,1,03,3,2,5,01,5,5,2,2,003200,1,1,8852,36175
00,1024,1,11A232,11,40181,2,1,0,01,-,1,1,1,52,16/09/1972,1,04,3,2,5,01,7,2,3,1,002000,1, ,8852,0
00,1024,1,11A232,11,40181,4,1,0,02,-,1,2,2,56,14/12/1967,1,03,3,2,5,07, , , , , ,1, ,8852,0
00,1024,1,11A232,11,40181,3,1,0,04,-,1,3,2,20,09/08/2004,1,04,3,2,6,01,4,5,3,2,003200,1, ,8852,0
00,1024,1,11A232,11,40181,2,1,0,07,-,1,5,1,03,26/03/2021, , , , , , , , , , , ,1, ,8852,0
00,1024,1,11A232,11,40181,2,1,0,06,-,1,3,2,19,10/09/2005,1,07,1,1,6,06, , , , , ,1, ,8852,0
00,1024,1,11A232,11,40185,3,1,0,02,-,1,2,2,36,10/07/1988,1,04,3,2,1,01,9,9,9,2,999999,1, ,9005,0
00,1024,1,11A232,11,40185,2,1,0,01,-,1,1,1,45,11/10/1979,1,02,6,2,5,01,7,2,2,1,004000,1, ,9005,0
00,1024,1,11A232,11,40185,2,1,0,02,-,1,2,2,40,23/03/1984,1,04,1,2,5,07, , , , , ,1,1,9005,18401
00,1024,1,11A232,11,40185,4,1,0,01,-,1,1,1,59,15/09/1965,1,00, ,2,5,01,3,7,3,2,003000,1,1,9005,18401
00,1024,1,11A232,11,40185,3,1,0,01,-,1,1,1,36,02/02/1988,1,04,3,2,1,01,9,9,9,2,999999,1,1,9005,18401
00,1024,1,11A232,11,40185,4,1,0,02,-,1,6,2,65,30/07/1959,2,00, ,2,6,07, , , , , ,1, ,9005,0
00,1024,1,11A232,11,40185,2,1,0,03,-,1,3,1,16,27/04/2008,1,03,3,1,6,06, , , , , ,1, ,9005,0
00,1024,1,11A232,11,40185,1,1,0,02,-,1,2,2,53,23/03/1971,1,04,3,2,5,07, , , , , ,1,1,9005,18401
00,1024,1,11A232,11,40185,3,1,0,03,-,1,3,2,12,26/07/2012,1,02,6,1,6,06, , , , , ,1, ,9005,0
00,1024,1,11A232,11,40185,1,1,0,01,-,1,1,1,54,15/05/1970,1,03,3,2,5,01,4,4,2,1,999999,1, ,9005,0
00,1024,1,11A232,11,40185,2,1,0,04,-,1,3,1,09,20/12/2014,1,02,4,1, , , , , , , ,1, ,9005,0
00,1024,1,11A232,11,40185,3,1,0,04,-,1,3,2,05,10/02/2019,2,01,2,1, , , , , , , ,1, ,9005,0
00,1024,1,11A232,11,40198,2,1,0,02,-,1,2,2,46,17/02/1978,1,07,5,2,1,01,3,4,3,2,018000,1, ,8458,0
00,1024,1,11A232,11,40198,2,1,0,01,-,1,1,1,50,07/05/1974,1,04,3,2,1,01,4,4,3,1,999999,1,1,8458,17283
00,1024,1,11A232,11,40198,3,1,0,01,-,1,1,2,39,15/03/1985,1,03,3,2,3,01,7,4,4,1,002100,1,1,8458,8641
00,1024,1,11A232,11,40198,4,1,0,01,-,1,1,2,49,04/02/1975,1,02,6,2,3,07, , , , , ,1,1,8458,8641
00,1024,1,11A232,11,40198,1,1,0,03,-,1,3,2,08,26/10/2016,1,02,2,1, , , , , , , ,1, ,8458,0
00,1024,1,11A232,11,40198,1,1,0,01,-,1,1,1,39,14/02/1985,1,03,3,2,1,01,7,2,3,1,003000,1, ,8458,0
00,1024,1,11A232,11,40198,3,1,0,02,-,1,3,2,13,30/04/2011,1,03,1,1,6,06, , , , , ,1, ,8458,0
00,1024,1,11A232,11,40198,1,1,0,02,-,1,2,2,31,01/10/1993,1,03,3,2,1,01,5,5,3,1,001700,1,1,8458,17283
00,1024,1,11A232,11,40201,3,1,0,02,-,1,2,2,47,16/04/1977,1,03,3,2,5,01,7,2,3,1,001500,1, ,8455,0
00,1024,1,11A232,11,40201,3,1,0,05,-,1,5,2,03,16/10/2021, , , , , , , , , , , ,1, ,8455,0
00,1024,1,11A232,11,40201,2,1,0,03,-,1,5,2,98, ,1,03,3,2,6,01,4,4,3,1,001200,1, ,8455,0
00,1024,1,11A232,11,40201,3,1,0,03,-,1,3,1,29,20/03/1995,1,04,3,2,6,01,4,4,3,2,003000,1,1,8455,34554
00,1024,1,11A232,11,40201,4,1,0,01,-,1,1,2,34,11/01/1990,1,02,6,2,6,07, , , , , ,1,1,8455,8638
00,1024,1,11A232,11,40201,2,1,0,02,-,1,3,2,43,14/03/1981,1,02,3,2,5,07, , , , , ,1,1,8455,34554
00,1024,1,11A232,11,40201,1,1,0,01,-,1,1,1,34,05/06/1990,1,03,3,2,1,01,4,3,3,1,002000,1, ,8455,0
00,1024,1,11A232,11,40201,1,1,0,05,-,1,3,2,06,01/06/2018,2,01,3,1, , , , , , , ,1, ,8455,0
00,1024,1,11A232,11,40201,2,1,0,01,-,1,1,2,75,23/10/1949,2,02,1,2,4,07, , , , , ,1, ,8455,0
00,1024,1,11A232,11,40201,3,1,0,01,-,1,1,1,49,30/04/1975,1,02,6,2,5,01,7,3,3,1,001500,1, ,8455,0
00,1024,1,11A232,11,40201,4,1,0,02,-,1,3,1,15,31/10/2009,1,03,3,1,6,06, , , , , ,1, ,8455,0
00,1024,1,11A232,11,40201,3,1,0,04,-,1,3,2,25,07/07/1999,1,03,3,2,6,01,7,2,3,1,001500,1, ,8455,0
00,1024,1,11A232,11,40201,4,1,0,03,-,1,3,1,05,28/10/2019,2,01,2,1, , , , , , , ,1, ,8455,0
00,1024,1,11A232,11,40201,1,1,0,03,-,1,3,1,11,21/02/2013,1,02,5,1, , , , , , , ,1, ,8455,0
00,1024,1,11A232,11,40201,1,1,0,02,-,1,2,2,35,24/03/1989,1,02,6,2,1,01,4,4,3,1,001200,1,1,8455,17277
00,1024,1,11A232,11,40201,1,1,0,04,-,1,3,2,08,13/08/2016,1,02,2,1, , , , , , , ,1, ,8455,0
00,1024,1,11A232,11,40201,2,1,0,04,-,1,5,1,98, ,1,03,3,2,5,01,4,5,3,1,002000,1, ,8455,0
00,1024,1,11A232,11,40205,3,1,0,04,-,1,3,1,06,11/02/2018,1,01,3,1, , , , , , , ,1, ,9823,0
00,1024,1,11A232,11,40205,4,1,0,02,-,1,2,1,36,02/05/1988,1,03,3,2,5,01,4,5,3,2,003000,1, ,9823,0
00,1024,1,11A232,11,40205,4,1,0,03,-,1,3,1,12,23/07/2012,1,02,6,1,6,06, , , , , ,1, ,9823,0
00,1024,1,11A232,11,40205,3,1,0,02,-,1,2,2,38,19/03/1986,1,04,3,2,5,07, , , , , ,1, ,9823,0
00,1024,1,11A232,11,40205,3,1,0,01,-,1,1,1,38,20/11/1985,1,04,3,2,5,01,4,2,3,1,001000,1,1,9823,20072
00,1024,1,11A232,11,40205,3,1,0,03,-,1,3,1,09,15/08/2015,1,02,3,1, , , , , , , ,1, ,9823,0
00,1024,1,11A232,11,40205,3,1,0,05,-,1,3,1,05,13/06/2019,1,01,2,1, , , , , , , ,1, ,9823,0
00,1024,1,11A232,11,40205,4,1,0,01,-,1,1,2,35,23/11/1988,1,04,3,2,5,07, , , , , ,1,1,9823,20072
00,1024,1,11A232,11,40205,4,1,0,04,-,1,3,2,10,22/02/2014,1,02,4,1, , , , , , , ,1, ,9823,0
00,1024,1,11A232,11,40205,2,1,0,02,-,1,2,2,63,01/02/1961,1,02,3,2,5,07, , , , , ,1,1,9823,20072
00,1024,1,11A232,11,40205,2,1,0,01,-,1,1,1,67,17/01/1957,1,00, ,2,5,01,7,2,3,1,001500,1, ,9823,0
00,1024,1,11A232,11,40218,1,1,0,03,-,1,3,2,23,06/03/2001,1,07,5,2,6,04, , , , , ,1, ,11837,0
00,1024,1,11A232,11,40218,3,1,0,02,-,1,5,2,98, ,1,02,6,2,1,07, , , , , ,1, ,11837,0
00,1024,1,11A232,11,40218,4,1,0,02,-,1,3,2,23,07/04/2001,1,07,5,2,6,01,1,5,3,1,003200,1, ,11837,0
00,1024,1,11A232,11,40218,2,1,0,01,-,1,1,2,62,20/01/1962,1,02,6,2,3,07, , , , , ,1, ,11837,0
00,1024,1,11A232,11,40218,2,1,0,03,-,1,3,1,28,03/10/1996,1,04,3,2,6,01,7,2,3,2,003000,1,1,11837,36280
00,1024,1,11A232,11,40218,1,1,0,05,-,1,3,2,21,07/02/2003,1,07,2,1,6,06, , , , , ,1, ,11837,0
00,1024,1,11A232,11,40218,1,1,0,01,-,1,1,1,56,25/04/1968,1,07,5,2,5,01,1,5,3,2,001000,1, ,11837,0
00,1024,1,11A232,11,40218,3,1,0,01,-,1,1,2,70,16/02/1954,1,02,1,2,6,01,4,4,2,1,000500,1, ,11837,0
00,1024,1,11A232,11,40218,3,1,0,03,-,1,5,1,98, ,1,02,6,2,6,04, , , , , ,1, ,11837,0
00,1024,1,11A232,11,40218,3,1,0,04,-,1,5,1,18,23/10/2006,1,02,6,2,6,01,4,5,2,1,000200,1,1,11837,48374
00,1024,1,11A232,11,40218,1,1,0,02,-,1,2,2,53,27/05/1971,1,03,3,2,5,01,4,5,3,1,001000,1,1,11837,60467
00,1024,1,11A232,11,40218,4,1,0,01,-,1,1,1,52,12/09/1972,1,04,3,2,3,01,4,4,2,1,005000,1,1,11837,24187
00,1024,1,11A232,11,40218,2,1,0,02,-,1,3,2,42,03/10/1982,1,07,2,2,6,01,4,4,2,3,030000,1, ,11837,0
00,1024,1,11A232,11,40218,1,1,0,06,-,1,3,2,15,26/11/2008,1,04,1,1,6,06, , , , , ,1, ,11837,0
00,1024,1,11A232,11,40218,1,1,0,04,-,1,3,1,22,29/01/2002,1,07,4,1,6,06, , , , , ,1, ,11837,0
00,1024,1,11A232,11,40224,3,1,0,05,-,1,3,2,21,26/12/2002,1,03,3,1,6,01,7,4,3,1,002200,1,1,7808,39887
00,1024,1,11A232,11,40224,4,1,0,01,-,1,1,1,61,05/09/1963,1,07,5,2,5,01,1,5,3,2,999999,1, ,7808,0
00,1024,1,11A232,11,40224,3,1,0,04,-,1,3,2,21,26/12/2002,1,03,3,1,6,01,7,4,3,1,002200,1, ,7808,0
00,1024,1,11A232,11,40224,3,1,0,01,-,1,1,1,58,17/07/1966,1,02,6,2,5,01,4,4,2,1,001000,1, ,7808,0
00,1024,1,11A232,11,40224,1,1,0,04,-,1,3,2,13,31/01/2011,1,03,1,1,6,06, , , , , ,1, ,7808,0
00,1024,1,11A232,11,40224,3,1,0,03,-,1,3,1,34,16/05/1990,1,03,3,2,3,01,5,6,2,1,002500,1, ,7808,0
00,1024,1,11A232,11,40224,4,1,0,02,-,1,2,2,64,22/03/1960,1,07,3,2,5,07, , , , , ,1, ,7808,0
00,1024,1,11A232,11,40224,1,1,0,05,-,1,3,1,11,25/11/2012,1,02,6,1, , , , , , , ,1, ,7808,0
00,1024,1,11A232,11,40224,1,1,0,03,-,1,3,2,15,19/05/2009,1,03,3,1,6,06, , , , , ,1, ,7808,0
00,1024,1,11A232,11,40224,1,1,0,02,-,1,2,2,43,03/05/1981,1,07,5,2,5,01,7,3,3,2,999999,1, ,7808,0
00,1024,1,11A232,11,40224,1,1,0,01,-,1,1,1,44,22/06/1980,1,07,5,2,5,01,7,3,3,2,999999,1,1,7808,15955
00,1024,1,11A232,11,40224,2,1,0,04,-,1,5,1,17,02/10/2007,1,04,2,1,6,06, , , , , ,1, ,7808,0
00,1024,1,11A232,11,40224,4,1,0,03,-,1,3,1,26,05/09/1998,1,07,5,2,6,01,5,5,2,1,999999,1, ,7808,0
00,1024,1,11A232,11,40224,4,1,0,04,-,1,3,1,28,28/11/1995,1,07,5,2,6,01,5,5,2,3,010000,1,1,7808,31910
00,1024,1,11A232,11,40224,3,1,0,02,-,1,2,2,59,07/07/1965,1,03,3,2,5,07, , , , , ,1, ,7808,0
00,1024,1,11A232,11,40224,2,1,0,02,-,1,2,2,75,13/06/1949,1,02,6,2,5,07, , , , , ,1,1,7808,23932
00,1024,1,11A232,11,40224,2,1,0,03,-,1,3,2,50,20/07/1974,1,03,3,2,6,01,3,4,3,2,004500,1, ,7808,0
00,1024,1,11A232,11,40224,2,1,0,01,-,1,1,1,78,22/10/1946,1,02,2,2,5,08, , , , , ,1, ,7808,0
15,1024,1,12A232,11,40227,3,1,0,01,-,1,1,1,60,23/01/1964,1,03,3,2,5,01,7,4,2,3,999999,1, ,7866,0
15,1024,1,12A232,11,40227,3,1,0,02,-,1,2,2,58,03/02/1966,1,03,3,2,5,07, , , , , ,1, ,7866,0
15,1024,1,12A232,11,40227,3,1,0,03,-,1,3,1,22,28/08/2002,1,04,3,1,6,06, , , , , ,1, ,7866,0
00,1024,1,12A232,11,40227,2,1,0,02,-,1,2,2,26,07/10/1998,1,06,3,2,5,07, , , , , ,1,1,7866,16174
00,1024,1,12A232,11,40227,4,1,0,03,-,1,3,2,33,31/12/1990,1,07,5,1,6,01,3,4,3,2,999999,1,1,7866,24261
00,1024,1,12A232,11,40227,1,1,0,06,-,1,5,2,05,29/03/2019,2,01,2,1, , , , , , , ,1, ,7866,0
00,1024,1,12A232,11,40227,1,1,0,03,-,1,3,2,38,24/07/1986,1,04,3,2,6,01,5,5,3,1,999999,1, ,7866,0
00,1024,1,12A232,11,40227,2,1,0,03,-,1,3,2,03,17/05/2021, , , , , , , , , , , ,1, ,7866,0
00,1024,1,12A232,11,40227,2,1,0,01,-,1,1,1,26,01/02/1998,1,07,5,2,5,01,3,4,3,1,999999,1, ,7866,0
00,1024,1,12A232,11,40227,1,1,0,05,-,1,3,2,28,01/10/1996,1,07,5,2,6,01,5,5,3,3,009000,1, ,7866,0
00,1024,1,12A232,11,40227,1,1,0,01,-,1,1,1,67,12/04/1957,1,07,5,2,5,08, , , , , ,1, ,7866,0
00,1024,1,12A232,11,40227,4,1,0,01,-,1,1,1,72,15/11/1951,1,04,3,2,5,01,4,4,2,1,999999,1, ,7866,0
00,1024,1,12A232,11,40227,4,1,0,02,-,1,2,2,66,31/05/1958,1,07,3,2,5,01,4,4,2,1,999999,1, ,7866,0
00,1024,1,12A232,11,40227,1,1,0,04,-,1,3,2,37,02/11/1987,1,07,5,2,6,01,5,5,3,3,009000,1,1,7866,40436
00,1024,1,12A232,11,40227,1,1,0,02,-,1,2,2,61,10/08/1963,1,02,2,2,5,07, , , , , ,1, ,7866,0
00,1024,1,12A232,11,40233,4,1,0,01,-,1,1,1,42,23/11/1981,1,03,3,2,1,01,3,4,3,1,999999,1,1,8516,17509
00,1024,1,12A232,11,40233,4,1,0,02,-,1,2,2,32,28/01/1992,1,03,3,2,1,07, , , , , ,1, ,8516,0
00,1024,1,12A232,11,40233,3,1,0,01,-,1,1,1,30,20/08/1994,1,04,3,2,1,01,1,9,3,1,999999,1,1,8516,26264
00,1024,1,12A232,11,40233,1,1,0,03,-,1,3,2,02,10/12/2021, , , , , , , , , , , ,1, ,8516,0
00,1024,1,12A232,11,40233,1,1,0,01,-,1,1,1,29,10/01/1995,1,03,3,2,1,01,7,2,3,1,999999,1,1,8516,17509
00,1024,1,12A232,11,40233,3,1,0,03,-,1,7,2,64,15/06/1960,1,02,6,2,4,07, , , , , ,1, ,8516,0
00,1024,1,12A232,11,40233,4,1,0,03,-,1,3,1,10,10/08/2014,1,02,4,1, , , , , , , ,1, ,8516,0
00,1024,1,12A232,11,40233,4,1,0,04,-,1,3,2,17,25/10/2007,1,04,3,2,6,07, , , , , ,1, ,8516,0
00,1024,1,12A232,11,40233,1,1,0,02,-,1,2,2,21,25/10/2003,1,03,3,2,1,07, , , , , ,1, ,8516,0
00,1024,1,12A232,11,40233,3,1,0,02,-,1,2,2,36,15/06/1988,1,07,5,2,1,07, , , , , ,1, ,8516,0
00,1024,1,12A232,11,40233,2,1,0,01,-,1,1,2,56,04/10/1968,1,02,1,2,2,01,3,5,3,1,001800,1,1,8516,17509
00,1024,1,12A232,11,40233,1,1,0,04,-,1,3,2,04,12/11/2019, , , , , , , , , , , ,1, ,8516,0
00,1024,1,12A232,11,40233,2,1,0,02,-,1,3,1,20,26/12/2003,1,03,2,2,6,01,3,4,3,2,003600,1, ,8516,0
00,1024,1,12A232,11,40237,1,1,0,05,-,1,3,1,06,28/06/2018,2,01,3,1, , , , , , , ,1, ,8368,0
00,1024,1,12A232,11,40237,3,1,0,03,-,1,7,2,47,17/04/1977,1,03,3,2,5,01,5,5,5,1,999999,1, ,8368,0
00,1024,1,12A232,11,40237,1,1,0,06,-,1,3,2,04,26/10/2020, , , , , , , , , , , ,1, ,8368,0
00,1024,1,12A232,11,40237,3,1,0,02,-,1,6,1,51,11/06/1973,1,03,3,2,5,01,4,5,3,1,999999,1,1,8368,34410
00,1024,1,12A232,11,40237,3,1,0,01,-,1,1,2,55,23/03/1969,1,03,3,2,6,01,5,5,3,1,001750,1, ,8368,0
00,1024,1,12A232,11,40237,3,1,0,04,-,1,7,2,25,07/07/1999,1,08,3,2,6,01,9,9,3,2,999999,1, ,8368,0
00,1024,1,12A232,11,40237,2,1,0,02,-,1,2,2,65,26/09/1959,1,02,3,2,5,07, , , , , ,1,1,8368,17205
00,1024,1,12A232,11,40237,4,1,0,01,-,1,1,1,58,01/03/1966,1,02,6,2,6,01,5,5,3,1,000750,1,1,8368,8602
00,1024,1,12A232,11,40237,1,1,0,01,-,1,1,2,40,15/06/1984,1,04,2,2,5,07, , , , , ,1,1,8368,25807
00,1024,1,12A232,11,40237,1,1,0,02,-,1,6,2,35,05/03/1989,1,03,3,2,6,01,4,4,3,1,999999,1, ,8368,0
00,1024,1,12A232,11,40237,1,1,0,04,-,1,3,1,11,28/09/2013,1,02,5,1, , , , , , , ,1, ,8368,0
00,1024,1,12A232,11,40237,1,1,0,03,-,1,2,1,34,27/09/1990,1,02,6,2,5,01,4,4,3,2,004400,1, ,8368,0
00,1024,1,12A232,11,40237,2,1,0,01,-,1,1,1,78,15/05/1946,1,02,6,2,5,08, , , , , ,1, ,8368,0
00,1024,1,11A232,12,40087,4,1,0,01,-,1,1,1,66,27/07/1958,2,00, ,2,5,08, , , , , ,1,1,6659,26638
00,1024,1,11A232,12,40087,2,1,0,01,-,1,1,1,37,28/04/1987,1,02,3,2,1,01,1,2,3,1,002000,1, ,6659,0
00,1024,1,11A232,12,40087,3,1,0,04,-,1,3,2,11,24/08/2013,1,02,5,1, , , , , , , ,1, ,6659,0
00,1024,1,11A232,12,40087,3,1,0,02,-,1,2,2,37,23/07/1987,1,07,5,2,5,01,3,5,3,2,007000,1, ,6659,0
00,1024,1,11A232,12,40087,3,1,0,03,-,1,3,1,13,02/06/2011,1,03,1,1,6,06, , , , , ,1, ,6659,0
00,1024,1,11A232,12,40087,2,1,0,02,-,1,2,2,51,21/10/1973,1,02,6,2,1,01,4,4,2,1,000800,1,1,6659,13319
00,1024,1,11A232,12,40087,1,1,0,03,-,1,2,1,33,12/10/1991,1,04,3,2,3,01,5,5,2,1,001500,1, ,6659,0
00,1024,1,11A232,12,40087,1,1,0,04,-,1,5,1,11,15/12/2012,1,02,6,1, , , , , , , ,1, ,6659,0
00,1024,1,11A232,12,40087,4,1,0,03,-,1,3,2,98, ,1,02,6,2,6,07, , , , , ,1, ,6659,0
00,1024,1,11A232,12,40087,4,1,0,04,-,1,3,2,40,03/11/1984,1,02,5,2,2,01,4,4,3,1,000800,1, ,6659,0
00,1024,1,11A232,12,40087,3,1,0,05,-,1,3,1,06,03/01/2018,1,01,3,1, , , , , , , ,1, ,6659,0
00,1024,1,11A232,12,40087,2,1,0,03,-,1,3,2,13,01/08/2011,1,03,1,1,6,06, , , , , ,1, ,6659,0
00,1024,1,11A232,12,40087,4,1,0,02,-,1,2,2,62,26/02/1962,2,00, ,2,5,07, , , , , ,1, ,6659,0
00,1024,1,11A232,12,40087,1,1,0,02,-,1,2,2,54,30/03/1970,1,02,3,2,5,01,4,4,2,1,002000,1,1,6659,19978
00,1024,1,11A232,12,40087,1,1,0,05,-,1,5,2,08,06/03/2016,1,02,2,1, , , , , , , ,1, ,6659,0
00,1024,1,11A232,12,40087,1,1,0,01,-,1,1,1,60,22/06/1964,2,02,2,2,5,01,5,5,2,1,002000,1, ,6659,0
00,1024,1,11A232,12,40087,3,1,0,01,-,1,1,1,36,22/10/1988,1,04,3,2,5,01,1,5,3,2,006000,1,1,6659,13319
00,1024,1,11A232,12,40090,2,1,0,02,-,1,3,2,32,02/06/1992,1,03,3,2,1,01,4,4,3,1,002000,1, ,5785,0
00,1024,1,11A232,12,40090,4,1,0,02,-,1,2,2,38,15/07/1986,1,03,3,2,5,07, , , , , ,1,1,5785,23141
00,1024,1,11A232,12,40090,2,1,0,01,-,1,1,2,61,03/08/1963,1,03,3,2,5,01,4,4,3,1,001500,1, ,5785,0
00,1024,1,11A232,12,40090,1,1,0,01,-,1,1,1,49,21/04/1975,1,03,3,2,2,01,5,5,3,2,005000,1,1,5785,5785
00,1024,1,11A232,12,40090,3,1,0,02,-,1,2,2,56,15/05/1968,1,03,3,2,1,01,1,5,3,1,001500,1, ,5785,0
00,1024,1,11A232,12,40090,4,1,0,04,-,1,3,2,20,21/01/2004,1,07,2,1,6,06, , , , , ,1, ,5785,0
00,1024,1,11A232,12,40090,3,1,0,01,-,1,1,1,61,01/01/1963,1,03,3,2,1,01,7,3,3,1,004000,1,1,5785,11571
00,1024,1,11A232,12,40090,4,1,0,05,-,1,3,2,11,06/07/2013,1,02,5,1, , , , , , , ,1, ,5785,0
00,1024,1,11A232,12,40090,2,1,0,03,-,1,2,1,67,28/07/1957,1,00, ,2,5,01,1,3,3,1,003000,1,1,5785,17356
00,1024,1,11A232,12,40090,4,1,0,01,-,1,1,1,44,25/09/1980,1,03,2,2,5,01,3,7,3,2,003000,1, ,5785,0
00,1024,1,11A232,12,40090,3,1,0,03,-,1,3,1,16,20/05/2008,1,03,3,1,6,01,7,3,3,1,002000,1, ,5785,0
00,1024,1,11A232,12,40090,4,1,0,03,-,1,3,1,19,15/08/2005,1,04,3,2,6,01,2,7,3,2,003000,1, ,5785,0
00,1024,1,11A232,12,40094,2,1,0,02,-,1,2,2,61,12/10/1963,1,07,1,2,5,08, , , , , ,1,1,5272,15816
00,1024,1,11A232,12,40094,1,1,0,01,-,1,1,1,56,19/10/1968,1,03,3,2,1,01,2,7,3,2,006000,1, ,5272,0
00,1024,1,11A232,12,40094,4,1,0,05,-,1,5,1,09,30/01/2015,1,02,3,1, , , , , , , ,1, ,5272,0
00,1024,1,11A232,12,40094,4,1,0,07,-,1,5,2,37,22/10/1987,1,02,6,1,1,01,4,4,3,2,002000,1, ,5272,0
00,1024,1,11A232,12,40094,3,1,0,01,-,1,1,1,49,14/09/1975,2,02,1,2,1,01,4,1,4,1,000500,1,1,5272,10544
00,1024,1,11A232,12,40094,1,1,0,02,-,1,2,2,58,04/04/1966,1,03,3,2,1,01,4,4,2,1,001500,1,1,5272,10544
00,1024,1,11A232,12,40094,3,1,0,02,-,1,2,2,37,21/01/1987,2,02,2,2,1,09, , , , , ,1, ,5272,0
00,1024,1,11A232,12,40094,4,1,0,03,-,1,3,1,98, ,1,07,2,2,1,01,4,4,3,2,002500,1, ,5272,0
00,1024,1,11A232,12,40094,4,1,0,01,-,1,1,2,63,05/03/1961,1,02,6,2,2,01,1,5,2,2,000600,1,1,5272,26359
00,1024,1,11A232,12,40094,4,1,0,04,-,1,5,2,98, ,1,03,3,1,6,06, , , , , ,1, ,5272,0
00,1024,1,11A232,12,40094,3,1,0,03,-,1,3,1,17,03/10/2007,1,03,2,2,6,01,4,5,3,1,002000,1, ,5272,0
00,1024,1,11A232,12,40094,4,1,0,06,-,1,5,2,02,04/05/2022, , , , , , , , , , , ,1, ,5272,0
00,1024,1,11A232,12,40094,2,1,0,01,-,1,1,1,60,05/11/1964,1,04,3,2,5,01,5,3,3,1,003500,1, ,5272,0
00,1024,1,11A232,12,40094,2,1,0,03,-,1,3,2,24,19/09/2000,1,06,4,2,6,04, , , , , ,1, ,5272,0
00,1024,1,11A232,12,40094,3,1,0,05,-,1,3,1,12,01/07/2012,1,02,6,1,6,06, , , , , ,1, ,5272,0
00,1024,1,11A232,12,40094,3,1,0,06,-,1,3,2,10,03/10/2014,2,02,2,1, , , , , , , ,1, ,5272,0
00,1024,1,11A232,12,40094,4,1,0,02,-,1,3,2,39,04/10/1985,1,07,4,2,2,01,4,4,2,1,000400,1, ,5272,0
00,1024,1,11A232,12,40094,3,1,0,04,-,1,3,2,14,25/04/2010,1,03,2,1,6,06, , , , , ,1, ,5272,0
00,1024,1,11A232,12,40100,1,1,0,01,-,1,1,2,67,15/01/1957,2,00, ,2,2,07, , , , , ,1, ,6615,0
00,1024,1,11A232,12,40100,3,1,0,01,-,1,1,2,25,19/03/1999,1,04,3,2,1,02,4,4,6,5, ,1,1,6615,13230
00,1024,1,11A232,12,40100,1,1,0,02,-,1,3,1,30,13/09/1994,1,07,5,2,6,01,1,5,3,1,003600,1,1,6615,26460
00,1024,1,11A232,12,40100,3,1,0,02,-,1,2,1,22,22/03/2002,1,04,3,2,1,01,4,4,3,1,002000,1, ,6615,0
00,1024,1,11A232,12,40100,2,1,0,01,-,1,1,1,38,18/05/1986,1,03,3,2,5,03,5,5,5,1,001500,1, ,6615,0
00,1024,1,11A232,12,40100,4,1,0,01,-,1,1,1,38,09/04/1986,1,07,4,2,5,01,3,4,3,2,006000,1, ,6615,0
00,1024,1,11A232,12,40100,1,1,0,04,-,1,5,2,26,29/10/1998,1,07,3,2,5,07, , , , , ,1, ,6615,0
00,1024,1,11A232,12,40100,2,1,0,02,-,1,2,2,38,27/01/1986,1,04,3,2,5,01,4,4,2,1,002000,1,1,6615,13230
00,1024,1,11A232,12,40100,1,1,0,03,-,1,3,1,25,29/10/1999,1,04,3,2,5,01,4,4,3,1,001800,1, ,6615,0
00,1024,1,11A232,12,40100,4,1,0,02,-,1,2,2,36,19/07/1988,1,04,3,2,5,07, , , , , ,1,1,6615,13230
00,1024,1,11A232,12,40100,1,1,0,05,-,1,5,2,01,22/12/2022, , , , , , , , , , , ,1, ,6615,0
00,1024,1,11A232,12,40100,4,1,0,04,-,1,3,1,13,16/09/2011,1,03,1,1,6,06, , , , , ,1, ,6615,0
00,1024,1,11A232,12,40100,4,1,0,03,-,1,3,2,17,16/02/2007,1,04,2,1,6,06, , , , , ,1, ,6615,0
00,1024,1,11A232,12,40104,1,1,0,01,-,1,1,1,64,24/08/1960,1,04,1,2,5,01,3,5,3,3,005000,1, ,7081,0
14,1024,1,11A232,12,40104,4,1,0,01,-,1,1,1,54,03/02/1970,1,02,6,2,3,01,5,5,2,1,001500,1, ,7081,0
00,1024,1,11A232,12,40104,1,1,0,02,-,1,2,2,64,04/04/1960,1,02,5,2,5,07, , , , , ,1, ,7081,0
00,1024,1,11A232,12,40104,1,1,0,03,-,1,3,2,42,20/10/1982,1,04,3,2,3,04, , , , , ,1,1,7081,21703
00,1024,1,11A232,12,40104,2,1,0,01,-,1,1,2,73,10/12/1950,2,00, ,2,4,07, , , , , ,1,1,7081,7234
00,1024,1,11A232,12,40104,1,1,0,04,-,1,5,2,09,23/03/2015,1,02,3,1, , , , , , , ,1, ,7081,0
00,1024,1,11A232,12,40104,3,1,0,02,-,1,6,1,29,29/08/1995,1,04,3,2,6,01,4,4,2,1,001200,1, ,7081,0
00,1024,1,11A232,12,40104,3,1,0,04,-,1,7,1,17,20/08/2007,1,03,3,2,6,01,4,4,2,1,001000,1, ,7081,0
00,1024,1,11A232,12,40104,3,1,0,01,-,1,1,1,31,12/10/1993,1,03,3,2,6,01,4,4,3,1,001500,1, ,7081,0
00,1024,1,11A232,12,40104,3,1,0,03,-,1,6,1,24,01/10/2000,1,04,3,2,6,01,4,4,2,1,001200,1,1,7081,21703
14,1024,1,11A232,12,40104,4,1,0,02,-,1,3,1,24,14/09/2000,1,04,3,2,6,01,5,5,2,1,001500,1, ,7081,0
00,1024,1,11A232,12,40107,2,1,0,04,-,1,3,2,14,20/04/2010,1,03,2,1,6,06, , , , , ,1, ,7883,0
00,1024,1,11A232,12,40107,1,1,0,01,-,1,1,2,35,10/01/1989,1,03,3,2,5,07, , , , , ,1, ,7883,0
00,1024,1,11A232,12,40107,1,1,0,05,-,1,6,1,35,02/06/1989,2,02,6,2,6,09, , , , , ,1, ,7883,0
00,1024,1,11A232,12,40107,2,1,0,02,-,1,2,2,43,27/12/1980,1,07,4,2,5,01,4,5,2,1,001500,1,1,7883,24162
00,1024,1,11A232,12,40107,1,1,0,02,-,1,2,1,38,26/02/1986,1,04,3,2,5,01,3,5,3,2,002000,1, ,7883,0
00,1024,1,11A232,12,40107,1,1,0,03,-,1,6,1,26,15/05/1998,1,03,3,2,6,01,4,4,3,2,001800,1, ,7883,0
00,1024,1,11A232,12,40107,1,1,0,04,-,1,7,2,18,06/11/2005,1,04,2,1,6,06, , , , , ,1,1,7883,40270
00,1024,1,11A232,12,40107,4,1,0,04,-,1,5,1,07,31/10/2017,1,02,1,1, , , , , , , ,1, ,7883,0
00,1024,1,11A232,12,40107,4,1,0,01,-,1,1,2,66,17/10/1958,2,00, ,2,4,01,4,4,2,1,000800,1, ,7883,0
00,1024,1,11A232,12,40107,3,1,0,01,-,1,1,1,36,15/10/1988,1,02,6,2,1,01,1,5,2,1,002000,1,1,7883,24162
00,1024,1,11A232,12,40107,4,1,0,02,-,1,3,2,40,06/11/1984,1,02,6,2,6,01,4,5,3,2,001500,1,1,7883,24162
00,1024,1,11A232,12,40107,3,1,0,03,-,1,2,2,29,16/01/1995,1,02,6,2,1,07, , , , , ,1, ,7883,0
00,1024,1,11A232,12,40107,3,1,0,05,-,1,3,2,05,11/09/2019,2,01,2,1, , , , , , , ,1, ,7883,0
00,1024,1,11A232,12,40107,4,1,0,03,-,1,3,1,31,18/01/1993,2,00, ,2,6,09, , , , , ,1, ,7883,0
00,1024,1,11A232,12,40107,2,1,0,03,-,1,3,2,18,31/10/2006,1,04,3,2,6,01,4,4,3,2,001800,1, ,7883,0
00,1024,1,11A232,12,40107,2,1,0,05,-,1,3,2,12,23/03/2012,1,02,6,1,6,06, , , , , ,1, ,7883,0
00,1024,1,11A232,12,40107,3,1,0,02,-,1,4,1,66,03/11/1958,1,02,6,2,4,08, , , , , ,1, ,7883,0
00,1024,1,11A232,12,40107,3,1,0,04,-,1,3,1,08,29/09/2016,2,02,2,1, , , , , , , ,1, ,7883,0
00,1024,1,11A232,12,40107,2,1,0,01,-,1,1,1,39,04/10/1985,1,02,2,2,5,01,1,2,2,1,003000,1, ,7883,0
00,1024,1,11A232,12,40116,3,1,0,01,-,1,1,1,60,09/11/1963,1,02,2,2,2,03,9,9,2,1,001000,1,1,6761,6907
00,1024,1,11A232,12,40116,1,1,0,01,-,1,1,2,48,22/08/1976,1,04,3,2,4,01,3,5,3,2,006000,1, ,6761,0
00,1024,1,11A232,12,40116,4,1,0,01,-,1,1,2,37,13/11/1986,2,02,3,2,1,01,4,5,3,1,001300,1,1,6761,13814
00,1024,1,11A232,12,40116,1,1,0,02,-,1,3,1,21,09/07/2003,1,07,3,1,6,06, , , , , ,1,1,6761,13814
00,1024,1,11A232,12,40116,4,1,0,02,-,1,3,1,18,08/11/2006,1,03,2,2,6,01,4,5,2,1,001200,1, ,6761,0
00,1024,1,11A232,12,40116,4,1,0,03,-,1,3,2,17,08/11/2007,1,03,1,1,6,01,4,5,3,1,001500,1, ,6761,0
00,1024,1,11A232,12,40116,2,1,0,01,-,1,1,1,64,16/06/1960,1,02,6,2,5,08, , , , , ,1,1,6761,13814
00,1024,1,11A232,12,40116,2,1,0,02,-,1,2,2,45,16/05/1979,1,02,6,2,5,01,4,4,3,1,001000,1, ,6761,0
00,1024,1,11A232,12,40120,2,1,0,02,-,1,7,1,33,07/11/1991,1,07,4,2,6,01,1,5,3,3,003000,1, ,5101,0
00,1024,1,11A232,12,40120,4,1,0,01,-,1,1,1,71,14/08/1953,1,02,6,2,5,08, , , , , ,1, ,5101,0
00,1024,1,11A232,12,40120,4,1,0,02,-,1,2,2,70,24/08/1954,1,02,6,2,5,07, , , , , ,1,1,5101,10424
00,1024,1,11A232,12,40120,1,1,0,01,-,1,1,1,55,31/05/1969,1,02,3,2,2,01,5,5,2,1,004000,1,1,5101,5212
00,1024,1,11A232,12,40120,2,1,0,01,-,1,1,1,48,22/11/1975,1,06,3,2,3,03,4,4,2,1,001400,1,1,5101,10424
00,1024,1,11A232,12,40120,3,1,0,01,-,1,1,1,81,23/06/1943,1,02,3,2,5,01,5,5,2,1,000500,1,1,5101,5212
00,1024,1,11A232,12,40122,3,1,0,02,-,1,2,1,79,17/07/1945,1,07,2,2,5,08, , , , , ,1,1,6423,19686
00,1024,1,11A232,12,40122,1,1,0,02,-,1,2,2,39,09/08/1985,1,07,5,2,5,01,1,5,3,2,012000,1, ,6423,0
00,1024,1,11A232,12,40122,3,1,0,03,-,1,3,2,43,20/03/1981,1,07,4,2,6,01,4,4,2,1,004000,1, ,6423,0
00,1024,1,11A232,12,40122,4,1,0,02,-,1,6,2,71,13/10/1953,1,02,4,2,6,07, , , , , ,1,1,6423,13124
00,1024,1,11A232,12,40122,4,1,0,01,-,1,1,2,75,12/04/1949,1,03,3,2,4,08, , , , , ,1, ,6423,0
00,1024,1,11A232,12,40122,1,1,0,01,-,1,1,1,41,04/02/1983,1,07,5,2,5,01,1,5,3,2,012000,1,1,6423,13124
00,1024,1,11A232,12,40122,3,1,0,01,-,1,1,2,76,06/07/1948,1,06,3,2,5,08, , , , , ,1, ,6423,0
00,1024,1,11A232,12,40122,2,1,0,02,-,1,2,2,42,16/11/1981,1,08,2,2,5,01,3,5,3,2,006000,1,1,6423,13124
00,1024,1,11A232,12,40122,2,1,0,04,-,1,3,1,06,31/07/2018,1,01,3,1, , , , , , , ,1, ,6423,0
00,1024,1,11A232,12,40122,2,1,0,03,-,1,3,1,11,03/07/2013,1,02,5,1, , , , , , , ,1, ,6423,0
00,1024,1,11A232,12,40122,2,1,0,01,-,1,1,1,41,17/11/1982,1,07,4,2,5,01,4,4,3,2,007000,1, ,6423,0
00,1024,1,12A232,12,40148,4,1,0,01,-,1,1,2,59,18/09/1965,1,03,3,2,3,01,4,4,3,1,001200,1,1,6913,7107
00,1024,1,12A232,12,40148,3,1,0,02,-,1,3,1,15,15/04/2009,1,03,3,1,6,06, , , , , ,1, ,6913,0
00,1024,1,12A232,12,40148,3,1,0,01,-,1,1,1,44,22/07/1980,1,04,3,2,2,01,3,5,3,1,003000,1,1,6913,7107
00,1024,1,12A232,12,40148,2,1,0,08,-,1,5,2,15,04/10/2009,1,03,2,1,6,02,4,4,6,5, ,1, ,6913,0
00,1024,1,12A232,12,40148,2,1,0,01,-,1,1,1,98, ,1,99, ,2,5,01,4,4,2,1,002000,1, ,6913,0
00,1024,1,12A232,12,40148,1,1,0,01,-,1,1,1,34,07/08/1990,1,04,2,2,5,01,5,4,3,2,003000,1,1,6913,14214
00,1024,1,12A232,12,40148,2,1,0,07,-,1,5,1,16,16/04/2008,1,04,1,1,6,06, , , , , ,1, ,6913,0
00,1024,1,12A232,12,40148,2,1,0,06,-,1,5,1,18,28/10/2006,1,04,3,2,6,02,4,4,6,5, ,1, ,6913,0
00,1024,1,12A232,12,40148,2,1,0,04,-,1,3,2,98, ,1,99, ,2,2,01,1,5,3,3,005000,1, ,6913,0
00,1024,1,12A232,12,40148,1,1,0,03,-,1,3,1,01,09/10/2023, , , , , , , , , , , ,1, ,6913,0
00,1024,1,12A232,12,40148,2,1,0,02,-,1,2,2,98, ,1,99, ,2,5,01,4,4,2,1,002000,1, ,6913,0
00,1024,1,12A232,12,40148,1,1,0,02,-,1,2,2,36,18/10/1988,1,07,2,2,5,07, , , , , ,1, ,6913,0
00,1024,1,12A232,12,40148,2,1,0,05,-,1,5,2,34,01/10/1990,1,03,3,1,3,03,1,5,3,3,005000,1,1,6913,42641
00,1024,1,12A232,12,40148,2,1,0,03,-,1,3,1,54,01/09/1970,1,07,3,2,6,01,4,4,2,1,003000,1, ,6913,0
00,1024,1,12A232,12,40156,3,1,0,01,-,1,1,2,77,27/05/1947,1,07,3,2,2,08, , , , , ,1,1,6090,12522
00,1024,1,12A232,12,40156,1,1,0,02,-,1,2,2,98, ,1,99, ,2,5,07, , , , , ,1, ,6090,0
00,1024,1,12A232,12,40156,2,1,0,04,-,1,3,1,09,06/03/2015,1,02,3,1, , , , , , , ,1, ,6090,0
00,1024,1,12A232,12,40156,2,1,0,02,-,1,2,2,37,10/02/1987,1,07,4,2,1,01,3,4,3,2,015000,1, ,6090,0
00,1024,1,12A232,12,40156,1,1,0,01,-,1,1,1,98, ,1,08,3,2,5,01,3,5,3,2,001500,1, ,6090,0
00,1024,1,12A232,12,40156,4,1,0,01,-,1,1,2,74,06/11/1949,1,04,1,2,4,08, , , , , ,1,1,6090,6261
00,1024,1,12A232,12,40156,3,1,0,02,-,1,9,2,45,04/09/1979,1,04,3,2,6,01,5,5,3,1,002000,1, ,6090,0
00,1024,1,12A232,12,40156,2,1,0,03,-,1,7,2,17,14/12/2006,1,04,3,1,6,06, , , , , ,1, ,6090,0
00,1024,1,12A232,12,40156,2,1,0,01,-,1,1,1,42,08/01/1982,1,07,4,2,1,04, , , , , ,1,1,6090,12522
00,1024,1,12A232,12,40156,1,1,0,03,-,1,3,2,47,14/07/1977,1,04,3,2,4,07, , , , , ,1,1,6090,18784
00,1024,1,12A232,12,40156,1,1,0,04,-,1,5,1,16,26/01/2008,1,04,1,1,6,06, , , , , ,1, ,6090,0
00,1024,1,12A232,12,40159,1,1,0,01,-,1,1,2,57,28/10/1967,1,07,4,2,3,08, , , , , ,1,1,4370,4493
00,1024,1,12A232,12,40159,4,1,0,01,-,1,1,1,64,01/11/1959,1,05,4,2,5,08, , , , , ,1,1,4370,8985
00,1024,1,12A232,12,40159,3,1,0,01,-,1,1,2,83,16/12/1940,1,05,6,2,4,08, , , , , ,1,1,4370,13478
00,1024,1,12A232,12,40159,2,1,0,01,-,1,1,1,67,07/01/1957,1,04,3,2,4,08, , , , , ,1,1,4370,4493
00,1024,1,12A232,12,40159,4,1,0,02,-,1,2,2,63,04/01/1961,1,05,4,2,5,08, , , , , ,1, ,4370,0
00,1024,1,12A232,12,40159,3,1,0,02,-,1,3,2,58,24/10/1966,1,07,8,2,2,01,3,7,3,2,004800,1, ,4370,0
00,1024,1,12A232,12,40159,3,1,0,03,-,1,3,1,61,07/08/1963,1,03,3,2,6,09, , , , , ,1, ,4370,0
00,1024,1,11A232,13,40091,2,1,0,03,-,1,3,1,27,12/03/1997,1,07,4,2,6,01,1,5,2,1,002000,1, ,8403,0
00,1024,1,11A232,13,40091,3,1,0,02,-,1,2,2,57,19/02/1967,2,02,3,2,5,01,5,5,3,1,000600,1, ,8403,0
00,1024,1,11A232,13,40091,1,1,0,01,-,1,1,1,51,09/05/1973,2,02,2,2,1,04, , , , , ,1, ,8403,0
00,1024,1,11A232,13,40091,4,1,0,02,-,1,3,1,22,21/10/2002,1,04,2,1,6,06, , , , , ,1, ,8403,0
00,1024,1,11A232,13,40091,1,1,0,03,-,1,3,1,11,30/05/2013,1,02,5,1, , , , , , , ,1, ,8403,0
00,1024,1,11A232,13,40091,2,1,0,01,-,1,1,1,50,02/08/1974,1,03,3,2,5,09, , , , , ,1, ,8403,0
00,1024,1,11A232,13,40091,1,1,0,02,-,1,2,2,52,15/06/1972,1,02,6,2,1,07, , , , , ,1,1,8403,17169
00,1024,1,11A232,13,40091,3,1,0,01,-,1,1,1,61,04/07/1963,1,03,3,2,5,01,5,7,3,2,003200,1,1,8403,17169
00,1024,1,11A232,13,40091,2,1,0,04,-,1,2,2,31,27/03/1993,1,07,4,2,6,01,1,2,3,2,012000,1, ,8403,0
00,1024,1,11A232,13,40091,2,1,0,02,-,1,2,2,50,22/08/1974,1,03,3,2,5,07, , , , , ,1,1,8403,34338
00,1024,1,11A232,13,40091,4,1,0,01,-,1,1,2,63,18/11/1960,1,02,6,2,6,01,5,5,2,1,001000,1,1,8403,17169
00,1024,1,11A232,13,40095,1,1,0,04,-,1,2,2,54,26/07/1970,1,07,2,2,5,07, , , , , ,1,1,7687,31412
00,1024,1,11A232,13,40095,3,1,0,01,-,1,1,2,70,31/07/1954,1,02,3,2,4,02,4,4,6,5, ,1, ,7687,0
00,1024,1,11A232,13,40095,3,1,0,02,-,1,3,1,43,11/11/1980,1,03,3,2,2,01,1,5,2,1,001500,1, ,7687,0
00,1024,1,11A232,13,40095,2,1,0,02,-,1,3,2,34,06/06/1990,1,07,4,2,6,01,1,5,3,2,009999,1, ,7687,0
00,1024,1,11A232,13,40095,3,1,0,05,-,1,5,1,15,22/08/2009,1,03,3,1,6,06, , , , , ,1, ,7687,0
00,1024,1,11A232,13,40095,1,1,0,03,-,1,3,2,31,30/04/1993,1,07,5,1,6,01,1,7,3,2,008500,1, ,7687,0
00,1024,1,11A232,13,40095,2,1,0,03,-,1,3,2,31,05/11/1993,1,03,2,2,6,07, , , , , ,1,1,7687,23559
00,1024,1,11A232,13,40095,4,1,0,01,-,1,1,1,57,11/02/1967,1,04,3,2,5,01,5,5,2,1,000999,1,1,7687,15706
00,1024,1,11A232,13,40095,3,1,0,04,-,1,3,1,30,21/04/1994,1,03,3,2,6,01,4,4,5,1,000999,1, ,7687,0
00,1024,1,11A232,13,40095,1,1,0,02,-,1,3,2,29,22/04/1995,1,07,4,1,6,01,1,7,3,2,008000,1, ,7687,0
00,1024,1,11A232,13,40095,3,1,0,03,-,1,3,2,41,14/01/1983,1,03,3,2,6,01,4,4,3,1,001500,1,1,7687,31412
00,1024,1,11A232,13,40095,4,1,0,02,-,1,2,2,59,06/09/1965,1,04,3,2,5,07, , , , , ,1, ,7687,0
00,1024,1,11A232,13,40095,2,1,0,01,-,1,1,2,53,25/10/1971,1,03,3,2,5,07, , , , , ,1, ,7687,0
00,1024,1,11A232,13,40095,3,1,0,06,-,1,5,1,13,20/07/2011,1,03,1,1,6,06, , , , , ,1, ,7687,0
00,1024,1,11A232,13,40095,1,1,0,01,-,1,1,1,66,31/12/1957,1,04,3,2,5,01,1,7,3,2,004000,1, ,7687,0
00,1024,1,12A232,13,40121,2,1,0,01,-,1,1,2,84,10/11/1939,1,02,6,2,4,08, , , , , ,1, ,5749,0
00,1024,1,12A232,13,40121,1,1,0,01,-,1,1,1,66,12/12/1957,1,06,3,2,5,01,4,4,2,1,001000,1, ,5749,0
00,1024,1,12A232,13,40121,2,1,0,02,-,1,3,2,62,13/09/1962,1,06,4,2,4,08, , , , , ,1,1,5749,23643
00,1024,1,12A232,13,40121,1,1,0,02,-,1,2,2,66,26/04/1958,1,06,3,2,5,07, , , , , ,1, ,5749,0
00,1024,1,12A232,13,40121,2,1,0,04,-,1,5,2,24,27/03/2000,1,07,2,1,6,06, , , , , ,1, ,5749,0
00,1024,1,12A232,13,40121,2,1,0,03,-,1,5,1,36,27/02/1988,1,07,5,2,6,01,1,6,3,2,003000,1, ,5749,0
00,1024,1,12A232,13,40121,3,1,0,01,-,1,1,2,46,28/07/1978,1,03,3,2,6,01,5,5,3,2,003000,1, ,5749,0
00,1024,1,12A232,13,40121,3,1,0,03,-,1,3,2,10,30/08/2014,1,02,3,1, , , , , , , ,1, ,5749,0
00,1024,1,12A232,13,40121,1,1,0,03,-,1,3,2,30,16/12/1993,1,07,4,2,6,01,3,7,3,2,003000,1,1,5749,17732
00,1024,1,12A232,13,40121,3,1,0,02,-,1,3,1,32,31/03/1992,1,07,5,2,6,01,1,5,3,2,005000,1,1,5749,11821
00,1024,1,12A232,13,40124,3,1,0,06,-,1,5,1,15,03/12/2008,1,03,3,1,6,06, , , , , ,1, ,5970,0
00,1024,1,12A232,13,40124,1,1,0,01,-,1,1,1,54,18/02/1970,1,07,4,2,5,01,5,5,2,1,001500,1,1,5970,12275
00,1024,1,12A232,13,40124,4,1,0,01,-,1,1,1,75,31/05/1949,1,02,6,2,5,08, , , , , ,1,1,5970,24551
00,1024,1,12A232,13,40124,3,1,0,08,-,1,5,1,04,07/03/2020, , , , , , , , , , , ,1, ,5970,0
00,1024,1,12A232,13,40124,2,1,0,01,-,1,1,1,73,21/01/1951,1,07,4,2,5,04, , , , , ,1, ,5970,0
00,1024,1,12A232,13,40124,2,1,0,02,-,1,2,2,63,04/10/1961,1,06,2,2,5,01,5,5,5,1,000800,1, ,5970,0
00,1024,1,12A232,13,40124,2,1,0,03,-,1,3,1,32,03/07/1992,1,07,3,2,6,04, , , , , ,1,1,5970,18413
00,1024,1,12A232,13,40124,4,1,0,02,-,1,2,2,69,28/12/1954,1,03,3,2,5,07, , , , , ,1, ,5970,0
00,1024,1,12A232,13,40124,3,1,0,04,-,1,5,1,15,12/10/2009,1,03,3,1,6,06, , , , , ,1, ,5970,0
00,1024,1,12A232,13,40124,3,1,0,02,-,1,3,2,37,15/11/1986,1,03,2,2,2,01,5,5,3,2,003000,1, ,5970,0
00,1024,1,12A232,13,40124,3,1,0,01,-,1,1,2,63,07/01/1961,1,02,3,2,4,07, , , , , ,1,1,5970,18413
00,1024,1,12A232,13,40124,4,1,0,03,-,1,3,1,50,04/11/1973,1,07,4,2,5,01,3,7,3,2,000099,1, ,5970,0
00,1024,1,12A232,13,40124,1,1,0,02,-,1,2,2,49,05/11/1974,1,03,3,2,5,07, , , , , ,1, ,5970,0
00,1024,1,12A232,13,40124,3,1,0,03,-,1,3,2,35,03/11/1988,1,03,3,2,2,01,5,4,3,1,001700,1, ,5970,0
00,1024,1,12A232,13,40124,1,1,0,03,-,1,3,2,15,05/10/2009,1,03,3,1,6,06, , , , , ,1, ,5970,0
00,1024,1,12A232,13,40124,3,1,0,05,-,1,5,1,13,23/03/2011,1,03,1,1,6,06, , , , , ,1, ,5970,0
00,1024,1,12A232,13,40124,4,1,0,04,-,1,5,2,43,30/08/1981,1,03,3,2,5,01,5,5,5,1,000099,1, ,5970,0
00,1024,1,12A232,13,40124,3,1,0,07,-,1,5,1,13,21/07/2011,1,03,1,1,6,06, , , , , ,1, ,5970,0
00,1024,1,12A232,13,40128,4,1,0,04,-,1,7,2,18,25/10/2006,1,04,2,1,6,06, , , , , ,1, ,7383,0
00,1024,1,12A232,13,40128,2,1,0,03,-,1,3,1,48,26/08/1976,1,03,3,2,6,01,3,7,3,2,009999,1, ,7383,0
00,1024,1,12A232,13,40128,2,1,0,02,-,1,3,2,49,25/01/1975,1,03,3,2,6,07, , , , , ,1, ,7383,0
00,1024,1,12A232,13,40128,2,1,0,04,-,1,3,1,30,13/06/1994,1,04,2,2,1,01,3,7,3,2,009999,1, ,7383,0
00,1024,1,12A232,13,40128,3,1,0,01,-,1,1,1,55,29/01/1969,1,04,3,2,3,01,1,2,3,1,005000,1,1,7383,7590
00,1024,1,12A232,13,40128,1,1,0,03,-,1,3,1,30,06/08/1994,1,07,4,2,6,01,5,6,3,1,001200,1, ,7383,0
00,1024,1,12A232,13,40128,1,1,0,01,-,1,1,1,56,26/02/1968,1,04,3,2,5,01,5,5,1,1,000999,1, ,7383,0
00,1024,1,12A232,13,40128,4,1,0,01,-,1,1,2,65,31/08/1959,1,03,3,2,6,01,5,5,3,2,003000,1, ,7383,0
00,1024,1,12A232,13,40128,2,1,0,05,-,1,5,2,31,03/01/1993,1,07,4,2,1,01,1,5,3,1,000999,1,1,7383,37951
00,1024,1,12A232,13,40128,1,1,0,05,-,1,6,1,72,26/11/1951,1,02,4,2,6,01,4,5,2,1,009999,1,1,7383,37951
00,1024,1,12A232,13,40128,4,1,0,03,-,1,7,2,41,12/04/1983,1,03,3,2,2,01,5,5,2,1,000400,1, ,7383,0
00,1024,1,12A232,13,40128,1,1,0,02,-,1,2,2,50,11/04/1974,1,03,3,2,5,07, , , , , ,1, ,7383,0
00,1024,1,12A232,13,40128,2,1,0,01,-,1,1,2,76,05/01/1948,1,02,6,2,4,09, , , , , ,1, ,7383,0
00,1024,1,12A232,13,40128,1,1,0,04,-,1,3,2,22,09/11/2001,1,07,4,2,6,01,1,5,3,2,001300,1, ,7383,0
00,1024,1,12A232,13,40128,4,1,0,02,-,1,6,2,54,22/09/1970,1,03,3,2,6,07, , , , , ,1,1,7383,30360
00,1024,1,12A232,13,40137,2,1,0,02,-,1,7,2,21,13/09/2003,1,04,2,2,6,01,5,4,3,1,001200,1,1,7895,16233
00,1024,1,12A232,13,40137,4,1,0,01,-,1,1,1,60,14/04/1964,1,07,1,2,3,08, , , , , ,1,1,7895,16233
00,1024,1,12A232,13,40137,4,1,0,02,-,1,4,2,81,06/04/1943,1,02,4,2,4,07, , , , , ,1, ,7895,0
00,1024,1,12A232,13,40137,3,1,0,01,-,1,1,1,65,11/11/1958,1,07,1,2,5,08, , , , , ,1,1,7895,16233
00,1024,1,12A232,13,40137,2,1,0,01,-,1,1,2,37,06/07/1987,1,03,3,2,6,01,1,5,2,1,001500,1, ,7895,0
00,1024,1,12A232,13,40137,2,1,0,03,-,1,3,2,02,25/02/2022, , , , , , , , , , , ,1, ,7895,0
00,1024,1,12A232,13,40137,3,1,0,02,-,1,2,2,63,15/07/1961,1,02,6,2,5,07, , , , , ,1, ,7895,0
00,1024,1,12A232,13,40141,2,1,0,01,-,1,1,2,46,05/07/1978,1,02,3,2,4,03,5,5,3,1,001000,1,1,6253,6428
00,1024,1,12A232,13,40141,4,1,0,01,-,1,1,1,27,08/10/1997,1,07,4,2,1,01,1,4,1,1,003000,1,1,6253,12856
00,1024,1,12A232,13,40141,4,1,0,02,-,1,2,2,25,26/09/1999,1,07,4,2,1,01,2,7,3,3,020000,1, ,6253,0
00,1024,1,12A232,13,40141,1,1,0,03,-,1,7,2,59,15/02/1965,2,02,3,2,2,07, , , , , ,1, ,6253,0
00,1024,1,12A232,13,40141,1,1,0,04,-,1,7,1,20,29/08/2004,1,03,3,1,6,01,5,5,3,2,005500,1, ,6253,0
00,1024,1,12A232,13,40141,3,1,0,01,-,1,1,1,54,16/03/1970,1,04,1,2,3,01,1,5,5,3,010000,1,1,6253,6428
00,1024,1,12A232,13,40141,1,1,0,02,-,1,7,2,50,30/08/1974,1,03,3,2,2,01,5,5,3,2,003900,1, ,6253,0
00,1024,1,12A232,13,40141,1,1,0,01,-,1,1,1,34,06/05/1990,1,03,3,1,5,01,1,5,3,2,005500,1,1,6253,25712
00,1024,1,13A232,13,40143,3,1,0,05,-,1,5,1,05,05/08/2019,2,01,1,1, , , , , , , ,1, ,13756,0
00,1024,1,13A232,13,40143,4,1,0,01,-,1,1,1,28,29/01/1996,1,07,5,2,6,01,1,7,3,2,009999,1,1,13756,14644
00,1024,1,13A232,13,40143,3,1,0,03,-,1,3,1,30,14/03/1994,1,07,1,2,2,01,4,4,3,3,010000,1, ,13756,0
00,1024,1,13A232,13,40143,2,1,0,01,-,1,1,2,62,25/12/1961,1,08,3,2,6,01,1,7,3,2,012000,1,1,13756,14644
00,1024,1,13A232,13,40143,1,1,0,01,-,1,1,1,42,19/09/1982,1,07,5,2,6,01,1,4,3,3,045000,1,1,13756,14644
00,1024,1,13A232,13,40143,3,1,0,02,-,1,2,2,51,25/12/1972,1,03,3,2,1,07, , , , , ,1,1,13756,43931
00,1024,1,13A232,13,40143,3,1,0,04,-,1,3,1,14,28/11/2009,1,03,2,1,6,06, , , , , ,1, ,13756,0
00,1024,1,13A232,13,40143,3,1,0,01,-,1,1,1,60,23/01/1964,1,04,3,2,1,01,4,4,2,1,999999,1, ,13756,0
00,1024,1,13A232,13,40154,3,1,0,01,-,1,1,2,74,18/08/1950,1,03,3,2,4,07, , , , , ,1, ,7209,0
00,1024,1,13A232,13,40154,1,1,0,04,-,1,3,2,09,18/06/2015,1,02,3,1, , , , , , , ,1, ,7209,0
00,1024,1,13A232,13,40154,1,1,0,03,-,1,3,1,12,27/12/2011,1,03,1,1,6,06, , , , , ,1, ,7209,0
00,1024,1,13A232,13,40154,3,1,0,02,-,1,3,2,53,07/09/1971,1,07,5,2,1,01,2,7,3,2,016000,1,1,7209,15348
00,1024,1,13A232,13,40154,4,1,0,01,-,1,1,2,63,26/04/1961,2,04,3,2,6,08, , , , , ,1,1,7209,7674
00,1024,1,13A232,13,40154,1,1,0,01,-,1,1,1,38,27/09/1986,1,08,1,1,5,01,1,5,2,1,009999,1, ,7209,0
00,1024,1,13A232,13,40154,1,1,0,02,-,1,2,2,40,10/09/1984,1,07,4,2,5,03,1,5,3,2,015000,1,1,7209,15348
00,1024,1,13A232,13,40154,2,1,0,02,-,1,3,2,16,26/02/2008,1,04,1,1,6,06, , , , , ,1, ,7209,0
00,1024,1,13A232,13,40154,2,1,0,01,-,1,1,2,43,13/06/1981,1,07,4,2,3,01,3,7,3,2,008700,1,1,7209,7674
00,1024,1,13A232,13,40156,1,1,0,02,-,1,2,2,47,06/12/1976,1,07,5,2,5,01,4,4,2,3,015000,1,1,8952,19060
00,1024,1,13A232,13,40156,4,1,0,05,-,1,5,1,05,26/02/2019,2,01,1,1, , , , , , , ,1, ,8952,0
00,1024,1,13A232,13,40156,2,1,0,02,-,1,2,2,47,09/08/1977,1,04,3,2,5,01,4,4,2,1,999999,1, ,8952,0
00,1024,1,13A232,13,40156,4,1,0,04,-,1,5,1,39,27/02/1985,1,02,6,2,1,01,1,5,2,1,005000,1, ,8952,0
00,1024,1,13A232,13,40156,4,1,0,01,-,1,1,1,78,28/04/1946,1,02,6,2,5,08, , , , , ,1, ,8952,0
00,1024,1,13A232,13,40156,2,1,0,01,-,1,1,1,53,13/05/1971,1,04,3,2,5,01,1,3,2,1,999999,1,1,8952,19060
00,1024,1,13A232,13,40156,3,1,0,01,-,1,1,2,74,28/07/1950,1,03,3,2,2,07, , , , , ,1,1,8952,9530
00,1024,1,13A232,13,40156,4,1,0,02,-,1,2,2,74,16/09/1950,1,04,3,2,5,07, , , , , ,1, ,8952,0
00,1024,1,13A232,13,40156,1,1,0,01,-,1,1,1,53,02/11/1970,1,08,1,2,5,04, , , , , ,1, ,8952,0
00,1024,1,13A232,13,40156,4,1,0,03,-,1,3,2,41,01/02/1983,1,03,3,2,1,07, , , , , ,1,1,8952,38120
00,1024,1,13A232,13,40160,1,1,0,01,-,1,1,1,66,23/08/1958,1,07,5,2,5,01,2,7,3,2,014000,1, ,9598,0
00,1024,1,13A232,13,40160,2,1,0,02,-,1,2,2,63,17/09/1961,1,02,6,2,5,07, , , , , ,1, ,9598,0
00,1024,1,13A232,13,40160,1,1,0,04,-,1,3,1,27,26/02/1997,1,07,5,2,6,01,2,7,3,3,009000,1, ,9598,0
00,1024,1,13A232,13,40160,3,1,0,02,-,1,3,2,12,10/10/2012,1,02,6,1,6,06, , , , , ,1, ,9598,0
00,1024,1,13A232,13,40160,3,1,0,01,-,1,1,2,39,15/04/1985,1,06,3,2,3,01,5,5,3,2,004000,1,1,9598,10217
00,1024,1,13A232,13,40160,1,1,0,03,-,1,3,1,37,31/07/1987,1,07,5,2,6,01,2,7,3,2,007000,1, ,9598,0
00,1024,1,13A232,13,40160,1,1,0,02,-,1,2,2,65,24/10/1959,1,07,5,2,5,07, , , , , ,1,1,9598,40867
00,1024,1,13A232,13,40160,2,1,0,01,-,1,1,1,66,17/12/1957,1,07,4,2,5,08, , , , , ,1,1,9598,20434
00,1024,1,13A232,13,40167,4,1,0,01,-,1,1,1,64,17/06/1960,1,07,4,2,3,01,1,7,3,2,008000,1,1,7313,7785
00,1024,1,13A232,13,40167,2,1,0,03,-,1,3,1,11,07/05/2013,1,02,5,1, , , , , , , ,1, ,7313,0
00,1024,1,13A232,13,40167,2,1,0,02,-,1,3,2,13,23/07/2011,1,03,1,1,6,06, , , , , ,1, ,7313,0
00,1024,1,13A232,13,40167,2,1,0,01,-,1,1,2,49,09/09/1975,1,08,2,1,4,01,1,7,3,2,015000,1,1,7313,7785
00,1024,1,11A232,14,40007,3,1,0,01,-,1,1,1,49,28/06/1975,1,03,3,2,5,01,7,5,3,2,000800,1, ,6497,0
00,1024,1,11A232,14,40007,1,1,0,03,-,1,3,2,21,26/04/2003,1,07,2,1,6,06, , , , , ,1, ,6497,0
00,1024,1,11A232,14,40007,4,1,0,06,-,1,5,1,12,20/12/2011,1,03,1,1,6,06, , , , , ,1, ,6497,0
00,1024,1,11A232,14,40007,3,1,0,04,-,1,3,1,20,31/03/2004,1,04,3,2,6,01,7,5,3,2,002000,1,1,6497,26553
00,1024,1,11A232,14,40007,1,1,0,04,-,1,3,2,19,19/04/2005,1,04,3,1,6,06, , , , , ,1, ,6497,0
00,1024,1,11A232,14,40007,4,1,0,03,-,1,3,2,33,20/03/1991,1,04,3,2,3,01,3,5,3,1,001800,1, ,6497,0
00,1024,1,11A232,14,40007,4,1,0,05,-,1,5,2,15,26/05/2009,1,03,3,1,6,06, , , , , ,1, ,6497,0
00,1024,1,11A232,14,40007,3,1,0,02,-,1,2,2,52,17/02/1972,1,03,3,2,5,01,7,5,2,1,999999,1, ,6497,0
00,1024,1,11A232,14,40007,4,1,0,01,-,1,1,1,60,19/10/1964,1,03,3,2,5,08, , , , , ,1,1,6497,26553
00,1024,1,11A232,14,40007,2,1,0,01,-,1,1,2,49,27/04/1975,1,02,6,2,4,03,7,5,3,1,001100,1,1,6497,6638
00,1024,1,11A232,14,40007,1,1,0,02,-,1,2,2,44,07/06/1980,1,04,3,2,5,07, , , , , ,1,1,6497,26553
00,1024,1,11A232,14,40007,4,1,0,07,-,1,5,1,05,14/12/2018,1,01,3,1, , , , , , , ,1, ,6497,0
00,1024,1,11A232,14,40007,1,1,0,05,-,1,3,1,13,15/06/2011,1,03,2,1,6,06, , , , , ,1, ,6497,0
00,1024,1,11A232,14,40007,1,1,0,01,-,1,1,1,45,18/04/1979,1,04,3,2,5,01,7,3,2,1,999999,1, ,6497,0
00,1024,1,11A232,14,40007,4,1,0,02,-,1,2,2,59,11/08/1965,1,03,3,2,5,07, , , , , ,1, ,6497,0
00,1024,1,11A232,14,40007,4,1,0,04,-,1,3,2,21,31/10/2002,2,00, ,2,6,09, , , , , ,1, ,6497,0
00,1024,1,11A232,14,40007,3,1,0,03,-,1,3,1,24,18/12/1999,1,07,2,1,6,01,7,5,3,2,002000,1, ,6497,0
00,1024,1,11A232,14,40008,1,1,0,02,-,1,2,2,46,17/06/1978,1,06,3,2,5,01,4,4,2,2,999999,1, ,7302,0
00,1024,1,11A232,14,40008,4,1,0,01,-,1,1,2,63,04/10/1961,1,02,5,2,1,07, , , , , ,1, ,7302,0
00,1024,1,11A232,14,40008,4,1,0,07,-,1,5,2,11,07/10/2013,1,02,5,1, , , , , , , ,1, ,7302,0
00,1024,1,11A232,14,40008,4,1,0,06,-,1,5,1,13,29/09/2011,1,02,6,1,6,06, , , , , ,1, ,7302,0
00,1024,1,11A232,14,40008,1,1,0,07,-,1,3,2,11,03/03/2013,1,02,5,1, , , , , , , ,1, ,7302,0
00,1024,1,11A232,14,40008,1,1,0,06,-,1,3,2,13,15/12/2010,1,03,1,1,6,06, , , , , ,1, ,7302,0
00,1024,1,11A232,14,40008,4,1,0,04,-,1,5,1,21,16/03/2003,1,02,6,2,1,01,7,2,3,1,999999,1,1,7302,29839
00,1024,1,11A232,14,40008,4,1,0,03,-,1,6,1,49,09/01/1975,1,02,3,2,6,01,7,3,2,1,999999,1, ,7302,0
00,1024,1,11A232,14,40008,4,1,0,05,-,1,8,2,17,31/03/2007,1,03,3,2,1,07, , , , , ,1, ,7302,0
00,1024,1,11A232,14,40008,3,1,0,01,-,1,1,2,70,13/06/1954,1,02,6,2,5,07, , , , , ,1, ,7302,0
00,1024,1,11A232,14,40008,1,1,0,01,-,1,1,1,48,08/02/1976,1,03,3,2,5,01,7,4,3,1,002000,1, ,7302,0
00,1024,1,11A232,14,40008,4,1,0,09,-,1,5,1,01,27/01/2023, , , , , , , , , , , ,1, ,7302,0
00,1024,1,11A232,14,40008,4,1,0,08,-,1,5,2,07,10/07/2017,2,02,1,1, , , , , , , ,1, ,7302,0
00,1024,1,11A232,14,40008,4,1,0,02,-,1,2,1,62,30/03/1962,1,03,3,2,1,01,4,4,5,1,999999,1, ,7302,0
00,1024,1,11A232,14,40008,1,1,0,08,-,1,3,1,09,16/08/2015,1,02,3,1, , , , , , , ,1, ,7302,0
00,1024,1,11A232,14,40008,1,1,0,05,-,1,3,2,20,15/01/2004,1,07,1,1,6,06, , , , , ,1,1,7302,37299
00,1024,1,11A232,14,40008,1,1,0,04,-,1,3,2,21,24/09/2003,1,04,3,2,6,01,4,4,3,2,999999,1, ,7302,0
00,1024,1,11A232,14,40008,3,1,0,02,-,1,2,1,75,13/12/1948,1,03,2,2,5,10, , , , , ,1,1,7302,14920
00,1024,1,11A232,14,40008,1,1,0,03,-,1,3,1,23,15/05/2001,1,04,3,2,6,01,7,5,3,1,999999,1, ,7302,0
00,1024,1,12A232,14,40033,2,1,0,02,-,1,2,1,62,23/10/1962,1,00, ,2,5,01,7,3,2,1,002100,1, ,8940,0
00,1024,1,12A232,14,40033,3,1,0,01,-,1,1,2,60,03/07/1964,1,03,3,2,5,07, , , , , ,1, ,8940,0
00,1024,1,12A232,14,40033,4,1,0,01,-,1,1,2,82,13/08/1942,1,06,4,2,4,07, , , , , ,1, ,8940,0
00,1024,1,12A232,14,40033,2,1,0,06,-,1,5,2,03,21/09/2021, , , , , , , , , , , ,1, ,8940,0
00,1024,1,12A232,14,40033,2,1,0,04,-,1,3,2,25,08/04/1999,1,03,3,2,6,07, , , , , ,1,1,8940,36762
00,1024,1,12A232,14,40033,2,1,0,05,-,1,3,1,16,14/04/2008,1,03,1,2,6,01,4,4,3,1,002250,1, ,8940,0
00,1024,1,12A232,14,40033,4,1,0,03,-,1,5,1,18,15/09/2006,1,04,3,2,6,10, , , , , ,1, ,8940,0
00,1024,1,12A232,14,40033,4,1,0,02,-,1,5,1,20,15/10/2004,1,04,1,2,6,01,5,5,5,1,999999,1,1,8940,27572
00,1024,1,12A232,14,40033,2,1,0,01,-,1,1,2,49,26/02/1975,1,02,5,2,5,07, , , , , ,1, ,8940,0
00,1024,1,12A232,14,40033,3,1,0,02,-,1,3,1,30,22/10/1994,1,07,4,2,6,09, , , , , ,1,1,8940,18381
00,1024,1,12A232,14,40033,2,1,0,03,-,1,3,2,26,30/04/1998,1,03,1,2,1,07, , , , , ,1, ,8940,0
00,1024,1,12A232,14,40033,1,1,0,01,-,1,1,1,29,18/09/1995,1,03,3,2,6,01,5,5,1,1,010000,1,1,8940,9191
00,1024,1,12A232,14,40034,1,1,0,03,-,1,2,2,49,17/11/1974,1,02,3,2,1,07, , , , , ,1,1,8180,33636
00,1024,1,12A232,14,40034,2,1,0,02,-,1,2,2,36,02/12/1987,1,04,3,2,1,01,4,4,2,1,999999,1, ,8180,0
00,1024,1,12A232,14,40034,1,1,0,05,-,1,3,2,17,23/08/2007,1,04,1,1,6,06, , , , , ,1, ,8180,0
00,1024,1,12A232,14,40034,1,1,0,02,-,1,4,1,83,14/07/1941,1,02,3,2,4,08, , , , , ,1, ,8180,0
00,1024,1,12A232,14,40034,2,1,0,01,-,1,1,1,41,12/12/1982,1,04,3,2,1,01,1,5,1,1,003000,1,1,8180,16818
00,1024,1,12A232,14,40034,4,1,0,03,-,1,6,1,81,20/08/1943,1,02,3,2,6,08, , , , , ,1, ,8180,0
00,1024,1,12A232,14,40034,4,1,0,04,-,1,5,2,23,20/04/2001,1,07,1,1,6,04, , , , , ,1,1,8180,42045
00,1024,1,12A232,14,40034,4,1,0,01,-,1,1,2,69,02/03/1955,1,04,2,2,4,07, , , , , ,1, ,8180,0
00,1024,1,12A232,14,40034,4,1,0,05,-,1,5,1,18,05/05/2006,1,04,2,1,6,01,7,5,3,2,002600,1, ,8180,0
00,1024,1,12A232,14,40034,4,1,0,02,-,1,6,1,74,25/03/1950,1,02,6,2,6,09, , , , , ,1, ,8180,0
00,1024,1,12A232,14,40034,1,1,0,04,-,1,3,2,22,23/12/2001,1,07,2,1,6,06, , , , , ,1, ,8180,0
00,1024,1,12A232,14,40034,2,1,0,03,-,1,3,2,15,19/09/2009,1,03,3,1,6,06, , , , , ,1, ,8180,0
00,1024,1,12A232,14,40034,2,1,0,04,-,1,3,1,09,01/11/2015,1,02,3,1, , , , , , , ,1, ,8180,0
00,1024,1,12A232,14,40034,1,1,0,01,-,1,1,1,50,27/10/1974,1,03,3,2,1,01,1,5,2,2,005000,1, ,8180,0
00,1024,1,12A232,14,40034,3,1,0,01,-,1,1,1,53,11/08/1971,1,04,3,2,6,01,2,7,3,2,999999,1,1,8180,8409
00,1024,1,12A232,14,40038,1,1,0,04,-,1,3,1,72,16/08/1952,1,06,3,2,3,01,4,4,2,1,999999,1,1,9132,37551
00,1024,1,12A232,14,40038,2,1,0,03,-,1,3,1,21,07/07/2003,1,07,2,1,6,06, , , , , ,1, ,9132,0
00,1024,1,12A232,14,40038,3,1,0,02,-,1,2,1,70,28/02/1954,1,04,3,2,5,01,5,6,3,2,008000,1, ,9132,0
00,1024,1,12A232,14,40038,2,1,0,01,-,1,1,2,52,26/07/1972,1,07,3,2,3,01,3,2,3,2,030000,1, ,9132,0
00,1024,1,12A232,14,40038,4,1,0,01,-,1,1,1,21,11/08/2003,1,04,2,2,6,01,4,4,3,1,002500,1,1,9132,9388
00,1024,1,12A232,14,40038,2,1,0,02,-,1,3,1,22,24/02/2002,1,07,4,2,6,01,3,5,3,3,020000,1,1,9132,28163
00,1024,1,12A232,14,40038,1,1,0,02,-,1,3,2,66,05/06/1958,1,07,4,2,6,08, , , , , ,1, ,9132,0
00,1024,1,12A232,14,40038,3,1,0,01,-,1,1,2,68,05/08/1956,1,03,2,2,5,07, , , , , ,1,1,9132,18775
00,1024,1,12A232,14,40038,1,1,0,01,-,1,1,2,92,29/04/1932,1,02,6,2,4,07, , , , , ,1, ,9132,0
00,1024,1,12A232,14,40038,1,1,0,03,-,1,3,2,61,10/04/1963,1,07,4,2,6,08, , , , , ,1, ,9132,0
00,1024,1,12A232,14,40039,3,1,0,02,-,1,2,2,52,30/12/1971,1,02,3,2,1,01,5,5,3,1,000850,1,1,8456,17387
00,1024,1,12A232,14,40039,1,1,0,02,-,1,3,1,25,15/06/1999,1,07,2,1,6,01,5,5,3,1,999999,1, ,8456,0
00,1024,1,12A232,14,40039,3,1,0,01,-,1,1,1,40,26/03/1984,2,00, ,2,1,01,5,3,3,1,001500,1, ,8456,0
00,1024,1,12A232,14,40039,1,1,0,01,-,1,1,2,57,02/02/1967,1,03,3,2,6,01,5,5,3,1,999999,1, ,8456,0
00,1024,1,12A232,14,40039,1,1,0,03,-,1,5,1,10,08/09/2014,1,02,4,1, , , , , , , ,1, ,8456,0
00,1024,1,12A232,14,40039,1,1,0,04,-,1,3,2,27,23/11/1996,1,03,3,2,6,01,5,5,3,1,001800,1,1,8456,26080
00,1024,1,12A232,14,40039,4,1,0,01,-,1,1,2,58,10/06/1966,1,04,3,2,6,03,4,4,2,1,003500,1,1,8456,8693
00,1024,1,12A232,14,40046,1,1,0,03,-,1,3,1,23,15/06/2001,1,07,3,1,6,01,9,9,3,2,999999,1, ,8568,0
00,1024,1,12A232,14,40046,3,1,0,02,-,1,2,2,43,10/04/1981,1,07,4,2,5,01,3,5,3,2,005000,1, ,8568,0
00,1024,1,12A232,14,40046,3,1,0,05,-,1,3,1,17,23/10/2007,1,04,2,1,6,06, , , , , ,1, ,8568,0
00,1024,1,12A232,14,40046,3,1,0,03,-,1,7,1,39,09/10/1985,2,00, ,2,6,09, , , , , ,1, ,8568,0
00,1024,1,12A232,14,40046,1,1,0,01,-,1,1,1,53,15/06/1971,1,04,3,2,5,01,9,9,3,2,999999,1, ,8568,0
00,1024,1,12A232,14,40046,3,1,0,01,-,1,1,1,40,12/08/1984,1,02,6,2,5,01,5,6,3,2,005000,1,1,8568,35231
00,1024,1,12A232,14,40046,2,1,0,04,-,1,3,1,23,18/04/2001,1,06,3,2,6,01,3,7,3,1,002900,1,1,8568,35231
00,1024,1,12A232,14,40046,1,1,0,02,-,1,2,2,48,15/06/1976,1,04,3,2,5,07, , , , , ,1,1,8568,35231
00,1024,1,12A232,14,40046,2,1,0,03,-,1,3,1,28,16/06/1996,1,06,4,2,6,01,3,6,3,2,006500,1, ,8568,0
00,1024,1,12A232,14,40046,2,1,0,02,-,1,2,2,51,02/06/1973,1,03,3,2,5,01,4,4,3,1,002300,1, ,8568,0
00,1024,1,12A232,14,40046,2,1,0,01,-,1,1,1,54,27/01/1970,1,03,3,2,5,01,1,2,3,1,003400,1, ,8568,0
00,1024,1,12A232,14,40046,3,1,0,04,-,1,3,2,20,06/11/2004,1,04,3,2,1,07, , , , , ,1, ,8568,0
00,1024,1,12A232,14,40046,3,1,0,06,-,1,5,2,00,27/03/2024, , , , , , , , , , , ,1, ,8568,0
00,1024,1,12A232,14,40046,1,1,0,04,-,1,3,1,18,15/06/2006,1,04,3,1,6,06, , , , , ,1, ,8568,0
00,1024,1,12A232,14,40047,1,1,0,01,-,1,1,1,32,22/05/1992,1,04,1,2,5,01,4,4,3,1,003000,1, ,6444,0
00,1024,1,12A232,14,40047,1,1,0,03,-,1,3,1,15,04/06/2009,1,03,3,1,6,06, , , , , ,1, ,6444,0
00,1024,1,12A232,14,40047,4,1,0,02,-,1,2,2,59,02/05/1965,1,03,3,2,5,07, , , , , ,1,1,6444,19876
00,1024,1,12A232,14,40047,4,1,0,01,-,1,1,1,66,29/01/1958,1,02,6,2,5,08, , , , , ,1, ,6444,0
00,1024,1,12A232,14,40047,4,1,0,03,-,1,3,1,39,08/08/1985,1,03,3,2,2,01,3,5,3,1,002500,1, ,6444,0
00,1024,1,12A232,14,40047,3,1,0,03,-,1,3,2,46,09/09/1978,1,07,3,2,2,07, , , , , ,1, ,6444,0
00,1024,1,12A232,14,40047,4,1,0,04,-,1,5,2,12,18/05/2012,1,02,6,1,6,06, , , , , ,1, ,6444,0
00,1024,1,12A232,14,40047,3,1,0,04,-,1,5,1,22,22/06/2002,1,03,3,2,6,10, , , , , ,1, ,6444,0
00,1024,1,12A232,14,40047,3,1,0,02,-,1,2,2,69,22/02/1955,1,02,6,2,5,01,4,5,2,1,000500,1, ,6444,0
00,1024,1,12A232,14,40047,3,1,0,01,-,1,1,1,69,03/07/1955,1,04,3,2,5,01,1,5,2,1,000300,1, ,6444,0
00,1024,1,12A232,14,40047,3,1,0,05,-,1,5,2,18,09/03/2006,1,04,3,2,6,01,4,4,3,2,999999,1,1,6444,33126
00,1024,1,12A232,14,40047,1,1,0,02,-,1,2,2,31,27/12/1992,1,03,3,2,5,07, , , , , ,1,1,6444,13250
00,1024,1,12A232,14,40047,1,1,0,04,-,1,3,1,10,10/05/2014,1,02,4,1, , , , , , , ,1, ,6444,0
00,1024,1,12A232,14,40051,1,1,0,05,-,1,3,1,16,05/02/2008,1,04,1,1,6,01,7,3,4,1,000400,1, ,8599,0
00,1024,1,12A232,14,40051,1,1,0,02,-,1,3,1,28,23/02/1996,1,04,3,1,6,01,1,5,3,1,999999,1, ,8599,0
00,1024,1,12A232,14,40051,4,1,0,04,-,1,3,1,28,17/08/1996,1,04,1,2,6,01,4,4,3,1,999999,1, ,8599,0
00,1024,1,12A232,14,40051,1,1,0,01,-,1,1,1,51,01/11/1973,1,04,3,2,1,01,2,7,3,2,014000,1, ,8599,0
00,1024,1,12A232,14,40051,1,1,0,03,-,1,3,1,26,11/11/1997,1,07,3,1,6,01,3,5,3,2,008000,1,1,8599,35361
00,1024,1,12A232,14,40051,1,1,0,04,-,1,3,1,21,17/12/2002,1,07,1,1,6,01,7,3,2,1,002000,1, ,8599,0
00,1024,1,12A232,14,40051,4,1,0,02,-,1,2,2,53,06/10/1971,1,02,6,2,5,07, , , , , ,1, ,8599,0
00,1024,1,12A232,14,40051,2,1,0,01,-,1,1,2,22,19/01/2002,1,04,3,2,6,01,3,4,3,2,005500,1,1,8599,8840
00,1024,1,12A232,14,40051,4,1,0,01,-,1,1,1,55,28/07/1969,1,02,6,2,5,01,7,2,4,1,002000,1, ,8599,0
00,1024,1,12A232,14,40051,4,1,0,03,-,1,3,2,32,15/02/1992,1,04,2,1,2,01,3,7,3,2,999999,1,1,8599,35361
00,1024,1,12A232,14,40051,3,1,0,01,-,1,1,2,55,01/10/1969,1,03,3,2,4,07, , , , , ,1,1,8599,8840
00,1024,1,12A232,14,40051,4,1,0,05,-,1,5,2,09,15/05/2015,1,02,2,1, , , , , , , ,1, ,8599,0
00,1024,1,12A232,14,40052,1,1,0,02,-,1,2,2,42,23/08/1982,1,06,3,2,1,01,3,5,3,3,020000,1,1,7604,15635
00,1024,1,12A232,14,40052,2,1,0,01,-,1,1,2,33,23/04/1991,1,04,3,2,6,01,4,4,1,1,020000,1,1,7604,7818
00,1024,1,12A232,14,40052,3,1,0,02,-,1,3,2,26,18/10/1998,1,04,3,2,6,01,7,4,3,1,001500,1, ,7604,0
00,1024,1,12A232,14,40052,3,1,0,01,-,1,1,2,55,23/11/1968,1,03,3,2,4,01,7,5,3,1,002300,1, ,7604,0
00,1024,1,12A232,14,40052,1,1,0,01,-,1,1,1,48,12/07/1976,1,06,5,2,1,01,1,5,2,1,003000,1, ,7604,0
00,1024,1,12A232,14,40052,4,1,0,01,-,1,1,1,40,27/02/1984,1,07,5,2,2,01,1,5,3,1,004000,1,1,7604,7818
00,1024,1,12A232,14,40052,3,1,0,04,-,1,5,2,02,24/05/2022, , , , , , , , , , , ,1, ,7604,0
00,1024,1,12A232,14,40052,3,1,0,03,-,1,3,2,20,15/07/2004,1,04,3,2,6,04, , , , , ,1,1,7604,23453
00,1024,1,12A232,14,40060,4,1,0,09,-,1,5,1,14,02/03/2010,1,03,2,1,6,06, , , , , ,1, ,9194,0
00,1024,1,12A232,14,40060,1,1,0,02,-,1,3,2,31,28/03/1993,1,08,2,2,6,01,1,5,2,3,040000,1, ,9194,0
00,1024,1,12A232,14,40060,4,1,0,05,-,1,3,2,37,20/11/1986,1,07,1,1,5,01,4,4,3,1,001200,1, ,9194,0
00,1024,1,12A232,14,40060,4,1,0,11,-,1,5,2,12,12/04/2012,1,03,9,1,6,06, , , , , ,1, ,9194,0
00,1024,1,12A232,14,40060,4,1,0,02,-,1,2,2,62,12/05/1962,1,02,6,2,5,07, , , , , ,1, ,9194,0
00,1024,1,12A232,14,40060,4,1,0,08,-,1,5,1,18,06/08/2006,1,04,2,1,6,06, , , , , ,1, ,9194,0
00,1024,1,12A232,14,40060,3,1,0,02,-,1,2,2,26,16/04/1998,1,07,4,2,1,07, , , , , ,1, ,9194,0
00,1024,1,12A232,14,40060,4,1,0,01,-,1,1,1,65,14/05/1959,1,02,6,2,5,08, , , , , ,1, ,9194,0
00,1024,1,12A232,14,40060,3,1,0,03,-,1,3,1,02,25/05/2022, , , , , , , , , , , ,1, ,9194,0
00,1024,1,12A232,14,40060,4,1,0,04,-,1,7,1,36,14/08/1988,1,03,3,1,5,01,9,2,3,2,002000,1, ,9194,0
00,1024,1,12A232,14,40060,4,1,0,06,-,1,5,1,21,02/10/2003,1,04,3,2,6,01,4,4,3,1,001500,1, ,9194,0
00,1024,1,12A232,14,40060,4,1,0,07,-,1,5,2,19,20/03/2005,1,04,3,1,6,01,4,4,3,1,001200,1, ,9194,0
00,1024,1,12A232,14,40060,3,1,0,01,-,1,1,1,27,31/01/1997,1,07,4,2,1,01,9,9,1,1,999999,1,1,9194,18904
00,1024,1,12A232,14,40060,1,1,0,01,-,1,1,2,67,04/09/1957,1,09,3,2,2,08, , , , , ,1,1,9194,18904
00,1024,1,12A232,14,40060,4,1,0,10,-,1,5,1,14,12/05/2010,1,03,2,1,6,06, , , , , ,1, ,9194,0
00,1024,1,12A232,14,40060,4,1,0,03,-,1,3,2,50,25/03/1974,1,07,1,1,2,01,4,4,3,1,001500,1,1,9194,75617
00,1024,1,13A232,14,40072,2,1,0,02,-,1,3,1,22,25/12/2001,1,04,3,2,6,04, , , , , ,1,1,10162,32453
00,1024,1,13A232,14,40072,1,1,0,01,-,1,1,2,79,04/01/1945,1,02,6,2,4,07, , , , , ,1, ,10162,0
00,1024,1,13A232,14,40072,1,1,0,02,-,1,3,1,36,18/01/1988,1,07,4,2,6,01,3,6,3,2,005000,1,1,10162,21636
00,1024,1,13A232,14,40072,2,1,0,04,-,1,7,1,16,25/02/2008,1,03,3,1,6,06, , , , , ,1, ,10162,0
00,1024,1,13A232,14,40072,2,1,0,01,-,1,1,2,64,16/01/1960,1,07,5,2,6,01,1,4,3,3,999999,1, ,10162,0
00,1024,1,13A232,14,40072,3,1,0,01,-,1,1,1,55,03/06/1969,1,07,4,2,2,04, , , , , ,1,1,10162,10818
00,1024,1,13A232,14,40072,2,1,0,03,-,1,7,1,21,26/06/2003,1,07,1,1,6,06, , , , , ,1, ,10162,0
00,1024,1,13A232,14,40073,3,1,0,04,-,1,3,2,10,29/09/2014,1,02,4,1, , , , , , , ,1, ,10609,0
00,1024,1,13A232,14,40073,4,1,0,03,-,1,3,1,04,08/10/2020, , , , , , , , , , , ,1, ,10609,0
00,1024,1,13A232,14,40073,4,1,0,01,-,1,1,1,40,03/07/1984,1,04,3,2,5,01,4,4,3,2,001000,1, ,10609,0
00,1024,1,13A232,14,40073,4,1,0,04,-,1,3,1,14,02/02/2010,1,03,2,1,6,06, , , , , ,1, ,10609,0
00,1024,1,13A232,14,40073,3,1,0,01,-,1,1,1,44,31/05/1980,1,04,3,2,1,01,4,4,1,1,010000,1, ,10609,0
00,1024,1,13A232,14,40073,3,1,0,05,-,1,3,2,08,22/09/2016,1,02,2,1, , , , , , , ,1, ,10609,0
00,1024,1,13A232,14,40073,4,1,0,02,-,1,2,2,36,30/01/1988,1,07,5,2,5,01,5,5,3,2,010000,1,1,10609,22587
00,1024,1,13A232,14,40073,3,1,0,02,-,1,2,2,43,22/03/1981,1,07,4,2,1,01,4,4,2,1,020000,1,1,10609,22587
00,1024,1,13A232,14,40073,4,1,0,05,-,1,3,1,11,12/09/2013,1,02,5,1, , , , , , , ,1, ,10609,0
00,1024,1,13A232,14,40073,3,1,0,03,-,1,3,1,15,03/11/2009,1,03,3,1,6,06, , , , , ,1, ,10609,0
00,1024,1,13A232,14,40077,3,1,0,01,-,1,1,2,65,09/12/1958,1,03,3,2,4,08, , , , , ,1, ,11042,0
00,1024,1,13A232,14,40077,3,1,0,02,-,1,8,1,41,23/09/1983,1,07,4,2,5,01,1,5,3,2,999999,1, ,11042,0
00,1024,1,13A232,14,40077,3,1,0,03,-,1,3,2,41,22/10/1983,1,07,4,2,5,01,2,7,3,2,999999,1,1,11042,35262
00,1024,1,13A232,14,40077,4,1,0,01,-,1,1,1,35,11/11/1988,1,07,3,2,6,01,4,4,2,1,007000,1,1,11042,11754
00,1024,1,13A232,14,40077,1,1,0,01,-,1,1,2,57,28/06/1967,1,07,3,2,2,01,4,4,2,1,002800,1, ,11042,0
00,1024,1,13A232,14,40077,1,1,0,02,-,1,3,1,33,05/10/1991,1,07,3,2,1,01,4,4,2,1,999999,1,1,11042,35262
00,1024,1,13A232,14,40077,3,1,0,05,-,1,5,2,02,29/10/2022, , , , , , , , , , , ,1, ,11042,0
00,1024,1,13A232,14,40077,1,1,0,03,-,1,8,1,47,15/05/1977,1,03,3,2,1,01,4,4,2,1,999999,1, ,11042,0
00,1024,1,13A232,14,40077,3,1,0,04,-,1,5,1,09,03/01/2015,1,02,3,1, , , , , , , ,1, ,11042,0
00,1024,1,13A232,14,40078,2,1,0,02,-,1,2,2,41,25/01/1983,1,07,3,2,5,01,4,4,2,1,999999,1,1,10741,22868
00,1024,1,13A232,14,40078,1,1,0,01,-,1,1,1,50,18/01/1974,1,06,3,2,5,01,4,4,2,1,008000,1,1,10741,22868
00,1024,1,13A232,14,40078,1,1,0,02,-,1,2,2,44,26/07/1980,1,07,3,2,5,01,4,4,2,1,008000,1, ,10741,0
00,1024,1,13A232,14,40078,3,1,0,04,-,1,3,2,06,17/02/2018,2,01,3,1, , , , , , , ,1, ,10741,0
00,1024,1,13A232,14,40078,2,1,0,03,-,1,3,1,05,13/11/2019,2,01,2,1, , , , , , , ,1, ,10741,0
00,1024,1,13A232,14,40078,2,1,0,01,-,1,1,1,41,16/08/1983,1,07,3,2,5,01,4,4,2,1,999999,1, ,10741,0
00,1024,1,13A232,14,40078,2,1,0,04,-,1,3,2,02,22/01/2022, , , , , , , , , , , ,1, ,10741,0
00,1024,1,13A232,14,40078,3,1,0,01,-,1,1,1,38,12/04/1986,1,07,5,2,5,01,3,5,3,2,037000,1, ,10741,0
00,1024,1,13A232,14,40078,2,1,0,05,-,1,3,2,01,04/11/2023, , , , , , , , , , , ,1, ,10741,0
00,1024,1,13A232,14,40078,3,1,0,02,-,1,2,2,35,09/09/1989,1,07,5,2,5,01,3,3,3,2,010000,1,1,10741,22868
00,1024,1,13A232,14,40078,1,1,0,04,-,1,3,1,04,17/05/2020, , , , , , , , , , , ,1, ,10741,0
00,1024,1,13A232,14,40078,3,1,0,03,-,1,3,1,10,03/03/2014,1,02,4,1, , , , , , , ,1, ,10741,0
00,1024,1,13A232,14,40078,1,1,0,03,-,1,3,2,15,27/05/2009,1,03,3,1,6,06, , , , , ,1, ,10741,0
00,1024,1,13A232,14,40085,4,1,0,03,-,1,3,2,34,07/04/1990,1,07,5,2,6,01,1,5,2,1,002000,1,1,6657,35432
00,1024,1,13A232,14,40085,4,1,0,02,-,1,2,1,58,12/08/1966,1,04,1,2,5,01,4,5,2,1,002500,1, ,6657,0
00,1024,1,13A232,14,40085,4,1,0,04,-,1,3,1,32,22/04/1992,1,04,3,2,1,01,2,7,3,2,008000,1, ,6657,0
00,1024,1,13A232,14,40085,4,1,0,05,-,1,7,2,23,24/09/2001,1,04,3,2,1,07, , , , , ,1, ,6657,0
00,1024,1,13A232,14,40085,3,1,0,04,-,1,3,1,99, , , , , , , , , , , , ,1, ,6657,0
00,1024,1,13A232,14,40085,4,1,0,06,-,1,5,2,02,18/11/2021, , , , , , , , , , , ,1, ,6657,0
00,1024,1,13A232,14,40085,3,1,0,03,-,1,3,1,99, , , , , , , , , , , , ,1, ,6657,0
00,1024,1,13A232,14,40085,4,1,0,01,-,1,1,2,55,15/10/1969,1,03,3,2,5,01,4,4,3,1,000900,1, ,6657,0
00,1024,1,13A232,14,40085,3,1,0,01,-,1,1,1,36,15/06/1988,1,04,3,2,5,01,4,4,2,1,999999,1,1,6657,21259
00,1024,1,13A232,14,40085,3,1,0,02,-,1,2,2,98, ,1,07,4,2,5,07, , , , , ,1, ,6657,0
00,1024,1,13A232,14,40085,3,1,0,05,-,1,7,2,98, ,1,99, ,2,9,08, , , , , ,1, ,6657,0
00,1024,1,13A232,14,40090,1,1,0,01,-,1,1,2,79,28/04/1945,1,03,3,2,4,07, , , , , ,1, ,10083,0
00,1024,1,13A232,14,40090,4,1,0,01,-,1,1,1,37,23/09/1987,1,08,2,2,5,01,1,2,3,2,020000,1,1,10083,21468
00,1024,1,13A232,14,40090,1,1,0,02,-,1,3,1,51,22/03/1973,1,07,3,2,3,01,4,5,2,3,010000,1,1,10083,21468
00,1024,1,13A232,14,40090,4,1,0,02,-,1,2,2,39,04/07/1985,1,08,2,2,5,01,1,2,3,2,020000,1, ,10083,0
00,1024,1,13A232,14,40090,1,1,0,03,-,1,5,1,17,05/11/2006,1,04,2,1,6,06, , , , , ,1, ,10083,0
00,1024,1,13A232,14,40091,2,1,0,02,-,1,2,2,38,06/09/1986,1,03,3,2,5,01,7,5,3,2,999999,1,1,11772,25063
00,1024,1,13A232,14,40091,3,1,0,01,-,1,1,2,35,17/07/1989,1,09,4,2,1,01,1,7,3,2,015000,1, ,11772,0
00,1024,1,13A232,14,40091,4,1,0,03,-,1,3,1,20,06/02/2004,1,04,2,1,6,06, , , , , ,1, ,11772,0
00,1024,1,13A232,14,40091,2,1,0,01,-,1,1,1,38,26/10/1986,1,07,4,2,5,01,7,2,3,2,999999,1, ,11772,0
00,1024,1,13A232,14,40091,4,1,0,02,-,1,2,2,49,31/08/1975,1,04,3,2,5,01,3,5,3,2,006000,1,1,11772,50126
00,1024,1,13A232,14,40091,4,1,0,01,-,1,1,1,47,23/06/1977,1,04,3,2,5,01,3,5,3,2,004000,1, ,11772,0
00,1024,1,13A232,14,40091,2,1,0,04,-,1,3,1,10,01/04/2014,1,02,4,1, , , , , , , ,1, ,11772,0
00,1024,1,13A232,14,40091,3,1,0,03,-,1,3,2,07,19/04/2017,1,02,1,1, , , , , , , ,1, ,11772,0
00,1024,1,13A232,14,40091,2,1,0,03,-,1,3,2,16,20/03/2008,1,04,1,1,6,06, , , , , ,1, ,11772,0
00,1024,1,13A232,14,40091,3,1,0,02,-,1,2,1,35,07/03/1989,1,07,4,2,1,01,4,4,3,2,015000,1,1,11772,25063
00,1024,1,13A232,14,40091,1,1,0,01,-,1,1,1,47,17/01/1977,1,07,4,2,3,01,3,4,3,2,999999,1,1,11772,12532
00,1024,1,13A232,14,40091,4,1,0,04,-,1,3,1,18,26/06/2006,1,04,3,1,6,06, , , , , ,1, ,11772,0
00,1024,1,11A232,14,40105,3,1,0,05,-,1,3,2,09,28/07/2015,1,02,3,1, , , , , , , ,1, ,6966,0
00,1024,1,11A232,14,40105,1,1,0,04,-,1,5,2,17,09/01/2007,1,04,1,1,6,06, , , , , ,1, ,6966,0
00,1024,1,11A232,14,40105,3,1,0,03,-,1,3,1,20,24/12/2003,1,03,3,2,6,01,4,3,3,1,001500,1,1,6966,21350
00,1024,1,11A232,14,40105,2,1,0,04,-,1,3,2,36,04/04/1988,1,03,3,2,6,01,3,4,3,1,002000,1, ,6966,0
00,1024,1,11A232,14,40105,4,1,0,01,-,1,1,1,74,31/12/1949,1,02,3,2,2,10, , , , , ,1,1,6966,7117
00,1024,1,11A232,14,40105,1,1,0,05,-,1,5,2,10,04/07/2014,1,02,3,1, , , , , , , ,1, ,6966,0
00,1024,1,11A232,14,40105,1,1,0,01,-,1,1,1,59,14/11/1964,1,03,3,2,5,01,5,6,3,1,002200,1, ,6966,0
00,1024,1,11A232,14,40105,1,1,0,02,-,1,2,2,55,28/04/1969,1,03,3,2,5,07, , , , , ,1, ,6966,0
00,1024,1,11A232,14,40105,3,1,0,01,-,1,1,1,42,26/02/1982,1,03,3,2,1,01,4,4,3,1,003500,1, ,6966,0
00,1024,1,11A232,14,40105,2,1,0,01,-,1,1,1,83,24/12/1940,1,03,1,2,1,01,4,4,2,1,999999,1,1,6966,28467
00,1024,1,11A232,14,40105,2,1,0,02,-,1,2,2,68,06/02/1956,1,02,6,2,1,07, , , , , ,1, ,6966,0
00,1024,1,11A232,14,40105,2,1,0,03,-,1,3,1,43,27/03/1981,1,02,6,2,2,01,1,4,3,1,002000,1, ,6966,0
00,1024,1,11A232,14,40105,3,1,0,04,-,1,3,2,13,12/03/2011,1,03,1,1,6,06, , , , , ,1, ,6966,0
00,1024,1,11A232,14,40105,1,1,0,03,-,1,3,2,34,17/08/1990,1,04,3,2,6,01,3,2,3,1,001800,1,1,6966,21350
00,1024,1,11A232,14,40105,3,1,0,02,-,1,2,2,37,05/12/1986,1,03,3,2,1,01,4,4,2,3,003000,1, ,6966,0
00,1024,1,11A232,14,40106,2,1,0,05,-,1,3,2,10,14/11/2013,1,02,4,1, , , , , , , ,1, ,10983,0
00,1024,1,11A232,14,40106,4,1,0,04,-,1,5,1,14,10/10/2010,1,03,2,1,6,06, , , , , ,1, ,10983,0
00,1024,1,11A232,14,40106,4,1,0,05,-,1,5,1,05,04/04/2019,2,01,1,1, , , , , , , ,1, ,10983,0
00,1024,1,11A232,14,40106,3,1,0,01,-,1,1,2,29,28/05/1995,1,03,3,2,6,07, , , , , ,1,1,10983,11221
00,1024,1,11A232,14,40106,4,1,0,02,-,1,3,2,36,29/08/1988,1,03,3,2,6,01,1,2,3,1,001500,1,1,10983,33662
00,1024,1,11A232,14,40106,2,1,0,06,-,1,3,2,06,17/07/2018,1,01,3,1, , , , , , , ,1, ,10983,0
00,1024,1,11A232,14,40106,3,1,0,03,-,1,3,1,02,05/02/2022, , , , , , , , , , , ,1, ,10983,0
00,1024,1,11A232,14,40106,2,1,0,01,-,1,1,1,47,25/12/1976,1,03,1,2,1,01,4,4,2,1,004500,1,1,10983,22441
00,1024,1,11A232,14,40106,2,1,0,03,-,1,3,1,17,11/08/2007,1,03,3,1,6,06, , , , , ,1, ,10983,0
00,1024,1,11A232,14,40106,3,1,0,02,-,1,3,1,08,07/07/2016,1,02,2,1, , , , , , , ,1, ,10983,0
00,1024,1,11A232,14,40106,4,1,0,03,-,1,5,2,19,09/08/2005,1,04,1,1,6,01,1,2,3,1,001500,1, ,10983,0
00,1024,1,11A232,14,40106,2,1,0,04,-,1,3,1,15,11/11/2008,1,03,1,1,6,06, , , , , ,1, ,10983,0
00,1024,1,11A232,14,40106,4,1,0,01,-,1,1,2,64,23/11/1959,1,02,6,2,2,07, , , , , ,1, ,10983,0
00,1024,1,11A232,14,40106,1,1,0,01,-,1,1,2,56,16/05/1968,1,03,3,2,4,01,1,2,3,1,002000,1,1,10983,11221
00,1024,1,11A232,14,40106,2,1,0,02,-,1,2,2,38,08/05/1986,1,04,3,2,1,07, , , , , ,1, ,10983,0
00,1024,1,11A232,14,40106,2,1,0,07,-,1,3,1,03,28/04/2021, , , , , , , , , , , ,1, ,10983,0
00,1024,1,11A232,14,40113,4,1,0,04,-,1,3,1,26,17/12/1997,1,04,3,2,6,01,5,5,3,1,002000,1,1,7481,30571
00,1024,1,11A232,14,40113,3,1,0,02,-,1,2,2,60,01/11/1964,1,03,3,2,5,01,4,4,1,1,001200,1, ,7481,0
00,1024,1,11A232,14,40113,3,1,0,03,-,1,3,1,24,10/08/2000,1,07,3,1,6,10, , , , , ,1,1,7481,22928
00,1024,1,11A232,14,40113,4,1,0,02,-,1,2,2,62,26/01/1962,1,02,6,2,5,07, , , , , ,1, ,7481,0
00,1024,1,11A232,14,40113,4,1,0,03,-,1,3,1,40,16/01/1984,1,07,4,2,6,01,5,4,3,1,999999,1, ,7481,0
00,1024,1,11A232,14,40113,1,1,0,01,-,1,1,1,56,24/10/1968,1,09,4,2,5,01,5,5,3,2,020000,1, ,7481,0
00,1024,1,11A232,14,40113,1,1,0,02,-,1,2,2,57,07/08/1967,1,08,2,2,5,01,5,5,3,2,010000,1,1,7481,22928
00,1024,1,11A232,14,40113,3,1,0,01,-,1,1,1,73,20/11/1950,1,02,3,2,5,08, , , , , ,1, ,7481,0
00,1024,1,11A232,14,40113,4,1,0,01,-,1,1,1,70,08/12/1953,1,03,3,2,5,08, , , , , ,1, ,7481,0
00,1024,1,11A232,14,40113,1,1,0,03,-,1,3,2,23,28/04/2001,1,07,4,1,6,06, , , , , ,1, ,7481,0
00,1024,1,11A232,14,40114,1,1,0,03,-,1,5,1,08,29/05/2016,1,02,2,1, , , , , , , ,1, ,7585,0
00,1024,1,11A232,14,40114,2,1,0,09,-,1,5,1,02,15/06/2022, , , , , , , , , , , ,1, ,7585,0
00,1024,1,11A232,14,40114,4,1,0,01,-,1,1,1,40,11/12/1983,1,04,2,2,2,01,7,2,3,1,006000,1,1,7585,7749
00,1024,1,11A232,14,40114,2,1,0,08,-,1,5,2,06,15/06/2018,2,01,2,1, , , , , , , ,1, ,7585,0
00,1024,1,11A232,14,40114,2,1,0,07,-,1,8,2,98, ,1,99, ,2,1,07, , , , , ,1, ,7585,0
00,1024,1,11A232,14,40114,2,1,0,02,-,1,2,2,98, ,1,99, ,2,5,01,9,9,9,1,999999,1, ,7585,0
00,1024,1,11A232,14,40114,3,1,0,01,-,1,1,1,67,09/02/1957,1,02,6,2,5,08, , , , , ,1,1,7585,15498
00,1024,1,11A232,14,40114,1,1,0,04,-,1,5,2,04,04/03/2020, , , , , , , , , , , ,1, ,7585,0
00,1024,1,11A232,14,40114,1,1,0,01,-,1,1,2,49,16/03/1975,1,03,1,2,2,03,4,5,3,1,002500,1, ,7585,0
00,1024,1,11A232,14,40114,2,1,0,06,-,1,8,2,25,22/01/1999,1,04,1,2,1,07, , , , , ,1, ,7585,0
00,1024,1,11A232,14,40114,3,1,0,02,-,1,2,2,66,10/04/1958,1,02,6,2,5,07, , , , , ,1, ,7585,0
00,1024,1,11A232,14,40114,2,1,0,03,-,1,3,1,24,07/03/2000,1,04,3,2,1,01,5,9,3,1,999999,1,1,7585,54242
00,1024,1,11A232,14,40114,1,1,0,02,-,1,3,2,29,20/06/1995,1,02,6,2,6,01,7,2,3,1,002200,1,1,7585,15498
00,1024,1,11A232,14,40114,2,1,0,01,-,1,1,1,98, ,1,99, ,2,5,01,9,9,2,1,999999,1, ,7585,0
00,1024,1,11A232,14,40114,2,1,0,10,-,1,5,2,00,19/09/2024, , , , , , , , , , , ,1, ,7585,0
00,1024,1,11A232,14,40114,2,1,0,05,-,1,3,1,98, ,1,99, ,2,1,01,9,9,2,1,999999,1, ,7585,0
00,1024,1,11A232,14,40114,2,1,0,04,-,1,3,2,98, ,1,99, ,1,2,01,7,2,3,1,999999,1, ,7585,0
00,1024,1,11A232,14,40114,4,1,0,02,-,1,3,1,05,19/10/2019,1,01,3,1, , , , , , , ,1, ,7585,0
00,1024,1,11A232,14,40118,2,1,0,02,-,1,2,2,35,29/09/1989,1,07,4,2,5,01,4,4,2,1,007000,1,1,6713,13717
00,1024,1,11A232,14,40118,1,1,0,03,-,1,5,1,32,03/10/1992,1,07,4,2,1,01,1,5,2,1,999999,1, ,6713,0
00,1024,1,11A232,14,40118,2,1,0,01,-,1,1,1,37,28/01/1987,1,03,3,2,5,01,5,6,2,1,005000,1, ,6713,0
00,1024,1,11A232,14,40118,3,1,0,01,-,1,1,1,40,24/04/1984,1,03,3,2,2,01,4,5,2,1,005000,1,1,6713,6859
00,1024,1,11A232,14,40118,2,1,0,03,-,1,3,2,06,14/08/2018,2,01,3,1, , , , , , , ,1, ,6713,0
00,1024,1,11A232,14,40118,4,1,0,02,-,1,2,2,51,21/10/1973,1,04,2,1,1,07, , , , , ,1,1,6713,13717
00,1024,1,11A232,14,40118,1,1,0,02,-,1,2,2,56,02/03/1968,1,02,4,2,5,09, , , , , ,1,1,6713,27435
00,1024,1,11A232,14,40118,4,1,0,03,-,1,3,2,11,05/12/2012,1,02,6,1, , , , , , , ,1, ,6713,0
00,1024,1,11A232,14,40118,4,1,0,01,-,1,1,1,60,18/02/1964,1,03,3,2,1,08, , , , , ,1, ,6713,0
00,1024,1,11A232,14,40118,1,1,0,01,-,1,1,1,61,10/11/1962,1,04,3,2,5,01,4,4,2,1,002500,1, ,6713,0
00,1024,1,11A232,14,40118,2,1,0,04,-,1,3,2,04,07/12/2019, , , , , , , , , , , ,1, ,6713,0
00,1024,1,11A232,14,40118,1,1,0,04,-,1,3,2,27,10/07/1997,1,04,3,2,1,01,1,5,2,1,004500,1, ,6713,0
00,1024,1,11A232,14,40120,3,1,0,01,-,1,1,2,38,30/09/1986,1,03,3,2,1,01,4,4,2,1,001000,1, ,6637,0
00,1024,1,11A232,14,40120,3,1,0,02,-,1,2,1,27,27/12/1996,1,07,4,2,1,01,4,4,3,1,002700,1,1,6637,19912
00,1024,1,11A232,14,40120,3,1,0,03,-,1,3,2,16,22/08/2008,1,03,3,2,6,01,7,5,3,1,001500,1, ,6637,0
00,1024,1,11A232,14,40120,1,1,0,02,-,1,2,1,51,29/04/1973,1,02,6,2,5,01,7,3,3,3,027675,1, ,6637,0
00,1024,1,11A232,14,40120,1,1,0,01,-,1,1,2,43,21/11/1980,1,04,3,2,5,07, , , , , ,1,1,6637,13275
00,1024,1,11A232,14,40120,2,1,0,01,-,1,1,1,66,05/04/1958,1,03,1,2,5,01,7,3,2,1,002000,1,1,6637,13275
00,1024,1,11A232,14,40120,4,1,0,04,-,1,3,1,11,28/02/2013,1,02,5,1, , , , , , , ,1, ,6637,0
00,1024,1,11A232,14,40120,4,1,0,01,-,1,1,2,39,04/01/1985,1,07,3,2,4,01,4,5,5,1,003000,1, ,6637,0
00,1024,1,11A232,14,40120,3,1,0,05,-,1,4,2,78,28/02/1946,1,02,3,2,4,07, , , , , ,1, ,6637,0
00,1024,1,11A232,14,40120,1,1,0,03,-,1,3,2,07,17/10/2017,1,02,1,1, , , , , , , ,1, ,6637,0
00,1024,1,11A232,14,40120,4,1,0,03,-,1,3,2,16,26/05/2008,1,03,3,1,6,03,7,3,3,1,001800,1, ,6637,0
00,1024,1,11A232,14,40120,3,1,0,04,-,1,3,1,12,01/04/2012,1,02,6,1,6,01,7,5,3,1,000600,1, ,6637,0
00,1024,1,11A232,14,40120,4,1,0,02,-,1,3,2,19,12/02/2005,1,04,3,2,6,01,4,4,3,1,999999,1,1,6637,13275
00,1024,1,11A232,14,40120,2,1,0,02,-,1,2,2,70,04/04/1954,1,02,6,2,5,01,7,5,2,1,001500,1, ,6637,0
00,1024,1,11A232,14,40120,1,1,0,04,-,1,3,2,04,29/08/2020, , , , , , , , , , , ,1, ,6637,0
00,1024,1,11A232,14,40124,1,1,0,12,-,1,5,1,07,15/07/2017,2,02,1,1, , , , , , , ,1, ,4447,0
00,1024,1,11A232,14,40124,2,1,0,02,-,1,2,2,29,06/01/1995,1,04,3,2,5,07, , , , , ,1,1,4447,8894
00,1024,1,11A232,14,40124,2,1,0,01,-,1,1,1,32,29/04/1992,1,06,1,2,5,01,4,4,3,2,005000,1, ,4447,0
00,1024,1,11A232,14,40124,3,1,0,04,-,1,3,2,12,06/07/2012,1,02,6,1,6,06, , , , , ,1, ,4447,0
00,1024,1,11A232,14,40124,3,1,0,05,-,1,3,1,08,29/07/2016,1,02,2,1, , , , , , , ,1, ,4447,0
00,1024,1,11A232,14,40124,1,1,0,13,-,1,5,2,00,08/06/2024, , , , , , , , , , , ,1, ,4447,0
00,1024,1,11A232,14,40124,2,1,0,05,-,1,3,1,04,06/05/2020, , , , , , , , , , , ,1, ,4447,0
00,1024,1,11A232,14,40124,1,1,0,08,-,1,5,1,06,01/11/2018,2,01,3,1, , , , , , , ,1, ,4447,0
00,1024,1,11A232,14,40124,1,1,0,09,-,1,5,2,13,05/08/2011,1,02,6,2,6,01,4,4,3,1,000200,1, ,4447,0
00,1024,1,11A232,14,40124,3,1,0,02,-,1,2,2,32,19/11/1991,1,03,3,2,5,07, , , , , ,1, ,4447,0
00,1024,1,11A232,14,40124,3,1,0,03,-,1,3,2,15,11/05/2009,1,03,3,1,6,01,3,2,3,1,001200,1, ,4447,0
00,1024,1,11A232,14,40124,1,1,0,03,-,1,3,2,40,21/07/1984,2,02,3,2,4,01,4,5,3,1,001200,1, ,4447,0
00,1024,1,11A232,14,40124,1,1,0,04,-,1,5,2,32,28/11/1991,1,02,4,2,2,01,5,5,3,1,001200,1, ,4447,0
00,1024,1,11A232,14,40124,1,1,0,02,-,1,3,1,38,15/07/1986,1,02,4,2,2,01,4,4,3,1,002000,1, ,4447,0
00,1024,1,11A232,14,40124,1,1,0,05,-,1,5,2,26,15/07/1998,2,00, ,2,2,07, , , , , ,1, ,4447,0
00,1024,1,11A232,14,40124,4,1,0,01,-,1,1,2,53,07/07/1971,1,02,6,2,4,07, , , , , ,1,1,4447,4447
00,1024,1,11A232,14,40124,2,1,0,04,-,1,3,1,05,12/12/2018,2,00, ,1, , , , , , , ,1, ,4447,0
00,1024,1,11A232,14,40124,1,1,0,14,-,1,5,2,11,28/09/2013,1,02,4,1, , , , , , , ,1, ,4447,0
00,1024,1,11A232,14,40124,1,1,0,11,-,1,5,1,05,15/08/2019,2,01,2,1, , , , , , , ,1, ,4447,0
00,1024,1,11A232,14,40124,1,1,0,06,-,1,5,1,09,12/05/2015,2,00, ,2, , , , , , , ,1, ,4447,0
00,1024,1,11A232,14,40124,1,1,0,01,-,1,1,2,81,10/03/1943,2,00, ,2,4,07, , , , , ,1,1,4447,22235
00,1024,1,11A232,14,40124,3,1,0,01,-,1,1,1,36,06/07/1988,1,03,3,2,5,01,4,4,1,1,005000,1,1,4447,8894
00,1024,1,11A232,14,40124,1,1,0,10,-,1,5,2,16,27/12/2007,2,00, ,2,6,07, , , , , ,1, ,4447,0
00,1024,1,11A232,14,40124,2,1,0,03,-,1,3,1,08,29/02/2016,1,02,2,1, , , , , , , ,1, ,4447,0
00,1024,1,11A232,14,40124,1,1,0,07,-,1,5,1,12,18/09/2012,1,02,3,2,6,10, , , , , ,1, ,4447,0
00,1024,1,11A232,14,40127,4,1,0,01,-,1,1,2,63,12/11/1960,1,00, ,2,6,07, , , , , ,1, ,7192,0
00,1024,1,11A232,14,40127,1,1,0,05,-,1,5,2,06,21/02/2018,2,01,3,1, , , , , , , ,1, ,7192,0
00,1024,1,11A232,14,40127,1,1,0,07,-,1,5,1,01,13/10/2023, , , , , , , , , , , ,1, ,7192,0
00,1024,1,11A232,14,40127,1,1,0,03,-,1,3,2,38,21/07/1986,1,04,3,2,6,01,7,2,3,1,999999,1,1,7192,29391
00,1024,1,11A232,14,40127,1,1,0,04,-,1,3,2,38,21/07/1986,1,03,3,2,2,07, , , , , ,1, ,7192,0
00,1024,1,11A232,14,40127,4,1,0,07,-,1,5,1,11,03/10/2013,1,02,5,1, , , , , , , ,1, ,7192,0
00,1024,1,11A232,14,40127,4,1,0,03,-,1,3,1,44,05/11/1980,1,07,4,2,6,01,1,5,3,1,009999,1,1,7192,29391
00,1024,1,11A232,14,40127,4,1,0,06,-,1,5,2,08,02/04/2016,1,02,2,1, , , , , , , ,1, ,7192,0
00,1024,1,11A232,14,40127,1,1,0,01,-,1,1,2,62,12/08/1962,1,02,6,2,4,07, , , , , ,1, ,7192,0
00,1024,1,11A232,14,40127,2,1,0,03,-,1,3,2,22,15/04/2002,1,03,3,2,6,01,7,5,2,1,999999,1,1,7192,22044
00,1024,1,11A232,14,40127,4,1,0,05,-,1,5,1,04,15/08/2020, , , , , , , , , , , ,1, ,7192,0
00,1024,1,11A232,14,40127,4,1,0,04,-,1,6,2,52,15/03/1972,1,02,6,2,6,01,7,2,3,1,999999,1, ,7192,0
00,1024,1,11A232,14,40127,2,1,0,02,-,1,2,2,50,24/05/1974,1,03,3,2,5,02,7,5,6,5, ,1, ,7192,0
00,1024,1,11A232,14,40127,1,1,0,02,-,1,3,1,41,30/07/1983,1,03,3,2,6,01,7,2,3,1,999999,1, ,7192,0
00,1024,1,11A232,14,40127,4,1,0,02,-,1,6,1,68,15/03/1956,1,02,6,2,6,08, , , , , ,1, ,7192,0
00,1024,1,11A232,14,40127,1,1,0,06,-,1,5,2,04,16/12/2019, , , , , , , , , , , ,1, ,7192,0
00,1024,1,11A232,14,40127,2,1,0,04,-,1,3,2,16,28/05/2008,1,03,3,1,6,06, , , , , ,1, ,7192,0
00,1024,1,11A232,14,40127,2,1,0,01,-,1,1,1,52,02/06/1972,1,02,6,2,5,01,4,5,2,1,999999,1, ,7192,0
00,1024,1,11A232,14,40128,4,1,0,03,-,1,3,2,27,17/06/1997,1,07,4,2,6,01,7,2,3,2,010000,1, ,9348,0
00,1024,1,11A232,14,40128,3,1,0,03,-,1,3,2,10,20/03/2014,1,02,4,1, , , , , , , ,1, ,9348,0
00,1024,1,11A232,14,40128,3,1,0,05,-,1,3,2,03,01/06/2021, , , , , , , , , , , ,1, ,9348,0
00,1024,1,11A232,14,40128,4,1,0,01,-,1,1,1,61,30/01/1963,1,03,3,1,5,08, , , , , ,1, ,9348,0
00,1024,1,11A232,14,40128,4,1,0,02,-,1,2,2,57,20/07/1967,1,06,2,2,5,07, , , , , ,1,1,9348,38203
00,1024,1,11A232,14,40128,4,1,0,04,-,1,3,2,24,29/01/2000,1,07,1,1,6,01,3,5,3,1,003000,1, ,9348,0
00,1024,1,11A232,14,40128,3,1,0,04,-,1,3,1,09,10/08/2015,1,02,3,1, , , , , , , ,1, ,9348,0
00,1024,1,11A232,14,40128,3,1,0,06,-,1,3,1,01,16/05/2023, , , , , , , , , , , ,1, ,9348,0
00,1024,1,11A232,14,40128,2,1,0,01,-,1,1,2,71,25/06/1953,1,00, ,2,4,07, , , , , ,1,1,9348,9551
00,1024,1,11A232,14,40128,1,1,0,01,-,1,1,2,55,13/03/1969,1,03,3,2,3,01,7,2,3,1,002300,1,1,9348,9551
00,1024,1,11A232,14,40128,3,1,0,01,-,1,1,1,36,16/05/1988,1,04,3,2,1,01,9,6,3,2,008000,1,1,9348,19102
00,1024,1,11A232,14,40128,3,1,0,02,-,1,2,2,30,12/04/1994,1,03,3,2,1,07, , , , , ,1, ,9348,0
00,1024,1,11A232,14,40131,2,1,0,04,-,1,3,2,22,23/06/2002,1,07,3,1,6,06, , , , , ,1, ,11572,0
00,1024,1,11A232,14,40131,3,1,0,04,-,1,3,1,17,20/03/2007,1,03,3,2,6,10, , , , , ,1, ,11572,0
00,1024,1,11A232,14,40131,2,1,0,01,-,1,1,1,55,21/08/1969,1,03,3,2,5,01,7,2,3,1,001200,1,1,11572,47290
00,1024,1,11A232,14,40131,4,1,0,02,-,1,2,1,41,30/04/1983,1,04,3,2,1,03,4,4,2,1,002000,1,1,11572,23645
00,1024,1,11A232,14,40131,1,1,0,02,-,1,2,2,57,08/07/1967,1,03,3,2,5,01,4,4,2,1,001500,1,1,11572,23645
00,1024,1,11A232,14,40131,3,1,0,01,-,1,1,1,53,02/01/1971,1,99, ,2,1,01,9,9,3,1,999999,1, ,11572,0
00,1024,1,11A232,14,40131,3,1,0,03,-,1,3,1,25,20/07/1999,1,04,3,2,6,01,9,9,3,2,999999,1,1,11572,35468
00,1024,1,11A232,14,40131,2,1,0,03,-,1,3,1,29,24/12/1994,1,04,3,2,6,01,7,2,3,1,999999,1, ,11572,0
00,1024,1,11A232,14,40131,1,1,0,01,-,1,1,1,64,24/10/1960,1,04,3,2,5,01,4,4,2,1,001500,1, ,11572,0
00,1024,1,11A232,14,40131,3,1,0,02,-,1,2,2,50,23/01/1974,1,03,3,2,1,01,9,9,3,1,999999,1, ,11572,0
00,1024,1,11A232,14,40131,4,1,0,03,-,1,3,1,06,30/05/2018,2,01,3,1, , , , , , , ,1, ,11572,0
00,1024,1,11A232,14,40131,4,1,0,01,-,1,1,2,48,23/09/1976,1,04,3,2,1,01,4,4,4,1,003200,1, ,11572,0
00,1024,1,11A232,14,40131,2,1,0,02,-,1,2,2,54,13/02/1970,2,00, ,2,5,07, , , , , ,1, ,11572,0
00,1024,1,11A232,14,40133,4,1,0,04,-,1,2,2,60,26/09/1964,1,02,6,2,1,01,7,5,3,2,004250,1, ,9686,0
00,1024,1,11A232,14,40133,4,1,0,02,-,1,3,1,39,08/06/1985,2,00, ,2,6,01,7,3,3,1,000300,1, ,9686,0
00,1024,1,11A232,14,40133,3,1,0,02,-,1,3,1,19,27/08/2005,1,03,3,2,6,01,2,5,3,1,001700,1,1,9686,39583
00,1024,1,11A232,14,40133,4,1,0,03,-,1,3,2,34,22/10/1990,1,03,1,2,2,01,5,5,3,2,004000,1,1,9686,39583
00,1024,1,11A232,14,40133,1,1,0,05,-,1,3,1,14,04/10/2010,1,03,2,1,6,06, , , , , ,1, ,9686,0
00,1024,1,11A232,14,40133,3,1,0,03,-,1,3,1,15,24/12/2008,1,03,3,2,6,01,7,2,3,1,001500,1, ,9686,0
00,1024,1,11A232,14,40133,1,1,0,01,-,1,1,2,41,24/09/1983,1,03,3,2,5,01,4,4,2,1,000800,1, ,9686,0
00,1024,1,11A232,14,40133,1,1,0,03,-,1,3,1,18,05/09/2006,1,04,3,1,6,01,7,2,3,1,002500,1,1,9686,29687
00,1024,1,11A232,14,40133,1,1,0,02,-,1,2,1,41,27/03/1983,1,04,2,2,5,01,7,5,4,1,001800,1, ,9686,0
00,1024,1,11A232,14,40133,3,1,0,05,-,1,4,2,62,30/06/1962,1,02,2,2,5,07, , , , , ,1, ,9686,0
00,1024,1,11A232,14,40133,3,1,0,04,-,1,3,1,11,18/05/2013,1,02,5,1, , , , , , , ,1, ,9686,0
00,1024,1,11A232,14,40133,1,1,0,04,-,1,3,1,15,28/11/2008,1,04,2,1,6,06, , , , , ,1, ,9686,0
00,1024,1,11A232,14,40133,4,1,0,01,-,1,1,1,65,20/04/1959,1,02,6,2,1,02,4,4,6,5, ,1, ,9686,0
00,1024,1,11A232,14,40133,3,1,0,01,-,1,1,2,40,14/04/1984,1,03,3,2,2,01,7,2,3,1,001500,1, ,9686,0
00,1024,1,11A232,14,40133,3,1,0,06,-,1,4,1,65,04/04/1959,1,02,2,2,5,08, , , , , ,1, ,9686,0
00,1024,1,11A232,14,40137,3,1,0,01,-,1,1,1,43,23/11/1980,1,04,3,2,1,01,5,5,1,1,006000,1, ,8055,0
00,1024,1,11A232,14,40137,1,1,0,02,-,1,2,2,53,09/03/1971,1,04,3,2,5,07, , , , , ,1, ,8055,0
00,1024,1,11A232,14,40137,1,1,0,04,-,1,3,1,29,17/11/1994,1,03,3,2,6,01,4,3,3,1,002200,1, ,8055,0
00,1024,1,11A232,14,40137,3,1,0,03,-,1,3,2,10,25/08/2014,1,02,5,1, , , , , , , ,1, ,8055,0
00,1024,1,11A232,14,40137,1,1,0,03,-,1,3,1,31,13/07/1993,1,04,3,2,6,01,4,3,3,1,003500,1, ,8055,0
00,1024,1,11A232,14,40137,4,1,0,02,-,1,3,1,26,01/08/1998,1,04,3,2,6,01,5,5,2,1,005000,1, ,8055,0
00,1024,1,11A232,14,40137,1,1,0,05,-,1,3,2,18,08/07/2006,1,07,3,1,6,06, , , , , ,1,1,8055,41148
00,1024,1,11A232,14,40137,4,1,0,01,-,1,1,2,55,09/04/1969,1,03,3,2,3,01,5,5,3,2,003000,1,1,8055,16459
00,1024,1,11A232,14,40137,1,1,0,01,-,1,1,1,54,14/02/1970,1,02,6,2,5,01,4,3,3,1,003000,1, ,8055,0
00,1024,1,11A232,14,40137,3,1,0,02,-,1,2,2,40,15/07/1984,1,04,3,2,1,01,5,5,3,1,002300,1,1,8055,16459
00,1024,1,11A232,14,40137,3,1,0,04,-,1,3,1,00,01/12/2023, , , , , , , , , , , ,1, ,8055,0
00,1024,1,11A232,14,40140,2,1,0,01,-,1,1,2,37,08/03/1987,1,06,3,2,4,01,3,5,3,3,010000,1,1,7952,16248
00,1024,1,11A232,14,40140,3,1,0,02,-,1,2,1,30,30/07/1994,1,04,2,2,1,01,4,4,3,1,002500,1,1,7952,16248
00,1024,1,11A232,14,40140,3,1,0,03,-,1,3,2,11,12/10/2013,1,02,5,1, , , , , , , ,1, ,7952,0
00,1024,1,11A232,14,40140,4,1,0,01,-,1,1,2,59,10/11/1964,1,06,1,2,3,07, , , , , ,1,1,7952,8124
00,1024,1,11A232,14,40140,3,1,0,05,-,1,3,1,00,11/05/2024, , , , , , , , , , , ,1, ,7952,0
00,1024,1,11A232,14,40140,2,1,0,02,-,1,3,2,21,08/07/2003,1,07,2,1,6,06, , , , , ,1, ,7952,0
00,1024,1,11A232,14,40140,3,1,0,01,-,1,1,2,30,15/01/1994,1,03,3,2,1,01,4,4,3,1,002500,1, ,7952,0
00,1024,1,11A232,14,40140,3,1,0,04,-,1,3,1,03,28/10/2021, , , , , , , , , , , ,1, ,7952,0
00,1024,1,11A232,14,40141,2,1,0,03,-,1,3,1,26,23/07/1998,1,03,3,2,6,01,7,2,3,1,002000,1,1,7351,22532
00,1024,1,11A232,14,40141,2,1,0,02,-,1,3,1,21,10/02/2003,1,04,1,2,6,01,5,6,3,1,007000,1, ,7351,0
00,1024,1,11A232,14,40141,4,1,0,01,-,1,1,1,20,21/01/2004,1,03,3,2,1,01,4,4,3,1,001800,1,1,7351,7511
00,1024,1,11A232,14,40141,2,1,0,01,-,1,1,2,50,15/03/1974,1,03,3,2,4,01,4,4,1,1,002000,1, ,7351,0
00,1024,1,11A232,14,40141,3,1,0,03,-,1,7,1,98, ,1,06,3,2,6,04, , , , , ,1, ,7351,0
00,1024,1,11A232,14,40141,4,1,0,02,-,1,2,2,17,21/09/2007,1,04,1,1,1,01,5,5,1,1,001200,1, ,7351,0
00,1024,1,11A232,14,40141,3,1,0,01,-,1,1,1,40,11/09/1984,1,07,4,2,6,01,1,5,3,2,999999,1,1,7351,22532
00,1024,1,11A232,14,40141,3,1,0,02,-,1,7,2,98, ,1,02,6,2,9,07, , , , , ,1, ,7351,0
00,1024,1,11A232,14,40144,4,1,0,02,-,1,2,2,28,04/04/1996,1,03,3,2,5,07, , , , , ,1,1,9993,20419
00,1024,1,11A232,14,40144,4,1,0,03,-,1,3,1,09,06/01/2015,1,02,3,1, , , , , , , ,1, ,9993,0
00,1024,1,11A232,14,40144,4,1,0,01,-,1,1,1,39,04/06/1985,1,04,2,2,5,01,7,2,3,1,003800,1, ,9993,0
00,1024,1,11A232,14,40144,2,1,0,01,-,1,1,2,55,25/11/1968,1,04,3,2,2,01,4,9,3,1,002700,1,1,9993,10209
00,1024,1,11A232,14,40144,2,1,0,02,-,1,3,1,16,08/09/2008,1,04,1,1,6,06, , , , , ,1, ,9993,0
00,1024,1,11A232,14,40144,4,1,0,04,-,1,3,2,07,26/01/2017,1,02,1,1, , , , , , , ,1, ,9993,0
00,1024,1,11A232,14,40144,1,1,0,02,-,1,2,2,57,16/08/1967,1,03,3,2,5,07, , , , , ,1,1,9993,20419
00,1024,1,11A232,14,40144,1,1,0,01,-,1,1,1,59,22/03/1965,1,03,3,2,5,01,4,4,1,1,999999,1, ,9993,0
00,1024,1,11A232,14,40146,3,1,0,01,-,1,1,1,72,03/01/1952,1,02,4,2,5,10, , , , , ,1, ,9731,0
00,1024,1,11A232,14,40146,3,1,0,03,-,1,3,2,33,03/03/1991,1,03,3,2,6,07, , , , , ,1, ,9731,0
00,1024,1,11A232,14,40146,4,1,0,01,-,1,1,2,44,08/04/1980,1,02,6,2,6,01,7,2,3,1,001750,1,1,9731,9941
00,1024,1,11A232,14,40146,1,1,0,01,-,1,1,2,22,29/07/2002,1,03,3,2,1,01,7,5,1,2,004000,1,1,9731,9941
00,1024,1,11A232,14,40146,1,1,0,02,-,1,3,2,01,06/09/2023, , , , , , , , , , , ,1, ,9731,0
00,1024,1,11A232,14,40146,4,1,0,02,-,1,3,1,03,31/01/2021, , , , , , , , , , , ,1, ,9731,0
00,1024,1,11A232,14,40146,2,1,0,01,-,1,1,2,62,30/07/1962,1,02,3,2,4,01,4,4,2,1,999999,1, ,9731,0
00,1024,1,11A232,14,40146,3,1,0,02,-,1,2,2,68,08/04/1956,1,02,4,2,5,09, , , , , ,1,1,9731,29824
00,1024,1,11A232,14,40146,2,1,0,03,-,1,3,2,37,25/09/1987,1,03,3,2,6,01,4,4,3,1,010000,1,1,9731,29824
00,1024,1,11A232,14,40146,2,1,0,02,-,1,4,2,87,15/06/1937,1,00, ,2,4,09, , , , , ,1, ,9731,0
00,1024,1,11A232,14,40150,4,1,0,02,-,1,2,1,37,08/12/1986,1,04,3,2,5,01,4,4,2,1,999999,1, ,9123,0
00,1024,1,11A232,14,40150,3,1,0,02,-,1,2,2,55,15/06/1969,1,02,3,2,5,01,7,3,3,1,002000,1,1,9123,27962
00,1024,1,11A232,14,40150,3,1,0,01,-,1,1,1,60,05/02/1964,1,02,6,2,5,01,7,4,3,1,002300,1, ,9123,0
00,1024,1,11A232,14,40150,4,1,0,03,-,1,3,1,11,07/12/2012,1,02,5,1, , , , , , , ,1, ,9123,0
00,1024,1,11A232,14,40150,2,1,0,01,-,1,1,2,33,05/06/1991,1,04,2,2,3,01,3,5,3,2,006000,1,1,9123,9321
00,1024,1,11A232,14,40150,2,1,0,03,-,1,3,2,06,24/01/2018,1,01,3,1, , , , , , , ,1, ,9123,0
00,1024,1,11A232,14,40150,2,1,0,05,-,1,3,1,00,30/10/2024, , , , , , , , , , , ,1, ,9123,0
00,1024,1,11A232,14,40150,2,1,0,04,-,1,3,2,01,26/07/2023, , , , , , , , , , , ,1, ,9123,0
00,1024,1,11A232,14,40150,4,1,0,01,-,1,1,2,36,12/05/1988,1,04,3,2,5,07, , , , , ,1,1,9123,18641
00,1024,1,11A232,14,40150,2,1,0,02,-,1,3,1,08,25/02/2016,1,02,2,1, , , , , , , ,1, ,9123,0
00,1024,1,11A232,14,40150,3,1,0,03,-,1,3,1,28,15/06/1996,2,02,1,2,6,01,7,3,3,1,002000,1, ,9123,0
00,1024,1,11A232,14,40150,4,1,0,04,-,1,3,1,05,19/09/2019,2,01,2,1, , , , , , , ,1, ,9123,0
00,1024,1,11A232,14,40153,1,1,0,02,-,1,3,2,40,03/03/1984,1,02,6,2,6,01,4,4,3,1,001500,1, ,12780,0
00,1024,1,11A232,14,40153,4,1,0,03,-,1,3,1,23,21/10/2001,2,02,6,2,6,09, , , , , ,1,1,12780,39170
00,1024,1,11A232,14,40153,3,1,0,01,-,1,1,1,39,12/06/1985,1,07,5,2,6,01,4,4,2,3,020000,1,1,12780,13057
00,1024,1,11A232,14,40153,4,1,0,01,-,1,1,1,44,09/11/1979,1,02,3,2,5,01,7,3,3,1,002000,1, ,12780,0
00,1024,1,11A232,14,40153,4,1,0,02,-,1,2,2,44,29/08/1980,1,02,6,2,5,07, , , , , ,1, ,12780,0
00,1024,1,11A232,14,40153,4,1,0,04,-,1,3,1,13,30/08/2011,1,03,1,1,6,06, , , , , ,1, ,12780,0
00,1024,1,11A232,14,40153,2,1,0,02,-,1,2,2,64,14/07/1960,1,02,6,2,5,07, , , , , ,1,1,12780,26114
00,1024,1,11A232,14,40153,2,1,0,01,-,1,1,1,80,08/06/1944,2,00, ,2,5,10, , , , , ,1, ,12780,0
00,1024,1,11A232,14,40153,1,1,0,01,-,1,1,2,66,21/03/1958,1,02,6,2,4,01,4,4,2,1,002000,1,1,12780,26114
00,1024,1,11A232,14,40157,3,1,0,03,-,1,3,2,22,29/07/2002,1,07,2,1,6,06, , , , , ,1, ,9939,0
00,1024,1,11A232,14,40157,4,1,0,04,-,1,3,1,02,16/02/2022, , , , , , , , , , , ,1, ,9939,0
16,1024,1,11A232,14,40157,1,1,0,03,-,1,7,1,24,23/11/1999,1,02,6,2,6,01,3,6,3,2,003000,1, ,9939,0
00,1024,1,11A232,14,40157,3,1,0,01,-,1,1,1,52,15/06/1972,1,02,6,2,5,01,4,4,2,1,002500,1, ,9939,0
00,1024,1,11A232,14,40157,4,1,0,03,-,1,3,1,07,26/06/2017,2,02,3,1, , , , , , , ,1, ,9939,0
00,1024,1,11A232,14,40157,4,1,0,01,-,1,1,1,28,07/06/1996,1,03,3,2,1,01,5,6,5,1,003000,1,1,9939,20309
00,1024,1,11A232,14,40157,2,1,0,03,-,1,3,1,08,21/09/2016,1,02,2,1, , , , , , , ,1, ,9939,0
00,1024,1,11A232,14,40157,2,1,0,02,-,1,2,2,32,19/12/1991,1,07,4,2,5,07, , , , , ,1,1,9939,20309
00,1024,1,11A232,14,40157,2,1,0,01,-,1,1,1,34,02/02/1990,1,07,4,2,5,01,3,2,3,2,006000,1, ,9939,0
00,1024,1,11A232,14,40157,2,1,0,05,-,1,3,2,01,26/07/2023, , , , , , , , , , , ,1, ,9939,0
00,1024,1,11A232,14,40157,3,1,0,02,-,1,2,2,49,02/10/1975,1,02,6,2,5,01,4,4,3,1,000900,1,1,9939,40617
00,1024,1,11A232,14,40157,2,1,0,04,-,1,3,1,04,01/03/2020, , , , , , , , , , , ,1, ,9939,0
16,1024,1,11A232,14,40157,1,1,0,05,-,1,3,1,08,14/09/2016,2,02,1,1, , , , , , , ,1, ,9939,0
16,1024,1,11A232,14,40157,1,1,0,04,-,1,3,1,11,08/04/2013,2,01,3,1, , , , , , , ,1, ,9939,0
16,1024,1,11A232,14,40157,1,1,0,06,-,1,3,1,06,13/02/2018,2,01,3,1, , , , , , , ,1, ,9939,0
00,1024,1,11A232,14,40157,4,1,0,02,-,1,2,2,23,08/01/2001,1,03,3,2,1,07, , , , , ,1, ,9939,0
16,1024,1,11A232,14,40157,1,1,0,07,-,1,3,2,02,19/07/2022, , , , , , , , , , , ,1, ,9939,0
16,1024,1,11A232,14,40157,1,1,0,02,-,1,6,1,45,08/11/1978,2,00, ,2,6,01,4,4,2,1,000400,1, ,9939,0
00,1024,1,11A232,14,40157,3,1,0,05,-,1,3,1,16,08/02/2008,1,02,6,2,6,01,4,4,3,1,001500,1, ,9939,0
00,1024,1,11A232,14,40157,3,1,0,04,-,1,3,1,18,31/08/2006,1,04,3,2,6,01,4,4,3,1,000260,1, ,9939,0
16,1024,1,11A232,14,40157,1,1,0,01,-,1,1,2,30,24/04/1994,2,02,1,2,4,01,4,5,3,1,002000,1, ,9939,0
00,1024,1,11A232,14,40163,1,1,0,02,-,1,2,2,53,25/08/1971,1,03,3,2,5,01,3,4,3,2,003000,1, ,9223,0
00,1024,1,11A232,14,40163,2,1,0,01,-,1,1,2,69,02/04/1955,1,03,2,2,4,01,4,4,2,1,001000,1, ,9223,0
00,1024,1,11A232,14,40163,2,1,0,02,-,1,3,2,46,09/02/1978,1,05,6,1,6,01,1,5,3,2,004500,1, ,9223,0
00,1024,1,11A232,14,40163,1,1,0,01,-,1,1,1,65,24/11/1958,2,02,2,2,5,01,6,1,2,1,001000,1,1,9223,18845
00,1024,1,11A232,14,40163,3,1,0,01,-,1,1,1,75,15/03/1949,2,00, ,2,5,08, , , , , ,1,1,9223,28267
00,1024,1,11A232,14,40163,3,1,0,04,-,1,5,1,13,04/10/2011,1,03,1,1,6,06, , , , , ,1, ,9223,0
00,1024,1,11A232,14,40163,3,1,0,02,-,1,2,2,73,03/03/1951,2,00, ,2,5,07, , , , , ,1, ,9223,0
00,1024,1,11A232,14,40163,3,1,0,03,-,1,3,2,39,26/05/1985,1,03,3,2,2,01,3,2,3,1,002000,1, ,9223,0
00,1024,1,11A232,14,40163,2,1,0,03,-,1,3,1,37,15/06/1987,1,07,4,2,6,01,1,5,2,3,004500,1,1,9223,28267
00,1024,1,11A232,14,40167,4,1,0,04,-,1,2,1,06,21/04/2018,1,01,3,1, , , , , , , ,1, ,10209,0
00,1024,1,11A232,14,40167,3,1,0,03,-,1,3,1,00,20/12/2023, , , , , , , , , , , ,1, ,10209,0
00,1024,1,11A232,14,40167,4,1,0,01,-,1,1,2,32,11/04/1992,1,03,3,2,5,01,5,5,1,1,002000,1, ,10209,0
00,1024,1,11A232,14,40167,2,1,0,01,-,1,1,2,74,11/06/1950,2,00, ,2,2,07, , , , , ,1,1,10209,10430
00,1024,1,11A232,14,40167,1,1,0,01,-,1,1,1,28,09/02/1996,1,08,2,1,6,01,5,5,3,2,015000,1,1,10209,20859
00,1024,1,11A232,14,40167,3,1,0,02,-,1,3,2,07,27/10/2017,2,02,1,1, , , , , , , ,1, ,10209,0
00,1024,1,11A232,14,40167,1,1,0,02,-,1,6,2,31,23/09/1993,1,07,3,2,6,01,3,5,3,2,015000,1, ,10209,0
00,1024,1,11A232,14,40167,4,1,0,03,-,1,3,1,13,12/12/2010,1,03,2,1,6,06, , , , , ,1, ,10209,0
00,1024,1,11A232,14,40167,4,1,0,02,-,1,2,1,32,27/05/1992,1,04,3,2,5,01,3,5,3,2,006000,1,1,10209,20859
00,1024,1,11A232,14,40167,3,1,0,01,-,1,1,2,27,07/08/1997,1,04,3,2,2,01,4,4,2,1,001000,1,1,10209,10430
00,1024,1,12A232,14,40170,1,1,0,03,-,1,3,1,11,28/01/2013,1,02,5,1, , , , , , , ,1, ,8528,0
00,1024,1,12A232,14,40170,3,1,0,04,-,1,3,2,00,17/08/2024, , , , , , , , , , , ,1, ,8528,0
00,1024,1,12A232,14,40170,3,1,0,02,-,1,2,2,26,01/03/1998,1,04,3,2,5,03,3,7,3,2,007000,1, ,8528,0
00,1024,1,12A232,14,40170,3,1,0,01,-,1,1,1,28,22/08/1996,1,04,3,2,5,01,4,4,5,1,002500,1,1,8528,17535
00,1024,1,12A232,14,40170,1,1,0,01,-,1,1,1,52,05/11/1971,1,07,5,2,5,01,3,5,3,1,001600,1,1,8528,17535
00,1024,1,12A232,14,40170,3,1,0,03,-,1,3,1,06,11/05/2018,2,01,3,1, , , , , , , ,1, ,8528,0
00,1024,1,12A232,14,40170,4,1,0,01,-,1,1,2,34,14/08/1990,1,07,4,2,6,01,3,2,3,1,004000,1,1,8528,8767
00,1024,1,12A232,14,40170,1,1,0,04,-,1,3,1,07,16/10/2017,1,02,2,1, , , , , , , ,1, ,8528,0
00,1024,1,12A232,14,40170,1,1,0,02,-,1,2,2,42,11/03/1982,1,04,3,2,5,07, , , , , ,1, ,8528,0
00,1024,1,12A232,14,40172,3,1,0,03,-,1,3,1,43,09/08/1981,1,00, ,2,6,09, , , , , ,1, ,8740,0
00,1024,1,12A232,14,40172,1,1,0,01,-,1,1,1,38,29/11/1985,1,03,3,2,1,01,4,4,2,1,999999,1,1,8740,17970
00,1024,1,12A232,14,40172,1,1,0,02,-,1,2,2,30,26/04/1994,1,04,3,2,1,07, , , , , ,1, ,8740,0
00,1024,1,12A232,14,40172,4,1,0,01,-,1,1,2,77,07/12/1946,1,02,3,2,4,07, , , , , ,1,1,8740,17970
00,1024,1,12A232,14,40172,3,1,0,02,-,1,3,2,56,15/06/1968,1,07,4,2,6,01,3,4,3,2,010000,1, ,8740,0
00,1024,1,12A232,14,40172,3,1,0,01,-,1,1,2,80,01/10/1944,1,02,6,2,4,07, , , , , ,1,1,8740,26955
00,1024,1,12A232,14,40172,2,1,0,01,-,1,1,1,44,02/04/1980,1,04,3,2,1,01,4,5,2,1,004000,1,1,8740,8985
00,1024,1,12A232,14,40172,4,1,0,02,-,1,3,2,47,14/05/1977,2,00, ,2,6,09, , , , , ,1, ,8740,0
00,1024,1,12A232,14,40172,1,1,0,04,-,1,3,2,01,03/02/2023, , , , , , , , , , , ,1, ,8740,0
00,1024,1,12A232,14,40172,1,1,0,03,-,1,3,1,10,25/01/2014,1,02,2,1, , , , , , , ,1, ,8740,0
00,1024,1,12A232,14,40176,2,1,0,01,-,1,1,1,43,21/03/1981,1,07,2,2,5,01,4,4,2,1,999999,1, ,8506,0
00,1024,1,12A232,14,40176,4,1,0,02,-,1,2,2,45,19/10/1979,1,07,4,2,1,01,4,4,1,1,002000,1, ,8506,0
00,1024,1,12A232,14,40176,2,1,0,03,-,1,3,2,20,08/07/2004,1,07,1,1,6,06, , , , , ,1,1,8506,26235
00,1024,1,12A232,14,40176,2,1,0,04,-,1,3,1,13,21/06/2011,1,03,1,1,6,06, , , , , ,1, ,8506,0
00,1024,1,12A232,14,40176,4,1,0,01,-,1,1,1,42,02/08/1982,1,04,3,2,1,01,1,5,1,1,002000,1,1,8506,17490
00,1024,1,12A232,14,40176,2,1,0,02,-,1,2,2,40,08/08/1984,1,06,2,2,5,01,1,5,2,1,999999,1, ,8506,0
00,1024,1,12A232,14,40176,4,1,0,04,-,1,3,2,09,27/07/2015,1,02,3,1, , , , , , , ,1, ,8506,0
00,1024,1,12A232,14,40176,4,1,0,03,-,1,3,1,17,28/07/2007,1,04,2,1,6,01,4,4,3,1,001500,1, ,8506,0
00,1024,1,12A232,14,40176,3,1,0,01,-,1,1,2,60,24/05/1964,1,07,1,2,6,01,3,9,3,2,008000,1,1,8506,8745
00,1024,1,12A232,14,40176,1,1,0,01,-,1,1,2,79,05/04/1945,2,00, ,2,6,07, , , , , ,1,1,8506,8745
00,1024,1,12A232,14,40179,1,1,0,01,-,1,1,1,37,05/09/1987,1,07,5,2,5,01,3,5,3,2,016000,1,1,8512,17501
00,1024,1,12A232,14,40179,3,1,0,01,-,1,1,1,48,31/03/1976,1,07,2,2,5,01,3,4,3,2,012000,1,1,8512,35003
00,1024,1,12A232,14,40179,3,1,0,04,-,1,2,2,33,03/03/1991,1,07,2,2,5,01,1,5,3,1,003000,1, ,8512,0
00,1024,1,12A232,14,40179,1,1,0,02,-,1,2,2,33,02/11/1991,1,07,4,2,5,07, , , , , ,1, ,8512,0
00,1024,1,12A232,14,40179,3,1,0,03,-,1,6,1,55,01/05/1969,1,07,6,2,2,01,1,5,3,2,999999,1, ,8512,0
00,1024,1,12A232,14,40179,3,1,0,02,-,1,6,1,52,12/04/1972,1,07,6,2,5,01,1,4,1,2,999999,1, ,8512,0
00,1024,1,12A232,14,40179,4,1,0,01,-,1,1,2,74,04/07/1950,1,07,1,2,6,08, , , , , ,1,1,8512,8751
00,1024,1,12A232,14,40180,2,1,0,01,-,1,1,1,27,25/09/1997,1,04,3,2,6,01,4,4,5,1,003000,1,1,8441,8678
00,1024,1,12A232,14,40180,1,1,0,01,-,1,1,2,60,05/01/1964,1,07,5,2,6,07, , , , , ,1, ,8441,0
00,1024,1,12A232,14,40180,1,1,0,02,-,1,6,2,74,23/06/1950,1,07,3,2,6,07, , , , , ,1,1,8441,17356
00,1024,1,12A232,14,40183,3,1,0,03,-,1,5,2,04,05/10/2020, , , , , , , , , , , ,1, ,9086,0
00,1024,1,12A232,14,40183,4,1,0,03,-,1,3,2,28,10/08/1996,1,08,3,1,6,01,1,5,3,3,010000,1, ,9086,0
00,1024,1,12A232,14,40183,2,1,0,03,-,1,3,2,17,23/09/2007,1,04,2,1,6,06, , , , , ,1, ,9086,0
00,1024,1,12A232,14,40183,3,1,0,01,-,1,1,2,67,13/02/1957,1,06,3,2,6,08, , , , , ,1,1,9086,18681
00,1024,1,12A232,14,40183,2,1,0,01,-,1,1,1,44,26/03/1980,1,07,3,2,1,01,4,4,2,1,003000,1, ,9086,0
00,1024,1,12A232,14,40183,1,1,0,02,-,1,2,2,40,27/07/1984,1,04,3,2,1,02,4,5,6,5, ,1, ,9086,0
00,1024,1,12A232,14,40183,1,1,0,04,-,1,3,1,14,10/06/2010,1,03,2,1,6,06, , , , , ,1, ,9086,0
00,1024,1,12A232,14,40183,4,1,0,01,-,1,1,2,65,01/10/1959,1,06,3,2,2,07, , , , , ,1,1,9086,28021
00,1024,1,12A232,14,40183,2,1,0,02,-,1,2,2,43,25/11/1980,1,07,3,2,1,01,4,4,3,1,003000,1,1,9086,18681
00,1024,1,12A232,14,40183,2,1,0,04,-,1,3,2,07,01/06/2017,1,02,1,1, , , , , , , ,1, ,9086,0
00,1024,1,12A232,14,40183,4,1,0,02,-,1,3,2,29,10/01/1995,1,03,3,1,6,01,1,5,2,1,003000,1, ,9086,0
00,1024,1,12A232,14,40183,3,1,0,02,-,1,3,2,24,13/02/2000,1,04,3,2,6,01,4,4,3,1,001800,1, ,9086,0
00,1024,1,12A232,14,40183,1,1,0,01,-,1,1,1,42,08/09/1982,1,04,3,2,1,01,4,5,2,1,004000,1,1,9086,18681
00,1024,1,12A232,14,40183,1,1,0,03,-,1,3,2,09,09/03/2015,1,02,3,1, , , , , , , ,1, ,9086,0
00,1024,1,12A232,14,40183,2,1,0,05,-,1,3,1,05,23/09/2019,2,01,2,1, , , , , , , ,1, ,9086,0
00,1024,1,12A232,14,40185,2,1,0,02,-,1,4,2,80,07/02/1944,1,02,6,2,4,07, , , , , ,1, ,8432,0
00,1024,1,12A232,14,40185,2,1,0,01,-,1,1,1,49,12/10/1975,1,07,4,2,6,01,1,5,1,1,999999,1,1,8432,17336
00,1024,1,12A232,14,40185,1,1,0,02,-,1,3,2,23,27/09/2001,1,07,3,1,6,01,4,5,2,1,001200,1, ,8432,0
00,1024,1,12A232,14,40185,3,1,0,02,-,1,5,2,29,09/11/1994,1,04,3,2,5,01,4,4,3,1,001700,1, ,8432,0
00,1024,1,12A232,14,40185,3,1,0,04,-,1,5,2,11,25/08/2013,1,02,5,1, , , , , , , ,1, ,8432,0
00,1024,1,12A232,14,40185,3,1,0,03,-,1,5,1,24,21/08/2000,1,07,3,1,6,06, , , , , ,1,1,8432,26004
00,1024,1,12A232,14,40185,1,1,0,01,-,1,1,2,56,26/05/1968,1,02,6,2,3,07, , , , , ,1,1,8432,17336
00,1024,1,12A232,14,40185,3,1,0,01,-,1,1,1,89,24/11/1934,1,02,6,2,4,01,4,4,1,1,999999,1, ,8432,0
00,1024,1,12A232,14,40189,3,1,0,01,-,1,1,1,56,09/11/1967,1,03,3,2,5,01,5,5,2,1,005000,1, ,7541,0
00,1024,1,12A232,14,40189,1,1,0,01,-,1,1,1,82,24/01/1942,2,00, ,2,5,10, , , , , ,1,1,7541,23259
00,1024,1,12A232,14,40189,3,1,0,04,-,1,3,2,27,28/08/1997,1,04,3,2,6,01,3,4,3,2,003000,1, ,7541,0
00,1024,1,12A232,14,40189,2,1,0,02,-,1,2,2,73,06/11/1950,1,02,3,2,5,07, , , , , ,1, ,7541,0
00,1024,1,12A232,14,40189,1,1,0,02,-,1,2,2,80,01/11/1944,1,02,4,2,5,07, , , , , ,1, ,7541,0
00,1024,1,12A232,14,40189,1,1,0,03,-,1,3,1,53,16/06/1971,1,02,6,2,2,05, , , , , ,1, ,7541,0
00,1024,1,12A232,14,40189,3,1,0,02,-,1,2,2,56,02/10/1968,1,02,6,2,5,07, , , , , ,1,1,7541,31012
00,1024,1,12A232,14,40189,2,1,0,01,-,1,1,1,80,13/06/1944,1,02,6,2,5,08, , , , , ,1,1,7541,31012
00,1024,1,12A232,14,40189,3,1,0,05,-,1,5,1,12,16/11/2011,1,03,1,1,6,06, , , , , ,1, ,7541,0
00,1024,1,12A232,14,40189,4,1,0,02,-,1,2,2,40,18/05/1984,1,07,4,2,5,07, , , , , ,1, ,7541,0
00,1024,1,12A232,14,40189,4,1,0,01,-,1,1,1,44,04/12/1979,1,07,4,2,5,01,6,1,1,3,020000,1,1,7541,15506
00,1024,1,12A232,14,40189,2,1,0,03,-,1,3,2,38,13/09/1986,1,07,4,2,6,03,1,5,2,3,010000,1, ,7541,0
00,1024,1,12A232,14,40189,2,1,0,04,-,1,3,2,36,04/05/1988,1,07,4,2,6,01,4,4,2,3,012000,1, ,7541,0
00,1024,1,12A232,14,40189,3,1,0,03,-,1,3,1,32,22/04/1992,1,04,3,2,2,01,5,6,3,1,005000,1, ,7541,0
00,1024,1,12A232,14,40189,3,1,0,06,-,1,5,1,09,11/05/2015,1,02,3,1, , , , , , , ,1, ,7541,0
00,1024,1,12A232,14,40189,4,1,0,03,-,1,3,2,01,03/05/2023, , , , , , , , , , , ,1, ,7541,0
00,1024,1,12A232,14,40192,3,1,0,01,-,1,1,2,36,04/10/1988,1,04,3,2,5,01,3,5,3,1,002700,1, ,8372,0
00,1024,1,12A232,14,40192,2,1,0,02,-,1,6,2,48,20/02/1976,1,07,4,2,3,01,5,5,3,1,003000,1,1,8372,34426
00,1024,1,12A232,14,40192,4,1,0,02,-,1,3,1,20,03/03/2004,1,04,2,2,6,01,4,4,3,1,002000,1, ,8372,0
00,1024,1,12A232,14,40192,3,1,0,02,-,1,2,1,36,23/04/1988,1,07,2,1,5,01,3,4,3,1,002700,1,1,8372,17213
00,1024,1,12A232,14,40192,1,1,0,03,-,1,2,1,58,13/09/1966,1,03,3,2,5,01,4,4,1,1,003000,1,1,8372,25819
00,1024,1,12A232,14,40192,2,1,0,01,-,1,1,1,43,14/07/1981,1,07,4,2,5,01,4,4,1,1,010000,1, ,8372,0
00,1024,1,12A232,14,40192,2,1,0,04,-,1,7,2,26,15/05/1998,1,03,3,1,5,01,4,4,3,1,002000,1, ,8372,0
00,1024,1,12A232,14,40192,2,1,0,03,-,1,7,1,26,16/10/1998,1,03,3,2,5,01,4,4,1,1,003000,1, ,8372,0
00,1024,1,12A232,14,40192,1,1,0,01,-,1,1,2,50,01/01/1974,1,02,6,2,5,07, , , , , ,1, ,8372,0
00,1024,1,12A232,14,40192,4,1,0,01,-,1,1,1,52,29/09/1972,1,04,2,2,3,01,4,4,1,1,015000,1,1,8372,17213
00,1024,1,12A232,14,40192,1,1,0,02,-,1,3,2,32,25/08/1992,1,03,3,2,5,07, , , , , ,1, ,8372,0
00,1024,1,12A232,14,40192,2,1,0,05,-,1,7,2,06,20/05/2018,2,01,2,1, , , , , , , ,1, ,8372,0
00,1024,1,12A232,14,40192,1,1,0,04,-,1,5,1,03,29/04/2021, , , , , , , , , , , ,1, ,8372,0
00,1024,1,12A232,14,40192,3,1,0,03,-,1,3,1,13,19/12/2010,1,03,2,1,6,06, , , , , ,1, ,8372,0
00,1024,1,12A232,14,40193,1,1,0,03,-,1,3,2,28,14/02/1996,1,06,3,2,6,01,3,5,3,2,002500,1, ,8366,0
00,1024,1,12A232,14,40193,3,1,0,01,-,1,1,1,56,14/07/1968,1,04,3,2,5,01,1,2,3,1,001500,1, ,8366,0
00,1024,1,12A232,14,40193,1,1,0,05,-,1,5,1,11,28/02/2013,1,02,6,1, , , , , , , ,1, ,8366,0
00,1024,1,12A232,14,40193,1,1,0,02,-,1,2,2,50,20/10/1974,1,03,3,2,5,07, , , , , ,1,1,8366,34404
00,1024,1,12A232,14,40193,3,1,0,02,-,1,3,1,23,04/11/2000,1,04,3,2,6,01,1,2,3,1,001800,1, ,8366,0
00,1024,1,12A232,14,40193,4,1,0,01,-,1,1,1,57,29/03/1967,1,03,3,2,5,01,5,3,2,1,015000,1, ,8366,0
00,1024,1,12A232,14,40193,1,1,0,06,-,1,5,2,00,25/02/2024, , , , , , , , , , , ,1, ,8366,0
00,1024,1,12A232,14,40193,3,1,0,03,-,1,3,1,16,12/09/2008,1,04,1,1,6,06, , , , , ,1, ,8366,0
00,1024,1,12A232,14,40193,3,1,0,04,-,1,2,2,55,26/03/1969,1,03,3,2,5,01,4,4,3,1,002700,1,1,8366,25803
00,1024,1,12A232,14,40193,1,1,0,01,-,1,1,1,50,30/04/1974,1,03,3,2,5,03,3,2,3,1,002500,1, ,8366,0
00,1024,1,12A232,14,40193,1,1,0,04,-,1,3,2,23,22/02/2001,1,06,3,2,6,07, , , , , ,1, ,8366,0
00,1024,1,12A232,14,40193,4,1,0,03,-,1,3,1,20,12/01/2004,1,07,1,1,6,01,5,3,2,1,005000,1,1,8366,25803
00,1024,1,12A232,14,40193,4,1,0,02,-,1,2,2,49,07/04/1975,1,06,3,2,5,07, , , , , ,1, ,8366,0
00,1024,1,12A232,14,40196,1,1,0,02,-,1,2,2,41,18/05/1983,1,04,3,2,5,01,7,5,2,1,000350,1, ,8819,0
00,1024,1,12A232,14,40196,4,1,0,02,-,1,3,1,12,01/02/2012,1,02,6,1,6,06, , , , , ,1, ,8819,0
00,1024,1,12A232,14,40196,3,1,0,01,-,1,1,1,68,29/06/1956,1,02,4,2,2,01,7,5,2,1,000300,1,1,8819,27198
00,1024,1,12A232,14,40196,1,1,0,05,-,1,3,2,06,06/07/2018,1,01,3,1, , , , , , , ,1, ,8819,0
00,1024,1,12A232,14,40196,1,1,0,01,-,1,1,1,39,19/09/1985,1,03,3,2,5,01,7,7,3,2,003500,1,1,8819,36264
00,1024,1,12A232,14,40196,3,1,0,03,-,1,3,2,35,18/02/1989,1,03,3,2,1,07, , , , , ,1, ,8819,0
00,1024,1,12A232,14,40196,3,1,0,02,-,1,8,1,40,28/06/1984,1,02,3,2,1,01,7,5,3,1,003000,1, ,8819,0
00,1024,1,12A232,14,40196,4,1,0,01,-,1,1,2,36,05/09/1988,1,04,3,2,6,01,7,5,3,1,002500,1,1,8819,9066
00,1024,1,12A232,14,40196,2,1,0,01,-,1,1,1,54,20/11/1969,2,00, ,2,3,01,7,5,2,1,003000,1,1,8819,9066
00,1024,1,12A232,14,40196,1,1,0,04,-,1,3,1,15,08/08/2009,1,03,3,1,6,06, , , , , ,1, ,8819,0
00,1024,1,12A232,14,40196,3,1,0,04,-,1,5,1,15,26/11/2008,1,03,3,1,6,06, , , , , ,1, ,8819,0
00,1024,1,12A232,14,40196,3,1,0,05,-,1,5,1,14,23/04/2010,1,03,2,1,6,06, , , , , ,1, ,8819,0
00,1024,1,12A232,14,40196,1,1,0,03,-,1,3,2,18,10/04/2006,1,03,3,2,6,03,7,4,3,1,001800,1, ,8819,0
00,1024,1,12A232,14,40196,1,1,0,06,-,1,3,2,04,03/07/2020, , , , , , , , , , , ,1, ,8819,0
00,1024,1,12A232,14,40196,1,1,0,07,-,1,7,2,82,21/02/1942,1,02,2,2,4,07, , , , , ,1, ,8819,0
00,1024,1,12A232,14,40196,4,1,0,03,-,1,3,2,07,21/03/2017,1,02,1,1, , , , , , , ,1, ,8819,0
00,1024,1,12A232,14,40196,3,1,0,06,-,1,5,2,12,18/01/2012,1,02,6,1,6,06, , , , , ,1, ,8819,0
00,1024,1,12A232,14,40198,2,1,0,03,-,1,3,2,44,31/01/1980,1,07,4,2,6,01,1,5,3,2,999999,1, ,8792,0
00,1024,1,12A232,14,40198,2,1,0,02,-,1,2,1,71,09/02/1953,1,07,2,2,5,08, , , , , ,1, ,8792,0
00,1024,1,12A232,14,40198,3,1,0,06,-,1,3,1,08,15/07/2016,2,02,2,1, , , , , , , ,1, ,8792,0
00,1024,1,12A232,14,40198,2,1,0,01,-,1,1,2,62,24/11/1961,1,06,2,2,5,01,4,4,2,1,000500,1, ,8792,0
00,1024,1,12A232,14,40198,4,1,0,01,-,1,1,1,28,09/07/1996,1,07,5,2,6,01,1,3,3,2,012000,1,1,8792,9038
00,1024,1,12A232,14,40198,3,1,0,05,-,1,5,2,05,03/04/2019,2,01,2,1, , , , , , , ,1, ,8792,0
00,1024,1,12A232,14,40198,3,1,0,02,-,1,3,2,27,04/04/1997,1,04,3,1,6,06, , , , , ,1,1,8792,27115
00,1024,1,12A232,14,40198,3,1,0,01,-,1,1,2,60,19/02/1964,1,02,6,2,1,07, , , , , ,1, ,8792,0
00,1024,1,12A232,14,40198,3,1,0,04,-,1,5,1,12,02/11/2012,1,02,6,1,6,06, , , , , ,1, ,8792,0
00,1024,1,12A232,14,40198,3,1,0,03,-,1,3,2,21,03/12/2002,1,07,1,1,6,06, , , , , ,1, ,8792,0
00,1024,1,12A232,14,40198,2,1,0,04,-,1,3,2,24,27/07/2000,1,07,2,1,6,01,7,5,3,2,003500,1,1,8792,36154
00,1024,1,12A232,14,40198,1,1,0,02,-,1,3,1,16,06/05/2008,1,03,3,1,6,06, , , , , ,1, ,8792,0
00,1024,1,12A232,14,40198,1,1,0,01,-,1,1,2,52,07/08/1972,1,08,2,2,3,01,1,5,2,1,999999,1,1,8792,9038
00,1024,1,12A232,14,40205,1,1,0,04,-,1,3,1,12,05/04/2012,1,02,6,1,6,06, , , , , ,1, ,8498,0
00,1024,1,12A232,14,40205,2,1,0,01,-,1,1,2,58,10/12/1965,1,03,3,2,4,07, , , , , ,1,1,8498,17472
00,1024,1,12A232,14,40205,3,1,0,03,-,1,3,1,00,12/09/2024, , , , , , , , , , , ,1, ,8498,0
00,1024,1,12A232,14,40205,4,1,0,03,-,1,2,2,40,15/07/1984,1,04,3,2,5,01,5,2,3,1,002000,1, ,8498,0
00,1024,1,12A232,14,40205,2,1,0,02,-,1,3,2,39,08/07/1985,1,04,3,2,6,01,4,4,2,1,004200,1, ,8498,0
00,1024,1,12A232,14,40205,4,1,0,05,-,1,3,2,19,15/07/2005,1,04,3,2,6,01,4,4,2,1,002000,1,1,8498,26209
00,1024,1,12A232,14,40205,4,1,0,04,-,1,3,1,16,11/05/2008,1,03,3,1,6,06, , , , , ,1, ,8498,0
00,1024,1,12A232,14,40205,3,1,0,01,-,1,1,1,21,20/08/2003,1,03,3,2,1,01,5,2,3,1,001600,1, ,8498,0
00,1024,1,12A232,14,40205,1,1,0,03,-,1,3,2,19,29/10/2005,1,04,2,1,6,06, , , , , ,1, ,8498,0
00,1024,1,12A232,14,40205,1,1,0,01,-,1,1,1,42,15/04/1982,1,07,4,2,5,01,1,2,3,2,010000,1,1,8498,26209
00,1024,1,12A232,14,40205,4,1,0,02,-,1,3,2,12,16/07/2012,1,02,6,1,6,06, , , , , ,1, ,8498,0
00,1024,1,12A232,14,40205,1,1,0,02,-,1,2,2,40,26/10/1984,1,07,4,2,5,04, , , , , ,1, ,8498,0
00,1024,1,12A232,14,40205,3,1,0,02,-,1,2,2,18,15/03/2006,1,03,3,2,1,07, , , , , ,1,1,8498,17472
00,1024,1,12A232,14,40205,4,1,0,01,-,1,1,1,40,30/07/1984,1,03,1,1,5,01,7,3,2,1,002000,1, ,8498,0
00,1024,1,13A232,14,40209,2,1,0,01,-,1,1,1,42,23/03/1982,1,04,1,2,1,01,4,4,1,1,010000,1, ,11221,0
00,1024,1,13A232,14,40209,1,1,0,07,-,1,5,2,00,17/10/2024, , , , , , , , , , , ,1, ,11221,0
00,1024,1,13A232,14,40209,1,1,0,02,-,1,9,2,73,24/09/1951,1,03,3,2,5,07, , , , , ,1, ,11221,0
00,1024,1,13A232,14,40209,1,1,0,01,-,1,1,2,65,29/10/1959,1,07,3,2,4,08, , , , , ,1, ,11221,0
00,1024,1,13A232,14,40209,2,1,0,04,-,1,3,1,05,13/05/2019,2,01,1,1, , , , , , , ,1, ,11221,0
15,1024,1,13A232,14,40209,4,1,0,03,-,1,8,2,37,15/12/1986,1,07,4,2,6,01,3,4,3,1,002500,1, ,11221,0
00,1024,1,13A232,14,40209,1,1,0,03,-,1,3,1,29,11/01/1995,1,07,3,1,5,01,1,5,3,2,007000,1, ,11221,0
00,1024,1,13A232,14,40209,2,1,0,05,-,1,3,1,07,25/05/2017,1,02,1,1, , , , , , , ,1, ,11221,0
15,1024,1,13A232,14,40209,4,1,0,01,-,1,1,2,37,01/12/1986,1,07,4,2,6,01,3,4,3,1,002500,1, ,11221,0
00,1024,1,13A232,14,40209,2,1,0,03,-,1,3,1,12,13/09/2012,1,02,6,1,6,06, , , , , ,1, ,11221,0
00,1024,1,13A232,14,40209,1,1,0,06,-,1,5,2,03,11/08/2021, , , , , , , , , , , ,1, ,11221,0
00,1024,1,13A232,14,40209,1,1,0,05,-,1,9,1,19,17/10/2005,1,04,3,2,6,01,3,5,3,1,001500,1, ,11221,0
00,1024,1,13A232,14,40209,1,1,0,04,-,1,5,2,30,22/07/1994,1,07,4,2,5,07, , , , , ,1,1,11221,59723
00,1024,1,13A232,14,40209,3,1,0,02,-,1,3,1,20,23/06/2004,1,04,3,2,6,10, , , , , ,1,1,11221,23889
00,1024,1,13A232,14,40209,3,1,0,01,-,1,1,2,39,18/04/1985,1,04,3,1,6,01,3,4,3,1,005000,1, ,11221,0
15,1024,1,13A232,14,40209,4,1,0,02,-,1,6,2,38,13/09/1986,1,07,4,2,6,01,3,4,3,2,005000,1, ,11221,0
00,1024,1,13A232,14,40209,2,1,0,02,-,1,2,2,34,05/04/1990,1,07,3,2,1,07, , , , , ,1,1,11221,23889
00,1024,1,13A232,14,40211,3,1,0,04,-,1,3,2,01,06/09/2023, , , , , , , , , , , ,1, ,11344,0
15,1024,1,13A232,14,40211,4,1,0,02,-,1,3,2,18,01/12/2005,1,07,1,1,6,06, , , , , ,1, ,11344,0
15,1024,1,13A232,14,40211,4,1,0,01,-,1,1,2,36,14/04/1988,1,03,3,2,5,07, , , , , ,1, ,11344,0
00,1024,1,13A232,14,40211,2,1,0,03,-,1,7,1,81,12/04/1943,1,04,3,2,4,08, , , , , ,1, ,11344,0
00,1024,1,13A232,14,40211,2,1,0,02,-,1,2,2,51,08/03/1973,1,03,3,2,5,07, , , , , ,1, ,11344,0
00,1024,1,13A232,14,40211,2,1,0,01,-,1,1,1,57,16/12/1966,1,07,2,2,5,01,5,6,3,1,002700,1,1,11344,36227
15,1024,1,13A232,14,40211,4,1,0,03,-,1,3,2,16,21/09/2008,1,04,1,1,6,06, , , , , ,1, ,11344,0
00,1024,1,13A232,14,40211,3,1,0,01,-,1,1,2,29,30/06/1995,1,07,3,2,5,01,4,4,1,2,000500,1,1,11344,24151
00,1024,1,13A232,14,40211,1,1,0,01,-,1,1,2,67,16/06/1957,1,04,3,2,4,07, , , , , ,1,1,11344,12076
00,1024,1,13A232,14,40211,3,1,0,02,-,1,9,1,19,23/04/2005,1,03,3,2,6,01,4,4,3,1,000500,1, ,11344,0
00,1024,1,13A232,14,40211,3,1,0,03,-,1,3,2,04,28/02/2020, , , , , , , , , , , ,1, ,11344,0
00,1024,1,13A232,14,40215,4,1,0,03,-,1,3,2,57,23/12/1966,1,09,4,2,9,01,1,5,3,2,005000,1, ,11016,0
00,1024,1,13A232,14,40215,4,1,0,04,-,1,5,1,26,31/01/1998,1,07,4,1,6,01,1,2,3,1,001000,1, ,11016,0
00,1024,1,13A232,14,40215,4,1,0,02,-,1,2,2,89,03/03/1935,1,02,6,2,5,09, , , , , ,1,1,11016,46907
00,1024,1,13A232,14,40215,2,1,0,02,-,1,2,2,30,09/05/1994,1,03,3,2,5,01,4,4,3,1,001500,1,1,11016,23454
00,1024,1,13A232,14,40215,3,1,0,04,-,1,3,1,10,28/09/2014,1,03,9,1, , , , , , , ,1, ,11016,0
00,1024,1,13A232,14,40215,4,1,0,01,-,1,1,1,95,05/05/1929,1,03,3,2,5,09, , , , , ,1, ,11016,0
00,1024,1,13A232,14,40215,2,1,0,03,-,1,3,1,10,16/12/2013,1,02,5,1, , , , , , , ,1, ,11016,0
00,1024,1,13A232,14,40215,3,1,0,02,-,1,2,2,46,12/09/1978,1,09,2,1,5,01,5,5,3,2,020000,1,1,11016,23454
00,1024,1,13A232,14,40215,3,1,0,01,-,1,1,1,43,08/01/1981,1,07,4,2,5,01,1,5,1,1,010000,1, ,11016,0
00,1024,1,13A232,14,40215,2,1,0,01,-,1,1,1,44,30/07/1980,1,03,3,2,5,01,5,5,3,2,004000,1, ,11016,0
00,1024,1,13A232,14,40215,3,1,0,03,-,1,3,1,11,10/07/2013,1,02,5,1, , , , , , , ,1, ,11016,0
00,1024,1,13A232,14,40218,4,1,0,03,-,1,8,2,26,05/12/1997,1,07,3,1,6,01,3,5,3,2,999999,1, ,9623,0
00,1024,1,13A232,14,40218,4,1,0,02,-,1,2,2,57,31/05/1967,1,06,3,2,1,07, , , , , ,1,1,9623,30732
00,1024,1,13A232,14,40218,2,1,0,03,-,1,3,1,06,15/06/2018,2,01,3,1, , , , , , , ,1, ,9623,0
00,1024,1,13A232,14,40218,2,1,0,02,-,1,2,2,25,15/06/1999,1,04,3,2,5,07, , , , , ,1,1,9623,20488
00,1024,1,13A232,14,40218,3,1,0,01,-,1,1,1,32,03/09/1992,1,08,1,2,2,01,1,5,2,1,011000,1,1,9623,10244
00,1024,1,13A232,14,40218,2,1,0,01,-,1,1,1,29,15/06/1995,1,03,3,2,5,01,5,5,2,1,999999,1, ,9623,0
00,1024,1,13A232,14,40218,4,1,0,01,-,1,1,1,66,03/04/1958,1,04,1,2,1,08, , , , , ,1, ,9623,0
00,1024,1,13A232,14,40219,2,1,0,02,-,1,3,1,14,09/08/2010,1,03,2,1,6,06, , , , , ,1, ,8314,0
00,1024,1,13A232,14,40219,3,1,0,04,-,1,5,1,03,03/11/2021, , , , , , , , , , , ,1, ,8314,0
00,1024,1,13A232,14,40219,1,1,0,02,-,1,2,2,25,12/12/1998,1,04,3,2,1,01,4,4,3,1,002500,1,1,8314,17702
00,1024,1,13A232,14,40219,1,1,0,01,-,1,1,1,30,21/04/1994,1,04,3,2,1,01,1,5,3,1,002500,1, ,8314,0
00,1024,1,13A232,14,40219,4,1,0,02,-,1,3,1,22,08/03/2002,1,04,1,2,6,01,4,4,1,1,005000,1, ,8314,0
00,1024,1,13A232,14,40219,3,1,0,01,-,1,1,2,65,18/01/1959,1,06,3,2,4,08, , , , , ,1, ,8314,0
00,1024,1,13A232,14,40219,4,1,0,01,-,1,1,2,47,01/06/1977,1,07,1,2,4,01,4,4,1,1,001500,1,1,8314,17702
00,1024,1,13A232,14,40219,2,1,0,01,-,1,1,2,35,08/11/1989,1,07,4,2,6,01,2,5,3,2,009999,1,1,8314,8851
00,1024,1,13A232,14,40219,3,1,0,02,-,1,3,2,28,08/02/1996,1,07,3,1,6,01,1,5,3,2,005000,1,1,8314,17702
00,1024,1,13A232,14,40219,1,1,0,03,-,1,3,2,04,14/02/2020, , , , , , , , , , , ,1, ,8314,0
00,1024,1,13A232,14,40219,3,1,0,03,-,1,5,1,06,19/03/2018,1,01,2,1, , , , , , , ,1, ,8314,0
00,1024,1,13A232,14,40219,4,1,0,03,-,1,3,1,14,15/01/2010,1,03,2,1,6,06, , , , , ,1, ,8314,0
00,1024,1,13A232,14,40222,1,1,0,02,-,1,3,2,33,09/11/1991,1,07,4,2,6,01,4,4,2,3,010000,1, ,10468,0
00,1024,1,13A232,14,40222,1,1,0,06,-,1,3,2,36,28/09/1988,1,07,4,2,5,01,4,4,3,2,015000,1,1,10468,66859
00,1024,1,13A232,14,40222,2,1,0,01,-,1,1,1,43,15/08/1981,1,07,4,2,6,01,1,5,2,3,150000,1,1,10468,11143
00,1024,1,13A232,14,40222,1,1,0,07,-,1,7,1,14,29/05/2010,1,02,6,1,6,06, , , , , ,1, ,10468,0
00,1024,1,13A232,14,40222,1,1,0,05,-,1,7,2,36,15/06/1988,1,07,4,2,5,01,4,4,3,2,999999,1, ,10468,0
00,1024,1,13A232,14,40222,1,1,0,03,-,1,3,2,30,31/12/1993,1,07,3,2,6,01,3,4,3,3,010000,1, ,10468,0
00,1024,1,13A232,14,40222,1,1,0,01,-,1,1,2,62,14/12/1961,1,06,2,2,4,08, , , , , ,1, ,10468,0
00,1024,1,13A232,14,40222,1,1,0,04,-,1,3,1,28,24/11/1995,1,08,3,1,6,01,3,5,3,2,008000,1, ,10468,0
00,1024,1,13A232,14,40224,1,1,0,01,-,1,1,2,24,06/12/1999,1,07,4,2,5,07, , , , , ,1,1,9812,20890
00,1024,1,13A232,14,40224,2,1,0,02,-,1,8,1,30,22/10/1994,1,07,3,2,6,01,1,5,3,2,009000,1, ,9812,0
00,1024,1,13A232,14,40224,1,1,0,02,-,1,2,1,26,26/09/1998,1,07,4,2,5,01,3,5,3,2,010000,1, ,9812,0
00,1024,1,13A232,14,40224,2,1,0,01,-,1,1,2,29,10/08/1995,1,07,3,2,6,01,3,5,3,2,009000,1,1,9812,20890
00,1024,1,13A232,14,40224,4,1,0,02,-,1,3,2,38,13/11/1985,1,04,3,2,6,01,3,5,3,2,010000,1,1,9812,20890
00,1024,1,13A232,14,40224,4,1,0,01,-,1,1,2,68,01/11/1956,1,07,3,2,4,07, , , , , ,1, ,9812,0
00,1024,1,13A232,14,40228,1,1,0,02,-,1,2,2,41,27/12/1982,1,08,2,2,5,01,1,5,3,2,010000,1, ,7993,0
00,1024,1,13A232,14,40228,4,1,0,02,-,1,2,2,26,07/03/1998,1,02,6,2,5,07, , , , , ,1,1,7993,17017
00,1024,1,13A232,14,40228,1,1,0,03,-,1,3,2,10,07/02/2014,1,02,4,1, , , , , , , ,1, ,7993,0
00,1024,1,13A232,14,40228,2,1,0,01,-,1,1,2,64,08/07/1960,1,05,4,2,2,07, , , , , ,1,1,7993,8508
00,1024,1,13A232,14,40228,4,1,0,01,-,1,1,1,31,15/05/1993,1,03,3,2,5,01,4,5,2,1,999999,1, ,7993,0
00,1024,1,13A232,14,40228,4,1,0,03,-,1,3,1,02,22/07/2022, , , , , , , , , , , ,1, ,7993,0
00,1024,1,13A232,14,40228,1,1,0,01,-,1,1,1,42,04/08/1982,1,04,3,2,5,01,1,5,3,2,010000,1,1,7993,17017
00,1024,1,13A232,14,40231,3,1,0,02,-,1,2,2,60,14/01/1964,1,07,4,2,5,01,3,5,3,2,025000,1, ,11465,0
00,1024,1,13A232,14,40231,3,1,0,04,-,1,3,2,17,14/02/2007,1,04,2,1,6,06, , , , , ,1, ,11465,0
00,1024,1,13A232,14,40231,3,1,0,01,-,1,1,1,53,25/02/1971,1,07,4,2,5,01,3,5,3,2,020000,1,1,11465,36614
00,1024,1,13A232,14,40231,1,1,0,03,-,1,3,1,15,04/11/2009,1,04,1,1,6,06, , , , , ,1, ,11465,0
00,1024,1,13A232,14,40231,1,1,0,02,-,1,2,2,51,11/10/1973,1,06,3,2,1,01,4,4,2,1,006000,1,1,11465,24409
00,1024,1,13A232,14,40231,1,1,0,01,-,1,1,1,55,20/12/1968,1,04,5,2,1,01,4,4,2,1,008000,1, ,11465,0
00,1024,1,13A232,14,40231,3,1,0,03,-,1,3,1,22,14/07/2002,1,07,3,2,6,01,1,6,3,2,015000,1, ,11465,0
00,1024,1,13A232,14,40232,1,1,0,01,-,1,1,2,73,28/01/1951,1,06,3,2,4,07, , , , , ,1,1,7859,8366
15,1024,1,13A232,14,40232,3,1,0,04,-,1,2,2,68,15/04/1956,1,03,3,2,1,07, , , , , ,1, ,7859,0
15,1024,1,13A232,14,40232,3,1,0,01,-,1,1,1,75,02/04/1949,1,07,4,2,5,01,1,5,2,3,009999,1, ,7859,0
15,1024,1,13A232,14,40232,3,1,0,02,-,1,6,2,55,20/02/1969,1,06,2,2,3,07, , , , , ,1, ,7859,0
15,1024,1,13A232,14,40232,3,1,0,03,-,1,6,1,38,31/08/1986,1,07,2,2,6,01,3,2,3,1,999999,1, ,7859,0
00,1024,1,13A232,14,40232,4,1,0,01,-,1,1,2,77,29/03/1947,1,06,4,2,4,01,4,5,2,3,009999,1,1,7859,8366
00,1024,1,13A232,14,40235,1,1,0,01,-,1,1,2,66,24/08/1958,1,06,2,2,4,08, , , , , ,1,1,9872,10509
00,1024,1,13A232,14,40235,4,1,0,02,-,1,2,2,67,15/08/1957,1,02,6,2,5,07, , , , , ,1,1,9872,21017
00,1024,1,13A232,14,40235,2,1,0,01,-,1,1,1,25,05/01/1999,1,07,4,2,6,01,3,6,3,2,010000,1,1,9872,10509
00,1024,1,13A232,14,40235,4,1,0,01,-,1,1,1,63,10/11/1960,1,02,6,2,5,08, , , , , ,1, ,9872,0
00,1024,1,13A232,14,40237,3,1,0,04,-,1,3,2,24,10/10/2000,1,07,2,1,6,06, , , , , ,1, ,9724,0
00,1024,1,13A232,14,40237,2,1,0,02,-,1,2,2,44,29/04/1980,1,07,4,2,5,01,4,4,2,1,999999,1, ,9724,0
00,1024,1,13A232,14,40237,3,1,0,03,-,1,3,2,20,07/03/2004,1,07,1,1,6,06, , , , , ,1,1,9724,41406
00,1024,1,13A232,14,40237,3,1,0,01,-,1,1,1,50,19/09/1974,1,07,4,2,5,01,3,5,3,2,015000,1, ,9724,0
00,1024,1,13A232,14,40237,4,1,0,01,-,1,1,1,52,15/06/1972,1,07,5,2,5,01,3,5,3,1,009999,1, ,9724,0
00,1024,1,13A232,14,40237,1,1,0,01,-,1,1,1,32,01/07/1992,1,07,4,2,1,01,3,1,3,2,015000,1, ,9724,0
00,1024,1,13A232,14,40237,1,1,0,02,-,1,2,2,32,30/04/1992,1,03,3,2,1,01,4,2,3,1,003000,1,1,9724,20703
00,1024,1,13A232,14,40237,2,1,0,03,-,1,3,2,09,30/01/2015,1,02,3,1, , , , , , , ,1, ,9724,0
00,1024,1,13A232,14,40237,2,1,0,01,-,1,1,1,43,18/09/1981,1,07,4,2,5,01,4,4,2,1,999999,1,1,9724,20703
00,1024,1,13A232,14,40237,4,1,0,02,-,1,2,2,47,30/08/1977,1,07,3,2,5,07, , , , , ,1,1,9724,41406
00,1024,1,13A232,14,40237,4,1,0,03,-,1,3,2,21,13/02/2003,1,04,3,1,6,06, , , , , ,1, ,9724,0
00,1024,1,13A232,14,40237,3,1,0,02,-,1,2,2,52,29/04/1972,1,06,2,2,5,01,4,5,3,1,003000,1, ,9724,0
00,1024,1,13A232,14,40237,4,1,0,04,-,1,3,1,19,16/11/2004,1,04,3,1,6,06, , , , , ,1, ,9724,0
00,1024,1,11A232,15,40002,1,1,0,02,-,1,2,1,50,08/12/1973,1,03,3,2,1,01,5,5,3,1,001000,1,1,5400,21601
00,1024,1,11A232,15,40002,1,1,0,06,-,1,3,2,10,26/01/2014,1,02,2,1, , , , , , , ,1, ,5400,0
00,1024,1,11A232,15,40002,4,1,0,02,-,1,3,1,42,28/11/1981,1,03,3,2,5,01,4,3,4,1,001000,1, ,5400,0
00,1024,1,11A232,15,40002,4,1,0,03,-,1,7,2,38,09/02/1986,1,02,4,2,5,07, , , , , ,1, ,5400,0
00,1024,1,11A232,15,40002,4,1,0,04,-,1,5,2,19,04/01/2005,1,07,1,1,6,06, , , , , ,1, ,5400,0
00,1024,1,11A232,15,40002,1,1,0,05,-,1,3,1,13,08/11/2011,1,02,6,1,6,06, , , , , ,1, ,5400,0
00,1024,1,11A232,15,40002,1,1,0,04,-,1,3,2,21,11/12/2002,1,07,4,2,6,01,4,5,3,1,001500,1, ,5400,0
00,1024,1,11A232,15,40002,4,1,0,05,-,1,5,1,11,02/10/2013,1,02,5,1, , , , , , , ,1, ,5400,0
00,1024,1,11A232,15,40002,3,1,0,02,-,1,3,2,17,11/03/2007,1,03,3,2,6,04, , , , , ,1, ,5400,0
00,1024,1,11A232,15,40002,2,1,0,01,-,1,1,1,50,18/08/1974,1,03,3,2,5,01,7,2,3,1,002000,1,1,5400,16201
00,1024,1,11A232,15,40002,2,1,0,02,-,1,3,1,20,06/07/2004,1,04,3,2,6,04, , , , , ,1, ,5400,0
00,1024,1,11A232,15,40002,2,1,0,04,-,1,2,2,56,20/03/1968,1,04,3,2,5,07, , , , , ,1, ,5400,0
00,1024,1,11A232,15,40002,3,1,0,01,-,1,1,2,35,27/05/1989,1,03,3,2,6,01,7,2,3,1,001700,1,1,5400,5400
00,1024,1,11A232,15,40002,3,1,0,03,-,1,3,1,06,11/11/2018,1,01,3,1, , , , , , , ,1, ,5400,0
00,1024,1,11A232,15,40002,3,1,0,04,-,1,3,2,01,25/03/2023, , , , , , , , , , , ,1, ,5400,0
00,1024,1,11A232,15,40002,1,1,0,01,-,1,1,2,40,01/01/1984,1,03,3,2,1,07, , , , , ,1, ,5400,0
00,1024,1,11A232,15,40002,1,1,0,03,-,1,3,2,24,25/07/2000,1,07,4,2,6,01,1,5,3,1,001500,1, ,5400,0
00,1024,1,11A232,15,40002,4,1,0,01,-,1,1,2,72,03/05/1952,2,00, ,2,4,07, , , , , ,1,1,5400,21601
00,1024,1,11A232,15,40002,2,1,0,03,-,1,3,2,14,20/10/2010,1,03,2,1,6,06, , , , , ,1, ,5400,0
00,1024,1,11A232,15,40015,4,1,0,05,-,1,7,1,80,28/10/1944,1,02,5,2,4,99, , , , , ,1,1,8278,33828
00,1024,1,11A232,15,40015,3,1,0,02,-,1,3,1,53,13/02/1971,1,03,2,2,6,03,1,9,4,1,002000,1,1,8278,16914
16,1024,1,11A232,15,40015,1,1,0,04,-,1,6,2,68,19/03/1956,1,02,6,2,2,07, , , , , ,1, ,8278,0
00,1024,1,11A232,15,40015,4,1,0,02,-,1,2,2,52,20/04/1972,2,04,3,2,5,07, , , , , ,1, ,8278,0
00,1024,1,11A232,15,40015,4,1,0,01,-,1,1,1,53,30/08/1971,1,04,3,2,5,01,9,5,3,3,007000,1, ,8278,0
00,1024,1,11A232,15,40015,3,1,0,01,-,1,1,2,85,05/11/1938,1,03,3,2,4,07, , , , , ,1, ,8278,0
16,1024,1,11A232,15,40015,1,1,0,01,-,1,1,1,57,09/05/1967,1,03,3,2,1,03,9,5,2,1,009999,1, ,8278,0
00,1024,1,11A232,15,40015,4,1,0,03,-,1,3,2,22,21/03/2002,2,07,4,1,6,06, , , , , ,1, ,8278,0
00,1024,1,11A232,15,40015,4,1,0,04,-,1,3,2,13,12/02/2011,1,03,1,1,6,06, , , , , ,1, ,8278,0
16,1024,1,11A232,15,40015,1,1,0,02,-,1,4,2,94,04/06/1930,1,02,2,2,4,99, , , , , ,1, ,8278,0
16,1024,1,11A232,15,40015,1,1,0,03,-,1,2,2,46,12/02/1978,1,03,3,2,1,07, , , , , ,1, ,8278,0
00,1024,1,11A232,15,40020,2,1,0,05,-,1,3,1,04,26/11/2019, , , , , , , , , , , ,1, ,8043,0
00,1024,1,11A232,15,40020,4,1,0,02,-,1,5,2,07,21/07/2017,1,02,1,1, , , , , , , ,1, ,8043,0
00,1024,1,11A232,15,40020,3,1,0,03,-,1,7,2,50,22/08/1974,1,02,6,2,6,01,4,4,2,1,001000,1,1,8043,32869
00,1024,1,11A232,15,40020,1,1,0,01,-,1,1,1,42,29/09/1982,1,03,2,2,1,01,4,4,2,1,003000,1, ,8043,0
00,1024,1,11A232,15,40020,2,1,0,01,-,1,1,1,36,22/02/1988,1,03,3,2,1,01,4,4,3,1,002000,1, ,8043,0
00,1024,1,11A232,15,40020,3,1,0,02,-,1,8,1,37,03/11/1987,1,03,3,2,5,01,9,9,3,2,999999,1, ,8043,0
00,1024,1,11A232,15,40020,3,1,0,01,-,1,1,2,40,01/12/1983,1,07,4,2,6,01,1,9,3,2,005000,1, ,8043,0
00,1024,1,11A232,15,40020,4,1,0,04,-,1,5,2,00,02/04/2024, , , , , , , , , , , ,1, ,8043,0
00,1024,1,11A232,15,40020,1,1,0,04,-,1,3,1,20,08/04/2004,1,03,3,2,6,04, , , , , ,1, ,8043,0
00,1024,1,11A232,15,40020,1,1,0,05,-,1,3,1,12,07/12/2011,1,03,1,1,6,06, , , , , ,1, ,8043,0
00,1024,1,11A232,15,40020,1,1,0,06,-,1,3,1,07,23/03/2017,1,02,1,1, , , , , , , ,1, ,8043,0
00,1024,1,11A232,15,40020,3,1,0,04,-,1,6,1,28,29/12/1995,1,07,4,2,6,01,1,5,3,2,005000,1, ,8043,0
00,1024,1,11A232,15,40020,1,1,0,02,-,1,2,2,42,18/09/1982,1,03,3,2,1,07, , , , , ,1, ,8043,0
00,1024,1,11A232,15,40020,4,1,0,03,-,1,5,2,06,03/09/2018,1,01,3,1, , , , , , , ,1, ,8043,0
00,1024,1,11A232,15,40020,1,1,0,03,-,1,3,2,21,11/01/2003,1,04,3,2,6,04, , , , , ,1,1,8043,32869
00,1024,1,11A232,15,40020,2,1,0,02,-,1,2,2,38,17/07/1986,1,03,3,2,1,07, , , , , ,1,1,8043,16435
00,1024,1,11A232,15,40020,2,1,0,04,-,1,3,2,09,15/10/2015,1,02,3,1, , , , , , , ,1, ,8043,0
00,1024,1,11A232,15,40020,4,1,0,05,-,1,3,2,25,05/10/1999,1,03,3,2,2,01,4,4,2,1,002000,1,1,8043,16435
00,1024,1,11A232,15,40020,4,1,0,01,-,1,1,1,45,06/02/1979,2,03,3,2,3,01,1,5,3,2,002500,1, ,8043,0
00,1024,1,11A232,15,40020,2,1,0,03,-,1,3,2,13,28/05/2011,1,03,1,1,6,06, , , , , ,1, ,8043,0
00,1024,1,11A232,15,40021,2,1,0,01,-,1,1,1,48,11/08/1976,1,07,3,2,5,01,9,5,3,2,999999,1, ,7678,0
00,1024,1,11A232,15,40021,2,1,0,04,-,1,3,1,22,29/09/2002,1,07,4,1,6,01,9,5,3,2,999999,1,1,7678,31375
00,1024,1,11A232,15,40021,2,1,0,03,-,1,3,1,24,03/04/2000,1,04,1,2,6,04, , , , , ,1, ,7678,0
00,1024,1,11A232,15,40021,3,1,0,01,-,1,1,1,47,15/03/1977,1,02,6,2,1,01,9,5,3,2,001800,1, ,7678,0
00,1024,1,11A232,15,40021,3,1,0,03,-,1,3,1,22,10/03/2002,1,04,1,2,6,01,5,5,3,1,001300,1, ,7678,0
00,1024,1,11A232,15,40021,2,1,0,02,-,1,2,2,46,16/03/1978,1,04,3,2,5,07, , , , , ,1, ,7678,0
00,1024,1,11A232,15,40021,1,1,0,01,-,1,1,2,63,28/11/1960,2,02,6,2,4,01,4,4,2,1,000200,1, ,7678,0
00,1024,1,11A232,15,40021,1,1,0,02,-,1,3,2,37,14/10/1987,1,04,3,2,2,01,3,5,2,2,005000,1, ,7678,0
00,1024,1,11A232,15,40021,1,1,0,03,-,1,5,1,19,13/08/2005,1,04,3,2,6,01,4,5,3,3,007000,1,1,7678,23531
00,1024,1,11A232,15,40021,4,1,0,01,-,1,1,2,55,18/07/1969,1,03,3,2,4,01,4,5,3,1,001200,1,1,7678,7844
00,1024,1,11A232,15,40021,3,1,0,02,-,1,2,2,38,14/02/1986,1,03,3,2,1,01,9,9,3,2,001800,1,1,7678,23531
00,1024,1,11A232,15,40029,3,1,0,01,-,1,1,1,74,21/06/1950,1,03,3,2,5,08, , , , , ,1, ,7113,0
00,1024,1,11A232,15,40029,2,1,0,01,-,1,1,1,36,25/01/1988,1,03,3,2,6,01,7,2,3,1,004000,1,1,7113,7267
00,1024,1,11A232,15,40029,1,1,0,01,-,1,1,1,47,27/04/1977,1,04,3,2,1,01,5,6,2,1,002500,1, ,7113,0
00,1024,1,11A232,15,40029,4,1,0,01,-,1,1,1,71,16/09/1953,1,02,1,2,4,08, , , , , ,1, ,7113,0
00,1024,1,11A232,15,40029,3,1,0,02,-,1,2,2,79,06/11/1945,1,02,6,2,5,07, , , , , ,1,1,7113,14533
00,1024,1,11A232,15,40029,4,1,0,02,-,1,3,1,31,25/10/1993,1,07,2,1,6,01,4,5,5,2,999999,1,1,7113,14533
00,1024,1,11A232,15,40029,1,1,0,03,-,1,3,2,23,06/03/2001,1,07,1,1,6,01,3,5,3,2,999999,1,1,7113,21800
00,1024,1,11A232,15,40029,1,1,0,02,-,1,2,2,44,11/12/1979,1,04,3,2,1,01,4,5,3,1,001000,1, ,7113,0
00,1024,1,11A232,15,40041,3,1,0,01,-,1,1,2,42,26/12/1981,1,02,6,2,6,01,4,5,2,1,002500,1, ,8702,0
00,1024,1,11A232,15,40041,3,1,0,03,-,1,3,1,09,17/07/2015,1,02,3,1, , , , , , , ,1, ,8702,0
00,1024,1,11A232,15,40041,1,1,0,04,-,1,3,2,12,18/06/2012,1,02,5,1,6,06, , , , , ,1, ,8702,0
00,1024,1,11A232,15,40041,4,1,0,02,-,1,3,1,30,14/10/1994,1,02,6,2,6,03,9,3,3,1,002400,1,1,8702,17781
00,1024,1,11A232,15,40041,4,1,0,01,-,1,1,2,69,23/09/1955,1,00, ,2,4,01,4,4,3,1,000800,1, ,8702,0
00,1024,1,11A232,15,40041,2,1,0,02,-,1,2,2,32,28/04/1992,1,04,3,2,5,07, , , , , ,1, ,8702,0
00,1024,1,11A232,15,40041,1,1,0,02,-,1,2,2,42,19/03/1982,1,03,3,2,5,01,4,4,3,1,001200,1, ,8702,0
00,1024,1,11A232,15,40041,1,1,0,01,-,1,1,1,42,07/10/1982,1,03,3,2,5,01,5,6,3,2,005500,1,1,8702,17781
00,1024,1,11A232,15,40041,3,1,0,05,-,1,5,1,02,29/04/2022, , , , , , , , , , , ,1, ,8702,0
00,1024,1,11A232,15,40041,2,1,0,03,-,1,3,1,08,25/11/2015,1,02,3,1, , , , , , , ,1, ,8702,0
00,1024,1,11A232,15,40041,1,1,0,03,-,1,3,2,16,18/11/2007,1,04,1,1,6,06, , , , , ,1, ,8702,0
00,1024,1,11A232,15,40041,3,1,0,04,-,1,5,2,07,13/10/2017,1,02,1,1, , , , , , , ,1, ,8702,0
00,1024,1,11A232,15,40041,3,1,0,02,-,1,3,2,23,10/02/2001,1,04,3,1,6,01,3,5,3,1,002800,1,1,8702,17781
00,1024,1,11A232,15,40041,2,1,0,04,-,1,3,2,04,11/12/2019, , , , , , , , , , , ,1, ,8702,0
00,1024,1,11A232,15,40041,2,1,0,01,-,1,1,1,31,03/11/1993,1,07,6,2,5,01,1,5,3,2,004000,1,1,8702,17781
00,1024,1,12A232,15,40046,1,1,0,02,-,1,6,2,47,26/04/1977,1,07,3,2,6,07, , , , , ,1, ,7651,0
00,1024,1,12A232,15,40046,4,1,0,01,-,1,1,1,83,29/09/1941,1,02,6,2,4,08, , , , , ,1,1,7651,7866
00,1024,1,12A232,15,40046,1,1,0,01,-,1,1,1,40,26/12/1983,1,07,2,2,3,01,5,6,3,1,004000,1,1,7651,15732
00,1024,1,12A232,15,40046,1,1,0,03,-,1,7,2,17,28/07/2007,1,04,2,1,6,06, , , , , ,1, ,7651,0
00,1024,1,12A232,15,40046,2,1,0,01,-,1,1,1,36,19/08/1988,1,99, ,2,9,99, , , , , ,1,1,7651,7866
00,1024,1,12A232,15,40046,3,1,0,01,-,1,1,1,79,21/12/1944,1,03,2,2,4,08, , , , , ,1,1,7651,7866
00,1024,1,12A232,15,40047,1,1,0,03,-,1,7,1,85,22/10/1939,1,02,6,2,4,08, , , , , ,1, ,7854,0
00,1024,1,12A232,15,40047,3,1,0,02,-,1,2,1,45,04/02/1979,1,08,2,2,5,01,1,5,3,1,015000,1,1,7854,16149
00,1024,1,12A232,15,40047,2,1,0,02,-,1,2,2,55,26/03/1969,1,06,3,2,5,07, , , , , ,1, ,7854,0
00,1024,1,12A232,15,40047,1,1,0,02,-,1,4,2,70,26/08/1954,1,03,2,2,6,07, , , , , ,1,1,7854,24224
00,1024,1,12A232,15,40047,4,1,0,03,-,1,5,1,11,06/08/2013,1,02,5,1, , , , , , , ,1, ,7854,0
00,1024,1,12A232,15,40047,4,1,0,01,-,1,1,2,64,21/04/1960,1,03,3,2,4,07, , , , , ,1,1,7854,16149
00,1024,1,12A232,15,40047,3,1,0,01,-,1,1,2,34,06/08/1990,1,07,4,2,5,01,3,5,3,2,002000,1, ,7854,0
00,1024,1,12A232,15,40047,2,1,0,01,-,1,1,1,65,20/09/1959,1,06,3,2,5,08, , , , , ,1, ,7854,0
00,1024,1,12A232,15,40047,1,1,0,01,-,1,1,2,49,16/08/1975,1,04,3,2,6,01,4,4,2,1,001250,1, ,7854,0
00,1024,1,12A232,15,40047,2,1,0,03,-,1,3,1,32,28/05/1992,1,04,3,2,6,01,3,5,3,2,003600,1,1,7854,24224
00,1024,1,12A232,15,40047,3,1,0,03,-,1,3,2,17,03/12/2006,1,04,2,1,6,06, , , , , ,1, ,7854,0
00,1024,1,12A232,15,40047,4,1,0,02,-,1,3,2,30,26/10/1994,1,04,3,2,6,01,4,4,2,1,002200,1, ,7854,0
00,1024,1,12A232,15,40054,1,1,0,03,-,1,3,1,33,07/09/1991,1,04,3,1,5,01,2,5,3,1,999999,1, ,8950,0
00,1024,1,12A232,15,40054,1,1,0,07,-,1,7,2,26,16/07/1998,1,04,3,2,1,01,1,5,3,1,999999,1, ,8950,0
00,1024,1,12A232,15,40054,1,1,0,05,-,1,3,1,23,11/06/2001,1,04,3,2,6,01,2,5,3,1,999999,1, ,8950,0
00,1024,1,12A232,15,40054,3,1,0,04,-,1,3,2,14,23/12/2009,1,03,3,1,6,06, , , , , ,1, ,8950,0
00,1024,1,12A232,15,40054,1,1,0,09,-,1,5,1,07,12/04/2017,1,02,1,1, , , , , , , ,1, ,8950,0
00,1024,1,12A232,15,40054,1,1,0,06,-,1,7,2,33,10/09/1991,1,07,5,2,5,01,1,5,3,1,999999,1,1,8950,64411
00,1024,1,12A232,15,40054,1,1,0,01,-,1,1,1,51,13/08/1973,1,03,3,2,1,01,2,5,2,1,999999,1, ,8950,0
00,1024,1,12A232,15,40054,3,1,0,05,-,1,4,2,75,10/05/1949,1,02,6,2,4,07, , , , , ,1,1,8950,27605
00,1024,1,12A232,15,40054,3,1,0,01,-,1,1,1,34,16/11/1989,1,07,5,2,5,01,4,5,2,3,008000,1, ,8950,0
00,1024,1,12A232,15,40054,1,1,0,11,-,1,3,1,06,20/04/2018,1,01,3,1, , , , , , , ,1, ,8950,0
00,1024,1,12A232,15,40054,1,1,0,08,-,1,5,2,09,18/06/2015,1,02,3,1, , , , , , , ,1, ,8950,0
00,1024,1,12A232,15,40054,3,1,0,03,-,1,3,2,09,26/12/2014,1,02,3,1, , , , , , , ,1, ,8950,0
00,1024,1,12A232,15,40054,4,1,0,02,-,1,2,2,68,28/07/1956,1,03,3,2,5,07, , , , , ,1, ,8950,0
00,1024,1,12A232,15,40054,4,1,0,01,-,1,1,1,70,30/12/1953,1,07,3,2,5,08, , , , , ,1,1,8950,18403
00,1024,1,12A232,15,40054,1,1,0,10,-,1,5,1,08,16/08/2016,1,02,2,1, , , , , , , ,1, ,8950,0
00,1024,1,12A232,15,40054,3,1,0,02,-,1,2,2,33,29/11/1990,1,04,3,1,5,01,4,5,2,3,008000,1, ,8950,0
00,1024,1,12A232,15,40054,1,1,0,04,-,1,3,1,28,11/10/1996,1,04,3,2,1,01,2,5,3,1,999999,1, ,8950,0
00,1024,1,12A232,15,40054,1,1,0,02,-,1,2,2,51,14/08/1973,1,04,3,2,1,01,9,5,3,1,999999,1, ,8950,0
00,1024,1,12A232,15,40055,4,1,0,03,-,1,3,2,04,19/12/2019, , , , , , , , , , , ,1, ,8086,0
00,1024,1,12A232,15,40055,3,1,0,03,-,1,3,2,35,26/03/1989,1,08,2,2,1,01,1,5,3,2,004000,1, ,8086,0
00,1024,1,12A232,15,40055,2,1,0,01,-,1,1,2,73,20/10/1951,1,03,3,2,4,07, , , , , ,1,1,8086,8313
00,1024,1,12A232,15,40055,3,1,0,02,-,1,2,1,52,22/11/1971,1,03,3,2,5,08, , , , , ,1,1,8086,24940
00,1024,1,12A232,15,40055,3,1,0,05,-,1,5,2,00,24/01/2024, , , , , , , , , , , ,1, ,8086,0
00,1024,1,12A232,15,40055,1,1,0,02,-,1,3,1,46,03/10/1978,1,04,2,2,3,01,4,3,2,1,004000,1,1,8086,16626
00,1024,1,12A232,15,40055,1,1,0,01,-,1,1,1,78,18/02/1946,1,02,6,2,4,01,4,4,2,1,004000,1, ,8086,0
00,1024,1,12A232,15,40055,3,1,0,04,-,1,5,2,03,08/09/2021, , , , , , , , , , , ,1, ,8086,0
00,1024,1,12A232,15,40055,3,1,0,01,-,1,1,2,57,21/01/1967,1,07,4,2,5,01,1,7,3,2,007000,1, ,8086,0
00,1024,1,12A232,15,40055,4,1,0,02,-,1,2,2,32,06/01/1992,1,02,6,2,1,07, , , , , ,1,1,8086,16626
00,1024,1,12A232,15,40055,4,1,0,01,-,1,1,1,37,27/10/1987,1,02,6,2,1,01,7,3,4,2,003000,1, ,8086,0
00,1024,1,12A232,15,40059,4,1,0,03,-,1,3,1,21,25/08/2003,1,07,2,1,6,06, , , , , ,1, ,5905,0
00,1024,1,12A232,15,40059,2,1,0,05,-,1,3,2,12,03/07/2012,1,02,6,1,6,06, , , , , ,1, ,5905,0
00,1024,1,12A232,15,40059,2,1,0,03,-,1,3,2,19,04/12/2004,1,04,1,2,6,01,3,5,3,1,002000,1,1,5905,18213
00,1024,1,12A232,15,40059,1,1,0,02,-,1,3,1,08,04/10/2016,1,02,2,1, , , , , , , ,1, ,5905,0
00,1024,1,12A232,15,40059,4,1,0,01,-,1,1,2,53,26/05/1971,1,04,3,2,5,01,1,5,3,1,001950,1, ,5905,0
00,1024,1,12A232,15,40059,2,1,0,04,-,1,3,1,14,15/11/2010,1,03,2,1,6,06, , , , , ,1, ,5905,0
00,1024,1,12A232,15,40059,2,1,0,01,-,1,1,1,30,07/08/1994,1,07,5,2,5,01,1,2,3,2,999999,1, ,5905,0
00,1024,1,12A232,15,40059,2,1,0,02,-,1,2,2,40,17/06/1984,1,04,3,2,5,01,9,5,3,1,003000,1, ,5905,0
00,1024,1,12A232,15,40059,1,1,0,03,-,1,3,1,11,16/07/2013,2,02,4,1, , , , , , , ,1, ,5905,0
00,1024,1,12A232,15,40059,1,1,0,01,-,1,1,2,33,13/05/1991,1,03,3,2,6,01,4,4,2,1,001200,1,1,5905,6071
00,1024,1,12A232,15,40059,4,1,0,02,-,1,2,1,50,07/03/1974,1,03,3,2,5,01,4,4,2,1,003000,1,1,5905,18213
00,1024,1,12A232,15,40060,2,1,0,01,-,1,1,1,83,20/03/1941,1,03,3,2,4,08, , , , , ,1,1,7040,7237
00,1024,1,12A232,15,40060,4,1,0,04,-,1,3,1,11,14/09/2013,1,02,5,1, , , , , , , ,1, ,7040,0
00,1024,1,12A232,15,40060,4,1,0,05,-,1,3,1,08,16/07/2016,1,02,2,1, , , , , , , ,1, ,7040,0
00,1024,1,12A232,15,40060,3,1,0,01,-,1,1,2,76,23/06/1948,1,02,6,2,5,07, , , , , ,1, ,7040,0
00,1024,1,12A232,15,40060,1,1,0,02,-,1,2,2,73,12/11/1950,1,03,3,2,5,07, , , , , ,1, ,7040,0
00,1024,1,12A232,15,40060,4,1,0,02,-,1,2,1,39,04/03/1985,1,03,3,2,1,02,3,5,6,5, ,1, ,7040,0
00,1024,1,12A232,15,40060,1,1,0,03,-,1,3,1,46,24/06/1978,1,07,5,2,6,01,3,2,3,2,005000,1,1,7040,21712
00,1024,1,12A232,15,40060,1,1,0,01,-,1,1,1,76,29/06/1948,1,03,3,2,5,08, , , , , ,1, ,7040,0
00,1024,1,12A232,15,40060,4,1,0,03,-,1,3,2,10,16/12/2013,1,02,4,1, , , , , , , ,1, ,7040,0
00,1024,1,12A232,15,40060,4,1,0,01,-,1,1,2,29,17/03/1995,1,03,3,2,1,07, , , , , ,1,1,7040,14475
00,1024,1,12A232,15,40060,3,1,0,02,-,1,2,1,77,26/12/1946,1,02,6,2,5,08, , , , , ,1,1,7040,14475
00,1024,1,12A232,15,40066,4,1,0,02,-,1,2,2,26,04/08/1998,1,04,3,2,1,01,3,5,3,1,002400,1,1,14818,30466
00,1024,1,12A232,15,40066,3,1,0,03,-,1,3,1,14,06/06/2010,1,03,2,1,6,06, , , , , ,1, ,14818,0
00,1024,1,12A232,15,40066,3,1,0,01,-,1,1,1,38,03/04/1986,1,04,3,2,1,01,2,7,3,2,004000,1,1,14818,30466
00,1024,1,12A232,15,40066,3,1,0,02,-,1,2,2,37,25/05/1987,1,07,4,2,1,07, , , , , ,1, ,14818,0
00,1024,1,12A232,15,40066,3,1,0,04,-,1,3,2,06,17/05/2018,1,01,3,1, , , , , , , ,1, ,14818,0
00,1024,1,12A232,15,40066,4,1,0,03,-,1,3,1,08,07/01/2016,1,02,2,1, , , , , , , ,1, ,14818,0
00,1024,1,12A232,15,40066,4,1,0,01,-,1,1,1,29,30/10/1995,1,04,3,2,1,01,5,6,3,1,002000,1, ,14818,0
00,1024,1,13A232,15,40068,1,1,0,01,-,1,1,2,59,02/06/1965,1,03,3,2,4,07, , , , , ,1,1,9972,21231
00,1024,1,13A232,15,40068,4,1,0,03,-,1,3,1,09,16/01/2015,1,02,3,1, , , , , , , ,1, ,9972,0
00,1024,1,13A232,15,40068,4,1,0,01,-,1,1,2,47,27/02/1977,1,07,3,2,6,01,3,3,3,2,007000,1,1,9972,10616
00,1024,1,13A232,15,40068,1,1,0,02,-,1,3,2,24,16/01/2000,1,04,3,2,6,01,3,5,3,2,003000,1, ,9972,0
00,1024,1,13A232,15,40068,4,1,0,02,-,1,3,2,16,18/11/2007,1,04,1,1,6,06, , , , , ,1, ,9972,0
00,1024,1,13A232,15,40072,1,1,0,03,-,1,3,2,40,25/07/1984,1,07,4,2,5,01,1,5,2,1,001100,1,1,9587,30616
00,1024,1,13A232,15,40072,2,1,0,03,-,1,3,1,22,03/01/2002,1,07,4,1,6,06, , , , , ,1, ,9587,0
00,1024,1,13A232,15,40072,1,1,0,04,-,1,5,2,10,28/06/2014,1,02,4,1, , , , , , , ,1, ,9587,0
00,1024,1,13A232,15,40072,1,1,0,02,-,1,5,1,44,24/09/1980,1,07,4,2,5,01,1,5,3,3,012000,1, ,9587,0
00,1024,1,13A232,15,40072,2,1,0,02,-,1,2,2,56,18/07/1968,1,07,5,2,5,07, , , , , ,1, ,9587,0
00,1024,1,13A232,15,40072,2,1,0,01,-,1,1,1,57,01/11/1967,1,07,5,2,5,01,1,7,3,2,999999,1,1,9587,30616
00,1024,1,13A232,15,40072,1,1,0,01,-,1,1,2,63,05/01/1961,1,04,3,2,3,08, , , , , ,1, ,9587,0
00,1024,1,13A232,15,40073,3,1,0,03,-,1,5,2,14,02/11/2010,1,03,2,1,6,06, , , , , ,1, ,8468,0
00,1024,1,13A232,15,40073,4,1,0,01,-,1,1,2,42,14/02/1982,1,07,5,2,6,07, , , , , ,1,1,8468,9015
00,1024,1,13A232,15,40073,3,1,0,02,-,1,3,2,42,23/02/1982,1,07,3,2,3,01,5,5,3,2,007000,1, ,8468,0
00,1024,1,13A232,15,40073,4,1,0,02,-,1,3,2,99, , , , , , , , , , , , ,1, ,8468,0
00,1024,1,13A232,15,40073,3,1,0,01,-,1,1,2,76,19/07/1948,1,03,3,2,3,07, , , , , ,1,1,8468,18030
00,1024,1,11A232,15,40078,3,1,0,03,-,1,3,1,03,12/10/2021, , , , , , , , , , , ,1, ,3653,0
00,1024,1,11A232,15,40078,1,1,0,02,-,1,3,1,34,15/06/1990,1,04,5,1,3,01,1,5,3,1,999999,1, ,3653,0
00,1024,1,11A232,15,40078,4,1,0,03,-,1,3,2,19,09/05/2005,1,03,3,2,6,01,7,4,3,1,001000,1,1,3653,10958
00,1024,1,11A232,15,40078,2,1,0,01,-,1,1,1,60,11/10/1964,1,02,6,2,5,01,4,4,3,2,999999,1, ,3653,0
00,1024,1,11A232,15,40078,3,1,0,02,-,1,2,1,32,30/09/1992,2,03,2,2,1,01,9,3,3,1,003000,1,1,3653,7305
00,1024,1,11A232,15,40078,2,1,0,04,-,1,5,1,00,15/09/2024, , , , , , , , , , , ,1, ,3653,0
00,1024,1,11A232,15,40078,2,1,0,03,-,1,3,2,19,06/02/2005,2,07,3,2,6,07, , , , , ,1, ,3653,0
00,1024,1,11A232,15,40078,3,1,0,01,-,1,1,2,30,03/09/1994,1,02,1,2,1,01,9,9,3,1,001000,1, ,3653,0
00,1024,1,11A232,15,40078,1,1,0,01,-,1,1,2,65,15/10/1959,1,02,6,2,2,01,9,9,3,1,999999,1,1,3653,10958
00,1024,1,11A232,15,40078,4,1,0,01,-,1,1,1,64,02/10/1960,1,02,6,2,5,01,7,5,3,1,001500,1, ,3653,0
00,1024,1,11A232,15,40078,1,1,0,03,-,1,6,2,71,24/05/1953,1,02,1,2,4,07, , , , , ,1, ,3653,0
00,1024,1,11A232,15,40078,4,1,0,02,-,1,2,2,58,08/02/1966,1,02,6,2,5,07, , , , , ,1, ,3653,0
00,1024,1,11A232,15,40078,2,1,0,02,-,1,2,2,58,15/08/1966,2,02,6,2,5,01,4,4,3,2,999999,1,1,3653,10958
00,1024,1,11A232,15,40081,1,1,0,07,-,1,5,1,06,26/12/2017,1,01,3,1, , , , , , , ,1, ,6997,0
00,1024,1,11A232,15,40081,4,1,0,01,-,1,1,2,30,11/01/1994,1,03,3,2,2,01,4,4,3,1,999999,1,1,6997,6997
00,1024,1,11A232,15,40081,3,1,0,01,-,1,1,2,98, ,1,02,6,2,1,07, , , , , ,1, ,6997,0
00,1024,1,11A232,15,40081,3,1,0,02,-,1,2,1,98, ,1,02,6,2,1,01,5,6,2,1,999999,1, ,6997,0
00,1024,1,11A232,15,40081,3,1,0,05,-,1,3,2,15,06/06/2009,1,03,3,1,6,06, , , , , ,1, ,6997,0
00,1024,1,11A232,15,40081,1,1,0,05,-,1,3,2,12,09/11/2011,1,02,6,1,6,06, , , , , ,1, ,6997,0
00,1024,1,11A232,15,40081,1,1,0,02,-,1,3,1,24,29/04/2000,1,04,3,2,1,01,2,5,3,2,999999,1, ,6997,0
00,1024,1,11A232,15,40081,3,1,0,07,-,1,5,1,01,15/07/2023, , , , , , , , , , , ,1, ,6997,0
00,1024,1,11A232,15,40081,4,1,0,02,-,1,3,2,14,05/02/2010,1,03,2,1,6,06, , , , , ,1, ,6997,0
00,1024,1,11A232,15,40081,1,1,0,03,-,1,2,2,55,15/08/1969,1,02,6,2,1,01,4,4,2,1,999999,1, ,6997,0
00,1024,1,11A232,15,40081,2,1,0,03,-,1,3,1,15,21/04/2009,1,03,2,1,6,06, , , , , ,1, ,6997,0
00,1024,1,11A232,15,40081,2,1,0,04,-,1,3,1,06,10/12/2017,2,01,3,1, , , , , , , ,1, ,6997,0
00,1024,1,11A232,15,40081,4,1,0,03,-,1,3,1,05,19/12/2018,2,00, ,1, , , , , , , ,1, ,6997,0
00,1024,1,11A232,15,40081,1,1,0,01,-,1,1,1,67,25/03/1957,1,02,6,2,1,01,9,9,2,1,002000,1,1,6997,34986
00,1024,1,11A232,15,40081,1,1,0,04,-,1,3,2,30,12/10/1994,2,03,3,2,2,01,4,4,2,1,999999,1, ,6997,0
00,1024,1,11A232,15,40081,1,1,0,06,-,1,5,1,09,07/05/2015,1,02,3,1, , , , , , , ,1, ,6997,0
00,1024,1,11A232,15,40081,1,1,0,08,-,1,3,2,26,14/09/1998,2,00, ,2,6,09, , , , , ,1, ,6997,0
00,1024,1,11A232,15,40081,2,1,0,01,-,1,1,1,41,24/06/1983,1,02,6,2,1,01,9,9,3,1,999999,1,1,6997,13994
00,1024,1,11A232,15,40081,2,1,0,02,-,1,2,2,50,18/07/1974,1,02,6,2,1,07, , , , , ,1, ,6997,0
00,1024,1,11A232,15,40081,3,1,0,04,-,1,3,1,19,21/04/2005,1,07,1,1,6,06, , , , , ,1, ,6997,0
00,1024,1,11A232,15,40081,3,1,0,06,-,1,3,2,21,04/07/2003,1,03,3,2,6,07, , , , , ,1,1,6997,34986
00,1024,1,11A232,15,40081,3,1,0,03,-,1,4,2,98, ,1,00, ,2,4,01,9,9,3,1,999999,1, ,6997,0
00,1024,1,11A232,15,40082,1,1,0,02,-,1,2,2,31,03/08/1993,1,04,3,2,1,01,4,4,2,1,002000,1,1,7079,21698
00,1024,1,11A232,15,40082,1,1,0,06,-,1,3,1,04,02/06/2020, , , , , , , , , , , ,1, ,7079,0
00,1024,1,11A232,15,40082,3,1,0,01,-,1,1,1,38,08/04/1986,1,04,3,2,6,01,2,7,3,2,004000,1,1,7079,7233
00,1024,1,11A232,15,40082,1,1,0,03,-,1,4,2,49,25/07/1975,1,03,3,2,4,01,5,9,3,1,002000,1, ,7079,0
00,1024,1,11A232,15,40082,4,1,0,01,-,1,1,1,60,21/04/1964,1,03,3,2,5,01,5,6,2,1,002500,1, ,7079,0
00,1024,1,11A232,15,40082,1,1,0,05,-,1,7,2,07,19/10/2017,1,02,1,1, , , , , , , ,1, ,7079,0
00,1024,1,11A232,15,40082,1,1,0,04,-,1,3,1,12,11/06/2012,1,02,6,1,6,06, , , , , ,1, ,7079,0
00,1024,1,11A232,15,40082,4,1,0,03,-,1,3,2,23,21/12/2000,1,08,1,2,6,01,9,5,3,1,001450,1, ,7079,0
00,1024,1,11A232,15,40082,4,1,0,02,-,1,2,2,56,20/12/1967,1,02,6,2,5,01,4,4,2,3,002500,1,1,7079,21698
00,1024,1,11A232,15,40082,1,1,0,01,-,1,1,1,35,24/10/1989,1,04,3,2,1,01,5,6,3,1,001600,1, ,7079,0
00,1024,1,11A232,15,40085,3,1,0,02,-,1,2,2,40,30/04/1984,1,07,1,2,5,01,2,5,2,3,007000,1, ,6744,0
00,1024,1,11A232,15,40085,1,1,0,01,-,1,1,2,57,23/03/1967,1,03,3,2,4,01,4,4,2,1,001500,1,1,6744,6890
00,1024,1,11A232,15,40085,3,1,0,05,-,1,3,1,02,29/08/2022, , , , , , , , , , , ,1, ,6744,0
00,1024,1,11A232,15,40085,3,1,0,03,-,1,3,2,10,16/01/2014,1,02,4,1, , , , , , , ,1, ,6744,0
00,1024,1,11A232,15,40085,3,1,0,04,-,1,3,2,05,12/08/2019,1,01,2,1, , , , , , , ,1, ,6744,0
00,1024,1,11A232,15,40085,3,1,0,01,-,1,1,1,43,01/06/1981,1,04,3,2,5,01,7,2,3,3,010000,1,1,6744,13780
00,1024,1,11A232,15,40085,4,1,0,01,-,1,1,1,56,16/07/1968,1,03,3,2,2,01,4,4,2,1,003000,1,1,6744,6890
00,1024,1,11A232,15,40087,1,1,0,01,-,1,1,2,79,03/02/1945,1,03,3,2,3,01,1,5,2,1,009999,1,1,9134,9332
00,1024,1,11A232,15,40087,2,1,0,03,-,1,3,2,25,09/03/1999,1,07,4,1,6,01,4,4,2,1,999999,1,1,9134,27995
00,1024,1,11A232,15,40087,2,1,0,02,-,1,4,1,87,04/06/1937,1,00, ,2,4,10, , , , , ,1, ,9134,0
00,1024,1,11A232,15,40087,2,1,0,01,-,1,1,2,50,25/12/1973,1,04,3,2,3,01,4,4,2,1,999999,1, ,9134,0
00,1024,1,11A232,15,40087,3,1,0,01,-,1,1,2,54,28/01/1970,1,03,3,2,4,07, , , , , ,1,1,9134,9332
00,1024,1,11A232,15,40087,4,1,0,01,-,1,1,1,50,17/07/1974,1,09,5,2,6,01,2,5,3,2,999999,1,1,9134,9332
00,1024,1,11A232,15,40091,2,1,0,04,-,1,5,2,09,22/12/2014,1,02,4,1, , , , , , , ,1, ,7458,0
00,1024,1,11A232,15,40091,2,1,0,02,-,1,3,2,29,26/03/1995,1,03,3,2,6,01,4,5,3,1,001800,1, ,7458,0
00,1024,1,11A232,15,40091,4,1,0,01,-,1,1,1,30,06/06/1994,1,04,3,2,5,01,1,5,3,1,999999,1, ,7458,0
00,1024,1,11A232,15,40091,2,1,0,01,-,1,1,1,56,04/03/1968,1,03,3,2,5,01,2,5,1,1,002400,1, ,7458,0
00,1024,1,11A232,15,40091,3,1,0,01,-,1,1,2,53,09/06/1971,1,04,2,2,2,01,9,9,4,1,000600,1,1,7458,15239
00,1024,1,11A232,15,40091,2,1,0,06,-,1,2,2,50,12/03/1974,1,02,6,2,5,07, , , , , ,1, ,7458,0
00,1024,1,11A232,15,40091,1,1,0,02,-,1,3,2,24,04/07/2000,1,04,3,2,6,01,4,5,3,1,001200,1,1,7458,15239
00,1024,1,11A232,15,40091,2,1,0,07,-,1,7,1,94,13/10/1930,2,00, ,2,4,10, , , , , ,1,1,7458,30479
00,1024,1,11A232,15,40091,2,1,0,03,-,1,3,1,17,04/07/2007,1,03,3,2,6,10, , , , , ,1, ,7458,0
00,1024,1,11A232,15,40091,3,1,0,02,-,1,2,2,21,26/11/2002,1,07,2,1,6,01,9,9,2,1,000600,1, ,7458,0
00,1024,1,11A232,15,40091,1,1,0,01,-,1,1,2,56,01/02/1968,1,03,3,2,4,01,4,5,2,1,000800,1, ,7458,0
00,1024,1,11A232,15,40091,4,1,0,03,-,1,3,1,04,10/06/2020, , , , , , , , , , , ,1, ,7458,0
00,1024,1,11A232,15,40091,4,1,0,02,-,1,2,2,24,17/04/2000,1,04,3,2,5,07, , , , , ,1,1,7458,15239
00,1024,1,11A232,15,40091,2,1,0,05,-,1,5,2,11,27/09/2013,1,02,5,1, , , , , , , ,1, ,7458,0
00,1024,1,11A232,15,40094,3,1,0,01,-,1,1,1,25,10/07/1999,1,04,1,1,6,01,3,5,3,2,004500,1,1,7996,16338
00,1024,1,11A232,15,40094,1,1,0,03,-,1,5,1,32,16/10/1992,1,07,5,2,6,04, , , , , ,1, ,7996,0
00,1024,1,11A232,15,40094,2,1,0,01,-,1,1,1,36,11/10/1988,1,06,3,2,5,01,5,6,2,1,003000,1,1,7996,16338
00,1024,1,11A232,15,40094,2,1,0,04,-,1,3,2,06,05/10/2018,1,01,3,1, , , , , , , ,1, ,7996,0
00,1024,1,11A232,15,40094,1,1,0,02,-,1,3,1,43,11/08/1981,1,07,5,2,6,01,1,5,3,2,999999,1, ,7996,0
00,1024,1,11A232,15,40094,1,1,0,01,-,1,1,2,67,27/04/1957,1,07,2,1,4,01,2,5,3,3,010000,1,1,7996,24507
00,1024,1,11A232,15,40094,3,1,0,02,-,1,4,2,65,05/09/1959,1,02,6,2,4,07, , , , , ,1, ,7996,0
00,1024,1,11A232,15,40094,4,1,0,02,-,1,2,2,69,20/02/1955,1,02,3,2,5,07, , , , , ,1, ,7996,0
00,1024,1,11A232,15,40094,4,1,0,01,-,1,1,1,75,28/08/1949,1,02,3,2,5,08, , , , , ,1,1,7996,16338
00,1024,1,11A232,15,40094,2,1,0,02,-,1,2,2,42,03/09/1982,1,02,3,2,5,01,9,9,3,1,001500,1, ,7996,0
00,1024,1,11A232,15,40094,2,1,0,03,-,1,3,1,14,28/06/2010,1,03,2,1,6,06, , , , , ,1, ,7996,0
00,1024,1,11A232,15,40095,3,1,0,01,-,1,1,1,70,27/03/1954,1,00, ,2,2,01,9,9,3,3,004980,1,1,7828,7998
00,1024,1,11A232,15,40095,4,1,0,02,-,1,2,2,31,21/11/1992,1,04,3,2,1,01,5,5,3,2,999999,1, ,7828,0
00,1024,1,11A232,15,40095,4,1,0,01,-,1,1,1,49,08/04/1975,1,03,3,2,1,01,3,5,3,2,999999,1,1,7828,15995
00,1024,1,11A232,15,40095,4,1,0,03,-,1,3,2,09,15/10/2015,1,02,3,1, , , , , , , ,1, ,7828,0
00,1024,1,11A232,15,40095,2,1,0,02,-,1,2,2,65,08/11/1958,1,02,6,2,5,07, , , , , ,1,1,7828,15995
00,1024,1,11A232,15,40095,2,1,0,01,-,1,1,1,78,23/07/1946,1,03,1,2,5,01,9,4,5,1,000200,1, ,7828,0
00,1024,1,11A232,15,40098,3,1,0,01,-,1,1,2,27,04/04/1997,1,04,3,2,1,01,4,4,3,1,002000,1, ,8060,0
00,1024,1,11A232,15,40098,2,1,0,02,-,1,3,2,57,10/05/1967,2,03,3,2,2,01,2,5,3,2,002700,1, ,8060,0
00,1024,1,11A232,15,40098,3,1,0,04,-,1,3,1,07,17/07/2017,2,02,1,1, , , , , , , ,1, ,8060,0
00,1024,1,11A232,15,40098,3,1,0,02,-,1,2,1,30,22/09/1994,1,04,3,2,1,01,5,5,3,1,003000,1,1,8060,16469
00,1024,1,11A232,15,40098,3,1,0,03,-,1,3,2,09,10/02/2015,1,02,3,1, , , , , , , ,1, ,8060,0
00,1024,1,11A232,15,40098,1,1,0,01,-,1,1,2,53,21/01/1971,1,04,3,2,3,01,4,4,2,1,001500,1,1,8060,16469
00,1024,1,11A232,15,40098,4,1,0,01,-,1,1,1,62,04/02/1962,1,03,3,2,6,01,7,2,3,1,999999,1,1,8060,8235
00,1024,1,11A232,15,40098,2,1,0,01,-,1,1,2,85,04/07/1939,1,02,6,2,4,07, , , , , ,1,1,8060,16469
00,1024,1,11A232,15,40098,1,1,0,02,-,1,3,2,25,01/11/1999,1,07,5,2,6,04, , , , , ,1, ,8060,0
00,1024,1,11A232,15,40100,1,1,0,01,-,1,1,1,32,12/01/1992,1,07,3,2,5,01,5,5,3,1,003000,1, ,7832,0
00,1024,1,11A232,15,40100,2,1,0,01,-,1,1,1,40,02/05/1984,1,03,3,2,5,01,5,5,3,2,004000,1,1,7832,16003
00,1024,1,11A232,15,40100,4,1,0,01,-,1,1,2,63,08/04/1961,1,02,2,2,5,07, , , , , ,1, ,7832,0
00,1024,1,11A232,15,40100,4,1,0,02,-,1,2,1,66,30/01/1958,2,00, ,2,5,01,7,5,4,1,001700,1,1,7832,16003
00,1024,1,11A232,15,40100,1,1,0,02,-,1,2,2,31,25/01/1993,1,03,3,2,5,07, , , , , ,1,1,7832,16003
00,1024,1,11A232,15,40100,1,1,0,03,-,1,3,1,12,29/09/2012,1,02,6,1,6,06, , , , , ,1, ,7832,0
00,1024,1,11A232,15,40100,2,1,0,03,-,1,3,2,12,10/10/2012,1,02,6,1,6,06, , , , , ,1, ,7832,0
00,1024,1,11A232,15,40100,1,1,0,04,-,1,3,2,06,04/05/2018,1,01,3,1, , , , , , , ,1, ,7832,0
00,1024,1,11A232,15,40100,2,1,0,02,-,1,2,2,43,11/05/1981,1,07,3,2,5,07, , , , , ,1, ,7832,0
00,1024,1,11A232,15,40100,1,1,0,05,-,1,3,1,03,11/01/2021, , , , , , , , , , , ,1, ,7832,0
00,1024,1,11A232,15,40104,4,1,0,05,-,1,3,1,02,10/10/2022, , , , , , , , , , , ,1, ,9040,0
00,1024,1,11A232,15,40104,4,1,0,02,-,1,2,2,32,29/03/1992,1,04,3,2,1,07, , , , , ,1, ,9040,0
00,1024,1,11A232,15,40104,4,1,0,01,-,1,1,1,35,15/07/1989,1,04,3,2,1,01,5,6,2,1,003000,1,1,9040,18472
00,1024,1,11A232,15,40104,1,1,0,04,-,1,3,1,30,18/02/1994,1,07,4,2,6,01,9,9,3,1,002000,1, ,9040,0
00,1024,1,11A232,15,40104,4,1,0,04,-,1,3,2,04,20/06/2020, , , , , , , , , , , ,1, ,9040,0
00,1024,1,11A232,15,40104,1,1,0,03,-,1,3,1,33,01/10/1991,1,04,3,2,6,01,5,6,3,1,002500,1, ,9040,0
00,1024,1,11A232,15,40104,4,1,0,03,-,1,3,2,10,14/12/2013,1,02,5,1, , , , , , , ,1, ,9040,0
00,1024,1,11A232,15,40104,1,1,0,01,-,1,1,1,64,12/06/1960,1,03,2,2,5,08, , , , , ,1,1,9040,36944
00,1024,1,11A232,15,40104,3,1,0,03,-,1,3,2,04,10/02/2020, , , , , , , , , , , ,1, ,9040,0
00,1024,1,11A232,15,40104,3,1,0,02,-,1,3,2,10,01/09/2014,1,02,4,1, , , , , , , ,1, ,9040,0
00,1024,1,11A232,15,40104,1,1,0,02,-,1,2,2,62,30/06/1962,1,03,3,2,5,07, , , , , ,1, ,9040,0
00,1024,1,11A232,15,40104,2,1,0,01,-,1,1,2,66,14/11/1957,1,02,4,2,5,01,4,4,2,1,004000,1, ,9040,0
00,1024,1,11A232,15,40104,3,1,0,01,-,1,1,2,33,06/12/1990,1,03,3,2,6,01,7,2,3,1,001800,1,1,9040,9236
00,1024,1,11A232,15,40104,2,1,0,02,-,1,3,2,42,30/09/1982,1,03,3,2,1,01,9,2,3,2,001200,1, ,9040,0
00,1024,1,11A232,15,40104,2,1,0,04,-,1,3,1,40,06/09/1984,1,03,3,2,1,01,5,6,3,1,003500,1,1,9040,36944
00,1024,1,11A232,15,40104,2,1,0,03,-,1,3,2,37,07/03/1987,1,03,3,2,1,07, , , , , ,1, ,9040,0
00,1024,1,11A232,15,40107,4,1,0,01,-,1,1,2,74,06/05/1950,1,02,4,2,4,07, , , , , ,1,1,5988,6118
00,1024,1,11A232,15,40107,1,1,0,03,-,1,3,2,23,02/02/2001,1,07,1,1,6,07, , , , , ,1, ,5988,0
00,1024,1,11A232,15,40107,1,1,0,01,-,1,1,1,49,16/12/1974,1,03,3,2,5,01,4,4,2,1,003000,1, ,5988,0
00,1024,1,11A232,15,40107,3,1,0,01,-,1,1,1,51,26/01/1973,1,07,5,2,5,01,2,5,3,3,017000,1, ,5988,0
00,1024,1,11A232,15,40107,3,1,0,02,-,1,2,2,52,06/09/1972,2,03,3,2,5,07, , , , , ,1, ,5988,0
00,1024,1,11A232,15,40107,2,1,0,01,-,1,1,1,45,09/11/1978,1,03,3,2,6,01,9,9,2,1,003000,1, ,5988,0
00,1024,1,11A232,15,40107,1,1,0,02,-,1,2,2,39,12/06/1985,1,07,2,1,2,07, , , , , ,1,1,5988,24470
00,1024,1,11A232,15,40107,2,1,0,03,-,1,6,2,33,19/01/1991,1,03,3,2,2,07, , , , , ,1, ,5988,0
00,1024,1,11A232,15,40107,3,1,0,03,-,1,3,2,22,27/06/2002,1,07,4,1,6,06, , , , , ,1,1,5988,18353
00,1024,1,11A232,15,40107,1,1,0,04,-,1,3,2,15,03/11/2009,1,03,3,1,6,06, , , , , ,1, ,5988,0
00,1024,1,11A232,15,40107,2,1,0,02,-,1,3,1,21,10/08/2003,1,04,3,1,6,01,9,9,2,1,001500,1,1,5988,18353
00,1024,1,11A232,15,40107,1,1,0,05,-,1,4,1,76,10/02/1948,1,02,6,2,4,08, , , , , ,1, ,5988,0
00,1024,1,11A232,15,40108,4,1,0,02,-,1,2,2,75,20/11/1948,2,02,1,2,5,07, , , , , ,1, ,7668,0
00,1024,1,11A232,15,40108,2,1,0,05,-,1,3,2,12,01/02/2012,1,02,6,1,6,06, , , , , ,1, ,7668,0
00,1024,1,11A232,15,40108,2,1,0,02,-,1,2,2,48,08/10/1976,1,03,3,2,5,07, , , , , ,1,1,7668,31335
00,1024,1,11A232,15,40108,4,1,0,01,-,1,1,1,74,23/02/1950,1,02,3,2,5,08, , , , , ,1,1,7668,15667
00,1024,1,11A232,15,40108,2,1,0,03,-,1,7,2,66,30/08/1958,2,00, ,2,6,09, , , , , ,1, ,7668,0
00,1024,1,11A232,15,40108,2,1,0,04,-,1,3,2,19,15/07/2005,1,04,3,2,6,07, , , , , ,1, ,7668,0
00,1024,1,11A232,15,40108,3,1,0,01,-,1,1,2,36,14/07/1988,1,03,3,2,6,01,4,4,3,1,002000,1,1,7668,7834
00,1024,1,11A232,15,40108,2,1,0,01,-,1,1,1,53,23/10/1971,1,03,3,2,5,01,9,9,3,1,002000,1, ,7668,0
00,1024,1,11A232,15,40111,4,1,0,03,-,1,3,1,22,06/06/2002,1,04,3,2,6,01,3,5,3,1,003600,1, ,8124,0
00,1024,1,11A232,15,40111,2,1,0,02,-,1,7,1,71,20/01/1953,1,03,3,2,4,01,4,5,2,1,001200,1, ,8124,0
00,1024,1,11A232,15,40111,4,1,0,02,-,1,2,1,57,15/06/1967,1,04,3,2,5,01,3,5,3,2,008500,1,1,8124,24901
00,1024,1,11A232,15,40111,3,1,0,02,-,1,2,1,67,13/08/1957,1,02,6,2,1,01,7,3,3,1,001200,1, ,8124,0
00,1024,1,11A232,15,40111,4,1,0,01,-,1,1,2,50,01/01/1974,1,03,3,2,5,07, , , , , ,1, ,8124,0
00,1024,1,11A232,15,40111,2,1,0,01,-,1,1,2,50,08/09/1974,1,03,3,2,1,01,9,9,9,1,000600,1, ,8124,0
00,1024,1,11A232,15,40111,2,1,0,03,-,1,3,2,19,12/05/2005,1,04,2,1,6,06, , , , , ,1,1,8124,24901
00,1024,1,11A232,15,40111,2,1,0,04,-,1,3,2,13,17/09/2011,1,02,6,1,6,06, , , , , ,1, ,8124,0
00,1024,1,11A232,15,40111,3,1,0,01,-,1,1,2,58,02/10/1966,1,03,3,2,1,01,4,5,3,1,001000,1,1,8124,16601
00,1024,1,11A232,15,40113,4,1,0,01,-,1,1,2,62,03/07/1962,1,03,3,2,4,01,7,2,5,1,001200,1, ,8859,0
00,1024,1,11A232,15,40113,4,1,0,02,-,1,3,1,20,15/12/2003,1,04,3,1,6,06, , , , , ,1,1,8859,18101
00,1024,1,11A232,15,40113,1,1,0,03,-,1,3,1,19,26/07/2005,1,07,1,1,6,06, , , , , ,1, ,8859,0
00,1024,1,11A232,15,40113,1,1,0,02,-,1,2,2,45,31/05/1979,1,04,3,2,5,07, , , , , ,1,1,8859,27152
00,1024,1,11A232,15,40113,1,1,0,04,-,1,3,2,16,13/12/2007,1,04,1,1,6,06, , , , , ,1, ,8859,0
00,1024,1,11A232,15,40113,2,1,0,01,-,1,1,2,75,17/11/1948,1,03,3,2,3,07, , , , , ,1,1,8859,9051
00,1024,1,11A232,15,40113,1,1,0,01,-,1,1,1,45,01/12/1978,1,07,2,2,5,01,3,5,3,2,015000,1, ,8859,0
00,1024,1,11A232,15,40117,1,1,0,01,-,1,1,2,32,12/05/1992,1,03,3,2,2,01,4,4,2,1,003000,1,1,7897,8068
00,1024,1,11A232,15,40117,2,1,0,02,-,1,3,1,30,05/06/1994,1,07,5,1,6,01,2,5,3,1,999999,1, ,7897,0
00,1024,1,11A232,15,40117,1,1,0,02,-,1,3,1,04,28/08/2020, , , , , , , , , , , ,1, ,7897,0
00,1024,1,11A232,15,40117,3,1,0,04,-,1,5,1,00,25/03/2024, , , , , , , , , , , ,1, ,7897,0
00,1024,1,11A232,15,40117,3,1,0,03,-,1,3,2,21,27/01/2003,1,04,3,2,1,07, , , , , ,1, ,7897,0
00,1024,1,11A232,15,40117,3,1,0,06,-,1,3,2,15,18/04/2009,1,03,3,1,6,06, , , , , ,1, ,7897,0
00,1024,1,11A232,15,40117,4,1,0,01,-,1,1,1,52,20/05/1972,1,07,5,2,1,01,7,5,1,1,005000,1, ,7897,0
00,1024,1,11A232,15,40117,4,1,0,03,-,1,3,1,19,09/01/2005,1,04,3,1,6,06, , , , , ,1,1,7897,24204
00,1024,1,11A232,15,40117,2,1,0,01,-,1,1,2,52,25/02/1972,1,07,5,1,3,01,2,5,3,2,012500,1,1,7897,16136
00,1024,1,11A232,15,40117,4,1,0,02,-,1,2,2,44,23/02/1980,1,04,3,2,1,07, , , , , ,1, ,7897,0
00,1024,1,11A232,15,40117,4,1,0,05,-,1,3,1,13,27/04/2011,1,03,1,1,6,06, , , , , ,1, ,7897,0
00,1024,1,11A232,15,40117,3,1,0,01,-,1,1,1,51,07/08/1973,1,07,5,2,5,01,1,6,3,2,012000,1, ,7897,0
00,1024,1,11A232,15,40117,3,1,0,05,-,1,3,2,20,14/10/2004,1,07,1,1,6,06, , , , , ,1,1,7897,32272
00,1024,1,11A232,15,40117,3,1,0,02,-,1,2,2,46,23/05/1978,1,02,3,2,5,07, , , , , ,1, ,7897,0
00,1024,1,11A232,15,40117,3,1,0,07,-,1,3,2,09,27/06/2015,1,02,3,1, , , , , , , ,1, ,7897,0
00,1024,1,11A232,15,40117,4,1,0,04,-,1,3,1,17,04/10/2007,1,04,2,1,6,06, , , , , ,1, ,7897,0
00,1024,1,12A232,15,40120,4,1,0,01,-,1,1,1,78,10/08/1946,1,02,6,2,5,07, , , , , ,1, ,6636,0
00,1024,1,12A232,15,40120,3,1,0,02,-,1,4,2,70,06/10/1954,1,02,6,2,2,07, , , , , ,1, ,6636,0
00,1024,1,12A232,15,40120,3,1,0,03,-,1,7,2,08,20/01/2016,1,02,2,1, , , , , , , ,1, ,6636,0
00,1024,1,12A232,15,40120,4,1,0,05,-,1,5,1,10,11/04/2014,1,02,4,1, , , , , , , ,1, ,6636,0
00,1024,1,12A232,15,40120,2,1,0,01,-,1,1,1,51,10/11/1972,1,03,1,2,2,01,9,5,2,1,001500,1,1,6636,6823
00,1024,1,12A232,15,40120,1,1,0,03,-,1,5,2,30,13/07/1994,1,07,3,2,6,01,4,4,2,1,999999,1, ,6636,0
00,1024,1,12A232,15,40120,3,1,0,01,-,1,1,1,42,14/07/1982,1,06,3,2,6,01,1,5,2,2,002500,1,1,6636,13645
00,1024,1,12A232,15,40120,1,1,0,01,-,1,1,1,61,18/12/1962,1,03,3,2,1,01,4,4,3,1,999999,1,1,6636,20468
00,1024,1,12A232,15,40120,4,1,0,04,-,1,5,1,40,07/08/1984,1,03,3,2,5,01,4,4,2,2,005000,1, ,6636,0
00,1024,1,12A232,15,40120,4,1,0,02,-,1,2,2,65,18/03/1959,1,02,6,2,5,07, , , , , ,1,1,6636,27290
00,1024,1,12A232,15,40120,4,1,0,03,-,1,3,2,44,24/08/1980,1,04,3,2,5,01,4,4,2,2,005000,1, ,6636,0
00,1024,1,12A232,15,40120,1,1,0,04,-,1,5,2,09,15/02/2015,1,02,3,1, , , , , , , ,1, ,6636,0
00,1024,1,12A232,15,40120,1,1,0,02,-,1,2,2,56,29/08/1968,1,04,3,2,1,07, , , , , ,1, ,6636,0
00,1024,1,12A232,15,40120,3,1,0,04,-,1,7,1,10,20/10/2014,1,02,5,1, , , , , , , ,1, ,6636,0
00,1024,1,12A232,15,40121,1,1,0,01,-,1,1,1,37,09/06/1987,1,04,3,2,6,01,4,5,3,1,001300,1,1,9507,9773
00,1024,1,12A232,15,40121,4,1,0,06,-,1,3,1,00,14/11/2023, , , , , , , , , , , ,1, ,9507,0
00,1024,1,12A232,15,40121,4,1,0,01,-,1,1,1,38,01/06/1986,1,04,1,2,1,01,4,4,2,1,004000,1,1,9507,19546
00,1024,1,12A232,15,40121,3,1,0,05,-,1,3,1,04,19/12/2019, , , , , , , , , , , ,1, ,9507,0
00,1024,1,12A232,15,40121,3,1,0,04,-,1,3,1,15,06/05/2009,1,03,3,1,6,06, , , , , ,1, ,9507,0
00,1024,1,12A232,15,40121,3,1,0,02,-,1,2,1,40,25/03/1984,1,07,3,2,1,01,3,5,3,3,023000,1,1,9507,19546
00,1024,1,12A232,15,40121,3,1,0,03,-,1,3,2,17,13/12/2006,1,04,3,1,6,06, , , , , ,1, ,9507,0
00,1024,1,12A232,15,40121,4,1,0,03,-,1,3,2,16,21/03/2008,1,03,2,1,6,06, , , , , ,1, ,9507,0
00,1024,1,12A232,15,40121,3,1,0,01,-,1,1,2,37,23/12/1986,1,04,3,2,1,01,3,5,3,2,007000,1, ,9507,0
00,1024,1,12A232,15,40121,4,1,0,05,-,1,3,2,09,14/10/2015,1,02,2,1, , , , , , , ,1, ,9507,0
00,1024,1,12A232,15,40121,4,1,0,04,-,1,3,2,15,11/04/2009,1,03,2,1,6,06, , , , , ,1, ,9507,0
00,1024,1,12A232,15,40121,4,1,0,02,-,1,2,2,38,17/07/1986,1,03,3,2,1,07, , , , , ,1, ,9507,0
00,1024,1,12A232,15,40124,4,1,0,02,-,1,2,2,54,13/10/1970,1,04,3,2,5,07, , , , , ,1, ,8388,0
00,1024,1,12A232,15,40124,2,1,0,04,-,1,3,2,08,02/11/2016,1,02,2,1, , , , , , , ,1, ,8388,0
00,1024,1,12A232,15,40124,2,1,0,03,-,1,3,2,04,31/10/2020, , , , , , , , , , , ,1, ,8388,0
00,1024,1,12A232,15,40124,4,1,0,01,-,1,1,1,48,08/03/1976,1,04,3,2,5,01,7,2,3,1,999999,1, ,8388,0
00,1024,1,12A232,15,40124,3,1,0,01,-,1,1,1,31,31/03/1993,1,04,3,2,5,01,5,5,3,2,006000,1, ,8388,0
00,1024,1,12A232,15,40124,2,1,0,01,-,1,1,1,39,04/08/1985,1,07,5,2,5,01,1,5,3,3,030000,1,1,8388,17246
00,1024,1,12A232,15,40124,3,1,0,04,-,1,3,2,07,17/06/2017,1,02,1,1, , , , , , , ,1, ,8388,0
00,1024,1,12A232,15,40124,3,1,0,02,-,1,2,2,30,10/05/1994,1,03,3,2,5,07, , , , , ,1,1,8388,17246
00,1024,1,12A232,15,40124,3,1,0,03,-,1,3,1,10,29/06/2014,1,02,4,1, , , , , , , ,1, ,8388,0
00,1024,1,12A232,15,40124,1,1,0,02,-,1,2,1,56,21/02/1968,1,04,3,2,1,01,4,4,3,1,999999,1, ,8388,0
00,1024,1,12A232,15,40124,1,1,0,03,-,1,3,2,31,04/09/1993,1,04,3,2,6,01,4,4,3,1,999999,1,1,8388,25869
00,1024,1,12A232,15,40124,1,1,0,01,-,1,1,2,54,25/09/1970,1,04,1,2,1,01,4,4,2,1,006000,1, ,8388,0
00,1024,1,12A232,15,40124,2,1,0,02,-,1,2,2,39,05/05/1985,1,04,3,2,5,07, , , , , ,1, ,8388,0
00,1024,1,12A232,15,40124,4,1,0,03,-,1,3,2,21,04/11/2003,1,07,2,1,6,06, , , , , ,1,1,8388,25869
00,1024,1,12A232,15,40124,4,1,0,04,-,1,3,1,17,13/03/2007,1,04,2,1,6,06, , , , , ,1, ,8388,0
00,1024,1,12A232,15,40126,1,1,0,02,-,1,2,2,46,14/02/1978,1,03,3,2,5,01,2,5,3,1,999999,1, ,9050,0
00,1024,1,12A232,15,40126,3,1,0,01,-,1,1,2,74,31/03/1950,1,03,2,2,4,07, , , , , ,1,1,9050,9304
00,1024,1,12A232,15,40126,1,1,0,01,-,1,1,1,55,23/11/1968,1,03,2,2,5,01,4,4,3,1,999999,1, ,9050,0
00,1024,1,12A232,15,40126,1,1,0,03,-,1,3,1,19,29/11/2004,1,04,2,2,6,01,7,2,3,3,008000,1,1,9050,27911
00,1024,1,12A232,15,40126,4,1,0,01,-,1,1,1,39,12/03/1985,1,04,3,2,6,01,5,6,2,1,005000,1,1,9050,9304
00,1024,1,12A232,15,40130,4,1,0,01,-,1,1,2,56,06/10/1968,1,04,3,2,5,01,2,5,3,1,002000,1,1,5383,22137
00,1024,1,12A232,15,40130,2,1,0,02,-,1,3,2,23,01/12/2000,1,03,3,2,6,01,1,5,3,1,000900,1, ,5383,0
00,1024,1,12A232,15,40130,4,1,0,04,-,1,3,2,22,08/11/2001,1,07,2,1,6,06, , , , , ,1, ,5383,0
00,1024,1,12A232,15,40130,4,1,0,03,-,1,3,2,31,14/06/1993,1,07,4,2,6,01,2,5,4,1,009999,1, ,5383,0
00,1024,1,12A232,15,40130,2,1,0,04,-,1,3,2,22,16/04/2002,1,04,1,2,6,01,4,5,5,1,999999,1, ,5383,0
00,1024,1,12A232,15,40130,2,1,0,01,-,1,1,1,62,14/05/1962,1,03,2,2,4,08, , , , , ,1,1,5383,22137
00,1024,1,12A232,15,40130,2,1,0,03,-,1,3,2,22,16/04/2002,1,04,1,2,6,01,1,4,3,1,000900,1, ,5383,0
00,1024,1,12A232,15,40130,1,1,0,01,-,1,1,1,50,29/04/1974,1,04,2,2,1,01,5,6,3,1,999999,1, ,5383,0
00,1024,1,12A232,15,40130,4,1,0,02,-,1,2,1,68,09/02/1956,1,04,2,2,5,01,7,5,3,1,001500,1, ,5383,0
00,1024,1,12A232,15,40130,1,1,0,02,-,1,2,2,41,21/01/1983,1,04,3,2,1,01,5,6,3,1,999999,1,1,5383,11069
00,1024,1,12A232,15,40130,4,1,0,05,-,1,5,2,04,26/12/2019, , , , , , , , , , , ,1, ,5383,0
00,1024,1,12A232,15,40133,2,1,0,02,-,1,2,2,36,08/02/1988,1,07,4,2,5,07, , , , , ,1, ,7947,0
00,1024,1,12A232,15,40133,2,1,0,03,-,1,3,2,10,21/12/2013,1,02,5,1, , , , , , , ,1, ,7947,0
00,1024,1,12A232,15,40133,2,1,0,01,-,1,1,1,36,02/06/1988,1,07,4,2,5,01,3,2,3,1,003200,1,1,7947,16341
00,1024,1,12A232,15,40133,3,1,0,04,-,1,3,2,20,24/04/2004,1,07,2,1,6,06, , , , , ,1, ,7947,0
00,1024,1,12A232,15,40133,3,1,0,03,-,1,3,2,26,26/09/1998,1,07,4,2,6,01,1,5,3,2,004000,1, ,7947,0
00,1024,1,12A232,15,40133,1,1,0,03,-,1,3,1,03,18/11/2020, , , , , , , , , , , ,1, ,7947,0
00,1024,1,12A232,15,40133,1,1,0,01,-,1,1,1,35,25/10/1989,1,07,5,2,5,01,1,5,2,3,030000,1, ,7947,0
00,1024,1,12A232,15,40133,1,1,0,02,-,1,2,2,35,09/11/1988,1,07,4,2,5,01,3,5,3,2,007500,1,1,7947,16341
00,1024,1,12A232,15,40133,2,1,0,04,-,1,3,2,07,27/08/2017,1,02,1,1, , , , , , , ,1, ,7947,0
00,1024,1,12A232,15,40133,3,1,0,01,-,1,1,1,56,25/05/1968,1,07,4,1,5,01,2,7,3,2,006000,1, ,7947,0
00,1024,1,12A232,15,40133,3,1,0,02,-,1,2,2,51,24/06/1973,1,04,3,2,5,07, , , , , ,1,1,7947,32682
00,1024,1,12A232,15,40133,4,1,0,01,-,1,1,2,68,14/02/1956,1,02,6,2,4,08, , , , , ,1,1,7947,8170
00,1024,1,12A232,15,40134,2,1,0,01,-,1,1,2,33,02/03/1991,1,06,3,2,6,01,4,4,3,2,003500,1,1,8296,8528
00,1024,1,12A232,15,40134,1,1,0,03,-,1,3,1,31,30/06/1993,1,03,3,2,6,01,7,2,3,1,999999,1,1,8296,25585
00,1024,1,12A232,15,40134,3,1,0,03,-,1,3,1,24,01/10/2000,1,07,3,2,6,01,5,5,3,1,002700,1, ,8296,0
00,1024,1,12A232,15,40134,4,1,0,04,-,1,5,2,45,28/08/1979,1,07,3,2,5,01,4,4,2,1,003000,1,1,8296,42641
00,1024,1,12A232,15,40134,4,1,0,01,-,1,1,1,67,16/09/1957,1,02,6,2,5,08, , , , , ,1, ,8296,0
00,1024,1,12A232,15,40134,3,1,0,01,-,1,1,1,65,30/11/1958,2,00, ,2,5,01,5,5,3,1,999999,1,1,8296,25585
00,1024,1,12A232,15,40134,2,1,0,02,-,1,3,2,13,27/07/2011,1,03,1,1,6,06, , , , , ,1, ,8296,0
00,1024,1,12A232,15,40134,2,1,0,03,-,1,3,1,05,20/05/2019,1,01,2,1, , , , , , , ,1, ,8296,0
00,1024,1,12A232,15,40134,1,1,0,01,-,1,1,1,63,22/10/1961,1,02,3,2,5,01,2,5,3,2,006000,1, ,8296,0
00,1024,1,12A232,15,40134,4,1,0,07,-,1,5,2,00,03/03/2024, , , , , , , , , , , ,1, ,8296,0
00,1024,1,12A232,15,40134,4,1,0,05,-,1,5,2,27,01/01/1997,1,07,2,1,1,01,4,4,2,1,003000,1, ,8296,0
00,1024,1,12A232,15,40134,1,1,0,02,-,1,2,2,53,10/03/1971,1,02,5,2,5,07, , , , , ,1, ,8296,0
00,1024,1,12A232,15,40134,4,1,0,02,-,1,2,2,66,05/09/1958,1,02,6,2,5,10, , , , , ,1, ,8296,0
00,1024,1,12A232,15,40134,3,1,0,02,-,1,2,2,51,12/02/1973,1,07,4,2,5,07, , , , , ,1, ,8296,0
00,1024,1,12A232,15,40134,4,1,0,06,-,1,5,2,17,05/09/2007,1,07,2,1,6,06, , , , , ,1, ,8296,0
00,1024,1,12A232,15,40134,4,1,0,03,-,1,3,1,45,29/05/1979,1,04,3,2,5,01,2,5,3,2,005000,1, ,8296,0
00,1024,1,12A232,15,40134,1,1,0,04,-,1,3,2,15,29/08/2009,1,03,1,1,6,06, , , , , ,1, ,8296,0
00,1024,1,12A232,15,40134,3,1,0,04,-,1,7,2,07,28/07/2017,1,02,1,1, , , , , , , ,1, ,8296,0
00,1024,1,12A232,15,40137,3,1,0,05,-,1,3,1,04,02/03/2020, , , , , , , , , , , ,1, ,6104,0
00,1024,1,12A232,15,40137,2,1,0,03,-,1,3,1,10,29/03/2014,1,02,4,1, , , , , , , ,1, ,6104,0
00,1024,1,12A232,15,40137,1,1,0,01,-,1,1,1,59,19/06/1965,1,04,3,2,5,08, , , , , ,1, ,6104,0
00,1024,1,12A232,15,40137,4,1,0,02,-,1,3,1,26,13/09/1998,1,07,3,2,6,01,1,5,3,3,020000,1, ,6104,0
00,1024,1,12A232,15,40137,3,1,0,03,-,1,3,1,12,21/06/2012,1,02,5,1,6,06, , , , , ,1, ,6104,0
00,1024,1,12A232,15,40137,3,1,0,06,-,1,3,2,02,15/12/2021, , , , , , , , , , , ,1, ,6104,0
00,1024,1,12A232,15,40137,3,1,0,01,-,1,1,1,30,08/03/1994,1,03,1,2,1,01,5,6,3,2,002000,1,1,6104,12551
00,1024,1,12A232,15,40137,3,1,0,04,-,1,3,1,11,24/10/2013,1,02,4,1, , , , , , , ,1, ,6104,0
00,1024,1,12A232,15,40137,3,1,0,02,-,1,2,2,29,18/01/1995,1,03,3,2,1,01,7,2,3,2,002000,1, ,6104,0
00,1024,1,12A232,15,40137,1,1,0,02,-,1,2,2,62,28/09/1962,1,03,3,2,5,07, , , , , ,1,1,6104,25102
00,1024,1,12A232,15,40137,1,1,0,03,-,1,3,2,40,04/06/1984,1,04,3,2,2,01,9,5,3,2,999999,1, ,6104,0
00,1024,1,12A232,15,40137,2,1,0,01,-,1,1,1,51,05/01/1973,1,07,5,2,5,01,7,2,3,1,008500,1, ,6104,0
00,1024,1,12A232,15,40137,2,1,0,02,-,1,2,2,53,07/09/1971,1,06,3,2,5,07, , , , , ,1,1,6104,12551
00,1024,1,12A232,15,40137,4,1,0,01,-,1,1,2,59,07/12/1964,1,06,3,2,6,01,3,7,3,2,005000,1,1,6104,12551
00,1024,1,12A232,15,40137,1,1,0,04,-,1,3,2,28,19/10/1996,1,04,3,2,6,01,3,4,3,1,999999,1, ,6104,0
00,1024,1,12A232,15,40137,1,1,0,05,-,1,5,1,09,16/09/2015,1,02,3,1, , , , , , , ,1, ,6104,0
00,1024,1,12A232,15,40139,3,1,0,02,-,1,3,1,14,08/02/2010,1,03,2,1,6,06, , , , , ,1, ,7798,0
00,1024,1,12A232,15,40139,1,1,0,01,-,1,1,1,35,18/05/1989,1,04,3,2,1,01,5,2,3,2,006000,1, ,7798,0
00,1024,1,12A232,15,40139,2,1,0,01,-,1,1,1,61,20/05/1963,1,04,3,2,5,08, , , , , ,1,1,7798,16033
00,1024,1,12A232,15,40139,4,1,0,03,-,1,3,2,23,19/02/2001,1,03,3,2,6,07, , , , , ,1, ,7798,0
00,1024,1,12A232,15,40139,3,1,0,03,-,1,3,1,09,04/05/2015,1,02,3,1, , , , , , , ,1, ,7798,0
00,1024,1,12A232,15,40139,2,1,0,02,-,1,2,2,57,03/02/1967,1,04,3,2,5,07, , , , , ,1, ,7798,0
00,1024,1,12A232,15,40139,4,1,0,04,-,1,3,1,28,29/01/1996,1,03,3,2,6,01,5,6,3,1,002000,1, ,7798,0
00,1024,1,12A232,15,40139,1,1,0,03,-,1,2,2,31,17/02/1993,1,07,3,2,1,01,3,2,3,3,011000,1,1,7798,16033
00,1024,1,12A232,15,40139,4,1,0,01,-,1,1,2,48,29/03/1976,1,03,3,2,5,07, , , , , ,1, ,7798,0
00,1024,1,12A232,15,40139,4,1,0,02,-,1,3,2,25,17/12/1998,1,04,3,2,6,01,4,4,3,1,001300,1,1,7798,40083
00,1024,1,12A232,15,40139,4,1,0,05,-,1,2,1,50,17/02/1974,1,03,2,2,5,01,5,6,3,1,002100,1, ,7798,0
00,1024,1,12A232,15,40139,3,1,0,01,-,1,1,2,35,20/11/1988,1,04,3,2,6,01,4,4,3,1,001000,1,1,7798,8017
00,1024,1,12A232,15,40139,1,1,0,02,-,1,3,1,13,11/11/2010,1,03,1,1,6,06, , , , , ,1, ,7798,0
16,1024,1,13A232,15,40143,1,1,0,01,-,1,1,1,60,13/10/1964,1,08,3,1,5,01,1,5,1,3,025000,1, ,9598,0
16,1024,1,13A232,15,40143,1,1,0,05,-,1,3,2,26,18/10/1998,1,07,5,2,6,01,1,9,9,2,010000,1, ,9598,0
16,1024,1,13A232,15,40143,1,1,0,03,-,1,2,2,50,01/07/1974,1,07,5,2,5,07, , , , , ,1, ,9598,0
16,1024,1,13A232,15,40143,1,1,0,06,-,1,9,2,45,15/02/1979,1,02,6,2,3,01,9,9,4,1,002500,1, ,9598,0
16,1024,1,13A232,15,40143,1,1,0,04,-,1,3,1,20,20/10/2004,1,04,3,1,6,06, , , , , ,1, ,9598,0
16,1024,1,13A232,15,40143,1,1,0,02,-,1,7,2,87,01/10/1937,1,06,3,2,4,08, , , , , ,1, ,9598,0
00,1024,1,13A232,15,40146,4,1,0,02,-,1,3,2,17,28/03/2007,1,04,2,1,6,06, , , , , ,1, ,10970,0
00,1024,1,13A232,15,40146,4,1,0,01,-,1,1,2,44,21/03/1980,1,07,5,2,3,01,4,4,2,1,002000,1,1,10970,11677
00,1024,1,13A232,15,40146,2,1,0,02,-,1,2,2,40,07/01/1984,1,07,5,2,5,01,9,9,3,1,002000,1,1,10970,23355
00,1024,1,13A232,15,40146,3,1,0,01,-,1,1,1,35,19/07/1989,1,04,3,2,1,01,9,9,3,1,999999,1, ,10970,0
00,1024,1,13A232,15,40146,1,1,0,01,-,1,1,1,53,06/12/1970,1,07,5,2,5,01,4,4,3,1,999999,1, ,10970,0
00,1024,1,13A232,15,40146,2,1,0,01,-,1,1,1,43,06/06/1981,1,07,5,2,5,01,4,4,2,1,003000,1, ,10970,0
00,1024,1,13A232,15,40146,1,1,0,06,-,1,5,1,14,06/10/2010,1,03,2,1,6,06, , , , , ,1, ,10970,0
00,1024,1,13A232,15,40146,1,1,0,02,-,1,2,2,54,17/12/1969,1,07,5,2,5,01,3,7,3,1,999999,1,1,10970,46710
00,1024,1,13A232,15,40146,3,1,0,02,-,1,2,2,26,21/02/1998,1,04,3,2,1,01,9,9,3,1,999999,1,1,10970,23355
00,1024,1,13A232,15,40146,2,1,0,03,-,1,3,1,09,05/10/2015,1,02,3,1, , , , , , , ,1, ,10970,0
00,1024,1,13A232,15,40146,1,1,0,05,-,1,5,2,09,27/05/2015,1,02,3,1, , , , , , , ,1, ,10970,0
00,1024,1,13A232,15,40146,4,1,0,03,-,1,3,2,14,08/01/2010,1,03,2,1,6,06, , , , , ,1, ,10970,0
00,1024,1,13A232,15,40146,1,1,0,03,-,1,3,2,32,02/12/1991,1,07,5,2,6,01,1,5,3,2,004500,1, ,10970,0
00,1024,1,13A232,15,40146,1,1,0,04,-,1,3,1,27,21/06/1997,1,07,5,2,6,01,1,5,3,1,999999,1, ,10970,0
00,1024,1,13A232,15,40147,2,1,0,01,-,1,1,1,65,06/09/1959,1,07,5,2,5,01,1,3,2,2,025000,1,1,9618,30715
00,1024,1,13A232,15,40147,2,1,0,02,-,1,2,2,64,17/03/1960,1,07,4,2,5,07, , , , , ,1, ,9618,0
00,1024,1,13A232,15,40147,1,1,0,01,-,1,1,1,60,13/08/1964,1,07,5,2,6,01,1,5,2,2,999999,1,1,9618,10238
00,1024,1,13A232,15,40147,4,1,0,02,-,1,2,1,38,18/08/1986,1,07,4,1,5,01,1,6,3,2,020000,1, ,9618,0
00,1024,1,13A232,15,40147,4,1,0,01,-,1,1,2,35,14/10/1989,1,07,5,2,5,01,1,5,3,2,070000,1,1,9618,20477
00,1024,1,13A232,15,40147,3,1,0,01,-,1,1,2,77,13/07/1947,1,07,4,2,4,08, , , , , ,1,1,9618,10238
00,1024,1,13A232,15,40147,2,1,0,03,-,1,3,2,32,03/03/1992,1,07,4,2,6,01,1,5,3,2,999999,1, ,9618,0
00,1024,1,13A232,15,40150,2,1,0,01,-,1,1,1,26,02/04/1998,1,08,1,2,1,01,1,4,3,2,012000,1, ,9428,0
00,1024,1,13A232,15,40150,2,1,0,02,-,1,2,2,27,20/07/1997,1,08,1,2,1,01,1,4,3,2,999999,1,1,9428,20072
00,1024,1,13A232,15,40150,3,1,0,04,-,1,3,1,11,17/12/2012,1,02,6,1, , , , , , , ,1, ,9428,0
00,1024,1,13A232,15,40150,3,1,0,02,-,1,2,2,46,12/02/1978,1,07,2,2,1,07, , , , , ,1, ,9428,0
00,1024,1,13A232,15,40150,3,1,0,03,-,1,3,1,19,10/08/2005,1,04,3,1,6,06, , , , , ,1,1,9428,30107
00,1024,1,13A232,15,40150,1,1,0,01,-,1,1,2,60,15/08/1964,1,03,3,2,6,08, , , , , ,1,1,9428,10036
00,1024,1,13A232,15,40150,3,1,0,01,-,1,1,1,45,04/11/1979,1,07,4,2,1,01,1,6,3,2,010000,1, ,9428,0
00,1024,1,13A232,15,40152,1,1,0,03,-,1,3,1,20,01/04/2004,1,04,3,1,6,06, , , , , ,1, ,11267,0
00,1024,1,13A232,15,40152,1,1,0,04,-,1,3,1,18,26/04/2006,1,04,3,1,6,06, , , , , ,1, ,11267,0
00,1024,1,13A232,15,40152,1,1,0,02,-,1,2,2,56,15/03/1968,1,04,1,2,5,07, , , , , ,1,1,11267,47975
00,1024,1,13A232,15,40152,2,1,0,01,-,1,1,1,64,21/12/1959,1,04,3,2,4,08, , , , , ,1,1,11267,23987
00,1024,1,13A232,15,40152,1,1,0,01,-,1,1,1,56,28/08/1968,1,07,5,2,5,01,1,5,1,3,015000,1, ,11267,0
00,1024,1,13A232,15,40152,2,1,0,02,-,1,3,1,32,18/06/1992,1,04,3,2,6,01,5,6,3,2,999999,1, ,11267,0
00,1024,1,12A232,15,41232,3,1,0,01,-,1,1,1,36,09/12/1987,1,07,4,2,5,01,2,5,3,2,010000,1,1,6528,13421
00,1024,1,12A232,15,41232,4,1,0,03,-,1,3,1,18,11/11/2006,1,04,1,1,6,06, , , , , ,1, ,6528,0
00,1024,1,12A232,15,41232,4,1,0,01,-,1,1,1,43,04/11/1981,1,03,3,2,1,01,4,4,3,1,001800,1,1,6528,20132
00,1024,1,12A232,15,41232,1,1,0,01,-,1,1,1,60,16/03/1964,1,04,3,2,6,08, , , , , ,1,1,6528,13421
00,1024,1,12A232,15,41232,4,1,0,02,-,1,2,2,37,14/09/1987,1,03,3,2,1,01,4,5,3,1,001000,1, ,6528,0
00,1024,1,12A232,15,41232,1,1,0,02,-,1,2,2,60,01/09/1964,1,04,3,2,5,07, , , , , ,1, ,6528,0
00,1024,1,12A232,15,41232,3,1,0,02,-,1,2,2,40,22/10/1984,1,04,3,2,5,07, , , , , ,1, ,6528,0
00,1024,1,12A232,15,41232,4,1,0,04,-,1,3,2,10,11/02/2014,1,02,5,1, , , , , , , ,1, ,6528,0
00,1024,1,12A232,15,41232,4,1,0,05,-,1,3,1,15,26/12/2008,1,03,3,1,6,06, , , , , ,1, ,6528,0
00,1024,1,12A232,15,41234,1,1,0,03,-,1,3,1,20,17/03/2004,1,07,4,1,6,06, , , , , ,1, ,6584,0
00,1024,1,12A232,15,41234,1,1,0,01,-,1,1,1,51,17/09/1973,1,07,5,2,5,01,9,9,3,2,009999,1,1,6584,40611
00,1024,1,12A232,15,41234,1,1,0,07,-,1,5,2,13,25/01/2011,1,03,2,1,6,06, , , , , ,1, ,6584,0
00,1024,1,12A232,15,41234,4,1,0,03,-,1,3,2,16,15/07/2008,1,03,3,1,6,06, , , , , ,1, ,6584,0
00,1024,1,12A232,15,41234,2,1,0,01,-,1,1,2,70,23/07/1954,1,02,1,2,4,01,4,4,2,1,001000,1,1,6584,6768
00,1024,1,12A232,15,41234,1,1,0,08,-,1,5,1,12,04/06/2012,1,02,6,1,6,06, , , , , ,1, ,6584,0
00,1024,1,12A232,15,41234,4,1,0,01,-,1,1,2,34,04/10/1990,1,03,3,2,3,01,7,2,3,1,001800,1,1,6584,6768
00,1024,1,12A232,15,41234,4,1,0,02,-,1,3,1,15,26/11/2008,1,03,3,1,6,06, , , , , ,1, ,6584,0
00,1024,1,12A232,15,41234,3,1,0,02,-,1,2,2,74,24/06/1950,1,02,2,2,5,02,4,4,6,5, ,1, ,6584,0
00,1024,1,12A232,15,41234,1,1,0,02,-,1,2,2,52,16/09/1972,1,06,3,2,5,07, , , , , ,1, ,6584,0
00,1024,1,12A232,15,41234,1,1,0,05,-,1,3,2,30,20/02/1994,1,04,2,2,5,07, , , , , ,1, ,6584,0
00,1024,1,12A232,15,41234,3,1,0,01,-,1,1,1,75,02/10/1949,1,02,6,2,5,08, , , , , ,1,1,6584,13537
00,1024,1,12A232,15,41234,1,1,0,06,-,1,7,1,33,02/06/1991,1,07,3,1,5,01,7,2,3,2,009000,1, ,6584,0
00,1024,1,12A232,15,41234,1,1,0,09,-,1,5,2,07,25/03/2017,1,02,1,1, , , , , , , ,1, ,6584,0
00,1024,1,12A232,15,41234,1,1,0,04,-,1,3,1,19,05/03/2005,1,07,2,1,6,06, , , , , ,1, ,6584,0
00,1024,1,12A232,15,41234,4,1,0,04,-,1,3,2,04,04/03/2020, , , , , , , , , , , ,1, ,6584,0
00,1024,1,12A232,15,41238,4,1,0,05,-,1,5,1,16,05/09/2008,1,03,3,1,6,06, , , , , ,1, ,7646,0
00,1024,1,12A232,15,41238,4,1,0,03,-,1,7,1,36,05/01/1988,1,03,9,2,5,01,9,3,2,1,002500,1, ,7646,0
00,1024,1,12A232,15,41238,3,1,0,05,-,1,3,1,12,28/04/2012,1,02,6,1,6,06, , , , , ,1, ,7646,0
14,1024,1,12A232,15,41238,2,1,0,03,-,1,3,1,25,19/06/1999,1,07,4,2,6,04, , , , , ,1, ,7646,0
00,1024,1,12A232,15,41238,4,1,0,01,-,1,1,1,60,24/07/1964,1,03,3,2,5,01,9,3,2,1,001200,1,1,7646,31443
00,1024,1,12A232,15,41238,3,1,0,01,-,1,1,1,47,13/02/1977,1,07,2,1,5,01,2,7,3,2,007000,1,1,7646,23582
00,1024,1,12A232,15,41238,1,1,0,02,-,1,2,2,31,01/02/1993,1,03,3,1,1,01,9,5,3,1,001800,1,1,7646,15722
14,1024,1,12A232,15,41238,2,1,0,02,-,1,2,2,49,16/01/1975,1,04,3,2,5,01,5,5,3,2,005300,1, ,7646,0
14,1024,1,12A232,15,41238,2,1,0,01,-,1,1,1,48,30/03/1976,1,07,3,2,5,01,7,2,3,2,999999,1, ,7646,0
00,1024,1,12A232,15,41238,4,1,0,04,-,1,3,2,33,27/10/1991,1,03,3,2,5,01,4,5,2,1,001250,1, ,7646,0
00,1024,1,12A232,15,41238,1,1,0,03,-,1,3,2,16,07/10/2008,1,04,1,1,6,06, , , , , ,1, ,7646,0
00,1024,1,12A232,15,41238,4,1,0,07,-,1,5,1,10,15/05/2014,1,02,4,1, , , , , , , ,1, ,7646,0
00,1024,1,12A232,15,41238,3,1,0,04,-,1,3,2,14,14/04/2010,1,03,3,1,6,06, , , , , ,1, ,7646,0
00,1024,1,12A232,15,41238,1,1,0,04,-,1,3,1,11,27/08/2013,1,02,6,1, , , , , , , ,1, ,7646,0
00,1024,1,12A232,15,41238,4,1,0,02,-,1,2,2,57,17/05/1967,1,02,6,2,5,07, , , , , ,1, ,7646,0
00,1024,1,12A232,15,41238,4,1,0,06,-,1,5,1,13,15/06/2011,1,03,3,1,6,06, , , , , ,1, ,7646,0
00,1024,1,12A232,15,41238,3,1,0,03,-,1,3,2,21,30/10/2003,1,07,4,1,6,06, , , , , ,1, ,7646,0
00,1024,1,12A232,15,41238,3,1,0,02,-,1,2,2,42,18/05/1982,1,06,3,2,5,07, , , , , ,1, ,7646,0
00,1024,1,12A232,15,41238,1,1,0,01,-,1,1,1,37,12/01/1987,1,02,4,2,1,01,4,4,2,1,002800,1, ,7646,0
00,1024,1,12A232,15,41242,4,1,0,01,-,1,1,1,24,29/04/2000,1,03,3,1,6,01,4,4,3,2,003700,1,1,11091,11402
00,1024,1,12A232,15,41242,1,1,0,04,-,1,3,1,19,22/06/2005,1,07,1,1,6,06, , , , , ,1, ,11091,0
00,1024,1,12A232,15,41242,2,1,0,01,-,1,1,1,48,07/11/1976,1,07,4,2,5,01,1,5,3,3,020000,1, ,11091,0
00,1024,1,12A232,15,41242,1,1,0,01,-,1,1,1,50,30/12/1973,1,04,3,2,5,01,4,4,3,2,003500,1, ,11091,0
00,1024,1,12A232,15,41242,4,1,0,02,-,1,6,1,17,12/04/2007,1,03,3,1,6,01,4,4,3,2,001000,1, ,11091,0
00,1024,1,12A232,15,41242,1,1,0,02,-,1,2,2,49,29/08/1975,1,03,3,2,5,07, , , , , ,1, ,11091,0
00,1024,1,12A232,15,41242,2,1,0,03,-,1,7,1,27,20/07/1997,1,07,5,2,6,01,1,5,3,2,005000,1, ,11091,0
00,1024,1,12A232,15,41242,1,1,0,03,-,1,3,2,29,24/08/1995,1,07,4,1,6,06, , , , , ,1,1,11091,45607
00,1024,1,12A232,15,41242,2,1,0,02,-,1,2,2,51,15/01/1973,1,06,2,2,5,01,4,4,2,1,003000,1,1,11091,34206
00,1024,1,12A232,15,41247,2,1,0,05,-,1,3,2,34,28/05/1990,1,06,3,2,2,01,3,5,3,2,004000,1, ,10231,0
00,1024,1,12A232,15,41247,3,1,0,04,-,1,3,2,16,09/11/2008,1,03,3,1,6,06, , , , , ,1, ,10231,0
00,1024,1,12A232,15,41247,2,1,0,01,-,1,1,1,58,05/07/1966,1,03,3,2,5,01,4,4,2,1,000400,1, ,10231,0
00,1024,1,12A232,15,41247,3,1,0,03,-,1,3,1,20,05/05/2004,1,04,3,1,6,06, , , , , ,1,1,10231,31554
00,1024,1,12A232,15,41247,2,1,0,03,-,1,7,1,83,23/04/1941,1,99, ,2,4,01,4,4,3,1,000500,1, ,10231,0
00,1024,1,12A232,15,41247,3,1,0,01,-,1,1,2,43,15/07/1981,1,07,5,2,4,01,3,5,3,2,005000,1, ,10231,0
00,1024,1,12A232,15,41247,4,1,0,03,-,1,7,2,30,21/10/1994,1,07,5,2,1,01,1,5,2,1,999999,1, ,10231,0
00,1024,1,12A232,15,41247,2,1,0,02,-,1,2,2,54,22/10/1970,1,03,3,2,5,07, , , , , ,1, ,10231,0
00,1024,1,12A232,15,41247,2,1,0,07,-,1,5,2,08,04/07/2016,1,02,2,1, , , , , , , ,1, ,10231,0
00,1024,1,12A232,15,41247,2,1,0,04,-,1,3,1,28,10/10/1996,1,07,2,2,6,01,4,5,3,2,999999,1, ,10231,0
00,1024,1,12A232,15,41247,4,1,0,02,-,1,3,1,31,05/10/1993,1,07,5,2,1,01,1,5,3,2,030000,1, ,10231,0
00,1024,1,12A232,15,41247,1,1,0,01,-,1,1,1,24,09/09/2000,1,07,4,2,6,01,1,6,3,1,007000,1,1,10231,10518
00,1024,1,12A232,15,41247,3,1,0,02,-,1,3,1,22,05/09/2002,1,04,3,1,6,06, , , , , ,1, ,10231,0
00,1024,1,12A232,15,41247,4,1,0,01,-,1,1,2,56,29/02/1968,1,09,4,2,3,08, , , , , ,1,1,10231,31554
00,1024,1,12A232,15,41247,2,1,0,06,-,1,5,1,11,14/05/2013,1,02,5,1, , , , , , , ,1, ,10231,0
00,1024,1,12A232,15,41247,2,1,0,08,-,1,7,1,50,20/01/1974,1,02,6,2,2,01,4,4,3,2,004000,1,1,10231,63109
00,1024,1,13A232,15,41255,1,1,0,03,-,1,2,2,62,28/02/1962,1,06,2,2,1,07, , , , , ,1,1,8386,26782
14,1024,1,13A232,15,41255,4,1,0,01,-,1,1,1,40,07/01/1984,1,07,6,2,5,01,1,5,3,2,008000,1, ,8386,0
00,1024,1,13A232,15,41255,3,1,0,01,-,1,1,2,58,10/11/1966,1,04,3,2,3,01,2,5,3,2,006000,1,1,8386,17855
00,1024,1,13A232,15,41255,1,1,0,02,-,1,3,2,35,27/05/1989,1,04,2,2,6,01,5,2,3,1,999999,1, ,8386,0
00,1024,1,13A232,15,41255,1,1,0,01,-,1,1,1,62,31/10/1962,1,04,3,2,1,01,5,6,2,1,001500,1, ,8386,0
14,1024,1,13A232,15,41255,4,1,0,05,-,1,3,2,06,10/04/2018,1,01,3,1, , , , , , , ,1, ,8386,0
00,1024,1,13A232,15,41255,1,1,0,04,-,1,5,2,08,22/11/2015,1,02,3,1, , , , , , , ,1, ,8386,0
00,1024,1,13A232,15,41255,3,1,0,02,-,1,3,1,28,08/07/1996,1,07,5,2,6,01,2,5,3,2,007000,1, ,8386,0
14,1024,1,13A232,15,41255,4,1,0,02,-,1,2,2,37,12/11/1987,1,07,4,2,5,01,1,5,3,2,005000,1, ,8386,0
14,1024,1,13A232,15,41255,4,1,0,04,-,1,3,1,12,13/11/2012,1,03,1,1,6,06, , , , , ,1, ,8386,0
00,1024,1,13A232,15,41255,2,1,0,01,-,1,1,1,27,13/08/1997,1,07,3,2,6,01,1,2,3,2,006000,1,1,8386,8927
14,1024,1,13A232,15,41255,4,1,0,03,-,1,4,2,98, ,1,04,3,2,5,01,1,5,3,2,004000,1, ,8386,0
00,1024,1,13A232,15,41258,4,1,0,04,-,1,3,2,00,20/01/2024, , , , , , , , , , , ,1, ,9527,0
00,1024,1,13A232,15,41258,1,1,0,01,-,1,1,2,67,12/12/1956,1,02,6,2,5,02,4,4,6,5, ,1, ,9527,0
00,1024,1,13A232,15,41258,1,1,0,02,-,1,2,1,70,06/08/1954,1,07,4,2,5,01,4,4,2,1,004000,1,1,9527,20283
00,1024,1,13A232,15,41258,4,1,0,03,-,1,7,2,19,14/04/2005,1,04,3,2,6,02,1,4,6,5, ,1,1,9527,30425
00,1024,1,13A232,15,41258,4,1,0,02,-,1,2,2,23,10/04/2001,1,04,3,2,1,02,1,4,6,5, ,1, ,9527,0
00,1024,1,13A232,15,41258,4,1,0,01,-,1,1,1,33,29/10/1991,1,04,3,2,1,01,1,4,2,1,005000,1, ,9527,0
00,1024,1,13A232,15,41260,2,1,0,04,-,1,3,2,29,17/01/1995,1,07,4,2,6,01,1,4,3,3,030000,1, ,6576,0
00,1024,1,13A232,15,41260,1,1,0,01,-,1,1,1,63,11/09/1961,1,06,3,2,4,08, , , , , ,1,1,6576,7000
00,1024,1,13A232,15,41260,4,1,0,01,-,1,1,2,45,16/06/1979,1,03,3,2,6,01,4,4,3,2,003800,1,1,6576,7000
00,1024,1,13A232,15,41260,2,1,0,05,-,1,3,1,20,23/07/2004,1,07,2,1,6,06, , , , , ,1, ,6576,0
00,1024,1,13A232,15,41260,2,1,0,01,-,1,1,1,58,18/10/1966,1,07,4,2,5,08, , , , , ,1, ,6576,0
00,1024,1,13A232,15,41260,2,1,0,02,-,1,2,2,57,08/07/1967,1,07,4,2,5,07, , , , , ,1, ,6576,0
00,1024,1,13A232,15,41260,2,1,0,03,-,1,3,2,33,12/09/1991,1,07,4,2,6,01,1,5,3,2,007500,1,1,6576,34999
00,1024,1,13A232,15,41260,3,1,0,01,-,1,1,2,57,20/12/1966,1,07,4,1,6,01,2,5,3,2,999999,1,1,6576,7000
00,1024,1,11A232,15,41323,3,1,0,01,-,1,1,1,59,29/10/1965,1,03,3,2,5,01,2,5,3,2,999999,1, ,8931,0
00,1024,1,11A232,15,41323,2,1,0,02,-,1,4,1,62,05/02/1962,1,02,6,2,5,05, , , , , ,1, ,8931,0
00,1024,1,11A232,15,41323,2,1,0,04,-,1,2,2,39,07/11/1985,1,04,3,2,5,01,3,5,3,2,004000,1,1,8931,36498
00,1024,1,11A232,15,41323,2,1,0,01,-,1,1,1,42,27/12/1981,1,07,4,2,5,01,1,5,2,1,001000,1, ,8931,0
00,1024,1,11A232,15,41323,3,1,0,09,-,1,5,2,11,13/08/2013,1,02,5,1, , , , , , , ,1, ,8931,0
00,1024,1,11A232,15,41323,3,1,0,02,-,1,2,2,59,20/03/1965,1,06,2,2,5,01,3,5,3,2,006000,1,1,8931,54747
00,1024,1,11A232,15,41323,3,1,0,03,-,1,7,2,77,19/04/1947,1,02,6,2,4,09, , , , , ,1, ,8931,0
00,1024,1,11A232,15,41323,1,1,0,01,-,1,1,1,58,07/01/1966,1,06,3,2,3,01,1,3,3,1,002000,1, ,8931,0
00,1024,1,11A232,15,41323,1,1,0,03,-,1,5,1,12,11/07/2012,1,02,6,1,6,06, , , , , ,1, ,8931,0
00,1024,1,11A232,15,41323,4,1,0,01,-,1,1,1,54,02/06/1970,1,03,3,2,2,01,7,2,3,1,002400,1,1,8931,9124
00,1024,1,11A232,15,41323,3,1,0,06,-,1,3,1,25,17/11/1998,1,07,5,2,6,01,3,5,3,2,005000,1, ,8931,0
00,1024,1,11A232,15,41323,3,1,0,07,-,1,5,2,12,12/02/2012,1,03,1,1,6,06, , , , , ,1, ,8931,0
00,1024,1,11A232,15,41323,2,1,0,03,-,1,4,2,61,24/01/1963,1,02,6,2,5,07, , , , , ,1, ,8931,0
00,1024,1,11A232,15,41323,1,1,0,02,-,1,3,2,30,14/07/1994,1,03,3,2,6,01,4,4,2,1,000700,1,1,8931,18249
00,1024,1,11A232,15,41323,3,1,0,04,-,1,3,2,36,07/12/1987,1,04,3,2,2,05, , , , , ,1, ,8931,0
00,1024,1,11A232,15,41323,3,1,0,05,-,1,3,2,34,04/07/1990,1,07,5,2,6,01,3,5,3,2,005000,1, ,8931,0
00,1024,1,11A232,15,41323,3,1,0,08,-,1,5,1,12,12/05/2012,1,02,6,1,6,06, , , , , ,1, ,8931,0
00,1024,1,11A232,15,41323,1,1,0,04,-,1,5,1,06,02/09/2018,1,01,3,1, , , , , , , ,1, ,8931,0
00,1024,1,11A232,15,41331,2,1,0,03,-,1,4,1,84,29/10/1940,1,02,3,2,4,10, , , , , ,1,1,7531,30778
00,1024,1,11A232,15,41331,2,1,0,04,-,1,6,2,54,13/05/1970,1,07,3,2,6,01,4,4,2,1,001000,1, ,7531,0
00,1024,1,11A232,15,41331,2,1,0,06,-,1,3,1,10,20/06/2014,1,02,4,1, , , , , , , ,1, ,7531,0
00,1024,1,11A232,15,41331,2,1,0,05,-,1,3,1,06,02/10/2018,1,01,3,1, , , , , , , ,1, ,7531,0
00,1024,1,11A232,15,41331,1,1,0,02,-,1,2,2,57,17/04/1967,1,02,6,2,5,02,4,4,6,5, ,1, ,7531,0
00,1024,1,11A232,15,41331,2,1,0,02,-,1,2,2,38,28/06/1986,1,07,5,2,5,07, , , , , ,1, ,7531,0
00,1024,1,11A232,15,41331,4,1,0,02,-,1,2,2,56,11/07/1968,1,02,6,2,5,07, , , , , ,1,1,7531,15389
00,1024,1,11A232,15,41331,4,1,0,01,-,1,1,1,55,11/10/1969,1,02,6,2,5,01,5,6,3,1,002500,1, ,7531,0
00,1024,1,11A232,15,41331,3,1,0,01,-,1,1,1,54,19/08/1970,1,03,3,2,6,01,6,1,3,1,001500,1,1,7531,7694
00,1024,1,11A232,15,41331,2,1,0,01,-,1,1,1,50,23/10/1974,1,08,2,2,5,01,1,5,3,2,999999,1, ,7531,0
00,1024,1,11A232,15,41331,1,1,0,01,-,1,1,1,57,16/09/1967,1,02,6,2,5,01,4,4,2,1,002000,1,1,7531,15389
00,1024,1,11A232,15,41334,1,1,0,01,-,1,1,1,50,07/09/1974,1,03,3,2,5,01,4,4,3,1,003000,1,1,8508,8693
00,1024,1,11A232,15,41334,3,1,0,03,-,1,3,1,28,20/02/1996,1,07,2,1,6,06, , , , , ,1, ,8508,0
00,1024,1,11A232,15,41334,4,1,0,01,-,1,1,2,41,02/07/1983,1,03,3,1,2,01,4,4,2,1,001000,1,1,8508,8693
00,1024,1,11A232,15,41334,4,1,0,02,-,1,3,2,16,09/03/2008,1,03,3,1,6,06, , , , , ,1, ,8508,0
00,1024,1,11A232,15,41334,2,1,0,01,-,1,1,1,55,17/10/1969,1,04,3,2,5,01,7,2,2,1,999999,1,1,8508,17385
00,1024,1,11A232,15,41334,4,1,0,03,-,1,3,1,14,19/10/2010,1,03,2,1,6,06, , , , , ,1, ,8508,0
00,1024,1,11A232,15,41334,3,1,0,04,-,1,3,1,02,11/07/2022, , , , , , , , , , , ,1, ,8508,0
00,1024,1,11A232,15,41334,3,1,0,05,-,1,3,1,02,11/07/2022, , , , , , , , , , , ,1, ,8508,0
00,1024,1,11A232,15,41334,3,1,0,01,-,1,1,1,53,27/04/1971,1,07,5,2,5,01,1,5,3,2,006000,1,1,8508,26078
00,1024,1,11A232,15,41334,3,1,0,02,-,1,2,2,46,23/10/1978,1,08,3,2,5,01,1,5,3,2,006000,1, ,8508,0
00,1024,1,11A232,15,41334,2,1,0,02,-,1,2,2,58,27/10/1966,1,04,2,2,5,07, , , , , ,1, ,8508,0
00,1024,1,11A232,15,41344,3,1,0,02,-,1,3,1,32,16/12/1991,1,06,3,2,6,01,4,4,3,1,001000,1, ,6581,0
00,1024,1,11A232,15,41344,2,1,0,03,-,1,4,2,89,08/01/1935,2,00, ,2,4,10, , , , , ,1,1,6581,20170
00,1024,1,11A232,15,41344,2,1,0,02,-,1,2,1,48,29/10/1976,1,03,3,2,5,01,4,6,2,1,001800,1, ,6581,0
00,1024,1,11A232,15,41344,4,1,0,02,-,1,2,2,55,08/05/1969,1,03,3,2,5,07, , , , , ,1, ,6581,0
00,1024,1,11A232,15,41344,4,1,0,01,-,1,1,1,57,21/11/1966,1,04,3,2,5,01,1,2,3,2,006000,1,1,6581,20170
00,1024,1,11A232,15,41344,2,1,0,01,-,1,1,2,51,01/06/1973,1,02,6,2,5,01,4,4,2,1,001000,1, ,6581,0
00,1024,1,11A232,15,41344,1,1,0,02,-,1,2,2,67,31/10/1957,1,02,6,2,5,07, , , , , ,1, ,6581,0
00,1024,1,11A232,15,41344,4,1,0,03,-,1,3,1,25,17/10/1999,1,07,5,2,6,01,1,2,3,2,007000,1, ,6581,0
00,1024,1,11A232,15,41344,1,1,0,01,-,1,1,1,66,31/10/1958,1,02,3,2,5,01,1,4,3,1,999999,1,1,6581,13447
00,1024,1,11A232,15,41344,3,1,0,01,-,1,1,2,60,09/11/1963,1,02,4,2,4,01,4,4,3,1,000800,1,1,6581,13447
14,1024,1,11A232,16,40093,3,1,0,02,-,1,2,2,24,12/01/2000,1,04,3,2,5,01,4,4,3,1,001500,1, ,9020,0
00,1024,1,11A232,16,40093,1,1,0,01,-,1,1,2,63,17/04/1961,1,02,5,2,2,07, , , , , ,1, ,9020,0
00,1024,1,11A232,16,40093,4,1,0,02,-,1,2,1,44,31/10/1980,1,03,3,2,5,01,5,3,2,1,003500,1,1,9020,27647
00,1024,1,11A232,16,40093,4,1,0,03,-,1,3,1,19,10/07/2005,1,04,1,1,6,06, , , , , ,1, ,9020,0
00,1024,1,11A232,16,40093,1,1,0,02,-,1,3,1,39,06/07/1985,1,04,3,2,6,09, , , , , ,1,1,9020,36863
00,1024,1,11A232,16,40093,1,1,0,06,-,1,5,1,04,05/09/2020, , , , , , , , , , , ,1, ,9020,0
00,1024,1,11A232,16,40093,4,1,0,01,-,1,1,2,43,15/06/1981,1,07,5,2,5,01,2,5,3,2,999999,1, ,9020,0
00,1024,1,11A232,16,40093,2,1,0,02,-,1,2,2,78,09/05/1946,2,00, ,2,5,07, , , , , ,1,1,9020,18431
00,1024,1,11A232,16,40093,2,1,0,01,-,1,1,1,88,19/06/1936,2,00, ,2,5,09, , , , , ,1, ,9020,0
14,1024,1,11A232,16,40093,3,1,0,01,-,1,1,1,21,14/09/2003,1,03,3,2,5,01,5,3,3,1,002800,1, ,9020,0
00,1024,1,11A232,16,40093,1,1,0,03,-,1,3,1,30,14/09/1994,1,02,6,2,2,04, , , , , ,1, ,9020,0
00,1024,1,11A232,16,40093,1,1,0,04,-,1,5,2,31,19/08/1993,1,02,6,2,2,04, , , , , ,1, ,9020,0
00,1024,1,11A232,16,40093,1,1,0,05,-,1,5,2,15,21/07/2009,1,02,2,1,6,06, , , , , ,1, ,9020,0
14,1024,1,11A232,16,40093,3,1,0,03,-,1,3,2,02,30/08/2022, , , , , , , , , , , ,1, ,9020,0
00,1024,1,11A232,16,40093,1,1,0,07,-,1,7,2,02,02/05/2022, , , , , , , , , , , ,1, ,9020,0
00,1024,1,11A232,16,40093,1,1,0,08,-,1,5,2,01,05/03/2023, , , , , , , , , , , ,1, ,9020,0
00,1024,1,11A232,16,40097,4,1,0,03,-,1,3,1,15,31/03/2009,1,03,3,1,6,06, , , , , ,1, ,7882,0
00,1024,1,11A232,16,40097,4,1,0,01,-,1,1,1,50,24/02/1974,1,07,5,2,1,01,2,5,3,2,007000,1, ,7882,0
00,1024,1,11A232,16,40097,4,1,0,02,-,1,2,2,39,13/03/1985,1,07,5,2,1,01,2,5,3,2,007000,1,1,7882,16105
00,1024,1,11A232,16,40097,2,1,0,03,-,1,3,2,09,30/06/2015,1,02,2,1, , , , , , , ,1, ,7882,0
00,1024,1,11A232,16,40097,1,1,0,04,-,1,3,2,08,27/03/2016,1,02,2,1, , , , , , , ,1, ,7882,0
00,1024,1,11A232,16,40097,1,1,0,03,-,1,3,2,16,10/03/2008,1,03,3,1,6,06, , , , , ,1, ,7882,0
00,1024,1,11A232,16,40097,1,1,0,01,-,1,1,1,39,27/02/1985,1,03,3,2,5,01,5,3,3,1,003000,1, ,7882,0
00,1024,1,11A232,16,40097,1,1,0,05,-,1,3,2,06,09/08/2018,1,01,3,1, , , , , , , ,1, ,7882,0
00,1024,1,11A232,16,40097,2,1,0,02,-,1,2,2,25,30/06/1999,1,02,6,2,1,07, , , , , ,1,1,7882,16105
00,1024,1,11A232,16,40097,1,1,0,02,-,1,2,2,37,27/06/1987,1,04,3,2,5,01,5,5,3,1,003000,1,1,7882,16105
00,1024,1,11A232,16,40097,2,1,0,01,-,1,1,1,30,15/06/1994,1,04,3,2,1,01,5,3,3,1,003000,1, ,7882,0
00,1024,1,11A232,16,40100,2,1,0,02,-,1,2,2,67,13/08/1957,2,00, ,2,5,07, , , , , ,1, ,7510,0
00,1024,1,11A232,16,40100,1,1,0,02,-,1,2,2,41,19/06/1983,1,07,5,2,5,01,3,2,3,2,003700,1, ,7510,0
00,1024,1,11A232,16,40100,3,1,0,04,-,1,3,1,22,30/07/2002,1,03,3,2,6,01,5,3,2,1,002000,1, ,7510,0
00,1024,1,11A232,16,40100,2,1,0,05,-,1,5,2,09,22/12/2014,1,02,4,1, , , , , , , ,1, ,7510,0
00,1024,1,11A232,16,40100,3,1,0,01,-,1,1,1,47,05/03/1977,1,03,3,2,5,01,5,3,2,1,003000,1,1,7510,30692
00,1024,1,11A232,16,40100,2,1,0,03,-,1,3,2,44,24/09/1980,1,04,3,2,3,07, , , , , ,1,1,7510,23019
00,1024,1,11A232,16,40100,2,1,0,01,-,1,1,1,65,10/03/1959,1,02,6,2,5,08, , , , , ,1, ,7510,0
00,1024,1,11A232,16,40100,1,1,0,03,-,1,3,2,12,14/03/2012,1,02,6,1,6,06, , , , , ,1, ,7510,0
00,1024,1,11A232,16,40100,1,1,0,01,-,1,1,1,38,30/07/1986,1,07,5,2,5,01,7,5,1,1,001500,1,1,7510,23019
00,1024,1,11A232,16,40100,3,1,0,03,-,1,3,2,25,29/10/1999,1,07,1,2,6,01,5,5,3,2,999999,1, ,7510,0
00,1024,1,11A232,16,40100,2,1,0,04,-,1,5,2,15,06/10/2009,1,03,3,1,6,06, , , , , ,1, ,7510,0
00,1024,1,11A232,16,40100,3,1,0,02,-,1,2,2,46,30/12/1977,1,03,3,2,5,01,1,5,1,1,001000,1, ,7510,0
00,1024,1,11A232,16,40100,1,1,0,04,-,1,4,2,69,15/12/1954,1,02,6,2,4,08, , , , , ,1, ,7510,0
00,1024,1,12A232,16,40113,2,1,0,04,-,1,3,2,25,29/04/1999,1,04,3,2,6,01,5,5,3,1,999999,1, ,7460,0
00,1024,1,12A232,16,40113,2,1,0,05,-,1,3,1,27,09/07/1997,1,07,2,2,6,01,5,5,3,1,999999,1,1,7460,38344
00,1024,1,12A232,16,40113,4,1,0,03,-,1,3,1,39,15/03/1985,1,09,2,2,6,01,2,5,3,2,006000,1, ,7460,0
00,1024,1,12A232,16,40113,3,1,0,01,-,1,1,1,54,07/07/1970,1,07,5,2,6,08, , , , , ,1,1,7460,15338
00,1024,1,12A232,16,40113,4,1,0,02,-,1,2,2,69,24/03/1955,1,07,5,2,5,08, , , , , ,1,1,7460,23006
00,1024,1,12A232,16,40113,4,1,0,01,-,1,1,1,74,19/10/1950,1,07,5,2,5,08, , , , , ,1, ,7460,0
00,1024,1,12A232,16,40113,2,1,0,01,-,1,1,1,55,28/12/1968,1,04,3,2,5,01,4,5,3,1,003500,1, ,7460,0
00,1024,1,12A232,16,40113,3,1,0,02,-,1,3,2,22,30/11/2001,1,04,5,2,6,01,1,5,3,2,006000,1, ,7460,0
00,1024,1,12A232,16,40113,2,1,0,02,-,1,2,2,52,30/10/1972,1,03,3,2,5,07, , , , , ,1, ,7460,0
00,1024,1,12A232,16,40113,1,1,0,01,-,1,1,2,75,31/05/1949,2,00, ,2,4,01,5,4,3,1,000375,1,1,7460,7669
00,1024,1,12A232,16,40113,2,1,0,03,-,1,7,2,39,12/09/1985,1,04,3,2,1,01,4,4,3,1,999999,1, ,7460,0
00,1024,1,12A232,16,40113,2,1,0,06,-,1,5,2,08,13/10/2016,1,02,1,1, , , , , , , ,1, ,7460,0
00,1024,1,12A232,16,40115,4,1,0,02,-,1,2,2,30,02/01/1994,1,03,3,2,5,07, , , , , ,1, ,8615,0
15,1024,1,12A232,16,40115,1,1,0,01,-,1,1,1,48,07/09/1976,1,04,3,2,5,01,1,5,3,2,007000,1, ,8615,0
00,1024,1,12A232,16,40115,2,1,0,01,-,1,1,2,23,04/10/2001,1,07,5,2,6,01,5,5,3,2,010000,1,1,8615,8856
15,1024,1,12A232,16,40115,1,1,0,03,-,1,3,1,10,08/10/2014,1,02,4,1, , , , , , , ,1, ,8615,0
00,1024,1,12A232,16,40115,4,1,0,04,-,1,3,2,06,31/01/2018,2,01,3,1, , , , , , , ,1, ,8615,0
00,1024,1,12A232,16,40115,4,1,0,05,-,1,3,1,03,24/11/2020, , , , , , , , , , , ,1, ,8615,0
00,1024,1,12A232,16,40115,4,1,0,03,-,1,3,2,14,14/09/2010,1,03,2,1,6,06, , , , , ,1, ,8615,0
00,1024,1,12A232,16,40115,4,1,0,01,-,1,1,1,32,16/09/1992,1,03,3,2,5,01,5,5,2,1,999999,1,1,8615,17712
15,1024,1,12A232,16,40115,1,1,0,02,-,1,2,2,35,27/06/1989,1,07,5,2,5,01,2,5,3,2,006000,1, ,8615,0
00,1024,1,12A232,16,40375,3,1,0,02,-,1,2,1,43,24/02/1981,1,07,3,2,5,01,5,6,5,1,006000,1, ,6700,0
00,1024,1,12A232,16,40375,4,1,0,03,-,1,3,2,15,31/08/2009,1,03,3,1,6,06, , , , , ,1, ,6700,0
00,1024,1,12A232,16,40375,4,1,0,04,-,1,3,2,10,17/07/2014,1,02,4,1, , , , , , , ,1, ,6700,0
00,1024,1,12A232,16,40375,2,1,0,01,-,1,1,2,52,29/01/1972,1,02,3,2,4,01,5,5,3,1,001500,1,1,6700,6888
14,1024,1,12A232,16,40375,1,1,0,02,-,1,2,2,52,16/12/1971,1,06,3,2,5,01,4,4,1,1,999999,1, ,6700,0
14,1024,1,12A232,16,40375,1,1,0,01,-,1,1,1,52,13/01/1972,1,04,3,2,5,01,5,5,3,2,999999,1, ,6700,0
00,1024,1,12A232,16,40375,4,1,0,02,-,1,3,2,20,11/06/2004,1,04,3,2,6,01,5,5,3,1,001200,1, ,6700,0
00,1024,1,12A232,16,40375,3,1,0,03,-,1,3,2,01,15/05/2023, , , , , , , , , , , ,1, ,6700,0
00,1024,1,12A232,16,40375,3,1,0,01,-,1,1,2,35,28/08/1989,1,07,5,2,5,07, , , , , ,1,1,6700,13776
00,1024,1,12A232,16,40375,4,1,0,01,-,1,1,2,37,28/08/1987,1,03,2,2,2,01,5,5,3,1,001800,1,1,6700,13776
00,1024,1,12A232,16,40376,1,1,0,01,-,1,1,1,21,03/07/2003,1,04,3,2,1,01,4,4,2,3,002000,1,1,8647,17779
00,1024,1,12A232,16,40376,3,1,0,03,-,1,3,1,18,10/09/2006,1,04,3,2,6,01,5,5,3,1,999999,1, ,8647,0
00,1024,1,12A232,16,40376,3,1,0,01,-,1,1,1,38,18/09/1986,1,02,6,2,5,01,5,5,2,2,999999,1,1,8647,26669
00,1024,1,12A232,16,40376,2,1,0,03,-,1,3,1,12,26/10/2012,1,02,6,1,6,06, , , , , ,1, ,8647,0
00,1024,1,12A232,16,40376,2,1,0,02,-,1,2,2,40,10/02/1984,1,07,5,2,5,01,2,5,3,2,006000,1, ,8647,0
00,1024,1,12A232,16,40376,4,1,0,06,-,1,3,2,19,25/04/2005,1,04,3,1,6,06, , , , , ,1, ,8647,0
00,1024,1,12A232,16,40376,2,1,0,04,-,1,3,1,10,06/06/2014,1,02,4,1, , , , , , , ,1, ,8647,0
00,1024,1,12A232,16,40376,2,1,0,01,-,1,1,1,49,10/06/1975,1,07,5,2,5,01,1,2,5,3,999999,1,1,8647,17779
00,1024,1,12A232,16,40376,4,1,0,02,-,1,6,2,43,21/09/1981,1,07,5,2,2,01,4,4,2,1,999999,1, ,8647,0
00,1024,1,12A232,16,40376,4,1,0,04,-,1,7,2,09,04/06/2015,1,02,4,1, , , , , , , ,1, ,8647,0
00,1024,1,12A232,16,40376,3,1,0,05,-,1,3,1,11,13/05/2013,1,02,5,1, , , , , , , ,1, ,8647,0
00,1024,1,12A232,16,40376,1,1,0,02,-,1,2,2,21,04/04/2003,1,04,3,2,1,01,4,4,2,3,002000,1, ,8647,0
00,1024,1,12A232,16,40376,3,1,0,02,-,1,2,2,34,30/07/1990,1,03,3,2,5,01,4,4,2,1,001000,1, ,8647,0
00,1024,1,12A232,16,40376,2,1,0,05,-,1,3,2,16,26/10/2008,1,04,1,1,6,06, , , , , ,1, ,8647,0
00,1024,1,12A232,16,40376,3,1,0,04,-,1,3,2,16,10/07/2008,1,03,3,1,6,06, , , , , ,1, ,8647,0
00,1024,1,12A232,16,40376,3,1,0,06,-,1,3,2,07,22/06/2017,1,02,1,1, , , , , , , ,1, ,8647,0
00,1024,1,12A232,16,40376,4,1,0,05,-,1,7,2,17,24/05/2007,1,04,2,1,6,06, , , , , ,1, ,8647,0
00,1024,1,12A232,16,40376,4,1,0,03,-,1,3,2,17,06/03/2007,1,04,2,1,6,06, , , , , ,1, ,8647,0
00,1024,1,12A232,16,40376,4,1,0,01,-,1,1,2,41,06/07/1983,1,07,3,2,2,01,5,4,3,2,004500,1,1,8647,26669
00,1024,1,12A232,16,40379,3,1,0,01,-,1,1,1,27,04/08/1997,1,08,2,2,1,01,3,5,3,2,003000,1, ,8221,0
00,1024,1,12A232,16,40379,4,1,0,01,-,1,1,2,59,20/06/1965,1,04,3,2,2,01,5,5,2,1,001200,1,1,8221,8451
00,1024,1,12A232,16,40379,3,1,0,02,-,1,2,2,35,26/07/1989,1,07,5,2,1,01,4,4,2,1,001000,1,1,8221,16903
00,1024,1,12A232,16,40379,1,1,0,02,-,1,3,1,42,04/07/1982,1,03,1,2,2,01,5,5,5,1,999999,1, ,8221,0
00,1024,1,12A232,16,40379,1,1,0,01,-,1,1,2,77,14/03/1947,1,02,3,2,4,07, , , , , ,1,1,8221,16903
00,1024,1,12A232,16,40379,2,1,0,01,-,1,1,1,70,13/05/1954,2,00, ,2,5,01,5,5,3,1,002500,1,1,8221,25354
00,1024,1,12A232,16,40379,2,1,0,02,-,1,2,2,68,15/05/1956,1,02,3,2,5,07, , , , , ,1, ,8221,0
00,1024,1,12A232,16,40379,2,1,0,03,-,1,3,1,24,02/07/2000,1,03,3,2,2,01,5,6,3,1,002500,1, ,8221,0
00,1024,1,12A232,16,40379,3,1,0,03,-,1,3,1,01,23/03/2023, , , , , , , , , , , ,1, ,8221,0
00,1024,1,13A232,16,40411,1,1,0,03,-,1,6,1,54,17/07/1970,1,07,5,2,6,01,3,5,5,3,999999,1, ,9988,0
00,1024,1,13A232,16,40411,1,1,0,01,-,1,1,1,89,27/04/1935,1,07,5,2,4,08, , , , , ,1,1,9988,31899
00,1024,1,13A232,16,40411,3,1,0,01,-,1,1,2,54,14/01/1970,1,07,5,2,5,07, , , , , ,1, ,9988,0
00,1024,1,13A232,16,40411,2,1,0,01,-,1,1,1,91,29/11/1932,1,07,3,2,5,08, , , , , ,1,1,9988,21266
00,1024,1,13A232,16,40411,2,1,0,02,-,1,2,2,92,26/08/1932,1,07,3,2,5,09, , , , , ,1, ,9988,0
00,1024,1,13A232,16,40411,4,1,0,01,-,1,1,2,71,24/08/1953,1,07,5,2,3,08, , , , , ,1,1,9988,10633
00,1024,1,13A232,16,40411,1,1,0,02,-,1,3,1,59,21/06/1965,1,07,5,2,5,08, , , , , ,1, ,9988,0
00,1024,1,13A232,16,40411,3,1,0,02,-,1,3,2,24,07/06/2000,1,07,5,1,6,06, , , , , ,1,1,9988,21266
00,1024,1,13A232,16,40414,1,1,0,04,-,1,3,1,13,11/02/2011,1,03,1,1,6,06, , , , , ,1, ,9815,0
00,1024,1,13A232,16,40414,3,1,0,01,-,1,1,1,40,09/04/1984,1,07,5,2,1,01,7,2,3,1,999999,1,1,9815,20896
00,1024,1,13A232,16,40414,2,1,0,02,-,1,2,2,39,11/09/1985,1,07,4,2,5,01,3,7,3,2,004000,1,1,9815,20896
00,1024,1,13A232,16,40414,1,1,0,02,-,1,2,2,45,05/05/1979,1,07,5,2,5,01,5,2,3,2,999999,1,1,9815,20896
00,1024,1,13A232,16,40414,1,1,0,01,-,1,1,1,48,03/10/1976,1,07,5,2,5,01,7,4,3,1,999999,1, ,9815,0
00,1024,1,13A232,16,40414,4,1,0,01,-,1,1,1,75,13/06/1949,1,03,2,2,3,08, , , , , ,1,1,9815,10448
00,1024,1,13A232,16,40414,1,1,0,03,-,1,3,1,09,17/07/2015,1,02,3,1, , , , , , , ,1, ,9815,0
00,1024,1,13A232,16,40414,2,1,0,01,-,1,1,1,42,07/06/1982,1,07,5,2,5,01,3,5,3,2,999999,1, ,9815,0
00,1024,1,13A232,16,40414,3,1,0,03,-,1,3,1,02,01/07/2022, , , , , , , , , , , ,1, ,9815,0
00,1024,1,13A232,16,40414,3,1,0,02,-,1,2,2,38,31/10/1986,1,07,5,2,1,01,5,3,3,2,999999,1, ,9815,0
00,1024,1,13A232,16,40414,2,1,0,03,-,1,3,1,11,04/07/2013,1,02,5,1, , , , , , , ,1, ,9815,0
00,1024,1,13A232,16,40415,3,1,0,02,-,1,6,1,22,06/04/2002,1,07,5,2,6,04, , , , , ,1, ,9338,0
00,1024,1,13A232,16,40415,1,1,0,04,-,1,5,2,14,10/10/2010,1,03,2,1,6,06, , , , , ,1, ,9338,0
00,1024,1,13A232,16,40415,3,1,0,04,-,1,7,1,48,15/06/1976,1,07,5,2,2,01,2,5,3,2,006000,1, ,9338,0
00,1024,1,13A232,16,40415,2,1,0,02,-,1,3,2,18,15/05/2006,1,04,1,1,6,06, , , , , ,1, ,9338,0
00,1024,1,13A232,16,40415,2,1,0,03,-,1,3,1,12,15/08/2012,1,02,6,1,6,06, , , , , ,1, ,9338,0
00,1024,1,13A232,16,40415,2,1,0,04,-,1,4,2,81,06/11/1943,1,02,3,1,4,07, , , , , ,1, ,9338,0
00,1024,1,13A232,16,40415,3,1,0,01,-,1,1,2,26,19/03/1998,1,07,5,2,6,01,5,5,3,1,002000,1,1,9338,39763
00,1024,1,13A232,16,40415,4,1,0,02,-,1,6,2,71,21/03/1953,1,03,3,2,6,08, , , , , ,1, ,9338,0
00,1024,1,13A232,16,40415,1,1,0,02,-,1,3,1,57,30/03/1967,1,07,5,2,6,01,1,5,3,2,999999,1, ,9338,0
00,1024,1,13A232,16,40415,3,1,0,03,-,1,7,1,23,04/10/2001,1,07,5,1,6,06, , , , , ,1, ,9338,0
00,1024,1,13A232,16,40415,4,1,0,01,-,1,1,2,83,11/04/1941,1,02,6,2,6,08, , , , , ,1,1,9338,19881
00,1024,1,13A232,16,40415,2,1,0,01,-,1,1,2,43,15/07/1981,1,08,2,2,3,01,5,4,5,1,000600,1,1,9338,29822
00,1024,1,13A232,16,40415,1,1,0,03,-,1,3,2,54,25/02/1970,1,07,4,2,6,01,4,4,2,1,004000,1,1,9338,29822
00,1024,1,13A232,16,40415,1,1,0,01,-,1,1,2,83,06/10/1941,1,07,3,2,4,09, , , , , ,1, ,9338,0
00,1024,1,13A232,16,40420,2,1,0,03,-,1,3,1,48,15/09/1976,1,08,2,2,6,01,1,5,3,2,008000,1,1,8817,28158
00,1024,1,13A232,16,40420,4,1,0,01,-,1,1,2,62,26/05/1962,1,08,2,1,6,01,5,5,1,1,001500,1,1,8817,9386
00,1024,1,13A232,16,40420,2,1,0,01,-,1,1,2,68,10/05/1956,1,07,5,2,2,01,1,5,2,2,005000,1, ,8817,0
00,1024,1,13A232,16,40420,2,1,0,02,-,1,3,1,35,05/07/1989,1,07,5,2,5,01,3,4,2,2,005000,1, ,8817,0
00,1024,1,13A232,16,40420,3,1,0,01,-,1,1,1,48,15/11/1975,1,07,5,2,3,07, , , , , ,1,1,8817,9386
00,1024,1,11A232,17,40343,3,1,0,04,-,1,5,2,01,15/02/2023, , , , , , , , , , , ,1, ,5041,0
00,1024,1,11A232,17,40343,2,1,0,01,-,1,1,1,67,10/04/1957,1,02,6,2,5,01,4,3,2,1,001500,1,1,5041,20599
00,1024,1,11A232,17,40343,3,1,0,01,-,1,1,2,64,25/10/1960,1,02,3,2,4,07, , , , , ,1, ,5041,0
00,1024,1,11A232,17,40343,2,1,0,02,-,1,2,2,73,20/07/1951,1,02,6,2,5,07, , , , , ,1, ,5041,0
00,1024,1,11A232,17,40343,2,1,0,05,-,1,3,1,07,13/09/2017,1,02,1,1, , , , , , , ,1, ,5041,0
00,1024,1,11A232,17,40343,2,1,0,03,-,1,3,2,98, ,1,04,2,2,6,01,3,5,3,2,006000,1, ,5041,0
00,1024,1,11A232,17,40343,4,1,0,04,-,1,3,2,18,25/10/2006,1,04,3,2,6,01,4,4,3,1,001500,1, ,5041,0
00,1024,1,11A232,17,40343,4,1,0,02,-,1,2,2,59,30/04/1965,1,02,4,2,1,07, , , , , ,1, ,5041,0
00,1024,1,11A232,17,40343,3,1,0,02,-,1,7,1,39,28/07/1985,1,03,3,2,5,01,5,3,3,1,002500,1,1,5041,15449
00,1024,1,11A232,17,40343,3,1,0,03,-,1,2,2,40,03/01/1984,1,06,3,2,5,01,3,7,3,2,002500,1, ,5041,0
00,1024,1,11A232,17,40343,4,1,0,01,-,1,1,1,60,29/10/1964,1,04,1,2,1,01,5,5,3,2,004000,1,1,5041,20599
00,1024,1,11A232,17,40343,4,1,0,03,-,1,3,1,24,13/06/2000,1,04,3,1,6,01,6,1,3,1,001200,1, ,5041,0
00,1024,1,11A232,17,40343,2,1,0,04,-,1,3,2,29,04/11/1994,1,04,3,2,6,01,4,4,3,1,001700,1, ,5041,0
00,1024,1,11A232,17,40347,2,1,0,11,-,1,7,2,41,18/08/1983,1,04,3,2,5,07, , , , , ,1, ,7548,0
00,1024,1,11A232,17,40347,2,1,0,04,-,1,3,1,42,19/09/1982,1,04,3,2,5,01,4,5,3,2,003500,1, ,7548,0
00,1024,1,11A232,17,40347,2,1,0,08,-,1,5,2,14,07/01/2010,1,03,2,1,6,06, , , , , ,1, ,7548,0
00,1024,1,11A232,17,40347,2,1,0,07,-,1,5,1,18,05/11/2005,1,04,3,2,6,07, , , , , ,1, ,7548,0
00,1024,1,11A232,17,40347,4,1,0,03,-,1,3,1,17,26/04/2007,1,04,2,1,6,06, , , , , ,1, ,7548,0
00,1024,1,11A232,17,40347,2,1,0,05,-,1,3,2,40,24/08/1984,1,03,3,2,2,01,4,5,3,2,003500,1, ,7548,0
00,1024,1,11A232,17,40347,2,1,0,06,-,1,5,2,20,20/03/2004,1,04,3,2,6,01,4,5,3,1,001500,1,1,7548,61690
00,1024,1,11A232,17,40347,3,1,0,01,-,1,1,2,81,11/09/1943,1,02,3,2,4,07, , , , , ,1,1,7548,7711
00,1024,1,11A232,17,40347,2,1,0,09,-,1,5,2,12,11/06/2012,1,02,6,1,6,06, , , , , ,1, ,7548,0
00,1024,1,11A232,17,40347,4,1,0,04,-,1,3,1,12,01/12/2011,1,03,1,1,6,06, , , , , ,1, ,7548,0
00,1024,1,11A232,17,40347,2,1,0,10,-,1,5,1,04,19/12/2019, , , , , , , , , , , ,1, ,7548,0
00,1024,1,11A232,17,40347,4,1,0,02,-,1,2,2,42,09/07/1982,1,04,3,2,5,01,4,5,3,1,003000,1,1,7548,15423
00,1024,1,11A232,17,40347,1,1,0,01,-,1,1,2,56,30/11/1967,1,03,3,2,2,07, , , , , ,1,1,7548,7711
00,1024,1,11A232,17,40347,4,1,0,01,-,1,1,1,43,11/03/1981,1,07,5,2,5,01,1,5,5,2,008000,1, ,7548,0
00,1024,1,11A232,17,40347,2,1,0,01,-,1,1,2,74,22/07/1950,1,01,9,2,2,07, , , , , ,1, ,7548,0
00,1024,1,11A232,17,40347,2,1,0,02,-,1,3,2,53,24/03/1971,1,03,3,2,3,07, , , , , ,1, ,7548,0
00,1024,1,11A232,17,40347,2,1,0,03,-,1,3,2,50,10/06/1974,1,04,3,2,3,01,4,4,3,2,003600,1, ,7548,0
00,1024,1,11A232,17,40349,2,1,0,01,-,1,1,1,45,26/03/1979,1,04,3,2,1,01,4,3,2,1,001000,1,1,6879,14056
00,1024,1,11A232,17,40349,2,1,0,02,-,1,2,2,38,20/12/1985,1,03,3,2,1,07, , , , , ,1, ,6879,0
00,1024,1,11A232,17,40349,3,1,0,02,-,1,3,1,09,28/08/2015,1,02,3,1, , , , , , , ,1, ,6879,0
00,1024,1,11A232,17,40349,3,1,0,01,-,1,1,1,35,13/08/1989,1,04,3,2,5,01,5,3,2,1,004000,1, ,6879,0
00,1024,1,11A232,17,40349,4,1,0,02,-,1,3,2,26,10/09/1998,1,04,3,2,6,01,4,5,3,2,004000,1, ,6879,0
00,1024,1,11A232,17,40349,3,1,0,03,-,1,2,2,40,28/02/1984,1,04,3,2,5,01,5,5,3,1,001000,1,1,6879,14056
00,1024,1,11A232,17,40349,1,1,0,01,-,1,1,1,55,10/04/1969,1,03,3,2,1,01,4,3,2,1,000300,1, ,6879,0
00,1024,1,11A232,17,40349,2,1,0,03,-,1,3,2,14,06/04/2010,1,03,2,1,6,06, , , , , ,1, ,6879,0
00,1024,1,11A232,17,40349,3,1,0,04,-,1,3,1,07,13/03/2017,1,02,1,1, , , , , , , ,1, ,6879,0
00,1024,1,11A232,17,40349,2,1,0,04,-,1,3,2,11,10/04/2013,1,02,5,1, , , , , , , ,1, ,6879,0
00,1024,1,11A232,17,40349,4,1,0,01,-,1,1,1,70,03/03/1954,1,07,2,2,2,09, , , , , ,1,1,6879,14056
00,1024,1,11A232,17,40349,1,1,0,02,-,1,2,2,63,15/09/1961,1,03,3,2,1,01,4,4,2,1,000150,1,1,6879,14056
00,1024,1,11A232,17,40357,3,1,0,02,-,1,2,2,40,21/11/1983,1,04,3,2,5,01,3,5,3,2,999999,1, ,7490,0
00,1024,1,11A232,17,40357,2,1,0,01,-,1,1,1,30,30/04/1994,1,07,5,2,5,01,1,5,3,2,007000,1,1,7490,22958
00,1024,1,11A232,17,40357,4,1,0,04,-,1,3,1,13,19/11/2010,1,03,2,1,6,06, , , , , ,1, ,7490,0
00,1024,1,11A232,17,40357,3,1,0,01,-,1,1,1,43,15/03/1981,1,02,6,2,5,01,4,3,3,1,009999,1,1,7490,15305
00,1024,1,11A232,17,40357,4,1,0,03,-,1,3,1,05,01/05/2019,2,01,3,1, , , , , , , ,1, ,7490,0
00,1024,1,11A232,17,40357,1,1,0,02,-,1,2,2,40,12/07/1984,1,07,5,2,5,07, , , , , ,1,1,7490,15305
00,1024,1,11A232,17,40357,2,1,0,03,-,1,7,2,67,08/07/1957,1,07,5,2,2,08, , , , , ,1, ,7490,0
00,1024,1,11A232,17,40357,4,1,0,02,-,1,2,2,42,18/11/1981,1,03,3,2,5,07, , , , , ,1, ,7490,0
00,1024,1,11A232,17,40357,4,1,0,01,-,1,1,1,44,06/12/1979,1,04,3,2,5,01,4,4,3,1,002500,1,1,7490,15305
00,1024,1,11A232,17,40357,1,1,0,01,-,1,1,1,42,14/02/1982,1,08,4,2,5,01,1,5,3,2,999999,1, ,7490,0
00,1024,1,11A232,17,40357,1,1,0,03,-,1,3,2,01,03/03/2023, , , , , , , , , , , ,1, ,7490,0
00,1024,1,11A232,17,40357,4,1,0,05,-,1,3,1,11,10/01/2013,1,02,5,1, , , , , , , ,1, ,7490,0
00,1024,1,11A232,17,40357,2,1,0,02,-,1,2,2,30,20/12/1993,1,08,2,2,5,01,5,5,5,2,007000,1, ,7490,0
00,1024,1,11A232,17,40362,3,1,0,01,-,1,1,1,65,14/06/1959,1,04,3,2,1,01,5,5,3,1,001900,1,1,6469,26437
00,1024,1,11A232,17,40362,3,1,0,03,-,1,3,1,28,07/10/1996,1,04,3,2,6,01,4,4,2,1,003000,1, ,6469,0
00,1024,1,11A232,17,40362,4,1,0,02,-,1,3,1,69,14/04/1955,1,02,6,2,5,01,5,3,2,1,002000,1,1,6469,26437
00,1024,1,11A232,17,40362,3,1,0,04,-,1,3,1,20,05/11/2003,1,03,3,2,6,01,7,2,3,1,001600,1, ,6469,0
00,1024,1,11A232,17,40362,4,1,0,03,-,1,2,2,98, ,2,00, ,2,5,07, , , , , ,1, ,6469,0
00,1024,1,11A232,17,40362,1,1,0,02,-,1,2,2,42,17/09/1982,1,07,3,2,1,01,3,7,3,2,009000,1,1,6469,13219
00,1024,1,11A232,17,40362,1,1,0,03,-,1,3,2,07,17/05/2017,2,02,2,1, , , , , , , ,1, ,6469,0
00,1024,1,11A232,17,40362,4,1,0,01,-,1,1,1,91,01/11/1933,2,00, ,2,5,07, , , , , ,1, ,6469,0
00,1024,1,11A232,17,40362,1,1,0,01,-,1,1,1,37,08/11/1986,1,07,5,2,1,01,2,4,3,2,008000,1, ,6469,0
00,1024,1,11A232,17,40362,3,1,0,02,-,1,2,2,59,18/10/1965,1,04,3,2,1,01,3,7,3,2,999999,1, ,6469,0
00,1024,1,11A232,17,40362,4,1,0,04,-,1,7,2,64,04/05/1960,1,02,4,2,1,07, , , , , ,1, ,6469,0
00,1024,1,11A232,17,40369,3,1,0,02,-,1,2,2,67,14/01/1957,1,02,2,2,5,07, , , , , ,1, ,7445,0
00,1024,1,11A232,17,40369,2,1,0,01,-,1,1,1,52,16/03/1972,1,03,3,2,5,01,2,5,2,1,005000,1, ,7445,0
00,1024,1,11A232,17,40369,1,1,0,03,-,1,3,1,12,21/03/2012,1,02,6,1,6,06, , , , , ,1, ,7445,0
00,1024,1,11A232,17,40369,1,1,0,04,-,1,5,1,08,25/02/2016,1,02,2,1, , , , , , , ,1, ,7445,0
00,1024,1,11A232,17,40369,1,1,0,02,-,1,3,2,35,16/09/1989,1,07,2,1,1,01,1,5,3,2,012000,1, ,7445,0
00,1024,1,11A232,17,40369,2,1,0,03,-,1,3,1,32,12/07/1992,1,03,3,2,1,01,5,5,2,1,005000,1, ,7445,0
00,1024,1,11A232,17,40369,3,1,0,01,-,1,1,1,82,20/03/1942,1,02,2,2,5,08, , , , , ,1,1,7445,15212
00,1024,1,11A232,17,40369,2,1,0,05,-,1,3,2,27,02/05/1997,1,07,5,2,6,01,3,7,3,2,999999,1,1,7445,38031
00,1024,1,11A232,17,40369,1,1,0,05,-,1,7,1,34,11/09/1990,1,04,3,2,1,01,4,5,2,1,999999,1, ,7445,0
00,1024,1,11A232,17,40369,4,1,0,01,-,1,1,1,46,04/11/1978,1,02,6,2,2,01,4,3,3,1,001800,1,1,7445,7606
00,1024,1,11A232,17,40369,1,1,0,01,-,1,1,2,64,04/07/1960,1,06,3,2,2,08, , , , , ,1,1,7445,22818
00,1024,1,11A232,17,40369,2,1,0,02,-,1,2,2,48,17/03/1976,1,03,3,2,5,07, , , , , ,1, ,7445,0
00,1024,1,11A232,17,40369,2,1,0,04,-,1,7,2,27,08/02/1997,1,04,3,2,1,07, , , , , ,1, ,7445,0
00,1024,1,11A232,17,40373,1,1,0,02,-,1,3,2,38,22/10/1986,1,04,3,2,2,01,4,4,3,1,009999,1, ,8048,0
00,1024,1,11A232,17,40373,3,1,0,05,-,1,3,2,12,24/10/2012,1,02,6,1,6,06, , , , , ,1, ,8048,0
00,1024,1,11A232,17,40373,3,1,0,01,-,1,1,2,32,12/12/1991,1,02,3,2,1,07, , , , , ,1,1,8048,16444
00,1024,1,11A232,17,40373,3,1,0,02,-,1,2,1,45,19/02/1979,1,02,6,2,1,01,5,3,3,1,009999,1, ,8048,0
00,1024,1,11A232,17,40373,3,1,0,04,-,1,3,1,14,22/08/2010,1,03,2,1,6,06, , , , , ,1, ,8048,0
00,1024,1,11A232,17,40373,4,1,0,02,-,1,2,1,49,09/04/1975,1,02,6,2,5,01,4,3,3,1,002000,1,1,8048,16444
00,1024,1,11A232,17,40373,3,1,0,03,-,1,3,1,16,09/06/2008,1,04,1,1,6,06, , , , , ,1, ,8048,0
00,1024,1,11A232,17,40373,4,1,0,03,-,1,3,2,07,26/08/2017,2,02,1,1, , , , , , , ,1, ,8048,0
00,1024,1,11A232,17,40373,4,1,0,04,-,1,3,2,16,06/12/2007,1,04,2,2,6,01,4,5,3,1,001000,1, ,8048,0
00,1024,1,11A232,17,40373,4,1,0,01,-,1,1,2,47,27/07/1977,1,02,6,2,5,07, , , , , ,1, ,8048,0
00,1024,1,11A232,17,40373,2,1,0,02,-,1,3,1,13,02/11/2011,1,03,1,1,6,06, , , , , ,1, ,8048,0
00,1024,1,11A232,17,40373,1,1,0,03,-,1,5,2,12,25/09/2012,1,02,6,1,6,06, , , , , ,1, ,8048,0
00,1024,1,11A232,17,40373,2,1,0,01,-,1,1,2,35,23/03/1989,1,04,3,2,2,01,3,7,5,3,006500,1,1,8048,8222
00,1024,1,11A232,17,40373,1,1,0,01,-,1,1,2,63,05/04/1961,1,03,3,1,3,07, , , , , ,1,1,8048,16444
14,1024,1,12A232,17,40379,4,1,0,01,-,1,1,1,74,19/02/1950,1,02,1,2,1,04, , , , , ,1, ,5552,0
00,1024,1,12A232,17,40379,3,1,0,02,-,1,2,2,26,08/12/1997,1,07,5,2,1,01,1,5,3,2,003000,1, ,5552,0
14,1024,1,12A232,17,40379,4,1,0,03,-,1,3,2,41,24/05/1983,1,07,5,2,6,01,3,7,3,2,009999,1, ,5552,0
00,1024,1,12A232,17,40379,2,1,0,04,-,1,3,2,26,11/05/1998,1,07,5,2,6,01,3,2,3,2,999999,1, ,5552,0
00,1024,1,12A232,17,40379,2,1,0,02,-,1,2,2,57,20/03/1967,1,06,3,2,5,07, , , , , ,1, ,5552,0
14,1024,1,12A232,17,40379,4,1,0,04,-,1,3,1,35,06/09/1989,1,04,3,2,6,04, , , , , ,1, ,5552,0
00,1024,1,12A232,17,40379,2,1,0,03,-,1,3,2,32,04/09/1992,1,07,5,2,6,01,3,6,3,3,009999,1, ,5552,0
00,1024,1,12A232,17,40379,2,1,0,01,-,1,1,1,63,15/02/1961,1,07,5,2,5,08, , , , , ,1, ,5552,0
14,1024,1,12A232,17,40379,4,1,0,02,-,1,2,2,72,11/05/1952,1,02,4,2,1,07, , , , , ,1, ,5552,0
00,1024,1,12A232,17,40379,1,1,0,02,-,1,3,1,16,18/01/2008,1,03,3,1,6,06, , , , , ,1, ,5552,0
00,1024,1,12A232,17,40379,1,1,0,01,-,1,1,2,47,16/12/1976,1,02,6,2,2,04, , , , , ,1,1,5552,5707
00,1024,1,12A232,17,40379,3,1,0,01,-,1,1,1,26,19/04/1998,1,07,5,2,1,01,1,5,3,2,006000,1,1,5552,11415
00,1024,1,12A232,17,40379,2,1,0,05,-,1,3,1,27,21/07/1997,1,07,5,2,6,01,4,4,3,2,009999,1,1,5552,28537
00,1024,1,12A232,17,40386,4,1,0,05,-,1,5,1,19,26/08/2005,1,04,3,2,6,07, , , , , ,1, ,7269,0
00,1024,1,12A232,17,40386,1,1,0,01,-,1,1,2,42,10/12/1981,1,04,3,2,2,01,4,4,2,1,000800,1, ,7269,0
00,1024,1,12A232,17,40386,4,1,0,02,-,1,3,2,33,10/04/1991,1,03,3,2,5,07, , , , , ,1, ,7269,0
00,1024,1,12A232,17,40386,2,1,0,02,-,1,2,2,42,12/09/1982,1,04,3,2,1,07, , , , , ,1,1,7269,14946
00,1024,1,12A232,17,40386,3,1,0,02,-,1,2,2,43,03/01/1981,1,04,3,2,1,01,1,4,2,1,005000,1, ,7269,0
00,1024,1,12A232,17,40386,1,1,0,04,-,1,3,1,98, ,1,03,3,1,6,06, , , , , ,1, ,7269,0
00,1024,1,12A232,17,40386,1,1,0,03,-,1,3,2,20,01/06/2004,1,07,1,1,6,06, , , , , ,1,1,7269,29893
00,1024,1,12A232,17,40386,4,1,0,04,-,1,5,2,35,12/11/1988,1,04,3,2,6,01,3,5,3,2,999999,1, ,7269,0
00,1024,1,12A232,17,40386,4,1,0,03,-,1,5,1,20,02/01/2004,1,03,3,2,6,01,4,5,3,1,999999,1, ,7269,0
00,1024,1,12A232,17,40386,4,1,0,01,-,1,1,2,60,10/04/1964,2,00, ,2,4,07, , , , , ,1,1,7269,44839
00,1024,1,12A232,17,40386,3,1,0,03,-,1,3,2,19,02/07/2005,1,07,1,1,6,06, , , , , ,1,1,7269,22420
00,1024,1,12A232,17,40386,2,1,0,03,-,1,3,1,09,03/01/2015,1,02,3,1, , , , , , , ,1, ,7269,0
00,1024,1,12A232,17,40386,3,1,0,04,-,1,3,2,05,27/05/2019,2,01,2,1, , , , , , , ,1, ,7269,0
00,1024,1,12A232,17,40386,2,1,0,01,-,1,1,1,82,27/05/1942,1,07,5,2,1,08, , , , , ,1, ,7269,0
00,1024,1,12A232,17,40386,4,1,0,06,-,1,7,1,25,27/01/1999,1,07,5,2,5,01,3,4,3,3,999999,1, ,7269,0
00,1024,1,12A232,17,40386,1,1,0,02,-,1,3,1,98, ,1,07,2,1,6,06, , , , , ,1, ,7269,0
00,1024,1,12A232,17,40386,3,1,0,01,-,1,1,1,36,08/02/1988,1,02,6,2,1,01,5,3,2,1,003500,1, ,7269,0
00,1024,1,12A232,17,40388,3,1,0,01,-,1,1,1,63,23/05/1961,1,03,3,2,5,01,4,4,3,1,001500,1, ,7086,0
00,1024,1,12A232,17,40388,2,1,0,01,-,1,1,1,76,19/08/1948,1,07,5,2,4,08, , , , , ,1,1,7086,7285
00,1024,1,12A232,17,40388,4,1,0,05,-,1,3,1,16,26/07/2008,1,03,3,1,6,06, , , , , ,1, ,7086,0
00,1024,1,12A232,17,40388,3,1,0,02,-,1,2,2,61,17/05/1963,1,03,3,2,5,01,4,4,2,1,001000,1,1,7086,14569
00,1024,1,12A232,17,40388,1,1,0,04,-,1,3,2,18,19/10/2006,1,03,3,2,1,07, , , , , ,1, ,7086,0
00,1024,1,12A232,17,40388,1,1,0,07,-,1,3,1,04,04/04/2020, , , , , , , , , , , ,1, ,7086,0
00,1024,1,12A232,17,40388,1,1,0,01,-,1,1,1,40,13/10/1984,1,03,3,2,5,01,4,4,4,1,000700,1, ,7086,0
00,1024,1,12A232,17,40388,4,1,0,06,-,1,3,2,12,12/03/2012,1,02,4,1,6,06, , , , , ,1, ,7086,0
00,1024,1,12A232,17,40388,1,1,0,05,-,1,3,1,11,20/10/2013,1,02,6,1, , , , , , , ,1, ,7086,0
00,1024,1,12A232,17,40388,4,1,0,04,-,1,7,2,22,28/10/2002,1,04,2,1,1,07, , , , , ,1, ,7086,0
00,1024,1,12A232,17,40388,4,1,0,01,-,1,1,1,52,11/01/1972,1,08,2,2,5,01,3,7,3,2,009999,1,1,7086,29138
00,1024,1,12A232,17,40388,4,1,0,03,-,1,3,1,26,13/04/1998,1,04,3,2,1,01,2,4,3,1,002000,1, ,7086,0
00,1024,1,12A232,17,40388,4,1,0,02,-,1,2,2,98, ,1,04,3,2,5,07, , , , , ,1, ,7086,0
00,1024,1,12A232,17,40388,1,1,0,03,-,1,7,1,22,05/02/2002,1,02,6,2,1,01,4,4,3,1,001000,1, ,7086,0
00,1024,1,12A232,17,40388,1,1,0,02,-,1,2,2,40,23/05/1984,1,03,3,2,5,07, , , , , ,1,1,7086,29138
00,1024,1,12A232,17,40388,1,1,0,06,-,1,3,1,07,14/05/2017,1,01,1,1, , , , , , , ,1, ,7086,0
00,1024,1,12A232,17,40395,1,1,0,01,-,1,1,1,76,26/10/1948,1,06,3,2,5,08, , , , , ,1,1,6868,28244
00,1024,1,12A232,17,40395,1,1,0,03,-,1,3,2,35,30/10/1989,1,07,5,2,5,01,5,5,2,1,999999,1, ,6868,0
00,1024,1,12A232,17,40395,1,1,0,04,-,1,7,1,98, ,1,07,5,2,5,01,4,5,3,2,999999,1, ,6868,0
00,1024,1,12A232,17,40395,2,1,0,03,-,1,7,1,26,05/11/1997,1,07,5,2,6,01,5,5,3,2,004000,1,1,6868,21183
00,1024,1,12A232,17,40395,4,1,0,04,-,1,5,2,20,14/08/2004,1,07,1,1,6,06, , , , , ,1, ,6868,0
00,1024,1,12A232,17,40395,4,1,0,07,-,1,5,1,12,09/01/2012,1,02,6,1,6,06, , , , , ,1, ,6868,0
00,1024,1,12A232,17,40395,4,1,0,05,-,1,3,2,45,01/03/1979,1,07,5,2,3,01,1,1,2,1,000200,1, ,6868,0
00,1024,1,12A232,17,40395,4,1,0,03,-,1,3,2,53,19/11/1970,1,07,5,2,6,01,4,4,5,3,009999,1, ,6868,0
00,1024,1,12A232,17,40395,1,1,0,02,-,1,2,2,70,20/02/1954,1,03,3,2,5,07, , , , , ,1, ,6868,0
00,1024,1,12A232,17,40395,2,1,0,01,-,1,1,2,62,05/08/1962,1,07,5,2,6,08, , , , , ,1, ,6868,0
00,1024,1,12A232,17,40395,4,1,0,02,-,1,3,1,55,30/05/1969,1,04,3,2,6,01,4,4,2,1,009999,1,1,6868,35305
00,1024,1,12A232,17,40395,4,1,0,06,-,1,5,1,15,07/02/2009,1,03,3,1,6,06, , , , , ,1, ,6868,0
00,1024,1,12A232,17,40395,2,1,0,02,-,1,7,2,22,31/08/2002,1,07,3,1,6,06, , , , , ,1, ,6868,0
00,1024,1,12A232,17,40395,4,1,0,01,-,1,1,2,88,28/11/1935,1,06,3,2,4,08, , , , , ,1, ,6868,0
00,1024,1,12A232,17,40399,1,1,0,01,-,1,1,1,27,04/02/1997,1,03,3,2,5,01,4,3,3,1,009999,1,1,6997,14387
00,1024,1,12A232,17,40399,2,1,0,02,-,1,2,2,59,12/05/1965,1,02,6,2,1,01,4,4,2,1,009999,1,1,6997,14387
00,1024,1,12A232,17,40399,3,1,0,01,-,1,1,1,30,10/02/1994,1,04,3,2,1,01,5,5,2,1,002000,1,1,6997,14387
00,1024,1,12A232,17,40399,4,1,0,01,-,1,1,2,60,14/09/1964,1,02,6,2,2,01,4,4,2,1,000080,1,1,6997,7193
00,1024,1,12A232,17,40399,1,1,0,02,-,1,2,2,26,23/10/1998,1,06,3,2,5,07, , , , , ,1, ,6997,0
00,1024,1,12A232,17,40399,3,1,0,03,-,1,2,2,30,22/10/1994,1,07,5,2,1,01,3,5,3,2,004000,1, ,6997,0
00,1024,1,12A232,17,40399,3,1,0,02,-,1,3,2,09,25/11/2014,1,02,4,1, , , , , , , ,1, ,6997,0
00,1024,1,12A232,17,40399,2,1,0,01,-,1,1,1,63,10/12/1960,1,02,6,2,1,01,4,4,2,1,009999,1, ,6997,0
00,1024,1,13A232,17,40409,1,1,0,01,-,1,1,2,71,22/11/1952,1,06,3,2,4,09, , , , , ,1,1,9678,10303
00,1024,1,13A232,17,40409,3,1,0,01,-,1,1,1,44,16/09/1980,1,09,4,2,6,01,1,5,3,2,015000,1,1,9678,10303
00,1024,1,13A232,17,40409,2,1,0,02,-,1,2,1,35,18/06/1989,1,07,5,2,5,01,3,7,3,2,010500,1, ,9678,0
00,1024,1,13A232,17,40409,4,1,0,01,-,1,1,1,91,04/07/1933,1,02,6,2,4,08, , , , , ,1, ,9678,0
00,1024,1,13A232,17,40409,4,1,0,02,-,1,3,2,60,01/12/1963,1,07,5,2,6,08, , , , , ,1,1,9678,20605
00,1024,1,13A232,17,40409,2,1,0,01,-,1,1,1,32,25/04/1992,1,07,5,2,5,01,3,5,3,2,013000,1,1,9678,20605
00,1024,1,13A232,17,40412,4,1,0,02,-,1,3,1,11,12/07/2013,1,02,4,1, , , , , , , ,1, ,6946,0
00,1024,1,13A232,17,40412,1,1,0,02,-,1,3,2,12,05/08/2012,1,02,6,1,6,06, , , , , ,1, ,6946,0
00,1024,1,13A232,17,40412,1,1,0,01,-,1,1,2,44,15/06/1980,1,07,5,2,2,01,3,7,3,2,999999,1,1,6946,7394
00,1024,1,13A232,17,40412,4,1,0,01,-,1,1,2,34,12/09/1990,1,04,3,2,2,01,4,4,2,1,999999,1,1,6946,7394
00,1024,1,13A232,17,40412,4,1,0,03,-,1,3,1,08,06/05/2016,1,02,1,1, , , , , , , ,1, ,6946,0
00,1024,1,13A232,17,40412,2,1,0,01,-,1,1,2,81,17/08/1943,1,07,5,2,4,08, , , , , ,1,1,6946,7394
00,1024,1,13A232,17,40412,1,1,0,03,-,1,3,2,10,15/03/2014,1,02,4,1, , , , , , , ,1, ,6946,0
00,1024,1,11A232,18,40350,1,1,0,02,-,1,2,2,63,01/03/1961,2,02,2,2,5,01,4,5,3,1,000500,1,1,8273,16904
00,1024,1,11A232,18,40350,3,1,0,03,-,1,5,2,42,12/10/1982,1,03,3,2,1,01,4,4,2,1,002500,1, ,8273,0
00,1024,1,11A232,18,40350,3,1,0,01,-,1,1,2,91,23/10/1933,1,00, ,2,4,09, , , , , ,1, ,8273,0
00,1024,1,11A232,18,40350,4,1,0,01,-,1,1,2,70,26/06/1954,1,02,3,2,4,09, , , , , ,1,1,8273,8452
00,1024,1,11A232,18,40350,3,1,0,02,-,1,3,1,68,18/05/1956,1,02,2,2,6,01,4,4,2,1,001000,1,1,8273,25356
00,1024,1,11A232,18,40350,1,1,0,01,-,1,1,1,74,14/02/1950,1,02,6,2,5,01,6,1,2,1,000500,1, ,8273,0
00,1024,1,11A232,18,40350,2,1,0,01,-,1,1,2,76,12/06/1948,1,06,2,2,4,07, , , , , ,1,1,8273,8452
00,1024,1,11A232,18,40351,1,1,0,01,-,1,1,2,34,19/06/1990,1,07,5,2,2,01,3,5,3,2,006000,1,1,9771,9983
00,1024,1,11A232,18,40351,2,1,0,03,-,1,3,2,11,29/12/2012,1,02,6,1, , , , , , , ,1, ,9771,0
00,1024,1,11A232,18,40351,3,1,0,01,-,1,1,2,54,23/05/1970,1,02,6,2,5,07, , , , , ,1, ,9771,0
00,1024,1,11A232,18,40351,3,1,0,04,-,1,5,1,14,16/05/2010,1,03,2,1,6,06, , , , , ,1, ,9771,0
00,1024,1,11A232,18,40351,1,1,0,02,-,1,3,1,15,27/10/2009,1,03,3,1,6,06, , , , , ,1, ,9771,0
00,1024,1,11A232,18,40351,4,1,0,01,-,1,1,1,35,08/03/1989,1,08,3,2,6,01,3,5,3,2,013500,1,1,9771,9983
00,1024,1,11A232,18,40351,2,1,0,02,-,1,2,2,27,22/12/1996,1,07,5,2,1,01,1,5,3,2,005000,1, ,9771,0
00,1024,1,11A232,18,40351,2,1,0,01,-,1,1,1,29,21/01/1995,1,04,3,2,1,01,4,4,3,2,008000,1,1,9771,19966
00,1024,1,11A232,18,40351,3,1,0,05,-,1,5,2,09,28/04/2015,1,02,2,1, , , , , , , ,1, ,9771,0
00,1024,1,11A232,18,40351,3,1,0,03,-,1,5,2,17,27/08/2007,1,03,3,1,2,06, , , , , ,1, ,9771,0
00,1024,1,11A232,18,40351,3,1,0,02,-,1,2,1,73,03/05/1951,1,05,5,2,5,08, , , , , ,1,1,9771,19966
00,1024,1,11A232,18,40351,3,1,0,06,-,1,5,2,00,21/08/2024, , , , , , , , , , , ,1, ,9771,0
00,1024,1,12A232,18,40360,1,1,0,03,-,1,3,1,20,12/05/2004,1,07,1,2,1,01,5,4,3,1,002500,1, ,6856,0
00,1024,1,12A232,18,40360,4,1,0,03,-,1,5,1,15,26/02/2009,1,03,3,1,6,06, , , , , ,1, ,6856,0
00,1024,1,12A232,18,40360,4,1,0,02,-,1,3,2,36,13/10/1988,1,08,2,1,2,01,3,7,3,2,010000,1,1,6856,14096
00,1024,1,12A232,18,40360,2,1,0,02,-,1,3,1,21,19/01/2003,1,07,1,1,6,06, , , , , ,1, ,6856,0
00,1024,1,12A232,18,40360,3,1,0,03,-,1,3,2,25,01/06/1999,1,07,5,1,6,01,1,5,3,2,004000,1, ,6856,0
00,1024,1,12A232,18,40360,2,1,0,04,-,1,3,1,17,10/06/2007,1,04,1,1,6,06, , , , , ,1, ,6856,0
00,1024,1,12A232,18,40360,2,1,0,03,-,1,3,1,19,10/01/2005,1,04,3,1,6,06, , , , , ,1,1,6856,21144
00,1024,1,12A232,18,40360,2,1,0,01,-,1,1,2,98, ,1,07,5,2,3,01,4,4,2,1,002000,1, ,6856,0
00,1024,1,12A232,18,40360,1,1,0,04,-,1,5,2,19,03/03/2005,1,07,1,2,1,01,5,5,3,1,999999,1, ,6856,0
00,1024,1,12A232,18,40360,1,1,0,06,-,1,4,2,66,09/07/1958,1,03,3,2,4,01,5,5,3,1,000500,1, ,6856,0
00,1024,1,12A232,18,40360,3,1,0,02,-,1,2,2,56,24/01/1968,1,03,3,2,5,07, , , , , ,1,1,6856,21144
00,1024,1,12A232,18,40360,1,1,0,05,-,1,3,2,15,04/09/2009,1,03,3,1,6,06, , , , , ,1, ,6856,0
00,1024,1,12A232,18,40360,4,1,0,01,-,1,1,2,56,12/02/1968,1,08,2,2,3,01,1,7,3,2,007000,1, ,6856,0
00,1024,1,12A232,18,40360,1,1,0,01,-,1,1,1,49,21/12/1974,1,04,3,2,5,01,4,4,3,1,003000,1,1,6856,35241
00,1024,1,12A232,18,40360,1,1,0,02,-,1,2,2,43,12/08/1981,1,04,3,2,5,07, , , , , ,1, ,6856,0
00,1024,1,12A232,18,40360,3,1,0,01,-,1,1,1,98, ,1,07,5,2,5,01,3,7,3,2,005000,1, ,6856,0
00,1024,1,12A232,18,40367,2,1,0,01,-,1,1,2,39,10/12/1984,1,07,3,2,6,01,4,4,3,1,001700,1,1,7687,7902
00,1024,1,12A232,18,40367,4,1,0,01,-,1,1,2,73,09/06/1951,1,06,3,2,2,08, , , , , ,1,1,7687,7902
00,1024,1,12A232,18,40367,1,1,0,02,-,1,2,2,48,11/09/1976,1,04,3,2,5,07, , , , , ,1,1,7687,31609
00,1024,1,12A232,18,40367,1,1,0,04,-,1,3,1,23,18/11/2000,1,07,5,2,1,01,4,4,3,1,002000,1, ,7687,0
00,1024,1,12A232,18,40367,3,1,0,01,-,1,1,2,75,25/08/1949,1,05,4,2,2,08, , , , , ,1,1,7687,7902
00,1024,1,12A232,18,40367,1,1,0,01,-,1,1,1,51,07/03/1973,1,04,3,2,5,01,4,4,3,1,006000,1, ,7687,0
00,1024,1,12A232,18,40367,1,1,0,03,-,1,3,2,25,08/06/1999,1,07,5,2,2,01,1,5,3,2,006000,1, ,7687,0
00,1024,1,12A232,18,40367,1,1,0,05,-,1,3,1,17,23/01/2007,1,04,2,1,6,06, , , , , ,1, ,7687,0
00,1024,1,12A232,18,40369,4,1,0,04,-,1,3,2,15,23/01/2009,1,03,3,1,6,06, , , , , ,1, ,6990,0
00,1024,1,12A232,18,40369,4,1,0,01,-,1,1,2,43,02/09/1981,1,07,3,2,3,01,3,7,3,2,000999,1,1,6990,14372
00,1024,1,12A232,18,40369,3,1,0,02,-,1,3,2,29,18/10/1995,1,07,3,2,6,01,3,7,3,2,006000,1, ,6990,0
00,1024,1,12A232,18,40369,2,1,0,03,-,1,3,1,14,30/03/2010,1,03,2,1,6,06, , , , , ,1, ,6990,0
00,1024,1,12A232,18,40369,1,1,0,01,-,1,1,1,72,15/07/1952,1,05,4,2,5,01,5,5,2,1,000300,1, ,6990,0
00,1024,1,12A232,18,40369,3,1,0,03,-,1,3,2,22,30/05/2002,1,02,6,1,6,06, , , , , ,1, ,6990,0
00,1024,1,12A232,18,40369,3,1,0,01,-,1,1,2,57,28/10/1967,1,06,3,2,2,01,3,7,3,2,006000,1,1,6990,21557
00,1024,1,12A232,18,40369,2,1,0,01,-,1,1,1,37,23/07/1987,1,03,3,2,5,01,5,5,3,1,004000,1,1,6990,14372
00,1024,1,12A232,18,40369,2,1,0,02,-,1,2,2,33,21/10/1991,1,04,3,2,5,07, , , , , ,1, ,6990,0
00,1024,1,12A232,18,40369,4,1,0,02,-,1,4,1,98, ,1,07,4,2,4,01,3,7,3,2,000999,1, ,6990,0
00,1024,1,12A232,18,40369,4,1,0,03,-,1,3,1,17,05/09/2007,1,04,2,1,6,06, , , , , ,1, ,6990,0
00,1024,1,12A232,18,40369,1,1,0,03,-,1,3,1,22,05/03/2002,1,06,2,2,6,01,1,5,3,1,001800,1,1,6990,21557
00,1024,1,12A232,18,40369,1,1,0,02,-,1,2,2,67,30/01/1957,1,08,2,2,5,08, , , , , ,1, ,6990,0
00,1024,1,12A232,18,40369,2,1,0,04,-,1,3,1,08,19/11/2015,1,02,3,1, , , , , , , ,1, ,6990,0
00,1024,1,12A232,18,40382,3,1,0,01,-,1,1,2,61,05/06/1963,1,07,5,2,6,08, , , , , ,1, ,7466,0
00,1024,1,12A232,18,40382,3,1,0,02,-,1,6,2,59,07/05/1965,1,07,5,2,3,09, , , , , ,1,1,7466,15351
00,1024,1,12A232,18,40382,1,1,0,01,-,1,1,1,70,25/07/1954,1,00, ,2,4,10, , , , , ,1,1,7466,15351
00,1024,1,12A232,18,40382,2,1,0,01,-,1,1,2,51,09/06/1973,1,07,5,2,5,01,1,5,3,2,004000,1, ,7466,0
00,1024,1,12A232,18,40382,2,1,0,03,-,1,2,1,51,05/09/1973,1,07,3,2,5,01,4,5,2,1,003000,1,1,7466,23026
00,1024,1,12A232,18,40382,2,1,0,02,-,1,3,2,21,31/12/2002,1,07,4,1,6,06, , , , , ,1, ,7466,0
00,1024,1,12A232,18,40382,1,1,0,02,-,1,3,1,98, ,1,99, ,2,3,01,5,5,3,1,999999,1, ,7466,0
00,1024,1,12A232,18,40389,2,1,0,01,-,1,1,1,58,16/02/1966,1,07,5,2,5,01,1,3,3,1,002500,1,1,7196,14796
00,1024,1,12A232,18,40389,2,1,0,02,-,1,2,2,55,09/07/1969,1,07,5,2,5,01,1,5,2,3,003000,1, ,7196,0
00,1024,1,12A232,18,40389,3,1,0,01,-,1,1,2,70,27/01/1954,1,07,5,2,4,08, , , , , ,1,1,7196,7398
00,1024,1,12A232,18,40389,1,1,0,02,-,1,3,2,18,24/01/2006,1,04,3,1,6,06, , , , , ,1, ,7196,0
00,1024,1,12A232,18,40389,1,1,0,01,-,1,1,2,46,11/09/1978,1,07,5,2,3,01,3,7,3,2,020000,1,1,7196,14796
00,1024,1,12A232,18,40395,1,1,0,01,-,1,1,2,41,13/11/1982,1,09,2,2,2,01,3,5,3,2,010000,1,1,7616,7829
00,1024,1,12A232,18,40395,4,1,0,02,-,1,2,2,76,21/06/1948,1,02,6,2,5,08, , , , , ,1, ,7616,0
00,1024,1,12A232,18,40395,2,1,0,01,-,1,1,1,33,30/11/1990,1,07,5,2,6,01,3,5,5,1,012000,1,1,7616,7829
00,1024,1,12A232,18,40395,4,1,0,03,-,1,3,1,54,09/12/1969,1,07,5,2,6,01,1,5,3,2,005000,1,1,7616,23488
00,1024,1,12A232,18,40395,1,1,0,02,-,1,3,1,09,07/01/2015,1,02,3,1, , , , , , , ,1, ,7616,0
00,1024,1,12A232,18,40395,3,1,0,01,-,1,1,2,38,19/03/1986,1,08,3,2,6,01,4,5,2,2,005000,1,1,7616,7829
00,1024,1,12A232,18,40395,4,1,0,01,-,1,1,1,84,14/05/1940,1,04,2,2,5,08, , , , , ,1, ,7616,0
00,1024,1,12A232,18,40395,3,1,0,02,-,1,3,1,14,20/04/2010,1,03,2,1,6,06, , , , , ,1, ,7616,0
16,1024,1,12A232,18,40399,1,1,0,03,-,1,2,1,76,26/09/1948,1,02,2,2,5,09, , , , , ,1, ,7862,0
00,1024,1,12A232,18,40399,2,1,0,02,-,1,4,2,79,20/02/1945,2,00, ,2,4,07, , , , , ,1, ,7862,0
00,1024,1,12A232,18,40399,2,1,0,05,-,1,3,1,27,08/06/1997,1,03,3,2,6,04, , , , , ,1, ,7862,0
00,1024,1,12A232,18,40399,2,1,0,07,-,1,6,1,55,05/05/1969,1,02,6,2,6,01,1,5,3,1,001700,1, ,7862,0
00,1024,1,12A232,18,40399,3,1,0,04,-,1,3,2,11,18/01/2013,1,02,5,1, , , , , , , ,1, ,7862,0
00,1024,1,12A232,18,40399,2,1,0,03,-,1,2,1,50,31/07/1974,1,03,3,2,5,01,6,1,3,1,001700,1,1,7862,48496
00,1024,1,12A232,18,40399,3,1,0,01,-,1,1,1,40,06/11/1983,1,03,3,2,1,01,4,4,2,1,002500,1,1,7862,16165
00,1024,1,12A232,18,40399,3,1,0,02,-,1,2,2,40,29/07/1984,1,07,5,2,1,05, , , , , ,1, ,7862,0
16,1024,1,12A232,18,40399,1,1,0,02,-,1,3,1,32,06/10/1992,2,00, ,2,6,09, , , , , ,1, ,7862,0
00,1024,1,12A232,18,40399,2,1,0,06,-,1,3,1,13,17/06/2011,1,03,1,1,6,06, , , , , ,1, ,7862,0
00,1024,1,12A232,18,40399,3,1,0,05,-,1,3,2,02,26/04/2022, , , , , , , , , , , ,1, ,7862,0
00,1024,1,12A232,18,40399,3,1,0,03,-,1,3,1,14,08/07/2010,1,03,2,1,6,06, , , , , ,1, ,7862,0
00,1024,1,12A232,18,40399,2,1,0,01,-,1,1,2,47,02/05/1977,1,02,6,2,5,07, , , , , ,1, ,7862,0
00,1024,1,12A232,18,40399,2,1,0,04,-,1,3,1,25,28/08/1999,1,04,3,2,6,01,5,3,3,1,001500,1, ,7862,0
16,1024,1,12A232,18,40399,1,1,0,01,-,1,1,2,75,25/12/1948,2,00, ,2,5,07, , , , , ,1, ,7862,0
00,1024,1,13A232,18,40403,4,1,0,01,-,1,1,1,40,01/08/1984,1,07,5,2,5,03,1,5,3,2,012000,1,1,9990,10634
00,1024,1,13A232,18,40403,1,1,0,02,-,1,2,2,38,12/08/1986,1,07,5,2,5,01,3,7,3,2,020000,1,1,9990,21269
00,1024,1,13A232,18,40403,2,1,0,01,-,1,1,2,67,01/05/1957,1,05,4,2,6,08, , , , , ,1,1,9990,10634
00,1024,1,13A232,18,40403,3,1,0,02,-,1,3,2,10,09/09/2014,1,02,4,1, , , , , , , ,1, ,9990,0
00,1024,1,13A232,18,40403,3,1,0,01,-,1,1,2,46,19/09/1978,1,07,4,2,6,01,3,5,3,2,007000,1,1,9990,10634
00,1024,1,13A232,18,40403,1,1,0,01,-,1,1,1,39,27/07/1985,1,07,5,2,5,01,1,5,2,1,005000,1, ,9990,0
00,1024,1,13A232,18,40406,3,1,0,01,-,1,1,1,51,17/11/1972,1,04,3,2,5,01,3,5,3,2,005000,1,1,10461,33408
00,1024,1,13A232,18,40406,3,1,0,03,-,1,3,1,26,02/01/1998,1,07,5,2,6,01,5,5,2,1,002000,1, ,10461,0
00,1024,1,13A232,18,40406,4,1,0,01,-,1,1,2,26,15/09/1998,1,07,5,2,6,01,3,5,3,2,006000,1, ,10461,0
15,1024,1,13A232,18,40406,1,1,0,01,-,1,1,2,92,06/08/1932,1,02,3,2,4,09, , , , , ,1, ,10461,0
15,1024,1,13A232,18,40406,1,1,0,02,-,1,3,2,68,11/11/1956,1,09,2,2,3,01,2,7,3,2,015000,1, ,10461,0
00,1024,1,13A232,18,40406,4,1,0,03,-,1,6,2,27,05/12/1996,1,07,5,2,2,05, , , , , ,1,1,10461,33408
00,1024,1,13A232,18,40406,4,1,0,02,-,1,4,2,57,16/03/1967,1,07,5,2,3,08, , , , , ,1, ,10461,0
00,1024,1,13A232,18,40406,2,1,0,01,-,1,1,1,53,15/01/1971,1,07,3,2,5,01,4,4,2,1,002100,1, ,10461,0
00,1024,1,13A232,18,40406,2,1,0,04,-,1,3,1,20,02/07/2004,1,07,3,1,6,06, , , , , ,1,1,10461,44544
00,1024,1,13A232,18,40406,2,1,0,03,-,1,3,1,23,23/09/2001,1,07,5,1,6,06, , , , , ,1, ,10461,0
00,1024,1,13A232,18,40406,4,1,0,04,-,1,7,2,00,16/01/2024, , , , , , , , , , , ,1, ,10461,0
00,1024,1,13A232,18,40406,3,1,0,02,-,1,2,2,54,21/10/1970,1,07,5,2,5,01,4,4,2,1,000800,1, ,10461,0
00,1024,1,13A232,18,40406,2,1,0,02,-,1,2,2,50,13/07/1974,1,07,5,2,5,01,5,5,2,1,000450,1, ,10461,0
15,1024,1,13A232,18,40406,1,1,0,03,-,1,5,1,98, ,1,03,3,2,6,01,4,5,2,1,001200,1, ,10461,0
00,1024,1,13A232,18,40408,3,1,0,01,-,1,1,2,77,07/10/1947,1,06,3,2,6,08, , , , , ,1,1,9394,10000
00,1024,1,13A232,18,40408,4,1,0,01,-,1,1,2,74,28/06/1950,1,05,3,2,6,08, , , , , ,1,1,9394,10000
00,1024,1,13A232,18,40408,2,1,0,01,-,1,1,1,32,04/07/1992,1,04,3,2,6,01,4,4,3,2,008000,1,1,9394,10000
00,1024,1,13A232,18,40408,1,1,0,03,-,1,3,2,22,30/09/2002,1,07,2,1,6,06, , , , , ,1,1,9394,29999
00,1024,1,13A232,18,40408,1,1,0,01,-,1,1,1,53,18/10/1971,1,03,3,1,5,01,4,4,2,1,006000,1, ,9394,0
00,1024,1,13A232,18,40408,1,1,0,02,-,1,2,2,50,22/06/1974,1,07,5,2,5,01,3,5,3,2,014000,1, ,9394,0
00,1024,1,11A232,19,40005,2,1,0,01,-,1,1,1,52,04/10/1972,1,02,6,2,6,01,1,2,3,1,003000,1,1,8484,17336
00,1024,1,11A232,19,40005,2,1,0,02,-,1,3,1,24,04/12/1999,1,02,6,2,6,01,2,5,3,2,004000,1, ,8484,0
00,1024,1,11A232,19,40005,4,1,0,01,-,1,1,1,53,15/10/1971,1,02,5,2,3,01,1,3,2,1,003000,1,1,8484,8668
00,1024,1,11A232,19,40005,1,1,0,03,-,1,3,2,36,28/09/1988,1,04,3,2,6,01,4,4,3,1,003000,1, ,8484,0
00,1024,1,11A232,19,40005,1,1,0,05,-,1,5,1,10,21/01/2014,1,02,4,1, , , , , , , ,1, ,8484,0
00,1024,1,11A232,19,40005,3,1,0,01,-,1,1,2,66,05/02/1958,1,02,6,2,4,01,5,9,2,1,001000,1,1,8484,8668
00,1024,1,11A232,19,40005,1,1,0,02,-,1,2,2,59,05/05/1965,1,03,3,2,5,01,5,5,3,1,002000,1, ,8484,0
00,1024,1,11A232,19,40005,1,1,0,01,-,1,1,1,65,09/05/1959,1,03,3,2,5,01,1,2,3,1,002000,1,1,8484,26004
00,1024,1,11A232,19,40005,1,1,0,04,-,1,5,2,16,23/07/2008,1,04,1,1,6,06, , , , , ,1, ,8484,0
00,1024,1,11A232,19,40006,4,1,0,03,-,1,3,1,20,04/01/2004,1,03,3,2,6,01,1,5,2,1,003000,1,1,9285,28460
00,1024,1,11A232,19,40006,3,1,0,01,-,1,1,1,34,27/06/1990,1,04,2,2,1,01,5,5,3,1,002000,1, ,9285,0
00,1024,1,11A232,19,40006,3,1,0,02,-,1,2,2,23,17/11/2000,1,04,2,2,1,07, , , , , ,1,1,9285,18973
00,1024,1,11A232,19,40006,2,1,0,05,-,1,3,2,00,22/04/2024, , , , , , , , , , , ,1, ,9285,0
00,1024,1,11A232,19,40006,3,1,0,04,-,1,3,2,01,10/09/2023, , , , , , , , , , , ,1, ,9285,0
00,1024,1,11A232,19,40006,2,1,0,02,-,1,2,2,24,13/05/2000,1,03,2,2,1,07, , , , , ,1,1,9285,18973
00,1024,1,11A232,19,40006,4,1,0,02,-,1,2,2,49,15/03/1975,1,02,6,2,5,07, , , , , ,1, ,9285,0
00,1024,1,11A232,19,40006,2,1,0,03,-,1,3,1,04,09/05/2020, , , , , , , , , , , ,1, ,9285,0
00,1024,1,11A232,19,40006,2,1,0,01,-,1,1,1,24,11/06/2000,1,03,3,2,1,01,1,2,3,1,002500,1, ,9285,0
00,1024,1,11A232,19,40006,4,1,0,01,-,1,1,1,51,10/11/1973,1,03,3,2,5,01,4,3,3,1,003000,1, ,9285,0
00,1024,1,11A232,19,40006,3,1,0,03,-,1,3,2,02,26/09/2022, , , , , , , , , , , ,1, ,9285,0
00,1024,1,11A232,19,40006,2,1,0,04,-,1,3,1,02,16/04/2022, , , , , , , , , , , ,1, ,9285,0
00,1024,1,11A232,19,40018,4,1,0,01,-,1,1,1,46,29/05/1978,1,02,3,2,1,01,7,3,3,1,003000,1,1,9652,29582
00,1024,1,11A232,19,40018,2,1,0,03,-,1,3,2,18,27/11/2005,1,03,3,2,6,01,7,2,3,1,001800,1,1,9652,29582
00,1024,1,11A232,19,40018,3,1,0,03,-,1,3,2,08,13/07/2016,1,02,2,1, , , , , , , ,1, ,9652,0
00,1024,1,11A232,19,40018,1,1,0,03,-,1,3,1,26,08/08/1998,1,03,3,2,6,01,7,2,3,1,002500,1, ,9652,0
00,1024,1,11A232,19,40018,1,1,0,04,-,1,3,1,21,30/03/2003,1,04,3,2,6,01,4,4,3,1,001500,1, ,9652,0
00,1024,1,11A232,19,40018,1,1,0,02,-,1,2,2,51,25/08/1973,1,03,3,2,6,07, , , , , ,1, ,9652,0
00,1024,1,11A232,19,40018,2,1,0,01,-,1,1,1,31,19/10/1993,1,03,3,2,1,01,7,3,3,1,004000,1, ,9652,0
00,1024,1,11A232,19,40018,3,1,0,01,-,1,1,1,38,17/06/1986,1,03,3,2,1,01,7,3,3,1,002500,1,1,9652,19722
00,1024,1,11A232,19,40018,2,1,0,04,-,1,3,2,16,16/10/2008,1,03,3,2,6,07, , , , , ,1, ,9652,0
00,1024,1,11A232,19,40018,3,1,0,02,-,1,2,2,36,01/01/1988,1,03,3,2,1,07, , , , , ,1, ,9652,0
00,1024,1,11A232,19,40018,4,1,0,02,-,1,2,2,43,23/07/1981,1,02,6,2,1,07, , , , , ,1, ,9652,0
00,1024,1,11A232,19,40018,1,1,0,01,-,1,1,1,55,06/02/1969,1,03,3,2,5,01,4,4,3,1,002000,1,1,9652,39443
00,1024,1,11A232,19,40018,3,1,0,04,-,1,3,1,07,21/06/2017,1,02,1,1, , , , , , , ,1, ,9652,0
00,1024,1,11A232,19,40018,2,1,0,02,-,1,2,2,38,04/02/1986,1,02,6,2,1,01,7,2,3,1,001800,1, ,9652,0
00,1024,1,11A232,19,40018,4,1,0,03,-,1,3,2,18,01/10/2006,1,03,3,2,6,07, , , , , ,1, ,9652,0
00,1024,1,11A232,19,40023,3,1,0,01,-,1,1,1,55,22/02/1969,1,03,3,2,6,01,5,5,2,3,012000,1,1,9521,9727
00,1024,1,11A232,19,40023,2,1,0,02,-,1,2,2,38,04/03/1986,1,03,3,2,5,07, , , , , ,1, ,9521,0
00,1024,1,11A232,19,40023,2,1,0,03,-,1,3,2,15,21/06/2009,1,03,3,1,6,06, , , , , ,1, ,9521,0
00,1024,1,11A232,19,40023,2,1,0,01,-,1,1,1,41,10/05/1983,1,03,3,2,5,01,5,2,3,1,002000,1,1,9521,19455
00,1024,1,11A232,19,40023,4,1,0,01,-,1,1,1,55,04/04/1969,1,03,3,2,6,01,5,5,3,2,003200,1,1,9521,19455
00,1024,1,11A232,19,40023,1,1,0,01,-,1,1,1,45,05/09/1979,1,03,3,2,6,01,5,5,3,1,001800,1,1,9521,9727
00,1024,1,11A232,19,40023,2,1,0,04,-,1,3,1,08,15/09/2016,1,02,2,1, , , , , , , ,1, ,9521,0
00,1024,1,11A232,19,40023,4,1,0,02,-,1,6,2,41,17/12/1982,1,03,3,2,6,01,5,5,3,2,000099,1, ,9521,0
00,1024,1,11A232,19,40024,2,1,0,05,-,1,3,2,00,03/08/2024, , , , , , , , , , , ,1, ,8189,0
00,1024,1,11A232,19,40024,2,1,0,01,-,1,1,1,34,07/10/1990,1,03,3,2,1,01,5,3,3,1,002500,1, ,8189,0
00,1024,1,11A232,19,40024,2,1,0,02,-,1,2,2,33,23/08/1991,1,03,3,2,1,07, , , , , ,1,1,8189,16733
00,1024,1,11A232,19,40024,2,1,0,04,-,1,3,2,04,28/07/2020, , , , , , , , , , , ,1, ,8189,0
00,1024,1,11A232,19,40024,2,1,0,03,-,1,3,2,12,15/10/2012,1,02,6,1,6,06, , , , , ,1, ,8189,0
00,1024,1,11A232,19,40024,1,1,0,01,-,1,1,2,49,24/08/1975,1,03,3,2,6,01,5,5,4,1,001750,1,1,8189,25100
00,1024,1,11A232,19,40024,1,1,0,04,-,1,3,1,12,01/04/2012,1,02,6,1,6,06, , , , , ,1, ,8189,0
00,1024,1,11A232,19,40024,3,1,0,03,-,1,3,2,19,20/09/2005,1,03,3,1,6,06, , , , , ,1, ,8189,0
00,1024,1,11A232,19,40024,1,1,0,02,-,1,3,2,25,15/12/1998,1,03,3,2,6,07, , , , , ,1, ,8189,0
00,1024,1,11A232,19,40024,3,1,0,04,-,1,3,1,12,26/09/2012,1,02,6,1,6,06, , , , , ,1, ,8189,0
00,1024,1,11A232,19,40024,4,1,0,05,-,1,3,1,16,12/07/2008,1,03,3,1,6,06, , , , , ,1, ,8189,0
00,1024,1,11A232,19,40024,3,1,0,02,-,1,2,2,45,25/05/1979,1,03,3,2,5,07, , , , , ,1,1,8189,25100
00,1024,1,11A232,19,40024,4,1,0,01,-,1,1,2,42,13/02/1982,1,03,3,2,5,01,4,5,2,3,003000,1,1,8189,33467
00,1024,1,11A232,19,40024,4,1,0,02,-,1,2,1,45,15/09/1979,1,03,3,2,5,01,5,5,3,1,002500,1, ,8189,0
00,1024,1,11A232,19,40024,1,1,0,06,-,1,5,1,02,04/08/2022, , , , , , , , , , , ,1, ,8189,0
00,1024,1,11A232,19,40024,4,1,0,04,-,1,3,1,25,22/09/1999,1,07,4,2,6,01,1,5,3,1,002000,1, ,8189,0
00,1024,1,11A232,19,40024,4,1,0,03,-,1,3,1,22,12/09/2002,1,04,3,1,6,06, , , , , ,1, ,8189,0
00,1024,1,11A232,19,40024,1,1,0,07,-,1,3,1,07,26/11/2016,1,02,2,1, , , , , , , ,1, ,8189,0
00,1024,1,11A232,19,40024,3,1,0,01,-,1,1,1,56,06/06/1968,1,04,3,2,5,01,5,5,2,2,004000,1, ,8189,0
00,1024,1,11A232,19,40024,1,1,0,03,-,1,3,1,25,15/12/1998,1,03,3,2,6,01,5,5,4,1,002000,1, ,8189,0
00,1024,1,11A232,19,40024,1,1,0,05,-,1,5,2,07,09/01/2017,1,01,3,1, , , , , , , ,1, ,8189,0
00,1024,1,11A232,19,40031,2,1,0,06,-,1,3,1,41,23/03/1983,1,03,3,2,2,01,7,2,3,1,002000,1, ,7564,0
00,1024,1,11A232,19,40031,2,1,0,01,-,1,1,1,68,18/09/1956,1,02,6,2,5,01,6,1,4,1,001500,1,1,7564,46367
00,1024,1,11A232,19,40031,1,1,0,06,-,1,3,2,17,07/12/2006,1,04,3,2,6,07, , , , , ,1, ,7564,0
00,1024,1,11A232,19,40031,2,1,0,04,-,1,5,1,24,23/09/2000,1,03,3,2,2,01,7,2,3,1,001800,1, ,7564,0
00,1024,1,11A232,19,40031,2,1,0,02,-,1,2,2,68,14/03/1956,1,02,3,2,5,07, , , , , ,1, ,7564,0
00,1024,1,11A232,19,40031,1,1,0,05,-,1,3,2,17,07/12/2006,1,04,3,2,6,07, , , , , ,1, ,7564,0
00,1024,1,11A232,19,40031,1,1,0,03,-,1,7,2,64,12/12/1959,1,02,6,2,6,07, , , , , ,1, ,7564,0
00,1024,1,11A232,19,40031,2,1,0,03,-,1,3,1,43,16/11/1980,1,07,5,2,6,01,7,2,3,1,002100,1, ,7564,0
00,1024,1,11A232,19,40031,1,1,0,01,-,1,1,1,42,20/05/1982,1,03,3,2,5,01,5,6,3,1,003000,1,1,7564,30912
00,1024,1,11A232,19,40031,1,1,0,04,-,1,3,1,20,02/03/2004,1,04,3,1,6,01,7,2,3,1,001000,1, ,7564,0
00,1024,1,11A232,19,40031,2,1,0,05,-,1,5,1,20,01/06/2004,1,03,3,2,6,04, , , , , ,1, ,7564,0
00,1024,1,11A232,19,40031,1,1,0,07,-,1,3,2,09,16/11/2014,1,02,4,1, , , , , , , ,1, ,7564,0
00,1024,1,11A232,19,40031,1,1,0,02,-,1,2,2,33,28/10/1991,1,03,2,2,5,01,5,9,3,1,002000,1, ,7564,0
00,1024,1,11A232,19,40032,3,1,0,03,-,1,3,2,12,28/06/2012,1,02,6,1,6,06, , , , , ,1, ,8491,0
00,1024,1,11A232,19,40032,3,1,0,02,-,1,2,2,30,22/06/1994,1,03,3,2,1,01,5,5,3,1,002300,1, ,8491,0
00,1024,1,11A232,19,40032,4,1,0,03,-,1,3,1,05,09/01/2019,1,01,2,1, , , , , , , ,1, ,8491,0
00,1024,1,11A232,19,40032,1,1,0,01,-,1,1,1,20,02/07/2004,1,03,2,2,6,01,1,3,2,1,001000,1,1,8491,8675
00,1024,1,11A232,19,40032,4,1,0,02,-,1,2,2,29,26/08/1995,1,02,6,2,1,01,1,5,3,1,002000,1, ,8491,0
00,1024,1,11A232,19,40032,3,1,0,01,-,1,1,1,35,28/02/1989,1,03,3,2,1,01,1,2,3,1,002300,1,1,8491,17350
00,1024,1,11A232,19,40032,4,1,0,04,-,1,3,1,12,11/11/2011,1,03,1,1,6,06, , , , , ,1, ,8491,0
00,1024,1,11A232,19,40032,3,1,0,04,-,1,3,2,07,07/07/2017,1,02,1,1, , , , , , , ,1, ,8491,0
00,1024,1,11A232,19,40032,4,1,0,01,-,1,1,1,29,25/08/1995,1,03,3,2,1,01,5,5,2,1,003000,1,1,8491,17350
00,1024,1,11A232,19,40036,3,1,0,04,-,1,3,1,18,23/08/2006,1,04,3,2,6,01,4,4,3,1,002000,1, ,9717,0
00,1024,1,11A232,19,40036,3,1,0,01,-,1,1,1,47,27/03/1977,1,03,3,2,5,01,4,4,3,1,003000,1,1,9717,39710
00,1024,1,11A232,19,40036,3,1,0,03,-,1,3,1,22,06/11/2002,2,00, ,2,6,10, , , , , ,1, ,9717,0
00,1024,1,11A232,19,40036,1,1,0,01,-,1,1,1,66,22/02/1958,1,04,3,2,5,08, , , , , ,1,1,9717,19855
00,1024,1,11A232,19,40036,2,1,0,05,-,1,3,1,04,04/05/2020, , , , , , , , , , , ,1, ,9717,0
00,1024,1,11A232,19,40036,2,1,0,02,-,1,2,2,32,23/08/1992,1,06,3,2,5,01,3,3,3,1,002500,1,1,9717,19855
00,1024,1,11A232,19,40036,2,1,0,03,-,1,3,2,07,27/07/2017,1,02,1,1, , , , , , , ,1, ,9717,0
00,1024,1,11A232,19,40036,2,1,0,04,-,1,3,2,05,24/05/2019,2,01,2,1, , , , , , , ,1, ,9717,0
00,1024,1,11A232,19,40036,3,1,0,02,-,1,2,2,42,23/04/1982,1,03,3,2,5,07, , , , , ,1, ,9717,0
00,1024,1,11A232,19,40036,1,1,0,02,-,1,2,2,64,16/02/1960,1,06,2,2,5,07, , , , , ,1, ,9717,0
00,1024,1,11A232,19,40036,2,1,0,01,-,1,1,1,36,08/07/1988,1,07,4,2,5,04, , , , , ,1, ,9717,0
00,1024,1,12A232,19,40044,4,1,0,03,-,1,3,2,08,10/03/2016,2,02,2,1, , , , , , , ,1, ,8870,0
00,1024,1,12A232,19,40044,2,1,0,01,-,1,1,1,57,18/05/1967,1,07,5,2,5,01,1,5,3,2,008000,1, ,8870,0
00,1024,1,12A232,19,40044,2,1,0,03,-,1,3,2,14,21/09/2010,1,03,2,1,6,06, , , , , ,1, ,8870,0
00,1024,1,12A232,19,40044,1,1,0,01,-,1,1,1,51,13/11/1972,1,06,3,2,5,01,5,4,3,1,004000,1,1,8870,9119
00,1024,1,12A232,19,40044,2,1,0,02,-,1,2,2,48,26/07/1976,1,06,3,2,5,01,3,5,3,2,004400,1,1,8870,18239
00,1024,1,12A232,19,40044,4,1,0,02,-,1,2,2,29,17/10/1995,1,07,5,2,5,01,3,4,2,2,007000,1, ,8870,0
00,1024,1,12A232,19,40044,4,1,0,04,-,1,3,1,01,03/04/2023, , , , , , , , , , , ,1, ,8870,0
00,1024,1,12A232,19,40044,4,1,0,01,-,1,1,1,28,14/11/1995,1,04,3,2,5,01,3,3,3,1,006000,1,1,8870,18239
00,1024,1,12A232,19,40045,1,1,0,02,-,1,2,2,37,18/03/1987,1,03,3,2,1,01,4,4,2,1,001000,1, ,8226,0
00,1024,1,12A232,19,40045,4,1,0,02,-,1,2,2,43,14/12/1980,1,04,2,2,5,01,3,5,3,1,003000,1, ,8226,0
00,1024,1,12A232,19,40045,4,1,0,03,-,1,3,1,22,09/06/2002,1,06,3,2,6,09, , , , , ,1,1,8226,33826
00,1024,1,12A232,19,40045,1,1,0,03,-,1,3,1,15,27/09/2009,1,04,1,1,6,06, , , , , ,1, ,8226,0
00,1024,1,12A232,19,40045,4,1,0,04,-,1,3,2,20,22/10/2004,1,06,3,1,6,06, , , , , ,1, ,8226,0
00,1024,1,12A232,19,40045,1,1,0,04,-,1,3,1,11,02/12/2012,1,02,6,1, , , , , , , ,1, ,8226,0
00,1024,1,12A232,19,40045,3,1,0,02,-,1,2,2,61,12/09/1963,1,03,3,2,5,07, , , , , ,1, ,8226,0
00,1024,1,12A232,19,40045,2,1,0,03,-,1,3,1,24,26/04/2000,1,03,3,2,6,01,7,2,3,1,001500,1, ,8226,0
00,1024,1,12A232,19,40045,2,1,0,01,-,1,1,1,64,10/10/1960,1,07,5,2,5,01,1,7,3,2,020000,1,1,8226,25370
00,1024,1,12A232,19,40045,3,1,0,01,-,1,1,1,65,28/09/1959,1,07,2,2,5,08, , , , , ,1,1,8226,16913
00,1024,1,12A232,19,40045,1,1,0,01,-,1,1,1,38,13/09/1986,1,07,5,2,1,01,1,4,3,2,000999,1,1,8226,16913
00,1024,1,12A232,19,40045,2,1,0,02,-,1,3,1,26,06/10/1998,1,03,3,2,6,01,7,2,3,1,001500,1, ,8226,0
00,1024,1,12A232,19,40045,4,1,0,01,-,1,1,1,56,07/06/1968,1,06,3,2,5,01,7,3,2,1,004000,1, ,8226,0
00,1024,1,12A232,19,40050,1,1,0,02,-,1,2,2,49,20/08/1975,1,03,3,2,5,07, , , , , ,1,1,7830,16100
00,1024,1,12A232,19,40050,3,1,0,03,-,1,3,2,10,09/10/2014,1,02,4,1, , , , , , , ,1, ,7830,0
00,1024,1,12A232,19,40050,4,1,0,02,-,1,2,2,53,27/04/1971,1,06,2,2,5,07, , , , , ,1, ,7830,0
00,1024,1,12A232,19,40050,4,1,0,03,-,1,3,2,24,16/04/2000,1,07,4,2,5,01,1,5,3,2,000099,1, ,7830,0
00,1024,1,12A232,19,40050,4,1,0,04,-,1,5,1,24,11/07/2000,1,07,5,2,5,01,1,2,3,2,000099,1, ,7830,0
00,1024,1,12A232,19,40050,1,1,0,01,-,1,1,1,55,26/05/1969,1,03,3,2,5,01,5,6,3,1,004000,1, ,7830,0
00,1024,1,12A232,19,40050,1,1,0,03,-,1,3,1,14,29/12/2009,1,03,3,1,6,06, , , , , ,1, ,7830,0
00,1024,1,12A232,19,40050,4,1,0,01,-,1,1,1,54,19/02/1970,1,03,3,2,5,01,5,6,3,2,014000,1,1,7830,32200
00,1024,1,12A232,19,40050,3,1,0,01,-,1,1,1,31,14/11/1992,1,03,3,2,5,01,5,2,3,1,004000,1, ,7830,0
00,1024,1,12A232,19,40050,3,1,0,02,-,1,2,2,30,18/09/1994,1,07,4,2,5,01,1,5,3,2,004000,1,1,7830,16100
00,1024,1,12A232,19,40050,2,1,0,01,-,1,1,2,40,27/04/1984,1,06,3,2,6,07, , , , , ,1,1,7830,8050
00,1024,1,12A232,19,40058,1,1,0,03,-,1,3,2,21,24/04/2003,1,07,4,1,6,06, , , , , ,1,1,8408,34574
00,1024,1,12A232,19,40058,3,1,0,01,-,1,1,2,79,04/07/1945,1,02,6,2,3,07, , , , , ,1, ,8408,0
00,1024,1,12A232,19,40058,4,1,0,02,-,1,3,1,21,29/05/2003,1,04,3,2,6,01,7,2,3,1,002500,1,1,8408,17287
00,1024,1,12A232,19,40058,2,1,0,04,-,1,3,1,40,03/12/1983,1,07,5,2,6,01,1,2,3,2,999999,1, ,8408,0
00,1024,1,12A232,19,40058,4,1,0,01,-,1,1,2,54,29/12/1969,1,04,3,2,2,01,7,2,3,1,002600,1, ,8408,0
00,1024,1,12A232,19,40058,3,1,0,03,-,1,5,2,25,25/02/1999,1,07,5,2,6,01,3,5,3,2,005000,1, ,8408,0
00,1024,1,12A232,19,40058,1,1,0,01,-,1,1,2,43,22/07/1981,1,07,5,2,1,01,3,2,3,2,999999,1, ,8408,0
00,1024,1,12A232,19,40058,3,1,0,02,-,1,3,2,49,09/10/1975,1,07,5,2,2,01,3,5,3,2,006000,1,1,8408,25930
00,1024,1,12A232,19,40058,2,1,0,02,-,1,2,2,78,30/06/1946,1,07,5,2,5,08, , , , , ,1,1,8408,34574
00,1024,1,12A232,19,40058,1,1,0,04,-,1,3,1,27,14/09/1997,1,07,4,1,6,06, , , , , ,1, ,8408,0
00,1024,1,12A232,19,40058,2,1,0,03,-,1,3,2,41,06/10/1983,1,07,5,2,5,01,1,2,3,2,999999,1, ,8408,0
00,1024,1,12A232,19,40058,2,1,0,01,-,1,1,1,74,07/10/1950,1,04,3,2,5,08, , , , , ,1, ,8408,0
00,1024,1,12A232,19,40058,1,1,0,02,-,1,2,1,45,18/10/1979,1,04,3,2,1,01,7,2,3,2,999999,1, ,8408,0
00,1024,1,12A232,19,40063,3,1,0,05,-,1,3,2,13,09/03/2011,1,03,1,1,6,06, , , , , ,1, ,8545,0
00,1024,1,12A232,19,40063,3,1,0,03,-,1,3,1,19,11/10/2005,1,07,1,1,6,06, , , , , ,1,1,8545,26354
00,1024,1,12A232,19,40063,3,1,0,04,-,1,3,2,15,03/03/2009,1,03,3,1,6,06, , , , , ,1, ,8545,0
00,1024,1,12A232,19,40063,3,1,0,02,-,1,2,2,41,15/09/1983,1,07,5,1,5,01,2,5,3,2,005000,1, ,8545,0
00,1024,1,12A232,19,40063,2,1,0,02,-,1,3,1,43,19/05/1981,1,06,3,2,6,01,1,5,2,1,002500,1, ,8545,0
00,1024,1,12A232,19,40063,2,1,0,01,-,1,1,2,84,05/12/1939,1,02,6,2,4,07, , , , , ,1,1,8545,17569
00,1024,1,12A232,19,40063,3,1,0,01,-,1,1,1,42,10/10/1982,1,07,5,2,5,01,1,5,2,1,002500,1, ,8545,0
00,1024,1,13A232,19,40083,3,1,0,05,-,1,3,2,05,29/07/2019,2,01,1,1, , , , , , , ,1, ,9910,0
00,1024,1,13A232,19,40083,2,1,0,02,-,1,2,2,29,10/03/1995,1,06,3,2,1,01,5,5,3,2,010000,1,1,9910,21098
00,1024,1,13A232,19,40083,2,1,0,05,-,1,3,1,02,13/10/2022, , , , , , , , , , , ,1, ,9910,0
00,1024,1,13A232,19,40083,2,1,0,04,-,1,3,2,06,21/09/2018,1,01,3,1, , , , , , , ,1, ,9910,0
00,1024,1,13A232,19,40083,2,1,0,01,-,1,1,1,29,01/01/1995,1,07,5,2,1,01,1,5,3,2,014000,1, ,9910,0
00,1024,1,13A232,19,40083,3,1,0,03,-,1,7,2,48,14/08/1976,1,00, ,2,6,07, , , , , ,1, ,9910,0
00,1024,1,13A232,19,40083,4,1,0,02,-,1,2,2,35,30/09/1989,1,07,5,2,1,07, , , , , ,1,1,9910,21098
00,1024,1,13A232,19,40083,3,1,0,06,-,1,3,2,00,17/07/2024, , , , , , , , , , , ,1, ,9910,0
00,1024,1,13A232,19,40083,3,1,0,02,-,1,2,2,33,26/10/1991,1,02,6,2,5,01,7,2,3,1,001500,1,1,9910,31647
00,1024,1,13A232,19,40083,3,1,0,04,-,1,3,1,07,05/10/2017,2,02,1,1, , , , , , , ,1, ,9910,0
00,1024,1,13A232,19,40083,2,1,0,03,-,1,3,1,08,14/05/2016,1,02,2,1, , , , , , , ,1, ,9910,0
00,1024,1,13A232,19,40083,4,1,0,01,-,1,1,1,40,08/08/1984,1,08,3,2,1,01,7,2,3,2,030000,1, ,9910,0
00,1024,1,13A232,19,40083,4,1,0,03,-,1,3,2,03,11/08/2021, , , , , , , , , , , ,1, ,9910,0
00,1024,1,13A232,19,40083,1,1,0,01,-,1,1,1,66,16/10/1958,1,06,3,2,5,08, , , , , ,1, ,9910,0
00,1024,1,13A232,19,40083,1,1,0,02,-,1,2,2,57,13/03/1967,1,06,3,2,5,04, , , , , ,1, ,9910,0
00,1024,1,13A232,19,40083,3,1,0,01,-,1,1,1,28,07/04/1996,1,06,3,2,5,01,1,2,3,1,001700,1, ,9910,0
00,1024,1,13A232,19,40083,1,1,0,03,-,1,5,1,20,15/01/2004,1,07,2,2,6,01,7,2,3,1,000999,1,1,9910,31647
00,1024,1,13A232,19,40084,2,1,0,04,-,1,3,2,27,11/01/1997,1,03,3,2,1,01,1,5,2,1,009999,1, ,11201,0
14,1024,1,13A232,19,40084,3,1,0,01,-,1,1,2,51,19/12/1972,1,07,5,2,1,01,3,6,3,1,000999,1, ,11201,0
14,1024,1,13A232,19,40084,3,1,0,02,-,1,2,1,54,11/03/1970,1,07,5,2,1,01,3,5,3,1,000999,1, ,11201,0
00,1024,1,13A232,19,40084,4,1,0,03,-,1,3,2,27,25/04/1997,1,07,4,1,6,06, , , , , ,1,1,11201,59616
14,1024,1,13A232,19,40084,3,1,0,03,-,1,3,2,19,11/11/2004,1,07,1,1,6,01,3,5,3,1,000999,1, ,11201,0
00,1024,1,13A232,19,40084,2,1,0,05,-,1,7,1,37,01/08/1987,1,06,3,2,5,01,1,2,3,1,000999,1,1,11201,71540
00,1024,1,13A232,19,40084,2,1,0,03,-,1,3,2,26,12/01/1998,1,07,5,2,6,01,1,6,3,1,016000,1, ,11201,0
00,1024,1,13A232,19,40084,2,1,0,02,-,1,3,2,34,04/12/1989,1,06,3,2,5,07, , , , , ,1, ,11201,0
00,1024,1,13A232,19,40084,2,1,0,07,-,1,5,1,08,02/04/2016,1,02,2,1, , , , , , , ,1, ,11201,0
00,1024,1,13A232,19,40084,2,1,0,01,-,1,1,2,60,17/07/1964,1,02,6,2,2,07, , , , , ,1, ,11201,0
00,1024,1,13A232,19,40084,4,1,0,01,-,1,1,1,51,12/06/1973,1,04,2,2,5,01,3,7,3,2,010000,1, ,11201,0
00,1024,1,13A232,19,40084,4,1,0,02,-,1,2,2,54,15/02/1970,1,07,5,2,5,01,1,5,3,2,010000,1, ,11201,0
00,1024,1,13A232,19,40084,4,1,0,04,-,1,3,1,26,24/06/1998,1,04,2,2,6,01,5,4,3,2,000999,1, ,11201,0
00,1024,1,13A232,19,40084,2,1,0,08,-,1,5,2,04,02/07/2020, , , , , , , , , , , ,1, ,11201,0
00,1024,1,13A232,19,40084,4,1,0,05,-,1,3,2,21,13/06/2003,1,07,4,1,6,06, , , , , ,1, ,11201,0
00,1024,1,13A232,19,40084,2,1,0,06,-,1,7,1,27,01/09/1997,1,02,6,2,1,01,7,2,3,1,000999,1, ,11201,0
14,1024,1,13A232,19,40088,1,1,0,04,-,1,3,1,20,11/04/2004,1,07,1,1,6,06, , , , , ,1, ,8913,0
00,1024,1,13A232,19,40088,4,1,0,01,-,1,1,1,69,14/02/1955,1,07,4,2,2,01,4,5,2,2,050000,1,1,8913,9488
14,1024,1,13A232,19,40088,1,1,0,01,-,1,1,1,55,25/11/1968,1,08,3,2,5,01,4,6,2,1,000099,1, ,8913,0
14,1024,1,13A232,19,40088,1,1,0,03,-,1,3,1,23,25/04/2001,1,07,3,1,6,01,1,5,3,2,000099,1, ,8913,0
14,1024,1,13A232,19,40088,1,1,0,02,-,1,2,2,53,11/02/1971,1,07,5,2,5,01,1,5,3,1,000099,1, ,8913,0
00,1024,1,13A232,19,40097,2,1,0,01,-,1,1,1,53,29/11/1970,1,04,3,2,5,01,5,5,3,1,003000,1,1,10255,54581
00,1024,1,13A232,19,40097,3,1,0,02,-,1,2,2,43,01/02/1981,1,04,3,2,5,07, , , , , ,1,1,10255,21832
00,1024,1,13A232,19,40097,4,1,0,03,-,1,3,2,01,15/10/2023, , , , , , , , , , , ,1, ,10255,0
00,1024,1,13A232,19,40097,3,1,0,03,-,1,3,1,16,08/11/2008,1,04,1,1,6,06, , , , , ,1, ,10255,0
00,1024,1,13A232,19,40097,3,1,0,04,-,1,3,2,12,12/01/2012,1,02,6,1,6,06, , , , , ,1, ,10255,0
00,1024,1,13A232,19,40097,1,1,0,02,-,1,2,2,49,12/12/1974,1,07,5,2,5,07, , , , , ,1,1,10255,21832
00,1024,1,13A232,19,40097,1,1,0,01,-,1,1,1,55,09/04/1969,1,07,5,2,5,01,1,5,2,1,999999,1, ,10255,0
00,1024,1,13A232,19,40097,1,1,0,03,-,1,3,1,15,01/09/2009,1,03,3,1,6,06, , , , , ,1, ,10255,0
00,1024,1,13A232,19,40097,2,1,0,03,-,1,3,1,24,16/05/2000,1,07,2,2,6,07, , , , , ,1, ,10255,0
00,1024,1,13A232,19,40097,3,1,0,01,-,1,1,1,47,28/02/1977,1,07,4,2,5,01,1,3,3,2,012000,1, ,10255,0
00,1024,1,13A232,19,40097,4,1,0,02,-,1,2,2,32,02/04/1992,1,07,5,2,1,01,1,4,2,1,030000,1,1,10255,21832
00,1024,1,13A232,19,40097,2,1,0,02,-,1,2,2,52,29/09/1972,1,04,3,2,5,01,3,5,3,2,004000,1, ,10255,0
00,1024,1,13A232,19,40097,2,1,0,04,-,1,3,1,21,16/10/2003,1,03,3,2,6,01,1,5,3,1,001000,1, ,10255,0
00,1024,1,13A232,19,40097,2,1,0,05,-,1,3,2,18,24/10/2006,1,04,3,1,6,06, , , , , ,1, ,10255,0
00,1024,1,13A232,19,40097,4,1,0,01,-,1,1,1,34,26/09/1990,1,07,5,2,1,01,1,4,2,1,020000,1, ,10255,0
16,1024,1,13A232,19,40102,1,1,0,01,-,1,1,1,90,26/09/1934,1,07,4,2,5,08, , , , , ,1, ,10262,0
00,1024,1,13A232,19,40102,3,1,0,04,-,1,3,2,09,29/06/2015,1,02,3,1, , , , , , , ,1, ,10262,0
00,1024,1,13A232,19,40102,3,1,0,02,-,1,2,2,34,22/10/1990,1,07,3,2,5,01,5,5,3,2,000099,1,1,10262,21848
00,1024,1,13A232,19,40102,2,1,0,01,-,1,1,1,34,29/12/1989,1,04,3,2,6,01,5,5,3,2,003500,1,1,10262,10924
00,1024,1,13A232,19,40102,3,1,0,03,-,1,3,1,14,03/05/2010,1,03,2,1,6,06, , , , , ,1, ,10262,0
00,1024,1,13A232,19,40102,3,1,0,01,-,1,1,1,36,22/02/1988,1,07,3,2,5,01,5,5,3,2,000099,1, ,10262,0
16,1024,1,13A232,19,40102,1,1,0,02,-,1,2,2,80,11/11/1943,1,07,4,2,5,08, , , , , ,1, ,10262,0
16,1024,1,13A232,19,40102,1,1,0,03,-,1,3,1,55,26/08/1969,1,07,4,2,2,01,1,5,2,3,030000,1, ,10262,0
00,1024,1,13A232,19,40110,1,1,0,01,-,1,1,1,70,11/06/1954,1,06,3,2,5,08, , , , , ,1,1,9775,20811
00,1024,1,13A232,19,40110,1,1,0,02,-,1,2,2,74,22/08/1950,1,07,4,2,5,08, , , , , ,1, ,9775,0
00,1024,1,13A232,19,40110,3,1,0,03,-,1,3,1,25,24/08/1999,1,07,4,2,6,01,5,5,3,2,000099,1,1,9775,41623
00,1024,1,13A232,19,40110,3,1,0,01,-,1,1,1,62,05/10/1962,1,04,3,2,5,01,5,4,2,1,000099,1, ,9775,0
00,1024,1,13A232,19,40110,3,1,0,04,-,1,3,1,23,23/03/2001,1,06,3,2,6,01,5,5,2,1,000099,1, ,9775,0
00,1024,1,13A232,19,40110,3,1,0,02,-,1,2,2,52,13/10/1972,1,06,3,2,5,01,5,4,2,1,000099,1, ,9775,0
00,1024,1,13A232,19,40114,4,1,0,02,-,1,3,1,46,17/07/1978,1,00, ,1,6,09, , , , , ,1, ,10966,0
00,1024,1,13A232,19,40114,4,1,0,01,-,1,1,2,84,20/05/1940,2,00, ,2,4,07, , , , , ,1,1,10966,23348
00,1024,1,13A232,19,40114,3,1,0,01,-,1,1,2,59,24/01/1965,1,07,5,2,3,07, , , , , ,1,1,10966,11674
00,1024,1,13A232,19,40114,1,1,0,01,-,1,1,1,43,06/06/1981,1,07,4,2,5,01,5,5,3,2,007000,1, ,10966,0
00,1024,1,13A232,19,40114,1,1,0,02,-,1,2,2,41,23/12/1982,1,04,3,2,5,01,4,4,3,1,000750,1,1,10966,23348
00,1024,1,11A232,19,40232,2,1,0,01,-,1,1,1,25,28/10/1999,1,03,3,2,1,01,4,5,2,1,001300,1,1,8911,18209
00,1024,1,11A232,19,40232,4,1,0,03,-,1,7,2,42,11/03/1982,1,03,3,2,6,07, , , , , ,1,1,8911,36418
00,1024,1,11A232,19,40232,4,1,0,04,-,1,4,1,79,15/02/1945,1,00, ,2,4,10, , , , , ,1, ,8911,0
00,1024,1,11A232,19,40232,3,1,0,01,-,1,1,1,44,13/02/1980,1,06,3,2,5,01,1,6,2,1,004000,1, ,8911,0
00,1024,1,11A232,19,40232,3,1,0,04,-,1,3,1,14,27/02/2010,1,03,2,1,6,06, , , , , ,1, ,8911,0
00,1024,1,11A232,19,40232,3,1,0,03,-,1,3,1,16,12/12/2007,1,04,3,1,6,06, , , , , ,1, ,8911,0
00,1024,1,11A232,19,40232,4,1,0,01,-,1,1,2,45,15/02/1979,1,03,3,2,6,07, , , , , ,1, ,8911,0
00,1024,1,11A232,19,40232,2,1,0,02,-,1,2,2,19,07/06/2005,1,03,3,2,1,01,4,5,3,1,001450,1, ,8911,0
00,1024,1,11A232,19,40232,4,1,0,02,-,1,6,2,49,09/09/1975,1,00, ,2,5,01,4,4,2,1,001200,1, ,8911,0
00,1024,1,11A232,19,40232,3,1,0,02,-,1,2,2,37,21/08/1987,1,03,3,2,5,07, , , , , ,1,1,8911,18209
00,1024,1,11A232,19,40481,1,1,0,04,-,1,3,1,14,16/12/2009,1,02,6,1,6,06, , , , , ,1, ,6908,0
00,1024,1,11A232,19,40481,1,1,0,02,-,1,2,2,44,18/06/1980,1,07,4,2,5,07, , , , , ,1, ,6908,0
00,1024,1,11A232,19,40481,1,1,0,03,-,1,3,1,17,14/02/2007,1,03,3,1,6,06, , , , , ,1, ,6908,0
00,1024,1,11A232,19,40481,1,1,0,01,-,1,1,1,48,13/11/1975,1,08,5,2,5,01,1,5,3,2,020000,1,1,6908,13816
00,1024,1,11A232,19,40481,1,1,0,05,-,1,3,2,13,17/08/2011,1,02,6,1,6,06, , , , , ,1, ,6908,0
00,1024,1,11A232,19,40485,2,1,0,02,-,1,2,2,54,15/08/1970,1,03,2,2,1,01,5,5,3,1,002500,1,1,9096,18587
00,1024,1,11A232,19,40485,1,1,0,06,-,1,5,2,07,18/07/2017,1,02,1,1, , , , , , , ,1, ,9096,0
00,1024,1,11A232,19,40485,1,1,0,01,-,1,1,1,54,22/11/1969,1,02,5,2,5,01,4,2,3,1,002000,1,1,9096,37173
00,1024,1,11A232,19,40485,1,1,0,02,-,1,2,2,56,02/04/1968,1,00, ,2,5,01,7,3,3,1,002000,1, ,9096,0
00,1024,1,11A232,19,40485,4,1,0,01,-,1,1,2,50,24/08/1974,1,03,3,2,5,07, , , , , ,1, ,9096,0
00,1024,1,11A232,19,40485,1,1,0,05,-,1,5,2,08,10/08/2016,1,02,2,1, , , , , , , ,1, ,9096,0
00,1024,1,11A232,19,40485,4,1,0,04,-,1,5,2,10,01/08/2014,1,02,4,1, , , , , , , ,1, ,9096,0
00,1024,1,11A232,19,40485,4,1,0,03,-,1,3,1,21,16/09/2003,1,03,3,2,6,01,1,2,3,1,002700,1,1,9096,27880
00,1024,1,11A232,19,40485,2,1,0,01,-,1,1,1,59,23/10/1965,1,03,2,2,1,01,4,5,2,1,002500,1, ,9096,0
00,1024,1,11A232,19,40485,1,1,0,03,-,1,3,1,27,02/05/1997,1,03,3,2,1,01,1,3,3,1,003000,1, ,9096,0
00,1024,1,11A232,19,40485,1,1,0,04,-,1,5,2,28,25/12/1995,1,03,3,2,1,07, , , , , ,1, ,9096,0
00,1024,1,11A232,19,40485,4,1,0,02,-,1,3,2,28,31/01/1996,1,04,3,2,6,01,1,2,3,1,002500,1, ,9096,0
00,1024,1,11A232,19,40485,3,1,0,01,-,1,1,1,46,06/06/1978,1,02,6,2,4,01,1,1,3,1,002500,1,1,9096,9293
00,1024,1,11A232,19,40488,3,1,0,05,-,1,3,2,02,15/07/2022, , , , , , , , , , , ,1, ,7908,0
00,1024,1,11A232,19,40488,3,1,0,04,-,1,3,2,09,26/10/2015,1,02,3,1, , , , , , , ,1, ,7908,0
00,1024,1,11A232,19,40488,2,1,0,02,-,1,2,2,28,21/09/1996,1,07,5,2,1,07, , , , , ,1,1,7908,16158
00,1024,1,11A232,19,40488,2,1,0,01,-,1,1,1,40,10/11/1983,1,07,5,2,1,01,1,5,3,2,007000,1, ,7908,0
00,1024,1,11A232,19,40488,4,1,0,03,-,1,3,2,12,04/06/2012,1,02,6,1,6,06, , , , , ,1, ,7908,0
00,1024,1,11A232,19,40488,4,1,0,01,-,1,1,1,57,04/05/1967,1,02,6,2,1,01,1,6,3,1,004000,1, ,7908,0
00,1024,1,11A232,19,40488,3,1,0,03,-,1,3,2,13,11/02/2011,1,03,1,1,6,06, , , , , ,1, ,7908,0
00,1024,1,11A232,19,40488,3,1,0,01,-,1,1,1,40,17/03/1984,1,04,2,2,5,01,1,3,3,1,002000,1,1,7908,16158
00,1024,1,11A232,19,40488,2,1,0,03,-,1,3,2,01,22/08/2023, , , , , , , , , , , ,1, ,7908,0
00,1024,1,11A232,19,40488,4,1,0,02,-,1,2,2,43,28/07/1981,1,02,6,2,1,01,3,6,3,1,003500,1,1,7908,16158
00,1024,1,11A232,19,40488,3,1,0,02,-,1,2,2,36,05/08/1988,1,03,3,2,5,07, , , , , ,1, ,7908,0
00,1024,1,11A232,19,40489,1,1,0,04,-,1,5,1,10,28/02/2014,1,02,2,1, , , , , , , ,1, ,9345,0
00,1024,1,11A232,19,40489,2,1,0,04,-,1,3,2,10,27/06/2014,1,02,4,1, , , , , , , ,1, ,9345,0
00,1024,1,11A232,19,40489,3,1,0,01,-,1,1,1,66,19/11/1957,1,02,3,2,5,08, , , , , ,1, ,9345,0
00,1024,1,11A232,19,40489,3,1,0,02,-,1,2,2,64,23/10/1960,1,02,3,2,5,07, , , , , ,1,1,9345,19095
00,1024,1,11A232,19,40489,2,1,0,05,-,1,3,2,01,17/02/2023, , , , , , , , , , , ,1, ,9345,0
00,1024,1,11A232,19,40489,2,1,0,01,-,1,1,1,29,07/03/1995,1,04,1,2,5,01,1,2,3,1,002500,1,1,9345,19095
00,1024,1,11A232,19,40489,3,1,0,04,-,1,5,1,13,20/08/2011,1,03,1,1,6,06, , , , , ,1, ,9345,0
00,1024,1,11A232,19,40489,1,1,0,02,-,1,2,2,54,03/06/1970,1,03,3,2,1,07, , , , , ,1,1,9345,19095
00,1024,1,11A232,19,40489,1,1,0,03,-,1,3,1,17,27/09/2007,1,04,3,1,6,06, , , , , ,1, ,9345,0
00,1024,1,11A232,19,40489,2,1,0,02,-,1,2,2,31,24/03/1993,1,04,2,2,5,07, , , , , ,1, ,9345,0
00,1024,1,11A232,19,40489,3,1,0,03,-,1,5,1,14,10/06/2010,1,03,2,1,6,06, , , , , ,1, ,9345,0
00,1024,1,11A232,19,40489,2,1,0,03,-,1,3,1,12,17/12/2011,1,03,1,1,6,06, , , , , ,1, ,9345,0
00,1024,1,11A232,19,40489,1,1,0,01,-,1,1,1,51,26/11/1972,1,04,1,2,1,01,1,5,3,2,003000,1, ,9345,0
00,1024,1,11A232,19,40492,3,1,0,03,-,1,4,2,98, ,1,02,6,2,4,08, , , , , ,1, ,10784,0
00,1024,1,11A232,19,40492,4,1,0,02,-,1,2,2,63,17/10/1961,1,02,1,2,5,07, , , , , ,1,1,10784,55086
00,1024,1,11A232,19,40492,2,1,0,01,-,1,1,1,56,20/10/1968,1,02,6,2,2,01,5,5,2,1,002000,1, ,10784,0
00,1024,1,11A232,19,40492,3,1,0,05,-,1,3,1,00,14/02/2024, , , , , , , , , , , ,1, ,10784,0
00,1024,1,11A232,19,40492,3,1,0,04,-,1,3,1,07,29/05/2017,2,02,1,1, , , , , , , ,1, ,10784,0
00,1024,1,11A232,19,40492,3,1,0,01,-,1,1,1,34,05/12/1989,1,04,3,2,1,01,1,2,3,1,002000,1,1,10784,33052
00,1024,1,11A232,19,40492,4,1,0,05,-,1,5,1,19,19/08/2005,1,02,6,2,6,01,7,2,3,1,001700,1, ,10784,0
00,1024,1,11A232,19,40492,3,1,0,02,-,1,2,2,24,10/07/2000,1,04,3,2,1,07, , , , , ,1, ,10784,0
00,1024,1,11A232,19,40492,2,1,0,02,-,1,3,1,39,10/05/1985,1,02,6,2,2,01,5,3,3,1,002200,1,1,10784,22035
00,1024,1,11A232,19,40492,4,1,0,06,-,1,5,1,16,18/05/2008,1,02,6,2,6,04, , , , , ,1, ,10784,0
00,1024,1,11A232,19,40492,4,1,0,01,-,1,1,1,63,20/01/1961,1,02,2,2,5,01,4,4,3,1,002000,1, ,10784,0
00,1024,1,11A232,19,40492,4,1,0,03,-,1,3,1,30,26/11/1993,1,02,6,2,2,01,7,5,3,1,002000,1, ,10784,0
00,1024,1,11A232,19,40492,4,1,0,07,-,1,5,1,09,10/04/2015,1,02,3,1, , , , , , , ,1, ,10784,0
00,1024,1,11A232,19,40492,4,1,0,04,-,1,3,2,38,16/03/1986,1,02,6,2,4,01,5,5,3,1,002100,1, ,10784,0
00,1024,1,11A232,19,40494,1,1,0,01,-,1,1,1,27,03/04/1997,1,04,3,2,5,01,7,2,3,1,003000,1,1,8774,17929
00,1024,1,11A232,19,40494,3,1,0,02,-,1,2,2,49,14/10/1975,1,03,3,2,5,01,4,4,2,1,002000,1, ,8774,0
00,1024,1,11A232,19,40494,3,1,0,03,-,1,3,1,28,19/03/1996,1,04,3,2,6,01,4,4,3,1,001800,1,1,8774,26893
15,1024,1,11A232,19,40494,2,1,0,03,-,1,5,1,26,11/10/1998,1,03,3,2,3,01,5,5,2,1,002500,1, ,8774,0
00,1024,1,11A232,19,40494,3,1,0,04,-,1,3,2,12,15/02/2012,1,02,6,1,6,06, , , , , ,1, ,8774,0
00,1024,1,11A232,19,40494,3,1,0,01,-,1,1,1,58,09/08/1966,1,04,3,2,5,01,4,4,2,1,002000,1, ,8774,0
15,1024,1,11A232,19,40494,2,1,0,01,-,1,1,1,68,18/09/1956,1,02,6,2,5,08, , , , , ,1, ,8774,0
15,1024,1,11A232,19,40494,2,1,0,04,-,1,5,1,15,13/09/2009,1,03,3,2,6,04, , , , , ,1, ,8774,0
00,1024,1,11A232,19,40494,1,1,0,03,-,1,3,1,06,24/07/2018,1,01,2,1, , , , , , , ,1, ,8774,0
15,1024,1,11A232,19,40494,2,1,0,02,-,1,2,2,68,11/05/1956,1,02,6,2,5,07, , , , , ,1, ,8774,0
00,1024,1,11A232,19,40494,1,1,0,02,-,1,2,2,34,06/11/1989,1,06,2,2,5,01,4,4,2,1,002000,1, ,8774,0
00,1024,1,11A232,19,40494,4,1,0,01,-,1,1,2,85,15/12/1938,1,00, ,2,4,07, , , , , ,1,1,8774,8964
00,1024,1,11A232,19,40498,3,1,0,01,-,1,1,1,67,19/03/1957,1,03,3,2,5,08, , , , , ,1, ,8518,0
00,1024,1,11A232,19,40498,4,1,0,03,-,1,3,2,00,28/02/2024, , , , , , , , , , , ,1, ,8518,0
00,1024,1,11A232,19,40498,2,1,0,01,-,1,1,2,47,08/11/1976,1,03,3,2,3,07, , , , , ,1,1,8518,34811
00,1024,1,11A232,19,40498,2,1,0,04,-,1,3,1,20,19/09/2004,1,02,6,2,6,07, , , , , ,1, ,8518,0
00,1024,1,11A232,19,40498,3,1,0,02,-,1,2,2,64,05/04/1960,1,03,3,2,5,07, , , , , ,1,1,8518,17405
00,1024,1,11A232,19,40498,4,1,0,02,-,1,2,2,34,03/09/1990,1,04,1,2,1,01,3,5,3,2,006000,1,1,8518,17405
00,1024,1,11A232,19,40498,2,1,0,02,-,1,3,1,23,16/12/2000,1,03,3,2,6,01,7,5,3,1,001500,1, ,8518,0
00,1024,1,11A232,19,40498,2,1,0,03,-,1,3,1,21,05/01/2003,1,04,3,2,6,01,7,3,3,1,002000,1, ,8518,0
00,1024,1,11A232,19,40498,4,1,0,01,-,1,1,1,37,27/01/1987,1,04,3,2,1,01,7,2,3,1,003000,1, ,8518,0
00,1024,1,11A232,19,40501,3,1,0,02,-,1,2,2,36,04/04/1988,1,04,3,2,5,07, , , , , ,1,1,10916,22305
00,1024,1,11A232,19,40501,1,1,0,01,-,1,1,2,47,08/08/1977,1,03,3,2,5,07, , , , , ,1,1,10916,33458
00,1024,1,11A232,19,40501,3,1,0,01,-,1,1,1,35,15/10/1989,1,04,3,2,5,01,1,5,3,1,008000,1, ,10916,0
00,1024,1,11A232,19,40501,1,1,0,03,-,1,3,1,21,17/03/2003,1,07,4,1,6,06, , , , , ,1, ,10916,0
00,1024,1,11A232,19,40501,2,1,0,04,-,1,4,2,78,28/06/1946,1,02,6,2,4,07, , , , , ,1, ,10916,0
00,1024,1,11A232,19,40501,4,1,0,03,-,1,3,2,13,09/05/2011,1,03,1,1,6,06, , , , , ,1, ,10916,0
00,1024,1,11A232,19,40501,2,1,0,03,-,1,5,2,23,08/06/2001,1,04,2,2,6,01,7,2,3,1,002500,1, ,10916,0
00,1024,1,11A232,19,40501,4,1,0,04,-,1,3,2,11,20/08/2013,1,02,5,1, , , , , , , ,1, ,10916,0
00,1024,1,11A232,19,40501,3,1,0,04,-,1,3,2,01,15/10/2023, , , , , , , , , , , ,1, ,10916,0
00,1024,1,11A232,19,40501,2,1,0,02,-,1,5,1,24,01/05/2000,1,02,6,2,6,09, , , , , ,1, ,10916,0
00,1024,1,11A232,19,40501,3,1,0,03,-,1,3,2,16,19/11/2007,1,04,2,1,6,06, , , , , ,1, ,10916,0
00,1024,1,11A232,19,40501,1,1,0,02,-,1,2,1,47,10/11/1976,1,03,3,2,5,01,1,3,3,1,003000,1, ,10916,0
00,1024,1,11A232,19,40501,2,1,0,01,-,1,1,1,48,20/03/1976,1,03,3,2,6,01,1,5,2,1,003000,1,1,10916,44610
00,1024,1,11A232,19,40501,4,1,0,02,-,1,2,2,38,17/09/1986,1,04,2,2,5,01,1,3,2,1,002000,1,1,10916,22305
00,1024,1,11A232,19,40501,4,1,0,01,-,1,1,1,38,19/06/1986,1,07,4,2,5,01,3,2,3,1,004000,1, ,10916,0
00,1024,1,11A232,19,40502,4,1,0,05,-,1,5,2,11,17/09/2013,1,02,5,1, , , , , , , ,1, ,8477,0
00,1024,1,11A232,19,40502,4,1,0,03,-,1,3,1,35,31/10/1989,1,03,3,2,2,01,1,3,2,1,003500,1,1,8477,25981
00,1024,1,11A232,19,40502,1,1,0,01,-,1,1,2,63,21/09/1961,1,02,6,2,4,07, , , , , ,1,1,8477,8660
00,1024,1,11A232,19,40502,2,1,0,01,-,1,1,1,50,15/03/1974,1,06,3,2,5,01,5,5,2,1,003000,1, ,8477,0
00,1024,1,11A232,19,40502,4,1,0,04,-,1,5,1,16,01/09/2008,1,04,2,1,6,06, , , , , ,1, ,8477,0
00,1024,1,11A232,19,40502,3,1,0,01,-,1,1,2,33,19/07/1991,1,07,5,1,1,01,1,5,3,2,004000,1, ,8477,0
00,1024,1,11A232,19,40502,3,1,0,02,-,1,4,2,63,10/09/1961,1,07,5,2,4,01,1,5,3,2,004500,1,1,8477,25981
00,1024,1,11A232,19,40502,4,1,0,06,-,1,5,2,07,15/09/2017,1,02,1,1, , , , , , , ,1, ,8477,0
00,1024,1,11A232,19,40502,2,1,0,03,-,1,3,2,21,28/05/2003,1,04,3,2,6,07, , , , , ,1, ,8477,0
00,1024,1,11A232,19,40502,4,1,0,02,-,1,2,1,60,21/08/1964,1,03,3,2,5,01,7,3,3,1,003000,1, ,8477,0
00,1024,1,11A232,19,40502,3,1,0,04,-,1,3,1,17,28/06/2007,1,06,2,1,6,06, , , , , ,1, ,8477,0
00,1024,1,11A232,19,40502,3,1,0,05,-,1,3,1,01,01/05/2023, , , , , , , , , , , ,1, ,8477,0
00,1024,1,11A232,19,40502,2,1,0,04,-,1,3,1,17,07/07/2007,1,03,3,1,6,06, , , , , ,1, ,8477,0
00,1024,1,11A232,19,40502,2,1,0,02,-,1,2,2,49,25/05/1975,1,06,3,2,5,07, , , , , ,1,1,8477,25981
00,1024,1,11A232,19,40502,4,1,0,01,-,1,1,2,58,05/11/1966,1,03,1,2,5,07, , , , , ,1, ,8477,0
00,1024,1,11A232,19,40502,3,1,0,03,-,1,2,1,31,14/01/1993,1,07,5,2,1,01,1,5,2,1,004000,1, ,8477,0
00,1024,1,11A232,19,40505,2,1,0,01,-,1,1,1,29,22/08/1995,1,03,3,2,6,01,5,2,3,1,002000,1,1,8386,8568
00,1024,1,11A232,19,40505,3,1,0,01,-,1,1,1,68,01/02/1956,1,02,3,2,5,08, , , , , ,1,1,8386,34271
00,1024,1,11A232,19,40505,3,1,0,03,-,1,3,2,40,05/08/1984,1,02,6,2,2,05, , , , , ,1, ,8386,0
00,1024,1,11A232,19,40505,3,1,0,02,-,1,2,2,69,29/11/1954,1,02,6,2,5,07, , , , , ,1, ,8386,0
00,1024,1,11A232,19,40505,1,1,0,04,-,1,3,1,06,15/05/2018,2,01,2,1, , , , , , , ,1, ,8386,0
00,1024,1,11A232,19,40505,3,1,0,04,-,1,5,1,20,11/06/2004,1,04,3,1,6,06, , , , , ,1, ,8386,0
00,1024,1,11A232,19,40505,1,1,0,03,-,1,3,2,15,01/02/2009,1,03,3,1,6,06, , , , , ,1, ,8386,0
00,1024,1,11A232,19,40505,1,1,0,05,-,1,3,1,02,15/03/2022, , , , , , , , , , , ,1, ,8386,0
00,1024,1,11A232,19,40505,1,1,0,01,-,1,1,1,48,14/09/1976,1,03,3,2,1,01,7,2,3,1,002000,1, ,8386,0
00,1024,1,11A232,19,40505,1,1,0,02,-,1,2,2,34,05/04/1990,1,03,3,2,1,01,5,5,3,1,001500,1,1,8386,17135
00,1024,1,11A232,19,40507,3,1,0,09,-,1,3,2,21,28/05/2003,1,04,3,1,1,01,5,5,3,1,002000,1, ,9460,0
00,1024,1,11A232,19,40507,2,1,0,02,-,1,2,2,54,04/08/1970,1,02,6,2,5,01,5,5,2,1,001400,1, ,9460,0
00,1024,1,11A232,19,40507,2,1,0,03,-,1,3,2,33,02/11/1990,1,03,3,2,5,01,5,4,2,1,001500,1, ,9460,0
00,1024,1,11A232,19,40507,2,1,0,09,-,1,5,2,12,12/06/2012,1,02,6,1,6,06, , , , , ,1, ,9460,0
00,1024,1,11A232,19,40507,2,1,0,07,-,1,7,1,37,07/07/1987,1,03,3,2,5,01,7,2,3,1,002500,1, ,9460,0
00,1024,1,11A232,19,40507,2,1,0,04,-,1,3,2,30,24/12/1993,1,03,3,2,6,01,5,4,3,1,001500,1,1,9460,77318
00,1024,1,11A232,19,40507,2,1,0,10,-,1,5,2,11,18/09/2013,1,02,6,1, , , , , , , ,1, ,9460,0
00,1024,1,11A232,19,40507,3,1,0,03,-,1,3,1,17,04/12/2006,1,03,3,2,6,01,5,3,2,1,002800,1, ,9460,0
00,1024,1,11A232,19,40507,3,1,0,06,-,1,7,2,08,05/08/2016,1,02,2,1, , , , , , , ,1, ,9460,0
00,1024,1,11A232,19,40507,2,1,0,13,-,1,5,2,02,01/02/2022, , , , , , , , , , , ,1, ,9460,0
00,1024,1,11A232,19,40507,4,1,0,02,-,1,2,2,46,13/12/1977,1,03,3,2,5,01,5,5,2,1,001500,1, ,9460,0
00,1024,1,11A232,19,40507,4,1,0,05,-,1,3,1,06,07/10/2018,2,01,3,1, , , , , , , ,1, ,9460,0
00,1024,1,11A232,19,40507,1,1,0,03,-,1,5,1,19,08/01/2005,1,04,3,2,1,01,5,5,3,1,000099,1, ,9460,0
00,1024,1,11A232,19,40507,3,1,0,07,-,1,7,1,06,13/01/2018,1,01,3,1, , , , , , , ,1, ,9460,0
00,1024,1,11A232,19,40507,2,1,0,05,-,1,3,2,28,22/01/1996,1,03,3,2,1,01,5,4,3,1,001500,1, ,9460,0
00,1024,1,11A232,19,40507,2,1,0,06,-,1,7,1,98, ,1,03,3,2,1,01,5,5,3,1,001600,1, ,9460,0
00,1024,1,11A232,19,40507,2,1,0,11,-,1,5,2,06,18/07/2018,1,01,2,1, , , , , , , ,1, ,9460,0
00,1024,1,11A232,19,40507,2,1,0,12,-,1,5,2,06,21/06/2018,2,01,2,1, , , , , , , ,1, ,9460,0
00,1024,1,11A232,19,40507,2,1,0,08,-,1,7,1,98, ,1,03,3,2,1,04, , , , , ,1, ,9460,0
00,1024,1,11A232,19,40507,3,1,0,08,-,1,7,1,21,13/06/2003,1,03,3,2,1,01,7,5,3,1,003000,1, ,9460,0
00,1024,1,11A232,19,40507,3,1,0,01,-,1,1,1,49,30/06/1975,1,03,3,2,5,01,5,3,2,1,002800,1,1,9460,57988
00,1024,1,11A232,19,40507,3,1,0,04,-,1,3,1,23,13/09/2001,1,03,3,2,1,01,5,3,2,1,002800,1, ,9460,0
00,1024,1,11A232,19,40507,3,1,0,10,-,1,5,2,02,16/10/2022, , , , , , , , , , , ,1, ,9460,0
00,1024,1,11A232,19,40507,1,1,0,01,-,1,1,2,49,14/02/1975,2,00, ,2,4,01,5,5,2,1,001500,1, ,9460,0
00,1024,1,11A232,19,40507,3,1,0,05,-,1,7,2,27,02/10/1997,1,04,3,2,1,07, , , , , ,1, ,9460,0
00,1024,1,11A232,19,40507,4,1,0,01,-,1,1,1,49,30/05/1975,1,02,6,2,5,01,5,5,3,1,003500,1,1,9460,28994
00,1024,1,11A232,19,40507,4,1,0,04,-,1,3,2,12,08/07/2012,1,02,6,1,6,06, , , , , ,1, ,9460,0
00,1024,1,11A232,19,40507,4,1,0,03,-,1,3,1,21,07/03/2003,1,04,3,2,6,01,5,5,3,1,002000,1, ,9460,0
00,1024,1,11A232,19,40507,2,1,0,01,-,1,1,1,53,21/06/1971,1,02,6,2,5,09, , , , , ,1, ,9460,0
00,1024,1,11A232,19,40507,3,1,0,02,-,1,2,2,45,04/09/1979,1,03,3,2,5,07, , , , , ,1, ,9460,0
00,1024,1,11A232,19,40507,1,1,0,02,-,1,3,2,19,22/04/2005,1,04,3,2,1,01,5,5,3,1,001500,1,1,9460,28994
00,1024,1,11A232,19,40511,1,1,0,01,-,1,1,1,29,15/02/1995,1,03,3,2,1,01,5,3,3,1,002000,1, ,8637,0
14,1024,1,11A232,19,40511,4,1,0,03,-,1,3,1,20,01/06/2004,1,04,1,2,6,01,7,5,3,1,003000,1, ,8637,0
00,1024,1,11A232,19,40511,2,1,0,01,-,1,1,1,39,07/08/1985,1,03,3,2,3,01,5,4,3,1,002500,1,1,8637,8824
14,1024,1,11A232,19,40511,4,1,0,02,-,1,2,2,39,13/05/1985,1,04,3,2,5,01,9,5,3,1,000099,1, ,8637,0
14,1024,1,11A232,19,40511,4,1,0,01,-,1,1,1,51,03/01/1973,1,03,3,2,5,01,7,2,3,1,000099,1, ,8637,0
00,1024,1,11A232,19,40511,1,1,0,04,-,1,2,2,30,08/05/1994,1,03,3,2,1,01,4,5,5,1,001000,1,1,8637,26473
00,1024,1,11A232,19,40511,1,1,0,02,-,1,3,1,13,15/07/2011,1,03,1,1,6,06, , , , , ,1, ,8637,0
14,1024,1,11A232,19,40511,4,1,0,05,-,1,3,1,10,23/12/2013,1,02,5,1, , , , , , , ,1, ,8637,0
14,1024,1,11A232,19,40511,4,1,0,04,-,1,3,2,15,13/10/2009,1,03,3,1,6,06, , , , , ,1, ,8637,0
00,1024,1,11A232,19,40511,1,1,0,05,-,1,4,2,63,12/05/1961,1,02,6,2,4,01,5,5,4,1,001500,1, ,8637,0
00,1024,1,11A232,19,40511,1,1,0,03,-,1,3,1,06,18/12/2017,1,02,2,1, , , , , , , ,1, ,8637,0
00,1024,1,11A232,19,40511,2,1,0,02,-,1,3,2,09,10/04/2015,1,02,3,1, , , , , , , ,1, ,8637,0
00,1024,1,11A232,19,40514,1,1,0,04,-,1,3,1,09,15/11/2014,1,02,3,1, , , , , , , ,1, ,10885,0
00,1024,1,11A232,19,40514,2,1,0,01,-,1,1,2,45,09/04/1979,1,03,3,2,6,01,5,5,3,1,001600,1,1,10885,22241
00,1024,1,11A232,19,40514,1,1,0,03,-,1,3,1,12,13/11/2011,1,03,1,1,6,06, , , , , ,1, ,10885,0
00,1024,1,11A232,19,40514,1,1,0,01,-,1,1,1,36,06/01/1988,1,04,3,1,5,01,2,7,3,2,000099,1, ,10885,0
00,1024,1,11A232,19,40514,2,1,0,02,-,1,3,1,20,26/10/2004,1,03,3,2,6,01,5,5,5,1,002000,1, ,10885,0
00,1024,1,11A232,19,40514,1,1,0,05,-,1,3,1,08,06/09/2016,2,02,2,1, , , , , , , ,1, ,10885,0
00,1024,1,11A232,19,40514,1,1,0,02,-,1,2,2,29,15/06/1995,1,03,3,2,5,07, , , , , ,1,1,10885,22241
14,1024,1,12A232,19,40524,2,1,0,02,-,1,2,2,44,28/12/1979,1,04,3,2,5,07, , , , , ,1, ,8365,0
14,1024,1,12A232,19,40524,2,1,0,03,-,1,3,2,25,01/07/1999,1,07,4,1,6,01,3,2,3,1,000999,1, ,8365,0
00,1024,1,12A232,19,40524,3,1,0,04,-,1,7,2,22,19/08/2002,1,03,3,2,5,07, , , , , ,1,1,8365,34397
00,1024,1,12A232,19,40524,3,1,0,03,-,1,3,1,24,14/03/2000,1,07,5,2,5,04, , , , , ,1, ,8365,0
00,1024,1,12A232,19,40524,3,1,0,02,-,1,2,2,62,23/10/1962,1,02,6,2,5,07, , , , , ,1, ,8365,0
14,1024,1,12A232,19,40524,2,1,0,05,-,1,3,2,20,09/01/2004,1,07,2,1,6,06, , , , , ,1, ,8365,0
14,1024,1,12A232,19,40524,2,1,0,01,-,1,1,1,48,03/08/1976,1,04,3,2,5,01,5,2,3,1,000999,1, ,8365,0
14,1024,1,12A232,19,40524,2,1,0,04,-,1,3,1,10,11/07/2014,1,02,4,1, , , , , , , ,1, ,8365,0
00,1024,1,12A232,19,40524,1,1,0,04,-,1,3,2,08,16/12/2015,1,02,3,1, , , , , , , ,1, ,8365,0
00,1024,1,12A232,19,40524,1,1,0,01,-,1,1,1,47,09/03/1977,1,06,3,2,5,01,1,2,3,1,002500,1, ,8365,0
00,1024,1,12A232,19,40524,1,1,0,02,-,1,2,2,44,23/09/1980,1,04,3,2,5,07, , , , , ,1,1,8365,17199
00,1024,1,12A232,19,40524,4,1,0,01,-,1,1,1,52,03/04/1972,1,03,3,2,4,01,7,2,3,1,002000,1,1,8365,8599
00,1024,1,12A232,19,40524,1,1,0,03,-,1,3,1,16,12/07/2008,1,04,1,1,6,06, , , , , ,1, ,8365,0
00,1024,1,12A232,19,40524,3,1,0,01,-,1,1,1,54,10/07/1970,1,06,3,2,5,09, , , , , ,1, ,8365,0
00,1024,1,12A232,19,40524,3,1,0,05,-,1,3,1,17,12/07/2007,1,04,3,1,6,06, , , , , ,1, ,8365,0
00,1024,1,12A232,19,40527,3,1,0,03,-,1,3,1,21,18/04/2003,1,06,3,2,6,01,1,2,3,2,006000,1,1,8729,26921
00,1024,1,12A232,19,40527,4,1,0,01,-,1,1,2,30,30/11/1993,1,03,3,2,3,01,7,2,3,1,001500,1,1,8729,8974
00,1024,1,12A232,19,40527,1,1,0,04,-,1,3,1,16,23/09/2008,1,04,1,1,6,06, , , , , ,1, ,8729,0
00,1024,1,12A232,19,40527,3,1,0,05,-,1,3,2,12,05/05/2012,1,02,6,1,6,06, , , , , ,1, ,8729,0
00,1024,1,12A232,19,40527,3,1,0,04,-,1,3,2,16,02/01/2008,1,03,3,1,6,06, , , , , ,1, ,8729,0
00,1024,1,12A232,19,40527,3,1,0,01,-,1,1,1,49,26/05/1975,1,03,3,2,1,01,7,2,3,1,002500,1, ,8729,0
00,1024,1,12A232,19,40527,1,1,0,01,-,1,1,1,45,28/09/1979,1,04,3,2,5,01,5,7,3,2,008000,1, ,8729,0
00,1024,1,12A232,19,40527,2,1,0,01,-,1,1,1,41,28/02/1983,1,02,6,2,5,01,7,2,3,1,002500,1,1,8729,17947
00,1024,1,12A232,19,40527,4,1,0,03,-,1,3,2,13,21/01/2011,1,03,1,1,6,06, , , , , ,1, ,8729,0
00,1024,1,12A232,19,40527,1,1,0,02,-,1,2,2,45,20/04/1979,1,04,3,2,5,07, , , , , ,1, ,8729,0
00,1024,1,12A232,19,40527,2,1,0,02,-,1,2,2,29,15/04/1995,1,03,3,2,5,01,7,2,3,1,002100,1, ,8729,0
00,1024,1,12A232,19,40527,3,1,0,02,-,1,2,2,39,31/08/1985,1,04,3,2,1,01,7,2,3,1,002000,1, ,8729,0
00,1024,1,12A232,19,40527,4,1,0,04,-,1,3,2,06,23/04/2018,2,01,2,1, , , , , , , ,1, ,8729,0
00,1024,1,12A232,19,40527,1,1,0,03,-,1,3,2,21,06/07/2003,1,07,4,1,6,06, , , , , ,1,1,8729,26921
00,1024,1,12A232,19,40527,4,1,0,02,-,1,3,2,13,21/01/2011,1,03,1,1,6,06, , , , , ,1, ,8729,0
00,1024,1,12A232,19,40528,1,1,0,01,-,1,1,1,56,17/01/1968,1,03,3,2,5,01,5,4,3,1,009999,1,1,8656,17798
00,1024,1,12A232,19,40528,2,1,0,02,-,1,2,2,39,28/06/1985,1,04,3,2,1,01,4,4,2,1,000099,1, ,8656,0
00,1024,1,12A232,19,40528,2,1,0,01,-,1,1,1,40,29/09/1984,1,06,3,2,1,01,3,5,3,1,000099,1,1,8656,17798
00,1024,1,12A232,19,40528,4,1,0,02,-,1,3,1,05,12/07/2019,2,00, ,1, , , , , , , ,1, ,8656,0
00,1024,1,12A232,19,40528,1,1,0,02,-,1,2,2,60,01/01/1964,1,04,3,2,5,07, , , , , ,1, ,8656,0
00,1024,1,12A232,19,40528,4,1,0,01,-,1,1,2,47,10/07/1977,1,04,3,2,2,01,5,5,3,1,003600,1,1,8656,8899
00,1024,1,12A232,19,40531,3,1,0,04,-,1,3,1,18,06/03/2006,1,04,2,2,6,01,4,5,3,1,002500,1, ,8761,0
00,1024,1,12A232,19,40531,4,1,0,01,-,1,1,2,82,05/05/1942,1,02,1,2,4,07, , , , , ,1,1,8761,9006
00,1024,1,12A232,19,40531,3,1,0,01,-,1,1,1,61,01/05/1963,1,03,3,2,5,01,4,4,1,1,004000,1, ,8761,0
00,1024,1,12A232,19,40531,3,1,0,02,-,1,2,2,59,10/11/1964,1,02,6,2,5,07, , , , , ,1, ,8761,0
00,1024,1,12A232,19,40531,1,1,0,02,-,1,8,1,34,05/05/1990,1,04,3,2,1,01,4,5,2,1,002500,1, ,8761,0
00,1024,1,12A232,19,40531,2,1,0,02,-,1,6,1,55,15/10/1969,1,04,2,2,2,01,2,5,3,2,007000,1, ,8761,0
00,1024,1,12A232,19,40531,2,1,0,01,-,1,1,1,67,06/06/1957,1,03,3,2,4,08, , , , , ,1,1,8761,18013
00,1024,1,12A232,19,40531,3,1,0,03,-,1,3,1,40,22/03/1984,1,04,2,2,2,01,5,5,1,1,003000,1,1,8761,36026
00,1024,1,12A232,19,40531,1,1,0,03,-,1,3,2,31,08/12/1992,1,04,3,2,1,01,4,5,2,1,002500,1, ,8761,0
00,1024,1,12A232,19,40531,1,1,0,01,-,1,1,2,57,27/04/1967,1,03,3,2,4,07, , , , , ,1,1,8761,27019
00,1024,1,12A232,19,40533,2,1,0,02,-,1,3,1,11,12/11/2012,1,02,6,1, , , , , , , ,1, ,8362,0
00,1024,1,12A232,19,40533,1,1,0,01,-,1,1,2,58,10/03/1966,1,04,2,2,4,07, , , , , ,1,1,8362,8597
14,1024,1,12A232,19,40533,4,1,0,03,-,1,3,1,23,15/11/2000,1,07,5,2,6,01,1,2,3,3,006500,1, ,8362,0
00,1024,1,12A232,19,40533,2,1,0,01,-,1,1,2,34,26/01/1990,1,07,4,2,6,01,1,5,3,2,005000,1,1,8362,8597
14,1024,1,12A232,19,40533,4,1,0,01,-,1,1,1,50,15/02/1974,1,07,5,2,5,01,1,5,3,2,004000,1, ,8362,0
14,1024,1,12A232,19,40533,4,1,0,02,-,1,2,2,53,15/01/1971,1,04,3,1,5,07, , , , , ,1, ,8362,0
00,1024,1,12A232,19,40537,3,1,0,03,-,1,3,1,09,16/12/2014,1,02,4,1, , , , , , , ,1, ,8471,0
00,1024,1,12A232,19,40537,3,1,0,04,-,1,3,1,13,21/07/2011,1,02,6,1,6,06, , , , , ,1, ,8471,0
00,1024,1,12A232,19,40537,4,1,0,02,-,1,2,2,32,06/10/1992,1,06,3,2,5,01,4,4,2,3,022000,1,1,8471,17417
00,1024,1,12A232,19,40537,3,1,0,02,-,1,2,2,45,13/07/1979,1,07,4,2,5,01,1,7,3,2,012000,1,1,8471,17417
00,1024,1,12A232,19,40537,4,1,0,01,-,1,1,1,31,06/05/1993,1,07,4,2,5,01,4,4,2,3,025000,1, ,8471,0
00,1024,1,12A232,19,40537,3,1,0,01,-,1,1,1,53,02/10/1971,1,07,4,2,5,01,1,7,3,2,012000,1, ,8471,0
00,1024,1,12A232,19,40537,1,1,0,01,-,1,1,2,65,20/05/1959,1,07,5,2,5,01,3,7,3,2,005000,1, ,8471,0
00,1024,1,12A232,19,40537,1,1,0,03,-,1,3,2,26,14/11/1997,1,07,5,2,6,04, , , , , ,1,1,8471,26125
00,1024,1,12A232,19,40537,2,1,0,01,-,1,1,2,64,06/12/1959,1,03,3,2,5,07, , , , , ,1,1,8471,8708
00,1024,1,12A232,19,40537,1,1,0,02,-,1,2,1,70,20/10/1954,1,07,5,2,5,01,5,5,3,2,999999,1, ,8471,0
00,1024,1,12A232,19,40540,2,1,0,03,-,1,3,2,07,16/09/2017,1,02,1,1, , , , , , , ,1, ,8962,0
00,1024,1,12A232,19,40540,1,1,0,01,-,1,1,1,57,13/10/1967,1,03,3,2,5,01,2,7,3,1,002800,1,1,8962,18427
00,1024,1,12A232,19,40540,3,1,0,02,-,1,2,2,42,10/12/1981,1,03,3,2,5,07, , , , , ,1, ,8962,0
00,1024,1,12A232,19,40540,2,1,0,02,-,1,3,1,19,16/11/2004,1,04,3,2,6,01,7,2,3,1,002000,1, ,8962,0
00,1024,1,12A232,19,40540,3,1,0,03,-,1,3,2,07,20/01/2017,1,02,1,1, , , , , , , ,1, ,8962,0
00,1024,1,12A232,19,40540,2,1,0,01,-,1,1,1,40,16/08/1984,1,07,4,2,2,01,4,4,2,1,001500,1,1,8962,18427
00,1024,1,12A232,19,40540,1,1,0,03,-,1,5,2,05,05/10/2019,1,00, ,1, , , , , , , ,1, ,8962,0
00,1024,1,12A232,19,40540,1,1,0,02,-,1,2,2,54,08/10/1970,1,03,3,2,5,07, , , , , ,1, ,8962,0
00,1024,1,12A232,19,40540,3,1,0,01,-,1,1,1,48,24/10/1976,1,03,3,2,5,01,1,2,3,2,000099,1,1,8962,18427
00,1024,1,12A232,19,40541,3,1,0,03,-,1,3,2,26,26/10/1998,1,04,3,2,2,01,4,5,3,1,003000,1,1,9397,28981
00,1024,1,12A232,19,40541,3,1,0,04,-,1,5,1,06,18/01/2018,2,01,3,1, , , , , , , ,1, ,9397,0
00,1024,1,12A232,19,40541,2,1,0,01,-,1,1,1,36,27/09/1988,1,04,3,2,5,01,7,2,3,1,006000,1, ,9397,0
00,1024,1,12A232,19,40541,4,1,0,02,-,1,2,2,46,22/03/1978,1,02,6,2,1,07, , , , , ,1, ,9397,0
00,1024,1,12A232,19,40541,1,1,0,01,-,1,1,1,56,17/11/1967,1,07,5,2,6,01,1,5,3,2,011000,1,1,9397,9660
00,1024,1,12A232,19,40541,3,1,0,01,-,1,1,1,52,02/02/1972,1,03,3,2,5,01,3,5,3,2,999999,1, ,9397,0
00,1024,1,12A232,19,40541,4,1,0,05,-,1,3,2,09,28/09/2015,1,02,3,1, , , , , , , ,1, ,9397,0
00,1024,1,12A232,19,40541,2,1,0,03,-,1,3,1,15,08/06/2009,1,03,3,1,6,06, , , , , ,1, ,9397,0
00,1024,1,12A232,19,40541,2,1,0,02,-,1,2,2,44,22/12/1979,1,07,4,2,5,01,3,5,3,2,005800,1,1,9397,19321
00,1024,1,12A232,19,40541,2,1,0,04,-,1,3,1,12,01/08/2012,1,02,6,1,6,06, , , , , ,1, ,9397,0
00,1024,1,12A232,19,40541,3,1,0,05,-,1,5,1,04,16/05/2020, , , , , , , , , , , ,1, ,9397,0
00,1024,1,12A232,19,40541,4,1,0,01,-,1,1,1,52,07/05/1972,1,02,6,2,1,04, , , , , ,1, ,9397,0
00,1024,1,12A232,19,40541,3,1,0,02,-,1,2,2,54,16/07/1970,1,07,5,2,5,01,4,4,3,2,003500,1, ,9397,0
00,1024,1,12A232,19,40541,4,1,0,04,-,1,3,1,22,25/12/2001,1,04,3,1,6,06, , , , , ,1, ,9397,0
00,1024,1,12A232,19,40541,4,1,0,03,-,1,3,2,24,03/07/2000,1,07,5,2,6,04, , , , , ,1,1,9397,38641
00,1024,1,12A232,19,40544,3,1,0,05,-,1,3,1,17,14/06/2007,1,04,3,1,6,06, , , , , ,1, ,7267,0
00,1024,1,12A232,19,40544,1,1,0,03,-,1,3,1,30,06/12/1993,1,07,4,1,6,06, , , , , ,1, ,7267,0
00,1024,1,12A232,19,40544,1,1,0,01,-,1,1,1,62,08/11/1961,1,07,4,2,5,01,5,5,3,2,015000,1,1,7267,22413
00,1024,1,12A232,19,40544,3,1,0,07,-,1,5,2,06,05/10/2018,2,01,2,1, , , , , , , ,1, ,7267,0
00,1024,1,12A232,19,40544,3,1,0,03,-,1,3,2,31,12/07/1993,1,07,4,2,6,01,1,7,3,2,005000,1, ,7267,0
00,1024,1,12A232,19,40544,3,1,0,04,-,1,3,2,21,30/10/2003,1,04,3,1,6,06, , , , , ,1, ,7267,0
00,1024,1,12A232,19,40544,3,1,0,01,-,1,1,1,57,01/10/1967,1,07,4,2,5,01,2,7,3,2,030000,1,1,7267,29884
00,1024,1,12A232,19,40544,3,1,0,02,-,1,2,2,54,16/07/1970,1,07,4,2,5,01,1,7,2,3,080000,1, ,7267,0
00,1024,1,12A232,19,40544,2,1,0,02,-,1,2,2,68,20/10/1956,1,06,3,2,5,08, , , , , ,1, ,7267,0
00,1024,1,12A232,19,40544,4,1,0,01,-,1,1,1,69,06/01/1955,1,07,4,2,4,08, , , , , ,1,1,7267,7471
00,1024,1,12A232,19,40544,1,1,0,02,-,1,2,2,63,26/09/1961,1,06,3,2,5,07, , , , , ,1, ,7267,0
00,1024,1,12A232,19,40544,2,1,0,01,-,1,1,1,75,12/09/1949,1,07,4,2,5,08, , , , , ,1,1,7267,14942
00,1024,1,12A232,19,40544,3,1,0,06,-,1,5,2,08,06/07/2016,1,02,2,1, , , , , , , ,1, ,7267,0
14,1024,1,12A232,19,40546,1,1,0,02,-,1,3,1,21,16/03/2003,1,03,3,2,6,01,5,5,3,1,002000,1, ,8659,0
00,1024,1,12A232,19,40546,4,1,0,02,-,1,2,2,53,06/05/1971,1,06,3,2,5,07, , , , , ,1, ,8659,0
00,1024,1,12A232,19,40546,4,1,0,03,-,1,3,2,27,11/04/1997,1,04,3,1,3,06, , , , , ,1, ,8659,0
00,1024,1,12A232,19,40546,4,1,0,04,-,1,3,2,24,30/06/2000,1,04,3,1,6,06, , , , , ,1, ,8659,0
14,1024,1,12A232,19,40546,1,1,0,01,-,1,1,2,54,05/09/1970,1,03,3,2,6,01,5,5,3,2,003200,1, ,8659,0
14,1024,1,12A232,19,40546,3,1,0,04,-,1,3,2,13,11/10/2011,1,03,1,1,6,06, , , , , ,1, ,8659,0
14,1024,1,12A232,19,40546,3,1,0,02,-,1,2,1,50,30/01/1974,1,03,3,2,5,01,5,5,3,1,002000,1, ,8659,0
14,1024,1,12A232,19,40546,3,1,0,01,-,1,1,2,54,12/06/1970,1,02,6,2,5,01,7,2,3,1,001500,1, ,8659,0
00,1024,1,12A232,19,40546,4,1,0,01,-,1,1,1,53,11/04/1971,1,03,3,2,5,01,5,2,3,1,002600,1,1,8659,35607
00,1024,1,12A232,19,40546,4,1,0,06,-,1,5,2,05,20/10/2019,2,01,2,1, , , , , , , ,1, ,8659,0
00,1024,1,12A232,19,40546,4,1,0,07,-,1,5,1,02,24/08/2022, , , , , , , , , , , ,1, ,8659,0
00,1024,1,12A232,19,40546,4,1,0,05,-,1,5,2,06,20/03/2018,1,01,3,1, , , , , , , ,1, ,8659,0
14,1024,1,12A232,19,40546,1,1,0,03,-,1,6,1,62,15/01/1962,1,03,3,2,6,08, , , , , ,1, ,8659,0
14,1024,1,12A232,19,40546,3,1,0,03,-,1,3,1,25,14/02/1999,1,03,3,2,6,01,5,5,3,1,002000,1, ,8659,0
00,1024,1,12A232,19,40546,2,1,0,01,-,1,1,1,29,10/10/1995,1,07,4,2,6,01,1,5,3,2,020000,1,1,8659,8902
00,1024,1,12A232,19,40550,2,1,0,02,-,1,2,2,63,20/08/1961,1,06,3,2,5,01,5,5,2,1,005000,1,1,8825,18145
00,1024,1,12A232,19,40550,3,1,0,03,-,1,3,2,24,28/07/2000,1,07,4,2,6,01,5,5,3,2,020000,1, ,8825,0
00,1024,1,12A232,19,40550,2,1,0,01,-,1,1,1,57,09/07/1967,1,03,3,2,5,01,5,5,2,1,005000,1, ,8825,0
00,1024,1,12A232,19,40550,1,1,0,01,-,1,1,1,53,05/09/1971,1,07,4,2,5,01,5,5,3,2,030000,1, ,8825,0
00,1024,1,12A232,19,40550,3,1,0,01,-,1,1,1,67,07/09/1957,1,02,6,2,5,08, , , , , ,1, ,8825,0
00,1024,1,12A232,19,40550,3,1,0,02,-,1,2,2,64,21/01/1960,1,02,6,2,5,07, , , , , ,1,1,8825,27218
00,1024,1,12A232,19,40550,1,1,0,02,-,1,2,2,48,19/07/1976,1,07,4,2,5,07, , , , , ,1, ,8825,0
00,1024,1,12A232,19,40550,1,1,0,03,-,1,3,1,20,19/07/2004,1,04,3,1,6,06, , , , , ,1,1,8825,27218
00,1024,1,12A232,19,40553,3,1,0,01,-,1,1,1,79,01/08/1945,1,02,6,2,4,08, , , , , ,1,1,8876,9125
00,1024,1,12A232,19,40553,1,1,0,03,-,1,3,2,07,15/03/2017,1,02,1,1, , , , , , , ,1, ,8876,0
00,1024,1,12A232,19,40553,1,1,0,02,-,1,2,2,26,29/06/1998,1,04,3,2,1,07, , , , , ,1,1,8876,18249
00,1024,1,12A232,19,40553,1,1,0,04,-,1,3,2,03,05/04/2021, , , , , , , , , , , ,1, ,8876,0
00,1024,1,12A232,19,40553,1,1,0,01,-,1,1,1,31,11/07/1993,1,07,5,2,1,01,1,4,3,1,010000,1, ,8876,0
00,1024,1,12A232,19,40553,4,1,0,01,-,1,1,1,66,28/10/1958,1,02,6,2,5,08, , , , , ,1,1,8876,18249
00,1024,1,12A232,19,40553,1,1,0,05,-,1,3,2,02,05/09/2022, , , , , , , , , , , ,1, ,8876,0
00,1024,1,12A232,19,40553,4,1,0,02,-,1,2,2,65,30/05/1959,1,02,6,2,5,07, , , , , ,1, ,8876,0
00,1024,1,12A232,19,40553,2,1,0,01,-,1,1,1,34,07/04/1990,1,07,5,1,6,01,1,5,3,2,000999,1,1,8876,9125
00,1024,1,12A232,19,40554,1,1,0,03,-,1,3,1,25,18/10/1999,1,07,5,2,6,01,1,2,3,1,004000,1, ,8223,0
00,1024,1,12A232,19,40554,3,1,0,02,-,1,2,2,60,07/02/1964,1,04,3,2,5,01,5,5,3,1,001000,1,1,8223,25362
00,1024,1,12A232,19,40554,4,1,0,04,-,1,3,2,22,26/02/2002,1,07,5,2,6,01,1,2,3,1,999999,1, ,8223,0
00,1024,1,12A232,19,40554,1,1,0,04,-,1,3,2,19,06/01/2005,1,07,1,1,6,06, , , , , ,1, ,8223,0
00,1024,1,12A232,19,40554,1,1,0,01,-,1,1,1,55,16/11/1968,1,06,3,2,5,01,1,2,2,1,020000,1,1,8223,33816
00,1024,1,12A232,19,40554,4,1,0,02,-,1,2,2,52,12/02/1972,1,06,1,2,5,07, , , , , ,1, ,8223,0
00,1024,1,12A232,19,40554,4,1,0,06,-,1,4,1,79,08/11/1944,1,02,3,2,2,08, , , , , ,1, ,8223,0
00,1024,1,12A232,19,40554,4,1,0,03,-,1,3,1,25,07/11/1998,1,07,5,2,6,01,1,2,3,1,999999,1, ,8223,0
00,1024,1,12A232,19,40554,3,1,0,03,-,1,3,2,21,27/03/2003,1,06,3,2,6,01,1,5,3,2,003000,1, ,8223,0
00,1024,1,12A232,19,40554,3,1,0,01,-,1,1,1,62,06/08/1962,1,03,3,2,5,08, , , , , ,1, ,8223,0
00,1024,1,12A232,19,40554,1,1,0,02,-,1,2,2,56,29/01/1968,1,03,3,2,5,07, , , , , ,1, ,8223,0
00,1024,1,12A232,19,40554,4,1,0,05,-,1,3,1,18,30/05/2006,1,04,3,1,6,01,1,2,3,1,999999,1, ,8223,0
00,1024,1,12A232,19,40554,2,1,0,01,-,1,1,1,69,09/05/1955,1,03,3,2,4,08, , , , , ,1,1,8223,8454
00,1024,1,12A232,19,40554,4,1,0,01,-,1,1,1,53,14/10/1971,1,04,3,2,5,01,1,2,2,3,999999,1,1,8223,50724
00,1024,1,12A232,19,40557,1,1,0,02,-,1,3,1,47,12/08/1977,1,03,3,2,6,01,5,3,3,1,001000,1,1,8432,17336
00,1024,1,12A232,19,40557,1,1,0,01,-,1,1,2,68,20/01/1956,1,02,3,2,4,01,5,5,3,1,002500,1, ,8432,0
00,1024,1,12A232,19,40557,3,1,0,02,-,1,2,2,64,06/01/1960,1,02,6,2,5,07, , , , , ,1, ,8432,0
00,1024,1,12A232,19,40557,2,1,0,02,-,1,2,2,63,11/01/1961,1,03,3,2,5,07, , , , , ,1, ,8432,0
00,1024,1,12A232,19,40557,3,1,0,01,-,1,1,1,65,18/07/1959,1,06,3,2,5,01,4,4,3,1,001000,1,1,8432,17336
00,1024,1,12A232,19,40557,4,1,0,02,-,1,3,2,43,15/10/1981,1,06,3,2,6,01,3,5,3,1,000099,1, ,8432,0
00,1024,1,12A232,19,40557,2,1,0,03,-,1,5,1,17,13/06/2007,1,04,2,1,6,06, , , , , ,1, ,8432,0
00,1024,1,12A232,19,40557,4,1,0,01,-,1,1,1,64,15/02/1960,1,04,2,2,4,08, , , , , ,1,1,8432,17336
00,1024,1,12A232,19,40557,2,1,0,01,-,1,1,1,63,17/05/1961,1,03,3,2,5,08, , , , , ,1,1,8432,17336
00,1024,1,12A232,19,40559,1,1,0,01,-,1,1,1,74,19/07/1950,1,09,3,2,5,08, , , , , ,1, ,10542,0
00,1024,1,12A232,19,40559,3,1,0,01,-,1,1,1,57,22/09/1967,1,03,3,2,1,01,5,6,2,1,007000,1, ,10542,0
00,1024,1,12A232,19,40559,4,1,0,01,-,1,1,2,76,01/01/1948,1,02,6,2,4,01,4,5,2,1,007000,1,1,10542,10838
00,1024,1,12A232,19,40559,3,1,0,02,-,1,2,2,58,09/10/1966,1,07,5,2,1,01,1,5,2,1,007000,1,1,10542,21676
00,1024,1,12A232,19,40559,1,1,0,02,-,1,2,2,74,05/09/1950,1,05,4,2,5,08, , , , , ,1,1,10542,21676
00,1024,1,13A232,19,40563,1,1,0,05,-,1,3,2,17,30/07/2007,1,04,3,1,6,06, , , , , ,1, ,10951,0
00,1024,1,13A232,19,40563,1,1,0,01,-,1,1,1,52,04/08/1972,1,07,2,2,5,01,1,4,3,2,016000,1, ,10951,0
00,1024,1,13A232,19,40563,2,1,0,01,-,1,1,1,51,17/05/1973,1,07,5,2,6,01,5,5,2,1,004000,1,1,10951,11657
00,1024,1,13A232,19,40563,1,1,0,03,-,1,3,2,27,16/04/1997,1,07,5,2,6,01,1,5,3,2,008000,1,1,10951,46628
00,1024,1,13A232,19,40563,1,1,0,02,-,1,2,2,46,11/11/1977,1,03,3,2,5,07, , , , , ,1, ,10951,0
00,1024,1,13A232,19,40563,1,1,0,04,-,1,3,2,26,13/04/1998,1,08,2,1,6,01,1,5,3,2,010000,1, ,10951,0
14,1024,1,13A232,19,40563,3,1,0,02,-,1,2,2,61,21/06/1963,1,04,3,2,5,07, , , , , ,1, ,10951,0
00,1024,1,13A232,19,40563,4,1,0,01,-,1,1,1,40,02/11/1984,1,07,5,2,6,01,1,5,3,2,009000,1,1,10951,11657
14,1024,1,13A232,19,40563,3,1,0,01,-,1,1,1,62,30/10/1962,1,07,5,2,5,01,1,2,3,2,000999,1, ,10951,0
00,1024,1,13A232,19,40566,4,1,0,05,-,1,3,2,01,30/11/2022, , , , , , , , , , , ,1, ,11808,0
00,1024,1,13A232,19,40566,2,1,0,04,-,1,3,1,17,08/02/2007,1,06,2,1,6,06, , , , , ,1, ,11808,0
00,1024,1,13A232,19,40566,2,1,0,01,-,1,1,1,57,15/03/1967,1,03,3,2,5,01,7,2,3,1,000999,1, ,11808,0
00,1024,1,13A232,19,40566,1,1,0,01,-,1,1,1,33,09/03/1991,1,03,3,2,1,01,1,5,2,1,001500,1,1,11808,25140
00,1024,1,13A232,19,40566,2,1,0,02,-,1,2,2,47,07/10/1977,1,06,3,2,5,01,5,5,2,1,000999,1, ,11808,0
00,1024,1,13A232,19,40566,2,1,0,03,-,1,3,1,20,05/01/2004,1,04,3,2,6,01,7,2,3,1,002000,1,1,11808,37710
00,1024,1,13A232,19,40566,1,1,0,02,-,1,2,2,35,30/10/1989,1,04,2,2,1,01,5,5,3,1,002000,1, ,11808,0
00,1024,1,13A232,19,40566,4,1,0,03,-,1,3,2,15,19/07/2009,1,03,3,1,6,06, , , , , ,1, ,11808,0
00,1024,1,13A232,19,40566,4,1,0,04,-,1,3,1,11,26/03/2013,1,02,5,1, , , , , , , ,1, ,11808,0
00,1024,1,13A232,19,40566,4,1,0,01,-,1,1,1,38,12/10/1986,1,06,3,2,5,01,7,2,3,2,005000,1, ,11808,0
00,1024,1,13A232,19,40566,4,1,0,02,-,1,2,2,35,18/08/1989,1,06,3,2,5,07, , , , , ,1,1,11808,25140
14,1024,1,13A232,19,40567,4,1,0,03,-,1,3,2,17,23/06/2007,1,04,3,2,6,10, , , , , ,1, ,11272,0
14,1024,1,13A232,19,40567,4,1,0,05,-,1,3,1,05,13/04/2019,2,01,1,1, , , , , , , ,1, ,11272,0
14,1024,1,13A232,19,40567,4,1,0,02,-,1,2,2,36,19/04/1988,1,04,3,2,5,07, , , , , ,1, ,11272,0
00,1024,1,13A232,19,40567,2,1,0,03,-,1,7,1,26,13/01/1998,1,06,3,2,6,01,1,4,3,3,012000,1, ,11272,0
14,1024,1,13A232,19,40567,4,1,0,04,-,1,3,2,15,01/08/2009,1,03,3,1,6,06, , , , , ,1, ,11272,0
00,1024,1,13A232,19,40567,3,1,0,01,-,1,1,2,33,27/10/1991,1,04,3,2,2,01,5,6,3,1,000999,1, ,11272,0
00,1024,1,13A232,19,40567,3,1,0,04,-,1,6,1,21,13/08/2003,1,06,3,2,6,01,1,2,3,1,001800,1, ,11272,0
00,1024,1,13A232,19,40567,2,1,0,02,-,1,6,2,52,16/08/1972,1,06,3,2,3,01,3,4,3,3,025000,1,1,11272,35999
00,1024,1,13A232,19,40567,3,1,0,02,-,1,4,1,55,16/10/1969,1,06,3,2,5,01,1,2,3,1,003500,1, ,11272,0
00,1024,1,13A232,19,40567,3,1,0,08,-,1,3,2,06,15/08/2018,2,01,1,1, , , , , , , ,1, ,11272,0
00,1024,1,13A232,19,40567,3,1,0,07,-,1,3,2,07,15/09/2017,2,01,2,1, , , , , , , ,1, ,11272,0
00,1024,1,13A232,19,40567,3,1,0,03,-,1,4,2,54,24/05/1970,1,06,3,2,5,07, , , , , ,1,1,11272,47998
14,1024,1,13A232,19,40567,4,1,0,01,-,1,1,1,43,04/12/1980,1,06,3,2,5,01,3,6,3,2,000999,1, ,11272,0
00,1024,1,13A232,19,40567,3,1,0,05,-,1,3,1,13,15/07/2011,1,03,1,1,6,06, , , , , ,1, ,11272,0
00,1024,1,13A232,19,40567,2,1,0,04,-,1,3,1,09,13/11/2014,1,02,3,1, , , , , , , ,1, ,11272,0
00,1024,1,13A232,19,40567,2,1,0,01,-,1,1,2,63,10/12/1960,1,07,5,2,6,01,1,5,3,2,000999,1, ,11272,0
00,1024,1,13A232,19,40567,3,1,0,06,-,1,3,2,12,15/06/2012,1,02,6,1,6,06, , , , , ,1, ,11272,0
00,1024,1,13A232,19,40572,3,1,0,02,-,1,2,2,72,15/06/1952,1,03,3,2,5,07, , , , , ,1,1,10785,22962
00,1024,1,13A232,19,40572,2,1,0,02,-,1,2,1,65,15/04/1959,1,07,5,2,5,08, , , , , ,1,1,10785,22962
00,1024,1,13A232,19,40572,3,1,0,01,-,1,1,1,72,15/01/1952,1,06,3,2,5,08, , , , , ,1, ,10785,0
00,1024,1,13A232,19,40572,2,1,0,01,-,1,1,2,65,15/09/1959,1,07,5,2,5,07, , , , , ,1, ,10785,0
00,1024,1,13A232,19,40576,4,1,0,04,-,1,5,1,02,15/06/2022, , , , , , , , , , , ,1, ,11659,0
00,1024,1,13A232,19,40576,2,1,0,02,-,1,2,2,57,01/06/1967,1,04,3,2,1,07, , , , , ,1, ,11659,0
00,1024,1,13A232,19,40576,4,1,0,03,-,1,5,1,21,19/09/2003,1,03,3,2,1,01,4,5,2,1,002500,1,1,11659,37233
00,1024,1,13A232,19,40576,3,1,0,01,-,1,1,1,63,04/06/1961,1,02,6,2,5,08, , , , , ,1,1,11659,49644
00,1024,1,13A232,19,40576,1,1,0,03,-,1,3,2,02,04/05/2022, , , , , , , , , , , ,1, ,11659,0
00,1024,1,13A232,19,40576,1,1,0,01,-,1,1,1,42,07/12/1981,1,03,3,2,1,01,1,5,2,1,002500,1, ,11659,0
00,1024,1,13A232,19,40576,1,1,0,02,-,1,2,2,28,31/08/1996,1,03,3,2,1,07, , , , , ,1,1,11659,24822
00,1024,1,13A232,19,40576,4,1,0,01,-,1,1,2,56,21/07/1968,1,05,4,2,4,08, , , , , ,1, ,11659,0
00,1024,1,13A232,19,40576,3,1,0,03,-,1,3,2,33,05/11/1991,1,03,3,2,6,01,7,2,3,1,001800,1, ,11659,0
00,1024,1,13A232,19,40576,2,1,0,03,-,1,3,1,24,26/07/2000,1,04,3,2,6,01,7,2,3,1,001000,1, ,11659,0
00,1024,1,13A232,19,40576,3,1,0,04,-,1,3,1,27,12/12/1996,1,04,3,2,6,01,7,2,3,1,002200,1, ,11659,0
00,1024,1,13A232,19,40576,4,1,0,02,-,1,5,2,19,18/11/2004,1,03,3,2,1,07, , , , , ,1, ,11659,0
00,1024,1,13A232,19,40576,2,1,0,04,-,1,3,1,29,25/09/1995,1,04,3,2,6,01,3,5,3,2,006000,1, ,11659,0
00,1024,1,13A232,19,40576,3,1,0,02,-,1,2,2,54,14/01/1970,1,02,6,2,5,07, , , , , ,1, ,11659,0
00,1024,1,13A232,19,40576,2,1,0,01,-,1,1,1,58,03/01/1966,1,04,3,2,5,01,4,4,2,1,001000,1,1,11659,49644
00,1024,1,13A232,19,40579,3,1,0,02,-,1,6,1,44,29/09/1980,1,04,3,2,6,01,5,5,3,1,000999,1, ,10325,0
14,1024,1,13A232,19,40579,2,1,0,05,-,1,3,2,09,15/06/2015,1,02,4,1, , , , , , , ,1, ,10325,0
14,1024,1,13A232,19,40579,2,1,0,03,-,1,4,2,73,26/05/1951,1,07,4,2,4,08, , , , , ,1, ,10325,0
00,1024,1,13A232,19,40579,4,1,0,04,-,1,3,2,16,14/01/2008,1,03,3,1,6,06, , , , , ,1, ,10325,0
00,1024,1,13A232,19,40579,3,1,0,01,-,1,1,2,42,06/02/1982,1,07,4,2,6,01,5,5,3,3,012000,1,1,10325,32973
14,1024,1,13A232,19,40579,2,1,0,06,-,1,3,1,12,28/01/2012,1,02,6,1,6,06, , , , , ,1, ,10325,0
14,1024,1,13A232,19,40579,2,1,0,02,-,1,2,1,47,04/05/1977,1,07,4,2,5,01,5,5,3,1,000099,1, ,10325,0
14,1024,1,13A232,19,40579,2,1,0,04,-,1,3,2,08,14/07/2016,1,02,3,1, , , , , , , ,1, ,10325,0
14,1024,1,13A232,19,40579,2,1,0,01,-,1,1,2,43,21/07/1981,1,07,4,2,5,07, , , , , ,1, ,10325,0
00,1024,1,13A232,19,40579,4,1,0,02,-,1,3,1,19,26/08/2005,1,04,3,1,6,06, , , , , ,1,1,10325,21982
00,1024,1,13A232,19,40579,3,1,0,03,-,1,7,2,29,15/05/1995,1,07,4,2,6,01,1,5,3,2,000999,1, ,10325,0
00,1024,1,13A232,19,40579,4,1,0,03,-,1,3,1,17,05/10/2007,1,03,3,1,6,06, , , , , ,1, ,10325,0
00,1024,1,13A232,19,40579,4,1,0,01,-,1,1,2,42,11/10/1982,1,04,3,2,3,01,5,5,3,2,000999,1, ,10325,0
00,1024,1,13A232,19,40580,2,1,0,01,-,1,1,1,24,12/05/2000,1,07,4,2,6,01,1,5,3,2,009000,1,1,10053,10702
00,1024,1,13A232,19,40583,1,1,0,03,-,1,3,2,25,06/05/1999,1,07,4,1,6,06, , , , , ,1,1,10380,44198
00,1024,1,13A232,19,40583,3,1,0,01,-,1,1,1,34,05/08/1990,1,08,3,2,6,01,1,5,3,3,080000,1,1,10380,11050
00,1024,1,13A232,19,40583,1,1,0,02,-,1,2,2,52,27/11/1971,1,07,4,2,5,01,5,5,3,2,010000,1, ,10380,0
00,1024,1,13A232,19,40583,1,1,0,01,-,1,1,1,64,27/07/1960,1,07,4,2,5,01,5,5,2,2,025000,1, ,10380,0
00,1024,1,13A232,19,40583,1,1,0,04,-,1,3,2,23,21/08/2001,1,07,4,1,6,06, , , , , ,1, ,10380,0
00,1024,1,13A232,19,40583,4,1,0,02,-,1,2,2,69,25/11/1954,1,07,4,2,5,07, , , , , ,1, ,10380,0
00,1024,1,13A232,19,40583,4,1,0,01,-,1,1,1,75,17/12/1948,1,07,4,2,5,08, , , , , ,1,1,10380,22099
00,1024,1,13A232,19,40585,1,1,0,02,-,1,3,1,62,22/04/1962,1,04,3,2,4,01,5,5,2,1,000099,1,1,9647,20538
00,1024,1,13A232,19,40585,1,1,0,01,-,1,1,2,87,10/07/1937,1,06,3,2,4,07, , , , , ,1, ,9647,0
00,1024,1,13A232,19,40589,3,1,0,03,-,1,3,1,07,17/08/2017,1,01,3,1, , , , , , , ,1, ,9984,0
00,1024,1,13A232,19,40589,2,1,0,01,-,1,1,1,55,17/09/1969,1,08,5,2,5,01,1,5,3,2,040000,1, ,9984,0
00,1024,1,13A232,19,40589,2,1,0,03,-,1,7,2,18,18/01/2006,1,04,3,1,6,06, , , , , ,1, ,9984,0
00,1024,1,13A232,19,40589,4,1,0,03,-,1,3,2,34,16/04/1990,1,04,2,2,4,07, , , , , ,1, ,9984,0
00,1024,1,13A232,19,40589,4,1,0,07,-,1,5,1,07,18/02/2017,2,00, ,2, , , , , , , ,1, ,9984,0
00,1024,1,13A232,19,40589,4,1,0,04,-,1,3,2,32,03/01/1992,1,07,5,2,6,07, , , , , ,1, ,9984,0
00,1024,1,13A232,19,40589,4,1,0,01,-,1,1,1,57,03/02/1967,1,07,2,2,5,08, , , , , ,1,1,9984,42512
00,1024,1,13A232,19,40589,4,1,0,02,-,1,2,2,57,05/10/1967,1,04,3,2,5,07, , , , , ,1, ,9984,0
00,1024,1,13A232,19,40589,1,1,0,05,-,1,3,2,10,15/01/2014,1,02,4,1, , , , , , , ,1, ,9984,0
00,1024,1,13A232,19,40589,1,1,0,04,-,1,3,2,14,13/07/2010,1,03,2,1,6,06, , , , , ,1, ,9984,0
00,1024,1,13A232,19,40589,1,1,0,02,-,1,2,2,45,02/08/1979,1,07,4,2,5,07, , , , , ,1, ,9984,0
00,1024,1,13A232,19,40589,2,1,0,02,-,1,2,2,46,30/08/1978,1,08,5,2,5,01,1,5,3,3,040000,1,1,9984,31884
00,1024,1,13A232,19,40589,3,1,0,02,-,1,2,2,42,21/09/1982,1,07,4,2,5,01,5,5,3,2,020000,1,1,9984,21256
00,1024,1,13A232,19,40589,4,1,0,06,-,1,5,2,07,21/02/2017,1,02,1,1, , , , , , , ,1, ,9984,0
00,1024,1,13A232,19,40589,4,1,0,05,-,1,5,1,10,20/08/2014,1,02,4,1, , , , , , , ,1, ,9984,0
00,1024,1,13A232,19,40589,1,1,0,03,-,1,3,2,16,12/06/2008,1,03,3,1,6,06, , , , , ,1, ,9984,0
00,1024,1,13A232,19,40589,1,1,0,01,-,1,1,1,47,20/11/1976,1,07,4,2,5,01,4,4,2,1,005000,1,1,9984,21256
00,1024,1,13A232,19,40589,2,1,0,04,-,1,3,1,02,03/10/2022, , , , , , , , , , , ,1, ,9984,0
00,1024,1,13A232,19,40589,3,1,0,01,-,1,1,1,44,11/04/1980,1,07,4,2,5,01,5,5,3,2,040000,1, ,9984,0
16,1024,1,13A232,19,40592,2,1,0,01,-,1,1,2,63,18/03/1961,1,07,5,2,6,01,1,5,3,2,010000,1, ,10430,0
00,1024,1,13A232,19,40592,4,1,0,01,-,1,1,2,79,06/03/1945,1,02,4,2,4,07, , , , , ,1,1,10430,33307
00,1024,1,13A232,19,40592,4,1,0,03,-,1,3,1,42,03/11/1981,1,08,3,2,6,01,1,2,3,2,000999,1, ,10430,0
00,1024,1,13A232,19,40592,4,1,0,02,-,1,3,2,58,29/10/1966,1,06,3,2,6,01,3,2,3,2,000999,1, ,10430,0
00,1024,1,13A232,19,40592,1,1,0,04,-,1,6,2,72,13/06/1952,1,06,3,2,6,08, , , , , ,1, ,10430,0
16,1024,1,13A232,19,40592,2,1,0,02,-,1,6,2,63,18/03/1961,1,07,5,2,6,09, , , , , ,1, ,10430,0
00,1024,1,13A232,19,40592,1,1,0,03,-,1,6,2,76,19/10/1948,1,07,5,2,6,01,1,5,2,1,000999,1, ,10430,0
00,1024,1,13A232,19,40592,1,1,0,02,-,1,6,2,77,02/05/1947,1,06,3,2,6,08, , , , , ,1,1,10430,44410
00,1024,1,13A232,19,40592,1,1,0,01,-,1,1,2,79,16/05/1945,1,06,3,2,6,08, , , , , ,1, ,10430,0
00,1024,1,13A232,19,40593,3,1,0,01,-,1,1,1,78,11/09/1946,1,06,3,2,2,08, , , , , ,1,1,10732,11424
00,1024,1,13A232,19,40593,2,1,0,01,-,1,1,1,71,15/05/1953,1,07,5,2,5,08, , , , , ,1,1,10732,22849
00,1024,1,13A232,19,40593,1,1,0,01,-,1,1,2,53,15/08/1971,1,07,5,2,6,01,1,5,3,2,018000,1,1,10732,11424
00,1024,1,13A232,19,40593,2,1,0,02,-,1,2,2,68,23/07/1956,1,04,3,2,5,07, , , , , ,1, ,10732,0
00,1024,1,13A232,19,40596,1,1,0,04,-,1,3,1,05,15/07/2019,2,01,2,1, , , , , , , ,1, ,10230,0
00,1024,1,13A232,19,40596,1,1,0,02,-,1,2,2,31,30/08/1993,1,07,1,2,1,07, , , , , ,1, ,10230,0
00,1024,1,13A232,19,40596,3,1,0,01,-,1,1,1,41,16/08/1983,1,07,5,2,1,01,3,4,3,2,024000,1, ,10230,0
00,1024,1,13A232,19,40596,2,1,0,05,-,1,5,1,06,04/11/2018,2,01,3,1, , , , , , , ,1, ,10230,0
00,1024,1,13A232,19,40596,2,1,0,01,-,1,1,2,44,04/02/1980,1,03,3,2,2,01,4,4,2,1,001500,1, ,10230,0
00,1024,1,13A232,19,40596,3,1,0,05,-,1,3,1,10,26/09/2014,1,02,4,1, , , , , , , ,1, ,10230,0
00,1024,1,13A232,19,40596,2,1,0,04,-,1,3,2,14,04/05/2010,1,03,1,1,6,06, , , , , ,1, ,10230,0
00,1024,1,13A232,19,40596,1,1,0,03,-,1,3,2,14,23/06/2010,1,03,2,1,6,06, , , , , ,1, ,10230,0
00,1024,1,13A232,19,40596,1,1,0,01,-,1,1,1,30,11/01/1994,1,07,3,2,1,01,1,5,2,1,001500,1,1,10230,21781
00,1024,1,13A232,19,40596,2,1,0,03,-,1,3,1,15,28/11/2008,1,03,3,1,6,06, , , , , ,1, ,10230,0
00,1024,1,13A232,19,40596,2,1,0,02,-,1,3,2,22,31/03/2002,1,04,3,2,6,09, , , , , ,1,1,10230,21781
00,1024,1,13A232,19,40596,1,1,0,05,-,1,3,2,03,14/01/2021, , , , , , , , , , , ,1, ,10230,0
00,1024,1,13A232,19,40596,3,1,0,03,-,1,3,2,17,22/03/2007,1,04,3,1,6,06, , , , , ,1, ,10230,0
00,1024,1,13A232,19,40596,3,1,0,04,-,1,3,1,16,25/06/2008,1,04,1,1,6,06, , , , , ,1, ,10230,0
00,1024,1,13A232,19,40596,3,1,0,02,-,1,2,2,42,10/04/1982,1,06,3,2,1,01,3,5,3,2,012000,1,1,10230,21781
00,1024,1,11A232,20,40338,2,1,0,03,-,1,3,2,45,22/02/1979,1,04,3,2,4,01,3,7,3,2,004400,1, ,5033,0
00,1024,1,11A232,20,40338,4,1,0,03,-,1,3,1,17,20/06/2007,1,04,1,1,6,06, , , , , ,1, ,5033,0
00,1024,1,11A232,20,40338,2,1,0,02,-,1,5,1,27,15/05/1997,1,07,5,2,6,01,2,7,3,2,007400,1,1,5033,25166
00,1024,1,11A232,20,40338,2,1,0,04,-,1,3,1,98, ,1,02,6,2,6,01,4,4,3,2,003500,1, ,5033,0
00,1024,1,11A232,20,40338,1,1,0,02,-,1,3,1,24,08/04/2000,1,04,3,2,6,01,4,4,3,2,003000,1, ,5033,0
00,1024,1,11A232,20,40338,1,1,0,04,-,1,3,1,18,12/06/2006,1,03,3,2,1,01,1,4,2,1,002500,1,1,5033,20133
00,1024,1,11A232,20,40338,4,1,0,02,-,1,3,1,21,16/04/2003,1,04,3,2,6,01,4,4,3,1,001500,1,1,5033,10066
00,1024,1,11A232,20,40338,3,1,0,01,-,1,1,1,73,01/01/1951,2,02,3,2,5,01,5,4,3,1,001500,1,1,5033,5033
00,1024,1,11A232,20,40338,2,1,0,01,-,1,1,2,98, ,1,02,6,2,4,01,3,2,3,2,003800,1, ,5033,0
00,1024,1,11A232,20,40338,1,1,0,01,-,1,1,2,53,21/03/1971,1,03,3,2,2,07, , , , , ,1, ,5033,0
00,1024,1,11A232,20,40338,1,1,0,03,-,1,3,2,22,24/04/2002,1,04,2,2,6,01,4,4,3,2,003000,1, ,5033,0
00,1024,1,11A232,20,40338,4,1,0,01,-,1,1,1,54,04/08/1970,1,03,3,2,5,01,2,2,3,2,005000,1, ,5033,0
00,1024,1,11A232,20,40338,1,1,0,05,-,1,8,2,17,24/02/2007,1,03,2,2,1,07, , , , , ,1, ,5033,0
00,1024,1,11A232,20,40338,2,1,0,05,-,1,5,1,18,24/03/2006,2,00, ,2,6,09, , , , , ,1, ,5033,0
00,1024,1,11A232,20,40358,1,1,0,08,-,1,5,1,08,03/03/2016,1,02,1,1, , , , , , , ,1, ,7963,0
00,1024,1,11A232,20,40358,4,1,0,01,-,1,1,2,47,27/05/1977,1,04,1,2,2,01,3,7,3,3,008000,1,1,7963,16271
00,1024,1,11A232,20,40358,1,1,0,06,-,1,3,2,35,12/05/1989,1,04,3,2,2,01,4,6,3,2,002200,1, ,7963,0
00,1024,1,11A232,20,40358,2,1,0,01,-,1,1,2,61,31/12/1962,1,02,1,2,5,07, , , , , ,1, ,7963,0
00,1024,1,11A232,20,40358,1,1,0,07,-,1,5,1,12,03/10/2012,1,02,6,1,6,06, , , , , ,1, ,7963,0
00,1024,1,11A232,20,40358,3,1,0,04,-,1,3,2,21,02/02/2003,1,07,2,1,6,06, , , , , ,1,1,7963,32543
00,1024,1,11A232,20,40358,1,1,0,03,-,1,3,1,27,30/06/1997,1,07,5,2,6,01,2,7,3,2,001700,1, ,7963,0
00,1024,1,11A232,20,40358,1,1,0,05,-,1,5,1,21,19/01/2003,1,07,2,1,6,06, , , , , ,1, ,7963,0
00,1024,1,11A232,20,40358,3,1,0,03,-,1,3,1,23,02/09/2001,1,04,2,2,6,01,4,4,3,1,001000,1, ,7963,0
00,1024,1,11A232,20,40358,1,1,0,02,-,1,2,1,67,29/07/1957,2,00, ,2,1,01,6,4,2,2,002200,1, ,7963,0
00,1024,1,11A232,20,40358,2,1,0,02,-,1,2,1,65,13/05/1959,1,03,3,2,5,01,4,3,3,1,002500,1,1,7963,16271
00,1024,1,11A232,20,40358,1,1,0,04,-,1,3,2,23,01/10/2001,1,07,2,1,6,06, , , , , ,1,1,7963,48814
00,1024,1,11A232,20,40358,1,1,0,09,-,1,5,1,02,03/01/2022, , , , , , , , , , , ,1, ,7963,0
00,1024,1,11A232,20,40358,3,1,0,02,-,1,2,1,42,12/06/1982,1,03,3,2,1,01,4,4,2,1,002000,1, ,7963,0
00,1024,1,11A232,20,40358,4,1,0,02,-,1,3,1,18,20/02/2006,1,04,1,1,6,06, , , , , ,1, ,7963,0
00,1024,1,11A232,20,40358,4,1,0,03,-,1,3,1,16,17/07/2008,1,03,3,1,6,06, , , , , ,1, ,7963,0
00,1024,1,11A232,20,40358,1,1,0,01,-,1,1,2,56,23/07/1968,1,02,1,2,1,07, , , , , ,1, ,7963,0
00,1024,1,11A232,20,40358,3,1,0,01,-,1,1,2,42,05/02/1982,1,04,3,2,1,01,4,4,2,1,002000,1, ,7963,0
00,1024,1,11A232,20,40364,3,1,0,04,-,1,3,2,13,08/05/2011,1,03,1,1,6,06, , , , , ,1, ,6461,0
00,1024,1,11A232,20,40364,1,1,0,02,-,1,2,2,47,01/11/1977,1,03,3,2,1,07, , , , , ,1,1,6461,13202
00,1024,1,11A232,20,40364,3,1,0,03,-,1,3,1,17,28/06/2007,1,04,2,1,6,06, , , , , ,1, ,6461,0
00,1024,1,11A232,20,40364,3,1,0,02,-,1,2,1,55,12/10/1969,1,03,1,2,5,01,4,4,3,2,002000,1,1,6461,13202
00,1024,1,11A232,20,40364,1,1,0,03,-,1,3,1,11,03/08/2013,1,02,5,1, , , , , , , ,1, ,6461,0
00,1024,1,11A232,20,40364,4,1,0,02,-,1,2,2,38,09/04/1986,1,07,4,2,1,01,3,7,3,2,006500,1, ,6461,0
00,1024,1,11A232,20,40364,4,1,0,04,-,1,3,2,02,14/09/2022, , , , , , , , , , , ,1, ,6461,0
00,1024,1,11A232,20,40364,3,1,0,01,-,1,1,2,45,25/03/1979,1,02,9,2,5,07, , , , , ,1, ,6461,0
00,1024,1,11A232,20,40364,1,1,0,01,-,1,1,1,56,11/11/1967,1,07,5,2,1,01,2,7,2,3,000300,1, ,6461,0
00,1024,1,11A232,20,40364,4,1,0,03,-,1,3,2,08,13/07/2016,1,02,2,1, , , , , , , ,1, ,6461,0
00,1024,1,11A232,20,40364,4,1,0,05,-,1,4,2,69,10/06/1955,1,02,3,2,4,07, , , , , ,1,1,6461,19803
00,1024,1,11A232,20,40364,4,1,0,01,-,1,1,1,98, ,1,07,5,2,1,01,2,9,2,2,003500,1, ,6461,0
00,1024,1,11A232,20,40367,1,1,0,01,-,1,1,2,48,14/06/1976,1,08,4,2,6,01,2,7,3,2,012000,1,1,6602,6745
00,1024,1,11A232,20,40367,3,1,0,03,-,1,3,2,02,16/06/2022, , , , , , , , , , , ,1, ,6602,0
00,1024,1,11A232,20,40367,3,1,0,02,-,1,2,2,29,30/07/1995,1,07,5,2,5,01,3,7,2,2,005000,1, ,6602,0
00,1024,1,11A232,20,40367,2,1,0,03,-,1,3,1,12,06/09/2012,1,02,6,1,6,06, , , , , ,1, ,6602,0
00,1024,1,11A232,20,40367,2,1,0,02,-,1,2,1,41,09/04/1983,1,06,3,2,5,01,3,9,3,2,009000,1,1,6602,13489
00,1024,1,11A232,20,40367,3,1,0,01,-,1,1,1,30,14/06/1994,1,07,5,2,5,01,4,4,3,2,007000,1,1,6602,13489
00,1024,1,11A232,20,40367,2,1,0,01,-,1,1,2,42,04/10/1982,1,04,3,2,5,01,3,5,3,2,006000,1, ,6602,0
00,1024,1,11A232,20,40368,4,1,0,02,-,1,8,1,74,16/11/1949,2,02,2,2,4,10, , , , , ,1, ,8172,0
00,1024,1,11A232,20,40368,1,1,0,03,-,1,3,2,44,13/03/1980,1,07,5,2,6,01,3,7,3,2,006000,1,1,8172,33397
00,1024,1,11A232,20,40368,1,1,0,01,-,1,1,2,77,12/12/1946,1,02,5,2,1,07, , , , , ,1, ,8172,0
00,1024,1,11A232,20,40368,4,1,0,04,-,1,7,1,47,13/06/1977,1,07,5,2,6,01,4,3,1,1,005000,1, ,8172,0
00,1024,1,11A232,20,40368,4,1,0,01,-,1,1,2,72,08/10/1952,1,02,6,2,4,07, , , , , ,1, ,8172,0
00,1024,1,11A232,20,40368,1,1,0,04,-,1,3,1,38,22/09/1986,1,04,3,2,6,01,3,7,3,2,006000,1, ,8172,0
00,1024,1,11A232,20,40368,4,1,0,05,-,1,3,1,37,28/06/1987,1,07,5,2,6,01,3,3,3,2,005000,1, ,8172,0
00,1024,1,11A232,20,40368,3,1,0,03,-,1,3,2,12,21/04/2012,1,02,5,1,6,06, , , , , ,1, ,8172,0
00,1024,1,11A232,20,40368,1,1,0,02,-,1,3,1,76,22/03/1948,1,02,9,2,1,08, , , , , ,1, ,8172,0
00,1024,1,11A232,20,40368,2,1,0,01,-,1,1,2,77,15/06/1947,1,02,2,2,4,01,4,4,2,3,000500,1,1,8172,8349
00,1024,1,11A232,20,40368,4,1,0,03,-,1,3,2,48,25/02/1976,1,07,5,2,6,01,3,3,3,2,008000,1,1,8172,41746
00,1024,1,11A232,20,40368,3,1,0,01,-,1,1,2,30,20/04/1994,1,07,5,2,5,07, , , , , ,1, ,8172,0
00,1024,1,11A232,20,40368,3,1,0,02,-,1,2,1,40,24/10/1984,1,07,5,1,5,01,9,7,2,2,005800,1,1,8172,16698
00,1024,1,11A232,20,40384,2,1,0,03,-,1,3,2,16,15/06/2008,1,04,1,1,6,06, , , , , ,1, ,7867,0
00,1024,1,11A232,20,40384,4,1,0,02,-,1,2,1,73,23/05/1951,1,04,3,2,5,01,1,3,2,1,006000,1,1,7867,16074
00,1024,1,11A232,20,40384,4,1,0,01,-,1,1,2,72,15/08/1952,1,03,3,2,5,07, , , , , ,1, ,7867,0
00,1024,1,11A232,20,40384,3,1,0,02,-,1,3,2,28,27/03/1996,1,04,3,2,6,01,4,4,2,1,000300,1, ,7867,0
00,1024,1,11A232,20,40384,3,1,0,01,-,1,1,2,60,05/09/1964,2,00, ,2,4,01,4,4,2,1,000150,1,1,7867,16074
00,1024,1,11A232,20,40384,2,1,0,02,-,1,2,2,41,09/08/1983,1,03,3,2,5,07, , , , , ,1,1,7867,16074
00,1024,1,11A232,20,40384,2,1,0,01,-,1,1,1,42,09/10/1982,1,04,3,2,5,01,2,7,3,2,008000,1, ,7867,0
00,1024,1,11A232,20,40386,4,1,0,04,-,1,2,2,98, ,1,07,5,2,5,01,2,7,3,2,004500,1, ,9541,0
00,1024,1,11A232,20,40386,1,1,0,05,-,1,3,1,11,09/12/2012,1,02,9,1, , , , , , , ,1, ,9541,0
00,1024,1,11A232,20,40386,1,1,0,02,-,1,2,2,38,12/07/1986,1,03,3,2,5,01,3,4,3,2,004000,1, ,9541,0
00,1024,1,11A232,20,40386,1,1,0,03,-,1,3,2,19,28/08/2005,1,07,1,1,6,06, , , , , ,1,1,9541,29243
00,1024,1,11A232,20,40386,4,1,0,02,-,1,3,1,25,19/03/1999,1,04,3,1,6,06, , , , , ,1,1,9541,38991
00,1024,1,11A232,20,40386,2,1,0,01,-,1,1,2,62,31/07/1962,1,07,4,2,2,08, , , , , ,1, ,9541,0
00,1024,1,11A232,20,40386,1,1,0,01,-,1,1,1,48,10/09/1976,1,04,3,2,5,01,3,7,3,2,005000,1, ,9541,0
00,1024,1,11A232,20,40386,1,1,0,04,-,1,3,1,16,10/06/2008,1,04,2,1,6,06, , , , , ,1, ,9541,0
00,1024,1,11A232,20,40386,4,1,0,01,-,1,1,1,98, ,1,07,5,2,5,01,2,7,3,2,006000,1, ,9541,0
00,1024,1,11A232,20,40386,4,1,0,03,-,1,3,1,26,07/02/1998,1,07,5,2,6,01,3,7,3,2,006500,1, ,9541,0
00,1024,1,11A232,20,40386,2,1,0,02,-,1,3,1,30,01/09/1994,1,07,5,2,6,01,7,2,3,2,009000,1,1,9541,19495
00,1024,1,12A232,20,40397,1,1,0,01,-,1,1,1,43,04/11/1981,1,07,3,2,5,01,2,7,3,2,004000,1,1,6936,14260
00,1024,1,12A232,20,40397,1,1,0,04,-,1,3,1,07,09/07/2017,1,02,2,1, , , , , , , ,1, ,6936,0
00,1024,1,12A232,20,40397,3,1,0,03,-,1,5,2,62,07/07/1962,1,07,5,2,1,07, , , , , ,1, ,6936,0
00,1024,1,12A232,20,40397,4,1,0,01,-,1,1,2,38,24/02/1986,1,07,5,2,3,01,3,7,3,2,007500,1,1,6936,7130
00,1024,1,12A232,20,40397,4,1,0,02,-,1,3,1,08,09/05/2016,1,02,2,1, , , , , , , ,1, ,6936,0
00,1024,1,12A232,20,40397,3,1,0,02,-,1,6,1,63,25/06/1961,1,03,3,2,1,10, , , , , ,1, ,6936,0
00,1024,1,12A232,20,40397,2,1,0,02,-,1,2,2,56,18/12/1967,1,03,3,2,5,07, , , , , ,1, ,6936,0
00,1024,1,12A232,20,40397,3,1,0,08,-,1,7,2,13,09/08/2011,1,03,1,1,6,10, , , , , ,1, ,6936,0
00,1024,1,12A232,20,40397,3,1,0,05,-,1,7,2,28,17/07/1996,1,07,5,2,6,04, , , , , ,1, ,6936,0
00,1024,1,12A232,20,40397,3,1,0,07,-,1,7,2,19,12/07/2005,1,04,3,2,6,10, , , , , ,1,1,6936,49911
00,1024,1,12A232,20,40397,1,1,0,03,-,1,3,1,09,29/06/2015,1,02,4,1, , , , , , , ,1, ,6936,0
00,1024,1,12A232,20,40397,3,1,0,01,-,1,1,2,65,21/05/1959,1,07,5,2,6,08, , , , , ,1, ,6936,0
00,1024,1,12A232,20,40397,3,1,0,04,-,1,7,2,42,13/02/1982,1,03,3,2,1,07, , , , , ,1, ,6936,0
00,1024,1,12A232,20,40397,2,1,0,03,-,1,5,2,20,12/10/2004,1,07,5,1,6,06, , , , , ,1,1,6936,21390
00,1024,1,12A232,20,40397,3,1,0,06,-,1,3,1,23,01/05/2001,1,07,5,1,6,01,1,7,3,1,000250,1, ,6936,0
00,1024,1,12A232,20,40397,3,1,0,09,-,1,7,1,08,19/02/2016,1,02,2,1, , , , , , , ,1, ,6936,0
00,1024,1,12A232,20,40397,1,1,0,02,-,1,2,2,35,15/01/1989,1,04,3,2,5,01,3,7,3,2,004000,1, ,6936,0
00,1024,1,12A232,20,40397,2,1,0,01,-,1,1,1,62,22/05/1962,1,02,4,2,5,08, , , , , ,1, ,6936,0
00,1024,1,12A232,20,40403,4,1,0,03,-,1,3,1,19,17/06/2005,1,04,3,1,6,06, , , , , ,1, ,5066,0
00,1024,1,12A232,20,40403,4,1,0,05,-,1,3,2,21,04/07/2003,1,04,3,1,6,10, , , , , ,1, ,5066,0
00,1024,1,12A232,20,40403,2,1,0,01,-,1,1,2,45,31/01/1979,1,07,5,2,5,01,1,7,3,2,007000,1,1,5066,15626
00,1024,1,12A232,20,40403,3,1,0,02,-,1,2,2,98, ,1,07,5,2,1,01,4,4,2,1,006000,1, ,5066,0
00,1024,1,12A232,20,40403,3,1,0,01,-,1,1,2,30,01/10/1994,1,07,4,2,1,01,4,4,2,1,003500,1,1,5066,10417
00,1024,1,12A232,20,40403,1,1,0,01,-,1,1,1,35,04/10/1989,1,07,4,1,3,01,4,4,2,1,030000,1,1,5066,5209
00,1024,1,12A232,20,40403,4,1,0,06,-,1,7,2,24,10/10/2000,1,07,4,2,6,01,4,4,3,2,002500,1, ,5066,0
00,1024,1,12A232,20,40403,4,1,0,02,-,1,2,1,59,22/09/1965,1,04,3,2,5,01,4,4,2,1,001500,1,1,5066,31251
00,1024,1,12A232,20,40403,4,1,0,01,-,1,1,2,54,16/05/1970,1,07,5,2,5,01,2,7,3,2,003500,1, ,5066,0
00,1024,1,12A232,20,40403,4,1,0,04,-,1,3,1,25,06/08/1999,1,04,2,2,6,01,4,4,3,2,002500,1, ,5066,0
00,1024,1,12A232,20,40403,2,1,0,02,-,1,3,2,19,15/04/2005,1,04,3,1,6,06, , , , , ,1, ,5066,0
00,1024,1,12A232,20,40403,2,1,0,04,-,1,3,2,14,10/06/2010,1,03,2,1,6,06, , , , , ,1, ,5066,0
00,1024,1,12A232,20,40403,2,1,0,03,-,1,3,1,98, ,1,04,3,1,6,06, , , , , ,1, ,5066,0
00,1024,1,12A232,20,40406,2,1,0,02,-,1,3,2,98, ,1,07,4,2,1,01,4,5,3,1,001200,1, ,7638,0
00,1024,1,12A232,20,40406,2,1,0,03,-,1,5,1,05,19/01/2019,2,01,2,1, , , , , , , ,1, ,7638,0
00,1024,1,12A232,20,40406,3,1,0,01,-,1,1,1,37,17/01/1987,1,07,6,2,5,01,3,7,3,2,002000,1,1,7638,15705
00,1024,1,12A232,20,40406,4,1,0,04,-,1,5,2,09,04/01/2015,1,02,3,1, , , , , , , ,1, ,7638,0
00,1024,1,12A232,20,40406,4,1,0,03,-,1,3,2,34,29/09/1990,1,06,3,2,5,07, , , , , ,1,1,7638,23558
00,1024,1,12A232,20,40406,3,1,0,03,-,1,3,1,13,22/03/2011,1,03,1,1,6,06, , , , , ,1, ,7638,0
00,1024,1,12A232,20,40406,4,1,0,05,-,1,5,2,04,29/09/2020, , , , , , , , , , , ,1, ,7638,0
00,1024,1,12A232,20,40406,4,1,0,02,-,1,2,2,67,07/07/1957,1,02,6,2,5,07, , , , , ,1, ,7638,0
00,1024,1,12A232,20,40406,3,1,0,02,-,1,2,2,98, ,1,07,6,2,5,01,4,7,3,2,002500,1, ,7638,0
00,1024,1,12A232,20,40406,4,1,0,01,-,1,1,1,63,24/09/1961,1,03,3,2,5,08, , , , , ,1, ,7638,0
00,1024,1,12A232,20,40406,1,1,0,01,-,1,1,1,43,26/07/1981,1,03,1,2,6,01,4,6,5,1,001000,1,1,7638,7853
00,1024,1,12A232,20,40406,2,1,0,01,-,1,1,2,60,14/12/1963,1,06,4,2,2,08, , , , , ,1,1,7638,15705
00,1024,1,12A232,20,40412,4,1,0,01,-,1,1,2,88,28/08/1936,1,00, ,2,4,07, , , , , ,1,1,8377,25835
00,1024,1,12A232,20,40412,3,1,0,02,-,1,2,2,52,01/07/1972,1,04,3,2,5,01,4,4,3,2,003500,1, ,8377,0
00,1024,1,12A232,20,40412,3,1,0,04,-,1,3,2,26,17/10/1998,1,07,5,2,6,01,1,5,3,2,004300,1, ,8377,0
00,1024,1,12A232,20,40412,1,1,0,03,-,1,3,2,11,08/05/2013,2,02,1,1, , , , , , , ,1, ,8377,0
00,1024,1,12A232,20,40412,4,1,0,02,-,1,3,1,70,26/07/1954,1,02,6,2,1,10, , , , , ,1, ,8377,0
00,1024,1,12A232,20,40412,4,1,0,03,-,1,5,2,39,26/10/1985,1,04,3,2,2,04, , , , , ,1, ,8377,0
00,1024,1,12A232,20,40412,1,1,0,02,-,1,2,2,39,01/02/1985,1,07,5,2,5,01,3,7,3,2,008000,1, ,8377,0
00,1024,1,12A232,20,40412,1,1,0,01,-,1,1,1,43,16/10/1981,1,07,5,2,5,01,5,5,3,2,007000,1,1,8377,17224
00,1024,1,12A232,20,40412,3,1,0,01,-,1,1,1,59,05/09/1965,1,04,1,2,5,01,2,5,3,2,003800,1, ,8377,0
00,1024,1,12A232,20,40412,4,1,0,04,-,1,5,2,07,11/10/2017,1,02,1,1, , , , , , , ,1, ,8377,0
00,1024,1,12A232,20,40412,3,1,0,03,-,1,3,2,21,27/09/2003,1,07,5,2,1,01,4,4,3,2,003500,1,1,8377,34447
00,1024,1,12A232,20,40412,1,1,0,04,-,1,3,1,06,27/05/2018,1,01,3,1, , , , , , , ,1, ,8377,0
00,1024,1,13A232,20,40420,2,1,0,01,-,1,1,1,40,21/03/1984,1,07,5,2,5,03,2,3,3,3,030000,1, ,6847,0
00,1024,1,13A232,20,40420,1,1,0,04,-,1,3,1,98, ,1,04,2,1,6,06, , , , , ,1, ,6847,0
00,1024,1,13A232,20,40420,4,1,0,02,-,1,2,2,76,08/05/1948,1,07,6,2,1,07, , , , , ,1,1,6847,36443
00,1024,1,13A232,20,40420,3,1,0,02,-,1,6,1,59,13/10/1965,1,06,3,2,6,01,1,4,1,1,003000,1, ,6847,0
00,1024,1,13A232,20,40420,4,1,0,07,-,1,5,1,14,18/09/2010,1,03,2,1,6,06, , , , , ,1, ,6847,0
00,1024,1,13A232,20,40420,3,1,0,01,-,1,1,1,61,10/08/1963,1,07,3,2,6,01,1,5,2,2,002500,1,1,6847,14577
00,1024,1,13A232,20,40420,1,1,0,02,-,1,2,2,40,31/07/1984,1,07,4,2,5,01,3,7,3,2,003000,1,1,6847,29154
00,1024,1,13A232,20,40420,2,1,0,03,-,1,3,2,09,15/02/2015,1,02,3,1, , , , , , , ,1, ,6847,0
00,1024,1,13A232,20,40420,2,1,0,02,-,1,2,2,34,01/04/1990,1,07,5,2,5,03,3,5,3,2,006000,1,1,6847,14577
00,1024,1,13A232,20,40420,1,1,0,03,-,1,3,2,18,20/04/2006,1,04,3,1,6,06, , , , , ,1, ,6847,0
00,1024,1,13A232,20,40420,4,1,0,06,-,1,5,2,16,26/05/2008,1,04,1,1,6,06, , , , , ,1, ,6847,0
00,1024,1,13A232,20,40420,1,1,0,01,-,1,1,1,50,15/10/1974,1,07,4,2,5,01,3,7,3,2,002000,1, ,6847,0
00,1024,1,13A232,20,40420,2,1,0,04,-,1,3,1,08,03/08/2016,1,02,2,1, , , , , , , ,1, ,6847,0
00,1024,1,13A232,20,40420,4,1,0,05,-,1,3,2,47,15/10/1977,2,00, ,2,6,09, , , , , ,1, ,6847,0
00,1024,1,13A232,20,40420,4,1,0,04,-,1,3,2,51,14/07/1973,1,07,6,2,6,07, , , , , ,1, ,6847,0
00,1024,1,13A232,20,40420,4,1,0,01,-,1,1,1,81,16/11/1942,1,07,6,2,1,08, , , , , ,1, ,6847,0
00,1024,1,13A232,20,40420,4,1,0,03,-,1,3,1,52,09/12/1971,1,07,6,2,2,04, , , , , ,1, ,6847,0
00,1024,1,11A232,21,40490,3,1,0,02,-,1,2,2,46,05/02/1978,1,02,4,2,1,01,4,4,3,1,001000,1, ,6899,0
00,1024,1,11A232,21,40490,4,1,0,03,-,1,2,1,98, ,1,04,3,2,5,01,4,4,2,1,001200,1, ,6899,0
00,1024,1,11A232,21,40490,1,1,0,02,-,1,2,2,62,08/03/1962,2,00, ,2,5,07, , , , , ,1, ,6899,0
00,1024,1,11A232,21,40490,1,1,0,01,-,1,1,1,62,19/02/1962,2,00, ,2,5,01,5,3,2,1,001500,1, ,6899,0
00,1024,1,11A232,21,40490,3,1,0,03,-,1,3,1,10,01/06/2014,1,02,4,1, , , , , , , ,1, ,6899,0
00,1024,1,11A232,21,40490,3,1,0,01,-,1,1,1,47,03/02/1977,1,02,4,2,1,01,4,4,3,1,003000,1,1,6899,14098
00,1024,1,11A232,21,40490,2,1,0,01,-,1,1,1,56,24/02/1968,1,04,3,2,5,01,4,4,1,1,002500,1, ,6899,0
00,1024,1,11A232,21,40490,1,1,0,03,-,1,3,2,43,09/11/1980,1,03,3,2,6,01,7,2,3,1,001400,1, ,6899,0
00,1024,1,11A232,21,40490,2,1,0,04,-,1,3,2,15,01/05/2009,1,03,3,1,6,06, , , , , ,1, ,6899,0
00,1024,1,11A232,21,40490,2,1,0,02,-,1,2,2,50,02/10/1974,1,02,6,2,5,07, , , , , ,1, ,6899,0
00,1024,1,11A232,21,40490,4,1,0,02,-,1,3,1,99, , , , , , , , , , , , ,1, ,6899,0
00,1024,1,11A232,21,40490,1,1,0,04,-,1,5,1,25,05/02/1999,1,04,3,2,6,01,7,2,3,1,001200,1,1,6899,28196
00,1024,1,11A232,21,40490,4,1,0,04,-,1,3,2,98, ,1,02,6,1,6,06, , , , , ,1, ,6899,0
00,1024,1,11A232,21,40490,4,1,0,01,-,1,1,2,31,05/07/1993,1,04,3,2,5,07, , , , , ,1,1,6899,21147
00,1024,1,11A232,21,40490,2,1,0,03,-,1,3,1,23,10/07/2001,1,07,4,2,6,02,4,4,6,5, ,1,1,6899,21147
00,1024,1,11A232,21,40493,4,1,0,02,-,1,6,1,40,24/09/1984,1,03,3,2,6,01,5,5,3,1,002000,1,1,7984,24470
00,1024,1,11A232,21,40493,2,1,0,03,-,1,3,1,27,01/11/1997,1,03,3,2,6,01,7,2,3,1,002000,1, ,7984,0
00,1024,1,11A232,21,40493,2,1,0,01,-,1,1,1,58,08/02/1966,1,04,3,2,5,08, , , , , ,1, ,7984,0
00,1024,1,11A232,21,40493,3,1,0,04,-,1,3,1,13,11/06/2011,1,03,1,1,6,06, , , , , ,1, ,7984,0
00,1024,1,11A232,21,40493,2,1,0,02,-,1,2,2,52,23/12/1971,1,03,3,2,5,01,5,2,3,1,002000,1,1,7984,40784
00,1024,1,11A232,21,40493,3,1,0,03,-,1,3,2,16,19/06/2008,1,03,3,1,6,06, , , , , ,1, ,7984,0
00,1024,1,11A232,21,40493,2,1,0,05,-,1,3,1,18,25/04/2006,1,04,2,1,6,06, , , , , ,1, ,7984,0
00,1024,1,11A232,21,40493,3,1,0,01,-,1,1,1,39,30/05/1985,1,03,3,2,1,01,4,4,2,1,001200,1, ,7984,0
00,1024,1,11A232,21,40493,1,1,0,01,-,1,1,2,48,15/11/1975,1,03,3,2,1,07, , , , , ,1,1,7984,16314
00,1024,1,11A232,21,40493,2,1,0,04,-,1,3,2,21,25/04/2003,1,04,3,1,6,06, , , , , ,1, ,7984,0
00,1024,1,11A232,21,40493,4,1,0,03,-,1,7,2,38,18/09/1986,1,03,3,2,4,01,4,4,2,1,001200,1, ,7984,0
00,1024,1,11A232,21,40493,1,1,0,02,-,1,2,1,22,15/10/2002,1,04,2,2,1,01,5,5,3,1,002200,1, ,7984,0
00,1024,1,11A232,21,40493,3,1,0,02,-,1,2,2,39,22/05/1985,1,03,3,2,1,07, , , , , ,1,1,7984,16314
00,1024,1,11A232,21,40493,4,1,0,01,-,1,1,1,49,07/07/1975,1,04,3,2,6,01,5,5,2,1,002000,1, ,7984,0
00,1024,1,11A232,21,40503,2,1,0,02,-,1,4,2,61,21/02/1963,1,02,6,2,4,01,5,5,3,1,000800,1, ,6330,0
00,1024,1,11A232,21,40503,2,1,0,03,-,1,2,2,35,10/05/1989,1,07,4,2,5,07, , , , , ,1,1,6330,19401
00,1024,1,11A232,21,40503,2,1,0,04,-,1,3,1,01,04/11/2022, , , , , , , , , , , ,1, ,6330,0
00,1024,1,11A232,21,40503,2,1,0,01,-,1,1,1,35,27/09/1989,1,07,4,2,5,01,2,7,3,3,010000,1, ,6330,0
00,1024,1,11A232,21,40503,3,1,0,02,-,1,2,2,29,04/07/1995,1,06,3,2,1,01,1,6,3,1,001700,1, ,6330,0
00,1024,1,11A232,21,40503,1,1,0,01,-,1,1,2,52,09/07/1972,1,07,4,2,4,01,4,5,3,2,007300,1,1,6330,19401
00,1024,1,11A232,21,40503,1,1,0,03,-,1,3,2,22,24/07/2002,1,07,2,1,6,06, , , , , ,1, ,6330,0
00,1024,1,11A232,21,40503,4,1,0,01,-,1,1,1,74,05/01/1950,1,02,6,2,5,08, , , , , ,1,1,6330,12934
00,1024,1,11A232,21,40503,3,1,0,01,-,1,1,1,24,21/02/2000,1,06,3,2,1,01,3,7,3,1,001600,1,1,6330,12934
00,1024,1,11A232,21,40503,4,1,0,02,-,1,2,2,75,06/12/1948,1,02,6,2,5,07, , , , , ,1, ,6330,0
00,1024,1,11A232,21,40503,1,1,0,02,-,1,3,1,28,10/03/1996,1,04,3,2,6,01,7,2,3,1,002500,1, ,6330,0
00,1024,1,11A232,21,40520,4,1,0,01,-,1,1,1,30,13/08/1994,1,07,5,2,6,01,6,1,2,1,001500,1,1,8774,8964
00,1024,1,11A232,21,40520,2,1,0,02,-,1,3,2,32,01/10/1992,1,07,5,2,6,01,1,5,3,2,007500,1, ,8774,0
00,1024,1,11A232,21,40520,1,1,0,03,-,1,3,1,15,09/08/2009,1,03,3,1,6,06, , , , , ,1, ,8774,0
00,1024,1,11A232,21,40520,2,1,0,01,-,1,1,2,73,10/04/1951,1,02,6,2,4,07, , , , , ,1,1,8774,17929
00,1024,1,11A232,21,40520,3,1,0,03,-,1,3,2,03,23/10/2021, , , , , , , , , , , ,1, ,8774,0
00,1024,1,11A232,21,40520,3,1,0,02,-,1,2,2,25,14/08/1999,1,04,3,2,5,01,4,4,2,1,001500,1,1,8774,17929
00,1024,1,11A232,21,40520,3,1,0,01,-,1,1,1,33,22/02/1991,1,04,3,2,5,01,4,4,3,1,002500,1, ,8774,0
00,1024,1,11A232,21,40520,1,1,0,02,-,1,3,2,18,08/05/2006,1,04,3,1,6,06, , , , , ,1,1,8774,17929
00,1024,1,11A232,21,40520,1,1,0,01,-,1,1,2,50,09/06/1974,1,04,3,2,6,01,4,4,1,1,002800,1, ,8774,0
00,1024,1,11A232,21,40523,4,1,0,01,-,1,1,1,32,01/11/1992,1,03,3,2,1,01,7,2,3,1,001200,1,1,10135,20708
00,1024,1,11A232,21,40523,4,1,0,02,-,1,2,2,32,23/07/1992,1,04,3,2,1,01,7,2,3,1,001200,1, ,10135,0
00,1024,1,11A232,21,40523,2,1,0,01,-,1,1,1,40,05/06/1984,1,03,3,2,2,01,7,2,3,1,001500,1,1,10135,10354
00,1024,1,11A232,21,40523,3,1,0,01,-,1,1,1,52,30/04/1972,1,00, ,2,6,10, , , , , ,1,1,10135,20708
00,1024,1,11A232,21,40523,3,1,0,04,-,1,7,2,05,11/11/2018,2,01,3,1, , , , , , , ,1, ,10135,0
00,1024,1,11A232,21,40523,1,1,0,01,-,1,1,1,43,26/09/1981,1,04,3,2,1,01,7,2,3,1,005000,1, ,10135,0
00,1024,1,11A232,21,40523,3,1,0,03,-,1,7,2,99, , , , , , , , , , , , ,1, ,10135,0
00,1024,1,11A232,21,40523,3,1,0,02,-,1,7,1,98, ,1,04,3,2,5,01,5,3,2,1,001200,1, ,10135,0
00,1024,1,11A232,21,40523,1,1,0,03,-,1,3,1,19,05/05/2005,1,07,1,1,6,06, , , , , ,1, ,10135,0
00,1024,1,11A232,21,40523,1,1,0,04,-,1,3,1,14,20/09/2010,1,03,2,1,6,06, , , , , ,1, ,10135,0
00,1024,1,11A232,21,40523,1,1,0,02,-,1,2,2,48,21/03/1976,1,07,5,2,1,01,1,5,3,2,012500,1,1,10135,31063
00,1024,1,11A232,21,40523,3,1,0,05,-,1,7,2,02,05/11/2021, , , , , , , , , , , ,1, ,10135,0
00,1024,1,12A232,21,40536,2,1,0,02,-,1,2,2,65,13/10/1959,1,03,3,2,5,07, , , , , ,1, ,7571,0
00,1024,1,12A232,21,40536,3,1,0,04,-,1,3,1,22,29/10/2002,1,04,3,1,6,01,4,4,2,1,000500,1, ,7571,0
00,1024,1,12A232,21,40536,3,1,0,03,-,1,3,1,30,10/04/1994,1,07,5,2,6,01,1,5,3,2,012000,1, ,7571,0
00,1024,1,12A232,21,40536,4,1,0,02,-,1,2,2,45,06/03/1979,1,07,4,2,5,07, , , , , ,1, ,7571,0
00,1024,1,12A232,21,40536,1,1,0,01,-,1,1,1,43,03/06/1981,1,07,5,2,1,01,1,5,1,3,035000,1,1,7571,15567
00,1024,1,12A232,21,40536,2,1,0,03,-,1,3,1,32,20/10/1992,1,03,3,2,5,01,4,4,2,1,001500,1, ,7571,0
00,1024,1,12A232,21,40536,4,1,0,01,-,1,1,1,46,20/05/1978,1,04,3,2,5,01,3,2,3,1,001000,1,1,7571,15567
00,1024,1,12A232,21,40536,2,1,0,01,-,1,1,1,66,17/10/1958,1,03,3,2,5,01,4,4,2,1,001000,1,1,7571,31135
00,1024,1,12A232,21,40536,3,1,0,01,-,1,1,1,64,26/12/1959,1,07,5,2,5,01,2,7,3,3,010000,1,1,7571,31135
00,1024,1,12A232,21,40536,3,1,0,02,-,1,2,2,57,04/08/1967,1,07,5,2,5,01,4,4,2,1,000500,1, ,7571,0
00,1024,1,12A232,21,40536,2,1,0,06,-,1,5,2,09,11/02/2015,1,02,3,1, , , , , , , ,1, ,7571,0
00,1024,1,12A232,21,40536,2,1,0,04,-,1,5,2,39,19/08/1985,1,03,3,2,5,01,4,4,2,1,001500,1, ,7571,0
00,1024,1,12A232,21,40536,2,1,0,05,-,1,5,1,11,06/06/2013,1,02,6,1, , , , , , , ,1, ,7571,0
00,1024,1,12A232,21,40536,1,1,0,02,-,1,2,2,36,12/10/1988,1,07,5,2,1,01,1,5,3,3,020000,1, ,7571,0
00,1024,1,12A232,21,40536,4,1,0,03,-,1,3,1,07,21/01/2017,1,02,1,1, , , , , , , ,1, ,7571,0
00,1024,1,12A232,21,40555,3,1,0,01,-,1,1,2,78,02/11/1946,1,02,6,2,4,07, , , , , ,1, ,7756,0
00,1024,1,12A232,21,40555,3,1,0,05,-,1,5,2,13,17/07/2011,1,02,6,1,6,06, , , , , ,1, ,7756,0
00,1024,1,12A232,21,40555,1,1,0,01,-,1,1,1,62,29/01/1962,1,07,5,2,1,01,2,5,3,3,010000,1,1,7756,31894
00,1024,1,12A232,21,40555,3,1,0,02,-,1,7,1,42,17/10/1982,1,07,5,2,5,01,6,1,2,1,001500,1,1,7756,23921
00,1024,1,12A232,21,40555,3,1,0,04,-,1,5,1,17,14/03/2007,1,04,2,1,6,06, , , , , ,1, ,7756,0
00,1024,1,12A232,21,40555,3,1,0,03,-,1,3,2,39,31/12/1984,1,07,5,2,5,01,1,5,2,1,001500,1, ,7756,0
00,1024,1,12A232,21,40555,1,1,0,03,-,1,3,1,25,21/12/1998,1,04,3,1,6,01,4,4,2,1,002000,1, ,7756,0
00,1024,1,12A232,21,40555,2,1,0,03,-,1,3,2,29,18/03/1995,1,07,2,1,6,06, , , , , ,1,1,7756,39868
00,1024,1,12A232,21,40555,4,1,0,02,-,1,4,2,74,09/05/1950,1,07,5,2,2,07, , , , , ,1,1,7756,15947
00,1024,1,12A232,21,40555,1,1,0,02,-,1,2,2,61,04/07/1963,1,02,6,2,1,07, , , , , ,1, ,7756,0
00,1024,1,12A232,21,40555,2,1,0,01,-,1,1,1,66,07/01/1958,1,08,3,2,5,01,1,5,2,3,050000,1, ,7756,0
00,1024,1,12A232,21,40555,2,1,0,05,-,1,3,1,22,30/01/2002,1,07,2,1,6,06, , , , , ,1, ,7756,0
00,1024,1,12A232,21,40555,2,1,0,02,-,1,2,2,53,17/11/1970,1,02,6,2,5,07, , , , , ,1, ,7756,0
00,1024,1,12A232,21,40555,4,1,0,01,-,1,1,1,40,23/07/1984,1,07,4,2,6,01,2,5,3,2,007800,1, ,7756,0
00,1024,1,12A232,21,40555,1,1,0,05,-,1,5,1,05,10/01/2019,2,01,2,1, , , , , , , ,1, ,7756,0
00,1024,1,12A232,21,40555,1,1,0,04,-,1,3,2,22,29/11/2001,1,07,4,1,6,06, , , , , ,1, ,7756,0
00,1024,1,12A232,21,40555,2,1,0,04,-,1,3,2,23,06/11/2000,1,07,5,1,6,06, , , , , ,1, ,7756,0
00,1024,1,12A232,21,40559,1,1,0,05,-,1,3,1,04,06/05/2020, , , , , , , , , , , ,1, ,9086,0
00,1024,1,12A232,21,40559,1,1,0,03,-,1,3,2,15,13/12/2008,1,04,1,1,6,06, , , , , ,1, ,9086,0
00,1024,1,12A232,21,40559,1,1,0,01,-,1,1,1,43,02/03/1981,1,04,2,2,1,01,7,2,3,1,001500,1, ,9086,0
00,1024,1,12A232,21,40559,1,1,0,02,-,1,2,2,32,12/11/1991,1,03,3,2,1,07, , , , , ,1,1,9086,18681
00,1024,1,12A232,21,40559,2,1,0,02,-,1,3,1,26,13/09/1998,1,04,3,2,6,04, , , , , ,1, ,9086,0
00,1024,1,12A232,21,40559,2,1,0,03,-,1,6,1,51,06/06/1973,1,04,3,2,1,01,4,4,2,1,001500,1, ,9086,0
00,1024,1,12A232,21,40559,3,1,0,04,-,1,3,1,08,16/10/2016,1,02,2,1, , , , , , , ,1, ,9086,0
00,1024,1,12A232,21,40559,3,1,0,01,-,1,1,1,28,03/10/1996,1,04,3,2,5,01,3,5,3,1,001000,1, ,9086,0
00,1024,1,12A232,21,40559,1,1,0,04,-,1,3,2,09,02/02/2015,1,02,3,1, , , , , , , ,1, ,9086,0
00,1024,1,12A232,21,40559,2,1,0,01,-,1,1,2,49,21/12/1974,1,04,3,2,1,07, , , , , ,1,1,9086,28021
00,1024,1,12A232,21,40559,3,1,0,03,-,1,3,1,10,16/09/2014,1,02,4,1, , , , , , , ,1, ,9086,0
00,1024,1,12A232,21,40559,3,1,0,02,-,1,2,2,26,24/07/1998,1,04,3,2,5,07, , , , , ,1,1,9086,18681
00,1024,1,12A232,21,40564,2,1,0,01,-,1,1,1,50,28/05/1974,1,04,3,2,5,01,5,5,3,1,001500,1,1,9125,18762
00,1024,1,12A232,21,40564,2,1,0,04,-,1,3,1,09,24/07/2015,1,02,3,1, , , , , , , ,1, ,9125,0
00,1024,1,12A232,21,40564,2,1,0,03,-,1,3,1,11,04/04/2013,1,02,5,1, , , , , , , ,1, ,9125,0
00,1024,1,12A232,21,40564,1,1,0,02,-,1,2,2,27,05/06/1997,1,03,3,2,1,01,7,2,3,1,001500,1,1,9125,18762
00,1024,1,12A232,21,40564,4,1,0,01,-,1,1,1,55,11/04/1969,1,03,3,2,5,01,4,4,2,1,000500,1, ,9125,0
00,1024,1,12A232,21,40564,4,1,0,04,-,1,3,1,19,22/05/2005,1,04,3,2,6,01,7,2,3,1,001288,1,1,9125,37524
00,1024,1,12A232,21,40564,4,1,0,02,-,1,2,2,49,12/08/1975,1,04,3,2,5,01,1,5,3,2,003000,1, ,9125,0
00,1024,1,12A232,21,40564,4,1,0,03,-,1,3,1,22,16/06/2002,1,04,3,2,6,01,7,2,3,1,001200,1, ,9125,0
00,1024,1,12A232,21,40564,1,1,0,01,-,1,1,1,47,10/11/1976,1,06,3,2,1,01,7,2,3,1,001500,1, ,9125,0
00,1024,1,12A232,21,40564,2,1,0,02,-,1,2,2,48,02/07/1976,1,07,4,2,5,01,3,5,3,2,005000,1, ,9125,0
00,1024,1,12A232,21,40568,2,1,0,05,-,1,7,1,22,26/09/2002,1,07,3,1,6,06, , , , , ,1, ,5509,0
00,1024,1,12A232,21,40568,1,1,0,01,-,1,1,2,65,28/11/1958,1,02,4,2,4,07, , , , , ,1,1,5509,5663
00,1024,1,12A232,21,40568,3,1,0,01,-,1,1,1,48,28/09/1976,1,04,3,2,5,01,4,4,2,1,000200,1, ,5509,0
00,1024,1,12A232,21,40568,2,1,0,03,-,1,3,1,17,17/09/2007,1,04,2,1,6,06, , , , , ,1, ,5509,0
00,1024,1,12A232,21,40568,4,1,0,01,-,1,1,1,30,08/05/1994,1,04,3,1,6,01,4,4,3,1,002500,1,1,5509,5663
00,1024,1,12A232,21,40568,2,1,0,02,-,1,2,2,39,05/08/1985,1,03,3,2,5,01,1,5,1,1,003000,1, ,5509,0
00,1024,1,12A232,21,40568,3,1,0,02,-,1,2,2,47,04/08/1977,1,02,6,2,5,07, , , , , ,1, ,5509,0
00,1024,1,12A232,21,40568,3,1,0,03,-,1,3,2,23,23/03/2001,1,04,3,1,6,06, , , , , ,1, ,5509,0
00,1024,1,12A232,21,40568,3,1,0,04,-,1,3,2,20,07/08/2004,1,04,3,1,6,06, , , , , ,1, ,5509,0
00,1024,1,12A232,21,40568,3,1,0,05,-,1,7,2,66,08/04/1958,1,02,2,2,6,07, , , , , ,1,1,5509,28316
00,1024,1,12A232,21,40568,2,1,0,01,-,1,1,1,40,10/06/1984,1,03,3,2,5,01,1,5,1,1,003000,1, ,5509,0
00,1024,1,12A232,21,40568,2,1,0,04,-,1,3,2,22,17/12/2001,1,03,3,2,6,01,1,5,1,1,003000,1,1,5509,22653
00,1024,1,12A232,21,40571,4,1,0,06,-,1,5,1,04,08/10/2020, , , , , , , , , , , ,1, ,6707,0
00,1024,1,12A232,21,40571,2,1,0,03,-,1,7,1,22,23/07/2002,1,04,3,2,6,07, , , , , ,1, ,6707,0
00,1024,1,12A232,21,40571,1,1,0,06,-,1,5,2,00,09/04/2024, , , , , , , , , , , ,1, ,6707,0
00,1024,1,12A232,21,40571,4,1,0,04,-,1,5,2,14,03/11/2010,1,03,2,1,6,06, , , , , ,1, ,6707,0
00,1024,1,12A232,21,40571,4,1,0,03,-,1,5,1,33,07/09/1991,2,03,3,2,1,01,5,5,3,1,001500,1,1,6707,20685
00,1024,1,12A232,21,40571,4,1,0,02,-,1,3,2,31,21/01/1993,1,03,3,2,1,07, , , , , ,1, ,6707,0
00,1024,1,12A232,21,40571,2,1,0,02,-,1,7,2,26,10/07/1998,1,04,3,2,6,01,7,2,3,1,001200,1, ,6707,0
00,1024,1,12A232,21,40571,1,1,0,01,-,1,1,1,65,21/04/1959,1,03,3,2,5,01,4,4,1,1,000300,1, ,6707,0
00,1024,1,12A232,21,40571,4,1,0,05,-,1,5,2,11,13/11/2012,1,02,6,1, , , , , , , ,1, ,6707,0
00,1024,1,12A232,21,40571,4,1,0,01,-,1,1,1,66,03/10/1958,1,03,3,2,2,08, , , , , ,1, ,6707,0
00,1024,1,12A232,21,40571,1,1,0,04,-,1,3,2,29,30/06/1995,1,07,5,2,6,07, , , , , ,1,1,6707,27581
00,1024,1,12A232,21,40571,1,1,0,03,-,1,3,2,31,23/12/1992,2,07,5,2,6,01,1,5,3,2,003800,1, ,6707,0
00,1024,1,12A232,21,40571,1,1,0,05,-,1,5,1,02,16/02/2022, , , , , , , , , , , ,1, ,6707,0
00,1024,1,12A232,21,40571,2,1,0,01,-,1,1,1,52,24/02/1972,1,04,3,2,2,01,7,2,3,1,001000,1,1,6707,20685
00,1024,1,12A232,21,40571,1,1,0,02,-,1,2,2,62,17/01/1962,1,03,3,2,5,07, , , , , ,1, ,6707,0
00,1024,1,13A232,21,40572,3,1,0,01,-,1,1,2,58,12/04/1966,1,07,4,2,6,01,3,5,2,1,002000,1, ,11929,0
00,1024,1,13A232,21,40572,4,1,0,03,-,1,3,1,30,06/08/1994,1,07,5,2,6,01,3,5,3,1,002000,1,1,11929,38097
00,1024,1,13A232,21,40572,4,1,0,01,-,1,1,1,61,12/01/1963,1,08,2,2,5,01,1,5,2,1,002000,1, ,11929,0
00,1024,1,13A232,21,40572,4,1,0,02,-,1,2,2,57,02/08/1967,1,07,4,2,5,07, , , , , ,1, ,11929,0
00,1024,1,13A232,21,40572,3,1,0,02,-,1,3,1,34,07/08/1990,1,07,4,2,6,01,3,5,3,3,008000,1,1,11929,38097
00,1024,1,13A232,21,40572,3,1,0,03,-,1,3,1,31,24/08/1993,1,07,5,2,6,01,3,5,2,3,015000,1, ,11929,0
00,1024,1,13A232,21,40575,1,1,0,01,-,1,1,1,82,14/09/1942,1,07,5,2,4,08, , , , , ,1,1,9662,10286
00,1024,1,13A232,21,40575,4,1,0,02,-,1,6,2,48,23/08/1976,1,07,5,2,5,07, , , , , ,1, ,9662,0
00,1024,1,13A232,21,40575,4,1,0,04,-,1,4,1,82,11/12/1941,1,03,3,2,4,08, , , , , ,1, ,9662,0
00,1024,1,13A232,21,40575,2,1,0,01,-,1,1,1,35,10/07/1989,1,07,5,2,5,01,3,7,3,3,020000,1,1,9662,20572
00,1024,1,13A232,21,40575,2,1,0,02,-,1,2,2,32,12/05/1992,1,07,5,2,5,01,3,7,3,3,020000,1, ,9662,0
00,1024,1,13A232,21,40575,4,1,0,03,-,1,7,1,19,26/11/2004,1,07,1,1,6,06, , , , , ,1,1,9662,41143
00,1024,1,13A232,21,40575,4,1,0,01,-,1,1,2,51,04/02/1973,1,07,5,2,6,01,4,4,2,1,000508,1, ,9662,0
00,1024,1,13A232,21,40585,1,1,0,04,-,1,5,1,10,11/02/2014,1,02,3,1, , , , , , , ,1, ,8902,0
00,1024,1,13A232,21,40585,1,1,0,03,-,1,3,2,35,12/06/1989,1,07,5,2,6,01,3,5,3,2,004000,1, ,8902,0
00,1024,1,13A232,21,40585,3,1,0,01,-,1,1,2,25,23/06/1999,1,04,3,2,6,01,4,5,3,1,002000,1, ,8902,0
00,1024,1,13A232,21,40585,1,1,0,01,-,1,1,1,50,09/09/1974,1,07,5,2,5,01,3,5,3,2,005000,1,1,8902,28430
00,1024,1,13A232,21,40585,4,1,0,02,-,1,2,2,43,13/03/1981,1,09,5,2,5,01,1,5,3,3,035000,1, ,8902,0
00,1024,1,13A232,21,40585,3,1,0,02,-,1,6,2,32,25/11/1991,1,07,4,2,6,01,4,5,3,1,002000,1,1,8902,18953
00,1024,1,13A232,21,40585,3,1,0,03,-,1,7,2,09,29/04/2015,1,02,2,1, , , , , , , ,1, ,8902,0
00,1024,1,13A232,21,40585,3,1,0,04,-,1,3,2,06,02/10/2018,2,01,3,1, , , , , , , ,1, ,8902,0
00,1024,1,13A232,21,40585,4,1,0,03,-,1,8,2,41,23/07/1983,1,03,3,2,5,01,5,5,3,1,002000,1, ,8902,0
00,1024,1,13A232,21,40585,4,1,0,01,-,1,1,1,34,17/04/1990,1,07,5,2,5,01,1,5,1,3,020000,1,1,8902,28430
00,1024,1,13A232,21,40585,2,1,0,01,-,1,1,2,33,13/10/1991,1,07,5,2,6,01,1,5,2,1,005000,1,1,8902,9477
00,1024,1,13A232,21,40585,1,1,0,02,-,1,2,2,48,01/10/1976,1,07,5,2,5,01,3,5,3,2,003500,1, ,8902,0
00,1024,1,13A232,21,40588,1,1,0,04,-,1,3,2,24,01/04/2000,1,07,4,1,6,06, , , , , ,1,1,8248,35119
00,1024,1,13A232,21,40588,1,1,0,02,-,1,2,2,53,05/08/1971,1,04,3,2,5,01,4,4,3,1,002500,1, ,8248,0
00,1024,1,13A232,21,40588,1,1,0,03,-,1,3,1,31,18/07/1993,1,07,5,1,6,06, , , , , ,1, ,8248,0
00,1024,1,13A232,21,40588,2,1,0,04,-,1,5,2,20,01/03/2004,1,07,2,1,6,06, , , , , ,1, ,8248,0
00,1024,1,13A232,21,40588,2,1,0,05,-,1,2,2,67,26/08/1957,1,09,3,2,5,07, , , , , ,1,1,8248,43898
00,1024,1,13A232,21,40588,2,1,0,03,-,1,3,2,46,20/09/1978,1,09,3,2,5,01,1,5,3,3,010000,1, ,8248,0
00,1024,1,13A232,21,40588,2,1,0,01,-,1,1,1,71,30/11/1952,1,07,4,2,5,08, , , , , ,1, ,8248,0
00,1024,1,13A232,21,40588,2,1,0,02,-,1,5,1,52,20/04/1972,1,09,3,2,5,01,1,5,3,3,007000,1, ,8248,0
00,1024,1,13A232,21,40588,1,1,0,01,-,1,1,1,63,28/11/1960,1,04,3,2,5,08, , , , , ,1, ,8248,0
00,1024,1,13A232,21,40597,2,1,0,03,-,1,3,1,09,01/11/2015,1,02,3,1, , , , , , , ,1, ,10784,0
00,1024,1,13A232,21,40597,1,1,0,01,-,1,1,1,45,16/07/1979,1,07,5,2,5,01,3,7,3,3,035000,1,1,10784,22960
00,1024,1,13A232,21,40597,3,1,0,02,-,1,2,2,44,01/08/1980,1,07,5,2,5,07, , , , , ,1,1,10784,22960
00,1024,1,13A232,21,40597,3,1,0,04,-,1,3,2,04,20/04/2020, , , , , , , , , , , ,1, ,10784,0
00,1024,1,13A232,21,40597,4,1,0,03,-,1,3,2,14,27/08/2010,1,03,2,1,6,06, , , , , ,1, ,10784,0
00,1024,1,13A232,21,40597,2,1,0,01,-,1,1,1,37,12/11/1987,1,07,5,2,5,01,4,4,2,1,005000,1, ,10784,0
00,1024,1,13A232,21,40597,4,1,0,02,-,1,2,2,42,11/09/1982,1,07,5,2,5,01,1,5,2,1,040000,1, ,10784,0
00,1024,1,13A232,21,40597,3,1,0,01,-,1,1,1,47,30/09/1977,1,07,5,2,5,01,1,5,1,3,035000,1, ,10784,0
00,1024,1,13A232,21,40597,4,1,0,04,-,1,3,1,11,13/11/2012,1,02,2,1, , , , , , , ,1, ,10784,0
00,1024,1,13A232,21,40597,3,1,0,03,-,1,3,1,13,22/12/2010,1,03,2,1,6,06, , , , , ,1, ,10784,0
00,1024,1,13A232,21,40597,2,1,0,04,-,1,3,1,06,14/05/2018,1,01,3,1, , , , , , , ,1, ,10784,0
00,1024,1,13A232,21,40597,2,1,0,02,-,1,2,2,34,03/06/1990,1,04,3,2,5,01,4,4,2,1,005000,1,1,10784,22960
00,1024,1,13A232,21,40597,4,1,0,01,-,1,1,1,41,04/12/1982,1,08,3,2,5,01,1,5,2,3,040000,1,1,10784,22960
00,1024,1,13A232,21,40597,1,1,0,02,-,1,2,2,41,10/04/1983,1,07,5,2,5,01,2,7,3,3,020000,1, ,10784,0
00,1024,1,11A232,22,40348,3,1,0,02,-,1,3,1,50,05/03/1974,1,03,3,2,3,01,5,5,3,1,001500,1, ,8364,0
00,1024,1,11A232,22,40348,3,1,0,03,-,1,3,1,30,24/02/1994,1,04,3,2,6,01,5,2,3,1,002000,1, ,8364,0
00,1024,1,11A232,22,40348,2,1,0,02,-,1,3,2,46,31/07/1978,1,06,4,2,5,01,5,5,3,1,002000,1, ,8364,0
00,1024,1,11A232,22,40348,1,1,0,01,-,1,1,1,46,10/05/1978,1,06,3,2,6,01,1,7,3,1,002500,1,1,8364,8545
00,1024,1,11A232,22,40348,2,1,0,01,-,1,1,2,75,07/02/1949,1,05,4,2,5,08, , , , , ,1,1,8364,17091
00,1024,1,11A232,22,40348,3,1,0,01,-,1,1,2,73,16/07/1951,2,02,1,2,4,07, , , , , ,1,1,8364,25636
00,1024,1,11A232,22,40352,4,1,0,01,-,1,1,2,98, ,1,04,1,2,2,01,4,4,2,1,000500,1, ,7179,0
00,1024,1,11A232,22,40352,2,1,0,02,-,1,2,2,73,19/03/1951,1,02,3,2,5,07, , , , , ,1, ,7179,0
00,1024,1,11A232,22,40352,2,1,0,03,-,1,3,1,42,21/04/1982,1,04,3,2,6,01,5,5,3,1,002000,1, ,7179,0
00,1024,1,11A232,22,40352,4,1,0,06,-,1,5,1,99, , , , , , , , , , , , ,1, ,7179,0
00,1024,1,11A232,22,40352,1,1,0,01,-,1,1,2,30,16/09/1994,1,02,6,2,2,01,5,5,3,1,002000,1,1,7179,7334
00,1024,1,11A232,22,40352,4,1,0,07,-,1,5,2,99, , , , , , , , , , , , ,1, ,7179,0
00,1024,1,11A232,22,40352,4,1,0,05,-,1,3,1,32,27/01/1992,1,03,2,2,2,01,5,9,3,1,001500,1,1,7179,36672
00,1024,1,11A232,22,40352,2,1,0,01,-,1,1,1,80,19/08/1944,1,02,3,2,5,08, , , , , ,1,1,7179,22003
00,1024,1,11A232,22,40352,4,1,0,08,-,1,3,1,99, , , , , , , , , , , , ,1, ,7179,0
00,1024,1,11A232,22,40352,4,1,0,04,-,1,6,1,49,06/02/1975,1,02,4,2,6,01,5,5,2,1,000700,1, ,7179,0
00,1024,1,11A232,22,40352,4,1,0,03,-,1,6,1,42,05/03/1982,1,03,2,2,6,01,5,2,3,1,001500,1, ,7179,0
00,1024,1,11A232,22,40352,4,1,0,02,-,1,4,2,81,16/04/1943,2,00, ,2,4,08, , , , , ,1, ,7179,0
00,1024,1,11A232,22,40352,3,1,0,01,-,1,1,2,50,09/07/1974,1,04,3,2,6,07, , , , , ,1,1,7179,7334
00,1024,1,12A232,22,40364,1,1,0,03,-,1,5,2,99, , , , , , , , , , , , ,1, ,7171,0
00,1024,1,12A232,22,40364,4,1,0,04,-,1,3,2,34,14/09/1990,1,07,5,2,6,07, , , , , ,1, ,7171,0
00,1024,1,12A232,22,40364,2,1,0,01,-,1,1,1,34,07/02/1990,1,04,3,2,1,01,5,3,3,1,002500,1,1,7171,14744
00,1024,1,12A232,22,40364,3,1,0,04,-,1,6,1,98, ,1,04,3,1,6,06, , , , , ,1, ,7171,0
00,1024,1,12A232,22,40364,4,1,0,02,-,1,3,2,43,20/08/1981,1,07,5,2,6,01,3,2,3,1,001000,1,1,7171,29487
00,1024,1,12A232,22,40364,4,1,0,01,-,1,1,2,60,28/03/1964,1,02,6,2,4,07, , , , , ,1, ,7171,0
00,1024,1,12A232,22,40364,3,1,0,02,-,1,4,2,98, ,1,04,3,2,5,01,5,2,3,1,002100,1, ,7171,0
00,1024,1,12A232,22,40364,4,1,0,03,-,1,3,1,35,21/09/1989,2,03,3,1,6,09, , , , , ,1, ,7171,0
00,1024,1,12A232,22,40364,3,1,0,03,-,1,6,1,98, ,1,07,3,1,6,06, , , , , ,1, ,7171,0
00,1024,1,12A232,22,40364,3,1,0,01,-,1,1,1,20,12/08/2004,1,04,3,1,6,06, , , , , ,1,1,7171,29487
00,1024,1,12A232,22,40364,2,1,0,02,-,1,2,2,98, ,1,07,5,2,5,01,3,2,3,1,002500,1, ,7171,0
00,1024,1,12A232,22,40364,1,1,0,02,-,1,3,2,25,31/10/1999,1,03,3,2,6,04, , , , , ,1,1,7171,14744
00,1024,1,12A232,22,40364,1,1,0,01,-,1,1,2,98, ,1,03,3,2,6,01,4,5,3,1,001000,1, ,7171,0
00,1024,1,12A232,22,40370,1,1,0,03,-,1,5,1,98, ,1,04,3,2,1,01,5,5,5,1,001000,1, ,7803,0
00,1024,1,12A232,22,40370,4,1,0,03,-,1,4,2,98, ,1,03,3,2,5,01,4,5,2,1,003000,1, ,7803,0
00,1024,1,12A232,22,40370,4,1,0,07,-,1,6,1,99, , , , , , , , , , , , ,1, ,7803,0
00,1024,1,12A232,22,40370,4,1,0,08,-,1,7,2,99, , , , , , , , , , , , ,1, ,7803,0
00,1024,1,12A232,22,40370,3,1,0,03,-,1,3,2,23,11/02/2001,1,07,4,2,6,01,3,5,3,3,010000,1,1,7803,32086
00,1024,1,12A232,22,40370,3,1,0,04,-,1,3,2,24,04/02/2000,1,07,4,2,6,01,3,5,3,3,010000,1, ,7803,0
00,1024,1,12A232,22,40370,2,1,0,01,-,1,1,2,54,12/04/1970,1,02,6,2,5,07, , , , , ,1,1,7803,24065
00,1024,1,12A232,22,40370,4,1,0,05,-,1,7,2,98, ,1,04,3,2,5,01,4,5,2,1,002500,1, ,7803,0
00,1024,1,12A232,22,40370,4,1,0,02,-,1,6,1,98, ,1,03,1,2,6,01,5,5,3,1,002000,1, ,7803,0
00,1024,1,12A232,22,40370,4,1,0,04,-,1,7,1,98, ,1,07,5,2,5,01,5,5,3,1,002000,1, ,7803,0
00,1024,1,12A232,22,40370,1,1,0,04,-,1,8,2,98, ,1,99, ,2,1,07, , , , , ,1, ,7803,0
00,1024,1,12A232,22,40370,1,1,0,02,-,1,3,2,19,18/12/2004,1,04,3,2,6,01,4,4,3,1,001000,1,1,7803,32086
00,1024,1,12A232,22,40370,3,1,0,05,-,1,3,2,13,16/12/2010,1,03,2,1,6,06, , , , , ,1, ,7803,0
00,1024,1,12A232,22,40370,2,1,0,03,-,1,3,1,98, ,1,03,3,1,6,06, , , , , ,1, ,7803,0
00,1024,1,12A232,22,40370,3,1,0,01,-,1,1,1,44,27/07/1980,1,04,3,2,5,01,5,2,3,1,001000,1, ,7803,0
00,1024,1,12A232,22,40370,3,1,0,06,-,1,3,2,04,19/02/2020, , , , , , , , , , , ,1, ,7803,0
00,1024,1,12A232,22,40370,3,1,0,02,-,1,2,2,43,28/11/1980,1,03,3,2,5,07, , , , , ,1, ,7803,0
00,1024,1,12A232,22,40370,2,1,0,02,-,1,2,1,98, ,1,03,3,2,5,01,5,2,3,1,001500,1, ,7803,0
00,1024,1,12A232,22,40370,4,1,0,01,-,1,1,2,18,28/08/2006,1,03,3,1,6,06, , , , , ,1,1,7803,48130
00,1024,1,12A232,22,40370,4,1,0,06,-,1,4,1,98, ,1,07,5,2,5,01,1,2,3,1,003500,1, ,7803,0
00,1024,1,12A232,22,40370,1,1,0,01,-,1,1,2,98, ,1,03,3,2,6,01,5,2,3,1,001000,1, ,7803,0
00,1024,1,12A232,22,40374,1,1,0,01,-,1,1,2,27,02/05/1997,1,03,3,2,6,01,5,5,2,1,002500,1,1,5820,5984
00,1024,1,12A232,22,40374,4,1,0,05,-,1,5,2,99, , , , , , , , , , , , ,1, ,5820,0
00,1024,1,12A232,22,40374,2,1,0,05,-,1,5,1,98, ,1,04,3,2,6,01,5,4,3,1,002000,1, ,5820,0
00,1024,1,12A232,22,40374,2,1,0,01,-,1,1,1,71,03/08/1953,1,02,5,2,5,08, , , , , ,1,1,5820,29918
00,1024,1,12A232,22,40374,2,1,0,02,-,1,2,2,71,02/03/1953,2,00, ,2,5,08, , , , , ,1, ,5820,0
00,1024,1,12A232,22,40374,2,1,0,03,-,1,3,2,45,02/04/1979,1,03,3,2,2,01,5,9,2,2,001200,1, ,5820,0
00,1024,1,12A232,22,40374,4,1,0,03,-,1,3,2,98, ,1,03,3,2,6,01,3,7,3,2,008000,1, ,5820,0
00,1024,1,12A232,22,40374,1,1,0,03,-,1,3,2,99, , , , , , , , , , , , ,1, ,5820,0
00,1024,1,12A232,22,40374,4,1,0,04,-,1,3,2,98, ,1,03,3,2,2,01,3,7,3,2,008000,1, ,5820,0
00,1024,1,12A232,22,40374,2,1,0,04,-,1,5,1,21,03/02/2003,1,04,2,2,6,01,5,5,3,1,002700,1, ,5820,0
00,1024,1,12A232,22,40374,1,1,0,04,-,1,3,2,99, , , , , , , , , , , , ,1, ,5820,0
00,1024,1,12A232,22,40374,1,1,0,02,-,1,3,2,99, , , , , , , , , , , , ,1, ,5820,0
00,1024,1,12A232,22,40374,4,1,0,01,-,1,1,2,57,27/10/1967,1,02,3,2,5,07, , , , , ,1,1,5820,23934
00,1024,1,12A232,22,40374,4,1,0,02,-,1,2,1,98, ,1,03,3,2,5,01,5,2,3,1,001000,1, ,5820,0
00,1024,1,12A232,22,40378,4,1,0,01,-,1,1,1,92,23/08/1932,1,07,4,2,4,07, , , , , ,1,1,7131,7331
00,1024,1,12A232,22,40378,2,1,0,01,-,1,1,2,64,15/08/1960,1,07,1,2,4,01,4,5,3,2,001400,1,1,7131,7331
00,1024,1,12A232,22,40378,1,1,0,02,-,1,2,2,98, ,1,07,5,2,5,08, , , , , ,1, ,7131,0
00,1024,1,12A232,22,40378,3,1,0,02,-,1,2,2,98, ,1,07,5,2,5,01,1,2,3,1,002500,1, ,7131,0
00,1024,1,12A232,22,40378,1,1,0,01,-,1,1,1,71,26/08/1953,1,07,5,2,5,08, , , , , ,1,1,7131,14663
00,1024,1,12A232,22,40378,3,1,0,03,-,1,3,2,99, , , , , , , , , , , , ,1, ,7131,0
00,1024,1,12A232,22,40378,3,1,0,01,-,1,1,1,35,27/07/1989,1,07,5,2,5,01,1,2,3,1,002500,1,1,7131,14663
00,1024,1,13A232,22,40390,3,1,0,01,-,1,1,1,56,16/02/1968,1,03,3,2,6,04, , , , , ,1,1,9155,9746
00,1024,1,13A232,22,40390,4,1,0,02,-,1,2,1,98, ,1,07,5,2,5,01,5,3,3,1,002000,1, ,9155,0
00,1024,1,13A232,22,40390,4,1,0,03,-,1,3,1,98, ,1,07,5,2,6,01,5,5,3,1,003000,1, ,9155,0
00,1024,1,13A232,22,40390,1,1,0,03,-,1,3,1,99, , , , , , , , , , , , ,1, ,9155,0
00,1024,1,13A232,22,40390,1,1,0,01,-,1,1,1,38,02/07/1986,1,07,4,2,5,01,5,5,3,1,001000,1, ,9155,0
00,1024,1,13A232,22,40390,1,1,0,02,-,1,2,2,37,14/05/1987,1,07,4,2,5,01,5,5,3,1,001000,1,1,9155,19492
00,1024,1,13A232,22,40390,1,1,0,04,-,1,3,2,99, , , , , , , , , , , , ,1, ,9155,0
00,1024,1,13A232,22,40390,1,1,0,05,-,1,3,2,99, , , , , , , , , , , , ,1, ,9155,0
00,1024,1,13A232,22,40390,4,1,0,01,-,1,1,2,58,21/06/1966,1,07,4,2,5,07, , , , , ,1,1,9155,29237
00,1024,1,13A232,22,40394,4,1,0,03,-,1,3,2,98, ,1,03,2,1,6,06, , , , , ,1, ,9066,0
00,1024,1,13A232,22,40394,4,1,0,01,-,1,1,1,47,17/09/1977,1,04,3,2,5,01,4,5,3,1,001000,1,1,9066,28951
00,1024,1,13A232,22,40394,4,1,0,04,-,1,3,2,99, , , , , , , , , , , , ,1, ,9066,0
00,1024,1,13A232,22,40394,1,1,0,01,-,1,1,2,64,12/01/1960,1,08,2,2,6,08, , , , , ,1,1,9066,28951
00,1024,1,13A232,22,40394,4,1,0,02,-,1,2,2,41,10/08/1983,1,07,4,2,5,01,1,9,3,3,012000,1, ,9066,0
00,1024,1,13A232,22,40394,2,1,0,01,-,1,1,1,98, ,1,07,5,2,5,08, , , , , ,1, ,9066,0
00,1024,1,13A232,22,40394,1,1,0,02,-,1,4,2,98, ,1,03,3,2,4,08, , , , , ,1, ,9066,0
00,1024,1,13A232,22,40394,2,1,0,02,-,1,2,2,71,10/10/1953,1,07,4,2,5,08, , , , , ,1,1,9066,19301
00,1024,1,13A232,22,40394,1,1,0,03,-,1,3,2,59,24/01/1965,1,08,2,2,6,01,3,7,3,1,001000,1, ,9066,0
00,1024,1,13A232,22,40400,3,1,0,02,-,1,2,2,98, ,1,03,3,2,5,01,5,2,3,1,002000,1, ,10073,0
00,1024,1,13A232,22,40400,4,1,0,05,-,1,3,2,98, ,1,04,3,2,6,07, , , , , ,1, ,10073,0
00,1024,1,13A232,22,40400,4,1,0,04,-,1,3,1,98, ,1,04,3,1,6,06, , , , , ,1, ,10073,0
00,1024,1,13A232,22,40400,4,1,0,02,-,1,3,2,24,11/08/2000,1,07,5,2,6,01,3,7,3,1,002500,1,1,10073,53615
00,1024,1,13A232,22,40400,2,1,0,02,-,1,5,1,98, ,1,03,2,1,6,06, , , , , ,1, ,10073,0
00,1024,1,13A232,22,40400,3,1,0,03,-,1,6,2,98, ,1,03,3,2,6,01,5,2,3,1,002000,1, ,10073,0
00,1024,1,13A232,22,40400,4,1,0,01,-,1,1,1,98, ,1,03,2,2,1,01,5,5,2,1,001000,1, ,10073,0
00,1024,1,13A232,22,40400,1,1,0,01,-,1,1,2,28,31/03/1996,1,07,4,2,5,07, , , , , ,1,1,10073,21446
00,1024,1,13A232,22,40400,2,1,0,01,-,1,1,2,63,25/11/1960,1,08,2,2,4,08, , , , , ,1,1,10073,21446
00,1024,1,13A232,22,40400,1,1,0,03,-,1,3,1,99, , , , , , , , , , , , ,1, ,10073,0
00,1024,1,13A232,22,40400,4,1,0,03,-,1,2,2,98, ,1,02,6,2,1,07, , , , , ,1, ,10073,0
00,1024,1,13A232,22,40400,3,1,0,01,-,1,1,1,30,24/11/1993,1,03,1,2,5,01,5,2,3,1,002000,1,1,10073,32169
00,1024,1,13A232,22,40400,1,1,0,02,-,1,2,1,98, ,1,04,3,2,5,01,5,5,5,1,002000,1, ,10073,0
00,1024,1,13A232,22,40403,2,1,0,02,-,1,3,1,28,19/03/1996,1,04,3,2,6,04, , , , , ,1,1,9231,29481
00,1024,1,13A232,22,40403,1,1,0,02,-,1,2,2,46,14/03/1978,1,07,5,2,5,01,3,2,3,1,002000,1,1,9231,19654
00,1024,1,13A232,22,40403,3,1,0,02,-,1,3,2,18,30/12/2005,1,04,3,2,6,01,4,4,3,1,001500,1, ,9231,0
00,1024,1,13A232,22,40403,4,1,0,01,-,1,1,1,41,04/10/1983,1,04,3,2,5,01,4,2,3,1,001500,1,1,9231,9827
00,1024,1,13A232,22,40403,3,1,0,01,-,1,1,1,51,15/05/1973,1,03,3,2,5,01,4,5,2,1,001500,1,1,9231,39307
00,1024,1,13A232,22,40403,3,1,0,03,-,1,2,2,50,29/01/1974,1,03,3,2,5,01,4,5,3,1,001000,1, ,9231,0
00,1024,1,13A232,22,40403,1,1,0,03,-,1,3,1,99, , , , , , , , , , , , ,1, ,9231,0
00,1024,1,13A232,22,40403,2,1,0,01,-,1,1,2,98, ,1,07,5,2,1,01,3,2,3,1,001000,1, ,9231,0
00,1024,1,13A232,22,40403,3,1,0,04,-,1,3,2,98, ,1,07,5,2,6,01,3,5,3,1,002000,1, ,9231,0
00,1024,1,13A232,22,40403,2,1,0,03,-,1,7,1,98, ,1,04,3,2,1,01,5,2,3,1,001000,1, ,9231,0
00,1024,1,13A232,22,40403,1,1,0,01,-,1,1,1,98, ,1,04,3,2,5,01,3,2,3,1,002000,1, ,9231,0
00,1024,1,13A232,22,40409,3,1,0,03,-,1,3,1,98, ,1,03,2,1,6,06, , , , , ,1, ,9854,0
00,1024,1,13A232,22,40409,3,1,0,01,-,1,1,2,35,07/04/1989,1,04,3,2,2,01,3,7,3,1,002000,1,1,9854,31470
00,1024,1,13A232,22,40409,2,1,0,02,-,1,2,1,88,19/11/1935,1,07,5,2,5,08, , , , , ,1, ,9854,0
00,1024,1,13A232,22,40409,3,1,0,04,-,1,3,1,99, , , , , , , , , , , , ,1, ,9854,0
00,1024,1,13A232,22,40409,2,1,0,01,-,1,1,2,87,23/09/1937,1,07,5,2,5,07, , , , , ,1,1,9854,20980
00,1024,1,13A232,22,40409,3,1,0,02,-,1,3,1,98, ,1,04,1,1,6,06, , , , , ,1, ,9854,0
00,1024,1,13A232,22,40413,4,1,0,04,-,1,5,1,98, ,1,07,3,1,6,06, , , , , ,1, ,11052,0
00,1024,1,13A232,22,40413,4,1,0,03,-,1,3,2,98, ,1,09,1,1,3,06, , , , , ,1, ,11052,0
00,1024,1,13A232,22,40413,2,1,0,01,-,1,1,2,79,17/03/1945,1,02,6,2,4,07, , , , , ,1, ,11052,0
00,1024,1,13A232,22,40413,4,1,0,01,-,1,1,2,70,01/09/1954,1,08,2,2,5,08, , , , , ,1,1,11052,70592
00,1024,1,13A232,22,40413,2,1,0,03,-,1,3,2,44,02/06/1980,1,07,5,2,3,01,5,2,3,1,002000,1,1,11052,58827
00,1024,1,13A232,22,40413,4,1,0,02,-,1,2,1,98, ,1,08,2,2,5,08, , , , , ,1, ,11052,0
00,1024,1,13A232,22,40413,2,1,0,02,-,1,3,2,45,29/06/1979,1,07,5,2,5,01,5,2,3,1,002000,1, ,11052,0
00,1024,1,13A232,22,40413,4,1,0,06,-,1,5,1,98, ,1,03,2,1,6,06, , , , , ,1, ,11052,0
00,1024,1,13A232,22,40413,4,1,0,05,-,1,5,1,98, ,1,04,2,1,6,06, , , , , ,1, ,11052,0
00,1024,1,13A232,22,40413,2,1,0,04,-,1,5,1,98, ,1,03,2,1,6,06, , , , , ,1, ,11052,0
00,1024,1,13A232,22,40413,3,1,0,01,-,1,1,2,47,01/03/1977,1,04,3,2,3,01,4,5,2,1,002000,1,1,11052,35296
00,1024,1,13A232,22,40413,2,1,0,05,-,1,5,2,98, ,1,03,2,1,6,06, , , , , ,1, ,11052,0
00,1024,1,13A232,22,40413,3,1,0,03,-,1,3,2,98, ,1,07,1,1,6,06, , , , , ,1, ,11052,0
00,1024,1,13A232,22,40413,3,1,0,02,-,1,3,1,98, ,1,07,1,1,6,06, , , , , ,1, ,11052,0
00,1024,1,11A232,23,40256,4,1,0,01,-,1,1,1,36,11/11/1988,1,07,4,2,5,01,1,3,2,1,003000,1,1,5247,10495
00,1024,1,11A232,23,40256,3,1,0,01,-,1,1,1,52,03/07/1972,1,02,6,2,6,01,4,5,3,2,003000,1,1,5247,5247
00,1024,1,11A232,23,40256,2,1,0,01,-,1,1,1,46,01/10/1978,1,04,1,2,2,01,5,6,3,2,007000,1,1,5247,5247
00,1024,1,11A232,23,40256,1,1,0,01,-,1,1,1,31,25/09/1993,1,07,4,2,3,01,1,3,3,3,020000,1,1,5247,5247
00,1024,1,11A232,23,40256,4,1,0,02,-,1,2,2,33,30/09/1991,1,07,4,2,5,01,1,5,3,2,005000,1, ,5247,0
00,1024,1,11A232,23,40257,2,1,0,01,-,1,1,1,33,28/01/1991,1,04,3,2,5,01,1,3,2,1,003500,1, ,3361,0
00,1024,1,11A232,23,40257,2,1,0,03,-,1,3,1,10,10/03/2014,1,02,4,1, , , , , , , ,1, ,3361,0
00,1024,1,11A232,23,40257,3,1,0,01,-,1,1,1,31,01/03/1993,1,03,3,2,5,01,4,5,3,1,002000,1, ,3361,0
00,1024,1,11A232,23,40257,3,1,0,02,-,1,2,2,32,25/05/1992,1,04,2,2,5,07, , , , , ,1,1,3361,6721
00,1024,1,11A232,23,40257,2,1,0,02,-,1,2,2,31,05/04/1993,1,03,3,2,5,01,1,5,2,1,001500,1,1,3361,6721
00,1024,1,11A232,23,40257,4,1,0,03,-,1,3,2,20,09/08/2004,1,04,2,2,2,01,4,5,3,1,001800,1,1,3361,10082
00,1024,1,11A232,23,40257,4,1,0,06,-,1,3,1,04,19/09/2020, , , , , , , , , , , ,1, ,3361,0
00,1024,1,11A232,23,40257,4,1,0,05,-,1,5,2,06,20/06/2018,2,01,3,1, , , , , , , ,1, ,3361,0
00,1024,1,11A232,23,40257,4,1,0,07,-,1,5,1,01,12/11/2023, , , , , , , , , , , ,1, ,3361,0
00,1024,1,11A232,23,40257,1,1,0,02,-,1,3,1,27,12/12/1996,1,02,6,2,2,01,4,5,3,1,002000,1,1,3361,6721
00,1024,1,11A232,23,40257,2,1,0,04,-,1,3,1,06,03/07/2018,2,01,3,1, , , , , , , ,1, ,3361,0
00,1024,1,11A232,23,40257,4,1,0,01,-,1,1,2,46,16/12/1977,1,02,6,2,5,01,4,5,2,1,001500,1, ,3361,0
00,1024,1,11A232,23,40257,3,1,0,03,-,1,3,2,05,18/10/2019,2,01,2,1, , , , , , , ,1, ,3361,0
00,1024,1,11A232,23,40257,4,1,0,02,-,1,4,2,25,07/07/1999,1,03,2,2,6,07, , , , , ,1, ,3361,0
00,1024,1,11A232,23,40257,4,1,0,04,-,1,3,2,16,18/07/2008,1,03,3,1,6,06, , , , , ,1, ,3361,0
00,1024,1,11A232,23,40257,1,1,0,01,-,1,1,2,64,10/09/1960,1,02,5,2,2,01,4,5,3,1,001800,1, ,3361,0
00,1024,1,11A232,23,40275,1,1,0,01,-,1,1,1,77,15/05/1947,2,00, ,2,2,09, , , , , ,1,1,7570,23202
00,1024,1,11A232,23,40275,2,1,0,01,-,1,1,1,40,14/08/1984,1,03,3,2,2,01,2,3,3,1,003200,1,1,7570,15468
00,1024,1,11A232,23,40275,4,1,0,01,-,1,1,1,27,14/09/1997,1,03,3,2,1,01,2,5,3,2,002000,1,1,7570,15468
00,1024,1,11A232,23,40275,1,1,0,03,-,1,5,1,99, , , , , , , , , , , , ,1, ,7570,0
00,1024,1,11A232,23,40275,1,1,0,04,-,1,3,2,32,25/02/1992,1,07,2,2,3,01,4,5,2,1,000800,1, ,7570,0
00,1024,1,11A232,23,40275,4,1,0,04,-,1,3,1,00,19/11/2024, , , , , , , , , , , ,1, ,7570,0
00,1024,1,11A232,23,40275,4,1,0,03,-,1,3,2,07,02/08/2017,1,02,2,1, , , , , , , ,1, ,7570,0
00,1024,1,11A232,23,40275,4,1,0,02,-,1,2,2,23,10/12/2000,1,03,3,2,1,07, , , , , ,1, ,7570,0
00,1024,1,11A232,23,40275,2,1,0,02,-,1,7,1,35,04/04/1989,1,03,3,2,6,01,2,5,3,2,004000,1, ,7570,0
00,1024,1,11A232,23,40275,1,1,0,02,-,1,3,1,98, ,1,03,3,2,6,01,4,5,3,1,999999,1, ,7570,0
00,1024,1,11A232,23,40282,4,1,0,02,-,1,4,2,88,03/06/1936,2,00, ,2,4,07, , , , , ,1,1,7008,21480
00,1024,1,11A232,23,40282,1,1,0,03,-,1,3,1,03,26/05/2021, , , , , , , , , , , ,1, ,7008,0
00,1024,1,11A232,23,40282,4,1,0,04,-,1,3,1,13,24/03/2011,1,03,1,1,6,06, , , , , ,1, ,7008,0
00,1024,1,11A232,23,40282,4,1,0,01,-,1,1,2,49,01/04/1975,1,06,3,2,2,01,3,5,3,2,004000,1, ,7008,0
00,1024,1,11A232,23,40282,4,1,0,03,-,1,3,2,98, ,1,07,4,2,6,01,4,5,2,2,999999,1, ,7008,0
00,1024,1,11A232,23,40282,1,1,0,01,-,1,1,1,98, ,1,03,3,2,1,01,1,3,3,1,004000,1, ,7008,0
00,1024,1,11A232,23,40282,1,1,0,02,-,1,2,2,23,19/08/2001,1,02,6,2,1,07, , , , , ,1,1,7008,14320
00,1024,1,11A232,23,40283,1,1,0,01,-,1,1,1,45,10/09/1979,1,03,3,2,1,01,1,3,3,1,005000,1,1,8774,17929
00,1024,1,11A232,23,40283,4,1,0,01,-,1,1,1,29,12/04/1995,1,04,3,2,1,01,1,5,3,2,006000,1,1,8774,17929
00,1024,1,11A232,23,40283,1,1,0,04,-,1,3,1,11,02/08/2013,1,02,3,1, , , , , , , ,1, ,8774,0
00,1024,1,11A232,23,40283,1,1,0,05,-,1,3,1,99, , , , , , , , , , , , ,1, ,8774,0
00,1024,1,11A232,23,40283,2,1,0,02,-,1,6,1,22,19/03/2002,1,04,3,1,6,01,3,5,3,2,005600,1,1,8774,17929
00,1024,1,11A232,23,40283,2,1,0,01,-,1,1,2,30,28/02/1994,1,04,3,2,6,01,1,5,3,1,999999,1, ,8774,0
00,1024,1,11A232,23,40283,3,1,0,03,-,1,4,2,47,11/09/1977,1,02,6,2,2,07, , , , , ,1, ,8774,0
00,1024,1,11A232,23,40283,3,1,0,04,-,1,3,1,99, , , , , , , , , , , , ,1, ,8774,0
00,1024,1,11A232,23,40283,3,1,0,06,-,1,3,2,02,03/09/2022, , , , , , , , , , , ,1, ,8774,0
00,1024,1,11A232,23,40283,4,1,0,03,-,1,3,1,99, , , , , , , , , , , , ,1, ,8774,0
00,1024,1,11A232,23,40283,3,1,0,05,-,1,3,1,99, , , , , , , , , , , , ,1, ,8774,0
00,1024,1,11A232,23,40283,1,1,0,02,-,1,2,2,35,10/09/1989,1,02,6,2,1,01,4,4,2,1,001000,1, ,8774,0
00,1024,1,11A232,23,40283,1,1,0,03,-,1,3,1,12,23/04/2012,1,02,6,1,6,06, , , , , ,1, ,8774,0
00,1024,1,11A232,23,40283,1,1,0,06,-,1,3,1,04,12/08/2020, , , , , , , , , , , ,1, ,8774,0
00,1024,1,11A232,23,40283,3,1,0,01,-,1,1,1,31,20/02/1993,1,04,3,2,1,01,1,3,3,1,005000,1,1,8774,26893
00,1024,1,11A232,23,40283,4,1,0,02,-,1,2,2,29,16/10/1995,1,07,1,1,1,07, , , , , ,1, ,8774,0
00,1024,1,11A232,23,40283,3,1,0,02,-,1,2,2,31,31/03/1993,1,07,4,2,1,07, , , , , ,1, ,8774,0
00,1024,1,11A232,23,40283,4,1,0,04,-,1,3,1,04,25/03/2020, , , , , , , , , , , ,1, ,8774,0
00,1024,1,11A232,23,40288,2,1,0,02,-,1,2,2,29,07/01/1995,1,04,1,2,1,01,4,4,3,2,004500,1, ,7202,0
00,1024,1,11A232,23,40288,1,1,0,02,-,1,8,2,36,06/07/1988,1,04,3,2,6,01,5,5,3,1,002000,1, ,7202,0
00,1024,1,11A232,23,40288,2,1,0,03,-,1,3,1,11,19/05/2013,1,02,5,1, , , , , , , ,1, ,7202,0
00,1024,1,11A232,23,40288,3,1,0,03,-,1,3,1,18,26/02/2006,1,04,3,1,6,06, , , , , ,1, ,7202,0
00,1024,1,11A232,23,40288,2,1,0,01,-,1,1,1,31,22/04/1993,1,04,3,2,1,01,4,4,3,2,008000,1,1,7202,14715
00,1024,1,11A232,23,40288,3,1,0,01,-,1,1,1,44,29/06/1980,1,04,3,2,1,01,3,5,3,2,004800,1, ,7202,0
00,1024,1,11A232,23,40288,3,1,0,02,-,1,2,2,39,22/10/1985,1,04,3,1,1,01,5,5,3,2,004500,1,1,7202,22073
00,1024,1,11A232,23,40288,2,1,0,04,-,1,3,2,99, , , , , , , , , , , , ,1, ,7202,0
00,1024,1,11A232,23,40288,1,1,0,03,-,1,7,2,21,21/05/2003,1,07,3,1,6,06, , , , , ,1, ,7202,0
00,1024,1,11A232,23,40288,1,1,0,01,-,1,1,2,30,26/03/1994,1,07,4,2,6,01,3,5,3,2,008000,1,1,7202,22073
00,1024,1,11A232,23,40299,1,1,0,04,-,1,3,2,39,27/07/1985,1,03,3,2,5,07, , , , , ,1,1,7897,40340
00,1024,1,11A232,23,40299,4,1,0,02,-,1,3,2,98, ,1,04,3,2,1,01,1,5,3,2,003000,1, ,7897,0
00,1024,1,11A232,23,40299,1,1,0,03,-,1,3,1,39,27/07/1985,1,03,3,2,5,01,1,5,3,2,009999,1, ,7897,0
00,1024,1,11A232,23,40299,1,1,0,07,-,1,5,1,99, , , , , , , , , , , , ,1, ,7897,0
00,1024,1,11A232,23,40299,1,1,0,06,-,1,5,1,09,17/07/2015,1,02,3,1, , , , , , , ,1, ,7897,0
00,1024,1,11A232,23,40299,1,1,0,05,-,1,3,2,98, ,1,03,3,2,6,07, , , , , ,1, ,7897,0
00,1024,1,11A232,23,40299,4,1,0,03,-,1,5,2,25,11/04/1999,1,04,3,2,1,01,1,5,3,2,003000,1, ,7897,0
00,1024,1,11A232,23,40299,1,1,0,02,-,1,3,2,47,03/08/1977,1,03,3,2,5,07, , , , , ,1, ,7897,0
00,1024,1,11A232,23,40299,2,1,0,02,-,1,4,1,21,06/06/2003,1,04,3,2,6,01,3,5,3,2,999999,1,1,7897,16136
00,1024,1,11A232,23,40299,3,1,0,01,-,1,1,2,98, ,1,02,6,2,2,07, , , , , ,1, ,7897,0
00,1024,1,11A232,23,40299,4,1,0,01,-,1,1,2,60,17/05/1964,1,00, ,2,6,07, , , , , ,1,1,7897,24204
00,1024,1,11A232,23,40299,2,1,0,01,-,1,1,1,98, ,1,04,3,2,4,01,3,5,3,2,999999,1, ,7897,0
00,1024,1,11A232,23,40299,1,1,0,08,-,1,5,2,99, , , , , , , , , , , , ,1, ,7897,0
00,1024,1,11A232,23,40299,3,1,0,02,-,1,3,2,32,11/03/1992,1,04,3,2,6,01,4,4,2,1,000500,1,1,7897,16136
00,1024,1,11A232,23,40299,1,1,0,01,-,1,1,2,66,05/02/1958,2,00, ,2,4,09, , , , , ,1, ,7897,0
00,1024,1,11A232,23,40309,1,1,0,03,-,1,3,1,23,02/02/2001,1,07,4,2,6,03,1,4,3,1,002000,1, ,8434,0
00,1024,1,11A232,23,40309,1,1,0,05,-,1,3,1,19,27/06/2005,1,04,3,2,6,01,3,5,3,1,002000,1, ,8434,0
00,1024,1,11A232,23,40309,1,1,0,01,-,1,1,1,48,01/02/1976,1,07,4,2,1,01,1,5,3,2,005000,1, ,8434,0
00,1024,1,11A232,23,40309,1,1,0,02,-,1,2,2,44,29/03/1980,1,04,3,2,1,07, , , , , ,1,1,8434,43081
00,1024,1,11A232,23,40309,2,1,0,01,-,1,1,2,44,07/02/1980,1,03,3,2,6,03,4,5,3,2,006000,1, ,8434,0
00,1024,1,11A232,23,40309,1,1,0,04,-,1,3,1,21,17/01/2003,1,04,3,2,6,01,1,3,3,1,003500,1, ,8434,0
00,1024,1,11A232,23,40309,3,1,0,01,-,1,1,1,31,11/05/1993,1,07,4,2,6,01,1,5,3,2,009000,1,1,8434,8616
00,1024,1,11A232,23,40309,2,1,0,02,-,1,3,1,18,24/02/2006,1,04,3,2,6,01,1,4,3,1,003000,1,1,8434,17232
00,1024,1,11A232,23,40309,4,1,0,01,-,1,1,2,74,20/04/1950,1,06,4,2,4,07, , , , , ,1,1,8434,8616
00,1024,1,12A232,23,40312,1,1,0,01,-,1,1,1,67,26/05/1957,1,04,3,2,5,08, , , , , ,1, ,8928,0
00,1024,1,12A232,23,40312,3,1,0,05,-,1,3,1,13,11/07/2011,1,03,1,1,6,06, , , , , ,1, ,8928,0
00,1024,1,12A232,23,40312,3,1,0,02,-,1,3,1,26,27/05/1998,1,04,3,2,6,01,4,4,3,2,999999,1,1,8928,36715
00,1024,1,12A232,23,40312,3,1,0,01,-,1,1,1,43,23/05/1981,1,03,3,2,5,01,3,3,3,1,999999,1, ,8928,0
00,1024,1,12A232,23,40312,1,1,0,05,-,1,7,2,55,18/09/1969,1,06,3,2,6,01,1,5,3,2,003000,1, ,8928,0
00,1024,1,12A232,23,40312,1,1,0,03,-,1,3,1,35,14/04/1989,1,07,5,2,6,01,1,5,2,1,006000,1,1,8928,45893
00,1024,1,12A232,23,40312,3,1,0,03,-,1,3,1,98, ,1,04,3,1,6,01,3,4,3,2,999999,1, ,8928,0
00,1024,1,12A232,23,40312,3,1,0,06,-,1,3,2,99, , , , , , , , , , , , ,1, ,8928,0
00,1024,1,12A232,23,40312,2,1,0,01,-,1,1,2,46,22/06/1978,1,07,1,1,3,01,3,7,3,2,006500,1, ,8928,0
00,1024,1,12A232,23,40312,3,1,0,04,-,1,2,2,98, ,1,06,2,2,5,07, , , , , ,1, ,8928,0
00,1024,1,12A232,23,40312,2,1,0,02,-,1,3,1,23,20/06/2001,1,07,3,1,6,06, , , , , ,1,1,8928,18357
00,1024,1,12A232,23,40312,1,1,0,04,-,1,8,2,98, ,1,06,3,2,4,01,1,5,3,2,003000,1, ,8928,0
00,1024,1,12A232,23,40312,1,1,0,02,-,1,2,2,66,01/08/1958,1,06,3,2,5,07, , , , , ,1, ,8928,0
00,1024,1,12A232,23,40321,3,1,0,02,-,1,3,2,27,26/05/1997,1,04,3,2,6,01,4,4,3,3,015000,1, ,6724,0
00,1024,1,12A232,23,40321,2,1,0,03,-,1,3,1,12,22/09/2012,1,02,6,1,6,06, , , , , ,1, ,6724,0
00,1024,1,12A232,23,40321,2,1,0,02,-,1,2,2,36,05/12/1987,1,03,3,2,5,01,4,5,1,1,007000,1,1,6724,13826
00,1024,1,12A232,23,40321,3,1,0,01,-,1,1,2,50,08/02/1974,1,04,3,2,3,01,3,4,3,2,015000,1,1,6724,13826
00,1024,1,12A232,23,40321,2,1,0,04,-,1,3,1,05,19/01/2019,2,01,2,1, , , , , , , ,1, ,6724,0
00,1024,1,12A232,23,40321,2,1,0,01,-,1,1,1,40,29/08/1984,1,03,3,2,5,01,4,5,2,1,010000,1, ,6724,0
00,1024,1,12A232,23,40321,1,1,0,01,-,1,1,2,70,12/11/1954,1,07,4,2,3,01,9,5,2,1,009999,1,1,6724,6913
00,1024,1,13A232,23,40327,3,1,0,02,-,1,2,2,30,09/01/1994,1,04,3,2,1,07, , , , , ,1, ,10786,0
00,1024,1,13A232,23,40327,4,1,0,02,-,1,3,1,23,20/10/2001,1,07,4,2,6,01,1,6,3,2,005000,1,1,10786,22964
00,1024,1,13A232,23,40327,1,1,0,02,-,1,2,2,98, ,1,07,4,2,5,01,4,4,2,3,005000,1, ,10786,0
00,1024,1,13A232,23,40327,1,1,0,01,-,1,1,1,50,10/05/1974,1,07,4,2,5,01,1,5,3,2,010000,1,1,10786,34446
00,1024,1,13A232,23,40327,2,1,0,02,-,1,2,1,33,05/02/1991,1,04,3,2,1,01,9,5,3,2,009999,1, ,10786,0
00,1024,1,13A232,23,40327,2,1,0,01,-,1,1,2,36,08/04/1988,1,04,2,2,1,01,9,5,3,2,009999,1,1,10786,22964
00,1024,1,13A232,23,40327,4,1,0,01,-,1,1,1,50,17/05/1974,1,07,4,2,3,01,1,6,3,2,008000,1, ,10786,0
00,1024,1,13A232,23,40327,3,1,0,01,-,1,1,1,40,14/08/1984,1,07,4,2,1,01,4,5,1,1,999999,1,1,10786,22964
00,1024,1,13A232,23,40327,3,1,0,03,-,1,3,2,01,03/03/2023, , , , , , , , , , , ,1, ,10786,0
00,1024,1,13A232,23,40327,2,1,0,03,-,1,3,1,12,12/07/2012,1,02,5,1,6,06, , , , , ,1, ,10786,0
00,1024,1,13A232,23,40327,2,1,0,04,-,1,3,1,05,09/09/2019,2,01,2,1, , , , , , , ,1, ,10786,0
00,1024,1,13A232,23,40327,1,1,0,03,-,1,3,2,98, ,1,03,3,1,6,06, , , , , ,1, ,10786,0
00,1024,1,11A232,24,40256,1,1,0,01,-,1,1,1,59,07/02/1965,1,03,2,2,5,01,7,6,3,2,006000,1, ,6361,0
00,1024,1,11A232,24,40256,1,1,0,04,-,1,5,1,17,15/06/2007,1,04,3,1,6,06, , , , , ,1, ,6361,0
16,1024,1,11A232,24,40256,2,1,0,04,-,1,3,1,43,06/10/1981,2,00, ,2,6,09, , , , , ,1, ,6361,0
00,1024,1,11A232,24,40256,3,1,0,02,-,1,2,1,55,26/06/1969,1,02,6,2,5,01,3,5,3,1,003500,1, ,6361,0
00,1024,1,11A232,24,40256,4,1,0,04,-,1,3,2,17,15/06/2007,1,03,3,2,6,01,4,4,3,1,001300,1, ,6361,0
16,1024,1,11A232,24,40256,2,1,0,05,-,1,5,1,06,12/07/2018,1,01,3,1, , , , , , , ,1, ,6361,0
00,1024,1,11A232,24,40256,3,1,0,04,-,1,3,2,24,14/07/2000,1,07,5,1,6,01,7,2,3,1,003000,1,1,6361,32496
00,1024,1,11A232,24,40256,4,1,0,02,-,1,2,2,43,16/04/1981,1,02,6,2,1,01,5,5,3,1,001500,1,1,6361,25997
16,1024,1,11A232,24,40256,2,1,0,03,-,1,7,2,25,20/09/1999,1,04,2,2,5,07, , , , , ,1, ,6361,0
00,1024,1,11A232,24,40256,3,1,0,05,-,1,3,1,22,16/12/2001,1,04,1,2,6,01,3,5,3,2,004000,1, ,6361,0
00,1024,1,11A232,24,40256,3,1,0,01,-,1,1,2,55,12/07/1969,1,07,5,2,5,01,3,5,3,2,007400,1, ,6361,0
00,1024,1,11A232,24,40256,3,1,0,03,-,1,3,2,25,13/05/1999,1,04,3,2,6,01,4,5,2,1,001200,1, ,6361,0
16,1024,1,11A232,24,40256,2,1,0,02,-,1,3,1,23,10/05/2001,1,04,2,2,5,01,3,5,3,2,003000,1, ,6361,0
16,1024,1,11A232,24,40256,2,1,0,01,-,1,1,2,59,27/07/1965,1,03,3,2,4,01,3,5,3,2,003500,1, ,6361,0
00,1024,1,11A232,24,40256,4,1,0,06,-,1,5,2,01,29/11/2022, , , , , , , , , , , ,1, ,6361,0
00,1024,1,11A232,24,40256,1,1,0,03,-,1,3,2,29,11/10/1995,1,07,5,2,6,01,3,5,3,2,005000,1,1,6361,19497
00,1024,1,11A232,24,40256,1,1,0,02,-,1,2,2,60,01/07/1964,1,02,5,2,5,01,4,4,3,1,001000,1, ,6361,0
00,1024,1,11A232,24,40256,4,1,0,05,-,1,7,2,20,29/01/2004,1,02,6,2,1,01,5,5,3,1,001400,1, ,6361,0
00,1024,1,11A232,24,40256,4,1,0,03,-,1,3,1,21,24/09/2003,1,02,6,2,1,01,7,3,3,1,002300,1, ,6361,0
00,1024,1,11A232,24,40256,4,1,0,01,-,1,1,1,44,28/02/1980,1,03,3,2,1,01,7,5,4,1,003500,1, ,6361,0
00,1024,1,11A232,24,40267,1,1,0,06,-,1,5,2,03,26/10/2021, , , , , , , , , , , ,1, ,7325,0
00,1024,1,11A232,24,40267,4,1,0,04,-,1,5,2,10,12/02/2014,1,02,4,1, , , , , , , ,1, ,7325,0
00,1024,1,11A232,24,40267,1,1,0,02,-,1,7,1,37,22/07/1987,1,03,3,2,1,01,7,2,3,1,002200,1,1,7325,22452
00,1024,1,11A232,24,40267,3,1,0,02,-,1,3,1,34,08/07/1990,1,02,4,2,6,10, , , , , ,1, ,7325,0
00,1024,1,11A232,24,40267,4,1,0,03,-,1,3,2,32,12/11/1991,1,03,3,2,3,07, , , , , ,1, ,7325,0
00,1024,1,11A232,24,40267,1,1,0,03,-,1,3,2,24,22/03/2000,1,03,3,2,1,07, , , , , ,1, ,7325,0
00,1024,1,11A232,24,40267,1,1,0,01,-,1,1,1,67,18/09/1957,1,04,3,2,4,01,3,5,3,2,006000,1, ,7325,0
00,1024,1,11A232,24,40267,4,1,0,02,-,1,2,2,65,01/03/1959,1,02,5,2,5,07, , , , , ,1,1,7325,22452
00,1024,1,11A232,24,40267,1,1,0,05,-,1,5,1,05,30/08/2019,2,01,2,1, , , , , , , ,1, ,7325,0
00,1024,1,11A232,24,40267,3,1,0,01,-,1,1,2,57,17/12/1966,1,03,1,2,2,01,7,5,3,1,002400,1,1,7325,14968
00,1024,1,11A232,24,40267,4,1,0,05,-,1,5,1,11,13/02/2013,1,02,5,1, , , , , , , ,1, ,7325,0
00,1024,1,11A232,24,40267,1,1,0,04,-,1,5,2,11,26/07/2013,1,02,5,1, , , , , , , ,1, ,7325,0
00,1024,1,11A232,24,40267,4,1,0,01,-,1,1,1,65,29/09/1959,1,03,3,2,5,01,5,2,2,1,000300,1, ,7325,0
00,1024,1,11A232,24,40267,2,1,0,03,-,1,3,1,47,17/04/1977,1,04,1,2,2,01,3,5,3,2,003000,1,1,7325,22452
00,1024,1,11A232,24,40267,2,1,0,02,-,1,2,1,79,12/04/1945,1,02,6,1,5,08, , , , , ,1, ,7325,0
00,1024,1,11A232,24,40267,2,1,0,01,-,1,1,2,65,17/01/1959,1,02,6,2,5,07, , , , , ,1, ,7325,0
00,1024,1,11A232,24,40273,4,1,0,01,-,1,1,1,24,07/11/1999,1,03,3,2,1,01,7,2,3,1,002300,1,1,8184,16722
00,1024,1,11A232,24,40273,2,1,0,03,-,1,3,1,11,08/05/2013,1,02,5,1, , , , , , , ,1, ,8184,0
00,1024,1,11A232,24,40273,3,1,0,01,-,1,1,1,65,15/08/1959,1,02,6,2,5,01,4,4,2,1,005000,1, ,8184,0
00,1024,1,11A232,24,40273,3,1,0,04,-,1,3,1,31,14/12/1992,1,03,3,2,6,01,7,2,3,1,002500,1, ,8184,0
00,1024,1,11A232,24,40273,3,1,0,02,-,1,2,2,55,04/01/1969,1,03,3,2,5,01,4,4,3,1,002000,1, ,8184,0
00,1024,1,11A232,24,40273,2,1,0,01,-,1,1,1,40,15/06/1984,1,03,3,2,5,01,7,2,3,1,002700,1, ,8184,0
00,1024,1,11A232,24,40273,3,1,0,03,-,1,3,1,21,21/11/2002,1,04,3,2,6,01,7,2,3,1,002000,1,1,8184,33444
00,1024,1,11A232,24,40273,1,1,0,01,-,1,1,2,68,10/10/1956,1,02,6,2,2,07, , , , , ,1,1,8184,8361
00,1024,1,11A232,24,40273,2,1,0,04,-,1,3,2,07,25/09/2017,1,02,1,1, , , , , , , ,1, ,8184,0
00,1024,1,11A232,24,40273,2,1,0,02,-,1,2,2,38,10/08/1986,1,07,5,2,5,01,3,5,3,1,002000,1,1,8184,16722
00,1024,1,11A232,24,40273,4,1,0,02,-,1,2,2,22,30/01/2002,1,03,3,2,1,07, , , , , ,1, ,8184,0
00,1024,1,11A232,24,40273,4,1,0,04,-,1,3,1,05,05/04/2019,2,01,1,1, , , , , , , ,1, ,8184,0
00,1024,1,11A232,24,40273,4,1,0,03,-,1,3,2,07,01/02/2017,1,02,1,1, , , , , , , ,1, ,8184,0
00,1024,1,12A232,24,40277,2,1,0,01,-,1,1,1,56,28/08/1968,1,02,6,2,5,01,4,4,3,1,001200,1, ,7953,0
00,1024,1,12A232,24,40277,2,1,0,02,-,1,2,2,55,10/09/1969,1,02,6,2,5,01,4,4,3,1,001500,1,1,7953,24527
00,1024,1,12A232,24,40277,2,1,0,03,-,1,3,2,29,23/02/1995,1,07,5,2,2,01,1,5,2,1,003000,1, ,7953,0
00,1024,1,12A232,24,40277,2,1,0,04,-,1,5,2,13,24/12/2010,1,03,2,1,6,06, , , , , ,1, ,7953,0
00,1024,1,12A232,24,40277,3,1,0,01,-,1,1,1,62,12/03/1962,1,03,2,2,4,01,7,3,4,1,003000,1,1,7953,8176
00,1024,1,12A232,24,40277,2,1,0,05,-,1,5,2,04,27/01/2020, , , , , , , , , , , ,1, ,7953,0
00,1024,1,12A232,24,40277,4,1,0,03,-,1,3,2,03,27/06/2021, , , , , , , , , , , ,1, ,7953,0
00,1024,1,12A232,24,40277,4,1,0,01,-,1,1,2,34,21/03/1990,1,04,3,1,2,03,3,5,3,2,007000,1,1,7953,8176
00,1024,1,12A232,24,40277,4,1,0,02,-,1,3,1,12,23/11/2011,1,03,1,1,6,06, , , , , ,1, ,7953,0
00,1024,1,12A232,24,40277,1,1,0,01,-,1,1,2,63,30/06/1961,1,04,3,2,2,07, , , , , ,1,1,7953,8176
00,1024,1,12A232,24,40286,4,1,0,03,-,1,3,1,06,07/09/2018,2,01,3,1, , , , , , , ,1, ,8050,0
00,1024,1,12A232,24,40286,4,1,0,02,-,1,3,1,15,11/12/2008,1,04,1,1,6,06, , , , , ,1, ,8050,0
00,1024,1,12A232,24,40286,2,1,0,01,-,1,1,1,30,09/04/1994,1,03,3,2,1,01,3,5,5,2,999999,1,1,8050,16551
00,1024,1,12A232,24,40286,1,1,0,01,-,1,1,1,50,21/04/1974,1,02,5,2,5,01,5,3,2,1,003000,1, ,8050,0
00,1024,1,12A232,24,40286,4,1,0,01,-,1,1,2,33,05/11/1991,1,03,3,2,5,07, , , , , ,1,1,8050,8276
00,1024,1,12A232,24,40286,1,1,0,04,-,1,3,2,27,01/08/1997,1,03,3,2,2,01,4,4,3,1,999999,1,1,8050,33102
00,1024,1,12A232,24,40286,1,1,0,05,-,1,5,2,04,15/10/2020, , , , , , , , , , , ,1, ,8050,0
00,1024,1,12A232,24,40286,1,1,0,03,-,1,3,1,21,07/04/2003,1,04,3,2,6,01,7,2,3,1,999999,1, ,8050,0
00,1024,1,12A232,24,40286,1,1,0,06,-,1,5,2,02,18/03/2022, , , , , , , , , , , ,1, ,8050,0
00,1024,1,12A232,24,40286,2,1,0,02,-,1,2,2,28,26/01/1996,1,03,3,2,1,01,1,5,2,1,001200,1, ,8050,0
00,1024,1,12A232,24,40286,1,1,0,02,-,1,2,2,46,19/03/1978,1,02,6,2,5,07, , , , , ,1, ,8050,0
00,1024,1,12A232,24,40286,3,1,0,01,-,1,1,2,30,23/08/1994,1,07,2,1,6,01,3,4,3,2,005000,1,1,8050,8276
00,1024,1,12A232,24,40293,4,1,0,01,-,1,1,1,21,04/12/2002,1,07,5,1,1,01,1,2,1,2,001500,1,1,6171,12688
00,1024,1,12A232,24,40293,1,1,0,02,-,1,2,1,31,06/01/1993,1,04,3,2,1,01,7,2,3,2,006000,1,1,6171,12688
00,1024,1,12A232,24,40293,3,1,0,02,-,1,2,2,28,11/07/1996,1,07,5,2,1,01,3,2,3,2,009000,1,1,6171,12688
00,1024,1,12A232,24,40293,4,1,0,03,-,1,3,1,07,02/09/2017,1,02,1,1, , , , , , , ,1, ,6171,0
00,1024,1,12A232,24,40293,1,1,0,01,-,1,1,1,32,07/07/1992,1,04,3,2,1,01,3,5,3,2,003500,1, ,6171,0
00,1024,1,12A232,24,40293,4,1,0,02,-,1,2,2,28,26/06/1996,1,04,3,2,1,01,3,4,3,2,005000,1, ,6171,0
00,1024,1,12A232,24,40293,3,1,0,01,-,1,1,1,28,20/12/1995,1,07,5,2,1,01,4,4,3,2,010000,1, ,6171,0
00,1024,1,12A232,24,40293,2,1,0,01,-,1,1,1,28,14/03/1996,1,07,5,2,6,01,1,3,3,2,010000,1,1,6171,6344
00,1024,1,12A232,24,40303,1,1,0,02,-,1,2,2,49,06/04/1975,1,03,3,2,5,01,7,2,3,1,001100,1,1,7480,23068
00,1024,1,12A232,24,40303,3,1,0,03,-,1,4,2,85,15/01/1939,1,02,3,2,4,07, , , , , ,1,1,7480,23068
00,1024,1,12A232,24,40303,4,1,0,03,-,1,3,1,28,27/03/1996,1,04,3,2,2,01,7,2,3,1,002900,1, ,7480,0
00,1024,1,12A232,24,40303,4,1,0,01,-,1,1,1,64,23/03/1960,1,02,4,2,2,01,7,3,4,1,000500,1,1,7480,23068
00,1024,1,12A232,24,40303,4,1,0,02,-,1,3,2,32,23/11/1991,1,04,3,2,6,01,3,4,3,1,003000,1, ,7480,0
00,1024,1,12A232,24,40303,3,1,0,05,-,1,3,2,15,13/08/2009,1,03,3,1,6,06, , , , , ,1, ,7480,0
00,1024,1,12A232,24,40303,3,1,0,07,-,1,3,2,06,08/06/2018,1,01,3,1, , , , , , , ,1, ,7480,0
00,1024,1,12A232,24,40303,1,1,0,04,-,1,3,2,10,13/03/2014,1,02,3,1, , , , , , , ,1, ,7480,0
00,1024,1,12A232,24,40303,3,1,0,02,-,1,2,2,43,14/01/1981,1,03,3,2,5,01,7,2,3,1,001500,1, ,7480,0
00,1024,1,12A232,24,40303,3,1,0,06,-,1,3,2,09,14/05/2015,1,02,2,1, , , , , , , ,1, ,7480,0
00,1024,1,12A232,24,40303,2,1,0,01,-,1,1,1,49,12/05/1975,1,03,3,2,5,01,1,5,3,2,999999,1,1,7480,30758
00,1024,1,12A232,24,40303,2,1,0,02,-,1,2,2,49,20/07/1975,1,04,3,2,5,01,7,2,3,1,999999,1, ,7480,0
00,1024,1,12A232,24,40303,3,1,0,04,-,1,3,2,16,06/03/2008,1,04,1,1,6,06, , , , , ,1, ,7480,0
00,1024,1,12A232,24,40303,3,1,0,01,-,1,1,1,48,02/06/1976,1,03,3,2,5,01,7,2,3,1,999999,1, ,7480,0
00,1024,1,12A232,24,40303,1,1,0,01,-,1,1,1,49,09/09/1975,1,03,3,2,5,01,7,2,3,1,003000,1, ,7480,0
00,1024,1,12A232,24,40303,1,1,0,03,-,1,3,1,20,03/09/2004,1,02,6,2,1,01,7,2,3,1,001100,1, ,7480,0
00,1024,1,12A232,24,40303,2,1,0,03,-,1,3,1,27,14/07/1997,1,04,3,2,6,01,7,2,3,1,999999,1, ,7480,0
00,1024,1,12A232,24,40303,2,1,0,04,-,1,3,1,24,31/05/2000,1,03,3,2,6,01,7,2,3,1,003300,1, ,7480,0
00,1024,1,12A232,24,40306,3,1,0,01,-,1,1,1,54,24/09/1970,1,04,3,2,3,01,1,6,3,1,003000,1,1,7947,8170
00,1024,1,12A232,24,40306,1,1,0,01,-,1,1,1,47,23/12/1976,1,03,3,2,3,01,1,5,4,1,001500,1,1,7947,8170
00,1024,1,12A232,24,40306,4,1,0,01,-,1,1,2,37,08/05/1987,1,04,2,2,2,01,1,5,2,1,002000,1,1,7947,8170
00,1024,1,12A232,24,40306,4,1,0,03,-,1,3,2,10,11/05/2014,1,02,4,1, , , , , , , ,1, ,7947,0
00,1024,1,12A232,24,40306,4,1,0,02,-,1,3,1,17,27/09/2007,1,04,1,1,6,06, , , , , ,1, ,7947,0
00,1024,1,12A232,24,40306,4,1,0,04,-,1,3,2,07,11/04/2017,1,02,1,1, , , , , , , ,1, ,7947,0
00,1024,1,13A232,24,40316,4,1,0,01,-,1,1,2,76,15/05/1948,1,04,3,2,4,07, , , , , ,1,1,10076,42904
00,1024,1,13A232,24,40316,1,1,0,02,-,1,3,1,62,09/03/1962,1,07,5,2,6,01,3,4,3,3,999999,1,1,10076,32178
00,1024,1,13A232,24,40316,1,1,0,03,-,1,5,2,27,05/04/1997,1,04,3,1,6,01,3,5,4,1,005000,1, ,10076,0
00,1024,1,13A232,24,40316,4,1,0,02,-,1,3,2,52,15/06/1972,1,05,5,2,6,01,1,7,3,2,010000,1, ,10076,0
00,1024,1,13A232,24,40316,1,1,0,01,-,1,1,2,86,23/11/1937,1,02,6,2,4,09, , , , , ,1, ,10076,0
00,1024,1,13A232,24,40316,2,1,0,01,-,1,1,2,86,12/02/1938,1,07,5,2,6,08, , , , , ,1,1,10076,10726
00,1024,1,13A232,24,40316,4,1,0,05,-,1,5,1,13,27/10/2011,1,03,1,1,6,06, , , , , ,1, ,10076,0
00,1024,1,13A232,24,40316,4,1,0,03,-,1,3,2,42,17/09/1982,1,07,5,2,1,01,1,7,3,2,007000,1, ,10076,0
00,1024,1,13A232,24,40316,4,1,0,04,-,1,5,1,30,13/09/1994,1,07,5,2,6,03,1,2,3,2,009000,1, ,10076,0
00,1024,1,13A232,24,40319,3,1,0,02,-,1,7,2,98, ,1,04,3,1,6,06, , , , , ,1, ,7302,0
00,1024,1,13A232,24,40319,2,1,0,05,-,1,3,2,01,14/01/2023, , , , , , , , , , , ,1, ,7302,0
00,1024,1,13A232,24,40319,1,1,0,01,-,1,1,1,35,08/04/1989,1,07,5,2,5,01,1,5,3,2,016000,1, ,7302,0
00,1024,1,13A232,24,40319,2,1,0,02,-,1,2,2,44,13/06/1980,1,08,3,2,5,01,3,5,3,2,007000,1, ,7302,0
00,1024,1,13A232,24,40319,2,1,0,03,-,1,3,1,12,05/10/2012,1,02,6,1,6,06, , , , , ,1, ,7302,0
00,1024,1,13A232,24,40319,3,1,0,03,-,1,2,2,63,04/10/1961,1,04,3,2,1,01,3,5,3,2,008000,1,1,7302,23318
00,1024,1,13A232,24,40319,1,1,0,03,-,1,3,1,07,13/03/2017,1,02,1,1, , , , , , , ,1, ,7302,0
00,1024,1,13A232,24,40319,2,1,0,01,-,1,1,1,42,17/12/1981,1,07,3,2,5,01,1,5,3,2,015000,1,1,7302,15546
00,1024,1,13A232,24,40319,2,1,0,04,-,1,3,1,09,18/06/2015,1,02,3,1, , , , , , , ,1, ,7302,0
00,1024,1,13A232,24,40319,3,1,0,01,-,1,1,1,98, ,1,04,3,2,1,01,3,5,3,2,999999,1, ,7302,0
00,1024,1,13A232,24,40319,1,1,0,02,-,1,2,2,32,13/05/1992,1,08,3,2,5,01,1,5,3,2,030000,1,1,7302,15546
00,1024,1,13A232,24,40325,2,1,0,04,-,1,3,1,24,30/10/2000,1,07,4,1,6,06, , , , , ,1,1,8570,36490
00,1024,1,13A232,24,40325,1,1,0,06,-,1,5,1,99, , , , , , , , , , , , ,1, ,8570,0
00,1024,1,13A232,24,40325,1,1,0,03,-,1,7,1,37,20/10/1987,1,07,3,2,5,01,3,5,3,2,999999,1,1,8570,45612
00,1024,1,13A232,24,40325,4,1,0,01,-,1,1,1,58,17/02/1966,1,04,2,2,5,01,5,5,2,1,002000,1,1,8570,18245
00,1024,1,13A232,24,40325,1,1,0,07,-,1,5,2,99, , , , , , , , , , , , ,1, ,8570,0
00,1024,1,13A232,24,40325,1,1,0,04,-,1,3,2,98, ,1,07,5,2,5,01,4,4,2,1,999999,1, ,8570,0
00,1024,1,13A232,24,40325,1,1,0,02,-,1,2,2,98, ,1,02,6,2,5,01,4,4,2,1,999999,1, ,8570,0
00,1024,1,13A232,24,40325,1,1,0,01,-,1,1,1,98, ,1,07,3,2,5,01,1,5,3,2,999999,1, ,8570,0
00,1024,1,13A232,24,40325,2,1,0,02,-,1,2,2,56,11/12/1967,1,07,5,2,5,01,4,4,2,1,001500,1, ,8570,0
00,1024,1,13A232,24,40325,2,1,0,01,-,1,1,1,58,22/03/1966,1,04,3,2,5,01,4,4,2,1,003000,1, ,8570,0
00,1024,1,13A232,24,40325,2,1,0,03,-,1,3,2,28,05/10/1996,1,07,5,2,6,01,1,5,5,2,001500,1, ,8570,0
00,1024,1,13A232,24,40325,4,1,0,02,-,1,2,2,59,17/08/1965,1,04,3,2,5,01,7,2,3,1,002100,1, ,8570,0
00,1024,1,13A232,24,40325,1,1,0,05,-,1,3,2,98, ,1,07,5,2,6,01,3,5,3,2,999999,1, ,8570,0
00,1024,1,13A232,24,40332,3,1,0,02,-,1,3,2,15,15/04/2009,1,04,1,1,6,06, , , , , ,1, ,9394,0
00,1024,1,13A232,24,40332,4,1,0,03,-,1,7,2,75,15/06/1949,1,02,6,2,2,01,4,5,3,1,001100,1, ,9394,0
00,1024,1,13A232,24,40332,3,1,0,01,-,1,1,2,47,24/02/1977,1,07,5,2,3,01,3,4,2,2,999999,1,1,9394,10000
16,1024,1,13A232,24,40332,1,1,0,02,-,1,2,2,59,13/04/1965,1,03,3,2,5,01,4,4,2,1,000400,1, ,9394,0
16,1024,1,13A232,24,40332,1,1,0,01,-,1,1,1,68,20/02/1956,1,07,5,2,5,03,4,4,2,1,999999,1, ,9394,0
00,1024,1,13A232,24,40332,4,1,0,06,-,1,3,2,15,10/11/2008,1,04,1,1,6,01,4,5,3,1,001200,1, ,9394,0
00,1024,1,13A232,24,40332,4,1,0,05,-,1,3,2,21,02/02/2003,1,07,4,1,6,01,4,5,5,1,002000,1, ,9394,0
00,1024,1,13A232,24,40332,4,1,0,02,-,1,2,2,50,08/06/1974,1,06,3,2,5,01,1,7,3,2,017000,1,1,9394,49998
00,1024,1,13A232,24,40332,4,1,0,01,-,1,1,1,51,10/08/1973,1,04,3,2,5,01,4,5,1,1,006000,1, ,9394,0
00,1024,1,13A232,24,40332,4,1,0,04,-,1,3,2,27,05/06/1997,1,08,2,1,6,01,1,2,3,2,010000,1, ,9394,0
00,1024,1,11A232,25,40259,4,1,0,01,-,1,1,1,34,22/05/1990,1,04,3,2,5,01,2,7,3,2,007000,1,1,7124,14558
00,1024,1,11A232,25,40259,2,1,0,02,-,1,3,1,24,29/07/2000,1,04,3,2,6,01,4,2,3,1,002000,1,1,7124,14558
00,1024,1,11A232,25,40259,4,1,0,02,-,1,2,2,30,11/01/1994,1,07,5,2,5,07, , , , , ,1, ,7124,0
00,1024,1,11A232,25,40259,2,1,0,01,-,1,1,2,51,23/11/1972,1,03,3,2,5,01,4,2,3,1,002000,1, ,7124,0
00,1024,1,11A232,25,40259,1,1,0,01,-,1,1,1,75,02/10/1949,1,02,3,2,3,08, , , , , ,1,1,7124,7279
00,1024,1,11A232,25,40259,4,1,0,03,-,1,3,2,09,09/02/2015,1,02,4,1, , , , , , , ,1, ,7124,0
00,1024,1,11A232,25,40262,4,1,0,01,-,1,1,2,69,13/09/1955,1,02,6,2,4,08, , , , , ,1,1,9760,19943
00,1024,1,11A232,25,40262,2,1,0,01,-,1,1,1,60,10/01/1964,1,04,3,2,5,08, , , , , ,1, ,9760,0
00,1024,1,11A232,25,40262,4,1,0,02,-,1,3,1,33,11/07/1991,1,04,3,2,6,01,5,3,3,1,001500,1, ,9760,0
00,1024,1,11A232,25,40262,2,1,0,04,-,1,2,2,54,05/07/1970,1,06,3,2,5,07, , , , , ,1, ,9760,0
00,1024,1,11A232,25,40262,3,1,0,01,-,1,1,2,66,20/09/1958,1,02,6,2,3,08, , , , , ,1,1,9760,9972
00,1024,1,11A232,25,40262,2,1,0,02,-,1,3,1,34,29/05/1990,1,07,5,2,5,01,5,5,2,1,002500,1,1,9760,39886
00,1024,1,11A232,25,40262,1,1,0,01,-,1,1,1,38,23/08/1986,1,04,3,2,6,01,4,4,2,1,003000,1,1,9760,9972
00,1024,1,11A232,25,40262,2,1,0,03,-,1,3,1,36,31/10/1988,1,04,3,2,5,01,5,5,2,1,002500,1, ,9760,0
00,1024,1,11A232,25,40271,3,1,0,01,-,1,1,1,28,30/06/1996,1,07,5,2,6,01,2,5,3,2,016000,1,1,8971,9165
00,1024,1,11A232,25,40271,4,1,0,02,-,1,3,1,21,03/05/2003,1,04,3,2,6,01,1,4,3,1,002000,1,1,8971,18330
00,1024,1,11A232,25,40271,4,1,0,01,-,1,1,2,48,14/01/1976,1,02,6,2,1,07, , , , , ,1, ,8971,0
00,1024,1,12A232,25,40277,3,1,0,01,-,1,1,1,43,31/10/1981,1,07,4,1,5,01,3,9,3,2,004000,1, ,7953,0
00,1024,1,12A232,25,40277,4,1,0,01,-,1,1,1,63,14/11/1960,1,06,3,2,5,01,1,5,3,2,006000,1, ,7953,0
00,1024,1,12A232,25,40277,1,1,0,01,-,1,1,1,31,30/08/1993,1,07,5,2,6,01,2,5,3,2,015000,1,1,7953,8177
00,1024,1,12A232,25,40277,3,1,0,03,-,1,3,1,08,11/09/2016,1,02,2,1, , , , , , , ,1, ,7953,0
00,1024,1,12A232,25,40277,3,1,0,04,-,1,3,2,20,11/07/2004,1,07,1,1,6,06, , , , , ,1, ,7953,0
00,1024,1,12A232,25,40277,4,1,0,02,-,1,2,2,61,28/03/1963,1,03,3,2,5,07, , , , , ,1,1,7953,16353
00,1024,1,12A232,25,40277,3,1,0,02,-,1,2,2,45,16/07/1979,1,00, ,2,5,01,7,5,3,1,001000,1,1,7953,24530
00,1024,1,12A232,25,40288,3,1,0,02,-,1,2,2,59,05/04/1965,1,04,3,2,5,01,3,4,3,2,003600,1, ,8723,0
00,1024,1,12A232,25,40288,1,1,0,01,-,1,1,2,68,24/02/1956,1,02,6,2,5,07, , , , , ,1, ,8723,0
00,1024,1,12A232,25,40288,3,1,0,03,-,1,5,1,19,25/11/2004,1,07,2,1,6,06, , , , , ,1,1,8723,26903
00,1024,1,12A232,25,40288,2,1,0,01,-,1,1,2,33,06/07/1991,1,07,5,2,5,01,3,5,3,1,006000,1,1,8723,8968
00,1024,1,12A232,25,40288,1,1,0,07,-,1,5,2,08,27/03/2016,1,02,2,1, , , , , , , ,1, ,8723,0
00,1024,1,12A232,25,40288,1,1,0,04,-,1,3,2,28,30/04/1996,1,04,3,2,6,07, , , , , ,1, ,8723,0
00,1024,1,12A232,25,40288,1,1,0,03,-,1,3,2,45,18/10/1979,1,03,3,2,6,01,9,9,3,1,001800,1, ,8723,0
00,1024,1,12A232,25,40288,1,1,0,02,-,1,2,1,70,17/12/1953,1,02,6,2,5,08, , , , , ,1,1,8723,44839
00,1024,1,12A232,25,40288,4,1,0,01,-,1,1,2,54,31/07/1970,1,03,3,2,4,01,5,9,3,1,001500,1,1,8723,8968
00,1024,1,12A232,25,40288,3,1,0,01,-,1,1,1,63,22/10/1961,1,02,6,2,5,01,5,5,3,1,001800,1, ,8723,0
00,1024,1,12A232,25,40288,1,1,0,06,-,1,5,1,09,26/03/2015,1,02,3,1, , , , , , , ,1, ,8723,0
00,1024,1,12A232,25,40288,1,1,0,05,-,1,3,1,26,24/02/1998,1,00, ,2,6,09, , , , , ,1, ,8723,0
00,1024,1,12A232,25,40298,4,1,0,02,-,1,2,2,66,28/03/1958,1,06,3,2,5,07, , , , , ,1,1,12161,25003
00,1024,1,12A232,25,40298,1,1,0,01,-,1,1,1,38,03/11/1986,1,07,8,2,5,01,2,5,3,2,012000,1, ,12161,0
00,1024,1,12A232,25,40298,3,1,0,01,-,1,1,1,31,13/04/1993,1,07,5,2,1,01,4,4,2,2,010000,1,1,12161,25003
00,1024,1,12A232,25,40298,1,1,0,05,-,1,3,2,00,26/07/2024, , , , , , , , , , , ,1, ,12161,0
00,1024,1,12A232,25,40298,1,1,0,02,-,1,2,2,30,19/05/1994,1,07,2,2,5,07, , , , , ,1,1,12161,25003
00,1024,1,12A232,25,40298,2,1,0,01,-,1,1,2,31,16/08/1993,1,07,5,2,6,04, , , , , ,1,1,12161,12502
00,1024,1,12A232,25,40298,1,1,0,04,-,1,3,1,02,02/08/2022, , , , , , , , , , , ,1, ,12161,0
00,1024,1,12A232,25,40298,4,1,0,01,-,1,1,1,82,01/05/1942,1,07,5,2,5,08, , , , , ,1, ,12161,0
00,1024,1,12A232,25,40298,1,1,0,03,-,1,3,1,09,19/04/2015,1,02,4,1, , , , , , , ,1, ,12161,0
00,1024,1,12A232,25,40298,3,1,0,03,-,1,3,1,01,16/11/2022, , , , , , , , , , , ,1, ,12161,0
00,1024,1,12A232,25,40298,3,1,0,02,-,1,2,2,31,28/07/1993,1,07,5,2,1,01,1,5,2,1,005000,1, ,12161,0
00,1024,1,12A232,25,40303,4,1,0,04,-,1,3,1,30,03/11/1994,1,03,3,2,6,01,1,5,2,1,003000,1, ,8150,0
00,1024,1,12A232,25,40303,3,1,0,02,-,1,6,2,66,21/09/1958,1,03,3,2,6,07, , , , , ,1, ,8150,0
00,1024,1,12A232,25,40303,3,1,0,05,-,1,3,1,21,29/09/2003,1,04,3,1,6,06, , , , , ,1, ,8150,0
00,1024,1,12A232,25,40303,1,1,0,02,-,1,2,1,76,13/02/1948,1,04,2,2,5,09, , , , , ,1,1,8150,16757
00,1024,1,12A232,25,40303,4,1,0,02,-,1,3,2,24,01/11/2000,1,04,3,2,6,01,9,3,4,1,001700,1, ,8150,0
00,1024,1,12A232,25,40303,3,1,0,03,-,1,6,2,64,28/12/1959,1,03,3,2,6,07, , , , , ,1, ,8150,0
00,1024,1,12A232,25,40303,4,1,0,05,-,1,3,1,13,20/08/2011,1,03,2,1,6,06, , , , , ,1, ,8150,0
00,1024,1,12A232,25,40303,4,1,0,08,-,1,4,2,82,05/01/1942,2,00, ,2,4,07, , , , , ,1, ,8150,0
00,1024,1,12A232,25,40303,4,1,0,06,-,1,3,2,15,12/11/2008,1,03,3,1,6,06, , , , , ,1, ,8150,0
00,1024,1,12A232,25,40303,4,1,0,07,-,1,5,1,11,19/05/2013,1,02,5,1, , , , , , , ,1, ,8150,0
00,1024,1,12A232,25,40303,4,1,0,09,-,1,6,1,58,13/05/1966,1,02,6,2,6,01,9,4,3,1,003000,1,1,8150,58650
00,1024,1,12A232,25,40303,4,1,0,10,-,1,8,1,18,01/06/2006,1,04,3,2,6,01,6,1,3,1,001600,1, ,8150,0
00,1024,1,12A232,25,40303,2,1,0,01,-,1,1,2,62,13/04/1962,1,03,3,2,6,01,4,4,3,1,001800,1,1,8150,16757
00,1024,1,12A232,25,40303,2,1,0,02,-,1,7,2,35,10/01/1989,1,02,6,2,6,01,4,4,3,2,001500,1, ,8150,0
00,1024,1,12A232,25,40303,4,1,0,01,-,1,1,2,48,01/09/1976,1,03,2,2,6,01,9,3,4,1,001700,1, ,8150,0
00,1024,1,12A232,25,40303,4,1,0,03,-,1,3,2,27,25/08/1997,1,04,3,2,6,01,9,3,4,1,001700,1, ,8150,0
00,1024,1,12A232,25,40303,1,1,0,01,-,1,1,2,71,25/01/1953,1,03,3,2,5,07, , , , , ,1, ,8150,0
00,1024,1,12A232,25,40303,3,1,0,01,-,1,1,2,64,21/09/1960,1,07,5,2,4,01,2,7,3,2,010000,1, ,8150,0
00,1024,1,12A232,25,40303,3,1,0,04,-,1,3,2,28,11/03/1996,1,07,5,2,6,01,2,7,3,2,009000,1,1,8150,41893
00,1024,1,12A232,25,40307,4,1,0,01,-,1,1,1,74,19/12/1949,1,02,3,2,5,08, , , , , ,1,1,9470,19472
00,1024,1,12A232,25,40307,1,1,0,02,-,1,2,2,68,22/01/1956,1,02,6,2,5,07, , , , , ,1,1,9470,38943
00,1024,1,12A232,25,40307,3,1,0,03,-,1,3,2,29,10/12/1994,1,07,5,2,6,01,2,7,3,2,008000,1,1,9470,38943
00,1024,1,12A232,25,40307,1,1,0,03,-,1,3,1,39,15/07/1985,1,07,5,2,6,01,4,4,2,1,002000,1, ,9470,0
00,1024,1,12A232,25,40307,3,1,0,02,-,1,2,2,54,11/09/1970,1,03,3,2,5,01,4,4,3,1,001000,1, ,9470,0
00,1024,1,12A232,25,40307,4,1,0,02,-,1,2,2,77,04/11/1946,1,07,4,2,5,09, , , , , ,1, ,9470,0
00,1024,1,12A232,25,40307,1,1,0,01,-,1,1,1,75,14/01/1949,1,02,3,2,5,01,4,4,1,1,003000,1, ,9470,0
00,1024,1,12A232,25,40307,2,1,0,01,-,1,1,1,58,17/02/1966,1,04,2,2,5,01,2,5,3,1,004000,1,1,9470,29207
00,1024,1,12A232,25,40307,3,1,0,05,-,1,5,2,05,18/12/2018,2,02,1,1, , , , , , , ,1, ,9470,0
00,1024,1,12A232,25,40307,3,1,0,04,-,1,3,1,21,02/08/2003,1,07,2,1,6,06, , , , , ,1, ,9470,0
00,1024,1,12A232,25,40307,3,1,0,01,-,1,1,1,64,17/09/1960,1,04,3,2,5,01,4,4,2,1,003000,1, ,9470,0
00,1024,1,12A232,25,40307,2,1,0,03,-,1,3,2,22,12/02/2002,1,07,4,1,6,06, , , , , ,1, ,9470,0
00,1024,1,12A232,25,40307,1,1,0,04,-,1,3,1,32,20/07/1992,1,07,4,2,6,02,4,4,6,5, ,1, ,9470,0
00,1024,1,12A232,25,40307,2,1,0,02,-,1,2,2,47,01/11/1977,1,04,3,2,5,07, , , , , ,1, ,9470,0
00,1024,1,13A232,25,40316,2,1,0,03,-,1,3,1,03,10/09/2021, , , , , , , , , , , ,1, ,10754,0
00,1024,1,13A232,25,40316,2,1,0,02,-,1,2,2,39,13/12/1984,1,08,3,2,1,01,2,7,3,2,018000,1, ,10754,0
00,1024,1,13A232,25,40316,2,1,0,01,-,1,1,1,38,07/04/1986,1,08,3,2,1,01,2,7,3,2,018000,1,1,10754,22896
00,1024,1,13A232,25,40316,1,1,0,03,-,1,7,2,54,22/03/1970,1,03,3,2,6,07, , , , , ,1, ,10754,0
00,1024,1,13A232,25,40316,3,1,0,03,-,1,2,2,39,16/08/1985,1,04,3,2,5,07, , , , , ,1, ,10754,0
00,1024,1,13A232,25,40316,3,1,0,02,-,1,3,1,15,29/09/2009,1,04,1,1,6,06, , , , , ,1, ,10754,0
00,1024,1,13A232,25,40316,3,1,0,01,-,1,1,1,43,26/09/1981,1,04,3,2,6,01,4,4,2,1,015000,1,1,10754,22896
00,1024,1,13A232,25,40316,1,1,0,02,-,1,2,2,60,01/06/1964,1,04,3,2,5,07, , , , , ,1, ,10754,0
00,1024,1,13A232,25,40316,1,1,0,01,-,1,1,1,63,30/07/1961,1,07,5,2,5,01,1,5,2,3,020000,1,1,10754,34344
00,1024,1,13A232,25,40316,2,1,0,04,-,1,3,1,00,27/03/2024, , , , , , , , , , , ,1, ,10754,0
00,1024,1,13A232,25,40329,2,1,0,02,-,1,3,1,29,13/10/1995,1,07,5,2,6,04, , , , , ,1,1,11331,36187
00,1024,1,13A232,25,40329,3,1,0,02,-,1,2,1,68,25/04/1956,1,07,5,2,5,08, , , , , ,1, ,11331,0
00,1024,1,13A232,25,40329,2,1,0,01,-,1,1,2,53,26/01/1971,1,07,5,2,3,01,1,5,2,3,035000,1, ,11331,0
00,1024,1,13A232,25,40329,2,1,0,03,-,1,3,2,23,27/07/2001,1,07,3,1,6,06, , , , , ,1, ,11331,0
00,1024,1,13A232,25,40329,3,1,0,01,-,1,1,2,67,26/03/1957,1,07,5,2,5,08, , , , , ,1,1,11331,24125
00,1024,1,13A232,25,40329,4,1,0,04,-,1,3,2,10,05/11/2014,1,02,5,1, , , , , , , ,1, ,11331,0
00,1024,1,13A232,25,40329,4,1,0,03,-,1,3,2,15,25/05/2009,1,04,1,1,6,06, , , , , ,1, ,11331,0
00,1024,1,13A232,25,40329,4,1,0,02,-,1,2,2,44,21/09/1980,1,08,3,1,5,01,2,7,3,2,007500,1, ,11331,0
00,1024,1,13A232,25,40329,4,1,0,01,-,1,1,1,44,01/02/1980,1,08,3,2,5,04, , , , , ,1,1,11331,24125
00,1024,1,13A232,25,40333,1,1,0,02,-,1,2,2,55,27/10/1969,1,07,5,2,5,07, , , , , ,1, ,8082,0
00,1024,1,13A232,25,40333,2,1,0,03,-,1,2,2,55,04/02/1969,1,07,5,2,5,07, , , , , ,1,1,8082,25809
00,1024,1,13A232,25,40333,4,1,0,01,-,1,1,1,37,30/12/1986,1,07,5,2,5,01,2,7,3,3,010000,1, ,8082,0
00,1024,1,13A232,25,40333,3,1,0,04,-,1,3,2,17,08/10/2007,1,04,2,1,6,06, , , , , ,1, ,8082,0
00,1024,1,13A232,25,40333,3,1,0,01,-,1,1,1,54,14/02/1970,1,07,5,2,5,01,1,5,3,2,008000,1, ,8082,0
00,1024,1,13A232,25,40333,3,1,0,02,-,1,2,2,52,01/11/1972,1,07,4,2,5,01,1,5,3,2,005000,1, ,8082,0
00,1024,1,13A232,25,40333,2,1,0,01,-,1,1,1,54,15/01/1970,1,07,5,2,5,01,1,3,3,2,007000,1, ,8082,0
00,1024,1,13A232,25,40333,1,1,0,01,-,1,1,2,53,21/12/1970,1,03,3,2,5,01,6,1,2,1,005000,1,1,8082,17206
00,1024,1,13A232,25,40333,4,1,0,02,-,1,2,2,37,09/06/1987,1,07,5,2,5,01,3,2,3,2,005000,1,1,8082,17206
00,1024,1,13A232,25,40333,3,1,0,03,-,1,3,2,21,20/05/2003,1,07,2,1,6,06, , , , , ,1,1,8082,25809
00,1024,1,13A232,25,40333,4,1,0,03,-,1,3,2,06,07/08/2018,1,02,1,1, , , , , , , ,1, ,8082,0
00,1024,1,13A232,25,40333,2,1,0,02,-,1,3,1,24,06/12/1999,1,07,5,2,6,01,2,5,3,2,003000,1, ,8082,0
00,1024,1,13A232,25,40337,2,1,0,01,-,1,1,2,62,02/01/1962,1,02,6,2,4,07, , , , , ,1,1,10363,44128
00,1024,1,13A232,25,40337,2,1,0,03,-,1,3,1,21,21/01/2003,1,07,2,1,6,06, , , , , ,1, ,10363,0
00,1024,1,13A232,25,40337,2,1,0,04,-,1,3,2,43,03/01/1981,1,04,3,2,6,07, , , , , ,1, ,10363,0
00,1024,1,13A232,25,40337,2,1,0,02,-,1,3,1,28,24/09/1996,1,07,4,2,6,01,1,5,3,2,008000,1, ,10363,0
00,1024,1,11A232,26,40261,3,1,0,01,-,1,1,2,38,05/01/1986,1,04,1,2,2,01,4,5,3,1,001800,1,1,8531,8715
00,1024,1,11A232,26,40261,4,1,0,02,-,1,2,2,65,23/08/1959,1,02,6,2,5,01,5,4,2,1,000700,1, ,8531,0
00,1024,1,11A232,26,40261,3,1,0,03,-,1,3,2,02,28/04/2022, , , , , , , , , , , ,1, ,8531,0
00,1024,1,11A232,26,40261,1,1,0,01,-,1,1,2,50,03/12/1973,1,03,3,2,2,01,7,2,3,1,002000,1,1,8531,8715
00,1024,1,11A232,26,40261,1,1,0,02,-,1,3,1,17,08/09/2007,1,04,2,1,6,06, , , , , ,1, ,8531,0
00,1024,1,11A232,26,40261,3,1,0,02,-,1,3,1,04,29/08/2020, , , , , , , , , , , ,1, ,8531,0
00,1024,1,11A232,26,40261,4,1,0,01,-,1,1,1,63,03/04/1961,1,03,1,2,5,01,4,4,3,2,002900,1,1,8531,26146
00,1024,1,11A232,26,40261,4,1,0,03,-,1,3,1,38,09/09/1986,1,04,3,2,2,01,7,2,3,1,002500,1, ,8531,0
00,1024,1,11A232,26,40264,4,1,0,01,-,1,1,1,63,11/11/1960,1,03,3,2,5,01,5,5,3,1,001400,1, ,7694,0
14,1024,1,11A232,26,40264,1,1,0,04,-,1,3,1,14,03/09/2010,1,03,2,1,6,06, , , , , ,1, ,7694,0
00,1024,1,11A232,26,40264,3,1,0,02,-,1,2,2,70,18/02/1954,1,02,6,2,5,01,4,4,2,1,001000,1,1,7694,15722
00,1024,1,11A232,26,40264,2,1,0,01,-,1,1,2,64,17/09/1960,1,03,3,2,2,01,3,7,3,2,999999,1,1,7694,23583
00,1024,1,11A232,26,40264,2,1,0,04,-,1,5,2,16,03/11/2008,1,03,3,1,6,06, , , , , ,1, ,7694,0
00,1024,1,11A232,26,40264,3,1,0,01,-,1,1,1,61,13/09/1963,1,03,3,2,5,01,4,4,2,1,001000,1, ,7694,0
00,1024,1,11A232,26,40264,4,1,0,02,-,1,2,2,65,25/07/1959,1,03,3,2,5,08, , , , , ,1,1,7694,23583
14,1024,1,11A232,26,40264,1,1,0,03,-,1,3,1,23,04/03/2001,1,04,3,2,2,01,1,4,3,1,999999,1, ,7694,0
00,1024,1,11A232,26,40264,2,1,0,06,-,1,4,2,08,01/04/2016,1,02,2,1, , , , , , , ,1, ,7694,0
00,1024,1,11A232,26,40264,2,1,0,05,-,1,5,2,13,18/08/2011,1,03,1,1,6,06, , , , , ,1, ,7694,0
00,1024,1,11A232,26,40264,2,1,0,03,-,1,3,1,49,23/03/1975,1,02,6,2,2,01,1,3,3,1,999999,1, ,7694,0
00,1024,1,11A232,26,40264,2,1,0,02,-,1,4,2,31,02/01/1993,1,03,3,2,2,07, , , , , ,1, ,7694,0
14,1024,1,11A232,26,40264,1,1,0,02,-,1,2,2,41,23/01/1983,1,03,3,2,5,01,1,4,3,2,005200,1, ,7694,0
00,1024,1,11A232,26,40264,4,1,0,03,-,1,5,2,26,26/12/1997,1,04,2,2,2,01,4,4,3,1,002500,1, ,7694,0
00,1024,1,11A232,26,40264,3,1,0,03,-,1,7,1,16,18/08/2008,1,04,1,1,6,06, , , , , ,1, ,7694,0
00,1024,1,11A232,26,40264,4,1,0,04,-,1,5,2,07,12/05/2017,1,02,1,1, , , , , , , ,1, ,7694,0
14,1024,1,11A232,26,40264,1,1,0,01,-,1,1,1,42,19/05/1982,1,03,3,2,5,01,1,5,3,1,003800,1, ,7694,0
00,1024,1,11A232,26,40274,3,1,0,01,-,1,1,1,42,11/08/1982,1,04,2,2,5,08, , , , , ,1, ,8907,0
00,1024,1,11A232,26,40274,1,1,0,02,-,1,2,1,49,22/10/1975,1,03,3,2,5,01,5,5,3,2,004000,1, ,8907,0
00,1024,1,11A232,26,40274,1,1,0,01,-,1,1,2,44,16/11/1979,1,03,3,2,5,08, , , , , ,1,1,8907,27301
00,1024,1,11A232,26,40274,2,1,0,02,-,1,2,2,46,24/11/1977,1,07,2,2,5,01,3,7,3,2,006000,1, ,8907,0
00,1024,1,11A232,26,40274,2,1,0,01,-,1,1,1,42,14/10/1982,1,04,3,2,5,01,5,6,4,1,009000,1,1,8907,36401
00,1024,1,11A232,26,40274,4,1,0,02,-,1,3,2,21,05/05/2003,1,04,3,2,6,01,7,2,3,1,002000,1, ,8907,0
00,1024,1,11A232,26,40274,3,1,0,04,-,1,3,2,14,03/09/2010,1,03,2,1,6,06, , , , , ,1, ,8907,0
00,1024,1,11A232,26,40274,4,1,0,01,-,1,1,2,42,24/04/1982,1,04,3,2,5,01,9,2,3,1,003000,1,1,8907,18200
00,1024,1,11A232,26,40274,2,1,0,03,-,1,3,2,19,20/09/2005,1,07,1,1,6,06, , , , , ,1, ,8907,0
00,1024,1,11A232,26,40274,4,1,0,04,-,1,5,1,01,07/02/2023, , , , , , , , , , , ,1, ,8907,0
00,1024,1,11A232,26,40274,2,1,0,04,-,1,3,1,18,22/09/2006,1,04,3,1,6,01,4,4,3,1,000600,1, ,8907,0
00,1024,1,11A232,26,40274,1,1,0,03,-,1,3,2,21,18/11/2002,1,07,3,1,5,01,3,5,3,1,001500,1, ,8907,0
00,1024,1,11A232,26,40274,1,1,0,05,-,1,3,2,14,25/02/2010,1,03,2,1,6,06, , , , , ,1, ,8907,0
00,1024,1,11A232,26,40274,1,1,0,04,-,1,3,2,17,06/01/2007,1,04,2,1,6,06, , , , , ,1, ,8907,0
00,1024,1,11A232,26,40274,3,1,0,03,-,1,3,2,17,17/01/2007,1,04,2,1,6,06, , , , , ,1, ,8907,0
00,1024,1,11A232,26,40274,3,1,0,02,-,1,2,2,36,27/01/1988,1,03,3,2,5,01,4,4,3,1,002000,1,1,8907,18200
00,1024,1,11A232,26,40274,4,1,0,03,-,1,3,2,16,21/07/2008,1,04,1,1,6,01,5,5,2,1,000300,1, ,8907,0
00,1024,1,12A232,26,40277,1,1,0,01,-,1,1,2,62,22/12/1961,1,03,3,2,1,08, , , , , ,1, ,8227,0
00,1024,1,12A232,26,40277,1,1,0,03,-,1,3,1,36,27/09/1988,1,04,1,2,2,01,1,4,3,2,003500,1, ,8227,0
00,1024,1,12A232,26,40277,2,1,0,04,-,1,3,2,12,20/01/2012,1,02,6,1,6,06, , , , , ,1, ,8227,0
00,1024,1,12A232,26,40277,4,1,0,02,-,1,2,2,54,11/11/1969,1,03,3,2,5,01,4,4,2,3,001000,1,1,8227,16915
00,1024,1,12A232,26,40277,1,1,0,02,-,1,2,1,76,21/03/1948,2,02,3,2,1,01,5,5,3,1,001300,1,1,8227,25373
00,1024,1,12A232,26,40277,2,1,0,01,-,1,1,2,39,05/10/1985,1,04,3,2,1,01,7,2,3,1,005000,1, ,8227,0
00,1024,1,12A232,26,40277,4,1,0,01,-,1,1,1,57,10/06/1967,1,03,3,2,5,01,5,5,3,1,999999,1, ,8227,0
00,1024,1,12A232,26,40277,3,1,0,01,-,1,1,1,59,05/01/1965,1,04,3,2,2,01,1,5,3,2,018000,1,1,8227,8458
00,1024,1,12A232,26,40277,2,1,0,02,-,1,2,1,37,17/08/1987,1,03,3,2,1,01,7,2,3,1,002500,1,1,8227,16915
00,1024,1,12A232,26,40277,2,1,0,03,-,1,3,2,13,06/12/2010,1,03,2,1,6,06, , , , , ,1, ,8227,0
00,1024,1,12A232,26,40278,3,1,0,01,-,1,1,2,55,18/03/1969,1,03,3,2,4,07, , , , , ,1, ,8587,0
00,1024,1,12A232,26,40278,1,1,0,01,-,1,1,1,47,09/06/1977,1,03,2,2,5,01,1,3,3,1,002000,1, ,8587,0
00,1024,1,12A232,26,40278,3,1,0,02,-,1,3,1,28,01/12/1995,1,07,3,2,6,01,1,5,3,1,002500,1,1,8587,17655
00,1024,1,12A232,26,40278,2,1,0,02,-,1,2,1,51,07/12/1972,1,07,3,2,5,01,3,2,3,1,003900,1, ,8587,0
00,1024,1,12A232,26,40278,1,1,0,06,-,1,5,1,00,28/11/2023, , , , , , , , , , , ,1, ,8587,0
00,1024,1,12A232,26,40278,2,1,0,01,-,1,1,2,52,03/04/1972,1,03,3,2,5,01,4,4,3,2,004000,1, ,8587,0
00,1024,1,12A232,26,40278,1,1,0,02,-,1,2,2,42,31/07/1982,1,03,1,2,5,07, , , , , ,1, ,8587,0
00,1024,1,12A232,26,40278,2,1,0,03,-,1,3,1,18,22/01/2006,1,04,3,1,6,01,4,5,3,1,002000,1,1,8587,35310
00,1024,1,12A232,26,40278,1,1,0,03,-,1,3,1,24,26/07/2000,1,03,3,2,6,01,5,3,3,1,002000,1,1,8587,35310
00,1024,1,12A232,26,40278,4,1,0,01,-,1,1,2,61,08/02/1963,1,03,3,2,3,08, , , , , ,1,1,8587,8827
00,1024,1,12A232,26,40278,2,1,0,04,-,1,3,2,23,06/02/2001,1,07,4,1,6,01,3,7,3,2,999999,1, ,8587,0
00,1024,1,12A232,26,40278,1,1,0,04,-,1,3,2,20,26/12/2003,1,04,3,2,6,07, , , , , ,1, ,8587,0
00,1024,1,12A232,26,40278,1,1,0,05,-,1,3,2,16,10/08/2008,1,03,3,2,6,07, , , , , ,1, ,8587,0
00,1024,1,12A232,26,40290,2,1,0,01,-,1,1,1,49,16/10/1975,1,03,3,2,5,01,4,5,1,2,010000,1, ,8145,0
00,1024,1,12A232,26,40290,2,1,0,04,-,1,3,2,22,21/11/2001,1,07,4,2,6,01,3,2,3,2,005000,1, ,8145,0
00,1024,1,12A232,26,40290,1,1,0,01,-,1,1,1,57,12/12/1966,1,03,3,2,6,01,1,5,2,1,000500,1,1,8145,8373
00,1024,1,12A232,26,40290,3,1,0,02,-,1,3,2,22,05/04/2002,1,07,3,1,6,06, , , , , ,1, ,8145,0
00,1024,1,12A232,26,40290,4,1,0,02,-,1,3,1,22,15/02/2002,1,07,4,1,6,01,1,4,3,1,001200,1, ,8145,0
00,1024,1,12A232,26,40290,2,1,0,03,-,1,3,2,17,19/03/2007,1,04,1,1,6,06, , , , , ,1, ,8145,0
00,1024,1,12A232,26,40290,4,1,0,01,-,1,1,2,50,24/10/1974,1,06,2,2,2,01,3,4,5,1,001100,1,1,8145,16746
00,1024,1,12A232,26,40290,2,1,0,02,-,1,2,2,49,09/01/1975,1,03,3,2,5,07, , , , , ,1,1,8145,25119
00,1024,1,12A232,26,40290,2,1,0,05,-,1,3,2,13,12/10/2011,1,03,1,1,6,06, , , , , ,1, ,8145,0
00,1024,1,12A232,26,40290,3,1,0,01,-,1,1,1,49,11/11/1974,1,04,3,2,3,01,1,5,2,1,004500,1,1,8145,16746
00,1024,1,12A232,26,40290,4,1,0,03,-,1,3,2,10,27/12/2013,1,02,4,1, , , , , , , ,1, ,8145,0
00,1024,1,12A232,26,40296,1,1,0,03,-,1,3,1,17,21/03/2007,1,04,2,1,6,06, , , , , ,1, ,8633,0
00,1024,1,12A232,26,40296,2,1,0,01,-,1,1,2,65,27/05/1959,1,06,4,2,3,08, , , , , ,1, ,8633,0
00,1024,1,12A232,26,40296,3,1,0,01,-,1,1,2,69,15/02/1955,1,03,3,2,5,08, , , , , ,1,1,8633,8875
00,1024,1,12A232,26,40296,1,1,0,01,-,1,1,1,53,10/12/1970,1,07,3,2,5,01,7,7,3,2,007800,1,1,8633,17750
00,1024,1,12A232,26,40296,1,1,0,04,-,1,3,2,13,29/12/2010,1,03,2,1,6,06, , , , , ,1, ,8633,0
00,1024,1,12A232,26,40296,1,1,0,02,-,1,2,2,46,17/08/1978,1,07,5,2,5,08, , , , , ,1, ,8633,0
00,1024,1,12A232,26,40296,2,1,0,02,-,1,3,1,42,24/11/1981,1,04,3,2,6,01,5,5,2,1,999999,1,1,8633,17750
00,1024,1,12A232,26,40303,2,1,0,03,-,1,3,2,08,27/10/2016,1,02,2,1, , , , , , , ,1, ,8158,0
00,1024,1,12A232,26,40303,3,1,0,03,-,1,3,1,13,07/07/2011,1,03,1,1,6,06, , , , , ,1, ,8158,0
00,1024,1,12A232,26,40303,4,1,0,01,-,1,1,1,55,18/11/1968,1,04,3,2,5,01,7,2,3,2,004000,1,1,8158,16775
00,1024,1,12A232,26,40303,2,1,0,05,-,1,3,1,00,10/01/2024, , , , , , , , , , , ,1, ,8158,0
00,1024,1,12A232,26,40303,3,1,0,01,-,1,1,2,41,26/07/1983,1,03,3,2,5,01,5,5,2,1,000500,1,1,8158,16775
00,1024,1,12A232,26,40303,1,1,0,02,-,1,2,1,42,14/01/1982,1,02,6,2,1,01,4,4,3,1,002000,1, ,8158,0
00,1024,1,12A232,26,40303,2,1,0,02,-,1,2,2,24,06/06/2000,1,04,1,2,1,07, , , , , ,1, ,8158,0
00,1024,1,12A232,26,40303,2,1,0,01,-,1,1,1,32,08/04/1992,1,07,2,2,1,01,7,2,3,3,002000,1,1,8158,16775
00,1024,1,12A232,26,40303,4,1,0,02,-,1,2,2,55,24/01/1969,1,04,3,2,5,07, , , , , ,1, ,8158,0
00,1024,1,12A232,26,40303,1,1,0,03,-,1,3,1,09,05/08/2015,1,02,3,1, , , , , , , ,1, ,8158,0
00,1024,1,12A232,26,40303,3,1,0,02,-,1,2,1,51,24/01/1973,1,03,3,2,5,01,5,5,2,1,001000,1, ,8158,0
00,1024,1,12A232,26,40303,2,1,0,04,-,1,3,2,06,06/08/2018,2,01,3,1, , , , , , , ,1, ,8158,0
00,1024,1,12A232,26,40303,1,1,0,01,-,1,1,2,44,20/08/1980,1,03,2,2,1,01,5,5,2,1,001200,1,1,8158,16775
00,1024,1,13A232,26,40320,4,1,0,02,-,1,2,2,35,05/10/1989,1,07,3,2,5,01,3,2,3,2,010000,1, ,9974,0
00,1024,1,13A232,26,40320,4,1,0,01,-,1,1,1,48,24/10/1976,1,07,4,2,5,01,1,2,3,2,010000,1,1,9974,31852
00,1024,1,13A232,26,40320,3,1,0,02,-,1,3,1,24,30/05/2000,1,07,4,2,6,10, , , , , ,1,1,9974,31852
00,1024,1,13A232,26,40320,3,1,0,03,-,1,3,2,22,11/09/2002,1,07,3,1,6,06, , , , , ,1, ,9974,0
00,1024,1,13A232,26,40320,4,1,0,05,-,1,3,1,10,04/09/2014,1,02,4,1, , , , , , , ,1, ,9974,0
00,1024,1,13A232,26,40320,3,1,0,01,-,1,1,1,56,19/12/1967,1,04,3,2,3,01,2,7,3,2,020000,1, ,9974,0
00,1024,1,13A232,26,40320,2,1,0,03,-,1,3,1,26,12/10/1998,1,07,4,2,6,01,3,6,3,2,015000,1,1,9974,31852
00,1024,1,13A232,26,40320,1,1,0,02,-,1,3,1,08,09/07/2016,2,02,2,1, , , , , , , ,1, ,9974,0
00,1024,1,13A232,26,40320,4,1,0,03,-,1,7,2,18,03/03/2006,1,04,3,1,6,06, , , , , ,1, ,9974,0
00,1024,1,13A232,26,40320,4,1,0,04,-,1,3,2,13,03/01/2011,1,03,1,1,6,06, , , , , ,1, ,9974,0
00,1024,1,13A232,26,40320,2,1,0,02,-,1,2,2,67,19/09/1957,1,07,3,2,5,08, , , , , ,1, ,9974,0
00,1024,1,13A232,26,40320,2,1,0,01,-,1,1,1,66,11/04/1958,1,07,3,2,5,08, , , , , ,1, ,9974,0
00,1024,1,13A232,26,40320,1,1,0,01,-,1,1,2,24,01/01/2000,1,07,2,1,6,06, , , , , ,1,1,9974,10617
14,1024,1,13A232,26,40326,3,1,0,01,-,1,1,1,60,20/12/1963,1,07,5,2,5,01,1,7,3,2,002500,1, ,10646,0
00,1024,1,13A232,26,40326,4,1,0,02,-,1,2,2,34,25/07/1990,1,07,4,2,5,07, , , , , ,1,1,10646,22666
00,1024,1,13A232,26,40326,4,1,0,01,-,1,1,1,35,04/01/1989,1,07,4,2,5,01,4,5,2,2,040000,1, ,10646,0
00,1024,1,13A232,26,40326,2,1,0,05,-,1,3,2,26,01/08/1998,1,07,3,2,6,01,4,5,1,2,020000,1,1,10646,56665
00,1024,1,13A232,26,40326,2,1,0,03,-,1,3,2,29,18/01/1995,1,07,4,2,6,01,1,2,3,2,012000,1, ,10646,0
00,1024,1,13A232,26,40326,4,1,0,03,-,1,3,2,05,08/01/2019,1,01,2,1, , , , , , , ,1, ,10646,0
14,1024,1,13A232,26,40326,3,1,0,02,-,1,2,2,60,19/09/1964,1,04,3,2,5,01,4,4,2,3,010000,1, ,10646,0
00,1024,1,13A232,26,40326,1,1,0,02,-,1,2,2,59,18/10/1965,1,03,3,2,5,02,5,5,6,5, ,1, ,10646,0
00,1024,1,13A232,26,40326,1,1,0,01,-,1,1,1,57,08/05/1967,1,04,1,2,5,01,4,5,2,3,055000,1,1,10646,22666
00,1024,1,13A232,26,40326,2,1,0,04,-,1,3,1,27,31/12/1996,1,07,4,2,6,01,3,3,3,2,020000,1, ,10646,0
00,1024,1,13A232,26,40326,2,1,0,01,-,1,1,1,60,28/10/1964,1,07,4,2,5,01,1,3,1,1,999999,1, ,10646,0
00,1024,1,13A232,26,40326,2,1,0,02,-,1,2,2,58,20/05/1966,1,07,4,2,5,08, , , , , ,1, ,10646,0
00,1024,1,13A232,26,40329,4,1,0,04,-,1,7,1,56,17/09/1968,1,06,2,2,6,01,1,3,3,1,999999,1, ,9455,0
00,1024,1,13A232,26,40329,1,1,0,01,-,1,1,2,76,17/03/1948,1,03,3,2,4,07, , , , , ,1,1,9455,10065
00,1024,1,13A232,26,40329,4,1,0,01,-,1,1,1,63,27/04/1961,1,06,3,2,5,01,6,1,2,2,008000,1,1,9455,50326
00,1024,1,13A232,26,40329,4,1,0,05,-,1,3,1,39,27/05/1985,1,06,3,2,2,01,1,2,3,2,999999,1, ,9455,0
00,1024,1,13A232,26,40329,2,1,0,01,-,1,1,1,78,11/09/1946,1,07,5,2,5,08, , , , , ,1, ,9455,0
00,1024,1,13A232,26,40329,4,1,0,02,-,1,2,2,62,02/08/1962,1,07,1,2,5,07, , , , , ,1, ,9455,0
00,1024,1,13A232,26,40329,3,1,0,01,-,1,1,2,29,27/10/1995,1,07,4,2,6,01,1,7,3,2,005000,1,1,9455,10065
00,1024,1,13A232,26,40329,2,1,0,02,-,1,2,2,70,26/09/1954,1,07,5,2,5,08, , , , , ,1,1,9455,20131
00,1024,1,13A232,26,40329,4,1,0,03,-,1,3,1,29,08/12/1994,1,07,5,2,6,01,1,3,1,2,012000,1, ,9455,0
00,1024,1,13A232,26,40333,3,1,0,05,-,1,3,2,16,17/07/2008,1,04,1,1,6,06, , , , , ,1, ,10060,0
00,1024,1,13A232,26,40333,3,1,0,04,-,1,3,2,22,24/12/2001,1,07,1,1,6,06, , , , , ,1, ,10060,0
00,1024,1,13A232,26,40333,1,1,0,06,-,1,3,1,26,29/12/1997,1,07,4,2,6,01,1,5,3,1,003008,1, ,10060,0
00,1024,1,13A232,26,40333,3,1,0,02,-,1,2,2,40,13/09/1984,1,04,3,2,5,07, , , , , ,1,1,10060,42834
00,1024,1,13A232,26,40333,3,1,0,06,-,1,3,2,12,26/10/2012,1,03,1,1,6,06, , , , , ,1, ,10060,0
00,1024,1,13A232,26,40333,2,1,0,02,-,1,2,2,58,26/04/1966,1,07,5,2,5,08, , , , , ,1, ,10060,0
00,1024,1,13A232,26,40333,1,1,0,05,-,1,3,1,29,08/09/1995,1,07,3,2,6,01,4,5,3,1,002500,1,1,10060,64251
00,1024,1,13A232,26,40333,2,1,0,03,-,1,3,2,24,22/10/2000,1,07,5,2,6,01,3,2,3,1,003000,1, ,10060,0
00,1024,1,13A232,26,40333,3,1,0,03,-,1,3,2,23,27/03/2001,1,07,4,2,6,01,7,5,3,1,002500,1, ,10060,0
00,1024,1,13A232,26,40333,2,1,0,01,-,1,1,1,66,10/11/1957,1,04,2,2,5,10, , , , , ,1,1,10060,32126
00,1024,1,13A232,26,40333,1,1,0,03,-,1,3,1,35,08/01/1989,1,07,3,2,2,01,3,4,3,1,003000,1, ,10060,0
00,1024,1,13A232,26,40333,1,1,0,02,-,1,2,2,56,16/02/1968,1,04,3,2,5,07, , , , , ,1, ,10060,0
00,1024,1,13A232,26,40333,1,1,0,01,-,1,1,1,60,01/01/1964,1,04,3,2,5,01,1,5,1,1,999999,1, ,10060,0
00,1024,1,13A232,26,40333,3,1,0,01,-,1,1,1,40,13/12/1983,1,04,3,2,5,01,7,5,3,2,012000,1, ,10060,0
00,1024,1,13A232,26,40333,1,1,0,04,-,1,3,1,31,29/09/1993,1,04,3,2,6,01,1,5,3,3,020000,1, ,10060,0
00,1024,1,11A232,27,40265,1,1,0,01,-,1,1,1,50,23/05/1974,1,07,5,2,5,01,3,2,3,3,050000,1,1,10465,21383
00,1024,1,11A232,27,40265,3,1,0,05,-,1,5,1,15,18/11/2008,1,03,2,1,6,07, , , , , ,1, ,10465,0
00,1024,1,11A232,27,40265,4,1,0,03,-,1,9,2,78,27/05/1946,1,02,2,2,2,10, , , , , ,1, ,10465,0
00,1024,1,11A232,27,40265,3,1,0,02,-,1,3,2,43,26/01/1981,1,04,3,2,3,01,9,5,3,1,001500,1, ,10465,0
00,1024,1,11A232,27,40265,2,1,0,01,-,1,1,1,32,22/08/1992,1,04,3,2,1,01,9,5,1,1,015000,1,1,10465,10691
00,1024,1,11A232,27,40265,4,1,0,02,-,1,2,2,39,07/04/1985,1,03,3,2,5,07, , , , , ,1,1,10465,32074
00,1024,1,11A232,27,40265,4,1,0,06,-,1,3,2,05,13/08/2019,2,01,2,1, , , , , , , ,1, ,10465,0
00,1024,1,11A232,27,40265,3,1,0,04,-,1,5,1,16,27/12/2007,1,03,3,2,6,01,9,5,3,1,002100,1, ,10465,0
00,1024,1,11A232,27,40265,3,1,0,01,-,1,1,1,61,05/10/1963,1,07,5,2,3,01,3,7,3,2,001900,1,1,10465,32074
00,1024,1,11A232,27,40265,4,1,0,05,-,1,3,2,08,04/04/2016,1,02,2,1, , , , , , , ,1, ,10465,0
00,1024,1,11A232,27,40265,4,1,0,01,-,1,1,1,42,16/03/1982,1,07,5,2,5,01,4,5,2,2,050000,1, ,10465,0
00,1024,1,11A232,27,40265,1,1,0,03,-,1,3,1,12,08/10/2012,1,03,1,1,6,06, , , , , ,1, ,10465,0
00,1024,1,11A232,27,40265,1,1,0,02,-,1,2,2,54,12/12/1969,1,07,5,2,5,01,4,5,2,1,006000,1, ,10465,0
00,1024,1,11A232,27,40265,3,1,0,03,-,1,5,2,25,06/08/1999,1,07,2,1,6,01,2,5,5,2,002000,1, ,10465,0
00,1024,1,11A232,27,40265,4,1,0,04,-,1,3,1,13,04/01/2011,1,03,1,1,6,06, , , , , ,1, ,10465,0
00,1024,1,11A232,27,40271,2,1,0,01,-,1,1,1,71,11/04/1953,1,07,5,2,5,01,1,7,3,2,006000,1, ,10442,0
00,1024,1,11A232,27,40271,1,1,0,01,-,1,1,1,63,11/05/1961,1,07,5,2,5,05, , , , , ,1,1,10442,21337
00,1024,1,11A232,27,40271,3,1,0,05,-,1,5,2,09,19/11/2014,1,02,4,1, , , , , , , ,1, ,10442,0
00,1024,1,11A232,27,40271,3,1,0,04,-,1,3,2,15,19/08/2009,1,03,3,2,2,07, , , , , ,1, ,10442,0
00,1024,1,11A232,27,40271,3,1,0,01,-,1,1,1,48,12/10/1976,1,03,3,2,5,01,5,5,2,1,001300,1, ,10442,0
00,1024,1,11A232,27,40271,3,1,0,02,-,1,2,2,54,03/07/1970,1,06,3,2,5,07, , , , , ,1,1,10442,32005
00,1024,1,11A232,27,40271,3,1,0,06,-,1,5,2,00,23/09/2024, , , , , , , , , , , ,1, ,10442,0
00,1024,1,11A232,27,40271,4,1,0,01,-,1,1,2,55,24/03/1969,1,07,5,2,2,08, , , , , ,1, ,10442,0
00,1024,1,11A232,27,40271,2,1,0,03,-,1,5,1,16,14/12/2007,1,04,2,1,6,06, , , , , ,1, ,10442,0
00,1024,1,11A232,27,40271,3,1,0,03,-,1,3,2,27,02/06/1997,1,03,3,2,5,01,9,9,2,1,002000,1, ,10442,0
00,1024,1,11A232,27,40271,3,1,0,07,-,1,5,2,05,21/10/2019,2,01,2,1, , , , , , , ,1, ,10442,0
00,1024,1,11A232,27,40271,4,1,0,03,-,1,3,2,26,15/01/1998,1,07,5,2,6,07, , , , , ,1,1,10442,32005
00,1024,1,11A232,27,40271,2,1,0,02,-,1,2,2,68,20/05/1956,1,02,2,2,5,07, , , , , ,1,1,10442,21337
00,1024,1,11A232,27,40271,4,1,0,02,-,1,3,1,30,18/10/1994,1,07,5,2,6,01,7,3,3,2,007000,1, ,10442,0
00,1024,1,11A232,27,40271,1,1,0,02,-,1,2,2,64,20/06/1960,1,03,3,2,5,01,9,5,3,1,000900,1, ,10442,0
00,1024,1,11A232,27,40278,2,1,0,02,-,1,2,2,38,06/10/1986,1,07,5,2,5,01,4,4,2,2,016000,1,1,8359,17080
00,1024,1,11A232,27,40278,1,1,0,01,-,1,1,1,72,11/01/1952,1,00, ,2,1,01,9,9,3,1,002800,1,1,8359,17080
00,1024,1,11A232,27,40278,1,1,0,02,-,1,2,2,52,08/09/1972,1,02,5,2,1,01,9,9,3,1,000450,1, ,8359,0
00,1024,1,11A232,27,40278,1,1,0,03,-,1,3,1,13,02/08/2011,1,03,1,1,6,06, , , , , ,1, ,8359,0
00,1024,1,11A232,27,40278,3,1,0,01,-,1,1,2,50,01/02/1974,1,06,2,2,2,01,2,5,3,2,002800,1,1,8359,17080
00,1024,1,11A232,27,40278,2,1,0,01,-,1,1,1,36,12/06/1988,1,07,5,2,5,01,2,5,2,2,018000,1, ,8359,0
00,1024,1,11A232,27,40278,4,1,0,01,-,1,1,1,43,04/09/1981,1,07,5,2,6,01,2,5,3,2,003000,1,1,8359,8540
00,1024,1,11A232,27,40278,3,1,0,02,-,1,3,2,27,01/07/1997,1,02,6,2,6,07, , , , , ,1, ,8359,0
00,1024,1,11A232,27,40278,2,1,0,03,-,1,3,2,04,15/08/2020, , , , , , , , , , , ,1, ,8359,0
00,1024,1,11A232,27,40288,1,1,0,04,-,1,3,2,04,26/06/2020, , , , , , , , , , , ,1, ,9173,0
00,1024,1,11A232,27,40288,2,1,0,01,-,1,1,2,56,10/01/1968,1,02,6,2,4,07, , , , , ,1,1,9173,18744
00,1024,1,11A232,27,40288,2,1,0,02,-,1,3,1,41,29/03/1983,1,04,3,2,2,09, , , , , ,1, ,9173,0
00,1024,1,11A232,27,40288,2,1,0,05,-,1,5,2,08,11/07/2016,1,02,2,1, , , , , , , ,1, ,9173,0
00,1024,1,11A232,27,40288,2,1,0,06,-,1,5,1,05,14/03/2019,2,01,2,1, , , , , , , ,1, ,9173,0
00,1024,1,11A232,27,40288,1,1,0,01,-,1,1,1,34,17/10/1990,1,07,5,2,5,01,9,4,3,1,001350,1,1,9173,18744
00,1024,1,11A232,27,40288,1,1,0,02,-,1,2,2,32,10/07/1992,1,07,5,2,5,01,1,5,3,2,003200,1, ,9173,0
00,1024,1,11A232,27,40288,3,1,0,01,-,1,1,1,43,18/07/1981,1,03,3,2,1,04, , , , , ,1,1,9173,18744
00,1024,1,11A232,27,40288,2,1,0,03,-,1,5,1,13,11/06/2011,1,03,1,1,6,06, , , , , ,1, ,9173,0
00,1024,1,11A232,27,40288,2,1,0,07,-,1,8,1,10,10/05/2014,1,02,4,1, , , , , , , ,1, ,9173,0
00,1024,1,11A232,27,40288,3,1,0,03,-,1,5,1,12,27/03/2012,1,02,6,1,6,06, , , , , ,1, ,9173,0
00,1024,1,11A232,27,40288,3,1,0,04,-,1,5,1,10,01/03/2014,1,02,4,1, , , , , , , ,1, ,9173,0
00,1024,1,11A232,27,40288,3,1,0,05,-,1,5,2,06,31/08/2018,2,01,3,1, , , , , , , ,1, ,9173,0
00,1024,1,11A232,27,40288,1,1,0,03,-,1,3,1,10,08/11/2013,1,02,5,1, , , , , , , ,1, ,9173,0
00,1024,1,11A232,27,40288,2,1,0,04,-,1,5,2,11,10/06/2013,1,02,5,1, , , , , , , ,1, ,9173,0
00,1024,1,11A232,27,40288,4,1,0,01,-,1,1,1,30,23/11/1993,1,08,5,2,6,01,1,5,3,2,009500,1,1,9173,9372
00,1024,1,11A232,27,40288,3,1,0,02,-,1,2,2,32,09/09/1992,1,03,3,2,1,01,9,5,2,1,000600,1, ,9173,0
00,1024,1,11A232,27,40293,3,1,0,03,-,1,3,1,30,03/11/1993,1,07,4,1,6,01,9,5,3,2,003500,1, ,8576,0
00,1024,1,11A232,27,40293,2,1,0,03,-,1,3,1,33,22/07/1991,1,04,3,2,6,01,2,7,3,2,004200,1, ,8576,0
00,1024,1,11A232,27,40293,1,1,0,02,-,1,3,1,50,28/07/1974,1,02,6,2,2,01,9,9,2,1,000600,1, ,8576,0
00,1024,1,11A232,27,40293,1,1,0,03,-,1,3,1,26,08/08/1998,1,02,6,2,6,01,9,5,2,1,001000,1, ,8576,0
00,1024,1,11A232,27,40293,1,1,0,01,-,1,1,2,71,08/07/1953,1,02,1,2,4,07, , , , , ,1, ,8576,0
00,1024,1,11A232,27,40293,4,1,0,02,-,1,2,2,62,16/05/1962,1,01,9,2,5,07, , , , , ,1,1,8576,17524
00,1024,1,11A232,27,40293,1,1,0,04,-,1,3,2,28,28/03/1996,1,07,5,2,6,01,9,5,3,1,001000,1,1,8576,35049
00,1024,1,11A232,27,40293,2,1,0,02,-,1,2,2,55,19/11/1968,1,03,3,2,5,07, , , , , ,1, ,8576,0
00,1024,1,11A232,27,40293,4,1,0,01,-,1,1,1,59,02/01/1965,1,02,3,2,5,01,5,6,3,1,001800,1, ,8576,0
00,1024,1,11A232,27,40293,2,1,0,01,-,1,1,1,64,27/03/1960,1,02,6,2,5,01,5,6,3,2,003400,1,1,8576,35049
00,1024,1,11A232,27,40293,3,1,0,01,-,1,1,1,58,05/10/1966,1,04,3,2,5,01,3,7,3,2,004000,1, ,8576,0
00,1024,1,11A232,27,40293,3,1,0,02,-,1,2,2,57,18/10/1967,1,06,3,2,5,07, , , , , ,1,1,8576,26286
00,1024,1,11A232,27,40293,2,1,0,04,-,1,8,2,93,02/01/1931,2,00, ,2,4,07, , , , , ,1, ,8576,0
00,1024,1,11A232,27,40300,3,1,0,01,-,1,1,1,41,20/01/1983,1,07,5,2,1,01,1,5,3,2,008500,1,1,9463,19335
00,1024,1,11A232,27,40300,3,1,0,03,-,1,3,1,16,17/01/2008,1,04,1,1,6,06, , , , , ,1, ,9463,0
00,1024,1,11A232,27,40300,1,1,0,02,-,1,3,1,30,16/11/1993,1,04,3,2,6,01,5,6,3,1,001800,1, ,9463,0
00,1024,1,11A232,27,40300,2,1,0,01,-,1,1,1,74,03/11/1949,1,04,1,2,2,10, , , , , ,1,1,9463,9667
00,1024,1,11A232,27,40300,1,1,0,01,-,1,1,2,63,01/08/1961,1,02,6,2,4,01,9,5,3,1,000500,1,1,9463,19335
00,1024,1,11A232,27,40300,3,1,0,02,-,1,2,2,42,31/10/1981,1,04,3,2,1,01,9,9,2,1,000600,1, ,9463,0
00,1024,1,11A232,27,40300,4,1,0,01,-,1,1,1,77,18/03/1947,1,02,3,2,2,10, , , , , ,1,1,9463,9667
00,1024,1,12A232,27,40301,2,1,0,02,-,1,2,2,53,10/02/1971,1,07,5,2,5,08, , , , , ,1,1,8574,17630
00,1024,1,12A232,27,40301,3,1,0,03,-,1,3,1,15,05/02/2009,1,03,3,1,6,06, , , , , ,1, ,8574,0
00,1024,1,12A232,27,40301,4,1,0,02,-,1,3,1,21,05/12/2002,1,07,3,1,6,06, , , , , ,1, ,8574,0
00,1024,1,12A232,27,40301,1,1,0,01,-,1,1,1,57,01/12/1966,1,04,5,2,5,01,1,5,3,2,000099,1, ,8574,0
00,1024,1,12A232,27,40301,4,1,0,01,-,1,1,2,61,08/05/1963,1,06,3,2,2,01,2,5,3,2,006000,1,1,8574,17630
00,1024,1,12A232,27,40301,3,1,0,02,-,1,2,2,43,14/07/1981,1,08,5,2,5,01,1,5,3,2,002500,1, ,8574,0
00,1024,1,12A232,27,40301,1,1,0,03,-,1,3,1,16,24/04/2008,1,04,2,1,6,06, , , , , ,1, ,8574,0
00,1024,1,12A232,27,40301,1,1,0,02,-,1,2,2,52,16/06/1972,1,07,5,2,5,01,3,7,3,2,000099,1,1,8574,17630
00,1024,1,12A232,27,40301,2,1,0,01,-,1,1,1,51,29/07/1973,1,04,3,2,5,01,9,6,2,1,001000,1, ,8574,0
00,1024,1,12A232,27,40301,3,1,0,01,-,1,1,1,43,23/09/1981,1,08,5,2,5,01,2,7,3,2,010000,1,1,8574,17630
00,1024,1,12A232,27,40304,1,1,0,02,-,1,4,1,49,14/10/1975,1,02,6,2,5,01,5,6,3,2,003000,1, ,8625,0
00,1024,1,12A232,27,40304,2,1,0,01,-,1,1,1,25,14/11/1998,1,04,2,2,1,01,2,7,3,2,009200,1, ,8625,0
00,1024,1,12A232,27,40304,3,1,0,02,-,1,2,2,58,22/02/1966,1,04,3,2,1,07, , , , , ,1, ,8625,0
00,1024,1,12A232,27,40304,1,1,0,03,-,1,4,2,63,14/07/1961,1,00, ,2,5,07, , , , , ,1,1,8625,26600
00,1024,1,12A232,27,40304,2,1,0,02,-,1,2,2,23,16/09/2001,1,07,5,2,1,01,4,4,3,1,001200,1,1,8625,17733
00,1024,1,12A232,27,40304,3,1,0,01,-,1,1,1,56,24/02/1968,1,03,3,2,1,01,7,2,3,1,000400,1,1,8625,17733
00,1024,1,12A232,27,40304,1,1,0,01,-,1,1,1,34,15/02/1990,1,04,3,2,6,01,9,9,2,1,001300,1, ,8625,0
00,1024,1,13A232,27,40323,4,1,0,03,-,1,3,2,21,25/09/2003,1,07,1,1,6,06, , , , , ,1, ,9810,0
00,1024,1,13A232,27,40323,2,1,0,01,-,1,1,1,58,03/11/1966,1,04,3,2,2,03,3,5,3,2,003700,1,1,9810,10443
00,1024,1,13A232,27,40323,4,1,0,02,-,1,7,2,24,03/03/2000,1,07,5,2,6,01,2,5,3,2,007200,1, ,9810,0
00,1024,1,13A232,27,40323,4,1,0,01,-,1,1,1,45,15/08/1979,1,07,5,2,3,01,2,2,3,2,000099,1,1,9810,31328
00,1024,1,13A232,27,40323,3,1,0,01,-,1,1,2,29,13/07/1995,1,08,5,2,6,01,1,5,3,2,030000,1,1,9810,20885
00,1024,1,13A232,27,40323,3,1,0,02,-,1,8,2,29,18/07/1995,1,07,5,2,6,01,2,2,3,2,040000,1, ,9810,0
00,1024,1,13A232,27,40327,4,1,0,03,-,1,8,1,43,12/11/1980,1,07,5,2,6,01,2,5,3,2,040000,1, ,8040,0
00,1024,1,13A232,27,40327,1,1,0,02,-,1,2,2,62,24/03/1962,1,07,5,2,5,07, , , , , ,1, ,8040,0
00,1024,1,13A232,27,40327,1,1,0,01,-,1,1,1,60,22/09/1964,1,08,5,2,5,01,1,5,1,1,050000,1,1,8040,17117
00,1024,1,13A232,27,40327,3,1,0,03,-,1,3,2,06,02/11/2018,1,01,3,1, , , , , , , ,1, ,8040,0
00,1024,1,13A232,27,40327,3,1,0,01,-,1,1,1,36,11/11/1988,1,07,5,2,5,01,1,3,3,2,000099,1,1,8040,17117
00,1024,1,13A232,27,40327,3,1,0,02,-,1,2,2,31,01/11/1993,1,07,5,2,5,07, , , , , ,1, ,8040,0
00,1024,1,13A232,27,40327,4,1,0,02,-,1,8,1,54,29/03/1970,1,07,5,2,6,01,3,7,3,2,050000,1, ,8040,0
00,1024,1,13A232,27,40327,4,1,0,01,-,1,1,1,71,27/05/1953,1,08,5,2,2,08, , , , , ,1,1,8040,25675
00,1024,1,11A232,28,40240,2,1,0,08,-,1,5,2,00,09/10/2024, , , , , , , , , , , ,1, ,5260,0
00,1024,1,11A232,28,40240,1,1,0,03,-,1,3,2,29,06/10/1995,1,07,2,2,6,01,4,5,3,1,001600,1, ,5260,0
00,1024,1,11A232,28,40240,2,1,0,05,-,1,3,1,98, ,1,02,6,2,6,01,5,5,3,1,001400,1, ,5260,0
00,1024,1,11A232,28,40240,2,1,0,02,-,1,3,2,20,28/08/2004,1,02,6,2,6,07, , , , , ,1,1,5260,21040
00,1024,1,11A232,28,40240,4,1,0,01,-,1,1,2,50,27/05/1974,1,02,3,2,6,01,5,5,3,2,003000,1,1,5260,5260
00,1024,1,11A232,28,40240,2,1,0,03,-,1,3,1,22,01/10/2002,1,03,3,2,1,01,4,5,3,1,001400,1, ,5260,0
00,1024,1,11A232,28,40240,3,1,0,04,-,1,3,2,04,11/07/2020, , , , , , , , , , , ,1, ,5260,0
00,1024,1,11A232,28,40240,1,1,0,01,-,1,1,1,53,13/03/1971,1,02,6,2,5,01,5,5,2,1,001800,1,1,5260,15780
00,1024,1,11A232,28,40240,3,1,0,02,-,1,2,2,37,05/09/1987,1,03,1,2,1,07, , , , , ,1, ,5260,0
00,1024,1,11A232,28,40240,1,1,0,04,-,1,5,1,04,04/05/2020, , , , , , , , , , , ,1, ,5260,0
00,1024,1,11A232,28,40240,3,1,0,03,-,1,3,1,07,28/09/2017,1,01,3,1, , , , , , , ,1, ,5260,0
00,1024,1,11A232,28,40240,2,1,0,06,-,1,5,2,17,15/08/2007,1,02,6,2,1,07, , , , , ,1, ,5260,0
00,1024,1,11A232,28,40240,2,1,0,04,-,1,3,1,17,23/07/2007,1,02,6,2,6,01,5,5,3,1,001400,1, ,5260,0
00,1024,1,11A232,28,40240,1,1,0,02,-,1,2,2,56,13/09/1968,1,02,5,2,5,07, , , , , ,1, ,5260,0
00,1024,1,11A232,28,40240,2,1,0,01,-,1,1,1,45,08/07/1979,1,03,3,2,2,01,4,4,2,1,001500,1, ,5260,0
00,1024,1,11A232,28,40240,2,1,0,07,-,1,5,2,00,30/05/2024, , , , , , , , , , , ,1, ,5260,0
00,1024,1,11A232,28,40240,3,1,0,01,-,1,1,1,29,17/04/1995,1,04,3,2,1,01,7,3,3,1,001200,1,1,5260,10520
00,1024,1,11A232,28,40246,3,1,0,01,-,1,1,1,34,30/08/1990,1,03,3,2,1,01,7,3,2,1,999999,1,1,7977,16299
00,1024,1,11A232,28,40246,1,1,0,04,-,1,3,2,05,10/04/2019,2,01,2,1, , , , , , , ,1, ,7977,0
00,1024,1,11A232,28,40246,4,1,0,03,-,1,3,2,99, , , , , , , , , , , , ,1, ,7977,0
00,1024,1,11A232,28,40246,4,1,0,04,-,1,3,1,04,16/06/2020, , , , , , , , , , , ,1, ,7977,0
00,1024,1,11A232,28,40246,1,1,0,03,-,1,4,2,73,24/02/1951,1,00, ,2,2,07, , , , , ,1, ,7977,0
00,1024,1,11A232,28,40246,4,1,0,02,-,1,2,2,24,12/10/2000,1,07,3,2,5,07, , , , , ,1, ,7977,0
00,1024,1,11A232,28,40246,2,1,0,03,-,1,3,1,36,15/09/1988,1,04,3,2,6,01,7,3,3,1,002800,1, ,7977,0
00,1024,1,11A232,28,40246,2,1,0,02,-,1,3,1,34,02/12/1989,1,03,3,2,6,01,4,5,2,1,001000,1,1,7977,24448
00,1024,1,11A232,28,40246,1,1,0,02,-,1,2,2,35,15/06/1989,1,04,3,2,1,07, , , , , ,1, ,7977,0
00,1024,1,11A232,28,40246,1,1,0,01,-,1,1,1,38,28/08/1986,1,04,1,2,1,01,5,6,3,1,003000,1,1,7977,24448
00,1024,1,11A232,28,40246,3,1,0,02,-,1,2,2,26,30/05/1998,1,04,3,2,1,01,4,4,2,1,001000,1, ,7977,0
00,1024,1,11A232,28,40246,2,1,0,01,-,1,1,1,63,04/09/1961,1,02,2,2,4,03,4,4,2,1,001000,1, ,7977,0
00,1024,1,11A232,28,40246,4,1,0,01,-,1,1,1,39,05/03/1985,1,07,4,2,5,01,5,5,3,1,002000,1,1,7977,16299
00,1024,1,11A232,28,40250,3,1,0,02,-,1,2,2,45,08/12/1978,1,03,3,2,5,01,5,5,2,1,000750,1,1,9296,18994
00,1024,1,11A232,28,40250,1,1,0,01,-,1,1,1,20,20/12/2003,1,03,3,2,1,01,7,2,3,1,002500,1,1,9296,18994
00,1024,1,11A232,28,40250,1,1,0,03,-,1,3,1,03,29/09/2021, , , , , , , , , , , ,1, ,9296,0
00,1024,1,11A232,28,40250,1,1,0,02,-,1,2,2,20,14/05/2004,1,04,3,2,1,01,5,5,2,1,001200,1, ,9296,0
00,1024,1,11A232,28,40250,3,1,0,04,-,1,5,2,08,18/12/2015,2,02,4,1, , , , , , , ,1, ,9296,0
00,1024,1,11A232,28,40250,4,1,0,02,-,1,7,1,42,18/06/1982,1,08,2,2,6,01,1,5,3,2,012000,1, ,9296,0
00,1024,1,11A232,28,40250,3,1,0,01,-,1,1,1,46,09/11/1977,1,04,3,2,5,04, , , , , ,1, ,9296,0
00,1024,1,11A232,28,40250,3,1,0,03,-,1,3,2,15,14/11/2008,1,03,3,1,6,06, , , , , ,1, ,9296,0
00,1024,1,11A232,28,40250,4,1,0,01,-,1,1,1,43,05/10/1981,1,08,2,2,6,01,3,5,3,2,009000,1,1,9296,18994
00,1024,1,11A232,28,40262,3,1,0,03,-,1,3,2,34,21/08/1990,1,07,3,2,1,01,2,4,3,2,999999,1,1,8487,34682
00,1024,1,11A232,28,40262,3,1,0,04,-,1,5,1,34,09/09/1990,1,03,1,2,1,01,4,4,3,2,999999,1, ,8487,0
00,1024,1,11A232,28,40262,3,1,0,01,-,1,1,1,63,04/03/1961,1,03,3,2,5,01,4,4,2,1,001000,1, ,8487,0
00,1024,1,11A232,28,40262,4,1,0,04,-,1,3,2,29,27/10/1995,1,04,3,2,6,01,4,4,3,2,003000,1, ,8487,0
00,1024,1,11A232,28,40262,3,1,0,06,-,1,5,1,10,11/02/2014,1,02,4,1, , , , , , , ,1, ,8487,0
00,1024,1,11A232,28,40262,4,1,0,06,-,1,5,1,00,15/06/2024, , , , , , , , , , , ,1, ,8487,0
00,1024,1,11A232,28,40262,4,1,0,03,-,1,3,2,30,21/07/1994,1,04,3,2,2,07, , , , , ,1,1,8487,34682
00,1024,1,11A232,28,40262,3,1,0,02,-,1,2,2,60,28/10/1964,1,03,3,2,5,01,4,5,3,2,003600,1, ,8487,0
00,1024,1,11A232,28,40262,1,1,0,01,-,1,1,1,54,07/05/1970,1,03,3,2,2,01,7,5,3,1,003000,1,1,8487,8670
00,1024,1,11A232,28,40262,4,1,0,05,-,1,5,1,04,05/09/2020, , , , , , , , , , , ,1, ,8487,0
00,1024,1,11A232,28,40262,3,1,0,05,-,1,5,1,12,07/09/2012,1,02,6,1,6,06, , , , , ,1, ,8487,0
00,1024,1,11A232,28,40262,4,1,0,01,-,1,1,1,52,18/09/1972,1,03,3,2,1,01,4,5,2,2,000400,1, ,8487,0
00,1024,1,11A232,28,40262,4,1,0,02,-,1,2,2,50,03/01/1974,1,02,6,2,1,01,4,5,3,2,003000,1, ,8487,0
00,1024,1,11A232,28,40268,1,1,0,04,-,1,3,1,14,15/11/2009,1,03,3,1,6,06, , , , , ,1, ,10856,0
00,1024,1,11A232,28,40268,2,1,0,01,-,1,1,1,18,23/05/2006,1,04,3,2,6,01,4,5,3,1,002100,1,1,10856,22183
00,1024,1,11A232,28,40268,1,1,0,05,-,1,3,2,12,04/04/2012,1,02,6,1,6,06, , , , , ,1, ,10856,0
00,1024,1,11A232,28,40268,1,1,0,03,-,1,3,1,21,22/04/2003,1,07,2,1,6,01,4,4,3,1,001000,1, ,10856,0
00,1024,1,11A232,28,40268,1,1,0,02,-,1,2,2,45,22/10/1979,1,03,3,2,5,01,5,5,3,1,001690,1, ,10856,0
00,1024,1,11A232,28,40268,1,1,0,01,-,1,1,1,44,18/04/1980,1,03,3,2,5,01,4,4,3,2,008000,1,1,10856,33275
00,1024,1,11A232,28,40268,4,1,0,03,-,1,3,2,04,03/10/2020, , , , , , , , , , , ,1, ,10856,0
00,1024,1,11A232,28,40268,2,1,0,02,-,1,8,1,18,27/08/2006,1,04,3,2,6,01,4,5,3,1,002100,1, ,10856,0
00,1024,1,11A232,28,40268,4,1,0,02,-,1,2,2,26,16/12/1997,1,07,3,2,1,07, , , , , ,1,1,10856,22183
00,1024,1,11A232,28,40268,4,1,0,01,-,1,1,1,26,25/02/1998,1,04,3,2,1,01,5,5,3,1,001500,1, ,10856,0
00,1024,1,12A232,28,40275,3,1,0,01,-,1,1,2,78,03/07/1946,1,07,5,2,3,07, , , , , ,1,1,7870,16182
00,1024,1,12A232,28,40275,1,1,0,02,-,1,2,2,61,23/02/1963,1,06,3,2,5,07, , , , , ,1, ,7870,0
00,1024,1,12A232,28,40275,1,1,0,01,-,1,1,1,44,21/05/1980,1,07,5,2,1,01,1,5,3,2,005000,1,1,7870,16182
00,1024,1,12A232,28,40275,3,1,0,02,-,1,3,2,56,30/04/1968,1,06,2,2,6,01,4,5,3,1,002000,1, ,7870,0
00,1024,1,12A232,28,40275,2,1,0,01,-,1,1,1,64,02/03/1960,1,02,6,2,5,08, , , , , ,1,1,7870,16182
00,1024,1,12A232,28,40275,2,1,0,02,-,1,2,2,63,14/08/1961,1,06,3,2,5,07, , , , , ,1, ,7870,0
00,1024,1,12A232,28,40281,2,1,0,01,-,1,1,2,52,30/11/1971,1,06,3,2,6,01,5,5,2,1,004800,1,1,7014,7210
00,1024,1,12A232,28,40281,2,1,0,02,-,1,3,1,12,08/09/2012,1,02,6,1,6,06, , , , , ,1, ,7014,0
00,1024,1,12A232,28,40281,4,1,0,01,-,1,1,1,55,15/10/1969,1,04,3,2,5,08, , , , , ,1,1,7014,21631
00,1024,1,12A232,28,40281,4,1,0,03,-,1,3,1,20,09/05/2004,1,04,3,1,6,06, , , , , ,1, ,7014,0
00,1024,1,12A232,28,40281,1,1,0,04,-,1,3,2,13,02/03/2011,1,03,1,1,6,06, , , , , ,1, ,7014,0
00,1024,1,12A232,28,40281,1,1,0,01,-,1,1,1,40,27/12/1983,1,03,3,2,5,01,2,5,3,2,010000,1,1,7014,14420
00,1024,1,12A232,28,40281,4,1,0,02,-,1,2,2,52,27/09/1972,1,04,3,2,5,01,4,5,2,1,001500,1, ,7014,0
00,1024,1,12A232,28,40281,3,1,0,02,-,1,2,2,54,24/10/1970,1,03,2,2,5,07, , , , , ,1,1,7014,21631
00,1024,1,12A232,28,40281,1,1,0,05,-,1,3,1,06,09/08/2018,1,01,3,1, , , , , , , ,1, ,7014,0
00,1024,1,12A232,28,40281,1,1,0,06,-,1,3,2,08,15/07/2016,1,02,2,1, , , , , , , ,1, ,7014,0
00,1024,1,12A232,28,40281,3,1,0,03,-,1,3,1,22,16/10/2002,1,07,3,1,6,06, , , , , ,1, ,7014,0
00,1024,1,12A232,28,40281,3,1,0,01,-,1,1,1,98, ,1,03,3,2,5,01,4,4,2,1,002000,1, ,7014,0
00,1024,1,12A232,28,40281,1,1,0,03,-,1,3,2,17,06/09/2007,1,04,2,1,6,06, , , , , ,1, ,7014,0
00,1024,1,12A232,28,40281,1,1,0,02,-,1,2,2,40,22/12/1983,1,04,3,2,5,07, , , , , ,1, ,7014,0
00,1024,1,12A232,28,40288,4,1,0,05,-,1,3,2,06,07/03/2018,2,01,2,1, , , , , , , ,1, ,6445,0
00,1024,1,12A232,28,40288,1,1,0,01,-,1,1,2,50,27/02/1974,1,04,1,2,6,01,5,5,1,1,002000,1,1,6445,6626
00,1024,1,12A232,28,40288,4,1,0,02,-,1,2,1,42,26/07/1982,2,02,5,2,5,01,5,5,2,1,001000,1, ,6445,0
00,1024,1,12A232,28,40288,2,1,0,01,-,1,1,1,58,10/01/1966,1,03,1,2,5,01,5,5,2,1,999999,1, ,6445,0
00,1024,1,12A232,28,40288,2,1,0,03,-,1,3,1,22,09/01/2002,1,02,6,2,6,01,5,3,2,1,999999,1, ,6445,0
00,1024,1,12A232,28,40288,2,1,0,04,-,1,3,1,21,15/08/2003,1,03,3,2,6,01,4,4,2,1,999999,1, ,6445,0
00,1024,1,12A232,28,40288,4,1,0,03,-,1,3,2,16,05/04/2008,1,04,1,1,6,06, , , , , ,1, ,6445,0
00,1024,1,12A232,28,40288,4,1,0,04,-,1,3,1,09,25/07/2015,1,02,3,1, , , , , , , ,1, ,6445,0
00,1024,1,12A232,28,40288,4,1,0,01,-,1,1,2,42,31/12/1981,1,03,3,2,5,01,5,5,3,1,001250,1,1,6445,13252
00,1024,1,12A232,28,40288,2,1,0,02,-,1,2,2,51,13/08/1973,1,03,1,2,5,07, , , , , ,1,1,6445,26503
00,1024,1,12A232,28,40288,3,1,0,01,-,1,1,2,66,11/10/1958,1,02,6,2,5,07, , , , , ,1, ,6445,0
00,1024,1,12A232,28,40288,3,1,0,02,-,1,2,1,66,13/07/1958,1,04,3,2,5,01,7,3,2,1,002000,1,1,6445,19877
00,1024,1,12A232,28,40288,3,1,0,03,-,1,3,2,38,11/09/1986,1,07,4,2,6,01,4,5,3,1,001000,1, ,6445,0
00,1024,1,12A232,28,40288,3,1,0,04,-,1,5,1,08,13/08/2016,1,02,2,1, , , , , , , ,1, ,6445,0
00,1024,1,12A232,28,40288,1,1,0,02,-,1,3,2,13,09/04/2011,1,03,1,1,6,06, , , , , ,1, ,6445,0
00,1024,1,12A232,28,40298,1,1,0,02,-,1,3,1,38,31/07/1986,1,07,4,2,5,01,2,5,3,3,011000,1,1,7356,22688
00,1024,1,12A232,28,40298,2,1,0,04,-,1,5,1,23,15/07/2001,1,07,4,2,1,01,5,5,3,1,003508,1, ,7356,0
00,1024,1,12A232,28,40298,1,1,0,03,-,1,8,2,32,15/10/1992,1,07,4,2,5,01,2,4,3,3,007000,1, ,7356,0
00,1024,1,12A232,28,40298,4,1,0,02,-,1,2,2,61,24/01/1963,1,07,4,2,5,08, , , , , ,1, ,7356,0
00,1024,1,12A232,28,40298,2,1,0,02,-,1,3,1,32,13/09/1992,1,03,3,1,6,01,2,2,3,1,005500,1, ,7356,0
00,1024,1,12A232,28,40298,3,1,0,03,-,1,3,2,01,24/05/2023, , , , , , , , , , , ,1, ,7356,0
00,1024,1,12A232,28,40298,2,1,0,03,-,1,3,2,23,24/10/2001,1,03,3,1,1,01,4,4,2,1,001000,1,1,7356,30251
00,1024,1,12A232,28,40298,3,1,0,02,-,1,2,1,30,21/07/1994,1,07,4,2,1,01,5,5,3,3,003500,1,1,7356,15126
00,1024,1,12A232,28,40298,3,1,0,01,-,1,1,2,23,02/04/2001,1,04,3,2,1,07, , , , , ,1, ,7356,0
00,1024,1,12A232,28,40298,1,1,0,04,-,1,5,1,04,21/09/2020, , , , , , , , , , , ,1, ,7356,0
00,1024,1,12A232,28,40298,2,1,0,05,-,1,5,2,00,23/12/2023, , , , , , , , , , , ,1, ,7356,0
00,1024,1,12A232,28,40298,4,1,0,03,-,1,3,1,25,07/12/1998,1,07,5,2,6,04, , , , , ,1,1,7356,22688
00,1024,1,12A232,28,40298,4,1,0,01,-,1,1,1,63,18/10/1961,1,07,4,2,5,01,2,5,3,2,999999,1, ,7356,0
00,1024,1,12A232,28,40298,1,1,0,05,-,1,5,1,00,21/11/2023, , , , , , , , , , , ,1, ,7356,0
00,1024,1,12A232,28,40298,2,1,0,01,-,1,1,2,57,24/01/1967,1,04,3,2,2,01,5,5,3,2,002600,1, ,7356,0
00,1024,1,12A232,28,40298,1,1,0,01,-,1,1,2,64,03/02/1960,1,07,4,2,6,07, , , , , ,1, ,7356,0
00,1024,1,12A232,28,40301,4,1,0,01,-,1,1,1,29,18/10/1995,1,04,3,2,1,01,5,4,3,2,005500,1,1,8009,16468
14,1024,1,12A232,28,40301,2,1,0,02,-,1,2,2,27,10/10/1997,1,04,3,2,1,01,5,5,3,1,002000,1, ,8009,0
00,1024,1,12A232,28,40301,4,1,0,03,-,1,3,1,06,18/09/2018,2,01,3,1, , , , , , , ,1, ,8009,0
14,1024,1,12A232,28,40301,2,1,0,01,-,1,1,1,35,24/07/1989,1,02,6,2,1,01,5,5,3,1,006000,1, ,8009,0
00,1024,1,12A232,28,40301,4,1,0,04,-,1,3,1,03,12/09/2021, , , , , , , , , , , ,1, ,8009,0
00,1024,1,12A232,28,40301,3,1,0,02,-,1,2,2,55,12/11/1969,1,02,6,2,5,07, , , , , ,1, ,8009,0
00,1024,1,12A232,28,40301,3,1,0,01,-,1,1,1,61,30/07/1963,1,02,6,2,5,01,7,5,3,2,999999,1,1,8009,32937
14,1024,1,12A232,28,40301,2,1,0,04,-,1,3,1,01,08/08/2023, , , , , , , , , , , ,1, ,8009,0
00,1024,1,12A232,28,40301,1,1,0,03,-,1,3,1,29,23/07/1995,1,07,4,1,6,01,2,5,3,2,004500,1, ,8009,0
00,1024,1,12A232,28,40301,1,1,0,04,-,1,3,2,15,02/12/2008,1,04,1,1,6,06, , , , , ,1, ,8009,0
00,1024,1,12A232,28,40301,3,1,0,03,-,1,3,1,28,29/01/1996,1,07,4,2,6,01,7,9,3,2,999999,1, ,8009,0
00,1024,1,12A232,28,40301,1,1,0,01,-,1,1,1,52,21/11/1971,1,07,2,2,5,01,5,3,2,1,999999,1, ,8009,0
00,1024,1,12A232,28,40301,3,1,0,04,-,1,4,1,89,16/10/1935,1,02,3,2,3,10, , , , , ,1, ,8009,0
00,1024,1,12A232,28,40301,4,1,0,02,-,1,2,2,34,28/04/1990,1,04,3,2,1,07, , , , , ,1, ,8009,0
14,1024,1,12A232,28,40301,2,1,0,03,-,1,3,1,05,29/12/2018,2,01,3,1, , , , , , , ,1, ,8009,0
00,1024,1,12A232,28,40301,1,1,0,02,-,1,2,2,53,23/02/1971,1,02,6,2,5,07, , , , , ,1,1,8009,24702
00,1024,1,13A232,28,40311,3,1,0,01,-,1,1,2,69,31/10/1955,1,03,3,2,4,07, , , , , ,1, ,10957,0
00,1024,1,13A232,28,40311,4,1,0,01,-,1,1,1,49,27/09/1975,1,07,5,2,5,01,5,5,3,2,008500,1, ,10957,0
00,1024,1,13A232,28,40311,1,1,0,02,-,1,2,2,49,12/11/1974,1,04,3,2,5,07, , , , , ,1,1,10957,23329
00,1024,1,13A232,28,40311,4,1,0,02,-,1,2,2,34,12/07/1990,1,07,5,2,5,01,5,5,3,2,011500,1,1,10957,23329
00,1024,1,13A232,28,40311,2,1,0,01,-,1,1,1,72,23/04/1952,1,07,5,2,5,01,5,5,2,1,001000,1,1,10957,23329
00,1024,1,13A232,28,40311,1,1,0,01,-,1,1,1,47,14/02/1977,1,07,5,2,5,03,7,3,3,2,025000,1, ,10957,0
00,1024,1,13A232,28,40311,3,1,0,03,-,1,5,2,98, ,1,02,6,1,6,06, , , , , ,1, ,10957,0
00,1024,1,13A232,28,40311,3,1,0,04,-,1,5,1,11,04/09/2013,1,02,5,1, , , , , , , ,1, ,10957,0
00,1024,1,13A232,28,40311,3,1,0,02,-,1,3,2,39,17/09/1985,1,07,5,2,6,01,1,7,3,2,006000,1,1,10957,34993
00,1024,1,13A232,28,40311,2,1,0,02,-,1,2,2,71,08/04/1953,1,04,3,2,5,07, , , , , ,1, ,10957,0
00,1024,1,13A232,28,40314,4,1,0,03,-,1,3,1,22,20/03/2002,1,07,1,1,6,06, , , , , ,1, ,8306,0
00,1024,1,13A232,28,40314,4,1,0,02,-,1,3,2,24,04/01/2000,1,07,3,2,6,01,5,5,3,1,001500,1, ,8306,0
00,1024,1,13A232,28,40314,4,1,0,04,-,1,3,2,17,27/04/2007,1,03,3,1,6,06, , , , , ,1, ,8306,0
00,1024,1,13A232,28,40314,1,1,0,01,-,1,1,2,64,12/10/1960,1,07,5,2,6,08, , , , , ,1, ,8306,0
00,1024,1,13A232,28,40314,3,1,0,01,-,1,1,2,24,05/10/2000,1,07,5,1,6,01,4,5,3,1,000700,1,1,8306,8842
00,1024,1,13A232,28,40314,2,1,0,02,-,1,2,2,25,10/08/1999,1,04,3,2,1,01,4,5,3,2,000099,1, ,8306,0
00,1024,1,13A232,28,40314,2,1,0,01,-,1,1,1,34,14/12/1989,1,07,5,2,1,01,5,5,3,2,010000,1,1,8306,17685
00,1024,1,13A232,28,40314,4,1,0,01,-,1,1,2,39,28/11/1984,1,04,2,2,6,01,5,3,3,1,005000,1,1,8306,26527
00,1024,1,13A232,28,40314,1,1,0,02,-,1,3,2,40,07/12/1983,1,07,4,2,6,01,5,5,3,1,007000,1,1,8306,17685
00,1024,1,13A232,28,40314,1,1,0,03,-,1,5,1,05,25/04/2019,2,01,2,1, , , , , , , ,1, ,8306,0
00,1024,1,11A232,29,40259,3,1,0,07,-,1,5,1,05,07/02/2019,2,01,2,1, , , , , , , ,1, ,6370,0
00,1024,1,11A232,29,40259,4,1,0,02,-,1,3,1,21,16/01/2003,1,04,3,2,6,01,4,4,3,2,002000,1, ,6370,0
00,1024,1,11A232,29,40259,1,1,0,03,-,1,3,1,11,04/01/2013,1,02,5,1, , , , , , , ,1, ,6370,0
00,1024,1,11A232,29,40259,1,1,0,01,-,1,1,2,43,17/03/1981,1,07,5,2,1,01,3,7,3,3,018000,1,1,6370,6507
00,1024,1,11A232,29,40259,4,1,0,01,-,1,1,2,39,12/05/1985,1,03,3,2,4,01,5,5,2,1,001200,1, ,6370,0
00,1024,1,11A232,29,40259,2,1,0,01,-,1,1,1,53,12/05/1971,1,07,4,2,1,01,1,5,3,2,010000,1, ,6370,0
00,1024,1,11A232,29,40259,2,1,0,03,-,1,3,1,24,19/06/2000,1,07,5,2,6,02,1,5,6,5, ,1, ,6370,0
00,1024,1,11A232,29,40259,3,1,0,06,-,1,5,1,13,15/07/2011,1,03,1,1,6,06, , , , , ,1, ,6370,0
00,1024,1,11A232,29,40259,3,1,0,03,-,1,5,2,56,26/09/1968,1,02,6,2,1,07, , , , , ,1, ,6370,0
00,1024,1,11A232,29,40259,2,1,0,02,-,1,2,2,47,24/01/1977,1,07,4,2,1,07, , , , , ,1,1,6370,19522
00,1024,1,11A232,29,40259,4,1,0,03,-,1,3,2,24,24/11/1999,1,03,3,2,6,01,4,4,3,2,002000,1,1,6370,19522
00,1024,1,11A232,29,40259,1,1,0,04,-,1,3,2,10,16/12/2013,1,02,4,1, , , , , , , ,1, ,6370,0
00,1024,1,11A232,29,40259,4,1,0,04,-,1,3,1,17,27/03/2007,1,04,1,1,6,06, , , , , ,1, ,6370,0
00,1024,1,11A232,29,40259,4,1,0,05,-,1,5,1,02,03/10/2022, , , , , , , , , , , ,1, ,6370,0
00,1024,1,11A232,29,40259,1,1,0,02,-,1,3,2,13,15/09/2011,1,03,1,1,6,06, , , , , ,1, ,6370,0
00,1024,1,11A232,29,40259,3,1,0,01,-,1,1,2,93,02/11/1931,2,00, ,2,6,08, , , , , ,1, ,6370,0
00,1024,1,11A232,29,40259,3,1,0,04,-,1,5,2,32,27/04/1992,1,03,3,2,6,01,4,5,3,1,001500,1,1,6370,32537
00,1024,1,11A232,29,40259,3,1,0,05,-,1,5,2,18,30/05/2006,1,04,3,2,6,07, , , , , ,1, ,6370,0
00,1024,1,11A232,29,40259,3,1,0,02,-,1,3,1,62,09/07/1962,1,03,3,2,1,01,5,5,3,1,000600,1, ,6370,0
00,1024,1,11A232,29,40260,3,1,0,04,-,1,5,2,18,06/12/2005,1,04,3,1,6,02,5,5,6,5, ,1, ,8393,0
00,1024,1,11A232,29,40260,4,1,0,02,-,1,2,1,61,30/10/1963,1,03,3,2,5,07, , , , , ,1, ,8393,0
00,1024,1,11A232,29,40260,1,1,0,03,-,1,3,1,16,16/07/2008,1,03,3,1,6,06, , , , , ,1, ,8393,0
00,1024,1,11A232,29,40260,2,1,0,03,-,1,3,1,40,22/08/1984,1,04,3,2,1,01,5,3,3,1,001800,1, ,8393,0
00,1024,1,11A232,29,40260,2,1,0,06,-,1,5,2,07,09/06/2017,1,02,1,1, , , , , , , ,1, ,8393,0
00,1024,1,11A232,29,40260,1,1,0,02,-,1,2,2,47,13/04/1977,1,03,3,2,5,07, , , , , ,1, ,8393,0
00,1024,1,11A232,29,40260,1,1,0,04,-,1,3,1,11,29/05/2013,1,02,5,1, , , , , , , ,1, ,8393,0
00,1024,1,11A232,29,40260,4,1,0,01,-,1,1,2,61,25/06/1963,1,03,3,2,5,01,5,5,3,1,000800,1,1,8393,17149
00,1024,1,11A232,29,40260,1,1,0,01,-,1,1,1,55,31/03/1969,1,04,3,2,5,01,5,6,3,1,001500,1,1,8393,17149
00,1024,1,11A232,29,40260,2,1,0,04,-,1,5,2,31,30/07/1993,1,04,3,2,1,07, , , , , ,1,1,8393,34298
00,1024,1,11A232,29,40260,3,1,0,03,-,1,5,1,26,09/10/1998,1,07,4,2,6,01,5,5,3,1,001600,1, ,8393,0
00,1024,1,11A232,29,40260,3,1,0,02,-,1,3,2,47,22/06/1977,1,04,3,2,2,01,5,5,3,1,001500,1, ,8393,0
00,1024,1,11A232,29,40260,2,1,0,01,-,1,1,1,67,23/08/1957,1,02,6,2,5,01,5,3,3,1,000350,1, ,8393,0
00,1024,1,11A232,29,40260,3,1,0,01,-,1,1,1,76,28/01/1948,1,02,4,2,4,08, , , , , ,1,1,8393,34298
00,1024,1,11A232,29,40260,1,1,0,05,-,1,3,1,11,29/05/2013,1,02,5,1, , , , , , , ,1, ,8393,0
00,1024,1,11A232,29,40260,2,1,0,02,-,1,2,2,65,12/08/1959,1,02,6,1,5,01,5,5,3,1,001400,1, ,8393,0
00,1024,1,11A232,29,40260,2,1,0,05,-,1,5,1,10,30/03/2014,1,02,4,1, , , , , , , ,1, ,8393,0
00,1024,1,11A232,29,40273,3,1,0,03,-,1,7,1,18,10/04/2006,1,04,1,1,6,01,5,5,3,1,000600,1, ,8111,0
00,1024,1,11A232,29,40273,4,1,0,01,-,1,1,1,66,05/02/1958,1,04,3,2,5,01,4,4,2,1,001400,1, ,8111,0
00,1024,1,11A232,29,40273,4,1,0,03,-,1,3,2,42,11/01/1982,1,07,4,2,6,01,2,5,3,2,002000,1, ,8111,0
00,1024,1,11A232,29,40273,1,1,0,01,-,1,1,2,90,09/08/1934,1,02,2,2,4,07, , , , , ,1,1,8111,8286
00,1024,1,11A232,29,40273,4,1,0,04,-,1,3,1,22,11/09/2002,1,07,2,1,6,01,4,4,3,2,003500,1, ,8111,0
00,1024,1,11A232,29,40273,4,1,0,07,-,1,5,1,09,20/09/2015,1,02,4,1, , , , , , , ,1, ,8111,0
00,1024,1,11A232,29,40273,4,1,0,05,-,1,3,1,20,20/06/2004,1,04,3,2,6,01,4,4,2,1,001400,1,1,8111,41432
00,1024,1,11A232,29,40273,4,1,0,06,-,1,5,2,13,27/03/2011,1,03,1,1,6,06, , , , , ,1, ,8111,0
00,1024,1,11A232,29,40273,3,1,0,01,-,1,1,1,53,28/07/1971,1,04,3,2,6,01,7,2,3,1,002000,1, ,8111,0
00,1024,1,11A232,29,40273,4,1,0,02,-,1,2,2,60,02/03/1964,1,02,6,2,5,01,4,4,2,1,001400,1, ,8111,0
00,1024,1,11A232,29,40273,3,1,0,02,-,1,7,2,30,03/05/1994,1,07,5,2,6,04, , , , , ,1,1,8111,24859
00,1024,1,11A232,29,40278,3,1,0,01,-,1,1,1,44,26/04/1980,1,04,3,2,5,01,7,2,3,1,001300,1, ,8916,0
00,1024,1,11A232,29,40278,2,1,0,01,-,1,1,1,33,11/01/1991,1,04,3,2,5,01,4,4,3,1,001500,1,1,8916,18218
00,1024,1,11A232,29,40278,4,1,0,04,-,1,5,1,34,08/06/1990,1,04,2,2,5,01,2,7,3,2,005000,1, ,8916,0
00,1024,1,11A232,29,40278,1,1,0,02,-,1,2,2,50,27/10/1974,1,06,3,2,5,01,2,5,3,2,003500,1, ,8916,0
00,1024,1,11A232,29,40278,3,1,0,03,-,1,3,1,23,05/03/2001,1,07,5,2,6,01,7,2,3,2,002300,1, ,8916,0
00,1024,1,11A232,29,40278,4,1,0,07,-,1,5,1,02,28/01/2022, , , , , , , , , , , ,1, ,8916,0
00,1024,1,11A232,29,40278,3,1,0,04,-,1,3,1,17,05/03/2007,1,04,2,1,6,06, , , , , ,1, ,8916,0
00,1024,1,11A232,29,40278,4,1,0,02,-,1,2,2,62,05/08/1962,1,03,3,2,5,01,4,5,2,1,000408,1,1,8916,45545
00,1024,1,11A232,29,40278,3,1,0,02,-,1,2,2,44,27/09/1980,1,03,3,2,5,01,4,4,2,1,000600,1,1,8916,27327
00,1024,1,11A232,29,40278,4,1,0,06,-,1,5,1,04,19/03/2020, , , , , , , , , , , ,1, ,8916,0
00,1024,1,11A232,29,40278,4,1,0,05,-,1,3,2,34,17/03/1990,1,07,4,2,5,01,4,4,3,2,001600,1, ,8916,0
00,1024,1,11A232,29,40278,4,1,0,03,-,1,4,2,76,24/06/1948,2,00, ,2,4,07, , , , , ,1, ,8916,0
00,1024,1,11A232,29,40278,4,1,0,01,-,1,1,1,69,28/04/1955,1,02,3,2,5,02,6,1,6,5, ,1, ,8916,0
00,1024,1,11A232,29,40278,2,1,0,02,-,1,2,2,37,16/07/1987,1,07,4,2,5,01,1,5,3,2,004000,1, ,8916,0
00,1024,1,11A232,29,40278,1,1,0,01,-,1,1,1,53,03/02/1971,1,04,3,2,5,08, , , , , ,1,1,8916,18218
00,1024,1,11A232,29,40285,4,1,0,06,-,1,5,1,00,22/11/2023, , , , , , , , , , , ,1, ,8418,0
00,1024,1,11A232,29,40285,4,1,0,04,-,1,3,2,19,25/10/2005,1,04,3,1,6,01,4,4,3,1,000600,1, ,8418,0
00,1024,1,11A232,29,40285,1,1,0,01,-,1,1,1,57,30/04/1967,1,03,1,2,2,01,6,1,3,1,000900,1,1,8418,8600
00,1024,1,11A232,29,40285,4,1,0,03,-,1,3,2,23,23/07/2001,1,04,3,1,1,01,4,4,3,1,000500,1, ,8418,0
00,1024,1,11A232,29,40285,4,1,0,05,-,1,3,2,15,18/09/2009,1,03,3,1,6,06, , , , , ,1, ,8418,0
00,1024,1,11A232,29,40285,4,1,0,01,-,1,1,1,48,16/10/1976,1,04,3,2,1,01,2,5,2,2,005000,1, ,8418,0
00,1024,1,11A232,29,40285,4,1,0,02,-,1,2,2,41,07/10/1983,1,03,3,2,1,07, , , , , ,1,1,8418,34400
00,1024,1,11A232,29,40285,3,1,0,01,-,1,1,1,46,31/01/1978,1,03,3,2,5,01,7,2,3,1,002100,1,1,8418,17200
00,1024,1,11A232,29,40285,3,1,0,04,-,1,3,2,11,06/01/2013,1,02,5,1, , , , , , , ,1, ,8418,0
00,1024,1,11A232,29,40285,3,1,0,02,-,1,2,2,45,08/01/1979,1,06,3,2,5,07, , , , , ,1, ,8418,0
00,1024,1,11A232,29,40285,3,1,0,03,-,1,3,1,14,12/04/2010,1,03,2,1,6,06, , , , , ,1, ,8418,0
00,1024,1,11A232,29,40295,2,1,0,02,-,1,2,2,31,04/04/1993,1,07,4,2,5,01,3,5,3,2,006000,1, ,7949,0
00,1024,1,11A232,29,40295,4,1,0,03,-,1,3,2,12,27/08/2012,1,02,6,1,6,06, , , , , ,1, ,7949,0
00,1024,1,11A232,29,40295,4,1,0,02,-,1,2,2,40,06/11/1984,1,04,3,2,5,07, , , , , ,1,1,7949,16243
00,1024,1,11A232,29,40295,1,1,0,01,-,1,1,2,30,28/03/1994,1,07,4,2,6,01,2,5,3,2,005900,1,1,7949,8122
00,1024,1,11A232,29,40295,1,1,0,02,-,1,3,1,07,27/04/2017,1,02,1,1, , , , , , , ,1, ,7949,0
00,1024,1,11A232,29,40295,4,1,0,01,-,1,1,1,45,15/09/1979,1,04,3,2,5,01,7,2,3,1,001900,1, ,7949,0
00,1024,1,11A232,29,40295,2,1,0,01,-,1,1,1,40,30/11/1983,1,07,4,2,5,01,4,5,3,2,006000,1,1,7949,16243
00,1024,1,11A232,29,40295,4,1,0,04,-,1,3,1,08,08/01/2016,1,02,2,1, , , , , , , ,1, ,7949,0
00,1024,1,11A232,29,40308,2,1,0,02,-,1,2,2,34,22/06/1990,1,03,3,2,1,07, , , , , ,1, ,8516,0
00,1024,1,11A232,29,40308,2,1,0,04,-,1,3,2,11,17/09/2013,1,02,5,1, , , , , , , ,1, ,8516,0
00,1024,1,11A232,29,40308,3,1,0,03,-,1,3,2,19,03/11/2005,1,07,1,1,6,06, , , , , ,1,1,8516,26102
00,1024,1,11A232,29,40308,2,1,0,05,-,1,3,1,01,12/06/2023, , , , , , , , , , , ,1, ,8516,0
00,1024,1,11A232,29,40308,4,1,0,02,-,1,5,2,34,03/06/1990,1,04,3,2,1,02,4,4,6,5, ,1, ,8516,0
00,1024,1,11A232,29,40308,2,1,0,03,-,1,3,1,13,14/01/2011,1,03,1,1,6,06, , , , , ,1, ,8516,0
00,1024,1,11A232,29,40308,2,1,0,01,-,1,1,1,32,23/01/1992,1,03,3,2,1,01,6,1,3,1,001800,1,1,8516,17401
00,1024,1,11A232,29,40308,1,1,0,02,-,1,2,2,46,06/11/1978,1,08,2,2,5,01,2,5,3,2,004000,1,1,8516,26102
00,1024,1,11A232,29,40308,1,1,0,01,-,1,1,1,48,18/05/1976,1,08,2,2,5,01,7,2,3,3,030000,1, ,8516,0
00,1024,1,11A232,29,40308,3,1,0,01,-,1,1,1,38,06/07/1986,1,04,3,2,5,01,7,2,3,1,002500,1, ,8516,0
00,1024,1,11A232,29,40308,4,1,0,03,-,1,5,1,38,09/04/1986,1,04,3,2,1,01,2,7,3,2,003500,1,1,8516,26102
00,1024,1,11A232,29,40308,1,1,0,03,-,1,3,1,20,21/08/2004,1,07,2,1,6,01,2,5,3,3,006000,1, ,8516,0
00,1024,1,11A232,29,40308,3,1,0,04,-,1,3,2,16,09/04/2008,1,04,1,1,6,06, , , , , ,1, ,8516,0
00,1024,1,11A232,29,40308,1,1,0,04,-,1,3,1,09,02/01/2015,1,02,3,1, , , , , , , ,1, ,8516,0
00,1024,1,11A232,29,40308,4,1,0,01,-,1,1,2,77,24/09/1947,1,02,6,2,4,01,4,4,2,1,001500,1, ,8516,0
00,1024,1,11A232,29,40308,3,1,0,02,-,1,2,2,37,21/09/1987,1,04,3,2,5,07, , , , , ,1, ,8516,0
00,1024,1,12A232,29,40315,3,1,0,02,-,1,2,2,41,27/09/1983,1,07,6,2,5,01,2,5,3,2,030000,1, ,7769,0
00,1024,1,12A232,29,40315,4,1,0,05,-,1,7,2,13,19/02/2011,1,03,1,1,6,06, , , , , ,1, ,7769,0
00,1024,1,12A232,29,40315,3,1,0,05,-,1,3,1,11,03/08/2013,2,02,4,1, , , , , , , ,1, ,7769,0
00,1024,1,12A232,29,40315,4,1,0,04,-,1,7,1,18,11/07/2006,1,04,3,1,6,06, , , , , ,1, ,7769,0
00,1024,1,12A232,29,40315,1,1,0,01,-,1,1,1,38,03/09/1986,1,03,3,2,5,01,5,2,3,1,001800,1,1,7769,15973
00,1024,1,12A232,29,40315,3,1,0,03,-,1,7,1,52,01/05/1972,2,00, ,2,6,09, , , , , ,1, ,7769,0
00,1024,1,12A232,29,40315,1,1,0,03,-,1,3,1,14,18/09/2010,1,03,2,1,6,06, , , , , ,1, ,7769,0
00,1024,1,12A232,29,40315,3,1,0,04,-,1,3,2,10,25/10/2014,1,02,4,1, , , , , , , ,1, ,7769,0
00,1024,1,12A232,29,40315,4,1,0,02,-,1,6,2,40,28/11/1983,1,03,3,2,6,01,5,5,2,1,000800,1, ,7769,0
00,1024,1,12A232,29,40315,4,1,0,01,-,1,1,2,44,08/04/1980,1,03,3,2,2,01,5,2,3,1,001200,1,1,7769,31947
00,1024,1,12A232,29,40315,1,1,0,02,-,1,2,2,49,31/12/1974,1,03,3,2,5,01,4,4,2,1,000400,1, ,7769,0
00,1024,1,12A232,29,40315,1,1,0,04,-,1,3,1,11,10/04/2013,1,02,5,1, , , , , , , ,1, ,7769,0
00,1024,1,12A232,29,40315,3,1,0,01,-,1,1,1,42,29/07/1982,1,07,5,2,5,01,2,7,3,2,015000,1,1,7769,23960
00,1024,1,12A232,29,40315,4,1,0,03,-,1,3,2,24,27/05/2000,1,04,2,1,6,01,5,4,3,1,000800,1, ,7769,0
00,1024,1,12A232,29,40315,2,1,0,02,-,1,3,1,09,07/01/2015,1,02,3,1, , , , , , , ,1, ,7769,0
00,1024,1,12A232,29,40315,2,1,0,01,-,1,1,2,35,05/07/1989,1,04,3,2,6,01,4,4,3,1,003500,1,1,7769,7987
00,1024,1,12A232,29,40321,3,1,0,02,-,1,2,2,55,23/10/1969,1,03,3,2,1,01,4,4,3,1,001500,1, ,8296,0
00,1024,1,12A232,29,40321,1,1,0,01,-,1,1,2,50,02/08/1974,1,04,3,2,5,07, , , , , ,1,1,8296,17056
00,1024,1,12A232,29,40321,1,1,0,04,-,1,3,2,11,11/09/2013,1,02,5,1, , , , , , , ,1, ,8296,0
00,1024,1,12A232,29,40321,2,1,0,01,-,1,1,1,97,15/07/1924,2,02,3,2,5,10, , , , , ,1, ,8296,0
00,1024,1,12A232,29,40321,1,1,0,03,-,1,3,2,16,20/09/2008,1,04,1,1,6,06, , , , , ,1, ,8296,0
00,1024,1,12A232,29,40321,3,1,0,01,-,1,1,1,57,23/05/1967,1,04,3,2,1,01,7,2,3,1,001600,1,1,8296,17056
00,1024,1,12A232,29,40321,2,1,0,02,-,1,2,2,93,06/03/1931,2,00, ,2,5,07, , , , , ,1, ,8296,0
00,1024,1,12A232,29,40321,4,1,0,01,-,1,1,2,68,12/12/1955,1,03,2,2,4,08, , , , , ,1,1,8296,8528
00,1024,1,12A232,29,40321,2,1,0,03,-,1,3,1,73,08/11/1950,1,03,3,2,6,02,6,1,6,5, ,1,1,8296,25585
00,1024,1,12A232,29,40321,1,1,0,02,-,1,4,1,81,21/03/1943,1,02,6,2,4,01,5,5,3,1,002200,1, ,8296,0
00,1024,1,12A232,29,40325,4,1,0,02,-,1,3,2,15,21/03/2009,1,03,3,1,6,06, , , , , ,1, ,8793,0
00,1024,1,12A232,29,40325,2,1,0,04,-,1,5,1,14,28/10/2010,1,03,1,1,6,06, , , , , ,1, ,8793,0
00,1024,1,12A232,29,40325,2,1,0,01,-,1,1,1,54,23/10/1970,1,03,2,2,5,01,5,5,3,1,001300,1,1,8793,27120
00,1024,1,12A232,29,40325,4,1,0,01,-,1,1,2,36,25/01/1988,1,03,3,2,2,01,4,5,3,1,001000,1,1,8793,9040
00,1024,1,12A232,29,40325,2,1,0,02,-,1,2,2,52,31/12/1971,1,06,3,2,5,07, , , , , ,1, ,8793,0
00,1024,1,12A232,29,40325,4,1,0,03,-,1,3,2,14,14/07/2010,1,03,2,1,6,06, , , , , ,1, ,8793,0
00,1024,1,12A232,29,40325,1,1,0,01,-,1,1,2,70,19/03/1954,1,02,3,2,4,01,5,5,2,1,000500,1,1,8793,9040
00,1024,1,12A232,29,40325,3,1,0,01,-,1,1,2,70,02/09/1954,1,03,3,2,2,07, , , , , ,1,1,8793,9040
00,1024,1,12A232,29,40325,2,1,0,03,-,1,3,1,30,11/11/1993,1,02,6,2,2,01,5,3,3,1,001800,1, ,8793,0
00,1024,1,11A232,30,40006,1,1,0,01,-,1,1,1,30,03/10/1994,1,00, ,2,5,01,4,4,3,1,001500,1,1,6417,12835
00,1024,1,11A232,30,40006,4,1,0,04,-,1,5,2,26,21/06/1998,1,02,6,2,1,02,4,4,6,5, ,1, ,6417,0
00,1024,1,11A232,30,40006,4,1,0,03,-,1,3,1,30,02/11/1994,1,03,3,2,1,01,4,4,2,1,002000,1,1,6417,32087
00,1024,1,11A232,30,40006,2,1,0,01,-,1,1,1,76,15/07/1948,1,02,6,2,2,03,4,4,2,1,000300,1,1,6417,6417
00,1024,1,11A232,30,40006,1,1,0,03,-,1,3,1,10,02/10/2014,1,02,4,1, , , , , , , ,1, ,6417,0
00,1024,1,11A232,30,40006,4,1,0,02,-,1,2,2,52,10/02/1972,1,03,3,2,5,02,4,4,6,5, ,1, ,6417,0
00,1024,1,11A232,30,40006,3,1,0,01,-,1,1,2,59,01/08/1965,1,03,3,2,6,01,4,4,2,1,001600,1,1,6417,6417
00,1024,1,11A232,30,40006,4,1,0,01,-,1,1,1,54,03/06/1970,1,00, ,2,5,01,4,4,2,1,002000,1, ,6417,0
00,1024,1,11A232,30,40006,1,1,0,05,-,1,3,1,03,20/11/2020, , , , , , , , , , , ,1, ,6417,0
00,1024,1,11A232,30,40006,1,1,0,02,-,1,2,2,29,17/10/1995,1,04,1,2,5,07, , , , , ,1, ,6417,0
00,1024,1,11A232,30,40006,4,1,0,05,-,1,3,1,23,23/08/2001,2,00, ,2,6,09, , , , , ,1, ,6417,0
00,1024,1,11A232,30,40006,1,1,0,04,-,1,3,1,06,10/09/2018,2,01,1,1, , , , , , , ,1, ,6417,0
00,1024,1,11A232,30,40018,4,1,0,05,-,1,5,1,16,28/09/2008,1,03,3,1,6,06, , , , , ,1, ,6258,0
00,1024,1,11A232,30,40018,2,1,0,02,-,1,2,1,47,17/09/1977,1,03,3,2,5,01,7,5,2,1,002000,1,1,6258,12516
00,1024,1,11A232,30,40018,3,1,0,06,-,1,3,2,06,19/03/2018,2,01,3,1, , , , , , , ,1, ,6258,0
00,1024,1,11A232,30,40018,1,1,0,01,-,1,1,1,49,31/12/1974,1,04,3,2,1,01,4,4,2,1,999999,1, ,6258,0
00,1024,1,11A232,30,40018,4,1,0,03,-,1,3,2,27,20/12/1996,1,04,3,2,6,01,4,4,3,1,001600,1, ,6258,0
00,1024,1,11A232,30,40018,3,1,0,04,-,1,3,1,13,07/10/2011,1,03,1,1,6,06, , , , , ,1, ,6258,0
00,1024,1,11A232,30,40018,3,1,0,01,-,1,1,1,43,24/02/1981,1,07,4,2,5,04, , , , , ,1,1,6258,18774
00,1024,1,11A232,30,40018,4,1,0,01,-,1,1,1,62,27/01/1962,1,03,2,2,5,01,7,3,3,1,001500,1, ,6258,0
00,1024,1,11A232,30,40018,3,1,0,02,-,1,2,2,40,05/06/1984,1,04,3,2,5,07, , , , , ,1, ,6258,0
00,1024,1,11A232,30,40018,1,1,0,02,-,1,2,2,48,20/08/1976,1,02,6,2,1,01,4,5,3,1,001500,1,1,6258,12516
00,1024,1,11A232,30,40018,4,1,0,04,-,1,5,2,21,13/11/2002,1,04,1,1,6,01,4,4,3,1,000470,1, ,6258,0
00,1024,1,11A232,30,40018,4,1,0,02,-,1,2,2,57,24/09/1967,1,00, ,2,5,07, , , , , ,1,1,6258,25032
00,1024,1,11A232,30,40018,3,1,0,05,-,1,3,1,11,12/11/2012,1,02,6,1, , , , , , , ,1, ,6258,0
00,1024,1,11A232,30,40018,3,1,0,03,-,1,8,1,71,21/02/1953,1,02,4,2,2,01,5,5,2,1,000500,1, ,6258,0
00,1024,1,11A232,30,40018,2,1,0,04,-,1,3,1,12,21/01/2012,1,03,1,1,6,06, , , , , ,1, ,6258,0
00,1024,1,11A232,30,40018,2,1,0,01,-,1,1,2,45,09/07/1979,1,07,3,2,5,01,4,4,2,1,001000,1, ,6258,0
00,1024,1,11A232,30,40018,2,1,0,03,-,1,3,2,16,21/08/2008,1,04,1,1,6,06, , , , , ,1, ,6258,0
00,1024,1,11A232,30,41309,4,1,0,04,-,1,3,2,09,15/04/2015,1,02,3,1, , , , , , , ,1, ,4974,0
00,1024,1,11A232,30,41309,3,1,0,02,-,1,2,2,44,23/05/1980,1,06,3,2,5,01,1,4,3,1,001200,1,1,4974,14923
00,1024,1,11A232,30,41309,1,1,0,01,-,1,1,1,63,07/12/1960,1,03,3,2,2,01,1,5,2,1,002000,1,1,4974,9949
00,1024,1,11A232,30,41309,2,1,0,01,-,1,1,1,55,07/06/1969,1,03,3,2,1,01,1,5,3,1,002000,1, ,4974,0
00,1024,1,11A232,30,41309,2,1,0,02,-,1,2,2,49,09/10/1975,1,03,3,2,1,07, , , , , ,1, ,4974,0
00,1024,1,11A232,30,41309,2,1,0,03,-,1,3,1,19,05/05/2005,1,04,1,1,6,06, , , , , ,1,1,4974,14923
00,1024,1,11A232,30,41309,3,1,0,03,-,1,3,1,25,10/08/1999,1,02,6,2,6,04, , , , , ,1, ,4974,0
00,1024,1,11A232,30,41309,4,1,0,01,-,1,1,1,37,22/02/1987,1,03,3,2,1,01,1,4,3,1,001600,1, ,4974,0
00,1024,1,11A232,30,41309,4,1,0,02,-,1,2,2,37,24/05/1987,1,03,3,2,1,07, , , , , ,1,1,4974,9949
00,1024,1,11A232,30,41309,1,1,0,03,-,1,5,1,09,22/03/2015,1,02,3,1, , , , , , , ,1, ,4974,0
00,1024,1,11A232,30,41309,1,1,0,02,-,1,3,2,33,22/07/1991,1,03,3,2,6,07, , , , , ,1, ,4974,0
00,1024,1,11A232,30,41309,3,1,0,01,-,1,1,1,47,06/01/1977,1,02,3,2,5,01,1,5,3,1,002300,1, ,4974,0
00,1024,1,11A232,30,41309,4,1,0,03,-,1,3,1,12,21/06/2012,1,02,5,1,6,06, , , , , ,1, ,4974,0
00,1024,1,11A232,30,41309,2,1,0,04,-,1,3,1,16,17/05/2008,1,03,3,1,6,06, , , , , ,1, ,4974,0
00,1024,1,11A232,30,41311,2,1,0,01,-,1,1,1,52,16/02/1972,1,03,2,2,1,01,5,5,2,1,999999,1, ,5964,0
00,1024,1,11A232,30,41311,2,1,0,02,-,1,2,2,48,19/06/1976,1,03,3,2,1,07, , , , , ,1, ,5964,0
00,1024,1,11A232,30,41311,2,1,0,03,-,1,3,2,19,24/01/2005,2,03,3,2,6,10, , , , , ,1,1,5964,17892
00,1024,1,11A232,30,41311,2,1,0,04,-,1,3,2,16,08/10/2008,1,04,2,1,6,06, , , , , ,1, ,5964,0
00,1024,1,11A232,30,41311,3,1,0,02,-,1,2,2,51,09/10/1973,1,03,3,2,5,07, , , , , ,1, ,5964,0
00,1024,1,11A232,30,41311,4,1,0,01,-,1,1,2,60,10/04/1964,2,00, ,2,4,01,5,5,2,1,000600,1,1,5964,5964
00,1024,1,11A232,30,41311,3,1,0,01,-,1,1,1,52,04/08/1972,1,03,3,2,5,01,7,2,3,1,999999,1,1,5964,11928
00,1024,1,11A232,30,41315,4,1,0,01,-,1,1,2,29,05/07/1995,1,07,3,2,1,01,4,4,3,2,003500,1,1,8393,17149
00,1024,1,11A232,30,41315,2,1,0,01,-,1,1,1,52,04/12/1971,1,04,3,2,5,01,1,5,2,1,000800,1,1,8393,34298
00,1024,1,11A232,30,41315,1,1,0,02,-,1,2,2,59,25/03/1965,1,09,4,1,5,01,5,5,3,3,015000,1,1,8393,25724
00,1024,1,11A232,30,41315,4,1,0,03,-,1,3,1,11,29/05/2013,1,02,5,1, , , , , , , ,1, ,8393,0
00,1024,1,11A232,30,41315,3,1,0,03,-,1,2,1,66,12/12/1957,1,04,3,2,5,01,1,5,2,1,000600,1, ,8393,0
00,1024,1,11A232,30,41315,3,1,0,01,-,1,1,2,43,07/05/1981,1,02,6,2,1,01,5,5,3,1,000800,1,1,8393,17149
00,1024,1,11A232,30,41315,2,1,0,04,-,1,3,1,19,28/08/2005,1,07,1,1,6,06, , , , , ,1, ,8393,0
00,1024,1,11A232,30,41315,2,1,0,02,-,1,2,2,47,15/08/1977,1,03,3,2,5,07, , , , , ,1, ,8393,0
00,1024,1,11A232,30,41315,4,1,0,02,-,1,2,2,24,05/01/2000,1,04,3,2,1,01,4,4,3,2,003500,1, ,8393,0
00,1024,1,11A232,30,41315,2,1,0,03,-,1,3,2,20,06/04/2004,1,04,3,2,6,04, , , , , ,1, ,8393,0
00,1024,1,11A232,30,41315,1,1,0,01,-,1,1,1,68,10/06/1956,1,07,4,2,5,01,1,5,2,3,040000,1, ,8393,0
00,1024,1,11A232,30,41315,1,1,0,03,-,1,3,2,26,11/07/1998,1,07,4,2,6,01,1,5,3,1,005000,1, ,8393,0
00,1024,1,11A232,30,41315,3,1,0,02,-,1,3,1,16,11/11/2007,1,04,2,1,6,06, , , , , ,1, ,8393,0
00,1024,1,11A232,30,41318,4,1,0,02,-,1,2,2,41,22/06/1983,1,03,3,2,5,07, , , , , ,1,1,9074,18542
00,1024,1,11A232,30,41318,4,1,0,01,-,1,1,1,42,07/09/1982,2,02,6,2,5,01,5,5,3,1,999999,1, ,9074,0
00,1024,1,11A232,30,41318,1,1,0,01,-,1,1,1,43,18/02/1981,1,03,3,2,1,01,4,4,3,1,999999,1,1,9074,18542
00,1024,1,11A232,30,41318,3,1,0,01,-,1,1,1,68,02/08/1956,1,03,3,2,5,08, , , , , ,1,1,9074,18542
00,1024,1,11A232,30,41318,3,1,0,02,-,1,2,2,66,22/04/1958,1,02,2,1,5,01,4,4,2,1,001600,1, ,9074,0
00,1024,1,11A232,30,41318,1,1,0,02,-,1,2,2,40,20/11/1983,1,03,3,2,1,07, , , , , ,1, ,9074,0
00,1024,1,11A232,30,41322,1,1,0,03,-,1,3,2,17,24/10/2007,1,03,3,1,6,01,4,4,3,1,001500,1, ,8278,0
00,1024,1,11A232,30,41322,1,1,0,04,-,1,3,2,15,15/09/2009,1,03,1,1,6,06, , , , , ,1, ,8278,0
00,1024,1,11A232,30,41322,1,1,0,01,-,1,1,2,40,10/05/1984,1,04,3,2,2,01,5,4,3,1,001300,1,1,8278,16914
00,1024,1,11A232,30,41322,3,1,0,03,-,1,3,2,08,13/05/2016,1,02,3,1, , , , , , , ,1, ,8278,0
00,1024,1,11A232,30,41322,3,1,0,04,-,1,3,2,12,25/11/2011,1,02,6,1,6,06, , , , , ,1, ,8278,0
00,1024,1,11A232,30,41322,4,1,0,01,-,1,1,1,51,30/12/1972,1,07,4,2,2,01,3,5,3,2,006000,1,1,8278,8457
00,1024,1,11A232,30,41322,2,1,0,01,-,1,1,2,51,26/12/1972,1,04,3,1,6,01,5,5,2,1,000150,1,1,8278,16914
00,1024,1,11A232,30,41322,1,1,0,02,-,1,3,2,19,05/07/2005,1,03,3,1,6,01,5,5,2,3,001000,1, ,8278,0
00,1024,1,11A232,30,41322,3,1,0,01,-,1,1,1,38,29/09/1986,1,03,3,2,1,01,5,6,3,2,004000,1,1,8278,16914
00,1024,1,11A232,30,41322,3,1,0,02,-,1,2,2,32,07/02/1992,1,04,3,2,1,07, , , , , ,1, ,8278,0
00,1024,1,11A232,30,41322,2,1,0,02,-,1,4,2,83,16/07/1941,1,06,4,2,4,07, , , , , ,1, ,8278,0
00,1024,1,11A232,30,41331,1,1,0,01,-,1,1,1,45,27/08/1979,1,02,6,2,1,01,5,6,3,1,004000,1,1,8268,16894
00,1024,1,11A232,30,41331,3,1,0,03,-,1,3,1,10,08/06/2014,1,02,4,1, , , , , , , ,1, ,8268,0
00,1024,1,11A232,30,41331,2,1,0,01,-,1,1,2,50,22/10/1974,1,02,6,2,2,01,1,5,1,1,999999,1,1,8268,8447
00,1024,1,11A232,30,41331,3,1,0,01,-,1,1,2,38,17/05/1986,1,04,3,2,5,01,4,4,2,1,004000,1, ,8268,0
00,1024,1,11A232,30,41331,4,1,0,01,-,1,1,1,21,26/07/2003,1,04,3,2,5,01,3,4,3,2,003900,1,1,8268,25342
00,1024,1,11A232,30,41331,3,1,0,04,-,1,3,2,08,11/03/2016,1,02,2,1, , , , , , , ,1, ,8268,0
00,1024,1,11A232,30,41331,4,1,0,02,-,1,2,2,20,06/06/2004,1,02,6,2,5,07, , , , , ,1, ,8268,0
00,1024,1,11A232,30,41331,4,1,0,03,-,1,4,2,41,22/02/1983,1,02,6,2,3,01,1,5,3,1,002500,1, ,8268,0
00,1024,1,11A232,30,41331,1,1,0,02,-,1,2,2,47,20/11/1976,1,02,3,2,1,07, , , , , ,1, ,8268,0
00,1024,1,11A232,30,41331,1,1,0,03,-,1,3,2,16,10/10/2008,1,04,1,1,6,06, , , , , ,1, ,8268,0
00,1024,1,11A232,30,41331,3,1,0,02,-,1,2,1,36,27/03/1988,1,04,3,2,5,01,4,4,2,1,004000,1,1,8268,16894
00,1024,1,11A232,30,41331,4,1,0,04,-,1,3,2,00,17/09/2024, , , , , , , , , , , ,1, ,8268,0
00,1024,1,11A232,30,41344,4,1,0,02,-,1,3,2,07,25/03/2017,1,02,1,1, , , , , , , ,1, ,7782,0
00,1024,1,11A232,30,41344,3,1,0,01,-,1,1,1,40,08/11/1984,1,07,4,2,5,01,1,5,3,2,999999,1, ,7782,0
00,1024,1,11A232,30,41344,1,1,0,02,-,1,3,1,49,03/01/1975,1,03,3,2,6,01,1,5,3,1,002500,1, ,7782,0
00,1024,1,11A232,30,41344,1,1,0,03,-,1,3,1,46,13/07/1978,1,04,2,2,2,01,1,5,3,1,002000,1, ,7782,0
00,1024,1,11A232,30,41344,2,1,0,02,-,1,3,1,38,19/04/1986,1,04,3,2,2,01,5,5,2,1,000400,1, ,7782,0
00,1024,1,11A232,30,41344,1,1,0,01,-,1,1,2,84,08/03/1940,1,02,6,2,4,09, , , , , ,1,1,7782,23853
00,1024,1,11A232,30,41344,4,1,0,01,-,1,1,2,37,06/05/1987,1,04,2,2,2,01,1,4,3,1,001600,1,1,7782,7951
00,1024,1,11A232,30,41344,3,1,0,02,-,1,2,2,39,15/09/1985,1,07,5,2,5,01,1,5,3,2,999999,1,1,7782,15902
00,1024,1,11A232,30,41344,2,1,0,01,-,1,1,2,57,03/04/1967,1,03,3,2,4,01,1,5,3,3,001500,1,1,7782,15902
00,1024,1,12A232,30,41350,4,1,0,03,-,1,4,1,77,17/06/1947,1,03,9,2,5,08, , , , , ,1, ,7918,0
00,1024,1,12A232,30,41350,2,1,0,01,-,1,1,2,29,24/09/1995,1,04,2,2,1,07, , , , , ,1,1,7918,16281
00,1024,1,12A232,30,41350,1,1,0,02,-,1,3,2,60,30/11/1963,1,06,3,2,4,07, , , , , ,1, ,7918,0
00,1024,1,12A232,30,41350,2,1,0,02,-,1,2,1,30,16/09/1994,1,03,3,2,1,01,5,5,2,1,999999,1, ,7918,0
00,1024,1,12A232,30,41350,4,1,0,01,-,1,1,1,52,12/07/1972,1,03,3,2,5,09, , , , , ,1,1,7918,24422
00,1024,1,12A232,30,41350,2,1,0,03,-,1,3,2,09,01/10/2015,1,02,4,1, , , , , , , ,1, ,7918,0
00,1024,1,12A232,30,41350,3,1,0,02,-,1,2,2,98, ,1,07,5,2,1,01,1,2,3,2,999999,1, ,7918,0
00,1024,1,12A232,30,41350,3,1,0,01,-,1,1,1,48,05/11/1976,1,07,8,2,1,01,1,2,3,2,999999,1,1,7918,16281
00,1024,1,12A232,30,41350,1,1,0,01,-,1,1,2,88,26/04/1936,2,00, ,2,4,07, , , , , ,1,1,7918,16281
00,1024,1,12A232,30,41350,4,1,0,02,-,1,2,2,49,12/12/1974,1,04,3,2,5,01,3,5,3,2,999999,1, ,7918,0
00,1024,1,12A232,30,41354,4,1,0,01,-,1,1,1,51,15/08/1973,1,07,4,2,1,01,5,3,2,1,004000,1,1,7673,15777
00,1024,1,12A232,30,41354,4,1,0,02,-,1,2,2,49,08/05/1975,1,07,4,2,1,01,3,7,3,2,006000,1, ,7673,0
00,1024,1,12A232,30,41354,1,1,0,01,-,1,1,1,54,15/09/1970,1,02,6,2,1,01,5,5,2,1,999999,1,1,7673,23666
00,1024,1,12A232,30,41354,1,1,0,05,-,1,5,1,02,06/11/2021, , , , , , , , , , , ,1, ,7673,0
00,1024,1,12A232,30,41354,1,1,0,04,-,1,5,1,03,30/03/2021, , , , , , , , , , , ,1, ,7673,0
00,1024,1,12A232,30,41354,1,1,0,02,-,1,2,2,52,09/01/1972,1,02,6,2,1,07, , , , , ,1, ,7673,0
00,1024,1,12A232,30,41354,3,1,0,02,-,1,2,2,50,16/11/1973,1,04,1,2,1,07, , , , , ,1, ,7673,0
00,1024,1,12A232,30,41354,3,1,0,03,-,1,7,1,80,01/04/1944,1,03,3,2,4,08, , , , , ,1, ,7673,0
00,1024,1,12A232,30,41354,1,1,0,06,-,1,5,1,12,24/01/2012,1,02,6,1,6,06, , , , , ,1, ,7673,0
00,1024,1,12A232,30,41354,3,1,0,04,-,1,3,1,20,27/04/2004,1,04,3,2,6,01,5,5,5,1,001800,1, ,7673,0
00,1024,1,12A232,30,41354,1,1,0,03,-,1,3,2,26,06/10/1998,1,03,6,2,2,01,5,5,3,2,999999,1, ,7673,0
00,1024,1,12A232,30,41354,3,1,0,01,-,1,1,1,50,19/04/1974,1,04,3,2,1,01,7,2,3,2,005000,1,1,7673,31554
00,1024,1,12A232,30,41361,4,1,0,04,-,1,5,1,08,16/03/2016,1,02,2,1, , , , , , , ,1, ,8457,0
00,1024,1,12A232,30,41361,4,1,0,03,-,1,3,2,27,05/04/1997,1,04,3,2,4,01,5,4,3,1,999999,1, ,8457,0
00,1024,1,12A232,30,41361,1,1,0,03,-,1,3,1,16,19/07/2008,1,04,2,1,6,06, , , , , ,1, ,8457,0
00,1024,1,12A232,30,41361,2,1,0,03,-,1,5,2,05,25/01/2019,2,01,2,1, , , , , , , ,1, ,8457,0
00,1024,1,12A232,30,41361,3,1,0,02,-,1,6,2,16,12/02/2008,1,04,1,1,6,06, , , , , ,1, ,8457,0
00,1024,1,12A232,30,41361,4,1,0,05,-,1,5,2,07,27/04/2017,1,01,3,1, , , , , , , ,1, ,8457,0
00,1024,1,12A232,30,41361,4,1,0,02,-,1,2,2,55,09/02/1969,1,03,2,2,5,01,4,4,2,1,999999,1,1,8457,26081
00,1024,1,12A232,30,41361,4,1,0,01,-,1,1,1,53,04/01/1971,1,03,2,2,5,02,9,4,6,5, ,1, ,8457,0
00,1024,1,12A232,30,41361,3,1,0,03,-,1,7,2,42,24/09/1982,1,07,3,2,6,01,3,7,3,2,999999,1, ,8457,0
00,1024,1,12A232,30,41361,2,1,0,01,-,1,1,1,51,03/09/1973,1,07,3,2,5,01,3,4,3,2,000999,1,1,8457,17388
00,1024,1,12A232,30,41361,1,1,0,01,-,1,1,1,36,11/11/1987,1,04,3,1,5,01,3,4,3,2,008000,1, ,8457,0
00,1024,1,12A232,30,41361,1,1,0,02,-,1,2,2,37,24/04/1987,1,04,3,1,5,01,1,7,5,1,001000,1,1,8457,17388
00,1024,1,12A232,30,41361,3,1,0,01,-,1,1,1,25,18/01/1999,1,07,4,1,6,01,3,7,3,2,007500,1,1,8457,17388
00,1024,1,12A232,30,41361,2,1,0,02,-,1,2,2,53,10/12/1970,1,04,3,2,5,01,4,4,2,3,000999,1, ,8457,0
00,1024,1,12A232,30,41361,1,1,0,04,-,1,3,1,06,11/06/2018,2,01,3,1, , , , , , , ,1, ,8457,0
00,1024,1,12A232,30,41367,3,1,0,02,-,1,6,2,40,20/04/1984,1,07,4,2,6,01,3,3,3,2,004500,1,1,6925,14238
00,1024,1,12A232,30,41367,3,1,0,03,-,1,7,1,05,05/08/2019,2,00, ,1, , , , , , , ,1, ,6925,0
00,1024,1,12A232,30,41367,2,1,0,01,-,1,1,2,42,28/05/1982,1,03,3,2,5,07, , , , , ,1, ,6925,0
00,1024,1,12A232,30,41367,2,1,0,04,-,1,3,1,16,14/06/2008,1,04,1,1,6,06, , , , , ,1, ,6925,0
00,1024,1,12A232,30,41367,4,1,0,01,-,1,1,2,80,04/11/1944,1,06,3,2,4,07, , , , , ,1,1,6925,7119
00,1024,1,12A232,30,41367,3,1,0,01,-,1,1,2,50,24/04/1974,1,08,2,2,6,01,1,3,5,3,999999,1, ,6925,0
00,1024,1,12A232,30,41367,1,1,0,01,-,1,1,1,29,05/12/1994,1,04,3,2,1,01,5,5,3,1,002000,1,1,6925,14238
00,1024,1,12A232,30,41367,2,1,0,03,-,1,3,1,18,20/11/2005,1,04,3,1,6,06, , , , , ,1,1,6925,21358
00,1024,1,12A232,30,41367,2,1,0,02,-,1,2,1,43,26/05/1981,1,04,3,2,5,01,7,2,3,1,003500,1, ,6925,0
00,1024,1,12A232,30,41367,1,1,0,02,-,1,2,2,34,02/04/1990,1,04,3,2,1,01,1,5,2,1,001500,1, ,6925,0
00,1024,1,12A232,30,41374,3,1,0,03,-,1,3,2,04,27/10/2020, , , , , , , , , , , ,1, ,7495,0
00,1024,1,12A232,30,41374,4,1,0,02,-,1,2,2,60,25/06/1964,1,02,6,2,5,07, , , , , ,1,1,7495,23116
00,1024,1,12A232,30,41374,3,1,0,02,-,1,2,2,31,23/09/1993,1,07,4,2,5,01,1,4,3,2,005000,1,1,7495,15411
00,1024,1,12A232,30,41374,1,1,0,02,-,1,2,2,57,23/02/1967,1,03,9,2,1,07, , , , , ,1, ,7495,0
00,1024,1,12A232,30,41374,4,1,0,01,-,1,1,1,70,07/12/1953,1,02,2,2,5,01,5,3,3,1,999999,1, ,7495,0
00,1024,1,12A232,30,41374,2,1,0,04,-,1,5,1,07,23/05/2017,1,02,1,1, , , , , , , ,1, ,7495,0
00,1024,1,12A232,30,41374,1,1,0,01,-,1,1,1,60,24/08/1964,1,02,6,2,1,01,4,4,2,1,999999,1,1,7495,15411
00,1024,1,12A232,30,41374,2,1,0,02,-,1,3,2,29,16/10/1995,1,04,1,1,6,01,3,7,3,2,003258,1,1,7495,15411
00,1024,1,12A232,30,41374,2,1,0,03,-,1,5,2,11,22/05/2013,1,02,5,1, , , , , , , ,1, ,7495,0
00,1024,1,12A232,30,41374,2,1,0,01,-,1,1,2,65,13/03/1959,1,06,2,2,4,08, , , , , ,1, ,7495,0
00,1024,1,12A232,30,41374,3,1,0,01,-,1,1,1,34,04/09/1990,1,08,1,2,5,01,3,4,3,1,006800,1, ,7495,0
00,1024,1,12A232,30,41374,4,1,0,03,-,1,3,1,37,11/11/1986,1,04,3,2,6,01,7,2,3,1,999999,1, ,7495,0
00,1024,1,13A232,30,41376,1,1,0,01,-,1,1,2,38,27/09/1986,1,07,4,2,5,01,3,5,3,2,999999,1, ,9022,0
00,1024,1,13A232,30,41376,4,1,0,04,-,1,5,1,06,04/12/2017,1,02,1,1, , , , , , , ,1, ,9022,0
00,1024,1,13A232,30,41376,4,1,0,01,-,1,1,1,64,20/04/1960,1,07,4,2,5,08, , , , , ,1, ,9022,0
00,1024,1,13A232,30,41376,2,1,0,03,-,1,3,2,05,24/09/2019,2,01,2,1, , , , , , , ,1, ,9022,0
00,1024,1,13A232,30,41376,2,1,0,02,-,1,2,2,36,14/10/1988,1,07,5,2,5,01,2,5,3,2,008000,1, ,9022,0
00,1024,1,13A232,30,41376,4,1,0,02,-,1,2,2,63,11/05/1961,1,07,5,2,5,01,1,5,2,2,005000,1,1,9022,28814
00,1024,1,13A232,30,41376,3,1,0,03,-,1,3,1,08,16/04/2016,1,02,2,1, , , , , , , ,1, ,9022,0
00,1024,1,13A232,30,41376,2,1,0,01,-,1,1,1,36,11/08/1988,1,07,3,2,5,01,1,5,2,1,002000,1,1,9022,19209
00,1024,1,13A232,30,41376,3,1,0,02,-,1,2,1,47,02/07/1977,1,07,5,2,5,01,1,5,3,1,002000,1, ,9022,0
00,1024,1,13A232,30,41376,4,1,0,03,-,1,3,2,38,02/09/1986,1,07,6,2,6,01,3,6,3,2,007500,1, ,9022,0
00,1024,1,13A232,30,41376,3,1,0,01,-,1,1,2,40,15/11/1983,1,07,4,2,5,04, , , , , ,1,1,9022,19209
00,1024,1,13A232,30,41376,1,1,0,02,-,1,2,1,38,27/12/1985,1,07,4,2,5,01,3,5,3,2,999999,1,1,9022,19209
00,1024,1,13A232,30,41376,1,1,0,03,-,1,3,1,03,01/01/2021, , , , , , , , , , , ,1, ,9022,0
00,1024,1,13A232,30,41387,3,1,0,02,-,1,2,2,60,03/04/1964,1,07,4,2,5,07, , , , , ,1, ,8801,0
00,1024,1,13A232,30,41387,2,1,0,03,-,1,3,1,22,04/09/2002,1,07,3,2,6,04, , , , , ,1, ,8801,0
00,1024,1,13A232,30,41387,2,1,0,01,-,1,1,1,54,28/09/1970,1,09,3,2,5,01,1,5,1,2,080000,1, ,8801,0
14,1024,1,13A232,30,41387,1,1,0,02,-,1,2,2,69,16/02/1955,1,04,2,2,1,09, , , , , ,1, ,8801,0
14,1024,1,13A232,30,41387,4,1,0,03,-,1,3,2,34,10/08/1990,1,07,4,2,6,01,1,5,3,3,015000,1, ,8801,0
00,1024,1,13A232,30,41387,3,1,0,01,-,1,1,1,63,26/04/1961,1,07,5,2,5,01,1,4,1,3,010000,1,1,8801,28107
14,1024,1,13A232,30,41387,4,1,0,02,-,1,2,2,64,08/01/1960,1,07,5,2,5,07, , , , , ,1, ,8801,0
14,1024,1,13A232,30,41387,1,1,0,01,-,1,1,1,72,26/08/1952,1,07,6,2,1,09, , , , , ,1, ,8801,0
14,1024,1,13A232,30,41387,4,1,0,01,-,1,1,1,66,14/06/1958,1,07,5,2,5,01,1,5,2,1,020000,1, ,8801,0
14,1024,1,13A232,30,41387,1,1,0,03,-,1,3,2,37,28/08/1987,1,07,5,2,6,01,3,6,3,2,020000,1, ,8801,0
00,1024,1,13A232,30,41387,3,1,0,03,-,1,3,2,31,07/03/1993,1,08,2,2,6,01,1,5,2,3,010000,1, ,8801,0
00,1024,1,13A232,30,41387,2,1,0,02,-,1,2,2,49,04/11/1974,1,08,4,2,5,01,1,5,2,2,020000,1,1,8801,28107
00,1024,1,11A232,31,40358,2,1,0,04,-,1,5,2,12,15/08/2012,1,02,6,1,6,06, , , , , ,1, ,8038,0
00,1024,1,11A232,31,40358,3,1,0,05,-,1,5,2,07,28/09/2017,1,02,1,1, , , , , , , ,1, ,8038,0
00,1024,1,11A232,31,40358,4,1,0,07,-,1,5,2,03,02/05/2021, , , , , , , , , , , ,1, ,8038,0
00,1024,1,11A232,31,40358,4,1,0,06,-,1,3,1,17,21/12/2006,1,03,3,1,6,06, , , , , ,1, ,8038,0
00,1024,1,11A232,31,40358,4,1,0,04,-,1,7,1,32,12/05/1992,1,04,3,2,5,01,4,5,3,1,999999,1, ,8038,0
00,1024,1,11A232,31,40358,1,1,0,02,-,1,2,2,54,23/06/1970,1,03,3,2,5,01,3,5,3,1,001000,1,1,8038,16423
00,1024,1,11A232,31,40358,1,1,0,01,-,1,1,1,59,19/05/1965,1,02,6,2,5,01,5,6,2,1,001400,1, ,8038,0
00,1024,1,11A232,31,40358,4,1,0,02,-,1,2,2,54,11/07/1970,1,03,3,2,5,01,4,4,3,1,001300,1,1,8038,41058
00,1024,1,11A232,31,40358,2,1,0,05,-,1,5,2,08,15/07/2016,2,02,2,1, , , , , , , ,1, ,8038,0
00,1024,1,11A232,31,40358,4,1,0,03,-,1,3,2,29,10/06/1995,1,03,3,2,5,01,7,2,3,1,999999,1, ,8038,0
00,1024,1,11A232,31,40358,2,1,0,01,-,1,1,1,60,07/07/1964,1,03,3,2,4,01,3,5,3,1,003000,1, ,8038,0
00,1024,1,11A232,31,40358,3,1,0,03,-,1,3,2,29,08/07/1995,1,07,3,1,3,01,4,4,3,2,005500,1, ,8038,0
00,1024,1,11A232,31,40358,2,1,0,03,-,1,3,1,21,18/01/2003,1,04,3,1,6,06, , , , , ,1,1,8038,24635
00,1024,1,11A232,31,40358,4,1,0,05,-,1,3,1,30,26/02/1994,1,03,3,2,2,01,4,4,3,2,999999,1, ,8038,0
00,1024,1,11A232,31,40358,2,1,0,02,-,1,3,2,32,14/12/1991,1,04,3,2,2,01,4,4,2,3,999999,1, ,8038,0
00,1024,1,11A232,31,40358,2,1,0,06,-,1,3,1,06,21/08/2018,2,01,3,1, , , , , , , ,1, ,8038,0
00,1024,1,11A232,31,40358,3,1,0,02,-,1,2,2,54,02/03/1970,1,06,3,2,5,01,3,4,3,1,001500,1, ,8038,0
00,1024,1,11A232,31,40358,3,1,0,01,-,1,1,1,56,04/08/1968,1,04,2,2,5,01,4,5,3,1,999999,1,1,8038,24635
00,1024,1,11A232,31,40358,3,1,0,04,-,1,5,2,11,26/11/2012,1,02,6,1, , , , , , , ,1, ,8038,0
00,1024,1,11A232,31,40358,4,1,0,01,-,1,1,1,51,25/04/1973,1,04,1,2,5,01,5,6,2,1,001400,1, ,8038,0
00,1024,1,11A232,31,40361,2,1,0,03,-,1,3,1,14,25/12/2009,1,03,3,1,6,06, , , , , ,1, ,8972,0
00,1024,1,11A232,31,40361,4,1,0,04,-,1,3,1,17,18/10/2007,1,04,2,1,6,06, , , , , ,1, ,8972,0
00,1024,1,11A232,31,40361,4,1,0,03,-,1,3,1,18,06/02/2006,1,04,3,1,6,06, , , , , ,1,1,8972,27497
00,1024,1,11A232,31,40361,4,1,0,02,-,1,2,1,44,18/03/1980,1,07,4,2,5,01,3,5,3,2,999999,1, ,8972,0
00,1024,1,11A232,31,40361,3,1,0,02,-,1,3,1,42,20/04/1982,1,03,3,2,2,01,5,5,2,1,999999,1,1,8972,18332
00,1024,1,11A232,31,40361,3,1,0,01,-,1,1,2,66,02/07/1958,1,03,3,2,4,07, , , , , ,1, ,8972,0
00,1024,1,11A232,31,40361,2,1,0,01,-,1,1,2,44,25/11/1979,1,03,3,2,6,01,4,4,2,1,999999,1,1,8972,9166
00,1024,1,11A232,31,40361,1,1,0,01,-,1,1,1,69,30/07/1955,1,07,4,2,5,08, , , , , ,1,1,8972,36663
00,1024,1,11A232,31,40361,4,1,0,01,-,1,1,2,45,16/10/1979,1,07,4,2,5,07, , , , , ,1, ,8972,0
00,1024,1,11A232,31,40361,1,1,0,02,-,1,2,2,64,21/06/1960,1,03,2,2,5,07, , , , , ,1, ,8972,0
00,1024,1,11A232,31,40361,1,1,0,03,-,1,3,2,40,27/08/1984,1,07,5,2,6,01,9,7,3,2,999999,1, ,8972,0
00,1024,1,11A232,31,40361,2,1,0,02,-,1,3,1,17,08/06/2007,1,04,2,1,6,06, , , , , ,1, ,8972,0
00,1024,1,11A232,31,40361,1,1,0,04,-,1,3,1,29,21/10/1995,1,07,4,2,6,01,3,5,3,2,999999,1, ,8972,0
00,1024,1,11A232,31,40362,2,1,0,02,-,1,2,2,42,13/11/1981,1,03,3,2,5,07, , , , , ,1, ,9266,0
00,1024,1,11A232,31,40362,1,1,0,01,-,1,1,2,49,28/01/1975,1,03,3,2,2,01,4,5,5,1,001800,1,1,9266,18934
00,1024,1,11A232,31,40362,1,1,0,02,-,1,4,1,77,26/07/1947,2,00, ,2,2,09, , , , , ,1, ,9266,0
00,1024,1,11A232,31,40362,2,1,0,04,-,1,3,2,18,27/01/2006,1,04,3,2,6,10, , , , , ,1, ,9266,0
00,1024,1,11A232,31,40362,3,1,0,01,-,1,1,1,45,09/01/1979,1,06,3,2,5,01,5,4,3,1,003000,1,1,9266,18934
00,1024,1,11A232,31,40362,4,1,0,01,-,1,1,2,44,25/10/1980,1,07,3,2,1,01,1,6,3,2,999999,1, ,9266,0
00,1024,1,11A232,31,40362,4,1,0,02,-,1,2,1,52,02/02/1972,1,04,2,1,1,01,4,4,3,2,010000,1,1,9266,18934
00,1024,1,11A232,31,40362,2,1,0,05,-,1,3,1,16,17/12/2007,1,04,2,1,6,06, , , , , ,1, ,9266,0
00,1024,1,11A232,31,40362,3,1,0,02,-,1,2,2,44,03/03/1980,1,02,6,2,5,01,4,9,3,1,001500,1, ,9266,0
00,1024,1,11A232,31,40362,2,1,0,03,-,1,3,1,20,31/10/2004,1,07,3,1,6,06, , , , , ,1,1,9266,37868
00,1024,1,11A232,31,40362,1,1,0,03,-,1,3,1,16,05/07/2008,1,03,3,1,6,06, , , , , ,1, ,9266,0
00,1024,1,11A232,31,40362,2,1,0,01,-,1,1,1,46,31/12/1977,1,07,4,2,5,01,3,4,3,1,002500,1, ,9266,0
00,1024,1,11A232,31,40367,4,1,0,01,-,1,1,1,41,09/08/1983,1,07,4,2,5,01,3,5,3,2,015000,1, ,9944,0
00,1024,1,11A232,31,40367,2,1,0,02,-,1,3,1,27,07/10/1997,1,03,3,2,1,01,3,4,3,1,002500,1, ,9944,0
00,1024,1,11A232,31,40367,3,1,0,02,-,1,2,1,27,05/02/1997,1,03,3,2,1,01,3,5,3,1,002200,1, ,9944,0
00,1024,1,11A232,31,40367,2,1,0,03,-,1,7,2,23,02/03/2001,1,03,3,2,1,01,3,4,3,1,001100,1,1,9944,30479
00,1024,1,11A232,31,40367,2,1,0,01,-,1,1,2,44,06/03/1980,1,03,3,2,6,01,4,4,3,1,999999,1, ,9944,0
00,1024,1,11A232,31,40367,3,1,0,03,-,1,3,2,15,06/10/2009,1,03,3,1,6,02,4,4,6,5, ,1, ,9944,0
00,1024,1,11A232,31,40367,4,1,0,04,-,1,3,2,07,01/10/2017,1,02,1,1, , , , , , , ,1, ,9944,0
00,1024,1,11A232,31,40367,4,1,0,05,-,1,3,1,04,21/08/2020, , , , , , , , , , , ,1, ,9944,0
00,1024,1,11A232,31,40367,4,1,0,03,-,1,3,2,07,01/10/2017,2,02,1,1, , , , , , , ,1, ,9944,0
00,1024,1,11A232,31,40367,1,1,0,01,-,1,1,1,58,22/10/1966,1,03,1,2,5,01,7,2,3,1,002500,1,1,9944,20319
00,1024,1,11A232,31,40367,1,1,0,02,-,1,2,2,56,29/12/1967,1,03,3,2,5,07, , , , , ,1, ,9944,0
00,1024,1,11A232,31,40367,3,1,0,01,-,1,1,2,42,06/01/1982,1,07,2,2,1,01,4,4,2,1,001500,1,1,9944,20319
00,1024,1,11A232,31,40367,4,1,0,02,-,1,2,2,39,09/07/1985,1,07,4,2,5,01,4,4,2,1,002000,1,1,9944,20319
00,1024,1,12A232,31,40371,1,1,0,03,-,1,3,1,17,24/07/2007,1,04,2,1,6,06, , , , , ,1, ,7673,0
00,1024,1,12A232,31,40371,4,1,0,04,-,1,3,1,00,25/04/2024, , , , , , , , , , , ,1, ,7673,0
00,1024,1,12A232,31,40371,2,1,0,01,-,1,1,1,45,14/10/1979,2,02,4,2,1,01,4,4,3,1,002500,1, ,7673,0
00,1024,1,12A232,31,40371,4,1,0,01,-,1,1,1,42,05/11/1982,1,03,3,2,5,01,4,3,2,1,003000,1, ,7673,0
00,1024,1,12A232,31,40371,1,1,0,01,-,1,1,1,43,02/06/1981,1,02,6,2,5,01,4,4,3,1,001800,1,1,7673,15777
00,1024,1,12A232,31,40371,2,1,0,03,-,1,3,2,09,01/12/2014,1,02,2,1, , , , , , , ,1, ,7673,0
00,1024,1,12A232,31,40371,4,1,0,02,-,1,2,2,42,04/01/1982,1,04,3,2,5,07, , , , , ,1,1,7673,23666
00,1024,1,12A232,31,40371,4,1,0,03,-,1,3,1,18,09/05/2006,1,04,3,1,6,06, , , , , ,1, ,7673,0
00,1024,1,12A232,31,40371,2,1,0,02,-,1,2,2,24,02/01/2000,1,02,6,2,1,01,3,4,3,1,001700,1,1,7673,15777
00,1024,1,12A232,31,40371,1,1,0,02,-,1,2,2,46,09/10/1978,1,06,3,2,5,01,3,4,3,1,001800,1, ,7673,0
00,1024,1,12A232,31,40371,3,1,0,01,-,1,1,1,52,17/08/1972,1,03,3,2,2,01,5,2,1,1,006000,1,1,7673,7889
00,1024,1,12A232,31,40371,2,1,0,04,-,1,3,1,04,17/04/2020, , , , , , , , , , , ,1, ,7673,0
14,1024,1,12A232,31,40374,1,1,0,03,-,1,3,1,27,09/12/1996,1,07,4,1,6,06, , , , , ,1, ,7617,0
14,1024,1,12A232,31,40374,1,1,0,05,-,1,4,2,72,21/05/1952,1,03,3,2,6,07, , , , , ,1, ,7617,0
14,1024,1,12A232,31,40374,1,1,0,04,-,1,3,1,20,10/05/2004,1,04,3,1,6,06, , , , , ,1, ,7617,0
14,1024,1,12A232,31,40374,1,1,0,01,-,1,1,2,52,16/05/1972,1,04,3,2,6,01,3,4,1,3,030000,1, ,7617,0
14,1024,1,12A232,31,40374,1,1,0,02,-,1,3,2,24,29/12/1999,1,07,5,2,6,04, , , , , ,1, ,7617,0
00,1024,1,12A232,31,40374,3,1,0,01,-,1,1,2,54,24/07/1970,1,04,3,2,5,01,4,4,2,2,002500,1,1,7617,15661
00,1024,1,12A232,31,40374,3,1,0,02,-,1,2,1,62,09/04/1962,1,07,4,2,5,01,4,4,2,3,030000,1, ,7617,0
00,1024,1,12A232,31,40391,1,1,0,01,-,1,1,1,69,30/03/1955,1,02,4,2,1,01,5,5,2,1,002000,1,1,7588,15602
00,1024,1,12A232,31,40391,4,1,0,05,-,1,5,1,13,20/11/2010,1,03,1,1,6,06, , , , , ,1, ,7588,0
00,1024,1,12A232,31,40391,4,1,0,06,-,1,5,2,05,04/09/2019,2,01,2,1, , , , , , , ,1, ,7588,0
00,1024,1,12A232,31,40391,4,1,0,03,-,1,5,1,17,21/11/2006,1,03,3,2,6,01,1,5,3,1,999999,1, ,7588,0
00,1024,1,12A232,31,40391,1,1,0,02,-,1,2,2,66,27/12/1957,2,00, ,2,1,07, , , , , ,1, ,7588,0
00,1024,1,12A232,31,40391,4,1,0,01,-,1,1,2,67,05/05/1957,1,02,3,2,4,07, , , , , ,1, ,7588,0
00,1024,1,12A232,31,40391,2,1,0,02,-,1,2,2,52,19/05/1972,1,07,5,2,5,01,1,5,2,2,010000,1,1,7588,15602
00,1024,1,12A232,31,40391,4,1,0,04,-,1,5,1,13,20/12/2010,1,03,1,1,6,06, , , , , ,1, ,7588,0
00,1024,1,12A232,31,40391,2,1,0,01,-,1,1,1,50,06/02/1974,1,08,2,2,5,01,1,2,2,2,020000,1, ,7588,0
00,1024,1,12A232,31,40391,4,1,0,02,-,1,3,2,46,06/04/1978,1,04,3,2,6,01,7,2,3,1,999999,1,1,7588,15602
00,1024,1,12A232,31,40393,3,1,0,03,-,1,3,2,14,16/12/2009,1,03,2,1,6,06, , , , , ,1, ,8296,0
00,1024,1,12A232,31,40393,1,1,0,05,-,1,3,1,00,01/08/2024, , , , , , , , , , , ,1, ,8296,0
00,1024,1,12A232,31,40393,1,1,0,03,-,1,6,1,25,01/11/1999,1,06,2,2,6,01,1,5,3,1,002500,1, ,8296,0
00,1024,1,12A232,31,40393,4,1,0,02,-,1,2,2,55,26/10/1969,1,06,4,2,5,01,4,4,3,2,001600,1,1,8296,42641
00,1024,1,12A232,31,40393,2,1,0,01,-,1,1,1,50,30/11/1973,1,03,3,2,5,01,4,4,3,2,005000,1, ,8296,0
00,1024,1,12A232,31,40393,4,1,0,01,-,1,1,1,52,19/12/1971,1,06,3,2,5,01,5,5,2,1,005000,1, ,8296,0
00,1024,1,12A232,31,40393,3,1,0,02,-,1,2,2,34,02/08/1990,1,07,4,2,1,07, , , , , ,1,1,8296,17056
00,1024,1,12A232,31,40393,3,1,0,01,-,1,1,1,34,30/03/1990,1,07,5,2,1,01,1,3,3,2,999999,1, ,8296,0
00,1024,1,12A232,31,40393,2,1,0,02,-,1,2,2,42,02/11/1982,1,03,3,2,5,01,9,5,3,1,001200,1,1,8296,42641
00,1024,1,12A232,31,40393,1,1,0,01,-,1,1,1,27,20/07/1997,1,04,3,2,5,01,9,5,3,3,999999,1,1,8296,25585
00,1024,1,12A232,31,40393,1,1,0,04,-,1,3,1,05,15/11/2018,2,01,3,1, , , , , , , ,1, ,8296,0
00,1024,1,12A232,31,40393,4,1,0,03,-,1,3,1,21,20/01/2003,1,07,2,1,6,06, , , , , ,1, ,8296,0
00,1024,1,12A232,31,40393,2,1,0,05,-,1,6,1,65,12/05/1959,2,00, ,2,2,01,9,5,2,1,999999,1, ,8296,0
00,1024,1,12A232,31,40393,2,1,0,03,-,1,6,1,46,03/11/1978,1,00, ,2,6,01,9,5,3,1,001500,1, ,8296,0
00,1024,1,12A232,31,40393,2,1,0,04,-,1,3,2,21,09/08/2003,1,04,3,1,6,01,4,4,3,1,001000,1, ,8296,0
00,1024,1,12A232,31,40393,1,1,0,02,-,1,2,2,98, ,1,99, ,2,5,07, , , , , ,1, ,8296,0
00,1024,1,12A232,31,40393,4,1,0,05,-,1,7,1,26,11/12/1997,1,04,3,2,1,01,4,5,3,1,999999,1, ,8296,0
00,1024,1,12A232,31,40393,4,1,0,04,-,1,3,2,26,07/06/1998,1,07,4,2,1,01,1,5,3,2,999999,1, ,8296,0
00,1024,1,13A232,31,40404,1,1,0,04,-,1,3,2,27,09/08/1997,1,06,3,2,6,01,3,4,3,2,999999,1, ,9375,0
00,1024,1,13A232,31,40404,1,1,0,03,-,1,3,2,31,12/02/1993,1,06,3,2,6,01,3,4,3,2,999999,1,1,9375,39919
00,1024,1,13A232,31,40404,4,1,0,01,-,1,1,1,27,23/05/1997,1,07,4,2,1,01,1,5,2,1,005000,1, ,9375,0
00,1024,1,13A232,31,40404,2,1,0,02,-,1,3,2,53,21/07/1971,1,04,3,2,3,07, , , , , ,1, ,9375,0
00,1024,1,13A232,31,40404,2,1,0,04,-,1,5,1,22,06/07/2002,1,07,4,1,6,01,3,6,3,1,999999,1, ,9375,0
00,1024,1,13A232,31,40404,2,1,0,03,-,1,5,1,27,19/06/1997,1,07,5,2,6,01,9,6,3,1,999999,1, ,9375,0
00,1024,1,13A232,31,40404,1,1,0,01,-,1,1,1,61,25/12/1962,1,04,3,2,5,08, , , , , ,1, ,9375,0
00,1024,1,13A232,31,40404,1,1,0,02,-,1,2,2,62,17/05/1962,1,06,2,2,5,08, , , , , ,1, ,9375,0
00,1024,1,13A232,31,40404,2,1,0,05,-,1,2,1,81,23/04/1943,1,04,1,2,5,08, , , , , ,1, ,9375,0
00,1024,1,13A232,31,40404,2,1,0,01,-,1,1,2,77,26/06/1947,1,04,3,2,5,07, , , , , ,1,1,9375,49899
00,1024,1,13A232,31,40404,4,1,0,02,-,1,2,2,37,23/02/1987,1,07,4,2,1,01,1,5,2,2,999999,1,1,9375,19960
00,1024,1,13A232,31,40406,4,1,0,01,-,1,1,1,52,14/02/1972,1,08,4,2,5,01,1,7,2,1,999999,1, ,10608,0
00,1024,1,13A232,31,40406,2,1,0,02,-,1,2,2,38,27/04/1986,1,07,4,2,1,01,3,5,3,2,020000,1, ,10608,0
00,1024,1,13A232,31,40406,2,1,0,03,-,1,7,1,27,25/10/1997,1,07,4,2,6,01,3,6,3,2,010000,1, ,10608,0
00,1024,1,13A232,31,40406,4,1,0,02,-,1,2,2,50,17/06/1974,1,09,3,2,5,01,3,5,3,2,008000,1,1,10608,33877
00,1024,1,13A232,31,40406,1,1,0,02,-,1,2,2,63,23/10/1961,1,08,1,2,5,08, , , , , ,1, ,10608,0
00,1024,1,13A232,31,40406,2,1,0,01,-,1,1,1,38,04/06/1986,1,07,4,2,1,01,3,4,3,2,015000,1,1,10608,33877
00,1024,1,13A232,31,40406,4,1,0,03,-,1,3,1,21,26/12/2002,1,07,3,1,6,06, , , , , ,1, ,10608,0
00,1024,1,13A232,31,40406,1,1,0,01,-,1,1,1,59,25/05/1965,1,07,5,2,5,01,1,5,3,2,999999,1, ,10608,0
00,1024,1,13A232,31,40406,1,1,0,03,-,1,3,1,22,10/05/2002,1,07,4,1,6,06, , , , , ,1,1,10608,33877
00,1024,1,13A232,31,40413,4,1,0,02,-,1,3,1,41,19/07/1983,1,07,3,2,3,01,4,5,2,3,999999,1, ,10162,0
00,1024,1,13A232,31,40413,4,1,0,03,-,1,2,2,68,08/12/1955,1,04,3,2,5,07, , , , , ,1, ,10162,0
14,1024,1,13A232,31,40413,2,1,0,02,-,1,2,2,72,02/06/1952,1,07,4,2,5,08, , , , , ,1, ,10162,0
00,1024,1,13A232,31,40413,4,1,0,04,-,1,5,2,11,21/05/2013,1,02,5,1, , , , , , , ,1, ,10162,0
00,1024,1,13A232,31,40413,3,1,0,04,-,1,3,2,33,31/05/1991,1,07,5,2,6,01,5,5,2,1,005000,1, ,10162,0
00,1024,1,13A232,31,40413,4,1,0,01,-,1,1,1,77,20/12/1946,1,08,2,2,5,08, , , , , ,1,1,10162,32453
00,1024,1,13A232,31,40413,3,1,0,03,-,1,3,1,29,30/11/1994,1,07,3,2,6,01,4,4,3,2,005000,1, ,10162,0
00,1024,1,13A232,31,40413,3,1,0,02,-,1,2,2,59,25/01/1965,1,06,3,2,5,07, , , , , ,1, ,10162,0
00,1024,1,13A232,31,40413,3,1,0,01,-,1,1,1,63,05/12/1960,1,07,5,2,5,01,1,5,2,3,999999,1,1,10162,43271
14,1024,1,13A232,31,40413,2,1,0,01,-,1,1,1,51,10/10/1973,1,07,4,2,5,01,3,4,3,3,999999,1, ,10162,0
00,1024,1,13A232,31,40413,1,1,0,01,-,1,1,1,60,15/10/1964,1,08,2,2,3,08, , , , , ,1,1,10162,10818
00,1024,1,13A232,31,40417,1,1,0,02,-,1,3,2,77,03/03/1947,1,02,3,2,4,07, , , , , ,1, ,8511,0
00,1024,1,13A232,31,40417,3,1,0,02,-,1,3,2,54,16/08/1970,1,07,5,2,6,01,3,7,3,2,005000,1, ,8511,0
00,1024,1,13A232,31,40417,2,1,0,03,-,1,3,2,27,28/08/1997,1,07,5,2,6,07, , , , , ,1, ,8511,0
00,1024,1,13A232,31,40417,4,1,0,01,-,1,1,1,68,26/08/1956,1,09,3,2,5,01,1,5,2,3,060000,1, ,8511,0
00,1024,1,13A232,31,40417,4,1,0,02,-,1,2,2,66,01/12/1957,1,09,3,2,5,01,1,5,2,1,999999,1, ,8511,0
00,1024,1,13A232,31,40417,1,1,0,01,-,1,1,1,71,21/12/1952,1,02,1,2,6,08, , , , , ,1,1,8511,27180
00,1024,1,13A232,31,40417,4,1,0,03,-,1,3,1,41,02/07/1983,1,08,3,2,5,01,3,5,5,3,999999,1,1,8511,36240
00,1024,1,13A232,31,40417,2,1,0,02,-,1,2,2,53,14/06/1971,1,03,3,2,5,07, , , , , ,1,1,8511,27180
00,1024,1,13A232,31,40417,3,1,0,01,-,1,1,1,80,27/12/1943,1,07,5,2,4,08, , , , , ,1, ,8511,0
00,1024,1,13A232,31,40417,1,1,0,03,-,1,7,1,62,20/11/1961,1,02,6,2,6,01,1,5,2,1,999999,1, ,8511,0
00,1024,1,13A232,31,40417,3,1,0,03,-,1,3,1,56,21/09/1968,1,09,2,2,3,01,3,7,3,2,999999,1, ,8511,0
00,1024,1,13A232,31,40417,3,1,0,06,-,1,3,1,49,27/08/1975,1,04,3,9,9,99, , , , , ,1, ,8511,0
00,1024,1,13A232,31,40417,4,1,0,04,-,1,3,1,38,07/08/1986,1,08,3,1,6,01,3,7,3,2,999999,1, ,8511,0
00,1024,1,13A232,31,40417,3,1,0,05,-,1,5,1,17,01/05/2007,1,04,1,1,6,06, , , , , ,1, ,8511,0
00,1024,1,13A232,31,40417,3,1,0,04,-,1,5,1,19,08/01/2005,1,07,1,1,6,06, , , , , ,1,1,8511,45300
00,1024,1,13A232,31,40417,2,1,0,01,-,1,1,1,57,07/03/1967,1,03,3,2,5,01,5,4,3,1,999999,1, ,8511,0
00,1024,1,11A232,32,40346,3,1,0,04,-,1,5,2,11,02/07/2013,1,02,5,1, , , , , , , ,1, ,8774,0
00,1024,1,11A232,32,40346,3,1,0,03,-,1,5,2,12,29/02/2012,1,02,6,1,6,06, , , , , ,1, ,8774,0
00,1024,1,11A232,32,40346,4,1,0,01,-,1,1,1,50,13/05/1974,1,07,5,2,1,01,1,2,1,1,006000,1,1,8774,17929
00,1024,1,11A232,32,40346,2,1,0,01,-,1,1,2,43,23/10/1981,1,07,5,2,6,01,3,6,3,2,007000,1, ,8774,0
00,1024,1,11A232,32,40346,1,1,0,01,-,1,1,2,49,11/06/1975,1,02,6,2,5,07, , , , , ,1,1,8774,17929
00,1024,1,11A232,32,40346,3,1,0,02,-,1,3,2,38,16/03/1986,1,03,3,2,2,01,4,4,3,1,001800,1, ,8774,0
00,1024,1,11A232,32,40346,3,1,0,01,-,1,1,2,67,27/12/1956,1,02,6,2,4,01,5,9,3,2,000350,1,1,8774,17929
00,1024,1,11A232,32,40346,1,1,0,02,-,1,2,1,49,02/05/1975,1,04,3,2,5,01,2,7,2,2,007000,1, ,8774,0
00,1024,1,11A232,32,40346,2,1,0,03,-,1,3,2,18,07/07/2006,1,04,3,1,6,06, , , , , ,1,1,8774,26893
00,1024,1,11A232,32,40346,4,1,0,02,-,1,2,2,37,21/07/1987,1,06,3,2,1,01,4,4,5,2,004500,1, ,8774,0
00,1024,1,11A232,32,40346,2,1,0,02,-,1,3,1,24,18/11/1999,1,07,5,2,6,01,4,4,3,2,005000,1, ,8774,0
00,1024,1,11A232,32,40346,1,1,0,03,-,1,3,1,16,11/12/2007,1,04,2,1,6,06, , , , , ,1, ,8774,0
00,1024,1,12A232,32,40352,2,1,0,05,-,1,3,2,03,20/01/2021, , , , , , , , , , , ,1, ,9101,0
00,1024,1,12A232,32,40352,3,1,0,03,-,1,4,1,72,17/05/1952,1,07,5,2,3,08, , , , , ,1, ,9101,0
00,1024,1,12A232,32,40352,3,1,0,01,-,1,1,2,49,24/01/1975,1,09,4,2,6,01,2,7,3,2,006000,1,1,9101,18712
00,1024,1,12A232,32,40352,3,1,0,02,-,1,3,2,14,19/08/2010,1,03,2,1,6,06, , , , , ,1, ,9101,0
00,1024,1,12A232,32,40352,2,1,0,04,-,1,3,2,15,17/09/2009,1,03,3,1,6,06, , , , , ,1, ,9101,0
00,1024,1,12A232,32,40352,1,1,0,03,-,1,3,2,05,28/04/2019,2,01,2,1, , , , , , , ,1, ,9101,0
00,1024,1,12A232,32,40352,1,1,0,01,-,1,1,1,40,26/12/1983,1,04,3,2,5,01,4,4,3,2,003000,1,1,9101,18712
00,1024,1,12A232,32,40352,2,1,0,02,-,1,2,2,41,13/10/1983,1,04,2,2,5,07, , , , , ,1, ,9101,0
00,1024,1,12A232,32,40352,2,1,0,01,-,1,1,1,42,11/12/1981,1,04,3,2,5,01,4,4,3,1,002000,1, ,9101,0
00,1024,1,12A232,32,40352,4,1,0,01,-,1,1,2,43,13/03/1981,1,04,1,1,6,01,5,5,3,2,003700,1,1,9101,9356
00,1024,1,12A232,32,40352,4,1,0,02,-,1,7,1,12,21/02/2012,1,02,6,1,6,06, , , , , ,1, ,9101,0
00,1024,1,12A232,32,40352,4,1,0,04,-,1,7,2,10,22/03/2014,1,02,4,1, , , , , , , ,1, ,9101,0
00,1024,1,12A232,32,40352,2,1,0,03,-,1,3,1,20,04/06/2004,1,04,2,1,6,01,4,4,3,1,001400,1,1,9101,28069
00,1024,1,12A232,32,40352,4,1,0,03,-,1,7,2,09,26/04/2015,1,02,3,1, , , , , , , ,1, ,9101,0
00,1024,1,12A232,32,40352,1,1,0,02,-,1,2,2,41,28/09/1983,1,04,3,2,5,07, , , , , ,1, ,9101,0
00,1024,1,12A232,32,40361,2,1,0,02,-,1,2,2,62,15/09/1962,1,03,2,2,5,01,4,4,3,1,001500,1, ,8151,0
00,1024,1,12A232,32,40361,4,1,0,02,-,1,2,2,22,11/05/2002,1,03,3,2,1,07, , , , , ,1, ,8151,0
00,1024,1,12A232,32,40361,1,1,0,03,-,1,5,1,09,09/08/2015,1,02,3,1, , , , , , , ,1, ,8151,0
00,1024,1,12A232,32,40361,4,1,0,04,-,1,3,1,01,08/11/2023, , , , , , , , , , , ,1, ,8151,0
00,1024,1,12A232,32,40361,4,1,0,01,-,1,1,1,25,02/08/1999,1,04,3,2,1,01,7,2,3,1,001200,1,1,8151,16760
00,1024,1,12A232,32,40361,3,1,0,01,-,1,1,2,70,09/08/1954,1,02,3,2,1,07, , , , , ,1, ,8151,0
00,1024,1,12A232,32,40361,3,1,0,03,-,1,3,1,40,28/07/1984,1,03,3,2,6,01,5,5,3,1,002000,1, ,8151,0
00,1024,1,12A232,32,40361,3,1,0,04,-,1,3,1,32,01/06/1992,1,03,3,2,6,01,5,9,3,2,004500,1,1,8151,33520
00,1024,1,12A232,32,40361,1,1,0,02,-,1,2,2,58,11/06/1966,1,06,1,2,5,07, , , , , ,1, ,8151,0
00,1024,1,12A232,32,40361,4,1,0,03,-,1,3,2,04,09/06/2020, , , , , , , , , , , ,1, ,8151,0
00,1024,1,12A232,32,40361,3,1,0,02,-,1,2,1,72,02/06/1952,1,02,2,2,1,01,1,7,3,1,001800,1, ,8151,0
00,1024,1,12A232,32,40361,2,1,0,01,-,1,1,1,66,31/12/1957,1,02,4,2,5,09, , , , , ,1,1,8151,16760
00,1024,1,12A232,32,40361,1,1,0,01,-,1,1,1,58,09/08/1966,1,03,3,2,5,01,5,3,3,2,006000,1,1,8151,16760
00,1024,1,12A232,32,40368,2,1,0,02,-,1,2,2,27,17/01/1997,1,04,3,2,5,07, , , , , ,1,1,8728,17946
00,1024,1,12A232,32,40368,2,1,0,01,-,1,1,1,37,08/07/1987,1,04,3,2,5,01,4,4,1,1,006000,1, ,8728,0
00,1024,1,12A232,32,40368,4,1,0,01,-,1,1,2,81,22/01/1943,1,02,3,2,4,07, , , , , ,1,1,8728,8973
00,1024,1,12A232,32,40368,2,1,0,03,-,1,3,1,06,24/02/2018,2,01,3,1, , , , , , , ,1, ,8728,0
00,1024,1,12A232,32,40368,1,1,0,01,-,1,1,1,83,09/09/1941,1,08,6,2,6,08, , , , , ,1,1,8728,8973
00,1024,1,12A232,32,40368,3,1,0,02,-,1,3,2,12,20/02/2012,1,02,6,1,6,06, , , , , ,1, ,8728,0
00,1024,1,12A232,32,40368,2,1,0,04,-,1,3,1,00,27/11/2023, , , , , , , , , , , ,1, ,8728,0
00,1024,1,12A232,32,40368,3,1,0,01,-,1,1,2,49,24/07/1975,1,04,3,2,2,01,9,4,3,1,002000,1,1,8728,8973
00,1024,1,12A232,32,40382,2,1,0,01,-,1,1,1,49,22/12/1974,1,04,3,2,5,01,4,4,1,1,005000,1, ,7668,0
00,1024,1,12A232,32,40382,2,1,0,02,-,1,2,2,41,22/02/1983,1,07,2,2,5,02,4,4,6,5, ,1, ,7668,0
00,1024,1,12A232,32,40382,2,1,0,03,-,1,3,1,19,07/06/2005,1,03,3,1,6,01,9,5,3,1,001500,1,1,7668,23650
00,1024,1,12A232,32,40382,2,1,0,05,-,1,3,2,15,12/05/2009,1,03,3,1,6,06, , , , , ,1, ,7668,0
00,1024,1,12A232,32,40382,2,1,0,04,-,1,3,1,17,24/04/2007,1,04,1,1,6,01,4,4,3,1,000500,1, ,7668,0
14,1024,1,12A232,32,40382,3,1,0,01,-,1,1,1,23,15/11/2000,1,07,4,1,6,06, , , , , ,1, ,7668,0
14,1024,1,12A232,32,40382,3,1,0,02,-,1,6,2,20,21/03/2004,1,07,3,1,6,01,4,5,3,1,000350,1, ,7668,0
00,1024,1,12A232,32,40385,4,1,0,02,-,1,3,2,50,06/04/1974,1,07,5,2,6,01,3,3,2,2,010000,1,1,7499,30838
00,1024,1,12A232,32,40385,1,1,0,02,-,1,3,2,37,24/03/1987,1,07,5,1,6,01,1,5,3,2,005000,1, ,7499,0
00,1024,1,12A232,32,40385,4,1,0,01,-,1,1,2,80,12/09/1944,2,02,2,2,4,08, , , , , ,1, ,7499,0
00,1024,1,12A232,32,40385,4,1,0,04,-,1,5,2,19,05/01/2005,1,07,1,1,6,06, , , , , ,1, ,7499,0
00,1024,1,12A232,32,40385,3,1,0,02,-,1,2,2,33,08/10/1991,1,07,5,2,5,07, , , , , ,1, ,7499,0
00,1024,1,12A232,32,40385,3,1,0,04,-,1,3,2,99, , , , , , , , , , , , ,1, ,7499,0
00,1024,1,12A232,32,40385,3,1,0,03,-,1,3,2,09,18/09/2015,1,02,3,1, , , , , , , ,1, ,7499,0
00,1024,1,12A232,32,40385,4,1,0,03,-,1,5,1,20,09/04/2004,1,07,2,1,6,06, , , , , ,1, ,7499,0
00,1024,1,12A232,32,40385,1,1,0,01,-,1,1,2,60,10/01/1964,1,06,3,2,6,01,4,4,2,1,001000,1,1,7499,15419
00,1024,1,12A232,32,40385,3,1,0,01,-,1,1,1,32,04/06/1992,1,07,5,1,5,01,2,7,3,2,004000,1,1,7499,15419
00,1024,1,13A232,32,40391,2,1,0,02,-,1,2,2,29,14/04/1995,1,08,3,1,1,01,2,1,9,3,016000,1,1,8112,17271
00,1024,1,13A232,32,40391,4,1,0,02,-,1,2,2,36,25/02/1988,1,04,3,2,5,01,4,4,3,1,001200,1, ,8112,0
00,1024,1,13A232,32,40391,1,1,0,01,-,1,1,1,29,09/04/1995,1,07,5,2,6,01,4,4,5,3,015000,1,1,8112,8635
00,1024,1,13A232,32,40391,4,1,0,03,-,1,3,1,07,15/04/2017,1,02,1,1, , , , , , , ,1, ,8112,0
00,1024,1,13A232,32,40391,4,1,0,01,-,1,1,1,42,26/06/1982,1,04,3,2,5,03,2,7,3,2,007000,1,1,8112,17271
00,1024,1,13A232,32,40391,2,1,0,01,-,1,1,1,29,20/03/1995,1,07,5,2,1,01,1,2,3,2,014000,1, ,8112,0
00,1024,1,13A232,32,40395,2,1,0,02,-,1,2,2,55,17/05/1969,1,07,5,2,5,01,2,7,3,2,008000,1,1,9199,29379
00,1024,1,13A232,32,40395,2,1,0,01,-,1,1,1,53,17/09/1971,1,07,5,2,5,01,2,7,3,2,015000,1, ,9199,0
00,1024,1,13A232,32,40395,4,1,0,01,-,1,1,1,59,12/03/1965,1,06,3,2,5,01,5,5,1,2,015000,1,1,9199,19586
00,1024,1,13A232,32,40395,1,1,0,04,-,1,3,2,08,27/05/2016,1,02,2,1, , , , , , , ,1, ,9199,0
00,1024,1,13A232,32,40395,1,1,0,03,-,1,3,2,13,30/09/2011,2,02,6,1,6,06, , , , , ,1, ,9199,0
00,1024,1,13A232,32,40395,3,1,0,02,-,1,2,2,49,09/01/1975,1,04,3,2,1,07, , , , , ,1, ,9199,0
00,1024,1,13A232,32,40395,4,1,0,03,-,1,3,1,17,16/06/2007,1,04,2,1,6,06, , , , , ,1, ,9199,0
00,1024,1,13A232,32,40395,1,1,0,02,-,1,3,1,14,25/06/2010,1,03,2,1,6,06, , , , , ,1, ,9199,0
00,1024,1,13A232,32,40395,1,1,0,01,-,1,1,2,41,01/01/1983,1,07,3,2,3,01,5,9,2,1,000300,1,1,9199,9793
00,1024,1,13A232,32,40395,3,1,0,06,-,1,3,1,27,05/10/1997,1,07,3,1,6,01,9,4,5,1,000800,1, ,9199,0
00,1024,1,13A232,32,40395,4,1,0,02,-,1,2,2,55,01/09/1969,1,06,3,2,5,01,1,5,1,2,015000,1, ,9199,0
00,1024,1,13A232,32,40395,1,1,0,05,-,1,3,2,04,10/08/2020, , , , , , , , , , , ,1, ,9199,0
00,1024,1,13A232,32,40395,3,1,0,03,-,1,3,2,22,01/08/2002,1,07,3,1,6,06, , , , , ,1,1,9199,58758
00,1024,1,13A232,32,40395,3,1,0,07,-,1,3,1,25,16/09/1999,1,04,3,1,6,06, , , , , ,1, ,9199,0
00,1024,1,13A232,32,40395,3,1,0,04,-,1,3,2,10,22/03/2014,1,02,5,1, , , , , , , ,1, ,9199,0
00,1024,1,13A232,32,40395,3,1,0,01,-,1,1,1,55,24/09/1969,1,07,5,2,1,01,1,5,4,1,005000,1, ,9199,0
00,1024,1,13A232,32,40395,2,1,0,03,-,1,3,1,20,17/02/2004,1,07,2,1,6,06, , , , , ,1, ,9199,0
00,1024,1,13A232,32,40395,3,1,0,05,-,1,3,2,23,02/08/2001,1,07,5,2,6,04, , , , , ,1, ,9199,0
00,1024,1,13A232,32,40400,1,1,0,05,-,1,5,1,34,24/11/1989,1,07,5,2,5,01,7,3,2,3,010000,1, ,11059,0
00,1024,1,13A232,32,40400,1,1,0,02,-,1,2,2,59,13/05/1965,1,07,3,2,5,07, , , , , ,1, ,11059,0
00,1024,1,13A232,32,40400,1,1,0,06,-,1,5,1,00,09/11/2023, , , , , , , , , , , ,1, ,11059,0
00,1024,1,13A232,32,40400,1,1,0,04,-,1,3,2,32,05/09/1992,1,07,5,2,5,01,1,7,3,2,008000,1,1,11059,70634
00,1024,1,13A232,32,40400,1,1,0,09,-,1,9,2,21,09/11/2002,1,04,3,1,6,01,9,9,3,2,003000,1, ,11059,0
00,1024,1,13A232,32,40400,1,1,0,01,-,1,1,2,62,18/11/1961,1,09,9,2,5,01,1,5,1,1,008000,1, ,11059,0
00,1024,1,13A232,32,40400,2,1,0,02,-,1,2,2,64,27/01/1960,1,08,3,2,5,07, , , , , ,1, ,11059,0
00,1024,1,13A232,32,40400,1,1,0,08,-,1,5,1,03,26/07/2021, , , , , , , , , , , ,1, ,11059,0
00,1024,1,13A232,32,40400,3,1,0,02,-,1,2,2,64,16/02/1960,1,02,6,2,5,07, , , , , ,1,1,11059,35317
00,1024,1,13A232,32,40400,3,1,0,01,-,1,1,1,68,21/05/1956,1,07,5,2,5,09, , , , , ,1, ,11059,0
00,1024,1,13A232,32,40400,1,1,0,07,-,1,5,1,04,26/12/2019, , , , , , , , , , , ,1, ,11059,0
00,1024,1,13A232,32,40400,4,1,0,02,-,1,2,2,51,05/10/1973,1,07,5,2,5,01,3,6,3,1,004000,1,1,11059,35317
00,1024,1,13A232,32,40400,4,1,0,01,-,1,1,1,51,16/09/1973,1,07,5,2,5,01,1,6,3,1,005000,1, ,11059,0
00,1024,1,13A232,32,40400,1,1,0,03,-,1,3,1,34,27/04/1990,1,07,5,2,1,01,4,4,5,3,008000,1, ,11059,0
00,1024,1,13A232,32,40400,4,1,0,03,-,1,3,1,21,06/06/2003,1,06,2,1,6,06, , , , , ,1, ,11059,0
00,1024,1,13A232,32,40400,2,1,0,01,-,1,1,1,63,16/09/1961,1,08,3,2,5,08, , , , , ,1,1,11059,23545
00,1024,1,13A232,32,40400,3,1,0,03,-,1,3,1,33,15/04/1991,1,07,5,2,6,01,1,5,1,3,008000,1, ,11059,0
00,1024,1,13A232,32,40417,2,1,0,02,-,1,7,1,23,15/11/2000,1,07,4,1,6,06, , , , , ,1, ,8212,0
00,1024,1,13A232,32,40417,3,1,0,04,-,1,3,1,22,17/08/2002,1,07,5,1,6,06, , , , , ,1, ,8212,0
00,1024,1,13A232,32,40417,3,1,0,03,-,1,3,2,29,19/07/1995,1,08,2,2,6,01,4,4,3,1,001800,1, ,8212,0
00,1024,1,13A232,32,40417,2,1,0,01,-,1,1,1,65,16/07/1959,1,05,4,2,5,08, , , , , ,1, ,8212,0
00,1024,1,13A232,32,40417,1,1,0,04,-,1,3,1,25,14/08/1999,1,07,5,2,6,01,2,7,3,2,002000,1,1,8212,34967
00,1024,1,13A232,32,40417,1,1,0,03,-,1,3,2,40,20/03/1984,1,07,5,2,6,05, , , , , ,1, ,8212,0
00,1024,1,13A232,32,40417,2,1,0,03,-,1,7,2,20,21/03/2004,1,07,1,1,6,01,4,5,3,1,000350,1,1,8212,26225
00,1024,1,13A232,32,40417,1,1,0,02,-,1,2,2,63,26/11/1960,1,07,4,2,5,07, , , , , ,1, ,8212,0
00,1024,1,13A232,32,40417,3,1,0,05,-,1,3,1,12,11/11/2012,1,02,6,1,6,06, , , , , ,1, ,8212,0
00,1024,1,13A232,32,40417,3,1,0,02,-,1,2,2,53,11/09/1971,1,06,3,2,5,01,4,4,1,1,009999,1, ,8212,0
00,1024,1,13A232,32,40417,3,1,0,01,-,1,1,1,57,19/07/1967,1,07,5,2,5,01,3,4,3,1,999999,1,1,8212,34967
00,1024,1,13A232,32,40417,1,1,0,01,-,1,1,1,63,12/01/1961,1,07,5,2,5,08, , , , , ,1, ,8212,0
