"R_DEF_MOD","PER","N_ENT","FOL","ENT","CON","V_SEL","N_HOG","H_MUD","N_REN","NOM","C_RES","PAR","SEX","EDA","F_NAC","ALF","I_NIV","I_ANIO","A_ESC","E_CON","C_ACT","OCU","A_ECO","POS","I_PER","ING","TIPO","ELEGIDO","FACTOR","FAC_MOD"
"00","1021","3","12A204","01","40005","1","1","0","03","-","1","3","2","22","22/04/1999","1","07","2","1","6","06",,,,,,1,,9539,0
"00","1021","3","12A204","01","40005","4","1","0","02","-","1","3","1","17","16/05/2004","1","04","1","1","6","06",,,,,,1,,9539,0
"00","1021","3","12A204","01","40005","2","1","0","02","-","1","8","2","30","09/08/1991","1","07","5","2","6","01","5","5","3","2","005000",1,,9539,0
"00","1021","3","12A204","01","40005","3","1","0","02","-","1","2","2","54","15/07/1967","1","06","3","2","5","07",,,,,,1,,9539,0
"00","1021","3","12A204","01","40005","3","1","0","03","-","1","3","1","22","26/02/1999","1","07","2","1","6","01","5","4","3","2","002000",1,,9539,0
"00","1021","3","12A204","01","40005","3","1","0","04","-","1","3","2","20","09/04/2001","1","07","1","1","6","01","5","4","3","2","002000",1,,9539,0
"00","1021","3","12A204","01","40005","3","1","0","01","-","1","1","1","54","28/07/1967","1","07","5","2","5","01","1","5","3","2","006500",1,"1",9539,38633
"00","1021","3","12A204","01","40005","2","1","0","01","-","1","1","2","28","25/11/1992","1","07","5","2","6","01","1","2","3","2","009000",1,"1",9539,19317
"00","1021","3","12A204","01","40005","4","1","0","01","-","1","1","2","51","13/07/1970","1","08","2","2","6","05",,,,,,1,"1",9539,9658
"00","1021","3","12A204","01","40005","1","1","0","02","-","1","2","2","58","12/08/1963","1","02","6","2","5","02","4","4","6","5",,1,,9539,0
"00","1021","3","12A204","01","40005","1","1","0","01","-","1","1","1","56","20/04/1965","1","04","3","2","5","01","4","4","2","1","001000",1,"1",9539,28975
"00","1021","7","12A198","01","40040","2","1","0","03","-","1","3","1","22","19/06/1999","1","03","3","2","6","01","5","5","3","1","001200",1,"1",7395,22355
"00","1021","7","12A198","01","40040","4","1","1","02","-","1","2","2","21","17/08/2000","1","03","2","2","1","07",,,,,,1,"1",7395,14903
"00","1021","7","12A198","01","40040","3","1","0","02","-","1","2","2","50","21/08/1971","1","03","3","2","5","07",,,,,,1,,7395,0
"00","1021","5","12A198","01","40040","3","1","0","01","-","2",,,,,,,,,,,,,,,,1,,0,0
"00","1021","7","12A198","01","40040","4","1","1","03","-","1","3","2","04","01/01/2017",,,,,,,,,,,,1,,7395,0
"00","1021","7","12A198","01","40040","3","1","0","05","-","1","3","1","14","11/08/2007","1","02","6","1","6","06",,,,,,1,,7395,0
"00","1021","7","12A198","01","40040","3","1","0","03","-","1","3","2","28","23/12/1992","1","07","4","2","6","01","5","5","3","2","003500",1,,7395,0
"00","1021","7","12A198","01","40040","1","1","0","01","-","1","1","1","41","12/07/1980","1","02","6","2","5","01","7","3","3","1","002200",1,,7395,0
"00","1021","7","12A198","01","40040","1","1","0","05","-","1","3","2","12","26/02/2009","1","02","5","1","6","06",,,,,,1,,7395,0
"00","1021","7","12A198","01","40040","1","1","0","04","-","1","3","1","17","21/12/2003","1","04","2","1","6","01","4","4","3","1","000900",1,,7395,0
"00","1021","7","12A198","01","40040","1","1","0","03","-","1","3","2","19","11/02/2002","1","04","3","1","6","01","4","4","3","1","000800",1,"1",7395,22355
"00","1021","7","12A198","01","40040","1","1","0","02","-","1","2","2","41","11/12/1979","1","04","3","2","5","01","5","4","3","2","002000",1,,7395,0
"00","1021","7","12A198","01","40040","2","1","0","02","-","1","3","2","18","07/06/2003","1","04","2","1","6","06",,,,,,1,,7395,0
"00","1021","7","12A198","01","40040","2","1","0","01","-","1","1","2","40","25/08/1981","1","03","3","2","6","01","7","4","3","1","001400",1,,7395,0
"00","1021","7","12A198","01","40040","4","1","1","05","-","1","3","1","02","12/06/2019",,,,,,,,,,,,1,,7395,0
"00","1021","7","12A198","01","40040","4","1","1","01","-","1","1","1","22","23/01/1999","1","04","3","2","1","01","7","2","3","1","001400",1,,7395,0
"00","1021","7","12A198","01","40040","4","1","1","04","-","1","3","2","03","09/07/2018",,,,,,,,,,,,1,,7395,0
"00","1021","7","12A198","01","40040","3","1","0","04","-","1","3","1","24","30/09/1997","1","04","3","2","6","04",,,,,,1,"1",7395,22355
"00","1021","6","12B191","01","40139","3","1","0","05","-","1","5","1","03","04/09/2018",,,,,,,,,,,,1,,8524,0
"00","1021","6","12B191","01","40139","3","1","0","03","-","1","3","2","26","13/04/1995","1","04","3","2","5","07",,,,,,1,,8524,0
"00","1021","6","12B191","01","40139","1","1","0","01","-","1","1","2","46","30/08/1975","1","04","3","2","5","01","4","4","2","1","000900",1,"1",8524,8630
"00","1021","6","12B191","01","40139","1","1","0","03","-","1","3","2","06","10/09/2015","2","01","3","1",,,,,,,,1,,8524,0
"00","1021","6","12B191","01","40139","1","1","0","02","-","1","3","1","08","10/09/2013","1","02","2","1",,,,,,,,1,,8524,0
"00","1021","6","12B191","01","40139","4","1","0","01","-","1","1","1","56","04/09/1965","1","07","4","2","5","01","4","4","2","1","001200",1,"1",8524,8630
"00","1021","6","12B191","01","40139","3","1","0","07","-","1","5","2","14","03/11/2006","1","03","3","1","6","06",,,,,,1,,8524,0
"00","1021","6","12B191","01","40139","3","1","0","04","-","1","5","1","27","24/03/1994","1","04","1","2","5","01","5","4","3","1","001600",1,,8524,0
"00","1021","5","12B191","01","40139","3","1","0","01","-","2",,,,,,,,,,,,,,,,1,,0,0
"00","1021","6","12B191","01","40139","3","1","0","02","-","1","2","2","59","24/02/1962","1","02","6","2","5","07",,,,,,1,"1",8524,25890
"00","1021","6","12B191","01","40139","3","1","0","06","-","1","5","1","01","04/09/2020",,,,,,,,,,,,1,,8524,0
"00","1021","6","12B191","01","40139","2","1","0","05","-","1","3","1","21","04/09/2000","1","07","2","1","6","06",,,,,,1,"1",8524,34520
"00","1021","6","12B191","01","40139","2","1","0","04","-","1","3","2","24","04/09/1997","1","06","5","2","6","01","1","2","3","2","005500",1,,8524,0
"00","1021","6","12B191","01","40139","2","1","0","01","-","1","1","1","58","19/03/1963","1","02","6","2","5","01","5","5","3","1","002000",1,,8524,0
"00","1021","4","12B191","01","40139","2","1","0","03","-","2",,,,,,,,,,,,,,,,1,,0,0
"00","1021","6","12B191","01","40139","2","1","0","02","-","1","2","2","62","04/09/1959","2","04","3","2","5","07",,,,,,1,,8524,0
"00","1021","2","12A205","01","40165","3","1","0","01","-","1","1","2","41","26/01/1980","1","02","6","2","6","01","7","2","3","1","001100",1,"1",6957,7044
"00","1021","2","12A205","01","40165","2","1","0","03","-","1","3","2","19","26/11/2001","2","00",,"2","6","09",,,,,,1,,6957,0
"00","1021","2","12A205","01","40165","3","1","0","03","-","1","3","2","14","22/04/2007","1","02","6","2","6","07",,,,,,1,,6957,0
"00","1021","2","12A205","01","40165","3","1","0","04","-","1","3","2","08","21/07/2013","1","02","2","1",,,,,,,,1,,6957,0
"00","1021","2","12A205","01","40165","4","1","0","01","-","1","1","1","56","22/07/1965","1","07","5","2","5","01","4","4","3","1","002200",1,,6957,0
"00","1021","2","12A205","01","40165","4","1","0","02","-","1","2","2","60","25/07/1961","1","04","2","2","5","07",,,,,,1,,6957,0
"00","1021","2","12A205","01","40165","3","1","0","02","-","1","3","2","17","04/04/2004","1","03","3","2","6","07",,,,,,1,,6957,0
"00","1021","2","12A205","01","40165","2","1","0","01","-","1","1","1","45","01/02/1976","1","04","3","2","1","01","5","4","3","1","001400",1,,6957,0
"00","1021","2","12A205","01","40165","2","1","0","02","-","1","2","2","39","09/02/1982","1","03","3","2","1","07",,,,,,1,"1",6957,21132
"00","1021","2","12A205","01","40165","1","1","0","03","-","1","3","1","30","21/02/1991","1","04","2","2","6","01","5","4","3","1","001500",1,,6957,0
"00","1021","2","12A205","01","40165","1","1","0","02","-","1","3","2","26","10/08/1995","1","07","4","2","6","01","1","2","3","2","003200",1,"1",6957,21132
"00","1021","2","12A205","01","40165","1","1","0","01","-","1","1","1","60","01/02/1961","1","02","1","2","4","08",,,,,,1,,6957,0
"00","1021","2","12A205","01","40165","4","1","0","03","-","1","3","1","21","26/06/2000","1","04","3","2","6","01","5","4","3","2","003400",1,"1",6957,21132
"00","1021","8","11A197","01","40198","4","1","0","03","-","1","3","1","11","24/10/2009","1","02","3","1",,,,,,,,1,,10001,0
"00","1021","8","11A197","01","40198","4","1","0","04","-","1","3","2","07","13/07/2014","2","01","2","1",,,,,,,,1,,10001,0
"00","1021","8","11A197","01","40198","4","1","0","01","-","1","1","2","34","06/07/1987","1","03","3","2","6","01","7","2","3","1","001500",1,"1",10001,20154
"00","1021","2","11A197","01","40198","3","1","0","03","-","2",,,,,,,,,,,,,,,,1,,0,0
"00","1021","2","11A197","01","40198","3","1","0","02","-","2",,,,,,,,,,,,,,,,1,,0,0
"00","1021","8","11A197","01","40198","3","1","0","04","-","1","2","2","41","28/06/1980","1","03","3","2","1","07",,,,,,1,,10001,0
"00","1021","8","11A197","01","40198","3","1","0","01","-","1","1","1","51","11/04/1970","1","02","6","2","1","01","7","3","3","1","001500",1,"1",10001,20154
"00","1021","8","11A197","01","40198","2","1","0","03","-","1","3","2","09","07/01/2012","1","02","2","1",,,,,,,,1,,10001,0
"00","1021","8","11A197","01","40198","2","1","0","02","-","1","3","1","15","21/08/2006","1","03","2","1","6","06",,,,,,1,,10001,0
"00","1021","8","11A197","01","40198","2","1","0","01","-","1","1","2","35","17/11/1985","1","03","3","2","3","01","7","2","3","1","001400",1,"1",10001,10077
"00","1021","8","11A197","01","40198","4","1","0","02","-","1","3","2","20","23/09/2001","1","04","3","2","6","04",,,,,,1,,10001,0
"00","1021","8","11A197","01","40198","1","1","0","01","-","1","1","1","22","28/06/1999","1","04","3","2","1","01","5","4","2","1","002000",1,,10001,0
"00","1021","8","11A197","01","40198","1","1","0","02","-","1","2","2","18","10/01/2003","1","03","3","2","1","07",,,,,,1,"1",10001,20154
"00","1021","5","11B192","01","40265","1","1","0","01","-","1","1","2","74","04/07/1947","1","02","4","2","4","07",,,,,,1,"1",6318,6366
"00","1021","5","11B192","01","40265","1","1","0","02","-","1","5","1","17","17/06/2004","1","04","2","1","6","06",,,,,,1,,6318,0
"00","1021","5","11B192","01","40265","3","1","0","05","-","1","3","1","12","15/11/2008","1","02","4","1","6","06",,,,,,1,,6318,0
"00","1021","5","11B192","01","40265","3","1","0","04","-","1","3","1","14","01/10/2007","1","02","5","1","6","06",,,,,,1,,6318,0
"00","1021","5","11B192","01","40265","3","1","0","03","-","1","3","1","16","13/03/2005","1","02","6","1","6","06",,,,,,1,,6318,0
"00","1021","5","11B192","01","40265","3","1","0","01","-","1","1","1","38","04/05/1983","1","02","6","2","1","01","7","2","3","1","001600",1,"1",6318,12733
"00","1021","5","11B192","01","40265","3","1","0","02","-","1","2","2","33","13/07/1988","1","02","4","2","1","07",,,,,,1,,6318,0
"00","1021","5","11B192","01","40265","3","1","0","06","-","1","3","1","08","10/01/2013","1","02","1","1",,,,,,,,1,,6318,0
"00","1021","1","13A206","01","40294","3","1","0","05","-","1","7","1","60","25/11/1960","1","07","5","2","6","01","5","5","3","3","025000",1,,11117,0
"00","1021","1","13A206","01","40294","3","1","0","03","-","1","3","2","08","05/10/2013","1","02","3","1",,,,,,,,1,,11117,0
"00","1021","1","13A206","01","40294","3","1","0","04","-","1","3","1","03","07/05/2018",,,,,,,,,,,,1,,11117,0
"00","1021","1","13A206","01","40294","3","1","0","01","-","1","1","1","42","26/02/1979","1","04","3","2","1","04",,,,,,1,"1",11117,33648
"00","1021","1","13A206","01","40294","4","1","0","01","-","1","1","1","46","13/11/1974","1","09","2","2","1","01","1","5","2","2","022000",1,"1",11117,22432
"00","1021","1","13A206","01","40294","4","1","0","02","-","1","2","2","45","24/02/1976","1","08","2","2","1","01","1","5","3","2","015000",1,,11117,0
"00","1021","1","13A206","01","40294","3","1","0","02","-","1","2","2","41","15/03/1980","1","07","5","2","1","01","1","5","3","2","006000",1,,11117,0
"00","1021","5","12B192","01","40302","1","1","0","02","-","1","3","2","17","07/04/2004","1","04","1","1","6","06",,,,,,1,,6803,0
"00","1021","5","12B192","01","40302","2","1","0","01","-","1","1","1","27","06/12/1993","1","03","3","2","1","01","7","3","3","1","001500",1,"1",6803,13710
"00","1021","5","12B192","01","40302","1","1","0","01","-","1","1","2","42","11/01/1979","1","03","3","2","2","01","7","2","3","1","001200",1,"1",6803,6855
"00","1021","5","12B192","01","40302","4","1","0","03","-","1","3","1","18","17/07/2003","1","04","1","1","6","06",,,,,,1,,6803,0
"00","1021","5","12B192","01","40302","4","1","0","01","-","1","1","1","62","19/02/1959","1","02","5","2","1","08",,,,,,1,,6803,0
"00","1021","5","12B192","01","40302","4","1","0","02","-","1","2","2","57","15/07/1964","1","02","6","2","1","07",,,,,,1,"1",6803,20565
"00","1021","5","12B192","01","40302","3","1","0","01","-","1","1","1","33","03/10/1988","2","02","1","2","1","01","5","4","3","1","001600",1,"1",6803,13710
"00","1021","5","12B192","01","40302","3","1","0","05","-","1","3","1","17","06/10/2004","1","02","6","2","6","01","4","4","3","1","000900",1,,6803,0
"00","1021","5","12B192","01","40302","3","1","0","03","-","1","3","2","12","22/10/2008","1","02","6","1","6","06",,,,,,1,,6803,0
"00","1021","5","12B192","01","40302","3","1","0","04","-","1","3","1","10","22/10/2010","1","02","4","1",,,,,,,,1,,6803,0
"00","1021","5","12B192","01","40302","3","1","0","02","-","1","2","2","33","22/10/1987","1","03","3","2","1","01","4","4","3","1","001200",1,,6803,0
"00","1021","5","12B192","01","40302","2","1","0","04","-","1","3","1","04","21/06/2017",,,,,,,,,,,,1,,6803,0
"00","1021","5","12B192","01","40302","2","1","0","02","-","1","2","2","24","17/07/1997","1","04","1","2","1","07",,,,,,1,,6803,0
"00","1021","5","12B192","01","40302","2","1","0","03","-","1","3","1","06","08/10/2014","2","01","2","1",,,,,,,,1,,6803,0
"00","1021","5","12B192","01","40302","2","1","0","05","-","1","3","1","02","04/01/2019",,,,,,,,,,,,1,,6803,0
"00","1021","5","12B192","01","40302","1","1","0","03","-","1","3","2","08","11/05/2013","1","02","1","1",,,,,,,,1,,6803,0
"00","1021","1","11A206","01","40324","3","1","0","02","-","1","2","2","37","11/05/1984","1","03","3","2","5","07",,,,,,1,,7241,0
"00","1021","1","11A206","01","40324","3","1","0","03","-","1","3","1","15","22/10/2005","1","04","1","2","6","01","7","3","3","1","000600",1,,7241,0
"00","1021","1","11A206","01","40324","3","1","0","04","-","1","3","1","12","09/09/2009","1","03","1","1","6","06",,,,,,1,,7241,0
"00","1021","1","11A206","01","40324","3","1","0","01","-","1","1","1","41","07/01/1980","1","04","1","2","5","01","5","4","3","2","005000",1,"1",7241,14593
"00","1021","1","11A206","01","40324","4","1","0","01","-","1","1","1","27","16/03/1994","1","07","5","2","6","01","1","2","3","2","005000",1,"1",7241,14593
"00","1021","1","11A206","01","40324","4","1","0","02","-","1","6","2","24","18/02/1997","1","07","5","2","6","01","1","2","3","2","005000",1,,7241,0
"00","1021","1","11A206","01","40324","2","1","0","03","-","1","5","2","10","27/09/2011","1","02","4","1",,,,,,,,1,,7241,0
"00","1021","1","11A206","01","40324","2","1","0","02","-","1","2","2","64","26/11/1956","1","02","6","2","5","07",,,,,,1,"1",7241,14593
"00","1021","1","11A206","01","40324","2","1","0","01","-","1","1","1","63","23/09/1958","1","03","3","2","5","01","5","5","3","1","000900",1,,7241,0
"00","1021","1","11A206","01","40324","1","1","0","04","-","1","5","2","11","12/12/2009","1","02","4","1",,,,,,,,1,,7241,0
"00","1021","1","11A206","01","40324","1","1","0","01","-","1","1","2","60","16/07/1961","1","02","6","2","6","01","4","4","3","1","001500",1,"1",7241,14593
"00","1021","1","11A206","01","40324","1","1","0","05","-","1","5","1","01","18/07/2020",,,,,,,,,,,,1,,7241,0
"00","1021","1","11A206","01","40324","1","1","0","03","-","1","5","2","17","29/09/2004","1","03","3","1","6","06",,,,,,1,,7241,0
"00","1021","1","11A206","01","40324","1","1","0","02","-","1","3","2","34","24/08/1987","1","03","3","2","6","01","4","4","2","1","001000",1,,7241,0
"00","1021","7","13A198","01","40359","1","1","0","06","-","1","5","2","00","13/10/2020",,,,,,,,,,,,1,,7301,0
"00","1021","7","13A198","01","40359","4","1","0","04","-","1","5","1","09","25/03/2012","1","02","3","1",,,,,,,,1,,7301,0
"00","1021","7","13A198","01","40359","1","1","0","03","-","1","3","2","29","04/09/1992","1","04","2","2","5","07",,,,,,1,"1",7301,29569
"00","1021","7","13A198","01","40359","1","1","0","01","-","1","1","1","52","06/12/1968","1","04","3","2","5","01","5","5","3","2","005500",1,,7301,0
"00","1021","7","13A198","01","40359","3","1","0","01","-","1","1","2","38","28/05/1983","1","04","3","2","6","01","5","5","3","2","002000",1,"1",7301,7392
"00","1021","7","13A198","01","40359","1","1","0","05","-","1","3","1","24","15/07/1997","1","07","1","2","6","01","5","5","3","2","004800",1,,7301,0
"00","1021","7","13A198","01","40359","4","1","0","05","-","1","5","2","07","19/04/2014","2","02","1","1",,,,,,,,1,,7301,0
"00","1021","7","13A198","01","40359","4","1","0","03","-","1","3","2","29","12/10/1991","1","07","1","2","5","07",,,,,,1,,7301,0
"00","1021","7","13A198","01","40359","4","1","0","02","-","1","3","2","31","12/04/1990","1","07","5","2","6","01","3","5","3","2","004500",1,,7301,0
"00","1021","7","13A198","01","40359","4","1","0","01","-","1","1","2","62","27/03/1959","1","06","3","2","6","07",,,,,,1,"1",7301,22176
"00","1021","7","13A198","01","40359","2","1","0","03","-","1","3","2","39","02/02/1982","1","06","3","2","2","07",,,,,,1,"1",7301,22176
"00","1021","7","13A198","01","40359","2","1","0","02","-","1","2","2","61","28/01/1960","1","02","6","2","5","07",,,,,,1,,7301,0
"00","1021","7","13A198","01","40359","2","1","0","01","-","1","1","1","62","11/09/1959","1","03","3","2","5","08",,,,,,1,,7301,0
"00","1021","7","13A198","01","40359","2","1","0","04","-","1","5","1","03","04/11/2017",,,,,,,,,,,,1,,7301,0
"00","1021","5","13A198","01","40359","1","1","0","02","-","2",,,,,,,,,,,,,,,,1,,0,0
"00","1021","7","13A198","01","40359","1","1","0","04","-","1","3","1","28","10/10/1992","1","07","5","2","5","01","1","2","3","2","006500",1,,7301,0
"00","1021","4","11A203","01","40387","3","1","0","01","-","1","1","1","62","23/08/1959","1","02","2","2","1","04",,,,,,1,"1",7985,24138
"00","1021","4","11A203","01","40387","2","1","0","05","-","1","3","2","15","25/01/2006","1","03","3","1","6","06",,,,,,1,,7985,0
"00","1021","4","11A203","01","40387","3","1","0","04","-","1","3","2","12","05/09/2009","1","02","5","1","6","06",,,,,,1,,7985,0
"00","1021","4","11A203","01","40387","3","1","0","06","-","1","4","2","85","03/06/1936","2","00",,"2","4","09",,,,,,1,,7985,0
"00","1021","4","11A203","01","40387","4","1","0","01","-","1","1","2","76","18/04/1945","1","02","6","2","4","07",,,,,,1,,7985,0
"00","1021","4","11A203","01","40387","4","1","0","02","-","1","3","1","46","11/12/1974","1","02","6","2","6","01","7","3","3","1","001000",1,"1",7985,16092
"00","1021","4","11A203","01","40387","3","1","0","02","-","1","2","2","41","28/05/1980","1","02","2","2","1","01","5","5","2","1","000700",1,,7985,0
"00","1021","4","11A203","01","40387","3","1","0","05","-","1","3","1","04","02/11/2016",,,,,,,,,,,,1,,7985,0
"00","1021","4","11A203","01","40387","2","1","0","06","-","1","3","1","13","21/12/2007","1","03","2","1","6","06",,,,,,1,,7985,0
"00","1021","4","11A203","01","40387","2","1","0","03","-","1","3","1","25","18/07/1996","1","04","3","2","6","01","7","2","3","1","001200",1,"1",7985,24138
"00","1021","4","11A203","01","40387","2","1","0","02","-","1","2","2","46","21/09/1975","1","03","3","2","5","01","5","5","2","1","000500",1,,7985,0
"00","1021","3","11A203","01","40387","2","1","0","04","-","2",,,,,,,,,,,,,,,,1,,0,0
"00","1021","4","11A203","01","40387","1","1","0","02","-","1","3","1","03","17/03/2018",,,,,,,,,,,,1,,7985,0
"00","1021","4","11A203","01","40387","1","1","0","03","-","1","3","2","00","01/06/2021",,,,,,,,,,,,1,,7985,0
"00","1021","4","11A203","01","40387","1","1","0","01","-","1","1","2","41","04/06/1980","1","07","1","2","2","01","7","2","3","1","001200",1,"1",7985,8046
"00","1021","4","11A203","01","40387","2","1","0","01","-","1","1","1","45","28/07/1976","1","03","3","2","5","01","7","4","3","1","001800",1,,7985,0
"00","1021","4","11A203","01","40387","3","1","0","03","-","1","3","1","13","01/09/2008","1","02","5","1","6","06",,,,,,1,,7985,0
"00","1021","4","12A203","01","40419","2","1","0","03","-","1","3","1","03","17/10/2017",,,,,,,,,,,,1,,8222,0
"00","1021","4","12A203","01","40419","3","1","0","03","-","1","3","1","18","30/08/2003","1","03","3","1","6","06",,,,,,1,,8222,0
"00","1021","4","12A203","01","40419","2","1","0","02","-","1","2","2","26","26/10/1994","1","07","5","2","5","07",,,,,,1,,8222,0
"00","1021","4","12A203","01","40419","4","1","0","03","-","1","3","1","19","02/04/2002","1","03","3","2","6","04",,,,,,1,,8222,0
"00","1021","4","12A203","01","40419","4","1","0","02","-","1","2","2","47","13/10/1973","2","00",,"2","5","07",,,,,,1,"1",8222,24972
"00","1021","4","12A203","01","40419","4","1","0","01","-","1","1","1","46","12/06/1975","1","03","3","2","5","01","5","5","3","2","002000",1,,8222,0
"00","1021","4","12A203","01","40419","3","1","0","01","-","1","1","1","46","28/07/1975","1","07","3","2","1","01","5","5","3","1","002200",1,"1",8222,24972
"00","1021","4","12A203","01","40419","1","1","0","03","-","1","3","2","20","03/10/2001","1","07","4","1","6","06",,,,,,1,,8222,0
"00","1021","4","12A203","01","40419","1","1","0","02","-","1","2","2","52","13/07/1969","1","06","3","2","5","07",,,,,,1,"1",8222,24972
"00","1021","4","12A203","01","40419","1","1","0","01","-","1","1","1","55","26/03/1966","1","02","6","2","5","01","5","5","3","2","002000",1,,8222,0
"00","1021","4","12A203","01","40419","3","1","0","04","-","1","3","2","16","12/11/2004","1","03","3","1","6","06",,,,,,1,,8222,0
"00","1021","4","12A203","01","40419","3","1","0","02","-","1","2","2","42","16/12/1978","1","07","3","2","1","01","5","4","3","1","001400",1,,8222,0
"00","1021","4","12A203","01","40419","3","1","0","05","-","1","3","2","05","24/02/2016","2","01","1","1",,,,,,,,1,,8222,0
"00","1021","4","12A203","01","40419","3","1","0","06","-","1","3","2","05","24/02/2016","2","01","1","1",,,,,,,,1,,8222,0
"00","1021","4","12A203","01","40419","2","1","0","01","-","1","1","1","28","12/02/1993","1","07","5","2","5","01","1","2","3","2","005500",1,"1",8222,16648
"00","1021","3","11A204","02","40034","1","1","0","03","-","1","5","2","24","15/11/1996","1","04","3","2","1","01","4","4","2","1","002500",1,"1",7607,22994
"14","1021","3","11A204","02","40034","4","1","0","03","-","1","3","1","15","07/04/2006","1","03","2","1","6","06",,,,,,1,,7607,0
"14","1021","3","11A204","02","40034","4","1","0","05","-","1","3","2","10","24/11/2010","1","02","5","1",,,,,,,,1,,7607,0
"14","1021","3","11A204","02","40034","4","1","0","02","-","1","2","2","45","14/05/1976","1","03","3","2","1","07",,,,,,1,,7607,0
"14","1021","3","11A204","02","40034","4","1","0","04","-","1","3","2","14","13/03/2007","1","03","2","1","6","06",,,,,,1,,7607,0
"00","1021","3","11A204","02","40034","3","1","0","02","-","1","3","1","41","29/12/1979","1","03","2","2","6","01","5","5","3","1","002000",1,"1",7607,22994
"00","1021","3","11A204","02","40034","1","1","0","05","-","1","5","1","03","01/10/2018",,,,,,,,,,,,1,,7607,0
"00","1021","3","11A204","02","40034","1","1","0","04","-","1","3","2","16","01/01/2005","1","04","1","1","6","01","5","5","3","1","999999",1,,7607,0
"00","1021","3","11A204","02","40034","1","1","0","01","-","1","1","2","46","05/09/1975","1","03","3","2","2","01","5","5","3","1","999999",1,,7607,0
"00","1021","3","11A204","02","40034","1","1","0","02","-","1","3","1","23","13/10/1997","1","04","3","2","1","01","5","5","1","1","999999",1,,7607,0
"14","1021","3","11A204","02","40034","4","1","0","01","-","1","1","1","54","08/05/1967","1","03","2","2","1","01","1","5","1","1","999999",1,,7607,0
"00","1021","3","11A204","02","40034","2","1","0","01","-","1","1","1","28","15/01/1993","1","07","4","2","5","01","1","5","3","1","999999",1,,7607,0
"00","1021","3","11A204","02","40034","2","1","0","03","-","1","3","1","01","01/02/2020",,,,,,,,,,,,1,,7607,0
"00","1021","3","11A204","02","40034","2","1","0","02","-","1","2","2","27","15/10/1993","1","04","3","2","5","07",,,,,,1,"1",7607,15329
"00","1021","3","11A204","02","40034","3","1","0","01","-","1","1","2","70","28/07/1951","1","03","1","2","6","07",,,,,,1,,7607,0
"00","1021","3","11A204","02","40034","3","1","0","03","-","1","3","2","24","23/12/1996","1","03","3","2","6","09",,,,,,1,,7607,0
"15","1021","3","13A204","02","40099","3","1","0","02","-","1","2","2","62","30/06/1959","1","08","2","1","5","01","2","5","3","2","999999",1,"1",18728,0
"15","1021","3","13A204","02","40099","3","1","0","03","-","1","3","1","15","30/06/2006","1","04","1","1","6","06",,,,,,1,,18728,0
"15","1021","3","13A204","02","40099","3","1","0","04","-","1","3","2","30","30/06/1991","1","07","5","1","6","01","2","7","3","1","999999",1,,18728,0
"15","1021","3","13A204","02","40099","3","1","0","01","-","2",,,,,,,,,,,,,,,,1,,0,0
"00","1021","3","13A204","02","40099","2","1","0","01","-","1","1","1","73","21/03/1948","1","07","5","2","5","01","1","5","2","1","999999",1,"1",18728,75578
"00","1021","3","13A204","02","40099","2","1","0","02","-","1","2","2","72","12/04/1949","1","04","3","2","5","07",,,,,,1,,18728,0
"00","1021","7","11A198","02","40107","1","1","0","02","-","1","3","1","31","18/09/1990","1","04","3","2","6","04",,,,,,1,,6463,0
"00","1021","7","11A198","02","40107","1","1","0","01","-","1","1","2","64","03/09/1957","1","06","3","2","2","01","5","5","2","1","999999",1,"1",6463,19630
"00","1021","7","11A198","02","40107","1","1","0","03","-","1","3","1","25","03/02/1996","1","07","3","1","6","06",,,,,,1,,6463,0
"00","1021","7","11A198","02","40107","3","1","0","01","-","1","1","2","78","03/09/1943","1","07","5","2","6","08",,,,,,1,,6463,0
"00","1021","7","11A198","02","40107","3","1","0","02","-","1","6","2","76","14/06/1945","2","07","5","2","6","08",,,,,,1,"1",6463,13087
"00","1021","7","12A198","02","40141","2","1","1","02","-","1","8","2","54","15/07/1967","1","03","3","2","6","01","7","2","3","1","002300",1,,5682,0
"00","1021","7","12A198","02","40141","2","1","1","01","-","1","1","1","46","11/04/1975","1","04","3","2","2","01","5","4","3","1","002500",1,"1",5682,11450
"00","1021","7","12A198","02","40141","4","1","0","01","-","1","1","1","60","05/07/1961","1","04","1","2","2","03","4","4","2","1","999999",1,"1",5682,11450
"00","1021","7","12A198","02","40141","4","1","0","02","-","1","3","1","25","19/09/1996","1","04","3","1","6","01","4","4","3","2","999999",1,,5682,0
"00","1021","7","12A198","02","40141","3","1","1","01","-","1","1","2","21","08/05/2000","1","02","6","2","1","01","7","2","3","1","001600",1,"1",5682,11450
"00","1021","7","12A198","02","40141","3","1","1","02","-","1","2","1","35","19/02/1986","1","02","4","2","1","01","7","2","3","1","002000",1,,5682,0
"00","1021","8","11A197","02","40195","4","1","0","03","-","1","5","1","13","21/11/2007","1","02","6","1","6","06",,,,,,1,,7145,0
"00","1021","8","11A197","02","40195","4","1","0","02","-","1","3","2","31","29/10/1989","1","04","2","1","6","01","5","5","3","1","001500",1,,7145,0
"00","1021","8","11A197","02","40195","1","1","0","01","-","1","1","1","33","30/11/1987","1","03","3","2","6","01","5","5","3","1","001800",1,"1",7145,7199
"00","1021","8","11A197","02","40195","2","1","0","03","-","1","3","2","24","01/10/1997","1","07","1","1","6","01","2","7","3","2","999999",1,,7145,0
"00","1021","8","11A197","02","40195","4","1","0","01","-","1","1","2","64","11/08/1957","1","03","3","2","4","07",,,,,,1,"1",7145,14398
"00","1021","8","11A197","02","40195","2","1","0","04","-","1","3","2","28","18/04/1993","1","04","3","2","6","01","5","5","3","1","001700",1,,7145,0
"00","1021","8","11A197","02","40195","2","1","0","01","-","1","1","1","52","13/07/1969","1","03","3","2","5","10",,,,,,1,"1",7145,28797
"00","1021","8","11A197","02","40195","2","1","0","05","-","1","5","2","00","03/08/2021",,,,,,,,,,,,1,,7145,0
"00","1021","8","11A197","02","40195","2","1","0","02","-","1","2","2","48","08/04/1973","1","03","3","2","5","09",,,,,,1,,7145,0
"00","1021","6","11B191","02","40232","2","1","0","02","-","1","2","2","42","20/12/1978","1","07","4","2","5","01","2","5","3","2","999999",1,,8318,0
"00","1021","6","11B191","02","40232","2","1","0","04","-","1","3","2","16","27/08/2005","1","03","3","1","6","06",,,,,,1,,8318,0
"00","1021","6","11B191","02","40232","2","1","0","01","-","1","1","1","42","02/02/1979","1","04","3","2","5","01","2","5","3","2","999999",1,,8318,0
"00","1021","6","11B191","02","40232","4","1","0","02","-","1","2","2","53","09/12/1967","1","02","6","2","5","07",,,,,,1,"1",8318,16763
"00","1021","6","11B191","02","40232","4","1","0","01","-","1","1","1","53","28/07/1968","1","04","3","2","5","03","5","5","2","1","002000",1,,8318,0
"00","1021","6","11B191","02","40232","2","1","0","05","-","1","3","1","11","28/10/2009","1","02","5","1",,,,,,,,1,,8318,0
"00","1021","6","11B191","02","40232","2","1","0","03","-","1","3","2","20","17/11/2000","1","07","1","1","6","06",,,,,,1,"1",8318,25145
"14","1021","2","12A205","02","40259","2","1","0","02","-","1","3","1","21","29/02/2000","1","04","3","2","6","01","5","4","3","1","999999",1,,7130,0
"14","1021","2","12A205","02","40259","2","1","0","01","-","1","1","1","52","14/01/1969","1","99",,"2","5","01","3","5","3","1","999999",1,,7130,0
"14","1021","2","12A205","02","40259","2","1","0","03","-","1","2","2","53","07/01/1968","1","03","2","1","5","07",,,,,,1,,7130,0
"00","1021","2","12A205","02","40259","1","1","0","01","-","1","1","1","43","27/01/1978","1","07","5","2","5","01","4","4","2","1","999999",1,"1",7130,14439
"00","1021","2","12A205","02","40259","1","1","0","02","-","1","2","2","43","01/12/1977","1","04","3","2","5","01","4","4","2","1","999999",1,,7130,0
"00","1021","2","11A205","02","40260","3","1","0","03","-","3","3","1","99",,,,,,,,,,,,,1,,7752,0
"00","1021","2","11A205","02","40260","3","1","0","01","-","1","1","2","84","15/06/1937","1","02","4","2","4","07",,,,,,1,"1",7752,7811
"00","1021","2","11A205","02","40260","1","1","1","02","-","1","2","2","56","07/02/1965","1","03","3","2","5","07",,,,,,1,"1",7752,23434
"00","1021","2","11A205","02","40260","1","1","1","01","-","1","1","1","63","15/10/1957","1","03","3","2","5","08",,,,,,1,,7752,0
"00","1021","2","11A205","02","40260","1","1","1","03","-","1","7","2","60","11/11/1960","1","02","6","2","4","07",,,,,,1,,7752,0
"00","1021","2","11A205","02","40260","3","1","0","02","-","3","3","1","99",,,,,,,,,,,,,1,,7752,0
"00","1021","2","11A205","02","40260","2","1","0","04","-","1","3","1","22","24/11/1998","1","07","3","1","6","01","1","2","3","1","999999",1,,7752,0
"00","1021","2","11A205","02","40260","2","1","0","05","-","1","3","2","20","02/09/2001","1","07","2","1","6","06",,,,,,1,,7752,0
"00","1021","2","11A205","02","40260","2","1","0","03","-","1","3","1","27","15/04/1994","1","07","5","1","6","01","1","5","3","2","999999",1,,7752,0
"00","1021","2","11A205","02","40260","2","1","0","02","-","1","2","2","50","10/07/1971","1","07","5","2","5","01","1","5","3","1","006000",1,"1",7752,39056
"00","1021","2","11A205","02","40260","4","1","0","01","-","1","1","1","62","15/05/1959","1","02","3","2","2","08",,,,,,1,"1",7752,7811
"00","1021","2","11A205","02","40260","2","1","0","01","-","1","1","1","55","24/03/1966","1","03","3","2","5","03","5","4","3","1","002000",1,,7752,0
"00","1021","6","13B191","02","40269","2","1","0","04","-","1","3","2","05","12/03/2016","2","01","2","1",,,,,,,,1,,8804,0
"00","1021","6","13B191","02","40269","4","1","0","01","-","1","1","1","49","02/10/1972","1","07","5","2","5","01","1","2","3","1","999999",1,,8804,0
"00","1021","6","13B191","02","40269","4","1","0","03","-","1","3","2","16","28/02/2005","1","03","3","1","6","06",,,,,,1,,8804,0
"00","1021","6","13B191","02","40269","4","1","0","02","-","1","2","2","46","21/03/1975","2","07","4","2","5","07",,,,,,1,"1",8804,17764
"00","1021","6","13B191","02","40269","1","1","0","05","-","1","3","2","03","14/06/2018",,,,,,,,,,,,1,,8804,0
"00","1021","6","13B191","02","40269","1","1","0","04","-","1","3","1","12","28/03/2009","1","02","6","1","6","06",,,,,,1,,8804,0
"00","1021","6","13B191","02","40269","1","1","0","02","-","1","2","2","37","28/11/1983","1","06","2","2","5","07",,,,,,1,,8804,0
"00","1021","6","13B191","02","40269","1","1","0","03","-","1","3","2","14","21/10/2006","1","03","2","1","6","06",,,,,,1,,8804,0
"00","1021","6","13B191","02","40269","1","1","0","01","-","1","1","1","41","01/01/1980","1","03","3","2","5","01","5","6","3","1","999999",1,"1",8804,17764
"00","1021","6","13B191","02","40269","2","1","0","03","-","1","3","2","09","09/07/2012","1","02","2","1",,,,,,,,1,,8804,0
"00","1021","6","13B191","02","40269","2","1","0","05","-","1","3","2","04","31/08/2017",,,,,,,,,,,,1,,8804,0
"00","1021","6","13B191","02","40269","2","1","0","02","-","1","2","2","25","12/10/1995","1","04","3","2","1","01","7","2","3","1","002000",1,"1",8804,17764
"00","1021","6","13B191","02","40269","2","1","0","01","-","1","1","1","32","16/08/1989","1","06","4","2","1","01","7","2","3","1","999999",1,,8804,0
"00","1021","5","11B192","02","40329","1","1","0","04","-","1","5","2","04","01/07/2017",,,,,,,,,,,,1,,18547,0
"00","1021","5","11B192","02","40329","1","1","0","01","-","1","1","2","67","17/08/1954","1","02","4","2","6","08",,,,,,1,"1",18547,56064
"00","1021","5","11B192","02","40329","3","1","0","01","-","1","1","1","32","10/11/1988","1","03","3","2","5","01","3","2","3","1","999999",1,,18547,0
"00","1021","5","11B192","02","40329","3","1","0","04","-","1","3","1","09","10/11/2011","1","02","3","1",,,,,,,,1,,18547,0
"00","1021","5","11B192","02","40329","3","1","0","05","-","1","3","1","17","10/11/2003","1","03","3","1","6","01","4","4","3","1","999999",1,,18547,0
"00","1021","5","11B192","02","40329","3","1","0","02","-","1","2","2","36","10/11/1984","1","03","3","2","5","01","7","2","3","1","002000",1,"1",18547,37376
"00","1021","5","11B192","02","40329","2","1","1","01","-","1","1","1","27","25/10/1993","1","04","3","2","1","01","5","5","2","1","003000",1,,18547,0
"00","1021","5","11B192","02","40329","2","1","1","03","-","1","3","1","00","21/11/2020",,,,,,,,,,,,1,,18547,0
"00","1021","5","11B192","02","40329","2","1","1","02","-","1","2","2","25","06/06/1996","1","04","3","2","1","01","5","5","2","1","003000",1,"1",18547,37376
"00","1021","5","11B192","02","40329","1","1","0","02","-","1","3","1","43","13/12/1977","1","02","6","2","6","01","7","2","3","1","001800",1,,18547,0
"00","1021","5","11B192","02","40329","1","1","0","03","-","1","3","2","41","04/10/1980","1","02","6","2","6","01","7","2","3","1","001800",1,,18547,0
"00","1021","5","11B192","02","40329","4","1","0","01","-","1","1","1","35","07/03/1986","1","07","3","2","6","01","3","2","3","1","999999",1,"1",18547,18688
"00","1021","5","11B192","02","40329","3","1","0","03","-","1","3","1","13","10/11/2007","1","02","6","1","6","06",,,,,,1,,18547,0
"00","1021","4","13A203","02","40349","1","1","1","01","-","1","1","1","40","06/04/1981","1","09","4","2","1","01","1","5","3","2","999999",1,"1",8951,18060
"00","1021","4","13A203","02","40349","1","1","1","02","-","1","2","2","31","10/05/1990","1","07","5","2","1","07",,,,,,1,,8951,0
"00","1021","4","13A203","02","40349","3","1","0","04","-","1","3","1","21","12/09/2000","1","04","3","1","6","01","4","4","3","1","001400",1,"1",8951,27090
"00","1021","4","13A203","02","40349","4","1","0","04","-","1","3","1","04","20/12/2016",,,,,,,,,,,,1,,8951,0
"00","1021","4","13A203","02","40349","4","1","0","01","-","1","1","2","27","27/11/1993","1","04","3","2","6","02","5","5","6","5",,1,"1",8951,18060
"00","1021","4","13A203","02","40349","4","1","0","03","-","1","3","1","02","03/04/2019",,,,,,,,,,,,1,,8951,0
"00","1021","4","13A203","02","40349","3","1","0","01","-","1","1","1","44","17/01/1977","1","03","3","2","1","01","7","2","1","1","999999",1,,8951,0
"00","1021","4","13A203","02","40349","3","1","0","02","-","1","2","2","52","17/07/1969","1","04","3","2","1","07",,,,,,1,,8951,0
"00","1021","4","13A203","02","40349","4","1","0","02","-","1","2","1","31","25/07/1990","1","04","3","2","5","01","5","5","1","1","004000",1,,8951,0
"00","1021","4","13A203","02","40349","3","1","0","03","-","1","3","1","12","21/04/2009","1","02","6","1","6","06",,,,,,1,,8951,0
"00","1021","5","12B192","02","40366","3","1","0","01","-","1","1","2","29","09/04/1992","1","04","2","2","1","01","4","4","3","1","001300",1,"1",7289,14759
"00","1021","5","12B192","02","40366","3","1","0","03","-","1","3","1","03","12/10/2017",,,,,,,,,,,,1,,7289,0
"00","1021","5","12B192","02","40366","3","1","0","04","-","1","3","1","02","29/07/2019",,,,,,,,,,,,1,,7289,0
"00","1021","5","12B192","02","40366","3","1","0","02","-","1","2","1","24","29/01/1997","1","03","3","2","1","01","5","6","2","1","004000",1,,7289,0
"00","1021","5","12B192","02","40366","2","1","0","02","-","1","2","2","60","30/06/1961","1","02","6","2","5","07",,,,,,1,"1",7289,14759
"00","1021","5","12B192","02","40366","2","1","0","01","-","1","1","1","58","08/05/1963","1","04","1","2","5","01","7","2","3","1","002000",1,,7289,0
"00","1021","5","12B192","02","40366","4","1","0","03","-","1","3","2","28","24/03/1993","1","03","3","2","5","01","7","2","3","1","003000",1,"1",7289,22139
"00","1021","5","12B192","02","40366","4","1","0","01","-","1","1","2","59","21/03/1962","1","02","6","2","6","01","7","2","3","1","003000",1,,7289,0
"00","1021","5","12B192","02","40366","4","1","0","04","-","1","5","1","06","08/10/2014","1","01","3","1",,,,,,,,1,,7289,0
"00","1021","5","12B192","02","40366","4","1","0","02","-","1","5","1","25","22/03/1996","1","04","3","2","5","01","5","5","3","2","008000",1,,7289,0
"00","1021","5","12B192","02","40366","4","1","0","05","-","1","5","2","02","17/05/2019",,,,,,,,,,,,1,,7289,0
"00","1021","4","11A203","02","40381","3","1","0","01","-","1","1","1","24","24/12/1996","1","07","2","1","6","01","3","5","3","1","002500",1,"1",8358,8422
"00","1021","4","11A203","02","40381","2","1","0","03","-","1","3","2","23","10/11/1997","1","07","3","1","6","06",,,,,,1,,8358,0
"00","1021","4","11A203","02","40381","1","1","0","05","-","1","3","2","04","04/02/2017",,,,,,,,,,,,1,,8358,0
"00","1021","4","11A203","02","40381","1","1","0","03","-","1","3","1","09","27/12/2011","1","02","3","1",,,,,,,,1,,8358,0
"00","1021","4","11A203","02","40381","1","1","0","02","-","1","2","1","33","08/07/1988","1","04","3","2","5","01","5","6","2","1","003000",1,"1",8358,16844
"00","1021","4","11A203","02","40381","2","1","0","04","-","1","5","1","01","17/07/2020",,,,,,,,,,,,1,,8358,0
"00","1021","4","11A203","02","40381","1","1","0","04","-","1","3","2","11","24/07/2010","1","02","4","1",,,,,,,,1,,8358,0
"00","1021","4","11A203","02","40381","4","1","0","01","-","1","1","1","58","26/09/1963","1","04","2","2","5","01","4","4","2","1","999999",1,,8358,0
"00","1021","4","11A203","02","40381","4","1","0","02","-","1","2","2","58","18/09/1963","1","04","2","2","5","03","7","2","3","1","001900",1,"1",8358,16844
"00","1021","4","11A203","02","40381","2","1","0","02","-","1","2","2","57","06/10/1964","1","03","3","2","1","07",,,,,,1,"1",8358,25265
"00","1021","4","11A203","02","40381","2","1","0","01","-","1","1","1","56","25/03/1965","1","03","3","2","1","01","5","5","2","1","003000",1,,8358,0
"00","1021","4","11A203","02","40381","1","1","0","01","-","1","1","2","33","04/04/1988","1","04","3","2","5","07",,,,,,1,,8358,0
"00","1021","1","12A206","02","40391","2","1","0","02","-","1","9","2","18","15/06/2003","1","03","3","2","6","01","5","5","2","1","999999",1,,15606,0
"00","1021","1","12A206","02","40391","1","1","0","03","-","1","3","1","04","03/04/2017",,,,,,,,,,,,1,,15606,0
"00","1021","1","12A206","02","40391","1","1","0","01","-","1","1","1","48","02/11/1972","1","07","3","2","1","01","2","7","3","2","999999",1,,15606,0
"00","1021","1","12A206","02","40391","1","1","0","02","-","1","2","2","31","30/06/1990","1","07","3","2","1","07",,,,,,1,"1",15606,31602
"00","1021","1","12A206","02","40391","2","1","0","04","-","1","3","1","06","26/12/2014","1","01","2","2",,,,,,,,1,,15606,0
"00","1021","1","12A206","02","40391","2","1","0","01","-","1","1","2","42","14/04/1979","1","08","2","2","4","01","3","4","2","1","999999",1,"1",15606,31602
"00","1021","1","12A206","02","40391","2","1","0","03","-","1","3","2","11","26/09/2010","1","02","5","1",,,,,,,,1,,15606,0
"00","1021","3","12A204","03","40002","3","1","1","01","-","1","1","1","23","04/01/1998","1","07","2","2","6","01","5","5","3","1","004500",1,"1",6681,6764
"00","1021","3","12A204","03","40002","2","1","0","02","-","1","2","2","51","04/09/1970","1","07","4","2","5","02","4","4","6","5",,1,,6681,0
"00","1021","3","12A204","03","40002","2","1","0","01","-","1","1","1","55","19/01/1966","1","07","2","2","5","01","4","4","2","1","003000",1,"1",6681,13528
"00","1021","3","12A204","03","40002","4","1","0","01","-","1","1","1","38","11/01/1983","1","07","5","2","1","01","1","5","1","3","030000",1,,6681,0
"00","1021","3","12A204","03","40002","4","1","0","02","-","1","2","2","36","06/08/1985","1","07","5","2","1","01","1","5","3","2","015000",1,"1",6681,13528
"00","1021","7","12A198","03","40063","3","1","0","04","-","1","3","2","02","30/09/2019",,,,,,,,,,,,1,,6025,0
"00","1021","7","12A198","03","40063","4","1","0","03","-","1","8","1","46","30/06/1975","1","04","3","2","6","04",,,,,,1,,6025,0
"00","1021","7","12A198","03","40063","3","1","0","02","-","1","2","2","33","06/05/1988","1","03","3","2","1","01","5","5","3","2","002500",1,,6025,0
"00","1021","7","12A198","03","40063","3","1","0","03","-","1","3","1","13","15/04/2008","1","02","6","1","6","06",,,,,,1,,6025,0
"00","1021","7","12A198","03","40063","4","1","0","02","-","1","4","2","48","22/02/1973","1","03","3","2","6","01","5","5","3","1","001200",1,,6025,0
"00","1021","7","12A198","03","40063","4","1","0","01","-","1","1","1","23","03/11/1997","1","03","3","2","6","01","4","4","2","1","000400",1,"1",6025,18300
"00","1021","7","12A198","03","40063","2","1","0","01","-","1","1","2","23","30/10/1997","1","04","1","2","6","01","5","5","3","1","001200",1,"1",6025,6100
"00","1021","7","12A198","03","40063","1","1","1","02","-","1","3","1","18","14/07/2003","1","04","3","2","6","01","5","5","3","1","001500",1,,6025,0
"00","1021","7","12A198","03","40063","1","1","1","01","-","1","1","1","40","22/06/1981","1","03","3","2","2","01","7","3","2","1","003000",1,"1",6025,12200
"00","1021","7","12A198","03","40063","3","1","0","01","-","1","1","1","51","18/02/1970","1","03","3","2","6","01","5","5","3","2","004000",1,"1",6025,12200
"00","1021","6","13B191","03","40067","1","1","1","01","-","2",,,,,,,,,,,,,,,,1,,0,0
"00","1021","6","13B191","03","40067","3","1","0","02","-","1","2","2","40","07/04/1981","1","07","4","2","5","07",,,,,,1,"1",11017,22229
"00","1021","6","13B191","03","40067","3","1","0","01","-","1","1","1","39","10/02/1982","1","07","5","2","5","01","1","5","3","3","018000",1,,11017,0
"00","1021","6","13B191","03","40067","1","1","1","02","-","1","2","2","56","06/02/1965","1","04","3","2","1","01","1","5","3","2","999999",1,"1",11017,11114
"00","1021","6","13B191","03","40067","3","1","0","03","-","1","3","2","03","10/07/2018",,,,,,,,,,,,1,,11017,0
"00","1021","6","13B191","03","40067","2","1","1","01","-","1","1","2","43","03/11/1977","1","04","3","2","5","07",,,,,,1,,11017,0
"00","1021","6","13B191","03","40067","2","1","1","05","-","1","3","1","15","17/10/2005","1","04","1","1","6","06",,,,,,1,,11017,0
"00","1021","6","13B191","03","40067","2","1","1","04","-","1","3","2","22","27/09/1999","1","07","1","1","6","06",,,,,,1,,11017,0
"00","1021","6","13B191","03","40067","2","1","1","03","-","1","3","2","23","30/11/1997","1","07","4","1","6","01","4","4","3","2","999999",1,"1",11017,44458
"00","1021","6","13B191","03","40067","2","1","1","02","-","1","2","1","48","14/06/1973","1","03","3","2","5","01","5","5","2","1","001500",1,,11017,0
"00","1021","6","13B191","03","40067","2","1","1","06","-","1","2","1","11","20/01/2010","1","02","5","1",,,,,,,,1,,11017,0
"00","1021","8","11A197","03","40112","3","1","0","02","-","1","2","2","57","08/05/1964","1","03","3","2","5","01","5","5","3","1","001000",1,"1",6172,18748
"00","1021","7","11A197","03","40112","4","1","0","03","-","2",,,,,,,,,,,,,,,,1,,0,0
"00","1021","8","11A197","03","40112","4","1","0","02","-","1","2","2","44","01/07/1977","1","04","3","2","5","07",,,,,,1,"1",6172,18748
"00","1021","8","11A197","03","40112","4","1","0","01","-","1","1","1","54","20/06/1967","1","04","3","2","5","01","5","5","2","1","006000",1,,6172,0
"00","1021","7","11A197","03","40112","4","1","0","05","-","2",,,,,,,,,,,,,,,,1,,0,0
"00","1021","8","11A197","03","40112","4","1","0","04","-","1","3","1","23","20/01/1998","1","07","2","2","6","01","5","5","3","1","001300",1,,6172,0
"00","1021","8","11A197","03","40112","1","1","1","01","-","1","1","2","23","30/07/1998","1","03","3","2","6","01","5","5","3","1","001800",1,"1",6172,12499
"00","1021","8","11A197","03","40112","1","1","1","03","-","1","3","2","08","24/08/2013","1","02","2","1",,,,,,,,1,,6172,0
"00","1021","8","11A197","03","40112","1","1","1","02","-","1","2","1","28","26/08/1993","1","03","3","2","1","01","5","5","4","1","002500",1,,6172,0
"00","1021","8","11A197","03","40112","1","1","1","04","-","1","3","1","04","02/02/2017",,,,,,,,,,,,1,,6172,0
"00","1021","8","11A197","03","40112","2","1","0","02","-","1","4","2","91","06/01/1930","1","02","6","2","4","08",,,,,,1,,6172,0
"00","1021","8","11A197","03","40112","2","1","0","05","-","1","3","1","32","03/08/1989","1","07","3","1","6","04",,,,,,1,"1",6172,24997
"00","1021","8","11A197","03","40112","2","1","0","01","-","1","1","2","57","04/02/1964","1","07","4","2","5","01","4","4","2","1","000400",1,,6172,0
"00","1021","8","11A197","03","40112","2","1","0","03","-","1","5","2","01","17/08/2020",,,,,,,,,,,,1,,6172,0
"00","1021","8","11A197","03","40112","2","1","0","04","-","1","3","2","21","09/08/2000","1","07","1","2","6","04",,,,,,1,,6172,0
"00","1021","8","11A197","03","40112","3","1","0","03","-","1","3","2","37","19/02/1984","1","07","5","2","6","01","3","5","3","2","005000",1,,6172,0
"00","1021","8","11A197","03","40112","3","1","0","01","-","1","1","1","80","01/08/1941","1","04","3","2","5","08",,,,,,1,,6172,0
"00","1021","8","11A197","03","40112","3","1","0","04","-","1","5","1","08","07/01/2013","1","02","1","1",,,,,,,,1,,6172,0
"00","1021","6","12B191","03","40148","3","1","0","02","-","1","2","2","65","05/05/1956","1","03","3","2","5","08",,,,,,1,,7485,0
"00","1021","6","12B191","03","40148","3","1","0","01","-","1","1","1","60","06/10/1960","1","07","3","2","5","08",,,,,,1,"1",7485,22734
"00","1021","6","12B191","03","40148","2","1","0","01","-","1","1","1","37","30/07/1984","1","08","2","2","6","01","3","7","3","2","008600",1,"1",7485,15156
"00","1021","6","12B191","03","40148","2","1","0","02","-","1","4","2","58","30/08/1963","1","04","3","2","6","08",,,,,,1,,7485,0
"00","1021","6","12B191","03","40148","1","1","0","02","-","1","2","2","56","01/04/1965","1","07","4","2","6","01","1","5","2","3","015000",1,"1",7485,15156
"00","1021","6","12B191","03","40148","1","1","0","01","-","1","1","1","61","20/10/1959","1","04","3","2","5","01","3","7","3","2","006000",1,,7485,0
"00","1021","6","12B191","03","40148","3","1","0","03","-","1","3","2","27","27/08/1994","1","07","4","2","6","01","1","7","3","2","008500",1,,7485,0
"00","1021","6","12B191","03","40148","4","1","0","01","-","1","1","2","70","02/02/1951","1","06","2","2","5","08",,,,,,1,"1",7485,7578
"00","1021","2","12A205","03","40170","1","1","0","03","-","3","3","2","00","30/09/2021",,,,,,,,,,,,1,,9718,0
"00","1021","2","12A205","03","40170","1","1","0","01","-","1","1","1","34","14/11/1986","1","07","4","2","1","01","5","5","3","1","007000",1,"1",9718,19678
"00","1021","2","12A205","03","40170","1","1","0","02","-","1","2","2","31","07/12/1989","1","07","5","2","1","07",,,,,,1,,9718,0
"00","1021","2","12A205","03","40170","4","1","0","01","-","1","1","2","57","05/10/1964","1","08","2","2","2","01","5","5","2","3","004000",1,"1",9718,9839
"00","1021","2","12A205","03","40170","3","1","0","01","-","1","1","1","34","20/08/1987","1","07","4","2","6","01","1","5","2","3","015000",1,"1",9718,9839
"00","1021","2","12A205","03","40170","2","1","0","01","-","1","1","2","49","01/11/1971","1","08","1","2","6","01","1","5","2","3","030000",1,"1",9718,9839
"00","1021","5","13B192","03","40206","3","1","0","01","-","1","1","1","76","11/07/1945","1","02","6","2","5","08",,,,,,1,,9513,0
"00","1021","5","13B192","03","40206","2","1","0","04","-","1","3","1","10","21/06/2011","1","02","4","1",,,,,,,,1,,9513,0
"00","1021","5","13B192","03","40206","3","1","0","06","-","1","5","2","11","20/04/2010","1","02","5","1",,,,,,,,1,,9513,0
"00","1021","5","13B192","03","40206","3","1","0","02","-","1","2","2","67","22/10/1953","1","02","6","2","5","01","5","5","2","1","000300",1,,9513,0
"00","1021","5","13B192","03","40206","3","1","0","04","-","1","3","2","37","31/07/1984","1","04","3","2","6","01","5","5","2","1","000300",1,"1",9513,28792
"00","1021","5","13B192","03","40206","3","1","0","05","-","1","5","1","13","09/04/2008","1","02","6","1","6","06",,,,,,1,,9513,0
"00","1021","5","13B192","03","40206","3","1","0","07","-","1","5","1","06","02/09/2015","2","01","2","1",,,,,,,,1,,9513,0
"00","1021","5","13B192","03","40206","1","1","0","05","-","1","3","1","17","29/01/2004","1","03","3","1","6","06",,,,,,1,,9513,0
"00","1021","5","13B192","03","40206","1","1","0","02","-","1","2","2","46","15/01/1975","1","04","3","2","5","02","4","4","6","5",,1,,9513,0
"00","1021","5","13B192","03","40206","2","1","0","03","-","1","3","2","15","06/05/2006","1","03","3","1","6","06",,,,,,1,,9513,0
"00","1021","5","13B192","03","40206","1","1","0","04","-","1","3","1","20","17/03/2001","1","07","1","1","6","06",,,,,,1,,9513,0
"00","1021","5","13B192","03","40206","1","1","0","03","-","1","3","2","10","19/12/2010","1","02","3","1",,,,,,,,1,,9513,0
"00","1021","5","13B192","03","40206","1","1","0","01","-","1","1","1","49","09/12/1971","1","07","3","2","5","01","4","4","2","1","003000",1,"1",9513,28792
"00","1021","5","13B192","03","40206","4","1","0","01","-","1","1","1","46","21/08/1975","1","03","3","2","5","01","5","5","3","1","001980",1,"1",9513,19194
"00","1021","5","13B192","03","40206","4","1","0","02","-","1","2","2","44","29/06/1977","1","03","3","2","5","01","3","5","3","1","002500",1,,9513,0
"00","1021","5","13B192","03","40206","2","1","0","01","-","1","1","1","36","09/06/1985","1","04","3","2","5","01","3","7","3","2","999999",1,,9513,0
"00","1021","5","13B192","03","40206","2","1","0","02","-","1","2","2","33","07/04/1988","1","03","3","2","5","07",,,,,,1,"1",9513,19194
"00","1021","5","13B192","03","40206","3","1","0","03","-","2",,,,,,,,,,,,,,,,1,,0,0
"00","1021","4","13A203","03","40277","2","1","0","04","-","1","3","2","14","07/03/2007","1","03","2","1","6","06",,,,,,1,,13040,0
"00","1021","4","13A203","03","40277","2","1","0","03","-","1","4","2","73","09/07/1948","2","07","3","2","6","08",,,,,,1,,13040,0
"00","1021","4","13A203","03","40277","2","1","0","02","-","1","2","2","43","20/03/1978","1","08","2","1","5","01","1","5","3","2","015000",1,"1",13040,39467
"00","1021","4","13A203","03","40277","2","1","0","05","-","1","3","1","09","20/12/2011","1","02","4","1",,,,,,,,1,,13040,0
"00","1021","4","13A203","03","40277","2","1","0","01","-","1","1","1","42","11/02/1979","1","08","2","1","5","01","2","5","3","3","999999",1,,13040,0
"00","1021","4","13A203","03","40277","3","1","0","02","-","1","2","2","47","19/01/1974","1","04","2","2","5","01","4","4","5","2","001000",1,,13040,0
"00","1021","4","13A203","03","40277","3","1","0","03","-","1","3","1","24","26/06/1997","1","04","2","2","6","01","5","5","3","1","001200",1,,13040,0
"00","1021","4","13A203","03","40277","3","1","0","01","-","1","1","1","46","24/12/1974","1","07","5","2","5","01","1","5","3","2","999999",1,"1",13040,39467
"00","1021","2","13A203","03","40277","4","1","0","04","-","2",,,,,,,,,,,,,,,,1,,0,0
"00","1021","4","13A203","03","40277","4","1","0","02","-","1","3","2","46","01/08/1975","1","06","2","2","6","01","4","4","5","1","999999",1,,13040,0
"00","1021","4","13A203","03","40277","4","1","0","05","-","1","5","2","02","20/10/2018",,,,,,,,,,,,1,,13040,0
"00","1021","4","13A203","03","40277","4","1","0","03","-","1","2","2","70","02/11/1950","1","02","3","2","5","07",,,,,,1,"1",13040,39467
"00","1021","4","13A203","03","40277","4","1","0","01","-","1","1","1","70","02/01/1951","1","02","3","2","5","08",,,,,,1,,13040,0
"00","1021","1","13A206","03","40283","2","1","0","02","-","1","2","2","21","13/10/1999","1","07","2","1","6","06",,,,,,1,,10810,0
"00","1021","1","13A206","03","40283","2","1","0","01","-","1","1","1","36","12/12/1984","1","08","2","2","6","01","1","5","4","1","001200",1,"1",10810,21812
"00","1021","1","13A206","03","40283","4","1","0","01","-","1","1","2","64","05/05/1957","1","04","1","2","5","01","5","5","3","1","001000",1,"1",10810,21812
"00","1021","1","13A206","03","40283","4","1","0","02","-","1","3","1","35","19/02/1986","1","07","1","2","6","04",,,,,,1,,10810,0
"00","1021","1","13A206","03","40283","3","1","0","01","-","1","1","1","80","01/03/1941","1","08","2","2","4","08",,,,,,1,"1",10810,10906
"00","1021","1","11A206","03","40307","3","1","0","02","-","1","2","2","37","09/05/1984","1","04","3","2","5","01","1","5","3","2","008000",1,,8156,0
"00","1021","1","11A206","03","40307","3","1","0","05","-","1","3","2","08","23/09/2013","1","02","2","1",,,,,,,,1,,8156,0
"00","1021","1","11A206","03","40307","4","1","0","04","-","1","3","1","17","21/09/2004","1","03","3","2","6","01","5","5","4","1","000800",1,,8156,0
"00","1021","1","11A206","03","40307","4","1","0","01","-","1","1","1","50","18/10/1970","1","03","3","2","5","04",,,,,,1,"1",8156,32873
"00","1021","1","11A206","03","40307","4","1","0","03","-","1","3","2","22","29/05/1999","1","04","3","2","6","01","5","5","3","1","001000",1,,8156,0
"00","1021","1","11A206","03","40307","4","1","0","02","-","1","2","2","45","09/01/1976","1","03","3","2","5","01","5","5","3","1","000500",1,,8156,0
"00","1021","1","11A206","03","40307","4","1","0","06","-","1","3","2","23","26/11/1997","1","03","3","2","6","01","5","5","3","1","001400",1,,8156,0
"00","1021","1","11A206","03","40307","3","1","0","01","-","1","1","1","38","18/08/1983","1","07","5","2","5","01","3","7","3","2","013000",1,"1",8156,16436
"00","1021","1","11A206","03","40307","4","1","0","05","-","1","3","1","12","18/04/2009","1","02","6","1","6","06",,,,,,1,,8156,0
"00","1021","1","11A206","03","40307","3","1","0","03","-","1","3","2","17","24/04/2004","1","04","2","1","6","06",,,,,,1,,8156,0
"00","1021","1","11A206","03","40307","2","1","0","02","-","1","2","2","46","29/05/1975","1","02","6","2","5","07",,,,,,1,,8156,0
"00","1021","1","11A206","03","40307","2","1","0","01","-","1","1","1","46","16/02/1975","1","04","3","2","5","01","7","2","2","1","002000",1,"1",8156,16436
"00","1021","1","11A206","03","40307","3","1","0","04","-","1","3","1","10","28/12/2010","1","02","5","1",,,,,,,,1,,8156,0
"00","1021","7","12A198","04","40039","1","1","0","04","-","1","3","1","15","10/11/2005","1","03","2","2","6","10",,,,,,1,,17451,0
"00","1021","7","12A198","04","40039","1","1","0","01","-","1","1","1","40","29/01/1981","1","03","3","2","1","01","5","7","3","2","003000",1,,17451,0
"00","1021","7","12A198","04","40039","3","1","0","03","-","1","3","2","04","23/01/2017",,,,,,,,,,,,1,,17451,0
"00","1021","7","12A198","04","40039","3","1","0","01","-","1","1","1","35","11/04/1986","1","03","3","2","1","01","5","5","2","1","001200",1,"1",17451,35167
"00","1021","7","12A198","04","40039","3","1","0","02","-","1","2","2","30","15/11/1990","1","04","3","2","1","01","5","5","3","1","000600",1,,17451,0
"00","1021","7","12A198","04","40039","1","1","0","03","-","1","3","1","16","02/10/2005","1","03","2","1","6","06",,,,,,1,,17451,0
"00","1021","7","12A198","04","40039","1","1","0","02","-","1","2","2","30","11/02/1991","1","03","3","2","1","01","5","4","3","2","003000",1,"1",17451,35167
"00","1021","3","11A204","04","40085","4","1","0","02","-","1","3","2","15","21/09/2006","1","03","3","1","6","06",,,,,,1,,7464,0
"00","1021","3","11A204","04","40085","4","1","0","03","-","1","3","1","10","01/10/2011","1","02","4","1",,,,,,,,1,,7464,0
"00","1021","3","11A204","04","40085","3","1","0","05","-","1","3","2","20","04/03/2001","1","07","2","1","6","06",,,,,,1,,7464,0
"00","1021","3","11A204","04","40085","3","1","0","03","-","1","2","2","60","21/03/1961","1","04","2","2","5","01","4","4","2","1","001500",1,,7464,0
"00","1021","3","11A204","04","40085","3","1","0","04","-","1","3","2","30","13/07/1991","1","07","5","2","6","01","5","5","3","2","001500",1,,7464,0
"00","1021","3","11A204","04","40085","3","1","0","01","-","1","1","1","58","23/12/1962","1","03","3","2","5","01","5","5","3","1","001500",1,"1",7464,37602
"00","1021","3","11A204","04","40085","3","1","0","02","-","1","4","2","89","27/09/1932","1","02","3","2","4","10",,,,,,1,,7464,0
"00","1021","3","11A204","04","40085","1","1","0","08","-","1","5","2","34","05/03/1987","1","03","3","2","1","01","4","4","3","1","000900",1,,7464,0
"00","1021","3","11A204","04","40085","1","1","0","09","-","1","5","2","09","07/12/2011","1","02","2","1",,,,,,,,1,,7464,0
"00","1021","3","11A204","04","40085","1","1","0","01","-","1","1","2","57","08/01/1964","1","03","3","2","1","07",,,,,,1,,7464,0
"00","1021","3","11A204","04","40085","1","1","0","10","-","1","5","2","08","17/10/2013","2","02","1","1",,,,,,,,1,,7464,0
"00","1021","3","11A204","04","40085","1","1","0","04","-","1","2","1","44","11/11/1976","2","00",,"2","1","01","6","1","3","1","001200",1,,7464,0
"00","1021","3","11A204","04","40085","1","1","0","07","-","1","3","1","38","07/07/1983","1","03","3","2","1","01","5","5","3","1","000900",1,,7464,0
"00","1021","3","11A204","04","40085","1","1","0","05","-","1","5","2","30","10/04/1991","1","99",,"2","1","01","5","5","3","1","000600",1,,7464,0
"00","1021","3","11A204","04","40085","4","1","0","01","-","1","1","2","33","15/08/1988","1","07","3","2","3","07",,,,,,1,"1",7464,7520
"00","1021","3","11A204","04","40085","2","1","0","03","-","1","3","2","10","02/08/2011","1","02","4","1",,,,,,,,1,,7464,0
"00","1021","3","11A204","04","40085","2","1","0","01","-","1","1","2","48","09/08/1973","1","03","3","2","6","01","5","5","3","1","000700",1,"1",7464,15041
"00","1021","3","11A204","04","40085","2","1","0","02","-","1","3","1","28","15/10/1992","1","04","3","2","6","10",,,,,,1,,7464,0
"00","1021","3","11A204","04","40085","1","1","0","03","-","1","3","2","18","04/12/2002","1","04","2","1","6","06",,,,,,1,,7464,0
"00","1021","3","11A204","04","40085","1","1","0","11","-","1","7","1","39","03/06/1982","1","02","6","2","3","01","7","3","3","1","001000",1,"1",7464,60163
"00","1021","3","11A204","04","40085","1","1","0","02","-","1","3","1","32","18/06/1989","1","02","5","2","1","01","6","1","3","1","001200",1,,7464,0
"00","1021","3","11A204","04","40085","1","1","0","06","-","1","5","2","14","22/07/2007","1","02","6","2","6","07",,,,,,1,,7464,0
"15","1021","1","12A206","04","40087","1","1","0","01","-","1","1","2","59","08/09/1962","1","07","5","2","4","08",,,,,,1,,5935,0
"00","1021","1","12A206","04","40087","3","1","0","02","-","1","3","2","16","19/10/2004","1","03","3","1","6","06",,,,,,1,,5935,0
"00","1021","1","12A206","04","40087","3","1","0","03","-","1","3","1","11","20/05/2010","1","02","5","1",,,,,,,,1,,5935,0
"00","1021","1","12A206","04","40087","3","1","0","01","-","1","1","2","49","09/02/1972","1","06","3","2","4","07",,,,,,1,"1",5935,6009
"15","1021","1","12A206","04","40087","1","1","0","02","-","1","3","1","33","14/04/1988","1","08","2","2","6","01","1","5","2","3","999999",1,,5935,0
"00","1021","8","12A197","04","40112","2","1","0","01","-","1","1","2","59","24/12/1961","1","07","5","2","6","01","4","4","2","1","000400",1,"1",6443,6492
"00","1021","6","12A197","04","40112","2","1","0","02","-","2",,,,,,,,,,,,,,,,1,,0,0
"00","1021","8","12A197","04","40112","4","1","0","01","-","1","1","2","64","10/05/1957","1","07","5","2","5","08",,,,,,1,"1",6443,6492
"00","1021","8","12A197","04","40112","1","1","0","01","-","1","1","1","57","14/09/1964","1","07","4","2","5","01","5","4","3","3","006000",1,,6443,0
"00","1021","8","12A197","04","40112","1","1","0","02","-","1","2","2","58","08/10/1963","1","02","6","2","5","07",,,,,,1,,6443,0
"00","1021","8","12A197","04","40112","1","1","0","03","-","1","3","1","24","22/12/1996","1","07","4","2","6","01","5","4","3","3","003000",1,"1",6443,25970
"00","1021","8","12A197","04","40112","1","1","0","04","-","1","3","2","21","29/02/2000","1","07","2","1","6","06",,,,,,1,,6443,0
"00","1021","2","12A205","04","40116","1","1","0","01","-","1","1","1","62","18/04/1959","1","07","5","2","5","01","1","5","3","2","014000",1,"1",7649,30978
"00","1021","2","12A205","04","40116","1","1","0","04","-","1","5","2","35","20/10/1985","1","07","4","2","5","01","3","4","3","2","999999",1,,7649,0
"00","1021","2","12A205","04","40116","1","1","0","02","-","1","2","2","56","10/06/1965","1","03","3","2","5","07",,,,,,1,,7649,0
"00","1021","2","12A205","04","40116","1","1","0","05","-","1","5","1","07","18/05/2014","1","02","1","1",,,,,,,,1,,7649,0
"00","1021","2","12A205","04","40116","1","1","0","03","-","1","3","1","35","18/08/1986","1","07","4","2","5","01","5","5","3","2","999999",1,,7649,0
"00","1021","2","12A205","04","40116","4","1","0","01","-","1","1","1","64","15/05/1957","1","07","4","2","5","04",,,,,,1,,7649,0
"00","1021","2","12A205","04","40116","2","1","0","02","-","1","2","2","54","26/08/1967","1","04","3","2","1","07",,,,,,1,,7649,0
"00","1021","2","12A205","04","40116","4","1","0","02","-","1","2","2","59","09/12/1961","1","04","3","2","5","03","3","5","3","2","002500",1,,7649,0
"00","1021","2","12A205","04","40116","4","1","0","03","-","1","3","2","30","08/01/1991","1","08","3","2","6","04",,,,,,1,,7649,0
"00","1021","2","12A205","04","40116","4","1","0","05","-","1","3","2","28","11/06/1993","1","07","4","1","6","06",,,,,,1,,7649,0
"00","1021","2","12A205","04","40116","2","1","0","01","-","1","1","1","62","11/05/1959","1","07","4","2","1","08",,,,,,1,"1",7649,15489
"00","1021","2","12A205","04","40116","4","1","0","04","-","1","3","1","29","26/06/1992","1","07","5","2","6","01","1","5","3","2","999999",1,"1",7649,38723
"00","1021","2","11A205","04","40139","1","1","0","05","-","2",,,,,,,,,,,,,,,,1,,0,0
"00","1021","2","11A205","04","40139","1","1","0","02","-","1","2","2","50","06/10/1971","1","07","4","2","1","07",,,,,,1,"1",7735,15587
"00","1021","2","11A205","04","40139","1","1","0","03","-","2",,,,,,,,,,,,,,,,1,,0,0
"00","1021","2","11A205","04","40139","4","1","0","01","-","1","1","1","37","20/07/1984","1","07","4","2","5","01","1","6","3","2","999999",1,,7735,0
"00","1021","2","11A205","04","40139","4","1","0","04","-","1","3","2","03","22/08/2018",,,,,,,,,,,,1,,7735,0
"00","1021","2","11A205","04","40139","4","1","0","02","-","1","2","2","35","06/03/1986","1","03","3","2","5","07",,,,,,1,"1",7735,15587
"00","1021","2","11A205","04","40139","2","1","0","01","-","1","1","1","57","11/06/1964","1","07","4","2","6","08",,,,,,1,"1",7735,7793
"00","1021","2","11A205","04","40139","1","1","0","01","-","1","1","1","51","10/09/1970","1","07","4","2","1","01","2","2","3","1","001500",1,,7735,0
"00","1021","2","11A205","04","40139","1","1","0","04","-","2",,,,,,,,,,,,,,,,1,,0,0
"00","1021","2","11A205","04","40139","1","1","0","06","-","2",,,,,,,,,,,,,,,,1,,0,0
"00","1021","2","11A205","04","40139","3","1","0","01","-","1","1","1","33","09/09/1988","1","04","3","2","5","01","4","4","1","2","001500",1,"1",7735,15587
"00","1021","2","11A205","04","40139","3","1","0","03","-","1","3","1","05","08/09/2016","2","01","2","1",,,,,,,,1,,7735,0
"00","1021","2","11A205","04","40139","3","1","0","02","-","1","2","2","39","13/01/1982","1","08","2","2","5","01","3","5","3","2","003500",1,,7735,0
"00","1021","2","11A205","04","40139","4","1","0","03","-","1","3","1","08","13/04/2013","1","02","2","1",,,,,,,,1,,7735,0
"00","1021","8","13A197","04","40143","4","1","0","05","-","1","5","2","17","06/06/2004","1","03","3","2","1","07",,,,,,1,,6959,0
"00","1021","8","13A197","04","40143","4","1","0","03","-","1","5","1","19","18/05/2002","1","04","2","2","6","01","5","4","3","1","000600",1,,6959,0
"00","1021","8","13A197","04","40143","4","1","0","01","-","1","1","2","73","19/12/1947","1","02","3","2","4","07",,,,,,1,,6959,0
"00","1021","8","13A197","04","40143","4","1","0","02","-","1","3","2","44","20/12/1976","1","03","3","2","6","07",,,,,,1,"1",6959,28047
"00","1021","8","13A197","04","40143","4","1","0","04","-","1","7","2","41","01/11/1979","1","02","6","2","6","01","5","5","3","1","001200",1,,6959,0
"00","1021","8","13A197","04","40143","3","1","0","02","-","1","2","2","59","30/11/1961","1","02","6","2","5","07",,,,,,1,,6959,0
"00","1021","8","13A197","04","40143","3","1","0","01","-","1","1","1","57","09/11/1963","1","02","6","2","5","08",,,,,,1,"1",6959,14024
"00","1021","8","13A197","04","40143","2","1","0","01","-","1","1","1","60","06/11/1960","1","03","3","2","5","08",,,,,,1,"1",6959,14024
"00","1021","8","13A197","04","40143","2","1","0","02","-","1","2","2","56","25/03/1965","1","02","6","2","5","07",,,,,,1,,6959,0
"00","1021","2","13A197","04","40143","1","1","0","03","-","2",,,,,,,,,,,,,,,,1,,0,0
"00","1021","8","13A197","04","40143","1","1","0","01","-","1","1","1","51","13/07/1970","1","03","3","2","5","01","5","3","1","1","002500",1,,6959,0
"00","1021","8","13A197","04","40143","1","1","0","04","-","1","3","1","17","08/01/2004","1","03","3","1","6","06",,,,,,1,,6959,0
"00","1021","8","13A197","04","40143","1","1","0","02","-","1","2","2","43","05/02/1978","1","03","3","2","5","01","5","5","3","1","000800",1,"1",6959,14024
"00","1021","6","12B191","04","40147","2","1","0","01","-","1","1","1","69","08/10/1952","1","07","5","2","5","08",,,,,,1,"1",6877,20889
"00","1021","6","12B191","04","40147","2","1","0","04","-","1","5","1","05","10/02/2016","2","01","1","1",,,,,,,,1,,6877,0
"00","1021","6","12B191","04","40147","2","1","0","02","-","1","3","2","35","07/12/1985","1","07","5","2","6","01","5","4","2","1","999999",1,,6877,0
"00","1021","6","12B191","04","40147","3","1","0","04","-","1","5","1","17","24/08/2004","1","04","1","1","6","06",,,,,,1,,6877,0
"00","1021","6","12B191","04","40147","3","1","0","03","-","1","3","1","26","17/12/1994","1","04","3","2","6","04",,,,,,1,"1",6877,20889
"00","1021","6","12B191","04","40147","2","1","0","03","-","1","8","2","30","30/06/1991","1","99",,"2","6","99",,,,,,1,,6877,0
"00","1021","6","12B191","04","40147","3","1","0","01","-","1","1","1","66","30/12/1954","1","02","6","2","5","08",,,,,,1,,6877,0
"00","1021","3","12B191","04","40147","1","1","0","01","-","2",,,,,,,,,,,,,,,,1,,0,0
"00","1021","6","12B191","04","40147","1","1","0","03","-","1","3","1","51","20/08/1970","1","04","3","2","6","01","1","6","3","2","003300",1,"1",6877,13926
"00","1021","6","12B191","04","40147","1","1","0","02","-","1","2","2","71","27/02/1950","2","00",,"2","5","07",,,,,,1,,6877,0
"00","1021","6","12B191","04","40147","3","1","0","02","-","1","2","2","65","22/10/1955","1","02","4","2","5","07",,,,,,1,,6877,0
"00","1021","4","11A203","04","40273","2","1","0","02","-","1","2","2","32","14/07/1989","1","02","3","2","1","07",,,,,,1,,6834,0
"00","1021","4","11A203","04","40273","3","1","0","02","-","1","3","1","62","02/07/1959","1","00",,"2","3","03","5","5","2","1","999999",1,"1",6834,13772
"00","1021","2","11A203","04","40273","4","1","0","06","-","2",,,,,,,,,,,,,,,,1,,0,0
"00","1021","2","11A203","04","40273","4","1","0","04","-","2",,,,,,,,,,,,,,,,1,,0,0
"00","1021","4","11A203","04","40273","4","1","0","05","-","1","3","2","01","16/12/2019",,,,,,,,,,,,1,,6834,0
"00","1021","4","11A203","04","40273","4","1","0","02","-","1","2","2","36","12/07/1985","1","07","5","2","5","01","3","5","3","2","006500",1,,6834,0
"00","1021","4","11A203","04","40273","4","1","0","01","-","1","1","1","37","12/07/1984","1","07","2","2","5","01","5","5","3","2","007000",1,"1",6834,13772
"00","1021","4","11A203","04","40273","4","1","0","03","-","1","3","1","07","12/12/2013","2","02","1","1",,,,,,,,1,,6834,0
"00","1021","4","11A203","04","40273","1","1","0","01","-","1","1","2","68","06/09/1953","1","05","2","2","2","01","5","5","3","1","000400",1,"1",6834,6886
"00","1021","4","11A203","04","40273","3","1","0","01","-","1","1","2","91","05/02/1930","2","00",,"2","4","09",,,,,,1,,6834,0
"00","1021","4","11A203","04","40273","2","1","0","01","-","1","1","1","48","14/04/1973","1","99",,"2","1","01","5","5","3","2","002300",1,"1",6834,13772
"00","1021","2","11B192","04","40282","3","1","0","02","-","2",,,,,,,,,,,,,,,,1,,0,0
"00","1021","5","11B192","04","40282","2","1","0","06","-","1","3","1","11","14/09/2010","1","02","4","1",,,,,,,,1,,6313,0
"00","1021","5","11B192","04","40282","3","1","0","04","-","3","2","2","40","13/10/1980","1","06","3","2","5","07",,,,,,1,,6313,0
"00","1021","5","11B192","04","40282","3","1","0","05","-","3","3","1","07","26/04/2014","2","01","3","1",,,,,,,,1,,6313,0
"00","1021","5","11B192","04","40282","1","1","0","01","-","1","1","1","51","03/01/1970","1","04","2","2","6","01","5","5","3","2","002000",1,"1",6313,6361
"00","1021","5","11B192","04","40282","2","1","0","02","-","1","2","2","34","27/02/1987","1","07","3","2","1","01","5","5","3","2","002000",1,"1",6313,25443
"00","1021","5","11B192","04","40282","4","1","0","02","-","1","2","2","46","20/01/1975","1","04","3","2","5","02","4","4","6","5",,1,"1",6313,31804
"00","1021","5","11B192","04","40282","4","1","0","04","-","1","3","1","23","10/10/1997","1","07","4","2","6","01","5","5","3","1","001500",1,,6313,0
"00","1021","5","11B192","04","40282","4","1","0","05","-","1","3","2","20","31/05/2001","1","07","1","1","6","06",,,,,,1,,6313,0
"00","1021","5","11B192","04","40282","4","1","0","01","-","1","1","1","49","06/11/1971","1","07","2","2","5","01","4","4","2","1","001000",1,,6313,0
"00","1021","5","11B192","04","40282","4","1","0","03","-","1","3","1","27","31/03/1994","1","07","3","2","6","01","5","5","3","2","002000",1,,6313,0
"00","1021","5","11B192","04","40282","3","1","0","01","-","1","1","1","81","15/12/1939","1","07","5","2","1","08",,,,,,1,"1",6313,12722
"00","1021","5","11B192","04","40282","2","1","0","10","-","3","4","2","55","11/06/1966","1","02","6","2","1","07",,,,,,1,,6313,0
"00","1021","5","11B192","04","40282","2","1","0","11","-","3","4","1","62","28/09/1959","1","99",,"2","1","01","5","5","3","1","002500",1,,6313,0
"00","1021","2","11B192","04","40282","2","1","0","09","-","2",,,,,,,,,,,,,,,,1,,0,0
"00","1021","2","11B192","04","40282","2","1","0","08","-","2",,,,,,,,,,,,,,,,1,,0,0
"00","1021","2","11B192","04","40282","2","1","0","07","-","2",,,,,,,,,,,,,,,,1,,0,0
"00","1021","2","11B192","04","40282","2","1","0","03","-","2",,,,,,,,,,,,,,,,1,,0,0
"00","1021","5","11B192","04","40282","2","1","0","04","-","1","3","1","15","22/06/2006","1","03","1","1","6","06",,,,,,1,,6313,0
"00","1021","5","11B192","04","40282","2","1","0","01","-","1","1","1","27","17/06/1994","1","03","2","2","1","01","5","5","2","1","002500",1,,6313,0
"00","1021","5","11B192","04","40282","2","1","0","05","-","1","3","1","13","05/09/2008","1","02","6","1","6","06",,,,,,1,,6313,0
"00","1021","2","11B192","04","40282","3","1","0","03","-","2",,,,,,,,,,,,,,,,1,,0,0
"00","1021","3","11A204","05","40068","2","1","0","02","-","1","2","2","67","21/02/1954","1","04","3","2","5","07",,,,,,1,"1",7805,15729
"00","1021","3","11A204","05","40068","4","1","0","04","-","1","5","1","05","12/02/2016","2","01","1","1",,,,,,,,1,,7805,0
"00","1021","3","11A204","05","40068","1","1","0","03","-","1","3","1","16","27/01/2005","1","03","2","1","6","01","5","3","4","1","000800",1,,7805,0
"00","1021","3","11A204","05","40068","1","1","0","01","-","1","1","1","52","27/07/1969","1","02","6","2","1","01","5","5","4","1","000600",1,,7805,0
"00","1021","3","11A204","05","40068","1","1","0","04","-","1","5","2","02","15/06/2019",,,,,,,,,,,,1,,7805,0
"00","1021","3","11A204","05","40068","3","1","0","01","-","1","1","2","56","14/03/1965","1","03","3","2","5","07",,,,,,1,,7805,0
"00","1021","3","11A204","05","40068","3","1","0","05","-","1","3","1","17","17/01/2004","1","04","2","1","6","06",,,,,,1,,7805,0
"00","1021","3","11A204","05","40068","3","1","0","04","-","1","7","1","78","16/07/1943","1","02","6","2","6","10",,,,,,1,,7805,0
"00","1021","3","11A204","05","40068","3","1","0","03","-","1","6","1","49","18/05/1972","1","02","6","2","6","01","5","5","2","1","001500",1,,7805,0
"00","1021","3","11A204","05","40068","3","1","0","02","-","1","2","1","55","23/10/1965","1","03","3","2","5","01","5","6","2","1","001600",1,"1",7805,31458
"00","1021","3","11A204","05","40068","4","1","0","03","-","1","3","2","39","06/11/1981","1","03","3","2","6","01","4","5","3","1","001360",1,,7805,0
"00","1021","3","11A204","05","40068","4","1","0","02","-","1","2","2","61","03/09/1960","1","02","3","2","1","01","5","5","3","1","001000",1,,7805,0
"00","1021","3","11A204","05","40068","2","1","0","01","-","1","1","1","70","28/12/1950","1","02","6","2","5","09",,,,,,1,,7805,0
"00","1021","3","11A204","05","40068","4","1","0","01","-","1","1","1","61","21/01/1960","1","02","6","2","1","01","5","5","3","1","001500",1,"1",7805,23594
"00","1021","3","11A204","05","40068","1","1","0","02","-","1","2","2","45","01/06/1976","1","03","3","2","1","04",,,,,,1,"1",7805,15729
"00","1021","3","12A204","05","40069","1","1","0","01","-","1","1","1","42","27/04/1979","1","03","3","2","2","01","5","5","2","1","999999",1,,7557,0
"00","1021","3","12A204","05","40069","1","1","0","03","-","1","7","1","05","15/06/2016","2","00",,"2",,,,,,,,1,,7557,0
"00","1021","3","12A204","05","40069","1","1","0","02","-","1","6","2","35","21/06/1986","1","02","6","2","1","07",,,,,,1,"1",7557,15302
"00","1021","3","12A204","05","40069","2","1","0","03","-","1","3","1","31","25/01/1990","1","07","5","2","6","04",,,,,,1,,7557,0
"00","1021","3","12A204","05","40069","2","1","0","01","-","1","1","1","58","05/05/1963","1","04","2","2","5","01","1","3","3","2","999999",1,"1",7557,22953
"00","1021","3","12A204","05","40069","2","1","0","02","-","1","2","2","58","02/06/1963","1","04","2","2","5","07",,,,,,1,,7557,0
"00","1021","3","12A204","05","40069","3","1","0","03","-","1","3","1","30","18/10/1991","1","03","3","2","3","01","5","5","3","2","999999",1,,7557,0
"00","1021","3","12A204","05","40069","3","1","0","01","-","1","1","1","65","15/11/1955","1","04","2","2","1","01","4","4","2","1","999999",1,,7557,0
"00","1021","3","12A204","05","40069","3","1","0","04","-","1","3","2","16","01/05/2005","1","03","3","1","6","06",,,,,,1,,7557,0
"00","1021","3","12A204","05","40069","3","1","0","02","-","1","2","2","48","31/12/1972","1","03","3","2","1","07",,,,,,1,"1",7557,22953
"00","1021","3","12A204","05","40069","4","1","0","06","-","1","3","2","28","05/08/1993","1","07","3","2","5","01","9","9","9","1","999999",1,,7557,0
"00","1021","3","12A204","05","40069","4","1","0","05","-","1","5","1","09","18/10/2011","1","02","4","1",,,,,,,,1,,7557,0
"00","1021","3","12A204","05","40069","4","1","0","04","-","1","3","1","15","28/12/2005","1","03","3","1","6","06",,,,,,1,,7557,0
"00","1021","3","12A204","05","40069","4","1","0","01","-","1","1","1","58","15/03/1963","1","03","3","2","5","01","7","2","3","1","999999",1,,7557,0
"00","1021","3","12A204","05","40069","4","1","0","02","-","1","2","2","49","18/04/1972","1","03","3","2","5","07",,,,,,1,"1",7557,30603
"00","1021","3","12A204","05","40069","4","1","0","03","-","1","3","2","33","27/09/1988","1","04","3","2","6","07",,,,,,1,,7557,0
"00","1021","8","12A197","05","40104","2","1","0","02","-","1","2","2","34","17/08/1987","1","08","3","1","5","07",,,,,,1,,14869,0
"00","1021","8","12A197","05","40104","2","1","0","03","-","1","3","2","04","21/07/2017",,,,,,,,,,,,1,,14869,0
"00","1021","8","12A197","05","40104","3","1","0","04","-","1","3","2","02","23/08/2019",,,,,,,,,,,,1,,14869,0
"00","1021","8","12A197","05","40104","3","1","0","02","-","1","2","2","33","23/10/1987","1","07","4","2","5","07",,,,,,1,,14869,0
"00","1021","8","12A197","05","40104","3","1","0","01","-","1","1","1","38","04/12/1982","1","07","5","2","5","01","1","2","3","2","030000",1,"1",14869,30002
"00","1021","8","12A197","05","40104","1","1","0","02","-","1","2","2","58","12/08/1963","1","06","4","2","5","01","3","7","3","2","003000",1,"1",14869,45003
"00","1021","8","12A197","05","40104","4","1","3","01","-","1","1","1","25","25/05/1996","1","07","4","2","5","01","1","3","3","1","004000",1,"1",14869,15001
"00","1021","8","12A197","05","40104","1","1","0","04","-","1","3","2","25","16/12/1995","1","07","4","1","6","01","1","2","3","1","002125",1,,14869,0
"00","1021","8","12A197","05","40104","1","1","0","01","-","1","1","1","66","28/10/1954","1","04","2","2","5","01","6","1","2","1","999999",1,,14869,0
"00","1021","8","12A197","05","40104","2","1","0","01","-","1","1","1","35","25/01/1986","1","08","3","1","5","01","1","2","3","2","999999",1,"1",14869,30002
"00","1021","5","12A197","05","40104","1","1","0","03","-","2",,,,,,,,,,,,,,,,1,,0,0
"00","1021","8","12A197","05","40104","3","1","0","03","-","1","3","1","06","10/02/2015","2","01","2","1",,,,,,,,1,,14869,0
"00","1021","7","12A198","05","40138","3","1","0","02","-","1","2","2","35","15/08/1986","1","07","5","2","5","01","1","7","3","2","999999",1,,8966,0
"00","1021","7","12A198","05","40138","3","1","0","03","-","1","3","2","11","15/02/2010","1","02","4","1",,,,,,,,1,,8966,0
"00","1021","7","12A198","05","40138","3","1","0","01","-","1","1","1","36","22/08/1985","1","07","4","2","5","01","1","2","3","1","008900",1,"1",8966,18092
"00","1021","7","12A198","05","40138","3","1","0","06","-","1","3","2","03","14/04/2018",,,,,,,,,,,,1,,8966,0
"00","1021","7","12A198","05","40138","1","1","0","01","-","1","1","1","42","24/03/1979","1","07","3","2","6","01","5","5","2","3","999999",1,"1",8966,9046
"00","1021","7","12A198","05","40138","4","1","0","02","-","1","2","2","71","15/06/1950","1","07","5","2","5","07",,,,,,1,,8966,0
"00","1021","7","12A198","05","40138","4","1","0","01","-","1","1","1","73","15/06/1948","1","07","5","2","5","08",,,,,,1,"1",8966,18092
"00","1021","7","12A198","05","40138","3","1","0","05","-","1","3","2","05","04/06/2016","1","01","2","1",,,,,,,,1,,8966,0
"00","1021","7","12A198","05","40138","3","1","0","04","-","1","3","2","10","23/05/2011","1","02","3","1",,,,,,,,1,,8966,0
"00","1021","6","11B191","05","40139","3","1","0","03","-","1","3","2","09","21/05/2012","1","02","2","1",,,,,,,,1,,8549,0
"00","1021","6","11B191","05","40139","3","1","0","01","-","1","1","1","32","07/03/1989","1","06","3","2","1","01","7","2","3","1","002000",1,,8549,0
"00","1021","6","11B191","05","40139","3","1","0","04","-","1","3","2","07","13/12/2013","1","02","1","1",,,,,,,,1,,8549,0
"00","1021","6","11B191","05","40139","4","1","0","01","-","1","1","1","64","13/10/1956","1","02","3","2","2","04",,,,,,1,"1",8549,8614
"00","1021","6","11B191","05","40139","1","1","0","01","-","1","1","2","81","24/04/1940","1","00",,"2","2","07",,,,,,1,"1",8549,8614
"00","1021","6","11B191","05","40139","2","1","0","01","-","1","1","2","62","06/04/1959","1","00",,"2","4","07",,,,,,1,,8549,0
"00","1021","6","11B191","05","40139","2","1","0","02","-","1","3","1","40","10/07/1981","1","03","3","2","6","03","7","2","3","1","001500",1,"1",8549,25841
"00","1021","6","11B191","05","40139","3","1","0","02","-","1","2","2","28","31/03/1993","1","03","3","2","1","03","4","4","2","1","000500",1,"1",8549,17228
"00","1021","6","11B191","05","40139","3","1","0","05","-","1","3","2","03","10/07/2018",,,,,,,,,,,,1,,8549,0
"00","1021","6","11B191","05","40139","2","1","0","03","-","1","3","1","43","29/01/1978","1","03","3","2","3","03","7","2","3","1","001500",1,,8549,0
"00","1021","8","13A197","05","40163","2","1","0","02","-","1","5","1","24","14/09/1997","1","03","3","2","6","01","7","2","3","1","002000",1,,7342,0
"00","1021","8","13A197","05","40163","2","1","0","01","-","1","1","2","70","13/05/1951","1","02","4","2","4","07",,,,,,1,"1",7342,14867
"00","1021","8","13A197","05","40163","1","1","0","01","-","1","1","1","64","21/07/1957","1","07","5","2","5","08",,,,,,1,,7342,0
"00","1021","8","13A197","05","40163","1","1","0","03","-","1","3","2","42","11/05/1979","1","07","4","2","6","01","1","7","3","2","006500",1,"1",7342,22301
"00","1021","8","13A197","05","40163","1","1","0","02","-","1","2","2","59","08/12/1961","1","06","4","2","5","08",,,,,,1,,7342,0
"00","1021","8","13A197","05","40163","3","1","0","02","-","1","2","2","40","07/12/1980","1","05","4","2","5","01","1","7","3","2","999999",1,,7342,0
"00","1021","8","13A197","05","40163","3","1","0","01","-","1","1","1","43","30/11/1977","1","04","3","2","5","01","7","2","3","1","999999",1,,7342,0
"00","1021","8","13A197","05","40163","3","1","0","05","-","1","4","2","61","14/05/1960","1","02","4","2","2","07",,,,,,1,,7342,0
"00","1021","8","13A197","05","40163","4","1","0","01","-","1","1","2","50","20/05/1971","1","03","3","2","3","01","5","5","3","1","001500",1,"1",7342,22301
"00","1021","8","13A197","05","40163","4","1","0","03","-","1","3","2","16","08/12/2004","1","04","1","1","6","06",,,,,,1,,7342,0
"00","1021","8","13A197","05","40163","4","1","0","07","-","1","3","1","25","29/12/1995","1","03","3","2","1","01","1","2","3","1","001600",1,,7342,0
"00","1021","8","13A197","05","40163","4","1","0","09","-","1","5","1","06","29/09/2015","2","01","1","1",,,,,,,,1,,7342,0
"00","1021","8","13A197","05","40163","4","1","0","08","-","1","5","2","22","01/07/1999","1","03","3","2","1","07",,,,,,1,,7342,0
"00","1021","6","13A197","05","40163","4","1","0","02","-","2",,,,,,,,,,,,,,,,1,,0,0
"00","1021","4","13A197","05","40163","4","1","0","04","-","2",,,,,,,,,,,,,,,,1,,0,0
"00","1021","5","13A197","05","40163","4","1","0","05","-","2",,,,,,,,,,,,,,,,1,,0,0
"00","1021","5","13A197","05","40163","4","1","0","06","-","2",,,,,,,,,,,,,,,,1,,0,0
"00","1021","8","13A197","05","40163","3","1","0","03","-","1","3","2","21","04/11/1999","1","07","1","1","6","06",,,,,,1,"1",7342,29735
"00","1021","8","13A197","05","40163","3","1","0","04","-","1","3","2","11","06/05/2010","1","02","4","1",,,,,,,,1,,7342,0
"00","1021","2","12A205","05","40231","4","1","0","01","-","1","1","1","62","03/03/1959","1","03","3","2","5","08",,,,,,1,"1",7586,23043
"00","1021","2","12A205","05","40231","4","1","0","03","-","1","3","1","39","15/12/1981","1","04","3","2","6","01","1","7","3","2","999999",1,,7586,0
"00","1021","2","12A205","05","40231","4","1","0","02","-","1","2","2","61","15/12/1959","1","06","3","2","5","07",,,,,,1,,7586,0
"00","1021","2","12A205","05","40231","4","1","0","04","-","1","5","1","12","02/06/2009","1","02","6","1","6","06",,,,,,1,,7586,0
"00","1021","2","12A205","05","40231","1","1","0","01","-","1","1","1","69","08/06/1952","1","02","6","2","4","08",,,,,,1,"1",7586,7681
"00","1021","2","12A205","05","40231","3","1","0","02","-","1","2","2","72","14/01/1949","1","02","6","2","5","07",,,,,,1,,7586,0
"00","1021","2","12A205","05","40231","2","1","0","01","-","1","1","1","71","15/12/1949","1","02","6","2","5","08",,,,,,1,,7586,0
"00","1021","2","12A205","05","40231","2","1","0","02","-","1","2","2","72","10/06/1949","1","02","6","2","5","07",,,,,,1,,7586,0
"00","1021","2","12A205","05","40231","2","1","0","03","-","1","3","1","45","25/10/1975","1","03","3","2","6","01","7","2","3","1","002000",1,"1",7586,23043
"00","1021","2","12A205","05","40231","3","1","0","01","-","1","1","1","74","10/09/1947","1","02","6","2","5","01","1","5","3","1","003000",1,"1",7586,15362
"00","1021","5","12B192","05","40272","4","1","0","01","-","1","1","1","42","08/01/1979","1","03","3","2","1","04",,,,,,1,,13636,0
"00","1021","5","12B192","05","40272","4","1","0","02","-","1","2","2","36","16/11/1984","1","03","3","2","1","07",,,,,,1,"1",13636,27480
"00","1021","5","12B192","05","40272","2","1","0","01","-","1","1","1","28","19/04/1993","1","07","4","2","6","01","1","2","3","1","003200",1,"1",13636,13740
"00","1021","5","12B192","05","40272","3","1","0","01","-","1","1","1","33","14/04/1988","1","04","3","2","5","01","5","6","3","1","003400",1,"1",13636,27480
"00","1021","5","12B192","05","40272","3","1","0","02","-","1","2","1","24","11/06/1997","1","03","3","2","5","01","7","2","3","1","999999",1,,13636,0
"00","1021","5","12B192","05","40272","4","1","0","04","-","1","3","2","03","09/12/2017",,,,,,,,,,,,1,,13636,0
"00","1021","5","12B192","05","40272","4","1","0","03","-","1","3","2","05","05/06/2016","1","01","2","1",,,,,,,,1,,13636,0
"00","1021","5","11B192","05","40301","1","1","0","02","-","1","2","2","34","19/10/1986","1","03","3","2","5","01","7","2","3","1","002000",1,,9178,0
"00","1021","5","11B192","05","40301","2","1","0","02","-","1","2","2","67","10/02/1954","2","00",,"2","5","07",,,,,,1,,9178,0
"00","1021","5","11B192","05","40301","1","1","0","03","-","1","3","1","17","05/05/2004","1","04","1","1","6","06",,,,,,1,,9178,0
"00","1021","5","11B192","05","40301","1","1","0","04","-","1","3","2","13","18/11/2007","1","03","1","1","6","06",,,,,,1,,9178,0
"00","1021","5","11B192","05","40301","2","1","0","04","-","1","3","1","41","21/01/1980","1","07","4","2","6","01","5","4","3","1","999999",1,,9178,0
"00","1021","5","11B192","05","40301","2","1","0","05","-","1","3","2","35","06/12/1985","1","03","3","2","2","07",,,,,,1,,9178,0
"00","1021","5","11B192","05","40301","2","1","0","07","-","1","3","1","31","19/06/1990","1","07","4","2","6","01","5","6","3","2","999999",1,,9178,0
"00","1021","5","11B192","05","40301","2","1","0","06","-","1","3","2","47","24/02/1974","2","00",,"2","6","09",,,,,,1,,9178,0
"00","1021","5","11B192","05","40301","4","1","0","07","-","3","3","2","00","21/01/2021",,,,,,,,,,,,1,,9178,0
"00","1021","5","11B192","05","40301","2","1","0","03","-","1","3","1","51","06/11/1969","1","06","3","2","6","01","6","1","2","3","005000",1,"1",9178,64735
"00","1021","5","11B192","05","40301","4","1","0","02","-","1","2","1","41","15/08/1980","1","02","6","2","5","01","5","3","4","1","999999",1,"1",9178,36992
"00","1021","5","11B192","05","40301","4","1","0","03","-","1","3","1","20","19/01/2001","1","03","3","2","6","01","5","3","4","1","999999",1,,9178,0
"00","1021","5","11B192","05","40301","4","1","0","06","-","1","3","2","09","09/06/2012","1","02","2","1",,,,,,,,1,,9178,0
"00","1021","5","11B192","05","40301","4","1","0","05","-","1","3","2","18","18/05/2003","1","03","3","2","1","07",,,,,,1,,9178,0
"00","1021","5","11B192","05","40301","4","1","0","04","-","2",,,,,,,,,,,,,,,,1,,0,0
"00","1021","5","11B192","05","40301","4","1","0","01","-","1","1","2","33","06/10/1988","1","02","6","2","5","07",,,,,,1,,9178,0
"00","1021","5","11B192","05","40301","3","1","0","03","-","1","3","1","33","01/01/1988","1","04","3","2","6","01","7","2","3","1","002500",1,"1",9178,27744
"00","1021","5","11B192","05","40301","3","1","0","02","-","1","2","2","62","02/02/1959","1","04","3","2","5","07",,,,,,1,,9178,0
"00","1021","5","11B192","05","40301","3","1","0","01","-","1","1","1","58","07/10/1963","1","07","4","2","5","01","5","5","3","1","001800",1,,9178,0
"00","1021","5","11B192","05","40301","2","1","0","01","-","1","1","1","92","18/10/1928","2","00",,"2","5","08",,,,,,1,,9178,0
"00","1021","5","11B192","05","40301","1","1","0","01","-","1","1","1","40","14/05/1981","1","03","3","2","5","01","5","4","3","1","002500",1,"1",9178,18496
"00","1021","7","11A198","05","40361","3","1","0","02","-","1","2","2","41","28/07/1980","1","02","6","2","5","07",,,,,,1,,9358,0
"00","1021","7","11A198","05","40361","3","1","0","01","-","1","1","1","44","10/05/1977","1","03","3","2","5","01","5","5","2","1","002500",1,"1",9358,18950
"00","1021","7","11A198","05","40361","3","1","0","04","-","1","3","2","16","13/01/2005","1","03","3","1","6","06",,,,,,1,,9358,0
"00","1021","6","11A198","05","40361","3","1","0","03","-","2",,,,,,,,,,,,,,,,1,,0,0
"00","1021","7","11A198","05","40361","2","1","0","01","-","1","1","1","50","21/08/1971","1","06","3","2","5","01","5","5","2","1","003000",1,"1",9358,18950
"00","1021","7","11A198","05","40361","2","1","0","02","-","1","2","2","47","13/02/1974","1","02","6","2","5","07",,,,,,1,,9358,0
"00","1021","1","11A206","05","40362","4","1","0","02","-","1","2","2","39","06/09/1982","1","05","4","2","1","01","1","5","3","1","000850",1,,7648,0
"00","1021","1","11A206","05","40362","4","1","0","01","-","1","1","1","32","29/08/1989","1","03","3","2","1","04",,,,,,1,"1",7648,15413
"00","1021","1","11A206","05","40362","3","1","0","02","-","1","2","2","20","22/01/2001","1","07","1","2","1","07",,,,,,1,"1",7648,15413
"00","1021","1","11A206","05","40362","3","1","0","01","-","1","1","1","26","04/02/1995","1","03","3","2","1","01","7","2","3","1","004000",1,,7648,0
"00","1021","1","11A206","05","40362","1","1","0","01","-","1","1","2","51","23/04/1970","1","03","3","2","6","01","5","4","3","1","000900",1,,7648,0
"00","1021","1","11A206","05","40362","1","1","0","04","-","1","5","1","05","24/08/2016","2","01","2","1",,,,,,,,1,,7648,0
"00","1021","1","11A206","05","40362","1","1","0","03","-","1","3","1","13","13/07/2008","1","03","1","1","6","06",,,,,,1,,7648,0
"00","1021","1","11A206","05","40362","1","1","0","02","-","1","3","2","31","05/11/1989","1","04","3","2","3","01","5","5","3","1","001200",1,"1",7648,15413
"00","1021","1","12A206","05","40389","4","1","0","01","-","1","1","2","69","18/01/1952","1","02","6","2","4","07",,,,,,1,"1",7586,15362
"00","1021","1","12A206","05","40389","4","1","0","02","-","1","4","2","93","27/02/1928","1","02","2","2","4","07",,,,,,1,,7586,0
"00","1021","1","12A206","05","40389","3","1","0","02","-","1","2","2","46","18/12/1974","1","03","3","2","5","01","4","4","2","1","001500",1,,7586,0
"00","1021","1","12A206","05","40389","3","1","0","05","-","1","3","2","09","23/02/2012","1","02","3","1",,,,,,,,1,,7586,0
"00","1021","1","12A206","05","40389","3","1","0","06","-","1","5","2","00","11/05/2021",,,,,,,,,,,,1,,7586,0
"00","1021","1","12A206","05","40389","1","1","0","01","-","1","1","1","36","08/12/1984","1","03","3","1","1","01","5","6","5","1","001500",1,"1",7586,15362
"00","1021","1","12A206","05","40389","1","1","0","02","-","1","2","2","27","15/04/1994","1","04","2","2","1","01","5","5","2","1","000800",1,,7586,0
"00","1021","1","12A206","05","40389","1","1","0","03","-","1","3","2","03","12/03/2018",,,,,,,,,,,,1,,7586,0
"00","1021","1","12A206","05","40389","2","1","0","01","-","1","1","2","64","14/02/1957","1","04","2","2","5","07",,,,,,1,,7586,0
"00","1021","1","12A206","05","40389","2","1","0","02","-","1","2","1","63","25/08/1958","1","03","3","2","5","08",,,,,,1,"1",7586,15362
"00","1021","1","12A206","05","40389","3","1","0","03","-","1","3","2","25","19/06/1996","1","07","3","2","6","07",,,,,,1,,7586,0
"00","1021","1","12A206","05","40389","3","1","0","04","-","1","3","1","17","08/04/2004","1","04","2","1","6","06",,,,,,1,,7586,0
"00","1021","1","12A206","05","40389","3","1","0","01","-","1","1","1","53","03/03/1968","1","07","5","2","5","01","1","2","3","2","011000",1,"1",7586,23043
"00","1021","4","13A203","05","40417","1","1","0","03","-","1","3","1","08","07/05/2013","1","02","2","1",,,,,,,,1,,18289,0
"00","1021","4","13A203","05","40417","1","1","0","01","-","1","1","2","39","20/01/1982","1","07","3","2","5","01","5","5","2","1","001800",1,"1",18289,36903
"00","1021","4","13A203","05","40417","1","1","0","02","-","1","2","2","38","17/10/1983","1","07","4","2","5","07",,,,,,1,,18289,0
"00","1021","4","13A203","05","40417","1","1","0","04","-","1","3","1","06","07/05/2015","2","01","3","1",,,,,,,,1,,18289,0
"00","1021","4","13A203","05","40417","2","1","0","02","-","1","2","2","28","09/12/1992","1","07","5","2","5","01","1","5","3","2","999999",1,"1",18289,36903
"00","1021","4","13A203","05","40417","2","1","0","01","-","1","1","1","31","15/06/1990","1","07","5","2","5","01","1","2","3","2","999999",1,,18289,0
"00","1021","4","11A203","05","40420","1","1","0","02","-","1","3","1","29","23/12/1991","1","08","2","1","6","06",,,,,,1,,5826,0
"00","1021","4","11A203","05","40420","1","1","0","01","-","1","1","2","66","10/05/1955","1","07","5","2","6","08",,,,,,1,"1",5826,11742
"00","1021","4","11A203","05","40420","2","1","0","01","-","1","1","2","61","20/01/1960","1","02","5","2","2","01","5","5","3","1","001600",1,"1",5826,5871
"00","1021","7","12A198","06","40008","1","1","0","01","-","1","1","1","32","18/10/1988","1","07","3","2","2","04",,,,,,1,"1",10702,10797
"00","1021","7","12A198","06","40008","4","1","0","01","-","1","1","2","24","15/06/1997","1","08","1","2","6","04",,,,,,1,"1",10702,10797
"00","1021","7","12A198","06","40008","2","1","0","01","-","1","1","1","66","15/06/1955","1","07","3","2","3","08",,,,,,1,"1",10702,10797
"00","1021","7","12A198","06","40008","3","1","0","01","-","1","1","2","57","19/10/1963","1","05","3","2","3","08",,,,,,1,"1",10702,10797
"00","1021","3","13A204","06","40066","2","1","0","02","-","1","3","1","10","04/05/2011","1","02","5","1",,,,,,,,1,,12378,0
"00","1021","3","13A204","06","40066","4","1","0","02","-","1","2","2","60","22/03/1961","1","02","6","2","5","08",,,,,,1,"1",12378,24976
"00","1021","3","13A204","06","40066","4","1","0","01","-","1","1","1","61","02/10/1960","1","03","3","2","5","08",,,,,,1,,12378,0
"00","1021","3","13A204","06","40066","1","1","0","01","-","1","1","1","41","15/06/1980","1","08","4","2","2","01","1","5","2","2","020000",1,"1",12378,12488
"00","1021","3","13A204","06","40066","2","1","0","01","-","1","1","1","40","08/09/1981","1","07","4","2","6","01","1","4","2","2","999999",1,"1",12378,12488
"00","1021","8","12A197","06","40103","2","1","0","01","-","1","1","1","29","12/04/1992","1","04","3","2","6","01","5","5","3","2","999999",1,"1",9350,9433
"00","1021","8","12A197","06","40103","1","1","0","01","-","1","1","1","49","12/07/1972","1","06","3","2","1","04",,,,,,1,,9350,0
"00","1021","8","12A197","06","40103","1","1","0","02","-","1","2","2","39","24/05/1982","1","04","3","2","1","07",,,,,,1,"1",9350,28299
"00","1021","8","12A197","06","40103","1","1","0","03","-","1","3","1","18","22/10/2002","1","04","3","1","6","06",,,,,,1,,9350,0
"00","1021","8","12A197","06","40103","4","1","0","04","-","1","5","2","07","07/07/2014","2","01","2","1",,,,,,,,1,,9350,0
"00","1021","8","12A197","06","40103","4","1","0","01","-","1","1","1","55","02/11/1965","1","02","6","2","5","01","5","5","3","1","002500",1,,9350,0
"00","1021","8","12A197","06","40103","4","1","0","02","-","1","2","2","56","03/08/1965","1","02","6","2","5","07",,,,,,1,"1",9350,28299
"00","1021","8","12A197","06","40103","4","1","0","03","-","1","3","1","29","20/08/1992","1","04","3","1","6","06",,,,,,1,,9350,0
"00","1021","8","12A197","06","40103","3","1","0","01","-","1","1","1","45","15/06/1976","1","03","3","2","2","01","5","5","3","2","999999",1,"1",9350,9433
"00","1021","7","11A198","06","40109","3","1","0","02","-","1","3","1","18","23/10/2002","2","04","2","1","6","06",,,,,,1,,7826,0
"00","1021","7","11A198","06","40109","3","1","0","01","-","1","1","2","35","14/04/1986","1","04","3","2","2","04",,,,,,1,"1",7826,15772
"00","1021","7","11A198","06","40109","2","1","0","01","-","1","1","1","23","09/11/1997","1","07","3","1","6","06",,,,,,1,"1",7826,7886
"00","1021","7","11A198","06","40109","1","1","0","01","-","1","1","2","25","09/09/1996","1","07","2","1","6","06",,,,,,1,"1",7826,7886
"00","1021","7","11A198","06","40109","4","1","0","02","-","1","3","2","17","04/08/2004","1","04","2","1","6","06",,,,,,1,,7826,0
"00","1021","7","11A198","06","40109","4","1","0","03","-","1","4","2","91","05/06/1930","1","02","2","2","4","09",,,,,,1,,7826,0
"00","1021","7","11A198","06","40109","4","1","0","01","-","1","1","2","42","05/12/1978","1","04","3","2","4","05",,,,,,1,"1",7826,15772
"00","1021","3","11A204","06","40130","1","1","0","01","-","1","1","1","41","13/05/1980","1","08","3","2","2","01","5","5","3","2","999999",1,"1",6782,13668
"00","1021","3","11A204","06","40130","1","1","0","02","-","1","8","1","30","15/06/1991","1","04","3","2","6","04",,,,,,1,,6782,0
"00","1021","3","11A204","06","40130","2","1","0","01","-","1","1","2","86","15/06/1935","2","00",,"2","6","08",,,,,,1,"1",6782,6834
"00","1021","3","11A204","06","40130","3","1","0","03","-","1","5","2","11","03/07/2010","1","02","5","1",,,,,,,,1,,6782,0
"00","1021","3","11A204","06","40130","3","1","0","02","-","1","2","2","57","17/09/1964","1","02","6","2","5","07",,,,,,1,"1",6782,13668
"00","1021","3","11A204","06","40130","3","1","0","01","-","1","1","1","46","20/02/1975","1","04","3","2","5","01","5","5","2","1","002500",1,,6782,0
"00","1021","3","11A204","06","40130","4","1","0","01","-","1","1","1","43","17/04/1978","1","04","3","2","6","01","6","5","3","2","004500",1,"1",6782,6834
"00","1021","2","12A205","06","40194","3","1","0","01","-","1","1","1","49","14/08/1972","1","07","3","2","3","01","1","5","2","1","999999",1,"1",5078,5141
"00","1021","2","12A205","06","40194","2","1","0","01","-","1","1","2","60","29/08/1961","1","06","3","2","3","08",,,,,,1,"1",5078,5141
"00","1021","2","12A205","06","40194","4","1","0","02","-","1","3","2","01","02/09/2020",,,,,,,,,,,,1,,5078,0
"00","1021","2","12A205","06","40194","1","1","0","01","-","1","1","2","82","17/07/1939","1","02","6","2","4","08",,,,,,1,"1",5078,5141
"00","1021","2","12A205","06","40194","4","1","0","01","-","1","1","2","24","09/09/1997","1","07","3","2","6","04",,,,,,1,"1",5078,5141
"00","1021","2","11A205","06","40200","4","1","1","01","-","1","1","2","42","05/09/1979","1","07","2","2","2","05",,,,,,1,"1",10960,11044
"00","1021","2","11A205","06","40200","3","1","1","02","-","1","2","2","48","12/06/1973","1","02","6","2","5","04",,,,,,1,,10960,0
"00","1021","2","11A205","06","40200","3","1","1","01","-","1","1","1","52","11/08/1969","1","04","3","2","5","01","5","5","2","1","999999",1,,10960,0
"00","1021","2","11A205","06","40200","3","1","1","03","-","1","3","1","20","29/06/2001","1","04","3","1","6","01","5","5","3","2","999999",1,"1",10960,33131
"00","1021","2","11A205","06","40200","2","1","0","01","-","1","1","1","21","23/11/1999","1","03","3","1","2","06",,,,,,1,"1",10960,11044
"00","1021","2","11A205","06","40200","1","1","0","01","-","1","1","2","63","31/01/1958","1","02","6","2","6","04",,,,,,1,"1",10960,11044
"00","1021","6","12B191","06","40206","3","1","0","01","-","1","1","1","59","21/09/1962","1","02","4","2","4","08",,,,,,1,"1",6275,6323
"00","1021","6","12B191","06","40206","2","1","0","01","-","1","1","2","20","07/08/2001","1","07","1","1","6","04",,,,,,1,"1",6275,6323
"00","1021","6","12B191","06","40206","1","1","0","04","-","1","3","2","02","24/05/2019",,,,,,,,,,,,1,,6275,0
"00","1021","6","12B191","06","40206","1","1","0","03","-","1","3","1","09","29/12/2011","1","02","2","1",,,,,,,,1,,6275,0
"00","1021","6","12B191","06","40206","1","1","0","01","-","1","1","1","35","10/01/1986","1","07","4","2","5","01","1","5","2","2","999999",1,,6275,0
"00","1021","6","12B191","06","40206","4","1","1","01","-","1","1","1","22","12/07/1999","1","03","3","2","6","05",,,,,,1,"1",6275,6323
"00","1021","6","12B191","06","40206","1","1","0","02","-","1","2","2","34","31/12/1986","1","04","3","2","5","07",,,,,,1,"1",6275,12645
"00","1021","5","12B192","06","40332","2","1","0","01","-","1","1","1","44","13/09/1977","1","02","6","2","3","01","5","5","3","1","002100",1,"1",8249,8323
"00","1021","5","12B192","06","40332","1","1","0","01","-","1","1","2","55","07/11/1965","1","07","4","2","6","08",,,,,,1,"1",8249,8323
"00","1021","5","12B192","06","40332","4","1","0","02","-","1","2","2","65","19/09/1956","1","05","4","2","5","08",,,,,,1,"1",8249,16645
"00","1021","5","12B192","06","40332","4","1","0","01","-","1","1","1","69","25/05/1952","1","04","3","2","5","08",,,,,,1,,8249,0
"00","1021","5","12B192","06","40332","3","1","0","01","-","1","1","1","25","14/04/1996","2","03","3","2","6","03","5","5","3","2","999999",1,"1",8249,8323
"00","1021","5","13B192","06","40336","1","1","0","02","-","1","2","2","58","07/05/1963","1","07","3","2","5","07",,,,,,1,,8813,0
"00","1021","5","13B192","06","40336","1","1","0","01","-","1","1","1","65","05/11/1955","1","04","3","2","5","01","5","5","3","1","999999",1,,8813,0
"00","1021","5","13B192","06","40336","2","1","0","04","-","1","3","1","19","17/03/2002","1","04","1","2","6","04",,,,,,1,"1",8813,35566
"00","1021","5","13B192","06","40336","2","1","0","01","-","1","1","1","65","04/10/1956","1","04","3","2","5","08",,,,,,1,,8813,0
"00","1021","5","13B192","06","40336","2","1","0","03","-","1","3","1","29","17/04/1992","1","07","3","2","6","04",,,,,,1,,8813,0
"00","1021","5","13B192","06","40336","2","1","0","02","-","1","2","2","58","07/05/1963","1","06","3","2","5","07",,,,,,1,,8813,0
"00","1021","5","13B192","06","40336","3","1","0","01","-","1","1","1","22","15/12/1998","1","07","2","1","6","06",,,,,,1,"1",8813,8892
"00","1021","5","13B192","06","40336","1","1","0","04","-","1","3","1","19","17/04/2002","1","04","1","1","6","06",,,,,,1,"1",8813,35566
"00","1021","5","13B192","06","40336","4","1","0","03","-","1","3","2","30","23/08/1991","1","07","5","2","6","04",,,,,,1,,8813,0
"00","1021","5","13B192","06","40336","4","1","0","01","-","1","1","1","53","20/10/1967","1","07","4","2","5","01","5","5","3","1","002000",1,,8813,0
"00","1021","5","13B192","06","40336","4","1","0","04","-","1","3","1","22","20/10/1998","1","07","3","2","6","01","5","5","3","2","999999",1,,8813,0
"00","1021","5","13B192","06","40336","4","1","0","02","-","1","2","2","54","29/04/1967","1","04","3","2","5","07",,,,,,1,"1",8813,35566
"00","1021","5","13B192","06","40336","1","1","0","03","-","1","3","1","29","17/03/1992","1","07","1","2","6","04",,,,,,1,,8813,0
"00","1021","1","12A206","06","40413","4","1","0","01","-","1","1","1","45","20/01/1976","1","07","4","2","5","01","1","5","2","2","999999",1,"1",7116,14409
"00","1021","1","12A206","06","40413","4","1","0","02","-","1","2","2","41","21/12/1979","1","04","3","2","5","07",,,,,,1,,7116,0
"00","1021","1","12A206","06","40413","2","1","0","01","-","1","1","1","32","07/08/1989","1","04","3","2","6","01","7","2","3","2","999999",1,"1",7116,7205
"00","1021","1","12A206","06","40413","1","1","0","01","-","1","1","2","43","20/06/1978","1","07","3","2","6","01","1","5","3","2","006000",1,"1",7116,7205
"00","1021","1","12A206","06","40413","4","1","0","03","-","1","3","1","11","14/01/2010","1","02","5","1",,,,,,,,1,,7116,0
"00","1021","4","12A203","06","40414","3","1","0","05","-","1","3","1","19","18/02/2002","1","04","3","1","6","06",,,,,,1,,6898,0
"00","1021","4","12A203","06","40414","3","1","0","02","-","1","2","2","52","11/07/1969","1","03","3","2","5","07",,,,,,1,"1",6898,34919
"00","1021","4","12A203","06","40414","3","1","0","04","-","1","3","2","21","01/12/1999","1","07","1","1","6","06",,,,,,1,,6898,0
"00","1021","4","12A203","06","40414","4","1","0","02","-","1","3","1","46","29/08/1975","1","04","3","2","6","01","5","5","3","2","999999",1,"1",6898,13968
"00","1021","4","12A203","06","40414","4","1","0","01","-","1","1","2","81","08/12/1939","1","02","4","2","4","08",,,,,,1,,6898,0
"00","1021","4","12A203","06","40414","1","1","0","05","-","1","3","2","05","05/07/2016","2","01","2","1",,,,,,,,1,,6898,0
"00","1021","4","12A203","06","40414","1","1","0","01","-","1","1","1","25","16/09/1996","1","03","3","2","1","01","5","5","3","1","999999",1,"1",6898,13968
"00","1021","4","12A203","06","40414","3","1","0","03","-","1","3","2","26","14/01/1995","1","08","2","2","6","05",,,,,,1,,6898,0
"00","1021","4","12A203","06","40414","2","1","0","01","-","1","1","1","64","12/04/1957","2","00",,"2","6","04",,,,,,1,"1",6898,6984
"00","1021","4","12A203","06","40414","1","1","0","03","-","1","3","1","11","14/02/2010","1","03","1","1",,,,,,,,1,,6898,0
"00","1021","4","12A203","06","40414","1","1","0","04","-","1","3","1","08","16/02/2013","1","02","2","1",,,,,,,,1,,6898,0
"00","1021","4","12A203","06","40414","1","1","0","02","-","1","2","2","30","15/01/1991","1","03","1","2","1","07",,,,,,1,,6898,0
"00","1021","4","12A203","06","40414","3","1","0","01","-","1","1","1","55","29/12/1965","1","04","3","2","5","01","5","5","3","1","004500",1,,6898,0
"00","1021","7","12A198","07","40044","4","1","0","04","-","1","5","2","10","02/07/2011","1","02","3","1",,,,,,,,1,,7139,0
"00","1021","7","12A198","07","40044","4","1","0","01","-","1","1","2","57","15/04/1964","1","02","3","2","3","07",,,,,,1,,7139,0
"00","1021","7","12A198","07","40044","4","1","0","02","-","1","3","2","31","18/01/1990","1","07","4","2","1","01","3","5","3","2","999999",1,,7139,0
"00","1021","7","12A198","07","40044","4","1","0","03","-","1","5","1","31","08/11/1989","1","03","3","2","1","01","4","4","3","2","003000",1,"1",7139,21685
"00","1021","7","12A198","07","40044","3","1","0","04","-","1","3","1","10","26/03/2011","1","02","3","1",,,,,,,,1,,7139,0
"00","1021","7","12A198","07","40044","3","1","0","03","-","1","3","1","14","16/03/2007","1","02","6","1","6","06",,,,,,1,,7139,0
"00","1021","7","12A198","07","40044","2","1","1","04","-","1","3","2","06","08/02/2015","1","01","3","1",,,,,,,,1,,7139,0
"00","1021","7","12A198","07","40044","3","1","0","01","-","1","1","2","41","02/09/1980","1","07","5","2","1","01","5","5","3","2","005000",1,"1",7139,14456
"00","1021","7","12A198","07","40044","2","1","1","03","-","1","3","1","11","10/12/2009","1","02","6","1",,,,,,,,1,,7139,0
"00","1021","7","12A198","07","40044","4","1","0","05","-","1","5","1","07","04/01/2014","1","01","3","1",,,,,,,,1,,7139,0
"00","1021","7","12A198","07","40044","1","1","0","01","-","1","1","2","53","09/12/1967","1","05","3","2","3","01","7","2","1","1","002500",1,"1",7139,7228
"00","1021","7","12A198","07","40044","2","1","1","01","-","1","1","1","42","11/12/1978","1","08","1","2","5","01","3","5","3","2","007000",1,"1",7139,14456
"00","1021","7","12A198","07","40044","2","1","1","02","-","1","2","2","41","18/08/1980","1","07","4","2","5","07",,,,,,1,,7139,0
"00","1021","7","12A198","07","40044","3","1","0","02","-","1","2","1","39","05/02/1982","1","04","3","2","1","04",,,,,,1,,7139,0
"00","1021","6","11B191","07","40075","4","1","1","02","-","1","3","1","32","14/09/1989","1","04","3","2","6","01","5","5","2","3","999999",1,,7914,0
"00","1021","6","11B191","07","40075","4","1","1","01","-","1","1","2","61","15/06/1960","1","03","3","2","2","01","7","2","2","3","999999",1,"1",7914,15949
"00","1021","3","11B191","07","40075","3","1","0","03","-","2",,,,,,,,,,,,,,,,1,,0,0
"00","1021","6","11B191","07","40075","3","1","0","02","-","1","3","2","29","30/11/1991","1","07","5","2","6","04",,,,,,1,,7914,0
"00","1021","6","11B191","07","40075","3","1","0","01","-","1","1","2","61","01/10/1960","1","02","6","2","2","01","5","5","4","1","000600",1,"1",7914,15949
"00","1021","6","11B191","07","40075","1","1","0","04","-","2",,,,,,,,,,,,,,,,1,,0,0
"00","1021","6","11B191","07","40075","1","1","0","03","-","1","3","2","24","12/07/1997","1","07","5","2","6","01","1","5","3","2","001000",1,,7914,0
"00","1021","6","11B191","07","40075","1","1","0","02","-","1","3","2","22","26/02/1999","1","04","3","1","6","06",,,,,,1,,7914,0
"00","1021","6","11B191","07","40075","1","1","0","01","-","1","1","2","49","10/10/1971","1","02","6","2","2","07",,,,,,1,"1",7914,23923
"00","1021","3","12A204","07","40133","3","1","0","02","-","1","2","2","40","26/02/1981","1","07","4","2","5","07",,,,,,1,"1",6063,12277
"00","1021","3","12A204","07","40133","3","1","0","01","-","1","1","1","42","14/11/1978","1","08","2","2","5","01","1","7","3","2","015000",1,,6063,0
"00","1021","3","12A204","07","40133","4","1","0","02","-","1","2","2","32","11/08/1989","1","07","4","2","5","07",,,,,,1,"1",6063,12277
"00","1021","3","12A204","07","40133","4","1","0","01","-","1","1","1","34","06/09/1987","1","07","4","2","5","01","6","5","3","2","005000",1,,6063,0
"00","1021","3","12A204","07","40133","4","1","0","03","-","1","3","2","04","19/12/2016",,,,,,,,,,,,1,,6063,0
"00","1021","3","12A204","07","40133","1","1","0","01","-","1","1","1","33","27/10/1987","1","07","4","2","5","01","4","4","2","3","005000",1,"1",6063,12277
"00","1021","3","12A204","07","40133","1","1","0","04","-","1","3","1","01","04/12/2019",,,,,,,,,,,,1,,6063,0
"00","1021","3","12A204","07","40133","1","1","0","02","-","1","2","2","28","29/03/1993","1","04","2","2","5","07",,,,,,1,,6063,0
"00","1021","3","12A204","07","40133","1","1","0","03","-","1","3","1","01","04/12/2019",,,,,,,,,,,,1,,6063,0
"00","1021","3","12A204","07","40133","2","1","0","04","-","1","3","1","09","14/08/2012","1","02","3","1",,,,,,,,1,,6063,0
"00","1021","3","12A204","07","40133","2","1","0","02","-","1","2","2","35","16/05/1986","1","07","4","2","5","01","1","5","3","2","008000",1,"1",6063,18416
"00","1021","3","12A204","07","40133","2","1","0","05","-","1","3","2","08","17/09/2013","1","01","2","1",,,,,,,,1,,6063,0
"00","1021","3","12A204","07","40133","2","1","0","03","-","1","4","2","65","22/10/1955","1","07","4","2","1","01","7","5","2","1","001500",1,,6063,0
"00","1021","3","12A204","07","40133","2","1","0","01","-","1","1","1","35","02/11/1985","1","08","3","2","5","01","5","5","3","2","002500",1,,6063,0
"00","1021","3","12A204","07","40133","3","1","0","03","-","1","3","2","12","15/08/2009","1","02","6","1","6","06",,,,,,1,,6063,0
"00","1021","8","13A197","07","40163","1","1","0","04","-","1","5","2","34","21/03/1987","1","04","2","2","5","07",,,,,,1,,10353,0
"00","1021","8","13A197","07","40163","4","1","0","01","-","1","1","2","49","22/11/1971","2","08","2","2","3","01","5","5","3","2","999999",1,"1",10353,10482
"00","1021","8","13A197","07","40163","1","1","0","05","-","1","7","2","27","14/08/1994","1","03","3","1","6","06",,,,,,1,,10353,0
"00","1021","8","13A197","07","40163","1","1","0","03","-","1","3","1","36","05/12/1984","1","07","2","2","6","04",,,,,,1,,10353,0
"00","1021","8","13A197","07","40163","1","1","0","02","-","1","3","1","40","28/04/1981","1","04","3","2","5","01","1","7","3","2","999999",1,,10353,0
"00","1021","8","13A197","07","40163","3","1","0","04","-","1","3","1","14","30/06/2007","1","02","6","1","6","06",,,,,,1,,10353,0
"00","1021","8","13A197","07","40163","2","1","0","01","-","1","1","2","52","18/08/1969","1","05","4","2","5","08",,,,,,1,"1",10353,10482
"00","1021","8","13A197","07","40163","1","1","0","08","-","1","2","2","59","05/04/1962","1","03","3","2","5","07",,,,,,1,,10353,0
"00","1021","8","13A197","07","40163","1","1","0","01","-","1","1","1","60","23/08/1961","1","07","5","2","5","01","1","5","2","3","999999",1,,10353,0
"00","1021","8","13A197","07","40163","1","1","0","06","-","1","5","1","08","07/10/2013","2","00",,"1",,,,,,,,1,,10353,0
"00","1021","8","13A197","07","40163","3","1","0","01","-","1","1","1","51","18/02/1970","1","07","5","2","5","05",,,,,,1,,10353,0
"00","1021","8","13A197","07","40163","3","1","0","03","-","1","3","1","16","30/06/2005","1","03","3","1","6","06",,,,,,1,,10353,0
"00","1021","8","13A197","07","40163","3","1","0","05","-","1","3","1","09","30/06/2012","1","02","2","1",,,,,,,,1,,10353,0
"00","1021","8","13A197","07","40163","3","1","0","02","-","1","2","2","46","28/08/1975","1","07","5","2","5","01","3","7","3","2","007000",1,"1",10353,20964
"00","1021","8","13A197","07","40163","1","1","0","09","-","1","4","2","77","01/05/1944","2","00",,"2","4","07",,,,,,1,"1",10353,73373
"00","1021","8","13A197","07","40163","1","1","0","07","-","1","5","1","04","27/12/2016",,,,,,,,,,,,1,,10353,0
"00","1021","8","11A197","07","40164","2","1","0","04","-","1","5","1","05","12/02/2016","1","01","2","1",,,,,,,,1,,4027,0
"00","1021","8","11A197","07","40164","2","1","0","01","-","1","1","2","62","08/02/1959","1","02","2","2","5","07",,,,,,1,"1",4027,12173
"00","1021","8","11A197","07","40164","3","1","0","02","-","1","2","2","57","21/02/1964","1","03","3","2","5","07",,,,,,1,"1",4027,8116
"00","1021","8","11A197","07","40164","3","1","0","01","-","1","1","1","62","21/02/1959","1","07","4","2","5","01","4","4","1","3","008000",1,,4027,0
"00","1021","8","11A197","07","40164","4","1","0","01","-","1","1","1","53","12/10/1968","1","03","3","2","6","01","5","5","2","1","001000",1,"1",4027,4058
"00","1021","8","11A197","07","40164","1","1","0","01","-","1","1","2","41","11/11/1979","1","07","5","2","6","01","4","4","5","3","010000",1,"1",4027,4058
"00","1021","8","11A197","07","40164","1","1","0","02","-","1","3","2","11","10/03/2010","1","02","4","1",,,,,,,,1,,4027,0
"00","1021","8","11A197","07","40164","2","1","0","03","-","1","3","2","24","02/06/1997","1","07","5","2","6","01","5","5","3","1","001000",1,,4027,0
"00","1021","8","11A197","07","40164","2","1","0","02","-","1","2","1","71","06/07/1950","1","04","3","2","5","08",,,,,,1,,4027,0
"00","1021","2","11A205","07","40165","3","1","0","05","-","1","3","1","13","31/08/2008","1","03","1","1","6","06",,,,,,1,,8867,0
"00","1021","2","11A205","07","40165","3","1","0","04","-","1","3","2","15","26/08/2006","1","03","3","1","6","06",,,,,,1,,8867,0
"00","1021","2","11A205","07","40165","3","1","0","03","-","1","3","2","18","14/04/2003","1","04","3","1","6","06",,,,,,1,"1",8867,26804
"00","1021","2","11A205","07","40165","4","1","0","01","-","1","1","2","53","15/06/1968","1","07","4","2","3","01","5","5","3","2","999999",1,"1",8867,8935
"00","1021","2","11A205","07","40165","1","1","0","01","-","1","1","2","53","02/05/1968","1","03","3","2","1","01","5","5","3","2","002000",1,"1",8867,8935
"00","1021","2","11A205","07","40165","3","1","0","02","-","1","2","2","41","12/09/1980","1","03","3","2","5","07",,,,,,1,,8867,0
"00","1021","2","11A205","07","40165","2","1","0","02","-","1","2","2","46","25/06/1975","1","04","3","2","5","02","7","2","6","5",,1,"1",8867,17869
"00","1021","2","11A205","07","40165","2","1","0","01","-","1","1","1","65","09/04/1956","1","04","3","2","5","01","7","2","1","1","000450",1,,8867,0
"00","1021","2","11A205","07","40165","3","1","0","01","-","1","1","1","41","28/09/1980","1","07","5","2","5","01","5","6","3","2","008000",1,,8867,0
"00","1021","6","12B191","07","40172","2","1","0","01","-","1","1","1","53","27/07/1968","1","07","5","2","1","01","1","5","2","3","025000",1,,8899,0
"00","1021","6","12B191","07","40172","2","1","0","04","-","1","3","1","09","28/08/2012","1","02","2","1",,,,,,,,1,,8899,0
"00","1021","6","12B191","07","40172","2","1","0","05","-","1","3","1","04","20/08/2017",,,,,,,,,,,,1,,8899,0
"00","1021","6","12B191","07","40172","2","1","0","03","-","1","3","2","19","21/05/2002","1","04","3","2","6","01","5","5","3","3","002000",1,,8899,0
"00","1021","6","12B191","07","40172","2","1","0","07","-","1","9","2","18","30/06/2003","1","04","3","2","6","01","5","5","3","3","002000",1,,8899,0
"00","1021","6","12B191","07","40172","2","1","0","06","-","1","4","2","95","18/11/1925","1","06","3","2","4","07",,,,,,1,,8899,0
"00","1021","6","12B191","07","40172","2","1","0","08","-","1","9","2","19","13/12/2001","1","04","3","2","6","01","5","5","3","3","002000",1,,8899,0
"00","1021","6","12B191","07","40172","4","1","0","01","-","1","1","2","65","12/12/1955","1","08","2","2","6","01","1","5","1","3","999999",1,"1",8899,17957
"00","1021","6","12B191","07","40172","4","1","0","02","-","1","3","2","28","12/12/1992","1","07","4","2","6","05",,,,,,1,,8899,0
"00","1021","6","12B191","07","40172","2","1","0","02","-","1","2","2","36","02/10/1985","1","07","2","2","1","01","5","5","3","2","010000",1,"1",8899,53871
"00","1021","6","12B191","07","40172","1","1","0","01","-","1","1","1","22","25/02/1999","1","07","2","1","6","06",,,,,,1,"1",8899,17957
"00","1021","6","12B191","07","40172","1","1","0","02","-","1","8","1","21","21/04/2000","1","07","1","1","6","06",,,,,,1,,8899,0
"00","1021","6","12B191","07","40172","3","1","0","06","-","2",,,,,,,,,,,,,,,,1,,0,0
"00","1021","6","12B191","07","40172","3","1","0","03","-","1","7","2","30","26/04/1991","1","03","3","2","6","01","3","7","3","2","999999",1,,8899,0
"00","1021","6","12B191","07","40172","3","1","0","02","-","1","3","2","49","03/06/1972","1","07","5","2","6","01","3","5","3","3","003000",1,,8899,0
"00","1021","6","12B191","07","40172","3","1","0","01","-","1","1","2","74","04/01/1947","1","02","6","2","4","07",,,,,,1,"1",8899,26935
"00","1021","6","12B191","07","40172","3","1","0","04","-","1","5","1","12","03/06/2009","1","02","5","1","6","06",,,,,,1,,8899,0
"00","1021","6","12B191","07","40172","4","1","0","03","-","1","5","1","06","21/08/2015","2","01","3","1",,,,,,,,1,,8899,0
"00","1021","6","12B191","07","40172","3","1","0","05","-","2",,,,,,,,,,,,,,,,1,,0,0
"00","1021","5","13B192","07","40266","2","1","0","02","-","1","2","2","66","30/03/1955","1","06","3","2","5","08",,,,,,1,"1",5809,11763
"00","1021","5","13B192","07","40266","3","1","0","01","-","1","1","1","33","17/11/1987","1","07","5","2","1","01","4","4","1","2","008000",1,"1",5809,11763
"00","1021","5","13B192","07","40266","3","1","0","02","-","1","2","1","26","14/01/1995","1","07","5","2","1","01","4","4","1","2","008000",1,,5809,0
"00","1021","5","13B192","07","40266","1","1","0","02","-","1","2","2","35","15/12/1985","1","07","5","2","5","01","5","5","3","2","005000",1,"1",5809,11763
"00","1021","5","13B192","07","40266","1","1","0","03","-","1","3","1","06","20/10/2014","2","01","3","1",,,,,,,,1,,5809,0
"00","1021","5","13B192","07","40266","1","1","0","05","-","1","9","2","17","30/06/2004","1","02","6","2","6","01","5","5","3","2","001500",1,,5809,0
"00","1021","5","13B192","07","40266","1","1","0","04","-","1","3","1","04","24/04/2017",,,,,,,,,,,,1,,5809,0
"00","1021","5","13B192","07","40266","1","1","0","01","-","1","1","1","40","13/07/1981","1","07","5","2","5","01","5","5","5","1","999999",1,,5809,0
"00","1021","5","13B192","07","40266","4","1","0","01","-","1","1","2","52","12/08/1969","1","07","5","2","6","01","3","7","3","2","007000",1,"1",5809,5882
"00","1021","5","13B192","07","40266","2","1","0","01","-","1","1","1","67","11/04/1954","1","07","5","2","5","08",,,,,,1,,5809,0
"00","1021","1","13A206","07","40297","4","1","0","04","-","1","3","1","15","06/09/2006","1","03","3","1","6","06",,,,,,1,,7043,0
"00","1021","1","13A206","07","40297","1","1","0","01","-","1","1","2","51","12/05/1970","1","04","3","2","5","03","4","4","2","1","001000",1,"1",7043,21317
"00","1021","1","13A206","07","40297","1","1","0","04","-","1","3","2","28","14/05/1993","1","07","4","2","6","01","5","7","3","2","010000",1,,7043,0
"00","1021","1","13A206","07","40297","1","1","0","03","-","1","3","1","17","25/06/2004","1","04","1","1","6","06",,,,,,1,,7043,0
"00","1021","1","13A206","07","40297","1","1","0","02","-","1","2","1","55","23/04/1966","1","07","4","2","5","01","1","3","3","2","006000",1,,7043,0
"00","1021","1","13A206","07","40297","4","1","0","01","-","1","1","1","47","11/11/1973","1","09","3","2","5","01","1","1","3","2","015000",1,"1",7043,14211
"00","1021","1","13A206","07","40297","2","1","0","01","-","1","1","1","33","12/10/1987","1","07","4","2","6","01","1","5","4","2","003000",1,"1",7043,21317
"00","1021","1","13A206","07","40297","2","1","0","02","-","1","4","2","79","24/03/1942","1","02","6","2","4","09",,,,,,1,,7043,0
"00","1021","1","13A206","07","40297","4","1","0","05","-","1","3","1","11","07/02/2010","1","02","5","1",,,,,,,,1,,7043,0
"00","1021","1","13A206","07","40297","4","1","0","02","-","1","2","2","43","24/09/1978","1","07","5","2","5","07",,,,,,1,,7043,0
"00","1021","1","13A206","07","40297","4","1","0","03","-","1","3","2","17","09/04/2004","1","04","2","1","6","06",,,,,,1,,7043,0
"00","1021","1","13A206","07","40297","2","1","0","03","-","1","4","2","56","26/11/1964","1","07","4","2","3","01","5","5","3","2","005000",1,,7043,0
"00","1021","4","11A203","07","40319","4","1","0","04","-","1","3","2","19","17/05/2002","1","07","1","1","6","06",,,,,,1,,8054,0
"00","1021","4","11A203","07","40319","4","1","0","02","-","1","2","2","50","01/01/1971","1","03","1","2","5","07",,,,,,1,"1",8054,24347
"00","1021","4","11A203","07","40319","4","1","0","01","-","1","1","1","61","01/10/1960","1","07","4","2","5","08",,,,,,1,,8054,0
"00","1021","4","11A203","07","40319","4","1","0","09","-","2",,,,,,,,,,,,,,,,1,,0,0
"00","1021","4","11A203","07","40319","1","1","0","01","-","1","1","1","34","27/08/1987","1","04","3","2","6","01","4","4","3","1","001200",1,"1",8054,8116
"00","1021","4","11A203","07","40319","3","1","0","04","-","1","3","1","14","02/04/2007","1","02","4","2","6","10",,,,,,1,,8054,0
"00","1021","4","11A203","07","40319","3","1","0","02","-","1","2","2","36","16/07/1985","1","02","6","2","1","03","7","2","2","1","001400",1,"1",8054,16231
"00","1021","4","11A203","07","40319","3","1","0","03","-","1","3","2","16","19/04/2005","1","02","6","2","6","07",,,,,,1,,8054,0
"00","1021","4","11A203","07","40319","3","1","0","05","-","1","3","2","08","13/10/2013","1","02","1","1",,,,,,,,1,,8054,0
"00","1021","4","11A203","07","40319","3","1","0","01","-","1","1","1","50","08/04/1971","1","02","6","2","2","01","4","4","3","1","001400",1,,8054,0
"00","1021","4","11A203","07","40319","1","1","0","02","-","1","7","1","11","23/08/2010","1","02","4","1",,,,,,,,1,,8054,0
"00","1021","4","11A203","07","40319","4","1","0","07","-","2",,,,,,,,,,,,,,,,1,,0,0
"00","1021","4","11A203","07","40319","4","1","0","03","-","2",,,,,,,,,,,,,,,,1,,0,0
"00","1021","4","11A203","07","40319","4","1","0","06","-","2",,,,,,,,,,,,,,,,1,,0,0
"00","1021","4","11A203","07","40319","4","1","0","08","-","2",,,,,,,,,,,,,,,,1,,0,0
"00","1021","4","11A203","07","40319","4","1","0","05","-","1","3","1","17","14/02/2004","1","04","1","1","6","06",,,,,,1,,8054,0
"00","1021","4","12A203","07","40351","3","1","0","02","-","1","4","2","91","29/04/1930","1","02","3","2","4","07",,,,,,1,,6465,0
"00","1021","4","12A203","07","40351","3","1","0","01","-","1","1","2","72","15/09/1949","1","07","4","2","2","07",,,,,,1,"1",6465,13091
"00","1021","4","12A203","07","40351","2","1","0","02","-","1","6","1","21","03/07/2000","1","07","2","1","6","06",,,,,,1,,6465,0
"00","1021","4","12A203","07","40351","4","1","0","01","-","1","1","2","67","31/05/1954","1","07","5","2","4","08",,,,,,1,"1",6465,6546
"00","1021","4","12A203","07","40351","2","1","0","01","-","1","1","2","22","07/01/1999","1","07","4","2","6","01","5","6","5","1","001000",1,"1",6465,13091
"00","1021","4","12A203","07","40351","1","1","0","04","-","1","5","1","21","02/04/2000","1","07","1","1","6","01","4","4","3","2","999999",1,"1",6465,32729
"00","1021","4","12A203","07","40351","1","1","0","02","-","1","2","2","77","21/10/1943","1","03","1","2","5","07",,,,,,1,,6465,0
"00","1021","4","12A203","07","40351","1","1","0","05","-","1","5","2","18","26/08/2003","1","04","1","1","6","06",,,,,,1,,6465,0
"00","1021","4","12A203","07","40351","1","1","0","03","-","1","3","2","38","06/09/1983","1","07","4","2","6","02","1","5","6","5",,1,,6465,0
"00","1021","4","12A203","07","40351","1","1","0","06","-","1","5","2","11","09/05/2010","1","02","4","1",,,,,,,,1,,6465,0
"00","1021","4","12A203","07","40351","1","1","0","01","-","1","1","1","77","15/04/1944","1","03","1","2","5","08",,,,,,1,,6465,0
"00","1021","1","11A206","07","40356","3","1","0","03","-","1","3","1","37","25/01/1984","1","07","5","2","6","01","5","7","3","3","005000",1,"1",5324,21458
"00","1021","1","11A206","07","40356","3","1","0","02","-","1","2","1","70","05/09/1951","1","05","4","2","5","07",,,,,,1,,5324,0
"00","1021","1","11A206","07","40356","3","1","0","04","-","1","8","2","23","17/10/1997","1","07","4","2","6","01","5","5","4","1","000600",1,,5324,0
"00","1021","1","11A206","07","40356","3","1","0","01","-","1","1","1","70","17/04/1951","1","02","6","2","5","10",,,,,,1,,5324,0
"00","1021","1","11A206","07","40356","4","1","0","03","-","1","3","2","23","15/03/1998","1","07","3","1","6","06",,,,,,1,,5324,0
"00","1021","1","11A206","07","40356","4","1","0","04","-","1","3","2","21","10/04/2000","1","04","3","1","6","06",,,,,,1,"1",5324,21458
"00","1021","1","11A206","07","40356","2","1","0","02","-","1","3","2","40","06/12/1980","1","07","4","2","6","04",,,,,,1,,5324,0
"00","1021","1","11A206","07","40356","4","1","0","01","-","1","1","1","57","24/08/1964","1","07","5","2","5","04",,,,,,1,,5324,0
"00","1021","1","11A206","07","40356","4","1","0","05","-","1","3","2","17","28/01/2004","1","04","1","1","6","06",,,,,,1,,5324,0
"00","1021","1","11A206","07","40356","1","1","0","02","-","1","3","1","41","01/10/1980","1","07","1","2","1","01","5","5","2","1","000600",1,"1",5324,16093
"00","1021","1","11A206","07","40356","1","1","0","03","-","1","5","2","40","04/10/1981","1","07","2","2","1","01","4","5","3","2","002500",1,,5324,0
"00","1021","1","11A206","07","40356","1","1","0","01","-","1","1","2","78","03/10/1943","1","06","3","2","4","07",,,,,,1,,5324,0
"00","1021","1","11A206","07","40356","2","1","0","01","-","1","1","2","67","01/09/1954","1","02","6","2","3","07",,,,,,1,"1",5324,10729
"00","1021","1","11A206","07","40356","4","1","0","02","-","1","2","2","48","20/06/1973","1","04","3","2","5","01","4","4","2","3","004000",1,,5324,0
"15","1021","7","12A198","08","40043","2","1","0","02","-","1","2","2","30","21/05/1991","1","04","3","2","1","01","5","2","3","1","999999",1,,7891,0
"00","1021","7","12A198","08","40043","1","1","0","05","-","1","3","2","12","08/07/2009","1","02","5","1","6","06",,,,,,1,,7891,0
"15","1021","7","12A198","08","40043","2","1","0","01","-","1","1","1","30","13/04/1991","1","02","6","2","1","01","5","2","3","1","999999",1,"1",7891,0
"15","1021","7","12A198","08","40043","2","1","0","03","-","1","3","2","13","28/01/2008","1","03","1","1","6","06",,,,,,1,,7891,0
"15","1021","7","12A198","08","40043","3","1","0","02","-","1","2","2","45","15/04/1976","1","03","3","2","5","01","5","2","3","1","999999",1,"1",7891,0
"15","1021","7","12A198","08","40043","3","1","0","01","-","1","1","1","45","22/09/1976","1","06","3","2","5","01","5","2","3","1","999999",1,,7891,0
"15","1021","7","12A198","08","40043","2","1","0","04","-","1","3","1","08","20/04/2013","1","02","2","1",,,,,,,,1,,7891,0
"00","1021","7","12A198","08","40043","1","1","0","03","-","1","3","2","19","24/03/2002","1","04","3","1","6","01","5","4","3","1","000300",1,"1",7891,55923
"00","1021","7","12A198","08","40043","1","1","0","04","-","1","3","2","15","29/01/2006","1","03","2","1","6","01","5","4","3","1","000300",1,,7891,0
"00","1021","7","12A198","08","40043","1","1","0","01","-","1","1","1","52","23/09/1969","1","08","2","2","5","01","4","4","1","1","999999",1,,7891,0
"00","1021","7","12A198","08","40043","1","1","0","02","-","1","2","2","40","19/02/1981","1","04","3","2","5","07",,,,,,1,,7891,0
"00","1021","7","13A198","08","40074","3","1","0","03","-","1","3","2","18","15/06/2003","1","04","1","1","6","06",,,,,,1,,7629,0
"00","1021","7","13A198","08","40074","1","1","0","04","-","1","3","1","17","07/01/2004","1","04","1","1","6","01","5","4","3","1","000500",1,,7629,0
"00","1021","7","13A198","08","40074","1","1","0","02","-","1","2","2","56","14/01/1965","1","07","5","2","1","01","5","4","3","1","999999",1,,7629,0
"00","1021","7","13A198","08","40074","1","1","0","01","-","1","1","1","56","03/08/1965","1","07","5","2","1","01","4","4","1","1","999999",1,,7629,0
"00","1021","7","13A198","08","40074","1","1","0","03","-","1","3","1","21","21/08/2000","1","07","2","1","6","01","5","4","3","1","000500",1,"1",7629,23171
"00","1021","7","13A198","08","40074","4","1","0","01","-","1","1","1","36","02/12/1984","1","07","3","2","3","01","1","5","2","3","999999",1,"1",7629,7724
"00","1021","7","13A198","08","40074","3","1","0","01","-","1","1","2","37","15/06/1984","1","07","5","2","6","01","1","7","3","2","999999",1,,7629,0
"00","1021","7","13A198","08","40074","3","1","0","02","-","1","4","2","65","15/06/1956","1","04","3","2","3","07",,,,,,1,"1",7629,23171
"00","1021","3","12A204","08","40099","1","1","0","04","-","1","3","2","02","25/04/2019",,,,,,,,,,,,1,,7625,0
"00","1021","3","12A204","08","40099","1","1","0","03","-","1","3","1","07","14/08/2014","1","02","1","1",,,,,,,,1,,7625,0
"00","1021","3","12A204","08","40099","1","1","0","02","-","1","2","2","27","27/04/1994","1","03","3","2","1","07",,,,,,1,"1",7625,30880
"15","1021","3","12A204","08","40099","3","1","0","03","-","1","6","2","53","09/12/1967","1","02","6","2","5","07",,,,,,1,,7625,0
"15","1021","3","12A204","08","40099","3","1","0","08","-","1","3","1","04","09/07/2017",,,,,,,,,,,,1,,7625,0
"15","1021","3","12A204","08","40099","3","1","0","07","-","1","7","2","06","27/03/2015","2","01","3","1",,,,,,,,1,,7625,0
"15","1021","3","12A204","08","40099","3","1","0","05","-","1","3","1","15","05/12/2005","1","03","3","1","6","06",,,,,,1,,7625,0
"15","1021","3","12A204","08","40099","3","1","0","04","-","1","7","2","27","01/06/1994","1","07","4","2","6","01","5","4","3","2","999999",1,,7625,0
"15","1021","3","12A204","08","40099","3","1","0","02","-","1","2","2","40","09/04/1981","1","06","3","2","5","01","5","4","3","1","999999",1,,7625,0
"15","1021","3","12A204","08","40099","3","1","0","06","-","1","3","1","09","26/10/2011","1","02","5","1",,,,,,,,1,,7625,0
"00","1021","3","12A204","08","40099","1","1","0","01","-","1","1","1","35","08/06/1986","1","07","4","2","1","01","5","2","3","1","999999",1,,7625,0
"00","1021","3","12A204","08","40099","2","1","0","01","-","1","1","2","26","14/10/1994","1","07","4","2","6","01","1","7","3","2","999999",1,"1",7625,30880
"00","1021","3","12A204","08","40099","2","1","0","02","-","1","7","1","19","18/04/2002","1","04","2","1","6","06",,,,,,1,,7625,0
"15","1021","3","12A204","08","40099","3","1","0","01","-","1","1","1","42","15/06/1979","1","02","6","2","5","01","5","5","3","1","999999",1,"1",7625,0
"00","1021","3","13A204","08","40102","2","1","0","02","-","1","3","2","43","07/02/1978","1","09","2","2","6","01","1","7","3","2","026000",1,,10182,0
"00","1021","3","13A204","08","40102","2","1","0","03","-","1","5","1","02","28/11/2018",,,,,,,,,,,,1,,10182,0
"00","1021","3","13A204","08","40102","2","1","0","01","-","1","1","2","68","23/02/1953","1","07","5","2","4","08",,,,,,1,"1",10182,20545
"14","1021","3","13A204","08","40102","3","1","0","02","-","1","3","1","46","03/08/1975","1","07","5","2","3","01","1","2","3","1","999999",1,,10182,0
"14","1021","3","13A204","08","40102","3","1","0","03","-","1","3","2","37","18/03/1984","1","07","4","2","6","01","1","5","3","1","999999",1,,10182,0
"00","1021","3","13A204","08","40102","4","1","0","05","-","1","3","2","13","09/07/2008","1","03","1","1","6","06",,,,,,1,,10182,0
"14","1021","3","13A204","08","40102","3","1","0","01","-","1","1","2","71","05/05/1950","1","06","5","2","4","08",,,,,,1,,10182,0
"00","1021","3","13A204","08","40102","4","1","0","01","-","1","1","1","50","29/11/1970","1","07","5","2","5","01","1","2","3","2","999999",1,,10182,0
"00","1021","3","13A204","08","40102","4","1","0","04","-","1","3","1","13","09/07/2008","1","03","1","1","6","06",,,,,,1,,10182,0
"00","1021","3","13A204","08","40102","4","1","0","03","-","1","3","2","21","19/09/2000","1","07","2","1","6","01","5","4","3","2","999999",1,,10182,0
"00","1021","3","13A204","08","40102","4","1","0","02","-","1","2","2","39","05/03/1982","1","04","3","2","5","07",,,,,,1,"1",10182,30818
"14","1021","3","13A204","08","40102","3","1","0","04","-","1","5","2","07","26/05/2014","1","02","1","1",,,,,,,,1,,10182,0
"00","1021","2","12A205","08","40195","3","1","0","02","-","1","3","1","18","12/11/2002","1","03","3","2","6","01","5","4","3","1","999999",1,"1",7239,14659
"00","1021","2","12A205","08","40195","3","1","0","03","-","1","3","1","08","03/12/2012","1","02","3","1",,,,,,,,1,,7239,0
"00","1021","2","12A205","08","40195","4","1","0","01","-","1","1","2","63","04/05/1958","1","02","6","2","2","01","5","4","4","1","000700",1,"1",7239,7330
"00","1021","2","12A205","08","40195","1","1","0","05","-","1","5","1","06","02/07/2015","2","00",,"1",,,,,,,,1,,7239,0
"00","1021","2","12A205","08","40195","1","1","0","02","-","1","2","1","62","01/01/1959","1","03","3","2","5","01","5","5","3","1","999999",1,,7239,0
"00","1021","2","12A205","08","40195","1","1","0","04","-","1","5","2","08","18/07/2013","1","02","2","1",,,,,,,,1,,7239,0
"00","1021","2","12A205","08","40195","3","1","0","01","-","1","1","2","35","24/09/1986","1","02","6","2","1","07",,,,,,1,,7239,0
"00","1021","2","12A205","08","40195","1","1","0","01","-","1","1","2","54","16/07/1967","1","04","3","2","5","07",,,,,,1,,7239,0
"00","1021","2","12A205","08","40195","2","1","0","01","-","1","1","1","27","09/03/1994","1","07","4","2","6","01","1","7","3","2","999999",1,"1",7239,7330
"00","1021","2","12A205","08","40195","1","1","0","03","-","1","3","2","29","12/08/1992","1","03","3","2","3","07",,,,,,1,"1",7239,21989
"00","1021","2","11A205","08","40233","1","1","0","01","-","1","1","2","65","12/08/1956","1","02","5","2","4","08",,,,,,1,"1",7774,15666
"00","1021","2","11A205","08","40233","4","1","0","02","-","1","2","1","34","14/07/1987","1","07","4","2","1","01","5","3","2","1","999999",1,,7774,0
"00","1021","2","11A205","08","40233","1","1","0","03","-","1","5","2","05","10/04/2016","2","00",,"1",,,,,,,,1,,7774,0
"00","1021","2","11A205","08","40233","1","1","0","04","-","1","5","1","03","24/08/2018",,,,,,,,,,,,1,,7774,0
"00","1021","2","11A205","08","40233","1","1","0","05","-","3","3","2","31","15/06/1990","1","02","6","2","6","04",,,,,,1,,7774,0
"00","1021","2","11A205","08","40233","3","1","0","01","-","1","1","1","67","07/06/1954","1","02","4","2","3","01","5","3","3","1","001500",1,"1",7774,15666
"00","1021","2","11A205","08","40233","3","1","0","02","-","1","3","1","30","29/03/1991","1","02","5","2","6","09",,,,,,1,,7774,0
"00","1021","2","11A205","08","40233","2","1","0","04","-","1","3","1","12","15/07/2009","1","02","6","1","6","06",,,,,,1,,7774,0
"00","1021","2","11A205","08","40233","2","1","0","01","-","1","1","1","38","03/06/1983","1","03","3","2","5","01","5","5","2","1","001400",1,,7774,0
"00","1021","2","11A205","08","40233","2","1","0","03","-","1","3","1","14","15/12/2006","1","03","3","2","6","01","5","5","2","1","001200",1,,7774,0
"00","1021","2","11A205","08","40233","2","1","0","05","-","1","2","2","09","16/08/2012","1","02","3","1",,,,,,,,1,,7774,0
"00","1021","2","11A205","08","40233","2","1","0","06","-","1","3","2","03","11/09/2018",,,,,,,,,,,,1,,7774,0
"00","1021","2","11A205","08","40233","2","1","0","02","-","1","2","2","34","24/05/1987","1","03","3","2","5","07",,,,,,1,"1",7774,15666
"00","1021","2","11A205","08","40233","4","1","0","01","-","1","1","2","31","03/06/1990","1","02","6","2","1","01","5","2","3","1","001300",1,"1",7774,15666
"00","1021","2","11A205","08","40233","4","1","0","03","-","1","3","2","13","11/05/2008","1","03","1","1","6","06",,,,,,1,,7774,0
"00","1021","2","11A205","08","40233","4","1","0","04","-","1","3","1","09","11/07/2012","1","02","3","1",,,,,,,,1,,7774,0
"00","1021","2","11A205","08","40233","4","1","0","05","-","1","3","2","01","20/06/2020",,,,,,,,,,,,1,,7774,0
"00","1021","2","11A205","08","40233","1","1","0","02","-","1","5","1","12","14/12/2008","1","02","6","1","6","06",,,,,,1,,7774,0
"00","1021","6","11B191","08","40267","4","1","0","01","-","1","1","1","41","29/09/1980","1","03","3","2","1","01","5","2","3","1","999999",1,,8214,0
"00","1021","6","11B191","08","40267","4","1","0","03","-","1","3","1","07","09/11/2013","1","02","1","1",,,,,,,,1,,8214,0
"00","1021","6","11B191","08","40267","4","1","0","02","-","1","2","2","42","22/02/1979","1","07","2","2","1","01","5","2","3","1","999999",1,"1",8214,16633
"00","1021","6","11B191","08","40267","3","1","0","02","-","1","2","2","50","03/07/1971","1","03","3","2","5","07",,,,,,1,,8214,0
"00","1021","6","11B191","08","40267","3","1","0","05","-","1","5","2","05","23/12/2015","1","01","3","1",,,,,,,,1,,8214,0
"00","1021","6","11B191","08","40267","3","1","0","01","-","1","1","1","51","04/01/1970","1","03","3","2","5","01","5","7","3","2","999999",1,,8214,0
"00","1021","6","11B191","08","40267","3","1","0","04","-","1","3","1","19","28/06/2002","1","04","3","1","6","01","5","2","3","1","002000",1,"1",8214,33265
"00","1021","6","11B191","08","40267","3","1","0","03","-","1","3","2","26","01/06/1995","1","07","5","2","6","01","1","5","3","1","999999",1,,8214,0
"00","1021","6","11B191","08","40267","2","1","0","01","-","1","1","1","35","07/04/1986","1","07","5","2","5","01","1","4","3","2","999999",1,"1",8214,16633
"00","1021","6","11B191","08","40267","2","1","0","04","-","1","3","2","06","07/09/2015","2","01","2","1",,,,,,,,1,,8214,0
"00","1021","6","11B191","08","40267","2","1","0","03","-","1","3","2","08","03/01/2013","1","02","1","1",,,,,,,,1,,8214,0
"00","1021","6","11B191","08","40267","2","1","0","02","-","1","2","2","37","16/02/1984","1","08","2","2","5","01","1","7","3","2","006000",1,,8214,0
"00","1021","5","11B192","08","40303","1","1","0","01","-","1","1","1","29","20/03/1992","1","02","4","2","5","01","4","4","2","1","999999",1,"1",9257,18655
"00","1021","5","11B192","08","40303","4","1","0","03","-","1","3","2","24","21/03/1997","1","03","3","1","6","01","5","2","3","1","001500",1,,9257,0
"00","1021","5","11B192","08","40303","1","1","0","03","-","1","3","2","12","05/09/2009","1","02","5","1","6","06",,,,,,1,,9257,0
"00","1021","5","11B192","08","40303","1","1","0","02","-","1","2","2","31","09/04/1990","1","03","3","2","5","01","4","4","2","1","003000",1,,9257,0
"00","1021","5","11B192","08","40303","1","1","0","05","-","1","3","2","03","29/06/2018",,,,,,,,,,,,1,,9257,0
"14","1021","5","11B192","08","40303","2","1","0","01","-","1","1","1","71","31/03/1950","1","02","3","2","1","08",,,,,,1,,9257,0
"14","1021","5","11B192","08","40303","2","1","0","02","-","1","2","2","61","10/11/1959","1","03","3","2","1","07",,,,,,1,,9257,0
"00","1021","5","11B192","08","40303","1","1","0","04","-","1","3","1","08","05/02/2013","1","02","1","1",,,,,,,,1,,9257,0
"00","1021","5","11B192","08","40303","4","1","0","02","-","1","2","2","38","18/06/1983","1","03","3","2","1","07",,,,,,1,,9257,0
"00","1021","5","11B192","08","40303","4","1","0","04","-","1","3","1","19","06/01/2002","1","04","3","2","6","01","5","4","3","1","999999",1,"1",9257,37310
"00","1021","5","11B192","08","40303","4","1","0","05","-","1","3","1","15","13/03/2006","1","03","2","1","6","06",,,,,,1,,9257,0
"00","1021","5","11B192","08","40303","4","1","0","06","-","1","3","1","14","17/02/2007","1","03","1","1","6","06",,,,,,1,,9257,0
"00","1021","5","11B192","08","40303","4","1","0","01","-","1","1","1","50","23/10/1970","1","03","3","2","1","01","5","4","3","1","999999",1,,9257,0
"00","1021","5","11B192","08","40303","4","1","0","07","-","3","3","1","00","05/02/2021",,,,,,,,,,,,1,,9257,0
"15","1021","4","12A203","08","40318","4","1","0","01","-","1","1","1","84","10/10/1937","1","02","6","2","5","07",,,,,,1,,8236,0
"15","1021","4","12A203","08","40318","4","1","0","02","-","1","3","2","46","19/08/1975","1","03","3","2","6","07",,,,,,1,,8236,0
"15","1021","4","12A203","08","40318","4","1","0","03","-","1","2","2","78","16/02/1943","1","02","6","2","5","01","4","4","1","1","999999",1,"1",8236,0
"15","1021","4","12A203","08","40318","4","1","0","04","-","1","5","1","21","06/10/2000","1","06","3","2","6","01","5","5","3","1","001200",1,,8236,0
"00","1021","4","12A203","08","40318","1","1","0","01","-","1","1","1","58","04/03/1963","1","07","6","2","5","09",,,,,,1,,8236,0
"00","1021","4","12A203","08","40318","1","1","0","02","-","1","2","2","58","14/04/1963","1","06","3","2","5","08",,,,,,1,"1",8236,50030
"00","1021","1","12A206","08","40327","3","1","0","01","-","1","1","1","55","21/05/1966","1","06","3","2","5","01","5","5","3","1","002800",1,,7269,0
"00","1021","1","12A206","08","40327","3","1","0","04","-","1","3","2","21","13/05/2000","1","07","2","1","6","01","5","4","3","1","001100",1,"1",7269,29438
"00","1021","1","12A206","08","40327","3","1","0","02","-","1","2","2","52","22/01/1969","1","03","3","2","5","01","5","5","2","1","001800",1,,7269,0
"00","1021","1","12A206","08","40327","3","1","0","03","-","1","3","1","32","04/12/1988","1","03","3","2","3","01","5","5","3","1","002800",1,,7269,0
"00","1021","1","12A206","08","40327","4","1","0","02","-","1","8","2","35","29/09/1986","1","03","3","2","6","01","5","5","3","1","000760",1,,7269,0
"00","1021","1","12A206","08","40327","4","1","0","04","-","1","3","2","08","05/11/2012","1","02","3","1",,,,,,,,1,,7269,0
"00","1021","1","12A206","08","40327","4","1","0","03","-","1","3","1","10","19/03/2011","1","02","4","1",,,,,,,,1,,7269,0
"00","1021","1","12A206","08","40327","4","1","0","01","-","1","1","2","30","22/05/1991","1","03","3","2","2","01","5","5","3","1","999999",1,"1",7269,14719
"00","1021","1","12A206","08","40327","2","1","0","04","-","1","3","2","21","15/06/2000","1","03","3","2","6","01","5","5","3","1","001500",1,,7269,0
"00","1021","1","12A206","08","40327","2","1","0","02","-","1","2","2","52","26/06/1969","1","03","3","2","5","01","5","2","3","1","001500",1,"1",7269,29438
"00","1021","1","12A206","08","40327","2","1","0","01","-","1","1","1","54","28/01/1967","1","03","3","2","5","01","5","5","2","1","002000",1,,7269,0
"00","1021","1","12A206","08","40327","2","1","0","03","-","1","3","1","23","15/06/1998","1","04","3","2","6","01","5","2","3","1","001800",1,,7269,0
"00","1021","5","12B192","08","40331","4","1","0","04","-","1","3","1","09","08/05/2012","1","02","2","1",,,,,,,,1,,10049,0
"00","1021","5","12B192","08","40331","4","1","0","02","-","1","2","2","33","17/03/1988","1","04","3","2","5","07",,,,,,1,"1",10049,23741
"00","1021","5","12B192","08","40331","4","1","0","01","-","1","1","1","34","30/12/1986","1","04","3","2","5","01","5","2","3","1","003000",1,,10049,0
"15","1021","5","12B192","08","40331","1","1","0","01","-","1","1","1","68","10/01/1953","1","08","4","2","6","08",,,,,,1,"1",10049,0
"00","1021","5","12B192","08","40331","3","1","0","01","-","1","1","1","55","11/06/1966","1","02","6","2","5","01","6","1","1","3","999999",1,,10049,0
"00","1021","5","12B192","08","40331","3","1","0","05","-","1","5","1","07","21/09/2014","2","01","3","1",,,,,,,,1,,10049,0
"00","1021","5","12B192","08","40331","3","1","0","04","-","1","3","2","23","20/08/1998","1","07","4","1","6","06",,,,,,1,,10049,0
"00","1021","5","12B192","08","40331","4","1","0","03","-","1","3","1","13","08/01/2008","1","02","6","1","6","06",,,,,,1,,10049,0
"00","1021","5","12B192","08","40331","3","1","0","03","-","1","3","2","29","08/06/1992","1","07","4","2","6","01","5","2","3","1","002000",1,"1",10049,47482
"00","1021","5","12B192","08","40331","3","1","0","02","-","1","2","2","56","02/06/1965","1","06","3","2","5","07",,,,,,1,,10049,0
"00","1021","8","12A197","08","40361","2","1","0","01","-","1","1","1","44","09/07/1977","1","06","3","2","6","01","5","2","3","1","002500",1,"1",10028,20234
"00","1021","8","12A197","08","40361","4","1","1","02","-","1","2","2","27","15/06/1994","1","04","3","2","6","01","4","4","2","1","999999",1,,10028,0
"00","1021","8","12A197","08","40361","3","1","0","02","-","1","8","1","28","25/10/1992","1","03","3","2","6","01","5","4","3","1","003500",1,,10028,0
"00","1021","8","12A197","08","40361","3","1","0","01","-","1","1","1","39","15/06/1982","1","07","4","2","6","01","1","4","3","1","004500",1,"1",10028,20234
"00","1021","8","12A197","08","40361","4","1","1","01","-","1","1","1","34","15/06/1987","1","07","5","2","3","01","4","4","2","1","999999",1,"1",10028,20234
"00","1021","8","12A197","08","40361","2","1","0","02","-","1","8","1","40","06/05/1981","1","07","4","2","6","01","1","5","3","2","999999",1,,10028,0
"00","1021","3","12A204","09","40004","1","1","0","01","-","1","1","1","37","27/08/1984","1","06","3","2","1","01","5","5","3","2","999999",1,,6885,0
"00","1021","3","12A204","09","40004","1","1","0","03","-","1","3","2","14","03/04/2007","1","03","2","1","6","06",,,,,,1,,6885,0
"00","1021","3","12A204","09","40004","4","1","0","01","-","1","1","1","47","30/09/1974","1","06","3","2","6","01","5","5","3","2","003500",1,"1",6885,6971
"00","1021","3","12A204","09","40004","3","1","0","04","-","1","3","1","10","02/04/2011","1","02","4","1",,,,,,,,1,,6885,0
"00","1021","3","12A204","09","40004","3","1","0","01","-","1","1","2","43","15/08/1978","1","07","4","2","2","01","5","5","3","1","999999",1,,6885,0
"00","1021","3","12A204","09","40004","3","1","0","03","-","1","3","1","16","09/01/2005","1","04","1","1","6","06",,,,,,1,,6885,0
"00","1021","3","12A204","09","40004","3","1","0","02","-","1","3","1","20","04/07/2001","1","07","2","2","6","04",,,,,,1,"1",6885,13942
"00","1021","3","12A204","09","40004","1","1","0","02","-","1","2","2","35","10/05/1986","1","04","3","2","1","07",,,,,,1,"1",6885,13942
"00","1021","3","12A204","09","40004","1","1","0","04","-","1","3","2","09","07/08/2012","1","02","3","1",,,,,,,,1,,6885,0
"00","1021","3","12A204","09","40006","2","1","0","01","-","1","1","2","45","08/06/1976","1","02","2","2","2","01","5","5","2","1","000600",1,"1",5934,12016
"00","1021","3","12A204","09","40006","2","1","0","03","-","1","3","1","13","08/10/2008","1","03","1","2","6","07",,,,,,1,,5934,0
"00","1021","3","12A204","09","40006","1","1","0","01","-","1","1","2","56","03/03/1965","1","09","1","2","5","01","1","5","2","2","999999",1,"1",5934,6008
"00","1021","3","12A204","09","40006","3","1","0","01","-","1","1","2","33","12/10/1987","1","08","2","2","6","01","1","5","3","2","999999",1,"1",5934,6008
"00","1021","3","12A204","09","40006","2","1","0","02","-","1","3","2","26","16/09/1995","1","03","2","2","6","01","5","5","2","1","000600",1,,5934,0
"00","1021","3","12A204","09","40006","4","1","0","01","-","1","1","1","70","25/11/1950","1","08","2","2","3","01","1","5","1","3","999999",1,"1",5934,6008
"00","1021","7","11A198","09","40015","3","1","0","03","-","1","3","2","06","04/06/2015","2","01","2","1",,,,,,,,1,,9288,0
"00","1021","7","11A198","09","40015","3","1","0","01","-","1","1","1","39","14/11/1981","1","08","2","2","5","01","3","5","3","2","999999",1,,9288,0
"00","1021","7","11A198","09","40015","3","1","0","02","-","1","2","2","25","03/03/1996","1","04","3","2","5","07",,,,,,1,"1",9288,18717
"00","1021","7","11A198","09","40015","4","1","0","01","-","1","1","1","60","11/05/1961","1","02","3","2","5","07",,,,,,1,,9288,0
"00","1021","7","11A198","09","40015","4","1","0","03","-","1","3","2","21","05/01/2000","1","07","1","1","6","01","4","4","2","1","001000",1,"1",9288,46792
"00","1021","7","11A198","09","40015","4","1","0","05","-","1","9","2","24","10/12/1996","1","04","3","2","6","01","4","4","2","1","001000",1,,9288,0
"00","1021","7","11A198","09","40015","4","1","0","02","-","1","2","2","56","28/05/1965","1","02","3","2","5","07",,,,,,1,,9288,0
"00","1021","7","11A198","09","40015","4","1","0","04","-","1","8","2","42","21/04/1979","1","02","3","2","6","01","4","4","2","1","001500",1,,9288,0
"00","1021","7","11A198","09","40015","1","1","0","01","-","1","1","1","51","15/06/1970","1","03","3","2","2","01","4","4","2","1","999999",1,"1",9288,9358
"00","1021","7","11A198","09","40015","2","1","0","02","-","1","2","1","71","15/06/1950","1","06","3","2","5","07",,,,,,1,,9288,0
"00","1021","7","11A198","09","40015","2","1","0","03","-","1","3","1","46","15/06/1975","1","04","3","2","5","01","3","5","3","2","999999",1,,9288,0
"00","1021","7","11A198","09","40015","2","1","0","01","-","1","1","2","71","15/06/1950","1","03","3","2","5","07",,,,,,1,"1",9288,46792
"00","1021","7","11A198","09","40015","2","1","0","04","-","1","5","1","22","15/06/1999","1","04","3","1","6","06",,,,,,1,,9288,0
"00","1021","7","11A198","09","40015","2","1","0","05","-","1","5","2","46","15/06/1975","1","04","3","2","5","01","4","4","2","1","999999",1,,9288,0
"00","1021","7","11A198","09","40015","3","1","0","04","-","1","3","2","04","24/03/2017",,,,,,,,,,,,1,,9288,0
"00","1021","7","12A198","09","40017","3","1","0","01","-","1","1","1","66","16/05/1955","1","07","4","2","5","08",,,,,,1,"1",8781,17718
"00","1021","7","12A198","09","40017","3","1","0","02","-","1","2","2","65","07/07/1956","1","07","2","2","5","07",,,,,,1,,8781,0
"00","1021","7","12A198","09","40017","1","1","0","01","-","1","1","1","81","23/01/1940","1","09","2","2","5","08",,,,,,1,"1",8781,17718
"00","1021","7","12A198","09","40017","1","1","0","02","-","1","2","2","74","12/01/1947","1","08","2","2","5","08",,,,,,1,,8781,0
"00","1021","7","11A198","09","40018","3","1","0","02","-","1","3","1","33","24/06/1988","1","03","3","2","6","01","4","4","2","1","000700",1,,8882,0
"00","1021","7","11A198","09","40018","3","1","0","04","-","1","6","2","61","30/12/1959","1","02","6","2","6","07",,,,,,1,,8882,0
"00","1021","7","11A198","09","40018","3","1","0","03","-","1","3","1","43","26/05/1978","1","03","3","2","2","01","4","4","2","1","000700",1,,8882,0
"00","1021","7","11A198","09","40018","2","1","0","01","-","1","1","1","67","22/01/1954","1","07","1","2","5","01","4","4","1","1","000700",1,,8882,0
"00","1021","7","11A198","09","40018","3","1","0","01","-","1","1","2","63","19/04/1958","1","02","5","2","4","07",,,,,,1,"1",8882,44749
"00","1021","7","11A198","09","40018","3","1","0","05","-","1","5","2","18","03/02/2003","1","03","3","1","6","06",,,,,,1,,8882,0
"00","1021","7","11A198","09","40018","1","1","1","01","-","1","1","2","27","18/11/1993","1","03","3","2","6","01","4","4","2","1","000700",1,"1",8882,8950
"00","1021","7","11A198","09","40018","1","1","1","02","-","1","3","2","05","14/06/2016","2","01","3","1",,,,,,,,1,,8882,0
"00","1021","7","11A198","09","40018","2","1","0","03","-","1","3","1","35","15/04/1986","1","07","4","2","6","01","1","7","3","2","999999",1,,8882,0
"00","1021","7","11A198","09","40018","2","1","0","04","-","1","3","2","33","22/12/1987","1","07","4","2","6","04",,,,,,1,,8882,0
"00","1021","7","11A198","09","40018","2","1","0","02","-","1","2","2","53","31/12/1967","1","03","3","2","5","02","4","4","6","5",,1,"1",8882,35799
"00","1021","7","11A198","09","40018","4","1","0","01","-","1","1","1","48","10/03/1973","1","03","3","2","6","01","5","5","2","1","000500",1,"1",8882,8950
"00","1021","3","11A204","09","40051","2","1","0","01","-","1","1","1","37","11/07/1984","1","03","3","2","6","01","7","2","3","1","002000",1,"1",6996,14098
"00","1021","3","11A204","09","40051","2","1","0","04","-","3","3","1","11","10/07/2010","1","02","5","1",,,,,,,,1,,6996,0
"00","1021","3","11A204","09","40051","2","1","0","02","-","3","2","2","39","23/01/1982","1","04","3","2","5","07",,,,,,1,,6996,0
"00","1021","3","11A204","09","40051","2","1","0","03","-","3","3","2","17","08/11/2003","1","04","3","1","6","06",,,,,,1,,6996,0
"00","1021","3","11A204","09","40051","1","1","0","02","-","1","6","2","59","09/04/1962","2","00",,"2","6","01","5","5","2","1","000600",1,,6996,0
"00","1021","3","11A204","09","40051","1","1","0","05","-","1","5","1","12","19/03/2009","1","03","1","1","6","06",,,,,,1,,6996,0
"00","1021","3","11A204","09","40051","1","1","0","01","-","1","1","2","62","21/09/1959","2","00",,"2","6","07",,,,,,1,"1",6996,21148
"00","1021","3","11A204","09","40051","1","1","0","03","-","1","6","1","42","09/02/1979","1","03","3","2","6","09",,,,,,1,,6996,0
"00","1021","3","11A204","09","40051","1","1","0","04","-","1","5","2","15","10/02/2006","1","03","3","2","6","07",,,,,,1,,6996,0
"00","1021","3","11A204","09","40051","2","1","0","05","-","3","3","1","06","11/07/2015","2","01","3","1",,,,,,,,1,,6996,0
"00","1021","3","11A204","09","40053","4","1","0","02","-","1","2","2","32","02/08/1989","1","04","3","2","5","07",,,,,,1,,7004,0
"00","1021","3","11A204","09","40053","4","1","0","03","-","1","3","1","10","23/03/2011","1","02","5","1",,,,,,,,1,,7004,0
"00","1021","3","11A204","09","40053","4","1","0","01","-","1","1","1","37","22/10/1983","1","03","3","2","5","01","5","5","3","1","001500",1,"1",7004,14114
"00","1021","3","11A204","09","40053","4","1","0","05","-","1","3","2","07","08/12/2013","1","02","2","1",,,,,,,,1,,7004,0
"00","1021","3","11A204","09","40053","4","1","0","04","-","1","3","2","09","10/01/2012","1","02","4","1",,,,,,,,1,,7004,0
"00","1021","3","11A204","09","40053","3","1","0","01","-","1","1","1","52","15/06/1969","1","07","1","2","4","01","4","4","2","1","999999",1,"1",7004,7057
"00","1021","3","11A204","09","40053","2","1","0","04","-","1","3","2","02","20/03/2019",,,,,,,,,,,,1,,7004,0
"00","1021","3","11A204","09","40053","2","1","0","01","-","1","1","1","33","20/09/1988","1","04","3","2","5","01","4","5","3","2","999999",1,,7004,0
"00","1021","3","11A204","09","40053","2","1","0","03","-","1","3","2","11","15/06/2010","1","02","5","1",,,,,,,,1,,7004,0
"00","1021","3","11A204","09","40053","2","1","0","02","-","1","2","2","30","20/04/1991","1","04","3","2","5","01","4","4","2","1","999999",1,"1",7004,14114
"00","1021","3","11A204","09","40053","1","1","0","03","-","1","3","2","34","27/01/1987","1","03","3","2","6","01","7","5","3","1","001000",1,"1",7004,14114
"00","1021","3","11A204","09","40053","1","1","0","02","-","1","3","2","37","07/03/1984","1","04","3","2","6","01","7","5","3","1","001200",1,,7004,0
"00","1021","3","11A204","09","40053","1","1","0","01","-","2",,,,,,,,,,,,,,,,1,,0,0
"00","1021","3","12A204","09","40055","4","1","0","01","-","1","1","2","60","15/07/1961","1","02","6","2","6","01","4","4","2","1","999999",1,"1",8110,8211
"00","1021","3","12A204","09","40055","3","1","0","03","-","1","3","1","26","17/01/1995","1","04","3","2","6","01","5","5","3","1","001500",1,,8110,0
"00","1021","3","12A204","09","40055","3","1","0","05","-","1","3","1","17","03/06/2004","1","03","3","2","6","07",,,,,,1,,8110,0
"00","1021","3","12A204","09","40055","3","1","0","01","-","1","1","1","57","23/09/1964","1","02","6","2","5","01","5","5","2","1","001000",1,,8110,0
"00","1021","3","12A204","09","40055","3","1","0","02","-","1","2","2","55","24/11/1965","1","02","6","2","5","07",,,,,,1,"1",8110,32845
"00","1021","3","12A204","09","40055","1","1","0","02","-","1","3","1","38","19/07/1983","1","06","3","2","6","01","1","5","3","2","999999",1,,8110,0
"00","1021","3","12A204","09","40055","2","1","0","02","-","1","3","2","26","04/04/1995","1","04","1","2","6","07",,,,,,1,"1",8110,16423
"00","1021","3","12A204","09","40055","2","1","0","01","-","1","1","1","54","15/06/1967","1","03","3","2","4","01","5","5","2","1","999999",1,,8110,0
"00","1021","3","12A204","09","40055","1","1","0","03","-","1","3","1","31","21/05/1990","1","07","4","2","6","01","1","5","3","2","999999",1,"1",8110,24634
"00","1021","3","12A204","09","40055","1","1","0","01","-","1","1","2","63","09/03/1958","1","06","3","2","6","08",,,,,,1,,8110,0
"00","1021","3","12A204","09","40055","3","1","0","04","-","1","3","2","24","11/12/1996","1","07","2","1","6","06",,,,,,1,,8110,0
"00","1021","7","11A198","09","40062","1","1","0","01","-","1","1","2","71","10/05/1950","1","02","6","2","6","01","4","4","2","1","000400",1,"1",7955,16032
"00","1021","7","11A198","09","40062","1","1","0","02","-","1","3","1","35","26/06/1986","1","04","3","2","6","09",,,,,,1,,7955,0
"00","1021","7","11A198","09","40062","2","1","0","03","-","1","8","1","11","09/08/2010","1","02","6","1",,,,,,,,1,,7955,0
"00","1021","7","11A198","09","40062","2","1","0","01","-","1","1","2","61","26/11/1959","1","06","3","2","6","07",,,,,,1,"1",7955,16032
"00","1021","7","11A198","09","40062","2","1","0","02","-","1","8","2","31","15/06/1990","1","03","3","2","6","01","5","5","2","1","001200",1,,7955,0
"00","1021","7","11A198","09","40062","3","1","0","04","-","1","3","1","13","19/08/2008","1","03","1","1","6","06",,,,,,1,,7955,0
"00","1021","7","11A198","09","40062","4","1","0","01","-","1","1","1","33","08/10/1987","1","02","6","2","1","01","7","2","3","1","001900",1,"1",7955,16032
"00","1021","7","11A198","09","40062","3","1","0","03","-","1","3","1","19","30/04/2002","1","04","2","1","6","06",,,,,,1,"1",7955,24048
"00","1021","7","11A198","09","40062","3","1","0","02","-","1","2","2","45","28/10/1975","1","03","3","2","5","01","4","4","2","1","000300",1,,7955,0
"00","1021","7","11A198","09","40062","4","1","0","05","-","1","3","1","04","08/10/2016",,,,,,,,,,,,1,,7955,0
"00","1021","7","11A198","09","40062","4","1","0","04","-","1","3","1","06","04/02/2015","2","01","2","1",,,,,,,,1,,7955,0
"00","1021","7","11A198","09","40062","4","1","0","02","-","1","2","2","29","24/04/1992","1","04","3","2","1","07",,,,,,1,,7955,0
"00","1021","7","11A198","09","40062","4","1","0","03","-","1","3","1","11","02/06/2010","1","02","4","1",,,,,,,,1,,7955,0
"00","1021","7","11A198","09","40062","3","1","0","01","-","1","1","1","51","26/04/1970","1","03","3","2","5","01","5","5","3","1","999999",1,,7955,0
"00","1021","6","11A198","09","40067","1","1","0","05","-","2",,,,,,,,,,,,,,,,1,,0,0
"00","1021","7","11A198","09","40067","1","1","0","06","-","1","5","1","06","12/09/2015","2","01","2","1",,,,,,,,1,,8612,0
"00","1021","7","11A198","09","40067","1","1","0","02","-","1","5","1","29","20/03/1992","1","08","2","2","1","01","3","5","3","2","999999",1,,8612,0
"00","1021","7","11A198","09","40067","1","1","0","07","-","1","5","2","00","01/08/2021",,,,,,,,,,,,1,,8612,0
"00","1021","7","11A198","09","40067","2","1","0","03","-","1","3","1","15","22/01/2006","1","03","2","1","6","06",,,,,,1,,8612,0
"00","1021","7","11A198","09","40067","2","1","0","07","-","1","3","2","06","12/10/2015","2","01","3","1",,,,,,,,1,,8612,0
"00","1021","7","11A198","09","40067","2","1","0","08","-","1","3","2","03","13/02/2018",,,,,,,,,,,,1,,8612,0
"00","1021","7","11A198","09","40067","2","1","0","02","-","1","2","1","30","05/02/1991","2","00",,"2","1","01","4","4","2","1","002500",1,,8612,0
"00","1021","7","11A198","09","40067","2","1","0","04","-","1","3","1","14","12/05/2007","1","03","1","1","6","06",,,,,,1,,8612,0
"00","1021","7","11A198","09","40067","2","1","0","05","-","1","3","2","12","07/11/2008","1","02","5","1","6","06",,,,,,1,,8612,0
"00","1021","7","11A198","09","40067","2","1","0","06","-","1","3","1","11","07/10/2010","1","02","3","1",,,,,,,,1,,8612,0
"00","1021","7","11A198","09","40067","2","1","0","01","-","1","1","2","36","21/04/1985","1","02","6","2","1","07",,,,,,1,"1",8612,17356
"00","1021","7","11A198","09","40067","3","1","0","07","-","1","5","1","14","09/03/2007","1","03","1","1","6","06",,,,,,1,,8612,0
"00","1021","7","11A198","09","40067","3","1","0","02","-","1","2","2","62","23/09/1959","1","04","3","2","5","07",,,,,,1,,8612,0
"00","1021","7","11A198","09","40067","3","1","0","01","-","1","1","1","60","14/04/1961","1","04","3","2","5","08",,,,,,1,"1",8612,43390
"00","1021","7","11A198","09","40067","3","1","0","06","-","1","3","1","34","17/12/1986","1","04","3","2","6","01","5","5","2","1","002000",1,,8612,0
"00","1021","7","11A198","09","40067","3","1","0","03","-","1","3","2","38","19/09/1983","1","04","3","1","6","06",,,,,,1,,8612,0
"00","1021","7","11A198","09","40067","3","1","0","05","-","1","5","2","15","15/11/2005","1","03","3","1","6","06",,,,,,1,,8612,0
"00","1021","7","11A198","09","40067","3","1","0","04","-","1","5","2","18","04/04/2003","1","04","2","2","6","07",,,,,,1,,8612,0
"00","1021","7","11A198","09","40067","4","1","1","01","-","1","1","2","66","13/09/1955","1","03","3","2","4","08",,,,,,1,"1",8612,8678
"00","1021","7","11A198","09","40067","1","1","0","03","-","1","3","2","23","14/04/1998","1","04","3","2","1","01","3","5","3","2","999999",1,,8612,0
"00","1021","7","11A198","09","40067","1","1","0","01","-","1","1","1","51","20/10/1969","1","04","3","2","3","01","5","5","3","1","001500",1,"1",8612,34712
"00","1021","7","11A198","09","40067","1","1","0","04","-","1","3","2","20","31/08/2001","1","04","3","2","6","01","3","5","3","2","999999",1,,8612,0
"00","1021","3","13A204","09","40100","3","1","0","04","-","1","4","1","93","15/09/1928","1","04","3","2","4","08",,,,,,1,,10080,0
"00","1021","3","13A204","09","40100","2","1","0","01","-","1","1","2","45","23/07/1976","1","07","4","2","2","01","1","5","3","3","999999",1,"1",10080,10169
"00","1021","3","13A204","09","40100","3","1","0","02","-","1","2","2","62","23/02/1959","1","04","3","2","5","07",,,,,,1,"1",10080,40677
"00","1021","3","13A204","09","40100","3","1","0","01","-","1","1","1","59","17/05/1962","1","07","4","2","5","01","1","5","3","3","035000",1,,10080,0
"00","1021","3","13A204","09","40100","1","1","0","03","-","1","3","1","21","01/02/2000","1","07","4","1","6","06",,,,,,1,"1",10080,30507
"00","1021","3","13A204","09","40100","1","1","0","02","-","1","2","2","56","22/02/1965","1","07","4","2","5","01","1","2","3","3","025000",1,,10080,0
"00","1021","3","13A204","09","40100","1","1","0","01","-","1","1","1","58","21/03/1963","1","07","4","2","5","01","1","7","3","3","025000",1,,10080,0
"00","1021","3","13A204","09","40100","3","1","0","03","-","1","3","2","21","17/08/2000","1","07","4","1","6","01","1","5","3","3","005000",1,,10080,0
"00","1021","3","13A204","09","40100","4","1","0","01","-","1","1","2","48","26/05/1973","1","07","4","2","2","01","1","7","3","2","999999",1,"1",10080,10169
"00","1021","3","12A204","09","40102","1","1","0","03","-","1","3","2","25","10/10/1996","1","07","4","2","6","07",,,,,,1,"1",7107,28783
"00","1021","3","12A204","09","40102","1","1","0","02","-","1","2","1","56","01/09/1965","1","04","3","2","5","01","5","5","3","2","999999",1,,7107,0
"00","1021","3","12A204","09","40102","1","1","0","04","-","1","3","1","23","09/10/1998","1","07","5","1","6","06",,,,,,1,,7107,0
"00","1021","3","12A204","09","40102","1","1","0","01","-","1","1","2","56","10/12/1964","1","07","4","2","5","07",,,,,,1,,7107,0
"00","1021","3","12A204","09","40102","2","1","0","01","-","1","1","1","63","18/05/1958","1","04","1","2","5","01","4","5","2","1","999999",1,"1",7107,7196
"00","1021","3","12A204","09","40102","3","1","0","01","-","1","1","1","70","19/05/1951","1","02","3","2","4","08",,,,,,1,"1",7107,7196
"00","1021","3","12A204","09","40102","4","1","0","01","-","1","1","2","36","22/03/1985","1","07","4","2","1","01","4","5","3","1","999999",1,"1",7107,14391
"00","1021","3","12A204","09","40102","4","1","0","02","-","1","2","1","46","03/09/1975","1","07","4","2","1","01","5","5","3","2","999999",1,,7107,0
"00","1021","6","11B191","09","40110","4","1","1","01","-","1","1","1","48","20/03/1973","1","04","3","2","5","01","5","5","3","1","002000",1,"1",9128,18395
"00","1021","6","11B191","09","40110","4","1","1","03","-","1","3","2","12","21/05/2009","1","03","1","1","6","06",,,,,,1,,9128,0
"00","1021","6","11B191","09","40110","4","1","1","02","-","1","2","2","50","05/02/1971","1","04","3","2","5","01","3","4","3","2","999999",1,,9128,0
"00","1021","6","11B191","09","40110","3","1","0","01","-","1","1","1","67","11/01/1954","1","03","1","2","2","04",,,,,,1,"1",9128,9198
"00","1021","7","13A198","09","40111","3","1","1","04","-","1","3","1","11","21/08/2010","1","02","5","1",,,,,,,,1,,7992,0
"00","1021","7","13A198","09","40111","3","1","1","02","-","1","2","2","43","01/07/1978","1","04","3","2","5","07",,,,,,1,,7992,0
"00","1021","7","13A198","09","40111","3","1","1","03","-","1","3","2","15","18/07/2006","1","03","3","1","6","06",,,,,,1,,7992,0
"00","1021","7","13A198","09","40111","2","1","0","01","-","1","1","2","39","02/07/1982","1","04","3","2","6","01","5","5","3","2","999999",1,"1",7992,8091
"00","1021","7","13A198","09","40111","1","1","0","01","-","1","1","2","68","29/05/1953","1","05","2","2","4","01","2","7","3","2","003200",1,,7992,0
"00","1021","7","13A198","09","40111","1","1","0","03","-","1","5","2","15","06/06/2006","1","04","1","2","6","07",,,,,,1,,7992,0
"00","1021","7","13A198","09","40111","1","1","0","02","-","1","3","2","33","24/09/1988","1","04","3","2","6","01","2","6","3","2","003000",1,"1",7992,16182
"00","1021","7","13A198","09","40111","3","1","1","01","-","1","1","1","45","21/11/1975","1","04","3","2","5","01","3","7","3","2","999999",1,"1",7992,16182
"00","1021","6","12B191","09","40112","1","1","0","01","-","1","1","1","43","21/12/1977","1","04","3","2","6","01","4","4","2","1","003000",1,"1",10045,10134
"00","1021","6","12B191","09","40112","4","1","0","01","-","1","1","1","78","25/06/1943","1","08","2","2","5","08",,,,,,1,"1",10045,10134
"00","1021","6","12B191","09","40112","3","1","0","04","-","1","5","2","05","03/05/2016","2","01","1","1",,,,,,,,1,,10045,0
"00","1021","6","12B191","09","40112","2","1","0","03","-","1","7","1","39","17/04/1982","1","04","3","2","5","01","3","5","3","2","999999",1,,10045,0
"00","1021","6","12B191","09","40112","3","1","0","03","-","1","3","1","29","18/05/1992","1","07","5","2","6","01","1","5","2","1","999999",1,,10045,0
"00","1021","6","12B191","09","40112","2","1","0","01","-","1","1","2","71","13/11/1949","1","03","3","2","3","01","4","5","2","3","012000",1,,10045,0
"00","1021","6","12B191","09","40112","3","1","0","02","-","1","3","2","48","29/05/1973","1","07","5","2","5","07",,,,,,1,"1",10045,30402
"00","1021","6","12B191","09","40112","3","1","0","01","-","1","1","2","66","03/05/1955","1","04","3","2","4","07",,,,,,1,,10045,0
"00","1021","6","12B191","09","40112","2","1","0","02","-","1","6","2","68","11/01/1953","1","03","3","2","3","01","4","5","2","3","012000",1,"1",10045,30402
"00","1021","7","12A198","09","40114","1","1","0","01","-","1","1","1","32","24/07/1989","1","07","4","2","5","01","3","5","3","2","002500",1,"1",8144,16492
"00","1021","7","12A198","09","40114","4","1","0","03","-","1","3","1","20","14/09/2001","1","04","2","1","6","06",,,,,,1,"1",8144,24738
"00","1021","7","12A198","09","40114","4","1","0","01","-","1","1","1","53","03/07/1968","1","04","1","2","1","01","4","4","2","1","999999",1,,8144,0
"00","1021","7","12A198","09","40114","4","1","0","02","-","1","2","2","49","12/01/1972","1","03","3","2","1","07",,,,,,1,,8144,0
"00","1021","7","12A198","09","40114","3","1","0","01","-","1","1","2","27","08/11/1993","1","08","2","2","6","01","1","5","3","2","999999",1,"1",8144,8246
"00","1021","7","12A198","09","40114","1","1","0","03","-","1","3","1","07","30/07/2014","1","01","3","1",,,,,,,,1,,8144,0
"00","1021","7","12A198","09","40114","1","1","0","04","-","1","3","1","05","30/05/2016","1","01","1","1",,,,,,,,1,,8144,0
"00","1021","7","12A198","09","40114","1","1","0","02","-","1","2","2","27","26/07/1994","1","04","3","2","5","07",,,,,,1,,8144,0
"00","1021","7","12A198","09","40117","3","1","0","03","-","1","3","2","17","07/06/2004","1","04","2","1","6","06",,,,,,1,,6729,0
"00","1021","7","12A198","09","40117","3","1","0","06","-","1","9","2","64","08/07/1957","1","02","6","2","6","01","5","5","3","2","999999",1,,6729,0
"00","1021","7","12A198","09","40117","3","1","0","01","-","1","1","1","51","28/04/1970","2","07","4","2","5","01","1","5","3","2","999999",1,"1",6729,20367
"00","1021","7","12A198","09","40117","3","1","0","04","-","1","3","1","15","05/01/2006","1","03","3","1","6","06",,,,,,1,,6729,0
"00","1021","7","12A198","09","40117","3","1","0","05","-","1","3","1","05","15/02/2016","1","01","2","1",,,,,,,,1,,6729,0
"00","1021","7","12A198","09","40117","3","1","0","02","-","1","2","2","46","04/04/1975","2","07","4","2","5","01","1","5","3","2","999999",1,,6729,0
"00","1021","7","12A198","09","40117","2","1","0","01","-","1","1","1","35","05/10/1986","1","07","4","1","5","01","1","5","3","2","010000",1,"1",6729,13578
"00","1021","7","12A198","09","40117","2","1","0","02","-","1","2","2","31","18/07/1990","1","07","4","2","5","01","1","5","3","2","010000",1,,6729,0
"00","1021","7","12A198","09","40118","4","1","0","01","-","1","1","1","38","28/12/1982","1","07","5","2","6","01","1","6","3","2","017000",1,"1",8645,8753
"00","1021","5","12A198","09","40118","3","1","0","03","-","2",,,,,,,,,,,,,,,,1,,0,0
"00","1021","7","12A198","09","40118","2","1","0","02","-","1","2","2","78","28/03/1943","1","02","4","2","5","07",,,,,,1,"1",8645,17506
"00","1021","7","12A198","09","40118","1","1","0","03","-","1","3","2","25","26/09/1996","1","07","4","1","6","06",,,,,,1,,8645,0
"00","1021","7","12A198","09","40118","2","1","0","01","-","1","1","1","89","06/05/1932","1","07","5","2","5","07",,,,,,1,,8645,0
"00","1021","7","12A198","09","40118","1","1","0","02","-","1","3","1","39","11/03/1982","1","04","3","2","6","01","7","2","3","1","001500",1,"1",8645,26260
"00","1021","5","12A198","09","40118","3","1","0","02","-","2",,,,,,,,,,,,,,,,1,,0,0
"00","1021","7","12A198","09","40118","3","1","0","01","-","1","1","1","40","03/11/1980","1","04","2","2","5","04",,,,,,1,"1",8645,8753
"00","1021","7","12A198","09","40118","1","1","0","01","-","1","1","2","63","02/10/1958","1","03","3","2","2","07",,,,,,1,,8645,0
"00","1021","6","13B191","09","40166","3","1","0","04","-","1","3","1","23","30/01/1998","1","03","3","1","6","06",,,,,,1,,10702,0
"00","1021","6","13B191","09","40166","3","1","0","03","-","1","3","1","26","14/09/1995","1","07","4","2","6","04",,,,,,1,,10702,0
"00","1021","6","13B191","09","40166","3","1","0","02","-","1","2","1","35","22/03/1986","1","04","3","2","1","01","4","4","3","1","999999",1,,10702,0
"00","1021","6","13B191","09","40166","4","1","0","01","-","1","1","1","69","15/05/1952","1","07","2","2","5","08",,,,,,1,"1",10702,10797
"00","1021","6","13B191","09","40166","1","1","0","01","-","1","1","1","51","30/08/1970","1","08","2","2","5","07",,,,,,1,,10702,0
"00","1021","6","13B191","09","40166","1","1","0","02","-","1","2","1","34","02/07/1987","1","07","2","2","5","01","5","5","3","1","999999",1,"1",10702,21594
"00","1021","6","13B191","09","40166","2","1","0","01","-","1","1","2","60","14/04/1961","1","03","3","2","4","07",,,,,,1,"1",10702,10797
"00","1021","6","13B191","09","40166","3","1","0","01","-","1","1","2","49","21/05/1972","1","05","3","2","1","07",,,,,,1,"1",10702,53984
"00","1021","6","13B191","09","40166","3","1","0","05","-","1","3","2","20","19/07/2001","2","03","3","1","6","06",,,,,,1,,10702,0
"00","1021","8","12A197","09","40202","4","1","0","01","-","1","1","1","29","24/07/1992","1","04","3","2","6","01","4","4","2","1","999999",1,"1",12467,12578
"00","1021","8","12A197","09","40202","3","1","0","01","-","1","1","1","52","24/12/1968","1","07","5","2","6","01","4","4","2","1","999999",1,"1",12467,12578
"00","1021","8","12A197","09","40202","2","1","0","02","-","1","8","2","46","27/10/1974","1","04","3","2","6","01","4","4","3","2","999999",1,,12467,0
"00","1021","8","12A197","09","40202","2","1","0","01","-","1","1","2","39","26/12/1981","1","07","4","2","6","01","1","5","3","2","999999",1,"1",12467,25156
"00","1021","8","12A197","09","40202","1","1","0","01","-","1","1","2","82","07/09/1939","1","07","4","2","6","08",,,,,,1,"1",12467,12578
"00","1021","8","12A197","09","40249","2","1","0","01","-","1","1","2","65","26/06/1956","1","03","3","2","2","01","4","4","2","1","999999",1,"1",8170,8272
"00","1021","8","12A197","09","40249","3","1","0","05","-","1","7","2","40","19/04/1981","1","03","3","2","3","07",,,,,,1,,8170,0
"00","1021","8","12A197","09","40249","3","1","0","04","-","1","5","1","24","15/05/1997","1","04","3","2","1","01","4","4","2","1","999999",1,,8170,0
"00","1021","8","12A197","09","40249","3","1","0","03","-","1","3","2","22","13/07/1999","1","04","3","1","1","06",,,,,,1,,8170,0
"00","1021","8","12A197","09","40249","3","1","0","01","-","1","1","2","61","18/10/1959","1","03","1","2","5","07",,,,,,1,"1",8170,41360
"00","1021","8","12A197","09","40249","3","1","0","02","-","1","2","1","74","22/09/1947","1","03","3","2","5","08",,,,,,1,,8170,0
"00","1021","8","12A197","09","40249","1","1","0","03","-","1","3","2","41","11/11/1979","1","07","4","2","6","01","5","5","3","1","999999",1,,8170,0
"00","1021","8","12A197","09","40249","1","1","0","01","-","1","1","2","61","17/07/1960","1","04","3","2","1","07",,,,,,1,"1",8170,24816
"00","1021","8","12A197","09","40249","1","1","0","02","-","1","2","1","64","09/04/1957","1","04","3","2","1","01","5","5","2","1","999999",1,,8170,0
"00","1021","2","11A205","09","40250","1","1","0","02","-","1","2","1","41","26/01/1980","1","03","2","2","5","01","4","4","2","1","999999",1,,7097,0
"00","1021","2","11A205","09","40250","1","1","0","01","-","1","1","2","36","25/11/1984","1","03","3","2","5","05",,,,,,1,,7097,0
"00","1021","2","11A205","09","40250","3","1","0","01","-","1","1","1","65","30/06/1956","1","02","6","2","5","08",,,,,,1,"1",7097,14303
"00","1021","2","11A205","09","40250","2","1","0","01","-","1","1","2","51","08/01/1970","1","02","6","2","6","07",,,,,,1,"1",7097,7151
"00","1021","2","11A205","09","40250","4","1","0","01","-","1","1","1","47","28/05/1974","1","02","6","2","2","01","5","5","2","1","001500",1,"1",7097,7151
"00","1021","2","11A205","09","40250","1","1","0","03","-","1","3","1","19","08/01/2002","1","04","1","2","6","01","4","4","3","1","999999",1,"1",7097,21454
"00","1021","2","11A205","09","40250","3","1","0","02","-","1","2","2","61","01/02/1960","1","02","6","2","5","07",,,,,,1,,7097,0
"00","1021","2","11A205","09","40250","4","1","0","02","-","1","3","1","14","17/09/2007","1","03","2","1","6","06",,,,,,1,,7097,0
"00","1021","2","11A205","09","40250","1","1","0","04","-","1","3","1","12","05/06/2009","1","02","6","1","6","06",,,,,,1,,7097,0
"00","1021","2","11A205","09","40253","4","1","0","06","-","1","3","1","09","03/12/2011","1","02","4","1",,,,,,,,1,,8840,0
"00","1021","2","11A205","09","40253","4","1","0","04","-","1","3","1","21","13/04/2000","1","03","3","2","6","01","4","4","3","2","999999",1,,8840,0
"00","1021","2","11A205","09","40253","4","1","0","01","-","1","1","1","43","25/11/1977","1","03","3","2","5","01","5","5","2","1","999999",1,"1",8840,35629
"00","1021","2","11A205","09","40253","4","1","0","05","-","1","3","2","13","10/12/2007","1","03","2","1","6","06",,,,,,1,,8840,0
"00","1021","2","11A205","09","40253","4","1","0","03","-","1","3","2","22","28/07/1999","1","04","1","2","6","01","4","4","3","2","999999",1,,8840,0
"00","1021","2","11A205","09","40253","4","1","0","02","-","1","2","2","39","24/02/1982","1","03","3","2","5","07",,,,,,1,,8840,0
"00","1021","2","11A205","09","40253","3","1","0","03","-","1","3","2","06","19/05/2015","1","02","2","1",,,,,,,,1,,8840,0
"00","1021","2","11A205","09","40253","3","1","0","02","-","1","2","2","35","06/11/1985","1","06","3","2","5","07",,,,,,1,"1",8840,17815
"00","1021","2","11A205","09","40253","3","1","0","04","-","1","3","1","02","11/01/2019",,,,,,,,,,,,1,,8840,0
"00","1021","2","11A205","09","40253","3","1","0","01","-","1","1","1","42","14/06/1979","1","07","5","2","5","01","1","5","2","1","999999",1,,8840,0
"00","1021","2","11A205","09","40253","2","1","0","02","-","1","3","2","41","19/08/1980","1","04","3","2","2","01","5","5","2","1","999999",1,,8840,0
"00","1021","2","11A205","09","40253","1","1","0","03","-","1","3","1","21","21/02/2000","1","04","3","1","6","01","4","4","3","2","002400",1,,8840,0
"00","1021","2","11A205","09","40253","1","1","0","02","-","1","2","2","52","08/10/1968","1","04","3","2","5","07",,,,,,1,"1",8840,26722
"00","1021","2","11A205","09","40253","1","1","0","01","-","1","1","1","52","19/09/1969","1","03","3","2","5","01","5","5","3","2","003500",1,,8840,0
"00","1021","2","11A205","09","40253","2","1","0","01","-","1","1","1","65","23/01/1956","1","04","3","2","5","01","4","4","3","2","999999",1,"1",8840,26722
"00","1021","2","11A205","09","40253","2","1","0","04","-","1","5","2","08","13/03/2013","1","02","2","1",,,,,,,,1,,8840,0
"00","1021","2","11A205","09","40253","2","1","0","03","-","1","3","1","32","08/03/1989","1","04","3","2","6","01","5","5","3","2","999999",1,,8840,0
"00","1021","2","12A205","09","40254","2","1","1","02","-","1","2","2","42","15/09/1979","1","03","1","2","1","07",,,,,,1,"1",6864,13899
"00","1021","2","12A205","09","40254","2","1","1","03","-","1","3","2","17","23/12/2003","1","04","1","2","6","07",,,,,,1,,6864,0
"00","1021","2","12A205","09","40254","2","1","1","05","-","1","3","1","00","19/06/2021",,,,,,,,,,,,1,,6864,0
"00","1021","2","12A205","09","40254","2","1","1","04","-","1","3","2","11","18/08/2010","1","02","5","1",,,,,,,,1,,6864,0
"00","1021","2","12A205","09","40254","3","1","0","03","-","1","6","2","56","14/04/1965","1","06","4","2","3","01","3","7","3","2","999999",1,,6864,0
"00","1021","2","12A205","09","40254","3","1","0","04","-","1","7","2","35","18/06/1986","1","07","4","2","6","01","2","5","3","2","999999",1,,6864,0
"00","1021","2","12A205","09","40254","1","1","0","02","-","1","3","2","24","22/07/1997","1","07","4","1","6","06",,,,,,1,,6864,0
"00","1021","2","12A205","09","40254","1","1","0","01","-","1","1","2","56","10/11/1964","1","04","3","2","3","07",,,,,,1,"1",6864,13899
"00","1021","2","12A205","09","40254","3","1","0","01","-","1","1","2","70","23/09/1951","1","02","6","2","6","08",,,,,,1,"1",6864,27798
"00","1021","2","12A205","09","40254","3","1","0","02","-","1","6","2","63","19/03/1958","1","02","6","2","6","08",,,,,,1,,6864,0
"00","1021","2","12A205","09","40254","2","1","1","01","-","1","1","1","41","26/08/1980","1","04","1","2","1","01","4","4","3","1","001000",1,,6864,0
"00","1021","6","11B191","09","40260","2","1","0","02","-","1","2","2","34","19/07/1987","1","07","5","2","5","01","1","5","3","2","999999",1,,6427,0
"00","1021","6","11B191","09","40260","3","1","0","01","-","1","1","1","34","17/08/1987","1","06","3","2","5","01","7","2","2","1","999999",1,,6427,0
"00","1021","6","11B191","09","40260","3","1","0","03","-","1","3","2","03","19/02/2018",,,,,,,,,,,,1,,6427,0
"00","1021","6","11B191","09","40260","3","1","0","02","-","1","3","2","33","24/06/1988","1","03","3","2","5","07",,,,,,1,"1",6427,12952
"00","1021","6","11B191","09","40260","3","1","0","04","-","1","3","2","13","21/08/2008","1","02","6","1","6","06",,,,,,1,,6427,0
"00","1021","6","11B191","09","40260","4","1","0","02","-","1","3","1","22","12/04/1999","1","04","3","2","6","01","5","5","3","2","002300",1,"1",6427,25904
"00","1021","6","11B191","09","40260","4","1","0","03","-","1","3","2","22","21/09/1999","1","04","3","2","6","01","5","5","3","1","001000",1,,6427,0
"00","1021","6","11B191","09","40260","4","1","0","01","-","1","1","2","47","21/03/1974","1","03","3","2","2","01","5","5","2","1","001000",1,,6427,0
"00","1021","6","11B191","09","40260","4","1","0","04","-","1","3","1","23","26/12/1997","1","04","3","2","6","01","5","5","2","1","001200",1,,6427,0
"00","1021","6","11B191","09","40260","1","1","0","02","-","1","2","2","41","01/12/1979","1","04","3","2","5","07",,,,,,1,"1",6427,25904
"00","1021","6","11B191","09","40260","1","1","0","05","-","1","6","1","48","16/06/1973","1","04","3","2","6","01","5","5","3","1","999999",1,,6427,0
"00","1021","6","11B191","09","40260","1","1","0","01","-","1","1","1","44","22/02/1977","1","04","3","2","5","01","5","5","2","1","999999",1,,6427,0
"00","1021","6","11B191","09","40260","1","1","0","04","-","1","3","2","16","20/01/2005","1","03","3","1","6","06",,,,,,1,,6427,0
"00","1021","6","11B191","09","40260","1","1","0","03","-","1","3","2","23","14/09/1998","1","07","2","1","6","06",,,,,,1,,6427,0
"00","1021","6","11B191","09","40260","2","1","0","01","-","1","1","1","34","09/10/1986","1","03","3","2","5","01","5","5","3","2","999999",1,"1",6427,12952
"00","1021","6","11B191","09","40263","3","1","0","01","-","1","1","1","63","15/04/1958","1","04","3","2","5","08",,,,,,1,"1",7815,23623
"00","1021","6","11B191","09","40263","2","1","0","02","-","1","3","1","20","13/04/2001","1","04","1","2","6","01","4","4","3","1","001200",1,,7815,0
"00","1021","6","11B191","09","40263","3","1","0","03","-","1","4","2","97","25/10/1923","1","00",,"2","5","07",,,,,,1,,7815,0
"00","1021","6","11B191","09","40263","4","1","0","04","-","1","3","2","12","12/05/2009","1","02","5","1","6","06",,,,,,1,,7815,0
"00","1021","6","11B191","09","40263","4","1","0","02","-","1","2","2","45","16/10/1975","1","03","3","2","5","01","4","5","2","1","001200",1,,7815,0
"00","1021","6","11B191","09","40263","4","1","0","03","-","1","3","2","21","13/03/2000","1","07","2","1","6","06",,,,,,1,"1",7815,23623
"00","1021","6","11B191","09","40263","4","1","0","01","-","1","1","1","46","26/10/1974","1","04","2","2","5","01","7","3","3","1","001200",1,,7815,0
"00","1021","6","11B191","09","40263","3","1","0","02","-","1","4","1","95","30/11/1925","1","00",,"2","5","08",,,,,,1,,7815,0
"00","1021","6","11B191","09","40263","2","1","0","01","-","1","1","2","47","17/05/1974","1","03","3","2","4","01","4","4","2","1","002000",1,"1",7815,15749
"00","1021","5","11B191","09","40263","1","1","0","03","-","2",,,,,,,,,,,,,,,,1,,0,0
"00","1021","6","11B191","09","40263","1","1","0","06","-","1","3","1","11","14/07/2010","1","02","4","1",,,,,,,,1,,7815,0
"00","1021","5","11B191","09","40263","1","1","0","04","-","2",,,,,,,,,,,,,,,,1,,0,0
"00","1021","6","11B191","09","40263","1","1","0","05","-","1","3","2","12","23/12/2008","1","02","6","1","6","06",,,,,,1,,7815,0
"00","1021","6","11B191","09","40263","1","1","0","07","-","1","3","1","01","17/05/2020",,,,,,,,,,,,1,,7815,0
"00","1021","6","11B191","09","40263","1","1","0","01","-","1","1","1","42","02/08/1979","1","02","6","2","1","01","4","4","2","1","001500",1,,7815,0
"00","1021","6","11B191","09","40263","1","1","0","02","-","1","2","2","34","25/04/1987","1","03","3","2","1","07",,,,,,1,"1",7815,15749
"00","1021","6","12B191","09","40265","1","1","0","05","-","1","3","2","23","13/03/1998","1","04","3","2","6","01","5","5","3","2","999999",1,,9126,0
"00","1021","6","12B191","09","40265","3","1","0","03","-","1","3","2","59","15/01/1962","1","03","3","2","6","01","3","5","3","2","003500",1,,9126,0
"00","1021","6","12B191","09","40265","2","1","0","03","-","1","3","2","28","17/04/1993","1","07","4","2","6","01","1","5","3","2","999999",1,"1",9126,46200
"00","1021","6","12B191","09","40265","2","1","0","02","-","1","2","2","56","05/09/1965","1","07","4","2","5","01","1","5","3","2","999999",1,,9126,0
"00","1021","6","12B191","09","40265","2","1","0","04","-","1","3","1","30","18/07/1991","1","07","4","2","6","01","1","5","2","2","999999",1,,9126,0
"00","1021","6","12B191","09","40265","2","1","0","01","-","1","1","1","77","16/10/1943","1","04","3","2","5","01","1","5","2","1","999999",1,,9126,0
"00","1021","6","12B191","09","40265","3","1","0","05","-","1","3","2","52","24/11/1968","1","03","3","2","6","01","3","5","3","2","004500",1,,9126,0
"00","1021","6","12B191","09","40265","3","1","0","01","-","1","1","2","82","20/06/1939","2","02","1","2","4","09",,,,,,1,"1",9126,46200
"00","1021","6","12B191","09","40265","3","1","0","04","-","1","3","2","55","19/10/1965","1","03","3","2","6","01","5","5","3","2","004000",1,,9126,0
"00","1021","6","12B191","09","40265","3","1","0","02","-","1","3","2","51","24/07/1970","1","03","3","2","6","07",,,,,,1,,9126,0
"00","1021","6","12B191","09","40265","1","1","0","02","-","1","3","1","28","25/12/1992","1","04","3","2","6","01","5","5","2","2","999999",1,"1",9126,46200
"00","1021","6","12B191","09","40265","1","1","0","01","-","1","1","2","57","16/10/1963","1","04","3","2","2","01","5","5","3","2","999999",1,,9126,0
"00","1021","6","12B191","09","40265","1","1","0","03","-","1","3","2","23","15/07/1998","1","04","3","2","6","07",,,,,,1,,9126,0
"00","1021","6","12B191","09","40265","1","1","0","04","-","1","3","2","25","04/12/1995","1","04","3","2","6","01","5","5","3","2","999999",1,,9126,0
"00","1021","6","12B191","09","40265","4","1","0","03","-","1","3","2","13","27/01/2008","1","02","6","1","6","06",,,,,,1,,9126,0
"00","1021","6","12B191","09","40265","4","1","0","02","-","1","2","2","45","24/01/1976","1","03","3","2","1","07",,,,,,1,,9126,0
"00","1021","6","12B191","09","40265","4","1","0","04","-","1","3","2","10","24/09/2011","1","02","2","1",,,,,,,,1,,9126,0
"00","1021","6","12B191","09","40265","4","1","0","01","-","1","1","1","48","13/02/1973","1","03","3","2","1","01","4","4","3","1","999999",1,"1",9126,18480
"00","1021","6","12B191","09","40265","2","1","0","05","-","1","3","1","25","26/07/1996","1","07","4","2","6","01","1","5","2","2","999999",1,,9126,0
"00","1021","2","13A205","09","40297","3","1","0","01","-","1","1","1","69","01/10/1952","1","07","4","2","6","08",,,,,,1,"1",9864,29856
"00","1021","2","13A205","09","40297","2","1","0","06","-","3","3","1","31","24/01/1990","1","08","5","2","6","01","1","5","2","2","999999",1,,9864,0
"00","1021","2","13A205","09","40297","2","1","0","05","-","3","2","2","65","21/06/1956","1","07","5","2","5","08",,,,,,1,"1",9864,39808
"00","1021","2","13A205","09","40297","2","1","0","04","-","2",,,,,,,,,,,,,,,,1,,0,0
"00","1021","2","13A205","09","40297","3","1","0","03","-","1","7","1","25","24/06/1996","1","07","4","2","6","01","1","7","3","2","999999",1,,9864,0
"00","1021","2","13A205","09","40297","2","1","0","03","-","2",,,,,,,,,,,,,,,,1,,0,0
"00","1021","2","13A205","09","40297","2","1","0","01","-","1","1","1","65","10/12/1955","1","07","4","2","5","08",,,,,,1,,9864,0
"00","1021","2","13A205","09","40297","1","1","1","01","-","1","1","1","52","02/02/1969","1","08","2","2","3","01","1","5","3","2","999999",1,"1",9864,9952
"00","1021","2","13A205","09","40297","3","1","0","02","-","1","6","2","61","16/10/1960","1","07","4","2","6","07",,,,,,1,,9864,0
"00","1021","2","13A205","09","40297","2","1","0","02","-","1","3","1","34","04/11/1986","1","07","4","2","6","01","1","5","2","2","999999",1,,9864,0
"00","1021","8","12A197","09","40298","4","1","0","01","-","1","1","1","49","27/10/1971","1","04","3","2","5","01","5","5","4","1","999999",1,,7277,0
"00","1021","8","12A197","09","40298","3","1","0","02","-","1","2","2","41","12/09/1980","1","04","3","2","5","07",,,,,,1,"1",7277,14736
"00","1021","8","12A197","09","40298","3","1","0","03","-","1","3","2","14","22/06/2007","1","03","1","1","6","06",,,,,,1,,7277,0
"00","1021","8","12A197","09","40298","3","1","0","01","-","1","1","1","48","25/01/1973","1","07","4","2","5","01","4","5","3","2","003500",1,,7277,0
"00","1021","8","12A197","09","40298","2","1","0","01","-","1","1","1","48","07/02/1973","1","06","3","2","6","01","1","5","3","2","008000",1,"1",7277,7368
"00","1021","8","12A197","09","40298","1","1","0","03","-","1","6","2","78","26/07/1943","1","02","3","2","6","09",,,,,,1,,7277,0
"00","1021","8","12A197","09","40298","1","1","0","01","-","1","1","2","63","29/12/1957","1","07","5","2","6","08",,,,,,1,"1",7277,22104
"00","1021","8","12A197","09","40298","1","1","0","02","-","1","3","1","39","21/11/1981","1","07","5","2","6","04",,,,,,1,,7277,0
"00","1021","8","12A197","09","40298","4","1","0","02","-","1","2","2","45","02/02/1976","1","04","3","2","5","01","4","4","2","1","000500",1,,7277,0
"00","1021","8","12A197","09","40298","4","1","0","06","-","1","5","2","25","06/04/1996","1","08","2","2","1","07",,,,,,1,,7277,0
"00","1021","8","12A197","09","40298","4","1","0","07","-","1","5","2","00","12/05/2021",,,,,,,,,,,,1,,7277,0
"00","1021","8","12A197","09","40298","4","1","0","04","-","1","3","1","26","25/08/1995","1","06","2","2","6","01","1","5","3","2","999999",1,,7277,0
"00","1021","8","12A197","09","40298","4","1","0","03","-","1","3","1","27","28/07/1994","1","06","2","2","6","01","1","5","3","2","999999",1,"1",7277,36841
"00","1021","8","12A197","09","40298","4","1","0","05","-","1","3","1","15","25/08/2006","1","03","2","1","6","06",,,,,,1,,7277,0
"00","1021","8","11A197","09","40299","4","1","0","03","-","1","3","1","13","11/03/2008","1","02","6","1","6","06",,,,,,1,,6670,0
"00","1021","8","11A197","09","40299","4","1","0","05","-","1","3","2","06","12/02/2015","2","01","2","1",,,,,,,,1,,6670,0
"00","1021","8","11A197","09","40299","4","1","0","02","-","1","2","2","34","18/03/1987","1","04","1","2","5","01","4","4","2","1","000300",1,"1",6670,6721
"00","1021","8","11A197","09","40299","4","1","0","04","-","1","3","1","09","19/07/2012","1","02","2","1",,,,,,,,1,,6670,0
"00","1021","8","11A197","09","40299","4","1","0","01","-","2",,,,,,,,,,,,,,,,1,,0,0
"00","1021","8","11A197","09","40299","1","1","0","02","-","1","2","2","45","16/08/1976","1","03","3","2","5","07",,,,,,1,"1",6670,13441
"00","1021","8","11A197","09","40299","3","1","1","02","-","1","2","2","29","17/12/1991","1","06","4","2","1","07",,,,,,1,"1",6670,13441
"00","1021","8","11A197","09","40299","1","1","0","03","-","1","3","1","14","05/03/2007","1","03","1","1","6","06",,,,,,1,,6670,0
"00","1021","8","11A197","09","40299","3","1","1","03","-","1","3","2","03","04/12/2017",,,,,,,,,,,,1,,6670,0
"00","1021","8","11A197","09","40299","3","1","1","01","-","1","1","1","22","19/01/1999","1","03","3","2","1","01","5","5","3","3","015000",1,,6670,0
"00","1021","8","11A197","09","40299","2","1","0","03","-","1","6","2","22","03/12/1998","1","07","2","1","6","06",,,,,,1,,6670,0
"00","1021","8","11A197","09","40299","2","1","0","01","-","1","1","1","36","23/06/1985","1","04","2","2","6","01","7","5","3","2","999999",1,"1",6670,20162
"00","1021","8","11A197","09","40299","2","1","0","02","-","1","4","2","57","15/07/1964","1","02","6","2","6","05",,,,,,1,,6670,0
"00","1021","8","11A197","09","40299","1","1","0","01","-","1","1","1","47","09/08/1974","1","04","3","2","5","01","3","5","3","2","999999",1,,6670,0
"00","1021","8","12A197","09","40300","1","1","0","02","-","1","3","2","26","25/07/1995","1","04","3","1","6","01","3","5","3","2","999999",1,,6354,0
"00","1021","8","12A197","09","40300","1","1","0","01","-","1","1","1","43","03/10/1978","1","04","3","2","3","01","5","5","2","1","999999",1,"1",6354,12867
"00","1021","8","12A197","09","40300","2","1","0","01","-","1","1","2","45","18/07/1976","1","04","3","2","5","01","3","5","3","2","999999",1,"1",6354,6433
"00","1021","8","12A197","09","40300","3","1","0","01","-","1","1","1","46","23/05/1975","1","04","3","2","5","01","5","5","3","2","999999",1,"1",6354,6433
"00","1021","8","12A197","09","40300","4","1","1","02","-","1","2","2","48","18/11/1972","1","06","3","2","1","07",,,,,,1,"1",6354,19300
"00","1021","8","12A197","09","40300","4","1","1","03","-","1","3","2","23","31/05/1998","1","07","3","1","6","06",,,,,,1,,6354,0
"00","1021","8","12A197","09","40300","4","1","1","01","-","1","1","1","49","07/07/1972","1","07","1","2","1","01","3","5","3","2","999999",1,,6354,0
"00","1021","6","12B191","09","40314","1","1","0","01","-","1","1","1","72","31/03/1949","1","09","2","2","5","01","1","5","3","2","999999",1,"1",9818,39621
"00","1021","6","12B191","09","40314","1","1","0","04","-","1","5","2","38","01/01/1983","1","08","2","2","5","01","1","5","2","2","999999",1,,9818,0
"00","1021","6","12B191","09","40314","1","1","0","03","-","1","3","1","38","19/12/1982","1","09","2","2","5","01","1","5","2","2","999999",1,,9818,0
"00","1021","6","12B191","09","40314","1","1","0","02","-","1","2","2","69","17/11/1951","1","07","4","2","5","08",,,,,,1,,9818,0
"00","1021","6","12B191","09","40314","2","1","0","01","-","1","1","2","56","17/04/1965","1","06","4","2","3","07",,,,,,1,,9818,0
"00","1021","6","12B191","09","40314","4","1","0","03","-","1","3","2","29","16/12/1991","1","07","3","2","6","01","5","5","3","2","999999",1,,9818,0
"00","1021","6","12B191","09","40314","3","1","0","01","-","1","1","1","29","18/05/1992","1","08","2","2","5","01","1","5","3","2","999999",1,,9818,0
"00","1021","6","12B191","09","40314","3","1","0","02","-","1","2","2","30","08/09/1991","1","07","5","2","5","01","1","5","3","2","999999",1,"1",9818,19811
"00","1021","6","12B191","09","40314","4","1","0","02","-","1","2","2","51","31/12/1969","1","04","3","2","5","01","3","5","3","2","999999",1,,9818,0
"00","1021","6","12B191","09","40314","4","1","0","01","-","1","1","1","51","27/07/1970","1","04","3","2","5","01","5","5","2","1","999999",1,"1",9818,29716
"00","1021","6","12B191","09","40314","2","1","0","02","-","1","3","1","26","05/10/1994","1","08","2","2","6","01","1","5","5","2","999999",1,"1",9818,19811
"00","1021","2","12A205","09","40349","2","1","0","02","-","1","2","2","56","12/12/1964","1","07","4","2","5","07",,,,,,1,,7457,0
"00","1021","2","12A205","09","40349","4","1","0","02","-","1","2","1","53","18/02/1968","1","07","4","2","1","01","1","7","3","2","006000",1,,7457,0
"00","1021","2","12A205","09","40349","4","1","0","01","-","1","1","2","50","01/12/1970","1","07","4","2","1","01","3","7","3","2","008000",1,,7457,0
"00","1021","2","12A205","09","40349","4","1","0","03","-","1","3","1","30","27/09/1991","1","07","4","2","6","01","7","2","3","1","000400",1,"1",7457,22651
"00","1021","2","12A205","09","40349","3","1","0","02","-","1","3","1","19","05/01/2002","1","04","3","2","6","01","4","4","3","1","999999",1,"1",7457,22651
"00","1021","2","12A205","09","40349","3","1","0","01","-","1","1","2","51","01/09/1970","1","03","3","2","3","07",,,,,,1,,7457,0
"00","1021","2","12A205","09","40349","3","1","0","03","-","1","3","2","21","15/04/2000","1","07","2","1","6","06",,,,,,1,,7457,0
"00","1021","2","12A205","09","40349","2","1","0","01","-","1","1","1","58","25/09/1963","1","07","4","2","5","01","3","5","3","3","007000",1,"1",7457,22651
"00","1021","2","12A205","09","40349","2","1","0","03","-","1","3","1","19","22/04/2002","1","07","2","1","6","06",,,,,,1,,7457,0
"00","1021","2","12A205","09","40349","1","1","0","02","-","1","8","2","25","10/02/1996","1","07","4","2","6","01","3","5","3","2","999999",1,,7457,0
"00","1021","2","12A205","09","40349","1","1","0","01","-","1","1","1","29","15/05/1992","1","08","3","2","6","01","3","2","3","2","999999",1,"1",7457,15100
"00","1021","6","12B191","09","40359","1","1","0","03","-","1","3","1","63","20/04/1958","1","02","1","2","6","07",,,,,,1,,9620,0
"00","1021","6","12B191","09","40359","4","1","0","01","-","1","1","1","61","23/05/1960","1","02","6","2","5","01","5","5","2","1","999999",1,,9620,0
"00","1021","6","12B191","09","40359","4","1","0","03","-","1","3","1","26","24/11/1994","1","07","4","2","6","01","5","5","2","1","999999",1,"1",9620,29221
"00","1021","6","12B191","09","40359","4","1","0","02","-","1","2","2","59","11/08/1962","1","03","3","2","5","07",,,,,,1,,9620,0
"00","1021","6","12B191","09","40359","3","1","0","01","-","1","1","1","47","01/09/1974","1","03","3","2","1","01","5","5","2","1","999999",1,"1",9620,19481
"00","1021","6","12B191","09","40359","1","1","0","01","-","1","1","2","95","03/08/1926","2","00",,"2","4","07",,,,,,1,"1",9620,29221
"00","1021","6","12B191","09","40359","1","1","0","02","-","1","3","2","57","15/06/1964","1","02","4","2","6","07",,,,,,1,,9620,0
"00","1021","6","12B191","09","40359","3","1","0","02","-","1","2","2","37","09/09/1984","1","02","3","2","1","09",,,,,,1,,9620,0
"00","1021","6","12B191","09","40359","3","1","0","03","-","1","3","1","10","12/09/2011","1","02","2","1",,,,,,,,1,,9620,0
"00","1021","2","12A205","09","40398","3","1","0","01","-","1","1","2","49","18/02/1972","1","06","3","2","5","01","3","5","3","2","999999",1,"1",7018,14211
"00","1021","2","12A205","09","40398","1","1","0","02","-","1","3","1","31","05/04/1990","1","04","2","2","6","01","3","5","3","2","999999",1,,7018,0
"00","1021","2","12A205","09","40398","1","1","0","03","-","1","3","2","29","04/12/1991","1","04","3","2","4","01","3","5","3","2","999999",1,"1",7018,21317
"00","1021","2","12A205","09","40398","1","1","0","01","-","1","1","2","49","16/05/1972","1","03","3","2","2","01","3","5","3","2","999999",1,,7018,0
"00","1021","2","12A205","09","40398","1","1","0","04","-","1","5","1","09","12/12/2011","1","02","4","1",,,,,,,,1,,7018,0
"00","1021","2","12A205","09","40398","3","1","0","02","-","1","3","2","28","23/08/1993","1","04","3","2","6","01","3","5","3","2","999999",1,,7018,0
"00","1021","2","12A205","09","40398","4","1","0","02","-","1","8","1","35","15/06/1986","1","04","3","2","6","01","3","5","3","2","999999",1,,7018,0
"00","1021","2","12A205","09","40398","4","1","0","01","-","1","1","1","37","13/03/1984","1","07","4","2","6","01","1","5","3","2","999999",1,"1",7018,14211
"00","1021","2","11A205","09","40399","1","1","0","04","-","1","3","1","20","09/11/2000","1","04","2","1","6","06",,,,,,1,,7197,0
"00","1021","2","11A205","09","40399","1","1","0","03","-","1","3","2","25","15/01/1996","1","04","3","2","6","07",,,,,,1,,7197,0
"00","1021","2","11A205","09","40399","1","1","0","02","-","1","2","1","45","15/06/1976","1","07","1","2","1","01","5","5","2","2","999999",1,,7197,0
"00","1021","2","11A205","09","40399","4","1","0","01","-","1","1","2","52","13/09/1969","1","02","6","2","6","01","5","5","3","1","999999",1,"1",7197,7252
"00","1021","2","11A205","09","40399","3","1","0","02","-","1","2","2","65","05/10/1956","1","06","3","2","5","08",,,,,,1,,7197,0
"00","1021","2","11A205","09","40399","1","1","0","01","-","1","1","2","46","15/06/1975","1","04","3","2","1","01","5","5","3","2","999999",1,"1",7197,29009
"00","1021","2","11A205","09","40399","3","1","0","05","-","1","7","1","51","15/12/1969","1","03","2","2","2","01","5","5","3","2","999999",1,,7197,0
"00","1021","2","11A205","09","40399","3","1","0","03","-","1","3","1","39","09/09/1982","1","08","2","2","6","01","1","2","3","2","999999",1,,7197,0
"00","1021","2","11A205","09","40399","3","1","0","01","-","1","1","1","66","18/10/1954","1","07","5","2","5","08",,,,,,1,,7197,0
"00","1021","2","11A205","09","40399","2","1","0","02","-","1","3","2","26","26/02/1995","1","07","4","2","6","01","1","5","3","2","999999",1,,7197,0
"00","1021","2","11A205","09","40399","2","1","0","01","-","1","1","2","52","04/08/1969","1","06","3","2","4","01","3","7","3","2","999999",1,"1",7197,14504
"00","1021","2","11A205","09","40399","3","1","0","04","-","1","4","2","90","15/11/1930","1","02","6","2","4","08",,,,,,1,"1",7197,36261
"00","1021","1","11A206","09","40447","2","1","0","01","-","1","1","2","74","02/05/1947","1","03","3","2","4","01","4","4","2","1","999999",1,"1",7202,7257
"00","1021","1","11A206","09","40447","3","1","0","01","-","1","1","1","33","02/09/1988","1","06","4","2","6","01","4","4","3","1","002000",1,"1",7202,7257
"00","1021","1","11A206","09","40447","4","1","0","02","-","1","3","2","36","05/06/1985","1","06","4","2","6","04",,,,,,1,,7202,0
"00","1021","1","11A206","09","40447","4","1","0","03","-","1","3","1","34","22/03/1987","1","03","3","2","6","01","7","3","3","1","002000",1,"1",7202,21771
"00","1021","1","11A206","09","40447","4","1","0","01","-","1","1","2","54","12/06/1967","1","05","3","2","3","01","1","5","3","1","003000",1,,7202,0
"00","1021","5","12B192","09","40453","3","1","0","02","-","1","2","2","56","16/09/1965","1","08","2","2","5","07",,,,,,1,,10359,0
"00","1021","5","12B192","09","40453","3","1","0","03","-","1","3","1","19","04/10/2002","1","07","3","1","6","06",,,,,,1,,10359,0
"00","1021","5","12B192","09","40453","4","1","0","01","-","1","1","1","81","02/11/1939","1","07","4","2","5","08",,,,,,1,,10359,0
"00","1021","5","12B192","09","40453","3","1","0","01","-","1","1","1","56","24/06/1965","1","08","2","2","5","01","4","5","2","2","001300",1,"1",10359,31354
"00","1021","5","12B192","09","40453","2","1","0","01","-","1","1","2","60","11/03/1961","1","09","2","2","6","01","4","3","2","1","001300",1,"1",10359,20903
"00","1021","5","12B192","09","40453","2","1","0","02","-","1","3","2","24","07/05/1997","1","07","4","1","6","06",,,,,,1,,10359,0
"00","1021","5","12B192","09","40453","1","1","0","01","-","1","1","2","66","01/06/1955","1","07","5","2","6","07",,,,,,1,"1",10359,10451
"00","1021","5","12B192","09","40453","3","1","0","04","-","1","3","2","16","13/01/2005","1","03","3","1","6","06",,,,,,1,,10359,0
"00","1021","5","12B192","09","40453","4","1","0","02","-","1","2","2","81","02/04/1940","1","07","4","2","5","07",,,,,,1,"1",10359,20903
"00","1021","5","12B192","09","40461","2","1","0","03","-","1","3","2","18","28/06/2003","1","04","2","1","6","06",,,,,,1,,12314,0
"00","1021","5","12B192","09","40461","2","1","0","06","-","1","5","1","22","25/06/1999","1","04","2","2","1","01","5","5","3","1","000700",1,,12314,0
"00","1021","5","12B192","09","40461","2","1","0","01","-","1","1","1","44","18/11/1976","1","02","6","2","1","01","5","5","3","1","000700",1,,12314,0
"00","1021","5","12B192","09","40461","2","1","0","02","-","1","2","2","45","13/03/1976","1","03","3","2","1","07",,,,,,1,"1",12314,62037
"00","1021","5","12B192","09","40461","1","1","0","01","-","1","1","2","58","09/04/1963","1","02","2","2","6","01","4","4","2","1","000300",1,"1",12314,12407
"00","1021","5","12B192","09","40461","1","1","0","02","-","1","5","1","14","27/05/2007","1","03","1","1","6","06",,,,,,1,,12314,0
"00","1021","5","12B192","09","40461","4","1","0","01","-","1","1","1","67","25/07/1954","1","02","6","2","5","08",,,,,,1,,12314,0
"00","1021","5","12B192","09","40461","2","1","0","05","-","1","3","2","23","22/05/1998","1","04","2","2","1","07",,,,,,1,,12314,0
"00","1021","5","12B192","09","40461","2","1","0","04","-","1","3","2","13","11/07/2008","1","03","1","1","6","06",,,,,,1,,12314,0
"00","1021","5","12B192","09","40461","2","1","0","07","-","1","5","2","03","02/12/2017",,,,,,,,,,,,1,,12314,0
"00","1021","5","12B192","09","40461","3","1","0","01","-","1","1","1","38","15/10/1982","1","03","3","2","1","01","5","5","2","1","999999",1,,12314,0
"00","1021","5","12B192","09","40461","3","1","0","02","-","1","2","2","42","27/02/1979","1","03","3","2","1","07",,,,,,1,"1",12314,24815
"00","1021","5","12B192","09","40461","3","1","0","03","-","1","3","1","11","11/10/2009","1","02","5","1",,,,,,,,1,,12314,0
"00","1021","5","12B192","09","40461","3","1","0","04","-","1","3","2","15","19/01/2006","1","03","2","1","6","06",,,,,,1,,12314,0
"00","1021","5","12B192","09","40461","4","1","0","02","-","1","2","2","61","26/06/1960","1","03","3","2","5","07",,,,,,1,,12314,0
"00","1021","5","12B192","09","40461","4","1","0","03","-","1","3","1","29","06/02/1992","1","07","4","1","6","06",,,,,,1,"1",12314,37222
"00","1021","4","11A203","09","40483","3","1","0","02","-","1","2","2","44","13/11/1976","1","02","6","2","5","01","5","5","2","1","000600",1,,6867,0
"00","1021","4","11A203","09","40483","3","1","0","06","-","1","7","1","08","30/01/2013","1","02","1","1",,,,,,,,1,,6867,0
"00","1021","4","11A203","09","40483","3","1","0","05","-","1","7","1","50","15/06/1971","1","03","3","2","1","01","4","4","2","1","001000",1,,6867,0
"00","1021","4","11A203","09","40483","3","1","0","01","-","1","1","1","52","28/02/1969","1","04","3","2","5","01","4","4","2","1","001800",1,"1",6867,27678
"00","1021","4","11A203","09","40483","3","1","0","04","-","1","6","2","46","02/09/1975","1","02","6","2","1","01","4","4","2","1","001000",1,,6867,0
"00","1021","4","11A203","09","40483","3","1","0","03","-","1","3","1","14","18/01/2007","1","03","1","1","6","06",,,,,,1,,6867,0
"00","1021","4","11A203","09","40483","2","1","0","01","-","1","1","2","79","29/06/1942","1","02","5","2","4","07",,,,,,1,,6867,0
"00","1021","4","11A203","09","40483","2","1","0","02","-","1","3","2","59","15/09/1962","1","07","4","2","6","01","1","5","3","2","010000",1,"1",6867,13839
"00","1021","4","11A203","09","40483","1","1","0","01","-","1","1","1","60","04/09/1961","1","02","6","2","5","01","4","4","2","1","001000",1,,6867,0
"00","1021","4","11A203","09","40483","4","1","0","01","-","1","1","2","62","15/07/1959","2","00",,"2","4","07",,,,,,1,"1",6867,6920
"00","1021","4","11A203","09","40483","1","1","0","05","-","1","5","1","07","21/01/2014","2","02","1","1",,,,,,,,1,,6867,0
"00","1021","4","11A203","09","40483","1","1","0","03","-","1","3","1","28","21/10/1992","1","07","5","2","6","01","1","5","3","1","001600",1,,6867,0
"00","1021","4","11A203","09","40483","1","1","0","02","-","1","2","2","65","30/03/1956","1","06","2","2","5","07",,,,,,1,"1",6867,27678
"00","1021","4","11A203","09","40483","1","1","0","06","-","1","5","1","12","13/08/2009","1","02","5","1","6","06",,,,,,1,,6867,0
"00","1021","4","11A203","09","40483","1","1","0","04","-","1","3","2","38","17/01/1983","1","06","3","2","6","01","4","4","3","2","001200",1,,6867,0
"00","1021","4","12A203","09","40484","3","1","0","01","-","1","1","1","71","10/03/1950","1","07","5","2","5","08",,,,,,1,"1",8447,17105
"00","1021","4","12A203","09","40484","1","1","0","02","-","1","2","2","29","30/09/1992","1","07","5","2","5","07",,,,,,1,"1",8447,17105
"00","1021","4","12A203","09","40484","1","1","0","04","-","1","3","2","02","16/07/2019",,,,,,,,,,,,1,,8447,0
"00","1021","4","12A203","09","40484","1","1","0","01","-","1","1","1","36","28/02/1985","1","07","4","2","5","01","1","7","3","2","999999",1,,8447,0
"00","1021","4","12A203","09","40484","1","1","0","03","-","1","3","1","04","29/06/2017",,,,,,,,,,,,1,,8447,0
"00","1021","4","12A203","09","40484","4","1","0","01","-","1","1","2","60","28/10/1960","1","04","3","2","6","08",,,,,,1,"1",8447,8553
"00","1021","4","12A203","09","40484","2","1","0","04","-","1","3","1","14","16/05/2007","1","03","2","1","6","06",,,,,,1,,8447,0
"00","1021","4","12A203","09","40484","2","1","0","01","-","1","1","1","41","12/01/1980","1","03","3","2","5","01","7","5","3","2","003000",1,"1",8447,17105
"00","1021","4","12A203","09","40484","2","1","0","02","-","1","2","2","43","15/02/1978","1","07","2","2","5","01","5","5","2","1","001500",1,,8447,0
"00","1021","4","12A203","09","40484","3","1","0","02","-","1","2","2","61","01/01/1960","1","04","3","2","5","01","3","7","3","2","999999",1,,8447,0
"00","1021","4","12A203","09","40484","2","1","0","03","-","1","3","2","16","17/11/2004","1","04","2","1","6","06",,,,,,1,,8447,0
"00","1021","8","11A197","09","40500","4","1","0","04","-","1","3","1","26","06/06/1995","1","04","3","2","1","01","5","5","2","1","999999",1,,8582,0
"00","1021","8","11A197","09","40500","4","1","0","03","-","1","3","2","24","25/08/1997","1","07","3","1","6","06",,,,,,1,"1",8582,43235
"00","1021","8","11A197","09","40500","4","1","0","02","-","1","2","2","54","13/03/1967","1","07","4","2","5","01","1","5","3","2","999999",1,,8582,0
"00","1021","8","11A197","09","40500","4","1","0","06","-","1","5","2","06","28/11/2014","2","01","3","1",,,,,,,,1,,8582,0
"00","1021","8","11A197","09","40500","4","1","0","05","-","1","5","2","26","05/05/1995","1","07","3","1","1","07",,,,,,1,,8582,0
"00","1021","8","11A197","09","40500","4","1","0","01","-","1","1","1","57","16/06/1964","1","07","2","2","5","01","4","4","2","1","999999",1,,8582,0
"00","1021","8","11A197","09","40500","4","1","0","07","-","1","5","1","06","20/06/2015","2","01","2","1",,,,,,,,1,,8582,0
"00","1021","8","11A197","09","40500","3","1","0","01","-","1","1","1","55","20/08/1966","1","03","2","2","5","01","5","5","2","1","999999",1,"1",8582,17294
"00","1021","8","11A197","09","40500","3","1","0","02","-","1","2","2","50","23/08/1971","1","06","3","2","5","07",,,,,,1,,8582,0
"00","1021","8","11A197","09","40500","2","1","0","02","-","1","2","2","61","12/04/1960","1","04","2","2","5","07",,,,,,1,"1",8582,25941
"00","1021","8","11A197","09","40500","2","1","0","01","-","1","1","1","66","24/07/1955","1","04","2","2","5","01","2","7","3","2","999999",1,,8582,0
"00","1021","8","11A197","09","40500","2","1","0","03","-","1","3","2","33","05/04/1988","1","07","5","2","6","01","1","5","3","2","999999",1,,8582,0
"00","1021","8","11A197","09","40500","1","1","0","01","-","1","1","1","45","25/09/1976","1","07","4","2","5","01","1","5","2","1","999999",1,,8582,0
"00","1021","8","11A197","09","40500","1","1","0","02","-","1","2","2","44","04/02/1977","1","04","3","2","5","07",,,,,,1,"1",8582,43235
"00","1021","8","11A197","09","40500","1","1","0","05","-","1","3","2","19","07/10/2002","1","04","3","1","6","06",,,,,,1,,8582,0
"00","1021","8","11A197","09","40500","1","1","0","04","-","1","3","1","20","17/08/2001","1","07","1","1","6","06",,,,,,1,,8582,0
"00","1021","8","11A197","09","40500","1","1","0","03","-","1","3","2","25","03/04/1996","1","07","4","2","6","07",,,,,,1,,8582,0
"00","1021","1","11A206","09","40500","1","1","0","01","-","1","1","2","47","28/11/1973","1","05","3","2","2","01","7","2","3","2","999999",1,"1",6798,20549
"00","1021","1","11A206","09","40500","2","1","0","04","-","1","3","2","19","02/10/2002","1","04","1","1","6","06",,,,,,1,,6798,0
"00","1021","1","11A206","09","40500","2","1","0","02","-","1","2","2","41","14/06/1980","1","03","3","2","5","07",,,,,,1,,6798,0
"00","1021","1","11A206","09","40500","2","1","0","05","-","1","3","2","10","05/05/2011","1","02","5","1",,,,,,,,1,,6798,0
"00","1021","1","11A206","09","40500","2","1","0","03","-","1","3","1","21","17/08/2000","1","04","3","1","6","06",,,,,,1,,6798,0
"00","1021","1","11A206","09","40500","2","1","0","01","-","1","1","1","43","09/11/1977","1","03","3","2","5","01","7","5","3","2","002500",1,"1",6798,27399
"00","1021","1","11A206","09","40500","2","1","0","06","-","1","3","1","03","27/04/2018",,,,,,,,,,,,1,,6798,0
"00","1021","1","11A206","09","40500","3","1","0","04","-","1","5","1","15","15/04/2006","1","03","3","1","6","06",,,,,,1,,6798,0
"00","1021","1","11A206","09","40500","3","1","0","01","-","1","1","1","67","03/03/1954","1","02","6","2","5","01","7","2","1","1","999999",1,,6798,0
"00","1021","1","11A206","09","40500","3","1","0","02","-","1","2","2","65","29/10/1955","1","02","6","2","5","01","4","3","3","1","999999",1,"1",6798,20549
"00","1021","1","11A206","09","40500","3","1","0","05","-","1","5","2","10","19/10/2011","1","02","3","1",,,,,,,,1,,6798,0
"00","1021","1","11A206","09","40500","1","1","0","03","-","1","3","1","18","09/01/2003","1","03","3","2","6","01","7","2","3","2","999999",1,,6798,0
"00","1021","1","11A206","09","40500","1","1","0","04","-","1","3","1","17","31/03/2004","1","02","6","2","6","01","7","2","2","1","999999",1,,6798,0
"00","1021","1","11A206","09","40500","1","1","0","02","-","1","3","1","24","11/01/1997","1","04","3","2","6","01","7","2","3","2","999999",1,,6798,0
"00","1021","1","11A206","09","40500","3","1","0","03","-","1","3","2","42","11/11/1978","1","07","4","2","5","01","4","3","3","1","999999",1,,6798,0
"00","1021","5","12B192","09","40503","2","1","0","02","-","1","8","2","26","13/03/1995","1","07","4","1","6","06",,,,,,1,,11081,0
"00","1021","5","12B192","09","40503","3","1","0","03","-","1","3","1","13","30/07/2008","1","02","6","1","6","06",,,,,,1,,11081,0
"00","1021","5","12B192","09","40503","3","1","0","01","-","1","1","1","57","04/04/1964","1","07","2","2","5","01","1","3","1","3","025000",1,"1",11081,22358
"00","1021","5","12B192","09","40503","3","1","0","02","-","1","2","2","51","27/02/1970","1","07","4","2","5","08",,,,,,1,,11081,0
"00","1021","5","12B192","09","40503","2","1","0","01","-","1","1","2","21","02/06/2000","1","07","2","1","6","06",,,,,,1,"1",11081,22358
"00","1021","5","11B192","09","40506","2","1","0","02","-","1","2","2","43","16/05/1978","1","07","5","2","5","01","3","5","3","2","999999",1,"1",8601,17333
"00","1021","5","11B192","09","40506","1","1","0","03","-","1","3","2","05","15/03/2016","2","01","1","1",,,,,,,,1,,8601,0
"00","1021","5","11B192","09","40506","1","1","0","02","-","1","2","1","26","03/11/1994","1","04","3","2","1","01","4","4","3","1","002500",1,"1",8601,17333
"00","1021","5","11B192","09","40506","1","1","0","01","-","1","1","2","27","13/07/1994","1","03","3","2","1","01","4","4","3","1","002000",1,,8601,0
"00","1021","5","11B192","09","40506","2","1","0","01","-","1","1","1","45","08/01/1976","1","07","5","2","5","01","3","2","3","2","999999",1,,8601,0
"00","1021","5","11B192","09","40506","2","1","0","03","-","1","3","2","14","10/07/2007","1","03","1","1","6","06",,,,,,1,,8601,0
"00","1021","5","11B192","09","40506","2","1","0","04","-","1","3","1","10","10/07/2011","1","02","2","1",,,,,,,,1,,8601,0
"00","1021","5","11B192","09","40506","3","1","0","01","-","1","1","1","56","25/02/1965","1","03","3","2","5","01","2","7","3","2","002500",1,"1",8601,26000
"00","1021","5","11B192","09","40506","3","1","0","02","-","1","2","2","47","14/11/1973","1","06","3","2","5","07",,,,,,1,,8601,0
"00","1021","5","11B192","09","40506","3","1","0","03","-","1","3","1","29","25/05/1992","1","07","4","2","6","01","5","5","3","2","002000",1,,8601,0
"00","1021","5","11B192","09","40506","4","1","1","01","-","1","1","2","62","02/05/1959","1","03","1","2","6","07",,,,,,1,"1",8601,8667
"00","1021","5","11B192","09","40508","1","1","0","05","-","1","3","2","18","05/09/2003","1","04","2","1","6","06",,,,,,1,,11889,0
"00","1021","5","11B192","09","40508","1","1","0","01","-","1","1","1","45","23/03/1976","1","03","2","2","5","01","5","5","2","1","001200",1,,11889,0
"00","1021","5","11B192","09","40508","1","1","0","02","-","1","2","2","43","26/12/1977","1","03","2","2","5","07",,,,,,1,,11889,0
"00","1021","5","11B192","09","40508","4","1","0","04","-","1","5","2","15","12/01/2006","1","03","2","1","6","06",,,,,,1,,11889,0
"00","1021","5","11B192","09","40508","4","1","0","02","-","1","5","1","34","13/08/1987","1","04","3","2","5","01","3","5","3","2","999999",1,"1",11889,35940
"00","1021","5","11B192","09","40508","1","1","0","06","-","1","3","2","05","26/10/2015","2","00",,"1",,,,,,,,1,,11889,0
"00","1021","5","11B192","09","40508","4","1","0","06","-","1","5","2","11","13/12/2009","1","02","5","1",,,,,,,,1,,11889,0
"00","1021","5","11B192","09","40508","4","1","0","01","-","1","1","2","58","22/10/1962","1","02","6","2","4","07",,,,,,1,,11889,0
"00","1021","5","11B192","09","40508","4","1","0","03","-","1","3","2","32","12/09/1989","1","04","3","2","5","01","3","5","3","2","999999",1,,11889,0
"00","1021","5","11B192","09","40508","1","1","0","03","-","1","7","2","49","15/06/1972","1","03","3","2","2","01","7","4","3","1","001000",1,"1",11889,59900
"00","1021","5","11B192","09","40508","1","1","0","04","-","1","3","1","18","02/01/2003","1","04","2","1","6","06",,,,,,1,,11889,0
"00","1021","5","11B192","09","40508","4","1","0","05","-","1","5","1","14","17/02/2007","1","03","1","1","6","06",,,,,,1,,11889,0
"00","1021","5","12B192","09","40509","1","1","0","01","-","1","1","1","28","15/06/1993","1","07","5","2","6","01","1","5","2","1","999999",1,"1",9538,9657
"00","1021","5","12B192","09","40509","3","1","0","01","-","1","1","1","50","31/05/1971","1","07","4","2","5","01","1","3","3","2","999999",1,,9538,0
"00","1021","5","12B192","09","40509","3","1","0","02","-","1","2","2","51","27/03/1970","1","07","4","2","5","07",,,,,,1,,9538,0
"00","1021","5","12B192","09","40509","3","1","0","03","-","1","3","1","22","18/06/1999","1","07","3","1","6","06",,,,,,1,,9538,0
"00","1021","5","12B192","09","40509","3","1","0","04","-","1","3","1","19","18/03/2002","1","07","2","1","6","06",,,,,,1,"1",9538,48285
"00","1021","5","12B192","09","40509","3","1","0","05","-","1","3","1","19","18/03/2002","1","07","2","1","6","06",,,,,,1,,9538,0
"00","1021","5","12B192","09","40509","2","1","0","02","-","1","2","2","64","01/08/1957","1","03","3","2","5","07",,,,,,1,,9538,0
"00","1021","5","12B192","09","40509","2","1","0","04","-","1","3","1","20","03/05/2001","1","04","3","2","6","01","4","4","3","2","999999",1,"1",9538,38628
"00","1021","5","12B192","09","40509","2","1","0","03","-","1","3","2","39","29/04/1982","1","07","5","2","6","01","1","4","3","2","999999",1,,9538,0
"00","1021","5","12B192","09","40509","2","1","0","01","-","1","1","1","67","10/10/1953","1","04","3","2","5","08",,,,,,1,,9538,0
"00","1021","4","12A203","09","40537","1","1","0","02","-","1","3","1","25","28/03/1996","1","04","3","2","6","04",,,,,,1,,7818,0
"00","1021","4","12A203","09","40537","1","1","0","01","-","1","1","2","56","30/04/1965","1","06","2","2","6","04",,,,,,1,"1",7818,15831
"00","1021","4","12A203","09","40537","2","1","0","01","-","1","1","2","62","19/04/1959","1","02","6","2","5","07",,,,,,1,"1",7818,23746
"00","1021","4","12A203","09","40537","2","1","0","04","-","1","5","1","15","04/09/2006","1","03","3","1","6","06",,,,,,1,,7818,0
"00","1021","4","12A203","09","40537","2","1","0","02","-","1","2","1","63","09/03/1958","1","03","3","2","5","08",,,,,,1,,7818,0
"00","1021","4","12A203","09","40537","2","1","0","03","-","1","3","1","44","04/04/1977","1","04","3","2","2","01","4","5","3","1","999999",1,,7818,0
"00","1021","4","12A203","09","40537","3","1","0","01","-","1","1","1","65","24/08/1956","1","03","3","2","6","01","5","5","2","1","001000",1,"1",7818,7915
"00","1021","4","12A203","09","40537","4","1","0","04","-","1","7","2","04","15/11/2016",,,,,,,,,,,,1,,7818,0
"00","1021","4","12A203","09","40537","4","1","0","01","-","1","1","1","64","11/12/1956","1","04","2","2","6","01","4","4","2","1","000500",1,"1",7818,23746
"00","1021","4","12A203","09","40537","4","1","0","03","-","1","7","2","32","15/06/1989","1","03","3","2","6","01","7","2","3","1","999999",1,,7818,0
"00","1021","4","12A203","09","40537","4","1","0","02","-","1","6","2","69","15/03/1952","1","02","6","2","2","09",,,,,,1,,7818,0
"00","1021","4","13A203","09","40538","2","1","0","01","-","1","1","1","48","09/12/1972","1","07","4","2","2","01","5","5","2","3","006000",1,"1",10374,10466
"00","1021","4","13A203","09","40538","1","1","0","01","-","1","1","2","42","18/06/1979","1","07","4","2","5","01","3","7","3","2","999999",1,"1",10374,10466
"00","1021","4","13A203","09","40538","4","1","0","01","-","1","1","1","55","15/04/1966","1","07","4","2","2","01","5","5","2","2","003000",1,"1",10374,10466
"00","1021","4","13A203","09","40538","3","1","0","01","-","1","1","2","68","15/07/1953","1","07","1","2","6","07",,,,,,1,"1",10374,10466
"00","1021","4","11A203","09","40539","2","1","0","01","-","1","1","2","50","03/10/1971","1","04","1","2","5","07",,,,,,1,"1",7573,7631
"00","1021","4","11A203","09","40539","3","1","0","01","-","1","1","2","28","09/02/1993","1","07","1","1","1","06",,,,,,1,"1",7573,15262
"00","1021","4","11A203","09","40539","1","1","0","02","-","1","2","2","49","13/10/1971","1","06","3","2","1","01","1","5","3","2","999999",1,,7573,0
"00","1021","4","11A203","09","40539","1","1","0","03","-","1","3","2","27","16/01/1994","1","04","3","2","6","01","7","2","3","2","999999",1,,7573,0
"00","1021","4","11A203","09","40539","3","1","0","02","-","1","2","2","31","01/07/1990","1","08","1","1","1","01","1","7","3","2","003000",1,,7573,0
"00","1021","4","11A203","09","40539","1","1","0","01","-","1","1","1","51","19/01/1970","1","07","4","2","1","01","5","5","2","1","999999",1,"1",7573,30524
"00","1021","4","11A203","09","40539","1","1","0","04","-","1","3","2","18","10/10/2003","1","04","2","1","6","06",,,,,,1,,7573,0
"00","1021","4","12A203","09","40541","3","1","0","07","-","1","7","2","23","14/05/1998","1","03","3","2","1","07",,,,,,1,,8940,0
"00","1021","4","12A203","09","40541","4","1","0","01","-","1","1","1","55","14/03/1966","1","03","3","2","1","01","4","5","2","1","999999",1,,8940,0
"00","1021","4","12A203","09","40541","4","1","0","03","-","1","3","1","32","31/08/1989","1","07","1","2","6","01","5","5","3","1","001400",1,"1",8940,27155
"00","1021","4","12A203","09","40541","3","1","0","05","-","1","7","2","04","17/07/2017",,,,,,,,,,,,1,,8940,0
"00","1021","4","12A203","09","40541","3","1","0","08","-","1","8","1","30","09/04/1991","1","03","3","2","1","01","4","5","3","1","999999",1,,8940,0
"00","1021","4","12A203","09","40541","4","1","0","02","-","1","2","2","52","28/05/1969","1","03","3","2","1","07",,,,,,1,,8940,0
"00","1021","4","12A203","09","40541","3","1","0","04","-","1","7","2","21","18/04/2000","1","03","3","2","1","07",,,,,,1,,8940,0
"00","1021","4","12A203","09","40541","3","1","0","03","-","1","7","1","45","21/05/1976","1","02","6","2","1","01","5","5","3","1","999999",1,,8940,0
"00","1021","4","12A203","09","40541","3","1","0","06","-","1","7","1","03","17/07/2018",,,,,,,,,,,,1,,8940,0
"00","1021","4","12A203","09","40541","3","1","0","02","-","1","3","2","24","24/03/1997","1","07","4","2","6","07",,,,,,1,,8940,0
"00","1021","4","12A203","09","40541","3","1","0","01","-","1","1","2","63","18/08/1958","1","03","3","2","3","07",,,,,,1,"1",8940,54310
"00","1021","4","12A203","09","40541","2","1","0","02","-","1","2","2","51","13/05/1970","1","02","3","2","5","07",,,,,,1,,8940,0
"00","1021","4","12A203","09","40541","2","1","0","03","-","1","3","1","24","13/05/1997","1","04","3","2","6","04",,,,,,1,,8940,0
"00","1021","4","12A203","09","40541","2","1","0","01","-","1","1","1","52","27/03/1969","1","03","3","2","5","01","5","5","2","1","999999",1,"1",8940,27155
"00","1021","8","13A197","09","40543","1","1","0","02","-","1","2","2","52","09/07/1969","1","07","4","2","5","01","1","5","3","2","003000",1,,10040,0
"00","1021","8","13A197","09","40543","1","1","0","01","-","1","1","1","53","03/12/1967","1","07","4","2","5","01","1","5","2","1","005000",1,"1",10040,40516
"00","1021","8","13A197","09","40543","1","1","0","03","-","1","3","1","22","21/12/1998","1","07","3","1","6","06",,,,,,1,,10040,0
"00","1021","8","13A197","09","40543","2","1","0","01","-","1","1","1","59","12/02/1962","1","04","3","2","5","01","4","4","2","1","999999",1,"1",10040,20258
"00","1021","8","13A197","09","40543","1","1","0","04","-","1","4","2","87","05/01/1934","1","07","4","2","4","08",,,,,,1,,10040,0
"00","1021","8","13A197","09","40543","3","1","0","01","-","1","1","2","70","11/04/1951","1","06","3","2","6","07",,,,,,1,,10040,0
"00","1021","8","13A197","09","40543","3","1","0","03","-","1","6","2","61","28/01/1960","1","06","3","2","6","07",,,,,,1,"1",10040,40516
"00","1021","8","13A197","09","40543","3","1","0","04","-","1","7","2","35","26/08/1986","1","07","5","2","6","01","1","5","3","2","999999",1,,10040,0
"00","1021","8","13A197","09","40543","3","1","0","02","-","1","4","2","92","30/06/1929","1","02","6","2","4","09",,,,,,1,,10040,0
"00","1021","8","13A197","09","40543","2","1","0","02","-","1","2","2","56","24/04/1965","1","07","4","2","5","07",,,,,,1,,10040,0
"00","1021","1","12A206","09","40547","2","1","0","02","-","1","2","2","65","15/09/1956","1","04","3","2","5","07",,,,,,1,,7586,0
"00","1021","1","12A206","09","40547","1","1","0","02","-","1","2","2","36","25/09/1985","1","07","4","2","5","07",,,,,,1,,7586,0
"00","1021","1","12A206","09","40547","2","1","0","05","-","1","5","1","14","02/07/2007","1","03","2","1","6","06",,,,,,1,,7586,0
"00","1021","1","12A206","09","40547","2","1","0","04","-","1","5","2","17","24/10/2003","1","04","2","1","6","06",,,,,,1,,7586,0
"00","1021","1","12A206","09","40547","1","1","0","04","-","1","3","2","05","29/12/2015","1","01","2","1",,,,,,,,1,,7586,0
"00","1021","1","12A206","09","40547","1","1","0","01","-","1","1","1","50","17/05/1971","1","07","4","2","5","01","5","5","3","2","004000",1,"1",7586,15362
"00","1021","1","12A206","09","40547","1","1","0","03","-","1","3","1","09","03/02/2012","1","02","3","1",,,,,,,,1,,7586,0
"00","1021","1","12A206","09","40547","4","1","0","01","-","1","1","2","52","05/05/1969","1","00",,"2","6","01","5","5","3","2","999999",1,"1",7586,7681
"00","1021","1","12A206","09","40547","3","1","0","01","-","1","1","2","59","14/02/1962","1","07","4","2","5","07",,,,,,1,,7586,0
"00","1021","1","12A206","09","40547","3","1","0","02","-","1","3","1","26","06/11/1994","1","07","4","2","6","01","5","5","3","2","999999",1,,7586,0
"00","1021","1","12A206","09","40547","3","1","0","03","-","1","3","2","25","01/08/1996","1","07","4","2","6","01","1","5","3","2","999999",1,"1",7586,23043
"00","1021","1","12A206","09","40547","2","1","0","01","-","1","1","1","66","27/04/1955","1","07","5","2","5","01","1","5","2","1","999999",1,"1",7586,23043
"00","1021","1","12A206","09","40547","2","1","0","03","-","1","3","2","41","10/01/1980","1","07","5","2","3","01","1","5","3","2","999999",1,,7586,0
"00","1021","1","13A206","09","40550","1","1","0","01","-","1","1","2","54","04/08/1967","1","08","2","2","5","01","1","5","3","3","999999",1,"1",8167,8240
"00","1021","1","13A206","09","40550","2","1","0","01","-","1","1","1","44","10/05/1977","1","08","2","2","2","01","1","5","3","3","999999",1,"1",8167,8240
"00","1021","1","13A206","09","40550","3","1","0","01","-","1","1","1","41","23/05/1980","1","08","2","2","1","01","2","7","3","3","080000",1,,8167,0
"00","1021","1","13A206","09","40550","3","1","0","03","-","1","8","1","33","27/11/1987","1","07","4","2","6","01","1","5","3","3","030000",1,,8167,0
"00","1021","1","13A206","09","40550","3","1","0","02","-","1","2","1","43","09/05/1978","1","07","4","2","1","01","1","5","3","3","050000",1,"1",8167,24719
"00","1021","1","13A206","09","40550","4","1","0","01","-","1","1","2","36","14/10/1984","1","07","4","2","6","01","3","5","3","2","020000",1,"1",8167,8240
"00","1021","7","12A198","09","40551","3","1","1","04","-","1","3","1","18","20/02/2003","1","04","3","2","6","07",,,,,,1,,5897,0
"00","1021","7","12A198","09","40551","3","1","1","03","-","1","3","1","25","16/04/1996","1","07","3","2","6","01","5","5","5","1","999999",1,,5897,0
"00","1021","7","12A198","09","40551","3","1","1","02","-","1","3","2","30","08/01/1991","1","07","1","2","6","01","5","5","2","1","001000",1,,5897,0
"00","1021","7","12A198","09","40551","3","1","1","01","-","1","1","2","52","24/10/1968","1","02","6","2","2","07",,,,,,1,"1",5897,23767
"00","1021","7","12A198","09","40551","2","1","0","03","-","1","3","2","10","17/02/2011","1","02","4","1",,,,,,,,1,,5897,0
"00","1021","7","12A198","09","40551","2","1","0","05","-","1","3","1","03","14/06/2018",,,,,,,,,,,,1,,5897,0
"00","1021","7","12A198","09","40551","2","1","0","06","-","1","4","1","61","21/10/1959","1","04","2","2","2","01","4","4","2","1","002000",1,"1",5897,17825
"00","1021","7","12A198","09","40551","2","1","0","01","-","1","1","1","33","13/05/1988","1","04","3","2","1","01","4","4","2","1","001500",1,,5897,0
"00","1021","7","12A198","09","40551","2","1","0","02","-","1","2","2","33","12/05/1988","1","03","3","2","1","07",,,,,,1,,5897,0
"00","1021","7","12A198","09","40551","2","1","0","04","-","1","3","1","05","10/06/2016","2","01","2","2",,,,,,,,1,,5897,0
"00","1021","7","12A198","09","40551","1","1","0","02","-","1","6","1","24","26/05/1997","1","03","3","2","6","01","4","5","3","1","001000",1,"1",5897,11883
"00","1021","7","12A198","09","40551","1","1","0","01","-","1","1","1","22","14/04/1999","1","03","3","2","6","01","4","5","3","1","001000",1,,5897,0
"00","1021","1","12A206","09","40552","1","1","0","01","-","1","1","1","69","16/06/1952","1","04","3","2","5","08",,,,,,1,,6612,0
"00","1021","1","12A206","09","40552","1","1","0","02","-","1","2","2","67","15/07/1954","1","04","3","2","5","08",,,,,,1,"1",6612,13389
"00","1021","5","11B192","09","40554","3","1","0","02","-","1","3","2","44","25/02/1977","1","04","3","2","2","01","3","5","3","2","999999",1,,7095,0
"00","1021","5","11B192","09","40554","3","1","0","04","-","2",,,,,,,,,,,,,,,,1,,0,0
"00","1021","5","11B192","09","40554","4","1","0","02","-","1","2","2","69","02/06/1952","1","02","6","2","5","07",,,,,,1,,7095,0
"00","1021","5","11B192","09","40554","4","1","0","01","-","1","1","1","77","03/09/1944","1","07","4","2","5","01","4","4","2","1","000100",1,"1",7095,14299
"00","1021","5","11B192","09","40554","1","1","0","05","-","1","3","1","15","19/02/2006","1","03","3","1","6","06",,,,,,1,,7095,0
"00","1021","5","11B192","09","40554","1","1","0","02","-","1","2","2","44","13/06/1977","1","04","3","2","5","07",,,,,,1,"1",7095,28598
"00","1021","5","11B192","09","40554","1","1","0","04","-","1","3","2","18","23/11/2002","1","04","3","1","6","06",,,,,,1,,7095,0
"00","1021","5","11B192","09","40554","1","1","0","03","-","1","3","1","20","31/08/2001","1","04","3","2","6","07",,,,,,1,,7095,0
"00","1021","5","11B192","09","40554","1","1","0","06","-","1","3","2","09","23/11/2011","1","02","4","1",,,,,,,,1,,7095,0
"00","1021","5","11B192","09","40554","3","1","0","05","-","1","5","2","17","29/04/2004","1","04","3","1","6","06",,,,,,1,,7095,0
"00","1021","5","11B192","09","40554","2","1","0","01","-","1","1","2","51","10/11/1969","1","03","3","2","4","07",,,,,,1,,7095,0
"00","1021","5","11B192","09","40554","2","1","0","02","-","1","3","1","28","16/05/1993","1","04","3","2","6","04",,,,,,1,"1",7095,28598
"00","1021","5","11B192","09","40554","2","1","0","03","-","1","3","2","26","16/06/1995","1","04","3","2","6","04",,,,,,1,,7095,0
"00","1021","5","11B192","09","40554","2","1","0","04","-","1","3","2","24","16/07/1997","1","07","3","1","6","06",,,,,,1,,7095,0
"00","1021","5","11B192","09","40554","1","1","0","01","-","1","1","1","45","19/02/1976","1","04","3","2","5","01","5","5","2","1","002000",1,,7095,0
"00","1021","5","11B192","09","40554","3","1","0","03","-","1","5","2","21","04/11/1999","1","07","4","1","6","06",,,,,,1,"1",7095,21448
"00","1021","5","11B192","09","40554","3","1","0","01","-","1","1","1","71","25/09/1950","1","02","6","2","4","08",,,,,,1,,7095,0
"00","1021","4","13A203","09","40588","3","1","0","02","-","1","2","2","32","06/10/1989","1","07","4","2","1","01","1","5","2","1","999999",1,"1",7644,15424
"00","1021","4","13A203","09","40588","3","1","0","01","-","1","1","1","31","10/05/1990","1","07","5","2","1","01","1","5","2","1","999999",1,,7644,0
"00","1021","4","13A203","09","40588","4","1","0","01","-","1","1","2","84","15/06/1937","1","02","6","2","4","07",,,,,,1,"1",7644,7712
"00","1021","4","13A203","09","40588","2","1","0","01","-","1","1","1","49","15/06/1972","1","04","3","2","5","01","5","5","2","1","999999",1,"1",7644,7712
"00","1021","4","13A203","09","40588","1","1","0","01","-","1","1","2","62","10/10/1958","1","09","1","2","1","01","1","7","3","2","999999",1,,7644,0
"00","1021","4","13A203","09","40588","1","1","0","02","-","1","3","1","30","15/03/1991","1","07","4","2","6","01","1","5","3","2","999999",1,,7644,0
"00","1021","4","13A203","09","40588","1","1","0","03","-","1","2","1","70","08/02/1951","1","08","1","2","1","01","1","7","3","2","014000",1,"1",7644,23136
"00","1021","1","12A206","09","40593","2","1","0","03","-","1","3","2","28","07/01/1993","1","04","3","2","6","01","4","4","3","2","002500",1,"1",7848,23838
"00","1021","1","12A206","09","40593","2","1","0","02","-","1","3","1","41","30/01/1980","1","04","3","2","1","01","7","5","3","2","001600",1,,7848,0
"00","1021","1","12A206","09","40593","3","1","0","04","-","1","7","1","53","20/05/1968","1","07","5","2","6","01","1","5","2","2","999999",1,,7848,0
"00","1021","1","12A206","09","40593","3","1","0","05","-","1","7","1","51","26/01/1970","1","07","5","2","6","01","1","2","3","2","999999",1,,7848,0
"00","1021","1","12A206","09","40593","3","1","0","03","-","1","3","2","22","23/09/1999","1","07","1","1","6","06",,,,,,1,,7848,0
"00","1021","1","12A206","09","40593","3","1","0","02","-","1","2","2","62","02/03/1959","1","07","5","2","5","07",,,,,,1,,7848,0
"00","1021","1","12A206","09","40593","3","1","0","01","-","1","1","1","61","19/04/1960","1","08","2","2","5","01","1","5","2","1","999999",1,"1",7848,39731
"00","1021","1","12A206","09","40593","4","1","0","01","-","1","1","1","65","30/04/1956","1","07","5","2","5","08",,,,,,1,"1",7848,7946
"00","1021","1","12A206","09","40593","2","1","0","01","-","1","1","2","63","24/05/1958","1","03","3","2","6","08",,,,,,1,,7848,0
"00","1021","1","12A206","09","40593","1","1","0","02","-","1","2","2","63","16/07/1958","1","02","6","2","5","01","4","4","2","1","000100",1,,7848,0
"00","1021","1","12A206","09","40593","1","1","0","01","-","1","1","1","65","15/07/1956","1","02","6","2","5","01","4","4","2","1","000100",1,"1",7848,15892
"00","1021","1","11A206","09","40596","1","1","0","02","-","1","2","2","50","24/12/1970","1","04","3","2","5","01","3","2","3","2","003500",1,,7341,0
"00","1021","1","11A206","09","40596","1","1","0","01","-","1","1","1","54","09/01/1967","1","04","3","2","5","01","5","5","2","3","008000",1,,7341,0
"00","1021","1","11A206","09","40596","4","1","0","04","-","1","3","1","04","17/08/2017",,,,,,,,,,,,1,,7341,0
"00","1021","1","11A206","09","40596","4","1","0","01","-","1","1","1","28","01/05/1993","1","04","3","2","5","01","4","5","3","1","001500",1,"1",7341,14795
"00","1021","1","11A206","09","40596","4","1","0","03","-","1","3","2","05","05/11/2015","1","01","1","1",,,,,,,,1,,7341,0
"00","1021","1","11A206","09","40596","2","1","0","01","-","1","1","2","58","30/04/1963","1","03","3","2","6","01","5","5","2","1","002000",1,"1",7341,7397
"00","1021","1","11A206","09","40596","3","1","0","01","-","1","1","1","26","01/11/1994","1","04","3","2","1","01","7","3","3","1","001800",1,,7341,0
"00","1021","1","11A206","09","40596","3","1","0","03","-","1","3","2","01","30/05/2020",,,,,,,,,,,,1,,7341,0
"00","1021","1","11A206","09","40596","3","1","0","02","-","1","2","2","32","15/06/1989","1","03","3","2","1","07",,,,,,1,"1",7341,14795
"00","1021","1","11A206","09","40596","1","1","0","03","-","1","3","1","24","26/04/1997","1","07","2","1","6","06",,,,,,1,"1",7341,22192
"00","1021","1","11A206","09","40596","4","1","0","02","-","1","2","2","29","09/05/1992","1","04","3","2","5","07",,,,,,1,,7341,0
"00","1021","1","13A206","09","40598","1","1","0","02","-","1","6","1","63","07/05/1958","1","07","5","2","6","08",,,,,,1,,8190,0
"00","1021","1","13A206","09","40598","2","1","0","01","-","1","1","1","24","21/07/1997","1","07","4","2","6","01","3","5","3","2","999999",1,"1",8190,33052
"00","1021","1","13A206","09","40598","4","1","0","02","-","1","3","1","24","04/04/1997","1","07","5","2","6","01","1","5","3","2","999999",1,"1",8190,16526
"00","1021","1","13A206","09","40598","4","1","0","01","-","1","1","1","61","30/07/1960","1","07","5","2","4","01","1","5","3","2","999999",1,,8190,0
"00","1021","1","13A206","09","40598","3","1","0","01","-","1","1","1","97","15/06/1923","1","07","4","2","1","01","1","5","3","2","999999",1,"1",8190,16526
"00","1021","1","13A206","09","40598","3","1","0","02","-","1","2","2","97","15/06/1923","1","07","4","2","1","01","1","5","3","2","999999",1,,8190,0
"00","1021","1","13A206","09","40598","2","1","0","03","-","1","4","2","74","24/01/1947","1","06","3","2","4","08",,,,,,1,,8190,0
"00","1021","1","13A206","09","40598","1","1","0","01","-","1","1","2","73","17/01/1948","1","06","3","2","4","08",,,,,,1,"1",8190,16526
"00","1021","1","13A206","09","40598","2","1","0","02","-","1","4","2","49","21/03/1972","1","07","4","2","3","01","5","5","2","2","999999",1,,8190,0
"00","1021","1","13A206","09","40598","2","1","0","04","-","1","4","1","58","13/01/1963","1","08","2","2","3","08",,,,,,1,,8190,0
"00","1021","4","11A203","09","40635","1","1","0","01","-","1","1","1","53","15/06/1968","1","06","3","2","6","01","5","5","3","1","999999",1,"1",7727,7786
"00","1021","4","11A203","09","40635","2","1","0","01","-","1","1","2","57","20/01/1964","1","06","3","2","4","01","5","5","3","1","999999",1,"1",7727,7786
"00","1021","4","11A203","09","40635","4","1","0","03","-","1","3","1","22","19/07/1999","1","03","3","1","6","06",,,,,,1,"1",7727,15571
"00","1021","4","11A203","09","40635","4","1","0","01","-","1","1","2","42","20/02/1979","1","08","2","2","6","01","5","5","3","2","999999",1,,7727,0
"00","1021","4","11A203","09","40635","4","1","0","02","-","1","3","2","13","22/06/2008","1","03","1","1","6","06",,,,,,1,,7727,0
"00","1021","4","11A203","09","40635","3","1","0","01","-","1","1","1","28","15/06/1993","1","03","3","2","6","01","5","5","2","1","999999",1,"1",7727,7786
"00","1021","3","11A204","10","40005","4","1","0","02","-","1","2","1","29","06/05/1992","1","04","3","2","5","01","4","4","2","1","002000",1,"1",8203,16532
"00","1021","3","11A204","10","40005","3","1","0","01","-","1","1","2","63","21/09/1958","1","02","6","2","4","07",,,,,,1,"1",8203,8266
"00","1021","3","11A204","10","40005","2","1","0","03","-","1","3","2","19","22/03/2002","1","04","3","1","6","06",,,,,,1,,8203,0
"00","1021","3","11A204","10","40005","2","1","0","04","-","1","3","1","17","07/01/2004","1","04","1","1","6","06",,,,,,1,,8203,0
"00","1021","3","11A204","10","40005","4","1","0","01","-","1","1","2","28","25/04/1993","1","04","3","2","5","07",,,,,,1,,8203,0
"00","1021","3","11A204","10","40005","2","1","0","02","-","1","2","1","45","10/09/1976","1","04","3","2","5","01","5","5","3","1","001500",1,"1",8203,24797
"00","1021","3","11A204","10","40005","1","1","0","01","-","1","1","2","60","15/06/1961","1","02","6","2","6","07",,,,,,1,"1",8203,24797
"00","1021","3","11A204","10","40005","1","1","0","02","-","1","3","1","38","16/07/1983","1","03","3","2","6","01","5","5","3","1","001200",1,,8203,0
"00","1021","3","11A204","10","40005","1","1","0","03","-","1","6","1","57","30/05/1964","1","02","6","2","6","04",,,,,,1,,8203,0
"00","1021","3","11A204","10","40005","2","1","0","01","-","1","1","2","44","10/11/1976","1","03","3","2","5","07",,,,,,1,,8203,0
"00","1021","7","13A198","10","40077","4","1","0","03","-","1","2","2","39","12/06/1982","1","07","5","2","5","07",,,,,,1,,13351,0
"00","1021","7","13A198","10","40077","4","1","0","01","-","1","1","1","41","27/09/1980","1","07","5","2","5","01","5","5","2","1","003000",1,"1",13351,26939
"00","1021","7","13A198","10","40077","4","1","0","02","-","1","3","2","05","07/02/2016","2","01","1","1",,,,,,,,1,,13351,0
"00","1021","7","13A198","10","40077","3","1","0","03","-","1","3","2","05","21/05/2016","2","01","1","1",,,,,,,,1,,13351,0
"00","1021","7","13A198","10","40077","3","1","0","02","-","1","3","1","14","05/04/2007","2","03","1","1","6","06",,,,,,1,,13351,0
"00","1021","7","13A198","10","40077","3","1","0","04","-","1","2","1","34","11/03/1987","1","07","5","2","5","01","5","6","5","1","001200",1,,13351,0
"00","1021","7","13A198","10","40077","3","1","0","01","-","1","1","2","35","22/01/1986","1","07","5","2","5","01","1","7","3","2","005000",1,"1",13351,26939
"00","1021","7","13A198","10","40077","1","1","0","02","-","1","2","2","59","25/02/1962","1","03","3","2","5","01","3","7","3","2","003000",1,,13351,0
"00","1021","7","13A198","10","40077","1","1","0","01","-","1","1","1","61","11/11/1959","1","07","5","2","5","08",,,,,,1,"1",13351,26939
"00","1021","7","13A198","10","40077","2","1","0","01","-","1","1","1","56","30/09/1965","1","08","2","2","6","01","5","5","2","1","006000",1,"1",13351,26939
"00","1021","7","13A198","10","40077","2","1","0","03","-","1","3","1","02","09/01/2019",,,,,,,,,,,,1,,13351,0
"00","1021","7","13A198","10","40077","2","1","0","04","-","1","3","1","01","22/05/2020",,,,,,,,,,,,1,,13351,0
"00","1021","7","13A198","10","40077","2","1","0","02","-","1","2","2","35","24/08/1986","1","07","5","2","6","07",,,,,,1,,13351,0
"00","1021","8","12A197","10","40101","4","1","0","01","-","1","1","1","27","13/07/1994","1","07","5","2","6","01","1","5","3","1","006000",1,"1",7490,22752
"00","1021","8","12A197","10","40101","4","1","0","02","-","1","6","2","21","04/09/2000","1","07","3","1","6","06",,,,,,1,,7490,0
"00","1021","8","12A197","10","40101","4","1","0","03","-","1","6","1","19","29/07/2002","1","04","3","1","6","06",,,,,,1,,7490,0
"00","1021","6","12A197","10","40101","1","1","0","01","-","2",,,,,,,,,,,,,,,,1,,0,0
"00","1021","7","12A197","10","40101","1","1","0","04","-","2",,,,,,,,,,,,,,,,1,,0,0
"00","1021","7","12A197","10","40101","1","1","0","03","-","2",,,,,,,,,,,,,,,,1,,0,0
"00","1021","8","12A197","10","40101","1","1","0","02","-","1","2","2","73","16/05/1948","1","02","3","2","5","07",,,,,,1,"1",7490,7584
"00","1021","8","12A197","10","40101","2","1","0","03","-","1","5","1","47","26/05/1974","1","07","5","2","5","01","5","5","2","3","006000",1,"1",7490,22752
"00","1021","8","12A197","10","40101","2","1","0","02","-","1","3","2","44","20/10/1976","1","07","5","2","5","01","3","7","3","2","003000",1,,7490,0
"00","1021","8","12A197","10","40101","2","1","0","01","-","1","1","1","77","10/01/1944","1","07","4","2","4","08",,,,,,1,,7490,0
"00","1021","8","12A197","10","40101","3","1","0","01","-","1","1","1","54","18/06/1967","1","07","4","2","5","01","4","4","3","1","002000",1,,7490,0
"00","1021","8","12A197","10","40101","3","1","0","03","-","1","3","1","27","29/06/1994","1","07","5","2","6","01","3","7","3","2","003000",1,,7490,0
"00","1021","8","12A197","10","40101","3","1","0","02","-","1","2","2","53","25/02/1968","1","04","2","2","5","01","3","7","3","2","003000",1,,7490,0
"00","1021","8","12A197","10","40101","3","1","0","04","-","1","3","1","25","25/05/1996","1","07","5","1","6","06",,,,,,1,"1",7490,30335
"00","1021","8","13A197","10","40131","1","1","0","01","-","1","1","2","30","18/07/1991","1","07","4","2","1","05",,,,,,1,"1",8477,17166
"00","1021","8","13A197","10","40131","1","1","0","02","-","1","2","1","52","08/10/1969","1","04","3","2","6","08",,,,,,1,,8477,0
"00","1021","8","13A197","10","40131","4","1","0","01","-","1","1","2","49","23/08/1972","1","02","6","2","5","07",,,,,,1,,8477,0
"00","1021","8","13A197","10","40131","4","1","0","03","-","1","6","2","46","14/09/1975","1","02","6","2","6","01","5","5","3","1","001100",1,,8477,0
"00","1021","8","13A197","10","40131","4","1","0","02","-","1","6","2","43","05/11/1977","1","02","6","2","6","01","5","5","3","1","001100",1,,8477,0
"00","1021","8","13A197","10","40131","4","1","0","04","-","1","6","2","25","15/02/1996","1","03","3","2","6","07",,,,,,1,,8477,0
"00","1021","8","13A197","10","40131","3","1","0","04","-","1","5","1","00","19/07/2021",,,,,,,,,,,,1,,8477,0
"00","1021","3","13A197","10","40131","4","1","0","06","-","2",,,,,,,,,,,,,,,,1,,0,0
"00","1021","8","13A197","10","40131","2","1","0","01","-","1","1","1","49","09/02/1972","1","04","3","2","2","01","1","7","3","2","003880",1,"1",8477,8583
"00","1021","8","13A197","10","40131","3","1","0","02","-","1","3","2","16","19/07/2005","1","04","2","1","6","06",,,,,,1,,8477,0
"00","1021","8","13A197","10","40131","3","1","0","03","-","1","3","2","14","19/07/2007","1","03","2","1","6","06",,,,,,1,,8477,0
"00","1021","8","13A197","10","40131","3","1","0","01","-","1","1","2","41","19/07/1980","1","06","3","2","3","01","5","7","3","2","005000",1,"1",8477,8583
"00","1021","8","13A197","10","40131","4","1","0","05","-","1","6","2","31","24/05/1990","1","04","2","2","6","01","5","5","3","1","001200",1,"1",8477,42915
"00","1021","3","13A204","10","40134","1","1","0","01","-","1","1","2","73","28/01/1948","1","02","3","2","4","07",,,,,,1,"1",10371,10463
"00","1021","3","13A204","10","40134","4","1","0","01","-","1","1","2","78","03/07/1943","1","02","6","2","4","09",,,,,,1,"1",10371,10463
"00","1021","3","13A204","10","40134","2","1","0","02","-","1","3","1","29","08/02/1992","1","04","3","1","6","06",,,,,,1,"1",10371,20926
"00","1021","3","13A204","10","40134","3","1","0","02","-","1","5","2","30","21/08/1991","1","02","5","2","5","07",,,,,,1,,10371,0
"00","1021","3","13A204","10","40134","3","1","0","01","-","1","1","2","93","12/12/1927","2","02","2","2","4","07",,,,,,1,,10371,0
"00","1021","3","13A204","10","40134","3","1","0","03","-","1","7","1","34","12/04/1987","1","02","6","2","5","01","4","4","3","1","001500",1,"1",10371,31389
"00","1021","3","13A204","10","40134","2","1","0","01","-","1","1","2","62","04/01/1959","1","03","3","2","6","07",,,,,,1,,10371,0
"00","1021","2","11A205","10","40199","4","1","0","03","-","1","3","2","28","29/05/1993","1","07","5","2","6","01","5","5","3","1","001200",1,,9369,0
"00","1021","2","11A205","10","40199","4","1","0","04","-","1","3","2","26","01/02/1995","1","07","5","2","5","01","5","5","3","1","001200",1,,9369,0
"00","1021","2","11A205","10","40199","4","1","0","06","-","1","5","1","30","07/07/1991","1","04","3","2","5","01","5","5","3","1","001500",1,,9369,0
"00","1021","2","11A205","10","40199","4","1","0","01","-","1","1","1","55","07/03/1966","1","04","3","2","5","01","7","2","2","1","006000",1,"1",9369,66083
"00","1021","2","11A205","10","40199","4","1","0","02","-","1","2","2","54","24/04/1967","1","03","3","2","5","07",,,,,,1,,9369,0
"00","1021","2","11A205","10","40199","4","1","0","08","-","1","5","2","00","15/12/2020",,,,,,,,,,,,1,,9369,0
"00","1021","2","11A205","10","40199","1","1","0","01","-","1","1","1","74","30/08/1947","1","02","6","2","5","08",,,,,,1,"1",9369,18881
"00","1021","2","11A205","10","40199","4","1","0","05","-","1","3","2","21","06/07/2000","1","07","4","1","6","06",,,,,,1,,9369,0
"00","1021","2","11A205","10","40199","4","1","0","07","-","1","7","1","27","06/07/1994","1","07","4","2","6","01","5","5","3","1","001200",1,,9369,0
"00","1021","2","11A205","10","40199","3","1","0","02","-","1","3","1","50","28/06/1971","1","03","3","2","6","01","5","5","3","1","001500",1,,9369,0
"00","1021","2","11A205","10","40199","3","1","0","01","-","1","1","2","74","16/09/1947","1","02","6","2","4","07",,,,,,1,"1",9369,18881
"00","1021","2","11A205","10","40199","1","1","0","02","-","1","2","2","70","14/11/1950","1","02","6","2","5","07",,,,,,1,,9369,0
"00","1021","6","12B191","10","40206","2","1","0","03","-","1","3","2","45","15/10/1976","1","07","5","2","6","01","1","7","3","2","006000",1,,10138,0
"00","1021","6","12B191","10","40206","2","1","0","01","-","1","1","2","62","20/12/1958","1","07","5","2","4","08",,,,,,1,"1",10138,30686
"00","1021","6","12B191","10","40206","3","1","0","02","-","1","7","1","30","15/06/1991","1","04","3","2","6","01","5","5","3","1","002000",1,,10138,0
"00","1021","6","12B191","10","40206","3","1","0","03","-","1","7","2","21","24/04/2000","1","07","1","1","6","06",,,,,,1,,10138,0
"00","1021","6","12B191","10","40206","1","1","0","01","-","1","1","2","67","21/10/1953","1","03","3","2","4","08",,,,,,1,"1",10138,10229
"00","1021","6","12B191","10","40206","4","1","0","01","-","1","1","2","57","29/10/1963","1","07","5","2","6","07",,,,,,1,"1",10138,20457
"00","1021","6","12B191","10","40206","4","1","0","02","-","1","6","1","60","16/09/1961","1","04","3","2","6","08",,,,,,1,,10138,0
"00","1021","6","12B191","10","40206","3","1","0","04","-","1","7","1","32","02/09/1989","1","04","3","2","6","01","5","5","3","1","002000",1,,10138,0
"00","1021","6","12B191","10","40206","3","1","0","01","-","1","1","1","35","09/08/1986","1","04","3","2","6","01","5","5","3","1","002000",1,"1",10138,40914
"00","1021","6","12B191","10","40206","2","1","0","02","-","1","5","1","47","15/04/1974","1","08","2","2","5","01","2","7","3","2","006000",1,,10138,0
"00","1021","2","12A205","10","40231","3","1","0","04","-","1","3","2","11","07/12/2009","1","02","6","1",,,,,,,,1,,7289,0
"00","1021","2","12A205","10","40231","2","1","0","01","-","1","1","1","66","01/09/1955","1","07","5","2","5","08",,,,,,1,,7289,0
"00","1021","2","12A205","10","40231","2","1","0","02","-","1","2","2","62","24/06/1959","1","06","3","2","5","07",,,,,,1,,7289,0
"00","1021","2","12A205","10","40231","2","1","0","03","-","1","3","1","33","01/06/1988","1","04","2","2","5","01","5","7","3","3","006000",1,"1",7289,22139
"00","1021","2","12A205","10","40231","1","1","0","01","-","1","1","2","51","12/10/1970","1","03","3","2","4","08",,,,,,1,"1",7289,14759
"00","1021","2","12A205","10","40231","4","1","0","01","-","1","1","1","39","27/05/1982","1","07","5","2","3","01","5","5","3","2","003900",1,"1",7289,7380
"00","1021","2","12A205","10","40231","3","1","0","02","-","1","2","2","31","21/05/1990","1","04","3","2","5","07",,,,,,1,"1",7289,14759
"00","1021","2","12A205","10","40231","3","1","0","01","-","1","1","1","35","15/04/1986","1","04","3","2","5","01","5","5","3","2","008000",1,,7289,0
"00","1021","2","12A205","10","40231","3","1","0","05","-","1","3","2","10","17/05/2011","1","02","4","1",,,,,,,,1,,7289,0
"00","1021","2","12A205","10","40231","3","1","0","03","-","1","3","2","15","23/03/2006","1","03","3","1","6","06",,,,,,1,,7289,0
"00","1021","2","12A205","10","40231","1","1","0","02","-","1","3","2","20","09/02/2001","1","04","3","2","6","01","5","5","3","1","001000",1,,7289,0
"00","1021","6","11B191","10","40234","3","1","0","02","-","1","3","1","14","16/01/2007","1","03","2","1","6","06",,,,,,1,,7341,0
"00","1021","6","11B191","10","40234","3","1","0","01","-","1","1","1","41","02/03/1980","1","04","3","2","6","01","5","5","3","1","000950",1,"1",7341,7432
"00","1021","6","11B191","10","40234","3","1","0","03","-","1","3","1","10","02/02/2011","1","02","4","1",,,,,,,,1,,7341,0
"00","1021","6","11B191","10","40234","1","1","0","02","-","1","6","2","44","24/08/1977","1","03","3","2","5","05",,,,,,1,,7341,0
"00","1021","6","11B191","10","40234","1","1","0","03","-","1","7","1","40","02/07/1981","1","03","3","2","5","01","5","5","3","1","001200",1,,7341,0
"00","1021","6","11B191","10","40234","1","1","0","01","-","1","1","2","46","11/09/1975","1","03","3","2","6","01","5","5","3","1","001100",1,"1",7341,22297
"00","1021","6","11B191","10","40234","4","1","0","03","-","1","3","1","11","09/05/2010","1","02","6","1",,,,,,,,1,,7341,0
"00","1021","6","11B191","10","40234","4","1","0","04","-","1","3","2","02","24/07/2019",,,,,,,,,,,,1,,7341,0
"00","1021","6","11B191","10","40234","4","1","0","01","-","1","1","1","39","25/08/1982","1","08","2","2","1","01","5","5","3","1","001500",1,"1",7341,14865
"00","1021","6","11B191","10","40234","4","1","0","02","-","1","2","2","29","29/04/1992","1","07","5","2","1","01","5","5","3","2","002000",1,,7341,0
"00","1021","6","11B191","10","40234","1","1","0","04","-","1","7","2","10","26/06/2011","1","02","4","1",,,,,,,,1,,7341,0
"00","1021","1","12A206","10","40389","1","1","0","02","-","1","3","2","29","15/05/1992","1","04","3","2","6","01","4","4","3","3","006000",1,"1",7454,15093
"00","1021","1","12A206","10","40389","1","1","0","03","-","1","5","1","14","10/04/2007","1","03","2","1","6","06",,,,,,1,,7454,0
"00","1021","1","12A206","10","40389","1","1","0","01","-","1","1","2","54","08/12/1966","1","03","3","2","4","07",,,,,,1,,7454,0
"00","1021","1","12A206","10","40389","2","1","0","02","-","1","6","2","33","16/01/1988","1","03","3","2","5","07",,,,,,1,"1",7454,15093
"00","1021","1","12A206","10","40389","2","1","0","04","-","1","7","2","02","07/02/2019",,,,,,,,,,,,1,,7454,0
"00","1021","1","12A206","10","40389","4","1","0","03","-","1","3","1","32","16/06/1989","1","07","5","2","6","01","5","7","3","3","006000",1,,7454,0
"00","1021","1","12A206","10","40389","2","1","0","03","-","1","7","1","16","20/06/2005","1","04","1","1","6","06",,,,,,1,,7454,0
"00","1021","1","12A206","10","40389","3","1","0","01","-","1","1","2","63","26/12/1957","1","03","3","2","4","08",,,,,,1,,7454,0
"00","1021","1","12A206","10","40389","3","1","0","02","-","1","3","1","37","19/12/1983","1","03","3","2","6","01","5","5","2","3","004500",1,"1",7454,15093
"00","1021","1","12A206","10","40389","4","1","0","02","-","1","2","1","61","15/06/1960","1","03","3","2","5","07",,,,,,1,"1",7454,22640
"00","1021","1","12A206","10","40389","4","1","0","01","-","1","1","1","63","20/09/1958","1","07","5","2","5","01","5","5","3","3","006000",1,,7454,0
"00","1021","1","12A206","10","40389","2","1","0","01","-","1","1","1","26","23/03/1995","1","07","5","2","6","01","3","5","3","3","007000",1,,7454,0
"00","1021","5","13B192","10","40400","4","1","0","04","-","1","6","2","21","13/12/1999","2","04","3","2","6","07",,,,,,1,,10445,0
"00","1021","5","13B192","10","40400","4","1","0","05","-","1","3","1","04","17/02/2017",,,,,,,,,,,,1,,10445,0
"00","1021","5","13B192","10","40400","4","1","0","02","-","1","2","2","03","11/08/2018",,,,,,,,,,,,1,,10445,0
"00","1021","5","13B192","10","40400","4","1","0","01","-","1","1","1","25","19/03/1996","1","07","4","2","6","01","5","5","3","1","001300",1,"1",10445,21076
"00","1021","5","13B192","10","40400","4","1","0","06","-","1","3","2","01","12/08/2020",,,,,,,,,,,,1,,10445,0
"00","1021","5","13B192","10","40400","2","1","0","01","-","1","1","1","30","24/03/1991","1","07","5","2","1","01","5","5","3","1","001500",1,,10445,0
"00","1021","5","13B192","10","40400","2","1","0","03","-","1","3","1","09","14/12/2011","1","02","3","1",,,,,,,,1,,10445,0
"00","1021","5","13B192","10","40400","2","1","0","02","-","1","2","2","26","11/06/1995","1","07","2","2","1","07",,,,,,1,"1",10445,21076
"00","1021","5","13B192","10","40400","1","1","0","01","-","1","1","2","28","21/02/1993","1","07","5","2","6","01","1","7","3","3","008000",1,"1",10445,10538
"00","1021","5","13B192","10","40400","4","1","0","03","-","1","6","2","03","20/01/2018",,,,,,,,,,,,1,,10445,0
"00","1021","4","12A203","10","40415","3","1","0","01","-","1","1","1","67","10/06/1954","1","07","5","2","5","01","1","5","2","1","002000",1,,8206,0
"00","1021","4","12A203","10","40415","3","1","0","03","-","1","3","1","21","15/03/2000","1","04","3","1","6","06",,,,,,1,,8206,0
"00","1021","4","12A203","10","40415","3","1","0","02","-","1","2","2","61","09/07/1960","1","04","3","2","5","01","5","5","3","1","001000",1,"1",8206,24924
"00","1021","4","12A203","10","40415","2","1","0","01","-","1","1","1","56","28/01/1965","1","03","3","2","5","01","5","5","3","1","001200",1,,8206,0
"00","1021","4","12A203","10","40415","2","1","0","02","-","1","2","2","55","06/01/1966","1","03","3","2","5","07",,,,,,1,"1",8206,16616
"00","1021","4","12A203","10","40415","1","1","0","02","-","1","3","1","24","04/08/1997","1","07","5","2","6","01","1","7","3","1","001500",1,,8206,0
"00","1021","4","12A203","10","40415","1","1","0","04","-","1","3","2","15","22/08/2006","1","02","6","1","6","06",,,,,,1,,8206,0
"00","1021","4","12A203","10","40415","1","1","0","03","-","1","3","2","17","17/10/2003","1","03","3","2","6","10",,,,,,1,,8206,0
"00","1021","4","12A203","10","40415","1","1","0","01","-","1","1","2","46","27/12/1974","1","04","3","2","5","07",,,,,,1,"1",8206,16616
"00","1021","3","11A204","11","40001","3","1","0","05","-","1","3","2","20","22/04/2001","1","02","6","2","1","07",,,,,,1,"1",7698,54295
"00","1021","3","11A204","11","40001","3","1","0","09","-","1","5","1","06","12/12/2014","2","01","2","1",,,,,,,,1,,7698,0
"00","1021","3","11A204","11","40001","4","1","0","05","-","1","3","1","08","19/08/2013","1","02","2","1",,,,,,,,1,,7698,0
"00","1021","3","11A204","11","40001","3","1","0","11","-","3","5","1","00","15/09/2021",,,,,,,,,,,,1,,7698,0
"00","1021","3","11A204","11","40001","3","1","0","07","-","1","5","1","22","29/06/1999","1","03","3","2","1","01","7","2","3","1","001600",1,,7698,0
"00","1021","3","11A204","11","40001","3","1","0","10","-","1","6","1","64","15/05/1957","1","02","6","1","6","06",,,,,,1,,7698,0
"00","1021","3","11A204","11","40001","3","1","0","02","-","1","2","2","46","27/06/1975","1","02","6","2","5","07",,,,,,1,,7698,0
"00","1021","3","11A204","11","40001","2","1","0","02","-","1","2","2","76","26/01/1945","1","02","6","2","5","07",,,,,,1,,7698,0
"00","1021","3","11A204","11","40001","2","1","0","01","-","1","1","1","78","16/10/1942","1","02","3","2","5","08",,,,,,1,,7698,0
"00","1021","3","11A204","11","40001","2","1","0","03","-","1","3","2","56","18/12/1964","1","03","3","2","6","01","3","2","3","1","001500",1,"1",7698,23269
"00","1021","3","11A204","11","40001","1","1","0","01","-","1","1","1","55","15/07/1966","1","02","6","2","5","01","4","4","2","1","002000",1,,7698,0
"00","1021","3","11A204","11","40001","1","1","0","04","-","1","3","2","19","30/09/2002","1","04","3","2","6","01","7","2","3","1","001300",1,,7698,0
"00","1021","3","11A204","11","40001","1","1","0","02","-","1","2","2","54","07/03/1967","1","03","3","2","5","07",,,,,,1,"1",7698,31026
"00","1021","3","11A204","11","40001","1","1","0","03","-","1","3","1","27","28/07/1994","1","07","4","2","6","01","7","2","3","1","001500",1,,7698,0
"00","1021","3","11A204","11","40001","4","1","0","04","-","1","3","1","10","25/11/2010","1","02","5","1",,,,,,,,1,,7698,0
"00","1021","3","11A204","11","40001","4","1","0","01","-","1","1","1","31","21/10/1989","1","03","3","2","5","01","5","5","4","1","002000",1,"1",7698,23269
"00","1021","3","11A204","11","40001","4","1","0","03","-","1","3","2","15","23/06/2006","1","03","3","1","6","06",,,,,,1,,7698,0
"00","1021","3","11A204","11","40001","4","1","0","02","-","1","2","2","30","06/11/1990","1","03","1","2","5","01","7","2","4","1","001600",1,,7698,0
"00","1021","3","11A204","11","40001","4","1","0","06","-","1","7","1","28","26/05/1993","1","04","3","2","6","01","7","2","3","1","001800",1,,7698,0
"00","1021","3","11A204","11","40001","3","1","0","03","-","1","3","1","26","12/07/1995","1","02","6","2","6","01","7","2","4","1","001500",1,,7698,0
"00","1021","3","11A204","11","40001","3","1","0","04","-","1","3","1","08","27/03/2013","1","02","3","1",,,,,,,,1,,7698,0
"00","1021","3","11A204","11","40001","3","1","0","08","-","1","3","2","26","15/09/1995","1","02","6","1","6","04",,,,,,1,,7698,0
"00","1021","3","11A204","11","40001","3","1","0","06","-","1","5","1","05","13/07/2016","2","01","1","2",,,,,,,,1,,7698,0
"00","1021","3","11A204","11","40001","3","1","0","01","-","1","1","1","50","04/07/1971","1","02","6","2","5","01","7","2","4","1","001500",1,,7698,0
"00","1021","7","12A198","11","40012","4","1","0","06","-","1","3","1","15","03/10/2006","1","03","2","1","6","06",,,,,,1,,7585,0
"00","1021","7","12A198","11","40012","3","1","0","05","-","1","3","2","10","09/10/2010","1","02","3","1",,,,,,,,1,,7585,0
"00","1021","7","12A198","11","40012","1","1","0","02","-","1","2","2","71","02/02/1950","2","00",,"2","5","07",,,,,,1,"1",7585,15286
"00","1021","7","12A198","11","40012","1","1","0","03","-","1","5","2","15","10/10/2005","1","03","3","1","6","06",,,,,,1,,7585,0
"00","1021","7","12A198","11","40012","2","1","0","02","-","1","2","2","57","06/02/1964","1","02","6","2","5","07",,,,,,1,,7585,0
"00","1021","7","12A198","11","40012","2","1","0","01","-","1","1","2","57","27/11/1963","1","02","6","2","5","01","7","2","2","1","001000",1,"1",7585,15286
"00","1021","7","12A198","11","40012","2","1","0","03","-","1","3","2","16","29/01/2005","1","03","3","1","6","06",,,,,,1,,7585,0
"00","1021","7","12A198","11","40012","3","1","0","04","-","1","3","2","11","24/05/2010","1","02","4","1",,,,,,,,1,,7585,0
"00","1021","7","12A198","11","40012","4","1","0","03","-","1","3","1","26","20/06/1995","1","03","3","2","6","01","5","5","2","1","001000",1,,7585,0
"00","1021","7","12A198","11","40012","4","1","0","05","-","1","3","1","21","18/03/2000","1","04","3","2","6","01","5","5","3","1","001100",1,,7585,0
"00","1021","7","12A198","11","40012","4","1","0","02","-","1","2","2","48","02/04/1973","1","03","3","2","5","07",,,,,,1,,7585,0
"00","1021","7","12A198","11","40012","4","1","0","04","-","1","3","2","23","05/04/1998","1","04","3","2","6","01","4","4","2","1","000600",1,"1",7585,38214
"00","1021","7","12A198","11","40012","4","1","0","01","-","1","1","1","48","06/07/1973","1","03","3","2","5","01","4","4","3","1","001200",1,,7585,0
"00","1021","7","12A198","11","40012","3","1","0","01","-","1","1","1","31","16/03/1990","1","03","3","2","1","01","7","2","3","1","002000",1,,7585,0
"00","1021","7","12A198","11","40012","3","1","0","06","-","1","3","2","06","01/11/2014","2","01","2","1",,,,,,,,1,,7585,0
"00","1021","7","12A198","11","40012","3","1","0","03","-","1","3","2","12","29/11/2008","1","02","6","1","6","06",,,,,,1,,7585,0
"00","1021","7","12A198","11","40012","3","1","0","02","-","1","2","2","30","10/09/1991","1","02","6","2","1","07",,,,,,1,"1",7585,15286
"00","1021","7","12A198","11","40012","1","1","0","01","-","1","1","1","73","12/11/1947","2","00",,"2","5","01","7","3","2","1","000800",1,,7585,0
"00","1021","7","11A198","11","40016","4","1","0","02","-","1","2","2","64","04/09/1957","1","02","6","2","5","07",,,,,,1,"1",8060,16322
"00","1021","7","11A198","11","40016","1","1","1","01","-","1","1","1","65","15/03/1956","2","00",,"2","4","01","6","1","2","3","002000",1,"1",8060,8161
"00","1021","7","11A198","11","40016","2","1","0","03","-","1","3","2","07","06/09/2014","1","01","2","1",,,,,,,,1,,8060,0
"00","1021","7","11A198","11","40016","2","1","0","01","-","1","1","1","34","24/01/1987","1","03","3","2","5","01","4","2","3","1","001700",1,"1",8060,16322
"00","1021","7","11A198","11","40016","2","1","0","02","-","1","2","2","35","22/02/1986","1","03","3","2","5","07",,,,,,1,,8060,0
"00","1021","7","11A198","11","40016","4","1","0","01","-","1","1","1","63","27/03/1958","1","02","6","2","5","01","4","4","3","1","001000",1,,8060,0
"00","1021","7","11A198","11","40016","3","1","0","01","-","1","1","2","36","12/04/1985","1","04","3","2","5","07",,,,,,1,"1",8060,8161
"00","1021","7","11A198","11","40016","3","1","0","03","-","1","3","1","05","12/06/2016","2","01","2","1",,,,,,,,1,,8060,0
"00","1021","7","11A198","11","40016","3","1","0","02","-","1","3","1","12","10/06/2009","1","02","5","1","6","06",,,,,,1,,8060,0
"00","1021","3","13A204","11","40053","4","1","0","01","-","1","1","2","54","09/03/1967","1","04","2","2","4","01","5","5","3","1","000600",1,"1",9136,18434
"00","1021","3","13A204","11","40053","4","1","0","02","-","1","3","1","18","22/05/2003","1","04","1","2","6","04",,,,,,1,,9136,0
"00","1021","3","13A204","11","40053","1","1","0","05","-","1","4","2","65","16/11/1955","1","02","6","2","6","08",,,,,,1,,9136,0
"00","1021","3","13A204","11","40053","1","1","0","02","-","1","2","2","27","16/12/1993","1","07","4","2","5","01","4","4","2","1","999999",1,"1",9136,27650
"00","1021","3","13A204","11","40053","1","1","0","04","-","1","3","1","10","30/06/2011","1","02","4","1",,,,,,,,1,,9136,0
"00","1021","3","13A204","11","40053","1","1","0","01","-","1","1","1","29","26/11/1991","1","07","4","2","5","01","4","4","2","1","999999",1,,9136,0
"00","1021","3","13A204","11","40053","1","1","0","03","-","1","3","1","10","30/06/2011","1","02","4","1",,,,,,,,1,,9136,0
"00","1021","3","13A204","11","40053","2","1","0","01","-","1","1","1","56","24/02/1965","1","07","4","2","1","01","1","5","3","1","004000",1,,9136,0
"00","1021","3","13A204","11","40053","2","1","0","03","-","1","3","2","20","15/05/2001","1","07","2","1","6","06",,,,,,1,,9136,0
"00","1021","3","13A204","11","40053","2","1","0","04","-","1","3","1","15","26/04/2006","1","03","3","1","6","06",,,,,,1,,9136,0
"00","1021","3","13A204","11","40053","2","1","0","02","-","1","2","2","47","01/02/1974","1","07","4","2","1","01","1","5","3","2","004000",1,"1",9136,27650
"00","1021","3","13A204","11","40053","3","1","0","04","-","1","3","1","16","01/10/2005","1","04","1","1","6","06",,,,,,1,,9136,0
"00","1021","3","13A204","11","40053","3","1","0","03","-","1","3","1","17","03/04/2004","1","04","1","1","6","06",,,,,,1,,9136,0
"00","1021","3","13A204","11","40053","3","1","0","01","-","1","1","1","37","09/04/1984","1","06","3","2","5","01","7","2","3","1","001500",1,,9136,0
"00","1021","3","13A204","11","40053","3","1","0","02","-","1","2","2","37","26/01/1984","1","04","3","2","5","01","7","2","3","1","001500",1,"1",9136,18434
"00","1021","6","12B191","11","40109","1","1","0","04","-","1","3","1","04","11/12/2016",,,,,,,,,,,,1,,8291,0
"00","1021","6","12B191","11","40109","3","1","2","05","-","1","7","2","00","15/11/2020",,,,,,,,,,,,1,,8291,0
"00","1021","6","12B191","11","40109","2","1","0","01","-","1","1","1","53","26/12/1967","1","07","5","2","1","01","4","4","5","3","999999",1,,8291,0
"00","1021","6","12B191","11","40109","2","1","0","02","-","1","2","2","43","26/04/1978","1","04","2","2","1","01","5","5","2","1","999999",1,"1",8291,16788
"00","1021","6","12B191","11","40109","3","1","2","03","-","1","3","2","14","16/02/2007","1","03","2","1","6","06",,,,,,1,,8291,0
"00","1021","6","12B191","11","40109","3","1","2","02","-","1","3","2","20","11/10/2001","1","04","3","1","6","06",,,,,,1,,8291,0
"00","1021","6","12B191","11","40109","3","1","2","04","-","1","3","1","11","28/05/2010","1","02","5","1",,,,,,,,1,,8291,0
"00","1021","6","12B191","11","40109","3","1","2","01","-","1","1","2","39","07/03/1982","1","03","3","2","2","01","4","4","3","1","001400",1,"1",8291,16788
"00","1021","6","12B191","11","40109","1","1","0","03","-","2",,,,,,,,,,,,,,,,1,,0,0
"00","1021","6","12B191","11","40109","1","1","0","01","-","1","1","1","35","19/02/1986","1","03","3","2","5","01","1","5","3","1","001600",1,,8291,0
"00","1021","6","12B191","11","40109","4","1","0","02","-","1","2","2","40","10/07/1981","1","07","4","2","5","01","1","5","3","2","004500",1,,8291,0
"00","1021","6","12B191","11","40109","4","1","0","04","-","1","3","1","11","20/05/2010","1","02","4","1",,,,,,,,1,,8291,0
"00","1021","6","12B191","11","40109","4","1","0","03","-","1","3","2","20","23/11/2000","1","07","1","1","6","06",,,,,,1,,8291,0
"00","1021","6","12B191","11","40109","4","1","0","01","-","1","1","1","43","20/08/1978","1","04","3","2","5","01","4","4","5","3","010000",1,"1",8291,25182
"00","1021","6","12B191","11","40109","1","1","0","02","-","1","2","2","27","09/12/1993","1","04","3","2","5","07",,,,,,1,"1",8291,16788
"00","1021","8","12A197","11","40144","2","1","0","01","-","1","1","1","48","05/02/1973","1","03","3","2","5","01","7","2","3","1","001900",1,,7981,0
"00","1021","8","12A197","11","40144","2","1","0","02","-","1","2","2","46","05/01/1975","1","03","3","2","5","07",,,,,,1,"1",7981,16083
"00","1021","8","12A197","11","40144","1","1","0","04","-","1","3","1","22","26/10/1998","1","03","3","2","6","01","7","2","3","1","001300",1,"1",7981,40209
"00","1021","8","12A197","11","40144","1","1","0","03","-","1","3","1","37","03/04/1984","1","04","3","2","6","01","7","2","3","1","001300",1,,7981,0
"00","1021","8","12A197","11","40144","1","1","0","02","-","1","2","2","53","29/06/1968","1","02","6","2","5","01","4","4","3","1","001200",1,,7981,0
"00","1021","8","12A197","11","40144","1","1","0","05","-","1","4","2","72","19/03/1949","1","02","1","2","4","07",,,,,,1,,7981,0
"00","1021","8","12A197","11","40144","1","1","0","01","-","1","1","1","57","05/05/1964","1","03","3","2","5","01","7","2","3","1","001800",1,,7981,0
"00","1021","8","12A197","11","40144","4","1","0","02","-","1","2","2","28","26/05/1993","1","03","3","2","1","01","4","4","2","1","001000",1,,7981,0
"00","1021","8","12A197","11","40144","4","1","0","01","-","1","1","1","40","10/02/1981","1","04","3","2","1","01","5","6","5","1","001500",1,"1",7981,16083
"00","1021","8","12A197","11","40144","3","1","0","04","-","1","5","1","02","07/02/2019",,,,,,,,,,,,1,,7981,0
"00","1021","8","12A197","11","40144","2","1","0","04","-","1","3","1","12","13/05/2009","1","02","5","1","6","06",,,,,,1,,7981,0
"00","1021","8","12A197","11","40144","2","1","0","03","-","1","3","2","15","18/01/2006","1","03","2","1","6","06",,,,,,1,,7981,0
"00","1021","8","12A197","11","40144","3","1","0","02","-","1","3","2","30","04/10/1991","1","03","3","2","5","07",,,,,,1,"1",7981,16083
"00","1021","8","12A197","11","40144","3","1","0","01","-","1","1","2","63","23/12/1957","1","02","6","2","4","07",,,,,,1,,7981,0
"00","1021","8","12A197","11","40144","3","1","0","03","-","1","5","1","08","25/11/2012","1","02","2","1",,,,,,,,1,,7981,0
"00","1021","8","12A197","11","40146","2","1","0","01","-","1","1","1","54","04/04/1967","1","08","3","2","3","01","5","5","2","3","020000",1,"1",7254,14690
"00","1021","8","12A197","11","40146","2","1","0","03","-","1","3","1","19","28/03/2002","1","04","2","1","6","06",,,,,,1,,7254,0
"00","1021","3","12A197","11","40146","2","1","0","02","-","2",,,,,,,,,,,,,,,,1,,0,0
"00","1021","8","12A197","11","40146","3","1","0","04","-","1","4","1","73","17/06/1948","1","03","3","2","4","10",,,,,,1,,7254,0
"00","1021","8","12A197","11","40146","3","1","0","02","-","1","2","1","28","21/10/1992","1","07","4","2","5","04",,,,,,1,,7254,0
"00","1021","8","12A197","11","40146","4","1","0","02","-","1","3","2","25","02/05/1996","1","07","4","2","6","01","1","5","3","1","002500",1,,7254,0
"00","1021","8","12A197","11","40146","4","1","0","01","-","1","1","2","52","24/07/1969","1","04","2","2","6","01","3","5","3","2","005000",1,"1",7254,22034
"00","1021","8","12A197","11","40146","4","1","0","03","-","1","3","1","18","05/11/2002","1","04","3","1","6","06",,,,,,1,,7254,0
"00","1021","8","12A197","11","40146","3","1","0","01","-","1","1","2","27","04/03/1994","1","07","1","2","5","01","1","5","3","2","007000",1,"1",7254,22034
"00","1021","8","12A197","11","40146","3","1","0","03","-","1","3","2","03","12/05/2018",,,,,,,,,,,,1,,7254,0
"00","1021","2","12A205","11","40280","1","1","0","03","-","1","3","2","34","11/09/1987","1","07","4","2","2","04",,,,,,1,"1",7830,23783
"00","1021","2","12A205","11","40280","1","1","0","04","-","1","5","2","06","22/09/2015","2","01","1","1",,,,,,,,1,,7830,0
"00","1021","2","12A205","11","40280","1","1","0","01","-","1","1","1","60","19/03/1961","1","07","4","2","5","01","5","5","5","1","002000",1,,7830,0
"00","1021","2","12A205","11","40280","1","1","0","02","-","1","2","2","67","28/06/1954","1","02","4","2","5","07",,,,,,1,,7830,0
"00","1021","2","12A205","11","40280","2","1","0","03","-","1","3","1","64","04/10/1957","1","02","6","2","5","01","7","2","4","1","001600",1,"1",7830,39639
"00","1021","2","12A205","11","40280","2","1","0","02","-","1","2","2","80","12/01/1941","1","02","5","2","5","07",,,,,,1,,7830,0
"00","1021","2","12A205","11","40280","2","1","0","05","-","1","5","1","35","20/04/1986","1","03","3","2","6","01","7","2","2","1","002000",1,,7830,0
"00","1021","2","12A205","11","40280","2","1","0","04","-","1","5","2","62","28/03/1959","1","02","5","2","5","07",,,,,,1,,7830,0
"00","1021","2","12A205","11","40280","2","1","0","01","-","1","1","1","85","15/02/1936","1","02","4","2","5","08",,,,,,1,,7830,0
"00","1021","2","12A205","11","40280","3","1","0","01","-","1","1","1","48","06/09/1973","1","03","3","2","5","01","7","2","2","1","002000",1,,7830,0
"00","1021","2","12A205","11","40280","3","1","0","02","-","1","2","2","48","27/10/1972","1","06","3","2","5","07",,,,,,1,"1",7830,31711
"00","1021","2","12A205","11","40280","3","1","0","05","-","1","3","1","15","09/08/2006","1","03","3","1","6","06",,,,,,1,,7830,0
"00","1021","2","12A205","11","40280","3","1","0","03","-","1","4","1","73","16/03/1948","1","02","6","2","4","08",,,,,,1,,7830,0
"00","1021","2","12A205","11","40280","3","1","0","04","-","1","3","1","22","09/04/1999","1","07","4","1","6","06",,,,,,1,,7830,0
"00","1021","2","11A205","11","40281","4","1","0","06","-","1","3","2","04","04/03/2017",,,,,,,,,,,,1,,8688,0
"00","1021","2","11A205","11","40281","4","1","0","02","-","1","2","2","37","27/07/1984","1","02","6","2","5","07",,,,,,1,"1",8688,17508
"00","1021","2","11A205","11","40281","4","1","0","01","-","1","1","1","36","20/11/1984","1","02","6","2","5","01","7","3","4","1","001000",1,,8688,0
"00","1021","2","11A205","11","40281","4","1","0","04","-","1","3","2","11","30/05/2010","1","02","5","1",,,,,,,,1,,8688,0
"00","1021","2","11A205","11","40281","4","1","0","05","-","1","3","1","07","15/02/2014","2","00",,"2",,,,,,,,1,,8688,0
"00","1021","2","11A205","11","40281","4","1","0","07","-","1","3","2","03","16/02/2018",,,,,,,,,,,,1,,8688,0
"00","1021","2","11A205","11","40281","3","1","0","02","-","1","2","2","51","20/09/1970","1","02","6","2","5","01","7","3","3","1","001600",1,,8688,0
"00","1021","2","11A205","11","40281","3","1","0","07","-","1","6","1","59","15/06/1962","1","02","6","2","6","01","4","4","5","1","001000",1,,8688,0
"00","1021","2","11A205","11","40281","3","1","0","05","-","1","3","2","55","12/09/1966","1","02","6","2","6","01","7","2","3","1","001200",1,"1",8688,52523
"00","1021","2","11A205","11","40281","3","1","0","03","-","1","3","1","26","21/01/1995","1","02","6","2","6","04",,,,,,1,,8688,0
"00","1021","2","11A205","11","40281","3","1","0","04","-","1","3","1","17","02/10/2004","1","03","3","1","6","06",,,,,,1,,8688,0
"00","1021","2","11A205","11","40281","3","1","0","06","-","1","6","1","49","23/04/1972","1","02","6","2","6","01","4","4","5","1","001000",1,,8688,0
"00","1021","2","11A205","11","40281","3","1","0","01","-","1","1","2","52","02/08/1969","1","02","3","2","5","07",,,,,,1,,8688,0
"00","1021","2","11A205","11","40281","2","1","0","02","-","1","2","2","61","30/08/1960","1","02","4","2","5","07",,,,,,1,,8688,0
"00","1021","2","11A205","11","40281","2","1","0","01","-","1","1","1","63","30/08/1958","1","02","6","2","5","08",,,,,,1,"1",8688,17508
"00","1021","2","11A205","11","40281","1","1","0","01","-","1","1","1","48","27/11/1972","1","04","1","2","5","01","3","5","3","1","002000",1,,8688,0
"00","1021","2","11A205","11","40281","1","1","0","02","-","1","2","2","45","16/11/1975","2","04","3","2","5","01","5","5","2","1","001000",1,"1",8688,26261
"00","1021","2","11A205","11","40281","1","1","0","03","-","1","3","1","19","01/07/2002","1","07","1","1","6","06",,,,,,1,,8688,0
"00","1021","2","11A205","11","40281","4","1","0","03","-","1","3","1","14","06/03/2007","1","03","2","2","6","07",,,,,,1,,8688,0
"00","1021","2","11A205","11","40281","4","1","0","08","-","1","3","1","01","12/08/2020",,,,,,,,,,,,1,,8688,0
"00","1021","2","11A205","11","40281","1","1","0","04","-","1","3","1","17","11/12/2003","1","04","2","1","6","06",,,,,,1,,8688,0
"00","1021","6","11B191","11","40290","3","1","0","02","-","1","2","2","35","20/10/1985","1","04","3","2","5","01","5","5","3","1","000600",1,"1",9865,19881
"00","1021","6","11B191","11","40290","3","1","0","05","-","1","3","1","08","07/08/2013","2","02","1","1",,,,,,,,1,,9865,0
"00","1021","6","11B191","11","40290","4","1","0","02","-","1","2","2","32","31/05/1989","1","03","3","2","5","01","4","4","3","3","010000",1,,9865,0
"00","1021","6","11B191","11","40290","4","1","0","01","-","1","1","1","32","11/05/1989","1","04","3","2","5","01","7","2","3","3","015000",1,"1",9865,19881
"00","1021","6","11B191","11","40290","3","1","0","01","-","1","1","1","34","13/08/1987","1","03","3","2","5","01","5","5","4","1","004000",1,,9865,0
"00","1021","6","11B191","11","40290","3","1","0","03","-","1","3","2","14","23/08/2007","1","03","1","1","6","06",,,,,,1,,9865,0
"00","1021","6","11B191","11","40290","3","1","0","04","-","1","3","1","09","31/10/2011","1","02","2","1",,,,,,,,1,,9865,0
"00","1021","6","11B191","11","40290","2","1","0","01","-","1","1","2","37","05/12/1983","1","03","3","2","2","07",,,,,,1,"1",9865,9941
"00","1021","6","11B191","11","40290","2","1","0","03","-","1","3","1","06","24/10/2014","2","01","2","1",,,,,,,,1,,9865,0
"00","1021","6","11B191","11","40290","2","1","0","02","-","1","3","2","15","11/01/2006","1","03","2","1","6","06",,,,,,1,,9865,0
"00","1021","6","11B191","11","40290","1","1","0","05","-","1","3","1","01","16/03/2020",,,,,,,,,,,,1,,9865,0
"00","1021","6","11B191","11","40290","1","1","0","02","-","1","2","2","22","24/10/1998","1","03","3","2","1","07",,,,,,1,,9865,0
"00","1021","6","11B191","11","40290","1","1","0","04","-","1","3","1","03","20/12/2017",,,,,,,,,,,,1,,9865,0
"00","1021","6","11B191","11","40290","1","1","0","03","-","1","3","2","06","22/05/2015","2","01","2","1",,,,,,,,1,,9865,0
"00","1021","6","11B191","11","40290","1","1","0","01","-","1","1","1","27","18/06/1994","1","04","3","2","1","01","1","2","3","1","003000",1,"1",9865,19881
"00","1021","5","13B191","11","40293","1","1","0","03","-","2",,,,,,,,,,,,,,,,1,,0,0
"00","1021","5","13B191","11","40293","1","1","0","02","-","2",,,,,,,,,,,,,,,,1,,0,0
"00","1021","6","13B191","11","40293","1","1","0","01","-","1","1","2","62","09/06/1959","1","04","3","2","3","07",,,,,,1,"1",8130,8231
"00","1021","1","12A206","11","40422","4","1","0","05","-","1","4","2","15","10/12/2005","1","04","1","1","6","06",,,,,,1,,7396,0
"00","1021","1","12A206","11","40422","4","1","0","02","-","1","2","2","55","01/06/1966","1","03","3","2","5","07",,,,,,1,,7396,0
"00","1021","1","12A206","11","40422","4","1","0","04","-","1","3","2","15","10/12/2005","1","04","1","1","6","06",,,,,,1,,7396,0
"00","1021","1","12A206","11","40422","4","1","0","01","-","1","1","1","57","07/08/1964","1","07","4","2","5","01","5","5","5","2","999999",1,"1",7396,14976
"00","1021","1","12A206","11","40422","4","1","0","03","-","1","3","2","16","10/12/2004","1","04","2","1","6","06",,,,,,1,,7396,0
"00","1021","1","12A206","11","40422","3","1","0","01","-","1","1","1","50","08/09/1971","1","03","3","2","5","01","7","2","3","1","002000",1,,7396,0
"00","1021","1","12A206","11","40422","1","1","0","02","-","1","3","2","17","03/12/2003","1","04","2","1","6","06",,,,,,1,,7396,0
"00","1021","1","12A206","11","40422","3","1","0","02","-","1","2","2","49","22/08/1972","1","02","6","2","5","01","7","2","3","1","002000",1,"1",7396,22464
"00","1021","1","12A206","11","40422","2","1","0","03","-","1","3","2","33","11/05/1988","1","03","3","2","1","01","7","2","3","1","001100",1,,7396,0
"00","1021","1","12A206","11","40422","2","1","0","02","-","1","2","2","55","05/07/1966","1","02","6","2","5","07",,,,,,1,"1",7396,29951
"00","1021","1","12A206","11","40422","2","1","0","04","-","1","5","1","37","09/08/1984","1","02","6","2","1","01","7","2","3","1","002500",1,,7396,0
"00","1021","1","12A206","11","40422","2","1","0","01","-","1","1","1","52","14/06/1969","1","04","3","2","5","01","7","2","3","1","999999",1,,7396,0
"00","1021","1","12A206","11","40422","1","1","0","01","-","1","1","1","61","29/04/1960","1","02","6","2","4","08",,,,,,1,"1",7396,7488
"00","1021","1","12A206","11","40422","3","1","0","03","-","1","3","2","19","19/12/2001","1","07","1","1","6","01","3","5","3","2","002500",1,,7396,0
"00","1021","1","11A206","11","40463","4","1","0","04","-","1","3","2","16","20/03/2005","1","03","3","2","6","07",,,,,,1,,7916,0
"00","1021","1","11A206","11","40463","4","1","0","02","-","1","2","2","45","05/05/1976","1","03","3","2","5","01","4","4","5","1","001800",1,,7916,0
"00","1021","1","11A206","11","40463","4","1","0","01","-","1","1","1","48","20/06/1973","1","02","6","2","5","01","7","2","3","1","002600",1,,7916,0
"00","1021","1","11A206","11","40463","4","1","0","05","-","1","3","1","13","29/02/2008","1","03","1","1","6","06",,,,,,1,,7916,0
"00","1021","1","11A206","11","40463","3","1","0","01","-","1","1","1","56","22/03/1965","1","00",,"2","2","01","7","2","3","1","001200",1,"1",7916,7977
"00","1021","1","11A206","11","40463","2","1","0","05","-","1","3","1","05","08/05/2016","2","01","1","1",,,,,,,,1,,7916,0
"00","1021","1","11A206","11","40463","2","1","0","01","-","1","1","1","34","11/07/1987","1","02","6","2","5","01","7","2","3","1","001800",1,"1",7916,15954
"00","1021","1","11A206","11","40463","2","1","0","03","-","1","3","2","12","02/10/2009","1","02","4","1","6","06",,,,,,1,,7916,0
"00","1021","1","11A206","11","40463","2","1","0","04","-","1","3","2","08","23/07/2013","1","02","2","1",,,,,,,,1,,7916,0
"00","1021","1","11A206","11","40463","2","1","0","02","-","1","2","2","30","22/07/1991","1","03","3","2","5","01","7","2","3","1","001800",1,,7916,0
"00","1021","1","11A206","11","40463","1","1","0","04","-","1","5","2","11","20/05/2010","1","02","4","1",,,,,,,,1,,7916,0
"00","1021","1","11A206","11","40463","1","1","0","03","-","1","5","1","13","01/06/2008","1","03","1","1","6","06",,,,,,1,,7916,0
"00","1021","1","11A206","11","40463","1","1","0","02","-","1","2","2","51","03/11/1969","1","03","3","2","5","01","5","5","2","1","001200",1,,7916,0
"00","1021","1","11A206","11","40463","4","1","0","03","-","1","3","2","23","20/01/1998","1","04","3","2","6","01","1","5","3","1","001300",1,"1",7916,23930
"00","1021","1","11A206","11","40463","1","1","0","01","-","1","1","1","62","23/03/1959","1","02","6","2","5","01","5","5","3","2","003200",1,"1",7916,15954
"00","1021","8","11A197","11","40469","4","1","0","03","-","1","3","1","19","31/05/2002","1","04","3","2","6","01","4","4","3","1","001200",1,"1",7960,24177
"00","1021","8","11A197","11","40469","4","1","0","04","-","1","3","1","14","13/08/2007","1","03","1","1","6","06",,,,,,1,,7960,0
"00","1021","8","11A197","11","40469","1","1","0","02","-","1","2","2","41","21/03/1980","1","03","3","2","5","07",,,,,,1,"1",7960,16118
"00","1021","8","11A197","11","40469","1","1","0","03","-","1","3","1","17","16/05/2004","1","04","1","1","6","06",,,,,,1,,7960,0
"00","1021","8","11A197","11","40469","1","1","0","01","-","1","1","1","41","12/06/1980","1","06","3","2","5","01","7","2","3","1","002000",1,,7960,0
"00","1021","8","11A197","11","40469","1","1","0","06","-","1","3","1","12","03/03/2009","1","02","5","1","6","06",,,,,,1,,7960,0
"00","1021","8","11A197","11","40469","1","1","0","04","-","1","3","1","15","13/02/2006","1","03","2","1","6","06",,,,,,1,,7960,0
"00","1021","8","11A197","11","40469","1","1","0","05","-","1","3","2","13","22/01/2008","1","02","6","1","6","06",,,,,,1,,7960,0
"00","1021","8","11A197","11","40469","2","1","0","04","-","1","3","2","12","17/07/2009","1","02","5","1","6","06",,,,,,1,,7960,0
"00","1021","8","11A197","11","40469","2","1","0","02","-","1","2","2","46","02/04/1975","1","02","6","2","5","01","4","4","2","1","001000",1,"1",7960,24177
"00","1021","8","11A197","11","40469","2","1","0","03","-","1","3","1","20","31/12/2000","1","03","3","2","6","01","7","2","3","1","001200",1,,7960,0
"00","1021","8","11A197","11","40469","2","1","0","01","-","1","1","1","48","22/01/1973","1","03","3","2","5","01","7","2","3","1","001500",1,,7960,0
"00","1021","8","11A197","11","40469","3","1","0","01","-","1","1","1","31","20/09/1990","1","07","4","2","5","01","2","7","3","2","006000",1,"1",7960,8059
"00","1021","5","11A197","11","40469","3","1","0","02","-","2",,,,,,,,,,,,,,,,1,,0,0
"00","1021","8","11A197","11","40469","4","1","0","02","-","1","2","2","39","13/06/1982","1","04","3","2","5","01","4","4","2","1","000500",1,,7960,0
"00","1021","8","11A197","11","40469","4","1","0","01","-","1","1","1","39","09/01/1982","1","03","3","2","5","01","7","2","3","1","002000",1,,7960,0
"00","1021","8","11A197","11","40469","4","1","0","05","-","1","3","1","08","29/10/2012","1","02","2","1",,,,,,,,1,,7960,0
"00","1021","1","11A206","11","40471","3","1","0","02","-","1","3","2","24","06/10/1997","1","02","5","2","6","01","7","2","3","1","001400",1,"1",7540,15195
"00","1021","1","11A206","11","40471","1","1","0","01","-","1","1","1","56","06/05/1965","1","03","1","2","5","01","7","2","3","1","001200",1,,7540,0
"00","1021","1","11A206","11","40471","1","1","0","05","-","1","5","2","07","21/04/2014","2","02","1","1",,,,,,,,1,,7540,0
"00","1021","1","11A206","11","40471","1","1","0","06","-","1","5","1","03","15/06/2018",,,,,,,,,,,,1,,7540,0
"00","1021","1","11A206","11","40471","1","1","0","04","-","1","3","2","27","19/08/1994","1","03","3","2","6","01","7","2","3","1","999999",1,"1",7540,30390
"00","1021","1","11A206","11","40471","1","1","0","03","-","1","3","2","30","18/02/1991","1","04","3","2","6","01","3","2","3","1","999999",1,,7540,0
"00","1021","1","11A206","11","40471","1","1","0","02","-","1","2","2","53","13/11/1967","1","03","3","2","5","01","4","4","2","1","999999",1,,7540,0
"00","1021","1","11A206","11","40471","4","1","0","05","-","1","3","2","10","06/12/2010","1","02","5","1",,,,,,,,1,,7540,0
"00","1021","1","11A206","11","40471","4","1","0","02","-","1","2","2","41","16/07/1980","1","02","6","2","5","07",,,,,,1,,7540,0
"00","1021","1","11A206","11","40471","2","1","0","05","-","1","3","1","11","01/03/2010","1","02","5","1",,,,,,,,1,,7540,0
"00","1021","1","11A206","11","40471","2","1","0","02","-","1","2","2","33","13/01/1988","1","02","6","2","5","01","4","4","3","1","000600",1,"1",7540,15195
"00","1021","1","11A206","11","40471","2","1","0","04","-","1","3","1","13","19/01/2008","1","03","1","1","6","06",,,,,,1,,7540,0
"00","1021","1","11A206","11","40471","2","1","0","01","-","1","1","1","35","06/01/1986","1","03","3","2","5","01","3","2","3","1","002500",1,,7540,0
"00","1021","1","11A206","11","40471","3","1","0","01","-","1","1","2","43","21/07/1978","1","03","3","2","4","07",,,,,,1,,7540,0
"00","1021","1","11A206","11","40471","2","1","0","03","-","1","3","1","16","14/05/2005","1","03","3","1","6","06",,,,,,1,,7540,0
"00","1021","1","11A206","11","40471","3","1","0","03","-","1","3","2","16","24/03/2005","1","03","3","2","6","01","7","2","3","1","001400",1,,7540,0
"00","1021","1","11A206","11","40471","3","1","0","04","-","1","5","1","01","12/09/2020",,,,,,,,,,,,1,,7540,0
"00","1021","1","11A206","11","40471","4","1","0","01","-","1","1","1","41","31/01/1980","1","04","3","2","5","01","7","2","3","1","002500",1,,7540,0
"00","1021","1","11A206","11","40471","4","1","0","03","-","1","3","2","19","12/11/2001","1","04","3","2","6","01","7","2","3","1","002000",1,"1",7540,22792
"00","1021","1","11A206","11","40471","4","1","0","04","-","1","3","2","16","05/10/2005","1","04","1","1","6","06",,,,,,1,,7540,0
"00","1021","5","12B192","11","40480","4","1","1","02","-","1","6","2","26","07/06/1995","1","07","4","2","6","01","3","2","3","1","001300",1,"1",11854,24003
"00","1021","5","12B192","11","40480","4","1","1","01","-","1","1","2","32","22/07/1989","1","07","4","2","6","01","1","2","3","1","002000",1,,11854,0
"00","1021","5","12B192","11","40480","2","1","0","04","-","1","3","1","11","14/11/2009","1","02","5","1",,,,,,,,1,,11854,0
"00","1021","5","12B192","11","40480","2","1","0","01","-","1","1","1","46","06/10/1975","1","03","3","2","5","01","7","2","2","1","002000",1,,11854,0
"00","1021","5","12B192","11","40480","1","1","0","01","-","1","1","2","70","11/04/1951","1","02","6","2","4","07",,,,,,1,,11854,0
"00","1021","5","12B192","11","40480","2","1","0","02","-","1","2","2","45","15/02/1976","1","04","2","2","5","01","5","5","3","1","001500",1,"1",11854,24003
"00","1021","5","12B192","11","40480","1","1","0","03","-","1","3","2","30","30/09/1991","1","07","4","2","6","01","2","7","3","2","999999",1,"1",11854,36004
"00","1021","5","12B192","11","40480","1","1","0","02","-","1","3","1","35","23/02/1986","1","07","4","2","6","01","1","2","3","3","999999",1,,11854,0
"00","1021","5","12B192","11","40480","2","1","0","03","-","2",,,,,,,,,,,,,,,,1,,0,0
"00","1021","5","11B192","11","40518","1","1","0","02","-","1","2","2","45","12/11/1975","1","03","3","2","5","07",,,,,,1,,6557,0
"00","1021","5","11B192","11","40518","4","1","0","05","-","1","3","2","18","15/10/2002","1","03","3","2","6","01","7","2","3","1","001200",1,"1",6557,13215
"00","1021","5","11B192","11","40518","1","1","0","03","-","1","3","2","20","27/12/2000","1","04","3","1","6","06",,,,,,1,"1",6557,33037
"00","1021","5","11B192","11","40518","1","1","0","04","-","1","3","1","18","02/05/2003","1","04","2","2","6","01","7","2","3","1","999999",1,,6557,0
"00","1021","5","11B192","11","40518","1","1","0","06","-","3","5","1","00","16/07/2021",,,,,,,,,,,,1,,6557,0
"00","1021","5","11B192","11","40518","1","1","0","05","-","3","5","2","19","16/04/2002","1","04","3","2","1","07",,,,,,1,,6557,0
"00","1021","5","11B192","11","40518","2","1","0","06","-","1","5","1","09","18/08/2012","1","02","2","1",,,,,,,,1,,6557,0
"00","1021","5","11B192","11","40518","2","1","0","05","-","1","3","2","27","19/04/1994","1","07","4","2","6","01","1","5","3","1","999999",1,,6557,0
"00","1021","5","11B192","11","40518","2","1","0","02","-","1","2","2","67","07/02/1954","1","02","3","2","5","01","5","5","2","1","002000",1,,6557,0
"00","1021","5","11B192","11","40518","2","1","0","03","-","1","3","1","46","30/04/1975","1","04","2","2","6","01","5","5","3","1","000500",1,"1",6557,33037
"00","1021","5","11B192","11","40518","2","1","0","01","-","1","1","1","73","28/11/1947","1","02","6","2","5","08",,,,,,1,,6557,0
"00","1021","5","11B192","11","40518","2","1","0","04","-","1","3","2","44","29/08/1977","1","07","4","2","2","01","3","7","3","2","999999",1,,6557,0
"00","1021","5","11B192","11","40518","3","1","0","03","-","1","3","2","53","05/08/1968","1","02","6","2","6","01","5","5","3","1","000800",1,,6557,0
"00","1021","5","11B192","11","40518","3","1","0","01","-","1","1","1","93","05/04/1928","2","00",,"2","4","10",,,,,,1,,6557,0
"00","1021","5","11B192","11","40518","3","1","0","02","-","1","3","2","63","17/10/1957","1","02","6","2","6","01","4","4","2","1","000500",1,"1",6557,19822
"00","1021","5","11B192","11","40518","4","1","0","02","-","2",,,,,,,,,,,,,,,,1,,0,0
"00","1021","5","11B192","11","40518","4","1","0","03","-","2",,,,,,,,,,,,,,,,1,,0,0
"00","1021","5","11B192","11","40518","4","1","0","04","-","2",,,,,,,,,,,,,,,,1,,0,0
"00","1021","5","11B192","11","40518","4","1","0","01","-","1","1","1","49","13/04/1972","1","03","3","2","4","08",,,,,,1,,6557,0
"00","1021","5","11B192","11","40518","1","1","0","01","-","1","1","1","48","25/05/1973","1","02","5","2","5","01","7","2","1","1","999999",1,,6557,0
"00","1021","4","13A203","11","40593","4","1","0","01","-","1","1","2","61","27/12/1959","1","08","2","2","3","08",,,,,,1,"1",11472,23148
"00","1021","4","13A203","11","40593","4","1","0","02","-","1","3","1","31","27/06/1990","1","07","2","2","6","01","1","2","3","3","999999",1,,11472,0
"00","1021","4","13A203","11","40593","3","1","0","01","-","1","1","1","34","19/06/1987","1","04","3","2","6","01","3","5","5","3","010000",1,"1",11472,11574
"00","1021","4","13A203","11","40593","1","1","0","05","-","1","3","2","13","24/12/2007","1","03","1","1","6","06",,,,,,1,,11472,0
"00","1021","4","13A203","11","40593","1","1","0","03","-","1","3","2","20","03/03/2001","1","07","1","1","6","06",,,,,,1,,11472,0
"00","1021","4","13A203","11","40593","1","1","0","02","-","1","2","2","40","02/12/1980","2","04","3","2","1","07",,,,,,1,,11472,0
"00","1021","4","13A203","11","40593","1","1","0","04","-","1","3","2","16","04/04/2005","1","04","1","1","6","06",,,,,,1,,11472,0
"00","1021","4","13A203","11","40593","1","1","0","01","-","1","1","1","48","22/11/1972","1","07","4","2","1","01","4","4","2","1","999999",1,"1",11472,34723
"00","1021","4","11A203","11","40594","2","1","0","01","-","1","1","2","75","23/02/1946","2","02","2","2","4","07",,,,,,1,"1",7159,7214
"00","1021","3","11A203","11","40594","2","1","0","05","-","2",,,,,,,,,,,,,,,,1,,0,0
"00","1021","3","11A203","11","40594","2","1","0","04","-","2",,,,,,,,,,,,,,,,1,,0,0
"00","1021","4","11A203","11","40594","1","1","1","03","-","1","3","2","05","21/02/2016","2","01","2","1",,,,,,,,1,,7159,0
"00","1021","4","11A203","11","40594","1","1","1","02","-","1","2","2","26","04/08/1995","1","02","3","2","5","07",,,,,,1,,7159,0
"00","1021","3","11A203","11","40594","2","1","0","03","-","2",,,,,,,,,,,,,,,,1,,0,0
"00","1021","4","11A203","11","40594","1","1","1","01","-","1","1","1","27","14/11/1993","1","03","3","2","5","01","7","2","3","1","002500",1,"1",7159,14428
"00","1021","2","11A203","11","40594","3","1","0","02","-","2",,,,,,,,,,,,,,,,1,,0,0
"00","1021","4","11A203","11","40594","3","1","0","01","-","1","1","2","89","19/12/1931","2","99",,"2","4","07",,,,,,1,"1",7159,7214
"00","1021","2","11A203","11","40594","2","1","0","02","-","2",,,,,,,,,,,,,,,,1,,0,0
"00","1021","4","11A203","11","40594","1","1","1","04","-","1","3","2","03","09/06/2018",,,,,,,,,,,,1,,7159,0
"00","1021","4","12A203","11","40598","1","1","0","02","-","1","3","2","62","05/06/1959","1","06","2","2","6","07",,,,,,1,"1",6129,24823
"00","1021","4","12A203","11","40598","1","1","0","04","-","1","3","2","49","21/03/1972","1","07","4","2","6","01","5","5","3","2","003000",1,,6129,0
"00","1021","4","12A203","11","40598","1","1","0","03","-","1","3","2","44","04/03/1977","1","07","4","2","6","01","3","5","3","1","002000",1,,6129,0
"00","1021","4","12A203","11","40598","2","1","0","02","-","1","2","2","65","17/02/1956","1","03","3","2","5","07",,,,,,1,,6129,0
"00","1021","4","12A203","11","40598","2","1","0","01","-","1","1","1","74","27/09/1947","1","02","4","2","5","01","4","4","3","1","001000",1,"1",6129,12411
"00","1021","4","12A203","11","40598","3","1","0","03","-","1","3","2","05","20/11/2015","2","01","3","1",,,,,,,,1,,6129,0
"00","1021","4","12A203","11","40598","3","1","0","01","-","1","1","1","31","28/03/1990","1","07","4","2","5","01","4","4","1","3","020000",1,"1",6129,12411
"00","1021","4","12A203","11","40598","4","1","0","02","-","1","3","2","37","16/10/1983","1","07","5","2","6","01","1","5","3","2","006000",1,"1",6129,12411
"00","1021","4","12A203","11","40598","4","1","0","01","-","1","1","1","66","22/05/1955","1","07","5","2","5","01","1","5","2","3","015000",1,,6129,0
"00","1021","4","12A203","11","40598","3","1","0","05","-","1","3","2","02","24/04/2019",,,,,,,,,,,,1,,6129,0
"00","1021","4","12A203","11","40598","1","1","0","01","-","1","1","1","91","11/12/1929","1","02","3","2","4","08",,,,,,1,,6129,0
"00","1021","4","12A203","11","40598","3","1","0","02","-","1","2","2","32","01/12/1988","1","04","3","2","5","07",,,,,,1,,6129,0
"00","1021","4","12A203","11","40598","3","1","0","04","-","1","3","2","04","14/11/2016",,,,,,,,,,,,1,,6129,0
"00","1021","3","12A204","12","40003","4","1","0","01","-","1","1","1","51","29/06/1970","1","07","2","2","6","01","4","5","5","2","009000",1,"1",10134,10261
"00","1021","3","12A204","12","40003","3","1","0","01","-","1","1","1","68","01/10/1953","1","07","3","2","1","01","5","5","4","1","001500",1,,10134,0
"00","1021","3","12A204","12","40003","3","1","0","02","-","1","2","2","58","05/01/1963","1","04","3","2","1","01","5","5","3","1","001000",1,"1",10134,20522
"00","1021","3","12A204","12","40003","2","1","0","01","-","1","1","1","59","17/01/1962","1","04","3","2","1","01","4","4","2","1","002000",1,"1",10134,20522
"00","1021","3","12A204","12","40003","2","1","0","02","-","1","2","2","62","08/05/1959","1","02","2","2","1","08",,,,,,1,,10134,0
"00","1021","6","12B191","12","40072","2","1","0","02","-","1","2","2","70","22/06/1951","1","04","3","2","5","08",,,,,,1,,5706,0
"00","1021","6","12B191","12","40072","2","1","0","01","-","1","1","1","73","03/09/1948","1","07","5","2","5","08",,,,,,1,"1",5706,11555
"00","1021","6","11B191","12","40107","2","1","0","02","-","1","4","2","83","05/06/1938","2","00",,"2","4","07",,,,,,1,,6880,0
"00","1021","6","11B191","12","40107","2","1","0","05","-","1","3","1","12","03/12/2008","1","02","6","1","6","06",,,,,,1,,6880,0
"00","1021","6","11B191","12","40107","2","1","0","04","-","1","3","1","12","03/12/2008","1","02","6","1","6","06",,,,,,1,,6880,0
"00","1021","6","11B191","12","40107","2","1","0","03","-","1","3","2","16","20/03/2005","1","03","3","1","6","06",,,,,,1,,6880,0
"00","1021","6","11B191","12","40107","1","1","0","01","-","1","1","1","50","16/12/1970","1","03","3","2","5","01","5","3","4","1","001800",1,,6880,0
"00","1021","6","11B191","12","40107","1","1","0","02","-","1","2","2","62","04/09/1959","1","02","6","2","5","07",,,,,,1,"1",6880,13864
"00","1021","6","11B191","12","40107","2","1","0","01","-","1","1","2","41","23/01/1980","1","06","3","2","4","01","1","5","3","2","003500",1,"1",6880,13864
"00","1021","2","11B191","12","40107","4","1","0","03","-","2",,,,,,,,,,,,,,,,1,,0,0
"00","1021","6","11B191","12","40107","4","1","0","04","-","1","3","1","48","11/11/1972","1","03","3","2","2","01","5","5","3","1","001500",1,,6880,0
"00","1021","6","11B191","12","40107","4","1","0","02","-","1","3","2","53","11/11/1967","1","02","2","2","6","01","5","5","3","1","001000",1,"1",6880,20796
"00","1021","6","11B191","12","40107","4","1","0","01","-","1","1","2","77","03/03/1944","1","02","3","2","4","07",,,,,,1,,6880,0
"00","1021","3","11A204","12","40129","2","1","0","02","-","1","3","1","48","03/08/1973","2","00",,"2","6","09",,,,,,1,,6333,0
"00","1021","3","11A204","12","40129","2","1","0","01","-","1","1","1","82","31/03/1939","1","02","4","2","4","08",,,,,,1,"1",6333,12763
"00","1021","3","11A204","12","40129","3","1","0","02","-","1","2","2","60","28/06/1961","1","03","3","2","5","07",,,,,,1,,6333,0
"00","1021","3","11A204","12","40129","3","1","0","01","-","1","1","1","65","26/01/1956","1","02","6","2","5","01","4","4","2","1","001000",1,"1",6333,12763
"00","1021","3","11A204","12","40129","1","1","0","04","-","1","5","2","01","10/03/2020",,,,,,,,,,,,1,,6333,0
"00","1021","3","11A204","12","40129","1","1","0","02","-","1","3","1","17","15/11/2003","1","04","3","1","6","06",,,,,,1,,6333,0
"00","1021","3","11A204","12","40129","1","1","0","03","-","1","3","2","24","04/10/1997","1","04","3","2","1","07",,,,,,1,,6333,0
"00","1021","3","11A204","12","40129","4","1","0","01","-","1","1","1","62","28/09/1959","1","07","5","2","3","01","4","4","2","1","004000",1,"1",6333,6381
"00","1021","3","11A204","12","40129","1","1","0","01","-","1","1","2","46","30/01/1975","1","02","6","2","4","01","7","2","3","1","000900",1,"1",6333,12763
"00","1021","8","13A197","12","40133","4","1","0","07","-","1","7","1","36","15/06/1985","1","02","6","2","6","01","5","3","3","1","001000",1,,16706,0
"00","1021","5","13A197","12","40133","4","1","0","06","-","2",,,,,,,,,,,,,,,,1,,0,0
"00","1021","8","13A197","12","40133","1","1","0","01","-","1","1","1","90","15/06/1931","2","00",,"2","2","07",,,,,,1,"1",16706,16706
"00","1021","8","13A197","12","40133","2","1","0","01","-","1","1","1","52","11/10/1968","1","03","2","2","2","01","5","5","3","1","000900",1,"1",16706,16706
"00","1021","8","13A197","12","40133","3","1","0","02","-","1","2","2","46","28/09/1975","1","02","3","2","5","07",,,,,,1,,16706,0
"00","1021","8","13A197","12","40133","3","1","0","03","-","1","6","1","95","21/12/1925","2","00",,"2","4","08",,,,,,1,,16706,0
"00","1021","8","13A197","12","40133","3","1","0","01","-","1","1","1","82","20/12/1938","2","00",,"2","5","07",,,,,,1,"1",16706,50118
"00","1021","8","13A197","12","40133","4","1","0","03","-","1","3","2","21","13/07/2000","1","04","3","1","6","06",,,,,,1,,16706,0
"00","1021","8","13A197","12","40133","4","1","0","01","-","1","1","1","42","12/10/1978","1","02","4","2","5","01","5","4","3","1","001300",1,,16706,0
"00","1021","8","13A197","12","40133","4","1","0","05","-","1","3","2","20","13/07/2001","1","07","1","1","6","06",,,,,,1,,16706,0
"00","1021","8","13A197","12","40133","4","1","0","02","-","1","2","2","39","06/01/1982","1","02","6","2","5","07",,,,,,1,"1",16706,100236
"00","1021","8","13A197","12","40133","4","1","0","04","-","1","3","1","18","13/07/2003","1","04","2","1","6","06",,,,,,1,,16706,0
"00","1021","2","11A205","12","40226","4","1","0","02","-","1","2","2","57","27/06/1964","2","00",,"2","5","07",,,,,,1,,18045,0
"00","1021","2","11A205","12","40226","1","1","0","02","-","1","2","2","62","09/03/1959","1","02","2","2","5","07",,,,,,1,,18045,0
"00","1021","2","11A205","12","40226","2","1","0","01","-","1","1","2","62","20/11/1958","2","00",,"2","2","07",,,,,,1,"1",18045,18045
"00","1021","2","11A205","12","40226","3","1","0","02","-","1","2","2","36","03/08/1985","1","04","3","2","1","01","5","5","5","1","003500",1,,18045,0
"00","1021","2","11A205","12","40226","3","1","0","01","-","1","1","1","38","13/03/1983","1","07","5","2","1","01","5","5","5","1","005000",1,"1",18045,36090
"00","1021","2","11A205","12","40226","3","1","0","03","-","1","3","2","16","20/11/2004","1","04","1","1","6","06",,,,,,1,,18045,0
"00","1021","2","11A205","12","40226","3","1","0","04","-","1","3","1","13","20/05/2008","1","03","1","1","6","06",,,,,,1,,18045,0
"00","1021","2","11A205","12","40226","4","1","0","03","-","1","5","1","18","13/04/2003","1","04","3","1","6","06",,,,,,1,,18045,0
"00","1021","2","11A205","12","40226","1","1","0","01","-","1","1","1","64","20/02/1957","2","00",,"2","5","01","5","3","3","1","001300",1,"1",18045,36090
"00","1021","2","11A205","12","40226","4","1","0","01","-","1","1","1","58","31/12/1962","1","02","6","2","5","01","5","3","3","1","001500",1,"1",18045,54135
"00","1021","2","11A205","12","40260","2","1","0","01","-","1","1","1","19","30/08/2002","1","07","1","1","6","06",,,,,,1,"1",5228,5268
"00","1021","2","11A205","12","40260","3","1","0","04","-","1","3","2","15","08/02/2006","1","03","3","1","6","06",,,,,,1,,5228,0
"00","1021","2","11A205","12","40260","3","1","0","03","-","1","6","1","53","09/12/1967","1","04","3","2","5","01","5","5","4","1","001700",1,,5228,0
"00","1021","2","11A205","12","40260","3","1","0","01","-","2",,,,,,,,,,,,,,,,1,,0,0
"00","1021","2","11A205","12","40260","3","1","0","02","-","1","4","2","81","14/11/1939","1","02","6","2","3","07",,,,,,1,"1",5228,10536
"00","1021","2","11A205","12","40260","4","1","0","01","-","1","1","2","88","11/10/1932","1","00",,"2","4","09",,,,,,1,,5228,0
"00","1021","2","11A205","12","40260","4","1","0","02","-","1","3","2","62","30/09/1959","1","07","5","2","6","08",,,,,,1,"1",5228,10536
"00","1021","5","13B192","12","40268","4","1","0","04","-","1","3","2","22","15/12/1998","1","07","2","1","6","06",,,,,,1,,16551,0
"00","1021","5","13B192","12","40268","4","1","0","02","-","1","2","1","53","30/01/1968","1","02","6","2","5","01","5","3","3","1","001500",1,,16551,0
"00","1021","5","13B192","12","40268","4","1","0","01","-","1","1","2","51","04/06/1970","1","03","3","2","5","01","5","5","3","2","003200",1,"1",16551,66204
"00","1021","5","13B192","12","40268","3","1","0","02","-","1","3","2","15","30/08/2006","1","03","2","1","6","06",,,,,,1,,16551,0
"00","1021","5","13B192","12","40268","3","1","0","01","-","1","1","2","25","24/06/1996","1","03","3","2","2","07",,,,,,1,"1",16551,16551
"00","1021","5","13B192","12","40268","2","1","0","06","-","3","5","1","14","19/05/2007","1","02","6","1","6","06",,,,,,1,,16551,0
"00","1021","5","13B192","12","40268","2","1","0","08","-","3","5","2","15","12/10/2005","1","02","5","2","6","07",,,,,,1,,16551,0
"00","1021","5","13B192","12","40268","2","1","0","07","-","3","5","1","13","29/06/2008","1","02","6","1","6","06",,,,,,1,,16551,0
"00","1021","5","13B192","12","40268","2","1","0","05","-","1","5","1","08","12/06/2013","1","02","1","1",,,,,,,,1,,16551,0
"00","1021","5","13B192","12","40268","2","1","0","04","-","1","5","1","10","24/08/2011","1","02","2","1",,,,,,,,1,,16551,0
"00","1021","5","13B192","12","40268","2","1","0","01","-","1","1","2","53","09/02/1968","1","03","3","2","2","01","5","5","4","1","000900",1,"1",16551,33102
"00","1021","5","13B192","12","40268","2","1","0","03","-","1","5","1","14","17/09/2007","1","02","4","1","6","06",,,,,,1,,16551,0
"00","1021","5","13B192","12","40268","2","1","0","02","-","1","3","1","22","06/01/1999","1","03","2","2","6","04",,,,,,1,,16551,0
"00","1021","5","13B192","12","40268","1","1","0","02","-","1","2","1","33","30/09/1988","1","02","6","2","5","03","6","1","2","1","001500",1,"1",16551,33102
"00","1021","5","13B192","12","40268","1","1","0","03","-","1","3","2","04","11/10/2016",,,,,,,,,,,,1,,16551,0
"00","1021","5","13B192","12","40268","1","1","0","01","-","1","1","2","23","07/01/1998","1","02","6","2","5","07",,,,,,1,,16551,0
"00","1021","5","13B192","12","40268","4","1","0","03","-","1","3","1","26","20/01/1995","1","07","5","2","6","01","1","5","2","2","006500",1,,16551,0
"00","1021","5","13B192","12","40268","1","1","0","04","-","1","3","2","03","18/09/2018",,,,,,,,,,,,1,,16551,0
"00","1021","4","11A203","12","40321","4","1","0","01","-","1","1","2","31","09/10/1990","1","06","3","2","6","04",,,,,,1,"1",6502,6552
"00","1021","4","11A203","12","40321","4","1","0","02","-","1","3","2","09","10/03/2012","1","02","3","1",,,,,,,,1,,6502,0
"00","1021","4","11A203","12","40321","4","1","0","03","-","1","3","2","03","05/12/2017",,,,,,,,,,,,1,,6502,0
"00","1021","4","11A203","12","40321","3","1","0","02","-","1","2","2","63","11/05/1958","2","07","5","2","5","07",,,,,,1,"1",6502,13104
"00","1021","4","11A203","12","40321","3","1","0","01","-","1","1","1","69","02/03/1952","1","07","5","2","5","08",,,,,,1,,6502,0
"00","1021","4","11A203","12","40321","2","1","0","01","-","1","1","1","78","25/06/1943","1","06","2","2","3","07",,,,,,1,"1",6502,6552
"00","1021","4","11A203","12","40321","1","1","0","01","-","1","1","2","48","25/06/1973","1","07","5","2","6","03","1","5","4","2","004500",1,"1",6502,13104
"00","1021","4","11A203","12","40321","1","1","0","02","-","1","3","2","19","20/11/2001","1","07","2","1","6","06",,,,,,1,,6502,0
"00","1021","7","11A198","12","40392","1","1","0","01","-","1","1","1","33","10/05/1988","1","04","3","2","5","01","4","4","2","1","001800",1,,6980,0
"00","1021","5","11A198","12","40392","4","1","0","02","-","2",,,,,,,,,,,,,,,,1,,0,0
"00","1021","7","11A198","12","40392","4","1","0","01","-","1","1","2","64","03/08/1957","1","06","3","2","6","01","1","5","3","2","009000",1,"1",6980,7033
"00","1021","7","11A198","12","40392","3","1","0","02","-","1","4","2","75","09/04/1946","2","00",,"2","4","07",,,,,,1,"1",6980,14067
"00","1021","7","11A198","12","40392","3","1","0","01","-","1","1","2","57","18/06/1964","1","06","3","2","6","01","7","2","2","1","000750",1,,6980,0
"00","1021","7","11A198","12","40392","2","1","0","04","-","1","5","2","01","27/03/2020",,,,,,,,,,,,1,,6980,0
"00","1021","7","11A198","12","40392","2","1","0","03","-","1","5","1","05","28/04/2016","2","01","1","1",,,,,,,,1,,6980,0
"00","1021","7","11A198","12","40392","2","1","0","01","-","1","1","2","41","07/08/1980","1","03","2","2","6","01","5","5","2","1","001000",1,"1",6980,7033
"00","1021","7","11A198","12","40392","2","1","0","02","-","1","3","1","16","28/04/2005","1","03","3","1","6","06",,,,,,1,,6980,0
"00","1021","7","11A198","12","40392","1","1","0","02","-","1","2","2","32","07/08/1989","1","07","1","2","5","01","3","5","3","2","005000",1,"1",6980,14067
"00","1021","1","11A206","12","40393","3","1","0","02","-","1","7","1","50","21/06/1971","1","04","3","2","4","04",,,,,,1,"1",5055,10188
"00","1021","1","11A206","12","40393","1","1","0","01","-","1","1","1","60","17/12/1960","1","07","4","2","5","01","4","4","1","1","000600",1,,5055,0
"00","1021","1","11A206","12","40393","1","1","0","02","-","1","2","2","59","15/01/1962","1","04","3","1","5","06",,,,,,1,"1",5055,10188
"00","1021","1","11A206","12","40393","2","1","0","02","-","1","2","1","56","07/10/1965","1","04","1","2","5","01","6","1","2","1","001500",1,,5055,0
"00","1021","1","11A206","12","40393","2","1","0","01","-","1","1","2","53","25/09/1968","1","07","4","2","5","01","1","5","3","2","012000",1,"1",5055,10188
"00","1021","1","11A206","12","40393","2","1","0","03","-","1","3","2","11","23/11/2009","1","02","6","1",,,,,,,,1,,5055,0
"00","1021","8","12A197","12","40393","4","1","0","01","-","1","1","2","63","17/07/1958","1","02","6","2","2","07",,,,,,1,"1",5962,6008
"00","1021","8","12A197","12","40393","1","1","0","01","-","1","1","2","86","17/07/1935","1","02","2","2","2","07",,,,,,1,,5962,0
"00","1021","8","12A197","12","40393","1","1","0","02","-","1","3","1","52","17/07/1969","1","07","5","2","6","01","1","5","2","1","002000",1,"1",5962,12015
"00","1021","8","12A197","12","40393","3","1","0","01","-","1","1","2","70","11/09/1951","1","03","3","2","6","08",,,,,,1,"1",5962,6008
"00","1021","1","11A206","12","40393","4","1","0","01","-","1","1","1","41","07/10/1980","1","07","4","2","2","01","5","2","2","1","004000",1,"1",5055,5094
"00","1021","1","11A206","12","40393","4","1","0","02","-","1","3","1","16","06/10/2005","1","04","1","1","6","06",,,,,,1,,5055,0
"00","1021","8","12A197","12","40393","2","1","1","01","-","1","1","1","47","28/01/1974","1","04","3","2","6","01","5","5","3","1","001400",1,"1",5962,6008
"00","1021","1","11A206","12","40393","3","1","0","01","-","1","1","2","62","23/06/1959","1","02","6","2","4","07",,,,,,1,,5055,0
"00","1021","7","12A198","13","40045","1","1","0","02","-","1","6","2","26","28/04/1995","1","07","4","2","6","01","2","7","3","2","009999",1,,22041,0
"00","1021","7","12A198","13","40045","1","1","0","03","-","1","6","2","19","04/02/2002","1","04","3","1","6","06",,,,,,1,"1",22041,66712
"00","1021","7","12A198","13","40045","1","1","0","01","-","1","1","2","30","13/03/1991","1","07","4","2","6","01","2","7","3","2","009999",1,,22041,0
"00","1021","7","12A198","13","40045","4","1","0","01","-","1","1","1","35","20/03/1986","1","07","4","2","1","01","1","5","3","2","013000",1,,22041,0
"00","1021","7","12A198","13","40045","4","1","0","04","-","1","3","1","08","08/12/2012","1","02","2","1",,,,,,,,1,,22041,0
"00","1021","7","12A198","13","40045","4","1","0","02","-","1","2","2","36","18/12/1984","1","08","2","2","5","01","1","5","3","2","013000",1,"1",22041,44474
"00","1021","7","12A198","13","40045","4","1","0","03","-","1","3","2","16","19/02/2005","1","03","3","1","6","06",,,,,,1,,22041,0
"00","1021","3","13A204","13","40071","3","1","0","04","-","1","3","2","12","18/12/2008","1","03","1","1","6","06",,,,,,1,,18485,0
"00","1021","3","13A204","13","40071","3","1","0","05","-","3","3","2","00","01/08/2021",,,,,,,,,,,,1,,18485,0
"00","1021","3","13A204","13","40071","3","1","0","01","-","1","1","1","32","26/04/1989","1","07","4","2","1","01","1","5","2","3","009999",1,"1",18485,37298
"00","1021","3","13A204","13","40071","3","1","0","02","-","1","2","2","39","02/07/1982","1","07","4","2","1","07",,,,,,1,,18485,0
"00","1021","3","13A204","13","40071","3","1","0","03","-","1","3","1","16","23/12/2004","1","04","2","1","6","06",,,,,,1,,18485,0
"00","1021","7","13A198","13","40073","4","1","0","01","-","1","1","1","29","12/02/1992","1","07","4","2","5","01","9","5","3","1","009999",1,,7551,0
"00","1021","7","13A198","13","40073","4","1","0","04","-","1","3","2","02","03/08/2019",,,,,,,,,,,,1,,7551,0
"00","1021","7","13A198","13","40073","4","1","0","02","-","1","2","2","26","12/10/1994","1","07","4","2","5","07",,,,,,1,"1",7551,15291
"00","1021","7","13A198","13","40073","2","1","0","01","-","1","1","2","70","20/03/1951","1","05","3","2","2","08",,,,,,1,"1",7551,7645
"00","1021","5","13A198","13","40073","2","1","0","02","-","2",,,,,,,,,,,,,,,,1,,0,0
"00","1021","7","13A198","13","40073","1","1","0","01","-","1","1","1","68","08/10/1952","1","03","3","2","5","08",,,,,,1,"1",7551,15291
"00","1021","7","13A198","13","40073","4","1","0","03","-","1","3","2","05","15/12/2015","1","01","3","1",,,,,,,,1,,7551,0
"00","1021","5","13A198","13","40073","3","1","0","01","-","2",,,,,,,,,,,,,,,,1,,0,0
"00","1021","6","13A198","13","40073","1","1","0","03","-","2",,,,,,,,,,,,,,,,1,,0,0
"00","1021","7","13A198","13","40073","1","1","0","02","-","1","2","2","63","20/12/1957","1","06","2","2","5","07",,,,,,1,,7551,0
"00","1021","7","13A198","13","40073","3","1","0","02","-","1","2","1","70","30/03/1951","1","06","3","2","5","01","4","4","2","1","000400",1,"1",7551,7645
"00","1021","8","11A197","13","40100","1","1","0","06","-","1","3","1","09","30/09/2012","1","02","2","1",,,,,,,,1,,6179,0
"00","1021","5","11A197","13","40100","1","1","0","03","-","2",,,,,,,,,,,,,,,,1,,0,0
"00","1021","8","11A197","13","40100","4","1","0","03","-","1","3","2","18","16/05/2003","1","04","1","1","6","06",,,,,,1,,6179,0
"00","1021","8","11A197","13","40100","4","1","0","04","-","1","3","1","09","23/05/2012","1","02","2","1",,,,,,,,1,,6179,0
"00","1021","8","11A197","13","40100","4","1","0","01","-","1","1","1","42","24/01/1979","1","03","1","2","5","01","4","4","2","1","009999",1,"1",6179,18680
"00","1021","8","11A197","13","40100","4","1","0","02","-","1","2","2","36","24/03/1985","1","02","6","2","5","01","4","4","3","1","009999",1,,6179,0
"00","1021","8","11A197","13","40100","1","1","0","01","-","1","1","1","42","20/09/1979","1","03","2","2","5","01","5","6","3","1","009999",1,,6179,0
"00","1021","8","11A197","13","40100","1","1","0","04","-","1","3","2","18","04/07/2003","1","04","2","2","6","01","5","5","3","1","001700",1,"1",6179,18680
"00","1021","8","11A197","13","40100","1","1","0","02","-","1","2","2","39","16/02/1982","1","04","1","2","5","07",,,,,,1,,6179,0
"00","1021","8","11A197","13","40100","1","1","0","05","-","1","3","2","16","13/01/2005","1","03","3","1","6","06",,,,,,1,,6179,0
"00","1021","6","12B191","13","40174","1","1","1","01","-","1","1","2","28","13/12/1992","1","07","3","2","1","01","5","5","2","1","009999",1,,12153,0
"00","1021","6","12B191","13","40174","1","1","1","02","-","1","2","1","28","18/03/1993","1","07","3","2","1","01","4","4","2","1","009999",1,"1",12153,24522
"00","1021","6","12B191","13","40174","3","1","0","03","-","1","3","2","26","20/03/1995","1","07","4","2","6","01","1","5","3","2","009999",1,"1",12153,49043
"00","1021","6","12B191","13","40174","3","1","0","04","-","1","3","2","21","24/03/2000","1","07","2","1","6","06",,,,,,1,,12153,0
"00","1021","6","12B191","13","40174","4","1","0","01","-","1","1","1","74","16/05/1947","1","07","4","2","1","08",,,,,,1,,12153,0
"00","1021","6","12B191","13","40174","3","1","0","02","-","1","2","2","53","01/08/1968","1","07","4","2","5","07",,,,,,1,,12153,0
"00","1021","6","12B191","13","40174","4","1","0","03","-","1","3","1","25","24/06/1996","1","07","3","1","6","06",,,,,,1,,12153,0
"00","1021","6","12B191","13","40174","4","1","0","02","-","1","2","2","48","18/09/1973","1","07","4","2","1","01","1","5","3","2","009999",1,"1",12153,36782
"00","1021","6","12B191","13","40174","3","1","0","01","-","1","1","1","54","02/09/1967","1","07","5","2","5","01","1","5","2","3","009999",1,,12153,0
"00","1021","2","12A205","13","40259","1","1","0","03","-","1","7","2","40","12/11/1980","1","06","3","2","6","01","7","2","3","1","001400",1,"1",7533,22881
"00","1021","2","12A205","13","40259","1","1","0","02","-","1","6","2","72","03/01/1949","1","03","3","2","4","07",,,,,,1,,7533,0
"00","1021","2","12A205","13","40259","4","1","0","03","-","1","3","1","19","06/04/2002","1","04","3","1","6","06",,,,,,1,,7533,0
"00","1021","2","12A205","13","40259","4","1","0","01","-","1","1","1","50","06/07/1971","1","03","3","2","1","01","4","4","2","1","009999",1,,7533,0
"00","1021","2","12A205","13","40259","4","1","0","05","-","1","3","1","11","21/05/2010","1","02","5","1",,,,,,,,1,,7533,0
"00","1021","2","12A205","13","40259","4","1","0","04","-","1","3","2","16","12/11/2004","1","04","2","1","6","06",,,,,,1,,7533,0
"00","1021","2","12A205","13","40259","1","1","0","01","-","1","1","1","74","06/11/1946","1","06","4","2","6","01","1","5","2","1","001500",1,,7533,0
"00","1021","2","12A205","13","40259","3","1","0","02","-","1","2","2","41","31/10/1979","1","07","4","2","5","07",,,,,,1,"1",7533,15254
"00","1021","2","12A205","13","40259","3","1","0","01","-","1","1","1","45","07/02/1976","1","07","4","2","5","01","9","9","3","2","009999",1,,7533,0
"00","1021","2","12A205","13","40259","3","1","0","03","-","1","3","1","17","26/12/2003","1","04","3","1","6","06",,,,,,1,,7533,0
"00","1021","2","12A205","13","40259","2","1","0","02","-","1","8","2","19","28/12/2001","1","07","2","1","6","06",,,,,,1,,7533,0
"00","1021","2","12A205","13","40259","2","1","0","01","-","1","1","2","20","27/05/2001","1","07","2","1","6","06",,,,,,1,"1",7533,15254
"00","1021","2","12A205","13","40259","4","1","0","02","-","1","2","2","42","24/07/1979","1","03","3","2","1","01","4","4","2","1","009999",1,"1",7533,22881
"00","1021","1","11A206","13","40296","3","1","0","06","-","1","5","2","12","23/04/2009","1","02","6","1","6","06",,,,,,1,,7974,0
"00","1021","1","11A206","13","40296","3","1","0","05","-","1","3","1","24","30/10/1996","1","04","3","2","6","01","9","5","3","2","009999",1,"1",7974,40172
"00","1021","1","11A206","13","40296","3","1","0","02","-","1","2","2","53","10/08/1968","2","00",,"2","5","07",,,,,,1,,7974,0
"00","1021","1","11A206","13","40296","3","1","0","07","-","1","5","2","11","16/09/2010","1","02","5","1",,,,,,,,1,,7974,0
"00","1021","1","11A206","13","40296","3","1","0","09","-","1","5","1","04","25/04/2017",,,,,,,,,,,,1,,7974,0
"00","1021","1","11A206","13","40296","3","1","0","08","-","1","5","2","08","23/08/2013","2","02","2","1",,,,,,,,1,,7974,0
"00","1021","1","11A206","13","40296","3","1","0","03","-","1","3","2","32","06/06/1989","1","03","3","1","6","01","5","5","3","2","009999",1,,7974,0
"00","1021","1","11A206","13","40296","3","1","0","04","-","1","3","2","26","30/12/1994","1","03","3","2","6","01","9","5","3","2","009999",1,,7974,0
"00","1021","1","11A206","13","40296","2","1","0","04","-","1","3","2","12","15/05/2009","1","02","6","1","6","06",,,,,,1,,7974,0
"00","1021","1","11A206","13","40296","2","1","0","03","-","1","3","1","17","30/04/2004","1","03","3","2","6","01","9","9","3","1","001400",1,,7974,0
"00","1021","1","11A206","13","40296","2","1","0","01","-","1","1","1","34","20/09/1987","1","02","6","2","1","01","4","4","2","1","001000",1,"1",7974,16069
"00","1021","1","11A206","13","40296","2","1","0","02","-","1","2","2","34","03/06/1987","1","03","3","2","1","01","4","4","2","1","001000",1,,7974,0
"00","1021","1","11A206","13","40296","4","1","0","01","-","1","1","2","69","01/10/1952","1","02","1","2","1","07",,,,,,1,,7974,0
"00","1021","1","11A206","13","40296","3","1","0","01","-","1","1","1","51","20/05/1970","1","03","3","2","5","01","1","5","3","1","009999",1,,7974,0
"00","1021","1","11A206","13","40296","1","1","0","01","-","1","1","2","59","23/12/1961","1","02","3","2","4","07",,,,,,1,"1",7974,8034
"00","1021","1","11A206","13","40296","4","1","0","02","-","1","2","1","72","15/11/1948","1","02","3","2","1","07",,,,,,1,"1",7974,16069
"00","1021","5","12B192","13","40301","1","1","0","02","-","1","2","1","33","01/06/1988","1","08","2","2","5","01","2","7","3","2","009999",1,,8791,0
"00","1021","5","12B192","13","40301","3","1","0","01","-","1","1","1","64","08/04/1957","1","08","2","1","5","01","1","5","3","3","018000",1,,8791,0
"00","1021","5","12B192","13","40301","3","1","0","02","-","1","2","2","61","04/01/1960","1","07","3","2","5","07",,,,,,1,"1",8791,17738
"00","1021","5","12B192","13","40301","2","1","0","03","-","3","8","2","61","06/10/1960","1","04","3","2","6","01","4","4","2","3","001000",1,,8791,0
"00","1021","5","12B192","13","40301","2","1","0","02","-","1","5","2","21","10/07/2000","1","06","3","2","6","01","1","5","3","1","009999",1,,8791,0
"00","1021","5","12B192","13","40301","2","1","0","01","-","1","1","2","77","15/05/1944","1","06","3","2","4","07",,,,,,1,"1",8791,26607
"00","1021","5","12B192","13","40301","1","1","0","01","-","1","1","2","43","10/02/1978","1","08","2","2","5","01","2","7","3","2","010000",1,"1",8791,17738
"00","1021","5","12B192","13","40301","1","1","0","03","-","3","3","1","10","10/02/2011","1","02","4","1",,,,,,,,1,,8791,0
"00","1021","4","13A203","13","40321","4","1","0","01","-","1","1","2","84","06/07/1937","1","06","3","2","4","07",,,,,,1,"1",6439,6496
"00","1021","5","13B192","13","40368","3","1","0","04","-","1","3","1","12","12/06/2009","1","02","5","1","6","06",,,,,,1,,9125,0
"00","1021","5","13B192","13","40368","4","1","0","04","-","1","3","2","22","19/10/1998","1","07","4","2","6","01","2","7","3","2","009999",1,,9125,0
"00","1021","5","13B192","13","40368","4","1","0","03","-","1","3","1","32","19/10/1988","1","07","4","1","6","01","1","5","3","3","006500",1,,9125,0
"00","1021","5","13B192","13","40368","4","1","0","01","-","1","1","1","55","19/10/1965","1","03","3","2","5","01","5","5","3","2","009999",1,"1",9125,36823
"00","1021","5","13B192","13","40368","4","1","0","02","-","1","2","2","45","19/10/1975","1","03","3","2","5","07",,,,,,1,,9125,0
"00","1021","5","13B192","13","40368","3","1","0","06","-","1","3","1","01","15/08/2020",,,,,,,,,,,,1,,9125,0
"00","1021","5","13B192","13","40368","3","1","0","03","-","1","3","1","15","16/09/2006","1","03","2","1","6","06",,,,,,1,,9125,0
"00","1021","5","13B192","13","40368","3","1","0","05","-","1","3","1","06","15/08/2015","2","01","2","1",,,,,,,,1,,9125,0
"00","1021","5","13B192","13","40368","3","1","0","02","-","1","2","2","34","18/10/1986","1","07","3","2","1","07",,,,,,1,,9125,0
"00","1021","5","13B192","13","40368","3","1","0","01","-","1","1","1","35","09/10/1986","1","07","2","2","1","01","1","5","3","1","009999",1,"1",9125,18411
"00","1021","5","13B192","13","40368","2","1","0","02","-","1","2","2","61","27/02/1960","1","07","4","2","5","08",,,,,,1,,9125,0
"00","1021","5","13B192","13","40368","2","1","0","04","-","1","3","2","32","30/08/1989","1","07","4","2","6","01","3","5","3","2","009999",1,,9125,0
"00","1021","5","13B192","13","40368","2","1","0","03","-","1","3","1","33","26/10/1987","1","07","4","2","1","01","1","5","3","1","009999",1,"1",9125,36823
"00","1021","5","13B192","13","40368","2","1","0","01","-","1","1","1","64","02/12/1956","1","03","3","2","5","08",,,,,,1,,9125,0
"00","1021","5","13B192","13","40368","1","1","0","01","-","1","1","1","57","31/07/1964","1","07","4","2","6","08",,,,,,1,"1",9125,9206
"00","1021","1","13A206","13","40394","3","1","0","04","-","1","3","1","18","09/09/2003","1","04","2","1","6","06",,,,,,1,,8539,0
"00","1021","1","13A206","13","40394","3","1","0","03","-","1","3","2","20","15/02/2001","1","07","2","1","6","06",,,,,,1,,8539,0
"00","1021","1","13A206","13","40394","4","1","0","03","-","1","3","1","42","24/02/1979","1","04","2","1","6","01","1","5","3","2","004000",1,"1",8539,25844
"00","1021","1","13A206","13","40394","4","1","0","01","-","1","1","1","69","30/07/1952","1","04","3","2","5","07",,,,,,1,,8539,0
"00","1021","1","13A206","13","40394","4","1","0","02","-","1","2","2","66","27/03/1955","1","06","3","2","5","07",,,,,,1,,8539,0
"00","1021","1","13A206","13","40394","3","1","0","01","-","1","1","1","45","09/11/1975","1","04","3","2","5","01","9","9","3","3","007000",1,"1",8539,34458
"00","1021","1","13A206","13","40394","1","1","0","02","-","1","8","2","23","22/11/1997","1","07","5","2","6","01","1","5","3","2","009999",1,,8539,0
"00","1021","1","13A206","13","40394","3","1","0","02","-","1","2","2","41","04/10/1980","1","04","3","2","5","01","4","4","2","3","002000",1,,8539,0
"00","1021","1","13A206","13","40394","1","1","0","03","-","1","8","1","22","21/01/1999","1","04","3","2","6","01","1","5","3","2","009999",1,,8539,0
"00","1021","1","13A206","13","40394","1","1","0","01","-","1","1","2","25","01/10/1996","1","04","3","2","6","01","1","5","3","2","009999",1,"1",8539,25844
"00","1021","1","13A206","13","40394","2","1","0","01","-","1","1","1","34","13/10/1987","1","06","3","2","6","01","1","5","3","2","009999",1,"1",8539,8615
"00","1021","1","13A206","13","40394","3","1","0","05","-","1","3","1","11","24/08/2010","1","02","5","1",,,,,,,,1,,8539,0
"00","1021","4","11A203","13","40416","1","1","0","01","-","1","1","2","87","07/02/1934","1","02","3","2","4","07",,,,,,1,,6832,0
"00","1021","4","11A203","13","40416","2","1","0","01","-","1","1","1","37","28/08/1984","1","07","5","2","5","01","1","5","3","1","009999",1,,6832,0
"00","1021","4","11A203","13","40416","2","1","0","02","-","1","2","2","37","10/05/1984","1","07","5","2","5","01","1","5","2","3","050000",1,"1",6832,13767
"00","1021","4","11A203","13","40416","2","1","0","03","-","1","3","2","10","26/11/2010","1","02","4","1",,,,,,,,1,,6832,0
"00","1021","4","11A203","13","40416","2","1","0","04","-","1","3","2","02","14/08/2019",,,,,,,,,,,,1,,6832,0
"00","1021","3","11A203","13","40416","2","1","0","05","-","2",,,,,,,,,,,,,,,,1,,0,0
"00","1021","4","11A203","13","40416","1","1","0","02","-","1","3","2","50","10/11/1970","1","07","4","2","6","01","1","5","3","2","007500",1,"1",6832,13767
"00","1021","3","11A203","13","40416","4","1","0","02","-","2",,,,,,,,,,,,,,,,1,,0,0
"00","1021","3","11A203","13","40416","4","1","0","04","-","2",,,,,,,,,,,,,,,,1,,0,0
"00","1021","3","11A203","13","40416","4","1","0","03","-","2",,,,,,,,,,,,,,,,1,,0,0
"00","1021","3","11A203","13","40416","4","1","0","05","-","2",,,,,,,,,,,,,,,,1,,0,0
"00","1021","4","11A203","13","40416","4","1","0","01","-","1","1","2","61","30/08/1960","1","04","3","2","4","07",,,,,,1,"1",6832,6884
"00","1021","4","11A203","13","40416","3","1","0","01","-","1","1","2","55","06/05/1966","1","07","5","2","2","01","1","5","3","3","003000",1,"1",6832,6884
"00","1021","3","12A204","14","40002","2","1","0","02","-","1","2","2","33","30/06/1988","1","03","3","2","5","07",,,,,,1,,12068,0
"00","1021","3","12A204","14","40002","4","1","0","02","-","1","6","2","23","16/03/1998","1","07","4","2","6","01","5","5","3","2","999999",1,,12068,0
"00","1021","3","12A204","14","40002","4","1","0","01","-","1","1","2","21","16/06/2000","1","07","2","1","6","06",,,,,,1,"1",12068,24438
"00","1021","3","12A204","14","40002","2","1","0","01","-","1","1","1","40","04/10/1981","1","03","3","2","5","01","1","5","3","1","002100",1,"1",12068,24438
"00","1021","3","12A204","14","40002","2","1","0","04","-","1","3","2","07","01/03/2014","1","02","1","1",,,,,,,,1,,12068,0
"00","1021","3","12A204","14","40002","2","1","0","07","-","1","3","1","00","31/01/2021",,,,,,,,,,,,1,,12068,0
"00","1021","3","12A204","14","40002","2","1","0","05","-","1","3","1","05","21/05/2016","2","01","2","1",,,,,,,,1,,12068,0
"00","1021","3","12A204","14","40002","2","1","0","03","-","1","3","2","10","24/12/2010","1","02","5","1",,,,,,,,1,,12068,0
"00","1021","3","12A204","14","40002","2","1","0","06","-","1","3","1","02","30/11/2018",,,,,,,,,,,,1,,12068,0
"00","1021","3","12A204","14","40002","3","1","0","01","-","1","1","1","27","26/02/1994","1","07","4","2","6","01","5","5","2","2","007500",1,"1",12068,12219
"00","1021","3","11A204","14","40055","4","1","0","03","-","1","3","2","09","01/08/2012","1","02","3","1",,,,,,,,1,,6544,0
"00","1021","3","11A204","14","40055","4","1","0","01","-","1","1","1","42","02/08/1979","1","02","6","2","1","01","4","4","2","2","006000",1,"1",6544,13188
"00","1021","3","11A204","14","40055","4","1","0","02","-","1","2","2","29","02/08/1992","1","04","3","2","1","07",,,,,,1,,6544,0
"00","1021","3","11A204","14","40055","4","1","0","04","-","1","3","2","05","02/08/2016","2","01","1","1",,,,,,,,1,,6544,0
"00","1021","3","11A204","14","40055","3","1","0","01","-","1","1","1","51","17/02/1970","1","03","3","2","5","01","5","3","3","1","004000",1,,6544,0
"00","1021","3","11A204","14","40055","3","1","0","02","-","1","3","1","22","03/08/1999","1","07","4","1","6","01","5","4","3","1","002700",1,"1",6544,13188
"00","1021","3","11A204","14","40055","2","1","0","01","-","1","1","2","74","15/07/1947","1","06","3","2","5","07",,,,,,1,,6544,0
"00","1021","3","11A204","14","40055","2","1","0","02","-","1","2","1","76","18/08/1945","1","04","3","2","5","01","4","4","2","1","999999",1,"1",6544,13188
"00","1021","3","11A204","14","40055","1","1","0","06","-","1","3","1","27","16/08/1994","1","07","4","2","6","01","4","4","2","1","999999",1,"1",6544,39563
"00","1021","3","11A204","14","40055","1","1","0","01","-","1","1","1","63","09/03/1958","1","03","3","2","5","01","4","4","2","1","001500",1,,6544,0
"00","1021","3","11A204","14","40055","1","1","0","04","-","1","3","2","36","09/02/1985","1","07","1","1","6","01","5","5","2","1","999999",1,,6544,0
"00","1021","3","11A204","14","40055","4","1","0","05","-","1","3","1","03","02/08/2018",,,,,,,,,,,,1,,6544,0
"00","1021","3","11A204","14","40055","1","1","0","05","-","1","3","2","33","02/08/1988","1","03","3","2","6","01","5","4","3","2","999999",1,,6544,0
"00","1021","3","11A204","14","40055","1","1","0","02","-","1","2","2","59","27/11/1961","1","03","3","2","5","07",,,,,,1,,6544,0
"00","1021","3","11A204","14","40055","1","1","0","03","-","1","3","2","37","27/05/1984","1","03","3","2","6","01","5","5","3","2","999999",1,,6544,0
"00","1021","7","11A198","14","40061","1","1","0","03","-","1","3","2","26","17/07/1995","1","04","3","2","6","01","7","2","3","1","001200",1,,8405,0
"00","1021","7","11A198","14","40061","1","1","0","05","-","1","3","1","24","19/06/1997","1","04","3","2","6","04",,,,,,1,,8405,0
"00","1021","7","11A198","14","40061","1","1","0","01","-","1","1","1","49","27/06/1972","1","03","3","2","5","01","1","5","3","1","003000",1,,8405,0
"00","1021","7","11A198","14","40061","1","1","0","04","-","1","3","2","26","17/07/1995","1","04","3","2","6","01","7","2","3","1","001200",1,,8405,0
"00","1021","7","11A198","14","40061","1","1","0","02","-","1","2","2","44","16/02/1977","1","03","3","2","5","07",,,,,,1,"1",8405,42548
"00","1021","7","11A198","14","40061","4","1","0","01","-","1","1","1","56","16/06/1965","1","03","3","2","5","01","4","4","2","1","999999",1,,8405,0
"00","1021","7","11A198","14","40061","4","1","0","02","-","1","2","2","54","22/11/1966","1","02","6","2","5","01","4","4","2","1","999999",1,"1",8405,25529
"00","1021","7","11A198","14","40061","4","1","0","03","-","1","3","2","19","05/08/2002","1","03","3","1","6","06",,,,,,1,,8405,0
"00","1021","7","11A198","14","40061","2","1","0","04","-","1","3","2","19","25/06/2002","1","04","3","1","6","06",,,,,,1,,8405,0
"00","1021","7","11A198","14","40061","2","1","0","01","-","1","1","1","41","07/04/1980","1","03","3","2","5","01","4","4","2","1","002000",1,,8405,0
"00","1021","7","11A198","14","40061","2","1","0","03","-","1","3","2","21","15/05/2000","1","04","3","1","6","06",,,,,,1,,8405,0
"00","1021","7","11A198","14","40061","2","1","0","02","-","1","2","2","41","01/02/1980","1","03","3","2","5","07",,,,,,1,"1",8405,34039
"00","1021","7","11A198","14","40061","2","1","0","05","-","1","3","1","15","12/01/2006","1","03","2","2","6","02","4","4","6","5",,1,,8405,0
"00","1021","7","11A198","14","40061","2","1","0","06","-","1","3","2","04","04/09/2017",,,,,,,,,,,,1,,8405,0
"00","1021","7","11A198","14","40061","3","1","0","02","-","1","3","1","39","16/10/1981","1","03","3","2","1","01","7","5","3","1","999999",1,,8405,0
"00","1021","7","11A198","14","40061","3","1","0","01","-","1","1","2","59","25/11/1961","1","03","3","2","2","01","7","2","3","1","001200",1,"1",8405,17019
"00","1021","7","12A198","14","40062","2","1","0","01","-","1","1","1","56","15/08/1965","1","08","2","2","1","01","1","5","3","2","030000",1,,10702,0
"00","1021","7","12A198","14","40062","2","1","0","02","-","1","2","2","44","03/08/1977","1","08","2","2","1","03","1","5","3","2","030000",1,"1",10702,21594
"14","1021","7","12A198","14","40062","3","1","0","03","-","1","3","1","26","06/09/1995","1","07","4","2","6","01","1","3","2","2","002500",1,,10702,0
"14","1021","7","12A198","14","40062","3","1","0","01","-","1","1","2","56","31/03/1965","1","04","3","2","6","07",,,,,,1,,10702,0
"14","1021","7","12A198","14","40062","3","1","0","04","-","1","3","1","21","01/09/2000","1","07","2","1","6","06",,,,,,1,,10702,0
"00","1021","7","12A198","14","40062","1","1","0","02","-","1","3","2","44","20/12/1976","1","07","4","2","6","01","1","5","3","3","015000",1,"1",10702,32391
"00","1021","7","12A198","14","40062","1","1","0","04","-","1","5","1","09","25/11/2011","1","02","2","1",,,,,,,,1,,10702,0
"00","1021","7","12A198","14","40062","1","1","0","03","-","1","3","2","26","25/12/1994","1","07","4","2","6","01","5","5","3","2","999999",1,,10702,0
"00","1021","7","12A198","14","40062","1","1","0","01","-","1","1","2","64","04/01/1957","1","07","1","2","4","07",,,,,,1,,10702,0
"14","1021","7","12A198","14","40062","3","1","0","02","-","1","3","1","28","26/11/1992","1","07","4","2","6","01","1","3","2","2","002500",1,,10702,0
"00","1021","7","12A198","14","40064","2","1","0","01","-","1","1","1","51","12/12/1969","1","02","3","2","5","01","4","4","2","1","002000",1,"1",8262,33460
"00","1021","7","12A198","14","40064","2","1","0","03","-","1","3","1","24","08/06/1997","1","07","3","1","6","01","4","4","2","1","002000",1,,8262,0
"00","1021","7","12A198","14","40064","2","1","0","02","-","1","2","2","44","15/09/1977","1","04","3","2","5","01","4","4","2","1","002000",1,,8262,0
"00","1021","7","12A198","14","40064","2","1","0","04","-","1","3","2","21","05/08/2000","1","07","3","1","6","06",,,,,,1,,8262,0
"00","1021","7","12A198","14","40064","1","1","0","02","-","1","2","2","75","28/08/1946","1","02","4","2","5","07",,,,,,1,,8262,0
"00","1021","7","12A198","14","40064","1","1","0","01","-","1","1","1","75","09/01/1946","1","02","3","2","5","01","5","9","3","1","001200",1,"1",8262,16730
"14","1021","7","12A198","14","40064","3","1","0","04","-","3","2","1","36","17/12/1984","1","07","4","2","5","01","1","5","2","3","009000",1,,8262,0
"14","1021","7","12A198","14","40064","3","1","0","01","-","1","1","2","43","17/03/1978","1","07","4","1","6","01","5","5","2","3","006000",1,,8262,0
"14","1021","7","12A198","14","40064","3","1","0","02","-","1","3","2","09","03/12/2011","1","02","2","1",,,,,,,,1,,8262,0
"14","1021","7","12A198","14","40064","3","1","0","03","-","1","3","2","10","04/05/2011","1","02","3","1",,,,,,,,1,,8262,0
"00","1021","3","12A204","14","40093","3","1","0","01","-","1","1","1","41","11/01/1980","1","06","2","2","6","01","4","4","3","3","004000",1,"1",7928,32108
"00","1021","3","12A204","14","40093","3","1","0","07","-","1","7","1","07","08/01/2014","1","02","1","1",,,,,,,,1,,7928,0
"00","1021","3","12A204","14","40093","3","1","0","04","-","1","6","1","30","10/10/1990","1","04","1","2","6","01","7","2","3","2","007000",1,,7928,0
"00","1021","3","12A204","14","40093","3","1","0","05","-","1","7","2","05","31/12/2015","2","01","3","1",,,,,,,,1,,7928,0
"00","1021","3","12A204","14","40093","3","1","0","06","-","1","7","2","09","19/11/2011","1","02","4","1",,,,,,,,1,,7928,0
"00","1021","3","12A204","14","40093","3","1","0","03","-","1","6","2","38","22/10/1982","1","04","3","2","6","01","4","5","3","2","008500",1,,7928,0
"00","1021","3","12A204","14","40093","3","1","0","02","-","1","6","2","40","27/02/1981","1","07","4","2","2","01","4","5","3","3","007000",1,,7928,0
"00","1021","3","12A204","14","40093","2","1","0","02","-","1","2","2","67","19/07/1954","1","02","6","2","5","07",,,,,,1,"1",7928,16054
"00","1021","3","12A204","14","40093","2","1","0","01","-","1","1","1","67","23/08/1954","1","02","6","2","5","08",,,,,,1,,7928,0
"00","1021","3","11A204","14","40096","4","1","0","03","-","1","3","2","24","28/09/1997","2","00",,"2","6","07",,,,,,1,,10478,0
"00","1021","3","11A204","14","40096","1","1","0","02","-","1","7","1","27","07/03/1994","1","07","4","2","6","01","5","5","5","2","006000",1,,10478,0
"00","1021","3","11A204","14","40096","1","1","0","01","-","1","1","2","56","02/06/1965","1","08","2","2","3","01","3","5","3","2","009000",1,"1",10478,21115
"00","1021","3","11A204","14","40096","4","1","0","02","-","1","3","1","30","26/09/1991","1","04","3","2","6","01","5","5","3","2","999999",1,,10478,0
"00","1021","3","11A204","14","40096","2","1","0","01","-","1","1","1","43","20/08/1978","1","07","4","2","5","01","1","5","2","2","999999",1,"1",10478,10557
"00","1021","3","11A204","14","40096","4","1","0","01","-","1","1","1","60","11/02/1961","1","02","4","2","2","08",,,,,,1,"1",10478,31672
"00","1021","3","12A204","14","40098","2","1","0","02","-","1","2","2","31","03/12/1989","1","03","3","2","1","07",,,,,,1,"1",6814,13798
"00","1021","3","12A204","14","40098","2","1","0","04","-","1","3","2","09","13/09/2012","1","02","3","1",,,,,,,,1,,6814,0
"00","1021","3","12A204","14","40098","2","1","0","03","-","1","3","1","08","05/09/2013","1","02","2","1",,,,,,,,1,,6814,0
"00","1021","3","12A204","14","40098","2","1","0","01","-","1","1","1","30","23/04/1991","1","03","3","2","1","01","4","4","2","1","002500",1,,6814,0
"00","1021","3","12A204","14","40098","4","1","0","02","-","1","2","1","60","09/05/1961","1","07","5","2","5","01","5","5","2","1","003000",1,,6814,0
"00","1021","3","12A204","14","40098","4","1","0","01","-","1","1","2","60","12/07/1961","1","07","5","2","5","07",,,,,,1,"1",6814,34495
"00","1021","3","12A204","14","40098","1","1","0","02","-","1","2","2","43","01/06/1978","1","07","4","2","5","01","1","5","3","2","005200",1,"1",6814,13798
"00","1021","3","12A204","14","40098","1","1","0","01","-","1","1","1","43","18/01/1978","1","07","5","2","5","01","1","5","3","1","004000",1,,6814,0
"00","1021","3","12A204","14","40098","4","1","0","03","-","1","3","1","35","04/07/1986","1","07","5","2","6","01","7","2","3","1","999999",1,,6814,0
"00","1021","3","12A204","14","40098","4","1","0","05","-","1","3","1","26","27/05/1995","1","04","1","2","6","01","5","5","3","1","999999",1,,6814,0
"00","1021","3","12A204","14","40098","4","1","0","04","-","1","3","2","32","02/04/1989","1","07","5","2","6","01","1","5","3","2","999999",1,,6814,0
"00","1021","3","12A204","14","40098","3","1","0","01","-","1","1","2","79","14/07/1942","1","02","3","2","4","07",,,,,,1,"1",6814,13798
"00","1021","3","12A204","14","40098","3","1","0","02","-","1","3","2","47","16/07/1974","1","04","3","2","6","01","5","4","3","2","999999",1,,6814,0
"00","1021","7","11A198","14","40102","2","1","0","03","-","1","3","2","38","20/02/1983","1","03","3","1","6","06",,,,,,1,,8318,0
"00","1021","7","11A198","14","40102","4","1","0","04","-","1","3","2","12","07/02/2009","1","02","5","1","6","06",,,,,,1,,8318,0
"00","1021","7","11A198","14","40102","3","1","1","02","-","1","4","2","84","03/09/1937","1","02","3","2","4","10",,,,,,1,,8318,0
"00","1021","7","11A198","14","40102","3","1","1","01","-","1","1","1","65","18/07/1956","1","03","3","2","6","08",,,,,,1,"1",8318,16844
"00","1021","7","11A198","14","40102","4","1","0","02","-","1","2","2","33","10/01/1988","1","02","6","2","5","07",,,,,,1,"1",8318,16844
"00","1021","7","11A198","14","40102","4","1","0","05","-","1","3","2","08","12/08/2013","1","02","1","1",,,,,,,,1,,8318,0
"00","1021","7","11A198","14","40102","4","1","0","03","-","1","3","2","14","15/11/2006","1","02","6","1","6","06",,,,,,1,,8318,0
"00","1021","7","11A198","14","40102","4","1","0","01","-","1","1","1","36","10/07/1985","1","04","3","2","5","01","5","5","3","2","005000",1,,8318,0
"00","1021","7","11A198","14","40102","2","1","0","01","-","1","1","1","73","30/11/1947","1","03","3","2","5","10",,,,,,1,"1",8318,25266
"00","1021","7","11A198","14","40102","2","1","0","02","-","1","2","2","70","16/05/1951","1","02","6","2","5","07",,,,,,1,,8318,0
"00","1021","7","13A198","14","40104","4","1","0","03","-","1","3","2","19","08/04/2002","1","03","3","2","6","01","1","5","3","1","000850",1,"1",8060,24483
"00","1021","7","13A198","14","40104","4","1","0","01","-","1","1","2","63","12/08/1958","1","03","3","2","3","07",,,,,,1,,8060,0
"00","1021","7","13A198","14","40104","4","1","0","02","-","1","3","1","44","07/08/1977","1","04","3","2","6","01","3","5","3","2","004000",1,,8060,0
"00","1021","7","13A198","14","40104","2","1","0","01","-","1","1","2","73","05/04/1948","1","02","5","2","4","07",,,,,,1,"1",8060,16322
"00","1021","7","13A198","14","40104","2","1","0","02","-","1","3","1","44","03/07/1977","1","04","3","2","6","01","7","2","3","1","000800",1,,8060,0
"00","1021","7","13A198","14","40104","1","1","0","02","-","1","2","2","72","24/08/1949","1","02","1","2","5","07",,,,,,1,,8060,0
"00","1021","7","13A198","14","40104","1","1","0","01","-","1","1","1","80","06/03/1941","1","02","2","2","5","08",,,,,,1,"1",8060,16322
"00","1021","7","13A198","14","40104","3","1","0","01","-","1","1","2","68","13/09/1953","1","06","3","2","6","07",,,,,,1,"1",8060,8161
"00","1021","7","11A198","14","40105","1","1","0","04","-","1","3","1","23","11/11/1997","1","03","2","2","6","01","5","5","3","1","001800",1,,8197,0
"00","1021","7","11A198","14","40105","1","1","0","07","-","1","3","1","15","11/12/2005","1","02","4","1","6","06",,,,,,1,,8197,0
"00","1021","7","11A198","14","40105","1","1","0","08","-","1","3","2","14","13/03/2007","1","02","6","1","6","06",,,,,,1,,8197,0
"00","1021","7","11A198","14","40105","1","1","0","03","-","1","6","1","39","13/05/1982","2","00",,"2","6","01","5","5","3","1","002500",1,,8197,0
"00","1021","7","11A198","14","40105","1","1","0","10","-","1","3","1","09","03/11/2011","1","02","3","1",,,,,,,,1,,8197,0
"00","1021","7","11A198","14","40105","1","1","0","01","-","1","1","1","41","29/05/1980","1","02","2","2","5","01","5","5","3","1","002500",1,,8197,0
"00","1021","7","11A198","14","40105","1","1","0","02","-","1","2","2","41","01/05/1980","1","99",,"2","5","01","4","4","2","1","001800",1,,8197,0
"00","1021","7","11A198","14","40105","1","1","0","05","-","1","3","2","19","22/04/2002","1","03","1","1","6","01","4","4","2","1","000600",1,"1",8197,41296
"00","1021","7","11A198","14","40105","1","1","0","06","-","1","3","1","17","20/01/2004","1","02","6","1","6","06",,,,,,1,,8197,0
"00","1021","7","11A198","14","40105","2","1","0","02","-","1","4","2","74","15/10/1946","1","02","4","2","6","07",,,,,,1,,8197,0
"00","1021","7","11A198","14","40105","2","1","0","01","-","1","1","2","50","09/02/1971","1","03","3","2","4","01","5","4","3","1","001000",1,"1",8197,24777
"00","1021","7","11A198","14","40105","2","1","0","04","-","1","3","2","11","26/09/2010","1","02","4","1",,,,,,,,1,,8197,0
"00","1021","7","11A198","14","40105","2","1","0","03","-","1","3","2","21","27/04/2000","1","04","3","2","6","01","4","4","3","1","000800",1,,8197,0
"00","1021","7","11A198","14","40105","3","1","0","03","-","1","5","2","14","08/01/2007","1","03","2","1","6","01","4","4","3","1","000800",1,,8197,0
"00","1021","7","11A198","14","40105","3","1","0","02","-","1","2","2","24","26/02/1997","1","03","1","2","1","01","4","4","3","1","001200",1,"1",8197,16518
"00","1021","7","11A198","14","40105","3","1","0","06","-","1","3","1","05","22/05/2016","2","00",,"1",,,,,,,,1,,8197,0
"00","1021","7","11A198","14","40105","3","1","0","07","-","1","3","2","02","10/10/2018",,,,,,,,,,,,1,,8197,0
"00","1021","7","11A198","14","40105","3","1","0","04","-","1","3","2","09","10/07/2012","1","02","3","1",,,,,,,,1,,8197,0
"00","1021","7","11A198","14","40105","3","1","0","01","-","1","1","1","33","09/11/1987","1","03","3","2","1","04",,,,,,1,,8197,0
"00","1021","7","11A198","14","40105","3","1","0","05","-","1","3","2","06","02/01/2015","1","01","3","1",,,,,,,,1,,8197,0
"00","1021","7","11A198","14","40105","4","1","0","03","-","1","3","1","19","29/11/2001","1","03","1","2","6","01","5","5","3","1","003000",1,"1",8197,24777
"00","1021","7","11A198","14","40105","4","1","0","02","-","1","2","1","29","01/09/1992","1","02","3","2","1","01","5","5","3","1","002500",1,,8197,0
"00","1021","7","11A198","14","40105","4","1","0","04","-","1","3","1","17","16/12/2003","1","02","6","2","6","02","4","4","6","5",,1,,8197,0
"00","1021","7","11A198","14","40105","4","1","0","01","-","1","1","2","39","13/08/1982","1","02","3","2","1","01","4","4","2","1","002000",1,,8197,0
"00","1021","7","11A198","14","40105","4","1","0","07","-","1","3","1","10","15/06/2011","1","02","3","1",,,,,,,,1,,8197,0
"00","1021","7","11A198","14","40105","4","1","0","05","-","1","3","1","14","15/02/2007","2","02","2","1","6","06",,,,,,1,,8197,0
"00","1021","7","11A198","14","40105","4","1","0","06","-","1","3","2","12","03/02/2009","1","02","5","1","6","06",,,,,,1,,8197,0
"00","1021","7","11A198","14","40105","1","1","0","09","-","1","3","2","12","24/12/2008","1","02","5","1","6","06",,,,,,1,,8197,0
"00","1021","7","12A198","14","40106","4","1","1","01","-","1","1","2","38","15/06/1983","1","06","3","2","6","01","1","5","3","2","999999",1,"1",8951,9031
"00","1021","7","12A198","14","40106","4","1","1","02","-","1","3","1","06","15/06/2015","1","01","3","1",,,,,,,,1,,8951,0
"00","1021","7","12A198","14","40106","3","1","0","06","-","1","2","1","44","04/08/1977","1","04","3","2","5","01","1","2","3","1","002000",1,,8951,0
"00","1021","7","12A198","14","40106","3","1","0","05","-","1","3","2","17","14/02/2004","1","03","3","1","6","06",,,,,,1,,8951,0
"00","1021","7","12A198","14","40106","3","1","0","04","-","1","3","2","21","03/07/2000","1","04","3","1","6","06",,,,,,1,,8951,0
"00","1021","7","12A198","14","40106","3","1","0","01","-","1","1","2","41","02/12/1979","1","04","3","2","5","07",,,,,,1,"1",8951,27092
"00","1021","7","12A198","14","40106","3","1","0","03","-","1","3","2","11","14/05/2010","1","02","4","1",,,,,,,,1,,8951,0
"00","1021","7","12A198","14","40106","2","1","0","03","-","1","3","1","08","20/10/2012","1","02","2","1",,,,,,,,1,,8951,0
"00","1021","7","12A198","14","40106","2","1","0","04","-","1","3","1","01","15/05/2020",,,,,,,,,,,,1,,8951,0
"00","1021","7","12A198","14","40106","2","1","0","01","-","1","1","1","37","17/12/1983","1","07","4","2","5","01","1","5","3","2","003000",1,,8951,0
"00","1021","7","12A198","14","40106","2","1","0","02","-","1","2","2","34","16/11/1986","1","07","4","2","5","01","1","5","3","1","002000",1,"1",8951,18062
"00","1021","7","12A198","14","40106","1","1","0","01","-","1","1","2","86","25/08/1935","1","02","3","2","6","07",,,,,,1,,8951,0
"00","1021","6","12A198","14","40106","1","1","0","02","-","2",,,,,,,,,,,,,,,,1,,0,0
"00","1021","7","12A198","14","40106","1","1","0","03","-","1","3","1","53","01/01/1968","1","07","3","2","6","01","1","5","3","2","006000",1,"1",8951,18062
"00","1021","5","12A198","14","40106","3","1","0","02","-","2",,,,,,,,,,,,,,,,1,,0,0
"00","1021","6","11B191","14","40108","2","1","0","02","-","1","2","2","45","10/02/1976","1","02","6","2","6","07",,,,,,1,"1",10288,31100
"00","1021","6","11B191","14","40108","2","1","0","01","-","1","1","1","45","28/05/1976","1","02","6","2","5","01","5","5","3","2","005000",1,,10288,0
"00","1021","6","11B191","14","40108","2","1","0","05","-","1","3","2","14","10/04/2007","2","03","1","1","6","06",,,,,,1,,10288,0
"00","1021","6","11B191","14","40108","2","1","0","04","-","1","3","1","17","30/03/2004","1","03","3","1","6","06",,,,,,1,,10288,0
"00","1021","6","11B191","14","40108","1","1","0","03","-","1","3","1","06","30/06/2015","2","01","1","1",,,,,,,,1,,10288,0
"00","1021","6","11B191","14","40108","1","1","0","01","-","1","1","1","43","01/09/1978","1","02","6","2","5","01","7","2","3","2","004400",1,,10288,0
"00","1021","6","11B191","14","40108","1","1","0","02","-","1","2","2","44","30/01/1977","1","02","6","2","5","07",,,,,,1,"1",10288,20733
"00","1021","6","11B191","14","40108","4","1","0","04","-","1","3","1","27","28/03/1994","1","02","6","2","6","01","7","3","3","1","002800",1,,10288,0
"00","1021","6","11B191","14","40108","2","1","0","03","-","1","3","2","18","21/08/2003","1","04","2","1","6","06",,,,,,1,,10288,0
"00","1021","6","11B191","14","40108","4","1","0","01","-","1","1","1","57","25/04/1964","1","02","6","2","5","01","5","5","3","2","999999",1,,10288,0
"00","1021","6","11B191","14","40108","4","1","0","03","-","1","3","1","34","30/09/1987","1","03","3","2","6","04",,,,,,1,,10288,0
"00","1021","6","11B191","14","40108","3","1","0","03","-","1","4","2","86","27/10/1934","1","00",,"2","4","10",,,,,,1,,10288,0
"00","1021","6","11B191","14","40108","3","1","0","06","-","1","5","1","07","03/02/2014","1","01","3","1",,,,,,,,1,,10288,0
"00","1021","6","11B191","14","40108","3","1","0","02","-","1","3","2","27","26/10/1993","1","03","3","2","6","07",,,,,,1,"1",10288,41466
"00","1021","6","11B191","14","40108","3","1","0","05","-","1","5","1","09","21/03/2012","1","02","2","1",,,,,,,,1,,10288,0
"00","1021","6","11B191","14","40108","3","1","0","04","-","1","6","1","53","12/12/1967","1","02","5","2","6","01","7","2","3","1","999999",1,,10288,0
"00","1021","6","11B191","14","40108","3","1","0","01","-","1","1","1","47","03/01/1974","1","02","6","2","6","01","5","6","3","2","006000",1,,10288,0
"00","1021","6","11B191","14","40108","4","1","0","02","-","1","2","2","55","20/02/1966","1","03","3","2","5","01","5","5","3","1","002000",1,"1",10288,41466
"00","1021","8","12A197","14","40140","1","1","0","02","-","1","2","2","28","17/11/1992","1","07","4","1","1","06",,,,,,1,,6498,0
"00","1021","8","12A197","14","40140","3","1","0","02","-","1","6","2","64","17/05/1957","1","03","3","2","6","07",,,,,,1,,6498,0
"00","1021","8","12A197","14","40140","1","1","0","01","-","1","1","1","28","16/06/1993","1","07","5","2","5","01","1","5","3","2","999999",1,"1",6498,13157
"00","1021","8","12A197","14","40140","3","1","0","01","-","1","1","2","62","16/06/1959","1","07","4","2","6","01","1","5","3","2","006000",1,"1",6498,13157
"00","1021","8","12A197","14","40140","4","1","0","01","-","1","1","1","30","30/06/1991","1","07","3","2","6","01","5","2","3","2","999999",1,"1",6498,6579
"00","1021","3","13A204","14","40143","3","1","0","01","-","1","1","2","68","11/01/1953","1","07","4","2","6","08",,,,,,1,"1",10541,10634
"00","1021","3","13A204","14","40143","1","1","0","01","-","1","1","1","55","12/07/1966","1","04","3","2","5","01","7","2","3","1","999999",1,,10541,0
"00","1021","3","13A204","14","40143","1","1","0","03","-","1","3","1","20","15/03/2001","1","07","2","1","6","06",,,,,,1,,10541,0
"00","1021","3","13A204","14","40143","4","1","1","02","-","1","2","2","31","02/02/1990","1","04","3","2","5","07",,,,,,1,,10541,0
"00","1021","3","13A204","14","40143","4","1","1","03","-","1","3","1","02","25/02/2019",,,,,,,,,,,,1,,10541,0
"00","1021","3","13A204","14","40143","4","1","1","01","-","1","1","1","30","28/12/1990","1","04","3","2","5","01","1","1","3","2","999999",1,"1",10541,21269
"00","1021","3","13A204","14","40143","1","1","0","02","-","1","2","2","55","11/11/1965","1","04","3","2","5","07",,,,,,1,"1",10541,31903
"00","1021","8","12A197","14","40144","3","1","0","03","-","1","5","2","12","17/02/2009","1","02","4","1","6","06",,,,,,1,,7395,0
"00","1021","8","12A197","14","40144","3","1","0","02","-","1","3","2","33","02/07/1988","1","07","3","2","6","01","7","2","3","1","001500",1,"1",7395,14974
"00","1021","8","12A197","14","40144","2","1","1","01","-","1","1","1","27","17/07/1994","1","07","3","1","6","01","3","4","3","1","003000",1,"1",7395,7487
"00","1021","8","12A197","14","40144","4","1","1","02","-","1","2","2","50","06/03/1971","1","03","1","2","5","07",,,,,,1,,7395,0
"00","1021","8","12A197","14","40144","4","1","1","01","-","1","1","1","61","23/09/1960","1","03","2","2","5","04",,,,,,1,"1",7395,14974
"00","1021","8","12A197","14","40144","1","1","1","01","-","1","1","1","18","16/02/2003","1","07","1","1","5","06",,,,,,1,,7395,0
"00","1021","8","12A197","14","40144","1","1","1","02","-","1","2","2","18","27/06/2003","1","04","3","1","5","01","4","4","3","1","001500",1,"1",7395,14974
"00","1021","8","12A197","14","40144","3","1","0","01","-","1","1","2","64","15/06/1957","1","05","4","2","3","07",,,,,,1,,7395,0
"00","1021","3","13A204","14","40147","4","1","0","05","-","1","3","2","03","22/08/2018",,,,,,,,,,,,1,,9632,0
"00","1021","3","13A204","14","40147","4","1","0","03","-","1","6","2","27","05/09/1994","1","07","4","2","1","01","1","5","3","2","999999",1,,9632,0
"00","1021","3","13A204","14","40147","4","1","0","02","-","1","2","2","38","30/11/1982","1","07","4","2","1","01","3","5","3","2","015000",1,"1",9632,38869
"00","1021","3","13A204","14","40147","4","1","0","04","-","1","7","1","27","01/04/1994","1","07","4","2","1","01","1","5","3","2","999999",1,,9632,0
"00","1021","3","13A204","14","40147","4","1","0","01","-","1","1","1","31","03/11/1989","1","07","4","2","1","01","1","5","5","3","999999",1,,9632,0
"00","1021","8","12A197","14","40147","1","1","0","01","-","1","1","1","55","09/10/1965","1","08","3","2","5","01","1","5","2","1","999999",1,,8695,0
"00","1021","8","12A197","14","40147","1","1","0","03","-","1","3","1","20","24/09/2001","1","07","1","1","6","06",,,,,,1,"1",8695,43862
"00","1021","8","12A197","14","40147","1","1","0","04","-","1","3","1","22","09/10/1998","1","07","3","1","6","01","1","5","3","2","999999",1,,8695,0
"00","1021","8","12A197","14","40147","1","1","0","05","-","1","3","2","18","24/12/2002","1","04","3","2","6","07",,,,,,1,,8695,0
"00","1021","8","12A197","14","40147","1","1","0","02","-","1","2","2","52","25/01/1969","1","08","3","2","5","01","1","5","2","1","999999",1,,8695,0
"00","1021","8","12A197","14","40147","3","1","0","01","-","1","1","2","61","29/03/1960","1","07","3","2","6","07",,,,,,1,"1",8695,17545
"00","1021","8","12A197","14","40147","3","1","0","02","-","1","6","2","70","09/10/1950","1","07","3","2","6","07",,,,,,1,,8695,0
"00","1021","8","12A197","14","40147","4","1","0","01","-","1","1","1","72","15/07/1949","1","07","3","2","5","08",,,,,,1,"1",8695,8772
"00","1021","3","13A204","14","40147","1","1","0","02","-","1","2","2","75","09/08/1946","1","07","5","2","5","07",,,,,,1,,9632,0
"00","1021","3","13A204","14","40147","1","1","0","01","-","1","1","1","76","10/10/1945","1","07","5","2","5","08",,,,,,1,"1",9632,29151
"00","1021","3","13A204","14","40147","1","1","0","03","-","1","3","2","47","10/01/1974","1","07","4","2","6","01","1","5","3","2","015000",1,,9632,0
"00","1021","6","12B191","14","40150","3","1","2","02","-","1","2","2","36","05/06/1985","1","07","4","2","5","01","1","5","3","2","999999",1,"1",7582,15352
"00","1021","6","12B191","14","40150","1","1","0","01","-","1","1","2","88","19/03/1933","1","02","6","2","4","07",,,,,,1,"1",7582,7676
"00","1021","6","12B191","14","40150","4","1","0","02","-","1","2","1","36","13/05/1985","1","04","3","2","5","01","4","4","3","1","001300",1,"1",7582,15352
"00","1021","6","12B191","14","40150","4","1","0","03","-","1","3","1","04","16/11/2016",,,,,,,,,,,,1,,7582,0
"00","1021","6","12B191","14","40150","4","1","0","01","-","1","1","2","26","16/05/1995","1","03","3","2","5","07",,,,,,1,,7582,0
"00","1021","6","12B191","14","40150","3","1","2","01","-","1","1","1","38","14/07/1983","1","07","4","2","5","01","1","5","3","2","999999",1,,7582,0
"00","1021","7","12A198","14","40152","2","1","1","04","-","1","3","1","20","09/09/2001","1","04","3","1","6","06",,,,,,1,,7785,0
"00","1021","7","12A198","14","40152","4","1","1","02","-","1","2","2","60","21/09/1961","1","03","3","2","5","07",,,,,,1,"1",7785,23646
"00","1021","7","12A198","14","40152","2","1","1","01","-","1","1","1","49","01/11/1971","1","02","6","2","5","01","4","4","3","2","008000",1,,7785,0
"00","1021","7","12A198","14","40152","2","1","1","02","-","1","2","2","50","02/06/1971","1","04","3","2","5","07",,,,,,1,"1",7785,31528
"00","1021","7","12A198","14","40152","2","1","1","03","-","1","3","1","21","25/05/2000","1","04","3","1","6","06",,,,,,1,,7785,0
"00","1021","7","12A198","14","40152","3","1","0","02","-","1","2","2","67","18/07/1954","1","03","3","2","5","07",,,,,,1,"1",7785,23646
"00","1021","7","12A198","14","40152","2","1","1","05","-","1","3","1","16","21/07/2005","1","04","2","1","6","06",,,,,,1,,7785,0
"00","1021","7","12A198","14","40152","3","1","0","03","-","1","5","1","22","02/12/1998","1","04","3","2","6","04",,,,,,1,,7785,0
"00","1021","7","12A198","14","40152","1","1","1","01","-","1","1","1","22","14/11/1998","1","04","3","2","1","01","4","4","2","2","012000",1,,7785,0
"00","1021","7","12A198","14","40152","1","1","1","02","-","1","2","2","22","04/05/1999","1","04","3","2","1","01","3","4","3","1","004500",1,"1",7785,15764
"00","1021","7","12A198","14","40152","4","1","1","01","-","1","1","1","65","18/01/1956","1","04","3","2","5","01","7","2","1","2","014000",1,,7785,0
"00","1021","7","12A198","14","40152","4","1","1","03","-","1","3","2","18","03/12/2002","1","07","1","1","6","06",,,,,,1,,7785,0
"00","1021","7","12A198","14","40152","3","1","0","01","-","1","1","1","69","07/07/1952","1","02","6","2","5","08",,,,,,1,,7785,0
"00","1021","3","12A204","14","40189","1","1","0","04","-","1","3","1","10","19/12/2010","1","02","5","1",,,,,,,,1,,6659,0
"00","1021","3","12A204","14","40189","1","1","0","01","-","1","1","1","48","16/08/1973","1","03","3","2","5","01","4","4","2","2","005000",1,,6659,0
"00","1021","3","12A204","14","40189","1","1","0","03","-","1","3","2","20","24/02/2001","1","04","2","1","6","01","4","4","3","1","002400",1,"1",6659,20225
"00","1021","2","12A204","14","40189","1","1","0","02","-","2",,,,,,,,,,,,,,,,1,,0,0
"00","1021","3","12A204","14","40189","2","1","0","03","-","1","6","1","63","12/09/1958","1","02","6","2","2","04",,,,,,1,,6659,0
"00","1021","3","12A204","14","40189","1","1","0","05","-","3","2","2","46","16/04/1975","1","03","3","2","5","01","4","4","2","1","999999",1,,6659,0
"00","1021","3","12A204","14","40189","2","1","0","02","-","1","3","1","20","01/01/2001","1","04","3","2","6","01","7","2","3","1","001600",1,,6659,0
"00","1021","3","12A204","14","40189","2","1","0","01","-","1","1","2","56","09/06/1965","1","06","3","2","6","01","5","5","3","1","002500",1,"1",6659,20225
"00","1021","2","13A205","14","40232","2","1","0","01","-","1","1","1","26","20/12/1994","1","07","3","2","5","01","1","5","3","2","999999",1,,12439,0
"00","1021","2","13A205","14","40232","2","1","0","02","-","1","2","2","23","15/06/1998","1","07","3","2","5","01","1","5","3","2","999999",1,"1",12439,25098
"00","1021","2","13A205","14","40232","4","1","0","02","-","1","6","2","21","13/09/2000","1","07","3","1","6","06",,,,,,1,,12439,0
"00","1021","2","13A205","14","40232","4","1","0","01","-","1","1","1","27","14/06/1994","1","07","3","2","6","01","1","5","3","2","999999",1,"1",12439,25098
"00","1021","2","13A205","14","40232","3","1","0","02","-","1","2","2","77","24/11/1943","1","04","3","2","5","07",,,,,,1,"1",12439,25098
"00","1021","2","13A205","14","40232","1","1","0","02","-","1","2","2","38","07/06/1983","1","07","4","2","1","07",,,,,,1,,12439,0
"00","1021","2","13A205","14","40232","1","1","0","03","-","1","3","2","00","18/05/2021",,,,,,,,,,,,1,,12439,0
"00","1021","2","13A205","14","40232","3","1","0","01","-","1","1","1","85","08/01/1936","1","07","5","2","5","08",,,,,,1,,12439,0
"00","1021","2","13A205","14","40232","1","1","0","01","-","1","1","1","41","25/09/1980","1","04","3","2","1","01","1","5","3","2","004000",1,"1",12439,25098
"00","1021","8","12A197","14","40235","1","1","0","03","-","1","3","1","08","21/02/2013","1","02","3","1",,,,,,,,1,,7828,0
"00","1021","8","12A197","14","40235","1","1","0","04","-","1","3","2","01","08/09/2020",,,,,,,,,,,,1,,7828,0
"00","1021","8","12A197","14","40235","2","1","0","01","-","1","1","1","78","24/12/1942","1","02","6","2","4","08",,,,,,1,"1",7828,15851
"00","1021","8","12A197","14","40235","4","1","1","02","-","1","2","2","66","15/01/1955","1","02","6","2","5","07",,,,,,1,"1",7828,31702
"00","1021","8","12A197","14","40235","4","1","1","01","-","1","1","1","67","15/06/1954","1","04","1","2","5","08",,,,,,1,,7828,0
"00","1021","8","12A197","14","40235","4","1","1","04","-","1","3","2","34","15/06/1987","1","07","4","2","1","07",,,,,,1,,7828,0
"00","1021","8","12A197","14","40235","4","1","1","03","-","1","5","1","35","15/06/1986","1","04","3","2","1","01","4","4","2","1","999999",1,,7828,0
"00","1021","8","12A197","14","40235","4","1","1","05","-","1","5","1","07","15/06/2014","1","02","1","1",,,,,,,,1,,7828,0
"00","1021","8","12A197","14","40235","2","1","0","02","-","1","3","2","40","05/03/1981","1","04","3","2","6","01","4","5","3","1","001400",1,,7828,0
"00","1021","8","12A197","14","40235","3","1","0","01","-","1","1","1","37","02/12/1983","1","07","2","2","5","01","1","5","3","2","999999",1,"1",7828,15851
"00","1021","8","12A197","14","40235","3","1","0","04","-","1","3","1","13","20/03/2008","1","02","6","1","6","06",,,,,,1,,7828,0
"00","1021","8","12A197","14","40235","3","1","0","03","-","1","3","2","16","28/02/2005","1","04","1","1","6","06",,,,,,1,,7828,0
"00","1021","8","12A197","14","40235","3","1","0","02","-","1","2","2","36","15/06/1985","1","04","3","2","5","07",,,,,,1,,7828,0
"00","1021","8","12A197","14","40235","1","1","0","01","-","1","1","1","31","18/12/1989","1","04","2","2","1","01","7","2","3","2","003500",1,,7828,0
"00","1021","8","12A197","14","40235","1","1","0","02","-","1","2","2","28","30/11/1992","1","04","2","2","1","07",,,,,,1,"1",7828,15851
"00","1021","6","12B191","14","40242","1","1","0","04","-","1","5","2","15","04/11/2005","1","03","2","1","6","06",,,,,,1,,6936,0
"00","1021","6","12B191","14","40242","1","1","0","05","-","1","5","2","09","06/08/2012","1","02","2","1",,,,,,,,1,,6936,0
"00","1021","6","12B191","14","40242","1","1","0","01","-","1","1","1","72","27/02/1949","1","03","3","2","4","08",,,,,,1,,6936,0
"00","1021","6","12B191","14","40242","1","1","0","02","-","1","3","2","35","10/12/1985","1","03","3","2","6","01","7","2","3","1","001300",1,"1",6936,13977
"00","1021","6","12B191","14","40242","1","1","0","03","-","1","5","1","17","21/03/2004","1","04","1","1","6","01","5","4","3","1","000300",1,,6936,0
"00","1021","6","12B191","14","40242","2","1","0","04","-","1","3","2","07","20/08/2014","1","02","1","1",,,,,,,,1,,6936,0
"00","1021","6","12B191","14","40242","3","1","1","03","-","1","5","1","23","01/09/1998","1","03","3","2","1","01","7","2","3","1","001000",1,,6936,0
"00","1021","6","12B191","14","40242","2","1","0","02","-","1","3","1","14","17/04/2007","1","03","1","1","6","06",,,,,,1,,6936,0
"00","1021","6","12B191","14","40242","2","1","0","03","-","1","3","1","08","14/11/2012","1","02","2","1",,,,,,,,1,,6936,0
"00","1021","6","12B191","14","40242","3","1","1","01","-","1","1","1","54","01/09/1967","1","02","6","2","1","01","5","3","3","1","999999",1,,6936,0
"00","1021","6","12B191","14","40242","3","1","1","02","-","1","2","2","53","20/04/1968","1","00",,"2","1","01","4","4","2","1","000300",1,,6936,0
"00","1021","6","12B191","14","40242","3","1","1","05","-","1","5","1","02","05/07/2019",,,,,,,,,,,,1,,6936,0
"00","1021","6","12B191","14","40242","3","1","1","04","-","1","3","2","21","11/12/1999","1","02","6","2","1","07",,,,,,1,"1",6936,27953
"00","1021","6","12B191","14","40242","2","1","0","01","-","1","1","2","33","07/08/1988","1","03","3","2","6","01","7","2","3","1","001200",1,"1",6936,6988
"00","1021","2","12A205","14","40278","4","1","0","01","-","1","1","2","59","20/03/1962","1","03","3","2","2","07",,,,,,1,"1",7280,29485
"00","1021","2","12A205","14","40278","4","1","0","03","-","1","3","2","28","15/06/1993","1","07","3","2","6","01","4","4","3","2","999999",1,,7280,0
"00","1021","2","12A205","14","40278","3","1","0","03","-","1","3","1","09","04/07/2012","1","02","3","1",,,,,,,,1,,7280,0
"00","1021","2","12A205","14","40278","3","1","0","04","-","1","3","2","04","20/07/2017",,,,,,,,,,,,1,,7280,0
"00","1021","2","12A205","14","40278","3","1","0","02","-","1","2","1","39","01/08/1982","1","07","3","2","5","01","7","2","3","2","005200",1,"1",7280,14742
"00","1021","2","12A205","14","40278","3","1","0","01","-","1","1","2","40","26/02/1981","1","07","4","2","5","01","5","5","3","1","003000",1,,7280,0
"00","1021","2","12A205","14","40278","1","1","0","01","-","1","1","1","78","23/05/1943","1","02","6","2","5","01","7","2","2","1","001500",1,"1",7280,14742
"00","1021","2","12A205","14","40278","1","1","0","02","-","1","2","2","72","05/08/1949","1","02","6","2","5","02","7","2","6","5",,1,,7280,0
"00","1021","2","12A205","14","40278","4","1","0","04","-","1","3","2","21","15/06/2000","1","04","3","1","6","06",,,,,,1,,7280,0
"00","1021","2","12A205","14","40278","4","1","0","02","-","1","3","2","30","04/06/1991","1","06","2","2","6","01","5","5","3","2","004200",1,,7280,0
"00","1021","8","11A197","14","40279","2","1","1","03","-","1","3","2","14","03/04/2007","1","03","2","1","6","06",,,,,,1,,6434,0
"00","1021","8","11A197","14","40279","2","1","1","04","-","1","4","2","84","05/05/1937","1","02","3","2","4","07",,,,,,1,,6434,0
"00","1021","8","11A197","14","40279","4","1","0","04","-","1","3","1","29","04/08/1992","1","04","2","2","6","01","5","5","3","1","000500",1,,6434,0
"00","1021","8","11A197","14","40279","4","1","0","01","-","1","1","1","65","22/01/1956","1","02","6","2","5","08",,,,,,1,,6434,0
"00","1021","8","11A197","14","40279","2","1","1","02","-","1","2","1","48","04/07/1973","1","07","2","2","5","01","7","3","2","1","004000",1,,6434,0
"00","1021","8","11A197","14","40279","3","1","2","04","-","1","3","1","15","28/05/2006","1","03","1","1","6","06",,,,,,1,,6434,0
"00","1021","8","11A197","14","40279","4","1","0","02","-","1","2","2","68","06/04/1953","1","04","3","2","5","07",,,,,,1,,6434,0
"00","1021","8","11A197","14","40279","3","1","2","01","-","1","1","1","37","21/09/1984","1","03","3","2","1","01","7","2","3","1","004000",1,"1",6434,19543
"00","1021","8","11A197","14","40279","3","1","2","03","-","1","7","1","37","15/08/1984","1","02","6","2","6","04",,,,,,1,,6434,0
"00","1021","8","11A197","14","40279","3","1","2","02","-","1","2","2","50","28/03/1971","1","02","6","2","1","07",,,,,,1,,6434,0
"00","1021","8","11A197","14","40279","2","1","1","01","-","1","1","2","47","10/12/1973","1","04","3","2","5","07",,,,,,1,"1",6434,19543
"00","1021","8","11A197","14","40279","4","1","0","03","-","1","3","1","36","20/05/1985","1","02","6","2","6","01","7","2","3","1","000800",1,"1",6434,26058
"00","1021","8","11A197","14","40279","3","1","2","05","-","1","3","1","12","18/04/2009","1","02","5","1","6","06",,,,,,1,,6434,0
"00","1021","8","11A197","14","40280","1","1","0","01","-","1","1","2","63","28/02/1958","1","02","6","2","2","07",,,,,,1,"1",9247,27953
"00","1021","8","11A197","14","40280","1","1","0","05","-","1","5","1","06","05/07/2015","2","01","3","1",,,,,,,,1,,9247,0
"00","1021","8","11A197","14","40280","1","1","0","04","-","1","5","1","11","15/09/2010","1","02","3","1",,,,,,,,1,,9247,0
"00","1021","8","11A197","14","40280","1","1","0","06","-","1","5","1","02","05/03/2019",,,,,,,,,,,,1,,9247,0
"00","1021","8","11A197","14","40280","1","1","0","03","-","1","5","1","29","15/03/1992","1","04","3","2","1","01","5","5","2","1","002000",1,,9247,0
"00","1021","8","11A197","14","40280","1","1","0","02","-","1","3","2","30","20/05/1991","1","03","3","2","1","07",,,,,,1,,9247,0
"00","1021","8","11A197","14","40280","2","1","0","01","-","1","1","2","57","09/02/1964","1","04","3","1","6","01","7","2","3","1","001200",1,"1",9247,9318
"00","1021","8","11A197","14","40280","3","1","0","01","-","1","1","1","38","18/10/1982","1","04","3","2","5","01","4","4","3","4","010000",1,"1",9247,18636
"00","1021","8","11A197","14","40280","4","1","0","04","-","1","3","1","15","10/08/2006","1","03","1","1","6","06",,,,,,1,,9247,0
"00","1021","8","11A197","14","40280","4","1","0","02","-","1","2","2","35","06/08/1986","1","03","3","2","5","01","7","2","3","1","002500",1,"1",9247,18636
"00","1021","8","11A197","14","40280","4","1","0","05","-","1","3","2","07","25/02/2014","2","01","3","1",,,,,,,,1,,9247,0
"00","1021","8","11A197","14","40280","4","1","0","01","-","1","1","1","35","25/05/1986","1","03","3","2","5","01","7","2","3","1","003200",1,,9247,0
"00","1021","8","11A197","14","40280","4","1","0","03","-","1","3","1","15","01/07/2006","1","03","2","1","6","06",,,,,,1,,9247,0
"00","1021","8","11A197","14","40280","3","1","0","02","-","1","2","2","33","20/03/1988","1","04","3","2","5","07",,,,,,1,,9247,0
"00","1021","2","12A205","14","40281","1","1","0","04","-","1","5","2","11","29/04/2010","1","02","5","1",,,,,,,,1,,7608,0
"00","1021","2","12A205","14","40281","4","1","0","03","-","1","3","1","30","07/01/1991","1","07","3","2","6","01","7","2","3","1","999999",1,,7608,0
"00","1021","2","12A205","14","40281","4","1","0","01","-","1","1","1","61","18/02/1960","1","04","2","2","5","08",,,,,,1,"1",7608,38516
"00","1021","2","12A205","14","40281","4","1","0","05","-","1","3","2","24","19/05/1997","1","07","4","2","6","01","5","5","3","2","999999",1,,7608,0
"00","1021","2","12A205","14","40281","4","1","0","04","-","1","3","2","27","05/11/1993","1","07","2","2","6","01","7","2","3","1","999999",1,,7608,0
"00","1021","2","12A205","14","40281","4","1","0","02","-","1","2","2","58","26/01/1963","1","02","6","2","5","07",,,,,,1,,7608,0
"00","1021","2","12A205","14","40281","3","1","0","02","-","1","3","1","21","23/01/2000","1","03","3","2","6","01","5","5","3","1","001500",1,,7608,0
"00","1021","2","12A205","14","40281","3","1","0","01","-","1","1","2","39","17/02/1982","1","02","6","2","2","01","5","5","3","1","001500",1,"1",7608,23110
"00","1021","2","12A205","14","40281","3","1","0","04","-","1","3","2","15","14/10/2005","1","04","1","1","6","06",,,,,,1,,7608,0
"00","1021","2","12A205","14","40281","3","1","0","03","-","1","3","2","19","28/08/2002","1","04","3","2","6","10",,,,,,1,,7608,0
"00","1021","2","12A205","14","40281","2","1","0","01","-","1","1","1","57","27/12/1963","1","03","3","2","5","01","5","4","3","1","001700",1,,7608,0
"00","1021","2","12A205","14","40281","2","1","0","02","-","1","2","2","55","02/04/1966","1","05","4","2","5","01","1","5","3","2","004000",1,"1",7608,15407
"00","1021","2","12A205","14","40281","1","1","0","02","-","1","3","1","34","10/05/1987","1","07","4","2","2","01","5","5","3","1","999999",1,,7608,0
"00","1021","2","12A205","14","40281","1","1","0","03","-","1","3","2","32","07/08/1989","1","07","4","2","3","01","4","4","3","1","999999",1,,7608,0
"00","1021","2","12A205","14","40281","1","1","0","01","-","1","1","2","69","18/08/1952","1","07","4","2","5","07",,,,,,1,"1",7608,23110
"00","1021","2","12A205","14","40285","3","1","0","01","-","1","1","2","55","02/09/1966","1","07","4","2","3","01","1","4","3","2","999999",1,,15254,0
"00","1021","2","12A205","14","40285","3","1","0","02","-","1","3","1","25","22/08/1996","1","07","3","1","6","06",,,,,,1,,15254,0
"00","1021","2","12A205","14","40285","1","1","0","01","-","1","1","1","35","14/04/1986","1","07","4","2","6","01","5","4","3","2","006000",1,"1",15254,15444
"00","1021","2","12A205","14","40285","2","1","0","02","-","1","3","2","24","27/04/1997","1","07","4","2","6","10",,,,,,1,,15254,0
"00","1021","2","12A205","14","40285","3","1","0","03","-","1","3","2","20","26/03/2001","1","07","3","1","6","06",,,,,,1,"1",15254,46331
"00","1021","2","12A205","14","40285","2","1","0","03","-","1","3","2","24","27/04/1997","1","07","4","2","6","01","1","5","3","2","007500",1,"1",15254,46331
"00","1021","2","12A205","14","40285","4","1","0","02","-","1","2","2","36","12/07/1985","1","03","3","2","1","01","4","4","2","1","002000",1,"1",15254,30887
"00","1021","2","12A205","14","40285","4","1","0","01","-","1","1","1","44","28/10/1976","1","03","3","2","1","01","4","4","2","1","002000",1,,15254,0
"00","1021","2","12A205","14","40285","2","1","0","01","-","1","1","2","50","22/12/1970","1","07","4","2","3","01","5","5","3","1","002000",1,,15254,0
"00","1021","6","12B191","14","40289","2","1","0","02","-","1","4","2","64","28/12/1956","1","00",,"2","5","01","4","4","2","1","000800",1,,8554,0
"00","1021","6","12B191","14","40289","2","1","0","01","-","1","1","2","38","24/11/1982","1","03","3","2","6","01","7","2","3","1","001200",1,"1",8554,25982
"00","1021","6","12B191","14","40289","1","1","0","02","-","1","2","2","38","22/04/1983","1","03","3","2","5","07",,,,,,1,,8554,0
"00","1021","6","12B191","14","40289","2","1","0","03","-","1","3","1","19","27/06/2002","1","02","4","2","6","04",,,,,,1,,8554,0
"00","1021","6","12B191","14","40289","4","1","0","02","-","1","2","2","34","14/02/1987","1","03","3","2","5","01","4","4","3","1","000900",1,"1",8554,17321
"00","1021","6","12B191","14","40289","4","1","0","03","-","1","3","1","17","08/12/2003","1","04","1","1","6","06",,,,,,1,,8554,0
"00","1021","6","12B191","14","40289","4","1","0","05","-","1","3","1","02","18/08/2019",,,,,,,,,,,,1,,8554,0
"00","1021","6","12B191","14","40289","4","1","0","01","-","1","1","1","35","03/08/1986","1","04","3","2","5","01","4","4","3","1","001800",1,,8554,0
"00","1021","6","12B191","14","40289","3","1","0","02","-","1","6","2","28","10/11/1992","1","07","4","2","6","01","1","5","3","2","005000",1,,8554,0
"00","1021","6","12B191","14","40289","3","1","0","01","-","1","1","2","28","10/11/1992","1","07","4","2","6","01","1","5","3","2","006000",1,"1",8554,17321
"00","1021","6","12B191","14","40289","1","1","0","01","-","1","1","1","45","30/03/1976","1","03","3","2","5","01","5","5","3","2","003500",1,"1",8554,17321
"00","1021","6","12B191","14","40289","1","1","0","03","-","1","3","1","01","18/03/2020",,,,,,,,,,,,1,,8554,0
"00","1021","6","12B191","14","40289","4","1","0","04","-","1","3","2","12","20/08/2009","1","02","5","1","6","06",,,,,,1,,8554,0
"00","1021","6","12B191","14","40292","3","1","1","02","-","1","6","2","59","22/08/1962","1","03","3","2","6","01","4","4","2","1","003000",1,,7053,0
"00","1021","6","12B191","14","40292","3","1","1","01","-","1","1","2","58","03/06/1963","1","03","3","2","6","01","4","4","2","1","003000",1,"1",7053,14282
"00","1021","6","12B191","14","40292","2","1","0","04","-","1","3","2","25","10/01/1996","1","04","3","2","6","04",,,,,,1,,7053,0
"00","1021","6","12B191","14","40292","2","1","0","01","-","1","1","2","51","09/07/1970","1","02","6","2","6","07",,,,,,1,,7053,0
"00","1021","6","12B191","14","40292","2","1","0","02","-","1","3","1","31","08/05/1990","1","04","3","2","6","01","3","7","3","2","007300",1,,7053,0
"00","1021","6","12B191","14","40292","2","1","0","03","-","1","3","2","27","18/12/1993","1","04","3","2","6","01","4","4","3","2","003000",1,"1",7053,35704
"00","1021","6","12B191","14","40292","4","1","0","01","-","1","1","1","53","01/06/1968","1","07","4","2","6","01","1","7","3","3","007000",1,,7053,0
"00","1021","6","12B191","14","40292","2","1","0","05","-","1","3","2","22","04/06/1999","1","07","1","1","6","06",,,,,,1,,7053,0
"00","1021","6","12B191","14","40292","4","1","0","05","-","1","3","1","23","03/08/1998","1","07","3","2","6","01","1","7","3","2","007000",1,,7053,0
"00","1021","6","12B191","14","40292","4","1","0","02","-","1","2","2","54","22/04/1967","1","07","4","2","5","01","1","7","3","2","007000",1,"1",7053,35704
"00","1021","6","12B191","14","40292","4","1","0","04","-","1","3","1","24","01/08/1997","1","07","4","2","6","01","1","7","3","2","008200",1,,7053,0
"00","1021","6","12B191","14","40292","4","1","0","03","-","1","3","2","26","02/10/1995","1","07","4","2","6","01","1","7","3","2","006000",1,,7053,0
"00","1021","6","12B191","14","40292","2","1","0","06","-","1","5","1","08","08/08/2013","1","02","1","1",,,,,,,,1,,7053,0
"00","1021","2","12A205","14","40326","1","1","0","02","-","1","2","2","63","27/06/1958","1","06","2","2","1","01","5","5","3","2","004000",1,"1",7402,14989
"00","1021","2","12A205","14","40326","4","1","0","04","-","1","3","2","20","25/11/2000","1","07","3","1","6","06",,,,,,1,,7402,0
"00","1021","2","12A205","14","40326","4","1","0","02","-","1","2","2","49","07/04/1972","1","03","3","2","5","01","5","5","3","1","002000",1,,7402,0
"00","1021","2","12A205","14","40326","3","1","0","02","-","1","2","2","67","10/08/1954","1","02","6","2","5","07",,,,,,1,,7402,0
"00","1021","2","12A205","14","40326","3","1","0","03","-","1","3","1","21","09/05/2000","1","04","3","2","6","04",,,,,,1,,7402,0
"00","1021","2","12A205","14","40326","3","1","0","01","-","1","1","1","67","09/03/1954","1","03","3","2","5","08",,,,,,1,"1",7402,22484
"00","1021","2","12A205","14","40326","3","1","0","04","-","1","5","2","12","06/01/2009","1","02","6","1","6","06",,,,,,1,,7402,0
"00","1021","2","12A205","14","40326","2","1","0","04","-","1","4","2","75","15/07/1946","1","02","6","2","4","10",,,,,,1,,7402,0
"00","1021","2","12A205","14","40326","2","1","0","01","-","1","1","2","67","01/07/1954","1","05","4","2","5","08",,,,,,1,"1",7402,29979
"00","1021","2","12A205","14","40326","2","1","0","03","-","1","3","1","43","19/05/1978","1","07","4","2","6","01","1","5","2","3","014000",1,,7402,0
"00","1021","2","12A205","14","40326","2","1","0","02","-","1","2","1","67","04/10/1954","1","07","3","2","5","01","1","5","3","2","007500",1,,7402,0
"00","1021","2","12A205","14","40326","4","1","0","01","-","1","1","1","49","15/11/1971","1","04","3","2","5","01","7","2","3","2","005500",1,"1",7402,29979
"00","1021","2","12A205","14","40326","4","1","0","05","-","1","3","1","17","29/10/2003","1","04","2","1","6","06",,,,,,1,,7402,0
"00","1021","2","12A205","14","40326","4","1","0","03","-","1","3","2","24","24/12/1996","1","07","4","1","6","06",,,,,,1,,7402,0
"00","1021","2","12A205","14","40326","1","1","0","01","-","1","1","1","65","02/11/1955","1","04","3","2","1","01","5","2","2","1","003500",1,,7402,0
"00","1021","2","11A205","14","40329","3","1","0","01","-","1","1","1","35","24/02/1986","1","07","3","2","5","01","1","5","2","1","002500",1,"1",9288,18717
"00","1021","2","11A205","14","40329","3","1","0","02","-","1","2","2","28","14/04/1993","1","07","3","2","5","07",,,,,,1,,9288,0
"00","1021","2","11A205","14","40329","1","1","0","03","-","1","6","2","21","02/06/2000","1","03","3","2","6","01","5","5","3","1","003000",1,,9288,0
"00","1021","2","11A205","14","40329","1","1","0","02","-","1","2","2","22","11/07/1999","1","04","3","2","1","04",,,,,,1,,9288,0
"00","1021","2","11A205","14","40329","1","1","0","04","-","1","6","2","19","30/08/2002","1","03","3","2","6","01","5","5","3","2","003000",1,,9288,0
"00","1021","2","11A205","14","40329","1","1","0","01","-","1","1","1","23","12/02/1998","1","03","3","2","1","01","7","2","3","2","006000",1,"1",9288,37434
"00","1021","2","11A205","14","40329","3","1","0","03","-","1","3","1","00","18/11/2020",,,,,,,,,,,,1,,9288,0
"00","1021","2","11A205","14","40329","2","1","0","03","-","1","3","2","11","20/05/2010","1","02","4","1",,,,,,,,1,,9288,0
"00","1021","2","11A205","14","40329","2","1","0","04","-","1","3","1","00","13/10/2021",,,,,,,,,,,,1,,9288,0
"00","1021","2","11A205","14","40329","2","1","0","01","-","1","1","1","50","23/12/1970","1","07","4","2","1","01","1","5","3","2","008000",1,"1",9288,18717
"00","1021","2","11A205","14","40329","2","1","0","02","-","1","2","2","32","11/07/1989","1","03","3","2","1","01","1","5","2","1","000500",1,,9288,0
"00","1021","2","11A205","14","40329","4","1","0","01","-","1","1","1","33","15/09/1988","1","04","3","2","5","01","4","5","3","2","004900",1,,9288,0
"00","1021","2","11A205","14","40329","4","1","0","05","-","1","3","1","06","14/08/2015","2","01","3","1",,,,,,,,1,,9288,0
"00","1021","2","11A205","14","40329","4","1","0","04","-","1","3","1","09","31/08/2012","1","02","3","1",,,,,,,,1,,9288,0
"00","1021","2","11A205","14","40329","4","1","0","02","-","1","2","2","42","09/09/1979","1","04","3","2","5","07",,,,,,1,"1",9288,18717
"00","1021","2","11A205","14","40329","4","1","0","03","-","1","3","2","11","21/06/2010","1","02","5","1",,,,,,,,1,,9288,0
"00","1021","6","11B191","14","40333","1","1","0","03","-","1","3","2","04","17/12/2016",,,,,,,,,,,,1,,6354,0
"00","1021","6","11B191","14","40333","1","1","0","02","-","1","2","2","22","18/05/1999","1","03","3","2","1","07",,,,,,1,"1",6354,12804
"00","1021","6","11B191","14","40333","1","1","0","01","-","1","1","1","35","12/12/1985","1","04","3","2","1","01","5","5","3","2","005000",1,,6354,0
"00","1021","6","11B191","14","40333","1","1","0","04","-","1","3","1","01","25/05/2020",,,,,,,,,,,,1,,6354,0
"00","1021","6","11B191","14","40333","2","1","0","01","-","1","1","1","68","16/06/1953","1","02","6","2","5","08",,,,,,1,,6354,0
"00","1021","6","11B191","14","40333","3","1","0","02","-","1","3","2","47","15/10/1973","1","04","3","2","6","01","3","5","3","2","006500",1,"1",6354,12804
"00","1021","6","11B191","14","40333","4","1","0","01","-","1","1","2","82","13/08/1939","1","02","3","2","6","07",,,,,,1,"1",6354,6402
"00","1021","6","11B191","14","40333","2","1","0","03","-","1","3","2","47","15/05/1974","1","07","4","2","6","01","2","5","3","2","009000",1,,6354,0
"00","1021","6","11B191","14","40333","2","1","0","02","-","1","2","2","68","18/02/1953","1","02","6","2","5","07",,,,,,1,"1",6354,19207
"00","1021","6","11B191","14","40333","3","1","0","01","-","1","1","2","68","19/01/1953","1","02","6","2","4","07",,,,,,1,,6354,0
"00","1021","6","13B191","14","40334","2","1","0","03","-","1","3","1","12","11/09/2009","1","02","5","1","6","06",,,,,,1,,7071,0
"00","1021","6","13B191","14","40334","2","1","0","02","-","1","2","2","36","18/02/1985","1","08","2","2","5","01","1","5","3","2","015000",1,,7071,0
"00","1021","6","13B191","14","40334","2","1","0","04","-","1","3","2","04","30/06/2017",,,,,,,,,,,,1,,7071,0
"00","1021","6","13B191","14","40334","4","1","0","01","-","1","1","2","66","26/07/1955","1","07","4","2","4","01","1","5","5","2","005000",1,"1",7071,14319
"00","1021","6","13B191","14","40334","4","1","0","02","-","1","3","1","36","07/10/1984","1","07","4","2","6","01","1","5","3","2","999999",1,,7071,0
"00","1021","5","13B191","14","40334","4","1","0","03","-","2",,,,,,,,,,,,,,,,1,,0,0
"00","1021","6","13B191","14","40334","2","1","0","01","-","1","1","1","38","06/09/1983","1","08","2","2","5","01","1","5","2","3","030000",1,"1",7071,14319
"00","1021","6","13B191","14","40334","3","1","0","02","-","1","3","2","38","16/06/1983","1","07","5","2","6","01","1","5","2","2","006000",1,,7071,0
"00","1021","6","13B191","14","40334","3","1","0","01","-","1","1","2","78","20/01/1943","1","03","3","2","4","07",,,,,,1,"1",7071,14319
"00","1021","6","13B191","14","40334","3","1","0","03","-","1","5","1","06","24/04/2015","2","01","2","1",,,,,,,,1,,7071,0
"00","1021","6","11B191","14","40338","2","1","1","01","-","1","1","2","34","07/12/1986","1","03","3","2","6","01","4","4","3","1","000600",1,"1",7303,7394
"00","1021","6","11B191","14","40338","3","1","0","01","-","1","1","1","73","20/04/1948","1","02","1","2","5","08",,,,,,1,,7303,0
"00","1021","6","11B191","14","40338","1","1","0","02","-","1","2","2","24","25/03/1997","1","99",,"2","1","01","5","5","3","1","002000",1,"1",7303,14787
"00","1021","6","11B191","14","40338","1","1","0","03","-","1","3","2","03","11/02/2018",,,,,,,,,,,,1,,7303,0
"00","1021","6","11B191","14","40338","1","1","0","01","-","1","1","1","23","06/10/1997","1","07","3","1","1","01","5","5","2","1","002000",1,,7303,0
"00","1021","6","11B191","14","40338","2","1","1","02","-","1","3","2","07","28/03/2014","1","01","3","1",,,,,,,,1,,7303,0
"00","1021","6","11B191","14","40338","4","1","0","01","-","1","1","2","57","06/10/1964","1","99",,"2","6","01","5","4","3","1","001500",1,"1",7303,7394
"00","1021","6","11B191","14","40338","3","1","0","02","-","1","2","2","69","14/04/1952","1","02","2","2","5","07",,,,,,1,"1",7303,14787
"00","1021","4","11A203","14","40369","3","1","0","03","-","1","3","1","20","19/08/2001","1","03","3","2","1","01","7","2","4","2","002000",1,,6619,0
"00","1021","4","11A203","14","40369","3","1","0","02","-","1","2","2","42","26/05/1979","1","03","3","2","5","07",,,,,,1,,6619,0
"00","1021","4","11A203","14","40369","3","1","0","05","-","1","5","1","00","20/05/2021",,,,,,,,,,,,1,,6619,0
"00","1021","4","11A203","14","40369","1","1","0","03","-","1","3","2","06","01/01/2015","2","01","2","1",,,,,,,,1,,6619,0
"00","1021","4","11A203","14","40369","1","1","0","04","-","1","3","2","03","05/08/2018",,,,,,,,,,,,1,,6619,0
"00","1021","4","11A203","14","40369","1","1","0","01","-","1","1","1","36","25/11/1984","1","04","3","2","5","01","7","2","3","1","002000",1,"1",6619,13338
"00","1021","4","11A203","14","40369","1","1","0","02","-","1","2","2","25","10/10/1995","1","03","3","2","5","07",,,,,,1,,6619,0
"00","1021","4","11A203","14","40369","2","1","0","02","-","1","3","2","16","16/12/2004","1","03","3","1","6","06",,,,,,1,,6619,0
"00","1021","4","11A203","14","40369","3","1","0","01","-","1","1","1","43","12/05/1978","1","04","1","2","5","01","7","2","2","1","003000",1,"1",6619,20008
"00","1021","4","11A203","14","40369","3","1","0","04","-","1","5","2","16","01/09/2005","1","03","3","2","1","07",,,,,,1,,6619,0
"00","1021","4","11A203","14","40369","2","1","0","01","-","1","1","2","51","22/05/1970","1","00",,"2","2","01","5","5","3","1","001200",1,"1",6619,6669
"00","1021","2","13A205","14","40370","2","1","0","01","-","1","1","1","80","02/09/1941","1","04","3","2","4","01","6","1","2","3","999999",1,,10601,0
"00","1021","2","13A205","14","40370","1","1","0","02","-","1","3","1","24","19/07/1997","1","07","2","1","6","06",,,,,,1,"1",10601,21390
"00","1021","2","13A205","14","40370","1","1","0","01","-","1","1","2","60","15/06/1961","1","07","5","2","6","01","1","2","3","2","999999",1,,10601,0
"00","1021","2","13A205","14","40370","2","1","0","02","-","1","3","1","43","01/02/1978","1","07","4","2","5","01","6","1","2","3","999999",1,"1",10601,21390
"00","1021","2","11A205","14","40371","3","1","0","04","-","1","3","2","08","23/10/2012","1","02","3","1",,,,,,,,1,,7599,0
"00","1021","2","11A205","14","40371","3","1","0","03","-","1","3","2","14","09/04/2007","1","03","2","1","6","06",,,,,,1,,7599,0
"00","1021","2","11A205","14","40371","3","1","0","02","-","1","2","2","38","16/10/1982","1","04","3","2","5","07",,,,,,1,,7599,0
"00","1021","2","11A205","14","40371","3","1","0","01","-","1","1","1","41","26/06/1980","1","07","4","2","5","01","5","5","2","1","004000",1,"1",7599,15315
"00","1021","2","11A205","14","40371","4","1","0","01","-","1","1","1","72","13/09/1949","1","02","2","2","4","01","4","4","2","1","000400",1,"1",7599,7657
"00","1021","2","11A205","14","40371","2","1","0","01","-","1","1","2","70","15/05/1951","1","00",,"2","4","08",,,,,,1,,7599,0
"00","1021","2","11A205","14","40371","1","1","0","02","-","1","3","1","60","13/07/1961","1","02","6","2","6","09",,,,,,1,"1",7599,15315
"00","1021","2","11A205","14","40371","1","1","0","01","-","1","1","2","87","14/08/1934","2","00",,"2","4","07",,,,,,1,,7599,0
"00","1021","2","11A205","14","40371","2","1","0","02","-","1","5","1","33","18/10/1987","1","03","3","2","6","01","5","5","3","1","001800",1,"1",7599,15315
"00","1021","1","12A206","14","40417","2","1","0","03","-","1","3","1","25","11/04/1996","1","04","3","2","6","01","4","4","3","1","999999",1,,8232,0
"00","1021","1","12A206","14","40417","4","1","0","01","-","1","1","1","31","23/08/1990","1","04","3","2","1","01","5","5","3","2","013000",1,,8232,0
"00","1021","1","12A206","14","40417","3","1","0","04","-","1","3","1","23","22/11/1997","1","03","3","2","6","01","4","4","2","1","001500",1,,8232,0
"00","1021","1","12A206","14","40417","3","1","0","01","-","1","1","2","55","26/07/1966","1","03","1","2","3","01","5","5","3","1","002000",1,"1",8232,33338
"00","1021","1","12A206","14","40417","3","1","0","03","-","1","6","1","52","08/11/1968","2","00",,"2","6","09",,,,,,1,,8232,0
"00","1021","1","12A206","14","40417","4","1","0","03","-","1","3","1","03","27/12/2017",,,,,,,,,,,,1,,8232,0
"00","1021","1","12A206","14","40417","4","1","0","02","-","1","2","2","29","26/02/1992","1","03","3","2","1","07",,,,,,1,"1",8232,16669
"00","1021","1","12A206","14","40417","3","1","0","02","-","1","4","1","84","02/10/1937","1","02","1","2","4","08",,,,,,1,,8232,0
"00","1021","1","12A206","14","40417","1","1","0","02","-","1","2","2","55","30/06/1966","1","03","3","2","5","07",,,,,,1,,8232,0
"00","1021","1","12A206","14","40417","1","1","0","01","-","1","1","1","54","18/03/1967","1","03","3","2","5","01","5","5","2","1","001000",1,"1",8232,33338
"00","1021","1","12A206","14","40417","1","1","0","04","-","1","3","2","26","06/09/1995","1","07","4","2","6","01","1","2","3","2","999999",1,,8232,0
"00","1021","1","12A206","14","40417","1","1","0","03","-","1","3","1","29","13/12/1991","1","04","3","2","6","01","7","2","3","2","002000",1,,8232,0
"00","1021","1","12A206","14","40417","2","1","0","01","-","1","1","1","56","14/01/1965","1","03","2","2","5","09",,,,,,1,"1",8232,33338
"00","1021","1","12A206","14","40417","2","1","0","04","-","1","3","1","21","14/04/2000","1","04","3","2","6","04",,,,,,1,,8232,0
"00","1021","1","12A206","14","40417","2","1","0","02","-","1","2","2","54","16/02/1967","1","03","3","2","5","01","5","5","3","2","999999",1,,8232,0
"00","1021","1","12A206","14","40418","3","1","0","01","-","1","1","1","38","29/06/1983","1","04","3","2","5","01","4","4","2","1","004000",1,,7673,0
"00","1021","1","12A206","14","40418","1","1","0","01","-","1","1","1","61","25/12/1959","1","04","3","2","5","01","4","4","2","2","006000",1,"1",7673,23306
"00","1021","1","12A206","14","40418","4","1","0","02","-","1","2","2","53","09/09/1968","1","04","3","2","5","02","4","4","6","5",,1,,7673,0
"00","1021","1","12A206","14","40418","4","1","0","04","-","1","5","2","31","24/10/1989","1","04","3","2","5","02","4","4","6","5",,1,"1",7673,38843
"00","1021","1","12A206","14","40418","4","1","0","06","-","1","5","1","15","19/07/2006","1","03","2","1","6","06",,,,,,1,,7673,0
"00","1021","1","12A206","14","40418","4","1","0","01","-","1","1","1","54","23/07/1967","1","07","4","2","5","01","4","4","2","3","014000",1,,7673,0
"00","1021","1","12A206","14","40418","4","1","0","03","-","1","3","1","33","30/04/1988","1","07","4","2","5","01","4","4","2","3","010000",1,,7673,0
"00","1021","1","12A206","14","40418","4","1","0","05","-","1","3","1","21","13/07/2000","1","07","2","1","6","01","4","4","3","1","999999",1,,7673,0
"00","1021","1","12A206","14","40418","3","1","0","02","-","1","2","2","34","10/12/1986","1","04","3","2","5","02","3","4","6","5",,1,"1",7673,15537
"00","1021","1","12A206","14","40418","3","1","0","03","-","1","3","2","03","25/10/2017",,,,,,,,,,,,1,,7673,0
"00","1021","1","12A206","14","40418","2","1","0","03","-","1","3","1","28","05/05/1993","1","04","3","2","6","01","7","2","3","2","005000",1,,7673,0
"00","1021","1","12A206","14","40418","2","1","0","01","-","1","1","1","59","10/06/1962","1","03","3","2","5","08",,,,,,1,,7673,0
"00","1021","1","12A206","14","40418","2","1","0","02","-","1","2","2","59","17/04/1962","1","03","3","2","5","07",,,,,,1,"1",7673,23306
"00","1021","1","12A206","14","40418","1","1","0","03","-","1","3","1","29","30/01/1992","1","07","4","2","6","01","1","7","3","2","006000",1,,7673,0
"00","1021","1","12A206","14","40418","1","1","0","02","-","1","2","2","60","12/09/1961","1","05","4","2","5","01","3","7","3","2","007000",1,,7673,0
"00","1021","1","12A206","14","40418","4","1","0","07","-","1","5","2","11","08/01/2010","1","02","4","1",,,,,,,,1,,7673,0
"00","1021","8","13A197","14","40421","2","1","0","01","-","1","1","1","56","02/05/1965","1","03","3","2","5","08",,,,,,1,,7382,0
"00","1021","8","13A197","14","40421","2","1","0","04","-","1","3","1","28","01/12/1992","1","07","4","2","6","01","1","3","3","1","003500",1,"1",7382,37372
"00","1021","8","13A197","14","40421","1","1","0","02","-","1","3","2","41","30/09/1980","1","07","4","2","6","01","1","5","3","2","006000",1,"1",7382,14949
"00","1021","8","13A197","14","40421","1","1","0","01","-","1","1","2","73","16/10/1947","1","03","3","2","4","01","4","4","2","1","000800",1,,7382,0
"00","1021","6","13A197","14","40421","4","1","0","04","-","2",,,,,,,,,,,,,,,,1,,0,0
"00","1021","6","13A197","14","40421","4","1","0","03","-","2",,,,,,,,,,,,,,,,1,,0,0
"00","1021","8","13A197","14","40421","3","1","0","01","-","1","1","1","25","23/02/1996","1","07","4","2","1","01","1","5","3","2","005000",1,"1",7382,22423
"00","1021","8","13A197","14","40421","4","1","0","02","-","1","2","1","76","19/04/1945","1","02","6","2","5","08",,,,,,1,,7382,0
"00","1021","8","13A197","14","40421","3","1","0","03","-","1","2","2","26","29/05/1995","1","07","4","2","1","01","4","4","2","1","001200",1,,7382,0
"00","1021","8","13A197","14","40421","3","1","0","02","-","1","8","1","25","15/04/1996","1","03","3","2","6","01","7","2","3","2","003500",1,,7382,0
"00","1021","8","13A197","14","40421","2","1","0","02","-","1","2","2","49","25/06/1972","1","03","3","2","5","01","4","5","3","1","001300",1,,7382,0
"00","1021","8","13A197","14","40421","2","1","0","05","-","1","3","1","27","08/01/1994","1","07","4","2","6","01","7","2","3","2","999999",1,,7382,0
"00","1021","8","13A197","14","40421","2","1","0","03","-","1","3","2","28","04/03/1993","1","07","4","2","6","01","4","5","3","1","000800",1,,7382,0
"00","1021","8","13A197","14","40421","4","1","0","01","-","1","1","2","68","01/02/1953","1","02","6","2","5","01","4","4","1","1","004000",1,"1",7382,14949
"00","1021","1","12A206","14","40423","4","1","0","01","-","1","1","1","60","02/11/1960","1","07","5","2","5","08",,,,,,1,"1",7083,14343
"00","1021","1","12A206","14","40423","4","1","0","02","-","1","2","2","37","10/08/1984","1","06","3","2","5","07",,,,,,1,,7083,0
"00","1021","1","12A206","14","40423","3","1","0","02","-","1","2","2","66","28/09/1955","1","03","2","2","5","01","4","4","2","1","000900",1,"1",7083,28687
"00","1021","1","12A206","14","40423","3","1","0","04","-","1","3","2","29","12/08/1992","1","03","3","2","6","07",,,,,,1,,7083,0
"00","1021","1","12A206","14","40423","3","1","0","03","-","1","3","1","31","16/06/1990","1","04","3","2","6","10",,,,,,1,,7083,0
"00","1021","1","12A206","14","40423","3","1","0","01","-","1","1","1","67","08/10/1953","1","03","2","2","5","01","4","5","2","1","000500",1,,7083,0
"00","1021","1","12A206","14","40423","2","1","0","02","-","1","2","2","81","13/09/1940","1","02","6","2","5","07",,,,,,1,,7083,0
"00","1021","1","12A206","14","40423","2","1","0","01","-","1","1","1","80","03/12/1940","1","02","6","2","5","08",,,,,,1,"1",7083,14343
"00","1021","1","12A206","14","40423","1","1","0","02","-","1","2","2","35","12/01/1986","1","03","2","2","5","07",,,,,,1,"1",7083,14343
"00","1021","1","12A206","14","40423","1","1","0","04","-","1","3","1","14","03/02/2007","1","03","3","1","6","06",,,,,,1,,7083,0
"00","1021","1","12A206","14","40423","1","1","0","07","-","1","3","1","04","03/10/2017",,,,,,,,,,,,1,,7083,0
"00","1021","1","12A206","14","40423","1","1","0","06","-","1","3","2","08","17/05/2013","1","02","1","1",,,,,,,,1,,7083,0
"00","1021","1","12A206","14","40423","1","1","0","03","-","1","3","1","17","25/08/2004","1","04","3","1","6","06",,,,,,1,,7083,0
"00","1021","1","12A206","14","40423","1","1","0","01","-","1","1","1","39","14/06/1982","1","03","3","2","5","01","4","4","3","2","001500",1,,7083,0
"00","1021","1","12A206","14","40423","1","1","0","05","-","1","3","2","12","06/06/2009","1","02","6","1","6","06",,,,,,1,,7083,0
"00","1021","5","11B192","14","40427","3","1","0","02","-","1","2","2","31","12/09/1990","1","03","3","2","1","01","4","4","2","1","003000",1,,7885,0
"00","1021","5","11B192","14","40427","3","1","0","01","-","1","1","1","30","26/06/1991","1","07","3","1","1","01","4","4","2","1","003000",1,"1",7885,15967
"00","1021","5","11B192","14","40427","2","1","0","05","-","1","3","2","01","15/11/2019",,,,,,,,,,,,1,,7885,0
"00","1021","5","11B192","14","40427","1","1","0","03","-","1","3","2","39","17/09/1982","1","07","4","2","6","01","1","5","3","2","012000",1,,7885,0
"00","1021","5","11B192","14","40427","1","1","0","04","-","1","3","2","32","25/02/1989","1","07","4","2","6","01","1","5","3","2","010000",1,,7885,0
"00","1021","5","11B192","14","40427","1","1","0","05","-","1","3","2","30","29/01/1991","1","07","4","2","6","01","1","5","3","2","007000",1,,7885,0
"00","1021","5","11B192","14","40427","3","1","0","03","-","1","3","2","15","23/03/2006","1","03","2","1","6","06",,,,,,1,,7885,0
"00","1021","5","11B192","14","40427","1","1","0","06","-","1","5","2","30","09/12/1990","1","02","6","2","6","01","7","2","3","3","009000",1,"1",7885,47901
"00","1021","5","11B192","14","40427","1","1","0","01","-","1","1","1","69","21/04/1952","1","02","6","2","5","08",,,,,,1,,7885,0
"00","1021","5","11B192","14","40427","2","1","0","01","-","1","1","1","34","31/03/1987","1","04","2","2","1","01","5","4","3","1","001600",1,"1",7885,15967
"00","1021","5","11B192","14","40427","2","1","0","02","-","1","2","2","32","08/10/1988","1","03","3","2","1","07",,,,,,1,,7885,0
"00","1021","5","11B192","14","40427","2","1","0","03","-","1","3","1","13","22/05/2008","1","02","6","1","6","06",,,,,,1,,7885,0
"00","1021","5","11B192","14","40427","2","1","0","04","-","1","3","2","09","13/09/2012","1","02","2","1",,,,,,,,1,,7885,0
"00","1021","5","11B192","14","40427","1","1","0","02","-","1","2","2","66","11/10/1954","1","02","5","2","5","07",,,,,,1,,7885,0
"00","1021","5","11B192","14","40430","1","1","0","03","-","1","3","2","22","13/12/1998","1","07","2","1","6","06",,,,,,1,"1",8284,25042
"00","1021","5","11B192","14","40430","4","1","0","04","-","1","3","2","02","23/10/2018",,,,,,,,,,,,1,,8284,0
"00","1021","5","11B192","14","40430","1","1","0","04","-","1","3","2","12","22/05/2009","1","02","5","1","6","06",,,,,,1,,8284,0
"00","1021","5","11B192","14","40430","1","1","0","02","-","1","2","2","43","03/09/1978","1","03","3","2","5","07",,,,,,1,,8284,0
"00","1021","5","11B192","14","40430","2","1","0","01","-","1","1","1","54","13/02/1967","1","02","6","2","5","01","5","5","3","1","999999",1,"1",8284,25042
"00","1021","5","11B192","14","40430","2","1","0","02","-","1","2","2","53","22/06/1968","1","02","6","2","5","07",,,,,,1,,8284,0
"00","1021","5","11B192","14","40430","2","1","0","03","-","1","3","2","24","02/07/1997","2","00",,"2","6","09",,,,,,1,,8284,0
"00","1021","5","11B192","14","40430","3","1","0","03","-","1","3","1","23","19/12/1997","1","04","3","2","6","01","1","5","3","1","999999",1,,8284,0
"00","1021","5","11B192","14","40430","3","1","0","01","-","1","1","2","54","08/11/1966","1","07","4","2","2","01","1","5","3","2","004500",1,"1",8284,33390
"00","1021","5","11B192","14","40430","3","1","0","04","-","1","3","1","23","23/12/1997","1","07","2","1","6","06",,,,,,1,,8284,0
"00","1021","5","11B192","14","40430","3","1","0","02","-","1","3","1","33","21/03/1988","1","03","3","2","6","05",,,,,,1,,8284,0
"00","1021","5","11B192","14","40430","4","1","0","02","-","1","2","2","22","11/03/1999","1","03","3","2","1","01","5","5","2","2","002500",1,"1",8284,16695
"00","1021","5","11B192","14","40430","4","1","0","03","-","1","3","1","05","17/07/2016","1","01","2","1",,,,,,,,1,,8284,0
"00","1021","5","11B192","14","40430","4","1","0","01","-","1","1","1","33","11/09/1988","1","04","3","2","1","01","5","5","2","1","002500",1,,8284,0
"00","1021","5","11B192","14","40430","1","1","0","01","-","1","1","1","44","24/12/1976","1","02","6","2","5","01","5","5","3","2","004000",1,,8284,0
"00","1021","5","11B192","14","40431","2","1","1","04","-","1","3","2","12","09/12/2008","1","02","5","1","6","06",,,,,,1,,7165,0
"00","1021","5","11B192","14","40431","2","1","1","03","-","1","3","2","18","24/01/2003","1","04","3","2","6","01","7","5","3","1","003000",1,"1",7165,21762
"00","1021","5","11B192","14","40431","3","1","0","02","-","1","2","2","50","10/05/1971","1","02","6","2","5","07",,,,,,1,,7165,0
"00","1021","5","11B192","14","40431","3","1","0","03","-","1","3","1","36","14/01/1985","1","02","6","2","6","01","7","3","3","2","004000",1,,7165,0
"00","1021","5","11B192","14","40431","3","1","0","01","-","1","1","1","62","20/07/1959","1","03","3","2","5","01","7","3","3","1","003000",1,"1",7165,21762
"00","1021","5","11B192","14","40431","1","1","0","02","-","2",,,,,,,,,,,,,,,,1,,0,0
"00","1021","5","11B192","14","40431","1","1","0","03","-","2",,,,,,,,,,,,,,,,1,,0,0
"00","1021","5","11B192","14","40431","1","1","0","01","-","1","1","2","68","12/07/1953","1","02","3","2","2","09",,,,,,1,,7165,0
"00","1021","5","11B192","14","40431","1","1","0","04","-","3","2","1","70","16/08/1951","1","02","6","2","5","09",,,,,,1,"1",7165,14508
"00","1021","5","11B192","14","40431","4","1","0","01","-","1","1","1","33","26/01/1988","1","04","3","2","5","01","5","5","2","3","012000",1,,7165,0
"00","1021","5","11B192","14","40431","4","1","0","04","-","1","3","1","05","15/08/2016","2","00",,"1",,,,,,,,1,,7165,0
"00","1021","5","11B192","14","40431","4","1","0","02","-","1","2","2","28","14/03/1993","1","04","3","2","5","07",,,,,,1,"1",7165,14508
"00","1021","5","11B192","14","40431","4","1","0","03","-","1","3","2","10","26/05/2011","1","02","3","1",,,,,,,,1,,7165,0
"00","1021","5","11B192","14","40431","2","1","1","01","-","1","1","2","41","04/06/1980","1","04","3","2","2","01","3","6","3","2","005200",1,,7165,0
"00","1021","5","11B192","14","40431","2","1","1","02","-","1","3","2","19","01/08/2002","1","04","3","1","6","06",,,,,,1,,7165,0
"00","1021","5","12B192","14","40432","1","1","0","01","-","1","1","2","69","16/07/1952","1","08","2","2","6","08",,,,,,1,"1",9967,30168
"00","1021","5","12B192","14","40432","1","1","0","03","-","1","7","1","27","02/11/1993","1","07","5","2","6","01","1","5","2","2","999999",1,,9967,0
"00","1021","5","12B192","14","40432","1","1","0","02","-","1","6","2","64","07/08/1957","1","08","2","2","6","08",,,,,,1,,9967,0
"00","1021","5","12B192","14","40432","3","1","0","01","-","1","1","1","31","02/06/1990","1","07","5","2","6","01","1","5","3","3","012000",1,"1",9967,10056
"00","1021","5","12B192","14","40432","2","1","0","02","-","1","3","1","48","20/06/1973","1","07","1","2","2","01","1","5","2","2","004000",1,,9967,0
"00","1021","5","12B192","14","40432","4","1","0","02","-","1","2","2","76","14/11/1944","1","07","5","2","5","07",,,,,,1,,9967,0
"00","1021","5","12B192","14","40432","4","1","0","01","-","1","1","1","81","01/08/1940","1","07","5","2","5","08",,,,,,1,"1",9967,20112
"00","1021","5","12B192","14","40432","2","1","0","01","-","1","1","1","73","14/03/1948","1","07","5","2","4","01","1","5","2","2","005000",1,"1",9967,20112
"00","1021","8","11A197","14","40465","1","1","0","04","-","1","3","1","08","01/01/2013","1","02","3","1",,,,,,,,1,,8842,0
"00","1021","8","11A197","14","40465","3","1","0","04","-","1","3","2","16","14/03/2005","1","04","1","1","6","06",,,,,,1,,8842,0
"00","1021","8","11A197","14","40465","1","1","0","05","-","1","3","1","07","26/02/2014","1","02","1","1",,,,,,,,1,,8842,0
"00","1021","8","11A197","14","40465","2","1","0","04","-","1","5","2","05","30/04/2016","2","01","1","1",,,,,,,,1,,8842,0
"00","1021","8","11A197","14","40465","2","1","0","03","-","1","3","2","32","08/06/1989","1","03","3","2","2","01","7","2","3","1","001200",1,,8842,0
"00","1021","8","11A197","14","40465","2","1","0","02","-","1","2","2","59","14/04/1962","1","02","6","2","5","07",,,,,,1,,8842,0
"00","1021","8","11A197","14","40465","2","1","0","01","-","1","1","1","58","07/07/1963","1","03","3","2","5","01","7","5","3","1","001050",1,"1",8842,26728
"00","1021","8","11A197","14","40465","1","1","0","02","-","1","3","2","13","09/09/2008","1","03","2","1","6","06",,,,,,1,,8842,0
"00","1021","8","11A197","14","40465","1","1","0","01","-","1","1","1","61","09/12/1959","1","02","6","2","2","09",,,,,,1,"1",8842,8909
"00","1021","8","11A197","14","40465","3","1","0","03","-","1","3","1","23","01/07/1998","1","07","3","1","6","06",,,,,,1,,8842,0
"00","1021","8","11A197","14","40465","4","1","0","01","-","1","1","2","67","24/08/1954","1","02","6","2","6","01","5","5","3","1","002000",1,"1",8842,8909
"00","1021","8","11A197","14","40465","3","1","0","02","-","1","2","2","52","04/04/1969","1","02","6","2","5","07",,,,,,1,"1",8842,26728
"00","1021","8","11A197","14","40465","3","1","0","01","-","1","1","1","55","14/08/1966","1","03","3","2","5","01","7","2","3","1","001400",1,,8842,0
"00","1021","8","11A197","14","40465","3","1","0","06","-","1","3","2","11","13/12/2009","1","02","6","1",,,,,,,,1,,8842,0
"00","1021","8","11A197","14","40465","3","1","0","05","-","1","3","1","15","16/05/2006","1","03","3","2","6","02","5","3","6","5",,1,,8842,0
"00","1021","8","11A197","14","40465","1","1","0","03","-","1","3","1","12","22/08/2009","1","03","1","1","6","06",,,,,,1,,8842,0
"00","1021","1","12A206","14","40467","4","1","0","03","-","1","3","1","31","03/10/1990","1","07","2","1","6","01","7","2","3","2","999999",1,,6262,0
"00","1021","1","12A206","14","40467","4","1","0","04","-","1","3","1","24","14/05/1997","1","04","3","2","6","04",,,,,,1,,6262,0
"00","1021","1","12A206","14","40467","4","1","0","01","-","1","1","2","52","27/02/1969","1","03","3","2","3","01","7","5","3","1","002000",1,"1",6262,25360
"00","1021","1","12A206","14","40467","2","1","0","03","-","1","3","1","18","11/04/2003","1","04","3","1","6","01","3","4","3","2","003000",1,"1",6262,19020
"00","1021","1","12A206","14","40467","2","1","0","05","-","1","3","1","03","19/12/2017",,,,,,,,,,,,1,,6262,0
"00","1021","1","12A206","14","40467","2","1","0","01","-","1","1","1","41","07/10/1980","1","04","3","2","1","01","4","4","2","2","007000",1,,6262,0
"00","1021","1","12A206","14","40467","2","1","0","04","-","1","3","1","07","15/02/2014","1","02","1","1",,,,,,,,1,,6262,0
"00","1021","1","12A206","14","40467","2","1","0","02","-","1","2","2","38","15/06/1983","1","04","3","2","1","01","3","5","3","2","005000",1,,6262,0
"00","1021","1","12A206","14","40467","3","1","0","02","-","1","3","2","45","14/09/1976","1","07","4","2","6","01","5","5","3","2","006000",1,,6262,0
"00","1021","1","12A206","14","40467","3","1","0","01","-","1","1","2","71","18/05/1950","1","05","4","2","6","08",,,,,,1,"1",6262,12680
"00","1021","1","12A206","14","40467","1","1","0","03","-","1","5","1","23","15/06/1998","1","03","3","2","6","01","7","2","3","1","002900",1,,6262,0
"00","1021","1","12A206","14","40467","1","1","0","04","-","1","5","1","22","15/06/1999","1","03","3","2","6","04",,,,,,1,,6262,0
"00","1021","1","12A206","14","40467","1","1","0","01","-","1","1","1","62","09/06/1959","1","03","3","2","5","01","5","6","3","2","005500",1,"1",6262,25360
"00","1021","1","12A206","14","40467","1","1","0","02","-","1","2","2","64","07/07/1957","1","02","6","2","5","07",,,,,,1,,6262,0
"00","1021","1","12A206","14","40467","4","1","0","02","-","1","3","2","32","06/10/1989","1","04","3","2","6","01","1","5","3","2","999999",1,,6262,0
"00","1021","1","11A206","14","40468","1","1","0","03","-","1","3","1","01","15/04/2020",,,,,,,,,,,,1,,9265,0
"00","1021","1","11A206","14","40468","1","1","0","02","-","1","2","2","18","29/10/2002","1","03","3","2","1","07",,,,,,1,"1",9265,18672
"00","1021","1","11A206","14","40468","3","1","0","01","-","1","1","1","52","16/12/1968","1","07","1","2","5","01","5","5","3","1","001300",1,"1",9265,9336
"00","1021","1","11A206","14","40468","4","1","0","02","-","1","2","2","53","16/07/1968","1","02","6","2","5","07",,,,,,1,,9265,0
"00","1021","1","11A206","14","40468","4","1","0","01","-","1","1","1","50","16/07/1971","1","02","6","2","5","01","5","5","3","1","999999",1,"1",9265,18672
"00","1021","1","11A206","14","40468","2","1","0","02","-","1","2","2","26","06/06/1995","1","04","1","2","5","07",,,,,,1,"1",9265,18672
"00","1021","1","11A206","14","40468","2","1","0","01","-","1","1","1","33","03/03/1988","1","03","3","2","5","01","4","4","3","1","002500",1,,9265,0
"00","1021","1","11A206","14","40468","1","1","0","01","-","1","1","1","22","29/12/1998","1","02","5","2","1","01","5","5","3","1","001900",1,,9265,0
"00","1021","5","12B192","14","40473","4","1","0","02","-","1","2","1","52","24/06/1969","1","07","4","2","5","01","1","5","3","2","020000",1,,16993,0
"00","1021","5","12B192","14","40473","1","1","0","01","-","1","1","1","48","19/02/1973","1","07","4","2","5","01","1","7","3","2","007000",1,"1",16993,51431
"00","1021","5","12B192","14","40473","4","1","0","03","-","1","3","1","24","05/02/1997","1","07","3","2","6","04",,,,,,1,"1",16993,68575
"00","1021","5","12B192","14","40473","4","1","0","04","-","1","3","1","23","14/09/1998","1","07","1","1","6","06",,,,,,1,,16993,0
"00","1021","5","12B192","14","40473","4","1","0","01","-","1","1","2","47","14/08/1974","1","04","3","2","5","07",,,,,,1,,16993,0
"00","1021","5","12B192","14","40473","1","1","0","02","-","1","2","2","46","08/10/1975","1","07","4","2","5","01","3","7","3","2","007000",1,,16993,0
"00","1021","5","12B192","14","40473","1","1","0","03","-","1","3","2","25","06/08/1996","1","07","3","1","6","06",,,,,,1,,16993,0
"00","1021","5","12B192","14","40473","4","1","0","05","-","1","3","2","07","21/04/2014","1","01","3","1",,,,,,,,1,,16993,0
"00","1021","5","12B192","14","40473","3","1","0","05","-","3","5","1","26","04/07/1995","1","07","4","2","5","01","4","4","3","2","004000",1,,16993,0
"00","1021","5","12B192","14","40473","3","1","0","03","-","1","3","2","26","16/06/1995","1","07","4","2","6","01","4","4","3","2","004000",1,,16993,0
"00","1021","5","12B192","14","40473","3","1","0","04","-","1","3","1","20","02/04/2001","1","04","3","1","6","06",,,,,,1,"1",16993,85718
"00","1021","5","12B192","14","40473","3","1","0","02","-","1","2","2","47","10/05/1974","1","04","3","2","5","02","4","4","6","5",,1,,16993,0
"00","1021","5","12B192","14","40473","3","1","0","01","-","1","1","1","47","17/08/1974","1","04","3","2","6","01","4","4","2","3","020000",1,,16993,0
"00","1021","5","12B192","14","40474","4","1","0","01","-","1","1","1","59","28/08/1962","1","02","6","2","5","01","4","4","2","1","999999",1,,7976,0
"00","1021","5","12B192","14","40474","4","1","0","02","-","1","2","2","45","03/06/1976","1","02","6","2","5","01","4","4","3","1","001500",1,"1",7976,32147
"00","1021","5","12B192","14","40474","4","1","0","05","-","1","5","1","01","10/10/2019",,,,,,,,,,,,1,,7976,0
"00","1021","5","12B192","14","40474","4","1","0","03","-","1","3","2","28","01/08/1993","1","07","3","2","6","01","7","2","3","2","999999",1,,7976,0
"00","1021","5","12B192","14","40474","4","1","0","04","-","1","3","2","20","05/11/2000","1","03","3","2","6","07",,,,,,1,,7976,0
"00","1021","5","12B192","14","40474","2","1","0","02","-","3","3","1","51","12/12/1969","1","02","6","2","6","04",,,,,,1,,7976,0
"00","1021","5","12B192","14","40474","3","1","1","04","-","1","3","1","14","30/07/2007","1","03","2","1","6","06",,,,,,1,,7976,0
"00","1021","5","12B192","14","40474","1","1","0","01","-","1","1","1","38","08/05/1983","1","03","3","2","5","01","1","5","3","1","001750",1,"1",7976,16073
"00","1021","5","12B192","14","40474","1","1","0","03","-","1","3","2","13","12/12/2007","1","03","1","1","6","06",,,,,,1,,7976,0
"00","1021","5","12B192","14","40474","1","1","0","02","-","1","3","2","18","07/09/2003","1","03","3","1","6","06",,,,,,1,,7976,0
"00","1021","5","12B192","14","40474","3","1","1","03","-","1","3","2","15","28/05/2006","1","03","3","2","6","07",,,,,,1,,7976,0
"00","1021","5","12B192","14","40474","3","1","1","02","-","1","2","2","43","06/07/1978","1","03","3","2","5","07",,,,,,1,,7976,0
"00","1021","5","12B192","14","40474","3","1","1","01","-","1","1","1","48","23/07/1973","1","02","4","2","5","01","5","3","3","1","001500",1,"1",7976,16073
"00","1021","5","12B192","14","40474","2","1","0","01","-","1","1","2","70","27/05/1951","1","00",,"2","2","07",,,,,,1,"1",7976,16073
"00","1021","2","12A203","14","40504","3","1","0","03","-","2",,,,,,,,,,,,,,,,1,,0,0
"00","1021","4","12A203","14","40504","3","1","0","01","-","1","1","1","53","27/07/1968","1","03","3","2","5","01","5","5","2","1","003000",1,"1",7990,24268
"00","1021","4","12A203","14","40504","3","1","0","02","-","1","2","2","51","20/02/1970","1","07","4","2","5","08",,,,,,1,,7990,0
"00","1021","4","12A203","14","40504","3","1","0","04","-","1","3","2","27","13/01/1994","1","07","4","2","6","01","1","2","3","2","004000",1,,7990,0
"00","1021","4","12A203","14","40504","3","1","0","05","-","2",,,,,,,,,,,,,,,,1,,0,0
"00","1021","4","12A203","14","40504","2","1","0","02","-","1","3","1","40","15/06/1981","1","02","6","2","5","01","5","4","3","2","002000",1,,7990,0
"00","1021","4","12A203","14","40504","1","1","0","02","-","1","2","2","41","22/03/1980","1","03","3","2","5","07",,,,,,1,,7990,0
"00","1021","4","12A203","14","40504","1","1","0","04","-","1","3","1","11","24/07/2010","1","02","5","1",,,,,,,,1,,7990,0
"00","1021","4","12A203","14","40504","1","1","0","01","-","1","1","1","41","05/04/1980","1","03","3","2","5","01","5","5","2","1","001200",1,"1",7990,16179
"00","1021","4","12A203","14","40504","1","1","0","05","-","1","3","2","08","12/07/2013","1","02","2","1",,,,,,,,1,,7990,0
"00","1021","4","12A203","14","40504","2","1","0","01","-","1","1","1","82","02/10/1939","1","02","5","2","5","07",,,,,,1,"1",7990,16179
"00","1021","4","12A203","14","40504","1","1","0","03","-","1","3","1","16","19/06/2005","1","03","3","1","6","06",,,,,,1,,7990,0
"00","1021","1","12A206","14","40515","2","1","0","01","-","1","1","1","57","15/07/1964","1","03","3","2","1","01","5","5","2","1","004000",1,,8133,0
"00","1021","1","12A206","14","40515","2","1","0","05","-","1","3","2","05","12/12/2015","2","01","3","1",,,,,,,,1,,8133,0
"00","1021","1","12A206","14","40515","2","1","0","04","-","1","3","1","20","29/12/2000","1","04","3","2","5","01","5","5","2","1","001200",1,,8133,0
"00","1021","1","12A206","14","40515","2","1","0","03","-","1","3","1","23","29/12/1997","1","03","3","2","6","01","5","5","3","1","001300",1,,8133,0
"00","1021","1","12A206","14","40515","2","1","0","02","-","1","2","2","40","29/04/1981","1","02","6","2","1","01","4","4","2","1","001000",1,"1",8133,32938
"00","1021","1","12A206","14","40515","4","1","0","04","-","1","3","1","11","11/05/2010","1","02","5","1",,,,,,,,1,,8133,0
"00","1021","1","12A206","14","40515","3","1","0","01","-","1","1","1","40","18/04/1981","1","04","3","2","5","01","4","4","2","1","002500",1,,8133,0
"00","1021","1","12A206","14","40515","4","1","0","01","-","1","1","1","41","16/06/1980","1","07","4","2","1","01","1","3","3","2","004000",1,,8133,0
"00","1021","1","12A206","14","40515","4","1","0","02","-","1","2","2","40","14/02/1981","1","04","3","1","1","06",,,,,,1,"1",8133,24703
"00","1021","1","12A206","14","40515","4","1","0","03","-","1","3","1","20","09/06/2001","1","04","3","1","6","06",,,,,,1,,8133,0
"00","1021","1","12A206","14","40515","3","1","0","02","-","1","2","2","42","21/06/1979","1","07","4","2","5","07",,,,,,1,"1",8133,16469
"00","1021","5","12B192","14","40522","1","1","0","01","-","1","1","1","55","17/11/1965","1","07","4","2","5","01","4","4","2","1","002000",1,"1",9233,27945
"00","1021","4","12B192","14","40522","1","1","0","03","-","2",,,,,,,,,,,,,,,,1,,0,0
"00","1021","5","12B192","14","40522","1","1","0","04","-","1","3","1","24","11/10/1996","1","07","4","1","6","01","5","5","2","1","001500",1,,9233,0
"00","1021","5","12B192","14","40522","2","1","1","02","-","1","2","2","59","17/08/1962","1","03","3","2","5","07",,,,,,1,,9233,0
"00","1021","5","12B192","14","40522","1","1","0","02","-","1","2","2","56","20/09/1965","1","07","4","2","5","01","5","5","3","2","012000",1,,9233,0
"00","1021","5","12B192","14","40522","4","1","0","02","-","1","2","2","58","25/12/1962","1","04","3","2","5","07",,,,,,1,,9233,0
"00","1021","5","12B192","14","40522","2","1","1","03","-","1","3","1","29","01/06/1992","1","04","3","2","6","01","3","4","3","1","001500",1,,9233,0
"00","1021","5","12B192","14","40522","2","1","1","01","-","1","1","1","60","26/02/1961","1","04","3","2","5","01","4","4","2","1","999999",1,"1",9233,37260
"00","1021","5","12B192","14","40522","2","1","1","04","-","1","3","2","26","13/12/1994","1","07","2","2","6","01","3","4","3","2","004000",1,,9233,0
"00","1021","5","12B192","14","40522","4","1","0","01","-","1","1","1","70","07/11/1950","1","07","1","2","5","09",,,,,,1,"1",9233,18630
"00","1021","4","12B192","14","40522","1","1","0","05","-","2",,,,,,,,,,,,,,,,1,,0,0
"00","1021","4","12A203","14","40550","2","1","1","02","-","1","2","2","25","15/06/1996","1","03","3","2","1","07",,,,,,1,,6986,0
"00","1021","4","12A203","14","40550","2","1","1","03","-","1","3","2","07","19/07/2014","1","02","1","1",,,,,,,,1,,6986,0
"00","1021","4","12A203","14","40550","4","1","0","04","-","1","3","1","04","18/08/2017",,,,,,,,,,,,1,,6986,0
"00","1021","4","12A203","14","40550","4","1","0","02","-","1","2","2","32","19/09/1989","1","04","1","2","1","07",,,,,,1,"1",6986,14146
"00","1021","4","12A203","14","40550","4","1","0","03","-","1","3","2","10","08/02/2011","1","02","3","1",,,,,,,,1,,6986,0
"00","1021","4","12A203","14","40550","4","1","0","01","-","1","1","1","33","25/07/1988","1","04","3","2","1","01","5","5","3","2","009000",1,,6986,0
"00","1021","4","12A203","14","40550","3","1","0","01","-","1","1","1","65","17/06/1956","1","04","3","2","4","01","5","5","2","1","004000",1,"1",6986,7073
"00","1021","4","12A203","14","40550","1","1","0","03","-","1","3","2","29","09/11/1991","1","04","3","2","2","01","4","4","3","2","003000",1,"1",6986,21218
"00","1021","4","12A203","14","40550","1","1","0","02","-","1","2","2","57","23/09/1964","1","02","6","2","5","07",,,,,,1,,6986,0
"00","1021","4","12A203","14","40550","1","1","0","04","-","1","5","2","08","08/11/2012","1","02","2","1",,,,,,,,1,,6986,0
"00","1021","4","12A203","14","40550","1","1","0","01","-","1","1","1","59","28/11/1961","1","07","4","2","5","01","5","5","3","1","001300",1,,6986,0
"00","1021","4","12A203","14","40550","1","1","0","05","-","1","5","1","02","11/10/2018",,,,,,,,,,,,1,,6986,0
"00","1021","4","12A203","14","40550","2","1","1","04","-","3","3","1","00","09/10/2021",,,,,,,,,,,,1,,6986,0
"00","1021","4","12A203","14","40550","2","1","1","01","-","1","1","1","25","15/06/1996","1","03","3","2","1","01","5","4","3","1","001600",1,"1",6986,14146
"00","1021","4","11A203","14","40552","2","1","0","01","-","1","1","2","62","08/12/1958","1","03","3","2","4","01","5","5","3","2","001000",1,,7312,0
"00","1021","4","11A203","14","40552","2","1","0","04","-","1","5","2","12","02/09/2009","1","02","5","1","6","06",,,,,,1,,7312,0
"00","1021","4","11A203","14","40552","2","1","0","03","-","1","3","2","17","17/03/2004","1","03","3","1","6","04",,,,,,1,,7312,0
"00","1021","4","11A203","14","40552","3","1","0","02","-","1","2","1","52","09/01/1969","1","03","3","2","5","07",,,,,,1,"1",7312,22102
"00","1021","4","11A203","14","40552","3","1","0","01","-","1","1","1","55","09/01/1966","1","07","4","2","5","01","2","7","3","2","999999",1,,7312,0
"00","1021","4","11A203","14","40552","3","1","0","03","-","1","3","1","25","14/03/1996","1","07","2","2","6","04",,,,,,1,,7312,0
"00","1021","4","11A203","14","40552","4","1","0","01","-","1","1","2","59","11/11/1961","1","03","3","2","4","07",,,,,,1,"1",7312,36836
"00","1021","4","11A203","14","40552","4","1","0","02","-","1","3","1","32","28/04/1989","1","04","3","2","5","01","5","5","3","1","999999",1,,7312,0
"00","1021","4","11A203","14","40552","4","1","0","03","-","1","3","2","19","28/09/2002","1","04","3","2","6","01","7","2","3","1","999999",1,,7312,0
"00","1021","4","11A203","14","40552","4","1","0","04","-","1","3","1","24","30/08/1997","1","04","3","2","1","01","7","2","3","1","999999",1,,7312,0
"00","1021","4","11A203","14","40552","4","1","0","05","-","1","5","2","22","16/06/1999","1","04","3","2","1","01","7","2","3","1","999999",1,,7312,0
"00","1021","4","11A203","14","40552","1","1","0","01","-","1","1","1","42","06/05/1979","1","03","3","2","3","01","5","5","3","1","002000",1,"1",7312,7367
"00","1021","3","11A203","14","40552","1","1","0","03","-","2",,,,,,,,,,,,,,,,1,,0,0
"00","1021","4","11A203","14","40552","1","1","0","02","-","1","3","2","17","22/04/2004","1","04","1","1","6","06",,,,,,1,,7312,0
"00","1021","4","11A203","14","40552","2","1","0","05","-","1","5","1","07","01/07/2014","1","02","1","1",,,,,,,,1,,7312,0
"00","1021","4","11A203","14","40552","2","1","0","02","-","1","3","2","40","04/08/1981","1","03","3","2","6","04",,,,,,1,"1",7312,14735
"00","1021","4","13A203","14","40554","2","1","0","02","-","1","8","2","26","20/11/1994","1","07","4","2","6","01","1","5","3","2","999999",1,,19101,0
"00","1021","4","13A203","14","40554","3","1","0","04","-","1","3","2","10","07/12/2010","1","02","4","1",,,,,,,,1,,19101,0
"00","1021","4","13A203","14","40554","3","1","0","03","-","1","3","2","02","26/06/2019",,,,,,,,,,,,1,,19101,0
"00","1021","4","13A203","14","40554","3","1","0","02","-","1","2","2","28","19/08/1993","1","07","3","1","1","06",,,,,,1,"1",19101,38541
"00","1021","4","13A203","14","40554","3","1","0","01","-","1","1","1","36","04/02/1985","1","07","4","2","1","01","1","5","3","2","999999",1,,19101,0
"00","1021","4","13A203","14","40554","1","1","0","02","-","1","2","2","31","01/01/1990","1","07","4","2","5","01","1","5","3","2","999999",1,"1",19101,38541
"00","1021","4","13A203","14","40554","4","1","0","03","-","1","3","2","15","09/10/2006","1","03","2","1","6","06",,,,,,1,,19101,0
"00","1021","4","13A203","14","40554","4","1","0","02","-","1","2","2","44","05/01/1977","1","07","4","2","5","01","5","5","3","2","007000",1,,19101,0
"00","1021","4","13A203","14","40554","4","1","0","01","-","1","1","1","46","24/11/1974","1","07","4","2","5","01","5","5","3","2","014000",1,"1",19101,38541
"00","1021","4","13A203","14","40554","1","1","0","01","-","1","1","1","36","01/01/1985","1","07","4","2","5","01","1","5","2","2","999999",1,,19101,0
"00","1021","4","13A203","14","40554","2","1","0","01","-","1","1","1","26","20/03/1995","1","07","4","2","6","01","1","5","3","2","027000",1,"1",19101,38541
"00","1021","1","13A206","14","40562","3","1","0","01","-","1","1","1","78","10/05/1943","1","02","6","2","5","08",,,,,,1,"1",10269,20721
"00","1021","1","13A206","14","40562","1","1","0","02","-","1","3","2","22","25/09/1999","1","07","2","1","6","06",,,,,,1,,10269,0
"00","1021","1","13A206","14","40562","1","1","0","01","-","1","1","2","57","13/06/1964","1","04","3","2","2","01","4","4","3","1","002000",1,"1",10269,20721
"00","1021","1","13A206","14","40562","3","1","0","02","-","1","2","2","78","09/06/1943","1","02","4","2","5","07",,,,,,1,,10269,0
"00","1021","1","11A206","14","40563","1","1","0","02","-","1","2","2","21","06/08/2000","1","03","3","2","1","07",,,,,,1,,8380,0
"00","1021","1","11A206","14","40563","1","1","0","04","-","1","3","2","06","23/01/2015","2","00",,"2",,,,,,,,1,,8380,0
"00","1021","1","11A206","14","40563","1","1","0","03","-","1","3","2","02","22/12/2018",,,,,,,,,,,,1,,8380,0
"00","1021","1","11A206","14","40563","1","1","0","01","-","1","1","1","48","03/10/1973","1","02","6","2","1","01","5","5","3","2","003000",1,"1",8380,16887
"00","1021","1","11A206","14","40563","2","1","0","01","-","1","1","1","66","19/09/1955","1","03","3","2","6","01","5","4","3","1","001150",1,"1",8380,8443
"00","1021","1","11A206","14","40563","3","1","0","03","-","1","3","1","03","06/10/2018",,,,,,,,,,,,1,,8380,0
"00","1021","1","11A206","14","40563","3","1","0","02","-","1","2","2","27","04/08/1994","1","04","3","2","1","07",,,,,,1,,8380,0
"00","1021","1","11A206","14","40563","3","1","0","01","-","1","1","1","27","22/07/1994","1","03","3","2","1","01","5","5","3","1","001700",1,"1",8380,16887
"00","1021","1","11A206","14","40563","4","1","0","01","-","1","1","1","38","18/09/1983","1","03","3","2","5","01","7","2","3","1","002500",1,"1",8380,25330
"00","1021","1","11A206","14","40563","4","1","0","05","-","1","3","2","11","03/12/2009","1","02","5","1",,,,,,,,1,,8380,0
"00","1021","1","11A206","14","40563","4","1","0","06","-","1","3","1","09","12/12/2011","1","02","4","1",,,,,,,,1,,8380,0
"00","1021","1","11A206","14","40563","4","1","0","03","-","1","3","2","18","22/09/2003","1","04","1","1","6","02","4","4","6","5",,1,,8380,0
"00","1021","1","11A206","14","40563","4","1","0","04","-","1","3","1","17","22/04/2004","1","03","3","1","6","06",,,,,,1,,8380,0
"00","1021","1","11A206","14","40563","4","1","0","02","-","1","2","2","36","22/12/1984","1","04","3","2","5","01","4","4","2","1","002500",1,,8380,0
"00","1021","5","13B192","14","40565","2","1","0","01","-","1","1","1","75","07/02/1946","1","02","1","2","3","09",,,,,,1,"1",8161,8263
"00","1021","5","13B192","14","40565","3","1","0","01","-","1","1","1","30","10/03/1991","1","04","3","2","1","01","5","3","3","1","999999",1,,8161,0
"00","1021","5","13B192","14","40565","3","1","0","02","-","1","4","2","71","27/01/1950","1","03","3","2","4","07",,,,,,1,"1",8161,24789
"00","1021","5","13B192","14","40565","3","1","0","03","-","3","6","1","57","05/10/1964","1","04","3","2","6","01","7","2","3","1","001500",1,,8161,0
"00","1021","5","13B192","14","40565","4","1","1","02","-","1","3","2","05","13/01/2016","2","01","2","1",,,,,,,,1,,8161,0
"00","1021","5","13B192","14","40565","4","1","1","01","-","1","1","2","29","26/03/1992","1","07","4","2","6","01","1","5","3","1","002000",1,"1",8161,8263
"00","1021","5","13B192","14","40565","1","1","0","01","-","1","1","1","50","31/03/1971","1","07","4","2","1","01","1","5","2","3","030000",1,"1",8161,8263
"00","1021","4","12A203","14","40593","4","1","0","05","-","1","3","1","08","15/06/2013","1","02","2","1",,,,,,,,1,,7613,0
"00","1021","4","12A203","14","40593","4","1","0","04","-","1","3","1","12","15/06/2009","1","02","5","1","6","06",,,,,,1,,7613,0
"00","1021","4","12A203","14","40593","4","1","0","03","-","1","3","1","18","15/06/2003","1","04","3","1","6","06",,,,,,1,,7613,0
"00","1021","4","12A203","14","40593","2","1","0","01","-","1","1","2","60","30/05/1961","1","04","3","2","6","10",,,,,,1,"1",7613,7708
"00","1021","4","12A203","14","40593","3","1","0","03","-","1","7","1","11","24/11/2009","2","00",,"2",,,,,,,,1,,7613,0
"00","1021","4","12A203","14","40593","3","1","0","01","-","1","1","1","43","14/02/1978","1","02","6","2","4","05",,,,,,1,"1",7613,15415
"00","1021","4","12A203","14","40593","4","1","0","01","-","1","1","1","36","15/06/1985","1","04","3","2","5","01","1","7","3","2","999999",1,"1",7613,23123
"00","1021","4","12A203","14","40593","3","1","0","02","-","1","2","2","51","23/04/1970","1","03","3","2","1","07",,,,,,1,,7613,0
"00","1021","4","12A203","14","40593","4","1","0","02","-","1","2","2","37","15/06/1984","1","04","3","2","5","01","3","7","3","2","999999",1,,7613,0
"00","1021","4","11A203","14","40595","1","1","0","02","-","1","2","2","32","22/07/1989","1","07","4","2","6","07",,,,,,1,,8949,0
"00","1021","4","11A203","14","40595","1","1","0","01","-","1","1","1","33","13/11/1987","1","07","4","2","5","01","5","5","3","2","999999",1,"1",8949,18034
"00","1021","4","11A203","14","40595","4","1","0","02","-","1","3","2","07","02/12/2013","2","02","1","1",,,,,,,,1,,8949,0
"00","1021","4","11A203","14","40595","4","1","0","01","-","1","1","1","28","19/12/1992","1","04","3","2","6","01","4","4","3","1","003500",1,"1",8949,9017
"00","1021","4","11A203","14","40595","2","1","0","07","-","1","3","2","15","28/04/2006","1","03","2","2","6","07",,,,,,1,,8949,0
"00","1021","4","11A203","14","40595","2","1","0","10","-","1","5","2","00","03/05/2021",,,,,,,,,,,,1,,8949,0
"00","1021","4","11A203","14","40595","2","1","0","08","-","1","3","2","10","04/12/2010","1","02","4","1",,,,,,,,1,,8949,0
"00","1021","4","11A203","14","40595","2","1","0","01","-","1","1","2","52","01/12/1968","1","02","5","2","5","07",,,,,,1,,8949,0
"00","1021","4","11A203","14","40595","2","1","0","04","-","1","3","2","22","10/03/1999","1","03","3","2","6","01","4","4","3","1","001000",1,,8949,0
"00","1021","4","11A203","14","40595","2","1","0","06","-","1","3","1","16","09/01/2005","1","03","3","1","6","06",,,,,,1,,8949,0
"00","1021","4","11A203","14","40595","2","1","0","09","-","1","3","1","04","10/11/2016",,,,,,,,,,,,1,,8949,0
"00","1021","4","11A203","14","40595","2","1","0","02","-","1","2","1","54","04/02/1967","1","02","5","2","5","01","4","4","2","1","001200",1,,8949,0
"00","1021","4","11A203","14","40595","2","1","0","05","-","1","3","1","18","17/05/2003","1","04","2","1","6","01","4","4","3","1","001000",1,,8949,0
"00","1021","4","11A203","14","40595","2","1","0","03","-","1","3","2","32","11/11/1988","1","06","2","2","6","01","1","5","3","2","002000",1,"1",8949,45086
"00","1021","4","11A203","14","40595","3","1","0","04","-","1","3","1","13","08/05/2008","1","02","6","1","6","06",,,,,,1,,8949,0
"00","1021","4","11A203","14","40595","3","1","0","01","-","1","1","1","45","31/10/1975","1","07","4","2","5","01","3","5","3","2","004000",1,"1",8949,18034
"00","1021","4","11A203","14","40595","3","1","0","03","-","1","3","1","15","09/03/2006","1","03","2","1","6","06",,,,,,1,,8949,0
"00","1021","4","11A203","14","40595","3","1","0","02","-","1","2","2","43","01/01/1978","1","04","3","2","5","01","7","2","3","1","001100",1,,8949,0
"00","1021","4","12A203","14","40597","1","1","0","04","-","1","3","2","11","16/06/2010","1","02","5","1",,,,,,,,1,,7721,0
"00","1021","4","12A203","14","40597","3","1","0","05","-","1","3","2","00","15/07/2021",,,,,,,,,,,,1,,7721,0
"00","1021","4","12A203","14","40597","1","1","0","02","-","1","3","1","19","17/06/2002","1","04","3","1","6","06",,,,,,1,,7721,0
"00","1021","2","12A203","14","40597","1","1","0","03","-","2",,,,,,,,,,,,,,,,1,,0,0
"00","1021","4","12A203","14","40597","2","1","0","04","-","1","4","2","53","23/05/1968","1","03","3","2","4","07",,,,,,1,,7721,0
"00","1021","4","12A203","14","40597","2","1","0","01","-","1","1","1","29","19/03/1992","1","04","3","2","1","01","4","4","3","1","002000",1,"1",7721,23452
"00","1021","4","12A203","14","40597","2","1","0","02","-","1","2","2","27","09/12/1993","1","04","3","2","1","01","4","4","3","2","003500",1,,7721,0
"00","1021","4","12A203","14","40597","2","1","0","03","-","1","3","2","07","03/07/2014","1","02","1","1",,,,,,,,1,,7721,0
"00","1021","4","12A203","14","40597","3","1","0","01","-","1","1","1","37","26/07/1984","1","03","2","2","1","01","7","2","2","1","999999",1,,7721,0
"00","1021","4","12A203","14","40597","3","1","0","04","-","1","3","2","06","14/05/2015","1","02","1","1",,,,,,,,1,,7721,0
"00","1021","4","12A203","14","40597","3","1","0","02","-","1","2","2","34","03/03/1987","1","03","3","2","1","07",,,,,,1,"1",7721,15635
"00","1021","4","12A203","14","40597","4","1","0","01","-","1","1","1","33","04/08/1988","1","07","5","2","5","01","1","5","3","2","006200",1,"1",7721,15635
"00","1021","4","12A203","14","40597","4","1","0","02","-","1","2","2","28","02/07/1993","1","07","5","2","5","01","1","5","3","2","005900",1,,7721,0
"00","1021","4","12A203","14","40597","3","1","0","03","-","1","3","2","10","25/10/2010","1","02","4","1",,,,,,,,1,,7721,0
"00","1021","4","12A203","14","40597","1","1","0","01","-","1","1","2","49","16/06/1972","1","04","3","2","2","01","4","4","2","1","002000",1,"1",7721,15635
"00","1021","5","11B192","15","22256","2","1","0","02","-","1","7","2","34","28/10/1986","1","04","3","2","2","01","4","4","3","1","999999",1,"1",6941,13988
"00","1021","5","11B192","15","22256","2","1","0","03","-","1","7","1","15","18/10/2005","1","03","3","2","6","10",,,,,,1,,6941,0
"00","1021","5","11B192","15","22256","2","1","0","01","-","1","1","2","46","01/03/1975","1","03","3","2","6","07",,,,,,1,,6941,0
"00","1021","5","11B192","15","22256","3","1","0","01","-","1","1","2","68","10/07/1953","1","02","6","2","4","07",,,,,,1,,6941,0
"00","1021","5","11B192","15","22256","1","1","0","01","-","1","1","1","49","03/05/1972","1","03","3","2","2","01","5","6","3","1","999999",1,"1",6941,6994
"00","1021","5","11B192","15","22256","4","1","0","01","-","1","1","1","66","13/07/1955","1","03","3","2","1","08",,,,,,1,"1",6941,13988
"00","1021","5","11B192","15","22256","3","1","0","03","-","1","5","1","26","15/03/1995","1","04","3","2","6","01","5","5","3","1","999999",1,"1",6941,20982
"00","1021","5","11B192","15","22256","3","1","0","02","-","1","3","2","48","18/01/1973","1","04","3","2","6","07",,,,,,1,,6941,0
"00","1021","5","11B192","15","22256","4","1","0","02","-","1","2","2","67","09/09/1954","2","00",,"2","1","07",,,,,,1,,6941,0
"00","1021","5","12B192","15","22259","1","1","0","02","-","1","3","1","26","30/01/1995","1","08","1","2","6","01","2","7","3","2","999999",1,,5855,0
"00","1021","5","12B192","15","22259","1","1","0","03","-","1","3","1","25","27/01/1996","1","07","6","2","6","01","2","7","3","2","999999",1,,5855,0
"00","1021","5","12B192","15","22259","2","1","0","02","-","2",,,,,,,,,,,,,,,,1,,0,0
"00","1021","5","12B192","15","22259","1","1","0","01","-","1","1","1","56","13/12/1964","1","04","3","2","2","01","3","4","3","2","003000",1,"1",5855,17785
"00","1021","5","12B192","15","22259","2","1","0","01","-","1","1","1","46","24/02/1975","1","07","3","1","1","01","2","4","3","3","010000",1,,5855,0
"00","1021","5","12B192","15","22259","2","1","0","04","-","3","3","1","22","18/11/1998","1","07","4","1","6","01","2","5","5","2","001200",1,"1",5855,11856
"00","1021","5","12B192","15","22259","3","1","0","02","-","1","2","2","43","04/07/1978","1","03","3","2","5","01","7","5","2","1","001000",1,,5855,0
"00","1021","4","12B192","15","22259","3","1","0","04","-","2",,,,,,,,,,,,,,,,1,,0,0
"00","1021","5","12B192","15","22259","3","1","0","01","-","1","1","1","49","04/07/1972","1","03","3","2","5","01","7","5","1","1","002000",1,,5855,0
"00","1021","5","12B192","15","22259","3","1","0","03","-","1","3","1","19","04/10/2002","1","04","3","2","6","10",,,,,,1,,5855,0
"00","1021","5","12B192","15","22259","2","1","0","03","-","2",,,,,,,,,,,,,,,,1,,0,0
"00","1021","5","12B192","15","22259","3","1","0","06","-","3","3","1","21","19/09/2000","1","04","3","2","2","01","7","5","3","1","001000",1,,5855,0
"00","1021","5","12B192","15","22259","3","1","0","05","-","1","3","2","20","19/04/2001","1","04","3","2","1","07",,,,,,1,"1",5855,29641
"00","1021","3","11A204","15","40004","3","1","0","06","-","1","3","2","14","09/11/2006","1","03","2","1","6","06",,,,,,1,,7249,0
"00","1021","3","11A204","15","40004","1","1","0","01","-","1","1","1","57","18/10/1963","1","07","5","2","1","01","1","5","2","3","010000",1,"1",7249,29216
"00","1021","3","11A204","15","40004","1","1","0","05","-","1","3","2","17","15/05/2004","1","04","3","1","6","06",,,,,,1,,7249,0
"00","1021","3","11A204","15","40004","1","1","0","04","-","1","3","2","19","15/04/2002","1","07","2","1","6","06",,,,,,1,,7249,0
"00","1021","3","11A204","15","40004","1","1","0","03","-","1","3","2","24","15/12/1996","1","07","2","2","6","01","5","7","3","2","999999",1,,7249,0
"00","1021","3","11A204","15","40004","1","1","0","02","-","1","2","2","52","01/01/1969","1","07","5","2","1","01","1","5","2","3","006000",1,,7249,0
"00","1021","3","11A204","15","40004","4","1","0","05","-","1","3","1","34","25/11/1986","1","03","3","2","6","01","5","5","2","1","001000",1,"1",7249,36520
"00","1021","3","11A204","15","40004","4","1","0","02","-","1","2","2","72","01/02/1949","1","02","6","2","5","07",,,,,,1,,7249,0
"00","1021","3","11A204","15","40004","4","1","0","03","-","1","3","2","53","07/04/1968","1","03","3","2","6","01","5","2","3","1","001300",1,,7249,0
"00","1021","3","11A204","15","40004","4","1","0","04","-","1","3","1","50","28/05/1971","1","03","3","2","6","01","7","2","3","1","001100",1,,7249,0
"00","1021","3","11A204","15","40004","4","1","0","01","-","1","1","1","80","17/06/1941","1","02","6","2","5","08",,,,,,1,,7249,0
"00","1021","3","11A204","15","40004","3","1","0","02","-","1","2","2","35","12/10/1985","1","03","3","2","5","01","4","4","2","1","999999",1,,7249,0
"00","1021","3","11A204","15","40004","3","1","0","05","-","1","3","1","21","23/05/2000","1","04","3","1","6","06",,,,,,1,,7249,0
"00","1021","3","11A204","15","40004","3","1","0","03","-","1","4","1","61","04/02/1960","1","03","3","2","5","01","5","5","2","1","999999",1,,7249,0
"00","1021","3","11A204","15","40004","3","1","0","01","-","1","1","1","40","23/09/1981","1","03","3","2","5","01","4","4","3","1","999999",1,"1",7249,36520
"00","1021","3","11A204","15","40004","3","1","0","04","-","1","4","2","60","21/05/1961","1","06","3","2","5","01","5","5","3","1","999999",1,,7249,0
"00","1021","3","11A204","15","40006","4","1","0","01","-","1","1","2","64","27/07/1957","1","02","6","2","5","07",,,,,,1,,10520,0
"00","1021","3","11A204","15","40006","4","1","0","02","-","1","5","1","09","25/09/2012","1","02","3","1",,,,,,,,1,,10520,0
"00","1021","3","11A204","15","40006","4","1","0","04","-","1","5","2","27","24/11/1993","1","03","3","2","1","07",,,,,,1,"1",10520,31800
"00","1021","3","11A204","15","40006","4","1","0","05","-","3","2","1","63","16/10/1957","1","02","6","2","5","02","6","1","6","5",,1,,10520,0
"00","1021","3","11A204","15","40006","4","1","0","03","-","1","5","2","07","17/03/2014","1","02","1","1",,,,,,,,1,,10520,0
"00","1021","3","11A204","15","40006","1","1","0","02","-","1","2","2","62","11/08/1959","1","03","3","2","5","07",,,,,,1,"1",10520,31800
"00","1021","3","11A204","15","40006","1","1","0","03","-","1","3","1","28","09/02/1993","1","04","3","2","5","01","7","4","3","1","001200",1,,10520,0
"00","1021","3","11A204","15","40006","1","1","0","01","-","1","1","1","62","06/05/1959","1","03","3","2","5","01","7","7","3","2","002500",1,,10520,0
"00","1021","3","11A204","15","40006","2","1","0","01","-","1","1","1","52","23/12/1968","1","02","6","2","5","01","7","5","3","1","001500",1,"1",10520,52999
"00","1021","3","11A204","15","40006","2","1","0","03","-","1","3","1","19","23/04/2002","1","04","3","1","6","06",,,,,,1,,10520,0
"00","1021","3","11A204","15","40006","2","1","0","05","-","1","5","2","40","11/06/1981","1","03","3","2","1","01","7","2","3","1","001500",1,,10520,0
"00","1021","3","11A204","15","40006","2","1","0","04","-","1","3","1","32","24/06/1989","1","03","3","2","1","01","7","2","3","1","002000",1,,10520,0
"00","1021","3","11A204","15","40006","2","1","0","02","-","1","2","2","51","10/01/1970","1","03","3","2","5","07",,,,,,1,,10520,0
"00","1021","3","11A204","15","40006","3","1","0","04","-","1","3","2","06","24/07/2015","1","01","3","1",,,,,,,,1,,10520,0
"00","1021","3","11A204","15","40006","3","1","0","03","-","1","3","2","13","16/08/2008","1","03","1","1","6","06",,,,,,1,,10520,0
"00","1021","3","11A204","15","40006","3","1","0","02","-","1","2","2","35","02/04/1986","1","07","4","2","5","01","2","7","3","2","005000",1,,10520,0
"00","1021","3","11A204","15","40006","3","1","0","01","-","1","1","1","43","04/09/1978","1","03","3","2","5","01","2","7","3","2","005000",1,"1",10520,21200
"00","1021","7","11A198","15","40008","4","1","0","03","-","1","3","1","01","22/10/2019",,,,,,,,,,,,1,,10625,0
"00","1021","7","11A198","15","40008","3","1","1","02","-","1","5","1","12","04/12/2008","1","02","6","1","6","06",,,,,,1,,10625,0
"00","1021","7","11A198","15","40008","4","1","0","01","-","1","1","1","46","25/05/1975","1","02","4","2","1","01","5","5","2","1","999999",1,,10625,0
"00","1021","7","11A198","15","40008","4","1","0","02","-","1","2","2","28","16/11/1992","1","03","3","2","1","07",,,,,,1,"1",10625,21411
"00","1021","7","11A198","15","40008","1","1","1","01","-","1","1","2","80","13/05/1941","2","00",,"2","6","07",,,,,,1,"1",10625,21411
"00","1021","7","11A198","15","40008","1","1","1","02","-","1","3","1","60","05/02/1961","1","02","6","2","6","08",,,,,,1,,10625,0
"00","1021","7","11A198","15","40008","2","1","0","02","-","1","2","2","40","27/10/1980","1","03","3","2","5","07",,,,,,1,"1",10625,42822
"00","1021","7","11A198","15","40008","2","1","0","05","-","1","4","2","80","12/12/1940","2","02","2","2","4","09",,,,,,1,,10625,0
"00","1021","7","11A198","15","40008","2","1","0","01","-","1","1","1","41","28/06/1980","1","04","3","2","5","04",,,,,,1,,10625,0
"00","1021","7","11A198","15","40008","2","1","0","03","-","1","3","2","20","19/12/2000","1","04","3","2","6","07",,,,,,1,,10625,0
"00","1021","7","11A198","15","40008","2","1","0","04","-","1","3","2","15","14/02/2006","1","03","2","1","6","06",,,,,,1,,10625,0
"00","1021","7","11A198","15","40008","3","1","1","03","-","1","5","1","11","11/05/2010","1","02","4","1",,,,,,,,1,,10625,0
"00","1021","7","11A198","15","40008","3","1","1","01","-","1","1","2","61","22/12/1959","1","02","3","2","4","01","4","4","2","1","000500",1,"1",10625,10706
"00","1021","7","11A198","15","40008","3","1","1","04","-","1","5","1","03","20/10/2017",,,,,,,,,,,,1,,10625,0
"00","1021","7","11A198","15","40008","4","1","0","04","-","1","3","2","05","14/01/2016","2","00",,"1",,,,,,,,1,,10625,0
"00","1021","7","11A198","15","40037","2","1","1","01","-","1","1","2","46","22/10/1974","1","03","3","2","1","07",,,,,,1,"1",9182,18503
"00","1021","7","11A198","15","40037","4","1","0","01","-","1","1","1","62","02/12/1958","1","04","3","2","5","01","5","5","2","3","999999",1,,9182,0
"00","1021","7","11A198","15","40037","4","1","0","02","-","1","2","2","59","03/10/1962","1","03","3","2","5","07",,,,,,1,"1",9182,27755
"00","1021","7","11A198","15","40037","4","1","0","03","-","1","3","2","31","10/08/1990","1","07","4","2","6","01","1","7","3","2","999999",1,,9182,0
"00","1021","7","11A198","15","40037","1","1","0","07","-","1","5","1","14","29/06/2007","1","02","6","1","6","06",,,,,,1,,9182,0
"00","1021","7","11A198","15","40037","1","1","0","02","-","1","2","2","62","01/09/1959","1","02","6","2","5","07",,,,,,1,,9182,0
"00","1021","7","11A198","15","40037","1","1","0","06","-","1","5","1","16","14/09/2005","1","03","2","1","6","06",,,,,,1,,9182,0
"00","1021","7","11A198","15","40037","1","1","0","04","-","1","3","2","39","10/12/1981","1","04","3","2","6","01","2","7","3","2","004000",1,"1",9182,46258
"00","1021","7","11A198","15","40037","1","1","0","01","-","1","1","1","63","24/03/1958","1","03","3","2","5","01","5","3","4","1","004000",1,,9182,0
"00","1021","7","11A198","15","40037","1","1","0","03","-","1","3","2","44","02/08/1977","1","03","3","2","6","01","4","5","3","1","003800",1,,9182,0
"00","1021","7","11A198","15","40037","1","1","0","05","-","1","3","1","19","21/01/2002","1","03","3","2","6","04",,,,,,1,,9182,0
"00","1021","7","11A198","15","40037","2","1","1","02","-","1","2","1","55","05/11/1965","1","02","6","2","1","01","5","5","3","1","999999",1,,9182,0
"00","1021","6","11B191","15","40068","1","1","0","02","-","1","6","1","54","28/03/1967","1","03","3","2","2","01","4","5","1","2","999999",1,,6789,0
"00","1021","6","11B191","15","40068","2","1","0","02","-","1","2","2","52","15/11/1968","1","07","5","2","5","01","1","5","2","1","003000",1,,6789,0
"00","1021","6","11B191","15","40068","2","1","0","03","-","1","3","1","24","16/06/1997","1","07","2","2","6","07",,,,,,1,,6789,0
"00","1021","6","11B191","15","40068","2","1","0","01","-","1","1","1","46","05/10/1974","1","04","3","2","5","01","1","5","1","1","003000",1,"1",6789,27361
"00","1021","6","11B191","15","40068","2","1","0","04","-","1","3","1","22","29/08/1999","1","07","2","1","6","06",,,,,,1,,6789,0
"00","1021","6","11B191","15","40068","4","1","0","04","-","1","3","2","22","10/04/1999","1","07","2","2","6","10",,,,,,1,,6789,0
"00","1021","6","11B191","15","40068","1","1","0","01","-","1","1","1","48","30/11/1972","1","07","4","2","2","01","1","5","1","2","999999",1,"1",6789,13680
"00","1021","6","11B191","15","40068","4","1","0","03","-","1","3","1","28","01/02/1993","1","04","3","2","5","01","2","1","3","1","002500",1,,6789,0
"00","1021","6","11B191","15","40068","4","1","0","02","-","1","2","2","50","17/03/1971","1","03","3","2","5","07",,,,,,1,,6789,0
"00","1021","6","11B191","15","40068","4","1","0","01","-","1","1","1","50","28/12/1970","1","03","3","2","5","01","4","4","2","1","001500",1,"1",6789,27361
"00","1021","6","11B191","15","40068","3","1","1","01","-","1","1","1","25","03/05/1996","1","04","3","2","6","04",,,,,,1,"1",6789,6840
"00","1021","3","11A204","15","40092","3","1","0","08","-","1","3","1","50","16/06/1971","1","02","6","2","1","01","7","2","3","2","999999",1,,8134,0
"00","1021","3","11A204","15","40092","3","1","0","02","-","1","3","2","49","21/09/1972","1","02","6","2","5","07",,,,,,1,,8134,0
"00","1021","3","11A204","15","40092","3","1","0","06","-","1","5","1","20","14/10/2000","1","04","3","1","6","06",,,,,,1,,8134,0
"00","1021","3","11A204","15","40092","4","1","0","03","-","1","3","2","10","05/01/2011","1","02","4","1",,,,,,,,1,,8134,0
"00","1021","3","11A204","15","40092","4","1","0","02","-","1","2","2","49","07/09/1972","1","07","5","2","5","07",,,,,,1,"1",8134,16392
"00","1021","3","11A204","15","40092","4","1","0","01","-","1","1","1","47","28/11/1973","1","07","5","2","5","01","2","2","3","2","010000",1,,8134,0
"00","1021","3","11A204","15","40092","3","1","0","01","-","1","1","2","70","30/04/1951","1","00",,"2","4","07",,,,,,1,,8134,0
"00","1021","3","11A204","15","40092","3","1","0","07","-","1","5","1","24","17/06/1997","1","04","3","2","6","01","3","5","3","2","999999",1,,8134,0
"00","1021","3","11A204","15","40092","3","1","0","03","-","1","3","2","39","11/01/1982","1","03","1","2","1","01","7","2","2","1","999999",1,,8134,0
"00","1021","3","11A204","15","40092","3","1","0","09","-","1","5","2","49","01/09/1972","1","03","3","2","1","07",,,,,,1,"1",8134,57371
"00","1021","3","11A204","15","40092","3","1","0","05","-","1","5","1","11","22/12/2009","1","02","6","1",,,,,,,,1,,8134,0
"00","1021","3","11A204","15","40092","3","1","0","04","-","1","5","1","16","08/08/2005","1","04","2","1","6","06",,,,,,1,,8134,0
"00","1021","3","11A204","15","40092","2","1","0","02","-","1","3","1","19","06/03/2002","1","04","3","2","6","01","5","5","3","2","004000",1,"1",8134,16392
"00","1021","3","11A204","15","40092","2","1","0","01","-","1","1","2","60","27/06/1961","1","08","2","2","4","01","2","7","2","2","003000",1,,8134,0
"00","1021","3","11A204","15","40092","1","1","0","03","-","1","3","2","21","21/03/2000","1","04","3","2","6","01","3","5","3","1","001000",1,,8134,0
"00","1021","3","11A204","15","40092","1","1","0","02","-","1","2","1","52","15/07/1969","1","04","3","2","1","01","7","2","3","1","001100",1,,8134,0
"00","1021","3","11A204","15","40092","1","1","0","01","-","1","1","2","51","24/12/1969","1","03","3","2","1","01","3","4","3","1","000900",1,"1",8134,32783
"00","1021","3","11A204","15","40092","1","1","0","04","-","1","3","1","28","14/01/1993","1","04","3","2","6","04",,,,,,1,,8134,0
"00","1021","8","11A197","15","40093","1","1","0","01","-","1","1","2","62","24/12/1958","1","03","3","2","6","01","4","4","3","2","000700",1,"1",8136,16476
"00","1021","8","11A197","15","40093","4","1","0","03","-","1","3","1","25","04/06/1996","1","07","4","2","6","01","2","5","3","2","005000",1,,8136,0
"00","1021","8","11A197","15","40093","2","1","0","01","-","1","1","1","61","14/10/1959","1","04","2","2","5","08",,,,,,1,,8136,0
"00","1021","8","11A197","15","40093","2","1","0","03","-","1","3","1","39","27/07/1982","1","07","2","2","5","01","4","5","3","1","001500",1,,8136,0
"00","1021","8","11A197","15","40093","2","1","0","05","-","1","5","2","24","09/09/1997","1","03","3","2","5","07",,,,,,1,,8136,0
"00","1021","8","11A197","15","40093","2","1","0","04","-","1","3","1","24","17/07/1997","1","03","3","2","5","01","5","5","3","1","002400",1,"1",8136,32952
"00","1021","5","11A197","15","40093","2","1","0","02","-","2",,,,,,,,,,,,,,,,1,,0,0
"00","1021","8","11A197","15","40093","3","1","0","01","-","1","1","1","55","20/10/1965","1","03","3","2","5","01","4","4","3","3","002000",1,,8136,0
"00","1021","8","11A197","15","40093","3","1","0","04","-","1","5","2","21","25/08/2000","1","04","2","1","6","06",,,,,,1,,8136,0
"00","1021","8","11A197","15","40093","3","1","0","05","-","1","5","2","14","27/02/2007","1","03","2","1","6","06",,,,,,1,,8136,0
"00","1021","8","11A197","15","40093","3","1","0","02","-","1","2","2","53","06/05/1968","1","02","6","2","5","07",,,,,,1,,8136,0
"00","1021","8","11A197","15","40093","3","1","0","03","-","1","3","2","36","04/10/1985","1","07","4","2","6","01","1","5","3","3","002400",1,"1",8136,32952
"00","1021","8","11A197","15","40093","4","1","0","04","-","1","3","1","20","08/05/2001","1","04","3","2","6","01","2","5","3","2","005000",1,,8136,0
"00","1021","8","11A197","15","40093","4","1","0","02","-","1","2","2","49","26/11/1971","1","04","3","2","5","07",,,,,,1,"1",8136,32952
"00","1021","8","11A197","15","40093","4","1","0","01","-","1","1","1","45","05/05/1976","1","04","3","2","5","10",,,,,,1,,8136,0
"00","1021","8","11A197","15","40093","1","1","0","02","-","1","3","1","30","15/02/1991","1","04","3","2","6","02","4","4","6","5",,1,,8136,0
"00","1021","3","12A204","15","40117","1","1","0","01","-","1","1","1","78","19/07/1943","1","03","3","2","4","08",,,,,,1,,7754,0
"00","1021","3","12A204","15","40117","1","1","0","04","-","1","5","2","08","20/10/2012","1","02","3","1",,,,,,,,1,,7754,0
"00","1021","3","12A204","15","40117","1","1","0","02","-","1","5","1","42","24/09/1979","1","07","5","2","5","01","1","2","3","1","999999",1,"1",7754,23553
"00","1021","3","12A204","15","40117","1","1","0","03","-","1","3","2","41","08/07/1980","1","07","5","2","5","07",,,,,,1,,7754,0
"00","1021","3","12A204","15","40117","2","1","0","02","-","1","3","1","45","11/11/1975","1","04","3","2","2","01","4","4","3","2","999999",1,,7754,0
"00","1021","3","12A204","15","40117","2","1","0","01","-","1","1","2","65","24/06/1956","1","02","6","2","4","07",,,,,,1,,7754,0
"00","1021","3","12A204","15","40117","4","1","0","02","-","1","2","2","40","05/04/1981","1","07","4","2","5","01","1","5","2","1","999999",1,"1",7754,15702
"00","1021","3","12A204","15","40117","2","1","0","04","-","1","3","1","38","16/03/1983","1","07","4","2","6","01","4","4","2","1","999999",1,"1",7754,31404
"00","1021","3","12A204","15","40117","3","1","0","02","-","1","3","1","41","28/02/1980","1","04","3","2","3","01","7","2","3","1","999999",1,,7754,0
"00","1021","3","12A204","15","40117","3","1","0","01","-","1","1","1","63","26/08/1958","1","03","3","2","5","08",,,,,,1,"1",7754,31404
"00","1021","3","12A204","15","40117","3","1","0","04","-","1","2","2","62","01/08/1959","1","06","3","2","5","07",,,,,,1,,7754,0
"00","1021","3","12A204","15","40117","3","1","0","03","-","1","3","1","33","22/09/1988","1","03","3","2","3","01","5","5","3","1","999999",1,,7754,0
"00","1021","3","12A204","15","40117","4","1","0","01","-","1","1","1","44","24/04/1977","1","07","5","2","5","01","5","5","2","1","999999",1,,7754,0
"00","1021","3","12A204","15","40117","2","1","0","03","-","1","3","1","40","06/01/1981","1","04","3","2","2","01","4","4","2","1","999999",1,,7754,0
"00","1021","2","11A205","15","40150","3","1","0","02","-","1","2","2","39","26/06/1982","1","02","6","2","1","07",,,,,,1,,6443,0
"00","1021","2","11A205","15","40150","3","1","0","04","-","1","3","2","13","21/12/2007","1","03","2","1","6","06",,,,,,1,,6443,0
"00","1021","2","11A205","15","40150","3","1","0","05","-","1","3","1","08","26/09/2013","1","02","2","1",,,,,,,,1,,6443,0
"00","1021","2","11A205","15","40150","3","1","0","03","-","1","3","1","16","21/09/2005","1","04","1","1","6","06",,,,,,1,,6443,0
"00","1021","2","11A205","15","40150","3","1","0","01","-","1","1","1","45","26/06/1976","1","03","3","2","1","01","5","2","3","1","001500",1,"1",6443,12985
"00","1021","2","11A205","15","40150","1","1","0","02","-","1","3","2","31","06/01/1990","1","04","3","2","6","01","4","4","3","1","001200",1,,6443,0
"00","1021","2","11A205","15","40150","1","1","0","01","-","1","1","1","56","11/11/1964","1","03","3","2","2","01","5","5","3","1","000600",1,"1",6443,19477
"00","1021","2","11A205","15","40150","1","1","0","03","-","1","3","2","29","31/01/1992","1","04","3","2","3","01","5","5","3","2","002100",1,,6443,0
"00","1021","8","12A197","15","40152","1","1","0","02","-","1","2","2","63","05/11/1957","1","06","3","2","5","07",,,,,,1,"1",7538,30528
"00","1021","8","12A197","15","40152","1","1","0","03","-","1","3","1","34","04/12/1986","1","04","3","2","6","01","5","6","3","2","999999",1,,7538,0
"00","1021","8","12A197","15","40152","1","1","0","01","-","1","1","1","69","01/06/1952","1","07","4","2","5","08",,,,,,1,,7538,0
"00","1021","8","12A197","15","40152","1","1","0","04","-","1","3","1","30","17/10/1990","1","04","3","2","2","01","5","5","3","2","999999",1,,7538,0
"00","1021","8","12A197","15","40152","4","1","0","02","-","1","2","2","78","29/11/1942","1","02","2","2","5","07",,,,,,1,,7538,0
"00","1021","8","12A197","15","40152","4","1","0","03","-","1","3","1","47","22/02/1974","2","00",,"2","6","10",,,,,,1,,7538,0
"00","1021","8","12A197","15","40152","3","1","0","03","-","1","3","2","03","23/06/2018",,,,,,,,,,,,1,,7538,0
"00","1021","8","12A197","15","40152","4","1","0","04","-","1","3","2","53","29/09/1968","1","04","3","2","2","07",,,,,,1,"1",7538,38160
"00","1021","8","12A197","15","40152","4","1","0","05","-","1","5","1","24","19/12/1996","1","04","3","2","6","01","4","4","3","3","999999",1,,7538,0
"00","1021","8","12A197","15","40152","2","1","0","02","-","1","2","2","59","27/11/1961","1","02","6","2","5","01","4","4","2","1","002000",1,,7538,0
"00","1021","8","12A197","15","40152","2","1","0","01","-","1","1","1","62","09/09/1959","1","03","3","2","5","01","4","4","2","1","002000",1,"1",7538,15264
"00","1021","8","12A197","15","40152","3","1","0","02","-","1","2","2","34","31/01/1987","1","04","3","2","1","01","2","5","3","2","007000",1,,7538,0
"00","1021","8","12A197","15","40152","3","1","0","01","-","1","1","1","34","14/10/1986","1","04","3","2","1","01","2","5","3","2","010000",1,"1",7538,15264
"00","1021","8","12A197","15","40152","4","1","0","01","-","1","1","1","74","09/05/1947","1","04","3","2","5","08",,,,,,1,,7538,0
"00","1021","2","11A205","15","40178","1","1","0","06","-","1","3","2","06","30/12/2014","2","02","1","1",,,,,,,,1,,8514,0
"00","1021","2","11A205","15","40178","1","1","0","02","-","1","2","2","42","15/12/1978","1","02","6","2","1","01","4","4","2","1","001000",1,"1",8514,34313
"00","1021","2","11A205","15","40178","1","1","0","03","-","1","3","1","20","19/04/2001","1","04","2","1","6","06",,,,,,1,,8514,0
"00","1021","2","11A205","15","40178","1","1","0","05","-","1","3","2","06","30/12/2014","2","02","1","1",,,,,,,,1,,8514,0
"00","1021","2","11A205","15","40178","1","1","0","01","-","1","1","1","52","27/05/1969","1","02","6","2","1","01","4","4","2","1","001000",1,,8514,0
"00","1021","2","11A205","15","40178","4","1","0","01","-","1","1","1","33","31/12/1987","1","04","3","2","5","01","4","4","3","1","001500",1,"1",8514,17157
"00","1021","2","11A205","15","40178","3","1","0","01","-","1","1","1","42","31/01/1979","1","07","5","2","2","01","2","7","3","2","004000",1,"1",8514,8578
"00","1021","2","11A205","15","40178","3","1","0","02","-","1","3","1","08","12/08/2013","1","02","2","1",,,,,,,,1,,8514,0
"00","1021","2","11A205","15","40178","4","1","0","02","-","1","2","2","35","08/04/1986","1","07","4","2","5","01","3","7","3","2","005000",1,,8514,0
"00","1021","2","11A205","15","40178","4","1","0","04","-","1","3","2","00","04/02/2021",,,,,,,,,,,,1,,8514,0
"00","1021","2","11A205","15","40178","4","1","0","03","-","1","3","1","07","07/01/2014","1","02","1","1",,,,,,,,1,,8514,0
"00","1021","2","11A205","15","40178","1","1","0","04","-","1","3","2","18","04/08/2003","1","04","1","1","6","06",,,,,,1,,8514,0
"00","1021","1","12A206","15","40181","1","1","0","04","-","1","7","1","34","27/09/1987","1","04","3","2","6","01","4","4","2","1","001800",1,,6717,0
"00","1021","1","12A206","15","40181","1","1","0","02","-","1","2","2","31","04/02/1990","1","04","3","2","5","07",,,,,,1,"1",6717,27203
"00","1021","1","12A206","15","40181","1","1","0","05","-","1","3","2","06","15/06/2015","2","02","1","1",,,,,,,,1,,6717,0
"00","1021","1","12A206","15","40181","1","1","0","01","-","1","1","1","34","06/08/1987","1","07","5","2","5","01","1","2","3","2","004800",1,,6717,0
"00","1021","1","12A206","15","40181","1","1","0","06","-","1","3","1","04","15/05/2017",,,,,,,,,,,,1,,6717,0
"00","1021","1","12A206","15","40181","4","1","0","01","-","1","1","1","59","06/11/1961","1","04","3","2","2","01","4","4","2","1","001000",1,"1",6717,6801
"00","1021","1","12A206","15","40181","2","1","0","05","-","1","5","2","13","29/06/2008","1","03","2","1","6","06",,,,,,1,,6717,0
"00","1021","1","12A206","15","40181","3","1","0","01","-","1","1","2","67","18/07/1954","1","03","3","2","6","01","7","2","2","1","000500",1,"1",6717,6801
"00","1021","1","12A206","15","40181","2","1","0","02","-","1","3","2","32","27/03/1989","1","03","1","1","1","01","7","5","2","1","001500",1,,6717,0
"00","1021","1","12A206","15","40181","2","1","0","06","-","1","5","1","05","29/11/2015","2","01","2","1",,,,,,,,1,,6717,0
"00","1021","1","12A206","15","40181","2","1","0","03","-","1","5","1","42","20/03/1979","1","04","2","2","1","01","7","5","2","1","001500",1,,6717,0
"00","1021","1","12A206","15","40181","2","1","0","01","-","1","1","2","58","17/02/1963","1","00",,"2","6","01","7","5","2","1","001500",1,"1",6717,20402
"00","1021","1","12A206","15","40181","2","1","0","04","-","1","5","1","15","09/02/2006","1","04","1","1","6","06",,,,,,1,,6717,0
"00","1021","1","12A206","15","40181","1","1","0","03","-","1","4","2","56","26/08/1965","1","07","1","2","4","01","4","4","2","1","001800",1,,6717,0
"00","1021","6","12B191","15","40185","1","1","1","03","-","1","3","1","26","11/04/1995","1","03","2","2","6","01","4","4","3","1","000200",1,,6616,0
"00","1021","6","12B191","15","40185","3","1","0","03","-","1","3","1","09","12/01/2012","1","02","2","1",,,,,,,,1,,6616,0
"00","1021","6","12B191","15","40185","3","1","0","02","-","1","2","2","31","12/11/1989","1","03","3","2","1","07",,,,,,1,"1",6616,13333
"00","1021","6","12B191","15","40185","3","1","0","01","-","1","1","1","31","07/08/1990","1","03","3","2","1","01","7","3","2","1","001500",1,,6616,0
"00","1021","6","12B191","15","40185","4","1","2","03","-","1","3","1","27","19/10/1993","1","04","3","2","6","09",,,,,,1,,6616,0
"00","1021","6","12B191","15","40185","4","1","2","02","-","1","2","1","66","27/07/1955","1","02","6","2","5","09",,,,,,1,,6616,0
"00","1021","6","12B191","15","40185","4","1","2","01","-","1","1","2","60","21/11/1960","1","02","6","2","5","07",,,,,,1,"1",6616,19999
"00","1021","6","12B191","15","40185","1","1","1","05","-","1","3","1","22","15/06/1999","1","03","2","2","1","01","4","4","3","1","000200",1,,6616,0
"00","1021","6","12B191","15","40185","1","1","1","04","-","1","5","2","18","08/09/2003","1","04","1","2","1","07",,,,,,1,,6616,0
"00","1021","6","12B191","15","40185","1","1","1","02","-","1","2","1","53","30/10/1967","1","03","2","2","5","01","4","4","3","1","000500",1,,6616,0
"00","1021","6","12B191","15","40185","1","1","1","01","-","1","1","2","48","05/03/1973","1","04","3","2","5","07",,,,,,1,"1",6616,33332
"00","1021","6","11B191","15","40188","2","1","0","03","-","1","3","1","42","02/02/1979","1","02","6","2","6","01","4","4","3","1","003000",1,,8199,0
"00","1021","6","11B191","15","40188","3","1","0","05","-","1","3","1","23","15/12/1997","1","02","6","2","6","01","5","5","3","2","999999",1,"1",8199,24785
"00","1021","6","11B191","15","40188","3","1","0","03","-","1","3","2","17","17/03/2004","1","02","3","1","6","06",,,,,,1,,8199,0
"00","1021","6","11B191","15","40188","3","1","0","01","-","1","1","1","47","18/11/1973","1","02","6","2","5","01","5","5","3","1","001200",1,,8199,0
"00","1021","6","11B191","15","40188","2","1","0","08","-","1","5","2","08","24/06/2013","1","02","1","1",,,,,,,,1,,8199,0
"00","1021","6","11B191","15","40188","2","1","0","04","-","1","3","1","40","12/02/1981","1","03","2","2","6","01","5","6","3","1","003000",1,,8199,0
"00","1021","5","11B191","15","40188","4","1","0","04","-","2",,,,,,,,,,,,,,,,1,,0,0
"00","1021","6","11B191","15","40188","4","1","0","01","-","1","1","2","91","12/12/1929","1","02","6","2","4","10",,,,,,1,"1",8199,8262
"00","1021","5","11B191","15","40188","4","1","0","02","-","2",,,,,,,,,,,,,,,,1,,0,0
"00","1021","6","11B191","15","40188","1","1","0","01","-","1","1","1","55","16/02/1966","1","07","4","2","5","01","1","5","2","3","020000",1,"1",8199,16523
"00","1021","6","11B191","15","40188","1","1","0","02","-","1","2","2","58","27/05/1963","1","07","4","2","5","10",,,,,,1,,8199,0
"00","1021","6","11B191","15","40188","2","1","0","01","-","1","1","2","68","01/01/1953","1","02","6","2","6","10",,,,,,1,,8199,0
"00","1021","6","11B191","15","40188","2","1","0","06","-","1","5","2","14","08/03/2007","1","03","1","1","6","06",,,,,,1,,8199,0
"00","1021","6","11B191","15","40188","2","1","0","05","-","1","7","2","38","05/02/1983","1","02","6","2","5","10",,,,,,1,,8199,0
"00","1021","6","11B191","15","40188","2","1","0","02","-","1","3","1","49","02/10/1972","1","03","3","2","6","01","4","4","3","1","003000",1,"1",8199,41309
"00","1021","5","11B191","15","40188","4","1","0","05","-","2",,,,,,,,,,,,,,,,1,,0,0
"00","1021","5","11B191","15","40188","4","1","0","03","-","2",,,,,,,,,,,,,,,,1,,0,0
"00","1021","6","11B191","15","40188","3","1","0","04","-","1","5","1","03","12/06/2018",,,,,,,,,,,,1,,8199,0
"00","1021","6","11B191","15","40188","3","1","0","02","-","1","2","2","49","24/06/1972","1","02","6","2","5","01","5","5","3","1","000400",1,,8199,0
"00","1021","6","11B191","15","40188","2","1","0","07","-","1","5","2","16","01/04/2005","1","03","2","1","6","06",,,,,,1,,8199,0
"00","1021","2","11A205","15","40210","1","1","0","02","-","1","3","1","10","03/09/2011","1","02","4","1",,,,,,,,1,,7139,0
"00","1021","2","11A205","15","40210","1","1","0","01","-","1","1","2","49","01/08/1972","1","03","3","2","2","01","5","2","3","1","999999",1,,7139,0
"00","1021","2","11A205","15","40210","4","1","0","03","-","1","3","1","22","20/08/1999","1","03","3","1","6","01","7","2","3","2","002000",1,"1",7139,21580
"00","1021","2","11A205","15","40210","4","1","0","05","-","1","3","1","10","21/08/2011","1","02","4","1",,,,,,,,1,,7139,0
"00","1021","2","11A205","15","40210","4","1","0","01","-","1","1","1","38","17/07/1983","1","03","3","2","1","01","5","6","2","2","999999",1,,7139,0
"00","1021","2","11A205","15","40210","4","1","0","04","-","1","3","2","15","11/09/2006","1","03","3","1","6","06",,,,,,1,,7139,0
"00","1021","2","11A205","15","40210","1","1","0","03","-","1","3","1","20","27/01/2001","1","04","3","2","6","10",,,,,,1,"1",7139,14387
"00","1021","2","11A205","15","40210","4","1","0","02","-","1","2","2","37","21/05/1984","1","03","3","2","1","07",,,,,,1,,7139,0
"00","1021","3","13A204","15","40235","1","1","0","02","-","1","2","2","55","15/11/1965","1","07","5","2","5","10",,,,,,1,,10413,0
"00","1021","3","13A204","15","40235","1","1","0","01","-","1","1","1","58","19/06/1963","1","07","5","2","5","10",,,,,,1,,10413,0
"00","1021","3","13A204","15","40235","1","1","0","03","-","1","3","2","20","09/10/2000","1","07","2","1","6","06",,,,,,1,"1",10413,31515
"00","1021","4","11A203","15","40236","1","1","0","01","-","1","1","2","64","11/04/1957","1","03","1","2","6","01","4","4","1","1","999999",1,"1",11312,11398
"00","1021","4","11A203","15","40236","4","1","0","01","-","1","1","1","33","25/01/1988","1","03","2","2","2","01","4","4","3","1","001200",1,"1",11312,11398
"00","1021","4","11A203","15","40236","4","1","0","02","-","1","3","1","07","17/05/2014","2","01","3","1",,,,,,,,1,,11312,0
"00","1021","4","11A203","15","40236","2","1","0","02","-","1","2","2","52","24/11/1968","1","03","3","2","1","07",,,,,,1,,11312,0
"00","1021","4","11A203","15","40236","2","1","0","01","-","1","1","1","48","25/08/1973","1","02","6","2","1","01","5","5","2","1","999999",1,"1",11312,22796
"00","1021","4","11A203","15","40236","3","1","0","01","-","1","1","1","48","09/01/1973","1","03","3","2","3","01","5","3","2","1","999999",1,"1",11312,11398
"00","1021","1","11A206","15","40237","4","1","0","03","-","1","3","2","17","03/08/2004","1","04","2","1","6","06",,,,,,1,,7833,0
"00","1021","1","11A206","15","40237","4","1","0","02","-","1","3","2","20","29/03/2001","1","07","2","1","6","06",,,,,,1,"1",7833,15786
"00","1021","1","11A206","15","40237","4","1","0","01","-","1","1","2","49","17/07/1972","1","04","3","2","6","01","3","7","3","3","008000",1,,7833,0
"00","1021","1","11A206","15","40237","3","1","0","03","-","1","3","1","15","19/01/2006","1","03","2","1","6","06",,,,,,1,,7833,0
"00","1021","1","11A206","15","40237","3","1","0","01","-","1","1","2","34","14/10/1986","1","03","3","2","1","07",,,,,,1,"1",7833,15786
"00","1021","1","11A206","15","40237","3","1","0","04","-","1","3","2","10","26/06/2011","1","02","3","1",,,,,,,,1,,7833,0
"00","1021","1","11A206","15","40237","3","1","0","02","-","1","2","1","28","23/03/1993","1","03","3","2","1","01","5","5","3","1","001000",1,,7833,0
"00","1021","1","11A206","15","40237","1","1","0","01","-","1","1","1","39","09/05/1982","1","07","3","2","6","01","2","7","3","1","008000",1,"1",7833,7893
"00","1021","1","11A206","15","40237","2","1","0","01","-","1","1","1","77","12/08/1944","1","02","6","2","5","08",,,,,,1,,7833,0
"00","1021","1","11A206","15","40237","2","1","0","02","-","1","2","2","76","10/12/1944","1","02","6","2","5","07",,,,,,1,"1",7833,15786
"00","1021","2","13A205","15","40238","2","1","0","02","-","1","2","2","60","03/01/1961","1","03","3","2","5","07",,,,,,1,"1",10963,22120
"00","1021","2","13A205","15","40238","1","1","0","01","-","1","1","1","66","12/12/1954","1","07","5","2","5","08",,,,,,1,,10963,0
"00","1021","2","13A205","15","40238","1","1","0","04","-","1","3","2","25","01/09/1996","1","08","2","2","6","01","5","5","3","2","999999",1,,10963,0
"00","1021","2","13A205","15","40238","1","1","0","03","-","1","3","1","28","07/09/1993","1","08","2","2","6","01","5","5","3","2","999999",1,,10963,0
"00","1021","2","13A205","15","40238","1","1","0","02","-","1","2","2","56","15/03/1965","1","06","3","2","5","07",,,,,,1,"1",10963,44241
"00","1021","2","13A205","15","40238","3","1","0","02","-","1","4","2","87","30/08/1934","1","03","1","2","4","07",,,,,,1,,10963,0
"00","1021","2","13A205","15","40238","4","1","0","04","-","1","2","2","50","29/04/1971","1","06","3","2","5","01","3","7","3","2","999999",1,"1",10963,44241
"00","1021","2","13A205","15","40238","4","1","0","01","-","1","1","1","43","17/06/1978","1","04","3","2","5","01","3","7","3","2","999999",1,,10963,0
"00","1021","2","13A205","15","40238","4","1","0","03","-","1","3","1","18","03/07/2003","1","04","3","1","6","06",,,,,,1,,10963,0
"00","1021","2","13A205","15","40238","2","1","0","01","-","1","1","1","60","15/08/1961","1","03","3","2","5","08",,,,,,1,,10963,0
"00","1021","2","13A205","15","40238","3","1","0","01","-","1","1","1","63","22/09/1958","1","06","2","2","2","08",,,,,,1,"1",10963,22120
"00","1021","2","13A205","15","40238","4","1","0","02","-","1","3","1","23","11/07/1998","1","07","4","2","6","04",,,,,,1,,10963,0
"00","1021","2","11A205","15","40241","3","1","0","06","-","1","3","1","10","01/11/2010","1","02","5","1",,,,,,,,1,,6836,0
"00","1021","2","11A205","15","40241","3","1","0","02","-","1","4","2","60","21/07/1961","2","00",,"2","4","01","4","4","2","1","999999",1,,6836,0
"00","1021","2","11A205","15","40241","3","1","0","05","-","1","3","1","18","26/07/2003","1","03","3","2","6","01","5","5","2","1","999999",1,,6836,0
"00","1021","2","11A205","15","40241","3","1","0","03","-","1","2","2","55","13/11/1965","1","03","3","2","1","01","5","5","2","1","999999",1,"1",6836,34440
"00","1021","2","11A205","15","40241","3","1","0","04","-","1","5","1","19","03/08/2002","1","04","3","2","6","01","4","4","2","1","999999",1,,6836,0
"00","1021","2","11A205","15","40241","3","1","0","07","-","3","3","1","06","22/02/2015","2","01","2","1",,,,,,,,1,,6836,0
"00","1021","2","11A205","15","40241","3","1","0","01","-","1","1","1","39","11/02/1982","1","04","1","2","1","01","5","5","3","1","999999",1,,6836,0
"00","1021","2","11A205","15","40241","2","1","0","06","-","1","5","2","08","06/09/2013","1","02","4","1",,,,,,,,1,,6836,0
"00","1021","2","11A205","15","40241","2","1","0","01","-","1","1","1","54","06/09/1967","1","03","3","2","5","07",,,,,,1,"1",6836,27552
"00","1021","2","11A205","15","40241","2","1","0","02","-","1","3","1","33","06/09/1988","1","04","3","2","5","03","5","5","3","1","999999",1,,6836,0
"00","1021","2","11A205","15","40241","2","1","0","05","-","1","5","2","03","06/09/2018",,,,,,,,,,,,1,,6836,0
"00","1021","2","11A205","15","40241","2","1","0","04","-","1","5","2","27","06/09/1994","1","04","3","2","5","07",,,,,,1,,6836,0
"00","1021","2","11A205","15","40241","4","1","0","05","-","1","5","2","03","15/10/2017",,,,,,,,,,,,1,,6836,0
"00","1021","2","11A205","15","40241","4","1","0","07","-","1","5","1","10","14/11/2010","1","02","5","1",,,,,,,,1,,6836,0
"00","1021","2","11A205","15","40241","4","1","0","08","-","1","5","1","06","05/01/2015","1","02","2","1",,,,,,,,1,,6836,0
"00","1021","2","11A205","15","40241","4","1","0","03","-","1","5","2","25","12/07/1996","1","03","3","2","2","01","7","2","3","1","999999",1,,6836,0
"00","1021","2","11A205","15","40241","4","1","0","04","-","1","5","2","07","23/07/2014","1","02","1","1",,,,,,,,1,,6836,0
"00","1021","2","11A205","15","40241","4","1","0","02","-","1","2","1","54","07/07/1967","1","02","6","2","5","01","5","5","3","1","001400",1,,6836,0
"00","1021","2","11A205","15","40241","4","1","0","01","-","1","1","2","47","11/12/1973","1","03","3","2","5","07",,,,,,1,"1",6836,27552
"00","1021","2","11A205","15","40241","4","1","0","06","-","1","3","2","29","19/02/1992","1","03","3","2","2","07",,,,,,1,,6836,0
"00","1021","2","11A205","15","40241","2","1","0","03","-","1","2","2","53","06/09/1968","1","03","3","2","5","07",,,,,,1,,6836,0
"00","1021","2","11A205","15","40241","1","1","0","05","-","1","3","2","30","20/05/1991","1","07","5","2","6","01","1","5","3","2","999999",1,,6836,0
"00","1021","2","11A205","15","40241","1","1","0","06","-","1","5","1","08","15/03/2013","1","02","2","1",,,,,,,,1,,6836,0
"00","1021","2","11A205","15","40241","1","1","0","01","-","1","1","2","55","07/09/1966","1","03","3","2","5","01","4","4","2","1","999999",1,,6836,0
"00","1021","2","11A205","15","40241","1","1","0","02","-","1","2","1","55","19/01/1966","1","03","3","2","5","04",,,,,,1,"1",6836,34440
"00","1021","2","11A205","15","40241","1","1","0","03","-","1","3","1","32","07/09/1989","1","04","3","2","2","01","5","5","3","1","999999",1,,6836,0
"00","1021","2","11A205","15","40241","1","1","0","07","-","1","5","1","10","30/04/2011","1","02","4","1",,,,,,,,1,,6836,0
"00","1021","2","11A205","15","40241","1","1","0","04","-","1","3","1","29","20/01/1992","1","04","3","2","2","01","5","5","3","1","999999",1,,6836,0
"00","1021","6","13B191","15","40244","1","1","0","01","-","1","1","1","47","09/01/1974","1","07","5","2","6","01","5","5","2","1","999999",1,"1",8427,8532
"00","1021","6","13B191","15","40244","2","1","0","02","-","1","7","2","54","14/05/1967","1","04","3","2","6","01","5","5","3","2","003000",1,"1",8427,8532
"00","1021","5","13B191","15","40244","2","1","0","01","-","2",,,,,,,,,,,,,,,,1,,0,0
"00","1021","8","11A197","15","40271","3","1","0","03","-","1","4","2","92","15/06/1929","1","02","2","2","4","10",,,,,,1,,10842,0
"00","1021","8","11A197","15","40271","3","1","0","04","-","1","4","1","96","12/08/1925","2","00",,"2","4","10",,,,,,1,,10842,0
"00","1021","8","11A197","15","40271","3","1","0","02","-","1","2","2","69","11/09/1952","1","02","3","2","5","07",,,,,,1,"1",10842,65548
"00","1021","8","11A197","15","40271","3","1","0","01","-","1","1","1","76","16/01/1945","1","04","3","2","5","01","4","4","2","1","999999",1,,10842,0
"00","1021","8","11A197","15","40271","1","1","0","03","-","1","3","2","51","19/12/1969","1","07","5","2","2","01","2","7","3","2","999999",1,,10842,0
"00","1021","8","11A197","15","40271","1","1","0","02","-","1","3","1","54","21/06/1967","1","04","3","2","6","01","5","5","2","1","999999",1,,10842,0
"00","1021","8","11A197","15","40271","3","1","0","05","-","1","3","1","37","26/03/1984","1","04","1","2","6","01","7","4","2","1","999999",1,,10842,0
"00","1021","8","11A197","15","40271","4","1","0","05","-","1","3","1","19","03/03/2002","1","03","3","2","6","01","4","5","3","2","999999",1,,10842,0
"00","1021","8","11A197","15","40271","4","1","0","04","-","1","3","1","22","13/09/1999","1","04","3","2","6","01","5","5","3","2","999999",1,"1",10842,54624
"00","1021","8","11A197","15","40271","4","1","0","03","-","1","3","2","24","02/08/1997","1","04","3","2","6","01","3","5","3","2","999999",1,,10842,0
"00","1021","8","11A197","15","40271","4","1","0","01","-","1","1","1","53","28/01/1968","1","04","3","2","5","01","4","4","2","1","999999",1,,10842,0
"00","1021","8","11A197","15","40271","4","1","0","02","-","1","2","2","43","24/12/1977","1","03","3","2","5","07",,,,,,1,,10842,0
"00","1021","8","11A197","15","40271","3","1","0","06","-","1","3","1","43","03/03/1978","1","03","3","2","2","01","7","2","3","2","999999",1,,10842,0
"00","1021","8","11A197","15","40271","1","1","0","01","-","1","1","2","80","11/10/1940","1","02","2","2","4","07",,,,,,1,"1",10842,32774
"00","1021","5","13B192","15","40277","1","1","0","04","-","1","5","2","15","18/01/2006","1","03","3","2","6","07",,,,,,1,,7243,0
"00","1021","5","13B192","15","40277","2","1","0","01","-","1","1","1","28","01/07/1993","1","04","3","2","1","01","5","5","3","2","999999",1,,7243,0
"00","1021","5","13B192","15","40277","1","1","0","02","-","1","3","2","44","18/01/1977","1","04","3","2","6","01","4","4","2","1","999999",1,,7243,0
"00","1021","5","13B192","15","40277","1","1","0","06","-","1","5","2","13","18/01/2008","1","03","1","1","6","06",,,,,,1,,7243,0
"00","1021","5","13B192","15","40277","1","1","0","03","-","1","5","2","18","18/01/2003","1","03","3","1","6","06",,,,,,1,"1",7243,22001
"00","1021","5","13B192","15","40277","1","1","0","05","-","1","5","1","17","18/01/2004","1","04","2","1","6","06",,,,,,1,,7243,0
"00","1021","5","13B192","15","40277","1","1","0","01","-","1","1","2","64","18/01/1957","1","04","3","2","6","01","4","4","2","1","999999",1,,7243,0
"00","1021","5","13B192","15","40277","2","1","0","03","-","1","3","1","02","26/11/2018",,,,,,,,,,,,1,,7243,0
"00","1021","5","13B192","15","40277","4","1","0","04","-","1","3","2","25","04/11/1995","1","07","2","2","6","01","1","5","3","1","999999",1,,7243,0
"00","1021","5","13B192","15","40277","4","1","0","02","-","1","2","2","67","15/01/1954","1","07","4","2","5","08",,,,,,1,,7243,0
"00","1021","5","13B192","15","40277","4","1","0","03","-","1","3","1","28","02/07/1993","1","07","3","2","6","01","3","2","3","1","999999",1,,7243,0
"00","1021","5","13B192","15","40277","4","1","0","01","-","1","1","1","61","18/12/1959","1","04","3","2","5","01","5","5","3","2","006200",1,"1",7243,29335
"00","1021","5","13B192","15","40277","3","1","0","04","-","1","3","2","08","09/08/2013","1","02","3","1",,,,,,,,1,,7243,0
"00","1021","5","13B192","15","40277","3","1","0","01","-","1","1","1","38","07/04/1983","1","04","3","2","5","01","4","4","2","1","999999",1,,7243,0
"00","1021","5","13B192","15","40277","2","1","0","02","-","1","2","2","26","21/10/1994","1","04","3","2","1","07",,,,,,1,"1",7243,14668
"00","1021","5","13B192","15","40277","3","1","0","02","-","1","2","2","33","31/12/1987","1","04","3","2","5","01","4","4","2","1","999999",1,"1",7243,14668
"00","1021","5","13B192","15","40277","3","1","0","03","-","1","3","2","04","09/08/2017",,,,,,,,,,,,1,,7243,0
"00","1021","4","13A203","15","40283","1","1","0","02","-","1","6","1","55","04/06/1966","1","04","3","2","6","01","2","7","3","2","999999",1,,11221,0
"00","1021","4","13A203","15","40283","4","1","0","02","-","1","2","2","44","10/08/1977","1","04","3","2","5","07",,,,,,1,"1",11221,33963
"00","1021","4","13A203","15","40283","1","1","0","01","-","1","1","2","58","23/09/1963","1","04","3","2","4","01","2","7","3","2","999999",1,"1",11221,33963
"00","1021","4","13A203","15","40283","2","1","0","04","-","1","3","2","19","15/03/2002","1","04","3","1","6","06",,,,,,1,,11221,0
"00","1021","4","13A203","15","40283","2","1","0","05","-","1","3","2","17","03/02/2004","1","04","1","1","6","06",,,,,,1,,11221,0
"00","1021","4","13A203","15","40283","2","1","0","01","-","1","1","1","48","13/07/1973","1","07","5","2","5","01","5","7","3","2","999999",1,,11221,0
"00","1021","4","13A203","15","40283","2","1","0","02","-","1","7","1","35","02/04/1986","1","07","5","2","6","01","2","7","3","2","999999",1,,11221,0
"00","1021","4","13A203","15","40283","2","1","0","03","-","1","2","2","40","01/01/1981","1","04","3","2","5","01","4","4","2","2","999999",1,"1",11221,45284
"00","1021","4","13A203","15","40283","3","1","0","02","-","1","2","2","59","21/01/1962","1","07","5","2","1","07",,,,,,1,,11221,0
"00","1021","4","13A203","15","40283","3","1","0","01","-","1","1","1","60","14/10/1960","1","07","5","2","1","01","5","5","3","2","007500",1,,11221,0
"00","1021","4","13A203","15","40283","3","1","0","03","-","1","3","1","33","18/01/1988","1","07","5","2","5","01","3","7","3","2","004000",1,,11221,0
"00","1021","4","13A203","15","40283","3","1","0","06","-","1","5","1","02","18/02/2019",,,,,,,,,,,,1,,11221,0
"00","1021","4","13A203","15","40283","3","1","0","04","-","1","3","2","33","22/08/1988","1","07","5","2","6","01","3","5","3","2","004000",1,"1",11221,56605
"00","1021","4","13A203","15","40283","3","1","0","05","-","1","5","2","28","26/05/1993","1","04","3","2","5","07",,,,,,1,,11221,0
"00","1021","4","13A203","15","40283","4","1","0","04","-","1","3","1","15","13/08/2006","1","03","3","1","6","06",,,,,,1,,11221,0
"00","1021","4","13A203","15","40283","4","1","0","01","-","1","1","1","50","11/08/1971","1","07","5","2","5","01","5","5","3","1","999999",1,,11221,0
"00","1021","4","13A203","15","40283","4","1","0","03","-","1","3","2","19","11/02/2002","1","04","3","1","6","06",,,,,,1,,11221,0
"00","1021","4","13A203","15","40283","1","1","0","03","-","1","3","1","29","08/12/1991","1","07","4","1","6","01","1","2","3","2","999999",1,,11221,0
"00","1021","4","12A203","15","40293","4","1","0","01","-","1","1","1","51","14/07/1970","1","07","4","2","5","01","5","5","3","2","999999",1,,6464,0
"00","1021","4","12A203","15","40293","4","1","0","05","-","1","3","2","18","09/10/2002","1","04","3","1","6","06",,,,,,1,"1",6464,32721
"00","1021","4","12A203","15","40293","3","1","0","01","-","1","1","2","75","03/11/1945","1","06","3","2","1","07",,,,,,1,"1",6464,13088
"00","1021","4","12A203","15","40293","3","1","0","02","-","1","2","1","56","12/05/1965","1","07","5","2","1","01","5","5","2","1","999999",1,,6464,0
"00","1021","4","12A203","15","40293","2","1","0","04","-","1","5","1","10","21/01/2011","1","02","4","1",,,,,,,,1,,6464,0
"00","1021","4","12A203","15","40293","2","1","0","03","-","1","3","2","38","18/02/1983","1","05","3","2","2","04",,,,,,1,,6464,0
"00","1021","4","12A203","15","40293","2","1","0","02","-","1","2","2","75","02/02/1946","1","04","1","2","1","07",,,,,,1,,6464,0
"00","1021","4","12A203","15","40293","2","1","0","05","-","1","5","2","14","04/09/2007","1","03","2","1","6","06",,,,,,1,,6464,0
"00","1021","4","12A203","15","40293","2","1","0","01","-","1","1","1","84","05/12/1936","1","03","2","2","1","08",,,,,,1,"1",6464,19632
"00","1021","4","12A203","15","40293","1","1","0","01","-","1","1","1","66","22/06/1955","1","07","5","2","6","04",,,,,,1,"1",6464,13088
"00","1021","4","12A203","15","40293","1","1","0","02","-","1","3","1","36","15/11/1984","1","07","3","2","6","09",,,,,,1,,6464,0
"00","1021","4","12A203","15","40293","4","1","0","03","-","1","4","2","76","16/10/1944","1","03","3","2","4","07",,,,,,1,,6464,0
"00","1021","4","12A203","15","40293","4","1","0","04","-","1","3","1","21","08/01/2000","1","07","4","1","6","06",,,,,,1,,6464,0
"00","1021","4","12A203","15","40293","4","1","0","02","-","1","2","2","50","24/02/1971","1","06","3","2","5","07",,,,,,1,,6464,0
"00","1021","8","12A197","15","40298","3","1","0","02","-","1","2","2","33","21/09/1988","1","03","3","2","1","01","5","5","3","1","006000",1,"1",9931,20013
"00","1021","8","12A197","15","40298","3","1","0","05","-","1","3","2","12","01/12/2008","1","02","5","1","6","06",,,,,,1,,9931,0
"00","1021","8","12A197","15","40298","3","1","0","01","-","1","1","1","36","13/08/1985","1","03","3","2","1","01","5","5","3","2","999999",1,,9931,0
"00","1021","8","12A197","15","40298","3","1","0","04","-","1","3","2","14","09/11/2006","1","03","1","1","6","06",,,,,,1,,9931,0
"00","1021","8","12A197","15","40298","3","1","0","03","-","1","3","1","16","11/11/2004","1","03","3","2","6","10",,,,,,1,,9931,0
"00","1021","8","12A197","15","40298","4","1","0","02","-","1","2","1","51","25/04/1970","1","03","3","2","1","01","4","5","3","1","999999",1,,9931,0
"00","1021","8","12A197","15","40298","2","1","0","03","-","1","3","1","19","01/07/2002","1","04","2","1","6","06",,,,,,1,,9931,0
"00","1021","8","12A197","15","40298","2","1","0","02","-","1","2","2","34","13/03/1987","1","03","3","2","5","01","5","5","2","3","008000",1,"1",9931,30019
"00","1021","8","12A197","15","40298","2","1","0","01","-","1","1","1","43","11/04/1978","1","03","3","2","5","01","5","5","2","1","008000",1,,9931,0
"00","1021","8","12A197","15","40298","1","1","1","01","-","1","1","2","57","11/11/1963","1","07","5","2","6","01","1","5","2","1","999999",1,"1",9931,10006
"00","1021","8","12A197","15","40298","4","1","0","01","-","1","1","2","48","01/03/1973","1","03","3","2","6","01","4","4","3","1","000700",1,"1",9931,20013
"00","1021","8","12A197","15","40298","2","1","0","04","-","1","3","1","15","19/12/2005","1","03","2","1","6","06",,,,,,1,,9931,0
"00","1021","8","11A197","15","40299","1","1","0","01","-","1","1","2","60","03/12/1960","1","02","6","2","4","07",,,,,,1,,8124,0
"00","1021","8","11A197","15","40299","1","1","0","02","-","1","5","1","26","19/06/1995","1","04","2","2","5","01","4","2","3","1","999999",1,,8124,0
"00","1021","8","11A197","15","40299","1","1","0","05","-","1","5","2","06","26/08/2015","2","00",,"1",,,,,,,,1,,8124,0
"00","1021","8","11A197","15","40299","1","1","0","04","-","1","5","1","09","03/08/2012","1","02","2","1",,,,,,,,1,,8124,0
"00","1021","8","11A197","15","40299","1","1","0","03","-","1","3","2","24","05/11/1996","1","04","2","1","5","06",,,,,,1,"1",8124,24558
"00","1021","8","11A197","15","40299","1","1","0","06","-","1","5","2","04","26/01/2017",,,,,,,,,,,,1,,8124,0
"00","1021","5","11A197","15","40299","4","1","0","01","-","2",,,,,,,,,,,,,,,,1,,0,0
"00","1021","5","11A197","15","40299","4","1","0","05","-","2",,,,,,,,,,,,,,,,1,,0,0
"00","1021","8","11A197","15","40299","4","1","0","02","-","1","2","1","46","14/04/1975","1","02","6","2","1","01","4","4","2","1","001000",1,,8124,0
"00","1021","8","11A197","15","40299","4","1","0","03","-","1","3","2","29","06/06/1992","1","03","3","2","6","01","4","4","2","1","001000",1,,8124,0
"00","1021","8","11A197","15","40299","4","1","0","04","-","1","3","1","19","12/12/2001","1","03","3","2","1","01","4","4","2","1","001000",1,"1",8124,32744
"00","1021","8","11A197","15","40299","4","1","0","06","-","1","2","2","45","11/03/1976","1","02","6","2","1","01","4","4","2","1","001000",1,,8124,0
"00","1021","8","11A197","15","40299","2","1","0","01","-","1","1","2","46","10/04/1975","2","00",,"2","6","01","5","5","5","1","000900",1,"1",8124,8186
"00","1021","8","11A197","15","40299","2","1","0","02","-","1","3","1","13","10/01/2008","1","02","6","1","6","06",,,,,,1,,8124,0
"00","1021","5","11B192","15","40306","3","1","0","02","-","1","3","2","46","31/12/1974","1","03","3","2","5","01","7","5","3","1","001300",1,"1",7598,15312
"00","1021","5","11B192","15","40306","1","1","0","02","-","1","2","2","63","16/10/1957","1","03","3","2","5","07",,,,,,1,"1",7598,22968
"00","1021","5","11B192","15","40306","2","1","0","04","-","1","5","1","36","05/08/1985","1","04","3","2","5","01","3","5","2","2","002000",1,,7598,0
"00","1021","5","11B192","15","40306","2","1","0","01","-","1","1","1","83","05/08/1938","1","02","6","2","4","08",,,,,,1,,7598,0
"00","1021","5","11B192","15","40306","2","1","0","02","-","1","3","2","47","25/04/1974","1","07","4","2","5","01","2","7","4","2","010000",1,"1",7598,30625
"00","1021","5","11B192","15","40306","2","1","0","06","-","1","5","1","10","13/07/2011","1","02","3","1",,,,,,,,1,,7598,0
"00","1021","5","11B192","15","40306","2","1","0","05","-","1","5","1","11","09/04/2010","2","00",,"2",,,,,,,,1,,7598,0
"00","1021","5","11B192","15","40306","1","1","0","03","-","1","3","2","38","23/10/1982","1","04","3","2","3","07",,,,,,1,,7598,0
"00","1021","5","11B192","15","40306","1","1","0","01","-","1","1","1","65","10/09/1956","1","03","3","2","5","01","7","5","3","2","003000",1,,7598,0
"00","1021","5","11B192","15","40306","2","1","0","03","-","1","3","1","45","08/07/1976","1","07","4","2","6","04",,,,,,1,,7598,0
"00","1021","5","11B192","15","40306","3","1","0","01","-","2",,,,,,,,,,,,,,,,1,,0,0
"00","1021","5","11B192","15","40306","3","1","0","05","-","2",,,,,,,,,,,,,,,,1,,0,0
"00","1021","5","11B192","15","40306","3","1","0","03","-","1","5","2","25","09/05/1996","1","03","3","2","6","01","3","5","3","1","001300",1,,7598,0
"00","1021","5","11B192","15","40306","3","1","0","04","-","1","5","2","16","13/12/2004","1","03","3","1","6","06",,,,,,1,,7598,0
"00","1021","5","11B192","15","40306","4","1","0","02","-","2",,,,,,,,,,,,,,,,1,,0,0
"00","1021","5","11B192","15","40306","4","1","0","01","-","1","1","1","28","17/04/1993","1","04","3","2","5","04",,,,,,1,"1",7598,7656
"00","1021","4","11A203","15","40322","2","1","0","02","-","1","2","2","36","05/11/1984","1","04","3","2","5","07",,,,,,1,"1",9018,18174
"00","1021","4","11A203","15","40322","2","1","0","01","-","1","1","1","40","30/06/1981","1","04","3","2","5","01","2","7","3","2","006000",1,,9018,0
"00","1021","4","11A203","15","40322","2","1","0","03","-","1","3","1","07","12/07/2014","1","01","3","1",,,,,,,,1,,9018,0
"00","1021","4","11A203","15","40322","4","1","0","02","-","1","2","2","87","15/08/1934","2","00",,"2","5","07",,,,,,1,"1",9018,18174
"00","1021","4","11A203","15","40322","2","1","0","04","-","1","3","2","03","13/02/2018",,,,,,,,,,,,1,,9018,0
"00","1021","4","11A203","15","40322","1","1","0","02","-","1","2","2","52","05/01/1969","1","04","3","2","5","01","4","4","2","1","002000",1,,9018,0
"00","1021","4","11A203","15","40322","1","1","0","04","-","1","3","2","25","16/06/1996","1","07","4","2","6","01","2","7","3","1","003000",1,,9018,0
"00","1021","4","11A203","15","40322","1","1","0","01","-","1","1","1","52","15/06/1969","1","06","3","2","5","01","4","4","2","1","002000",1,,9018,0
"00","1021","4","11A203","15","40322","1","1","0","03","-","1","3","2","23","27/08/1998","1","07","3","1","6","06",,,,,,1,"1",9018,36348
"00","1021","4","11A203","15","40322","4","1","0","01","-","1","1","1","91","08/03/1930","1","00",,"2","5","08",,,,,,1,,9018,0
"00","1021","1","11A206","15","40326","4","1","0","01","-","1","1","2","91","31/07/1930","1","00",,"2","6","08",,,,,,1,,7891,0
"00","1021","1","11A206","15","40326","4","1","0","04","-","1","3","1","53","02/02/1968","1","06","5","2","5","01","2","7","3","2","999999",1,,7891,0
"00","1021","1","11A206","15","40326","4","1","0","02","-","1","3","2","62","20/10/1958","1","04","3","2","6","08",,,,,,1,"1",7891,31806
"00","1021","1","11A206","15","40326","4","1","0","03","-","1","5","1","27","25/04/1994","1","08","1","1","6","01","1","2","3","2","999999",1,,7891,0
"00","1021","1","11A206","15","40326","2","1","0","02","-","1","2","2","75","08/07/1946","1","02","6","2","5","07",,,,,,1,"1",7891,15903
"00","1021","1","11A206","15","40326","2","1","0","01","-","1","1","1","74","15/08/1947","1","02","6","2","5","08",,,,,,1,,7891,0
"00","1021","1","11A206","15","40326","1","1","0","03","-","1","3","2","19","09/08/2002","1","04","3","1","6","06",,,,,,1,,7891,0
"00","1021","1","11A206","15","40326","1","1","0","04","-","1","3","1","22","05/01/1999","1","07","1","1","6","06",,,,,,1,,7891,0
"00","1021","1","11A206","15","40326","1","1","0","02","-","1","2","2","46","16/09/1975","1","06","3","2","5","01","1","5","3","2","999999",1,,7891,0
"00","1021","1","11A206","15","40326","1","1","0","01","-","1","1","1","50","11/11/1970","1","04","3","2","5","01","4","4","3","2","999999",1,"1",7891,31806
"00","1021","5","11B192","15","40334","1","1","0","02","-","1","2","2","40","20/02/1981","1","04","3","2","5","01","4","4","3","1","999999",1,,7287,0
"00","1021","5","11B192","15","40334","3","1","0","01","-","1","1","2","54","20/10/1966","1","03","3","2","6","07",,,,,,1,,7287,0
"00","1021","5","11B192","15","40334","3","1","0","03","-","1","3","1","11","27/08/2010","1","02","3","1",,,,,,,,1,,7287,0
"00","1021","5","11B192","15","40334","2","1","0","02","-","1","2","2","35","12/01/1986","1","06","4","2","5","01","5","5","3","2","999999",1,,7287,0
"00","1021","5","11B192","15","40334","2","1","0","03","-","1","3","1","13","07/02/2008","1","02","5","1","6","06",,,,,,1,,7287,0
"00","1021","5","11B192","15","40334","2","1","0","01","-","1","1","1","45","05/01/1976","1","04","3","2","5","01","5","5","3","3","999999",1,"1",7287,14685
"00","1021","5","11B192","15","40334","4","1","0","01","-","1","1","1","69","10/08/1952","1","02","6","2","5","08",,,,,,1,,7287,0
"00","1021","5","11B192","15","40334","3","1","0","02","-","1","3","1","22","09/05/1999","1","04","3","2","6","01","4","4","3","1","999999",1,"1",7287,14685
"00","1021","5","11B192","15","40334","2","1","0","04","-","1","3","2","05","25/03/2016","1","01","3","1",,,,,,,,1,,7287,0
"00","1021","5","11B192","15","40334","1","1","0","04","-","1","3","2","10","10/06/2011","1","02","3","1",,,,,,,,1,,7287,0
"00","1021","5","11B192","15","40334","1","1","0","03","-","1","3","1","15","08/12/2005","1","03","3","1","6","06",,,,,,1,,7287,0
"00","1021","5","11B192","15","40334","1","1","0","01","-","1","1","1","43","13/12/1977","1","03","3","2","5","01","5","3","2","1","999999",1,"1",7287,14685
"00","1021","5","11B192","15","40334","4","1","0","02","-","1","2","2","65","14/04/1956","1","02","6","2","5","07",,,,,,1,"1",7287,14685
"00","1021","4","11B192","15","40334","4","1","0","04","-","2",,,,,,,,,,,,,,,,1,,0,0
"00","1021","4","11B192","15","40334","4","1","0","03","-","2",,,,,,,,,,,,,,,,1,,0,0
"00","1021","1","11A206","15","40355","1","1","0","02","-","1","2","2","81","29/04/1940","1","02","2","2","5","07",,,,,,1,"1",6420,12938
"00","1021","1","11A206","15","40355","2","1","0","01","-","1","1","2","55","03/04/1966","1","03","3","2","3","07",,,,,,1,"1",6420,6469
"00","1021","1","11A206","15","40355","3","1","0","02","-","1","2","2","38","24/01/1983","1","04","3","2","5","07",,,,,,1,"1",6420,12938
"00","1021","1","11A206","15","40355","3","1","0","01","-","1","1","1","37","04/08/1984","1","02","6","2","5","01","4","4","2","1","999999",1,,6420,0
"00","1021","1","11A206","15","40355","4","1","0","02","-","1","3","1","16","25/04/2005","1","04","3","1","6","06",,,,,,1,,6420,0
"00","1021","1","11A206","15","40355","4","1","0","01","-","1","1","2","40","07/04/1981","1","05","3","2","2","01","4","4","3","2","002300",1,"1",6420,6469
"00","1021","1","11A206","15","40355","1","1","0","01","-","1","1","1","81","12/08/1940","1","02","6","2","5","08",,,,,,1,,6420,0
"00","1021","7","11A198","15","41073","2","1","0","02","-","1","6","2","68","15/06/1953","1","03","3","2","4","07",,,,,,1,,11326,0
"00","1021","7","11A198","15","41073","2","1","0","04","-","1","7","2","21","15/06/2000","1","07","3","1","6","01","5","2","3","1","999999",1,,11326,0
"00","1021","7","11A198","15","41073","4","1","0","01","-","1","1","1","40","29/07/1981","1","04","3","2","1","01","5","6","3","1","999999",1,,11326,0
"00","1021","7","11A198","15","41073","4","1","0","03","-","1","3","2","20","24/05/2001","1","07","1","1","6","06",,,,,,1,"1",11326,45650
"00","1021","7","11A198","15","41073","4","1","0","05","-","1","3","1","17","25/02/2004","1","03","1","1","6","06",,,,,,1,,11326,0
"00","1021","7","11A198","15","41073","4","1","0","04","-","1","3","1","18","27/11/2002","1","04","2","1","6","06",,,,,,1,,11326,0
"00","1021","7","11A198","15","41073","4","1","0","02","-","1","2","2","36","09/02/1985","1","03","3","2","1","01","5","5","3","1","999999",1,,11326,0
"00","1021","7","11A198","15","41073","3","1","0","01","-","1","1","1","41","19/12/1979","1","04","3","2","5","01","5","3","2","2","999999",1,,11326,0
"00","1021","7","11A198","15","41073","2","1","0","03","-","2",,,,,,,,,,,,,,,,1,,0,0
"00","1021","7","11A198","15","41073","1","1","0","01","-","1","1","1","86","07/03/1935","1","00",,"2","5","01","4","4","2","1","001000",1,"1",11326,22825
"00","1021","7","11A198","15","41073","1","1","0","03","-","1","5","2","10","18/03/2011","1","02","2","1",,,,,,,,1,,11326,0
"00","1021","7","11A198","15","41073","1","1","0","02","-","1","2","2","79","16/02/1942","1","02","3","2","5","07",,,,,,1,,11326,0
"00","1021","6","11A198","15","41073","2","1","0","06","-","2",,,,,,,,,,,,,,,,1,,0,0
"00","1021","7","11A198","15","41073","2","1","0","05","-","1","4","2","94","15/06/1927","2","00",,"2","4","09",,,,,,1,,11326,0
"00","1021","7","11A198","15","41073","2","1","0","01","-","1","1","1","64","29/05/1957","1","02","5","2","2","01","5","5","2","1","999999",1,"1",11326,45650
"00","1021","7","11A198","15","41073","3","1","0","04","-","1","3","2","10","07/11/2010","1","02","4","1",,,,,,,,1,,11326,0
"00","1021","7","11A198","15","41073","3","1","0","03","-","1","3","2","12","14/09/2009","1","02","5","1","6","06",,,,,,1,,11326,0
"00","1021","7","11A198","15","41073","3","1","0","02","-","1","2","2","40","23/12/1980","1","04","3","2","5","01","5","5","3","2","999999",1,"1",11326,22825
"00","1021","3","12A204","15","41099","1","1","0","01","-","1","1","2","55","20/09/1966","1","02","6","2","2","01","5","5","2","2","999999",1,"1",13359,40578
"00","1021","3","12A204","15","41099","1","1","0","03","-","1","3","1","19","25/01/2002","1","04","3","2","6","01","5","5","3","1","001200",1,,13359,0
"00","1021","3","12A204","15","41099","1","1","0","02","-","1","3","1","23","23/04/1998","1","07","2","1","6","06",,,,,,1,,13359,0
"00","1021","3","12A204","15","41099","2","1","0","01","-","1","1","2","69","19/01/1952","1","06","3","2","4","01","5","5","2","1","001500",1,"1",13359,13526
"00","1021","3","12A204","15","41099","3","1","0","02","-","1","2","2","50","14/07/1971","1","03","3","2","5","07",,,,,,1,,13359,0
"00","1021","3","12A204","15","41099","3","1","0","03","-","1","3","2","30","16/02/1991","1","03","3","2","2","01","5","5","3","1","999999",1,,13359,0
"00","1021","3","12A204","15","41099","3","1","0","01","-","1","1","1","53","09/01/1968","1","07","4","2","5","01","1","3","2","3","999999",1,"1",13359,40578
"00","1021","3","12A204","15","41099","3","1","0","04","-","1","5","2","07","29/08/2014","1","02","1","1",,,,,,,,1,,13359,0
"00","1021","6","13B191","15","41135","3","1","0","04","-","1","4","2","72","18/06/1949","1","06","3","2","4","07",,,,,,1,,6753,0
"00","1021","6","13B191","15","41135","3","1","0","02","-","1","2","2","48","03/09/1973","1","07","1","2","5","07",,,,,,1,,6753,0
"00","1021","3","13B191","15","41135","1","1","0","03","-","2",,,,,,,,,,,,,,,,1,,0,0
"00","1021","6","13B191","15","41135","1","1","0","05","-","1","3","1","22","14/11/1998","1","07","4","1","6","01","5","5","9","1","999999",1,,6753,0
"00","1021","6","13B191","15","41135","1","1","0","06","-","1","2","1","51","15/02/1970","1","07","4","2","5","09",,,,,,1,,6753,0
"00","1021","6","13B191","15","41135","1","1","0","02","-","1","3","2","23","05/04/1998","1","07","5","1","6","06",,,,,,1,"1",6753,27350
"00","1021","6","13B191","15","41135","1","1","0","04","-","1","3","2","16","28/04/2005","1","03","3","1","6","06",,,,,,1,,6753,0
"00","1021","6","13B191","15","41135","1","1","0","01","-","1","1","2","57","10/09/1964","1","06","3","2","2","01","4","4","2","1","999999",1,,6753,0
"00","1021","6","13B191","15","41135","2","1","0","01","-","1","1","1","61","07/01/1960","1","02","6","2","5","01","4","4","2","1","999999",1,"1",6753,13675
"00","1021","6","13B191","15","41135","2","1","0","02","-","1","2","2","59","05/10/1962","1","02","3","2","5","07",,,,,,1,,6753,0
"00","1021","6","13B191","15","41135","3","1","0","03","-","1","3","1","23","18/01/1998","1","07","3","1","6","06",,,,,,1,,6753,0
"00","1021","6","13B191","15","41135","3","1","0","01","-","1","1","1","48","18/05/1973","1","06","3","2","5","01","2","2","3","2","999999",1,"1",6753,27350
"00","1021","8","11A197","15","41166","2","1","0","04","-","1","3","1","15","15/01/2006","1","03","3","1","6","06",,,,,,1,,8417,0
"00","1021","8","11A197","15","41166","2","1","0","02","-","1","2","2","43","14/09/1978","1","07","5","2","5","01","5","5","3","2","999999",1,"1",8417,16963
"00","1021","5","11A197","15","41166","3","1","0","03","-","2",,,,,,,,,,,,,,,,1,,0,0
"00","1021","8","11A197","15","41166","3","1","0","02","-","1","3","1","40","21/09/1981","1","02","6","2","6","01","5","5","2","1","999999",1,"1",8417,16963
"00","1021","8","11A197","15","41166","3","1","0","01","-","1","1","2","68","28/11/1952","1","02","6","2","4","07",,,,,,1,,8417,0
"00","1021","8","11A197","15","41166","2","1","0","03","-","1","3","1","17","22/12/2003","1","04","2","1","6","06",,,,,,1,,8417,0
"00","1021","8","11A197","15","41166","4","1","0","02","-","1","2","2","60","08/12/1960","1","02","6","2","5","07",,,,,,1,"1",8417,16963
"00","1021","8","11A197","15","41166","4","1","0","01","-","1","1","1","60","05/12/1960","1","03","2","2","5","01","4","4","2","1","999999",1,,8417,0
"00","1021","8","11A197","15","41166","1","1","0","01","-","1","1","1","55","10/09/1966","1","03","3","2","5","01","5","5","2","1","999999",1,"1",8417,8482
"00","1021","8","11A197","15","41166","2","1","0","01","-","1","1","1","49","27/03/1972","1","04","3","2","5","01","5","5","3","2","999999",1,,8417,0
"00","1021","8","11A197","15","41166","2","1","0","05","-","1","3","1","15","15/01/2006","1","03","3","1","6","06",,,,,,1,,8417,0
"00","1021","8","11A197","15","41166","3","1","0","04","-","1","5","1","07","02/12/2013","1","02","1","1",,,,,,,,1,,8417,0
"00","1021","5","12B192","15","41235","4","1","0","01","-","1","1","1","39","17/05/1982","1","04","3","2","5","01","7","2","3","1","999999",1,,9538,0
"00","1021","5","12B192","15","41235","4","1","0","03","-","1","3","2","13","30/10/2007","1","02","6","1","6","06",,,,,,1,,9538,0
"00","1021","5","12B192","15","41235","4","1","0","02","-","1","2","2","37","16/10/1983","1","06","3","2","5","07",,,,,,1,"1",9538,19314
"00","1021","5","12B192","15","41235","4","1","0","04","-","1","3","1","07","23/12/2013","1","02","1","1",,,,,,,,1,,9538,0
"00","1021","5","12B192","15","41235","1","1","0","03","-","1","3","2","20","28/08/2001","1","04","3","1","6","06",,,,,,1,,9538,0
"00","1021","5","12B192","15","41235","3","1","1","02","-","1","2","2","56","19/07/1965","1","03","3","2","5","07",,,,,,1,,9538,0
"00","1021","5","12B192","15","41235","1","1","0","01","-","1","1","1","48","21/01/1973","1","04","3","2","5","01","3","7","3","2","999999",1,"1",9538,38628
"00","1021","5","12B192","15","41235","1","1","0","02","-","1","2","2","45","05/03/1976","1","04","3","2","5","01","5","5","3","2","999999",1,,9538,0
"00","1021","5","12B192","15","41235","1","1","0","04","-","1","3","1","19","27/06/2002","1","04","2","1","6","06",,,,,,1,,9538,0
"00","1021","5","12B192","15","41235","3","1","1","01","-","1","1","1","59","06/06/1962","1","04","3","2","5","10",,,,,,1,"1",9538,19314
"00","1021","5","11B192","15","41237","1","1","0","01","-","1","1","2","57","14/08/1964","2","00",,"2","4","07",,,,,,1,,10787,0
"00","1021","5","11B192","15","41237","4","1","0","02","-","1","2","2","33","26/04/1988","1","03","3","2","1","07",,,,,,1,,10787,0
"00","1021","5","11B192","15","41237","4","1","0","01","-","1","1","1","26","22/07/1995","1","04","3","2","1","01","7","2","3","1","001400",1,"1",10787,21738
"00","1021","5","11B192","15","41237","3","1","0","02","-","1","2","2","64","13/02/1957","1","02","6","2","5","07",,,,,,1,"1",10787,32607
"00","1021","5","11B192","15","41237","3","1","0","01","-","1","1","1","69","29/04/1952","1","04","3","2","5","01","4","4","2","1","999999",1,,10787,0
"00","1021","5","11B192","15","41237","3","1","0","03","-","1","3","2","43","26/06/1978","1","04","3","2","6","01","4","4","2","1","999999",1,,10787,0
"00","1021","5","11B192","15","41237","3","1","0","04","-","1","5","2","11","22/06/2010","1","02","5","1",,,,,,,,1,,10787,0
"00","1021","5","11B192","15","41237","1","1","0","03","-","1","3","2","35","12/03/1986","1","02","6","2","6","01","5","5","3","1","000400",1,,10787,0
"00","1021","5","11B192","15","41237","1","1","0","02","-","1","3","1","33","16/06/1988","1","02","6","2","6","01","5","5","3","1","001500",1,"1",10787,32607
"00","1021","5","11B192","15","41237","1","1","0","04","-","1","5","2","05","08/07/2016","2","01","1","1",,,,,,,,1,,10787,0
"00","1021","2","13A205","15","41263","4","1","0","04","-","1","3","1","03","15/09/2018",,,,,,,,,,,,1,,13611,0
"00","1021","2","13A205","15","41263","3","1","0","05","-","1","2","1","55","27/10/1965","1","03","3","2","1","01","5","5","2","1","999999",1,,13611,0
"00","1021","2","13A205","15","41263","3","1","0","03","-","1","5","1","13","02/10/2007","1","03","2","1","6","06",,,,,,1,,13611,0
"00","1021","2","13A205","15","41263","3","1","0","02","-","1","5","1","15","03/01/2006","1","03","3","1","6","06",,,,,,1,,13611,0
"00","1021","2","13A205","15","41263","3","1","0","04","-","1","5","1","17","19/12/2003","1","03","3","2","6","01","5","5","3","1","999999",1,,13611,0
"00","1021","2","13A205","15","41263","2","1","0","01","-","1","1","1","51","28/06/1970","1","07","5","2","6","01","5","5","2","1","007000",1,"1",13611,27464
"00","1021","2","13A205","15","41263","2","1","0","02","-","1","6","2","55","15/10/1965","1","07","4","2","6","09",,,,,,1,,13611,0
"00","1021","2","13A205","15","41263","1","1","0","01","-","1","1","2","69","06/06/1952","1","07","4","2","5","07",,,,,,1,,13611,0
"00","1021","2","13A205","15","41263","1","1","0","02","-","1","2","1","68","19/07/1953","1","07","4","2","5","01","5","5","2","1","999999",1,,13611,0
"00","1021","2","13A205","15","41263","1","1","0","03","-","1","3","2","40","29/12/1980","1","07","4","2","6","01","3","5","3","3","999999",1,"1",13611,41196
"00","1021","2","13A205","15","41263","3","1","0","01","-","1","1","2","63","19/03/1958","2","00",,"2","1","07",,,,,,1,"1",13611,27464
"00","1021","2","13A205","15","41263","4","1","0","03","-","1","3","1","12","30/03/2009","1","02","6","1","6","06",,,,,,1,,13611,0
"00","1021","2","13A205","15","41263","4","1","0","01","-","1","1","1","31","12/09/1990","1","07","4","2","1","01","5","5","3","2","999999",1,"1",13611,27464
"00","1021","2","13A205","15","41263","4","1","0","02","-","1","2","2","26","08/01/1995","1","07","4","2","1","07",,,,,,1,,13611,0
"00","1021","1","11A206","15","41295","2","1","0","02","-","1","2","2","29","30/11/1991","1","03","3","2","5","01","5","5","3","1","001150",1,"1",8233,16592
"00","1021","1","11A206","15","41295","2","1","0","05","-","1","3","1","05","26/05/2016","2","01","2","1",,,,,,,,1,,8233,0
"00","1021","1","11A206","15","41295","1","1","0","02","-","1","2","2","34","27/07/1987","1","07","5","2","1","07",,,,,,1,,8233,0
"00","1021","1","11A206","15","41295","2","1","0","03","-","1","3","1","11","29/01/2010","1","02","5","1",,,,,,,,1,,8233,0
"00","1021","1","11A206","15","41295","4","1","0","03","-","1","3","2","16","07/07/2005","1","03","3","2","6","07",,,,,,1,,8233,0
"00","1021","1","11A206","15","41295","4","1","0","04","-","1","3","2","14","11/09/2007","1","03","2","1","6","06",,,,,,1,,8233,0
"00","1021","1","11A206","15","41295","4","1","0","02","-","1","3","2","18","04/11/2002","1","04","2","2","6","07",,,,,,1,,8233,0
"00","1021","1","11A206","15","41295","4","1","0","01","-","1","1","2","36","22/10/1984","1","03","3","2","4","01","1","4","3","1","001500",1,"1",8233,16592
"00","1021","1","11A206","15","41295","4","1","0","05","-","1","3","2","04","16/05/2017",,,,,,,,,,,,1,,8233,0
"00","1021","1","11A206","15","41295","2","1","0","01","-","1","1","1","36","23/05/1985","1","02","6","2","5","01","5","2","3","1","001150",1,,8233,0
"00","1021","1","11A206","15","41295","3","1","0","02","-","1","3","2","33","23/06/1988","1","07","4","2","6","01","3","7","3","2","999999",1,,8233,0
"00","1021","1","11A206","15","41295","3","1","0","01","-","1","1","2","57","17/06/1964","1","06","3","2","4","01","5","5","3","1","999999",1,"1",8233,24888
"00","1021","1","11A206","15","41295","1","1","0","03","-","1","3","2","15","19/11/2005","1","04","1","1","6","06",,,,,,1,,8233,0
"00","1021","1","11A206","15","41295","1","1","0","01","-","1","1","1","41","20/04/1980","1","03","3","2","1","01","5","2","3","1","001500",1,"1",8233,16592
"00","1021","1","11A206","15","41295","1","1","0","04","-","1","3","1","12","20/03/2009","1","03","1","1","6","06",,,,,,1,,8233,0
"00","1021","1","11A206","15","41295","3","1","0","03","-","1","3","1","36","17/08/1985","1","07","4","2","6","01","4","4","2","1","999999",1,,8233,0
"00","1021","1","11A206","15","41295","2","1","0","04","-","1","3","2","09","27/07/2012","1","02","3","1",,,,,,,,1,,8233,0
"00","1021","4","11A203","15","41315","1","1","0","02","-","1","3","2","32","05/09/1989","1","04","3","2","2","01","5","5","3","2","999999",1,"1",8054,24347
"00","1021","4","11A203","15","41315","1","1","0","03","-","1","2","1","69","12/09/1952","1","07","4","2","5","09",,,,,,1,,8054,0
"00","1021","4","11A203","15","41315","1","1","0","01","-","1","1","2","69","21/01/1952","1","06","3","2","5","07",,,,,,1,,8054,0
"00","1021","4","11A203","15","41315","4","1","0","01","-","1","1","1","50","19/01/1971","1","06","3","2","5","01","7","2","3","1","999999",1,"1",8054,16231
"00","1021","4","11A203","15","41315","4","1","0","02","-","1","2","2","48","03/02/1973","1","06","3","2","5","01","2","7","3","2","999999",1,,8054,0
"00","1021","4","11A203","15","41315","1","1","0","05","-","1","3","1","12","13/09/2009","1","02","6","1","6","06",,,,,,1,,8054,0
"00","1021","4","11A203","15","41315","1","1","0","04","-","1","5","1","13","27/06/2008","1","03","1","1","6","06",,,,,,1,,8054,0
"00","1021","4","11A203","15","41315","2","1","0","03","-","1","3","2","15","14/03/2006","1","03","2","1","6","06",,,,,,1,,8054,0
"00","1021","4","11A203","15","41315","2","1","0","01","-","1","1","1","36","14/03/1985","1","04","3","2","5","01","5","5","3","1","999999",1,,8054,0
"00","1021","4","11A203","15","41315","2","1","0","04","-","1","3","1","14","07/03/2007","1","03","1","1","6","06",,,,,,1,,8054,0
"00","1021","4","11A203","15","41315","2","1","0","02","-","1","2","2","33","16/09/1988","1","04","3","2","5","07",,,,,,1,"1",8054,16231
"00","1021","4","11A203","15","41315","2","1","0","05","-","1","3","1","03","03/06/2018",,,,,,,,,,,,1,,8054,0
"00","1021","4","11A203","15","41315","3","1","0","04","-","1","3","1","13","01/01/2008","1","03","2","1","6","06",,,,,,1,,8054,0
"00","1021","4","11A203","15","41315","3","1","0","05","-","1","3","2","19","22/09/2002","1","04","3","1","6","06",,,,,,1,"1",8054,32462
"00","1021","4","11A203","15","41315","3","1","0","02","-","1","2","2","44","10/01/1977","1","03","3","2","5","01","4","4","3","1","000700",1,,8054,0
"00","1021","4","11A203","15","41315","3","1","0","01","-","1","1","1","40","07/05/1981","1","03","3","2","5","01","5","5","3","1","999999",1,,8054,0
"00","1021","4","11A203","15","41315","3","1","0","03","-","1","3","1","20","08/01/2001","1","07","1","1","6","06",,,,,,1,,8054,0
"00","1021","7","12A198","15","41356","2","1","0","01","-","1","1","1","49","21/06/1972","1","03","2","2","5","01","7","3","3","1","001800",1,,12047,0
"00","1021","7","12A198","15","41356","2","1","0","04","-","1","3","1","28","10/02/1993","1","03","3","2","1","01","7","3","3","1","001400",1,,12047,0
"00","1021","5","12A198","15","41356","1","1","0","01","-","2",,,,,,,,,,,,,,,,1,,0,0
"00","1021","7","12A198","15","41356","1","1","0","04","-","1","3","1","20","12/01/2001","1","04","1","2","6","04",,,,,,1,,12047,0
"00","1021","7","12A198","15","41356","1","1","0","07","-","1","5","2","05","01/07/2016","2","01","1","1",,,,,,,,1,,12047,0
"00","1021","7","12A198","15","41356","1","1","0","09","-","1","4","2","77","27/07/1944","2","00",,"2","4","07",,,,,,1,,12047,0
"00","1021","7","12A198","15","41356","1","1","0","05","-","1","5","2","10","27/11/2010","1","02","4","1",,,,,,,,1,,12047,0
"00","1021","7","12A198","15","41356","1","1","0","06","-","1","5","1","08","26/06/2013","1","02","1","1",,,,,,,,1,,12047,0
"00","1021","7","12A198","15","41356","1","1","0","03","-","1","3","2","31","22/01/1990","1","04","2","2","6","01","5","5","3","1","999999",1,,12047,0
"00","1021","7","12A198","15","41356","1","1","0","02","-","1","2","2","56","28/07/1965","1","06","2","2","5","01","5","5","3","1","000600",1,"1",12047,48790
"00","1021","7","12A198","15","41356","1","1","0","08","-","1","5","1","03","29/11/2017",,,,,,,,,,,,1,,12047,0
"00","1021","7","12A198","15","41356","3","1","0","04","-","1","3","1","25","30/08/1996","2","04","2","2","6","01","5","5","3","1","001800",1,"1",12047,48790
"00","1021","7","12A198","15","41356","3","1","0","02","-","1","3","2","37","17/08/1984","1","07","5","2","6","01","4","5","3","2","999999",1,,12047,0
"00","1021","7","12A198","15","41356","2","1","0","03","-","1","5","2","29","22/01/1992","1","03","3","2","1","07",,,,,,1,"1",12047,60987
"00","1021","7","12A198","15","41356","2","1","0","02","-","1","2","2","45","25/11/1975","2","00",,"2","5","01","7","2","3","1","001000",1,,12047,0
"00","1021","7","12A198","15","41356","2","1","0","05","-","1","3","1","23","16/02/1998","1","03","3","2","6","01","7","3","3","1","999999",1,,12047,0
"00","1021","7","12A198","15","41356","3","1","0","01","-","1","1","1","64","17/02/1957","1","07","5","2","4","01","7","3","2","2","008000",1,,12047,0
"00","1021","7","12A198","15","41356","3","1","0","05","-","1","5","1","09","17/08/2012","1","02","4","1",,,,,,,,1,,12047,0
"00","1021","7","12A198","15","41356","3","1","0","03","-","1","3","1","35","22/07/1986","2","07","5","2","6","01","5","5","3","2","999999",1,,12047,0
"00","1021","1","12A206","15","41388","1","1","0","01","-","1","1","1","34","21/02/1987","1","03","3","2","6","01","5","3","3","1","001200",1,"1",7701,7797
"00","1021","4","13A203","15","41417","2","1","0","01","-","1","1","1","70","29/10/1950","1","04","3","2","1","08",,,,,,1,"1",9783,29609
"00","1021","4","13A203","15","41417","2","1","0","02","-","1","2","2","62","08/12/1958","1","03","3","2","1","07",,,,,,1,,9783,0
"00","1021","4","13A203","15","41417","1","1","0","01","-","1","1","2","39","23/06/1982","1","06","3","2","6","04",,,,,,1,"1",9783,9870
"00","1021","4","13A203","15","41417","4","1","0","05","-","1","3","2","08","20/12/2012","1","02","3","1",,,,,,,,1,,9783,0
"00","1021","4","13A203","15","41417","3","1","0","02","-","1","3","1","17","25/05/2004","1","02","6","2","6","01","5","5","3","1","000600",1,,9783,0
"00","1021","4","13A203","15","41417","4","1","0","02","-","1","2","2","31","03/02/1990","1","07","5","2","5","07",,,,,,1,,9783,0
"00","1021","4","13A203","15","41417","4","1","0","03","-","1","7","1","42","15/07/1979","1","07","5","2","6","01","1","2","3","2","999999",1,"1",9783,39478
"00","1021","4","13A203","15","41417","4","1","0","01","-","1","1","1","31","15/10/1989","1","07","5","2","5","01","1","2","3","2","999999",1,,9783,0
"00","1021","4","13A203","15","41417","4","1","0","06","-","1","3","2","02","01/12/2018",,,,,,,,,,,,1,,9783,0
"00","1021","4","13A203","15","41417","3","1","0","01","-","1","1","2","56","10/08/1965","1","02","1","2","2","01","5","5","3","1","000900",1,"1",9783,9870
"00","1021","4","13A203","15","41417","2","1","0","03","-","1","3","1","43","20/06/1978","1","07","4","2","6","04",,,,,,1,,9783,0
"00","1021","4","13A203","15","41417","4","1","0","04","-","1","4","2","58","18/11/1962","1","07","5","2","4","07",,,,,,1,,9783,0
"00","1021","3","13A204","16","40002","2","1","0","03","-","1","3","2","14","01/10/2007","1","03","2","1","6","06",,,,,,1,,8537,0
"00","1021","3","13A204","16","40002","3","1","0","01","-","1","1","2","58","16/02/1963","1","07","4","2","3","08",,,,,,1,,8537,0
"00","1021","3","13A204","16","40002","2","1","0","02","-","1","3","1","11","26/06/2010","1","02","5","1",,,,,,,,1,,8537,0
"00","1021","3","13A204","16","40002","2","1","0","04","-","3","2","1","37","03/02/1984","1","03","3","2","1","01","5","6","2","1","999999",1,,8537,0
"00","1021","3","13A204","16","40002","3","1","0","02","-","1","5","1","18","11/10/2002","1","04","3","1","6","06",,,,,,1,"1",8537,17226
"00","1021","3","13A204","16","40002","2","1","0","01","-","1","1","2","39","09/03/1982","1","06","3","2","5","07",,,,,,1,"1",8537,17226
"00","1021","3","13A204","16","40002","4","1","0","02","-","1","2","2","38","21/10/1982","1","07","5","2","5","07",,,,,,1,"1",8537,25840
"00","1021","3","13A204","16","40002","4","1","0","04","-","1","3","2","17","30/06/2004","1","03","3","1","6","06",,,,,,1,,8537,0
"00","1021","3","13A204","16","40002","4","1","0","03","-","1","4","1","70","30/06/1951","1","02","6","2","2","08",,,,,,1,,8537,0
"00","1021","3","13A204","16","40002","4","1","0","01","-","1","1","1","38","31/01/1983","1","07","5","2","5","01","1","5","3","2","999999",1,,8537,0
"00","1021","7","13A198","16","40044","2","1","0","05","-","1","3","2","28","20/12/1992","1","07","5","2","5","01","1","5","3","1","999999",1,,7735,0
"00","1021","7","13A198","16","40044","1","1","0","03","-","1","2","2","49","25/10/1971","1","07","2","2","5","07",,,,,,1,"1",7735,23494
"00","1021","7","13A198","16","40044","1","1","0","02","-","1","3","2","27","09/11/1993","1","08","1","2","6","01","1","7","3","2","999999",1,,7735,0
"00","1021","7","13A198","16","40044","1","1","0","01","-","1","1","1","54","27/10/1966","1","07","4","2","5","01","1","5","2","1","999999",1,,7735,0
"00","1021","7","13A198","16","40044","3","1","0","02","-","1","2","2","50","05/05/1971","1","02","3","2","5","07",,,,,,1,,7735,0
"00","1021","7","13A198","16","40044","3","1","0","04","-","1","3","1","29","16/09/1992","1","04","3","2","6","01","5","5","3","1","001200",1,"1",7735,31325
"00","1021","7","13A198","16","40044","2","1","0","01","-","1","1","1","61","23/10/1959","1","07","5","2","5","09",,,,,,1,,7735,0
"00","1021","7","13A198","16","40044","3","1","0","01","-","1","1","1","52","15/03/1969","1","04","3","2","5","01","5","6","5","1","999999",1,,7735,0
"00","1021","7","13A198","16","40044","2","1","0","02","-","1","2","2","58","14/04/1963","1","07","4","2","5","01","3","5","3","2","999999",1,,7735,0
"00","1021","7","13A198","16","40044","2","1","0","03","-","1","3","1","40","15/09/1981","1","04","3","2","6","01","3","5","3","2","999999",1,"1",7735,46987
"00","1021","7","13A198","16","40044","2","1","0","04","-","1","3","1","34","15/04/1987","1","07","5","2","6","01","1","5","3","2","999999",1,,7735,0
"00","1021","7","13A198","16","40044","2","1","0","06","-","1","5","1","31","23/10/1989","1","04","3","2","5","01","5","6","3","1","999999",1,,7735,0
"00","1021","7","13A198","16","40044","3","1","0","03","-","1","3","2","23","07/05/1998","1","07","4","1","6","06",,,,,,1,,7735,0
"00","1021","3","11A204","16","40102","4","1","0","03","-","1","3","2","06","22/03/2015","2","02","1","1",,,,,,,,1,,9858,0
"00","1021","3","11A204","16","40102","1","1","0","01","-","1","1","2","41","15/01/1980","1","03","3","2","5","07",,,,,,1,"1",9858,9933
"00","1021","3","11A204","16","40102","4","1","0","02","-","1","2","2","29","22/10/1991","1","02","6","2","1","01","7","4","2","1","000500",1,"1",9858,19867
"00","1021","3","11A204","16","40102","4","1","0","01","-","1","1","1","36","22/05/1985","1","03","3","2","1","01","5","6","2","1","999999",1,,9858,0
"00","1021","3","11A204","16","40102","2","1","0","03","-","1","3","1","23","22/05/1998","1","07","1","1","6","06",,,,,,1,,9858,0
"00","1021","3","11A204","16","40102","2","1","0","02","-","1","2","2","48","16/07/1973","1","04","3","2","5","07",,,,,,1,,9858,0
"00","1021","3","11A204","16","40102","2","1","0","05","-","1","3","2","09","06/08/2012","1","02","3","1",,,,,,,,1,,9858,0
"00","1021","3","11A204","16","40102","2","1","0","06","-","1","3","2","06","24/04/2015","1","02","1","1",,,,,,,,1,,9858,0
"00","1021","3","11A204","16","40102","2","1","0","04","-","1","3","2","21","22/11/1999","1","07","4","1","6","01","5","5","2","1","000500",1,,9858,0
"00","1021","3","11A204","16","40102","2","1","0","01","-","1","1","1","51","17/08/1970","1","02","6","2","5","01","7","3","3","1","001500",1,"1",9858,39734
"00","1021","6","12B191","16","40205","3","1","0","02","-","1","8","2","67","30/06/1954","1","07","5","2","6","01","1","5","3","1","999999",1,,9788,0
"00","1021","6","12B191","16","40205","3","1","0","03","-","1","8","2","75","12/05/1946","1","03","3","2","6","01","1","5","3","1","999999",1,,9788,0
"00","1021","5","12B191","16","40205","3","1","0","04","-","2",,,,,,,,,,,,,,,,1,,0,0
"00","1021","6","12B191","16","40205","2","1","0","02","-","1","2","2","35","15/12/1985","1","08","2","2","1","01","1","5","3","2","999999",1,"1",9788,19819
"00","1021","6","12B191","16","40205","2","1","0","03","-","1","3","1","05","30/06/2016","2","01","2","1",,,,,,,,1,,9788,0
"00","1021","6","12B191","16","40205","4","1","0","02","-","1","2","1","59","25/06/1962","1","04","3","2","1","01","5","5","2","1","999999",1,,9788,0
"00","1021","6","12B191","16","40205","3","1","0","01","-","1","1","2","78","18/03/1943","1","07","5","2","6","01","1","5","3","1","999999",1,"1",9788,49548
"00","1021","6","12B191","16","40205","3","1","0","05","-","1","8","2","40","30/06/1981","1","07","4","2","6","01","1","5","3","1","999999",1,,9788,0
"00","1021","6","12B191","16","40205","3","1","0","06","-","1","8","2","37","30/06/1984","1","05","4","2","6","01","1","5","3","1","999999",1,,9788,0
"00","1021","6","12B191","16","40205","4","1","0","01","-","1","1","2","65","04/09/1956","1","04","3","2","1","07",,,,,,1,"1",9788,19819
"00","1021","6","12B191","16","40205","2","1","0","01","-","1","1","1","36","15/01/1985","1","07","5","2","1","01","1","5","3","2","999999",1,,9788,0
"00","1021","2","11A205","16","40232","2","1","0","02","-","1","4","2","50","28/05/1971","1","06","3","2","2","01","3","5","3","2","999999",1,"1",12919,39051
"00","1021","2","11A205","16","40232","2","1","0","03","-","1","4","1","53","11/07/1968","1","03","3","2","2","01","7","5","2","1","999999",1,,12919,0
"00","1021","2","11A205","16","40232","2","1","0","01","-","1","1","1","25","14/07/1996","1","07","5","1","6","01","1","5","3","2","003500",1,,12919,0
"00","1021","2","12A205","16","40263","4","1","0","01","-","1","1","1","43","30/05/1978","1","07","5","2","2","01","1","5","2","1","999999",1,,8531,0
"00","1021","2","12A205","16","40263","4","1","0","03","-","1","3","2","09","26/10/2011","1","02","4","1",,,,,,,,1,,8531,0
"00","1021","2","12A205","16","40263","4","1","0","02","-","1","3","2","19","02/12/2001","1","04","3","2","6","07",,,,,,1,"1",8531,17274
"00","1021","2","12A205","16","40263","1","1","0","01","-","1","1","1","39","06/10/1982","1","04","3","2","1","01","3","5","3","2","003000",1,"1",8531,17274
"00","1021","2","12A205","16","40263","1","1","0","02","-","1","2","2","29","10/01/1992","1","04","3","2","1","07",,,,,,1,,8531,0
"00","1021","2","12A205","16","40263","1","1","0","03","-","1","3","2","06","24/07/2015","2","01","1","1",,,,,,,,1,,8531,0
"00","1021","2","12A205","16","40263","3","1","0","04","-","1","5","2","18","11/12/2002","1","03","3","2","1","07",,,,,,1,"1",8531,25911
"00","1021","2","12A205","16","40263","2","1","0","02","-","1","2","2","29","26/06/1992","1","07","4","2","5","01","1","5","3","2","999999",1,,8531,0
"00","1021","2","12A205","16","40263","3","1","0","01","-","1","1","1","45","30/07/1976","1","07","1","2","5","04",,,,,,1,,8531,0
"00","1021","2","12A205","16","40263","3","1","0","02","-","1","2","2","46","17/04/1975","1","04","3","2","5","07",,,,,,1,,8531,0
"00","1021","2","12A205","16","40263","3","1","0","03","-","1","3","1","17","12/06/2004","1","04","3","2","1","10",,,,,,1,,8531,0
"00","1021","2","12A205","16","40263","3","1","0","05","-","1","5","2","00","06/08/2021",,,,,,,,,,,,1,,8531,0
"00","1021","2","12A205","16","40263","2","1","0","01","-","1","1","1","40","01/11/1980","1","07","5","2","5","01","1","5","2","1","999999",1,"1",8531,17274
"00","1021","8","12A197","16","40327","1","1","0","01","-","1","1","1","65","20/11/1955","1","06","3","2","5","08",,,,,,1,,7229,0
"00","1021","8","12A197","16","40327","1","1","0","02","-","1","2","2","63","15/11/1957","1","06","3","2","5","07",,,,,,1,"1",7229,14638
"00","1021","8","12A197","16","40327","4","1","0","01","-","1","1","2","73","24/05/1948","1","02","6","2","4","07",,,,,,1,,7229,0
"00","1021","8","12A197","16","40327","4","1","0","02","-","1","3","2","48","20/08/1973","1","05","4","2","6","01","1","5","3","2","999999",1,"1",7229,14638
"00","1021","8","12A197","16","40327","2","1","0","06","-","1","7","1","36","04/04/1985","1","03","1","2","6","01","4","4","2","1","999999",1,,7229,0
"00","1021","8","12A197","16","40327","2","1","0","03","-","1","3","2","14","23/11/2006","1","03","2","1","6","06",,,,,,1,,7229,0
"00","1021","8","12A197","16","40327","2","1","0","01","-","1","1","1","42","12/02/1979","1","07","5","2","1","01","1","5","3","2","999999",1,"1",7229,21957
"00","1021","8","12A197","16","40327","2","1","0","05","-","1","3","2","10","20/07/2011","1","02","3","1",,,,,,,,1,,7229,0
"00","1021","8","12A197","16","40327","2","1","0","04","-","1","3","1","12","07/06/2009","1","02","5","1","6","06",,,,,,1,,7229,0
"00","1021","8","12A197","16","40327","2","1","0","02","-","1","2","2","34","06/05/1987","1","03","3","2","1","07",,,,,,1,,7229,0
"00","1021","4","12A203","16","40351","3","1","0","02","-","1","2","2","27","27/11/1993","1","08","2","2","5","07",,,,,,1,"1",7320,14823
"00","1021","4","12A203","16","40351","1","1","0","06","-","1","3","1","10","23/02/2011","1","02","4","1",,,,,,,,1,,7320,0
"00","1021","4","12A203","16","40351","3","1","0","03","-","1","3","1","05","05/03/2016","2","01","2","1",,,,,,,,1,,7320,0
"00","1021","4","12A203","16","40351","2","1","0","01","-","1","1","1","55","12/06/1966","1","03","3","2","2","01","7","3","2","1","999999",1,,7320,0
"00","1021","4","12A203","16","40351","1","1","0","02","-","1","2","2","36","30/09/1985","1","03","3","2","1","07",,,,,,1,,7320,0
"00","1021","4","12A203","16","40351","1","1","0","01","-","1","1","1","53","27/03/1968","1","06","3","2","1","01","1","5","3","1","004000",1,,7320,0
"00","1021","4","12A203","16","40351","1","1","0","03","-","1","4","2","59","02/08/1962","1","02","6","2","3","07",,,,,,1,"1",7320,22234
"00","1021","4","12A203","16","40351","1","1","0","05","-","1","3","1","13","22/09/2008","1","03","1","1","6","06",,,,,,1,,7320,0
"00","1021","4","12A203","16","40351","2","1","0","02","-","1","3","1","21","24/08/2000","1","07","1","1","6","06",,,,,,1,"1",7320,14823
"00","1021","4","12A203","16","40351","4","1","0","01","-","1","1","1","53","15/08/1968","1","06","3","2","5","01","7","5","3","2","999999",1,,7320,0
"00","1021","4","12A203","16","40351","4","1","0","05","-","1","5","2","25","20/02/1996","1","07","4","2","1","07",,,,,,1,,7320,0
"00","1021","4","12A203","16","40351","4","1","0","02","-","1","2","2","48","18/07/1973","1","03","3","2","5","07",,,,,,1,"1",7320,29646
"00","1021","4","12A203","16","40351","4","1","0","04","-","1","3","1","24","15/04/1997","1","04","3","2","1","01","5","5","3","2","001300",1,,7320,0
"00","1021","4","12A203","16","40351","4","1","0","03","-","1","3","1","08","31/08/2013","1","02","2","1",,,,,,,,1,,7320,0
"00","1021","4","12A203","16","40351","1","1","0","04","-","1","3","1","17","01/06/2004","1","04","1","1","6","06",,,,,,1,,7320,0
"00","1021","4","12A203","16","40351","3","1","0","01","-","1","1","1","29","22/05/1992","1","07","3","2","5","01","5","5","3","2","999999",1,,7320,0
"00","1021","7","11A198","16","40358","4","1","0","01","-","1","1","2","51","09/03/1970","1","02","6","2","2","07",,,,,,1,"1",10312,20782
"00","1021","7","11A198","16","40358","1","1","1","01","-","1","1","2","26","18/08/1995","1","07","5","2","5","07",,,,,,1,"1",10312,20782
"00","1021","7","11A198","16","40358","1","1","1","02","-","1","3","2","02","27/03/2019",,,,,,,,,,,,1,,10312,0
"00","1021","7","11A198","16","40358","1","1","1","03","-","1","2","1","27","02/03/1994","1","07","5","2","5","04",,,,,,1,,10312,0
"00","1021","7","11A198","16","40358","3","1","0","01","-","1","1","1","43","08/04/1978","1","02","3","2","5","02","6","1","6","5",,1,,10312,0
"00","1021","7","11A198","16","40358","3","1","0","03","-","1","3","1","16","03/01/2005","1","03","1","1","6","06",,,,,,1,,10312,0
"00","1021","7","11A198","16","40358","3","1","0","04","-","1","3","1","10","03/01/2011","1","02","3","1",,,,,,,,1,,10312,0
"00","1021","7","11A198","16","40358","2","1","0","02","-","1","3","1","46","15/05/1975","1","02","6","2","5","01","5","5","2","1","999999",1,,10312,0
"00","1021","7","11A198","16","40358","2","1","0","03","-","1","5","2","46","22/08/1975","1","02","6","2","5","07",,,,,,1,"1",10312,31173
"00","1021","6","11A198","16","40358","2","1","0","04","-","2",,,,,,,,,,,,,,,,1,,0,0
"00","1021","7","11A198","16","40358","2","1","0","01","-","1","1","1","66","15/10/1954","1","02","1","2","4","01","5","6","2","1","999999",1,,10312,0
"00","1021","7","11A198","16","40358","4","1","0","03","-","1","7","2","17","15/11/2003","1","03","3","1","1","06",,,,,,1,,10312,0
"00","1021","7","11A198","16","40358","4","1","0","04","-","1","7","1","17","30/06/2004","1","03","3","1","1","01","5","5","2","1","999999",1,,10312,0
"00","1021","7","11A198","16","40358","4","1","0","05","-","1","7","2","01","07/08/2020",,,,,,,,,,,,1,,10312,0
"00","1021","7","11A198","16","40358","4","1","0","02","-","1","7","2","28","15/05/1993","1","03","3","2","6","01","5","5","2","1","999999",1,,10312,0
"00","1021","7","11A198","16","40358","3","1","0","05","-","1","3","1","09","08/09/2012","1","02","2","1",,,,,,,,1,,10312,0
"00","1021","7","11A198","16","40358","3","1","0","02","-","1","2","2","40","08/09/1981","1","03","3","2","5","07",,,,,,1,"1",10312,20782
"00","1021","5","11B192","16","40365","3","1","0","03","-","1","6","1","52","16/03/1969","1","07","3","2","2","01","7","5","2","1","999999",1,,6110,0
"00","1021","5","11B192","16","40365","3","1","0","01","-","1","1","2","44","11/02/1977","1","07","5","2","5","07",,,,,,1,"1",6110,18470
"00","1021","5","11B192","16","40365","3","1","0","04","-","1","3","2","03","07/11/2017",,,,,,,,,,,,1,,6110,0
"00","1021","5","11B192","16","40365","3","1","0","02","-","1","2","1","41","18/06/1980","1","04","3","2","5","01","5","5","3","1","999999",1,,6110,0
"00","1021","5","12B192","16","40368","2","1","0","02","-","1","2","2","66","13/11/1954","1","03","3","2","5","07",,,,,,1,,10502,0
"00","1021","5","12B192","16","40368","2","1","0","01","-","1","1","1","68","01/09/1953","1","07","5","2","5","01","1","5","2","1","999999",1,,10502,0
"00","1021","5","12B192","16","40368","3","1","0","01","-","1","1","1","75","15/09/1946","1","07","5","2","4","08",,,,,,1,"1",10502,10595
"00","1021","5","12B192","16","40368","1","1","0","01","-","1","1","2","50","15/12/1970","1","07","5","2","5","07",,,,,,1,"1",10502,21190
"00","1021","5","12B192","16","40368","2","1","0","03","-","1","3","1","34","15/10/1986","1","07","5","2","6","01","1","3","3","1","999999",1,"1",10502,31785
"00","1021","5","12B192","16","40368","1","1","0","02","-","1","2","1","68","15/10/1953","1","07","5","2","5","01","1","5","3","2","999999",1,,10502,0
"00","1021","1","12A206","16","40391","1","1","0","03","-","1","5","1","27","08/01/1994","1","07","4","2","6","04",,,,,,1,"1",9314,37722
"00","1021","1","12A206","16","40391","1","1","0","02","-","1","3","2","50","21/02/1971","1","02","6","2","6","01","4","4","2","1","999999",1,,9314,0
"00","1021","1","12A206","16","40391","1","1","0","04","-","1","5","1","18","10/01/2003","1","03","3","2","6","02","4","4","6","5",,1,,9314,0
"00","1021","1","12A206","16","40391","2","1","0","02","-","1","2","2","27","13/10/1994","1","04","1","2","5","07",,,,,,1,,9314,0
"00","1021","1","12A206","16","40391","1","1","0","05","-","1","5","2","16","03/02/2005","1","03","3","1","6","06",,,,,,1,,9314,0
"00","1021","1","12A206","16","40391","2","1","0","03","-","1","3","2","06","02/06/2015","2","01","1","1",,,,,,,,1,,9314,0
"00","1021","1","12A206","16","40391","2","1","0","01","-","1","1","1","35","16/12/1985","1","02","6","2","5","01","3","4","3","1","001500",1,"1",9314,18861
"00","1021","1","12A206","16","40391","1","1","0","01","-","1","1","2","72","20/02/1949","1","02","3","2","4","01","4","4","2","1","999999",1,,9314,0
"00","1021","1","12A206","16","40391","2","1","0","04","-","1","3","1","02","14/12/2018",,,,,,,,,,,,1,,9314,0
"00","1021","7","11A198","17","40012","4","1","0","05","-","1","3","1","12","29/10/2008","1","02","6","1","6","06",,,,,,1,,7517,0
"00","1021","7","11A198","17","40012","4","1","0","01","-","1","1","1","46","16/09/1975","1","04","3","2","5","03","7","2","3","1","999999",1,,7517,0
"00","1021","7","11A198","17","40012","4","1","0","04","-","1","3","1","16","19/12/2004","1","04","1","1","6","06",,,,,,1,,7517,0
"00","1021","7","11A198","17","40012","4","1","0","02","-","1","2","2","40","31/07/1981","1","03","3","2","5","07",,,,,,1,"1",7517,21209
"00","1021","7","11A198","17","40012","3","1","1","01","-","1","1","1","72","11/03/1949","2","00",,"2","4","07",,,,,,1,"1",7517,10604
"15","1021","7","11A198","17","40012","1","1","0","02","-","1","2","2","60","29/09/1961","1","02","6","2","1","01","5","5","3","2","002100",1,,7517,0
"15","1021","7","11A198","17","40012","1","1","0","01","-","1","1","1","59","19/05/1962","1","03","3","2","1","01","7","5","3","2","002200",1,"1",7517,0
"00","1021","7","11A198","17","40012","2","1","0","01","-","1","1","1","67","17/08/1954","1","04","3","2","1","08",,,,,,1,"1",7517,21209
"00","1021","7","11A198","17","40012","2","1","0","02","-","1","2","2","63","16/09/1958","1","06","3","2","1","07",,,,,,1,,7517,0
"00","1021","5","11A198","17","40012","4","1","0","03","-","2",,,,,,,,,,,,,,,,1,,0,0
"00","1021","6","11B191","17","40110","1","1","1","02","-","1","2","2","45","23/10/1975","1","07","5","2","5","01","1","5","2","1","001000",1,"1",7974,17677
"00","1021","6","11B191","17","40110","1","1","1","04","-","1","3","2","13","05/02/2008","1","03","1","1","6","06",,,,,,1,,7974,0
"00","1021","6","11B191","17","40110","1","1","1","01","-","1","1","1","53","23/07/1968","1","07","5","2","5","01","2","6","2","2","015000",1,,7974,0
"00","1021","6","11B191","17","40110","4","1","0","01","-","1","1","1","51","26/05/1970","1","04","3","2","5","01","4","4","2","1","999999",1,,7974,0
"00","1021","6","11B191","17","40110","4","1","0","03","-","1","3","2","28","23/10/1992","1","07","3","2","6","01","1","7","3","2","007000",1,"1",7974,35355
"00","1021","6","11B191","17","40110","4","1","0","04","-","1","3","1","17","05/12/2003","1","04","2","1","6","06",,,,,,1,,7974,0
"00","1021","6","11B191","17","40110","4","1","0","02","-","1","2","2","48","05/11/1972","1","04","3","2","5","07",,,,,,1,,7974,0
"00","1021","6","11B191","17","40110","4","1","0","05","-","1","4","2","86","18/11/1934","2","00",,"2","4","07",,,,,,1,,7974,0
"00","1021","5","11B191","17","40110","3","1","0","06","-","2",,,,,,,,,,,,,,,,1,,0,0
"00","1021","5","11B191","17","40110","3","1","0","05","-","2",,,,,,,,,,,,,,,,1,,0,0
"00","1021","6","11B191","17","40110","3","1","0","04","-","1","4","2","80","13/11/1940","1","02","6","2","5","07",,,,,,1,,7974,0
"00","1021","6","11B191","17","40110","3","1","0","03","-","1","4","1","84","31/05/1937","1","07","5","2","5","07",,,,,,1,,7974,0
"00","1021","6","11B191","17","40110","3","1","0","02","-","1","2","2","42","15/10/1978","1","02","6","2","1","02","4","4","6","5",,1,,7974,0
"00","1021","6","11B191","17","40110","3","1","0","01","-","1","1","1","58","03/08/1963","1","07","1","2","1","01","4","4","2","1","005000",1,"1",7974,35355
"15","1021","6","11B191","17","40110","2","1","0","01","-","1","1","1","81","19/01/1940","1","02","6","2","2","08",,,,,,1,"1",7974,0
"00","1021","6","11B191","17","40110","1","1","1","03","-","1","3","1","15","09/05/2006","1","03","3","1","6","06",,,,,,1,,7974,0
"00","1021","3","12A204","17","40133","3","1","0","02","-","1","2","2","56","10/01/1965","1","04","3","2","5","07",,,,,,1,,6570,0
"00","1021","3","12A204","17","40133","3","1","0","03","-","1","3","1","21","18/10/2000","1","07","1","1","6","06",,,,,,1,"1",6570,19957
"00","1021","3","12A204","17","40133","3","1","0","01","-","1","1","1","54","16/02/1967","1","07","3","2","5","01","5","5","3","2","999999",1,,6570,0
"00","1021","3","12A204","17","40133","3","1","0","04","-","1","3","1","16","18/01/2005","1","03","3","1","6","06",,,,,,1,,6570,0
"00","1021","2","11A205","17","40168","4","1","0","03","-","1","5","1","05","06/09/2016","2","01","3","1",,,,,,,,1,,5463,0
"00","1021","2","11A205","17","40168","3","1","0","01","-","1","1","1","30","18/05/1991","1","03","3","2","5","01","4","4","2","1","001500",1,"1",5463,20183
"00","1021","2","11A205","17","40168","4","1","0","05","-","1","3","2","24","15/11/1996","1","04","1","2","3","01","4","4","3","1","001000",1,,5463,0
"00","1021","2","11A205","17","40168","4","1","0","01","-","1","1","1","46","06/09/1975","1","02","2","2","1","01","4","4","2","1","001500",1,,5463,0
"00","1021","2","11A205","17","40168","4","1","0","02","-","1","2","2","44","24/02/1977","1","03","3","2","1","02","4","4","6","5",,1,,5463,0
"00","1021","2","11A205","17","40168","4","1","0","04","-","1","3","1","22","10/04/1999","1","04","3","2","6","01","5","5","3","1","001000",1,"1",5463,40366
"15","1021","2","11A205","17","40168","1","1","0","04","-","1","3","2","16","16/06/2005","2","00",,"2","6","07",,,,,,1,,5463,0
"15","1021","2","11A205","17","40168","1","1","0","05","-","1","3","2","02","11/09/2019",,,,,,,,,,,,1,,5463,0
"15","1021","2","11A205","17","40168","1","1","0","03","-","2",,,,,,,,,,,,,,,,1,,0,0
"15","1021","2","11A205","17","40168","1","1","0","01","-","1","1","2","35","09/04/1986","2","00",,"1","5","07",,,,,,1,,5463,0
"15","1021","2","11A205","17","40168","1","1","0","02","-","1","2","1","57","02/06/1964","1","02","6","2","5","01","7","3","4","1","001400",1,"1",5463,0
"15","1021","2","11A205","17","40168","1","1","0","06","-","1","3","2","02","11/09/2019",,,,,,,,,,,,1,,5463,0
"15","1021","2","11A205","17","40168","2","1","0","01","-","1","1","1","89","16/07/1932","2","00",,"2","4","07",,,,,,1,,5463,0
"15","1021","2","11A205","17","40168","2","1","0","03","-","1","5","1","25","12/07/1996","1","04","3","2","2","01","4","4","3","2","999999",1,,5463,0
"15","1021","2","11A205","17","40168","2","1","0","04","-","1","5","2","16","05/02/2005","1","04","1","1","6","06",,,,,,1,,5463,0
"15","1021","2","11A205","17","40168","2","1","0","02","-","1","3","1","53","20/08/1968","1","04","3","2","3","01","3","4","3","1","001500",1,"1",5463,0
"00","1021","2","11A205","17","40168","3","1","0","02","-","1","2","2","30","26/11/1990","1","03","3","2","5","02","4","4","6","5",,1,,5463,0
"00","1021","2","11A205","17","40168","3","1","0","04","-","1","3","1","07","05/05/2014","1","02","1","1",,,,,,,,1,,5463,0
"00","1021","2","11A205","17","40168","3","1","0","05","-","1","3","1","05","20/11/2015","2","01","3","1",,,,,,,,1,,5463,0
"00","1021","2","11A205","17","40168","3","1","0","03","-","1","3","1","11","21/01/2010","1","02","5","1",,,,,,,,1,,5463,0
"00","1021","6","12B191","17","40174","1","1","0","02","-","1","2","2","27","09/10/1994","1","04","3","2","1","07",,,,,,1,"1",7535,15184
"00","1021","6","12B191","17","40174","1","1","0","03","-","1","3","1","03","26/06/2018",,,,,,,,,,,,1,,7535,0
"00","1021","6","12B191","17","40174","1","1","0","01","-","1","1","1","24","16/03/1997","1","02","6","2","1","01","5","2","3","1","000800",1,,7535,0
"14","1021","2","12B191","17","40174","3","1","0","04","-","2",,,,,,,,,,,,,,,,1,,0,0
"14","1021","6","12B191","17","40174","3","1","0","01","-","1","1","2","40","09/05/1981","1","03","3","2","1","01","7","2","3","1","999999",1,,7535,0
"14","1021","5","12B191","17","40174","3","1","0","08","-","2",,,,,,,,,,,,,,,,1,,0,0
"14","1021","6","12B191","17","40174","3","1","0","02","-","1","2","1","35","15/12/1985","1","02","6","2","1","01","7","3","2","1","999999",1,,7535,0
"14","1021","5","12B191","17","40174","3","1","0","03","-","2",,,,,,,,,,,,,,,,1,,0,0
"14","1021","5","12B191","17","40174","3","1","0","06","-","2",,,,,,,,,,,,,,,,1,,0,0
"14","1021","6","12B191","17","40174","3","1","0","05","-","1","4","2","63","08/01/1958","1","00",,"2","2","07",,,,,,1,,7535,0
"14","1021","5","12B191","17","40174","3","1","0","07","-","2",,,,,,,,,,,,,,,,1,,0,0
"00","1021","2","11A205","17","40201","2","1","0","06","-","1","3","2","19","20/04/2002","1","07","1","1","6","06",,,,,,1,,7221,0
"00","1021","2","11A205","17","40201","2","1","0","01","-","1","1","1","48","22/09/1973","1","07","5","2","5","01","1","3","2","1","999999",1,,7221,0
"00","1021","2","11A205","17","40201","2","1","0","02","-","1","2","2","45","20/04/1976","1","04","3","2","5","01","3","5","3","2","999999",1,"1",7221,43656
"00","1021","2","11A205","17","40201","2","1","0","04","-","1","3","2","22","19/07/1999","1","07","3","1","6","06",,,,,,1,,7221,0
"00","1021","2","11A205","17","40201","2","1","0","05","-","1","4","1","76","20/07/1945","1","07","5","2","4","08",,,,,,1,,7221,0
"00","1021","2","11A205","17","40201","2","1","0","03","-","1","3","1","25","11/06/1996","1","07","5","2","6","01","1","5","2","1","999999",1,,7221,0
"00","1021","2","11A205","17","40201","4","1","0","03","-","1","3","1","14","11/11/2006","1","03","3","1","6","06",,,,,,1,,7221,0
"00","1021","2","11A205","17","40201","3","1","0","02","-","1","2","2","81","07/07/1940","2","00",,"2","5","07",,,,,,1,,7221,0
"00","1021","2","11A205","17","40201","3","1","0","03","-","1","5","1","15","22/04/2006","1","03","3","1","6","06",,,,,,1,,7221,0
"00","1021","2","11A205","17","40201","4","1","0","02","-","1","2","2","43","15/02/1978","1","03","3","2","5","07",,,,,,1,,7221,0
"00","1021","2","11A205","17","40201","4","1","0","04","-","1","3","2","09","06/02/2012","1","02","3","1",,,,,,,,1,,7221,0
"00","1021","2","11A205","17","40201","4","1","0","01","-","1","1","1","43","27/04/1978","1","03","3","2","5","01","7","3","3","1","002000",1,"1",7221,14552
"00","1021","2","11A205","17","40201","3","1","0","01","-","1","1","1","83","29/08/1938","2","00",,"2","5","07",,,,,,1,"1",7221,14552
"00","1021","8","11A197","17","40293","1","1","0","01","-","1","1","1","36","15/01/1985","1","03","3","2","1","01","5","2","3","1","001700",1,"1",8813,26768
"00","1021","8","11A197","17","40293","1","1","0","03","-","1","3","1","09","18/03/2012","1","02","2","1",,,,,,,,1,,8813,0
"00","1021","8","11A197","17","40293","1","1","0","02","-","1","2","2","33","06/07/1988","1","03","3","2","1","07",,,,,,1,,8813,0
"00","1021","8","11A197","17","40293","1","1","0","04","-","1","3","1","00","28/07/2021",,,,,,,,,,,,1,,8813,0
"00","1021","8","11A197","17","40293","2","1","0","02","-","1","2","2","57","30/01/1964","1","02","6","2","5","07",,,,,,1,"1",8813,26768
"00","1021","8","11A197","17","40293","2","1","0","01","-","1","1","1","57","12/01/1964","1","03","3","2","5","01","7","2","2","1","000500",1,,8813,0
"15","1021","8","11A197","17","40293","3","1","0","01","-","1","1","1","59","29/12/1961","1","07","5","2","5","01","1","5","2","1","999999",1,"1",8813,0
"15","1021","8","11A197","17","40293","3","1","0","02","-","1","2","2","59","24/09/1962","1","08","2","2","5","07",,,,,,1,,8813,0
"00","1021","1","11A206","17","40297","1","1","0","01","-","1","1","1","35","24/09/1986","1","03","3","2","1","01","5","4","3","2","999999",1,,10068,0
"00","1021","1","11A206","17","40297","1","1","0","04","-","1","3","2","10","16/11/2010","1","02","5","1",,,,,,,,1,,10068,0
"00","1021","1","11A206","17","40297","4","1","0","05","-","1","3","2","10","11/08/2011","1","02","3","1",,,,,,,,1,,10068,0
"00","1021","1","11A206","17","40297","1","1","0","06","-","1","3","1","13","06/08/2008","1","03","1","1","6","06",,,,,,1,,10068,0
"00","1021","1","11A206","17","40297","1","1","0","05","-","1","3","2","06","03/02/2015","2","01","3","1",,,,,,,,1,,10068,0
"00","1021","1","11A206","17","40297","1","1","0","03","-","1","3","2","18","17/07/2003","1","04","2","1","6","07",,,,,,1,"1",10068,30433
"00","1021","1","11A206","17","40297","4","1","0","04","-","1","3","1","18","31/05/2003","1","04","2","1","6","06",,,,,,1,"1",10068,40578
"00","1021","1","11A206","17","40297","4","1","0","03","-","1","3","2","19","18/10/2002","1","04","3","2","6","01","4","4","3","3","003000",1,,10068,0
"00","1021","1","11A206","17","40297","4","1","0","01","-","1","1","1","44","01/01/1977","1","03","3","2","1","01","5","5","3","1","999999",1,,10068,0
"00","1021","1","11A206","17","40297","4","1","0","02","-","1","2","2","39","11/12/1981","1","03","3","2","1","07",,,,,,1,,10068,0
"00","1021","1","11A206","17","40297","1","1","0","02","-","1","2","2","36","20/03/1985","1","04","3","2","1","04",,,,,,1,,10068,0
"00","1021","5","12B192","17","40304","1","1","0","01","-","1","1","1","47","22/02/1974","1","03","3","2","5","01","5","5","2","1","002000",1,,6096,0
"00","1021","5","12B192","17","40304","2","1","0","02","-","1","3","1","43","18/08/1978","1","07","3","2","6","01","5","5","3","2","999999",1,,6096,0
"00","1021","5","12B192","17","40304","2","1","0","01","-","1","1","2","63","23/07/1958","1","03","1","2","2","01","5","5","2","1","000200",1,"1",6096,18516
"00","1021","5","12B192","17","40304","2","1","0","03","-","1","3","1","41","07/07/1980","1","04","3","2","6","01","7","2","3","2","999999",1,,6096,0
"00","1021","5","12B192","17","40304","4","1","0","04","-","1","3","2","04","09/01/2017",,,,,,,,,,,,1,,6096,0
"00","1021","5","12B192","17","40304","1","1","0","04","-","2",,,,,,,,,,,,,,,,1,,0,0
"00","1021","5","12B192","17","40304","1","1","0","05","-","1","3","2","21","23/03/2000","1","07","2","1","6","06",,,,,,1,"1",6096,24688
"00","1021","5","12B192","17","40304","3","1","0","03","-","1","3","2","26","15/02/1995","1","04","2","2","6","01","5","5","3","1","001200",1,"1",6096,18516
"00","1021","5","12B192","17","40304","3","1","0","02","-","1","2","1","56","24/03/1965","1","06","3","2","5","01","4","4","2","1","999999",1,,6096,0
"00","1021","5","12B192","17","40304","3","1","0","04","-","1","3","2","16","07/07/2005","1","03","3","2","6","07",,,,,,1,,6096,0
"00","1021","5","12B192","17","40304","3","1","0","05","-","1","3","1","08","17/06/2013","1","02","1","1",,,,,,,,1,,6096,0
"00","1021","5","12B192","17","40304","3","1","0","01","-","1","1","2","55","10/04/1966","1","03","3","2","5","02","4","5","6","5",,1,,6096,0
"00","1021","5","12B192","17","40304","4","1","0","03","-","1","3","2","11","22/04/2010","1","02","4","1",,,,,,,,1,,6096,0
"00","1021","5","12B192","17","40304","4","1","0","02","-","1","2","2","36","01/08/1985","1","07","5","2","1","01","2","7","3","1","006500",1,"1",6096,12344
"00","1021","5","12B192","17","40304","4","1","0","01","-","1","1","1","39","28/12/1981","1","07","3","2","1","01","2","7","3","1","005600",1,,6096,0
"00","1021","5","12B192","17","40304","1","1","0","03","-","1","3","1","28","25/02/1993","1","07","3","2","6","02","5","5","6","5",,1,,6096,0
"00","1021","5","12B192","17","40304","1","1","0","02","-","1","2","2","49","11/12/1971","1","03","3","2","5","02","5","5","6","5",,1,,6096,0
"00","1021","4","11A203","17","40320","3","1","0","04","-","1","5","2","26","06/05/1995","1","06","3","2","6","01","5","5","3","2","999999",1,,8217,0
"00","1021","4","11A203","17","40320","3","1","0","03","-","1","3","2","48","04/12/1972","1","04","1","2","2","01","4","4","2","1","999999",1,"1",8217,33118
"00","1021","4","11A203","17","40320","3","1","0","02","-","1","2","2","84","25/11/1936","1","02","6","2","5","09",,,,,,1,,8217,0
"00","1021","4","11A203","17","40320","2","1","0","01","-","1","1","2","31","10/12/1989","1","03","1","2","1","07",,,,,,1,"1",8217,8279
"00","1021","4","11A203","17","40320","1","1","0","01","-","1","1","1","59","31/08/1962","1","04","1","2","1","01","7","2","2","1","001000",1,,8217,0
"00","1021","4","11A203","17","40320","1","1","0","03","-","1","3","1","31","29/12/1989","1","04","1","2","2","01","4","4","5","1","001000",1,,8217,0
"00","1021","4","11A203","17","40320","1","1","0","04","-","1","3","1","35","15/07/1986","1","03","3","2","2","03","5","4","2","1","002000",1,"1",8217,33118
"00","1021","3","11A203","17","40320","1","1","0","05","-","2",,,,,,,,,,,,,,,,1,,0,0
"00","1021","4","11A203","17","40320","1","1","0","02","-","1","2","2","62","19/03/1959","1","02","6","2","1","07",,,,,,1,,8217,0
"00","1021","4","11A203","17","40320","3","1","0","01","-","1","1","1","88","20/07/1933","1","02","6","2","5","08",,,,,,1,,8217,0
"00","1021","1","11A206","17","40327","2","1","0","02","-","1","2","2","28","12/02/1993","1","04","3","2","1","07",,,,,,1,"1",7463,15040
"00","1021","1","11A206","17","40327","4","1","0","02","-","1","3","1","12","24/02/2009","1","02","6","1","6","06",,,,,,1,,7463,0
"00","1021","1","11A206","17","40327","2","1","0","01","-","1","1","1","33","26/04/1988","1","04","3","2","1","01","7","2","2","1","000500",1,,7463,0
"00","1021","1","11A206","17","40327","1","1","0","01","-","1","1","1","60","09/09/1961","1","03","3","2","6","01","5","6","5","1","001000",1,"1",7463,7520
"00","1021","1","11A206","17","40327","4","1","0","05","-","1","6","1","41","21/07/1980","2","00",,"2","6","01","5","7","3","1","001000",1,,7463,0
"00","1021","1","11A206","17","40327","3","1","0","02","-","1","3","1","29","06/10/1992","1","04","3","2","6","01","3","6","3","2","999999",1,,7463,0
"00","1021","1","11A206","17","40327","4","1","0","04","-","1","3","2","01","14/12/2019",,,,,,,,,,,,1,,7463,0
"00","1021","1","11A206","17","40327","4","1","0","01","-","1","1","2","29","25/02/1992","1","03","2","2","4","07",,,,,,1,"1",7463,15040
"00","1021","1","11A206","17","40327","4","1","0","03","-","1","3","1","02","31/10/2018",,,,,,,,,,,,1,,7463,0
"00","1021","1","11A206","17","40327","3","1","0","01","-","1","1","2","59","21/09/1962","1","03","3","2","6","01","5","5","2","1","000700",1,"1",7463,15040
"00","1021","5","11B192","17","40334","3","1","0","03","-","1","3","2","41","26/05/1980","1","03","3","2","2","07",,,,,,1,,8148,0
"00","1021","5","11B192","17","40334","3","1","0","06","-","1","3","2","39","23/08/1982","1","04","3","2","2","01","5","5","3","1","999999",1,,8148,0
"00","1021","5","11B192","17","40334","3","1","0","02","-","1","2","2","58","21/06/1963","1","02","6","2","5","07",,,,,,1,,8148,0
"00","1021","5","11B192","17","40334","3","1","0","05","-","1","5","2","15","09/03/2006","1","03","2","1","6","06",,,,,,1,,8148,0
"00","1021","5","11B192","17","40334","4","1","0","01","-","1","1","2","78","07/07/1943","2","00",,"2","2","07",,,,,,1,"1",8148,16420
"00","1021","5","11B192","17","40334","4","1","0","02","-","1","3","2","59","26/02/1962","1","02","6","2","6","01","5","5","2","1","999999",1,,8148,0
"00","1021","5","11B192","17","40334","3","1","0","07","-","1","5","2","17","14/11/2003","1","04","1","2","6","07",,,,,,1,,8148,0
"00","1021","5","11B192","17","40334","3","1","0","01","-","1","1","1","64","18/06/1957","1","02","6","2","5","01","5","5","2","1","001500",1,"1",8148,41049
"00","1021","5","11B192","17","40334","3","1","0","04","-","1","3","2","27","28/07/1994","1","03","3","2","6","01","5","5","3","1","999999",1,,8148,0
"00","1021","7","12A198","17","40357","2","1","0","02","-","1","3","1","12","18/10/2008","1","02","6","1","6","06",,,,,,1,,4949,0
"00","1021","7","12A198","17","40357","1","1","0","01","-","1","1","2","71","12/06/1950","1","07","5","2","6","08",,,,,,1,,4949,0
"00","1021","7","12A198","17","40357","1","1","0","02","-","1","6","2","47","18/10/1973","2","00",,"2","6","01","5","5","3","1","000900",1,"1",4949,10022
"00","1021","7","12A198","17","40357","3","1","0","01","-","1","1","2","55","10/06/1966","1","04","3","2","3","01","7","2","2","1","000300",1,"1",4949,5011
"00","1021","7","12A198","17","40357","2","1","0","01","-","1","1","2","42","13/03/1979","1","08","2","1","2","01","5","5","3","2","013000",1,"1",4949,5011
"00","1021","4","13A203","17","40385","1","1","0","01","-","1","1","2","50","08/10/1971","1","07","4","2","4","01","1","5","3","2","005000",1,"1",7061,7124
"00","1021","7","13A198","18","40072","3","1","0","03","-","1","2","1","37","19/08/1984","1","07","5","2","5","01","3","5","3","2","999999",1,,6261,0
"00","1021","7","13A198","18","40072","4","1","0","01","-","1","1","2","41","28/10/1979","1","07","5","2","5","07",,,,,,1,,6261,0
"00","1021","7","13A198","18","40072","3","1","0","01","-","1","1","2","36","09/03/1985","1","06","3","2","6","01","5","5","2","1","001200",1,"1",6261,12677
"00","1021","7","13A198","18","40072","3","1","0","02","-","1","3","1","01","30/01/2020",,,,,,,,,,,,1,,6261,0
"00","1021","7","13A198","18","40072","4","1","0","02","-","1","3","2","23","09/03/1998","1","07","2","1","6","06",,,,,,1,"1",6261,25354
"00","1021","7","13A198","18","40072","2","1","0","02","-","1","3","2","43","30/06/1978","1","08","2","2","6","01","1","5","3","2","999999",1,,6261,0
"00","1021","7","13A198","18","40072","1","1","0","01","-","1","1","1","56","09/04/1965","1","04","3","2","6","01","3","5","3","2","999999",1,"1",6261,6339
"00","1021","7","13A198","18","40072","4","1","0","03","-","1","3","1","21","20/05/2000","1","07","2","1","6","06",,,,,,1,,6261,0
"00","1021","7","13A198","18","40072","2","1","0","01","-","1","1","2","76","30/06/1945","1","04","3","2","6","07",,,,,,1,,6261,0
"00","1021","7","13A198","18","40072","2","1","0","03","-","1","3","1","39","30/06/1982","1","07","5","2","6","01","1","5","3","2","004500",1,"1",6261,19016
"00","1021","7","13A198","18","40072","4","1","0","04","-","1","3","1","19","16/10/2002","1","04","3","1","6","06",,,,,,1,,6261,0
"00","1021","2","11A204","18","40099","3","1","0","01","-","2",,,,,,,,,,,,,,,,1,,0,0
"00","1021","3","11A204","18","40099","3","1","0","02","-","1","6","2","26","23/06/1995","1","07","5","2","6","01","1","5","3","1","002300",1,"1",8054,8116
"00","1021","3","11A204","18","40099","3","1","0","04","-","1","7","2","03","07/12/2017",,,,,,,,,,,,1,,8054,0
"00","1021","3","11A204","18","40099","1","1","0","02","-","1","3","2","37","31/01/1984","1","07","5","2","6","01","5","5","3","1","000950",1,"1",8054,24347
"00","1021","2","11A204","18","40099","3","1","0","03","-","2",,,,,,,,,,,,,,,,1,,0,0
"00","1021","3","11A204","18","40099","1","1","0","04","-","1","5","1","07","31/10/2013","1","02","2","1",,,,,,,,1,,8054,0
"00","1021","3","11A204","18","40099","1","1","0","01","-","1","1","1","63","03/11/1957","1","04","3","2","4","08",,,,,,1,,8054,0
"00","1021","3","11A204","18","40099","2","1","0","01","-","1","1","1","23","29/12/1997","1","03","3","2","1","01","5","5","3","1","999999",1,"1",8054,24347
"00","1021","3","11A204","18","40099","2","1","0","03","-","1","2","2","30","20/11/1990","1","04","3","2","1","01","5","5","3","2","999999",1,,8054,0
"00","1021","3","11A204","18","40099","2","1","0","04","-","1","6","2","15","07/07/2006","1","03","2","1","6","06",,,,,,1,,8054,0
"00","1021","3","11A204","18","40099","2","1","0","02","-","1","4","2","42","01/04/1979","1","04","3","2","4","01","5","5","3","2","999999",1,,8054,0
"00","1021","3","11A204","18","40099","4","1","0","04","-","1","3","1","02","31/01/2019",,,,,,,,,,,,1,,8054,0
"00","1021","3","11A204","18","40099","4","1","0","03","-","1","3","2","08","30/08/2013","1","02","2","1",,,,,,,,1,,8054,0
"00","1021","3","11A204","18","40099","4","1","0","02","-","1","2","2","27","07/02/1994","1","03","3","2","1","07",,,,,,1,"1",8054,16231
"00","1021","3","11A204","18","40099","1","1","0","03","-","1","3","2","23","19/08/1998","1","04","3","2","6","04",,,,,,1,,8054,0
"00","1021","3","11A204","18","40099","4","1","0","01","-","1","1","1","38","26/03/1983","1","02","6","2","1","01","6","1","2","2","999999",1,,8054,0
"00","1021","3","13A204","18","40134","1","1","0","05","-","1","3","2","00","25/08/2021",,,,,,,,,,,,1,,10027,0
"00","1021","3","13A204","18","40134","3","1","0","01","-","1","1","2","28","11/11/1992","1","07","5","2","1","07",,,,,,1,"1",10027,20232
"00","1021","3","13A204","18","40134","2","1","0","02","-","1","2","2","37","10/11/1983","1","04","3","2","1","07",,,,,,1,,10027,0
"00","1021","3","13A204","18","40134","2","1","0","04","-","1","3","1","09","14/07/2012","1","02","3","1",,,,,,,,1,,10027,0
"00","1021","3","13A204","18","40134","2","1","0","05","-","1","3","1","00","10/11/2020",,,,,,,,,,,,1,,10027,0
"00","1021","3","13A204","18","40134","2","1","0","03","-","1","3","1","16","18/06/2005","1","03","3","1","6","06",,,,,,1,,10027,0
"00","1021","3","13A204","18","40134","2","1","0","01","-","1","1","1","50","05/02/1971","1","04","3","2","1","01","7","3","3","1","001800",1,"1",10027,20232
"00","1021","3","13A204","18","40134","4","1","0","01","-","1","1","2","28","09/06/1993","1","07","5","2","6","01","1","5","3","3","011000",1,"1",10027,10116
"00","1021","3","13A204","18","40134","4","1","0","02","-","1","3","2","03","08/02/2018",,,,,,,,,,,,1,,10027,0
"00","1021","3","13A204","18","40134","3","1","0","02","-","1","2","1","37","15/09/1984","1","08","2","2","1","01","1","5","3","2","999999",1,,10027,0
"00","1021","3","13A204","18","40134","1","1","0","02","-","1","2","2","27","13/07/1994","1","04","3","2","1","07",,,,,,1,,10027,0
"00","1021","3","13A204","18","40134","1","1","0","03","-","1","3","2","07","08/10/2014","2","01","3","1",,,,,,,,1,,10027,0
"00","1021","3","13A204","18","40134","1","1","0","01","-","1","1","1","31","22/02/1990","1","04","2","2","1","01","5","5","3","2","999999",1,"1",10027,20232
"00","1021","3","13A204","18","40134","1","1","0","04","-","1","3","2","02","15/02/2019",,,,,,,,,,,,1,,10027,0
"00","1021","2","12A205","18","40163","3","1","0","01","-","1","1","1","47","12/07/1974","1","04","3","2","5","01","1","5","3","2","999999",1,,7803,0
"00","1021","2","12A205","18","40163","2","1","0","02","-","1","2","2","38","01/07/1983","1","06","3","2","1","01","5","5","3","1","001200",1,"1",7803,7900
"00","1021","2","12A205","18","40163","2","1","0","01","-","2",,,,,,,,,,,,,,,,1,,0,0
"00","1021","2","12A205","18","40163","2","1","0","04","-","1","3","2","10","11/03/2011","1","02","4","1",,,,,,,,1,,7803,0
"00","1021","2","12A205","18","40163","1","1","0","01","-","1","1","2","54","11/04/1967","1","07","5","2","6","01","1","5","3","2","999999",1,"1",7803,7900
"00","1021","2","12A205","18","40163","3","1","0","02","-","1","2","2","49","13/06/1972","1","03","3","2","5","01","4","4","2","1","999999",1,,7803,0
"00","1021","2","12A205","18","40163","3","1","0","04","-","1","3","2","17","23/01/2004","1","04","2","1","6","06",,,,,,1,,7803,0
"00","1021","2","12A205","18","40163","3","1","0","03","-","1","3","2","23","11/11/1997","1","07","5","2","6","01","1","5","3","1","002000",1,"1",7803,23701
"00","1021","2","12A205","18","40163","4","1","0","01","-","1","1","1","19","08/06/2002","1","04","1","2","6","01","5","5","3","1","001200",1,"1",7803,7900
"00","1021","2","12A205","18","40163","2","1","0","03","-","1","3","2","12","12/02/2009","1","02","6","1","6","06",,,,,,1,,7803,0
"00","1021","6","12B191","18","40205","1","1","0","01","-","1","1","1","62","31/07/1959","1","04","3","2","5","01","4","4","2","1","999999",1,"1",7303,36968
"00","1021","6","12B191","18","40205","1","1","0","02","-","1","2","2","58","13/03/1963","1","07","5","2","5","01","5","5","2","1","999999",1,,7303,0
"00","1021","6","12B191","18","40205","1","1","0","03","-","1","3","2","22","09/09/1999","1","07","5","1","6","06",,,,,,1,,7303,0
"00","1021","6","12B191","18","40205","1","1","0","04","-","1","8","1","34","30/06/1987","1","07","2","2","6","04",,,,,,1,,7303,0
"00","1021","6","12B191","18","40205","1","1","0","05","-","1","3","1","36","12/05/1985","1","07","5","2","2","01","1","5","3","1","999999",1,,7303,0
"00","1021","6","12B191","18","40205","2","1","0","02","-","1","2","2","56","09/09/1965","1","07","5","2","1","01","1","5","3","2","999999",1,,7303,0
"00","1021","6","12B191","18","40205","2","1","0","03","-","1","3","2","21","29/05/2000","1","07","2","1","6","06",,,,,,1,"1",7303,22181
"00","1021","6","12B191","18","40205","2","1","0","01","-","1","1","1","57","16/04/1964","1","07","5","2","1","01","6","1","3","1","999999",1,,7303,0
"00","1021","6","12B191","18","40205","3","1","0","04","-","1","3","2","13","09/09/2008","1","03","1","1","6","06",,,,,,1,,7303,0
"00","1021","6","12B191","18","40205","3","1","0","03","-","1","3","1","18","20/07/2003","1","04","1","1","6","06",,,,,,1,,7303,0
"00","1021","6","12B191","18","40205","3","1","0","02","-","1","2","2","48","14/03/1973","1","07","2","2","5","07",,,,,,1,"1",7303,22181
"00","1021","6","12B191","18","40205","3","1","0","01","-","1","1","1","41","26/01/1980","1","04","2","2","5","01","5","5","3","2","999999",1,,7303,0
"00","1021","6","12B191","18","40205","4","1","0","02","-","1","2","2","35","11/03/1986","1","07","5","2","5","01","1","5","3","2","002000",1,,7303,0
"00","1021","6","12B191","18","40205","4","1","0","01","-","1","1","1","35","04/06/1986","1","07","5","2","5","01","3","7","3","2","005000",1,"1",7303,14787
"00","1021","8","12A197","18","40293","2","1","0","01","-","1","1","2","63","09/08/1958","1","02","5","2","4","07",,,,,,1,"1",10479,10572
"00","1021","8","12A197","18","40293","4","1","0","01","-","1","1","2","71","20/01/1950","1","04","2","2","6","07",,,,,,1,"1",10479,21144
"00","1021","3","12A197","18","40293","3","1","0","02","-","2",,,,,,,,,,,,,,,,1,,0,0
"00","1021","8","12A197","18","40293","3","1","0","01","-","1","1","2","48","30/06/1973","1","04","3","2","6","01","2","7","3","2","999999",1,"1",10479,10572
"00","1021","8","12A197","18","40293","4","1","0","02","-","1","3","1","33","09/07/1988","1","07","5","2","6","01","1","5","2","2","999999",1,,10479,0
"00","1021","5","13B192","18","40302","3","1","0","02","-","1","3","2","03","05/07/2018",,,,,,,,,,,,1,,10371,0
"00","1021","5","13B192","18","40302","1","1","0","01","-","2",,,,,,,,,,,,,,,,1,,0,0
"00","1021","5","13B192","18","40302","2","1","2","01","-","1","1","2","47","02/04/1974","1","03","3","2","5","07",,,,,,1,,10371,0
"00","1021","5","13B192","18","40302","2","1","2","02","-","1","3","1","27","02/10/1994","1","07","5","2","6","01","5","5","3","2","999999",1,,10371,0
"00","1021","5","13B192","18","40302","1","1","0","03","-","1","5","1","30","06/12/1990","1","07","5","1","6","01","1","5","3","2","005320",1,"1",10371,10463
"00","1021","5","13B192","18","40302","2","1","2","04","-","1","3","1","18","26/01/2003","1","04","1","1","6","01","5","5","3","1","001300",1,,10371,0
"00","1021","5","13B192","18","40302","2","1","2","03","-","1","3","1","22","15/11/1998","1","04","3","2","6","04",,,,,,1,"1",10371,41852
"00","1021","5","13B192","18","40302","3","1","0","03","-","1","2","1","36","19/12/1984","1","07","4","2","5","01","1","5","3","2","999999",1,,10371,0
"00","1021","5","13B192","18","40302","4","1","0","01","-","1","1","2","78","11/01/1943","1","02","6","2","4","08",,,,,,1,"1",10371,10463
"00","1021","5","13B192","18","40302","3","1","0","01","-","1","1","2","38","12/08/1983","1","07","5","2","5","01","1","5","3","2","999999",1,"1",10371,20926
"00","1021","5","13B192","18","40302","1","1","0","02","-","2",,,,,,,,,,,,,,,,1,,0,0
"00","1021","1","12A206","18","40325","4","1","0","01","-","1","1","1","76","30/06/1945","1","02","3","2","5","01","5","5","3","1","999999",1,,6420,0
"00","1021","1","12A206","18","40325","2","1","0","02","-","1","3","2","59","14/11/1961","1","09","2","2","6","08",,,,,,1,"1",6420,13000
"00","1021","1","12A206","18","40325","2","1","0","01","-","1","1","2","85","09/10/1935","2","00",,"2","4","07",,,,,,1,,6420,0
"00","1021","1","12A206","18","40325","4","1","0","04","-","1","3","2","54","30/04/1967","1","06","3","2","5","07",,,,,,1,,6420,0
"00","1021","1","12A206","18","40325","1","1","0","01","-","1","1","2","63","16/09/1958","1","07","5","2","4","08",,,,,,1,"1",6420,6500
"00","1021","1","12A206","18","40325","4","1","0","03","-","1","5","1","57","01/01/1964","1","04","3","2","5","01","4","4","2","1","999999",1,"1",6420,25999
"00","1021","1","12A206","18","40325","4","1","0","02","-","1","2","2","75","01/09/1946","1","02","6","2","5","07",,,,,,1,,6420,0
"00","1021","1","12A206","18","40325","3","1","0","01","-","1","1","1","64","27/06/1957","1","03","1","2","6","01","1","5","2","2","001500",1,"1",6420,6500
"00","1021","5","12B192","18","40332","4","1","0","03","-","1","3","2","14","02/12/2006","1","03","2","1","6","06",,,,,,1,,6748,0
"00","1021","5","12B192","18","40332","4","1","0","02","-","1","2","2","42","25/09/1979","1","02","6","2","5","07",,,,,,1,"1",6748,13665
"00","1021","5","12B192","18","40332","4","1","0","04","-","1","3","2","11","06/11/2009","1","02","5","1",,,,,,,,1,,6748,0
"00","1021","5","12B192","18","40332","4","1","0","01","-","1","1","1","42","07/07/1979","1","02","6","2","5","01","7","2","3","1","001400",1,,6748,0
"00","1021","5","12B192","18","40332","2","1","0","01","-","1","1","1","78","07/09/1943","1","02","6","2","4","01","7","2","2","1","999999",1,,6748,0
"00","1021","5","12B192","18","40332","2","1","0","03","-","1","3","2","55","20/12/1965","1","06","3","2","6","07",,,,,,1,"1",6748,20497
"00","1021","5","12B192","18","40332","2","1","0","02","-","1","3","1","57","14/05/1964","1","03","2","2","6","01","7","2","2","1","999999",1,,6748,0
"00","1021","5","12B192","18","40332","3","1","0","01","-","1","1","1","68","05/04/1953","1","07","5","2","5","01","5","6","2","1","999999",1,,6748,0
"00","1021","5","12B192","18","40332","3","1","0","03","-","1","3","2","38","16/09/1983","1","07","5","2","6","07",,,,,,1,,6748,0
"00","1021","5","12B192","18","40332","3","1","0","02","-","1","2","2","63","29/09/1958","1","07","2","2","5","07",,,,,,1,"1",6748,20497
"00","1021","5","12B192","18","40332","1","1","0","03","-","1","3","2","19","22/12/2001","1","04","3","1","6","06",,,,,,1,,6748,0
"00","1021","5","12B192","18","40332","1","1","0","02","-","1","2","2","43","10/04/1978","1","03","3","2","5","01","5","5","3","1","001500",1,,6748,0
"00","1021","5","12B192","18","40332","1","1","0","01","-","1","1","1","51","10/06/1970","2","04","3","2","5","01","7","3","3","1","002500",1,"1",6748,20497
"00","1021","5","12B192","18","40332","1","1","0","04","-","1","3","1","12","02/05/2009","1","02","5","1","6","06",,,,,,1,,6748,0
"00","1021","4","11A203","18","40351","1","1","0","02","-","1","3","1","18","14/09/2003","1","03","2","2","6","01","5","5","3","1","999999",1,,7446,0
"00","1021","4","11A203","18","40351","1","1","0","03","-","1","3","2","12","30/06/2009","1","02","6","1","6","06",,,,,,1,,7446,0
"00","1021","4","11A203","18","40351","4","1","0","01","-","1","1","1","62","16/06/1959","1","02","6","2","6","01","7","2","3","1","001200",1,"1",7446,7503
"00","1021","2","11A203","18","40351","4","1","0","02","-","2",,,,,,,,,,,,,,,,1,,0,0
"00","1021","4","11A203","18","40351","1","1","0","01","-","1","1","1","51","11/04/1970","1","02","6","2","6","01","6","1","3","1","002000",1,"1",7446,15006
"00","1021","4","11A203","18","40351","2","1","0","01","-","1","1","2","53","08/08/1968","1","03","2","2","3","04",,,,,,1,"1",7446,7503
"00","1021","4","11A203","18","40351","3","1","0","02","-","1","2","2","59","17/01/1962","2","00",,"2","5","07",,,,,,1,,7446,0
"00","1021","4","11A203","18","40351","3","1","0","01","-","1","1","1","59","29/05/1962","1","02","6","2","5","01","7","2","3","1","001250",1,"1",7446,15006
"00","1021","2","11A198","18","40390","3","1","0","03","-","2",,,,,,,,,,,,,,,,1,,0,0
"00","1021","7","11A198","18","40390","3","1","0","01","-","1","1","2","75","03/12/1945","1","06","3","2","5","07",,,,,,1,,6443,0
"00","1021","7","11A198","18","40390","3","1","0","02","-","1","2","1","77","01/05/1944","1","00",,"2","5","01","7","2","2","1","001400",1,"1",6443,12985
"00","1021","7","11A198","18","40390","2","1","0","04","-","1","2","1","49","22/10/1971","1","07","5","2","5","01","1","5","3","2","003000",1,,6443,0
"00","1021","7","11A198","18","40390","2","1","0","02","-","1","3","1","26","19/10/1994","1","07","5","1","6","06",,,,,,1,"1",6443,25970
"00","1021","7","11A198","18","40390","2","1","0","01","-","1","1","2","56","25/06/1965","1","07","2","2","1","01","2","7","3","2","006000",1,,6443,0
"00","1021","7","11A198","18","40390","2","1","0","03","-","1","3","2","23","28/08/1998","1","07","5","2","6","07",,,,,,1,,6443,0
"00","1021","7","11A198","18","40390","1","1","0","05","-","1","2","1","55","30/06/1966","1","07","5","2","5","08",,,,,,1,,6443,0
"00","1021","2","11A198","18","40390","3","1","0","04","-","2",,,,,,,,,,,,,,,,1,,0,0
"00","1021","7","11A198","18","40390","1","1","0","04","-","1","3","2","03","26/07/2018",,,,,,,,,,,,1,,6443,0
"00","1021","7","11A198","18","40390","1","1","0","03","-","1","3","1","16","26/05/2005","1","03","3","1","6","06",,,,,,1,,6443,0
"00","1021","7","11A198","18","40390","1","1","0","02","-","1","3","1","16","26/05/2005","1","03","3","1","6","06",,,,,,1,,6443,0
"00","1021","7","11A198","18","40390","1","1","0","01","-","1","1","2","43","14/11/1977","1","07","4","2","6","01","3","5","3","2","999999",1,"1",6443,12985
"00","1021","4","12A203","18","40419","2","1","0","01","-","1","1","1","67","15/12/1953","1","04","3","2","5","08",,,,,,1,"1",6177,18762
"00","1021","4","12A203","18","40419","2","1","0","03","-","1","3","1","25","15/06/1996","1","07","4","1","6","06",,,,,,1,,6177,0
"00","1021","4","12A203","18","40419","3","1","0","02","-","1","2","2","76","31/12/1944","2","00",,"2","5","07",,,,,,1,"1",6177,12508
"00","1021","4","12A203","18","40419","3","1","0","01","-","1","1","1","76","09/12/1944","2","00",,"2","5","08",,,,,,1,,6177,0
"00","1021","4","12A203","18","40419","2","1","0","02","-","1","2","2","62","13/08/1959","1","07","5","2","5","08",,,,,,1,,6177,0
"00","1021","4","12A203","18","40419","4","1","0","01","-","1","1","1","52","15/06/1969","1","02","3","2","5","01","5","5","3","1","001500",1,,6177,0
"00","1021","4","12A203","18","40419","4","1","0","03","-","1","3","1","22","22/05/1999","1","04","3","2","6","01","5","5","3","2","002500",1,,6177,0
"00","1021","4","12A203","18","40419","1","1","1","01","-","1","1","2","56","28/05/1965","1","02","3","2","6","04",,,,,,1,"1",6177,6254
"00","1021","4","12A203","18","40419","4","1","0","02","-","1","2","2","53","01/08/1968","1","03","3","2","5","07",,,,,,1,"1",6177,18762
"00","1021","3","12A204","19","40007","1","1","0","03","-","1","8","2","31","20/07/1990","1","03","1","2","6","01","5","5","2","1","999999",1,,7546,0
"00","1021","3","12A204","19","40007","1","1","0","02","-","1","2","1","32","17/07/1989","1","07","5","2","1","01","1","5","3","1","999999",1,,7546,0
"00","1021","3","12A204","19","40007","1","1","0","01","-","1","1","2","31","06/02/1990","1","07","5","2","1","01","2","5","3","2","999999",1,"1",7546,22920
"00","1021","3","12A204","19","40007","2","1","0","03","-","1","3","2","21","11/08/2000","1","04","3","2","5","01","4","4","3","1","001500",1,,7546,0
"00","1021","3","12A204","19","40007","2","1","0","04","-","1","3","1","30","24/04/1991","1","04","3","2","6","01","5","5","3","1","001800",1,,7546,0
"00","1021","3","12A204","19","40007","2","1","0","01","-","1","1","1","65","11/08/1956","1","02","6","2","5","01","5","5","2","1","001500",1,,7546,0
"00","1021","3","12A204","19","40007","4","1","0","02","-","1","2","2","56","10/12/1964","1","07","5","2","5","08",,,,,,1,,7546,0
"00","1021","3","12A204","19","40007","2","1","0","05","-","1","5","2","07","01/01/2014","1","02","1","1",,,,,,,,1,,7546,0
"00","1021","3","12A204","19","40007","2","1","0","06","-","1","5","1","04","17/07/2017",,,,,,,,,,,,1,,7546,0
"00","1021","3","12A204","19","40007","3","1","0","01","-","1","1","2","51","11/05/1970","1","07","6","2","3","01","1","5","3","3","009200",1,"1",7546,7640
"00","1021","3","12A204","19","40007","4","1","0","01","-","1","1","1","58","18/09/1963","1","07","2","2","5","01","7","3","1","1","010000",1,"1",7546,22920
"00","1021","3","12A204","19","40007","4","1","0","03","-","1","3","1","24","06/06/1997","1","06","2","2","6","04",,,,,,1,,7546,0
"00","1021","3","12A204","19","40007","2","1","0","02","-","1","2","2","64","11/08/1957","1","05","6","2","5","01","5","5","3","2","002000",1,"1",7546,30560
"00","1021","7","12A198","19","40012","3","1","0","02","-","1","2","2","58","26/07/1963","1","06","3","2","5","07",,,,,,1,"1",10702,21594
"00","1021","7","12A198","19","40012","3","1","0","03","-","1","3","2","32","30/12/1988","1","07","5","1","6","01","1","4","3","2","999999",1,,10702,0
"00","1021","5","12A198","19","40012","2","1","0","05","-","2",,,,,,,,,,,,,,,,1,,0,0
"00","1021","7","12A198","19","40012","2","1","0","06","-","1","5","2","00","23/11/2020",,,,,,,,,,,,1,,10702,0
"00","1021","7","12A198","19","40012","2","1","0","03","-","1","4","2","88","08/08/1933","1","02","6","2","4","07",,,,,,1,"1",10702,43187
"00","1021","7","12A198","19","40012","2","1","0","02","-","1","2","2","58","16/02/1963","1","03","3","2","5","01","5","7","3","2","999999",1,,10702,0
"00","1021","7","12A198","19","40012","2","1","0","01","-","1","1","1","58","19/12/1962","1","06","3","2","5","08",,,,,,1,,10702,0
"00","1021","7","12A198","19","40012","2","1","0","04","-","1","3","1","23","16/01/1998","1","06","3","2","6","01","1","5","3","1","999999",1,,10702,0
"00","1021","7","12A198","19","40012","1","1","0","04","-","1","3","1","11","10/06/2010","1","02","4","1",,,,,,,,1,,10702,0
"00","1021","7","12A198","19","40012","1","1","0","03","-","1","3","1","11","10/06/2010","1","02","4","1",,,,,,,,1,,10702,0
"00","1021","7","12A198","19","40012","1","1","0","02","-","1","2","2","48","06/04/1973","1","06","3","2","5","01","3","6","3","2","999999",1,"1",10702,21594
"00","1021","7","12A198","19","40012","1","1","0","01","-","1","1","1","48","24/02/1973","1","07","2","2","5","01","4","4","2","1","999999",1,,10702,0
"00","1021","7","12A198","19","40012","4","1","0","02","-","1","2","2","57","02/02/1964","1","07","5","2","5","01","1","5","3","2","005000",1,"1",10702,53984
"00","1021","7","12A198","19","40012","4","1","0","05","-","1","3","2","23","31/12/1997","1","07","4","1","6","06",,,,,,1,,10702,0
"00","1021","7","12A198","19","40012","4","1","0","01","-","1","1","1","59","03/06/1962","1","07","5","2","5","01","1","7","3","2","006000",1,,10702,0
"00","1021","7","12A198","19","40012","4","1","0","04","-","1","3","1","29","07/09/1992","1","07","5","2","6","01","1","5","2","1","999999",1,,10702,0
"00","1021","7","12A198","19","40012","4","1","0","03","-","1","3","1","30","28/04/1991","1","08","2","2","6","01","1","2","3","2","999999",1,,10702,0
"00","1021","5","12A198","19","40012","3","1","0","01","-","2",,,,,,,,,,,,,,,,1,,0,0
"00","1021","7","12A198","19","40013","4","1","0","02","-","1","6","2","54","05/10/1966","1","03","3","2","6","08",,,,,,1,"1",7844,39712
"00","1021","7","12A198","19","40013","4","1","0","04","-","1","6","2","94","19/05/1927","1","02","3","2","4","10",,,,,,1,,7844,0
"00","1021","6","12A198","19","40013","2","1","0","01","-","2",,,,,,,,,,,,,,,,1,,0,0
"00","1021","7","12A198","19","40013","3","1","0","01","-","1","1","2","85","04/07/1936","1","02","3","2","3","07",,,,,,1,,7844,0
"00","1021","7","12A198","19","40013","3","1","0","02","-","1","3","2","45","09/10/1975","1","04","3","2","6","01","3","5","3","2","004500",1,,7844,0
"00","1021","7","12A198","19","40013","3","1","0","03","-","1","5","2","22","25/02/1999","1","07","4","2","6","01","4","4","2","1","000900",1,"1",7844,23827
"00","1021","7","12A198","19","40013","2","1","0","02","-","1","3","2","68","12/03/1953","1","02","6","2","4","07",,,,,,1,"1",7844,7942
"00","1021","7","12A198","19","40013","4","1","0","05","-","1","7","1","18","28/11/2002","1","04","2","1","6","06",,,,,,1,,7844,0
"00","1021","7","12A198","19","40013","4","1","0","03","-","1","6","2","49","12/07/1972","1","06","3","2","4","07",,,,,,1,,7844,0
"00","1021","7","12A198","19","40013","4","1","0","01","-","1","1","1","65","05/01/1956","1","02","6","2","6","08",,,,,,1,,7844,0
"00","1021","7","12A198","19","40013","1","1","0","01","-","1","1","1","41","21/06/1980","1","02","6","2","5","01","7","5","3","1","003600",1,"1",7844,15885
"00","1021","7","12A198","19","40013","1","1","0","02","-","1","2","2","43","23/01/1978","1","03","3","2","5","07",,,,,,1,,7844,0
"00","1021","7","12A198","19","40013","1","1","0","03","-","1","3","1","15","21/03/2006","1","03","3","1","6","06",,,,,,1,,7844,0
"00","1021","7","12A198","19","40013","1","1","0","04","-","1","3","2","08","29/08/2013","2","01","3","1",,,,,,,,1,,7844,0
"00","1021","7","11A198","19","40014","1","1","0","01","-","1","1","1","64","12/08/1957","1","02","5","2","5","08",,,,,,1,,7376,0
"00","1021","7","11A198","19","40014","2","1","0","05","-","1","3","2","16","04/10/2005","1","03","3","1","6","06",,,,,,1,,7376,0
"00","1021","7","11A198","19","40014","1","1","0","02","-","1","2","2","62","20/09/1959","1","02","6","2","5","08",,,,,,1,"1",7376,29728
"00","1021","7","11A198","19","40014","1","1","0","04","-","1","3","1","28","03/09/1993","1","02","6","2","6","10",,,,,,1,,7376,0
"00","1021","7","11A198","19","40014","3","1","0","03","-","1","3","2","22","02/10/1999","1","07","3","2","6","01","5","5","2","3","007000",1,"1",7376,22296
"00","1021","7","11A198","19","40014","3","1","0","02","-","1","2","2","56","02/10/1965","1","02","6","2","5","07",,,,,,1,,7376,0
"00","1021","7","11A198","19","40014","3","1","0","01","-","1","1","1","53","02/10/1968","1","02","5","2","5","01","7","3","2","1","999999",1,,7376,0
"00","1021","7","11A198","19","40014","1","1","0","03","-","1","3","1","35","30/06/1986","1","04","2","2","6","01","7","2","3","1","001300",1,,7376,0
"00","1021","4","11A198","19","40014","2","1","0","03","-","2",,,,,,,,,,,,,,,,1,,0,0
"00","1021","4","11A198","19","40014","2","1","0","01","-","2",,,,,,,,,,,,,,,,1,,0,0
"00","1021","7","11A198","19","40014","2","1","0","06","-","1","2","1","50","29/06/1971","1","03","3","2","5","01","5","7","3","2","006000",1,,7376,0
"00","1021","7","11A198","19","40014","2","1","0","09","-","1","5","1","03","29/07/2018",,,,,,,,,,,,1,,7376,0
"00","1021","7","11A198","19","40014","2","1","0","07","-","1","3","2","23","04/08/1998","1","04","1","2","2","01","4","5","3","1","001200",1,,7376,0
"00","1021","7","11A198","19","40014","2","1","0","10","-","1","5","2","02","29/07/2019",,,,,,,,,,,,1,,7376,0
"00","1021","7","11A198","19","40014","2","1","0","08","-","1","3","1","21","21/02/2000","1","03","3","2","6","01","7","2","3","1","001300",1,,7376,0
"00","1021","7","11A198","19","40014","2","1","0","02","-","1","2","2","50","04/10/1971","1","03","3","2","5","07",,,,,,1,"1",7376,29728
"00","1021","4","11A198","19","40014","2","1","0","04","-","2",,,,,,,,,,,,,,,,1,,0,0
"00","1021","3","11A204","19","40048","1","1","0","03","-","2",,,,,,,,,,,,,,,,1,,0,0
"00","1021","3","11A204","19","40048","1","1","0","02","-","1","3","2","47","13/06/1974","1","04","3","2","4","01","4","4","2","1","001500",1,"1",7834,23683
"00","1021","3","11A204","19","40048","1","1","0","01","-","1","1","2","67","14/07/1954","1","02","6","2","4","07",,,,,,1,,7834,0
"00","1021","3","11A204","19","40048","4","1","0","01","-","1","1","1","82","27/03/1939","1","02","6","2","4","01","4","4","2","1","999999",1,"1",7834,7894
"00","1021","3","11A204","19","40048","1","1","0","05","-","1","5","1","29","09/01/1992","1","03","3","2","2","03","4","4","2","1","001500",1,,7834,0
"00","1021","3","11A204","19","40048","2","1","0","02","-","1","8","1","86","23/05/1935","1","04","2","2","4","08",,,,,,1,,7834,0
"00","1021","3","11A204","19","40048","2","1","0","01","-","1","1","2","77","02/03/1944","1","02","6","2","4","08",,,,,,1,"1",7834,15788
"00","1021","3","11A204","19","40048","1","1","0","04","-","2",,,,,,,,,,,,,,,,1,,0,0
"15","1021","3","12A204","19","40050","3","1","0","02","-","1","6","1","64","15/11/1956","1","02","6","2","6","08",,,,,,1,,7303,0
"00","1021","3","12A204","19","40050","2","1","0","01","-","1","1","1","45","11/02/1976","1","03","3","2","1","01","7","2","3","1","002500",1,,7303,0
"00","1021","3","12A204","19","40050","4","1","0","04","-","1","5","1","11","25/11/2009","1","02","6","1",,,,,,,,1,,7303,0
"00","1021","3","12A204","19","40050","4","1","0","01","-","1","1","2","59","26/09/1962","1","03","3","2","2","01","4","4","2","1","999999",1,,7303,0
"00","1021","3","12A204","19","40050","4","1","0","05","-","1","5","1","04","10/01/2017",,,,,,,,,,,,1,,7303,0
"00","1021","3","12A204","19","40050","4","1","0","02","-","1","3","2","32","25/07/1989","1","04","2","2","5","01","4","4","2","1","999999",1,"1",7303,22181
"00","1021","3","12A204","19","40050","4","1","0","03","-","1","5","1","28","25/07/1993","1","04","1","2","5","01","4","4","2","1","999999",1,,7303,0
"15","1021","3","12A204","19","40050","3","1","0","01","-","1","1","2","73","17/02/1948","1","02","6","2","4","01","4","4","2","1","000200",1,,7303,0
"00","1021","3","12A204","19","40050","2","1","0","02","-","1","2","2","46","06/01/1975","1","07","4","2","1","01","1","5","3","2","006200",1,"1",7303,14787
"00","1021","3","12A204","19","40050","2","1","0","03","-","1","3","1","11","08/09/2010","1","02","5","1",,,,,,,,1,,7303,0
"00","1021","3","12A204","19","40053","4","1","1","01","-","1","1","2","66","05/05/1955","1","03","3","2","4","07",,,,,,1,"1",7374,7466
"00","1021","3","12A204","19","40053","1","1","0","01","-","1","1","2","50","12/12/1970","1","03","2","2","6","01","5","5","3","1","001200",1,,7374,0
"00","1021","3","12A204","19","40053","1","1","0","02","-","1","3","1","26","10/03/1995","1","03","2","2","6","01","4","4","3","1","999999",1,"1",7374,14933
"00","1021","3","12A204","19","40053","4","1","1","02","-","1","5","2","13","08/07/2008","1","02","6","2","6","07",,,,,,1,,7374,0
"00","1021","3","12A204","19","40053","3","1","0","01","-","1","1","2","76","19/05/1945","1","02","6","2","4","07",,,,,,1,,7374,0
"00","1021","3","12A204","19","40053","3","1","0","02","-","1","5","2","22","13/08/1999","1","06","3","2","6","01","5","5","3","1","001300",1,"1",7374,14933
"00","1021","7","11A198","19","40061","3","1","0","01","-","1","1","1","45","04/10/1976","1","03","3","2","5","01","5","2","3","1","999999",1,,5400,0
"00","1021","7","11A198","19","40061","3","1","0","03","-","1","3","1","20","02/10/2001","1","04","3","2","6","01","1","6","3","1","002000",1,"1",5400,16323
"00","1021","7","11A198","19","40061","3","1","0","02","-","1","2","2","43","04/10/1978","1","03","3","2","5","07",,,,,,1,,5400,0
"00","1021","7","11A198","19","40061","3","1","0","04","-","1","3","1","12","04/10/2009","1","02","4","1","6","06",,,,,,1,,5400,0
"00","1021","7","11A198","19","40061","4","1","0","03","-","1","3","2","15","22/09/2006","1","03","2","1","6","06",,,,,,1,,5400,0
"00","1021","7","11A198","19","40061","4","1","0","02","-","1","2","2","38","21/01/1983","1","04","3","2","5","07",,,,,,1,,5400,0
"00","1021","7","11A198","19","40061","4","1","0","05","-","1","3","1","05","09/02/2016","2","01","1","1",,,,,,,,1,,5400,0
"00","1021","7","11A198","19","40061","4","1","0","04","-","1","3","2","11","11/06/2010","1","02","4","1",,,,,,,,1,,5400,0
"00","1021","7","11A198","19","40061","4","1","0","01","-","1","1","1","38","07/02/1983","1","07","4","2","5","01","5","5","3","2","005000",1,"1",5400,10882
"00","1021","7","11A198","19","40061","2","1","0","03","-","1","3","2","20","23/09/2001","1","04","2","2","6","01","7","2","3","1","001800",1,,5400,0
"00","1021","7","11A198","19","40061","2","1","0","05","-","1","3","1","02","26/12/2018",,,,,,,,,,,,1,,5400,0
"00","1021","7","11A198","19","40061","2","1","0","01","-","1","1","1","38","24/12/1982","1","03","3","2","5","01","7","2","3","1","999999",1,,5400,0
"00","1021","7","11A198","19","40061","2","1","0","04","-","1","3","1","13","26/09/2008","1","02","6","1","6","06",,,,,,1,,5400,0
"00","1021","7","11A198","19","40061","2","1","0","02","-","1","2","2","38","06/07/1983","1","03","3","2","5","07",,,,,,1,"1",5400,16323
"00","1021","7","11A198","19","40061","1","1","1","02","-","1","2","2","19","28/07/2002","1","03","3","2","1","07",,,,,,1,"1",5400,10882
"00","1021","7","11A198","19","40061","1","1","1","01","-","1","1","1","22","15/09/1999","1","03","3","2","1","01","4","4","3","1","001500",1,,5400,0
"00","1021","7","11A198","19","40061","1","1","1","03","-","1","3","2","01","04/04/2020",,,,,,,,,,,,1,,5400,0
"00","1021","7","12A198","19","40063","1","1","0","01","-","1","1","2","41","30/06/1980","1","07","4","2","5","01","5","5","3","2","999999",1,"1",9852,19949
"00","1021","7","12A198","19","40063","2","1","0","04","-","1","3","1","07","27/10/2013","1","01","3","1",,,,,,,,1,,9852,0
"00","1021","7","12A198","19","40063","2","1","0","01","-","1","1","1","31","04/01/1990","1","03","3","2","5","01","5","5","3","1","002000",1,"1",9852,29923
"00","1021","7","12A198","19","40063","2","1","0","03","-","1","7","1","27","09/02/1994","1","04","2","1","6","06",,,,,,1,,9852,0
"00","1021","7","12A198","19","40063","2","1","0","02","-","1","2","2","30","27/08/1991","1","03","2","2","5","01","5","5","3","1","001500",1,,9852,0
"00","1021","7","12A198","19","40063","3","1","0","01","-","1","1","2","64","18/05/1957","2","02","6","2","5","07",,,,,,1,"1",9852,29923
"00","1021","7","12A198","19","40063","3","1","0","03","-","1","3","1","33","21/08/1988","1","04","1","2","3","01","5","5","3","2","999999",1,,9852,0
"00","1021","7","12A198","19","40063","3","1","0","02","-","1","2","1","54","26/01/1967","2","04","2","2","5","01","5","5","3","2","009000",1,,9852,0
"00","1021","7","12A198","19","40063","4","1","0","01","-","1","1","2","27","23/10/1993","1","07","4","2","6","01","3","4","3","2","012000",1,"1",9852,9974
"00","1021","7","12A198","19","40063","1","1","0","02","-","1","2","1","52","04/08/1969","2","07","4","2","5","01","5","5","3","2","999999",1,,9852,0
"00","1021","7","12A198","19","40065","4","1","1","01","-","1","1","1","45","03/12/1975","1","04","2","2","2","01","5","5","2","1","999999",1,"1",8131,16465
"00","1021","7","12A198","19","40065","1","1","0","01","-","1","1","1","73","22/09/1948","1","03","3","2","4","08",,,,,,1,"1",8131,24697
"00","1021","7","12A198","19","40065","1","1","0","04","-","1","4","1","12","09/08/2009","1","02","6","1","6","06",,,,,,1,,8131,0
"00","1021","7","12A198","19","40065","1","1","0","03","-","1","4","1","25","15/12/1995","1","07","3","2","6","01","3","5","3","2","999999",1,,8131,0
"00","1021","7","12A198","19","40065","1","1","0","02","-","1","3","2","50","02/08/1971","1","07","6","2","3","08",,,,,,1,,8131,0
"00","1021","7","12A198","19","40065","4","1","1","04","-","1","3","2","06","03/08/2015","2","01","3","1",,,,,,,,1,,8131,0
"00","1021","7","12A198","19","40065","2","1","0","02","-","1","2","2","64","26/02/1957","1","06","3","2","5","01","5","5","2","1","000800",1,"1",8131,16465
"00","1021","7","12A198","19","40065","2","1","0","01","-","1","1","1","63","06/05/1958","1","07","5","2","5","01","5","5","3","1","999999",1,,8131,0
"00","1021","7","12A198","19","40065","4","1","1","03","-","1","3","2","08","09/10/2013","2","02","2","1",,,,,,,,1,,8131,0
"00","1021","7","12A198","19","40065","4","1","1","02","-","1","2","2","27","15/12/1993","1","03","3","2","1","07",,,,,,1,,8131,0
"00","1021","3","11A204","19","40098","1","1","0","01","-","1","1","1","53","16/06/1968","1","04","1","2","5","01","7","2","3","1","002200",1,,7849,0
"00","1021","3","11A204","19","40098","4","1","0","03","-","1","7","1","21","27/02/2000","2","02","6","2","6","09",,,,,,1,,7849,0
"00","1021","3","11A204","19","40098","4","1","0","02","-","1","7","1","26","11/06/1995","1","04","3","2","6","01","7","2","3","1","999999",1,"1",7849,31637
"00","1021","3","11A204","19","40098","4","1","0","01","-","1","1","1","56","23/03/1965","1","03","3","2","6","01","5","5","3","1","999999",1,,7849,0
"00","1021","3","11A204","19","40098","4","1","0","04","-","1","7","1","19","29/08/2002","1","03","3","2","6","07",,,,,,1,,7849,0
"00","1021","3","11A204","19","40098","1","1","0","03","-","1","3","1","25","11/01/1996","1","02","6","2","6","09",,,,,,1,,7849,0
"00","1021","3","11A204","19","40098","1","1","0","02","-","1","2","2","53","09/08/1968","1","06","3","2","5","07",,,,,,1,"1",7849,23728
"00","1021","6","12B191","19","40103","2","1","0","04","-","1","3","2","24","07/08/1997","1","04","2","1","6","01","5","5","3","1","001000",1,"1",6967,28217
"00","1021","6","12B191","19","40103","4","1","0","02","-","1","2","2","53","01/08/1968","1","06","1","2","5","01","5","5","2","1","999999",1,"1",6967,14109
"00","1021","6","12B191","19","40103","2","1","0","03","-","1","3","1","29","21/02/1992","2","00",,"2","6","09",,,,,,1,,6967,0
"00","1021","6","12B191","19","40103","1","1","0","03","-","1","3","2","36","30/06/1985","1","07","5","2","6","01","4","6","3","2","999999",1,,6967,0
"00","1021","6","12B191","19","40103","1","1","0","01","-","1","1","1","58","14/07/1963","1","06","3","2","5","01","5","5","3","2","002500",1,,6967,0
"00","1021","6","12B191","19","40103","2","1","0","01","-","1","1","1","65","01/05/1956","1","03","3","2","5","08",,,,,,1,,6967,0
"00","1021","6","12B191","19","40103","4","1","0","03","-","2",,,,,,,,,,,,,,,,1,,0,0
"00","1021","6","12B191","19","40103","4","1","0","01","-","1","1","1","52","30/12/1968","1","04","2","2","5","01","5","5","2","1","999999",1,,6967,0
"00","1021","6","12B191","19","40103","2","1","0","02","-","1","2","2","60","24/01/1961","1","06","2","2","5","01","5","5","2","1","999999",1,,6967,0
"00","1021","5","12B191","19","40103","3","1","0","03","-","2",,,,,,,,,,,,,,,,1,,0,0
"00","1021","6","12B191","19","40103","3","1","0","02","-","1","3","1","23","27/03/1998","1","04","3","2","6","01","3","5","3","2","002800",1,,6967,0
"00","1021","6","12B191","19","40103","3","1","0","01","-","1","1","2","48","21/08/1973","1","04","2","2","5","07",,,,,,1,"1",6967,14109
"00","1021","6","12B191","19","40103","1","1","0","02","-","1","2","2","60","11/04/1961","1","03","3","2","5","01","3","4","3","1","000900",1,"1",6967,21163
"00","1021","6","12B191","19","40103","1","1","0","04","-","1","3","2","14","30/06/2007","1","03","1","1","6","06",,,,,,1,,6967,0
"00","1021","6","13B191","19","40104","4","1","0","02","-","1","3","1","14","21/01/2007","1","03","1","1","6","06",,,,,,1,,10535,0
"00","1021","6","13B191","19","40104","3","1","0","01","-","1","1","1","59","26/06/1962","1","08","2","2","1","01","1","5","3","2","040000",1,"1",10535,21256
"00","1021","6","13B191","19","40104","1","1","0","01","-","1","1","1","80","03/07/1941","1","08","2","2","4","08",,,,,,1,"1",10535,10628
"00","1021","6","13B191","19","40104","4","1","0","01","-","1","1","2","32","04/05/1989","1","03","3","2","2","01","5","5","2","1","001500",1,"1",10535,10628
"00","1021","6","13B191","19","40104","2","1","0","04","-","1","3","1","09","16/08/2012","1","02","1","1",,,,,,,,1,,10535,0
"00","1021","6","13B191","19","40104","2","1","0","02","-","1","2","2","45","06/01/1976","1","07","5","2","5","07",,,,,,1,,10535,0
"00","1021","6","13B191","19","40104","2","1","0","03","-","1","3","1","12","26/03/2009","1","02","4","1","6","06",,,,,,1,,10535,0
"00","1021","6","13B191","19","40104","2","1","0","05","-","1","9","2","25","20/01/1996","1","03","3","2","6","01","5","9","3","1","999999",1,,10535,0
"00","1021","6","13B191","19","40104","2","1","0","01","-","1","1","1","46","28/03/1975","1","07","4","2","5","01","1","5","2","1","999999",1,"1",10535,31884
"00","1021","6","13B191","19","40104","3","1","0","02","-","1","2","1","34","20/05/1987","1","07","5","2","1","01","1","5","3","2","015000",1,,10535,0
"00","1021","7","13A198","19","40109","3","1","0","04","-","1","3","2","01","16/10/2019",,,,,,,,,,,,1,,8947,0
"00","1021","5","13A198","19","40109","4","1","0","02","-","2",,,,,,,,,,,,,,,,1,,0,0
"00","1021","7","13A198","19","40109","4","1","0","04","-","1","3","1","17","25/11/2003","1","04","3","1","6","06",,,,,,1,,8947,0
"00","1021","7","13A198","19","40109","4","1","0","01","-","1","1","2","44","24/03/1977","1","07","5","2","3","01","1","5","1","3","020000",1,"1",8947,18054
"00","1021","7","13A198","19","40109","4","1","0","05","-","1","3","2","15","03/11/2005","1","03","3","1","6","06",,,,,,1,,8947,0
"00","1021","7","13A198","19","40109","4","1","0","03","-","1","3","1","18","07/10/2003","1","04","3","1","6","06",,,,,,1,,8947,0
"00","1021","7","13A198","19","40109","2","1","0","01","-","1","1","1","78","05/10/1943","1","03","2","2","2","08",,,,,,1,"1",8947,9027
"00","1021","7","13A198","19","40109","1","1","0","03","-","1","3","1","22","17/09/1999","1","07","4","1","6","01","1","5","3","1","002000",1,"1",8947,27081
"00","1021","7","13A198","19","40109","1","1","0","01","-","1","1","1","57","14/06/1964","1","04","1","2","5","01","1","5","2","1","999999",1,,8947,0
"00","1021","7","13A198","19","40109","1","1","0","02","-","1","2","2","55","17/06/1966","1","04","3","2","5","07",,,,,,1,,8947,0
"00","1021","7","13A198","19","40109","3","1","0","03","-","1","3","2","08","13/03/2013","1","02","1","1",,,,,,,,1,,8947,0
"00","1021","7","13A198","19","40109","3","1","0","01","-","1","1","1","42","16/02/1979","1","07","5","2","5","08",,,,,,1,,8947,0
"00","1021","7","13A198","19","40109","3","1","0","02","-","1","2","2","36","22/02/1985","1","07","5","2","5","01","1","4","3","2","015000",1,"1",8947,18054
"00","1021","6","12B191","19","40111","1","1","0","01","-","1","1","2","58","26/12/1962","1","02","6","2","2","07",,,,,,1,"1",8139,8240
"00","1021","6","12B191","19","40111","2","1","0","02","-","1","2","1","49","12/04/1972","1","06","3","2","5","01","4","4","2","1","999999",1,,8139,0
"00","1021","6","12B191","19","40111","2","1","0","01","-","1","1","2","48","06/02/1973","1","06","3","2","5","01","4","4","2","1","999999",1,"1",8139,24720
"00","1021","6","12B191","19","40111","2","1","0","03","-","1","3","1","20","07/12/2000","1","04","2","1","6","01","7","2","3","1","999999",1,,8139,0
"00","1021","6","12B191","19","40111","2","1","0","04","-","2",,,,,,,,,,,,,,,,1,,0,0
"00","1021","6","12B191","19","40111","4","1","0","03","-","1","3","2","37","26/06/1984","1","07","5","2","6","01","3","3","3","2","999999",1,"1",8139,32961
"00","1021","6","12B191","19","40111","4","1","0","01","-","1","1","1","63","07/04/1958","1","04","2","2","5","08",,,,,,1,,8139,0
"00","1021","6","12B191","19","40111","4","1","0","02","-","1","3","1","33","07/08/1988","1","06","3","2","6","01","5","2","3","1","002500",1,,8139,0
"00","1021","6","12B191","19","40111","4","1","0","04","-","1","3","1","25","16/10/1995","1","07","3","1","6","06",,,,,,1,,8139,0
"00","1021","6","12B191","19","40111","3","1","0","01","-","1","1","2","65","03/12/1955","1","07","1","2","2","07",,,,,,1,,8139,0
"00","1021","6","12B191","19","40111","3","1","0","04","-","1","5","2","11","09/12/2009","1","02","6","1",,,,,,,,1,,8139,0
"00","1021","6","12B191","19","40111","3","1","0","02","-","1","3","1","39","21/01/1982","1","04","1","2","2","01","5","6","3","2","999999",1,,8139,0
"00","1021","6","12B191","19","40111","3","1","0","03","-","1","3","2","32","01/11/1988","1","03","3","2","3","01","5","5","3","1","003000",1,"1",8139,24720
"00","1021","6","12B191","19","40111","3","1","0","05","-","1","5","2","10","07/11/2010","1","02","4","1",,,,,,,,1,,8139,0
"00","1021","8","11A197","19","40144","1","1","0","01","-","1","1","2","39","05/01/1982","1","02","6","2","5","07",,,,,,1,,6484,0
"00","1021","8","11A197","19","40144","2","1","0","05","-","1","3","1","21","11/07/2000","1","04","2","1","6","06",,,,,,1,,6484,0
"00","1021","8","11A197","19","40144","2","1","0","03","-","1","3","2","26","11/11/1994","1","07","4","2","6","04",,,,,,1,,6484,0
"00","1021","8","11A197","19","40144","2","1","0","04","-","1","3","1","29","07/09/1992","1","04","2","2","6","01","1","5","3","1","003900",1,,6484,0
"00","1021","8","11A197","19","40144","3","1","0","01","-","1","1","1","57","30/08/1964","1","04","2","2","6","01","5","6","2","1","001500",1,"1",6484,6534
"00","1021","8","11A197","19","40144","4","1","0","01","-","1","1","1","54","24/11/1966","1","03","3","2","6","01","5","5","3","2","003700",1,"1",6484,13067
"00","1021","8","11A197","19","40144","2","1","0","02","-","1","2","2","55","09/01/1966","1","04","2","2","6","01","3","5","3","2","004000",1,"1",6484,32668
"00","1021","8","11A197","19","40144","2","1","0","01","-","1","1","1","60","04/08/1961","1","04","2","2","5","01","7","5","3","1","003000",1,,6484,0
"00","1021","8","11A197","19","40144","1","1","0","03","-","1","3","2","06","01/05/2015","2","01","2","1",,,,,,,,1,,6484,0
"00","1021","8","11A197","19","40144","1","1","0","02","-","1","2","1","39","15/10/1981","1","03","3","2","5","01","7","5","3","1","002100",1,"1",6484,13067
"00","1021","8","11A197","19","40144","4","1","0","02","-","3","8","1","25","30/07/1996","1","03","3","2","6","01","5","5","3","1","001800",1,,6484,0
"00","1021","3","13A204","19","40146","1","1","0","03","-","1","3","2","03","11/01/2018",,,,,,,,,,,,1,,10516,0
"00","1021","3","13A204","19","40146","3","1","0","04","-","1","9","2","17","30/06/2004","1","03","3","2","6","01","5","9","3","1","999999",1,,10516,0
"00","1021","3","13A204","19","40146","3","1","0","01","-","1","1","1","41","30/06/1980","1","08","2","2","5","01","1","3","3","2","999999",1,,10516,0
"00","1021","3","13A204","19","40146","3","1","0","02","-","1","2","2","38","30/06/1983","1","07","4","2","5","01","1","5","3","2","999999",1,"1",10516,21218
"00","1021","3","13A204","19","40146","1","1","0","01","-","1","1","1","39","22/04/1982","1","07","6","2","5","01","1","5","2","1","999999",1,"1",10516,21218
"00","1021","3","13A204","19","40146","2","1","0","01","-","1","1","2","32","13/08/1989","1","08","2","1","6","01","1","5","2","1","999999",1,"1",10516,21218
"00","1021","3","13A204","19","40146","1","1","0","02","-","1","2","2","38","08/01/1983","1","07","6","2","5","01","1","5","2","1","999999",1,,10516,0
"00","1021","3","13A204","19","40146","2","1","0","02","-","1","8","2","26","12/05/1995","1","07","4","1","6","01","1","4","3","1","999999",1,,10516,0
"00","1021","3","13A204","19","40146","3","1","0","03","-","1","3","1","04","30/06/2017",,,,,,,,,,,,1,,10516,0
"00","1021","6","12B191","19","40154","2","1","1","04","-","2",,,,,,,,,,,,,,,,1,,0,0
"00","1021","6","12B191","19","40154","2","1","1","03","-","1","3","1","15","08/08/2006","1","03","3","2","6","07",,,,,,1,,7452,0
"00","1021","6","12B191","19","40154","2","1","1","01","-","1","1","2","52","12/10/1968","1","03","3","2","2","01","4","4","3","1","002000",1,"1",7452,7545
"00","1021","6","12B191","19","40154","4","1","0","02","-","1","3","1","35","12/11/1985","1","07","5","2","3","01","5","5","3","2","999999",1,,7452,0
"00","1021","6","12B191","19","40154","4","1","0","01","-","1","1","2","63","07/02/1958","1","07","5","2","3","08",,,,,,1,"1",7452,15090
"00","1021","6","12B191","19","40154","4","1","0","03","-","1","5","2","11","12/02/2010","1","02","5","1",,,,,,,,1,,7452,0
"00","1021","6","12B191","19","40154","3","1","0","01","-","1","1","1","47","08/05/1974","1","03","3","2","5","01","4","4","1","1","999999",1,,7452,0
"00","1021","6","12B191","19","40154","3","1","0","04","-","1","3","1","18","23/04/2003","1","04","2","2","6","01","2","5","3","2","999999",1,,7452,0
"00","1021","6","12B191","19","40154","3","1","0","03","-","1","3","1","23","20/08/1998","1","03","3","2","6","01","4","4","2","1","999999",1,"1",7452,37725
"00","1021","6","12B191","19","40154","3","1","0","05","-","1","4","1","81","05/08/1940","1","02","6","2","4","08",,,,,,1,,7452,0
"00","1021","6","12B191","19","40154","3","1","0","02","-","1","2","2","48","03/09/1973","1","04","2","2","5","01","4","4","3","1","999999",1,,7452,0
"00","1021","6","12B191","19","40154","2","1","1","02","-","2",,,,,,,,,,,,,,,,1,,0,0
"00","1021","5","12B191","19","40154","1","1","0","01","-","2",,,,,,,,,,,,,,,,1,,0,0
"00","1021","6","12B191","19","40154","1","1","0","03","-","1","3","2","35","10/01/1986","1","08","5","2","6","01","3","2","3","3","011000",1,,7452,0
"00","1021","6","12B191","19","40154","1","1","0","02","-","1","2","2","66","08/05/1955","1","07","4","2","5","07",,,,,,1,"1",7452,15090
"00","1021","8","12A197","19","40190","2","1","0","04","-","1","3","1","03","06/10/2017",,,,,,,,,,,,1,,6936,0
"00","1021","8","12A197","19","40190","1","1","0","03","-","1","3","1","03","26/09/2018",,,,,,,,,,,,1,,6936,0
"00","1021","8","12A197","19","40190","3","1","2","02","-","1","2","2","53","24/08/1968","1","03","3","2","5","01","9","5","3","1","001200",1,"1",6936,28089
"00","1021","8","12A197","19","40190","3","1","2","01","-","1","1","1","47","14/03/1974","1","03","3","2","5","01","7","3","2","1","999999",1,,6936,0
"00","1021","8","12A197","19","40190","3","1","2","04","-","1","3","1","21","24/08/2000","1","07","2","1","6","06",,,,,,1,,6936,0
"00","1021","8","12A197","19","40190","3","1","2","03","-","1","3","2","23","06/05/1998","1","04","3","2","6","01","7","2","3","2","999999",1,,6936,0
"00","1021","8","12A197","19","40190","4","1","1","01","-","1","1","2","20","29/09/2001","1","04","1","2","6","07",,,,,,1,"1",6936,7022
"00","1021","8","12A197","19","40190","4","1","1","03","-","1","3","2","00","22/12/2020",,,,,,,,,,,,1,,6936,0
"00","1021","8","12A197","19","40190","4","1","1","02","-","1","3","1","02","10/06/2019",,,,,,,,,,,,1,,6936,0
"00","1021","8","12A197","19","40190","1","1","0","02","-","1","3","1","10","15/01/2011","1","02","3","1",,,,,,,,1,,6936,0
"00","1021","8","12A197","19","40190","2","1","0","01","-","1","1","1","47","05/05/1974","1","03","3","2","1","01","7","2","3","1","001800",1,"1",6936,21067
"00","1021","8","12A197","19","40190","1","1","0","01","-","1","1","2","37","07/06/1984","1","07","2","2","2","01","4","4","2","1","001000",1,"1",6936,7022
"00","1021","8","12A197","19","40190","2","1","0","02","-","1","2","2","47","09/01/1974","1","03","3","2","1","07",,,,,,1,,6936,0
"00","1021","8","12A197","19","40190","2","1","0","03","-","1","3","2","25","21/04/1996","1","04","3","2","6","01","4","4","3","2","001800",1,,6936,0
"00","1021","3","13A204","19","40191","1","1","0","01","-","1","1","1","47","20/06/1974","1","07","4","2","5","01","3","2","3","1","008000",1,"1",10912,22017
"00","1021","3","13A204","19","40191","4","1","0","04","-","1","3","1","08","19/11/2012","1","02","3","1",,,,,,,,1,,10912,0
"00","1021","3","13A204","19","40191","1","1","0","02","-","1","2","2","46","05/10/1975","1","06","3","2","5","07",,,,,,1,,10912,0
"00","1021","3","13A204","19","40191","1","1","0","04","-","1","3","2","12","09/01/2009","1","02","6","1","6","06",,,,,,1,,10912,0
"00","1021","3","13A204","19","40191","4","1","0","03","-","1","3","2","12","12/02/2009","1","02","6","1","6","06",,,,,,1,,10912,0
"00","1021","3","13A204","19","40191","1","1","0","03","-","1","3","2","16","21/04/2005","1","04","1","1","6","06",,,,,,1,,10912,0
"00","1021","3","13A204","19","40191","4","1","0","02","-","1","2","2","36","03/03/1985","1","06","3","2","5","07",,,,,,1,,10912,0
"00","1021","3","13A204","19","40191","4","1","0","01","-","1","1","1","38","10/08/1983","1","06","3","2","5","01","5","6","2","1","006000",1,"1",10912,22017
"00","1021","3","13A204","19","40191","1","1","0","05","-","1","3","1","07","12/04/2014","1","02","1","1",,,,,,,,1,,10912,0
"00","1021","8","11A197","19","40233","1","1","0","01","-","1","1","2","61","17/01/1960","1","02","6","2","4","07",,,,,,1,"1",7981,16083
"00","1021","6","11A197","19","40233","3","1","0","05","-","2",,,,,,,,,,,,,,,,1,,0,0
"00","1021","6","11A197","19","40233","1","1","0","02","-","2",,,,,,,,,,,,,,,,1,,0,0
"00","1021","2","11A205","19","40233","2","1","0","01","-","1","1","2","55","05/02/1966","1","02","6","2","3","01","7","2","3","1","001400",1,"1",7836,7896
"00","1021","2","11A205","19","40233","3","1","0","01","-","1","1","1","55","07/11/1965","1","02","6","2","1","01","5","5","3","1","001200",1,,7836,0
"00","1021","2","11A205","19","40233","3","1","0","02","-","1","2","2","63","17/02/1958","1","02","6","2","1","07",,,,,,1,"1",7836,15792
"00","1021","2","11A205","19","40233","4","1","0","03","-","1","5","2","33","22/09/1988","1","03","3","2","6","04",,,,,,1,,7836,0
"00","1021","2","11A205","19","40233","4","1","0","01","-","1","1","1","74","11/02/1947","1","03","3","2","4","01","1","5","3","2","005000",1,,7836,0
"00","1021","2","11A205","19","40233","4","1","0","02","-","1","3","2","51","19/04/1970","1","03","3","2","6","07",,,,,,1,"1",7836,31585
"00","1021","2","11A205","19","40233","4","1","0","04","-","1","5","2","29","17/12/1991","1","04","2","2","4","04",,,,,,1,,7836,0
"00","1021","2","11A205","19","40233","4","1","0","06","-","1","5","2","02","11/04/2019",,,,,,,,,,,,1,,7836,0
"00","1021","2","11A205","19","40233","4","1","0","05","-","1","5","1","11","03/10/2010","1","02","5","1",,,,,,,,1,,7836,0
"00","1021","7","11A197","19","40233","2","1","0","04","-","2",,,,,,,,,,,,,,,,1,,0,0
"00","1021","2","11A205","19","40233","1","1","0","04","-","1","3","1","15","16/08/2006","1","03","3","1","6","06",,,,,,1,,7836,0
"00","1021","2","11A205","19","40233","1","1","0","01","-","1","1","1","49","06/02/1972","1","02","6","2","5","01","7","2","3","1","001500",1,"1",7836,23689
"00","1021","2","11A205","19","40233","1","1","0","03","-","1","3","1","21","25/08/2000","1","04","3","2","6","01","7","2","3","1","999999",1,,7836,0
"00","1021","2","11A205","19","40233","1","1","0","02","-","1","2","2","40","20/11/1980","1","03","3","2","5","07",,,,,,1,,7836,0
"00","1021","8","11A197","19","40233","2","1","0","02","-","1","2","2","57","12/11/1963","1","03","3","2","5","01","7","2","3","1","999999",1,"1",7981,24125
"00","1021","8","11A197","19","40233","2","1","0","01","-","1","1","1","59","24/09/1962","1","02","6","2","5","01","7","2","3","1","999999",1,,7981,0
"00","1021","8","11A197","19","40233","2","1","0","06","-","1","5","1","14","22/08/2007","1","03","1","1","6","06",,,,,,1,,7981,0
"00","1021","7","11A197","19","40233","2","1","0","05","-","2",,,,,,,,,,,,,,,,1,,0,0
"00","1021","7","11A197","19","40233","2","1","0","07","-","2",,,,,,,,,,,,,,,,1,,0,0
"00","1021","8","11A197","19","40233","2","1","0","03","-","1","3","2","24","06/01/1997","1","07","3","1","6","06",,,,,,1,,7981,0
"00","1021","8","11A197","19","40233","4","1","0","01","-","1","1","1","61","16/05/1960","1","02","3","2","5","08",,,,,,1,,7981,0
"00","1021","8","11A197","19","40233","4","1","0","04","-","1","5","2","10","13/07/2011","1","02","3","1",,,,,,,,1,,7981,0
"00","1021","8","11A197","19","40233","4","1","0","05","-","1","5","2","09","15/08/2012","1","02","1","1",,,,,,,,1,,7981,0
"00","1021","7","11A197","19","40233","4","1","0","06","-","2",,,,,,,,,,,,,,,,1,,0,0
"00","1021","8","11A197","19","40233","4","1","0","02","-","1","2","2","56","02/10/1965","1","02","6","2","5","01","7","2","3","1","001400",1,,7981,0
"00","1021","8","11A197","19","40233","4","1","0","03","-","1","3","2","28","22/09/1993","1","02","6","2","2","01","7","2","3","1","001300",1,"1",7981,24125
"00","1021","8","11A197","19","40233","3","1","0","02","-","1","3","1","32","12/10/1988","1","03","3","2","2","01","4","4","3","1","001200",1,"1",7981,8042
"00","1021","5","11A197","19","40233","3","1","0","01","-","2",,,,,,,,,,,,,,,,1,,0,0
"00","1021","6","11A197","19","40233","3","1","0","03","-","2",,,,,,,,,,,,,,,,1,,0,0
"00","1021","6","11A197","19","40233","3","1","0","04","-","2",,,,,,,,,,,,,,,,1,,0,0
"00","1021","8","11A197","19","40233","1","1","0","03","-","1","3","1","36","06/07/1985","1","03","3","2","6","01","7","2","3","1","001200",1,,7981,0
"00","1021","8","12A197","19","40234","2","1","0","03","-","1","3","1","15","15/04/2006","1","03","3","1","6","06",,,,,,1,,10702,0
"00","1021","8","12A197","19","40234","2","1","0","02","-","1","2","2","44","07/10/1976","1","07","3","2","5","07",,,,,,1,"1",10702,21594
"00","1021","8","12A197","19","40234","2","1","0","01","-","1","1","1","48","06/11/1972","1","07","5","2","5","01","1","5","3","3","030000",1,,10702,0
"00","1021","8","12A197","19","40234","2","1","0","04","-","1","3","2","13","26/04/2008","1","03","1","1","6","06",,,,,,1,,10702,0
"00","1021","8","12A197","19","40234","1","1","0","01","-","1","1","2","69","26/01/1952","1","06","1","2","4","07",,,,,,1,"1",10702,21594
"00","1021","8","12A197","19","40234","1","1","0","03","-","1","3","1","35","30/06/1986","1","99",,"2","6","04",,,,,,1,,10702,0
"00","1021","5","12A197","19","40234","1","1","0","02","-","2",,,,,,,,,,,,,,,,1,,0,0
"00","1021","8","12A197","19","40234","3","1","1","01","-","1","1","1","56","14/08/1965","2","07","5","2","5","01","1","5","3","3","036000",1,,10702,0
"00","1021","8","12A197","19","40234","3","1","1","02","-","1","2","2","55","18/07/1966","1","07","5","2","5","07",,,,,,1,,10702,0
"00","1021","8","12A197","19","40234","3","1","1","03","-","1","3","1","21","21/12/1999","1","07","3","2","6","01","1","5","3","3","019000",1,"1",10702,32391
"00","1021","2","12A205","19","40235","3","1","0","02","-","1","2","2","45","25/04/1976","1","03","3","2","5","01","5","9","4","1","001400",1,,7924,0
"00","1021","2","12A205","19","40235","3","1","0","04","-","1","3","1","23","21/07/1998","1","03","3","2","6","01","5","4","3","1","002000",1,,7924,0
"00","1021","2","12A205","19","40235","1","1","0","01","-","1","1","1","54","09/03/1967","1","03","3","2","4","01","7","2","3","1","002500",1,"1",7924,8023
"00","1021","2","12A205","19","40235","2","1","0","03","-","1","3","2","47","26/06/1974","1","03","3","1","6","01","4","4","3","1","001225",1,,7924,0
"00","1021","2","12A205","19","40235","4","1","0","01","-","1","1","2","49","10/04/1972","1","06","3","2","6","01","3","7","3","2","999999",1,"1",7924,8023
"00","1021","2","12A205","19","40235","3","1","0","03","-","1","4","2","83","19/02/1938","1","02","2","2","4","07",,,,,,1,"1",7924,32090
"00","1021","2","12A205","19","40235","2","1","0","02","-","1","3","1","35","22/10/1985","1","03","3","2","6","01","7","2","3","1","001800",1,"1",7924,24068
"00","1021","2","12A205","19","40235","2","1","0","01","-","1","1","2","75","22/05/1946","1","02","1","2","2","07",,,,,,1,,7924,0
"00","1021","2","12A205","19","40235","3","1","0","01","-","1","1","1","48","03/08/1973","1","03","3","2","5","01","4","4","2","1","005000",1,,7924,0
"00","1021","2","12A205","19","40235","3","1","0","05","-","1","3","1","13","07/03/2008","1","03","1","1","6","06",,,,,,1,,7924,0
"00","1021","2","12A205","19","40235","4","1","0","02","-","1","3","2","07","01/08/2014","1","02","1","1",,,,,,,,1,,7924,0
"00","1021","8","12A197","19","40238","1","1","0","02","-","1","2","2","37","06/12/1983","1","04","3","2","5","07",,,,,,1,,10451,0
"00","1021","8","12A197","19","40238","1","1","0","03","-","1","3","2","15","15/02/2006","1","03","2","1","6","06",,,,,,1,,10451,0
"00","1021","8","12A197","19","40238","1","1","0","01","-","1","1","1","41","30/11/1979","1","07","5","2","5","01","1","3","1","1","999999",1,"1",10451,42175
"00","1021","8","12A197","19","40238","1","1","0","07","-","1","3","1","07","17/10/2013","1","02","1","1",,,,,,,,1,,10451,0
"00","1021","8","12A197","19","40238","1","1","0","05","-","1","3","2","11","06/11/2009","1","02","4","1",,,,,,,,1,,10451,0
"00","1021","8","12A197","19","40238","1","1","0","04","-","1","3","2","20","15/09/2001","1","07","1","1","6","06",,,,,,1,,10451,0
"00","1021","8","12A197","19","40238","1","1","0","08","-","1","9","2","98",,"1","99",,"2","9","01","5","9","3","1","002500",1,,10451,0
"00","1021","8","12A197","19","40238","4","1","0","01","-","1","1","2","32","20/10/1988","1","07","5","2","6","01","1","5","3","2","010000",1,"1",10451,10544
"00","1021","5","12A197","19","40238","2","1","0","03","-","2",,,,,,,,,,,,,,,,1,,0,0
"00","1021","8","12A197","19","40238","2","1","0","01","-","1","1","1","64","06/12/1956","1","04","2","2","5","01","4","4","1","1","999999",1,,10451,0
"00","1021","8","12A197","19","40238","2","1","0","02","-","1","2","2","57","28/08/1964","1","07","4","2","5","01","1","5","3","2","999999",1,"1",10451,21088
"00","1021","8","12A197","19","40238","1","1","0","06","-","1","3","1","10","02/09/2011","1","02","3","1",,,,,,,,1,,10451,0
"00","1021","8","12A197","19","40238","3","1","0","01","-","1","1","1","68","30/06/1953","1","07","5","2","5","08",,,,,,1,,10451,0
"00","1021","8","12A197","19","40238","3","1","0","02","-","1","2","2","66","30/06/1955","1","07","5","2","5","07",,,,,,1,"1",10451,21088
"00","1021","8","11A197","19","40240","2","1","0","02","-","1","3","2","57","11/05/1964","1","06","2","2","6","07",,,,,,1,,7479,0
"00","1021","8","11A197","19","40240","2","1","0","01","-","1","1","2","87","20/05/1934","1","02","4","2","4","08",,,,,,1,"1",7479,15144
"00","1021","8","11A197","19","40240","3","1","2","01","-","1","1","2","50","15/02/1971","1","03","3","2","3","01","4","4","2","3","002000",1,"1",7479,7572
"00","1021","8","11A197","19","40240","3","1","2","02","-","1","3","2","15","06/11/2005","1","03","3","1","6","06",,,,,,1,,7479,0
"00","1021","8","11A197","19","40240","3","1","2","03","-","1","3","2","14","05/12/2006","1","03","3","1","6","06",,,,,,1,,7479,0
"00","1021","8","11A197","19","40240","4","1","0","01","-","1","1","1","81","08/05/1940","1","02","3","2","5","08",,,,,,1,,7479,0
"00","1021","8","11A197","19","40240","4","1","0","02","-","1","2","2","77","11/07/1944","1","02","6","2","5","07",,,,,,1,"1",7479,22716
"00","1021","5","11A197","19","40240","1","1","1","03","-","2",,,,,,,,,,,,,,,,1,,0,0
"00","1021","8","11A197","19","40240","1","1","1","02","-","1","2","2","49","11/05/1972","1","03","3","2","5","07",,,,,,1,,7479,0
"00","1021","8","11A197","19","40240","4","1","0","03","-","1","3","2","51","28/06/1970","1","02","6","2","6","09",,,,,,1,,7479,0
"00","1021","8","11A197","19","40240","1","1","1","01","-","1","1","1","48","24/06/1973","1","03","3","2","5","01","5","6","2","1","001500",1,"1",7479,15144
"00","1021","6","12B191","19","40247","2","1","1","01","-","1","1","1","31","27/09/1990","1","08","7","1","5","01","5","5","3","2","999999",1,,12027,0
"00","1021","6","12B191","19","40247","2","1","1","02","-","1","2","2","29","04/10/1992","1","08","4","2","5","01","5","5","3","3","999999",1,"1",12027,24267
"00","1021","6","12B191","19","40247","3","1","0","01","-","1","1","2","27","22/08/1994","1","07","5","2","6","01","1","2","3","2","999999",1,"1",12027,12134
"00","1021","3","11A204","19","40276","2","1","0","02","-","1","2","2","44","21/02/1977","1","04","2","2","5","07",,,,,,1,"1",7072,21377
"00","1021","3","11A204","19","40276","2","1","0","04","-","1","3","1","17","03/12/2003","1","04","1","1","6","06",,,,,,1,,7072,0
"00","1021","3","11A204","19","40276","2","1","0","01","-","1","1","1","44","17/05/1977","1","04","2","2","5","01","7","2","3","1","001500",1,,7072,0
"00","1021","3","11A204","19","40276","2","1","0","03","-","1","3","1","23","13/02/1998","1","07","2","1","6","06",,,,,,1,,7072,0
"00","1021","3","11A204","19","40276","4","1","0","03","-","1","3","1","05","26/09/2016","2","01","1","1",,,,,,,,1,,7072,0
"00","1021","3","11A204","19","40276","1","1","0","03","-","1","3","1","27","22/06/1994","1","04","1","2","6","04",,,,,,1,,7072,0
"00","1021","3","11A204","19","40276","4","1","0","04","-","1","3","1","00","03/08/2021",,,,,,,,,,,,1,,7072,0
"00","1021","3","11A204","19","40276","4","1","0","01","-","1","1","1","46","16/02/1975","1","03","3","2","5","01","5","5","2","1","001500",1,,7072,0
"00","1021","3","11A204","19","40276","1","1","0","04","-","1","3","2","16","25/01/2005","1","04","1","1","6","06",,,,,,1,,7072,0
"00","1021","3","11A204","19","40276","1","1","0","02","-","1","2","2","43","03/04/1978","1","03","3","2","5","07",,,,,,1,,7072,0
"00","1021","3","11A204","19","40276","1","1","0","01","-","1","1","1","47","30/03/1974","1","04","1","2","5","01","7","2","3","1","001800",1,"1",7072,21377
"00","1021","3","11A204","19","40276","4","1","0","02","-","1","2","2","27","31/07/1994","1","04","2","2","5","07",,,,,,1,"1",7072,14252
"00","1021","2","12A205","19","40281","4","1","0","01","-","1","1","1","64","02/12/1956","1","07","3","2","5","08",,,,,,1,"1",7314,14811
"00","1021","2","12A205","19","40281","2","1","0","02","-","1","3","1","34","26/05/1987","1","03","2","2","6","01","5","3","3","1","001800",1,,7314,0
"00","1021","2","12A205","19","40281","2","1","0","04","-","1","5","1","12","23/02/2009","2","00",,"2","6","09",,,,,,1,,7314,0
"00","1021","2","12A205","19","40281","2","1","0","03","-","1","5","1","14","14/11/2006","2","00",,"2","6","09",,,,,,1,,7314,0
"00","1021","2","12A205","19","40281","2","1","0","05","-","1","5","1","05","30/06/2016","2","00",,"2",,,,,,,,1,,7314,0
"00","1021","2","12A205","19","40281","2","1","0","01","-","1","1","2","65","13/02/1956","1","02","3","2","4","07",,,,,,1,"1",7314,14811
"00","1021","2","12A205","19","40281","3","1","0","03","-","1","3","2","25","23/02/1996","1","04","2","2","6","07",,,,,,1,,7314,0
"00","1021","2","12A205","19","40281","3","1","0","01","-","1","1","1","64","07/12/1956","1","04","2","2","5","08",,,,,,1,,7314,0
"00","1021","2","12A205","19","40281","3","1","0","02","-","1","2","2","64","17/03/1957","1","02","6","2","5","07",,,,,,1,"1",7314,22216
"00","1021","2","12A205","19","40281","4","1","0","02","-","1","2","2","65","08/03/1956","1","06","2","2","5","08",,,,,,1,,7314,0
"00","1021","2","12A205","19","40281","1","1","0","01","-","1","1","1","61","21/06/1960","1","02","6","2","5","09",,,,,,1,,7314,0
"00","1021","2","12A205","19","40281","1","1","0","02","-","1","6","2","69","21/11/1951","1","02","6","2","4","09",,,,,,1,"1",7314,22216
"00","1021","2","12A205","19","40281","1","1","0","03","-","1","2","2","62","16/02/1959","1","02","6","2","5","01","4","4","2","1","001800",1,,7314,0
"00","1021","6","11B191","19","40288","2","1","0","02","-","1","2","2","44","15/04/1977","1","03","3","2","5","07",,,,,,1,"1",6602,19956
"00","1021","6","11B191","19","40288","3","1","0","02","-","1","2","2","59","12/04/1962","1","02","3","2","5","07",,,,,,1,"1",6602,26608
"00","1021","6","11B191","19","40288","3","1","0","05","-","1","5","2","22","20/05/1999","1","03","3","2","1","07",,,,,,1,,6602,0
"00","1021","6","11B191","19","40288","3","1","0","04","-","1","3","1","27","23/06/1994","1","04","3","2","1","01","5","5","3","1","999999",1,,6602,0
"00","1021","6","11B191","19","40288","3","1","0","01","-","1","1","1","61","30/06/1960","1","02","3","2","5","01","7","2","3","1","999999",1,,6602,0
"00","1021","3","11B191","19","40288","3","1","0","03","-","2",,,,,,,,,,,,,,,,1,,0,0
"00","1021","6","11B191","19","40288","2","1","0","03","-","1","3","2","21","14/11/1999","1","04","1","1","6","06",,,,,,1,,6602,0
"00","1021","6","11B191","19","40288","1","1","1","03","-","1","2","1","37","24/02/1984","1","03","3","2","1","01","7","2","3","1","002000",1,,6602,0
"00","1021","6","11B191","19","40288","1","1","1","02","-","1","3","1","04","19/09/2017",,,,,,,,,,,,1,,6602,0
"00","1021","6","11B191","19","40288","4","1","0","01","-","1","1","2","22","09/10/1998","1","07","3","2","6","01","1","5","3","1","002500",1,"1",6602,6652
"00","1021","6","11B191","19","40288","2","1","0","01","-","1","1","1","47","19/05/1974","1","03","3","2","5","01","7","2","3","1","002500",1,,6602,0
"00","1021","6","11B191","19","40288","2","1","0","05","-","1","3","1","09","16/05/2012","1","02","2","1",,,,,,,,1,,6602,0
"00","1021","6","11B191","19","40288","2","1","0","04","-","1","3","1","12","19/04/2009","1","02","5","1","6","06",,,,,,1,,6602,0
"00","1021","6","11B191","19","40288","1","1","1","01","-","1","1","2","36","16/04/1985","1","04","2","2","1","07",,,,,,1,"1",6602,13304
"00","1021","6","12B191","19","40290","1","1","0","06","-","2",,,,,,,,,,,,,,,,1,,0,0
"00","1021","6","12B191","19","40290","1","1","0","05","-","2",,,,,,,,,,,,,,,,1,,0,0
"00","1021","6","12B191","19","40290","1","1","0","03","-","1","3","1","32","05/10/1988","1","03","3","2","6","01","5","5","3","1","002500",1,"1",7463,22669
"00","1021","5","12B191","19","40290","3","1","0","02","-","2",,,,,,,,,,,,,,,,1,,0,0
"00","1021","6","12B191","19","40290","3","1","0","01","-","1","1","1","62","20/05/1959","1","03","3","2","5","08",,,,,,1,"1",7463,7556
"00","1021","6","12B191","19","40290","1","1","0","02","-","2",,,,,,,,,,,,,,,,1,,0,0
"00","1021","6","12B191","19","40290","1","1","0","01","-","1","1","1","54","12/11/1966","1","03","3","2","2","01","5","5","2","1","002000",1,,7463,0
"00","1021","6","12B191","19","40290","1","1","0","04","-","1","5","2","18","07/11/2002","1","04","2","1","6","06",,,,,,1,,7463,0
"00","1021","6","12B191","19","40290","1","1","0","07","-","2",,,,,,,,,,,,,,,,1,,0,0
"00","1021","6","12B191","19","40290","2","1","0","03","-","1","3","1","21","18/11/1999","1","04","3","2","6","01","1","5","3","2","999999",1,"1",7463,22669
"00","1021","6","12B191","19","40290","4","1","0","05","-","1","5","2","17","20/06/2004","1","03","3","1","1","06",,,,,,1,,7463,0
"00","1021","6","12B191","19","40290","2","1","0","04","-","1","3","2","18","02/05/2003","1","04","2","2","6","07",,,,,,1,,7463,0
"00","1021","6","12B191","19","40290","2","1","0","02","-","2",,,,,,,,,,,,,,,,1,,0,0
"00","1021","5","12B191","19","40290","4","1","0","01","-","2",,,,,,,,,,,,,,,,1,,0,0
"00","1021","6","12B191","19","40290","4","1","0","06","-","1","5","1","20","30/06/2001","1","03","3","1","1","01","1","5","2","1","002000",1,,7463,0
"00","1021","6","12B191","19","40290","4","1","0","03","-","1","6","1","48","20/04/1973","1","03","2","2","6","01","5","5","2","1","002000",1,,7463,0
"00","1021","6","12B191","19","40290","4","1","0","02","-","1","2","2","58","28/01/1963","1","02","6","2","5","09",,,,,,1,"1",7463,30226
"00","1021","6","12B191","19","40290","4","1","0","07","-","1","5","1","01","27/06/2020",,,,,,,,,,,,1,,7463,0
"00","1021","6","12B191","19","40290","4","1","0","04","-","1","5","2","20","01/06/2001","1","04","1","2","6","01","3","5","3","2","005000",1,,7463,0
"00","1021","6","12B191","19","40290","2","1","0","01","-","1","1","1","57","12/03/1964","1","03","3","2","5","01","5","5","3","1","999999",1,,7463,0
"00","1021","6","11B191","19","40291","3","1","0","02","-","1","2","1","27","29/05/1994","1","02","6","2","1","04",,,,,,1,,7983,0
"00","1021","6","11B191","19","40291","3","1","0","01","-","1","1","2","23","01/06/1998","1","03","3","2","1","07",,,,,,1,"1",7983,24131
"00","1021","6","11B191","19","40291","3","1","0","03","-","1","7","2","53","04/07/1968","1","02","6","2","6","07",,,,,,1,,7983,0
"00","1021","6","11B191","19","40291","2","1","0","03","-","1","3","2","09","11/01/2012","1","02","1","1",,,,,,,,1,,7983,0
"00","1021","6","11B191","19","40291","2","1","0","02","-","1","2","2","30","18/04/1991","1","06","3","2","5","01","3","5","3","1","002750",1,"1",7983,16087
"00","1021","6","11B191","19","40291","2","1","0","04","-","1","3","1","07","07/08/2014","1","01","3","1",,,,,,,,1,,7983,0
"00","1021","6","11B191","19","40291","2","1","0","01","-","1","1","1","31","03/07/1990","1","03","3","2","5","01","7","3","3","1","002500",1,,7983,0
"00","1021","6","11B191","19","40291","4","1","0","01","-","1","1","1","55","20/09/1966","1","02","6","2","5","01","7","3","3","1","999999",1,"1",7983,16087
"00","1021","6","11B191","19","40291","4","1","0","02","-","1","2","2","59","09/03/1962","1","00",,"2","5","07",,,,,,1,,7983,0
"00","1021","6","11B191","19","40291","1","1","0","05","-","1","3","2","09","19/01/2012","1","02","2","1",,,,,,,,1,,7983,0
"00","1021","6","11B191","19","40291","1","1","0","02","-","1","2","2","37","14/07/1984","1","04","1","2","1","07",,,,,,1,,7983,0
"00","1021","6","11B191","19","40291","1","1","0","01","-","1","1","1","48","16/01/1973","1","02","6","2","1","01","7","3","2","1","004000",1,"1",7983,16087
"00","1021","6","11B191","19","40291","1","1","0","03","-","1","3","2","16","10/11/2004","1","03","3","1","6","06",,,,,,1,,7983,0
"00","1021","6","11B191","19","40291","1","1","0","04","-","1","3","1","11","29/07/2010","1","02","3","1",,,,,,,,1,,7983,0
"00","1021","2","12A205","19","40324","1","1","0","01","-","1","1","1","51","24/02/1970","1","03","2","2","5","01","5","2","3","1","000800",1,"1",8060,8161
"00","1021","2","12A205","19","40324","2","1","0","02","-","1","2","2","52","26/12/1968","1","04","1","2","5","01","5","5","3","2","003200",1,"1",8060,16322
"00","1021","2","12A205","19","40324","2","1","0","01","-","1","1","1","52","21/05/1969","1","04","1","2","5","01","5","2","3","1","999999",1,,8060,0
"00","1021","2","13A205","19","40325","1","1","0","01","-","1","1","1","23","29/10/1997","1","07","5","2","1","01","7","2","3","1","001200",1,"1",9871,29877
"00","1021","2","13A205","19","40325","4","1","0","03","-","1","3","1","03","20/10/2017",,,,,,,,,,,,1,,9871,0
"00","1021","2","13A205","19","40325","4","1","0","01","-","1","1","2","32","21/07/1989","1","04","1","2","2","01","5","6","2","1","002500",1,"1",9871,9959
"00","1021","2","13A205","19","40325","1","1","0","03","-","1","8","2","25","21/09/1996","1","07","5","2","6","01","7","2","3","1","001200",1,,9871,0
"00","1021","2","13A205","19","40325","3","1","0","02","-","1","2","2","42","08/06/1979","1","03","3","2","1","07",,,,,,1,,9871,0
"00","1021","2","13A205","19","40325","3","1","0","03","-","1","3","1","12","30/06/2009","1","03","1","1","6","06",,,,,,1,,9871,0
"00","1021","2","13A205","19","40325","3","1","0","04","-","1","3","1","19","30/06/2002","1","07","1","1","6","01","7","2","3","1","002000",1,"1",9871,29877
"00","1021","2","13A205","19","40325","1","1","0","02","-","1","2","2","24","11/06/1997","1","07","5","2","1","01","7","2","3","1","001200",1,,9871,0
"00","1021","2","13A205","19","40325","3","1","0","01","-","1","1","1","29","15/04/1992","1","03","3","2","1","01","4","4","2","1","999999",1,,9871,0
"00","1021","2","13A205","19","40325","4","1","0","02","-","1","3","1","11","05/09/2010","1","02","5","1",,,,,,,,1,,9871,0
"00","1021","2","13A205","19","40329","4","1","0","01","-","1","1","1","79","27/03/1942","1","08","3","2","5","08",,,,,,1,,10098,0
"00","1021","2","13A205","19","40329","1","1","0","06","-","1","3","2","22","28/11/1998","1","07","4","2","6","01","5","5","3","2","999999",1,,10098,0
"00","1021","2","13A205","19","40329","1","1","0","04","-","1","3","2","25","25/07/1996","1","07","5","2","6","01","1","4","3","2","999999",1,,10098,0
"00","1021","2","13A205","19","40329","1","1","0","01","-","1","1","1","55","04/11/1965","1","07","3","2","5","01","4","4","2","1","999999",1,"1",10098,50937
"00","1021","2","13A205","19","40329","1","1","0","05","-","1","3","2","15","23/08/2006","1","03","3","1","6","06",,,,,,1,,10098,0
"00","1021","2","13A205","19","40329","1","1","0","02","-","1","2","2","54","03/09/1967","1","07","3","2","5","01","3","5","3","2","999999",1,,10098,0
"00","1021","2","13A205","19","40329","4","1","0","02","-","1","2","2","76","16/02/1945","1","04","2","2","5","07",,,,,,1,"1",10098,20375
"00","1021","2","13A205","19","40329","2","1","0","02","-","1","2","2","64","09/10/1956","1","06","3","2","5","08",,,,,,1,,10098,0
"00","1021","2","13A205","19","40329","2","1","0","01","-","1","1","1","65","16/03/1956","1","07","3","2","5","08",,,,,,1,"1",10098,20375
"00","1021","2","13A205","19","40329","1","1","0","03","-","1","3","2","28","05/06/1993","1","07","5","2","6","01","1","7","3","2","999999",1,,10098,0
"00","1021","5","13B192","19","40337","2","1","0","01","-","1","1","2","77","09/11/1943","1","02","6","2","4","07",,,,,,1,,8060,0
"00","1021","5","13B192","19","40337","2","1","0","02","-","1","3","2","52","14/07/1969","1","08","2","2","6","01","1","5","3","1","999999",1,"1",8060,16322
"00","1021","2","12A205","19","40370","3","1","0","04","-","1","3","1","10","30/10/2010","1","02","5","1",,,,,,,,1,,7518,0
"00","1021","2","12A205","19","40370","3","1","0","02","-","1","2","2","38","12/10/1982","1","03","3","2","5","07",,,,,,1,"1",7518,22835
"00","1021","2","12A205","19","40370","3","1","0","03","-","1","3","1","20","22/07/2001","1","04","2","2","6","01","5","4","3","1","999999",1,,7518,0
"00","1021","2","12A205","19","40370","3","1","0","01","-","1","1","1","39","24/01/1982","1","03","3","2","5","01","5","2","3","2","999999",1,,7518,0
"00","1021","2","12A205","19","40370","3","1","0","05","-","1","3","1","10","30/10/2010","1","02","5","1",,,,,,,,1,,7518,0
"00","1021","2","12A205","19","40370","2","1","0","01","-","1","1","2","53","14/02/1968","1","07","4","2","4","07",,,,,,1,"1",7518,15223
"00","1021","2","12A205","19","40370","2","1","0","02","-","1","3","1","31","21/05/1990","1","07","5","2","6","01","1","7","3","2","999999",1,,7518,0
"00","1021","2","12A205","19","40370","2","1","0","03","-","1","7","1","00","11/07/2021",,,,,,,,,,,,1,,7518,0
"00","1021","2","12A205","19","40370","4","1","0","02","-","1","2","2","46","21/01/1975","1","03","3","2","5","01","7","2","3","1","001300",1,,7518,0
"00","1021","2","12A205","19","40370","4","1","0","03","-","1","3","2","21","27/04/2000","1","04","2","2","6","01","5","5","3","2","002500",1,"1",7518,22835
"00","1021","2","12A205","19","40370","4","1","0","04","-","1","3","1","16","14/05/2005","1","06","1","1","6","06",,,,,,1,,7518,0
"00","1021","2","12A205","19","40370","4","1","0","01","-","1","1","1","47","02/06/1974","1","02","6","2","5","01","7","2","3","1","003000",1,,7518,0
"00","1021","2","12A205","19","40370","1","1","0","01","-","1","1","1","44","24/08/1977","1","04","2","2","5","01","5","2","3","1","999999",1,,7518,0
"00","1021","2","12A205","19","40370","1","1","0","02","-","1","2","2","48","06/06/1973","1","03","3","2","5","07",,,,,,1,"1",7518,22835
"00","1021","2","12A205","19","40370","1","1","0","03","-","1","3","2","18","27/12/2002","1","07","1","1","6","06",,,,,,1,,7518,0
"00","1021","2","11A205","19","40377","2","1","0","01","-","1","1","1","38","11/05/1983","1","03","3","2","1","03","5","9","3","1","001500",1,,12081,0
"00","1021","2","11A205","19","40377","2","1","0","04","-","1","3","2","10","08/08/2011","1","02","3","1",,,,,,,,1,,12081,0
"00","1021","2","11A205","19","40377","2","1","0","03","-","1","3","1","14","07/06/2007","1","03","2","1","6","06",,,,,,1,,12081,0
"00","1021","2","11A205","19","40377","2","1","0","02","-","1","2","2","38","26/06/1983","1","02","6","2","1","01","5","9","4","1","000700",1,"1",12081,24347
"00","1021","2","11A205","19","40377","3","1","0","01","-","1","1","1","49","30/06/1972","1","03","3","2","6","01","5","9","3","1","004000",1,"1",12081,12173
"00","1021","2","11A205","19","40377","4","1","0","04","-","1","3","1","42","16/01/1979","1","02","6","2","5","04",,,,,,1,,12081,0
"00","1021","2","11A205","19","40377","4","1","0","06","-","1","5","2","04","15/06/2017",,,,,,,,,,,,1,,12081,0
"00","1021","2","11A205","19","40377","4","1","0","03","-","1","5","1","16","14/01/2005","1","03","3","2","6","01","7","3","3","1","999999",1,,12081,0
"00","1021","2","11A205","19","40377","4","1","0","01","-","1","1","1","65","30/05/1956","1","02","6","2","5","04",,,,,,1,"1",12081,48693
"00","1021","2","11A205","19","40377","4","1","0","02","-","1","2","2","64","06/12/1956","1","02","4","2","5","07",,,,,,1,,12081,0
"00","1021","2","11A205","19","40377","4","1","0","05","-","1","5","2","30","15/03/1991","1","04","2","2","5","07",,,,,,1,,12081,0
"00","1021","1","11A206","19","40417","1","1","0","03","-","1","3","2","13","18/05/2008","1","03","1","1","6","06",,,,,,1,,7513,0
"00","1021","1","11A206","19","40417","4","1","0","01","-","1","1","1","44","25/09/1977","1","03","3","1","1","01","7","3","2","1","999999",1,,7513,0
"00","1021","1","11A206","19","40417","1","1","0","01","-","1","1","1","37","30/10/1983","1","03","2","2","5","01","7","3","1","1","008000",1,"1",7513,15141
"00","1021","1","11A206","19","40417","2","1","0","03","-","1","3","1","15","12/09/2006","1","03","3","1","6","06",,,,,,1,,7513,0
"00","1021","1","11A206","19","40417","2","1","0","01","-","1","1","1","33","20/07/1988","1","04","3","2","5","01","3","6","3","2","005000",1,"1",7513,15141
"00","1021","1","11A206","19","40417","2","1","0","02","-","1","2","2","32","23/03/1989","1","07","5","2","5","01","3","5","3","2","005000",1,,7513,0
"00","1021","1","11A206","19","40417","2","1","0","04","-","1","3","1","03","11/08/2018",,,,,,,,,,,,1,,7513,0
"00","1021","1","11A206","19","40417","3","1","0","01","-","1","1","1","34","18/06/1987","1","04","3","2","5","01","7","2","3","1","999999",1,,7513,0
"00","1021","1","11A206","19","40417","3","1","0","05","-","1","3","1","02","30/08/2019",,,,,,,,,,,,1,,7513,0
"00","1021","1","11A206","19","40417","3","1","0","02","-","1","2","2","36","12/03/1985","1","03","3","2","5","07",,,,,,1,"1",7513,15141
"00","1021","1","11A206","19","40417","3","1","0","03","-","1","3","1","11","09/03/2010","1","02","5","1",,,,,,,,1,,7513,0
"00","1021","1","11A206","19","40417","3","1","0","04","-","1","3","1","10","20/09/2011","1","02","4","1",,,,,,,,1,,7513,0
"00","1021","1","11A206","19","40417","4","1","0","06","-","1","5","1","02","03/04/2019",,,,,,,,,,,,1,,7513,0
"00","1021","1","11A206","19","40417","4","1","0","04","-","1","3","2","19","27/06/2002","1","04","3","2","6","01","3","5","3","1","001200",1,,7513,0
"00","1021","1","11A206","19","40417","4","1","0","02","-","1","2","2","42","16/02/1979","1","03","3","2","1","07",,,,,,1,"1",7513,37852
"00","1021","1","11A206","19","40417","4","1","0","05","-","1","8","1","25","13/04/1996","1","03","3","2","5","01","7","2","3","1","999999",1,,7513,0
"00","1021","1","11A206","19","40417","4","1","0","07","-","1","3","2","12","28/01/2009","1","02","6","1","6","06",,,,,,1,,7513,0
"00","1021","1","11A206","19","40417","4","1","0","03","-","1","3","2","24","01/07/1997","1","03","3","2","5","01","7","2","3","1","999999",1,,7513,0
"00","1021","1","11A206","19","40417","1","1","0","02","-","1","2","2","36","14/07/1985","1","03","3","2","5","07",,,,,,1,,7513,0
"15","1021","1","12A206","19","40420","3","1","0","02","-","1","2","2","44","09/02/1977","1","06","3","2","1","01","4","4","2","1","999999",1,,7353,0
"15","1021","1","12A206","19","40420","3","1","0","03","-","1","3","1","19","29/09/2002","1","06","2","2","6","01","5","6","3","1","001200",1,,7353,0
"15","1021","1","12A206","19","40420","3","1","0","01","-","1","1","1","46","23/05/1975","1","03","3","2","1","01","5","4","3","1","001500",1,,7353,0
"15","1021","1","12A206","19","40420","3","1","0","04","-","1","3","2","14","25/01/2007","1","03","2","1","6","06",,,,,,1,,7353,0
"00","1021","8","12A197","19","40420","1","1","0","02","-","1","2","2","48","21/01/1973","1","07","5","2","5","01","5","5","3","2","999999",1,"1",7236,21979
"00","1021","8","12A197","19","40420","1","1","0","04","-","1","3","1","04","27/04/2017",,,,,,,,,,,,1,,7236,0
"00","1021","8","12A197","19","40420","2","1","0","03","-","1","3","2","07","25/09/2014","2","01","3","2",,,,,,,,1,,7236,0
"00","1021","8","12A197","19","40420","2","1","0","01","-","1","1","2","34","24/03/1987","1","03","3","2","5","07",,,,,,1,,7236,0
"00","1021","8","12A197","19","40420","2","1","0","02","-","1","2","1","35","06/10/1985","1","04","3","2","5","01","5","3","3","1","001500",1,"1",7236,14653
"00","1021","8","12A197","19","40420","3","1","0","05","-","1","3","2","12","23/08/2009","1","02","6","1","6","06",,,,,,1,,7236,0
"00","1021","8","12A197","19","40420","3","1","0","06","-","1","6","1","50","27/09/1971","1","06","3","2","3","01","4","4","3","1","003000",1,"1",7236,36631
"00","1021","8","12A197","19","40420","3","1","0","02","-","1","2","2","53","22/10/1967","1","03","3","2","5","07",,,,,,1,,7236,0
"00","1021","8","12A197","19","40420","3","1","0","04","-","1","3","2","25","26/06/1996","1","07","4","1","6","01","3","4","3","1","999999",1,,7236,0
"00","1021","8","12A197","19","40420","3","1","0","01","-","1","1","1","54","20/12/1966","1","04","2","2","5","01","4","4","3","1","007000",1,,7236,0
"00","1021","8","12A197","19","40420","3","1","0","03","-","1","3","1","27","21/12/1993","1","07","5","1","6","06",,,,,,1,,7236,0
"00","1021","8","12A197","19","40420","4","1","0","05","-","1","5","1","19","15/06/2002","1","07","1","1","6","06",,,,,,1,,7236,0
"00","1021","8","12A197","19","40420","4","1","0","03","-","1","3","2","53","18/01/1968","1","07","5","2","6","01","5","5","3","2","999999",1,,7236,0
"00","1021","8","12A197","19","40420","4","1","0","01","-","1","1","1","83","06/10/1937","1","02","6","2","5","08",,,,,,1,,7236,0
"00","1021","8","12A197","19","40420","4","1","0","02","-","1","2","2","84","15/01/1937","1","02","6","2","5","07",,,,,,1,,7236,0
"00","1021","8","12A197","19","40420","4","1","0","04","-","1","3","1","50","29/08/1971","1","07","2","2","6","01","5","5","3","2","999999",1,"1",7236,36631
"00","1021","1","12A206","19","40420","2","1","0","05","-","1","3","1","11","20/02/2010","1","02","5","1",,,,,,,,1,,7353,0
"00","1021","1","12A206","19","40420","2","1","0","01","-","1","1","1","47","12/08/1974","1","04","1","2","5","01","5","6","3","1","001500",1,,7353,0
"00","1021","1","12A206","19","40420","2","1","0","02","-","1","2","2","48","24/05/1973","1","03","3","2","5","07",,,,,,1,,7353,0
"00","1021","1","12A206","19","40420","2","1","0","03","-","1","4","2","78","22/02/1943","1","02","6","2","4","07",,,,,,1,,7353,0
"00","1021","1","12A206","19","40420","2","1","0","04","-","1","3","1","23","25/08/1998","1","04","2","1","6","01","3","5","3","2","002000",1,"1",7353,29780
"00","1021","8","12A197","19","40420","1","1","0","01","-","1","1","1","49","26/10/1971","1","03","3","2","5","01","4","4","2","1","999999",1,,7236,0
"00","1021","8","12A197","19","40420","1","1","0","03","-","1","3","1","21","12/07/2000","1","07","2","1","6","01","4","4","2","1","999999",1,,7236,0
"00","1021","1","12A206","19","40420","4","1","0","01","-","1","1","1","56","01/06/1965","1","06","3","2","6","01","7","2","2","1","999999",1,"1",7353,7445
"00","1021","5","11B192","19","40429","2","1","0","01","-","1","1","2","72","01/10/1949","1","03","3","2","4","07",,,,,,1,,7158,0
"00","1021","5","11B192","19","40429","2","1","0","02","-","1","3","1","40","01/10/1981","1","03","3","2","3","01","7","2","3","1","999999",1,"1",7158,14494
"00","1021","5","11B192","19","40429","4","1","0","02","-","1","2","2","68","11/11/1952","1","03","3","2","5","07",,,,,,1,,7158,0
"00","1021","5","11B192","19","40429","4","1","0","01","-","1","1","1","74","16/05/1947","1","03","3","2","5","08",,,,,,1,"1",7158,14494
"00","1021","5","11B192","19","40429","1","1","0","01","-","1","1","2","58","06/10/1963","1","04","2","2","4","01","3","5","3","2","006000",1,"1",7158,7247
"00","1021","5","12B192","19","40431","4","1","0","01","-","1","1","1","44","10/02/1977","1","07","5","2","5","01","1","5","2","3","015000",1,"1",7227,14633
"00","1021","5","12B192","19","40431","4","1","0","02","-","1","2","2","37","03/10/1984","1","07","5","2","5","01","3","5","3","1","004000",1,,7227,0
"00","1021","5","12B192","19","40431","4","1","0","03","-","1","3","2","04","03/10/2017",,,,,,,,,,,,1,,7227,0
"00","1021","5","12B192","19","40431","1","1","0","01","-","1","1","1","35","30/06/1986","1","04","1","2","6","01","7","2","3","2","006000",1,"1",7227,7317
"00","1021","5","12B192","19","40431","2","1","0","03","-","1","5","2","21","30/06/2000","1","07","2","1","6","06",,,,,,1,,7227,0
"00","1021","5","12B192","19","40431","2","1","0","02","-","1","3","2","44","30/06/1977","1","07","3","2","3","01","4","4","2","3","015000",1,"1",7227,21950
"00","1021","5","12B192","19","40431","2","1","0","01","-","1","1","2","74","30/06/1947","1","05","4","2","4","07",,,,,,1,,7227,0
"00","1021","4","12B192","19","40431","3","1","0","04","-","2",,,,,,,,,,,,,,,,1,,0,0
"00","1021","5","12B192","19","40431","3","1","0","02","-","1","2","2","62","02/10/1959","1","07","5","2","5","07",,,,,,1,,7227,0
"00","1021","5","12B192","19","40431","3","1","0","03","-","1","3","2","30","08/09/1991","1","07","5","2","6","01","3","5","3","2","009000",1,"1",7227,21950
"00","1021","5","12B192","19","40431","3","1","0","01","-","1","1","1","61","20/07/1960","1","07","5","2","5","08",,,,,,1,,7227,0
"00","1021","5","12B192","19","40432","2","1","0","05","-","1","3","1","01","30/06/2020",,,,,,,,,,,,1,,11683,0
"00","1021","5","12B192","19","40432","2","1","0","03","-","1","3","1","07","30/06/2014","1","01","3","1",,,,,,,,1,,11683,0
"00","1021","5","12B192","19","40432","2","1","0","02","-","1","2","2","36","30/06/1985","1","08","2","2","5","01","1","5","3","2","999999",1,,11683,0
"00","1021","5","12B192","19","40432","2","1","0","04","-","1","3","2","04","30/06/2017",,,,,,,,,,,,1,,11683,0
"00","1021","5","12B192","19","40432","2","1","0","01","-","1","1","1","36","15/11/1984","1","08","2","2","5","01","1","5","3","1","999999",1,"1",11683,23573
"00","1021","5","12B192","19","40434","2","1","0","03","-","1","3","2","35","27/10/1985","1","07","5","2","5","07",,,,,,1,,7613,0
"00","1021","5","12B192","19","40434","2","1","0","05","-","1","5","1","07","04/07/2014","2","01","2","1",,,,,,,,1,,7613,0
"00","1021","5","12B192","19","40434","2","1","0","01","-","1","1","2","66","04/03/1955","1","06","3","2","4","07",,,,,,1,"1",7613,23123
"00","1021","5","12B192","19","40434","2","1","0","02","-","1","5","1","41","25/08/1980","1","03","3","2","5","01","7","2","3","1","003000",1,,7613,0
"00","1021","5","12B192","19","40434","4","1","0","01","-","1","1","2","50","21/03/1971","1","03","3","2","3","01","1","5","3","2","007000",1,"1",7613,15415
"00","1021","5","12B192","19","40434","4","1","0","02","-","1","3","1","23","05/07/1998","1","06","3","2","6","04",,,,,,1,,7613,0
"00","1021","5","12B192","19","40434","2","1","0","04","-","1","5","1","10","27/08/2011","1","02","3","1",,,,,,,,1,,7613,0
"00","1021","5","12B192","19","40434","1","1","0","01","-","1","1","1","59","08/03/1962","1","07","5","2","5","01","3","5","3","3","020000",1,"1",7613,15415
"00","1021","5","12B192","19","40434","1","1","0","02","-","1","2","2","62","09/10/1958","1","07","3","2","5","07",,,,,,1,,7613,0
"00","1021","4","12A203","19","40454","2","1","0","02","-","1","2","2","55","17/11/1965","1","07","4","2","5","01","1","5","3","1","001500",1,,7795,0
"00","1021","4","12A203","19","40454","3","1","0","03","-","1","3","1","25","07/09/1996","1","06","3","2","1","01","7","5","3","1","003000",1,"1",7795,23676
"00","1021","4","12A203","19","40454","2","1","0","04","-","1","3","1","19","04/11/2001","1","04","3","1","6","06",,,,,,1,,7795,0
"00","1021","4","12A203","19","40454","2","1","0","01","-","1","1","1","59","07/03/1962","1","03","3","2","5","01","5","5","3","1","001200",1,,7795,0
"00","1021","4","12A203","19","40454","2","1","0","03","-","1","3","2","26","24/06/1995","1","07","3","2","6","07",,,,,,1,,7795,0
"00","1021","4","12A203","19","40454","4","1","0","04","-","1","5","1","16","06/07/2005","1","03","2","1","6","06",,,,,,1,,7795,0
"00","1021","4","12A203","19","40454","4","1","0","06","-","1","5","2","10","05/12/2010","1","02","4","1",,,,,,,,1,,7795,0
"00","1021","4","12A203","19","40454","4","1","0","03","-","1","3","2","33","11/02/1988","1","04","1","2","6","01","3","5","3","2","002000",1,,7795,0
"00","1021","4","12A203","19","40454","4","1","0","05","-","1","5","2","10","05/12/2010","1","02","4","1",,,,,,,,1,,7795,0
"00","1021","4","12A203","19","40454","4","1","0","02","-","1","2","2","55","19/05/1966","1","03","3","2","5","10",,,,,,1,"1",7795,23676
"00","1021","4","12A203","19","40454","4","1","0","01","-","1","1","1","59","05/09/1962","1","03","3","2","5","01","7","2","3","1","001500",1,,7795,0
"00","1021","4","12A203","19","40454","1","1","0","03","-","1","4","1","78","14/02/1943","1","02","1","2","4","01","5","5","3","2","004000",1,"1",7795,23676
"00","1021","4","12A203","19","40454","1","1","0","01","-","1","1","1","50","01/05/1971","1","03","3","2","5","01","7","2","3","1","999999",1,,7795,0
"00","1021","4","12A203","19","40454","1","1","0","02","-","1","2","2","48","02/02/1973","1","03","3","2","5","07",,,,,,1,,7795,0
"00","1021","4","12A203","19","40454","3","1","0","02","-","1","2","2","42","18/05/1979","1","03","3","2","5","01","4","4","3","1","999999",1,,7795,0
"00","1021","4","12A203","19","40454","3","1","0","04","-","1","3","2","14","19/04/2007","1","03","2","1","6","06",,,,,,1,,7795,0
"00","1021","4","12A203","19","40454","3","1","0","01","-","1","1","1","44","13/12/1976","1","03","3","2","5","01","7","2","3","1","999999",1,,7795,0
"00","1021","4","12A203","19","40454","2","1","0","05","-","1","7","2","70","03/01/1951","1","03","3","2","6","07",,,,,,1,"1",7795,39459
"00","1021","4","12A203","19","40462","4","1","0","02","-","1","2","2","42","07/01/1979","1","07","5","2","5","07",,,,,,1,"1",7502,15191
"00","1021","4","12A203","19","40462","2","1","0","01","-","1","1","2","52","12/01/1969","1","07","5","2","6","01","1","5","3","2","999999",1,"1",7502,15191
"00","1021","4","12A203","19","40462","2","1","0","02","-","1","4","2","89","08/07/1932","1","02","6","2","4","09",,,,,,1,,7502,0
"00","1021","4","12A203","19","40462","1","1","0","01","-","1","1","1","83","22/08/1938","1","03","3","2","5","08",,,,,,1,,7502,0
"00","1021","4","12A203","19","40462","1","1","0","02","-","1","2","2","73","14/07/1948","1","03","3","2","5","07",,,,,,1,"1",7502,15191
"00","1021","4","12A203","19","40462","3","1","0","02","-","1","8","2","24","30/06/1997","1","07","1","2","6","01","1","5","3","2","999999",1,,7502,0
"00","1021","4","12A203","19","40462","4","1","0","01","-","1","1","1","36","30/10/1984","1","04","3","2","5","01","1","5","2","2","009000",1,,7502,0
"00","1021","4","12A203","19","40462","3","1","0","01","-","1","1","2","27","11/08/1994","1","07","3","2","6","01","5","5","3","2","999999",1,"1",7502,15191
"00","1021","1","12A206","19","40466","1","1","0","02","-","1","3","1","52","15/08/1969","1","03","2","2","2","09",,,,,,1,,7377,0
"00","1021","1","12A206","19","40466","1","1","0","01","-","1","1","2","83","23/07/1938","2","00",,"2","4","07",,,,,,1,"1",7377,14939
"00","1021","1","12A206","19","40466","3","1","0","02","-","1","2","2","77","23/09/1944","1","02","5","2","5","07",,,,,,1,,7377,0
"00","1021","1","12A206","19","40466","2","1","0","03","-","1","5","2","78","16/05/1943","1","02","6","2","4","07",,,,,,1,,7377,0
"00","1021","1","12A206","19","40466","2","1","0","01","-","1","1","1","43","15/04/1978","1","02","6","2","5","09",,,,,,1,"1",7377,29877
"00","1021","1","12A206","19","40466","2","1","0","04","-","1","8","2","76","27/08/1945","1","02","6","2","4","08",,,,,,1,,7377,0
"00","1021","1","12A206","19","40466","2","1","0","02","-","1","2","2","53","15/04/1968","1","06","2","2","5","01","4","4","2","1","999999",1,,7377,0
"00","1021","1","12A206","19","40466","3","1","0","03","-","1","5","1","16","14/02/2005","1","03","3","2","6","10",,,,,,1,,7377,0
"00","1021","1","12A206","19","40466","3","1","0","01","-","1","1","1","79","17/02/1942","1","02","6","2","5","08",,,,,,1,"1",7377,14939
"00","1021","1","12A206","19","40468","3","1","0","03","-","1","3","2","01","26/08/2020",,,,,,,,,,,,1,,8539,0
"00","1021","1","12A206","19","40468","3","1","0","02","-","1","2","2","29","13/11/1991","1","07","5","2","1","01","1","3","3","1","999999",1,"1",8539,17291
"00","1021","1","12A206","19","40468","3","1","0","01","-","1","1","1","31","17/03/1990","1","03","3","2","1","01","1","3","3","1","003200",1,,8539,0
"00","1021","1","12A206","19","40468","1","1","0","02","-","1","3","1","33","23/11/1987","1","03","3","2","6","01","5","2","3","1","999999",1,"1",8539,17291
"00","1021","1","12A206","19","40468","1","1","0","01","-","1","1","2","58","13/04/1963","1","03","3","2","4","07",,,,,,1,,8539,0
"14","1021","1","12A206","19","40468","4","1","0","01","-","1","1","1","27","11/08/1994","1","07","5","2","5","01","1","5","3","2","999999",1,,8539,0
"00","1021","1","12A206","19","40468","2","1","0","01","-","1","1","2","66","16/03/1955","1","03","3","2","4","07",,,,,,1,"1",8539,8646
"14","1021","1","12A206","19","40468","4","1","0","03","-","1","3","1","01","18/05/2020",,,,,,,,,,,,1,,8539,0
"14","1021","1","12A206","19","40468","4","1","0","02","-","1","2","2","28","18/07/1993","1","07","1","2","5","07",,,,,,1,,8539,0
"00","1021","5","12B192","19","40473","1","1","0","02","-","1","2","2","25","23/04/1996","1","04","2","2","5","07",,,,,,1,,7060,0
"00","1021","5","12B192","19","40473","4","1","0","01","-","1","1","1","32","18/08/1989","1","03","3","2","1","01","7","4","3","1","999999",1,"1",7060,14296
"00","1021","5","12B192","19","40473","4","1","0","04","-","2",,,,,,,,,,,,,,,,1,,0,0
"00","1021","5","12B192","19","40473","4","1","0","03","-","2",,,,,,,,,,,,,,,,1,,0,0
"00","1021","5","12B192","19","40473","4","1","0","02","-","2",,,,,,,,,,,,,,,,1,,0,0
"00","1021","5","12B192","19","40473","2","1","0","04","-","3","3","1","30","04/01/1991","1","07","5","2","6","01","3","7","3","3","999999",1,,7060,0
"00","1021","3","12B192","19","40473","2","1","0","02","-","2",,,,,,,,,,,,,,,,1,,0,0
"00","1021","5","12B192","19","40473","2","1","0","03","-","1","3","1","32","02/05/1989","1","04","2","2","6","01","5","5","3","2","003600",1,"1",7060,21443
"00","1021","5","12B192","19","40473","2","1","0","01","-","1","1","1","63","03/05/1958","1","04","2","2","5","01","1","5","2","2","999999",1,,7060,0
"00","1021","5","12B192","19","40473","1","1","0","04","-","1","3","2","05","31/01/2016","2","01","1","1",,,,,,,,1,,7060,0
"00","1021","5","12B192","19","40473","1","1","0","03","-","1","3","2","07","16/07/2014","1","01","2","1",,,,,,,,1,,7060,0
"00","1021","5","12B192","19","40473","1","1","0","01","-","1","1","1","27","19/12/1993","1","06","3","2","5","01","7","2","3","1","001700",1,"1",7060,14296
"00","1021","5","12B192","19","40473","4","1","0","05","-","1","6","2","41","25/07/1980","1","03","3","2","2","01","5","4","3","1","999999",1,,7060,0
"00","1021","5","12B192","19","40473","3","1","0","02","-","1","2","2","43","07/04/1978","1","03","3","2","5","01","5","5","3","2","003000",1,"1",7060,21443
"00","1021","5","12B192","19","40473","3","1","0","01","-","1","1","1","43","28/05/1978","1","03","3","2","5","01","7","2","3","1","999999",1,,7060,0
"00","1021","5","12B192","19","40473","3","1","0","04","-","1","3","2","16","28/12/2004","1","06","1","1","6","06",,,,,,1,,7060,0
"00","1021","5","12B192","19","40473","3","1","0","03","-","1","3","2","18","12/01/2003","1","06","2","2","6","01","3","4","3","1","999999",1,,7060,0
"00","1021","5","11B192","19","40479","3","1","0","04","-","1","5","2","12","28/10/2008","1","02","5","1","6","06",,,,,,1,,7111,0
"00","1021","5","11B192","19","40479","1","1","0","03","-","1","3","1","28","10/01/1993","1","03","3","2","6","01","7","2","3","1","001200",1,,7111,0
"00","1021","5","11B192","19","40479","3","1","0","01","-","1","1","1","57","26/08/1964","1","02","6","2","5","01","5","5","2","1","999999",1,"1",7111,21495
"00","1021","5","11B192","19","40479","3","1","0","02","-","1","2","2","57","12/06/1964","1","02","6","2","5","07",,,,,,1,,7111,0
"00","1021","5","11B192","19","40479","4","1","0","02","-","1","2","2","64","19/06/1957","1","06","3","2","5","07",,,,,,1,"1",7111,14330
"00","1021","5","11B192","19","40479","4","1","0","01","-","1","1","1","64","28/09/1957","1","03","3","2","5","08",,,,,,1,,7111,0
"00","1021","5","11B192","19","40479","4","1","0","03","-","2",,,,,,,,,,,,,,,,1,,0,0
"00","1021","5","11B192","19","40479","2","1","0","04","-","1","2","2","32","31/08/1989","1","03","1","2","1","07",,,,,,1,"1",7111,14330
"00","1021","5","11B192","19","40479","2","1","0","02","-","1","3","1","14","27/03/2007","1","03","1","1","6","06",,,,,,1,,7111,0
"00","1021","5","11B192","19","40479","2","1","0","01","-","1","1","1","33","02/03/1988","1","02","2","2","1","01","5","5","3","1","003000",1,,7111,0
"00","1021","5","11B192","19","40479","2","1","0","03","-","1","3","2","03","08/09/2018",,,,,,,,,,,,1,,7111,0
"00","1021","5","11B192","19","40479","1","1","0","05","-","3","5","2","23","24/07/1998","1","03","3","2","5","07",,,,,,1,,7111,0
"00","1021","5","11B192","19","40479","1","1","0","04","-","3","3","1","25","22/05/1996","1","03","3","2","5","01","7","2","3","1","001500",1,,7111,0
"00","1021","5","11B192","19","40479","1","1","0","02","-","1","2","2","59","05/12/1961","1","02","6","2","5","01","5","5","3","1","001200",1,,7111,0
"00","1021","5","11B192","19","40479","1","1","0","01","-","1","1","1","61","20/02/1960","1","02","6","2","5","08",,,,,,1,"1",7111,35825
"00","1021","5","11B192","19","40479","3","1","0","03","-","1","3","2","37","13/03/1984","1","04","3","2","6","04",,,,,,1,,7111,0
"00","1021","8","13A197","19","40509","1","1","0","01","-","1","1","1","53","09/03/1968","1","07","5","2","5","01","1","5","3","2","015000",1,"1",9287,28108
"00","1021","8","13A197","19","40509","1","1","0","03","-","1","3","1","23","07/04/1998","1","07","4","1","6","06",,,,,,1,,9287,0
"00","1021","8","13A197","19","40509","1","1","0","04","-","1","3","1","14","16/03/2007","1","03","1","1","6","06",,,,,,1,,9287,0
"00","1021","8","13A197","19","40509","1","1","0","02","-","1","2","2","51","20/07/1970","1","07","5","2","5","07",,,,,,1,,9287,0
"00","1021","8","13A197","19","40509","4","1","0","06","-","1","3","2","13","24/05/2008","1","02","6","1","6","06",,,,,,1,,9287,0
"00","1021","8","13A197","19","40509","4","1","0","04","-","1","3","1","22","24/03/1999","1","07","1","1","6","01","5","7","2","2","002000",1,,9287,0
"00","1021","8","13A197","19","40509","4","1","0","05","-","1","3","1","18","15/11/2002","1","06","2","1","6","06",,,,,,1,,9287,0
"00","1021","8","13A197","19","40509","4","1","0","02","-","1","2","2","47","18/01/1974","1","06","3","2","5","01","3","6","3","1","002000",1,,9287,0
"00","1021","8","13A197","19","40509","4","1","0","01","-","1","1","1","44","05/09/1977","1","03","3","2","5","01","7","2","3","1","004000",1,"1",9287,46846
"00","1021","8","13A197","19","40509","4","1","0","03","-","1","4","2","73","06/07/1948","1","02","6","2","4","07",,,,,,1,,9287,0
"00","1021","7","11A198","19","40510","3","1","0","04","-","1","3","2","26","19/12/1994","1","07","4","2","6","01","5","5","2","1","999999",1,"1",7240,29179
"00","1021","7","11A198","19","40510","3","1","0","05","-","1","5","1","04","21/01/2017",,,,,,,,,,,,1,,7240,0
"00","1021","7","11A198","19","40510","3","1","0","02","-","1","2","2","62","31/03/1959","1","03","3","2","5","07",,,,,,1,,7240,0
"00","1021","7","11A198","19","40510","1","1","0","03","-","1","3","2","06","02/10/2015","2","01","2","1",,,,,,,,1,,7240,0
"00","1021","7","11A198","19","40510","1","1","0","02","-","1","2","1","24","15/01/1997","1","02","6","2","1","01","5","5","3","1","003000",1,,7240,0
"00","1021","7","11A198","19","40510","1","1","0","01","-","1","1","2","23","02/10/1998","1","03","3","2","1","07",,,,,,1,"1",7240,14590
"00","1021","7","11A198","19","40510","4","1","0","01","-","1","1","2","69","11/10/1952","1","00",,"2","4","07",,,,,,1,,7240,0
"00","1021","7","11A198","19","40510","4","1","0","03","-","1","5","2","17","21/09/2004","1","04","1","2","6","10",,,,,,1,,7240,0
"00","1021","7","11A198","19","40510","4","1","0","02","-","1","3","2","37","30/06/1984","1","03","3","2","6","01","3","5","3","1","003000",1,"1",7240,14590
"00","1021","7","11A198","19","40510","3","1","0","03","-","1","3","2","37","29/03/1984","1","07","5","2","5","01","1","5","3","2","999999",1,,7240,0
"00","1021","7","11A198","19","40510","3","1","0","06","-","1","5","2","02","31/03/2019",,,,,,,,,,,,1,,7240,0
"00","1021","7","11A198","19","40510","2","1","0","03","-","1","5","2","10","14/12/2010","1","02","4","1",,,,,,,,1,,7240,0
"00","1021","7","11A198","19","40510","2","1","0","01","-","1","1","2","80","18/11/1940","1","02","3","2","4","07",,,,,,1,,7240,0
"00","1021","7","11A198","19","40510","2","1","0","02","-","1","5","2","36","24/09/1985","1","03","3","2","6","01","5","5","2","1","000300",1,"1",7240,21885
"00","1021","7","11A198","19","40510","2","1","0","04","-","1","8","1","40","30/06/1981","1","02","6","2","1","01","5","3","3","1","000300",1,,7240,0
"00","1021","7","11A198","19","40510","3","1","0","01","-","1","1","1","66","22/02/1955","1","04","3","2","5","01","1","5","3","2","999999",1,,7240,0
"00","1021","1","11A206","19","40514","2","1","0","02","-","1","3","1","48","11/04/1973","1","03","3","2","6","09",,,,,,1,,6590,0
"00","1021","1","11A206","19","40514","2","1","0","01","-","1","1","1","77","21/01/1944","2","02","1","2","4","08",,,,,,1,"1",6590,13280
"00","1021","1","11A206","19","40514","1","1","0","01","-","1","1","1","49","12/06/1972","1","04","2","2","3","01","4","4","3","1","999999",1,"1",6590,6640
"00","1021","1","11A206","19","40514","4","1","0","02","-","1","3","1","25","22/12/1995","1","03","3","2","6","07",,,,,,1,,6590,0
"00","1021","1","11A206","19","40514","4","1","0","01","-","1","1","2","62","28/03/1959","1","06","3","2","2","01","5","5","2","1","999999",1,"1",6590,13280
"00","1021","1","11A206","19","40514","3","1","0","01","-","1","1","1","24","11/04/1997","1","04","1","2","1","01","5","5","2","1","001000",1,"1",6590,13280
"00","1021","1","11A206","19","40514","3","1","0","02","-","1","2","2","23","15/05/1998","1","04","1","2","1","07",,,,,,1,,6590,0
"00","1021","1","13A206","19","40516","4","1","0","02","-","1","4","1","97","23/02/1922","1","02","6","2","4","10",,,,,,1,,10162,0
"00","1021","1","13A206","19","40516","2","1","0","01","-","1","1","2","90","15/05/1931","1","07","3","2","4","09",,,,,,1,"1",10162,10252
"00","1021","1","13A206","19","40516","4","1","0","01","-","1","1","2","57","02/10/1964","1","07","2","2","3","08",,,,,,1,,10162,0
"00","1021","1","13A206","19","40516","4","1","0","03","-","1","3","1","31","09/05/1990","1","07","5","2","6","01","1","5","3","2","999999",1,"1",10162,41010
"00","1021","1","13A206","19","40516","4","1","0","04","-","1","3","1","23","13/10/1997","1","07","1","1","6","01","3","5","3","2","999999",1,,10162,0
"00","1021","5","11B192","19","40519","1","1","0","01","-","1","1","2","56","22/06/1965","1","03","1","2","3","01","5","5","3","1","001500",1,"1",7968,8028
"00","1021","5","11B192","19","40519","2","1","0","01","-","1","1","1","30","16/06/1991","1","03","3","2","1","01","7","3","3","1","001500",1,"1",7968,16056
"00","1021","5","11B192","19","40519","2","1","0","02","-","1","2","2","30","08/04/1991","1","03","3","2","1","07",,,,,,1,,7968,0
"00","1021","5","11B192","19","40519","2","1","0","03","-","1","3","1","09","21/01/2012","1","02","2","1",,,,,,,,1,,7968,0
"00","1021","5","11B192","19","40519","2","1","0","04","-","1","3","1","08","24/07/2013","2","02","1","1",,,,,,,,1,,7968,0
"00","1021","5","11B192","19","40519","2","1","0","05","-","1","3","2","02","11/11/2018",,,,,,,,,,,,1,,7968,0
"00","1021","5","11B192","19","40519","4","1","0","01","-","1","1","1","56","13/05/1965","2","03","3","2","1","03","7","2","3","1","001800",1,"1",7968,32113
"00","1021","5","11B192","19","40519","4","1","0","05","-","1","3","1","05","30/06/2016","2","01","2","1",,,,,,,,1,,7968,0
"00","1021","5","11B192","19","40519","4","1","0","04","-","1","2","2","31","30/06/1990","1","03","3","2","1","07",,,,,,1,,7968,0
"00","1021","5","11B192","19","40519","4","1","0","03","-","1","3","2","25","08/11/1995","2","00",,"2","6","09",,,,,,1,,7968,0
"00","1021","4","11B192","19","40519","1","1","0","04","-","2",,,,,,,,,,,,,,,,1,,0,0
"00","1021","5","11B192","19","40519","3","1","1","02","-","1","2","1","27","21/04/1994","1","07","5","2","5","01","1","5","3","1","999999",1,,7968,0
"00","1021","5","11B192","19","40519","3","1","1","01","-","1","1","2","28","18/03/1993","1","04","3","2","5","01","4","4","3","1","001200",1,"1",7968,16056
"00","1021","4","11B192","19","40519","1","1","0","02","-","2",,,,,,,,,,,,,,,,1,,0,0
"00","1021","5","11B192","19","40519","4","1","0","02","-","1","3","1","25","16/10/1995","1","02","6","2","6","09",,,,,,1,,7968,0
"00","1021","4","11B192","19","40519","1","1","0","03","-","2",,,,,,,,,,,,,,,,1,,0,0
"00","1021","4","12A203","19","40547","3","1","0","02","-","1","7","1","01","09/11/2019",,,,,,,,,,,,1,,7898,0
"00","1021","4","12A203","19","40547","3","1","0","01","-","1","1","2","63","08/05/1958","1","06","2","2","3","08",,,,,,1,"1",7898,7996
"00","1021","4","12A203","19","40547","2","1","0","07","-","1","3","1","38","08/11/1982","1","07","5","2","6","01","1","5","3","2","999999",1,,7898,0
"00","1021","4","12A203","19","40547","2","1","0","02","-","1","2","2","60","31/10/1960","1","03","3","2","5","07",,,,,,1,,7898,0
"00","1021","4","12A203","19","40547","2","1","0","03","-","1","3","1","41","02/11/1979","1","07","5","2","6","01","1","5","2","3","020000",1,"1",7898,47976
"00","1021","4","12A203","19","40547","2","1","0","05","-","1","5","1","25","30/06/1996","1","99",,"2","1","01","7","2","3","1","999999",1,,7898,0
"00","1021","4","12A203","19","40547","2","1","0","01","-","1","1","1","62","06/11/1958","1","06","1","2","5","01","5","5","2","1","999999",1,,7898,0
"00","1021","4","12A203","19","40547","2","1","0","04","-","1","3","2","34","21/10/1986","1","04","2","2","3","01","3","5","3","2","999999",1,,7898,0
"00","1021","4","12A203","19","40547","2","1","0","06","-","1","5","2","14","20/08/2007","1","03","2","1","6","06",,,,,,1,,7898,0
"00","1021","4","12A203","19","40547","1","1","0","01","-","1","1","1","54","17/09/1967","1","04","3","2","3","01","7","2","3","2","007000",1,"1",7898,7996
"00","1021","4","11A203","19","40548","3","1","0","05","-","1","5","1","03","13/06/2018",,,,,,,,,,,,1,,6544,0
"00","1021","4","11A203","19","40548","3","1","0","03","-","1","5","2","05","16/01/2016","2","01","2","1",,,,,,,,1,,6544,0
"00","1021","4","11A203","19","40548","3","1","0","02","-","1","3","2","33","13/05/1988","1","07","5","2","2","01","5","5","3","2","999999",1,,6544,0
"00","1021","4","11A203","19","40548","3","1","0","04","-","1","5","2","04","21/02/2017",,,,,,,,,,,,1,,6544,0
"00","1021","4","11A203","19","40548","4","1","0","01","-","1","1","1","67","24/09/1954","1","02","6","2","3","04",,,,,,1,"1",6544,6594
"00","1021","4","11A203","19","40548","2","1","0","01","-","1","1","1","60","27/11/1960","1","02","6","2","5","08",,,,,,1,,6544,0
"00","1021","4","11A203","19","40548","2","1","0","02","-","1","2","2","58","01/08/1963","1","06","3","2","5","07",,,,,,1,,6544,0
"00","1021","4","11A203","19","40548","2","1","0","03","-","1","3","2","29","23/02/1992","1","04","2","2","6","04",,,,,,1,"1",6544,19782
"00","1021","4","11A203","19","40548","1","1","0","01","-","1","1","1","36","28/02/1985","1","04","1","2","2","01","7","3","2","1","003000",1,"1",6544,6594
"00","1021","4","11A203","19","40548","3","1","0","01","-","1","1","2","60","20/04/1961","1","02","6","2","4","07",,,,,,1,"1",6544,13188
"00","1021","4","11A203","19","40551","1","1","0","01","-","1","1","1","40","11/09/1981","1","04","2","2","5","01","7","2","3","1","002500",1,,6712,0
"00","1021","4","11A203","19","40551","1","1","0","02","-","1","2","2","32","04/06/1989","1","06","1","2","5","01","5","9","3","1","001500",1,"1",6712,13526
"00","1021","4","11A203","19","40551","1","1","0","03","-","1","3","1","11","22/08/2010","1","02","3","1",,,,,,,,1,,6712,0
"00","1021","4","11A203","19","40551","2","1","0","03","-","1","3","1","27","21/04/1994","1","07","1","2","6","01","5","5","3","1","001700",1,,6712,0
"00","1021","4","11A203","19","40551","2","1","0","01","-","1","1","1","57","15/12/1963","1","03","3","2","5","04",,,,,,1,,6712,0
"00","1021","4","11A203","19","40551","2","1","0","04","-","1","3","2","25","10/07/1996","1","07","6","2","6","01","3","2","3","1","002500",1,"1",6712,33815
"00","1021","4","11A203","19","40551","2","1","0","02","-","1","2","2","57","10/10/1963","1","02","6","2","5","07",,,,,,1,,6712,0
"00","1021","4","11A203","19","40551","2","1","0","05","-","1","7","2","25","06/07/1996","1","04","3","2","6","01","3","5","3","1","001700",1,,6712,0
"00","1021","3","11A203","19","40551","3","1","0","03","-","2",,,,,,,,,,,,,,,,1,,0,0
"00","1021","4","11A203","19","40551","3","1","0","05","-","1","5","1","14","10/06/2007","1","03","1","1","6","06",,,,,,1,,6712,0
"00","1021","4","11A203","19","40551","3","1","0","09","-","1","3","2","26","23/10/1994","1","03","3","2","6","01","7","2","3","1","002000",1,,6712,0
"00","1021","4","11A203","19","40551","3","1","0","10","-","1","5","2","06","26/09/2015","2","01","1","1",,,,,,,,1,,6712,0
"00","1021","4","11A203","19","40551","3","1","0","06","-","1","3","1","30","04/06/1991","1","03","3","2","6","01","7","5","3","1","002000",1,"1",6712,54103
"00","1021","4","11A203","19","40551","3","1","0","11","-","1","3","2","26","25/09/1995","1","03","3","2","1","01","7","2","3","1","002000",1,,6712,0
"00","1021","4","11A203","19","40551","3","1","0","02","-","1","2","2","47","02/01/1974","1","03","3","2","1","07",,,,,,1,,6712,0
"00","1021","4","11A203","19","40551","3","1","0","01","-","1","1","1","50","04/07/1971","1","02","3","2","1","01","7","5","3","1","002500",1,,6712,0
"00","1021","4","11A203","19","40551","3","1","0","08","-","1","5","1","09","02/09/2012","2","02","2","1",,,,,,,,1,,6712,0
"00","1021","3","11A203","19","40551","3","1","0","12","-","2",,,,,,,,,,,,,,,,1,,0,0
"00","1021","4","11A203","19","40551","3","1","0","07","-","1","3","2","28","07/05/1993","1","03","3","2","2","01","7","2","3","1","999999",1,,6712,0
"00","1021","4","11A203","19","40551","3","1","0","04","-","1","5","1","34","21/02/1987","1","03","3","2","5","01","7","5","3","1","001500",1,,6712,0
"00","1021","4","11A203","19","40551","3","1","0","13","-","1","4","2","69","25/01/1952","1","02","3","2","4","08",,,,,,1,,6712,0
"00","1021","4","11A203","19","40551","4","1","0","01","-","1","1","1","31","16/10/1989","1","03","3","2","5","01","5","9","3","1","002500",1,"1",6712,13526
"00","1021","4","11A203","19","40551","4","1","0","02","-","1","2","2","27","03/02/1994","1","03","3","2","5","07",,,,,,1,,6712,0
"00","1021","1","13A206","19","40556","4","1","0","04","-","1","3","2","14","29/06/2007","1","03","2","1","6","06",,,,,,1,,6403,0
"00","1021","1","13A206","19","40556","2","1","0","03","-","1","3","1","09","26/11/2011","1","02","4","1",,,,,,,,1,,6403,0
"00","1021","1","13A206","19","40556","3","1","0","03","-","1","3","2","19","19/09/2002","1","07","2","1","6","06",,,,,,1,"1",6403,25839
"00","1021","1","13A206","19","40556","3","1","0","05","-","1","3","1","03","17/07/2018",,,,,,,,,,,,1,,6403,0
"00","1021","1","13A206","19","40556","3","1","0","02","-","1","2","2","35","15/07/1986","1","06","2","2","5","01","3","5","3","2","006000",1,,6403,0
"00","1021","1","13A206","19","40556","3","1","0","04","-","1","3","2","18","30/06/2003","1","04","2","1","6","06",,,,,,1,,6403,0
"00","1021","1","13A206","19","40556","1","1","0","03","-","1","3","2","20","15/07/2001","1","07","2","1","6","06",,,,,,1,"1",6403,19379
"00","1021","1","13A206","19","40556","4","1","0","01","-","1","1","1","49","05/12/1971","1","04","3","2","5","01","1","5","3","2","006000",1,,6403,0
"00","1021","1","13A206","19","40556","4","1","0","02","-","1","2","2","50","27/04/1971","1","07","5","2","5","01","1","5","3","2","999999",1,"1",6403,19379
"00","1021","1","13A206","19","40556","3","1","0","01","-","1","1","1","47","13/08/1974","1","07","4","2","5","08",,,,,,1,,6403,0
"00","1021","1","13A206","19","40556","2","1","0","01","-","1","1","1","47","09/02/1974","1","07","4","2","5","01","3","2","3","1","004000",1,,6403,0
"00","1021","1","13A206","19","40556","1","1","0","02","-","1","2","2","54","30/06/1967","1","04","2","2","5","07",,,,,,1,,6403,0
"00","1021","1","13A206","19","40556","1","1","0","01","-","1","1","1","70","13/10/1950","1","06","2","2","5","08",,,,,,1,,6403,0
"00","1021","1","13A206","19","40556","2","1","0","04","-","1","3","2","01","12/02/2020",,,,,,,,,,,,1,,6403,0
"00","1021","1","13A206","19","40556","2","1","0","02","-","1","2","2","47","16/05/1974","1","07","5","2","5","07",,,,,,1,"1",6403,12919
"00","1021","1","13A206","19","40556","4","1","0","03","-","1","3","1","19","07/06/2002","1","04","1","1","6","06",,,,,,1,,6403,0
"00","1021","1","11A206","19","40561","4","1","0","04","-","1","3","2","02","17/07/2019",,,,,,,,,,,,1,,7435,0
"00","1021","1","11A206","19","40561","1","1","0","03","-","1","3","1","14","09/11/2006","1","03","3","2","6","10",,,,,,1,,7435,0
"00","1021","1","11A206","19","40561","1","1","0","01","-","1","1","1","46","02/06/1975","1","03","2","2","1","01","7","3","2","1","001600",1,,7435,0
"00","1021","1","11A206","19","40561","1","1","0","04","-","1","3","2","03","06/04/2018",,,,,,,,,,,,1,,7435,0
"00","1021","1","11A206","19","40561","1","1","0","02","-","1","2","2","31","31/10/1989","1","02","6","2","1","01","7","2","3","1","001400",1,"1",7435,14982
"00","1021","1","11A206","19","40561","2","1","0","02","-","1","3","2","42","09/05/1979","1","03","3","2","6","04",,,,,,1,,7435,0
"00","1021","1","11A206","19","40561","2","1","0","03","-","1","5","1","19","02/02/2002","1","04","2","2","6","01","5","4","3","1","001400",1,,7435,0
"00","1021","1","11A206","19","40561","2","1","0","01","-","1","1","2","67","20/11/1953","1","02","6","2","4","07",,,,,,1,"1",7435,22474
"00","1021","1","11A206","19","40561","4","1","0","05","-","1","3","2","00","13/08/2021",,,,,,,,,,,,1,,7435,0
"00","1021","1","11A206","19","40561","4","1","0","01","-","1","1","1","28","01/10/1993","1","03","3","2","5","01","5","6","4","1","002500",1,"1",7435,14982
"00","1021","1","11A206","19","40561","4","1","0","03","-","1","3","2","12","12/08/2009","1","02","5","1","6","06",,,,,,1,,7435,0
"00","1021","1","11A206","19","40561","4","1","0","02","-","1","2","2","27","12/09/1994","1","03","3","2","5","07",,,,,,1,,7435,0
"00","1021","1","11A206","19","40561","3","1","0","02","-","1","3","1","38","11/07/1983","1","02","6","2","4","01","7","3","2","1","003500",1,"1",7435,14982
"00","1021","1","11A206","19","40561","3","1","0","03","-","1","5","1","09","18/07/2012","1","02","3","1",,,,,,,,1,,7435,0
"00","1021","1","11A206","19","40561","3","1","0","01","-","1","1","1","58","26/08/1963","1","03","3","2","4","01","7","2","3","1","001800",1,,7435,0
"00","1021","4","13A203","19","40591","4","1","0","04","-","1","3","1","13","02/11/2007","1","03","2","1","6","06",,,,,,1,,10523,0
"00","1021","4","13A203","19","40591","1","1","0","02","-","1","8","2","51","22/07/1970","1","07","5","2","6","01","5","5","3","1","999999",1,,10523,0
"00","1021","4","13A203","19","40591","3","1","0","02","-","1","2","2","37","24/07/1984","1","07","5","2","5","01","1","5","3","2","999999",1,"1",10523,21234
"00","1021","4","13A203","19","40591","4","1","0","01","-","1","1","1","44","03/07/1977","1","07","5","2","5","01","1","5","3","1","999999",1,,10523,0
"00","1021","4","13A203","19","40591","4","1","0","02","-","1","2","2","39","19/01/1982","1","07","5","2","5","07",,,,,,1,"1",10523,31851
"00","1021","4","13A203","19","40591","4","1","0","05","-","1","3","2","09","10/12/2011","1","02","4","1",,,,,,,,1,,10523,0
"00","1021","4","13A203","19","40591","4","1","0","03","-","1","7","2","38","10/10/1982","1","06","2","2","6","01","4","4","3","1","999999",1,,10523,0
"00","1021","4","13A203","19","40591","2","1","0","02","-","1","2","2","37","12/04/1984","1","07","2","2","5","07",,,,,,1,,10523,0
"00","1021","4","13A203","19","40591","2","1","0","04","-","1","3","1","12","18/03/2009","1","02","6","1","6","06",,,,,,1,,10523,0
"00","1021","4","13A203","19","40591","2","1","0","01","-","1","1","1","48","17/06/1973","1","08","2","2","5","01","5","5","3","2","050000",1,"1",10523,21234
"00","1021","4","13A203","19","40591","2","1","0","03","-","1","3","1","13","22/05/2008","1","03","2","1","6","06",,,,,,1,,10523,0
"00","1021","4","13A203","19","40591","3","1","0","04","-","1","3","2","06","26/08/2015","1","01","3","1",,,,,,,,1,,10523,0
"00","1021","4","13A203","19","40591","3","1","0","03","-","1","3","2","09","18/06/2012","1","02","3","1",,,,,,,,1,,10523,0
"00","1021","4","13A203","19","40591","1","1","0","04","-","1","3","1","19","01/02/2002","1","04","2","1","6","06",,,,,,1,,10523,0
"00","1021","4","13A203","19","40591","1","1","0","01","-","1","1","2","50","14/12/1970","1","07","5","2","2","01","2","7","3","2","999999",1,"1",10523,42468
"00","1021","4","13A203","19","40591","1","1","0","03","-","1","3","2","22","29/10/1998","1","07","5","1","6","06",,,,,,1,,10523,0
"00","1021","4","13A203","19","40591","3","1","0","01","-","1","1","1","43","19/06/1978","1","07","5","2","5","01","1","5","3","1","999999",1,,10523,0
"00","1021","4","13A203","19","40597","3","1","0","03","-","1","3","1","07","10/06/2014","1","02","1","1",,,,,,,,1,,10702,0
"00","1021","4","13A203","19","40597","3","1","0","02","-","1","3","2","13","16/07/2008","1","03","1","1","6","06",,,,,,1,,10702,0
"00","1021","4","13A203","19","40597","3","1","0","01","-","1","1","2","33","26/11/1987","1","03","3","2","3","01","4","4","2","1","001500",1,"1",10702,10797
"00","1021","4","13A203","19","40597","2","1","0","01","-","1","1","1","51","12/01/1970","1","02","6","2","5","01","5","6","3","1","003000",1,,10702,0
"00","1021","4","13A203","19","40597","2","1","0","02","-","1","2","2","46","23/02/1975","1","03","3","2","5","07",,,,,,1,"1",10702,32391
"00","1021","4","13A203","19","40597","2","1","0","04","-","1","3","2","07","11/10/2013","1","02","2","1",,,,,,,,1,,10702,0
"00","1021","4","13A203","19","40597","2","1","0","03","-","1","3","2","22","22/01/1999","1","04","1","1","6","06",,,,,,1,,10702,0
"00","1021","4","13A203","19","40597","3","1","0","04","-","1","3","2","01","10/06/2020",,,,,,,,,,,,1,,10702,0
"00","1021","4","13A203","19","40597","4","1","0","02","-","1","3","2","17","15/06/2004","1","07","1","1","6","06",,,,,,1,,10702,0
"00","1021","4","13A203","19","40597","4","1","0","01","-","1","1","2","50","01/11/1970","1","06","2","2","4","08",,,,,,1,"1",10702,10797
"00","1021","3","13A203","19","40597","4","1","0","03","-","2",,,,,,,,,,,,,,,,1,,0,0
"00","1021","4","13A203","19","40597","1","1","0","03","-","1","3","1","10","16/05/2011","1","02","4","1",,,,,,,,1,,10702,0
"00","1021","4","13A203","19","40597","1","1","0","01","-","1","1","1","47","29/09/1974","1","04","2","2","5","01","7","2","3","1","999999",1,,10702,0
"00","1021","4","13A203","19","40597","1","1","0","04","-","1","3","2","07","24/09/2014","1","02","1","1",,,,,,,,1,,10702,0
"00","1021","4","13A203","19","40597","1","1","0","02","-","1","2","2","30","04/04/1991","1","04","2","2","5","07",,,,,,1,"1",10702,21594
"00","1021","4","13A203","19","40600","3","1","0","03","-","1","3","1","05","01/03/2016","1","01","2","1",,,,,,,,1,,11136,0
"00","1021","4","13A203","19","40600","4","1","0","01","-","1","1","1","25","27/09/1996","1","04","2","2","1","01","5","4","3","2","999999",1,,11136,0
"00","1021","4","13A203","19","40600","4","1","0","02","-","1","2","2","22","13/03/1999","1","06","2","2","1","07",,,,,,1,"1",11136,22469
"00","1021","4","13A203","19","40600","4","1","0","03","-","1","3","1","03","24/03/2018",,,,,,,,,,,,1,,11136,0
"00","1021","4","13A203","19","40600","3","1","0","04","-","1","3","2","03","17/08/2018",,,,,,,,,,,,1,,11136,0
"00","1021","4","13A203","19","40600","2","1","0","02","-","1","2","2","64","16/10/1956","1","02","6","2","5","07",,,,,,1,,11136,0
"00","1021","4","13A203","19","40600","3","1","0","02","-","1","2","2","27","13/10/1993","1","07","3","2","5","03","3","5","3","2","002000",1,"1",11136,22469
"00","1021","4","13A203","19","40600","1","1","0","01","-","1","1","1","55","26/10/1965","1","06","3","2","5","01","1","4","3","2","999999",1,,11136,0
"00","1021","4","13A203","19","40600","1","1","0","03","-","1","3","2","30","21/01/1991","1","04","2","2","6","01","5","5","3","1","001000",1,"1",11136,33704
"00","1021","4","13A203","19","40600","1","1","0","02","-","1","2","2","52","01/09/1969","1","04","2","2","5","01","4","4","5","2","999999",1,,11136,0
"00","1021","4","13A203","19","40600","2","1","0","01","-","1","1","1","65","10/10/1955","1","02","6","2","5","08",,,,,,1,"1",11136,22469
"00","1021","4","13A203","19","40600","3","1","0","01","-","1","1","1","27","17/11/1993","1","08","1","2","5","01","4","4","2","1","999999",1,,11136,0
"00","1021","7","11A198","20","40076","1","1","0","01","-","1","1","1","69","25/01/1952","1","07","5","2","4","08",,,,,,1,"1",9383,18910
"00","1021","7","11A198","20","40076","1","1","0","02","-","1","2","2","61","14/06/1960","1","02","2","2","1","07",,,,,,1,,9383,0
"00","1021","7","11A198","20","40076","3","1","0","02","-","1","2","2","58","11/04/1963","1","06","3","2","5","07",,,,,,1,,9383,0
"00","1021","7","11A198","20","40076","3","1","0","04","-","1","5","1","04","01/12/2016",,,,,,,,,,,,1,,9383,0
"00","1021","7","11A198","20","40076","3","1","0","03","-","1","3","2","31","13/11/1989","1","07","3","2","6","01","4","4","3","1","001200",1,"1",9383,28365
"00","1021","7","11A198","20","40076","3","1","0","01","-","1","1","1","60","16/08/1961","1","07","4","2","5","01","4","4","3","1","001200",1,,9383,0
"00","1021","7","11A198","20","40076","2","1","1","01","-","1","1","2","57","07/02/1964","1","03","3","2","5","07",,,,,,1,"1",9383,9455
"00","1021","6","12B191","20","40108","2","1","0","01","-","1","1","1","39","04/06/1982","1","07","2","2","6","01","3","7","3","3","015000",1,"1",5718,17284
"00","1021","6","12B191","20","40108","2","1","0","03","-","1","4","2","90","15/05/1931","2","00",,"2","4","10",,,,,,1,,5718,0
"00","1021","6","12B191","20","40108","2","1","0","02","-","1","4","2","67","22/02/1954","1","02","6","2","6","07",,,,,,1,,5718,0
"00","1021","6","12B191","20","40108","1","1","0","04","-","1","5","1","27","30/06/1994","1","02","6","2","2","04",,,,,,1,,5718,0
"00","1021","6","12B191","20","40108","4","1","0","01","-","1","1","1","53","04/03/1968","1","07","5","1","1","01","1","5","3","2","009000",1,"1",5718,11523
"00","1021","6","12B191","20","40108","1","1","0","02","-","1","3","2","45","30/04/1976","1","04","2","2","2","01","5","5","2","1","999999",1,,5718,0
"00","1021","6","12B191","20","40108","1","1","0","01","-","1","1","1","69","18/03/1952","1","02","6","2","2","01","7","2","1","1","001200",1,,5718,0
"00","1021","6","12B191","20","40108","1","1","0","03","-","1","3","1","43","30/06/1978","1","03","2","2","2","10",,,,,,1,"1",5718,23046
"00","1021","6","12B191","20","40108","4","1","0","02","-","1","2","2","32","05/04/1989","1","04","3","2","1","01","4","4","3","1","001200",1,,5718,0
"00","1021","3","12A204","20","40131","4","1","0","02","-","1","3","1","33","01/04/1988","1","07","4","2","6","01","5","6","5","1","999999",1,,5586,0
"00","1021","3","12A204","20","40131","4","1","0","01","-","1","1","2","61","20/03/1960","1","03","2","2","5","01","4","4","2","1","999999",1,"1",5586,11312
"00","1021","3","12A204","20","40131","2","1","0","01","-","1","1","1","72","02/12/1948","1","07","5","2","5","01","1","5","2","3","002000",1,,5586,0
"00","1021","2","12A204","20","40131","2","1","0","03","-","2",,,,,,,,,,,,,,,,1,,0,0
"00","1021","3","12A204","20","40131","2","1","0","02","-","1","2","2","78","27/02/1943","1","05","3","2","5","08",,,,,,1,"1",5586,11312
"00","1021","3","12A204","20","40131","1","1","0","02","-","1","3","1","42","11/12/1978","1","07","5","2","6","10",,,,,,1,"1",5586,11312
"00","1021","3","12A204","20","40131","1","1","0","01","-","1","1","2","71","28/04/1950","1","02","4","2","4","08",,,,,,1,,5586,0
"00","1021","3","12A204","20","40131","3","1","0","01","-","1","1","2","39","20/12/1981","1","07","5","2","6","03","3","6","3","2","005000",1,"1",5586,5656
"00","1021","2","11A205","20","40262","4","1","0","01","-","1","1","2","72","31/01/1949","1","02","6","2","6","01","5","5","3","2","001000",1,"1",10155,20465
"00","1021","2","11A205","20","40262","2","1","0","06","-","1","5","1","05","25/12/2015","2","01","3","1",,,,,,,,1,,10155,0
"00","1021","2","11A205","20","40262","2","1","0","05","-","1","5","1","15","02/12/2005","1","03","3","1","6","06",,,,,,1,,10155,0
"00","1021","2","11A205","20","40262","2","1","0","02","-","1","3","1","27","19/07/1994","1","03","3","2","1","01","7","2","2","1","002500",1,,10155,0
"00","1021","2","11A205","20","40262","2","1","0","07","-","1","5","1","02","04/03/2019",,,,,,,,,,,,1,,10155,0
"00","1021","2","11A205","20","40262","2","1","0","04","-","1","5","1","17","01/04/2004","1","04","2","1","6","02","7","2","6","5",,1,,10155,0
"00","1021","2","11A205","20","40262","2","1","0","03","-","1","5","2","30","18/10/1990","1","04","3","2","1","07",,,,,,1,"1",10155,30698
"00","1021","2","11A205","20","40262","1","1","0","03","-","1","3","2","19","17/10/2001","1","04","3","1","6","06",,,,,,1,,10155,0
"00","1021","2","11A205","20","40262","1","1","0","04","-","1","3","1","13","19/05/2008","1","03","1","1","6","06",,,,,,1,,10155,0
"00","1021","2","11A205","20","40262","4","1","0","02","-","1","3","1","35","08/03/1986","1","04","3","2","6","07",,,,,,1,,10155,0
"00","1021","2","11A205","20","40262","2","1","0","01","-","1","1","2","51","24/12/1969","1","02","6","2","3","07",,,,,,1,,10155,0
"00","1021","2","11A205","20","40262","1","1","0","02","-","1","2","2","49","28/11/1971","1","03","3","2","5","07",,,,,,1,"1",10155,30698
"00","1021","2","11A205","20","40262","1","1","0","01","-","1","1","1","55","07/12/1965","1","02","6","2","5","01","7","3","2","1","002250",1,,10155,0
"00","1021","2","11A205","20","40264","2","1","0","01","-","1","1","1","46","07/06/1975","1","03","3","2","5","01","5","5","3","3","006000",1,,11043,0
"00","1021","2","11A205","20","40264","1","1","0","02","-","1","2","2","41","11/04/1980","1","07","5","2","5","01","3","7","3","2","006500",1,,11043,0
"00","1021","2","11A205","20","40264","2","1","0","02","-","1","2","2","39","19/02/1982","1","03","3","2","5","07",,,,,,1,,11043,0
"00","1021","2","11A205","20","40264","2","1","0","04","-","1","3","2","06","02/02/2015","1","01","3","1",,,,,,,,1,,11043,0
"00","1021","2","11A205","20","40264","2","1","0","03","-","1","3","2","10","25/01/2011","1","02","4","1",,,,,,,,1,,11043,0
"00","1021","2","11A205","20","40264","3","1","0","04","-","1","3","1","11","07/11/2009","1","02","6","1",,,,,,,,1,,11043,0
"00","1021","2","11A205","20","40264","3","1","0","03","-","1","3","1","13","27/03/2008","1","03","1","1","6","06",,,,,,1,,11043,0
"00","1021","2","11A205","20","40264","3","1","0","01","-","1","1","1","36","27/02/1985","1","04","3","2","5","01","5","5","3","3","001500",1,,11043,0
"00","1021","2","11A205","20","40264","3","1","0","02","-","1","2","2","31","04/04/1990","1","03","3","2","5","07",,,,,,1,"1",11043,22255
"00","1021","2","11A205","20","40264","4","1","0","04","-","1","3","1","07","06/10/2013","1","02","2","1",,,,,,,,1,,11043,0
"00","1021","2","11A205","20","40264","4","1","0","02","-","1","2","2","37","14/12/1983","1","06","3","2","5","01","3","2","3","2","003000",1,,11043,0
"00","1021","2","11A205","20","40264","4","1","0","01","-","1","1","1","38","13/05/1983","1","08","3","2","5","01","1","5","3","2","010000",1,"1",11043,22255
"00","1021","2","11A205","20","40264","4","1","0","03","-","1","3","1","11","19/10/2009","1","02","6","1",,,,,,,,1,,11043,0
"00","1021","2","11A205","20","40264","1","1","0","03","-","1","3","1","10","11/04/2011","1","02","4","1",,,,,,,,1,,11043,0
"00","1021","2","11A205","20","40264","1","1","0","01","-","1","1","1","41","19/06/1980","1","07","5","2","5","01","3","7","3","2","006500",1,"1",11043,22255
"00","1021","2","11A205","20","40264","1","1","0","04","-","1","3","2","12","11/06/2009","1","03","1","1","6","06",,,,,,1,,11043,0
"00","1021","2","11A205","20","40264","2","1","0","05","-","1","4","1","85","31/12/1935","2","00",,"2","4","10",,,,,,1,"1",11043,33382
"00","1021","8","11A197","20","40294","3","1","0","02","-","1","2","2","98",,"1","02","6","2","5","01","4","4","1","2","999999",1,,4301,0
"00","1021","8","11A197","20","40294","3","1","0","01","-","1","1","1","65","30/06/1956","1","07","4","2","5","01","4","4","2","2","999999",1,"1",4301,8667
"00","1021","8","11A197","20","40294","4","1","0","01","-","1","1","2","74","19/05/1947","1","05","3","2","6","08",,,,,,1,"1",4301,4334
"00","1021","8","11A197","20","40294","1","1","0","03","-","1","3","2","43","22/01/1978","1","07","4","2","6","01","4","4","2","2","001000",1,,4301,0
"00","1021","8","11A197","20","40294","1","1","0","02","-","1","3","2","35","15/07/1986","1","07","5","2","6","01","4","4","2","2","002000",1,,4301,0
"00","1021","8","11A197","20","40294","1","1","0","01","-","1","1","2","67","07/11/1953","1","08","3","2","2","07",,,,,,1,"1",4301,13001
"00","1021","8","11A197","20","40294","2","1","0","01","-","1","1","2","58","02/07/1963","1","02","3","2","4","07",,,,,,1,"1",4301,4334
"00","1021","5","11A197","20","40294","2","1","0","02","-","2",,,,,,,,,,,,,,,,1,,0,0
"00","1021","5","11A197","20","40294","2","1","0","03","-","2",,,,,,,,,,,,,,,,1,,0,0
"00","1021","5","11A197","20","40294","2","1","0","04","-","2",,,,,,,,,,,,,,,,1,,0,0
"00","1021","5","11A197","20","40294","2","1","0","05","-","2",,,,,,,,,,,,,,,,1,,0,0
"00","1021","1","11A206","20","40325","1","1","0","01","-","1","1","1","63","07/11/1957","1","02","6","2","5","01","7","3","3","1","999999",1,,8364,0
"00","1021","1","11A206","20","40325","3","1","0","01","-","1","1","1","58","07/10/1962","1","07","5","2","5","01","3","7","3","2","012000",1,"1",8364,25283
"00","1021","1","11A206","20","40325","3","1","0","03","-","1","3","2","21","11/05/2000","1","07","2","1","6","06",,,,,,1,,8364,0
"00","1021","1","11A206","20","40325","3","1","0","02","-","1","2","2","53","03/10/1968","1","03","3","2","5","07",,,,,,1,,8364,0
"00","1021","1","11A206","20","40325","2","1","0","02","-","1","2","2","98",,"1","07","4","2","5","01","1","5","3","2","004500",1,,8364,0
"00","1021","1","11A206","20","40325","2","1","0","04","-","1","3","1","99",,,,,,,,,,,,,1,,8364,0
"00","1021","1","11A206","20","40325","2","1","0","01","-","1","1","1","39","29/07/1982","1","07","4","2","5","01","1","5","3","2","004500",1,"1",8364,16855
"00","1021","1","11A206","20","40325","2","1","0","03","-","1","3","2","99",,,,,,,,,,,,,1,,8364,0
"00","1021","1","11A206","20","40325","1","1","0","02","-","1","2","2","58","23/07/1963","1","02","2","2","5","01","4","4","2","1","999999",1,"1",8364,16855
"00","1021","1","11A206","20","40327","1","1","0","05","-","1","3","2","15","04/01/2006","1","03","3","1","6","06",,,,,,1,,12537,0
"00","1021","1","11A206","20","40327","1","1","0","03","-","1","3","1","23","27/02/1998","1","02","6","2","6","01","7","2","3","1","001500",1,,12537,0
"00","1021","1","11A206","20","40327","1","1","0","02","-","1","2","2","45","27/06/1976","1","03","2","2","1","07",,,,,,1,"1",12537,37898
"00","1021","1","11A206","20","40327","2","1","0","02","-","1","2","1","41","14/12/1979","1","03","3","2","5","01","3","6","5","2","002000",1,"1",12537,37898
"00","1021","1","11A206","20","40327","3","1","0","03","-","1","3","2","25","19/12/1995","1","07","1","2","6","01","4","4","3","1","999999",1,,12537,0
"00","1021","1","11A206","20","40327","3","1","0","02","-","1","4","2","98",,"2","00",,"2","4","10",,,,,,1,,12537,0
"00","1021","1","11A206","20","40327","3","1","0","01","-","1","1","2","54","30/01/1967","1","99",,"2","6","01","4","4","2","1","999999",1,,12537,0
"00","1021","1","11A206","20","40327","3","1","0","05","-","1","3","1","20","25/11/2000","1","07","1","1","6","01","5","5","3","1","001200",1,"1",12537,50531
"00","1021","1","11A206","20","40327","1","1","0","04","-","1","3","1","17","28/02/2004","1","03","3","2","6","04",,,,,,1,,12537,0
"00","1021","1","11A206","20","40327","3","1","0","04","-","1","5","2","09","28/10/2011","1","02","4","1",,,,,,,,1,,12537,0
"00","1021","1","11A206","20","40327","2","1","0","01","-","1","1","2","38","09/10/1982","1","03","3","2","5","01","5","5","3","1","001000",1,,12537,0
"00","1021","1","11A206","20","40327","2","1","0","04","-","1","3","2","16","15/08/2005","1","03","3","1","6","06",,,,,,1,,12537,0
"00","1021","1","11A206","20","40327","2","1","0","03","-","1","3","2","18","23/08/2003","1","04","2","1","6","06",,,,,,1,,12537,0
"00","1021","1","11A206","20","40327","1","1","0","01","-","1","1","1","55","01/10/1966","1","02","3","2","1","01","5","7","3","2","004000",1,,12537,0
"00","1021","1","11A206","20","40327","4","1","0","03","-","1","2","1","41","01/10/1980","1","02","6","2","1","01","7","3","3","1","001500",1,,12537,0
"00","1021","1","11A206","20","40327","4","1","0","02","-","1","3","2","16","10/08/2005","1","02","4","2","6","07",,,,,,1,,12537,0
"00","1021","1","11A206","20","40327","4","1","0","01","-","1","1","2","41","20/10/1979","1","02","5","2","1","01","7","2","2","1","000600",1,"1",12537,25265
"00","1021","1","11A206","20","40327","1","1","0","06","-","1","3","2","13","29/01/2008","1","03","1","1","6","06",,,,,,1,,12537,0
"00","1021","7","13A198","20","40360","3","1","0","01","-","1","1","1","60","20/10/1960","1","06","3","2","1","01","4","4","5","3","012500",1,,7835,0
"00","1021","7","13A198","20","40360","3","1","0","04","-","1","3","2","09","24/04/2012","1","02","2","1",,,,,,,,1,,7835,0
"00","1021","7","13A198","20","40360","3","1","0","03","-","1","3","2","17","16/05/2004","1","04","1","1","6","06",,,,,,1,,7835,0
"00","1021","7","13A198","20","40360","3","1","0","02","-","1","2","2","40","27/02/1981","1","04","3","2","1","01","5","5","3","2","006500",1,"1",7835,15865
"00","1021","7","13A198","20","40360","1","1","0","02","-","1","2","2","46","01/01/1975","1","07","5","2","5","01","3","7","3","2","999999",1,,7835,0
"00","1021","7","13A198","20","40360","2","1","0","03","-","1","3","2","06","09/10/2015","1","01","2","1",,,,,,,,1,,7835,0
"00","1021","7","13A198","20","40360","2","1","0","02","-","1","2","2","33","18/06/1988","1","08","2","2","5","07",,,,,,1,,7835,0
"00","1021","7","13A198","20","40360","2","1","0","01","-","1","1","1","34","03/06/1987","1","07","5","2","5","01","3","7","3","3","015000",1,"1",7835,15865
"00","1021","7","13A198","20","40360","1","1","0","04","-","1","3","2","17","30/09/2004","1","04","1","1","6","06",,,,,,1,,7835,0
"00","1021","7","13A198","20","40360","1","1","0","03","-","1","3","2","24","15/09/1997","1","07","5","2","6","04",,,,,,1,,7835,0
"00","1021","7","13A198","20","40360","1","1","0","01","-","1","1","1","50","18/04/1971","1","04","3","2","5","01","3","7","3","2","999999",1,"1",7835,23798
"00","1021","2","13A198","20","40360","4","1","0","04","-","2",,,,,,,,,,,,,,,,1,,0,0
"00","1021","2","13A198","20","40360","4","1","0","05","-","2",,,,,,,,,,,,,,,,1,,0,0
"00","1021","2","13A198","20","40360","4","1","0","02","-","2",,,,,,,,,,,,,,,,1,,0,0
"00","1021","7","13A198","20","40360","4","1","0","03","-","1","3","2","15","13/06/2006","1","03","2","1","6","06",,,,,,1,,7835,0
"00","1021","7","13A198","20","40360","4","1","0","01","-","1","1","2","55","25/07/1966","1","02","6","2","5","01","4","4","2","1","000600",1,"1",7835,7933
"00","1021","5","11B192","20","40363","1","1","0","02","-","1","2","2","60","12/09/1961","2","02","6","2","5","07",,,,,,1,"1",6080,12253
"00","1021","5","11B192","20","40363","1","1","0","01","-","1","1","1","56","26/02/1965","1","02","6","2","5","01","3","5","3","2","999999",1,,6080,0
"00","1021","5","11B192","20","40363","3","1","0","04","-","1","3","2","11","03/02/2010","1","02","4","1",,,,,,,,1,,6080,0
"00","1021","5","11B192","20","40363","3","1","0","02","-","1","2","2","39","12/12/1981","1","04","3","2","1","07",,,,,,1,,6080,0
"00","1021","5","11B192","20","40363","3","1","0","03","-","1","3","1","20","05/01/2001","1","04","1","1","6","01","7","3","3","1","001800",1,,6080,0
"00","1021","5","11B192","20","40363","2","1","0","02","-","1","2","2","69","02/04/1952","1","02","6","2","5","07",,,,,,1,"1",6080,12253
"00","1021","2","11B192","20","40363","1","1","0","03","-","2",,,,,,,,,,,,,,,,1,,0,0
"00","1021","2","11B192","20","40363","1","1","0","04","-","2",,,,,,,,,,,,,,,,1,,0,0
"00","1021","2","11B192","20","40363","1","1","0","05","-","2",,,,,,,,,,,,,,,,1,,0,0
"00","1021","5","11B192","20","40363","2","1","0","01","-","1","1","1","72","09/04/1949","1","02","2","2","5","08",,,,,,1,,6080,0
"00","1021","5","11B192","20","40363","3","1","0","01","-","1","1","1","48","27/05/1973","1","03","3","2","1","01","7","3","1","1","003000",1,"1",6080,18379
"00","1021","5","13B192","20","40368","1","1","0","01","-","1","1","1","48","20/09/1973","1","08","2","2","5","01","3","5","3","2","011000",1,,6115,0
"00","1021","5","13B192","20","40368","1","1","0","04","-","1","3","1","07","29/08/2014","1","01","3","1",,,,,,,,1,,6115,0
"00","1021","5","13B192","20","40368","1","1","0","02","-","1","2","2","40","15/07/1981","1","06","4","2","5","01","4","4","2","3","005000",1,"1",6115,12382
"00","1021","5","13B192","20","40368","4","1","0","01","-","1","1","1","19","30/08/2002","1","04","2","2","6","01","5","5","1","1","001500",1,"1",6115,6191
"00","1021","5","13B192","20","40368","2","1","0","02","-","1","6","1","16","03/04/2005","1","03","2","2","6","07",,,,,,1,,6115,0
"00","1021","5","13B192","20","40368","2","1","0","01","-","1","1","1","21","20/03/2000","1","03","3","2","6","01","7","2","3","1","999999",1,"1",6115,12382
"00","1021","5","13B192","20","40368","2","1","0","03","-","1","6","1","12","13/08/2009","1","02","5","1","6","06",,,,,,1,,6115,0
"00","1021","5","13B192","20","40368","2","1","0","04","-","1","4","1","45","18/07/1976","1","02","6","2","5","01","7","2","2","1","999999",1,,6115,0
"00","1021","5","13B192","20","40368","1","1","0","03","-","1","3","1","10","05/04/2011","1","02","3","1",,,,,,,,1,,6115,0
"00","1021","4","11A203","20","40385","1","1","0","01","-","1","1","1","25","02/10/1996","1","04","3","2","1","01","4","4","5","2","007000",1,,11074,0
"00","1021","4","11A203","20","40385","1","1","0","03","-","1","3","2","06","02/10/2015","2","01","3","1",,,,,,,,1,,11074,0
"00","1021","4","11A203","20","40385","1","1","0","04","-","1","3","2","01","27/07/2020",,,,,,,,,,,,1,,11074,0
"00","1021","4","11A203","20","40385","1","1","0","02","-","1","2","2","24","27/03/1997","1","07","2","2","1","01","4","4","5","2","004000",1,"1",11074,22318
"00","1021","4","11A203","20","40385","4","1","0","02","-","1","3","1","30","08/12/1990","1","07","5","2","6","04",,,,,,1,,11074,0
"00","1021","4","11A203","20","40385","4","1","0","01","-","1","1","2","55","04/05/1966","1","06","3","2","4","01","3","5","3","2","004200",1,"1",11074,22318
"00","1021","4","11A203","20","40385","3","1","0","04","-","1","3","1","08","20/11/2012","1","02","2","1",,,,,,,,1,,11074,0
"00","1021","4","11A203","20","40385","3","1","0","01","-","1","1","1","45","02/09/1976","1","07","5","2","5","01","3","5","3","2","005000",1,,11074,0
"00","1021","4","11A203","20","40385","3","1","0","02","-","1","2","2","33","28/11/1987","1","04","3","2","5","01","3","5","3","2","005500",1,"1",11074,22318
"00","1021","4","11A203","20","40385","2","1","0","01","-","1","1","1","41","15/11/1979","1","07","5","2","5","01","3","5","5","2","999999",1,,11074,0
"00","1021","4","11A203","20","40385","2","1","0","03","-","1","3","1","13","27/12/2007","1","03","1","1","6","06",,,,,,1,,11074,0
"00","1021","4","11A203","20","40385","2","1","0","04","-","1","3","2","10","31/01/2011","1","02","4","1",,,,,,,,1,,11074,0
"00","1021","4","11A203","20","40385","2","1","0","02","-","1","2","2","35","23/12/1985","1","07","5","2","5","07",,,,,,1,"1",11074,22318
"00","1021","4","11A203","20","40385","3","1","0","03","-","1","3","1","11","18/08/2010","1","02","5","1",,,,,,,,1,,11074,0
"00","1021","7","13A198","21","40010","2","1","0","03","-","1","3","1","07","05/02/2014","1","01","3","1",,,,,,,,1,,6420,0
"00","1021","7","13A198","21","40010","2","1","0","04","-","1","3","2","02","04/07/2019",,,,,,,,,,,,1,,6420,0
"00","1021","7","13A198","21","40010","2","1","0","01","-","1","1","1","35","31/08/1986","1","06","3","2","5","01","1","5","2","3","009999",1,,6420,0
"00","1021","7","13A198","21","40010","2","1","0","02","-","1","2","2","27","21/10/1993","1","06","3","2","5","07",,,,,,1,"1",6420,13001
"00","1021","3","13A198","21","40010","2","1","0","05","-","2",,,,,,,,,,,,,,,,1,,0,0
"00","1021","7","13A198","21","40010","3","1","0","04","-","1","5","2","31","15/06/1990","1","03","3","1","5","06",,,,,,1,,6420,0
"00","1021","5","13A198","21","40010","1","1","1","01","-","2",,,,,,,,,,,,,,,,1,,0,0
"00","1021","5","13A198","21","40010","1","1","1","02","-","2",,,,,,,,,,,,,,,,1,,0,0
"00","1021","7","13A198","21","40010","3","1","0","01","-","1","1","1","66","13/12/1954","1","03","3","2","5","01","5","5","2","3","009999",1,"1",6420,26001
"00","1021","7","13A198","21","40010","3","1","0","02","-","1","3","2","35","01/03/1986","1","07","5","1","5","06",,,,,,1,,6420,0
"00","1021","7","13A198","21","40010","3","1","0","03","-","1","3","1","32","07/07/1989","1","04","3","2","5","01","5","5","2","3","009999",1,,6420,0
"00","1021","7","13A198","21","40010","1","1","1","03","-","1","3","1","26","10/06/1995","1","02","3","2","6","04",,,,,,1,"1",6420,6500
"00","1021","7","12A198","21","40110","4","1","0","01","-","1","1","1","41","20/12/1979","1","04","3","2","5","01","7","2","3","3","009999",1,,6437,0
"00","1021","7","12A198","21","40110","4","1","0","03","-","1","3","1","14","20/12/2006","1","03","2","1","6","06",,,,,,1,,6437,0
"00","1021","7","12A198","21","40110","4","1","0","02","-","1","2","2","39","12/02/1982","1","04","3","2","5","07",,,,,,1,"1",6437,13034
"00","1021","7","12A198","21","40110","3","1","1","01","-","1","1","1","54","08/10/1966","1","07","3","2","5","01","4","4","2","3","009999",1,"1",6437,19551
"00","1021","7","12A198","21","40110","2","1","1","01","-","1","1","2","42","30/03/1979","1","07","4","2","3","01","5","5","2","3","009999",1,"1",6437,6517
"00","1021","7","12A198","21","40110","1","1","2","01","-","1","1","1","22","22/02/1999","1","07","5","1","6","06",,,,,,1,"1",6437,6517
"00","1021","7","12A198","21","40110","3","1","1","02","-","1","2","2","56","03/03/1965","1","07","4","2","5","07",,,,,,1,,6437,0
"00","1021","7","12A198","21","40110","3","1","1","03","-","1","3","1","21","14/04/2000","1","07","2","1","6","06",,,,,,1,,6437,0
"00","1021","3","12A204","21","40188","3","1","0","03","-","1","3","1","15","08/03/2006","1","03","3","1","6","06",,,,,,1,,7362,0
"00","1021","3","12A204","21","40188","2","1","0","01","-","1","1","1","33","28/01/1988","1","04","3","2","5","01","4","4","2","1","001000",1,,7362,0
"00","1021","3","12A204","21","40188","2","1","0","03","-","1","3","2","05","01/08/2016","1","01","2","1",,,,,,,,1,,7362,0
"00","1021","3","12A204","21","40188","3","1","0","02","-","1","2","2","38","06/09/1983","1","08","2","2","1","01","1","5","3","2","004500",1,"1",7362,14908
"00","1021","3","12A204","21","40188","2","1","0","02","-","1","2","2","27","15/06/1994","1","04","3","2","5","02","4","4","6","5",,1,"1",7362,14908
"00","1021","3","12A204","21","40188","1","1","0","03","-","1","5","1","12","15/06/2009","1","03","1","1","6","06",,,,,,1,,7362,0
"00","1021","3","12A204","21","40188","1","1","0","06","-","1","5","2","06","15/06/2015","1","02","1","1",,,,,,,,1,,7362,0
"00","1021","3","12A204","21","40188","1","1","0","04","-","1","3","2","38","22/06/1983","1","04","3","2","5","07",,,,,,1,,7362,0
"00","1021","3","12A204","21","40188","1","1","0","05","-","1","5","1","39","04/11/1981","1","04","3","2","5","01","5","5","2","1","999999",1,,7362,0
"00","1021","3","12A204","21","40188","1","1","0","02","-","1","2","1","66","15/09/1955","1","02","6","2","5","04",,,,,,1,,7362,0
"00","1021","3","12A204","21","40188","1","1","0","01","-","1","1","2","63","12/11/1957","1","02","6","2","5","07",,,,,,1,"1",7362,29816
"00","1021","3","12A204","21","40188","4","1","0","02","-","1","2","2","28","18/06/1993","1","07","1","2","5","01","4","4","2","1","999999",1,,7362,0
"00","1021","3","12A204","21","40188","4","1","0","01","-","1","1","1","36","13/09/1985","1","07","2","2","5","01","3","5","3","1","999999",1,"1",7362,14908
"00","1021","3","12A204","21","40188","3","1","0","04","-","1","3","1","09","08/03/2012","1","02","3","1",,,,,,,,1,,7362,0
"00","1021","3","12A204","21","40188","3","1","0","01","-","1","1","1","41","08/05/1980","1","07","5","2","1","01","4","4","2","1","999999",1,,7362,0
"00","1021","3","11A204","21","40189","3","1","0","02","-","1","5","1","41","31/05/1980","1","04","3","2","6","01","5","5","2","1","999999",1,"1",6616,13333
"00","1021","3","11A204","21","40189","3","1","0","01","-","1","1","2","86","15/02/1935","1","00",,"2","2","07",,,,,,1,,6616,0
"00","1021","3","11A204","21","40189","1","1","0","01","-","1","1","2","58","26/01/1963","1","02","6","2","5","01","5","5","2","1","999999",1,"1",6616,13333
"00","1021","3","11A204","21","40189","1","1","0","02","-","1","2","1","66","22/11/1954","1","03","3","2","5","09",,,,,,1,,6616,0
"00","1021","2","11A204","21","40189","2","1","0","02","-","2",,,,,,,,,,,,,,,,1,,0,0
"00","1021","3","11A204","21","40189","2","1","0","03","-","1","3","1","41","18/08/1980","1","07","5","2","6","01","4","4","2","1","999999",1,"1",6616,13333
"00","1021","3","11A204","21","40189","4","1","0","01","-","1","1","1","58","24/11/1962","1","07","4","2","5","08",,,,,,1,"1",6616,13333
"00","1021","3","11A204","21","40189","4","1","0","02","-","1","2","2","56","24/11/1964","1","07","4","2","5","08",,,,,,1,,6616,0
"00","1021","3","11A204","21","40189","2","1","0","01","-","1","1","2","63","06/07/1958","2","03","3","2","2","07",,,,,,1,,6616,0
"00","1021","8","12A197","21","40194","1","1","0","01","-","1","1","1","49","30/06/1972","1","07","5","2","5","01","1","5","3","2","999999",1,"1",15738,31755
"00","1021","8","12A197","21","40194","4","1","0","03","-","1","3","1","12","02/04/2009","1","02","5","1","6","06",,,,,,1,,15738,0
"00","1021","8","12A197","21","40194","2","1","0","04","-","1","2","2","49","30/01/1972","1","07","5","2","5","01","1","5","3","2","999999",1,,15738,0
"00","1021","8","12A197","21","40194","2","1","0","02","-","1","3","2","19","10/02/2002","1","04","3","1","6","06",,,,,,1,,15738,0
"00","1021","8","12A197","21","40194","2","1","0","01","-","1","1","1","25","07/04/1996","1","07","5","2","6","04",,,,,,1,,15738,0
"00","1021","8","12A197","21","40194","2","1","0","03","-","1","4","1","49","06/11/1971","1","07","5","2","5","01","1","5","3","2","999999",1,"1",15738,63511
"00","1021","8","12A197","21","40194","1","1","0","02","-","1","2","2","45","26/12/1975","1","04","3","2","5","07",,,,,,1,,15738,0
"00","1021","8","12A197","21","40194","4","1","0","02","-","1","9","2","35","04/04/1986","1","08","1","2","6","01","1","5","3","2","999999",1,,15738,0
"00","1021","8","12A197","21","40194","4","1","0","01","-","1","1","2","46","28/03/1975","1","08","2","2","3","01","4","4","2","1","999999",1,"1",15738,31755
"00","1021","6","12B191","21","40290","1","1","0","02","-","1","2","2","29","07/11/1991","1","07","4","2","1","01","3","2","3","2","010000",1,,5390,0
"00","1021","6","12B191","21","40290","1","1","0","01","-","1","1","1","31","18/05/1990","1","07","4","2","1","01","3","2","3","2","010000",1,"1",5390,14034
"00","1021","6","12B191","21","40290","2","1","0","01","-","1","1","1","63","03/02/1958","1","07","5","2","5","08",,,,,,1,,5390,0
"00","1021","6","12B191","21","40290","2","1","0","02","-","1","2","2","61","10/08/1960","2","07","5","2","5","08",,,,,,1,"1",5390,21051
"00","1021","6","12B191","21","40290","2","1","0","03","-","1","3","1","22","06/01/1999","1","07","3","1","6","06",,,,,,1,,5390,0
"15","1021","6","12B191","21","40290","4","1","0","02","-","1","2","2","41","30/09/1980","1","07","5","2","5","07",,,,,,1,,5390,0
"00","1021","6","12B191","21","40290","3","1","0","01","-","1","1","1","45","02/06/1976","1","09","3","2","5","01","1","5","3","2","999999",1,,5390,0
"00","1021","6","12B191","21","40290","3","1","0","03","-","1","3","2","15","04/11/2005","1","03","3","1","6","06",,,,,,1,,5390,0
"00","1021","6","12B191","21","40290","3","1","0","04","-","1","3","2","08","16/08/2013","1","02","1","1",,,,,,,,1,,5390,0
"15","1021","6","12B191","21","40290","4","1","0","01","-","1","1","1","53","16/07/1968","1","07","5","2","5","01","1","5","3","2","999999",1,"1",5390,0
"00","1021","6","12B191","21","40290","3","1","0","02","-","1","2","2","38","30/05/1983","1","07","5","2","5","01","5","5","3","1","001000",1,"1",5390,14034
"00","1021","2","12A205","21","40375","1","1","0","01","-","1","1","1","76","15/03/1945","2","02","6","2","4","08",,,,,,1,"1",7789,15773
"00","1021","2","12A205","21","40375","1","1","0","02","-","1","3","2","42","15/06/1979","1","04","3","2","6","01","1","5","3","1","999999",1,,7789,0
"00","1021","2","12A205","21","40375","3","1","0","01","-","1","1","2","44","01/10/1977","1","07","5","2","1","07",,,,,,1,,7789,0
"00","1021","2","12A205","21","40375","3","1","0","02","-","1","2","1","50","28/07/1971","1","07","5","2","1","01","4","4","2","1","999999",1,"1",7789,15773
"00","1021","2","12A205","21","40375","4","1","0","02","-","1","3","2","38","15/06/1983","1","07","5","2","6","01","4","4","2","1","999999",1,"1",7789,31546
"00","1021","2","12A205","21","40375","4","1","0","04","-","1","3","1","32","15/06/1989","1","07","5","2","6","01","3","4","3","1","999999",1,,7789,0
"00","1021","2","12A205","21","40375","4","1","0","03","-","1","2","2","70","15/07/1951","1","06","3","2","5","07",,,,,,1,,7789,0
"00","1021","2","12A205","21","40375","4","1","0","01","-","1","1","1","79","14/12/1941","1","07","5","2","5","01","3","4","3","1","999999",1,,7789,0
"00","1021","2","12A205","21","40375","2","1","0","01","-","1","1","1","66","19/08/1955","1","08","3","2","5","01","4","4","2","1","999999",1,"1",7789,15773
"00","1021","2","12A205","21","40375","2","1","0","02","-","1","2","2","64","20/03/1957","1","07","5","2","5","07",,,,,,1,,7789,0
"00","1021","6","11B191","21","40386","1","1","0","02","-","1","5","1","44","11/04/1977","2","03","3","2","5","01","7","2","3","1","009999",1,"1",7057,21332
"00","1021","6","11B191","21","40386","1","1","0","03","-","1","3","2","44","24/02/1977","1","03","3","2","5","01","7","2","3","1","009999",1,,7057,0
"00","1021","6","11B191","21","40386","4","1","0","02","-","1","2","2","58","14/08/1963","1","03","3","2","5","07",,,,,,1,,7057,0
"00","1021","6","11B191","21","40386","2","1","0","01","-","1","1","2","51","04/08/1970","1","02","6","2","1","01","5","5","3","1","009999",1,"1",7057,21332
"00","1021","6","11B191","21","40386","4","1","0","01","-","1","1","1","60","07/09/1961","1","03","3","2","5","01","5","5","2","3","009999",1,"1",7057,14221
"00","1021","6","11B191","21","40386","2","1","0","03","-","1","3","2","24","02/01/1997","1","04","3","2","6","01","7","2","3","2","009999",1,,7057,0
"00","1021","6","11B191","21","40386","3","1","2","01","-","1","1","1","56","16/05/1965","1","04","3","2","3","01","5","5","3","3","008000",1,"1",7057,7111
"00","1021","6","11B191","21","40386","1","1","0","01","-","1","1","2","63","13/03/1958","1","02","6","2","4","01","7","2","2","1","009999",1,,7057,0
"00","1021","6","11B191","21","40386","2","1","0","02","-","1","3","1","26","08/11/1994","1","07","5","2","6","01","1","5","3","3","009999",1,,7057,0
"00","1021","8","11A197","21","40422","1","1","1","01","-","1","1","1","36","18/06/1985","1","03","3","2","6","01","5","5","3","2","009999",1,"1",5232,5272
"00","1021","8","11A197","21","40422","2","1","0","04","-","1","3","2","11","25/07/2010","1","02","4","1",,,,,,,,1,,5232,0
"00","1021","8","11A197","21","40422","2","1","0","03","-","1","4","2","68","29/12/1952","1","02","6","2","4","07",,,,,,1,"1",5232,15816
"00","1021","8","11A197","21","40422","2","1","0","02","-","1","2","2","30","18/12/1990","1","07","1","2","5","07",,,,,,1,,5232,0
"00","1021","8","11A197","21","40422","4","1","0","02","-","1","2","2","41","27/04/1980","1","03","3","2","5","01","5","5","3","1","009999",1,,5232,0
"00","1021","8","11A197","21","40422","2","1","0","01","-","1","1","1","31","16/10/1989","1","04","3","2","5","01","7","2","2","1","009999",1,,5232,0
"00","1021","8","11A197","21","40422","3","1","0","01","-","1","1","2","77","12/09/1944","2","00",,"2","6","07",,,,,,1,"1",5232,5272
"00","1021","8","11A197","21","40422","4","1","0","03","-","1","3","1","12","03/04/2009","1","02","5","1","6","06",,,,,,1,,5232,0
"00","1021","8","11A197","21","40422","4","1","0","01","-","1","1","1","34","19/03/1987","1","02","6","2","5","01","1","5","3","1","001650",1,"1",5232,10544
"00","1021","8","11A197","21","40422","2","1","0","05","-","1","3","2","08","09/07/2013","2","02","1","1",,,,,,,,1,,5232,0
"00","1021","5","11B192","21","40427","1","1","0","01","-","1","1","2","69","04/03/1952","1","04","3","2","5","01","4","4","2","3","009999",1,,5697,0
"00","1021","5","11B192","21","40427","1","1","0","03","-","1","5","2","24","05/03/1997","1","03","3","2","5","01","5","5","3","3","009999",1,"1",5697,17221
"00","1021","5","11B192","21","40427","1","1","0","02","-","1","3","1","26","18/05/1995","1","02","6","2","5","01","4","4","2","3","009999",1,,5697,0
"00","1021","5","11B192","21","40427","3","1","0","01","-","1","1","1","41","06/10/1980","1","04","3","2","5","01","4","4","2","1","001200",1,,5697,0
"00","1021","5","11B192","21","40427","3","1","0","04","-","1","3","1","11","08/05/2010","1","02","4","1",,,,,,,,1,,5697,0
"00","1021","5","11B192","21","40427","3","1","0","03","-","1","3","2","13","16/05/2008","1","02","6","1","6","06",,,,,,1,,5697,0
"00","1021","5","11B192","21","40427","3","1","0","02","-","1","2","2","40","04/12/1980","1","07","5","2","5","01","1","5","3","2","001800",1,"1",5697,11480
"00","1021","5","11B192","21","40427","4","1","0","07","-","1","3","2","07","22/01/2014","1","01","3","1",,,,,,,,1,,5697,0
"00","1021","5","11B192","21","40427","4","1","0","01","-","1","1","1","36","15/10/1984","1","07","5","2","5","01","1","5","3","2","009999",1,"1",5697,11480
"00","1021","4","11B192","21","40427","4","1","0","04","-","2",,,,,,,,,,,,,,,,1,,0,0
"00","1021","4","11B192","21","40427","4","1","0","05","-","2",,,,,,,,,,,,,,,,1,,0,0
"00","1021","5","11B192","21","40427","4","1","0","03","-","1","2","2","35","27/03/1986","1","06","3","2","5","07",,,,,,1,,5697,0
"00","1021","5","11B192","21","40427","4","1","0","06","-","1","3","1","07","22/01/2014","1","01","3","1",,,,,,,,1,,5697,0
"00","1021","4","11B192","21","40427","4","1","0","02","-","2",,,,,,,,,,,,,,,,1,,0,0
"00","1021","5","12B192","21","40432","1","1","0","04","-","1","3","2","27","05/05/1994","1","07","5","2","6","04",,,,,,1,,12897,0
"00","1021","5","12B192","21","40432","1","1","0","03","-","1","3","1","31","19/04/1990","1","07","5","2","6","01","3","4","3","2","999999",1,,12897,0
"00","1021","5","12B192","21","40432","1","1","0","01","-","1","1","1","60","03/12/1960","1","07","5","2","5","01","1","5","2","2","999999",1,,12897,0
"00","1021","5","12B192","21","40432","1","1","0","02","-","1","2","2","59","21/12/1961","1","04","3","2","5","07",,,,,,1,"1",12897,52230
"00","1021","5","12B192","21","40432","3","1","0","03","-","1","6","2","48","05/06/1973","1","04","3","2","3","04",,,,,,1,"1",12897,39172
"00","1021","5","12B192","21","40432","3","1","0","02","-","1","4","2","70","22/06/1951","1","02","6","2","4","07",,,,,,1,,12897,0
"00","1021","5","12B192","21","40432","3","1","0","04","-","1","7","2","17","10/09/2004","1","04","1","1","6","06",,,,,,1,,12897,0
"00","1021","5","12B192","21","40432","3","1","0","05","-","1","7","1","14","20/01/2007","1","03","1","1","6","06",,,,,,1,,12897,0
"00","1021","5","12B192","21","40432","3","1","0","01","-","1","1","1","46","15/03/1975","1","07","5","2","2","01","3","5","3","2","999999",1,,12897,0
"00","1021","4","11A203","21","40504","3","1","0","03","-","1","3","1","23","03/06/1998","1","07","5","1","6","06",,,,,,1,,11095,0
"00","1021","4","11A203","21","40504","3","1","0","01","-","1","1","2","64","03/08/1957","1","02","6","2","5","01","4","4","2","3","009999",1,"1",11095,33539
"00","1021","4","11A203","21","40504","4","1","0","02","-","1","2","2","36","21/09/1985","1","04","3","2","1","07",,,,,,1,"1",11095,22359
"00","1021","4","11A203","21","40504","4","1","0","01","-","1","1","1","48","28/10/1972","1","04","3","2","1","01","5","5","3","2","009999",1,,11095,0
"00","1021","4","11A203","21","40504","2","1","0","05","-","1","5","2","28","08/11/1992","1","04","3","2","1","07",,,,,,1,,11095,0
"00","1021","4","11A203","21","40504","2","1","0","08","-","1","5","1","01","31/08/2020",,,,,,,,,,,,1,,11095,0
"00","1021","4","11A203","21","40504","2","1","0","04","-","1","3","1","29","11/02/1992","1","02","6","2","1","01","4","4","2","3","009999",1,"1",11095,67077
"00","1021","4","11A203","21","40504","2","1","0","01","-","1","1","1","68","03/06/1953","1","02","6","2","5","01","4","4","2","3","009999",1,,11095,0
"00","1021","4","11A203","21","40504","2","1","0","06","-","1","3","2","26","26/03/1995","1","02","6","2","6","01","4","4","2","3","009999",1,,11095,0
"00","1021","4","11A203","21","40504","2","1","0","07","-","1","5","2","08","27/03/2013","1","02","3","1",,,,,,,,1,,11095,0
"00","1021","4","11A203","21","40504","2","1","0","03","-","1","3","2","34","08/12/1986","1","02","6","2","6","09",,,,,,1,,11095,0
"00","1021","4","11A203","21","40504","2","1","0","02","-","1","2","2","65","23/12/1955","1","02","6","2","5","07",,,,,,1,,11095,0
"00","1021","4","11A203","21","40504","1","1","0","04","-","1","3","2","19","28/02/2002","1","04","3","1","6","06",,,,,,1,,11095,0
"00","1021","4","11A203","21","40504","1","1","0","02","-","1","2","2","40","06/10/1980","1","07","4","2","1","07",,,,,,1,,11095,0
"00","1021","4","11A203","21","40504","1","1","0","06","-","1","3","1","14","27/09/2007","1","03","1","1","6","06",,,,,,1,,11095,0
"00","1021","4","11A203","21","40504","1","1","0","05","-","1","3","2","17","25/04/2004","1","04","1","1","6","06",,,,,,1,,11095,0
"00","1021","4","11A203","21","40504","1","1","0","03","-","1","3","1","21","11/04/2000","1","07","1","1","6","06",,,,,,1,,11095,0
"00","1021","4","11A203","21","40504","1","1","0","01","-","1","1","1","52","12/05/1969","1","04","2","2","1","01","4","4","2","3","009999",1,"1",11095,44718
"00","1021","4","11A203","21","40504","3","1","0","02","-","1","2","1","60","12/01/1961","1","99",,"2","5","04",,,,,,1,,11095,0
"00","1021","4","13A203","21","40554","4","1","0","03","-","1","3","1","27","17/06/1994","1","07","5","1","6","06",,,,,,1,,9869,0
"00","1021","4","13A203","21","40554","4","1","0","01","-","1","1","1","62","06/08/1959","1","04","3","2","5","08",,,,,,1,"1",9869,29871
"00","1021","4","13A203","21","40554","4","1","0","02","-","1","2","2","55","17/10/1965","1","04","3","2","5","01","5","5","2","3","009999",1,,9869,0
"00","1021","4","13A203","21","40554","3","1","1","01","-","1","1","1","58","11/06/1963","1","03","3","2","2","04",,,,,,1,"1",9869,9957
"00","1021","4","13A203","21","40554","2","1","0","01","-","1","1","2","52","25/01/1969","1","03","3","2","5","01","5","5","3","2","009999",1,"1",9869,19914
"00","1021","4","13A203","21","40554","2","1","0","02","-","1","3","1","22","14/06/1999","1","04","3","2","6","01","5","5","3","2","003000",1,,9869,0
"00","1021","4","13A203","21","40554","1","1","0","01","-","1","1","2","46","15/03/1975","1","03","3","2","6","01","4","4","2","3","008000",1,"1",9869,9957
"00","1021","4","13A203","21","40554","2","1","0","03","-","1","3","1","15","30/04/2006","1","03","3","1","6","01","5","5","3","1","009999",1,,9869,0
"00","1021","1","11A206","21","40558","4","1","0","02","-","1","2","2","53","10/09/1968","1","02","6","2","5","07",,,,,,1,"1",8433,16995
"00","1021","1","11A206","21","40558","4","1","0","01","-","1","1","1","54","09/01/1967","1","02","3","2","5","01","4","4","2","1","001000",1,,8433,0
"00","1021","1","11A206","21","40558","3","1","0","01","-","1","1","1","21","28/06/2000","1","07","2","1","6","06",,,,,,1,"1",8433,8497
"00","1021","1","11A206","21","40558","2","1","0","02","-","1","2","2","44","11/10/1976","1","07","2","2","5","07",,,,,,1,,8433,0
"00","1021","1","11A206","21","40558","2","1","0","06","-","1","3","1","18","04/10/2003","1","04","3","1","6","06",,,,,,1,"1",8433,50984
"00","1021","1","11A206","21","40558","2","1","0","04","-","1","3","1","24","01/02/1997","1","07","5","2","6","01","1","2","3","1","999999",1,,8433,0
"00","1021","1","11A206","21","40558","2","1","0","01","-","1","1","1","54","09/11/1966","1","07","5","2","5","01","1","2","3","1","003000",1,,8433,0
"00","1021","1","11A206","21","40558","1","1","0","05","-","1","3","1","22","27/07/1999","1","04","1","2","6","04",,,,,,1,,8433,0
"00","1021","1","11A206","21","40558","1","1","0","08","-","1","5","2","04","02/08/2017",,,,,,,,,,,,1,,8433,0
"00","1021","1","11A206","21","40558","1","1","0","06","-","1","3","2","19","25/06/2002","1","04","3","1","6","06",,,,,,1,,8433,0
"00","1021","1","11A206","21","40558","1","1","0","01","-","1","1","2","59","03/03/1962","1","02","6","2","1","07",,,,,,1,"1",8433,50984
"00","1021","1","11A206","21","40558","1","1","0","04","-","1","3","2","35","19/05/1986","1","03","3","2","6","07",,,,,,1,,8433,0
"00","1021","1","11A206","21","40558","1","1","0","03","-","1","3","2","40","30/04/1981","1","04","3","2","6","01","4","4","3","1","999999",1,,8433,0
"00","1021","1","11A206","21","40558","1","1","0","02","-","1","2","1","62","05/04/1959","1","02","4","2","1","01","4","4","2","1","001800",1,,8433,0
"00","1021","1","11A206","21","40558","1","1","0","07","-","1","5","1","12","06/10/2009","1","02","2","1","6","06",,,,,,1,,8433,0
"00","1021","1","11A206","21","40558","2","1","0","05","-","1","3","2","19","09/04/2002","1","07","1","1","6","06",,,,,,1,,8433,0
"00","1021","1","11A206","21","40558","2","1","0","03","-","1","3","2","26","12/09/1995","1","07","5","1","6","01","1","5","3","2","999999",1,,8433,0
"00","1021","1","11A206","21","40562","1","1","0","03","-","1","3","1","32","31/08/1989","1","04","3","2","2","01","5","5","3","2","009999",1,,6686,0
"00","1021","1","11A206","21","40562","2","1","0","01","-","1","1","1","51","14/09/1970","1","02","6","2","5","01","7","2","3","1","009999",1,,6686,0
"00","1021","1","11A206","21","40562","1","1","0","01","-","1","1","2","56","06/07/1965","1","02","6","2","1","07",,,,,,1,"1",6686,20212
"00","1021","1","11A206","21","40562","1","1","0","02","-","1","2","1","41","31/07/1980","1","02","6","2","1","01","7","3","2","1","009999",1,,6686,0
"00","1021","1","11A206","21","40562","2","1","0","03","-","1","3","2","21","15/05/2000","1","07","2","1","6","06",,,,,,1,,6686,0
"00","1021","1","11A206","21","40562","2","1","0","02","-","1","2","2","48","27/07/1973","1","03","3","2","5","07",,,,,,1,"1",6686,20212
"00","1021","1","11A206","21","40562","3","1","0","01","-","1","1","2","60","26/07/1961","1","03","3","2","4","01","5","5","4","1","000500",1,"1",6686,6737
"00","1021","1","11A206","21","40562","4","1","0","03","-","1","3","1","22","30/11/1998","1","07","1","1","6","06",,,,,,1,,6686,0
"00","1021","1","11A206","21","40562","4","1","0","01","-","1","1","1","62","03/10/1959","1","06","2","2","5","08",,,,,,1,"1",6686,26950
"00","1021","1","11A206","21","40562","4","1","0","02","-","1","2","2","60","07/11/1960","1","06","2","2","5","07",,,,,,1,,6686,0
"00","1021","1","11A206","21","40562","4","1","0","05","-","1","5","2","03","07/03/2018",,,,,,,,,,,,1,,6686,0
"00","1021","1","11A206","21","40562","4","1","0","04","-","1","3","2","29","16/12/1991","1","07","5","2","6","04",,,,,,1,,6686,0
"00","1021","1","11A206","21","40562","2","1","0","04","-","1","3","2","17","07/06/2004","1","04","2","1","6","06",,,,,,1,,6686,0
"00","1021","7","12A198","22","40109","4","1","0","02","-","1","2","2","39","17/06/1982","1","07","3","2","5","01","3","7","3","2","005000",1,,5730,0
"00","1021","7","12A198","22","40109","4","1","0","03","-","1","3","2","11","08/11/2009","1","02","5","1",,,,,,,,1,,5730,0
"00","1021","7","12A198","22","40109","4","1","0","04","-","1","3","2","09","24/04/2012","1","02","1","1",,,,,,,,1,,5730,0
"00","1021","7","12A198","22","40109","1","1","0","05","-","1","3","2","22","10/05/1999","1","04","3","2","6","04",,,,,,1,,5730,0
"00","1021","7","12A198","22","40109","1","1","0","06","-","1","5","1","07","17/06/2014","2","01","1","1",,,,,,,,1,,5730,0
"00","1021","7","12A198","22","40109","1","1","0","03","-","1","3","2","29","16/01/1992","1","07","4","2","6","04",,,,,,1,,5730,0
"00","1021","7","12A198","22","40109","1","1","0","02","-","1","2","2","47","26/07/1974","1","03","3","2","5","07",,,,,,1,,5730,0
"00","1021","7","12A198","22","40109","1","1","0","01","-","1","1","1","48","18/08/1973","1","03","3","2","5","01","7","2","3","1","001200",1,"1",5730,29006
"00","1021","7","12A198","22","40109","1","1","0","04","-","1","3","1","25","09/06/1996","1","07","4","2","6","01","1","5","3","2","999999",1,,5730,0
"00","1021","7","12A198","22","40109","3","1","1","01","-","1","1","2","42","15/03/1979","1","07","3","2","6","01","4","4","2","1","999999",1,"1",5730,5801
"00","1021","7","12A198","22","40109","3","1","1","02","-","1","3","1","14","15/06/2007","1","03","2","1","6","06",,,,,,1,,5730,0
"00","1021","7","12A198","22","40109","2","1","0","04","-","1","3","1","30","23/06/1991","1","03","3","2","1","01","7","2","3","1","999999",1,,5730,0
"00","1021","7","12A198","22","40109","2","1","0","03","-","1","5","2","31","08/04/1990","1","04","3","2","1","07",,,,,,1,,5730,0
"00","1021","7","12A198","22","40109","2","1","0","02","-","1","2","2","53","15/03/1968","1","03","3","2","5","07",,,,,,1,,5730,0
"00","1021","7","12A198","22","40109","2","1","0","01","-","1","1","1","63","15/11/1957","1","07","3","2","5","01","5","5","3","1","999999",1,"1",5730,29006
"00","1021","7","12A198","22","40109","2","1","0","05","-","1","5","1","04","28/11/2016",,,,,,,,,,,,1,,5730,0
"00","1021","7","12A198","22","40109","2","1","0","06","-","1","3","1","19","31/01/2002","1","04","1","1","6","06",,,,,,1,,5730,0
"00","1021","7","12A198","22","40109","4","1","0","05","-","1","3","2","03","17/03/2018",,,,,,,,,,,,1,,5730,0
"00","1021","7","12A198","22","40109","4","1","0","06","-","1","3","1","01","11/02/2020",,,,,,,,,,,,1,,5730,0
"00","1021","7","12A198","22","40109","4","1","0","01","-","1","1","1","36","02/06/1985","1","07","3","2","5","01","5","5","2","1","001000",1,"1",5730,11602
"00","1021","3","11A204","22","40132","1","1","0","02","-","1","2","2","64","24/12/1956","1","03","2","2","5","07",,,,,,1,"1",8574,34556
"00","1021","3","11A204","22","40132","1","1","0","03","-","1","4","2","80","01/01/1941","2","00",,"2","4","07",,,,,,1,,8574,0
"00","1021","3","11A204","22","40132","4","1","0","04","-","1","3","1","09","26/04/2012","1","02","3","1",,,,,,,,1,,8574,0
"00","1021","3","11A204","22","40132","4","1","0","03","-","1","3","2","14","01/06/2007","1","03","2","1","6","06",,,,,,1,,8574,0
"00","1021","3","11A204","22","40132","4","1","0","01","-","2",,,,,,,,,,,,,,,,1,,0,0
"00","1021","3","11A204","22","40132","4","1","0","02","-","1","2","2","38","30/06/1983","1","07","5","2","5","01","1","5","2","1","015000",1,"1",8574,8639
"00","1021","3","11A204","22","40132","3","1","0","03","-","1","3","1","10","02/03/2011","1","02","3","1",,,,,,,,1,,8574,0
"00","1021","3","11A204","22","40132","3","1","0","04","-","1","3","2","09","16/01/2012","1","02","2","1",,,,,,,,1,,8574,0
"00","1021","3","11A204","22","40132","3","1","0","02","-","1","2","2","31","31/08/1990","1","07","3","1","5","07",,,,,,1,"1",8574,17278
"00","1021","3","11A204","22","40132","1","1","0","01","-","1","1","1","61","01/01/1960","1","04","3","2","5","01","5","5","2","1","001500",1,,8574,0
"00","1021","3","11A204","22","40132","1","1","0","04","-","1","3","1","31","08/04/1990","1","03","2","2","6","01","7","2","3","1","999999",1,,8574,0
"00","1021","3","11A204","22","40132","2","1","0","02","-","1","2","2","67","20/12/1953","1","02","3","2","5","01","4","4","2","1","000150",1,,8574,0
"00","1021","3","11A204","22","40132","2","1","0","01","-","1","1","1","70","08/10/1950","1","02","3","2","5","07",,,,,,1,"1",8574,25917
"00","1021","3","11A204","22","40132","2","1","0","03","-","1","3","2","46","01/04/1975","1","03","3","2","6","01","7","2","3","2","999999",1,,8574,0
"00","1021","3","11A204","22","40132","2","1","0","04","-","1","5","1","14","15/06/2007","1","03","2","1","6","06",,,,,,1,,8574,0
"00","1021","3","11A204","22","40132","3","1","0","01","-","1","1","1","30","25/05/1991","1","07","4","2","5","01","1","5","3","2","010000",1,,8574,0
"00","1021","2","12A205","22","40163","4","1","0","03","-","1","3","2","23","24/02/1998","1","07","1","2","6","01","5","4","3","1","001600",1,,7941,0
"00","1021","2","12A205","22","40163","4","1","0","02","-","1","2","2","50","17/02/1971","1","04","3","2","5","07",,,,,,1,,7941,0
"00","1021","2","12A205","22","40163","4","1","0","01","-","1","1","1","51","11/01/1970","1","02","6","2","5","01","5","4","3","1","001500",1,"1",7941,24120
"00","1021","2","12A205","22","40163","2","1","0","01","-","1","1","2","51","20/09/1970","1","04","3","2","6","01","1","2","3","2","999999",1,"1",7941,16080
"00","1021","2","12A205","22","40163","3","1","0","02","-","1","2","2","48","03/09/1973","1","04","3","2","1","01","3","5","3","1","002500",1,,7941,0
"00","1021","2","12A205","22","40163","1","1","0","02","-","1","8","1","25","17/10/1995","1","07","4","2","6","01","2","2","3","1","999999",1,,7941,0
"00","1021","2","12A205","22","40163","1","1","0","01","-","1","1","1","26","21/02/1995","1","07","4","2","6","04",,,,,,1,"1",7941,16080
"00","1021","2","12A205","22","40163","3","1","0","01","-","1","1","1","50","30/07/1971","1","04","3","2","1","01","1","5","4","1","002500",1,"1",7941,16080
"00","1021","2","12A205","22","40163","2","1","0","02","-","1","3","2","25","20/06/1996","1","07","4","2","6","01","1","7","3","2","999999",1,,7941,0
"00","1021","8","12A197","22","40165","4","1","0","01","-","1","1","1","77","05/09/1944","1","07","4","2","5","05",,,,,,1,,14959,0
"00","1021","8","12A197","22","40165","4","1","0","02","-","1","2","2","70","28/03/1951","1","06","3","2","5","01","1","7","1","3","999999",1,"1",14959,30185
"00","1021","8","12A197","22","40165","3","1","0","02","-","1","6","2","26","05/04/1995","1","07","5","2","6","04",,,,,,1,,14959,0
"00","1021","8","12A197","22","40165","3","1","0","01","-","1","1","2","28","02/09/1993","1","07","5","1","6","06",,,,,,1,"1",14959,45277
"00","1021","8","12A197","22","40165","3","1","0","03","-","1","6","2","21","17/06/2000","1","07","3","1","6","06",,,,,,1,,14959,0
"00","1021","6","13B191","22","40171","4","1","0","02","-","1","2","2","63","15/06/1958","1","02","6","2","5","07",,,,,,1,,15122,0
"00","1021","6","13B191","22","40171","1","1","0","01","-","1","1","1","63","07/09/1958","1","02","2","2","2","04",,,,,,1,"1",15122,15237
"00","1021","6","13B191","22","40171","2","1","0","03","-","1","5","2","24","15/06/1997","1","07","4","1","6","01","3","2","3","1","999999",1,,15122,0
"00","1021","6","13B191","22","40171","2","1","0","04","-","1","5","1","06","15/06/2015","2","01","2","1",,,,,,,,1,,15122,0
"00","1021","6","13B191","22","40171","4","1","0","03","-","1","5","1","18","15/06/2003","1","04","1","1","6","06",,,,,,1,,15122,0
"00","1021","6","13B191","22","40171","2","1","0","01","-","1","1","1","64","19/09/1957","1","03","3","2","5","08",,,,,,1,"1",15122,45712
"00","1021","6","13B191","22","40171","4","1","0","04","-","1","5","1","13","15/06/2008","1","02","6","1","6","06",,,,,,1,,15122,0
"00","1021","6","13B191","22","40171","4","1","0","01","-","1","1","1","70","04/05/1951","1","00",,"2","5","07",,,,,,1,"1",15122,45712
"00","1021","6","13B191","22","40171","3","1","0","01","-","1","1","2","71","29/04/1950","2","00",,"2","4","07",,,,,,1,"1",15122,15237
"00","1021","6","13B191","22","40171","2","1","0","02","-","1","2","2","67","15/09/1954","1","02","6","2","5","07",,,,,,1,,15122,0
"00","1021","6","12B191","22","40237","1","1","0","03","-","1","4","2","61","14/05/1960","1","03","3","2","4","08",,,,,,1,,9559,0
"00","1021","6","12B191","22","40237","1","1","0","04","-","1","3","1","05","09/01/2016","2","01","2","1",,,,,,,,1,,9559,0
"00","1021","6","12B191","22","40237","1","1","0","02","-","1","2","2","24","29/04/1997","1","04","3","1","1","07",,,,,,1,,9559,0
"00","1021","4","12B191","22","40237","2","1","0","02","-","2",,,,,,,,,,,,,,,,1,,0,0
"00","1021","5","12B191","22","40237","2","1","0","03","-","2",,,,,,,,,,,,,,,,1,,0,0
"00","1021","6","12B191","22","40237","2","1","0","01","-","1","1","1","33","23/06/1988","1","07","4","2","1","01","1","5","3","2","999999",1,"1",9559,9644
"00","1021","6","12B191","22","40237","1","1","0","01","-","1","1","1","25","21/02/1996","1","04","3","2","1","01","5","2","3","2","006000",1,"1",9559,28931
"00","1021","4","11A203","22","40316","1","1","0","04","-","1","3","2","06","03/06/2015","1","01","3","1",,,,,,,,1,,7710,0
"00","1021","4","11A203","22","40316","2","1","0","02","-","1","2","2","62","01/01/1959","1","03","3","2","5","01","5","5","3","1","999999",1,,7710,0
"00","1021","4","11A203","22","40316","1","1","0","03","-","1","3","2","09","21/05/2012","1","02","3","1",,,,,,,,1,,7710,0
"00","1021","4","11A203","22","40316","1","1","0","01","-","1","1","1","34","29/10/1986","1","03","3","2","5","01","6","1","4","1","002200",1,"1",7710,15537
"00","1021","4","11A203","22","40316","2","1","0","01","-","1","1","1","73","01/01/1948","1","02","6","2","5","07",,,,,,1,,7710,0
"00","1021","4","11A203","22","40316","2","1","0","03","-","1","3","1","22","18/07/1999","1","04","3","2","6","04",,,,,,1,"1",7710,23306
"00","1021","4","11A203","22","40316","1","1","0","02","-","1","2","2","34","29/03/1987","1","04","3","2","5","01","4","4","2","1","000700",1,,7710,0
"00","1021","4","12A203","22","40322","4","1","0","01","-","1","1","1","58","30/04/1963","1","07","4","2","5","01","5","5","3","2","999999",1,,6180,0
"00","1021","4","12A203","22","40322","3","1","0","03","-","1","5","1","18","01/09/2003","1","04","2","1","6","06",,,,,,1,,6180,0
"00","1021","4","12A203","22","40322","1","1","0","02","-","1","6","1","60","03/03/1961","1","04","3","2","6","08",,,,,,1,,6180,0
"00","1021","4","12A203","22","40322","1","1","0","04","-","1","6","2","56","08/08/1965","1","06","4","2","6","01","7","2","3","1","999999",1,,6180,0
"00","1021","4","12A203","22","40322","2","1","1","01","-","1","1","2","47","21/09/1974","1","02","4","2","5","07",,,,,,1,"1",6180,6257
"00","1021","4","12A203","22","40322","2","1","1","02","-","1","3","1","15","29/05/2006","1","03","3","1","6","06",,,,,,1,,6180,0
"00","1021","4","12A203","22","40322","4","1","0","03","-","1","3","2","23","12/03/1998","1","07","4","1","6","06",,,,,,1,"1",6180,18770
"00","1021","4","12A203","22","40322","4","1","0","02","-","1","2","2","53","07/04/1968","1","04","2","2","5","07",,,,,,1,,6180,0
"00","1021","4","12A203","22","40322","3","1","0","01","-","1","1","1","68","19/01/1953","1","03","3","2","4","08",,,,,,1,,6180,0
"00","1021","4","12A203","22","40322","4","1","0","04","-","1","3","1","17","11/03/2004","1","04","3","1","6","06",,,,,,1,,6180,0
"00","1021","4","12A203","22","40322","1","1","0","01","-","1","1","2","53","12/03/1968","1","06","3","2","6","07",,,,,,1,"1",6180,31283
"00","1021","4","12A203","22","40322","3","1","0","02","-","1","3","1","41","24/04/1980","1","07","4","2","6","01","1","5","3","2","999999",1,"1",6180,18770
"00","1021","4","12A203","22","40322","1","1","0","03","-","1","6","1","66","01/08/1955","1","03","3","2","6","08",,,,,,1,,6180,0
"00","1021","4","12A203","22","40322","1","1","0","05","-","1","3","1","30","03/10/1991","1","04","3","2","6","01","5","5","2","1","999999",1,,6180,0
"00","1021","1","12A206","22","40360","1","1","0","02","-","1","2","2","74","01/06/1947","1","02","6","2","5","02","5","5","6","5",,1,,7916,0
"00","1021","1","12A206","22","40360","1","1","0","05","-","1","7","1","22","15/06/1999","1","07","4","2","6","01","1","2","3","2","999999",1,,7916,0
"00","1021","1","12A206","22","40360","1","1","0","04","-","1","5","1","28","08/12/1992","1","07","4","2","6","01","1","5","3","2","999999",1,,7916,0
"00","1021","1","12A206","22","40360","1","1","0","01","-","1","1","1","82","06/07/1939","1","02","6","2","5","01","5","5","2","1","999999",1,,7916,0
"00","1021","1","12A206","22","40360","1","1","0","03","-","1","3","1","50","19/10/1970","1","07","3","2","3","01","5","5","2","1","999999",1,"1",7916,40076
"00","1021","1","12A206","22","40360","4","1","0","01","-","1","1","2","61","31/03/1960","1","04","3","2","1","01","3","5","3","2","999999",1,"1",7916,8015
"00","1021","1","12A206","22","40360","3","1","0","07","-","1","5","1","04","30/12/2016",,,,,,,,,,,,1,,7916,0
"00","1021","1","12A206","22","40360","3","1","0","01","-","1","1","1","59","28/06/1962","1","07","5","2","1","01","5","7","3","2","999999",1,,7916,0
"00","1021","1","12A206","22","40360","3","1","0","02","-","1","2","2","59","17/11/1961","1","07","4","2","1","08",,,,,,1,,7916,0
"00","1021","1","12A206","22","40360","3","1","0","05","-","1","3","2","22","10/05/1999","1","07","3","2","2","01","1","5","3","2","999999",1,,7916,0
"00","1021","1","12A206","22","40360","3","1","0","04","-","1","5","1","31","26/10/1989","1","07","4","2","1","01","1","3","3","2","999999",1,"1",7916,40076
"00","1021","1","12A206","22","40360","2","1","0","01","-","1","1","2","59","09/10/1962","1","05","4","2","5","08",,,,,,1,"1",7916,16030
"00","1021","1","12A206","22","40360","3","1","0","03","-","1","3","2","31","20/09/1990","1","07","4","2","1","01","1","5","3","2","999999",1,,7916,0
"00","1021","1","12A206","22","40360","2","1","0","02","-","1","2","1","62","03/03/1959","1","05","4","2","5","08",,,,,,1,,7916,0
"00","1021","1","12A206","22","40360","3","1","0","06","-","1","5","2","01","27/07/2020",,,,,,,,,,,,1,,7916,0
"00","1021","5","13B192","22","40363","3","1","0","03","-","1","3","1","27","29/12/1993","1","07","5","2","6","01","1","4","3","1","999999",1,"1",10118,30734
"00","1021","5","13B192","22","40363","3","1","0","01","-","1","1","2","57","17/06/1964","1","03","3","2","5","07",,,,,,1,,10118,0
"00","1021","5","13B192","22","40363","2","1","0","01","-","1","1","1","63","24/07/1958","1","03","3","2","5","01","5","5","2","1","999999",1,,10118,0
"00","1021","5","13B192","22","40363","2","1","0","02","-","1","2","2","60","05/06/1961","1","03","3","2","5","07",,,,,,1,"1",10118,20489
"00","1021","5","13B192","22","40363","1","1","1","01","-","1","1","1","45","18/10/1976","1","04","3","2","5","04",,,,,,1,"1",10118,10245
"00","1021","5","13B192","22","40363","4","1","0","03","-","1","3","1","19","15/06/2002","1","03","3","2","6","04",,,,,,1,,10118,0
"00","1021","5","13B192","22","40363","4","1","0","01","-","1","1","1","44","15/10/1976","1","03","3","2","5","01","4","4","3","2","999999",1,"1",10118,30734
"00","1021","5","13B192","22","40363","4","1","0","02","-","1","2","2","50","15/06/1971","1","04","3","2","5","01","4","4","3","2","999999",1,,10118,0
"00","1021","5","13B192","22","40363","3","1","0","02","-","1","2","1","60","04/01/1961","1","07","5","2","5","08",,,,,,1,,10118,0
"00","1021","8","11A197","22","40391","3","1","0","02","-","1","3","1","23","11/06/1998","1","04","3","2","6","01","4","4","3","1","999999",1,,5935,0
"00","1021","8","11A197","22","40391","3","1","0","01","-","1","1","2","54","22/04/1967","1","06","2","2","6","01","5","5","3","2","002300",1,"1",5935,11960
"00","1021","8","11A197","22","40391","2","1","0","02","-","1","3","1","15","18/12/2005","1","03","3","1","6","06",,,,,,1,,5935,0
"00","1021","8","11A197","22","40391","2","1","0","01","-","1","1","2","38","30/07/1983","1","04","3","2","3","01","7","2","3","1","002500",1,"1",5935,5980
"00","1021","8","11A197","22","40391","4","1","0","01","-","1","1","1","56","14/05/1965","1","07","3","2","3","01","2","7","3","2","015000",1,"1",5935,5980
"00","1021","8","11A197","22","40391","1","1","0","03","-","1","3","1","17","10/07/2004","1","04","2","1","6","06",,,,,,1,,5935,0
"00","1021","8","11A197","22","40391","1","1","0","02","-","1","2","2","42","10/06/1979","1","06","3","2","1","01","3","5","3","2","999999",1,"1",5935,11960
"00","1021","8","11A197","22","40391","1","1","0","04","-","1","3","1","12","10/08/2009","1","02","5","1","6","06",,,,,,1,,5935,0
"00","1021","8","11A197","22","40391","1","1","0","01","-","1","1","2","51","20/06/1970","1","04","2","2","1","01","7","2","3","1","999999",1,,5935,0
"00","1021","3","11A204","23","40001","3","1","0","05","-","1","3","2","20","28/09/2001","1","04","3","2","6","01","5","5","3","2","999999",1,,5911,0
"00","1021","3","11A204","23","40001","2","1","0","01","-","1","1","2","71","18/09/1950","2","00",,"2","5","07",,,,,,1,"1",5911,11913
"00","1021","3","11A204","23","40001","3","1","0","03","-","1","3","2","31","15/01/1990","1","03","3","2","6","01","5","5","2","1","001000",1,"1",5911,29782
"00","1021","3","11A204","23","40001","3","1","0","06","-","1","5","2","28","24/02/1993","1","03","3","2","5","07",,,,,,1,,5911,0
"00","1021","3","11A204","23","40001","3","1","0","04","-","1","5","1","05","11/06/2016","2","01","3","1",,,,,,,,1,,5911,0
"00","1021","3","11A204","23","40001","3","1","0","02","-","1","3","1","37","24/06/1984","1","04","3","2","5","01","5","5","2","1","001000",1,,5911,0
"00","1021","3","11A204","23","40001","2","1","0","02","-","1","2","1","77","25/04/1944","2","00",,"2","5","07",,,,,,1,,5911,0
"00","1021","3","11A204","23","40001","3","1","0","01","-","1","1","2","53","14/02/1968","2","00",,"2","4","07",,,,,,1,,5911,0
"00","1021","3","11A204","23","40001","1","1","0","03","-","1","5","2","06","04/10/2015","2","01","3","2",,,,,,,,1,,5911,0
"00","1021","3","11A204","23","40001","1","1","0","01","-","1","1","2","66","20/03/1955","1","02","3","2","4","07",,,,,,1,"1",5911,11913
"00","1021","3","11A204","23","40001","1","1","0","02","-","1","5","2","29","17/03/1992","1","03","2","2","6","01","4","4","3","2","999999",1,,5911,0
"00","1021","3","11A204","23","40001","4","1","0","02","-","1","2","2","56","05/04/1965","1","02","6","2","5","01","4","4","2","1","002000",1,"1",5911,11913
"00","1021","3","11A204","23","40001","4","1","0","01","-","1","1","1","60","09/02/1961","1","00",,"2","5","08",,,,,,1,,5911,0
"00","1021","6","13B191","23","40106","2","1","0","01","-","1","1","1","67","18/11/1953","1","04","1","2","6","08",,,,,,1,,6406,0
"00","1021","6","13B191","23","40106","2","1","0","02","-","1","3","1","31","25/01/1990","1","07","2","2","6","01","4","4","2","1","001200",1,"1",6406,12971
"00","1021","6","13B191","23","40106","3","1","1","01","-","1","1","1","32","29/04/1989","1","06","4","2","1","01","5","5","3","2","006500",1,"1",6406,19456
"00","1021","6","13B191","23","40106","3","1","1","02","-","1","2","2","98",,"1","04","3","2","1","01","5","5","3","2","003000",1,,6406,0
"00","1021","6","13B191","23","40106","3","1","1","04","-","1","3","2","99",,,,,,,,,,,,,1,,6406,0
"00","1021","6","13B191","23","40106","3","1","1","03","-","1","7","2","98",,"1","03","3","2","6","01","5","5","3","2","003000",1,,6406,0
"00","1021","6","13B191","23","40106","4","1","0","01","-","1","1","1","36","25/05/1985","1","07","3","2","5","01","3","5","3","2","007000",1,"1",6406,12971
"00","1021","6","13B191","23","40106","4","1","0","02","-","1","2","2","36","28/09/1985","1","07","3","2","5","01","3","5","3","2","007000",1,,6406,0
"00","1021","8","12A197","23","40134","4","1","0","03","-","1","3","1","20","16/09/2001","1","07","1","1","6","06",,,,,,1,,7191,0
"00","1021","8","12A197","23","40134","4","1","0","04","-","1","3","2","13","28/02/2008","1","02","6","1","6","06",,,,,,1,,7191,0
"00","1021","8","12A197","23","40134","4","1","0","01","-","1","1","2","48","28/01/1973","1","04","3","2","1","01","5","5","3","2","002500",1,,7191,0
"00","1021","8","12A197","23","40134","4","1","0","02","-","1","2","1","46","22/11/1974","1","07","4","2","1","01","5","5","3","2","008000",1,"1",7191,21738
"00","1021","8","12A197","23","40134","3","1","0","03","-","1","3","2","03","12/06/2018",,,,,,,,,,,,1,,7191,0
"00","1021","8","12A197","23","40134","2","1","0","01","-","1","1","1","50","25/06/1971","1","02","6","2","5","01","7","3","3","1","002500",1,"1",7191,7246
"00","1021","8","12A197","23","40134","3","1","0","01","-","1","1","1","31","11/11/1989","1","04","3","2","1","01","5","5","3","2","004000",1,"1",7191,14492
"00","1021","8","12A197","23","40134","3","1","0","02","-","1","2","2","25","31/07/1996","1","04","3","2","1","07",,,,,,1,,7191,0
"00","1021","8","12A197","23","40134","1","1","0","01","-","1","1","1","27","30/07/1994","1","04","3","2","1","01","4","4","3","1","002500",1,,7191,0
"00","1021","8","12A197","23","40134","1","1","0","03","-","1","3","1","04","13/08/2017",,,,,,,,,,,,1,,7191,0
"00","1021","8","12A197","23","40134","1","1","0","02","-","1","2","2","27","05/02/1994","1","04","3","2","1","01","5","5","2","1","001500",1,"1",7191,14492
"00","1021","2","13A205","23","40166","4","1","0","01","-","1","1","1","30","23/07/1991","1","04","3","2","6","01","5","5","3","2","999999",1,"1",9101,9182
"00","1021","2","13A205","23","40166","3","1","0","01","-","1","1","1","25","06/06/1996","1","04","3","2","1","01","5","5","3","2","999999",1,"1",9101,9182
"00","1021","6","12B191","23","40174","3","1","0","01","-","1","1","2","49","16/05/1972","1","07","4","2","6","01","2","7","3","2","009000",1,"1",8918,17995
"00","1021","6","12B191","23","40174","3","1","0","02","-","1","8","2","26","02/09/1995","1","07","4","2","6","01","2","7","3","2","008000",1,,8918,0
"00","1021","6","12B191","23","40174","4","1","0","04","-","1","3","2","37","27/12/1983","1","07","1","2","5","01","3","5","1","1","004000",1,"1",8918,26992
"00","1021","6","12B191","23","40174","4","1","0","05","-","1","5","2","04","16/05/2017",,,,,,,,,,,,1,,8918,0
"00","1021","6","12B191","23","40174","4","1","0","01","-","2",,,,,,,,,,,,,,,,1,,0,0
"00","1021","6","12B191","23","40174","4","1","0","06","-","1","5","1","29","27/02/1992","1","07","4","2","5","01","4","4","2","3","030000",1,,8918,0
"00","1021","6","12B191","23","40174","4","1","0","03","-","1","3","2","17","29/06/2004","1","03","3","1","6","06",,,,,,1,,8918,0
"00","1021","6","12B191","23","40174","4","1","0","02","-","1","2","2","68","31/05/1953","1","04","3","2","5","01","3","5","3","2","008000",1,,8918,0
"00","1021","8","13A197","23","40196","1","1","0","01","-","1","1","2","68","20/01/1953","1","03","3","2","4","07",,,,,,1,"1",6276,6354
"00","1021","8","13A197","23","40196","2","1","0","01","-","1","1","1","30","03/09/1991","1","07","3","2","1","01","4","4","2","2","005000",1,,6276,0
"00","1021","8","13A197","23","40196","2","1","0","02","-","1","2","2","29","27/05/1992","1","07","5","2","1","01","4","4","2","2","005000",1,"1",6276,12709
"00","1021","8","13A197","23","40196","3","1","0","02","-","1","2","2","57","15/01/1964","1","05","3","2","1","07",,,,,,1,"1",6276,12709
"00","1021","8","13A197","23","40196","3","1","0","01","-","1","1","1","63","08/07/1958","1","03","3","2","1","03","5","5","3","3","035000",1,,6276,0
"00","1021","8","13A197","23","40196","4","1","0","02","-","1","2","2","53","30/03/1968","1","06","3","2","5","07",,,,,,1,,6276,0
"00","1021","8","13A197","23","40196","4","1","0","01","-","1","1","1","50","17/11/1970","1","07","4","2","5","01","5","5","3","2","007000",1,"1",6276,12709
"00","1021","2","11A205","23","40227","1","1","0","01","-","1","1","2","28","19/03/1993","1","03","3","2","1","01","5","5","4","3","004000",1,"1",4356,8778
"00","1021","2","11A205","23","40227","1","1","0","02","-","1","2","2","36","16/05/1985","1","02","6","2","1","01","5","4","3","3","004000",1,,4356,0
"00","1021","2","11A205","23","40227","4","1","0","01","-","1","1","1","21","15/06/2000","1","04","3","2","6","01","5","5","3","2","999999",1,"1",4356,4389
"00","1021","2","11A205","23","40227","3","1","0","04","-","1","7","2","26","06/05/1995","1","03","3","2","5","01","5","5","3","1","999999",1,,4356,0
"00","1021","2","11A205","23","40227","3","1","0","03","-","1","7","1","33","10/01/1988","1","07","6","2","5","01","5","5","3","2","999999",1,"1",4356,17556
"00","1021","2","11A205","23","40227","3","1","0","01","-","1","1","1","71","01/12/1949","1","02","6","2","6","01","5","5","1","1","999999",1,,4356,0
"00","1021","2","11A205","23","40227","3","1","0","05","-","1","7","2","13","07/02/2008","1","03","1","1","6","06",,,,,,1,,4356,0
"00","1021","2","11A205","23","40227","3","1","0","02","-","1","6","2","64","22/02/1957","1","02","5","2","4","01","5","5","3","1","999999",1,,4356,0
"00","1021","2","11A205","23","40227","2","1","0","04","-","1","3","2","37","15/07/1984","1","07","5","2","6","01","5","5","3","2","999999",1,"1",4356,17556
"00","1021","2","11A205","23","40227","2","1","0","02","-","1","2","2","59","30/08/1962","1","02","6","2","5","07",,,,,,1,,4356,0
"00","1021","2","11A205","23","40227","2","1","0","03","-","1","3","2","32","15/07/1989","1","04","3","2","2","01","4","4","3","2","999999",1,,4356,0
"00","1021","2","11A205","23","40227","2","1","0","01","-","1","1","1","61","29/09/1960","1","03","3","2","5","08",,,,,,1,,4356,0
"00","1021","2","11A205","23","40227","2","1","0","05","-","1","5","2","10","15/06/2011","1","02","3","1",,,,,,,,1,,4356,0
"00","1021","2","11A205","23","40227","1","1","0","03","-","1","3","2","09","13/09/2012","1","02","2","1",,,,,,,,1,,4356,0
"00","1021","1","12A206","23","40358","4","1","0","03","-","1","3","1","14","01/11/2006","1","03","3","1","6","06",,,,,,1,,5818,0
"00","1021","1","12A206","23","40358","4","1","0","04","-","1","3","2","08","30/08/2013","1","02","2","1",,,,,,,,1,,5818,0
"00","1021","1","12A206","23","40358","3","1","0","02","-","1","2","2","55","15/09/1966","2","02","2","2","5","07",,,,,,1,,5818,0
"00","1021","1","12A206","23","40358","3","1","0","04","-","1","3","1","26","19/12/1994","1","07","4","2","6","04",,,,,,1,,5818,0
"00","1021","1","12A206","23","40358","3","1","0","03","-","1","3","1","31","08/06/1990","1","03","3","2","6","01","5","5","3","2","999999",1,,5818,0
"00","1021","1","12A206","23","40358","4","1","0","02","-","1","2","2","34","11/01/1987","1","04","2","2","5","07",,,,,,1,"1",5818,11780
"00","1021","1","12A206","23","40358","2","1","0","03","-","1","7","2","98",,"1","02","2","2","4","07",,,,,,1,,5818,0
"00","1021","1","12A206","23","40358","2","1","0","01","-","1","1","1","61","23/01/1960","1","04","3","2","2","01","9","9","9","1","999999",1,"1",5818,17670
"00","1021","1","12A206","23","40358","2","1","0","02","-","1","4","2","89","19/09/1932","1","02","2","2","4","07",,,,,,1,,5818,0
"00","1021","1","12A206","23","40358","1","1","0","01","-","1","1","2","56","21/10/1964","1","02","6","2","6","01","4","4","2","1","000500",1,"1",5818,5890
"00","1021","1","12A206","23","40358","4","1","0","01","-","1","1","1","37","18/12/1983","1","04","3","1","5","01","5","5","3","2","006000",1,,5818,0
"00","1021","1","12A206","23","40358","3","1","0","01","-","1","1","1","60","13/10/1960","1","03","1","2","5","04",,,,,,1,"1",5818,23560
"00","1021","1","11A206","23","40360","1","1","0","01","-","1","1","1","33","20/11/1987","1","02","6","2","5","01","5","5","3","1","001700",1,,18686,0
"00","1021","1","11A206","23","40360","1","1","0","03","-","1","3","1","08","14/07/2013","1","02","2","1",,,,,,,,1,,18686,0
"00","1021","1","11A206","23","40360","1","1","0","02","-","1","2","2","35","25/05/1986","1","02","6","2","5","07",,,,,,1,"1",18686,37373
"00","1021","1","11A206","23","40360","3","1","0","02","-","1","3","1","25","18/02/1996","1","03","3","2","6","01","5","5","3","2","999999",1,"1",18686,37373
"00","1021","1","11A206","23","40360","3","1","0","03","-","1","3","1","12","18/09/2009","1","02","6","1","6","06",,,,,,1,,18686,0
"00","1021","1","11A206","23","40360","3","1","0","01","-","1","1","2","49","15/07/1972","1","02","3","2","2","07",,,,,,1,,18686,0
"00","1021","1","11A206","23","40360","4","1","0","02","-","1","4","2","54","12/03/1967","1","04","3","2","2","07",,,,,,1,"1",18686,56059
"00","1021","1","11A206","23","40360","4","1","0","01","-","1","1","1","39","11/06/1982","1","04","3","2","5","01","7","3","2","1","001500",1,,18686,0
"00","1021","1","11A206","23","40360","4","1","0","03","-","1","2","2","98",,"1","04","3","2","5","07",,,,,,1,,18686,0
"00","1021","7","12A198","23","40362","1","1","0","01","-","1","1","1","21","06/06/2000","1","03","3","2","1","01","5","5","1","1","005000",1,"1",8486,17101
"00","1021","7","12A198","23","40362","1","1","0","02","-","1","2","2","20","22/12/2000","1","04","3","2","1","07",,,,,,1,,8486,0
"00","1021","7","12A198","23","40362","3","1","0","01","-","1","1","1","44","24/06/1977","1","03","3","2","6","01","7","3","3","1","002000",1,"1",8486,8550
"00","1021","7","12A198","23","40362","1","1","0","03","-","1","3","2","01","01/12/2019",,,,,,,,,,,,1,,8486,0
"00","1021","5","11B192","23","40365","2","1","0","02","-","1","2","1","41","01/10/1980","1","04","3","2","5","01","3","5","3","2","003800",1,,8758,0
"00","1021","5","11B192","23","40365","2","1","0","04","-","1","3","2","13","01/05/2008","1","03","1","1","6","06",,,,,,1,,8758,0
"00","1021","5","11B192","23","40365","2","1","0","05","-","1","3","1","11","15/09/2010","1","02","5","1",,,,,,,,1,,8758,0
"00","1021","5","11B192","23","40365","2","1","0","01","-","1","1","2","39","01/09/1982","1","04","3","2","5","07",,,,,,1,"1",8758,17649
"00","1021","5","11B192","23","40365","2","1","0","06","-","1","3","2","07","12/12/2013","1","01","3","1",,,,,,,,1,,8758,0
"00","1021","2","11B192","23","40365","2","1","0","03","-","2",,,,,,,,,,,,,,,,1,,0,0
"00","1021","5","11B192","23","40365","1","1","2","02","-","1","2","2","46","03/10/1975","1","07","5","2","5","01","5","5","3","3","008000",1,,8758,0
"00","1021","5","11B192","23","40365","1","1","2","04","-","1","3","1","10","22/11/2010","1","02","4","1",,,,,,,,1,,8758,0
"00","1021","5","11B192","23","40365","1","1","2","03","-","1","3","2","16","09/06/2005","1","04","1","1","6","06",,,,,,1,,8758,0
"00","1021","5","11B192","23","40365","1","1","2","01","-","1","1","1","47","18/01/1974","1","03","3","2","5","01","5","4","3","3","008000",1,"1",8758,17649
"00","1021","5","11B192","23","40365","3","1","0","04","-","1","3","2","09","09/02/2012","1","02","2","1",,,,,,,,1,,8758,0
"00","1021","5","11B192","23","40365","4","1","0","01","-","1","1","1","40","05/12/1980","1","04","2","2","1","01","5","7","3","2","003500",1,"1",8758,26474
"00","1021","5","11B192","23","40365","4","1","0","04","-","1","3","2","16","04/08/2005","1","03","3","1","6","06",,,,,,1,,8758,0
"00","1021","5","11B192","23","40365","4","1","0","02","-","1","2","2","42","21/05/1979","1","03","3","2","1","07",,,,,,1,,8758,0
"00","1021","5","11B192","23","40365","4","1","0","03","-","1","3","2","18","17/12/2002","1","04","3","1","6","06",,,,,,1,,8758,0
"00","1021","5","11B192","23","40365","3","1","0","01","-","1","1","1","39","23/02/1982","1","07","4","2","1","01","3","5","3","2","005000",1,,8758,0
"00","1021","5","11B192","23","40365","3","1","0","03","-","1","3","2","10","14/10/2010","1","02","5","1",,,,,,,,1,,8758,0
"00","1021","5","11B192","23","40365","3","1","0","02","-","1","2","2","41","04/12/1979","1","04","3","2","1","07",,,,,,1,"1",8758,17649
"00","1021","4","11A203","23","40420","4","1","0","03","-","1","3","1","22","10/11/1998","1","07","3","2","6","01","5","5","3","2","003500",1,,6960,0
"00","1021","4","11A203","23","40420","4","1","0","02","-","1","2","2","50","25/10/1970","1","07","6","2","1","01","5","5","2","1","004000",1,,6960,0
"00","1021","4","11A203","23","40420","3","1","0","01","-","1","1","2","61","27/05/1960","1","02","6","2","2","01","5","2","3","1","002000",1,"1",6960,7013
"00","1021","4","11A203","23","40420","2","1","0","02","-","1","2","2","60","25/03/1961","1","02","6","2","1","07",,,,,,1,"1",6960,14027
"00","1021","4","11A203","23","40420","2","1","0","01","-","1","1","1","55","24/03/1966","1","07","4","2","1","01","5","5","4","1","006000",1,,6960,0
"00","1021","4","11A203","23","40420","1","1","0","01","-","1","1","1","40","19/04/1981","1","04","3","2","2","01","7","3","2","1","003500",1,"1",6960,7013
"00","1021","4","11A203","23","40420","1","1","0","02","-","1","3","2","16","23/09/2005","1","03","3","1","6","06",,,,,,1,,6960,0
"00","1021","4","11A203","23","40420","4","1","0","01","-","1","1","1","58","15/01/1963","1","03","3","2","1","01","5","5","3","2","006500",1,"1",6960,21040
"00","1021","7","13A198","24","40076","2","1","0","01","-","1","1","1","47","10/07/1974","1","03","3","2","5","01","5","5","2","1","999999",1,,8361,0
"00","1021","7","13A198","24","40076","2","1","0","02","-","1","2","2","41","16/08/1980","1","03","3","2","5","01","5","5","3","1","999999",1,"1",8361,42175
"00","1021","7","13A198","24","40076","2","1","0","05","-","1","3","1","20","18/10/2000","1","03","3","1","6","01","3","4","3","2","999999",1,,8361,0
"00","1021","7","13A198","24","40076","2","1","0","03","-","1","3","2","18","02/03/2003","1","04","2","1","6","01","3","4","3","2","003900",1,,8361,0
"00","1021","7","13A198","24","40076","3","1","0","02","-","1","2","1","59","01/04/1962","1","03","3","2","5","01","6","1","2","4","999999",1,"1",8361,25305
"00","1021","7","13A198","24","40076","3","1","0","01","-","1","1","2","61","20/12/1959","1","05","4","2","5","08",,,,,,1,,8361,0
"00","1021","7","13A198","24","40076","3","1","0","03","-","1","3","2","22","15/04/1999","1","07","2","1","6","06",,,,,,1,,8361,0
"00","1021","7","13A198","24","40076","4","1","0","04","-","1","3","1","05","11/03/2016","2","01","2","1",,,,,,,,1,,8361,0
"00","1021","7","13A198","24","40076","4","1","0","01","-","1","1","1","40","23/03/1981","1","03","3","2","5","01","4","4","2","1","002000",1,"1",8361,16870
"00","1021","7","13A198","24","40076","4","1","0","03","-","1","3","1","14","12/07/2007","1","03","1","1","6","06",,,,,,1,,8361,0
"00","1021","7","13A198","24","40076","4","1","0","02","-","1","2","2","35","18/07/1986","1","07","5","2","5","01","1","5","3","2","004000",1,,8361,0
"00","1021","7","13A198","24","40076","1","1","0","01","-","1","1","2","38","28/12/1982","1","04","3","2","3","01","4","4","3","1","999999",1,,8361,0
"00","1021","7","13A198","24","40076","1","1","0","02","-","1","3","2","18","26/12/2002","1","04","3","1","6","06",,,,,,1,"1",8361,16870
"00","1021","7","13A198","24","40076","1","1","0","04","-","1","3","2","03","03/03/2018",,,,,,,,,,,,1,,8361,0
"00","1021","7","13A198","24","40076","1","1","0","03","-","1","3","1","11","27/08/2010","1","02","5","1",,,,,,,,1,,8361,0
"00","1021","7","13A198","24","40076","2","1","0","04","-","1","3","2","23","27/01/1998","1","07","3","1","6","01","1","5","3","2","999999",1,,8361,0
"00","1021","7","11A198","24","40078","2","1","0","03","-","1","3","2","29","10/02/1992","1","03","3","1","1","01","7","2","3","1","999999",1,,7589,0
"15","1021","7","11A198","24","40078","4","1","0","01","-","1","1","1","21","02/03/2000","1","03","3","2","1","01","7","2","3","1","999999",1,,7589,0
"00","1021","7","11A198","24","40078","2","1","0","07","-","1","5","1","08","03/09/2013","1","02","1","1",,,,,,,,1,,7589,0
"00","1021","7","11A198","24","40078","2","1","0","02","-","1","2","2","54","16/12/1966","1","03","3","2","6","01","3","7","3","2","003000",1,,7589,0
"00","1021","7","11A198","24","40078","2","1","0","05","-","1","3","2","18","06/01/2003","1","03","1","1","6","06",,,,,,1,,7589,0
"00","1021","7","11A198","24","40078","2","1","0","06","-","1","5","2","09","01/10/2012","1","02","2","1",,,,,,,,1,,7589,0
"00","1021","7","11A198","24","40078","2","1","0","04","-","1","7","1","30","10/10/1990","1","04","3","2","1","01","7","2","3","1","999999",1,,7589,0
"00","1021","7","11A198","24","40078","3","1","0","02","-","1","2","2","35","12/12/1985","1","03","3","2","5","01","7","2","3","1","999999",1,"1",7589,22942
"00","1021","7","11A198","24","40078","3","1","0","03","-","1","4","2","56","21/07/1965","1","02","6","2","4","01","5","5","2","1","001000",1,,7589,0
"00","1021","7","11A198","24","40078","3","1","0","01","-","1","1","1","35","19/06/1986","1","04","2","2","5","01","7","2","3","1","999999",1,,7589,0
"00","1021","7","11A198","24","40078","1","1","0","01","-","1","1","1","36","17/01/1985","1","04","3","2","1","01","7","2","3","1","003500",1,,7589,0
"00","1021","7","11A198","24","40078","1","1","0","03","-","1","3","1","11","01/08/2010","1","02","4","1",,,,,,,,1,,7589,0
"00","1021","7","11A198","24","40078","1","1","0","04","-","1","3","2","03","13/02/2018",,,,,,,,,,,,1,,7589,0
"00","1021","7","11A198","24","40078","1","1","0","02","-","1","2","2","36","20/02/1985","1","03","3","2","1","07",,,,,,1,"1",7589,15295
"00","1021","7","11A198","24","40078","3","1","0","04","-","1","3","1","12","10/08/2009","1","02","5","1","6","06",,,,,,1,,7589,0
"00","1021","7","11A198","24","40078","3","1","0","05","-","1","3","2","04","06/02/2017",,,,,,,,,,,,1,,7589,0
"00","1021","7","11A198","24","40078","3","1","0","06","-","1","3","1","03","06/06/2018",,,,,,,,,,,,1,,7589,0
"15","1021","7","11A198","24","40078","4","1","0","02","-","1","2","2","21","18/02/2000","1","03","3","2","1","07",,,,,,1,,7589,0
"15","1021","7","11A198","24","40078","4","1","0","03","-","1","3","1","03","04/04/2018",,,,,,,,,,,,1,,7589,0
"00","1021","7","11A198","24","40078","2","1","0","01","-","1","1","1","54","03/08/1967","1","03","3","2","5","01","5","5","2","1","999999",1,"1",7589,38237
"00","1021","3","11A204","24","40103","2","1","0","01","-","1","1","2","49","30/01/1972","1","03","3","2","3","04",,,,,,1,"1",6917,6970
"00","1021","3","11A204","24","40103","3","1","0","02","-","1","4","2","82","30/06/1939","1","02","4","2","3","10",,,,,,1,,6917,0
"00","1021","3","11A204","24","40103","3","1","0","01","-","1","1","1","49","21/05/1972","1","04","3","2","6","01","5","5","5","2","999999",1,"1",6917,13940
"00","1021","3","11A204","24","40103","4","1","0","04","-","1","3","2","19","15/11/2001","1","04","2","1","6","01","7","2","3","1","001300",1,"1",6917,27879
"00","1021","3","11A204","24","40103","4","1","0","02","-","1","2","2","40","12/11/1980","1","03","3","2","1","01","7","2","3","1","001400",1,,6917,0
"00","1021","3","11A204","24","40103","4","1","0","01","-","1","1","1","41","15/01/1980","1","03","3","2","1","01","7","2","3","1","001400",1,,6917,0
"00","1021","3","11A204","24","40103","4","1","0","03","-","1","3","1","22","19/07/1999","1","04","2","2","5","01","7","2","3","1","001400",1,,6917,0
"00","1021","3","11A204","24","40103","4","1","0","05","-","1","3","1","12","30/06/2009","1","02","6","1","6","06",,,,,,1,,6917,0
"00","1021","3","13A204","24","40104","1","1","0","03","-","1","3","1","28","25/07/1993","1","04","2","2","6","01","4","4","2","1","999999",1,,10102,0
"00","1021","3","13A204","24","40104","4","1","0","02","-","1","3","2","27","30/06/1994","1","07","5","2","6","01","1","7","3","2","999999",1,"1",10102,30574
"00","1021","3","13A204","24","40104","2","1","0","02","-","1","3","2","40","18/06/1981","1","09","2","2","6","01","1","5","2","1","999999",1,,10102,0
"00","1021","3","13A204","24","40104","2","1","0","01","-","1","1","2","72","05/07/1949","1","06","2","2","3","08",,,,,,1,"1",10102,20383
"00","1021","3","13A204","24","40104","1","1","0","01","-","1","1","1","68","25/01/1953","1","07","5","2","5","01","1","5","3","2","999999",1,"1",10102,30574
"00","1021","3","13A204","24","40104","4","1","0","03","-","1","3","2","23","30/06/1998","1","07","5","1","6","06",,,,,,1,,10102,0
"00","1021","3","13A204","24","40104","3","1","0","01","-","1","1","2","51","26/05/1970","1","07","5","2","3","07",,,,,,1,,10102,0
"00","1021","3","13A204","24","40104","3","1","0","04","-","1","3","2","15","07/07/2006","1","03","3","1","6","06",,,,,,1,,10102,0
"00","1021","3","13A204","24","40104","3","1","0","03","-","1","3","2","18","02/10/2002","1","04","3","1","6","06",,,,,,1,"1",10102,30574
"00","1021","3","13A204","24","40104","3","1","0","02","-","1","3","1","20","19/09/2001","1","04","3","1","6","06",,,,,,1,,10102,0
"00","1021","3","13A204","24","40104","4","1","0","01","-","1","1","2","55","30/06/1966","1","07","4","2","3","01","3","7","3","2","999999",1,,10102,0
"00","1021","3","13A204","24","40104","1","1","0","02","-","1","2","2","64","14/10/1956","1","08","2","2","5","01","3","5","3","2","004000",1,,10102,0
"00","1021","6","11B191","24","40174","2","1","0","01","-","1","1","2","48","06/03/1973","1","06","2","2","2","01","4","4","3","1","001400",1,"1",7335,22173
"00","1021","6","11B191","24","40174","2","1","0","02","-","1","3","2","18","16/12/2002","1","04","2","1","6","06",,,,,,1,,7335,0
"00","1021","6","11B191","24","40174","4","1","0","01","-","1","1","1","69","19/05/1952","1","02","2","2","4","08",,,,,,1,"1",7335,7391
"00","1021","6","11B191","24","40174","1","1","0","02","-","1","2","2","67","03/05/1954","1","03","3","2","5","07",,,,,,1,,7335,0
"00","1021","6","11B191","24","40174","1","1","0","01","-","1","1","1","75","06/10/1945","1","03","2","2","5","08",,,,,,1,"1",7335,14782
"14","1021","6","11B191","24","40174","3","1","0","04","-","1","3","2","19","18/10/2001","1","04","1","1","6","06",,,,,,1,,7335,0
"14","1021","6","11B191","24","40174","3","1","0","02","-","1","2","2","48","19/01/1973","1","03","3","2","5","01","7","2","3","1","999999",1,,7335,0
"14","1021","6","11B191","24","40174","3","1","0","03","-","1","3","2","25","25/10/1995","1","03","3","2","2","01","3","7","3","2","999999",1,,7335,0
"00","1021","6","11B191","24","40174","2","1","0","03","-","1","3","1","23","10/06/1998","1","04","2","2","6","01","5","5","3","1","001500",1,,7335,0
"14","1021","6","11B191","24","40174","3","1","0","05","-","1","5","2","02","02/09/2019",,,,,,,,,,,,1,,7335,0
"14","1021","6","11B191","24","40174","3","1","0","01","-","1","1","1","49","16/07/1972","1","03","3","2","5","01","3","4","3","2","999999",1,,7335,0
"00","1021","2","12A205","24","40262","1","1","0","01","-","1","1","2","72","20/12/1948","1","02","2","2","4","08",,,,,,1,"1",6967,11757
"00","1021","2","12A205","24","40262","3","1","0","03","-","1","3","2","20","13/06/2001","1","07","2","1","6","06",,,,,,1,,6967,0
"00","1021","2","12A205","24","40262","3","1","0","01","-","1","1","1","58","06/11/1962","1","05","4","2","5","08",,,,,,1,"1",6967,35272
"00","1021","2","12A205","24","40262","3","1","0","02","-","1","2","2","57","16/05/1964","1","05","4","2","5","08",,,,,,1,,6967,0
"00","1021","2","12A205","24","40262","4","1","0","02","-","1","2","2","62","19/11/1958","1","03","3","2","5","07",,,,,,1,"1",6967,23515
"15","1021","2","12A205","24","40262","2","1","0","05","-","1","3","1","17","15/07/2004","1","00",,"2","6","10",,,,,,1,,6967,0
"15","1021","2","12A205","24","40262","2","1","0","01","-","1","1","1","46","15/11/1974","1","03","3","2","6","01","4","4","2","1","999999",1,"1",6967,0
"15","1021","2","12A205","24","40262","2","1","0","04","-","1","3","2","21","08/08/2000","1","03","1","2","6","02","4","4","6","5",,1,,6967,0
"15","1021","2","12A205","24","40262","2","1","0","03","-","1","3","2","22","21/05/1999","1","03","3","2","6","02","4","4","6","5",,1,,6967,0
"15","1021","2","12A205","24","40262","2","1","0","02","-","1","2","2","39","16/08/1982","1","03","3","2","6","02","4","4","6","5",,1,,6967,0
"00","1021","2","12A205","24","40262","4","1","0","01","-","1","1","1","81","01/09/1940","1","05","4","2","5","08",,,,,,1,,6967,0
"00","1021","8","11A197","24","40328","4","1","0","02","-","1","2","2","44","11/01/1977","1","03","3","2","5","07",,,,,,1,"1",8060,24483
"00","1021","8","11A197","24","40328","4","1","0","04","-","1","3","1","15","05/10/2005","1","04","1","1","6","06",,,,,,1,,8060,0
"00","1021","8","11A197","24","40328","4","1","0","05","-","1","3","1","15","05/10/2005","1","04","1","1","6","06",,,,,,1,,8060,0
"00","1021","8","11A197","24","40328","4","1","0","03","-","1","3","2","21","08/03/2000","1","07","1","1","6","06",,,,,,1,,8060,0
"00","1021","8","11A197","24","40328","4","1","0","01","-","1","1","1","44","16/11/1976","1","03","3","2","5","01","7","2","3","1","999999",1,,8060,0
"00","1021","8","11A197","24","40328","2","1","0","04","-","1","3","1","16","27/04/2005","1","03","3","1","6","06",,,,,,1,,8060,0
"00","1021","8","11A197","24","40328","1","1","0","02","-","1","2","2","64","24/05/1957","1","02","6","2","5","07",,,,,,1,"1",8060,16322
"00","1021","8","11A197","24","40328","2","1","0","01","-","1","1","1","42","12/12/1978","1","07","5","2","5","01","7","2","3","1","999999",1,,8060,0
"00","1021","8","11A197","24","40328","2","1","0","03","-","1","3","2","19","19/11/2001","1","04","2","1","6","06",,,,,,1,"1",8060,24483
"00","1021","8","11A197","24","40328","2","1","0","02","-","1","2","2","44","17/10/1976","1","04","3","2","5","01","5","5","3","2","999999",1,,8060,0
"00","1021","8","11A197","24","40328","1","1","0","01","-","1","1","1","66","18/06/1955","1","02","6","2","5","01","7","3","2","1","001000",1,,8060,0
"00","1021","5","11B192","24","40332","1","1","0","04","-","1","5","1","05","06/10/2015","2","01","1","1",,,,,,,,1,,14407,0
"00","1021","5","11B192","24","40332","1","1","0","01","-","1","1","1","49","24/04/1972","1","04","2","2","5","01","5","3","2","2","999999",1,,14407,0
"00","1021","5","11B192","24","40332","1","1","0","02","-","1","2","2","46","25/12/1974","1","03","3","2","5","07",,,,,,1,,14407,0
"00","1021","5","11B192","24","40332","1","1","0","03","-","1","3","2","26","05/10/1995","1","04","3","2","6","01","7","2","3","1","999999",1,"1",14407,43760
"00","1021","5","11B192","24","40332","2","1","0","03","-","1","3","2","05","04/06/2016","2","01","2","1",,,,,,,,1,,14407,0
"00","1021","5","11B192","24","40332","2","1","0","02","-","1","2","2","37","13/11/1983","1","07","5","1","1","01","1","5","3","2","999999",1,"1",14407,29174
"00","1021","5","11B192","24","40332","2","1","0","01","-","1","1","1","36","10/11/1984","1","07","5","2","1","01","1","5","3","2","999999",1,,14407,0
"00","1021","5","12B192","24","40333","4","1","0","03","-","2",,,,,,,,,,,,,,,,1,,0,0
"00","1021","5","12B192","24","40333","4","1","0","02","-","2",,,,,,,,,,,,,,,,1,,0,0
"00","1021","5","12B192","24","40333","4","1","0","01","-","1","1","2","77","17/02/1944","1","04","2","2","4","07",,,,,,1,"1",9560,9645
"00","1021","5","12B192","24","40333","2","1","0","01","-","1","1","2","82","28/01/1939","1","07","5","2","4","07",,,,,,1,"1",9560,9645
"00","1021","2","12A203","24","40351","3","1","0","01","-","2",,,,,,,,,,,,,,,,1,,0,0
"00","1021","4","12A203","24","40351","3","1","0","02","-","1","3","1","31","02/04/1990","1","07","5","2","6","01","7","2","3","1","999999",1,"1",8133,24703
"00","1021","4","12A203","24","40351","3","1","0","03","-","1","3","2","26","15/02/1995","1","07","5","2","6","01","3","2","3","2","999999",1,,8133,0
"00","1021","4","12A203","24","40351","4","1","0","02","-","1","2","2","27","15/12/1993","1","04","3","2","1","07",,,,,,1,"1",8133,16469
"00","1021","4","12A203","24","40351","3","1","0","04","-","1","2","2","58","24/10/1962","1","07","5","2","5","07",,,,,,1,,8133,0
"00","1021","4","12A203","24","40351","4","1","0","03","-","1","3","2","04","08/04/2017",,,,,,,,,,,,1,,8133,0
"00","1021","4","12A203","24","40351","4","1","0","01","-","1","1","1","27","29/06/1994","1","04","3","2","1","01","5","5","3","2","003500",1,,8133,0
"00","1021","4","12A203","24","40351","1","1","0","02","-","1","2","2","67","09/06/1954","1","08","2","2","5","01","3","7","3","2","999999",1,,8133,0
"00","1021","4","12A203","24","40351","1","1","0","01","-","1","1","1","71","24/01/1950","1","07","5","2","5","08",,,,,,1,,8133,0
"00","1021","4","12A203","24","40351","1","1","0","03","-","1","3","2","44","05/06/1977","1","09","2","2","6","01","1","7","3","2","999999",1,"1",8133,24703
"00","1021","4","12A203","24","40351","2","1","0","02","-","1","2","2","31","25/02/1990","1","04","2","2","5","07",,,,,,1,,8133,0
"00","1021","4","12A203","24","40351","2","1","0","03","-","1","3","2","06","04/05/2015","1","01","3","1",,,,,,,,1,,8133,0
"00","1021","4","12A203","24","40351","2","1","0","01","-","1","1","1","35","23/09/1986","1","08","5","2","5","01","4","4","2","2","999999",1,"1",8133,16469
"00","1021","4","13A203","24","40383","2","1","0","02","-","1","3","2","37","27/10/1983","1","07","4","2","6","01","1","5","2","1","999999",1,"1",10702,21594
"00","1021","4","13A203","24","40383","4","1","0","03","-","1","3","1","23","18/05/1998","1","07","3","1","6","06",,,,,,1,,10702,0
"00","1021","4","13A203","24","40383","4","1","0","04","-","1","3","2","21","19/01/2000","1","07","2","1","6","06",,,,,,1,,10702,0
"00","1021","4","13A203","24","40383","4","1","0","02","-","1","2","2","54","14/10/1966","1","06","2","2","5","07",,,,,,1,,10702,0
"00","1021","4","13A203","24","40383","4","1","0","05","-","1","3","2","21","19/01/2000","1","07","1","1","6","06",,,,,,1,"1",10702,53984
"00","1021","4","13A203","24","40383","4","1","0","01","-","1","1","1","61","01/02/1960","1","09","1","2","5","08",,,,,,1,,10702,0
"00","1021","4","13A203","24","40383","2","1","0","01","-","1","1","2","71","07/05/1950","1","04","2","2","4","07",,,,,,1,,10702,0
"00","1021","1","12A206","24","40391","1","1","0","03","-","1","3","2","21","29/07/2000","1","04","2","2","6","01","7","2","3","1","001200",1,,7383,0
"00","1021","1","12A206","24","40391","1","1","0","01","-","1","1","1","45","07/08/1976","1","04","2","2","5","01","7","2","3","1","999999",1,,7383,0
"00","1021","1","12A206","24","40391","1","1","0","02","-","1","2","2","34","02/01/1987","1","03","3","2","5","07",,,,,,1,"1",7383,22425
"00","1021","1","12A206","24","40391","1","1","0","04","-","1","5","2","03","18/11/2017",,,,,,,,,,,,1,,7383,0
"00","1021","1","12A206","24","40391","4","1","0","01","-","1","1","1","53","18/10/1967","1","02","6","2","3","01","7","5","3","1","003000",1,"1",7383,7475
"00","1021","1","12A206","24","40391","3","1","0","03","-","1","3","1","21","23/08/2000","1","04","3","1","6","06",,,,,,1,,7383,0
"00","1021","1","12A206","24","40391","3","1","0","01","-","1","1","2","53","15/10/1967","1","06","3","2","4","01","5","5","5","2","005000",1,"1",7383,22425
"00","1021","1","12A206","24","40391","3","1","0","02","-","1","3","1","26","21/08/1995","1","07","4","1","6","06",,,,,,1,,7383,0
"00","1021","4","12A198","25","40009","4","1","0","06","-","2",,,,,,,,,,,,,,,,1,,0,0
"00","1021","7","12A198","25","40009","4","1","0","07","-","1","7","1","26","09/12/1994","1","04","3","2","6","01","5","5","3","1","001500",1,,7396,0
"00","1021","4","12A198","25","40009","4","1","0","01","-","2",,,,,,,,,,,,,,,,1,,0,0
"00","1021","4","12A198","25","40009","4","1","0","08","-","2",,,,,,,,,,,,,,,,1,,0,0
"00","1021","7","12A198","25","40009","1","1","0","02","-","1","3","2","28","30/06/1993","1","07","5","2","6","01","3","4","3","2","999999",1,,7396,0
"00","1021","7","12A198","25","40009","1","1","0","04","-","1","5","1","06","27/07/2015","1","01","2","1",,,,,,,,1,,7396,0
"00","1021","6","12A198","25","40009","1","1","0","05","-","2",,,,,,,,,,,,,,,,1,,0,0
"00","1021","7","12A198","25","40009","1","1","0","01","-","1","1","2","53","01/03/1968","1","07","4","2","6","03","3","2","3","2","001200",1,"1",7396,22464
"00","1021","7","12A198","25","40009","1","1","0","03","-","1","3","2","26","12/10/1994","1","04","3","2","6","01","4","4","5","2","999999",1,,7396,0
"00","1021","7","12A198","25","40009","1","1","0","08","-","1","5","2","02","17/04/2019",,,,,,,,,,,,1,,7396,0
"00","1021","5","12A198","25","40009","1","1","0","06","-","2",,,,,,,,,,,,,,,,1,,0,0
"00","1021","5","12A198","25","40009","1","1","0","07","-","2",,,,,,,,,,,,,,,,1,,0,0
"00","1021","7","12A198","25","40009","2","1","0","03","-","1","3","1","30","03/02/1991","1","07","5","2","6","01","3","5","3","2","999999",1,,7396,0
"00","1021","7","12A198","25","40009","2","1","0","01","-","1","1","1","55","19/10/1965","1","07","2","2","5","01","5","6","3","1","002100",1,,7396,0
"00","1021","7","12A198","25","40009","2","1","0","02","-","1","2","2","49","13/01/1972","1","04","3","2","5","07",,,,,,1,"1",7396,29951
"00","1021","7","12A198","25","40009","2","1","0","04","-","1","3","2","21","07/03/2000","1","07","2","1","6","01","5","4","3","1","000700",1,,7396,0
"00","1021","7","12A198","25","40009","3","1","0","01","-","1","1","2","68","28/03/1953","1","07","4","2","6","08",,,,,,1,"1",7396,22464
"00","1021","7","12A198","25","40009","3","1","0","02","-","1","3","1","33","22/01/1988","1","04","3","2","6","07",,,,,,1,,7396,0
"00","1021","7","12A198","25","40009","3","1","0","03","-","1","7","1","46","01/01/1975","1","02","6","2","5","01","5","4","3","1","001500",1,,7396,0
"00","1021","7","12A198","25","40009","4","1","0","02","-","1","2","2","48","12/10/1972","1","03","3","2","5","01","5","5","3","2","003000",1,"1",7396,29951
"00","1021","7","12A198","25","40009","4","1","0","04","-","1","3","2","28","09/01/1993","1","07","5","2","6","01","3","5","3","2","004000",1,,7396,0
"00","1021","7","12A198","25","40009","4","1","0","05","-","1","3","2","22","12/03/1999","1","07","1","1","6","06",,,,,,1,,7396,0
"00","1021","4","12A198","25","40009","4","1","0","03","-","2",,,,,,,,,,,,,,,,1,,0,0
"00","1021","3","12A204","25","40134","1","1","0","04","-","1","3","1","28","08/06/1993","1","07","5","2","6","04",,,,,,1,"1",7344,37177
"00","1021","3","12A204","25","40134","1","1","0","03","-","1","3","1","31","14/11/1989","1","04","3","2","6","01","5","4","3","2","003000",1,,7344,0
"00","1021","3","12A204","25","40134","1","1","0","01","-","1","1","1","58","05/09/1963","1","07","5","2","5","01","3","5","3","2","999999",1,,7344,0
"00","1021","3","12A204","25","40134","1","1","0","02","-","1","2","2","57","25/06/1964","1","02","6","2","5","07",,,,,,1,,7344,0
"00","1021","3","12A204","25","40134","4","1","0","01","-","1","1","2","50","13/05/1971","1","06","3","2","6","01","3","5","3","2","999999",1,,7344,0
"00","1021","3","12A204","25","40134","4","1","0","02","-","1","6","2","56","18/03/1965","1","02","6","2","6","07",,,,,,1,"1",7344,14871
"00","1021","3","12A204","25","40134","3","1","0","06","-","1","2","2","36","05/04/1985","1","06","3","2","4","01","4","4","2","1","999999",1,,7344,0
"00","1021","3","12A204","25","40134","3","1","0","03","-","1","3","2","10","07/10/2011","1","02","4","1",,,,,,,,1,,7344,0
"00","1021","3","12A204","25","40134","3","1","0","04","-","1","3","1","16","06/01/2005","1","03","3","1","6","01","4","4","2","1","000400",1,,7344,0
"00","1021","2","12A204","25","40134","3","1","0","01","-","2",,,,,,,,,,,,,,,,1,,0,0
"00","1021","3","12A204","25","40134","3","1","0","05","-","1","7","2","18","23/04/2003","1","04","3","1","1","07",,,,,,1,,7344,0
"00","1021","3","12A204","25","40134","3","1","0","02","-","1","3","1","21","07/08/2000","1","07","2","1","1","01","4","4","2","1","001000",1,"1",7344,22306
"00","1021","3","12A204","25","40134","2","1","0","04","-","1","3","1","11","29/11/2009","1","02","5","1",,,,,,,,1,,7344,0
"00","1021","3","12A204","25","40134","2","1","0","03","-","1","3","1","20","04/10/2001","1","04","3","1","6","06",,,,,,1,,7344,0
"00","1021","3","12A204","25","40134","2","1","0","02","-","1","2","2","36","07/08/1985","1","03","3","2","1","01","5","4","3","1","999999",1,,7344,0
"00","1021","3","12A204","25","40134","2","1","0","01","-","1","1","1","43","08/07/1978","1","04","1","2","1","01","5","4","3","1","999999",1,"1",7344,22306
"00","1021","3","12A204","25","40134","1","1","0","05","-","1","6","1","77","25/07/1944","1","07","5","2","4","08",,,,,,1,,7344,0
"00","1021","8","13A197","25","40165","2","1","0","01","-","1","1","1","22","22/03/1999","1","07","3","1","6","06",,,,,,1,"1",5546,5615
"00","1021","8","13A197","25","40165","3","1","0","02","-","1","2","1","41","21/11/1979","1","03","3","2","5","01","5","5","2","1","007000",1,"1",5546,16844
"00","1021","8","13A197","25","40165","3","1","0","01","-","1","1","2","38","12/01/1983","1","03","3","2","5","07",,,,,,1,,5546,0
"00","1021","8","13A197","25","40165","3","1","0","05","-","1","3","2","15","14/04/2006","1","03","2","1","6","06",,,,,,1,,5546,0
"00","1021","8","13A197","25","40165","3","1","0","03","-","1","3","2","19","29/12/2001","1","04","1","1","6","01","5","5","3","1","999999",1,,5546,0
"00","1021","8","13A197","25","40165","3","1","0","04","-","1","3","2","17","29/11/2003","1","04","2","1","6","06",,,,,,1,,5546,0
"00","1021","2","11A205","25","40197","4","1","0","02","-","1","2","2","32","03/12/1988","1","07","5","2","5","01","5","5","2","1","000750",1,,6925,0
"00","1021","2","11A205","25","40197","1","1","0","01","-","1","1","1","39","26/09/1982","1","04","3","2","5","01","7","4","3","1","001400",1,"1",6925,13956
"00","1021","2","11A205","25","40197","2","1","0","01","-","1","1","2","72","01/12/1948","1","02","4","2","4","08",,,,,,1,"1",6925,6978
"00","1021","2","11A205","25","40197","3","1","0","01","-","1","1","2","63","08/03/1958","1","04","3","2","4","01","4","4","2","1","003000",1,"1",6925,6978
"00","1021","2","11A205","25","40197","4","1","0","01","-","1","1","1","40","12/11/1980","1","07","5","2","5","01","1","7","3","2","004200",1,"1",6925,13956
"00","1021","2","11A205","25","40197","4","1","0","04","-","1","3","1","01","29/11/2019",,,,,,,,,,,,1,,6925,0
"00","1021","2","11A205","25","40197","4","1","0","03","-","1","3","1","08","11/05/2013","1","02","2","1",,,,,,,,1,,6925,0
"00","1021","2","11A205","25","40197","1","1","0","02","-","1","4","2","60","05/01/1961","1","02","4","2","6","10",,,,,,1,,6925,0
"00","1021","6","13B191","25","40203","4","1","1","01","-","1","1","1","38","10/03/1983","1","04","2","2","1","01","5","5","3","2","999999",1,,6578,0
"00","1021","6","13B191","25","40203","4","1","1","04","-","1","3","2","06","27/10/2014","2","01","2","1",,,,,,,,1,,6578,0
"00","1021","6","13B191","25","40203","4","1","1","03","-","1","3","2","17","29/11/2003","1","04","3","1","6","06",,,,,,1,,6578,0
"00","1021","6","13B191","25","40203","4","1","1","02","-","1","2","2","37","10/09/1984","1","07","4","2","1","01","5","7","3","2","006000",1,"1",6578,19980
"00","1021","6","13B191","25","40203","4","1","1","05","-","1","7","2","57","02/06/1964","1","07","3","2","2","08",,,,,,1,,6578,0
"00","1021","5","13B191","25","40203","3","1","0","05","-","2",,,,,,,,,,,,,,,,1,,0,0
"00","1021","6","13B191","25","40203","3","1","0","04","-","1","3","1","25","24/02/1996","1","03","3","2","6","10",,,,,,1,,6578,0
"00","1021","6","13B191","25","40203","3","1","0","02","-","1","2","2","43","17/01/1978","1","02","3","2","1","01","5","5","2","1","999999",1,"1",6578,33300
"00","1021","6","13B191","25","40203","3","1","0","06","-","1","5","1","20","14/02/2001","1","07","1","2","1","01","5","5","3","1","999999",1,,6578,0
"00","1021","6","13B191","25","40203","3","1","0","07","-","1","5","2","00","29/08/2021",,,,,,,,,,,,1,,6578,0
"00","1021","6","13B191","25","40203","1","1","0","05","-","2",,,,,,,,,,,,,,,,1,,0,0
"00","1021","6","13B191","25","40203","1","1","0","03","-","2",,,,,,,,,,,,,,,,1,,0,0
"00","1021","6","13B191","25","40203","1","1","0","04","-","2",,,,,,,,,,,,,,,,1,,0,0
"00","1021","6","13B191","25","40203","1","1","0","02","-","1","2","2","57","23/01/1964","1","03","3","2","5","07",,,,,,1,"1",6578,13320
"00","1021","6","13B191","25","40203","1","1","0","01","-","1","1","1","64","23/01/1957","1","02","6","2","5","08",,,,,,1,,6578,0
"00","1021","6","13B191","25","40203","2","1","0","01","-","1","1","2","56","20/11/1964","1","03","3","2","1","03","3","7","3","3","014000",1,"1",6578,6660
"00","1021","6","13B191","25","40203","2","1","0","02","-","1","3","2","17","20/05/2004","1","04","1","1","6","06",,,,,,1,,6578,0
"00","1021","6","13B191","25","40203","3","1","0","01","-","1","1","1","36","18/09/1985","1","02","6","2","1","01","5","5","3","1","999999",1,,6578,0
"00","1021","6","13B191","25","40203","3","1","0","03","-","1","3","2","20","14/11/2000","1","04","3","2","6","07",,,,,,1,,6578,0
"14","1021","6","11B191","25","40206","3","1","1","02","-","1","2","2","22","17/01/1999","1","07","2","1","1","01","1","4","3","2","003000",1,,6746,0
"14","1021","6","11B191","25","40206","3","1","1","01","-","2",,,,,,,,,,,,,,,,1,,0,0
"00","1021","6","11B191","25","40206","4","1","0","03","-","1","3","1","16","11/08/2005","1","04","1","1","6","06",,,,,,1,,6746,0
"00","1021","6","11B191","25","40206","4","1","0","05","-","1","3","1","04","31/03/2017",,,,,,,,,,,,1,,6746,0
"00","1021","6","11B191","25","40206","4","1","0","04","-","1","3","1","10","11/05/2011","1","02","4","1",,,,,,,,1,,6746,0
"00","1021","6","11B191","25","40206","4","1","0","01","-","1","1","1","42","22/12/1978","1","04","3","2","5","01","5","5","3","2","999999",1,,6746,0
"00","1021","6","11B191","25","40206","4","1","0","02","-","1","2","2","37","08/06/1984","1","06","3","2","5","07",,,,,,1,"1",6746,13595
"00","1021","6","11B191","25","40206","2","1","0","02","-","1","2","2","26","29/10/1994","1","07","5","2","5","01","3","4","3","2","999999",1,,6746,0
"00","1021","6","11B191","25","40206","2","1","0","01","-","1","1","1","26","20/12/1994","1","04","3","2","5","01","5","2","3","2","004000",1,"1",6746,13595
"00","1021","6","11B191","25","40206","1","1","0","03","-","3","2","2","38","17/09/1983","1","04","3","2","1","03","5","7","3","2","005000",1,,6746,0
"00","1021","6","11B191","25","40206","1","1","0","01","-","1","1","1","40","28/10/1980","1","03","3","2","3","03","5","7","3","2","005000",1,"1",6746,20393
"00","1021","6","11B191","25","40206","1","1","0","02","-","1","3","1","28","28/09/1993","1","03","3","2","6","01","7","2","3","1","001500",1,,6746,0
"14","1021","6","11B191","25","40206","3","1","1","03","-","2",,,,,,,,,,,,,,,,1,,0,0
"00","1021","2","13A205","25","40264","1","1","0","03","-","1","3","1","14","01/09/2007","1","04","2","1","6","06",,,,,,1,,9621,0
"00","1021","2","13A205","25","40264","4","1","0","02","-","1","2","2","25","16/06/1996","1","07","1","2","5","01","4","4","3","1","001500",1,,9621,0
"00","1021","2","13A205","25","40264","3","1","0","02","-","1","2","2","42","05/03/1979","1","03","3","2","5","01","4","4","3","2","003100",1,,9621,0
"00","1021","2","13A205","25","40264","3","1","0","03","-","1","3","2","19","29/12/2001","1","04","3","2","6","01","5","5","2","1","000300",1,"1",9621,29119
"00","1021","2","13A205","25","40264","3","1","0","01","-","1","1","1","48","18/08/1973","1","04","3","2","5","01","6","1","3","2","003500",1,,9621,0
"00","1021","2","13A205","25","40264","3","1","0","05","-","1","3","1","01","13/10/2019",,,,,,,,,,,,1,,9621,0
"00","1021","2","13A205","25","40264","4","1","0","01","-","1","1","1","23","04/08/1998","1","04","1","2","5","01","4","4","2","1","002000",1,"1",9621,19413
"00","1021","2","13A205","25","40264","2","1","0","02","-","1","2","2","43","23/02/1978","1","02","3","2","5","01","5","5","3","1","002000",1,"1",9621,19413
"00","1021","2","13A205","25","40264","2","1","0","01","-","1","1","1","40","03/04/1981","1","02","6","2","5","01","5","5","3","1","002000",1,,9621,0
"00","1021","2","13A205","25","40264","1","1","0","04","-","1","3","2","12","12/12/2008","1","02","4","1","6","06",,,,,,1,,9621,0
"00","1021","2","13A205","25","40264","1","1","0","01","-","1","1","2","42","08/09/1979","1","04","3","2","5","01","3","4","3","2","009000",1,"1",9621,19413
"00","1021","2","13A205","25","40264","1","1","0","02","-","1","2","1","45","08/09/1976","1","04","3","2","5","01","1","4","3","2","009000",1,,9621,0
"00","1021","2","13A205","25","40264","3","1","0","04","-","1","3","1","16","13/03/2005","1","04","1","1","6","01","5","5","3","1","000600",1,,9621,0
"00","1021","1","11A206","25","40325","2","1","0","04","-","1","3","1","12","06/07/2009","1","02","5","1","6","06",,,,,,1,,8202,0
"00","1021","1","11A206","25","40325","2","1","0","02","-","1","2","2","44","23/01/1977","1","03","3","2","5","07",,,,,,1,,8202,0
"00","1021","1","11A206","25","40325","2","1","0","05","-","1","3","2","10","30/11/2010","1","02","5","1",,,,,,,,1,,8202,0
"00","1021","1","11A206","25","40325","1","1","0","04","-","1","3","2","33","09/02/1988","1","07","5","2","5","01","1","5","3","2","004000",1,,8202,0
"00","1021","1","11A206","25","40325","1","1","0","02","-","1","2","2","64","12/01/1957","1","02","3","2","5","07",,,,,,1,"1",8202,33058
"00","1021","1","11A206","25","40325","1","1","0","01","-","1","1","1","64","19/11/1956","1","02","6","2","5","08",,,,,,1,,8202,0
"00","1021","1","11A206","25","40325","1","1","0","05","-","1","5","1","06","01/02/2015","2","01","2","1",,,,,,,,1,,8202,0
"00","1021","1","11A206","25","40325","1","1","0","03","-","1","3","1","42","10/03/1979","2","04","3","2","6","10",,,,,,1,,8202,0
"00","1021","1","11A206","25","40325","2","1","0","03","-","1","3","1","19","20/10/2001","1","04","3","2","6","01","5","4","5","1","004000",1,"1",8202,24793
"00","1021","1","11A206","25","40325","2","1","0","01","-","1","1","1","48","20/04/1973","1","03","2","2","5","01","5","4","5","1","004000",1,,8202,0
"00","1021","1","11A206","25","40325","3","1","0","01","-","1","1","1","55","24/02/1966","1","02","6","2","1","01","3","2","3","1","002300",1,"1",8202,8264
"00","1021","1","11A206","25","40325","4","1","0","02","-","1","3","1","34","17/05/1987","1","03","3","2","3","01","5","5","3","2","002500",1,"1",8202,16529
"00","1021","1","11A206","25","40325","4","1","0","01","-","1","1","2","64","25/12/1956","1","02","1","2","2","01","4","4","2","1","000300",1,,8202,0
"00","1021","8","12A197","25","40328","2","1","0","01","-","1","1","2","47","19/06/1974","1","07","5","2","5","07",,,,,,1,"1",7273,14656
"00","1021","8","12A197","25","40328","1","1","0","03","-","1","3","2","06","17/08/2015","2","01","2","1",,,,,,,,1,,7273,0
"00","1021","8","12A197","25","40328","1","1","0","01","-","1","1","1","21","20/01/2000","1","06","3","2","1","01","5","5","3","2","004500",1,"1",7273,14656
"00","1021","8","12A197","25","40328","1","1","0","02","-","1","2","2","22","17/08/1999","1","07","5","2","1","02","5","5","6","5",,1,,7273,0
"00","1021","8","12A197","25","40328","2","1","0","02","-","1","2","1","54","24/08/1967","1","04","3","2","5","01","2","6","3","2","999999",1,,7273,0
"00","1021","8","12A197","25","40328","4","1","0","01","-","1","1","2","82","03/03/1939","1","99",,"2","4","08",,,,,,1,"1",7273,14656
"00","1021","8","12A197","25","40328","4","1","0","03","-","1","5","2","13","19/10/2007","1","03","1","1","6","06",,,,,,1,,7273,0
"00","1021","8","12A197","25","40328","4","1","0","02","-","1","3","2","45","20/09/1976","1","04","2","2","6","01","5","5","3","1","002000",1,,7273,0
"00","1021","4","12A203","25","40352","3","1","0","01","-","1","1","1","29","08/10/1991","1","07","5","2","5","01","1","4","3","2","007500",1,"1",7125,14427
"00","1021","4","12A203","25","40352","3","1","0","03","-","1","3","1","03","06/04/2018",,,,,,,,,,,,1,,7125,0
"00","1021","4","12A203","25","40352","3","1","0","02","-","1","2","2","29","26/11/1991","1","07","4","2","5","01","3","5","3","2","006500",1,,7125,0
"00","1021","4","12A203","25","40352","2","1","0","01","-","1","1","2","57","20/08/1964","1","06","4","2","6","01","5","5","3","2","999999",1,"1",7125,14427
"00","1021","4","12A203","25","40352","2","1","0","02","-","1","3","2","22","07/03/1999","1","07","3","1","6","02","5","5","6","5",,1,,7125,0
"00","1021","4","12A203","25","40352","1","1","0","01","-","1","1","1","62","06/06/1959","1","04","2","2","5","01","5","4","3","1","001900",1,,7125,0
"00","1021","4","12A203","25","40352","1","1","0","02","-","1","2","2","58","17/11/1962","1","03","3","2","5","07",,,,,,1,"1",7125,14427
"00","1021","4","12A203","25","40352","1","1","0","03","-","1","5","1","10","04/12/2010","1","02","4","1",,,,,,,,1,,7125,0
"00","1021","4","12A203","25","40352","1","1","0","04","-","1","5","1","06","02/08/2015","2","01","3","1",,,,,,,,1,,7125,0
"00","1021","4","12A203","25","40352","1","1","0","05","-","1","5","1","02","02/11/2018",,,,,,,,,,,,1,,7125,0
"00","1021","5","12B192","25","40367","3","1","0","03","-","1","3","1","32","26/03/1989","1","04","3","2","6","01","5","5","2","1","002000",1,,7130,0
"00","1021","5","12B192","25","40367","3","1","0","02","-","1","2","1","36","24/03/1985","1","04","3","2","6","01","5","5","2","1","001200",1,,7130,0
"00","1021","5","12B192","25","40367","2","1","0","01","-","1","1","2","51","22/12/1969","1","03","3","2","5","01","5","5","3","1","001000",1,,7130,0
"00","1021","5","12B192","25","40367","2","1","0","05","-","1","3","2","19","19/09/2002","1","04","3","1","6","01","5","5","3","2","001500",1,,7130,0
"00","1021","5","12B192","25","40367","2","1","0","03","-","1","3","1","26","06/07/1995","1","07","5","2","6","01","3","5","3","2","003000",1,,7130,0
"00","1021","5","12B192","25","40367","2","1","0","04","-","1","3","1","23","21/10/1997","1","03","3","2","6","01","4","4","2","1","004500",1,"1",7130,28877
"00","1021","5","12B192","25","40367","2","1","0","02","-","2",,,,,,,,,,,,,,,,1,,0,0
"00","1021","5","12B192","25","40367","1","1","0","02","-","1","2","1","78","08/01/1943","2","00",,"2","5","07",,,,,,1,,7130,0
"00","1021","5","12B192","25","40367","1","1","0","03","-","1","3","1","37","23/12/1983","1","03","2","2","6","01","5","4","3","1","002000",1,"1",7130,21658
"00","1021","5","12B192","25","40367","1","1","0","01","-","1","1","2","68","26/09/1953","2","00",,"2","5","07",,,,,,1,,7130,0
"00","1021","5","12B192","25","40367","3","1","0","01","-","1","1","2","69","08/03/1952","1","03","1","2","4","08",,,,,,1,"1",7130,21658
"00","1021","5","12B192","25","40367","4","1","0","02","-","3","2","1","39","12/06/1982","1","07","5","2","1","01","2","7","3","2","999999",1,,7130,0
"00","1021","5","12B192","25","40367","4","1","0","01","-","1","1","2","31","21/05/1990","1","07","4","2","6","01","5","5","2","1","001000",1,"1",7130,14439
"00","1021","1","12A206","25","40391","1","1","0","01","-","1","1","1","65","02/11/1955","1","04","2","2","5","08",,,,,,1,"1",7349,14882
"00","1021","1","12A206","25","40391","1","1","0","02","-","1","2","2","63","19/02/1958","1","03","3","2","5","08",,,,,,1,,7349,0
"00","1021","1","12A206","25","40391","2","1","0","01","-","1","1","2","42","07/01/1979","1","06","3","2","6","01","5","5","3","1","001900",1,"1",7349,7441
"00","1021","1","12A206","25","40391","4","1","0","02","-","1","2","2","53","19/11/1967","1","02","6","2","1","01","5","5","2","1","000500",1,,7349,0
"00","1021","1","12A206","25","40391","2","1","0","02","-","1","3","2","07","16/01/2014","1","02","1","1",,,,,,,,1,,7349,0
"00","1021","1","12A206","25","40391","4","1","0","01","-","1","1","1","64","16/08/1957","1","02","3","2","1","01","5","3","2","1","002000",1,"1",7349,14882
"00","1021","3","11A204","26","40034","2","1","0","03","-","1","3","1","08","13/11/2012","1","02","3","1",,,,,,,,1,,7060,0
"00","1021","3","11A204","26","40034","2","1","0","01","-","1","1","1","24","26/10/1996","1","04","2","2","5","01","3","5","3","1","002000",1,"1",7060,14227
"00","1021","3","11A204","26","40034","2","1","0","02","-","1","2","2","23","19/02/1998","1","04","2","2","5","01","7","2","3","1","001200",1,,7060,0
"00","1021","3","11A204","26","40034","3","1","0","01","-","1","1","1","65","17/04/1956","1","03","2","2","2","01","5","5","2","1","003500",1,"1",7060,7114
"00","1021","3","11A204","26","40034","4","1","0","01","-","1","1","1","41","18/05/1980","1","07","5","2","6","01","4","5","3","2","007500",1,"1",7060,7114
"00","1021","3","13A204","26","40035","2","1","0","02","-","1","2","2","55","15/01/1966","1","07","5","2","5","07",,,,,,1,"1",10282,31120
"00","1021","3","13A204","26","40035","2","1","0","03","-","1","3","2","27","08/12/1993","1","07","5","2","6","01","1","5","3","2","004000",1,,10282,0
"00","1021","3","13A204","26","40035","3","1","0","02","-","1","3","2","18","10/08/2003","1","04","3","1","6","06",,,,,,1,,10282,0
"00","1021","3","13A204","26","40035","2","1","0","01","-","1","1","1","55","15/11/1965","1","08","2","2","5","01","1","5","3","2","012000",1,,10282,0
"00","1021","3","13A204","26","40035","4","1","0","03","-","1","3","1","16","29/12/2004","1","04","2","1","6","06",,,,,,1,,10282,0
"00","1021","3","13A204","26","40035","4","1","0","01","-","1","1","1","55","17/09/1966","1","03","3","1","5","01","5","6","3","2","008000",1,"1",10282,20747
"00","1021","3","13A204","26","40035","4","1","0","02","-","1","2","2","51","03/12/1969","1","07","5","2","5","01","1","7","3","2","012000",1,,10282,0
"00","1021","3","13A204","26","40035","3","1","0","01","-","1","1","2","39","29/01/1982","1","07","3","2","6","03","4","4","5","3","015000",1,"1",10282,20747
"00","1021","7","12A198","26","40043","1","1","0","01","-","1","1","2","23","02/10/1998","1","07","2","1","6","01","3","5","3","1","002300",1,"1",7986,16171
"00","1021","7","12A198","26","40043","3","1","0","06","-","1","3","2","13","22/01/2008","1","03","1","1","6","06",,,,,,1,,7986,0
"00","1021","7","12A198","26","40043","3","1","0","04","-","1","3","1","14","11/01/2007","1","02","6","1","6","06",,,,,,1,,7986,0
"00","1021","7","12A198","26","40043","3","1","0","05","-","1","3","1","13","22/01/2008","1","03","1","1","6","06",,,,,,1,,7986,0
"00","1021","7","12A198","26","40043","3","1","0","03","-","1","3","1","17","15/09/2004","1","03","3","1","6","06",,,,,,1,,7986,0
"00","1021","7","12A198","26","40043","3","1","0","01","-","1","1","1","37","28/02/1984","1","04","2","2","5","01","5","6","3","3","009000",1,"1",7986,24256
"00","1021","7","12A198","26","40043","3","1","0","02","-","1","2","2","37","17/08/1984","1","07","1","2","5","01","3","4","3","3","009000",1,,7986,0
"00","1021","7","12A198","26","40043","1","1","0","02","-","1","4","2","46","11/12/1974","1","04","3","2","3","01","7","2","3","1","001800",1,,7986,0
"00","1021","7","12A198","26","40043","3","1","0","08","-","1","4","1","70","18/09/1951","1","03","1","2","5","08",,,,,,1,,7986,0
"00","1021","7","12A198","26","40043","3","1","0","07","-","1","3","2","04","06/10/2017",,,,,,,,,,,,1,,7986,0
"00","1021","8","12A197","26","40165","3","1","0","02","-","1","6","1","59","15/11/1961","1","02","3","2","6","01","7","3","3","1","002000",1,,8405,0
"00","1021","8","12A197","26","40165","3","1","0","01","-","1","1","1","63","28/09/1958","1","03","2","2","4","07",,,,,,1,"1",8405,42548
"00","1021","8","12A197","26","40165","3","1","0","04","-","1","8","1","61","15/06/1960","1","04","3","2","2","01","7","2","3","1","001200",1,,8405,0
"00","1021","8","12A197","26","40165","1","1","0","03","-","1","7","1","39","27/05/1982","2","00",,"2","6","07",,,,,,1,,8405,0
"00","1021","8","12A197","26","40165","1","1","0","02","-","1","7","1","38","08/03/1983","1","07","4","2","6","01","3","5","3","2","006000",1,,8405,0
"00","1021","8","12A197","26","40165","1","1","0","01","-","1","1","2","65","16/02/1956","1","03","3","2","4","03","5","5","3","1","000200",1,"1",8405,25529
"00","1021","8","12A197","26","40165","2","1","0","02","-","1","2","2","38","05/04/1983","1","07","4","2","5","01","1","7","3","2","007000",1,"1",8405,17019
"00","1021","8","12A197","26","40165","2","1","0","01","-","1","1","1","40","29/05/1981","1","04","2","2","5","01","7","2","3","1","003000",1,,8405,0
"00","1021","8","12A197","26","40165","2","1","0","03","-","1","3","2","12","08/08/2009","1","02","5","1","6","06",,,,,,1,,8405,0
"00","1021","8","12A197","26","40165","2","1","0","04","-","1","3","1","08","20/08/2013","1","02","1","1",,,,,,,,1,,8405,0
"00","1021","8","12A197","26","40165","3","1","0","03","-","1","6","1","56","22/12/1964","1","04","3","2","2","01","5","5","2","1","002000",1,,8405,0
"00","1021","8","12A197","26","40165","3","1","0","05","-","1","8","1","45","15/04/1976","1","04","3","2","2","07",,,,,,1,,8405,0
"00","1021","6","13B191","26","40172","2","1","0","01","-","1","1","2","80","15/04/1941","1","02","4","2","4","07",,,,,,1,,8060,0
"00","1021","6","13B191","26","40172","2","1","0","02","-","1","3","2","55","15/02/1966","2","03","3","2","6","07",,,,,,1,"1",8060,24483
"15","1021","6","13B191","26","40172","4","1","0","03","-","1","3","2","43","30/11/1977","1","07","5","1","6","01","3","5","3","3","008000",1,,8060,0
"15","1021","6","13B191","26","40172","4","1","0","01","-","1","1","1","68","11/04/1953","1","03","2","2","5","01","5","5","2","2","004000",1,,8060,0
"15","1021","6","13B191","26","40172","4","1","0","04","-","1","3","1","32","05/10/1989","1","04","3","2","6","04",,,,,,1,,8060,0
"15","1021","6","13B191","26","40172","4","1","0","02","-","1","2","2","63","05/01/1958","1","03","3","2","5","07",,,,,,1,,8060,0
"00","1021","6","13B191","26","40172","1","1","0","03","-","1","5","2","21","10/01/2000","1","07","2","1","6","06",,,,,,1,,8060,0
"00","1021","6","13B191","26","40172","1","1","0","02","-","1","3","2","42","07/10/1979","1","04","3","2","6","01","3","5","3","3","008000",1,"1",8060,32644
"00","1021","6","13B191","26","40172","1","1","0","04","-","1","3","1","36","30/06/1985","1","04","3","2","6","01","4","4","3","1","000800",1,,8060,0
"00","1021","6","13B191","26","40172","1","1","0","01","-","1","1","1","74","06/05/1947","1","02","6","2","4","08",,,,,,1,,8060,0
"00","1021","6","13B191","26","40172","3","1","0","01","-","1","1","1","41","13/08/1980","1","08","2","2","6","01","3","6","3","1","002000",1,,8060,0
"00","1021","5","13B191","26","40172","3","1","0","03","-","2",,,,,,,,,,,,,,,,1,,0,0
"00","1021","6","13B191","26","40172","3","1","0","02","-","1","4","2","85","07/10/1935","1","02","2","2","4","07",,,,,,1,"1",8060,16322
"00","1021","6","13B191","26","40172","2","1","0","03","-","1","3","1","53","30/06/1968","2","03","3","2","6","01","5","5","5","1","002000",1,,8060,0
"00","1021","6","11B191","26","40173","4","1","0","02","-","1","2","2","36","28/09/1985","1","07","3","2","5","07",,,,,,1,"1",7542,15198
"00","1021","6","11B191","26","40173","4","1","0","03","-","1","3","2","05","01/11/2015","2","00",,"1",,,,,,,,1,,7542,0
"00","1021","6","11B191","26","40173","4","1","0","01","-","1","1","1","39","30/03/1982","1","04","2","2","5","01","7","2","3","1","004200",1,,7542,0
"00","1021","6","11B191","26","40173","4","1","0","04","-","1","3","2","02","10/05/2019",,,,,,,,,,,,1,,7542,0
"00","1021","6","11B191","26","40173","1","1","0","03","-","1","3","2","31","09/11/1989","1","03","3","2","5","07",,,,,,1,,7542,0
"00","1021","6","11B191","26","40173","1","1","0","05","-","1","5","2","06","24/11/2014","2","01","1","1",,,,,,,,1,,7542,0
"00","1021","5","11B191","26","40173","1","1","0","04","-","2",,,,,,,,,,,,,,,,1,,0,0
"00","1021","6","11B191","26","40173","1","1","0","01","-","1","1","1","63","17/11/1957","1","02","2","2","1","01","6","1","3","1","001500",1,,7542,0
"00","1021","6","11B191","26","40173","1","1","0","02","-","1","2","2","69","16/08/1952","1","02","6","2","1","07",,,,,,1,"1",7542,22797
"00","1021","8","13A197","26","40196","3","1","0","02","-","1","3","1","20","19/08/2001","1","03","3","2","6","01","7","2","3","1","002750",1,"1",7978,16155
"00","1021","8","13A197","26","40196","4","1","0","05","-","1","3","2","01","02/11/2019",,,,,,,,,,,,1,,7978,0
"00","1021","8","13A197","26","40196","4","1","0","01","-","1","1","2","48","24/11/1972","1","03","3","2","5","07",,,,,,1,,7978,0
"00","1021","8","13A197","26","40196","4","1","0","04","-","1","3","1","14","15/12/2006","1","03","2","1","6","06",,,,,,1,,7978,0
"00","1021","8","13A197","26","40196","4","1","0","03","-","1","3","2","25","15/10/1995","1","07","4","2","2","01","3","4","3","1","001500",1,"1",7978,16155
"00","1021","8","13A197","26","40196","3","1","0","01","-","1","1","1","51","07/10/1970","1","04","3","2","6","08",,,,,,1,,7978,0
"00","1021","4","13A197","26","40196","1","1","0","04","-","2",,,,,,,,,,,,,,,,1,,0,0
"00","1021","8","13A197","26","40196","1","1","0","08","-","1","5","2","18","12/12/2002","1","04","3","2","1","01","4","4","3","2","004000",1,,7978,0
"00","1021","8","13A197","26","40196","1","1","0","05","-","1","3","1","19","13/06/2002","1","04","3","2","6","01","4","4","3","2","004000",1,,7978,0
"00","1021","8","13A197","26","40196","1","1","0","06","-","1","3","2","11","21/05/2010","1","02","4","1",,,,,,,,1,,7978,0
"00","1021","8","13A197","26","40196","1","1","0","07","-","1","5","2","05","26/10/2015","2","01","2","1",,,,,,,,1,,7978,0
"00","1021","8","13A197","26","40196","1","1","0","03","-","1","3","2","27","04/11/1993","1","03","3","2","6","07",,,,,,1,,7978,0
"00","1021","8","13A197","26","40196","1","1","0","01","-","1","1","1","48","15/03/1973","1","04","3","2","1","01","7","2","3","1","002200",1,"1",7978,40388
"00","1021","5","13A197","26","40196","4","1","0","02","-","2",,,,,,,,,,,,,,,,1,,0,0
"00","1021","8","13A197","26","40196","1","1","0","02","-","1","2","2","49","08/05/1972","1","04","3","2","5","07",,,,,,1,,7978,0
"00","1021","2","12A205","26","40260","2","1","1","01","-","1","1","1","59","03/04/1962","1","07","5","2","3","01","1","7","3","2","006000",1,"1",7716,7812
"00","1021","4","12A203","26","40320","1","1","0","01","-","1","1","1","41","13/06/1980","1","06","3","2","5","01","3","4","3","2","004000",1,,7618,0
"00","1021","4","12A203","26","40320","1","1","0","03","-","1","3","2","15","21/01/2006","1","03","3","1","6","06",,,,,,1,,7618,0
"00","1021","4","12A203","26","40320","2","1","0","01","-","1","1","1","20","13/08/2001","1","03","3","2","6","01","5","5","2","1","009000",1,"1",7618,15425
"00","1021","4","12A203","26","40320","2","1","0","02","-","3","2","2","20","07/08/2001","1","04","3","2","1","01","3","3","3","2","002500",1,,7618,0
"00","1021","4","12A203","26","40320","1","1","0","04","-","1","3","1","09","01/08/2012","1","02","3","1",,,,,,,,1,,7618,0
"00","1021","4","12A203","26","40320","1","1","0","02","-","1","2","2","38","24/08/1983","1","04","3","2","5","01","3","4","3","2","004000",1,"1",7618,15425
"00","1021","4","12A203","26","40320","4","1","0","02","-","1","2","2","31","30/06/1990","1","07","4","2","5","07",,,,,,1,,7618,0
"00","1021","4","12A203","26","40320","4","1","0","01","-","1","1","1","45","15/06/1976","1","03","3","2","5","01","7","2","3","2","010000",1,"1",7618,15425
"00","1021","4","12A203","26","40320","4","1","0","03","-","1","3","2","07","30/06/2014","1","02","1","1",,,,,,,,1,,7618,0
"00","1021","4","12A203","26","40320","4","1","0","04","-","1","3","1","04","30/06/2017",,,,,,,,,,,,1,,7618,0
"00","1021","4","12A203","26","40320","3","1","0","02","-","1","3","1","21","01/09/2000","1","03","3","2","6","07",,,,,,1,,7618,0
"00","1021","4","12A203","26","40320","3","1","0","05","-","1","3","1","08","02/02/2013","1","02","2","1",,,,,,,,1,,7618,0
"00","1021","4","12A203","26","40320","3","1","0","04","-","1","3","1","10","09/02/2011","1","02","4","1",,,,,,,,1,,7618,0
"00","1021","4","12A203","26","40320","3","1","0","01","-","1","1","2","40","26/08/1981","1","03","3","2","3","01","7","2","3","1","001900",1,"1",7618,15425
"00","1021","4","12A203","26","40320","3","1","0","03","-","1","3","1","16","11/07/2005","1","03","3","2","6","07",,,,,,1,,7618,0
"00","1021","5","12B192","26","40334","3","1","0","02","-","1","2","2","30","28/10/1990","1","04","3","2","5","01","7","2","3","1","001500",1,"1",10435,21130
"00","1021","5","12B192","26","40334","1","1","0","01","-","1","1","2","30","07/08/1991","1","03","3","2","1","03","7","2","3","1","001800",1,"1",10435,21130
"00","1021","5","12B192","26","40334","3","1","0","01","-","1","1","1","39","18/10/1982","1","04","2","2","5","01","7","2","3","1","001800",1,,10435,0
"00","1021","5","12B192","26","40334","3","1","0","03","-","1","3","2","05","07/07/2016","2","01","2","1",,,,,,,,1,,10435,0
"00","1021","5","12B192","26","40334","1","1","0","03","-","1","2","1","29","01/04/1992","1","04","3","2","5","01","3","7","3","2","006000",1,,10435,0
"00","1021","2","12B192","26","40334","1","1","0","02","-","2",,,,,,,,,,,,,,,,1,,0,0
"00","1021","5","12B192","26","40334","1","1","0","04","-","3","3","1","00","07/09/2021",,,,,,,,,,,,1,,10435,0
"00","1021","5","12B192","26","40334","4","1","0","03","-","1","3","1","03","11/10/2017",,,,,,,,,,,,1,,10435,0
"00","1021","5","12B192","26","40334","4","1","0","02","-","1","2","2","45","15/08/1976","1","04","3","2","5","04",,,,,,1,,10435,0
"00","1021","5","12B192","26","40334","4","1","0","01","-","1","1","1","48","10/07/1973","1","03","3","2","5","01","7","2","2","1","002000",1,"1",10435,21130
"00","1021","1","12A206","26","40394","1","1","0","02","-","1","3","1","12","25/09/2009","1","02","6","1","6","06",,,,,,1,,6683,0
"00","1021","1","12A206","26","40394","1","1","0","01","-","1","1","2","29","24/09/1992","1","07","5","2","1","01","1","7","3","2","006000",1,"1",6683,6766
"00","1021","1","12A206","26","40394","2","1","0","01","-","1","1","2","64","05/12/1956","1","07","5","2","5","08",,,,,,1,"1",6683,6766
"00","1021","1","12A206","26","40394","3","1","0","02","-","1","2","2","29","07/12/1991","1","07","5","2","1","07",,,,,,1,"1",6683,13532
"00","1021","1","12A206","26","40394","3","1","0","04","-","1","3","1","00","01/08/2021",,,,,,,,,,,,1,,6683,0
"00","1021","1","12A206","26","40394","3","1","0","01","-","1","1","1","28","01/08/1993","1","03","3","2","1","01","2","5","1","1","003000",1,,6683,0
"00","1021","1","12A206","26","40394","3","1","0","03","-","1","3","1","11","07/12/2009","1","02","5","1",,,,,,,,1,,6683,0
"00","1021","1","12A206","26","40394","4","1","0","01","-","1","1","1","52","02/08/1969","1","07","2","2","6","01","3","5","3","3","009400",1,"1",6683,6766
"00","1021","4","13A203","26","40416","3","1","0","03","-","1","3","2","16","30/12/2004","1","04","1","1","6","06",,,,,,1,,10882,0
"00","1021","4","13A203","26","40416","3","1","0","02","-","1","2","2","50","09/07/1971","1","07","5","2","5","01","1","5","3","3","006000",1,"1",10882,32935
"00","1021","4","13A203","26","40416","3","1","0","04","-","1","7","2","56","16/06/1965","1","03","3","2","6","07",,,,,,1,,10882,0
"00","1021","4","13A203","26","40416","2","1","0","01","-","1","1","2","74","14/07/1947","1","04","3","2","5","01","4","4","2","3","010000",1,,10882,0
"00","1021","4","13A203","26","40416","2","1","0","03","-","1","2","1","73","07/09/1948","2","07","1","2","5","01","4","4","2","3","010000",1,"1",10882,21957
"00","1021","3","13A203","26","40416","2","1","0","02","-","2",,,,,,,,,,,,,,,,1,,0,0
"00","1021","4","13A203","26","40416","3","1","0","01","-","1","1","1","49","23/10/1971","1","07","5","2","5","01","1","5","3","3","015000",1,,10882,0
"00","1021","3","12A204","27","40101","1","1","0","01","-","1","1","2","81","16/06/1940","1","02","6","2","4","09",,,,,,1,,8389,0
"00","1021","3","12A204","27","40101","2","1","0","01","-","1","1","1","69","23/04/1952","1","02","6","2","5","08",,,,,,1,"1",8389,42470
"00","1021","3","12A204","27","40101","4","1","0","04","-","1","2","1","40","15/01/1981","1","07","4","2","5","01","4","4","2","2","003000",1,,8389,0
"00","1021","3","12A204","27","40101","4","1","0","02","-","1","6","2","60","15/06/1961","1","07","4","2","6","01","1","5","3","2","999999",1,"1",8389,42470
"00","1021","3","12A204","27","40101","4","1","0","03","-","1","3","1","33","19/09/1988","1","07","5","2","6","01","4","4","2","2","003000",1,,8389,0
"00","1021","3","12A204","27","40101","4","1","0","05","-","1","3","2","30","13/05/1991","1","07","3","2","6","01","4","4","2","2","003000",1,,8389,0
"00","1021","3","12A204","27","40101","4","1","0","01","-","1","1","2","55","29/11/1965","1","04","3","2","5","01","4","4","2","2","003000",1,,8389,0
"00","1021","3","12A204","27","40101","3","1","0","02","-","1","2","2","66","27/07/1955","1","03","3","2","1","07",,,,,,1,,8389,0
"00","1021","3","12A204","27","40101","3","1","0","01","-","1","1","1","77","19/11/1943","1","04","3","2","1","08",,,,,,1,"1",8389,16988
"00","1021","3","12A204","27","40101","2","1","0","03","-","1","3","1","46","02/10/1975","1","07","5","2","6","01","1","2","3","2","999999",1,,8389,0
"00","1021","3","12A204","27","40101","2","1","0","05","-","1","5","1","44","27/06/1977","1","07","5","2","5","01","2","4","3","2","999999",1,,8389,0
"00","1021","3","12A204","27","40101","2","1","0","04","-","1","3","2","41","03/09/1980","1","07","5","2","5","07",,,,,,1,,8389,0
"00","1021","3","12A204","27","40101","2","1","0","02","-","1","2","2","70","27/09/1951","1","02","6","2","5","07",,,,,,1,,8389,0
"00","1021","3","12A204","27","40101","2","1","0","06","-","1","5","2","13","13/06/2008","1","03","1","1","6","06",,,,,,1,,8389,0
"00","1021","3","12A204","27","40101","2","1","0","07","-","1","5","2","04","01/04/2017",,,,,,,,,,,,1,,8389,0
"00","1021","3","12A204","27","40101","1","1","0","02","-","1","3","2","51","22/07/1970","1","07","4","2","3","01","2","5","3","2","005000",1,"1",8389,16988
"00","1021","6","12B191","27","40171","4","1","1","03","-","1","3","1","27","09/06/1994","1","07","4","2","6","01","3","5","3","2","004000",1,"1",6045,18362
"00","1021","6","12B191","27","40171","4","1","1","02","-","1","3","1","31","07/03/1990","1","07","4","2","6","01","3","5","3","2","999999",1,,6045,0
"00","1021","6","12B191","27","40171","3","1","1","02","-","1","3","2","37","10/04/1984","1","04","3","2","6","01","4","4","3","2","999999",1,"1",6045,18362
"00","1021","6","12B191","27","40171","3","1","1","01","-","1","1","2","58","20/06/1963","1","03","3","2","4","07",,,,,,1,,6045,0
"00","1021","6","12B191","27","40171","1","1","0","03","-","1","3","2","25","09/07/1996","1","07","5","2","6","04",,,,,,1,"1",6045,24483
"00","1021","6","12B191","27","40171","1","1","0","02","-","1","3","1","29","27/10/1991","1","07","5","2","6","01","1","5","2","2","002000",1,,6045,0
"00","1021","6","12B191","27","40171","1","1","0","01","-","1","1","2","55","31/07/1966","1","04","3","2","6","01","5","5","3","2","002000",1,,6045,0
"00","1021","6","12B191","27","40171","4","1","1","01","-","1","1","2","55","21/08/1966","1","04","3","2","5","07",,,,,,1,,6045,0
"00","1021","6","12B191","27","40171","3","1","1","03","-","1","7","2","28","25/07/1993","1","04","3","2","6","01","4","4","3","2","999999",1,,6045,0
"00","1021","6","12B191","27","40171","1","1","0","04","-","1","3","1","21","21/12/1999","1","04","3","1","6","06",,,,,,1,,6045,0
"00","1021","2","11A205","27","40264","1","1","0","02","-","1","3","1","08","16/05/2013","1","02","2","1",,,,,,,,1,,7965,0
"00","1021","2","11A205","27","40264","1","1","0","01","-","1","1","2","27","10/10/1994","1","04","3","2","6","01","3","7","3","2","003000",1,"1",7965,8025
"00","1021","2","11A205","27","40264","2","1","0","01","-","1","1","1","45","18/05/1976","1","02","3","2","1","01","5","5","3","1","002800",1,"1",7965,16051
"00","1021","2","11A205","27","40264","2","1","0","02","-","1","2","2","45","02/11/1975","1","02","5","2","1","07",,,,,,1,,7965,0
"00","1021","2","11A205","27","40264","4","1","0","05","-","1","3","1","08","15/12/2012","1","02","3","1",,,,,,,,1,,7965,0
"00","1021","2","11A205","27","40264","4","1","0","01","-","1","1","1","44","19/09/1977","1","02","2","2","5","01","5","5","1","1","001200",1,"1",7965,24076
"00","1021","2","11A205","27","40264","4","1","0","03","-","1","3","1","19","11/02/2002","1","04","3","2","6","01","5","5","3","1","999999",1,,7965,0
"00","1021","2","11A205","27","40264","4","1","0","02","-","1","2","2","42","24/02/1979","1","02","6","2","5","07",,,,,,1,,7965,0
"00","1021","2","11A205","27","40264","4","1","0","04","-","1","3","2","12","11/07/2009","1","02","6","1","6","06",,,,,,1,,7965,0
"00","1021","2","11A205","27","40264","3","1","0","02","-","1","2","2","53","02/04/1968","1","02","3","2","5","07",,,,,,1,"1",7965,16051
"00","1021","2","11A205","27","40264","3","1","0","01","-","1","1","1","45","28/10/1975","1","02","2","2","5","01","4","4","2","1","000700",1,,7965,0
"00","1021","2","11A205","27","40264","1","1","0","03","-","1","3","2","06","18/09/2015","2","01","3","1",,,,,,,,1,,7965,0
"00","1021","6","11B191","27","40266","2","1","0","03","-","1","4","2","68","22/09/1953","1","04","2","2","3","07",,,,,,1,,5054,0
"00","1021","6","11B191","27","40266","2","1","0","04","-","1","7","1","06","10/05/2015","2","01","1","1",,,,,,,,1,,5054,0
"00","1021","6","11B191","27","40266","2","1","0","02","-","1","6","2","42","03/07/1979","1","07","2","1","2","01","3","5","3","2","999999",1,"1",5054,15276
"00","1021","3","11B191","27","40266","1","1","0","04","-","2",,,,,,,,,,,,,,,,1,,0,0
"00","1021","3","11B191","27","40266","1","1","0","03","-","2",,,,,,,,,,,,,,,,1,,0,0
"00","1021","3","11B191","27","40266","1","1","0","02","-","2",,,,,,,,,,,,,,,,1,,0,0
"00","1021","6","11B191","27","40266","2","1","0","01","-","1","1","1","41","08/06/1980","1","07","5","2","6","01","3","5","3","2","999999",1,,5054,0
"00","1021","6","11B191","27","40266","1","1","0","06","-","1","5","1","40","01/01/1981","1","07","6","2","5","01","7","3","3","1","999999",1,,5054,0
"00","1021","6","11B191","27","40266","1","1","0","05","-","1","3","2","43","17/11/1977","1","08","1","2","5","07",,,,,,1,,5054,0
"00","1021","6","11B191","27","40266","3","1","0","01","-","1","1","1","34","21/03/1987","1","07","5","2","5","01","1","5","3","2","006000",1,,5054,0
"00","1021","6","11B191","27","40266","3","1","0","03","-","1","3","1","12","19/11/2008","1","02","6","1","6","06",,,,,,1,,5054,0
"00","1021","6","11B191","27","40266","3","1","0","02","-","1","2","2","34","13/09/1987","1","07","5","2","5","01","1","5","3","2","006000",1,"1",5054,10184
"00","1021","6","11B191","27","40266","1","1","0","01","-","1","1","2","63","20/04/1958","1","02","6","2","4","07",,,,,,1,"1",5054,15276
"00","1021","6","11B191","27","40266","1","1","0","07","-","1","5","1","01","16/03/2020",,,,,,,,,,,,1,,5054,0
"00","1021","5","12B192","27","40301","1","1","0","03","-","1","3","1","23","23/07/1998","1","03","3","2","6","01","5","5","3","2","002000",1,,6916,0
"00","1021","5","12B192","27","40301","1","1","0","01","-","1","1","1","59","24/09/1962","1","02","5","2","5","01","7","3","3","2","006000",1,,6916,0
"00","1021","5","12B192","27","40301","4","1","1","01","-","1","1","1","46","06/01/1975","2","00",,"2","1","01","4","4","2","1","001400",1,,6916,0
"00","1021","5","12B192","27","40301","4","1","1","02","-","1","2","2","28","05/08/1993","1","03","3","2","1","07",,,,,,1,"1",6916,13938
"00","1021","5","12B192","27","40301","1","1","0","02","-","1","2","2","69","27/03/1952","1","02","3","2","5","07",,,,,,1,"1",6916,20906
"00","1021","5","12B192","27","40301","3","1","0","03","-","1","5","2","27","09/12/1993","1","07","5","2","6","04",,,,,,1,,6916,0
"00","1021","5","12B192","27","40301","3","1","0","01","-","1","1","2","78","19/02/1943","1","02","6","2","4","07",,,,,,1,"1",6916,20906
"00","1021","5","12B192","27","40301","2","1","0","02","-","1","3","1","12","03/01/2009","1","02","5","1","6","06",,,,,,1,,6916,0
"00","1021","5","12B192","27","40301","2","1","0","01","-","1","1","2","36","13/10/1984","1","07","2","1","4","01","4","4","3","1","001050",1,"1",6916,6969
"00","1021","5","12B192","27","40301","3","1","0","02","-","1","3","2","58","09/12/1962","1","03","3","2","4","07",,,,,,1,,6916,0
"00","1021","1","11A206","27","40324","1","1","0","01","-","1","1","1","38","04/07/1983","1","07","5","2","1","01","5","5","3","2","005600",1,,6980,0
"00","1021","1","11A206","27","40324","3","1","0","02","-","1","2","2","56","05/01/1965","1","02","6","2","5","07",,,,,,1,,6980,0
"00","1021","1","11A206","27","40324","4","1","0","05","-","1","5","2","12","10/01/2009","1","02","6","1","6","06",,,,,,1,,6980,0
"00","1021","1","11A206","27","40324","4","1","0","02","-","1","3","2","56","01/01/1965","1","04","3","2","6","01","4","4","3","1","001200",1,"1",6980,28134
"00","1021","1","11A206","27","40324","4","1","0","01","-","1","1","2","79","20/08/1942","1","02","5","2","2","07",,,,,,1,,6980,0
"00","1021","1","11A206","27","40324","1","1","0","04","-","1","3","1","04","15/06/2017",,,,,,,,,,,,1,,6980,0
"00","1021","1","11A206","27","40324","1","1","0","03","-","1","3","2","10","03/04/2011","1","02","4","1",,,,,,,,1,,6980,0
"00","1021","1","11A206","27","40324","1","1","0","02","-","1","2","2","45","01/11/1975","1","06","3","2","1","01","4","4","3","1","001150",1,"1",6980,14067
"00","1021","1","11A206","27","40324","3","1","0","01","-","1","1","1","57","24/08/1964","1","04","3","2","5","09",,,,,,1,"1",6980,14067
"00","1021","1","11A206","27","40324","2","1","0","02","-","1","2","2","39","15/05/1982","1","02","6","2","1","07",,,,,,1,,6980,0
"00","1021","1","11A206","27","40324","2","1","0","04","-","1","3","1","09","09/10/2011","1","02","3","1",,,,,,,,1,,6980,0
"00","1021","1","11A206","27","40324","2","1","0","03","-","1","3","2","13","27/07/2008","1","02","6","1","6","06",,,,,,1,,6980,0
"00","1021","1","11A206","27","40324","2","1","0","01","-","1","1","1","40","24/06/1981","1","03","3","2","1","04",,,,,,1,"1",6980,14067
"00","1021","1","11A206","27","40324","4","1","0","06","-","1","5","1","00","10/10/2020",,,,,,,,,,,,1,,6980,0
"00","1021","1","11A206","27","40324","4","1","0","04","-","1","5","1","42","10/08/1979","1","04","2","2","5","01","4","4","3","1","001300",1,,6980,0
"00","1021","1","11A206","27","40324","4","1","0","03","-","1","3","2","40","21/04/1981","1","04","3","2","5","01","4","4","3","1","999999",1,,6980,0
"00","1021","8","12A197","27","40329","2","1","0","02","-","1","2","2","53","15/12/1967","1","07","4","2","5","01","4","4","2","1","999999",1,"1",9399,28447
"00","1021","8","12A197","27","40329","2","1","0","03","-","1","4","2","77","01/09/1944","1","02","6","2","4","07",,,,,,1,,9399,0
"00","1021","1","13A206","27","40329","4","1","0","01","-","1","1","2","64","13/06/1957","1","07","7","2","6","08",,,,,,1,"1",8367,8441
"00","1021","1","13A206","27","40329","3","1","0","03","-","1","3","1","35","15/06/1986","1","07","5","1","6","01","1","2","3","2","999999",1,,8367,0
"00","1021","1","13A206","27","40329","3","1","0","02","-","1","2","2","57","15/06/1964","1","07","5","2","5","07",,,,,,1,,8367,0
"00","1021","1","13A206","27","40329","3","1","0","01","-","1","1","1","60","15/06/1961","1","07","5","2","5","01","1","2","3","2","999999",1,"1",8367,25324
"00","1021","8","12A197","27","40329","3","1","0","02","-","1","2","2","48","30/09/1973","1","03","3","2","5","07",,,,,,1,,9399,0
"00","1021","8","12A197","27","40329","3","1","0","01","-","1","1","1","58","31/01/1963","1","08","2","1","5","01","1","2","3","2","999999",1,"1",9399,28447
"00","1021","8","12A197","27","40329","3","1","0","03","-","1","3","1","24","30/06/1997","1","07","3","2","6","04",,,,,,1,,9399,0
"00","1021","8","12A197","27","40329","2","1","0","01","-","1","1","1","55","10/09/1966","1","08","2","2","5","01","1","3","1","3","999999",1,,9399,0
"00","1021","1","13A206","27","40329","1","1","0","02","-","1","2","2","33","17/01/1988","1","07","5","2","5","01","1","2","3","2","999999",1,"1",8367,25324
"00","1021","1","13A206","27","40329","1","1","0","04","-","1","9","2","20","15/06/2001","1","04","3","2","6","01","5","5","3","1","999999",1,,8367,0
"00","1021","1","13A206","27","40329","1","1","0","01","-","1","1","1","32","21/01/1989","1","07","5","2","5","01","1","2","3","2","999999",1,,8367,0
"00","1021","1","13A206","27","40329","1","1","0","03","-","1","3","1","03","18/08/2018",,,,,,,,,,,,1,,8367,0
"00","1021","4","13A203","27","40355","1","1","0","04","-","1","3","2","26","15/04/1995","1","04","1","2","5","01","7","2","3","1","001200",1,"1",9178,37039
"00","1021","4","13A203","27","40355","1","1","0","02","-","1","2","2","49","09/05/1972","1","03","3","2","5","07",,,,,,1,,9178,0
"00","1021","4","13A203","27","40355","1","1","0","06","-","1","3","1","07","05/07/2014","1","01","3","1",,,,,,,,1,,9178,0
"00","1021","4","13A203","27","40355","1","1","0","03","-","1","3","2","28","05/05/1993","1","07","5","2","6","04",,,,,,1,,9178,0
"00","1021","4","13A203","27","40355","3","1","0","02","-","1","2","2","64","18/12/1956","1","02","6","2","5","07",,,,,,1,,9178,0
"00","1021","4","13A203","27","40355","3","1","0","01","-","1","1","1","68","19/06/1953","1","04","3","2","5","01","5","2","3","2","999999",1,"1",9178,18520
"00","1021","4","13A203","27","40355","4","1","0","01","-","1","1","2","70","17/08/1951","1","04","2","2","3","07",,,,,,1,"1",9178,9260
"00","1021","4","13A203","27","40355","2","1","0","01","-","1","1","1","46","20/02/1975","1","07","4","2","6","01","5","5","1","1","003500",1,"1",9178,9260
"00","1021","4","13A203","27","40355","1","1","0","05","-","2",,,,,,,,,,,,,,,,1,,0,0
"00","1021","4","13A203","27","40355","1","1","0","01","-","1","1","1","54","08/05/1967","1","04","3","2","5","01","7","2","3","1","001200",1,,9178,0
"00","1021","7","13A198","27","40395","2","1","0","02","-","1","2","1","45","06/08/1976","1","07","5","2","1","01","1","5","3","2","999999",1,,8830,0
"00","1021","7","13A198","27","40395","2","1","0","01","-","1","1","2","36","19/12/1984","1","07","5","2","1","01","1","5","3","2","999999",1,"1",8830,17794
"00","1021","7","13A198","27","40395","4","1","0","05","-","1","5","1","09","05/11/2011","1","02","3","1",,,,,,,,1,,8830,0
"00","1021","7","13A198","27","40395","4","1","0","03","-","1","3","2","33","08/09/1988","1","04","2","2","1","07",,,,,,1,,8830,0
"00","1021","7","13A198","27","40395","4","1","0","04","-","1","5","2","11","03/02/2010","1","02","4","1",,,,,,,,1,,8830,0
"00","1021","7","13A198","27","40395","4","1","0","02","-","1","5","1","41","16/10/1979","1","03","3","2","1","01","5","4","3","2","003000",1,"1",8830,26691
"00","1021","7","13A198","27","40395","4","1","0","06","-","1","4","1","56","15/08/1965","1","03","3","2","4","08",,,,,,1,,8830,0
"00","1021","5","13A198","27","40395","4","1","0","01","-","2",,,,,,,,,,,,,,,,1,,0,0
"00","1021","7","13A198","27","40395","3","1","0","02","-","1","2","2","68","12/12/1952","1","06","3","2","5","07",,,,,,1,,8830,0
"00","1021","7","13A198","27","40395","3","1","0","01","-","1","1","1","72","21/01/1949","1","07","5","2","5","08",,,,,,1,"1",8830,17794
"00","1021","7","13A198","27","40395","1","1","0","01","-","1","1","1","66","03/03/1955","1","07","5","2","2","08",,,,,,1,"1",8830,8897
"00","1021","3","13A204","28","40005","3","1","0","01","-","1","1","1","50","07/11/1970","1","07","5","2","3","01","6","1","2","1","999999",1,,9612,0
"00","1021","3","13A204","28","40005","2","1","0","01","-","1","1","1","30","23/04/1991","1","07","5","2","1","01","7","5","3","2","015000",1,"1",9612,19394
"00","1021","3","13A204","28","40005","3","1","0","04","-","1","3","2","13","07/11/2007","1","03","1","1","6","06",,,,,,1,,9612,0
"00","1021","3","13A204","28","40005","3","1","0","02","-","1","3","1","21","22/09/2000","1","07","3","1","6","04",,,,,,1,"1",9612,29092
"00","1021","3","13A204","28","40005","1","1","0","03","-","1","3","1","15","12/10/2006","2","99",,"1","6","06",,,,,,1,,9612,0
"00","1021","3","13A204","28","40005","1","1","0","01","-","1","1","1","37","03/12/1983","1","04","3","2","5","01","7","2","3","2","999999",1,,9612,0
"00","1021","3","13A204","28","40005","1","1","0","02","-","1","2","2","37","03/09/1984","1","04","3","2","5","07",,,,,,1,"1",9612,19394
"00","1021","3","13A204","28","40005","3","1","0","03","-","1","3","2","20","08/09/2001","1","07","1","1","6","06",,,,,,1,,9612,0
"00","1021","3","13A204","28","40005","2","1","0","03","-","1","3","1","00","10/11/2020",,,,,,,,,,,,1,,9612,0
"00","1021","3","13A204","28","40005","2","1","0","02","-","1","2","2","31","20/09/1990","1","04","2","2","1","01","5","5","2","1","004000",1,,9612,0
"00","1021","3","13A204","28","40005","4","1","0","01","-","1","1","2","61","04/05/1960","1","07","5","2","6","01","1","5","3","2","004500",1,"1",9612,9697
"00","1021","3","11A204","28","40033","1","1","0","02","-","1","2","2","59","05/05/1962","1","02","6","2","5","01","4","5","2","1","000300",1,,6660,0
"00","1021","3","11A204","28","40033","1","1","0","03","-","1","3","1","33","17/08/1988","1","03","3","2","6","01","5","5","3","1","999999",1,"1",6660,33555
"00","1021","3","11A204","28","40033","1","1","0","04","-","1","3","1","20","18/05/2001","1","04","2","2","6","01","5","5","3","2","999999",1,,6660,0
"00","1021","3","11A204","28","40033","1","1","0","05","-","1","3","2","25","04/06/1996","1","04","3","2","6","01","5","5","3","1","999999",1,,6660,0
"00","1021","3","11A204","28","40033","1","1","0","01","-","1","1","1","61","27/07/1960","1","02","6","2","5","07",,,,,,1,,6660,0
"00","1021","3","11A204","28","40033","3","1","0","03","-","1","3","1","08","01/01/2013","1","02","2","1",,,,,,,,1,,6660,0
"00","1021","3","11A204","28","40033","2","1","0","02","-","1","2","2","68","12/09/1953","1","02","3","2","5","01","5","5","2","1","999999",1,,6660,0
"00","1021","3","11A204","28","40033","3","1","0","05","-","1","3","1","03","16/07/2018",,,,,,,,,,,,1,,6660,0
"00","1021","3","11A204","28","40033","3","1","0","01","-","1","1","1","40","16/07/1981","1","07","5","2","1","01","7","5","3","1","999999",1,,6660,0
"00","1021","3","11A204","28","40033","3","1","0","02","-","1","2","2","30","19/09/1991","1","03","3","2","1","07",,,,,,1,"1",6660,13422
"00","1021","3","11A204","28","40033","4","1","0","02","-","1","3","1","36","14/06/1985","1","02","4","2","6","01","5","5","3","1","000800",1,,6660,0
"00","1021","3","11A204","28","40033","4","1","0","01","-","1","1","2","59","03/12/1961","1","02","4","2","4","07",,,,,,1,"1",6660,13422
"00","1021","3","11A204","28","40033","2","1","0","01","-","1","1","1","76","30/04/1945","1","03","3","2","5","08",,,,,,1,"1",6660,13422
"00","1021","3","11A204","28","40033","3","1","0","04","-","1","3","2","06","16/02/2015","2","01","2","1",,,,,,,,1,,6660,0
"00","1021","5","12B192","28","40101","1","1","0","02","-","1","3","2","70","24/03/1951","1","07","4","2","5","07",,,,,,1,"1",10175,20532
"00","1021","5","12B192","28","40101","1","1","0","03","-","2",,,,,,,,,,,,,,,,1,,0,0
"00","1021","5","12B192","28","40101","3","1","0","01","-","1","1","2","41","30/09/1980","1","07","5","2","2","04",,,,,,1,,10175,0
"00","1021","5","12B192","28","40101","3","1","0","05","-","1","3","1","09","14/10/2012","1","02","2","1",,,,,,,,1,,10175,0
"00","1021","5","12B192","28","40101","3","1","0","03","-","1","3","2","18","24/10/2002","1","04","3","2","6","04",,,,,,1,"1",10175,30798
"00","1021","5","12B192","28","40101","3","1","0","04","-","1","3","2","11","01/10/2010","1","02","6","1",,,,,,,,1,,10175,0
"00","1021","5","12B192","28","40101","3","1","0","02","-","1","3","1","19","15/05/2002","1","07","2","1","6","04",,,,,,1,,10175,0
"00","1021","5","12B192","28","40101","4","1","0","02","-","1","2","2","49","08/07/1972","1","04","3","2","5","01","3","5","3","1","999999",1,,10175,0
"00","1021","5","12B192","28","40101","4","1","0","04","-","1","3","1","23","09/07/1998","1","07","3","1","6","06",,,,,,1,"1",10175,41063
"00","1021","5","12B192","28","40101","4","1","0","01","-","1","1","1","42","23/08/1979","1","03","3","2","5","01","7","2","3","1","999999",1,,10175,0
"00","1021","5","12B192","28","40101","4","1","0","03","-","1","3","1","19","01/10/2002","1","04","3","1","6","06",,,,,,1,,10175,0
"00","1021","5","12B192","28","40101","1","1","0","01","-","1","1","1","71","17/10/1949","1","07","4","2","5","01","5","5","3","1","999999",1,,10175,0
"00","1021","7","12A198","28","40102","3","1","0","01","-","1","1","1","23","02/07/1998","1","03","3","2","1","04",,,,,,1,"1",7275,14660
"00","1021","7","12A198","28","40102","1","1","0","01","-","1","1","1","74","31/03/1947","1","02","4","2","5","09",,,,,,1,"1",7275,21990
"00","1021","7","12A198","28","40102","1","1","0","02","-","1","2","2","69","02/01/1952","1","02","4","2","5","07",,,,,,1,,7275,0
"00","1021","7","12A198","28","40102","1","1","0","03","-","1","3","2","40","09/09/1981","1","04","3","2","6","01","4","5","3","1","001200",1,,7275,0
"00","1021","7","12A198","28","40102","3","1","0","04","-","1","3","2","00","25/02/2021",,,,,,,,,,,,1,,7275,0
"00","1021","7","12A198","28","40102","2","1","1","01","-","1","1","2","38","06/10/1983","1","03","1","2","6","01","5","5","3","1","000800",1,"1",7275,14660
"00","1021","7","12A198","28","40102","4","1","0","02","-","1","2","2","55","18/08/1966","1","02","6","2","5","01","4","4","2","1","000200",1,"1",7275,14660
"00","1021","7","12A198","28","40102","3","1","0","02","-","1","2","2","22","29/12/1998","1","03","3","2","1","07",,,,,,1,,7275,0
"00","1021","7","12A198","28","40102","3","1","0","03","-","1","3","2","06","20/09/2015","2","01","3","1",,,,,,,,1,,7275,0
"00","1021","7","12A198","28","40102","2","1","1","02","-","1","6","1","47","10/08/1974","1","03","3","2","6","01","5","5","3","1","001000",1,,7275,0
"00","1021","7","12A198","28","40102","2","1","1","03","-","1","3","1","10","23/11/2010","1","02","5","1",,,,,,,,1,,7275,0
"00","1021","7","12A198","28","40102","4","1","0","01","-","1","1","1","56","04/03/1965","1","02","6","2","5","01","7","3","3","1","001200",1,,7275,0
"00","1021","7","11A198","28","40104","2","1","0","01","-","1","1","2","48","07/11/1972","1","04","2","2","2","01","5","4","3","1","001300",1,"1",8696,17524
"00","1021","7","11A198","28","40104","1","1","0","03","-","3","3","1","33","06/12/1987","1","04","3","2","6","01","5","2","3","1","002500",1,,8696,0
"00","1021","7","11A198","28","40104","1","1","0","01","-","1","1","2","60","19/06/1961","1","04","3","2","4","01","4","4","2","1","000300",1,,8696,0
"00","1021","7","11A198","28","40104","2","1","0","02","-","1","7","2","46","18/09/1975","1","03","3","2","2","01","5","5","3","1","001000",1,,8696,0
"00","1021","7","11A198","28","40104","3","1","1","02","-","1","3","1","21","11/09/2000","1","04","3","1","6","01","5","5","2","1","001500",1,"1",8696,17524
"00","1021","7","11A198","28","40104","3","1","1","03","-","1","3","2","17","18/03/2004","1","04","3","1","6","06",,,,,,1,,8696,0
"00","1021","7","11A198","28","40104","3","1","1","01","-","1","1","1","53","22/10/1967","1","07","5","2","5","01","1","3","3","2","003000",1,,8696,0
"00","1021","7","11A198","28","40104","1","1","0","02","-","1","3","2","25","25/09/1996","1","04","3","2","6","04",,,,,,1,"1",8696,26286
"00","1021","8","13A197","28","40129","2","1","0","01","-","1","1","1","62","30/03/1959","1","02","2","2","5","01","5","5","3","1","001500",1,"1",8473,25611
"00","1021","8","13A197","28","40129","3","1","1","02","-","1","3","2","28","27/05/1993","1","03","3","2","6","01","5","5","3","1","000500",1,"1",8473,17074
"00","1021","8","13A197","28","40129","3","1","1","01","-","1","1","2","48","01/08/1973","1","02","6","2","6","01","5","5","3","1","001100",1,,8473,0
"00","1021","8","13A197","28","40129","2","1","0","06","-","1","5","2","10","20/04/2011","1","02","3","1",,,,,,,,1,,8473,0
"00","1021","8","13A197","28","40129","2","1","0","05","-","1","5","1","15","04/11/2005","1","03","3","2","6","01","5","5","3","1","999999",1,,8473,0
"00","1021","8","13A197","28","40129","2","1","0","04","-","1","5","2","16","08/11/2004","1","03","3","1","6","06",,,,,,1,,8473,0
"00","1021","8","13A197","28","40129","2","1","0","07","-","1","5","1","09","22/08/2012","1","02","2","1",,,,,,,,1,,8473,0
"00","1021","8","13A197","28","40129","2","1","0","03","-","1","3","2","33","08/10/1987","1","03","3","2","2","07",,,,,,1,,8473,0
"00","1021","8","13A197","28","40129","2","1","0","02","-","1","2","2","59","03/05/1962","1","02","6","2","5","07",,,,,,1,,8473,0
"00","1021","8","13A197","28","40129","1","1","0","01","-","1","1","1","43","06/08/1978","1","03","3","2","5","01","5","5","3","1","000350",1,"1",8473,17074
"00","1021","8","13A197","28","40129","1","1","0","02","-","1","2","2","43","12/02/1978","1","04","3","2","5","07",,,,,,1,,8473,0
"00","1021","2","11A205","28","40158","4","1","0","03","-","1","5","2","27","08/09/1994","1","04","3","2","1","07",,,,,,1,,8132,0
"00","1021","2","11A205","28","40158","3","1","0","02","-","1","2","2","42","18/08/1979","1","02","2","2","1","07",,,,,,1,"1",8132,16387
"00","1021","2","11A205","28","40158","1","1","0","04","-","1","3","2","22","14/12/1998","1","07","5","2","6","01","5","5","3","1","999999",1,,8132,0
"00","1021","2","11A205","28","40158","1","1","0","05","-","1","5","1","07","14/05/2014","1","02","2","1",,,,,,,,1,,8132,0
"00","1021","2","11A205","28","40158","1","1","0","01","-","1","1","1","47","18/08/1974","1","02","6","2","1","04",,,,,,1,,8132,0
"00","1021","2","11A205","28","40158","1","1","0","03","-","1","3","2","24","23/07/1997","1","04","3","2","2","01","5","5","3","1","999999",1,,8132,0
"00","1021","2","11A205","28","40158","2","1","0","04","-","1","3","2","10","18/01/2011","1","02","4","1",,,,,,,,1,,8132,0
"00","1021","2","11A205","28","40158","2","1","0","01","-","1","1","1","46","29/09/1975","1","03","3","2","5","01","5","5","2","1","002200",1,"1",8132,16387
"00","1021","2","11A205","28","40158","2","1","0","03","-","1","3","1","12","26/11/2008","1","03","1","1","6","06",,,,,,1,,8132,0
"00","1021","2","11A205","28","40158","2","1","0","02","-","1","2","2","46","23/10/1974","1","04","3","2","5","07",,,,,,1,,8132,0
"00","1021","2","11A205","28","40158","4","1","0","04","-","1","5","1","10","29/07/2011","1","02","4","1",,,,,,,,1,,8132,0
"00","1021","2","11A205","28","40158","4","1","0","02","-","1","3","1","33","09/05/1988","1","04","2","2","1","01","5","3","3","1","999999",1,,8132,0
"00","1021","2","11A205","28","40158","4","1","0","05","-","1","5","1","07","10/03/2014","1","02","1","1",,,,,,,,1,,8132,0
"00","1021","2","11A205","28","40158","3","1","0","01","-","1","1","1","32","12/07/1989","1","04","2","2","1","01","7","5","3","1","002500",1,,8132,0
"00","1021","2","11A205","28","40158","4","1","0","06","-","1","5","2","03","10/01/2018",,,,,,,,,,,,1,,8132,0
"00","1021","2","11A205","28","40158","4","1","0","01","-","1","1","2","50","04/02/1971","1","02","5","2","6","07",,,,,,1,"1",8132,24581
"00","1021","2","11A205","28","40158","1","1","0","02","-","1","2","2","52","04/09/1969","1","03","3","2","1","07",,,,,,1,"1",8132,32774
"00","1021","6","11B191","28","40166","2","1","0","02","-","1","6","1","31","02/04/1990","1","03","3","2","6","01","5","5","3","1","999999",1,"1",8118,32718
"00","1021","6","11B191","28","40166","2","1","0","03","-","1","2","2","42","15/06/1979","1","07","5","2","1","01","1","5","3","2","999999",1,,8118,0
"00","1021","6","11B191","28","40166","2","1","0","04","-","1","3","1","18","15/04/2003","1","04","3","1","6","01","5","5","3","1","000500",1,,8118,0
"00","1021","6","11B191","28","40166","4","1","0","01","-","1","1","1","54","22/11/1966","1","02","5","2","1","01","7","5","3","1","999999",1,,8118,0
"00","1021","6","11B191","28","40166","4","1","0","05","-","1","5","2","09","01/02/2012","1","02","2","1",,,,,,,,1,,8118,0
"00","1021","6","11B191","28","40166","4","1","0","04","-","1","5","1","29","05/11/1991","1","03","3","2","1","01","5","4","3","1","999999",1,,8118,0
"00","1021","6","11B191","28","40166","4","1","0","02","-","1","2","2","53","09/05/1968","1","00",,"2","1","07",,,,,,1,"1",8118,32718
"00","1021","6","11B191","28","40166","4","1","0","06","-","1","5","1","05","17/10/2015","2","01","1","1",,,,,,,,1,,8118,0
"00","1021","6","11B191","28","40166","4","1","0","03","-","1","3","2","28","14/01/1993","1","04","1","2","1","01","4","5","3","1","999999",1,,8118,0
"00","1021","6","11B191","28","40166","2","1","0","01","-","1","1","1","38","09/04/1983","1","03","3","2","6","01","5","5","3","1","001500",1,,8118,0
"00","1021","2","12A205","28","40221","1","1","0","01","-","1","1","1","71","07/07/1950","1","02","2","2","5","08",,,,,,1,,6909,0
"00","1021","2","12A205","28","40221","1","1","0","02","-","1","2","2","70","23/06/1951","1","02","6","2","5","08",,,,,,1,"1",6909,13990
"00","1021","2","12A205","28","40221","2","1","0","03","-","1","3","1","21","28/09/2000","1","07","3","1","6","01","7","2","3","1","999999",1,"1",6909,20985
"00","1021","2","12A205","28","40221","2","1","0","02","-","1","2","2","48","15/11/1972","1","04","3","2","5","07",,,,,,1,,6909,0
"00","1021","2","12A205","28","40221","2","1","0","04","-","1","3","2","17","31/07/2004","1","04","2","1","6","06",,,,,,1,,6909,0
"00","1021","2","12A205","28","40221","3","1","0","03","-","1","3","1","16","23/01/2005","1","04","1","1","6","06",,,,,,1,,6909,0
"00","1021","2","12A205","28","40221","3","1","0","04","-","1","3","1","12","18/03/2009","1","02","6","1","6","06",,,,,,1,,6909,0
"00","1021","2","12A205","28","40221","3","1","0","01","-","1","1","1","48","17/10/1973","1","08","3","2","5","01","1","5","3","2","012000",1,"1",6909,13990
"00","1021","2","12A205","28","40221","2","1","0","01","-","1","1","1","47","30/01/1974","1","07","5","2","5","01","1","5","3","1","999999",1,,6909,0
"00","1021","2","12A205","28","40221","3","1","0","02","-","1","2","2","39","15/06/1982","1","08","3","2","5","01","1","5","3","2","005000",1,,6909,0
"00","1021","1","12A206","28","40312","1","1","0","05","-","1","3","1","09","20/09/2012","1","02","3","1",,,,,,,,1,,8351,0
"00","1021","1","12A206","28","40312","1","1","0","03","-","1","7","1","42","09/05/1979","1","02","6","2","6","01","5","3","3","1","002000",1,,8351,0
"00","1021","1","12A206","28","40312","1","1","0","02","-","1","2","2","36","20/11/1984","1","02","6","2","1","07",,,,,,1,"1",8351,25365
"00","1021","1","12A206","28","40312","4","1","0","01","-","1","1","2","41","11/03/1980","1","07","5","2","5","07",,,,,,1,"1",8351,8455
"00","1021","1","12A206","28","40312","4","1","0","02","-","1","3","1","14","24/04/2007","1","03","2","1","6","06",,,,,,1,,8351,0
"00","1021","1","12A206","28","40312","4","1","0","03","-","1","3","1","09","18/05/2012","1","02","3","1",,,,,,,,1,,8351,0
"00","1021","1","12A206","28","40312","4","1","0","04","-","1","3","2","03","05/09/2018",,,,,,,,,,,,1,,8351,0
"00","1021","1","12A206","28","40312","3","1","0","01","-","1","1","2","46","07/11/1974","1","06","3","2","6","01","3","5","3","2","005000",1,"1",8351,8455
"00","1021","1","12A206","28","40312","3","1","0","02","-","1","3","1","13","12/05/2008","1","02","6","1","6","06",,,,,,1,,8351,0
"00","1021","1","12A206","28","40312","1","1","0","06","-","1","3","1","07","27/06/2014","1","02","1","1",,,,,,,,1,,8351,0
"00","1021","1","12A206","28","40312","1","1","0","04","-","1","3","2","15","03/09/2006","1","03","3","1","6","06",,,,,,1,,8351,0
"00","1021","1","12A206","28","40312","1","1","0","01","-","1","1","1","41","14/12/1979","1","02","6","2","1","01","7","5","3","1","005000",1,,8351,0
"00","1021","8","11A197","28","40313","2","1","0","02","-","1","2","1","45","11/01/1976","1","06","3","2","5","07",,,,,,1,,5505,0
"00","1021","8","11A197","28","40313","2","1","0","01","-","1","1","1","69","01/04/1952","1","03","3","2","5","08",,,,,,1,,5505,0
"00","1021","8","11A197","28","40313","2","1","0","05","-","1","3","1","09","07/08/2012","1","02","2","1",,,,,,,,1,,5505,0
"00","1021","8","11A197","28","40313","3","1","1","03","-","1","3","1","06","10/03/2015","1","02","1","1",,,,,,,,1,,5505,0
"00","1021","8","11A197","28","40313","3","1","1","01","-","1","1","1","40","31/03/1981","1","02","4","2","1","01","5","5","3","1","000900",1,,5505,0
"00","1021","8","11A197","28","40313","3","1","1","02","-","1","3","1","08","27/10/2012","1","02","4","1",,,,,,,,1,,5505,0
"00","1021","8","11A197","28","40313","3","1","1","04","-","1","3","2","03","03/07/2018",,,,,,,,,,,,1,,5505,0
"00","1021","8","11A197","28","40313","3","1","1","05","-","1","2","2","26","17/04/1995","1","03","3","2","1","07",,,,,,1,"1",5505,11093
"00","1021","8","11A197","28","40313","4","1","0","03","-","1","3","2","08","04/10/2013","1","02","1","1",,,,,,,,1,,5505,0
"00","1021","8","11A197","28","40313","2","1","0","03","-","1","8","2","66","10/08/1955","1","06","3","2","6","01","5","5","3","1","001500",1,,5505,0
"00","1021","8","11A197","28","40313","2","1","0","04","-","1","3","1","21","11/02/2000","1","07","2","2","6","01","5","4","3","1","001200",1,"1",5505,22186
"00","1021","8","11A197","28","40313","4","1","0","02","-","1","2","2","36","09/05/1985","1","07","4","2","5","07",,,,,,1,,5505,0
"00","1021","8","11A197","28","40313","4","1","0","01","-","1","1","1","36","18/11/1984","1","07","2","2","5","03","7","2","3","1","999999",1,"1",5505,11093
"00","1021","4","12A203","28","40336","2","1","0","05","-","1","5","1","05","04/08/2016","1","01","2","1",,,,,,,,1,,8753,0
"00","1021","4","12A203","28","40336","2","1","0","04","-","1","5","1","06","15/04/2015","2","01","1","1",,,,,,,,1,,8753,0
"00","1021","4","12A203","28","40336","2","1","0","03","-","1","5","1","36","15/07/1985","1","07","5","2","5","01","1","5","3","2","999999",1,,8753,0
"00","1021","4","12A203","28","40336","2","1","0","01","-","1","1","2","86","15/08/1935","1","02","4","2","4","07",,,,,,1,"1",8753,26587
"00","1021","4","12A203","28","40336","3","1","0","01","-","1","1","1","71","03/04/1950","1","02","6","2","5","01","4","5","2","1","000500",1,"1",8753,17724
"00","1021","4","12A203","28","40336","3","1","0","02","-","1","2","2","72","03/12/1948","1","06","3","2","5","07",,,,,,1,,8753,0
"00","1021","4","12A203","28","40336","2","1","0","02","-","1","5","2","36","22/08/1985","1","07","5","2","5","01","1","5","3","2","999999",1,,8753,0
"00","1021","4","12A203","28","40336","4","1","0","01","-","1","1","1","56","12/09/1965","1","03","3","2","5","01","5","5","2","1","001200",1,"1",8753,26587
"00","1021","4","12A203","28","40336","4","1","0","02","-","1","2","2","59","24/10/1961","1","06","3","2","5","07",,,,,,1,,8753,0
"00","1021","4","12A203","28","40336","1","1","0","01","-","1","1","1","53","15/07/1968","1","07","5","2","6","01","3","5","3","2","999999",1,"1",8753,17724
"00","1021","4","12A203","28","40336","1","1","0","02","-","1","6","1","51","25/04/1970","1","07","5","2","6","01","5","5","3","2","999999",1,,8753,0
"00","1021","2","12A203","28","40336","1","1","0","03","-","2",,,,,,,,,,,,,,,,1,,0,0
"00","1021","4","12A203","28","40336","4","1","0","04","-","1","5","1","15","18/06/2006","1","04","1","1","6","06",,,,,,1,,8753,0
"00","1021","4","12A203","28","40336","4","1","0","03","-","1","5","2","18","15/05/2003","1","04","2","1","6","06",,,,,,1,,8753,0
"00","1021","7","11A198","29","40105","4","1","1","03","-","1","5","1","03","13/07/2018",,,,,,,,,,,,1,,10681,0
"00","1021","7","11A198","29","40105","4","1","1","02","-","1","3","2","25","12/12/1995","1","03","3","2","6","01","7","2","3","1","001200",1,,10681,0
"00","1021","7","11A198","29","40105","3","1","0","04","-","1","3","2","01","05/09/2020",,,,,,,,,,,,1,,10681,0
"00","1021","7","11A198","29","40105","3","1","0","03","-","1","3","2","06","27/12/2014","2","01","3","1",,,,,,,,1,,10681,0
"00","1021","7","11A198","29","40105","3","1","0","02","-","1","2","2","25","23/11/1995","1","04","2","2","1","07",,,,,,1,,10681,0
"00","1021","7","11A198","29","40105","3","1","0","01","-","1","1","1","28","17/09/1993","1","07","3","2","1","01","4","4","2","1","003000",1,"1",10681,21524
"00","1021","7","11A198","29","40105","2","1","0","03","-","1","3","1","25","11/07/1996","1","06","3","2","6","01","4","4","3","1","001700",1,"1",10681,43047
"00","1021","7","11A198","29","40105","1","1","0","03","-","1","2","1","35","15/11/1985","1","07","5","2","1","01","4","4","3","1","001300",1,,10681,0
"00","1021","7","11A198","29","40105","1","1","0","02","-","1","3","1","16","15/09/2005","1","03","3","1","6","06",,,,,,1,,10681,0
"00","1021","7","11A198","29","40105","1","1","0","01","-","1","1","2","35","21/11/1985","1","07","1","2","3","01","5","5","3","2","002500",1,"1",10681,21524
"00","1021","7","11A198","29","40105","1","1","0","04","-","1","3","1","00","23/05/2021",,,,,,,,,,,,1,,10681,0
"00","1021","7","11A198","29","40105","2","1","0","04","-","1","3","1","19","26/05/2002","1","04","3","1","6","06",,,,,,1,,10681,0
"00","1021","7","11A198","29","40105","2","1","0","02","-","1","2","2","47","02/02/1974","1","07","5","2","5","07",,,,,,1,,10681,0
"00","1021","7","11A198","29","40105","2","1","0","01","-","1","1","1","51","21/09/1970","1","04","3","2","5","01","4","4","2","1","001300",1,,10681,0
"00","1021","7","11A198","29","40105","4","1","1","01","-","1","1","2","49","23/01/1972","1","03","3","2","6","01","4","4","3","1","999999",1,"1",10681,21524
"00","1021","3","11A204","29","40134","3","1","0","03","-","1","3","2","23","30/01/1998","1","03","3","2","6","01","5","5","3","1","000250",1,"1",8887,26865
"00","1021","3","11A204","29","40134","3","1","0","01","-","1","1","1","69","02/12/1951","1","02","6","2","1","01","4","4","2","1","999999",1,,8887,0
"00","1021","3","11A204","29","40134","3","1","0","02","-","1","2","2","47","09/12/1973","1","02","6","2","1","02","4","4","6","5",,1,,8887,0
"00","1021","3","11A204","29","40134","3","1","0","04","-","1","3","2","17","09/08/2004","1","03","3","2","6","07",,,,,,1,,8887,0
"00","1021","3","11A204","29","40134","4","1","0","02","-","1","2","2","55","04/05/1966","1","02","6","2","5","07",,,,,,1,"1",8887,26865
"00","1021","3","11A204","29","40134","4","1","0","01","-","1","1","1","55","23/08/1966","1","04","3","2","5","01","6","1","3","1","001000",1,,8887,0
"00","1021","3","11A204","29","40134","4","1","0","03","-","1","3","1","24","24/05/1997","1","04","3","1","6","06",,,,,,1,,8887,0
"00","1021","3","11A204","29","40134","1","1","0","04","-","1","3","1","02","11/08/2019",,,,,,,,,,,,1,,8887,0
"00","1021","3","11A204","29","40134","1","1","0","03","-","1","3","2","14","16/05/2007","1","03","2","1","6","06",,,,,,1,,8887,0
"00","1021","3","11A204","29","40134","1","1","0","01","-","1","1","1","47","20/09/1974","1","07","5","2","1","01","1","5","3","2","013000",1,"1",8887,17910
"00","1021","3","11A204","29","40134","1","1","0","02","-","1","2","2","31","12/03/1990","1","07","4","2","1","07",,,,,,1,,8887,0
"00","1021","3","11A204","29","40134","2","1","0","04","-","1","3","2","04","07/09/2017",,,,,,,,,,,,1,,8887,0
"00","1021","3","11A204","29","40134","2","1","0","03","-","1","3","1","10","07/03/2011","1","02","4","1",,,,,,,,1,,8887,0
"00","1021","3","11A204","29","40134","2","1","0","02","-","1","2","2","30","19/02/1991","1","03","3","2","1","07",,,,,,1,"1",8887,17910
"00","1021","3","11A204","29","40134","2","1","0","01","-","1","1","1","32","27/02/1989","1","07","4","2","1","01","6","1","2","4","999999",1,,8887,0
"00","1021","2","11A205","29","40195","4","1","0","07","-","3","3","1","08","12/07/2013","1","02","2","1",,,,,,,,1,,7773,0
"00","1021","2","11A205","29","40195","4","1","0","06","-","3","3","2","09","12/03/2012","1","02","3","1",,,,,,,,1,,7773,0
"00","1021","2","11A205","29","40195","4","1","0","03","-","1","3","2","18","12/09/2003","1","04","2","1","6","06",,,,,,1,,7773,0
"00","1021","2","11A205","29","40195","1","1","0","01","-","1","1","1","49","26/11/1971","1","07","2","2","5","01","5","5","2","1","001500",1,"1",7773,23497
"00","1021","2","11A205","29","40195","2","1","0","02","-","1","2","2","61","18/02/1960","1","02","6","2","5","07",,,,,,1,"1",7773,15665
"00","1021","2","11A205","29","40195","2","1","0","01","-","1","1","1","58","21/06/1963","1","03","3","2","5","01","6","1","2","1","001000",1,,7773,0
"00","1021","2","11A205","29","40195","4","1","0","01","-","1","1","1","48","17/06/1973","1","03","3","2","1","01","6","1","2","2","000600",1,"1",7773,23497
"00","1021","2","11A205","29","40195","4","1","0","05","-","1","3","1","15","18/08/2006","1","03","3","2","6","07",,,,,,1,,7773,0
"00","1021","2","11A205","29","40195","1","1","0","02","-","1","3","2","23","12/03/1998","1","07","2","2","6","01","7","2","3","1","001000",1,,7773,0
"00","1021","2","11A205","29","40195","4","1","0","02","-","1","2","2","32","18/04/1989","1","02","6","2","1","07",,,,,,1,,7773,0
"00","1021","2","11A205","29","40195","4","1","0","04","-","1","3","1","14","19/01/2007","1","03","2","1","6","06",,,,,,1,,7773,0
"00","1021","2","11A205","29","40195","1","1","0","04","-","1","5","1","02","28/12/2018",,,,,,,,,,,,1,,7773,0
"00","1021","2","11A205","29","40195","1","1","0","03","-","1","2","2","48","12/02/1973","1","06","3","2","5","07",,,,,,1,,7773,0
"00","1021","6","12B191","29","40203","4","1","0","04","-","1","3","2","22","09/04/1999","1","07","4","1","6","06",,,,,,1,,7064,0
"00","1021","6","12B191","29","40203","4","1","0","03","-","1","2","2","56","08/10/1964","1","07","5","2","5","07",,,,,,1,,7064,0
"00","1021","6","12B191","29","40203","4","1","0","01","-","1","1","1","57","19/10/1963","1","07","4","2","5","01","1","5","3","2","012000",1,"1",7064,21353
"00","1021","6","12B191","29","40203","3","1","0","01","-","1","1","1","27","18/07/1994","1","03","2","2","1","01","7","3","3","1","002000",1,,7064,0
"00","1021","6","12B191","29","40203","2","1","0","02","-","1","2","1","70","27/03/1951","1","04","3","2","5","09",,,,,,1,,7064,0
"00","1021","6","12B191","29","40203","3","1","0","03","-","1","3","2","03","13/12/2017",,,,,,,,,,,,1,,7064,0
"00","1021","2","12B191","29","40203","4","1","0","02","-","2",,,,,,,,,,,,,,,,1,,0,0
"00","1021","6","12B191","29","40203","2","1","0","01","-","1","1","2","75","08/08/1946","1","04","3","2","5","07",,,,,,1,"1",7064,14235
"00","1021","6","12B191","29","40203","3","1","0","02","-","1","2","2","21","29/05/2000","1","04","1","2","1","07",,,,,,1,"1",7064,14235
"00","1021","6","11B191","29","40266","2","1","0","02","-","1","3","1","14","03/07/2007","1","03","1","1","6","06",,,,,,1,,10133,0
"00","1021","6","11B191","29","40266","2","1","0","03","-","1","5","2","12","20/06/2009","1","02","5","1","6","06",,,,,,1,,10133,0
"00","1021","6","11B191","29","40266","2","1","0","04","-","1","3","2","34","24/01/1987","1","03","3","2","6","02","4","4","6","5",,1,,10133,0
"00","1021","6","11B191","29","40266","2","1","0","05","-","1","3","1","29","29/06/1992","1","03","2","2","6","01","4","4","3","2","999999",1,,10133,0
"00","1021","6","11B191","29","40266","2","1","0","01","-","1","1","2","54","29/07/1967","1","02","6","1","5","01","4","4","2","1","999999",1,"1",10133,40839
"00","1021","6","11B191","29","40266","2","1","0","06","-","1","4","1","93","03/05/1928","2","00",,"2","4","09",,,,,,1,,10133,0
"00","1021","6","11B191","29","40266","4","1","0","01","-","1","1","1","33","16/07/1988","1","02","6","2","1","01","7","3","2","1","002000",1,"1",10133,20420
"00","1021","6","11B191","29","40266","4","1","0","04","-","1","3","2","08","09/08/2013","1","02","2","1",,,,,,,,1,,10133,0
"00","1021","6","11B191","29","40266","4","1","0","02","-","1","2","2","30","22/06/1991","1","02","6","2","1","07",,,,,,1,,10133,0
"00","1021","6","11B191","29","40266","4","1","0","03","-","1","3","1","13","03/08/2008","1","02","6","1","6","01","7","3","3","1","001300",1,,10133,0
"00","1021","6","11B191","29","40266","1","1","0","07","-","1","3","2","21","31/12/1999","1","03","3","2","1","07",,,,,,1,,10133,0
"00","1021","6","11B191","29","40266","1","1","0","09","-","1","5","2","03","14/04/2018",,,,,,,,,,,,1,,10133,0
"00","1021","6","11B191","29","40266","1","1","0","02","-","1","2","2","49","19/07/1972","1","03","3","2","5","01","7","2","3","1","000900",1,,10133,0
"00","1021","6","11B191","29","40266","1","1","0","01","-","1","1","1","49","08/01/1972","1","02","6","2","5","01","7","2","3","1","999999",1,"1",10133,61259
"00","1021","6","11B191","29","40266","1","1","0","08","-","1","5","1","27","08/01/1994","1","04","3","2","1","01","4","4","3","1","001500",1,,10133,0
"00","1021","6","11B191","29","40266","1","1","0","12","-","1","5","1","09","15/12/2011","1","02","4","1",,,,,,,,1,,10133,0
"00","1021","6","11B191","29","40266","1","1","0","13","-","1","5","2","08","05/03/2013","2","02","2","1",,,,,,,,1,,10133,0
"00","1021","6","11B191","29","40266","1","1","0","11","-","1","5","1","29","31/08/1992","1","02","6","2","5","01","7","3","3","1","999999",1,,10133,0
"00","1021","6","11B191","29","40266","1","1","0","10","-","1","3","2","28","25/03/1993","1","04","3","2","5","07",,,,,,1,,10133,0
"00","1021","4","11B191","29","40266","1","1","0","03","-","2",,,,,,,,,,,,,,,,1,,0,0
"00","1021","4","11B191","29","40266","1","1","0","04","-","2",,,,,,,,,,,,,,,,1,,0,0
"00","1021","4","11B191","29","40266","1","1","0","05","-","2",,,,,,,,,,,,,,,,1,,0,0
"00","1021","4","11B191","29","40266","1","1","0","06","-","2",,,,,,,,,,,,,,,,1,,0,0
"00","1021","6","11B191","29","40266","3","1","0","03","-","1","3","1","13","02/06/2008","1","02","6","1","6","06",,,,,,1,,10133,0
"00","1021","6","11B191","29","40266","3","1","0","02","-","1","2","2","34","11/08/1987","1","02","6","2","5","01","7","2","3","1","000900",1,,10133,0
"00","1021","6","11B191","29","40266","3","1","0","05","-","1","3","1","04","01/02/2017",,,,,,,,,,,,1,,10133,0
"00","1021","6","11B191","29","40266","3","1","0","04","-","1","3","2","11","03/03/2010","1","02","4","1",,,,,,,,1,,10133,0
"00","1021","6","11B191","29","40266","3","1","0","01","-","1","1","1","36","05/02/1985","1","02","6","2","5","01","7","2","3","1","001200",1,"1",10133,20420
"00","1021","4","11A203","29","40318","3","1","0","03","-","1","5","2","20","29/09/2001","1","03","3","2","1","07",,,,,,1,,9293,0
"00","1021","4","11A203","29","40318","4","1","0","01","-","1","1","1","35","09/09/1986","1","02","6","2","1","01","7","3","3","1","001300",1,,9293,0
"00","1021","4","11A203","29","40318","4","1","0","02","-","1","2","2","37","23/11/1983","2","00",,"2","1","01","7","2","3","1","000850",1,"1",9293,18728
"00","1021","4","11A203","29","40318","2","1","0","04","-","1","3","2","03","29/09/2018",,,,,,,,,,,,1,,9293,0
"00","1021","4","11A203","29","40318","2","1","0","03","-","1","3","2","07","28/06/2014","1","02","1","1",,,,,,,,1,,9293,0
"00","1021","4","11A203","29","40318","2","1","0","02","-","1","2","2","33","18/01/1988","1","08","2","1","5","01","1","5","3","2","999999",1,,9293,0
"00","1021","4","11A203","29","40318","2","1","0","01","-","1","1","1","32","06/06/1989","1","08","2","1","5","01","1","5","2","2","999999",1,"1",9293,18728
"00","1021","4","11A203","29","40318","1","1","0","01","-","1","1","2","62","01/01/1959","1","02","2","2","4","07",,,,,,1,"1",9293,9364
"00","1021","4","11A203","29","40318","3","1","0","01","-","1","1","2","65","01/09/1956","1","02","6","2","6","01","4","4","3","1","000300",1,"1",9293,28092
"00","1021","4","11A203","29","40318","3","1","0","02","-","1","3","1","31","23/08/1990","1","03","3","2","1","01","7","3","3","1","000700",1,,9293,0
"00","1021","8","11A197","29","40323","2","1","0","02","-","1","3","2","28","18/03/1993","1","03","3","2","6","01","7","2","3","1","999999",1,,6949,0
"00","1021","8","11A197","29","40323","4","1","0","02","-","1","2","2","36","14/09/1985","1","07","5","2","5","01","3","5","3","2","006000",1,"1",6949,7002
"00","1021","8","11A197","29","40323","2","1","0","05","-","1","5","1","05","21/05/2016","1","01","2","1",,,,,,,,1,,6949,0
"00","1021","8","11A197","29","40323","2","1","0","01","-","1","1","1","57","17/05/1964","1","03","3","2","1","01","7","2","3","1","999999",1,,6949,0
"00","1021","8","11A197","29","40323","2","1","0","06","-","1","5","2","02","13/10/2018",,,,,,,,,,,,1,,6949,0
"00","1021","8","11A197","29","40323","2","1","0","07","-","1","2","2","51","20/02/1970","1","03","3","2","5","01","7","3","3","1","999999",1,,6949,0
"00","1021","6","11A197","29","40323","2","1","0","04","-","2",,,,,,,,,,,,,,,,1,,0,0
"00","1021","8","11A197","29","40323","3","1","1","01","-","1","1","2","48","14/11/1972","1","02","6","2","6","07",,,,,,1,,6949,0
"00","1021","8","11A197","29","40323","3","1","1","03","-","1","5","2","25","21/11/1995","1","03","3","2","6","07",,,,,,1,"1",6949,21005
"00","1021","8","11A197","29","40323","3","1","1","04","-","1","5","1","05","06/06/2016","1","01","2","1",,,,,,,,1,,6949,0
"00","1021","8","11A197","29","40323","3","1","1","02","-","1","3","1","27","09/07/1994","1","03","3","2","6","01","5","5","3","2","003500",1,,6949,0
"00","1021","8","11A197","29","40323","1","1","0","01","-","1","1","1","28","22/02/1993","1","08","2","1","6","01","1","5","2","2","030000",1,"1",6949,28006
"00","1021","8","11A197","29","40323","1","1","0","03","-","1","4","2","83","18/07/1938","1","02","6","2","4","07",,,,,,1,,6949,0
"00","1021","8","11A197","29","40323","1","1","0","04","-","1","8","1","45","04/02/1976","1","07","4","2","6","01","4","4","2","1","004000",1,,6949,0
"00","1021","8","11A197","29","40323","1","1","0","02","-","1","4","2","64","07/12/1956","1","07","5","2","3","07",,,,,,1,,6949,0
"00","1021","8","11A197","29","40323","4","1","0","05","-","1","3","2","11","04/12/2009","1","02","5","1",,,,,,,,1,,6949,0
"00","1021","8","11A197","29","40323","4","1","0","04","-","1","3","2","13","28/04/2008","1","03","1","1","6","06",,,,,,1,,6949,0
"00","1021","8","11A197","29","40323","4","1","0","03","-","1","3","1","14","04/02/2007","1","03","2","1","6","06",,,,,,1,,6949,0
"00","1021","7","11A197","29","40323","4","1","0","01","-","2",,,,,,,,,,,,,,,,1,,0,0
"00","1021","8","11A197","29","40323","4","1","0","06","-","1","3","1","05","13/03/2016","1","01","2","1",,,,,,,,1,,6949,0
"00","1021","8","11A197","29","40323","2","1","0","03","-","1","3","1","25","18/06/1996","1","04","3","2","6","07",,,,,,1,"1",6949,28006
"00","1021","4","11A203","29","40353","2","1","0","02","-","1","3","2","27","27/04/1994","1","04","3","2","6","02","4","4","6","5",,1,"1",7499,15112
"00","1021","4","11A203","29","40353","3","1","0","03","-","1","4","2","80","05/08/1941","1","02","6","2","6","09",,,,,,1,,7499,0
"00","1021","4","11A203","29","40353","1","1","0","02","-","1","2","2","53","31/01/1968","1","07","4","2","5","01","1","5","3","2","007000",1,,7499,0
"00","1021","4","11A203","29","40353","1","1","0","05","-","1","3","2","14","19/07/2007","1","03","2","1","6","06",,,,,,1,,7499,0
"00","1021","4","11A203","29","40353","1","1","0","01","-","1","1","1","53","20/07/1968","1","07","6","2","5","01","1","5","3","2","012000",1,,7499,0
"00","1021","4","11A203","29","40353","1","1","0","06","-","1","4","2","76","25/08/1945","1","02","2","2","4","07",,,,,,1,,7499,0
"00","1021","4","11A203","29","40353","1","1","0","04","-","1","3","2","22","12/01/1999","1","07","4","1","6","06",,,,,,1,,7499,0
"00","1021","4","11A203","29","40353","1","1","0","03","-","1","3","2","25","19/06/1996","1","07","4","2","6","01","1","5","3","2","003000",1,"1",7499,37779
"00","1021","4","11A203","29","40353","3","1","0","01","-","1","1","1","51","06/10/1969","1","07","4","1","5","01","1","5","3","2","007000",1,,7499,0
"00","1021","4","11A203","29","40353","3","1","0","04","-","1","3","1","26","24/02/1995","1","07","4","2","6","07",,,,,,1,,7499,0
"00","1021","4","11A203","29","40353","3","1","0","02","-","1","2","2","53","16/05/1968","1","04","3","2","5","07",,,,,,1,"1",7499,37779
"00","1021","4","11A203","29","40353","3","1","0","05","-","1","3","2","24","11/05/1997","1","07","4","1","6","06",,,,,,1,,7499,0
"00","1021","4","11A203","29","40353","2","1","0","01","-","1","1","2","56","17/05/1965","1","06","3","2","6","01","4","4","2","1","000800",1,,7499,0
"00","1021","4","11A203","29","40353","4","1","0","05","-","1","3","2","03","14/09/2018",,,,,,,,,,,,1,,7499,0
"00","1021","4","11A203","29","40353","4","1","0","01","-","1","1","1","36","20/04/1985","1","07","4","2","1","01","5","5","2","1","999999",1,,7499,0
"00","1021","4","11A203","29","40353","4","1","0","03","-","1","6","2","17","10/04/2004","1","04","2","1","6","06",,,,,,1,,7499,0
"00","1021","4","11A203","29","40353","4","1","0","04","-","1","3","1","08","29/10/2012","1","02","3","1",,,,,,,,1,,7499,0
"00","1021","4","11A203","29","40353","4","1","0","02","-","1","2","2","31","03/10/1990","1","07","4","2","1","07",,,,,,1,"1",7499,15112
"00","1021","1","11A206","29","40357","2","1","0","02","-","1","2","2","57","09/11/1963","1","04","3","2","5","07",,,,,,1,"1",8222,24854
"00","1021","1","11A206","29","40357","3","1","0","03","-","1","3","1","08","12/01/2013","1","02","2","1",,,,,,,,1,,8222,0
"00","1021","1","11A206","29","40357","3","1","0","02","-","1","3","1","13","16/08/2008","1","03","1","1","6","06",,,,,,1,,8222,0
"00","1021","1","11A206","29","40357","3","1","0","01","-","1","1","2","36","17/12/1984","1","07","5","1","2","01","1","5","2","1","002500",1,"1",8222,8285
"00","1021","1","11A206","29","40357","1","1","0","02","-","1","2","2","45","01/03/1976","1","06","3","2","1","07",,,,,,1,,8222,0
"00","1021","1","11A206","29","40357","2","1","0","03","-","1","3","2","18","06/03/2003","1","04","3","1","6","06",,,,,,1,,8222,0
"00","1021","1","11A206","29","40357","1","1","0","01","-","1","1","1","54","09/09/1967","1","03","3","2","1","01","4","4","2","1","000700",1,"1",8222,24854
"00","1021","1","11A206","29","40357","1","1","0","04","-","1","3","1","16","05/09/2005","1","04","1","1","6","06",,,,,,1,,8222,0
"00","1021","1","11A206","29","40357","1","1","0","03","-","1","3","2","21","29/01/2000","1","04","3","2","6","04",,,,,,1,,8222,0
"00","1021","1","11A206","29","40357","2","1","0","01","-","1","1","1","57","01/07/1964","1","04","3","2","5","01","5","5","5","1","000900",1,,8222,0
"00","1021","5","11B192","29","40363","3","1","1","01","-","1","1","2","30","01/07/1991","1","03","3","2","1","01","4","4","3","1","000700",1,"1",9132,18404
"00","1021","5","11B192","29","40363","3","1","1","02","-","1","3","1","14","25/09/2007","1","03","2","1","6","06",,,,,,1,,9132,0
"00","1021","5","11B192","29","40363","3","1","1","03","-","1","3","2","11","26/12/2009","1","02","5","1",,,,,,,,1,,9132,0
"00","1021","5","11B192","29","40363","3","1","1","05","-","1","3","2","03","29/09/2018",,,,,,,,,,,,1,,9132,0
"00","1021","5","11B192","29","40363","1","1","0","04","-","1","3","2","18","01/11/2002","1","04","3","1","6","06",,,,,,1,,9132,0
"00","1021","5","11B192","29","40363","3","1","1","06","-","3","2","1","29","26/08/1992","1","02","6","2","1","01","7","3","3","1","000500",1,,9132,0
"00","1021","5","11B192","29","40363","1","1","0","03","-","1","3","2","40","20/11/1980","1","04","3","2","5","07",,,,,,1,"1",9132,36807
"00","1021","5","11B192","29","40363","1","1","0","02","-","1","5","2","61","16/08/1960","1","00",,"2","4","07",,,,,,1,,9132,0
"00","1021","5","11B192","29","40363","1","1","0","01","-","1","1","1","45","22/05/1976","1","03","3","1","5","04",,,,,,1,,9132,0
"00","1021","5","11B192","29","40363","3","1","1","04","-","1","3","1","07","05/02/2014","2","01","3","1",,,,,,,,1,,9132,0
"00","1021","1","12A206","29","40392","2","1","0","01","-","1","1","2","29","15/06/1992","1","99",,"2","6","04",,,,,,1,"1",6866,6952
"00","1021","1","12A206","29","40392","3","1","0","04","-","1","3","2","08","23/07/2013","1","02","2","1",,,,,,,,1,,6866,0
"00","1021","1","12A206","29","40392","3","1","0","02","-","1","2","2","35","02/02/1986","1","03","3","2","5","01","4","4","3","1","002500",1,"1",6866,13904
"00","1021","1","12A206","29","40392","3","1","0","01","-","1","1","1","41","22/08/1980","1","04","3","2","5","01","2","5","3","2","006000",1,,6866,0
"00","1021","1","12A206","29","40392","4","1","0","03","-","1","3","1","16","09/02/2005","1","03","3","1","6","06",,,,,,1,,6866,0
"00","1021","1","12A206","29","40392","4","1","0","04","-","1","3","1","15","27/12/2005","1","04","1","1","6","06",,,,,,1,,6866,0
"00","1021","1","12A206","29","40392","4","1","0","02","-","1","2","2","36","02/07/1985","1","03","3","2","5","07",,,,,,1,"1",6866,13904
"00","1021","1","12A206","29","40392","4","1","0","05","-","1","3","1","06","22/11/2014","1","02","1","1",,,,,,,,1,,6866,0
"00","1021","1","12A206","29","40392","4","1","0","01","-","1","1","1","40","01/03/1981","1","07","5","2","5","01","5","5","2","1","002500",1,,6866,0
"00","1021","1","12A206","29","40392","3","1","0","03","-","1","3","2","14","17/11/2006","1","03","3","1","6","06",,,,,,1,,6866,0
"00","1021","4","11A203","30","40010","4","1","0","02","-","1","2","2","34","12/08/1987","1","03","3","2","5","07",,,,,,1,,6721,0
"00","1021","4","11A203","30","40010","1","1","0","02","-","1","3","1","50","19/04/1971","1","03","3","2","6","01","4","4","2","1","000400",1,"1",6721,13545
"00","1021","4","11A203","30","40010","2","1","0","03","-","1","3","1","18","16/09/2003","1","04","3","2","6","01","5","5","3","1","000800",1,,6721,0
"00","1021","4","11A203","30","40010","2","1","0","02","-","1","2","2","49","08/04/1972","1","02","6","2","5","07",,,,,,1,,6721,0
"00","1021","4","11A203","30","40010","2","1","0","04","-","1","3","1","24","05/12/1996","1","04","3","2","5","01","5","5","3","1","002500",1,,6721,0
"00","1021","4","11A203","30","40010","2","1","0","05","-","1","5","2","23","15/03/1998","1","03","3","2","5","01","5","4","3","1","000900",1,,6721,0
"00","1021","4","11A203","30","40010","2","1","0","06","-","1","5","2","04","02/07/2017",,,,,,,,,,,,1,,6721,0
"00","1021","4","11A203","30","40010","2","1","0","01","-","1","1","1","49","10/10/1972","1","02","6","2","5","01","5","5","3","1","001600",1,"1",6721,33863
"00","1021","4","11A203","30","40010","3","1","0","02","-","1","2","2","27","19/10/1993","1","03","3","2","1","01","5","5","3","1","001000",1,,6721,0
"00","1021","4","11A203","30","40010","3","1","0","01","-","1","1","1","28","16/08/1993","1","07","2","2","1","01","7","2","3","1","004000",1,"1",6721,13545
"00","1021","4","11A203","30","40010","3","1","0","03","-","1","3","1","04","30/08/2017",,,,,,,,,,,,1,,6721,0
"00","1021","4","11A203","30","40010","4","1","0","04","-","1","3","1","14","12/12/2006","1","03","2","1","6","06",,,,,,1,,6721,0
"00","1021","4","11A203","30","40010","4","1","0","03","-","1","3","1","16","18/07/2005","1","03","3","2","6","01","5","4","4","1","000350",1,,6721,0
"00","1021","4","11A203","30","40010","4","1","0","06","-","1","3","2","03","21/12/2017",,,,,,,,,,,,1,,6721,0
"00","1021","4","11A203","30","40010","4","1","0","01","-","1","1","1","38","07/07/1983","1","02","4","2","5","01","5","4","3","1","001600",1,"1",6721,13545
"00","1021","4","11A203","30","40010","1","1","0","01","-","1","1","2","67","19/05/1954","2","00",,"2","4","01","5","5","4","1","000300",1,,6721,0
"00","1021","4","11A203","30","40010","4","1","0","05","-","1","3","1","06","02/07/2015","2","01","3","1",,,,,,,,1,,6721,0
"00","1021","5","11B192","30","40018","1","1","0","08","-","3","3","1","32","02/09/1989","1","04","2","2","6","01","5","5","3","1","001200",1,,7651,0
"00","1021","5","11B192","30","40018","1","1","0","03","-","2",,,,,,,,,,,,,,,,1,,0,0
"00","1021","5","11B192","30","40018","1","1","0","05","-","2",,,,,,,,,,,,,,,,1,,0,0
"00","1021","5","11B192","30","40018","1","1","0","04","-","2",,,,,,,,,,,,,,,,1,,0,0
"00","1021","5","11B192","30","40018","1","1","0","01","-","1","1","1","56","13/03/1965","1","02","3","2","1","01","5","2","3","1","002000",1,"1",7651,23129
"00","1021","5","11B192","30","40018","1","1","0","02","-","1","2","2","54","06/03/1967","1","03","3","2","1","07",,,,,,1,,7651,0
"00","1021","5","11B192","30","40018","2","1","0","01","-","1","1","1","48","29/04/1973","1","02","6","2","3","01","5","5","3","1","001000",1,,7651,0
"00","1021","5","11B192","30","40018","1","1","0","06","-","2",,,,,,,,,,,,,,,,1,,0,0
"00","1021","5","11B192","30","40018","4","1","0","03","-","1","5","2","21","15/06/2000","1","04","1","2","1","04",,,,,,1,,7651,0
"00","1021","5","11B192","30","40018","4","1","0","01","-","1","1","2","51","22/12/1969","1","04","3","2","4","07",,,,,,1,"1",7651,23129
"00","1021","5","11B192","30","40018","4","1","0","02","-","1","3","1","22","20/07/1999","1","04","3","2","1","01","6","4","3","1","001000",1,,7651,0
"00","1021","5","11B192","30","40018","2","1","0","02","-","1","3","2","27","31/10/1993","1","04","3","2","6","04",,,,,,1,,7651,0
"00","1021","5","11B192","30","40018","2","1","0","03","-","1","3","1","20","08/05/2001","1","04","2","2","6","01","5","5","3","1","001200",1,"1",7651,23129
"00","1021","5","11B192","30","40018","1","1","0","07","-","2",,,,,,,,,,,,,,,,1,,0,0
"00","1021","3","13A204","30","41072","1","1","0","02","-","1","2","2","29","20/03/1992","1","04","3","2","1","01","4","4","2","1","001500",1,,9110,0
"00","1021","3","13A204","30","41072","1","1","0","03","-","1","3","2","08","01/10/2013","1","02","2","1",,,,,,,,1,,9110,0
"00","1021","3","13A204","30","41072","1","1","0","05","-","1","3","1","02","16/01/2019",,,,,,,,,,,,1,,9110,0
"00","1021","3","13A204","30","41072","1","1","0","04","-","1","3","2","04","27/04/2017",,,,,,,,,,,,1,,9110,0
"00","1021","3","13A204","30","41072","1","1","0","01","-","1","1","1","34","31/03/1987","1","04","3","2","1","01","7","2","3","2","002600",1,"1",9110,18381
"00","1021","3","13A204","30","41072","2","1","0","04","-","1","3","1","12","27/03/2009","1","02","6","1","6","06",,,,,,1,,9110,0
"00","1021","3","13A204","30","41072","2","1","0","03","-","1","3","1","20","11/08/2001","1","03","3","2","6","01","5","7","3","2","002100",1,"1",9110,27572
"00","1021","3","13A204","30","41072","4","1","0","01","-","1","1","2","31","05/09/1990","1","07","4","2","1","01","2","7","3","2","005000",1,,9110,0
"00","1021","3","13A204","30","41072","4","1","0","02","-","1","2","1","31","27/03/1990","1","07","4","2","1","01","7","2","3","3","013000",1,"1",9110,18381
"00","1021","3","13A204","30","41072","3","1","0","02","-","1","4","2","89","30/10/1931","2","02","6","2","4","08",,,,,,1,"1",9110,18381
"00","1021","3","13A204","30","41072","2","1","0","01","-","1","1","1","48","15/03/1973","1","03","3","2","5","01","5","6","3","1","002000",1,,9110,0
"00","1021","3","13A204","30","41072","3","1","0","01","-","1","1","1","68","14/08/1953","1","07","5","2","6","01","1","5","2","3","999999",1,,9110,0
"00","1021","3","13A204","30","41072","2","1","0","02","-","1","2","2","44","16/04/1977","1","03","3","2","5","07",,,,,,1,,9110,0
"00","1021","7","11A198","30","41077","3","1","0","04","-","1","3","2","22","26/11/1998","1","07","3","1","6","01","1","5","3","1","001000",1,"1",5845,23557
"00","1021","7","11A198","30","41077","3","1","0","01","-","1","1","1","52","04/09/1969","1","04","3","2","5","01","5","5","3","2","002500",1,,5845,0
"00","1021","7","11A198","30","41077","4","1","1","01","-","1","1","1","58","23/01/1963","1","02","5","2","2","01","7","3","2","1","001200",1,"1",5845,5889
"00","1021","7","11A198","30","41077","1","1","0","01","-","1","1","2","76","11/11/1944","1","02","1","2","6","01","5","5","2","1","000800",1,"1",5845,5889
"00","1021","7","11A198","30","41077","2","1","0","02","-","1","3","1","48","09/11/1972","1","03","3","2","6","01","5","6","5","1","001200",1,"1",5845,11778
"00","1021","7","11A198","30","41077","2","1","0","01","-","1","1","1","76","02/07/1945","1","06","1","2","6","09",,,,,,1,,5845,0
"00","1021","7","11A198","30","41077","3","1","0","03","-","1","3","2","23","13/10/1997","1","07","5","2","6","04",,,,,,1,,5845,0
"00","1021","7","11A198","30","41077","3","1","0","02","-","1","2","2","57","18/08/1964","1","02","6","2","5","07",,,,,,1,,5845,0
"00","1021","7","12A198","30","41078","1","1","0","03","-","1","5","1","25","14/02/1996","1","04","3","2","1","01","7","3","3","1","999999",1,,9607,0
"00","1021","7","12A198","30","41078","2","1","0","04","-","1","3","2","23","10/10/1997","1","07","4","2","6","01","1","5","3","2","999999",1,,9607,0
"00","1021","7","12A198","30","41078","3","1","0","02","-","1","4","1","68","09/11/1952","1","02","6","2","6","03","7","3","2","1","999999",1,"1",9607,19454
"00","1021","7","12A198","30","41078","3","1","0","01","-","1","1","1","28","08/03/1993","1","03","3","2","6","01","5","5","3","2","999999",1,,9607,0
"00","1021","7","12A198","30","41078","1","1","0","01","-","1","1","2","46","18/07/1975","1","03","3","2","2","01","3","5","3","2","999999",1,"1",9607,29181
"00","1021","7","12A198","30","41078","1","1","0","02","-","1","3","2","24","01/12/1996","1","04","3","2","1","01","5","5","2","1","999999",1,,9607,0
"00","1021","7","12A198","30","41078","1","1","0","05","-","1","5","1","03","01/02/2018",,,,,,,,,,,,1,,9607,0
"00","1021","7","12A198","30","41078","2","1","0","01","-","1","1","2","43","22/03/1978","1","07","4","2","5","01","1","5","3","2","999999",1,,9607,0
"00","1021","7","12A198","30","41078","1","1","0","04","-","1","3","1","14","05/10/2007","1","03","1","1","6","06",,,,,,1,,9607,0
"00","1021","7","12A198","30","41078","2","1","0","02","-","1","2","1","44","21/10/1976","1","07","4","2","5","01","1","3","2","3","999999",1,"1",9607,38909
"00","1021","7","12A198","30","41078","2","1","0","03","-","1","3","2","19","28/12/2001","1","04","3","1","6","06",,,,,,1,,9607,0
"00","1021","6","11B191","30","41107","2","1","0","01","-","1","1","1","49","18/11/1971","1","08","2","2","5","01","1","5","2","1","999999",1,"1",7792,15703
"00","1021","6","11B191","30","41107","2","1","0","02","-","1","2","2","48","12/09/1973","1","07","5","2","5","07",,,,,,1,,7792,0
"00","1021","6","11B191","30","41107","3","1","0","01","-","1","1","1","64","19/01/1957","1","03","3","2","5","08",,,,,,1,,7792,0
"00","1021","5","11B191","30","41107","3","1","0","03","-","2",,,,,,,,,,,,,,,,1,,0,0
"00","1021","5","11B191","30","41107","4","1","0","01","-","2",,,,,,,,,,,,,,,,1,,0,0
"00","1021","6","11B191","30","41107","3","1","0","02","-","1","3","1","41","13/12/1979","1","02","6","2","6","01","4","4","2","1","999999",1,"1",7792,15703
"00","1021","6","11B191","30","41107","4","1","0","02","-","1","6","1","35","26/04/1986","1","04","3","2","6","01","5","5","3","1","999999",1,"1",7792,7852
"00","1021","6","11B191","30","41107","1","1","0","01","-","1","1","2","52","22/04/1969","1","04","3","2","2","07",,,,,,1,"1",7792,7852
"00","1021","3","11A204","30","41134","3","1","0","01","-","1","1","2","80","07/02/1941","1","02","6","2","4","07",,,,,,1,,5753,0
"00","1021","3","11A204","30","41134","2","1","0","02","-","1","2","2","42","30/03/1979","1","07","5","2","1","07",,,,,,1,,5753,0
"00","1021","3","11A204","30","41134","1","1","0","02","-","1","3","2","42","05/02/1979","1","07","1","2","1","01","3","4","3","2","999999",1,,5753,0
"00","1021","3","11A204","30","41134","1","1","0","03","-","1","3","1","55","04/11/1965","1","04","3","2","5","01","4","6","3","2","999999",1,"1",5753,17390
"00","1021","3","11A204","30","41134","1","1","0","01","-","1","1","2","72","03/06/1949","1","02","6","2","4","07",,,,,,1,,5753,0
"00","1021","3","11A204","30","41134","3","1","0","03","-","1","5","2","15","22/07/2006","1","04","2","1","6","06",,,,,,1,,5753,0
"00","1021","3","11A204","30","41134","4","1","0","03","-","1","5","1","01","20/12/2019",,,,,,,,,,,,1,,5753,0
"00","1021","3","11A204","30","41134","4","1","0","01","-","1","1","2","57","20/01/1964","1","06","2","2","3","07",,,,,,1,"1",5753,11594
"00","1021","3","11A204","30","41134","2","1","0","01","-","1","1","1","48","07/05/1973","1","07","4","2","1","01","4","4","3","2","999999",1,"1",5753,11594
"00","1021","3","11A204","30","41134","3","1","0","02","-","1","3","2","49","27/04/1972","1","06","2","2","6","01","3","5","3","2","999999",1,"1",5753,11594
"00","1021","3","11A204","30","41134","4","1","0","02","-","1","5","2","25","24/10/1995","1","07","4","2","1","01","1","2","3","2","999999",1,,5753,0
"00","1021","8","12A197","30","41200","2","1","0","03","-","1","3","1","12","21/08/2009","1","02","6","1","6","06",,,,,,1,,6106,0
"00","1021","8","12A197","30","41200","2","1","0","01","-","1","1","1","40","12/01/1981","1","06","2","2","5","01","5","5","2","1","999999",1,"1",6106,12365
"00","1021","8","12A197","30","41200","2","1","0","02","-","1","2","2","38","11/04/1983","1","04","3","2","5","07",,,,,,1,,6106,0
"00","1021","8","12A197","30","41200","4","1","0","01","-","1","1","2","49","11/07/1972","1","07","4","2","2","01","4","4","2","1","999999",1,"1",6106,6183
"00","1021","8","12A197","30","41200","3","1","0","03","-","1","3","2","29","12/05/1992","1","03","1","2","6","01","4","4","2","1","001000",1,,6106,0
"00","1021","8","12A197","30","41200","3","1","0","02","-","1","4","1","75","10/03/1946","1","02","2","2","2","07",,,,,,1,,6106,0
"00","1021","8","12A197","30","41200","3","1","0","01","-","1","1","1","52","03/11/1968","1","03","1","2","5","01","4","4","2","1","002000",1,"1",6106,18548
"00","1021","8","12A197","30","41200","3","1","0","04","-","1","5","2","11","13/04/2010","1","02","4","1",,,,,,,,1,,6106,0
"00","1021","8","12A197","30","41200","3","1","0","05","-","1","5","1","08","05/03/2013","1","02","1","1",,,,,,,,1,,6106,0
"00","1021","8","12A197","30","41200","1","1","0","04","-","1","5","2","39","08/10/1982","1","08","2","1","5","01","5","5","2","2","999999",1,,6106,0
"00","1021","8","12A197","30","41200","1","1","0","03","-","1","2","2","76","10/07/1945","1","02","6","2","5","08",,,,,,1,,6106,0
"00","1021","8","12A197","30","41200","1","1","0","02","-","1","3","1","46","21/10/1974","1","07","5","2","5","01","1","5","2","2","999999",1,"1",6106,24730
"00","1021","8","12A197","30","41200","1","1","0","01","-","1","1","1","77","10/10/1944","1","07","4","2","5","08",,,,,,1,,6106,0
"00","1021","2","11A205","30","41227","4","1","0","01","-","1","1","1","80","02/09/1941","1","02","6","2","4","07",,,,,,1,"1",4614,4650
"00","1021","2","11A205","30","41227","3","1","0","03","-","1","3","1","55","08/06/1966","1","03","3","2","6","09",,,,,,1,"1",4614,13949
"00","1021","2","11A205","30","41227","3","1","0","01","-","1","1","2","79","26/05/1942","1","02","6","2","2","01","4","4","2","1","000600",1,,4614,0
"00","1021","2","11A205","30","41227","3","1","0","02","-","1","3","1","46","23/05/1975","1","03","3","2","6","01","4","4","2","1","000650",1,,4614,0
"00","1021","2","11A205","30","41227","1","1","0","02","-","1","2","2","53","08/11/1967","1","07","4","2","1","07",,,,,,1,,4614,0
"00","1021","2","11A205","30","41227","2","1","0","01","-","1","1","1","67","15/06/1954","1","07","5","2","3","08",,,,,,1,"1",4614,4650
"00","1021","2","11A205","30","41227","1","1","0","01","-","1","1","1","70","01/01/1951","1","03","3","2","1","01","5","5","2","1","002000",1,"1",4614,9299
"00","1021","5","12B192","30","41234","2","1","0","01","-","1","1","2","45","19/09/1976","1","06","2","2","1","01","3","4","3","2","999999",1,"1",9128,18395
"00","1021","5","12B192","30","41234","3","1","0","02","-","1","6","2","59","17/06/1962","1","02","6","2","2","07",,,,,,1,"1",9128,18395
"00","1021","5","12B192","30","41234","3","1","0","01","-","1","1","1","41","06/11/1979","1","02","6","2","2","01","5","5","3","1","999999",1,,9128,0
"00","1021","5","12B192","30","41234","4","1","0","02","-","1","2","2","33","28/10/1987","1","07","4","2","5","07",,,,,,1,,9128,0
"00","1021","5","12B192","30","41234","2","1","0","02","-","1","3","1","19","30/10/2001","1","04","3","1","6","01","5","5","5","2","999999",1,,9128,0
"00","1021","5","12B192","30","41234","4","1","0","03","-","1","3","1","12","15/07/2009","1","02","3","1","6","06",,,,,,1,,9128,0
"00","1021","5","12B192","30","41234","1","1","0","01","-","1","1","1","67","20/05/1954","1","03","3","2","2","01","7","3","3","1","999999",1,"1",9128,9198
"00","1021","5","12B192","30","41234","4","1","0","01","-","1","1","1","37","08/10/1984","1","07","4","2","5","01","1","5","3","2","999999",1,"1",9128,27593
"00","1021","5","12B192","30","41234","3","1","0","03","-","1","7","2","05","05/10/2016","2","01","2","1",,,,,,,,1,,9128,0
"00","1021","5","12B192","30","41234","4","1","0","04","-","1","7","1","31","15/07/1990","1","07","4","2","6","01","3","5","3","2","999999",1,,9128,0
"00","1021","2","12A205","30","41261","3","1","0","02","-","1","2","2","66","04/06/1955","1","04","3","2","5","07",,,,,,1,,5951,0
"00","1021","2","12A205","30","41261","4","1","0","01","-","1","1","1","38","20/07/1983","1","07","4","2","6","01","1","5","2","1","999999",1,"1",5951,6025
"00","1021","2","12A205","30","41261","2","1","0","03","-","1","3","1","40","31/08/1981","1","07","5","2","6","01","3","5","3","2","999999",1,,5951,0
"00","1021","2","12A205","30","41261","3","1","0","01","-","1","1","1","66","14/01/1955","1","07","2","2","5","08",,,,,,1,"1",5951,12051
"00","1021","2","12A205","30","41261","2","1","0","01","-","1","1","1","71","11/04/1950","1","07","5","2","5","01","1","6","2","1","999999",1,,5951,0
"00","1021","2","12A205","30","41261","2","1","0","02","-","1","2","2","67","20/05/1954","1","07","5","2","5","01","3","5","3","2","999999",1,"1",5951,18076
"00","1021","1","12A206","30","41293","3","1","0","01","-","1","1","1","24","09/09/1997","1","07","4","2","6","01","5","5","3","3","007000",1,"1",6986,7073
"00","1021","1","12A206","30","41293","2","1","0","01","-","1","1","1","57","16/04/1964","1","04","3","2","5","01","7","2","2","1","004000",1,,6986,0
"00","1021","8","11A197","30","41293","3","1","0","01","-","1","1","2","58","21/08/1963","1","07","5","2","2","01","5","5","3","2","002800",1,"1",6616,6698
"00","1021","8","11A197","30","41293","2","1","0","02","-","1","3","1","52","24/07/1969","1","04","2","2","2","04",,,,,,1,,6616,0
"00","1021","8","11A197","30","41293","2","1","0","01","-","1","1","2","80","18/08/1941","1","04","3","2","4","01","5","5","3","1","000600",1,"1",6616,13396
"00","1021","1","12A206","30","41293","2","1","0","02","-","1","2","2","55","29/11/1965","1","07","4","2","5","01","5","5","3","2","999999",1,,6986,0
"00","1021","1","12A206","30","41293","2","1","0","04","-","1","3","1","18","26/09/2003","1","07","1","1","6","06",,,,,,1,"1",6986,28291
"00","1021","1","12A206","30","41293","2","1","0","03","-","1","3","2","21","30/07/2000","1","07","3","1","6","06",,,,,,1,,6986,0
"00","1021","8","11A197","30","41293","1","1","0","01","-","1","1","2","64","04/01/1957","1","07","4","2","6","08",,,,,,1,,6616,0
"00","1021","8","11A197","30","41293","1","1","0","02","-","1","7","2","84","10/04/1937","1","02","6","2","6","07",,,,,,1,"1",6616,13396
"00","1021","1","12A206","30","41293","1","1","0","01","-","1","1","1","31","24/11/1989","1","07","5","2","5","01","2","5","3","2","999999",1,"1",6986,14146
"00","1021","1","12A206","30","41293","1","1","0","03","-","1","3","1","00","27/12/2020",,,,,,,,,,,,1,,6986,0
"00","1021","1","12A206","30","41293","1","1","0","02","-","1","2","2","32","14/11/1988","1","07","5","2","5","07",,,,,,1,,6986,0
"00","1021","8","11A197","30","41293","4","1","1","02","-","1","6","2","38","15/11/1982","1","03","3","2","2","01","3","5","3","2","999999",1,"1",6616,13396
"00","1021","8","11A197","30","41293","4","1","1","04","-","1","7","2","04","04/01/2017",,,,,,,,,,,,1,,6616,0
"00","1021","8","11A197","30","41293","4","1","1","03","-","1","3","1","08","25/05/2013","1","02","2","1",,,,,,,,1,,6616,0
"00","1021","8","11A197","30","41293","4","1","1","01","-","1","1","2","41","06/10/1980","1","04","3","2","2","01","3","5","3","2","999999",1,,6616,0
"00","1021","5","13B192","30","41299","1","1","0","02","-","1","5","1","41","02/09/1980","1","04","3","2","1","01","5","6","3","2","999999",1,,5243,0
"00","1021","5","13B192","30","41299","1","1","0","04","-","1","5","1","07","05/06/2014","1","01","3","1",,,,,,,,1,,5243,0
"00","1021","5","13B192","30","41299","1","1","0","03","-","1","3","2","41","05/07/1980","1","06","3","2","1","01","3","5","3","2","999999",1,,5243,0
"00","1021","5","13B192","30","41299","1","1","0","01","-","1","1","2","77","13/08/1944","1","04","2","2","4","07",,,,,,1,"1",5243,15926
"00","1021","5","13B192","30","41299","3","1","0","03","-","1","3","1","10","19/02/2011","1","02","3","1",,,,,,,,1,,5243,0
"00","1021","5","13B192","30","41299","3","1","0","02","-","1","2","2","52","22/02/1969","1","06","3","2","5","07",,,,,,1,,5243,0
"00","1021","5","13B192","30","41299","3","1","0","01","-","1","1","1","58","04/05/1963","1","06","3","2","5","08",,,,,,1,"1",5243,10617
"00","1021","4","12A203","30","41418","3","1","0","04","-","1","7","2","19","02/03/2002","1","04","1","2","1","07",,,,,,1,,6861,0
"00","1021","4","12A203","30","41418","3","1","0","05","-","1","5","1","00","07/07/2021",,,,,,,,,,,,1,,6861,0
"00","1021","4","12A203","30","41418","4","1","0","01","-","1","1","2","54","18/04/1967","1","03","3","2","2","01","5","5","5","1","999999",1,,6861,0
"00","1021","4","12A203","30","41418","3","1","0","01","-","1","1","1","70","17/09/1951","1","02","6","2","5","04",,,,,,1,,6861,0
"00","1021","4","12A203","30","41418","4","1","0","02","-","1","3","2","35","10/02/1986","1","04","3","2","6","07",,,,,,1,"1",6861,13894
"00","1021","4","12A203","30","41418","2","1","0","01","-","1","1","2","53","03/07/1968","1","04","3","2","1","09",,,,,,1,"1",6861,13894
"00","1021","4","12A203","30","41418","2","1","0","02","-","1","2","1","56","24/06/1965","1","04","3","2","1","01","5","5","2","1","999999",1,,6861,0
"00","1021","4","12A203","30","41418","3","1","0","03","-","1","5","1","22","09/09/1999","1","04","3","2","1","04",,,,,,1,,6861,0
"00","1021","4","12A203","30","41418","4","1","0","03","-","1","5","2","03","09/04/2018",,,,,,,,,,,,1,,6861,0
"00","1021","4","12A203","30","41418","1","1","0","01","-","1","1","1","56","07/10/1965","1","03","3","2","2","01","5","6","2","1","002500",1,"1",6861,6947
"00","1021","4","12A203","30","41418","3","1","0","02","-","1","2","2","67","23/07/1954","1","02","6","2","5","07",,,,,,1,"1",6861,27788
"00","1021","7","11A198","31","40041","3","1","0","02","-","1","2","2","36","01/08/1985","1","03","3","2","1","07",,,,,,1,"1",6576,13253
"00","1021","7","11A198","31","40041","3","1","0","01","-","1","1","1","36","18/10/1984","1","04","3","2","1","01","5","5","2","1","999999",1,,6576,0
"00","1021","7","11A198","31","40041","2","1","0","01","-","1","1","1","60","25/06/1961","1","03","2","2","4","01","5","5","2","1","999999",1,,6576,0
"00","1021","7","11A198","31","40041","2","1","0","02","-","1","3","1","34","17/10/1986","1","06","3","2","6","01","5","5","3","3","020000",1,"1",6576,13253
"00","1021","5","11A198","31","40041","4","1","0","06","-","2",,,,,,,,,,,,,,,,1,,0,0
"00","1021","7","11A198","31","40041","4","1","0","02","-","1","3","2","41","21/12/1979","1","03","3","2","6","07",,,,,,1,"1",6576,39759
"00","1021","7","11A198","31","40041","4","1","0","09","-","1","3","1","03","03/10/2018",,,,,,,,,,,,1,,6576,0
"00","1021","7","11A198","31","40041","4","1","0","07","-","1","3","1","40","21/09/1981","1","04","3","2","5","01","4","4","3","1","999999",1,,6576,0
"00","1021","7","11A198","31","40041","1","1","0","04","-","1","3","2","22","18/03/1999","1","04","3","2","6","01","4","4","3","1","999999",1,"1",6576,19879
"00","1021","7","11A198","31","40041","1","1","0","02","-","1","2","1","49","08/11/1971","1","02","6","2","5","01","4","4","3","1","999999",1,,6576,0
"00","1021","7","11A198","31","40041","1","1","0","01","-","1","1","2","49","26/01/1972","1","03","3","2","5","07",,,,,,1,,6576,0
"00","1021","5","11A198","31","40041","1","1","0","03","-","2",,,,,,,,,,,,,,,,1,,0,0
"00","1021","7","11A198","31","40041","4","1","0","01","-","1","1","2","67","03/02/1954","1","00",,"2","5","07",,,,,,1,,6576,0
"00","1021","7","11A198","31","40041","4","1","0","03","-","1","3","2","31","03/11/1989","1","07","5","2","6","01","4","4","3","1","999999",1,,6576,0
"00","1021","7","11A198","31","40041","4","1","0","05","-","1","2","1","72","29/11/1948","1","02","3","2","5","01","4","4","3","1","999999",1,,6576,0
"00","1021","7","11A198","31","40041","4","1","0","08","-","1","5","2","10","31/05/2011","1","02","3","1",,,,,,,,1,,6576,0
"00","1021","7","11A198","31","40041","4","1","0","04","-","1","3","1","28","16/04/1993","1","07","5","2","6","05",,,,,,1,,6576,0
"00","1021","6","13B191","31","40075","4","1","0","01","-","1","1","1","55","19/05/1966","1","04","3","2","5","01","4","4","2","1","999999",1,,10702,0
"00","1021","6","13B191","31","40075","4","1","0","03","-","1","3","2","27","06/11/1993","1","07","5","1","6","01","1","5","2","1","999999",1,"1",10702,53984
"00","1021","6","13B191","31","40075","2","1","0","01","-","1","1","2","51","30/06/1970","1","04","2","2","2","01","4","4","3","2","003200",1,"1",10702,21594
"00","1021","6","13B191","31","40075","4","1","0","05","-","1","3","1","25","06/11/1995","1","07","4","2","6","01","1","5","3","2","999999",1,,10702,0
"00","1021","6","13B191","31","40075","4","1","0","02","-","1","2","2","49","11/07/1972","1","06","2","2","5","07",,,,,,1,,10702,0
"00","1021","6","13B191","31","40075","4","1","0","04","-","1","3","2","26","25/09/1995","1","07","4","2","6","01","1","5","3","2","999999",1,,10702,0
"00","1021","6","13B191","31","40075","2","1","0","02","-","1","2","1","30","28/09/1991","1","03","3","2","6","07",,,,,,1,,10702,0
"00","1021","6","11B191","31","40108","3","1","0","03","-","1","3","2","24","04/04/1997","1","04","3","1","6","06",,,,,,1,,7370,0
"00","1021","6","11B191","31","40108","3","1","0","02","-","1","2","1","53","13/06/1968","1","04","3","2","5","01","4","4","3","2","999999",1,"1",7370,22279
"00","1021","6","11B191","31","40108","3","1","0","04","-","1","3","1","17","11/07/2004","1","03","3","1","6","06",,,,,,1,,7370,0
"00","1021","6","11B191","31","40108","3","1","0","01","-","1","1","2","47","27/02/1974","1","04","3","2","5","01","3","5","3","2","999999",1,,7370,0
"00","1021","6","11B191","31","40108","2","1","0","03","-","1","3","2","03","08/08/2018",,,,,,,,,,,,1,,7370,0
"00","1021","6","11B191","31","40108","4","1","0","03","-","1","3","1","12","07/09/2009","1","02","5","1","6","06",,,,,,1,,7370,0
"00","1021","6","11B191","31","40108","2","1","0","02","-","1","2","2","33","15/01/1988","1","08","3","2","5","01","5","5","3","2","999999",1,,7370,0
"00","1021","6","11B191","31","40108","4","1","0","04","-","1","3","1","06","02/03/2015","2","01","2","1",,,,,,,,1,,7370,0
"00","1021","6","11B191","31","40108","4","1","0","02","-","1","2","2","36","27/10/1984","1","04","3","2","5","07",,,,,,1,"1",7370,14853
"00","1021","6","11B191","31","40108","1","1","0","02","-","1","2","2","24","15/02/1997","1","07","1","2","5","07",,,,,,1,,7370,0
"00","1021","6","11B191","31","40108","2","1","0","01","-","1","1","1","32","22/05/1989","1","07","4","2","1","01","5","5","3","2","999999",1,"1",7370,14853
"00","1021","6","11B191","31","40108","1","1","0","01","-","1","1","1","30","15/12/1990","1","04","2","2","5","01","5","5","3","1","999999",1,"1",7370,14853
"00","1021","6","11B191","31","40108","1","1","0","03","-","1","3","1","03","15/08/2018",,,,,,,,,,,,1,,7370,0
"00","1021","6","11B191","31","40108","4","1","0","01","-","1","1","1","38","19/01/1983","1","04","3","2","5","01","5","5","3","2","999999",1,,7370,0
"14","1021","3","12A204","31","40130","4","1","0","03","-","1","3","1","21","27/09/2000","2","04","3","2","6","01","5","5","3","1","999999",1,,6808,0
"14","1021","3","12A204","31","40130","4","1","0","02","-","1","7","1","71","04/10/1950","1","04","2","2","6","09",,,,,,1,,6808,0
"00","1021","3","12A204","31","40130","3","1","0","01","-","1","1","1","64","05/07/1957","1","03","3","2","6","08",,,,,,1,"1",6808,6893
"14","1021","3","12A204","31","40130","4","1","0","04","-","1","3","2","15","13/07/2006","1","03","3","1","6","06",,,,,,1,,6808,0
"14","1021","3","12A204","31","40130","4","1","0","01","-","1","1","2","38","07/07/1983","1","02","6","2","2","01","5","5","3","1","001500",1,,6808,0
"00","1021","2","11A205","31","40167","2","1","0","02","-","1","2","1","70","08/04/1951","1","03","3","2","5","01","5","4","5","1","999999",1,"1",7070,14247
"00","1021","2","11A205","31","40167","2","1","0","01","-","1","1","2","66","02/12/1954","2","02","3","2","5","07",,,,,,1,,7070,0
"00","1021","2","11A205","31","40167","1","1","0","01","-","1","1","1","55","11/01/1966","1","04","2","2","5","01","5","5","2","1","999999",1,,7070,0
"00","1021","2","11A205","31","40167","1","1","0","02","-","1","2","2","49","16/08/1972","2","06","1","2","5","07",,,,,,1,"1",7070,14247
"00","1021","2","11A205","31","40167","3","1","0","02","-","1","2","2","69","26/05/1952","1","03","3","2","5","01","4","4","2","1","999999",1,,7070,0
"00","1021","2","11A205","31","40167","3","1","0","01","-","1","1","1","64","16/09/1957","1","07","2","2","5","01","5","5","5","3","999999",1,"1",7070,14247
"00","1021","2","11A205","31","40167","4","1","0","01","-","1","1","1","31","22/12/1989","1","07","4","2","5","01","5","5","3","2","005200",1,"1",7070,14247
"00","1021","2","11A205","31","40167","4","1","0","02","-","1","2","2","29","01/11/1991","1","07","4","2","5","01","5","5","3","2","005200",1,,7070,0
"00","1021","2","13A205","31","40198","1","1","0","01","-","1","1","1","53","22/09/1968","1","07","4","2","5","01","5","5","3","2","999999",1,"1",8989,18139
"00","1021","2","13A205","31","40198","1","1","0","02","-","1","2","2","44","23/08/1977","1","07","4","2","5","01","5","5","3","2","999999",1,,8989,0
"00","1021","2","13A205","31","40198","1","1","0","04","-","1","3","2","10","09/03/2011","1","02","4","1",,,,,,,,1,,8989,0
"00","1021","2","13A205","31","40198","1","1","0","03","-","1","3","2","14","16/06/2007","1","03","2","1","6","06",,,,,,1,,8989,0
"00","1021","2","13A205","31","40198","2","1","0","01","-","1","1","2","46","26/11/1974","1","07","5","2","3","01","5","5","3","2","999999",1,"1",8989,9069
"00","1021","2","13A205","31","40198","3","1","0","02","-","1","4","2","74","11/11/1946","1","03","3","2","4","07",,,,,,1,,8989,0
"00","1021","2","13A205","31","40198","2","1","0","03","-","1","3","2","13","03/01/2008","1","03","1","1","6","06",,,,,,1,,8989,0
"00","1021","2","13A205","31","40198","3","1","0","03","-","1","3","2","23","31/08/1998","1","07","3","1","6","01","4","4","3","1","999999",1,,8989,0
"00","1021","2","13A205","31","40198","2","1","0","02","-","1","3","1","17","20/01/2004","1","04","2","1","6","06",,,,,,1,,8989,0
"00","1021","2","13A205","31","40198","3","1","0","01","-","1","1","2","45","20/09/1976","2","04","3","2","3","01","5","5","3","1","999999",1,"1",8989,27208
"00","1021","1","11A206","31","40295","1","1","0","04","-","1","3","2","07","28/08/2014","1","02","1","1",,,,,,,,1,,7144,0
"00","1021","1","11A206","31","40295","1","1","0","02","-","1","2","2","39","30/01/1982","1","07","4","2","5","01","4","4","3","2","999999",1,,7144,0
"00","1021","1","11A206","31","40295","1","1","0","03","-","1","3","2","14","20/06/2007","1","03","2","1","6","06",,,,,,1,,7144,0
"00","1021","1","11A206","31","40295","1","1","0","01","-","1","1","1","41","17/10/1979","1","06","3","2","5","01","4","4","2","1","999999",1,"1",7144,14396
"00","1021","1","11A206","31","40295","4","1","0","02","-","1","2","2","39","06/06/1982","1","07","4","2","5","01","4","4","3","2","999999",1,"1",7144,21594
"00","1021","1","11A206","31","40295","4","1","0","04","-","1","3","2","11","26/06/2010","1","02","5","1",,,,,,,,1,,7144,0
"00","1021","1","11A206","31","40295","2","1","0","01","-","1","1","2","24","15/02/1997","1","07","4","2","6","01","9","9","3","1","999999",1,"1",7144,21594
"00","1021","1","11A206","31","40295","4","1","0","01","-","1","1","1","43","03/02/1978","1","04","3","2","5","01","5","5","3","2","999999",1,,7144,0
"00","1021","1","11A206","31","40295","3","1","0","02","-","1","2","2","44","28/03/1977","1","04","3","2","5","07",,,,,,1,"1",7144,21594
"00","1021","1","11A206","31","40295","3","1","0","01","-","1","1","1","47","10/02/1974","1","04","2","2","5","01","5","5","3","1","999999",1,,7144,0
"00","1021","1","11A206","31","40295","3","1","0","03","-","1","3","1","22","10/05/1999","1","07","2","1","6","06",,,,,,1,,7144,0
"00","1021","1","11A206","31","40295","2","1","0","02","-","1","8","2","22","05/02/1999","1","07","4","2","6","07",,,,,,1,,7144,0
"00","1021","1","11A206","31","40295","2","1","0","03","-","1","8","2","19","01/11/2001","1","04","3","1","6","06",,,,,,1,,7144,0
"00","1021","1","11A206","31","40295","4","1","0","03","-","1","3","1","23","28/10/1997","1","07","1","1","6","01","4","4","3","1","999999",1,,7144,0
"00","1021","8","11A197","31","40324","2","1","0","01","-","1","1","2","39","25/09/1982","1","02","3","2","5","07",,,,,,1,"1",7623,38404
"00","1021","8","11A197","31","40324","2","1","0","03","-","1","3","1","22","05/01/1999","1","04","2","2","6","01","5","5","3","2","999999",1,,7623,0
"00","1021","8","11A197","31","40324","2","1","0","08","-","1","5","2","02","18/09/2019",,,,,,,,,,,,1,,7623,0
"00","1021","8","11A197","31","40324","2","1","0","07","-","1","5","2","21","01/11/1999","1","03","3","2","1","01","5","5","3","2","999999",1,,7623,0
"00","1021","8","11A197","31","40324","2","1","0","05","-","1","3","1","21","20/07/2000","1","03","3","2","1","01","4","4","3","2","999999",1,,7623,0
"00","1021","8","11A197","31","40324","2","1","0","06","-","1","5","2","17","15/06/2004","1","02","6","2","1","07",,,,,,1,,7623,0
"00","1021","8","11A197","31","40324","2","1","0","04","-","1","3","2","14","17/09/2007","1","03","1","1","6","06",,,,,,1,,7623,0
"00","1021","8","11A197","31","40324","2","1","0","02","-","1","2","1","46","08/07/1975","1","03","3","2","5","01","7","2","3","2","999999",1,,7623,0
"00","1021","8","11A197","31","40324","3","1","0","01","-","1","1","1","69","01/12/1951","2","03","3","2","5","01","5","5","2","1","999999",1,"1",7623,15361
"00","1021","8","11A197","31","40324","3","1","0","02","-","1","2","2","70","22/09/1951","1","00",,"2","5","07",,,,,,1,,7623,0
"00","1021","8","11A197","31","40324","4","1","0","02","-","1","6","2","58","09/07/1963","1","02","3","2","3","01","5","5","3","1","000400",1,"1",7623,7681
"00","1021","3","11A197","31","40324","4","1","0","01","-","2",,,,,,,,,,,,,,,,1,,0,0
"00","1021","8","11A197","31","40324","1","1","0","02","-","1","2","1","45","23/03/1976","1","04","1","2","5","01","5","5","2","1","999999",1,,7623,0
"00","1021","8","11A197","31","40324","1","1","0","03","-","1","3","2","23","14/10/1997","1","07","3","1","6","06",,,,,,1,,7623,0
"00","1021","8","11A197","31","40324","1","1","0","04","-","1","3","1","23","07/10/1998","2","04","2","1","6","06",,,,,,1,,7623,0
"00","1021","8","11A197","31","40324","1","1","0","01","-","1","1","2","46","02/09/1975","1","04","1","2","5","01","4","4","3","1","999999",1,"1",7623,30723
"00","1021","1","13A206","31","40357","3","1","0","01","-","1","1","1","31","05/03/1990","1","07","4","2","1","01","4","4","2","1","999999",1,,10107,0
"00","1021","1","13A206","31","40357","3","1","0","02","-","1","2","2","25","10/04/1996","1","07","4","2","1","01","5","5","2","1","999999",1,"1",10107,20394
"00","1021","1","13A206","31","40357","4","1","0","06","-","1","3","1","01","30/08/2020",,,,,,,,,,,,1,,10107,0
"00","1021","1","13A206","31","40357","4","1","0","03","-","1","4","2","46","05/02/1975","1","02","6","2","2","01","5","5","3","1","999999",1,"1",10107,30591
"00","1021","1","13A206","31","40357","4","1","0","05","-","1","3","2","06","02/01/2015","2","01","3","1",,,,,,,,1,,10107,0
"00","1021","1","13A206","31","40357","4","1","0","01","-","1","1","1","34","08/05/1987","1","07","4","2","5","01","4","4","3","2","999999",1,,10107,0
"00","1021","1","13A206","31","40357","2","1","0","01","-","1","1","1","26","30/01/1995","1","03","3","2","5","01","4","4","3","1","999999",1,"1",10107,20394
"00","1021","1","13A206","31","40357","2","1","0","02","-","1","2","2","25","22/08/1996","1","03","3","2","5","01","4","4","3","1","999999",1,,10107,0
"00","1021","1","13A206","31","40357","4","1","0","04","-","1","3","1","09","26/01/2012","1","02","3","1",,,,,,,,1,,10107,0
"00","1021","1","13A206","31","40357","4","1","0","02","-","1","2","2","32","08/12/1988","1","03","3","2","5","07",,,,,,1,,10107,0
"00","1021","1","13A206","31","40357","1","1","0","01","-","1","1","2","44","24/09/1977","1","03","3","2","3","01","5","5","3","2","002700",1,"1",10107,10197
"00","1021","8","12A197","31","40358","3","1","0","04","-","1","5","2","06","25/05/2015","2","01","2","1",,,,,,,,1,,6348,0
"00","1021","8","12A197","31","40358","1","1","0","03","-","1","3","1","36","14/08/1985","1","07","5","2","5","01","5","5","3","2","999999",1,,6348,0
"00","1021","8","12A197","31","40358","1","1","0","02","-","1","2","2","66","23/01/1955","1","02","6","2","5","07",,,,,,1,"1",6348,19283
"00","1021","8","12A197","31","40358","1","1","0","01","-","1","1","1","65","12/12/1955","1","02","5","2","5","08",,,,,,1,,6348,0
"00","1021","8","12A197","31","40358","3","1","0","05","-","1","5","1","02","02/10/2019",,,,,,,,,,,,1,,6348,0
"00","1021","8","12A197","31","40358","3","1","0","03","-","1","3","2","34","04/05/1987","1","04","3","2","2","01","4","4","3","2","999999",1,,6348,0
"00","1021","8","12A197","31","40358","3","1","0","01","-","1","1","2","61","22/06/1960","2","06","3","2","5","07",,,,,,1,"1",6348,19283
"00","1021","8","12A197","31","40358","3","1","0","02","-","1","2","1","60","10/01/1961","2","02","6","2","5","01","5","5","3","1","999999",1,,6348,0
"00","1021","8","12A197","31","40358","2","1","0","03","-","1","3","1","32","25/07/1989","1","07","5","2","6","02","4","4","6","5",,1,,6348,0
"00","1021","8","12A197","31","40358","2","1","0","01","-","1","1","1","74","21/09/1947","1","03","3","2","5","01","4","4","2","1","999999",1,,6348,0
"00","1021","8","12A197","31","40358","2","1","0","02","-","1","2","2","59","13/12/1961","1","00",,"2","5","07",,,,,,1,"1",6348,19283
"00","1021","4","12A203","31","40383","1","1","0","03","-","1","3","2","27","27/04/1994","1","07","4","2","6","05",,,,,,1,,6387,0
"00","1021","4","12A203","31","40383","3","1","0","03","-","1","3","2","09","01/07/2012","1","02","3","1",,,,,,,,1,,6387,0
"00","1021","4","12A203","31","40383","1","1","0","01","-","1","1","1","68","03/05/1953","1","07","4","2","5","08",,,,,,1,,6387,0
"00","1021","4","12A203","31","40383","1","1","0","04","-","1","3","1","26","12/05/1995","1","07","4","1","6","01","5","5","3","2","999999",1,,6387,0
"00","1021","4","12A203","31","40383","2","1","0","01","-","1","1","2","73","02/12/1947","1","03","3","2","4","07",,,,,,1,"1",6387,12934
"00","1021","4","12A203","31","40383","2","1","0","02","-","1","3","1","53","17/03/1968","1","03","3","2","6","01","5","5","3","1","999999",1,,6387,0
"00","1021","4","12A203","31","40383","4","1","0","02","-","1","2","1","75","30/06/1946","1","07","1","2","5","07",,,,,,1,,6387,0
"00","1021","4","12A203","31","40383","1","1","0","02","-","1","2","2","60","16/02/1961","1","03","2","2","5","08",,,,,,1,"1",6387,25869
"00","1021","4","12A203","31","40383","3","1","0","02","-","1","2","2","27","25/07/1994","1","03","3","2","1","07",,,,,,1,,6387,0
"00","1021","4","12A203","31","40383","3","1","0","01","-","1","1","1","45","29/01/1976","1","02","6","2","1","01","4","4","2","1","999999",1,"1",6387,12934
"00","1021","4","12A203","31","40383","4","1","0","01","-","1","1","2","75","30/06/1946","1","05","5","2","5","07",,,,,,1,"1",6387,12934
"00","1021","4","12A203","31","40383","3","1","0","04","-","1","3","2","04","20/09/2017",,,,,,,,,,,,1,,6387,0
"00","1021","5","12B192","31","40397","1","1","1","02","-","1","2","2","25","29/09/1996","2","07","5","2","1","01","5","5","3","2","004000",1,,6993,0
"00","1021","5","12B192","31","40397","1","1","1","01","-","1","1","1","26","22/12/1994","1","07","5","2","1","01","5","5","3","2","999999",1,"1",6993,14160
"00","1021","5","12B192","31","40397","3","1","0","01","-","1","1","1","23","12/06/1998","1","07","4","1","6","01","5","5","2","1","999999",1,"1",6993,7080
"00","1021","5","12B192","31","40397","4","1","0","03","-","2",,,,,,,,,,,,,,,,1,,0,0
"00","1021","5","12B192","31","40397","4","1","0","04","-","1","3","1","24","08/11/1996","1","07","4","2","6","04",,,,,,1,,6993,0
"00","1021","5","12B192","31","40397","4","1","0","01","-","1","1","1","54","21/10/1966","1","08","2","2","5","01","5","5","3","2","999999",1,,6993,0
"00","1021","5","12B192","31","40397","4","1","0","02","-","1","2","2","57","29/10/1963","1","07","5","2","5","01","5","5","3","2","999999",1,"1",6993,21240
"00","1021","3","11A204","32","40102","2","1","0","03","-","1","3","2","16","20/05/2005","1","03","3","1","6","06",,,,,,1,,9873,0
"00","1021","3","11A204","32","40102","2","1","0","02","-","1","3","2","23","20/09/1998","1","07","2","1","6","06",,,,,,1,"1",9873,29844
"00","1021","3","11A204","32","40102","2","1","0","01","-","1","1","1","47","01/04/1974","1","02","5","2","5","01","5","2","2","1","999999",1,,9873,0
"00","1021","3","11A204","32","40102","2","1","0","04","-","1","3","2","16","20/08/2005","1","03","3","1","6","06",,,,,,1,,9873,0
"00","1021","3","11A204","32","40102","2","1","0","05","-","1","2","2","44","12/08/1977","1","04","3","2","5","01","3","5","3","1","999999",1,,9873,0
"00","1021","3","11A204","32","40102","4","1","0","03","-","1","3","1","23","10/12/1997","1","07","3","2","5","01","5","5","2","1","002000",1,,9873,0
"00","1021","3","11A204","32","40102","4","1","0","08","-","1","5","1","00","14/07/2021",,,,,,,,,,,,1,,9873,0
"00","1021","3","11A204","32","40102","4","1","0","01","-","1","1","1","45","06/07/1976","1","99",,"2","5","01","5","3","2","1","002000",1,,9873,0
"00","1021","3","11A204","32","40102","4","1","0","07","-","1","5","2","23","02/06/1998","1","04","3","2","5","07",,,,,,1,,9873,0
"00","1021","3","11A204","32","40102","4","1","0","02","-","1","2","2","42","22/06/1979","1","99",,"2","5","01","5","5","2","1","000600",1,"1",9873,49740
"00","1021","3","11A204","32","40102","4","1","0","04","-","1","3","1","22","27/07/1999","1","04","2","2","6","04",,,,,,1,,9873,0
"00","1021","3","11A204","32","40102","4","1","0","06","-","1","5","1","01","02/04/2020",,,,,,,,,,,,1,,9873,0
"00","1021","3","11A204","32","40102","4","1","0","05","-","1","3","2","15","06/06/2006","1","04","1","1","6","01","5","4","3","1","000300",1,,9873,0
"00","1021","3","13A204","32","40132","2","1","0","01","-","1","1","1","55","23/12/1965","1","08","2","2","5","01","1","5","3","2","020000",1,"1",8232,16611
"00","1021","3","13A204","32","40132","2","1","0","04","-","1","3","2","02","05/04/2019",,,,,,,,,,,,1,,8232,0
"00","1021","3","13A204","32","40132","2","1","0","02","-","1","2","2","36","01/06/1985","1","08","2","1","5","06",,,,,,1,,8232,0
"00","1021","3","13A204","32","40132","2","1","0","03","-","1","3","1","08","20/03/2013","1","02","2","1",,,,,,,,1,,8232,0
"00","1021","3","13A204","32","40132","3","1","0","02","-","1","3","2","21","01/06/2000","1","07","1","1","6","01","5","5","2","1","999999",1,"1",8232,16611
"00","1021","3","13A204","32","40132","4","1","0","01","-","1","1","1","66","14/09/1955","1","07","5","2","6","01","4","5","2","3","007000",1,"1",8232,8305
"00","1021","3","13A204","32","40132","1","1","0","03","-","1","3","2","37","12/08/1984","1","07","5","2","5","01","1","5","3","2","007000",1,"1",8232,24916
"00","1021","3","13A204","32","40132","1","1","0","04","-","1","5","1","07","17/08/2014","1","01","3","1",,,,,,,,1,,8232,0
"00","1021","3","13A204","32","40132","1","1","0","01","-","1","1","2","65","25/04/1956","1","07","4","2","5","08",,,,,,1,,8232,0
"00","1021","3","13A204","32","40132","1","1","0","02","-","1","2","1","68","23/04/1953","1","07","5","2","5","08",,,,,,1,,8232,0
"00","1021","3","13A204","32","40132","3","1","0","01","-","1","1","2","52","24/07/1969","1","04","2","2","2","01","4","5","2","1","999999",1,,8232,0
"00","1021","2","12A205","32","40228","1","1","0","02","-","1","2","2","50","01/10/1971","1","03","3","2","5","07",,,,,,1,,6650,0
"00","1021","2","12A205","32","40228","1","1","0","04","-","1","3","2","09","28/12/2011","1","02","4","1",,,,,,,,1,,6650,0
"00","1021","2","12A205","32","40228","1","1","0","03","-","1","3","2","14","21/10/2006","1","03","3","1","6","06",,,,,,1,,6650,0
"00","1021","2","12A205","32","40228","1","1","0","01","-","1","1","1","48","16/05/1973","1","04","1","2","5","01","5","5","3","1","999999",1,"1",6650,13465
"00","1021","2","12A205","32","40228","4","1","0","01","-","1","1","1","73","02/04/1948","1","02","6","2","6","08",,,,,,1,"1",6650,6733
"00","1021","2","12A205","32","40228","4","1","0","02","-","2",,,,,,,,,,,,,,,,1,,0,0
"00","1021","2","12A205","32","40228","3","1","0","02","-","1","2","1","37","01/09/1984","1","03","3","2","1","01","5","5","3","1","001300",1,"1",6650,13465
"00","1021","2","12A205","32","40228","3","1","0","03","-","1","3","1","06","28/06/2015","2","01","3","1",,,,,,,,1,,6650,0
"00","1021","2","12A205","32","40228","3","1","0","01","-","1","1","2","31","21/10/1989","1","07","3","2","1","01","5","5","3","1","001300",1,,6650,0
"00","1021","2","12A205","32","40228","2","1","0","01","-","1","1","1","64","28/11/1956","1","02","6","2","2","08",,,,,,1,"1",6650,20198
"00","1021","2","12A205","32","40228","2","1","0","04","-","1","5","1","04","11/08/2017",,,,,,,,,,,,1,,6650,0
"00","1021","2","12A205","32","40228","2","1","0","02","-","1","3","1","21","13/12/1999","1","03","3","2","1","01","5","5","3","2","999999",1,,6650,0
"00","1021","2","12A205","32","40228","2","1","0","03","-","1","5","2","25","14/01/1996","1","04","3","2","1","01","5","5","3","3","999999",1,,6650,0
"00","1021","2","12A205","32","40228","4","1","0","03","-","2",,,,,,,,,,,,,,,,1,,0,0
"00","1021","6","12B191","32","40270","2","1","0","04","-","1","3","1","25","17/05/1996","1","07","5","2","6","04",,,,,,1,,6753,0
"00","1021","6","12B191","32","40270","3","1","0","01","-","1","1","1","60","02/07/1961","1","07","5","1","5","01","3","5","3","2","001700",1,"1",6753,27350
"00","1021","6","12B191","32","40270","3","1","0","05","-","1","3","1","25","16/08/1996","1","04","3","2","6","04",,,,,,1,,6753,0
"00","1021","5","12B191","32","40270","3","1","0","02","-","2",,,,,,,,,,,,,,,,1,,0,0
"00","1021","6","12B191","32","40270","3","1","0","04","-","1","3","1","24","02/11/1996","1","04","3","2","6","04",,,,,,1,,6753,0
"00","1021","6","12B191","32","40270","3","1","0","03","-","1","2","2","51","11/10/1969","1","07","5","2","5","07",,,,,,1,,6753,0
"00","1021","6","12B191","32","40270","2","1","0","03","-","1","3","2","31","29/01/1990","1","07","5","2","6","01","1","5","3","2","999999",1,,6753,0
"00","1021","6","12B191","32","40270","2","1","0","02","-","1","2","2","60","01/11/1960","1","07","5","2","5","08",,,,,,1,,6753,0
"00","1021","6","12B191","32","40270","2","1","0","01","-","1","1","1","59","27/02/1962","1","02","6","2","5","09",,,,,,1,"1",6753,27350
"00","1021","6","12B191","32","40270","2","1","0","05","-","1","5","2","08","12/02/2013","1","02","1","1",,,,,,,,1,,6753,0
"00","1021","5","12B191","32","40270","1","1","0","03","-","2",,,,,,,,,,,,,,,,1,,0,0
"00","1021","6","12B191","32","40270","1","1","0","02","-","1","3","2","42","16/03/1979","1","03","2","2","6","01","5","5","2","1","001000",1,,6753,0
"00","1021","6","12B191","32","40270","1","1","0","01","-","1","1","2","68","25/09/1953","1","02","2","2","4","07",,,,,,1,"1",6753,13675
"00","1021","8","12A197","32","40292","3","1","0","05","-","1","3","1","22","17/04/1999","1","07","1","1","6","06",,,,,,1,,6841,0
"00","1021","8","12A197","32","40292","2","1","1","02","-","1","2","2","33","29/08/1988","1","03","3","2","1","01","5","4","3","1","001700",1,,6841,0
"00","1021","8","12A197","32","40292","2","1","1","03","-","1","3","2","06","02/02/2015","2","01","1","1",,,,,,,,1,,6841,0
"00","1021","8","12A197","32","40292","2","1","1","01","-","1","1","1","34","02/03/1987","1","03","3","2","1","01","5","5","3","2","999999",1,"1",6841,13853
"00","1021","8","12A197","32","40292","1","1","0","02","-","1","2","2","41","18/06/1980","1","04","3","2","1","01","3","5","3","2","007000",1,,6841,0
"00","1021","8","12A197","32","40292","4","1","0","01","-","1","1","1","32","13/04/1989","1","07","5","2","1","01","5","5","2","1","001000",1,,6841,0
"00","1021","5","12A197","32","40292","3","1","0","03","-","2",,,,,,,,,,,,,,,,1,,0,0
"00","1021","8","12A197","32","40292","3","1","0","04","-","1","3","2","26","24/03/1995","1","08","2","2","6","01","1","5","3","2","003000",1,,6841,0
"00","1021","8","12A197","32","40292","3","1","0","02","-","1","2","2","58","03/03/1963","1","07","3","2","5","07",,,,,,1,,6841,0
"00","1021","8","12A197","32","40292","3","1","0","01","-","1","1","1","58","30/04/1963","1","07","5","2","5","01","1","5","3","2","003100",1,"1",6841,27706
"00","1021","8","12A197","32","40292","4","1","0","02","-","1","2","2","21","03/07/2000","1","04","3","2","1","04",,,,,,1,"1",6841,13853
"00","1021","8","12A197","32","40292","1","1","0","01","-","1","1","1","46","15/07/1975","1","07","5","2","1","01","5","5","2","1","003500",1,"1",6841,13853
"00","1021","1","12A206","32","40325","1","1","0","03","-","1","3","2","16","01/01/2005","1","04","1","1","6","06",,,,,,1,,6830,0
"00","1021","1","12A206","32","40325","1","1","0","01","-","1","1","1","49","08/10/1971","1","08","2","2","1","01","1","5","3","2","003000",1,,6830,0
"00","1021","1","12A206","32","40325","4","1","0","01","-","1","1","1","64","04/10/1957","1","07","5","2","5","08",,,,,,1,,6830,0
"00","1021","1","12A206","32","40325","4","1","0","03","-","1","3","2","27","19/03/1994","1","07","5","2","5","04",,,,,,1,"1",6830,20745
"00","1021","1","12A206","32","40325","4","1","0","02","-","1","2","2","61","24/05/1960","1","04","2","2","5","07",,,,,,1,,6830,0
"00","1021","1","12A206","32","40325","4","1","0","04","-","1","5","2","09","10/04/2012","1","02","3","1",,,,,,,,1,,6830,0
"00","1021","1","12A206","32","40325","3","1","0","02","-","1","2","2","55","04/09/1966","1","02","6","2","5","07",,,,,,1,"1",6830,27660
"00","1021","1","12A206","32","40325","3","1","0","04","-","1","5","2","36","10/07/1985","1","03","3","2","5","07",,,,,,1,,6830,0
"00","1021","1","12A206","32","40325","3","1","0","05","-","1","5","1","13","02/02/2008","1","03","1","1","6","06",,,,,,1,,6830,0
"00","1021","1","12A206","32","40325","3","1","0","01","-","1","1","1","59","03/09/1962","1","02","6","2","5","01","5","5","3","1","002000",1,,6830,0
"00","1021","1","12A206","32","40325","3","1","0","03","-","1","3","1","36","26/09/1985","1","03","3","2","5","01","5","5","3","1","999999",1,,6830,0
"00","1021","1","12A206","32","40325","2","1","0","03","-","1","3","2","01","03/02/2020",,,,,,,,,,,,1,,6830,0
"00","1021","1","12A206","32","40325","2","1","0","01","-","1","1","1","26","05/10/1995","1","04","1","2","5","01","5","2","3","2","003500",1,,6830,0
"00","1021","1","12A206","32","40325","2","1","0","02","-","1","2","2","27","02/12/1993","1","07","5","2","5","04",,,,,,1,"1",6830,13830
"00","1021","1","12A206","32","40325","1","1","0","02","-","1","2","2","39","05/08/1982","1","08","2","2","1","01","1","5","3","2","006000",1,"1",6830,13830
"00","1021","5","13A197","32","40328","3","1","0","06","-","2",,,,,,,,,,,,,,,,1,,0,0
"00","1021","5","13A197","32","40328","3","1","0","05","-","2",,,,,,,,,,,,,,,,1,,0,0
"00","1021","5","13A197","32","40328","3","1","0","02","-","2",,,,,,,,,,,,,,,,1,,0,0
"00","1021","8","13A197","32","40328","3","1","0","04","-","1","5","1","05","01/11/2015","2","01","2","1",,,,,,,,1,,7322,0
"00","1021","8","13A197","32","40328","4","1","0","01","-","1","1","2","49","12/07/1972","1","07","5","2","4","01","1","5","3","2","006000",1,"1",7322,14827
"00","1021","8","13A197","32","40328","1","1","0","03","-","1","7","1","26","05/01/1995","1","07","5","2","6","01","1","5","3","1","001200",1,"1",7322,14827
"00","1021","8","13A197","32","40328","3","1","0","03","-","1","3","2","21","05/11/1999","1","04","3","2","6","01","2","7","3","2","004000",1,,7322,0
"00","1021","8","13A197","32","40328","3","1","0","01","-","1","1","2","57","06/09/1964","1","03","3","2","4","01","5","5","3","1","001000",1,"1",7322,14827
"00","1021","8","13A197","32","40328","1","1","0","02","-","1","3","2","10","10/05/2011","1","02","2","1",,,,,,,,1,,7322,0
"00","1021","8","13A197","32","40328","1","1","0","01","-","1","1","2","46","16/08/1975","1","07","5","2","3","01","1","5","3","2","999999",1,,7322,0
"00","1021","8","13A197","32","40328","4","1","0","02","-","1","3","2","25","25/09/1996","1","07","5","2","6","01","1","5","3","2","002000",1,,7322,0
"00","1021","4","12A203","32","40352","4","1","0","04","-","1","3","1","27","06/01/1994","1","07","3","1","6","06",,,,,,1,,6863,0
"00","1021","4","12A203","32","40352","2","1","0","02","-","1","2","2","43","07/07/1978","1","08","3","2","5","01","1","5","3","3","015000",1,,6863,0
"00","1021","4","12A203","32","40352","2","1","0","01","-","1","1","1","48","17/12/1972","1","08","3","2","5","01","1","5","2","3","020000",1,"1",6863,13898
"00","1021","4","12A203","32","40352","2","1","0","03","-","1","3","2","16","03/07/2005","1","04","1","1","6","06",,,,,,1,,6863,0
"00","1021","4","12A203","32","40352","2","1","0","04","-","1","3","1","10","03/01/2011","1","02","4","1",,,,,,,,1,,6863,0
"00","1021","4","12A203","32","40352","3","1","0","02","-","1","5","2","20","11/12/2000","1","07","2","1","6","06",,,,,,1,"1",6863,13898
"00","1021","4","12A203","32","40352","3","1","0","01","-","1","1","2","64","05/07/1957","1","07","5","2","6","08",,,,,,1,,6863,0
"00","1021","4","12A203","32","40352","4","1","0","01","-","1","1","2","52","05/07/1969","1","08","2","1","6","08",,,,,,1,,6863,0
"00","1021","4","12A203","32","40352","4","1","0","02","-","1","3","1","24","21/10/1996","1","07","4","1","6","01","5","6","3","1","000200",1,"1",6863,27796
"00","1021","4","12A203","32","40352","4","1","0","03","-","1","3","1","21","21/10/1999","1","07","3","1","6","06",,,,,,1,,6863,0
"00","1021","4","12A203","32","40352","1","1","0","02","-","1","2","2","39","07/07/1982","1","03","3","2","1","07",,,,,,1,"1",6863,13898
"00","1021","4","12A203","32","40352","1","1","0","01","-","1","1","1","46","27/05/1975","1","04","3","2","1","01","5","5","3","1","001300",1,,6863,0
"00","1021","4","12A203","32","40352","1","1","0","03","-","1","3","1","13","26/08/2008","1","02","6","1","6","06",,,,,,1,,6863,0
"00","1021","4","12A203","32","40352","1","1","0","04","-","1","3","2","00","15/04/2021",,,,,,,,,,,,1,,6863,0
"00","1021","7","12A198","32","40361","4","1","0","08","-","1","5","1","02","19/07/2019",,,,,,,,,,,,1,,7802,0
"00","1021","7","12A198","32","40361","1","1","0","03","-","1","3","2","27","24/05/1994","1","07","3","1","6","06",,,,,,1,,7802,0
"00","1021","7","12A198","32","40361","3","1","1","01","-","1","1","1","55","02/04/1966","1","03","2","2","5","01","5","4","2","1","999999",1,"1",7802,7862
"00","1021","7","12A198","32","40361","4","1","0","02","-","1","2","2","52","15/08/1969","1","03","3","2","5","07",,,,,,1,,7802,0
"00","1021","7","12A198","32","40361","4","1","0","03","-","1","3","1","23","08/08/1998","1","02","6","2","1","01","5","2","3","1","001500",1,,7802,0
"00","1021","7","12A198","32","40361","4","1","0","01","-","1","1","1","57","04/08/1964","1","03","3","2","5","01","5","2","2","1","001500",1,"1",7802,47171
"00","1021","7","12A198","32","40361","4","1","0","04","-","1","3","1","22","15/08/1999","1","03","3","2","1","01","5","2","3","2","001500",1,,7802,0
"00","1021","7","12A198","32","40361","4","1","0","07","-","1","5","1","04","15/12/2016",,,,,,,,,,,,1,,7802,0
"00","1021","7","12A198","32","40361","4","1","0","05","-","1","5","2","22","12/12/1998","1","02","6","2","1","07",,,,,,1,,7802,0
"14","1021","7","12A198","32","40361","2","1","1","01","-","1","1","1","34","07/10/1987","1","03","3","2","1","01","5","4","3","1","001500",1,,7802,0
"14","1021","7","12A198","32","40361","2","1","1","02","-","1","2","2","24","28/10/1996","1","03","3","2","1","07",,,,,,1,,7802,0
"14","1021","7","12A198","32","40361","2","1","1","03","-","1","3","1","09","01/05/2012","1","02","2","1",,,,,,,,1,,7802,0
"14","1021","7","12A198","32","40361","2","1","1","04","-","1","3","1","06","17/02/2015","2","01","3","1",,,,,,,,1,,7802,0
"14","1021","7","12A198","32","40361","2","1","1","05","-","1","3","1","02","11/07/2019",,,,,,,,,,,,1,,7802,0
"00","1021","7","12A198","32","40361","1","1","0","01","-","1","1","1","56","13/11/1964","1","07","5","2","5","04",,,,,,1,,7802,0
"00","1021","7","12A198","32","40361","1","1","0","02","-","1","2","2","57","11/03/1964","1","07","3","2","5","01","3","5","3","2","004000",1,"1",7802,23586
"00","1021","7","12A198","32","40361","4","1","0","06","-","1","5","2","21","20/09/2000","1","02","6","2","1","07",,,,,,1,,7802,0
"00","1021","5","12B192","32","40399","4","1","0","07","-","1","3","1","47","03/09/1974","1","07","5","2","3","01","4","4","2","3","999999",1,,7135,0
"14","1021","5","12B192","32","40399","1","1","0","01","-","1","1","1","52","04/02/1969","1","04","3","2","5","01","2","5","3","2","999999",1,,7135,0
"14","1021","5","12B192","32","40399","1","1","0","02","-","1","2","2","51","06/08/1970","1","04","2","2","5","01","3","5","3","2","004800",1,,7135,0
"14","1021","5","12B192","32","40399","1","1","0","04","-","1","3","2","26","17/01/1995","1","07","5","2","6","01","3","5","3","2","002800",1,,7135,0
"14","1021","5","12B192","32","40399","1","1","0","05","-","1","3","2","14","15/05/2007","1","03","1","1","6","06",,,,,,1,,7135,0
"14","1021","5","12B192","32","40399","1","1","0","06","-","1","5","2","07","01/08/2014","1","02","2","1",,,,,,,,1,,7135,0
"14","1021","5","12B192","32","40399","1","1","0","03","-","1","3","1","28","04/11/1992","1","07","5","1","6","01","1","5","3","2","002400",1,,7135,0
"00","1021","5","12B192","32","40399","3","1","0","05","-","1","3","1","07","06/09/2014","1","02","1","1",,,,,,,,1,,7135,0
"00","1021","5","12B192","32","40399","3","1","0","01","-","1","1","1","42","13/10/1979","1","04","3","2","1","01","3","5","3","2","004100",1,,7135,0
"00","1021","5","12B192","32","40399","3","1","0","04","-","1","3","1","11","15/11/2009","1","02","6","1",,,,,,,,1,,7135,0
"00","1021","5","12B192","32","40399","3","1","0","02","-","1","2","2","40","18/01/1981","1","07","5","2","1","01","3","5","3","2","004100",1,"1",7135,14449
"00","1021","5","12B192","32","40399","3","1","0","03","-","1","3","2","12","17/09/2009","1","02","6","1","6","06",,,,,,1,,7135,0
"00","1021","5","12B192","32","40399","2","1","0","01","-","1","1","1","22","03/05/1999","1","07","4","1","6","06",,,,,,1,"1",7135,7224
"00","1021","5","12B192","32","40399","4","1","0","02","-","1","3","1","39","13/07/1982","1","09","3","2","6","01","3","2","3","2","999999",1,,7135,0
"00","1021","5","12B192","32","40399","4","1","0","06","-","1","5","1","07","21/03/2014","1","01","3","1",,,,,,,,1,,7135,0
"00","1021","5","12B192","32","40399","4","1","0","04","-","1","5","1","41","15/03/1980","1","07","5","2","5","01","1","2","3","2","999999",1,,7135,0
"00","1021","5","12B192","32","40399","4","1","0","03","-","1","3","2","41","31/05/1980","1","08","2","2","5","01","1","5","3","2","006000",1,,7135,0
"00","1021","5","12B192","32","40399","4","1","0","01","-","1","1","2","75","11/12/1945","1","03","3","2","4","07",,,,,,1,"1",7135,36122
"00","1021","5","12B192","32","40399","4","1","0","05","-","1","5","2","13","14/02/2008","1","02","6","1","6","06",,,,,,1,,7135,0
