PER,N_ENT,FOL,ENT,CON,V_SEL,N_HOG,H_MUD,N_REN,P1,P2,P3_1,P3_2,P3_3,P3_4,P3_5,P3_6,P3_7,P3_8,P3_9,P3_10,P3_11,P4_1,P4_2,P4_3,P4_4,P4_5,P4_6,P4_7,P4_8,P4_9,P4_10,P5_1,P5_2,P5_3,P5_4,P5_5,P5_6,P5_7,P5_8,P5_9,P5_10,P5_11,P5_12,TIPO,FAC_MOD
1022,7,12A204,01,40005,3,1,0,01,10,10,10,10,10,10,10,10,10,10,10,9,0,5,8,8,10,10,5,1,1,0,0,10,9,9,10,8,8,7,10,10,10,7,5,1,39824
1022,7,12A204,01,40005,1,1,0,01,10,8,10,10,10,10,10,10,10,10,10,10,2,10,10,10,10,10,0,0,0,0,0,9,9,9,10,10,10,5,10,10,10,8,6,1,29868
1022,7,12A204,01,40005,4,1,0,01,8,8,8,8,10,8,10,10,8,10,10,8,3,5,8,7,10,10,5,1,2,0,0,8,8,8,10,7,10,0,10,10,10,8,6,1,19912
1022,7,12A204,01,40005,2,1,0,01,9,9,9,10,10,10,10,10,10,10,8,8,3,10,10,9,10,10,0,0,1,0,0,9,10,8,10,8,9,6,10,10,10,9,7,1,19912
1022,3,11A218,01,40029,2,1,0,04,8,8,8,8,10,10,9,10,8,9,6,8,0,10,9,9,9,10,0,1,1,1,0,8,8,7,8,7,8,5,10,8,8,7,5,1,31308
1022,3,11A218,01,40029,1,1,0,01,10,9,10,10,10,10,10,10,10,10,10,8,0,10,9,9,10,10,0,1,1,0,0,8,10,7,8,7,10,4,10,10,10,9,7,1,15654
1022,3,11A218,01,40029,3,1,0,01,8,8,8,10,10,10,10,10,8,10,7,8,0,10,9,9,9,10,0,1,1,1,0,8,8,8,10,8,10,0,10,8,8,8,7,1,23481
1022,3,11A218,01,40029,4,1,0,01,9,8,9,9,10,10,10,10,10,10,8,8,0,10,10,9,10,10,0,0,1,0,0,9,10,9,9,9,8,0,10,10,9,8,5,1,23481
1022,3,12A218,01,40095,1,1,0,01,9,8,8,10,10,10,10,10,10,10,10,8,4,10,10,7,9,10,0,0,2,1,0,8,8,8,10,8,10,7,10,10,10,9,5,1,7053
1022,3,12A218,01,40095,2,1,0,02,10,10,10,10,10,10,10,10,10,10,10,9,2,5,8,9,10,10,5,2,1,0,0,10,10,10,10,10,10,5,10,10,10,9,5,1,21159
1022,3,12A218,01,40095,3,1,0,01,8,8,10,10,10,10,10,10,10,10,10,9,3,10,10,9,10,10,0,0,1,0,0,9,8,8,10,10,10,0,10,10,10,8,5,1,21159
1022,3,12A218,01,40095,4,1,0,01,10,10,10,10,10,10,10,10,10,10,10,9,4,10,10,10,10,10,0,0,0,0,0,10,10,8,10,8,10,6,10,10,10,9,6,1,7053
1022,6,12A205,01,40165,2,1,0,02,9,7,10,9,7,7,9,10,8,10,10,8,4,8,8,5,7,8,0,0,3,2,0,8,8,8,8,7,7,8,9,8,7,8,8,1,23909
1022,6,12A205,01,40165,3,1,0,01,8,7,9,8,8,7,8,8,8,9,8,9,4,6,5,5,7,7,4,4,5,2,3,8,9,7,8,8,6,5,7,9,5,9,8,1,15940
1022,6,12A205,01,40165,4,1,0,03,10,10,10,10,10,10,10,10,10,10,8,10,2,9,9,8,10,9,0,0,2,0,0,9,10,8,9,9,8,5,10,10,5,10,7,1,23909
1022,6,12A205,01,40165,1,1,0,02,10,8,10,10,10,9,10,10,9,10,10,9,0,10,10,10,10,10,0,0,0,0,0,9,9,9,8,9,8,8,9,9,7,10,8,1,23909
1022,2,12B211,01,40188,1,1,0,01,9,6,10,8,8,9,10,10,8,10,7,8,3,7,5,6,8,7,2,5,3,1,0,9,9,9,9,7,6,4,9,7,4,7,5,1,15594
1022,2,12B211,01,40188,2,1,0,01,8,6,9,6,8,7,7,10,7,10,5,7,4,7,6,7,8,5,2,4,3,1,4,7,9,5,8,5,5,2,7,7,7,8,5,1,23390
1022,2,12B211,01,40188,3,1,0,01,10,9,10,9,10,10,10,10,10,10,10,9,2,8,5,7,8,8,0,3,3,1,0,9,8,9,9,9,9,8,10,9,9,10,9,1,15594
1022,2,12B211,01,40188,4,1,0,02,8,7,8,8,8,7,8,10,7,10,10,8,5,5,6,5,7,5,4,3,5,3,3,7,5,7,8,5,5,2,7,8,6,5,2,1,15594
1022,5,13A206,01,40294,4,1,0,01,10,10,10,10,10,10,10,10,10,10,10,10,0,10,10,10,10,10,0,0,0,0,0,10,10,10,10,9,10,6,10,10,10,8,6,1,18453
1022,5,13A206,01,40294,3,1,0,01,10,8,10,10,10,10,10,10,10,10,7,10,0,10,10,10,10,10,0,0,0,0,0,10,10,9,10,9,8,0,10,10,9,9,6,1,27679
1022,5,11A206,01,40324,4,1,0,01,10,10,10,10,10,10,10,10,10,10,7,10,0,10,10,10,10,10,0,0,0,0,0,10,10,9,10,10,7,5,10,10,10,8,0,1,13922
1022,5,11A206,01,40324,2,1,0,02,9,8,8,8,10,8,10,10,8,10,10,8,3,10,10,8,10,10,0,0,2,0,0,8,8,8,9,8,10,6,10,10,10,9,5,1,13922
1022,5,11A206,01,40324,1,1,0,01,8,8,8,10,10,8,10,10,8,10,10,8,3,10,10,10,10,10,0,0,0,0,0,8,8,9,10,9,10,6,10,10,10,9,6,1,20883
1022,5,11A206,01,40324,3,1,0,01,10,10,10,10,10,10,10,10,10,10,10,10,2,10,9,9,10,10,0,1,1,0,0,9,9,9,9,9,8,7,10,10,10,8,7,1,13922
1022,1,11B212,01,40350,1,1,0,01,7,8,8,7,10,8,8,10,7,10,10,7,4,10,8,8,7,10,0,1,1,2,0,7,7,10,8,7,8,5,8,10,10,8,6,1,7299
1022,1,11B212,01,40350,2,1,0,02,10,10,10,10,10,10,10,10,10,10,10,10,2,10,10,10,10,10,0,0,0,0,0,10,8,10,10,10,10,6,10,10,10,9,6,1,36494
1022,1,11B212,01,40350,3,1,0,02,10,10,10,10,10,10,10,10,10,10,7,8,0,10,10,10,10,10,0,0,0,0,0,9,10,9,9,9,8,0,10,10,8,8,5,1,29195
1022,1,11B212,01,40350,4,1,0,03,9,8,10,10,10,10,10,10,10,10,10,7,2,10,10,10,10,10,0,0,0,0,0,8,8,8,10,9,10,5,10,10,9,9,5,1,29195
1022,1,13B212,01,40355,2,1,0,02,9,9,10,10,10,10,10,10,9,10,10,9,2,10,10,10,10,10,0,0,0,0,0,10,10,10,10,9,10,5,10,10,10,9,5,1,39408
1022,1,13B212,01,40355,1,1,0,01,8,7,9,9,9,9,9,9,9,10,9,9,2,10,10,10,10,10,0,0,0,0,0,9,9,7,8,8,9,7,9,10,10,9,7,1,29556
1022,1,13B212,01,40355,4,1,0,02,9,8,10,10,10,9,10,10,9,10,10,9,3,10,10,10,10,10,0,0,0,0,0,9,9,9,10,9,8,4,10,10,10,8,6,1,29556
1022,1,13B212,01,40355,3,1,0,02,8,8,8,8,10,8,10,10,8,10,8,8,0,10,10,9,10,10,0,0,1,0,0,8,10,8,8,8,8,0,10,10,8,8,6,1,19704
1022,8,11A203,01,40387,2,1,0,02,9,8,10,10,10,8,10,10,10,10,10,9,2,10,10,10,10,10,0,0,0,0,0,8,8,9,10,9,10,7,10,10,10,9,7,1,15591
1022,8,11A203,01,40387,3,1,0,01,8,7,8,10,10,10,10,10,8,10,10,9,3,10,8,8,10,10,0,1,1,0,0,8,7,8,10,7,10,5,10,10,10,8,6,1,23387
1022,8,11A203,01,40387,4,1,0,02,7,6,8,8,10,8,8,10,8,10,7,7,0,5,7,8,9,8,5,3,2,1,0,7,8,7,8,8,8,6,10,8,8,8,5,1,15591
1022,8,11A203,01,40387,1,1,0,01,8,7,10,8,10,10,10,10,10,10,10,7,2,10,7,7,10,10,0,3,2,0,0,8,10,8,8,8,10,5,10,8,10,8,6,1,7796
1022,4,12A217,01,40411,4,1,0,03,10,10,10,10,10,10,10,10,10,10,10,8,3,10,10,10,10,10,0,0,0,0,0,10,10,8,10,8,10,6,10,10,10,9,7,1,19395
1022,4,12A217,01,40411,1,1,0,02,8,8,8,10,10,10,10,10,10,10,10,8,4,10,10,9,10,10,0,0,1,0,0,9,8,8,10,7,10,5,10,10,10,8,6,1,12930
1022,4,12A217,01,40411,2,1,0,02,10,10,10,10,10,10,10,10,10,10,10,10,2,10,10,10,10,10,0,0,0,0,0,10,10,10,10,9,10,0,10,10,9,9,7,1,12930
1022,8,12A203,01,40419,2,1,0,01,10,10,10,10,10,10,10,10,10,10,10,9,0,10,10,10,10,10,0,0,0,0,0,10,10,9,10,10,9,7,10,10,10,8,5,1,17162
1022,8,12A203,01,40419,1,1,0,02,8,8,10,10,10,10,10,10,10,10,10,8,2,10,10,10,10,10,0,0,0,0,0,8,8,8,10,10,10,6,10,10,10,8,5,1,25742
1022,8,12A203,01,40419,3,1,0,01,10,10,10,10,10,10,10,10,10,10,8,9,2,10,10,10,10,10,0,0,0,0,0,10,10,9,10,10,8,3,10,10,8,8,6,1,25742
1022,8,12A203,01,40419,4,1,0,02,8,8,8,8,10,10,10,10,10,10,10,8,4,5,9,7,10,8,5,1,2,0,0,8,8,8,8,8,8,5,10,10,8,8,5,1,17162
1022,7,11A204,02,40034,3,1,0,02,10,10,10,10,10,10,10,10,10,10,10,10,0,10,10,10,9,10,0,0,0,1,0,9,10,9,10,10,10,5,10,6,0,8,7,1,22870
1022,7,11A204,02,40034,4,1,0,02,9,8,9,8,8,9,9,10,9,9,9,8,5,8,9,7,9,8,1,0,2,1,0,8,9,8,9,8,8,7,9,9,8,8,8,1,15246
1022,7,11A204,02,40034,1,1,0,03,9,9,10,10,9,8,9,10,9,8,8,9,2,8,8,8,8,8,2,2,2,0,0,9,9,9,8,9,9,6,9,9,7,7,7,1,22870
1022,7,13A204,02,40099,2,1,0,01,9,9,9,8,9,9,9,9,8,8,9,8,2,8,9,8,9,8,0,0,1,0,0,10,8,10,9,8,8,7,10,10,10,8,7,1,53244
1022,7,13A204,02,40099,4,1,0,03,8,8,9,8,10,9,9,9,9,8,8,9,4,8,8,8,9,9,0,0,1,0,0,8,9,9,9,9,8,7,9,8,9,8,6,1,133110
1022,3,11A218,02,40124,3,1,0,01,8,8,10,10,10,10,10,7,10,10,0,10,0,8,10,10,10,8,2,0,0,0,0,8,10,7,10,8,7,5,8,7,10,6,3,1,17772
1022,3,11A218,02,40124,4,1,0,01,8,8,10,7,10,6,7,5,8,8,7,7,4,7,7,6,10,8,3,3,3,0,0,8,10,8,8,7,6,5,10,8,10,5,5,1,8886
1022,3,13A218,02,40161,3,1,0,01,9,9,10,10,10,10,10,10,7,10,7,9,2,8,8,8,8,8,2,2,2,0,0,10,9,9,9,9,8,8,9,10,8,7,7,1,19796
1022,3,13A218,02,40161,2,1,0,01,0,5,8,9,10,10,10,10,8,10,7,10,0,10,10,10,10,10,0,0,0,0,0,7,10,8,10,8,10,0,10,10,10,0,4,1,29694
1022,3,13A218,02,40161,1,1,0,03,7,10,8,10,10,9,9,10,10,10,7,7,3,5,5,6,5,5,5,5,4,4,5,7,8,8,9,9,7,8,8,7,5,7,7,1,39593
1022,2,12B211,02,40191,3,1,0,01,10,6,8,10,7,10,10,9,10,10,10,9,5,7,6,7,5,5,3,3,2,5,4,10,10,9,9,10,8,4,8,10,10,8,6,1,5276
1022,2,12B211,02,40191,4,1,0,01,8,8,10,8,9,8,8,10,10,10,7,9,0,9,9,9,9,9,1,0,0,0,0,10,10,10,10,10,10,7,10,10,10,10,8,1,15830
1022,2,11B211,02,40255,2,1,0,02,8,8,9,10,10,10,10,10,10,10,10,10,7,4,5,10,10,6,3,3,0,0,0,9,10,10,10,9,10,9,9,9,9,9,8,1,20478
1022,2,11B211,02,40255,4,1,0,02,8,5,8,10,10,10,10,10,10,10,8,10,5,7,8,10,8,8,2,0,0,1,0,8,7,5,8,10,7,4,8,8,10,7,3,1,10239
1022,2,11B211,02,40255,1,1,0,01,7,6,8,8,8,8,10,9,9,10,7,7,6,9,8,8,10,8,1,1,2,0,1,8,8,7,8,10,5,5,8,8,8,6,3,1,5119
1022,2,11B211,02,40255,3,1,1,01,8,8,10,5,10,10,8,8,6,0,8,6,2,9,9,8,8,8,0,0,0,0,0,8,10,0,5,5,8,0,8,8,8,0,5,1,5119
1022,6,12A205,02,40259,3,1,0,02,9,8,9,6,9,7,9,9,7,7,9,8,7,8,9,8,7,10,1,1,1,3,0,9,7,9,8,8,8,7,9,9,5,5,8,1,14075
1022,6,12A205,02,40259,2,1,0,02,9,8,10,10,9,9,9,9,8,9,5,9,2,8,8,9,10,9,1,0,1,0,0,9,10,9,10,10,10,8,10,8,8,8,7,1,21112
1022,6,12A205,02,40259,1,1,0,01,10,10,10,10,10,10,10,10,10,10,10,10,0,10,10,10,10,10,0,0,0,0,0,10,10,10,10,10,10,8,10,10,10,10,10,1,14075
1022,6,12A205,02,40259,4,1,0,02,9,9,10,10,9,9,9,10,8,8,5,9,1,10,9,9,10,9,0,0,1,0,0,9,10,9,10,9,8,5,10,9,9,7,5,1,28149
1022,6,11A205,02,40260,2,1,0,02,8,8,9,9,9,9,9,9,9,8,9,8,3,9,4,7,10,0,0,0,2,0,0,8,8,9,8,9,2,0,8,8,0,0,2,1,38845
1022,6,11A205,02,40260,4,1,0,01,8,8,8,7,10,5,7,5,7,6,5,5,4,8,8,8,5,5,2,0,0,4,0,8,9,7,8,7,10,8,7,10,10,8,8,1,7769
1022,6,11A205,02,40260,1,1,1,02,5,3,5,8,10,6,8,8,10,10,8,9,4,6,5,5,10,6,4,4,4,0,3,7,0,5,8,8,10,5,8,6,9,6,5,1,15538
1022,6,11A205,02,40260,3,1,0,01,8,8,9,8,10,8,9,10,9,10,10,10,8,6,6,6,8,8,3,3,3,2,0,9,8,9,9,9,9,7,9,9,8,7,7,1,7769
1022,4,11A217,02,40313,3,1,0,03,8,8,8,9,10,7,7,5,8,9,5,9,5,8,8,8,9,8,2,0,0,0,0,8,9,7,7,8,5,5,8,8,9,5,5,1,28309
1022,4,11A217,02,40313,4,1,0,01,8,7,9,9,9,9,10,10,8,8,7,9,0,10,9,9,10,9,0,0,1,0,0,9,10,9,9,9,8,7,10,7,6,8,8,1,7077
1022,8,13A203,02,40349,4,1,0,01,9,9,8,8,10,10,9,10,10,8,8,9,8,7,9,9,8,9,2,0,0,0,0,9,10,8,9,9,8,5,9,9,8,10,10,1,24189
1022,8,13A203,02,40349,3,1,0,04,9,8,9,10,8,10,9,10,8,10,7,8,3,8,8,6,10,7,2,1,3,0,0,9,10,10,10,10,8,0,8,8,8,7,8,1,36285
1022,4,12A217,02,40375,2,1,0,01,9,8,9,9,9,10,10,9,9,9,8,9,5,9,9,9,10,9,0,1,1,0,0,9,10,9,9,8,8,7,10,10,9,8,8,1,12732
1022,4,12A217,02,40375,1,1,0,01,7,8,8,10,10,9,10,10,8,7,8,8,1,9,9,10,9,9,0,0,0,0,0,9,9,9,9,9,10,4,9,9,9,5,3,1,12732
1022,4,12A217,02,40375,4,1,0,01,10,9,10,10,10,9,9,10,10,8,8,9,5,8,7,8,8,8,1,2,2,1,1,9,9,10,9,8,9,3,9,10,9,8,8,1,6367
1022,8,11A203,02,40381,2,1,1,02,9,10,10,8,10,10,10,8,9,10,10,8,5,7,8,6,10,8,2,0,3,0,0,8,8,9,10,8,10,5,10,7,9,5,8,1,16905
1022,8,11A203,02,40381,1,1,0,02,8,8,10,7,10,10,9,10,8,9,5,8,4,9,9,8,9,10,1,0,0,0,0,4,6,8,10,8,10,5,7,10,9,4,6,1,42262
1022,8,11A203,02,40381,3,1,0,01,10,9,9,10,10,10,10,9,9,10,8,8,3,9,9,8,10,8,0,1,2,0,0,8,10,8,10,9,6,5,10,8,10,6,6,1,8452
1022,8,11A203,02,40381,4,1,0,02,8,8,9,8,9,8,9,9,10,8,8,9,9,9,9,9,9,8,0,0,0,0,0,8,8,8,8,8,8,6,9,9,9,6,6,1,16905
1022,1,12B212,02,40382,2,1,0,02,10,10,10,10,10,10,10,10,10,10,10,10,9,10,10,10,10,10,0,0,0,0,0,10,10,10,10,9,10,5,10,10,10,7,7,1,21859
1022,1,12B212,02,40382,4,1,0,01,8,7,8,8,6,7,8,10,10,8,2,8,5,9,8,5,8,7,1,1,4,2,1,8,8,8,8,7,7,7,8,7,8,8,8,1,14573
1022,5,12A206,02,40391,1,1,0,02,8,8,9,10,8,9,9,9,8,8,6,7,0,4,5,2,5,8,6,5,7,4,0,8,9,8,9,8,2,8,5,8,8,8,8,1,33112
1022,5,12A206,02,40391,2,1,0,01,9,8,10,10,10,10,10,10,10,10,9,10,0,10,9,10,10,9,0,0,0,0,0,10,10,10,9,10,9,7,10,10,10,10,10,1,33112
1022,7,12A204,03,40002,2,1,0,01,8,8,8,9,7,10,9,9,7,9,8,10,0,10,8,6,8,8,0,1,0,2,2,8,8,9,9,7,7,5,10,8,7,9,9,1,13944
1022,7,12A204,03,40002,3,1,1,01,8,8,9,10,9,10,9,9,10,9,2,9,0,9,9,8,9,8,1,1,1,1,0,8,10,8,9,10,8,7,9,9,9,8,7,1,6972
1022,3,12A218,03,40082,3,1,0,01,9,9,8,8,9,9,9,8,9,10,9,9,0,8,7,8,8,7,1,2,1,0,2,7,8,8,9,8,5,5,9,7,8,8,8,1,10310
1022,3,12A218,03,40082,2,1,0,02,8,8,8,9,9,10,9,10,10,9,9,10,3,8,10,9,9,9,1,0,0,1,0,7,10,8,10,9,8,4,9,8,8,9,8,1,20618
1022,3,12A218,03,40082,1,1,0,02,9,8,10,10,9,10,9,10,9,8,10,10,1,9,9,9,8,8,1,0,1,1,0,9,9,9,10,9,10,3,9,9,9,9,8,1,20618
1022,3,12A218,03,40082,4,1,0,01,8,9,9,9,9,8,9,10,8,9,8,9,1,8,8,8,8,7,2,2,2,1,2,8,9,8,9,8,9,7,9,8,8,9,9,1,20618
1022,6,12A205,03,40170,1,1,0,01,8,6,9,7,3,7,9,9,2,1,1,7,9,10,8,6,8,8,0,1,4,0,0,8,8,8,8,8,6,7,8,9,10,10,5,1,20284
1022,6,12A205,03,40170,4,1,0,01,8,8,8,8,9,9,10,10,10,10,8,8,8,7,5,7,7,8,2,4,2,3,2,0,9,8,10,9,8,8,8,8,9,9,9,1,10143
1022,6,12A205,03,40170,2,1,0,01,10,10,9,9,10,10,9,10,10,10,0,10,0,10,10,10,10,10,0,0,0,0,0,10,9,10,10,10,10,5,10,9,9,10,10,1,10143
1022,6,12A205,03,40170,3,1,0,01,10,10,10,9,10,9,10,10,10,10,5,10,2,9,8,8,9,8,0,1,2,1,1,8,10,10,10,10,10,7,10,8,9,9,7,1,10143
1022,1,11B212,03,40192,4,1,0,01,2,1,5,5,4,3,7,5,6,7,7,5,1,5,7,8,8,6,2,2,1,2,3,6,8,8,8,6,1,4,8,7,8,9,7,1,7789
1022,1,11B212,03,40192,1,1,0,01,9,9,9,9,10,9,10,10,9,8,5,9,0,7,7,8,8,8,2,0,0,1,0,9,9,8,9,8,4,6,8,8,8,9,8,1,7789
1022,1,11B212,03,40192,3,1,0,03,9,5,10,10,8,10,10,10,10,10,5,10,1,10,9,9,9,9,0,1,1,0,1,9,10,8,10,9,9,5,10,10,8,9,6,1,31155
1022,1,11B212,03,40192,2,1,0,01,6,5,7,5,9,7,8,8,9,7,2,5,2,8,7,8,7,7,2,2,2,2,2,7,6,6,6,7,7,4,7,6,4,7,6,1,15577
1022,2,12B211,03,40249,2,1,0,01,8,9,9,9,9,10,9,10,9,9,8,9,0,8,7,6,8,8,1,1,2,1,2,8,10,8,10,9,6,8,9,8,8,8,7,1,15911
1022,2,12B211,03,40249,3,1,0,01,8,7,8,8,8,9,9,8,8,8,9,9,2,9,9,9,9,9,0,0,0,0,0,7,6,8,7,8,5,8,8,8,9,3,5,1,7955
1022,2,12B211,03,40249,4,1,0,01,7,8,9,10,9,8,10,10,8,10,9,9,4,6,7,6,7,1,2,3,1,0,2,8,8,7,9,7,9,7,9,9,9,8,8,1,15911
1022,2,12B211,03,40249,1,1,0,01,10,10,10,10,10,10,10,10,1,10,0,10,0,10,9,10,10,8,0,1,0,0,2,8,10,10,10,10,9,4,10,10,10,10,6,1,15911
1022,8,13A203,03,40277,4,1,0,03,7,7,9,8,9,7,9,8,9,9,10,9,3,9,8,7,6,7,1,2,2,2,3,7,8,9,10,7,8,5,8,9,9,10,10,1,38174
1022,8,13A203,03,40277,3,1,0,01,9,8,9,9,9,9,10,10,9,10,9,9,0,8,9,9,8,9,1,0,1,1,0,9,10,8,10,9,8,9,9,9,9,8,8,1,38174
1022,5,13A206,03,40283,3,1,0,01,9,8,9,7,9,9,10,9,10,9,10,9,0,8,7,8,8,9,2,1,2,2,1,8,7,10,10,8,9,7,9,9,9,9,8,1,10548
1022,5,13A206,03,40283,2,1,0,01,9,9,9,10,10,10,10,10,10,9,4,9,0,10,9,10,9,9,0,0,0,0,1,8,8,9,9,8,9,4,9,10,9,9,9,1,10548
1022,5,13A206,03,40283,4,1,0,01,7,7,8,9,10,8,10,9,6,9,10,9,0,8,7,6,8,8,1,2,2,1,1,8,9,8,9,7,8,5,8,8,8,8,7,1,21097
1022,4,12A217,03,40295,4,1,0,01,9,9,9,9,10,9,10,9,10,10,10,9,2,9,8,9,9,9,1,1,1,1,1,9,10,9,9,10,9,9,9,9,8,9,9,1,7772
1022,4,12A217,03,40295,3,1,0,01,9,8,7,7,6,8,9,10,6,8,9,7,3,8,6,5,7,7,2,2,3,2,3,7,7,8,7,8,8,7,7,8,8,7,7,1,7772
1022,4,12A217,03,40295,1,1,0,03,8,8,9,10,9,8,9,10,5,10,6,9,0,8,7,6,10,9,2,2,3,0,1,8,9,10,9,10,9,6,9,9,9,8,7,1,23317
1022,4,12A217,03,40295,2,1,0,01,7,7,8,7,10,8,8,10,8,9,10,8,1,7,7,6,8,7,3,2,4,2,2,6,6,7,6,7,8,5,7,6,7,8,8,1,7772
1022,1,13B212,03,40304,3,1,0,04,10,9,9,10,10,10,9,10,9,10,10,9,0,8,9,9,9,9,1,0,1,1,0,9,9,9,10,10,9,8,9,10,10,10,8,1,38583
1022,1,13B212,03,40304,2,1,0,04,9,8,9,8,9,8,8,9,8,9,6,9,0,8,8,8,8,9,1,1,1,2,0,9,10,9,9,9,7,5,9,8,9,8,8,1,38583
1022,1,13B212,03,40304,1,1,0,01,4,6,8,8,9,8,9,9,8,10,1,8,3,4,3,4,6,5,6,3,4,1,4,8,7,8,8,9,3,6,9,8,8,7,5,1,9646
1022,1,13B212,03,40304,4,1,0,01,10,10,10,10,10,10,10,10,9,10,10,10,0,9,10,10,10,9,1,0,0,0,1,10,9,10,10,10,10,8,10,9,10,9,10,1,28937
1022,5,11A206,03,40307,4,1,0,01,8,8,8,9,8,10,8,10,7,9,5,9,0,8,7,8,7,9,1,0,1,2,0,8,10,9,9,8,9,7,9,9,8,9,10,1,40869
1022,5,11A206,03,40307,2,1,0,01,8,8,10,9,8,10,9,10,5,10,9,10,3,8,8,8,8,8,1,2,2,0,2,9,9,10,9,8,7,7,9,9,9,9,8,1,16348
1022,5,11A206,03,40307,3,1,0,01,9,9,9,9,8,9,10,9,7,10,8,10,0,8,7,7,9,8,0,2,1,1,2,9,9,9,10,9,6,8,9,9,7,8,6,1,24521
1022,7,11A204,04,40085,3,1,0,01,8,7,7,7,5,8,9,6,9,9,8,7,7,5,6,4,5,5,4,3,5,4,5,8,7,7,8,7,7,6,8,9,8,10,8,1,35784
1022,7,11A204,04,40085,4,1,0,01,10,5,10,10,10,9,10,10,10,10,8,10,8,1,9,7,7,8,0,1,2,2,0,10,8,10,10,10,8,8,10,10,10,10,8,1,7157
1022,7,11A204,04,40085,2,1,0,01,10,9,7,10,10,10,10,10,8,8,10,9,1,10,10,8,9,9,0,0,0,1,0,8,8,9,8,8,8,7,9,9,9,9,7,1,14314
1022,7,11A204,04,40085,1,1,0,11,8,8,8,7,9,6,6,7,5,7,8,5,5,4,4,3,2,4,5,6,6,7,5,6,6,5,4,4,5,2,6,7,7,6,5,1,57255
1022,5,12A206,04,40087,3,1,0,01,10,10,10,10,10,10,10,10,10,10,10,10,8,8,7,6,9,9,2,2,4,0,0,10,9,10,10,10,9,9,10,10,10,10,10,1,6272
1022,6,12A205,04,40116,3,1,2,01,7,3,7,9,10,7,7,10,10,10,10,9,10,6,6,6,5,5,4,4,4,5,5,2,2,2,0,5,5,5,5,7,7,10,10,1,7983
1022,6,12A205,04,40116,2,1,0,01,8,6,8,6,8,8,8,7,8,8,8,7,8,6,7,6,7,7,3,3,4,3,3,7,7,7,8,7,7,6,8,9,7,7,6,1,7983
1022,6,12A205,04,40116,1,1,0,01,6,6,8,8,8,7,10,10,9,8,5,8,8,8,8,8,8,8,1,2,2,2,2,9,9,9,8,8,7,2,8,8,8,5,5,1,39916
1022,6,12A205,04,40116,4,1,0,03,7,7,7,6,7,7,7,8,6,7,8,8,8,8,7,7,7,8,2,3,2,3,0,5,10,8,10,7,7,5,6,8,8,8,4,1,31933
1022,3,11A218,04,40136,3,1,0,01,8,10,6,7,9,10,10,10,10,9,5,10,9,3,8,9,9,6,6,0,1,1,4,10,7,10,8,9,10,5,8,10,10,6,6,1,14484
1022,3,11A218,04,40136,2,1,0,02,7,6,7,8,9,7,8,8,8,8,7,8,8,8,6,7,7,7,2,2,2,2,1,8,8,8,8,8,6,5,6,8,7,6,6,1,21725
1022,3,11A218,04,40136,1,1,0,03,9,8,9,8,8,9,10,9,10,9,9,10,9,3,4,5,8,7,6,4,5,2,2,9,10,10,10,9,4,8,9,10,10,7,8,1,14484
1022,3,11A218,04,40136,4,1,0,02,5,6,8,8,8,8,9,10,10,8,10,10,9,8,7,7,7,7,2,2,2,2,2,6,6,7,8,8,0,4,7,6,7,8,6,1,21725
1022,6,11A205,04,40139,4,1,0,02,8,8,8,9,9,8,7,9,8,7,8,8,5,8,8,8,8,8,2,2,2,1,0,8,8,9,8,8,8,4,8,9,8,6,4,1,14990
1022,6,11A205,04,40139,1,1,0,02,8,8,9,8,10,9,9,9,9,9,9,8,8,6,4,6,8,6,4,5,1,2,4,6,8,8,9,9,9,6,9,8,5,6,6,1,22485
1022,1,12B212,04,40191,1,1,0,02,8,7,9,9,10,8,9,9,9,10,10,9,8,9,8,9,8,7,0,1,0,0,0,9,8,9,10,8,9,8,9,10,10,10,10,1,17335
1022,1,12B212,04,40191,4,1,0,01,10,3,8,8,10,8,9,10,10,10,10,10,0,9,9,7,8,9,1,1,2,0,0,10,9,10,8,10,8,5,10,10,10,2,5,1,17335
1022,1,12B212,04,40191,3,1,0,03,8,7,9,10,10,10,10,9,10,9,0,9,9,5,5,5,6,5,4,4,5,4,5,9,10,9,9,9,10,8,10,10,10,8,8,1,26002
1022,2,13B211,04,40194,2,1,0,01,10,10,10,10,9,10,10,10,10,9,0,8,0,9,10,10,9,9,0,0,0,0,0,10,9,10,10,10,10,0,10,10,10,0,0,1,27532
1022,2,13B211,04,40194,1,1,0,02,9,10,10,10,10,10,8,10,9,8,9,9,9,5,5,8,8,8,5,0,1,2,1,8,9,9,9,10,9,3,7,9,9,8,5,1,18354
1022,2,13B211,04,40194,4,1,0,01,8,9,9,9,10,9,9,8,9,9,10,8,2,9,7,8,8,8,0,3,0,0,0,8,8,8,9,8,6,6,8,9,9,9,6,1,18354
1022,2,11B211,04,40221,2,1,0,01,5,6,2,4,8,8,8,7,3,5,8,6,8,3,3,3,4,3,3,3,3,3,3,4,5,6,10,5,4,5,4,4,4,4,3,1,25022
1022,2,11B211,04,40221,3,1,0,02,10,7,10,10,8,6,8,9,9,8,7,9,7,10,5,0,5,3,0,5,6,5,6,10,9,10,10,9,8,6,9,9,9,9,10,1,16681
1022,2,11B211,04,40221,1,1,0,02,9,9,8,8,6,8,8,8,8,6,10,9,7,10,9,7,7,8,0,1,2,2,0,8,10,9,9,9,8,0,6,10,10,9,7,1,25022
1022,2,11B211,04,40221,4,1,0,01,8,8,8,8,8,8,8,8,7,6,9,7,4,8,8,8,7,8,0,2,1,2,0,8,8,7,8,6,6,5,7,8,8,3,5,1,8341
1022,8,11A203,04,40273,1,1,0,01,8,8,8,7,6,6,7,9,9,7,9,6,7,7,7,6,5,6,2,3,3,4,3,8,8,8,9,5,6,5,5,8,8,8,6,1,6849
1022,8,11A203,04,40273,4,1,0,01,9,8,8,9,8,9,9,8,8,10,10,9,7,9,7,8,8,7,0,2,1,0,2,9,8,9,8,8,6,8,7,10,10,8,9,1,13697
1022,8,11A203,04,40273,2,1,0,01,6,6,8,6,8,7,7,7,6,7,7,7,7,8,8,7,7,8,1,1,3,3,1,7,8,7,8,8,7,5,8,7,7,5,5,1,13697
1022,8,11A203,04,40273,3,1,0,02,7,8,7,10,9,9,8,9,7,8,10,8,8,10,8,8,7,7,0,1,1,1,0,8,10,7,9,8,10,7,9,5,6,8,9,1,6849
1022,4,11A217,04,40351,1,1,0,03,9,7,9,8,10,10,10,6,8,9,0,8,8,0,0,0,0,0,8,9,10,6,7,9,5,10,10,10,8,0,3,10,0,0,0,1,20883
1022,4,11A217,04,40351,2,1,0,02,8,8,8,9,7,8,8,8,8,8,8,8,6,7,7,8,7,8,2,2,2,0,0,7,8,8,9,8,8,0,8,7,7,6,6,1,27843
1022,4,11A217,04,40351,3,1,0,02,5,5,7,7,7,10,9,10,10,10,7,7,7,5,8,9,4,7,4,2,1,6,1,8,10,9,7,8,5,6,6,8,5,6,8,1,13922
1022,4,11A217,04,40351,4,1,0,05,8,8,9,8,10,10,10,10,10,10,2,8,2,10,10,10,10,10,0,0,0,0,0,8,9,8,8,8,8,7,9,7,7,8,6,1,34804
1022,3,13A218,05,40028,1,1,0,02,8,8,10,10,10,10,10,10,10,10,4,10,7,10,9,7,9,10,0,1,2,1,0,6,7,6,8,4,7,8,10,3,10,10,5,1,19798
1022,3,13A218,05,40028,3,1,0,01,5,5,6,6,4,8,8,6,7,8,6,7,2,5,3,6,5,4,2,6,4,4,6,3,8,5,8,6,4,2,7,8,6,7,1,1,19798
1022,3,13A218,05,40028,4,1,0,01,10,10,10,10,10,8,8,10,10,10,10,8,7,8,9,9,9,9,2,0,1,0,0,10,10,10,10,8,8,7,8,9,9,8,8,1,19798
1022,7,11A204,05,40068,4,1,0,01,8,8,9,8,7,8,9,10,8,10,10,10,7,8,5,10,10,8,2,4,0,0,0,10,10,10,8,10,10,8,10,10,6,10,8,1,23216
1022,7,11A204,05,40068,3,1,0,02,5,5,7,8,9,8,7,5,8,8,7,7,2,8,5,6,8,5,1,4,4,1,0,8,8,5,6,6,8,8,8,8,9,8,9,1,30955
1022,7,11A204,05,40068,2,1,0,02,8,10,10,10,10,8,10,10,8,10,5,10,6,8,6,6,8,6,1,3,3,1,3,8,8,10,8,7,10,7,8,10,5,10,9,1,15478
1022,7,11A204,05,40068,1,1,0,02,7,7,9,8,10,8,9,10,10,10,7,8,8,8,4,6,7,4,1,6,4,2,2,5,10,3,6,9,10,9,8,9,9,8,9,1,23216
1022,7,12A204,05,40069,4,1,0,02,6,8,7,7,7,8,8,7,6,8,9,7,4,3,6,7,6,5,3,3,2,4,1,8,9,8,9,9,8,9,8,9,9,8,6,1,32598
1022,7,12A204,05,40069,3,1,0,02,6,10,7,9,10,10,9,10,9,10,10,8,5,6,6,6,6,6,3,4,3,4,4,7,10,7,8,9,7,8,7,10,9,10,10,1,24448
1022,7,12A204,05,40069,1,1,0,02,8,8,9,9,5,7,8,8,6,9,9,8,2,8,8,9,9,8,1,1,1,1,0,8,10,8,10,9,8,6,9,9,9,7,7,1,24448
1022,7,12A204,05,40069,2,1,0,01,9,8,9,9,8,8,9,8,9,9,8,8,3,7,6,5,5,6,1,1,5,5,0,9,9,9,10,9,3,8,7,10,9,8,8,1,24448
1022,3,11A218,05,40129,1,1,0,01,10,8,8,10,10,10,10,10,10,10,10,10,7,10,5,5,5,10,0,0,5,0,0,9,9,9,9,9,9,9,9,9,9,9,9,1,17174
1022,3,11A218,05,40129,2,1,0,01,8,8,9,9,10,10,10,10,10,10,10,10,10,10,7,7,10,10,0,2,2,0,0,10,5,9,9,9,9,5,9,9,9,9,9,1,42934
1022,3,11A218,05,40129,4,1,0,01,10,8,10,10,10,8,9,10,8,8,10,9,8,5,5,4,4,5,4,4,6,5,4,9,9,10,10,8,9,10,8,10,10,10,9,1,17174
1022,3,11A218,05,40129,3,1,0,01,10,10,10,10,10,10,10,8,10,10,0,10,0,10,10,10,10,10,0,0,0,0,0,10,8,10,10,10,10,10,10,10,10,10,10,1,17174
1022,2,12B211,05,40191,2,1,0,01,9,9,10,10,10,10,10,10,10,10,0,9,9,9,9,8,8,8,1,1,1,2,1,9,9,9,9,9,9,6,9,10,8,6,6,1,16202
1022,2,12B211,05,40191,3,1,0,01,8,10,10,10,10,10,10,10,10,10,10,10,5,10,10,10,10,10,0,0,0,0,0,10,10,10,10,10,10,7,10,10,8,7,6,1,8100
1022,2,12B211,05,40191,4,1,0,01,9,9,10,10,10,10,10,10,8,10,10,10,0,10,7,8,10,0,0,2,0,0,0,10,10,10,10,10,10,10,10,10,10,10,10,1,16202
1022,2,12B211,05,40191,1,1,0,01,0,6,6,10,5,9,10,10,10,10,10,10,10,10,10,5,10,5,0,0,3,0,0,5,6,10,10,10,10,0,10,10,10,0,0,1,32404
1022,6,12A205,05,40231,2,1,0,03,9,9,10,10,10,10,10,10,10,10,10,10,8,10,10,10,10,10,0,0,0,0,0,9,10,10,10,10,10,10,10,8,10,10,10,1,23753
1022,6,12A205,05,40231,1,1,0,01,8,8,10,10,10,10,10,10,10,10,10,10,7,10,10,10,8,6,0,0,0,0,0,10,10,10,10,10,10,10,10,10,10,10,10,1,15835
1022,6,12A205,05,40231,4,1,0,01,7,7,5,10,10,10,10,10,10,10,10,10,5,10,10,7,10,10,0,0,2,0,0,7,7,10,10,10,10,10,10,10,10,10,10,1,23753
1022,6,12A205,05,40231,3,1,0,01,8,7,9,8,8,9,9,9,9,8,9,9,8,4,5,6,6,7,5,5,4,4,3,5,7,8,7,8,8,7,8,9,5,8,7,1,15835
1022,1,12B212,05,40323,2,1,0,06,10,10,10,10,10,10,10,10,10,10,10,10,3,9,10,10,10,10,1,0,0,0,0,10,10,10,10,10,10,10,10,10,10,10,10,1,55424
1022,1,12B212,05,40323,3,1,0,01,9,9,9,9,10,9,10,10,10,10,9,9,8,5,5,5,9,8,4,5,5,1,2,9,7,10,10,10,10,10,10,8,10,10,9,1,9238
1022,1,12B212,05,40323,1,1,0,01,7,7,10,10,10,10,10,10,7,10,10,10,0,10,10,7,10,10,0,0,2,0,0,7,9,10,7,7,7,7,8,10,10,10,10,1,9238
1022,1,12B212,05,40323,4,1,0,03,8,7,10,8,10,8,8,10,7,8,8,10,5,8,9,8,10,8,1,1,1,0,0,8,8,10,8,10,10,4,10,10,10,8,4,1,27712
1022,4,12A217,05,40348,4,1,0,01,9,9,9,9,10,8,9,8,8,10,7,8,3,8,9,8,9,8,0,0,1,1,0,8,10,7,9,9,8,7,9,9,8,8,6,1,7588
1022,4,12A217,05,40348,3,1,0,01,8,8,8,8,10,8,8,8,9,9,10,8,7,5,5,4,9,4,5,5,5,1,1,8,5,8,8,8,5,8,8,8,9,9,5,1,7588
1022,4,12A217,05,40348,1,1,0,01,10,10,9,9,10,10,10,10,10,10,5,9,1,9,9,8,9,8,1,1,1,1,0,9,10,9,9,9,9,7,9,9,8,8,7,1,15176
1022,4,12A217,05,40348,2,1,0,04,7,5,8,10,10,9,8,9,9,9,10,7,8,7,7,5,7,6,1,3,4,3,0,8,10,8,7,9,7,2,6,8,6,7,7,1,30351
1022,5,11A206,05,40362,2,1,0,01,8,6,9,7,10,8,9,10,9,10,9,8,7,6,8,7,8,3,3,2,2,1,6,9,8,9,8,9,7,8,8,9,9,9,8,1,23197
1022,5,11A206,05,40362,3,1,0,02,9,8,9,8,8,9,9,9,7,10,0,6,4,10,9,10,8,10,0,1,0,2,0,8,6,10,8,10,10,5,8,8,8,8,5,1,15465
1022,5,11A206,05,40362,4,1,0,01,10,10,10,10,10,10,10,10,10,10,10,10,2,9,8,9,9,10,1,1,0,0,0,10,10,10,10,10,10,7,9,10,10,9,8,1,15465
1022,5,11A206,05,40362,1,1,0,02,5,8,10,9,10,10,9,9,10,10,10,9,2,10,8,7,9,10,0,1,3,0,0,10,5,9,9,9,8,8,8,10,10,10,8,1,15465
1022,4,11A217,05,40381,3,1,0,05,7,5,10,7,10,7,10,10,10,10,10,10,8,7,5,7,8,9,2,3,2,1,0,8,10,8,7,7,8,6,8,8,6,6,6,1,29803
1022,4,11A217,05,40381,4,1,0,02,7,6,9,10,10,8,5,7,10,10,10,7,5,0,7,0,2,5,0,3,5,7,0,6,8,3,8,7,8,7,6,6,3,8,7,1,14901
1022,5,12A206,05,40389,3,1,0,01,10,10,10,10,10,10,10,10,10,10,5,10,3,8,7,5,8,5,1,2,3,1,3,10,10,10,10,10,8,8,8,9,8,9,9,1,32801
1022,5,12A206,05,40389,4,1,0,01,9,9,9,9,9,9,9,9,9,9,10,9,0,10,10,8,10,10,0,0,0,0,0,9,9,10,9,9,10,2,9,9,8,9,8,1,16401
1022,5,12A206,05,40389,1,1,0,01,10,10,10,10,10,10,10,10,10,9,10,9,0,9,9,9,10,9,0,1,1,0,0,9,10,8,9,10,7,8,8,10,9,9,8,1,16401
1022,5,12A206,05,40389,2,1,0,02,8,8,9,9,10,9,10,10,10,10,8,8,2,10,9,5,8,9,0,1,4,2,0,10,9,10,9,10,10,8,9,10,9,9,5,1,16401
1022,8,13A203,05,40417,1,1,0,01,8,6,10,10,10,10,10,10,10,10,10,10,8,8,6,8,7,8,0,3,1,0,0,9,9,8,9,9,10,10,10,10,9,9,7,1,36628
1022,8,13A203,05,40417,2,1,0,02,9,9,10,10,10,10,10,10,10,10,10,10,3,10,10,9,10,10,0,0,1,0,0,10,10,10,10,10,8,9,10,10,10,10,8,1,36628
1022,8,13A203,05,40417,4,1,0,02,10,10,9,10,7,9,9,9,8,9,8,9,2,10,10,9,10,8,0,0,1,0,0,10,9,9,10,9,9,8,10,10,10,8,8,1,36628
1022,1,12B212,05,40419,4,1,0,01,9,9,9,8,10,9,9,10,10,9,10,9,7,6,7,8,10,8,3,3,0,0,0,10,10,9,9,9,10,8,9,10,8,8,7,1,8825
1022,1,12B212,05,40419,1,1,0,01,9,9,9,10,10,10,10,10,10,10,10,10,3,9,10,10,10,10,1,0,0,0,0,9,9,10,10,10,10,10,10,7,10,10,10,1,35300
1022,1,12B212,05,40419,2,1,0,01,0,0,8,10,10,10,9,10,10,10,10,8,8,5,5,6,9,6,2,4,3,1,0,8,10,10,8,8,5,6,8,10,10,5,4,1,26474
1022,8,11A203,05,40420,3,1,0,01,2,3,3,3,7,5,2,2,4,4,7,1,6,1,5,5,6,2,7,5,5,4,5,1,2,3,1,1,1,2,3,1,5,0,0,1,6183
1022,8,11A203,05,40420,2,1,0,01,7,8,5,6,9,7,6,7,8,8,6,5,9,6,4,5,7,4,4,5,5,2,3,4,4,3,5,6,7,7,8,3,5,6,7,1,12365
1022,8,11A203,05,40420,1,1,0,01,9,9,10,7,9,8,9,9,8,8,9,9,8,9,9,8,8,8,1,1,2,1,2,9,8,8,7,8,9,8,9,9,8,9,9,1,12365
1022,3,11A218,06,40063,4,1,0,01,10,10,9,10,10,7,10,9,8,9,10,10,3,9,8,7,8,8,0,1,3,0,0,9,10,10,10,8,9,8,10,10,10,10,10,1,7115
1022,3,11A218,06,40063,1,1,0,01,10,10,10,10,10,9,10,10,9,8,10,10,4,8,8,6,7,7,2,2,3,2,2,8,8,9,10,10,10,8,9,10,9,8,8,1,7115
1022,3,11A218,06,40063,3,1,0,01,10,9,10,10,10,10,10,10,9,10,10,10,1,8,7,9,10,7,1,2,1,0,0,9,10,9,10,9,9,6,10,9,9,8,8,1,14230
1022,3,11A218,06,40063,2,1,0,01,8,8,7,8,8,9,10,7,9,9,8,8,5,7,6,6,6,6,1,3,4,1,3,8,8,9,9,8,7,5,8,6,8,9,10,1,14230
1022,7,13A204,06,40066,4,1,0,02,10,10,10,9,10,10,10,10,9,10,10,8,3,8,7,6,9,8,2,2,3,0,1,10,8,9,10,9,10,4,9,10,10,8,9,1,22647
1022,7,13A204,06,40066,2,1,0,01,8,7,8,8,10,7,8,8,7,9,9,7,8,7,4,7,7,6,3,4,3,2,2,10,10,9,7,8,9,4,10,10,10,7,7,1,11324
1022,7,13A204,06,40066,1,1,0,01,10,8,10,10,10,9,10,10,7,10,10,9,4,8,7,8,10,7,1,2,1,0,0,10,10,10,8,10,9,5,10,10,10,8,8,1,11324
1022,7,13A204,06,40066,3,1,0,01,10,10,10,9,10,7,10,7,7,9,10,8,5,8,7,5,5,6,2,3,3,3,3,10,9,10,10,10,10,4,10,10,10,9,8,1,11324
1022,7,11A204,06,40130,1,1,0,01,8,8,9,9,10,8,9,8,9,10,10,10,3,6,5,6,7,7,3,5,4,3,2,8,8,9,9,9,9,4,9,9,9,8,8,1,13594
1022,7,11A204,06,40130,3,1,0,02,9,8,10,8,9,7,8,10,9,9,10,9,9,9,8,8,9,7,0,2,1,1,2,8,9,9,9,7,9,5,9,8,9,7,8,1,13594
1022,7,11A204,06,40130,2,1,0,01,10,10,9,7,8,7,9,7,8,10,10,8,6,8,4,5,6,7,2,6,5,3,3,7,7,8,7,7,8,6,7,9,9,7,7,1,6797
1022,7,11A204,06,40130,4,1,0,01,8,7,9,10,10,10,10,10,10,10,10,9,2,9,9,9,10,9,1,1,0,0,0,9,10,10,7,8,10,5,10,10,9,8,8,1,20391
1022,1,12B212,06,40190,3,1,0,01,7,7,8,5,8,4,8,5,5,8,10,8,10,5,5,5,6,3,2,5,4,2,6,8,6,8,9,6,8,5,8,10,10,7,7,1,16672
1022,1,12B212,06,40190,1,1,0,02,10,8,10,10,10,8,10,10,10,10,10,10,2,10,9,10,10,10,0,1,0,0,0,9,10,10,10,10,10,5,10,10,8,8,8,1,16672
1022,1,12B212,06,40190,4,1,0,01,10,10,10,8,10,7,8,8,6,9,8,8,5,6,5,7,6,8,4,4,3,1,2,8,10,8,9,8,10,6,10,8,8,8,7,1,8336
1022,1,12B212,06,40190,2,1,0,01,10,10,10,10,10,10,10,10,10,10,9,10,1,8,9,10,9,8,2,1,0,1,0,9,10,10,10,10,10,3,10,10,10,9,9,1,16672
1022,2,13B211,06,40193,4,1,0,01,8,7,9,7,9,6,8,7,7,8,8,8,5,6,4,6,7,6,3,6,3,2,4,8,8,7,7,7,8,5,8,10,9,8,8,1,43164
1022,2,13B211,06,40193,3,1,0,01,8,10,8,9,9,9,9,8,9,10,8,9,7,5,3,5,6,7,4,6,4,3,3,9,8,10,7,9,9,6,9,10,10,9,7,1,10791
1022,2,13B211,06,40193,2,1,0,01,10,8,10,7,8,8,8,8,6,8,8,8,3,5,5,6,5,6,3,4,3,4,4,8,10,8,8,8,7,4,9,10,9,8,8,1,10791
1022,2,13B211,06,40193,1,1,0,02,10,7,10,8,10,8,10,10,8,9,10,10,2,8,5,6,7,5,2,3,3,3,0,9,10,8,9,9,10,4,8,9,9,9,8,1,21582
1022,6,12A205,06,40194,4,1,0,01,8,9,9,9,8,9,9,9,7,8,8,9,5,2,6,8,8,7,7,4,0,2,3,7,8,8,9,7,8,4,7,8,6,8,7,1,5300
1022,6,12A205,06,40194,1,1,0,01,9,9,10,7,10,5,10,5,5,10,10,8,8,5,4,6,7,5,3,6,3,3,5,7,8,8,10,5,10,3,8,10,10,9,8,1,5300
1022,6,12A205,06,40194,3,1,0,01,8,5,9,9,8,6,8,8,8,10,10,8,5,7,6,5,8,5,3,4,4,1,4,7,9,8,7,7,8,4,8,8,10,8,7,1,5300
1022,6,11A205,06,40200,4,1,1,01,8,7,7,8,9,8,9,8,7,9,9,10,7,7,7,6,6,6,2,3,4,4,4,8,9,8,10,8,9,5,10,10,10,7,6,1,34700
1022,6,11A205,06,40200,3,1,2,03,9,9,9,10,10,9,10,10,8,10,9,10,1,8,7,6,5,7,2,2,4,4,2,10,9,9,10,10,9,5,9,10,8,8,8,1,34700
1022,6,11A205,06,40200,1,1,0,01,9,7,9,10,9,10,10,10,8,10,10,10,2,7,6,7,10,9,2,3,3,0,0,9,10,10,10,9,10,5,9,9,9,8,8,1,11567
1022,2,11B211,06,40286,4,1,0,01,8,8,8,9,9,9,8,8,8,8,7,8,9,7,5,7,7,7,3,5,3,2,3,9,9,8,9,8,7,3,7,9,9,6,5,1,6427
1022,2,11B211,06,40286,2,1,0,01,9,7,10,9,9,9,10,9,10,9,9,9,8,7,6,7,7,7,3,3,3,2,3,9,9,9,7,9,9,3,8,9,9,7,8,1,12855
1022,2,11B211,06,40286,3,1,0,01,10,9,10,10,9,9,10,10,9,10,9,9,8,7,7,7,7,7,2,2,2,2,2,10,10,9,9,9,9,5,8,9,8,8,7,1,12855
1022,2,11B211,06,40286,1,1,0,02,10,9,10,10,10,10,10,10,9,10,10,10,0,8,9,7,9,10,1,1,2,1,0,10,9,10,10,10,10,2,10,10,10,8,8,1,12855
1022,4,13A217,06,40381,2,1,0,02,9,9,8,7,8,7,8,8,7,9,9,9,6,7,6,7,8,6,3,4,3,2,0,9,8,9,9,9,9,4,9,9,9,7,7,1,28231
1022,4,13A217,06,40381,3,1,0,01,8,8,9,9,9,9,10,8,9,9,10,9,8,8,7,8,10,9,2,2,1,0,1,9,9,9,8,9,9,3,8,9,9,8,8,1,9410
1022,4,13A217,06,40381,4,1,0,01,8,8,8,9,10,9,8,9,7,9,9,10,4,4,8,8,7,8,3,2,1,0,0,8,9,9,7,9,10,4,10,10,10,9,8,1,9410
1022,4,13A217,06,40381,1,1,0,01,8,8,9,7,10,8,8,6,6,9,10,9,6,6,7,5,6,7,3,3,4,4,3,5,7,7,6,7,8,4,8,8,8,8,8,1,9410
1022,4,11A217,06,40409,2,1,0,02,9,7,10,9,10,10,10,9,9,10,10,9,0,10,6,10,10,10,0,0,0,0,0,9,10,9,10,10,10,2,10,10,8,7,9,1,16143
1022,4,11A217,06,40409,1,1,0,01,10,8,10,9,10,10,10,10,7,10,10,10,2,7,7,8,8,9,2,2,2,2,0,8,10,10,8,8,9,3,10,9,9,8,8,1,8072
1022,4,11A217,06,40409,3,1,0,01,8,8,10,10,10,8,9,10,6,8,10,8,5,5,5,4,5,6,5,4,6,4,4,7,5,9,9,9,9,3,9,10,10,8,8,1,8072
1022,4,11A217,06,40409,4,1,0,02,9,8,9,9,9,9,8,9,7,10,10,10,3,6,6,7,9,6,3,4,3,1,0,8,10,8,9,8,7,6,9,10,8,8,8,1,16143
1022,5,12A206,06,40413,4,1,0,02,9,9,10,8,10,9,10,10,9,10,10,10,3,7,6,8,10,9,3,3,2,0,0,8,10,8,10,9,8,5,9,9,9,8,10,1,7230
1022,5,12A206,06,40413,1,1,0,01,8,6,9,9,10,10,10,10,9,10,9,10,6,6,4,6,6,5,3,6,3,4,4,9,10,8,9,10,10,5,10,10,9,7,9,1,7230
1022,5,12A206,06,40413,2,1,0,01,7,7,10,9,10,8,8,10,10,10,7,8,0,4,5,9,10,10,6,3,1,0,0,10,10,10,5,8,9,1,9,8,8,6,8,1,7230
1022,8,12A203,06,40414,2,1,0,01,8,8,8,8,9,6,6,5,7,7,8,8,6,5,4,4,6,3,5,5,6,4,6,7,7,7,7,5,8,3,7,8,8,7,7,1,7199
1022,8,12A203,06,40414,4,1,0,02,9,7,7,7,8,8,8,8,8,9,9,9,5,7,5,7,7,5,2,4,3,2,4,8,8,8,9,8,9,7,8,8,7,8,8,1,14398
1022,8,12A203,06,40414,3,1,0,02,9,8,10,8,9,9,8,10,8,8,10,9,8,6,6,7,7,5,4,4,3,2,4,9,8,9,9,8,8,5,8,9,8,8,6,1,35995
1022,8,12A203,06,40414,1,1,1,02,7,7,7,6,6,7,5,5,5,7,7,6,8,4,3,5,6,3,6,6,4,3,6,5,9,7,8,7,7,4,8,6,8,6,6,1,14398
1022,3,12A218,07,40059,2,1,0,01,6,4,8,10,10,10,10,10,5,10,10,10,2,10,10,5,10,10,0,0,5,0,0,5,5,8,8,8,5,0,4,5,5,5,5,1,8254
1022,3,12A218,07,40059,4,1,0,01,9,9,10,9,10,10,10,10,8,10,8,9,2,8,6,6,7,8,2,3,3,3,0,9,8,9,10,10,10,8,9,8,9,7,7,1,16507
1022,3,12A218,07,40059,3,1,0,03,9,9,9,10,10,9,10,10,10,10,9,9,8,9,8,6,7,9,1,0,4,2,0,7,7,8,9,7,6,5,8,9,9,9,9,1,33015
1022,3,12A218,07,40059,1,1,0,02,9,9,9,10,10,8,9,10,10,10,9,8,5,7,6,8,8,7,2,0,0,2,1,9,10,9,9,9,8,6,8,9,8,6,8,1,24761
1022,3,11A218,07,40065,2,1,0,02,8,6,10,10,10,10,10,8,8,10,8,9,8,6,3,7,6,6,4,6,3,0,4,10,10,10,10,10,9,10,10,8,10,10,7,1,48964
1022,3,11A218,07,40065,1,1,0,01,8,10,8,8,10,10,10,8,9,10,7,8,9,7,8,2,2,2,1,2,5,8,1,8,8,8,7,10,8,6,9,6,5,8,8,1,24482
1022,3,11A218,07,40065,3,1,0,03,8,5,9,5,10,7,9,8,8,7,6,7,5,9,9,6,6,9,0,0,4,0,0,8,9,7,8,6,9,8,10,9,9,8,9,1,73446
1022,3,11A218,07,40065,4,1,0,01,7,5,10,8,10,10,10,10,7,9,10,9,7,5,4,2,3,5,5,6,7,7,5,7,10,6,7,9,8,4,7,9,6,4,5,1,73446
1022,7,12A204,07,40133,1,1,1,01,9,8,10,10,10,10,10,10,10,10,10,10,9,9,7,6,6,9,1,3,4,3,1,1,9,8,9,10,10,6,8,5,9,8,9,1,7594
1022,7,12A204,07,40133,2,1,0,02,8,10,9,9,10,10,9,10,10,8,9,9,2,9,9,8,10,8,1,1,2,0,0,9,9,9,10,9,10,6,10,9,9,7,7,1,22781
1022,7,12A204,07,40133,3,1,0,02,5,5,6,8,10,10,10,10,10,10,10,8,0,10,10,10,10,10,0,0,0,0,0,7,8,8,10,8,8,0,8,9,6,6,6,1,22781
1022,7,12A204,07,40133,4,1,0,02,10,10,9,9,9,9,9,9,8,9,8,8,6,8,8,8,9,9,0,0,2,0,0,9,9,9,9,9,5,5,9,9,7,7,7,1,15187
1022,6,11A205,07,40165,3,1,0,03,8,8,10,10,10,10,10,10,10,10,10,10,2,9,9,10,10,10,0,1,0,0,0,10,9,9,10,9,9,7,9,8,10,7,7,1,29102
1022,6,11A205,07,40165,1,1,0,01,7,6,8,8,10,8,8,7,8,8,10,9,9,3,3,6,4,5,7,7,4,6,4,6,9,8,8,8,6,5,6,9,9,6,6,1,9701
1022,6,11A205,07,40165,4,1,0,01,5,6,7,10,10,8,8,8,9,9,10,8,7,7,8,8,8,7,0,0,0,0,0,7,6,8,8,8,8,7,10,8,8,6,5,1,9701
1022,6,11A205,07,40165,2,1,0,02,10,10,9,9,9,8,9,10,8,9,10,10,9,7,8,9,7,9,0,0,0,0,0,8,10,9,8,9,9,8,8,9,8,9,9,1,19402
1022,2,11B211,07,40258,2,1,0,01,10,9,10,10,9,10,9,10,10,9,10,10,8,10,6,9,8,9,0,4,1,1,0,9,10,9,9,8,9,10,10,9,9,9,10,1,33931
1022,2,11B211,07,40258,1,1,0,02,7,7,8,6,9,10,5,5,5,5,10,5,8,8,9,10,10,4,2,0,0,0,6,10,10,8,8,8,6,8,8,8,8,8,8,1,33931
1022,2,11B211,07,40258,3,1,0,03,10,8,10,10,9,10,10,10,9,10,9,8,8,10,7,8,9,10,0,3,1,1,0,10,10,9,10,10,10,8,10,10,10,9,7,1,50896
1022,2,11B211,07,40258,4,1,0,01,8,8,8,8,7,7,8,8,8,8,9,8,7,5,6,5,8,1,5,4,4,2,0,8,8,8,8,8,2,6,8,8,8,7,8,1,33931
1022,5,13A206,07,40297,2,1,0,03,6,8,7,8,7,8,7,8,7,8,9,9,6,5,2,2,3,3,5,7,7,6,7,7,8,9,7,7,3,2,4,9,5,4,3,1,8033
1022,5,13A206,07,40297,4,1,0,01,8,8,9,9,10,8,9,9,9,9,9,9,2,9,9,9,9,9,1,0,0,0,0,9,10,9,9,9,5,6,8,9,7,5,5,1,24099
1022,5,13A206,07,40297,3,1,0,02,10,10,10,9,10,10,10,10,10,10,10,10,5,10,10,9,10,10,0,0,1,0,0,9,10,10,10,10,10,6,10,9,10,8,8,1,16066
1022,8,11A203,07,40319,1,1,0,01,8,8,8,8,9,8,8,9,8,8,10,8,6,6,6,7,7,8,3,3,2,2,1,8,8,8,8,8,8,5,5,8,5,5,5,1,8072
1022,8,11A203,07,40319,4,1,0,02,8,7,8,10,10,10,10,10,10,10,10,10,8,8,8,8,10,7,0,0,0,0,2,10,10,10,10,10,10,8,10,10,8,5,5,1,32286
1022,8,11A203,07,40319,3,1,0,02,8,8,8,8,10,10,10,8,8,10,10,8,8,6,6,6,7,7,3,3,3,2,2,8,8,8,8,8,8,8,10,10,10,8,8,1,16143
1022,8,12A203,07,40351,4,1,0,01,8,8,8,9,10,9,10,10,7,10,10,10,0,10,10,10,10,10,0,0,0,0,0,8,9,10,10,10,10,6,10,10,10,7,7,1,6221
1022,8,12A203,07,40351,3,1,0,01,9,9,10,10,10,10,10,10,10,10,10,10,0,10,10,8,10,10,0,0,2,0,0,10,9,10,10,10,9,10,10,10,10,10,10,1,12443
1022,8,12A203,07,40351,1,1,0,04,7,5,7,10,10,10,8,10,10,10,0,5,7,8,5,10,10,7,0,5,0,0,3,9,8,8,10,9,4,4,8,10,10,8,5,1,31108
1022,1,11B212,07,40354,3,1,0,02,8,7,9,10,10,10,10,10,9,9,10,9,8,9,5,5,8,6,0,5,4,2,3,8,9,9,7,9,8,3,8,9,8,7,4,1,25639
1022,1,11B212,07,40354,2,1,0,01,9,6,7,9,9,8,9,10,10,10,8,10,0,7,8,9,9,10,2,2,0,0,0,9,9,10,10,9,8,8,10,9,8,8,8,1,25639
1022,1,11B212,07,40354,4,1,0,01,9,10,10,10,10,10,10,10,8,10,9,9,3,10,9,10,10,10,0,1,0,0,0,10,10,10,10,9,10,5,10,10,8,8,7,1,6410
1022,5,11A206,07,40356,2,1,0,01,5,5,5,5,10,10,6,9,10,9,10,6,2,9,3,7,10,5,1,6,2,0,5,7,10,6,10,7,8,6,9,9,9,6,8,1,15049
1022,5,11A206,07,40356,4,1,0,01,8,6,9,10,10,9,9,9,6,9,9,8,4,7,7,7,8,9,2,2,2,1,0,8,9,9,9,9,9,6,6,9,9,8,8,1,7524
1022,5,11A206,07,40356,3,1,0,02,10,9,10,10,10,9,9,10,10,10,10,9,5,10,10,8,8,10,0,0,0,0,0,9,6,9,9,8,10,8,10,8,8,8,10,1,22573
1022,5,11A206,07,40356,1,1,0,02,8,6,8,10,10,10,9,10,9,10,0,8,8,8,6,8,10,10,1,3,2,0,0,7,8,8,9,8,8,6,7,10,9,7,7,1,22573
1022,4,11A217,07,40379,2,1,0,02,9,9,9,9,9,9,9,8,9,9,10,8,5,10,8,10,10,10,0,1,0,0,0,9,7,8,9,9,9,5,9,9,9,7,7,1,30286
1022,4,11A217,07,40379,1,1,0,01,9,9,10,10,10,10,9,9,10,9,6,9,5,9,9,8,10,10,1,1,1,0,0,9,10,9,9,9,5,5,10,8,8,8,8,1,15143
1022,4,11A217,07,40379,3,1,0,03,9,9,10,10,8,8,10,10,10,10,8,10,8,8,8,8,8,10,1,1,2,2,0,6,6,8,7,10,7,0,8,7,7,4,4,1,22715
1022,4,11A217,07,40379,4,1,0,02,7,7,7,7,7,7,7,7,7,7,7,7,7,8,7,8,8,8,0,0,0,0,0,7,7,7,7,7,8,5,7,7,7,7,7,1,30286
1022,1,11B212,07,40418,3,1,0,02,6,0,10,10,10,10,8,9,10,10,10,9,7,5,5,5,6,5,4,4,4,4,4,6,9,8,7,8,6,6,8,7,9,6,0,1,19336
1022,1,11B212,07,40418,2,1,0,02,5,7,9,8,9,9,9,9,9,8,5,9,10,7,5,5,7,10,3,5,5,3,0,5,5,9,9,7,8,8,7,7,10,9,9,1,19336
1022,1,11B212,07,40418,1,1,0,01,10,10,10,10,10,10,10,10,10,10,10,10,5,8,8,10,10,9,0,0,0,0,1,10,10,10,8,8,8,0,10,10,10,10,10,1,9668
1022,1,11B212,07,40418,4,1,0,01,10,8,10,10,10,10,8,8,8,10,10,6,8,8,9,8,8,10,2,1,1,1,0,10,10,5,10,8,0,8,10,4,8,10,10,1,9668
1022,3,12A218,08,40028,4,1,0,01,8,10,10,10,10,10,10,10,0,10,10,10,0,4,5,5,10,5,0,0,0,0,0,6,8,8,10,8,10,0,10,8,6,8,8,1,22879
1022,3,12A218,08,40028,2,1,0,03,7,9,8,8,10,10,10,9,9,10,8,8,8,10,10,5,5,5,0,0,5,5,5,7,10,8,8,9,9,6,9,7,8,8,8,1,22879
1022,3,12A218,08,40028,3,1,0,01,10,10,8,8,10,10,10,8,10,10,5,10,3,10,10,10,10,10,0,0,0,0,0,8,8,8,10,8,8,6,8,10,10,8,6,1,22879
1022,3,12A218,08,40028,1,1,0,02,8,8,8,6,8,8,8,9,6,8,6,8,5,5,10,5,5,10,0,0,0,0,0,8,8,8,8,8,10,8,8,8,8,10,10,1,22879
1022,7,13A204,08,40102,2,1,0,01,10,10,9,10,10,10,10,10,10,10,10,10,0,10,10,5,10,10,0,0,5,0,0,10,8,10,10,10,10,8,10,10,10,10,7,1,20278
1022,7,13A204,08,40102,3,1,0,02,8,8,9,9,9,9,9,9,9,9,5,9,1,5,5,5,5,5,0,0,0,0,0,8,8,9,9,9,9,8,9,10,10,10,10,1,30416
1022,7,13A204,08,40102,4,1,0,02,8,8,9,8,7,8,10,10,10,10,5,9,8,8,3,5,5,5,0,0,5,0,0,8,9,8,9,8,8,5,9,10,8,8,8,1,30416
1022,6,12A205,08,40195,1,1,0,03,10,10,10,9,10,10,10,10,10,10,8,10,0,10,10,8,10,10,0,0,0,0,0,10,10,10,10,10,10,6,10,10,10,10,5,1,22433
1022,6,12A205,08,40195,4,1,0,01,10,5,10,10,10,10,10,10,10,10,10,10,0,10,10,10,10,10,0,0,0,0,0,10,5,10,10,10,10,7,10,10,10,10,10,1,7478
1022,6,12A205,08,40195,2,1,0,01,10,10,10,10,10,10,10,10,10,10,0,10,5,10,5,5,10,10,0,0,5,0,0,8,10,8,10,10,3,5,5,8,5,8,8,1,7478
1022,2,13B211,08,40223,1,1,0,02,6,6,10,10,10,10,10,10,10,10,10,10,10,10,10,5,10,10,0,0,0,0,0,5,7,5,10,5,10,8,10,10,10,10,10,1,20731
1022,6,11A205,08,40233,4,1,0,01,8,8,10,10,10,9,8,9,9,9,6,9,0,5,5,5,5,5,0,0,0,0,5,9,9,8,8,9,9,5,10,9,8,8,8,1,15862
1022,6,11A205,08,40233,2,1,0,02,10,10,9,6,10,10,10,10,10,9,10,10,10,5,5,0,0,0,5,5,5,5,5,8,7,8,9,10,7,0,8,8,5,10,8,1,15862
1022,6,11A205,08,40233,1,1,0,01,5,5,6,9,10,10,10,8,10,10,10,8,7,5,5,8,3,5,4,4,2,7,2,8,5,8,7,6,10,0,9,8,10,4,2,1,23794
1022,6,11A205,08,40233,3,1,0,01,10,10,10,10,10,10,10,5,5,10,10,10,0,10,10,10,10,10,0,0,0,0,0,10,10,10,10,10,10,10,10,10,10,10,10,1,15862
1022,2,11B211,08,40287,1,1,0,01,5,5,10,10,10,10,10,10,10,5,10,10,0,10,10,10,10,10,0,0,0,0,0,5,5,10,10,10,5,10,5,10,5,10,10,1,8726
1022,2,11B211,08,40287,2,1,0,01,5,5,10,10,10,10,10,5,10,10,10,10,5,5,5,5,5,5,0,0,5,5,0,10,10,10,10,10,10,5,10,10,5,5,5,1,17452
1022,2,11B211,08,40287,3,1,0,02,8,8,10,10,10,10,10,10,10,10,10,10,10,10,10,10,10,10,0,0,0,0,0,10,10,10,10,10,10,10,10,10,10,10,10,1,17452
1022,2,11B211,08,40287,4,1,0,01,10,10,10,10,10,10,10,10,10,10,10,10,0,10,10,5,10,5,0,0,5,0,0,10,10,10,10,10,10,10,10,10,10,10,10,1,26178
1022,4,13A217,08,40315,4,1,0,02,8,8,9,10,10,10,10,10,10,9,8,10,6,7,7,7,8,8,2,3,2,1,1,9,10,10,10,10,10,1,10,10,10,10,10,1,47934
1022,4,13A217,08,40315,2,1,0,01,10,10,9,6,10,8,9,10,10,8,2,10,10,10,10,5,5,5,0,0,0,0,0,8,9,10,10,10,5,8,10,10,5,8,5,1,47934
1022,8,12A203,08,40318,2,1,1,01,7,7,8,8,8,8,8,8,8,8,10,8,8,5,5,5,5,5,5,5,5,5,5,7,8,7,8,8,5,5,7,7,8,7,5,1,17191
1022,8,12A203,08,40318,4,1,0,03,9,9,10,10,10,10,10,10,10,10,10,10,5,5,5,5,5,5,5,5,5,5,5,10,10,10,10,10,10,10,10,10,10,10,10,1,34382
1022,8,12A203,08,40318,1,1,0,02,0,0,0,5,5,0,5,0,5,10,10,5,10,0,0,0,0,0,5,10,5,5,10,10,0,10,10,0,0,0,10,10,10,10,10,1,17191
1022,5,12A206,08,40327,1,1,0,01,10,10,1,5,10,10,5,8,8,5,10,5,10,5,5,5,5,5,5,5,5,5,5,6,4,9,6,4,10,1,10,10,10,9,10,1,7586
1022,5,12A206,08,40327,3,1,0,04,8,8,10,9,10,10,10,10,10,10,5,10,10,10,10,4,5,0,0,0,3,0,0,9,8,9,10,9,10,7,8,9,10,10,10,1,30345
1022,5,12A206,08,40327,2,1,0,02,9,9,9,9,9,8,9,9,9,8,9,9,9,8,7,8,9,10,0,0,0,0,0,10,9,9,9,8,8,5,8,9,9,9,9,1,30345
1022,5,12A206,08,40327,4,1,1,02,10,10,10,10,10,10,10,10,10,10,10,10,10,5,5,5,5,6,5,5,5,0,0,10,10,10,10,10,10,10,10,10,10,10,10,1,15173
1022,1,12B212,08,40352,2,1,0,02,5,0,10,10,10,10,10,10,10,10,10,10,10,5,5,5,10,5,0,5,0,0,5,5,5,10,10,10,10,0,10,5,10,0,5,1,23332
1022,1,12B212,08,40352,1,1,0,02,4,4,0,0,10,10,10,10,5,10,10,10,0,10,10,5,10,0,0,0,0,0,0,10,5,10,10,10,10,10,10,10,10,10,10,1,15555
1022,1,12B212,08,40352,3,1,0,03,8,8,10,10,10,10,10,10,10,10,10,10,0,10,10,10,10,8,0,0,0,0,0,10,10,10,10,10,10,10,10,10,5,10,10,1,23332
1022,4,12A217,08,40413,1,1,0,01,10,10,10,10,10,10,10,10,10,10,10,10,10,10,10,10,10,10,0,0,0,0,0,10,10,10,10,10,10,0,10,10,10,10,10,1,16672
1022,4,12A217,08,40413,4,1,0,02,10,10,10,10,10,10,10,10,10,10,10,10,5,10,10,10,10,10,0,0,0,0,0,10,10,10,10,10,10,10,8,10,10,10,10,1,16672
1022,4,12A217,08,40413,3,1,0,01,10,0,10,10,10,10,10,10,10,10,10,10,0,10,10,10,10,10,0,0,0,0,0,10,10,10,10,10,10,10,10,10,8,10,10,1,8336
1022,4,12A217,08,40413,2,1,0,02,7,7,7,8,9,8,9,9,9,9,10,8,7,10,9,9,8,9,0,1,1,2,1,8,9,8,7,9,7,7,9,7,5,6,5,1,16672
1022,7,12A204,09,40004,4,1,0,01,9,9,9,9,9,9,9,9,9,9,7,7,3,8,8,8,8,8,1,1,1,1,1,8,8,8,8,8,8,8,9,8,8,8,8,1,21557
1022,7,12A204,09,40004,3,1,0,02,10,10,10,10,10,6,8,10,10,7,7,9,0,10,10,10,10,10,0,0,0,0,0,7,10,10,10,10,10,7,10,8,8,8,8,1,14371
1022,7,12A204,09,40004,2,1,0,04,7,7,7,6,7,7,7,10,10,8,8,8,1,8,8,5,8,8,0,1,5,1,1,6,7,7,7,7,6,6,8,8,7,7,7,1,28743
1022,7,12A204,09,40004,1,1,0,02,8,8,9,9,6,6,9,9,10,8,8,8,3,8,8,6,8,8,2,2,3,1,1,7,9,9,9,9,8,8,8,8,8,8,8,1,14371
1022,7,12A204,09,40006,1,1,0,01,8,8,9,8,9,8,10,9,7,9,7,10,5,8,8,8,8,8,2,2,2,2,2,8,8,10,9,8,8,0,9,9,9,8,8,1,6090
1022,7,12A204,09,40006,2,1,0,01,7,7,8,8,8,7,8,8,6,8,9,9,5,8,8,6,8,8,2,2,3,2,2,7,8,9,9,8,7,0,8,8,8,8,8,1,12180
1022,7,12A204,09,40006,4,1,0,01,8,8,9,9,9,8,10,9,8,8,7,10,3,8,8,8,8,8,2,2,2,2,2,8,8,10,9,8,9,0,9,10,9,8,8,1,6090
1022,7,12A204,09,40006,3,1,1,01,8,8,9,9,8,8,10,9,7,9,8,10,3,8,8,8,9,8,2,2,2,1,2,8,8,10,9,9,8,6,9,9,9,8,9,1,6090
1022,3,11A218,09,40046,3,1,0,01,6,7,5,5,10,10,5,10,10,5,5,5,10,10,10,7,10,10,0,0,2,0,0,10,10,10,10,10,5,5,10,8,8,6,9,1,11183
1022,3,11A218,09,40046,2,1,0,02,9,9,10,10,10,10,10,10,10,10,10,10,0,10,10,10,10,10,0,0,0,0,0,8,10,10,10,10,7,7,8,10,10,8,8,1,22365
1022,3,11A218,09,40046,4,1,0,02,8,9,10,10,10,10,10,10,10,10,8,10,8,8,8,8,10,0,1,1,1,0,0,7,9,8,9,9,7,5,9,9,9,8,9,1,44730
1022,3,11A218,09,40046,1,1,0,01,8,9,10,10,8,9,7,10,8,8,10,7,9,7,5,7,5,7,3,5,3,0,0,9,8,8,10,10,9,8,9,9,9,10,10,1,33548
1022,7,11A204,09,40051,1,1,0,01,8,7,9,8,10,8,10,10,8,10,10,10,6,10,10,8,10,8,0,0,0,0,0,8,8,7,9,6,9,7,9,8,8,8,7,1,14022
1022,7,11A204,09,40051,3,1,0,01,8,8,9,8,10,8,10,10,8,10,8,10,5,9,9,7,10,9,0,0,0,0,0,8,10,7,10,7,8,7,8,7,8,7,7,1,7011
1022,7,11A204,09,40051,2,1,0,01,8,8,9,9,9,8,10,10,9,10,8,10,4,10,10,8,10,8,0,0,0,0,0,8,10,8,9,7,8,7,9,8,8,7,7,1,21033
1022,7,11A204,09,40053,4,1,0,01,9,9,9,9,9,9,8,9,9,9,7,7,0,9,9,9,10,8,0,0,0,0,0,8,9,7,8,8,8,5,9,9,8,7,4,1,14038
1022,7,11A204,09,40053,3,1,0,01,8,7,8,8,10,9,8,8,9,9,10,8,0,9,8,8,8,8,0,0,0,0,0,8,8,8,8,8,8,4,7,8,8,6,5,1,7019
1022,7,11A204,09,40053,1,1,0,03,9,9,9,9,9,9,9,9,9,9,9,9,7,7,9,9,10,8,2,0,0,0,0,8,9,9,9,8,9,6,8,8,8,7,5,1,21056
1022,7,11A204,09,40053,2,1,0,02,10,10,10,10,9,9,9,10,8,8,8,8,3,7,9,9,8,8,2,0,0,0,0,8,9,7,9,9,9,6,9,9,8,7,5,1,14038
1022,7,12A204,09,40055,2,1,0,02,9,6,10,10,10,10,10,10,10,10,5,10,6,10,10,10,10,10,0,0,0,0,0,9,8,8,10,8,7,7,9,7,8,7,7,1,17552
1022,7,12A204,09,40055,1,1,0,03,8,9,10,10,10,10,10,10,10,10,10,10,10,10,10,7,10,0,0,0,2,0,0,9,10,9,10,10,10,10,10,10,9,9,10,1,26328
1022,7,12A204,09,40055,4,1,0,01,6,8,10,10,10,10,10,10,10,10,10,10,0,7,10,10,8,5,2,0,0,1,0,5,7,7,8,8,10,0,8,8,7,5,5,1,8776
1022,3,13A218,09,40097,1,1,0,02,10,10,10,10,10,10,10,10,10,10,8,10,3,9,9,9,9,9,0,0,1,1,1,10,10,10,10,10,10,7,10,10,9,9,9,1,18124
1022,3,13A218,09,40097,3,1,0,01,10,10,9,8,9,9,9,9,9,9,9,10,1,8,8,8,8,8,1,1,1,1,1,8,9,10,10,10,10,8,10,8,8,8,8,1,9062
1022,3,13A218,09,40097,4,1,0,01,9,9,9,9,9,10,9,9,10,8,7,9,1,8,8,6,8,8,0,0,0,0,0,10,10,10,10,10,10,7,10,10,7,8,8,1,9062
1022,3,12A218,09,40098,3,1,0,01,7,7,10,7,10,7,8,8,10,8,7,8,4,7,7,7,7,7,1,1,1,1,0,10,9,9,9,6,7,5,7,10,6,7,7,1,8355
1022,3,12A218,09,40098,4,1,0,01,9,9,9,9,9,9,9,9,9,9,9,9,2,8,8,5,8,8,1,1,5,1,1,9,9,9,9,9,9,4,9,9,7,6,6,1,16709
1022,3,12A218,09,40098,1,1,0,02,8,8,7,7,7,7,7,7,7,5,6,7,4,8,8,8,8,8,1,1,1,1,1,7,8,8,10,7,8,7,8,8,7,7,7,1,16709
1022,3,12A218,09,40098,2,1,0,01,7,7,7,7,10,4,10,10,10,7,8,7,4,8,8,8,8,8,2,2,2,2,2,7,8,8,10,8,7,6,8,8,8,8,8,1,8355
1022,7,13A204,09,40100,1,1,0,03,10,10,9,9,9,6,8,8,8,8,7,8,3,8,8,8,8,8,1,1,1,1,1,9,8,9,9,9,9,7,8,10,8,8,8,1,29872
1022,7,13A204,09,40100,4,1,0,01,9,9,9,9,10,8,10,10,10,9,6,10,4,9,8,8,8,8,0,0,0,0,0,9,9,10,10,10,10,4,8,10,7,7,7,1,9957
1022,7,13A204,09,40100,3,1,0,02,7,7,7,7,9,9,8,8,10,8,8,9,2,7,7,7,7,7,2,2,2,2,2,8,8,8,7,7,8,7,8,8,8,8,8,1,39829
1022,7,13A204,09,40100,2,1,0,01,8,8,8,8,10,10,10,10,10,9,7,9,2,7,7,7,7,8,1,1,3,2,1,9,9,9,9,9,9,9,9,9,9,9,9,1,9957
1022,7,12A204,09,40102,4,1,0,01,9,9,9,8,8,8,8,8,8,7,8,8,2,7,7,7,7,7,1,1,1,1,1,7,7,7,7,7,7,7,8,7,7,7,7,1,18092
1022,7,12A204,09,40102,1,1,0,03,10,10,10,10,10,10,10,10,10,9,8,9,1,9,9,9,9,9,1,1,1,1,1,9,10,10,10,10,10,6,6,9,7,8,8,1,36183
1022,7,12A204,09,40102,2,1,0,01,8,8,8,8,8,8,8,8,8,8,7,7,6,8,8,6,8,8,1,1,3,1,1,7,8,8,10,7,7,7,8,8,8,8,8,1,9045
1022,7,12A204,09,40102,3,1,0,01,7,7,7,7,7,7,5,8,8,7,9,8,3,8,7,5,5,7,1,1,5,1,1,7,7,7,7,7,7,7,7,7,7,8,8,1,9045
1022,3,11A218,09,40139,2,1,0,03,10,10,10,10,10,10,10,10,8,10,8,10,5,10,10,10,10,8,0,0,0,0,0,8,10,7,10,7,8,5,10,9,8,7,7,1,51958
1022,3,11A218,09,40139,3,1,0,02,7,1,10,10,10,10,10,10,8,10,10,7,5,10,10,7,10,8,0,0,0,0,0,6,7,6,10,5,10,5,9,10,9,5,5,1,25979
1022,3,11A218,09,40139,1,1,0,06,7,7,8,7,8,7,9,9,8,8,8,10,7,9,8,8,6,5,0,1,2,4,5,8,10,7,10,7,8,7,9,8,9,8,7,1,17319
1022,3,11A218,09,40142,4,1,0,01,5,5,7,5,5,3,8,10,8,5,8,5,2,2,0,0,0,5,7,10,5,10,0,5,0,10,10,0,10,0,5,0,10,10,5,1,31422
1022,3,11A218,09,40142,2,1,1,02,10,10,10,10,10,10,10,10,10,10,10,5,10,10,10,9,8,10,0,0,1,1,0,8,10,10,10,10,10,10,10,10,10,8,8,1,15711
1022,3,11A218,09,40142,3,1,0,01,8,8,10,10,10,10,10,10,10,10,10,10,0,8,7,7,5,5,2,2,3,0,3,7,7,7,9,8,8,5,8,8,8,9,9,1,15711
1022,3,12A218,09,40144,1,1,0,01,9,10,10,10,10,10,10,10,10,10,10,10,10,8,10,10,10,7,1,0,0,0,0,7,9,9,10,10,10,7,8,9,6,6,8,1,16824
1022,3,12A218,09,40144,4,1,0,02,9,6,10,10,10,10,10,10,5,5,0,10,9,10,10,10,10,10,0,0,0,0,0,9,10,8,10,8,8,5,9,9,8,7,9,1,25237
1022,3,12A218,09,40144,3,1,0,02,9,9,10,10,10,10,10,10,10,10,10,10,8,5,5,5,5,5,0,0,5,0,0,9,10,10,10,10,10,10,10,10,8,8,8,1,16824
1022,3,12A218,09,40144,2,1,0,01,7,8,8,8,10,9,8,10,5,8,10,10,0,10,10,10,10,10,0,0,0,0,0,6,8,8,8,8,5,5,10,8,6,6,9,1,8413
1022,3,12A218,09,40148,2,1,0,01,8,8,9,8,8,8,10,8,7,9,8,10,1,8,8,7,8,8,2,2,3,2,2,8,8,10,8,8,7,0,9,9,7,7,8,1,8507
1022,3,12A218,09,40148,1,1,0,01,7,6,8,8,6,7,9,8,6,7,10,9,5,8,8,7,8,8,2,2,3,2,2,8,7,10,8,7,7,0,8,8,8,8,9,1,17014
1022,3,12A218,09,40148,3,1,0,02,8,8,10,8,7,8,10,9,7,8,8,10,2,8,8,7,9,8,2,2,3,1,2,8,8,10,8,8,8,5,8,8,8,8,9,1,42535
1022,3,12A218,09,40148,4,1,0,02,7,6,9,8,7,9,10,8,8,9,7,9,2,7,8,7,8,7,3,2,3,2,3,7,8,10,8,9,7,0,8,8,7,7,8,1,17014
1022,3,12A218,09,40188,1,1,0,01,8,8,9,9,8,9,10,9,5,9,9,9,2,9,9,8,9,8,1,1,2,1,2,8,9,9,9,9,7,5,8,8,7,8,8,1,7961
1022,3,12A218,09,40188,2,1,0,01,7,7,8,7,7,7,9,8,7,7,10,9,5,8,8,7,7,8,2,2,3,3,2,7,7,9,8,7,7,0,7,8,8,8,8,1,23883
1022,3,12A218,09,40188,3,1,0,01,8,8,8,8,7,8,9,8,5,8,9,9,4,9,8,7,8,8,1,2,3,2,2,8,8,9,9,8,7,6,8,9,9,8,8,1,39804
1022,3,12A218,09,40188,4,1,0,03,8,8,10,9,9,9,10,9,8,10,7,10,4,9,9,8,9,9,1,1,2,1,1,8,9,10,9,9,7,0,9,9,7,8,8,1,23883
1022,6,11A205,09,40250,4,1,0,01,10,10,10,10,10,10,9,9,9,9,8,8,0,9,9,9,9,9,0,0,0,0,0,8,8,8,8,8,9,5,9,8,8,7,5,1,6953
1022,6,11A205,09,40250,1,1,0,03,10,10,10,10,10,10,10,10,10,8,8,8,0,10,10,10,10,9,0,0,0,0,0,9,9,9,9,9,9,0,8,9,8,7,2,1,20858
1022,6,11A205,09,40250,2,1,0,01,8,7,8,8,8,7,7,7,7,8,9,7,6,6,6,8,8,8,4,3,0,0,0,7,7,7,7,7,7,6,8,8,7,7,5,1,6953
1022,6,11A205,09,40250,3,1,0,01,7,7,7,7,7,7,7,8,8,7,10,6,0,6,7,7,7,7,4,0,0,0,0,7,7,7,7,7,7,0,8,8,8,6,0,1,13906
1022,6,11A205,09,40253,4,1,0,01,6,5,10,10,10,8,9,9,7,10,10,7,8,10,5,5,0,5,0,3,5,0,0,5,10,7,10,7,5,7,8,10,8,7,6,1,35436
1022,6,11A205,09,40253,1,1,0,02,5,5,10,5,10,10,10,10,10,10,3,8,0,5,5,3,8,5,5,4,6,0,3,5,4,8,9,7,5,3,9,8,8,5,5,1,26577
1022,6,11A205,09,40253,2,1,0,01,9,9,10,10,10,10,10,1,0,1,2,3,4,5,6,7,9,8,0,0,0,0,2,7,9,9,9,9,9,4,8,5,5,6,6,1,26577
1022,6,11A205,09,40253,3,1,0,02,8,8,10,10,10,10,10,10,10,10,6,10,0,8,10,10,10,9,2,0,0,0,1,9,10,10,10,6,7,6,10,8,8,8,8,1,17718
1022,6,12A205,09,40254,3,1,0,01,8,8,10,9,10,7,10,10,8,10,10,10,7,10,10,10,10,10,0,0,0,0,0,8,8,8,10,7,10,7,10,8,8,8,8,1,31547
1022,6,12A205,09,40254,1,1,0,01,7,7,9,8,10,8,10,10,8,10,9,10,6,10,10,10,10,8,0,0,0,0,0,7,10,7,8,7,8,7,10,10,9,7,7,1,15773
1022,6,12A205,09,40254,4,1,0,01,8,7,8,7,8,7,8,9,6,8,8,8,7,9,8,8,9,8,0,0,0,0,0,8,8,8,8,7,8,7,8,9,8,7,6,1,7886
1022,6,12A205,09,40254,2,1,1,02,7,7,8,7,7,7,8,10,10,9,9,9,6,9,10,9,10,8,0,0,0,0,0,8,10,7,9,7,8,7,9,8,8,8,7,1,23660
1022,2,13B211,09,40286,1,1,0,04,9,9,10,9,8,8,9,10,8,10,9,9,8,10,10,10,10,9,0,0,0,0,0,8,10,7,9,7,10,7,10,10,9,8,7,1,35956
1022,2,13B211,09,40286,3,1,0,03,8,8,10,9,9,9,10,10,8,10,9,10,7,10,10,10,10,9,0,0,0,0,0,8,9,7,9,7,8,7,8,9,8,7,7,1,35956
1022,2,13B211,09,40286,4,1,0,01,8,8,9,9,10,8,10,10,8,9,8,9,6,9,9,8,10,8,1,0,2,0,0,8,10,8,9,7,8,6,9,10,9,7,5,1,7191
1022,2,12B211,09,40288,4,1,0,02,8,8,10,10,10,7,10,10,8,10,10,10,7,10,10,6,8,9,0,0,0,0,0,8,7,9,10,8,10,7,10,9,8,8,7,1,17492
1022,2,12B211,09,40288,2,1,1,01,9,9,10,9,10,9,10,10,9,10,9,10,3,10,10,9,10,9,0,0,0,0,0,9,10,10,10,8,8,7,10,10,9,8,7,1,17492
1022,2,12B211,09,40288,3,1,0,02,8,8,9,9,9,7,9,10,8,10,10,10,4,10,9,7,9,9,0,0,2,0,0,8,8,8,10,8,10,7,10,10,8,8,8,1,17492
1022,2,12B211,09,40288,1,1,0,01,8,8,9,8,9,8,10,10,7,9,8,10,6,9,8,8,10,7,0,0,0,0,0,8,10,8,9,7,8,7,10,8,9,7,7,1,8746
1022,2,11B211,09,40289,4,1,0,01,10,10,10,10,10,10,10,10,10,10,0,10,0,2,5,5,5,5,7,5,0,0,0,10,10,10,10,10,10,0,10,10,10,3,3,1,5663
1022,2,11B211,09,40289,1,1,0,01,10,8,9,10,10,10,10,10,10,10,10,10,0,10,10,10,10,10,0,0,0,0,0,9,10,10,10,10,10,0,10,9,8,9,9,1,11326
1022,2,11B211,09,40289,2,1,0,02,8,8,10,10,10,10,10,10,10,10,5,10,0,7,10,7,10,10,2,0,2,0,0,8,10,10,10,10,10,5,10,10,10,10,10,1,11326
1022,2,11B211,09,40289,3,1,0,01,10,9,10,10,10,10,10,10,10,10,0,10,0,10,10,8,10,10,0,0,2,0,0,8,10,10,10,10,10,4,10,8,7,8,5,1,28316
1022,2,11B211,09,40291,4,1,0,02,10,10,10,10,9,10,9,9,8,8,9,8,5,7,9,9,10,8,3,0,0,0,0,8,9,8,8,8,8,5,8,9,7,7,6,1,21587
1022,2,11B211,09,40291,1,1,0,01,9,9,10,9,9,9,9,9,8,9,8,8,0,9,9,9,9,9,0,0,0,0,0,8,8,7,7,9,9,6,9,8,7,6,4,1,7196
1022,2,11B211,09,40291,2,1,0,02,9,9,9,9,9,9,9,9,8,9,9,8,0,9,9,9,9,8,0,0,0,0,0,9,9,8,8,8,9,3,8,8,7,7,6,1,21587
1022,2,11B211,09,40291,3,1,0,02,9,9,9,8,8,8,8,8,7,7,9,6,5,6,8,8,8,8,4,0,0,0,0,8,7,7,8,7,8,5,8,8,6,6,3,1,14391
1022,6,13A205,09,40297,4,1,1,01,8,8,10,9,10,8,10,10,8,10,7,10,6,9,8,8,10,8,0,0,0,0,0,8,9,9,9,8,9,7,10,10,9,8,6,1,9626
1022,6,13A205,09,40297,3,1,0,01,9,9,10,9,10,8,10,10,8,9,8,10,5,10,10,9,10,8,0,0,0,0,0,9,9,10,10,8,10,7,10,10,9,8,6,1,28877
1022,6,13A205,09,40297,2,1,0,05,9,9,10,9,10,9,10,10,9,9,9,9,8,9,10,9,10,8,0,0,0,0,0,9,9,9,10,8,10,7,10,10,9,7,6,1,38503
1022,6,13A205,09,40297,1,1,1,01,8,8,9,8,10,8,10,10,8,8,7,10,6,8,8,8,9,8,0,0,0,0,0,8,9,8,8,6,8,6,9,8,9,7,5,1,9626
1022,6,12A205,09,40349,2,1,0,01,8,8,9,8,10,9,10,10,8,9,8,10,6,9,8,8,10,8,0,0,0,0,0,8,9,8,9,7,8,7,9,10,9,7,6,1,24207
1022,6,12A205,09,40349,3,1,0,02,8,8,9,8,9,9,9,10,7,8,8,8,7,9,9,8,10,8,0,0,0,0,0,8,10,7,9,7,9,7,9,9,8,7,7,1,24207
1022,6,12A205,09,40349,4,1,0,03,8,8,8,7,9,8,9,10,8,8,8,8,6,10,10,9,10,8,0,0,0,0,0,9,9,9,9,7,8,7,10,8,8,7,6,1,24207
1022,6,12A205,09,40349,1,1,0,01,8,8,9,8,10,8,9,10,7,10,8,8,6,8,8,8,10,8,0,0,0,0,0,8,10,8,8,7,9,7,10,9,8,7,7,1,8069
1022,2,11B211,09,40387,3,1,0,01,10,9,9,9,9,9,9,9,9,9,8,8,0,7,8,8,8,8,3,0,0,0,0,8,8,8,8,9,9,5,8,8,8,7,4,1,14385
1022,2,11B211,09,40387,2,1,0,01,9,9,9,9,9,10,9,9,9,9,9,9,0,7,9,9,10,8,2,0,0,0,0,8,8,8,9,9,9,6,9,9,8,6,3,1,28770
1022,2,11B211,09,40387,1,1,0,02,9,9,9,9,9,9,9,8,8,7,7,8,6,6,8,8,9,8,3,0,0,0,0,8,8,8,8,8,8,5,8,8,7,7,5,1,21578
1022,2,11B211,09,40387,4,1,0,01,10,10,10,10,10,10,9,9,9,9,7,8,0,9,9,9,9,9,0,0,0,0,0,8,9,8,9,9,9,5,8,8,8,8,6,1,14385
1022,2,12B211,09,40388,1,1,0,01,9,8,8,8,9,7,8,8,7,8,7,7,6,7,6,7,8,8,3,0,2,0,0,8,8,7,8,8,8,5,8,8,7,7,5,1,27509
1022,2,12B211,09,40388,2,1,0,05,10,10,10,10,10,10,8,10,10,8,7,8,0,10,10,10,10,9,0,0,0,0,0,9,9,9,9,9,9,5,9,9,9,7,4,1,36678
1022,2,12B211,09,40388,3,1,0,01,8,6,8,7,7,7,7,8,7,7,9,7,7,5,6,6,7,7,4,4,0,0,0,7,7,7,7,7,6,3,7,7,7,6,5,1,36678
1022,2,12B211,09,40388,4,1,0,02,10,10,10,10,10,10,10,10,9,8,7,9,0,9,9,9,9,9,0,0,0,0,0,9,9,9,9,9,9,0,9,9,9,7,2,1,36678
1022,6,12A205,09,40398,1,1,0,03,10,10,10,10,8,8,9,9,7,8,8,8,4,9,9,9,9,9,0,0,0,0,0,8,9,8,9,9,9,6,8,8,8,7,5,1,20233
1022,6,12A205,09,40398,3,1,0,01,9,9,9,9,9,9,8,8,9,8,8,8,5,6,8,8,8,8,3,0,0,0,0,8,8,8,8,8,8,4,8,8,8,6,3,1,13489
1022,6,12A205,09,40398,4,1,0,01,10,10,10,10,10,10,10,10,9,9,7,9,0,9,9,9,10,9,0,0,0,0,0,9,8,8,8,8,9,6,9,8,8,7,6,1,13489
1022,6,11A205,09,40399,2,1,1,01,9,9,10,10,10,10,10,10,10,10,10,10,0,10,10,9,10,10,0,0,1,0,0,9,9,9,10,10,10,8,8,8,8,9,9,1,29882
1022,6,11A205,09,40399,1,1,0,01,7,10,10,10,10,10,10,10,10,10,10,10,9,9,10,5,10,10,1,0,5,0,0,8,10,10,10,10,6,6,8,6,6,6,9,1,29882
1022,6,11A205,09,40399,3,1,0,04,10,10,10,10,10,10,10,10,10,10,10,10,8,7,10,5,5,7,2,0,5,0,2,10,5,10,10,10,10,5,10,10,5,10,10,1,37353
1022,2,12B211,09,40437,2,1,0,01,7,7,7,6,6,7,6,6,6,6,9,7,6,5,5,5,6,7,4,4,4,0,0,8,6,6,6,7,7,6,6,8,8,7,7,1,16418
1022,2,12B211,09,40437,3,1,0,01,10,10,10,10,10,10,10,9,8,8,8,8,0,9,9,9,9,9,0,0,0,0,0,9,9,9,9,9,9,4,9,9,8,7,5,1,24627
1022,2,12B211,09,40437,4,1,0,01,7,6,6,7,6,6,6,6,6,6,10,6,6,5,5,5,6,6,4,4,4,0,0,6,6,6,7,7,6,6,8,8,8,7,7,1,8209
1022,5,11A206,09,40447,4,1,0,03,10,10,10,10,10,4,9,10,9,9,7,9,8,10,10,10,10,9,0,0,0,0,0,7,10,10,10,10,10,9,9,9,8,8,8,1,21421
1022,5,11A206,09,40447,1,1,0,01,10,10,10,10,10,10,10,10,10,10,7,10,4,10,10,5,10,10,0,0,4,0,0,7,10,10,10,10,10,4,8,9,7,7,7,1,7140
1022,5,11A206,09,40447,2,1,0,01,8,8,8,8,6,6,8,8,8,8,9,9,3,7,7,5,7,7,1,1,5,3,2,8,8,8,8,8,8,4,8,9,8,8,8,1,7140
1022,5,11A206,09,40447,3,1,0,01,10,10,10,10,10,10,10,10,10,7,7,9,9,10,10,10,10,10,0,0,0,0,0,7,10,10,10,10,10,3,9,8,8,6,6,1,7140
1022,4,12A217,09,40475,1,1,0,01,7,7,7,5,10,5,5,8,5,7,7,5,2,8,5,5,5,5,1,1,5,2,5,6,6,6,6,6,6,6,6,8,6,6,6,1,7611
1022,4,12A217,09,40475,4,1,0,01,6,6,7,7,7,7,7,10,8,8,7,7,6,6,6,6,6,6,2,2,2,2,2,6,6,6,4,3,3,2,5,6,6,5,5,1,7611
1022,4,12A217,09,40475,3,1,0,02,5,5,6,6,6,6,6,6,6,6,6,7,3,7,7,7,7,7,1,1,1,1,1,5,6,6,6,6,6,6,8,7,7,6,6,1,45667
1022,4,12A217,09,40475,2,1,0,01,9,9,10,10,9,9,10,10,10,9,8,9,2,9,9,9,9,9,1,1,1,1,1,10,9,10,10,10,9,7,9,10,8,7,7,1,15223
1022,4,12A217,09,40477,4,1,0,04,10,10,10,9,9,9,9,9,8,8,7,8,0,9,8,9,9,8,0,0,0,0,0,8,9,7,8,8,8,6,8,8,8,7,6,1,38498
1022,4,12A217,09,40477,3,1,0,04,10,10,10,10,8,8,8,10,9,9,6,7,0,9,9,9,10,9,0,0,0,0,0,8,9,8,8,8,8,6,9,9,8,7,5,1,38498
1022,4,12A217,09,40477,2,1,1,02,8,8,8,8,7,7,7,7,7,7,9,7,6,6,6,5,7,6,4,3,5,0,4,7,6,7,7,7,7,5,7,8,8,7,7,1,23099
1022,4,12A217,09,40477,1,1,0,01,8,7,8,8,8,8,8,8,8,8,10,6,6,6,7,5,6,7,4,0,5,0,0,7,6,7,8,7,7,5,8,8,8,8,7,1,23099
1022,4,12A217,09,40479,3,1,0,01,7,7,9,8,8,7,9,8,4,7,8,9,2,8,8,6,7,8,2,2,4,3,2,7,7,10,8,7,8,0,8,8,7,7,9,1,7376
1022,4,12A217,09,40479,1,1,0,01,7,7,8,8,7,7,9,8,7,8,9,9,4,8,8,6,7,8,2,2,4,3,2,7,7,9,8,7,8,6,7,8,8,8,8,1,7376
1022,4,12A217,09,40479,4,1,0,01,7,6,8,8,8,8,10,8,5,8,8,9,5,8,8,7,8,8,2,2,3,2,2,7,8,9,8,8,6,4,8,8,7,7,8,1,7376
1022,4,12A217,09,40479,2,1,0,01,7,7,8,8,7,8,10,8,6,7,9,9,3,8,8,5,5,5,2,2,5,5,5,2,2,3,2,2,7,0,7,8,7,7,8,1,22126
1022,1,11B212,09,40482,1,1,0,02,8,8,9,9,9,10,9,10,9,9,10,9,8,9,5,5,10,9,0,4,4,0,0,9,9,8,10,9,9,7,9,10,7,8,8,1,34889
1022,1,11B212,09,40482,2,1,0,01,5,8,8,8,10,8,10,10,10,10,10,10,10,8,2,0,0,0,0,7,10,0,4,8,8,10,8,8,8,0,7,7,7,7,7,1,23259
1022,1,11B212,09,40482,3,1,0,05,9,7,10,10,10,10,10,10,10,10,10,10,3,10,10,7,10,10,0,0,2,0,0,9,10,10,10,10,10,0,10,10,10,5,5,1,58148
1022,1,11B212,09,40482,4,1,0,01,10,8,10,10,10,10,10,10,10,10,10,10,0,5,0,2,10,0,0,0,7,0,0,10,5,10,10,9,10,10,10,10,10,10,10,1,58148
1022,8,11A203,09,40483,1,1,0,02,7,7,8,7,8,8,8,9,7,8,8,7,5,8,9,7,9,8,0,0,0,0,0,7,7,7,8,6,8,7,9,7,7,7,7,1,28208
1022,8,11A203,09,40483,2,1,0,02,9,9,10,9,10,9,10,10,8,10,10,10,7,10,10,8,10,8,0,0,0,0,0,8,9,8,9,7,9,7,9,9,8,8,8,1,14104
1022,8,11A203,09,40483,3,1,0,01,7,7,9,8,10,8,10,10,8,10,8,10,6,10,10,9,10,8,0,0,0,0,0,7,9,7,8,7,8,7,8,8,8,8,7,1,21156
1022,8,11A203,09,40483,4,1,0,01,7,7,7,7,8,7,8,8,7,8,8,8,5,8,8,6,8,7,0,1,2,0,0,8,7,7,7,6,8,7,8,8,8,7,7,1,7052
1022,8,12A203,09,40484,2,1,0,01,7,6,8,7,8,8,9,9,7,8,7,9,5,8,8,8,10,7,0,0,0,0,0,7,9,7,8,6,8,7,8,9,9,7,5,1,17632
1022,8,12A203,09,40484,1,1,0,02,9,9,9,9,10,8,10,10,7,10,8,10,7,9,9,8,10,8,0,0,1,0,0,9,10,7,8,7,8,7,10,10,8,8,8,1,17632
1022,8,12A203,09,40484,3,1,0,01,8,7,8,7,9,8,9,10,7,9,7,8,6,8,8,7,10,8,1,0,2,0,0,8,7,8,8,7,8,6,8,9,9,7,6,1,17632
1022,8,12A203,09,40484,4,1,0,01,8,8,9,9,10,8,10,10,8,10,8,10,6,9,10,9,10,8,0,0,0,0,0,8,9,9,9,8,10,6,10,10,9,6,4,1,8816
1022,1,11B212,09,40485,1,1,0,01,8,8,8,9,10,9,9,9,8,8,9,8,6,7,9,9,10,9,3,0,0,0,0,7,9,8,8,8,8,3,8,7,7,7,4,1,7559
1022,1,11B212,09,40485,4,1,0,02,9,9,10,9,8,8,8,9,8,8,7,8,4,7,9,9,9,9,2,0,0,0,0,8,9,9,9,9,9,3,8,9,8,5,5,1,15118
1022,1,11B212,09,40485,3,1,0,02,10,10,10,10,8,8,8,8,8,8,9,8,4,7,9,9,9,9,3,0,0,0,0,9,9,9,9,9,9,5,8,9,8,7,6,1,22677
1022,1,13B212,09,40486,3,1,0,01,7,6,8,8,8,8,10,8,7,9,9,10,5,8,8,7,8,8,2,2,3,2,2,7,8,10,8,8,7,5,8,8,7,7,8,1,18987
1022,1,13B212,09,40486,2,1,0,03,7,7,8,8,9,8,10,9,6,9,8,10,2,9,9,7,9,8,1,1,3,1,2,7,8,10,9,8,8,0,9,9,9,7,9,1,28481
1022,1,13B212,09,40486,1,1,0,03,8,8,10,10,9,8,10,9,8,10,8,10,4,8,8,7,9,8,2,2,3,1,2,8,9,10,9,9,8,5,9,9,8,8,8,1,37975
1022,5,11A206,09,40500,3,1,0,02,8,8,8,8,8,8,8,8,8,8,9,7,7,6,6,8,8,8,4,3,0,0,0,7,7,7,7,7,6,6,7,8,7,7,6,1,21327
1022,5,11A206,09,40500,2,1,0,01,9,9,10,9,9,9,9,9,8,9,8,8,0,8,9,9,10,8,0,0,0,0,0,9,8,8,9,8,8,3,9,9,7,6,5,1,28436
1022,5,11A206,09,40500,1,1,0,01,9,9,9,9,9,9,9,9,9,9,6,8,7,6,8,8,9,8,3,0,0,0,0,8,8,8,9,8,8,3,8,8,8,6,4,1,28436
1022,8,12A203,09,40537,3,1,0,01,7,7,8,8,9,8,8,9,7,10,8,10,6,9,9,7,10,8,0,0,0,0,0,7,8,7,9,7,9,7,9,8,8,7,7,1,8223
1022,8,12A203,09,40537,4,1,0,01,7,7,8,8,9,8,9,10,8,9,8,10,5,9,9,8,10,8,0,0,0,0,0,7,8,7,8,7,7,7,8,8,8,8,8,1,24668
1022,8,12A203,09,40537,1,1,0,01,7,6,8,8,8,7,8,8,7,8,8,8,4,8,8,7,8,8,0,2,2,0,0,7,7,7,8,6,7,7,8,8,8,7,6,1,16445
1022,8,12A203,09,40537,2,1,0,01,8,7,9,8,9,8,10,10,7,9,9,10,6,9,9,7,10,8,0,0,0,0,0,8,8,8,9,7,9,7,9,9,8,7,7,1,24668
1022,8,13A203,09,40538,2,1,0,01,8,7,8,8,8,8,10,9,7,8,8,10,2,8,8,8,8,8,2,2,2,2,2,8,8,10,8,8,8,0,8,8,8,8,8,1,19820
1022,8,13A203,09,40538,3,1,0,01,7,6,8,8,8,7,9,8,7,7,9,8,5,7,7,7,7,7,2,2,3,3,3,7,7,8,8,8,8,0,7,8,8,7,8,1,9910
1022,8,13A203,09,40538,4,1,0,01,8,7,8,7,8,8,10,9,7,8,8,10,1,9,9,8,8,8,1,1,2,2,2,8,8,10,9,8,9,0,8,8,7,8,8,1,9910
1022,8,13A203,09,40538,1,1,0,01,7,7,8,8,8,8,10,8,7,8,8,10,4,9,8,8,8,8,1,2,2,2,2,8,8,9,8,8,8,6,8,8,8,8,8,1,9910
1022,8,11A203,09,40539,1,1,0,01,8,8,10,9,9,9,10,10,10,10,8,8,1,6,8,6,8,9,3,2,3,2,0,7,8,8,9,9,9,3,9,7,5,3,1,1,32046
1022,8,11A203,09,40539,2,1,0,01,5,6,5,8,7,9,8,10,10,10,10,5,0,7,4,4,10,8,3,6,5,0,0,0,10,6,5,5,0,0,10,10,5,0,0,1,16023
1022,8,11A203,09,40539,3,1,0,01,6,9,9,10,10,10,10,10,5,10,5,10,7,10,10,10,10,10,0,0,0,0,0,5,9,9,9,9,9,7,6,9,9,9,9,1,8011
1022,8,12A203,09,40541,2,1,1,02,9,9,9,9,9,9,9,9,9,9,7,9,1,9,9,9,9,9,1,1,1,1,1,8,9,9,9,9,9,5,9,9,7,7,7,1,27815
1022,8,12A203,09,40541,4,1,0,03,10,10,10,10,10,10,10,10,10,8,8,9,4,10,10,10,10,10,0,0,0,0,0,10,10,10,10,10,10,5,10,10,10,10,10,1,27815
1022,8,12A203,09,40541,3,1,0,01,7,9,8,8,8,8,8,10,10,9,7,8,3,8,8,8,8,8,2,1,1,0,0,9,9,9,8,8,8,4,8,9,9,7,7,1,55629
1022,5,12A206,09,40547,4,1,0,01,10,10,10,10,10,10,10,10,10,10,10,10,0,10,10,10,10,10,0,0,0,0,0,5,10,10,10,5,10,10,10,10,10,10,10,1,7753
1022,5,12A206,09,40547,3,1,0,03,7,7,9,9,10,5,5,6,5,8,0,8,5,10,10,10,10,10,0,0,0,0,0,7,10,9,10,10,9,0,5,5,7,5,5,1,23258
1022,5,12A206,09,40547,2,1,0,01,9,9,10,10,10,10,10,10,10,10,5,10,5,9,10,9,10,10,1,0,1,0,0,9,8,9,9,9,10,6,9,9,9,7,8,1,31010
1022,5,12A206,09,40547,1,1,0,01,8,8,8,10,10,10,10,10,10,10,8,8,0,10,10,10,10,10,0,0,0,0,0,7,10,9,9,7,10,8,8,10,10,8,8,1,15505
1022,5,13A206,09,40550,3,1,0,02,10,10,10,10,10,10,10,10,10,10,7,10,2,9,6,10,10,6,1,3,0,0,0,10,10,10,10,10,10,8,10,9,9,9,9,1,23909
1022,5,13A206,09,40550,4,1,0,01,10,10,10,10,10,10,10,10,10,9,6,10,2,9,9,9,9,9,1,1,1,1,1,9,9,10,10,10,10,7,10,9,7,7,7,1,7970
1022,5,13A206,09,40550,2,1,0,01,8,8,8,8,10,8,8,8,8,8,8,8,4,8,7,7,8,8,1,0,1,1,1,8,10,10,10,9,9,5,7,7,7,8,8,1,7970
1022,5,13A206,09,40550,1,1,0,01,7,8,8,8,8,9,9,9,10,9,7,9,1,7,7,7,7,7,2,2,2,2,2,9,9,9,9,8,8,6,8,9,7,8,8,1,7970
1022,5,12A206,09,40552,4,1,0,01,10,10,10,10,10,10,10,10,10,10,7,9,4,8,8,5,8,8,0,0,5,0,0,8,10,10,10,8,10,5,10,10,5,7,7,1,6901
1022,5,12A206,09,40552,1,1,0,02,9,8,10,10,10,10,10,10,10,10,8,9,2,9,9,9,9,9,0,0,0,0,0,9,10,10,10,10,10,5,10,10,4,8,8,1,13801
1022,4,11A217,09,40575,3,1,0,01,8,8,8,8,8,8,8,6,8,8,10,7,6,6,6,8,8,8,4,4,0,0,0,7,7,7,7,7,7,6,8,8,8,7,6,1,12107
1022,4,11A217,09,40575,2,1,0,01,10,10,9,9,9,9,9,9,9,9,8,9,0,9,9,9,9,9,0,0,0,0,0,9,8,8,8,8,9,6,9,8,8,7,5,1,36322
1022,4,11A217,09,40575,1,1,0,02,7,7,7,7,7,7,7,8,8,8,9,7,6,6,5,5,6,7,0,4,4,0,0,7,6,6,8,7,6,5,8,8,8,7,7,1,24215
1022,4,11A217,09,40575,4,1,0,01,10,10,10,10,10,10,10,9,8,8,7,8,6,7,9,10,10,10,3,0,0,0,0,8,9,8,8,8,8,4,9,8,8,8,5,1,12107
1022,4,12A217,09,40576,4,1,0,02,8,8,10,10,10,10,10,8,10,10,7,10,5,10,10,10,8,8,0,0,0,1,0,9,10,8,10,10,10,4,10,10,8,7,8,1,19279
1022,4,12A217,09,40576,1,1,0,01,8,10,10,10,10,10,10,10,10,10,0,10,0,5,5,5,5,5,0,5,5,0,0,9,10,10,10,10,10,0,10,9,9,3,3,1,9639
1022,4,12A217,09,40576,2,1,0,02,6,8,9,10,10,10,10,10,10,10,8,10,3,10,10,8,10,10,0,0,2,0,0,8,10,10,10,10,10,10,10,10,10,10,10,1,19279
1022,1,11B212,09,40584,4,1,0,02,9,9,9,9,9,9,9,9,9,9,8,9,2,9,9,9,9,9,1,1,1,1,1,10,10,10,10,10,10,6,9,9,5,8,8,1,16143
1022,1,11B212,09,40584,1,1,0,03,9,9,9,9,9,9,9,10,7,8,7,10,4,10,10,10,10,10,0,0,0,0,0,8,8,10,10,10,9,6,8,9,6,9,9,1,24215
1022,1,11B212,09,40584,2,1,0,01,9,9,9,9,9,9,9,9,9,9,8,9,5,9,9,9,9,9,1,1,1,1,1,8,9,9,10,7,9,6,9,9,9,9,9,1,8072
1022,1,11B212,09,40584,3,1,0,01,7,8,8,7,7,7,7,9,10,10,7,9,4,8,8,8,8,8,1,1,1,1,1,7,9,9,9,8,9,8,9,8,8,8,8,1,8072
1022,1,12B212,09,40587,1,1,0,01,7,7,8,8,8,8,10,8,6,8,9,10,4,8,8,6,8,8,2,2,4,2,2,7,7,10,8,8,8,4,8,8,9,7,8,1,7846
1022,1,12B212,09,40587,3,1,0,01,8,7,9,9,9,8,10,9,7,8,9,10,4,9,9,7,8,8,1,1,3,2,2,8,8,10,9,8,9,6,9,9,9,9,9,1,15692
1022,1,12B212,09,40587,4,1,0,01,7,6,8,8,8,8,9,8,5,8,8,9,3,8,8,6,8,8,2,2,4,2,2,7,7,9,8,8,7,0,8,8,7,6,8,1,15692
1022,1,12B212,09,40587,2,1,0,01,7,6,8,8,8,8,10,8,7,9,9,10,4,9,9,6,9,8,1,1,4,1,2,8,8,10,8,8,8,0,9,8,9,8,9,1,7846
1022,8,13A203,09,40588,3,1,0,02,8,8,9,9,8,9,10,9,8,10,8,10,3,9,9,8,9,8,1,1,2,1,2,8,8,10,10,9,8,0,9,9,9,7,9,1,14919
1022,8,13A203,09,40588,2,1,0,01,8,8,9,8,9,8,10,9,7,8,8,10,4,9,9,8,9,8,1,1,2,1,2,8,8,10,9,8,8,0,8,9,9,8,9,1,7459
1022,8,13A203,09,40588,1,1,0,03,8,8,8,8,8,8,9,9,8,8,8,9,2,8,8,6,8,8,2,2,4,2,2,8,7,10,9,8,8,0,8,9,9,8,8,1,22378
1022,8,13A203,09,40588,4,1,1,01,8,8,10,10,8,10,10,9,8,10,7,10,2,9,9,7,9,8,1,1,3,1,2,8,8,10,10,9,8,5,9,9,9,8,8,1,14919
1022,1,12B212,09,40591,4,1,0,01,8,8,10,9,8,9,10,9,7,9,8,10,2,9,9,7,9,8,1,1,3,1,2,8,8,10,9,9,7,0,9,9,8,8,8,1,21516
1022,5,12A206,09,40593,4,1,0,01,7,7,8,9,8,8,9,8,9,8,9,9,3,8,8,6,8,8,2,2,3,2,2,8,8,10,9,8,8,3,8,8,7,7,9,1,8192
1022,5,12A206,09,40593,2,1,0,03,8,8,10,9,9,9,10,9,7,9,8,10,4,9,9,8,9,8,1,1,2,1,2,8,9,10,9,8,8,6,9,9,8,8,9,1,24574
1022,5,12A206,09,40593,3,1,0,01,8,8,8,8,7,8,10,9,6,8,8,10,2,8,8,8,8,8,2,2,2,2,2,8,8,10,9,8,8,5,9,9,8,8,8,1,40956
1022,5,12A206,09,40593,1,1,0,01,7,7,8,8,7,8,10,8,6,8,9,9,2,8,8,7,8,8,2,2,3,2,2,7,8,10,8,8,7,0,8,8,9,8,8,1,16382
1022,5,11A206,09,40596,2,1,0,01,8,7,8,9,8,8,10,9,6,8,8,10,4,9,9,7,9,8,1,1,3,1,2,8,8,10,8,8,8,5,9,8,8,8,9,1,7357
1022,5,11A206,09,40596,3,1,0,02,8,8,8,9,8,8,10,8,8,10,8,10,5,8,8,8,9,8,2,2,2,1,2,8,8,10,9,8,8,6,8,8,8,8,8,1,14715
1022,5,11A206,09,40596,4,1,0,01,8,7,10,9,8,9,10,9,8,10,8,10,3,8,8,8,9,8,2,2,2,1,2,8,9,10,9,9,8,6,9,8,8,8,8,1,14715
1022,5,11A206,09,40596,1,1,0,03,8,8,9,9,9,9,10,9,8,9,8,10,2,9,9,8,9,8,1,1,2,1,2,8,9,10,10,9,8,0,9,9,8,8,8,1,22072
1022,5,13A206,09,40598,1,1,0,01,8,7,8,8,8,7,9,8,6,7,8,9,3,7,8,7,8,7,3,2,3,2,3,7,7,9,8,7,8,0,7,9,8,7,8,1,17689
1022,5,13A206,09,40598,2,1,0,01,8,8,9,9,9,9,10,9,8,9,7,10,3,9,9,8,9,8,1,1,2,1,2,9,9,10,9,9,8,6,9,9,9,8,8,1,26534
1022,5,13A206,09,40598,3,1,0,01,8,8,10,9,8,9,10,9,8,9,7,10,2,9,9,8,8,8,1,1,2,2,2,8,9,10,9,9,8,5,9,9,8,7,8,1,17689
1022,5,13A206,09,40598,4,1,0,02,8,7,9,9,9,9,10,9,8,10,8,10,1,9,9,8,8,8,1,1,1,2,2,8,9,10,10,9,8,0,9,9,9,8,8,1,17689
1022,4,13A217,09,40625,2,1,0,04,9,9,8,8,10,8,8,8,8,8,7,7,5,7,8,8,9,8,3,0,0,0,0,8,9,7,8,8,8,4,8,8,8,6,5,1,54519
1022,4,13A217,09,40625,1,1,0,01,10,10,10,10,10,10,9,9,9,9,8,8,0,9,9,9,10,8,0,0,0,0,0,8,8,8,8,8,9,5,9,9,8,7,5,1,21807
1022,4,13A217,09,40625,4,1,1,02,9,9,9,9,9,9,9,8,9,7,6,7,0,7,8,8,9,7,3,0,0,0,0,8,8,8,8,8,8,5,8,8,8,6,3,1,21807
1022,4,13A217,09,40625,3,1,1,02,7,7,7,7,7,7,6,7,6,6,9,6,6,5,5,4,5,6,5,4,5,4,0,7,5,6,6,6,6,0,6,7,7,7,4,1,21807
1022,4,11A217,09,40627,4,1,0,02,9,6,10,10,10,10,10,10,10,10,10,10,5,10,10,10,10,10,0,0,0,0,0,10,10,10,10,10,10,8,10,10,10,9,9,1,52788
1022,4,11A217,09,40627,1,1,0,01,10,10,10,10,10,10,10,10,10,10,10,10,0,10,10,5,10,10,0,0,4,0,0,10,10,10,10,10,10,9,10,10,7,10,10,1,17596
1022,4,11A217,09,40627,2,1,0,02,6,8,9,10,10,10,10,10,10,10,0,9,9,5,5,5,5,5,0,5,5,0,0,7,7,7,7,7,7,5,8,8,8,7,7,1,17596
1022,4,11A217,09,40627,3,1,0,03,9,9,10,10,10,10,10,10,10,10,0,10,0,5,5,0,0,5,0,5,5,0,0,8,8,9,10,8,8,0,8,9,9,9,9,1,43990
1022,1,11B212,09,40633,4,1,0,02,7,7,9,8,10,9,10,10,7,9,10,10,6,9,9,7,10,9,0,0,0,0,0,8,8,8,8,7,10,7,10,8,8,7,5,1,15707
1022,1,11B212,09,40633,3,1,0,01,7,3,8,10,10,8,10,10,10,10,5,5,4,6,5,6,6,6,2,0,3,2,0,8,10,7,8,8,5,7,8,8,7,8,10,1,7853
1022,1,11B212,09,40633,1,1,0,01,7,5,7,8,8,7,8,9,7,8,7,8,5,9,8,6,10,7,0,0,2,0,0,7,7,8,8,6,8,7,9,10,8,8,7,1,15707
1022,1,11B212,09,40633,2,1,0,02,8,8,8,8,10,9,10,10,8,8,6,8,6,9,9,8,10,8,0,0,0,0,0,8,8,8,8,7,7,7,9,8,8,7,5,1,23560
1022,1,12B212,09,40634,1,1,0,02,8,7,10,8,10,8,10,10,9,10,9,10,7,10,10,8,10,9,0,0,0,0,0,9,9,10,10,8,10,8,10,10,9,7,6,1,24579
1022,8,11A203,09,40635,1,1,0,01,8,6,10,10,10,10,10,10,10,10,10,10,5,7,5,5,5,5,2,0,5,0,0,6,9,10,10,10,10,5,9,8,6,9,10,1,16406
1022,8,11A203,09,40635,2,1,0,01,8,9,10,10,10,10,10,10,10,10,10,10,7,9,10,7,10,5,0,0,2,0,0,8,9,10,10,10,4,4,10,10,5,8,8,1,8203
1022,8,11A203,09,40635,3,1,0,01,5,8,10,10,10,10,10,10,10,10,0,10,5,9,6,6,8,10,0,3,0,0,0,8,10,10,10,10,5,5,8,10,6,6,6,1,8203
1022,8,11A203,09,40635,4,1,0,03,9,9,10,10,10,10,10,10,0,10,10,10,8,10,10,10,10,10,0,0,0,0,0,9,9,9,10,10,7,7,10,7,7,7,7,1,16406
1022,7,11A204,10,40005,2,1,0,02,10,10,9,9,9,10,8,10,10,9,9,8,3,7,5,5,8,6,1,0,5,0,0,9,9,9,8,9,2,4,7,7,7,8,8,1,34080
1022,7,11A204,10,40005,1,1,0,01,9,6,7,8,9,7,9,8,9,7,10,8,6,8,7,4,6,6,0,0,5,0,1,8,7,9,8,9,8,5,8,7,8,9,8,1,25560
1022,7,11A204,10,40005,4,1,0,02,10,9,10,10,9,10,10,10,10,10,10,10,2,8,7,5,10,7,1,2,4,0,0,10,10,10,6,10,0,4,10,5,6,8,5,1,17040
1022,7,11A204,10,40005,3,1,0,01,9,9,7,6,9,9,9,9,10,9,10,9,7,10,10,5,10,6,0,0,4,0,0,9,6,8,10,5,5,6,8,7,10,8,6,1,8520
1022,3,12A218,10,40033,3,1,0,01,10,10,10,10,10,10,10,10,10,10,10,10,5,10,10,10,10,10,0,0,0,0,0,10,10,10,10,10,10,8,10,10,10,10,10,1,13961
1022,3,12A218,10,40033,1,1,0,02,8,6,10,10,10,10,10,10,10,10,10,10,5,10,9,9,10,10,0,1,1,0,0,8,9,8,8,9,10,6,10,10,8,7,8,1,13961
1022,3,12A218,10,40033,4,1,0,03,8,7,10,10,10,10,9,9,10,10,10,10,5,8,9,6,10,8,0,0,4,0,0,10,10,10,10,10,8,6,10,10,9,9,9,1,34902
1022,7,13A204,10,40134,3,1,0,03,10,9,9,10,10,10,9,9,10,9,9,8,5,6,5,6,9,6,3,4,4,1,0,8,9,8,7,7,0,6,9,6,10,8,8,1,28422
1022,7,13A204,10,40134,1,1,0,01,10,10,9,10,10,9,9,8,10,9,10,9,3,9,8,7,8,9,0,0,1,0,0,10,8,9,9,9,9,6,7,8,10,9,9,1,9474
1022,7,13A204,10,40134,2,1,0,02,10,10,10,10,9,9,10,10,10,10,6,10,2,9,9,6,10,10,0,0,4,0,0,10,10,10,8,10,4,6,9,10,10,8,6,1,18948
1022,7,13A204,10,40134,4,1,0,01,8,8,8,10,10,9,10,10,10,10,10,10,5,10,10,10,10,10,0,0,0,0,0,10,7,10,10,10,10,7,10,10,10,10,8,1,9474
1022,2,11B211,10,40190,3,1,0,03,9,8,10,9,10,10,9,10,10,10,10,10,0,10,10,5,10,10,0,0,5,0,0,10,10,10,10,10,10,5,10,10,10,10,10,1,32286
1022,2,11B211,10,40190,2,1,0,02,8,5,8,8,8,7,9,7,10,8,10,8,7,9,8,4,5,5,0,1,5,0,2,9,7,8,8,9,10,5,8,10,7,6,6,1,16143
1022,2,11B211,10,40190,4,1,1,01,10,10,8,10,10,10,10,10,10,10,10,10,3,10,10,10,10,10,0,0,0,0,0,10,6,10,10,10,10,2,10,10,10,10,10,1,8072
1022,2,11B211,10,40190,1,1,0,01,7,8,8,7,9,7,8,6,6,7,10,8,3,8,5,5,5,5,2,3,5,3,4,7,5,8,7,7,10,0,8,6,5,10,7,1,16143
1022,6,11A205,10,40199,2,1,0,01,10,10,10,10,10,10,10,10,10,10,10,10,2,10,10,10,10,10,0,0,0,0,0,10,10,10,10,10,10,5,10,10,10,10,10,1,39534
1022,6,11A205,10,40199,4,1,0,01,10,10,9,9,10,9,10,9,10,9,8,9,4,10,10,10,10,10,0,0,0,0,0,10,8,10,10,10,9,6,10,10,10,9,9,1,59302
1022,6,11A205,10,40199,1,1,0,01,10,10,10,10,10,8,9,10,10,10,10,10,3,10,7,7,7,7,0,2,1,0,2,10,8,10,10,8,8,2,7,9,10,10,9,1,19767
1022,6,12A205,10,40231,1,1,0,01,6,5,10,4,10,2,10,10,10,10,10,6,7,3,4,5,7,5,7,6,5,2,4,7,10,9,7,10,9,8,9,9,10,9,8,1,23358
1022,6,12A205,10,40231,2,1,0,03,6,6,6,6,6,8,8,8,10,8,4,7,5,6,6,5,6,6,3,0,4,0,2,6,7,9,7,6,10,3,9,8,8,5,4,1,23358
1022,6,12A205,10,40231,4,1,0,01,10,10,10,10,10,10,10,10,10,10,9,9,4,9,8,6,10,8,1,0,3,0,0,8,10,7,9,8,7,4,7,7,10,10,7,1,7786
1022,2,12B211,10,40253,4,1,0,01,10,7,10,10,10,10,10,10,10,10,10,10,10,9,9,5,10,8,0,0,4,0,0,7,9,10,7,10,3,4,10,9,9,7,5,1,8678
1022,2,12B211,10,40253,3,1,0,01,8,6,9,9,10,9,9,10,10,8,7,8,7,9,9,7,9,8,0,0,3,0,0,8,8,9,9,9,7,5,8,8,8,8,10,1,17356
1022,2,12B211,10,40253,2,1,0,01,7,7,6,9,9,8,9,10,10,10,10,10,5,9,6,5,6,6,0,3,5,3,4,8,5,7,9,8,3,2,8,7,9,9,9,1,43390
1022,2,12B211,10,40253,1,1,0,02,10,8,10,10,10,10,10,10,10,10,10,9,5,9,9,8,9,10,1,1,2,1,0,10,10,10,10,10,8,5,8,9,10,6,9,1,17356
1022,4,13A217,10,40313,1,1,0,01,9,10,8,8,10,10,9,10,10,10,8,9,3,7,7,8,7,8,2,1,1,0,2,9,7,9,10,8,7,5,7,9,8,9,9,1,21066
1022,4,13A217,10,40313,3,1,0,02,9,9,10,9,9,9,10,10,10,10,9,9,2,10,10,10,10,9,0,0,0,0,0,10,10,10,10,10,8,7,10,10,10,9,10,1,21066
1022,4,13A217,10,40313,2,1,0,02,9,9,10,9,10,9,10,10,10,10,10,9,2,10,5,8,8,9,0,1,1,0,0,10,9,9,10,10,9,0,10,10,10,8,5,1,14044
1022,4,13A217,10,40313,4,1,0,01,10,7,10,10,10,10,10,10,10,10,8,10,0,10,9,6,8,8,0,1,3,0,0,10,10,10,10,9,5,5,10,10,10,10,7,1,7022
1022,1,12B212,10,40386,3,1,0,01,5,5,10,10,10,10,10,10,10,10,10,10,5,10,10,10,10,10,0,0,0,0,0,10,10,10,10,10,10,5,10,10,10,10,10,1,22171
1022,1,12B212,10,40386,2,1,0,02,10,7,9,8,7,6,9,8,9,7,10,8,9,9,7,2,7,6,0,0,7,0,1,9,5,8,9,9,5,5,10,10,7,10,7,1,22171
1022,1,12B212,10,40386,1,1,0,03,7,8,7,8,8,8,9,8,8,8,10,8,7,7,7,7,7,9,2,2,2,2,1,8,8,8,7,7,7,5,8,7,6,8,5,1,22171
1022,5,12A206,10,40389,1,1,0,02,10,10,10,9,10,9,8,9,10,8,10,9,6,8,5,5,10,7,0,1,5,0,0,10,10,8,8,9,7,6,10,10,8,9,5,1,15558
1022,5,12A206,10,40389,2,1,0,02,9,9,10,10,10,10,10,10,10,10,10,10,5,10,10,10,10,10,0,0,0,0,0,10,10,9,10,9,9,5,8,9,10,9,8,1,15558
1022,5,12A206,10,40389,3,1,0,02,2,10,5,7,10,6,8,5,5,8,1,8,10,6,5,5,5,5,3,0,5,2,5,7,7,6,9,5,8,6,8,8,9,10,9,1,15558
1022,4,11A217,10,40410,1,1,0,02,10,10,9,9,10,8,7,9,10,9,9,8,5,10,10,5,10,10,0,0,4,0,0,10,9,8,9,8,6,5,8,7,8,7,7,1,18242
1022,4,11A217,10,40410,3,1,0,01,10,9,8,8,10,9,8,8,9,8,9,7,5,8,7,8,6,5,0,0,0,0,0,7,10,8,9,8,6,5,7,5,7,8,6,1,9121
1022,4,11A217,10,40410,4,1,0,03,9,7,8,9,8,7,5,8,9,10,10,9,10,3,3,3,2,4,6,7,6,7,5,9,9,8,9,10,10,6,8,9,4,5,5,1,45605
1022,4,11A217,10,40410,2,1,0,01,7,10,6,8,8,7,8,6,6,7,8,7,8,7,4,5,4,3,0,5,5,5,6,5,8,7,8,8,8,6,5,7,7,8,7,1,18242
1022,8,12A203,10,40415,2,1,0,02,9,7,8,8,9,7,8,8,10,9,10,8,5,8,7,4,7,6,0,1,5,1,0,9,8,8,9,8,8,5,9,7,8,9,7,1,17128
1022,8,12A203,10,40415,3,1,0,02,7,8,8,10,10,10,10,10,10,10,10,10,0,6,6,5,6,5,0,0,4,0,0,10,8,10,10,8,6,7,9,10,10,10,10,1,25692
1022,7,11A204,11,40001,2,1,0,03,10,5,10,10,10,10,10,10,10,10,10,10,0,7,7,8,7,8,2,3,0,2,0,5,10,8,8,8,8,0,8,10,10,5,5,1,25286
1022,7,11A204,11,40001,1,1,0,02,8,10,10,8,10,8,8,8,10,10,10,8,10,5,5,8,10,10,3,3,2,0,0,5,5,7,7,7,5,0,10,10,10,8,8,1,33715
1022,7,11A204,11,40001,3,1,0,05,9,7,10,10,10,10,10,10,10,10,10,10,5,9,8,8,10,10,1,1,1,0,0,8,8,8,8,8,5,5,8,8,8,8,8,1,59001
1022,7,11A204,11,40001,4,1,0,01,10,8,10,10,10,10,10,10,10,10,10,10,0,10,10,10,10,10,0,0,0,0,0,10,10,10,10,10,8,0,10,5,8,8,8,1,16858
1022,3,12A218,11,40042,2,1,0,02,10,5,9,10,10,10,10,10,10,10,10,10,0,10,10,5,10,9,0,0,4,0,0,9,9,7,10,7,7,6,9,10,10,8,7,1,20149
1022,3,12A218,11,40042,1,1,0,02,8,5,10,8,8,8,8,8,8,8,10,8,5,5,7,2,10,5,3,2,7,0,5,5,7,7,9,8,8,0,5,10,10,10,5,1,13433
1022,3,12A218,11,40042,4,1,0,01,5,5,8,8,8,8,8,8,8,8,0,8,0,10,10,10,10,10,0,0,0,0,0,8,8,8,7,7,6,0,10,10,10,8,8,1,6716
1022,3,12A218,11,40042,3,1,0,02,5,7,10,10,10,10,10,10,10,10,10,10,10,10,10,10,10,10,0,0,0,0,0,5,10,7,7,7,8,0,10,8,9,5,5,1,40298
1022,7,13A204,11,40053,3,1,0,02,8,7,8,8,8,8,8,8,8,8,8,8,5,7,6,7,10,8,1,2,3,0,0,8,7,8,8,8,0,0,8,7,8,6,6,1,17490
1022,7,13A204,11,40053,4,1,0,01,8,8,10,10,10,10,10,10,10,10,10,10,5,10,10,10,10,10,0,0,0,0,0,5,8,7,8,8,10,7,8,8,5,5,5,1,17490
1022,7,13A204,11,40053,1,1,1,02,9,7,10,10,10,10,10,10,10,10,10,10,3,10,10,10,10,10,0,0,0,0,0,9,9,9,10,9,9,4,9,9,9,8,8,1,17490
1022,7,13A204,11,40053,2,1,0,02,9,9,10,9,9,10,9,9,10,9,9,10,0,10,10,10,10,10,0,0,0,0,0,9,9,9,10,9,8,5,10,8,8,7,7,1,26235
1022,3,13A218,11,40132,4,1,0,01,7,8,7,8,9,8,8,8,9,8,9,7,7,4,3,3,4,5,6,6,6,6,5,9,7,8,7,8,8,6,8,9,9,7,7,1,8794
1022,3,13A218,11,40132,3,1,0,01,9,7,10,9,10,8,9,10,9,9,10,8,3,8,6,7,7,8,2,4,3,3,2,8,9,8,8,7,8,4,7,9,9,7,7,1,8794
1022,3,13A218,11,40132,1,1,0,01,8,9,8,9,8,8,9,9,8,8,9,9,7,6,6,7,5,5,4,4,3,5,5,9,8,9,10,9,9,7,8,9,9,9,8,1,8794
1022,3,13A218,11,40132,2,1,0,01,5,8,5,5,8,6,7,6,8,8,9,8,2,5,5,5,4,5,2,5,5,5,5,10,7,8,8,6,8,6,8,8,8,8,7,1,8794
1022,3,11A218,11,40135,4,1,0,01,9,7,10,8,10,10,10,8,10,8,10,9,1,10,10,10,10,10,0,0,0,0,0,7,7,8,8,7,8,2,8,7,6,6,6,1,7921
1022,3,11A218,11,40135,3,1,0,01,8,8,8,10,10,5,9,10,9,9,10,10,5,10,7,8,9,10,0,2,1,1,0,9,8,9,7,8,7,7,9,9,8,7,6,1,7921
1022,3,11A218,11,40135,2,1,0,01,8,6,9,10,10,8,8,6,8,6,7,7,5,8,8,7,9,8,0,2,3,1,0,8,8,8,7,9,8,5,9,7,7,8,8,1,7921
1022,3,11A218,11,40135,1,1,0,02,10,10,9,10,10,10,10,10,8,10,8,10,0,9,9,9,9,8,1,0,0,0,0,10,9,10,10,9,10,0,10,10,9,5,8,1,15841
1022,6,12A205,11,40280,2,1,0,03,8,9,10,8,10,9,10,8,7,8,9,9,5,8,9,8,9,8,1,0,2,1,0,8,7,8,8,8,8,6,8,7,8,7,6,1,32047
1022,6,12A205,11,40280,1,1,0,03,8,7,9,9,8,9,9,9,9,10,7,8,5,10,10,8,10,9,0,0,0,0,0,7,8,7,7,9,8,6,9,9,8,7,7,1,24036
1022,6,12A205,11,40280,3,1,0,02,8,8,9,10,10,10,10,10,9,8,10,10,0,10,10,9,10,10,0,0,1,0,0,9,9,8,9,9,8,8,9,9,9,8,7,1,32047
1022,6,11A205,11,40281,1,1,0,02,10,10,10,10,10,10,10,10,10,10,10,10,7,7,7,6,9,9,3,3,4,0,0,8,8,9,9,9,2,2,10,10,10,10,10,1,34826
1022,6,11A205,11,40281,2,1,0,01,8,8,10,10,10,10,10,10,10,10,10,10,0,7,5,7,7,10,2,5,2,2,0,8,8,8,8,8,10,0,10,10,10,5,5,1,17413
1022,6,11A205,11,40281,3,1,0,05,8,9,8,8,8,8,8,8,8,8,8,8,10,6,6,6,8,8,3,3,3,0,0,6,6,6,6,6,6,0,10,10,10,8,8,1,60945
1022,6,11A205,11,40281,4,1,0,02,5,5,10,10,10,10,10,10,10,10,10,10,10,5,5,5,5,5,3,5,3,1,0,7,10,10,10,10,10,5,10,8,10,10,10,1,17413
1022,2,12B211,11,40319,2,1,0,01,6,5,10,10,10,10,10,8,10,9,10,8,5,8,8,9,10,8,2,2,1,0,0,8,9,7,8,8,7,7,9,9,9,9,6,1,43649
1022,2,12B211,11,40319,3,1,0,01,10,8,10,10,10,8,10,10,9,10,10,10,5,10,10,7,10,10,0,0,2,0,0,10,8,10,10,10,10,9,10,10,10,10,10,1,8730
1022,2,12B211,11,40319,4,1,0,01,8,6,8,9,8,9,10,10,8,10,10,10,5,8,10,9,10,9,0,0,0,0,0,10,10,10,10,9,10,4,10,10,8,8,6,1,34919
1022,2,11B211,11,40365,2,1,0,01,9,6,10,10,10,10,10,10,10,10,10,10,0,3,3,5,7,8,6,6,5,2,0,10,10,7,10,10,10,7,10,10,10,10,10,1,19312
1022,2,11B211,11,40365,3,1,0,02,10,10,10,10,10,10,10,10,10,10,10,10,10,10,7,5,10,10,0,2,5,0,0,8,8,8,10,10,10,5,10,10,10,10,10,1,28967
1022,2,11B211,11,40365,1,1,0,01,10,10,10,10,10,10,10,10,10,10,10,10,0,8,8,8,10,8,2,2,2,0,0,9,10,10,10,10,10,8,9,10,10,10,8,1,28967
1022,2,11B211,11,40365,4,1,0,02,5,7,7,7,9,10,9,9,6,8,10,7,8,5,5,7,7,8,5,5,2,2,0,5,8,5,7,5,5,0,5,0,5,5,5,1,19312
1022,5,12A206,11,40422,1,1,0,01,6,4,7,6,10,7,6,6,6,6,10,6,8,9,5,5,8,8,1,5,5,1,0,6,5,6,7,6,8,5,7,7,8,8,8,1,16478
1022,5,12A206,11,40422,2,1,0,02,10,9,10,10,10,8,10,10,8,10,10,10,8,7,7,7,7,7,2,2,2,2,3,7,8,9,10,8,9,7,10,8,9,8,8,1,32956
1022,5,12A206,11,40422,4,1,0,01,8,8,8,8,7,8,8,8,8,8,8,7,2,5,5,5,5,6,5,5,5,4,3,6,6,6,7,8,7,5,7,7,8,8,8,1,16478
1022,5,12A206,11,40422,3,1,0,02,8,5,10,10,10,8,10,10,10,10,10,9,5,10,10,5,10,10,0,0,4,0,0,8,5,10,10,10,8,4,10,10,10,7,7,1,24717
1022,4,12A217,11,40451,1,1,0,01,7,6,8,7,10,8,8,8,7,10,10,9,5,10,8,7,10,9,0,2,3,0,0,7,8,8,9,9,8,5,10,8,7,6,8,1,14940
1022,4,12A217,11,40451,4,1,0,02,9,7,10,10,10,10,10,10,10,10,10,10,2,9,9,7,8,8,1,1,3,0,0,8,8,10,10,10,10,0,10,8,8,8,8,1,29879
1022,4,12A217,11,40451,3,1,0,01,9,7,10,10,10,10,10,10,10,8,8,8,0,9,8,8,10,9,1,1,1,0,0,8,8,8,10,9,7,6,9,10,9,9,7,1,29879
1022,4,12A217,11,40451,2,1,0,01,7,7,8,8,10,10,10,10,10,8,10,8,5,8,5,8,9,8,1,1,2,1,0,8,8,8,7,7,7,0,8,8,9,8,8,1,14940
1022,1,11B212,11,40455,2,1,0,01,10,9,9,9,9,8,9,10,10,7,2,8,7,10,10,10,10,10,0,0,0,0,0,10,10,9,9,9,10,6,10,9,8,10,10,1,13453
1022,1,11B212,11,40455,3,1,0,01,8,6,8,9,10,9,10,8,10,10,5,8,5,10,8,8,9,10,0,2,2,1,0,5,8,5,8,9,4,5,9,7,4,5,5,1,6726
1022,1,11B212,11,40455,4,1,0,01,10,10,10,10,8,10,10,10,8,10,8,10,5,10,10,10,10,10,0,0,0,0,0,10,10,10,10,10,10,5,10,10,8,10,10,1,13453
1022,5,11A206,11,40463,4,1,0,03,8,8,10,10,10,9,10,10,10,10,8,8,5,7,6,7,5,7,2,3,2,5,2,8,6,8,8,8,5,5,8,8,8,9,9,1,32838
1022,5,11A206,11,40463,1,1,0,01,6,5,9,9,10,10,8,9,8,9,9,9,5,8,7,7,9,8,1,1,1,0,0,7,8,8,8,8,6,0,4,8,7,8,8,1,16419
1022,5,11A206,11,40463,3,1,0,01,8,8,9,9,10,10,9,9,8,10,8,8,2,9,8,7,10,8,1,2,3,0,0,8,9,7,10,8,6,0,9,8,8,8,8,1,32838
1022,5,11A206,11,40463,2,1,0,01,9,7,8,9,8,10,8,8,7,8,8,6,5,7,7,6,8,7,3,2,4,0,0,8,8,7,8,7,6,0,8,9,8,8,8,1,16419
1022,5,11A206,11,40471,4,1,0,03,8,3,6,6,10,6,7,10,10,4,2,10,10,9,4,2,3,8,1,5,7,7,2,7,7,5,10,8,8,2,7,10,10,10,2,1,22927
1022,5,11A206,11,40471,1,1,0,04,10,7,10,10,10,10,10,10,10,10,10,10,5,10,10,10,10,10,0,0,0,0,0,10,10,10,10,10,10,0,10,10,10,10,10,1,30569
1022,5,11A206,11,40471,2,1,0,02,10,10,10,10,10,10,10,10,10,10,10,10,5,7,8,6,8,8,2,2,3,0,0,10,10,10,10,10,7,5,8,10,10,10,10,1,15285
1022,5,11A206,11,40471,3,1,1,01,9,8,10,10,10,10,10,10,10,10,10,10,10,10,10,9,10,10,0,0,1,0,0,10,7,10,10,10,8,5,10,10,10,10,10,1,7642
1022,4,11A217,11,40541,1,1,0,01,9,9,10,10,10,10,10,10,10,10,10,10,0,10,10,10,10,10,0,0,0,0,0,8,9,9,9,9,8,5,10,10,8,5,5,1,26200
1022,4,11A217,11,40541,3,1,0,02,8,6,10,10,10,10,10,10,10,10,10,10,6,10,7,7,10,10,0,2,2,0,0,10,10,7,10,8,7,7,9,10,10,8,8,1,17466
1022,4,11A217,11,40541,2,1,0,02,8,7,10,10,10,10,10,10,10,10,10,0,10,10,7,0,10,10,0,2,0,0,0,10,0,10,10,10,10,0,10,10,10,10,10,1,34933
1022,1,12B212,11,40551,1,1,0,01,10,10,10,10,10,10,10,10,10,10,10,10,0,10,10,10,10,10,0,0,0,0,0,10,10,10,10,10,10,10,10,10,10,10,10,1,8268
1022,1,12B212,11,40551,2,1,0,02,9,7,9,10,10,10,10,10,10,9,8,10,0,9,9,8,10,10,1,1,1,0,0,9,10,8,9,10,9,8,9,8,9,9,9,1,16535
1022,1,12B212,11,40551,3,1,0,02,8,8,10,10,10,10,10,10,10,10,0,10,0,5,3,5,10,5,4,6,5,0,0,7,5,6,10,8,5,2,10,7,10,2,10,1,49604
1022,1,12B212,11,40551,4,1,0,01,9,10,10,10,10,10,10,10,10,10,10,10,0,7,5,8,7,5,2,5,0,2,0,8,9,9,9,9,6,6,8,8,9,10,10,1,16535
1022,1,12B212,11,40554,3,1,0,02,0,5,8,10,0,10,10,10,5,5,9,9,0,7,6,5,10,5,0,3,5,0,3,6,8,8,10,7,5,0,5,8,5,8,5,1,22315
1022,1,12B212,11,40554,2,1,0,04,10,8,10,10,10,10,8,9,10,8,0,10,2,10,10,10,10,10,0,0,0,0,0,10,8,8,10,9,8,7,10,10,10,10,10,1,44630
1022,1,12B212,11,40554,1,1,0,01,10,10,10,10,10,10,10,10,9,10,10,10,0,10,10,10,10,10,0,0,0,0,0,10,10,10,10,10,10,0,10,10,10,10,0,1,22315
1022,1,12B212,11,40554,4,1,0,01,10,2,10,10,10,10,10,10,5,10,10,10,9,9,10,9,10,10,1,0,1,0,0,10,10,10,10,10,10,3,10,10,3,10,10,1,22315
1022,8,13A203,11,40593,4,1,0,01,10,10,10,10,10,10,10,10,10,10,10,10,0,5,9,9,10,10,5,1,1,0,0,10,10,10,10,10,10,0,10,10,10,5,5,1,22891
1022,8,13A203,11,40593,1,1,0,01,10,10,10,10,10,10,10,10,10,10,10,10,0,10,10,10,10,10,0,0,0,0,0,10,10,10,10,10,10,0,10,10,10,10,10,1,34337
1022,8,13A203,11,40593,3,1,0,01,10,10,10,10,10,10,10,10,10,10,8,10,0,8,7,7,10,10,2,3,2,0,0,10,10,9,9,8,8,5,10,10,10,8,8,1,11446
1022,8,11A203,11,40594,1,1,1,01,9,8,10,8,10,10,9,10,8,9,8,10,0,9,8,9,10,10,1,2,1,0,0,8,10,8,9,9,8,8,9,8,8,9,9,1,14606
1022,8,11A203,11,40594,2,1,0,01,9,8,9,10,9,10,10,10,8,10,10,10,6,10,9,7,7,9,0,1,2,0,1,8,8,9,10,10,10,8,10,9,9,9,9,1,7303
1022,8,11A203,11,40594,3,1,0,01,7,7,7,8,7,7,10,10,7,10,10,7,5,7,8,5,5,7,3,2,5,1,3,7,7,6,10,7,8,8,8,8,8,7,6,1,7303
1022,8,12A203,11,40598,3,1,0,01,9,8,10,9,10,10,9,10,8,10,7,8,0,10,10,10,10,10,0,0,0,0,0,9,10,8,9,8,7,5,8,9,9,8,7,1,12969
1022,8,12A203,11,40598,2,1,0,01,8,8,8,9,10,9,9,8,7,9,10,8,5,10,9,7,8,9,0,0,2,1,0,10,8,9,10,8,7,8,8,10,9,8,7,1,12969
1022,8,12A203,11,40598,1,1,0,02,8,7,9,9,10,10,9,10,9,9,10,9,5,8,8,8,9,9,0,1,1,1,0,6,6,8,8,8,7,8,9,8,8,7,6,1,25938
1022,8,12A203,11,40598,4,1,0,02,9,9,9,10,10,10,9,10,9,8,8,9,5,10,9,9,9,10,0,1,1,1,0,8,9,8,9,8,7,6,9,9,8,7,6,1,12969
1022,7,12A204,12,40003,4,1,0,01,10,8,10,9,10,8,9,9,10,7,4,7,2,10,9,9,9,9,0,1,1,0,0,4,8,8,10,9,4,4,7,7,7,5,8,1,9790
1022,7,12A204,12,40003,3,1,0,01,9,6,8,6,10,9,8,5,10,5,3,9,2,9,9,9,9,9,1,1,1,0,0,6,8,9,9,10,5,0,6,8,8,7,9,1,19580
1022,7,12A204,12,40003,2,1,0,01,8,8,10,6,10,9,10,6,6,7,4,10,2,8,7,7,9,9,1,3,2,1,1,7,9,9,10,8,5,0,8,8,7,7,7,1,9790
1022,3,11A218,12,40092,2,1,0,02,7,7,9,5,10,4,10,9,6,6,6,7,8,8,8,9,9,9,1,1,1,0,0,5,9,8,8,8,7,3,7,8,7,5,8,1,13650
1022,3,11A218,12,40092,4,1,0,03,9,9,10,9,9,9,10,9,10,8,7,9,0,10,10,9,9,10,0,0,1,1,0,2,8,9,10,5,7,0,7,6,7,7,7,1,27299
1022,3,11A218,12,40092,3,1,0,01,7,7,8,5,9,6,8,8,6,6,6,7,8,7,7,6,8,6,3,2,3,2,3,5,7,7,7,5,7,5,5,6,7,7,9,1,6825
1022,3,11A218,12,40092,1,1,0,01,10,9,9,8,8,7,10,9,6,5,10,9,7,10,9,7,9,9,0,1,3,1,0,7,8,10,10,9,10,6,8,8,7,4,8,1,20474
1022,7,11A204,12,40129,3,1,0,01,6,5,7,5,9,8,10,6,6,5,4,6,2,9,9,6,9,9,0,0,4,1,0,2,4,8,9,6,7,0,7,7,4,5,7,1,21731
1022,7,11A204,12,40129,4,1,0,01,10,9,10,10,9,8,10,9,8,5,6,8,3,8,8,8,8,9,1,1,2,1,0,6,8,8,8,9,5,0,7,8,7,6,7,1,7244
1022,7,11A204,12,40129,2,1,0,01,10,9,9,8,8,9,10,7,10,5,5,6,7,9,9,7,8,9,0,1,3,1,0,7,7,9,9,7,8,6,7,8,8,7,9,1,14488
1022,7,11A204,12,40129,1,1,0,01,10,6,9,9,10,8,10,8,6,6,7,7,5,8,8,8,8,8,1,1,2,1,1,5,8,5,9,7,5,2,6,6,5,6,7,1,21731
1022,2,11B211,12,40223,3,1,0,03,9,7,10,8,9,7,10,6,7,7,6,9,6,9,9,9,10,9,0,0,1,0,0,5,10,8,10,9,2,2,5,8,5,8,8,1,65610
1022,2,11B211,12,40223,1,1,0,01,10,9,9,9,10,8,10,8,8,9,2,5,1,6,7,9,9,7,4,3,0,0,2,2,10,4,9,10,4,6,5,5,7,7,10,1,21870
1022,2,11B211,12,40223,2,1,0,01,8,5,7,7,10,6,9,7,6,5,7,5,7,7,7,6,8,8,2,2,4,1,1,4,8,6,7,5,5,1,6,7,5,5,7,1,43740
1022,6,11A205,12,40226,2,1,0,01,10,8,10,9,9,6,10,9,9,6,9,10,6,8,8,8,9,9,1,1,2,1,0,6,7,9,8,8,10,7,7,9,7,5,8,1,28275
1022,6,11A205,12,40226,4,1,0,01,10,7,9,9,10,9,10,8,10,7,6,9,1,10,8,9,9,10,0,2,0,0,0,7,8,10,9,8,2,0,8,8,8,6,8,1,84825
1022,6,11A205,12,40226,1,1,0,01,7,7,8,7,9,7,7,4,5,6,5,8,4,10,9,9,8,9,0,1,1,0,0,0,7,9,9,6,3,0,5,8,6,4,7,1,56550
1022,6,11A205,12,40226,3,1,0,01,8,8,8,7,10,8,9,5,8,4,4,7,2,8,8,7,8,8,2,2,2,1,1,7,9,8,9,6,4,0,8,7,6,5,7,1,56550
1022,6,11A205,12,40260,2,1,0,01,9,10,10,9,8,10,10,8,9,8,5,9,2,9,10,9,10,10,0,0,1,0,0,8,10,8,9,8,9,5,9,9,8,7,8,1,6656
1022,6,11A205,12,40260,3,1,0,02,10,9,9,9,10,7,10,9,7,6,9,10,2,10,9,7,9,9,0,0,2,0,0,9,8,10,10,8,10,5,8,10,9,7,10,1,19967
1022,6,11A205,12,40260,4,1,0,02,9,8,10,8,10,6,9,6,5,6,7,7,4,9,8,8,8,8,0,1,1,1,1,6,8,9,9,8,6,2,7,8,8,7,8,1,6656
1022,6,11A205,12,40260,1,1,0,01,7,9,9,6,10,9,10,6,10,5,5,9,3,8,7,7,9,8,1,3,2,0,2,5,8,9,10,9,5,0,5,9,8,7,7,1,6656
1022,2,11B211,12,40286,3,1,0,03,9,9,10,9,9,9,10,8,10,9,7,9,1,9,9,10,9,9,0,0,0,1,0,5,10,9,9,10,4,5,9,6,7,8,9,1,18961
1022,2,11B211,12,40286,2,1,0,02,8,8,8,5,10,6,10,6,8,5,8,8,5,6,6,8,7,7,4,3,2,2,2,5,9,9,9,8,6,0,8,8,6,6,6,1,25281
1022,2,11B211,12,40286,4,1,0,01,10,10,9,9,10,5,10,9,5,5,9,10,3,10,9,7,8,9,0,0,3,1,0,8,7,10,10,8,10,6,8,10,8,7,10,1,12640
1022,2,11B211,12,40286,1,1,0,01,8,8,9,10,10,9,9,10,10,8,5,10,3,7,7,8,8,8,2,3,2,1,1,7,9,10,8,9,3,1,10,9,7,5,8,1,18961
1022,4,11A217,12,40311,4,1,0,01,7,7,7,6,10,7,9,5,5,8,4,6,3,8,7,7,8,8,2,2,2,1,2,3,9,7,7,6,4,0,4,6,5,5,8,1,25235
1022,4,11A217,12,40311,3,1,0,01,9,6,10,9,10,9,10,9,10,6,5,10,3,9,6,9,9,9,1,3,1,0,0,7,10,9,10,10,6,4,9,5,7,7,7,1,6309
1022,4,11A217,12,40311,1,1,0,02,6,8,8,8,10,9,9,6,5,5,9,6,4,8,8,7,9,8,1,1,2,0,1,2,7,8,7,5,5,0,6,6,5,7,7,1,6309
1022,4,11A217,12,40311,2,1,0,01,9,9,10,9,7,9,10,7,4,10,9,7,5,9,9,7,9,9,0,0,2,1,0,5,7,9,10,7,5,4,7,9,8,7,8,1,12618
1022,8,11A203,12,40321,4,1,0,01,7,9,8,5,9,9,10,8,6,9,4,6,2,10,9,9,9,9,0,0,1,0,0,2,9,5,6,5,4,2,4,2,6,6,6,1,6739
1022,8,11A203,12,40321,3,1,0,02,9,9,10,9,8,7,10,10,7,5,9,10,7,10,10,8,9,9,0,0,2,1,0,8,8,10,9,8,8,4,9,9,8,7,9,1,13477
1022,8,11A203,12,40321,2,1,0,01,8,5,9,8,10,7,10,10,9,5,7,9,3,8,8,7,8,8,1,1,2,2,1,8,7,9,10,8,8,5,8,9,6,6,8,1,6739
1022,8,11A203,12,40321,1,1,0,01,7,8,9,8,10,9,10,9,6,8,5,6,2,9,9,9,10,9,0,1,1,0,0,5,9,6,7,7,5,2,5,0,4,5,6,1,13477
1022,4,12A217,12,40379,2,1,0,01,8,9,8,6,8,10,10,10,9,6,8,8,5,8,8,6,8,8,1,2,4,2,2,5,8,8,10,6,5,0,8,8,6,5,8,1,11319
1022,4,12A217,12,40379,1,1,0,01,8,7,8,6,9,4,9,8,8,5,9,6,7,8,8,7,7,8,2,1,3,2,1,5,6,7,6,6,8,7,7,6,7,7,8,1,11319
1022,4,12A217,12,40379,3,1,0,03,8,8,9,10,8,6,10,8,6,7,7,8,2,8,8,9,8,8,1,2,0,1,1,5,8,5,9,8,6,0,6,5,6,4,6,1,16978
1022,4,12A217,12,40379,4,1,0,01,9,9,10,8,9,9,9,10,8,8,7,10,4,9,8,9,9,9,0,2,1,0,0,7,10,8,10,9,4,2,9,6,6,5,8,1,16978
1022,5,11A206,12,40393,4,1,0,01,9,8,9,8,9,7,10,9,9,5,5,6,2,7,7,8,7,6,3,3,1,2,2,6,9,8,10,9,4,4,9,8,8,5,6,1,12365
1022,5,11A206,12,40393,2,1,0,01,7,6,7,7,8,4,7,7,5,7,8,7,4,10,8,8,9,8,0,1,1,0,1,6,8,10,8,8,5,5,8,8,8,7,8,1,12365
1022,5,11A206,12,40393,3,1,0,01,8,8,8,5,10,6,10,10,5,5,9,9,4,8,7,8,8,7,2,2,2,1,2,5,8,7,7,6,8,0,8,8,7,7,8,1,6183
1022,5,11A206,12,40393,1,1,0,02,6,9,7,7,9,7,9,7,6,5,6,8,5,7,7,9,9,7,3,2,0,0,2,2,8,7,7,6,5,1,8,7,7,5,8,1,12365
1022,1,11B212,12,40416,3,1,0,02,10,9,9,10,10,9,9,10,7,7,7,6,4,9,9,7,8,9,0,0,2,1,0,6,10,7,10,8,5,4,7,8,7,8,9,1,13713
1022,1,11B212,12,40416,2,1,0,02,8,9,8,7,7,9,9,10,4,6,8,8,4,7,7,8,9,7,3,3,1,1,2,4,8,7,7,6,5,6,6,4,5,5,7,1,13713
1022,1,11B212,12,40416,1,1,0,01,8,8,8,6,9,9,10,8,6,6,5,7,2,7,7,7,9,7,3,2,2,1,2,6,9,8,9,8,4,5,8,7,6,7,7,1,13713
1022,7,13A204,13,40071,3,1,0,01,9,9,10,8,10,9,9,9,8,8,5,8,2,8,9,7,8,9,2,1,3,0,0,10,10,9,8,8,6,5,10,9,9,6,5,1,40717
1022,7,13A204,13,40071,4,1,0,02,10,10,10,10,10,9,8,9,9,10,7,9,2,7,9,8,8,8,2,0,2,0,0,10,10,9,9,9,7,6,10,10,10,8,6,1,40717
1022,7,13A204,13,40071,2,1,0,02,9,9,9,8,10,9,9,9,9,8,6,8,5,8,8,7,7,8,1,2,2,2,0,9,9,9,9,8,8,6,9,10,10,7,6,1,61076
1022,3,13A218,13,40094,1,1,0,02,7,7,7,7,7,7,7,8,8,8,8,8,0,9,7,8,8,8,1,2,2,2,0,9,9,9,9,9,8,6,8,8,8,8,8,1,21330
1022,3,13A218,13,40094,3,1,0,03,7,7,7,7,9,7,10,10,7,10,10,9,2,8,6,5,5,5,2,4,5,5,4,8,7,8,7,9,7,7,8,9,8,7,10,1,21330
1022,3,13A218,13,40094,4,1,0,01,8,8,9,9,9,9,9,10,10,9,10,9,1,8,8,8,8,8,1,1,2,1,1,9,9,8,9,8,8,2,9,9,9,3,1,1,21330
1022,3,13A218,13,40094,2,1,0,01,8,10,9,9,9,9,10,10,10,10,10,9,8,10,10,10,10,10,0,0,0,0,0,8,8,8,9,9,10,5,10,10,10,5,5,1,7110
1022,3,11A218,13,40158,4,1,0,02,9,8,8,9,9,9,8,8,8,9,8,8,4,7,8,8,8,7,1,1,2,1,1,8,9,9,9,8,8,7,8,8,8,8,7,1,18711
1022,3,11A218,13,40158,1,1,0,02,8,8,9,8,8,8,8,8,8,8,7,8,3,5,5,7,8,5,4,3,3,2,0,8,9,8,8,7,6,5,8,8,8,8,7,1,18711
1022,3,11A218,13,40158,2,1,0,01,8,8,8,8,10,8,8,8,8,9,8,8,3,6,7,7,8,8,2,2,2,2,0,7,9,8,9,8,8,8,8,6,8,8,8,1,18711
1022,3,11A218,13,40158,3,1,0,01,10,10,8,9,10,8,10,9,10,9,9,10,2,10,9,9,9,10,0,1,1,1,0,9,10,9,10,10,10,9,10,10,10,9,9,1,18711
1022,2,12B211,13,40221,1,1,0,02,9,8,10,8,10,9,10,10,7,10,2,9,4,7,8,8,8,7,2,2,2,2,1,8,7,9,9,9,9,7,9,8,8,6,8,1,17001
1022,2,12B211,13,40221,4,1,0,01,8,8,5,5,7,7,7,7,7,9,8,7,8,5,5,6,7,0,5,4,3,2,2,8,8,7,7,7,6,5,7,8,8,6,6,1,25500
1022,2,12B211,13,40221,2,1,0,02,9,8,9,8,8,8,9,9,9,9,7,8,3,7,7,7,8,7,2,2,2,2,0,9,9,9,9,9,7,6,9,9,9,8,7,1,25500
1022,6,12A205,13,40259,2,1,0,01,9,8,9,10,10,10,9,9,9,9,8,9,4,7,7,8,9,8,1,1,2,1,0,9,10,9,9,9,7,6,10,9,9,8,7,1,15567
1022,6,12A205,13,40259,4,1,0,02,9,8,8,8,9,9,9,9,9,9,8,8,3,7,7,7,7,6,1,2,1,1,0,9,9,9,9,8,7,6,8,9,9,8,7,1,31134
1022,6,12A205,13,40259,1,1,0,03,10,10,10,9,10,9,9,10,9,9,10,9,3,10,10,8,9,8,0,0,1,0,0,10,9,10,10,9,9,8,9,10,9,10,9,1,23350
1022,5,11A206,13,40296,4,1,0,02,7,7,8,8,7,10,10,8,8,8,8,8,5,7,5,6,6,8,3,5,3,4,0,10,8,10,10,8,8,8,9,10,10,10,10,1,16950
1022,5,11A206,13,40296,1,1,0,01,8,7,9,8,10,8,9,8,9,9,8,8,5,6,6,6,6,7,3,4,3,3,2,8,8,8,8,8,8,8,8,8,8,8,8,1,8475
1022,5,11A206,13,40296,2,1,0,01,8,7,9,9,10,10,10,10,8,10,8,10,0,8,7,6,6,9,2,3,3,4,1,10,10,8,9,10,9,8,10,10,9,10,10,1,25426
1022,5,11A206,13,40296,3,1,0,05,8,10,10,10,10,10,10,10,10,10,10,10,2,10,10,8,10,9,0,0,2,0,0,8,9,9,9,10,7,5,10,10,10,10,10,1,33901
1022,4,12A217,13,40311,1,1,0,02,5,5,2,2,10,2,9,9,9,5,10,9,8,9,9,8,9,9,0,0,1,0,0,8,8,6,8,6,8,2,5,10,10,9,8,1,15800
1022,4,12A217,13,40311,3,1,0,01,8,8,8,8,9,9,8,9,7,8,8,8,5,7,7,6,8,7,2,2,3,2,1,8,8,8,8,7,8,6,9,9,8,7,7,1,15800
1022,4,12A217,13,40311,4,1,0,01,10,10,10,10,7,10,10,10,0,10,10,10,0,7,9,9,10,5,0,1,1,0,0,10,10,10,10,10,10,2,10,10,10,10,10,1,15800
1022,4,12A217,13,40311,2,1,0,03,6,7,6,8,8,9,9,9,9,9,9,9,7,5,5,5,6,6,4,4,4,3,4,8,9,9,9,9,9,7,9,9,7,8,6,1,23702
1022,1,12B212,13,40320,4,1,0,01,8,5,10,7,10,10,10,10,10,9,9,10,0,9,8,9,10,10,0,1,1,0,0,9,10,8,9,8,7,3,10,10,6,8,4,1,12804
1022,1,12B212,13,40320,1,1,0,03,10,10,10,10,10,10,10,10,10,10,10,7,0,10,6,10,8,10,0,3,0,0,0,10,10,8,10,10,10,10,8,10,10,7,7,1,19207
1022,1,12B212,13,40320,3,1,0,01,9,7,10,8,10,10,10,10,10,10,5,10,8,10,10,10,10,8,0,0,0,0,0,8,10,9,10,9,10,7,10,9,9,8,8,1,19207
1022,8,13A203,13,40321,4,1,0,01,8,8,8,7,9,7,8,8,8,7,9,7,3,8,8,5,7,4,1,1,4,1,1,9,8,9,8,7,9,6,8,10,9,8,7,1,6726
1022,8,13A203,13,40321,2,1,0,02,10,10,10,10,10,10,10,10,10,10,8,10,2,10,10,10,10,10,0,0,0,0,0,10,10,10,10,10,10,0,10,10,8,10,10,1,20178
1022,1,13B212,13,40388,1,1,0,03,9,8,9,9,10,10,10,9,9,9,7,9,0,8,7,8,8,8,0,2,2,2,0,9,9,9,9,9,7,5,10,10,8,8,7,1,31601
1022,1,13B212,13,40388,4,1,0,02,8,7,8,4,10,5,6,9,10,7,9,8,6,7,6,6,7,3,3,3,4,3,2,7,7,6,10,8,4,3,8,9,6,6,2,1,15801
1022,1,13B212,13,40388,3,1,0,03,8,6,10,8,8,9,10,10,10,10,7,10,0,9,10,10,8,9,0,0,0,2,1,8,7,9,9,8,6,5,8,8,8,8,8,1,23701
1022,1,13B212,13,40388,2,1,0,02,9,7,9,8,9,9,10,10,9,9,9,9,7,8,9,9,7,9,2,1,1,1,0,8,9,9,9,10,8,9,10,9,8,6,8,1,15801
1022,5,13A206,13,40394,2,1,1,01,8,7,9,7,8,8,8,7,7,8,8,8,5,7,6,6,7,8,3,3,3,2,1,7,6,8,8,7,8,7,6,8,8,8,8,1,16887
1022,5,13A206,13,40394,4,1,0,03,9,8,8,8,10,9,9,9,8,8,7,8,4,6,8,7,8,8,2,2,2,2,0,9,9,9,9,9,9,6,8,8,8,8,7,1,25330
1022,5,13A206,13,40394,3,1,0,01,7,7,7,7,8,8,7,7,7,8,7,8,4,5,6,7,7,6,5,2,3,3,0,7,9,8,8,8,6,5,6,8,8,7,5,1,33773
1022,8,11A203,13,40416,2,1,0,02,10,10,10,10,10,10,10,10,10,10,8,8,0,2,9,8,8,8,2,1,1,1,0,10,7,8,9,9,7,7,8,8,8,9,9,1,14125
1022,8,11A203,13,40416,4,1,0,01,8,5,10,10,10,10,10,10,10,10,10,10,5,10,8,10,6,6,0,0,0,0,3,10,8,5,10,8,10,6,10,8,9,6,8,1,21188
1022,8,11A203,13,40416,3,1,0,01,7,6,7,6,10,7,7,7,6,7,7,6,4,6,6,6,6,6,3,3,3,3,2,7,8,8,8,7,7,5,7,7,7,6,6,1,7063
1022,8,11A203,13,40416,1,1,0,02,10,8,10,10,10,9,9,9,9,9,8,9,4,8,7,7,8,9,2,2,2,0,0,9,8,10,10,8,6,6,10,9,9,8,8,1,14125
1022,7,12A204,14,40002,1,1,0,01,9,7,10,10,10,10,10,9,8,10,9,10,2,8,9,9,9,10,1,0,1,0,0,9,9,10,10,10,8,3,10,8,8,7,8,1,32069
1022,7,12A204,14,40002,3,1,1,01,9,9,10,10,10,10,10,10,10,10,6,10,1,10,10,10,10,10,0,0,0,0,0,9,10,10,10,10,8,5,10,9,8,9,8,1,16035
1022,7,12A204,14,40002,2,1,0,01,8,8,10,8,9,10,10,9,9,9,8,10,2,9,5,9,10,8,0,5,1,0,0,8,10,9,10,8,8,7,10,9,8,7,7,1,32069
1022,3,12A218,14,40042,1,1,0,01,8,8,8,8,8,8,8,8,8,10,10,9,7,5,5,4,4,5,5,5,6,5,5,8,6,6,6,7,7,6,7,10,10,6,7,1,14780
1022,3,12A218,14,40042,2,1,0,01,9,9,9,9,5,7,9,9,9,10,10,9,3,7,7,5,8,7,3,3,5,1,3,10,10,10,10,10,5,5,10,10,8,7,7,1,14780
1022,3,12A218,14,40042,3,1,0,02,10,10,10,10,10,10,10,10,10,10,10,10,0,8,7,6,10,8,0,3,3,0,0,10,10,10,10,10,10,10,10,10,10,7,8,1,14780
1022,3,12A218,14,40042,4,1,0,02,8,8,8,5,8,5,8,8,6,10,10,8,7,5,5,4,4,3,4,5,5,5,6,6,7,7,7,7,7,7,7,10,9,8,8,1,14780
1022,3,12A218,14,40044,1,1,0,08,9,8,10,9,8,9,10,10,9,10,10,9,0,10,10,8,9,10,0,0,2,0,0,8,9,7,9,9,10,6,10,10,10,7,7,1,23466
1022,3,12A218,14,40044,3,1,0,02,8,8,10,9,9,9,8,8,8,9,8,10,2,5,6,5,7,3,3,3,5,3,0,8,9,9,8,8,7,7,9,7,8,7,7,1,15644
1022,3,12A218,14,40044,4,1,0,01,7,8,10,6,7,6,8,8,7,8,3,7,7,9,8,8,10,8,1,1,2,0,0,7,8,10,9,8,8,0,9,10,8,7,5,1,23466
1022,3,13A218,14,40045,3,1,0,04,8,8,8,8,8,8,8,8,8,8,8,8,8,8,8,6,8,8,0,0,3,0,0,8,9,9,9,9,9,5,9,8,7,7,5,1,46902
1022,3,13A218,14,40045,4,1,0,02,9,8,10,10,10,10,10,10,10,10,10,10,10,10,9,9,10,10,0,1,1,0,0,10,10,10,10,10,10,8,10,10,8,6,6,1,23451
1022,3,13A218,14,40045,2,1,0,03,9,9,8,8,8,8,8,8,8,8,8,8,7,8,6,5,7,7,2,0,5,0,0,9,5,8,8,8,8,0,9,9,7,0,0,1,35176
1022,3,11A218,14,40046,3,1,0,02,8,6,9,8,9,9,9,10,9,9,9,10,8,7,7,7,8,8,2,2,2,1,2,8,10,8,9,8,6,5,8,7,10,6,5,1,16473
1022,3,11A218,14,40046,2,1,0,04,7,6,8,8,10,9,7,5,5,7,0,7,6,9,7,8,8,8,0,2,2,1,1,6,7,7,8,9,7,5,7,6,8,4,1,1,32945
1022,3,11A218,14,40046,1,1,0,02,8,5,8,7,10,5,9,9,8,8,0,6,7,9,5,5,5,5,1,0,0,0,0,5,9,3,8,5,5,2,9,9,5,5,5,1,16473
1022,3,11A218,14,40046,4,1,0,01,8,6,9,9,10,9,10,10,9,9,10,10,5,10,10,9,10,10,0,0,1,0,0,8,10,10,10,10,10,7,10,10,10,8,7,1,49418
1022,7,11A204,14,40055,1,1,0,06,9,9,10,10,8,9,8,8,10,10,10,8,2,5,10,8,9,10,5,0,2,1,0,8,9,7,9,10,7,5,7,8,8,9,8,1,39349
1022,7,11A204,14,40055,2,1,0,02,8,9,9,9,10,10,10,9,8,8,10,9,2,10,9,9,10,10,0,1,1,0,0,10,8,10,10,10,9,5,10,10,9,8,8,1,13116
1022,7,11A204,14,40055,3,1,0,02,10,10,10,10,9,10,10,10,10,10,8,10,0,10,8,9,10,10,0,2,1,0,0,9,10,10,10,9,8,6,10,9,7,8,8,1,13116
1022,7,11A204,14,40055,4,1,0,01,10,10,10,10,10,9,10,10,9,10,9,10,5,10,9,9,10,9,0,1,1,0,0,10,9,10,10,9,8,3,10,7,9,10,10,1,13116
1022,7,12A204,14,40093,3,1,0,01,8,4,10,9,10,9,10,9,10,9,4,9,0,7,7,8,9,9,2,2,2,0,0,9,8,9,9,10,8,7,9,10,10,8,7,1,34753
1022,7,12A204,14,40093,2,1,0,02,8,9,8,7,9,9,10,10,10,9,10,9,2,10,8,10,10,9,0,0,0,0,0,9,9,10,10,10,10,3,9,10,9,6,10,1,17376
1022,7,12A204,14,40093,4,1,1,01,0,5,8,6,8,7,7,8,8,9,8,6,6,10,10,10,10,10,0,0,0,0,0,8,8,10,4,5,0,8,10,4,0,0,0,1,17376
1022,7,12A204,14,40093,1,1,0,02,5,5,9,5,8,8,10,9,7,9,8,9,8,9,9,9,9,9,1,1,1,0,0,5,9,7,8,7,8,4,9,7,8,7,7,1,26065
1022,7,11A204,14,40096,3,1,0,02,8,8,8,8,8,8,8,8,8,8,10,8,5,7,7,6,6,7,3,3,4,4,3,7,7,7,7,7,7,5,9,8,6,6,6,1,40858
1022,7,11A204,14,40096,2,1,2,01,8,8,8,8,8,8,8,8,8,8,10,8,0,7,5,3,5,7,3,5,6,2,2,8,5,10,8,10,5,8,9,9,5,6,8,1,20429
1022,7,11A204,14,40096,4,1,0,01,8,10,8,8,8,10,8,8,8,10,10,8,6,4,4,3,4,4,6,5,6,5,3,6,5,7,8,8,8,6,6,8,8,7,7,1,30644
1022,7,11A204,14,40096,1,1,0,01,10,10,10,7,10,7,10,10,0,10,10,10,5,6,6,4,7,6,4,4,5,0,0,10,6,10,10,10,7,8,10,10,9,4,9,1,20429
1022,7,12A204,14,40098,1,1,0,02,8,9,10,10,10,10,10,9,10,9,10,10,1,9,9,9,9,10,1,1,1,0,0,10,10,10,10,10,7,0,10,9,9,9,7,1,14570
1022,7,12A204,14,40098,2,1,0,02,10,10,10,10,10,10,10,10,10,10,10,10,0,10,10,10,10,10,0,0,0,0,0,8,10,8,10,9,10,8,10,10,9,9,8,1,14570
1022,7,12A204,14,40098,3,1,0,01,8,9,9,8,8,9,8,8,5,10,10,8,0,10,10,8,10,10,0,0,2,0,0,8,8,8,10,8,10,5,10,9,9,8,8,1,14570
1022,7,12A204,14,40098,4,1,0,01,9,9,10,10,8,10,9,9,8,9,10,8,0,8,5,5,8,9,0,3,5,0,0,8,9,9,9,8,8,6,9,9,7,9,8,1,36425
1022,3,11A218,14,40136,4,1,0,02,7,8,8,8,8,8,8,8,8,8,8,8,7,8,8,8,8,8,0,0,2,0,0,8,7,8,8,8,8,4,8,7,6,4,3,1,57847
1022,3,11A218,14,40136,3,1,0,01,5,5,8,8,8,8,8,8,8,8,8,8,8,9,9,7,9,9,1,0,3,0,0,9,5,6,6,6,6,5,5,7,9,8,7,1,9641
1022,3,11A218,14,40136,2,1,0,01,8,7,10,9,10,10,10,10,10,10,9,10,8,9,10,6,10,8,0,0,3,0,0,8,5,8,10,10,9,5,10,8,4,6,6,1,19282
1022,7,13A204,14,40143,4,1,1,01,9,9,8,8,8,8,8,8,8,8,8,8,8,8,8,8,8,8,0,2,2,0,0,8,8,8,8,8,8,6,8,8,7,6,5,1,21357
1022,7,13A204,14,40143,3,1,0,01,7,7,6,6,6,6,6,7,7,7,7,7,7,7,6,6,6,6,0,2,0,0,0,7,7,7,7,7,7,5,7,6,5,5,5,1,10679
1022,7,13A204,14,40143,1,1,0,02,7,8,8,8,8,8,8,8,8,8,8,8,8,9,9,9,9,0,0,0,0,0,0,9,8,8,8,8,8,3,8,7,4,3,3,1,32036
1022,7,13A204,14,40147,1,1,0,01,7,8,8,8,8,8,8,8,8,8,8,8,8,8,8,8,8,8,0,0,0,0,0,8,8,8,8,8,8,5,8,8,8,5,5,1,29642
1022,7,13A204,14,40147,2,1,1,01,8,8,8,8,8,8,8,8,8,8,8,8,8,8,8,8,8,8,0,0,0,0,0,8,9,9,9,9,9,5,9,8,8,6,5,1,19761
1022,7,13A204,14,40147,4,1,1,01,6,6,6,6,6,6,6,6,6,6,6,6,6,5,6,3,6,6,4,0,7,0,0,7,9,7,7,7,7,5,7,7,6,5,5,1,9881
1022,3,12A218,14,40176,3,1,0,03,9,9,9,10,10,9,9,10,8,9,8,9,7,10,8,7,9,8,0,1,2,1,0,8,9,9,10,9,7,7,9,9,6,7,7,1,24323
1022,3,12A218,14,40176,1,1,0,01,8,8,9,9,9,9,8,9,7,8,7,8,5,8,7,6,8,7,1,1,2,0,0,8,8,8,8,7,7,5,8,8,6,5,5,1,32431
1022,3,12A218,14,40176,4,1,0,01,8,8,9,10,9,9,8,9,8,8,6,8,7,8,9,7,8,8,0,1,1,0,0,8,9,8,9,9,8,1,8,8,6,7,5,1,32431
1022,3,12A218,14,40178,4,1,0,02,7,7,7,7,7,7,8,10,7,7,10,7,7,7,7,7,10,7,0,0,2,0,0,7,10,7,9,9,5,7,10,8,6,8,8,1,22739
1022,3,12A218,14,40178,2,1,0,01,10,10,10,10,10,7,10,10,10,10,10,8,5,6,6,6,7,5,4,4,4,3,3,10,10,10,10,10,10,10,8,8,8,5,7,1,15159
1022,3,12A218,14,40178,3,1,0,03,8,8,8,8,8,8,8,8,8,8,10,8,5,5,5,5,5,5,5,4,4,4,4,7,7,9,9,9,9,7,9,10,8,7,7,1,30318
1022,3,12A218,14,40178,1,1,0,02,10,10,10,10,10,10,10,10,10,10,10,8,4,8,5,6,6,9,1,4,3,0,0,7,10,10,10,10,10,7,8,9,9,9,9,1,22739
1022,3,11A218,14,40182,4,1,0,03,10,9,8,9,10,10,10,10,10,8,7,9,1,10,10,10,10,9,0,0,0,0,0,8,9,9,9,8,6,3,9,9,8,8,7,1,26798
1022,3,11A218,14,40182,1,1,0,02,10,8,10,10,10,10,10,10,10,10,8,10,0,9,10,10,10,9,0,0,0,0,0,10,10,10,10,10,10,0,10,10,7,8,0,1,13399
1022,3,11A218,14,40182,2,1,0,01,9,10,10,10,10,10,10,10,10,10,10,10,10,10,0,6,10,7,0,0,3,0,2,9,9,9,8,9,10,3,9,10,10,10,10,1,13399
1022,3,11A218,14,40182,3,1,0,02,10,10,10,10,10,10,10,10,10,10,10,10,0,10,5,8,7,5,0,0,2,2,0,10,10,10,10,10,9,5,10,10,10,8,5,1,20098
1022,7,12A204,14,40189,1,1,0,03,8,7,8,9,10,9,9,10,10,9,10,10,0,8,10,10,8,8,0,0,0,0,0,8,8,9,9,9,8,3,8,7,5,7,3,1,27798
1022,7,12A204,14,40189,2,1,0,01,3,2,7,7,9,9,8,10,10,9,9,9,0,8,6,4,5,5,0,4,5,5,0,7,7,8,8,8,8,1,7,10,10,6,1,1,20849
1022,6,13A205,14,40232,2,1,0,01,8,8,8,8,8,8,8,8,8,8,8,8,8,8,8,8,8,8,0,0,2,0,0,8,8,8,8,8,8,5,8,7,7,5,4,1,24713
1022,6,13A205,14,40232,4,1,0,01,8,8,8,8,8,8,8,8,8,8,8,8,8,8,8,8,8,8,0,0,2,0,0,9,9,9,9,9,9,0,9,8,6,5,4,1,24713
1022,6,13A205,14,40232,3,1,0,02,6,8,8,7,8,7,7,7,7,7,7,7,7,7,7,7,7,7,2,2,2,0,0,7,7,7,7,7,7,0,7,7,6,0,0,1,24713
1022,6,13A205,14,40232,1,1,0,01,8,8,8,8,8,8,8,8,8,8,8,8,8,8,8,8,8,8,0,0,2,0,0,8,8,8,8,8,8,5,9,8,7,6,5,1,24713
1022,2,13B211,14,40269,2,1,0,02,8,8,8,8,8,8,8,8,8,8,8,8,8,9,9,9,9,9,0,0,1,0,0,9,9,9,9,9,9,7,9,9,9,7,5,1,16361
1022,2,13B211,14,40269,4,1,0,02,8,8,8,8,8,8,8,8,8,8,8,8,8,8,8,8,8,8,2,2,2,0,0,8,7,8,8,8,8,4,8,8,8,4,0,1,32721
1022,2,12B211,14,40274,1,1,0,06,8,8,10,10,10,10,9,10,10,10,8,10,9,7,6,9,8,10,2,0,1,2,0,8,9,8,9,8,5,6,8,10,7,9,6,1,29481
1022,2,12B211,14,40274,4,1,0,03,9,8,10,10,10,10,9,10,10,10,5,10,8,10,7,9,9,10,0,0,1,0,0,9,10,10,9,9,10,5,9,9,9,5,8,1,22111
1022,2,12B211,14,40274,2,1,0,02,10,10,9,10,10,10,10,9,9,10,9,10,3,8,8,10,9,2,0,2,0,1,0,9,9,9,9,9,8,0,10,8,8,9,7,1,14740
1022,2,12B211,14,40274,3,1,0,01,9,8,10,10,10,10,10,10,10,10,2,9,1,9,10,10,10,10,0,0,0,0,0,7,10,10,10,10,9,6,10,10,10,9,4,1,7371
1022,2,13B211,14,40275,3,1,0,01,10,10,10,10,10,10,10,10,10,10,10,10,6,8,8,4,6,7,0,0,5,0,0,10,4,10,10,10,10,8,10,8,8,7,10,1,32216
1022,2,13B211,14,40275,2,1,0,01,10,10,10,10,10,7,10,10,10,8,10,10,6,5,5,4,6,7,5,5,6,3,0,9,7,10,6,8,8,6,10,10,7,9,9,1,53693
1022,2,13B211,14,40275,1,1,0,02,9,9,9,9,9,9,9,9,9,9,10,8,7,7,7,7,8,8,2,2,3,0,0,9,9,8,8,8,8,8,6,9,9,5,8,1,42954
1022,2,13B211,14,40275,4,1,0,03,8,8,10,8,6,6,10,10,8,8,10,8,5,8,5,8,10,10,1,4,1,0,0,8,10,10,10,10,10,8,10,10,10,10,10,1,32216
1022,6,12A205,14,40278,4,1,0,01,9,9,9,9,9,9,9,9,9,9,10,9,5,6,5,5,6,6,4,3,5,3,3,8,8,8,8,8,8,8,6,8,8,10,10,1,34374
1022,6,12A205,14,40278,1,1,0,01,6,6,6,6,6,6,6,6,6,8,10,7,10,3,1,3,3,1,6,8,6,6,8,6,0,6,7,5,3,7,7,8,8,5,8,1,17187
1022,6,12A205,14,40278,3,1,0,02,8,8,8,5,8,5,8,8,5,8,10,8,6,5,5,5,5,5,5,5,5,1,1,7,7,7,7,7,7,7,7,10,8,6,6,1,17187
1022,6,12A205,14,40281,2,1,0,02,7,7,7,9,5,7,8,8,8,8,10,8,5,10,10,5,8,10,0,0,5,0,0,10,6,10,10,10,10,7,10,10,10,8,8,1,15881
1022,6,12A205,14,40281,4,1,0,01,8,8,10,10,10,10,10,10,10,10,10,9,0,5,5,3,5,5,2,2,7,0,0,7,2,10,10,7,7,9,9,10,10,8,10,1,39703
1022,6,12A205,14,40281,1,1,0,01,7,7,7,7,7,7,7,7,7,9,10,9,8,6,6,6,7,7,3,4,4,3,2,7,5,7,8,7,7,8,7,9,8,7,7,1,23822
1022,6,12A205,14,40281,3,1,1,02,9,9,9,3,3,0,8,8,8,9,10,10,8,10,8,8,10,10,0,1,1,0,0,8,10,10,10,10,10,5,10,10,10,8,8,1,15881
1022,6,12A205,14,40285,3,1,0,03,10,10,10,10,10,10,10,9,9,10,6,10,6,10,7,10,9,10,0,2,0,1,0,9,10,9,10,10,7,7,9,8,8,7,7,1,45204
1022,6,12A205,14,40285,4,1,0,02,8,8,10,10,10,10,10,10,10,10,10,10,7,9,9,9,9,9,0,0,0,0,0,7,8,8,8,5,5,5,9,8,7,8,7,1,30135
1022,2,12B211,14,40314,1,1,0,01,9,10,8,8,10,9,10,8,10,9,10,9,4,8,10,9,7,10,0,0,0,0,0,9,7,10,9,8,10,0,10,8,0,7,7,1,31847
1022,2,12B211,14,40314,2,1,0,02,9,9,9,9,9,6,9,9,9,9,10,8,6,7,7,6,7,7,3,3,3,0,0,9,9,9,9,7,9,8,9,9,9,7,7,1,23886
1022,2,12B211,14,40314,3,1,0,03,10,7,10,8,0,7,10,10,10,9,10,8,8,5,7,7,10,8,5,2,3,0,0,9,10,9,10,10,10,7,10,10,10,9,9,1,31847
1022,2,11B211,14,40320,3,1,0,01,9,8,10,9,9,10,10,10,9,9,9,10,7,9,6,9,9,7,0,2,1,1,0,9,10,10,10,9,7,0,10,7,6,5,5,1,26351
1022,2,11B211,14,40320,2,1,1,04,8,9,10,9,9,9,10,9,9,10,6,9,7,7,10,10,10,10,2,0,0,0,0,9,10,8,9,9,7,7,9,9,7,7,7,1,35135
1022,2,11B211,14,40320,1,1,0,01,9,8,10,8,7,10,10,7,10,10,10,10,6,10,7,8,10,10,0,2,1,0,0,8,9,10,9,8,7,5,10,8,8,8,8,1,52703
1022,2,11B211,14,40320,4,1,0,02,8,6,10,10,7,8,10,10,8,10,10,8,7,8,7,8,9,8,1,2,1,1,0,8,10,8,10,10,7,7,9,9,8,5,7,1,17568
1022,6,12A205,14,40326,4,1,0,01,8,8,8,10,10,10,10,10,10,10,10,10,2,5,5,5,5,5,5,2,5,2,2,8,8,8,8,8,8,8,8,10,10,7,7,1,39916
1022,6,12A205,14,40326,2,1,0,01,8,8,8,8,8,8,8,8,5,10,10,9,5,6,5,5,6,7,4,4,5,4,3,7,6,6,7,7,6,6,7,10,10,8,8,1,31933
1022,6,12A205,14,40326,3,1,0,01,6,6,9,6,9,6,9,9,8,9,10,9,5,4,4,4,4,4,6,6,6,6,6,6,3,6,6,5,6,3,5,7,7,3,3,1,23950
1022,6,12A205,14,40326,1,1,0,02,8,8,8,8,8,8,8,8,8,8,10,8,6,6,5,3,5,4,4,5,6,2,5,9,3,7,8,8,8,7,8,10,10,5,5,1,15967
1022,6,11A205,14,40329,1,1,0,01,7,7,8,7,0,8,8,8,8,10,10,10,0,8,8,7,6,10,1,1,2,3,0,8,10,8,10,10,8,9,10,9,8,7,8,1,18470
1022,6,11A205,14,40329,3,1,0,01,7,7,7,7,7,7,8,10,7,10,10,10,5,7,7,6,7,7,0,0,4,0,0,7,10,8,10,10,8,8,10,10,10,3,5,1,18470
1022,6,11A205,14,40329,4,1,0,02,9,9,9,9,0,5,5,7,6,9,10,8,5,6,5,5,8,7,3,4,5,1,3,7,6,6,7,7,7,8,10,10,10,6,8,1,27705
1022,6,11A205,14,40329,2,1,0,01,8,8,8,8,10,10,9,9,9,10,10,9,0,4,6,5,7,5,5,1,5,0,0,10,10,10,10,10,10,10,10,10,10,10,10,1,18470
1022,2,12B211,14,40363,2,1,0,02,9,9,10,10,5,10,10,9,10,10,10,10,0,10,5,9,10,10,0,4,1,0,0,10,9,10,10,10,10,8,10,10,9,9,8,1,25169
1022,2,12B211,14,40363,3,1,0,01,10,10,10,10,10,10,10,8,8,10,10,10,3,10,10,9,9,10,0,0,1,1,0,10,10,10,10,10,10,7,10,10,10,7,10,1,50338
1022,2,12B211,14,40363,4,1,0,01,8,8,10,10,10,10,10,10,10,10,10,10,2,10,9,5,9,10,0,1,5,0,0,10,7,10,10,10,10,0,10,10,10,8,2,1,25169
1022,2,12B211,14,40365,2,1,0,01,10,10,10,10,10,10,10,10,10,10,10,10,0,10,10,10,10,10,0,0,0,0,0,10,10,9,10,10,9,8,10,10,8,8,8,1,7969
1022,2,12B211,14,40365,1,1,0,05,10,9,10,9,10,10,9,10,8,10,10,10,7,10,9,7,8,8,0,0,3,2,2,9,4,9,7,8,7,5,9,9,7,10,5,1,47818
1022,2,12B211,14,40365,3,1,0,02,7,8,8,9,8,8,9,8,7,7,6,8,3,6,6,7,9,7,3,3,2,1,0,7,10,7,8,8,8,6,9,6,7,7,6,1,15940
1022,8,11A203,14,40369,2,1,0,01,10,10,10,10,10,10,10,10,10,10,10,10,1,9,9,10,10,9,1,1,0,0,1,10,10,10,10,10,10,4,10,10,10,4,7,1,6793
1022,8,11A203,14,40369,3,1,0,01,8,6,8,9,9,9,8,8,8,9,7,8,6,9,8,8,8,8,0,2,2,1,0,7,8,9,9,8,7,5,9,8,7,6,7,1,20379
1022,8,11A203,14,40369,1,1,0,01,8,9,8,9,10,9,8,9,8,9,8,7,6,7,9,8,9,8,0,1,0,0,0,8,9,9,8,8,8,5,9,8,7,6,7,1,13586
1022,6,13A205,14,40370,2,1,0,02,8,8,8,9,9,9,8,10,10,9,8,8,5,10,7,9,9,9,0,3,0,0,0,8,10,9,8,8,9,2,9,9,9,5,0,1,51624
1022,6,13A205,14,40370,1,1,0,02,9,8,9,8,9,9,8,9,9,8,4,8,4,9,8,8,9,8,0,2,1,0,0,9,9,9,9,8,6,5,9,8,8,6,6,1,51624
1022,6,13A205,14,40370,4,1,0,01,8,8,9,10,10,8,10,10,9,9,1,9,5,9,8,8,10,7,0,2,1,0,0,8,9,8,9,9,8,5,10,9,9,7,6,1,12906
1022,6,11A205,14,40371,2,1,0,02,8,6,8,9,10,10,10,10,10,10,7,8,4,5,5,4,6,5,5,4,4,4,4,8,8,8,8,9,2,6,10,6,8,8,5,1,16794
1022,6,11A205,14,40371,1,1,0,02,8,10,8,8,8,8,8,9,7,8,10,9,2,8,8,9,10,10,0,1,0,0,0,9,10,8,10,10,7,5,4,10,10,7,5,1,16794
1022,6,11A205,14,40371,3,1,0,01,8,5,9,9,8,9,9,10,10,10,8,9,0,7,5,10,5,10,2,0,0,0,0,8,9,9,9,8,10,5,9,8,8,6,7,1,16794
1022,6,11A205,14,40371,4,1,0,01,5,5,8,8,8,8,8,9,7,9,10,9,0,10,5,7,5,8,0,0,0,0,0,9,7,7,8,8,8,7,7,9,10,8,8,1,8397
1022,2,11B211,14,40412,3,1,0,01,7,5,8,6,8,8,9,6,8,8,7,8,7,5,7,8,9,8,4,1,1,1,2,8,10,7,7,6,7,6,10,9,8,6,6,1,11648
1022,2,11B211,14,40412,4,1,0,03,10,10,10,10,10,10,10,10,8,10,5,10,8,9,8,5,7,7,1,0,5,2,2,7,8,8,10,10,10,5,10,8,8,5,5,1,34945
1022,2,11B211,14,40412,1,1,0,02,8,9,9,9,10,9,10,10,10,9,10,9,6,8,10,8,9,9,1,0,1,0,0,8,8,8,10,8,8,0,8,9,8,5,0,1,23297
1022,5,12A206,14,40417,4,1,0,02,8,8,8,8,8,8,8,9,8,8,8,8,5,10,10,9,9,9,0,0,0,0,0,8,8,8,8,8,7,7,8,8,8,8,8,1,18614
1022,5,12A206,14,40417,3,1,0,01,8,8,8,9,9,8,8,8,8,8,6,7,6,9,5,7,9,8,0,0,2,1,1,8,8,8,9,8,9,5,10,10,9,8,6,1,37230
1022,5,12A206,14,40417,2,1,0,01,5,8,10,9,10,8,8,9,7,8,7,8,7,10,9,9,9,10,0,1,0,0,0,10,6,8,9,9,9,6,9,9,6,7,8,1,37230
1022,5,12A206,14,40417,1,1,0,01,9,6,8,9,10,8,9,9,7,8,6,7,4,9,7,8,9,8,1,1,2,1,0,8,8,9,8,7,8,5,10,9,8,7,6,1,37230
1022,5,12A206,14,40418,4,1,0,05,10,8,8,10,6,3,8,8,7,9,7,7,2,7,7,9,8,5,3,0,1,1,0,8,10,9,10,10,7,2,9,9,4,1,5,1,23538
1022,5,12A206,14,40418,3,1,1,02,10,8,9,9,10,4,9,9,2,9,6,8,8,7,5,5,5,4,2,4,4,5,6,10,10,7,10,9,3,10,10,9,6,0,8,1,15692
1022,5,12A206,14,40418,2,1,0,02,6,10,5,2,0,0,6,10,8,10,10,5,10,0,5,0,0,0,0,5,8,8,10,8,0,8,9,5,5,6,5,10,10,9,10,1,23538
1022,5,12A206,14,40418,1,1,0,01,9,9,10,10,5,8,8,10,6,10,10,10,3,5,4,5,8,6,4,5,5,2,2,10,7,7,9,10,8,6,4,10,10,7,8,1,23538
1022,5,12A206,14,40423,1,1,0,02,8,8,9,9,10,9,9,8,9,9,10,9,9,5,3,5,5,0,5,7,4,5,6,8,10,10,8,10,9,5,10,10,5,5,5,1,24728
1022,5,12A206,14,40423,3,1,0,02,7,6,8,8,8,9,8,9,8,9,9,8,7,7,5,6,7,6,2,5,3,0,1,8,7,8,8,8,8,5,7,9,8,7,5,1,32970
1022,5,12A206,14,40423,2,1,0,01,7,6,8,8,9,7,6,8,8,8,9,5,6,5,6,3,5,4,0,3,6,1,1,7,6,8,7,7,7,5,8,9,9,5,5,1,8243
1022,5,12A206,14,40423,4,1,0,01,8,8,8,7,10,9,9,8,9,9,5,8,5,8,9,8,9,9,1,1,1,1,1,5,8,9,9,10,5,2,8,10,8,5,5,1,16485
1022,4,11A217,14,40450,4,1,0,03,8,8,8,9,2,5,8,9,9,9,10,10,6,7,7,5,7,7,0,0,4,0,0,9,9,9,10,9,9,9,9,10,9,8,8,1,39099
1022,4,11A217,14,40450,1,1,0,01,10,10,10,10,10,10,10,10,10,10,10,10,7,7,7,7,7,7,2,2,3,2,2,10,10,10,10,10,7,8,10,10,10,7,10,1,9775
1022,4,11A217,14,40450,3,1,0,01,10,10,10,10,10,10,10,10,5,10,10,10,5,8,6,6,7,10,1,3,3,2,0,10,10,10,10,10,9,8,10,10,10,6,7,1,19550
1022,4,11A217,14,40450,2,1,0,03,10,10,10,5,3,3,8,8,5,9,10,7,7,6,6,6,8,6,0,0,3,0,0,9,8,8,8,5,7,0,7,7,7,0,3,1,39099
1022,1,12B212,14,40455,2,1,0,04,8,7,6,10,10,10,10,10,10,10,10,10,10,0,2,0,0,0,10,7,10,5,10,10,8,9,7,10,10,7,10,10,10,10,5,1,33925
1022,1,12B212,14,40455,4,1,0,02,7,5,9,8,9,10,10,10,10,10,6,9,5,7,7,6,8,6,2,3,3,2,4,7,7,10,8,10,4,0,4,8,0,0,0,1,16963
1022,1,12B212,14,40455,1,1,0,02,7,4,9,8,8,10,10,9,9,10,10,9,0,1,2,4,1,2,8,5,5,9,7,10,10,8,10,9,4,5,6,6,2,5,5,1,25444
1022,1,12B212,14,40455,3,1,0,01,8,7,8,9,9,8,8,8,9,9,10,8,8,7,6,6,7,7,3,3,3,3,3,7,7,8,8,7,8,9,9,8,7,8,9,1,8482
1022,5,12A206,14,40467,4,1,0,01,10,10,10,10,10,5,10,10,8,9,10,9,7,5,5,5,7,5,5,5,5,3,3,7,5,9,9,9,5,7,8,10,8,7,9,1,19606
1022,5,12A206,14,40467,1,1,0,01,3,6,5,7,7,7,7,7,7,8,10,7,10,5,2,4,1,1,5,7,6,8,8,6,3,6,7,7,7,7,7,8,8,7,7,1,19606
1022,5,12A206,14,40467,3,1,0,01,8,8,8,8,3,5,8,10,6,9,10,8,7,7,6,3,5,8,0,4,7,0,0,10,2,10,10,10,10,8,10,10,7,8,8,1,13071
1022,5,12A206,14,40467,2,1,0,03,10,10,10,10,10,10,10,10,10,10,10,10,5,8,5,7,10,8,2,5,2,0,0,10,10,10,10,10,10,9,10,10,10,10,10,1,19606
1022,5,11A206,14,40468,1,1,0,02,10,9,10,8,9,9,8,10,7,10,10,8,2,5,8,6,7,5,5,0,3,3,0,10,10,10,10,10,10,10,9,10,8,9,9,1,18692
1022,5,11A206,14,40468,2,1,0,02,10,10,10,10,10,10,10,10,10,10,10,10,6,10,10,5,9,10,0,0,4,0,0,9,9,9,9,9,10,0,10,10,8,7,5,1,18692
1022,5,11A206,14,40468,4,1,0,01,9,9,10,9,9,9,10,9,10,10,10,10,8,8,5,6,9,8,0,4,3,0,0,10,10,10,10,8,8,3,10,9,7,8,8,1,18692
1022,4,12A217,14,40491,4,1,0,01,9,9,9,9,9,9,9,9,9,9,10,9,0,8,8,2,6,5,1,1,5,2,2,8,2,9,8,8,9,7,10,10,10,10,10,1,42063
1022,4,12A217,14,40491,2,1,0,01,8,8,8,8,0,8,8,8,8,8,10,8,2,6,7,6,7,7,3,2,4,2,2,8,10,10,10,10,10,8,9,10,10,8,8,1,16824
1022,4,12A217,14,40491,3,1,0,01,9,9,8,8,8,2,8,8,8,8,10,8,4,6,1,2,5,4,4,5,5,5,6,5,7,7,7,7,7,5,7,7,7,7,7,1,8413
1022,1,11B212,14,40502,1,1,0,02,8,10,8,5,7,5,7,10,7,8,10,8,8,5,4,4,6,5,5,5,5,4,4,7,8,8,7,7,8,6,7,9,6,8,6,1,16950
1022,1,11B212,14,40502,3,1,0,02,7,7,7,3,3,3,7,7,7,7,10,8,6,7,6,6,5,7,3,4,4,4,3,7,8,8,9,9,8,8,8,10,10,8,8,1,42376
1022,1,11B212,14,40502,4,1,0,01,7,7,7,7,7,7,7,7,10,10,10,7,4,9,6,6,7,10,1,4,4,2,0,6,7,7,7,7,7,7,10,8,6,9,9,1,16950
1022,1,11B212,14,40502,2,1,0,01,6,5,6,7,8,7,8,9,9,10,4,5,6,2,6,1,5,0,0,4,8,0,8,6,8,8,7,6,3,2,7,7,5,5,6,1,16950
1022,1,13B212,14,40503,1,1,0,01,8,9,8,5,10,8,10,9,10,10,9,10,1,10,7,10,10,9,0,2,0,0,0,9,10,10,9,10,8,5,10,9,8,8,9,1,19006
1022,1,13B212,14,40503,2,1,0,01,2,4,8,8,9,10,10,10,8,10,6,8,8,10,7,10,10,7,0,2,0,0,0,9,9,9,10,8,9,7,5,10,10,7,6,1,19006
1022,1,13B212,14,40503,4,1,0,01,8,8,9,9,9,10,9,7,9,10,10,10,7,8,4,7,10,8,0,3,3,0,0,8,8,7,10,9,8,6,9,8,9,9,7,1,28509
1022,8,12A203,14,40504,2,1,0,01,8,8,8,10,10,10,10,10,7,10,10,10,4,6,7,3,6,5,4,3,6,4,4,8,3,8,10,10,10,9,9,10,9,8,8,1,17120
1022,8,12A203,14,40504,1,1,0,01,10,10,10,10,10,10,10,10,10,10,10,10,2,4,4,3,3,7,6,6,6,6,3,8,8,8,8,7,7,10,10,10,10,8,8,1,17120
1022,8,12A203,14,40504,3,1,0,01,7,7,7,7,7,7,7,7,7,7,10,7,3,2,2,2,3,3,7,7,7,0,0,7,3,7,7,7,7,7,7,9,9,9,9,1,25680
1022,1,13B212,14,40507,3,1,0,01,9,9,9,9,9,9,9,9,9,9,9,9,9,9,9,9,9,9,0,0,0,0,0,9,9,9,9,9,9,5,9,9,9,5,5,1,8702
1022,1,13B212,14,40507,2,1,0,02,8,8,9,10,10,10,10,10,10,8,8,10,10,10,10,6,8,9,0,0,4,0,0,10,10,10,10,10,10,4,10,10,9,3,3,1,26107
1022,1,13B212,14,40507,4,1,0,02,8,8,8,8,8,8,8,8,8,8,8,8,8,6,8,8,8,8,3,0,2,0,0,8,8,5,7,8,8,5,8,6,8,5,5,1,17405
1022,5,12A206,14,40515,3,1,0,02,8,9,10,8,8,9,7,10,7,10,10,10,2,10,10,5,10,7,0,0,5,0,0,8,5,10,10,8,10,1,10,10,8,8,6,1,15763
1022,5,12A206,14,40515,4,1,1,02,9,9,7,9,8,10,9,8,8,7,7,8,7,3,4,4,6,5,2,6,6,3,2,10,8,9,8,9,8,7,10,8,7,6,8,1,15763
1022,5,12A206,14,40515,2,1,0,02,7,10,8,7,8,8,8,9,10,10,10,8,2,8,0,8,10,10,0,0,2,0,0,7,8,8,9,9,9,10,8,9,9,9,9,1,31528
1022,5,12A206,14,40515,1,1,0,01,9,9,10,10,10,8,10,10,6,8,10,9,5,8,6,7,8,8,2,3,3,1,1,9,9,9,10,10,10,7,10,10,9,6,6,1,15763
1022,4,12A217,14,40538,1,1,0,01,8,7,8,8,8,8,8,8,8,8,8,8,8,8,8,8,8,8,0,0,2,0,0,8,9,8,8,8,8,8,8,8,8,8,8,1,8190
1022,4,12A217,14,40538,4,1,1,02,8,10,10,7,3,3,3,7,8,10,10,10,10,3,5,8,6,7,6,5,2,3,3,9,9,9,9,9,9,7,10,10,9,6,6,1,16378
1022,4,12A217,14,40538,3,1,0,01,5,8,5,5,5,5,5,5,5,5,5,5,5,7,7,7,7,7,0,0,2,0,0,7,8,8,8,8,8,5,8,7,6,5,3,1,24568
1022,4,11A217,14,40541,2,1,0,02,9,9,10,10,9,8,10,10,9,8,10,8,1,10,9,8,10,10,0,1,2,0,0,9,9,10,10,8,10,10,10,9,9,8,8,1,26728
1022,4,11A217,14,40541,1,1,0,01,10,9,10,9,9,10,10,10,10,9,9,10,0,7,1,8,10,10,0,7,2,0,0,9,10,10,9,10,8,2,10,8,7,8,10,1,17818
1022,4,11A217,14,40541,4,1,0,01,10,10,10,8,8,8,8,7,7,10,10,9,9,8,7,10,9,8,1,3,0,1,0,9,8,8,9,7,9,7,10,9,7,7,7,1,26728
1022,4,11A217,14,40541,3,1,0,01,8,9,10,5,10,10,10,10,9,10,7,10,7,10,5,8,10,8,0,4,2,0,0,8,10,10,9,8,7,5,10,8,7,8,10,1,8909
1022,4,13A217,14,40543,4,1,0,01,10,10,10,10,10,9,10,9,9,10,10,9,8,10,10,8,10,10,0,0,2,0,0,10,8,10,10,10,10,7,10,10,9,8,8,1,8872
1022,4,13A217,14,40543,1,1,0,03,9,9,9,9,10,9,10,9,9,9,4,8,1,10,8,9,9,8,0,1,1,1,0,9,9,9,10,9,7,0,9,9,9,5,5,1,26616
1022,4,13A217,14,40543,2,1,0,01,8,8,10,10,10,10,10,10,10,10,5,10,5,8,9,5,9,9,0,1,5,1,1,10,9,10,10,10,10,8,10,8,10,8,7,1,8872
1022,1,11B212,14,40549,2,1,0,01,10,10,10,10,10,10,10,10,10,10,10,10,10,10,10,10,10,10,0,0,0,0,0,10,10,10,10,10,10,9,9,9,9,9,9,1,9613
1022,1,11B212,14,40549,3,1,0,02,7,9,8,8,8,8,8,8,8,8,8,8,8,8,8,8,8,8,0,0,0,0,0,8,9,9,9,9,9,8,9,9,8,8,8,1,28838
1022,1,11B212,14,40549,1,1,0,01,7,8,8,8,8,8,8,8,8,8,8,8,8,8,8,8,8,8,2,0,2,0,0,8,8,8,8,8,8,3,8,8,8,3,3,1,19225
1022,1,11B212,14,40549,4,1,0,02,8,10,8,8,8,8,8,8,8,8,8,8,8,6,8,5,8,8,3,0,5,0,0,8,8,8,8,8,8,5,8,8,7,0,5,1,19225
1022,8,12A203,14,40550,1,1,0,03,10,10,10,9,9,10,10,10,9,10,8,10,3,10,9,10,10,10,0,1,0,0,0,8,10,10,10,9,9,6,10,9,8,8,7,1,26920
1022,8,12A203,14,40550,3,1,0,01,8,8,8,9,8,8,8,7,7,9,10,8,1,5,6,6,9,10,5,3,3,1,0,8,9,8,8,9,10,9,10,9,9,7,8,1,8973
1022,8,12A203,14,40550,4,1,0,02,10,9,10,10,10,10,10,10,10,10,10,10,10,10,10,5,10,10,0,0,5,0,0,9,9,8,9,9,10,7,10,8,8,8,7,1,17947
1022,8,12A203,14,40550,2,1,1,01,9,10,10,6,10,10,10,7,10,9,5,10,5,10,6,10,9,8,0,3,0,1,0,9,9,9,10,7,8,7,9,8,7,8,6,1,26920
1022,8,11A203,14,40552,2,1,0,02,10,8,10,10,10,10,10,10,10,10,10,10,8,10,10,10,10,10,0,0,0,0,0,10,10,9,9,9,9,5,9,9,5,5,5,1,29997
1022,8,11A203,14,40552,3,1,0,02,7,8,7,7,7,7,7,7,7,7,7,7,7,7,5,5,5,5,3,5,5,5,5,7,7,7,7,7,7,5,7,7,5,5,3,1,22497
1022,8,11A203,14,40552,4,1,0,01,8,7,8,8,8,8,8,8,8,8,8,8,8,8,8,8,8,8,0,2,2,2,2,8,7,8,8,8,8,6,8,8,6,7,7,1,37496
1022,8,11A203,14,40552,1,1,0,01,7,7,7,7,7,7,7,7,7,7,7,7,7,8,7,5,8,8,0,0,4,0,0,8,8,8,8,8,8,7,8,8,7,7,7,1,14998
1022,8,13A203,14,40554,4,1,0,01,9,9,9,10,10,9,9,9,8,10,8,9,4,7,5,7,8,8,3,5,3,1,1,8,8,9,9,9,9,4,9,9,8,8,7,1,18699
1022,8,13A203,14,40554,3,1,0,02,10,10,10,10,10,9,9,10,10,9,8,9,7,9,8,9,9,8,1,2,1,1,0,9,9,9,9,9,8,5,9,10,9,6,7,1,18699
1022,8,13A203,14,40554,2,1,0,01,9,9,10,9,10,9,10,9,9,10,5,9,5,10,8,8,10,9,0,0,1,0,0,10,8,9,9,9,9,7,10,9,8,7,7,1,9349
1022,8,13A203,14,40554,1,1,0,02,8,7,7,6,10,7,8,8,4,7,6,8,6,8,8,8,6,8,1,2,0,0,0,7,8,8,9,8,7,5,8,8,7,6,6,1,18699
1022,5,13A206,14,40562,1,1,0,01,6,8,7,7,7,7,7,7,7,7,7,7,7,8,8,8,8,8,2,0,2,0,0,7,7,7,7,7,7,3,7,7,6,3,3,1,20042
1022,5,13A206,14,40562,3,1,0,01,3,2,2,0,4,0,0,0,2,0,0,0,0,0,0,0,0,0,10,5,10,10,10,3,2,0,2,0,0,0,3,0,0,2,1,1,20042
1022,5,11A206,14,40563,4,1,0,01,8,4,8,8,8,8,8,8,8,8,8,8,8,8,8,8,8,8,0,0,0,0,0,9,9,9,8,8,8,8,8,8,8,8,8,1,33265
1022,5,11A206,14,40563,3,1,0,01,8,9,8,8,8,8,8,8,8,8,8,8,8,8,8,8,8,8,0,0,0,0,0,8,9,9,9,9,9,7,9,9,9,6,0,1,16632
1022,5,11A206,14,40563,2,1,0,01,8,6,8,8,8,8,8,8,8,8,8,8,8,8,8,8,8,8,0,0,2,0,0,8,8,8,8,8,8,7,8,8,8,6,5,1,8316
1022,4,12A217,14,40584,4,1,0,03,8,10,10,10,10,10,10,10,10,10,8,9,9,10,9,10,10,10,0,0,0,0,0,9,10,10,10,10,10,8,10,9,9,7,9,1,38457
1022,4,12A217,14,40584,2,1,0,01,8,8,8,8,10,8,8,8,9,8,6,8,8,7,8,7,7,8,3,0,2,2,0,8,8,8,8,8,7,0,8,8,8,8,0,1,19228
1022,4,12A217,14,40585,2,1,0,02,10,9,10,10,10,10,10,10,10,10,10,9,7,10,7,7,8,9,0,2,2,1,1,10,10,10,10,10,10,5,10,10,10,8,8,1,16224
1022,4,12A217,14,40585,1,1,0,01,7,7,7,5,7,8,8,8,8,9,8,8,6,8,8,9,8,9,2,1,0,1,0,9,9,9,9,9,9,5,7,10,7,7,7,1,32448
1022,4,12A217,14,40585,3,1,0,01,8,6,8,8,8,7,8,8,7,8,7,7,6,8,7,6,7,6,2,1,2,3,2,7,7,8,6,7,7,5,7,8,6,5,6,1,24336
1022,4,13A217,14,40587,3,1,0,02,9,10,9,9,10,9,9,9,9,9,8,8,2,7,6,5,7,5,3,3,5,3,1,8,9,8,10,8,8,0,9,7,9,0,0,1,59389
1022,4,13A217,14,40587,1,1,0,02,9,9,9,9,10,9,9,9,8,9,7,9,8,8,8,8,7,8,0,0,1,1,0,9,8,9,9,8,8,5,8,9,9,7,6,1,9898
1022,4,13A217,14,40587,4,1,0,03,10,9,10,10,7,10,10,10,10,10,8,10,7,10,8,10,10,10,0,2,0,0,0,10,10,9,10,10,10,5,10,10,10,10,10,1,39593
1022,4,13A217,14,40587,2,1,0,01,7,7,8,8,9,8,7,8,8,8,6,8,7,7,6,8,8,6,2,4,2,2,0,8,8,8,7,8,7,2,7,8,7,5,5,1,29694
1022,8,12A203,14,40593,2,1,0,01,8,9,9,9,9,9,9,9,9,9,9,9,7,8,8,7,9,9,1,1,2,1,1,8,10,9,8,9,10,7,9,10,9,8,8,1,7945
1022,8,12A203,14,40593,3,1,1,01,5,5,5,5,5,5,5,5,5,5,5,5,5,5,5,5,5,5,5,5,5,0,0,7,8,7,7,6,6,4,8,7,7,6,3,1,31780
1022,8,12A203,14,40593,4,1,0,01,9,9,9,9,9,10,10,10,9,9,9,9,1,10,9,7,9,9,0,1,3,1,0,8,9,9,9,8,9,6,9,9,8,7,7,1,23836
1022,8,12A203,14,40593,1,1,0,01,7,8,7,7,7,7,7,7,7,7,7,7,7,8,8,8,8,8,0,0,2,0,0,7,7,7,7,7,7,5,7,7,6,5,5,1,7945
1022,1,12B212,14,40594,3,1,0,01,8,9,10,10,10,9,9,9,10,8,8,8,0,10,9,9,9,8,0,1,1,0,0,8,9,8,9,8,8,4,8,9,8,7,2,1,15890
1022,1,12B212,14,40594,1,1,0,01,8,6,8,7,9,8,7,9,8,7,9,8,7,6,6,3,5,5,4,4,7,5,4,7,5,8,8,7,8,0,7,8,8,7,5,1,15890
1022,8,11A203,14,40595,4,1,0,01,8,8,8,8,10,9,8,9,8,9,8,9,4,8,9,8,9,7,2,1,1,0,0,9,9,9,9,8,8,5,10,9,9,7,6,1,9043
1022,8,11A203,14,40595,2,1,0,01,7,7,8,9,9,8,8,8,7,8,9,8,7,7,6,5,8,7,1,3,1,1,2,7,7,8,8,7,6,5,8,7,7,5,5,1,36173
1022,8,11A203,14,40595,3,1,0,01,9,7,9,9,10,10,10,10,9,10,10,10,8,5,0,8,10,8,0,1,1,0,0,8,9,10,10,10,7,6,10,10,6,9,9,1,18086
1022,1,13B212,14,40596,2,1,0,02,9,8,8,9,9,9,8,9,8,8,7,8,5,6,8,7,8,6,2,1,2,1,1,7,8,7,8,8,8,0,9,8,7,6,5,1,32340
1022,1,13B212,14,40596,3,1,0,01,8,7,8,9,8,8,8,8,8,7,7,8,6,8,9,7,8,6,1,0,1,0,0,8,8,8,9,9,8,7,10,8,7,5,5,1,21560
1022,1,13B212,14,40596,1,1,0,02,8,8,8,9,9,10,9,7,9,9,0,6,8,7,6,7,9,6,2,4,2,1,2,7,9,7,5,7,9,0,9,7,6,5,2,1,21560
1022,1,13B212,14,40596,4,1,0,02,10,8,10,8,10,10,10,9,8,9,8,9,6,8,9,8,8,9,1,0,2,2,0,9,9,9,7,8,9,7,9,10,6,7,6,1,53899
1022,8,12A203,14,40597,1,1,0,01,8,7,10,8,10,10,10,10,10,10,10,10,5,8,9,10,10,10,0,0,0,0,0,10,10,10,10,10,8,8,10,10,10,10,10,1,16471
1022,8,12A203,14,40597,3,1,0,02,8,8,8,8,8,8,8,8,8,8,8,8,8,5,5,5,5,5,5,5,5,5,5,8,8,8,8,8,8,8,8,8,8,8,8,1,16471
1022,8,12A203,14,40597,4,1,0,01,7,9,9,9,10,9,9,9,10,9,9,9,10,10,10,10,10,10,0,0,0,0,0,7,5,10,9,7,10,7,10,9,9,9,8,1,16471
1022,8,12A203,14,40597,2,1,0,01,10,8,10,6,10,10,10,6,10,10,0,8,0,7,7,7,8,8,2,2,2,0,0,10,6,8,8,8,10,4,4,8,6,6,6,1,16471
1022,1,12B212,14,40599,1,1,0,01,8,7,8,8,8,8,8,8,8,8,8,8,8,8,8,8,8,8,0,0,0,0,0,8,8,8,8,8,8,5,8,8,6,5,4,1,19210
1022,1,12B212,14,40599,3,1,0,03,7,9,7,7,5,5,7,10,7,7,7,7,5,5,10,5,10,10,0,0,5,0,0,7,10,10,10,10,10,5,10,10,10,5,3,1,28814
1022,7,11A204,15,40004,1,1,0,01,8,7,8,8,10,9,8,8,7,9,9,9,6,7,8,6,8,8,2,2,3,1,0,8,8,9,9,9,9,4,9,10,7,6,6,1,34855
1022,7,11A204,15,40004,4,1,0,05,8,7,8,8,8,8,8,8,8,8,8,8,3,7,6,6,6,7,2,3,2,1,0,8,9,8,8,8,8,5,7,7,5,5,5,1,34855
1022,7,11A204,15,40004,3,1,0,01,8,8,8,8,8,9,8,8,9,8,7,8,8,7,4,7,7,8,0,5,2,0,0,7,8,7,7,7,7,0,7,7,7,6,6,1,34855
1022,7,11A204,15,40006,4,1,0,04,7,8,8,9,9,6,5,10,8,9,6,5,7,8,6,5,8,6,0,4,5,2,3,8,7,8,9,10,10,5,8,6,8,9,9,1,30145
1022,7,11A204,15,40006,3,1,0,01,8,8,9,10,10,10,10,10,10,10,8,10,0,10,10,10,10,10,0,0,0,0,0,8,8,9,9,9,7,7,9,9,8,8,8,1,20097
1022,7,11A204,15,40006,2,1,0,03,8,7,9,8,9,9,8,9,8,8,3,8,8,9,9,7,8,7,0,0,3,0,0,8,9,7,9,9,8,8,8,8,8,8,8,1,10048
1022,7,11A204,15,40006,1,1,0,02,3,3,9,9,10,10,10,10,10,10,10,10,3,2,2,9,10,5,0,5,0,0,0,10,10,5,10,10,10,10,10,10,10,4,4,1,40193
1022,2,11B211,15,40025,3,1,0,01,7,9,9,9,10,10,10,10,10,10,8,10,8,10,10,10,10,10,0,0,0,0,0,10,8,10,10,10,5,10,10,10,10,10,10,1,27916
1022,2,11B211,15,40025,2,1,0,04,8,9,9,9,8,8,8,9,9,9,9,9,5,7,8,6,8,8,3,0,3,0,0,9,9,8,9,8,9,5,9,9,8,7,7,1,55833
1022,2,11B211,15,40025,1,1,0,02,8,7,9,10,10,9,8,9,9,9,9,8,4,5,3,4,4,8,5,6,6,5,0,8,8,9,9,8,8,7,8,8,8,7,7,1,18611
1022,3,12A218,15,40029,1,1,0,01,9,8,8,8,8,8,9,9,9,9,7,8,5,8,6,7,8,8,0,3,3,0,0,8,9,8,8,8,8,8,8,9,8,8,6,1,17431
1022,3,12A218,15,40029,2,1,0,01,10,10,10,10,10,10,10,10,10,9,9,8,0,8,7,6,9,8,1,3,4,0,0,10,8,10,10,9,9,6,10,10,10,8,10,1,26147
1022,3,12A218,15,40029,3,1,0,01,9,5,10,10,10,10,10,10,10,10,10,10,5,10,7,7,7,7,0,2,2,2,2,10,10,10,10,10,10,5,10,10,10,10,10,1,8716
1022,3,12A218,15,40029,4,1,0,01,10,7,8,10,10,8,10,10,10,10,10,10,5,6,6,7,6,7,4,3,2,4,2,10,10,10,10,10,10,8,10,10,8,8,3,1,34862
1022,3,11A218,15,40056,2,1,0,01,8,9,10,10,10,10,10,10,10,10,5,10,0,7,7,9,10,7,3,3,0,0,3,10,8,10,10,10,10,0,10,10,10,10,10,1,15465
1022,3,11A218,15,40056,3,1,0,01,8,7,8,9,10,10,10,10,10,10,10,9,8,9,8,8,10,8,0,2,2,0,1,10,8,8,10,8,8,6,9,9,6,6,5,1,23197
1022,7,11A204,15,40092,4,1,0,02,9,9,10,9,10,10,9,9,9,8,8,8,3,8,8,8,10,8,0,1,1,0,1,10,9,9,9,9,8,6,9,10,6,6,6,1,16783
1022,7,11A204,15,40092,1,1,0,01,9,9,10,10,10,10,10,10,9,9,8,8,6,8,8,8,10,8,2,1,1,0,2,9,9,8,10,9,9,6,9,10,8,8,8,1,33565
1022,7,11A204,15,40092,3,1,0,09,8,8,10,9,10,10,10,10,9,10,8,10,6,8,8,8,10,9,1,1,1,0,0,9,9,9,9,8,10,7,10,10,8,6,6,1,58739
1022,7,11A204,15,40092,2,1,0,02,10,9,10,10,10,9,10,10,10,9,8,10,4,9,9,9,10,10,0,0,1,0,0,10,9,9,10,9,9,8,10,10,9,7,6,1,16783
1022,3,11A218,15,40114,2,1,0,03,8,7,9,10,10,10,10,10,10,9,8,10,8,5,5,5,10,9,4,5,5,0,0,9,9,8,8,9,8,8,9,9,9,9,9,1,29854
1022,3,11A218,15,40114,3,1,0,02,8,8,8,8,9,9,9,9,8,9,8,8,4,10,10,10,10,10,0,0,0,0,0,8,8,9,9,9,8,5,8,8,8,8,8,1,22390
1022,3,11A218,15,40114,1,1,0,01,8,8,8,9,9,8,8,8,8,8,8,8,0,8,7,6,8,5,0,3,3,0,0,7,9,8,8,7,5,4,7,8,8,8,8,1,14927
1022,3,11A218,15,40114,4,1,0,02,8,7,8,9,9,8,9,8,9,9,8,8,0,6,6,6,6,6,3,3,3,4,3,9,10,8,8,8,9,5,8,7,7,7,9,1,14927
1022,7,12A204,15,40117,4,1,0,02,8,9,8,9,10,9,9,10,9,9,9,9,0,6,6,6,6,6,4,4,4,0,1,8,8,7,7,7,7,5,8,8,8,6,6,1,15015
1022,7,12A204,15,40117,3,1,0,01,9,9,9,9,10,10,10,10,10,8,9,8,2,10,8,7,8,8,0,2,2,0,0,9,9,9,9,9,9,0,9,10,7,7,7,1,30029
1022,7,12A204,15,40117,1,1,0,02,8,8,8,8,10,8,7,9,9,8,8,8,0,8,7,7,8,8,2,2,2,1,0,8,8,8,8,8,8,0,8,9,6,6,6,1,22522
1022,7,12A204,15,40117,2,1,0,04,7,6,7,6,9,7,7,8,8,7,7,7,7,7,6,5,9,7,3,4,4,0,2,7,9,7,6,6,7,5,8,7,6,6,5,1,30029
1022,6,11A205,15,40150,3,1,0,01,7,8,7,8,8,9,8,9,9,9,9,8,7,7,4,5,6,6,3,5,5,1,0,8,8,9,8,8,8,5,7,6,6,6,6,1,13530
1022,6,11A205,15,40150,2,1,0,01,8,9,8,8,10,7,8,8,7,7,10,6,6,9,7,5,8,6,0,3,5,0,4,7,7,7,7,7,8,7,7,6,7,7,7,1,6765
1022,4,13A217,15,40170,4,1,0,01,3,7,7,8,9,9,9,10,10,9,2,7,0,6,9,7,7,6,2,1,2,2,3,3,8,8,8,9,10,5,10,8,9,10,10,1,9489
1022,4,13A217,15,40170,3,1,1,01,9,8,10,9,10,10,10,10,10,9,8,10,5,8,8,9,10,8,1,1,1,0,0,10,8,9,10,9,9,8,10,10,9,6,6,1,37954
1022,4,13A217,15,40170,2,1,0,01,5,5,5,10,10,10,10,10,10,10,5,10,5,10,10,10,10,0,0,0,0,0,0,5,8,8,8,8,8,0,8,8,10,0,0,1,28466
1022,4,13A217,15,40170,1,1,0,02,6,6,10,10,10,10,10,10,10,10,10,10,0,10,10,10,10,10,0,0,0,0,0,10,10,10,10,10,9,7,10,10,10,10,8,1,37954
1022,2,11B211,15,40172,4,1,0,04,8,8,8,7,8,8,8,8,8,8,8,8,8,5,5,5,5,5,5,5,5,5,4,7,8,7,7,7,7,5,6,7,7,7,6,1,24768
1022,2,11B211,15,40172,3,1,0,03,9,9,9,9,9,9,9,9,9,9,9,9,9,9,9,9,9,9,0,0,0,0,0,9,9,9,9,9,9,3,9,8,8,8,7,1,18576
1022,2,11B211,15,40172,1,1,0,03,9,8,8,8,8,8,8,8,8,8,8,8,8,5,5,5,5,5,5,5,5,5,5,8,9,9,9,9,9,6,6,7,7,7,7,1,24768
1022,6,11A205,15,40178,3,1,0,01,7,7,8,9,10,9,9,10,10,10,10,7,3,8,8,5,7,7,1,2,4,3,2,9,8,8,8,9,6,5,7,7,7,7,7,1,8440
1022,6,11A205,15,40178,1,1,0,02,5,5,10,10,10,8,10,10,10,10,10,10,5,10,5,6,10,8,0,5,4,0,1,10,5,10,10,10,10,0,10,5,10,10,10,1,33760
1022,6,11A205,15,40178,2,1,0,01,6,6,9,9,9,9,9,8,9,9,10,9,0,10,7,3,10,10,0,2,6,0,0,8,8,8,9,10,10,0,9,10,10,10,10,1,33760
1022,6,11A205,15,40178,4,1,0,01,8,8,8,9,9,9,8,9,10,10,8,8,2,6,8,4,6,7,3,2,5,4,2,9,9,8,9,9,5,2,8,9,8,9,9,1,16880
1022,5,12A206,15,40181,3,1,0,01,10,10,10,9,10,10,10,10,10,10,9,10,2,10,10,5,10,10,0,0,5,0,0,9,9,10,10,10,10,0,10,10,5,2,2,1,6730
1022,5,12A206,15,40181,2,1,0,01,5,6,7,9,9,9,9,7,5,8,10,5,10,7,7,8,7,7,2,2,2,2,2,7,8,5,10,5,5,2,9,5,10,2,5,1,26920
1022,5,12A206,15,40181,4,1,0,01,9,9,9,9,9,9,9,10,9,9,0,9,2,7,7,8,10,8,3,3,1,0,0,8,10,8,9,8,9,0,8,10,8,6,9,1,6730
1022,5,12A206,15,40181,1,1,0,02,9,10,9,9,10,10,10,10,9,9,10,10,4,10,2,5,10,10,0,7,5,0,0,8,7,8,10,9,6,0,9,7,8,5,5,1,26920
1022,2,11B211,15,40201,3,1,0,01,8,0,10,8,8,9,10,10,10,10,10,10,5,5,5,5,10,10,0,0,5,0,0,8,8,10,10,10,10,10,10,10,10,10,10,1,23564
1022,2,11B211,15,40201,4,1,0,02,4,3,7,7,9,9,8,8,7,9,9,9,9,10,7,10,7,10,0,2,0,2,0,8,9,9,9,9,8,2,9,9,9,3,3,1,15709
1022,2,11B211,15,40201,2,1,0,01,9,5,10,10,10,10,10,10,10,10,10,10,10,0,2,2,10,10,0,7,7,0,0,10,10,10,10,10,10,5,10,10,10,10,5,1,23564
1022,2,13B211,15,40205,3,1,0,01,7,8,8,7,10,10,10,10,10,10,7,9,8,5,5,5,7,7,5,5,5,2,2,10,7,10,10,8,7,5,10,10,5,10,8,1,9716
1022,2,13B211,15,40205,4,1,0,01,0,0,0,0,0,0,0,0,0,0,0,0,0,4,5,5,5,5,5,5,5,5,5,8,0,8,7,8,0,8,0,0,0,0,0,1,9716
1022,2,13B211,15,40205,1,1,0,01,7,7,9,6,10,9,9,9,9,6,8,8,7,5,4,5,5,4,5,6,5,5,5,8,6,9,8,7,6,6,9,9,7,7,6,1,38864
1022,6,11A205,15,40210,4,1,1,01,10,10,10,10,10,10,10,10,10,10,10,10,0,5,4,5,5,5,5,6,5,5,5,10,10,10,10,10,10,0,10,10,10,8,10,1,14309
1022,6,11A205,15,40210,1,1,0,03,7,7,6,8,8,7,6,4,6,9,2,6,4,5,6,6,6,5,3,0,3,3,0,9,9,8,7,7,8,8,10,10,6,6,6,1,14309
1022,6,11A205,15,40210,2,1,0,01,10,10,10,10,10,10,10,10,10,10,8,8,6,10,9,8,10,9,0,0,1,0,0,10,9,8,10,8,10,6,9,10,8,7,7,1,7154
1022,1,13B212,15,40230,1,1,0,01,8,7,8,10,10,10,8,10,10,10,7,7,8,7,7,8,10,7,2,2,1,0,2,8,8,8,9,8,8,5,8,9,9,8,8,1,17687
1022,1,13B212,15,40230,4,1,0,01,10,10,10,10,10,10,10,10,10,10,8,10,3,9,9,8,10,9,0,0,1,0,0,10,9,10,10,10,8,6,10,10,10,8,7,1,17687
1022,1,13B212,15,40230,3,1,0,01,9,10,9,10,10,10,10,10,9,10,8,10,8,10,8,8,10,8,0,2,1,0,1,9,9,9,9,9,9,7,10,10,10,6,7,1,8844
1022,7,13A204,15,40235,1,1,0,03,9,7,8,8,8,8,8,9,7,7,7,9,5,7,7,8,8,9,2,2,1,1,1,9,10,10,10,10,10,5,10,9,8,7,7,1,31047
1022,8,11A203,15,40236,1,1,0,01,10,10,10,10,10,10,10,10,10,10,10,10,0,10,10,10,10,10,0,0,0,0,0,10,10,10,10,10,5,5,10,10,8,8,10,1,11609
1022,8,11A203,15,40236,3,1,1,01,5,5,4,8,8,5,5,5,5,6,6,6,8,5,5,5,5,0,0,0,3,3,0,5,8,5,5,5,8,4,8,10,5,5,5,1,11609
1022,8,11A203,15,40236,4,1,0,01,7,3,10,10,10,10,10,10,10,10,10,10,6,5,5,5,7,10,5,5,5,2,0,8,7,10,7,10,7,6,10,10,10,8,8,1,11609
1022,8,11A203,15,40236,2,1,0,01,9,9,10,10,10,10,10,10,10,10,5,10,5,10,10,10,8,8,0,0,0,0,0,10,10,10,10,10,10,5,10,10,10,10,10,1,23217
1022,5,11A206,15,40237,2,1,0,02,8,8,8,9,10,9,10,10,10,10,10,9,8,0,2,0,9,0,0,7,10,0,10,10,6,8,8,0,8,0,8,8,8,8,8,1,15701
1022,5,11A206,15,40237,1,1,0,01,10,10,10,10,10,10,10,10,10,10,10,10,0,10,10,10,10,10,0,0,0,0,0,10,10,10,9,10,10,0,10,10,10,10,10,1,7850
1022,5,11A206,15,40237,4,1,1,01,7,8,7,6,6,7,7,8,6,8,0,7,8,6,4,5,6,5,4,5,5,4,3,7,6,7,9,8,5,1,8,6,6,7,7,1,15701
1022,5,11A206,15,40237,3,1,0,01,9,9,10,10,10,9,10,10,10,10,10,9,5,7,7,10,10,10,3,3,0,0,0,8,10,8,10,9,8,4,8,6,8,8,8,1,15701
1022,6,13A205,15,40238,3,1,0,01,8,8,8,8,8,8,8,8,8,8,8,8,5,5,5,5,5,5,5,5,5,5,5,7,7,7,7,7,7,5,7,7,7,6,5,1,21686
1022,6,13A205,15,40238,1,1,0,02,9,9,9,9,9,9,8,10,7,7,7,7,5,8,6,5,5,5,2,4,5,5,5,9,9,9,9,9,9,2,8,9,7,5,6,1,43373
1022,6,13A205,15,40238,2,1,0,02,9,9,9,9,8,9,9,9,6,6,7,7,6,7,6,6,8,8,3,4,4,0,0,8,8,7,8,7,7,5,6,6,7,6,6,1,32530
1022,6,13A205,15,40238,4,1,0,04,7,8,8,8,8,8,8,8,8,8,8,8,5,7,6,6,6,7,3,3,3,1,1,8,8,7,7,7,7,6,7,7,7,5,5,1,43373
1022,6,11A205,15,40241,4,1,0,01,10,9,10,9,10,9,10,10,10,10,8,8,2,8,9,8,8,7,1,0,1,1,2,10,8,9,10,8,8,7,10,10,9,7,7,1,20349
1022,6,11A205,15,40241,1,1,0,02,9,9,10,10,10,10,9,10,10,8,8,8,4,10,9,8,9,8,0,1,1,1,1,9,8,9,10,10,8,6,9,10,7,6,6,1,33914
1022,6,11A205,15,40241,2,1,0,01,10,9,10,10,10,10,10,10,10,10,8,9,5,8,8,8,10,9,1,1,1,0,0,10,8,9,10,10,9,6,10,10,9,6,6,1,27131
1022,6,11A205,15,40241,3,1,0,03,7,7,8,10,10,8,9,9,9,6,5,9,5,6,4,4,7,7,3,6,5,2,0,9,9,9,10,10,9,6,10,10,9,7,7,1,33914
1022,8,13A203,15,40283,3,1,0,04,9,9,10,9,10,10,10,10,10,10,8,8,9,5,6,6,5,5,4,4,3,4,4,8,8,8,8,8,7,5,6,6,4,7,3,1,52722
1022,8,13A203,15,40283,2,1,1,02,8,6,7,8,5,9,9,10,10,10,10,8,5,7,8,5,9,9,2,2,5,0,0,8,6,8,8,9,4,9,8,7,9,9,9,1,31633
1022,8,13A203,15,40283,1,1,0,01,8,9,9,9,9,10,10,10,9,10,10,10,5,9,5,9,8,10,0,5,0,0,0,8,9,8,8,8,8,5,8,8,8,8,6,1,31633
1022,8,13A203,15,40283,4,1,0,02,8,8,9,8,10,8,9,10,10,10,10,9,8,9,9,9,8,9,0,0,0,0,0,9,8,8,9,8,6,0,8,10,6,2,7,1,31633
1022,8,12A203,15,40293,2,1,0,01,9,9,9,9,9,9,9,9,9,9,9,9,9,9,4,4,7,8,0,5,5,0,0,8,7,7,9,7,8,7,7,6,7,7,7,1,21428
1022,8,12A203,15,40293,1,1,0,01,8,8,7,8,10,10,10,10,10,10,2,10,0,9,8,8,8,6,0,0,0,0,0,8,9,9,9,9,9,4,9,8,8,8,7,1,14285
1022,8,12A203,15,40293,3,1,0,01,7,7,8,8,10,9,7,8,7,7,7,7,7,7,5,5,7,5,0,5,5,0,4,8,7,7,8,8,8,4,7,8,7,7,7,1,7142
1022,8,11A203,15,40322,1,1,0,03,9,9,9,9,9,10,10,10,10,10,9,9,4,10,10,10,10,10,0,0,0,0,0,9,10,10,9,10,10,2,10,9,8,8,8,1,41381
1022,8,11A203,15,40322,4,1,0,02,8,8,7,5,9,3,9,9,3,0,9,9,9,5,5,5,5,3,5,0,4,4,6,9,5,9,10,2,9,0,9,10,10,8,7,1,20691
1022,8,11A203,15,40322,2,1,1,01,8,6,8,8,10,8,10,10,10,10,1,8,5,5,5,3,6,5,5,5,6,3,5,8,6,8,5,8,5,5,8,8,6,6,6,1,10345
1022,5,11A206,15,40326,1,1,0,01,10,9,10,10,10,10,10,10,10,10,9,9,6,9,8,8,10,8,0,1,1,0,1,10,10,10,10,10,8,6,10,10,6,6,6,1,31634
1022,5,11A206,15,40326,4,1,0,02,9,8,9,9,10,9,10,10,10,10,8,8,6,8,7,7,10,6,2,2,2,0,3,9,8,8,10,9,10,8,10,10,8,6,6,1,31634
1022,5,11A206,15,40326,2,1,0,02,9,9,10,10,10,9,10,10,10,10,9,9,6,8,8,8,10,9,1,1,1,0,0,10,9,10,10,9,9,8,10,10,9,8,8,1,15817
1022,3,12A218,15,40344,1,1,0,01,8,8,9,9,10,9,10,10,9,8,9,9,5,8,5,9,9,8,0,5,0,0,0,8,8,9,9,10,10,5,8,10,10,8,8,1,17701
1022,3,12A218,15,40344,3,1,0,01,10,5,10,10,10,10,10,10,10,10,10,10,0,10,10,10,10,10,0,0,0,0,0,10,10,10,10,10,10,4,10,10,8,7,7,1,26552
1022,3,12A218,15,40344,2,1,0,01,8,9,9,8,9,8,9,10,8,9,7,8,1,10,10,9,10,10,0,0,1,0,0,9,9,8,8,8,7,6,9,9,8,9,9,1,8850
1022,3,12A218,15,40344,4,1,0,01,7,5,7,8,8,7,8,8,7,8,8,9,9,4,4,4,4,3,5,5,6,6,6,8,7,8,8,7,8,7,9,9,8,8,7,1,17701
1022,2,11B211,15,40346,4,1,0,01,10,9,10,10,10,10,10,10,10,9,8,8,6,8,8,8,10,9,0,1,1,0,0,10,9,10,10,9,8,6,10,10,6,6,6,1,37212
1022,2,11B211,15,40346,2,1,0,01,8,5,9,9,10,9,9,10,10,10,9,9,8,9,5,6,9,7,0,4,4,0,3,10,9,10,8,9,6,10,10,10,5,5,5,1,27909
1022,2,11B211,15,40346,1,1,0,02,10,10,10,9,10,9,10,10,10,10,8,8,5,9,10,8,8,10,0,0,2,1,0,10,9,10,10,10,8,6,9,10,6,6,6,1,37212
1022,4,11A217,15,40347,3,1,0,02,6,4,6,6,10,8,10,10,10,10,10,9,7,7,8,7,10,8,3,2,2,0,2,10,10,8,8,9,5,0,10,7,7,5,5,1,19372
1022,4,11A217,15,40347,1,1,1,01,10,10,10,10,10,10,10,10,10,10,9,10,9,7,9,5,10,6,2,1,5,0,0,8,10,10,5,10,10,5,10,10,10,10,10,1,9686
1022,4,11A217,15,40347,4,1,0,05,8,4,10,5,10,5,10,10,10,10,10,10,0,10,6,6,5,10,0,3,3,5,0,10,8,10,10,9,10,6,10,10,9,7,7,1,48430
1022,4,11A217,15,40347,2,1,0,03,10,8,10,10,10,10,10,10,10,10,10,10,5,10,7,10,7,10,0,2,0,3,0,10,10,10,10,10,10,10,10,10,10,10,10,1,19372
1022,1,11B212,15,40349,4,1,0,02,9,8,7,7,7,7,7,7,7,7,5,7,6,5,5,5,5,5,4,5,4,4,5,7,7,7,8,7,7,7,6,6,6,6,6,1,14086
1022,1,11B212,15,40349,2,1,0,01,9,7,8,8,8,8,8,9,8,8,8,8,7,8,5,5,8,7,0,5,4,0,3,8,9,8,7,8,8,0,8,7,5,5,6,1,7043
1022,1,11B212,15,40349,3,1,0,03,8,7,9,9,9,9,9,9,9,9,9,9,9,8,8,7,8,8,1,2,2,1,1,8,9,7,8,8,9,3,8,7,7,6,7,1,28172
1022,1,12B212,15,40352,2,1,0,01,10,9,10,10,10,10,10,10,10,10,9,8,6,9,10,9,10,9,0,0,1,0,0,10,10,10,10,10,10,8,10,10,9,8,8,1,16990
1022,1,12B212,15,40352,4,1,0,01,10,9,10,10,10,9,10,10,10,10,9,8,5,10,9,8,10,8,0,1,1,0,1,10,8,8,10,8,8,6,10,10,9,8,8,1,25484
1022,1,12B212,15,40352,1,1,0,01,10,6,8,8,10,10,10,10,10,8,10,7,0,5,5,7,5,5,5,5,2,4,4,10,8,10,10,9,8,6,10,10,8,6,6,1,16990
1022,5,11A206,15,40355,4,1,0,01,9,8,9,9,9,10,8,10,9,8,8,9,5,9,9,5,6,9,0,0,4,4,0,9,9,7,9,7,5,5,9,9,7,8,8,1,6609
1022,5,11A206,15,40355,3,1,0,02,10,10,10,10,10,10,10,10,10,10,10,10,0,10,10,10,10,10,0,0,0,0,0,10,10,10,10,10,10,9,10,10,10,10,10,1,13219
1022,5,11A206,15,40355,2,1,0,01,8,8,9,10,10,10,10,10,8,10,10,8,6,6,6,6,9,9,3,4,4,0,0,9,10,8,10,10,10,2,9,10,8,7,7,1,6609
1022,5,11A206,15,40355,1,1,0,02,10,10,10,10,10,10,10,10,9,10,10,10,5,8,9,4,10,7,0,0,5,0,2,8,7,10,10,8,10,4,10,10,8,10,10,1,13219
1022,4,12A217,15,40370,1,1,0,03,8,9,8,8,9,9,9,9,8,9,7,7,8,4,6,7,7,7,5,4,2,2,2,8,8,8,8,8,8,5,7,7,7,7,6,1,22943
1022,4,12A217,15,40370,2,1,0,03,8,8,9,9,9,8,8,9,8,8,8,8,8,6,6,6,8,8,3,4,4,0,0,7,8,7,7,7,8,0,7,7,5,0,0,1,45886
1022,4,12A217,15,40370,3,1,0,01,8,8,8,8,8,8,8,8,8,8,8,8,7,5,6,5,5,6,4,3,5,4,3,8,7,7,7,8,8,6,7,7,8,8,8,1,30591
1022,4,12A217,15,40370,4,1,0,01,8,8,8,8,8,8,8,8,7,9,9,7,7,5,5,6,5,6,5,4,4,5,4,8,8,8,8,8,8,7,7,7,7,5,5,1,15295
1022,4,11A217,15,40373,3,1,0,01,10,5,10,10,10,5,10,10,5,10,5,10,10,8,10,10,9,10,2,0,0,1,0,5,10,10,8,10,10,5,10,10,10,5,6,1,24215
1022,4,11A217,15,40373,4,1,0,02,3,2,6,7,10,10,5,2,8,7,10,6,10,8,5,8,7,7,1,5,1,3,2,8,7,6,9,7,0,0,10,3,0,0,1,1,24215
1022,4,11A217,15,40373,1,1,0,01,10,8,10,10,10,10,10,10,10,9,10,8,0,10,10,7,7,10,0,0,2,3,0,10,9,9,10,10,10,8,10,10,10,8,8,1,24215
1022,4,11A217,15,40373,2,1,0,02,10,10,10,10,10,10,10,10,10,10,7,10,0,10,10,6,10,10,0,0,3,0,0,10,10,10,10,10,10,7,10,10,10,5,5,1,24215
1022,4,12A217,15,40374,4,1,0,03,9,8,9,9,9,9,9,9,8,9,7,7,7,7,4,6,8,9,1,5,4,0,0,9,8,8,7,8,8,2,8,10,8,8,8,1,24266
1022,4,12A217,15,40374,3,1,0,02,10,10,9,9,9,9,9,9,9,9,9,9,9,5,6,9,9,9,5,3,0,0,0,10,8,9,9,9,9,6,6,9,8,9,7,1,16178
1022,1,12B212,15,40379,2,1,0,01,8,8,8,7,5,8,8,8,7,7,8,7,5,8,6,6,8,7,0,4,3,0,0,8,9,8,8,7,8,0,8,8,5,5,5,1,15423
1022,1,12B212,15,40379,3,1,0,01,9,9,9,10,9,9,9,10,7,10,10,9,8,9,9,9,9,9,0,0,0,0,0,10,10,10,10,9,10,5,10,9,9,9,9,1,7711
1022,1,12B212,15,40379,4,1,0,01,6,5,9,9,10,9,9,9,9,9,10,9,8,9,9,9,8,7,0,0,0,2,3,9,9,9,9,10,5,9,9,9,9,9,9,1,7711
1022,1,12B212,15,40379,1,1,0,04,10,10,10,10,10,10,10,10,10,10,10,10,0,8,10,8,10,10,1,0,2,0,0,8,10,9,10,9,9,7,10,9,10,7,7,1,30846
1022,3,13A218,15,41030,4,1,0,01,8,5,10,10,10,10,10,10,10,8,10,10,5,10,10,10,10,10,0,0,0,0,0,10,10,10,10,10,10,6,10,10,5,10,10,1,10777
1022,3,13A218,15,41030,2,1,0,02,7,7,10,8,10,10,10,10,10,8,9,7,0,5,3,9,5,5,4,7,0,4,5,8,10,8,8,6,5,0,6,8,9,9,9,1,32332
1022,3,13A218,15,41030,3,1,0,01,5,5,5,7,10,10,10,10,7,8,5,6,5,5,3,4,6,4,5,6,6,4,5,4,8,7,8,9,5,4,7,7,5,5,5,1,21554
1022,3,13A218,15,41030,1,1,0,01,9,9,10,10,10,10,10,10,10,10,10,10,0,10,10,10,10,10,0,0,0,0,0,10,10,10,10,10,10,5,10,10,10,10,10,1,10777
1022,3,11A218,15,41091,4,1,0,01,8,8,10,10,10,10,9,9,9,9,10,9,2,10,10,10,10,10,0,0,0,0,0,9,7,9,7,9,9,6,9,9,9,10,10,1,6491
1022,3,11A218,15,41091,3,1,0,02,7,7,8,8,10,9,9,8,9,9,10,9,3,9,9,8,9,8,0,1,1,0,0,6,8,9,8,9,9,5,9,9,9,5,7,1,12981
1022,3,11A218,15,41091,2,1,0,01,8,8,9,9,10,9,9,9,9,10,10,9,2,7,7,7,8,7,3,2,2,1,2,7,8,9,6,8,9,6,8,9,8,6,5,1,6491
1022,7,12A204,15,41099,2,1,0,01,8,8,9,10,10,9,9,9,8,9,9,9,4,8,9,8,8,8,1,1,1,0,0,7,9,10,10,10,10,0,10,9,9,5,10,1,15189
1022,7,12A204,15,41099,1,1,0,01,7,7,8,9,10,9,9,10,10,10,10,9,4,9,9,10,10,9,0,0,0,0,0,7,8,9,9,9,6,5,9,9,9,8,10,1,45567
1022,7,12A204,15,41099,3,1,0,01,9,8,9,9,9,9,9,9,9,10,7,10,1,9,8,8,9,7,1,2,1,0,0,8,6,9,9,9,8,6,9,9,9,6,5,1,45567
1022,7,12A204,15,41099,4,1,0,01,9,9,10,10,10,10,10,10,10,10,8,10,2,9,9,10,10,9,1,0,0,0,0,9,10,10,10,10,10,6,10,10,9,10,10,1,30379
1022,2,11B211,15,41191,3,1,0,01,9,9,9,10,10,10,10,10,10,10,10,10,2,8,8,7,9,10,0,0,3,0,0,9,10,9,9,10,10,5,10,10,9,10,10,1,30206
1022,2,11B211,15,41191,1,1,0,01,7,8,9,9,9,9,9,9,9,9,2,9,0,7,4,5,7,8,0,6,5,0,0,7,8,8,10,7,9,3,9,9,3,5,5,1,30206
1022,2,11B211,15,41191,2,1,0,02,9,9,9,10,9,9,10,9,10,10,9,10,0,10,5,10,5,10,0,0,0,0,0,6,10,10,10,10,8,8,10,10,10,9,9,1,20137
1022,2,11B211,15,41191,4,1,0,03,8,8,9,10,10,10,10,10,10,9,9,8,3,7,8,8,9,8,2,2,2,1,0,8,10,10,10,10,5,6,9,10,10,6,5,1,40275
1022,6,13A205,15,41263,4,1,0,01,9,9,8,8,9,8,9,9,8,9,8,9,0,7,8,8,9,8,3,2,1,0,0,8,9,9,9,9,8,6,10,9,9,9,10,1,26767
1022,6,13A205,15,41263,3,1,0,01,7,7,9,9,10,10,9,9,10,10,10,9,4,8,7,6,7,6,1,2,3,3,2,7,6,8,8,8,9,0,8,8,9,5,5,1,40150
1022,6,13A205,15,41263,1,1,0,01,7,8,10,10,10,10,10,10,10,9,10,9,4,8,7,6,8,6,2,2,3,2,0,9,7,9,9,9,9,0,9,10,9,7,6,1,26767
1022,5,11A206,15,41295,3,1,0,01,6,4,8,8,10,9,9,8,9,7,2,8,2,10,10,5,10,10,0,0,5,0,0,10,7,7,0,8,5,9,10,8,5,5,5,1,24753
1022,5,11A206,15,41295,2,1,0,02,10,5,10,10,10,10,10,10,10,10,10,10,5,10,9,9,10,10,0,1,1,0,0,10,10,10,10,10,5,10,10,10,10,10,10,1,16502
1022,5,11A206,15,41295,1,1,0,01,8,8,8,8,10,10,9,9,10,9,5,8,0,6,6,5,6,0,3,3,5,3,0,8,9,7,7,7,6,5,6,8,8,8,8,1,16502
1022,4,11A217,15,41313,2,1,0,04,8,8,9,9,10,9,9,10,10,9,8,9,2,7,7,8,9,7,3,2,2,1,0,9,9,9,9,8,9,5,9,5,9,5,5,1,78430
1022,4,11A217,15,41313,4,1,0,06,8,8,9,8,9,9,9,9,10,9,10,8,2,9,9,8,9,7,1,1,1,1,2,7,9,8,9,9,6,5,8,7,8,9,10,1,91502
1022,4,11A217,15,41313,3,1,0,02,8,8,9,9,10,10,10,10,10,10,10,9,4,8,8,9,9,9,1,2,1,0,0,9,10,10,10,10,8,0,9,9,9,7,8,1,26143
1022,4,11A217,15,41313,1,1,0,01,5,6,9,9,10,9,9,9,9,9,10,9,2,10,9,9,9,9,0,1,1,0,0,8,8,9,8,9,9,0,9,9,9,10,10,1,13072
1022,8,11A203,15,41315,4,1,0,01,8,9,8,9,10,10,9,9,10,10,10,9,0,8,8,8,9,9,2,2,1,0,0,9,9,9,9,9,8,6,8,9,9,9,9,1,16333
1022,8,11A203,15,41315,1,1,0,02,9,9,9,9,10,9,9,8,8,8,9,9,2,8,8,8,8,1,2,1,1,1,1,9,10,9,9,9,9,0,9,9,9,5,9,1,24500
1022,8,11A203,15,41315,2,1,0,02,8,8,10,10,10,9,9,10,10,9,9,9,2,9,9,10,10,9,0,0,0,0,0,9,10,9,9,9,9,6,10,10,10,5,0,1,16333
1022,8,11A203,15,41315,3,1,0,05,9,9,10,10,10,10,10,10,10,9,8,9,0,10,10,10,10,10,0,0,0,0,0,9,10,10,10,10,10,7,10,10,10,10,10,1,32666
1022,1,12B212,15,41349,4,1,0,01,6,8,8,8,8,10,10,10,10,10,10,10,0,10,10,6,10,10,0,0,4,0,0,10,10,10,10,10,8,10,10,10,10,10,10,1,31573
1022,1,12B212,15,41349,1,1,0,01,9,7,9,9,10,10,9,10,10,10,2,9,4,10,5,10,9,10,0,4,0,0,0,8,10,8,9,8,8,9,8,9,7,9,10,1,10524
1022,1,12B212,15,41349,2,1,0,03,8,6,8,5,10,7,7,9,10,8,6,5,6,10,10,7,8,8,0,0,3,2,0,7,8,7,8,6,9,2,9,8,8,6,5,1,42097
1022,1,11B212,15,41387,1,1,0,02,6,4,8,8,10,9,9,8,9,7,2,8,2,10,10,7,10,10,0,0,3,0,0,10,7,7,0,8,5,9,10,8,5,5,5,1,42765
1022,1,11B212,15,41387,3,1,0,02,10,5,10,7,10,10,10,10,5,10,10,10,3,10,9,5,5,5,0,1,0,0,0,10,10,8,5,10,10,10,10,10,10,10,10,1,32074
1022,1,11B212,15,41387,4,1,0,01,7,5,9,10,10,10,10,10,9,9,10,9,5,8,8,7,8,8,1,2,3,1,2,7,9,9,9,9,5,5,10,8,9,9,10,1,32074
1022,5,12A206,15,41388,3,1,0,01,6,6,10,5,10,10,10,6,10,10,0,0,5,10,10,6,10,5,0,0,4,0,0,10,8,3,0,4,0,10,9,10,10,10,10,1,15173
1022,8,13A203,15,41417,1,1,0,01,8,8,9,9,10,9,9,9,10,9,9,9,4,8,8,8,8,9,1,1,1,1,0,9,10,10,6,9,9,4,9,9,8,5,5,1,9610
1022,8,13A203,15,41417,3,1,0,01,6,8,8,8,10,8,8,7,9,8,10,9,5,8,7,7,8,5,2,2,3,1,4,7,7,8,8,8,8,0,8,7,8,8,8,1,19220
1022,8,13A203,15,41417,4,1,0,03,9,9,9,9,10,10,9,9,9,9,10,10,2,8,8,9,8,8,2,2,1,1,1,9,10,9,9,9,9,6,9,9,9,6,8,1,38440
1022,8,13A203,15,41417,2,1,0,01,7,7,10,9,10,9,9,9,10,9,10,9,3,10,8,8,9,8,0,2,2,0,0,8,8,8,9,10,7,5,9,9,10,5,5,1,28830
1022,7,13A204,16,40002,4,1,0,02,9,7,10,10,10,10,10,10,10,10,8,10,2,4,7,7,9,3,6,2,2,0,7,9,10,10,10,10,7,8,8,9,9,9,5,1,27633
1022,7,13A204,16,40002,1,1,0,01,9,9,10,10,10,10,10,10,10,10,10,10,9,10,10,9,10,10,0,0,1,0,0,9,8,10,10,9,10,1,10,9,9,10,5,1,9211
1022,7,13A204,16,40002,3,1,0,01,6,10,7,10,7,0,10,7,7,8,7,7,8,9,5,0,6,4,0,5,7,3,5,7,7,8,9,10,0,10,8,8,8,5,0,1,9211
1022,3,12A218,16,40059,2,1,0,01,10,10,10,10,10,10,10,10,10,10,10,10,0,8,7,6,9,7,0,3,3,0,0,10,8,8,10,10,7,6,10,10,10,10,8,1,6830
1022,3,12A218,16,40059,4,1,0,02,8,8,8,9,9,8,9,9,7,8,5,7,7,6,4,8,7,5,4,6,2,3,5,8,9,9,7,9,9,7,8,9,8,7,7,1,13660
1022,3,12A218,16,40059,3,1,0,01,9,7,10,10,10,8,10,10,10,10,10,8,4,10,6,9,10,10,0,4,1,0,0,9,9,8,8,8,10,7,10,7,9,7,5,1,20489
1022,7,11A204,16,40102,2,1,0,01,5,3,2,5,4,3,8,7,8,7,10,6,9,7,3,7,7,7,0,6,2,3,2,5,3,3,4,6,2,2,8,5,3,3,3,1,41843
1022,7,11A204,16,40102,1,1,0,01,8,8,9,8,7,8,9,8,8,9,10,7,0,8,7,8,8,8,0,0,0,0,0,8,8,9,8,8,6,3,9,8,7,8,8,1,10461
1022,7,11A204,16,40102,4,1,0,02,8,8,10,10,6,10,10,5,5,10,10,10,8,7,7,9,10,3,2,0,0,0,0,5,6,6,5,6,0,0,10,6,6,5,5,1,20922
1022,7,11A204,16,40102,3,1,0,01,8,4,8,8,7,9,7,8,7,7,10,6,3,7,9,0,5,6,0,0,2,4,3,5,7,7,6,5,7,5,5,7,5,8,8,1,20922
1022,2,11B211,16,40190,3,1,0,02,7,8,8,10,10,10,10,10,8,8,9,8,0,10,10,10,10,10,0,0,0,0,0,10,10,10,8,8,10,10,10,10,8,4,3,1,34439
1022,2,11B211,16,40190,1,1,0,03,8,9,8,9,10,8,8,0,10,5,5,6,4,5,3,5,7,6,5,6,4,2,1,6,10,9,8,9,4,3,6,7,5,4,3,1,25829
1022,2,11B211,16,40190,4,1,0,02,0,10,8,9,7,8,7,10,8,10,8,7,7,6,5,5,7,4,0,0,4,0,5,8,5,8,8,6,7,7,6,10,6,8,7,1,17219
1022,2,11B211,16,40190,2,1,0,02,8,7,9,10,9,9,9,10,9,10,10,10,5,7,6,6,9,8,0,4,4,0,2,9,10,9,9,9,9,5,10,9,9,5,3,1,17219
1022,6,11A205,16,40232,2,1,0,02,9,9,10,8,8,9,10,10,9,10,8,10,0,10,9,5,6,9,0,0,5,3,0,9,9,9,9,9,5,9,9,10,9,5,2,1,41477
1022,6,11A205,16,40232,3,1,0,03,10,10,10,10,10,10,10,10,10,10,5,10,6,8,7,7,10,10,0,0,0,0,0,10,10,10,8,10,8,6,10,8,8,7,7,1,41477
1022,6,11A205,16,40232,1,1,0,01,10,10,10,10,10,10,10,10,10,10,0,10,1,6,5,10,10,10,3,5,0,0,0,10,10,10,6,10,10,0,10,10,10,8,8,1,13826
1022,6,12A205,16,40263,2,1,0,01,10,10,10,10,10,10,10,10,10,10,10,10,0,8,10,8,10,8,0,0,0,0,0,7,7,9,8,10,10,0,10,10,0,0,0,1,18367
1022,6,12A205,16,40263,4,1,0,01,9,7,10,10,10,10,10,10,10,5,5,8,0,7,9,10,10,10,0,0,0,0,0,8,8,10,10,10,10,5,10,10,10,8,8,1,9184
1022,6,12A205,16,40263,3,1,0,02,10,10,10,10,10,10,10,10,10,8,8,10,0,8,10,10,9,8,0,0,0,0,0,10,10,10,8,10,10,5,8,8,8,10,5,1,18367
1022,6,12A205,16,40263,1,1,0,01,8,6,10,10,10,10,10,10,10,8,8,10,0,9,9,9,9,10,0,0,0,0,0,9,10,8,8,8,8,8,9,8,10,7,5,1,18367
1022,2,12B211,16,40285,1,1,0,02,10,10,10,8,10,8,10,8,7,10,10,9,4,10,10,10,10,7,0,0,0,0,3,8,10,9,10,8,8,5,8,7,7,5,3,1,35893
1022,2,12B211,16,40285,3,1,0,02,8,9,9,9,9,9,8,10,8,10,6,7,3,6,5,2,4,7,3,4,7,6,2,8,8,9,8,9,9,3,8,8,9,7,6,1,26920
1022,2,12B211,16,40285,2,1,0,03,10,10,9,10,10,9,10,8,10,10,5,10,0,7,7,6,10,10,2,2,4,0,0,10,10,10,7,10,10,0,7,10,8,7,8,1,26920
1022,4,11A217,16,40313,3,1,0,01,8,8,9,5,9,9,10,9,5,8,10,9,0,7,8,8,8,8,0,0,0,0,0,8,10,9,9,9,10,5,8,8,7,7,6,1,25036
1022,4,11A217,16,40313,4,1,0,03,8,8,8,8,8,8,8,8,8,8,0,10,8,8,8,5,8,8,0,0,5,0,0,8,8,8,8,8,8,5,8,0,5,5,5,1,33381
1022,4,11A217,16,40313,1,1,0,01,8,8,10,10,10,10,10,8,10,8,0,10,0,10,10,10,10,10,0,0,0,0,0,8,10,8,10,10,10,0,10,7,7,5,5,1,8345
1022,8,12A203,16,40351,4,1,0,02,10,10,9,9,9,10,10,10,10,10,10,10,5,10,9,5,8,8,0,0,4,0,0,9,9,9,9,9,8,5,9,9,9,10,10,1,32277
1022,8,12A203,16,40351,1,1,0,03,6,6,5,5,4,5,6,5,4,6,4,7,4,6,5,3,5,6,0,4,6,4,4,5,5,5,6,5,8,7,8,7,8,7,7,1,32277
1022,8,12A203,16,40351,2,1,0,02,8,6,8,8,9,8,7,8,8,8,6,7,8,8,9,7,7,8,1,1,2,2,1,3,8,10,8,7,7,5,5,8,6,7,6,1,16138
1022,8,12A203,16,40351,3,1,1,01,8,8,8,6,10,8,8,8,6,10,8,7,8,6,5,5,9,8,3,4,5,0,0,7,10,7,10,6,5,4,7,8,7,5,7,1,16138
1022,4,13A217,16,40376,2,1,0,01,8,10,10,10,10,10,10,10,10,10,8,10,9,10,9,9,10,10,0,1,1,0,0,10,10,10,10,10,10,6,10,10,10,8,8,1,10670
1022,4,13A217,16,40376,1,1,0,03,7,7,7,8,5,4,5,7,5,3,6,4,6,5,10,3,9,8,0,0,3,0,0,3,3,4,6,0,10,3,3,8,8,10,6,1,42680
1022,4,13A217,16,40376,3,1,0,02,8,8,8,8,8,8,10,10,8,9,10,10,7,8,8,5,8,5,0,0,4,0,5,10,7,10,10,8,10,5,10,10,10,10,10,1,32010
1022,4,13A217,16,40376,4,1,0,01,6,4,5,5,10,7,6,7,7,5,7,0,7,7,4,3,10,5,0,5,7,0,3,8,7,10,10,0,10,7,7,7,7,7,8,1,21340
1022,1,12B212,16,40384,4,1,0,01,10,10,10,10,10,10,10,9,7,10,5,10,0,10,10,10,10,10,0,0,0,0,0,8,9,10,9,9,7,5,10,9,9,7,6,1,23530
1022,1,12B212,16,40384,3,1,0,02,9,9,10,9,10,10,10,10,9,9,9,9,1,7,6,7,10,7,2,3,3,0,0,10,9,10,10,9,5,4,10,10,7,7,7,1,47061
1022,1,12B212,16,40384,1,1,0,01,10,10,8,9,10,10,10,8,7,8,10,8,2,9,10,8,10,10,1,0,0,0,0,10,10,10,10,8,9,3,10,9,8,7,7,1,23530
1022,5,12A206,16,40391,3,1,1,01,7,6,8,8,10,10,9,10,10,10,3,8,5,8,9,3,4,8,2,1,7,5,2,7,9,7,8,10,8,8,9,7,8,8,8,1,10407
1022,5,12A206,16,40391,1,1,0,03,7,7,7,5,5,9,9,10,9,10,9,0,10,4,4,3,3,5,6,6,6,7,0,10,10,10,10,10,9,8,10,10,10,10,8,1,41626
1022,3,12A218,17,40030,4,1,0,03,8,8,9,10,9,10,10,9,9,9,8,9,5,7,5,6,6,8,0,1,2,0,0,8,9,8,8,8,6,0,7,7,7,6,6,1,26208
1022,3,12A218,17,40030,2,1,0,01,8,8,9,9,8,9,8,9,8,8,9,8,4,10,8,8,10,9,0,0,1,0,0,9,9,9,8,8,8,8,9,9,9,8,7,1,6552
1022,3,11A218,17,40126,3,1,0,04,10,10,10,10,10,10,10,10,10,10,10,10,1,5,10,9,10,10,5,0,1,0,0,10,10,10,10,10,8,0,9,10,9,0,1,1,28101
1022,3,11A218,17,40126,2,1,0,01,8,8,8,9,10,9,10,10,8,8,7,9,4,7,8,5,10,10,0,0,0,0,0,8,10,9,10,9,10,5,10,10,10,10,10,1,7025
1022,3,11A218,17,40126,1,1,0,02,8,8,9,10,9,10,10,10,8,10,8,10,3,5,5,5,5,5,2,5,4,3,4,8,9,8,8,8,7,5,8,8,7,7,7,1,14051
1022,3,11A218,17,40126,4,1,0,01,10,10,10,10,10,10,10,10,10,10,10,10,1,10,10,10,10,10,0,0,0,0,0,8,9,10,10,9,9,0,10,10,10,8,8,1,14051
1022,7,12A204,17,40133,4,1,0,01,9,9,9,10,10,10,10,10,10,10,10,9,9,4,4,2,2,7,6,4,2,3,2,9,7,10,10,10,10,3,10,4,2,2,1,1,15694
1022,7,12A204,17,40133,3,1,0,03,7,9,9,10,10,10,10,7,10,10,7,6,0,8,9,6,7,8,0,1,4,0,2,7,6,8,10,10,6,2,10,10,10,6,2,1,23540
1022,6,11A205,17,40168,3,1,0,01,10,10,10,10,10,10,10,10,9,10,9,10,0,9,9,6,8,9,0,0,4,0,0,10,10,10,9,9,8,7,10,10,8,8,8,1,24005
1022,6,11A205,17,40168,1,1,1,02,5,5,10,10,10,5,10,5,10,10,10,10,6,7,7,9,10,9,2,3,1,0,1,2,1,10,5,10,10,0,10,2,5,0,0,1,24005
1022,2,11B211,17,40194,3,1,0,02,5,2,10,7,10,10,10,10,10,10,10,10,7,10,10,5,10,0,0,0,0,0,0,10,6,6,10,5,10,7,10,10,10,9,9,1,17689
1022,2,11B211,17,40194,4,1,0,01,8,8,9,9,9,10,8,9,8,8,8,9,1,6,5,5,5,7,0,0,2,0,0,8,10,8,8,9,7,3,9,9,8,8,8,1,17689
1022,2,11B211,17,40194,1,1,0,01,10,10,10,10,5,10,10,10,8,10,10,5,3,9,5,10,5,5,1,5,0,0,0,8,8,8,10,5,0,0,5,10,10,10,10,1,44222
1022,2,11B211,17,40194,2,1,0,01,8,9,5,8,10,10,10,10,10,3,0,8,0,10,10,10,10,8,0,0,0,0,0,8,7,10,0,8,10,2,10,7,0,7,10,1,17689
1022,6,11A205,17,40201,4,1,0,01,10,7,10,10,10,10,10,10,10,8,8,9,0,10,10,6,10,10,0,0,4,0,0,10,10,8,10,8,8,7,10,10,10,10,10,1,15308
1022,6,11A205,17,40201,2,1,0,02,8,9,10,10,10,10,10,10,10,10,7,10,1,9,2,5,5,10,1,7,5,0,0,9,10,9,9,10,8,5,10,10,8,8,7,1,53579
1022,6,11A205,17,40201,3,1,0,01,6,6,10,10,10,10,7,10,10,8,8,6,4,5,1,5,5,2,2,5,0,0,0,5,5,6,6,5,5,1,6,7,7,8,9,1,15308
1022,2,12B211,17,40226,1,1,0,02,8,3,9,9,10,10,10,10,10,10,7,9,2,10,6,10,10,10,0,3,0,0,0,10,9,10,10,10,10,0,10,10,5,5,5,1,33650
1022,2,12B211,17,40226,4,1,0,01,8,8,10,10,10,10,10,10,10,9,10,8,6,9,10,5,7,5,1,0,0,0,0,7,5,9,10,7,8,3,7,8,8,8,7,1,25237
1022,2,12B211,17,40226,3,1,0,02,5,5,10,7,10,10,10,10,9,8,10,8,7,8,8,9,10,8,0,0,1,0,0,6,8,8,8,7,10,3,10,10,7,10,10,1,16824
1022,2,12B211,17,40226,2,1,0,03,9,7,8,8,10,8,10,10,10,10,10,9,4,5,3,4,6,6,3,6,5,4,3,10,8,10,8,8,8,4,8,10,8,7,7,1,25237
1022,5,11A206,17,40297,4,1,0,04,8,9,9,9,10,9,8,8,10,8,8,7,2,5,4,5,7,6,4,6,5,3,3,8,9,9,8,7,5,4,7,9,6,7,8,1,46228
1022,5,11A206,17,40297,2,1,0,01,8,6,9,10,8,10,10,10,9,10,10,10,8,4,0,7,8,8,6,10,2,0,0,10,8,10,9,10,10,0,10,10,6,6,9,1,11557
1022,5,11A206,17,40297,1,1,0,03,10,8,10,10,10,10,10,10,10,10,10,8,6,6,6,5,5,5,3,3,4,5,5,10,10,10,7,9,5,7,7,10,9,8,8,1,34671
1022,5,11A206,17,40297,3,1,1,01,9,8,10,9,10,9,10,10,10,10,2,10,1,6,4,7,6,8,4,5,2,4,2,9,8,7,8,9,4,0,9,5,1,1,5,1,23114
1022,4,12A217,17,40313,1,1,0,01,9,8,10,10,8,10,9,10,9,10,7,9,0,6,5,5,5,5,3,4,5,0,2,8,9,7,6,7,6,0,7,7,8,7,7,1,7088
1022,4,12A217,17,40313,2,1,0,01,8,6,8,9,9,9,9,8,9,9,9,8,2,8,8,7,5,7,2,1,1,1,0,8,7,8,9,7,8,5,8,8,7,6,7,1,28353
1022,8,11A203,17,40320,1,1,0,04,7,5,7,7,8,8,8,9,9,8,6,8,1,7,7,8,8,8,2,2,2,2,1,7,8,8,7,8,8,4,9,9,8,8,8,1,33917
1022,8,11A203,17,40320,3,1,0,03,6,6,6,5,5,5,5,5,5,6,10,5,5,4,1,1,1,3,5,5,6,5,4,0,5,5,5,5,5,5,5,2,6,5,5,1,25438
1022,8,11A203,17,40320,2,1,1,01,8,7,10,9,10,10,10,10,9,10,5,10,1,9,9,9,10,9,1,1,1,0,0,7,9,8,7,9,7,0,8,8,8,8,8,1,8479
1022,5,11A206,17,40327,3,1,0,01,8,8,9,9,10,10,10,10,10,9,10,9,1,6,9,9,8,8,4,1,1,1,1,9,7,8,7,9,9,6,9,8,7,8,9,1,15699
1022,5,11A206,17,40327,1,1,0,01,8,8,10,7,10,10,10,7,10,10,7,10,3,5,5,5,5,5,2,5,1,0,0,8,10,6,7,7,7,4,6,10,7,5,3,1,7849
1022,5,11A206,17,40327,2,1,0,02,10,10,10,10,10,10,10,10,10,10,10,10,0,9,9,9,10,10,1,1,1,0,0,10,10,10,10,10,8,0,9,10,8,8,7,1,15699
1022,5,11A206,17,40327,4,1,0,01,8,9,8,9,8,8,7,9,10,8,8,8,6,5,5,5,9,2,0,5,2,1,2,7,7,8,8,9,9,8,6,10,8,8,8,1,7849
1022,1,11B212,17,40384,2,1,0,01,5,0,9,9,10,9,8,10,10,10,6,9,1,10,10,5,10,10,0,0,0,0,0,7,3,8,8,10,10,3,10,10,10,5,5,1,8171
1022,1,11B212,17,40384,3,1,0,03,8,4,9,7,10,9,8,8,6,7,10,6,9,5,7,7,7,8,5,3,2,3,1,7,6,6,3,7,9,2,8,9,2,2,6,1,24512
1022,1,11B212,17,40384,1,1,0,02,8,9,8,9,8,10,10,10,8,9,7,9,3,5,5,6,5,7,3,1,2,2,0,8,8,9,9,9,6,2,8,8,6,6,8,1,16341
1022,1,11B212,17,40384,4,1,0,04,9,9,9,10,10,10,10,10,10,10,5,10,0,9,8,10,10,10,1,0,0,0,0,9,10,9,9,8,8,0,8,8,6,7,5,1,32683
1022,8,13A203,17,40385,1,1,0,01,9,8,9,10,10,10,10,10,10,10,8,10,2,5,5,5,5,5,0,2,0,0,0,9,9,9,9,9,9,5,9,9,9,7,6,1,16580
1022,1,11B212,17,40420,2,1,0,02,8,9,9,9,9,9,9,9,9,9,10,9,7,10,10,10,7,10,0,0,0,2,0,6,9,7,7,8,5,2,10,10,5,5,8,1,43616
1022,7,11A204,18,40099,1,1,0,02,8,5,7,7,10,10,8,8,5,8,5,8,0,5,7,5,5,5,5,2,5,5,5,7,5,7,8,8,5,6,8,9,6,7,8,1,26612
1022,7,11A204,18,40099,2,1,0,01,10,8,10,10,10,10,10,10,10,10,10,9,1,10,7,5,10,10,0,2,0,0,0,10,10,8,10,10,10,10,10,10,10,10,10,1,26612
1022,7,11A204,18,40099,3,1,0,02,9,7,10,9,10,9,10,10,10,10,7,8,0,10,10,10,5,10,0,0,0,4,0,8,9,8,10,8,10,5,10,10,10,8,5,1,8871
1022,7,11A204,18,40099,4,1,1,01,9,9,9,10,10,10,10,10,9,9,7,9,0,10,8,9,10,10,0,0,0,0,0,10,10,9,10,10,10,8,10,9,8,9,8,1,8871
1022,3,11A218,18,40129,1,1,0,04,8,7,8,10,10,9,9,7,10,10,7,8,9,10,10,5,10,5,0,0,5,0,0,7,9,8,8,8,5,6,7,9,8,6,9,1,7239
1022,3,11A218,18,40129,4,1,0,01,8,7,9,8,8,7,8,8,9,8,10,9,9,10,8,7,8,7,0,1,3,0,2,8,6,8,9,8,9,9,8,9,9,8,8,1,14479
1022,3,11A218,18,40129,3,1,0,04,10,10,10,10,8,9,9,10,8,10,6,8,3,7,10,5,5,10,2,0,0,0,0,10,10,10,10,10,10,7,10,10,10,7,5,1,28958
1022,3,11A218,18,40129,2,1,0,01,7,8,8,9,10,8,8,9,9,10,6,8,0,10,10,10,10,9,0,0,0,0,0,7,7,8,9,6,10,6,9,8,10,6,6,1,21718
1022,7,13A204,18,40134,4,1,0,01,10,10,10,10,10,10,8,10,10,10,8,10,9,8,5,8,8,8,2,5,2,1,1,9,8,8,8,10,1,1,10,10,10,1,5,1,31329
1022,7,13A204,18,40134,3,1,0,01,8,7,9,8,10,8,9,9,10,10,10,9,7,6,7,6,5,6,3,3,4,5,3,9,10,9,8,10,10,7,10,9,8,7,9,1,20886
1022,6,12A205,18,40163,1,1,0,01,10,10,10,10,10,10,10,10,10,10,10,9,10,10,7,7,9,10,0,2,3,0,0,10,8,10,10,10,7,5,10,9,10,5,5,1,8592
1022,6,12A205,18,40163,4,1,1,01,7,10,8,7,6,10,8,10,10,10,10,10,0,8,7,5,5,5,2,2,5,0,0,6,8,10,9,9,10,5,10,5,8,7,5,1,17183
1022,6,12A205,18,40163,2,1,0,02,8,9,8,9,7,7,8,10,10,10,10,10,0,10,10,5,5,5,0,0,0,0,0,9,10,9,9,9,10,8,10,8,8,8,8,1,17183
1022,6,12A205,18,40163,3,1,0,03,7,9,8,9,9,7,8,8,9,9,5,9,8,8,5,7,8,8,1,4,2,0,0,8,9,6,8,8,5,3,6,9,6,6,6,1,34366
1022,2,12B211,18,40253,3,1,0,01,10,9,10,10,10,10,10,10,10,10,10,10,0,10,10,7,9,5,0,0,0,0,0,10,10,10,10,8,10,9,9,9,10,8,8,1,5693
1022,2,12B211,18,40253,1,1,0,02,9,10,10,10,9,9,10,10,9,9,9,9,0,8,8,8,10,8,0,1,0,0,0,10,9,9,9,9,8,7,9,9,9,8,8,1,28467
1022,2,12B211,18,40253,2,1,0,01,9,10,10,9,10,10,8,10,10,8,0,9,5,3,5,3,5,7,7,5,3,0,3,8,8,9,10,9,9,8,8,7,6,9,10,1,11387
1022,2,12B211,18,40253,4,1,0,01,10,10,10,10,10,10,10,10,10,10,0,9,0,10,10,10,10,9,0,0,0,0,0,10,10,10,10,10,10,9,10,10,9,8,9,1,11387
1022,1,12B212,18,40319,4,1,0,01,10,10,8,9,10,9,9,9,9,9,9,10,0,6,7,10,8,10,0,2,0,0,0,8,9,8,8,9,10,7,10,8,8,9,10,1,14764
1022,1,12B212,18,40319,2,1,0,03,8,10,10,10,10,10,9,10,10,10,10,9,0,10,10,7,10,9,0,0,2,0,0,9,10,10,8,8,10,8,8,10,10,8,9,1,29530
1022,1,12B212,18,40319,3,1,0,02,9,9,9,10,10,9,9,9,10,9,10,10,4,9,8,9,8,9,0,0,0,0,0,8,8,8,9,7,9,4,8,8,7,10,9,1,29530
1022,1,12B212,18,40319,1,1,0,05,8,10,9,8,9,10,8,10,9,9,9,8,0,5,2,8,5,0,4,0,0,5,0,8,8,8,8,8,5,5,8,9,9,5,0,1,36911
1022,5,12A206,18,40325,1,1,0,01,8,7,8,9,10,10,10,10,10,10,10,10,2,9,8,10,10,8,0,2,0,0,0,8,7,9,9,10,10,7,9,9,9,8,8,1,6700
1022,5,12A206,18,40325,4,1,0,03,8,7,9,8,10,7,10,10,7,10,9,8,0,9,8,7,7,9,0,2,3,3,0,9,8,8,10,9,7,7,8,9,9,6,9,1,13400
1022,5,12A206,18,40325,3,1,0,01,10,10,10,10,10,10,10,10,10,10,0,10,0,10,10,10,10,10,0,0,0,0,0,10,10,10,10,10,10,7,10,8,10,10,10,1,6700
1022,5,12A206,18,40325,2,1,0,02,9,9,9,10,10,10,10,10,10,10,10,10,0,10,8,10,10,9,0,2,0,0,0,9,8,9,9,10,10,8,8,9,9,9,9,1,13400
1022,8,11A203,18,40351,3,1,0,01,9,9,9,8,9,9,9,9,8,9,9,9,7,6,7,8,10,8,0,0,0,0,0,8,8,10,9,9,9,8,10,10,9,9,8,1,16600
1022,8,11A203,18,40351,2,1,0,01,8,5,10,8,10,10,9,10,9,8,10,9,8,7,5,6,6,10,2,5,4,3,0,10,10,10,8,9,10,5,10,8,10,5,8,1,8300
1022,8,11A203,18,40351,4,1,1,02,10,7,9,10,10,9,8,10,10,9,9,9,8,8,5,7,8,8,0,2,2,1,0,7,10,7,9,7,6,7,8,8,7,8,9,1,16600
1022,8,11A203,18,40351,1,1,0,01,10,10,10,10,10,10,10,10,10,10,10,8,9,5,5,5,7,7,5,5,5,2,2,10,10,8,8,10,8,10,10,10,10,10,10,1,16600
1022,3,11A218,18,40381,1,1,0,01,6,8,10,8,8,10,10,10,5,10,10,10,8,10,10,10,10,10,0,0,0,0,0,10,8,10,10,10,10,10,10,10,10,10,10,1,27108
1022,3,11A218,18,40381,3,1,0,02,10,10,10,10,10,10,10,10,10,10,10,10,9,10,10,5,10,10,0,0,5,0,0,10,10,10,10,10,10,0,10,10,0,10,5,1,27108
1022,3,11A218,18,40381,4,1,0,01,6,4,10,10,10,10,10,10,10,10,4,8,6,10,8,7,8,9,0,1,3,1,1,10,10,9,9,6,5,8,8,9,10,10,10,1,40663
1022,3,11A218,18,40381,2,1,0,01,7,9,9,7,8,9,9,10,10,10,7,9,8,9,10,8,8,8,0,0,2,1,1,7,8,9,7,8,9,8,9,7,8,8,8,1,13554
1022,4,11A217,18,40410,3,1,0,02,7,10,8,9,9,9,9,10,10,10,7,9,5,7,2,5,3,8,3,5,5,1,1,9,10,9,9,8,1,9,8,9,10,9,9,1,14775
1022,4,11A217,18,40410,4,1,0,01,8,6,10,10,10,10,10,10,10,8,8,10,8,10,10,10,6,10,0,0,0,0,0,7,8,8,8,8,4,7,7,7,7,5,8,1,14775
1022,4,11A217,18,40410,1,1,0,02,8,8,8,6,9,5,10,10,7,9,10,9,9,10,10,5,8,8,0,0,5,1,0,9,8,8,9,8,10,8,9,10,8,8,8,1,14775
1022,4,11A217,18,40410,2,1,0,01,9,8,10,10,10,10,10,10,10,10,8,10,0,10,8,10,10,10,0,2,0,0,0,10,10,9,10,10,10,10,10,10,10,7,8,1,14775
1022,4,13A217,18,40411,4,1,0,02,10,10,8,8,10,10,9,10,10,9,9,10,8,10,5,10,10,10,0,5,0,0,0,10,10,10,10,10,5,10,10,5,10,10,9,1,18952
1022,4,13A217,18,40411,1,1,0,01,9,7,7,8,9,10,10,5,10,7,5,7,8,5,5,5,5,5,0,5,5,5,0,7,8,9,5,7,10,8,7,5,7,8,8,1,18952
1022,4,13A217,18,40411,2,1,0,02,8,8,9,9,9,9,9,8,8,6,8,8,7,5,5,5,4,5,3,5,5,5,4,5,5,3,4,4,5,5,5,5,5,5,5,1,18952
1022,4,13A217,18,40411,3,1,0,01,10,10,10,10,10,10,10,10,10,10,8,9,8,7,7,6,7,8,3,3,4,2,1,10,10,10,10,8,7,5,10,10,10,8,7,1,18952
1022,8,12A203,18,40419,1,1,2,01,10,9,9,0,10,10,8,7,9,6,5,4,3,7,8,4,3,4,2,2,5,6,5,10,9,7,6,9,8,7,6,5,8,9,10,1,6447
1022,8,12A203,18,40419,2,1,0,01,10,10,10,10,10,10,10,10,10,10,10,10,7,10,10,10,10,10,0,0,0,0,0,10,9,10,10,10,10,8,10,10,10,10,10,1,19341
1022,8,12A203,18,40419,3,1,0,02,10,10,8,9,10,8,7,10,7,2,10,8,5,10,7,9,10,5,0,2,1,0,0,8,8,10,10,9,8,9,8,10,10,10,10,1,12893
1022,8,12A203,18,40419,4,1,0,02,9,9,9,9,9,9,9,10,10,10,10,10,8,6,5,7,7,6,4,5,3,3,3,6,9,9,9,9,9,7,9,9,9,9,9,1,19341
1022,7,12A204,19,40007,4,1,0,01,10,10,10,10,10,10,10,10,10,10,9,10,0,10,10,10,10,10,0,0,0,0,0,9,10,10,10,10,9,8,10,10,10,9,9,1,23627
1022,7,12A204,19,40007,3,1,0,01,6,8,6,8,10,9,8,10,10,9,0,10,5,8,8,8,7,6,0,1,1,2,3,5,7,7,9,8,9,6,10,8,6,9,10,1,23627
1022,7,12A204,19,40007,2,1,0,02,8,8,9,9,10,9,9,10,10,10,9,8,4,6,6,7,8,8,3,3,3,1,2,8,9,8,10,8,5,7,9,8,9,8,8,1,31502
1022,7,12A204,19,40007,1,1,0,01,8,8,9,9,10,9,9,10,9,9,6,8,1,8,6,6,9,8,2,4,3,0,0,8,9,9,9,8,7,6,10,8,8,7,5,1,15751
1022,3,12A218,19,40041,2,1,0,02,7,7,9,8,10,7,8,10,10,9,7,8,3,8,8,9,9,9,0,0,0,0,0,6,9,8,10,7,8,5,7,9,9,9,9,1,16299
1022,3,12A218,19,40041,3,1,0,03,10,10,10,8,10,9,10,10,10,9,4,9,0,7,8,7,9,6,3,2,1,1,0,8,10,8,10,10,6,8,7,10,10,10,8,1,24448
1022,3,12A218,19,40041,1,1,0,01,5,5,10,10,10,10,10,10,10,10,10,10,0,0,2,2,2,5,0,7,7,7,5,10,5,10,8,10,10,10,10,10,10,10,2,1,8149
1022,3,12A218,19,40041,4,1,0,01,8,6,10,10,10,7,10,10,10,10,10,10,2,9,9,10,10,10,1,1,0,0,0,10,10,9,10,8,8,0,9,10,10,7,5,1,24448
1022,3,13A218,19,40043,2,1,0,01,10,10,10,10,10,10,10,10,10,10,6,10,10,10,10,8,10,10,0,0,1,0,0,10,10,10,10,10,10,5,10,8,9,9,9,1,32992
1022,3,13A218,19,40043,1,1,0,01,10,10,10,10,10,10,10,10,10,10,8,10,10,10,10,9,10,10,0,0,0,0,0,10,10,10,10,10,10,6,10,10,10,8,8,1,21995
1022,3,13A218,19,40043,4,1,0,02,10,10,10,10,10,10,10,10,10,10,8,10,0,10,10,10,10,10,0,0,0,0,0,10,10,10,10,10,10,9,10,10,10,10,10,1,21995
1022,3,13A218,19,40043,3,1,0,02,10,10,10,10,10,10,10,10,10,10,10,10,0,10,10,8,10,10,0,0,2,0,0,10,10,10,10,10,10,8,10,10,10,9,9,1,32992
1022,3,11A218,19,40045,4,1,0,02,5,5,5,10,5,10,8,10,10,7,10,6,1,8,6,9,8,2,0,4,1,1,1,5,3,5,7,6,3,2,7,9,6,5,7,1,23110
1022,3,11A218,19,40045,3,1,0,02,5,2,9,10,6,6,6,6,10,6,5,7,10,9,8,8,8,8,1,2,0,0,1,6,6,6,5,4,1,1,10,5,10,8,8,1,23110
1022,3,11A218,19,40045,1,1,0,01,8,6,8,8,10,10,8,8,8,8,8,7,6,8,8,5,7,8,1,2,5,3,2,8,8,8,8,7,7,7,10,8,10,8,8,1,23110
1022,7,11A204,19,40048,2,1,0,01,5,8,9,10,10,8,10,10,10,10,10,8,5,9,8,4,9,8,1,1,5,0,1,10,0,10,10,5,10,10,5,10,10,10,0,1,7851
1022,7,11A204,19,40048,1,1,0,01,4,4,10,10,10,10,10,10,10,10,10,10,0,10,10,10,10,10,0,0,0,0,0,9,9,10,10,5,10,0,10,10,10,10,6,1,7851
1022,7,12A204,19,40050,2,1,0,02,10,10,10,10,10,10,10,10,10,10,8,10,0,10,10,8,10,10,0,0,0,0,0,10,9,9,9,10,8,8,10,9,9,9,9,1,15243
1022,7,12A204,19,40050,4,1,0,02,8,8,9,8,10,10,8,8,8,8,7,8,2,7,8,5,8,8,2,2,5,0,0,8,9,8,8,8,8,5,8,8,8,8,8,1,30486
1022,7,12A204,19,40050,3,1,0,01,10,10,10,10,10,10,10,10,10,10,10,10,0,10,5,4,5,5,0,5,6,5,5,10,8,9,9,9,9,5,9,10,10,10,8,1,7622
1022,7,12A204,19,40053,4,1,1,01,8,8,9,9,10,10,10,10,10,10,10,9,2,7,6,6,9,9,0,3,4,0,0,9,8,8,9,9,10,5,10,8,8,8,8,1,7697
1022,7,12A204,19,40053,3,1,0,02,9,9,10,10,10,10,10,10,10,10,8,9,0,9,9,9,9,8,0,0,0,0,0,8,10,8,10,9,8,7,10,9,8,8,8,1,15393
1022,7,12A204,19,40053,1,1,0,02,10,10,10,10,10,10,10,10,10,10,8,10,0,8,8,10,10,9,1,1,0,0,0,9,10,9,9,9,6,6,10,9,8,8,8,1,15393
1022,3,11A218,19,40085,4,1,0,02,7,7,8,8,9,7,8,9,9,7,9,9,5,5,4,4,5,5,1,5,5,0,0,8,7,7,9,7,3,1,9,7,9,8,3,1,13429
1022,3,11A218,19,40085,3,1,0,01,6,7,8,8,10,7,10,10,10,10,9,10,4,8,8,6,9,10,0,0,3,0,0,9,10,10,10,8,10,7,10,10,10,9,8,1,20143
1022,3,11A218,19,40085,2,1,0,01,6,4,10,10,10,10,10,10,10,10,10,10,5,9,9,10,9,10,1,1,0,1,0,7,8,10,5,0,10,8,10,10,10,10,10,1,13429
1022,3,11A218,19,40085,1,1,0,02,3,7,5,8,8,9,10,10,10,10,9,10,7,10,10,10,10,10,0,0,0,0,0,10,10,10,10,10,10,10,10,10,10,10,10,1,20143
1022,3,12A218,19,40093,4,1,0,03,10,9,10,9,7,10,10,10,10,10,8,10,5,10,7,8,10,10,0,2,2,0,0,10,10,10,10,6,9,6,9,10,10,10,10,1,31763
1022,3,12A218,19,40093,3,1,0,02,8,8,8,8,8,7,9,9,8,8,8,8,7,9,9,6,9,9,1,1,4,0,0,8,10,9,8,6,7,5,10,8,10,10,7,1,15881
1022,3,12A218,19,40093,2,1,0,01,10,10,10,8,8,9,10,10,6,10,5,6,4,8,9,6,5,7,2,1,3,5,2,10,9,10,9,9,10,5,9,10,10,10,10,1,7940
1022,3,12A218,19,40093,1,1,0,02,9,4,9,9,9,10,9,10,9,9,9,9,0,10,9,9,4,9,0,0,0,0,0,10,10,10,7,9,9,8,10,10,7,9,9,1,23822
1022,7,11A204,19,40098,4,1,0,04,10,10,10,10,10,10,10,10,10,10,10,10,0,10,10,10,10,10,0,0,0,0,0,10,10,10,10,10,9,5,9,9,8,10,10,1,23189
1022,7,11A204,19,40098,1,1,0,02,10,10,10,10,8,10,10,10,10,10,10,10,2,10,8,6,10,10,0,1,4,0,0,9,9,9,9,9,9,6,9,9,8,8,8,1,23189
1022,7,11A204,19,40098,3,1,1,02,10,10,10,10,10,10,10,10,10,10,10,10,9,7,8,7,7,5,3,2,0,2,3,10,10,9,10,9,8,5,9,7,7,7,7,1,15459
1022,7,13A204,19,40146,1,1,0,01,8,8,9,5,10,10,9,8,9,8,3,5,2,6,7,8,7,8,4,2,2,2,2,8,7,7,7,6,7,4,6,7,8,7,2,1,19796
1022,7,13A204,19,40146,2,1,0,01,8,8,8,8,7,7,7,8,9,8,7,9,7,8,7,7,8,9,2,2,3,2,1,8,9,9,9,9,7,5,9,9,9,8,8,1,19796
1022,7,13A204,19,40146,3,1,0,02,8,5,8,8,8,8,9,10,8,8,10,8,2,9,9,9,8,9,1,0,1,0,0,9,10,8,8,8,8,2,9,8,8,8,3,1,19796
1022,7,13A204,19,40191,1,1,0,01,9,9,8,8,9,8,9,9,9,9,3,8,3,3,4,7,8,3,5,6,2,2,2,8,8,7,9,9,5,6,9,8,8,8,8,1,20681
1022,7,13A204,19,40191,2,1,2,01,6,5,8,9,10,10,10,9,5,10,0,3,5,8,3,5,7,3,2,6,5,2,6,6,5,3,0,8,9,0,10,9,9,5,4,1,10341
1022,7,13A204,19,40191,4,1,0,01,9,9,8,10,9,10,10,10,10,10,8,10,1,9,9,7,8,9,1,1,3,2,0,9,7,8,9,10,5,2,8,9,8,8,7,1,20681
1022,3,12A218,19,40224,2,1,0,01,8,3,10,10,10,10,6,8,10,10,10,5,2,5,0,5,2,5,2,10,5,0,0,5,8,5,8,5,0,6,2,5,5,8,5,1,16627
1022,3,12A218,19,40224,3,1,0,01,8,8,8,8,10,5,5,5,8,6,10,5,5,10,10,10,7,5,0,0,0,2,5,8,6,10,5,5,10,8,10,10,5,8,7,1,8314
1022,3,12A218,19,40224,1,1,0,04,7,8,7,9,9,8,8,8,9,9,10,9,4,3,3,4,5,4,2,4,4,4,3,7,8,7,8,8,7,4,8,8,6,6,7,1,41567
1022,3,12A218,19,40224,4,1,0,01,7,9,8,10,10,9,9,9,10,10,10,9,9,5,6,4,4,6,5,4,6,5,4,7,9,10,8,6,7,5,10,10,9,9,8,1,33254
1022,3,12A218,19,40230,2,1,0,01,9,7,10,10,10,10,10,10,10,10,10,10,1,10,10,6,10,10,0,0,4,0,0,10,10,10,10,10,10,10,10,9,10,10,10,1,16646
1022,3,12A218,19,40230,1,1,0,01,9,8,9,8,9,9,9,8,9,8,7,8,2,7,8,8,8,8,1,1,1,2,1,8,8,8,9,8,8,7,8,8,8,8,8,1,8323
1022,3,12A218,19,40230,4,1,0,01,9,9,8,9,9,9,9,10,9,10,10,9,1,9,8,8,9,9,0,2,1,1,1,7,9,9,9,9,7,8,8,9,9,9,9,1,24969
1022,3,12A218,19,40230,3,1,0,02,8,5,8,9,10,9,10,10,10,9,8,9,5,8,10,4,7,7,1,0,6,2,0,7,8,8,8,9,8,5,9,9,8,7,6,1,16646
1022,3,13A218,19,40231,3,1,0,03,8,6,7,7,9,9,8,10,5,5,3,5,5,9,9,7,3,9,1,1,3,1,1,8,6,8,10,8,5,5,8,8,9,5,5,1,30210
1022,3,13A218,19,40231,4,1,0,03,7,7,8,4,4,7,6,8,8,6,0,4,3,8,5,6,4,7,1,0,3,5,0,8,8,9,9,10,5,3,5,10,8,5,2,1,30210
1022,6,11A205,19,40233,1,1,0,01,8,5,8,5,9,9,10,8,9,10,9,10,4,7,6,6,8,5,2,3,3,1,5,7,9,10,8,9,7,8,10,10,8,9,9,1,23997
1022,6,11A205,19,40233,2,1,0,01,6,4,5,7,9,6,8,10,9,10,9,8,6,5,6,1,10,0,0,0,0,0,10,8,10,9,0,0,5,0,10,10,10,5,8,1,7999
1022,6,11A205,19,40233,4,1,0,02,9,9,9,9,10,9,9,9,9,10,5,9,0,10,10,10,10,10,0,0,0,0,0,10,10,10,10,10,10,10,10,10,10,10,10,1,31996
1022,6,11A205,19,40233,3,1,0,02,8,6,9,9,9,8,9,8,8,7,10,10,10,10,10,7,10,7,0,0,2,0,2,5,5,8,9,6,10,5,8,5,8,7,7,1,15998
1022,6,12A205,19,40235,4,1,0,01,10,10,10,10,10,10,10,10,10,10,10,10,0,10,8,8,10,10,0,1,2,0,0,10,10,10,10,10,8,5,8,10,10,10,10,1,8127
1022,6,12A205,19,40235,2,1,0,01,10,10,9,8,8,10,8,9,8,9,10,8,5,8,8,6,8,8,1,2,3,1,1,8,7,8,10,8,8,6,9,10,10,8,8,1,16255
1022,6,12A205,19,40235,3,1,0,03,9,6,9,8,10,7,7,8,10,8,9,10,8,8,7,6,4,8,2,2,3,2,2,8,8,9,10,9,10,8,8,10,10,10,10,1,32509
1022,6,12A205,19,40235,1,1,0,01,10,10,9,10,10,10,10,10,10,10,10,9,10,5,4,3,3,5,2,6,7,7,0,9,9,9,10,10,10,8,9,10,9,9,9,1,8127
1022,2,11B211,19,40269,4,1,0,03,10,10,10,10,10,10,10,10,10,10,10,8,6,9,10,10,9,9,1,0,0,1,1,10,10,10,10,10,10,10,10,10,10,10,10,1,71937
1022,2,11B211,19,40269,3,1,1,01,10,8,10,9,10,10,10,10,10,10,10,10,9,10,10,10,10,10,0,0,0,0,0,10,10,10,10,10,10,10,10,10,10,10,9,1,17984
1022,2,11B211,19,40269,2,1,1,01,9,9,9,9,10,10,8,9,8,9,9,9,6,9,9,8,8,8,1,0,1,1,1,9,10,8,10,8,9,6,9,9,9,5,8,1,26976
1022,2,11B211,19,40269,1,1,0,02,8,8,8,8,8,9,8,9,8,8,9,8,6,7,6,6,8,8,2,3,4,2,0,8,7,9,10,8,9,7,9,10,9,9,9,1,26976
1022,2,13B211,19,40275,1,1,0,02,6,3,7,7,7,8,7,9,9,7,4,5,3,7,8,7,7,3,1,1,2,1,0,8,9,9,3,7,8,6,8,8,7,7,4,1,9844
1022,2,13B211,19,40275,4,1,0,02,9,7,10,10,10,10,10,10,10,10,10,10,2,9,9,9,9,9,1,1,1,1,1,10,10,10,10,10,10,10,10,10,10,10,10,1,19688
1022,2,13B211,19,40275,2,1,0,01,8,6,9,8,10,8,8,10,10,8,5,7,3,4,3,5,4,3,6,7,4,5,2,8,8,9,6,9,6,4,7,10,10,6,3,1,19688
1022,2,13B211,19,40275,3,1,0,02,8,5,4,6,9,8,5,10,5,8,7,7,8,7,2,5,6,6,1,8,5,1,3,10,5,6,8,9,2,5,9,9,9,6,4,1,29531
1022,7,11A204,19,40276,2,1,0,02,8,8,10,8,10,10,10,10,10,10,10,10,0,9,9,6,10,8,1,1,4,0,0,8,9,8,9,8,9,0,9,8,5,8,8,1,27562
1022,7,11A204,19,40276,4,1,0,02,10,10,10,10,10,10,10,9,10,10,8,9,10,10,10,10,10,10,0,0,0,0,0,9,9,9,9,9,10,4,10,9,10,9,8,1,13781
1022,7,11A204,19,40276,1,1,0,01,7,4,10,10,10,10,10,10,10,10,10,10,0,7,7,5,5,8,2,2,5,5,0,9,8,8,9,9,9,5,9,8,4,8,8,1,27562
1022,7,11A204,19,40276,3,1,0,01,10,8,10,10,10,10,10,10,10,10,9,9,8,10,10,10,10,10,0,0,0,0,0,9,10,10,10,10,10,0,10,9,10,9,9,1,27562
1022,6,12A205,19,40281,4,1,0,01,10,10,10,10,10,10,10,10,8,10,10,10,0,10,10,8,10,9,0,0,0,0,0,10,10,10,10,10,10,8,10,10,10,8,8,1,15267
1022,6,12A205,19,40281,1,1,0,02,7,7,7,7,8,8,8,8,8,8,8,8,8,7,7,7,7,7,3,3,3,3,3,8,8,8,8,8,8,0,8,8,7,7,7,1,22901
1022,6,12A205,19,40281,3,1,0,02,10,10,10,10,10,10,10,10,10,10,10,10,0,10,10,6,10,8,0,0,4,0,0,9,9,9,9,9,9,5,9,9,9,9,9,1,22901
1022,6,12A205,19,40281,2,1,0,01,8,8,8,8,8,8,8,8,8,8,10,8,2,8,8,8,8,7,0,0,0,0,2,8,8,8,8,8,10,5,8,8,8,8,8,1,15267
1022,2,11B211,19,40321,2,1,0,01,10,10,10,10,10,10,10,10,5,10,10,10,3,10,10,10,8,9,0,0,0,0,0,10,10,10,10,10,10,10,10,8,8,10,10,1,13629
1022,2,11B211,19,40321,1,1,0,01,9,8,10,10,10,10,9,10,10,10,7,9,2,9,9,9,9,9,0,0,0,0,0,8,10,8,9,9,7,6,10,8,7,7,7,1,13629
1022,2,11B211,19,40321,4,1,0,04,8,8,10,10,10,9,8,10,10,8,5,9,2,7,4,4,10,6,3,6,6,0,2,8,10,8,10,10,5,5,10,8,6,6,6,1,27258
1022,2,11B211,19,40321,3,1,0,03,9,8,10,10,10,10,10,10,10,7,5,9,2,10,8,10,10,8,0,0,0,0,0,8,10,9,10,10,8,6,9,8,6,7,7,1,27258
1022,6,12A205,19,40324,2,1,0,02,8,8,9,9,10,10,10,9,9,10,10,9,1,8,9,8,9,9,1,1,2,0,0,9,9,8,9,9,1,3,9,7,7,7,7,1,17426
1022,6,12A205,19,40324,1,1,2,01,5,4,5,4,2,3,2,3,4,4,3,4,4,5,5,5,5,2,3,2,3,3,3,3,1,3,2,1,3,3,3,3,8,8,8,1,8713
1022,6,12A205,19,40324,4,1,0,02,7,5,8,10,10,8,9,10,10,10,0,7,3,3,1,6,7,5,7,8,4,2,3,8,8,9,10,9,8,7,9,8,7,8,7,1,34851
1022,6,12A205,19,40324,3,1,0,01,8,8,8,7,8,8,9,9,8,9,8,8,7,5,4,5,6,5,5,6,5,4,4,8,8,7,8,9,8,2,9,7,8,5,8,1,17426
1022,6,13A205,19,40325,2,1,0,01,9,9,9,10,10,10,10,10,10,10,10,10,1,10,8,5,8,10,0,1,2,0,0,9,6,9,9,9,8,3,10,8,10,9,8,1,9633
1022,6,13A205,19,40325,3,1,0,04,10,8,10,10,10,10,10,10,10,10,9,10,5,8,9,9,10,8,1,1,1,0,1,10,10,9,10,10,8,8,10,10,9,10,10,1,28898
1022,6,13A205,19,40325,4,1,0,01,7,3,10,8,10,10,10,10,7,10,0,7,1,7,8,7,8,7,2,2,2,1,0,7,5,7,8,10,7,7,10,7,8,7,6,1,19266
1022,6,13A205,19,40325,1,1,1,01,10,10,10,10,10,10,10,10,10,10,10,10,5,10,0,9,10,10,0,0,1,0,0,5,10,8,10,10,5,0,10,5,0,0,0,1,28898
1022,6,13A205,19,40329,2,1,0,01,10,10,10,10,10,10,10,10,10,10,10,10,0,10,10,6,10,10,0,0,4,0,0,10,10,10,9,9,9,7,10,10,10,9,9,1,20381
1022,6,13A205,19,40329,4,1,0,02,10,10,10,10,10,10,10,10,10,10,10,10,0,10,10,6,10,10,0,0,4,0,0,10,8,10,10,10,10,5,8,9,9,8,8,1,20381
1022,6,13A205,19,40329,1,1,0,01,10,10,10,10,10,10,10,10,10,9,9,9,9,10,9,6,10,10,0,0,4,0,0,9,9,10,10,10,10,7,10,10,10,9,9,1,50952
1022,2,12B211,19,40365,4,1,0,01,8,9,8,8,10,9,9,9,9,9,10,10,9,5,5,9,9,8,4,4,0,0,0,6,9,9,8,10,10,9,10,5,10,8,8,1,16288
1022,2,12B211,19,40365,3,1,0,02,10,8,10,10,10,10,10,10,10,10,10,10,0,10,10,9,9,10,0,0,1,0,0,10,10,10,10,10,10,10,10,10,10,10,10,1,24432
1022,2,12B211,19,40365,1,1,0,02,9,9,9,9,9,9,8,10,10,10,10,9,7,10,10,9,9,10,0,0,0,0,0,9,10,9,10,9,10,9,9,10,10,10,8,1,24432
1022,2,12B211,19,40365,2,1,0,01,8,9,5,7,10,10,9,10,8,9,10,9,6,7,6,6,6,5,2,4,3,3,5,9,7,8,9,8,8,9,9,9,8,10,10,1,16288
1022,2,13B211,19,40366,1,1,0,01,10,10,10,10,10,10,10,10,10,10,9,9,0,10,10,10,10,10,0,0,0,0,0,10,10,10,10,10,10,7,10,10,10,9,9,1,80864
1022,2,12B211,19,40368,1,1,0,04,9,9,10,10,10,10,10,10,8,9,8,9,2,5,8,10,9,8,4,0,0,1,2,7,10,8,9,9,10,0,8,7,4,8,5,1,39378
1022,2,12B211,19,40368,3,1,0,01,8,8,9,8,8,8,9,9,8,8,10,8,7,8,8,8,8,8,0,0,0,0,0,8,8,8,8,8,6,6,8,9,8,8,8,1,23627
1022,2,12B211,19,40368,4,1,0,01,8,8,8,8,8,10,10,10,10,10,10,10,1,8,8,8,8,10,1,0,0,0,0,8,8,8,10,10,10,8,10,10,10,10,10,1,23627
1022,2,12B211,19,40368,2,1,0,01,8,5,8,9,10,10,10,10,10,9,8,9,2,8,9,9,9,9,0,1,1,1,1,5,5,9,6,9,5,0,8,5,3,2,5,1,15751
1022,6,12A205,19,40370,4,1,0,03,9,9,7,10,10,9,6,10,10,9,5,8,3,7,2,5,8,8,3,6,4,1,0,10,10,5,10,10,8,0,4,8,5,3,1,1,39231
1022,6,12A205,19,40370,2,1,0,01,10,10,10,4,10,10,10,10,8,10,10,8,9,9,7,4,4,4,1,2,6,6,6,3,1,10,6,0,0,8,10,10,7,10,10,1,15692
1022,6,11A205,19,40377,1,1,0,01,8,7,8,10,10,10,10,10,9,10,10,9,7,8,4,5,5,8,1,6,4,4,0,9,8,10,10,9,9,1,10,7,10,5,10,1,13638
1022,6,11A205,19,40377,3,1,0,01,5,5,5,8,8,8,8,8,8,8,0,8,5,10,10,10,10,8,0,0,0,0,0,5,10,8,10,8,8,6,8,8,10,7,10,1,13638
1022,6,11A205,19,40377,2,1,0,02,9,9,8,7,8,7,9,9,9,9,9,7,6,8,8,8,7,8,1,2,2,3,2,9,9,9,9,8,10,9,10,10,10,10,10,1,27277
1022,6,11A205,19,40377,4,1,0,02,8,8,8,8,9,7,8,9,8,9,8,7,5,10,10,9,8,10,0,0,1,1,0,8,9,8,10,7,9,8,9,9,9,9,9,1,40915
1022,2,12B211,19,40415,3,1,0,01,9,8,9,6,10,8,9,9,10,9,9,8,5,5,4,8,9,3,1,3,1,1,1,8,5,8,7,9,5,8,10,7,4,9,7,1,15846
1022,2,12B211,19,40415,2,1,0,01,7,7,8,9,10,6,9,9,10,8,10,9,3,10,10,10,10,8,0,0,0,0,0,10,10,9,10,6,10,10,10,10,10,10,10,1,15846
1022,2,12B211,19,40415,1,1,0,01,10,9,9,10,10,10,10,10,5,10,10,10,5,10,10,5,5,8,0,0,5,1,1,10,5,10,10,10,10,10,5,10,10,10,5,1,7923
1022,2,13B211,19,40416,2,1,0,02,10,3,8,10,10,5,10,10,10,10,10,10,5,10,10,10,10,8,0,0,0,0,0,10,8,8,10,10,10,10,10,10,10,10,10,1,29508
1022,2,13B211,19,40416,3,1,0,02,9,9,10,5,10,8,9,10,10,6,10,8,6,5,4,8,8,8,0,5,0,2,0,9,4,8,9,6,10,4,8,9,6,7,9,1,19672
1022,2,13B211,19,40416,4,1,0,01,8,8,8,7,8,8,9,8,9,9,8,9,8,8,7,6,7,7,1,2,3,2,1,10,10,10,9,8,8,6,9,10,10,10,10,1,29508
1022,2,13B211,19,40416,1,1,0,01,5,8,10,9,10,10,9,8,10,8,10,7,8,5,7,7,7,9,3,2,2,2,1,7,8,5,8,9,10,5,7,6,0,6,0,1,19672
1022,5,11A206,19,40417,3,1,0,02,10,10,10,10,10,10,10,10,10,10,10,10,0,10,10,5,10,10,0,0,4,0,0,10,10,10,10,9,5,2,10,10,7,7,7,1,15661
1022,5,11A206,19,40417,1,1,0,01,10,10,10,10,10,9,10,10,9,10,9,9,4,10,5,10,5,5,0,2,0,0,0,10,10,10,8,10,10,7,10,10,10,7,7,1,15661
1022,5,11A206,19,40417,4,1,0,02,8,8,9,8,10,9,9,9,7,9,10,9,8,5,5,5,4,5,5,4,5,6,5,7,6,9,9,8,7,0,8,9,5,5,5,1,23492
1022,5,11A206,19,40417,2,1,0,01,10,10,10,10,10,8,10,10,10,8,10,8,2,5,7,6,8,8,0,0,4,0,0,10,8,8,10,10,7,6,8,7,7,8,8,1,15661
1022,5,12A206,19,40420,2,1,0,04,7,6,9,10,10,10,10,10,9,10,8,9,9,6,6,7,6,8,3,3,2,3,1,7,8,9,9,10,9,6,9,9,9,8,8,1,23024
1022,5,12A206,19,40420,3,1,0,01,4,4,8,7,7,8,8,9,10,7,8,9,3,7,6,5,6,6,3,3,4,3,3,8,9,9,9,9,8,5,8,8,9,7,7,1,23024
1022,5,12A206,19,40420,1,1,0,02,9,6,8,8,10,10,10,10,10,10,7,8,10,9,9,9,9,9,1,1,1,1,1,10,10,8,9,10,8,7,9,8,8,7,7,1,23024
1022,5,12A206,19,40420,4,1,0,01,8,8,9,10,10,10,10,10,10,10,10,10,1,10,10,10,10,10,0,0,0,0,0,10,10,10,10,10,10,5,10,10,10,10,10,1,7675
1022,4,13A217,19,40447,1,1,0,01,5,2,7,6,5,6,8,9,6,5,8,6,7,4,6,4,7,5,5,4,6,3,5,7,6,8,6,5,7,3,6,5,6,2,5,1,19962
1022,4,13A217,19,40447,3,1,0,01,9,9,10,10,9,10,9,10,10,10,9,9,8,8,8,9,8,9,2,2,1,1,1,9,10,10,9,9,9,7,10,10,8,8,7,1,29943
1022,4,13A217,19,40447,2,1,0,01,8,9,8,7,10,10,10,10,10,9,10,10,8,9,5,6,7,8,1,5,4,2,1,8,9,9,8,8,9,7,8,9,9,9,9,1,29943
1022,4,13A217,19,40447,4,1,0,01,8,7,9,8,8,9,9,9,9,9,9,8,1,10,5,6,9,5,0,5,3,1,5,8,10,9,9,9,8,9,9,9,9,9,9,1,29943
1022,4,12A217,19,40448,2,1,0,02,10,10,10,10,10,10,10,10,10,10,10,10,0,10,10,10,10,10,0,0,0,0,0,9,10,10,10,10,10,6,9,9,8,8,8,1,15108
1022,4,12A217,19,40448,3,1,0,01,10,10,10,10,10,10,10,10,10,10,10,10,0,10,10,4,10,10,0,0,5,0,0,10,8,10,10,10,10,7,10,10,10,9,9,1,15108
1022,4,11A217,19,40452,3,1,0,02,10,7,8,8,10,9,10,10,6,9,8,9,10,6,5,5,5,5,4,4,5,5,5,9,9,9,10,10,9,5,8,9,6,9,9,1,6977
1022,4,11A217,19,40452,4,1,0,01,8,8,10,10,7,8,8,10,9,8,10,10,8,8,10,10,10,7,0,0,0,0,2,10,10,10,10,8,10,5,8,10,10,7,8,1,3489
1022,4,11A217,19,40452,2,1,0,01,8,8,8,6,9,9,9,7,10,8,3,8,5,7,7,8,8,7,3,3,2,1,2,8,6,9,7,7,4,3,8,7,1,2,7,1,3489
1022,4,11A217,19,40452,1,1,0,01,10,10,10,10,10,8,10,10,10,10,0,10,7,8,7,7,9,8,2,2,3,1,1,8,9,9,10,9,8,5,9,7,8,8,6,1,3489
1022,8,12A203,19,40454,4,1,0,03,10,8,9,9,10,10,10,10,10,9,0,9,9,8,7,8,8,8,2,2,1,1,1,10,7,7,10,10,8,9,5,10,10,10,10,1,16640
1022,8,12A203,19,40454,3,1,0,03,9,9,10,10,10,10,10,10,10,10,10,10,8,10,9,10,10,10,0,0,0,0,0,10,10,10,10,10,10,3,10,9,7,6,7,1,24960
1022,8,12A203,19,40454,2,1,0,05,10,7,8,10,10,10,10,10,10,10,10,10,8,7,6,8,9,9,3,3,2,1,1,9,7,10,10,9,10,8,9,10,9,8,8,1,41600
1022,8,12A203,19,40454,1,1,0,03,7,5,7,9,10,6,10,9,10,10,10,5,3,6,5,5,6,4,4,4,4,4,5,8,10,9,10,9,10,10,9,10,10,10,10,1,8320
1022,1,12B212,19,40459,4,1,0,02,10,10,10,10,10,10,10,10,10,10,0,10,0,10,10,10,10,10,0,0,0,0,0,10,10,10,10,10,10,2,10,8,8,8,8,1,15623
1022,1,12B212,19,40459,2,1,0,01,10,8,7,10,10,10,10,10,10,10,10,10,10,6,4,5,5,5,0,5,4,5,5,7,5,10,10,10,10,0,10,10,8,10,10,1,7811
1022,1,12B212,19,40459,3,1,0,04,8,10,10,8,10,9,10,10,10,8,4,8,0,5,5,5,5,8,0,0,5,5,0,8,10,8,8,8,8,5,8,10,10,9,9,1,31246
1022,1,12B212,19,40459,1,1,0,01,5,7,0,0,10,5,5,5,5,5,0,0,0,5,5,5,5,5,3,3,5,0,0,5,9,5,9,5,8,0,8,5,6,5,5,1,15623
1022,1,13B212,19,40460,1,1,0,01,9,6,8,8,10,9,9,10,10,10,0,8,4,9,6,8,8,8,0,4,0,0,0,8,10,9,10,7,7,9,8,7,8,9,9,1,26462
1022,1,13B212,19,40460,4,1,0,01,8,3,10,10,10,10,10,10,10,10,10,10,3,10,10,10,10,8,0,0,0,0,0,10,8,8,10,9,10,8,8,8,10,10,8,1,17642
1022,1,13B212,19,40460,2,1,0,01,10,8,10,10,10,10,10,10,10,8,10,10,0,10,7,10,10,10,0,2,0,0,0,10,10,10,10,10,10,4,10,10,8,8,2,1,26462
1022,8,12A203,19,40462,4,1,0,02,9,8,9,9,10,10,9,9,9,10,9,9,4,7,4,6,8,8,2,5,4,0,0,8,9,8,9,8,8,7,10,8,8,8,8,1,7746
1022,8,12A203,19,40462,1,1,0,02,9,8,10,10,10,10,9,10,10,10,10,9,2,8,8,7,10,10,0,0,2,0,0,8,8,9,10,9,10,8,10,8,8,9,9,1,15492
1022,8,12A203,19,40462,3,1,1,01,9,9,9,9,10,9,9,10,8,9,7,8,0,9,8,7,9,8,0,2,2,0,0,8,10,8,10,9,7,7,10,8,8,7,7,1,15492
1022,8,12A203,19,40462,2,1,0,01,8,8,9,8,10,9,9,10,10,10,8,9,3,6,6,7,8,7,3,3,3,1,0,7,9,8,10,9,7,7,9,8,8,8,6,1,15492
1022,5,12A206,19,40466,1,1,0,01,10,10,10,10,10,10,10,10,10,10,10,10,2,10,10,5,10,10,0,0,5,0,0,10,8,8,10,10,10,5,10,10,10,8,8,1,14259
1022,5,12A206,19,40466,3,1,0,01,10,10,10,10,10,10,10,10,10,10,10,10,0,10,10,6,10,10,0,0,4,0,0,10,10,10,10,10,10,6,10,10,10,10,10,1,14259
1022,5,12A206,19,40466,2,1,0,01,9,9,9,9,9,9,9,10,10,10,10,10,10,9,10,9,9,8,0,0,0,0,0,9,8,9,9,9,9,7,8,10,7,9,7,1,28517
1022,5,12A206,19,40468,4,1,0,01,10,8,9,9,10,8,10,9,9,7,7,6,2,8,8,8,8,5,1,2,1,2,2,8,9,7,10,8,7,5,7,8,9,8,7,1,17825
1022,5,12A206,19,40468,2,1,0,01,6,5,7,7,6,8,9,10,8,10,10,10,6,6,7,5,8,7,0,0,4,0,2,5,7,7,10,10,9,5,10,10,10,10,10,1,8912
1022,5,12A206,19,40468,3,1,0,02,8,8,9,8,9,8,9,9,8,8,6,8,5,7,8,6,8,10,3,2,3,1,0,8,9,8,9,9,6,8,9,8,8,9,7,1,17825
1022,4,13A217,19,40491,4,1,0,03,10,10,10,10,10,10,9,10,10,10,8,10,5,9,10,10,8,10,1,0,0,2,0,10,10,10,10,10,10,8,10,10,10,10,10,1,36395
1022,4,13A217,19,40491,2,1,0,03,10,9,10,10,10,9,10,10,10,9,10,10,10,5,6,6,7,6,1,3,3,2,4,10,10,10,10,10,10,10,9,10,10,10,9,1,45494
1022,4,13A217,19,40491,1,1,0,02,9,9,10,9,10,10,10,10,10,10,10,9,7,9,7,7,6,8,1,3,2,3,2,9,9,9,9,10,10,7,7,7,9,9,7,1,27297
1022,4,13A217,19,40494,2,1,0,01,10,10,10,10,10,10,10,10,10,10,8,10,0,8,9,5,10,8,1,1,4,0,0,10,10,10,10,10,10,7,10,10,10,9,9,1,17189
1022,4,13A217,19,40494,3,1,0,02,10,10,10,10,10,10,10,10,10,10,10,10,10,9,8,5,8,8,1,1,5,0,0,9,10,9,9,9,9,7,9,9,8,8,8,1,17189
1022,1,12B212,19,40500,3,1,0,02,5,4,6,7,6,7,6,7,8,8,9,6,7,5,4,7,4,6,4,5,2,6,2,6,6,6,7,8,6,6,6,6,7,3,8,1,30698
1022,1,12B212,19,40500,2,1,0,03,10,9,10,10,10,10,10,10,10,10,0,10,0,10,10,10,10,10,0,0,0,0,0,7,6,10,10,10,10,0,10,10,0,5,5,1,38373
1022,1,12B212,19,40500,1,1,0,01,7,5,7,8,10,10,10,8,8,10,8,6,7,6,8,8,9,6,4,1,2,1,1,7,10,6,10,7,7,5,10,6,6,7,7,1,15349
1022,1,12B212,19,40500,4,1,0,02,10,7,10,8,10,9,10,10,10,10,10,8,0,10,10,10,10,10,0,0,0,0,0,10,10,10,10,10,10,0,10,10,10,10,5,1,15349
1022,1,11B212,19,40501,1,1,0,02,5,9,7,8,10,5,10,10,9,10,8,10,6,7,5,7,9,10,2,3,2,0,0,6,6,8,9,10,10,8,10,10,9,7,5,1,16845
1022,1,11B212,19,40501,2,1,0,01,10,7,10,8,10,10,10,10,10,10,10,10,4,10,10,7,8,10,0,0,2,0,0,6,8,10,10,10,5,2,10,10,10,10,8,1,25268
1022,1,11B212,19,40501,3,1,0,02,6,4,9,6,8,8,10,9,10,10,10,8,5,8,3,3,5,5,0,6,6,5,4,6,5,6,9,8,5,5,9,7,7,8,6,1,16845
1022,1,11B212,19,40501,4,1,0,01,7,8,7,8,8,9,9,10,6,8,6,9,5,5,5,1,1,2,0,0,9,9,8,7,7,8,8,7,8,9,10,10,10,10,9,1,16845
1022,1,13B212,19,40502,2,1,0,01,9,9,9,9,10,9,9,10,10,10,2,9,0,8,7,8,8,8,2,0,0,0,0,9,9,9,9,9,9,8,8,8,8,8,8,1,36382
1022,1,12B212,19,40505,1,1,0,01,10,10,8,10,10,10,10,10,10,10,10,10,9,9,5,5,8,9,0,5,4,0,0,9,9,10,10,9,10,5,10,10,8,7,5,1,25489
1022,1,12B212,19,40505,3,1,0,01,9,9,8,8,9,9,9,8,9,9,7,9,7,10,10,10,10,10,0,0,0,0,0,9,9,9,9,9,7,7,9,9,8,7,9,1,16993
1022,1,12B212,19,40505,2,1,0,01,8,5,10,10,10,10,10,10,10,10,10,10,1,5,3,5,8,5,0,0,4,2,4,8,8,8,8,10,8,8,10,10,10,10,10,1,8497
1022,5,11A206,19,40514,4,1,0,01,9,9,10,8,10,10,9,10,8,10,10,8,3,10,5,10,10,10,0,4,0,0,0,8,8,9,10,7,9,4,10,8,10,8,8,1,13208
1022,5,11A206,19,40514,1,1,0,01,8,8,10,10,10,10,8,10,10,9,5,9,2,8,8,9,8,8,1,1,1,1,0,8,10,9,8,9,7,6,10,8,8,7,5,1,6604
1022,5,13A206,19,40516,4,1,0,03,9,8,10,9,10,9,9,8,10,7,8,8,4,9,7,8,9,8,1,2,1,0,0,10,10,10,8,8,9,8,7,9,8,9,7,1,33172
1022,5,13A206,19,40516,2,1,0,01,9,8,9,8,9,9,9,10,9,9,10,8,2,8,8,5,7,8,0,2,5,0,0,9,7,9,10,8,9,8,9,9,9,9,9,1,11057
1022,4,12A217,19,40537,4,1,0,02,10,10,8,8,10,10,10,10,10,10,8,8,0,10,10,10,10,10,0,0,0,0,0,10,9,9,10,10,10,10,10,10,10,10,10,1,24069
1022,4,12A217,19,40537,2,1,0,01,4,0,10,10,10,10,10,10,10,10,10,10,8,10,7,10,10,10,0,0,0,0,0,5,10,10,10,10,10,10,7,8,10,10,10,1,8023
1022,4,12A217,19,40537,1,1,0,01,5,5,0,5,10,5,7,5,5,9,7,7,5,5,2,2,2,2,1,7,7,7,7,5,0,0,9,0,10,0,10,10,10,10,10,1,8023
1022,4,12A217,19,40541,1,1,0,01,9,9,10,9,8,9,10,9,10,10,10,10,8,8,8,9,9,9,1,2,1,1,1,9,9,10,10,9,9,9,10,10,9,10,10,1,8804
1022,4,12A217,19,40541,3,1,0,02,10,9,9,8,10,9,9,9,9,10,6,9,6,7,6,6,5,4,3,3,3,4,6,8,9,9,9,8,7,5,9,10,5,8,8,1,17607
1022,4,12A217,19,40541,4,1,0,02,5,5,9,10,10,9,10,10,10,10,10,10,9,10,9,10,10,10,0,0,0,0,0,0,10,9,10,9,10,0,10,10,0,9,0,1,26411
1022,4,12A217,19,40541,2,1,0,02,8,7,8,9,10,9,9,9,8,8,7,9,7,8,8,9,9,9,1,1,1,1,1,8,8,9,9,9,9,5,9,9,9,8,8,1,26411
1022,8,12A203,19,40547,3,1,0,01,10,9,9,9,8,10,10,10,9,10,9,10,5,9,8,5,7,8,1,2,5,2,2,10,8,9,8,8,9,6,8,10,9,9,8,1,7818
1022,8,12A203,19,40547,1,1,0,01,8,9,8,9,10,10,10,10,9,9,10,9,1,7,5,8,7,7,1,4,2,2,3,7,8,9,10,10,10,5,10,10,10,10,10,1,7818
1022,8,11A203,19,40548,1,1,1,01,8,7,10,10,10,10,10,9,10,10,8,9,2,8,8,9,10,8,0,2,0,0,0,8,8,8,9,9,6,5,10,8,8,7,7,1,6810
1022,8,11A203,19,40548,2,1,0,03,8,8,9,9,10,9,9,10,10,9,10,8,7,8,6,6,7,9,0,3,3,2,0,9,9,8,9,10,10,6,9,9,7,7,7,1,20431
1022,8,11A203,19,40548,3,1,0,01,8,9,10,10,10,10,9,10,8,10,10,9,2,8,7,7,8,9,0,3,2,0,0,8,9,8,10,9,10,6,9,8,7,8,8,1,13621
1022,8,11A203,19,40548,4,1,0,01,8,7,10,10,10,10,10,10,10,10,7,9,4,8,6,7,8,9,0,4,3,0,0,8,9,9,9,8,8,5,10,8,7,6,6,1,6810
1022,8,11A203,19,40551,2,1,0,03,10,7,10,10,10,10,10,10,10,10,0,10,0,10,10,5,10,9,0,0,5,0,0,10,10,8,10,10,10,10,9,10,10,10,10,1,21029
1022,8,11A203,19,40551,3,1,0,06,7,7,7,7,7,9,7,6,7,5,2,4,5,5,6,4,5,3,2,1,6,5,0,8,6,5,8,6,2,4,5,5,6,8,9,1,56077
1022,8,11A203,19,40551,4,1,0,01,9,9,10,8,10,9,10,10,10,9,10,9,10,9,7,5,8,8,0,3,5,2,2,7,10,9,10,9,10,7,10,10,10,10,9,1,14019
1022,8,11A203,19,40551,1,1,0,02,5,8,4,5,6,7,4,5,4,3,5,6,7,5,8,5,5,6,3,2,5,4,3,4,5,3,6,5,2,2,3,4,6,4,3,1,14019
1022,5,13A206,19,40556,1,1,0,03,7,6,8,7,9,8,7,8,9,8,1,7,5,5,5,4,7,5,2,5,5,2,2,8,8,8,9,8,5,3,5,9,8,6,5,1,19012
1022,5,13A206,19,40556,3,1,0,03,9,7,9,9,10,9,8,10,10,9,8,7,7,8,9,7,8,6,2,1,2,1,0,10,10,8,8,7,5,6,5,9,10,8,6,1,25349
1022,5,13A206,19,40556,4,1,0,01,7,6,8,9,10,9,10,9,9,10,10,9,9,9,9,9,5,9,1,1,1,4,1,9,10,10,9,10,9,8,9,10,10,9,9,1,12674
1022,5,13A206,19,40556,2,1,0,02,10,10,10,10,10,10,9,10,10,10,10,10,2,8,9,7,8,9,1,1,2,2,1,10,9,8,10,8,5,10,9,6,10,8,8,1,12674
1022,5,11A206,19,40561,3,1,0,04,9,8,10,10,10,10,10,10,10,9,8,9,2,7,7,7,9,9,2,2,3,0,0,8,10,8,10,10,5,6,10,8,7,8,8,1,14901
1022,5,11A206,19,40561,4,1,0,01,8,8,8,9,10,10,10,10,10,9,6,9,0,7,4,6,10,8,2,5,4,0,0,9,10,9,9,9,5,6,10,8,8,8,7,1,14901
1022,5,11A206,19,40561,2,1,0,01,9,6,9,9,9,9,10,10,10,10,5,10,3,10,10,10,10,10,0,0,0,0,0,10,10,10,10,7,10,5,10,10,10,10,5,1,22352
1022,4,11A217,19,40589,2,1,0,04,7,8,8,9,8,9,9,8,8,9,8,8,3,9,0,7,6,8,0,0,0,4,0,7,9,9,9,8,8,8,8,9,9,9,8,1,43889
1022,4,11A217,19,40589,1,1,0,01,7,7,7,7,8,6,9,8,10,8,6,8,3,7,6,6,6,6,3,4,4,0,3,7,8,8,10,7,8,6,9,9,7,8,7,1,36575
1022,4,11A217,19,40589,3,1,0,01,10,10,10,10,10,10,10,10,10,10,10,10,0,10,10,10,8,10,0,0,0,0,0,10,10,9,9,5,10,5,10,10,10,10,10,1,29260
1022,4,11A217,19,40589,4,1,0,01,10,8,10,10,10,5,10,10,10,10,10,10,10,7,2,2,5,7,2,7,7,5,2,8,5,10,5,10,10,5,10,10,5,8,0,1,14630
1022,8,13A203,19,40591,2,1,0,01,9,9,9,9,10,10,9,10,9,9,7,9,0,8,6,7,9,7,1,3,2,0,0,8,9,8,10,9,7,7,10,9,9,6,7,1,20190
1022,8,13A203,19,40591,3,1,0,02,9,8,9,9,10,10,9,10,10,9,8,8,0,9,6,8,9,8,0,4,2,0,0,8,9,8,9,9,7,7,10,9,9,7,7,1,20190
1022,8,13A203,19,40591,4,1,0,02,8,9,10,9,10,10,9,10,8,9,8,8,3,9,8,8,9,8,1,0,0,0,0,8,9,9,10,9,9,8,9,9,9,7,7,1,30285
1022,8,13A203,19,40591,1,1,0,01,8,7,10,10,10,10,10,10,10,10,7,10,2,8,8,8,9,9,2,1,1,0,0,8,9,8,10,9,7,5,10,9,9,6,6,1,40380
1022,1,12B212,19,40596,1,1,0,01,4,5,6,7,10,10,6,5,10,4,0,8,4,7,7,7,8,6,2,3,2,2,4,5,10,6,3,8,6,3,10,10,10,6,5,1,7624
1022,1,12B212,19,40596,2,1,0,01,0,10,0,10,10,0,0,10,10,10,0,10,10,5,5,5,5,5,5,5,5,5,5,10,10,0,0,10,0,0,10,10,10,10,10,1,30495
1022,1,12B212,19,40596,3,1,0,03,8,10,10,8,10,9,8,10,10,10,9,7,8,5,8,10,6,5,0,2,0,3,2,10,8,7,5,8,7,6,8,10,6,7,6,1,30495
1022,1,12B212,19,40596,4,1,0,02,9,8,9,6,8,8,8,9,9,8,9,8,6,7,6,7,8,10,0,4,3,1,0,9,8,8,8,8,3,0,9,7,6,3,1,1,15248
1022,8,13A203,19,40597,4,1,0,01,10,10,10,10,10,10,10,10,10,10,10,10,10,10,10,10,10,10,0,0,0,0,0,10,10,10,10,10,10,5,10,10,10,10,10,1,44173
1022,8,13A203,19,40597,3,1,0,01,10,10,10,10,10,10,10,10,10,10,6,9,0,8,8,5,5,8,0,0,5,5,0,8,8,8,8,8,8,5,8,8,8,8,8,1,11043
1022,8,13A203,19,40597,1,1,0,02,10,8,10,10,10,10,10,10,8,10,10,10,1,7,7,6,10,7,3,3,4,0,2,9,8,9,8,10,7,6,8,8,8,9,10,1,22086
1022,8,13A203,19,40597,2,1,0,02,10,10,10,10,10,10,10,10,10,10,10,10,10,10,10,10,10,10,0,0,0,0,0,10,10,10,10,10,10,6,10,10,10,10,10,1,44173
1022,1,11B212,19,40598,4,1,0,01,8,6,10,9,10,10,10,8,10,10,10,10,2,10,10,10,10,10,0,0,0,0,0,8,10,10,9,9,8,4,10,10,8,9,8,1,8379
1022,1,11B212,19,40598,2,1,0,01,9,9,10,10,10,10,10,10,10,10,10,10,3,5,5,8,8,9,1,3,2,0,0,0,5,10,9,7,0,0,8,5,9,3,5,1,8379
1022,1,11B212,19,40598,3,1,0,02,8,8,10,10,10,10,10,10,10,10,10,10,5,0,2,5,10,5,5,7,5,0,0,7,8,10,10,10,8,6,10,10,10,10,7,1,25137
1022,8,13A203,19,40600,1,1,0,03,9,9,9,10,9,9,9,10,9,10,10,9,3,9,8,9,9,9,1,1,0,0,1,9,10,10,10,9,9,8,10,10,9,9,9,1,32599
1022,8,13A203,19,40600,4,1,0,02,9,6,5,6,9,6,7,10,10,10,0,7,1,2,2,7,8,7,7,7,2,1,2,5,10,10,10,10,5,2,10,10,10,7,7,1,10866
1022,8,13A203,19,40600,3,1,0,01,9,4,8,10,8,10,10,10,10,10,10,10,2,8,8,8,9,10,1,0,1,1,0,8,9,10,10,10,10,7,10,10,10,9,9,1,21733
1022,8,13A203,19,40600,2,1,0,01,10,10,10,10,10,10,10,10,10,10,10,10,1,10,9,10,8,8,0,1,0,0,0,8,8,8,7,9,8,8,8,8,8,8,7,1,21733
1022,7,12A204,20,40131,3,1,0,01,10,10,9,8,8,10,10,10,10,10,9,10,1,10,10,10,0,10,0,0,0,0,0,10,10,10,10,9,8,6,10,9,9,0,0,1,7163
1022,7,12A204,20,40131,1,1,0,02,6,6,8,8,8,5,6,8,6,8,5,6,5,6,6,7,5,6,3,3,3,4,3,7,8,8,6,6,8,3,6,8,6,5,5,1,14326
1022,7,12A204,20,40131,2,1,0,02,8,8,8,7,8,7,7,8,8,8,9,7,7,6,7,5,6,4,3,1,4,0,0,8,4,8,8,5,7,4,7,9,8,6,7,1,14326
1022,7,12A204,20,40131,4,1,0,01,10,10,9,9,9,9,10,10,10,9,9,9,9,9,9,9,9,9,0,0,0,0,0,10,9,10,9,9,9,8,10,10,10,9,8,1,14326
1022,3,11A218,20,40162,4,1,0,02,8,4,3,7,7,9,10,9,8,10,10,8,9,9,4,3,0,4,0,6,6,9,6,0,0,8,0,10,10,0,8,5,10,10,10,1,9310
1022,3,11A218,20,40162,3,1,0,01,7,8,9,9,9,9,9,9,9,9,5,9,5,5,5,5,5,6,5,4,5,4,4,9,9,9,7,7,9,5,10,9,9,5,4,1,4655
1022,3,11A218,20,40162,1,1,0,02,6,9,8,10,10,9,8,10,10,10,8,8,0,5,7,7,4,5,0,3,3,5,0,6,8,8,10,8,10,5,8,10,10,5,5,1,18619
1022,3,11A218,20,40162,2,1,0,01,7,6,7,8,9,7,9,8,9,9,9,8,8,7,5,5,6,7,3,5,5,4,2,9,9,8,8,9,4,4,5,3,4,4,3,1,4655
1022,1,12B212,20,40194,3,1,0,01,8,9,8,9,9,8,9,9,9,8,8,8,8,6,7,8,8,8,4,2,2,2,1,8,8,8,9,9,8,5,8,9,9,7,7,1,23638
1022,1,12B212,20,40194,4,1,0,01,9,9,9,9,8,9,9,9,8,10,9,8,2,8,6,8,8,8,2,4,2,2,1,8,9,8,9,9,8,5,7,9,9,4,4,1,15758
1022,1,12B212,20,40194,2,1,0,01,7,4,9,9,10,9,9,10,8,9,10,8,2,9,9,8,8,7,0,1,0,0,0,7,8,9,9,8,9,9,10,9,9,7,9,1,7879
1022,1,12B212,20,40194,1,1,0,02,8,7,9,6,8,8,9,9,8,8,6,7,6,8,8,6,6,8,2,2,2,4,1,8,8,9,8,8,6,7,8,9,9,9,8,1,15758
1022,2,11B211,20,40256,2,1,0,03,8,5,6,8,9,8,7,9,8,10,7,7,7,6,7,5,6,5,3,2,4,4,5,8,9,8,7,9,6,4,9,8,8,5,5,1,25013
1022,2,11B211,20,40256,3,1,0,02,9,10,9,10,9,9,9,10,10,10,9,9,4,7,7,10,10,10,2,2,0,0,0,7,10,9,9,10,7,5,10,10,10,5,5,1,16675
1022,2,11B211,20,40256,4,1,0,01,8,8,8,8,8,7,9,10,10,10,8,9,8,10,10,10,10,7,0,0,0,0,2,8,8,8,9,8,8,9,8,8,8,7,7,1,16675
1022,2,11B211,20,40256,1,1,0,04,3,2,4,5,6,6,8,8,9,9,7,9,2,7,8,9,9,9,2,2,1,1,1,6,9,5,9,8,2,4,2,7,9,8,3,1,33351
1022,6,11A205,20,40262,2,1,0,03,8,8,8,7,9,9,9,8,8,9,8,8,6,6,5,6,7,8,4,3,3,0,0,7,9,9,9,8,8,8,8,8,8,8,8,1,22811
1022,6,11A205,20,40262,1,1,0,02,6,7,8,8,8,7,7,6,5,7,8,8,7,3,4,2,5,2,7,6,7,2,3,7,5,7,8,8,6,4,8,9,8,5,5,1,34217
1022,6,11A205,20,40262,4,1,0,01,8,5,8,9,7,8,10,10,9,10,8,8,8,8,2,10,8,5,2,7,0,0,3,7,7,6,5,7,3,0,6,7,3,4,5,1,22811
1022,6,11A205,20,40264,1,1,0,01,8,9,8,9,8,8,8,8,8,8,8,9,6,5,3,3,2,0,5,7,7,7,10,8,6,8,8,8,7,0,8,9,6,6,6,1,22634
1022,6,11A205,20,40264,2,1,0,05,0,5,3,3,5,3,9,10,5,5,10,8,10,10,10,10,10,10,0,0,0,0,0,5,3,10,10,9,5,8,5,10,8,10,8,1,33951
1022,6,11A205,20,40264,3,1,0,02,8,8,6,5,8,8,8,8,8,8,5,6,5,8,5,5,8,8,2,5,2,2,0,8,8,8,8,6,5,5,7,7,5,5,3,1,22634
1022,6,11A205,20,40264,4,1,0,01,9,9,10,10,10,10,10,10,10,10,10,10,0,7,3,8,8,8,2,7,2,0,0,9,10,9,9,9,8,6,9,9,9,7,7,1,22634
1022,2,12B211,20,40291,4,1,0,02,8,6,8,8,9,10,8,9,10,7,5,7,9,9,9,9,6,6,1,1,1,3,4,9,10,7,7,8,8,8,10,10,9,9,7,1,15054
1022,2,12B211,20,40291,3,1,0,01,6,6,8,8,9,9,8,10,6,8,6,8,6,7,7,7,7,7,3,3,3,3,3,7,8,7,9,7,7,8,8,8,6,6,9,1,15054
1022,2,12B211,20,40291,1,1,0,01,9,9,9,9,9,9,9,10,10,9,10,10,2,10,10,10,10,10,0,0,0,0,0,9,9,9,9,9,10,6,10,10,10,6,8,1,15054
1022,2,12B211,20,40291,2,1,0,01,9,8,9,8,9,7,9,9,8,7,8,8,1,10,8,8,7,7,0,0,0,0,0,8,9,8,8,9,8,9,8,9,9,9,9,1,7527
1022,5,11A206,20,40325,4,1,0,01,6,8,10,7,8,6,8,8,9,9,9,8,8,3,4,5,6,3,7,6,5,2,5,7,8,8,6,8,7,5,8,7,7,5,5,1,15522
1022,5,11A206,20,40325,3,1,0,01,8,9,8,9,7,7,9,8,9,7,5,8,2,9,9,9,9,9,1,1,1,1,1,8,7,8,9,8,5,9,10,9,6,6,8,1,23284
1022,5,11A206,20,40325,1,1,0,02,5,5,7,5,5,6,6,6,8,8,8,6,3,5,3,5,7,3,5,6,5,3,6,7,6,6,6,5,5,4,6,7,8,6,8,1,15522
1022,5,11A206,20,40325,2,1,0,01,8,8,8,9,7,8,9,10,9,10,10,10,2,7,7,7,7,8,2,2,3,2,0,9,8,8,8,8,7,5,10,10,7,7,7,1,15522
1022,5,11A206,20,40327,3,1,0,05,9,8,9,9,9,9,9,9,9,9,9,8,3,8,8,9,7,9,1,2,1,1,1,9,9,9,9,9,7,7,8,9,9,7,7,1,45384
1022,5,11A206,20,40327,1,1,0,02,8,8,9,9,10,10,9,9,9,10,10,9,5,8,7,8,8,7,0,2,1,0,3,7,8,8,7,8,7,7,8,7,8,8,8,1,45384
1022,5,11A206,20,40327,2,1,0,02,7,5,8,9,9,9,9,10,10,10,10,10,10,8,6,6,6,6,2,3,3,3,3,8,9,6,6,7,4,6,7,7,8,5,5,1,45384
1022,5,11A206,20,40327,4,1,0,01,8,10,8,8,10,8,8,10,8,10,10,10,10,5,5,5,4,3,4,5,5,6,6,10,10,8,8,7,8,8,8,10,10,8,8,1,22692
1022,8,11A203,20,40385,2,1,0,02,8,8,9,9,9,9,9,9,9,9,9,9,1,10,10,10,10,10,0,0,0,0,0,8,8,8,9,9,8,3,9,9,8,2,4,1,21524
1022,8,11A203,20,40385,3,1,0,02,8,8,8,8,8,8,8,8,5,8,5,8,5,9,9,9,9,8,1,1,1,1,2,8,8,8,8,8,5,6,7,8,5,5,6,1,21524
1022,8,11A203,20,40385,4,1,0,01,8,8,7,7,9,9,9,9,9,9,9,8,8,8,8,8,9,9,0,0,0,0,0,8,9,9,9,8,8,6,9,9,8,9,9,1,21524
1022,8,11A203,20,40385,1,1,0,02,9,8,10,9,9,9,9,9,8,9,8,8,5,7,6,7,8,8,3,3,1,2,0,9,9,8,9,9,3,5,8,9,8,8,8,1,21524
1022,4,12A217,20,40408,2,1,0,03,8,8,8,9,8,8,8,8,8,8,8,8,7,9,9,9,9,9,1,0,0,0,0,9,7,8,8,8,8,9,8,10,7,8,7,1,20849
1022,4,12A217,20,40408,1,1,0,01,8,8,8,8,10,9,9,10,10,10,3,9,2,9,9,8,9,8,0,0,2,0,0,7,9,8,8,9,10,8,9,10,8,8,9,1,6949
1022,4,12A217,20,40408,3,1,0,01,9,9,9,9,9,8,10,9,8,9,6,9,3,10,10,10,10,10,0,0,0,0,0,0,9,9,10,8,6,5,9,9,8,8,8,1,13898
1022,4,12A217,20,40408,4,1,0,01,8,9,8,9,7,7,8,9,9,9,10,8,8,8,5,7,7,7,0,4,0,2,0,9,8,8,8,10,7,7,8,8,8,6,7,1,6949
1022,1,11B212,20,40415,2,1,0,02,9,9,8,9,9,7,8,10,7,8,4,7,5,9,9,6,6,7,1,1,4,1,1,9,9,9,9,8,3,2,9,7,7,7,3,1,31761
1022,1,11B212,20,40415,4,1,0,01,7,7,8,9,9,9,9,9,9,9,9,9,8,4,8,6,7,5,3,2,4,3,2,8,4,8,9,10,8,7,9,6,7,4,2,1,15881
1022,1,11B212,20,40415,3,1,0,02,5,5,5,8,8,10,10,10,10,8,8,9,7,10,10,6,10,10,0,0,4,0,0,8,10,8,10,8,0,8,10,10,10,8,6,1,23821
1022,1,11B212,20,40415,1,1,0,01,7,5,7,8,9,9,10,10,10,9,5,6,8,7,7,8,9,9,2,2,2,1,1,8,8,8,5,3,1,0,8,5,8,3,3,1,15881
1022,3,11A218,21,40042,1,1,0,02,9,8,9,8,9,6,8,8,9,9,10,8,6,8,6,8,7,7,2,1,1,0,0,9,7,8,8,7,7,6,8,8,7,8,7,1,23269
1022,3,11A218,21,40042,2,1,0,02,10,10,10,8,10,10,10,10,10,10,8,9,8,9,8,9,10,9,1,1,1,0,0,10,9,10,10,9,10,0,9,9,5,9,9,1,23269
1022,3,11A218,21,40042,4,1,0,04,9,8,10,8,10,8,8,9,10,8,8,8,3,8,6,10,8,5,0,0,0,0,0,8,10,8,8,8,4,6,8,8,6,7,8,1,31025
1022,3,11A218,21,40042,3,1,0,01,8,8,9,7,9,6,8,7,9,10,10,7,6,7,6,8,7,5,0,0,1,0,1,8,9,9,9,8,6,6,8,9,8,8,8,1,23269
1022,3,13A218,21,40180,4,1,0,01,9,9,10,7,10,7,10,8,10,10,8,7,6,7,4,8,8,4,1,1,1,0,0,8,9,9,9,7,4,6,8,9,7,7,7,1,49787
1022,7,12A204,21,40188,2,1,0,02,10,10,9,10,10,10,9,10,9,10,10,9,8,6,6,7,8,8,3,3,2,1,0,10,10,9,10,9,7,4,9,9,10,10,10,1,17090
1022,7,12A204,21,40188,4,1,0,01,10,10,10,9,10,10,10,10,8,8,8,8,0,6,6,7,10,8,4,4,3,0,0,8,10,9,10,10,5,0,10,9,8,5,5,1,17090
1022,7,12A204,21,40188,3,1,0,02,10,10,10,10,9,9,9,10,10,7,7,8,2,7,6,7,7,6,3,3,3,0,0,8,9,9,9,8,9,5,10,8,8,6,7,1,17090
1022,7,11A204,21,40189,3,1,0,02,10,9,9,8,9,10,10,10,9,9,9,8,9,7,8,8,8,9,2,1,2,0,1,9,10,9,10,9,9,7,10,10,9,6,5,1,21404
1022,7,11A204,21,40189,2,1,0,03,10,10,6,10,10,10,9,10,4,10,0,4,0,9,6,6,8,8,1,0,3,0,0,9,9,6,9,9,6,3,4,9,6,7,6,1,14269
1022,7,11A204,21,40189,4,1,0,01,8,9,10,8,10,7,9,7,10,10,9,8,6,5,4,10,5,3,4,5,0,5,6,8,8,10,8,0,6,0,9,6,6,7,9,1,14269
1022,2,12B211,21,40363,4,1,0,01,10,10,10,10,10,8,9,9,10,8,8,8,4,10,7,7,6,6,0,1,1,0,0,8,8,8,8,7,10,5,8,9,7,8,8,1,16046
1022,2,12B211,21,40363,3,1,0,02,9,9,9,8,9,8,10,9,10,10,10,8,4,8,7,9,8,7,0,0,1,0,0,9,10,9,9,8,4,7,9,9,7,8,8,1,16046
1022,2,12B211,21,40363,2,1,0,01,9,9,9,8,10,7,9,9,10,9,9,8,5,8,6,7,7,6,1,1,1,0,0,8,8,8,8,8,5,6,8,8,8,8,8,1,24069
1022,2,12B211,21,40363,1,1,0,01,9,9,9,7,10,8,10,9,10,9,6,8,3,8,6,9,7,6,0,1,0,0,0,8,10,8,9,8,4,6,8,9,7,7,7,1,16046
1022,6,12A205,21,40375,4,1,0,02,9,9,10,10,10,10,9,10,10,9,7,8,0,6,6,6,9,8,3,3,4,1,2,9,10,9,10,10,9,6,10,10,8,8,8,1,32801
1022,6,12A205,21,40375,3,1,0,02,10,10,10,10,10,10,10,10,6,6,6,6,0,8,7,8,10,5,2,0,2,0,0,9,9,9,10,9,4,2,10,10,8,6,6,1,16401
1022,6,12A205,21,40375,2,1,0,01,10,10,10,10,10,10,10,10,10,9,8,9,7,6,6,7,10,7,3,3,2,0,0,10,10,9,10,9,5,3,10,9,9,6,6,1,16401
1022,6,12A205,21,40375,1,1,0,01,9,9,10,10,10,9,5,6,10,9,5,7,5,10,9,5,7,6,0,0,5,0,0,7,8,5,7,5,8,5,5,8,8,8,4,1,16401
1022,2,11B211,21,40415,3,1,0,02,9,8,8,8,10,8,9,10,8,6,8,9,8,10,2,8,8,6,0,7,2,2,0,6,6,6,6,7,8,3,8,7,8,10,9,1,23173
1022,2,11B211,21,40415,4,1,0,03,10,9,10,10,10,10,10,10,10,10,10,10,6,7,6,6,10,5,2,3,3,0,0,8,8,9,10,9,9,5,10,8,8,7,7,1,46347
1022,2,11B211,21,40415,2,1,0,02,10,10,8,9,10,8,9,10,10,8,10,9,9,9,10,5,7,9,0,0,5,0,0,8,8,9,8,9,8,7,9,9,9,9,9,1,23173
1022,2,11B211,21,40415,1,1,0,02,10,10,9,10,10,10,9,9,9,9,10,9,5,8,8,6,7,7,1,2,4,0,0,9,9,9,9,8,5,0,0,6,7,6,5,1,23173
1022,4,11A217,21,40495,3,1,0,01,9,9,9,9,9,9,9,9,9,10,10,9,6,8,7,7,7,8,0,0,2,0,1,8,8,9,9,8,7,6,8,9,8,8,8,1,5976
1022,4,11A217,21,40495,2,1,0,01,9,9,9,7,10,8,9,9,10,8,8,8,3,8,4,10,7,6,1,1,0,0,0,9,10,8,8,9,4,6,9,9,7,8,8,1,17928
1022,4,11A217,21,40495,1,1,0,01,8,8,9,8,10,7,8,8,10,8,7,8,5,6,6,9,7,5,2,1,1,0,0,8,10,8,8,8,4,7,8,8,8,7,7,1,23904
1022,4,11A217,21,40495,4,1,0,01,8,8,8,7,9,5,8,6,9,9,9,7,8,4,4,8,7,3,2,2,1,0,1,8,8,8,7,7,3,6,8,7,7,7,7,1,11952
1022,8,11A203,21,40504,1,1,0,01,9,8,9,8,9,8,9,9,9,10,10,8,4,7,6,8,8,6,0,1,1,0,0,8,10,8,10,9,3,6,7,8,7,8,8,1,69597
1022,8,11A203,21,40504,3,1,0,01,7,7,8,7,8,7,8,7,8,7,8,7,8,5,6,7,7,4,4,3,3,2,1,7,7,7,7,7,6,6,7,8,6,7,6,1,41758
1022,8,11A203,21,40504,2,1,0,04,9,8,9,7,10,9,9,8,10,9,10,8,5,7,6,9,7,6,2,1,1,0,0,8,10,8,8,8,3,6,9,8,6,7,7,1,83517
1022,4,12A217,21,40541,2,1,0,01,10,10,9,9,10,9,6,10,8,8,9,9,5,5,5,4,6,3,5,4,5,4,4,8,9,8,8,8,7,3,8,8,7,5,5,1,10936
1022,4,12A217,21,40541,1,1,0,01,10,10,10,10,10,10,6,10,10,7,7,7,8,8,8,7,6,8,1,1,3,4,0,9,10,9,9,9,9,4,10,9,8,7,7,1,10936
1022,4,12A217,21,40541,3,1,0,01,8,8,8,10,10,10,10,10,9,8,8,9,7,10,10,8,8,10,0,0,0,0,0,8,10,8,8,8,8,5,9,8,8,7,8,1,54675
1022,8,13A203,21,40554,4,1,0,01,10,10,10,8,10,8,9,10,10,10,8,9,5,9,8,8,8,7,1,0,1,0,0,9,9,9,9,9,8,7,9,9,7,8,8,1,27848
1022,8,13A203,21,40554,3,1,1,01,10,10,9,9,10,8,10,10,10,10,5,10,4,9,6,9,7,8,0,1,1,0,0,9,9,9,9,9,6,6,10,9,7,8,8,1,9283
1022,8,13A203,21,40554,1,1,0,01,9,9,9,9,9,9,9,9,9,9,10,9,1,10,8,9,9,9,0,0,0,0,0,9,9,9,9,9,9,6,9,7,8,8,8,1,9283
1022,8,13A203,21,40554,2,1,0,01,8,8,10,7,10,7,8,8,10,10,10,8,5,8,6,9,7,5,0,1,1,0,0,8,9,8,9,7,4,7,8,9,8,8,8,1,18565
1022,5,11A206,21,40558,4,1,0,02,10,10,10,8,8,8,9,10,9,8,10,8,5,9,8,5,7,6,0,0,4,0,0,9,8,8,8,8,8,2,8,8,8,5,6,1,17283
1022,5,11A206,21,40558,3,1,0,01,8,7,10,10,10,10,10,10,10,10,8,10,0,8,8,9,6,9,2,2,1,4,1,8,9,9,10,10,10,5,10,8,8,6,5,1,8641
1022,5,11A206,21,40558,1,1,0,01,10,8,10,10,10,10,10,10,7,9,10,10,5,6,7,7,7,10,3,3,3,0,0,10,10,9,10,9,6,6,9,8,8,7,6,1,43207
1022,5,11A206,21,40558,2,1,0,06,10,10,9,9,10,10,9,10,7,7,6,7,0,6,7,9,10,8,0,0,0,0,0,7,10,10,10,10,10,9,10,10,8,7,7,1,51848
1022,5,11A206,21,40562,4,1,0,01,10,6,10,10,10,8,9,9,10,10,10,9,4,8,7,8,8,6,2,1,2,0,0,9,8,9,8,9,8,6,9,9,6,8,8,1,28327
1022,5,11A206,21,40562,3,1,0,01,8,8,8,7,10,7,8,7,10,9,9,7,6,6,6,8,7,4,1,1,1,0,1,8,7,7,8,7,2,5,7,8,8,8,7,1,7082
1022,5,11A206,21,40562,2,1,0,02,9,8,10,8,9,7,10,9,10,10,10,8,5,8,3,8,6,6,0,0,1,0,0,8,10,9,9,7,3,6,8,9,7,7,7,1,28327
1022,5,11A206,21,40562,1,1,0,01,8,8,9,8,10,8,8,8,10,10,10,8,6,7,6,9,8,5,2,2,1,0,1,9,9,9,8,8,8,5,8,9,7,7,7,1,21245
1022,1,12B212,21,40592,1,1,0,01,9,8,8,8,8,9,8,8,8,7,9,7,7,6,5,5,5,5,3,4,4,4,0,5,6,9,9,9,8,6,5,8,8,7,5,1,25538
1022,1,12B212,21,40592,2,1,0,03,5,7,10,10,10,10,10,10,10,10,0,10,0,7,5,9,9,5,3,5,0,0,0,10,8,9,8,8,6,0,9,9,2,0,0,1,19153
1022,1,12B212,21,40592,3,1,0,01,9,6,9,9,9,9,9,10,9,9,7,9,9,6,5,7,10,10,4,4,2,0,0,10,10,9,9,9,8,5,9,9,8,6,6,1,12769
1022,1,12B212,21,40592,4,1,0,01,9,9,8,8,8,8,8,8,8,8,9,8,8,7,7,6,6,6,2,3,4,4,4,8,8,9,8,9,5,5,5,9,9,3,6,1,6385
1022,1,11B212,21,40599,3,1,0,01,9,9,9,9,9,9,9,8,8,9,8,9,6,5,6,6,7,6,4,4,4,0,0,9,9,8,8,9,5,2,9,9,7,6,7,1,16625
1022,1,11B212,21,40599,4,1,0,01,9,8,7,9,8,9,9,8,9,8,8,8,4,4,4,4,6,6,5,6,5,4,0,7,7,8,9,9,9,1,8,8,8,5,2,1,8313
1022,1,11B212,21,40599,2,1,0,02,10,8,10,10,10,10,10,10,10,10,10,10,0,10,7,10,10,9,0,2,0,0,0,10,10,10,9,9,10,2,9,7,6,7,5,1,16625
1022,1,11B212,21,40599,1,1,0,02,8,9,8,8,8,8,9,10,8,8,10,5,2,8,5,3,5,5,0,4,6,0,5,8,5,6,10,5,0,4,5,8,7,6,6,1,33250
1022,3,12A218,22,40028,2,1,0,01,8,9,9,8,9,8,9,9,9,9,9,9,2,8,9,8,9,8,1,0,1,0,1,9,9,9,9,9,9,9,9,10,9,9,9,1,7959
1022,3,12A218,22,40028,3,1,0,02,9,8,9,8,8,9,8,9,9,9,9,8,1,8,8,8,8,8,1,0,0,1,1,9,9,8,9,9,9,8,9,9,9,9,8,1,15919
1022,3,12A218,22,40028,4,1,0,01,9,9,8,8,9,9,8,10,8,8,8,9,2,8,8,8,8,9,1,1,2,2,1,9,8,8,9,8,9,8,8,9,9,9,8,1,15919
1022,3,12A218,22,40028,1,1,0,01,9,8,8,9,9,9,9,9,7,8,8,9,1,8,9,9,9,10,1,0,0,0,0,8,9,9,8,9,7,8,9,8,8,8,8,1,15919
1022,7,13A204,22,40068,3,1,0,02,9,8,9,9,9,8,9,9,8,9,9,9,5,8,9,8,8,8,1,1,1,1,1,9,8,9,9,8,9,9,9,9,9,8,5,1,25717
1022,3,13A218,22,40097,4,1,0,01,10,10,10,10,10,10,10,10,10,10,10,10,0,9,9,8,9,8,0,1,2,0,0,8,8,9,9,9,9,7,8,9,10,10,10,1,10351
1022,3,13A218,22,40097,3,1,0,01,7,8,8,8,9,8,9,8,9,8,8,8,4,8,9,8,8,9,0,1,2,1,0,8,8,8,9,8,8,7,8,8,8,8,8,1,41402
1022,3,13A218,22,40097,2,1,0,01,8,10,8,7,9,9,10,9,8,10,10,8,5,8,7,7,9,8,1,2,2,1,2,8,9,8,9,9,9,8,9,9,9,10,9,1,20701
1022,3,13A218,22,40097,1,1,0,01,9,7,9,9,9,9,9,10,9,9,8,9,3,8,8,7,8,8,1,1,3,1,0,9,7,9,9,8,10,0,9,9,9,9,7,1,20701
1022,7,11A204,22,40132,2,1,0,01,5,5,6,3,5,2,8,8,10,0,10,2,5,4,3,3,5,5,5,6,6,1,5,5,5,5,8,5,0,3,5,6,8,10,10,1,31766
1022,7,11A204,22,40132,4,1,0,02,8,8,9,9,10,8,10,10,10,9,10,9,3,7,8,7,8,9,2,0,0,0,0,9,8,8,9,8,8,7,9,9,8,8,6,1,21177
1022,7,11A204,22,40132,1,1,0,02,9,8,10,10,10,10,10,10,10,10,10,10,1,10,10,9,10,10,0,0,1,0,0,10,10,9,8,9,9,9,9,10,10,9,8,1,42354
1022,7,11A204,22,40132,3,1,0,02,8,9,9,9,9,9,9,9,10,10,10,10,5,10,10,8,8,8,0,0,1,0,0,10,8,8,8,9,7,8,8,8,7,8,6,1,21177
1022,6,12A205,22,40163,1,1,0,01,8,10,10,9,10,9,10,10,10,8,8,9,8,10,7,9,9,9,0,3,0,0,0,8,10,10,10,8,7,10,8,10,10,10,10,1,16326
1022,6,12A205,22,40163,3,1,0,01,7,8,8,8,10,8,9,8,9,8,7,8,4,5,8,7,7,9,5,1,2,2,1,8,8,8,9,8,7,5,8,8,7,8,7,1,16326
1022,6,12A205,22,40163,4,1,0,01,8,8,8,8,9,8,8,8,8,8,8,8,5,8,8,8,8,8,0,1,2,0,0,8,8,8,8,8,6,5,9,8,6,8,8,1,24489
1022,6,12A205,22,40163,2,1,0,01,8,9,9,8,9,10,9,9,8,9,9,8,4,9,9,9,9,9,0,0,0,0,0,9,8,8,8,9,8,7,8,9,9,8,8,1,16326
1022,2,13B211,22,40288,1,1,0,03,8,7,9,8,10,8,9,8,9,9,8,9,2,8,8,7,9,8,0,1,2,0,0,8,9,8,9,8,7,6,9,8,8,9,8,1,34810
1022,2,13B211,22,40288,2,1,0,03,9,8,9,9,10,8,10,8,9,8,8,9,2,8,8,8,10,9,0,2,2,0,0,9,9,8,9,9,8,7,9,9,8,9,8,1,26107
1022,2,13B211,22,40288,3,1,0,01,9,9,8,7,7,0,1,9,8,4,0,8,6,9,9,6,7,7,0,1,3,0,0,10,7,8,9,8,4,6,8,9,8,6,6,1,17405
1022,8,11A203,22,40316,1,1,0,01,7,6,8,8,10,10,10,10,10,9,10,7,6,7,8,8,9,8,1,2,1,1,0,7,9,7,9,6,9,5,8,9,9,8,6,1,16005
1022,8,11A203,22,40316,3,1,0,02,6,7,7,7,7,8,8,5,6,8,8,9,7,6,5,6,8,6,4,5,3,2,1,6,6,8,8,8,7,5,7,8,8,8,8,1,16005
1022,8,11A203,22,40316,2,1,0,02,0,0,5,5,10,5,0,0,5,0,5,6,5,10,10,10,10,10,0,0,0,0,0,6,3,4,8,5,0,0,8,7,7,7,5,1,16005
1022,8,11A203,22,40316,4,1,0,01,8,8,8,8,8,7,8,8,8,9,10,10,6,8,9,7,8,8,0,0,2,2,0,8,7,8,10,7,10,5,9,10,10,9,8,1,16005
1022,1,12B212,22,40319,4,1,0,02,9,10,10,10,10,10,10,10,10,10,3,10,6,10,10,10,10,10,0,0,0,0,0,10,7,7,10,7,7,10,9,10,10,10,10,1,16366
1022,1,12B212,22,40319,1,1,0,01,7,7,8,8,7,8,8,7,8,5,8,7,8,8,8,7,9,8,1,2,3,0,0,7,6,8,8,7,7,0,7,8,8,5,7,1,24549
1022,1,12B212,22,40319,3,1,0,01,9,8,8,8,10,9,9,9,10,10,9,9,5,5,5,8,7,8,5,5,1,2,2,8,9,9,9,9,8,8,9,8,8,8,10,1,24549
1022,1,12B212,22,40319,2,1,0,01,7,8,8,7,10,8,9,8,10,9,8,8,3,8,8,7,8,8,2,1,2,1,0,8,7,8,8,7,8,3,8,9,8,8,7,1,16366
1022,8,12A203,22,40322,2,1,1,01,8,7,9,9,10,8,9,9,9,8,7,9,3,8,9,8,8,9,1,0,1,1,0,8,7,9,8,8,9,8,9,8,8,9,8,1,7711
1022,8,12A203,22,40322,3,1,0,02,9,9,9,9,9,9,9,9,9,5,7,9,1,8,9,8,8,8,1,1,2,0,0,7,8,9,9,8,6,4,8,8,8,9,7,1,23134
1022,8,12A203,22,40322,1,1,0,01,8,8,9,10,10,9,10,10,10,10,10,10,10,10,10,9,10,10,0,0,1,0,0,8,8,8,8,8,10,10,10,10,10,10,7,1,38557
1022,8,12A203,22,40322,4,1,0,03,10,8,9,10,9,9,10,10,8,10,8,9,3,9,7,6,8,8,1,2,3,2,0,10,10,8,9,9,8,7,8,9,9,7,5,1,30846
1022,5,12A206,22,40360,3,1,0,01,10,10,10,8,10,10,10,10,9,9,10,8,5,7,8,8,9,9,2,2,2,0,0,10,10,10,10,10,10,2,9,9,8,8,7,1,25237
1022,5,12A206,22,40360,2,1,0,01,8,8,5,6,10,8,9,10,10,10,10,10,10,8,8,8,8,8,0,2,2,0,0,5,8,8,10,9,10,8,10,10,8,10,8,1,16824
1022,5,12A206,22,40360,1,1,0,03,10,10,9,9,10,10,10,10,10,8,6,10,4,7,9,7,8,8,2,0,3,0,0,8,8,8,8,8,7,7,9,10,8,8,10,1,33650
1022,5,12A206,22,40360,4,1,0,01,10,5,10,10,10,10,10,10,10,10,10,10,0,10,10,8,8,8,0,0,2,1,2,8,10,10,10,10,8,8,10,10,7,7,7,1,16824
1022,4,13A217,22,40379,1,1,0,01,9,9,9,9,10,8,10,9,10,10,8,9,5,10,7,10,9,10,0,3,0,0,0,8,10,9,8,10,10,7,9,9,8,10,7,1,9846
1022,4,13A217,22,40379,4,1,0,01,10,10,10,10,8,9,9,10,10,10,5,10,8,7,5,7,5,10,2,0,2,0,0,10,10,10,10,5,10,5,10,10,5,0,5,1,9846
1022,4,13A217,22,40379,2,1,0,03,8,8,8,9,8,8,8,8,8,8,8,8,8,8,8,8,8,8,1,1,1,1,1,8,8,8,8,8,8,8,9,8,8,8,8,1,39385
1022,4,11A217,22,40409,4,1,0,01,10,7,10,10,10,10,10,10,10,10,0,10,1,9,7,7,8,10,0,2,3,1,0,10,10,10,9,10,10,6,10,10,8,6,8,1,39801
1022,4,11A217,22,40409,2,1,0,01,8,8,8,8,10,9,10,10,10,10,10,10,8,9,10,8,10,10,0,0,2,0,0,10,10,10,10,9,10,8,10,10,10,10,10,1,53069
1022,4,11A217,22,40409,3,1,0,01,7,9,8,8,8,10,10,10,10,8,8,10,2,8,8,6,8,7,2,2,3,0,0,8,7,8,8,7,5,5,9,10,10,10,10,1,39801
1022,4,11A217,22,40409,1,1,0,01,10,10,10,10,10,10,10,10,10,10,10,10,10,8,8,8,9,8,0,2,2,0,0,8,1,10,10,10,10,10,10,10,10,10,10,1,26534
1022,7,11A204,23,40001,1,1,0,01,7,5,5,4,4,7,7,6,8,9,10,7,7,6,6,6,7,7,2,3,4,2,0,10,5,7,8,6,7,3,9,9,10,10,10,1,13329
1022,7,11A204,23,40001,4,1,0,02,10,8,10,10,9,8,9,10,10,9,10,8,4,6,6,7,7,8,4,4,3,2,0,9,10,10,8,9,8,2,8,9,9,8,7,1,13329
1022,7,11A204,23,40001,3,1,0,01,6,6,10,9,9,6,8,10,8,8,10,9,4,9,6,6,7,7,0,3,4,3,0,7,8,8,7,9,10,0,8,9,9,10,10,1,6665
1022,7,11A204,23,40001,2,1,0,01,6,8,8,6,9,7,9,10,8,8,10,6,6,4,7,6,6,7,5,3,4,4,2,8,3,6,5,6,8,2,8,9,8,7,8,1,13329
1022,3,11A218,23,40061,2,1,0,04,8,5,9,10,10,8,9,10,8,9,8,9,3,7,10,9,10,9,2,0,1,0,0,6,3,8,10,5,10,0,10,0,7,0,2,1,23715
1022,3,11A218,23,40061,1,1,0,02,10,8,9,10,10,9,10,9,8,10,7,9,4,8,9,9,9,7,2,1,1,1,2,10,10,10,9,9,9,9,10,10,7,8,8,1,17786
1022,3,11A218,23,40061,3,1,0,01,8,5,8,9,9,10,9,10,10,8,6,9,3,8,8,7,9,7,1,1,3,0,3,9,8,8,7,9,7,3,9,7,9,5,7,1,5929
1022,3,11A218,23,40061,4,1,0,02,10,10,10,10,7,9,8,8,9,9,0,8,3,5,2,2,6,7,2,5,8,4,3,10,7,8,10,7,10,2,10,10,8,10,7,1,23715
1022,6,13A205,23,40166,4,1,0,01,7,8,8,6,10,10,7,6,9,10,7,8,5,4,5,5,7,5,6,5,5,2,3,7,10,8,6,10,8,3,6,10,10,6,6,1,44404
1022,2,11B211,23,40221,1,1,0,01,8,5,9,10,9,10,10,10,7,10,10,8,5,8,10,7,8,8,1,0,2,1,0,7,8,8,10,8,9,5,10,8,6,9,10,1,29895
1022,2,11B211,23,40221,4,1,0,02,8,6,8,10,10,10,9,9,8,9,10,7,6,7,8,7,7,7,3,2,3,2,0,8,7,8,9,7,7,3,10,10,6,8,10,1,37369
1022,2,11B211,23,40221,3,1,0,02,7,9,10,10,10,8,10,10,10,10,10,9,7,6,5,5,5,6,4,4,4,4,3,8,5,9,7,8,8,5,8,7,8,5,10,1,22421
1022,2,11B211,23,40221,2,1,0,01,7,7,7,9,9,10,9,10,8,10,9,8,6,6,6,6,7,7,3,3,3,3,3,8,8,7,9,7,7,5,9,7,6,7,7,1,14947
1022,6,11A205,23,40227,2,1,0,04,7,6,7,5,9,7,7,7,8,6,10,7,3,4,4,3,3,3,6,6,6,6,7,7,8,7,8,7,6,3,6,8,5,4,2,1,17461
1022,6,11A205,23,40227,3,1,0,03,9,7,6,8,9,8,10,9,7,9,10,9,2,7,8,8,9,9,2,1,2,1,1,10,9,10,10,10,9,8,10,10,9,8,6,1,17461
1022,6,11A205,23,40227,4,1,0,01,8,7,8,10,10,8,8,10,8,8,5,7,5,6,6,6,8,8,3,3,3,1,0,7,7,8,5,10,10,0,10,10,7,7,8,1,4365
1022,2,13B211,23,40256,1,1,0,01,2,2,2,10,8,9,8,10,5,8,5,5,7,5,3,4,5,1,5,6,5,4,8,3,10,5,8,10,8,3,0,2,0,8,8,1,15208
1022,1,12B212,23,40319,4,1,0,04,10,10,8,8,10,8,9,10,10,8,10,9,5,5,7,7,5,8,4,2,2,4,0,10,10,9,10,9,8,8,9,9,8,9,10,1,27240
1022,1,12B212,23,40319,1,1,0,01,10,5,7,10,10,8,10,10,9,10,10,8,7,6,6,5,7,10,4,3,4,3,0,10,9,10,10,9,8,5,9,10,5,4,7,1,6810
1022,1,12B212,23,40319,3,1,0,03,10,9,7,9,9,8,9,9,10,9,6,9,2,5,3,2,2,5,5,7,7,7,4,9,8,9,9,9,10,5,10,10,8,8,8,1,20430
1022,5,12A206,23,40358,2,1,0,01,7,6,9,9,9,9,9,9,9,9,10,9,8,7,8,8,8,7,3,1,2,1,2,8,8,9,8,8,9,6,9,9,7,8,6,1,12144
1022,5,12A206,23,40358,4,1,0,02,8,7,9,10,10,10,10,10,9,10,10,10,8,10,10,10,10,10,0,0,0,0,0,9,10,8,9,10,8,5,10,8,6,5,5,1,12144
1022,5,12A206,23,40358,3,1,0,01,8,8,8,8,9,7,9,8,9,7,10,8,7,8,8,8,7,8,2,2,2,3,2,10,9,8,10,8,8,8,8,10,10,9,8,1,24286
1022,5,12A206,23,40358,1,1,0,01,5,5,3,6,10,8,10,8,8,8,10,10,5,5,6,1,5,10,3,3,8,5,0,5,5,10,0,3,5,0,9,10,10,9,3,1,6071
1022,5,11A206,23,40360,4,1,0,02,6,5,6,6,7,7,7,5,7,5,7,5,5,6,6,6,5,6,3,3,4,5,4,7,5,6,6,5,7,5,8,8,5,6,7,1,89276
1022,5,11A206,23,40360,1,1,0,02,10,10,9,10,8,10,10,9,5,9,10,8,5,7,8,5,10,10,1,1,2,0,0,10,9,9,10,8,10,5,10,9,8,9,8,1,59517
1022,5,11A206,23,40360,3,1,0,02,8,7,10,10,10,10,10,10,8,8,7,8,7,9,9,8,10,8,1,0,1,0,0,7,10,7,8,8,10,5,10,6,6,8,10,1,29759
1022,4,11A217,23,40378,4,1,0,01,9,5,9,7,2,9,10,10,9,10,7,10,4,8,8,6,5,6,1,2,4,4,4,10,10,10,8,8,5,4,4,3,1,1,1,1,5564
1022,4,11A217,23,40378,3,1,1,01,8,6,7,7,6,7,8,9,9,9,9,9,2,7,6,7,5,7,3,3,2,4,3,8,8,7,5,9,5,4,9,7,6,6,7,1,5564
1022,4,11A217,23,40378,2,1,0,02,8,5,8,8,9,9,8,8,8,9,8,9,5,4,6,5,6,8,5,4,5,3,0,8,9,8,8,7,8,3,9,8,8,8,7,1,11128
1022,4,11A217,23,40378,1,1,0,01,7,7,8,8,7,9,7,6,8,9,5,7,3,6,7,7,8,6,3,2,2,1,0,7,8,6,9,8,7,0,8,8,8,0,7,1,16692
1022,1,11B212,23,40385,4,1,0,01,7,3,8,8,9,10,8,10,5,5,10,10,6,10,10,9,10,10,0,0,0,0,0,10,9,10,4,8,8,5,8,10,6,10,7,1,56564
1022,1,11B212,23,40385,2,1,0,02,9,9,10,10,10,10,10,10,9,8,8,10,3,9,9,5,9,9,1,1,5,1,1,10,10,9,10,9,9,2,10,8,10,8,8,1,14141
1022,1,11B212,23,40385,1,1,0,02,8,7,9,9,10,9,9,9,10,10,10,9,8,7,7,7,8,9,2,2,3,0,0,9,10,9,9,9,9,8,9,9,9,8,8,1,14141
1022,1,11B212,23,40385,3,1,0,01,10,8,10,10,10,10,10,10,10,10,10,10,8,10,6,10,10,10,0,4,0,0,0,10,8,8,0,10,10,0,10,10,10,6,10,1,7070
1022,8,11A203,23,40420,3,1,0,01,10,10,10,9,10,10,8,9,10,10,7,8,4,5,5,9,5,10,4,0,0,4,0,7,9,9,6,7,10,0,10,10,10,5,7,1,6975
1022,8,11A203,23,40420,1,1,1,02,0,0,10,10,10,9,10,10,8,10,10,9,7,7,7,7,6,4,2,3,2,4,6,8,6,8,10,7,6,0,10,7,6,3,3,1,13951
1022,8,11A203,23,40420,2,1,0,02,8,6,7,8,10,9,10,10,10,8,10,10,3,7,5,5,7,8,0,5,0,0,2,6,8,9,8,9,10,7,8,8,9,9,10,1,13951
1022,8,11A203,23,40420,4,1,0,01,9,9,9,9,10,10,10,10,9,10,9,8,2,8,8,6,8,8,0,0,2,0,0,10,9,10,9,10,6,7,10,10,10,8,10,1,20926
1022,3,13A218,24,40030,3,1,0,01,10,10,10,5,10,8,9,10,7,9,8,8,3,7,5,3,9,5,0,5,7,0,0,7,9,8,8,8,5,4,9,7,3,7,8,1,18709
1022,3,13A218,24,40030,1,1,1,02,4,6,9,7,8,8,7,8,8,8,6,8,4,7,7,7,7,7,2,2,2,2,2,8,9,9,8,8,8,2,8,8,7,8,7,1,18709
1022,3,13A218,24,40030,2,1,0,02,8,9,8,9,10,10,9,10,9,9,9,7,2,10,10,10,10,10,0,0,0,0,0,8,9,10,10,8,9,2,8,9,8,8,7,1,9355
1022,3,13A218,24,40030,4,1,0,03,10,9,8,8,10,7,10,10,10,5,0,9,0,9,9,7,9,10,0,0,2,1,0,9,10,10,10,8,8,7,9,10,10,6,7,1,37419
1022,3,11A218,24,40059,3,1,0,03,10,10,10,10,10,10,10,10,10,10,10,10,10,10,10,10,10,10,0,0,0,0,0,10,10,10,10,10,10,0,10,10,10,5,5,1,21657
1022,3,11A218,24,40059,2,1,0,02,7,7,8,8,9,9,10,8,9,9,9,8,1,8,8,7,8,6,2,2,1,1,1,2,6,7,7,6,4,2,7,5,6,6,5,1,14438
1022,3,11A218,24,40059,1,1,0,03,8,7,8,8,9,9,9,8,9,8,8,9,5,5,5,8,8,7,4,5,2,1,1,8,9,8,9,8,7,1,8,9,8,3,3,1,36095
1022,3,11A218,24,40059,4,1,0,01,8,8,8,8,10,9,9,9,10,9,4,9,8,8,8,8,8,8,2,2,2,2,2,8,8,8,8,9,9,3,9,9,8,9,9,1,21657
1022,7,11A204,24,40103,1,1,0,02,9,8,10,10,9,9,9,10,9,8,9,10,2,10,9,9,9,9,0,0,1,0,0,9,9,10,9,8,9,6,8,9,8,9,8,1,13864
1022,7,11A204,24,40103,4,1,0,02,9,9,8,8,9,7,8,8,8,9,7,8,4,8,8,7,8,8,2,1,2,2,2,8,8,7,7,6,7,2,7,7,8,2,0,1,13864
1022,7,11A204,24,40103,2,1,0,01,8,8,10,10,9,9,10,8,9,10,7,8,8,9,10,9,10,10,0,0,0,0,0,9,9,9,10,10,6,7,9,9,9,10,10,1,6932
1022,7,11A204,24,40103,3,1,0,01,7,8,9,8,9,9,9,10,9,10,8,9,2,9,9,8,8,9,1,0,0,0,0,8,9,10,9,9,9,4,9,9,7,8,8,1,13864
1022,7,13A204,24,40104,2,1,0,01,8,8,8,8,8,9,9,10,9,10,9,9,4,8,7,8,8,8,0,0,0,1,2,9,8,9,9,9,9,3,8,9,9,8,6,1,19910
1022,7,13A204,24,40104,1,1,0,01,8,8,8,9,9,10,10,8,9,9,2,2,2,9,9,8,8,9,0,0,0,1,1,8,9,8,9,8,8,4,9,9,9,9,2,1,29865
1022,7,13A204,24,40104,4,1,0,01,5,5,7,7,6,6,8,8,7,7,7,8,8,4,6,6,7,7,5,2,2,2,2,8,6,8,8,8,8,3,3,8,8,8,8,1,9955
1022,2,12B211,24,40253,3,1,0,01,7,7,8,10,10,10,10,10,10,10,0,7,8,10,10,10,10,10,0,0,0,0,0,6,7,10,8,8,8,0,8,10,6,8,10,1,5842
1022,2,12B211,24,40253,4,1,0,01,10,10,10,10,10,10,10,10,10,10,8,10,8,8,9,7,7,8,0,0,2,2,0,10,10,9,8,9,9,0,9,10,10,0,0,1,11684
1022,2,12B211,24,40253,2,1,0,03,5,4,9,10,10,10,10,10,10,10,0,5,0,10,10,10,10,10,0,0,0,0,0,5,10,5,8,10,10,10,10,10,10,10,10,1,23368
1022,2,12B211,24,40253,1,1,0,01,9,9,9,8,10,8,10,10,10,10,10,10,8,8,7,7,7,7,2,2,2,2,2,9,9,9,8,9,9,7,9,10,10,10,10,1,5842
1022,6,12A205,24,40262,1,1,0,01,10,10,10,10,10,10,10,10,10,10,10,10,10,8,8,8,7,8,1,1,2,2,2,10,8,9,10,10,10,0,10,10,10,10,10,1,7628
1022,6,12A205,24,40262,2,1,0,01,10,10,10,10,10,10,10,10,10,10,10,10,10,10,10,10,10,10,0,0,0,0,0,10,10,10,10,10,10,5,10,8,7,7,10,1,38142
1022,6,12A205,24,40262,3,1,0,01,10,10,10,10,10,8,10,9,10,10,10,10,10,10,10,10,10,10,0,0,0,0,0,9,10,9,9,8,10,0,8,10,10,8,8,1,22885
1022,6,12A205,24,40262,4,1,0,02,8,8,10,10,10,10,10,10,10,10,0,10,8,10,7,7,8,8,0,2,2,0,2,10,10,10,10,10,10,0,10,10,10,5,5,1,15257
1022,8,12A203,24,40351,3,1,0,02,8,8,9,9,10,10,10,10,10,10,8,10,8,10,10,10,10,10,0,0,0,0,0,10,8,8,8,9,8,7,8,8,8,8,8,1,24555
1022,8,12A203,24,40351,1,1,0,03,9,9,9,9,9,9,9,10,0,10,10,9,9,9,9,9,9,10,0,0,0,0,0,10,10,10,9,10,9,5,9,10,9,4,8,1,24555
1022,8,12A203,24,40351,4,1,1,01,8,8,8,8,10,8,8,10,10,10,7,8,8,10,10,10,10,10,0,0,0,0,0,8,8,10,8,8,8,5,10,8,8,8,8,1,8185
1022,1,12B212,24,40353,2,1,0,02,10,10,10,8,6,10,8,8,8,10,10,8,8,10,5,4,5,10,0,5,5,5,0,6,7,9,9,9,7,5,9,10,10,7,7,1,15003
1022,1,12B212,24,40353,3,1,0,01,9,10,9,9,10,10,10,10,10,10,9,10,2,9,9,9,10,10,1,1,0,0,0,9,10,10,10,9,10,9,9,10,8,10,8,1,15003
1022,1,12B212,24,40353,4,1,0,02,9,9,9,9,10,9,10,10,10,10,9,9,9,7,7,5,7,10,2,2,5,2,0,9,10,9,8,9,9,5,9,9,10,7,7,1,15003
1022,1,12B212,24,40353,1,1,0,01,8,10,9,9,9,10,9,9,9,9,9,9,9,7,7,6,6,7,2,3,4,3,3,8,9,9,9,9,9,6,8,7,8,8,8,1,22503
1022,8,13A203,24,40383,2,1,0,02,8,7,8,8,8,8,8,8,10,9,8,9,0,7,7,6,6,7,2,2,3,3,2,10,8,9,10,10,10,8,10,7,10,7,7,1,20411
1022,8,13A203,24,40383,4,1,0,05,4,7,5,7,8,9,7,10,9,7,2,2,2,8,8,7,7,9,1,1,3,2,0,8,9,6,4,4,7,2,6,9,9,4,5,1,51028
1022,5,12A206,24,40391,3,1,0,01,9,9,8,9,9,9,9,10,9,9,9,9,3,5,10,10,9,9,5,0,0,1,1,9,9,9,9,9,9,4,9,9,9,9,7,1,21632
1022,5,12A206,24,40391,4,1,0,01,10,10,10,10,10,10,10,10,10,10,10,10,2,10,10,10,10,10,0,0,0,0,0,10,10,10,10,10,10,10,10,10,10,10,10,1,7210
1022,5,12A206,24,40391,2,1,0,01,8,8,8,8,8,8,9,10,8,8,9,8,8,4,7,6,7,8,6,2,2,2,2,8,8,8,8,8,8,5,8,9,8,8,8,1,7210
1022,5,12A206,24,40391,1,1,0,02,6,7,8,4,7,5,6,7,7,8,6,5,8,5,10,10,10,10,5,0,0,0,0,7,5,7,10,7,8,0,8,9,7,4,5,1,21632
1022,4,11A217,24,40408,3,1,0,02,7,7,6,7,8,8,7,10,7,8,10,8,4,8,7,7,7,8,2,2,2,0,0,8,6,8,6,7,8,4,7,7,6,4,7,1,17535
1022,4,11A217,24,40408,1,1,0,02,9,9,9,9,9,9,9,10,10,9,6,9,3,8,8,8,8,8,1,0,0,0,0,9,10,10,9,9,9,4,9,10,9,9,7,1,17535
1022,4,11A217,24,40408,2,1,0,01,10,10,10,10,10,10,10,10,10,10,10,10,1,10,10,10,10,10,0,0,0,0,0,10,10,10,10,10,9,4,10,8,6,7,7,1,8767
1022,4,11A217,24,40408,4,1,0,03,9,9,10,9,10,9,9,10,9,9,8,3,10,9,8,8,8,0,0,1,0,1,0,9,10,10,10,8,8,5,9,10,10,10,5,1,26302
1022,4,12A217,24,40412,2,1,0,01,8,6,8,6,10,5,8,10,10,10,10,7,7,9,9,10,10,10,1,1,0,0,0,8,10,7,9,7,8,4,10,9,9,7,6,1,21294
1022,4,12A217,24,40412,1,1,1,01,7,9,8,6,9,8,10,8,9,5,9,8,9,5,5,3,4,4,5,5,6,5,5,10,9,7,9,8,9,5,8,9,9,5,5,1,7098
1022,4,12A217,24,40412,4,1,0,01,9,8,10,10,10,10,10,10,10,10,10,10,10,9,5,7,10,5,0,5,2,0,0,8,10,9,10,8,5,0,10,8,8,10,10,1,14196
1022,4,12A217,24,40412,3,1,0,01,8,8,8,9,9,9,9,10,10,10,10,10,7,8,6,8,7,8,2,3,2,2,2,7,9,8,7,8,5,1,8,8,5,9,10,1,21294
1022,7,12A204,25,40134,3,1,0,02,10,7,9,9,10,9,10,10,9,9,5,9,1,7,7,7,9,8,2,3,3,0,0,10,10,8,9,10,6,7,9,8,9,8,8,1,22994
1022,7,12A204,25,40134,4,1,0,02,10,10,10,10,10,10,10,10,10,10,10,10,1,10,9,9,9,9,0,1,1,1,1,10,9,9,10,10,10,10,10,10,10,9,10,1,15329
1022,7,12A204,25,40134,2,1,0,01,9,9,9,9,10,9,10,10,9,9,6,9,4,9,10,9,10,10,1,0,1,0,0,9,10,8,10,9,9,8,10,10,8,8,7,1,22994
1022,7,12A204,25,40134,1,1,0,04,6,6,7,7,10,10,10,5,0,0,0,5,8,10,6,5,0,5,0,3,5,6,4,7,7,8,4,6,10,0,10,10,0,0,5,1,45988
1022,3,12A218,25,40155,3,1,0,02,9,8,9,9,10,9,9,10,10,9,10,9,3,8,8,8,9,9,1,1,2,1,0,9,9,8,10,9,7,8,9,10,10,9,8,1,15018
1022,3,12A218,25,40155,2,1,0,02,8,8,9,9,10,10,10,10,9,8,6,8,3,7,7,6,8,8,2,2,4,1,1,8,8,8,8,8,6,6,10,10,10,8,8,1,37543
1022,3,12A218,25,40155,1,1,0,01,9,9,9,9,10,8,10,10,10,9,8,9,2,8,8,8,9,9,1,1,2,1,0,9,9,9,9,9,7,7,8,9,9,10,9,1,22526
1022,3,12A218,25,40155,4,1,0,01,8,8,8,9,10,8,9,9,9,9,9,9,1,9,9,7,9,9,1,1,3,0,0,10,10,10,10,10,5,10,10,10,5,9,9,1,22526
1022,2,13B211,25,40189,4,1,0,01,8,8,10,10,10,10,10,9,10,10,10,10,1,10,10,8,10,10,0,0,1,0,0,9,5,10,10,10,10,10,10,9,7,7,7,1,20196
1022,2,13B211,25,40189,2,1,0,01,9,9,10,10,10,10,10,10,10,9,5,10,3,8,8,9,10,8,2,2,0,0,0,10,10,10,10,10,8,8,10,10,10,9,9,1,10098
1022,2,13B211,25,40189,1,1,0,02,9,9,10,10,10,9,10,10,10,9,8,9,2,8,8,6,8,8,2,1,3,1,1,9,9,8,9,9,9,7,9,10,9,8,8,1,20196
1022,6,11A205,25,40197,4,1,0,01,9,9,8,8,10,9,10,10,10,9,9,8,5,7,8,8,8,9,2,1,2,2,1,8,8,8,9,10,6,8,8,9,9,9,9,1,13880
1022,6,11A205,25,40197,2,1,0,01,9,9,9,9,10,9,10,9,9,9,10,9,0,9,9,9,9,9,1,1,1,1,0,9,7,9,8,8,7,7,8,10,10,9,9,1,6940
1022,6,11A205,25,40197,3,1,0,01,9,8,9,9,9,9,10,10,9,9,10,9,3,8,8,6,9,8,2,1,3,0,0,9,9,10,10,9,7,7,9,10,10,9,9,1,6940
1022,6,11A205,25,40197,1,1,0,01,8,9,8,8,10,9,9,9,10,9,10,7,1,8,7,7,9,8,2,2,3,0,0,8,10,9,9,8,5,5,9,7,5,6,7,1,13880
1022,6,13A205,25,40264,4,1,0,01,6,6,8,5,5,5,6,5,5,5,5,8,4,5,5,6,6,6,4,4,4,3,3,8,8,7,7,6,4,3,5,5,5,5,7,1,19620
1022,6,13A205,25,40264,3,1,0,03,8,7,10,8,10,7,10,10,8,10,10,9,2,9,9,6,7,6,1,1,3,2,3,8,10,10,9,9,9,7,10,9,9,9,10,1,29430
1022,6,13A205,25,40264,2,1,0,02,10,10,10,10,9,8,10,9,10,9,10,9,2,9,8,7,9,9,1,1,2,0,0,9,8,8,10,9,7,7,8,10,10,9,9,1,19620
1022,6,13A205,25,40264,1,1,0,01,8,8,8,9,9,9,10,10,9,8,8,9,2,7,7,6,8,9,2,2,3,1,0,8,8,8,9,8,5,7,8,8,7,7,7,1,19620
1022,2,12B211,25,40288,2,1,0,01,6,5,8,10,10,10,10,10,8,10,7,10,3,9,8,6,9,8,1,1,3,0,0,5,8,8,9,10,7,10,8,6,5,8,8,1,15681
1022,2,12B211,25,40288,1,1,0,01,10,10,10,10,10,9,10,10,10,10,10,10,1,9,9,8,9,9,1,1,1,1,0,10,8,8,9,8,10,10,10,10,10,7,7,1,7841
1022,2,12B211,25,40288,3,1,0,03,8,5,9,10,9,8,9,9,8,9,9,7,2,7,7,7,7,6,2,2,3,2,3,8,8,7,8,8,8,8,9,7,7,8,8,1,15681
1022,4,12A217,25,40314,4,1,0,02,9,9,9,9,10,8,10,10,10,9,7,8,4,9,9,9,9,9,1,1,1,1,0,9,10,9,10,9,9,8,10,10,10,9,9,1,12741
1022,4,12A217,25,40314,3,1,0,01,9,9,9,9,9,9,10,9,9,9,9,9,0,8,8,6,9,8,1,2,3,1,1,9,9,8,9,8,7,7,9,10,9,9,8,1,6371
1022,4,12A217,25,40314,1,1,0,01,9,9,9,9,10,9,9,10,10,9,7,10,3,9,9,9,9,9,1,1,1,1,0,9,8,9,9,9,6,7,10,10,10,9,9,1,19112
1022,4,12A217,25,40314,2,1,0,01,10,9,9,9,10,9,10,10,10,9,10,9,0,9,10,9,9,9,1,0,0,0,0,9,10,9,10,9,8,8,10,10,9,9,9,1,12741
1022,1,13B212,25,40320,2,1,0,03,8,6,9,8,9,7,10,10,7,10,10,8,4,7,6,6,9,8,2,3,4,1,1,10,9,9,9,9,8,7,10,10,9,9,9,1,27450
1022,1,13B212,25,40320,4,1,0,02,8,8,8,9,9,9,9,10,9,9,10,9,2,5,7,6,8,8,5,1,2,2,1,9,9,8,9,9,9,7,8,8,8,7,9,1,27450
1022,1,13B212,25,40320,3,1,0,02,9,9,9,9,9,9,9,10,9,9,10,9,3,7,7,7,8,8,2,3,3,1,1,9,9,9,9,8,9,8,9,7,7,8,8,1,18300
1022,1,13B212,25,40320,1,1,0,01,5,5,10,10,10,10,10,10,10,10,4,10,3,9,8,7,9,9,1,2,2,1,1,8,6,9,6,10,8,6,7,9,9,7,7,1,18300
1022,5,11A206,25,40325,2,1,0,03,10,9,9,10,10,10,10,10,10,10,9,10,1,10,10,9,10,10,0,0,1,0,0,9,10,9,9,9,9,9,10,9,9,10,9,1,24659
1022,5,11A206,25,40325,1,1,0,04,8,6,9,9,9,9,9,10,9,9,9,9,1,9,9,6,9,9,1,1,3,1,1,9,9,9,9,9,9,8,10,9,9,9,9,1,32879
1022,5,11A206,25,40325,3,1,0,01,9,9,9,9,10,10,10,10,10,9,8,9,4,7,8,7,8,8,2,2,3,1,2,9,9,9,9,9,8,8,10,10,10,8,8,1,8220
1022,5,11A206,25,40325,4,1,0,01,7,6,5,7,10,6,10,10,10,7,10,10,1,9,9,5,8,8,1,1,4,1,0,8,8,10,10,9,8,7,6,7,10,9,9,1,16439
1022,8,12A203,25,40352,4,1,0,04,8,8,9,7,10,8,9,9,10,8,6,8,3,8,8,9,9,9,1,1,1,0,0,7,10,7,8,8,5,5,7,7,7,7,7,1,38307
1022,8,12A203,25,40352,2,1,0,01,10,9,10,10,10,10,10,10,10,10,8,9,3,8,9,7,10,9,2,1,2,0,0,10,9,9,10,10,8,7,9,10,8,9,8,1,15323
1022,8,12A203,25,40352,3,1,0,01,9,9,9,9,10,9,10,10,10,9,9,9,2,8,8,7,9,9,1,2,3,1,1,9,10,9,10,8,5,7,9,8,8,8,8,1,15323
1022,8,12A203,25,40352,1,1,0,02,9,9,10,10,9,9,10,10,10,9,10,9,0,9,9,6,9,9,1,1,3,1,0,9,8,8,9,9,8,8,9,10,10,10,10,1,22984
1022,1,11B212,25,40354,1,1,0,01,10,8,9,9,9,8,9,9,9,10,9,9,0,8,8,8,8,8,1,2,2,1,0,10,9,9,9,8,10,9,10,8,10,9,8,1,21429
1022,1,11B212,25,40354,4,1,0,02,9,10,9,8,9,9,10,10,10,10,10,9,0,9,8,7,8,9,0,1,3,0,0,9,7,8,8,8,10,8,9,10,10,10,10,1,14286
1022,1,11B212,25,40354,3,1,0,02,8,8,10,10,10,10,10,10,10,10,9,10,1,7,5,5,6,8,2,3,4,3,1,7,10,8,9,10,8,9,8,8,9,10,10,1,14286
1022,1,11B212,25,40354,2,1,0,01,9,9,9,9,10,9,9,10,9,9,8,8,4,7,7,7,9,9,2,2,3,1,0,9,9,8,8,9,9,8,8,8,9,9,8,1,14286
1022,5,12A206,25,40391,2,1,0,01,10,7,10,10,10,10,10,10,10,10,10,10,0,9,9,10,10,10,1,1,0,0,0,7,7,7,10,10,10,10,10,7,7,7,7,1,7092
1022,5,12A206,25,40391,3,1,0,01,7,7,8,8,9,9,9,10,10,10,10,9,2,8,7,6,7,9,1,2,3,2,0,8,8,8,8,8,9,9,10,9,9,9,9,1,14186
1022,5,12A206,25,40391,4,1,0,01,9,10,9,9,9,9,9,9,10,9,8,9,0,8,9,8,8,9,2,1,1,1,1,10,9,9,9,9,9,9,9,9,10,9,9,1,14186
1022,5,12A206,25,40391,1,1,0,01,8,8,8,9,10,7,10,9,10,10,6,8,2,8,8,8,9,8,1,1,1,0,0,7,7,9,9,9,8,9,9,9,9,9,9,1,14186
1022,7,11A204,26,40034,2,1,0,01,10,10,10,9,10,10,10,10,10,10,10,8,0,10,9,10,10,10,0,1,0,0,0,8,10,9,10,10,8,7,9,8,8,7,6,1,13154
1022,7,11A204,26,40034,4,1,0,01,10,10,10,10,10,10,10,10,10,8,6,8,2,10,8,8,10,8,0,1,1,0,0,9,9,8,10,9,7,8,9,8,8,8,8,1,6577
1022,7,13A204,26,40035,4,1,0,01,10,10,10,10,10,10,10,10,10,10,10,10,6,10,10,10,10,10,0,0,0,0,0,10,10,10,10,10,10,8,10,10,10,10,10,1,21091
1022,3,11A218,26,40064,2,1,0,01,8,9,8,10,10,10,9,8,8,7,9,8,2,9,9,9,9,9,1,1,1,0,0,8,8,9,10,9,6,4,9,8,8,7,6,1,16445
1022,3,11A218,26,40064,1,1,0,01,10,10,10,10,10,10,10,10,10,10,10,10,1,9,9,9,10,9,0,0,1,0,0,8,9,8,10,10,8,7,10,8,8,8,8,1,8222
1022,3,11A218,26,40064,3,1,0,02,10,5,10,10,10,10,10,10,10,10,10,10,0,10,10,9,10,10,0,0,1,0,0,5,10,6,10,10,10,5,10,7,8,10,10,1,24667
1022,3,11A218,26,40064,4,1,0,02,8,10,9,10,10,10,10,10,10,10,5,10,3,7,7,3,9,6,0,0,6,1,0,7,8,9,9,9,10,7,10,7,10,8,8,1,16445
1022,3,13A218,26,40129,4,1,0,01,10,10,10,10,10,10,10,10,10,10,10,10,0,10,10,10,10,10,0,0,0,0,0,8,10,8,10,10,9,6,9,9,9,8,8,1,19145
1022,3,13A218,26,40129,2,1,0,02,9,9,10,10,10,10,10,10,10,10,10,10,1,8,8,8,10,9,0,2,1,0,0,10,10,10,10,10,10,7,10,10,9,8,7,1,19145
1022,3,13A218,26,40129,1,1,0,01,7,7,6,10,10,9,9,10,10,5,0,5,7,5,7,7,8,5,5,3,2,0,2,7,7,7,10,7,3,4,9,5,8,0,2,1,19145
1022,3,13A218,26,40129,3,1,0,01,10,10,10,10,10,10,10,10,10,8,10,8,2,10,10,10,10,10,0,0,0,0,0,10,7,8,10,8,10,5,10,10,10,9,8,1,19145
1022,6,12A205,26,40260,3,1,0,01,8,9,9,9,10,9,9,10,9,10,10,9,9,10,10,5,9,10,0,0,5,0,0,8,8,10,10,8,10,0,10,10,9,8,8,1,22002
1022,6,12A205,26,40260,4,1,0,01,10,10,10,10,10,10,10,10,10,10,10,10,3,10,10,10,10,10,0,0,0,0,0,8,10,9,10,10,7,8,10,9,10,9,9,1,11000
1022,2,12B211,26,40287,1,1,0,01,10,7,10,10,10,10,10,10,10,10,10,10,0,10,10,9,10,10,0,0,1,0,0,10,9,10,10,10,9,10,10,10,10,10,10,1,30254
1022,2,12B211,26,40287,3,1,0,02,9,7,10,10,10,10,10,10,10,10,10,10,2,8,8,8,10,8,1,2,1,0,1,10,10,9,10,10,10,8,10,7,10,7,7,1,15127
1022,2,12B211,26,40287,2,1,0,01,9,7,10,10,10,10,10,10,10,10,10,10,0,10,10,10,10,10,0,0,0,0,0,10,9,10,10,8,10,10,10,10,10,8,8,1,22691
1022,2,12B211,26,40287,4,1,0,01,9,9,10,10,10,10,10,10,10,10,5,8,1,9,10,8,10,10,0,0,2,0,0,8,10,8,8,9,10,7,10,7,5,7,7,1,15127
1022,8,12A203,26,40320,3,1,0,01,8,8,10,10,10,10,10,10,10,10,10,10,0,8,10,6,10,8,0,0,3,0,0,7,10,7,7,7,7,5,8,5,7,8,8,1,15901
1022,8,12A203,26,40320,2,1,0,01,8,10,8,10,10,10,10,7,10,10,4,8,8,5,2,5,5,7,5,2,5,5,0,8,8,8,10,10,0,2,5,5,2,10,8,1,15901
1022,8,12A203,26,40320,4,1,0,01,8,8,10,10,10,10,10,10,9,8,5,9,2,10,10,10,10,8,0,0,0,0,0,9,9,8,10,9,8,5,8,9,10,8,7,1,15901
1022,8,12A203,26,40320,1,1,0,02,10,9,9,9,10,10,10,10,10,10,10,10,5,10,8,5,9,9,0,0,5,0,0,9,10,9,9,9,8,8,9,9,9,8,8,1,15901
1022,4,11A217,26,40345,1,1,0,01,10,10,10,10,10,10,10,9,10,8,9,7,0,8,7,7,10,8,1,1,3,0,0,8,10,7,9,9,7,6,8,9,8,7,7,1,21676
1022,4,11A217,26,40345,2,1,0,01,9,7,10,10,10,10,10,10,10,10,10,10,0,9,8,9,10,9,0,1,1,0,0,10,9,9,10,10,7,5,9,10,8,8,8,1,14451
1022,4,11A217,26,40345,3,1,0,01,5,8,4,5,7,5,6,5,9,5,5,5,5,5,3,4,7,3,5,7,5,3,7,7,4,5,6,7,3,5,5,7,5,7,7,1,7225
1022,4,11A217,26,40345,4,1,0,01,8,8,10,10,10,10,10,10,10,10,10,8,0,10,10,9,10,10,0,0,1,0,0,8,9,8,10,10,8,7,9,9,8,8,8,1,14451
1022,1,12B212,26,40386,3,1,0,02,9,10,9,9,10,9,9,9,10,9,2,9,5,7,8,9,9,7,2,1,1,1,0,9,8,8,8,9,9,0,8,9,8,2,0,1,26486
1022,1,12B212,26,40386,4,1,0,01,5,9,5,10,4,9,9,7,2,7,5,0,0,5,2,6,8,8,5,7,4,2,0,5,8,5,7,8,7,3,5,8,8,2,4,1,8829
1022,1,12B212,26,40386,2,1,0,01,9,10,10,10,10,10,10,10,10,10,8,10,1,10,10,8,10,10,0,0,1,0,0,9,8,8,10,10,8,7,10,9,9,9,9,1,8829
1022,1,12B212,26,40386,1,1,0,01,7,7,8,10,10,10,9,7,10,6,10,7,0,6,8,8,10,7,2,0,1,0,0,6,7,8,9,6,8,5,9,6,7,7,5,1,8829
1022,5,12A206,26,40394,2,1,0,01,10,8,10,8,10,10,8,10,10,8,7,10,0,9,8,10,10,9,1,1,0,0,1,8,10,10,10,9,10,8,9,8,8,8,8,1,8197
1022,5,12A206,26,40394,1,1,0,01,9,9,10,10,10,10,10,10,10,10,0,10,0,8,5,4,10,5,0,5,6,0,0,9,9,9,10,10,0,3,10,10,8,10,10,1,16393
1022,5,12A206,26,40394,3,1,0,02,8,10,10,10,10,10,10,10,10,10,5,10,2,9,10,8,9,8,1,0,1,1,1,10,10,8,9,9,9,8,8,9,10,10,10,1,16393
1022,4,12A217,26,40412,3,1,0,03,8,5,10,10,10,10,10,10,10,10,0,10,9,10,10,10,10,9,0,0,0,0,0,6,10,6,10,10,6,0,10,7,0,2,0,1,12583
1022,4,12A217,26,40412,2,1,1,01,5,3,10,10,10,10,10,10,10,8,8,8,2,6,2,5,8,8,3,7,0,0,0,8,8,8,9,8,7,7,8,8,6,8,8,1,6292
1022,4,12A217,26,40412,4,1,0,01,8,6,10,10,10,10,10,10,10,10,3,8,0,7,3,7,10,7,2,6,2,0,0,5,7,8,9,9,3,6,8,7,5,10,10,1,6292
1022,4,12A217,26,40412,1,1,0,02,10,7,10,10,10,10,10,10,10,10,10,10,1,10,10,10,10,10,0,0,0,0,0,10,10,10,10,10,10,10,10,10,10,10,10,1,18875
1022,8,13A203,26,40416,1,1,0,01,8,8,8,10,10,10,10,10,10,8,10,9,5,8,6,7,5,3,2,3,3,4,7,8,8,8,9,8,8,2,8,9,9,8,4,1,19131
1022,8,13A203,26,40416,3,1,0,02,8,8,9,10,10,10,10,9,10,8,7,8,1,8,7,8,10,8,0,2,1,0,0,8,9,8,9,8,6,5,9,10,10,7,6,1,28696
1022,7,12A204,27,40101,1,1,0,02,9,10,10,10,10,9,10,10,10,10,10,10,8,10,10,10,10,10,0,0,0,0,0,9,9,9,10,10,10,10,10,10,10,10,8,1,26267
1022,7,12A204,27,40101,3,1,0,01,10,10,10,10,10,10,10,10,10,10,10,10,0,10,10,10,10,10,0,0,0,0,0,10,8,10,10,10,10,10,10,10,8,10,10,1,17511
1022,7,12A204,27,40101,2,1,0,01,5,3,5,6,8,8,10,10,10,10,8,8,5,5,8,5,8,5,5,2,5,1,2,8,5,8,8,10,10,8,8,8,10,8,8,1,35023
1022,7,12A204,27,40101,4,1,0,02,10,8,10,8,10,7,9,8,10,10,10,10,7,8,7,8,9,8,2,3,2,1,2,7,8,8,8,8,7,2,9,8,9,4,4,1,43779
1022,3,12A218,27,40126,3,1,0,01,10,10,10,10,10,10,10,10,10,10,10,10,8,10,10,10,10,10,0,0,0,0,0,10,10,10,10,10,10,8,10,10,7,7,7,1,17176
1022,3,12A218,27,40126,2,1,0,01,9,8,8,8,10,9,10,10,10,9,10,8,5,10,10,10,10,8,0,0,0,0,2,8,7,8,7,9,5,5,10,5,10,10,7,1,8588
1022,3,12A218,27,40126,1,1,1,01,9,7,10,10,10,10,10,10,10,10,5,10,0,10,10,10,10,10,0,0,0,0,0,8,10,9,10,9,7,5,9,8,7,7,7,1,8588
1022,6,11A205,27,40264,1,1,0,01,8,8,10,10,10,10,10,10,10,10,10,10,5,8,8,5,5,5,2,2,5,5,5,10,9,8,8,8,8,8,8,8,7,8,8,1,8341
1022,6,11A205,27,40264,3,1,0,02,9,9,10,8,10,8,10,10,10,8,10,8,6,9,10,9,6,10,0,0,1,3,0,8,9,10,10,10,8,2,8,10,10,7,8,1,16681
1022,6,11A205,27,40264,4,1,0,01,10,10,10,5,10,10,10,10,10,10,5,10,0,10,5,10,10,10,0,4,0,0,0,10,10,10,10,10,10,10,10,10,10,5,5,1,25022
1022,6,11A205,27,40264,2,1,0,01,10,10,10,10,10,10,10,10,10,10,10,10,2,10,10,10,10,10,0,0,0,0,0,6,10,10,10,10,10,2,10,10,10,10,8,1,16681
1022,2,11B211,27,40291,4,1,0,01,5,7,5,6,7,7,7,7,8,5,9,6,8,7,7,5,7,6,3,3,5,3,4,4,4,6,8,5,7,5,6,8,2,4,6,1,7633
1022,2,11B211,27,40291,1,1,0,07,8,9,10,10,10,8,9,9,10,7,0,5,2,8,9,10,8,7,2,1,0,1,3,7,9,9,10,9,7,5,7,5,5,5,9,1,53431
1022,2,11B211,27,40291,3,1,0,01,10,10,10,10,10,10,10,9,10,9,10,9,5,7,9,7,9,8,3,1,3,1,2,8,8,8,9,8,6,3,7,8,6,8,7,1,7633
1022,2,11B211,27,40291,2,1,0,02,10,10,10,10,5,10,10,10,7,10,10,10,0,10,10,10,10,10,0,0,0,0,0,10,10,8,10,10,10,7,10,10,10,8,9,1,15266
1022,5,11A206,27,40324,1,1,0,02,5,5,6,7,8,7,8,10,7,6,7,7,5,5,5,5,5,5,5,5,5,5,5,8,7,8,8,8,5,4,8,8,5,4,4,1,14350
1022,5,11A206,27,40324,4,1,0,02,10,10,10,8,9,9,9,9,9,8,8,8,5,9,9,9,7,9,1,1,1,3,1,9,9,8,8,7,8,8,9,8,7,8,8,1,28699
1022,5,11A206,27,40324,2,1,0,01,10,10,10,10,8,10,10,10,10,8,8,10,0,10,10,10,10,10,0,0,0,0,0,10,10,8,8,8,10,7,10,7,10,7,7,1,14350
1022,5,13A206,27,40329,4,1,0,01,10,10,10,10,10,10,10,10,10,10,10,10,3,10,10,10,10,10,0,0,0,0,0,10,6,10,10,8,10,0,10,10,8,8,0,1,7785
1022,5,13A206,27,40329,2,1,0,01,5,5,7,5,10,8,7,9,8,7,0,5,5,5,7,5,5,5,5,3,5,5,5,6,10,7,10,7,1,0,9,9,9,1,1,1,15570
1022,5,13A206,27,40329,1,1,0,02,9,8,10,10,8,7,8,10,10,10,8,9,4,9,8,5,6,8,1,1,4,3,2,9,9,8,9,9,5,4,8,8,8,7,6,1,23354
1022,8,13A203,27,40355,1,1,0,04,10,7,8,10,10,10,10,10,10,10,9,8,9,10,10,5,10,10,0,0,5,0,0,8,10,10,10,10,5,10,10,10,5,10,10,1,45325
1022,8,13A203,27,40355,3,1,0,02,10,10,10,10,10,10,10,10,10,10,10,10,8,10,10,10,10,10,0,0,0,0,0,10,10,10,10,7,10,5,10,10,10,10,6,1,9065
1022,8,13A203,27,40355,2,1,1,01,8,4,9,8,10,10,8,9,8,9,3,8,8,8,8,9,8,8,2,1,0,1,0,7,8,8,9,9,8,8,9,8,8,8,8,1,9065
1022,8,13A203,27,40355,4,1,0,01,9,9,9,10,9,10,9,10,10,10,10,10,5,10,10,10,10,10,0,0,0,0,0,8,9,8,7,7,10,10,10,8,10,10,10,1,9065
1022,1,11B212,27,40356,3,1,0,02,8,0,9,10,10,10,10,10,10,9,10,8,9,10,9,9,10,10,0,1,1,0,0,7,8,5,8,8,7,5,10,7,9,7,9,1,18509
1022,1,11B212,27,40356,1,1,0,02,10,10,10,10,10,10,10,10,10,10,8,8,8,10,10,8,9,9,0,0,2,1,1,9,10,8,8,9,10,8,8,10,9,9,8,1,27764
1022,1,11B212,27,40356,2,1,0,03,8,10,5,8,10,10,10,10,8,8,0,10,8,10,8,5,8,8,0,2,5,2,2,8,8,9,8,10,8,5,10,10,8,8,8,1,27764
1022,4,11A217,27,40379,4,1,0,02,10,10,10,10,10,10,10,10,10,10,5,10,3,5,6,5,5,5,5,4,5,5,5,7,10,5,5,8,5,0,9,3,3,3,3,1,33026
1022,4,11A217,27,40379,1,1,0,02,10,10,10,10,10,10,10,10,10,10,10,10,2,10,10,10,10,10,0,0,0,0,0,10,10,10,10,10,10,10,10,10,10,10,10,1,33026
1022,4,11A217,27,40379,2,1,0,01,7,7,7,9,5,7,10,5,7,8,7,9,5,5,7,10,8,10,5,3,0,2,0,7,8,7,7,8,8,4,8,9,8,8,8,1,16513
1022,4,11A217,27,40379,3,1,0,01,10,3,9,9,10,10,10,10,10,10,10,10,2,10,10,5,10,10,0,0,5,0,0,10,10,10,10,8,10,3,10,10,10,5,7,1,16513
1022,1,11B212,27,40420,2,1,0,02,8,5,9,10,10,10,10,10,10,10,10,10,3,10,9,10,10,9,0,1,0,0,1,9,10,10,9,10,10,4,10,10,10,9,9,1,13165
1022,1,11B212,27,40420,3,1,0,02,5,7,5,5,5,5,7,7,7,5,5,5,5,7,5,6,8,5,3,2,4,2,5,5,8,7,8,8,5,5,7,7,8,8,9,1,13165
1022,1,11B212,27,40420,4,1,0,01,3,3,2,3,3,7,2,1,1,7,9,2,9,5,2,2,3,0,5,8,8,7,10,5,0,3,4,0,8,3,3,9,10,10,10,1,13165
1022,7,13A204,28,40005,4,1,0,01,9,8,8,9,9,8,9,7,8,9,9,8,9,10,8,9,7,8,0,0,0,0,0,9,8,8,9,8,9,9,8,9,8,9,8,1,9379
1022,7,13A204,28,40005,1,1,0,02,9,10,9,8,8,9,8,8,8,8,9,9,8,10,10,10,10,10,0,0,0,0,0,8,9,8,9,8,9,7,8,8,7,6,8,1,18759
1022,7,13A204,28,40005,2,1,0,01,10,10,10,10,10,10,10,10,10,10,10,10,10,10,10,10,10,10,0,0,0,0,0,9,9,10,10,10,10,10,10,10,10,10,10,1,18759
1022,7,13A204,28,40005,3,1,0,02,10,10,9,9,9,9,9,9,10,9,9,9,9,10,10,10,10,10,0,0,0,0,0,9,9,9,9,8,9,9,9,9,9,9,9,1,28138
1022,3,11A218,28,40027,4,1,0,01,10,10,10,10,10,10,10,10,10,10,10,10,0,10,10,10,10,10,0,0,0,0,0,9,8,9,9,9,10,4,10,10,8,9,9,1,8462
1022,3,11A218,28,40027,1,1,0,01,9,7,10,10,10,10,10,10,10,10,0,10,0,10,10,10,10,10,0,0,0,0,0,8,9,10,10,10,10,4,7,10,10,9,9,1,8462
1022,3,11A218,28,40027,3,1,0,02,10,10,10,10,10,10,10,10,10,10,5,10,0,10,10,10,10,10,0,0,0,0,0,10,10,10,10,10,7,5,10,10,9,8,8,1,16924
1022,3,11A218,28,40027,2,1,0,01,10,10,10,10,10,10,10,10,10,10,10,10,3,10,10,10,10,10,0,0,0,0,0,10,10,10,10,10,10,7,10,10,10,10,10,1,16924
1022,7,11A204,28,40033,3,1,0,02,8,10,10,10,8,10,10,10,9,10,7,10,2,10,10,9,10,6,0,0,0,0,0,10,10,10,10,10,8,5,10,10,9,10,10,1,13815
1022,7,11A204,28,40033,4,1,0,01,10,7,10,10,10,10,10,10,10,10,10,10,2,10,10,9,10,6,0,0,0,0,0,9,6,9,10,10,10,3,10,8,9,9,9,1,13815
1022,7,11A204,28,40033,2,1,0,01,9,10,10,9,10,9,9,9,10,10,10,10,1,8,10,8,8,8,0,0,2,0,0,10,8,10,10,9,10,6,10,10,9,9,10,1,13815
1022,7,11A204,28,40033,1,1,0,03,10,8,9,10,9,9,9,9,10,9,0,10,3,8,8,9,10,7,0,1,0,0,0,8,9,9,9,9,8,5,9,9,9,9,7,1,34537
1022,3,11A218,28,40061,3,1,0,02,10,8,10,10,10,10,10,10,10,10,10,8,0,5,5,6,7,5,5,5,3,2,3,8,10,10,8,10,10,8,10,10,8,8,10,1,11445
1022,3,11A218,28,40061,2,1,1,01,9,8,10,10,10,10,10,10,10,10,10,10,2,10,10,10,10,10,0,0,0,0,0,8,10,9,10,10,10,7,10,9,9,9,9,1,5722
1022,3,11A218,28,40061,1,1,0,02,8,8,10,10,10,10,10,10,10,10,10,10,1,7,8,9,10,5,2,1,1,0,0,7,8,8,8,8,7,3,8,8,8,8,8,1,11445
1022,6,11A205,28,40158,1,1,0,02,7,8,9,9,9,9,9,10,9,8,7,9,4,8,8,9,9,8,0,2,0,0,0,9,9,9,9,9,10,3,3,9,9,8,8,1,33839
1022,6,11A205,28,40158,4,1,0,01,10,8,10,10,9,10,10,10,10,10,7,10,2,10,10,10,10,10,0,0,0,0,0,8,8,10,10,10,10,4,10,9,8,9,8,1,25379
1022,6,11A205,28,40158,2,1,0,01,9,10,10,10,10,10,10,10,10,10,10,10,10,10,10,10,10,10,0,0,0,0,0,10,10,10,10,10,10,7,10,10,10,8,8,1,16919
1022,2,11B211,28,40180,1,1,0,01,10,8,10,9,10,10,10,10,10,7,2,9,0,10,10,10,10,5,0,0,0,0,0,8,9,10,10,10,7,7,10,9,9,9,9,1,16317
1022,2,11B211,28,40180,4,1,0,01,8,6,8,8,8,8,10,8,8,10,10,9,3,8,9,9,9,5,1,1,1,0,0,8,8,9,9,8,8,5,9,9,9,9,9,1,16317
1022,2,11B211,28,40180,3,1,0,01,10,10,10,10,10,10,10,10,10,10,5,10,0,10,10,10,10,10,0,0,0,0,0,10,10,10,10,10,8,4,10,10,8,8,9,1,16317
1022,6,12A205,28,40221,1,1,0,02,9,9,9,9,9,9,9,9,9,9,9,9,8,8,10,10,10,10,0,0,0,0,0,9,9,9,8,9,8,9,9,8,8,9,8,1,13753
1022,6,12A205,28,40221,3,1,0,01,9,9,9,9,9,9,9,10,9,9,10,9,9,5,5,5,5,5,4,4,4,4,4,9,10,9,9,9,9,9,9,10,9,9,9,1,13753
1022,6,12A205,28,40221,2,1,0,03,9,10,9,10,9,10,9,9,10,9,10,10,10,10,10,10,10,10,0,0,0,0,0,9,9,10,8,9,9,9,10,9,9,9,9,1,27508
1022,2,12B211,28,40243,2,1,0,02,8,8,9,8,9,8,8,8,9,8,9,9,9,10,10,10,10,10,0,0,0,0,0,9,9,8,8,8,7,8,7,8,8,9,8,1,22943
1022,2,12B211,28,40243,4,1,0,01,9,10,9,8,9,8,9,8,9,8,9,9,8,10,10,10,10,10,0,0,0,0,0,9,8,7,8,7,8,8,8,9,8,8,9,1,7648
1022,4,13A217,28,40298,1,1,0,01,10,10,10,10,10,10,10,10,10,10,2,10,0,8,10,9,10,6,2,0,1,0,0,10,10,10,10,10,8,3,10,10,9,9,8,1,7395
1022,4,13A217,28,40298,2,1,0,02,10,8,10,10,10,10,9,10,9,9,7,9,3,10,10,10,10,10,0,0,0,0,0,9,9,10,10,10,8,6,10,10,8,9,9,1,14791
1022,4,13A217,28,40298,4,1,0,01,10,10,10,10,10,10,10,10,10,10,10,10,0,10,10,10,10,10,0,0,0,0,0,10,10,10,10,10,8,6,10,10,10,10,10,1,14791
1022,4,13A217,28,40298,3,1,0,02,10,10,10,10,10,10,10,10,10,10,5,10,2,10,10,10,10,7,0,0,0,0,0,9,10,10,10,10,10,5,10,10,9,9,8,1,14791
1022,5,12A206,28,40312,2,1,0,01,9,7,7,7,6,7,9,10,9,9,9,10,10,10,10,9,10,9,0,0,0,0,0,8,5,9,7,7,8,0,6,10,8,10,10,1,18038
1022,5,12A206,28,40312,1,1,0,02,9,9,9,9,9,9,9,9,9,9,9,9,9,9,10,10,10,10,0,0,0,0,0,9,9,9,9,9,9,9,9,9,9,9,9,1,27056
1022,5,12A206,28,40312,4,1,0,01,9,9,9,9,9,9,8,9,10,9,9,9,10,10,10,10,10,10,0,0,0,0,0,9,8,9,8,9,8,9,8,9,9,9,8,1,9018
1022,5,12A206,28,40312,3,1,0,01,9,10,9,9,10,9,9,8,10,10,10,10,10,10,10,10,10,10,0,0,0,0,0,9,9,10,9,9,9,8,9,9,9,9,8,1,9018
1022,8,12A203,28,40336,3,1,0,01,9,10,9,9,9,10,9,9,10,9,10,9,9,10,10,10,10,10,0,0,0,0,0,9,8,9,8,9,9,9,9,9,9,8,7,1,18533
1022,8,12A203,28,40336,4,1,0,01,9,9,9,10,9,9,9,9,9,10,9,9,8,10,10,10,10,10,0,0,0,0,0,9,9,9,8,9,8,9,8,9,7,8,9,1,27801
1022,8,12A203,28,40336,2,1,0,01,9,10,10,10,10,10,10,10,9,10,9,9,9,8,5,5,10,5,0,0,5,0,5,10,10,10,9,9,9,8,9,9,10,9,10,1,27801
1022,8,12A203,28,40336,1,1,0,01,9,8,9,10,10,9,9,10,9,8,9,10,10,10,5,5,5,5,0,0,0,0,0,8,9,8,10,9,9,8,9,9,9,8,9,1,18533
1022,1,12B212,28,40338,4,1,0,02,7,9,10,10,10,10,10,10,10,10,10,10,10,10,10,10,10,10,0,0,0,0,0,10,9,9,9,9,10,9,9,10,9,9,9,1,15434
1022,1,12B212,28,40338,2,1,0,01,7,6,8,8,10,10,10,10,8,9,7,7,8,5,5,5,10,5,2,5,2,0,0,8,8,8,9,8,5,7,8,8,9,7,7,1,7717
1022,1,12B212,28,40338,1,1,0,01,8,6,8,10,10,10,10,10,10,10,8,10,3,10,10,10,10,10,0,0,0,0,0,9,9,9,10,9,9,9,9,9,9,10,9,1,15434
1022,1,12B212,28,40338,3,1,0,01,9,9,9,10,10,9,10,10,9,10,8,9,9,5,7,9,9,8,5,3,0,0,0,9,9,9,9,9,9,7,9,9,10,9,8,1,7717
1022,4,11A217,28,40389,1,1,0,02,9,10,10,10,10,10,10,10,10,10,9,10,9,10,10,10,10,10,0,0,0,0,0,9,9,9,10,9,9,8,9,8,9,7,9,1,24215
1022,4,11A217,28,40389,2,1,0,02,9,9,9,9,9,8,9,9,9,9,9,8,9,9,9,9,9,9,0,0,0,0,0,9,9,9,8,9,8,9,8,9,9,8,8,1,16143
1022,7,11A204,29,40134,4,1,0,02,10,9,10,10,10,10,10,10,10,10,10,10,5,10,10,8,10,10,0,0,0,0,0,10,10,10,10,10,10,10,10,10,10,10,10,1,26720
1022,7,11A204,29,40134,1,1,0,01,8,8,8,9,9,9,9,9,10,9,5,9,8,9,8,9,8,5,0,2,1,1,0,9,9,9,8,8,6,3,8,8,5,5,6,1,17813
1022,7,11A204,29,40134,3,1,0,02,3,6,8,9,10,10,10,10,8,10,10,10,9,5,5,5,5,5,5,5,5,5,5,8,4,8,5,6,7,5,9,10,5,6,5,1,26720
1022,7,11A204,29,40134,2,1,0,02,10,10,10,10,10,10,10,10,10,10,10,10,5,10,10,10,10,10,0,0,0,0,0,10,10,10,10,10,10,5,10,10,10,6,5,1,17813
1022,3,11A218,29,40161,2,1,0,02,9,10,10,9,9,10,10,10,10,10,10,9,9,7,7,7,8,8,2,2,3,1,2,8,9,9,8,8,4,7,8,10,7,8,8,1,18732
1022,3,11A218,29,40161,4,1,0,03,6,5,10,8,8,10,10,10,10,8,4,8,9,8,10,7,5,8,1,0,2,5,0,10,8,9,5,9,6,3,10,10,8,8,7,1,65563
1022,3,11A218,29,40161,3,1,0,01,8,8,9,8,7,10,9,10,10,9,9,8,7,9,8,9,9,9,1,2,1,0,1,9,8,9,9,8,6,7,10,9,4,8,8,1,37464
1022,6,11A205,29,40195,2,1,0,02,5,5,6,5,9,9,9,0,9,5,10,2,10,6,5,0,0,5,3,0,0,0,0,10,4,5,5,5,5,0,0,5,0,0,0,1,18396
1022,6,11A205,29,40195,4,1,0,01,4,4,7,8,8,8,8,8,8,8,10,8,5,6,8,8,8,8,2,2,2,2,2,8,8,8,8,8,8,7,8,8,8,7,8,1,27594
1022,6,11A205,29,40195,1,1,0,01,8,8,9,5,8,7,10,9,10,10,0,8,0,10,3,10,5,10,0,0,0,0,0,8,5,7,10,5,8,7,10,5,0,0,5,1,27594
1022,8,11A203,29,40318,4,1,0,02,6,8,10,10,10,10,10,10,10,10,10,10,5,6,7,6,8,9,0,1,3,1,1,10,8,9,10,9,8,10,10,10,10,10,10,1,18627
1022,8,11A203,29,40318,1,1,0,01,10,10,9,8,9,9,9,10,8,8,10,9,9,5,6,6,8,7,3,3,3,0,2,8,8,9,9,8,9,5,6,7,10,9,9,1,9313
1022,8,11A203,29,40318,3,1,0,01,2,4,3,5,9,7,10,10,6,7,10,8,6,5,3,5,6,3,0,7,4,4,5,9,8,9,6,7,10,4,10,10,10,10,9,1,27940
1022,1,11B212,29,40350,4,1,0,02,8,8,8,9,7,8,8,9,8,9,9,8,8,5,7,7,6,8,5,3,3,3,0,8,7,7,8,7,4,0,8,7,7,9,8,1,31973
1022,1,11B212,29,40350,1,1,0,02,7,7,9,9,9,10,9,10,9,10,10,9,0,5,3,3,7,8,5,6,7,2,1,9,10,10,10,8,8,7,10,10,10,8,7,1,31973
1022,1,11B212,29,40350,2,1,0,01,8,6,9,9,9,10,10,10,10,10,8,10,8,10,10,10,10,10,0,0,0,0,0,10,7,10,6,8,10,0,8,10,0,0,5,1,21315
1022,1,11B212,29,40350,3,1,0,01,8,8,9,9,10,10,10,10,10,10,9,9,8,8,8,9,9,9,2,1,0,0,0,8,10,9,9,10,9,5,10,10,8,8,8,1,21315
1022,8,11A203,29,40353,3,1,0,02,9,9,10,10,9,10,10,10,10,9,8,9,8,5,5,4,8,10,5,5,5,0,0,10,10,9,9,9,10,9,10,10,10,9,8,1,39662
1022,8,11A203,29,40353,4,1,0,02,8,8,8,8,8,9,9,9,8,8,6,8,7,7,8,6,9,7,3,1,3,0,0,7,9,9,9,9,5,9,9,9,9,8,5,1,23797
1022,8,11A203,29,40353,2,1,0,04,10,10,10,10,10,10,10,10,10,10,10,10,6,10,10,5,5,10,0,0,5,0,0,10,10,10,10,10,10,10,10,10,10,10,10,1,23797
1022,5,11A206,29,40357,3,1,0,01,10,10,10,10,10,10,10,10,10,10,10,10,10,8,7,8,9,10,2,2,1,0,0,10,10,10,9,9,7,5,10,10,9,10,8,1,8408
1022,5,11A206,29,40357,1,1,0,01,8,9,8,9,10,9,10,10,10,10,10,10,9,6,6,7,7,7,3,3,3,3,2,9,8,9,9,10,9,3,9,6,5,2,2,1,25224
1022,5,12A206,29,40392,4,1,0,02,8,8,8,9,8,7,8,9,8,8,8,8,7,8,8,7,8,7,2,2,3,0,2,8,9,8,9,8,6,6,9,9,8,8,8,1,16358
1022,5,12A206,29,40392,3,1,0,02,9,9,9,10,5,8,8,9,10,9,10,9,7,5,5,5,5,6,4,4,5,5,4,8,9,9,8,8,6,6,7,8,8,8,8,1,16358
1022,5,12A206,29,40392,2,1,0,01,0,0,0,0,0,0,0,0,0,0,0,0,0,0,0,0,0,0,0,0,0,0,0,0,0,0,0,0,0,0,0,0,0,0,0,1,8178
1022,2,12B211,29,40408,2,1,0,01,8,8,8,8,8,8,9,9,9,9,8,8,7,10,10,7,10,10,0,0,2,0,0,10,10,9,9,9,9,9,9,10,9,10,10,1,8841
1022,2,12B211,29,40408,4,1,0,02,10,8,5,8,10,9,10,9,9,3,10,7,10,10,10,10,1,5,0,0,0,0,0,10,10,10,10,10,10,10,10,10,10,10,10,1,17683
1022,2,12B211,29,40408,1,1,0,02,9,6,10,10,10,10,10,7,10,10,3,10,9,8,4,4,9,9,0,5,6,0,0,8,8,8,9,9,6,7,10,8,8,9,9,1,17683
1022,2,12B211,29,40408,3,1,0,02,10,10,5,8,0,10,8,10,8,8,10,10,7,10,7,5,5,7,0,2,5,0,2,8,8,8,8,5,0,5,5,3,10,5,2,1,35367
1022,4,11A217,29,40412,4,1,0,01,4,4,0,3,5,2,5,8,5,5,2,2,7,1,2,8,1,3,8,5,0,9,7,4,8,0,8,5,5,2,7,10,3,0,0,1,8139
1022,4,11A217,29,40412,1,1,0,04,9,8,9,9,8,9,9,10,10,9,9,9,8,9,8,8,8,8,1,2,2,2,1,10,10,10,9,9,9,7,9,10,9,7,6,1,32556
1022,4,11A217,29,40412,3,1,0,01,3,3,6,5,5,5,4,3,4,5,3,2,3,5,4,5,3,4,2,3,2,4,3,5,6,3,2,1,3,4,3,2,3,2,1,1,16278
1022,8,11A203,30,40010,2,1,0,01,10,10,10,10,10,10,10,10,10,10,10,10,0,10,10,10,10,10,0,0,0,0,0,10,10,10,10,10,10,3,10,10,10,10,10,1,33390
1022,8,11A203,30,40010,4,1,0,01,10,10,10,10,10,10,10,10,10,10,10,10,0,10,10,10,10,10,0,0,0,0,0,7,9,10,10,10,8,6,10,10,10,10,10,1,13356
1022,8,11A203,30,40010,1,1,0,02,5,5,10,6,6,6,7,5,6,6,6,6,5,6,4,5,5,6,4,5,4,5,4,5,6,7,6,6,5,6,6,6,7,7,8,1,13356
1022,3,11A218,30,41027,3,1,0,01,10,10,10,0,10,10,10,10,10,10,10,10,10,10,9,10,10,10,0,1,0,0,0,10,9,10,10,10,10,3,10,10,10,8,9,1,6537
1022,3,11A218,30,41027,2,1,0,01,7,5,8,9,9,9,10,8,9,10,0,10,9,9,9,7,9,9,1,1,3,1,1,7,7,8,9,8,3,3,10,7,7,7,6,1,19612
1022,3,11A218,30,41027,4,1,0,03,6,6,7,8,7,7,7,7,7,9,8,8,5,7,8,8,8,8,3,2,2,2,2,9,9,8,9,9,9,5,9,9,9,8,7,1,26149
1022,3,11A218,30,41027,1,1,0,02,8,8,9,9,8,9,8,9,9,9,8,9,8,8,8,8,8,8,2,2,2,1,2,8,10,9,8,9,8,9,9,7,8,8,10,1,13075
1022,7,13A204,30,41072,4,1,0,02,9,8,9,9,10,9,9,10,10,8,5,10,0,9,9,9,8,9,1,1,1,0,0,9,9,9,9,10,9,8,9,9,8,8,6,1,17606
1022,7,13A204,30,41072,3,1,0,02,9,9,10,9,9,9,9,10,10,9,9,9,2,10,10,9,9,9,0,0,1,0,1,10,8,10,10,8,9,9,9,10,9,10,10,1,17606
1022,7,13A204,30,41072,2,1,0,03,10,10,10,10,9,9,10,10,10,10,8,10,0,10,10,10,10,10,0,0,0,0,0,9,9,9,9,10,10,9,9,9,9,9,9,1,26410
1022,7,13A204,30,41072,1,1,0,01,9,10,9,10,9,10,10,10,10,10,8,9,0,9,9,10,10,10,1,1,0,0,0,9,9,9,9,10,9,9,9,9,8,9,9,1,17606
1022,3,11A218,30,41098,2,1,0,01,8,6,10,9,10,9,10,10,8,8,10,9,10,10,10,8,8,8,0,0,2,0,0,10,10,10,10,10,9,2,9,0,7,9,7,1,7847
1022,3,11A218,30,41098,3,1,1,01,10,10,9,10,10,10,10,10,10,10,9,10,1,10,10,10,10,9,0,0,0,0,1,10,10,9,9,10,9,9,9,9,9,9,9,1,7847
1022,3,11A218,30,41098,1,1,0,01,8,9,10,8,10,10,10,8,10,10,5,5,10,3,1,5,2,4,6,6,5,0,3,8,10,8,8,5,8,3,10,10,8,8,2,1,15695
1022,3,11A218,30,41098,4,1,0,01,8,8,9,9,9,9,9,10,10,9,8,8,2,9,9,8,8,9,1,1,1,1,1,8,7,7,7,8,9,8,9,8,9,9,9,1,7847
1022,7,11A204,30,41134,3,1,0,02,8,8,8,8,9,8,9,9,9,9,7,8,8,9,9,9,9,9,0,1,1,1,0,8,10,9,9,9,9,9,9,9,9,9,7,1,11377
1022,7,11A204,30,41134,4,1,0,01,9,10,10,10,10,10,10,10,10,10,8,9,0,9,9,10,10,9,1,1,0,0,0,9,8,9,8,10,9,8,9,9,8,9,9,1,11377
1022,7,11A204,30,41134,1,1,0,03,10,10,9,10,10,10,9,9,10,10,8,9,1,9,8,9,9,9,1,2,1,1,1,9,8,9,8,9,8,8,9,9,8,9,9,1,17066
1022,7,11A204,30,41134,2,1,0,01,8,9,9,9,9,9,9,9,10,10,7,8,1,9,9,8,9,8,1,1,1,1,1,9,9,9,8,10,9,8,9,8,9,9,9,1,11377
1022,2,12B211,30,41190,1,1,0,01,8,6,8,9,10,9,9,8,8,10,10,9,8,8,9,9,9,9,1,0,1,0,0,8,7,7,8,8,8,5,9,8,8,6,4,1,6064
1022,2,12B211,30,41190,2,1,0,02,1,1,9,9,9,9,9,8,8,8,10,6,9,6,6,6,6,6,0,2,1,1,1,10,10,10,10,10,10,5,9,9,9,10,9,1,12130
1022,2,12B211,30,41190,3,1,0,02,9,8,9,8,10,10,8,10,10,9,10,10,8,7,5,6,8,9,2,4,4,0,0,8,8,9,8,9,10,8,7,8,9,10,8,1,12130
1022,6,11A205,30,41227,2,1,0,01,10,10,10,10,10,10,10,10,10,10,7,10,1,9,9,9,9,9,0,1,1,0,0,10,9,10,9,9,10,9,9,9,9,9,9,1,4877
1022,6,11A205,30,41227,1,1,0,01,10,9,10,10,10,10,10,10,10,10,5,10,9,10,10,10,10,10,0,0,0,0,0,10,10,10,10,10,10,8,10,10,7,9,8,1,9753
1022,6,11A205,30,41227,3,1,0,03,10,8,10,9,10,10,9,8,10,9,10,10,9,10,9,10,9,8,0,0,0,1,0,10,8,8,8,9,9,10,10,10,1,10,8,1,14630
1022,6,11A205,30,41227,4,1,0,01,9,9,10,9,9,9,10,10,10,8,9,8,2,10,10,8,9,10,0,0,1,0,0,10,8,10,9,8,10,9,9,10,10,10,10,1,4877
1022,6,12A205,30,41261,2,1,0,02,9,10,10,10,9,9,10,10,10,10,8,10,0,9,9,9,10,9,0,1,1,0,0,9,9,9,9,10,9,9,9,10,9,9,9,1,16510
1022,6,12A205,30,41261,4,1,0,01,10,9,9,9,10,10,10,10,9,8,5,8,8,5,5,5,5,5,5,4,5,5,5,8,10,9,9,9,8,7,8,10,10,10,10,1,5504
1022,6,12A205,30,41261,3,1,0,01,8,8,9,8,10,10,8,7,8,9,7,8,8,8,8,8,8,8,2,1,2,1,2,8,7,7,10,8,8,6,8,9,9,10,10,1,11007
1022,2,11B211,30,41288,2,1,0,01,8,8,8,8,10,10,10,8,7,8,10,8,6,8,8,4,5,8,0,0,5,4,0,8,7,8,8,0,8,8,8,7,8,8,8,1,5436
1022,2,11B211,30,41288,4,1,0,01,8,8,10,10,9,10,10,10,10,10,5,10,0,8,8,10,10,8,2,2,0,0,0,9,10,9,10,8,9,10,8,10,8,8,8,1,16308
1022,2,11B211,30,41288,1,1,0,01,8,8,9,9,9,8,9,9,9,9,10,8,2,8,8,8,9,8,2,1,1,1,1,8,8,8,8,8,8,7,8,8,8,8,8,1,5436
1022,2,11B211,30,41288,3,1,0,03,7,5,9,8,10,6,10,7,10,8,8,10,8,10,10,5,10,10,0,0,4,0,0,8,10,9,10,10,9,6,10,10,10,6,6,1,16308
1022,5,12A206,30,41293,1,1,0,01,9,9,9,9,10,9,10,10,10,10,10,10,9,10,10,8,8,9,0,0,1,0,0,9,9,9,9,9,8,8,10,8,9,9,9,1,13940
1022,5,12A206,30,41293,3,1,0,01,9,9,9,6,10,10,8,9,7,0,9,9,8,10,10,9,10,10,0,0,0,0,0,9,10,10,10,10,9,8,9,9,8,8,8,1,6970
1022,5,12A206,30,41293,2,1,0,04,10,10,10,10,9,10,10,10,10,10,9,10,0,10,10,10,10,10,0,0,0,0,0,9,10,10,10,10,10,9,9,10,9,9,9,1,27881
1022,1,11B212,30,41320,4,1,0,01,10,10,10,10,10,8,10,10,10,9,10,10,0,9,9,9,10,9,0,1,1,0,0,9,10,8,9,9,10,8,9,10,8,9,9,1,14648
1022,1,11B212,30,41320,3,1,0,01,1,1,5,1,1,2,1,1,1,1,1,1,10,0,0,0,0,0,10,10,10,10,10,3,5,3,3,7,5,0,0,7,7,7,5,1,14648
1022,1,11B212,30,41320,1,1,0,01,10,10,10,10,10,10,10,10,10,10,10,10,0,10,10,8,10,10,0,0,1,0,0,10,10,10,10,8,9,6,9,9,9,10,6,1,14648
1022,1,11B212,30,41320,2,1,0,01,5,4,9,9,10,10,10,10,10,10,10,10,10,7,7,7,10,5,2,2,2,0,5,10,10,10,10,10,10,10,10,10,10,10,10,1,29297
1022,4,13A217,30,41378,2,1,0,01,10,10,10,9,10,10,10,10,10,10,10,10,2,10,9,9,9,9,0,1,1,0,1,9,10,10,9,9,10,9,9,10,10,10,10,1,7523
1022,4,13A217,30,41378,1,1,0,01,10,10,10,10,10,10,10,10,10,10,8,10,0,10,10,9,10,10,0,0,0,0,0,10,10,10,10,10,10,9,10,10,10,9,10,1,22570
1022,4,11A217,30,41408,3,1,0,01,10,10,10,10,10,10,10,9,10,10,7,10,1,10,10,9,10,9,0,0,1,0,1,10,10,9,9,10,9,9,10,9,9,9,9,1,6199
1022,4,11A217,30,41408,2,1,0,01,10,9,10,10,10,10,10,10,10,10,8,10,0,10,10,10,10,10,0,0,0,0,0,10,10,9,9,10,9,9,10,9,9,10,9,1,6199
1022,4,11A217,30,41408,4,1,0,01,9,9,9,10,10,9,9,9,10,9,8,9,9,10,10,9,9,9,0,0,1,1,0,9,10,8,10,9,8,8,8,9,8,8,9,1,6199
1022,1,12B212,30,41415,1,1,0,02,7,8,8,7,9,8,8,9,9,8,6,8,7,3,3,3,5,5,6,7,7,4,5,9,8,8,7,8,7,6,9,9,9,10,10,1,13261
1022,1,12B212,30,41415,4,1,0,02,8,7,7,9,7,8,9,9,9,10,8,6,4,6,5,8,6,7,3,3,2,3,2,8,9,8,7,9,4,5,8,9,9,8,6,1,19891
1022,1,12B212,30,41415,2,1,0,01,8,8,10,10,10,10,8,10,10,0,0,10,5,10,9,10,8,10,0,1,0,0,0,10,10,7,6,10,10,10,10,10,10,10,10,1,13261
1022,1,12B212,30,41415,3,1,0,01,10,10,10,10,10,10,10,10,10,10,0,10,0,10,10,10,10,10,0,0,0,0,0,10,9,10,10,10,10,10,10,10,10,10,10,1,19891
1022,8,12A203,30,41418,3,1,0,02,10,9,10,10,10,10,10,9,9,10,7,10,1,10,9,9,10,10,0,0,0,0,0,9,9,10,9,9,9,8,10,9,9,8,9,1,28365
1022,8,12A203,30,41418,2,1,0,01,10,9,10,10,10,10,10,10,10,10,8,9,1,9,9,10,10,10,1,1,0,0,0,10,9,10,10,9,10,9,10,10,9,9,9,1,14183
1022,8,12A203,30,41418,1,1,0,01,10,9,10,10,10,10,10,10,9,10,7,9,1,10,9,9,9,10,0,1,1,0,0,9,9,9,9,8,9,9,9,9,9,9,9,1,7091
1022,8,12A203,30,41418,4,1,1,03,9,9,10,10,10,10,10,10,10,10,7,10,0,10,10,10,10,10,0,0,0,0,0,10,10,9,9,10,9,8,9,8,9,9,9,1,21274
1022,3,12A218,31,40060,3,1,0,02,6,1,9,10,10,9,10,10,10,10,9,10,8,7,5,7,6,3,2,5,3,0,1,8,10,8,8,10,8,10,8,10,8,8,6,1,15620
1022,3,12A218,31,40060,4,1,0,02,8,4,10,10,10,10,10,10,10,10,10,10,0,10,10,10,10,10,0,0,0,0,0,10,8,8,8,9,5,6,10,10,9,9,8,1,31239
1022,3,12A218,31,40060,1,1,0,02,7,8,8,9,10,9,9,10,9,9,9,9,8,8,5,7,8,9,2,4,3,2,1,7,8,9,9,8,7,8,9,7,7,9,9,1,15620
1022,7,12A204,31,40130,3,1,0,01,8,6,9,9,8,9,9,9,9,8,8,8,6,10,8,9,8,9,0,1,0,2,0,9,8,8,8,9,8,9,8,8,7,8,8,1,7269
1022,7,12A204,31,40130,4,1,0,01,8,5,10,8,10,10,10,10,9,10,10,10,6,10,10,10,10,10,0,0,0,0,0,9,8,10,10,10,10,8,10,10,10,9,9,1,21807
1022,7,12A204,31,40130,2,1,0,03,7,6,8,9,9,9,9,8,8,9,8,10,5,7,8,8,9,9,0,0,2,1,0,8,9,8,9,8,9,9,8,8,7,7,6,1,21807
1022,6,11A205,31,40167,1,1,0,02,8,6,8,9,9,8,9,9,9,9,10,8,8,4,7,5,5,6,6,0,4,4,3,9,9,9,8,9,7,9,9,9,0,10,9,1,14170
1022,6,11A205,31,40167,4,1,0,01,8,8,9,10,8,8,9,9,9,8,2,8,8,8,6,7,8,9,1,3,2,1,1,8,8,7,10,10,8,10,9,10,10,9,9,1,14170
1022,6,11A205,31,40167,3,1,0,01,7,6,9,10,10,10,9,10,10,10,10,10,7,10,5,10,9,8,0,4,0,0,2,10,8,9,9,10,10,7,10,8,10,10,10,1,14170
1022,6,11A205,31,40167,2,1,0,02,9,9,10,10,9,10,10,9,9,10,10,10,0,10,10,8,9,10,0,0,0,0,0,10,7,10,10,8,8,8,9,10,7,10,10,1,14170
1022,6,13A205,31,40198,1,1,0,01,10,10,10,10,10,10,10,10,10,10,10,10,0,10,10,10,10,10,0,0,0,0,0,10,10,10,10,10,10,10,10,10,10,10,10,1,19382
1022,6,13A205,31,40198,3,1,0,01,6,6,7,9,9,9,9,9,7,9,0,7,6,7,5,4,8,6,2,5,6,0,3,7,9,7,5,8,0,6,7,7,7,9,8,1,29073
1022,6,13A205,31,40198,2,1,0,01,7,5,8,9,10,7,10,9,9,10,9,8,6,8,8,8,8,9,0,0,2,0,0,9,9,9,10,8,8,8,9,8,9,7,7,1,19382
1022,2,11B211,31,40256,2,1,0,01,9,7,9,9,10,9,9,9,10,9,7,9,2,9,9,7,9,9,0,0,2,0,0,9,8,9,9,9,7,9,9,9,8,9,9,1,16143
1022,2,11B211,31,40256,3,1,0,01,7,10,9,9,10,10,10,10,10,10,10,10,2,9,5,10,10,10,1,4,0,0,0,0,8,8,10,9,0,3,8,9,9,10,7,1,16143
1022,2,11B211,31,40256,4,1,0,03,10,9,10,10,10,9,10,9,10,10,8,10,8,7,8,7,7,8,2,2,2,2,2,10,10,10,9,9,8,7,9,9,9,8,8,1,32286
1022,2,11B211,31,40289,2,1,0,04,6,8,6,6,10,10,10,7,10,10,10,10,0,7,5,7,7,7,0,4,0,0,0,10,10,7,10,6,10,6,10,10,10,10,6,1,39471
1022,2,11B211,31,40289,4,1,0,02,9,9,10,10,10,10,10,10,10,10,5,10,0,8,8,8,8,8,2,2,2,2,2,8,9,9,9,9,10,10,10,10,10,8,8,1,23683
1022,2,11B211,31,40289,1,1,0,01,8,8,8,8,10,10,9,8,10,8,5,8,5,8,9,8,8,8,2,1,1,2,0,8,8,8,8,8,7,7,8,8,7,7,7,1,15788
1022,5,11A206,31,40295,4,1,0,02,7,5,9,10,10,9,10,10,9,10,8,10,9,6,6,8,9,9,3,1,1,0,0,10,9,9,9,10,9,6,9,9,7,7,6,1,22951
1022,5,11A206,31,40295,3,1,0,02,10,9,10,10,10,10,10,10,10,10,10,10,0,9,8,8,9,9,1,2,2,0,0,9,9,9,9,9,9,5,9,5,5,5,5,1,22951
1022,5,11A206,31,40295,1,1,0,01,10,10,10,10,10,10,10,10,10,10,10,10,0,10,8,8,10,10,0,0,2,0,0,10,10,10,10,10,7,10,10,10,10,10,6,1,15301
1022,5,11A206,31,40295,2,1,0,01,10,9,10,10,10,10,10,9,10,10,8,10,5,9,9,8,10,10,1,1,2,0,0,8,10,9,10,10,9,7,10,10,10,9,9,1,22951
1022,5,13A206,31,40357,2,1,1,01,9,10,9,8,10,8,7,10,10,5,8,4,9,9,6,8,10,6,1,4,2,0,1,5,8,5,8,8,3,9,8,7,10,10,10,1,20499
1022,5,13A206,31,40357,3,1,0,02,6,7,7,8,9,8,8,8,7,8,0,8,7,5,4,5,5,4,4,6,5,4,6,5,6,7,7,8,3,3,6,6,7,8,8,1,20499
1022,4,12A217,31,40377,4,1,0,01,10,10,10,10,10,10,10,10,10,10,10,10,0,10,10,7,10,10,0,0,2,0,0,10,10,10,10,8,10,9,10,10,10,8,8,1,7655
1022,4,12A217,31,40377,2,1,0,01,8,5,9,10,7,8,7,8,8,7,8,10,7,10,10,10,10,10,0,0,0,0,0,10,8,10,10,10,10,10,10,7,10,10,10,1,22966
1022,4,12A217,31,40377,3,1,0,04,6,4,6,9,10,8,6,7,9,8,5,7,7,8,6,6,6,6,2,4,3,3,2,5,7,6,7,5,4,6,4,5,6,8,7,1,38277
1022,8,12A203,31,40383,2,1,0,01,7,7,7,10,10,8,9,9,8,9,10,9,6,6,6,6,5,6,3,4,3,4,3,8,8,8,10,4,8,8,10,10,5,9,10,1,12856
1022,8,12A203,31,40383,4,1,0,01,8,8,10,6,10,8,10,10,8,10,10,10,7,9,6,7,6,5,0,4,3,3,5,8,8,9,9,6,9,5,9,9,8,9,7,1,12856
1022,8,12A203,31,40383,3,1,0,01,8,8,8,10,10,8,9,10,10,8,8,8,7,8,8,8,9,8,2,2,0,0,0,8,9,8,9,8,8,10,10,10,9,9,9,1,12856
1022,1,13B212,31,40384,1,1,0,01,8,9,9,9,9,9,9,10,9,9,9,9,8,6,6,6,7,8,4,3,4,3,2,10,9,9,9,9,9,8,9,10,9,9,9,1,29837
1022,1,13B212,31,40384,2,1,0,01,8,9,10,9,10,10,10,9,10,9,10,10,5,8,10,9,9,9,2,0,1,0,0,9,9,9,9,9,10,4,10,10,9,9,9,1,9946
1022,1,13B212,31,40384,4,1,0,01,8,9,10,10,10,10,10,10,10,10,10,10,0,8,6,8,6,4,2,4,2,0,2,10,8,10,10,10,10,10,10,10,10,10,10,1,9946
1022,1,13B212,31,40384,3,1,0,02,9,0,9,5,8,10,10,9,5,10,9,9,0,0,5,6,4,6,2,5,4,6,0,10,9,0,8,3,0,7,3,6,9,10,10,1,29837
1022,1,11B212,31,40386,4,1,0,01,5,5,10,10,10,10,10,10,10,10,10,10,5,10,8,6,10,10,0,2,4,0,0,5,10,8,10,10,10,10,10,10,10,10,4,1,18381
1022,1,11B212,31,40386,2,1,0,01,8,7,10,10,10,10,10,10,10,10,1,10,8,5,5,9,10,9,5,4,1,0,1,8,10,10,10,10,10,7,9,9,10,10,10,1,9190
1022,1,11B212,31,40386,3,1,0,01,7,9,7,9,10,9,10,10,10,8,9,8,8,3,3,4,7,6,7,6,6,3,4,7,9,9,7,9,3,7,7,9,8,9,2,1,36762
1022,1,11B212,31,40386,1,1,0,03,7,7,7,9,9,9,9,9,10,9,0,8,9,6,6,6,8,8,3,3,3,0,0,7,5,6,9,8,1,0,8,6,9,6,0,1,27571
1022,3,12A218,32,40059,4,1,0,05,10,10,10,10,10,10,10,10,10,10,8,10,0,10,10,10,10,10,0,0,0,0,0,10,10,10,10,10,10,6,10,10,10,8,8,1,34862
1022,3,12A218,32,40059,3,1,0,01,8,8,9,9,10,7,8,9,10,10,8,8,3,8,8,6,7,8,1,1,4,1,1,8,9,8,8,9,4,0,9,9,9,0,1,1,6972
1022,3,12A218,32,40059,1,1,0,03,9,7,8,10,10,10,10,10,8,10,7,10,5,2,2,4,2,3,7,7,6,7,7,10,10,10,10,10,10,2,10,10,10,9,8,1,20918
1022,7,11A204,32,40102,2,1,0,02,10,10,10,5,10,7,9,10,9,10,6,7,8,8,8,8,8,8,2,2,2,1,1,10,10,10,10,8,8,0,10,10,8,0,3,1,28381
1022,7,11A204,32,40102,4,1,0,02,10,10,10,10,10,10,10,10,10,10,10,10,0,10,10,9,10,10,0,0,1,0,0,10,8,10,10,8,10,5,10,10,7,8,8,1,47301
1022,7,11A204,32,40102,1,1,0,03,10,10,10,10,10,10,10,10,10,10,10,10,10,10,10,10,9,10,0,0,0,0,0,6,8,10,10,10,8,8,10,10,10,8,8,1,28381
1022,7,13A204,32,40132,1,1,0,03,8,8,10,8,8,8,10,10,10,10,10,10,2,10,9,10,10,10,0,1,0,0,0,8,8,8,8,8,8,8,8,8,8,8,8,1,23028
1022,7,13A204,32,40132,2,1,0,01,9,9,9,10,10,9,9,10,8,5,5,8,2,7,8,8,9,7,0,0,0,0,0,8,9,8,9,9,7,6,10,10,8,8,8,1,15352
1022,7,13A204,32,40132,3,1,0,02,10,9,10,10,9,10,9,9,9,9,5,10,5,9,9,9,9,7,1,1,1,0,0,9,9,9,9,10,5,0,10,9,10,7,7,1,15352
1022,7,13A204,32,40132,4,1,0,01,7,7,7,7,8,8,8,9,9,8,10,8,4,7,8,6,8,8,2,2,4,2,2,7,8,8,9,9,8,8,8,10,10,10,9,1,7676
1022,2,13B211,32,40226,2,1,0,02,10,10,10,10,10,10,10,10,9,10,7,10,3,9,9,8,8,9,1,1,0,0,0,9,10,10,9,10,10,4,10,10,9,7,6,1,21619
1022,2,13B211,32,40226,4,1,0,02,5,5,10,10,10,10,10,10,10,10,5,10,10,0,2,2,5,0,5,7,7,5,10,10,0,5,10,10,10,0,5,10,10,10,10,1,43238
1022,6,12A205,32,40228,3,1,0,02,10,10,9,9,10,10,10,10,10,10,6,9,8,8,6,7,8,8,2,3,2,1,0,7,10,8,8,8,6,0,9,7,6,7,7,1,13250
1022,6,12A205,32,40228,2,1,0,01,10,10,10,10,10,10,10,10,10,10,10,10,0,5,10,7,7,5,5,0,2,2,5,0,10,10,0,0,10,0,10,10,10,0,0,1,26500
1022,6,12A205,32,40228,4,1,0,01,10,8,10,10,10,10,10,10,10,10,8,10,9,8,5,5,5,5,1,5,5,4,5,9,9,9,9,9,9,8,9,8,7,6,9,1,13250
1022,5,12A206,32,40325,1,1,0,02,8,5,9,9,10,9,10,10,10,10,8,9,0,8,7,9,10,9,0,0,1,0,0,8,8,10,9,9,10,2,9,9,8,5,2,1,14641
1022,5,12A206,32,40325,2,1,0,02,7,5,8,8,9,9,8,8,7,9,9,8,7,5,6,6,6,5,4,3,3,3,4,7,8,8,7,9,7,5,7,7,8,8,6,1,14641
1022,5,12A206,32,40325,3,1,0,02,10,10,10,10,10,10,10,10,10,10,8,10,0,9,10,9,10,10,1,0,1,0,0,9,10,10,10,10,10,9,10,8,7,10,10,1,29283
1022,5,12A206,32,40325,4,1,0,02,8,6,8,8,10,8,8,8,8,9,10,8,8,6,8,8,8,7,3,2,0,0,0,8,5,8,8,7,7,2,10,10,7,2,2,1,14641
1022,4,13A217,32,40349,2,1,0,02,8,6,9,5,10,8,8,9,7,7,9,7,8,8,7,5,9,5,0,3,5,0,5,8,6,8,8,9,5,2,8,9,7,4,2,1,32014
1022,4,13A217,32,40349,4,1,0,02,9,8,8,6,7,9,8,10,8,7,10,9,8,10,10,10,7,10,0,0,0,3,0,10,10,9,8,8,10,6,10,10,10,9,8,1,64028
1022,8,12A203,32,40352,1,1,0,02,8,9,9,9,10,10,10,10,10,10,10,10,8,7,7,5,8,9,2,3,4,0,0,10,10,8,10,9,5,5,9,8,10,10,9,1,14659
1022,8,12A203,32,40352,4,1,0,02,10,10,10,10,10,10,10,10,10,10,0,10,0,9,10,10,9,8,1,0,0,1,0,10,10,10,5,10,10,5,10,10,10,10,5,1,29318
1022,8,12A203,32,40352,3,1,0,02,7,6,8,8,10,9,8,8,10,10,6,8,3,6,4,5,5,6,4,5,5,4,2,7,8,7,6,7,5,3,8,8,7,7,6,1,14659
1022,8,12A203,32,40352,2,1,0,01,10,10,10,10,10,10,10,10,10,10,9,10,2,10,9,9,10,10,0,1,1,0,0,10,9,10,10,10,9,8,10,9,9,9,10,1,14659
1022,1,12B212,32,40385,3,1,0,01,9,9,10,10,10,10,10,10,10,10,7,10,0,10,10,6,10,10,0,0,4,0,0,10,10,10,9,9,10,6,10,10,7,7,8,1,16340
1022,1,12B212,32,40385,2,1,0,01,10,10,10,10,10,10,10,10,10,10,10,10,0,5,6,10,10,5,5,3,0,0,5,10,10,10,10,10,10,5,10,10,10,5,5,1,16340
1022,1,12B212,32,40385,1,1,0,01,7,9,10,10,10,10,10,10,10,10,5,10,0,7,7,7,7,8,2,3,3,2,2,8,9,9,10,10,5,5,8,10,10,10,10,1,8169
1022,1,12B212,32,40385,4,1,0,02,6,8,5,6,10,10,10,10,10,10,10,10,8,5,3,3,3,3,4,7,7,7,7,8,7,8,8,8,5,5,5,8,7,5,5,1,16340
1022,4,11A217,32,40413,2,1,0,01,10,10,10,10,8,10,10,10,8,10,5,10,0,10,10,10,8,10,0,0,0,0,0,10,10,10,10,10,10,5,10,10,8,3,3,1,12107
1022,4,11A217,32,40413,3,1,0,01,10,10,10,10,10,10,10,10,10,10,5,10,10,10,10,5,5,10,0,0,5,0,0,10,10,6,10,8,5,0,10,0,10,10,10,1,24215
1022,4,11A217,32,40413,4,1,0,02,0,3,10,10,10,10,10,0,10,10,10,10,10,0,0,0,0,0,10,10,10,10,10,0,0,10,0,10,10,0,10,0,10,0,0,1,6054
1022,4,11A217,32,40413,1,1,0,02,10,10,10,8,10,9,10,10,10,10,10,10,8,10,10,10,10,10,0,0,0,0,0,10,10,10,10,10,10,8,8,10,8,10,8,1,12107
