R_DEF_MOD,PER,N_ENT,FOL,ENT,CON,V_SEL,N_HOG,H_MUD,N_REN,NOM,C_RES,PAR,SEX,EDA,F_NAC,ALF,I_NIV,I_ANIO,A_ESC,E_CON,C_ACT,OCU,A_ECO,POS,I_PER,ING,TIPO,ELEGIDO,FACTOR,FAC_MOD
00,1023,7,11A218,01,40029,4,1,0,02,-,1,2,1,39,06/07/1984,1,03,3,2,5,01,7,2,3,1,002200,1, ,7768,0
00,1023,7,11A218,01,40029,2,1,0,04,-,1,3,1,42,04/07/1981,1,03,3,2,4,01,4,4,2,1,001200,1,1,7768,31290
00,1023,7,11A218,01,40029,3,1,0,02,-,1,3,1,31,15/07/1992,1,03,2,2,6,01,7,2,3,1,002000,1, ,7768,0
00,1023,7,11A218,01,40029,2,1,0,05,-,1,5,2,17,27/12/2005,1,04,2,1,6,06, , , , , ,1, ,7768,0
00,1023,7,11A218,01,40029,2,1,0,02,-,1,2,1,58,19/03/1965,1,02,3,2,1,01,5,5,3,2,002500,1, ,7768,0
00,1023,7,11A218,01,40029,1,1,0,05,-,1,3,1,02,20/12/2020, , , , , , , , , , , ,1, ,7768,0
00,1023,7,11A218,01,40029,1,1,0,03,-,1,3,1,12,11/03/2011,1,02,5,1,6,06, , , , , ,1, ,7768,0
00,1023,7,11A218,01,40029,3,1,0,01,-,1,1,1,63,29/05/1960,1,02,2,2,4,08, , , , , ,1,1,7768,23467
00,1023,7,11A218,01,40029,4,1,0,03,-,1,3,1,16,05/01/2007,1,03,2,1,6,06, , , , , ,1, ,7768,0
00,1023,7,11A218,01,40029,1,1,0,02,-,1,3,2,20,02/08/2003,1,07,1,2,6,01,4,4,3,1,001200,1, ,7768,0
00,1023,7,11A218,01,40029,4,1,0,04,-,1,3,1,20,01/01/2003,1,03,3,2,6,01,7,2,3,1,001800,1, ,7768,0
00,1023,7,11A218,01,40029,1,1,0,01,-,1,1,2,40,08/02/1983,1,03,3,2,2,07, , , , , ,1,1,7768,15645
00,1023,7,11A218,01,40029,4,1,0,01,-,1,1,2,35,12/04/1988,1,03,3,2,5,07, , , , , ,1,1,7768,23467
00,1023,7,11A218,01,40029,2,1,0,06,-,1,5,2,14,14/12/2008,1,03,2,1,6,06, , , , , ,1, ,7768,0
00,1023,7,11A218,01,40029,2,1,0,07,-,1,5,1,12,29/08/2011,1,02,5,1,6,06, , , , , ,1, ,7768,0
00,1023,7,11A218,01,40029,1,1,0,04,-,1,3,1,08,31/07/2015,1,02,1,1, , , , , , , ,1, ,7768,0
00,1023,7,11A218,01,40029,2,1,0,01,-,1,1,2,60,18/12/1962,1,02,6,2,1,07, , , , , ,1, ,7768,0
00,1023,7,11A218,01,40029,2,1,0,03,-,1,3,2,33,14/08/1990,1,02,6,2,5,01,4,4,2,1,000300,1, ,7768,0
00,1023,7,11A218,01,40029,3,1,0,03,-,1,3,1,30,10/12/1992,1,03,2,2,6,01,7,2,3,1,002200,1, ,7768,0
00,1023,7,12A218,01,40095,3,1,0,01,-,1,1,1,66,19/01/1957,1,07,5,2,5,08, , , , , ,1,1,7363,22374
00,1023,7,12A218,01,40095,4,1,0,01,-,1,1,2,41,30/07/1982,1,06,3,2,5,07, , , , , ,1,1,7363,7458
00,1023,7,12A218,01,40095,2,1,0,03,-,1,3,1,25,12/05/1998,1,07,1,2,6,01,5,5,3,2,005000,1, ,7363,0
00,1023,7,12A218,01,40095,2,1,0,01,-,1,1,1,66,19/01/1957,1,07,5,2,5,08, , , , , ,1, ,7363,0
00,1023,7,12A218,01,40095,3,1,0,02,-,1,2,2,69,07/05/1954,1,03,3,2,5,07, , , , , ,1, ,7363,0
00,1023,7,12A218,01,40095,1,1,0,01,-,1,1,2,73,25/01/1950,1,02,6,2,4,07, , , , , ,1,1,7363,7458
00,1023,7,12A218,01,40095,4,1,0,02,-,1,3,1,15,08/09/2008,1,03,2,1,6,06, , , , , ,1, ,7363,0
00,1023,7,12A218,01,40095,3,1,0,03,-,1,3,1,31,04/08/1992,1,07,1,2,6,01,5,5,3,2,005500,1, ,7363,0
00,1023,7,12A218,01,40095,2,1,0,02,-,1,2,2,57,19/07/1966,1,07,5,2,5,01,5,5,3,2,004000,1,1,7363,22374
00,1023,3,12A224,01,40152,1,1,0,06,-,1,3,2,20,04/11/2002,1,02,6,2,1,07, , , , , ,1, ,6009,0
00,1023,3,12A224,01,40152,4,1,0,04,-,1,3,2,15,23/04/2008,1,03,3,1,6,06, , , , , ,1, ,6009,0
00,1023,3,12A224,01,40152,1,1,0,03,-,1,3,2,32,18/12/1990,1,04,3,2,5,01,4,4,2,1,002000,1, ,6009,0
00,1023,3,12A224,01,40152,4,1,0,07,-,1,3,2,02,27/08/2021, , , , , , , , , , , ,1, ,6009,0
00,1023,3,12A224,01,40152,1,1,0,04,-,1,3,1,29,20/04/1994,1,04,3,2,6,01,7,4,3,1,001500,1,1,6009,42605
00,1023,3,12A224,01,40152,2,1,0,02,-,1,3,1,14,15/07/2009,1,03,2,1,6,06, , , , , ,1, ,6009,0
00,1023,3,12A224,01,40152,1,1,0,14,-,1,5,2,03,31/01/2020, , , , , , , , , , , ,1, ,6009,0
00,1023,3,12A224,01,40152,1,1,0,13,-,1,5,1,08,04/08/2015,2,00, ,1, , , , , , , ,1, ,6009,0
00,1023,3,12A224,01,40152,1,1,0,10,-,1,5,1,12,24/03/2011,1,02,6,1,6,06, , , , , ,1, ,6009,0
00,1023,3,12A224,01,40152,1,1,0,09,-,1,5,1,12,24/03/2011,1,02,6,1,6,06, , , , , ,1, ,6009,0
00,1023,3,12A224,01,40152,4,1,0,06,-,1,3,2,06,07/06/2017,1,01,3,1, , , , , , , ,1, ,6009,0
00,1023,3,12A224,01,40152,4,1,0,03,-,1,3,1,19,29/12/2003,1,04,3,1,6,01,7,3,3,1,001800,1,1,6009,18259
00,1023,3,12A224,01,40152,4,1,0,02,-,1,2,2,39,15/03/1984,1,03,3,2,5,07, , , , , ,1, ,6009,0
00,1023,3,12A224,01,40152,4,1,0,01,-,1,1,1,29,11/11/1993,1,04,3,2,5,01,7,3,3,1,002500,1, ,6009,0
00,1023,3,12A224,01,40152,1,1,0,05,-,1,3,2,22,19/12/2000,1,03,3,2,1,07, , , , , ,1, ,6009,0
00,1023,3,12A224,01,40152,3,1,0,02,-,1,2,2,55,29/12/1967,1,03,3,2,5,07, , , , , ,1, ,6009,0
00,1023,3,12A224,01,40152,1,1,0,16,-,1,5,1,04,01/06/2019, , , , , , , , , , , ,1, ,6009,0
00,1023,3,12A224,01,40152,2,1,0,01,-,1,1,2,33,04/07/1990,1,03,3,2,3,01,5,5,3,2,002000,1,1,6009,6086
00,1023,3,12A224,01,40152,2,1,0,03,-,1,3,1,08,20/10/2014,1,02,3,1, , , , , , , ,1, ,6009,0
00,1023,3,12A224,01,40152,3,1,0,01,-,1,1,1,57,27/12/1965,1,04,3,2,5,01,4,4,2,1,002300,1,1,6009,12173
00,1023,3,12A224,01,40152,1,1,0,02,-,1,2,1,55,12/04/1968,1,02,6,2,5,01,7,2,3,1,002200,1, ,6009,0
00,1023,3,12A224,01,40152,1,1,0,12,-,1,5,1,05,12/04/2018,2,01,3,1, , , , , , , ,1, ,6009,0
00,1023,3,12A224,01,40152,1,1,0,11,-,1,5,1,10,08/01/2013,1,02,6,1, , , , , , , ,1, ,6009,0
00,1023,3,12A224,01,40152,1,1,0,15,-,1,5,2,01,11/12/2021, , , , , , , , , , , ,1, ,6009,0
00,1023,3,12A224,01,40152,1,1,0,01,-,1,1,2,51,11/12/1971,1,02,6,2,5,01,7,4,3,1,001500,1, ,6009,0
00,1023,3,12A224,01,40152,4,1,0,05,-,1,3,2,08,03/11/2014,1,02,3,1, , , , , , , ,1, ,6009,0
00,1023,3,12A224,01,40152,1,1,0,07,-,1,5,1,22,16/11/2000,1,03,3,2,1,01,4,4,3,1,002000,1, ,6009,0
00,1023,3,12A224,01,40152,1,1,0,08,-,1,3,2,11,02/10/2012,1,02,5,1, , , , , , , ,1, ,6009,0
00,1023,6,12B211,01,40188,2,1,0,02,-,1,2,2,31,20/06/1992,1,04,1,2,1,07, , , , , ,1, ,6744,0
00,1023,6,12B211,01,40188,4,1,0,03,-,1,3,2,14,15/09/2009,1,03,1,1,6,06, , , , , ,1, ,6744,0
00,1023,6,12B211,01,40188,1,1,0,02,-,1,2,2,33,01/03/1990,1,07,1,2,5,07, , , , , ,1, ,6744,0
00,1023,6,12B211,01,40188,3,1,0,03,-,1,5,2,09,05/03/2014,1,02,2,1, , , , , , , ,1, ,6744,0
00,1023,6,12B211,01,40188,1,1,0,01,-,1,1,1,39,17/07/1984,1,04,3,2,5,01,7,2,3,1,002100,1,1,6744,13662
00,1023,6,12B211,01,40188,2,1,0,04,-,1,4,1,66,15/06/1957,1,02,6,2,4,08, , , , , ,1, ,6744,0
00,1023,6,12B211,01,40188,4,1,0,02,-,1,2,2,49,16/09/1974,1,03,3,2,5,01,7,2,3,1,002200,1,1,6744,13662
00,1023,6,12B211,01,40188,4,1,0,01,-,1,1,1,50,24/09/1973,1,04,3,2,5,09, , , , , ,1, ,6744,0
00,1023,6,12B211,01,40188,3,1,0,02,-,1,3,2,34,15/09/1989,1,07,5,2,6,01,5,5,3,1,002300,1, ,6744,0
00,1023,6,12B211,01,40188,3,1,0,01,-,1,1,2,61,11/03/1962,1,07,5,2,4,08, , , , , ,1,1,6744,13662
00,1023,6,12B211,01,40188,1,1,0,03,-,1,3,1,12,04/01/2011,1,02,5,1,6,06, , , , , ,1, ,6744,0
00,1023,6,12B211,01,40188,2,1,0,03,-,1,3,1,09,20/08/2014,1,02,2,1, , , , , , , ,1, ,6744,0
00,1023,6,12B211,01,40188,1,1,0,04,-,1,3,1,06,06/09/2017,2,01,2,1, , , , , , , ,1, ,6744,0
00,1023,6,12B211,01,40188,2,1,0,01,-,1,1,1,30,13/04/1993,1,03,3,2,1,01,7,2,3,1,002100,1,1,6744,20492
00,1023,6,12B211,01,40188,3,1,0,04,-,1,4,1,01,20/03/2022, , , , , , , , , , , ,1, ,6744,0
00,1023,2,12A225,01,40280,1,1,0,04,-,1,3,1,11,18/10/2011,1,02,6,1, , , , , , , ,1, ,8241,0
00,1023,2,12A225,01,40280,2,1,0,01,-,1,1,2,64,08/01/1959,1,02,3,2,3,07, , , , , ,1,1,8241,8346
00,1023,2,12A225,01,40280,1,1,0,03,-,1,3,2,15,27/08/2008,1,03,3,1,6,06, , , , , ,1, ,8241,0
00,1023,2,12A225,01,40280,3,1,0,01,-,1,1,1,32,30/06/1991,1,07,5,2,5,01,1,2,3,3,016500,1, ,8241,0
00,1023,2,12A225,01,40280,1,1,0,01,-,1,1,2,46,03/02/1977,1,02,6,2,1,01,7,2,3,1,001600,1, ,8241,0
00,1023,2,12A225,01,40280,4,1,0,02,-,1,3,1,25,19/09/1998,1,07,5,2,6,04, , , , , ,1, ,8241,0
00,1023,2,12A225,01,40280,3,1,0,02,-,1,2,2,32,24/01/1991,1,07,5,2,5,01,1,2,3,3,016500,1,1,8241,25039
00,1023,2,12A225,01,40280,3,1,0,05,-,1,4,2,62,07/10/1960,1,02,6,2,4,08, , , , , ,1, ,8241,0
00,1023,2,12A225,01,40280,3,1,0,04,-,1,3,1,06,27/06/2017,1,01,3,1, , , , , , , ,1, ,8241,0
00,1023,2,12A225,01,40280,3,1,0,03,-,1,3,1,08,18/09/2015,1,02,2,1, , , , , , , ,1, ,8241,0
00,1023,2,12A225,01,40280,4,1,0,01,-,1,1,2,61,03/04/1962,1,02,1,2,6,08, , , , , ,1,1,8241,16693
00,1023,2,12A225,01,40280,1,1,0,02,-,1,2,1,40,17/10/1982,1,03,3,2,1,01,5,5,3,1,001900,1,1,8241,16693
00,1023,4,11A223,01,40337,1,1,0,01,-,1,1,1,54,15/06/1969,1,02,6,2,5,01,7,3,2,1,003000,1, ,7288,0
00,1023,4,11A223,01,40337,2,1,0,04,-,1,5,1,31,18/09/1992,1,02,6,2,1,01,7,3,3,1,001000,1,1,7288,29356
00,1023,4,11A223,01,40337,3,1,0,04,-,1,3,1,32,09/11/1990,1,02,6,2,1,01,7,3,3,1,001800,1, ,7288,0
00,1023,4,11A223,01,40337,3,1,0,02,-,1,2,2,54,24/09/1969,1,02,6,2,5,01,7,2,3,1,001800,1, ,7288,0
00,1023,4,11A223,01,40337,2,1,0,03,-,1,3,2,28,09/03/1995,1,04,3,2,1,07, , , , , ,1, ,7288,0
00,1023,4,11A223,01,40337,2,1,0,05,-,1,5,1,09,21/12/2013,1,02,4,1, , , , , , , ,1, ,7288,0
00,1023,4,11A223,01,40337,2,1,0,07,-,1,5,2,02,07/08/2021, , , , , , , , , , , ,1, ,7288,0
00,1023,4,11A223,01,40337,3,1,0,05,-,1,5,2,33,01/08/1990,1,03,3,2,1,07, , , , , ,1,1,7288,29356
00,1023,4,11A223,01,40337,3,1,0,06,-,1,5,1,03,23/10/2019, , , , , , , , , , , ,1, ,7288,0
00,1023,4,11A223,01,40337,2,1,0,01,-,1,1,1,55,21/02/1968,1,02,6,2,5,01,7,3,3,1,002000,1, ,7288,0
00,1023,4,11A223,01,40337,1,1,0,02,-,1,2,2,52,13/05/1971,1,03,3,2,5,07, , , , , ,1, ,7288,0
00,1023,4,11A223,01,40337,1,1,0,05,-,1,3,2,14,18/02/2009,1,03,2,1,6,06, , , , , ,1, ,7288,0
00,1023,4,11A223,01,40337,2,1,0,02,-,1,2,2,56,29/03/1967,1,02,6,2,5,07, , , , , ,1, ,7288,0
00,1023,4,11A223,01,40337,2,1,0,06,-,1,5,1,07,25/11/2015,1,02,2,1, , , , , , , ,1, ,7288,0
00,1023,4,11A223,01,40337,1,1,0,03,-,1,3,2,29,04/12/1993,1,04,3,2,6,01,7,2,3,1,001400,1, ,7288,0
00,1023,4,11A223,01,40337,4,1,0,01,-,1,1,2,65,20/04/1958,1,02,6,2,5,07, , , , , ,1,1,7288,7339
00,1023,4,11A223,01,40337,3,1,0,01,-,1,1,1,55,26/12/1967,2,00, ,2,5,01,7,3,3,1,002000,1, ,7288,0
00,1023,4,11A223,01,40337,3,1,0,03,-,1,3,2,14,30/12/2008,1,02,6,2,6,07, , , , , ,1, ,7288,0
00,1023,4,11A223,01,40337,3,1,0,08,-,1,5,2,01,04/10/2022, , , , , , , , , , , ,1, ,7288,0
00,1023,4,11A223,01,40337,3,1,0,07,-,1,5,1,02,18/12/2020, , , , , , , , , , , ,1, ,7288,0
00,1023,4,11A223,01,40337,1,1,0,04,-,1,3,2,22,03/01/2001,1,07,4,1,6,06, , , , , ,1,1,7288,29356
00,1023,4,12A223,01,40340,3,1,0,04,-,1,3,2,10,04/08/2013,1,02,3,1, , , , , , , ,1, ,7563,0
00,1023,4,12A223,01,40340,3,1,0,03,-,1,3,1,11,15/06/2012,1,02,6,1, , , , , , , ,1, ,7563,0
00,1023,4,12A223,01,40340,1,1,0,01,-,1,1,1,55,27/05/1968,1,04,3,2,5,01,5,5,2,1,002800,1,1,7563,15321
00,1023,4,12A223,01,40340,3,1,0,02,-,1,2,2,36,01/04/1987,1,07,5,2,1,07, , , , , ,1, ,7563,0
00,1023,4,12A223,01,40340,3,1,0,01,-,1,1,1,38,16/10/1984,1,07,5,2,1,01,1,2,3,2,005500,1,1,7563,15321
00,1023,4,12A223,01,40340,4,1,0,01,-,1,1,2,67,07/09/1956,1,07,5,2,4,08, , , , , ,1,1,7563,7661
00,1023,4,12A223,01,40340,3,1,0,05,-,1,3,1,00,06/06/2023, , , , , , , , , , , ,1, ,7563,0
00,1023,4,12A223,01,40340,1,1,0,02,-,1,2,2,54,23/03/1969,1,03,3,2,5,07, , , , , ,1, ,7563,0
00,1023,4,12A223,01,40340,2,1,0,01,-,1,1,2,50,15/07/1973,1,04,3,2,2,01,4,4,2,3,003500,1,1,7563,7661
00,1023,5,11B212,01,40350,1,1,0,01,-,1,1,1,87,24/10/1935,1,02,2,2,4,10, , , , , ,1,1,7244,7295
00,1023,5,11B212,01,40350,2,1,0,06,-,3,3,1,36,18/05/1987,1,03,3,2,3,01,5,2,3,1,002200,1, ,7244,0
00,1023,5,11B212,01,40350,3,1,0,04,-,1,5,2,03,12/12/2019, , , , , , , , , , , ,1, ,7244,0
00,1023,5,11B212,01,40350,4,1,0,03,-,1,5,2,51,03/06/1972,1,02,6,2,1,01,5,5,2,1,001000,1,1,7244,29178
00,1023,5,11B212,01,40350,4,1,0,05,-,1,5,2,17,07/06/2006,1,03,3,2,6,07, , , , , ,1, ,7244,0
00,1023,5,11B212,01,40350,4,1,0,06,-,1,5,1,18,14/03/2005,1,03,3,2,6,01,7,3,3,1,001400,1, ,7244,0
00,1023,5,11B212,01,40350,2,1,0,04,-,1,3,1,27,02/12/1995,1,04,3,2,6,04, , , , , ,1, ,7244,0
00,1023,5,11B212,01,40350,3,1,0,07,-,3,5,1,01,13/04/2022, , , , , , , , , , , ,1, ,7244,0
00,1023,5,11B212,01,40350,3,1,0,03,-,1,3,2,24,15/06/1999,1,07,5,2,1,01,5,5,3,2,004000,1, ,7244,0
00,1023,5,11B212,01,40350,4,1,0,01,-,1,1,2,69,22/11/1953,1,02,2,2,4,07, , , , , ,1, ,7244,0
00,1023,5,11B212,01,40350,2,1,0,02,-,1,2,2,56,14/08/1967,1,02,6,2,5,01,4,4,2,1,001000,1,1,7244,36473
00,1023,5,11B212,01,40350,3,1,0,05,-,1,3,1,21,23/04/2002,1,03,3,2,1,01,7,2,3,1,002000,1, ,7244,0
00,1023,5,11B212,01,40350,3,1,0,06,-,1,5,2,18,31/08/2005,1,04,3,2,1,07, , , , , ,1, ,7244,0
00,1023,5,11B212,01,40350,2,1,0,01,-,1,1,1,60,13/01/1963,1,02,6,2,5,01,7,2,3,1,002000,1, ,7244,0
00,1023,3,11B212,01,40350,2,1,0,03,-,2, , , , , , , , , , , , , , , ,1, ,0,0
00,1023,5,11B212,01,40350,2,1,0,05,-,1,3,1,21,27/02/2002,1,04,3,2,6,01,7,2,3,1,002000,1, ,7244,0
00,1023,5,11B212,01,40350,3,1,0,01,-,1,1,2,41,13/11/1981,1,02,6,2,5,01,5,5,3,2,004000,1, ,7244,0
00,1023,5,11B212,01,40350,3,1,0,02,-,1,2,1,46,17/06/1977,1,02,6,2,5,01,4,4,3,1,002200,1,1,7244,36473
00,1023,5,11B212,01,40350,4,1,0,02,-,1,3,1,47,11/10/1975,1,02,6,2,1,03,5,5,3,1,002400,1, ,7244,0
00,1023,3,11B212,01,40350,4,1,0,04,-,2, , , , , , , , , , , , , , , ,1, ,0,0
00,1023,5,13B212,01,40355,3,1,0,05,-,1,3,2,04,10/02/2019, , , , , , , , , , , ,1, ,9527,0
00,1023,5,13B212,01,40355,4,1,0,04,-,1,5,2,03,04/07/2020, , , , , , , , , , , ,1, ,9527,0
00,1023,5,13B212,01,40355,4,1,0,02,-,1,3,2,22,04/05/2001,1,07,1,2,6,01,7,4,3,1,002300,1,1,9527,29073
00,1023,5,13B212,01,40355,2,1,0,01,-,1,1,1,51,12/04/1972,1,08,2,2,5,01,1,5,3,2,005600,1, ,9527,0
00,1023,5,13B212,01,40355,1,1,0,02,-,1,3,2,49,20/08/1974,1,07,5,2,3,01,5,5,3,1,002000,1, ,9527,0
00,1023,5,13B212,01,40355,3,1,0,01,-,1,1,2,34,30/08/1989,1,04,3,2,5,01,5,5,2,1,000200,1, ,9527,0
00,1023,5,13B212,01,40355,1,1,0,01,-,1,1,2,74,01/08/1949,1,07,5,2,4,07, , , , , ,1,1,9527,29073
00,1023,5,13B212,01,40355,3,1,0,02,-,1,2,1,36,28/11/1986,1,03,3,2,5,01,5,5,2,1,001800,1,1,9527,19382
00,1023,5,13B212,01,40355,4,1,0,01,-,1,1,2,49,17/02/1974,1,06,3,2,3,01,7,2,3,1,002000,1, ,9527,0
00,1023,5,13B212,01,40355,4,1,0,03,-,1,3,2,19,07/09/2004,1,04,2,1,6,06, , , , , ,1, ,9527,0
00,1023,5,13B212,01,40355,2,1,0,02,-,1,2,2,55,02/07/1968,1,07,5,2,5,01,1,5,3,2,005200,1,1,9527,38764
00,1023,5,13B212,01,40355,2,1,0,04,-,1,3,1,20,27/12/2002,1,04,3,1,6,06, , , , , ,1, ,9527,0
00,1023,5,13B212,01,40355,3,1,0,04,-,1,3,1,11,06/01/2012,1,02,4,1, , , , , , , ,1, ,9527,0
00,1023,5,13B212,01,40355,2,1,0,03,-,1,3,2,22,05/10/2001,1,07,3,1,6,06, , , , , ,1, ,9527,0
00,1023,5,13B212,01,40355,1,1,0,03,-,1,5,2,25,15/06/1998,1,07,5,2,6,01,7,2,3,1,002000,1, ,9527,0
00,1023,5,13B212,01,40355,3,1,0,03,-,1,3,1,13,20/06/2010,1,02,6,1,6,06, , , , , ,1, ,9527,0
00,1023,1,13A226,01,40379,3,1,0,01,-,1,1,1,48,05/08/1975,1,07,5,2,5,01,1,5,3,3,006100,1, ,8559,0
00,1023,1,13A226,01,40379,4,1,0,02,-,1,2,2,48,29/12/1974,1,03,3,2,5,07, , , , , ,1,1,8559,26121
00,1023,1,13A226,01,40379,3,1,0,03,-,1,3,2,11,13/09/2012,1,02,6,1, , , , , , , ,1, ,8559,0
00,1023,1,13A226,01,40379,3,1,0,02,-,1,2,2,51,14/08/1972,1,07,5,2,5,01,1,5,3,2,006500,1,1,8559,17414
00,1023,1,13A226,01,40379,1,1,0,02,-,1,2,2,41,02/01/1982,1,04,1,2,5,07, , , , , ,1,1,8559,26121
00,1023,1,13A226,01,40379,4,1,0,01,-,1,1,1,49,27/09/1974,1,03,3,2,5,01,7,2,3,1,002400,1, ,8559,0
00,1023,1,13A226,01,40379,1,1,0,01,-,1,1,1,51,26/02/1972,1,07,5,2,5,01,5,4,5,1,003000,1, ,8559,0
00,1023,1,13A226,01,40379,1,1,0,04,-,1,3,2,14,28/03/2009,1,03,1,1,6,06, , , , , ,1, ,8559,0
00,1023,1,13A226,01,40379,4,1,0,03,-,1,3,2,20,08/08/2003,1,07,1,1,6,06, , , , , ,1, ,8559,0
00,1023,1,13A226,01,40379,2,1,0,02,-,1,2,2,51,19/02/1972,1,06,3,2,5,07, , , , , ,1, ,8559,0
00,1023,1,13A226,01,40379,2,1,0,03,-,1,3,1,26,18/10/1996,1,07,5,2,6,04, , , , , ,1, ,8559,0
00,1023,1,13A226,01,40379,1,1,0,03,-,1,3,1,23,29/04/2000,1,07,2,1,6,06, , , , , ,1, ,8559,0
00,1023,1,13A226,01,40379,1,1,0,05,-,1,3,1,12,15/09/2011,1,02,6,1,6,06, , , , , ,1, ,8559,0
00,1023,1,13A226,01,40379,2,1,0,01,-,1,1,1,54,27/04/1969,1,07,5,2,5,01,1,4,3,2,005200,1,1,8559,26121
00,1023,1,11A226,01,40381,1,1,0,02,-,1,3,1,24,03/03/1999,1,07,4,1,6,01,5,5,3,1,000500,1,1,7260,14621
00,1023,1,11A226,01,40381,4,1,0,02,-,1,2,2,44,08/08/1979,1,03,3,2,5,07, , , , , ,1, ,7260,0
00,1023,1,11A226,01,40381,1,1,0,01,-,1,1,2,51,09/03/1972,1,07,1,1,4,01,5,4,3,2,004000,1, ,7260,0
00,1023,1,11A226,01,40381,2,1,0,01,-,1,1,1,50,29/05/1973,1,02,6,2,5,01,7,3,3,1,002500,1, ,7260,0
00,1023,1,11A226,01,40381,2,1,0,03,-,1,3,2,27,17/04/1996,1,07,5,2,6,01,1,3,3,2,005000,1, ,7260,0
00,1023,1,11A226,01,40381,4,1,0,05,-,1,3,1,14,10/05/2009,1,03,2,1,6,06, , , , , ,1, ,7260,0
00,1023,1,11A226,01,40381,4,1,0,01,-,1,1,1,50,19/07/1973,1,04,3,2,5,01,5,2,3,1,003200,1,1,7260,29243
00,1023,1,11A226,01,40381,3,1,0,04,-,1,5,1,13,09/08/2010,1,03,1,1,6,06, , , , , ,1, ,7260,0
00,1023,1,11A226,01,40381,4,1,0,04,-,1,3,2,18,04/12/2004,1,07,1,1,6,06, , , , , ,1, ,7260,0
00,1023,1,11A226,01,40381,4,1,0,03,-,1,3,2,20,17/09/2003,1,07,1,1,6,06, , , , , ,1, ,7260,0
00,1023,1,11A226,01,40381,3,1,0,03,-,1,3,2,30,26/10/1992,1,04,3,2,4,01,7,2,3,1,002000,1,1,7260,21932
00,1023,1,11A226,01,40381,2,1,0,02,-,1,2,2,50,10/09/1973,1,03,3,2,5,07, , , , , ,1,1,7260,29243
00,1023,1,11A226,01,40381,3,1,0,02,-,1,3,2,36,27/09/1987,1,07,5,2,6,01,5,5,3,2,004000,1, ,7260,0
00,1023,1,11A226,01,40381,3,1,0,01,-,1,1,2,60,06/09/1963,1,02,6,2,4,07, , , , , ,1, ,7260,0
00,1023,1,11A226,01,40381,2,1,0,04,-,1,3,1,19,13/12/2003,1,07,1,1,6,06, , , , , ,1, ,7260,0
00,1023,8,12A217,01,40411,1,1,0,01,-,1,1,1,65,02/12/1957,1,02,6,2,5,10, , , , , ,1, ,6439,0
00,1023,8,12A217,01,40411,1,1,0,02,-,1,2,2,72,06/07/1951,1,02,4,2,5,07, , , , , ,1,1,6439,13044
00,1023,8,12A217,01,40411,4,1,0,02,-,1,3,2,19,07/07/2004,1,04,3,1,6,06, , , , , ,1, ,6439,0
00,1023,8,12A217,01,40411,4,1,0,01,-,1,1,2,56,16/12/1966,1,07,5,2,4,01,5,5,2,1,002000,1, ,6439,0
00,1023,8,12A217,01,40411,2,1,0,02,-,1,2,2,53,10/10/1970,1,07,5,2,5,08, , , , , ,1,1,6439,19567
00,1023,8,12A217,01,40411,2,1,0,01,-,1,1,1,52,20/03/1971,1,07,5,2,5,01,1,5,3,2,007000,1, ,6439,0
00,1023,8,12A217,01,40411,2,1,0,03,-,1,3,2,18,20/04/2005,1,04,1,1,6,06, , , , , ,1, ,6439,0
00,1023,8,12A217,01,40411,4,1,0,03,-,1,7,2,22,21/10/2000,1,04,3,2,6,01,5,5,3,1,002100,1,1,6439,19567
00,1023,3,11A224,02,40085,3,1,0,02,-,1,2,2,48,18/07/1975,1,00, ,2,1,07, , , , , ,1,1,8217,24825
00,1023,3,11A224,02,40085,1,1,0,01,-,1,1,1,47,29/05/1976,1,03,2,2,6,01,5,3,2,1,999999,1,1,8217,8275
00,1023,3,11A224,02,40085,3,1,0,01,-,1,1,1,62,07/10/1961,1,02,6,2,1,08, , , , , ,1, ,8217,0
00,1023,3,11A224,02,40085,3,1,0,03,-,1,3,2,18,15/08/2005,1,04,2,1,6,06, , , , , ,1, ,8217,0
00,1023,3,11A224,02,40085,3,1,0,05,-,1,3,1,08,21/02/2015,1,02,2,1, , , , , , , ,1, ,8217,0
00,1023,3,11A224,02,40085,2,1,0,01,-,1,1,2,71,28/07/1952,1,00, ,2,2,07, , , , , ,1,1,8217,8275
00,1023,3,11A224,02,40085,4,1,0,01,-,1,1,1,55,05/11/1967,1,02,6,2,5,01,5,5,3,2,999999,1,1,8217,24825
00,1023,3,11A224,02,40085,4,1,0,02,-,1,2,2,60,29/03/1963,1,03,3,2,5,07, , , , , ,1, ,8217,0
00,1023,3,11A224,02,40085,4,1,0,04,-,1,5,2,04,06/01/2019, , , , , , , , , , , ,1, ,8217,0
00,1023,3,11A224,02,40085,3,1,0,04,-,1,3,2,10,01/08/2013,1,02,4,1, , , , , , , ,1, ,8217,0
00,1023,3,11A224,02,40085,4,1,0,03,-,1,3,2,22,18/09/2001,1,04,3,2,6,01,4,4,3,1,999999,1, ,8217,0
00,1023,3,13A224,02,40088,4,1,0,01,-,1,1,1,43,09/09/1980,1,08,2,2,5,01,1,5,3,1,999999,1, ,9016,0
00,1023,3,13A224,02,40088,4,1,0,03,-,1,3,2,20,27/02/2003,1,07,1,1,6,01,3,4,3,1,999999,1, ,9016,0
14,1023,3,13A224,02,40088,1,1,0,04,-,1,3,1,07,06/09/2016,2,02,1,1, , , , , , , ,1, ,9016,0
14,1023,3,13A224,02,40088,1,1,0,02,-,1,2,2,39,29/06/1984,1,02,6,2,1,07, , , , , ,1, ,9016,0
14,1023,3,13A224,02,40088,1,1,0,01,-,1,1,1,42,30/04/1981,1,02,6,2,1,01,5,5,3,1,999999,1, ,9016,0
00,1023,3,13A224,02,40088,3,1,0,04,-,1,3,1,02,11/05/2021, , , , , , , , , , , ,1, ,9016,0
00,1023,3,13A224,02,40088,3,1,0,02,-,1,2,2,40,06/05/1983,1,07,4,2,5,07, , , , , ,1, ,9016,0
14,1023,3,13A224,02,40088,1,1,0,03,-,1,3,1,08,03/01/2015,2,02,2,1, , , , , , , ,1, ,9016,0
00,1023,3,13A224,02,40088,4,1,0,02,-,1,2,2,42,29/08/1981,1,07,5,2,5,01,4,4,1,1,005000,1,1,9016,27515
00,1023,3,13A224,02,40088,4,1,0,04,-,1,3,2,15,10/10/2008,1,03,3,1,6,06, , , , , ,1, ,9016,0
00,1023,3,13A224,02,40088,3,1,0,01,-,1,1,1,42,14/10/1980,1,07,4,2,5,10, , , , , ,1,1,9016,18344
00,1023,3,13A224,02,40088,3,1,0,03,-,1,3,1,06,29/06/2017,2,01,2,1, , , , , , , ,1, ,9016,0
00,1023,7,11A218,02,40124,4,1,0,02,-,1,3,2,13,18/04/2010,1,02,6,1,6,06, , , , , ,1, ,8599,0
00,1023,7,11A218,02,40124,3,1,1,01,-,1,1,2,49,13/07/1974,1,03,3,2,1,07, , , , , ,1,1,8599,17318
00,1023,7,11A218,02,40124,4,1,0,03,-,1,3,1,06,06/10/2017,2,01,1,1, , , , , , , ,1, ,8599,0
00,1023,7,11A218,02,40124,3,1,1,02,-,1,3,2,30,13/05/1993,1,04,2,2,6,01,5,5,3,1,002000,1, ,8599,0
00,1023,7,11A218,02,40124,4,1,0,01,-,1,1,2,34,20/12/1988,1,03,3,2,6,01,5,5,3,1,999999,1,1,8599,8659
00,1023,7,13A218,02,40161,3,1,0,01,-,1,1,1,47,12/10/1976,1,07,5,2,6,01,1,5,3,2,999999,1,1,9571,19473
00,1023,7,13A218,02,40161,4,1,0,02,-,1,2,2,43,15/09/1980,1,04,3,2,1,01,3,4,3,1,999999,1,1,9571,9736
00,1023,7,13A218,02,40161,2,1,0,01,-,1,1,2,44,26/05/1979,1,03,3,2,6,01,7,2,3,1,002500,1,1,9571,38946
00,1023,6,13A218,02,40161,4,1,0,01,-,2, , , , , , , , , , , , , , , ,1, ,0,0
00,1023,7,13A218,02,40161,3,1,0,05,-,1,3,1,10,27/12/2012,1,00, ,1, , , , , , , ,1, ,9571,0
00,1023,7,13A218,02,40161,3,1,0,04,-,1,3,1,13,25/03/2010,2,00, ,2,6,09, , , , , ,1, ,9571,0
00,1023,7,13A218,02,40161,3,1,0,02,-,1,2,2,38,05/12/1984,1,07,5,2,5,01,1,5,3,2,999999,1, ,9571,0
00,1023,7,13A218,02,40161,4,1,0,04,-,1,3,1,09,15/03/2014,1,02,2,1, , , , , , , ,1, ,9571,0
00,1023,5,13A218,02,40161,1,1,0,02,-,2, , , , , , , , , , , , , , , ,1, ,0,0
00,1023,7,13A218,02,40161,3,1,0,03,-,1,3,1,14,21/05/2009,1,02,6,1,6,06, , , , , ,1, ,9571,0
00,1023,7,13A218,02,40161,2,1,0,02,-,1,6,1,36,02/12/1986,1,03,3,2,3,01,7,3,3,1,999999,1, ,9571,0
00,1023,7,13A218,02,40161,4,1,0,03,-,1,3,1,13,15/01/2010,1,03,1,1,6,06, , , , , ,1, ,9571,0
00,1023,7,13A218,02,40161,1,1,0,01,-,1,1,1,74,03/04/1949,1,02,6,2,4,09, , , , , ,1, ,9571,0
00,1023,7,13A218,02,40161,1,1,0,03,-,1,3,1,39,17/06/1984,1,08,1,2,2,01,5,6,2,1,004000,1,1,9571,29209
00,1023,7,13A218,02,40161,2,1,0,04,-,1,3,2,24,18/11/1998,1,07,4,2,6,01,7,2,3,1,999999,1, ,9571,0
00,1023,7,13A218,02,40161,1,1,0,04,-,1,3,1,41,04/04/1982,1,07,4,2,6,01,1,2,3,1,004000,1, ,9571,0
00,1023,7,13A218,02,40161,2,1,0,03,-,1,3,2,19,05/10/2004,1,03,3,2,6,04, , , , , ,1, ,9571,0
00,1023,6,12B211,02,40191,2,1,0,01,-,1,1,1,31,09/09/1992,1,00, ,2,6,07, , , , , ,1,1,5256,5323
00,1023,5,12B211,02,40191,4,1,0,02,-,2, , , , , , , , , , , , , , , ,1, ,0,0
00,1023,6,12B211,02,40191,4,1,0,01,-,1,1,1,69,09/07/1954,1,07,5,2,5,08, , , , , ,1,1,5256,10647
00,1023,6,12B211,02,40191,1,1,0,01,-,1,1,1,57,12/03/1966,1,03,3,2,5,01,7,5,1,1,999999,1, ,5256,0
00,1023,5,12B211,02,40191,1,1,0,04,-,2, , , , , , , , , , , , , , , ,1, ,0,0
00,1023,6,12B211,02,40191,1,1,0,02,-,1,2,2,60,27/06/1963,1,04,3,2,5,07, , , , , ,1,1,5256,10647
00,1023,5,12B211,02,40191,1,1,0,03,-,2, , , , , , , , , , , , , , , ,1, ,0,0
00,1023,6,12B211,02,40191,4,1,0,03,-,1,3,1,25,23/04/1998,1,07,5,1,6,06, , , , , ,1, ,5256,0
00,1023,2,12A225,02,40214,2,1,0,02,-,2, , , , , , , , , , , , , , , ,1, ,0,0
00,1023,2,12A225,02,40214,3,1,0,05,-,1,3,2,01,20/03/2022, , , , , , , , , , , ,1, ,7741,0
00,1023,2,12A225,02,40214,2,1,0,01,-,1,1,2,71,23/12/1951,1,02,6,2,4,01,4,5,2,1,999999,1,1,7741,7840
00,1023,2,12A225,02,40214,3,1,0,04,-,1,3,2,01,20/03/2022, , , , , , , , , , , ,1, ,7741,0
00,1023,2,12A225,02,40214,3,1,0,01,-,1,1,1,44,14/10/1979,1,07,5,2,5,01,1,2,3,2,999999,1,1,7741,15680
00,1023,2,12A225,02,40214,3,1,0,02,-,1,2,2,42,01/09/1981,1,08,2,2,5,07, , , , , ,1, ,7741,0
00,1023,2,12A225,02,40214,3,1,0,03,-,1,3,1,09,02/06/2014,1,02,3,1, , , , , , , ,1, ,7741,0
00,1023,2,12A225,02,40214,3,1,0,06,-,2, , , , , , , , , , , , , , , ,1, ,0,0
00,1023,2,11A225,02,40218,3,1,0,03,-,1,4,2,74,19/04/1949,1,02,1,2,4,07, , , , , ,1, ,3791,0
00,1023,2,11A225,02,40218,3,1,0,05,-,1,7,1,40,09/11/1982,1,04,3,2,6,01,5,5,3,1,999999,1, ,3791,0
00,1023,2,11A225,02,40218,3,1,0,02,-,1,2,2,51,23/04/1972,1,03,3,2,5,01,7,2,3,1,003500,1, ,3791,0
00,1023,2,11A225,02,40218,3,1,0,10,-,1,3,2,31,23/03/1992,1,04,3,2,5,01,3,5,3,1,999999,1, ,3791,0
00,1023,2,11A225,02,40218,3,1,0,04,-,1,3,1,29,07/05/1994,1,04,3,2,6,01,7,3,2,1,999999,1, ,3791,0
00,1023,2,11A225,02,40218,3,1,0,09,-,1,8,2,24,30/06/1999,1,03,3,2,6,01,4,4,3,1,999999,1, ,3791,0
00,1023,2,11A225,02,40218,3,1,0,06,-,2, , , , , , , , , , , , , , , ,1, ,0,0
00,1023,2,11A225,02,40218,3,1,0,08,-,1,5,1,04,11/11/2018, , , , , , , , , , , ,1, ,3791,0
00,1023,2,11A225,02,40218,3,1,0,01,-,1,1,1,47,08/04/1976,1,03,3,2,5,01,7,2,4,1,006000,1,1,3791,30539
00,1023,2,11A225,02,40218,4,1,0,01,-,1,1,1,70,23/11/1952,1,02,6,2,4,01,5,5,2,1,999999,1,1,3791,7635
00,1023,2,11A225,02,40218,3,1,0,07,-,1,7,2,19,25/09/2004,1,03,3,1,6,06, , , , , ,1, ,3791,0
00,1023,2,11A225,02,40218,4,1,0,02,-,1,3,1,41,24/07/1982,1,02,6,2,6,01,5,5,3,1,999999,1, ,3791,0
00,1023,6,11B211,02,40255,1,1,1,02,-,1,2,2,48,19/10/1974,1,03,3,2,1,01,7,2,3,1,002700,1, ,5897,0
00,1023,6,11B211,02,40255,1,1,1,01,-,1,1,1,38,18/05/1985,1,03,3,2,1,01,7,2,3,1,002800,1,1,5897,11876
00,1023,6,11B211,02,40255,2,1,0,01,-,1,1,2,76,30/06/1947,1,02,3,2,5,09, , , , , ,1, ,5897,0
00,1023,6,11B211,02,40255,3,1,2,01,-,1,1,1,68,08/07/1955,1,00, ,2,4,07, , , , , ,1,1,5897,5938
00,1023,6,11B211,02,40255,2,1,0,04,-,1,5,1,19,30/06/2004,1,03,3,2,6,10, , , , , ,1, ,5897,0
00,1023,6,11B211,02,40255,2,1,0,02,-,1,2,1,72,14/12/1950,1,03,3,2,5,08, , , , , ,1,1,5897,23753
00,1023,6,11B211,02,40255,2,1,0,03,-,1,3,1,41,30/06/1982,1,00, ,2,6,10, , , , , ,1, ,5897,0
00,1023,8,11A217,02,40313,1,1,0,01,-,1,1,1,37,28/11/1985,1,02,6,2,2,01,5,4,3,1,999999,1,1,6792,6839
00,1023,8,11A217,02,40313,3,1,1,01,-,1,1,2,31,30/06/1992,1,03,3,2,6,01,7,2,3,1,999999,1,1,6792,6839
00,1023,4,13A223,02,40336,1,1,0,01,-,1,1,1,39,05/04/1984,1,07,3,2,5,01,1,5,3,2,015000,1,1,7282,14815
00,1023,2,13A223,02,40336,4,1,0,02,-,2, , , , , , , , , , , , , , , ,1, ,0,0
00,1023,4,13A223,02,40336,4,1,0,01,-,1,1,1,33,23/04/1990,1,04,3,1,5,01,2,2,3,1,999999,1,1,7282,7407
00,1023,2,13A223,02,40336,4,1,0,03,-,2, , , , , , , , , , , , , , , ,1, ,0,0
00,1023,4,13A223,02,40336,3,1,0,01,-,1,1,2,57,11/12/1965,1,07,4,2,6,01,1,7,3,2,999999,1,1,7282,7407
00,1023,4,13A223,02,40336,2,1,0,02,-,1,3,2,27,11/10/1996,1,07,5,2,6,01,3,3,3,2,030000,1, ,7282,0
00,1023,4,13A223,02,40336,2,1,0,01,-,1,1,2,57,07/01/1966,1,07,5,2,6,01,1,5,3,2,040000,1,1,7282,14815
00,1023,4,13A223,02,40336,1,1,0,02,-,1,2,2,37,20/09/1986,1,07,3,2,5,01,1,4,3,2,014000,1, ,7282,0
00,1023,4,11A223,02,40368,1,1,0,04,-,1,3,2,24,30/06/1999,1,04,3,1,6,06, , , , , ,1, ,6364,0
00,1023,4,11A223,02,40368,3,1,0,01,-,1,1,2,67,15/01/1956,1,03,3,2,6,08, , , , , ,1,1,6364,6408
00,1023,4,11A223,02,40368,2,1,0,02,-,1,2,2,60,28/12/1962,1,02,3,2,5,07, , , , , ,1,1,6364,12817
00,1023,4,11A223,02,40368,1,1,0,01,-,1,1,2,48,30/06/1975,1,07,5,2,5,01,3,5,2,1,999999,1, ,6364,0
00,1023,4,11A223,02,40368,1,1,0,02,-,1,2,1,46,30/06/1977,1,02,6,2,5,01,5,5,2,1,999999,1,1,6364,19225
00,1023,4,11A223,02,40368,2,1,0,01,-,1,1,1,63,23/06/1960,1,02,6,2,5,01,5,5,5,1,004000,1, ,6364,0
00,1023,2,11A223,02,40368,1,1,0,03,-,2, , , , , , , , , , , , , , , ,1, ,0,0
00,1023,4,11A223,02,40368,4,1,0,01,-,1,1,1,49,04/02/1974,1,07,4,2,5,01,4,4,1,1,999999,1, ,6364,0
00,1023,4,11A223,02,40368,4,1,0,04,-,1,3,1,13,23/03/2010,1,02,6,1,6,06, , , , , ,1, ,6364,0
00,1023,4,11A223,02,40368,4,1,0,02,-,1,2,2,45,16/02/1978,1,07,4,2,5,07, , , , , ,1,1,6364,12817
00,1023,4,11A223,02,40368,4,1,0,03,-,1,3,1,17,02/05/2006,1,04,2,1,6,06, , , , , ,1, ,6364,0
00,1023,8,12A217,02,40375,1,1,0,02,-,1,2,2,40,05/02/1983,1,07,5,2,5,07, , , , , ,1, ,6341,0
00,1023,8,12A217,02,40375,4,1,0,01,-,1,1,1,85,04/02/1938,1,02,6,2,4,08, , , , , ,1,1,6341,6422
00,1023,8,12A217,02,40375,1,1,0,01,-,1,1,1,36,10/06/1987,1,07,2,2,5,01,5,5,3,1,003000,1,1,6341,12845
00,1023,1,12A226,02,40377,2,1,0,02,-,1,2,2,39,27/12/1983,1,07,4,2,5,01,4,4,3,2,999999,1,1,5944,12041
00,1023,1,12A226,02,40377,2,1,0,01,-,1,1,1,40,27/03/1983,1,04,3,2,5,01,4,4,3,1,999999,1, ,5944,0
15,1023,1,12A226,02,40377,3,1,0,04,-,1,3,1,12,30/06/2011,1,02,6,1,6,06, , , , , ,1, ,5944,0
00,1023,1,12A226,02,40377,1,1,0,01,-,1,1,2,82,30/06/1941,1,99, ,2,4,07, , , , , ,1, ,5944,0
00,1023,1,12A226,02,40377,4,1,0,04,-,1,7,1,25,30/06/1998,1,04,1,2,6,01,7,5,3,1,003000,1, ,5944,0
00,1023,1,12A226,02,40377,4,1,0,03,-,1,7,2,27,30/06/1996,1,04,3,2,6,01,3,5,3,2,003000,1,1,5944,30102
00,1023,1,12A226,02,40377,2,1,0,03,-,1,3,2,11,28/01/2012,1,02,5,1, , , , , , , ,1, ,5944,0
00,1023,1,12A226,02,40377,2,1,0,05,-,1,3,2,16,30/06/2007,1,03,3,2,6,01,5,5,2,1,999999,1, ,5944,0
00,1023,1,12A226,02,40377,2,1,0,04,-,1,3,1,04,30/06/2019, , , , , , , , , , , ,1, ,5944,0
00,1023,1,12A226,02,40377,4,1,0,05,-,1,7,1,23,13/08/2000,1,04,1,2,6,01,4,4,3,1,999999,1, ,5944,0
15,1023,1,12A226,02,40377,3,1,0,05,-,1,3,1,07,30/06/2016,2,02,1,1, , , , , , , ,1, ,5944,0
15,1023,1,12A226,02,40377,3,1,0,03,-,1,4,2,58,29/08/1965,1,02,6,2,6,07, , , , , ,1, ,5944,0
00,1023,1,12A226,02,40377,4,1,0,01,-,1,1,1,73,13/01/1950,1,02,4,2,1,01,7,5,3,1,003000,1, ,5944,0
00,1023,1,12A226,02,40377,4,1,0,02,-,1,2,2,62,12/09/1961,1,02,6,2,1,07, , , , , ,1, ,5944,0
00,1023,1,12A226,02,40377,1,1,0,02,-,1,3,1,55,01/01/1968,1,03,3,2,6,01,7,2,3,1,002100,1,1,5944,12041
15,1023,1,12A226,02,40377,3,1,0,02,-,1,2,2,34,15/10/1989,1,02,6,2,5,07, , , , , ,1, ,5944,0
15,1023,1,12A226,02,40377,3,1,0,01,-,1,1,1,40,08/10/1983,1,03,3,2,5,01,5,5,3,1,999999,1, ,5944,0
00,1023,5,12B212,02,40382,2,1,0,03,-,1,3,1,34,09/06/1989,1,07,4,2,6,01,4,6,3,1,999999,1, ,7389,0
00,1023,5,12B212,02,40382,4,1,0,02,-,1,2,2,36,24/03/1987,1,08,2,2,1,01,1,5,2,1,004000,1, ,7389,0
00,1023,5,12B212,02,40382,4,1,0,04,-,1,3,2,03,12/04/2020, , , , , , , , , , , ,1, ,7389,0
00,1023,5,12B212,02,40382,4,1,0,01,-,1,1,1,37,14/02/1986,1,07,4,2,1,01,1,2,3,1,010000,1,1,7389,14969
00,1023,5,12B212,02,40382,4,1,0,03,-,1,3,2,05,17/10/2017,2,01,1,1, , , , , , , ,1, ,7389,0
00,1023,5,12B212,02,40382,1,1,0,01,-,1,1,2,50,30/06/1973,1,07,4,2,6,01,1,5,1,1,999999,1,1,7389,7484
00,1023,5,12B212,02,40382,2,1,0,02,-,1,2,2,59,05/12/1963,1,03,3,2,5,07, , , , , ,1,1,7389,22453
00,1023,5,12B212,02,40382,2,1,0,01,-,1,1,1,65,04/12/1957,1,07,4,2,5,08, , , , , ,1, ,7389,0
00,1023,7,12A218,03,40082,4,1,0,03,-,1,3,1,16,11/02/2007,1,03,3,1,6,06, , , , , ,1, ,10268,0
00,1023,7,12A218,03,40082,1,1,0,01,-,1,1,1,56,14/10/1966,1,03,2,2,5,01,5,5,3,2,999999,1, ,10268,0
00,1023,7,12A218,03,40082,1,1,0,03,-,1,3,2,18,12/02/2005,1,04,2,1,6,06, , , , , ,1, ,10268,0
00,1023,7,12A218,03,40082,4,1,0,01,-,1,1,2,38,05/10/1985,1,03,3,2,6,01,4,4,2,1,001500,1,1,10268,20801
00,1023,7,12A218,03,40082,4,1,0,02,-,1,3,1,19,16/08/2004,1,04,2,1,6,06, , , , , ,1, ,10268,0
00,1023,7,12A218,03,40082,1,1,0,04,-,1,3,1,28,22/12/1994,1,07,4,2,6,01,1,5,3,2,999999,1, ,10268,0
00,1023,7,12A218,03,40082,3,1,0,02,-,1,3,1,12,16/07/2011,1,02,5,1,6,06, , , , , ,1, ,10268,0
00,1023,7,12A218,03,40082,3,1,0,01,-,1,1,2,37,17/09/1986,1,04,3,2,6,01,5,5,3,2,999999,1,1,10268,10400
00,1023,7,12A218,03,40082,1,1,0,02,-,1,2,2,54,12/08/1969,1,03,2,2,5,07, , , , , ,1,1,10268,41601
00,1023,7,12A218,03,40082,3,1,0,03,-,1,3,2,10,10/05/2013,1,02,3,1, , , , , , , ,1, ,10268,0
00,1023,3,12A224,03,40132,4,1,0,03,-,1,3,1,22,23/10/2000,1,04,3,1,6,06, , , , , ,1,1,11336,45928
00,1023,3,12A224,03,40132,4,1,0,02,-,1,2,2,40,16/04/1983,1,03,3,2,1,07, , , , , ,1, ,11336,0
00,1023,3,12A224,03,40132,1,1,0,01,-,1,1,1,32,22/02/1991,1,07,5,2,6,01,4,4,3,2,003000,1,1,11336,11482
00,1023,3,12A224,03,40132,2,1,0,02,-,1,2,2,39,09/08/1984,1,07,5,2,1,01,5,1,3,2,008000,1,1,11336,22964
00,1023,3,12A224,03,40132,4,1,0,06,-,1,3,2,07,07/12/2015,1,02,2,1, , , , , , , ,1, ,11336,0
00,1023,3,12A224,03,40132,3,1,0,01,-,1,1,1,52,30/12/1970,1,02,6,2,5,01,5,5,2,3,010000,1,1,11336,34446
00,1023,3,12A224,03,40132,4,1,0,05,-,1,3,1,14,26/01/2009,1,03,3,1,6,06, , , , , ,1, ,11336,0
00,1023,3,12A224,03,40132,4,1,0,04,-,1,3,1,22,22/10/2000,1,07,2,1,6,06, , , , , ,1, ,11336,0
00,1023,3,12A224,03,40132,3,1,0,02,-,1,2,2,51,13/07/1972,1,02,6,2,5,07, , , , , ,1, ,11336,0
00,1023,3,12A224,03,40132,3,1,0,03,-,1,3,1,20,09/12/2002,1,07,3,1,6,06, , , , , ,1, ,11336,0
00,1023,3,12A224,03,40132,4,1,0,01,-,1,1,1,44,15/03/1979,1,02,6,2,1,01,7,3,2,1,002500,1, ,11336,0
00,1023,3,12A224,03,40132,2,1,0,01,-,1,1,1,27,13/09/1996,1,04,2,2,1,01,5,1,3,2,008000,1, ,11336,0
00,1023,5,11B212,03,40192,4,1,0,01,-,1,1,2,38,27/02/1985,1,07,5,2,6,01,1,5,3,2,013000,1,1,23290,23454
00,1023,5,11B212,03,40192,2,1,0,02,-,2, , , , , , , , , , , , , , , ,1, ,0,0
00,1023,5,11B212,03,40192,3,1,0,01,-,1,1,1,48,08/10/1975,1,07,5,2,5,01,1,7,3,2,999999,1, ,23290,0
00,1023,5,11B212,03,40192,1,1,1,01,-,1,1,2,23,02/12/1999,1,04,2,2,1,01,5,5,3,1,001500,1,1,23290,46908
00,1023,5,11B212,03,40192,3,1,0,02,-,1,4,2,67,01/09/1956,2,00, ,2,4,07, , , , , ,1, ,23290,0
00,1023,5,11B212,03,40192,1,1,1,02,-,1,2,1,24,11/10/1999,1,03,3,2,1,01,5,5,3,1,001500,1, ,23290,0
00,1023,5,11B212,03,40192,4,1,0,03,-,1,3,1,12,02/09/2011,1,02,5,1,6,06, , , , , ,1, ,23290,0
00,1023,5,11B212,03,40192,2,1,0,01,-,1,1,2,22,18/09/2001,1,07,2,1,6,06, , , , , ,1,1,23290,23454
00,1023,5,11B212,03,40192,3,1,0,03,-,1,2,2,39,25/07/1984,1,07,5,2,5,01,1,7,3,2,999999,1,1,23290,93815
00,1023,5,11B212,03,40192,3,1,0,04,-,1,7,2,50,17/06/1973,1,04,3,2,6,07, , , , , ,1, ,23290,0
00,1023,5,11B212,03,40192,4,1,0,02,-,1,3,1,17,16/05/2006,1,04,1,1,6,06, , , , , ,1, ,23290,0
00,1023,2,12A225,03,40242,3,1,0,01,-,1,1,2,64,30/12/1958,1,06,3,2,2,08, , , , , ,1, ,7844,0
00,1023,2,12A225,03,40242,3,1,0,02,-,1,3,1,42,13/08/1981,1,06,3,2,6,01,5,5,3,2,002200,1,1,7844,15890
00,1023,2,12A225,03,40242,4,1,0,01,-,1,1,1,41,12/07/1982,1,07,4,2,5,01,2,4,3,2,999999,1, ,7844,0
00,1023,2,12A225,03,40242,4,1,0,02,-,1,2,2,39,21/09/1984,1,04,3,2,5,07, , , , , ,1, ,7844,0
00,1023,2,12A225,03,40242,4,1,0,03,-,1,3,1,18,22/02/2005,1,04,3,1,6,06, , , , , ,1,1,7844,23835
00,1023,2,12A225,03,40242,2,1,0,02,-,1,3,1,55,10/03/1968,1,03,3,2,6,01,5,5,2,1,001000,1, ,7844,0
00,1023,2,12A225,03,40242,2,1,0,03,-,1,3,1,51,12/03/1972,1,02,6,2,6,01,5,5,2,1,001000,1, ,7844,0
00,1023,2,12A225,03,40242,1,1,0,02,-,1,2,2,64,05/10/1958,1,06,1,2,5,07, , , , , ,1,1,7844,15890
00,1023,2,12A225,03,40242,2,1,0,01,-,1,1,2,70,28/01/1953,1,03,3,2,6,07, , , , , ,1, ,7844,0
00,1023,2,12A225,03,40242,2,1,0,05,-,1,5,1,20,14/06/2003,1,04,1,2,6,01,7,2,3,1,002000,1,1,7844,39725
00,1023,2,12A225,03,40242,4,1,0,04,-,1,3,2,12,11/10/2011,1,02,6,1,6,06, , , , , ,1, ,7844,0
00,1023,2,12A225,03,40242,4,1,0,05,-,1,3,1,02,27/10/2020, , , , , , , , , , , ,1, ,7844,0
00,1023,2,12A225,03,40242,2,1,0,04,-,1,3,2,45,21/05/1978,1,06,3,2,6,01,5,5,3,1,002000,1, ,7844,0
00,1023,2,12A225,03,40242,1,1,0,01,-,1,1,1,71,11/11/1951,1,07,5,2,5,08, , , , , ,1, ,7844,0
00,1023,6,12B211,03,40249,2,1,0,01,-,1,1,1,22,06/08/2001,1,04,3,2,5,01,7,3,2,1,005000,1,1,7924,16051
00,1023,6,12B211,03,40249,4,1,0,04,-,1,3,2,16,15/05/2007,1,03,3,1,6,06, , , , , ,1, ,7924,0
00,1023,6,12B211,03,40249,2,1,0,02,-,1,2,2,23,30/11/1999,1,07,2,1,6,07, , , , , ,1, ,7924,0
00,1023,6,12B211,03,40249,3,1,1,04,-,3,7,2,27,13/03/1996,1,03,3,2,6,07, , , , , ,1, ,7924,0
00,1023,6,12B211,03,40249,1,1,2,01,-,1,1,1,21,13/02/2002,1,07,3,1,6,01,5,5,2,1,002000,1,1,7924,8025
00,1023,6,12B211,03,40249,4,1,0,03,-,1,3,2,18,26/01/2005,1,04,3,1,6,06, , , , , ,1, ,7924,0
00,1023,6,12B211,03,40249,4,1,0,01,-,1,1,1,42,26/08/1981,1,03,3,2,5,01,5,5,2,1,001000,1,1,7924,24076
00,1023,6,12B211,03,40249,3,1,1,03,-,3,7,2,54,04/05/1969,1,07,3,2,1,01,4,4,2,3,999999,1, ,7924,0
00,1023,6,12B211,03,40249,3,1,1,02,-,3,4,1,53,12/08/1970,1,03,3,2,1,08, , , , , ,1, ,7924,0
00,1023,6,12B211,03,40249,4,1,0,02,-,1,2,2,46,17/12/1976,1,04,3,2,5,01,7,2,2,1,001000,1, ,7924,0
00,1023,6,12B211,03,40249,3,1,1,01,-,1,1,1,34,24/12/1988,1,03,3,2,6,01,5,7,3,2,014000,1,1,7924,32102
00,1023,1,11A226,03,40270,1,1,0,04,-,1,3,1,02,05/10/2021, , , , , , , , , , , ,1, ,7112,0
00,1023,1,11A226,03,40270,1,1,0,01,-,1,1,1,24,18/01/1999,1,04,3,2,1,01,1,5,2,1,999999,1, ,7112,0
00,1023,1,11A226,03,40270,1,1,0,03,-,1,3,1,05,30/01/2018,2,01,2,1, , , , , , , ,1, ,7112,0
00,1023,1,11A226,03,40270,4,1,0,01,-,1,1,2,38,05/11/1984,1,03,3,2,1,01,5,5,3,1,999999,1,1,7112,14323
00,1023,1,11A226,03,40270,4,1,0,02,-,1,2,1,39,15/09/1984,1,03,3,2,1,01,7,2,2,1,999999,1, ,7112,0
00,1023,1,11A226,03,40270,4,1,0,04,-,1,3,2,09,17/07/2014,1,02,3,1, , , , , , , ,1, ,7112,0
00,1023,1,11A226,03,40270,3,1,0,01,-,1,1,2,73,13/01/1950,1,02,6,2,6,07, , , , , ,1,1,7112,7161
00,1023,1,11A226,03,40270,2,1,0,01,-,1,1,1,47,14/04/1976,1,04,3,2,6,01,5,5,3,2,999999,1,1,7112,7161
00,1023,1,11A226,03,40270,4,1,0,03,-,1,3,1,14,31/12/2008,1,03,3,1,6,06, , , , , ,1, ,7112,0
00,1023,1,11A226,03,40270,1,1,0,02,-,1,2,2,24,27/09/1999,1,03,3,2,1,01,5,5,3,1,999999,1,1,7112,14323
00,1023,4,13A223,03,40290,2,1,0,01,-,1,1,1,50,15/05/1973,1,04,3,2,5,01,7,2,2,3,999999,1, ,11679,0
00,1023,4,13A223,03,40290,2,1,0,02,-,1,2,2,50,15/12/1972,1,07,2,2,5,01,6,2,2,1,999999,1,1,11679,23761
00,1023,4,13A223,03,40290,4,1,0,01,-,1,1,2,66,05/12/1956,1,07,4,2,1,08, , , , , ,1, ,11679,0
00,1023,4,13A223,03,40290,4,1,0,02,-,1,2,1,61,07/10/1962,1,07,5,2,1,01,1,7,3,2,999999,1,1,11679,23761
00,1023,4,13A223,03,40290,3,1,0,01,-,1,1,2,85,26/11/1937,1,02,3,2,4,08, , , , , ,1,1,11679,11880
00,1023,8,12A217,03,40295,4,1,0,03,-,1,7,1,28,03/05/1995,1,03,3,2,6,01,5,5,3,2,002200,1, ,7742,0
00,1023,2,12A217,03,40295,4,1,0,02,-,2, , , , , , , , , , , , , , , ,1, ,0,0
00,1023,8,12A217,03,40295,1,1,0,02,-,1,2,2,57,14/10/1965,1,03,3,2,5,07, , , , , ,1, ,7742,0
00,1023,8,12A217,03,40295,1,1,0,01,-,1,1,1,73,13/11/1949,1,07,4,2,5,08, , , , , ,1, ,7742,0
00,1023,8,12A217,03,40295,4,1,0,01,-,1,1,1,64,15/12/1958,1,03,3,2,6,01,5,5,3,1,001800,1,1,7742,15682
00,1023,8,12A217,03,40295,1,1,0,03,-,1,3,1,31,09/06/1992,1,07,4,2,6,01,1,7,3,2,004500,1,1,7742,23523
00,1023,8,12A217,03,40295,3,1,1,01,-,1,1,1,38,22/01/1985,1,07,4,2,6,01,5,5,2,1,001000,1,1,7742,7841
00,1023,8,12A217,03,40295,2,1,0,01,-,1,1,1,70,28/03/1953,1,02,6,2,4,01,5,5,2,1,000600,1,1,7742,7841
00,1023,5,13B212,03,40304,4,1,0,03,-,1,3,2,27,08/08/1996,1,08,1,1,6,06, , , , , ,1, ,9327,0
00,1023,5,13B212,03,40304,4,1,0,01,-,1,1,2,55,06/01/1968,1,03,3,2,6,01,4,4,2,2,999999,1,1,9327,28465
00,1023,5,13B212,03,40304,2,1,0,04,-,1,5,2,19,16/02/2004,1,04,3,1,6,01,4,4,3,1,001200,1,1,9327,37953
00,1023,5,13B212,03,40304,2,1,0,01,-,1,1,1,76,30/04/1947,1,03,2,2,5,08, , , , , ,1, ,9327,0
00,1023,5,13B212,03,40304,2,1,0,03,-,1,3,2,48,12/06/1975,1,07,4,2,6,01,1,5,3,2,005000,1, ,9327,0
00,1023,5,13B212,03,40304,3,1,0,03,-,1,3,1,23,20/09/2000,2,07,2,1,6,01,5,5,3,1,999999,1, ,9327,0
00,1023,5,13B212,03,40304,1,1,0,03,-,1,3,1,08,15/04/2015,1,02,1,1, , , , , , , ,1, ,9327,0
00,1023,5,13B212,03,40304,3,1,0,04,-,1,4,2,79,29/10/1943,1,02,6,2,4,07, , , , , ,1,1,9327,37953
00,1023,5,13B212,03,40304,2,1,0,02,-,1,2,2,73,13/01/1950,1,03,3,2,5,07, , , , , ,1, ,9327,0
00,1023,5,13B212,03,40304,1,1,0,02,-,1,3,2,15,21/02/2008,1,03,2,1,6,06, , , , , ,1, ,9327,0
00,1023,5,13B212,03,40304,3,1,0,01,-,1,1,2,51,29/07/1972,1,04,2,2,5,07, , , , , ,1, ,9327,0
00,1023,5,13B212,03,40304,3,1,0,02,-,1,2,1,52,09/09/1971,1,07,3,2,5,01,5,7,3,2,999999,1, ,9327,0
00,1023,5,13B212,03,40304,1,1,0,01,-,1,1,2,38,05/01/1985,1,07,3,2,6,01,1,5,3,2,999999,1,1,9327,9488
00,1023,5,13B212,03,40304,4,1,0,02,-,1,3,2,29,19/01/1994,1,07,5,2,6,01,7,2,2,3,999999,1, ,9327,0
00,1023,1,13A226,03,40354,3,1,0,04,-,1,3,2,18,27/06/2005,1,04,3,2,6,07, , , , , ,1, ,10980,0
00,1023,1,13A226,03,40354,3,1,0,01,-,1,1,2,49,29/09/1974,1,07,4,2,5,07, , , , , ,1,1,10980,44680
00,1023,1,13A226,03,40354,4,1,0,01,-,1,1,1,45,23/04/1978,1,07,5,2,6,01,5,5,3,3,999999,1,1,10980,11170
00,1023,1,13A226,03,40354,1,1,0,01,-,1,1,1,79,26/10/1943,1,04,3,2,5,01,4,4,2,3,999999,1,1,10980,22340
00,1023,1,13A226,03,40354,3,1,0,03,-,1,3,2,21,08/02/2002,1,07,3,1,6,06, , , , , ,1, ,10980,0
00,1023,1,13A226,03,40354,2,1,0,01,-,1,1,2,51,01/11/1971,1,08,2,2,6,01,1,5,2,3,999999,1,1,10980,11170
00,1023,1,13A226,03,40354,1,1,0,02,-,1,2,2,75,18/08/1948,1,03,3,2,5,02,4,4,6,5, ,1, ,10980,0
00,1023,1,13A226,03,40354,3,1,0,02,-,1,2,1,55,15/07/1968,1,07,5,2,5,01,1,5,3,2,999999,1, ,10980,0
00,1023,3,11A224,04,40102,4,1,0,03,-,1,2,2,32,25/09/1991,1,07,4,2,1,01,5,5,3,1,001500,1,1,7240,21874
00,1023,3,11A224,04,40102,4,1,0,04,-,1,3,1,05,06/04/2018,2,01,2,1, , , , , , , ,1, ,7240,0
00,1023,3,11A224,04,40102,2,1,0,02,-,1,2,2,46,14/08/1977,1,07,5,2,5,01,3,7,3,2,005000,1, ,7240,0
00,1023,3,11A224,04,40102,3,1,0,04,-,1,7,1,65,03/10/1958,1,02,6,2,6,09, , , , , ,1, ,7240,0
00,1023,3,11A224,04,40102,4,1,0,02,-,1,4,2,51,14/02/1972,1,03,3,2,3,01,4,4,3,2,999999,1, ,7240,0
00,1023,3,11A224,04,40102,4,1,0,01,-,1,1,1,36,22/09/1987,1,02,6,2,1,01,5,5,5,1,001000,1, ,7240,0
00,1023,3,11A224,04,40102,3,1,0,01,-,1,1,1,68,08/12/1954,1,02,6,2,5,01,5,5,3,2,002600,1, ,7240,0
00,1023,3,11A224,04,40102,3,1,0,03,-,1,3,2,42,30/03/1981,1,07,4,2,6,01,1,5,3,3,002000,1,1,7240,29165
00,1023,3,11A224,04,40102,2,1,0,03,-,1,3,2,18,03/02/2005,1,04,3,1,6,06, , , , , ,1,1,7240,21874
00,1023,3,11A224,04,40102,3,1,0,02,-,1,2,2,64,15/01/1959,2,00, ,2,5,07, , , , , ,1, ,7240,0
00,1023,3,11A224,04,40102,2,1,0,01,-,1,1,1,46,21/04/1977,1,07,5,2,5,01,1,7,3,2,999999,1, ,7240,0
00,1023,7,11A218,04,40136,3,1,0,02,-,1,3,1,20,09/09/2003,1,04,3,2,6,05, , , , , ,1, ,6813,0
00,1023,7,11A218,04,40136,3,1,0,03,-,1,3,1,16,06/08/2007,1,02,6,2,6,05, , , , , ,1, ,6813,0
00,1023,7,11A218,04,40136,2,1,0,03,-,1,3,1,28,27/04/1995,1,04,2,2,6,01,5,5,3,2,999999,1, ,6813,0
00,1023,7,11A218,04,40136,1,1,0,03,-,1,2,2,40,19/09/1983,1,08,3,2,5,01,3,7,3,2,003000,1,1,6813,13721
00,1023,7,11A218,04,40136,4,1,0,03,-,1,3,1,25,25/09/1998,1,07,3,2,6,01,5,5,3,1,001200,1, ,6813,0
00,1023,7,11A218,04,40136,4,1,0,01,-,1,1,1,47,30/08/1976,1,04,3,2,5,01,4,5,1,1,999999,1, ,6813,0
00,1023,7,11A218,04,40136,1,1,0,04,-,1,3,2,03,25/09/2020, , , , , , , , , , , ,1, ,6813,0
00,1023,7,11A218,04,40136,1,1,0,02,-,1,3,1,09,08/07/2014,1,02,3,1, , , , , , , ,1, ,6813,0
00,1023,7,11A218,04,40136,4,1,0,04,-,1,3,1,18,05/07/2005,1,04,2,1,6,06, , , , , ,1, ,6813,0
00,1023,7,11A218,04,40136,4,1,0,02,-,1,2,2,46,26/03/1977,1,04,3,2,5,01,4,5,3,1,001800,1,1,6813,27443
00,1023,7,11A218,04,40136,3,1,0,01,-,1,1,2,40,30/09/1983,1,03,3,2,5,01,5,5,3,1,001300,1,1,6813,20582
00,1023,7,11A218,04,40136,1,1,0,01,-,1,1,1,40,12/01/1983,1,07,5,2,5,01,3,5,3,2,005000,1, ,6813,0
00,1023,7,11A218,04,40136,2,1,0,02,-,1,3,2,35,25/07/1988,1,04,3,2,6,01,3,4,3,2,999999,1,1,6813,20582
00,1023,7,11A218,04,40136,3,1,0,05,-,1,2,1,35,30/08/1988,1,03,3,2,1,01,5,5,3,1,001200,1, ,6813,0
00,1023,7,11A218,04,40136,2,1,0,04,-,1,5,1,02,22/04/2021, , , , , , , , , , , ,1, ,6813,0
00,1023,7,11A218,04,40136,3,1,0,04,-,1,3,1,14,09/06/2009,1,02,6,2,6,01,7,3,3,1,000800,1, ,6813,0
00,1023,7,11A218,04,40136,2,1,0,01,-,1,1,2,64,11/02/1959,1,03,3,2,4,07, , , , , ,1, ,6813,0
00,1023,5,12B212,04,40191,2,1,0,01,-,1,1,1,69,03/03/1954,1,07,5,2,4,08, , , , , ,1,1,8633,8744
00,1023,5,12B212,04,40191,1,1,0,01,-,1,1,1,78,23/02/1945,1,03,1,2,5,08, , , , , ,1, ,8633,0
00,1023,5,12B212,04,40191,1,1,0,02,-,1,2,2,75,24/06/1948,1,03,3,2,5,07, , , , , ,1,1,8633,17488
00,1023,5,12B212,04,40191,4,1,0,01,-,1,1,2,69,16/07/1954,1,02,6,2,4,07, , , , , ,1, ,8633,0
00,1023,5,12B212,04,40191,3,1,2,01,-,1,1,1,29,25/11/1993,1,07,3,2,1,01,3,3,3,3,030000,1,1,8633,17488
00,1023,5,12B212,04,40191,4,1,0,02,-,1,3,2,46,17/04/1977,1,06,2,2,6,01,1,5,3,2,002500,1,1,8633,17488
00,1023,5,12B212,04,40191,3,1,2,03,-,1,3,1,05,02/06/2018,2,01,2,1, , , , , , , ,1, ,8633,0
00,1023,5,12B212,04,40191,3,1,2,02,-,1,2,2,25,05/08/1998,1,04,3,1,1,01,5,5,3,1,000300,1, ,8633,0
00,1023,6,13B211,04,40194,2,1,0,02,-,1,2,2,41,22/12/1981,1,07,5,2,5,01,4,4,2,2,002000,1, ,8874,0
00,1023,6,13B211,04,40194,2,1,0,03,-,1,7,2,85,05/12/1937,1,02,6,2,6,07, , , , , ,1, ,8874,0
00,1023,6,13B211,04,40194,2,1,0,01,-,1,1,1,39,23/11/1983,1,04,3,2,5,01,5,5,2,2,004000,1,1,8874,27082
00,1023,6,13B211,04,40194,3,1,0,02,-,1,2,2,52,04/09/1971,1,06,3,2,5,01,3,7,3,2,999999,1, ,8874,0
00,1023,6,13B211,04,40194,3,1,0,01,-,1,1,1,64,25/12/1958,1,07,4,2,5,08, , , , , ,1, ,8874,0
00,1023,6,13B211,04,40194,1,1,0,01,-,1,1,1,55,19/01/1968,1,07,6,2,5,01,1,5,3,2,005000,1, ,8874,0
00,1023,6,13B211,04,40194,1,1,0,02,-,1,2,2,55,05/07/1968,1,03,3,2,5,08, , , , , ,1,1,8874,18055
00,1023,6,13B211,04,40194,4,1,0,01,-,1,1,2,61,31/05/1962,1,07,3,2,4,01,3,7,3,2,005000,1,1,8874,27082
00,1023,6,13B211,04,40194,4,1,0,04,-,2, , , , , , , , , , , , , , , ,1, ,0,0
00,1023,6,13B211,04,40194,4,1,0,03,-,1,3,1,30,19/06/1993,1,06,4,1,6,01,5,5,3,2,003500,1, ,8874,0
00,1023,6,13B211,04,40194,4,1,0,02,-,1,4,2,90,20/10/1932,1,02,2,2,4,09, , , , , ,1, ,8874,0
00,1023,6,13B211,04,40194,3,1,0,03,-,1,3,2,21,12/06/2002,1,07,3,1,6,06, , , , , ,1,1,8874,27082
00,1023,2,12A225,04,40216,3,1,0,01,-,1,1,1,30,10/10/1993,1,07,4,2,5,01,7,3,3,1,006000,1, ,6922,0
00,1023,2,12A225,04,40216,4,1,0,03,-,1,3,1,23,10/08/2000,1,04,3,2,6,01,5,5,3,2,004000,1,1,6922,21032
00,1023,2,12A225,04,40216,2,1,0,01,-,1,1,2,71,04/08/1952,1,03,2,2,6,08, , , , , ,1,1,6922,7011
00,1023,2,12A225,04,40216,1,1,0,02,-,1,2,2,55,06/11/1967,1,06,3,2,5,07, , , , , ,1,1,6922,21032
00,1023,2,12A225,04,40216,3,1,0,02,-,1,2,2,33,07/11/1989,1,07,4,2,5,01,1,5,3,2,006000,1,1,6922,14022
00,1023,2,12A225,04,40216,4,1,0,01,-,1,1,1,51,11/07/1972,1,03,3,2,5,08, , , , , ,1, ,6922,0
00,1023,2,12A225,04,40216,1,1,0,01,-,1,1,1,60,27/01/1963,1,03,3,2,5,01,5,5,5,1,002000,1, ,6922,0
00,1023,2,12A225,04,40216,4,1,0,04,-,1,3,2,09,28/02/2014,1,02,3,1, , , , , , , ,1, ,6922,0
00,1023,2,12A225,04,40216,1,1,0,03,-,1,3,1,24,30/07/1999,1,07,3,2,6,01,1,5,3,3,999999,1, ,6922,0
00,1023,2,12A225,04,40216,4,1,0,02,-,1,2,2,49,05/12/1973,1,03,3,2,5,07, , , , , ,1, ,6922,0
00,1023,6,11B211,04,40221,3,1,0,01,-,1,1,2,47,09/05/1976,1,03,1,2,4,01,5,5,3,2,003000,1,1,8278,8336
00,1023,6,11B211,04,40221,3,1,0,03,-,1,3,1,17,20/02/2006,1,03,3,2,6,01,7,5,3,1,001600,1, ,8278,0
00,1023,6,11B211,04,40221,4,1,0,02,-,1,2,1,83,01/09/1940,2,00, ,2,5,09, , , , , ,1, ,8278,0
00,1023,6,11B211,04,40221,2,1,0,03,-,1,3,1,22,17/01/2001,1,07,2,1,6,06, , , , , ,1, ,8278,0
00,1023,5,11B211,04,40221,3,1,0,02,-,2, , , , , , , , , , , , , , , ,1, ,0,0
00,1023,6,11B211,04,40221,2,1,0,01,-,1,1,1,48,17/09/1975,1,04,1,2,5,01,5,4,3,2,004000,1,1,8278,25007
00,1023,6,11B211,04,40221,4,1,0,01,-,1,1,2,77,19/10/1945,2,00, ,2,5,08, , , , , ,1,1,8278,16672
00,1023,6,11B211,04,40221,2,1,0,02,-,1,2,2,36,15/05/1987,1,04,2,2,5,07, , , , , ,1, ,8278,0
00,1023,2,11A225,04,40241,4,1,0,01,-,1,1,2,61,29/03/1962,1,02,4,2,1,07, , , , , ,1, ,8568,0
14,1023,2,11A225,04,40241,2,1,0,02,-,1,2,2,32,27/03/1991,1,07,4,2,1,01,3,6,3,1,004000,1, ,8568,0
00,1023,2,11A225,04,40241,3,1,0,02,-,1,3,1,29,20/09/1994,1,07,4,2,6,01,4,4,3,2,999999,1,1,8568,34512
00,1023,2,11A225,04,40241,1,1,0,03,-,1,3,1,13,04/12/2009,1,03,2,1,6,06, , , , , ,1, ,8568,0
00,1023,2,11A225,04,40241,1,1,0,02,-,1,2,2,44,12/10/1978,1,02,4,2,5,01,5,5,3,1,000750,1,1,8568,17256
00,1023,2,11A225,04,40241,3,1,0,04,-,1,3,1,23,30/04/2000,1,07,4,2,6,05, , , , , ,1, ,8568,0
00,1023,2,11A225,04,40241,4,1,0,02,-,1,2,1,64,27/08/1959,1,03,2,2,1,01,7,3,3,1,001500,1,1,8568,25884
00,1023,2,11A225,04,40241,3,1,0,01,-,1,1,2,48,11/12/1974,1,03,3,2,3,07, , , , , ,1, ,8568,0
00,1023,2,11A225,04,40241,4,1,0,03,-,1,3,1,32,07/10/1990,1,04,1,2,2,05, , , , , ,1, ,8568,0
14,1023,2,11A225,04,40241,2,1,0,01,-,1,1,1,33,31/01/1990,1,07,4,2,1,01,3,6,3,2,999999,1, ,8568,0
00,1023,2,11A225,04,40241,3,1,0,03,-,1,3,1,21,27/06/2002,1,04,3,2,6,01,5,5,3,1,999999,1, ,8568,0
00,1023,2,11A225,04,40241,1,1,0,01,-,1,1,1,48,02/11/1974,1,03,3,2,5,01,5,5,3,1,999999,1, ,8568,0
00,1023,2,11A225,04,40241,1,1,0,04,-,1,3,2,10,18/10/2012,1,02,5,1, , , , , , , ,1, ,8568,0
00,1023,4,11A223,04,40346,3,1,0,05,-,1,3,1,21,19/04/2002,1,07,1,1,6,06, , , , , ,1, ,6132,0
00,1023,4,11A223,04,40346,3,1,0,01,-,1,1,1,61,24/01/1962,1,07,4,2,5,08, , , , , ,1, ,6132,0
00,1023,4,11A223,04,40346,2,1,0,03,-,1,3,1,19,10/08/2004,1,04,2,1,6,06, , , , , ,1, ,6132,0
00,1023,4,11A223,04,40346,2,1,0,02,-,1,3,2,30,15/05/1993,1,07,4,2,6,01,3,7,3,2,004000,1, ,6132,0
00,1023,4,11A223,04,40346,2,1,0,01,-,1,1,2,55,20/04/1968,1,04,1,2,5,07, , , , , ,1,1,6132,18524
00,1023,4,11A223,04,40346,3,1,0,04,-,1,3,2,23,25/08/2000,1,07,3,1,6,06, , , , , ,1,1,6132,24699
00,1023,4,11A223,04,40346,3,1,0,02,-,1,2,2,53,15/07/1970,1,06,3,2,5,01,3,5,3,2,999999,1, ,6132,0
00,1023,2,11A223,04,40346,3,1,0,03,-,2, , , , , , , , , , , , , , , ,1, ,0,0
00,1023,8,11A217,04,40351,1,1,0,04,-,1,3,1,13,25/10/2009,1,02,6,1,6,06, , , , , ,1, ,6908,0
00,1023,8,11A217,04,40351,4,1,0,03,-,1,3,2,49,30/08/1974,1,04,3,2,6,07, , , , , ,1, ,6908,0
00,1023,8,11A217,04,40351,2,1,0,01,-,1,1,1,39,02/11/1983,1,03,3,2,5,01,7,2,3,2,999999,1, ,6908,0
00,1023,8,11A217,04,40351,1,1,0,05,-,1,5,1,07,28/08/2016,2,01,2,1, , , , , , , ,1, ,6908,0
00,1023,8,11A217,04,40351,3,1,0,03,-,1,5,1,30,06/03/1993,1,03,3,2,6,05, , , , , ,1, ,6908,0
00,1023,8,11A217,04,40351,2,1,0,03,-,1,3,2,20,11/07/2003,1,07,1,1,6,06, , , , , ,1, ,6908,0
00,1023,4,11A217,04,40351,2,1,0,06,-,2, , , , , , , , , , , , , , , ,1, ,0,0
00,1023,8,11A217,04,40351,4,1,0,07,-,1,5,1,14,15/07/2009,1,02,6,1,6,06, , , , , ,1, ,6908,0
00,1023,8,11A217,04,40351,4,1,0,02,-,1,2,2,66,15/10/1956,1,02,6,2,5,07, , , , , ,1, ,6908,0
00,1023,8,11A217,04,40351,4,1,0,04,-,1,3,2,47,10/07/1976,1,04,3,2,5,01,5,5,3,2,999999,1, ,6908,0
00,1023,8,11A217,04,40351,2,1,0,05,-,1,3,1,07,17/02/2016,2,01,2,1, , , , , , , ,1, ,6908,0
00,1023,8,11A217,04,40351,3,1,0,01,-,1,1,2,72,12/11/1950,1,02,6,2,6,07, , , , , ,1, ,6908,0
00,1023,8,11A217,04,40351,1,1,0,07,-,1,5,2,00,16/12/2022, , , , , , , , , , , ,1, ,6908,0
00,1023,8,11A217,04,40351,2,1,0,04,-,1,3,2,19,24/07/2004,1,04,3,1,6,06, , , , , ,1, ,6908,0
00,1023,8,11A217,04,40351,1,1,0,03,-,1,3,2,23,12/10/1999,1,07,3,2,6,01,4,4,3,1,001500,1,1,6908,27827
00,1023,8,11A217,04,40351,1,1,0,02,-,1,2,2,47,12/08/1976,1,04,3,2,5,07, , , , , ,1, ,6908,0
00,1023,8,11A217,04,40351,3,1,0,02,-,1,5,1,21,31/07/2002,1,04,3,2,6,01,4,4,3,3,002000,1,1,6908,27827
00,1023,8,11A217,04,40351,2,1,0,02,-,1,2,2,38,01/12/1984,1,03,3,2,5,07, , , , , ,1,1,6908,27827
00,1023,8,11A217,04,40351,4,1,0,06,-,1,5,2,18,30/06/2005,1,04,1,1,6,06, , , , , ,1, ,6908,0
00,1023,8,11A217,04,40351,4,1,0,05,-,1,3,1,35,28/01/1988,1,07,5,2,6,01,1,5,2,1,999999,1,1,6908,41741
00,1023,8,11A217,04,40351,4,1,0,01,-,1,1,1,76,28/02/1947,1,02,6,2,5,01,5,5,3,1,001500,1, ,6908,0
00,1023,8,11A217,04,40351,1,1,0,01,-,1,1,1,54,07/05/1969,1,02,3,2,5,01,5,5,2,1,001000,1, ,6908,0
00,1023,8,11A217,04,40351,3,1,0,04,-,1,3,2,49,10/04/1974,1,02,6,2,2,01,4,4,3,1,001000,1, ,6908,0
00,1023,8,11A217,04,40351,1,1,0,06,-,1,3,2,26,05/09/1997,1,04,3,2,6,01,5,4,3,1,001300,1, ,6908,0
00,1023,1,12A226,04,40352,4,1,0,03,-,1,3,2,25,06/02/1998,1,07,3,2,6,05, , , , , ,1,1,8069,32690
00,1023,1,12A226,04,40352,4,1,0,04,-,1,3,2,20,24/02/2003,1,07,1,1,6,06, , , , , ,1, ,8069,0
00,1023,1,12A226,04,40352,3,1,0,02,-,1,8,1,28,24/09/1995,1,04,3,2,6,01,7,3,3,1,001800,1, ,8069,0
00,1023,1,12A226,04,40352,4,1,0,01,-,1,1,1,50,05/12/1972,1,08,2,2,5,01,3,7,3,2,005000,1, ,8069,0
00,1023,1,12A226,04,40352,3,1,0,01,-,1,1,1,42,12/08/1981,1,03,3,2,5,01,7,2,3,1,001500,1,1,8069,16345
00,1023,1,12A226,04,40352,1,1,0,03,-,1,7,1,38,15/08/1985,1,02,6,2,6,01,4,4,3,1,999999,1, ,8069,0
00,1023,1,12A226,04,40352,2,1,0,01,-,1,1,1,50,22/12/1972,1,09,5,2,5,03,1,5,3,2,035000,1,1,8069,16345
00,1023,1,12A226,04,40352,1,1,0,02,-,1,6,1,55,25/04/1968,1,02,6,2,6,05, , , , , ,1,1,8069,24517
00,1023,1,12A226,04,40352,1,1,0,01,-,1,1,2,60,25/07/1963,1,03,1,2,6,08, , , , , ,1, ,8069,0
00,1023,1,12A226,04,40352,4,1,0,02,-,1,2,2,50,15/11/1972,1,07,5,2,5,07, , , , , ,1, ,8069,0
00,1023,1,12A226,04,40352,2,1,0,02,-,1,2,2,46,08/12/1976,1,09,3,2,5,01,1,5,3,2,017000,1, ,8069,0
00,1023,7,13A218,05,40028,1,1,0,03,-,1,5,2,15,28/08/2008,1,03,2,1,6,06, , , , , ,1, ,9572,0
00,1023,7,13A218,05,40028,3,1,0,01,-,1,1,1,61,02/08/1962,1,07,5,2,5,01,1,2,3,1,003800,1,1,9572,19475
00,1023,7,13A218,05,40028,1,1,0,01,-,1,1,1,68,13/02/1955,1,07,5,2,5,08, , , , , ,1, ,9572,0
00,1023,7,13A218,05,40028,1,1,0,02,-,1,2,2,67,19/07/1956,1,07,4,2,5,07, , , , , ,1,1,9572,19475
00,1023,7,13A218,05,40028,4,1,0,02,-,1,2,2,65,29/08/1958,1,06,4,2,5,08, , , , , ,1, ,9572,0
00,1023,7,13A218,05,40028,4,1,0,01,-,1,1,1,67,02/10/1956,1,07,4,2,5,01,1,3,3,1,005000,1,1,9572,19475
00,1023,7,13A218,05,40028,3,1,0,02,-,1,2,2,59,25/04/1964,1,06,3,2,5,07, , , , , ,1, ,9572,0
00,1023,1,11A226,05,40091,2,1,0,01,-,1,1,1,27,21/12/1995,1,04,3,1,5,01,7,2,3,1,999999,1,1,8516,17151
00,1023,1,11A226,05,40091,3,1,0,02,-,1,8,2,37,15/07/1986,1,04,3,2,2,01,7,2,3,1,002000,1, ,8516,0
00,1023,1,11A226,05,40091,3,1,0,04,-,1,3,2,17,14/07/2006,1,04,1,1,6,01,5,4,3,1,001500,1, ,8516,0
00,1023,1,11A226,05,40091,3,1,0,01,-,1,1,1,40,23/01/1983,1,03,3,2,2,01,7,2,3,1,999999,1, ,8516,0
00,1023,1,11A226,05,40091,4,1,0,01,-,1,1,1,43,02/09/1980,1,04,3,2,1,01,7,2,3,1,004000,1, ,8516,0
00,1023,1,11A226,05,40091,4,1,0,03,-,1,3,2,00,22/06/2023, , , , , , , , , , , ,1, ,8516,0
00,1023,1,11A226,05,40091,1,1,0,03,-,1,3,1,08,26/12/2014,1,02,2,1, , , , , , , ,1, ,8516,0
00,1023,1,11A226,05,40091,2,1,0,04,-,1,3,2,04,27/02/2019, , , , , , , , , , , ,1, ,8516,0
00,1023,1,11A226,05,40091,1,1,0,04,-,1,3,2,07,19/01/2016,1,02,1,1, , , , , , , ,1, ,8516,0
00,1023,1,11A226,05,40091,1,1,0,02,-,1,2,2,35,19/09/1988,1,03,3,2,5,07, , , , , ,1,1,8516,17151
00,1023,1,11A226,05,40091,3,1,0,03,-,1,3,2,18,04/06/2005,1,04,3,2,6,01,7,2,3,1,002500,1,1,8516,25727
00,1023,1,11A226,05,40091,1,1,0,01,-,1,1,1,39,08/04/1984,1,03,3,2,5,01,5,5,3,1,002500,1, ,8516,0
00,1023,1,11A226,05,40091,4,1,0,02,-,1,2,2,24,14/11/1998,1,04,3,2,1,01,7,2,3,1,002000,1,1,8516,17151
00,1023,1,11A226,05,40091,2,1,0,03,-,1,3,2,06,26/06/2017,2,01,3,1, , , , , , , ,1, ,8516,0
00,1023,1,11A226,05,40091,1,1,0,05,-,1,3,1,05,18/11/2017,2,01,2,1, , , , , , , ,1, ,8516,0
00,1023,1,11A226,05,40091,2,1,0,02,-,1,2,2,27,15/08/1996,1,04,3,2,5,01,7,2,3,1,001600,1, ,8516,0
00,1023,7,11A218,05,40129,4,1,0,01,-,1,1,1,62,12/10/1960,1,03,3,2,5,01,4,4,3,1,001600,1,1,8522,25745
00,1023,7,11A218,05,40129,2,1,0,03,-,1,3,2,30,27/05/1993,1,07,4,2,6,01,1,5,3,2,003000,1, ,8522,0
00,1023,7,11A218,05,40129,1,1,0,03,-,1,3,1,14,09/07/2009,1,03,1,1,6,06, , , , , ,1, ,8522,0
00,1023,7,11A218,05,40129,1,1,0,01,-,1,1,1,35,05/04/1988,1,04,3,2,5,01,7,2,3,2,999999,1,1,8522,17164
00,1023,7,11A218,05,40129,3,1,0,03,-,1,3,1,09,29/05/2014,1,02,2,1, , , , , , , ,1, ,8522,0
00,1023,7,11A218,05,40129,4,1,0,03,-,1,3,1,27,31/01/1996,1,04,2,2,2,01,7,2,3,1,001900,1, ,8522,0
00,1023,7,11A218,05,40129,2,1,0,04,-,1,3,1,22,18/05/2001,1,04,3,2,6,01,5,5,2,1,999999,1, ,8522,0
00,1023,7,11A218,05,40129,3,1,0,04,-,1,3,1,06,13/01/2017,2,01,2,1, , , , , , , ,1, ,8522,0
00,1023,7,11A218,05,40129,2,1,0,05,-,1,2,1,53,07/09/1970,1,02,6,2,5,01,5,5,3,1,999999,1, ,8522,0
00,1023,7,11A218,05,40129,4,1,0,02,-,1,2,2,59,09/11/1963,1,03,3,2,5,07, , , , , ,1, ,8522,0
00,1023,7,11A218,05,40129,3,1,0,01,-,1,1,1,33,21/06/1990,1,07,1,2,5,01,1,2,3,1,003000,1,1,8522,17164
00,1023,7,11A218,05,40129,1,1,0,02,-,1,2,2,34,03/05/1989,1,04,3,2,5,07, , , , , ,1, ,8522,0
00,1023,7,11A218,05,40129,2,1,0,01,-,1,1,2,50,09/12/1972,1,03,3,2,5,07, , , , , ,1,1,8522,42909
00,1023,7,11A218,05,40129,3,1,0,02,-,1,2,2,30,01/01/1993,1,04,3,2,5,07, , , , , ,1, ,8522,0
00,1023,7,11A218,05,40129,2,1,0,02,-,1,3,1,26,17/12/1996,1,04,3,2,6,01,5,5,3,1,001200,1, ,8522,0
00,1023,7,11A218,05,40129,1,1,0,04,-,1,3,1,08,05/03/2015,1,02,1,1, , , , , , , ,1, ,8522,0
00,1023,3,12A224,05,40152,4,1,0,01,-,1,1,1,31,14/12/1991,1,04,2,2,5,01,7,2,3,1,002500,1,1,8863,17953
14,1023,3,12A224,05,40152,2,1,0,02,-,1,3,2,26,26/06/1997,1,07,2,2,5,07, , , , , ,1, ,8863,0
00,1023,3,12A224,05,40152,4,1,0,02,-,1,2,2,31,29/09/1992,1,07,1,1,5,07, , , , , ,1, ,8863,0
14,1023,3,12A224,05,40152,2,1,0,03,-,1,5,1,23,15/06/2000,1,04,3,2,5,01,5,6,5,2,999999,1, ,8863,0
00,1023,3,12A224,05,40152,3,1,0,02,-,1,2,2,75,24/06/1948,1,03,1,2,5,07, , , , , ,1,1,8863,17953
14,1023,3,12A224,05,40152,2,1,0,01,-,1,1,2,60,19/04/1963,1,06,3,2,4,07, , , , , ,1, ,8863,0
00,1023,3,12A224,05,40152,1,1,0,02,-,1,2,2,65,15/04/1958,1,05,4,2,5,08, , , , , ,1, ,8863,0
00,1023,3,12A224,05,40152,1,1,0,01,-,1,1,1,63,16/02/1960,1,04,3,2,5,01,5,5,3,1,999999,1,1,8863,17953
00,1023,3,12A224,05,40152,3,1,0,01,-,1,1,1,76,04/01/1947,1,02,6,2,5,08, , , , , ,1, ,8863,0
00,1023,3,12A224,05,40152,4,1,0,03,-,1,3,2,02,20/06/2021, , , , , , , , , , , ,1, ,8863,0
00,1023,3,11A224,05,40153,3,1,0,01,-,1,1,2,40,22/12/1982,1,04,3,2,6,01,7,2,3,1,002000,1,1,20971,21118
00,1023,3,11A224,05,40153,1,1,0,02,-,1,2,2,47,11/09/1976,1,03,3,2,1,01,7,2,3,1,002000,1,1,20971,42236
00,1023,3,11A224,05,40153,2,1,0,02,-,1,2,2,46,02/11/1976,1,03,3,2,5,07, , , , , ,1, ,20971,0
00,1023,3,11A224,05,40153,2,1,0,01,-,1,1,1,46,16/12/1976,1,04,2,2,5,01,5,3,3,1,001600,1, ,20971,0
00,1023,3,11A224,05,40153,4,1,0,02,-,1,3,1,49,25/04/1974,1,03,3,2,6,01,1,5,2,1,001200,1,1,20971,42236
00,1023,3,11A224,05,40153,4,1,0,01,-,1,1,2,90,15/06/1933,1,02,3,2,4,09, , , , , ,1, ,20971,0
00,1023,3,11A224,05,40153,3,1,0,02,-,1,3,2,11,25/03/2012,1,02,5,1, , , , , , , ,1, ,20971,0
00,1023,3,11A224,05,40153,1,1,0,01,-,1,1,1,42,02/12/1980,1,03,3,2,1,01,5,5,3,1,002500,1, ,20971,0
00,1023,3,11A224,05,40153,2,1,0,03,-,1,3,1,20,23/06/2003,1,07,1,1,6,01,4,4,3,1,000250,1,1,20971,63355
00,1023,3,11A224,05,40153,1,1,0,03,-,1,3,1,17,17/07/2006,1,04,1,2,6,04, , , , , ,1, ,20971,0
00,1023,6,12B211,05,40191,2,1,0,05,-,1,3,2,09,25/03/2014,1,02,2,1, , , , , , , ,1, ,8069,0
00,1023,6,12B211,05,40191,1,1,0,09,-,1,5,1,08,20/02/2015,2,02,1,1, , , , , , , ,1, ,8069,0
00,1023,6,12B211,05,40191,2,1,0,04,-,1,3,2,15,28/08/2008,1,03,2,1,6,06, , , , , ,1, ,8069,0
00,1023,6,12B211,05,40191,2,1,0,01,-,1,1,1,40,17/04/1983,1,06,3,2,5,01,5,2,3,1,004000,1,1,8069,24517
00,1023,6,12B211,05,40191,1,1,0,02,-,1,3,2,31,15/08/1992,1,07,3,2,2,01,7,2,3,1,002200,1, ,8069,0
00,1023,6,12B211,05,40191,1,1,0,01,-,1,1,2,58,02/09/1965,1,02,6,2,4,07, , , , , ,1,1,8069,32690
00,1023,6,12B211,05,40191,1,1,0,07,-,1,5,2,12,06/04/2011,1,02,5,1,6,06, , , , , ,1, ,8069,0
00,1023,6,12B211,05,40191,1,1,0,10,-,1,5,2,07,05/10/2016,2,01,2,1, , , , , , , ,1, ,8069,0
00,1023,6,12B211,05,40191,1,1,0,03,-,1,3,2,37,07/06/1986,1,07,4,2,1,01,4,4,3,1,001200,1, ,8069,0
00,1023,6,12B211,05,40191,2,1,0,02,-,1,2,2,39,05/09/1984,1,07,5,2,5,01,4,4,2,1,004000,1, ,8069,0
00,1023,6,12B211,05,40191,1,1,0,06,-,1,5,1,12,28/10/2010,1,02,6,1,6,06, , , , , ,1, ,8069,0
00,1023,6,12B211,05,40191,1,1,0,08,-,1,5,1,99, , , , , , , , , , , , ,1, ,8069,0
00,1023,6,12B211,05,40191,1,1,0,11,-,1,5,1,05,02/12/2017,2,01,1,1, , , , , , , ,1, ,8069,0
00,1023,6,12B211,05,40191,1,1,0,05,-,1,5,1,17,10/07/2006,1,03,3,1,6,06, , , , , ,1, ,8069,0
00,1023,6,12B211,05,40191,2,1,0,06,-,1,3,2,02,05/09/2021, , , , , , , , , , , ,1, ,8069,0
00,1023,6,12B211,05,40191,2,1,0,03,-,1,3,1,18,07/05/2005,1,03,3,1,6,06, , , , , ,1, ,8069,0
00,1023,6,12B211,05,40191,1,1,0,04,-,1,7,1,42,21/03/1981,1,03,3,2,1,01,5,5,3,1,999999,1, ,8069,0
00,1023,2,12A225,05,40249,3,1,0,03,-,1,3,2,17,16/09/2006,1,04,3,1,6,06, , , , , ,1, ,7826,0
00,1023,2,12A225,05,40249,4,1,0,05,-,1,5,1,10,02/01/2013,1,02,4,1, , , , , , , ,1, ,7826,0
00,1023,2,12A225,05,40249,3,1,0,04,-,1,3,1,15,09/12/2007,1,03,3,1,6,06, , , , , ,1, ,7826,0
00,1023,2,12A225,05,40249,3,1,0,02,-,1,2,2,35,27/01/1988,1,04,3,1,5,01,5,5,3,1,999999,1,1,7826,23779
00,1023,2,12A225,05,40249,1,1,0,01,-,1,1,2,50,21/07/1973,1,03,3,2,2,07, , , , , ,1,1,7826,7926
00,1023,2,12A225,05,40249,2,1,0,01,-,1,1,2,31,01/05/1992,1,03,3,2,3,01,1,5,3,1,001000,1,1,7826,7926
00,1023,2,12A225,05,40249,4,1,0,03,-,1,3,2,47,02/02/1976,1,04,1,2,5,07, , , , , ,1,1,7826,23779
00,1023,2,12A225,05,40249,4,1,0,04,-,2, , , , , , , , , , , , , , , ,1, ,0,0
00,1023,2,12A225,05,40249,3,1,0,05,-,1,3,1,14,27/05/2009,1,03,2,1,6,06, , , , , ,1, ,7826,0
00,1023,2,12A225,05,40249,3,1,0,06,-,1,4,1,76,08/05/1947,1,02,6,2,4,09, , , , , ,1, ,7826,0
00,1023,2,12A225,05,40249,4,1,0,02,-,1,5,1,47,06/12/1975,1,03,3,2,5,01,5,5,3,2,999999,1, ,7826,0
00,1023,2,12A225,05,40249,2,1,0,02,-,1,3,1,11,04/11/2011,1,02,6,1, , , , , , , ,1, ,7826,0
00,1023,2,12A225,05,40249,2,1,0,03,-,1,3,2,08,22/02/2015,1,02,2,1, , , , , , , ,1, ,7826,0
00,1023,2,12A225,05,40249,4,1,0,01,-,1,1,2,74,23/10/1948,1,02,6,2,4,08, , , , , ,1, ,7826,0
00,1023,2,12A225,05,40249,3,1,0,01,-,1,1,1,45,06/03/1978,1,04,2,2,5,01,5,5,3,1,999999,1, ,7826,0
00,1023,4,13A223,05,40309,1,1,0,04,-,1,5,2,18,08/04/2005,1,04,2,1,6,06, , , , , ,1,1,10613,43186
00,1023,4,13A223,05,40309,4,1,0,03,-,1,3,2,16,15/01/2007,1,04,1,1,6,06, , , , , ,1, ,10613,0
00,1023,4,13A223,05,40309,3,1,0,02,-,1,3,1,25,15/09/1998,1,07,4,2,6,01,4,4,3,1,002000,1,1,10613,43186
00,1023,4,13A223,05,40309,2,1,0,03,-,1,3,2,03,14/08/2020, , , , , , , , , , , ,1, ,10613,0
00,1023,4,13A223,05,40309,4,1,0,02,-,1,2,2,50,25/06/1973,1,04,3,2,5,01,4,4,3,1,001600,1, ,10613,0
00,1023,4,13A223,05,40309,3,1,0,03,-,1,3,2,23,19/12/1999,1,07,4,1,6,01,4,4,3,1,002000,1, ,10613,0
00,1023,4,13A223,05,40309,3,1,0,01,-,1,1,2,47,09/04/1976,1,03,3,2,6,01,4,4,3,1,002500,1, ,10613,0
00,1023,4,13A223,05,40309,2,1,0,01,-,1,1,1,40,06/05/1983,1,07,4,2,5,01,1,5,2,1,999999,1,1,10613,21593
00,1023,4,13A223,05,40309,1,1,0,01,-,1,1,2,58,29/04/1965,1,03,3,2,3,07, , , , , ,1, ,10613,0
00,1023,4,13A223,05,40309,4,1,0,04,-,1,3,1,24,26/02/1999,1,07,4,2,5,01,3,5,3,1,002000,1, ,10613,0
00,1023,4,13A223,05,40309,1,1,0,03,-,1,3,2,32,08/10/1991,1,07,4,2,6,01,1,2,3,1,999999,1, ,10613,0
00,1023,4,13A223,05,40309,2,1,0,02,-,1,2,2,40,29/10/1982,1,07,4,2,5,07, , , , , ,1, ,10613,0
00,1023,4,13A223,05,40309,1,1,0,02,-,1,3,2,38,07/04/1985,1,06,2,2,6,04, , , , , ,1, ,10613,0
00,1023,4,13A223,05,40309,4,1,0,01,-,1,1,1,59,06/12/1963,1,07,5,2,5,01,1,4,3,3,999999,1,1,10613,32390
00,1023,4,13A223,05,40309,3,1,0,04,-,1,3,2,21,12/02/2002,1,04,3,2,6,01,4,4,3,1,002000,1, ,10613,0
15,1023,1,12A226,05,40312,3,1,0,03,-,1,3,1,12,10/11/2010,1,03,1,1,6,06, , , , , ,1, ,8379,0
00,1023,1,12A226,05,40312,1,1,0,01,-,1,1,1,60,06/10/1963,1,04,2,2,5,01,5,5,3,2,010000,1,1,8379,33947
00,1023,1,12A226,05,40312,1,1,0,02,-,1,2,2,54,02/12/1968,1,03,3,2,5,07, , , , , ,1, ,8379,0
00,1023,1,12A226,05,40312,2,1,0,01,-,1,1,1,32,12/01/1991,1,09,4,1,1,01,1,7,3,2,008000,1, ,8379,0
00,1023,1,12A226,05,40312,4,1,0,03,-,1,5,1,30,10/08/1993,1,07,4,2,5,01,5,5,2,1,999999,1, ,8379,0
00,1023,1,12A226,05,40312,1,1,0,03,-,1,3,1,28,15/03/1995,1,04,2,2,6,01,4,4,2,1,999999,1, ,8379,0
00,1023,1,12A226,05,40312,4,1,0,02,-,1,3,2,30,08/01/1993,1,07,3,2,5,07, , , , , ,1,1,8379,25460
15,1023,1,12A226,05,40312,3,1,0,01,-,1,1,2,45,27/11/1977,1,03,3,2,6,01,4,4,3,1,002500,1, ,8379,0
15,1023,1,12A226,05,40312,3,1,0,02,-,1,3,1,27,04/06/1996,1,03,3,2,6,01,5,5,3,1,003500,1, ,8379,0
00,1023,1,12A226,05,40312,4,1,0,04,-,1,5,1,03,27/05/2020, , , , , , , , , , , ,1, ,8379,0
00,1023,1,12A226,05,40312,4,1,0,01,-,1,1,2,72,01/12/1950,1,02,6,2,4,07, , , , , ,1, ,8379,0
00,1023,1,12A226,05,40312,1,1,0,04,-,1,3,1,25,12/10/1997,1,04,2,2,6,01,5,5,3,2,009000,1, ,8379,0
00,1023,1,12A226,05,40312,2,1,0,02,-,1,2,2,31,14/05/1992,1,08,2,2,1,01,1,4,3,1,004000,1,1,8379,16973
00,1023,5,12B212,05,40323,4,1,0,01,-,1,1,1,43,29/08/1980,1,07,5,2,5,01,1,5,3,2,999999,1, ,9776,0
00,1023,5,12B212,05,40323,4,1,0,02,-,1,2,2,43,26/05/1980,1,07,5,2,5,01,1,5,3,2,999999,1, ,9776,0
00,1023,5,12B212,05,40323,1,1,0,02,-,1,3,1,16,06/04/2007,1,03,3,2,6,07, , , , , ,1, ,9776,0
00,1023,5,12B212,05,40323,4,1,0,03,-,1,3,1,21,06/10/2002,1,07,2,1,6,06, , , , , ,1,1,9776,29703
00,1023,5,12B212,05,40323,3,1,0,01,-,1,1,1,68,02/02/1955,1,07,5,2,3,01,1,5,2,3,040000,1,1,9776,9901
00,1023,5,12B212,05,40323,4,1,0,04,-,1,3,2,12,27/10/2010,1,02,5,1,6,06, , , , , ,1, ,9776,0
00,1023,3,12B212,05,40323,2,1,0,02,-,2, , , , , , , , , , , , , , , ,1, ,0,0
00,1023,5,12B212,05,40323,1,1,0,01,-,1,1,2,57,04/06/1966,1,03,3,2,3,03,7,2,3,1,002300,1,1,9776,9901
00,1023,3,12B212,05,40323,2,1,0,03,-,2, , , , , , , , , , , , , , , ,1, ,0,0
00,1023,5,12B212,05,40323,2,1,0,06,-,1,5,2,29,10/01/1994,1,03,3,2,1,01,7,2,3,1,002200,1,1,9776,19802
00,1023,5,12B212,05,40323,2,1,0,07,-,1,5,1,03,07/11/2019, , , , , , , , , , , ,1, ,9776,0
00,1023,3,12B212,05,40323,2,1,0,05,-,2, , , , , , , , , , , , , , , ,1, ,0,0
00,1023,3,12B212,05,40323,2,1,0,01,-,2, , , , , , , , , , , , , , , ,1, ,0,0
00,1023,5,12B212,05,40323,2,1,0,04,-,1,3,1,28,06/08/1995,1,03,3,2,1,01,7,2,3,1,002500,1, ,9776,0
00,1023,8,12A217,05,40348,2,1,0,01,-,1,1,1,49,28/02/1974,1,06,3,2,5,01,7,2,3,1,999999,1, ,7558,0
00,1023,8,12A217,05,40348,3,1,1,05,-,1,3,1,07,30/01/2016,1,02,1,1, , , , , , , ,1, ,7558,0
00,1023,8,12A217,05,40348,4,1,0,01,-,1,1,2,32,05/02/1991,1,07,5,2,6,01,3,5,3,1,005000,1,1,7558,7655
00,1023,8,12A217,05,40348,2,1,0,02,-,1,2,2,47,05/10/1976,1,04,3,1,5,01,3,7,3,2,005000,1, ,7558,0
00,1023,8,12A217,05,40348,3,1,1,04,-,1,3,2,18,30/09/2005,1,04,2,1,6,06, , , , , ,1, ,7558,0
00,1023,8,12A217,05,40348,2,1,0,03,-,1,3,2,26,03/05/1997,1,07,4,1,6,01,3,7,3,2,005000,1, ,7558,0
00,1023,8,12A217,05,40348,3,1,1,02,-,1,2,2,42,25/01/1981,1,04,2,2,5,07, , , , , ,1,1,7558,30619
00,1023,8,12A217,05,40348,1,1,0,01,-,1,1,1,54,21/04/1969,1,04,3,2,6,01,5,3,3,1,001600,1,1,7558,7655
00,1023,5,12A217,05,40348,1,1,0,02,-,2, , , , , , , , , , , , , , , ,1, ,0,0
00,1023,8,12A217,05,40348,3,1,1,03,-,1,3,1,23,22/08/2000,1,04,3,2,6,01,7,2,3,1,002200,1, ,7558,0
00,1023,8,12A217,05,40348,3,1,1,01,-,1,1,1,43,17/05/1980,1,03,3,2,5,01,1,4,3,1,003500,1, ,7558,0
00,1023,8,12A217,05,40348,2,1,0,04,-,1,3,1,23,13/07/2000,1,07,5,2,6,01,1,2,3,3,999999,1,1,7558,30619
00,1023,4,11A223,05,40371,1,1,0,01,-,1,1,1,52,01/07/1971,1,03,3,2,5,01,7,2,3,1,002700,1, ,9880,0
00,1023,4,11A223,05,40371,1,1,0,03,-,1,3,1,14,01/01/2009,1,03,3,2,6,10, , , , , ,1, ,9880,0
00,1023,4,11A223,05,40371,2,1,0,05,-,1,5,2,03,31/03/2020, , , , , , , , , , , ,1, ,9880,0
00,1023,4,11A223,05,40371,2,1,0,03,-,1,3,1,22,24/11/2000,1,04,3,2,6,09, , , , , ,1,1,9880,39797
00,1023,4,11A223,05,40371,2,1,0,01,-,1,1,1,47,11/09/1976,1,02,6,2,5,01,5,7,3,2,003000,1, ,9880,0
00,1023,4,11A223,05,40371,4,1,0,02,-,1,2,2,26,09/02/1997,1,04,3,2,1,07, , , , , ,1,1,9880,19898
00,1023,4,11A223,05,40371,2,1,0,02,-,1,2,2,43,16/04/1980,1,02,6,2,5,07, , , , , ,1, ,9880,0
00,1023,4,11A223,05,40371,4,1,0,01,-,1,1,1,30,22/10/1992,1,07,2,2,1,01,1,4,3,2,007000,1, ,9880,0
00,1023,4,11A223,05,40371,3,1,0,04,-,1,3,1,28,22/07/1995,1,06,3,2,6,01,1,2,3,1,999999,1, ,9880,0
00,1023,4,11A223,05,40371,4,1,0,04,-,1,3,2,03,03/01/2020, , , , , , , , , , , ,1, ,9880,0
00,1023,4,11A223,05,40371,2,1,0,04,-,1,3,2,20,17/09/2003,1,04,3,2,1,07, , , , , ,1, ,9880,0
00,1023,4,11A223,05,40371,1,1,0,02,-,1,2,2,43,10/03/1980,1,02,6,2,5,07, , , , , ,1,1,9880,19898
00,1023,4,11A223,05,40371,3,1,0,01,-,1,1,2,68,20/07/1955,2,00, ,2,4,07, , , , , ,1, ,9880,0
00,1023,4,11A223,05,40371,1,1,0,05,-,1,3,1,11,13/02/2012,1,02,5,1, , , , , , , ,1, ,9880,0
00,1023,4,11A223,05,40371,3,1,0,02,-,1,3,1,47,30/03/1976,1,02,6,2,6,10, , , , , ,1,1,9880,29848
00,1023,2,11A223,05,40371,3,1,0,03,-,2, , , , , , , , , , , , , , , ,1, ,0,0
00,1023,4,11A223,05,40371,4,1,0,03,-,1,3,2,06,09/08/2017,2,01,2,1, , , , , , , ,1, ,9880,0
00,1023,4,11A223,05,40371,1,1,0,04,-,1,3,1,13,09/12/2009,1,03,2,1,6,06, , , , , ,1, ,9880,0
00,1023,8,11A217,05,40381,3,1,0,05,-,1,7,2,21,13/10/2001,1,04,3,2,6,01,7,2,3,1,002000,1,1,7394,29785
00,1023,8,11A217,05,40381,3,1,0,02,-,1,2,2,49,30/08/1974,1,03,3,2,5,01,5,5,3,1,999999,1, ,7394,0
00,1023,2,11A217,05,40381,3,1,0,03,-,2, , , , , , , , , , , , , , , ,1, ,0,0
00,1023,8,11A217,05,40381,3,1,0,04,-,1,3,2,20,30/08/2003,1,04,3,1,6,01,7,2,3,1,001900,1, ,7394,0
00,1023,8,11A217,05,40381,3,1,0,01,-,1,1,1,54,09/08/1969,1,02,6,2,5,01,7,2,3,1,999999,1, ,7394,0
00,1023,8,11A217,05,40381,4,1,0,02,-,1,3,2,26,21/01/1997,1,03,3,2,6,01,5,5,2,1,001100,1,1,7394,14893
00,1023,8,11A217,05,40381,4,1,0,04,-,1,5,2,08,15/06/2015,2,01,3,1, , , , , , , ,1, ,7394,0
00,1023,8,11A217,05,40381,4,1,0,05,-,1,5,1,27,30/08/1996,1,03,3,2,1,01,5,3,4,1,001500,1, ,7394,0
00,1023,3,11A217,05,40381,4,1,0,03,-,2, , , , , , , , , , , , , , , ,1, ,0,0
00,1023,3,11A217,05,40381,4,1,0,01,-,2, , , , , , , , , , , , , , , ,1, ,0,0
00,1023,5,12B212,05,40419,2,1,0,04,-,1,5,1,11,17/01/2012,1,02,4,1, , , , , , , ,1, ,8790,0
00,1023,5,12B212,05,40419,2,1,0,03,-,1,2,2,75,07/09/1948,1,06,3,2,5,08, , , , , ,1, ,8790,0
00,1023,5,12B212,05,40419,1,1,0,02,-,1,3,2,49,05/10/1973,1,06,3,2,6,01,3,7,3,2,005000,1, ,8790,0
00,1023,5,12B212,05,40419,4,1,0,01,-,1,1,1,65,01/08/1958,1,07,4,2,3,01,1,7,3,2,015000,1,1,8790,8903
00,1023,5,12B212,05,40419,2,1,0,01,-,1,1,1,76,02/10/1947,1,06,2,2,5,08, , , , , ,1,1,8790,26708
00,1023,5,12B212,05,40419,1,1,0,03,-,1,5,2,25,19/04/1998,1,07,5,2,6,01,3,2,3,3,007000,1, ,8790,0
00,1023,5,12B212,05,40419,1,1,0,04,-,1,5,1,22,27/08/2001,1,07,4,1,6,01,1,2,3,3,003000,1, ,8790,0
00,1023,5,12B212,05,40419,3,1,0,01,-,1,1,1,65,05/10/1958,1,07,4,2,5,08, , , , , ,1,1,8790,17805
00,1023,5,12B212,05,40419,2,1,0,02,-,1,3,2,42,18/04/1981,1,07,5,2,2,01,1,7,3,2,008000,1, ,8790,0
00,1023,5,12B212,05,40419,1,1,0,01,-,1,1,2,70,30/05/1953,1,06,2,2,4,01,4,5,5,3,999999,1,1,8790,35611
00,1023,5,12B212,05,40419,2,1,0,05,-,1,5,2,10,15/08/2013,1,02,3,1, , , , , , , ,1, ,8790,0
00,1023,5,12B212,05,40419,3,1,0,02,-,1,2,2,67,29/01/1956,1,07,5,2,5,07, , , , , ,1, ,8790,0
00,1023,3,11A224,06,40024,4,1,0,05,-,2, , , , , , , , , , , , , , , ,1, ,0,0
00,1023,3,11A224,06,40024,1,1,0,01,-,1,1,2,52,27/11/1970,1,03,3,2,5,07, , , , , ,1,1,7317,7369
00,1023,3,11A224,06,40024,2,1,0,02,-,1,2,2,47,21/11/1975,1,06,3,2,5,07, , , , , ,1,1,7317,22106
00,1023,3,11A224,06,40024,3,1,0,01,-,1,1,1,60,17/11/1962,1,03,3,2,6,08, , , , , ,1,1,7317,7369
00,1023,3,11A224,06,40024,4,1,0,02,-,1,3,1,36,12/01/1987,1,02,6,2,6,01,7,3,3,1,002100,1, ,7317,0
00,1023,3,11A224,06,40024,4,1,0,04,-,2, , , , , , , , , , , , , , , ,1, ,0,0
00,1023,3,11A224,06,40024,4,1,0,03,-,2, , , , , , , , , , , , , , , ,1, ,0,0
00,1023,3,11A224,06,40024,2,1,0,03,-,1,3,1,19,12/02/2004,1,04,2,1,6,06, , , , , ,1, ,7317,0
00,1023,3,11A224,06,40024,2,1,0,01,-,1,1,1,53,27/11/1969,1,04,3,2,5,01,5,5,3,2,007500,1, ,7317,0
00,1023,3,11A224,06,40024,4,1,0,01,-,1,1,2,60,31/08/1963,1,02,6,2,4,07, , , , , ,1,1,7317,14738
00,1023,3,11A224,06,40024,2,1,0,04,-,1,3,1,17,21/05/2006,1,04,3,1,6,06, , , , , ,1, ,7317,0
00,1023,7,11A218,06,40063,3,1,0,01,-,1,1,1,24,06/06/1999,1,07,3,2,1,01,1,5,3,2,999999,1,1,7061,14222
00,1023,7,11A218,06,40063,2,1,0,02,-,1,3,2,39,15/06/1984,1,02,2,2,6,01,5,5,3,2,999999,1, ,7061,0
00,1023,7,11A218,06,40063,4,1,0,01,-,1,1,2,73,27/05/1950,2,06,2,2,5,08, , , , , ,1,1,7061,7111
00,1023,7,11A218,06,40063,2,1,0,01,-,1,1,1,58,06/11/1964,1,02,3,2,2,08, , , , , ,1,1,7061,14222
00,1023,7,11A218,06,40063,3,1,0,02,-,1,2,2,23,16/06/2000,1,07,2,1,1,06, , , , , ,1, ,7061,0
00,1023,7,11A218,06,40063,1,1,0,01,-,1,1,1,61,15/06/1962,1,03,3,2,2,08, , , , , ,1,1,7061,7111
00,1023,3,13A224,06,40152,2,1,0,01,-,1,1,1,37,12/07/1986,1,06,2,2,5,01,5,5,2,1,999999,1, ,8825,0
00,1023,3,13A224,06,40152,1,1,0,04,-,1,5,2,09,10/01/2014,1,02,3,1, , , , , , , ,1, ,8825,0
00,1023,3,13A224,06,40152,3,1,0,03,-,1,3,2,03,09/09/2020, , , , , , , , , , , ,1, ,8825,0
00,1023,3,13A224,06,40152,3,1,0,02,-,1,2,2,24,17/04/1999,1,04,3,2,5,07, , , , , ,1,1,8825,17955
00,1023,3,13A224,06,40152,2,1,0,03,-,1,3,2,08,08/10/2015,1,02,2,1, , , , , , , ,1, ,8825,0
00,1023,3,13A224,06,40152,4,1,0,01,-,1,1,1,63,26/04/1960,1,07,3,2,1,01,5,5,5,2,006000,1, ,8825,0
00,1023,3,13A224,06,40152,4,1,0,03,-,1,3,2,20,01/09/2003,1,04,3,1,6,01,5,5,5,2,999999,1, ,8825,0
00,1023,3,13A224,06,40152,3,1,0,01,-,1,1,1,24,11/11/1998,1,04,3,2,5,01,5,5,3,1,999999,1, ,8825,0
00,1023,3,13A224,06,40152,4,1,0,02,-,1,2,2,40,27/08/1983,1,07,3,2,1,07, , , , , ,1,1,8825,26933
00,1023,3,13A224,06,40152,1,1,0,01,-,1,1,2,60,15/05/1963,1,02,6,2,6,07, , , , , ,1, ,8825,0
00,1023,3,13A224,06,40152,4,1,0,05,-,1,3,2,09,19/05/2014,1,02,3,1, , , , , , , ,1, ,8825,0
00,1023,3,13A224,06,40152,1,1,0,03,-,1,5,2,24,29/05/1999,1,04,3,2,6,01,4,4,3,1,002000,1,1,8825,17955
00,1023,3,13A224,06,40152,4,1,0,04,-,1,3,1,15,09/09/2008,1,03,3,1,6,06, , , , , ,1, ,8825,0
00,1023,3,13A224,06,40152,2,1,0,02,-,1,2,2,33,20/03/1990,1,07,3,2,5,01,5,5,3,2,005800,1,1,8825,17955
00,1023,3,13A224,06,40152,1,1,0,02,-,2, , , , , , , , , , , , , , , ,1, ,0,0
00,1023,2,12A225,06,40187,2,1,0,01,-,1,1,1,52,06/09/1971,1,03,3,2,5,04, , , , , ,1, ,7724,0
00,1023,2,12A225,06,40187,4,1,0,03,-,1,3,2,10,24/05/2013,1,02,5,1, , , , , , , ,1, ,7724,0
00,1023,2,12A225,06,40187,4,1,0,02,-,1,2,2,48,28/12/1974,1,06,2,2,5,09, , , , , ,1,1,7724,15647
00,1023,2,12A225,06,40187,4,1,0,01,-,1,1,1,49,15/10/1974,1,03,3,2,5,01,5,5,3,2,999999,1, ,7724,0
00,1023,2,12A225,06,40187,1,1,0,03,-,1,8,1,25,17/11/1997,1,07,3,2,6,01,5,5,3,2,004500,1, ,7724,0
00,1023,2,12A225,06,40187,1,1,0,01,-,1,1,2,70,01/08/1953,1,03,3,2,3,08, , , , , ,1,1,7724,23471
00,1023,2,12A225,06,40187,2,1,0,04,-,1,3,1,15,14/09/2008,1,03,3,1,6,06, , , , , ,1, ,7724,0
00,1023,2,12A225,06,40187,2,1,0,03,-,1,3,2,25,14/08/1998,1,04,3,2,6,01,4,4,3,1,001500,1, ,7724,0
00,1023,2,12A225,06,40187,2,1,0,02,-,1,2,2,46,19/02/1977,1,02,6,2,5,01,5,5,3,1,002300,1,1,7724,23471
00,1023,2,12A225,06,40187,1,1,0,02,-,1,8,1,20,20/01/2003,1,07,1,2,6,05, , , , , ,1, ,7724,0
00,1023,5,12B212,06,40190,1,1,0,03,-,1,3,1,18,05/01/2005,1,04,2,1,6,06, , , , , ,1, ,8303,0
00,1023,5,12B212,06,40190,4,1,1,01,-,1,1,2,38,11/08/1985,1,04,3,2,5,07, , , , , ,1,1,8303,16819
00,1023,5,12B212,06,40190,1,1,0,02,-,1,2,2,45,18/11/1977,1,06,2,2,1,04, , , , , ,1,1,8303,25229
00,1023,5,12B212,06,40190,4,1,1,02,-,1,3,2,19,22/12/2003,1,04,3,2,6,04, , , , , ,1, ,8303,0
00,1023,5,12B212,06,40190,1,1,0,04,-,1,3,2,16,19/03/2007,1,03,2,1,6,06, , , , , ,1, ,8303,0
00,1023,5,12B212,06,40190,3,1,0,02,-,1,5,2,28,21/07/1995,1,07,4,2,6,04, , , , , ,1, ,8303,0
00,1023,5,12B212,06,40190,3,1,0,01,-,1,1,2,73,26/04/1950,1,02,6,1,4,07, , , , , ,1,1,8303,16819
00,1023,5,12B212,06,40190,1,1,0,01,-,1,1,1,49,04/06/1974,1,04,3,2,1,01,1,5,2,2,999999,1, ,8303,0
00,1023,6,13B211,06,40193,1,1,0,02,-,1,2,2,39,02/09/1984,1,07,3,1,5,01,5,5,3,2,999999,1,1,10435,21230
00,1023,6,13B211,06,40193,1,1,0,01,-,1,1,1,41,20/06/1982,1,08,3,2,5,01,5,5,3,2,999999,1, ,10435,0
00,1023,6,13B211,06,40193,3,1,0,01,-,1,1,1,41,14/04/1982,1,08,3,2,6,01,1,5,2,2,999999,1,1,10435,10615
00,1023,6,13B211,06,40193,4,1,0,04,-,1,3,1,23,08/07/2000,1,07,3,1,6,06, , , , , ,1, ,10435,0
00,1023,6,13B211,06,40193,4,1,0,01,-,1,1,1,51,07/09/1972,1,08,3,2,5,01,1,5,3,2,999999,1,1,10435,42459
00,1023,6,13B211,06,40193,1,1,0,04,-,1,3,1,02,13/03/2021, , , , , , , , , , , ,1, ,10435,0
00,1023,6,13B211,06,40193,2,1,0,02,-,1,3,2,18,26/08/2005,1,04,1,1,6,06, , , , , ,1, ,10435,0
00,1023,6,13B211,06,40193,2,1,0,01,-,1,1,2,51,17/07/1972,1,07,3,2,1,01,5,5,2,1,002500,1,1,10435,21230
00,1023,6,13B211,06,40193,1,1,0,03,-,1,3,2,14,23/08/2009,1,03,1,1,6,06, , , , , ,1, ,10435,0
00,1023,6,13B211,06,40193,4,1,0,02,-,1,2,2,51,10/01/1972,1,07,3,2,5,07, , , , , ,1, ,10435,0
00,1023,6,13B211,06,40193,4,1,0,03,-,1,3,2,27,15/02/1996,1,07,4,2,6,05, , , , , ,1, ,10435,0
00,1023,2,11A225,06,40278,3,1,0,02,-,1,3,1,53,18/04/1970,1,03,3,2,6,04, , , , , ,1, ,6833,0
00,1023,2,11A225,06,40278,3,1,0,01,-,1,1,2,80,19/06/1943,1,02,6,2,3,01,4,4,2,1,001500,1,1,6833,13761
00,1023,2,11A225,06,40278,2,1,0,03,-,1,5,1,03,25/10/2019, , , , , , , , , , , ,1, ,6833,0
00,1023,2,11A225,06,40278,4,1,0,01,-,1,1,2,62,30/08/1961,1,03,3,2,3,01,5,5,3,1,001100,1,1,6833,6881
00,1023,2,11A225,06,40278,2,1,0,02,-,1,3,1,31,20/10/1991,1,03,3,2,6,01,5,5,3,1,002000,1, ,6833,0
00,1023,2,11A225,06,40278,2,1,0,01,-,1,1,2,62,15/02/1961,1,00, ,2,4,07, , , , , ,1,1,6833,13761
00,1023,6,11B211,06,40286,3,1,1,01,-,1,1,2,19,07/11/2003,1,03,3,2,1,01,7,2,3,2,999999,1,1,6379,12847
00,1023,6,11B211,06,40286,4,1,0,02,-,3,2,1,24,24/12/1998,1,07,3,2,5,05, , , , , ,1, ,6379,0
00,1023,6,11B211,06,40286,4,1,0,01,-,1,1,1,48,02/02/1975,1,04,3,2,6,01,4,4,3,2,006000,1,1,6379,12847
00,1023,6,11B211,06,40286,2,1,0,02,-,1,3,1,22,29/01/2001,1,07,2,1,6,06, , , , , ,1, ,6379,0
00,1023,6,11B211,06,40286,3,1,1,02,-,1,2,1,20,21/10/2002,1,04,3,2,1,01,7,2,3,2,999999,1, ,6379,0
00,1023,6,11B211,06,40286,1,1,1,01,-,1,1,1,24,20/07/1999,1,06,1,2,6,01,5,5,3,2,999999,1,1,6379,6424
00,1023,6,11B211,06,40286,2,1,0,01,-,1,1,2,52,20/10/1970,1,03,3,2,6,01,5,5,3,2,003100,1,1,6379,12847
00,1023,1,12A226,06,40313,1,1,0,04,-,1,3,2,09,24/11/2013,1,02,4,1, , , , , , , ,1, ,7642,0
00,1023,1,12A226,06,40313,1,1,0,01,-,1,1,2,49,14/12/1973,1,06,2,2,6,01,5,5,2,1,003000,1,1,7642,15481
00,1023,1,12A226,06,40313,3,1,0,01,-,1,1,2,73,15/09/1950,1,06,2,2,4,08, , , , , ,1, ,7642,0
00,1023,1,12A226,06,40313,1,1,0,02,-,1,8,1,25,03/10/1998,1,07,3,2,6,01,1,5,3,2,999999,1, ,7642,0
00,1023,1,12A226,06,40313,4,1,0,02,-,1,3,1,59,14/11/1963,1,03,3,2,6,08, , , , , ,1,1,7642,15481
00,1023,1,12A226,06,40313,2,1,0,01,-,1,1,1,72,02/11/1950,1,07,3,2,5,08, , , , , ,1,1,7642,7741
00,1023,1,12A226,06,40313,3,1,0,02,-,1,3,1,37,11/01/1986,1,04,3,2,6,01,5,5,3,2,007000,1,1,7642,15481
00,1023,1,12A226,06,40313,1,1,0,05,-,1,3,2,09,24/11/2013,1,02,4,1, , , , , , , ,1, ,7642,0
00,1023,1,12A226,06,40313,1,1,0,03,-,1,3,2,11,08/01/2012,1,02,5,1, , , , , , , ,1, ,7642,0
00,1023,1,12A226,06,40313,4,1,0,01,-,1,1,2,78,05/01/1945,1,02,6,2,4,08, , , , , ,1, ,7642,0
00,1023,4,12A223,06,40342,2,1,0,03,-,1,8,2,55,26/10/1967,1,03,3,2,6,04, , , , , ,1, ,6352,0
00,1023,4,12A223,06,40342,1,1,0,01,-,1,1,1,44,21/01/1979,1,08,3,2,5,01,5,5,2,2,999999,1, ,6352,0
00,1023,4,12A223,06,40342,3,1,0,02,-,1,2,1,62,18/11/1960,1,03,3,2,1,01,7,3,2,1,002500,1,1,6352,12867
00,1023,4,12A223,06,40342,2,1,0,01,-,1,1,1,83,10/11/1939,1,02,2,2,4,08, , , , , ,1,1,6352,19300
00,1023,4,12A223,06,40342,4,1,0,01,-,1,1,1,61,15/02/1962,1,02,5,2,5,08, , , , , ,1, ,6352,0
00,1023,4,12A223,06,40342,1,1,0,02,-,1,2,2,45,13/12/1977,1,08,3,2,5,01,5,5,2,3,015000,1,1,6352,12867
00,1023,4,12A223,06,40342,4,1,0,02,-,1,2,2,65,01/06/1958,1,03,3,2,5,07, , , , , ,1,1,6352,12867
00,1023,4,12A223,06,40342,3,1,0,01,-,1,1,2,51,05/10/1971,1,02,2,2,1,07, , , , , ,1, ,6352,0
00,1023,4,12A223,06,40342,2,1,0,02,-,1,3,1,50,20/06/1973,1,04,3,2,1,01,5,5,3,2,005300,1, ,6352,0
00,1023,8,13A217,06,40381,4,1,1,02,-,1,6,2,15,06/08/2008,1,03,2,1,6,06, , , , , ,1, ,9099,0
00,1023,8,13A217,06,40381,2,1,0,04,-,1,3,1,17,08/10/2006,1,03,2,1,6,06, , , , , ,1, ,9099,0
00,1023,8,13A217,06,40381,3,1,1,01,-,1,1,1,29,02/09/1994,1,04,3,2,6,01,1,5,3,2,999999,1,1,9099,9256
00,1023,8,13A217,06,40381,2,1,0,03,-,1,3,1,20,06/07/2003,1,04,3,2,6,05, , , , , ,1, ,9099,0
00,1023,8,13A217,06,40381,4,1,1,01,-,1,1,1,19,15/12/2003,1,04,3,2,6,01,5,5,3,1,002800,1,1,9099,9256
00,1023,6,13A217,06,40381,2,1,0,01,-,2, , , , , , , , , , , , , , , ,1, ,0,0
00,1023,8,13A217,06,40381,2,1,0,05,-,1,3,1,14,15/06/2009,1,02,6,1,6,06, , , , , ,1, ,9099,0
00,1023,8,13A217,06,40381,1,1,0,01,-,1,1,1,57,11/04/1966,1,04,2,2,3,01,5,5,3,1,999999,1,1,9099,9256
00,1023,8,13A217,06,40381,3,1,1,02,-,1,2,2,17,05/08/2006,1,04,3,1,6,06, , , , , ,1, ,9099,0
00,1023,8,13A217,06,40381,2,1,0,02,-,1,2,2,47,07/04/1976,1,04,3,2,5,04, , , , , ,1,1,9099,18513
00,1023,8,11A217,06,40409,1,1,0,01,-,1,1,2,40,11/05/1983,1,07,3,2,6,01,1,5,3,2,999999,1,1,8011,8067
00,1023,8,11A217,06,40409,4,1,0,04,-,1,3,2,07,07/06/2016,2,01,2,1, , , , , , , ,1, ,8011,0
00,1023,8,11A217,06,40409,4,1,0,03,-,1,3,1,09,03/07/2014,2,02,1,1, , , , , , , ,1, ,8011,0
00,1023,8,11A217,06,40409,4,1,0,02,-,1,2,2,31,17/10/1991,1,06,4,2,5,01,4,4,3,1,003500,1,1,8011,16134
00,1023,8,11A217,06,40409,3,1,1,01,-,1,1,1,40,13/07/1983,1,07,3,2,2,05, , , , , ,1,1,8011,8067
00,1023,8,11A217,06,40409,4,1,0,01,-,1,1,1,40,13/07/1983,1,07,4,2,5,01,1,5,2,1,999999,1, ,8011,0
00,1023,3,12A224,07,40054,2,1,0,01,-,1,1,1,80,03/01/1943,1,07,4,2,5,09, , , , , ,1, ,7826,0
00,1023,3,12A224,07,40054,3,1,0,01,-,1,1,1,59,28/04/1964,1,08,2,2,5,01,1,5,3,3,060000,1,1,7826,15853
00,1023,3,12A224,07,40054,2,1,0,03,-,1,5,2,28,14/05/1995,1,07,4,2,2,07, , , , , ,1,1,7826,23779
00,1023,3,12A224,07,40054,2,1,0,04,-,1,5,2,05,02/11/2017,2,01,3,1, , , , , , , ,1, ,7826,0
00,1023,3,12A224,07,40054,3,1,0,03,-,1,5,1,07,07/03/2016,1,02,1,1, , , , , , , ,1, ,7826,0
00,1023,3,12A224,07,40054,2,1,0,02,-,1,2,2,77,22/05/1946,1,07,4,2,5,07, , , , , ,1, ,7826,0
00,1023,3,12A224,07,40054,1,1,0,01,-,1,1,2,42,24/10/1980,1,04,3,2,6,01,3,7,3,2,999999,1,1,7826,15853
00,1023,3,12A224,07,40054,1,1,0,02,-,1,3,1,25,17/07/1998,1,03,3,2,6,01,3,7,3,2,999999,1, ,7826,0
00,1023,3,12A224,07,40054,3,1,0,02,-,1,2,2,59,19/05/1964,1,06,3,2,5,07, , , , , ,1, ,7826,0
00,1023,7,12A218,07,40059,1,1,0,01,-,1,1,2,41,15/01/1982,1,07,4,2,5,01,3,7,3,3,999999,1, ,7668,0
00,1023,7,12A218,07,40059,3,1,0,05,-,1,5,2,11,05/08/2012,1,02,4,1, , , , , , , ,1, ,7668,0
00,1023,7,12A218,07,40059,3,1,0,04,-,1,3,2,32,14/08/1991,1,04,3,2,5,07, , , , , ,1, ,7668,0
00,1023,7,12A218,07,40059,4,1,1,01,-,1,1,2,31,12/09/1992,1,07,3,2,4,01,4,4,2,1,003000,1,1,7668,7766
00,1023,7,12A218,07,40059,3,1,0,06,-,1,5,2,08,15/10/2014,1,02,2,1, , , , , , , ,1, ,7668,0
00,1023,7,12A218,07,40059,3,1,0,02,-,1,2,2,62,20/01/1961,1,03,3,2,5,07, , , , , ,1, ,7668,0
00,1023,7,12A218,07,40059,3,1,0,01,-,1,1,1,64,24/07/1959,1,07,4,2,5,01,3,7,3,2,003000,1, ,7668,0
00,1023,7,12A218,07,40059,2,1,0,01,-,1,1,2,66,05/08/1957,1,04,3,2,2,07, , , , , ,1,1,7668,7766
00,1023,7,12A218,07,40059,1,1,0,03,-,1,6,1,42,10/02/1981,1,07,4,2,5,01,5,5,3,1,999999,1, ,7668,0
00,1023,7,12A218,07,40059,1,1,0,04,-,3,4,2,65,05/09/1958,2,00, ,2,5,07, , , , , ,1, ,7668,0
00,1023,7,12A218,07,40059,1,1,0,02,-,1,6,2,31,03/07/1992,1,07,4,2,6,01,1,7,3,2,999999,1,1,7668,31065
00,1023,7,12A218,07,40059,4,1,1,02,-,1,3,2,06,02/08/2017,1,01,3,1, , , , , , , ,1, ,7668,0
00,1023,7,12A218,07,40059,3,1,0,03,-,1,5,1,33,15/12/1989,1,04,3,2,5,01,5,4,3,1,001500,1,1,7668,31065
00,1023,7,11A218,07,40065,4,1,0,07,-,1,5,2,02,14/04/2021, , , , , , , , , , , ,1, ,30904,0
00,1023,7,11A218,07,40065,4,1,0,06,-,1,5,1,03,17/02/2020, , , , , , , , , , , ,1, ,30904,0
00,1023,7,11A218,07,40065,4,1,0,04,-,1,3,2,22,27/09/2001,1,03,3,2,1,04, , , , , ,1, ,30904,0
00,1023,7,11A218,07,40065,2,1,0,01,-,1,1,1,51,30/04/1972,1,02,6,2,1,01,5,6,5,1,000500,1, ,30904,0
00,1023,7,11A218,07,40065,2,1,0,04,-,1,3,1,10,18/09/2013,2,00, ,1, , , , , , , ,1, ,30904,0
00,1023,7,11A218,07,40065,4,1,0,01,-,1,1,1,48,08/12/1974,1,03,3,2,1,10, , , , , ,1,1,30904,92711
00,1023,7,11A218,07,40065,3,1,0,04,-,1,3,2,17,16/03/2006,1,04,2,1,6,06, , , , , ,1, ,30904,0
00,1023,7,11A218,07,40065,2,1,0,02,-,1,2,2,38,15/01/1985,1,03,3,2,1,07, , , , , ,1,1,30904,61808
00,1023,7,11A218,07,40065,1,1,0,01,-,1,1,2,51,04/05/1972,1,04,1,2,6,01,5,7,3,2,004200,1,1,30904,30904
00,1023,7,11A218,07,40065,2,1,0,03,-,1,3,1,11,26/05/2012,1,02,3,1, , , , , , , ,1, ,30904,0
00,1023,7,11A218,07,40065,3,1,0,05,-,1,3,2,10,18/07/2013,1,02,3,1, , , , , , , ,1, ,30904,0
00,1023,7,11A218,07,40065,3,1,0,02,-,1,2,2,43,16/06/1980,1,03,3,2,1,07, , , , , ,1, ,30904,0
00,1023,7,11A218,07,40065,4,1,0,02,-,1,2,2,43,28/06/1980,1,02,6,2,1,01,4,4,2,1,000300,1, ,30904,0
00,1023,7,11A218,07,40065,3,1,0,01,-,1,1,1,68,04/08/1955,1,05,4,2,1,01,5,5,5,1,000800,1, ,30904,0
00,1023,5,11A218,07,40065,4,1,0,03,-,2, , , , , , , , , , , , , , , ,1, ,0,0
00,1023,6,11A218,07,40065,4,1,0,05,-,2, , , , , , , , , , , , , , , ,1, ,0,0
00,1023,7,11A218,07,40065,3,1,0,03,-,1,4,2,65,24/10/1957,2,00, ,2,4,07, , , , , ,1,1,30904,92711
00,1023,2,11A225,07,40217,2,1,0,01,-,1,1,1,54,18/01/1969,1,04,3,2,5,01,5,5,3,2,003100,1, ,8149,0
00,1023,2,11A225,07,40217,4,1,0,05,-,1,3,1,11,04/06/2012,1,02,5,1, , , , , , , ,1, ,8149,0
00,1023,2,11A225,07,40217,4,1,0,03,-,1,3,1,19,05/11/2003,1,03,1,2,6,04, , , , , ,1, ,8149,0
00,1023,2,11A225,07,40217,2,1,0,03,-,3,3,1,04,30/08/2019, , , , , , , , , , , ,1, ,8149,0
00,1023,2,11A225,07,40217,4,1,0,06,-,1,3,2,05,19/04/2018,2,01,2,1, , , , , , , ,1, ,8149,0
00,1023,2,11A225,07,40217,1,1,0,02,-,1,3,1,29,13/09/1994,1,04,3,2,6,01,5,5,4,1,001500,1,1,8149,16412
00,1023,2,11A225,07,40217,2,1,0,02,-,1,2,2,43,18/01/1980,1,03,3,2,5,07, , , , , ,1,1,8149,16412
00,1023,2,11A225,07,40217,4,1,0,01,-,1,1,1,56,23/11/1966,1,07,4,2,5,01,5,7,3,2,004000,1, ,8149,0
00,1023,2,11A225,07,40217,1,1,0,03,-,2, , , , , , , , , , , , , , , ,1, ,0,0
00,1023,2,11A225,07,40217,4,1,0,07,-,1,3,1,01,24/06/2022, , , , , , , , , , , ,1, ,8149,0
00,1023,2,11A225,07,40217,4,1,0,02,-,1,2,2,30,13/10/1992,1,03,3,2,5,07, , , , , ,1, ,8149,0
00,1023,2,11A225,07,40217,3,1,0,01,-,1,1,2,52,28/10/1970,1,02,6,2,4,01,5,5,3,1,001200,1,1,8149,8206
00,1023,2,11A225,07,40217,3,1,0,02,-,1,5,2,15,03/10/2008,1,03,3,1,6,06, , , , , ,1, ,8149,0
00,1023,2,11A225,07,40217,1,1,0,01,-,1,1,2,60,10/08/1963,1,03,3,2,2,01,5,5,3,3,001500,1, ,8149,0
00,1023,2,11A225,07,40217,4,1,0,04,-,1,3,1,18,08/11/2004,1,03,1,2,6,01,5,5,3,1,000700,1,1,8149,32824
00,1023,6,11B211,07,40258,3,1,0,02,-,1,2,2,38,12/04/1985,1,02,4,2,5,01,5,5,3,1,001000,1, ,18617,0
00,1023,6,11B211,07,40258,3,1,0,06,-,1,3,1,08,27/07/2015,1,02,1,1, , , , , , , ,1, ,18617,0
00,1023,6,11B211,07,40258,1,1,0,01,-,1,1,1,41,15/07/1982,1,04,3,2,2,01,5,5,3,2,999999,1, ,18617,0
00,1023,6,11B211,07,40258,4,1,0,04,-,1,3,1,10,06/03/2013,1,02,3,1, , , , , , , ,1, ,18617,0
00,1023,6,11B211,07,40258,4,1,0,01,-,1,1,1,37,30/01/1986,1,02,6,2,5,01,4,4,3,1,001250,1,1,18617,56244
00,1023,6,11B211,07,40258,4,1,0,03,-,1,3,2,18,05/04/2005,1,04,1,1,6,06, , , , , ,1, ,18617,0
00,1023,6,11B211,07,40258,2,1,0,02,-,1,2,2,29,05/04/1994,1,04,3,2,5,01,5,5,3,1,001000,1, ,18617,0
00,1023,6,11B211,07,40258,3,1,0,01,-,1,1,1,38,08/07/1985,1,02,1,2,5,01,4,2,5,1,002000,1, ,18617,0
00,1023,6,11B211,07,40258,3,1,0,04,-,1,3,2,18,09/09/2005,1,04,2,1,6,06, , , , , ,1, ,18617,0
00,1023,6,11B211,07,40258,4,1,0,02,-,1,2,2,38,27/03/1985,1,03,3,2,5,01,4,4,3,2,001250,1, ,18617,0
00,1023,6,11B211,07,40258,2,1,0,01,-,1,1,1,29,05/01/1994,1,04,3,2,5,01,5,5,2,1,001500,1,1,18617,37496
00,1023,6,11B211,07,40258,3,1,0,03,-,1,3,2,19,22/02/2004,1,04,3,2,6,01,4,4,3,2,001500,1,1,18617,74992
00,1023,6,11B211,07,40258,1,1,0,02,-,1,4,2,66,02/06/1957,2,00, ,2,4,07, , , , , ,1,1,18617,37496
00,1023,6,11B211,07,40258,3,1,0,05,-,1,3,1,14,04/12/2008,1,03,1,1,6,06, , , , , ,1, ,18617,0
00,1023,2,12A223,07,40338,4,1,0,02,-,2, , , , , , , , , , , , , , , ,1, ,0,0
00,1023,4,12A223,07,40338,3,1,0,01,-,1,1,1,62,24/12/1960,1,07,4,2,5,01,1,7,3,3,015000,1, ,8278,0
00,1023,4,12A223,07,40338,3,1,0,05,-,1,3,2,20,20/02/2003,1,07,1,1,6,06, , , , , ,1, ,8278,0
00,1023,4,12A223,07,40338,3,1,0,04,-,1,3,2,22,14/07/2001,1,07,5,2,6,07, , , , , ,1,1,8278,41922
00,1023,4,12A223,07,40338,3,1,0,02,-,1,2,2,57,08/09/1966,1,07,4,2,5,01,6,1,1,4,999999,1, ,8278,0
00,1023,4,12A223,07,40338,3,1,0,06,-,1,3,1,13,22/07/2010,1,02,5,1,6,06, , , , , ,1, ,8278,0
00,1023,4,12A223,07,40338,2,1,0,01,-,1,1,2,65,24/03/1958,1,05,3,2,3,01,4,4,5,1,999999,1,1,8278,8384
00,1023,4,12A223,07,40338,3,1,0,03,-,1,4,2,92,06/07/1931,1,02,1,2,4,07, , , , , ,1, ,8278,0
00,1023,4,12A223,07,40338,1,1,0,01,-,1,1,1,49,23/03/1974,1,07,4,2,6,01,5,5,3,2,008500,1,1,8278,8384
00,1023,4,12A223,07,40338,4,1,0,01,-,1,1,1,57,31/12/1965,1,03,3,2,4,01,5,6,5,1,002000,1,1,8278,8384
00,1023,5,11B212,07,40354,2,1,0,02,-,1,4,1,80,30/05/1943,2,00, ,2,4,07, , , , , ,1, ,5949,0
00,1023,5,11B212,07,40354,2,1,0,03,-,1,3,1,23,20/05/2000,1,07,4,1,6,01,1,5,4,2,002000,1, ,5949,0
00,1023,5,11B212,07,40354,4,1,0,01,-,1,1,2,44,03/03/1979,1,07,4,2,6,01,4,5,5,2,001500,1,1,5949,5991
00,1023,5,11B212,07,40354,1,1,0,02,-,1,2,2,21,13/12/2001,2,02,6,2,1,07, , , , , ,1,1,5949,11982
00,1023,5,11B212,07,40354,1,1,0,01,-,1,1,1,24,12/12/1998,1,02,6,2,1,01,7,5,3,1,002000,1, ,5949,0
00,1023,5,11B212,07,40354,1,1,0,05,-,1,3,1,02,16/01/2021, , , , , , , , , , , ,1, ,5949,0
00,1023,5,11B212,07,40354,1,1,0,04,-,1,3,2,05,20/11/2017,2,01,2,1, , , , , , , ,1, ,5949,0
00,1023,5,11B212,07,40354,2,1,0,01,-,1,1,2,41,31/12/1981,1,07,4,2,2,01,1,7,3,2,999999,1,1,5949,23963
00,1023,5,11B212,07,40354,3,1,0,04,-,1,3,2,22,26/07/2001,1,04,3,1,6,06, , , , , ,1, ,5949,0
00,1023,5,11B212,07,40354,2,1,0,05,-,1,3,1,15,04/04/2008,1,03,2,1,6,06, , , , , ,1, ,5949,0
00,1023,5,11B212,07,40354,2,1,0,04,-,1,3,2,20,15/08/2003,1,07,1,1,6,06, , , , , ,1, ,5949,0
00,1023,5,11B212,07,40354,3,1,0,03,-,1,3,1,23,01/09/2000,1,07,4,2,6,01,4,4,3,2,999999,1, ,5949,0
00,1023,5,11B212,07,40354,3,1,0,01,-,1,1,1,57,22/05/1966,1,07,4,2,5,01,1,5,2,1,999999,1, ,5949,0
00,1023,5,11B212,07,40354,4,1,0,02,-,3,7,2,17,22/10/2005,1,04,3,1,6,06, , , , , ,1, ,5949,0
00,1023,5,11B212,07,40354,3,1,0,02,-,1,2,2,49,21/03/1974,1,07,4,2,5,01,4,4,2,1,001500,1,1,5949,23963
00,1023,5,11B212,07,40354,1,1,0,03,-,1,3,2,06,01/03/2017,2,02,1,1, , , , , , , ,1, ,5949,0
00,1023,4,11A223,07,40369,2,1,0,03,-,1,3,2,09,15/10/2013,1,02,3,1, , , , , , , ,1, ,7009,0
00,1023,4,11A223,07,40369,4,1,1,05,-,1,3,1,03,30/11/2019, , , , , , , , , , , ,1, ,7009,0
00,1023,4,11A223,07,40369,4,1,1,03,-,1,3,2,08,13/12/2014,1,02,2,1, , , , , , , ,1, ,7009,0
00,1023,4,11A223,07,40369,4,1,1,02,-,1,2,2,26,07/03/1997,1,02,6,2,1,07, , , , , ,1,1,7009,14117
00,1023,4,11A223,07,40369,1,1,0,01,-,1,1,1,68,20/03/1955,1,07,4,2,1,01,1,5,2,3,003000,1,1,7009,14117
00,1023,4,11A223,07,40369,2,1,0,04,-,1,3,1,08,08/07/2015,1,02,1,1, , , , , , , ,1, ,7009,0
00,1023,4,11A223,07,40369,2,1,0,02,-,1,2,2,32,15/10/1990,1,07,4,2,1,07, , , , , ,1,1,7009,14117
00,1023,4,11A223,07,40369,4,1,1,06,-,1,3,2,00,03/01/2023, , , , , , , , , , , ,1, ,7009,0
00,1023,4,11A223,07,40369,2,1,0,01,-,1,1,1,29,30/01/1994,1,07,4,2,1,01,3,5,1,2,003000,1, ,7009,0
00,1023,4,11A223,07,40369,4,1,1,04,-,1,3,1,04,04/10/2018, , , , , , , , , , , ,1, ,7009,0
00,1023,4,11A223,07,40369,1,1,0,02,-,1,2,2,53,07/03/1970,1,03,3,2,1,07, , , , , ,1, ,7009,0
00,1023,4,11A223,07,40369,4,1,1,01,-,1,1,1,28,24/08/1995,1,03,3,2,1,01,5,5,3,2,001500,1, ,7009,0
00,1023,8,11A217,07,40379,4,1,0,03,-,1,5,1,24,23/06/1999,1,07,4,2,5,01,4,4,3,2,001300,1, ,7585,0
00,1023,8,11A217,07,40379,3,1,0,02,-,1,2,2,46,16/10/1977,1,07,4,2,5,01,3,7,3,2,999999,1, ,7585,0
00,1023,8,11A217,07,40379,3,1,0,05,-,1,3,2,11,31/07/2012,1,02,3,1, , , , , , , ,1, ,7585,0
00,1023,8,11A217,07,40379,3,1,0,04,-,1,3,2,12,06/02/2011,1,02,4,1,6,06, , , , , ,1, ,7585,0
00,1023,8,11A217,07,40379,4,1,0,04,-,1,3,2,24,29/11/1998,1,04,3,2,5,07, , , , , ,1, ,7585,0
00,1023,8,11A217,07,40379,4,1,0,06,-,1,5,2,03,16/04/2020, , , , , , , , , , , ,1, ,7585,0
00,1023,8,11A217,07,40379,2,1,1,01,-,1,1,2,60,30/06/1963,2,00, ,2,2,01,7,5,2,1,000300,1,1,7585,22916
00,1023,8,11A217,07,40379,2,1,1,03,-,1,3,1,30,30/06/1993,2,00, ,2,6,01,5,5,5,1,999999,1, ,7585,0
00,1023,8,11A217,07,40379,3,1,0,01,-,1,1,1,47,10/10/1976,1,07,4,2,5,01,3,7,3,2,999999,1, ,7585,0
00,1023,8,11A217,07,40379,4,1,0,01,-,1,1,2,48,24/07/1975,1,03,3,2,5,07, , , , , ,1, ,7585,0
00,1023,8,11A217,07,40379,2,1,1,02,-,1,3,1,45,30/06/1978,1,07,5,2,6,01,4,4,3,1,999999,1, ,7585,0
00,1023,8,11A217,07,40379,4,1,0,05,-,1,3,2,16,24/04/2007,1,03,2,1,6,06, , , , , ,1, ,7585,0
00,1023,8,11A217,07,40379,4,1,0,02,-,1,2,1,47,29/05/1976,1,03,3,2,5,01,5,5,2,1,000100,1,1,7585,30554
00,1023,8,11A217,07,40379,3,1,0,03,-,1,3,2,20,07/10/2003,1,04,3,1,6,06, , , , , ,1,1,7585,22916
00,1023,1,13A226,07,40408,1,1,0,02,-,1,2,2,44,21/02/1979,1,05,3,2,5,01,4,4,2,1,999999,1,1,8824,17952
00,1023,1,13A226,07,40408,1,1,0,01,-,1,1,1,50,27/11/1972,1,07,4,2,6,01,3,7,3,2,999999,1, ,8824,0
00,1023,1,13A226,07,40408,1,1,0,03,-,1,3,1,17,18/12/2005,1,04,3,1,6,06, , , , , ,1, ,8824,0
00,1023,1,13A226,07,40408,2,1,0,01,-,1,1,1,24,25/01/1999,1,07,3,2,6,01,5,5,1,3,015000,1,1,8824,8976
00,1023,1,13A226,07,40408,1,1,0,04,-,1,3,2,14,04/09/2009,1,03,2,1,6,06, , , , , ,1, ,8824,0
00,1023,1,11A226,07,40412,4,1,0,01,-,1,1,1,43,16/08/1980,1,04,2,2,2,01,5,5,2,1,001800,1,1,7389,7441
00,1023,1,11A226,07,40412,2,1,0,01,-,1,1,1,39,13/12/1983,1,07,4,2,2,01,4,4,2,1,012000,1,1,7389,7441
00,1023,1,11A226,07,40412,1,1,0,02,-,1,7,2,21,21/05/2002,1,03,3,2,6,01,5,5,3,2,001700,1,1,7389,14882
00,1023,1,11A226,07,40412,1,1,0,01,-,1,1,2,86,31/03/1937,1,02,6,2,6,07, , , , , ,1, ,7389,0
00,1023,1,11A226,07,40412,3,1,0,01,-,1,1,1,52,02/04/1971,1,08,2,2,3,01,3,7,3,2,003000,1,1,7389,7441
00,1023,5,11B212,07,40418,2,1,0,01,-,1,1,1,31,06/11/1991,1,02,1,2,1,04, , , , , ,1, ,9155,0
00,1023,5,11B212,07,40418,1,1,0,01,-,1,1,1,49,20/11/1973,1,03,3,2,6,01,5,7,3,2,002500,1,1,9155,9219
00,1023,5,11B212,07,40418,3,1,0,02,-,1,2,2,36,23/04/1987,1,03,2,2,1,07, , , , , ,1,1,9155,18439
00,1023,5,11B212,07,40418,3,1,0,05,-,1,3,2,01,23/02/2022, , , , , , , , , , , ,1, ,9155,0
00,1023,5,11B212,07,40418,3,1,0,04,-,1,3,1,06,14/03/2017,2,01,2,1, , , , , , , ,1, ,9155,0
00,1023,5,11B212,07,40418,3,1,0,03,-,1,3,2,11,06/11/2011,1,02,4,1, , , , , , , ,1, ,9155,0
00,1023,5,11B212,07,40418,4,1,1,02,-,1,2,2,20,02/02/2003,1,03,2,2,1,01,7,2,3,1,001250,1,1,9155,18439
00,1023,5,11B212,07,40418,4,1,1,01,-,1,1,1,43,01/07/1980,1,03,3,2,1,01,7,2,4,2,002600,1, ,9155,0
00,1023,5,11B212,07,40418,3,1,0,01,-,1,1,1,36,31/08/1987,1,03,2,2,1,01,7,5,2,1,002000,1, ,9155,0
00,1023,5,11B212,07,40418,4,1,1,03,-,1,3,1,03,07/10/2020, , , , , , , , , , , ,1, ,9155,0
00,1023,5,11B212,07,40418,2,1,0,02,-,1,2,2,22,06/10/2000,1,04,3,2,1,01,5,5,5,1,001000,1,1,9155,18439
00,1023,5,11B212,07,40418,2,1,0,03,-,1,3,1,03,05/03/2020, , , , , , , , , , , ,1, ,9155,0
00,1023,3,12A224,08,40024,3,1,0,03,-,1,3,2,14,07/08/2009,1,03,2,1,6,06, , , , , ,1, ,7478,0
00,1023,3,12A224,08,40024,2,1,0,01,-,1,1,2,72,08/04/1951,1,06,3,2,4,07, , , , , ,1,1,7478,15148
00,1023,3,12A224,08,40024,2,1,0,02,-,1,3,2,47,24/12/1975,1,04,3,2,6,01,5,5,3,2,999999,1, ,7478,0
00,1023,3,12A224,08,40024,3,1,0,01,-,1,1,2,77,10/12/1945,1,02,6,2,4,08, , , , , ,1, ,7478,0
00,1023,3,12A224,08,40024,4,1,0,01,-,1,1,1,79,17/05/1944,1,02,6,2,5,08, , , , , ,1,1,7478,15148
00,1023,3,12A224,08,40024,3,1,0,04,-,1,5,1,33,06/03/1990,1,04,2,2,6,04, , , , , ,1,1,7478,22722
00,1023,3,12A224,08,40024,3,1,0,02,-,1,3,2,54,14/03/1969,1,04,3,2,3,01,5,5,3,1,999999,1, ,7478,0
00,1023,3,12A224,08,40024,1,1,0,02,-,1,2,2,56,18/09/1967,1,06,3,2,5,07, , , , , ,1, ,7478,0
00,1023,3,12A224,08,40024,4,1,0,02,-,1,2,2,78,04/12/1944,1,03,3,2,5,07, , , , , ,1, ,7478,0
00,1023,3,12A224,08,40024,1,1,0,01,-,1,1,1,59,17/02/1964,1,03,3,2,5,01,5,3,3,1,999999,1,1,7478,15148
00,1023,3,13A224,08,40026,3,1,0,03,-,1,3,2,26,28/09/1997,1,07,8,1,6,01,1,5,3,2,999999,1,1,14350,92894
00,1023,3,13A224,08,40026,4,1,0,01,-,1,1,2,49,10/10/1973,1,08,2,2,6,01,5,5,2,2,999999,1, ,14350,0
00,1023,3,13A224,08,40026,4,1,0,03,-,1,7,2,42,11/03/1981,1,07,5,2,6,01,1,5,3,3,999999,1, ,14350,0
00,1023,3,13A224,08,40026,3,1,0,01,-,1,1,1,53,23/10/1969,1,09,3,2,5,01,1,5,2,1,999999,1, ,14350,0
00,1023,3,13A224,08,40026,4,1,0,02,-,1,7,1,30,02/06/1993,1,07,5,2,6,01,5,5,3,2,999999,1,1,14350,55737
00,1023,3,13A224,08,40026,3,1,0,05,-,1,3,2,19,21/07/2004,1,07,2,1,6,06, , , , , ,1, ,14350,0
00,1023,3,13A224,08,40026,3,1,0,02,-,1,2,2,50,21/07/1973,1,07,8,2,5,01,1,5,2,1,999999,1, ,14350,0
00,1023,3,13A224,08,40026,1,1,0,01,-,1,1,1,56,22/05/1967,1,07,5,2,5,01,1,5,2,3,999999,1,1,14350,55737
00,1023,3,13A224,08,40026,1,1,0,02,-,1,2,2,53,06/08/1970,1,08,3,2,5,01,1,7,3,2,999999,1, ,14350,0
15,1023,3,13A224,08,40026,2,1,0,03,-,1,3,2,36,12/01/1987,1,08,2,2,6,01,5,2,3,2,999999,1,1,14350,0
00,1023,3,13A224,08,40026,1,1,0,03,-,1,3,2,26,10/04/1997,1,07,5,2,6,01,5,7,3,2,999999,1, ,14350,0
00,1023,3,13A224,08,40026,3,1,0,04,-,1,3,1,20,30/01/2003,1,07,3,1,6,06, , , , , ,1, ,14350,0
15,1023,3,13A224,08,40026,2,1,0,02,-,1,2,2,68,21/01/1955,1,03,3,2,5,07, , , , , ,1, ,14350,0
15,1023,3,13A224,08,40026,2,1,0,01,-,1,1,1,73,26/09/1950,1,04,3,2,5,01,1,5,2,3,999999,1, ,14350,0
00,1023,7,12A218,08,40028,3,1,0,01,-,1,1,1,54,13/06/1969,1,04,3,2,5,01,5,2,3,1,003000,1,1,7596,23081
00,1023,7,12A218,08,40028,3,1,0,03,-,1,3,2,27,03/08/1996,1,07,4,2,6,01,5,5,3,1,002500,1, ,7596,0
00,1023,7,12A218,08,40028,1,1,0,03,-,1,4,2,77,18/03/1946,1,02,6,2,4,07, , , , , ,1, ,7596,0
00,1023,7,12A218,08,40028,2,1,0,05,-,1,5,2,11,02/06/2012,1,02,4,1, , , , , , , ,1, ,7596,0
00,1023,7,12A218,08,40028,1,1,0,02,-,1,2,2,43,18/12/1979,1,07,4,2,5,01,1,5,3,2,002200,1,1,7596,23081
00,1023,7,12A218,08,40028,4,1,0,01,-,1,1,2,53,09/01/1970,1,03,3,2,4,07, , , , , ,1,1,7596,15387
00,1023,7,12A218,08,40028,3,1,0,02,-,1,2,2,52,25/01/1971,1,03,2,2,5,07, , , , , ,1, ,7596,0
00,1023,7,12A218,08,40028,1,1,0,01,-,1,1,1,49,15/09/1974,1,07,4,2,5,01,1,5,3,2,008000,1, ,7596,0
00,1023,7,12A218,08,40028,2,1,0,03,-,1,3,2,28,18/04/1995,1,06,4,2,6,01,5,2,3,1,001500,1,1,7596,15387
00,1023,4,12A218,08,40028,4,1,0,03,-,2, , , , , , , , , , , , , , , ,1, ,0,0
00,1023,3,12A218,08,40028,2,1,0,04,-,2, , , , , , , , , , , , , , , ,1, ,0,0
00,1023,7,12A218,08,40028,2,1,0,01,-,1,1,1,45,04/08/1978,1,04,3,2,5,01,5,3,2,1,003000,1, ,7596,0
00,1023,5,12A218,08,40028,2,1,0,02,-,2, , , , , , , , , , , , , , , ,1, ,0,0
00,1023,7,12A218,08,40028,4,1,0,02,-,1,6,1,55,12/03/1968,1,03,3,2,6,09, , , , , ,1, ,7596,0
00,1023,2,11A225,08,40186,4,1,0,02,-,1,2,2,46,03/01/1977,1,03,3,2,1,01,5,2,3,1,002500,1,1,7324,22126
00,1023,2,11A225,08,40186,4,1,0,01,-,1,1,1,55,24/07/1968,1,04,3,2,1,01,5,2,3,1,999999,1, ,7324,0
00,1023,2,11A225,08,40186,3,1,0,04,-,1,8,2,26,28/09/1997,1,04,3,2,6,01,5,4,3,2,999999,1, ,7324,0
00,1023,2,11A225,08,40186,3,1,0,03,-,1,3,2,24,08/05/1999,1,04,3,2,6,01,5,7,3,2,999999,1, ,7324,0
00,1023,2,11A225,08,40186,1,1,0,01,-,1,1,1,49,16/06/1974,1,03,3,2,6,01,5,7,3,2,999999,1,1,7324,7375
00,1023,2,11A225,08,40186,3,1,0,01,-,1,1,1,58,03/07/1965,1,02,6,2,5,01,5,2,3,1,002000,1,1,7324,29502
00,1023,2,11A225,08,40186,4,1,0,03,-,1,3,1,23,07/07/2000,1,03,3,2,6,01,5,2,3,1,002000,1, ,7324,0
00,1023,2,11A225,08,40186,2,1,0,01,-,1,1,2,52,28/03/1971,1,06,3,2,6,01,5,5,3,1,999999,1,1,7324,7375
00,1023,2,11A225,08,40186,1,1,0,02,-,2, , , , , , , , , , , , , , , ,1, ,0,0
00,1023,2,11A225,08,40186,3,1,0,02,-,1,2,2,54,19/12/1968,1,04,3,2,5,07, , , , , ,1, ,7324,0
00,1023,6,13B211,08,40223,2,1,0,01,-,1,1,2,25,11/12/1997,1,04,3,2,6,07, , , , , ,1,1,9649,19632
00,1023,6,13B211,08,40223,4,1,0,01,-,1,1,1,41,25/06/1982,1,07,2,2,2,04, , , , , ,1,1,9649,9816
00,1023,6,13B211,08,40223,2,1,0,02,-,3,2,1,25,16/04/1998,1,04,3,2,1,01,5,5,3,2,018000,1, ,9649,0
00,1023,6,13B211,08,40223,1,1,0,01,-,1,1,2,89,20/01/1934,1,06,3,2,4,08, , , , , ,1, ,9649,0
00,1023,6,13B211,08,40223,1,1,0,02,-,1,3,2,62,09/08/1961,1,04,3,2,6,08, , , , , ,1,1,9649,19632
14,1023,2,12A225,08,40285,1,1,0,03,-,1,3,1,15,26/06/2008,1,03,3,1,6,06, , , , , ,1, ,7851,0
14,1023,2,12A225,08,40285,1,1,0,05,-,1,3,1,09,11/12/2013,1,02,4,1, , , , , , , ,1, ,7851,0
14,1023,2,12A225,08,40285,1,1,0,04,-,1,3,2,11,16/10/2011,1,02,6,1, , , , , , , ,1, ,7851,0
00,1023,2,12A225,08,40285,4,1,0,01,-,1,1,2,55,26/09/1968,1,03,3,2,4,01,5,4,3,1,001500,1,1,7851,7952
14,1023,2,12A225,08,40285,1,1,0,01,-,1,1,2,35,17/12/1987,1,03,3,2,5,01,5,4,3,1,999999,1, ,7851,0
00,1023,2,12A225,08,40285,3,1,0,01,-,1,1,2,78,02/11/1944,2,00, ,2,4,08, , , , , ,1,1,7851,7952
14,1023,2,12A225,08,40285,1,1,0,02,-,1,2,1,35,27/01/1988,1,06,3,2,5,07, , , , , ,1, ,7851,0
00,1023,6,11B211,08,40287,4,1,0,01,-,1,1,1,63,02/01/1960,1,02,6,2,5,01,5,5,2,1,002500,1,1,9238,37210
15,1023,6,11B211,08,40287,3,1,0,01,-,1,1,1,39,24/11/1983,1,03,2,2,6,04, , , , , ,1, ,9238,0
00,1023,6,11B211,08,40287,4,1,0,02,-,1,2,2,59,19/09/1964,1,03,3,2,5,07, , , , , ,1, ,9238,0
00,1023,6,11B211,08,40287,2,1,0,01,-,1,1,2,34,21/12/1988,1,03,3,2,6,01,7,2,3,1,999999,1,1,9238,24807
00,1023,6,11B211,08,40287,2,1,0,02,-,1,4,2,53,15/06/1970,1,03,3,1,5,01,7,2,3,1,999999,1, ,9238,0
15,1023,6,11B211,08,40287,3,1,0,02,-,1,6,1,34,13/06/1989,1,02,6,2,6,04, , , , , ,1,1,9238,0
00,1023,6,11B211,08,40287,4,1,0,03,-,1,3,1,33,05/09/1990,1,04,3,2,6,01,5,2,3,1,002100,1, ,9238,0
00,1023,6,11B211,08,40287,1,1,0,01,-,1,1,1,52,03/03/1971,1,02,4,2,6,01,5,3,3,1,001800,1,1,9238,12403
00,1023,8,13A217,08,40315,2,1,0,04,-,1,3,2,11,23/09/2012,1,02,4,1, , , , , , , ,1, ,10098,0
00,1023,5,13A217,08,40315,1,1,0,03,-,2, , , , , , , , , , , , , , , ,1, ,0,0
00,1023,8,13A217,08,40315,1,1,0,01,-,1,1,2,46,13/09/1977,1,07,4,2,6,04, , , , , ,1,1,10098,20545
00,1023,8,13A217,08,40315,1,1,0,02,-,1,3,1,25,09/03/1998,1,07,3,2,6,04, , , , , ,1, ,10098,0
00,1023,8,13A217,08,40315,4,1,0,01,-,1,1,1,50,16/09/1973,1,07,4,2,5,01,1,5,3,2,999999,1, ,10098,0
00,1023,8,13A217,08,40315,4,1,0,05,-,1,3,2,12,08/07/2011,1,02,5,1,6,06, , , , , ,1, ,10098,0
00,1023,8,13A217,08,40315,4,1,0,02,-,1,2,2,48,06/07/1975,1,07,4,2,5,07, , , , , ,1,1,10098,30817
00,1023,8,13A217,08,40315,2,1,0,02,-,1,2,1,39,06/11/1983,1,07,4,2,5,01,4,4,2,1,999999,1, ,10098,0
00,1023,8,13A217,08,40315,4,1,0,03,-,1,3,2,20,19/03/2003,1,04,3,1,6,06, , , , , ,1, ,10098,0
00,1023,8,13A217,08,40315,3,1,0,01,-,1,1,1,78,24/04/1945,1,07,4,2,5,01,4,4,1,1,999999,1,1,10098,20545
00,1023,8,13A217,08,40315,3,1,0,02,-,1,2,2,50,05/12/1972,1,06,3,2,5,07, , , , , ,1, ,10098,0
00,1023,8,13A217,08,40315,2,1,0,01,-,1,1,2,40,13/07/1983,1,04,3,2,5,01,4,4,2,1,999999,1,1,10098,30817
00,1023,8,13A217,08,40315,4,1,0,04,-,1,3,1,15,10/10/2007,1,03,3,1,6,06, , , , , ,1, ,10098,0
00,1023,8,13A217,08,40315,2,1,0,03,-,1,3,1,21,09/01/2002,1,07,2,1,6,06, , , , , ,1, ,10098,0
00,1023,4,12A223,08,40338,1,1,0,01,-,1,1,2,33,16/07/1990,1,07,4,2,6,01,5,5,3,2,005400,1,1,7891,7992
00,1023,4,12A223,08,40338,3,1,0,02,-,1,2,2,41,15/08/1982,1,02,6,2,5,07, , , , , ,1, ,7891,0
00,1023,3,12A223,08,40338,4,1,0,03,-,2, , , , , , , , , , , , , , , ,1, ,0,0
00,1023,4,12A223,08,40338,4,1,0,01,-,1,1,2,68,25/10/1954,1,02,6,2,2,01,5,4,3,1,999999,1,1,7891,15985
00,1023,4,12A223,08,40338,1,1,0,02,-,1,3,2,07,31/08/2016,2,01,3,1, , , , , , , ,1, ,7891,0
00,1023,4,12A223,08,40338,4,1,0,02,-,1,3,2,26,23/06/1997,1,04,3,2,6,01,5,2,3,1,001200,1, ,7891,0
00,1023,4,12A223,08,40338,2,1,0,02,-,1,3,2,34,05/02/1989,1,03,3,2,2,01,5,5,2,1,999999,1, ,7891,0
00,1023,4,12A223,08,40338,2,1,0,01,-,1,1,2,71,22/07/1952,2,00, ,2,2,07, , , , , ,1,1,7891,15985
00,1023,4,12A223,08,40338,3,1,0,01,-,1,1,1,45,20/02/1978,1,04,3,2,5,01,5,5,2,1,999999,1,1,7891,15985
00,1023,4,12A223,08,40338,1,1,0,03,-,1,3,1,03,28/07/2020, , , , , , , , , , , ,1, ,7891,0
00,1023,1,12A226,08,40344,1,1,0,02,-,1,2,2,23,12/10/1999,1,08,1,2,1,01,1,5,3,2,999999,1,1,9141,18516
00,1023,1,12A226,08,40344,4,1,0,01,-,1,1,1,38,05/01/1985,1,07,2,2,5,01,4,4,1,1,999999,1,1,9141,18516
00,1023,1,12A226,08,40344,2,1,0,03,-,1,3,2,18,26/09/2005,1,04,3,2,6,01,5,5,3,1,001200,1, ,9141,0
00,1023,1,12A226,08,40344,3,1,0,01,-,1,1,1,50,07/07/1973,1,03,3,2,5,01,5,4,3,1,001900,1, ,9141,0
00,1023,1,12A226,08,40344,4,1,0,02,-,1,2,2,43,10/12/1979,1,07,4,2,5,01,1,5,3,2,999999,1, ,9141,0
00,1023,1,12A226,08,40344,1,1,0,01,-,1,1,1,24,07/10/1999,1,07,3,2,1,01,5,5,3,1,999999,1, ,9141,0
00,1023,1,12A226,08,40344,2,1,0,02,-,1,3,1,20,09/12/2002,1,06,1,1,6,01,5,5,2,1,002000,1,1,9141,27775
00,1023,1,12A226,08,40344,3,1,0,03,-,1,3,1,32,22/05/1991,2,00, ,2,6,09, , , , , ,1, ,9141,0
00,1023,1,12A226,08,40344,3,1,0,02,-,1,2,2,65,27/01/1958,1,03,3,2,5,07, , , , , ,1,1,9141,27775
00,1023,1,12A226,08,40344,4,1,0,03,-,1,3,2,04,11/06/2019, , , , , , , , , , , ,1, ,9141,0
00,1023,1,12A226,08,40344,1,1,0,03,-,1,3,2,00,14/06/2023, , , , , , , , , , , ,1, ,9141,0
00,1023,1,12A226,08,40344,2,1,0,01,-,1,1,2,50,13/03/1973,1,06,3,2,3,01,5,5,2,1,002000,1, ,9141,0
00,1023,5,12B212,08,40352,2,1,0,03,-,1,3,1,27,04/11/1995,1,04,3,2,6,09, , , , , ,1, ,8142,0
00,1023,5,12B212,08,40352,3,1,0,01,-,1,1,1,40,28/02/1983,1,03,3,2,5,07, , , , , ,1, ,8142,0
00,1023,5,12B212,08,40352,3,1,0,05,-,1,3,1,01,17/03/2022, , , , , , , , , , , ,1, ,8142,0
00,1023,5,12B212,08,40352,3,1,0,02,-,1,2,2,38,04/10/1984,1,07,4,2,5,01,5,2,3,1,999999,1, ,8142,0
00,1023,5,12B212,08,40352,2,1,0,02,-,1,2,2,48,26/05/1975,1,03,3,2,5,07, , , , , ,1,1,8142,24740
00,1023,5,12B212,08,40352,2,1,0,01,-,1,1,1,52,19/07/1971,1,03,3,2,5,01,5,5,3,2,004000,1, ,8142,0
00,1023,5,12B212,08,40352,1,1,1,02,-,1,8,1,18,21/02/2005,1,04,3,2,6,02,5,5,6,5, ,1, ,8142,0
00,1023,5,12B212,08,40352,3,1,0,04,-,1,3,2,16,27/07/2007,1,03,3,1,6,06, , , , , ,1, ,8142,0
00,1023,5,12B212,08,40352,3,1,0,03,-,1,4,2,68,31/12/1954,1,03,3,2,4,01,5,4,3,1,999999,1,1,8142,24740
00,1023,5,12B212,08,40352,1,1,1,01,-,1,1,1,19,06/11/2003,1,04,3,2,6,02,5,5,6,5, ,1,1,8142,16493
00,1023,8,12A217,08,40413,1,1,0,02,-,1,3,1,35,12/07/1988,2,00, ,2,6,09, , , , , ,1, ,8303,0
16,1023,8,12A217,08,40413,4,1,0,02,-,1,3,1,45,08/07/1978,1,02,6,2,2,01,5,3,3,1,999999,1, ,8303,0
00,1023,8,12A217,08,40413,2,1,0,02,-,1,2,2,34,15/06/1989,1,07,4,9,1,99, , , , , ,1,1,8303,16819
00,1023,8,12A217,08,40413,3,1,0,01,-,1,1,1,54,24/02/1969,1,04,2,2,6,01,5,5,2,1,002500,1,1,8303,8410
16,1023,8,12A217,08,40413,4,1,0,01,-,1,1,2,77,15/06/1946,1,03,3,2,5,07, , , , , ,1, ,8303,0
00,1023,8,12A217,08,40413,2,1,0,01,-,1,1,1,34,15/06/1989,1,07,4,9,1,99, , , , , ,1, ,8303,0
00,1023,8,12A217,08,40413,2,1,0,03,-,1,3,2,13,15/06/2010,1,02,6,9,6,99, , , , , ,1, ,8303,0
00,1023,8,12A217,08,40413,1,1,0,01,-,1,1,2,67,13/06/1956,1,00, ,2,4,01,5,4,3,1,001500,1,1,8303,16819
00,1023,8,12A217,08,40413,2,1,0,04,-,1,3,1,07,15/06/2016,2,01,3,9, , , , , , , ,1, ,8303,0
00,1023,3,11A224,09,40032,2,1,1,05,-,1,3,1,07,30/11/2015,1,02,2,1, , , , , , , ,1, ,6635,0
00,1023,3,11A224,09,40032,4,1,0,01,-,1,1,2,58,07/04/1965,1,07,4,2,2,01,1,7,3,2,999999,1,1,6635,13363
00,1023,3,11A224,09,40032,2,1,1,04,-,1,3,1,13,09/11/2009,1,03,2,1,6,06, , , , , ,1, ,6635,0
00,1023,3,11A224,09,40032,2,1,1,01,-,1,1,1,36,15/01/1987,1,03,3,2,5,01,7,5,3,1,002000,1,1,6635,13363
00,1023,3,11A224,09,40032,4,1,0,03,-,1,3,1,06,10/02/2017,2,01,3,1, , , , , , , ,1, ,6635,0
00,1023,3,11A224,09,40032,3,1,1,01,-,1,1,1,64,15/10/1959,1,04,1,2,6,01,7,3,3,1,002300,1,1,6635,20045
00,1023,3,11A224,09,40032,4,1,0,02,-,1,3,1,35,18/10/1987,1,07,3,2,6,01,4,4,2,1,999999,1, ,6635,0
00,1023,3,11A224,09,40032,2,1,1,03,-,1,3,2,15,18/04/2008,1,03,3,1,6,06, , , , , ,1, ,6635,0
00,1023,3,11A224,09,40032,2,1,1,02,-,1,2,2,32,20/04/1991,1,03,3,2,5,07, , , , , ,1, ,6635,0
00,1023,3,11A224,09,40032,1,1,0,01,-,1,1,2,47,25/12/1975,1,04,3,2,6,01,5,5,2,1,000800,1,1,6635,6682
00,1023,3,11A224,09,40032,1,1,0,02,-,1,3,2,06,03/01/2017,2,01,3,1, , , , , , , ,1, ,6635,0
00,1023,3,11A224,09,40032,3,1,1,03,-,1,3,2,20,02/04/2003,1,04,2,1,6,01,5,5,3,1,002000,1, ,6635,0
00,1023,3,11A224,09,40032,3,1,1,02,-,1,3,1,28,07/08/1995,1,04,1,2,6,01,5,5,3,1,002500,1, ,6635,0
00,1023,3,12A224,09,40037,3,1,1,02,-,1,2,2,51,27/02/1972,1,04,3,2,5,01,4,4,2,1,009999,1, ,6983,0
00,1023,3,12A224,09,40037,2,1,0,02,-,1,2,2,60,15/05/1963,1,04,3,2,1,07, , , , , ,1, ,6983,0
00,1023,3,12A224,09,40037,3,1,1,01,-,1,1,1,53,18/03/1970,1,03,3,2,5,01,5,5,2,1,009999,1,1,6983,21217
00,1023,3,12A224,09,40037,3,1,1,03,-,1,3,2,24,03/07/1999,1,07,4,2,6,01,1,5,3,2,009999,1, ,6983,0
00,1023,3,12A224,09,40037,1,1,0,01,-,1,1,2,38,22/04/1985,1,07,4,2,6,01,3,9,3,3,015000,1,1,6983,7072
00,1023,3,12A224,09,40037,4,1,0,01,-,1,1,1,38,17/08/1985,1,04,3,2,6,01,4,5,3,2,999999,1,1,6983,7072
00,1023,3,12A224,09,40037,2,1,0,01,-,1,1,1,71,02/06/1952,1,03,3,2,1,08, , , , , ,1,1,6983,14144
00,1023,3,12A224,09,40039,1,1,0,01,-,1,1,2,47,29/11/1975,1,04,3,2,5,01,5,5,3,2,999999,1, ,9300,0
00,1023,3,12A224,09,40039,3,1,0,02,-,1,4,2,84,31/08/1939,1,02,6,2,4,07, , , , , ,1, ,9300,0
00,1023,3,12A224,09,40039,3,1,0,01,-,1,1,2,50,22/03/1973,1,06,3,2,6,01,3,5,3,2,999999,1,1,9300,18839
00,1023,3,12A224,09,40039,1,1,0,02,-,1,2,1,50,31/03/1973,1,03,3,2,5,01,5,5,3,2,999999,1,1,9300,18839
00,1023,3,12A224,09,40039,4,1,0,01,-,1,1,1,68,01/07/1955,1,02,6,2,6,07, , , , , ,1,1,9300,9419
00,1023,7,11A218,09,40046,1,1,0,03,-,1,3,1,19,12/04/2004,1,07,2,1,6,01,5,5,3,1,001200,1, ,11098,0
00,1023,7,11A218,09,40046,1,1,0,01,-,1,1,1,65,08/06/1958,1,02,6,2,5,01,5,3,3,1,001700,1,1,11098,33528
00,1023,7,11A218,09,40046,4,1,0,02,-,1,2,2,61,27/07/1962,1,02,6,2,5,01,5,5,3,2,002000,1,1,11098,44704
00,1023,7,11A218,09,40046,3,1,0,03,-,1,3,1,12,24/03/2011,1,02,5,1,6,06, , , , , ,1, ,11098,0
00,1023,5,11A218,09,40046,3,1,0,05,-,2, , , , , , , , , , , , , , , ,1, ,0,0
00,1023,7,11A218,09,40046,2,1,0,03,-,1,3,1,08,17/07/2015,1,02,1,1, , , , , , , ,1, ,11098,0
00,1023,7,11A218,09,40046,1,1,0,02,-,1,2,2,62,15/09/1961,1,03,3,2,5,01,4,4,2,1,001600,1, ,11098,0
00,1023,7,11A218,09,40046,3,1,0,04,-,1,3,1,10,06/09/2013,1,02,2,1, , , , , , , ,1, ,11098,0
00,1023,7,11A218,09,40046,2,1,0,02,-,1,2,2,26,29/07/1997,1,04,1,2,1,07, , , , , ,1,1,11098,22352
00,1023,7,11A218,09,40046,4,1,0,03,-,1,3,2,35,04/01/1988,1,07,5,2,6,07, , , , , ,1, ,11098,0
00,1023,7,11A218,09,40046,2,1,0,01,-,1,1,1,29,14/03/1994,1,04,3,2,1,01,5,3,3,2,999999,1, ,11098,0
00,1023,7,11A218,09,40046,3,1,0,01,-,1,1,1,32,16/01/1991,1,03,3,2,2,01,4,4,3,1,001800,1,1,11098,11176
00,1023,7,11A218,09,40046,3,1,0,02,-,1,3,2,14,12/07/2009,1,03,2,1,6,06, , , , , ,1, ,11098,0
00,1023,7,11A218,09,40046,4,1,0,04,-,1,3,1,24,12/04/1999,1,04,3,2,6,01,5,5,3,2,002400,1, ,11098,0
00,1023,7,11A218,09,40046,4,1,0,01,-,1,1,1,60,24/11/1962,1,03,3,2,5,08, , , , , ,1, ,11098,0
00,1023,7,13A218,09,40097,1,1,0,02,-,1,2,2,32,16/07/1991,1,06,3,2,1,01,3,7,3,2,999999,1,1,8763,17828
00,1023,7,13A218,09,40097,3,1,1,01,-,1,1,1,32,04/08/1991,1,07,4,2,6,01,1,5,3,2,999999,1,1,8763,8914
00,1023,7,13A218,09,40097,1,1,0,01,-,1,1,1,55,28/09/1968,1,09,3,2,1,01,3,5,3,2,999999,1, ,8763,0
00,1023,7,13A218,09,40097,1,1,0,03,-,1,3,1,14,29/05/2009,1,03,1,1,6,06, , , , , ,1, ,8763,0
00,1023,7,13A218,09,40097,4,1,0,01,-,1,1,2,59,21/08/1964,1,08,2,2,3,08, , , , , ,1,1,8763,8914
00,1023,7,12A218,09,40098,4,1,0,01,-,1,1,2,64,11/12/1958,1,04,3,2,5,08, , , , , ,1,1,8436,17090
00,1023,4,12A218,09,40098,4,1,0,02,-,2, , , , , , , , , , , , , , , ,1, ,0,0
00,1023,7,12A218,09,40098,1,1,0,02,-,1,2,1,54,25/05/1969,1,07,4,2,1,01,5,5,3,1,999999,1,1,8436,17090
00,1023,7,12A218,09,40098,3,1,0,01,-,1,1,1,77,24/01/1946,1,07,5,2,3,08, , , , , ,1,1,8436,8545
00,1023,7,12A218,09,40098,4,1,0,03,-,1,2,1,78,05/07/1945,1,04,3,2,5,08, , , , , ,1, ,8436,0
00,1023,7,12A218,09,40098,1,1,0,01,-,1,1,2,54,27/02/1969,1,08,2,2,1,07, , , , , ,1, ,8436,0
00,1023,7,12A218,09,40098,2,1,0,01,-,1,1,1,52,16/06/1971,1,04,3,2,6,01,5,5,3,3,004000,1,1,8436,8545
00,1023,3,12A224,09,40130,1,1,0,01,-,1,1,2,71,25/11/1951,1,06,3,2,6,07, , , , , ,1, ,7581,0
00,1023,3,12A224,09,40130,2,1,0,04,-,1,7,1,28,16/06/1995,1,07,5,2,6,01,5,5,2,1,999999,1, ,7581,0
00,1023,3,12A224,09,40130,2,1,0,03,-,1,7,2,49,05/03/1974,1,03,3,2,5,01,4,4,2,1,999999,1, ,7581,0
00,1023,3,12A224,09,40130,2,1,0,02,-,1,6,1,59,23/08/1964,1,04,3,2,5,01,5,5,2,1,999999,1, ,7581,0
00,1023,3,12A224,09,40130,1,1,0,02,-,1,3,2,51,20/12/1971,1,06,3,2,2,01,4,4,2,1,999999,1, ,7581,0
00,1023,3,12A224,09,40130,3,1,0,01,-,1,1,1,49,08/04/1974,1,03,3,2,6,01,5,5,3,2,999999,1,1,7581,7678
00,1023,3,12A224,09,40130,1,1,0,03,-,1,5,2,26,18/01/1997,1,06,3,2,6,01,4,4,2,1,999999,1,1,7581,30714
00,1023,3,12A224,09,40130,2,1,0,01,-,1,1,2,62,31/05/1961,1,03,3,2,6,07, , , , , ,1,1,7581,38392
00,1023,3,12A224,09,40130,2,1,0,05,-,1,7,2,23,13/06/2000,1,04,3,2,6,01,5,5,3,1,999999,1, ,7581,0
00,1023,3,12A224,09,40130,2,1,0,06,-,1,7,2,17,08/11/2005,1,04,2,1,6,06, , , , , ,1, ,7581,0
00,1023,3,12A224,09,40130,4,1,0,02,-,1,2,1,42,24/10/1980,1,07,4,2,5,01,4,4,2,1,999999,1, ,7581,0
00,1023,3,12A224,09,40130,4,1,0,01,-,1,1,2,37,18/09/1986,1,07,4,2,5,01,4,4,2,1,999999,1,1,7581,15357
00,1023,3,12A224,09,40130,1,1,0,04,-,1,5,1,22,31/10/2000,1,04,3,2,6,01,4,4,2,1,999999,1, ,7581,0
00,1023,3,11A224,09,40131,4,1,1,04,-,1,3,1,05,24/04/2018,2,01,2,1, , , , , , , ,1, ,8935,0
00,1023,3,11A224,09,40131,4,1,1,03,-,1,3,2,07,14/05/2016,1,02,1,1, , , , , , , ,1, ,8935,0
00,1023,3,11A224,09,40131,4,1,1,02,-,1,2,2,39,18/10/1983,1,04,2,2,5,07, , , , , ,1, ,8935,0
00,1023,3,11A224,09,40131,3,1,1,03,-,1,3,2,18,19/11/2004,1,03,3,2,6,07, , , , , ,1,1,8935,26993
00,1023,3,11A224,09,40131,4,1,1,05,-,1,3,2,01,24/01/2022, , , , , , , , , , , ,1, ,8935,0
00,1023,3,11A224,09,40131,3,1,1,02,-,1,2,2,54,06/04/1969,1,02,6,2,5,07, , , , , ,1, ,8935,0
00,1023,3,11A224,09,40131,1,1,1,01,-,1,1,1,81,24/02/1942,1,00, ,2,5,07, , , , , ,1,1,8935,17995
00,1023,3,11A224,09,40131,1,1,1,02,-,1,2,2,68,15/06/1955,2,00, ,2,5,07, , , , , ,1, ,8935,0
00,1023,3,11A224,09,40131,3,1,1,01,-,1,1,1,61,17/11/1961,1,02,1,2,5,01,7,5,3,2,003000,1, ,8935,0
00,1023,3,11A224,09,40131,4,1,1,01,-,1,1,1,46,19/03/1977,1,03,3,9,5,01,7,2,3,1,001800,1,1,8935,17995
00,1023,3,11A218,09,40139,1,1,0,04,-,2, , , , , , , , , , , , , , , ,1, ,0,0
00,1023,3,11A218,09,40139,1,1,0,03,-,2, , , , , , , , , , , , , , , ,1, ,0,0
00,1023,7,11A218,09,40139,2,1,0,03,-,1,3,1,26,15/06/1997,1,07,3,2,6,01,3,3,3,2,999999,1,1,8541,25803
00,1023,7,11A218,09,40139,3,1,0,03,-,1,6,2,83,15/06/1940,1,03,3,2,6,07, , , , , ,1, ,8541,0
00,1023,7,11A218,09,40139,2,1,0,02,-,1,2,2,54,15/06/1969,1,04,3,2,5,01,7,2,3,1,999999,1, ,8541,0
00,1023,4,11A218,09,40139,2,1,0,04,-,2, , , , , , , , , , , , , , , ,1, ,0,0
00,1023,4,11A218,09,40139,2,1,0,06,-,2, , , , , , , , , , , , , , , ,1, ,0,0
00,1023,7,11A218,09,40139,3,1,0,01,-,1,1,2,67,15/06/1956,1,03,3,2,4,07, , , , , ,1, ,8541,0
00,1023,7,11A218,09,40139,3,1,0,02,-,1,6,2,61,15/06/1962,1,03,3,2,6,07, , , , , ,1,1,8541,25803
00,1023,7,11A218,09,40139,2,1,0,01,-,1,1,1,57,15/06/1966,1,07,4,2,5,01,3,2,3,2,999999,1, ,8541,0
00,1023,3,11A218,09,40139,1,1,0,05,-,2, , , , , , , , , , , , , , , ,1, ,0,0
00,1023,4,11A218,09,40139,2,1,0,05,-,2, , , , , , , , , , , , , , , ,1, ,0,0
00,1023,7,11A218,09,40139,1,1,0,06,-,1,3,1,51,05/10/1972,1,02,5,2,2,01,4,4,2,1,000500,1,1,8541,17202
00,1023,3,11A218,09,40139,1,1,0,02,-,2, , , , , , , , , , , , , , , ,1, ,0,0
00,1023,7,11A218,09,40139,1,1,0,01,-,1,1,2,64,20/03/1959,1,00, ,2,6,01,4,4,2,1,000500,1, ,8541,0
00,1023,7,11A218,09,40142,2,1,1,03,-,1,3,2,13,20/07/2010,1,02,6,1,6,06, , , , , ,1, ,7582,0
00,1023,7,11A218,09,40142,1,1,0,01,-,1,1,1,46,28/04/1977,1,07,4,2,1,01,1,7,3,2,999999,1, ,7582,0
00,1023,7,11A218,09,40142,2,1,1,01,-,1,1,1,46,10/10/1977,1,03,3,2,5,01,5,5,2,1,999999,1, ,7582,0
00,1023,7,11A218,09,40142,1,1,0,04,-,1,3,2,21,02/02/2002,1,07,1,1,6,06, , , , , ,1, ,7582,0
00,1023,7,11A218,09,40142,4,1,0,02,-,1,2,2,55,18/04/1968,1,03,3,2,1,07, , , , , ,1, ,7582,0
00,1023,7,11A218,09,40142,2,1,1,02,-,1,2,2,42,15/06/1981,1,06,3,2,5,01,1,5,3,2,999999,1,1,7582,15269
00,1023,7,11A218,09,40142,2,1,1,04,-,1,3,1,05,13/04/2018,2,01,2,1, , , , , , , ,1, ,7582,0
00,1023,7,11A218,09,40142,1,1,0,03,-,1,3,1,25,15/10/1997,1,07,2,1,6,06, , , , , ,1, ,7582,0
00,1023,7,11A218,09,40142,4,1,0,06,-,1,3,2,24,14/09/1999,1,03,3,2,6,07, , , , , ,1, ,7582,0
00,1023,4,11A218,09,40142,4,1,0,03,-,2, , , , , , , , , , , , , , , ,1, ,0,0
00,1023,7,11A218,09,40142,1,1,0,05,-,1,3,2,19,25/02/2004,1,07,1,1,6,06, , , , , ,1, ,7582,0
00,1023,7,11A218,09,40142,4,1,0,01,-,1,1,1,48,18/08/1975,1,03,3,2,1,01,7,2,3,2,002500,1,1,7582,38174
00,1023,7,11A218,09,40142,4,1,0,05,-,1,3,2,18,28/03/2005,1,04,2,2,6,01,4,4,3,2,002000,1, ,7582,0
00,1023,7,11A218,09,40142,1,1,0,02,-,1,2,2,46,01/12/1976,1,07,1,1,1,01,4,4,2,1,999999,1,1,7582,38174
00,1023,7,11A218,09,40142,4,1,0,04,-,1,3,1,19,04/05/2004,1,04,3,2,6,07, , , , , ,1, ,7582,0
00,1023,7,12A218,09,40144,1,1,0,05,-,1,3,1,03,16/08/2020, , , , , , , , , , , ,1, ,8311,0
00,1023,7,12A218,09,40144,4,1,0,01,-,1,1,1,51,26/10/1971,1,03,3,2,1,01,5,5,3,2,999999,1, ,8311,0
00,1023,7,12A218,09,40144,3,1,0,04,-,1,3,1,02,19/06/2021, , , , , , , , , , , ,1, ,8311,0
00,1023,7,12A218,09,40144,4,1,0,02,-,1,2,2,50,24/04/1973,1,04,3,2,1,07, , , , , ,1,1,8311,25253
00,1023,7,12A218,09,40144,4,1,0,03,-,1,3,1,28,22/05/1995,1,07,4,2,6,01,1,5,3,2,999999,1, ,8311,0
00,1023,7,12A218,09,40144,4,1,0,04,-,1,3,2,17,07/08/2006,1,03,3,1,6,06, , , , , ,1, ,8311,0
00,1023,7,12A218,09,40144,1,1,0,04,-,1,3,1,07,26/05/2016,1,01,3,1, , , , , , , ,1, ,8311,0
00,1023,7,12A218,09,40144,3,1,0,03,-,1,3,1,04,14/06/2019, , , , , , , , , , , ,1, ,8311,0
00,1023,7,12A218,09,40144,1,1,0,02,-,1,2,2,31,15/11/1991,1,07,1,2,1,01,5,5,3,2,999999,1, ,8311,0
00,1023,7,12A218,09,40144,1,1,0,01,-,1,1,1,29,18/06/1994,1,04,3,2,1,01,4,4,2,1,999999,1,1,8311,16835
00,1023,7,12A218,09,40144,2,1,0,01,-,1,1,2,60,15/06/1963,1,03,3,2,2,01,5,5,3,2,999999,1,1,8311,8418
00,1023,7,12A218,09,40144,3,1,0,02,-,1,2,2,22,01/06/2001,1,04,3,2,1,07, , , , , ,1,1,8311,16835
00,1023,7,12A218,09,40144,3,1,0,01,-,1,1,1,23,12/07/2000,1,04,3,2,1,01,5,5,3,2,999999,1, ,8311,0
00,1023,7,12A218,09,40144,1,1,0,03,-,1,3,1,09,09/07/2014,1,02,2,1, , , , , , , ,1, ,8311,0
00,1023,7,12A218,09,40148,4,1,0,03,-,1,5,1,12,26/04/2011,1,02,5,1,6,06, , , , , ,1, ,8850,0
00,1023,7,12A218,09,40148,3,1,0,03,-,1,3,2,22,15/09/2001,1,07,3,1,6,06, , , , , ,1, ,8850,0
00,1023,7,12A218,09,40148,2,1,0,01,-,1,1,1,41,09/08/1982,1,04,3,2,3,01,5,5,2,1,001000,1,1,8850,8963
00,1023,7,12A218,09,40148,1,1,0,01,-,1,1,2,74,29/09/1949,1,02,6,2,6,08, , , , , ,1,1,8850,17927
00,1023,7,12A218,09,40148,4,1,0,01,-,1,1,2,53,20/10/1969,1,06,3,2,5,07, , , , , ,1, ,8850,0
00,1023,5,12A218,09,40148,3,1,0,05,-,2, , , , , , , , , , , , , , , ,1, ,0,0
00,1023,7,12A218,09,40148,3,1,0,04,-,1,3,1,27,24/04/1996,1,03,3,2,1,01,5,5,3,1,999999,1, ,8850,0
00,1023,7,12A218,09,40148,3,1,0,06,-,1,5,1,10,16/04/2013,1,02,3,1, , , , , , , ,1, ,8850,0
00,1023,7,12A218,09,40148,3,1,0,07,-,1,5,2,05,07/12/2017,1,01,3,1, , , , , , , ,1, ,8850,0
00,1023,7,12A218,09,40148,3,1,0,02,-,1,2,1,49,20/07/1974,1,02,6,2,5,01,5,5,3,1,999999,1,1,8850,35854
00,1023,7,12A218,09,40148,3,1,0,01,-,1,1,2,49,26/04/1974,1,02,6,2,5,01,4,4,2,1,999999,1, ,8850,0
00,1023,7,12A218,09,40148,1,1,0,02,-,1,3,1,43,06/05/1980,1,07,4,2,6,01,1,5,3,2,999999,1, ,8850,0
00,1023,7,12A218,09,40148,4,1,0,02,-,1,2,1,55,16/02/1968,1,03,3,2,5,01,4,4,2,1,999999,1,1,8850,17927
00,1023,7,12A218,09,40188,3,1,0,06,-,1,5,1,41,07/07/1982,1,03,3,2,5,01,4,4,3,1,999999,1, ,7985,0
00,1023,7,12A218,09,40188,3,1,0,10,-,2, , , , , , , , , , , , , , , ,1, ,0,0
00,1023,7,12A218,09,40188,3,1,0,02,-,1,3,1,36,14/11/1986,1,03,3,2,5,01,5,5,3,1,999999,1, ,7985,0
00,1023,7,12A218,09,40188,3,1,0,09,-,2, , , , , , , , , , , , , , , ,1, ,0,0
00,1023,7,12A218,09,40188,3,1,0,07,-,1,5,1,09,30/05/2014,1,02,3,1, , , , , , , ,1, ,7985,0
00,1023,7,12A218,09,40188,4,1,0,02,-,1,2,1,68,10/10/1955,1,07,4,2,5,04, , , , , ,1, ,7985,0
00,1023,7,12A218,09,40188,4,1,0,03,-,1,3,2,33,07/02/1990,1,07,4,2,6,01,3,5,3,2,999999,1,1,7985,24264
00,1023,7,12A218,09,40188,2,1,0,01,-,1,1,2,74,25/09/1949,1,06,3,2,5,07, , , , , ,1,1,7985,24264
00,1023,7,12A218,09,40188,3,1,0,04,-,1,5,2,09,08/10/2014,1,02,2,1, , , , , , , ,1, ,7985,0
00,1023,7,12A218,09,40188,3,1,0,03,-,1,5,2,36,31/12/1986,1,03,3,2,5,07, , , , , ,1, ,7985,0
00,1023,7,12A218,09,40188,1,1,0,01,-,1,1,1,33,30/10/1989,1,07,5,2,5,01,5,5,3,2,999999,1,1,7985,8088
00,1023,7,12A218,09,40188,2,1,0,02,-,1,3,1,49,26/08/1974,1,07,5,2,6,01,5,5,3,2,999999,1, ,7985,0
00,1023,7,12A218,09,40188,2,1,0,03,-,1,3,2,38,13/03/1985,1,07,5,2,6,01,4,4,3,2,999999,1, ,7985,0
00,1023,7,12A218,09,40188,3,1,0,05,-,1,3,2,31,16/02/1992,1,03,3,2,5,01,4,4,3,1,999999,1, ,7985,0
00,1023,7,12A218,09,40188,4,1,0,01,-,1,1,2,66,29/12/1956,1,09,3,2,5,01,3,5,3,2,999999,1, ,7985,0
00,1023,7,12A218,09,40188,3,1,0,08,-,2, , , , , , , , , , , , , , , ,1, ,0,0
00,1023,7,12A218,09,40188,3,1,0,01,-,1,1,2,64,29/08/1959,1,06,3,2,3,08, , , , , ,1,1,7985,40440
00,1023,3,13A224,09,40233,2,1,0,01,-,1,1,1,46,23/08/1977,1,07,5,2,5,01,1,5,3,2,999999,1, ,15701,0
00,1023,3,13A224,09,40233,3,1,0,01,-,1,1,2,33,30/12/1989,1,08,1,2,6,01,1,5,3,2,999999,1,1,15701,15972
00,1023,3,13A224,09,40233,4,1,0,01,-,1,1,1,45,01/10/1978,1,07,4,2,6,01,1,5,3,2,999999,1,1,15701,15972
00,1023,3,13A224,09,40233,1,1,0,01,-,1,1,2,28,14/02/1995,1,07,4,2,5,01,1,5,3,2,999999,1,1,15701,15972
00,1023,3,13A224,09,40233,2,1,0,02,-,1,2,2,41,29/08/1982,1,07,5,2,5,01,1,5,3,2,999999,1,1,15701,31944
00,1023,3,13A224,09,40233,2,1,0,03,-,1,3,1,01,28/02/2022, , , , , , , , , , , ,1, ,15701,0
00,1023,3,12A224,09,40236,4,1,1,05,-,1,3,2,14,21/09/2009,1,03,2,1,6,06, , , , , ,1, ,5514,0
00,1023,3,12A224,09,40236,3,1,1,01,-,1,1,2,69,15/06/1954,1,02,6,2,6,07, , , , , ,1,1,5514,5585
00,1023,3,12A224,09,40236,4,1,1,03,-,1,3,1,18,06/05/2005,1,04,3,1,6,06, , , , , ,1, ,5514,0
00,1023,3,12A224,09,40236,4,1,1,02,-,1,2,2,41,02/05/1982,1,03,3,2,1,01,5,5,2,1,001500,1,1,5514,16756
00,1023,3,12A224,09,40236,4,1,1,04,-,1,3,1,16,01/03/2007,1,04,1,1,6,06, , , , , ,1, ,5514,0
00,1023,3,12A224,09,40236,1,1,0,02,-,1,2,1,43,02/06/1980,1,04,3,2,1,01,5,5,3,1,999999,1,1,5514,11171
00,1023,3,12A224,09,40236,1,1,0,01,-,1,1,2,39,02/03/1984,1,04,3,2,1,01,4,4,2,1,001600,1, ,5514,0
00,1023,3,12A224,09,40236,4,1,1,01,-,1,1,1,49,27/08/1974,1,04,1,2,1,01,5,5,5,1,001600,1, ,5514,0
00,1023,3,12A224,09,40236,2,1,0,01,-,1,1,2,32,16/07/1991,1,04,3,2,6,01,3,4,3,2,999999,1,1,5514,5585
00,1023,2,12A225,09,40282,3,1,0,02,-,1,3,1,34,09/08/1989,1,07,3,2,6,01,5,5,3,1,999999,1, ,8205,0
00,1023,2,12A225,09,40282,3,1,0,03,-,1,3,1,31,27/08/1992,1,06,3,2,6,01,4,4,3,1,999999,1, ,8205,0
00,1023,2,12A225,09,40282,4,1,0,01,-,1,1,1,61,09/09/1962,1,04,2,2,5,04, , , , , ,1,1,8205,16620
00,1023,2,12A225,09,40282,1,1,0,02,-,1,2,2,51,11/05/1972,1,07,4,2,5,07, , , , , ,1,1,8205,24930
00,1023,2,12A225,09,40282,3,1,0,04,-,1,3,2,29,06/09/1994,1,07,4,2,6,07, , , , , ,1, ,8205,0
00,1023,2,12A225,09,40282,3,1,0,01,-,1,1,2,52,22/07/1971,1,03,3,2,4,01,5,5,3,1,999999,1,1,8205,33240
00,1023,2,12A225,09,40282,4,1,0,02,-,1,2,2,50,27/07/1973,1,02,3,2,5,01,4,4,2,1,000500,1, ,8205,0
00,1023,2,12A225,09,40282,1,1,0,04,-,1,3,1,13,16/07/2010,1,03,2,1,6,06, , , , , ,1, ,8205,0
00,1023,2,12A225,09,40282,1,1,0,03,-,1,3,2,20,02/06/2003,1,07,1,1,6,06, , , , , ,1, ,8205,0
00,1023,2,12A225,09,40282,2,1,0,02,-,1,2,2,64,18/08/1959,1,04,3,2,5,07, , , , , ,1,1,8205,16620
00,1023,2,12A225,09,40282,3,1,0,05,-,1,3,1,15,17/06/2008,1,04,1,1,6,06, , , , , ,1, ,8205,0
00,1023,2,12A225,09,40282,2,1,0,01,-,1,1,1,74,10/08/1949,1,02,6,2,5,01,4,4,2,1,999999,1, ,8205,0
00,1023,2,12A225,09,40282,1,1,0,01,-,1,1,1,52,10/08/1971,1,07,5,2,5,01,1,5,3,2,999999,1, ,8205,0
00,1023,6,13B211,09,40286,1,1,0,02,-,1,2,2,54,21/11/1968,1,06,2,2,1,01,5,5,3,2,999999,1, ,6470,0
00,1023,6,13B211,09,40286,3,1,0,03,-,1,3,2,46,24/02/1977,1,08,1,2,3,01,5,5,3,2,999999,1,1,6470,32909
00,1023,6,13B211,09,40286,1,1,0,01,-,1,1,1,55,27/03/1968,1,03,3,2,1,01,4,4,3,2,999999,1, ,6470,0
00,1023,6,13B211,09,40286,1,1,0,04,-,1,3,2,21,04/11/2001,1,04,1,1,6,06, , , , , ,1,1,6470,32909
00,1023,6,13B211,09,40286,3,1,0,02,-,1,2,2,80,14/02/1943,1,02,3,2,5,07, , , , , ,1, ,6470,0
00,1023,6,13B211,09,40286,3,1,0,05,-,1,5,2,19,14/07/2004,1,03,3,1,6,07, , , , , ,1, ,6470,0
00,1023,6,13B211,09,40286,1,1,0,03,-,1,3,1,28,09/07/1995,1,03,3,2,6,01,5,5,2,1,002000,1, ,6470,0
00,1023,6,13B211,09,40286,3,1,0,06,-,1,5,2,14,03/10/2009,1,03,2,1,6,06, , , , , ,1, ,6470,0
00,1023,6,13B211,09,40286,1,1,0,05,-,1,3,2,19,08/06/2004,1,04,2,1,6,06, , , , , ,1, ,6470,0
00,1023,6,13B211,09,40286,3,1,0,01,-,1,1,1,79,10/10/1943,1,03,3,2,5,08, , , , , ,1, ,6470,0
00,1023,6,13B211,09,40286,2,1,0,01,-,1,1,1,78,15/06/1945,1,07,1,2,6,08, , , , , ,1,1,6470,6582
00,1023,6,13B211,09,40286,3,1,0,04,-,1,5,2,22,15/04/2001,1,05,2,1,6,06, , , , , ,1, ,6470,0
00,1023,6,12B211,09,40288,4,1,0,01,-,1,1,1,56,03/08/1967,1,04,3,2,6,05, , , , , ,1, ,8579,0
00,1023,6,12B211,09,40288,2,1,1,01,-,1,1,2,46,20/02/1977,1,03,3,2,6,01,4,4,2,1,005000,1,1,8579,17378
00,1023,6,12B211,09,40288,2,1,1,02,-,1,3,2,20,19/08/2003,1,04,3,1,6,06, , , , , ,1, ,8579,0
00,1023,6,12B211,09,40288,4,1,0,02,-,1,4,2,83,12/09/1940,1,02,6,2,4,07, , , , , ,1,1,8579,17378
00,1023,6,12B211,09,40288,1,1,0,01,-,1,1,1,44,26/05/1979,1,09,1,2,5,01,2,7,3,2,999999,1,1,8579,8689
00,1023,6,11B211,09,40289,3,1,0,03,-,1,3,1,55,27/10/1967,1,03,2,2,1,01,5,5,3,1,001100,1, ,5620,0
00,1023,6,11B211,09,40289,3,1,0,07,-,1,5,1,16,13/06/2007,1,03,3,1,6,06, , , , , ,1, ,5620,0
00,1023,6,11B211,09,40289,3,1,0,06,-,1,5,1,16,13/06/2007,1,03,3,1,6,06, , , , , ,1, ,5620,0
00,1023,6,11B211,09,40289,1,1,0,01,-,1,1,1,48,14/02/1975,1,04,3,2,5,01,5,5,3,2,999999,1,1,5620,5660
00,1023,6,11B211,09,40289,1,1,0,03,-,1,3,1,14,12/10/2009,1,02,6,1,6,06, , , , , ,1, ,5620,0
00,1023,6,11B211,09,40289,3,1,0,02,-,1,2,2,80,06/11/1942,1,06,3,2,5,08, , , , , ,1, ,5620,0
00,1023,6,11B211,09,40289,3,1,0,05,-,2, , , , , , , , , , , , , , , ,1, ,0,0
00,1023,6,11B211,09,40289,4,1,0,01,-,1,1,2,54,14/10/1968,1,06,3,2,3,01,3,5,3,2,001600,1,1,5620,5660
00,1023,6,11B211,09,40289,3,1,0,04,-,1,5,2,47,17/04/1976,1,03,3,2,1,07, , , , , ,1, ,5620,0
00,1023,6,11B211,09,40289,3,1,0,01,-,1,1,1,85,19/07/1938,1,07,3,2,5,08, , , , , ,1,1,5620,22639
00,1023,6,11B211,09,40289,2,1,0,02,-,1,2,2,36,27/09/1987,1,07,2,2,5,01,1,5,3,2,004000,1,1,5620,11320
00,1023,6,11B211,09,40289,2,1,0,01,-,1,1,1,37,17/09/1986,1,04,3,2,5,01,5,5,2,1,002000,1, ,5620,0
00,1023,6,11B211,09,40289,1,1,0,04,-,1,3,2,15,08/09/2008,1,03,2,1,6,06, , , , , ,1, ,5620,0
00,1023,5,11B211,09,40289,1,1,0,02,-,2, , , , , , , , , , , , , , , ,1, ,0,0
00,1023,6,11B211,09,40291,2,1,0,01,-,1,1,1,40,14/09/1983,1,03,3,2,1,01,4,4,3,1,001500,1, ,6831,0
00,1023,6,11B211,09,40291,4,1,0,03,-,1,5,1,31,05/05/1992,1,04,3,1,1,01,4,4,2,1,002000,1, ,6831,0
00,1023,6,11B211,09,40291,4,1,0,01,-,1,1,1,62,13/09/1961,1,03,3,2,2,01,4,4,2,1,009999,1, ,6831,0
00,1023,6,11B211,09,40291,2,1,0,02,-,1,2,2,37,30/01/1986,1,03,3,2,1,01,4,4,2,1,000800,1,1,6831,20636
00,1023,6,11B211,09,40291,4,1,0,02,-,1,3,2,29,07/08/1994,1,06,3,2,1,07, , , , , ,1,1,6831,20636
00,1023,6,11B211,09,40291,4,1,0,05,-,1,5,1,06,18/01/2017,2,01,2,1, , , , , , , ,1, ,6831,0
00,1023,6,11B211,09,40291,3,1,0,01,-,1,1,1,82,27/02/1941,1,02,2,2,1,01,4,4,2,3,009999,1, ,6831,0
00,1023,6,11B211,09,40291,2,1,0,04,-,1,3,2,16,11/10/2006,1,04,1,1,6,06, , , , , ,1, ,6831,0
00,1023,6,11B211,09,40291,2,1,0,03,-,1,3,2,19,21/01/2004,1,04,3,1,6,06, , , , , ,1, ,6831,0
00,1023,6,11B211,09,40291,4,1,0,04,-,1,5,2,08,30/04/2015,1,02,1,1, , , , , , , ,1, ,6831,0
00,1023,6,11B211,09,40291,3,1,0,02,-,1,2,2,79,06/12/1943,1,04,3,2,1,01,4,4,2,3,009999,1,1,6831,13758
00,1023,6,11B211,09,40291,1,1,0,01,-,1,1,1,42,10/11/1980,1,04,2,2,1,01,7,5,3,1,001200,1,1,6831,6879
00,1023,2,12A225,09,40330,3,1,0,01,-,1,1,1,61,31/08/1962,2,04,3,2,6,01,5,5,2,1,999999,1,1,5080,5145
00,1023,2,12A225,09,40330,1,1,0,03,-,1,3,2,09,09/10/2014,1,02,2,1, , , , , , , ,1, ,5080,0
00,1023,2,12A225,09,40330,4,1,0,01,-,1,1,2,48,04/01/1975,1,03,3,2,6,01,5,5,3,1,002000,1,1,5080,5145
00,1023,2,12A225,09,40330,2,1,0,02,-,1,3,2,35,15/01/1988,1,04,3,2,6,01,3,5,3,2,999999,1,1,5080,10291
00,1023,2,12A225,09,40330,1,1,0,01,-,1,1,1,43,07/08/1980,1,03,3,2,1,01,3,5,3,1,002000,1, ,5080,0
00,1023,2,12A225,09,40330,2,1,0,03,-,1,5,1,10,11/06/2013,1,02,5,1, , , , , , , ,1, ,5080,0
00,1023,2,12A225,09,40330,2,1,0,01,-,1,1,2,64,15/03/1959,1,04,3,2,2,07, , , , , ,1, ,5080,0
00,1023,2,12A225,09,40330,1,1,0,02,-,1,2,2,29,09/12/1993,1,03,3,2,1,01,5,5,3,1,002000,1,1,5080,10291
00,1023,2,13A225,09,40374,4,1,0,03,-,1,8,1,39,31/07/1984,1,08,1,1,6,01,1,5,2,2,010000,1, ,8836,0
00,1023,2,13A225,09,40374,3,1,0,02,-,1,2,2,41,13/04/1982,1,04,3,2,5,07, , , , , ,1,1,8836,17977
00,1023,2,13A225,09,40374,3,1,0,03,-,1,3,2,15,01/04/2008,1,03,3,1,6,06, , , , , ,1, ,8836,0
00,1023,2,13A225,09,40374,4,1,0,02,-,1,8,1,29,05/06/1994,1,08,1,1,6,01,1,5,2,2,030000,1, ,8836,0
00,1023,2,13A225,09,40374,3,1,0,01,-,1,1,1,44,24/07/1979,1,07,5,2,5,01,1,5,2,1,999999,1, ,8836,0
00,1023,2,13A225,09,40374,2,1,0,01,-,1,1,2,69,02/09/1954,1,07,4,2,6,01,3,5,3,2,999999,1,1,8836,8988
00,1023,2,13A225,09,40374,3,1,0,04,-,1,3,1,12,29/11/2010,1,03,1,1,6,06, , , , , ,1, ,8836,0
00,1023,2,13A225,09,40374,4,1,0,01,-,1,1,1,37,29/05/1986,1,08,1,1,6,01,1,5,2,2,040000,1,1,8836,26965
00,1023,2,13A225,09,40374,3,1,0,05,-,1,3,1,11,07/12/2011,1,02,6,1, , , , , , , ,1, ,8836,0
00,1023,2,12A225,09,40378,1,1,0,05,-,1,3,2,49,25/02/1974,1,07,2,2,3,01,4,4,2,1,999999,1, ,6305,0
00,1023,2,12A225,09,40378,2,1,0,01,-,1,1,1,47,25/04/1976,1,07,1,2,6,01,4,4,3,2,999999,1,1,6305,6386
00,1023,2,12A225,09,40378,3,1,0,02,-,1,3,2,51,27/07/1972,1,07,5,2,6,04, , , , , ,1, ,6305,0
00,1023,2,12A225,09,40378,1,1,0,02,-,1,2,2,75,07/03/1948,1,02,6,2,5,07, , , , , ,1, ,6305,0
00,1023,2,12A225,09,40378,1,1,0,03,-,1,3,1,54,08/03/1969,1,04,3,2,3,01,5,5,2,1,999999,1, ,6305,0
00,1023,2,12A225,09,40378,1,1,0,04,-,1,3,2,53,29/05/1970,1,07,4,2,3,01,5,5,2,1,999999,1,1,6305,38316
00,1023,2,12A225,09,40378,1,1,0,06,-,1,5,2,18,28/12/2004,1,04,1,1,6,06, , , , , ,1, ,6305,0
00,1023,2,12A225,09,40378,3,1,0,01,-,1,1,2,78,30/09/1945,1,07,4,2,4,08, , , , , ,1,1,6305,12772
00,1023,2,12A225,09,40378,1,1,0,07,-,1,5,2,16,17/12/2006,1,04,1,1,6,06, , , , , ,1, ,6305,0
00,1023,2,12A225,09,40378,1,1,0,01,-,1,1,1,78,02/04/1945,1,04,3,2,5,08, , , , , ,1, ,6305,0
00,1023,2,12A225,09,40378,3,1,0,03,-,1,5,2,12,04/03/2011,1,02,6,1,6,06, , , , , ,1, ,6305,0
00,1023,2,11A225,09,40379,4,1,0,01,-,1,1,1,32,13/05/1991,2,07,4,2,6,01,4,4,3,2,007000,1,1,4734,4767
00,1023,2,11A225,09,40379,2,1,0,01,-,1,1,1,63,24/06/1960,1,03,3,2,6,01,4,4,2,1,002000,1,1,4734,4767
00,1023,2,11A225,09,40379,1,1,0,01,-,1,1,2,50,06/09/1973,1,04,3,2,6,01,4,4,2,1,001100,1,1,4734,4767
00,1023,2,11A225,09,40379,3,1,0,01,-,1,1,2,50,17/05/1973,1,03,3,2,6,01,4,4,3,1,001900,1,1,4734,4767
00,1023,6,11B211,09,40387,1,1,0,01,-,1,1,1,52,15/06/1971,1,03,3,2,1,01,7,2,3,1,001800,1, ,7138,0
00,1023,6,11B211,09,40387,2,1,0,02,-,1,2,2,42,06/06/1981,1,04,2,2,5,07, , , , , ,1, ,7138,0
00,1023,6,11B211,09,40387,4,1,0,02,-,1,4,2,51,07/03/1972,1,03,3,2,6,01,4,4,3,1,001100,1, ,7138,0
00,1023,6,11B211,09,40387,4,1,0,03,-,1,3,2,12,15/06/2011,1,02,5,1,6,06, , , , , ,1, ,7138,0
00,1023,6,11B211,09,40387,4,1,0,01,-,1,1,2,34,05/10/1989,1,03,3,2,6,01,4,5,2,1,000700,1,1,7138,14377
00,1023,6,11B211,09,40387,4,1,0,04,-,1,3,1,07,15/06/2016,2,02,1,1, , , , , , , ,1, ,7138,0
00,1023,6,11B211,09,40387,3,1,0,02,-,1,4,1,76,15/06/1947,1,02,6,2,4,08, , , , , ,1,1,7138,7188
00,1023,6,11B211,09,40387,2,1,0,01,-,1,1,1,42,24/01/1981,1,04,2,2,5,01,7,5,3,2,009999,1, ,7138,0
00,1023,6,11B211,09,40387,1,1,0,04,-,1,3,2,17,19/02/2006,1,04,1,2,6,04, , , , , ,1, ,7138,0
00,1023,6,11B211,09,40387,1,1,0,03,-,1,3,2,20,17/04/2003,1,04,3,2,6,04, , , , , ,1, ,7138,0
00,1023,6,11B211,09,40387,3,1,0,01,-,2, , , , , , , , , , , , , , , ,1, ,0,0
00,1023,6,11B211,09,40387,2,1,0,04,-,1,3,1,21,09/10/2002,1,07,1,1,6,06, , , , , ,1,1,7138,21565
00,1023,6,11B211,09,40387,1,1,0,02,-,1,2,2,46,13/10/1976,1,03,3,2,1,07, , , , , ,1,1,7138,21565
00,1023,6,11B211,09,40387,2,1,0,03,-,2, , , , , , , , , , , , , , , ,1, ,0,0
00,1023,6,12B211,09,40388,4,1,0,05,-,1,7,2,11,15/06/2012,1,02,4,1, , , , , , , ,1, ,9049,0
00,1023,6,12B211,09,40388,4,1,0,02,-,1,6,1,31,15/06/1992,1,04,3,2,6,01,4,4,3,2,999999,1,1,9049,36663
00,1023,6,12B211,09,40388,4,1,0,03,-,1,6,1,33,15/06/1990,1,04,3,2,1,04, , , , , ,1, ,9049,0
00,1023,6,12B211,09,40388,3,1,0,03,-,1,3,2,34,26/05/1989,1,04,2,2,1,01,3,7,3,2,009999,1, ,9049,0
00,1023,6,12B211,09,40388,1,1,0,02,-,1,3,2,36,30/04/1987,1,07,4,2,6,01,3,5,3,2,009999,1,1,9049,9166
00,1023,6,12B211,09,40388,3,1,0,07,-,1,5,2,10,09/10/2013,1,02,3,1, , , , , , , ,1, ,9049,0
00,1023,6,12B211,09,40388,3,1,0,05,-,1,5,2,15,01/08/2008,1,03,2,1,6,06, , , , , ,1, ,9049,0
00,1023,6,12B211,09,40388,3,1,0,06,-,1,5,2,10,12/12/2012,1,02,4,1, , , , , , , ,1, ,9049,0
00,1023,6,12B211,09,40388,2,1,0,05,-,1,3,1,24,15/06/1999,1,07,3,2,6,01,4,4,3,1,002000,1,1,9049,36663
00,1023,6,12B211,09,40388,4,1,0,06,-,1,7,1,16,15/06/2007,1,04,1,1,6,06, , , , , ,1, ,9049,0
00,1023,6,12B211,09,40388,1,1,0,01,-,2, , , , , , , , , , , , , , , ,1, ,0,0
00,1023,6,12B211,09,40388,1,1,0,03,-,2, , , , , , , , , , , , , , , ,1, ,0,0
00,1023,6,12B211,09,40388,4,1,0,01,-,1,1,1,40,15/06/1983,1,06,3,2,6,01,3,5,3,2,999999,1, ,9049,0
00,1023,6,12B211,09,40388,2,1,0,02,-,1,2,1,52,18/08/1971,1,07,4,2,5,01,7,5,2,1,002000,1, ,9049,0
00,1023,6,12B211,09,40388,3,1,0,01,-,1,1,2,61,04/04/1962,1,06,3,2,6,07, , , , , ,1,1,9049,36663
00,1023,6,12B211,09,40388,3,1,0,02,-,1,3,2,39,10/07/1984,1,04,3,2,6,01,3,4,3,2,009999,1, ,9049,0
00,1023,6,12B211,09,40388,3,1,0,04,-,1,5,1,41,24/07/1982,1,04,3,2,1,01,9,9,2,2,009999,1, ,9049,0
00,1023,6,12B211,09,40388,2,1,0,04,-,1,3,2,12,07/07/2011,1,02,5,1,6,06, , , , , ,1, ,9049,0
00,1023,6,12B211,09,40388,2,1,0,03,-,1,3,2,23,29/07/2000,1,06,3,2,6,07, , , , , ,1, ,9049,0
00,1023,6,12B211,09,40388,2,1,0,01,-,1,1,2,45,07/07/1978,1,04,3,2,5,01,3,5,3,1,009999,1, ,9049,0
00,1023,6,12B211,09,40388,4,1,0,04,-,1,7,2,33,15/06/1990,1,04,3,2,1,01,3,5,3,2,999999,1, ,9049,0
00,1023,2,11A225,09,40427,3,1,0,01,-,1,1,1,40,16/08/1983,1,03,3,2,5,01,5,5,3,1,999999,1, ,6168,0
00,1023,2,11A225,09,40427,3,1,0,03,-,1,3,2,14,27/06/2009,1,03,3,1,6,06, , , , , ,1, ,6168,0
00,1023,2,11A225,09,40427,3,1,0,04,-,1,3,1,09,15/08/2014,1,02,4,1, , , , , , , ,1, ,6168,0
00,1023,2,11A225,09,40427,1,1,0,02,-,1,3,2,33,26/07/1990,1,04,3,2,6,01,5,5,3,1,999999,1,1,6168,12423
00,1023,2,11A225,09,40427,1,1,0,03,-,1,5,2,12,12/07/2011,1,02,6,1,6,06, , , , , ,1, ,6168,0
00,1023,2,11A225,09,40427,3,1,0,02,-,1,2,2,40,26/08/1983,1,02,6,2,5,07, , , , , ,1,1,6168,12423
00,1023,2,11A225,09,40427,4,1,0,02,-,1,2,2,47,18/08/1976,1,03,3,2,1,07, , , , , ,1, ,6168,0
00,1023,2,11A225,09,40427,4,1,0,01,-,1,1,1,46,15/07/1977,1,03,3,2,1,01,4,4,3,1,999999,1, ,6168,0
00,1023,2,11A225,09,40427,1,1,0,01,-,1,1,2,64,17/07/1959,1,02,6,2,6,07, , , , , ,1, ,6168,0
00,1023,2,11A225,09,40427,4,1,0,03,-,1,3,2,19,17/07/2004,1,07,1,1,6,06, , , , , ,1,1,6168,18635
00,1023,2,11A225,09,40430,2,1,1,02,-,1,2,2,66,08/10/1957,2,00, ,2,5,07, , , , , ,1,1,7049,21297
00,1023,2,11A225,09,40430,2,1,1,01,-,1,1,1,67,12/05/1956,1,06,3,2,5,09, , , , , ,1, ,7049,0
00,1023,2,11A225,09,40430,1,1,0,01,-,1,1,1,83,30/04/1940,1,02,6,2,4,08, , , , , ,1,1,7049,7099
00,1023,2,11A225,09,40430,3,1,0,05,-,1,3,2,30,13/09/1993,1,04,3,2,6,01,5,5,3,1,999999,1, ,7049,0
00,1023,2,11A225,09,40430,3,1,0,03,-,1,3,2,38,09/07/1985,1,04,3,2,6,07, , , , , ,1, ,7049,0
00,1023,2,11A225,09,40430,4,1,0,01,-,1,1,2,47,09/09/1976,1,03,3,2,2,01,5,5,2,1,001200,1,1,7049,14198
00,1023,2,11A225,09,40430,3,1,0,04,-,1,3,2,21,30/08/2002,1,07,3,1,6,06, , , , , ,1, ,7049,0
00,1023,2,11A225,09,40430,2,1,1,03,-,1,3,1,39,15/06/1984,1,03,3,2,6,01,4,4,3,1,999999,1, ,7049,0
00,1023,2,11A225,09,40430,4,1,0,02,-,1,3,1,26,23/05/1997,1,04,1,2,6,04, , , , , ,1, ,7049,0
00,1023,2,11A225,09,40430,3,1,0,01,-,1,1,2,61,16/07/1962,1,03,3,2,5,07, , , , , ,1,1,7049,35494
00,1023,2,11A225,09,40430,3,1,0,02,-,1,2,1,54,28/06/1969,1,04,2,2,5,01,5,5,3,1,999999,1, ,7049,0
00,1023,6,12B211,09,40437,2,1,0,02,-,1,2,2,71,15/06/1952,1,02,6,2,5,07, , , , , ,1, ,8041,0
00,1023,6,12B211,09,40437,3,1,0,04,-,2, , , , , , , , , , , , , , , ,1, ,0,0
00,1023,6,12B211,09,40437,3,1,0,02,-,1,6,2,53,15/06/1970,1,03,3,2,6,07, , , , , ,1, ,8041,0
00,1023,6,12B211,09,40437,1,1,0,05,-,1,7,2,11,13/05/2012,1,02,5,1, , , , , , , ,1, ,8041,0
00,1023,6,12B211,09,40437,1,1,0,04,-,1,7,1,43,16/06/1980,1,06,3,2,5,01,3,5,3,2,009999,1, ,8041,0
00,1023,6,12B211,09,40437,1,1,0,01,-,1,1,2,53,16/01/1970,1,06,3,2,6,01,3,5,3,3,009999,1,1,8041,32578
00,1023,6,12B211,09,40437,1,1,0,02,-,1,6,1,47,10/03/1976,1,07,1,2,6,01,3,5,3,1,009999,1, ,8041,0
00,1023,6,12B211,09,40437,4,1,0,01,-,1,1,2,71,15/06/1952,1,04,2,2,6,08, , , , , ,1,1,8041,16289
00,1023,6,12B211,09,40437,1,1,0,03,-,1,6,2,44,06/10/1979,1,07,4,2,5,01,3,5,3,2,009999,1, ,8041,0
00,1023,6,12B211,09,40437,4,1,0,02,-,1,2,1,70,24/01/1953,1,07,5,2,5,08, , , , , ,1, ,8041,0
00,1023,6,12B211,09,40437,3,1,0,01,-,1,1,1,47,15/06/1976,1,06,3,2,6,01,7,2,2,1,000900,1,1,8041,16289
00,1023,6,12B211,09,40437,3,1,0,03,-,2, , , , , , , , , , , , , , , ,1, ,0,0
00,1023,6,12B211,09,40437,2,1,0,01,-,1,1,1,72,15/06/1951,1,02,6,2,5,04, , , , , ,1,1,8041,16289
00,1023,4,11A223,09,40464,2,1,0,13,-,1,5,2,19,22/12/2003,1,03,3,1,1,06, , , , , ,1, ,7322,0
00,1023,4,11A223,09,40464,2,1,0,11,-,1,5,2,04,09/05/2019, , , , , , , , , , , ,1, ,7322,0
00,1023,4,11A223,09,40464,2,1,0,05,-,1,5,1,12,31/10/2010,1,02,6,1,6,06, , , , , ,1, ,7322,0
00,1023,4,11A223,09,40464,1,1,0,04,-,1,3,2,15,12/08/2008,1,03,3,1,6,06, , , , , ,1, ,7322,0
00,1023,4,11A223,09,40464,3,1,0,02,-,1,2,2,38,23/11/1984,1,03,3,2,1,01,5,5,3,1,999999,1, ,7322,0
00,1023,4,11A223,09,40464,2,1,0,08,-,1,3,1,25,08/11/1997,1,03,3,2,1,04, , , , , ,1, ,7322,0
00,1023,4,11A223,09,40464,3,1,0,01,-,1,1,1,41,08/10/1982,1,03,3,2,1,01,2,7,3,2,999999,1,1,7322,14746
00,1023,4,11A223,09,40464,2,1,0,07,-,1,5,1,05,11/08/2018,2,01,1,1, , , , , , , ,1, ,7322,0
00,1023,4,11A223,09,40464,2,1,0,03,-,1,3,1,11,29/05/2012,1,02,5,1, , , , , , , ,1, ,7322,0
00,1023,4,11A223,09,40464,1,1,0,01,-,1,1,1,42,28/01/1981,1,03,3,2,5,01,4,4,3,1,002500,1,1,7322,22119
00,1023,4,11A223,09,40464,2,1,0,12,-,1,3,1,22,02/11/2000,1,03,3,2,1,01,4,4,3,2,002500,1, ,7322,0
00,1023,4,11A223,09,40464,3,1,0,03,-,1,3,2,11,20/09/2012,1,02,4,1, , , , , , , ,1, ,7322,0
00,1023,4,11A223,09,40464,2,1,0,06,-,1,5,1,08,12/02/2015,1,02,3,1, , , , , , , ,1, ,7322,0
00,1023,4,11A223,09,40464,2,1,0,04,-,1,3,2,30,03/07/1993,1,04,2,2,2,07, , , , , ,1, ,7322,0
00,1023,4,11A223,09,40464,2,1,0,01,-,1,1,1,50,19/06/1973,1,03,3,2,5,01,4,4,3,2,003000,1,1,7322,51611
00,1023,4,11A223,09,40464,1,1,0,02,-,1,2,2,41,13/02/1982,1,04,3,2,5,01,4,4,3,2,005000,1, ,7322,0
00,1023,4,11A223,09,40464,2,1,0,14,-,1,5,1,04,18/10/2018, , , , , , , , , , , ,1, ,7322,0
00,1023,4,11A223,09,40464,1,1,0,03,-,1,3,1,20,21/03/2003,1,03,3,2,6,01,4,4,3,2,003000,1, ,7322,0
00,1023,4,11A223,09,40464,2,1,0,02,-,1,2,2,49,01/06/1974,1,03,3,2,5,07, , , , , ,1, ,7322,0
00,1023,4,11A223,09,40464,2,1,0,09,-,1,5,2,19,15/04/2004,1,02,6,2,1,01,4,4,3,2,003000,1, ,7322,0
00,1023,4,11A223,09,40464,2,1,0,10,-,1,5,1,07,29/05/2016,1,02,1,1, , , , , , , ,1, ,7322,0
00,1023,4,12A223,09,40465,4,1,0,02,-,3,3,2,18,15/10/2005,1,02,6,2,6,07, , , , , ,1, ,7028,0
00,1023,4,12A223,09,40465,4,1,0,03,-,3,3,1,15,08/06/2008,1,03,3,2,6,02,4,4,6,5, ,1, ,7028,0
00,1023,4,12A223,09,40465,4,1,0,01,-,1,1,1,38,01/06/1985,1,03,3,2,3,01,5,4,3,1,002800,1,1,7028,21354
00,1023,4,12A223,09,40465,3,1,0,01,-,1,1,1,32,17/06/1991,1,04,3,2,1,01,4,4,3,2,999999,1, ,7028,0
00,1023,4,12A223,09,40465,2,1,0,01,-,1,1,1,29,01/02/1994,1,02,6,2,1,01,5,5,3,2,999999,1,1,7028,14236
00,1023,4,12A223,09,40465,1,1,0,07,-,1,7,1,42,15/06/1981,1,07,4,2,1,04, , , , , ,1, ,7028,0
00,1023,4,12A223,09,40465,4,1,0,04,-,3,7,1,54,15/06/1969,1,04,1,2,6,01,4,5,3,1,002800,1, ,7028,0
00,1023,4,12A223,09,40465,1,1,0,05,-,1,7,2,31,11/06/1992,1,07,4,2,6,01,3,7,3,1,001500,1, ,7028,0
00,1023,4,12A223,09,40465,1,1,0,03,-,1,7,1,52,11/01/1971,1,04,3,2,4,01,1,2,3,2,003000,1, ,7028,0
00,1023,4,12A223,09,40465,1,1,0,01,-,1,1,2,53,13/04/1970,1,04,3,2,4,08, , , , , ,1, ,7028,0
00,1023,4,12A223,09,40465,1,1,0,08,-,1,7,2,39,04/05/1984,1,08,2,2,1,01,3,5,3,2,007500,1, ,7028,0
00,1023,4,12A223,09,40465,1,1,0,04,-,1,7,1,39,07/10/1984,1,07,5,2,6,01,1,6,3,2,005500,1, ,7028,0
00,1023,4,12A223,09,40465,3,1,0,03,-,1,3,2,08,30/09/2015,2,02,1,2, , , , , , , ,1, ,7028,0
00,1023,4,12A223,09,40465,2,1,0,02,-,1,2,2,22,23/11/2000,1,03,3,2,1,01,4,5,3,2,999999,1, ,7028,0
00,1023,4,12A223,09,40465,3,1,0,02,-,1,2,2,29,22/06/1994,1,07,5,2,1,07, , , , , ,1,1,7028,14236
00,1023,4,12A223,09,40465,1,1,0,02,-,1,3,1,21,03/02/2002,1,07,1,1,6,06, , , , , ,1, ,7028,0
00,1023,4,12A223,09,40465,1,1,0,06,-,1,7,2,59,23/05/1964,1,04,3,2,4,08, , , , , ,1,1,7028,56943
00,1023,4,12A223,09,40471,1,1,0,01,-,1,1,2,50,13/11/1972,1,07,5,2,5,07, , , , , ,1,1,6939,7028
00,1023,4,12A223,09,40471,4,1,0,02,-,1,2,2,61,25/12/1961,1,02,6,2,5,02,4,4,6,5, ,1,1,6939,14056
00,1023,4,12A223,09,40471,3,1,0,03,-,1,5,2,23,07/07/2000,1,07,4,2,1,07, , , , , ,1,1,6939,21084
00,1023,4,12A223,09,40471,2,1,0,03,-,1,3,2,17,05/02/2006,1,04,2,1,6,06, , , , , ,1, ,6939,0
00,1023,4,12A223,09,40471,2,1,0,01,-,1,1,2,37,19/01/1986,1,02,6,2,6,01,5,5,3,1,001200,1, ,6939,0
00,1023,4,12A223,09,40471,2,1,0,02,-,1,3,1,19,22/03/2004,1,04,3,2,6,01,5,5,3,1,000500,1,1,6939,21084
00,1023,4,12A223,09,40471,2,1,0,05,-,1,4,2,58,14/07/1965,1,02,6,2,6,01,5,5,3,1,001200,1, ,6939,0
00,1023,4,12A223,09,40471,2,1,0,04,-,1,3,1,11,23/03/2012,1,02,4,1, , , , , , , ,1, ,6939,0
00,1023,4,12A223,09,40471,3,1,0,01,-,1,1,1,56,25/10/1966,1,07,4,2,5,01,5,5,2,1,999999,1, ,6939,0
00,1023,4,12A223,09,40471,4,1,0,01,-,1,1,1,63,19/06/1960,1,04,3,2,5,01,4,4,2,1,003000,1, ,6939,0
00,1023,4,12A223,09,40471,3,1,0,04,-,1,5,1,05,31/10/2017,1,01,3,1, , , , , , , ,1, ,6939,0
00,1023,4,12A223,09,40471,3,1,0,02,-,1,3,1,25,05/10/1998,1,07,2,2,1,02,5,5,6,5, ,1, ,6939,0
00,1023,4,11A223,09,40472,4,1,0,05,-,1,5,1,20,11/07/2003,1,04,3,1,6,06, , , , , ,1, ,8201,0
00,1023,4,11A223,09,40472,3,1,0,01,-,1,1,1,49,02/04/1974,1,03,3,2,6,01,5,5,3,2,999999,1,1,8201,8259
00,1023,4,11A223,09,40472,1,1,0,01,-,1,1,2,56,02/07/1967,1,07,4,2,6,01,5,5,2,1,001800,1,1,8201,8259
00,1023,4,11A223,09,40472,2,1,0,03,-,1,3,2,40,12/05/1983,1,06,3,2,1,01,4,4,3,1,999999,1,1,8201,33036
00,1023,4,11A223,09,40472,4,1,0,04,-,1,5,1,22,11/07/2001,1,07,4,1,6,06, , , , , ,1, ,8201,0
00,1023,4,11A223,09,40472,4,1,0,01,-,1,1,1,67,11/07/1956,1,02,6,2,5,08, , , , , ,1, ,8201,0
00,1023,4,11A223,09,40472,2,1,0,02,-,1,3,2,41,11/07/1982,1,07,4,2,5,01,5,5,3,2,999999,1, ,8201,0
00,1023,4,11A223,09,40472,4,1,0,02,-,1,2,2,65,11/07/1958,1,06,3,2,5,07, , , , , ,1, ,8201,0
00,1023,4,11A223,09,40472,2,1,0,04,-,1,3,2,42,15/04/1981,1,06,3,2,6,04, , , , , ,1, ,8201,0
00,1023,4,11A223,09,40472,2,1,0,01,-,1,1,2,65,11/07/1958,1,06,3,2,2,07, , , , , ,1, ,8201,0
00,1023,4,11A223,09,40472,4,1,0,06,-,1,5,2,21,11/07/2002,1,07,1,1,6,06, , , , , ,1, ,8201,0
00,1023,4,11A223,09,40472,4,1,0,03,-,1,3,2,42,11/07/1981,1,04,1,2,3,01,5,5,3,2,999999,1,1,8201,49554
00,1023,8,12A217,09,40475,4,1,0,01,-,1,1,2,55,15/06/1968,1,02,6,2,6,07, , , , , ,1,1,7581,7678
00,1023,8,12A217,09,40475,3,1,0,03,-,1,3,1,35,25/09/1988,1,04,3,2,2,01,4,5,3,2,009999,1, ,7581,0
00,1023,8,12A217,09,40475,3,1,0,04,-,1,3,1,30,28/11/1992,1,03,3,2,6,04, , , , , ,1, ,7581,0
00,1023,8,12A217,09,40475,2,1,0,05,-,3,7,2,93,23/03/1930,2,02,4,2,1,08, , , , , ,1, ,7581,0
00,1023,8,12A217,09,40475,3,1,0,01,-,1,1,1,64,10/06/1959,1,06,2,2,5,01,3,7,3,2,009999,1, ,7581,0
00,1023,8,12A217,09,40475,1,1,1,03,-,1,3,2,43,01/04/1980,1,07,4,2,6,01,3,9,3,1,999999,1, ,7581,0
00,1023,8,12A217,09,40475,2,1,0,02,-,1,2,2,42,30/04/1981,1,07,5,2,5,01,3,7,3,2,009999,1, ,7581,0
00,1023,8,12A217,09,40475,3,1,0,06,-,1,3,2,24,04/03/1999,1,04,2,2,6,04, , , , , ,1, ,7581,0
00,1023,8,12A217,09,40475,1,1,1,01,-,1,1,1,67,01/02/1956,1,04,3,2,5,09, , , , , ,1,1,7581,30714
00,1023,8,12A217,09,40475,2,1,0,01,-,1,1,1,40,17/03/1983,1,07,4,2,5,01,4,5,2,1,009999,1,1,7581,30714
00,1023,8,12A217,09,40475,2,1,0,04,-,1,3,2,10,19/10/2012,1,02,4,1, , , , , , , ,1, ,7581,0
00,1023,8,12A217,09,40475,1,1,1,02,-,1,2,2,67,05/09/1956,1,04,3,2,5,07, , , , , ,1, ,7581,0
00,1023,8,12A217,09,40475,3,1,0,02,-,1,2,2,59,21/09/1964,1,03,3,1,5,07, , , , , ,1,1,7581,46071
00,1023,8,12A217,09,40475,3,1,0,05,-,1,3,1,28,31/10/1994,1,07,1,2,6,01,3,7,3,2,999999,1, ,7581,0
00,1023,8,12A217,09,40475,1,1,1,04,-,1,3,2,39,04/10/1984,1,07,4,2,6,01,3,9,3,2,999999,1, ,7581,0
00,1023,8,12A217,09,40475,2,1,0,03,-,1,3,1,14,10/12/2008,1,03,1,1,6,06, , , , , ,1, ,7581,0
00,1023,8,12A217,09,40475,2,1,0,06,-,3,7,2,97,05/12/1925,2,02,3,2,6,08, , , , , ,1, ,7581,0
00,1023,8,12A217,09,40477,2,1,1,02,-,1,2,2,77,12/01/1946,1,06,3,2,5,08, , , , , ,1,1,7456,22655
00,1023,8,12A217,09,40477,4,1,0,04,-,1,3,1,24,18/12/1998,1,03,3,2,6,04, , , , , ,1,1,7456,37759
00,1023,8,12A217,09,40477,3,1,0,03,-,1,3,1,21,20/08/2002,1,04,3,2,6,01,4,5,3,1,002000,1, ,7456,0
00,1023,8,12A217,09,40477,1,1,0,04,-,1,5,2,11,17/11/2011,1,02,5,1, , , , , , , ,1, ,7456,0
00,1023,8,12A217,09,40477,4,1,0,05,-,1,4,2,94,05/11/1928,1,00, ,2,4,09, , , , , ,1, ,7456,0
00,1023,8,12A217,09,40477,2,1,1,01,-,1,1,1,91,22/10/1931,1,07,6,2,5,08, , , , , ,1, ,7456,0
00,1023,8,12A217,09,40477,1,1,0,01,-,1,1,1,80,11/07/1943,1,03,2,2,4,08, , , , , ,1,1,7456,22655
00,1023,8,12A217,09,40477,4,1,0,01,-,1,1,1,67,17/07/1956,1,02,3,2,1,08, , , , , ,1, ,7456,0
00,1023,8,12A217,09,40477,4,1,0,03,-,1,3,1,32,31/05/1991,1,03,3,2,6,01,7,2,3,2,009999,1, ,7456,0
00,1023,8,12A217,09,40477,3,1,0,02,-,1,2,2,50,26/06/1973,1,04,3,2,5,07, , , , , ,1, ,7456,0
00,1023,8,12A217,09,40477,4,1,0,02,-,1,2,2,57,17/05/1966,1,03,3,2,1,07, , , , , ,1, ,7456,0
00,1023,8,12A217,09,40477,2,1,1,03,-,1,3,1,46,20/06/1977,1,07,5,1,6,01,1,5,2,1,009999,1, ,7456,0
00,1023,8,12A217,09,40477,3,1,0,01,-,1,1,1,50,17/06/1973,1,02,6,2,5,01,4,4,3,1,002000,1, ,7456,0
00,1023,8,12A217,09,40477,1,1,0,02,-,1,3,2,44,10/01/1979,1,07,2,1,5,01,4,5,2,1,002000,1, ,7456,0
00,1023,8,12A217,09,40477,1,1,0,03,-,1,5,1,44,20/12/1978,1,07,1,2,5,01,4,5,3,1,002000,1, ,7456,0
00,1023,8,12A217,09,40477,3,1,0,04,-,1,3,2,22,12/08/2001,1,04,3,2,5,01,3,5,3,1,001200,1,1,7456,37759
00,1023,8,12A217,09,40477,3,1,0,05,-,1,5,1,25,17/11/1997,1,03,3,2,5,01,3,5,3,1,001200,1, ,7456,0
00,1023,8,12A217,09,40479,4,1,0,01,-,1,1,2,59,15/06/1964,1,04,3,2,6,01,5,5,3,2,999999,1,1,7346,7440
00,1023,8,12A217,09,40479,1,1,0,01,-,1,1,2,79,15/06/1944,1,07,4,2,4,07, , , , , ,1,1,7346,7440
00,1023,8,12A217,09,40479,2,1,0,01,-,1,1,1,73,13/09/1950,1,02,3,2,5,08, , , , , ,1,1,7346,22321
00,1023,8,12A217,09,40479,2,1,0,03,-,1,3,2,36,16/05/1987,2,07,4,2,6,01,5,5,3,2,999999,1, ,7346,0
00,1023,8,12A217,09,40479,2,1,0,04,-,1,5,2,10,11/06/2013,2,02,2,1, , , , , , , ,1, ,7346,0
00,1023,8,12A217,09,40479,3,1,0,01,-,1,1,1,71,15/06/1952,1,04,3,2,3,07, , , , , ,1,1,7346,7440
00,1023,8,12A217,09,40479,2,1,0,02,-,1,2,2,66,12/03/1957,1,02,4,2,5,07, , , , , ,1, ,7346,0
00,1023,5,11B212,09,40482,1,1,0,03,-,1,3,2,21,07/06/2002,1,07,2,1,6,06, , , , , ,1, ,11542,0
00,1023,5,11B212,09,40482,4,1,0,03,-,1,3,1,43,16/11/1979,1,08,3,2,6,01,1,5,3,2,999999,1, ,11542,0
00,1023,5,11B212,09,40482,3,1,0,07,-,1,5,1,06,23/09/2017,2,01,3,1, , , , , , , ,1, ,11542,0
00,1023,5,11B212,09,40482,3,1,0,04,-,1,3,2,24,30/11/1998,1,03,3,2,6,01,5,5,3,1,000750,1, ,11542,0
00,1023,5,11B212,09,40482,2,1,0,01,-,1,1,2,63,09/12/1959,1,00, ,2,4,07, , , , , ,1,1,11542,23245
00,1023,5,11B212,09,40482,2,1,0,03,-,1,5,1,10,30/06/2013,1,02,5,1, , , , , , , ,1, ,11542,0
00,1023,5,11B212,09,40482,3,1,0,06,-,1,5,1,03,09/11/2019, , , , , , , , , , , ,1, ,11542,0
00,1023,5,11B212,09,40482,3,1,0,02,-,1,5,1,30,14/07/1993,1,02,6,2,1,01,6,1,3,1,001500,1, ,11542,0
00,1023,5,11B212,09,40482,1,1,0,04,-,1,3,2,18,24/03/2005,1,04,2,1,6,06, , , , , ,1, ,11542,0
00,1023,5,11B212,09,40482,3,1,0,01,-,1,1,1,46,07/07/1977,1,02,6,2,4,01,5,5,3,1,001300,1, ,11542,0
00,1023,5,11B212,09,40482,4,1,0,04,-,1,3,2,37,10/08/1986,1,07,4,2,6,01,1,5,3,2,999999,1, ,11542,0
00,1023,5,11B212,09,40482,3,1,0,03,-,1,3,2,30,04/04/1993,1,04,3,2,1,01,5,5,3,1,000600,1, ,11542,0
00,1023,5,11B212,09,40482,1,1,0,01,-,1,1,1,57,29/05/1966,1,04,3,2,5,01,1,5,3,2,999999,1, ,11542,0
00,1023,5,11B212,09,40482,2,1,0,02,-,1,5,1,23,10/08/2000,1,04,3,2,6,01,5,5,3,1,001300,1, ,11542,0
00,1023,5,11B212,09,40482,1,1,0,02,-,1,2,2,46,10/11/1976,1,04,3,2,5,01,1,5,3,2,999999,1,1,11542,46491
00,1023,5,11B212,09,40482,3,1,0,08,-,1,5,2,01,18/02/2022, , , , , , , , , , , ,1, ,11542,0
00,1023,5,11B212,09,40482,3,1,0,05,-,1,3,2,20,25/10/2002,1,03,3,2,6,07, , , , , ,1,1,11542,58114
00,1023,5,11B212,09,40482,4,1,0,01,-,1,1,1,64,02/11/1958,1,08,3,2,5,01,1,5,3,2,999999,1,1,11542,58114
00,1023,5,11B212,09,40482,4,1,0,02,-,1,2,2,63,05/04/1960,1,06,3,2,5,07, , , , , ,1, ,11542,0
00,1023,5,11B212,09,40482,4,1,0,05,-,1,3,1,39,12/07/1984,1,07,4,2,6,01,1,5,3,2,999999,1, ,11542,0
00,1023,5,11B212,09,40485,1,1,1,04,-,1,3,2,10,24/03/2013,1,02,4,1, , , , , , , ,1, ,7502,0
00,1023,5,11B212,09,40485,4,1,0,01,-,1,1,1,36,06/11/1986,1,03,3,2,5,01,3,4,3,1,002000,1, ,7502,0
00,1023,5,11B212,09,40485,3,1,1,04,-,1,5,1,01,04/10/2022, , , , , , , , , , , ,1, ,7502,0
00,1023,5,11B212,09,40485,3,1,1,03,-,1,3,2,35,10/06/1988,1,04,3,2,6,07, , , , , ,1,1,7502,22664
00,1023,5,11B212,09,40485,4,1,0,02,-,1,2,2,37,18/08/1986,1,03,3,2,5,07, , , , , ,1,1,7502,15109
00,1023,5,11B212,09,40485,3,1,1,01,-,1,1,1,67,13/06/1956,1,02,6,2,5,01,4,5,2,1,002000,1, ,7502,0
00,1023,5,11B212,09,40485,1,1,1,05,-,1,3,1,06,30/01/2017,2,01,3,1, , , , , , , ,1, ,7502,0
00,1023,5,11B212,09,40485,1,1,1,02,-,1,2,2,31,04/12/1991,1,03,3,2,1,01,5,5,3,3,003000,1, ,7502,0
00,1023,5,11B212,09,40485,1,1,1,03,-,1,3,1,15,02/09/2008,1,03,3,1,6,06, , , , , ,1, ,7502,0
00,1023,5,11B212,09,40485,1,1,1,01,-,1,1,1,38,04/10/1985,1,02,6,2,1,04, , , , , ,1,1,7502,15109
00,1023,5,11B212,09,40485,3,1,1,02,-,1,2,2,59,04/10/1964,1,02,4,2,5,07, , , , , ,1, ,7502,0
00,1023,5,13B212,09,40486,1,1,0,04,-,1,3,2,31,15/06/1992,1,07,5,2,6,01,1,5,3,2,999999,1, ,9072,0
00,1023,5,13B212,09,40486,1,1,0,02,-,1,2,2,59,16/07/1964,1,07,5,2,5,08, , , , , ,1, ,9072,0
00,1023,5,13B212,09,40486,2,1,0,02,-,1,3,2,48,28/03/1975,1,03,3,2,6,01,4,4,2,1,999999,1, ,9072,0
00,1023,5,13B212,09,40486,2,1,0,01,-,1,1,2,71,08/07/1952,1,03,3,2,4,01,4,4,2,1,999999,1, ,9072,0
00,1023,5,13B212,09,40486,2,1,0,03,-,1,3,1,41,02/07/1982,1,04,3,2,6,01,4,4,2,1,999999,1,1,9072,27686
00,1023,5,13B212,09,40486,1,1,0,01,-,1,1,1,68,02/01/1955,1,07,4,2,5,01,4,4,2,1,999999,1, ,9072,0
00,1023,5,13B212,09,40486,3,1,0,03,-,1,2,1,51,06/09/1972,1,03,3,2,1,01,5,5,3,1,001000,1, ,9072,0
00,1023,4,13B212,09,40486,3,1,0,01,-,2, , , , , , , , , , , , , , , ,1, ,0,0
00,1023,5,13B212,09,40486,1,1,0,03,-,1,3,2,33,10/09/1990,1,07,5,2,6,01,3,2,3,2,999999,1,1,9072,36915
00,1023,5,13B212,09,40486,3,1,0,02,-,1,3,2,21,15/03/2002,1,04,3,1,6,06, , , , , ,1,1,9072,18457
00,1023,4,13A223,09,40513,1,1,0,04,-,1,3,2,15,26/03/2008,1,03,3,1,6,06, , , , , ,1, ,9329,0
00,1023,4,13A223,09,40513,1,1,0,05,-,1,3,1,12,10/02/2011,1,02,6,1,6,06, , , , , ,1, ,9329,0
00,1023,4,13A223,09,40513,1,1,0,02,-,1,2,2,53,09/11/1969,1,04,3,2,5,07, , , , , ,1, ,9329,0
00,1023,4,13A223,09,40513,4,1,0,01,-,1,1,2,66,11/07/1957,1,07,5,2,4,08, , , , , ,1,1,9329,9490
00,1023,4,13A223,09,40513,1,1,0,01,-,1,1,1,53,16/06/1970,1,08,2,2,5,01,1,5,3,2,010000,1,1,9329,28469
00,1023,4,13A223,09,40513,1,1,0,03,-,1,3,1,24,16/08/1999,1,07,4,2,6,01,1,5,3,2,004000,1, ,9329,0
00,1023,4,13A223,09,40513,3,1,0,01,-,1,1,1,44,18/10/1978,1,08,1,2,3,01,1,5,3,2,999999,1, ,9329,0
00,1023,4,13A223,09,40513,2,1,0,01,-,1,1,2,81,07/05/1942,1,07,4,2,2,08, , , , , ,1,1,9329,9490
00,1023,4,13A223,09,40513,3,1,0,02,-,1,4,2,76,18/08/1947,1,07,4,2,4,08, , , , , ,1,1,9329,18980
00,1023,1,11A226,09,40523,2,1,0,01,-,1,1,1,62,05/07/1961,1,02,6,2,6,01,5,5,2,1,999999,1,1,7558,7612
00,1023,1,11A226,09,40523,1,1,0,01,-,1,1,1,64,10/06/1959,1,07,4,2,2,01,1,5,2,3,999999,1, ,7558,0
00,1023,1,11A226,09,40523,1,1,0,02,-,1,4,2,83,21/09/1940,1,03,3,2,4,07, , , , , ,1,1,7558,15223
00,1023,1,11A226,09,40523,4,1,0,03,-,1,3,1,31,15/12/1991,1,03,3,2,6,04, , , , , ,1, ,7558,0
00,1023,1,11A226,09,40523,4,1,0,04,-,1,3,2,40,11/11/1982,1,03,3,2,6,04, , , , , ,1,1,7558,30446
00,1023,1,11A226,09,40523,4,1,0,02,-,1,2,2,63,03/01/1960,1,02,6,2,5,07, , , , , ,1, ,7558,0
00,1023,1,11A226,09,40523,4,1,0,01,-,1,1,1,65,11/05/1958,1,02,6,2,5,08, , , , , ,1, ,7558,0
00,1023,1,12A226,09,40524,3,1,0,01,-,1,1,2,78,03/11/1944,1,03,3,2,4,07, , , , , ,1,1,7585,23046
00,1023,1,12A226,09,40524,1,1,0,01,-,1,1,2,51,24/02/1972,1,02,6,2,1,01,5,5,2,1,001600,1, ,7585,0
00,1023,1,12A226,09,40524,1,1,0,03,-,1,3,2,24,22/05/1999,1,07,2,1,6,01,5,5,3,1,001000,1,1,7585,30728
00,1023,1,12A226,09,40524,2,1,0,01,-,1,1,2,48,15/06/1975,1,04,3,2,6,01,5,5,3,1,002100,1,1,7585,7682
00,1023,1,12A226,09,40524,4,1,0,02,-,1,2,2,45,03/02/1978,1,04,2,2,5,01,5,5,3,2,999999,1, ,7585,0
00,1023,1,12A226,09,40524,3,1,0,03,-,1,3,1,47,15/06/1976,1,03,3,2,6,09, , , , , ,1, ,7585,0
00,1023,1,12A226,09,40524,3,1,0,02,-,1,3,1,40,15/09/1983,1,07,4,2,6,01,1,5,2,1,999999,1, ,7585,0
00,1023,1,12A226,09,40524,1,1,0,04,-,1,3,1,21,06/06/2002,1,04,3,1,6,06, , , , , ,1, ,7585,0
00,1023,1,12A226,09,40524,4,1,0,01,-,1,1,1,49,10/01/1974,1,04,3,2,5,01,5,5,3,2,999999,1,1,7585,15364
00,1023,1,12A226,09,40524,1,1,0,02,-,1,2,1,58,23/09/1965,1,03,3,2,1,01,7,2,2,1,999999,1, ,7585,0
00,1023,1,13A226,09,40525,2,1,0,01,-,1,1,2,72,08/12/1950,1,08,2,2,3,08, , , , , ,1,1,9756,9924
00,1023,1,13A226,09,40525,3,1,0,01,-,1,1,2,36,08/08/1987,1,07,4,2,6,01,1,5,3,2,999999,1,1,9756,9924
00,1023,1,11A226,09,40528,4,1,0,03,-,1,3,1,56,12/04/1967,1,07,4,2,6,01,3,7,3,2,999999,1, ,8011,0
00,1023,1,11A226,09,40528,4,1,0,01,-,1,1,1,77,17/09/1946,1,02,6,2,5,08, , , , , ,1, ,8011,0
00,1023,1,11A226,09,40528,4,1,0,02,-,1,2,2,75,20/08/1948,1,02,2,2,5,07, , , , , ,1,1,8011,40335
00,1023,1,11A226,09,40528,3,1,0,03,-,1,3,1,15,17/04/2008,1,03,3,1,6,06, , , , , ,1, ,8011,0
00,1023,1,11A226,09,40528,3,1,0,01,-,1,1,1,36,07/09/1987,1,02,6,2,1,01,5,6,4,1,002000,1, ,8011,0
00,1023,1,11A226,09,40528,4,1,0,04,-,1,3,2,54,20/09/1969,1,03,3,2,6,01,4,4,2,1,999999,1, ,8011,0
00,1023,1,11A226,09,40528,3,1,0,02,-,1,2,2,40,03/06/1983,1,03,3,2,1,01,5,5,3,1,000900,1,1,8011,16134
00,1023,1,11A226,09,40528,1,1,0,01,-,1,1,1,58,28/08/1965,1,03,3,2,1,01,5,6,4,1,001000,1,1,8011,16134
00,1023,1,11A226,09,40528,2,1,0,01,-,1,1,1,60,15/06/1963,1,07,4,2,5,08, , , , , ,1, ,8011,0
00,1023,1,11A226,09,40528,1,1,0,03,-,1,3,2,13,29/10/2009,1,02,4,1,6,06, , , , , ,1, ,8011,0
00,1023,1,11A226,09,40528,1,1,0,02,-,1,2,2,29,24/06/1994,1,02,6,2,1,07, , , , , ,1, ,8011,0
00,1023,1,11A226,09,40528,4,1,0,05,-,1,3,1,51,11/07/1972,1,03,3,2,6,07, , , , , ,1, ,8011,0
00,1023,1,11A226,09,40528,3,1,0,04,-,1,3,1,13,24/10/2009,1,03,2,1,1,06, , , , , ,1, ,8011,0
00,1023,1,11A226,09,40528,3,1,0,05,-,1,3,1,12,03/05/2011,1,02,6,1,6,06, , , , , ,1, ,8011,0
00,1023,1,11A226,09,40528,2,1,0,02,-,1,2,2,60,15/06/1963,1,07,4,2,5,01,3,7,3,2,999999,1,1,8011,16134
00,1023,4,11A223,09,40568,1,1,0,05,-,1,3,2,49,23/07/1974,1,06,3,2,1,01,3,5,3,2,999999,1, ,7491,0
00,1023,4,11A223,09,40568,4,1,0,01,-,1,1,2,72,15/05/1951,1,02,6,2,6,07, , , , , ,1,1,7491,7544
00,1023,4,11A223,09,40568,1,1,0,03,-,1,3,1,45,21/10/1977,1,07,4,2,3,01,1,5,3,2,999999,1, ,7491,0
00,1023,4,11A223,09,40568,3,1,0,03,-,1,3,2,18,22/06/2005,1,04,3,1,6,06, , , , , ,1, ,7491,0
00,1023,4,11A223,09,40568,3,1,0,04,-,1,3,1,11,11/07/2012,1,02,5,1, , , , , , , ,1, ,7491,0
00,1023,4,11A223,09,40568,1,1,0,02,-,1,2,2,70,22/03/1953,1,06,3,2,5,07, , , , , ,1, ,7491,0
00,1023,4,11A223,09,40568,1,1,0,06,-,1,5,1,51,24/08/1972,1,04,3,2,1,01,3,5,3,2,999999,1, ,7491,0
00,1023,4,11A223,09,40568,2,1,0,01,-,1,1,2,67,30/03/1956,1,07,4,2,3,08, , , , , ,1,1,7491,7544
00,1023,4,11A223,09,40568,1,1,0,04,-,1,5,1,35,02/07/1988,1,04,3,2,6,01,1,5,3,2,999999,1,1,7491,45264
00,1023,4,11A223,09,40568,3,1,0,01,-,1,1,1,41,19/04/1982,1,04,3,2,5,01,5,5,3,2,999999,1, ,7491,0
00,1023,4,11A223,09,40568,3,1,0,02,-,1,2,2,38,12/08/1985,1,04,3,2,5,01,3,5,3,2,999999,1,1,7491,22632
00,1023,4,11A223,09,40568,1,1,0,01,-,1,1,1,73,10/12/1949,1,07,1,2,5,01,1,5,3,1,001500,1, ,7491,0
00,1023,4,13A223,09,40570,2,1,0,01,-,1,1,2,35,24/06/1988,2,09,2,2,6,01,1,5,3,2,999999,1,1,12378,12592
00,1023,4,13A223,09,40570,1,1,0,01,-,1,1,1,61,11/10/1962,1,07,4,2,5,01,1,5,2,2,999999,1,1,12378,25184
00,1023,4,13A223,09,40570,1,1,0,02,-,1,2,1,66,23/07/1957,1,09,2,2,5,07, , , , , ,1, ,12378,0
00,1023,4,13A223,09,40570,4,1,0,01,-,1,1,2,67,24/02/1956,1,07,4,2,5,01,5,5,3,1,999999,1,1,12378,12592
00,1023,1,12A226,09,40574,3,1,0,01,-,1,1,1,96,22/02/1927,1,03,3,2,4,01,4,4,2,1,000600,1,1,7601,15397
00,1023,1,12A226,09,40574,3,1,0,02,-,1,6,1,94,15/01/1929,1,03,3,2,4,04, , , , , ,1, ,7601,0
00,1023,1,12A226,09,40574,4,1,0,02,-,1,2,2,35,12/02/1988,1,04,3,2,1,07, , , , , ,1, ,7601,0
00,1023,1,12A226,09,40574,4,1,0,01,-,1,1,1,40,24/08/1983,1,07,4,2,1,01,1,5,3,1,999999,1,1,7601,15397
00,1023,1,12A226,09,40574,1,1,0,02,-,1,2,2,45,23/10/1977,1,03,3,2,1,01,5,5,2,1,999999,1,1,7601,15397
00,1023,1,12A226,09,40574,2,1,0,02,-,1,2,2,38,27/05/1985,1,07,4,2,1,07, , , , , ,1,1,7601,15397
00,1023,1,12A226,09,40574,2,1,0,03,-,1,3,1,03,06/10/2020, , , , , , , , , , , ,1, ,7601,0
00,1023,1,12A226,09,40574,1,1,0,01,-,1,1,1,55,10/02/1968,1,03,3,2,1,01,5,5,5,1,004000,1, ,7601,0
00,1023,1,12A226,09,40574,2,1,0,01,-,1,1,1,37,03/04/1986,1,07,4,2,1,01,1,5,3,3,999999,1, ,7601,0
00,1023,8,11A217,09,40575,2,1,0,02,-,1,2,2,51,21/07/1972,1,03,3,2,5,07, , , , , ,1, ,12016,0
00,1023,8,11A217,09,40575,3,1,0,01,-,1,1,1,78,19/03/1945,1,02,6,2,5,08, , , , , ,1,1,12016,12100
00,1023,8,11A217,09,40575,2,1,0,03,-,1,3,1,24,16/09/1999,1,07,3,2,6,01,1,5,3,2,009999,1, ,12016,0
00,1023,8,11A217,09,40575,4,1,0,01,-,1,1,2,38,15/09/1985,1,03,3,2,6,01,3,5,3,2,999999,1,1,12016,12100
00,1023,8,11A217,09,40575,2,1,0,04,-,3,4,2,82,16/06/1941,1,02,6,2,4,07, , , , , ,1, ,12016,0
00,1023,8,11A217,09,40575,2,1,0,01,-,1,1,1,54,31/03/1969,1,03,3,2,5,01,4,4,1,1,001500,1,1,12016,48401
00,1023,8,11A217,09,40575,1,1,1,01,-,1,1,2,57,15/06/1966,1,03,3,2,2,01,4,4,3,1,009999,1,1,12016,12100
00,1023,8,12A217,09,40576,3,1,0,01,-,1,1,1,45,26/04/1978,1,07,4,2,2,01,1,5,3,2,999999,1,1,9601,9724
00,1023,8,12A217,09,40576,2,1,0,02,-,1,2,1,63,13/02/1960,1,02,6,2,5,09, , , , , ,1,1,9601,19449
00,1023,8,12A217,09,40576,2,1,0,01,-,1,1,2,59,14/03/1964,1,03,3,2,5,01,5,5,3,2,003500,1, ,9601,0
00,1023,8,12A217,09,40576,4,1,0,02,-,1,3,1,20,01/10/2003,1,04,2,1,6,06, , , , , ,1,1,9601,19449
00,1023,8,12A217,09,40576,4,1,0,01,-,1,1,2,45,01/08/1978,1,06,3,2,2,01,5,5,3,2,999999,1, ,9601,0
00,1023,8,12A217,09,40576,1,1,0,01,-,1,1,1,58,16/08/1965,1,06,3,2,6,01,5,5,3,2,999999,1,1,9601,9724
00,1023,8,12A217,09,40576,4,1,0,03,-,1,3,1,14,21/03/2009,1,03,1,1,6,06, , , , , ,1, ,9601,0
00,1023,1,12A226,09,40580,4,1,0,01,-,1,1,1,69,11/09/1954,1,03,3,2,5,01,5,5,2,3,003000,1, ,6755,0
00,1023,1,12A226,09,40580,3,1,0,02,-,1,2,2,52,02/08/1971,2,03,3,2,1,07, , , , , ,1,1,6755,13683
00,1023,1,12A226,09,40580,2,1,0,01,-,1,1,1,55,02/04/1968,1,02,6,2,6,01,4,3,2,1,001200,1,1,6755,13683
00,1023,1,12A226,09,40580,1,1,0,03,-,1,3,1,26,10/12/1996,1,07,4,2,6,01,1,5,3,3,010000,1, ,6755,0
00,1023,1,12A226,09,40580,1,1,0,04,-,1,3,1,23,03/04/2000,1,07,2,1,6,06, , , , , ,1, ,6755,0
00,1023,1,12A226,09,40580,4,1,0,04,-,1,5,2,03,21/01/2020, , , , , , , , , , , ,1, ,6755,0
00,1023,1,12A226,09,40580,3,1,0,01,-,1,1,1,52,10/01/1971,1,03,3,2,1,01,5,5,2,1,001200,1, ,6755,0
00,1023,1,12A226,09,40580,1,1,0,01,-,1,1,1,70,06/12/1952,1,02,6,2,5,08, , , , , ,1, ,6755,0
00,1023,1,12A226,09,40580,4,1,0,03,-,1,3,2,14,15/03/2009,1,03,3,1,6,06, , , , , ,1, ,6755,0
00,1023,1,12A226,09,40580,4,1,0,02,-,1,2,2,42,03/07/1981,1,04,3,2,5,01,4,4,2,1,000500,1,1,6755,13683
00,1023,1,12A226,09,40580,1,1,0,02,-,1,2,2,51,15/01/1972,1,03,3,2,5,01,4,4,2,1,000300,1,1,6755,27365
00,1023,1,12A226,09,40580,2,1,0,02,-,1,8,2,84,08/08/1939,2,00, ,2,6,07, , , , , ,1, ,6755,0
00,1023,5,11B212,09,40584,4,1,0,03,-,1,3,1,16,11/09/2007,1,03,2,1,6,06, , , , , ,1, ,8125,0
00,1023,5,11B212,09,40584,2,1,0,01,-,1,1,1,51,24/12/1971,1,04,3,2,5,01,3,7,3,2,999999,1,1,8125,8182
00,1023,5,11B212,09,40584,1,1,0,01,-,1,1,1,49,06/09/1974,1,04,2,2,1,01,4,4,3,1,002000,1, ,8125,0
00,1023,5,11B212,09,40584,4,1,0,04,-,1,3,1,13,25/01/2010,1,03,1,1,6,06, , , , , ,1, ,8125,0
00,1023,5,11B212,09,40584,1,1,0,02,-,1,2,2,42,16/03/1981,1,04,3,2,1,07, , , , , ,1, ,8125,0
00,1023,5,11B212,09,40584,4,1,0,02,-,1,2,2,46,06/02/1977,1,04,3,2,5,01,3,5,3,1,002600,1,1,8125,16364
00,1023,5,11B212,09,40584,1,1,0,03,-,1,3,1,21,18/01/2002,1,07,1,1,6,06, , , , , ,1,1,8125,24546
00,1023,5,11B212,09,40584,3,1,0,02,-,1,3,1,14,24/05/2009,1,03,2,1,6,06, , , , , ,1, ,8125,0
00,1023,5,11B212,09,40584,3,1,0,01,-,1,1,2,52,13/08/1971,1,04,3,2,6,01,5,5,2,1,001100,1,1,8125,8182
00,1023,5,11B212,09,40584,1,1,0,04,-,1,3,2,10,18/06/2013,1,02,3,1, , , , , , , ,1, ,8125,0
00,1023,5,11B212,09,40584,4,1,0,01,-,1,1,1,47,29/12/1975,1,04,3,2,5,01,5,3,2,2,014000,1, ,8125,0
00,1023,5,12B212,09,40587,3,1,0,02,-,1,6,2,74,01/12/1948,1,06,3,2,3,01,5,5,3,1,000800,1, ,8057,0
00,1023,5,12B212,09,40587,4,1,0,02,-,1,3,1,34,11/04/1989,1,07,5,2,6,01,1,5,3,2,999999,1, ,8057,0
00,1023,5,12B212,09,40587,1,1,0,01,-,1,1,1,68,22/05/1955,1,02,6,2,6,01,4,4,3,1,001200,1,1,8057,8160
00,1023,5,12B212,09,40587,2,1,0,03,-,1,5,2,12,12/05/2011,1,02,5,1,6,06, , , , , ,1, ,8057,0
00,1023,5,12B212,09,40587,2,1,0,02,-,1,5,1,14,04/02/2009,1,03,1,1,6,06, , , , , ,1, ,8057,0
00,1023,5,12B212,09,40587,2,1,0,01,-,1,1,2,63,20/12/1959,1,06,3,2,3,01,3,7,3,2,004000,1,1,8057,8160
00,1023,5,12B212,09,40587,3,1,0,01,-,1,1,2,78,15/02/1945,1,06,3,2,4,07, , , , , ,1,1,8057,16321
00,1023,5,12B212,09,40587,4,1,0,01,-,1,1,1,71,26/11/1951,1,07,5,2,3,08, , , , , ,1,1,8057,16321
00,1023,5,12B212,09,40591,4,1,0,02,-,1,2,2,25,15/06/1998,1,06,3,2,1,01,5,5,3,1,999999,1, ,10716,0
00,1023,5,12B212,09,40591,4,1,0,03,-,1,3,2,08,15/02/2015,1,02,1,1, , , , , , , ,1, ,10716,0
00,1023,5,12B212,09,40591,4,1,0,01,-,1,1,1,30,18/05/1993,1,07,5,2,1,01,5,5,3,1,999999,1,1,10716,21706
00,1023,4,12A223,09,40616,4,1,0,01,-,1,1,1,50,01/04/1973,1,08,2,2,5,01,1,5,3,2,999999,1, ,7090,0
00,1023,4,12A223,09,40616,4,1,0,03,-,1,3,1,21,20/06/2002,1,04,3,1,6,06, , , , , ,1, ,7090,0
00,1023,4,12A223,09,40616,3,1,0,01,-,1,1,1,35,11/08/1988,1,07,5,2,6,01,3,7,3,2,999999,1,1,7090,7181
00,1023,4,12A223,09,40616,2,1,0,01,-,1,1,1,30,15/06/1993,1,07,5,2,6,01,1,5,3,2,999999,1,1,7090,7181
00,1023,4,12A223,09,40616,4,1,0,04,-,1,3,1,18,01/09/2005,1,04,2,1,6,06, , , , , ,1, ,7090,0
00,1023,4,12A223,09,40616,1,1,0,01,-,1,1,1,63,05/05/1960,1,07,4,2,3,01,1,5,3,2,999999,1,1,7090,7181
00,1023,4,12A223,09,40616,4,1,0,02,-,1,2,2,50,10/03/1973,1,07,4,2,5,07, , , , , ,1,1,7090,28724
00,1023,1,11A226,09,40622,2,1,0,01,-,1,1,2,69,15/09/1954,1,02,6,2,6,07, , , , , ,1, ,6121,0
00,1023,1,11A226,09,40622,1,1,0,01,-,1,1,1,60,28/01/1963,2,07,3,2,5,09, , , , , ,1, ,6121,0
00,1023,1,11A226,09,40622,3,1,0,03,-,1,6,1,25,09/06/1998,1,03,3,2,1,01,5,5,3,1,004000,1,1,6121,18493
00,1023,1,11A226,09,40622,2,1,0,02,-,1,3,2,48,12/01/1975,1,07,4,2,6,01,2,3,3,2,999999,1,1,6121,12329
00,1023,1,11A226,09,40622,4,1,0,01,-,1,1,1,26,20/07/1997,1,06,3,2,6,01,1,5,2,2,001000,1,1,6121,6164
00,1023,1,11A226,09,40622,3,1,0,01,-,1,1,2,43,22/05/1980,1,04,3,2,6,01,5,5,3,1,001500,1, ,6121,0
00,1023,1,11A226,09,40622,3,1,0,04,-,1,5,1,06,09/09/2017,1,01,3,1, , , , , , , ,1, ,6121,0
00,1023,1,11A226,09,40622,1,1,0,03,-,1,3,1,24,17/12/1998,1,07,4,2,6,04, , , , , ,1, ,6121,0
00,1023,1,11A226,09,40622,3,1,0,02,-,1,3,2,25,04/02/1998,1,04,3,2,1,01,4,4,2,3,003500,1, ,6121,0
00,1023,1,11A226,09,40622,3,1,0,05,-,1,5,1,01,09/07/2022, , , , , , , , , , , ,1, ,6121,0
00,1023,1,11A226,09,40622,1,1,0,02,-,1,2,2,57,27/05/1966,1,07,4,2,5,08, , , , , ,1,1,6121,18493
00,1023,1,13A226,09,40625,2,1,0,01,-,1,1,2,34,18/10/1988,1,07,4,2,6,01,1,5,3,2,999999,1,1,9364,9525
00,1023,8,13A217,09,40625,2,1,0,04,-,1,3,2,38,11/03/1985,1,07,4,2,6,01,3,5,3,2,009999,1,1,10544,53628
00,1023,8,13A217,09,40625,4,1,1,01,-,1,1,2,88,12/04/1935,1,02,6,2,6,07, , , , , ,1,1,10544,10726
00,1023,8,13A217,09,40625,3,1,1,05,-,3,5,1,01,27/02/2022, , , , , , , , , , , ,1, ,10544,0
00,1023,8,13A217,09,40625,3,1,1,04,-,3,5,1,12,03/09/2011,1,02,6,1,6,06, , , , , ,1, ,10544,0
00,1023,8,13A217,09,40625,3,1,1,01,-,1,1,1,76,16/05/1947,1,07,3,2,5,08, , , , , ,1, ,10544,0
00,1023,8,13A217,09,40625,3,1,1,03,-,3,3,2,38,20/07/1985,1,07,4,2,3,01,1,5,3,2,006000,1, ,10544,0
00,1023,8,13A217,09,40625,3,1,1,02,-,1,2,2,74,06/06/1949,1,02,6,2,5,07, , , , , ,1,1,10544,32177
00,1023,8,13A217,09,40625,4,1,1,02,-,2, , , , , , , , , , , , , , , ,1, ,0,0
00,1023,8,13A217,09,40625,1,1,0,01,-,1,1,1,39,27/09/1984,1,07,4,2,5,01,3,5,3,2,999999,1,1,10544,21451
00,1023,1,13A226,09,40625,1,1,0,02,-,1,3,2,19,18/06/2004,1,04,3,1,6,06, , , , , ,1,1,9364,19051
00,1023,8,13A217,09,40625,1,1,0,03,-,1,3,1,13,03/09/2010,1,02,5,1,6,06, , , , , ,1, ,10544,0
00,1023,8,13A217,09,40625,1,1,0,02,-,1,2,2,38,16/04/1985,1,04,3,2,5,07, , , , , ,1, ,10544,0
00,1023,8,13A217,09,40625,2,1,0,02,-,1,2,2,60,30/05/1963,1,03,3,2,5,07, , , , , ,1, ,10544,0
00,1023,8,13A217,09,40625,1,1,0,04,-,1,3,2,08,10/09/2015,1,01,2,1, , , , , , , ,1, ,10544,0
00,1023,1,13A226,09,40625,4,1,0,01,-,1,1,2,52,17/03/1971,1,09,4,2,2,01,1,7,3,2,999999,1,1,9364,9525
00,1023,8,13A217,09,40625,2,1,0,05,-,1,3,2,26,31/05/1997,1,07,4,2,6,01,3,4,3,2,009999,1, ,10544,0
00,1023,8,13A217,09,40625,1,1,0,05,-,1,3,1,04,21/12/2018, , , , , , , , , , , ,1, ,10544,0
00,1023,1,13A226,09,40625,1,1,0,01,-,1,1,2,58,04/06/1965,1,07,4,2,4,07, , , , , ,1, ,9364,0
00,1023,8,13A217,09,40625,2,1,0,01,-,1,1,1,63,22/12/1959,1,04,1,2,5,08, , , , , ,1, ,10544,0
00,1023,8,13A217,09,40625,2,1,0,03,-,1,3,2,40,07/09/1983,1,07,5,2,6,01,3,7,3,2,009999,1, ,10544,0
00,1023,8,11A217,09,40627,3,1,0,01,-,1,1,1,70,29/06/1953,1,03,3,2,5,08, , , , , ,1, ,9132,0
00,1023,8,11A217,09,40627,3,1,0,06,-,1,5,2,09,24/03/2014,1,02,1,1, , , , , , , ,1, ,9132,0
00,1023,8,11A217,09,40627,3,1,0,05,-,1,5,2,29,12/01/1994,1,04,3,2,6,07, , , , , ,1, ,9132,0
00,1023,8,11A217,09,40627,1,1,0,01,-,1,1,1,51,01/04/1972,1,03,3,2,5,01,5,5,3,2,005000,1,1,9132,18393
00,1023,8,11A217,09,40627,4,1,0,04,-,1,3,1,20,04/04/2003,1,04,2,1,6,06, , , , , ,1, ,9132,0
00,1023,8,11A217,09,40627,4,1,0,07,-,1,5,2,24,10/03/1999,1,04,3,2,5,07, , , , , ,1, ,9132,0
00,1023,8,11A217,09,40627,4,1,0,06,-,1,3,1,25,14/06/1998,1,03,3,2,5,01,5,5,3,2,999999,1, ,9132,0
00,1023,8,11A217,09,40627,4,1,0,08,-,1,5,1,05,19/08/2018,2,01,3,1, , , , , , , ,1, ,9132,0
00,1023,8,11A217,09,40627,4,1,0,03,-,1,3,2,22,15/06/2001,1,04,3,1,6,06, , , , , ,1, ,9132,0
00,1023,8,11A217,09,40627,4,1,0,05,-,1,3,2,18,15/06/2005,1,04,1,1,6,06, , , , , ,1, ,9132,0
00,1023,8,11A217,09,40627,4,1,0,01,-,1,1,1,46,23/12/1976,1,03,3,2,5,01,5,5,3,2,999999,1, ,9132,0
00,1023,8,11A217,09,40627,3,1,0,07,-,1,5,1,03,24/01/2020, , , , , , , , , , , ,1, ,9132,0
00,1023,8,11A217,09,40627,2,1,1,02,-,1,2,2,17,18/05/2006,1,03,3,2,1,07, , , , , ,1, ,9132,0
00,1023,8,11A217,09,40627,1,1,0,02,-,1,2,2,48,26/10/1974,1,03,3,2,5,01,5,5,3,2,005000,1, ,9132,0
00,1023,8,11A217,09,40627,4,1,0,02,-,1,2,2,44,15/06/1979,1,03,3,2,5,07, , , , , ,1,1,9132,64374
00,1023,8,11A217,09,40627,2,1,1,01,-,1,1,1,21,05/06/2002,1,03,3,2,1,01,5,5,3,2,999999,1,1,9132,9196
00,1023,8,11A217,09,40627,3,1,0,03,-,1,3,2,38,22/12/1984,1,07,5,2,5,01,1,5,3,2,999999,1,1,9132,45981
00,1023,8,11A217,09,40627,3,1,0,04,-,1,5,1,20,11/09/2003,1,04,2,1,6,06, , , , , ,1, ,9132,0
00,1023,8,11A217,09,40627,3,1,0,02,-,1,2,2,67,08/02/1956,1,03,3,2,5,07, , , , , ,1, ,9132,0
00,1023,5,11B212,09,40633,4,1,0,01,-,1,1,1,40,28/03/1983,1,04,3,1,6,01,7,5,3,2,999999,1, ,7650,0
00,1023,5,11B212,09,40633,2,1,0,03,-,1,3,2,20,20/03/2003,1,04,3,2,6,01,4,4,2,1,999999,1, ,7650,0
00,1023,5,11B212,09,40633,4,1,0,02,-,1,4,2,67,15/06/1956,1,02,6,2,6,07, , , , , ,1,1,7650,15407
00,1023,5,11B212,09,40633,1,1,0,02,-,1,2,2,58,16/09/1965,1,02,1,2,5,07, , , , , ,1, ,7650,0
00,1023,5,11B212,09,40633,3,1,0,02,-,1,3,2,15,09/09/2008,1,03,2,1,6,06, , , , , ,1, ,7650,0
00,1023,5,11B212,09,40633,2,1,0,01,-,1,1,2,45,20/02/1978,1,03,3,2,1,01,4,4,2,1,999999,1, ,7650,0
00,1023,5,11B212,09,40633,2,1,0,02,-,1,2,1,46,20/09/1977,1,02,6,2,1,01,4,4,2,1,999999,1,1,7650,23111
00,1023,5,11B212,09,40633,1,1,0,01,-,1,1,1,66,04/10/1957,1,02,1,2,5,01,4,4,2,3,002000,1,1,7650,15407
00,1023,5,11B212,09,40633,3,1,0,01,-,1,1,2,33,15/12/1989,2,03,3,2,6,01,9,9,3,2,999999,1,1,7650,7704
00,1023,5,11B212,09,40633,3,1,0,03,-,1,3,2,07,16/07/2016,2,01,2,1, , , , , , , ,1, ,7650,0
00,1023,5,12B212,09,40634,4,1,0,02,-,1,3,1,30,07/10/1993,1,07,4,2,6,01,5,5,3,2,999999,1, ,11949,0
00,1023,5,12B212,09,40634,1,1,0,02,-,1,2,2,55,15/06/1968,1,07,5,2,5,01,3,5,3,2,999999,1,1,11949,24206
00,1023,5,12B212,09,40634,1,1,0,01,-,1,1,1,55,15/06/1968,1,07,5,2,5,01,3,5,3,2,999999,1, ,11949,0
00,1023,5,12B212,09,40634,4,1,0,01,-,1,1,2,59,03/03/1964,1,07,4,2,6,01,5,5,3,2,999999,1,1,11949,24206
00,1023,3,13A224,10,40024,3,1,0,01,-,1,1,1,59,25/10/1963,1,09,3,2,5,01,7,3,2,3,015000,1, ,8896,0
00,1023,3,13A224,10,40024,4,1,0,01,-,1,1,1,32,17/09/1991,1,08,3,2,6,01,5,5,3,3,010000,1, ,8896,0
00,1023,3,13A224,10,40024,3,1,0,03,-,1,3,2,23,15/04/2000,2,07,5,1,6,06, , , , , ,1, ,8896,0
00,1023,3,13A224,10,40024,1,1,0,02,-,1,3,1,24,20/07/1999,1,07,5,2,6,01,5,5,3,4,020000,1,1,8896,18099
00,1023,3,13A224,10,40024,3,1,0,04,-,1,3,2,20,11/03/2003,1,07,2,1,6,06, , , , , ,1,1,8896,45248
00,1023,3,13A224,10,40024,3,1,0,02,-,1,3,2,25,04/04/1998,1,07,4,1,6,06, , , , , ,1, ,8896,0
00,1023,3,13A224,10,40024,1,1,0,01,-,1,1,1,64,03/05/1959,1,04,3,2,6,01,4,4,2,3,015000,1, ,8896,0
00,1023,3,13A224,10,40024,3,1,0,05,-,1,2,2,56,22/01/1967,1,04,3,2,5,07, , , , , ,1, ,8896,0
00,1023,3,13A224,10,40024,4,1,0,02,-,1,2,2,30,27/03/1993,1,08,3,1,6,01,5,5,3,1,001800,1,1,8896,18099
00,1023,7,12A218,10,40033,1,1,0,02,-,1,3,2,40,20/05/1983,1,07,5,2,3,01,5,7,3,2,004500,1,1,6775,13723
00,1023,7,12A218,10,40033,1,1,0,01,-,1,1,1,74,28/06/1949,1,07,5,2,4,08, , , , , ,1, ,6775,0
00,1023,6,12A218,10,40033,4,1,0,03,-,2, , , , , , , , , , , , , , , ,1, ,0,0
00,1023,7,12A218,10,40033,4,1,0,02,-,1,2,2,62,07/07/1961,1,07,5,2,5,07, , , , , ,1, ,6775,0
00,1023,6,12A218,10,40033,4,1,0,06,-,2, , , , , , , , , , , , , , , ,1, ,0,0
00,1023,7,12A218,10,40033,4,1,0,05,-,1,3,2,28,11/05/1995,1,06,3,2,6,04, , , , , ,1, ,6775,0
00,1023,7,12A218,10,40033,4,1,0,04,-,1,3,1,30,01/01/1993,1,04,3,2,6,01,5,5,3,3,010000,1,1,6775,27446
00,1023,7,12A218,10,40033,4,1,0,01,-,1,1,1,60,24/01/1963,1,03,3,2,5,01,5,5,3,3,006000,1, ,6775,0
00,1023,7,12A218,10,40033,3,1,0,01,-,1,1,1,82,02/10/1941,1,07,5,2,5,08, , , , , ,1,1,6775,13723
00,1023,7,12A218,10,40033,1,1,0,03,-,1,5,1,08,18/01/2015,1,02,1,1, , , , , , , ,1, ,6775,0
00,1023,7,12A218,10,40033,3,1,0,02,-,1,2,2,79,19/02/1944,1,07,5,2,5,08, , , , , ,1, ,6775,0
00,1023,3,11A224,10,40086,2,1,0,04,-,1,3,2,13,23/01/2010,1,03,1,1,6,06, , , , , ,1, ,9047,0
00,1023,3,11A224,10,40086,2,1,0,03,-,1,3,1,10,23/12/2012,1,02,4,1, , , , , , , ,1, ,9047,0
00,1023,3,11A224,10,40086,3,1,0,01,-,1,1,1,35,14/10/1987,1,04,1,2,5,01,5,5,3,2,005000,1, ,9047,0
00,1023,3,11A224,10,40086,3,1,0,04,-,1,3,2,09,13/08/2014,1,02,4,1, , , , , , , ,1, ,9047,0
00,1023,3,11A224,10,40086,3,1,0,05,-,1,3,1,04,26/09/2019, , , , , , , , , , , ,1, ,9047,0
00,1023,3,11A224,10,40086,3,1,0,03,-,1,3,2,15,03/06/2008,1,03,3,1,6,06, , , , , ,1, ,9047,0
00,1023,3,11A224,10,40086,3,1,0,02,-,1,2,2,35,12/12/1987,1,04,3,2,5,07, , , , , ,1,1,9047,18220
00,1023,3,11A224,10,40086,1,1,0,01,-,1,1,1,54,16/09/1969,1,03,3,2,3,01,7,5,3,1,003500,1,1,9047,9110
00,1023,3,11A224,10,40086,2,1,0,01,-,1,1,2,31,05/11/1991,1,03,3,2,5,01,7,2,3,1,001500,1,1,9047,9110
00,1023,3,11A224,10,40086,4,1,0,01,-,1,1,1,39,18/01/1984,1,04,3,2,6,01,7,2,3,1,001500,1,1,9047,18220
00,1023,3,11A224,10,40086,2,1,0,02,-,1,3,2,12,14/06/2011,1,02,6,1,6,06, , , , , ,1, ,9047,0
00,1023,3,11A224,10,40086,4,1,0,02,-,1,8,1,29,10/08/1994,1,03,3,2,6,01,5,5,3,1,001500,1, ,9047,0
00,1023,6,11B211,10,40190,1,1,0,01,-,1,1,2,60,12/02/1963,1,02,6,2,3,07, , , , , ,1,1,8011,16134
00,1023,6,11B211,10,40190,2,1,0,02,-,1,2,2,52,29/11/1970,1,02,6,2,5,01,5,4,3,1,000500,1,1,8011,16134
00,1023,6,11B211,10,40190,3,1,0,06,-,2, , , , , , , , , , , , , , , ,1, ,0,0
00,1023,6,11B211,10,40190,4,1,1,01,-,1,1,1,68,19/05/1955,1,02,6,2,2,01,4,4,2,1,001000,1,1,8011,8067
00,1023,6,11B211,10,40190,1,1,0,02,-,1,3,1,29,17/10/1993,1,04,3,2,6,01,5,5,3,1,002000,1, ,8011,0
00,1023,6,11B211,10,40190,3,1,0,05,-,2, , , , , , , , , , , , , , , ,1, ,0,0
00,1023,6,11B211,10,40190,3,1,0,02,-,1,3,1,20,24/05/2003,1,04,3,2,6,01,5,2,3,1,001500,1, ,8011,0
00,1023,6,11B211,10,40190,3,1,0,04,-,2, , , , , , , , , , , , , , , ,1, ,0,0
00,1023,6,11B211,10,40190,3,1,0,01,-,1,1,2,56,13/10/1966,1,03,3,2,5,07, , , , , ,1, ,8011,0
00,1023,6,11B211,10,40190,3,1,0,03,-,1,3,2,29,24/06/1994,1,04,3,2,1,01,7,2,3,1,001500,1,1,8011,24201
00,1023,6,11B211,10,40190,2,1,0,01,-,1,1,1,53,29/06/1970,1,02,6,2,5,07, , , , , ,1, ,8011,0
00,1023,6,12B211,10,40253,1,1,1,01,-,1,1,1,39,04/05/1984,1,03,3,1,5,01,5,5,3,1,003000,1, ,8379,0
00,1023,6,12B211,10,40253,2,1,0,02,-,1,2,2,46,31/08/1977,1,03,3,2,1,07, , , , , ,1, ,8379,0
00,1023,6,12B211,10,40253,4,1,0,01,-,1,1,2,44,21/08/1979,1,04,3,2,6,01,5,5,3,1,001800,1,1,8379,16973
00,1023,6,12B211,10,40253,4,1,0,02,-,1,3,1,13,02/06/2010,1,02,6,1,6,06, , , , , ,1, ,8379,0
00,1023,6,12B211,10,40253,2,1,0,05,-,1,3,1,22,28/08/2001,1,04,1,2,6,04, , , , , ,1, ,8379,0
00,1023,6,12B211,10,40253,1,1,1,03,-,1,3,2,19,13/11/2003,1,04,3,1,6,06, , , , , ,1,1,8379,25460
00,1023,6,12B211,10,40253,1,1,1,05,-,1,3,2,04,19/01/2019, , , , , , , , , , , ,1, ,8379,0
00,1023,6,12B211,10,40253,2,1,0,06,-,1,5,1,06,31/01/2017,1,01,3,1, , , , , , , ,1, ,8379,0
00,1023,6,12B211,10,40253,2,1,0,04,-,1,5,2,23,06/12/1999,1,04,1,2,1,07, , , , , ,1, ,8379,0
00,1023,6,12B211,10,40253,1,1,1,02,-,1,2,2,37,28/10/1985,1,04,3,2,5,07, , , , , ,1, ,8379,0
00,1023,6,12B211,10,40253,2,1,0,01,-,1,1,1,45,25/08/1978,1,03,3,1,1,01,7,2,3,1,001700,1,1,8379,42433
00,1023,6,12B211,10,40253,2,1,0,07,-,1,5,2,01,28/11/2021, , , , , , , , , , , ,1, ,8379,0
00,1023,6,12B211,10,40253,2,1,0,03,-,1,3,1,24,05/05/1999,1,04,1,2,1,01,7,2,3,1,001700,1, ,8379,0
00,1023,6,12B211,10,40253,3,1,0,01,-,1,1,1,45,10/10/1977,1,04,3,2,5,01,5,5,3,1,002500,1,1,8379,16973
00,1023,6,12B211,10,40253,3,1,0,02,-,1,2,2,37,12/04/1986,1,03,3,2,5,07, , , , , ,1, ,8379,0
00,1023,6,12B211,10,40253,4,1,0,03,-,1,4,2,67,18/05/1956,1,04,3,2,3,07, , , , , ,1, ,8379,0
00,1023,6,12B211,10,40253,1,1,1,04,-,1,3,2,16,07/03/2007,1,04,1,1,6,06, , , , , ,1, ,8379,0
00,1023,2,12A225,10,40281,3,1,0,02,-,1,3,2,05,20/08/2018,2,00, ,1, , , , , , , ,1, ,7541,0
00,1023,2,12A225,10,40281,2,1,0,04,-,3,3,2,07,19/03/2016,1,02,2,1, , , , , , , ,1, ,7541,0
00,1023,2,12A225,10,40281,1,1,0,03,-,1,3,1,21,04/12/2001,1,07,4,1,6,06, , , , , ,1, ,7541,0
00,1023,2,12A225,10,40281,1,1,0,02,-,1,2,2,46,23/09/1977,1,08,3,2,5,01,1,7,3,3,030000,1,1,7541,22914
00,1023,2,12A225,10,40281,2,1,0,03,-,3,3,2,14,11/06/2009,1,03,3,1,6,06, , , , , ,1, ,7541,0
00,1023,2,12A225,10,40281,2,1,0,02,-,1,3,2,37,27/12/1985,1,07,4,2,5,01,4,4,2,1,001000,1,1,7541,15276
00,1023,2,12A225,10,40281,3,1,0,03,-,1,3,2,02,26/05/2021, , , , , , , , , , , ,1, ,7541,0
00,1023,2,12A225,10,40281,1,1,0,01,-,1,1,1,48,01/01/1975,1,08,3,2,5,01,1,7,3,3,030000,1, ,7541,0
00,1023,2,12A225,10,40281,3,1,0,01,-,1,1,2,31,30/08/1992,1,03,3,2,6,01,5,5,3,1,001000,1,1,7541,7638
00,1023,2,12A225,10,40281,2,1,0,01,-,1,1,2,69,30/05/1954,1,03,3,2,4,08, , , , , ,1, ,7541,0
00,1023,2,11A225,10,40284,1,1,0,06,-,1,5,1,11,25/06/2012,1,02,5,1, , , , , , , ,1, ,7703,0
00,1023,2,11A225,10,40284,4,1,0,04,-,1,5,2,14,04/08/2009,1,03,2,1,6,06, , , , , ,1, ,7703,0
00,1023,2,11A225,10,40284,4,1,0,01,-,1,1,2,59,06/05/1964,1,02,6,2,4,01,5,5,3,2,002500,1, ,7703,0
00,1023,2,11A225,10,40284,3,1,0,05,-,1,3,2,00,10/04/2023, , , , , , , , , , , ,1, ,7703,0
00,1023,2,11A225,10,40284,3,1,0,02,-,1,2,2,30,16/05/1993,1,04,3,2,1,01,7,2,3,1,001400,1, ,7703,0
00,1023,2,11A225,10,40284,1,1,0,07,-,1,5,1,01,15/01/2022, , , , , , , , , , , ,1, ,7703,0
00,1023,2,11A225,10,40284,1,1,0,03,-,1,5,2,33,29/11/1989,1,04,3,2,1,01,5,5,3,1,001000,1, ,7703,0
00,1023,2,11A225,10,40284,2,1,0,02,-,1,2,1,27,27/01/1996,1,04,3,2,1,01,7,2,3,1,001500,1, ,7703,0
00,1023,2,11A225,10,40284,1,1,0,05,-,1,5,1,12,22/02/2011,1,02,6,1,6,06, , , , , ,1, ,7703,0
00,1023,2,11A225,10,40284,4,1,0,02,-,1,3,2,39,22/07/1984,1,03,3,2,6,01,7,2,3,1,001500,1, ,7703,0
00,1023,2,11A225,10,40284,2,1,0,03,-,1,3,2,04,30/09/2019, , , , , , , , , , , ,1, ,7703,0
00,1023,2,11A225,10,40284,3,1,0,01,-,1,1,1,52,26/06/1971,1,02,6,2,1,01,5,6,3,1,001500,1,1,7703,15513
00,1023,2,11A225,10,40284,3,1,0,04,-,1,3,2,02,25/01/2021, , , , , , , , , , , ,1, ,7703,0
00,1023,2,11A225,10,40284,1,1,0,04,-,1,3,2,22,20/12/2000,1,04,2,2,6,01,7,2,3,1,001500,1, ,7703,0
00,1023,2,11A225,10,40284,1,1,0,01,-,1,1,2,58,11/07/1965,1,03,3,2,6,01,5,5,3,1,001000,1,1,7703,31027
00,1023,2,11A225,10,40284,2,1,0,01,-,1,1,2,27,01/01/1996,1,03,3,2,1,07, , , , , ,1,1,7703,15513
00,1023,2,11A225,10,40284,4,1,0,05,-,1,5,1,06,20/12/2016,1,02,1,1, , , , , , , ,1, ,7703,0
00,1023,2,11A225,10,40284,1,1,0,02,-,1,3,1,36,31/03/1987,1,03,3,2,1,04, , , , , ,1, ,7703,0
00,1023,2,11A225,10,40284,4,1,0,03,-,1,3,1,25,13/05/1998,1,03,3,2,6,01,4,4,3,2,003000,1,1,7703,23270
00,1023,2,11A225,10,40284,3,1,0,03,-,1,3,2,09,14/02/2014,1,02,3,1, , , , , , , ,1, ,7703,0
00,1023,4,12A223,10,40307,1,1,0,03,-,1,4,2,81,14/08/1942,1,02,6,2,4,07, , , , , ,1,1,8708,35278
00,1023,4,12A223,10,40307,4,1,0,04,-,2, , , , , , , , , , , , , , , ,1, ,0,0
00,1023,4,12A223,10,40307,4,1,0,01,-,1,1,2,38,30/08/1985,1,03,3,2,6,01,5,5,3,1,001500,1,1,8708,17639
00,1023,4,12A223,10,40307,4,1,0,02,-,2, , , , , , , , , , , , , , , ,1, ,0,0
00,1023,4,12A223,10,40307,4,1,0,03,-,1,3,2,08,03/12/2014,1,02,3,1, , , , , , , ,1, ,8708,0
00,1023,4,12A223,10,40307,3,1,0,03,-,1,5,1,13,22/06/2010,1,03,1,1,6,06, , , , , ,1, ,8708,0
00,1023,4,12A223,10,40307,1,1,0,02,-,1,2,2,39,04/12/1983,1,04,3,2,5,07, , , , , ,1, ,8708,0
00,1023,4,12A223,10,40307,4,1,0,05,-,3,7,2,20,25/11/2002,1,07,3,1,6,01,5,5,3,1,001500,1, ,8708,0
00,1023,4,12A223,10,40307,3,1,0,05,-,1,5,1,03,15/01/2020, , , , , , , , , , , ,1, ,8708,0
00,1023,4,12A223,10,40307,3,1,0,02,-,1,3,2,39,31/08/1984,1,03,3,2,6,01,5,5,3,1,001000,1,1,8708,17639
00,1023,4,12A223,10,40307,1,1,0,01,-,1,1,1,48,06/11/1974,1,06,3,2,5,01,5,5,3,3,010000,1, ,8708,0
00,1023,4,12A223,10,40307,3,1,0,01,-,1,1,2,77,13/09/1946,2,02,6,2,4,07, , , , , ,1, ,8708,0
00,1023,3,12A223,10,40307,2,1,0,02,-,2, , , , , , , , , , , , , , , ,1, ,0,0
00,1023,4,12A223,10,40307,3,1,0,04,-,1,5,1,09,19/04/2014,1,02,3,1, , , , , , , ,1, ,8708,0
00,1023,4,12A223,10,40307,1,1,0,04,-,1,3,2,20,01/12/2002,1,04,3,1,6,06, , , , , ,1, ,8708,0
00,1023,4,12A223,10,40307,2,1,0,01,-,1,1,2,51,16/10/1971,1,04,3,2,4,07, , , , , ,1,1,8708,8820
00,1023,8,13A217,10,40313,1,1,0,02,-,1,3,1,30,15/12/1992,1,07,4,2,6,05, , , , , ,1, ,6790,0
00,1023,8,13A217,10,40313,4,1,0,01,-,1,1,1,59,28/11/1963,1,07,5,2,6,08, , , , , ,1,1,6790,27629
00,1023,8,13A217,10,40313,2,1,0,01,-,1,1,2,53,06/08/1970,1,07,4,2,2,01,4,4,2,1,001200,1, ,6790,0
00,1023,8,13A217,10,40313,3,1,0,04,-,1,3,2,17,18/05/2006,1,04,3,1,6,06, , , , , ,1, ,6790,0
00,1023,8,13A217,10,40313,3,1,0,03,-,1,3,1,21,05/01/2002,1,07,3,1,6,06, , , , , ,1, ,6790,0
00,1023,8,13A217,10,40313,3,1,0,02,-,1,2,2,49,02/01/1974,1,07,5,2,5,01,1,5,2,3,020000,1,1,6790,20722
00,1023,8,13A217,10,40313,2,1,0,02,-,1,6,2,50,23/06/1973,1,07,4,2,2,01,4,4,2,1,001200,1,1,6790,13815
00,1023,8,13A217,10,40313,4,1,0,03,-,3,3,2,25,11/03/1998,1,07,5,2,6,01,1,7,3,3,007000,1, ,6790,0
00,1023,8,13A217,10,40313,1,1,0,01,-,1,1,2,68,27/07/1955,1,06,3,2,4,07, , , , , ,1,1,6790,20722
00,1023,8,13A217,10,40313,4,1,0,04,-,3,3,2,22,12/03/2001,1,07,3,1,6,06, , , , , ,1, ,6790,0
00,1023,8,13A217,10,40313,3,1,0,01,-,1,1,1,50,09/09/1973,1,07,5,2,5,01,1,5,2,3,020000,1, ,6790,0
00,1023,8,13A217,10,40313,1,1,0,03,-,1,3,1,32,30/09/1991,1,02,6,2,6,05, , , , , ,1, ,6790,0
00,1023,8,13A217,10,40313,4,1,0,02,-,3,2,2,54,12/10/1969,2,07,5,2,1,01,5,7,3,3,007000,1, ,6790,0
00,1023,1,12A226,10,40379,4,1,0,03,-,1,3,1,06,09/01/2017,1,01,3,1, , , , , , , ,1, ,8018,0
00,1023,1,12A226,10,40379,4,1,0,04,-,1,3,1,00,30/06/2023, , , , , , , , , , , ,1, ,8018,0
00,1023,1,12A226,10,40379,2,1,0,01,-,1,1,2,80,11/02/1943,1,02,2,2,4,07, , , , , ,1, ,8018,0
00,1023,1,12A226,10,40379,1,1,0,01,-,1,1,1,65,17/01/1958,1,04,3,2,5,01,2,5,3,3,014000,1, ,8018,0
00,1023,1,12A226,10,40379,4,1,0,01,-,1,1,1,37,02/08/1986,1,08,2,2,5,01,1,5,3,2,012500,1, ,8018,0
00,1023,1,12A226,10,40379,2,1,0,02,-,1,3,1,52,28/07/1971,1,07,5,2,6,01,1,5,2,3,025000,1,1,8018,16242
00,1023,1,12A226,10,40379,1,1,0,02,-,1,2,2,52,14/11/1970,1,03,2,2,5,07, , , , , ,1, ,8018,0
00,1023,1,12A226,10,40379,4,1,0,02,-,1,2,2,39,23/06/1984,1,07,5,2,5,01,5,5,3,2,010000,1,1,8018,16242
00,1023,1,12A226,10,40379,1,1,0,03,-,1,3,1,22,15/07/2001,1,07,4,1,6,01,5,5,3,3,009000,1,1,8018,24363
00,1023,5,12B212,10,40386,2,1,0,01,-,1,1,1,33,13/05/1990,1,07,5,2,6,01,5,7,3,3,006000,1, ,7361,0
00,1023,5,12B212,10,40386,2,1,0,03,-,1,6,2,31,27/10/1991,1,07,5,2,6,10, , , , , ,1, ,7361,0
00,1023,5,12B212,10,40386,2,1,0,02,-,1,4,2,61,20/04/1962,1,04,3,2,5,07, , , , , ,1,1,7361,22367
00,1023,5,12B212,10,40386,1,1,0,02,-,1,5,1,36,02/09/1987,1,07,5,2,5,01,4,4,2,4,005000,1, ,7361,0
00,1023,5,12B212,10,40386,3,1,0,03,-,1,3,1,31,01/09/1992,1,03,3,2,6,01,5,5,3,1,000250,1, ,7361,0
00,1023,5,12B212,10,40386,3,1,0,02,-,1,2,2,71,06/06/1952,1,04,3,2,5,07, , , , , ,1, ,7361,0
00,1023,5,12B212,10,40386,1,1,0,01,-,1,1,2,74,15/05/1949,1,04,1,2,4,07, , , , , ,1, ,7361,0
00,1023,5,12B212,10,40386,1,1,0,04,-,1,5,1,06,30/07/2017,2,01,2,1, , , , , , , ,1, ,7361,0
00,1023,5,12B212,10,40386,3,1,0,01,-,1,1,1,69,28/03/1954,1,03,3,2,5,08, , , , , ,1,1,7361,22367
00,1023,5,12B212,10,40386,1,1,0,03,-,1,3,2,33,04/11/1989,1,07,5,2,5,01,3,7,3,3,005000,1,1,7361,22367
00,1023,8,11A217,10,40410,1,1,0,04,-,1,5,1,28,12/04/1995,1,03,3,2,1,01,7,2,3,1,001500,1, ,9052,0
00,1023,8,11A217,10,40410,3,1,0,01,-,1,1,1,46,23/12/1976,1,02,6,2,6,01,7,2,3,1,001000,1,1,9052,9116
00,1023,8,11A217,10,40410,4,1,0,03,-,1,7,2,19,08/05/2004,1,04,3,2,6,07, , , , , ,1,1,9052,36462
00,1023,5,11A217,10,40410,4,1,0,06,-,2, , , , , , , , , , , , , , , ,1, ,0,0
00,1023,8,11A217,10,40410,4,1,0,05,-,1,7,2,02,01/10/2021, , , , , , , , , , , ,1, ,9052,0
00,1023,8,11A217,10,40410,4,1,0,01,-,1,1,1,34,27/09/1989,1,03,3,2,1,01,7,2,3,1,002000,1, ,9052,0
00,1023,5,11A217,10,40410,4,1,0,07,-,2, , , , , , , , , , , , , , , ,1, ,0,0
00,1023,8,11A217,10,40410,1,1,0,01,-,1,1,1,75,14/02/1948,1,03,1,2,1,07, , , , , ,1, ,9052,0
00,1023,8,11A217,10,40410,1,1,0,03,-,1,3,2,33,28/07/1990,1,03,3,2,1,01,7,2,3,1,001500,1, ,9052,0
00,1023,8,11A217,10,40410,1,1,0,02,-,1,2,2,61,20/08/1962,1,02,4,2,1,07, , , , , ,1,1,9052,36462
00,1023,8,11A217,10,40410,2,1,1,02,-,1,2,2,56,02/06/1967,1,02,6,2,5,07, , , , , ,1, ,9052,0
00,1023,8,11A217,10,40410,4,1,0,09,-,3,7,1,08,13/10/2014,1,02,3,1, , , , , , , ,1, ,9052,0
00,1023,8,11A217,10,40410,4,1,0,08,-,3,7,2,23,07/06/2000,1,03,3,2,6,01,5,5,3,1,001500,1, ,9052,0
00,1023,8,11A217,10,40410,4,1,0,02,-,1,2,2,26,07/01/1997,1,03,3,2,1,07, , , , , ,1, ,9052,0
00,1023,8,11A217,10,40410,2,1,1,01,-,1,1,1,56,25/08/1967,1,03,3,2,5,04, , , , , ,1,1,9052,18231
00,1023,8,11A217,10,40410,4,1,0,04,-,1,3,1,07,22/06/2016,1,01,3,1, , , , , , , ,1, ,9052,0
00,1023,3,11A224,11,40036,1,1,0,04,-,1,3,1,12,04/06/2011,1,02,6,2,6,07, , , , , ,1, ,7940,0
00,1023,3,11A224,11,40036,2,1,0,05,-,1,3,2,21,17/04/2002,1,04,3,2,6,01,7,2,3,1,001400,1, ,7940,0
00,1023,3,11A224,11,40036,1,1,0,01,-,1,1,2,42,20/09/1981,1,03,3,2,5,07, , , , , ,1,1,7940,31985
00,1023,3,11A224,11,40036,1,1,0,03,-,1,3,1,21,10/02/2002,1,04,3,2,6,01,5,5,2,1,001500,1, ,7940,0
00,1023,3,11A224,11,40036,1,1,0,02,-,1,2,1,39,15/06/1984,1,03,3,2,5,01,7,2,3,1,002000,1, ,7940,0
00,1023,3,11A224,11,40036,3,1,1,05,-,1,3,1,00,16/04/2023, , , , , , , , , , , ,1, ,7940,0
00,1023,3,11A224,11,40036,2,1,0,08,-,1,5,2,02,20/03/2021, , , , , , , , , , , ,1, ,7940,0
00,1023,3,11A224,11,40036,2,1,0,06,-,1,3,2,19,18/12/2003,1,03,3,2,6,07, , , , , ,1, ,7940,0
00,1023,3,11A224,11,40036,2,1,0,02,-,1,2,2,58,18/05/1965,1,02,3,2,5,07, , , , , ,1, ,7940,0
00,1023,3,11A224,11,40036,4,1,0,02,-,1,5,2,31,07/11/1991,1,03,3,2,1,07, , , , , ,1,1,7940,15992
00,1023,3,11A224,11,40036,3,1,1,01,-,1,1,1,26,10/04/1997,1,03,3,2,5,01,7,2,3,1,002100,1, ,7940,0
00,1023,3,11A224,11,40036,1,1,0,05,-,1,3,1,18,11/08/2005,1,03,3,2,6,01,5,3,3,1,001500,1, ,7940,0
00,1023,3,11A224,11,40036,4,1,0,01,-,1,1,2,65,01/04/1958,2,00, ,2,4,09, , , , , ,1, ,7940,0
00,1023,3,11A224,11,40036,2,1,0,07,-,1,5,2,11,12/12/2011,1,02,6,1, , , , , , , ,1, ,7940,0
00,1023,3,11A224,11,40036,2,1,0,04,-,1,3,2,25,03/12/1997,1,04,3,2,6,01,7,2,3,1,001400,1, ,7940,0
00,1023,3,11A224,11,40036,3,1,1,02,-,1,2,2,26,11/12/1996,1,03,3,2,5,07, , , , , ,1,1,7940,15992
00,1023,3,11A224,11,40036,4,1,0,03,-,1,5,1,03,13/03/2020, , , , , , , , , , , ,1, ,7940,0
00,1023,3,11A224,11,40036,2,1,0,03,-,1,3,2,36,20/03/1987,1,03,3,2,4,01,7,2,3,1,001800,1,1,7940,47977
00,1023,3,11A224,11,40036,3,1,1,03,-,1,3,2,04,16/02/2019, , , , , , , , , , , ,1, ,7940,0
00,1023,3,11A224,11,40036,2,1,0,01,-,1,1,1,61,29/06/1962,2,00, ,2,5,01,7,2,3,1,001500,1, ,7940,0
00,1023,3,11A224,11,40036,3,1,1,04,-,1,3,1,04,11/09/2019, , , , , , , , , , , ,1, ,7940,0
00,1023,7,12A218,11,40042,4,1,0,03,-,1,5,2,20,30/06/2003,1,03,3,2,1,07, , , , , ,1, ,6622,0
00,1023,7,12A218,11,40042,2,1,0,01,-,1,1,2,65,13/07/1958,1,03,3,2,4,07, , , , , ,1, ,6622,0
00,1023,7,12A218,11,40042,1,1,0,02,-,1,3,2,51,20/03/1972,2,00, ,2,6,01,5,4,3,1,001800,1,1,6622,13414
00,1023,7,12A218,11,40042,3,1,0,03,-,1,3,2,27,23/09/1996,1,06,2,2,6,01,5,5,3,1,999999,1, ,6622,0
00,1023,7,12A218,11,40042,4,1,0,02,-,1,3,1,32,02/04/1991,1,03,2,2,2,01,7,2,3,1,001500,1, ,6622,0
00,1023,7,12A218,11,40042,3,1,0,07,-,1,5,2,00,25/12/2022, , , , , , , , , , , ,1, ,6622,0
00,1023,7,12A218,11,40042,3,1,0,06,-,1,5,2,21,15/06/2002,1,02,6,2,1,07, , , , , ,1, ,6622,0
00,1023,5,12A218,11,40042,3,1,0,04,-,2, , , , , , , , , , , , , , , ,1, ,0,0
00,1023,7,12A218,11,40042,2,1,0,03,-,1,3,1,29,30/05/1994,1,07,4,2,6,01,3,5,3,3,999999,1, ,6622,0
00,1023,7,12A218,11,40042,1,1,0,01,-,1,1,2,78,03/06/1945,1,00, ,2,4,08, , , , , ,1, ,6622,0
00,1023,7,12A218,11,40042,3,1,0,05,-,1,3,1,22,10/04/2001,1,03,3,2,1,01,7,2,3,1,001500,1, ,6622,0
00,1023,7,12A218,11,40042,4,1,0,01,-,1,1,1,51,11/10/1971,1,03,3,2,4,04, , , , , ,1,1,6622,20122
00,1023,7,12A218,11,40042,3,1,0,02,-,1,2,2,51,16/02/1972,1,03,3,2,5,07, , , , , ,1,1,6622,33536
00,1023,7,12A218,11,40042,3,1,0,01,-,1,1,1,47,02/09/1976,1,03,3,2,5,01,7,2,4,1,001000,1, ,6622,0
00,1023,7,12A218,11,40042,2,1,0,02,-,1,3,1,31,17/08/1992,1,07,4,2,6,01,1,5,3,3,999999,1,1,6622,20122
00,1023,3,13A224,11,40126,1,1,0,03,-,1,3,1,34,13/05/1989,1,07,4,2,6,01,1,5,3,3,999999,1, ,7596,0
00,1023,3,13A224,11,40126,2,1,0,01,-,1,1,1,22,26/08/2001,1,07,1,1,6,06, , , , , ,1,1,7596,23181
00,1023,3,13A224,11,40126,4,1,0,04,-,1,3,2,03,21/01/2020, , , , , , , , , , , ,1, ,7596,0
00,1023,3,13A224,11,40126,4,1,0,03,-,1,3,2,03,21/01/2020, , , , , , , , , , , ,1, ,7596,0
00,1023,3,13A224,11,40126,2,1,0,03,-,1,6,1,32,05/06/1991,1,04,3,2,6,01,4,4,2,3,999999,1, ,7596,0
00,1023,3,13A224,11,40126,4,1,0,02,-,1,2,2,34,12/12/1988,2,03,3,2,5,07, , , , , ,1, ,7596,0
00,1023,3,13A224,11,40126,1,1,0,01,-,1,1,1,64,13/11/1958,1,09,2,2,5,08, , , , , ,1, ,7596,0
00,1023,3,13A224,11,40126,4,1,0,01,-,1,1,1,41,21/08/1982,1,03,3,2,5,01,4,4,3,1,004800,1,1,7596,15454
00,1023,3,13A224,11,40126,2,1,0,02,-,1,4,2,61,03/08/1962,1,07,4,2,6,08, , , , , ,1, ,7596,0
00,1023,3,13A224,11,40126,1,1,0,02,-,1,2,2,61,17/04/1962,1,07,3,2,5,07, , , , , ,1,1,7596,23181
00,1023,7,13A218,11,40132,4,1,0,01,-,1,1,2,79,15/06/1944,1,04,3,2,4,08, , , , , ,1,1,8681,8831
00,1023,7,13A218,11,40132,2,1,0,01,-,1,1,2,82,03/08/1941,1,06,4,2,4,10, , , , , ,1,1,8681,8831
00,1023,7,13A218,11,40132,3,1,0,01,-,1,1,2,70,28/12/1952,1,08,2,2,3,10, , , , , ,1,1,8681,8831
00,1023,7,13A218,11,40132,1,1,0,01,-,1,1,2,79,27/01/1944,2,03,3,2,4,08, , , , , ,1,1,8681,8831
00,1023,7,11A218,11,40135,1,1,0,02,-,1,2,2,40,17/06/1983,1,04,3,2,5,07, , , , , ,1,1,7636,23070
00,1023,7,11A218,11,40135,2,1,0,01,-,1,1,1,62,14/07/1961,1,07,4,2,2,01,1,5,2,1,002000,1,1,7636,7690
00,1023,7,11A218,11,40135,1,1,0,03,-,1,3,1,18,17/08/2005,1,04,1,1,6,06, , , , , ,1, ,7636,0
00,1023,7,11A218,11,40135,1,1,0,04,-,1,3,1,13,21/11/2009,1,03,1,1,6,06, , , , , ,1, ,7636,0
00,1023,7,11A218,11,40135,4,1,1,01,-,1,1,1,41,08/09/1982,1,03,3,2,6,01,7,2,3,1,001500,1,1,7636,7690
00,1023,7,11A218,11,40135,3,1,0,01,-,1,1,2,58,26/01/1965,1,04,3,2,2,01,4,4,3,1,002000,1,1,7636,7690
00,1023,7,11A218,11,40135,1,1,0,01,-,1,1,1,63,27/04/1960,1,04,3,2,5,08, , , , , ,1, ,7636,0
00,1023,2,12A225,11,40261,2,1,0,01,-,1,1,1,39,20/05/1984,1,03,3,2,5,01,4,4,2,1,001700,1, ,7332,0
00,1023,2,12A225,11,40261,3,1,1,06,-,1,3,2,10,09/09/2013,1,02,5,1, , , , , , , ,1, ,7332,0
00,1023,2,12A225,11,40261,4,1,0,01,-,1,1,2,54,20/03/1969,1,02,6,2,2,01,5,5,3,1,000100,1, ,7332,0
00,1023,2,12A225,11,40261,3,1,1,01,-,1,1,1,50,21/03/1973,1,03,3,2,5,01,3,4,3,1,001800,1, ,7332,0
00,1023,2,12A225,11,40261,2,1,0,02,-,1,2,2,43,27/01/1980,1,03,3,2,5,07, , , , , ,1,1,7332,14852
00,1023,2,12A225,11,40261,2,1,0,03,-,1,3,1,17,25/09/2006,1,03,3,1,6,06, , , , , ,1, ,7332,0
00,1023,2,12A225,11,40261,4,1,0,02,-,1,3,2,31,26/03/1992,1,03,3,2,2,01,5,5,3,1,001600,1,1,7332,14852
00,1023,2,12A225,11,40261,1,1,0,02,-,1,2,2,37,24/10/1985,1,04,3,2,5,07, , , , , ,1,1,7332,14852
00,1023,2,12A225,11,40261,3,1,1,02,-,1,2,2,46,19/03/1977,1,03,3,2,5,07, , , , , ,1,1,7332,22278
00,1023,2,12A225,11,40261,3,1,1,03,-,1,3,2,19,11/09/2004,1,07,1,1,6,06, , , , , ,1, ,7332,0
00,1023,2,12A225,11,40261,1,1,0,01,-,1,1,1,39,12/03/1984,1,06,3,2,5,01,7,2,3,2,003000,1, ,7332,0
00,1023,2,12A225,11,40261,3,1,1,04,-,1,3,2,15,11/01/2008,1,03,3,1,6,06, , , , , ,1, ,7332,0
00,1023,2,12A225,11,40261,1,1,0,03,-,1,3,1,10,24/04/2013,1,02,4,1, , , , , , , ,1, ,7332,0
00,1023,2,12A225,11,40261,3,1,1,05,-,1,3,2,11,04/04/2012,1,02,5,1, , , , , , , ,1, ,7332,0
00,1023,2,12A225,11,40261,2,1,0,04,-,1,3,2,09,10/12/2013,1,02,4,1, , , , , , , ,1, ,7332,0
00,1023,2,11A225,11,40309,4,1,0,04,-,1,5,1,25,29/07/1998,1,07,4,2,6,01,1,4,3,3,999999,1, ,6663,0
00,1023,2,11A225,11,40309,1,1,0,05,-,1,3,1,04,06/04/2019, , , , , , , , , , , ,1, ,6663,0
00,1023,2,11A225,11,40309,4,1,0,02,-,1,2,2,72,07/04/1951,1,03,3,2,5,07, , , , , ,1, ,6663,0
00,1023,2,11A225,11,40309,1,1,0,03,-,1,3,1,16,14/09/2007,1,03,3,1,6,06, , , , , ,1, ,6663,0
00,1023,2,11A225,11,40309,3,1,0,01,-,1,1,2,60,15/09/1963,1,03,3,2,4,07, , , , , ,1,1,6663,20130
00,1023,2,11A225,11,40309,4,1,0,01,-,1,1,1,80,15/09/1943,1,05,3,2,5,08, , , , , ,1,1,6663,26839
00,1023,2,11A225,11,40309,2,1,0,04,-,1,3,2,10,24/08/2013,1,02,4,1, , , , , , , ,1, ,6663,0
00,1023,2,11A225,11,40309,4,1,0,03,-,1,3,2,50,26/12/1972,1,06,3,2,6,01,3,5,3,3,999999,1, ,6663,0
00,1023,2,11A225,11,40309,2,1,0,05,-,1,4,2,84,29/09/1939,1,02,3,2,4,07, , , , , ,1,1,6663,26839
00,1023,2,11A225,11,40309,1,1,0,04,-,1,3,1,13,20/09/2010,1,03,1,1,6,06, , , , , ,1, ,6663,0
00,1023,2,11A225,11,40309,3,1,0,03,-,1,3,1,22,24/07/2001,1,03,3,2,6,01,7,2,3,1,001500,1, ,6663,0
00,1023,2,11A225,11,40309,2,1,0,01,-,1,1,1,42,19/06/1981,1,03,3,2,5,01,7,2,2,1,004000,1, ,6663,0
00,1023,2,11A225,11,40309,2,1,0,02,-,1,2,2,48,03/04/1975,1,03,3,2,5,07, , , , , ,1, ,6663,0
00,1023,2,11A225,11,40309,3,1,0,02,-,1,3,1,23,25/03/2000,1,07,4,2,6,01,5,5,3,1,001500,1, ,6663,0
00,1023,2,11A225,11,40309,2,1,0,03,-,1,3,2,20,05/07/2003,1,07,1,1,6,06, , , , , ,1, ,6663,0
00,1023,2,11A225,11,40309,1,1,0,01,-,1,1,1,52,05/03/1971,1,02,6,2,5,01,7,5,2,1,003000,1, ,6663,0
00,1023,2,11A225,11,40309,1,1,0,02,-,1,2,2,37,12/07/1986,1,02,3,2,5,01,4,4,3,1,001000,1,1,6663,13420
00,1023,6,12B211,11,40319,4,1,0,04,-,1,3,2,23,20/12/1999,1,07,3,2,6,01,7,2,3,1,001000,1, ,8616,0
00,1023,6,12B211,11,40319,2,1,0,02,-,1,7,1,53,30/06/1970,1,03,1,2,5,01,7,3,2,1,002000,1, ,8616,0
00,1023,6,12B211,11,40319,4,1,0,02,-,1,2,2,46,18/01/1977,1,04,3,2,5,01,7,2,3,1,001500,1, ,8616,0
00,1023,6,12B211,11,40319,4,1,0,01,-,1,1,1,49,03/07/1974,1,04,3,2,5,01,7,2,3,1,002500,1,1,8616,34908
00,1023,6,12B211,11,40319,3,1,0,01,-,1,1,2,71,25/07/1952,1,07,4,2,3,07, , , , , ,1,1,8616,8727
00,1023,6,12B211,11,40319,2,1,0,05,-,1,7,1,22,30/06/2001,1,07,2,2,6,01,7,3,3,1,001500,1, ,8616,0
00,1023,6,12B211,11,40319,2,1,0,06,-,1,7,1,07,30/06/2016,2,01,3,1, , , , , , , ,1, ,8616,0
00,1023,6,12B211,11,40319,4,1,0,03,-,1,3,2,26,06/09/1997,1,07,3,2,6,01,5,5,3,1,001000,1, ,8616,0
00,1023,6,12B211,11,40319,2,1,0,01,-,1,1,1,57,05/11/1965,1,04,2,2,6,01,5,5,2,1,002000,1,1,8616,43634
00,1023,6,12B211,11,40319,2,1,0,04,-,1,7,2,24,30/06/1999,1,03,3,2,6,04, , , , , ,1, ,8616,0
00,1023,6,12B211,11,40319,4,1,0,05,-,1,3,2,17,16/03/2006,1,04,1,1,6,01,4,4,3,1,000800,1, ,8616,0
00,1023,6,12B211,11,40319,2,1,0,03,-,1,6,2,53,05/09/1970,1,04,3,2,5,01,4,4,2,3,002000,1, ,8616,0
00,1023,6,11B211,11,40365,1,1,0,01,-,1,1,1,44,17/12/1978,1,03,3,2,5,01,7,2,3,1,002900,1,1,9358,37696
00,1023,6,11B211,11,40365,4,1,0,04,-,1,3,2,04,03/04/2019, , , , , , , , , , , ,1, ,9358,0
00,1023,6,11B211,11,40365,4,1,0,03,-,1,3,1,07,18/06/2016,2,01,3,1, , , , , , , ,1, ,9358,0
00,1023,6,11B211,11,40365,1,1,0,02,-,1,2,2,43,29/10/1979,1,06,3,2,5,07, , , , , ,1, ,9358,0
00,1023,6,11B211,11,40365,2,1,0,01,-,1,1,1,30,08/09/1993,1,03,3,2,5,01,7,2,3,1,002500,1,1,9358,9424
00,1023,6,11B211,11,40365,3,1,0,01,-,1,1,1,67,07/11/1955,1,02,2,2,5,10, , , , , ,1, ,9358,0
00,1023,6,11B211,11,40365,4,1,0,05,-,1,3,2,01,25/04/2022, , , , , , , , , , , ,1, ,9358,0
00,1023,6,11B211,11,40365,1,1,0,04,-,1,3,1,18,14/08/2005,1,06,2,2,6,04, , , , , ,1, ,9358,0
00,1023,6,11B211,11,40365,3,1,0,02,-,1,2,1,63,14/05/1960,1,03,2,2,5,07, , , , , ,1,1,9358,28272
00,1023,6,11B211,11,40365,3,1,0,03,-,1,3,2,27,22/09/1996,1,07,5,2,6,01,5,5,3,3,999999,1, ,9358,0
00,1023,6,11B211,11,40365,1,1,0,03,-,1,3,1,20,10/10/2002,1,06,3,2,6,01,5,5,3,1,001500,1, ,9358,0
00,1023,6,11B211,11,40365,4,1,0,01,-,1,1,1,40,01/03/1983,1,04,3,2,5,01,7,2,3,1,999999,1, ,9358,0
00,1023,5,11B211,11,40365,2,1,0,02,-,2, , , , , , , , , , , , , , , ,1, ,0,0
00,1023,6,11B211,11,40365,4,1,0,02,-,1,2,2,36,28/05/1987,1,03,3,2,5,07, , , , , ,1,1,9358,18848
00,1023,4,12A223,11,40440,1,1,0,02,-,1,2,2,24,29/01/1999,1,07,4,2,5,01,1,5,3,2,004000,1, ,7592,0
00,1023,4,12A223,11,40440,1,1,0,01,-,1,1,1,28,01/11/1994,1,07,4,2,5,01,1,5,3,3,010000,1,1,7592,15380
00,1023,4,12A223,11,40440,3,1,0,03,-,1,3,1,19,07/02/2004,1,04,3,2,6,01,5,5,3,1,999999,1, ,7592,0
00,1023,4,12A223,11,40440,2,1,0,02,-,1,2,2,38,21/06/1985,1,07,4,2,1,01,3,2,3,3,999999,1,1,7592,15380
00,1023,4,12A223,11,40440,4,1,0,03,-,1,3,1,10,28/05/2013,1,02,4,1, , , , , , , ,1, ,7592,0
00,1023,4,12A223,11,40440,3,1,0,01,-,1,1,1,58,29/09/1965,1,02,6,2,1,01,4,4,3,1,999999,1,1,7592,23070
00,1023,4,12A223,11,40440,2,1,0,01,-,1,1,1,40,14/11/1982,1,07,4,2,1,01,3,2,3,3,999999,1, ,7592,0
00,1023,4,12A223,11,40440,3,1,0,04,-,1,3,1,12,08/02/2011,1,02,5,1,6,06, , , , , ,1, ,7592,0
00,1023,4,12A223,11,40440,4,1,0,01,-,1,1,1,36,22/06/1987,1,03,3,2,5,01,5,6,4,3,015000,1, ,7592,0
00,1023,4,12A223,11,40440,4,1,0,04,-,1,3,2,04,25/01/2019, , , , , , , , , , , ,1, ,7592,0
00,1023,4,12A223,11,40440,2,1,0,03,-,1,3,1,05,05/12/2017,2,01,3,1, , , , , , , ,1, ,7592,0
00,1023,4,12A223,11,40440,3,1,0,02,-,1,2,2,54,19/04/1969,1,02,5,2,1,07, , , , , ,1, ,7592,0
00,1023,4,12A223,11,40440,4,1,0,02,-,1,2,2,29,05/02/1994,1,04,3,2,5,07, , , , , ,1,1,7592,15380
00,1023,4,13A223,11,40441,4,1,0,04,-,1,3,2,09,13/07/2014,1,02,3,1, , , , , , , ,1, ,8797,0
00,1023,4,13A223,11,40441,2,1,0,01,-,1,1,1,44,07/06/1979,1,07,4,2,5,01,3,5,3,3,999999,1, ,8797,0
00,1023,4,13A223,11,40441,4,1,0,03,-,1,3,2,13,13/07/2010,1,02,6,1,6,06, , , , , ,1, ,8797,0
00,1023,4,13A223,11,40441,2,1,0,03,-,1,3,1,04,20/12/2018, , , , , , , , , , , ,1, ,8797,0
00,1023,4,13A223,11,40441,3,1,0,02,-,1,3,2,07,24/08/2016,1,01,2,1, , , , , , , ,1, ,8797,0
00,1023,4,13A223,11,40441,4,1,0,01,-,1,1,1,43,08/07/1980,1,07,4,2,5,01,7,2,3,1,006000,1,1,8797,17897
00,1023,4,13A223,11,40441,2,1,0,02,-,1,2,2,28,06/06/1995,1,07,4,2,5,01,3,5,3,3,999999,1,1,8797,17897
00,1023,4,13A223,11,40441,3,1,0,01,-,1,1,2,33,13/12/1989,1,07,4,2,6,01,3,2,3,2,002000,1,1,8797,8948
00,1023,4,13A223,11,40441,4,1,0,02,-,1,2,2,42,13/07/1981,1,07,4,2,5,01,2,7,3,2,010000,1, ,8797,0
00,1023,1,12A226,11,40448,4,1,0,02,-,1,2,2,29,19/03/1994,1,04,3,2,5,07, , , , , ,1, ,6624,0
00,1023,1,12A226,11,40448,3,1,0,02,-,1,2,2,45,26/10/1977,1,02,6,2,5,07, , , , , ,1,1,6624,13418
00,1023,1,12A226,11,40448,2,1,0,02,-,1,3,1,30,17/01/1993,1,02,6,2,6,01,5,5,3,1,002000,1, ,6624,0
00,1023,1,12A226,11,40448,2,1,0,04,-,1,3,1,23,13/02/2000,1,02,6,2,2,01,7,3,3,1,001800,1, ,6624,0
00,1023,1,12A226,11,40448,4,1,0,01,-,1,1,1,26,13/09/1997,1,03,2,2,5,01,4,4,3,1,002500,1,1,6624,13418
00,1023,1,12A226,11,40448,4,1,0,04,-,1,3,2,02,12/10/2021, , , , , , , , , , , ,1, ,6624,0
00,1023,1,12A226,11,40448,3,1,0,03,-,1,3,1,15,15/05/2008,1,03,3,1,6,01,5,5,3,1,000300,1, ,6624,0
00,1023,1,12A226,11,40448,1,1,0,01,-,1,1,2,32,05/05/1991,1,08,2,2,6,01,1,5,2,3,999999,1,1,6624,6709
00,1023,1,12A226,11,40448,3,1,0,01,-,1,1,1,47,01/03/1976,1,02,6,2,5,01,5,5,2,1,002000,1, ,6624,0
00,1023,1,12A226,11,40448,4,1,0,03,-,1,3,2,10,12/10/2013,1,02,4,1, , , , , , , ,1, ,6624,0
00,1023,1,12A226,11,40448,2,1,0,01,-,1,1,2,66,02/11/1956,2,00, ,2,4,01,5,5,2,1,002000,1,1,6624,26836
00,1023,1,12A226,11,40448,2,1,0,03,-,1,3,2,26,27/12/1996,1,02,6,2,6,01,5,5,3,1,001200,1, ,6624,0
00,1023,8,12A217,11,40451,4,1,0,02,-,1,2,1,75,14/07/1948,1,02,4,2,5,08, , , , , ,1,1,7729,31313
00,1023,8,12A217,11,40451,4,1,0,03,-,1,3,2,25,28/07/1998,1,07,3,2,6,01,1,5,3,2,004000,1, ,7729,0
00,1023,8,12A217,11,40451,4,1,0,04,-,1,3,1,33,20/04/1990,1,03,3,2,6,01,4,4,2,1,002000,1, ,7729,0
00,1023,8,12A217,11,40451,4,1,0,01,-,1,1,2,64,20/03/1959,1,02,6,2,5,08, , , , , ,1, ,7729,0
00,1023,8,12A217,11,40451,3,1,0,05,-,1,5,2,06,30/06/2017,2,00, ,1, , , , , , , ,1, ,7729,0
00,1023,8,12A217,11,40451,3,1,0,03,-,1,3,2,32,29/01/1991,1,04,3,2,2,01,3,5,3,2,003800,1, ,7729,0
00,1023,8,12A217,11,40451,3,1,0,04,-,1,3,1,27,19/04/1996,1,07,4,2,6,01,1,5,3,1,002500,1, ,7729,0
00,1023,8,12A217,11,40451,3,1,0,06,-,1,5,2,10,30/06/2013,1,02,2,1, , , , , , , ,1, ,7729,0
00,1023,8,12A217,11,40451,1,1,0,02,-,1,2,1,59,26/07/1964,1,04,3,2,5,01,7,2,4,1,999999,1, ,7729,0
00,1023,8,12A217,11,40451,2,1,0,01,-,1,1,2,63,23/11/1959,1,03,3,2,6,08, , , , , ,1,1,7729,15656
00,1023,8,12A217,11,40451,3,1,0,02,-,1,2,2,50,31/10/1972,1,03,3,2,5,07, , , , , ,1, ,7729,0
00,1023,8,12A217,11,40451,3,1,0,01,-,1,1,1,54,30/05/1969,1,04,3,2,5,01,7,2,4,1,002000,1,1,7729,31313
00,1023,8,12A217,11,40451,1,1,0,01,-,1,1,2,61,07/03/1962,1,02,5,2,5,07, , , , , ,1,1,7729,15656
00,1023,8,12A217,11,40451,2,1,0,02,-,1,3,1,22,18/12/2000,1,04,3,2,6,01,5,4,3,3,007800,1, ,7729,0
00,1023,1,11A226,11,40452,1,1,0,01,-,1,1,2,54,07/02/1969,1,07,4,2,6,08, , , , , ,1, ,6812,0
00,1023,1,11A226,11,40452,4,1,0,04,-,1,3,1,13,16/01/2010,1,03,1,1,6,06, , , , , ,1, ,6812,0
00,1023,1,11A226,11,40452,3,1,0,02,-,1,2,2,51,21/07/1972,1,03,3,2,5,07, , , , , ,1, ,6812,0
00,1023,1,11A226,11,40452,3,1,0,04,-,1,3,1,25,22/04/1998,1,07,3,1,6,06, , , , , ,1, ,6812,0
00,1023,1,11A226,11,40452,4,1,0,01,-,1,1,1,38,09/03/1985,1,04,2,2,5,01,7,2,1,1,004000,1, ,6812,0
00,1023,1,11A226,11,40452,3,1,0,03,-,1,3,2,30,23/04/1993,1,07,4,2,6,01,3,5,3,3,006000,1, ,6812,0
00,1023,1,11A226,11,40452,3,1,0,01,-,1,1,1,55,23/08/1968,1,07,5,1,5,01,1,5,2,3,010000,1,1,6812,27440
00,1023,1,11A226,11,40452,4,1,0,02,-,1,2,2,37,03/08/1986,1,04,3,2,5,01,1,5,2,1,001500,1,1,6812,13720
00,1023,1,11A226,11,40452,4,1,0,05,-,1,3,1,06,18/01/2017,1,01,3,1, , , , , , , ,1, ,6812,0
00,1023,1,11A226,11,40452,4,1,0,03,-,1,3,2,17,30/05/2006,1,03,3,1,6,01,4,4,3,1,001100,1, ,6812,0
00,1023,1,11A226,11,40452,1,1,0,02,-,1,6,2,50,23/03/1973,1,07,4,2,6,01,2,7,3,2,017000,1,1,6812,13720
00,1023,1,11A226,11,40452,2,1,0,01,-,1,1,1,70,12/07/1953,1,02,6,1,4,08, , , , , ,1,1,6812,6860
00,1023,5,11B212,11,40455,1,1,0,02,-,1,2,2,24,09/02/1999,1,04,3,2,1,01,5,5,2,1,001500,1, ,7046,0
00,1023,5,11B212,11,40455,3,1,0,01,-,1,1,2,37,21/06/1986,1,07,4,2,6,01,3,7,3,2,003500,1,1,7046,7096
00,1023,5,11B212,11,40455,1,1,0,01,-,1,1,1,29,16/01/1994,1,07,4,2,1,01,3,7,3,3,016000,1,1,7046,14192
00,1023,5,11B212,11,40455,4,1,0,02,-,1,2,2,48,05/11/1974,1,03,3,2,5,01,4,4,3,1,001500,1, ,7046,0
00,1023,5,11B212,11,40455,2,1,0,02,-,1,4,2,68,10/08/1955,1,02,4,2,2,07, , , , , ,1, ,7046,0
00,1023,5,11B212,11,40455,3,1,0,02,-,1,3,2,14,07/08/2009,1,03,1,1,6,06, , , , , ,1, ,7046,0
00,1023,5,11B212,11,40455,2,1,0,01,-,1,1,1,34,29/04/1989,1,02,6,2,6,01,7,2,3,1,001800,1,1,7046,14192
00,1023,5,11B212,11,40455,1,1,0,04,-,1,3,2,00,26/10/2022, , , , , , , , , , , ,1, ,7046,0
00,1023,5,11B212,11,40455,1,1,0,03,-,1,3,2,07,06/09/2016,1,02,1,1, , , , , , , ,1, ,7046,0
00,1023,5,11B212,11,40455,4,1,0,01,-,1,1,1,47,21/02/1976,1,04,2,2,5,01,7,2,3,1,002000,1,1,7046,14192
00,1023,4,11A223,11,40487,2,1,0,01,-,1,1,1,64,13/07/1959,1,02,6,2,5,01,7,2,2,1,003000,1,1,8214,24816
00,1023,4,11A223,11,40487,1,1,0,04,-,1,3,2,17,18/03/2006,1,04,1,1,6,06, , , , , ,1, ,8214,0
00,1023,4,11A223,11,40487,1,1,0,02,-,1,2,2,44,10/09/1979,1,02,6,2,5,01,5,5,3,1,001200,1, ,8214,0
00,1023,4,11A223,11,40487,3,1,0,04,-,1,3,1,24,09/03/1999,1,04,1,2,2,01,4,4,2,1,003000,1, ,8214,0
00,1023,4,11A223,11,40487,3,1,0,02,-,1,2,2,51,18/02/1972,1,03,3,2,5,07, , , , , ,1, ,8214,0
00,1023,4,11A223,11,40487,2,1,0,04,-,1,5,2,05,21/06/2018,2,01,1,1, , , , , , , ,1, ,8214,0
00,1023,4,11A223,11,40487,3,1,0,03,-,1,3,1,25,31/12/1997,1,07,5,2,6,01,1,2,3,2,005500,1, ,8214,0
00,1023,4,11A223,11,40487,2,1,0,03,-,1,3,2,28,26/06/1995,1,03,3,2,6,01,7,2,3,1,001200,1, ,8214,0
00,1023,4,11A223,11,40487,1,1,0,03,-,1,3,2,21,23/12/2001,1,07,2,2,6,01,3,5,3,2,003400,1, ,8214,0
00,1023,4,11A223,11,40487,4,1,0,01,-,1,1,1,71,19/07/1952,1,02,1,2,5,01,7,3,2,1,001800,1,1,8214,16544
00,1023,4,11A223,11,40487,1,1,0,01,-,1,1,1,49,01/09/1974,1,02,6,2,5,01,7,2,3,1,001600,1,1,8214,24816
00,1023,4,11A223,11,40487,4,1,0,02,-,1,2,2,63,19/08/1960,1,02,2,2,5,07, , , , , ,1, ,8214,0
00,1023,4,11A223,11,40487,3,1,0,01,-,1,1,1,51,21/07/1972,1,03,3,2,5,01,4,4,2,1,001500,1, ,8214,0
00,1023,4,11A223,11,40487,2,1,0,02,-,1,2,2,54,11/05/1969,1,02,6,2,5,01,5,5,3,1,001800,1, ,8214,0
00,1023,4,11A223,11,40487,3,1,0,05,-,1,3,1,23,13/04/2000,1,07,5,1,6,06, , , , , ,1,1,8214,41360
00,1023,4,11A223,11,40487,1,1,0,05,-,1,3,1,12,26/04/2011,1,02,5,1,6,06, , , , , ,1, ,8214,0
00,1023,8,11A217,11,40541,3,1,0,01,-,1,1,1,37,26/04/1986,1,03,3,2,5,01,4,4,2,1,001800,1, ,8667,0
00,1023,8,11A217,11,40541,1,1,0,02,-,1,2,2,40,26/09/1983,1,03,3,2,5,01,5,5,3,1,001200,1, ,8667,0
00,1023,8,11A217,11,40541,3,1,0,03,-,1,3,2,17,03/09/2006,1,03,3,1,6,01,4,4,3,1,001300,1, ,8667,0
00,1023,8,11A217,11,40541,3,1,0,02,-,1,2,2,33,30/04/1990,1,03,3,2,5,01,4,4,3,1,001300,1,1,8667,17456
00,1023,8,11A217,11,40541,2,1,0,02,-,1,2,2,57,21/06/1966,1,03,3,2,5,07, , , , , ,1,1,8667,26184
00,1023,8,11A217,11,40541,1,1,0,03,-,1,3,1,19,03/03/2004,1,03,3,2,6,01,4,4,3,2,002900,1, ,8667,0
00,1023,5,11A217,11,40541,2,1,0,08,-,2, , , , , , , , , , , , , , , ,1, ,0,0
00,1023,5,11A217,11,40541,2,1,0,09,-,2, , , , , , , , , , , , , , , ,1, ,0,0
00,1023,5,11A217,11,40541,2,1,0,10,-,2, , , , , , , , , , , , , , , ,1, ,0,0
00,1023,8,11A217,11,40541,3,1,0,06,-,1,3,1,04,21/03/2019, , , , , , , , , , , ,1, ,8667,0
00,1023,8,11A217,11,40541,2,1,0,05,-,1,5,2,09,07/10/2014,1,01,2,1, , , , , , , ,1, ,8667,0
00,1023,8,11A217,11,40541,3,1,0,05,-,1,3,2,07,24/04/2016,2,01,1,1, , , , , , , ,1, ,8667,0
00,1023,8,11A217,11,40541,3,1,0,07,-,1,3,1,00,28/10/2022, , , , , , , , , , , ,1, ,8667,0
00,1023,4,11A217,11,40541,2,1,0,07,-,2, , , , , , , , , , , , , , , ,1, ,0,0
00,1023,4,11A217,11,40541,2,1,0,06,-,2, , , , , , , , , , , , , , , ,1, ,0,0
00,1023,8,11A217,11,40541,1,1,0,01,-,1,1,1,44,06/01/1979,1,03,3,2,5,01,5,5,3,1,002000,1,1,8667,34912
00,1023,8,11A217,11,40541,1,1,0,04,-,1,3,2,18,29/04/2005,1,07,1,1,6,06, , , , , ,1, ,8667,0
00,1023,8,11A217,11,40541,2,1,0,01,-,1,1,1,57,17/05/1966,1,03,3,2,5,01,7,2,3,1,002500,1, ,8667,0
00,1023,8,11A217,11,40541,1,1,0,05,-,1,3,1,12,17/04/2011,1,02,4,1,6,06, , , , , ,1, ,8667,0
00,1023,8,11A217,11,40541,3,1,0,04,-,1,3,1,11,15/08/2012,1,02,3,1, , , , , , , ,1, ,8667,0
00,1023,8,11A217,11,40541,2,1,0,03,-,1,3,2,34,10/01/1989,1,03,3,2,6,01,4,4,2,1,001000,1, ,8667,0
00,1023,4,11A217,11,40541,2,1,0,04,-,2, , , , , , , , , , , , , , , ,1, ,0,0
00,1023,5,12B212,11,40551,2,1,0,03,-,1,3,2,08,15/08/2015,1,02,1,1, , , , , , , ,1, ,8235,0
00,1023,5,12B212,11,40551,2,1,0,02,-,1,2,2,31,29/05/1992,1,07,1,2,5,07, , , , , ,1,1,8235,16681
00,1023,5,12B212,11,40551,3,1,0,03,-,2, , , , , , , , , , , , , , , ,1, ,0,0
00,1023,5,12B212,11,40551,3,1,0,04,-,1,3,1,24,18/04/1999,1,04,1,1,6,01,7,3,3,1,002500,1, ,8235,0
00,1023,5,12B212,11,40551,4,1,0,01,-,1,1,1,36,30/09/1987,1,07,4,2,5,01,5,4,3,1,003000,1,1,8235,16681
00,1023,5,12B212,11,40551,3,1,0,02,-,1,2,1,61,20/02/1962,1,00, ,2,5,01,7,2,3,1,003500,1,1,8235,41702
00,1023,5,12B212,11,40551,1,1,0,01,-,1,1,1,46,19/02/1977,1,04,3,2,3,01,5,5,2,1,002500,1,1,8235,8340
00,1023,5,12B212,11,40551,3,1,0,01,-,1,1,2,51,21/06/1972,1,02,6,2,5,07, , , , , ,1, ,8235,0
00,1023,5,12B212,11,40551,3,1,0,06,-,1,3,1,21,27/05/2002,1,03,3,2,6,01,7,2,3,1,002000,1, ,8235,0
00,1023,5,12B212,11,40551,3,1,0,05,-,1,3,2,23,01/02/2000,1,03,3,2,6,01,5,5,3,1,001500,1, ,8235,0
00,1023,5,12B212,11,40551,4,1,0,02,-,1,2,2,30,23/01/1993,1,07,1,2,5,07, , , , , ,1, ,8235,0
00,1023,5,12B212,11,40551,2,1,0,01,-,1,1,1,42,06/03/1981,1,07,4,2,5,01,4,4,3,1,005000,1, ,8235,0
00,1023,5,12B212,11,40554,3,1,0,02,-,1,2,2,73,29/07/1950,1,04,3,2,5,07, , , , , ,1,1,11995,24299
00,1023,5,12B212,11,40554,2,1,0,01,-,1,1,1,58,23/09/1965,2,03,3,2,5,01,5,5,2,1,002500,1, ,11995,0
00,1023,5,12B212,11,40554,1,1,0,01,-,1,1,2,65,15/07/1958,1,05,4,2,4,08, , , , , ,1,1,11995,24299
00,1023,5,12B212,11,40554,2,1,0,04,-,1,3,1,19,08/04/2004,1,04,2,1,6,01,5,4,3,1,001200,1,1,11995,48598
00,1023,5,12B212,11,40554,4,1,0,02,-,1,2,2,44,14/11/1978,1,04,3,2,5,01,1,5,3,1,002500,1, ,11995,0
00,1023,5,12B212,11,40554,2,1,0,03,-,1,3,2,29,07/02/1994,1,04,3,2,6,01,5,5,3,1,001500,1, ,11995,0
00,1023,5,12B212,11,40554,3,1,0,01,-,1,1,1,81,02/04/1942,1,04,3,2,5,10, , , , , ,1, ,11995,0
00,1023,5,12B212,11,40554,4,1,0,03,-,1,3,1,07,12/02/2016,2,01,2,1, , , , , , , ,1, ,11995,0
00,1023,5,12B212,11,40554,4,1,0,01,-,1,1,1,37,11/01/1986,1,07,4,2,5,01,1,5,2,3,015000,1,1,11995,24299
00,1023,5,12B212,11,40554,1,1,0,03,-,1,5,1,05,15/06/2018,1,01,3,1, , , , , , , ,1, ,11995,0
00,1023,5,12B212,11,40554,2,1,0,02,-,1,2,2,57,19/11/1965,1,03,3,2,5,07, , , , , ,1, ,11995,0
00,1023,5,12B212,11,40554,1,1,0,02,-,1,3,2,36,15/08/1987,2,07,4,2,6,01,3,5,3,1,999999,1, ,11995,0
00,1023,1,11A226,11,40588,2,1,0,01,-,1,1,2,42,31/05/1981,1,08,2,2,3,01,1,5,2,3,999999,1,1,30845,31061
00,1023,1,11A226,11,40588,1,1,0,03,-,1,3,1,04,27/06/2019, , , , , , , , , , , ,1, ,30845,0
00,1023,1,11A226,11,40588,1,1,0,01,-,1,1,1,38,09/10/1984,1,07,4,2,1,01,1,2,3,2,999999,1, ,30845,0
00,1023,1,11A226,11,40588,3,1,0,01,-,1,1,1,69,17/03/1954,1,03,3,2,5,09, , , , , ,1,1,30845,62123
00,1023,1,11A226,11,40588,2,1,0,02,-,1,3,1,10,15/06/2013,1,02,4,1, , , , , , , ,1, ,30845,0
00,1023,1,11A226,11,40588,1,1,0,02,-,1,2,2,40,02/03/1983,1,03,3,2,1,07, , , , , ,1,1,30845,62123
00,1023,1,11A226,11,40588,3,1,0,02,-,1,2,2,69,16/02/1954,1,06,3,2,5,07, , , , , ,1, ,30845,0
00,1023,1,11A226,11,40588,4,1,0,02,-,1,2,2,30,29/09/1993,1,08,2,1,1,01,2,7,3,3,018000,1, ,30845,0
00,1023,1,11A226,11,40588,1,1,0,04,-,1,3,2,01,27/12/2021, , , , , , , , , , , ,1, ,30845,0
00,1023,1,11A226,11,40588,4,1,0,01,-,1,1,1,51,18/01/1972,1,07,4,2,1,01,2,7,3,3,021000,1,1,30845,62123
00,1023,3,11A224,12,40084,4,1,0,04,-,1,5,2,10,22/03/2013,1,02,4,1, , , , , , , ,1, ,6062,0
00,1023,3,11A224,12,40084,2,1,0,01,-,1,1,1,60,30/01/1963,2,07,5,2,5,01,1,5,3,2,008000,1,1,6062,12209
00,1023,3,11A224,12,40084,4,1,0,05,-,1,5,1,05,23/11/2017,1,01,2,1, , , , , , , ,1, ,6062,0
00,1023,3,11A224,12,40084,4,1,0,01,-,1,1,2,59,01/10/1964,1,03,3,2,2,07, , , , , ,1, ,6062,0
00,1023,3,11A224,12,40084,3,1,0,01,-,1,1,1,42,17/02/1981,2,00, ,2,5,01,5,5,2,1,001500,1,1,6062,12209
00,1023,3,11A224,12,40084,1,1,0,01,-,1,1,1,20,12/02/2003,2,03,2,2,6,01,5,5,4,1,001000,1,1,6062,6105
00,1023,3,11A224,12,40084,3,1,0,02,-,1,2,2,45,18/05/1978,2,04,3,2,5,01,4,4,2,1,002000,1, ,6062,0
00,1023,3,11A224,12,40084,4,1,0,03,-,1,5,2,14,02/07/2009,1,03,2,1,6,06, , , , , ,1, ,6062,0
00,1023,3,11A224,12,40084,2,1,0,02,-,1,2,2,58,27/12/1964,1,04,3,2,5,01,5,5,3,2,004500,1, ,6062,0
00,1023,3,11A224,12,40084,2,1,0,03,-,1,3,1,17,29/06/2006,1,04,2,1,6,06, , , , , ,1, ,6062,0
00,1023,3,11A224,12,40084,4,1,0,02,-,1,3,2,29,03/12/1993,1,03,3,2,5,07, , , , , ,1,1,6062,12209
00,1023,7,11A218,12,40092,4,1,0,02,-,1,7,2,50,28/11/1972,1,07,5,2,3,01,4,4,2,1,001600,1, ,6773,0
00,1023,7,11A218,12,40092,4,1,0,05,-,1,7,2,11,19/11/2011,1,02,6,1, , , , , , , ,1, ,6773,0
00,1023,7,11A218,12,40092,2,1,0,02,-,1,2,2,51,03/08/1972,1,06,3,2,5,01,5,5,5,2,003500,1,1,6773,20462
00,1023,7,11A218,12,40092,3,1,0,01,-,1,1,2,57,07/06/1966,1,02,6,2,2,01,4,4,2,1,000500,1,1,6773,6821
00,1023,7,11A218,12,40092,2,1,0,05,-,1,2,1,52,01/08/1971,1,07,5,2,5,01,5,5,3,1,002000,1, ,6773,0
00,1023,7,11A218,12,40092,4,1,0,03,-,1,6,2,74,27/06/1949,1,06,2,2,6,08, , , , , ,1,1,6773,27283
00,1023,7,11A218,12,40092,2,1,0,04,-,1,3,2,16,27/10/2006,1,04,1,1,6,06, , , , , ,1, ,6773,0
00,1023,7,11A218,12,40092,4,1,0,01,-,1,1,2,75,22/02/1948,1,06,2,2,4,07, , , , , ,1, ,6773,0
00,1023,7,11A218,12,40092,1,1,0,01,-,1,1,2,91,12/04/1932,1,02,2,2,4,07, , , , , ,1,1,6773,20462
00,1023,7,11A218,12,40092,1,1,0,03,-,1,5,2,27,13/09/1996,1,07,5,2,6,01,1,5,3,2,004500,1, ,6773,0
00,1023,7,11A218,12,40092,1,1,0,02,-,1,3,2,58,02/02/1965,1,07,5,2,5,01,3,7,3,2,005000,1, ,6773,0
00,1023,7,11A218,12,40092,2,1,0,03,-,1,3,2,19,10/07/2004,1,04,3,2,6,01,5,5,3,2,003500,1, ,6773,0
00,1023,3,11A218,12,40092,2,1,0,01,-,2, , , , , , , , , , , , , , , ,1, ,0,0
00,1023,7,11A218,12,40092,4,1,0,04,-,1,6,2,65,28/10/1957,1,06,3,2,6,01,5,5,4,1,001200,1, ,6773,0
00,1023,3,12A224,12,40121,1,1,0,01,-,1,1,2,74,15/01/1949,2,00, ,2,4,07, , , , , ,1,1,5707,5781
00,1023,3,12A224,12,40121,2,1,0,01,-,1,1,1,55,23/03/1968,1,06,3,2,6,01,5,5,4,1,002000,1,1,5707,5781
00,1023,3,12A224,12,40121,3,1,0,03,-,1,3,1,04,16/09/2019, , , , , , , , , , , ,1, ,5707,0
00,1023,3,12A224,12,40121,3,1,0,01,-,1,1,2,46,23/08/1977,1,06,3,2,6,01,5,5,3,2,003500,1,1,5707,11562
00,1023,3,12A224,12,40121,3,1,0,02,-,1,4,2,76,11/07/1947,1,03,3,2,4,09, , , , , ,1, ,5707,0
00,1023,2,11A225,12,40217,4,1,0,02,-,1,2,2,56,12/03/1967,1,03,3,2,5,07, , , , , ,1, ,18680,0
00,1023,2,11A225,12,40217,2,1,0,01,-,1,1,1,72,24/06/1951,2,00, ,2,5,01,5,5,2,1,003500,1, ,18680,0
00,1023,2,11A225,12,40217,4,1,0,01,-,1,1,1,56,19/01/1967,1,03,3,2,5,01,5,2,3,2,003950,1,1,18680,37360
00,1023,2,11A225,12,40217,1,1,0,01,-,1,1,2,40,10/05/1983,1,04,3,2,2,01,5,5,2,1,003000,1,1,18680,37360
00,1023,2,11A225,12,40217,3,1,0,01,-,1,1,1,40,21/07/1983,1,02,6,2,2,01,5,5,4,1,001500,1,1,18680,18680
00,1023,2,11A225,12,40217,2,1,0,02,-,1,2,2,67,24/06/1956,2,00, ,2,5,01,5,5,2,1,001500,1,1,18680,37360
00,1023,2,11A225,12,40217,1,1,0,02,-,1,3,1,19,13/04/2004,1,04,3,2,6,01,5,5,5,1,001500,1, ,18680,0
00,1023,2,11A225,12,40217,4,1,0,03,-,1,3,1,13,23/12/2009,1,03,2,1,6,06, , , , , ,1, ,18680,0
00,1023,6,11B211,12,40223,3,1,0,03,-,1,5,2,25,03/08/1998,1,04,3,2,6,01,4,4,3,2,003500,1,1,15117,45350
00,1023,6,11B211,12,40223,2,1,0,02,-,1,3,2,22,25/08/2001,1,03,3,2,6,04, , , , , ,1, ,15117,0
00,1023,6,11B211,12,40223,3,1,0,02,-,1,2,2,76,18/10/1947,2,00, ,2,5,07, , , , , ,1, ,15117,0
00,1023,6,11B211,12,40223,1,1,0,03,-,1,3,1,01,22/06/2022, , , , , , , , , , , ,1, ,15117,0
00,1023,6,11B211,12,40223,1,1,0,01,-,1,1,1,19,22/05/2004,1,03,3,2,1,01,5,5,4,1,002000,1,1,15117,15117
00,1023,6,11B211,12,40223,1,1,0,02,-,1,2,2,15,01/09/2008,1,03,1,2,1,07, , , , , ,1, ,15117,0
00,1023,6,11B211,12,40223,2,1,0,01,-,1,1,2,38,04/04/1985,1,03,3,2,5,01,5,5,2,1,001200,1,1,15117,30233
00,1023,6,11B211,12,40223,3,1,0,01,-,1,1,1,75,24/04/1948,2,00, ,2,5,08, , , , , ,1, ,15117,0
00,1023,2,11A225,12,40282,4,1,0,02,-,1,2,2,28,27/01/1995,1,07,4,2,5,07, , , , , ,1,1,5690,11460
00,1023,2,11A225,12,40282,4,1,0,01,-,1,1,1,36,01/03/1987,1,04,3,2,5,01,5,2,3,2,004000,1, ,5690,0
00,1023,2,11A225,12,40282,2,1,0,02,-,1,3,1,32,28/04/1991,1,02,6,2,6,09, , , , , ,1, ,5690,0
00,1023,2,11A225,12,40282,3,1,0,02,-,1,2,1,41,11/06/1982,1,02,3,2,1,01,4,4,2,1,003800,1, ,5690,0
00,1023,2,11A225,12,40282,3,1,0,01,-,1,1,2,41,19/07/1982,1,03,2,2,1,01,4,4,2,1,004000,1,1,5690,11460
00,1023,2,11A225,12,40282,1,1,0,01,-,1,1,1,39,30/09/1984,2,00, ,2,6,01,5,3,4,1,001300,1,1,5690,5730
00,1023,2,11A225,12,40282,4,1,0,03,-,1,3,2,03,22/11/2019, , , , , , , , , , , ,1, ,5690,0
00,1023,2,11A225,12,40282,3,1,0,03,-,1,3,1,13,20/04/2010,1,02,2,2,6,02,4,4,6,5, ,1, ,5690,0
00,1023,2,11A225,12,40282,2,1,0,01,-,1,1,2,67,15/12/1955,2,00, ,2,4,01,4,4,2,1,002900,1,1,5690,11460
00,1023,2,11A225,12,40282,4,1,0,04,-,1,3,2,02,27/06/2021, , , , , , , , , , , ,1, ,5690,0
00,1023,6,11B211,12,40286,4,1,0,01,-,1,1,2,94,08/08/1929,2,00, ,2,4,09, , , , , ,1, ,6348,0
00,1023,6,11B211,12,40286,4,1,0,02,-,1,3,1,56,08/12/1966,1,05,4,2,6,01,4,4,2,1,002500,1,1,6348,12785
00,1023,6,11B211,12,40286,1,1,0,02,-,1,2,2,50,02/02/1973,1,06,3,2,6,01,3,5,3,2,009500,1, ,6348,0
00,1023,6,11B211,12,40286,3,1,0,02,-,1,3,1,46,15/09/1977,1,07,5,2,6,07, , , , , ,1, ,6348,0
00,1023,6,11B211,12,40286,2,1,0,01,-,1,1,1,46,20/01/1977,1,04,3,2,5,01,4,4,2,1,001200,1, ,6348,0
00,1023,6,11B211,12,40286,2,1,0,06,-,1,3,2,14,19/10/2008,1,03,1,1,6,06, , , , , ,1, ,6348,0
00,1023,6,11B211,12,40286,3,1,0,01,-,1,1,1,73,07/12/1949,2,00, ,2,4,08, , , , , ,1, ,6348,0
00,1023,6,11B211,12,40286,2,1,0,04,-,1,3,2,21,19/03/2002,1,07,4,1,6,06, , , , , ,1, ,6348,0
00,1023,6,11B211,12,40286,1,1,0,01,-,1,1,1,50,17/03/1973,1,07,6,2,5,01,1,5,3,2,018000,1,1,6348,19178
00,1023,6,11B211,12,40286,2,1,0,05,-,1,3,1,16,26/03/2007,1,04,1,1,6,06, , , , , ,1, ,6348,0
00,1023,6,11B211,12,40286,2,1,0,02,-,1,2,2,46,22/10/1976,1,04,3,2,5,07, , , , , ,1,1,6348,25571
00,1023,6,11B211,12,40286,3,1,0,03,-,1,5,1,25,29/09/1998,1,07,5,2,6,01,1,5,3,2,003600,1,1,6348,19178
00,1023,6,11B211,12,40286,2,1,0,03,-,1,3,1,27,10/07/1996,1,07,5,2,6,01,4,5,5,3,006500,1, ,6348,0
00,1023,6,11B211,12,40286,1,1,0,03,-,1,3,1,21,06/09/2002,1,07,2,1,6,06, , , , , ,1, ,6348,0
00,1023,8,11A217,12,40311,4,1,0,02,-,1,2,2,58,09/03/1965,1,03,3,2,1,07, , , , , ,1, ,6261,0
00,1023,8,11A217,12,40311,4,1,0,01,-,1,1,1,57,10/01/1966,1,04,3,2,1,01,5,5,4,1,001700,1,1,6261,18915
00,1023,8,11A217,12,40311,3,1,1,01,-,1,1,1,53,12/02/1970,1,04,3,2,1,08, , , , , ,1, ,6261,0
00,1023,8,11A217,12,40311,3,1,1,03,-,1,3,1,16,15/12/2006,1,04,1,1,6,06, , , , , ,1, ,6261,0
00,1023,8,11A217,12,40311,1,1,1,02,-,1,3,1,12,12/04/2011,1,03,1,1,6,06, , , , , ,1, ,6261,0
00,1023,8,11A217,12,40311,4,1,0,04,-,1,5,2,15,12/06/2008,1,03,2,1,6,06, , , , , ,1, ,6261,0
00,1023,8,11A217,12,40311,4,1,0,05,-,1,3,1,24,17/12/1998,1,07,4,2,6,01,1,5,3,2,004000,1, ,6261,0
00,1023,8,11A217,12,40311,4,1,0,03,-,1,5,1,17,02/02/2006,1,04,1,1,6,06, , , , , ,1, ,6261,0
00,1023,8,11A217,12,40311,2,1,0,02,-,1,3,2,50,05/07/1973,2,02,6,2,6,09, , , , , ,1, ,6261,0
00,1023,8,11A217,12,40311,1,1,1,01,-,1,1,2,38,21/10/1984,1,03,3,2,1,07, , , , , ,1,1,6261,6305
00,1023,8,11A217,12,40311,2,1,0,01,-,1,1,2,75,31/03/1948,1,02,6,2,4,08, , , , , ,1,1,6261,12610
00,1023,8,11A217,12,40311,4,1,0,06,-,2, , , , , , , , , , , , , , , ,1, ,0,0
00,1023,8,11A217,12,40311,3,1,1,02,-,1,2,2,36,25/05/1987,1,05,4,2,1,01,5,5,3,2,003200,1,1,6261,12610
00,1023,1,11A226,12,40312,3,1,0,02,-,1,2,1,40,13/04/1983,2,04,1,2,1,01,5,5,4,1,001800,1,1,6535,13162
00,1023,1,11A226,12,40312,1,1,0,01,-,1,1,2,64,21/07/1959,1,02,6,2,5,07, , , , , ,1, ,6535,0
00,1023,1,11A226,12,40312,3,1,0,01,-,1,1,2,39,11/01/1984,2,07,5,2,1,01,1,5,3,2,004000,1, ,6535,0
00,1023,1,11A226,12,40312,4,1,0,02,-,1,2,2,82,27/09/1941,2,00, ,2,1,07, , , , , ,1,1,6535,13162
00,1023,1,11A226,12,40312,1,1,0,02,-,1,2,1,71,17/08/1952,1,02,6,2,5,01,5,5,4,1,001500,1,1,6535,13162
00,1023,1,11A226,12,40312,2,1,0,01,-,1,1,2,56,14/07/1967,1,07,5,2,3,01,1,5,3,2,006000,1,1,6535,6581
00,1023,1,11A226,12,40312,3,1,0,03,-,1,3,2,12,26/01/2011,1,02,6,1,6,06, , , , , ,1, ,6535,0
00,1023,1,11A226,12,40312,4,1,0,01,-,1,1,1,68,05/03/1955,1,04,3,2,1,08, , , , , ,1, ,6535,0
00,1023,4,11A223,12,40341,4,1,0,01,-,1,1,1,44,13/08/1979,1,04,3,2,6,01,5,5,3,2,004200,1,1,8183,8240
00,1023,4,11A223,12,40341,2,1,0,04,-,1,3,2,18,23/08/2005,1,04,2,1,6,06, , , , , ,1, ,8183,0
00,1023,4,11A223,12,40341,3,1,0,03,-,1,3,1,46,25/03/1977,1,02,6,2,1,01,5,5,4,1,002500,1, ,8183,0
00,1023,4,11A223,12,40341,3,1,0,01,-,1,1,2,70,16/07/1953,1,02,6,2,4,01,4,4,2,1,001500,1,1,8183,24721
00,1023,4,11A223,12,40341,1,1,0,02,-,1,5,2,17,03/01/2006,1,04,2,1,6,06, , , , , ,1, ,8183,0
00,1023,4,11A223,12,40341,1,1,0,01,-,1,1,1,69,27/04/1954,1,02,6,2,4,01,5,5,2,1,000750,1,1,8183,8240
00,1023,4,11A223,12,40341,2,1,0,03,-,1,3,1,26,11/08/1997,1,07,4,2,6,01,1,5,3,2,008500,1, ,8183,0
00,1023,4,11A223,12,40341,3,1,0,02,-,1,5,2,31,01/01/1992,1,02,6,2,1,07, , , , , ,1, ,8183,0
00,1023,4,11A223,12,40341,2,1,0,01,-,1,1,1,54,16/02/1969,1,07,4,2,5,01,1,5,3,2,012000,1,1,8183,32962
00,1023,4,11A223,12,40341,2,1,0,02,-,1,2,2,50,23/02/1973,1,07,4,2,5,01,1,5,3,2,009500,1, ,8183,0
00,1023,8,12A217,12,40379,3,1,0,01,-,1,1,1,83,04/10/1939,1,02,6,2,5,08, , , , , ,1, ,6475,0
00,1023,8,12A217,12,40379,4,1,0,03,-,1,6,2,24,26/09/1999,1,07,3,1,6,06, , , , , ,1,1,6475,13116
00,1023,8,12A217,12,40379,3,1,0,02,-,1,2,2,83,18/09/1940,1,02,6,2,5,07, , , , , ,1,1,6475,13116
00,1023,8,12A217,12,40379,1,1,0,02,-,1,3,2,41,14/02/1982,1,04,3,2,6,01,5,5,3,1,001500,1, ,6475,0
00,1023,8,12A217,12,40379,1,1,0,01,-,1,1,2,69,11/11/1953,1,03,3,2,4,07, , , , , ,1,1,6475,13116
00,1023,8,12A217,12,40379,4,1,0,06,-,1,6,2,32,12/10/1990,2,07,5,2,6,01,1,5,3,2,004500,1, ,6475,0
00,1023,5,12A217,12,40379,4,1,0,01,-,2, , , , , , , , , , , , , , , ,1, ,0,0
00,1023,8,12A217,12,40379,4,1,0,04,-,1,3,1,05,02/04/2018,1,01,2,1, , , , , , , ,1, ,6475,0
00,1023,8,12A217,12,40379,1,1,0,04,-,1,5,1,17,22/04/2006,1,04,2,1,6,06, , , , , ,1, ,6475,0
00,1023,8,12A217,12,40379,2,1,0,01,-,1,1,1,44,14/04/1979,1,07,5,2,5,01,5,7,3,2,006200,1,1,6475,13116
00,1023,8,12A217,12,40379,2,1,0,04,-,1,3,2,11,12/09/2012,1,02,4,1, , , , , , , ,1, ,6475,0
00,1023,5,12A217,12,40379,4,1,0,05,-,2, , , , , , , , , , , , , , , ,1, ,0,0
00,1023,6,12A217,12,40379,1,1,0,03,-,2, , , , , , , , , , , , , , , ,1, ,0,0
00,1023,6,12A217,12,40379,3,1,0,03,-,2, , , , , , , , , , , , , , , ,1, ,0,0
00,1023,8,12A217,12,40379,2,1,0,03,-,1,3,2,16,16/03/2007,1,03,3,1,6,06, , , , , ,1, ,6475,0
00,1023,5,12A217,12,40379,4,1,0,02,-,2, , , , , , , , , , , , , , , ,1, ,0,0
00,1023,8,12A217,12,40379,2,1,0,02,-,1,2,2,43,06/11/1979,1,05,4,2,5,01,1,5,3,2,005000,1, ,6475,0
00,1023,5,11B212,12,40416,1,1,0,02,-,1,2,2,19,01/02/2004,1,04,3,2,1,07, , , , , ,1, ,6719,0
00,1023,5,11B212,12,40416,2,1,0,04,-,1,3,1,12,18/03/2011,1,02,5,1,6,06, , , , , ,1, ,6719,0
00,1023,5,11B212,12,40416,2,1,0,05,-,1,3,1,01,30/11/2021, , , , , , , , , , , ,1, ,6719,0
00,1023,5,11B212,12,40416,2,1,0,02,-,1,2,2,34,05/09/1989,1,03,3,2,5,07, , , , , ,1,1,6719,20297
00,1023,5,11B212,12,40416,2,1,0,03,-,1,3,2,18,21/09/2005,1,04,2,1,6,06, , , , , ,1, ,6719,0
00,1023,5,11B212,12,40416,1,1,0,04,-,3,4,2,44,24/07/1979,2,02,6,2,6,07, , , , , ,1, ,6719,0
00,1023,5,11B212,12,40416,2,1,0,01,-,1,1,1,37,03/10/1986,1,03,3,2,5,01,5,3,3,1,001800,1, ,6719,0
00,1023,5,11B212,12,40416,3,1,0,01,-,1,1,1,27,29/12/1995,1,04,3,2,5,01,5,5,3,1,002000,1, ,6719,0
00,1023,5,11B212,12,40416,3,1,0,02,-,1,2,2,27,27/02/1996,1,04,3,2,5,01,5,5,4,1,001500,1,1,6719,13532
00,1023,5,11B212,12,40416,1,1,0,01,-,1,1,1,27,03/10/1996,1,03,3,2,1,01,5,5,4,1,002200,1,1,6719,20297
00,1023,5,11B212,12,40416,1,1,0,03,-,1,3,1,02,07/03/2021, , , , , , , , , , , ,1, ,6719,0
00,1023,3,13A224,13,40055,3,1,0,05,-,1,5,2,07,02/02/2016,1,02,1,1, , , , , , , ,1, ,9151,0
00,1023,3,13A224,13,40055,4,1,0,02,-,1,2,2,50,19/10/1972,1,04,3,2,5,01,3,7,3,3,999999,1,1,9151,27928
00,1023,3,13A224,13,40055,1,1,0,01,-,1,1,1,29,23/11/1993,1,06,4,2,5,01,3,7,3,2,999999,1,1,9151,18619
00,1023,3,13A224,13,40055,3,1,0,06,-,1,7,2,20,07/09/2003,1,07,1,1,6,06, , , , , ,1, ,9151,0
00,1023,3,13A224,13,40055,3,1,0,04,-,1,5,1,34,04/09/1989,1,04,3,2,5,01,4,4,3,2,999999,1,1,9151,46547
00,1023,3,13A224,13,40055,1,1,0,03,-,1,3,2,02,17/09/2021, , , , , , , , , , , ,1, ,9151,0
00,1023,3,13A224,13,40055,4,1,0,03,-,1,3,2,30,08/10/1993,1,07,4,2,6,01,3,5,3,3,999999,1, ,9151,0
00,1023,3,13A224,13,40055,4,1,0,01,-,1,1,1,53,27/02/1970,1,03,3,2,5,07, , , , , ,1, ,9151,0
00,1023,3,13A224,13,40055,3,1,0,02,-,1,2,2,65,13/03/1958,1,04,3,2,5,07, , , , , ,1, ,9151,0
00,1023,3,13A224,13,40055,3,1,0,03,-,1,3,2,33,05/02/1990,1,04,3,2,5,01,3,7,3,2,999999,1, ,9151,0
00,1023,3,13A224,13,40055,3,1,0,01,-,1,1,1,68,05/08/1955,1,04,3,2,5,01,1,9,3,1,999999,1, ,9151,0
00,1023,3,13A224,13,40055,1,1,0,02,-,1,2,2,28,12/12/1994,1,07,4,2,5,07, , , , , ,1, ,9151,0
00,1023,7,13A218,13,40094,3,1,0,01,-,1,1,1,67,30/09/1956,1,08,2,2,5,01,1,5,3,2,999999,1, ,7412,0
00,1023,7,13A218,13,40094,4,1,0,03,-,1,3,2,06,18/04/2017,2,01,2,1, , , , , , , ,1, ,7412,0
00,1023,7,13A218,13,40094,3,1,0,03,-,1,2,2,70,23/11/1952,1,07,4,2,5,07, , , , , ,1,1,7412,22621
00,1023,5,13A218,13,40094,4,1,0,05,-,2, , , , , , , , , , , , , , , ,1, ,0,0
00,1023,7,13A218,13,40094,1,1,0,03,-,1,3,2,23,24/06/2000,1,07,1,2,6,01,1,7,3,2,004000,1, ,7412,0
00,1023,7,13A218,13,40094,4,1,0,02,-,1,3,2,17,17/02/2006,1,04,1,1,6,06, , , , , ,1, ,7412,0
00,1023,7,13A218,13,40094,1,1,0,01,-,1,1,2,59,14/10/1963,1,07,4,2,5,01,1,5,3,2,999999,1, ,7412,0
00,1023,7,13A218,13,40094,4,1,0,01,-,1,1,2,40,06/03/1983,1,04,3,2,6,01,1,5,2,1,001500,1,1,7412,7540
00,1023,7,13A218,13,40094,3,1,0,02,-,1,3,2,34,27/07/1989,1,08,2,2,6,07, , , , , ,1, ,7412,0
00,1023,5,13A218,13,40094,4,1,0,04,-,2, , , , , , , , , , , , , , , ,1, ,0,0
00,1023,7,13A218,13,40094,1,1,0,02,-,1,2,1,63,23/12/1959,1,04,3,2,5,03,4,5,5,4,999999,1,1,7412,22621
00,1023,7,13A218,13,40094,1,1,0,04,-,1,5,2,04,14/01/2019, , , , , , , , , , , ,1, ,7412,0
00,1023,7,11A218,13,40158,1,1,0,02,-,1,2,2,27,31/07/1996,1,03,3,2,1,07, , , , , ,1,1,9649,19434
00,1023,5,11A218,13,40158,4,1,0,02,-,2, , , , , , , , , , , , , , , ,1, ,0,0
00,1023,7,11A218,13,40158,1,1,0,01,-,1,1,1,32,31/03/1991,1,04,3,2,1,01,1,3,3,1,002500,1, ,9649,0
00,1023,7,11A218,13,40158,4,1,0,01,-,1,1,1,36,18/11/1986,1,02,6,2,1,01,1,3,3,1,000800,1,1,9649,9717
00,1023,7,11A218,13,40158,3,1,0,03,-,1,3,1,16,05/03/2007,1,03,3,1,6,06, , , , , ,1, ,9649,0
00,1023,7,11A218,13,40158,1,1,0,04,-,1,3,2,09,20/02/2014,1,02,2,1, , , , , , , ,1, ,9649,0
00,1023,7,11A218,13,40158,1,1,0,03,-,1,3,2,11,20/07/2012,1,02,4,1, , , , , , , ,1, ,9649,0
00,1023,7,11A218,13,40158,3,1,0,02,-,1,2,2,35,01/11/1987,1,03,3,2,5,01,5,5,3,2,002500,1, ,9649,0
00,1023,5,11A218,13,40158,4,1,0,03,-,2, , , , , , , , , , , , , , , ,1, ,0,0
00,1023,7,11A218,13,40158,3,1,0,01,-,1,1,1,41,11/09/1982,1,03,3,2,5,01,1,5,3,2,002500,1,1,9649,19434
00,1023,7,11A218,13,40158,3,1,0,04,-,1,3,1,11,05/02/2012,1,02,4,1, , , , , , , ,1, ,9649,0
00,1023,5,11A218,13,40158,4,1,0,04,-,2, , , , , , , , , , , , , , , ,1, ,0,0
00,1023,6,12B211,13,40221,2,1,0,01,-,1,1,1,55,10/04/1968,1,07,2,2,1,01,4,4,2,1,999999,1, ,7768,0
00,1023,6,12B211,13,40221,2,1,0,04,-,1,3,1,12,19/11/2010,1,02,6,1,6,06, , , , , ,1, ,7768,0
00,1023,6,12B211,13,40221,2,1,0,03,-,1,3,2,21,19/10/2001,1,07,2,1,6,06, , , , , ,1, ,7768,0
00,1023,6,12B211,13,40221,4,1,1,01,-,1,1,2,65,09/01/1958,1,04,3,2,4,01,3,7,3,2,003500,1,1,7768,15736
00,1023,6,12B211,13,40221,3,1,0,02,-,1,3,2,08,02/06/2015,1,02,3,1, , , , , , , ,1, ,7768,0
00,1023,6,12B211,13,40221,1,1,0,01,-,1,1,2,43,20/06/1980,1,07,4,2,5,01,1,5,2,3,999999,1, ,7768,0
00,1023,6,12B211,13,40221,3,1,0,01,-,1,1,2,37,15/08/1986,1,07,5,2,3,01,1,5,2,1,999999,1,1,7768,7868
00,1023,6,12B211,13,40221,4,1,1,02,-,1,3,2,40,03/01/1983,1,04,3,2,6,07, , , , , ,1, ,7768,0
00,1023,6,12B211,13,40221,1,1,0,02,-,1,2,1,38,01/09/1985,1,07,4,2,5,01,1,5,2,3,999999,1,1,7768,15736
00,1023,6,12B211,13,40221,2,1,0,02,-,1,2,2,50,25/09/1973,1,06,3,2,1,01,4,4,2,1,999999,1,1,7768,23604
00,1023,2,12A225,13,40248,2,1,0,02,-,1,2,2,39,26/07/1984,1,07,4,2,5,07, , , , , ,1, ,6812,0
00,1023,2,12A225,13,40248,4,1,0,01,-,1,1,1,62,14/09/1961,1,07,5,2,5,01,4,4,2,4,999999,1, ,6812,0
00,1023,2,12A225,13,40248,3,1,0,04,-,1,3,1,20,20/06/2003,1,07,1,1,6,06, , , , , ,1, ,6812,0
00,1023,2,12A225,13,40248,3,1,0,03,-,1,3,1,22,16/08/2001,1,07,2,1,6,06, , , , , ,1, ,6812,0
00,1023,2,12A225,13,40248,2,1,0,03,-,1,3,1,13,06/09/2010,1,03,2,1,6,06, , , , , ,1, ,6812,0
00,1023,2,12A225,13,40248,2,1,0,01,-,1,1,1,39,06/09/1984,1,07,5,2,5,01,3,7,3,2,999999,1,1,6812,13800
00,1023,2,12A225,13,40248,4,1,0,02,-,1,2,2,62,14/09/1961,1,08,2,2,5,01,1,5,3,2,999999,1,1,6812,13800
00,1023,2,12A225,13,40248,3,1,0,02,-,1,2,2,40,26/02/1983,1,04,3,2,5,01,4,4,2,3,999999,1, ,6812,0
00,1023,2,12A225,13,40248,2,1,0,04,-,1,3,1,12,21/01/2011,1,02,6,1,6,06, , , , , ,1, ,6812,0
00,1023,2,12A225,13,40248,3,1,0,01,-,1,1,1,40,21/03/1983,1,04,3,2,5,01,4,4,2,3,999999,1,1,6812,27599
00,1023,8,12A217,13,40311,3,1,0,02,-,1,3,1,57,10/06/1966,1,07,2,2,6,01,5,5,2,1,999999,1, ,7796,0
00,1023,8,12A217,13,40311,4,1,0,02,-,1,3,2,20,24/09/2003,1,04,2,1,6,06, , , , , ,1, ,7796,0
00,1023,2,12A217,13,40311,2,1,0,04,-,2, , , , , , , , , , , , , , , ,1, ,0,0
00,1023,7,12A217,13,40311,2,1,0,03,-,2, , , , , , , , , , , , , , , ,1, ,0,0
00,1023,8,12A217,13,40311,3,1,0,01,-,1,1,2,85,23/06/1938,1,02,1,2,4,07, , , , , ,1,1,7796,15793
00,1023,8,12A217,13,40311,2,1,0,05,-,1,3,1,34,13/09/1989,1,07,4,2,6,01,3,7,3,2,011000,1,1,7796,31585
00,1023,8,12A217,13,40311,2,1,0,01,-,1,1,1,64,10/05/1959,1,02,6,2,5,01,5,5,2,1,003000,1, ,7796,0
00,1023,8,12A217,13,40311,1,1,0,02,-,1,3,1,43,06/10/1979,1,04,1,2,6,01,5,5,2,1,002000,1,1,7796,15793
00,1023,8,12A217,13,40311,4,1,0,01,-,1,1,2,49,20/12/1973,1,03,3,2,6,01,5,5,3,1,001500,1,1,7796,15793
00,1023,8,12A217,13,40311,4,1,0,03,-,1,3,2,16,01/05/2007,1,03,3,1,6,06, , , , , ,1, ,7796,0
00,1023,8,12A217,13,40311,1,1,0,01,-,1,1,2,67,28/11/1955,1,00, ,2,6,07, , , , , ,1, ,7796,0
00,1023,8,12A217,13,40311,2,1,0,06,-,1,5,1,20,11/02/2003,1,04,3,2,6,01,5,5,3,1,001200,1, ,7796,0
00,1023,8,12A217,13,40311,2,1,0,02,-,1,2,2,63,25/05/1960,1,02,6,2,5,07, , , , , ,1, ,7796,0
00,1023,1,11A226,13,40313,4,1,0,02,-,1,3,1,18,10/10/2005,1,04,2,2,1,01,3,5,3,2,999999,1,1,7143,14386
00,1023,1,11A226,13,40313,4,1,0,01,-,1,1,2,40,26/04/1983,1,03,3,2,5,01,3,5,3,2,999999,1, ,7143,0
00,1023,1,11A226,13,40313,3,1,0,01,-,1,1,2,77,02/10/1946,1,02,6,2,2,01,5,5,3,2,001100,1,1,7143,7193
00,1023,1,11A226,13,40313,1,1,0,01,-,1,1,1,75,31/08/1948,1,02,2,2,5,08, , , , , ,1, ,7143,0
00,1023,1,11A226,13,40313,2,1,0,02,-,1,2,2,49,07/12/1973,1,04,3,2,1,07, , , , , ,1,1,7143,21579
00,1023,1,11A226,13,40313,2,1,0,04,-,1,3,1,16,08/08/2007,1,03,3,1,6,06, , , , , ,1, ,7143,0
00,1023,1,11A226,13,40313,1,1,0,04,-,1,5,2,98, ,1,07,4,2,1,07, , , , , ,1, ,7143,0
00,1023,1,11A226,13,40313,1,1,0,02,-,1,2,2,69,07/09/1954,1,03,3,2,5,07, , , , , ,1, ,7143,0
00,1023,1,11A226,13,40313,2,1,0,01,-,1,1,1,49,25/10/1973,1,04,3,2,1,01,4,4,2,1,999999,1, ,7143,0
00,1023,1,11A226,13,40313,4,1,0,03,-,1,3,1,17,22/02/2006,1,04,2,1,6,06, , , , , ,1, ,7143,0
00,1023,1,11A226,13,40313,2,1,0,03,-,1,3,2,21,18/02/2002,1,07,2,1,6,06, , , , , ,1, ,7143,0
00,1023,1,11A226,13,40313,1,1,0,03,-,1,3,1,38,31/05/1985,1,07,4,2,1,01,1,5,2,3,999999,1,1,7143,28772
00,1023,5,12B212,13,40320,4,1,0,03,-,1,3,1,16,17/09/2007,1,03,3,1,6,06, , , , , ,1, ,6525,0
00,1023,5,12B212,13,40320,3,1,0,04,-,2, , , , , , , , , , , , , , , ,1, ,0,0
00,1023,5,12B212,13,40320,1,1,0,01,-,1,1,1,55,14/01/1968,1,04,3,2,5,08, , , , , ,1, ,6525,0
00,1023,5,12B212,13,40320,3,1,0,03,-,2, , , , , , , , , , , , , , , ,1, ,0,0
00,1023,5,12B212,13,40320,3,1,0,01,-,1,1,1,50,27/04/1973,1,07,4,2,5,01,1,5,2,1,005000,1,1,6525,13218
00,1023,5,12B212,13,40320,4,1,0,01,-,1,1,2,42,29/07/1981,1,07,4,2,1,01,5,5,3,1,002000,1,1,6525,6609
00,1023,5,12B212,13,40320,4,1,0,02,-,2, , , , , , , , , , , , , , , ,1, ,0,0
00,1023,5,12B212,13,40320,3,1,0,02,-,1,2,2,51,04/11/1971,1,07,4,2,5,08, , , , , ,1, ,6525,0
00,1023,5,12B212,13,40320,1,1,0,03,-,1,3,1,25,22/12/1997,1,07,4,2,6,01,1,5,3,2,003000,1,1,6525,19827
00,1023,5,12B212,13,40320,1,1,0,02,-,1,2,2,54,19/02/1969,1,04,3,2,6,01,4,4,2,1,003000,1, ,6525,0
00,1023,4,11A223,13,40338,1,1,0,02,-,1,3,2,23,31/08/2000,1,07,4,1,6,06, , , , , ,1, ,7248,0
00,1023,4,11A223,13,40338,4,1,0,01,-,1,1,1,59,08/12/1963,1,06,3,2,5,01,4,4,2,1,001500,1,1,7248,21896
00,1023,4,11A223,13,40338,4,1,0,04,-,1,3,2,12,31/12/2010,1,02,6,1,6,06, , , , , ,1, ,7248,0
00,1023,4,11A223,13,40338,3,1,0,03,-,1,3,2,27,06/03/1996,1,07,4,2,5,07, , , , , ,1, ,7248,0
00,1023,4,11A223,13,40338,3,1,0,06,-,1,5,2,01,14/06/2022, , , , , , , , , , , ,1, ,7248,0
00,1023,4,11A223,13,40338,2,1,0,01,-,1,1,2,42,24/10/1980,1,04,3,2,2,01,4,4,3,1,999999,1, ,7248,0
00,1023,4,11A223,13,40338,2,1,0,03,-,1,3,2,14,22/10/2008,1,03,2,1,6,06, , , , , ,1, ,7248,0
00,1023,4,11A223,13,40338,1,1,0,03,-,1,3,1,10,06/02/2013,1,02,3,1, , , , , , , ,1, ,7248,0
00,1023,4,11A223,13,40338,4,1,0,02,-,1,2,2,51,04/07/1972,1,03,3,2,5,07, , , , , ,1, ,7248,0
00,1023,4,11A223,13,40338,3,1,0,04,-,1,5,1,30,15/09/1993,1,07,4,2,5,01,1,5,3,2,007000,1,1,7248,29195
00,1023,4,11A223,13,40338,4,1,0,03,-,1,3,2,22,30/10/2000,1,07,4,2,6,04, , , , , ,1, ,7248,0
00,1023,4,11A223,13,40338,2,1,0,02,-,1,3,2,20,14/03/2003,1,04,3,2,6,01,4,4,3,2,001500,1,1,7248,14597
00,1023,4,11A223,13,40338,3,1,0,01,-,1,1,1,64,29/05/1959,1,03,3,2,5,01,1,3,2,2,999999,1, ,7248,0
00,1023,4,11A223,13,40338,3,1,0,02,-,1,2,2,61,13/11/1961,1,02,6,2,5,01,5,5,3,1,002000,1, ,7248,0
00,1023,4,11A223,13,40338,1,1,0,01,-,1,1,2,57,17/07/1966,1,07,4,2,2,08, , , , , ,1,1,7248,14597
00,1023,4,11A223,13,40338,3,1,0,05,-,1,5,2,08,14/06/2015,1,02,1,1, , , , , , , ,1, ,7248,0
00,1023,1,13A226,13,40348,2,1,0,01,-,1,1,1,51,26/10/1971,1,02,6,2,1,01,1,3,3,1,002000,1, ,5516,0
00,1023,1,13A226,13,40348,1,1,0,01,-,1,1,1,33,11/06/1990,1,08,2,2,5,01,7,2,3,2,030000,1, ,5516,0
00,1023,1,13A226,13,40348,2,1,0,03,-,1,9,1,22,18/03/2001,1,07,3,1,6,06, , , , , ,1, ,5516,0
00,1023,1,13A226,13,40348,1,1,0,03,-,1,3,1,07,14/02/2016,1,02,1,1, , , , , , , ,1, ,5516,0
00,1023,1,13A226,13,40348,2,1,0,04,-,1,9,2,17,25/09/2006,1,04,3,1,6,06, , , , , ,1, ,5516,0
00,1023,1,13A226,13,40348,2,1,0,02,-,1,8,2,24,28/09/1999,1,07,5,2,6,04, , , , , ,1, ,5516,0
00,1023,1,13A226,13,40348,4,1,0,01,-,1,1,1,49,26/08/1974,1,04,3,2,5,01,4,4,2,1,999999,1,1,5516,16833
00,1023,1,13A226,13,40348,4,1,0,03,-,1,3,2,25,08/02/1998,1,07,4,2,6,01,1,5,3,2,999999,1, ,5516,0
00,1023,1,13A226,13,40348,1,1,0,02,-,1,2,2,35,02/02/1988,1,07,5,2,5,01,1,5,3,2,005000,1,1,5516,11222
00,1023,1,13A226,13,40348,2,1,0,05,-,1,2,2,40,10/12/1982,1,03,3,2,1,07, , , , , ,1,1,5516,22444
00,1023,1,13A226,13,40348,2,1,0,06,-,1,3,1,08,08/09/2015,1,02,2,1, , , , , , , ,1, ,5516,0
00,1023,1,13A226,13,40348,4,1,0,02,-,1,2,2,46,19/12/1976,1,04,3,2,5,07, , , , , ,1, ,5516,0
00,1023,5,13B212,13,40388,2,1,0,03,-,1,3,2,10,26/04/2013,1,02,3,1, , , , , , , ,1, ,7639,0
00,1023,5,13B212,13,40388,3,1,0,03,-,1,4,2,83,16/07/1940,1,03,3,2,5,08, , , , , ,1,1,7639,23314
00,1023,5,13B212,13,40388,2,1,0,02,-,1,2,2,31,09/05/1992,1,07,2,2,1,07, , , , , ,1,1,7639,15543
00,1023,5,13B212,13,40388,3,1,0,01,-,1,1,1,27,18/07/1996,1,07,4,2,1,01,1,5,3,2,012000,1, ,7639,0
00,1023,5,13B212,13,40388,2,1,0,01,-,1,1,1,39,01/10/1984,1,04,3,2,1,01,5,6,3,2,999999,1, ,7639,0
00,1023,5,13B212,13,40388,4,1,0,02,-,1,2,2,33,04/05/1990,1,07,4,2,5,01,1,5,3,2,999999,1,1,7639,15543
00,1023,5,13B212,13,40388,4,1,0,01,-,1,1,1,38,16/10/1984,1,07,4,2,5,01,1,5,3,2,999999,1, ,7639,0
00,1023,5,13B212,13,40388,3,1,0,02,-,1,2,2,37,09/08/1986,1,04,3,2,1,07, , , , , ,1, ,7639,0
00,1023,4,13A223,13,40404,2,1,0,04,-,1,3,2,27,22/01/1996,1,07,4,2,6,01,2,7,3,2,999999,1, ,8602,0
00,1023,4,13A223,13,40404,3,1,0,03,-,1,3,2,09,15/07/2014,1,02,3,1, , , , , , , ,1, ,8602,0
00,1023,4,13A223,13,40404,1,1,0,01,-,1,1,1,68,30/06/1955,1,07,4,2,5,08, , , , , ,1, ,8602,0
00,1023,4,13A223,13,40404,2,1,0,02,-,1,2,2,58,12/07/1965,1,07,4,2,5,01,3,7,3,2,999999,1, ,8602,0
00,1023,4,13A223,13,40404,1,1,0,02,-,1,2,2,65,30/06/1958,1,07,4,2,5,07, , , , , ,1,1,8602,26252
00,1023,4,13A223,13,40404,1,1,0,03,-,1,3,1,30,30/06/1993,1,07,4,2,6,01,5,5,3,1,999999,1, ,8602,0
00,1023,4,13A223,13,40404,3,1,0,02,-,1,2,2,44,25/05/1979,1,08,3,2,5,01,1,5,3,2,999999,1, ,8602,0
00,1023,4,13A223,13,40404,3,1,0,01,-,1,1,1,45,19/02/1978,1,07,4,2,5,01,7,3,3,2,999999,1,1,8602,17501
00,1023,4,13A223,13,40404,2,1,0,01,-,1,1,1,56,22/04/1967,1,06,4,2,5,01,1,5,3,2,999999,1, ,8602,0
00,1023,4,13A223,13,40404,3,1,0,04,-,1,3,1,07,06/11/2015,1,02,2,1, , , , , , , ,1, ,8602,0
00,1023,4,13A223,13,40404,2,1,0,03,-,1,3,2,32,02/09/1991,1,07,4,2,6,01,1,5,3,2,999999,1,1,8602,35002
00,1023,3,12A224,14,40033,1,1,0,01,-,1,1,1,48,07/11/1974,1,03,3,2,6,01,5,5,3,2,999999,1, ,7154,0
00,1023,3,12A224,14,40033,3,1,0,05,-,1,3,2,04,17/07/2019, , , , , , , , , , , ,1, ,7154,0
00,1023,3,12A224,14,40033,3,1,0,03,-,1,3,2,14,19/07/2009,1,03,1,1,6,06, , , , , ,1, ,7154,0
00,1023,3,12A224,14,40033,3,1,0,01,-,1,1,1,39,25/10/1983,1,04,3,2,5,01,5,6,2,1,001000,1,1,7154,14493
00,1023,3,12A224,14,40033,4,1,0,01,-,1,1,1,77,10/07/1946,1,02,2,2,5,08, , , , , ,1, ,7154,0
00,1023,3,12A224,14,40033,4,1,0,04,-,1,5,2,08,29/10/2014,1,02,4,1, , , , , , , ,1, ,7154,0
00,1023,3,12A224,14,40033,4,1,0,02,-,1,2,2,77,03/05/1946,1,00, ,2,5,07, , , , , ,1,1,7154,14493
00,1023,3,12A224,14,40033,2,1,0,01,-,1,1,2,72,13/02/1951,1,02,6,2,4,07, , , , , ,1,1,7154,14493
00,1023,3,12A224,14,40033,3,1,0,02,-,1,2,2,39,06/09/1984,1,04,3,2,5,07, , , , , ,1, ,7154,0
00,1023,3,12A224,14,40033,3,1,0,04,-,1,3,2,08,24/08/2015,1,02,1,1, , , , , , , ,1, ,7154,0
00,1023,3,12A224,14,40033,1,1,0,03,-,1,4,2,82,28/09/1941,1,02,6,2,4,07, , , , , ,1,1,7154,21739
00,1023,3,12A224,14,40033,1,1,0,02,-,1,6,1,50,17/05/1973,1,04,3,2,6,01,5,5,3,2,999999,1, ,7154,0
00,1023,3,12A224,14,40033,4,1,0,03,-,1,5,2,14,20/09/2009,1,03,2,1,6,06, , , , , ,1, ,7154,0
00,1023,3,12A224,14,40033,2,1,0,02,-,1,3,2,43,14/08/1980,1,03,3,2,6,01,4,4,3,2,999999,1, ,7154,0
00,1023,7,12A218,14,40042,3,1,0,02,-,1,3,1,24,23/10/1998,1,07,4,1,6,06, , , , , ,1,1,7361,14911
00,1023,7,12A218,14,40042,1,1,0,01,-,1,1,1,60,03/04/1963,1,07,4,2,5,08, , , , , ,1,1,7361,14911
00,1023,7,12A218,14,40042,3,1,0,01,-,1,1,2,51,29/02/1972,1,07,4,2,6,07, , , , , ,1, ,7361,0
00,1023,7,12A218,14,40042,2,1,0,01,-,1,1,1,60,16/11/1962,1,04,3,2,5,01,3,5,3,2,007500,1,1,7361,14911
00,1023,7,12A218,14,40042,1,1,0,02,-,1,2,2,60,24/07/1963,1,07,4,2,5,07, , , , , ,1, ,7361,0
00,1023,7,12A218,14,40042,2,1,0,02,-,1,2,2,60,09/08/1963,1,04,3,2,5,07, , , , , ,1, ,7361,0
00,1023,7,12A218,14,40042,4,1,0,02,-,1,3,2,47,19/11/1975,1,02,6,2,6,01,4,4,2,1,001500,1,1,7361,14911
00,1023,7,12A218,14,40042,4,1,0,03,-,1,3,2,48,25/05/1975,1,03,3,2,6,01,4,4,2,1,001800,1, ,7361,0
00,1023,2,12A218,14,40042,4,1,0,01,-,2, , , , , , , , , , , , , , , ,1, ,0,0
00,1023,3,12A218,14,40044,1,1,0,03,-,2, , , , , , , , , , , , , , , ,1, ,0,0
00,1023,7,12A218,14,40044,1,1,0,07,-,1,5,2,11,18/02/2012,1,02,4,1, , , , , , , ,1, ,7791,0
00,1023,7,12A218,14,40044,1,1,0,08,-,1,3,2,33,18/02/1990,1,03,3,1,1,07, , , , , ,1,1,7791,23673
00,1023,7,12A218,14,40044,1,1,0,05,-,1,5,1,13,23/04/2010,1,02,6,1,6,06, , , , , ,1, ,7791,0
00,1023,7,12A218,14,40044,4,1,0,03,-,1,3,1,39,08/05/1984,1,08,2,2,6,10, , , , , ,1, ,7791,0
00,1023,7,12A218,14,40044,1,1,0,01,-,1,1,1,67,29/06/1956,1,02,3,2,2,08, , , , , ,1, ,7791,0
00,1023,7,12A218,14,40044,3,1,1,01,-,1,1,2,36,04/08/1987,1,07,4,2,6,01,1,3,3,2,999999,1,1,7791,7891
00,1023,7,12A218,14,40044,1,1,0,04,-,1,5,1,14,27/07/2009,1,03,2,1,6,06, , , , , ,1, ,7791,0
00,1023,7,12A218,14,40044,4,1,0,01,-,1,1,1,75,27/09/1948,1,09,5,2,5,08, , , , , ,1,1,7791,23673
00,1023,7,12A218,14,40044,4,1,0,02,-,1,2,2,72,13/11/1950,1,08,2,2,5,08, , , , , ,1, ,7791,0
00,1023,5,12A218,14,40044,1,1,0,06,-,2, , , , , , , , , , , , , , , ,1, ,0,0
00,1023,7,12A218,14,40044,1,1,0,02,-,1,5,1,38,28/06/1985,1,02,4,2,1,01,5,5,3,2,999999,1, ,7791,0
00,1023,7,13A218,14,40045,3,1,0,04,-,1,3,1,31,16/12/1991,1,07,5,2,6,01,1,5,3,2,999999,1, ,10984,0
00,1023,7,13A218,14,40045,3,1,0,01,-,1,1,1,68,05/09/1955,1,07,5,2,5,08, , , , , ,1, ,10984,0
00,1023,7,13A218,14,40045,3,1,0,03,-,1,3,2,30,15/02/1993,1,07,4,2,6,01,3,5,3,2,999999,1,1,10984,44694
00,1023,7,13A218,14,40045,2,1,0,03,-,1,3,2,20,22/08/2003,1,04,3,1,6,06, , , , , ,1,1,10984,33521
00,1023,7,13A218,14,40045,2,1,0,01,-,1,1,1,51,23/10/1971,1,08,2,2,5,01,1,5,3,2,999999,1, ,10984,0
00,1023,7,13A218,14,40045,3,1,0,02,-,1,2,2,68,05/10/1955,1,07,4,2,5,07, , , , , ,1, ,10984,0
00,1023,7,13A218,14,40045,2,1,0,02,-,1,2,2,47,15/01/1976,1,07,4,2,5,01,1,5,3,2,999999,1, ,10984,0
00,1023,7,11A218,14,40046,4,1,0,08,-,1,3,2,24,14/06/1999,1,04,3,2,6,01,7,2,3,1,999999,1, ,8501,0
00,1023,7,11A218,14,40046,2,1,0,04,-,1,3,1,20,18/08/2003,1,04,3,1,6,01,4,4,3,1,999999,1,1,8501,25682
00,1023,7,11A218,14,40046,4,1,0,04,-,1,5,1,98, ,1,03,3,2,5,01,4,4,3,2,999999,1, ,8501,0
00,1023,7,11A218,14,40046,3,1,0,01,-,1,1,1,31,14/04/1992,1,04,3,2,5,01,5,2,3,1,003500,1, ,8501,0
00,1023,7,11A218,14,40046,2,1,0,01,-,1,1,2,60,08/01/1963,1,03,3,2,4,01,4,4,2,1,999999,1, ,8501,0
00,1023,7,11A218,14,40046,4,1,0,07,-,1,5,2,99, , , , , , , , , , , , ,1, ,8501,0
00,1023,7,11A218,14,40046,4,1,0,09,-,1,3,1,15,15/03/2008,1,03,3,1,6,06, , , , , ,1, ,8501,0
00,1023,7,11A218,14,40046,4,1,0,06,-,1,5,2,99, , , , , , , , , , , , ,1, ,8501,0
00,1023,7,11A218,14,40046,4,1,0,03,-,1,3,2,26,23/03/1997,1,03,2,2,5,01,7,2,3,1,999999,1, ,8501,0
00,1023,7,11A218,14,40046,4,1,0,01,-,1,1,1,55,19/08/1968,1,03,2,2,5,01,5,5,3,2,999999,1,1,8501,51365
00,1023,7,11A218,14,40046,2,1,0,03,-,1,3,1,23,30/06/2000,1,04,3,2,6,01,7,2,3,1,999999,1, ,8501,0
00,1023,7,11A218,14,40046,3,1,0,05,-,1,3,1,02,31/03/2021, , , , , , , , , , , ,1, ,8501,0
00,1023,7,11A218,14,40046,3,1,0,04,-,1,3,2,04,20/05/2019, , , , , , , , , , , ,1, ,8501,0
00,1023,7,11A218,14,40046,3,1,0,02,-,1,2,2,30,22/08/1993,1,03,3,2,5,07, , , , , ,1,1,8501,17122
00,1023,7,11A218,14,40046,4,1,0,02,-,1,2,2,52,12/07/1971,1,02,6,2,5,07, , , , , ,1, ,8501,0
00,1023,7,11A218,14,40046,4,1,0,05,-,1,5,2,98, ,1,03,1,1,6,06, , , , , ,1, ,8501,0
00,1023,5,11A218,14,40046,2,1,0,02,-,2, , , , , , , , , , , , , , , ,1, ,0,0
00,1023,7,11A218,14,40046,3,1,0,03,-,1,3,1,05,03/11/2017,1,01,2,1, , , , , , , ,1, ,8501,0
00,1023,3,12A224,14,40075,1,1,0,04,-,1,3,2,09,18/03/2014,1,02,3,1, , , , , , , ,1, ,8212,0
00,1023,3,12A224,14,40075,3,1,0,04,-,1,3,1,02,23/05/2021, , , , , , , , , , , ,1, ,8212,0
00,1023,3,12A224,14,40075,1,1,0,01,-,1,1,1,31,01/04/1992,1,03,3,2,5,01,7,2,2,2,008000,1,1,8212,16634
00,1023,3,12A224,14,40075,1,1,0,02,-,1,2,2,30,18/09/1993,1,02,6,2,5,07, , , , , ,1, ,8212,0
00,1023,3,12A224,14,40075,1,1,0,03,-,1,3,1,11,30/05/2012,1,02,6,1, , , , , , , ,1, ,8212,0
00,1023,3,12A224,14,40075,1,1,0,06,-,1,3,1,04,05/01/2019, , , , , , , , , , , ,1, ,8212,0
00,1023,3,12A224,14,40075,3,1,0,02,-,1,2,2,32,03/06/1991,1,04,3,2,5,01,1,5,3,2,004200,1,1,8212,16634
00,1023,3,12A224,14,40075,1,1,0,05,-,1,3,1,06,29/05/2017,1,01,3,1, , , , , , , ,1, ,8212,0
00,1023,3,12A224,14,40075,3,1,0,01,-,1,1,1,34,18/12/1988,1,07,4,2,5,01,1,5,3,2,006000,1, ,8212,0
00,1023,3,12A224,14,40075,3,1,0,03,-,1,3,1,09,25/06/2014,1,02,3,1, , , , , , , ,1, ,8212,0
00,1023,3,12A224,14,40075,2,1,0,01,-,1,1,1,34,13/08/1989,1,04,3,2,6,01,4,4,2,3,015000,1,1,8212,8317
00,1023,3,13A224,14,40082,1,1,0,01,-,1,1,2,62,11/02/1961,1,08,2,2,6,08, , , , , ,1,1,9792,9961
00,1023,3,13A224,14,40082,3,1,0,01,-,1,1,2,80,08/07/1943,1,03,3,2,4,08, , , , , ,1,1,9792,9961
00,1023,3,13A224,14,40082,2,1,0,01,-,1,1,2,78,03/11/1944,1,03,3,2,4,08, , , , , ,1, ,9792,0
00,1023,3,13A224,14,40082,3,1,0,02,-,2, , , , , , , , , , , , , , , ,1, ,0,0
00,1023,3,13A224,14,40082,4,1,0,01,-,1,1,2,66,29/05/1957,1,04,3,2,6,01,1,5,3,2,005400,1,1,9792,9961
00,1023,3,13A224,14,40082,2,1,0,03,-,1,5,2,25,15/07/1998,1,07,5,2,5,04, , , , , ,1,1,9792,29883
00,1023,3,13A224,14,40082,2,1,0,02,-,1,3,1,32,07/02/1991,1,07,5,2,5,01,5,5,3,2,999999,1, ,9792,0
00,1023,3,12A224,14,40123,4,1,0,01,-,1,1,2,63,29/04/1960,1,04,3,2,6,07, , , , , ,1,1,8038,16283
15,1023,3,12A224,14,40123,1,1,0,01,-,1,1,2,60,03/03/1963,1,03,3,2,6,07, , , , , ,1, ,8038,0
15,1023,3,12A224,14,40123,1,1,0,02,-,1,7,1,37,04/08/1986,1,02,6,2,6,01,7,2,3,1,999999,1, ,8038,0
00,1023,3,12A224,14,40123,2,1,0,02,-,1,3,1,36,28/02/1987,1,03,3,2,6,01,4,4,3,1,002000,1, ,8038,0
00,1023,3,12A224,14,40123,2,1,0,03,-,1,3,2,28,13/07/1995,1,03,3,2,6,01,5,5,3,2,999999,1,1,8038,24424
00,1023,3,12A224,14,40123,2,1,0,06,-,1,5,2,03,09/03/2020, , , , , , , , , , , ,1, ,8038,0
00,1023,2,12A224,14,40123,2,1,0,04,-,2, , , , , , , , , , , , , , , ,1, ,0,0
00,1023,3,12A224,14,40123,4,1,0,02,-,1,4,2,89,19/03/1934,1,02,6,2,4,08, , , , , ,1, ,8038,0
00,1023,3,12A224,14,40123,3,1,0,01,-,1,1,2,48,21/09/1975,1,02,6,2,6,07, , , , , ,1,1,8038,8141
00,1023,2,12A224,14,40123,2,1,0,05,-,2, , , , , , , , , , , , , , , ,1, ,0,0
00,1023,2,12A224,14,40123,2,1,0,08,-,2, , , , , , , , , , , , , , , ,1, ,0,0
00,1023,3,12A224,14,40123,2,1,0,07,-,1,5,1,10,21/06/2013,2,02,2,1, , , , , , , ,1, ,8038,0
00,1023,3,12A224,14,40123,2,1,0,01,-,1,1,2,63,15/03/1960,1,03,3,2,2,07, , , , , ,1, ,8038,0
15,1023,3,12A224,14,40123,1,1,0,03,-,1,7,2,20,02/03/2003,1,04,3,1,6,06, , , , , ,1, ,8038,0
00,1023,5,11A218,14,40136,4,1,0,03,-,2, , , , , , , , , , , , , , , ,1, ,0,0
00,1023,7,11A218,14,40136,4,1,0,02,-,1,2,2,62,20/08/1961,1,02,2,2,1,07, , , , , ,1,1,9865,49671
00,1023,7,11A218,14,40136,4,1,0,01,-,1,1,1,52,15/12/1970,1,02,1,2,1,01,4,5,3,1,000900,1, ,9865,0
00,1023,7,11A218,14,40136,4,1,0,08,-,1,5,1,14,15/07/2009,1,02,6,1,6,06, , , , , ,1, ,9865,0
00,1023,7,11A218,14,40136,4,1,0,09,-,1,5,2,10,12/05/2013,1,02,3,1, , , , , , , ,1, ,9865,0
00,1023,7,11A218,14,40136,4,1,0,07,-,1,5,1,15,31/10/2007,1,03,1,1,6,06, , , , , ,1, ,9865,0
00,1023,7,11A218,14,40136,2,1,0,02,-,1,2,2,25,07/11/1997,1,03,3,2,1,07, , , , , ,1, ,9865,0
00,1023,7,11A218,14,40136,2,1,0,01,-,1,1,1,25,27/10/1997,1,03,3,2,1,01,5,5,3,1,002500,1,1,9865,19868
00,1023,7,11A218,14,40136,2,1,0,03,-,1,3,2,06,10/04/2017,2,01,1,1, , , , , , , ,1, ,9865,0
00,1023,7,11A218,14,40136,4,1,0,04,-,1,7,2,59,03/08/1964,2,00, ,2,6,09, , , , , ,1, ,9865,0
00,1023,7,11A218,14,40136,4,1,0,10,-,1,5,2,08,15/06/2015,2,01,3,1, , , , , , , ,1, ,9865,0
00,1023,7,11A218,14,40136,3,1,0,02,-,1,3,2,15,25/08/2008,1,03,1,1,6,06, , , , , ,1, ,9865,0
00,1023,7,11A218,14,40136,3,1,0,03,-,1,3,2,13,28/07/2010,1,02,6,1,6,06, , , , , ,1, ,9865,0
00,1023,7,11A218,14,40136,4,1,0,05,-,1,5,1,33,11/05/1990,1,00, ,2,5,01,5,5,3,1,001500,1, ,9865,0
00,1023,7,11A218,14,40136,4,1,0,06,-,1,3,2,33,19/09/1990,1,03,3,2,5,01,5,5,3,1,999999,1, ,9865,0
00,1023,7,11A218,14,40136,3,1,0,01,-,1,1,2,36,13/10/1986,1,04,3,2,6,01,5,5,3,1,002000,1,1,9865,9934
00,1023,3,11A224,14,40169,1,1,0,01,-,1,1,1,82,13/07/1941,2,00, ,2,1,10, , , , , ,1,1,12776,25731
00,1023,3,11A224,14,40169,4,1,0,01,-,1,1,1,58,18/02/1965,1,02,6,2,5,01,7,3,3,1,001400,1, ,12776,0
00,1023,3,11A224,14,40169,4,1,0,02,-,1,2,2,58,30/07/1965,1,02,6,2,5,07, , , , , ,1,1,12776,51461
00,1023,3,11A224,14,40169,4,1,0,04,-,1,5,1,33,15/07/1990,1,02,6,2,1,01,7,3,3,1,001440,1, ,12776,0
00,1023,3,11A224,14,40169,4,1,0,05,-,1,5,2,12,01/08/2011,1,02,6,1,6,06, , , , , ,1, ,12776,0
00,1023,3,11A224,14,40169,2,1,0,02,-,1,2,2,59,05/05/1964,1,02,6,2,5,07, , , , , ,1, ,12776,0
00,1023,3,11A224,14,40169,2,1,0,01,-,1,1,1,65,13/03/1958,1,02,2,2,5,07, , , , , ,1, ,12776,0
00,1023,3,11A224,14,40169,2,1,0,04,-,1,3,2,29,27/02/1994,1,04,3,2,6,01,5,5,3,2,999999,1, ,12776,0
00,1023,3,11A224,14,40169,1,1,0,02,-,1,2,2,62,02/01/1961,1,02,6,2,1,07, , , , , ,1, ,12776,0
00,1023,3,11A224,14,40169,3,1,0,01,-,1,1,1,28,19/05/1995,1,04,3,2,5,01,5,7,3,2,010500,1,1,12776,25731
00,1023,3,11A224,14,40169,4,1,0,03,-,1,3,2,33,27/11/1989,1,03,2,2,1,01,5,5,3,1,999999,1, ,12776,0
00,1023,3,11A224,14,40169,4,1,0,06,-,1,5,1,14,26/01/2009,1,03,1,1,6,06, , , , , ,1, ,12776,0
00,1023,3,11A224,14,40169,3,1,0,02,-,1,2,2,26,19/12/1996,1,07,4,2,5,01,1,5,3,2,010000,1, ,12776,0
00,1023,3,11A224,14,40169,2,1,0,03,-,1,3,2,42,11/12/1980,1,04,3,2,6,01,7,2,3,1,999999,1,1,12776,51461
00,1023,3,13A224,14,40171,3,1,0,02,-,1,2,2,39,23/08/1984,1,07,5,2,5,01,3,5,3,2,999999,1,1,9298,18918
00,1023,3,13A224,14,40171,1,1,0,01,-,1,1,1,50,03/08/1973,1,07,5,2,5,01,3,5,3,2,999999,1, ,9298,0
00,1023,3,13A224,14,40171,3,1,0,01,-,1,1,1,38,16/07/1985,1,07,5,2,5,01,1,5,2,2,999999,1, ,9298,0
00,1023,3,13A224,14,40171,2,1,0,02,-,1,2,2,52,15/06/1971,2,04,3,2,5,07, , , , , ,1, ,9298,0
00,1023,3,13A224,14,40171,2,1,0,05,-,1,3,1,18,15/06/2005,1,04,3,1,6,06, , , , , ,1, ,9298,0
00,1023,3,13A224,14,40171,2,1,0,03,-,1,3,1,24,15/06/1999,1,07,5,1,6,06, , , , , ,1, ,9298,0
00,1023,3,13A224,14,40171,2,1,0,04,-,1,3,2,19,15/06/2004,1,07,2,1,6,06, , , , , ,1, ,9298,0
00,1023,3,13A224,14,40171,2,1,0,01,-,1,1,1,58,15/06/1965,1,07,5,2,5,01,1,5,3,2,999999,1,1,9298,47294
00,1023,3,13A224,14,40171,1,1,0,04,-,1,3,1,11,03/08/2012,1,02,4,1, , , , , , , ,1, ,9298,0
00,1023,3,13A224,14,40171,1,1,0,03,-,1,3,1,30,03/08/1993,1,07,5,2,5,01,3,5,3,2,999999,1, ,9298,0
00,1023,3,13A224,14,40171,1,1,0,02,-,1,2,2,52,03/08/1971,1,04,3,2,5,01,3,5,3,2,999999,1,1,9298,28376
00,1023,1,12A226,14,40174,3,1,0,03,-,1,3,2,25,16/04/1998,1,03,3,2,6,01,4,4,3,1,999999,1, ,8845,0
00,1023,1,12A226,14,40174,1,1,0,02,-,1,2,2,43,09/10/1980,1,02,6,2,5,07, , , , , ,1, ,8845,0
00,1023,1,12A226,14,40174,1,1,0,07,-,1,3,1,16,02/01/2007,1,03,3,2,6,01,6,1,3,1,999999,1, ,8845,0
00,1023,1,12A226,14,40174,1,1,0,04,-,1,3,1,24,09/10/1999,1,03,3,2,6,01,7,2,3,1,999999,1, ,8845,0
00,1023,1,12A226,14,40174,2,1,0,02,-,1,3,2,27,18/09/1996,1,03,3,2,6,01,4,4,3,1,999999,1, ,8845,0
00,1023,1,12A226,14,40174,2,1,0,05,-,1,3,2,21,15/12/2001,1,04,3,2,6,01,7,2,3,1,999999,1, ,8845,0
00,1023,1,12A226,14,40174,3,1,0,02,-,1,2,1,50,20/09/1973,2,03,3,2,5,01,6,1,2,1,999999,1, ,8845,0
00,1023,1,12A226,14,40174,1,1,0,01,-,1,1,1,48,16/05/1975,1,02,6,2,5,01,6,1,3,1,999999,1, ,8845,0
00,1023,1,12A226,14,40174,3,1,0,01,-,1,1,2,45,16/08/1978,1,03,3,2,5,01,4,4,3,1,001200,1, ,8845,0
00,1023,1,12A226,14,40174,1,1,0,05,-,1,3,2,21,09/10/2002,1,03,3,2,6,01,7,2,3,1,999999,1,1,8845,53749
00,1023,1,12A226,14,40174,1,1,0,06,-,1,3,1,19,09/10/2004,1,03,3,2,6,09, , , , , ,1, ,8845,0
00,1023,1,12A226,14,40174,2,1,0,04,-,1,5,2,08,01/11/2014,1,02,2,1, , , , , , , ,1, ,8845,0
00,1023,1,12A226,14,40174,4,1,0,01,-,1,1,2,35,15/07/1988,1,04,3,2,5,07, , , , , ,1,1,8845,8958
00,1023,1,12A226,14,40174,3,1,0,05,-,1,3,1,19,08/10/2004,1,04,3,2,6,01,6,1,3,1,001500,1,1,8845,44791
00,1023,1,12A226,14,40174,3,1,0,04,-,1,3,2,18,25/04/2005,1,02,6,2,6,07, , , , , ,1, ,8845,0
00,1023,1,12A226,14,40174,2,1,0,01,-,1,1,2,50,30/08/1973,1,03,3,2,6,07, , , , , ,1, ,8845,0
00,1023,1,12A226,14,40174,1,1,0,03,-,1,3,2,25,21/01/1998,1,03,3,2,6,01,3,5,3,1,999999,1, ,8845,0
00,1023,1,12A226,14,40174,2,1,0,03,-,1,3,2,20,08/10/2003,1,04,3,2,6,01,4,4,3,1,999999,1,1,8845,35833
00,1023,7,12A218,14,40176,3,1,0,03,-,1,3,1,31,29/08/1992,1,07,4,2,6,01,3,7,3,2,999999,1,1,7650,23246
00,1023,7,12A218,14,40176,3,1,0,01,-,1,1,1,60,10/06/1963,1,03,3,2,5,01,3,5,3,2,999999,1, ,7650,0
00,1023,7,12A218,14,40176,1,1,0,01,-,1,1,1,46,10/12/1976,1,07,5,2,5,01,5,6,3,1,999999,1,1,7650,30995
00,1023,7,12A218,14,40176,2,1,0,04,-,1,3,2,03,07/04/2020, , , , , , , , , , , ,1, ,7650,0
00,1023,7,12A218,14,40176,2,1,0,02,-,1,2,2,40,28/01/1983,1,04,3,2,5,01,4,4,3,1,999999,1, ,7650,0
00,1023,7,12A218,14,40176,2,1,0,03,-,1,3,2,12,11/04/2011,1,02,5,1,6,06, , , , , ,1, ,7650,0
00,1023,7,12A218,14,40176,4,1,0,02,-,1,2,2,40,01/12/1982,1,04,3,2,5,01,3,5,3,2,004500,1, ,7650,0
00,1023,7,12A218,14,40176,4,1,0,04,-,1,3,1,20,16/07/2003,1,07,1,2,6,01,5,5,3,1,999999,1, ,7650,0
00,1023,7,12A218,14,40176,3,1,0,02,-,1,2,2,55,01/05/1968,1,02,6,2,5,07, , , , , ,1, ,7650,0
00,1023,7,12A218,14,40176,2,1,0,01,-,1,1,1,43,07/01/1980,1,03,3,2,5,01,5,5,5,1,999999,1,1,7650,15497
00,1023,7,12A218,14,40176,1,1,0,03,-,1,3,1,21,15/05/2002,1,07,1,2,6,01,7,2,3,1,999999,1, ,7650,0
00,1023,7,12A218,14,40176,1,1,0,05,-,1,3,1,14,01/07/2009,1,03,2,1,6,06, , , , , ,1, ,7650,0
00,1023,7,12A218,14,40176,4,1,0,03,-,1,3,2,21,15/01/2002,1,07,1,2,6,01,4,4,3,1,001500,1, ,7650,0
00,1023,7,12A218,14,40176,1,1,0,02,-,1,2,2,39,16/01/1984,1,04,3,2,5,01,5,5,3,1,999999,1, ,7650,0
00,1023,7,12A218,14,40176,1,1,0,04,-,1,3,1,19,05/01/2004,1,04,2,1,6,06, , , , , ,1, ,7650,0
00,1023,7,12A218,14,40176,4,1,0,01,-,1,1,1,44,10/09/1979,1,04,3,2,5,01,7,2,3,1,002000,1,1,7650,30995
00,1023,7,12A218,14,40178,1,1,0,06,-,1,3,2,10,11/07/2013,1,02,3,1, , , , , , , ,1, ,7549,0
00,1023,7,12A218,14,40178,1,1,0,04,-,1,3,2,16,09/05/2007,1,03,3,1,6,06, , , , , ,1, ,7549,0
00,1023,7,12A218,14,40178,4,1,0,03,-,1,3,1,20,31/05/2003,1,04,2,1,6,06, , , , , ,1, ,7549,0
00,1023,7,12A218,14,40178,1,1,0,02,-,1,2,2,41,24/12/1981,1,03,3,2,5,01,5,5,3,1,001500,1, ,7549,0
00,1023,7,12A218,14,40178,2,1,0,02,-,1,3,1,23,12/04/2000,1,04,3,2,6,01,7,2,3,1,999999,1, ,7549,0
00,1023,7,12A218,14,40178,1,1,0,05,-,1,3,1,14,27/05/2009,1,03,2,1,6,06, , , , , ,1, ,7549,0
00,1023,7,12A218,14,40178,1,1,0,01,-,1,1,1,44,09/02/1979,1,04,3,2,5,01,7,2,3,1,001800,1,1,7549,22939
00,1023,7,12A218,14,40178,2,1,0,03,-,1,3,2,11,09/07/2012,1,02,3,1, , , , , , , ,1, ,7549,0
00,1023,7,12A218,14,40178,1,1,0,07,-,1,3,2,08,15/05/2015,1,02,1,1, , , , , , , ,1, ,7549,0
00,1023,7,12A218,14,40178,1,1,0,03,-,1,3,1,19,15/01/2004,1,04,3,2,6,01,4,4,2,1,002000,1, ,7549,0
00,1023,7,12A218,14,40178,4,1,0,01,-,1,1,2,58,02/04/1965,1,04,3,2,2,07, , , , , ,1, ,7549,0
00,1023,7,12A218,14,40178,2,1,0,04,-,1,3,1,09,23/01/2014,1,02,2,1, , , , , , , ,1, ,7549,0
00,1023,7,12A218,14,40178,2,1,0,01,-,1,1,2,43,21/12/1979,1,03,3,2,2,01,4,4,3,1,001400,1,1,7549,15293
00,1023,7,12A218,14,40178,4,1,0,02,-,1,3,2,28,07/02/1995,1,07,3,2,6,01,3,5,3,2,999999,1,1,7549,22939
00,1023,7,12A218,14,40178,3,1,0,04,-,1,3,1,40,05/04/1983,1,03,3,2,6,01,4,4,3,2,999999,1, ,7549,0
00,1023,7,12A218,14,40178,3,1,0,02,-,1,2,2,65,21/05/1958,1,03,1,2,5,07, , , , , ,1, ,7549,0
00,1023,7,12A218,14,40178,3,1,0,03,-,1,3,1,42,12/11/1980,1,02,6,2,6,03,7,3,4,1,002000,1,1,7549,30586
00,1023,7,12A218,14,40178,3,1,0,01,-,1,1,1,68,05/07/1955,1,02,6,2,5,08, , , , , ,1, ,7549,0
00,1023,7,11A218,14,40182,1,1,0,01,-,1,1,1,38,10/04/1985,1,07,5,2,1,01,4,4,3,2,005500,1, ,7370,0
00,1023,7,11A218,14,40182,2,1,0,01,-,1,1,2,90,24/03/1933,1,02,2,2,4,08, , , , , ,1,1,7370,14843
00,1023,7,11A218,14,40182,4,1,0,03,-,1,7,1,30,15/07/1993,1,03,3,2,6,01,4,4,3,1,002400,1,1,7370,29686
00,1023,7,11A218,14,40182,1,1,0,03,-,1,3,1,15,01/11/2007,1,03,3,1,6,06, , , , , ,1, ,7370,0
00,1023,7,11A218,14,40182,3,1,0,03,-,1,3,2,27,26/05/1996,1,03,1,2,6,07, , , , , ,1, ,7370,0
00,1023,7,11A218,14,40182,3,1,0,02,-,1,3,1,26,08/07/1997,1,04,3,2,6,01,4,4,3,1,002500,1,1,7370,22265
00,1023,2,11A218,14,40182,4,1,0,04,-,2, , , , , , , , , , , , , , , ,1, ,0,0
00,1023,7,11A218,14,40182,1,1,0,04,-,1,3,1,08,30/01/2015,1,02,1,1, , , , , , , ,1, ,7370,0
00,1023,7,11A218,14,40182,1,1,0,02,-,1,2,2,37,29/04/1986,1,04,3,2,1,07, , , , , ,1,1,7370,14843
00,1023,7,11A218,14,40182,3,1,0,01,-,1,1,2,50,17/07/1973,1,04,3,2,3,07, , , , , ,1, ,7370,0
00,1023,7,11A218,14,40182,2,1,0,02,-,1,3,1,60,19/03/1963,1,03,3,2,3,08, , , , , ,1, ,7370,0
00,1023,7,11A218,14,40182,4,1,0,05,-,1,4,2,72,11/07/1951,1,02,6,2,2,07, , , , , ,1, ,7370,0
00,1023,7,11A218,14,40182,4,1,0,02,-,1,7,1,29,15/06/1994,1,04,3,2,6,01,4,2,3,2,006500,1, ,7370,0
00,1023,7,11A218,14,40182,4,1,0,01,-,1,1,1,35,06/10/1988,1,07,5,2,6,01,4,4,3,1,002800,1, ,7370,0
00,1023,3,12A224,14,40218,2,1,0,02,-,1,6,2,10,27/12/2012,1,02,5,1, , , , , , , ,1, ,8219,0
00,1023,3,12A224,14,40218,1,1,0,01,-,1,1,2,73,24/05/1950,1,02,4,2,4,07, , , , , ,1,1,8219,16650
00,1023,3,12A224,14,40218,2,1,0,03,-,1,6,2,26,16/08/1997,1,03,3,2,6,01,4,4,3,1,003200,1, ,8219,0
00,1023,3,12A224,14,40218,4,1,0,03,-,1,6,1,16,01/08/2007,1,03,3,1,6,06, , , , , ,1, ,8219,0
00,1023,3,12A224,14,40218,4,1,0,01,-,1,1,1,27,05/03/1996,1,04,3,2,6,01,4,3,3,2,005000,1,1,8219,16650
00,1023,3,12A224,14,40218,1,1,0,02,-,1,8,1,21,30/05/2002,1,04,3,2,6,01,4,5,2,2,003200,1, ,8219,0
00,1023,3,12A224,14,40218,2,1,0,01,-,1,1,2,22,10/05/2001,1,04,3,1,6,06, , , , , ,1, ,8219,0
00,1023,3,12A224,14,40218,4,1,0,02,-,1,8,2,24,05/05/1999,1,04,3,2,6,07, , , , , ,1, ,8219,0
00,1023,3,12A224,14,40218,3,1,0,02,-,1,3,1,18,06/07/2005,1,04,3,1,6,06, , , , , ,1, ,8219,0
00,1023,3,12A224,14,40218,3,1,0,01,-,1,1,2,52,25/01/1971,1,03,3,2,6,07, , , , , ,1,1,8219,16650
00,1023,3,12A224,14,40218,2,1,0,04,-,1,4,2,46,09/08/1977,1,03,3,2,3,07, , , , , ,1,1,8219,24975
00,1023,3,11A224,14,40219,4,1,0,02,-,1,6,2,15,01/07/2008,1,03,3,1,6,07, , , , , ,1, ,10533,0
00,1023,3,11A224,14,40219,4,1,0,01,-,1,1,1,28,17/05/1995,1,03,3,2,6,01,5,5,3,2,999999,1,1,10533,31819
00,1023,3,11A224,14,40219,1,1,0,01,-,1,1,1,41,31/03/1982,1,03,3,2,5,01,5,5,3,2,999999,1,1,10533,31819
00,1023,3,11A224,14,40219,1,1,0,06,-,1,3,2,12,11/02/2011,1,02,6,1,6,06, , , , , ,1, ,10533,0
00,1023,3,11A224,14,40219,1,1,0,05,-,1,3,2,16,15/03/2007,1,04,1,1,6,06, , , , , ,1, ,10533,0
00,1023,3,11A224,14,40219,4,1,0,04,-,1,6,1,20,21/04/2003,1,03,3,2,1,01,5,5,3,2,999999,1, ,10533,0
00,1023,3,11A224,14,40219,2,1,0,02,-,1,3,1,10,17/08/2013,1,02,3,1, , , , , , , ,1, ,10533,0
00,1023,3,11A224,14,40219,2,1,0,01,-,1,1,2,30,16/11/1992,1,04,3,2,6,01,5,5,3,1,999999,1,1,10533,10606
00,1023,3,11A224,14,40219,3,1,0,04,-,1,5,2,06,21/11/2016,1,02,1,1, , , , , , , ,1, ,10533,0
00,1023,3,11A224,14,40219,3,1,0,02,-,1,3,2,23,22/05/2000,1,03,3,2,6,07, , , , , ,1,1,10533,21213
00,1023,3,11A224,14,40219,3,1,0,01,-,1,1,2,46,25/07/1977,1,02,3,2,6,01,5,5,3,1,999999,1, ,10533,0
00,1023,3,11A224,14,40219,1,1,0,04,-,1,3,1,17,13/03/2006,1,04,3,1,6,06, , , , , ,1, ,10533,0
00,1023,3,11A224,14,40219,1,1,0,02,-,1,2,2,37,16/10/1985,1,03,3,2,5,07, , , , , ,1, ,10533,0
00,1023,3,11A224,14,40219,3,1,0,03,-,1,5,1,03,26/08/2020, , , , , , , , , , , ,1, ,10533,0
00,1023,3,11A224,14,40219,4,1,0,03,-,1,2,2,19,07/08/2004,1,04,3,2,1,07, , , , , ,1, ,10533,0
00,1023,3,11A224,14,40219,1,1,0,03,-,1,4,2,73,04/04/1950,1,02,6,2,4,10, , , , , ,1, ,10533,0
00,1023,2,12A225,14,40261,2,1,0,02,-,1,4,2,62,20/07/1961,1,02,3,2,6,01,4,4,3,1,001800,1,1,7930,32128
00,1023,2,12A225,14,40261,1,1,0,03,-,1,3,1,03,07/07/2020, , , , , , , , , , , ,1, ,7930,0
00,1023,2,12A225,14,40261,2,1,0,03,-,1,6,1,35,31/05/1988,1,03,3,2,6,01,4,4,3,1,002000,1, ,7930,0
00,1023,2,12A225,14,40261,1,1,0,02,-,1,2,2,22,14/02/2001,1,04,3,2,1,07, , , , , ,1,1,7930,16064
00,1023,2,12A225,14,40261,2,1,0,01,-,1,1,2,37,19/05/1986,1,04,3,1,6,07, , , , , ,1, ,7930,0
00,1023,2,12A225,14,40261,4,1,0,01,-,1,1,1,52,17/08/1971,1,06,3,2,6,01,4,4,3,1,002500,1,1,7930,8032
00,1023,2,12A225,14,40261,3,1,0,01,-,1,1,2,34,12/08/1989,1,07,4,2,6,01,3,5,3,2,005500,1,1,7930,8032
00,1023,2,12A225,14,40261,2,1,0,04,-,1,3,2,19,10/04/2004,1,04,2,1,6,06, , , , , ,1, ,7930,0
00,1023,2,12A225,14,40261,2,1,0,05,-,1,3,1,14,25/02/2009,1,03,2,1,6,06, , , , , ,1, ,7930,0
00,1023,2,12A225,14,40261,1,1,0,01,-,1,1,1,25,18/08/1998,1,03,3,2,1,01,4,4,2,1,003000,1, ,7930,0
00,1023,2,12A225,14,40261,3,1,0,02,-,1,3,1,04,23/05/2019, , , , , , , , , , , ,1, ,7930,0
00,1023,2,12A225,14,40261,2,1,0,06,-,1,3,1,11,12/06/2012,1,02,5,1, , , , , , , ,1, ,7930,0
00,1023,2,13A225,14,40263,2,1,0,03,-,1,3,1,16,23/06/2007,1,04,1,1,6,06, , , , , ,1, ,10704,0
00,1023,2,13A225,14,40263,4,1,0,01,-,1,1,2,79,22/03/1944,1,05,4,2,4,08, , , , , ,1, ,10704,0
00,1023,2,13A225,14,40263,2,1,0,02,-,1,2,2,42,06/07/1981,1,07,4,2,5,01,1,5,3,2,007000,1,1,10704,21778
00,1023,2,13A225,14,40263,4,1,0,03,-,2, , , , , , , , , , , , , , , ,1, ,0,0
00,1023,2,13A225,14,40263,2,1,0,01,-,1,1,1,45,01/09/1978,1,07,4,2,5,01,1,5,3,2,009000,1, ,10704,0
00,1023,2,13A225,14,40263,4,1,0,04,-,1,3,1,42,10/06/1981,1,03,3,2,6,01,1,6,3,3,018000,1,1,10704,21778
00,1023,2,13A225,14,40263,4,1,0,02,-,2, , , , , , , , , , , , , , , ,1, ,0,0
00,1023,2,13A225,14,40263,2,1,0,05,-,1,3,1,11,12/09/2012,1,02,5,1, , , , , , , ,1, ,10704,0
00,1023,2,13A225,14,40263,2,1,0,04,-,1,3,1,15,25/04/2008,1,03,3,1,6,06, , , , , ,1, ,10704,0
00,1023,2,12A225,14,40264,1,1,1,02,-,1,2,2,42,16/12/1980,1,02,6,2,5,01,4,4,3,1,001500,1,1,7735,15668
00,1023,2,12A225,14,40264,2,1,0,03,-,1,3,2,15,06/12/2007,1,04,1,1,6,06, , , , , ,1, ,7735,0
00,1023,2,12A225,14,40264,1,1,1,05,-,1,3,2,07,26/08/2016,2,01,3,1, , , , , , , ,1, ,7735,0
00,1023,2,12A225,14,40264,2,1,0,04,-,1,3,1,11,04/07/2012,1,02,4,1, , , , , , , ,1, ,7735,0
00,1023,2,12A225,14,40264,1,1,1,04,-,1,3,1,14,14/05/2009,1,03,2,2,6,01,4,4,3,1,001500,1, ,7735,0
00,1023,2,12A225,14,40264,3,1,0,01,-,1,1,1,52,26/03/1971,1,04,3,2,5,08, , , , , ,1,1,7735,15668
00,1023,2,12A225,14,40264,3,1,0,04,-,1,3,1,10,27/09/2013,1,02,4,1, , , , , , , ,1, ,7735,0
00,1023,2,12A225,14,40264,3,1,0,02,-,1,2,2,52,08/05/1971,1,07,4,2,5,01,2,5,3,2,005000,1, ,7735,0
00,1023,2,12A225,14,40264,2,1,0,01,-,1,1,1,37,02/04/1986,1,03,3,2,5,01,7,2,2,1,003500,1,1,7735,15668
00,1023,2,12A225,14,40264,1,1,1,01,-,1,1,1,42,12/11/1980,1,03,3,2,5,01,7,2,3,1,002500,1, ,7735,0
00,1023,2,12A225,14,40264,2,1,0,02,-,1,2,2,37,05/02/1986,1,04,3,2,5,02,7,2,6,5, ,1, ,7735,0
00,1023,2,12A225,14,40264,1,1,1,03,-,1,3,1,17,30/11/2005,1,03,2,2,6,01,4,4,3,1,001300,1, ,7735,0
00,1023,2,12A225,14,40264,3,1,0,03,-,1,3,2,14,19/06/2009,1,03,2,1,6,06, , , , , ,1, ,7735,0
00,1023,2,11A225,14,40265,1,1,0,01,-,1,1,1,62,20/06/1961,1,03,3,2,1,01,7,3,3,1,003000,1, ,7355,0
00,1023,2,11A225,14,40265,3,1,0,04,-,1,3,1,05,05/06/2018,2,01,2,1, , , , , , , ,1, ,7355,0
00,1023,2,11A225,14,40265,4,1,0,03,-,1,3,2,01,28/04/2022, , , , , , , , , , , ,1, ,7355,0
00,1023,2,11A225,14,40265,2,1,0,02,-,1,2,2,98, ,1,06,3,2,5,07, , , , , ,1, ,7355,0
00,1023,2,11A225,14,40265,4,1,0,01,-,1,1,1,23,26/01/2000,1,04,3,2,5,01,5,5,3,2,004200,1, ,7355,0
00,1023,2,11A225,14,40265,3,1,0,03,-,1,3,1,15,02/03/2008,1,03,3,1,6,06, , , , , ,1, ,7355,0
00,1023,2,11A225,14,40265,3,1,0,02,-,1,2,2,36,24/10/1986,1,06,3,2,5,01,1,5,3,1,001200,1,1,7355,14814
00,1023,2,11A225,14,40265,2,1,0,01,-,1,1,1,77,16/06/1946,1,02,3,2,5,10, , , , , ,1,1,7355,14814
00,1023,2,11A225,14,40265,1,1,0,03,-,1,3,1,33,06/01/1990,1,02,6,2,6,01,7,3,3,1,001800,1,1,7355,22221
00,1023,2,11A225,14,40265,3,1,0,01,-,1,1,1,39,23/11/1983,1,06,3,2,5,01,5,4,3,1,002000,1, ,7355,0
00,1023,2,11A225,14,40265,1,1,0,02,-,1,2,2,51,31/10/1971,1,02,6,2,1,01,7,3,3,1,001500,1, ,7355,0
00,1023,2,11A225,14,40265,4,1,0,02,-,1,2,2,22,17/07/2001,1,03,3,2,5,01,4,4,3,2,003000,1,1,7355,14814
00,1023,6,13B211,14,40269,2,1,0,02,-,1,2,2,46,10/11/1976,1,07,4,2,5,07, , , , , ,1,1,8415,25681
00,1023,6,13B211,14,40269,2,1,0,05,-,1,3,1,06,09/12/2016,1,02,1,1, , , , , , , ,1, ,8415,0
00,1023,5,13B211,14,40269,1,1,0,01,-,2, , , , , , , , , , , , , , , ,1, ,0,0
00,1023,6,13B211,14,40269,2,1,0,01,-,1,1,1,53,04/02/1970,1,08,2,2,5,01,7,2,2,2,999999,1, ,8415,0
00,1023,6,13B211,14,40269,4,1,0,03,-,1,5,1,26,25/04/1997,1,07,5,1,6,06, , , , , ,1, ,8415,0
00,1023,5,13B211,14,40269,1,1,0,04,-,2, , , , , , , , , , , , , , , ,1, ,0,0
00,1023,5,13B211,14,40269,1,1,0,02,-,2, , , , , , , , , , , , , , , ,1, ,0,0
00,1023,6,13B211,14,40269,1,1,0,05,-,1,3,1,23,17/02/2000,1,07,2,2,6,01,5,5,3,1,999999,1,1,8415,8560
00,1023,6,13B211,14,40269,2,1,0,04,-,1,3,1,11,18/08/2012,1,02,5,1, , , , , , , ,1, ,8415,0
00,1023,6,13B211,14,40269,4,1,0,04,-,1,3,2,53,01/04/1970,1,07,5,2,5,01,1,5,3,2,999999,1, ,8415,0
00,1023,6,13B211,14,40269,2,1,0,03,-,1,3,2,18,06/10/2005,1,04,2,1,6,06, , , , , ,1, ,8415,0
00,1023,6,13B211,14,40269,4,1,0,02,-,1,2,1,82,15/09/1941,1,07,4,2,5,01,1,2,2,1,999999,1,1,8415,34241
00,1023,5,13B211,14,40269,1,1,0,03,-,2, , , , , , , , , , , , , , , ,1, ,0,0
00,1023,6,13B211,14,40269,4,1,0,01,-,1,1,2,78,01/08/1945,1,04,3,2,5,07, , , , , ,1, ,8415,0
00,1023,6,12B211,14,40274,4,1,0,03,-,1,5,1,22,27/08/2001,1,03,3,2,6,10, , , , , ,1,1,7934,24108
00,1023,6,12B211,14,40274,2,1,0,01,-,1,1,2,54,22/09/1969,1,06,2,2,6,01,5,5,3,2,999999,1, ,7934,0
00,1023,6,12B211,14,40274,1,1,0,01,-,1,1,1,49,17/06/1974,1,03,3,2,5,01,5,5,3,2,999999,1, ,7934,0
00,1023,6,12B211,14,40274,4,1,0,01,-,1,1,2,69,13/03/1954,1,02,6,2,4,07, , , , , ,1, ,7934,0
00,1023,6,12B211,14,40274,2,1,0,02,-,1,6,1,55,18/03/1968,1,07,5,2,6,01,5,5,3,2,999999,1,1,7934,16072
00,1023,6,12B211,14,40274,1,1,0,03,-,1,3,1,21,13/04/2002,1,03,3,2,6,01,4,4,3,1,999999,1, ,7934,0
00,1023,6,12B211,14,40274,4,1,0,02,-,1,3,2,47,03/04/1976,1,03,3,2,5,01,5,5,3,2,999999,1, ,7934,0
00,1023,6,12B211,14,40274,1,1,0,02,-,1,2,2,45,21/04/1978,1,02,5,2,5,07, , , , , ,1, ,7934,0
00,1023,6,12B211,14,40274,3,1,1,01,-,1,1,1,23,23/12/1999,1,06,4,2,6,01,5,5,3,2,999999,1,1,7934,8036
00,1023,6,12B211,14,40274,1,1,0,06,-,1,6,1,38,18/07/1985,1,04,3,2,6,01,5,5,3,2,999999,1,1,7934,32144
00,1023,6,12B211,14,40274,1,1,0,04,-,1,3,1,17,13/11/2005,1,03,3,1,6,06, , , , , ,1, ,7934,0
00,1023,6,12B211,14,40274,1,1,0,05,-,1,3,1,07,28/09/2016,2,01,3,1, , , , , , , ,1, ,7934,0
00,1023,6,13B211,14,40275,2,1,0,01,-,1,1,2,51,20/09/1972,1,07,4,2,5,01,3,5,3,2,999999,1,1,10384,52816
00,1023,6,13B211,14,40275,4,1,0,01,-,1,1,1,49,22/10/1973,1,07,5,2,5,01,2,5,3,2,005000,1, ,10384,0
00,1023,6,13B211,14,40275,2,1,0,03,-,1,2,1,51,22/06/1972,1,04,3,2,5,10, , , , , ,1, ,10384,0
00,1023,6,13B211,14,40275,3,1,0,02,-,1,2,2,66,24/08/1957,1,07,4,2,5,01,1,5,3,2,999999,1, ,10384,0
00,1023,6,13B211,14,40275,2,1,0,05,-,1,3,1,21,28/02/2002,1,07,1,1,6,06, , , , , ,1, ,10384,0
00,1023,6,13B211,14,40275,1,1,0,03,-,1,3,2,28,30/04/1995,1,07,5,2,6,01,3,2,3,2,999999,1, ,10384,0
00,1023,6,13B211,14,40275,1,1,0,01,-,1,1,1,63,17/07/1960,1,09,2,2,4,01,2,7,3,2,999999,1, ,10384,0
00,1023,6,13B211,14,40275,2,1,0,04,-,1,3,1,26,20/04/1997,1,07,4,1,6,06, , , , , ,1, ,10384,0
00,1023,6,13B211,14,40275,2,1,0,02,-,1,3,2,29,01/03/1994,1,07,4,2,6,01,1,7,3,2,999999,1, ,10384,0
00,1023,6,13B211,14,40275,3,1,0,01,-,1,1,1,67,29/05/1956,1,07,5,2,5,01,3,5,2,3,999999,1,1,10384,31690
00,1023,6,13B211,14,40275,1,1,0,02,-,1,3,2,31,27/01/1992,1,07,5,2,6,01,1,5,2,3,999999,1,1,10384,42253
00,1023,6,13B211,14,40275,1,1,0,04,-,1,3,1,24,27/08/1999,1,08,1,1,6,06, , , , , ,1, ,10384,0
00,1023,6,13B211,14,40275,4,1,0,02,-,1,2,2,53,08/07/1970,1,07,5,2,5,07, , , , , ,1, ,10384,0
00,1023,6,13B211,14,40275,4,1,0,03,-,1,3,1,19,20/10/2003,1,07,2,1,6,06, , , , , ,1,1,10384,31690
00,1023,6,13B211,14,40275,4,1,0,04,-,1,3,2,14,04/08/2009,1,03,2,1,6,06, , , , , ,1, ,10384,0
00,1023,6,13B211,14,40275,3,1,0,03,-,1,7,2,32,16/06/1991,1,07,4,2,6,01,1,5,3,2,005000,1, ,10384,0
00,1023,2,12A225,14,40309,4,1,0,01,-,1,1,2,50,19/03/1973,1,02,6,2,5,07, , , , , ,1,1,8379,16973
00,1023,2,12A225,14,40309,3,1,0,03,-,1,3,1,98, ,1,04,1,1,6,06, , , , , ,1, ,8379,0
00,1023,2,12A225,14,40309,4,1,0,03,-,1,3,1,10,27/03/2013,1,02,4,1, , , , , , , ,1, ,8379,0
00,1023,2,12A225,14,40309,3,1,0,02,-,1,3,2,98, ,1,07,3,1,6,01,4,5,3,1,001800,1, ,8379,0
00,1023,2,12A225,14,40309,2,1,0,01,-,1,1,1,73,29/12/1949,2,03,3,2,5,08, , , , , ,1, ,8379,0
00,1023,2,12A225,14,40309,1,1,0,02,-,1,6,1,22,15/06/2001,1,03,3,2,6,01,4,5,3,1,001500,1,1,8379,16973
00,1023,2,12A225,14,40309,4,1,0,02,-,1,3,1,22,31/01/2001,1,07,4,2,6,01,4,3,3,2,006500,1, ,8379,0
00,1023,2,12A225,14,40309,3,1,0,04,-,1,3,2,99, , , , , , , , , , , , ,1, ,8379,0
00,1023,2,12A225,14,40309,3,1,0,01,-,1,1,2,40,16/12/1982,1,07,4,1,5,01,4,4,3,1,001800,1,1,8379,25460
00,1023,2,12A225,14,40309,2,1,0,02,-,1,2,2,70,23/06/1953,1,02,6,2,5,07, , , , , ,1,1,8379,16973
00,1023,2,12A225,14,40309,1,1,0,01,-,1,1,1,30,19/05/1993,1,04,3,2,6,01,1,5,2,1,005000,1, ,8379,0
00,1023,6,12B211,14,40314,2,1,0,01,-,1,1,2,89,22/06/1934,1,03,3,2,5,07, , , , , ,1, ,7930,0
00,1023,6,12B211,14,40314,3,1,0,04,-,1,7,2,19,22/01/2004,1,03,3,1,6,06, , , , , ,1, ,7930,0
00,1023,6,12B211,14,40314,1,1,0,03,-,1,5,1,38,16/05/1985,1,04,3,2,5,01,4,5,3,2,006000,1, ,7930,0
00,1023,6,12B211,14,40314,1,1,0,05,-,1,5,1,17,16/07/2006,1,03,2,1,6,06, , , , , ,1, ,7930,0
00,1023,6,12B211,14,40314,1,1,0,07,-,1,5,1,05,31/10/2017,2,01,2,1, , , , , , , ,1, ,7930,0
00,1023,6,12B211,14,40314,1,1,0,02,-,1,2,1,71,22/10/1951,1,03,3,2,5,08, , , , , ,1, ,7930,0
00,1023,6,12B211,14,40314,2,1,0,03,-,1,2,1,90,04/11/1932,1,07,3,2,5,01,4,4,3,2,005500,1, ,7930,0
00,1023,6,12B211,14,40314,3,1,0,05,-,1,5,1,06,24/01/2017,2,01,3,1, , , , , , , ,1, ,7930,0
00,1023,6,12B211,14,40314,3,1,0,03,-,2, , , , , , , , , , , , , , , ,1, ,0,0
00,1023,6,12B211,14,40314,1,1,0,04,-,1,3,2,35,21/04/1988,1,04,3,2,5,07, , , , , ,1, ,7930,0
00,1023,6,12B211,14,40314,1,1,0,01,-,1,1,2,65,23/09/1958,1,03,3,2,5,07, , , , , ,1,1,7930,32128
00,1023,6,12B211,14,40314,3,1,0,02,-,1,6,2,54,29/04/1969,1,03,3,2,6,07, , , , , ,1, ,7930,0
00,1023,6,12B211,14,40314,1,1,0,06,-,1,5,2,14,11/12/2008,1,02,6,1,6,06, , , , , ,1, ,7930,0
00,1023,6,12B211,14,40314,2,1,0,02,-,1,3,1,52,21/10/1970,1,07,4,2,6,01,4,4,3,1,002500,1,1,7930,24096
00,1023,6,12B211,14,40314,3,1,0,01,-,1,1,2,55,25/11/1967,1,03,3,2,2,08, , , , , ,1,1,7930,24096
00,1023,6,11B211,14,40320,1,1,1,02,-,1,2,2,31,09/02/1992,1,03,3,2,1,01,7,2,3,1,999999,1, ,8560,0
00,1023,6,11B211,14,40320,3,1,0,02,-,1,2,2,41,16/08/1982,1,04,3,2,1,07, , , , , ,1, ,8560,0
00,1023,6,11B211,14,40320,3,1,0,04,-,1,3,2,98, ,1,03,1,1,6,06, , , , , ,1, ,8560,0
00,1023,6,11B211,14,40320,3,1,0,01,-,1,1,1,32,11/02/1991,1,07,4,2,1,01,7,2,3,1,003200,1,1,8560,25862
00,1023,6,11B211,14,40320,2,1,1,04,-,1,3,2,21,12/12/2001,1,04,2,2,6,01,3,3,3,2,004200,1,1,8560,34482
00,1023,6,11B211,14,40320,4,1,0,01,-,1,1,1,22,10/02/2001,1,04,3,2,1,01,1,5,3,1,003500,1, ,8560,0
00,1023,6,11B211,14,40320,2,1,1,01,-,1,1,1,56,15/10/1966,1,00, ,2,5,01,7,3,3,1,002500,1, ,8560,0
00,1023,6,11B211,14,40320,4,1,0,03,-,1,3,2,01,09/05/2022, , , , , , , , , , , ,1, ,8560,0
00,1023,6,11B211,14,40320,3,1,0,06,-,1,3,1,99, , , , , , , , , , , , ,1, ,8560,0
00,1023,6,11B211,14,40320,1,1,1,04,-,1,3,1,16,30/05/2007,1,02,6,2,6,10, , , , , ,1, ,8560,0
00,1023,6,11B211,14,40320,2,1,1,06,-,1,5,1,00,30/08/2023, , , , , , , , , , , ,1, ,8560,0
00,1023,6,11B211,14,40320,1,1,1,01,-,1,1,1,36,21/01/1987,1,03,3,2,1,01,7,5,3,2,999999,1,1,8560,17241
00,1023,6,11B211,14,40320,3,1,0,05,-,1,3,2,99, , , , , , , , , , , , ,1, ,8560,0
00,1023,6,11B211,14,40320,2,1,1,05,-,1,3,2,12,05/10/2010,1,02,6,1,6,06, , , , , ,1, ,8560,0
00,1023,6,11B211,14,40320,2,1,1,02,-,1,2,2,55,08/08/1968,2,03,3,2,5,07, , , , , ,1, ,8560,0
00,1023,6,11B211,14,40320,1,1,1,03,-,1,3,1,17,17/10/2005,1,03,3,2,6,01,5,5,4,1,001500,1, ,8560,0
00,1023,2,11B211,14,40320,3,1,0,03,-,2, , , , , , , , , , , , , , , ,1, ,0,0
00,1023,6,11B211,14,40320,2,1,1,03,-,1,3,1,34,26/09/1989,1,04,3,2,5,01,7,3,3,1,002500,1, ,8560,0
00,1023,6,11B211,14,40320,4,1,0,02,-,1,2,2,31,05/11/1991,1,03,3,2,1,04, , , , , ,1,1,8560,17241
00,1023,2,11A225,14,40358,1,1,0,03,-,1,3,1,22,02/07/2001,1,03,3,2,6,01,7,3,4,1,002500,1, ,10905,0
00,1023,2,11A225,14,40358,2,1,0,02,-,1,2,2,27,27/05/1996,1,06,4,2,5,01,1,5,3,2,999999,1, ,10905,0
00,1023,2,11A225,14,40358,4,1,0,01,-,1,1,2,72,05/09/1951,1,02,6,2,6,08, , , , , ,1,1,10905,21963
00,1023,2,11A225,14,40358,1,1,0,01,-,1,1,1,55,05/07/1968,1,02,3,2,5,01,7,3,3,1,002500,1, ,10905,0
00,1023,2,11A225,14,40358,1,1,0,02,-,1,2,2,52,04/06/1971,1,03,3,2,5,01,5,5,3,1,000600,1,1,10905,32944
00,1023,2,11A225,14,40358,2,1,0,01,-,1,1,1,32,11/04/1991,1,07,6,2,5,01,4,5,2,1,999999,1,1,10905,21963
00,1023,2,11A225,14,40358,2,1,0,03,-,1,3,1,03,03/08/2020, , , , , , , , , , , ,1, ,10905,0
00,1023,2,11A225,14,40358,1,1,0,04,-,1,3,2,14,09/07/2009,1,03,3,2,6,01,7,2,3,1,001000,1, ,10905,0
00,1023,2,11A225,14,40358,4,1,0,02,-,1,3,1,43,05/09/1980,1,02,6,2,6,01,4,4,3,1,001800,1, ,10905,0
00,1023,6,12B211,14,40363,1,1,0,04,-,1,3,2,12,20/11/2010,1,02,6,1,6,06, , , , , ,1, ,13625,0
00,1023,6,12B211,14,40363,1,1,0,01,-,1,1,1,47,14/01/1976,1,07,5,2,5,01,1,5,3,1,999999,1, ,13625,0
00,1023,6,12B211,14,40363,1,1,0,03,-,1,3,1,09,12/12/2013,1,02,3,1, , , , , , , ,1, ,13625,0
00,1023,6,12B211,14,40363,2,1,0,02,-,1,2,2,57,05/06/1966,1,03,3,2,5,01,4,4,3,1,999999,1,1,13625,27599
00,1023,6,12B211,14,40363,3,1,0,02,-,1,2,2,57,04/11/1965,1,02,3,2,5,07, , , , , ,1, ,13625,0
00,1023,6,12B211,14,40363,2,1,0,01,-,1,1,1,59,10/03/1964,1,02,6,2,5,01,4,4,2,2,999999,1, ,13625,0
00,1023,6,12B211,14,40363,4,1,0,01,-,1,1,2,61,30/04/1962,1,03,3,2,4,01,4,4,2,1,999999,1,1,13625,41399
00,1023,5,12B211,14,40363,4,1,0,02,-,2, , , , , , , , , , , , , , , ,1, ,0,0
00,1023,6,12B211,14,40363,3,1,0,04,-,1,3,2,23,31/03/2000,1,07,5,2,6,01,5,5,3,2,999999,1, ,13625,0
00,1023,6,12B211,14,40363,3,1,0,03,-,1,7,2,51,07/07/1972,2,00, ,2,6,09, , , , , ,1, ,13625,0
00,1023,6,12B211,14,40363,3,1,0,01,-,1,1,1,67,02/02/1956,1,04,3,2,5,08, , , , , ,1,1,13625,55198
00,1023,6,12B211,14,40363,4,1,0,04,-,1,3,1,29,13/07/1994,1,07,5,2,6,04, , , , , ,1, ,13625,0
00,1023,6,12B211,14,40363,1,1,0,02,-,1,2,2,41,25/03/1982,1,07,5,2,5,01,5,5,3,2,999999,1,1,13625,27599
00,1023,6,12B211,14,40363,4,1,0,03,-,1,3,2,36,17/06/1987,1,03,3,2,5,01,5,2,3,2,999999,1, ,13625,0
00,1023,6,12B211,14,40365,4,1,0,04,-,1,3,2,13,10/01/2010,1,02,5,1,6,06, , , , , ,1, ,7938,0
00,1023,6,12B211,14,40365,1,1,0,03,-,1,3,1,22,04/08/2001,1,04,3,2,6,04, , , , , ,1, ,7938,0
00,1023,6,12B211,14,40365,4,1,0,03,-,1,3,1,16,08/10/2006,1,03,3,1,6,06, , , , , ,1, ,7938,0
00,1023,6,12B211,14,40365,3,1,0,01,-,1,1,1,26,03/06/1997,1,04,3,2,1,01,4,4,2,1,999999,1, ,7938,0
00,1023,6,12B211,14,40365,3,1,0,02,-,1,2,2,25,02/02/1998,1,07,5,2,1,01,5,7,3,2,999999,1,1,7938,16080
00,1023,6,12B211,14,40365,4,1,0,02,-,1,3,1,18,10/01/2005,1,03,3,1,6,06, , , , , ,1, ,7938,0
00,1023,6,12B211,14,40365,3,1,0,03,-,1,3,2,05,11/03/2018,2,01,2,1, , , , , , , ,1, ,7938,0
00,1023,6,12B211,14,40365,2,1,0,01,-,1,1,1,46,25/10/1976,1,03,2,2,1,01,7,2,4,1,002000,1,1,7938,8040
00,1023,6,12B211,14,40365,1,1,0,04,-,1,3,1,31,30/04/1992,1,03,3,2,6,01,7,2,3,1,999999,1, ,7938,0
00,1023,6,12B211,14,40365,1,1,0,02,-,1,2,1,56,16/06/1967,1,02,6,2,5,01,7,3,3,1,999999,1, ,7938,0
00,1023,6,12B211,14,40365,1,1,0,01,-,1,1,2,51,26/02/1972,1,03,3,2,5,07, , , , , ,1, ,7938,0
00,1023,6,12B211,14,40365,4,1,0,05,-,1,3,2,11,25/09/2012,1,02,3,1, , , , , , , ,1, ,7938,0
00,1023,6,12B211,14,40365,4,1,0,01,-,1,1,2,35,19/09/1988,1,03,2,2,6,07, , , , , ,1,1,7938,16080
00,1023,6,12B211,14,40365,1,1,0,06,-,1,4,1,86,17/10/1936,2,00, ,2,5,10, , , , , ,1, ,7938,0
00,1023,6,12B211,14,40365,1,1,0,05,-,1,4,2,82,12/06/1941,2,00, ,2,5,10, , , , , ,1,1,7938,48240
00,1023,2,13A225,14,40399,2,1,0,04,-,1,3,1,16,10/03/2007,1,03,3,2,6,01,7,2,3,1,001800,1, ,9620,0
00,1023,2,13A225,14,40399,2,1,0,06,-,1,5,1,04,10/03/2019, , , , , , , , , , , ,1, ,9620,0
00,1023,2,13A225,14,40399,2,1,0,01,-,1,1,1,45,15/03/1978,1,03,3,2,5,01,5,5,3,2,010000,1,1,9620,29360
00,1023,2,13A225,14,40399,3,1,0,03,-,1,3,2,17,13/10/2005,1,04,2,1,6,06, , , , , ,1, ,9620,0
00,1023,2,13A225,14,40399,2,1,0,05,-,1,3,1,10,07/08/2013,1,02,4,1, , , , , , , ,1, ,9620,0
00,1023,2,13A225,14,40399,3,1,0,02,-,1,3,1,26,23/05/1997,1,07,5,2,6,01,5,2,3,1,999999,1, ,9620,0
00,1023,2,13A225,14,40399,2,1,0,03,-,1,3,2,22,20/09/2001,1,04,3,2,6,01,3,3,3,1,999999,1, ,9620,0
00,1023,2,13A225,14,40399,3,1,0,01,-,1,1,2,59,25/05/1964,1,04,3,2,4,07, , , , , ,1,1,9620,19573
00,1023,2,13A225,14,40399,2,1,0,02,-,1,2,2,40,25/07/1983,1,03,3,1,5,07, , , , , ,1, ,9620,0
00,1023,2,12A225,14,40402,4,1,0,01,-,1,1,1,49,12/10/1974,1,07,4,2,5,01,4,3,3,1,003800,1, ,6671,0
00,1023,2,12A225,14,40402,1,1,0,02,-,1,3,2,16,05/01/2007,1,03,3,1,6,06, , , , , ,1, ,6671,0
00,1023,2,12A225,14,40402,2,1,0,01,-,1,1,2,34,23/05/1989,1,03,3,2,6,07, , , , , ,1,1,6671,13514
00,1023,2,12A225,14,40402,2,1,0,03,-,1,3,2,10,14/08/2013,1,02,3,1, , , , , , , ,1, ,6671,0
00,1023,2,12A225,14,40402,1,1,0,01,-,1,1,2,42,15/03/1981,1,03,3,2,5,01,4,4,3,2,006550,1,1,6671,6757
00,1023,2,12A225,14,40402,4,1,0,04,-,1,3,2,16,13/08/2007,1,03,3,1,6,06, , , , , ,1, ,6671,0
00,1023,2,12A225,14,40402,4,1,0,03,-,1,3,2,21,04/11/2001,1,03,3,2,6,01,4,4,3,1,002500,1, ,6671,0
00,1023,2,12A225,14,40402,4,1,0,02,-,1,2,2,50,23/09/1973,1,02,6,2,5,07, , , , , ,1,1,6671,20271
00,1023,2,12A225,14,40402,2,1,0,05,-,1,3,1,04,08/03/2019, , , , , , , , , , , ,1, ,6671,0
00,1023,2,12A225,14,40402,4,1,0,07,-,1,5,1,04,21/05/2019, , , , , , , , , , , ,1, ,6671,0
00,1023,2,12A225,14,40402,4,1,0,06,-,1,3,2,13,01/09/2010,1,03,1,1,6,06, , , , , ,1, ,6671,0
00,1023,2,12A225,14,40402,2,1,0,02,-,1,8,1,44,08/04/1979,1,02,6,2,6,01,4,4,3,1,003000,1, ,6671,0
00,1023,2,12A225,14,40402,1,1,0,03,-,1,3,2,11,08/09/2012,1,02,5,1, , , , , , , ,1, ,6671,0
00,1023,2,12A225,14,40402,4,1,0,05,-,1,3,1,15,24/08/2008,1,03,3,1,6,06, , , , , ,1, ,6671,0
00,1023,2,12A225,14,40402,1,1,0,04,-,1,3,2,08,16/01/2015,1,02,2,1, , , , , , , ,1, ,6671,0
00,1023,2,12A225,14,40402,4,1,0,08,-,1,5,1,01,10/04/2022, , , , , , , , , , , ,1, ,6671,0
00,1023,2,12A225,14,40402,2,1,0,04,-,1,3,1,04,08/03/2019, , , , , , , , , , , ,1, ,6671,0
00,1023,6,11B211,14,40412,4,1,0,02,-,1,2,2,28,16/02/1995,1,03,3,2,5,01,7,2,3,1,001700,1, ,10985,0
00,1023,6,11B211,14,40412,1,1,0,01,-,1,1,1,37,20/03/1986,1,02,6,2,5,01,7,3,4,1,002500,1, ,10985,0
00,1023,6,11B211,14,40412,4,1,0,03,-,1,7,2,55,13/10/1967,1,03,3,2,4,07, , , , , ,1,1,10985,33185
00,1023,6,11B211,14,40412,1,1,0,04,-,1,3,2,13,12/09/2010,1,02,6,1,6,06, , , , , ,1, ,10985,0
00,1023,6,11B211,14,40412,4,1,0,01,-,1,1,1,29,09/06/1994,1,04,3,2,5,01,7,3,3,1,003000,1, ,10985,0
00,1023,6,11B211,14,40412,1,1,0,02,-,1,2,2,36,08/11/1986,1,04,3,2,5,07, , , , , ,1,1,10985,33185
00,1023,6,11B211,14,40412,3,1,1,02,-,1,2,2,38,11/05/1985,1,04,3,2,1,02,4,4,6,5, ,1, ,10985,0
00,1023,6,11B211,14,40412,2,1,1,01,-,1,1,1,37,12/10/1986,1,02,6,2,3,01,4,4,2,1,002500,1,1,10985,11062
00,1023,6,11B211,14,40412,1,1,0,03,-,1,3,2,18,22/09/2005,1,04,1,1,6,06, , , , , ,1, ,10985,0
00,1023,6,11B211,14,40412,3,1,1,01,-,1,1,1,36,21/08/1987,1,03,3,2,1,01,4,4,2,1,002000,1,1,10985,22124
00,1023,6,11B211,14,40412,3,1,1,03,-,1,3,2,04,02/10/2019, , , , , , , , , , , ,1, ,10985,0
00,1023,6,11B211,14,40412,4,1,0,04,-,1,3,2,00,21/01/2023, , , , , , , , , , , ,1, ,10985,0
00,1023,6,11B211,14,40412,1,1,0,05,-,1,3,2,11,30/10/2011,1,02,4,1, , , , , , , ,1, ,10985,0
00,1023,4,12A223,14,40437,3,1,0,02,-,1,2,2,51,15/02/1972,1,04,3,2,5,07, , , , , ,1, ,8633,0
00,1023,4,12A223,14,40437,4,1,0,03,-,1,3,1,11,11/05/2012,1,02,4,1, , , , , , , ,1, ,8633,0
00,1023,3,12A223,14,40437,4,1,0,04,-,2, , , , , , , , , , , , , , , ,1, ,0,0
00,1023,4,12A223,14,40437,1,1,0,01,-,1,1,2,51,04/07/1972,1,02,6,2,5,07, , , , , ,1, ,8633,0
00,1023,4,12A223,14,40437,3,1,0,01,-,1,1,1,55,22/11/1967,1,04,3,2,5,01,4,4,3,2,999999,1, ,8633,0
00,1023,4,12A223,14,40437,3,1,0,05,-,1,3,2,25,31/10/1997,1,07,5,2,6,01,5,5,3,2,002600,1,1,8633,43719
00,1023,4,12A223,14,40437,3,1,0,04,-,1,3,1,21,27/11/2001,1,03,3,1,6,06, , , , , ,1, ,8633,0
00,1023,4,12A223,14,40437,4,1,0,01,-,1,1,1,32,10/07/1991,1,04,3,2,1,01,7,2,3,1,999999,1, ,8633,0
00,1023,4,12A223,14,40437,1,1,0,03,-,1,3,1,21,01/07/2002,1,04,3,1,6,01,5,5,3,2,001800,1, ,8633,0
00,1023,4,12A223,14,40437,4,1,0,05,-,1,3,2,03,10/01/2020, , , , , , , , , , , ,1, ,8633,0
00,1023,4,12A223,14,40437,1,1,0,02,-,1,2,1,61,02/02/1962,1,03,3,2,5,08, , , , , ,1,1,8633,26232
00,1023,4,12A223,14,40437,3,1,0,03,-,1,3,1,22,10/02/2001,1,04,3,2,6,04, , , , , ,1, ,8633,0
00,1023,4,12A223,14,40437,4,1,0,02,-,1,2,2,29,19/05/1994,1,07,1,2,1,01,4,4,3,2,002700,1,1,8633,17488
00,1023,4,12A223,14,40438,3,1,0,03,-,1,3,2,02,04/03/2021, , , , , , , , , , , ,1, ,8443,0
00,1023,4,12A223,14,40438,1,1,0,01,-,1,1,1,46,17/07/1977,1,04,3,2,5,01,1,5,3,2,010000,1, ,8443,0
00,1023,4,12A223,14,40438,3,1,0,01,-,1,1,1,27,05/04/1996,1,06,4,2,1,01,3,7,3,2,009000,1,1,8443,17103
00,1023,4,12A223,14,40438,1,1,0,03,-,1,3,1,22,18/05/2001,1,07,1,1,6,01,7,2,3,2,999999,1,1,8443,25654
00,1023,4,12A223,14,40438,1,1,0,02,-,1,2,2,44,30/05/1979,1,03,3,2,5,07, , , , , ,1, ,8443,0
00,1023,4,12A223,14,40438,4,1,0,03,-,1,3,2,28,14/11/1994,1,07,4,2,6,04, , , , , ,1, ,8443,0
00,1023,4,12A223,14,40438,1,1,0,05,-,1,3,2,06,20/04/2017,2,01,3,1, , , , , , , ,1, ,8443,0
00,1023,4,12A223,14,40438,1,1,0,04,-,1,3,1,17,06/06/2006,1,04,2,1,6,06, , , , , ,1, ,8443,0
00,1023,4,12A223,14,40438,4,1,0,01,-,1,1,1,65,29/12/1957,1,02,2,2,5,08, , , , , ,1, ,8443,0
00,1023,4,12A223,14,40438,4,1,0,04,-,1,3,1,25,15/09/1998,1,07,4,1,6,01,3,5,3,2,006200,1,1,8443,34206
00,1023,4,12A223,14,40438,4,1,0,02,-,1,2,2,55,24/08/1968,1,02,2,2,5,07, , , , , ,1, ,8443,0
00,1023,4,12A223,14,40438,3,1,0,02,-,1,2,2,29,20/09/1994,1,04,3,2,1,01,4,4,2,3,002500,1, ,8443,0
00,1023,1,11A226,14,40446,4,1,0,04,-,1,3,1,15,22/12/2007,1,03,3,2,6,01,4,3,3,1,001800,1, ,6421,0
00,1023,1,11A226,14,40446,2,1,0,01,-,1,1,2,45,13/09/1978,1,02,6,2,2,01,4,4,3,1,001500,1,1,6421,19399
00,1023,1,11A226,14,40446,2,1,0,03,-,1,3,2,18,12/04/2005,1,04,3,1,6,01,4,4,3,2,001500,1, ,6421,0
00,1023,1,11A226,14,40446,4,1,0,02,-,1,5,1,27,10/05/1996,1,04,3,2,1,01,4,4,3,1,002500,1, ,6421,0
00,1023,1,11A226,14,40446,2,1,0,02,-,1,3,1,08,15/04/2015,1,02,3,1, , , , , , , ,1, ,6421,0
00,1023,1,11A226,14,40446,4,1,0,03,-,1,3,2,24,19/07/1999,1,03,3,2,1,07, , , , , ,1, ,6421,0
00,1023,1,11A226,14,40446,2,1,0,04,-,1,3,2,20,15/01/2003,1,07,4,1,6,06, , , , , ,1, ,6421,0
00,1023,1,11A226,14,40446,4,1,0,05,-,1,5,2,15,30/03/2008,1,04,1,1,6,06, , , , , ,1, ,6421,0
00,1023,1,11A226,14,40446,4,1,0,01,-,1,1,1,58,15/03/1965,1,02,5,2,4,01,4,4,3,1,002500,1,1,6421,19399
00,1023,8,11A217,14,40450,2,1,0,03,-,1,3,1,31,12/01/1992,1,04,3,2,6,01,4,4,2,2,007000,1,1,8305,33452
00,1023,8,11A217,14,40450,2,1,0,02,-,1,2,2,67,10/06/1956,1,02,1,2,5,08, , , , , ,1, ,8305,0
00,1023,8,11A217,14,40450,2,1,0,01,-,1,1,1,72,21/12/1950,1,02,2,2,5,08, , , , , ,1, ,8305,0
00,1023,8,11A217,14,40450,2,1,0,04,-,1,3,2,29,21/09/1994,1,04,3,2,6,07, , , , , ,1, ,8305,0
00,1023,8,11A217,14,40450,1,1,0,05,-,1,5,1,08,22/05/2015,1,02,1,1, , , , , , , ,1, ,8305,0
00,1023,8,11A217,14,40450,3,1,0,01,-,1,1,1,46,17/03/1977,1,07,4,2,5,01,4,4,3,1,002500,1,1,8305,16726
00,1023,8,11A217,14,40450,1,1,0,04,-,1,5,1,09,24/01/2014,1,02,2,1, , , , , , , ,1, ,8305,0
00,1023,8,11A217,14,40450,3,1,0,02,-,1,2,2,41,10/12/1981,1,04,3,2,5,07, , , , , ,1, ,8305,0
00,1023,8,11A217,14,40450,4,1,0,05,-,1,3,2,18,14/05/2005,1,04,1,1,6,06, , , , , ,1, ,8305,0
00,1023,8,11A217,14,40450,1,1,0,03,-,1,3,1,17,23/09/2006,1,03,3,1,6,06, , , , , ,1, ,8305,0
00,1023,8,11A217,14,40450,4,1,0,03,-,1,3,1,26,06/07/1997,1,07,5,2,6,01,4,4,3,1,002200,1,1,8305,41815
00,1023,8,11A217,14,40450,4,1,0,04,-,1,3,1,20,21/01/2003,1,04,3,1,6,06, , , , , ,1, ,8305,0
00,1023,8,11A217,14,40450,1,1,0,01,-,1,1,2,49,05/05/1974,1,03,3,2,1,01,4,4,3,1,001800,1,1,8305,25089
00,1023,8,11A217,14,40450,1,1,0,02,-,1,3,2,18,18/06/2005,1,04,2,1,6,06, , , , , ,1, ,8305,0
00,1023,8,11A217,14,40450,1,1,0,06,-,1,3,2,29,14/04/1994,1,04,1,2,3,07, , , , , ,1, ,8305,0
00,1023,8,11A217,14,40450,4,1,0,01,-,1,1,1,56,01/09/1967,1,04,3,2,5,01,1,5,3,2,007500,1, ,8305,0
00,1023,8,11A217,14,40450,4,1,0,02,-,1,2,2,51,20/01/1972,1,06,3,2,5,07, , , , , ,1, ,8305,0
00,1023,5,12B212,14,40455,1,1,0,05,-,1,3,1,06,22/06/2017,1,01,2,1, , , , , , , ,1, ,8448,0
00,1023,5,12B212,14,40455,1,1,0,03,-,1,4,2,43,12/08/1980,2,04,3,2,4,01,5,5,3,1,999999,1, ,8448,0
00,1023,5,12B212,14,40455,1,1,0,02,-,1,2,2,23,04/11/1999,1,03,3,2,1,07, , , , , ,1,1,8448,25669
00,1023,5,12B212,14,40455,1,1,0,04,-,1,7,2,14,02/04/2009,1,03,1,1,6,06, , , , , ,1, ,8448,0
00,1023,5,12B212,14,40455,2,1,0,03,-,1,3,2,21,13/03/2002,1,04,3,2,6,01,5,5,3,1,002000,1, ,8448,0
00,1023,5,12B212,14,40455,2,1,0,02,-,1,2,2,51,30/06/1972,1,03,3,2,5,01,4,4,3,1,001300,1, ,8448,0
00,1023,5,12B212,14,40455,1,1,0,06,-,1,3,1,05,12/12/2017,2,01,2,1, , , , , , , ,1, ,8448,0
00,1023,5,12B212,14,40455,2,1,0,04,-,1,3,2,28,04/02/1995,1,04,3,2,6,01,5,5,3,1,001800,1,1,8448,34225
00,1023,5,12B212,14,40455,2,1,0,05,-,1,5,2,05,22/05/2018,1,01,2,1, , , , , , , ,1, ,8448,0
00,1023,5,12B212,14,40455,2,1,0,01,-,1,1,1,53,30/06/1970,1,04,1,2,5,01,5,5,3,2,003000,1, ,8448,0
00,1023,5,12B212,14,40455,3,1,0,01,-,1,1,1,68,04/03/1955,1,07,2,2,6,04, , , , , ,1,1,8448,8556
00,1023,5,12B212,14,40455,1,1,0,01,-,1,1,1,24,18/09/1999,1,03,3,2,1,01,7,2,3,1,002000,1, ,8448,0
00,1023,5,12B212,14,40455,2,1,0,06,-,1,5,2,03,11/11/2019, , , , , , , , , , , ,1, ,8448,0
00,1023,5,12B212,14,40455,1,1,0,07,-,1,3,1,00,05/10/2022, , , , , , , , , , , ,1, ,8448,0
00,1023,4,11A223,14,40488,2,1,0,02,-,1,2,2,45,05/12/1977,1,04,3,2,5,01,3,5,5,2,004000,1,1,7514,30269
00,1023,4,11A223,14,40488,2,1,0,05,-,1,5,2,03,15/05/2020, , , , , , , , , , , ,1, ,7514,0
00,1023,4,11A223,14,40488,2,1,0,04,-,1,3,2,14,01/07/2009,1,03,2,1,6,06, , , , , ,1, ,7514,0
00,1023,4,11A223,14,40488,3,1,0,01,-,1,1,1,57,01/01/1966,1,03,3,2,5,01,5,5,2,1,003000,1, ,7514,0
00,1023,4,11A223,14,40488,4,1,0,02,-,1,2,2,79,21/12/1943,1,00, ,2,5,07, , , , , ,1,1,7514,7567
00,1023,4,11A223,14,40488,2,1,0,03,-,1,3,1,21,01/03/2002,1,04,3,2,5,01,3,5,5,1,999999,1, ,7514,0
00,1023,4,11A223,14,40488,2,1,0,06,-,1,5,2,21,15/03/2002,1,04,3,2,5,07, , , , , ,1, ,7514,0
00,1023,4,11A223,14,40488,4,1,0,01,-,2, , , , , , , , , , , , , , , ,1, ,0,0
00,1023,4,11A223,14,40488,3,1,0,05,-,1,5,1,07,15/12/2015,1,02,2,1, , , , , , , ,1, ,7514,0
00,1023,4,11A223,14,40488,3,1,0,04,-,1,5,1,26,15/06/1997,1,03,3,2,5,01,3,5,3,2,999999,1, ,7514,0
00,1023,4,11A223,14,40488,2,1,0,01,-,1,1,1,45,15/04/1978,1,04,3,2,5,01,5,5,2,1,003000,1, ,7514,0
00,1023,4,11A223,14,40488,3,1,0,03,-,1,3,2,27,15/02/1996,1,03,3,2,5,07, , , , , ,1, ,7514,0
00,1023,4,11A223,14,40488,3,1,0,02,-,1,2,2,58,01/08/1965,1,03,3,2,5,07, , , , , ,1,1,7514,30269
00,1023,8,12A217,14,40491,2,1,0,03,-,1,3,2,12,06/04/2011,1,02,5,1,6,06, , , , , ,1, ,8379,0
00,1023,8,12A217,14,40491,2,1,0,04,-,1,3,2,06,14/10/2016,1,01,3,1, , , , , , , ,1, ,8379,0
00,1023,6,12A217,14,40491,4,1,0,06,-,2, , , , , , , , , , , , , , , ,1, ,0,0
00,1023,8,12A217,14,40491,2,1,0,02,-,1,2,2,43,11/07/1980,2,06,4,2,5,01,4,4,3,1,002800,1, ,8379,0
00,1023,8,12A217,14,40491,3,1,0,01,-,1,1,1,63,18/09/1960,1,02,6,2,5,08, , , , , ,1,1,8379,8487
00,1023,8,12A217,14,40491,4,1,0,02,-,1,2,2,56,19/07/1967,1,02,6,2,5,07, , , , , ,1, ,8379,0
00,1023,8,12A217,14,40491,4,1,0,03,-,1,3,1,27,09/09/1996,1,03,3,2,6,01,4,4,3,1,002200,1, ,8379,0
00,1023,8,12A217,14,40491,1,1,0,03,-,1,6,2,29,23/10/1993,1,07,5,1,6,06, , , , , ,1, ,8379,0
00,1023,8,12A217,14,40491,1,1,0,02,-,1,4,2,69,11/06/1954,1,02,6,2,2,07, , , , , ,1, ,8379,0
00,1023,8,12A217,14,40491,1,1,0,01,-,1,1,1,37,02/11/1985,1,07,4,2,6,01,4,4,3,1,002500,1,1,8379,25460
00,1023,6,12A217,14,40491,4,1,0,04,-,2, , , , , , , , , , , , , , , ,1, ,0,0
00,1023,6,12A217,14,40491,4,1,0,05,-,2, , , , , , , , , , , , , , , ,1, ,0,0
00,1023,8,12A217,14,40491,2,1,0,05,-,1,3,1,05,13/04/2018,2,01,1,1, , , , , , , ,1, ,8379,0
00,1023,8,12A217,14,40491,4,1,0,01,-,1,1,1,63,22/11/1959,1,02,6,2,5,01,4,4,2,1,002000,1,1,8379,25460
00,1023,8,12A217,14,40491,2,1,0,01,-,1,1,1,38,04/10/1984,1,03,3,2,5,01,4,4,3,2,007000,1,1,8379,16973
00,1023,1,12A226,14,40492,1,1,0,04,-,1,3,2,06,06/11/2016,1,02,1,1, , , , , , , ,1, ,7563,0
00,1023,1,12A226,14,40492,2,1,0,03,-,1,8,1,26,26/06/1997,1,04,3,2,6,01,5,5,3,2,999999,1, ,7563,0
00,1023,1,12A226,14,40492,2,1,0,01,-,1,1,2,49,24/07/1974,1,04,3,2,6,04, , , , , ,1,1,7563,38303
00,1023,1,12A226,14,40492,1,1,0,05,-,1,5,2,04,08/08/2019, , , , , , , , , , , ,1, ,7563,0
00,1023,1,12A226,14,40492,2,1,0,05,-,1,8,1,21,02/04/2002,1,07,3,1,6,06, , , , , ,1, ,7563,0
00,1023,1,12A226,14,40492,1,1,0,02,-,1,3,2,21,13/12/2001,1,04,3,2,6,01,4,4,3,1,002000,1, ,7563,0
00,1023,1,12A226,14,40492,2,1,0,04,-,1,8,1,24,29/08/1999,1,03,3,2,6,04, , , , , ,1, ,7563,0
00,1023,1,12A226,14,40492,4,1,0,02,-,1,2,2,75,31/03/1948,1,02,6,2,5,07, , , , , ,1, ,7563,0
00,1023,1,12A226,14,40492,3,1,0,04,-,1,3,1,30,30/06/1993,1,03,3,2,6,01,7,3,3,2,004000,1, ,7563,0
00,1023,1,12A226,14,40492,2,1,0,06,-,1,3,2,12,12/05/2011,1,02,6,1,6,06, , , , , ,1, ,7563,0
00,1023,1,12A226,14,40492,2,1,0,02,-,1,8,1,48,14/10/1975,1,03,3,2,6,04, , , , , ,1, ,7563,0
00,1023,1,12A226,14,40492,3,1,0,02,-,1,2,2,51,21/02/1972,1,03,3,2,5,07, , , , , ,1, ,7563,0
00,1023,1,12A226,14,40492,3,1,0,03,-,1,3,1,32,22/07/1991,1,03,3,2,6,04, , , , , ,1,1,7563,38303
00,1023,1,12A226,14,40492,3,1,0,01,-,1,1,1,56,23/08/1967,1,04,3,2,5,01,7,2,2,3,012000,1, ,7563,0
00,1023,1,12A226,14,40492,3,1,0,05,-,1,3,2,24,23/08/1999,1,03,3,2,6,07, , , , , ,1, ,7563,0
00,1023,1,12A226,14,40492,4,1,0,01,-,1,1,1,65,24/10/1957,1,03,3,2,5,08, , , , , ,1,1,7563,15321
00,1023,1,12A226,14,40492,1,1,0,01,-,1,1,2,42,27/02/1981,1,02,6,2,6,01,5,5,3,2,003000,1,1,7563,15321
00,1023,1,12A226,14,40492,1,1,0,03,-,1,3,1,17,06/02/2006,1,03,3,2,6,01,4,4,3,1,999999,1, ,7563,0
00,1023,1,12A226,14,40493,1,1,0,01,-,1,1,2,58,19/08/1965,1,07,5,2,6,08, , , , , ,1,1,10326,41833
00,1023,1,12A226,14,40493,1,1,0,02,-,1,4,1,89,31/10/1933,1,02,6,2,5,08, , , , , ,1, ,10326,0
00,1023,1,12A226,14,40493,4,1,0,01,-,1,1,2,60,17/07/1963,1,02,6,2,6,01,5,5,3,1,001500,1,1,10326,20917
00,1023,1,12A226,14,40493,3,1,0,03,-,1,8,1,26,24/07/1997,1,08,2,1,6,01,1,7,3,2,999999,1, ,10326,0
00,1023,1,12A226,14,40493,1,1,0,04,-,1,3,2,18,07/04/2005,1,04,3,1,6,06, , , , , ,1, ,10326,0
00,1023,1,12A226,14,40493,3,1,0,02,-,1,8,1,25,21/10/1997,1,08,2,1,6,01,1,7,3,2,999999,1, ,10326,0
00,1023,1,12A226,14,40493,4,1,0,02,-,1,8,2,65,07/08/1958,1,02,6,2,6,07, , , , , ,1, ,10326,0
00,1023,1,12A226,14,40493,3,1,0,01,-,1,1,1,28,23/03/1995,1,08,2,1,6,01,1,7,3,2,999999,1,1,10326,31375
00,1023,1,12A226,14,40493,1,1,0,03,-,1,4,2,82,24/09/1941,1,02,6,2,5,07, , , , , ,1, ,10326,0
00,1023,1,11A226,14,40494,2,1,0,03,-,1,3,1,15,24/05/2008,1,03,2,1,6,06, , , , , ,1, ,7633,0
00,1023,1,11A226,14,40494,1,1,0,03,-,1,5,2,20,25/03/2003,1,04,3,1,6,01,1,5,3,1,999999,1, ,7633,0
00,1023,1,11A226,14,40494,3,1,0,01,-,1,1,1,51,16/07/1972,1,03,3,2,5,01,4,5,3,1,002000,1, ,7633,0
00,1023,1,11A226,14,40494,1,1,0,05,-,1,5,1,14,08/12/2008,1,03,3,1,6,06, , , , , ,1, ,7633,0
00,1023,1,11A226,14,40494,2,1,0,01,-,1,1,1,40,15/06/1983,1,03,3,2,5,01,4,4,3,1,999999,1, ,7633,0
00,1023,1,11A226,14,40494,2,1,0,02,-,1,2,2,34,15/04/1989,1,03,3,2,5,01,7,2,3,1,001600,1,1,7633,15373
00,1023,1,11A226,14,40494,1,1,0,06,-,1,5,2,13,05/09/2010,1,03,1,1,6,06, , , , , ,1, ,7633,0
00,1023,1,11A226,14,40494,1,1,0,08,-,1,5,2,01,13/12/2021, , , , , , , , , , , ,1, ,7633,0
00,1023,1,11A226,14,40494,3,1,0,03,-,1,3,1,14,07/03/2009,1,03,2,1,6,01,4,4,3,1,000500,1, ,7633,0
00,1023,1,11A226,14,40494,3,1,0,02,-,1,2,2,48,06/10/1974,1,02,6,2,5,07, , , , , ,1,1,7633,15373
00,1023,1,11A226,14,40494,4,1,0,02,-,1,2,2,28,26/10/1994,1,07,5,2,5,01,4,4,3,1,999999,1,1,7633,15373
00,1023,1,11A226,14,40494,1,1,0,07,-,1,5,1,11,04/05/2012,1,02,5,1, , , , , , , ,1, ,7633,0
00,1023,1,11A226,14,40494,1,1,0,04,-,1,5,2,16,20/12/2006,1,03,3,2,6,07, , , , , ,1, ,7633,0
00,1023,1,11A226,14,40494,2,1,0,04,-,1,3,2,08,28/10/2014,1,02,3,1, , , , , , , ,1, ,7633,0
00,1023,1,11A226,14,40494,4,1,0,01,-,1,1,1,34,28/09/1989,1,07,5,2,5,01,1,5,3,1,999999,1, ,7633,0
00,1023,1,11A226,14,40494,1,1,0,01,-,1,1,2,58,26/02/1965,1,03,3,2,4,07, , , , , ,1, ,7633,0
00,1023,1,11A226,14,40494,1,1,0,02,-,1,3,2,42,11/01/1981,1,03,3,2,2,01,7,2,3,1,999999,1,1,7633,23059
00,1023,5,11B212,14,40502,4,1,0,05,-,1,5,1,09,15/05/2014,1,02,2,1, , , , , , , ,1, ,8411,0
00,1023,5,11B212,14,40502,4,1,0,03,-,1,5,1,17,29/07/2006,1,02,6,2,6,07, , , , , ,1, ,8411,0
00,1023,5,11B212,14,40502,4,1,0,02,-,1,3,2,33,28/09/1990,1,03,3,2,6,01,4,4,3,2,004500,1, ,8411,0
00,1023,5,11B212,14,40502,3,1,0,05,-,1,3,1,21,09/05/2002,1,04,3,2,6,01,4,4,3,1,001200,1, ,8411,0
00,1023,5,11B212,14,40502,4,1,0,04,-,1,5,1,13,02/09/2010,1,02,6,1,6,06, , , , , ,1, ,8411,0
00,1023,5,11B212,14,40502,4,1,0,01,-,1,1,2,57,09/07/1966,1,02,6,1,2,07, , , , , ,1,1,8411,16940
00,1023,5,11B212,14,40502,2,1,0,01,-,1,1,1,29,27/12/1993,1,08,2,2,5,01,1,5,3,1,003000,1,1,8411,16940
00,1023,5,11B212,14,40502,3,1,0,02,-,1,2,2,45,12/11/1977,1,03,3,2,5,07, , , , , ,1,1,8411,42351
00,1023,5,11B212,14,40502,3,1,0,06,-,1,3,2,10,14/05/2013,1,02,3,1, , , , , , , ,1, ,8411,0
00,1023,5,11B212,14,40502,1,1,0,03,-,1,3,2,05,17/10/2017,2,01,1,1, , , , , , , ,1, ,8411,0
00,1023,5,11B212,14,40502,3,1,0,01,-,1,1,1,45,22/09/1978,1,02,6,2,5,01,4,3,3,1,002500,1, ,8411,0
00,1023,5,11B212,14,40502,2,1,0,02,-,1,2,2,30,04/02/1993,1,07,5,2,5,07, , , , , ,1, ,8411,0
00,1023,5,11B212,14,40502,1,1,0,01,-,1,1,1,40,27/09/1983,1,07,4,2,5,01,1,4,3,2,006500,1, ,8411,0
00,1023,5,11B212,14,40502,3,1,0,04,-,1,3,1,24,11/07/1999,1,03,3,2,6,01,4,3,3,1,001500,1, ,8411,0
00,1023,5,11B212,14,40502,3,1,0,03,-,1,3,1,27,01/08/1996,1,04,3,2,6,07, , , , , ,1, ,8411,0
00,1023,5,11B212,14,40502,2,1,0,03,-,1,3,1,99, , , , , , , , , , , , ,1, ,8411,0
00,1023,5,11B212,14,40502,1,1,0,02,-,1,2,2,41,14/01/1982,1,04,3,2,5,07, , , , , ,1,1,8411,16940
00,1023,5,13B212,14,40503,4,1,0,04,-,1,5,2,10,13/04/2013,1,02,3,1, , , , , , , ,1, ,9290,0
00,1023,5,13B212,14,40503,4,1,0,02,-,1,3,2,32,25/01/1991,1,03,3,2,5,07, , , , , ,1, ,9290,0
00,1023,5,13B212,14,40503,4,1,0,03,-,1,5,1,34,25/09/1989,1,04,3,2,5,01,7,2,3,1,999999,1, ,9290,0
00,1023,5,13B212,14,40503,4,1,0,05,-,1,5,1,02,28/07/2021, , , , , , , , , , , ,1, ,9290,0
00,1023,5,13B212,14,40503,4,1,0,01,-,1,1,2,56,30/07/1967,1,03,3,2,6,07, , , , , ,1,1,9290,28352
00,1023,5,13B212,14,40507,4,1,1,01,-,1,1,1,74,08/04/1949,1,07,5,2,5,10, , , , , ,1, ,8415,0
00,1023,5,13B212,14,40507,4,1,1,03,-,1,3,2,35,08/07/1988,1,03,3,2,6,09, , , , , ,1, ,8415,0
00,1023,5,13B212,14,40507,2,1,1,01,-,1,1,1,39,06/09/1984,1,07,5,2,5,01,1,5,3,2,008000,1,1,8415,17121
00,1023,5,13B212,14,40507,4,1,1,02,-,1,2,2,71,26/06/1952,2,07,4,2,5,01,4,5,3,1,001500,1,1,8415,25681
00,1023,5,13B212,14,40507,4,1,1,04,-,1,5,1,03,31/03/2020, , , , , , , , , , , ,1, ,8415,0
00,1023,5,13B212,14,40507,2,1,1,02,-,1,2,2,38,27/10/1984,1,04,3,2,5,07, , , , , ,1, ,8415,0
00,1023,5,13B212,14,40507,2,1,1,03,-,1,3,2,02,24/12/2020, , , , , , , , , , , ,1, ,8415,0
00,1023,4,12A223,14,40528,3,1,0,02,-,1,2,2,49,25/08/1974,1,04,3,2,5,07, , , , , ,1, ,8128,0
00,1023,4,12A223,14,40528,4,1,0,01,-,1,1,1,40,13/09/1983,1,08,2,2,5,01,7,2,2,3,009000,1, ,8128,0
00,1023,4,12A223,14,40528,4,1,0,02,-,1,2,2,36,02/11/1986,1,07,4,2,5,02,3,2,6,5, ,1,1,8128,16464
00,1023,4,12A223,14,40528,1,1,0,02,-,1,7,2,21,04/10/2002,1,07,2,1,6,06, , , , , ,1,1,8128,16464
00,1023,4,12A223,14,40528,3,1,0,04,-,1,3,2,21,29/07/2002,1,07,2,1,6,06, , , , , ,1,1,8128,32928
00,1023,4,12A223,14,40528,1,1,0,01,-,1,1,2,49,09/09/1974,1,07,5,2,6,07, , , , , ,1, ,8128,0
00,1023,4,12A223,14,40528,3,1,0,03,-,1,3,1,27,27/10/1995,1,07,4,1,6,06, , , , , ,1, ,8128,0
00,1023,4,12A223,14,40528,2,1,0,01,-,1,1,1,21,06/05/2002,1,04,3,2,5,01,1,5,3,2,004100,1, ,8128,0
00,1023,4,12A223,14,40528,3,1,0,01,-,1,1,1,48,09/03/1975,1,07,5,2,5,09, , , , , ,1, ,8128,0
00,1023,4,12A223,14,40528,2,1,0,03,-,1,3,2,00,17/12/2022, , , , , , , , , , , ,1, ,8128,0
00,1023,4,12A223,14,40528,2,1,0,02,-,1,2,2,24,08/02/1999,1,04,3,2,5,07, , , , , ,1,1,8128,16464
00,1023,4,11A223,14,40530,3,1,0,01,-,1,1,1,64,13/03/1959,1,04,3,2,5,08, , , , , ,1,1,7482,7534
00,1023,4,11A223,14,40530,4,1,0,04,-,1,3,2,12,03/07/2011,1,02,6,1,6,06, , , , , ,1, ,7482,0
00,1023,4,11A223,14,40530,4,1,0,02,-,1,3,1,15,27/09/2008,1,03,3,1,6,06, , , , , ,1, ,7482,0
00,1023,4,11A223,14,40530,4,1,0,03,-,1,3,2,13,29/04/2010,1,03,2,1,6,06, , , , , ,1, ,7482,0
00,1023,4,11A223,14,40530,4,1,0,01,-,1,1,1,36,02/10/1987,1,03,3,2,2,01,4,4,2,1,999999,1,1,7482,7534
00,1023,4,11A223,14,40530,4,1,0,05,-,1,3,1,08,30/06/2015,1,02,3,1, , , , , , , ,1, ,7482,0
00,1023,4,11A223,14,40530,1,1,0,01,-,1,1,1,32,15/04/1991,1,00, ,2,5,01,4,4,2,1,999999,1,1,7482,7534
00,1023,4,11A223,14,40530,2,1,0,01,-,1,1,1,64,11/09/1959,1,02,6,2,6,08, , , , , ,1,1,7482,7534
00,1023,1,12A226,14,40537,2,1,0,02,-,1,2,1,39,06/12/1983,1,08,2,1,5,01,1,5,2,2,010000,1, ,7393,0
00,1023,1,12A226,14,40537,1,1,0,02,-,1,2,1,68,28/10/1954,1,08,2,1,1,08, , , , , ,1,1,7393,14977
00,1023,1,12A226,14,40537,4,1,0,02,-,1,2,2,30,26/05/1993,1,07,5,2,5,01,1,5,3,3,030000,1, ,7393,0
00,1023,1,12A226,14,40537,1,1,0,01,-,1,1,2,69,15/07/1954,1,08,2,2,1,08, , , , , ,1, ,7393,0
00,1023,1,12A226,14,40537,2,1,0,01,-,1,1,2,37,06/12/1985,1,08,2,2,5,01,1,5,3,2,999999,1,1,7393,14977
00,1023,1,12A226,14,40537,4,1,0,01,-,1,1,1,30,17/12/1992,1,07,5,2,5,01,1,6,3,3,035000,1,1,7393,14977
00,1023,8,12A217,14,40538,4,1,1,02,-,1,2,2,31,19/03/1992,1,07,4,2,5,01,1,5,3,2,007000,1,1,8157,16523
00,1023,8,12A217,14,40538,2,1,0,03,-,1,3,2,45,17/06/1978,1,07,4,2,6,01,1,5,2,3,009000,1, ,8157,0
00,1023,8,12A217,14,40538,4,1,1,04,-,1,3,2,00,06/02/2023, , , , , , , , , , , ,1, ,8157,0
00,1023,8,12A217,14,40538,4,1,1,03,-,1,3,1,03,16/02/2020, , , , , , , , , , , ,1, ,8157,0
00,1023,8,12A217,14,40538,3,1,0,03,-,1,3,1,20,08/02/2003,1,07,2,1,6,06, , , , , ,1, ,8157,0
00,1023,5,12A217,14,40538,3,1,0,02,-,2, , , , , , , , , , , , , , , ,1, ,0,0
00,1023,8,12A217,14,40538,2,1,0,04,-,1,5,2,15,30/06/2008,1,02,6,1,6,06, , , , , ,1, ,8157,0
00,1023,5,12A217,14,40538,2,1,0,01,-,2, , , , , , , , , , , , , , , ,1, ,0,0
00,1023,8,12A217,14,40538,1,1,0,01,-,1,1,1,31,15/07/1992,1,04,3,2,6,01,3,5,2,3,010000,1,1,8157,8261
00,1023,8,12A217,14,40538,2,1,0,02,-,1,2,2,83,18/06/1940,1,04,3,2,5,07, , , , , ,1,1,8157,16523
00,1023,8,12A217,14,40538,3,1,0,01,-,1,1,1,40,03/11/1982,1,08,2,2,6,01,1,7,3,3,020000,1,1,8157,16523
00,1023,8,12A217,14,40538,4,1,1,01,-,1,1,1,30,11/03/1993,1,03,3,2,5,01,5,5,3,2,006000,1, ,8157,0
00,1023,8,11A217,14,40541,2,1,0,01,-,1,1,1,58,14/02/1965,1,02,2,2,5,01,7,3,3,1,999999,1, ,8842,0
00,1023,8,11A217,14,40541,1,1,0,02,-,1,6,1,35,10/09/1988,1,04,3,2,6,01,7,3,3,1,999999,1, ,8842,0
00,1023,7,11A217,14,40541,4,1,0,02,-,2, , , , , , , , , , , , , , , ,1, ,0,0
00,1023,8,11A217,14,40541,4,1,0,03,-,1,3,2,25,17/09/1998,1,04,1,1,6,06, , , , , ,1, ,8842,0
00,1023,8,11A217,14,40541,4,1,0,01,-,1,1,2,53,30/08/1970,1,03,3,2,1,07, , , , , ,1,1,8842,17808
00,1023,8,11A217,14,40541,3,1,0,01,-,1,1,1,45,04/07/1978,1,03,3,2,6,01,5,5,3,1,001800,1,1,8842,8904
00,1023,8,11A217,14,40541,2,1,0,02,-,1,2,2,60,22/11/1962,1,02,2,2,5,07, , , , , ,1,1,8842,26712
00,1023,8,11A217,14,40541,2,1,0,03,-,1,3,2,23,28/03/2000,1,07,2,1,6,06, , , , , ,1, ,8842,0
00,1023,8,11A217,14,40541,2,1,0,04,-,1,5,1,07,06/12/2015,1,01,3,1, , , , , , , ,1, ,8842,0
00,1023,8,11A217,14,40541,1,1,0,01,-,1,1,1,38,17/07/1985,1,07,4,2,5,01,7,3,3,1,999999,1,1,8842,17808
00,1023,8,11A217,14,40541,4,1,0,04,-,1,3,2,11,10/08/2012,1,02,3,1, , , , , , , ,1, ,8842,0
00,1023,8,11A217,14,40541,4,1,0,05,-,1,5,2,05,07/11/2017,2,01,1,1, , , , , , , ,1, ,8842,0
00,1023,8,13A217,14,40543,1,1,0,04,-,1,3,2,11,07/05/2012,1,02,4,1, , , , , , , ,1, ,8579,0
00,1023,1,13A226,14,40543,3,1,0,03,-,1,3,1,36,10/02/1987,1,07,4,2,6,01,1,5,3,2,999999,1,1,7727,23582
00,1023,1,13A226,14,40543,1,1,0,01,-,1,1,1,82,23/08/1941,1,04,3,2,5,08, , , , , ,1, ,7727,0
00,1023,8,13A217,14,40543,4,1,0,01,-,1,1,2,63,12/04/1960,1,06,4,2,4,07, , , , , ,1,1,8579,8727
00,1023,8,13A217,14,40543,2,1,0,01,-,1,1,1,62,17/01/1961,1,04,3,2,6,01,5,5,3,1,000500,1,1,8579,8727
00,1023,1,13A226,14,40543,4,1,0,02,-,1,8,1,45,16/06/1978,1,07,4,2,3,01,7,2,2,1,999999,1, ,7727,0
00,1023,1,13A226,14,40543,2,1,0,02,-,1,2,2,70,16/06/1953,1,07,4,2,5,07, , , , , ,1,1,7727,31443
00,1023,1,13A226,14,40543,2,1,0,01,-,1,1,1,98, ,1,07,4,2,5,01,5,5,2,2,999999,1, ,7727,0
00,1023,1,13A226,14,40543,2,1,0,03,-,1,3,2,98, ,1,07,4,2,5,01,4,4,2,2,999999,1, ,7727,0
00,1023,8,13A217,14,40543,1,1,0,01,-,1,1,2,41,26/01/1982,1,07,4,2,5,07, , , , , ,1, ,8579,0
00,1023,8,13A217,14,40543,1,1,0,03,-,1,3,1,19,10/11/2003,1,04,3,1,6,01,3,5,3,2,004800,1,1,8579,26181
00,1023,1,13A226,14,40543,1,1,0,02,-,1,2,2,77,12/06/1946,1,06,3,2,5,07, , , , , ,1,1,7727,15721
00,1023,8,13A217,14,40543,1,1,0,02,-,1,2,1,39,15/06/1984,1,08,2,2,5,01,1,5,3,2,999999,1, ,8579,0
00,1023,1,13A226,14,40543,3,1,0,01,-,1,1,1,55,06/02/1968,2,07,4,2,5,01,1,5,2,2,999999,1, ,7727,0
00,1023,1,13A226,14,40543,4,1,0,01,-,1,1,1,87,22/11/1935,1,06,3,2,4,08, , , , , ,1,1,7727,15721
00,1023,1,13A226,14,40543,3,1,0,02,-,1,2,2,53,16/06/1970,1,07,4,2,5,01,1,5,3,2,999999,1, ,7727,0
00,1023,1,13A226,14,40543,2,1,0,04,-,1,5,1,98, ,1,07,4,2,5,01,5,5,2,2,999999,1, ,7727,0
00,1023,1,13A226,14,40543,2,1,0,05,-,1,5,1,99, , , , , , , , , , , , ,1, ,7727,0
00,1023,5,11B212,14,40549,1,1,0,05,-,1,3,2,15,25/11/2007,1,03,2,1,6,06, , , , , ,1, ,9030,0
00,1023,5,11B212,14,40549,3,1,0,01,-,1,1,2,70,06/09/1953,2,00, ,2,6,07, , , , , ,1, ,9030,0
00,1023,5,11B212,14,40549,1,1,0,04,-,1,3,1,16,05/08/2007,1,03,3,2,6,07, , , , , ,1, ,9030,0
00,1023,5,11B212,14,40549,4,1,1,02,-,1,3,1,28,14/02/1995,1,03,3,2,6,01,5,5,2,1,000600,1,1,9030,18187
00,1023,5,11B212,14,40549,2,1,0,02,-,1,3,1,13,15/11/2009,1,03,2,1,6,06, , , , , ,1, ,9030,0
00,1023,5,11B212,14,40549,2,1,0,01,-,1,1,1,60,21/01/1963,1,03,2,2,6,08, , , , , ,1,1,9030,9094
00,1023,5,11B212,14,40549,1,1,0,01,-,1,1,2,45,20/10/1977,1,03,3,2,5,01,5,5,3,1,000500,1,1,9030,27281
00,1023,5,11B212,14,40549,4,1,1,01,-,1,1,2,65,23/08/1958,2,00, ,2,4,07, , , , , ,1, ,9030,0
00,1023,5,11B212,14,40549,1,1,0,02,-,1,2,1,41,14/07/1982,1,02,6,2,5,01,5,5,2,1,000800,1, ,9030,0
00,1023,5,11B212,14,40549,3,1,0,02,-,1,3,2,32,12/10/1990,1,03,3,2,5,07, , , , , ,1,1,9030,27281
00,1023,5,11B212,14,40549,3,1,0,04,-,1,5,2,13,04/02/2010,1,03,1,1,6,06, , , , , ,1, ,9030,0
00,1023,5,11B212,14,40549,3,1,0,06,-,1,5,1,04,15/07/2019, , , , , , , , , , , ,1, ,9030,0
00,1023,5,11B212,14,40549,3,1,0,03,-,1,5,1,25,01/12/1997,1,02,6,2,5,01,7,3,2,1,003000,1, ,9030,0
00,1023,5,11B212,14,40549,3,1,0,05,-,1,5,1,08,08/10/2014,1,02,3,1, , , , , , , ,1, ,9030,0
00,1023,5,11B212,14,40549,1,1,0,03,-,1,3,1,18,15/01/2005,1,03,3,1,6,01,7,2,3,1,000600,1, ,9030,0
00,1023,4,13A223,14,40579,2,1,0,03,-,1,3,2,26,01/05/1997,1,07,5,1,6,06, , , , , ,1, ,16075,0
00,1023,4,13A223,14,40579,3,1,0,01,-,1,1,1,46,10/03/1977,1,07,5,2,5,01,1,5,3,2,999999,1,1,16075,32704
00,1023,4,13A223,14,40579,3,1,0,05,-,1,3,2,12,14/04/2011,1,02,5,1,6,06, , , , , ,1, ,16075,0
00,1023,4,13A223,14,40579,1,1,0,03,-,1,3,1,35,17/06/1988,1,07,5,2,6,01,1,5,3,2,999999,1, ,16075,0
00,1023,2,13A223,14,40579,1,1,0,05,-,2, , , , , , , , , , , , , , , ,1, ,0,0
00,1023,4,13A223,14,40579,4,1,0,01,-,1,1,1,51,10/10/1972,1,07,5,1,5,01,1,5,2,1,999999,1,1,16075,16352
00,1023,4,13A223,14,40579,2,1,0,02,-,1,2,2,57,05/10/1966,1,07,5,2,5,07, , , , , ,1,1,16075,49056
00,1023,4,13A223,14,40579,3,1,0,03,-,1,3,1,16,05/05/2007,1,04,1,1,6,06, , , , , ,1, ,16075,0
00,1023,4,13A223,14,40579,3,1,0,04,-,1,3,2,14,05/08/2009,1,03,2,1,6,06, , , , , ,1, ,16075,0
00,1023,4,13A223,14,40579,1,1,0,01,-,1,1,1,67,06/10/1955,1,08,2,2,5,01,1,5,3,1,999999,1, ,16075,0
00,1023,4,13A223,14,40579,1,1,0,02,-,1,2,2,64,03/12/1958,1,07,5,2,5,07, , , , , ,1,1,16075,65408
00,1023,4,13A223,14,40579,1,1,0,04,-,1,9,2,50,28/01/1973,1,02,6,2,6,01,5,5,3,2,999999,1, ,16075,0
00,1023,4,13A223,14,40579,2,1,0,01,-,1,1,1,67,24/03/1956,1,07,5,2,5,08, , , , , ,1, ,16075,0
00,1023,4,13A223,14,40579,3,1,0,02,-,1,2,2,46,11/01/1977,1,07,5,2,5,07, , , , , ,1, ,16075,0
00,1023,2,11A223,14,40580,2,1,0,05,-,2, , , , , , , , , , , , , , , ,1, ,0,0
00,1023,4,11A223,14,40580,4,1,0,01,-,1,1,1,57,20/06/1966,1,03,3,2,5,01,4,4,2,1,002200,1,1,6520,13132
00,1023,4,11A223,14,40580,3,1,0,03,-,1,3,2,14,01/05/2009,1,03,1,1,6,06, , , , , ,1, ,6520,0
00,1023,4,11A223,14,40580,3,1,0,01,-,1,1,1,34,01/03/1989,1,02,6,2,1,01,4,4,3,1,002800,1, ,6520,0
00,1023,4,11A223,14,40580,2,1,0,01,-,1,1,1,50,09/09/1973,1,04,2,2,5,01,4,4,2,1,003500,1, ,6520,0
00,1023,4,11A223,14,40580,2,1,0,04,-,1,3,2,23,19/06/2000,1,07,4,1,6,06, , , , , ,1, ,6520,0
00,1023,4,11A223,14,40580,4,1,0,02,-,1,2,2,55,08/10/1968,1,03,3,2,5,07, , , , , ,1, ,6520,0
00,1023,4,11A223,14,40580,3,1,0,02,-,1,2,2,30,21/11/1992,1,02,6,2,1,07, , , , , ,1,1,6520,13132
00,1023,4,11A223,14,40580,2,1,0,02,-,1,2,2,51,11/04/1972,1,04,3,2,5,07, , , , , ,1,1,6520,26264
00,1023,4,11A223,14,40580,2,1,0,03,-,1,3,1,20,09/09/2003,1,04,2,1,6,06, , , , , ,1, ,6520,0
00,1023,4,12A223,14,40581,1,1,0,01,-,2, , , , , , , , , , , , , , , ,1, ,0,0
00,1023,4,12A223,14,40581,1,1,0,02,-,1,2,2,98, ,1,06,4,2,1,01,3,5,3,1,002200,1, ,8840,0
00,1023,4,12A223,14,40581,4,1,0,04,-,3,6,1,48,07/06/1975,1,02,6,2,6,01,5,5,3,1,999999,1, ,8840,0
00,1023,4,12A223,14,40581,3,1,0,02,-,1,5,2,12,23/04/2011,1,02,5,1,6,06, , , , , ,1, ,8840,0
00,1023,4,12A223,14,40581,3,1,0,04,-,1,5,1,07,01/09/2016,2,01,3,1, , , , , , , ,1, ,8840,0
00,1023,4,12A223,14,40581,3,1,0,05,-,1,5,2,02,16/07/2021, , , , , , , , , , , ,1, ,8840,0
00,1023,4,12A223,14,40581,3,1,0,03,-,1,5,2,09,26/07/2014,1,02,2,1, , , , , , , ,1, ,8840,0
00,1023,4,12A223,14,40581,4,1,0,07,-,3,7,1,06,28/06/2017,1,01,3,1, , , , , , , ,1, ,8840,0
00,1023,4,12A223,14,40581,4,1,0,02,-,1,6,1,52,04/07/1971,1,02,6,2,6,01,5,5,2,3,999999,1,1,8840,44769
00,1023,4,12A223,14,40581,4,1,0,05,-,3,7,1,29,03/08/1994,1,04,3,2,1,01,5,5,3,2,999999,1, ,8840,0
00,1023,4,12A223,14,40581,2,1,0,01,-,1,1,1,36,25/07/1987,1,02,6,2,3,01,7,3,3,1,004000,1,1,8840,8954
00,1023,4,12A223,14,40581,4,1,0,06,-,3,7,1,07,05/10/2016,1,02,1,1, , , , , , , ,1, ,8840,0
00,1023,4,12A223,14,40581,4,1,0,03,-,3,3,2,28,17/12/1994,1,04,3,2,1,07, , , , , ,1, ,8840,0
00,1023,4,12A223,14,40581,1,1,0,03,-,3,2,2,23,30/10/1999,1,07,3,2,6,01,3,5,3,1,002200,1,1,8840,17908
00,1023,4,12A223,14,40581,3,1,0,01,-,1,1,2,54,02/10/1969,1,02,6,2,2,01,4,4,2,1,002000,1,1,8840,8954
00,1023,4,12A223,14,40581,4,1,0,01,-,1,1,1,59,17/07/1964,1,02,6,2,6,01,5,5,5,3,007000,1, ,8840,0
00,1023,8,12A217,14,40584,4,1,0,06,-,1,5,2,21,15/08/2002,1,02,6,2,5,07, , , , , ,1, ,6623,0
00,1023,8,12A217,14,40584,1,1,0,01,-,1,1,1,36,15/12/1986,1,07,4,2,5,01,1,5,3,2,005500,1,1,6623,13417
00,1023,8,12A217,14,40584,3,1,0,02,-,1,3,1,40,06/11/1982,1,03,3,2,5,01,2,5,3,2,008500,1,1,6623,13417
00,1023,8,12A217,14,40584,4,1,0,02,-,1,2,2,46,16/09/1977,1,02,6,2,1,07, , , , , ,1, ,6623,0
00,1023,5,12A217,14,40584,4,1,0,03,-,2, , , , , , , , , , , , , , , ,1, ,0,0
00,1023,8,12A217,14,40584,1,1,0,02,-,1,2,2,27,26/06/1996,1,07,4,2,5,07, , , , , ,1, ,6623,0
00,1023,8,12A217,14,40584,2,1,0,02,-,1,2,2,23,04/07/2000,1,03,3,2,5,07, , , , , ,1, ,6623,0
00,1023,8,12A217,14,40584,2,1,0,04,-,1,7,2,20,28/10/2002,1,04,1,1,6,06, , , , , ,1, ,6623,0
00,1023,8,12A217,14,40584,1,1,0,04,-,1,3,2,10,14/10/2012,1,02,5,1, , , , , , , ,1, ,6623,0
00,1023,8,12A217,14,40584,2,1,0,01,-,1,1,1,22,01/11/2000,1,03,3,2,5,01,4,3,3,1,002800,1,1,6623,20126
00,1023,5,12A217,14,40584,4,1,0,07,-,2, , , , , , , , , , , , , , , ,1, ,0,0
00,1023,8,12A217,14,40584,3,1,0,01,-,1,1,2,64,07/06/1959,1,04,3,2,4,08, , , , , ,1, ,6623,0
00,1023,8,12A217,14,40584,1,1,0,03,-,1,3,2,12,18/07/2011,1,02,6,1,6,06, , , , , ,1, ,6623,0
00,1023,8,12A217,14,40584,2,1,0,03,-,1,3,2,04,27/03/2019, , , , , , , , , , , ,1, ,6623,0
00,1023,8,12A217,14,40584,4,1,0,01,-,1,1,1,54,21/08/1969,1,02,3,2,1,01,4,4,3,1,002500,1, ,6623,0
00,1023,8,12A217,14,40584,4,1,0,04,-,1,3,1,26,29/08/1997,1,03,3,2,5,01,4,4,3,1,001800,1,1,6623,26834
00,1023,8,12A217,14,40584,4,1,0,05,-,1,3,1,08,25/06/2015,2,01,3,1, , , , , , , ,1, ,6623,0
00,1023,8,12A217,14,40584,1,1,0,05,-,1,3,2,06,23/02/2017,2,01,3,1, , , , , , , ,1, ,6623,0
00,1023,8,12A217,14,40585,1,1,0,03,-,1,3,1,54,11/08/1969,1,07,4,2,6,01,7,2,3,2,004000,1, ,8080,0
00,1023,8,12A217,14,40585,2,1,0,01,-,1,1,2,53,24/09/1970,1,06,4,2,6,01,1,7,3,2,008500,1, ,8080,0
00,1023,8,12A217,14,40585,1,1,0,04,-,1,3,1,39,12/09/1984,1,07,3,2,6,01,7,2,3,2,004000,1, ,8080,0
00,1023,8,12A217,14,40585,2,1,0,03,-,1,3,1,18,27/09/2005,1,04,2,1,6,06, , , , , ,1, ,8080,0
00,1023,8,12A217,14,40585,3,1,0,02,-,1,2,1,53,15/02/1970,1,03,3,2,5,01,5,5,3,2,999999,1, ,8080,0
00,1023,8,12A217,14,40585,3,1,0,01,-,1,1,2,53,10/12/1969,1,03,3,2,5,01,4,4,2,1,001000,1,1,8080,24551
00,1023,8,12A217,14,40585,1,1,0,01,-,1,1,1,76,10/07/1947,1,02,6,2,5,08, , , , , ,1,1,8080,32734
00,1023,8,12A217,14,40585,1,1,0,02,-,1,2,2,73,15/09/1950,1,02,6,2,5,09, , , , , ,1, ,8080,0
00,1023,8,12A217,14,40585,3,1,0,03,-,1,3,1,25,07/06/1998,1,04,3,2,6,04, , , , , ,1, ,8080,0
00,1023,8,12A217,14,40585,2,1,0,02,-,1,6,2,47,23/11/1975,1,04,3,2,6,01,4,4,3,3,006000,1,1,8080,24551
00,1023,8,13A217,14,40587,4,1,0,04,-,1,3,1,22,16/04/2001,1,07,3,2,6,04, , , , , ,1, ,9571,0
00,1023,8,13A217,14,40587,4,1,0,02,-,1,2,2,63,06/08/1960,1,08,2,2,5,07, , , , , ,1, ,9571,0
00,1023,8,13A217,14,40587,1,1,0,02,-,1,2,2,63,03/03/1960,1,06,5,2,5,07, , , , , ,1,1,9571,19473
00,1023,8,13A217,14,40587,3,1,0,07,-,1,5,2,10,16/06/2013,1,02,3,1, , , , , , , ,1, ,9571,0
00,1023,8,13A217,14,40587,3,1,0,04,-,1,5,1,47,16/06/1976,1,07,4,2,5,01,4,4,3,3,999999,1, ,9571,0
00,1023,8,13A217,14,40587,4,1,0,03,-,1,3,2,29,21/09/1994,1,07,2,2,6,01,1,6,3,3,008000,1,1,9571,38946
00,1023,8,13A217,14,40587,4,1,0,01,-,1,1,1,71,29/05/1952,1,08,2,2,5,08, , , , , ,1, ,9571,0
00,1023,8,13A217,14,40587,2,1,0,02,-,1,2,2,65,05/07/1958,1,04,3,2,5,08, , , , , ,1, ,9571,0
00,1023,8,13A217,14,40587,2,1,0,04,-,1,5,2,17,14/03/2006,1,03,3,1,6,06, , , , , ,1, ,9571,0
00,1023,8,13A217,14,40587,1,1,0,03,-,1,2,1,70,26/12/1952,1,02,3,2,5,08, , , , , ,1, ,9571,0
00,1023,8,13A217,14,40587,2,1,0,05,-,1,5,2,14,15/01/2009,1,03,1,1,6,06, , , , , ,1, ,9571,0
00,1023,8,13A217,14,40587,3,1,0,01,-,1,1,2,69,01/04/1954,1,06,3,2,6,07, , , , , ,1, ,9571,0
00,1023,8,13A217,14,40587,2,1,0,03,-,1,5,1,21,05/08/2002,1,03,3,1,6,06, , , , , ,1, ,9571,0
00,1023,8,13A217,14,40587,2,1,0,01,-,1,1,1,65,17/07/1958,1,07,1,2,5,08, , , , , ,1,1,9571,29209
00,1023,8,13A217,14,40587,3,1,0,08,-,1,5,1,24,01/07/1999,1,07,4,1,6,06, , , , , ,1, ,9571,0
00,1023,3,13A217,14,40587,1,1,0,01,-,2, , , , , , , , , , , , , , , ,1, ,0,0
00,1023,8,13A217,14,40587,3,1,0,06,-,1,5,1,12,16/06/2011,1,02,4,1,6,06, , , , , ,1, ,9571,0
00,1023,8,13A217,14,40587,3,1,0,03,-,1,3,2,47,10/07/1976,1,07,4,2,5,04, , , , , ,1, ,9571,0
00,1023,8,13A217,14,40587,3,1,0,05,-,1,5,1,24,16/06/1999,1,07,3,1,6,06, , , , , ,1, ,9571,0
00,1023,8,13A217,14,40587,3,1,0,02,-,1,3,2,49,10/03/1974,1,06,3,2,6,04, , , , , ,1,1,9571,58419
00,1023,1,12A226,14,40588,4,1,0,02,-,1,2,2,43,29/08/1980,1,04,3,2,5,07, , , , , ,1, ,8750,0
00,1023,1,12A226,14,40588,2,1,0,04,-,1,6,2,26,18/12/1996,1,07,5,2,6,01,3,3,3,2,999999,1, ,8750,0
00,1023,1,12A226,14,40588,4,1,0,05,-,1,3,1,22,29/11/2000,1,04,3,2,6,01,4,4,3,1,999999,1,1,8750,44311
00,1023,1,12A226,14,40588,4,1,0,06,-,1,3,1,17,06/09/2006,1,04,2,1,6,06, , , , , ,1, ,8750,0
00,1023,1,12A226,14,40588,4,1,0,07,-,1,5,2,03,06/06/2020, , , , , , , , , , , ,1, ,8750,0
00,1023,1,12A226,14,40588,2,1,0,02,-,1,4,1,53,15/06/1970,1,02,6,2,5,01,7,3,3,1,003000,1,1,8750,35449
00,1023,1,12A226,14,40588,1,1,0,03,-,1,3,1,25,15/07/1998,1,04,3,2,6,01,3,5,3,2,999999,1,1,8750,35449
00,1023,1,12A226,14,40588,4,1,0,08,-,1,5,1,02,21/09/2021, , , , , , , , , , , ,1, ,8750,0
00,1023,1,12A226,14,40588,4,1,0,04,-,1,3,1,23,30/10/1999,1,04,3,2,6,01,5,5,3,1,999999,1, ,8750,0
00,1023,1,12A226,14,40588,4,1,0,03,-,1,3,2,31,04/05/1992,1,07,2,2,6,01,3,5,3,2,999999,1, ,8750,0
00,1023,1,12A226,14,40588,4,1,0,01,-,1,1,1,58,29/07/1965,1,04,3,2,5,01,7,2,3,2,999999,1, ,8750,0
00,1023,1,12A226,14,40588,3,1,0,01,-,1,1,2,63,05/12/1959,1,02,6,2,4,07, , , , , ,1,1,8750,8862
00,1023,1,12A226,14,40588,1,1,0,02,-,1,2,2,62,12/04/1961,1,02,6,2,5,01,5,5,3,1,000500,1, ,8750,0
00,1023,1,12A226,14,40588,2,1,0,01,-,1,1,1,20,04/09/2003,1,07,1,1,6,01,5,5,3,1,000800,1, ,8750,0
00,1023,1,12A226,14,40588,1,1,0,01,-,1,1,1,66,18/09/1957,1,02,6,2,5,07, , , , , ,1, ,8750,0
00,1023,1,12A226,14,40588,2,1,0,03,-,1,4,2,48,31/10/1974,1,02,6,2,5,07, , , , , ,1, ,8750,0
00,1023,1,12A226,14,40588,1,1,0,04,-,1,3,1,22,15/06/2001,1,03,3,2,6,01,5,5,2,1,999999,1, ,8750,0
00,1023,5,12B212,14,40594,3,1,0,01,-,1,1,1,51,13/12/1971,1,07,1,2,5,01,5,2,3,1,999999,1,1,7914,24046
00,1023,5,12B212,14,40594,2,1,0,02,-,1,3,2,41,12/11/1981,1,07,4,2,6,01,5,5,3,2,999999,1, ,7914,0
00,1023,5,12B212,14,40594,3,1,0,03,-,1,3,2,18,30/06/2005,1,04,2,1,6,06, , , , , ,1, ,7914,0
00,1023,5,12B212,14,40594,2,1,0,01,-,1,1,2,72,03/09/1951,1,07,4,2,4,07, , , , , ,1,1,7914,16030
00,1023,5,12B212,14,40594,1,1,0,02,-,1,2,2,78,17/09/1945,1,02,6,2,5,07, , , , , ,1, ,7914,0
00,1023,5,12B212,14,40594,3,1,0,02,-,1,2,2,41,30/06/1982,1,07,1,2,5,01,5,5,3,2,999999,1, ,7914,0
00,1023,5,12B212,14,40594,1,1,0,01,-,1,1,1,84,19/08/1939,1,03,3,2,5,10, , , , , ,1,1,7914,16030
00,1023,5,12B212,14,40594,3,1,0,04,-,1,3,2,14,30/06/2009,1,03,1,1,6,06, , , , , ,1, ,7914,0
00,1023,5,13B212,14,40596,4,1,0,03,-,1,3,1,23,30/09/2000,1,07,5,2,6,01,1,5,3,2,999999,1, ,10750,0
00,1023,2,13B212,14,40596,3,1,0,01,-,2, , , , , , , , , , , , , , , ,1, ,0,0
00,1023,5,13B212,14,40596,4,1,0,02,-,1,2,2,35,05/07/1988,1,02,6,2,5,01,5,5,3,2,003100,1,1,10750,54676
00,1023,5,13B212,14,40596,1,1,0,03,-,1,3,1,07,12/03/2016,1,01,2,1, , , , , , , ,1, ,10750,0
00,1023,5,13B212,14,40596,4,1,0,04,-,1,7,1,66,15/07/1957,1,03,3,2,6,08, , , , , ,1, ,10750,0
00,1023,5,13B212,14,40596,4,1,0,01,-,1,1,1,46,27/04/1977,1,03,3,2,5,01,1,5,3,1,002000,1, ,10750,0
00,1023,5,13B212,14,40596,3,1,0,04,-,1,3,1,13,14/05/2010,1,02,6,1,6,06, , , , , ,1, ,10750,0
00,1023,5,13B212,14,40596,3,1,0,02,-,1,2,2,34,27/03/1989,1,03,3,2,5,07, , , , , ,1,1,10750,21870
00,1023,5,13B212,14,40596,4,1,0,05,-,1,3,1,20,23/03/2003,1,04,3,1,6,06, , , , , ,1, ,10750,0
00,1023,5,13B212,14,40596,1,1,0,02,-,1,2,2,33,30/06/1990,1,04,3,2,1,01,7,2,3,1,002000,1,1,10750,32806
00,1023,5,13B212,14,40596,1,1,0,06,-,3,4,2,58,23/09/1965,1,04,3,2,4,07, , , , , ,1, ,10750,0
00,1023,5,13B212,14,40596,3,1,0,06,-,3,2,1,39,15/08/1984,1,02,6,2,5,01,5,5,3,1,004500,1, ,10750,0
00,1023,5,13B212,14,40596,3,1,0,03,-,1,3,1,15,17/10/2007,1,03,3,1,6,06, , , , , ,1, ,10750,0
00,1023,5,13B212,14,40596,1,1,0,05,-,1,3,2,06,09/04/2017,2,01,1,1, , , , , , , ,1, ,10750,0
00,1023,5,13B212,14,40596,1,1,0,04,-,1,3,1,13,18/05/2010,1,02,6,1,6,06, , , , , ,1, ,10750,0
00,1023,5,13B212,14,40596,1,1,0,01,-,1,1,1,34,01/03/1989,1,04,3,2,1,01,1,5,4,1,003000,1, ,10750,0
00,1023,5,13B212,14,40596,2,1,0,01,-,1,1,2,42,07/10/1980,1,06,3,2,6,07, , , , , ,1,1,10750,21870
00,1023,2,13B212,14,40596,2,1,0,02,-,2, , , , , , , , , , , , , , , ,1, ,0,0
00,1023,5,13B212,14,40596,3,1,0,05,-,1,3,2,08,29/08/2015,1,02,1,1, , , , , , , ,1, ,10750,0
00,1023,5,13B212,14,40596,2,1,0,03,-,1,3,2,21,10/07/2002,1,06,3,2,6,01,1,5,3,2,004500,1, ,10750,0
00,1023,5,12B212,14,40599,3,1,0,04,-,1,3,2,16,06/11/2006,1,03,2,1,6,06, , , , , ,1, ,8511,0
00,1023,5,12B212,14,40599,3,1,0,05,-,1,3,2,18,22/12/2004,1,04,2,1,6,06, , , , , ,1, ,8511,0
00,1023,5,12B212,14,40599,3,1,0,02,-,1,2,2,46,16/06/1977,2,00, ,2,5,01,7,2,3,1,999999,1, ,8511,0
00,1023,5,12B212,14,40599,3,1,0,01,-,1,1,1,46,16/06/1977,1,00, ,2,5,01,7,2,3,1,999999,1, ,8511,0
00,1023,5,12B212,14,40599,3,1,0,03,-,1,3,2,21,01/12/2001,1,07,4,1,6,06, , , , , ,1,1,8511,34481
00,1023,5,12B212,14,40599,3,1,0,06,-,1,5,2,05,10/04/2018,2,01,1,1, , , , , , , ,1, ,8511,0
00,1023,6,11B211,15,40025,3,1,0,03,-,1,3,1,21,08/04/2002,1,04,2,1,6,01,5,5,3,1,999999,1, ,9031,0
15,1023,6,11B211,15,40025,4,1,0,04,-,1,3,2,28,08/02/1995,1,07,4,1,6,01,5,7,3,2,999999,1, ,9031,0
00,1023,6,11B211,15,40025,1,1,0,02,-,1,2,2,42,07/09/1981,1,07,4,2,1,01,1,7,3,2,999999,1,1,9031,18189
00,1023,6,11B211,15,40025,1,1,0,01,-,1,1,1,41,11/09/1982,1,07,4,2,1,01,1,7,3,2,999999,1, ,9031,0
00,1023,6,11B211,15,40025,1,1,0,04,-,1,3,2,10,28/02/2013,1,02,3,1, , , , , , , ,1, ,9031,0
00,1023,6,11B211,15,40025,1,1,0,03,-,1,3,1,10,28/02/2013,1,02,3,1, , , , , , , ,1, ,9031,0
00,1023,6,11B211,15,40025,3,1,0,01,-,1,1,2,60,28/12/1962,2,00, ,2,5,01,4,4,2,1,999999,1,1,9031,27284
00,1023,6,11B211,15,40025,2,1,0,07,-,2, , , , , , , , , , , , , , , ,1, ,0,0
00,1023,6,11B211,15,40025,2,1,0,06,-,1,5,2,19,19/05/2004,1,03,3,2,1,07, , , , , ,1, ,9031,0
00,1023,6,11B211,15,40025,2,1,0,04,-,1,5,2,40,17/12/1982,1,03,3,2,5,01,5,5,2,1,000250,1,1,9031,45473
00,1023,6,11B211,15,40025,2,1,0,01,-,1,1,1,59,01/09/1964,1,03,3,2,5,01,5,5,3,2,999999,1, ,9031,0
00,1023,6,11B211,15,40025,2,1,0,03,-,1,3,1,39,07/03/1984,1,03,3,2,5,01,5,5,3,2,999999,1, ,9031,0
15,1023,6,11B211,15,40025,4,1,0,03,-,1,3,2,19,19/03/2004,1,04,3,2,6,07, , , , , ,1, ,9031,0
15,1023,6,11B211,15,40025,4,1,0,01,-,1,1,2,54,16/07/1969,1,03,3,2,1,01,4,4,2,1,999999,1, ,9031,0
00,1023,6,11B211,15,40025,3,1,0,02,-,1,2,1,65,07/03/1958,1,00, ,2,5,01,4,4,2,1,999999,1, ,9031,0
00,1023,6,11B211,15,40025,2,1,0,09,-,1,5,2,15,08/03/2008,1,03,2,1,6,06, , , , , ,1, ,9031,0
00,1023,6,11B211,15,40025,2,1,0,08,-,2, , , , , , , , , , , , , , , ,1, ,0,0
00,1023,6,11B211,15,40025,2,1,0,05,-,2, , , , , , , , , , , , , , , ,1, ,0,0
00,1023,6,11B211,15,40025,2,1,0,10,-,1,5,1,05,01/10/2018,2,01,2,1, , , , , , , ,1, ,9031,0
00,1023,6,11B211,15,40025,2,1,0,02,-,1,2,2,56,11/09/1967,1,00, ,2,5,01,5,5,3,2,999999,1, ,9031,0
15,1023,6,11B211,15,40025,4,1,0,02,-,1,2,1,66,17/08/1957,1,04,3,2,1,08, , , , , ,1, ,9031,0
00,1023,7,12A218,15,40029,4,1,0,02,-,1,6,1,51,19/02/1972,1,03,3,2,6,01,5,5,3,2,001200,1,1,8379,25460
00,1023,7,12A218,15,40029,1,1,0,03,-,1,3,2,14,19/01/2009,1,03,1,1,6,06, , , , , ,1, ,8379,0
00,1023,5,12A218,15,40029,4,1,0,01,-,2, , , , , , , , , , , , , , , ,1, ,0,0
00,1023,7,12A218,15,40029,4,1,0,03,-,1,6,2,46,15/06/1977,1,03,3,2,6,01,5,5,3,2,999999,1, ,8379,0
00,1023,7,12A218,15,40029,1,1,0,04,-,1,3,1,10,11/08/2013,1,02,3,1, , , , , , , ,1, ,8379,0
00,1023,7,12A218,15,40029,4,1,0,04,-,1,4,2,85,27/07/1938,1,03,3,2,4,07, , , , , ,1, ,8379,0
00,1023,7,12A218,15,40029,2,1,0,01,-,1,1,1,55,25/10/1967,1,07,5,2,5,01,1,5,3,2,999999,1,1,8379,33947
00,1023,7,12A218,15,40029,1,1,0,01,-,1,1,1,34,11/08/1989,1,07,5,2,1,01,5,5,3,2,999999,1,1,8379,16973
00,1023,7,12A218,15,40029,2,1,0,03,-,1,3,2,27,22/11/1995,1,07,5,2,6,10, , , , , ,1, ,8379,0
00,1023,7,12A218,15,40029,1,1,0,02,-,1,2,2,35,11/08/1988,1,07,5,2,1,07, , , , , ,1, ,8379,0
00,1023,7,12A218,15,40029,2,1,0,02,-,1,2,2,50,22/05/1973,1,07,5,2,5,07, , , , , ,1, ,8379,0
00,1023,5,12A218,15,40029,4,1,0,05,-,2, , , , , , , , , , , , , , , ,1, ,0,0
00,1023,7,12A218,15,40029,2,1,0,04,-,1,3,1,18,21/02/2005,1,04,2,1,6,06, , , , , ,1, ,8379,0
00,1023,3,13A224,15,40054,1,1,0,02,-,1,3,2,22,17/02/2001,1,04,3,1,6,06, , , , , ,1, ,11556,0
00,1023,3,13A224,15,40054,1,1,0,05,-,1,2,2,35,10/08/1988,1,04,3,2,1,07, , , , , ,1,1,11556,35265
00,1023,3,13A224,15,40054,4,1,0,03,-,1,3,1,28,18/08/1995,1,07,5,2,6,10, , , , , ,1,1,11556,35265
00,1023,3,13A224,15,40054,4,1,0,02,-,1,2,2,54,12/05/1969,1,06,3,2,5,01,5,5,3,2,999999,1, ,11556,0
00,1023,3,13A224,15,40054,1,1,0,01,-,1,1,1,38,12/01/1985,1,07,5,2,1,01,5,5,3,2,999999,1, ,11556,0
00,1023,3,13A224,15,40054,1,1,0,03,-,1,3,1,16,18/09/2007,1,04,1,1,6,06, , , , , ,1, ,11556,0
00,1023,3,13A224,15,40054,1,1,0,04,-,1,3,2,14,28/03/2009,1,03,1,1,6,06, , , , , ,1, ,11556,0
00,1023,3,13A224,15,40054,4,1,0,01,-,1,1,1,61,07/02/1962,1,06,3,2,5,08, , , , , ,1, ,11556,0
00,1023,3,13A224,15,40054,4,1,0,04,-,1,3,2,17,12/08/2006,1,03,3,1,6,06, , , , , ,1, ,11556,0
00,1023,7,11A218,15,40056,3,1,0,01,-,1,1,1,71,08/10/1952,1,02,3,2,5,01,4,4,2,1,000050,1,1,7674,23184
00,1023,7,11A218,15,40056,2,1,0,05,-,1,3,1,33,17/07/1990,1,03,3,2,6,01,5,3,3,1,999999,1, ,7674,0
00,1023,7,11A218,15,40056,2,1,0,03,-,1,5,1,17,22/10/2005,1,04,1,1,6,01,5,3,3,1,999999,1, ,7674,0
00,1023,7,11A218,15,40056,2,1,0,04,-,1,5,1,16,18/09/2007,1,03,3,1,6,06, , , , , ,1, ,7674,0
00,1023,5,11A218,15,40056,2,1,0,06,-,2, , , , , , , , , , , , , , , ,1, ,0,0
00,1023,7,11A218,15,40056,3,1,0,03,-,1,3,1,45,15/11/1977,1,03,3,2,6,01,7,2,3,1,999999,1, ,7674,0
00,1023,7,11A218,15,40056,3,1,0,02,-,1,2,2,76,16/02/1947,2,00, ,2,5,07, , , , , ,1, ,7674,0
00,1023,7,11A218,15,40056,2,1,0,01,-,1,1,2,56,03/07/1967,1,02,6,2,2,01,5,5,2,1,000600,1,1,7674,15456
00,1023,3,11A218,15,40056,2,1,0,02,-,2, , , , , , , , , , , , , , , ,1, ,0,0
00,1023,2,11A225,15,40108,2,1,0,02,-,1,2,2,35,30/06/1988,1,03,3,2,1,01,5,5,2,1,999999,1, ,7260,0
00,1023,2,11A225,15,40108,2,1,0,03,-,1,3,2,11,09/12/2011,1,02,6,1, , , , , , , ,1, ,7260,0
00,1023,2,11A225,15,40108,2,1,0,01,-,1,1,1,40,09/12/1982,1,04,3,2,1,01,5,5,3,1,999999,1,1,7260,14621
00,1023,2,11A225,15,40108,3,1,0,05,-,1,3,1,32,09/09/1991,1,04,3,2,6,01,5,5,3,2,999999,1, ,7260,0
00,1023,2,11A225,15,40108,3,1,0,02,-,1,2,2,70,21/08/1953,1,02,6,2,5,07, , , , , ,1,1,7260,36553
00,1023,2,11A225,15,40108,3,1,0,03,-,1,5,1,43,14/01/1980,1,03,3,2,1,01,4,4,2,1,999999,1, ,7260,0
00,1023,2,11A225,15,40108,2,1,0,04,-,1,3,1,07,30/09/2016,1,02,1,1, , , , , , , ,1, ,7260,0
00,1023,2,11A225,15,40108,4,1,0,01,-,1,1,2,29,27/11/1993,1,04,3,2,6,07, , , , , ,1,1,7260,7311
00,1023,2,11A225,15,40108,3,1,0,01,-,1,1,1,73,01/02/1950,1,00, ,2,5,08, , , , , ,1, ,7260,0
00,1023,2,11A225,15,40108,1,1,0,01,-,1,1,2,50,26/04/1973,1,03,3,2,2,01,5,5,3,1,001470,1,1,7260,14621
00,1023,2,11A225,15,40108,3,1,0,04,-,1,3,2,38,04/07/1985,1,03,3,2,1,01,4,4,2,1,999999,1, ,7260,0
00,1023,2,11A225,15,40108,1,1,0,02,-,1,3,1,31,16/07/1992,1,03,3,2,2,01,4,4,2,1,999999,1, ,7260,0
00,1023,7,11A218,15,40114,2,1,0,03,-,1,3,2,28,28/02/1995,1,04,3,1,2,01,1,5,3,2,002000,1,1,8066,40611
00,1023,7,11A218,15,40114,1,1,0,02,-,1,2,2,30,18/04/1993,1,03,3,2,1,07, , , , , ,1,1,8066,8122
00,1023,7,11A218,15,40114,1,1,0,04,-,1,3,2,03,09/09/2020, , , , , , , , , , , ,1, ,8066,0
00,1023,7,11A218,15,40114,4,1,0,02,-,1,2,2,26,18/08/1997,1,04,3,2,1,01,4,4,2,1,999999,1,1,8066,16244
00,1023,7,11A218,15,40114,3,1,0,02,-,1,2,2,30,27/12/1992,1,07,4,2,1,01,4,4,3,1,001400,1,1,8066,24366
00,1023,7,11A218,15,40114,3,1,0,03,-,1,4,2,63,14/06/1960,1,03,3,2,2,07, , , , , ,1, ,8066,0
00,1023,7,11A218,15,40114,2,1,0,05,-,1,5,1,05,13/10/2017,1,01,2,1, , , , , , , ,1, ,8066,0
00,1023,7,11A218,15,40114,2,1,0,04,-,1,3,1,22,04/04/2001,1,04,3,2,6,01,5,5,3,2,999999,1, ,8066,0
00,1023,7,11A218,15,40114,2,1,0,01,-,1,1,1,50,28/04/1973,1,04,3,2,5,01,4,4,3,2,999999,1, ,8066,0
00,1023,7,11A218,15,40114,2,1,0,02,-,1,2,2,50,18/03/1973,1,03,3,2,5,07, , , , , ,1, ,8066,0
00,1023,7,11A218,15,40114,4,1,0,04,-,1,3,2,01,06/04/2022, , , , , , , , , , , ,1, ,8066,0
00,1023,7,11A218,15,40114,4,1,0,03,-,1,3,1,04,14/11/2018, , , , , , , , , , , ,1, ,8066,0
00,1023,7,11A218,15,40114,4,1,0,01,-,1,1,1,30,22/12/1992,1,06,3,2,1,01,5,5,3,2,999999,1, ,8066,0
00,1023,5,11A218,15,40114,1,1,0,01,-,2, , , , , , , , , , , , , , , ,1, ,0,0
00,1023,7,11A218,15,40114,1,1,0,03,-,1,3,1,05,19/01/2018,1,01,2,2, , , , , , , ,1, ,8066,0
00,1023,7,11A218,15,40114,3,1,0,04,-,1,3,1,07,26/12/2015,1,02,1,1, , , , , , , ,1, ,8066,0
00,1023,7,11A218,15,40114,3,1,0,05,-,1,3,2,02,01/08/2021, , , , , , , , , , , ,1, ,8066,0
00,1023,7,11A218,15,40114,3,1,0,01,-,1,1,1,29,19/04/1994,1,04,3,2,1,01,5,5,2,1,999999,1, ,8066,0
00,1023,7,11A218,15,40114,2,1,0,06,-,3,5,1,33,09/05/1990,1,04,3,2,5,01,2,7,3,2,999999,1, ,8066,0
00,1023,3,11A224,15,40138,3,1,0,05,-,1,3,2,04,24/02/2019, , , , , , , , , , , ,1, ,5112,0
00,1023,3,11A224,15,40138,3,1,0,03,-,1,3,2,13,24/09/2010,1,03,1,1,6,06, , , , , ,1, ,5112,0
00,1023,3,11A224,15,40138,3,1,0,02,-,1,2,2,29,20/12/1993,1,03,3,2,5,07, , , , , ,1,1,5112,10295
00,1023,3,11A224,15,40138,3,1,0,04,-,1,3,2,08,29/07/2015,1,02,2,1, , , , , , , ,1, ,5112,0
00,1023,3,11A224,15,40138,4,1,0,04,-,1,3,1,15,07/09/2008,1,03,2,1,6,06, , , , , ,1, ,5112,0
00,1023,3,11A224,15,40138,4,1,0,02,-,1,2,2,50,19/01/1973,1,04,3,2,5,07, , , , , ,1, ,5112,0
00,1023,3,11A224,15,40138,4,1,0,01,-,1,1,1,55,25/08/1968,1,07,4,2,5,01,4,4,3,1,999999,1,1,5112,10295
00,1023,3,11A224,15,40138,1,1,0,03,-,1,3,1,13,10/06/2010,1,03,2,1,6,06, , , , , ,1, ,5112,0
00,1023,3,11A224,15,40138,2,1,0,03,-,1,3,1,01,30/05/2022, , , , , , , , , , , ,1, ,5112,0
00,1023,3,11A224,15,40138,2,1,0,02,-,1,2,1,42,24/06/1981,1,03,3,2,5,01,4,4,3,1,002000,1, ,5112,0
00,1023,3,11A224,15,40138,2,1,0,01,-,1,1,2,21,17/10/2001,2,02,2,2,5,01,4,4,3,1,001300,1,1,5112,10295
00,1023,3,11A224,15,40138,3,1,0,01,-,1,1,1,33,10/03/1990,1,03,3,2,5,01,5,5,3,1,002000,1, ,5112,0
00,1023,3,11A224,15,40138,1,1,0,01,-,1,1,1,50,29/05/1973,1,07,3,2,5,01,2,7,2,2,999999,1, ,5112,0
00,1023,3,11A224,15,40138,4,1,0,03,-,1,3,2,16,13/04/2007,1,04,2,1,6,06, , , , , ,1, ,5112,0
00,1023,3,11A224,15,40138,1,1,0,02,-,1,2,2,45,30/09/1978,1,07,3,2,5,07, , , , , ,1,1,5112,10295
00,1023,3,11A224,15,40142,4,1,0,01,-,1,1,1,66,11/07/1957,1,02,6,2,5,07, , , , , ,1, ,25714,0
00,1023,3,11A224,15,40142,4,1,0,03,-,1,3,2,24,05/12/1998,1,04,2,2,1,07, , , , , ,1, ,25714,0
00,1023,3,11A224,15,40142,3,1,0,01,-,1,1,1,78,20/06/1945,1,02,6,2,4,08, , , , , ,1, ,25714,0
00,1023,3,11A224,15,40142,2,1,0,03,-,1,5,1,19,19/03/2004,1,03,3,2,6,01,5,5,3,1,999999,1, ,25714,0
00,1023,3,11A224,15,40142,2,1,0,01,-,1,1,1,61,19/06/1962,1,03,3,2,5,08, , , , , ,1, ,25714,0
00,1023,3,11A224,15,40142,4,1,0,04,-,1,5,1,07,01/09/2016,1,02,1,1, , , , , , , ,1, ,25714,0
00,1023,3,11A224,15,40142,3,1,0,02,-,1,3,1,50,08/08/1973,1,04,1,2,6,01,5,5,2,1,999999,1,1,25714,51790
00,1023,3,11A224,15,40142,4,1,0,02,-,1,2,2,61,31/10/1961,2,00, ,2,5,01,5,5,2,1,000600,1,1,25714,77684
00,1023,3,11A224,15,40142,2,1,0,02,-,1,2,2,59,07/08/1964,1,03,3,2,5,07, , , , , ,1,1,25714,77684
00,1023,8,13A217,15,40170,3,1,1,03,-,1,4,2,91,18/03/1932,1,07,3,2,4,07, , , , , ,1, ,9121,0
00,1023,8,13A217,15,40170,1,1,0,05,-,1,3,1,30,18/04/1993,1,07,1,1,6,06, , , , , ,1, ,9121,0
00,1023,5,13A217,15,40170,1,1,0,03,-,2, , , , , , , , , , , , , , , ,1, ,0,0
00,1023,8,13A217,15,40170,1,1,0,01,-,1,1,1,36,10/03/1987,1,07,5,2,6,01,2,7,3,3,999999,1, ,9121,0
00,1023,8,13A217,15,40170,3,1,1,04,-,1,6,2,64,25/10/1958,2,00, ,2,6,09, , , , , ,1, ,9121,0
00,1023,8,13A217,15,40170,3,1,1,02,-,1,2,1,60,01/06/1963,1,07,4,2,5,01,2,7,2,1,999999,1, ,9121,0
00,1023,8,13A217,15,40170,2,1,0,02,-,1,8,1,76,16/04/1947,1,04,3,2,5,01,4,4,2,3,030000,1, ,9121,0
00,1023,8,13A217,15,40170,4,1,0,01,-,1,1,1,38,26/03/1985,1,07,4,2,6,01,1,5,1,3,010000,1,1,9121,9278
00,1023,8,13A217,15,40170,2,1,0,03,-,1,8,2,57,15/05/1966,1,06,3,2,5,01,3,7,3,3,015000,1, ,9121,0
00,1023,8,13A217,15,40170,3,1,1,01,-,1,1,1,60,20/10/1962,1,07,4,2,5,07, , , , , ,1,1,9121,37113
00,1023,8,13A217,15,40170,2,1,0,01,-,1,1,2,71,05/09/1952,1,07,4,2,6,08, , , , , ,1,1,9121,27835
00,1023,8,13A217,15,40170,1,1,0,02,-,1,4,2,71,19/09/1952,1,07,5,2,4,07, , , , , ,1,1,9121,27835
00,1023,5,13A217,15,40170,1,1,0,04,-,2, , , , , , , , , , , , , , , ,1, ,0,0
00,1023,6,11B211,15,40172,4,1,0,05,-,1,5,1,08,02/06/2015,1,02,1,1, , , , , , , ,1, ,6145,0
00,1023,6,11B211,15,40172,1,1,0,02,-,1,4,2,87,02/02/1936,2,00, ,2,4,07, , , , , ,1, ,6145,0
00,1023,6,11B211,15,40172,3,1,0,01,-,1,1,1,39,04/08/1984,1,07,5,1,5,01,5,5,3,2,999999,1, ,6145,0
00,1023,6,11B211,15,40172,4,1,0,01,-,1,1,1,45,16/12/1977,1,07,4,2,5,01,5,6,3,1,999999,1, ,6145,0
00,1023,6,11B211,15,40172,4,1,0,03,-,1,3,1,25,16/08/1998,1,07,3,1,6,06, , , , , ,1, ,6145,0
00,1023,6,11B211,15,40172,1,1,0,03,-,1,2,2,59,15/11/1963,1,03,3,2,5,07, , , , , ,1,1,6145,24753
00,1023,6,11B211,15,40172,4,1,0,02,-,1,2,2,46,16/05/1977,1,07,3,2,5,07, , , , , ,1, ,6145,0
00,1023,6,11B211,15,40172,3,1,0,02,-,1,2,2,40,28/02/1983,1,07,5,1,5,01,5,5,3,2,999999,1, ,6145,0
00,1023,6,11B211,15,40172,4,1,0,06,-,1,3,1,17,17/06/2006,1,03,3,1,6,01,5,5,3,1,000700,1, ,6145,0
00,1023,6,11B211,15,40172,1,1,0,01,-,1,1,1,61,26/05/1962,1,04,3,2,5,01,6,6,2,1,999999,1, ,6145,0
00,1023,6,11B211,15,40172,3,1,0,03,-,1,3,1,24,01/10/1999,1,06,4,1,6,01,5,5,3,2,999999,1,1,6145,18565
00,1023,6,11B211,15,40172,4,1,0,04,-,1,3,1,19,16/11/2003,1,04,3,2,6,01,5,5,3,1,999999,1,1,6145,24753
00,1023,6,11B211,15,40172,1,1,0,04,-,1,3,1,32,18/11/1990,1,07,5,2,6,01,1,5,3,2,999999,1, ,6145,0
00,1023,3,12A224,15,40194,4,1,0,01,-,1,1,1,43,26/07/1980,1,04,3,2,1,01,5,4,3,1,001900,1, ,7391,0
00,1023,3,12A224,15,40194,2,1,0,01,-,1,1,1,74,24/06/1949,1,06,3,2,5,01,5,5,2,1,999999,1,1,7391,14971
00,1023,3,12A224,15,40194,3,1,0,01,-,1,1,1,65,12/10/1957,1,07,5,2,5,08, , , , , ,1, ,7391,0
00,1023,3,12A224,15,40194,3,1,0,02,-,1,2,2,64,10/09/1959,1,06,3,2,5,01,5,5,2,1,999999,1,1,7391,14971
00,1023,3,12A224,15,40194,2,1,0,02,-,1,2,2,73,29/06/1950,1,03,3,2,5,07, , , , , ,1, ,7391,0
00,1023,3,12A224,15,40194,4,1,0,02,-,1,2,2,40,20/02/1983,1,04,3,2,1,01,5,5,3,2,001500,1,1,7391,14971
00,1023,3,12A224,15,40194,4,1,0,03,-,1,3,1,05,19/12/2017,2,01,3,1, , , , , , , ,1, ,7391,0
00,1023,2,11A225,15,40196,3,1,0,02,-,1,2,2,45,21/12/1977,1,02,5,2,1,07, , , , , ,1,1,6953,42009
00,1023,2,11A225,15,40196,3,1,0,07,-,1,7,2,22,15/07/2001,1,04,3,2,6,07, , , , , ,1, ,6953,0
00,1023,2,11A225,15,40196,3,1,0,01,-,1,1,1,67,07/07/1956,1,02,4,2,1,01,4,4,2,1,001500,1, ,6953,0
00,1023,2,11A225,15,40196,1,1,0,01,-,1,1,2,59,07/11/1963,1,04,3,2,6,01,3,2,3,1,999999,1,1,6953,7001
00,1023,2,11A225,15,40196,3,1,0,06,-,1,7,2,40,15/06/1983,1,04,3,2,6,01,3,7,3,2,999999,1, ,6953,0
00,1023,2,11A225,15,40196,3,1,0,05,-,1,3,1,15,05/02/2008,1,03,2,1,6,06, , , , , ,1, ,6953,0
00,1023,2,11A225,15,40196,3,1,0,04,-,1,3,2,20,05/02/2003,1,04,3,2,6,07, , , , , ,1, ,6953,0
00,1023,2,11A225,15,40196,3,1,0,03,-,1,3,1,22,14/03/2001,1,04,3,1,6,06, , , , , ,1, ,6953,0
00,1023,2,11A225,15,40196,2,1,0,02,-,1,3,2,36,15/07/1987,1,04,3,2,6,01,3,2,3,2,999999,1, ,6953,0
00,1023,2,11A225,15,40196,2,1,0,01,-,1,1,2,71,19/01/1952,1,02,6,2,4,01,4,4,2,1,001500,1,1,6953,14003
00,1023,2,11A225,15,40196,4,1,0,01,-,1,1,2,21,15/04/2002,1,03,3,2,6,01,4,4,3,1,001000,1, ,6953,0
00,1023,2,11A225,15,40196,4,1,0,02,-,1,8,2,23,07/12/1999,1,04,3,2,6,01,5,7,3,2,006000,1,1,6953,14003
00,1023,2,11A225,15,40200,2,1,0,02,-,1,6,1,42,13/11/1980,1,03,3,2,6,01,5,3,3,1,999999,1, ,6455,0
00,1023,2,11A225,15,40200,2,1,0,01,-,1,1,2,41,22/04/1982,1,03,3,2,6,01,4,5,3,1,999999,1, ,6455,0
00,1023,2,11A225,15,40200,2,1,0,08,-,1,7,1,31,03/12/1991,1,04,3,2,5,01,5,5,3,2,999999,1, ,6455,0
00,1023,2,11A225,15,40200,1,1,0,02,-,1,3,1,10,13/04/2013,1,02,5,1, , , , , , , ,1, ,6455,0
00,1023,2,11A225,15,40200,1,1,0,01,-,1,1,2,47,12/10/1975,1,03,3,2,6,01,7,4,3,3,004000,1,1,6455,13001
00,1023,2,11A225,15,40200,4,1,0,02,-,1,6,2,51,22/09/1972,1,02,6,2,6,01,4,4,2,1,000500,1,1,6455,19502
00,1023,2,11A225,15,40200,2,1,0,03,-,1,6,2,46,26/04/1977,1,03,3,2,5,07, , , , , ,1, ,6455,0
00,1023,2,11A225,15,40200,1,1,0,03,-,1,3,2,25,29/12/1997,1,06,4,2,6,01,2,7,3,2,004000,1, ,6455,0
00,1023,2,11A225,15,40200,2,1,0,07,-,1,6,2,31,29/10/1991,1,03,3,2,6,07, , , , , ,1,1,6455,39003
00,1023,2,11A225,15,40200,4,1,0,01,-,1,1,2,52,15/07/1971,1,02,6,2,6,01,4,4,2,1,000500,1, ,6455,0
00,1023,2,11A225,15,40200,2,1,0,06,-,1,7,2,03,20/02/2020, , , , , , , , , , , ,1, ,6455,0
00,1023,2,11A225,15,40200,2,1,0,05,-,1,7,1,15,01/05/2008,1,04,1,1,6,06, , , , , ,1, ,6455,0
00,1023,2,11A225,15,40200,2,1,0,04,-,1,7,1,50,08/04/1973,1,03,3,2,5,01,7,2,3,1,999999,1, ,6455,0
00,1023,2,11A225,15,40200,3,1,0,02,-,1,2,2,37,06/10/1986,1,06,4,2,5,07, , , , , ,1,1,6455,13001
00,1023,2,11A225,15,40200,3,1,0,01,-,1,1,1,44,13/03/1979,1,04,3,2,5,01,7,2,3,1,999999,1, ,6455,0
00,1023,2,11A225,15,40200,4,1,0,03,-,1,6,1,60,10/11/1962,1,02,6,2,6,01,4,4,2,1,000500,1, ,6455,0
00,1023,2,11A225,15,40200,3,1,0,03,-,1,3,2,09,03/09/2014,1,02,4,1, , , , , , , ,1, ,6455,0
00,1023,6,11B211,15,40201,3,1,0,01,-,1,1,1,49,04/01/1974,1,02,6,2,5,01,4,4,1,1,000800,1,1,7795,23550
00,1023,6,11B211,15,40201,3,1,0,04,-,1,3,1,15,13/01/2008,1,03,2,2,6,02,4,4,6,5, ,1, ,7795,0
00,1023,6,11B211,15,40201,2,1,0,02,-,1,2,1,68,11/08/1955,1,03,3,2,5,01,4,4,2,1,999999,1, ,7795,0
00,1023,6,11B211,15,40201,4,1,0,01,-,1,1,1,74,27/09/1949,1,02,3,2,4,08, , , , , ,1, ,7795,0
00,1023,6,11B211,15,40201,4,1,0,02,-,1,3,2,37,13/09/1986,1,03,3,2,3,01,7,5,2,1,000400,1,1,7795,15700
00,1023,6,11B211,15,40201,3,1,0,02,-,1,2,2,39,07/04/1984,1,02,6,2,5,07, , , , , ,1, ,7795,0
00,1023,6,11B211,15,40201,4,1,0,04,-,1,5,2,07,27/06/2016,2,02,1,1, , , , , , , ,1, ,7795,0
00,1023,6,11B211,15,40201,3,1,0,03,-,1,3,1,22,07/06/2001,1,03,3,2,6,01,4,4,1,2,999999,1, ,7795,0
00,1023,6,11B211,15,40201,2,1,0,03,-,1,3,2,43,30/03/1980,1,07,5,2,6,04, , , , , ,1, ,7795,0
00,1023,6,11B211,15,40201,2,1,0,01,-,1,1,2,68,10/03/1955,1,02,5,2,5,07, , , , , ,1,1,7795,23550
00,1023,6,11B211,15,40201,4,1,0,03,-,1,5,2,13,23/11/2009,1,03,1,1,6,06, , , , , ,1, ,7795,0
00,1023,6,13B211,15,40205,3,1,0,02,-,1,3,1,16,29/08/2007,1,03,3,1,6,06, , , , , ,1, ,9523,0
00,1023,6,13B211,15,40205,1,1,0,03,-,1,3,1,24,13/02/1999,1,07,3,1,6,06, , , , , ,1, ,9523,0
00,1023,6,13B211,15,40205,1,1,0,01,-,1,1,1,52,15/10/1970,1,07,2,2,5,01,3,2,3,2,999999,1,1,9523,38749
00,1023,6,13B211,15,40205,1,1,0,04,-,1,3,1,20,21/01/2003,1,04,3,1,6,06, , , , , ,1, ,9523,0
00,1023,6,13B211,15,40205,3,1,0,01,-,1,1,2,34,21/04/1989,1,04,3,1,4,01,2,7,3,2,999999,1,1,9523,9687
00,1023,6,13B211,15,40205,1,1,0,02,-,1,2,2,56,07/11/1966,1,06,3,2,5,07, , , , , ,1, ,9523,0
00,1023,6,13B211,15,40205,4,1,0,01,-,1,1,1,62,08/01/1961,1,07,4,2,6,01,1,7,3,2,999999,1,1,9523,9687
00,1023,4,13A223,15,40217,1,1,0,02,-,1,2,2,66,26/06/1957,1,04,3,2,5,07, , , , , ,1, ,17420,0
00,1023,4,13A223,15,40217,3,1,0,01,-,1,1,1,29,21/09/1994,1,06,5,2,1,01,1,3,3,2,015000,1,1,17420,35442
00,1023,4,13A223,15,40217,4,1,0,02,-,1,2,2,43,04/08/1980,1,07,4,2,1,01,2,7,3,2,999999,1,1,17420,53163
00,1023,4,13A223,15,40217,4,1,0,01,-,1,1,1,44,09/01/1979,1,07,4,2,1,01,2,7,3,2,999999,1, ,17420,0
00,1023,4,13A223,15,40217,3,1,0,02,-,1,2,2,26,25/10/1996,1,07,6,2,1,01,1,5,2,2,006000,1, ,17420,0
00,1023,4,13A223,15,40217,1,1,0,01,-,1,1,1,73,04/03/1950,1,08,2,2,5,08, , , , , ,1,1,17420,35442
00,1023,4,13A223,15,40217,4,1,0,04,-,1,4,1,62,09/06/1961,1,02,6,2,4,01,5,5,2,1,007000,1, ,17420,0
00,1023,4,13A223,15,40217,4,1,0,03,-,1,3,1,07,24/05/2016,1,02,1,1, , , , , , , ,1, ,17420,0
00,1023,1,11A226,15,40227,2,1,0,01,-,1,1,1,68,23/09/1955,1,07,3,2,4,08, , , , , ,1, ,5570,0
00,1023,1,11A226,15,40227,1,1,0,02,-,1,3,1,44,03/07/1979,1,04,3,2,6,01,1,3,3,2,999999,1, ,5570,0
00,1023,1,11A226,15,40227,4,1,0,02,-,1,3,2,11,29/12/2011,1,02,6,1, , , , , , , ,1, ,5570,0
00,1023,1,11A226,15,40227,3,1,0,02,-,1,2,2,54,30/06/1969,1,03,3,2,1,01,7,2,3,1,001200,1, ,5570,0
00,1023,1,11A226,15,40227,2,1,0,02,-,1,3,2,45,20/06/1978,1,04,3,2,3,01,1,7,3,2,999999,1,1,5570,16827
00,1023,1,11A226,15,40227,1,1,0,01,-,1,1,2,79,12/10/1943,1,02,3,2,4,07, , , , , ,1,1,5570,11218
00,1023,1,11A226,15,40227,3,1,0,01,-,1,1,1,60,24/04/1963,1,03,3,2,1,08, , , , , ,1,1,5570,11218
00,1023,1,11A226,15,40227,4,1,0,01,-,1,1,2,28,13/09/1995,1,03,3,2,5,07, , , , , ,1,1,5570,5609
00,1023,1,11A226,15,40227,2,1,0,03,-,1,5,1,18,13/09/2005,1,04,3,1,6,01,5,5,2,1,001000,1, ,5570,0
00,1023,2,11A225,15,40228,1,1,0,01,-,1,1,1,46,10/09/1977,1,07,2,2,5,01,5,5,3,1,999999,1,1,9079,27427
00,1023,2,11A225,15,40228,2,1,0,03,-,1,3,1,19,11/11/2003,1,04,3,2,6,01,5,4,3,2,002000,1,1,9079,27427
00,1023,2,11A225,15,40228,2,1,0,05,-,1,5,1,03,29/03/2020, , , , , , , , , , , ,1, ,9079,0
00,1023,2,11A225,15,40228,4,1,0,01,-,1,1,1,35,27/11/1987,1,03,3,2,1,01,5,5,3,1,001500,1,1,9079,18285
00,1023,2,11A225,15,40228,1,1,0,02,-,1,2,2,43,10/09/1980,1,04,3,2,5,07, , , , , ,1, ,9079,0
00,1023,2,11A225,15,40228,4,1,0,03,-,1,3,1,10,30/12/2012,1,02,5,1, , , , , , , ,1, ,9079,0
00,1023,2,11A225,15,40228,4,1,0,02,-,1,2,2,35,06/05/1988,1,03,3,2,1,07, , , , , ,1, ,9079,0
00,1023,2,11A225,15,40228,4,1,0,04,-,1,3,1,05,05/11/2017,2,01,3,1, , , , , , , ,1, ,9079,0
00,1023,2,11A225,15,40228,3,1,0,03,-,1,3,1,28,07/03/1995,1,07,3,2,1,10, , , , , ,1, ,9079,0
00,1023,2,11A225,15,40228,3,1,0,05,-,1,5,2,25,16/06/1998,1,04,3,2,1,07, , , , , ,1, ,9079,0
00,1023,2,11A225,15,40228,3,1,0,01,-,1,1,1,51,21/02/1972,1,03,3,2,5,01,7,2,3,1,999999,1, ,9079,0
00,1023,2,11A225,15,40228,2,1,0,04,-,1,5,1,07,02/04/2016,1,02,1,1, , , , , , , ,1, ,9079,0
00,1023,2,11A225,15,40228,3,1,0,02,-,1,2,2,48,02/02/1975,1,03,3,2,5,01,4,4,2,1,999999,1,1,9079,45712
00,1023,2,11A225,15,40228,2,1,0,02,-,1,3,1,26,24/01/1997,1,03,3,2,2,01,5,5,3,2,999999,1, ,9079,0
00,1023,2,11A225,15,40228,2,1,0,01,-,1,1,2,53,05/03/1970,1,03,3,2,3,01,5,5,3,1,000250,1, ,9079,0
00,1023,2,11A225,15,40228,1,1,0,04,-,1,3,2,16,10/09/2007,1,04,1,1,6,06, , , , , ,1, ,9079,0
00,1023,2,11A225,15,40228,3,1,0,04,-,1,3,1,22,16/04/2001,1,04,3,2,6,10, , , , , ,1, ,9079,0
00,1023,2,11A225,15,40228,1,1,0,03,-,1,3,1,23,10/09/2000,1,07,3,1,6,06, , , , , ,1, ,9079,0
00,1023,5,13B212,15,40230,1,1,1,01,-,1,1,1,42,27/06/1981,1,04,3,2,1,01,5,4,2,1,001000,1, ,8097,0
00,1023,5,13B212,15,40230,1,1,1,03,-,1,3,2,14,18/02/2009,1,03,2,1,6,06, , , , , ,1, ,8097,0
00,1023,5,13B212,15,40230,3,1,0,01,-,1,1,2,29,01/08/1994,1,07,5,1,2,01,2,5,3,3,008000,1,1,8097,8236
00,1023,5,13B212,15,40230,2,1,0,03,-,1,3,1,03,17/09/2020, , , , , , , , , , , ,1, ,8097,0
00,1023,5,13B212,15,40230,2,1,0,02,-,1,2,2,31,05/03/1992,1,08,2,2,5,01,2,7,3,3,010000,1,1,8097,16473
00,1023,5,13B212,15,40230,3,1,0,02,-,1,3,1,09,15/08/2014,1,02,3,1, , , , , , , ,1, ,8097,0
00,1023,5,13B212,15,40230,1,1,1,02,-,1,2,2,31,18/12/1991,1,03,3,2,1,01,5,5,5,1,001500,1,1,8097,16473
00,1023,5,13B212,15,40230,1,1,1,04,-,1,3,1,08,27/01/2015,1,02,2,1, , , , , , , ,1, ,8097,0
00,1023,5,13B212,15,40230,2,1,0,01,-,1,1,1,34,14/06/1989,1,07,5,2,5,01,2,7,3,3,015000,1, ,8097,0
00,1023,1,12A226,15,40258,1,1,0,03,-,1,5,1,12,06/07/2011,1,02,6,1,6,06, , , , , ,1, ,7332,0
00,1023,1,12A226,15,40258,4,1,0,01,-,1,1,2,71,21/09/1952,1,06,1,2,4,07, , , , , ,1,1,7332,7426
00,1023,1,12A226,15,40258,2,1,0,02,-,1,3,1,29,04/11/1993,1,04,3,2,6,01,5,5,3,2,999999,1,1,7332,29703
00,1023,1,12A226,15,40258,2,1,0,03,-,1,5,2,19,22/11/2003,1,04,3,1,6,01,5,5,3,2,999999,1, ,7332,0
00,1023,1,12A226,15,40258,3,1,0,03,-,1,3,1,19,23/09/2004,1,04,3,2,6,04, , , , , ,1, ,7332,0
00,1023,1,12A226,15,40258,1,1,0,02,-,1,3,2,33,20/09/1990,1,07,5,2,2,01,3,5,3,2,999999,1, ,7332,0
00,1023,1,12A226,15,40258,2,1,0,04,-,1,5,1,18,26/04/2005,1,03,3,2,6,01,4,4,3,2,999999,1, ,7332,0
00,1023,1,12A226,15,40258,3,1,0,01,-,1,1,2,53,15/03/1970,1,07,5,2,2,01,5,5,3,1,004200,1, ,7332,0
00,1023,1,12A226,15,40258,3,1,0,02,-,1,3,2,20,29/10/2002,1,07,3,1,6,06, , , , , ,1,1,7332,22278
00,1023,1,12A226,15,40258,1,1,0,04,-,1,5,1,11,26/08/2012,1,02,5,1, , , , , , , ,1, ,7332,0
00,1023,1,12A226,15,40258,1,1,0,01,-,1,1,2,58,18/04/1965,1,03,3,2,2,07, , , , , ,1,1,7332,14852
00,1023,1,12A226,15,40258,2,1,0,01,-,1,1,2,58,19/09/1965,1,04,3,2,3,07, , , , , ,1, ,7332,0
00,1023,4,11A223,15,40302,1,1,0,02,-,1,2,2,63,21/08/1960,1,03,3,2,5,01,5,5,3,2,999999,1, ,6462,0
00,1023,4,11A223,15,40302,4,1,0,03,-,1,3,2,15,12/09/2008,1,03,2,1,6,06, , , , , ,1, ,6462,0
00,1023,4,11A223,15,40302,4,1,0,02,-,1,3,1,21,10/10/2002,1,04,2,2,6,01,5,5,3,1,999999,1,1,6462,13016
00,1023,4,11A223,15,40302,1,1,0,01,-,1,1,1,75,26/12/1947,1,02,6,2,5,08, , , , , ,1,1,6462,13016
00,1023,4,11A223,15,40302,2,1,0,01,-,1,1,2,79,02/10/1944,1,02,3,2,4,07, , , , , ,1,1,6462,6508
00,1023,4,11A223,15,40302,4,1,0,01,-,1,1,1,49,05/01/1974,1,03,3,2,4,09, , , , , ,1, ,6462,0
00,1023,4,11A223,15,40302,3,1,0,01,-,1,1,1,91,17/03/1932,1,03,1,2,4,08, , , , , ,1,1,6462,6508
00,1023,4,12A223,15,40304,2,1,0,03,-,1,3,1,40,26/05/1983,1,04,3,2,6,01,5,5,3,2,999999,1, ,7010,0
00,1023,4,12A223,15,40304,2,1,0,02,-,1,2,2,62,11/12/1960,1,06,3,2,5,07, , , , , ,1, ,7010,0
00,1023,4,12A223,15,40304,2,1,0,04,-,1,3,1,26,30/10/1996,1,04,3,2,6,01,7,2,3,2,999999,1, ,7010,0
00,1023,4,12A223,15,40304,1,1,0,06,-,1,5,2,26,15/03/1997,1,07,5,2,6,07, , , , , ,1, ,7010,0
00,1023,4,12A223,15,40304,1,1,0,03,-,1,3,1,49,15/06/1974,1,04,3,2,6,01,3,5,3,2,999999,1, ,7010,0
00,1023,4,12A223,15,40304,1,1,0,05,-,1,5,1,35,15/06/1988,1,08,3,2,5,01,5,5,3,2,999999,1, ,7010,0
00,1023,4,12A223,15,40304,1,1,0,01,-,1,1,2,65,15/06/1958,1,02,6,2,4,07, , , , , ,1, ,7010,0
00,1023,4,12A223,15,40304,1,1,0,04,-,1,5,1,25,10/02/1998,1,07,5,2,6,07, , , , , ,1,1,7010,49700
00,1023,4,12A223,15,40304,1,1,0,08,-,3,5,1,16,10/06/2007,1,04,1,1,6,06, , , , , ,1, ,7010,0
00,1023,4,12A223,15,40304,2,1,0,01,-,1,1,1,64,14/09/1959,1,06,3,2,5,08, , , , , ,1,1,7010,28400
00,1023,4,12A223,15,40304,1,1,0,07,-,1,5,2,34,15/06/1989,1,07,5,2,5,01,5,5,3,2,999999,1, ,7010,0
00,1023,4,12A223,15,40304,1,1,0,02,-,1,3,2,48,15/06/1975,1,03,3,2,6,01,5,5,3,2,999999,1, ,7010,0
00,1023,4,11A223,15,40312,4,1,0,02,-,1,2,1,38,16/02/1985,1,04,3,2,1,01,5,5,3,2,999999,1, ,10748,0
00,1023,4,11A223,15,40312,3,1,0,08,-,1,5,2,00,20/01/2023, , , , , , , , , , , ,1, ,10748,0
00,1023,4,11A223,15,40312,2,1,0,01,-,1,1,1,63,24/11/1959,1,03,3,2,5,01,5,3,3,1,001500,1, ,10748,0
00,1023,4,11A223,15,40312,3,1,0,03,-,1,3,1,23,06/11/1999,1,06,3,2,5,01,5,7,3,2,999999,1, ,10748,0
00,1023,4,11A223,15,40312,4,1,0,01,-,1,1,2,41,18/08/1982,1,04,2,2,1,07, , , , , ,1,1,10748,21646
00,1023,4,11A223,15,40312,3,1,0,06,-,1,5,2,09,13/09/2014,1,02,2,1, , , , , , , ,1, ,10748,0
00,1023,4,11A223,15,40312,3,1,0,05,-,1,3,2,22,14/02/2001,1,04,3,1,6,06, , , , , ,1, ,10748,0
00,1023,4,11A223,15,40312,3,1,0,01,-,1,1,1,48,25/01/1975,1,03,3,2,5,01,5,7,3,2,999999,1, ,10748,0
00,1023,4,11A223,15,40312,2,1,0,02,-,1,2,2,62,22/11/1960,1,04,3,2,5,01,4,4,2,1,999999,1,1,10748,32469
00,1023,4,11A223,15,40312,4,1,0,03,-,1,3,1,15,03/09/2008,1,03,3,1,6,06, , , , , ,1, ,10748,0
00,1023,4,11A223,15,40312,3,1,0,04,-,1,5,2,28,08/01/1995,1,03,3,2,5,04, , , , , ,1, ,10748,0
00,1023,4,11A223,15,40312,3,1,0,02,-,1,2,2,51,14/08/1972,1,03,3,2,5,07, , , , , ,1,1,10748,54115
00,1023,4,11A223,15,40312,1,1,0,02,-,1,3,1,25,12/08/1998,1,03,3,2,6,01,7,2,3,1,999999,1,1,10748,32469
00,1023,4,11A223,15,40312,1,1,0,03,-,1,3,1,24,12/10/1999,1,06,2,1,6,06, , , , , ,1, ,10748,0
00,1023,4,11A223,15,40312,1,1,0,01,-,1,1,2,44,09/11/1978,1,03,3,2,3,01,7,2,3,1,999999,1, ,10748,0
00,1023,4,11A223,15,40312,4,1,0,04,-,1,3,1,08,06/02/2015,1,02,3,1, , , , , , , ,1, ,10748,0
00,1023,4,11A223,15,40312,2,1,0,03,-,1,3,1,26,23/04/1997,1,03,3,2,6,09, , , , , ,1, ,10748,0
00,1023,4,11A223,15,40312,3,1,0,07,-,1,5,2,02,30/01/2021, , , , , , , , , , , ,1, ,10748,0
00,1023,3,11A224,15,40337,3,1,1,02,-,1,2,2,63,30/09/1960,1,02,6,2,5,07, , , , , ,1, ,6559,0
00,1023,3,11A224,15,40337,2,1,0,01,-,1,1,1,49,28/05/1974,1,04,3,2,5,01,5,5,5,2,999999,1,1,6559,13211
00,1023,3,11A224,15,40337,3,1,1,04,-,1,5,2,26,27/01/1997,1,07,4,2,6,01,1,3,3,1,999999,1, ,6559,0
00,1023,3,11A224,15,40337,4,1,0,01,-,1,1,1,69,11/02/1954,1,02,6,2,5,01,4,4,2,1,000700,1, ,6559,0
00,1023,3,11A224,15,40337,3,1,1,01,-,1,1,1,67,30/07/1956,1,02,6,2,5,01,5,5,2,2,006000,1, ,6559,0
00,1023,3,11A224,15,40337,3,1,1,03,-,1,3,2,46,09/12/1976,2,07,2,2,3,01,7,7,2,1,002000,1,1,6559,26422
00,1023,3,11A224,15,40337,1,1,0,03,-,1,3,1,11,08/05/2012,1,02,5,1, , , , , , , ,1, ,6559,0
00,1023,3,11A224,15,40337,1,1,0,04,-,1,3,2,09,01/04/2014,1,02,3,1, , , , , , , ,1, ,6559,0
00,1023,3,11A224,15,40337,1,1,0,02,-,1,2,2,39,03/02/1984,1,07,4,2,6,01,1,4,3,2,999999,1,1,6559,13211
00,1023,3,11A224,15,40337,4,1,0,02,-,1,2,2,65,30/09/1958,1,03,3,2,5,07, , , , , ,1,1,6559,13211
00,1023,3,11A224,15,40337,1,1,0,01,-,1,1,1,42,20/06/1981,1,08,2,2,6,01,1,4,3,2,999999,1, ,6559,0
00,1023,3,11A224,15,40337,2,1,0,02,-,1,2,2,41,02/08/1982,1,03,3,2,5,07, , , , , ,1, ,6559,0
00,1023,1,11A226,15,40342,1,1,0,02,-,1,2,2,41,23/10/1981,1,07,4,2,5,01,2,7,3,1,002500,1,1,7049,28395
00,1023,1,11A226,15,40342,1,1,0,03,-,1,4,2,63,08/08/1960,1,02,3,2,4,07, , , , , ,1, ,7049,0
00,1023,1,11A226,15,40342,2,1,0,04,-,1,3,2,21,02/01/2002,1,07,1,1,6,06, , , , , ,1, ,7049,0
00,1023,1,11A226,15,40342,2,1,0,03,-,1,4,2,76,12/12/1946,2,00, ,2,4,07, , , , , ,1, ,7049,0
00,1023,1,11A226,15,40342,2,1,0,01,-,1,1,1,54,08/01/1969,1,04,1,2,3,01,7,2,3,1,999999,1, ,7049,0
00,1023,1,11A226,15,40342,4,1,0,01,-,1,1,1,60,16/09/1963,1,07,5,2,5,09, , , , , ,1, ,7049,0
00,1023,1,11A226,15,40342,2,1,0,02,-,1,3,1,23,12/11/1999,1,07,2,1,6,01,5,5,3,2,002500,1,1,7049,28395
00,1023,1,11A226,15,40342,1,1,0,01,-,1,1,1,42,23/07/1981,1,04,3,2,5,01,3,4,3,2,002000,1, ,7049,0
00,1023,1,11A226,15,40342,1,1,0,04,-,1,6,1,38,02/01/1985,1,07,4,2,6,01,2,2,3,1,002500,1, ,7049,0
00,1023,1,11A226,15,40342,4,1,0,02,-,1,2,2,60,29/01/1963,1,03,3,2,5,07, , , , , ,1,1,7049,14198
00,1023,1,11A226,15,40342,3,1,0,01,-,1,1,1,33,18/06/1990,1,07,4,2,6,01,2,7,3,3,012000,1,1,7049,7099
00,1023,1,11A226,15,40343,4,1,0,04,-,1,7,1,35,07/07/1988,1,03,3,2,5,01,5,5,2,1,999999,1, ,8011,0
00,1023,1,11A226,15,40343,1,1,0,02,-,1,3,1,25,14/04/1998,1,07,3,1,6,01,5,5,3,2,999999,1, ,8011,0
00,1023,1,11A226,15,40343,3,1,0,10,-,1,5,2,04,05/10/2019, , , , , , , , , , , ,1, ,8011,0
00,1023,1,11A226,15,40343,3,1,0,09,-,1,5,1,06,09/10/2017,2,01,3,1, , , , , , , ,1, ,8011,0
00,1023,1,11A226,15,40343,3,1,0,01,-,1,1,1,65,16/08/1958,1,03,3,2,3,09, , , , , ,1, ,8011,0
00,1023,1,11A226,15,40343,2,1,0,01,-,1,1,2,60,06/06/1963,1,04,3,2,4,01,4,4,2,1,999999,1,1,8011,16134
00,1023,1,11A226,15,40343,3,1,0,06,-,1,3,1,11,19/07/2012,1,02,6,1, , , , , , , ,1, ,8011,0
00,1023,1,11A226,15,40343,3,1,0,02,-,1,2,1,25,28/03/1998,1,03,3,2,1,01,2,7,3,2,999999,1, ,8011,0
00,1023,1,11A226,15,40343,3,1,0,03,-,1,3,1,21,08/12/2001,1,03,3,2,6,01,2,5,3,2,999999,1,1,8011,32268
00,1023,1,11A226,15,40343,4,1,0,03,-,1,7,2,35,13/11/1987,1,04,3,2,5,07, , , , , ,1,1,8011,32268
00,1023,1,11A226,15,40343,4,1,0,01,-,1,1,2,69,26/04/1954,1,02,2,2,4,07, , , , , ,1, ,8011,0
00,1023,1,11A226,15,40343,1,1,0,01,-,1,1,2,65,03/03/1958,1,04,3,2,2,07, , , , , ,1,1,8011,16134
00,1023,1,11A226,15,40343,3,1,0,07,-,1,5,1,09,14/03/2014,1,02,3,1, , , , , , , ,1, ,8011,0
00,1023,1,11A226,15,40343,3,1,0,05,-,1,5,2,16,23/11/2006,1,04,1,1,6,06, , , , , ,1, ,8011,0
00,1023,1,11A226,15,40343,3,1,0,04,-,1,3,2,27,10/07/1996,1,04,3,2,1,07, , , , , ,1, ,8011,0
00,1023,1,11A226,15,40343,4,1,0,02,-,1,7,2,62,31/12/1960,1,04,3,2,4,07, , , , , ,1, ,8011,0
00,1023,1,11A226,15,40343,3,1,0,08,-,1,5,1,07,12/11/2015,1,02,2,1, , , , , , , ,1, ,8011,0
00,1023,1,11A226,15,40343,2,1,0,02,-,1,3,1,39,01/01/1984,1,04,3,2,3,01,5,4,3,2,999999,1, ,8011,0
00,1023,7,12A218,15,40344,3,1,0,01,-,1,1,1,70,07/08/1953,1,07,5,2,5,08, , , , , ,1,1,8292,25195
00,1023,7,12A218,15,40344,1,1,0,01,-,1,1,2,73,08/09/1950,1,04,3,2,2,07, , , , , ,1,1,8292,16797
00,1023,7,12A218,15,40344,3,1,0,02,-,1,2,2,71,13/05/1952,1,06,1,2,5,08, , , , , ,1, ,8292,0
00,1023,7,12A218,15,40344,4,1,0,01,-,1,1,2,44,14/09/1979,1,04,3,2,2,01,4,4,2,1,001000,1,1,8292,16797
00,1023,7,12A218,15,40344,2,1,0,01,-,1,1,2,28,07/12/1994,1,07,4,2,6,01,2,2,3,2,005500,1,1,8292,8398
00,1023,7,12A218,15,40344,1,1,0,02,-,1,3,2,33,15/10/1989,1,08,1,1,6,01,2,5,2,1,999999,1, ,8292,0
00,1023,7,12A218,15,40344,3,1,0,03,-,1,3,1,51,10/02/1972,1,07,2,2,5,01,4,4,2,1,001500,1, ,8292,0
00,1023,7,12A218,15,40344,4,1,0,02,-,1,6,1,49,16/09/1974,1,04,3,2,2,01,4,4,2,1,000500,1, ,8292,0
00,1023,7,12A218,15,40344,4,1,0,03,-,1,3,1,16,04/04/2007,1,03,3,1,6,06, , , , , ,1, ,8292,0
00,1023,6,11B211,15,40346,1,1,0,02,-,1,2,2,48,09/03/1975,1,03,3,2,1,07, , , , , ,1,1,10183,41018
00,1023,6,11B211,15,40346,1,1,0,05,-,1,3,2,09,14/06/2014,1,02,2,1, , , , , , , ,1, ,10183,0
00,1023,6,11B211,15,40346,4,1,0,01,-,1,1,2,52,18/09/1971,1,03,3,2,5,07, , , , , ,1,1,10183,41018
00,1023,6,11B211,15,40346,4,1,0,04,-,1,3,2,21,27/04/2002,1,07,1,1,6,07, , , , , ,1, ,10183,0
00,1023,6,11B211,15,40346,1,1,0,03,-,1,3,2,29,14/04/1994,1,04,3,2,6,01,7,2,3,1,001200,1, ,10183,0
00,1023,6,11B211,15,40346,4,1,0,02,-,1,2,1,56,11/10/1967,1,02,6,2,5,01,7,5,2,1,999999,1, ,10183,0
00,1023,6,11B211,15,40346,3,1,1,01,-,1,1,1,67,17/09/1956,1,02,1,2,1,01,5,3,2,1,999999,1,1,10183,30764
00,1023,6,11B211,15,40346,3,1,1,03,-,1,3,1,37,12/06/1986,1,03,3,2,6,01,7,2,3,1,999999,1, ,10183,0
00,1023,6,11B211,15,40346,2,1,0,01,-,1,1,2,58,22/10/1964,1,08,2,2,6,01,2,7,3,1,005000,1,1,10183,30764
00,1023,6,11B211,15,40346,2,1,0,03,-,1,3,2,33,10/08/1990,1,07,4,2,6,01,2,7,3,3,999999,1, ,10183,0
00,1023,6,11B211,15,40346,2,1,0,02,-,1,3,2,24,14/05/1999,1,07,4,1,6,06, , , , , ,1, ,10183,0
00,1023,6,11B211,15,40346,1,1,0,01,-,1,1,1,49,05/08/1974,1,02,6,2,1,01,7,2,3,1,001500,1, ,10183,0
00,1023,6,11B211,15,40346,3,1,1,04,-,1,5,2,14,15/11/2008,1,03,2,1,6,06, , , , , ,1, ,10183,0
00,1023,6,11B211,15,40346,4,1,0,03,-,1,3,2,28,25/09/1995,1,07,5,2,6,01,2,7,3,2,002000,1, ,10183,0
00,1023,6,11B211,15,40346,3,1,1,02,-,1,2,2,69,16/12/1953,1,02,2,2,1,07, , , , , ,1, ,10183,0
00,1023,6,11B211,15,40346,1,1,0,04,-,1,3,1,19,25/08/2004,1,04,2,2,6,07, , , , , ,1, ,10183,0
00,1023,8,11A217,15,40347,3,1,1,03,-,1,3,2,02,03/06/2021, , , , , , , , , , , ,1, ,9933,0
00,1023,8,11A217,15,40347,2,1,0,05,-,1,6,2,19,26/09/2004,1,07,1,1,6,06, , , , , ,1, ,9933,0
00,1023,8,11A217,15,40347,4,1,0,05,-,1,7,2,34,15/08/1989,1,03,3,2,6,01,7,2,3,3,005500,1,1,9933,50015
00,1023,8,11A217,15,40347,2,1,0,01,-,1,1,1,41,15/06/1982,1,02,6,2,6,01,7,2,3,1,999999,1, ,9933,0
00,1023,8,11A217,15,40347,4,1,0,03,-,1,3,2,25,05/04/1998,1,07,3,1,6,06, , , , , ,1, ,9933,0
00,1023,8,11A217,15,40347,3,1,1,02,-,1,3,1,13,03/07/2010,1,02,6,1,6,06, , , , , ,1, ,9933,0
00,1023,8,11A217,15,40347,2,1,0,04,-,1,4,2,39,12/12/1983,1,04,3,2,5,01,4,4,3,2,999999,1, ,9933,0
00,1023,8,11A217,15,40347,4,1,0,06,-,1,7,1,09,15/08/2014,1,02,1,1, , , , , , , ,1, ,9933,0
00,1023,8,11A217,15,40347,2,1,0,03,-,1,3,1,23,13/02/2000,1,04,3,2,6,01,7,2,3,1,999999,1,1,9933,40012
00,1023,8,11A217,15,40347,3,1,1,01,-,1,1,2,38,24/07/1985,1,04,1,2,2,07, , , , , ,1,1,9933,10003
00,1023,8,11A217,15,40347,1,1,1,01,-,1,1,1,65,24/04/1958,1,02,4,2,2,01,5,3,2,1,001500,1,1,9933,10003
00,1023,8,11A217,15,40347,4,1,0,02,-,1,2,2,50,30/09/1973,1,03,3,2,5,01,4,4,2,1,999999,1, ,9933,0
00,1023,8,11A217,15,40347,4,1,0,04,-,1,3,1,19,28/04/2004,1,04,2,1,6,06, , , , , ,1, ,9933,0
00,1023,8,11A217,15,40347,2,1,0,02,-,1,3,2,17,08/08/2006,1,03,2,1,6,06, , , , , ,1, ,9933,0
00,1023,8,11A217,15,40347,4,1,0,01,-,1,1,1,47,27/04/1976,1,04,3,2,5,01,4,4,2,1,999999,1, ,9933,0
00,1023,5,11B212,15,40349,4,1,0,02,-,1,3,1,24,02/02/1999,1,03,3,2,6,05, , , , , ,1,1,6990,14078
00,1023,5,11B212,15,40349,4,1,0,01,-,1,1,2,51,04/09/1972,1,02,6,2,2,01,5,5,3,2,999999,1, ,6990,0
00,1023,5,11B212,15,40349,3,1,0,05,-,1,5,2,08,16/06/2015,1,02,1,1, , , , , , , ,1, ,6990,0
00,1023,5,11B212,15,40349,3,1,0,03,-,1,5,2,25,17/11/1997,1,03,3,2,6,07, , , , , ,1,1,6990,21116
00,1023,5,11B212,15,40349,1,1,0,01,-,1,1,2,65,02/02/1958,1,03,3,2,2,01,5,5,3,2,003000,1,1,6990,7039
00,1023,5,11B212,15,40349,2,1,0,01,-,1,1,2,41,02/02/1982,1,03,3,2,2,01,5,5,3,2,999999,1,1,6990,7039
00,1023,5,11B212,15,40349,2,1,0,02,-,1,3,1,17,17/07/2006,1,03,3,2,6,01,4,4,2,1,999999,1, ,6990,0
00,1023,5,11B212,15,40349,3,1,0,04,-,1,5,1,20,14/04/2003,1,04,3,2,6,07, , , , , ,1, ,6990,0
00,1023,5,11B212,15,40349,3,1,0,02,-,2, , , , , , , , , , , , , , , ,1, ,0,0
00,1023,5,11B212,15,40349,3,1,0,01,-,1,1,2,69,01/07/1954,1,03,3,2,4,07, , , , , ,1, ,6990,0
00,1023,5,12B212,15,40352,4,1,0,02,-,1,2,2,55,10/07/1968,1,03,3,2,5,01,7,2,3,1,001300,1, ,8461,0
00,1023,5,12B212,15,40352,2,1,0,04,-,1,3,2,10,23/05/2013,1,02,3,1, , , , , , , ,1, ,8461,0
00,1023,5,12B212,15,40352,2,1,0,03,-,1,3,1,13,21/07/2010,1,02,6,1,6,06, , , , , ,1, ,8461,0
00,1023,5,12B212,15,40352,4,1,0,03,-,1,3,1,31,23/07/1992,1,07,4,2,6,01,2,7,3,3,006000,1, ,8461,0
00,1023,5,12B212,15,40352,2,1,0,01,-,1,1,1,41,26/01/1982,1,07,5,2,1,01,2,7,3,3,009000,1,1,8461,17140
00,1023,5,12B212,15,40352,2,1,0,02,-,1,2,2,38,22/09/1985,1,04,3,2,1,07, , , , , ,1, ,8461,0
00,1023,5,12B212,15,40352,4,1,0,01,-,1,1,1,57,09/04/1966,1,03,3,2,5,10, , , , , ,1,1,8461,25710
00,1023,5,12B212,15,40352,1,1,0,01,-,1,1,2,66,16/10/1956,1,03,2,2,6,07, , , , , ,1,1,8461,17140
00,1023,5,12B212,15,40352,1,1,0,02,-,1,3,1,32,28/08/1991,1,07,2,2,6,01,5,5,2,3,008000,1, ,8461,0
00,1023,8,12A217,15,40370,3,1,0,03,-,1,2,2,61,12/01/1962,1,04,3,2,5,07, , , , , ,1, ,7617,0
00,1023,8,12A217,15,40370,2,1,0,03,-,1,3,2,71,24/08/1952,1,07,4,2,6,08, , , , , ,1,1,7617,46291
00,1023,8,12A217,15,40370,1,1,0,01,-,1,1,1,79,10/07/1944,1,02,6,2,1,08, , , , , ,1, ,7617,0
00,1023,8,12A217,15,40370,2,1,0,04,-,1,5,1,30,15/06/1993,1,07,5,2,6,04, , , , , ,1, ,7617,0
00,1023,8,12A217,15,40370,2,1,0,06,-,1,5,1,28,15/06/1995,1,07,5,1,6,04, , , , , ,1, ,7617,0
00,1023,8,12A217,15,40370,4,1,0,01,-,1,1,2,62,10/11/1960,1,07,5,2,4,08, , , , , ,1,1,7617,15430
00,1023,8,12A217,15,40370,2,1,0,01,-,1,1,1,81,15/06/1942,1,07,5,2,4,08, , , , , ,1, ,7617,0
00,1023,8,12A217,15,40370,4,1,0,02,-,1,3,1,25,21/03/1998,1,06,4,1,6,01,5,5,5,3,999999,1, ,7617,0
00,1023,8,12A217,15,40370,2,1,0,05,-,1,7,1,67,15/06/1956,1,07,4,2,5,04, , , , , ,1, ,7617,0
00,1023,8,12A217,15,40370,2,1,0,02,-,1,4,2,51,15/06/1972,1,07,5,2,5,01,3,5,3,2,999999,1, ,7617,0
00,1023,8,12A217,15,40370,3,1,0,04,-,1,5,2,44,04/05/1979,1,04,3,2,5,07, , , , , ,1, ,7617,0
00,1023,8,12A217,15,40370,1,1,0,02,-,1,2,2,76,10/05/1947,1,02,6,2,1,07, , , , , ,1, ,7617,0
00,1023,8,12A217,15,40370,1,1,0,03,-,1,4,2,34,15/08/1989,1,07,5,2,6,01,4,4,2,1,999999,1,1,7617,23146
00,1023,8,12A217,15,40370,3,1,0,01,-,1,1,1,82,01/10/1941,1,02,6,2,5,08, , , , , ,1,1,7617,30861
00,1023,8,12A217,15,40370,3,1,0,02,-,1,3,1,48,03/03/1975,1,07,5,2,5,01,1,5,3,2,999999,1, ,7617,0
00,1023,8,11A217,15,40373,3,1,0,01,-,1,1,2,43,22/09/1980,1,04,2,2,1,01,7,2,3,1,001300,1,1,12016,36301
00,1023,8,11A217,15,40373,2,1,0,03,-,1,3,1,03,11/10/2020, , , , , , , , , , , ,1, ,12016,0
00,1023,8,11A217,15,40373,2,1,0,02,-,1,2,2,28,15/12/1994,1,07,3,2,1,07, , , , , ,1,1,12016,24201
00,1023,8,11A217,15,40373,2,1,0,01,-,1,1,1,34,12/03/1989,1,04,3,2,1,01,5,5,2,1,008000,1, ,12016,0
00,1023,8,11A217,15,40373,1,1,0,01,-,1,1,2,69,29/01/1954,1,02,6,2,4,07, , , , , ,1,1,12016,24201
00,1023,8,11A217,15,40373,3,1,0,05,-,1,3,1,16,10/07/2007,1,03,2,1,6,06, , , , , ,1, ,12016,0
00,1023,2,11A217,15,40373,3,1,0,03,-,2, , , , , , , , , , , , , , , ,1, ,0,0
00,1023,8,11A217,15,40373,3,1,0,02,-,1,2,1,50,21/05/1973,1,03,3,2,1,01,5,5,5,1,002000,1, ,12016,0
00,1023,8,11A217,15,40373,2,1,0,05,-,1,3,2,11,22/09/2012,1,02,3,1, , , , , , , ,1, ,12016,0
00,1023,8,11A217,15,40373,3,1,0,04,-,1,3,2,18,25/11/2004,1,04,2,2,6,07, , , , , ,1, ,12016,0
00,1023,8,11A217,15,40373,4,1,0,02,-,1,3,1,30,09/09/1993,1,08,1,2,6,01,4,4,2,2,005000,1,1,12016,24201
00,1023,8,11A217,15,40373,4,1,0,01,-,1,1,2,62,12/05/1961,1,02,5,2,6,07, , , , , ,1, ,12016,0
00,1023,8,11A217,15,40373,2,1,0,04,-,1,3,2,07,29/07/2016,1,01,3,1, , , , , , , ,1, ,12016,0
00,1023,8,11A217,15,40373,1,1,0,02,-,1,3,2,46,29/01/1977,1,02,6,2,6,09, , , , , ,1, ,12016,0
00,1023,8,12A217,15,40374,4,1,0,01,-,1,1,1,79,05/04/1944,1,06,3,2,5,08, , , , , ,1, ,8057,0
00,1023,8,12A217,15,40374,4,1,0,03,-,1,3,2,50,12/07/1973,1,07,5,2,6,01,3,5,3,2,999999,1,1,8057,24481
00,1023,8,12A217,15,40374,4,1,0,02,-,1,2,2,75,20/02/1948,1,03,3,2,5,08, , , , , ,1, ,8057,0
00,1023,8,12A217,15,40374,1,1,0,02,-,1,2,2,72,20/09/1951,1,02,6,2,5,07, , , , , ,1,1,8057,40801
00,1023,8,12A217,15,40374,1,1,0,01,-,1,1,1,74,17/11/1948,1,03,3,2,5,08, , , , , ,1, ,8057,0
00,1023,8,12A217,15,40374,3,1,0,01,-,1,1,1,79,01/10/1944,1,07,5,2,5,08, , , , , ,1, ,8057,0
00,1023,8,12A217,15,40374,1,1,0,04,-,1,3,1,48,04/07/1975,1,04,3,2,6,01,3,2,3,2,999999,1, ,8057,0
00,1023,8,12A217,15,40374,1,1,0,03,-,1,3,1,51,03/03/1972,1,04,3,2,4,01,5,5,2,2,999999,1, ,8057,0
00,1023,8,12A217,15,40374,3,1,0,02,-,1,2,2,80,05/09/1943,1,07,5,2,5,08, , , , , ,1,1,8057,16321
00,1023,8,12A217,15,40374,1,1,0,05,-,1,3,1,42,15/10/1980,1,04,3,2,2,01,5,5,2,2,999999,1, ,8057,0
00,1023,5,12B212,15,40379,3,1,0,01,-,1,1,1,75,04/10/1948,1,03,2,2,4,08, , , , , ,1,1,8030,8133
00,1023,5,12B212,15,40379,2,1,0,01,-,1,1,1,79,18/03/1944,1,02,6,2,5,08, , , , , ,1,1,8030,24399
00,1023,5,12B212,15,40379,2,1,0,02,-,1,2,2,72,26/09/1951,1,02,3,2,5,07, , , , , ,1, ,8030,0
00,1023,5,12B212,15,40379,1,1,0,01,-,1,1,1,76,15/04/1947,1,02,4,2,5,01,4,4,2,1,999999,1, ,8030,0
00,1023,5,12B212,15,40379,1,1,0,03,-,1,3,1,40,02/10/1983,1,04,1,2,6,01,4,4,2,1,999999,1, ,8030,0
00,1023,5,12B212,15,40379,1,1,0,04,-,1,3,2,38,07/04/1985,1,03,3,2,6,01,5,4,3,1,999999,1,1,8030,32532
00,1023,5,12B212,15,40379,1,1,0,05,-,1,5,1,14,21/05/2009,1,02,6,1,6,06, , , , , ,1, ,8030,0
00,1023,5,12B212,15,40379,2,1,0,03,-,1,3,1,46,03/12/1976,1,07,4,2,6,04, , , , , ,1, ,8030,0
00,1023,5,12B212,15,40379,1,1,0,02,-,1,2,2,69,22/08/1954,2,00, ,2,5,01,4,4,2,1,999999,1, ,8030,0
00,1023,7,13A218,15,41030,3,1,0,03,-,1,3,1,06,08/05/2017,2,01,2,1, , , , , , , ,1, ,11391,0
00,1023,7,13A218,15,41030,3,1,0,01,-,1,1,1,44,06/03/1979,1,07,4,2,5,01,5,5,2,1,999999,1,1,11391,23175
00,1023,7,13A218,15,41030,2,1,0,04,-,1,3,2,21,31/05/2002,1,07,2,1,6,06, , , , , ,1, ,11391,0
00,1023,7,13A218,15,41030,3,1,0,04,-,1,3,2,05,12/10/2018,2,01,2,1, , , , , , , ,1, ,11391,0
00,1023,7,13A218,15,41030,4,1,0,01,-,1,1,1,78,31/01/1945,1,06,3,2,2,08, , , , , ,1,1,11391,11587
00,1023,7,13A218,15,41030,2,1,0,02,-,1,2,2,51,23/11/1971,1,06,3,2,5,01,4,4,2,1,999999,1,1,11391,34762
00,1023,7,13A218,15,41030,3,1,0,02,-,1,2,2,43,15/05/1980,1,07,4,2,5,07, , , , , ,1, ,11391,0
00,1023,7,13A218,15,41030,2,1,0,03,-,1,3,1,14,13/03/2009,1,03,2,1,6,06, , , , , ,1, ,11391,0
00,1023,7,13A218,15,41030,2,1,0,01,-,1,1,1,56,01/01/1967,1,06,3,2,5,01,2,7,3,1,999999,1, ,11391,0
00,1023,7,13A218,15,41030,1,1,0,01,-,1,1,2,74,07/04/1949,1,06,3,2,2,08, , , , , ,1,1,11391,11587
00,1023,7,11A218,15,41091,3,1,0,01,-,1,1,2,40,05/06/1983,1,02,6,2,5,01,4,4,2,1,000600,1, ,6359,0
00,1023,7,11A218,15,41091,3,1,0,02,-,1,2,1,45,24/12/1977,1,02,6,2,5,01,4,4,2,1,000600,1,1,6359,12807
00,1023,7,11A218,15,41091,1,1,0,01,-,1,1,1,40,13/08/1983,1,04,3,2,5,01,5,5,5,1,003600,1, ,6359,0
00,1023,7,11A218,15,41091,1,1,0,02,-,1,2,2,40,09/04/1983,1,04,3,2,5,07, , , , , ,1,1,6359,12807
00,1023,7,11A218,15,41091,2,1,0,01,-,1,1,2,57,24/05/1966,1,03,3,2,6,07, , , , , ,1,1,6359,6404
00,1023,7,11A218,15,41091,3,1,0,03,-,1,3,2,12,11/07/2011,1,02,5,1,6,06, , , , , ,1, ,6359,0
00,1023,3,12A224,15,41150,3,1,0,03,-,1,3,1,17,19/08/2006,1,03,3,1,6,06, , , , , ,1, ,10565,0
00,1023,3,12A224,15,41150,2,1,0,01,-,1,1,1,67,19/02/1956,1,02,6,2,5,08, , , , , ,1, ,10565,0
00,1023,3,12A224,15,41150,3,1,0,01,-,1,1,1,45,17/05/1978,1,07,4,2,5,01,1,5,3,1,999999,1,1,10565,21401
00,1023,3,12A224,15,41150,2,1,0,02,-,1,2,2,64,14/02/1959,1,02,6,2,5,07, , , , , ,1,1,10565,21401
00,1023,3,12A224,15,41150,3,1,0,02,-,1,2,2,39,02/06/1984,1,03,3,2,5,07, , , , , ,1, ,10565,0
00,1023,3,12A224,15,41150,3,1,0,04,-,1,3,2,12,16/10/2010,1,02,6,1,6,06, , , , , ,1, ,10565,0
00,1023,6,11B211,15,41191,2,1,0,02,-,1,2,2,47,15/10/1975,1,06,3,2,5,07, , , , , ,1,1,10736,21623
00,1023,6,11B211,15,41191,4,1,0,01,-,1,1,1,67,14/04/1956,1,02,6,2,4,01,5,5,2,1,999999,1, ,10736,0
00,1023,6,11B211,15,41191,4,1,0,07,-,1,5,1,10,05/04/2013,1,02,4,1, , , , , , , ,1, ,10736,0
00,1023,6,11B211,15,41191,3,1,0,02,-,1,2,2,47,16/05/1976,1,03,3,2,5,07, , , , , ,1, ,10736,0
00,1023,6,11B211,15,41191,4,1,0,05,-,1,5,2,16,02/02/2007,1,04,2,1,6,06, , , , , ,1, ,10736,0
00,1023,6,11B211,15,41191,4,1,0,06,-,1,5,2,13,23/02/2010,1,03,1,1,6,06, , , , , ,1, ,10736,0
00,1023,6,11B211,15,41191,4,1,0,04,-,1,5,2,20,29/11/2002,1,07,2,1,6,06, , , , , ,1, ,10736,0
00,1023,6,11B211,15,41191,4,1,0,02,-,1,5,1,48,13/01/1975,1,06,3,2,5,01,2,7,3,2,999999,1, ,10736,0
00,1023,6,11B211,15,41191,3,1,0,03,-,1,3,1,24,17/08/1999,1,07,4,2,6,01,4,4,3,2,999999,1, ,10736,0
00,1023,6,11B211,15,41191,1,1,0,03,-,1,3,2,19,29/07/2004,1,04,3,1,6,06, , , , , ,1, ,10736,0
00,1023,6,11B211,15,41191,1,1,0,01,-,1,1,1,59,02/02/1964,1,07,4,2,5,01,5,5,2,1,999999,1,1,10736,43245
00,1023,6,11B211,15,41191,1,1,0,05,-,1,3,2,14,02/05/2009,1,03,1,1,6,06, , , , , ,1, ,10736,0
00,1023,6,11B211,15,41191,1,1,0,02,-,1,2,2,39,06/06/1984,1,04,3,2,5,07, , , , , ,1, ,10736,0
00,1023,6,11B211,15,41191,3,1,0,04,-,1,3,2,14,28/10/2008,1,03,2,1,6,06, , , , , ,1, ,10736,0
00,1023,6,11B211,15,41191,3,1,0,01,-,1,1,1,48,20/01/1975,1,04,3,2,5,01,5,2,2,1,999999,1,1,10736,32434
00,1023,6,11B211,15,41191,4,1,0,03,-,1,3,2,41,22/09/1982,1,06,3,2,5,01,5,5,2,1,999999,1,1,10736,43245
00,1023,6,11B211,15,41191,1,1,0,04,-,1,3,1,18,17/12/2004,1,04,3,2,6,01,5,5,3,1,999999,1, ,10736,0
00,1023,6,11B211,15,41191,2,1,0,01,-,1,1,1,47,19/06/1976,1,02,6,2,5,01,5,5,3,2,999999,1, ,10736,0
00,1023,2,13A225,15,41281,4,1,0,01,-,1,1,2,62,25/02/1961,1,02,6,2,4,07, , , , , ,1,1,8688,26513
00,1023,2,13A225,15,41281,1,1,0,02,-,1,2,2,24,01/06/1999,1,07,5,2,1,10, , , , , ,1, ,8688,0
00,1023,2,13A225,15,41281,2,1,0,01,-,1,1,1,31,30/07/1992,1,07,5,2,1,01,5,5,5,3,025000,1, ,8688,0
00,1023,2,13A225,15,41281,1,1,0,01,-,1,1,1,26,09/02/1997,1,06,5,2,1,01,1,5,3,3,012000,1,1,8688,17675
00,1023,2,13A225,15,41281,4,1,0,02,-,1,3,2,27,01/08/1996,1,04,3,2,6,01,5,5,3,1,001200,1, ,8688,0
00,1023,2,13A225,15,41281,4,1,0,03,-,1,8,2,31,26/09/1992,1,06,3,2,6,04, , , , , ,1, ,8688,0
00,1023,2,13A225,15,41281,2,1,0,02,-,1,2,2,30,10/04/1993,2,07,5,2,1,01,1,5,5,2,020000,1,1,8688,17675
00,1023,4,13A223,15,41306,4,1,0,03,-,1,3,1,22,27/07/2001,1,07,2,1,6,06, , , , , ,1,1,19225,78229
00,1023,4,13A223,15,41306,2,1,0,02,-,1,3,1,39,28/09/1984,1,03,3,2,6,09, , , , , ,1, ,19225,0
00,1023,4,13A223,15,41306,4,1,0,01,-,1,1,1,54,03/05/1969,1,07,4,2,5,01,1,5,1,2,999999,1, ,19225,0
00,1023,4,13A223,15,41306,4,1,0,04,-,1,3,2,18,30/10/2004,1,04,3,1,6,06, , , , , ,1, ,19225,0
00,1023,4,13A223,15,41306,2,1,0,01,-,1,1,2,71,27/12/1951,1,03,3,2,4,07, , , , , ,1,1,19225,39114
00,1023,4,13A223,15,41306,4,1,0,02,-,1,2,2,51,16/03/1972,1,04,3,2,5,07, , , , , ,1, ,19225,0
00,1023,1,12A226,15,41309,2,1,0,05,-,1,3,2,08,30/01/2015,1,02,2,1, , , , , , , ,1, ,7602,0
00,1023,1,12A226,15,41309,2,1,0,04,-,1,3,1,11,14/07/2012,1,02,5,1, , , , , , , ,1, ,7602,0
00,1023,1,12A226,15,41309,2,1,0,03,-,1,3,2,15,16/04/2008,1,03,3,1,6,06, , , , , ,1, ,7602,0
00,1023,1,12A226,15,41309,2,1,0,01,-,1,1,1,40,23/11/1982,1,04,2,2,5,01,3,5,3,2,010000,1,1,7602,15399
00,1023,1,12A226,15,41309,4,1,0,02,-,1,2,2,37,12/02/1986,1,08,2,2,5,01,1,5,3,1,999999,1, ,7602,0
00,1023,1,12A226,15,41309,3,1,0,02,-,1,2,2,35,18/09/1988,1,07,4,2,1,01,2,7,3,2,999999,1, ,7602,0
00,1023,1,12A226,15,41309,3,1,0,01,-,1,1,1,36,27/11/1986,1,07,4,2,1,01,2,7,3,2,999999,1,1,7602,15399
00,1023,1,12A226,15,41309,1,1,0,01,-,1,1,2,57,09/01/1966,1,06,3,2,3,01,4,4,2,1,001200,1,1,7602,7699
00,1023,1,12A226,15,41309,4,1,0,03,-,1,3,1,05,14/04/2018,2,01,2,1, , , , , , , ,1, ,7602,0
00,1023,1,12A226,15,41309,4,1,0,01,-,1,1,1,37,18/10/1985,1,07,4,2,5,01,1,4,3,1,999999,1,1,7602,15399
00,1023,1,12A226,15,41309,2,1,0,02,-,1,2,2,36,18/06/1987,1,04,3,2,5,07, , , , , ,1, ,7602,0
00,1023,8,11A217,15,41313,4,1,0,04,-,1,3,2,19,15/11/2003,1,04,3,1,6,06, , , , , ,1, ,13611,0
00,1023,8,11A217,15,41313,2,1,0,07,-,1,5,2,09,22/03/2014,1,02,2,1, , , , , , , ,1, ,13611,0
00,1023,8,11A217,15,41313,3,1,0,03,-,1,3,2,12,20/09/2011,1,02,4,1,6,06, , , , , ,1, ,13611,0
00,1023,8,11A217,15,41313,2,1,0,01,-,1,1,1,47,12/03/1976,1,02,3,2,5,01,5,5,3,1,999999,1, ,13611,0
00,1023,8,11A217,15,41313,3,1,0,02,-,1,2,2,35,05/10/1988,1,06,3,2,5,07, , , , , ,1,1,13611,27413
00,1023,8,11A217,15,41313,3,1,0,04,-,1,3,2,08,30/05/2015,1,02,1,1, , , , , , , ,1, ,13611,0
00,1023,8,11A217,15,41313,4,1,0,02,-,1,2,2,49,15/04/1974,1,03,3,2,5,07, , , , , ,1, ,13611,0
00,1023,8,11A217,15,41313,2,1,0,03,-,1,3,1,30,17/03/1993,1,03,3,2,5,01,5,3,2,1,999999,1, ,13611,0
00,1023,8,11A217,15,41313,2,1,0,04,-,1,3,1,26,11/07/1997,1,03,3,2,2,01,5,3,2,1,999999,1,1,13611,82240
00,1023,8,11A217,15,41313,4,1,0,06,-,1,3,2,27,10/08/1996,1,04,3,2,5,07, , , , , ,1,1,13611,95946
00,1023,8,11A217,15,41313,4,1,0,07,-,1,5,1,32,06/05/1991,1,04,3,2,6,01,7,2,3,1,999999,1, ,13611,0
00,1023,8,11A217,15,41313,4,1,0,05,-,1,3,2,16,15/06/2007,1,03,2,1,6,06, , , , , ,1, ,13611,0
00,1023,8,11A217,15,41313,4,1,0,03,-,1,3,2,32,15/02/1991,1,04,3,2,6,01,3,4,3,1,999999,1, ,13611,0
00,1023,8,11A217,15,41313,4,1,0,01,-,1,1,1,56,15/04/1967,1,03,3,2,5,01,4,4,2,1,999999,1, ,13611,0
00,1023,8,11A217,15,41313,1,1,0,01,-,1,1,1,60,07/06/1963,1,02,6,2,6,01,5,5,2,1,999999,1,1,13611,13707
00,1023,8,11A217,15,41313,3,1,0,01,-,1,1,1,35,23/04/1988,1,07,4,2,5,01,1,5,3,1,999999,1, ,13611,0
00,1023,8,11A217,15,41313,2,1,0,08,-,1,5,2,30,22/11/1992,1,04,3,2,5,07, , , , , ,1, ,13611,0
00,1023,8,11A217,15,41313,4,1,0,08,-,1,3,2,27,15/04/1996,1,04,3,2,6,01,4,4,3,1,999999,1, ,13611,0
00,1023,8,11A217,15,41313,2,1,0,05,-,1,3,2,20,08/02/2003,1,04,1,1,6,06, , , , , ,1, ,13611,0
00,1023,8,11A217,15,41313,2,1,0,02,-,1,2,2,50,11/02/1973,1,02,3,2,5,07, , , , , ,1, ,13611,0
00,1023,8,11A217,15,41313,2,1,0,06,-,1,5,2,11,22/08/2012,1,02,3,1, , , , , , , ,1, ,13611,0
00,1023,8,11A217,15,41313,3,1,0,05,-,1,3,2,05,20/01/2018,2,01,2,1, , , , , , , ,1, ,13611,0
00,1023,5,12B212,15,41349,1,1,0,01,-,1,1,1,29,05/10/1994,1,07,4,2,6,01,5,5,3,2,005000,1,1,10448,10582
00,1023,5,12B212,15,41349,2,1,0,03,-,1,3,2,26,13/01/1997,1,07,4,2,6,01,5,5,3,2,002500,1,1,10448,42329
00,1023,5,12B212,15,41349,4,1,0,03,-,2, , , , , , , , , , , , , , , ,1, ,0,0
00,1023,5,12B212,15,41349,4,1,0,02,-,1,2,2,49,05/08/1974,1,03,3,2,1,01,5,5,3,1,001200,1, ,10448,0
00,1023,5,12B212,15,41349,4,1,0,01,-,1,1,1,46,07/04/1977,1,04,3,2,1,01,5,5,3,1,002000,1,1,10448,21164
00,1023,5,12B212,15,41349,2,1,0,04,-,1,3,1,19,06/08/2004,1,04,3,1,6,06, , , , , ,1, ,10448,0
00,1023,5,12B212,15,41349,4,1,0,04,-,1,3,1,17,23/02/2006,1,04,1,1,6,06, , , , , ,1, ,10448,0
00,1023,5,12B212,15,41349,2,1,0,06,-,1,3,1,06,27/07/2017,2,01,2,1, , , , , , , ,1, ,10448,0
00,1023,5,12B212,15,41349,2,1,0,05,-,1,3,2,10,30/11/2012,1,02,4,1, , , , , , , ,1, ,10448,0
00,1023,5,12B212,15,41349,2,1,0,02,-,1,2,2,46,04/08/1977,1,03,3,2,5,07, , , , , ,1, ,10448,0
00,1023,5,12B212,15,41349,2,1,0,01,-,1,1,1,49,08/05/1974,1,04,3,2,5,01,4,4,2,1,999999,1, ,10448,0
00,1023,4,11A223,15,41369,4,1,0,04,-,1,3,2,08,16/10/2014,1,02,2,1, , , , , , , ,1, ,12207,0
00,1023,4,11A223,15,41369,1,1,0,03,-,1,3,2,12,18/09/2011,1,02,5,1,6,06, , , , , ,1, ,12207,0
00,1023,4,11A223,15,41369,2,1,0,04,-,1,3,2,35,29/07/1988,1,06,3,2,2,01,7,7,3,1,001000,1,1,12207,49170
00,1023,4,11A223,15,41369,3,1,0,01,-,1,1,1,63,22/12/1959,1,07,5,2,5,01,1,7,3,2,007000,1, ,12207,0
00,1023,4,11A223,15,41369,2,1,0,02,-,1,3,1,43,27/11/1979,1,06,3,2,2,01,5,6,3,2,999999,1, ,12207,0
00,1023,4,11A223,15,41369,2,1,0,03,-,1,3,1,42,29/09/1981,2,00, ,2,6,09, , , , , ,1, ,12207,0
00,1023,4,11A223,15,41369,4,1,0,06,-,1,2,2,30,06/11/1992,1,07,1,2,1,01,4,4,3,1,999999,1, ,12207,0
00,1023,4,11A223,15,41369,1,1,0,04,-,1,3,2,05,21/01/2018,2,01,3,1, , , , , , , ,1, ,12207,0
00,1023,4,11A223,15,41369,2,1,0,01,-,1,1,2,63,20/10/1959,1,02,6,2,4,01,5,5,3,1,000800,1, ,12207,0
00,1023,4,11A223,15,41369,1,1,0,01,-,1,1,1,33,22/01/1990,1,07,4,2,1,01,1,7,3,2,999999,1,1,12207,24585
00,1023,4,11A223,15,41369,4,1,0,03,-,1,3,1,11,10/10/2012,1,02,3,1, , , , , , , ,1, ,12207,0
00,1023,4,11A223,15,41369,4,1,0,05,-,1,3,1,03,07/02/2020, , , , , , , , , , , ,1, ,12207,0
00,1023,4,11A223,15,41369,1,1,0,02,-,1,2,2,30,02/06/1993,1,07,4,2,1,01,2,5,3,2,999999,1, ,12207,0
00,1023,4,11A223,15,41369,3,1,0,04,-,1,3,2,16,25/11/2006,1,03,3,1,6,06, , , , , ,1, ,12207,0
00,1023,4,11A223,15,41369,4,1,0,01,-,1,1,1,36,07/02/1987,1,04,3,2,1,01,5,5,2,1,999999,1,1,12207,24585
00,1023,4,11A223,15,41369,3,1,0,02,-,1,2,2,43,03/09/1980,1,07,4,2,5,07, , , , , ,1,1,12207,36877
00,1023,4,11A223,15,41369,3,1,0,03,-,1,3,1,20,19/05/2003,1,07,2,1,6,06, , , , , ,1, ,12207,0
00,1023,4,11A223,15,41369,2,1,0,05,-,1,5,1,14,16/07/2009,1,02,6,1,6,06, , , , , ,1, ,12207,0
00,1023,2,11A223,15,41369,4,1,0,02,-,2, , , , , , , , , , , , , , , ,1, ,0,0
00,1023,5,11B212,15,41387,1,1,0,01,-,1,1,2,54,16/07/1969,1,02,6,2,6,07, , , , , ,1, ,11103,0
00,1023,5,11B212,15,41387,1,1,0,03,-,1,3,1,22,05/08/2001,1,04,2,1,6,06, , , , , ,1, ,11103,0
00,1023,5,11B212,15,41387,4,1,0,04,-,1,3,1,18,07/02/2005,1,03,2,1,6,06, , , , , ,1, ,11103,0
00,1023,5,11B212,15,41387,3,1,0,01,-,1,1,1,44,07/09/1979,1,04,3,2,5,01,7,2,3,1,002500,1, ,11103,0
00,1023,5,11B212,15,41387,3,1,0,03,-,1,3,2,21,06/06/2002,1,07,1,1,6,06, , , , , ,1, ,11103,0
00,1023,5,11B212,15,41387,3,1,0,04,-,1,3,2,18,06/10/2005,1,04,2,1,6,06, , , , , ,1, ,11103,0
00,1023,5,11B212,15,41387,4,1,0,03,-,1,3,1,19,20/09/2004,1,04,3,1,6,06, , , , , ,1, ,11103,0
00,1023,5,11B212,15,41387,1,1,0,04,-,1,3,1,18,15/06/2005,1,04,2,1,6,06, , , , , ,1, ,11103,0
00,1023,5,11B212,15,41387,4,1,0,05,-,1,3,1,16,07/07/2007,1,03,3,1,6,06, , , , , ,1, ,11103,0
00,1023,5,11B212,15,41387,1,1,0,05,-,1,3,1,28,18/01/1995,1,03,3,2,6,01,7,2,2,1,999999,1, ,11103,0
00,1023,5,11B212,15,41387,4,1,0,01,-,1,1,1,54,01/11/1968,1,03,3,2,1,01,7,2,3,1,999999,1,1,11103,44722
00,1023,5,11B212,15,41387,3,1,0,02,-,1,2,2,49,08/02/1974,1,03,3,2,5,07, , , , , ,1,1,11103,44722
00,1023,5,11B212,15,41387,4,1,0,02,-,1,2,2,50,15/01/1973,1,02,6,2,1,07, , , , , ,1, ,11103,0
00,1023,5,11B212,15,41387,1,1,0,02,-,1,3,1,26,11/01/1997,1,03,3,2,6,01,7,6,5,1,003000,1,1,11103,55902
00,1023,1,11A226,15,41414,2,1,0,01,-,1,1,1,65,16/01/1958,1,03,3,2,5,08, , , , , ,1,1,10978,44219
00,1023,1,11A226,15,41414,3,1,0,02,-,1,2,2,27,02/08/1996,1,06,3,2,5,07, , , , , ,1,1,10978,22109
00,1023,1,11A226,15,41414,3,1,0,01,-,1,1,1,27,04/08/1996,1,06,3,2,5,01,5,5,3,1,002000,1, ,10978,0
00,1023,1,11A226,15,41414,3,1,0,04,-,1,3,1,04,02/02/2019, , , , , , , , , , , ,1, ,10978,0
00,1023,1,11A226,15,41414,2,1,0,02,-,1,2,2,62,17/03/1961,1,06,3,2,5,07, , , , , ,1, ,10978,0
00,1023,1,11A226,15,41414,1,1,0,01,-,1,1,2,82,07/11/1940,2,00, ,2,4,07, , , , , ,1,1,10978,11055
00,1023,1,11A226,15,41414,2,1,0,03,-,1,5,1,43,11/09/1980,1,03,3,2,5,01,5,5,2,1,999999,1, ,10978,0
00,1023,1,11A226,15,41414,3,1,0,03,-,1,3,1,07,28/08/2016,1,02,1,1, , , , , , , ,1, ,10978,0
00,1023,1,11A226,15,41414,2,1,0,05,-,1,5,2,16,13/05/2007,1,03,3,1,6,06, , , , , ,1, ,10978,0
00,1023,1,11A226,15,41414,2,1,0,07,-,1,5,1,09,17/06/2014,1,02,3,1, , , , , , , ,1, ,10978,0
00,1023,1,11A226,15,41414,2,1,0,04,-,1,3,2,39,07/05/1984,1,03,3,2,5,01,7,2,3,1,999999,1, ,10978,0
00,1023,1,11A226,15,41414,2,1,0,06,-,1,5,1,12,16/06/2011,1,02,6,1,6,06, , , , , ,1, ,10978,0
00,1023,3,11A224,16,40023,2,1,0,04,-,1,3,2,03,22/05/2020, , , , , , , , , , , ,1, ,7614,0
00,1023,3,11A224,16,40023,3,1,0,02,-,1,3,2,24,30/07/1999,1,04,3,2,6,01,7,2,3,1,001800,1, ,7614,0
00,1023,3,11A224,16,40023,4,1,0,01,-,1,1,1,71,31/03/1952,1,02,5,2,5,01,7,3,3,1,001300,1,1,7614,15335
00,1023,3,11A224,16,40023,3,1,0,01,-,1,1,2,58,26/05/1965,1,03,3,2,6,07, , , , , ,1,1,7614,15335
00,1023,3,11A224,16,40023,4,1,0,02,-,1,2,2,69,20/01/1954,1,02,4,2,5,07, , , , , ,1, ,7614,0
00,1023,3,11A224,16,40023,2,1,0,03,-,1,3,1,10,28/05/2013,1,02,6,1, , , , , , , ,1, ,7614,0
00,1023,3,11A224,16,40023,2,1,0,02,-,1,2,2,35,06/02/1988,1,07,5,2,1,01,4,4,2,1,999999,1, ,7614,0
00,1023,3,11A224,16,40023,1,1,0,01,-,1,1,1,37,10/07/1986,1,07,4,2,6,01,1,5,3,3,020000,1,1,7614,7668
00,1023,3,11A224,16,40023,2,1,0,01,-,1,1,1,39,18/10/1983,1,04,3,2,1,01,7,2,2,1,002000,1,1,7614,15335
00,1023,3,13A224,16,40056,1,1,0,01,-,1,1,2,29,09/12/1993,1,07,4,2,1,01,7,4,2,1,001800,1,1,9004,18318
00,1023,3,13A224,16,40056,1,1,0,02,-,1,2,1,34,19/12/1988,1,07,2,2,1,01,7,4,2,1,001800,1, ,9004,0
00,1023,7,12A218,16,40059,3,1,0,01,-,1,1,2,71,02/05/1952,2,07,4,2,6,01,1,5,2,1,001500,1,1,6388,19410
00,1023,7,12A218,16,40059,4,1,0,01,-,1,1,2,47,08/05/1976,1,07,2,2,3,01,3,7,3,2,999999,1, ,6388,0
00,1023,7,12A218,16,40059,3,1,0,03,-,1,6,2,55,06/06/1968,2,02,2,2,6,09, , , , , ,1, ,6388,0
00,1023,7,12A218,16,40059,2,1,0,01,-,1,1,2,44,21/07/1979,1,07,5,2,6,01,4,4,2,1,000500,1,1,6388,6470
00,1023,7,12A218,16,40059,4,1,0,02,-,1,3,2,21,05/07/2002,1,06,2,1,6,06, , , , , ,1,1,6388,12940
00,1023,7,12A218,16,40059,3,1,0,02,-,1,7,2,20,24/09/2003,1,04,3,1,6,01,3,5,3,1,000600,1, ,6388,0
00,1023,7,12A218,16,40059,2,1,0,02,-,1,3,2,09,14/06/2014,1,02,2,1, , , , , , , ,1, ,6388,0
00,1023,6,11B211,16,40190,3,1,0,04,-,1,3,1,21,30/06/2002,1,03,3,2,6,01,7,2,3,1,001000,1, ,9079,0
00,1023,6,11B211,16,40190,4,1,0,02,-,1,2,2,55,11/10/1967,2,00, ,2,1,07, , , , , ,1,1,9079,18285
00,1023,6,11B211,16,40190,1,1,0,03,-,1,3,1,24,25/11/1998,1,04,3,1,6,06, , , , , ,1,1,9079,27427
00,1023,6,11B211,16,40190,4,1,0,01,-,1,1,1,62,30/06/1961,1,02,2,2,1,01,7,3,2,1,002000,1, ,9079,0
00,1023,6,11B211,16,40190,3,1,0,01,-,1,1,1,46,20/07/1977,1,03,3,2,5,01,5,5,3,1,002300,1, ,9079,0
00,1023,6,11B211,16,40190,1,1,0,01,-,1,1,1,61,15/02/1962,1,02,6,2,1,01,6,1,2,1,000500,1, ,9079,0
00,1023,6,11B211,16,40190,2,1,0,01,-,1,1,1,37,10/12/1985,1,02,6,2,5,01,7,3,4,1,001800,1, ,9079,0
00,1023,6,11B211,16,40190,2,1,0,03,-,1,3,2,18,01/02/2005,1,04,2,1,6,06, , , , , ,1, ,9079,0
00,1023,6,11B211,16,40190,2,1,0,04,-,1,3,1,16,15/09/2007,1,03,3,1,6,06, , , , , ,1, ,9079,0
00,1023,6,11B211,16,40190,2,1,0,02,-,1,2,2,36,17/11/1986,1,03,3,2,5,01,5,5,2,1,000600,1,1,9079,27427
00,1023,6,11B211,16,40190,1,1,0,02,-,1,2,2,49,08/06/1974,1,07,4,2,1,01,1,5,3,2,007000,1, ,9079,0
00,1023,6,11B211,16,40190,3,1,0,02,-,1,2,2,49,15/06/1974,1,03,3,2,5,01,5,5,2,1,001200,1,1,9079,36570
00,1023,6,11B211,16,40190,3,1,0,03,-,1,3,1,23,30/06/2000,1,07,4,2,6,01,7,5,3,1,000600,1, ,9079,0
00,1023,6,11B211,16,40190,2,1,0,05,-,1,3,1,02,02/08/2021, , , , , , , , , , , ,1, ,9079,0
00,1023,2,12A225,16,40214,1,1,0,03,-,1,3,1,25,23/09/1998,1,07,5,2,6,04, , , , , ,1, ,8457,0
00,1023,2,12A225,16,40214,1,1,0,01,-,1,1,2,48,18/02/1975,1,07,5,2,5,01,3,5,3,2,015000,1, ,8457,0
00,1023,2,12A225,16,40214,2,1,0,01,-,1,1,1,61,20/03/1962,1,07,1,2,3,08, , , , , ,1,1,8457,8566
00,1023,2,12A225,16,40214,3,1,0,01,-,1,1,2,53,31/01/1970,1,04,3,2,5,07, , , , , ,1,1,8457,34264
00,1023,2,12A225,16,40214,1,1,0,05,-,1,3,2,18,18/06/2005,1,04,3,1,6,06, , , , , ,1,1,8457,34264
00,1023,2,12A225,16,40214,4,1,0,02,-,1,6,2,86,30/06/1937,1,02,3,2,6,08, , , , , ,1, ,8457,0
00,1023,2,12A225,16,40214,2,1,0,02,-,1,3,1,12,18/11/2010,1,03,1,1,6,06, , , , , ,1, ,8457,0
00,1023,2,12A225,16,40214,3,1,0,02,-,1,2,1,53,06/04/1970,1,04,3,2,5,01,5,5,3,1,003000,1, ,8457,0
00,1023,2,12A225,16,40214,3,1,0,03,-,1,3,2,20,04/04/2003,1,06,3,2,6,04, , , , , ,1, ,8457,0
00,1023,2,12A225,16,40214,4,1,0,01,-,1,1,1,82,28/04/1941,1,04,3,2,3,08, , , , , ,1,1,8457,17132
00,1023,2,12A225,16,40214,1,1,0,02,-,1,2,1,50,26/05/1973,1,07,5,2,5,01,3,5,3,2,015000,1, ,8457,0
00,1023,2,12A225,16,40214,1,1,0,04,-,1,3,2,16,02/02/2007,1,03,2,2,6,07, , , , , ,1, ,8457,0
00,1023,2,12A225,16,40214,3,1,0,04,-,1,3,2,24,18/06/1999,1,06,3,2,6,04, , , , , ,1, ,8457,0
14,1023,2,11A225,16,40280,2,1,0,03,-,1,3,1,25,26/10/1997,1,04,3,2,6,01,5,4,3,1,001200,1, ,7499,0
14,1023,2,11A225,16,40280,2,1,0,01,-,1,1,1,55,08/03/1968,1,02,6,2,1,09, , , , , ,1, ,7499,0
14,1023,2,11A225,16,40280,2,1,0,04,-,1,3,1,19,06/02/2004,1,04,2,1,6,06, , , , , ,1, ,7499,0
00,1023,2,11A225,16,40280,1,1,0,02,-,1,2,1,33,27/04/1990,1,07,4,2,5,01,4,4,2,1,002000,1, ,7499,0
00,1023,2,11A225,16,40280,1,1,0,04,-,1,3,2,05,28/07/2018,2,01,2,1, , , , , , , ,1, ,7499,0
00,1023,2,11A225,16,40280,4,1,0,01,-,2, , , , , , , , , , , , , , , ,1, ,0,0
00,1023,2,11A225,16,40280,4,1,0,02,-,1,2,2,59,13/09/1964,1,03,3,2,1,07, , , , , ,1,1,7499,7552
00,1023,2,11A225,16,40280,1,1,0,03,-,1,3,1,03,04/10/2020, , , , , , , , , , , ,1, ,7499,0
00,1023,2,11A225,16,40280,3,1,0,02,-,1,2,2,70,18/05/1953,2,02,2,2,5,07, , , , , ,1,1,7499,15104
00,1023,2,11A225,16,40280,3,1,0,01,-,1,1,1,80,22/06/1943,1,99, ,2,5,10, , , , , ,1, ,7499,0
00,1023,2,11A225,16,40280,1,1,0,01,-,1,1,2,33,06/10/1989,1,03,3,2,5,01,3,5,3,1,002000,1,1,7499,15104
14,1023,2,11A225,16,40280,2,1,0,02,-,1,2,2,50,30/05/1973,1,07,4,2,1,01,1,5,3,2,012000,1, ,7499,0
00,1023,6,12B211,16,40285,1,1,0,02,-,1,2,2,48,01/12/1974,1,04,3,2,5,07, , , , , ,1,1,8845,35833
00,1023,6,12B211,16,40285,1,1,0,03,-,1,3,1,23,03/09/2000,1,07,3,1,6,01,4,5,2,1,999999,1, ,8845,0
00,1023,5,12B211,16,40285,2,1,0,04,-,2, , , , , , , , , , , , , , , ,1, ,0,0
00,1023,6,12B211,16,40285,1,1,0,01,-,1,1,1,48,13/06/1975,1,04,3,2,5,01,5,7,3,2,999999,1, ,8845,0
00,1023,6,12B211,16,40285,2,1,0,02,-,1,3,2,36,30/09/1987,1,07,4,2,6,01,1,5,3,2,005000,1,1,8845,17916
00,1023,6,12B211,16,40285,2,1,0,01,-,1,1,2,64,12/09/1959,1,07,4,2,3,10, , , , , ,1, ,8845,0
00,1023,6,12B211,16,40285,1,1,0,05,-,1,3,2,09,18/07/2014,1,02,2,1, , , , , , , ,1, ,8845,0
00,1023,6,12B211,16,40285,1,1,0,04,-,1,3,2,20,16/02/2003,1,07,1,1,6,01,4,5,3,1,999999,1, ,8845,0
00,1023,6,12B211,16,40285,3,1,1,01,-,1,1,1,24,15/06/1999,1,07,4,2,6,01,3,5,3,2,999999,1,1,8845,8958
00,1023,5,12B211,16,40285,2,1,0,03,-,2, , , , , , , , , , , , , , , ,1, ,0,0
00,1023,4,12A223,16,40306,3,1,0,06,-,1,3,2,08,06/05/2015,1,02,2,1, , , , , , , ,1, ,8170,0
00,1023,4,12A223,16,40306,3,1,0,04,-,1,3,1,14,08/12/2008,1,03,2,1,6,06, , , , , ,1, ,8170,0
00,1023,4,12A223,16,40306,3,1,0,01,-,1,1,2,37,16/02/1986,1,02,6,2,1,01,5,5,2,1,999999,1, ,8170,0
15,1023,4,12A223,16,40306,2,1,0,03,-,1,3,1,18,18/11/2004,1,04,3,1,6,06, , , , , ,1, ,8170,0
00,1023,4,12A223,16,40306,4,1,0,03,-,1,3,1,13,29/09/2010,1,02,6,1,6,06, , , , , ,1, ,8170,0
00,1023,4,12A223,16,40306,1,1,0,01,-,1,1,1,28,20/02/1995,1,07,5,2,1,01,7,2,1,1,010000,1,1,8170,16549
00,1023,4,12A223,16,40306,1,1,0,02,-,1,2,2,30,12/02/1993,1,07,5,2,1,01,4,4,1,1,010000,1, ,8170,0
15,1023,4,12A223,16,40306,2,1,0,02,-,1,2,2,65,23/10/1957,1,03,3,2,5,07, , , , , ,1, ,8170,0
00,1023,4,12A223,16,40306,3,1,0,07,-,1,5,1,03,06/08/2020, , , , , , , , , , , ,1, ,8170,0
00,1023,4,12A223,16,40306,3,1,0,02,-,1,2,1,36,29/12/1986,1,07,4,2,1,01,1,5,2,1,002000,1,1,8170,24824
00,1023,4,12A223,16,40306,4,1,0,01,-,1,1,1,30,16/12/1992,1,08,3,2,5,01,1,5,3,2,010000,1,1,8170,16549
00,1023,4,12A223,16,40306,4,1,0,02,-,1,2,2,28,02/01/1995,1,08,3,2,5,01,1,5,3,2,010000,1, ,8170,0
00,1023,4,12A223,16,40306,3,1,0,05,-,1,3,1,11,12/10/2011,1,02,6,1, , , , , , , ,1, ,8170,0
00,1023,4,12A223,16,40306,3,1,0,03,-,1,3,2,23,12/03/2000,1,04,3,2,6,01,3,5,3,2,999999,1, ,8170,0
15,1023,4,12A223,16,40306,2,1,0,04,-,1,3,2,42,19/03/1981,1,07,5,2,2,01,1,6,3,2,008000,1, ,8170,0
15,1023,4,12A223,16,40306,2,1,0,01,-,1,1,1,76,17/06/1947,1,07,5,2,5,01,3,6,3,2,008000,1, ,8170,0
00,1023,8,11A217,16,40313,4,1,0,04,-,1,3,2,20,06/05/2003,1,07,1,1,6,06, , , , , ,1, ,8418,0
00,1023,8,11A217,16,40313,4,1,0,01,-,1,1,1,55,01/04/1968,1,02,3,2,5,01,5,5,2,1,000800,1, ,8418,0
00,1023,8,11A217,16,40313,4,1,0,03,-,1,3,1,29,20/10/1993,1,03,3,2,6,01,5,4,2,1,999999,1,1,8418,33908
00,1023,8,11A217,16,40313,2,1,0,03,-,1,3,2,08,17/10/2014,1,02,1,1, , , , , , , ,1, ,8418,0
00,1023,5,11A217,16,40313,2,1,0,04,-,2, , , , , , , , , , , , , , , ,1, ,0,0
00,1023,8,11A217,16,40313,2,1,0,01,-,1,1,2,51,07/09/1972,2,07,5,2,2,01,3,5,3,2,014000,1,1,8418,8477
00,1023,5,11A217,16,40313,2,1,0,02,-,2, , , , , , , , , , , , , , , ,1, ,0,0
00,1023,8,11A217,16,40313,4,1,0,02,-,1,2,2,49,26/03/1974,1,02,6,2,5,01,5,5,2,1,000400,1, ,8418,0
00,1023,8,13A217,16,40376,1,1,0,03,-,1,4,1,68,25/07/1955,1,04,3,2,5,09, , , , , ,1,1,9549,38857
00,1023,8,13A217,16,40376,3,1,0,02,-,1,2,2,68,28/11/1954,1,04,3,2,5,08, , , , , ,1,1,9549,29142
00,1023,8,13A217,16,40376,2,1,0,02,-,1,3,2,17,09/10/2005,1,04,2,1,6,06, , , , , ,1, ,9549,0
00,1023,8,13A217,16,40376,3,1,0,03,-,1,3,2,39,17/04/1984,1,07,4,2,3,01,5,5,3,2,999999,1, ,9549,0
00,1023,8,13A217,16,40376,1,1,0,02,-,1,2,1,32,22/06/1991,1,03,3,2,5,01,7,2,3,2,999999,1, ,9549,0
00,1023,8,13A217,16,40376,1,1,0,05,-,1,3,1,01,29/04/2022, , , , , , , , , , , ,1, ,9549,0
00,1023,8,13A217,16,40376,2,1,0,03,-,1,3,2,14,09/04/2009,1,03,1,1,6,06, , , , , ,1, ,9549,0
00,1023,8,13A217,16,40376,1,1,0,04,-,1,5,2,28,01/04/1995,1,04,1,2,3,01,4,5,3,1,001200,1, ,9549,0
00,1023,8,13A217,16,40376,4,1,0,01,-,1,1,2,81,29/07/1942,1,02,6,2,4,08, , , , , ,1,1,9549,19428
00,1023,8,13A217,16,40376,4,1,0,02,-,1,5,1,19,20/05/2004,1,03,3,2,6,01,7,2,3,1,999999,1, ,9549,0
00,1023,8,13A217,16,40376,3,1,0,04,-,1,5,1,16,24/09/2007,1,03,3,1,6,06, , , , , ,1, ,9549,0
00,1023,8,13A217,16,40376,1,1,0,01,-,1,1,2,38,18/03/1985,1,07,5,2,5,07, , , , , ,1, ,9549,0
00,1023,8,13A217,16,40376,3,1,0,01,-,1,1,1,70,15/06/1953,1,07,5,2,5,01,1,5,2,1,999999,1, ,9549,0
00,1023,8,13A217,16,40376,2,1,0,01,-,1,1,2,47,16/03/1976,1,04,3,2,2,01,3,5,3,2,010000,1,1,9549,9714
00,1023,5,12B212,16,40384,3,1,0,04,-,1,3,1,28,06/09/1995,1,07,5,2,6,01,1,2,3,2,020000,1, ,11719,0
00,1023,5,12B212,16,40384,3,1,0,03,-,1,7,1,60,22/07/1963,1,02,6,2,2,09, , , , , ,1, ,11719,0
00,1023,5,12B212,16,40384,3,1,0,02,-,1,2,2,56,12/10/1966,1,06,3,2,5,01,3,5,3,2,008000,1,1,11719,47476
00,1023,5,12B212,16,40384,1,1,0,05,-,1,3,2,02,15/10/2021, , , , , , , , , , , ,1, ,11719,0
00,1023,5,12B212,16,40384,1,1,0,04,-,1,3,2,10,15/10/2013,1,02,3,1, , , , , , , ,1, ,11719,0
00,1023,5,12B212,16,40384,1,1,0,01,-,1,1,1,42,03/02/1981,1,04,1,2,5,01,5,7,3,2,002400,1,1,11719,23738
00,1023,5,12B212,16,40384,1,1,0,03,-,1,3,2,14,15/11/2008,1,03,1,1,6,06, , , , , ,1, ,11719,0
00,1023,5,12B212,16,40384,3,1,0,01,-,1,1,1,54,28/05/1969,1,04,3,2,5,01,7,2,3,1,004000,1, ,11719,0
00,1023,5,12B212,16,40384,4,1,0,02,-,1,2,2,53,22/12/1969,1,04,3,2,5,07, , , , , ,1, ,11719,0
00,1023,5,12B212,16,40384,4,1,0,01,-,1,1,1,56,06/12/1966,1,07,4,2,5,01,1,5,3,2,014000,1,1,11719,23738
00,1023,5,12B212,16,40384,1,1,0,02,-,1,2,2,35,15/05/1988,1,07,2,2,5,01,3,5,3,2,003800,1, ,11719,0
00,1023,1,12A226,16,40412,2,1,0,01,-,1,1,2,46,01/03/1977,1,03,3,2,2,01,7,4,2,1,000400,1,1,7830,7930
00,1023,1,12A226,16,40412,1,1,0,02,-,1,2,2,61,23/12/1961,1,03,3,2,5,01,4,5,2,1,999999,1, ,7830,0
00,1023,1,12A226,16,40412,2,1,0,02,-,1,3,1,13,13/06/2010,1,03,1,1,6,06, , , , , ,1, ,7830,0
00,1023,1,12A226,16,40412,4,1,0,01,-,1,1,2,24,18/08/1999,1,07,4,1,6,06, , , , , ,1,1,7830,7930
00,1023,1,12A226,16,40412,1,1,0,01,-,1,1,1,62,15/07/1961,1,03,3,2,5,01,7,5,2,1,999999,1,1,7830,15860
00,1023,7,12A218,17,40030,2,1,0,01,-,1,1,2,60,24/01/1963,1,09,4,2,3,01,1,5,3,2,008000,1,1,6526,6610
00,1023,7,12A218,17,40030,4,1,0,02,-,1,3,2,36,28/07/1987,1,04,3,2,1,07, , , , , ,1,1,6526,19829
00,1023,7,12A218,17,40030,4,1,0,01,-,1,1,2,72,07/01/1951,1,02,6,2,4,07, , , , , ,1, ,6526,0
00,1023,7,12A218,17,40030,4,1,0,04,-,1,5,2,19,11/11/2003,1,07,1,1,6,06, , , , , ,1, ,6526,0
00,1023,5,12A218,17,40030,4,1,0,03,-,2, , , , , , , , , , , , , , , ,1, ,0,0
00,1023,3,12A224,17,40119,4,1,0,02,-,1,2,2,37,10/07/1986,1,03,3,2,5,07, , , , , ,1, ,7249,0
00,1023,3,12A224,17,40119,4,1,0,03,-,1,7,2,12,15/12/2010,1,03,1,1,6,06, , , , , ,1, ,7249,0
00,1023,3,12A224,17,40119,1,1,0,04,-,1,3,1,10,07/10/2012,1,02,5,1, , , , , , , ,1, ,7249,0
00,1023,3,12A224,17,40119,2,1,0,01,-,1,1,2,77,05/12/1945,1,03,2,2,4,08, , , , , ,1,1,7249,7342
00,1023,3,12A224,17,40119,1,1,0,01,-,2, , , , , , , , , , , , , , , ,1, ,0,0
00,1023,3,12A224,17,40119,1,1,0,02,-,1,2,2,31,23/02/1992,1,04,3,2,1,07, , , , , ,1,1,7249,7342
00,1023,3,12A224,17,40119,1,1,0,03,-,1,3,1,13,31/01/2010,1,03,1,1,6,06, , , , , ,1, ,7249,0
00,1023,3,12A224,17,40119,4,1,0,05,-,1,7,2,05,24/01/2018,2,01,2,1, , , , , , , ,1, ,7249,0
00,1023,3,12A224,17,40119,4,1,0,04,-,1,7,2,10,08/01/2013,1,02,4,1, , , , , , , ,1, ,7249,0
00,1023,3,12A224,17,40119,4,1,0,01,-,1,1,2,24,27/10/1998,1,04,2,2,5,01,4,4,3,1,001800,1,1,7249,14685
00,1023,3,12A224,17,40119,1,1,0,05,-,1,3,1,07,15/11/2015,1,02,2,1, , , , , , , ,1, ,7249,0
00,1023,3,12A224,17,40119,3,1,0,01,-,1,1,2,64,30/03/1959,1,06,2,2,5,07, , , , , ,1,1,7249,14685
00,1023,3,12A224,17,40119,3,1,0,02,-,1,3,2,40,21/05/1983,1,07,4,2,6,04, , , , , ,1, ,7249,0
00,1023,7,11A218,17,40126,1,1,0,03,-,1,3,1,17,25/02/2006,1,03,3,2,6,01,7,3,3,1,000800,1, ,6972,0
00,1023,7,11A218,17,40126,2,1,0,01,-,1,1,1,62,23/12/1960,1,02,6,2,2,01,7,4,2,1,002000,1,1,6972,7021
00,1023,7,11A218,17,40126,3,1,0,01,-,1,1,1,75,28/08/1948,1,02,3,2,5,01,7,4,2,1,999999,1, ,6972,0
00,1023,7,11A218,17,40126,1,1,0,04,-,1,3,1,16,21/05/2007,1,03,3,1,6,01,7,4,3,1,000500,1, ,6972,0
00,1023,5,11A218,17,40126,3,1,0,05,-,2, , , , , , , , , , , , , , , ,1, ,0,0
00,1023,7,11A218,17,40126,3,1,0,06,-,1,5,2,15,16/09/2008,1,03,2,1,6,06, , , , , ,1, ,6972,0
00,1023,7,11A218,17,40126,3,1,0,02,-,1,2,2,63,29/10/1959,1,03,3,2,5,02,7,4,6,5, ,1,1,6972,14042
00,1023,7,11A218,17,40126,1,1,0,02,-,1,2,2,33,10/06/1990,1,03,3,2,1,01,4,4,3,1,000950,1,1,6972,14042
00,1023,5,11A218,17,40126,3,1,0,04,-,2, , , , , , , , , , , , , , , ,1, ,0,0
00,1023,5,11A218,17,40126,3,1,0,03,-,2, , , , , , , , , , , , , , , ,1, ,0,0
00,1023,7,11A218,17,40126,1,1,0,01,-,1,1,1,50,16/01/1973,1,03,3,2,1,01,4,4,3,1,999999,1, ,6972,0
00,1023,6,11B211,17,40194,3,1,0,02,-,1,4,2,60,03/07/1963,2,02,1,2,4,07, , , , , ,1,1,9374,25173
00,1023,6,11B211,17,40194,3,1,0,04,-,1,3,1,06,17/09/2017,2,00, ,1, , , , , , , ,1, ,9374,0
00,1023,6,11B211,17,40194,1,1,0,03,-,1,3,2,21,13/12/2001,1,03,3,2,1,07, , , , , ,1,1,9374,37760
00,1023,6,11B211,17,40194,3,1,0,01,-,1,1,2,28,06/08/1995,1,04,2,2,6,01,5,4,3,1,001100,1, ,9374,0
00,1023,6,11B211,17,40194,1,1,0,06,-,1,5,1,01,03/08/2022, , , , , , , , , , , ,1, ,9374,0
00,1023,6,11B211,17,40194,1,1,0,05,-,1,5,1,31,10/05/1992,1,04,3,2,1,01,7,3,3,1,001500,1, ,9374,0
00,1023,6,11B211,17,40194,2,1,0,01,-,1,1,2,64,25/09/1959,1,06,3,2,3,01,4,4,2,1,000300,1,1,9374,12587
00,1023,5,11B211,17,40194,2,1,0,02,-,2, , , , , , , , , , , , , , , ,1, ,0,0
00,1023,6,11B211,17,40194,1,1,0,04,-,1,3,1,26,06/02/1997,1,04,1,2,6,01,7,3,3,1,001500,1, ,9374,0
00,1023,5,11B211,17,40194,1,1,0,02,-,2, , , , , , , , , , , , , , , ,1, ,0,0
15,1023,6,11B211,17,40194,4,1,0,02,-,1,2,2,32,06/06/1991,1,07,4,2,5,01,3,5,3,2,999999,1, ,9374,0
00,1023,5,11B211,17,40194,1,1,0,01,-,2, , , , , , , , , , , , , , , ,1, ,0,0
15,1023,6,11B211,17,40194,4,1,0,01,-,1,1,1,33,05/12/1989,1,07,4,2,5,01,6,2,3,1,999999,1,1,9374,0
00,1023,6,11B211,17,40194,3,1,0,03,-,1,7,2,15,02/04/2008,2,00, ,2,6,09, , , , , ,1, ,9374,0
00,1023,6,12B211,17,40226,1,1,0,01,-,1,1,2,78,08/02/1945,1,06,3,2,4,07, , , , , ,1, ,8379,0
00,1023,6,12B211,17,40226,2,1,0,04,-,1,3,2,16,25/08/2007,1,03,3,1,6,06, , , , , ,1, ,8379,0
00,1023,6,12B211,17,40226,4,1,0,01,-,1,1,1,83,16/09/1940,1,02,6,2,5,07, , , , , ,1,1,8379,25460
00,1023,6,12B211,17,40226,3,1,0,02,-,1,2,2,68,27/08/1955,1,02,4,2,5,07, , , , , ,1,1,8379,16973
00,1023,4,12B211,17,40226,1,1,0,03,-,2, , , , , , , , , , , , , , , ,1, ,0,0
00,1023,6,12B211,17,40226,2,1,0,01,-,1,1,1,48,26/02/1975,1,07,4,2,5,01,3,7,3,2,999999,1, ,8379,0
00,1023,6,12B211,17,40226,2,1,0,03,-,1,3,2,20,13/09/2003,1,04,3,1,6,06, , , , , ,1,1,8379,25460
00,1023,6,12B211,17,40226,1,1,0,04,-,1,5,2,19,10/09/2004,1,04,3,2,6,07, , , , , ,1, ,8379,0
00,1023,6,12B211,17,40226,1,1,0,02,-,1,3,2,50,19/11/1972,1,07,5,2,1,01,5,5,3,2,007000,1,1,8379,25460
00,1023,6,12B211,17,40226,4,1,0,02,-,1,2,2,78,25/09/1945,1,03,3,2,5,07, , , , , ,1, ,8379,0
00,1023,6,12B211,17,40226,3,1,0,01,-,1,1,1,70,20/04/1953,1,02,3,2,5,08, , , , , ,1, ,8379,0
00,1023,6,12B211,17,40226,2,1,0,02,-,1,2,2,46,09/12/1976,1,07,4,2,5,07, , , , , ,1, ,8379,0
00,1023,6,12B211,17,40226,4,1,0,03,-,1,3,1,53,10/03/1970,1,04,3,2,2,01,7,2,3,1,999999,1, ,8379,0
00,1023,6,12B211,17,40226,2,1,0,05,-,1,3,2,14,19/12/2008,1,03,2,1,6,06, , , , , ,1, ,8379,0
00,1023,2,11A225,17,40249,3,1,0,03,-,1,3,2,18,07/07/2005,1,04,3,2,6,01,5,5,3,1,001300,1,1,5047,15246
00,1023,2,11A225,17,40249,2,1,0,02,-,1,3,2,22,05/07/2001,1,07,3,1,6,01,3,5,3,2,005200,1,1,5047,15246
00,1023,2,11A225,17,40249,3,1,0,02,-,1,2,2,45,26/07/1978,1,03,3,2,5,01,4,4,3,1,999999,1, ,5047,0
00,1023,2,11A225,17,40249,3,1,0,04,-,1,3,1,12,30/05/2011,1,02,6,1,6,06, , , , , ,1, ,5047,0
00,1023,2,11A225,17,40249,3,1,0,01,-,1,1,1,48,10/03/1975,1,03,3,2,5,01,5,5,3,1,999999,1, ,5047,0
00,1023,2,11A225,17,40249,2,1,0,03,-,1,3,1,19,28/02/2004,1,04,3,1,6,06, , , , , ,1, ,5047,0
00,1023,2,11A225,17,40249,2,1,0,01,-,1,1,2,49,29/11/1973,1,04,2,2,2,01,1,5,3,2,004500,1, ,5047,0
15,1023,2,11A225,17,40252,1,1,0,01,-,1,1,2,52,02/07/1971,1,03,3,2,6,01,5,5,3,1,000600,1,1,7235,0
00,1023,2,11A225,17,40252,2,1,0,05,-,1,5,1,07,07/11/2015,1,02,2,1, , , , , , , ,1, ,7235,0
00,1023,2,11A225,17,40252,2,1,0,04,-,1,5,2,11,29/01/2012,1,02,5,1, , , , , , , ,1, ,7235,0
00,1023,2,11A225,17,40252,2,1,0,02,-,1,5,1,38,25/09/1985,1,07,3,2,5,01,1,6,3,2,999999,1, ,7235,0
00,1023,2,11A225,17,40252,2,1,0,01,-,1,1,1,87,23/07/1936,1,02,6,2,2,08, , , , , ,1, ,7235,0
00,1023,2,11A225,17,40252,2,1,0,03,-,1,3,2,42,21/05/1981,1,06,3,2,5,07, , , , , ,1,1,7235,29145
00,1023,8,12A217,17,40313,2,1,0,03,-,1,3,2,24,15/04/1999,1,07,4,1,6,06, , , , , ,1, ,7060,0
00,1023,8,12A217,17,40313,1,1,1,03,-,3,3,1,27,21/05/1996,1,04,3,2,2,01,5,6,5,1,999999,1, ,7060,0
00,1023,8,12A217,17,40313,1,1,1,01,-,1,1,2,52,24/02/1971,1,06,3,2,6,07, , , , , ,1,1,7060,21452
00,1023,8,12A217,17,40313,4,1,0,02,-,1,6,2,62,24/12/1960,1,04,2,2,6,01,4,4,2,1,999999,1,1,7060,14302
00,1023,8,12A217,17,40313,2,1,0,02,-,1,2,2,49,12/12/1973,1,06,3,2,5,01,4,4,2,1,001000,1, ,7060,0
00,1023,8,12A217,17,40313,1,1,1,02,-,3,3,1,33,15/04/1990,1,07,4,1,6,01,1,6,3,3,999999,1, ,7060,0
00,1023,8,12A217,17,40313,2,1,0,01,-,1,1,1,56,11/10/1966,1,08,2,2,5,01,5,5,2,1,004000,1,1,7060,21452
00,1023,5,12A217,17,40313,2,1,0,04,-,2, , , , , , , , , , , , , , , ,1, ,0,0
00,1023,8,12A217,17,40313,4,1,0,01,-,1,1,2,61,28/03/1962,1,03,3,2,6,07, , , , , ,1, ,7060,0
00,1023,1,11A226,17,40317,3,1,0,02,-,1,2,2,50,16/05/1973,1,03,3,2,5,01,5,5,3,1,999999,1, ,7071,0
00,1023,1,11A226,17,40317,3,1,0,01,-,1,1,1,50,26/08/1973,1,04,3,2,5,01,7,2,3,2,999999,1,1,7071,35603
00,1023,1,11A226,17,40317,4,1,0,01,-,1,1,1,42,11/04/1981,1,06,4,2,2,01,7,2,3,1,003600,1,1,7071,7121
00,1023,1,11A226,17,40317,1,1,0,01,-,1,1,1,55,07/07/1968,1,03,3,2,5,01,5,5,2,2,002500,1, ,7071,0
00,1023,1,11A226,17,40317,4,1,0,02,-,1,3,2,17,26/12/2005,1,04,3,1,6,01,1,5,3,2,000300,1, ,7071,0
00,1023,1,11A226,17,40317,3,1,0,03,-,1,3,1,21,10/03/2002,1,06,3,1,6,06, , , , , ,1, ,7071,0
00,1023,1,11A226,17,40317,2,1,0,06,-,1,5,2,42,02/09/1981,1,07,2,1,1,07, , , , , ,1, ,7071,0
00,1023,1,11A226,17,40317,3,1,0,05,-,1,7,1,30,16/07/1993,1,03,3,2,2,01,7,3,3,1,999999,1, ,7071,0
00,1023,1,11A226,17,40317,2,1,0,04,-,1,5,2,20,08/04/2003,1,04,3,2,6,07, , , , , ,1, ,7071,0
00,1023,1,11A226,17,40317,2,1,0,03,-,1,3,2,45,23/08/1978,1,04,3,2,1,01,5,5,3,2,999999,1, ,7071,0
00,1023,1,11A226,17,40317,2,1,0,02,-,1,5,1,40,23/01/1983,1,07,4,2,1,01,5,5,3,1,001700,1, ,7071,0
00,1023,1,11A226,17,40317,1,1,0,02,-,1,2,2,55,14/01/1968,1,03,3,2,5,02,5,5,6,5, ,1,1,7071,14241
00,1023,1,11A226,17,40317,2,1,0,01,-,1,1,2,73,05/02/1950,1,02,6,2,4,07, , , , , ,1,1,7071,42723
00,1023,1,11A226,17,40317,2,1,0,05,-,1,3,1,48,22/09/1975,1,03,3,2,1,01,4,4,2,1,999999,1, ,7071,0
00,1023,1,11A226,17,40317,3,1,0,04,-,1,3,1,19,26/05/2004,1,04,2,1,6,06, , , , , ,1, ,7071,0
00,1023,4,11A223,17,40338,1,1,0,01,-,1,1,1,48,13/03/1975,1,06,1,2,5,04, , , , , ,1, ,6732,0
00,1023,4,11A223,17,40338,3,1,0,02,-,1,2,2,63,07/12/1959,1,03,3,2,5,07, , , , , ,1, ,6732,0
00,1023,4,11A223,17,40338,1,1,0,04,-,1,3,2,25,19/03/1998,1,07,1,2,6,01,5,5,3,1,001500,1, ,6732,0
00,1023,4,11A223,17,40338,1,1,0,03,-,1,3,2,24,25/03/1999,1,04,3,2,6,07, , , , , ,1,1,6732,33895
00,1023,4,11A223,17,40338,4,1,0,01,-,1,1,1,77,21/12/1945,1,00, ,2,5,07, , , , , ,1,1,6732,13558
00,1023,4,11A223,17,40338,4,1,0,02,-,1,2,2,72,19/05/1951,1,00, ,2,5,07, , , , , ,1, ,6732,0
00,1023,4,11A223,17,40338,1,1,0,05,-,1,3,1,19,05/12/2003,1,07,2,1,6,06, , , , , ,1, ,6732,0
00,1023,4,11A223,17,40338,1,1,0,06,-,1,5,1,01,21/02/2022, , , , , , , , , , , ,1, ,6732,0
00,1023,4,11A223,17,40338,2,1,0,01,-,1,1,1,29,07/12/1993,1,04,3,2,5,01,4,4,2,1,003000,1,1,6732,13558
00,1023,4,11A223,17,40338,2,1,0,02,-,1,2,2,26,17/06/1997,1,04,3,1,5,07, , , , , ,1, ,6732,0
00,1023,4,11A223,17,40338,3,1,0,01,-,1,1,1,69,25/06/1954,1,09,4,2,5,08, , , , , ,1,1,6732,13558
00,1023,4,11A223,17,40338,2,1,0,03,-,1,3,1,03,15/01/2020, , , , , , , , , , , ,1, ,6732,0
00,1023,4,11A223,17,40338,1,1,0,02,-,1,2,2,46,25/06/1977,1,04,3,2,5,01,5,5,3,1,001200,1, ,6732,0
00,1023,4,11A223,17,40338,2,1,0,04,-,1,3,2,08,18/02/2015,2,02,1,1, , , , , , , ,1, ,6732,0
00,1023,4,13A223,17,40370,3,1,0,03,-,1,3,1,22,13/06/2001,1,07,4,1,6,01,3,5,3,1,002000,1, ,8568,0
00,1023,4,13A223,17,40370,3,1,0,01,-,1,1,1,75,09/01/1948,1,03,3,2,5,03,4,4,2,1,001000,1,1,8568,34864
00,1023,4,13A223,17,40370,3,1,0,02,-,1,2,2,58,15/11/1964,1,04,3,2,5,07, , , , , ,1, ,8568,0
00,1023,4,13A223,17,40370,4,1,0,01,-,1,1,2,23,09/05/2000,1,07,4,2,6,01,1,5,3,3,012000,1,1,8568,17432
00,1023,4,13A223,17,40370,1,1,0,01,-,1,1,1,40,30/06/1983,1,07,5,2,6,01,5,5,3,2,999999,1,1,8568,8716
00,1023,4,13A223,17,40370,4,1,0,02,-,1,8,2,23,30/08/2000,1,07,4,2,6,01,1,5,3,3,012000,1, ,8568,0
00,1023,4,13A223,17,40370,3,1,0,04,-,1,3,1,20,07/05/2003,1,07,3,1,6,01,1,5,2,1,002000,1, ,8568,0
00,1023,5,11B212,17,40384,3,1,0,03,-,1,3,1,26,24/04/1997,1,07,4,1,6,01,3,7,3,2,999999,1,1,8109,24498
00,1023,5,11B212,17,40384,1,1,0,01,-,1,1,2,43,04/11/1979,1,03,3,2,1,01,5,5,3,1,001300,1,1,8109,8166
00,1023,5,11B212,17,40384,4,1,0,03,-,2, , , , , , , , , , , , , , , ,1, ,0,0
00,1023,5,11B212,17,40384,4,1,0,04,-,2, , , , , , , , , , , , , , , ,1, ,0,0
00,1023,5,11B212,17,40384,3,1,0,01,-,1,1,1,60,12/01/1963,1,04,2,2,5,01,7,2,2,1,005000,1, ,8109,0
00,1023,5,11B212,17,40384,1,1,0,02,-,2, , , , , , , , , , , , , , , ,1, ,0,0
00,1023,5,11B212,17,40384,4,1,0,02,-,1,2,2,48,18/10/1974,1,02,6,2,5,01,5,5,3,1,000350,1,1,8109,8166
00,1023,5,11B212,17,40384,3,1,0,02,-,1,2,2,57,23/03/1966,1,03,3,2,5,01,5,5,3,2,008000,1, ,8109,0
00,1023,5,11B212,17,40384,4,1,0,01,-,2, , , , , , , , , , , , , , , ,1, ,0,0
00,1023,5,11B212,17,40384,2,1,1,02,-,1,2,2,57,27/09/1966,1,03,3,2,1,01,5,5,3,2,003100,1,1,8109,16332
00,1023,5,11B212,17,40384,2,1,1,01,-,1,1,1,53,11/01/1970,1,03,3,2,1,01,7,3,3,1,001700,1, ,8109,0
00,1023,5,11B212,17,40384,2,1,1,03,-,1,3,1,14,27/10/2008,1,03,3,1,6,01,5,4,4,1,000400,1, ,8109,0
00,1023,5,11B212,17,40384,3,1,0,04,-,1,5,2,10,08/02/2013,1,02,2,1, , , , , , , ,1, ,8109,0
00,1023,1,11A226,17,40408,3,1,0,02,-,1,2,2,32,06/01/1991,1,07,3,2,1,01,1,2,3,1,003000,1,1,7662,15432
00,1023,1,11A226,17,40408,4,1,0,01,-,1,1,1,37,09/12/1985,1,02,6,2,5,01,7,3,3,1,002500,1, ,7662,0
00,1023,1,11A226,17,40408,2,1,0,02,-,1,2,2,49,09/03/1974,1,02,6,2,5,01,4,4,2,1,003000,1, ,7662,0
00,1023,1,11A226,17,40408,2,1,0,01,-,1,1,1,42,21/01/1981,1,02,3,1,5,09, , , , , ,1, ,7662,0
00,1023,1,11A226,17,40408,4,1,0,03,-,1,3,2,16,26/09/2007,1,03,3,1,6,06, , , , , ,1, ,7662,0
00,1023,1,11A226,17,40408,3,1,0,04,-,1,3,1,12,06/09/2011,1,02,6,1,6,06, , , , , ,1, ,7662,0
00,1023,1,11A226,17,40408,3,1,0,01,-,1,1,1,32,26/05/1991,1,07,3,2,1,01,3,2,3,1,003000,1, ,7662,0
00,1023,1,11A226,17,40408,2,1,0,03,-,1,3,2,22,22/09/2001,1,04,3,2,6,02,4,4,6,5, ,1, ,7662,0
00,1023,1,11A226,17,40408,4,1,0,02,-,1,2,2,34,21/02/1989,1,03,3,2,5,07, , , , , ,1,1,7662,15432
00,1023,1,11A226,17,40408,2,1,0,04,-,1,3,2,21,16/08/2002,1,04,3,2,6,02,4,4,6,5, ,1,1,7662,38581
00,1023,1,11A226,17,40408,1,1,0,01,-,1,1,1,73,16/08/1950,2,00, ,2,3,04, , , , , ,1,1,7662,7716
00,1023,1,11A226,17,40408,3,1,0,03,-,1,3,2,15,11/06/2008,1,03,3,1,6,06, , , , , ,1, ,7662,0
00,1023,1,11A226,17,40408,2,1,0,05,-,1,3,2,19,23/06/2004,1,04,3,2,6,01,3,5,3,3,006300,1, ,7662,0
00,1023,1,11A226,17,40408,4,1,0,04,-,1,3,2,12,11/08/2011,1,02,6,1,6,06, , , , , ,1, ,7662,0
00,1023,1,11A226,17,40408,4,1,0,05,-,1,3,2,03,19/01/2020, , , , , , , , , , , ,1, ,7662,0
00,1023,5,11B212,17,40420,1,1,0,03,-,1,3,2,18,20/07/2005,1,04,2,1,6,06, , , , , ,1, ,5411,0
00,1023,5,11B212,17,40420,2,1,0,04,-,1,5,1,04,21/06/2019, , , , , , , , , , , ,1, ,5411,0
00,1023,5,11B212,17,40420,2,1,0,03,-,1,5,2,05,24/11/2017,2,01,2,1, , , , , , , ,1, ,5411,0
00,1023,5,11B212,17,40420,2,1,0,02,-,1,3,2,29,06/05/1994,1,03,3,2,2,01,5,5,3,1,001400,1,1,5411,10897
00,1023,5,11B212,17,40420,1,1,0,01,-,1,1,1,51,25/12/1971,1,03,3,2,5,01,5,5,3,1,999999,1, ,5411,0
00,1023,5,11B212,17,40420,2,1,0,01,-,1,1,2,65,03/09/1958,1,02,6,2,4,07, , , , , ,1, ,5411,0
00,1023,5,11B212,17,40420,1,1,0,02,-,1,2,2,52,16/08/1971,1,03,2,2,5,01,7,2,3,1,999999,1,1,5411,16346
00,1023,5,11B212,17,40420,1,1,0,04,-,2, , , , , , , , , , , , , , , ,1, ,0,0
00,1023,3,13A224,18,40056,3,1,0,01,-,1,1,1,32,15/03/1991,1,06,5,2,5,01,1,5,3,2,015000,1,1,7600,15462
00,1023,3,13A224,18,40056,1,1,0,01,-,1,1,1,49,29/09/1974,1,07,4,2,5,01,3,7,3,2,015000,1, ,7600,0
00,1023,3,13A224,18,40056,1,1,0,02,-,1,2,2,50,09/06/1973,1,07,4,2,5,07, , , , , ,1,1,7600,38654
00,1023,3,13A224,18,40056,3,1,0,02,-,1,2,2,28,05/09/1995,1,08,2,2,5,03,1,5,3,2,015000,1, ,7600,0
00,1023,3,13A224,18,40056,1,1,0,04,-,1,3,1,23,19/09/2000,1,04,3,2,6,01,3,7,3,2,005500,1, ,7600,0
00,1023,3,13A224,18,40056,1,1,0,05,-,1,3,2,18,04/05/2005,1,04,3,2,6,07, , , , , ,1, ,7600,0
00,1023,3,13A224,18,40056,4,1,0,01,-,1,1,2,73,10/10/1949,1,04,3,2,4,07, , , , , ,1,1,7600,15462
00,1023,3,13A224,18,40056,2,1,0,03,-,1,3,2,31,01/03/1992,1,07,4,2,6,01,1,5,3,2,005000,1, ,7600,0
00,1023,3,13A224,18,40056,2,1,0,02,-,1,3,1,34,09/08/1989,1,07,5,2,6,01,2,5,3,2,007500,1, ,7600,0
00,1023,3,13A224,18,40056,2,1,0,01,-,1,1,2,61,14/03/1962,1,07,5,2,4,01,1,5,1,2,009000,1,1,7600,23192
00,1023,3,13A224,18,40056,4,1,0,02,-,1,3,2,53,19/03/1970,1,09,2,2,6,01,1,5,3,2,999999,1, ,7600,0
00,1023,3,13A224,18,40056,1,1,0,03,-,1,3,1,25,12/06/1998,1,07,5,1,6,01,3,7,3,2,005000,1, ,7600,0
00,1023,3,11A224,18,40086,4,1,0,02,-,1,2,2,44,07/08/1979,1,08,3,2,5,01,1,5,3,2,006500,1, ,8088,0
00,1023,3,11A224,18,40086,3,1,0,01,-,1,1,2,50,15/01/1973,1,04,3,2,5,01,3,5,3,2,005000,1, ,8088,0
00,1023,3,11A224,18,40086,4,1,0,04,-,1,3,2,06,05/11/2016,1,02,1,1, , , , , , , ,1, ,8088,0
00,1023,3,11A224,18,40086,3,1,0,02,-,1,3,2,30,30/09/1993,1,06,5,2,6,01,1,5,3,2,006000,1,1,8088,24433
00,1023,3,11A224,18,40086,4,1,0,01,-,1,1,1,52,24/03/1971,1,08,3,2,5,01,1,5,3,2,012500,1,1,8088,16289
00,1023,3,11A224,18,40086,1,1,0,04,-,1,3,2,13,15/01/2010,1,03,1,1,6,06, , , , , ,1, ,8088,0
00,1023,3,11A224,18,40086,1,1,0,02,-,1,2,2,52,25/08/1971,1,04,3,2,5,07, , , , , ,1, ,8088,0
00,1023,3,11A224,18,40086,4,1,0,03,-,1,3,1,09,26/07/2014,1,02,3,1, , , , , , , ,1, ,8088,0
00,1023,3,11A224,18,40086,2,1,0,02,-,1,5,2,21,31/01/2002,1,07,1,1,6,06, , , , , ,1,1,8088,16289
00,1023,3,11A224,18,40086,3,1,0,03,-,1,3,2,26,04/07/1997,1,07,5,2,6,01,1,5,3,2,006000,1, ,8088,0
00,1023,3,11A224,18,40086,1,1,0,03,-,1,3,2,27,01/04/1996,1,09,2,2,6,01,1,5,3,2,003500,1, ,8088,0
00,1023,3,11A224,18,40086,1,1,0,01,-,1,1,1,52,04/03/1971,1,09,2,2,5,01,1,5,3,2,002500,1,1,8088,24433
00,1023,3,11A224,18,40086,2,1,0,01,-,1,1,2,65,06/07/1958,1,07,5,2,6,08, , , , , ,1, ,8088,0
00,1023,4,11A218,18,40129,4,1,0,02,-,2, , , , , , , , , , , , , , , ,1, ,0,0
00,1023,7,11A218,18,40129,2,1,0,01,-,1,1,1,57,29/11/1965,1,02,6,2,5,08, , , , , ,1,1,7267,29274
00,1023,7,11A218,18,40129,4,1,0,01,-,1,1,2,81,26/07/1942,1,02,3,2,4,08, , , , , ,1, ,7267,0
00,1023,7,11A218,18,40129,4,1,0,03,-,1,3,1,40,20/06/1983,2,00, ,2,6,09, , , , , ,1, ,7267,0
00,1023,7,11A218,18,40129,3,1,0,02,-,1,2,2,64,24/02/1959,1,04,3,2,5,07, , , , , ,1, ,7267,0
00,1023,7,11A218,18,40129,1,1,0,04,-,1,3,1,30,28/09/1993,1,07,5,2,6,01,1,5,3,2,010000,1,1,7267,7318
00,1023,7,11A218,18,40129,3,1,0,03,-,1,3,2,26,05/10/1997,1,02,6,2,6,09, , , , , ,1, ,7267,0
00,1023,7,11A218,18,40129,4,1,0,04,-,1,5,2,36,07/10/1987,1,07,5,2,6,01,7,2,3,1,001500,1,1,7267,29274
00,1023,7,11A218,18,40129,4,1,0,05,-,1,3,1,44,04/12/1978,1,03,3,2,6,01,4,4,2,4,250000,1, ,7267,0
00,1023,7,11A218,18,40129,2,1,0,03,-,1,3,1,29,19/07/1994,1,07,5,2,6,04, , , , , ,1, ,7267,0
00,1023,7,11A218,18,40129,2,1,0,02,-,1,2,2,53,11/04/1970,1,04,3,2,5,07, , , , , ,1, ,7267,0
00,1023,7,11A218,18,40129,2,1,0,04,-,1,3,2,26,26/09/1997,1,07,5,2,3,04, , , , , ,1, ,7267,0
00,1023,2,11A218,18,40129,1,1,0,01,-,2, , , , , , , , , , , , , , , ,1, ,0,0
00,1023,2,11A218,18,40129,1,1,0,03,-,2, , , , , , , , , , , , , , , ,1, ,0,0
00,1023,2,11A218,18,40129,1,1,0,05,-,2, , , , , , , , , , , , , , , ,1, ,0,0
00,1023,7,11A218,18,40129,3,1,0,01,-,1,1,1,64,10/04/1959,1,07,5,2,5,01,1,5,3,2,999999,1, ,7267,0
00,1023,7,11A218,18,40129,3,1,0,04,-,1,3,2,21,27/04/2002,1,07,2,1,6,02,1,5,6,5, ,1,1,7267,29274
00,1023,2,11A218,18,40129,1,1,0,02,-,2, , , , , , , , , , , , , , , ,1, ,0,0
00,1023,4,12A223,18,40180,3,1,0,01,-,1,1,1,47,13/03/1976,1,08,2,2,2,01,1,5,3,2,009000,1,1,12000,12154
00,1023,4,12A223,18,40180,3,1,0,03,-,1,3,1,13,07/07/2010,1,02,6,1,6,06, , , , , ,1, ,12000,0
00,1023,4,12A223,18,40180,2,1,1,01,-,1,1,1,20,10/09/2003,1,04,3,2,6,04, , , , , ,1,1,12000,12154
00,1023,4,12A223,18,40180,4,1,0,02,-,1,3,1,13,30/04/2010,1,03,2,1,6,06, , , , , ,1, ,12000,0
00,1023,4,12A223,18,40180,1,1,0,03,-,1,5,2,10,08/09/2013,1,02,3,1, , , , , , , ,1, ,12000,0
00,1023,4,12A223,18,40180,4,1,0,03,-,1,3,1,14,12/04/2009,1,03,3,1,6,06, , , , , ,1, ,12000,0
00,1023,4,12A223,18,40180,1,1,0,02,-,1,3,1,24,26/11/1998,1,04,3,2,6,04, , , , , ,1, ,12000,0
00,1023,4,12A223,18,40180,3,1,0,02,-,1,3,1,17,04/11/2005,1,04,3,1,6,06, , , , , ,1, ,12000,0
00,1023,4,12A223,18,40180,1,1,0,01,-,1,1,2,56,20/03/1967,1,02,6,2,6,01,4,5,2,1,001200,1,1,12000,24308
00,1023,4,12A223,18,40180,4,1,0,01,-,1,1,2,47,23/10/1975,1,06,5,1,5,01,1,5,3,2,008000,1,1,12000,12154
00,1023,6,12B211,18,40253,1,1,0,06,-,1,8,1,77,15/05/1946,1,04,3,2,6,08, , , , , ,1, ,5755,0
00,1023,6,12B211,18,40253,2,1,0,01,-,1,1,2,21,07/05/2002,1,04,3,1,1,01,4,4,3,1,002200,1,1,5755,5829
00,1023,5,12B211,18,40253,2,1,0,02,-,2, , , , , , , , , , , , , , , ,1, ,0,0
00,1023,6,12B211,18,40253,4,1,0,01,-,1,1,1,73,27/06/1950,1,09,2,2,5,01,1,5,2,1,030000,1,1,5755,11658
00,1023,6,12B211,18,40253,1,1,0,01,-,1,1,1,49,09/01/1974,1,07,5,2,5,01,1,5,3,2,999999,1, ,5755,0
00,1023,6,12B211,18,40253,1,1,0,05,-,1,3,2,17,12/09/2006,1,03,3,1,6,06, , , , , ,1, ,5755,0
00,1023,6,12B211,18,40253,3,1,0,01,-,1,1,2,83,15/06/1940,2,00, ,2,4,08, , , , , ,1,1,5755,5829
00,1023,6,12B211,18,40253,1,1,0,04,-,1,3,1,21,11/04/2002,1,07,1,1,6,06, , , , , ,1, ,5755,0
00,1023,6,12B211,18,40253,1,1,0,03,-,1,3,2,27,01/08/1996,1,07,5,2,6,01,3,7,3,2,999999,1, ,5755,0
00,1023,6,12B211,18,40253,1,1,0,02,-,1,2,2,49,31/05/1974,1,04,3,2,5,01,1,5,3,2,003400,1,1,5755,29146
00,1023,6,12B211,18,40253,4,1,0,02,-,1,2,2,60,16/03/1963,1,07,5,2,5,08, , , , , ,1, ,5755,0
00,1023,2,12A225,18,40279,2,1,0,01,-,1,1,1,27,09/08/1996,1,07,4,2,5,01,1,5,3,2,003500,1, ,7676,0
00,1023,2,12A225,18,40279,4,1,0,01,-,1,1,1,35,22/03/1988,1,08,2,2,1,01,1,4,3,2,015000,1, ,7676,0
00,1023,2,12A225,18,40279,3,1,0,01,-,1,1,1,73,06/03/1950,1,04,2,2,4,07, , , , , ,1,1,7676,7775
00,1023,2,12A225,18,40279,2,1,0,03,-,1,3,2,05,18/04/2018,2,01,2,1, , , , , , , ,1, ,7676,0
00,1023,2,12A225,18,40279,1,1,0,01,-,1,1,2,38,17/06/1985,1,07,5,2,6,01,1,5,3,2,004000,1,1,7676,7775
00,1023,2,12A225,18,40279,1,1,0,02,-,1,3,2,06,21/05/2017,2,01,3,1, , , , , , , ,1, ,7676,0
00,1023,2,12A225,18,40279,4,1,0,02,-,1,2,1,30,28/01/1993,1,07,4,2,1,07, , , , , ,1,1,7676,15549
00,1023,2,12A225,18,40279,2,1,0,02,-,1,2,2,24,12/02/1999,1,04,3,2,5,07, , , , , ,1,1,7676,15549
00,1023,5,12B212,18,40319,2,1,0,03,-,1,3,2,43,12/05/1980,1,07,5,2,6,01,4,4,3,1,001500,1,1,7353,29790
00,1023,5,12B212,18,40319,1,1,0,03,-,1,3,2,37,10/10/1985,2,00, ,2,6,09, , , , , ,1, ,7353,0
00,1023,5,12B212,18,40319,1,1,0,02,-,1,2,2,61,13/11/1961,1,02,6,2,5,07, , , , , ,1, ,7353,0
00,1023,5,12B212,18,40319,1,1,0,05,-,1,3,2,32,08/01/1991,1,07,5,2,6,01,1,5,9,2,999999,1,1,7353,37238
00,1023,5,12B212,18,40319,1,1,0,01,-,1,1,1,62,15/08/1961,1,04,3,2,5,01,4,4,2,1,002000,1, ,7353,0
00,1023,5,12B212,18,40319,1,1,0,04,-,1,3,2,35,24/11/1987,1,06,3,2,6,01,1,5,3,2,006000,1, ,7353,0
00,1023,5,12B212,18,40319,4,1,1,02,-,1,2,2,33,04/12/1989,1,04,3,2,5,01,5,5,3,1,000750,1, ,7353,0
00,1023,5,12B212,18,40319,2,1,0,05,-,1,5,1,03,23/06/2020, , , , , , , , , , , ,1, ,7353,0
00,1023,5,12B212,18,40319,2,1,0,02,-,1,2,2,75,04/01/1948,1,02,6,2,5,07, , , , , ,1, ,7353,0
00,1023,5,12B212,18,40319,3,1,0,02,-,1,2,2,67,25/04/1956,1,03,1,2,5,01,5,5,3,1,000500,1,1,7353,22343
00,1023,2,12B212,18,40319,3,1,0,01,-,2, , , , , , , , , , , , , , , ,1, ,0,0
00,1023,5,12B212,18,40319,4,1,1,03,-,1,3,2,05,14/04/2018,2,01,3,1, , , , , , , ,1, ,7353,0
00,1023,5,12B212,18,40319,3,1,0,05,-,1,5,2,19,30/03/2004,1,03,3,2,6,01,5,5,3,1,000300,1, ,7353,0
00,1023,5,12B212,18,40319,3,1,0,03,-,1,3,2,31,13/05/1992,1,04,1,2,6,01,3,4,3,2,004500,1, ,7353,0
00,1023,5,12B212,18,40319,1,1,0,06,-,1,5,1,07,12/04/2016,2,01,3,1, , , , , , , ,1, ,7353,0
00,1023,5,12B212,18,40319,3,1,0,04,-,1,3,2,13,13/09/2010,1,03,1,1,6,06, , , , , ,1, ,7353,0
00,1023,5,12B212,18,40319,2,1,0,01,-,1,1,1,77,05/12/1945,1,02,6,2,5,08, , , , , ,1, ,7353,0
00,1023,5,12B212,18,40319,4,1,1,01,-,1,1,1,29,24/01/1994,1,03,3,2,5,01,5,5,4,1,002500,1,1,7353,14895
00,1023,5,12B212,18,40319,2,1,0,04,-,1,3,1,33,06/05/1990,1,04,3,9,3,01,5,5,3,2,004500,1, ,7353,0
00,1023,4,11A223,18,40342,2,1,0,01,-,1,1,2,22,09/03/2001,1,03,3,2,6,01,4,4,3,1,001500,1,1,6462,6508
00,1023,4,11A223,18,40342,3,1,0,01,-,1,1,1,47,10/08/1976,1,02,6,2,5,01,5,3,2,1,001500,1, ,6462,0
00,1023,4,11A223,18,40342,3,1,0,03,-,1,8,1,53,09/02/1970,1,03,2,2,6,07, , , , , ,1, ,6462,0
00,1023,4,11A223,18,40342,4,1,0,02,-,1,2,2,70,22/03/1953,1,06,3,2,5,08, , , , , ,1, ,6462,0
00,1023,4,11A223,18,40342,2,1,0,02,-,1,6,1,11,11/10/2011,1,02,5,1, , , , , , , ,1, ,6462,0
00,1023,4,11A223,18,40342,4,1,0,01,-,1,1,1,68,02/02/1955,1,07,5,2,5,08, , , , , ,1,1,6462,13016
00,1023,4,11A223,18,40342,3,1,0,02,-,1,2,2,48,16/04/1975,1,03,3,2,5,01,4,4,2,1,000300,1,1,6462,19523
00,1023,4,11A223,18,40342,2,1,0,03,-,1,6,1,10,14/05/2013,1,02,3,1, , , , , , , ,1, ,6462,0
00,1023,4,11A223,18,40342,3,1,0,04,-,1,3,2,10,15/01/2013,1,02,4,1, , , , , , , ,1, ,6462,0
00,1023,4,11A223,18,40342,1,1,0,01,-,1,1,1,40,25/06/1983,1,07,5,2,3,01,2,7,3,2,016000,1,1,6462,6508
00,1023,1,12A226,18,40376,4,1,0,02,-,1,2,2,29,22/09/1994,1,07,4,2,1,01,5,5,3,1,001000,1, ,7419,0
00,1023,1,12A226,18,40376,2,1,0,01,-,1,1,2,41,09/06/1982,1,03,3,2,2,01,5,5,3,1,001200,1,1,7419,7514
00,1023,1,12A226,18,40376,2,1,0,03,-,1,3,2,05,07/03/2018,2,01,2,1, , , , , , , ,1, ,7419,0
00,1023,1,12A226,18,40376,4,1,0,01,-,1,1,1,29,05/01/1994,1,07,5,2,1,01,1,5,3,2,999999,1,1,7419,15029
00,1023,1,12A226,18,40376,2,1,0,02,-,1,3,2,16,30/12/2006,1,04,2,1,6,06, , , , , ,1, ,7419,0
00,1023,1,12A226,18,40376,4,1,0,03,-,1,3,2,09,31/12/2013,1,02,4,1, , , , , , , ,1, ,7419,0
00,1023,7,11A218,18,40381,2,1,1,03,-,1,3,1,13,03/10/2010,1,03,1,1,6,06, , , , , ,1, ,15719,0
00,1023,7,11A218,18,40381,4,1,0,02,-,1,2,2,60,23/05/1963,1,02,6,2,5,07, , , , , ,1, ,15719,0
00,1023,7,11A218,18,40381,2,1,1,01,-,1,1,1,52,15/04/1971,2,00, ,2,1,01,5,3,3,1,002500,1, ,15719,0
00,1023,7,11A218,18,40381,3,1,0,01,-,1,1,1,58,25/02/1965,1,07,5,2,5,08, , , , , ,1, ,15719,0
00,1023,7,11A218,18,40381,3,1,0,02,-,1,2,2,46,06/01/1977,1,07,4,2,5,01,2,7,3,2,018000,1,1,15719,31659
00,1023,7,11A218,18,40381,1,1,0,02,-,1,2,2,57,02/06/1966,1,02,2,2,5,01,5,5,3,1,001500,1, ,15719,0
00,1023,7,11A218,18,40381,2,1,1,02,-,1,2,2,43,03/10/1980,1,03,3,2,1,07, , , , , ,1,1,15719,31659
00,1023,7,11A218,18,40381,4,1,0,01,-,1,1,1,70,01/09/1953,1,03,3,2,5,01,4,4,3,1,001500,1,1,15719,47488
00,1023,7,11A218,18,40381,4,1,0,03,-,1,3,1,38,13/01/1985,1,03,3,2,2,01,5,4,3,1,001500,1, ,15719,0
00,1023,7,11A218,18,40381,2,1,1,05,-,1,3,1,05,05/05/2018,2,01,1,1, , , , , , , ,1, ,15719,0
00,1023,7,11A218,18,40381,2,1,1,04,-,1,3,1,11,11/10/2011,1,02,6,1, , , , , , , ,1, ,15719,0
00,1023,7,11A218,18,40381,1,1,0,01,-,1,1,1,65,15/07/1958,1,02,6,2,5,08, , , , , ,1,1,15719,31659
00,1023,8,11A217,18,40410,3,1,0,05,-,1,3,1,01,24/08/2022, , , , , , , , , , , ,1, ,8622,0
00,1023,8,11A217,18,40410,2,1,0,03,-,1,3,2,05,09/09/2018,1,01,3,1, , , , , , , ,1, ,8622,0
00,1023,8,11A217,18,40410,3,1,0,02,-,1,2,2,37,22/04/1986,1,09,2,2,5,01,1,5,3,2,011000,1,1,8622,17364
00,1023,8,11A217,18,40410,2,1,0,01,-,1,1,1,38,05/01/1985,1,04,3,2,1,01,4,4,2,2,010000,1,1,8622,17364
00,1023,8,11A217,18,40410,3,1,0,04,-,1,3,1,03,14/09/2020, , , , , , , , , , , ,1, ,8622,0
00,1023,8,11A217,18,40410,2,1,0,02,-,1,2,2,32,11/08/1991,1,04,3,2,1,01,5,5,2,2,010000,1, ,8622,0
00,1023,8,11A217,18,40410,1,1,0,02,-,1,2,2,71,19/01/1952,1,02,6,2,5,07, , , , , ,1,1,8622,17364
00,1023,8,11A217,18,40410,3,1,0,01,-,1,1,1,39,12/08/1984,1,09,2,2,5,01,1,5,3,2,007000,1, ,8622,0
00,1023,8,11A217,18,40410,1,1,0,01,-,1,1,1,71,05/01/1952,1,02,6,2,5,04, , , , , ,1, ,8622,0
00,1023,8,11A217,18,40410,2,1,0,04,-,1,3,1,06,07/07/2017,2,01,1,1, , , , , , , ,1, ,8622,0
00,1023,8,11A217,18,40410,3,1,0,03,-,1,3,2,03,14/09/2020, , , , , , , , , , , ,1, ,8622,0
00,1023,8,13A217,18,40411,2,1,0,01,-,1,1,1,64,15/05/1959,2,00, ,2,5,01,5,5,4,1,001000,1, ,9350,0
00,1023,8,13A217,18,40411,4,1,0,01,-,1,1,1,43,20/01/1980,1,03,3,2,1,01,5,4,3,1,002500,1, ,9350,0
00,1023,8,13A217,18,40411,4,1,0,03,-,1,3,2,07,15/06/2016,2,01,2,2, , , , , , , ,1, ,9350,0
00,1023,8,13A217,18,40411,4,1,0,02,-,1,2,2,33,21/05/1990,1,02,6,2,1,07, , , , , ,1,1,9350,19023
00,1023,8,13A217,18,40411,4,1,0,04,-,1,3,2,02,26/05/2021, , , , , , , , , , , ,1, ,9350,0
00,1023,8,13A217,18,40411,2,1,0,02,-,1,2,2,67,27/06/1956,1,02,6,2,5,07, , , , , ,1,1,9350,19023
00,1023,3,11A224,19,40033,2,1,0,02,-,1,2,2,16,30/11/2006,1,03,3,2,1,07, , , , , ,1, ,13594,0
00,1023,3,11A224,19,40033,3,1,0,02,-,3,3,1,20,06/09/2003,1,03,2,2,6,04, , , , , ,1, ,13594,0
00,1023,3,11A224,19,40033,1,1,2,01,-,1,1,2,56,08/07/1967,1,02,6,2,2,01,5,6,3,1,001500,1,1,13594,13689
00,1023,3,11A224,19,40033,3,1,0,01,-,1,1,1,55,08/05/1968,2,02,2,2,2,04, , , , , ,1,1,13594,27379
00,1023,3,11A224,19,40033,2,1,0,01,-,1,1,1,20,04/04/2003,1,04,1,2,1,01,7,2,2,1,001800,1,1,13594,13689
00,1023,3,12A224,19,40034,1,1,0,04,-,1,3,1,19,17/07/2004,1,04,2,1,6,01,4,4,3,1,999999,1, ,7762,0
00,1023,3,12A224,19,40034,1,1,0,01,-,1,1,1,60,30/06/1963,1,07,5,2,5,01,7,4,3,1,999999,1, ,7762,0
00,1023,3,12A224,19,40034,1,1,0,03,-,1,3,1,23,23/03/2000,1,07,5,1,6,01,1,7,3,2,004000,1,1,7762,31445
00,1023,3,12A224,19,40034,2,1,0,02,-,1,2,2,61,25/04/1962,1,06,2,2,5,08, , , , , ,1,1,7762,15723
00,1023,3,12A224,19,40034,4,1,0,01,-,1,1,1,74,15/11/1948,1,03,3,2,5,10, , , , , ,1,1,7762,15723
00,1023,3,12A224,19,40034,2,1,0,01,-,1,1,1,64,02/04/1959,1,07,6,2,5,08, , , , , ,1, ,7762,0
00,1023,3,12A224,19,40034,4,1,0,02,-,1,2,2,72,14/11/1950,1,04,2,2,5,08, , , , , ,1, ,7762,0
00,1023,3,12A224,19,40034,1,1,0,02,-,1,2,2,49,30/06/1974,1,04,2,1,5,07, , , , , ,1, ,7762,0
00,1023,3,12A224,19,40034,4,1,0,03,-,2, , , , , , , , , , , , , , , ,1, ,0,0
00,1023,3,13A224,19,40035,1,1,0,01,-,1,1,1,48,03/01/1975,1,03,3,2,5,01,5,2,3,1,999999,1,1,8374,25556
00,1023,3,13A224,19,40035,4,1,0,02,-,1,2,2,49,22/03/1974,1,06,2,2,5,07, , , , , ,1, ,8374,0
00,1023,3,13A224,19,40035,4,1,0,04,-,1,3,2,14,24/05/2009,1,03,2,1,6,06, , , , , ,1, ,8374,0
00,1023,3,13A224,19,40035,3,1,0,03,-,1,5,1,27,24/06/1996,1,03,3,2,1,01,7,2,3,1,002500,1, ,8374,0
00,1023,3,13A224,19,40035,3,1,0,05,-,1,5,1,08,08/09/2015,1,02,2,1, , , , , , , ,1, ,8374,0
00,1023,3,13A224,19,40035,3,1,0,01,-,1,1,1,56,10/12/1966,1,02,4,2,1,01,7,4,3,1,999999,1, ,8374,0
00,1023,3,13A224,19,40035,3,1,0,04,-,1,3,2,28,03/09/1995,1,04,2,2,1,01,4,5,2,1,001500,1,1,8374,34074
00,1023,3,13A224,19,40035,2,1,0,03,-,1,3,2,15,27/03/2008,1,03,3,2,6,07, , , , , ,1, ,8374,0
00,1023,3,13A224,19,40035,4,1,0,01,-,1,1,1,50,23/06/1973,1,06,2,2,5,01,7,2,3,2,999999,1, ,8374,0
00,1023,3,13A224,19,40035,3,1,0,06,-,1,5,1,06,28/07/2017,2,01,3,1, , , , , , , ,1, ,8374,0
00,1023,3,13A224,19,40035,1,1,0,02,-,1,2,2,45,25/11/1977,1,04,2,2,5,01,3,2,3,1,999999,1, ,8374,0
00,1023,3,13A224,19,40035,4,1,0,03,-,1,3,2,21,26/10/2001,1,04,3,2,6,01,3,4,3,1,003000,1,1,8374,25556
00,1023,3,13A224,19,40035,2,1,0,02,-,1,2,2,52,03/01/1971,1,03,3,2,5,07, , , , , ,1, ,8374,0
00,1023,3,13A224,19,40035,2,1,0,01,-,1,1,1,50,20/05/1973,1,03,3,2,5,01,7,2,3,1,002000,1,1,8374,17037
00,1023,3,13A224,19,40035,3,1,0,02,-,1,2,2,58,23/09/1965,1,06,3,2,1,01,7,2,3,1,003500,1, ,8374,0
00,1023,3,13A224,19,40035,3,1,0,07,-,1,5,1,03,25/09/2020, , , , , , , , , , , ,1, ,8374,0
00,1023,3,13A224,19,40035,1,1,0,03,-,1,3,2,15,05/10/2008,1,03,3,1,6,06, , , , , ,1, ,8374,0
00,1023,3,13A224,19,40035,1,1,0,04,-,1,3,2,18,30/03/2005,1,04,1,2,6,01,3,2,3,1,002500,1, ,8374,0
00,1023,3,13A224,19,40035,1,1,0,05,-,1,5,1,02,16/02/2021, , , , , , , , , , , ,1, ,8374,0
00,1023,7,12A218,19,40041,1,1,0,01,-,1,1,2,57,10/01/1966,1,06,2,2,5,01,4,4,3,1,002500,1,1,8117,16443
00,1023,7,12A218,19,40041,2,1,0,01,-,1,1,1,51,16/10/1971,1,02,6,2,6,01,7,5,3,1,002500,1, ,8117,0
00,1023,7,12A218,19,40041,3,1,0,02,-,1,3,1,32,01/08/1991,1,07,6,2,6,01,1,5,3,2,999999,1, ,8117,0
00,1023,7,12A218,19,40041,2,1,0,02,-,1,2,2,36,24/11/1986,1,07,4,2,6,01,4,4,3,2,005000,1,1,8117,16443
00,1023,7,12A218,19,40041,1,1,0,02,-,1,2,1,57,29/12/1965,1,06,3,2,1,08, , , , , ,1, ,8117,0
00,1023,7,12A218,19,40041,4,1,0,01,-,1,1,1,50,07/10/1973,1,03,3,2,5,01,3,3,3,1,999999,1,1,8117,24664
00,1023,7,12A218,19,40041,3,1,0,03,-,1,3,1,26,21/09/1997,1,07,5,2,6,01,4,4,3,2,005000,1,1,8117,24664
00,1023,7,12A218,19,40041,4,1,0,02,-,1,2,2,48,12/12/1974,1,03,3,2,5,07, , , , , ,1, ,8117,0
00,1023,7,12A218,19,40041,3,1,0,01,-,1,1,2,57,20/03/1966,1,06,1,2,5,01,4,4,3,1,999999,1, ,8117,0
00,1023,7,12A218,19,40041,4,1,0,03,-,1,3,2,28,14/06/1995,1,03,3,1,6,01,5,5,3,1,999999,1, ,8117,0
00,1023,7,13A218,19,40043,4,1,0,02,-,1,2,2,71,12/09/1952,1,06,3,2,5,08, , , , , ,1,1,10813,21999
00,1023,7,13A218,19,40043,1,1,0,03,-,1,3,2,11,07/11/2011,1,02,4,1, , , , , , , ,1, ,10813,0
00,1023,7,13A218,19,40043,1,1,0,01,-,1,1,1,43,23/10/1979,1,07,3,2,5,01,3,5,3,2,999999,1,1,10813,21999
00,1023,5,13A218,19,40043,2,1,0,02,-,2, , , , , , , , , , , , , , , ,1, ,0,0
00,1023,7,13A218,19,40043,2,1,0,01,-,1,1,1,31,14/08/1992,1,07,5,2,6,01,1,5,3,3,015000,1,1,10813,11000
00,1023,7,13A218,19,40043,1,1,0,05,-,1,3,1,05,24/11/2017,1,00, ,1, , , , , , , ,1, ,10813,0
00,1023,7,13A218,19,40043,4,1,0,01,-,1,1,1,72,05/08/1951,1,04,2,2,5,08, , , , , ,1, ,10813,0
00,1023,7,13A218,19,40043,1,1,0,04,-,1,3,1,07,25/11/2015,1,01,3,1, , , , , , , ,1, ,10813,0
00,1023,5,13A218,19,40043,2,1,0,03,-,2, , , , , , , , , , , , , , , ,1, ,0,0
00,1023,7,13A218,19,40043,1,1,0,02,-,1,2,2,42,23/01/1981,1,07,2,2,5,07, , , , , ,1, ,10813,0
00,1023,7,13A218,19,40043,3,1,0,05,-,1,3,1,24,02/07/1999,1,07,5,2,6,01,1,6,3,2,999999,1, ,10813,0
00,1023,7,13A218,19,40043,3,1,0,04,-,1,3,1,25,06/04/1998,1,07,5,2,6,01,4,4,2,1,999999,1, ,10813,0
00,1023,7,13A218,19,40043,3,1,0,01,-,1,1,1,49,06/04/1974,1,07,5,2,5,01,4,4,2,1,999999,1, ,10813,0
00,1023,7,13A218,19,40043,3,1,0,03,-,1,3,1,21,04/01/2002,1,07,2,1,6,06, , , , , ,1, ,10813,0
00,1023,7,13A218,19,40043,3,1,0,02,-,1,2,2,47,03/07/1976,1,06,1,2,5,01,5,5,2,1,999999,1,1,10813,54998
00,1023,7,11A218,19,40045,4,1,0,05,-,2, , , , , , , , , , , , , , , ,1, ,0,0
00,1023,7,11A218,19,40045,1,1,0,01,-,1,1,1,49,25/09/1974,1,07,5,2,4,01,3,5,3,2,015000,1,1,11468,23097
00,1023,7,11A218,19,40045,1,1,0,02,-,1,3,2,19,28/03/2004,1,04,3,2,6,01,1,5,3,2,003600,1, ,11468,0
00,1023,7,11A218,19,40045,2,1,0,01,-,1,1,1,36,30/11/1986,1,02,6,2,5,01,5,3,3,2,999999,1,1,11468,23097
00,1023,2,11A218,19,40045,4,1,0,03,-,2, , , , , , , , , , , , , , , ,1, ,0,0
00,1023,7,11A218,19,40045,4,1,0,01,-,1,1,1,39,27/01/1984,1,02,6,2,5,01,4,4,3,1,002500,1, ,11468,0
00,1023,7,11A218,19,40045,2,1,0,03,-,1,3,1,00,06/11/2022, , , , , , , , , , , ,1, ,11468,0
00,1023,6,11A218,19,40045,4,1,0,06,-,2, , , , , , , , , , , , , , , ,1, ,0,0
00,1023,7,11A218,19,40045,2,1,0,02,-,1,2,2,34,16/11/1988,1,03,2,2,5,07, , , , , ,1, ,11468,0
00,1023,7,11A218,19,40045,4,1,0,02,-,1,2,2,38,04/01/1985,1,04,3,2,5,01,4,4,3,1,001800,1,1,11468,23097
00,1023,7,11A218,19,40045,4,1,0,07,-,2, , , , , , , , , , , , , , , ,1, ,0,0
00,1023,7,11A218,19,40045,4,1,0,08,-,2, , , , , , , , , , , , , , , ,1, ,0,0
00,1023,7,11A218,19,40045,3,1,0,02,-,1,2,2,39,08/11/1983,1,06,3,2,1,01,3,5,3,1,002800,1,1,11468,23097
00,1023,7,11A218,19,40045,3,1,0,01,-,1,1,1,43,05/11/1979,1,06,2,2,1,01,5,5,2,1,002500,1, ,11468,0
00,1023,2,11A218,19,40045,4,1,0,04,-,2, , , , , , , , , , , , , , , ,1, ,0,0
00,1023,7,11A218,19,40085,2,1,0,01,-,1,1,2,60,11/03/1963,1,03,3,2,4,07, , , , , ,1,1,6876,13849
00,1023,7,11A218,19,40085,2,1,0,02,-,1,3,1,38,26/02/1985,1,03,3,2,2,01,5,2,3,1,999999,1, ,6876,0
00,1023,7,11A218,19,40085,4,1,0,01,-,1,1,1,33,24/10/1989,1,04,1,2,1,01,5,2,3,1,003000,1,1,6876,6925
00,1023,7,11A218,19,40085,1,1,0,02,-,1,2,2,69,26/07/1954,1,02,2,2,1,07, , , , , ,1,1,6876,20774
00,1023,7,11A218,19,40085,3,1,0,01,-,1,1,1,68,29/12/1954,1,03,3,2,5,08, , , , , ,1,1,6876,20774
00,1023,7,11A218,19,40085,1,1,0,01,-,1,1,1,77,31/10/1945,1,02,2,2,1,01,5,5,2,1,999999,1, ,6876,0
00,1023,7,11A218,19,40085,3,1,0,03,-,1,3,1,33,29/05/1990,1,07,4,2,6,01,4,4,3,2,999999,1, ,6876,0
00,1023,6,11A218,19,40085,4,1,0,02,-,2, , , , , , , , , , , , , , , ,1, ,0,0
00,1023,6,11A218,19,40085,4,1,0,03,-,2, , , , , , , , , , , , , , , ,1, ,0,0
00,1023,7,11A218,19,40085,1,1,0,03,-,1,3,2,47,19/05/1976,1,03,3,2,6,01,4,4,3,1,999999,1, ,6876,0
00,1023,6,11A218,19,40085,4,1,0,04,-,2, , , , , , , , , , , , , , , ,1, ,0,0
00,1023,7,11A218,19,40085,3,1,0,02,-,1,2,2,67,24/08/1956,1,02,3,2,5,07, , , , , ,1, ,6876,0
00,1023,7,12A218,19,40093,3,1,0,03,-,1,3,1,14,19/06/2009,1,03,1,1,6,06, , , , , ,1, ,8771,0
00,1023,7,12A218,19,40093,4,1,0,07,-,1,5,2,02,04/04/2021, , , , , , , , , , , ,1, ,8771,0
00,1023,7,12A218,19,40093,4,1,0,02,-,1,2,2,49,17/08/1974,1,04,2,2,5,07, , , , , ,1, ,8771,0
00,1023,7,12A218,19,40093,1,1,0,01,-,1,1,1,56,25/04/1967,1,03,3,2,5,01,4,4,2,1,999999,1, ,8771,0
00,1023,7,12A218,19,40093,1,1,0,02,-,1,2,2,52,25/11/1970,1,06,3,2,5,07, , , , , ,1,1,8771,26650
00,1023,7,12A218,19,40093,4,1,0,01,-,1,1,1,51,23/12/1971,1,04,2,2,5,01,3,3,3,1,999999,1, ,8771,0
00,1023,7,12A218,19,40093,3,1,0,02,-,1,2,2,33,12/05/1990,1,03,3,2,5,07, , , , , ,1,1,8771,17767
00,1023,7,12A218,19,40093,3,1,0,05,-,1,3,2,09,27/12/2013,1,02,3,1, , , , , , , ,1, ,8771,0
00,1023,7,12A218,19,40093,3,1,0,04,-,1,3,1,03,19/03/2020, , , , , , , , , , , ,1, ,8771,0
00,1023,7,12A218,19,40093,4,1,0,04,-,1,3,2,14,12/11/2008,1,03,2,2,6,01,4,5,3,1,999999,1, ,8771,0
00,1023,7,12A218,19,40093,4,1,0,03,-,1,3,1,26,06/04/1997,1,04,2,2,5,01,4,5,3,1,003000,1,1,8771,35533
00,1023,7,12A218,19,40093,1,1,0,03,-,1,3,2,32,15/03/1991,1,07,4,2,6,01,2,7,3,2,999999,1, ,8771,0
00,1023,7,12A218,19,40093,3,1,0,01,-,1,1,1,35,27/07/1988,1,02,6,2,5,01,4,4,3,1,003000,1, ,8771,0
00,1023,7,12A218,19,40093,4,1,0,05,-,1,3,2,11,29/09/2012,1,02,3,1, , , , , , , ,1, ,8771,0
00,1023,7,12A218,19,40093,4,1,0,06,-,1,5,2,21,30/06/2002,1,03,3,2,5,07, , , , , ,1, ,8771,0
00,1023,7,12A218,19,40093,2,1,0,01,-,1,1,2,87,21/04/1936,1,03,3,2,4,07, , , , , ,1,1,8771,8883
00,1023,3,13A224,19,40124,3,1,0,03,-,1,3,2,04,26/02/2019, , , , , , , , , , , ,1, ,12882,0
00,1023,3,13A224,19,40124,1,1,0,05,-,1,3,2,16,10/09/2007,1,03,3,1,6,06, , , , , ,1, ,12882,0
00,1023,3,13A224,19,40124,4,1,0,04,-,1,3,2,14,21/11/2008,1,03,3,1,6,06, , , , , ,1, ,12882,0
00,1023,3,13A224,19,40124,3,1,0,01,-,1,1,1,38,28/05/1985,1,07,4,2,5,01,1,7,3,2,999999,1, ,12882,0
00,1023,3,13A224,19,40124,3,1,0,02,-,1,2,2,37,07/12/1985,1,07,5,2,5,01,3,5,3,2,999999,1,1,12882,26209
00,1023,3,13A224,19,40124,3,1,0,04,-,1,3,1,01,29/01/2022, , , , , , , , , , , ,1, ,12882,0
00,1023,3,13A224,19,40124,1,1,0,01,-,1,1,1,53,09/09/1970,1,04,2,2,5,01,4,4,2,1,999999,1, ,12882,0
00,1023,3,13A224,19,40124,1,1,0,04,-,1,3,1,18,04/02/2005,1,04,1,1,6,06, , , , , ,1,1,12882,52417
00,1023,3,13A224,19,40124,4,1,0,01,-,1,1,1,64,06/09/1959,1,09,4,2,5,01,1,5,3,2,999999,1,1,12882,39313
00,1023,3,13A224,19,40124,4,1,0,02,-,1,2,2,45,06/06/1978,1,07,3,2,5,07, , , , , ,1, ,12882,0
00,1023,3,13A224,19,40124,1,1,0,02,-,1,2,2,46,18/08/1977,1,04,2,2,5,07, , , , , ,1, ,12882,0
00,1023,3,13A224,19,40124,4,1,0,03,-,1,3,2,21,28/05/2002,1,06,3,1,6,06, , , , , ,1, ,12882,0
00,1023,3,13A224,19,40124,1,1,0,03,-,1,3,2,22,14/02/2001,1,07,5,1,6,06, , , , , ,1, ,12882,0
00,1023,3,11A224,19,40129,4,1,0,04,-,1,3,1,13,07/05/2010,1,03,1,1,6,06, , , , , ,1, ,6938,0
00,1023,3,11A224,19,40129,2,1,0,01,-,1,1,1,44,28/01/1979,1,04,3,2,1,01,5,5,3,1,003500,1,1,6938,13973
00,1023,3,11A224,19,40129,2,1,0,03,-,1,3,2,14,02/06/2009,1,03,2,1,6,06, , , , , ,1, ,6938,0
00,1023,3,11A224,19,40129,3,1,0,02,-,1,3,2,06,23/06/2017,2,01,3,1, , , , , , , ,1, ,6938,0
00,1023,3,11A224,19,40129,4,1,0,01,-,1,1,1,41,12/07/1982,1,06,3,2,5,01,5,5,2,1,003000,1, ,6938,0
00,1023,3,11A224,19,40129,2,1,0,05,-,1,3,2,04,23/11/2018, , , , , , , , , , , ,1, ,6938,0
00,1023,3,11A224,19,40129,2,1,0,04,-,1,3,2,11,07/12/2011,1,02,5,1, , , , , , , ,1, ,6938,0
00,1023,3,11A224,19,40129,2,1,0,02,-,1,2,2,33,11/05/1990,1,04,2,2,1,07, , , , , ,1, ,6938,0
00,1023,3,11A224,19,40129,4,1,0,02,-,1,2,2,41,26/10/1981,1,06,2,2,5,07, , , , , ,1,1,6938,13973
00,1023,3,11A224,19,40129,3,1,0,03,-,1,3,2,03,30/04/2020, , , , , , , , , , , ,1, ,6938,0
00,1023,3,11A224,19,40129,3,1,0,01,-,1,1,2,23,13/01/2000,1,03,3,2,2,07, , , , , ,1,1,6938,13973
00,1023,3,11A224,19,40129,4,1,0,05,-,1,3,2,07,19/09/2016,2,02,1,1, , , , , , , ,1, ,6938,0
00,1023,3,11A224,19,40129,3,1,0,04,-,1,2,1,24,26/12/1998,1,03,2,2,1,01,7,3,3,1,002000,1, ,6938,0
00,1023,3,11A224,19,40129,4,1,0,03,-,1,3,1,15,05/02/2008,1,03,3,1,6,06, , , , , ,1, ,6938,0
00,1023,3,12A224,19,40213,4,1,0,06,-,1,5,2,06,27/11/2016,2,01,3,1, , , , , , , ,1, ,8159,0
00,1023,3,12A224,19,40213,3,1,0,02,-,1,2,2,51,01/04/1972,1,03,3,2,5,01,7,2,3,1,001500,1,1,8159,24790
00,1023,3,12A224,19,40213,1,1,0,04,-,1,3,1,25,04/11/1997,1,04,2,2,6,01,3,2,3,1,999999,1,1,8159,41317
15,1023,3,12A224,19,40213,2,1,0,01,-,1,1,1,46,04/11/1976,1,03,3,2,5,01,3,2,3,1,999999,1, ,8159,0
00,1023,3,12A224,19,40213,4,1,0,05,-,1,5,1,13,21/08/2010,1,03,1,1,6,06, , , , , ,1, ,8159,0
00,1023,3,12A224,19,40213,1,1,0,03,-,1,3,1,27,09/12/1995,1,02,6,2,6,01,7,2,3,1,001600,1, ,8159,0
00,1023,3,12A224,19,40213,3,1,0,03,-,1,3,1,22,12/07/2001,1,04,2,2,6,01,7,2,3,1,001500,1, ,8159,0
00,1023,3,12A224,19,40213,1,1,0,05,-,1,3,2,18,06/11/2004,1,03,3,1,6,01,7,2,3,1,001600,1, ,8159,0
00,1023,3,12A224,19,40213,4,1,0,04,-,1,5,1,33,20/05/1990,1,03,3,2,5,01,5,5,3,1,003000,1, ,8159,0
00,1023,3,12A224,19,40213,1,1,0,06,-,1,3,2,05,14/09/2018,1,01,2,1, , , , , , , ,1, ,8159,0
00,1023,3,12A224,19,40213,4,1,0,02,-,1,3,2,35,24/10/1987,1,03,3,2,5,01,4,4,2,1,999999,1, ,8159,0
15,1023,3,12A224,19,40213,2,1,0,02,-,1,2,2,46,16/07/1977,1,03,3,2,5,07, , , , , ,1, ,8159,0
00,1023,3,12A224,19,40213,1,1,0,02,-,1,2,2,47,31/07/1976,1,03,3,2,5,07, , , , , ,1, ,8159,0
00,1023,3,12A224,19,40213,4,1,0,03,-,1,3,1,27,14/08/1996,1,07,4,2,6,01,3,3,3,1,002500,1,1,8159,33053
15,1023,3,12A224,19,40213,2,1,0,03,-,1,3,2,25,28/08/1998,1,04,2,2,6,01,7,2,3,1,999999,1, ,8159,0
00,1023,3,12A224,19,40213,1,1,0,01,-,1,1,1,47,25/07/1976,1,03,3,2,5,01,7,2,3,1,005000,1, ,8159,0
00,1023,3,12A224,19,40213,3,1,0,01,-,1,1,1,58,11/05/1965,1,03,3,2,5,01,7,2,3,1,001700,1, ,8159,0
00,1023,3,12A224,19,40213,4,1,0,01,-,1,1,2,58,20/10/1964,1,03,3,2,4,01,7,2,3,1,002500,1, ,8159,0
00,1023,3,12A224,19,40216,2,1,0,03,-,1,3,2,33,30/03/1990,1,06,3,2,3,01,1,5,3,2,999999,1, ,8161,0
00,1023,3,12A224,19,40216,3,1,0,04,-,2, , , , , , , , , , , , , , , ,1, ,0,0
00,1023,3,12A224,19,40216,4,1,0,02,-,1,3,2,52,06/03/1971,1,03,3,2,6,09, , , , , ,1, ,8161,0
00,1023,3,12A224,19,40216,3,1,0,02,-,1,3,2,20,04/07/2003,1,07,3,1,6,06, , , , , ,1,1,8161,16531
00,1023,3,12A224,19,40216,2,1,0,02,-,1,2,2,64,11/07/1959,1,06,3,2,5,07, , , , , ,1,1,8161,24796
00,1023,3,12A224,19,40216,4,1,0,01,-,1,1,1,87,24/04/1936,1,02,6,2,4,08, , , , , ,1,1,8161,16531
00,1023,3,12A224,19,40216,2,1,0,04,-,1,5,2,07,20/06/2016,1,02,1,1, , , , , , , ,1, ,8161,0
00,1023,3,12A224,19,40216,2,1,0,01,-,1,1,1,67,04/04/1956,1,07,4,2,5,07, , , , , ,1, ,8161,0
00,1023,3,12A224,19,40216,3,1,0,05,-,2, , , , , , , , , , , , , , , ,1, ,0,0
00,1023,3,12A224,19,40216,3,1,0,01,-,1,1,2,43,02/09/1980,1,07,1,2,3,01,5,4,3,1,999999,1, ,8161,0
00,1023,3,12A224,19,40216,3,1,0,03,-,2, , , , , , , , , , , , , , , ,1, ,0,0
00,1023,3,11A224,19,40220,4,1,0,04,-,1,3,1,16,16/08/2007,1,04,1,1,6,06, , , , , ,1, ,8356,0
00,1023,3,11A224,19,40220,1,1,0,01,-,1,1,1,86,24/04/1937,2,00, ,2,4,08, , , , , ,1,1,8356,25244
00,1023,3,11A224,19,40220,4,1,0,02,-,1,2,2,42,30/06/1981,1,02,6,2,5,07, , , , , ,1, ,8356,0
00,1023,3,11A224,19,40220,2,1,0,03,-,1,5,2,35,23/09/1988,1,03,3,2,1,07, , , , , ,1, ,8356,0
00,1023,3,11A224,19,40220,3,1,0,01,-,1,1,2,72,12/06/1951,2,00, ,2,4,07, , , , , ,1,1,8356,16829
00,1023,3,11A224,19,40220,3,1,0,02,-,1,3,1,48,03/06/1975,2,02,6,2,2,09, , , , , ,1, ,8356,0
00,1023,3,11A224,19,40220,1,1,0,02,-,1,3,1,58,17/07/1965,1,02,6,2,5,01,7,3,2,1,999999,1, ,8356,0
00,1023,3,11A224,19,40220,2,1,0,04,-,1,5,2,01,21/11/2021, , , , , , , , , , , ,1, ,8356,0
00,1023,3,11A224,19,40220,2,1,0,05,-,1,5,2,00,31/03/2023, , , , , , , , , , , ,1, ,8356,0
00,1023,3,11A224,19,40220,1,1,0,03,-,1,5,2,63,26/02/1960,1,03,3,2,5,01,5,5,2,1,001500,1, ,8356,0
00,1023,3,11A224,19,40220,4,1,0,05,-,1,3,1,14,30/06/2009,1,03,3,1,6,06, , , , , ,1, ,8356,0
00,1023,3,11A224,19,40220,4,1,0,01,-,1,1,1,45,30/06/1978,1,03,3,2,5,01,5,5,3,1,999999,1,1,8356,16829
00,1023,3,11A224,19,40220,4,1,0,03,-,1,3,2,17,30/06/2006,1,02,6,2,6,07, , , , , ,1, ,8356,0
00,1023,3,11A224,19,40220,2,1,0,01,-,1,1,1,74,12/11/1948,1,02,3,2,2,01,4,4,2,1,002000,1,1,8356,25244
00,1023,3,11A224,19,40220,2,1,0,02,-,1,3,1,36,24/09/1987,1,03,3,2,1,01,7,3,3,1,999999,1, ,8356,0
00,1023,7,12A218,19,40224,1,1,0,06,-,1,5,2,07,28/09/2016,1,01,2,1, , , , , , , ,1, ,8478,0
00,1023,7,12A218,19,40224,4,1,0,04,-,1,5,2,17,15/05/2006,1,04,1,1,6,06, , , , , ,1, ,8478,0
00,1023,6,12A218,19,40224,1,1,0,02,-,2, , , , , , , , , , , , , , , ,1, ,0,0
00,1023,7,12A218,19,40224,2,1,0,02,-,1,2,2,32,03/10/1991,1,04,3,2,5,07, , , , , ,1, ,8478,0
00,1023,7,12A218,19,40224,3,1,0,01,-,1,1,1,71,01/02/1952,1,02,6,2,4,08, , , , , ,1,1,8478,8587
00,1023,7,12A218,19,40224,2,1,0,01,-,1,1,1,31,24/11/1991,1,07,6,2,5,01,2,7,3,1,002000,1,1,8478,17173
00,1023,7,12A218,19,40224,1,1,0,05,-,1,5,2,26,06/08/1997,1,04,1,2,2,04, , , , , ,1, ,8478,0
00,1023,7,12A218,19,40224,2,1,0,03,-,1,3,1,01,06/09/2022, , , , , , , , , , , ,1, ,8478,0
00,1023,7,12A218,19,40224,1,1,0,08,-,1,5,1,26,30/06/1997,1,03,3,2,1,04, , , , , ,1, ,8478,0
00,1023,7,12A218,19,40224,1,1,0,01,-,1,1,2,83,08/05/1940,1,06,4,2,4,07, , , , , ,1, ,8478,0
00,1023,7,12A218,19,40224,4,1,0,05,-,1,3,1,39,30/06/1984,1,02,3,2,6,01,5,5,3,1,999999,1, ,8478,0
00,1023,7,12A218,19,40224,1,1,0,07,-,1,4,1,05,18/05/2018,2,01,1,1, , , , , , , ,1, ,8478,0
00,1023,7,12A218,19,40224,1,1,0,03,-,1,3,2,54,13/01/1969,1,06,3,2,5,07, , , , , ,1, ,8478,0
00,1023,7,12A218,19,40224,4,1,0,02,-,1,2,1,69,26/10/1953,1,02,3,2,1,09, , , , , ,1, ,8478,0
00,1023,7,12A218,19,40224,4,1,0,01,-,1,1,2,62,10/01/1961,1,02,4,2,1,01,5,5,3,1,001800,1,1,8478,34346
00,1023,7,12A218,19,40224,4,1,0,03,-,1,3,1,33,30/06/1990,1,03,3,2,6,01,4,4,3,2,999999,1, ,8478,0
00,1023,7,12A218,19,40224,1,1,0,04,-,1,5,1,53,07/03/1970,1,06,3,2,5,01,5,6,3,1,002500,1,1,8478,42933
00,1023,7,12A218,19,40230,2,1,0,03,-,1,3,1,08,09/10/2014,1,02,2,1, , , , , , , ,1, ,8290,0
00,1023,7,12A218,19,40230,3,1,0,03,-,1,3,2,13,21/07/2010,1,02,6,1,6,06, , , , , ,1, ,8290,0
00,1023,7,12A218,19,40230,3,1,0,02,-,1,2,2,40,04/09/1983,1,04,2,2,1,01,4,4,2,1,004000,1,1,8290,8396
00,1023,7,12A218,19,40230,2,1,0,01,-,1,1,1,33,05/07/1990,1,07,5,2,5,01,3,6,3,2,007000,1,1,8290,16793
00,1023,7,12A218,19,40230,4,1,0,04,-,1,5,1,15,23/06/2008,1,03,2,1,6,06, , , , , ,1, ,8290,0
00,1023,7,12A218,19,40230,4,1,0,03,-,1,3,2,35,22/04/1988,1,04,1,2,6,01,3,6,3,2,999999,1, ,8290,0
00,1023,7,12A218,19,40230,4,1,0,02,-,1,2,2,60,28/07/1963,1,07,4,2,5,07, , , , , ,1, ,8290,0
00,1023,7,12A218,19,40230,4,1,0,01,-,1,1,1,61,23/01/1962,1,07,4,2,5,01,1,5,3,2,006000,1,1,8290,25189
00,1023,7,12A218,19,40230,1,1,0,02,-,1,2,2,31,22/07/1992,1,07,4,2,5,01,1,5,3,2,999999,1, ,8290,0
00,1023,7,12A218,19,40230,2,1,0,04,-,1,3,2,00,25/01/2023, , , , , , , , , , , ,1, ,8290,0
00,1023,7,12A218,19,40230,2,1,0,02,-,1,2,2,30,20/07/1993,1,04,2,2,5,07, , , , , ,1, ,8290,0
00,1023,5,12A218,19,40230,3,1,0,01,-,2, , , , , , , , , , , , , , , ,1, ,0,0
00,1023,7,12A218,19,40230,4,1,0,05,-,1,5,1,10,10/04/2013,1,02,3,1, , , , , , , ,1, ,8290,0
00,1023,7,12A218,19,40230,1,1,0,01,-,1,1,1,39,08/09/1984,1,07,5,2,3,01,1,5,3,2,999999,1,1,8290,16793
00,1023,7,13A218,19,40231,4,1,0,01,-,1,1,1,60,14/11/1962,1,07,5,2,5,01,3,5,3,2,999999,1, ,10188,0
00,1023,7,13A218,19,40231,4,1,0,03,-,1,3,2,27,16/09/1996,1,07,5,2,6,01,1,2,3,2,999999,1,1,10188,41457
00,1023,7,13A218,19,40231,3,1,0,02,-,1,2,2,55,16/03/1968,1,07,5,2,5,01,1,5,2,1,999999,1, ,10188,0
00,1023,7,13A218,19,40231,2,1,0,01,-,1,1,1,60,13/12/1962,1,04,2,2,5,08, , , , , ,1,1,10188,20728
00,1023,7,13A218,19,40231,4,1,0,02,-,1,2,2,55,20/07/1968,1,06,2,2,5,07, , , , , ,1, ,10188,0
00,1023,7,13A218,19,40231,3,1,0,03,-,1,3,2,20,24/03/2003,1,04,2,1,6,06, , , , , ,1,1,10188,31092
00,1023,7,13A218,19,40231,3,1,0,04,-,1,3,1,11,16/12/2011,1,02,5,1, , , , , , , ,1, ,10188,0
00,1023,7,13A218,19,40231,2,1,0,02,-,1,2,2,60,02/03/1963,1,04,2,2,5,07, , , , , ,1, ,10188,0
00,1023,7,13A218,19,40231,3,1,0,01,-,1,1,1,57,25/07/1966,1,07,5,2,5,01,4,2,2,1,999999,1, ,10188,0
00,1023,7,13A218,19,40231,4,1,0,04,-,1,3,1,18,19/04/2005,1,04,1,1,6,06, , , , , ,1, ,10188,0
00,1023,2,12A225,19,40264,3,1,0,05,-,1,3,2,22,08/01/2001,1,04,2,2,6,07, , , , , ,1, ,6896,0
00,1023,2,12A225,19,40264,2,1,0,02,-,1,3,1,49,23/01/1974,1,04,2,2,6,01,5,5,2,2,002500,1, ,6896,0
00,1023,2,12A225,19,40264,2,1,0,01,-,1,1,1,87,25/08/1936,1,03,1,2,4,08, , , , , ,1,1,6896,13969
00,1023,2,12A225,19,40264,1,1,0,01,-,1,1,1,47,09/05/1976,1,03,3,2,6,01,4,5,3,1,005000,1,1,6896,6985
00,1023,2,12A225,19,40264,3,1,0,01,-,1,1,1,61,10/06/1962,1,07,4,2,5,08, , , , , ,1, ,6896,0
00,1023,2,12A225,19,40264,3,1,0,04,-,1,3,2,27,23/02/1996,1,07,5,2,6,04, , , , , ,1,1,6896,34923
00,1023,2,12A225,19,40264,3,1,0,03,-,1,3,1,30,20/04/1993,1,07,5,2,6,01,1,5,3,2,999999,1, ,6896,0
00,1023,2,12A225,19,40264,4,1,0,01,-,1,1,1,28,29/01/1995,1,07,4,2,6,01,3,5,3,2,010000,1,1,6896,6985
00,1023,2,12A225,19,40264,3,1,0,02,-,1,2,2,54,03/09/1969,1,07,4,2,5,07, , , , , ,1, ,6896,0
00,1023,2,12A225,19,40267,2,1,0,01,-,1,1,1,54,14/11/1968,1,06,3,2,5,01,3,7,3,2,011500,1, ,8306,0
00,1023,2,12A225,19,40267,1,1,0,01,-,1,1,1,37,13/08/1986,1,07,4,2,5,01,1,2,3,2,999999,1, ,8306,0
00,1023,2,12A225,19,40267,2,1,0,03,-,1,3,2,19,22/03/2004,1,04,2,2,6,04, , , , , ,1, ,8306,0
00,1023,2,12A225,19,40267,4,1,0,02,-,1,2,2,52,28/11/1970,1,03,3,2,5,07, , , , , ,1, ,8306,0
00,1023,2,12A225,19,40267,4,1,0,01,-,1,1,1,52,26/12/1970,1,03,3,2,5,01,7,2,3,1,002500,1, ,8306,0
00,1023,2,12A225,19,40267,2,1,0,02,-,1,2,2,50,29/03/1973,1,06,4,2,5,07, , , , , ,1,1,8306,25237
00,1023,2,12A225,19,40267,1,1,0,02,-,1,2,2,35,28/04/1988,1,07,4,2,5,07, , , , , ,1,1,8306,16825
00,1023,2,12A225,19,40267,1,1,0,03,-,1,3,1,04,02/08/2019, , , , , , , , , , , ,1, ,8306,0
00,1023,2,12A225,19,40267,3,1,0,03,-,1,3,1,07,06/10/2015,1,02,2,1, , , , , , , ,1, ,8306,0
00,1023,2,12A225,19,40267,3,1,0,01,-,1,1,1,27,23/06/1996,1,03,1,2,1,01,4,4,2,1,003000,1,1,8306,16825
00,1023,2,12A225,19,40267,3,1,0,02,-,1,2,2,28,02/11/1994,1,04,2,2,1,01,7,2,3,1,003000,1, ,8306,0
00,1023,2,12A225,19,40267,4,1,0,03,-,1,3,2,20,01/08/2003,1,07,1,1,6,01,3,4,3,1,001000,1,1,8306,25237
00,1023,6,11B211,19,40269,4,1,0,11,-,1,5,2,20,15/05/2003,1,03,3,2,1,07, , , , , ,1, ,9627,0
00,1023,5,11B211,19,40269,4,1,0,05,-,2, , , , , , , , , , , , , , , ,1, ,0,0
00,1023,6,11B211,19,40269,2,1,1,02,-,1,2,2,43,21/11/1979,1,02,6,2,5,01,5,5,3,1,002000,1, ,9627,0
00,1023,6,11B211,19,40269,2,1,1,01,-,1,1,1,46,30/06/1977,2,00, ,2,5,01,7,2,3,1,002500,1,1,9627,29083
00,1023,6,11B211,19,40269,4,1,0,08,-,1,5,1,19,16/04/2004,1,03,3,2,6,07, , , , , ,1, ,9627,0
00,1023,6,11B211,19,40269,4,1,0,12,-,1,5,1,01,13/10/2021, , , , , , , , , , , ,1, ,9627,0
00,1023,6,11B211,19,40269,4,1,0,06,-,1,5,1,44,06/09/1979,1,03,3,2,1,01,7,2,3,1,002500,1, ,9627,0
00,1023,6,11B211,19,40269,4,1,0,04,-,1,3,1,52,02/08/1971,1,02,6,2,6,01,5,3,2,1,002500,1, ,9627,0
00,1023,6,11B211,19,40269,4,1,0,02,-,1,2,2,73,19/12/1949,2,00, ,2,5,07, , , , , ,1, ,9627,0
00,1023,6,11B211,19,40269,4,1,0,09,-,1,5,1,15,28/06/2008,1,03,2,2,6,07, , , , , ,1, ,9627,0
00,1023,6,11B211,19,40269,4,1,0,07,-,1,3,2,45,21/05/1978,1,02,6,2,1,07, , , , , ,1, ,9627,0
00,1023,6,11B211,19,40269,4,1,0,01,-,1,1,1,82,16/12/1940,1,02,6,2,5,08, , , , , ,1, ,9627,0
00,1023,6,11B211,19,40269,3,1,1,01,-,1,1,2,82,10/06/1941,1,02,6,2,4,07, , , , , ,1,1,9627,9694
00,1023,6,11B211,19,40269,1,1,0,03,-,1,6,1,64,13/04/1959,1,02,2,2,6,08, , , , , ,1, ,9627,0
00,1023,6,11B211,19,40269,2,1,1,03,-,1,3,2,23,05/08/2000,1,04,3,1,6,06, , , , , ,1, ,9627,0
00,1023,6,11B211,19,40269,1,1,0,01,-,1,1,1,67,02/05/1956,2,00, ,2,5,08, , , , , ,1, ,9627,0
00,1023,3,11B211,19,40269,3,1,1,02,-,2, , , , , , , , , , , , , , , ,1, ,0,0
00,1023,6,11B211,19,40269,1,1,0,02,-,1,2,2,67,10/10/1955,1,02,3,2,5,07, , , , , ,1,1,9627,29083
00,1023,6,11B211,19,40269,4,1,0,10,-,1,5,1,22,15/11/2000,1,03,3,2,1,01,7,2,3,1,001800,1, ,9627,0
00,1023,6,11B211,19,40269,4,1,0,03,-,1,3,1,54,29/06/1969,1,02,6,2,6,01,5,3,2,3,008000,1,1,9627,87250
00,1023,2,13B211,19,40275,1,1,0,01,-,2, , , , , , , , , , , , , , , ,1, ,0,0
00,1023,6,13B211,19,40275,4,1,2,01,-,1,1,1,29,09/03/1994,1,04,2,2,6,01,3,5,3,2,009000,1,1,9270,9430
00,1023,6,13B211,19,40275,2,1,0,01,-,1,1,1,30,15/04/1993,1,07,6,2,5,01,1,5,3,2,015000,1,1,9270,18861
00,1023,6,13B211,19,40275,2,1,0,02,-,1,2,2,30,11/03/1993,1,07,4,2,5,01,1,5,2,1,003500,1, ,9270,0
00,1023,6,13B211,19,40275,1,1,0,04,-,1,8,1,30,22/04/1993,1,07,5,2,6,01,1,2,3,2,999999,1, ,9270,0
00,1023,6,13B211,19,40275,1,1,0,05,-,1,8,2,21,17/10/2002,1,04,2,2,6,01,3,5,3,2,999999,1, ,9270,0
00,1023,6,13B211,19,40275,1,1,0,02,-,1,8,1,25,30/06/1998,2,07,2,2,6,01,3,2,3,3,999999,1,1,9270,28291
00,1023,2,13B211,19,40275,1,1,0,03,-,2, , , , , , , , , , , , , , , ,1, ,0,0
00,1023,2,12A225,19,40309,3,1,0,04,-,1,7,2,24,30/06/1999,1,00, ,2,6,09, , , , , ,1, ,4834,0
00,1023,2,12A225,19,40309,3,1,0,01,-,1,1,2,78,18/01/1945,1,06,3,2,6,08, , , , , ,1, ,4834,0
00,1023,2,12A225,19,40309,2,1,0,01,-,1,1,1,24,04/02/1999,1,07,3,1,6,01,4,5,3,1,002500,1,1,4834,4896
00,1023,2,12A225,19,40309,4,1,0,02,-,1,6,2,76,12/02/1947,1,07,4,2,6,08, , , , , ,1, ,4834,0
00,1023,2,12A225,19,40309,1,1,0,02,-,1,6,2,78,31/12/1944,1,02,6,2,4,07, , , , , ,1, ,4834,0
00,1023,2,12A225,19,40309,4,1,0,01,-,1,1,2,84,16/11/1938,1,02,3,2,4,08, , , , , ,1,1,4834,9792
00,1023,2,12A225,19,40309,3,1,0,03,-,1,7,2,12,30/06/2011,1,03,1,1,6,06, , , , , ,1, ,4834,0
00,1023,2,12A225,19,40309,3,1,0,02,-,1,7,2,42,12/01/1981,1,06,3,2,3,01,3,4,3,1,999999,1,1,4834,14689
00,1023,2,12A225,19,40309,1,1,0,01,-,1,1,2,82,20/02/1941,1,02,6,2,4,07, , , , , ,1,1,4834,9792
00,1023,6,11B211,19,40321,1,1,0,04,-,1,3,1,07,09/08/2016,1,02,2,1, , , , , , , ,1, ,6763,0
00,1023,6,11B211,19,40321,4,1,0,03,-,1,3,1,21,28/03/2002,1,03,3,2,6,01,7,3,3,1,999999,1, ,6763,0
00,1023,6,11B211,19,40321,3,1,0,01,-,1,1,1,43,30/06/1980,1,06,3,2,5,01,7,4,3,1,002000,1, ,6763,0
00,1023,6,11B211,19,40321,1,1,0,03,-,1,3,1,12,10/10/2011,1,02,5,1,6,06, , , , , ,1, ,6763,0
00,1023,6,11B211,19,40321,1,1,0,02,-,1,2,2,27,27/12/1995,1,03,3,2,1,01,5,5,2,1,999999,1, ,6763,0
00,1023,6,11B211,19,40321,2,1,0,02,-,1,3,2,33,27/03/1990,1,03,3,2,6,01,7,2,3,1,001800,1, ,6763,0
00,1023,6,11B211,19,40321,3,1,0,04,-,1,3,2,22,11/04/2001,1,03,3,2,6,04, , , , , ,1, ,6763,0
00,1023,6,11B211,19,40321,4,1,0,05,-,1,3,1,16,23/08/2007,1,03,3,1,6,06, , , , , ,1, ,6763,0
00,1023,6,11B211,19,40321,3,1,0,03,-,1,3,1,23,20/04/2000,1,03,3,2,6,01,7,2,3,1,001800,1,1,6763,27242
00,1023,6,11B211,19,40321,3,1,0,02,-,1,2,2,41,05/06/1982,1,03,2,2,5,01,4,4,3,1,001800,1, ,6763,0
00,1023,6,11B211,19,40321,4,1,0,04,-,1,3,2,20,25/06/2003,1,04,3,2,6,07, , , , , ,1,1,6763,27242
00,1023,6,11B211,19,40321,4,1,0,01,-,1,1,1,52,06/03/1971,1,02,6,2,1,01,7,3,3,1,999999,1, ,6763,0
00,1023,6,11B211,19,40321,2,1,0,01,-,1,1,2,55,08/08/1968,1,02,3,2,2,01,5,5,2,1,000500,1,1,6763,13621
00,1023,6,11B211,19,40321,4,1,0,02,-,1,2,2,40,19/01/1983,1,02,6,2,1,07, , , , , ,1, ,6763,0
00,1023,6,11B211,19,40321,4,1,0,07,-,1,3,2,03,13/11/2019, , , , , , , , , , , ,1, ,6763,0
00,1023,6,11B211,19,40321,4,1,0,06,-,1,3,1,09,13/06/2014,1,02,3,1, , , , , , , ,1, ,6763,0
00,1023,6,11B211,19,40321,1,1,0,01,-,1,1,1,36,04/01/1987,1,03,3,2,1,01,7,3,2,1,007500,1,1,6763,13621
00,1023,2,11A225,19,40351,1,1,0,02,-,1,3,1,63,15/11/1959,1,02,6,2,6,01,7,3,3,1,999999,1, ,5879,0
00,1023,2,11A225,19,40351,1,1,0,01,-,1,1,2,88,06/12/1934,1,02,3,2,4,07, , , , , ,1,1,5879,11841
00,1023,2,11A225,19,40351,2,1,0,03,-,1,3,1,31,23/05/1992,1,04,2,2,6,01,5,6,2,1,999999,1, ,5879,0
00,1023,2,11A225,19,40351,2,1,0,04,-,1,3,2,27,26/09/1996,1,04,3,2,6,01,5,4,3,1,002500,1, ,5879,0
00,1023,2,11A225,19,40351,2,1,0,06,-,1,5,2,07,26/07/2016,1,02,1,1, , , , , , , ,1, ,5879,0
00,1023,2,11A225,19,40351,2,1,0,02,-,1,2,2,53,18/01/1970,1,06,3,2,5,01,3,7,3,2,004200,1,1,5879,23683
00,1023,2,11A225,19,40351,4,1,0,01,-,1,1,1,42,05/09/1981,1,03,3,2,5,01,7,2,2,1,999999,1,1,5879,5921
00,1023,2,11A225,19,40351,2,1,0,01,-,1,1,1,55,26/01/1968,1,03,3,2,5,01,5,6,3,1,002500,1, ,5879,0
00,1023,2,11A225,19,40351,2,1,0,05,-,1,5,2,07,26/08/2016,1,02,2,1, , , , , , , ,1, ,5879,0
00,1023,2,13A225,19,40356,3,1,0,03,-,1,3,2,26,23/05/1997,1,07,5,2,6,04, , , , , ,1, ,9617,0
00,1023,2,13A225,19,40356,4,1,0,02,-,1,2,2,30,20/05/1993,1,07,5,2,5,07, , , , , ,1, ,9617,0
00,1023,2,13A225,19,40356,3,1,0,02,-,1,2,2,49,02/09/1974,1,07,4,2,5,01,3,7,3,1,999999,1, ,9617,0
00,1023,2,13A225,19,40356,3,1,0,04,-,1,3,1,23,02/03/2000,1,04,1,2,6,01,4,4,3,1,001300,1,1,9617,39133
00,1023,2,13A225,19,40356,4,1,0,01,-,1,1,1,31,15/05/1992,1,07,5,2,5,01,1,2,3,3,999999,1,1,9617,19567
00,1023,2,13A225,19,40356,3,1,0,01,-,1,1,1,53,12/01/1970,1,07,2,2,5,01,5,5,2,1,999999,1, ,9617,0
00,1023,2,13A225,19,40356,2,1,0,02,-,1,2,2,64,10/08/1959,1,07,5,2,5,07, , , , , ,1,1,9617,19567
00,1023,2,13A225,19,40356,2,1,0,01,-,1,1,1,69,04/12/1953,1,07,4,2,5,08, , , , , ,1, ,9617,0
00,1023,2,13A225,19,40356,1,1,0,01,-,1,1,2,68,21/02/1955,1,04,2,2,3,07, , , , , ,1,1,9617,9783
00,1023,2,13A225,19,40356,4,1,0,03,-,1,3,2,01,24/04/2022, , , , , , , , , , , ,1, ,9617,0
00,1023,2,11A225,19,40358,4,1,0,03,-,1,3,2,00,30/06/2023, , , , , , , , , , , ,1, ,5731,0
00,1023,2,11A225,19,40358,4,1,0,01,-,1,1,1,28,14/09/1995,1,08,2,2,1,01,1,5,3,2,999999,1, ,5731,0
00,1023,2,11A225,19,40358,2,1,0,01,-,1,1,2,82,27/03/1941,2,00, ,2,4,07, , , , , ,1,1,5731,5771
00,1023,2,11A225,19,40358,3,1,0,01,-,1,1,1,81,18/01/1942,1,06,3,2,5,08, , , , , ,1, ,5731,0
00,1023,2,11A225,19,40358,4,1,0,02,-,1,2,2,32,30/11/1990,1,04,3,2,1,07, , , , , ,1,1,5731,11543
00,1023,2,11A225,19,40358,1,1,0,03,-,1,3,1,22,12/08/2001,1,02,6,2,6,07, , , , , ,1, ,5731,0
00,1023,2,11A225,19,40358,1,1,0,01,-,1,1,1,50,10/05/1973,1,02,6,2,4,01,7,3,3,1,003000,1,1,5731,17314
00,1023,2,11A225,19,40358,1,1,0,02,-,1,3,1,25,27/06/1998,1,02,6,2,6,07, , , , , ,1, ,5731,0
00,1023,2,11A225,19,40358,3,1,0,02,-,1,2,2,76,27/01/1947,1,02,6,2,5,07, , , , , ,1,1,5731,11543
00,1023,2,12A225,19,40359,3,1,0,01,-,1,1,1,62,14/08/1961,1,03,3,2,5,01,4,4,3,1,999999,1,1,5360,10857
00,1023,2,12A225,19,40359,2,1,0,01,-,1,1,1,59,23/06/1964,1,04,2,2,3,01,1,2,2,3,020000,1,1,5360,5428
00,1023,2,12A225,19,40359,3,1,0,02,-,1,2,2,65,21/11/1957,1,06,3,2,5,08, , , , , ,1, ,5360,0
00,1023,2,12A225,19,40359,4,1,0,01,-,1,1,1,76,05/05/1947,1,07,4,2,5,08, , , , , ,1,1,5360,10857
00,1023,2,12A225,19,40359,4,1,0,02,-,1,2,2,76,12/05/1947,1,02,6,2,5,08, , , , , ,1, ,5360,0
00,1023,6,12B211,19,40365,4,1,0,02,-,1,6,1,51,10/01/1972,1,04,3,2,3,01,2,7,3,2,999999,1, ,8112,0
00,1023,6,12B211,19,40365,3,1,0,03,-,1,5,2,20,01/09/2003,1,06,2,2,6,07, , , , , ,1, ,8112,0
00,1023,6,12B211,19,40365,3,1,0,02,-,1,3,2,46,31/01/1977,1,06,3,2,3,01,5,5,2,1,003000,1,1,8112,24648
00,1023,6,12B211,19,40365,2,1,0,01,-,1,1,2,83,22/12/1939,1,02,1,2,2,07, , , , , ,1,1,8112,16432
00,1023,6,12B211,19,40365,4,1,0,01,-,1,1,2,65,01/08/1958,1,07,5,2,2,07, , , , , ,1,1,8112,16432
00,1023,6,12B211,19,40365,1,1,0,02,-,1,2,2,69,29/08/1954,1,02,4,2,1,07, , , , , ,1,1,8112,24648
00,1023,6,12B211,19,40365,1,1,0,01,-,1,1,1,69,18/08/1954,1,02,6,2,1,08, , , , , ,1, ,8112,0
00,1023,6,12B211,19,40365,1,1,0,03,-,1,3,1,51,10/07/1972,1,03,3,2,6,01,4,4,3,1,001800,1, ,8112,0
00,1023,6,12B211,19,40365,2,1,0,02,-,1,3,2,54,12/10/1968,1,03,3,2,2,01,4,4,3,1,001800,1, ,8112,0
00,1023,6,12B211,19,40365,3,1,0,01,-,1,1,2,71,02/05/1952,1,06,2,2,4,07, , , , , ,1, ,8112,0
14,1023,6,13B211,19,40366,4,1,0,03,-,1,3,1,27,06/03/1996,1,09,1,2,6,01,2,7,3,2,999999,1, ,15549,0
14,1023,3,13B211,19,40366,2,1,0,03,-,2, , , , , , , , , , , , , , , ,1, ,0,0
14,1023,6,13B211,19,40366,2,1,0,01,-,1,1,2,41,23/03/1982,1,04,3,2,6,01,3,2,3,2,999999,1, ,15549,0
14,1023,6,13B211,19,40366,2,1,0,02,-,1,4,2,74,23/01/1949,1,03,3,2,4,07, , , , , ,1, ,15549,0
00,1023,6,13B211,19,40366,3,1,0,02,-,1,2,1,66,08/06/1957,1,02,6,2,5,01,7,2,3,1,999999,1,1,15549,47453
00,1023,6,13B211,19,40366,1,1,0,06,-,1,3,1,16,12/03/2007,1,03,2,1,6,06, , , , , ,1, ,15549,0
00,1023,6,13B211,19,40366,1,1,0,01,-,1,1,1,57,22/09/1966,1,03,3,2,5,01,5,5,4,1,999999,1,1,15549,79089
14,1023,6,13B211,19,40366,4,1,0,04,-,1,3,1,20,27/08/2003,1,04,3,1,6,06, , , , , ,1, ,15549,0
00,1023,6,13B211,19,40366,1,1,0,04,-,1,3,1,24,23/09/1999,1,07,4,1,6,06, , , , , ,1, ,15549,0
00,1023,6,13B211,19,40366,1,1,0,03,-,1,3,1,26,28/04/1997,1,04,3,1,6,01,3,4,3,1,999999,1, ,15549,0
00,1023,6,13B211,19,40366,1,1,0,02,-,1,2,2,51,28/10/1971,1,03,3,2,5,07, , , , , ,1, ,15549,0
00,1023,6,13B211,19,40366,1,1,0,05,-,1,3,1,20,27/12/2002,1,07,2,1,6,01,3,2,3,2,999999,1, ,15549,0
14,1023,6,13B211,19,40366,4,1,0,01,-,1,1,1,55,13/11/1967,1,07,5,2,5,01,5,7,3,2,999999,1, ,15549,0
14,1023,6,13B211,19,40366,4,1,0,02,-,1,2,2,54,05/04/1969,1,08,3,2,5,01,2,7,3,2,999999,1, ,15549,0
00,1023,6,13B211,19,40366,3,1,0,04,-,1,3,1,26,21/07/1997,1,07,3,1,6,06, , , , , ,1, ,15549,0
00,1023,6,13B211,19,40366,3,1,0,01,-,1,1,2,49,11/12/1973,1,02,6,2,5,01,4,4,2,1,999999,1, ,15549,0
00,1023,6,13B211,19,40366,3,1,0,03,-,1,3,1,14,24/04/2009,1,02,6,1,6,06, , , , , ,1, ,15549,0
00,1023,6,12B211,19,40368,1,1,0,03,-,1,3,1,29,12/06/1994,1,06,3,2,2,01,5,4,3,1,002700,1, ,7844,0
00,1023,6,12B211,19,40368,3,1,0,02,-,1,2,2,62,23/10/1960,1,04,2,2,5,07, , , , , ,1, ,7844,0
00,1023,6,12B211,19,40368,1,1,0,02,-,1,2,2,50,26/11/1972,1,03,3,2,5,02,4,4,6,5, ,1, ,7844,0
00,1023,6,12B211,19,40368,4,1,0,01,-,1,1,1,58,03/02/1965,1,03,3,2,1,01,4,4,2,1,999999,1,1,7844,23835
00,1023,6,12B211,19,40368,4,1,0,02,-,1,2,2,53,10/11/1969,1,06,2,2,1,07, , , , , ,1, ,7844,0
00,1023,6,12B211,19,40368,3,1,0,01,-,1,1,1,61,07/11/1961,1,06,3,2,5,01,5,4,3,1,999999,1,1,7844,23835
00,1023,6,12B211,19,40368,1,1,0,01,-,1,1,1,52,28/08/1971,1,03,3,2,5,01,4,4,2,1,999999,1, ,7844,0
00,1023,6,12B211,19,40368,3,1,0,03,-,1,3,1,22,04/03/2001,1,06,3,1,6,06, , , , , ,1, ,7844,0
00,1023,6,12B211,19,40368,4,1,0,03,-,1,3,2,24,19/05/1999,1,07,1,1,6,01,3,5,3,1,999999,1, ,7844,0
00,1023,6,12B211,19,40368,1,1,0,04,-,1,3,1,24,20/12/1998,1,06,3,2,6,01,7,2,3,1,002000,1,1,7844,39725
00,1023,6,12B211,19,40368,2,1,0,02,-,1,3,2,21,02/01/2002,1,07,1,2,6,01,1,2,3,1,002600,1, ,7844,0
00,1023,6,12B211,19,40368,2,1,0,01,-,1,1,2,48,16/07/1975,1,03,3,2,3,01,7,2,3,1,001700,1,1,7844,15890
00,1023,6,12B211,19,40368,1,1,0,05,-,1,3,2,23,09/06/2000,1,07,5,2,6,01,1,5,3,2,003200,1, ,7844,0
00,1023,6,12B211,19,40368,2,1,0,03,-,1,5,2,02,29/09/2021, , , , , , , , , , , ,1, ,7844,0
00,1023,2,13A225,19,40401,4,1,0,01,-,1,1,1,47,25/02/1976,1,07,4,2,5,01,1,5,3,2,999999,1,1,9542,19412
00,1023,2,13A225,19,40401,4,1,0,02,-,1,2,2,51,05/05/1972,1,07,4,2,5,01,1,2,3,1,999999,1, ,9542,0
00,1023,2,13A225,19,40401,1,1,0,01,-,1,1,2,27,26/08/1996,1,07,6,2,6,01,1,5,3,2,999999,1,1,9542,9706
00,1023,2,13A225,19,40401,3,1,0,01,-,1,1,1,35,06/07/1988,1,07,4,2,5,01,3,5,2,3,999999,1, ,9542,0
00,1023,2,13A225,19,40401,2,1,0,02,-,1,6,1,22,15/05/2001,1,07,2,1,6,06, , , , , ,1, ,9542,0
00,1023,2,13A225,19,40401,4,1,0,03,-,1,3,1,14,08/07/2009,1,03,2,1,6,06, , , , , ,1, ,9542,0
00,1023,2,13A225,19,40401,2,1,0,03,-,1,6,2,19,02/12/2003,1,07,2,1,6,01,3,5,3,1,001500,1, ,9542,0
00,1023,2,13A225,19,40401,2,1,0,01,-,1,1,2,27,22/02/1996,1,07,5,2,6,01,1,5,3,2,999999,1,1,9542,29119
00,1023,2,13A225,19,40401,3,1,0,02,-,1,2,2,35,14/09/1988,1,08,2,2,5,01,1,5,3,2,008000,1,1,9542,19412
00,1023,6,12B211,19,40415,2,1,0,01,-,1,1,1,69,15/10/1953,1,02,6,2,5,08, , , , , ,1,1,7112,28815
00,1023,6,12B211,19,40415,2,1,0,06,-,3,3,1,29,18/08/1994,1,03,3,2,2,01,7,3,3,1,999999,1, ,7112,0
00,1023,6,12B211,19,40415,2,1,0,03,-,1,3,2,24,09/07/1999,1,04,2,2,2,01,4,5,3,1,999999,1, ,7112,0
00,1023,6,12B211,19,40415,2,1,0,04,-,1,5,1,03,20/08/2020, , , , , , , , , , , ,1, ,7112,0
00,1023,6,12B211,19,40415,1,1,0,01,-,1,1,2,71,18/03/1952,1,04,2,2,2,07, , , , , ,1,1,7112,7204
00,1023,6,12B211,19,40415,2,1,0,02,-,1,2,2,62,05/05/1961,1,03,3,2,5,08, , , , , ,1, ,7112,0
00,1023,6,12B211,19,40415,3,1,0,02,-,1,2,2,36,19/03/1987,1,07,5,2,5,01,2,7,3,2,020000,1, ,7112,0
00,1023,6,12B211,19,40415,2,1,0,05,-,1,5,1,04,04/05/2019, , , , , , , , , , , ,1, ,7112,0
00,1023,6,12B211,19,40415,3,1,0,01,-,1,1,1,36,13/10/1987,1,07,5,2,5,01,2,7,3,2,022200,1,1,7112,14408
00,1023,6,13B211,19,40416,2,1,0,03,-,1,3,1,23,29/10/1999,1,07,1,2,6,01,3,5,3,1,008000,1, ,9511,0
00,1023,6,13B211,19,40416,3,1,0,04,-,1,3,2,10,23/07/2013,1,02,3,1, , , , , , , ,1, ,9511,0
00,1023,6,13B211,19,40416,4,1,0,02,-,1,2,2,49,24/03/1974,1,06,3,2,5,07, , , , , ,1, ,9511,0
00,1023,2,13B211,19,40416,4,1,0,04,-,2, , , , , , , , , , , , , , , ,1, ,0,0
00,1023,6,13B211,19,40416,2,1,0,02,-,1,2,2,56,27/07/1967,1,03,3,2,5,01,3,5,3,2,009000,1,1,9511,29026
00,1023,6,13B211,19,40416,3,1,0,01,-,1,1,1,47,07/09/1976,1,03,3,2,5,01,7,2,3,1,999999,1, ,9511,0
00,1023,6,13B211,19,40416,1,1,0,02,-,1,3,1,32,12/09/1991,2,04,2,2,6,01,3,5,3,1,999999,1, ,9511,0
00,1023,6,13B211,19,40416,2,1,0,01,-,1,1,1,57,08/04/1966,1,03,3,2,5,01,5,5,3,1,006000,1, ,9511,0
00,1023,6,13B211,19,40416,4,1,0,05,-,1,3,2,11,12/06/2012,1,02,4,1, , , , , , , ,1, ,9511,0
00,1023,6,13B211,19,40416,1,1,0,01,-,1,1,2,56,18/07/1967,1,03,3,2,6,01,3,4,3,1,002500,1,1,9511,19350
00,1023,6,13B211,19,40416,4,1,0,03,-,1,3,1,22,29/11/2000,1,04,3,2,1,01,5,2,3,1,002500,1, ,9511,0
00,1023,6,13B211,19,40416,3,1,0,03,-,1,3,2,13,07/09/2010,1,02,6,1,6,06, , , , , ,1, ,9511,0
00,1023,6,13B211,19,40416,3,1,0,02,-,1,2,2,33,14/05/1990,1,04,3,2,5,07, , , , , ,1,1,9511,19350
00,1023,6,13B211,19,40416,4,1,0,01,-,1,1,1,51,16/10/1971,1,03,3,2,5,01,5,2,3,1,002500,1,1,9511,29026
00,1023,4,11A223,19,40438,2,1,0,03,-,1,5,1,43,06/09/1980,1,02,6,2,5,01,7,3,3,1,003500,1, ,8733,0
00,1023,4,11A223,19,40438,4,1,0,05,-,1,5,1,02,14/02/2021, , , , , , , , , , , ,1, ,8733,0
00,1023,4,11A223,19,40438,3,1,0,01,-,1,1,2,36,11/07/1987,1,03,3,2,2,01,7,2,3,1,999999,1, ,8733,0
00,1023,4,11A223,19,40438,3,1,0,07,-,1,5,2,01,11/02/2022, , , , , , , , , , , ,1, ,8733,0
00,1023,4,11A223,19,40438,2,1,0,06,-,1,5,1,12,03/10/2011,1,02,6,1,6,06, , , , , ,1, ,8733,0
00,1023,4,11A223,19,40438,3,1,0,03,-,1,3,2,12,14/08/2011,1,02,6,1,6,06, , , , , ,1, ,8733,0
00,1023,4,11A223,19,40438,3,1,0,02,-,1,3,1,18,01/07/2005,1,06,2,1,6,06, , , , , ,1,1,8733,26384
00,1023,4,11A223,19,40438,3,1,0,04,-,1,3,1,10,16/01/2013,1,02,4,1, , , , , , , ,1, ,8733,0
00,1023,4,11A223,19,40438,3,1,0,05,-,1,5,2,17,24/01/2006,1,03,2,2,1,07, , , , , ,1, ,8733,0
00,1023,4,11A223,19,40438,3,1,0,06,-,1,3,1,19,14/04/2004,1,03,3,2,1,01,7,2,3,1,002000,1, ,8733,0
00,1023,4,11A223,19,40438,2,1,0,01,-,1,1,2,60,25/01/1963,1,03,3,2,5,01,7,2,3,1,002300,1, ,8733,0
00,1023,4,11A223,19,40438,4,1,0,02,-,1,3,2,25,16/06/1998,1,06,3,2,6,07, , , , , ,1, ,8733,0
00,1023,4,11A223,19,40438,4,1,0,04,-,1,3,2,10,09/09/2013,1,02,4,1, , , , , , , ,1, ,8733,0
00,1023,4,11A223,19,40438,1,1,0,01,-,1,1,1,23,03/12/1999,1,04,2,2,6,01,4,5,3,3,009000,1,1,8733,8795
00,1023,4,11A223,19,40438,2,1,0,05,-,1,3,1,30,07/10/1992,1,03,3,2,3,01,7,6,3,2,002500,1, ,8733,0
00,1023,4,11A223,19,40438,2,1,0,02,-,1,2,1,59,20/04/1964,1,03,3,2,5,08, , , , , ,1,1,8733,43974
00,1023,4,11A223,19,40438,2,1,0,04,-,1,3,2,34,24/02/1989,1,03,3,2,5,07, , , , , ,1, ,8733,0
00,1023,4,11A223,19,40438,4,1,0,03,-,1,3,1,23,09/05/2000,1,06,3,2,6,01,7,2,3,1,002000,1, ,8733,0
00,1023,4,11A223,19,40438,4,1,0,01,-,1,1,2,46,05/02/1977,1,03,3,2,4,07, , , , , ,1,1,8733,26384
00,1023,4,12A223,19,40440,3,1,0,02,-,1,2,2,30,08/02/1993,1,03,3,2,5,07, , , , , ,1,1,7922,16048
00,1023,4,12A223,19,40440,4,1,0,01,-,1,1,1,27,02/03/1996,1,03,3,2,1,01,7,2,3,1,003500,1,1,7922,16048
00,1023,4,12A223,19,40440,2,1,0,01,-,1,1,1,23,07/08/2000,1,04,3,2,1,01,4,4,3,1,001200,1,1,7922,16048
00,1023,4,12A223,19,40440,4,1,0,04,-,1,3,2,00,03/07/2023, , , , , , , , , , , ,1, ,7922,0
00,1023,4,12A223,19,40440,3,1,0,04,-,1,3,2,01,30/03/2022, , , , , , , , , , , ,1, ,7922,0
00,1023,4,12A223,19,40440,3,1,0,03,-,1,3,2,05,20/09/2018,2,01,1,1, , , , , , , ,1, ,7922,0
00,1023,4,12A223,19,40440,1,1,0,01,-,1,1,2,34,06/08/1989,1,03,3,2,1,01,4,4,2,1,001000,1,1,7922,16048
00,1023,4,12A223,19,40440,3,1,0,01,-,1,1,1,38,08/01/1985,1,07,4,2,5,01,1,2,3,2,015000,1, ,7922,0
00,1023,4,12A223,19,40440,1,1,0,02,-,1,8,2,45,17/05/1978,1,02,6,2,1,01,4,4,2,1,001000,1, ,7922,0
00,1023,4,12A223,19,40440,4,1,0,02,-,1,2,2,25,31/05/1998,1,02,6,2,1,07, , , , , ,1, ,7922,0
00,1023,4,12A223,19,40440,4,1,0,03,-,1,3,2,05,28/05/2018,2,01,2,1, , , , , , , ,1, ,7922,0
00,1023,4,12A223,19,40440,2,1,0,02,-,1,2,2,22,11/08/2001,1,04,2,2,1,01,5,5,3,2,003000,1, ,7922,0
00,1023,1,11A226,19,40445,1,1,0,02,-,1,2,2,31,18/01/1992,1,03,3,2,5,07, , , , , ,1, ,6717,0
00,1023,1,11A226,19,40445,1,1,0,04,-,1,3,2,02,26/08/2021, , , , , , , , , , , ,1, ,6717,0
00,1023,1,11A226,19,40445,3,1,0,01,-,1,1,2,64,28/08/1959,1,02,6,2,4,07, , , , , ,1, ,6717,0
00,1023,1,11A226,19,40445,1,1,0,03,-,1,3,1,07,23/03/2016,1,02,1,1, , , , , , , ,1, ,6717,0
00,1023,1,11A226,19,40445,4,1,0,03,-,1,3,1,27,23/02/1996,1,07,5,2,6,01,1,5,3,1,999999,1, ,6717,0
00,1023,1,11A226,19,40445,4,1,0,04,-,1,3,1,23,08/02/2000,1,07,5,1,6,01,5,5,3,2,999999,1,1,6717,27055
00,1023,1,11A226,19,40445,1,1,0,01,-,1,1,1,31,29/04/1992,1,07,2,2,5,01,1,3,3,1,003000,1,1,6717,13528
00,1023,1,11A226,19,40445,4,1,0,02,-,1,2,2,60,01/11/1962,1,03,3,2,5,04, , , , , ,1, ,6717,0
00,1023,1,11A226,19,40445,3,1,0,02,-,1,3,1,46,27/03/1977,1,03,3,2,2,01,5,5,2,1,000900,1,1,6717,13528
00,1023,1,11A226,19,40445,4,1,0,01,-,1,1,1,64,03/06/1959,1,03,3,2,5,09, , , , , ,1, ,6717,0
00,1023,1,11A226,19,40445,2,1,0,01,-,1,1,2,67,22/08/1956,1,03,3,2,4,07, , , , , ,1,1,6717,6764
00,1023,8,13A217,19,40447,4,1,0,02,-,1,3,1,31,30/06/1992,1,07,4,2,6,01,3,2,3,1,999999,1, ,9651,0
00,1023,8,13A217,19,40447,4,1,0,03,-,1,3,2,22,30/06/2001,1,03,3,2,6,07, , , , , ,1, ,9651,0
00,1023,8,13A217,19,40447,3,1,0,01,-,1,1,1,50,01/01/1973,1,08,3,2,5,01,1,7,3,2,020000,1,1,9651,39272
00,1023,8,13A217,19,40447,3,1,0,02,-,1,2,2,48,12/11/1974,1,06,3,2,5,07, , , , , ,1, ,9651,0
00,1023,8,13A217,19,40447,3,1,0,04,-,1,3,1,18,05/06/2005,1,04,2,1,6,06, , , , , ,1, ,9651,0
00,1023,1,13A226,19,40447,4,1,0,05,-,1,3,1,12,03/11/2010,1,03,1,1,6,06, , , , , ,1, ,9606,0
00,1023,8,13A217,19,40447,2,1,0,02,-,1,3,1,25,23/03/1998,1,03,3,2,6,01,6,2,3,1,001800,1, ,9651,0
00,1023,1,13A226,19,40447,4,1,0,04,-,1,3,1,22,11/07/2001,1,06,3,2,6,01,7,2,3,1,002700,1,1,9606,39085
14,1023,1,13A226,19,40447,1,1,0,01,-,1,1,1,29,09/09/1994,1,04,1,2,1,01,7,2,3,1,003500,1, ,9606,0
14,1023,1,13A226,19,40447,1,1,0,04,-,1,7,1,21,03/01/2002,1,04,1,2,6,01,3,2,3,1,003000,1, ,9606,0
00,1023,8,13A217,19,40447,4,1,0,04,-,1,5,1,10,30/06/2013,1,02,4,1, , , , , , , ,1, ,9651,0
00,1023,1,13A226,19,40447,2,1,0,04,-,1,3,1,18,15/02/2005,1,03,3,2,6,01,3,2,3,1,999999,1, ,9606,0
00,1023,1,13A226,19,40447,2,1,0,05,-,1,3,2,13,06/12/2009,1,03,2,1,6,06, , , , , ,1, ,9606,0
00,1023,1,13A226,19,40447,3,1,0,01,-,1,1,1,45,21/09/1978,1,04,2,2,5,01,3,2,3,1,006000,1, ,9606,0
14,1023,1,13A226,19,40447,1,1,0,02,-,1,2,2,25,25/04/1998,1,04,3,2,1,07, , , , , ,1, ,9606,0
00,1023,1,13A226,19,40447,4,1,0,02,-,1,2,2,48,15/09/1975,1,06,3,2,5,07, , , , , ,1, ,9606,0
14,1023,1,13A226,19,40447,1,1,0,03,-,1,6,1,21,05/09/2002,1,03,3,2,6,01,7,2,3,1,003000,1, ,9606,0
00,1023,8,13A217,19,40447,2,1,0,01,-,1,1,2,45,06/01/1978,1,03,3,2,1,07, , , , , ,1,1,9651,29454
00,1023,1,13A226,19,40447,4,1,0,01,-,1,1,1,49,05/07/1974,1,06,3,2,5,01,7,2,3,1,999999,1, ,9606,0
00,1023,1,13A226,19,40447,4,1,0,03,-,1,3,1,25,23/04/1998,1,06,3,2,6,01,7,2,3,1,003000,1, ,9606,0
00,1023,8,13A217,19,40447,2,1,0,04,-,1,3,1,13,13/11/2009,1,02,5,1,6,06, , , , , ,1, ,9651,0
00,1023,8,13A217,19,40447,3,1,0,03,-,1,3,1,23,19/02/2000,1,07,5,2,6,01,2,7,3,2,999999,1, ,9651,0
00,1023,1,13A226,19,40447,3,1,0,03,-,1,3,1,16,17/09/2007,1,04,1,1,6,06, , , , , ,1, ,9606,0
00,1023,8,13A217,19,40447,4,1,0,01,-,1,1,1,52,12/02/1971,1,03,3,2,6,01,3,7,3,2,004300,1,1,9651,29454
00,1023,1,13A226,19,40447,2,1,0,01,-,1,1,1,44,25/07/1979,1,03,3,2,5,01,3,2,3,1,002500,1, ,9606,0
00,1023,1,13A226,19,40447,2,1,0,03,-,1,3,2,19,12/09/2004,1,03,3,2,6,01,3,2,3,1,999999,1,1,9606,39085
00,1023,1,13A226,19,40447,2,1,0,02,-,1,2,2,42,05/06/1981,1,03,3,2,5,01,4,5,2,1,003500,1, ,9606,0
00,1023,8,13A217,19,40447,1,1,0,01,-,1,1,1,54,09/04/1969,1,03,3,2,5,01,7,2,3,1,002000,1,1,9651,19636
00,1023,8,13A217,19,40447,1,1,0,02,-,1,2,2,51,18/12/1971,1,03,3,2,5,07, , , , , ,1, ,9651,0
00,1023,1,13A226,19,40447,3,1,0,02,-,1,2,2,43,04/02/1980,1,03,3,2,5,07, , , , , ,1,1,9606,19543
00,1023,8,13A217,19,40447,2,1,0,03,-,1,3,1,22,16/05/2001,1,03,3,2,6,01,3,4,3,1,002000,1, ,9651,0
00,1023,8,12A217,19,40448,1,1,0,01,-,1,1,1,57,29/03/1966,1,03,3,2,5,01,5,5,3,2,002200,1, ,7524,0
00,1023,8,12A217,19,40448,4,1,0,04,-,1,3,2,25,02/12/1997,1,07,4,1,6,01,1,2,3,2,999999,1, ,7524,0
00,1023,1,12A226,19,40448,2,1,0,03,-,1,3,1,05,06/09/2018,2,01,2,1, , , , , , , ,1, ,7980,0
00,1023,8,12A217,19,40448,3,1,0,02,-,1,3,1,33,22/08/1990,2,07,4,2,6,01,3,2,3,2,999999,1, ,7524,0
00,1023,8,12A217,19,40448,4,1,0,01,-,1,1,2,53,10/02/1970,1,07,5,1,5,01,3,4,3,1,999999,1, ,7524,0
00,1023,8,12A217,19,40448,4,1,0,03,-,1,3,2,24,08/01/1999,1,07,1,1,6,01,3,5,3,1,999999,1, ,7524,0
00,1023,1,12A226,19,40448,2,1,0,02,-,1,2,2,33,26/04/1990,1,07,5,2,5,07, , , , , ,1,1,7980,16165
00,1023,1,12A226,19,40448,4,1,0,01,-,1,1,1,20,21/01/2003,1,04,3,2,6,01,5,5,3,1,001000,1,1,7980,8083
00,1023,8,12A217,19,40448,1,1,0,03,-,1,3,2,30,09/06/1993,1,04,3,2,6,07, , , , , ,1, ,7524,0
00,1023,8,12A217,19,40448,2,1,0,04,-,1,3,2,00,30/06/2023, , , , , , , , , , , ,1, ,7524,0
00,1023,8,12A217,19,40448,2,1,0,01,-,1,1,1,47,05/05/1976,1,07,4,2,5,01,3,4,3,2,999999,1, ,7524,0
00,1023,1,12A226,19,40448,3,1,0,03,-,1,3,1,15,27/12/2007,1,04,1,1,6,06, , , , , ,1, ,7980,0
00,1023,1,12A226,19,40448,2,1,0,01,-,1,1,1,37,25/06/1986,1,04,2,2,5,01,1,5,3,1,999999,1, ,7980,0
00,1023,8,12A217,19,40448,4,1,0,02,-,1,3,2,28,14/03/1995,1,07,3,1,3,01,3,4,3,1,999999,1,1,7524,38104
00,1023,1,12A226,19,40448,2,1,0,04,-,1,3,1,01,05/06/2022, , , , , , , , , , , ,1, ,7980,0
00,1023,8,12A217,19,40448,3,1,0,01,-,1,1,1,65,12/12/1957,1,07,4,2,4,08, , , , , ,1,1,7524,15241
00,1023,8,12A217,19,40448,4,1,0,05,-,1,3,2,19,27/07/2004,1,04,3,1,6,06, , , , , ,1, ,7524,0
00,1023,1,12A226,19,40448,3,1,0,02,-,1,2,2,39,03/02/1984,1,07,4,2,1,01,7,5,3,1,001300,1, ,7980,0
00,1023,8,12A217,19,40448,2,1,0,03,-,1,3,2,05,22/11/2017,2,01,1,1, , , , , , , ,1, ,7524,0
00,1023,8,12A217,19,40448,1,1,0,02,-,1,2,2,59,12/01/1964,1,04,3,2,5,07, , , , , ,1,1,7524,22862
00,1023,1,12A226,19,40448,1,1,0,01,-,1,1,1,66,18/01/1957,1,04,2,2,5,08, , , , , ,1, ,7980,0
00,1023,1,12A226,19,40448,3,1,0,01,-,1,1,1,39,24/05/1984,1,07,4,2,1,01,1,5,3,1,999999,1,1,7980,16165
00,1023,1,12A226,19,40448,3,1,0,04,-,1,3,1,14,17/01/2009,1,03,2,1,6,06, , , , , ,1, ,7980,0
00,1023,1,12A226,19,40448,3,1,0,05,-,1,3,1,12,03/08/2011,1,02,6,1,6,06, , , , , ,1, ,7980,0
00,1023,1,12A226,19,40448,3,1,0,06,-,1,3,2,08,06/03/2015,1,02,2,1, , , , , , , ,1, ,7980,0
00,1023,8,12A217,19,40448,2,1,0,02,-,1,2,2,37,20/01/1986,1,06,3,2,5,07, , , , , ,1,1,7524,15241
00,1023,1,12A226,19,40448,1,1,0,02,-,1,2,2,65,01/10/1958,1,03,3,2,5,07, , , , , ,1,1,7980,16165
00,1023,1,11A226,19,40452,3,1,0,02,-,1,2,2,38,10/04/1985,1,02,6,2,5,07, , , , , ,1, ,6716,0
00,1023,1,11A226,19,40452,3,1,0,03,-,1,3,1,17,28/10/2005,1,04,1,1,6,06, , , , , ,1, ,6716,0
00,1023,1,11A226,19,40452,2,1,0,01,-,1,1,2,63,01/03/1960,1,02,2,2,5,01,9,9,2,1,001400,1,1,6716,20289
00,1023,1,11A226,19,40452,2,1,0,04,-,1,5,2,14,30/06/2009,1,03,2,1,6,06, , , , , ,1, ,6716,0
00,1023,1,11A226,19,40452,1,1,0,01,-,1,1,2,72,22/03/1951,1,02,6,2,4,01,4,4,2,1,001800,1, ,6716,0
00,1023,8,11A217,19,40452,3,1,0,04,-,1,3,2,08,08/04/2015,1,01,3,1, , , , , , , ,1, ,3462,0
00,1023,8,11A217,19,40452,2,1,0,01,-,1,1,1,46,29/03/1977,1,08,3,2,3,01,1,5,3,2,025000,1,1,3462,3487
00,1023,1,11A226,19,40452,1,1,0,04,-,1,3,2,15,11/09/2008,1,03,3,1,6,06, , , , , ,1, ,6716,0
00,1023,1,11A226,19,40452,1,1,0,03,-,1,3,1,40,17/09/1983,1,04,3,2,6,01,4,4,3,1,003000,1,1,6716,20289
00,1023,1,11A226,19,40452,4,1,0,05,-,1,3,2,03,11/01/2020, , , , , , , , , , , ,1, ,6716,0
00,1023,1,11A226,19,40452,4,1,0,02,-,1,2,2,27,23/04/1996,1,03,3,2,1,07, , , , , ,1, ,6716,0
00,1023,1,11A226,19,40452,2,1,0,02,-,1,2,1,71,08/05/1952,1,02,4,2,5,01,9,9,2,1,000300,1, ,6716,0
00,1023,1,11A226,19,40452,2,1,0,03,-,1,4,1,94,30/06/1929,2,00, ,2,4,10, , , , , ,1, ,6716,0
00,1023,8,11A217,19,40452,3,1,0,01,-,1,1,1,48,23/12/1974,1,07,2,2,5,01,7,2,3,1,003000,1, ,3462,0
00,1023,8,11A217,19,40452,3,1,0,02,-,1,2,2,48,11/05/1975,1,03,3,2,5,01,5,5,2,1,001000,1,1,3462,6973
00,1023,1,11A226,19,40452,4,1,0,01,-,1,1,1,29,09/05/1994,1,06,3,2,1,01,1,3,3,1,005500,1,1,6716,13526
00,1023,1,11A226,19,40452,4,1,0,03,-,1,3,1,11,08/01/2012,1,02,5,1, , , , , , , ,1, ,6716,0
00,1023,1,11A226,19,40452,3,1,0,05,-,1,3,1,10,02/11/2012,1,02,4,1, , , , , , , ,1, ,6716,0
00,1023,1,11A226,19,40452,1,1,0,02,-,1,3,2,51,27/03/1972,1,04,3,2,6,01,4,4,2,1,003500,1, ,6716,0
00,1023,8,11A217,19,40452,3,1,0,03,-,1,3,2,13,11/11/2009,1,02,6,1,6,06, , , , , ,1, ,3462,0
00,1023,8,11A217,19,40452,1,1,0,01,-,1,1,1,36,08/09/1987,1,07,3,2,3,01,3,5,3,1,006000,1,1,3462,3487
00,1023,1,11A226,19,40452,3,1,0,01,-,1,1,1,43,21/01/1980,1,03,3,2,5,01,5,5,2,3,020000,1,1,6716,13526
00,1023,1,11A226,19,40452,3,1,0,04,-,1,3,1,14,11/05/2009,1,03,2,1,6,06, , , , , ,1, ,6716,0
00,1023,1,11A226,19,40452,4,1,0,04,-,1,3,1,09,18/07/2014,2,00, ,2, , , , , , , ,1, ,6716,0
00,1023,5,12B212,19,40459,3,1,0,02,-,1,2,2,65,18/07/1958,1,06,2,2,5,07, , , , , ,1, ,7781,0
00,1023,5,12B212,19,40459,2,1,0,02,-,3,5,1,24,30/06/1999,2,07,4,2,6,01,1,5,3,2,999999,1, ,7781,0
00,1023,5,12B212,19,40459,2,1,0,01,-,1,1,2,69,30/10/1953,1,03,3,2,6,08, , , , , ,1,1,7781,15761
00,1023,5,12B212,19,40459,3,1,0,04,-,1,3,1,20,31/07/2003,1,07,1,1,6,01,9,9,2,1,001500,1,1,7781,31522
00,1023,5,12B212,19,40459,1,1,0,01,-,1,1,1,26,10/06/1997,1,07,1,2,1,01,4,4,3,1,003000,1,1,7781,15761
00,1023,5,12B212,19,40459,3,1,0,01,-,1,1,1,70,21/10/1952,1,03,3,2,5,08, , , , , ,1, ,7781,0
00,1023,5,12B212,19,40459,1,1,0,03,-,1,3,1,03,09/06/2020, , , , , , , , , , , ,1, ,7781,0
00,1023,5,12B212,19,40459,1,1,0,04,-,1,3,2,01,21/04/2022, , , , , , , , , , , ,1, ,7781,0
00,1023,5,12B212,19,40459,1,1,0,02,-,1,2,2,26,25/01/1997,1,04,3,2,1,07, , , , , ,1, ,7781,0
00,1023,5,12B212,19,40459,3,1,0,03,-,1,3,1,28,20/01/1995,1,07,1,1,6,01,4,4,3,1,999999,1, ,7781,0
00,1023,5,13B212,19,40460,4,1,0,02,-,1,3,1,32,21/11/1990,1,07,5,2,3,04, , , , , ,1, ,8628,0
00,1023,5,13B212,19,40460,1,1,0,03,-,1,3,2,26,04/04/1997,1,07,5,2,6,01,3,4,3,1,999999,1, ,8628,0
00,1023,5,13B212,19,40460,1,1,0,02,-,1,2,2,55,10/04/1968,1,04,2,2,5,01,3,4,3,1,999999,1, ,8628,0
00,1023,5,13B212,19,40460,1,1,0,01,-,1,1,1,56,09/09/1967,1,04,2,2,5,01,5,5,2,1,001500,1,1,8628,26329
00,1023,5,13B212,19,40460,4,1,0,01,-,1,1,2,58,15/10/1964,1,06,2,2,4,08, , , , , ,1,1,8628,17553
00,1023,4,13A223,19,40487,3,1,0,05,-,1,3,1,18,21/06/2005,1,04,2,1,6,06, , , , , ,1, ,8998,0
00,1023,4,13A223,19,40487,2,1,0,02,-,1,2,2,52,25/11/1970,1,06,4,2,5,07, , , , , ,1,1,8998,45768
00,1023,4,13A223,19,40487,2,1,0,05,-,1,9,2,40,08/02/1983,1,03,3,2,6,01,5,5,3,1,999999,1, ,8998,0
00,1023,4,13A223,19,40487,1,1,0,01,-,1,1,2,70,06/02/1953,1,07,4,2,4,08, , , , , ,1, ,8998,0
00,1023,4,13A223,19,40487,4,1,0,02,-,1,2,2,59,07/02/1964,1,07,5,2,5,01,4,1,1,3,999999,1, ,8998,0
00,1023,4,13A223,19,40487,1,1,0,03,-,1,3,2,33,29/07/1990,1,07,4,2,5,01,3,5,2,1,999999,1,1,8998,27461
00,1023,4,13A223,19,40487,1,1,0,05,-,1,5,1,06,16/09/2017,2,01,3,1, , , , , , , ,1, ,8998,0
00,1023,4,13A223,19,40487,3,1,0,01,-,1,1,1,53,10/07/1970,1,07,5,2,5,01,1,3,1,3,999999,1, ,8998,0
00,1023,4,13A223,19,40487,3,1,0,03,-,1,3,1,27,24/06/1996,1,07,5,2,6,01,1,5,3,3,999999,1, ,8998,0
00,1023,4,13A223,19,40487,3,1,0,04,-,1,3,2,24,28/02/1999,1,07,5,2,6,01,1,5,3,3,999999,1, ,8998,0
00,1023,4,13A223,19,40487,1,1,0,04,-,1,5,2,06,31/10/2016,1,02,1,1, , , , , , , ,1, ,8998,0
00,1023,4,13A223,19,40487,2,1,0,03,-,1,3,1,28,16/09/1995,1,07,4,2,6,01,3,4,3,1,999999,1, ,8998,0
00,1023,4,13A223,19,40487,3,1,0,02,-,1,2,2,54,20/03/1969,1,07,5,2,5,07, , , , , ,1,1,8998,45768
00,1023,4,13A223,19,40487,2,1,0,04,-,1,3,1,24,15/02/1999,1,07,4,2,6,01,1,2,1,1,999999,1, ,8998,0
00,1023,4,13A223,19,40487,4,1,0,01,-,1,1,1,62,05/05/1961,1,07,5,2,5,01,1,3,1,3,999999,1,1,8998,18307
00,1023,4,13A223,19,40487,2,1,0,01,-,1,1,1,62,01/05/1961,1,07,4,2,5,01,1,4,1,1,999999,1, ,8998,0
00,1023,4,13A223,19,40487,1,1,0,02,-,1,5,1,35,01/01/1988,1,07,4,2,5,01,1,5,1,1,999999,1, ,8998,0
00,1023,8,13A217,19,40491,1,1,0,01,-,1,1,1,52,06/10/1970,1,04,2,2,5,01,5,4,3,1,999999,1, ,8798,0
00,1023,8,13A217,19,40491,4,1,0,03,-,1,3,1,24,28/02/1999,1,03,3,2,6,01,1,6,3,1,999999,1,1,8798,35801
00,1023,8,13A217,19,40491,4,1,0,01,-,1,1,1,50,10/04/1973,1,03,3,2,5,01,5,5,3,1,999999,1, ,8798,0
00,1023,8,13A217,19,40491,1,1,0,02,-,1,2,2,50,28/03/1973,1,04,2,2,5,07, , , , , ,1,1,8798,26851
00,1023,8,13A217,19,40491,4,1,0,04,-,1,3,2,29,25/05/1994,1,03,3,2,6,01,7,2,3,1,003000,1, ,8798,0
00,1023,8,13A217,19,40491,2,1,0,05,-,1,3,1,20,24/09/2003,1,06,3,2,6,01,4,4,3,1,002500,1, ,8798,0
00,1023,5,13A217,19,40491,2,1,0,03,-,2, , , , , , , , , , , , , , , ,1, ,0,0
00,1023,8,13A217,19,40491,4,1,0,02,-,1,2,2,48,02/02/1975,1,03,3,2,5,01,5,4,3,2,004000,1, ,8798,0
00,1023,8,13A217,19,40491,2,1,0,02,-,1,2,2,47,22/10/1975,1,06,3,2,5,07, , , , , ,1, ,8798,0
00,1023,8,13A217,19,40491,2,1,0,01,-,1,1,1,55,28/08/1968,1,03,3,2,5,01,7,2,3,1,999999,1, ,8798,0
00,1023,8,13A217,19,40491,1,1,0,03,-,1,3,2,24,16/10/1998,1,07,5,2,6,01,1,5,3,2,999999,1, ,8798,0
00,1023,8,13A217,19,40491,2,1,0,04,-,1,3,1,24,13/07/1999,1,06,3,2,6,01,7,2,3,1,002300,1,1,8798,35801
00,1023,8,13A217,19,40494,2,1,0,02,-,1,2,2,39,20/08/1984,1,07,2,2,5,01,1,6,3,2,999999,1, ,8311,0
00,1023,8,13A217,19,40494,4,1,0,03,-,1,3,1,22,08/06/2001,1,08,1,2,6,01,1,5,3,2,010000,1, ,8311,0
00,1023,8,13A217,19,40494,2,1,0,04,-,1,3,2,04,31/01/2019, , , , , , , , , , , ,1, ,8311,0
00,1023,8,13A217,19,40494,3,1,0,02,-,1,2,2,30,11/03/1993,1,04,2,2,5,07, , , , , ,1,1,8311,16909
00,1023,8,13A217,19,40494,3,1,0,01,-,1,1,1,30,07/02/1993,1,06,3,2,5,01,3,4,3,2,999999,1, ,8311,0
00,1023,8,13A217,19,40494,2,1,0,03,-,1,3,1,07,15/09/2016,2,01,1,1, , , , , , , ,1, ,8311,0
00,1023,8,13A217,19,40494,4,1,0,02,-,1,2,2,52,23/09/1971,1,07,5,2,5,01,1,3,3,2,999999,1, ,8311,0
00,1023,8,13A217,19,40494,3,1,0,03,-,1,3,1,10,29/01/2013,1,02,3,1, , , , , , , ,1, ,8311,0
00,1023,8,13A217,19,40494,4,1,0,04,-,1,3,2,23,30/04/2000,1,07,5,1,6,01,1,5,3,2,999999,1,1,8311,33817
00,1023,8,13A217,19,40494,4,1,0,01,-,1,1,1,52,30/06/1971,1,07,5,2,5,01,1,3,3,2,999999,1, ,8311,0
00,1023,8,13A217,19,40494,3,1,0,04,-,1,3,2,02,19/09/2021, , , , , , , , , , , ,1, ,8311,0
00,1023,8,13A217,19,40494,2,1,0,01,-,1,1,1,44,02/07/1979,1,07,3,2,5,01,4,5,3,2,999999,1,1,8311,16909
00,1023,8,13A217,19,40494,1,1,0,04,-,1,3,1,19,02/01/2004,1,04,3,1,6,06, , , , , ,1, ,8311,0
00,1023,8,13A217,19,40494,1,1,0,03,-,1,3,1,24,11/05/1999,1,07,1,2,6,01,4,4,2,2,999999,1, ,8311,0
00,1023,8,13A217,19,40494,1,1,0,01,-,1,1,1,57,29/06/1966,1,04,3,2,5,01,4,4,3,3,999999,1, ,8311,0
00,1023,8,13A217,19,40494,1,1,0,02,-,1,2,2,53,25/08/1970,1,07,5,2,5,07, , , , , ,1,1,8311,33817
00,1023,5,12B212,19,40500,2,1,0,06,-,1,5,2,13,04/10/2010,1,02,6,1,6,06, , , , , ,1, ,7644,0
00,1023,5,12B212,19,40500,3,1,0,01,-,1,1,2,50,03/09/1973,1,03,3,2,5,07, , , , , ,1, ,7644,0
00,1023,5,12B212,19,40500,2,1,0,04,-,1,5,1,98, ,1,07,3,2,5,01,7,2,3,1,002500,1, ,7644,0
00,1023,5,12B212,19,40500,1,1,0,01,-,1,1,1,39,03/05/1984,1,04,2,2,5,01,3,4,3,1,002000,1,1,7644,15485
00,1023,5,12B212,19,40500,3,1,0,04,-,2, , , , , , , , , , , , , , , ,1, ,0,0
00,1023,5,12B212,19,40500,2,1,0,02,-,1,2,2,56,01/10/1967,1,03,3,2,5,07, , , , , ,1, ,7644,0
00,1023,5,12B212,19,40500,3,1,0,02,-,1,2,1,54,06/10/1968,1,03,3,2,5,09, , , , , ,1,1,7644,23227
00,1023,5,12B212,19,40500,4,1,0,01,-,1,1,1,61,06/10/1961,1,02,6,2,1,01,4,5,2,1,999999,1, ,7644,0
00,1023,5,12B212,19,40500,3,1,0,03,-,1,3,1,34,05/07/1989,1,03,3,2,2,01,7,2,3,1,999999,1, ,7644,0
00,1023,5,12B212,19,40500,4,1,0,02,-,1,2,2,61,04/10/1961,1,06,4,2,1,07, , , , , ,1,1,7644,15485
00,1023,5,12B212,19,40500,1,1,0,02,-,1,2,2,41,29/07/1982,1,04,2,2,5,07, , , , , ,1, ,7644,0
00,1023,5,12B212,19,40500,2,1,0,01,-,1,1,1,52,06/10/1971,1,04,3,2,5,01,7,2,3,1,999999,1, ,7644,0
00,1023,5,12B212,19,40500,2,1,0,03,-,1,3,2,32,06/10/1991,1,07,3,2,5,07, , , , , ,1,1,7644,38711
00,1023,5,12B212,19,40500,1,1,0,04,-,1,3,2,05,19/06/2018,2,01,2,1, , , , , , , ,1, ,7644,0
00,1023,5,12B212,19,40500,1,1,0,03,-,1,3,1,13,16/04/2010,1,02,6,1,6,06, , , , , ,1, ,7644,0
00,1023,5,12B212,19,40500,2,1,0,05,-,1,3,2,29,06/10/1994,1,04,3,2,6,01,7,2,3,1,999999,1, ,7644,0
00,1023,5,11B212,19,40501,4,1,0,07,-,3,7,2,37,11/07/1986,1,02,6,2,3,01,7,2,3,1,001700,1, ,8080,0
00,1023,5,11B212,19,40501,4,1,0,02,-,1,2,2,34,29/10/1988,1,03,3,2,1,07, , , , , ,1, ,8080,0
00,1023,5,11B212,19,40501,4,1,0,05,-,1,3,1,08,17/07/2015,1,02,1,1, , , , , , , ,1, ,8080,0
00,1023,5,11B212,19,40501,4,1,0,06,-,1,3,1,06,13/12/2016,1,01,2,1, , , , , , , ,1, ,8080,0
00,1023,5,11B212,19,40501,1,1,0,01,-,1,1,2,50,17/05/1973,1,03,3,2,4,01,7,2,3,1,001600,1,1,8080,8137
00,1023,5,11B212,19,40501,4,1,0,03,-,1,3,2,14,13/10/2008,1,03,1,1,6,06, , , , , ,1, ,8080,0
00,1023,5,11B212,19,40501,4,1,0,01,-,1,1,1,38,21/07/1985,1,03,3,2,1,01,7,4,3,1,002500,1,1,8080,24411
00,1023,5,11B212,19,40501,3,1,0,04,-,1,3,1,15,30/06/2008,1,03,2,1,6,06, , , , , ,1, ,8080,0
00,1023,5,11B212,19,40501,3,1,0,05,-,1,3,1,12,12/10/2010,1,02,6,1,6,06, , , , , ,1, ,8080,0
00,1023,5,11B212,19,40501,3,1,0,02,-,1,2,2,47,06/03/1976,1,03,3,2,5,07, , , , , ,1,1,8080,24411
00,1023,5,11B212,19,40501,3,1,0,03,-,1,3,2,18,27/05/2005,1,04,2,2,6,07, , , , , ,1, ,8080,0
00,1023,5,11B212,19,40501,1,1,0,02,-,2, , , , , , , , , , , , , , , ,1, ,0,0
00,1023,5,11B212,19,40501,3,1,0,01,-,1,1,1,49,22/03/1974,1,03,3,2,5,01,4,4,3,1,001800,1, ,8080,0
00,1023,5,11B212,19,40501,4,1,0,04,-,1,3,2,13,18/08/2010,1,02,6,1,6,06, , , , , ,1, ,8080,0
00,1023,5,13B212,19,40502,4,1,0,04,-,1,3,1,17,20/09/2006,1,04,1,1,6,06, , , , , ,1, ,8795,0
00,1023,5,13B212,19,40502,2,1,0,01,-,1,1,1,49,21/10/1973,1,07,5,2,5,01,4,4,3,2,020000,1,1,8795,35788
00,1023,5,13B212,19,40502,2,1,0,02,-,1,2,2,49,16/09/1974,1,07,5,2,5,01,1,5,3,2,028000,1, ,8795,0
00,1023,5,13B212,19,40502,2,1,0,04,-,1,3,2,19,26/10/2003,1,07,1,1,6,01,3,2,3,1,001800,1, ,8795,0
00,1023,5,13B212,19,40502,4,1,0,01,-,1,1,1,53,17/09/1970,1,08,3,2,5,01,1,4,3,2,010000,1, ,8795,0
00,1023,5,13B212,19,40502,4,1,0,02,-,1,2,2,51,07/11/1971,1,07,4,2,5,01,1,2,3,1,008000,1, ,8795,0
00,1023,5,13B212,19,40502,4,1,0,03,-,1,3,1,21,30/09/2002,1,07,2,1,6,06, , , , , ,1,1,8795,26841
00,1023,5,13B212,19,40502,2,1,0,05,-,1,3,1,08,31/03/2015,2,02,1,1, , , , , , , ,1, ,8795,0
00,1023,5,13B212,19,40502,2,1,0,03,-,1,3,1,22,30/04/2001,1,07,1,1,6,01,3,2,3,1,001000,1, ,8795,0
00,1023,5,12B212,19,40505,3,1,0,04,-,1,3,1,01,17/01/2022, , , , , , , , , , , ,1, ,8295,0
00,1023,5,12B212,19,40505,1,1,0,03,-,1,3,1,24,10/09/1999,1,07,5,2,6,01,1,4,3,2,999999,1, ,8295,0
00,1023,5,12B212,19,40505,3,1,0,03,-,1,3,2,12,31/07/2011,1,02,5,1,6,06, , , , , ,1, ,8295,0
00,1023,5,12B212,19,40505,1,1,0,02,-,1,2,2,55,29/05/1968,1,04,2,2,1,01,5,5,3,1,001200,1, ,8295,0
00,1023,5,12B212,19,40505,3,1,0,01,-,1,1,2,31,29/05/1992,1,04,3,2,5,01,3,7,3,2,004400,1,1,8295,16804
00,1023,5,12B212,19,40505,1,1,0,01,-,1,1,1,66,03/10/1956,1,07,5,2,1,01,4,4,2,1,005000,1,1,8295,25205
00,1023,5,12B212,19,40505,3,1,0,02,-,1,2,1,40,08/01/1983,1,03,3,2,5,07, , , , , ,1, ,8295,0
00,1023,4,12A223,19,40528,2,1,2,02,-,1,3,2,12,29/04/2011,1,02,6,1,6,06, , , , , ,1, ,8082,0
00,1023,4,12A223,19,40528,1,1,0,03,-,1,3,1,22,16/10/2000,1,07,5,1,6,01,3,5,3,2,999999,1, ,8082,0
00,1023,4,12A223,19,40528,4,1,0,01,-,1,1,1,29,04/04/1994,1,04,1,2,5,01,5,5,3,1,001200,1,1,8082,16373
00,1023,4,12A223,19,40528,4,1,0,02,-,1,2,2,28,08/04/1995,1,07,2,2,5,07, , , , , ,1, ,8082,0
00,1023,4,12A223,19,40528,1,1,0,02,-,1,2,2,58,08/02/1965,1,02,6,2,5,07, , , , , ,1, ,8082,0
00,1023,4,12A223,19,40528,2,1,2,01,-,1,1,2,49,16/09/1974,1,03,3,2,6,01,3,4,3,1,001700,1,1,8082,8186
00,1023,4,12A223,19,40528,1,1,0,01,-,1,1,1,67,10/02/1956,1,04,2,2,5,08, , , , , ,1,1,8082,24559
00,1023,4,13A223,19,40536,4,1,0,03,-,1,3,1,23,29/04/2000,1,07,3,1,6,06, , , , , ,1, ,8976,0
00,1023,4,13A223,19,40536,2,1,0,03,-,1,3,2,11,05/11/2011,1,02,5,1, , , , , , , ,1, ,8976,0
00,1023,4,13A223,19,40536,1,1,0,02,-,1,2,2,36,15/01/1987,1,04,2,2,5,01,3,5,3,2,999999,1, ,8976,0
00,1023,4,13A223,19,40536,4,1,0,04,-,1,3,2,17,13/10/2005,1,04,3,1,6,06, , , , , ,1, ,8976,0
00,1023,4,13A223,19,40536,2,1,0,04,-,1,3,2,03,04/06/2020, , , , , , , , , , , ,1, ,8976,0
00,1023,4,13A223,19,40536,1,1,0,01,-,1,1,1,38,23/01/1985,1,07,2,2,5,01,4,4,3,2,999999,1,1,8976,18262
00,1023,4,13A223,19,40536,2,1,0,02,-,1,2,2,44,27/06/1979,1,07,4,2,1,01,3,6,3,3,070000,1,1,8976,18262
00,1023,4,13A223,19,40536,1,1,0,03,-,1,3,2,17,19/01/2006,1,04,2,1,6,06, , , , , ,1, ,8976,0
00,1023,4,13A223,19,40536,3,1,0,01,-,1,1,1,44,03/12/1978,1,07,5,2,5,01,4,5,3,2,999999,1, ,8976,0
00,1023,4,13A223,19,40536,4,1,0,01,-,1,1,1,53,27/01/1970,1,04,3,2,5,01,7,3,2,1,999999,1,1,8976,27393
00,1023,4,13A223,19,40536,2,1,0,01,-,1,1,1,43,23/11/1979,1,07,4,2,1,01,1,6,3,3,045000,1, ,8976,0
00,1023,4,13A223,19,40536,1,1,0,04,-,1,3,1,16,04/01/2007,1,04,1,1,6,06, , , , , ,1, ,8976,0
00,1023,4,13A223,19,40536,4,1,0,02,-,1,2,2,54,01/03/1969,1,06,3,2,5,03,3,5,3,2,999999,1, ,8976,0
00,1023,4,13A223,19,40536,3,1,0,02,-,1,2,2,39,01/06/1984,1,07,4,2,5,01,3,5,3,1,999999,1,1,8976,18262
00,1023,4,13A223,19,40536,1,1,0,05,-,1,3,1,09,02/04/2014,2,02,3,1, , , , , , , ,1, ,8976,0
00,1023,8,12A217,19,40537,1,1,0,01,-,1,1,2,87,29/06/1936,1,02,6,2,4,07, , , , , ,1,1,7991,8094
00,1023,8,12A217,19,40537,4,1,0,03,-,1,3,1,38,22/08/1985,2,00, ,2,6,09, , , , , ,1, ,7991,0
00,1023,8,12A217,19,40537,3,1,0,01,-,1,1,1,66,10/07/1957,1,04,2,2,3,01,3,4,3,1,999999,1,1,7991,8094
00,1023,8,12A217,19,40537,2,1,0,01,-,1,1,2,63,23/04/1960,1,02,6,2,5,07, , , , , ,1,1,7991,8094
00,1023,8,12A217,19,40537,4,1,0,02,-,1,2,2,64,09/01/1959,1,03,3,2,5,07, , , , , ,1,1,7991,24281
00,1023,8,12A217,19,40537,4,1,0,01,-,1,1,1,66,18/08/1957,1,07,6,2,5,08, , , , , ,1, ,7991,0
00,1023,1,13A226,19,40538,2,1,0,02,-,1,2,2,59,25/11/1963,1,06,2,2,5,07, , , , , ,1,1,10549,32193
00,1023,1,13A226,19,40538,1,1,0,04,-,1,3,2,24,07/10/1999,1,07,5,1,6,06, , , , , ,1, ,10549,0
00,1023,1,13A226,19,40538,1,1,0,01,-,1,1,1,65,16/09/1958,1,07,5,2,5,01,3,2,3,2,999999,1,1,10549,42924
00,1023,1,13A226,19,40538,3,1,0,02,-,1,2,2,56,03/12/1966,1,07,5,2,5,01,1,5,2,1,008000,1,1,10549,21462
00,1023,1,13A226,19,40538,2,1,0,03,-,1,4,1,91,10/02/1932,1,07,4,2,4,08, , , , , ,1, ,10549,0
00,1023,1,13A226,19,40538,4,1,0,01,-,1,1,1,68,26/08/1955,1,07,4,2,5,08, , , , , ,1, ,10549,0
00,1023,1,13A226,19,40538,1,1,0,02,-,1,2,2,60,06/03/1963,1,07,5,2,5,07, , , , , ,1, ,10549,0
00,1023,1,13A226,19,40538,1,1,0,03,-,1,3,2,24,08/02/1999,1,07,5,2,6,01,1,5,3,2,999999,1, ,10549,0
00,1023,1,13A226,19,40538,4,1,0,02,-,1,2,2,64,17/03/1959,1,07,5,2,5,07, , , , , ,1, ,10549,0
00,1023,1,13A226,19,40538,4,1,0,03,-,1,3,1,28,02/02/1995,1,08,3,2,6,01,1,5,3,3,999999,1,1,10549,32193
00,1023,1,13A226,19,40538,3,1,0,03,-,1,3,2,17,12/07/2006,1,04,1,1,6,06, , , , , ,1, ,10549,0
00,1023,1,13A226,19,40538,3,1,0,01,-,1,1,1,55,06/10/1968,1,07,5,2,5,01,1,2,1,3,999999,1, ,10549,0
00,1023,1,13A226,19,40538,2,1,0,01,-,1,1,1,67,15/10/1956,1,08,2,2,5,08, , , , , ,1, ,10549,0
00,1023,1,12A226,19,40539,3,1,0,02,-,1,2,2,24,13/12/1998,1,07,6,2,5,01,1,2,3,2,015000,1, ,8984,0
00,1023,1,12A226,19,40539,2,1,0,01,-,1,1,2,22,17/11/2000,1,07,3,1,2,01,3,3,3,2,002000,1,1,8984,9099
00,1023,1,12A226,19,40539,1,1,0,01,-,1,1,2,83,17/09/1940,2,00, ,2,4,09, , , , , ,1, ,8984,0
00,1023,1,12A226,19,40539,3,1,0,01,-,1,1,1,29,26/01/1994,1,07,6,2,5,01,1,3,3,2,015000,1,1,8984,18198
00,1023,1,12A226,19,40539,1,1,0,02,-,1,3,1,50,08/07/1973,1,07,5,2,5,01,4,4,3,3,999999,1,1,8984,18198
00,1023,8,12A217,19,40541,3,1,0,02,-,1,2,2,30,15/12/1992,1,04,2,2,5,07, , , , , ,1,1,8769,17763
00,1023,8,12A217,19,40541,3,1,0,03,-,1,3,1,08,07/04/2015,1,01,2,1, , , , , , , ,1, ,8769,0
00,1023,8,12A217,19,40541,4,1,0,03,-,1,3,2,19,09/01/2004,1,04,2,1,6,06, , , , , ,1, ,8769,0
00,1023,8,12A217,19,40541,3,1,0,01,-,1,1,1,29,15/03/1994,1,04,2,2,5,01,7,2,3,1,999999,1, ,8769,0
00,1023,8,12A217,19,40541,4,1,0,02,-,1,2,2,49,09/02/1974,1,03,3,2,5,07, , , , , ,1,1,8769,35526
00,1023,8,12A217,19,40541,1,1,0,01,-,1,1,2,40,27/10/1982,1,03,3,2,2,01,7,2,3,1,001600,1,1,8769,8881
00,1023,8,12A217,19,40541,3,1,0,04,-,1,7,1,17,08/05/2006,1,04,2,1,6,06, , , , , ,1, ,8769,0
00,1023,8,12A217,19,40541,4,1,0,01,-,1,1,1,41,28/09/1982,1,03,3,2,5,01,7,2,3,1,001600,1, ,8769,0
00,1023,8,12A217,19,40541,1,1,0,02,-,1,3,1,16,18/10/2006,1,04,1,1,6,06, , , , , ,1, ,8769,0
00,1023,8,12A217,19,40541,4,1,0,04,-,1,3,1,18,16/02/2005,1,04,1,1,6,06, , , , , ,1, ,8769,0
00,1023,8,12A217,19,40541,1,1,0,03,-,1,3,1,12,26/08/2011,1,02,5,1,6,06, , , , , ,1, ,8769,0
00,1023,1,11A226,19,40543,2,1,0,01,-,1,1,2,68,05/09/1955,2,00, ,2,4,07, , , , , ,1,1,7095,7145
00,1023,1,11A226,19,40543,4,1,0,07,-,1,3,1,37,27/04/1986,1,03,3,2,3,01,7,2,3,1,999999,1, ,7095,0
00,1023,1,11A226,19,40543,3,1,0,03,-,1,7,1,09,06/02/2014,1,02,3,1, , , , , , , ,1, ,7095,0
00,1023,1,11A226,19,40543,4,1,0,06,-,1,3,2,06,15/09/2017,2,01,3,1, , , , , , , ,1, ,7095,0
00,1023,1,11A226,19,40543,1,1,0,03,-,1,3,1,35,09/05/1988,1,04,2,2,6,01,5,5,2,1,999999,1, ,7095,0
00,1023,1,11A226,19,40543,4,1,0,02,-,1,2,2,59,04/11/1963,1,02,1,2,5,07, , , , , ,1, ,7095,0
00,1023,1,11A226,19,40543,4,1,0,01,-,1,1,1,57,11/09/1966,1,02,6,2,5,10, , , , , ,1,1,7095,35725
00,1023,1,11A226,19,40543,4,1,0,03,-,1,3,1,38,17/04/1985,1,03,3,2,1,01,7,2,3,1,001500,1, ,7095,0
00,1023,1,11A226,19,40543,4,1,0,04,-,1,5,2,31,17/05/1992,1,04,3,2,1,07, , , , , ,1, ,7095,0
00,1023,1,11A226,19,40543,1,1,0,02,-,1,2,2,64,13/06/1959,1,03,3,2,5,08, , , , , ,1, ,7095,0
00,1023,1,11A226,19,40543,4,1,0,05,-,1,5,1,08,29/09/2015,1,02,2,1, , , , , , , ,1, ,7095,0
00,1023,1,11A226,19,40543,2,1,0,02,-,1,5,2,14,30/06/2009,1,03,2,1,6,06, , , , , ,1, ,7095,0
00,1023,1,11A226,19,40543,1,1,0,01,-,1,1,1,60,14/01/1963,1,03,3,2,5,01,5,5,2,1,002000,1,1,7095,21435
00,1023,1,11A226,19,40543,3,1,0,01,-,1,1,1,27,20/11/1995,1,03,3,2,6,01,7,2,3,1,003500,1,1,7095,14290
00,1023,1,11A226,19,40543,3,1,0,02,-,1,6,2,30,24/07/1993,1,03,3,2,5,01,7,2,2,1,999999,1, ,7095,0
00,1023,1,11A226,19,40543,3,1,0,04,-,1,7,1,06,09/10/2017,2,01,3,1, , , , , , , ,1, ,7095,0
14,1023,1,12A226,19,40544,4,1,0,01,-,1,1,2,32,17/01/1991,1,07,1,1,6,01,3,5,3,1,005000,1, ,8574,0
00,1023,1,12A226,19,40544,3,1,0,02,-,1,2,2,54,06/09/1969,1,04,1,2,5,07, , , , , ,1, ,8574,0
00,1023,1,12A226,19,40544,2,1,0,02,-,1,2,2,61,10/11/1961,1,03,3,2,5,07, , , , , ,1, ,8574,0
00,1023,1,12A226,19,40544,1,1,0,02,-,1,3,1,04,26/03/2019, , , , , , , , , , , ,1, ,8574,0
00,1023,1,12A226,19,40544,3,1,0,03,-,1,3,1,33,20/12/1989,1,07,4,2,6,01,5,5,3,1,004500,1,1,8574,26052
14,1023,1,12A226,19,40544,4,1,0,02,-,1,4,2,64,13/07/1959,1,02,6,2,2,07, , , , , ,1, ,8574,0
00,1023,1,12A226,19,40544,2,1,0,03,-,1,3,1,24,22/02/1999,1,03,3,2,5,01,5,6,3,1,999999,1, ,8574,0
00,1023,1,12A226,19,40544,3,1,0,01,-,1,1,1,60,11/07/1963,1,06,3,2,5,01,1,5,2,1,002000,1, ,8574,0
00,1023,1,12A226,19,40544,2,1,0,01,-,1,1,1,63,25/04/1960,1,02,6,2,5,08, , , , , ,1, ,8574,0
00,1023,1,12A226,19,40544,2,1,0,04,-,1,5,2,21,19/08/2002,1,03,3,2,5,01,5,5,3,1,999999,1,1,8574,34736
00,1023,1,12A226,19,40544,3,1,0,04,-,1,5,2,06,19/11/2016,1,02,1,1, , , , , , , ,1, ,8574,0
00,1023,1,12A226,19,40544,1,1,0,01,-,1,1,2,38,24/04/1985,1,07,3,2,3,04, , , , , ,1,1,8574,8684
00,1023,4,13A223,19,40575,1,1,0,01,-,1,1,1,47,08/06/1976,1,07,5,2,5,01,3,7,3,2,999999,1, ,9452,0
00,1023,4,13A223,19,40575,1,1,0,02,-,1,2,2,47,18/08/1976,1,07,5,2,5,07, , , , , ,1, ,9452,0
00,1023,4,13A223,19,40575,3,1,0,02,-,1,2,2,50,15/11/1972,1,07,5,2,5,01,1,3,3,2,999999,1, ,9452,0
00,1023,4,13A223,19,40575,4,1,0,01,-,1,1,1,67,14/03/1956,1,07,2,2,5,01,7,2,2,1,999999,1, ,9452,0
00,1023,4,13A223,19,40575,1,1,0,04,-,1,3,2,21,07/06/2002,1,07,4,1,6,01,3,5,3,2,999999,1,1,9452,28845
00,1023,4,13A223,19,40575,2,1,0,02,-,1,2,2,34,09/07/1989,1,07,5,2,1,01,1,6,3,3,002000,1,1,9452,19230
00,1023,4,13A223,19,40575,3,1,0,01,-,1,1,1,50,06/11/1972,1,07,5,2,5,01,4,4,3,2,999999,1, ,9452,0
00,1023,4,13A223,19,40575,1,1,0,03,-,1,3,1,17,30/07/2006,1,04,1,1,6,06, , , , , ,1, ,9452,0
00,1023,4,13A223,19,40575,4,1,0,02,-,1,2,2,67,16/12/1955,1,06,2,2,5,02,7,2,6,5, ,1,1,9452,19230
00,1023,4,13A223,19,40575,3,1,0,05,-,1,3,1,15,30/03/2008,1,03,3,1,6,06, , , , , ,1, ,9452,0
00,1023,4,13A223,19,40575,3,1,0,04,-,1,3,2,24,25/07/1999,1,07,3,1,6,06, , , , , ,1,1,9452,38460
00,1023,4,13A223,19,40575,3,1,0,03,-,1,3,2,26,02/06/1997,1,07,5,2,6,01,1,7,3,2,999999,1, ,9452,0
00,1023,4,13A223,19,40575,2,1,0,01,-,1,1,1,37,26/11/1985,1,07,2,2,1,01,1,3,4,1,999999,1, ,9452,0
00,1023,4,12A223,19,40576,3,1,0,01,-,1,1,2,61,30/10/1961,1,07,5,2,2,07, , , , , ,1, ,7764,0
00,1023,4,12A223,19,40576,4,1,0,03,-,1,3,1,10,01/06/2013,1,02,3,1, , , , , , , ,1, ,7764,0
00,1023,4,12A223,19,40576,1,1,0,05,-,1,7,2,00,10/01/2023, , , , , , , , , , , ,1, ,7764,0
00,1023,4,12A223,19,40576,1,1,0,01,-,1,1,2,23,22/07/2000,1,03,3,2,5,07, , , , , ,1,1,7764,7864
00,1023,4,12A223,19,40576,4,1,0,05,-,1,3,1,03,25/10/2019, , , , , , , , , , , ,1, ,7764,0
00,1023,4,12A223,19,40576,4,1,0,01,-,1,1,1,36,21/04/1987,1,04,3,2,1,01,2,7,3,2,999999,1, ,7764,0
00,1023,4,12A223,19,40576,3,1,0,03,-,1,3,2,19,29/03/2004,1,06,3,2,6,04, , , , , ,1,1,7764,23591
00,1023,4,12A223,19,40576,1,1,0,03,-,1,3,2,03,14/03/2020, , , , , , , , , , , ,1, ,7764,0
00,1023,4,12A223,19,40576,4,1,0,07,-,1,3,2,00,01/05/2023, , , , , , , , , , , ,1, ,7764,0
00,1023,4,12A223,19,40576,3,1,0,02,-,1,3,1,23,20/09/2000,1,04,2,2,6,07, , , , , ,1, ,7764,0
00,1023,4,12A223,19,40576,1,1,0,04,-,1,3,1,02,05/06/2021, , , , , , , , , , , ,1, ,7764,0
00,1023,4,12A223,19,40576,1,1,0,02,-,1,6,2,17,18/04/2006,1,03,3,2,6,01,4,4,3,1,001000,1, ,7764,0
00,1023,4,12A223,19,40576,4,1,0,08,-,3,7,1,15,16/02/2008,1,03,2,1,6,06, , , , , ,1, ,7764,0
00,1023,4,12A223,19,40576,4,1,0,06,-,1,3,1,02,21/02/2021, , , , , , , , , , , ,1, ,7764,0
00,1023,4,12A223,19,40576,4,1,0,02,-,1,2,2,25,19/12/1997,1,03,3,2,1,07, , , , , ,1,1,7764,15728
00,1023,4,12A223,19,40576,4,1,0,04,-,1,3,1,08,16/02/2015,1,02,1,1, , , , , , , ,1, ,7764,0
00,1023,4,11A223,19,40580,3,1,0,02,-,1,3,1,22,06/11/2000,1,07,2,1,6,06, , , , , ,1, ,7650,0
00,1023,4,11A223,19,40580,4,1,0,01,-,1,1,2,56,04/11/1966,1,03,1,2,4,07, , , , , ,1,1,7650,7704
00,1023,4,11A223,19,40580,3,1,0,04,-,1,3,1,16,31/01/2007,1,03,3,1,6,06, , , , , ,1, ,7650,0
00,1023,4,11A223,19,40580,3,1,0,03,-,1,3,2,18,22/07/2005,1,04,3,1,6,06, , , , , ,1, ,7650,0
00,1023,4,11A223,19,40580,3,1,0,01,-,1,1,2,47,14/03/1976,1,03,3,2,3,07, , , , , ,1,1,7650,23111
00,1023,4,11A223,19,40580,2,1,0,01,-,1,1,2,52,15/03/1971,1,03,3,2,4,01,5,5,3,1,002000,1,1,7650,38518
00,1023,4,11A223,19,40580,2,1,0,05,-,1,5,2,19,26/07/2004,1,04,2,1,6,06, , , , , ,1, ,7650,0
00,1023,4,11A223,19,40580,2,1,0,02,-,1,5,1,30,03/05/1993,1,03,3,2,1,01,5,6,3,1,999999,1, ,7650,0
00,1023,4,11A223,19,40580,2,1,0,04,-,1,5,1,19,31/05/2004,1,07,2,1,6,06, , , , , ,1, ,7650,0
00,1023,4,11A223,19,40580,2,1,0,06,-,1,5,2,16,26/03/2007,1,04,2,1,6,06, , , , , ,1, ,7650,0
00,1023,4,11A223,19,40580,2,1,0,03,-,1,3,2,36,10/10/1986,1,04,2,2,1,01,7,2,3,1,999999,1, ,7650,0
00,1023,8,11A217,19,40589,2,1,0,04,-,1,3,1,46,01/07/1977,1,03,3,2,1,01,5,7,3,2,004500,1,1,7593,45881
00,1023,8,11A217,19,40589,1,1,0,03,-,1,3,2,45,01/07/1978,1,04,3,2,6,01,7,2,3,1,999999,1, ,7593,0
00,1023,8,11A217,19,40589,1,1,0,05,-,1,3,1,38,29/06/1985,1,04,3,2,6,01,1,5,3,2,999999,1, ,7593,0
00,1023,8,11A217,19,40589,2,1,0,02,-,1,3,1,51,16/09/1972,1,02,6,2,6,01,7,3,2,1,999999,1, ,7593,0
00,1023,8,11A217,19,40589,2,1,0,05,-,1,5,2,48,20/06/1975,1,03,3,2,1,07, , , , , ,1, ,7593,0
00,1023,8,11A217,19,40589,1,1,0,04,-,1,3,1,43,21/03/1980,1,03,3,2,3,01,4,4,3,1,999999,1, ,7593,0
00,1023,8,11A217,19,40589,3,1,0,04,-,1,2,1,66,29/07/1957,1,03,3,2,5,01,7,2,3,1,999999,1, ,7593,0
00,1023,8,11A217,19,40589,1,1,0,06,-,1,5,1,15,08/01/2008,1,03,3,1,6,06, , , , , ,1, ,7593,0
00,1023,6,11A217,19,40589,4,1,0,02,-,2, , , , , , , , , , , , , , , ,1, ,0,0
00,1023,8,11A217,19,40589,2,1,0,06,-,1,3,2,43,13/02/1980,2,00, ,2,6,01,4,4,2,1,999999,1, ,7593,0
00,1023,8,11A217,19,40589,3,1,0,03,-,1,3,1,39,15/06/1984,1,04,3,2,3,01,7,2,3,1,999999,1, ,7593,0
00,1023,8,11A217,19,40589,3,1,0,02,-,1,3,1,45,17/05/1978,1,06,3,2,3,01,7,2,3,1,999999,1, ,7593,0
00,1023,8,11A217,19,40589,3,1,0,01,-,1,1,2,66,28/02/1957,1,02,4,2,4,01,5,9,2,1,000400,1,1,7593,30587
00,1023,8,11A217,19,40589,2,1,0,03,-,1,3,1,42,27/11/1980,1,02,6,2,6,05, , , , , ,1, ,7593,0
00,1023,8,11A217,19,40589,2,1,0,01,-,1,1,2,87,12/08/1936,1,00, ,2,4,07, , , , , ,1, ,7593,0
00,1023,8,11A217,19,40589,1,1,0,02,-,1,2,2,66,17/07/1957,1,03,3,2,5,02,7,5,6,5, ,1, ,7593,0
00,1023,8,11A217,19,40589,4,1,0,01,-,1,1,2,41,20/08/1982,1,06,2,2,6,07, , , , , ,1,1,7593,7647
00,1023,8,11A217,19,40589,2,1,0,07,-,1,5,1,16,02/07/2007,2,00, ,2,6,09, , , , , ,1, ,7593,0
00,1023,8,11A217,19,40589,1,1,0,01,-,1,1,1,77,13/09/1946,1,03,3,2,5,01,7,5,2,1,999999,1,1,7593,38234
00,1023,5,12B212,19,40596,4,1,0,01,-,1,1,1,36,07/10/1986,1,07,4,2,1,01,1,2,3,2,004000,1, ,7594,0
00,1023,5,12B212,19,40596,3,1,0,03,-,1,3,1,24,22/03/1999,1,04,3,2,6,01,7,2,3,1,002000,1,1,7594,30764
00,1023,5,12B212,19,40596,4,1,0,02,-,1,2,2,36,29/05/1987,1,07,5,2,1,01,3,5,3,2,003000,1,1,7594,15382
00,1023,5,12B212,19,40596,2,1,0,05,-,3,5,1,01,05/12/2021, , , , , , , , , , , ,1, ,7594,0
00,1023,5,12B212,19,40596,2,1,0,04,-,2, , , , , , , , , , , , , , , ,1, ,0,0
00,1023,5,12B212,19,40596,2,1,0,02,-,1,2,2,52,01/10/1971,1,07,5,2,5,01,3,4,3,1,999999,1, ,7594,0
00,1023,5,12B212,19,40596,3,1,0,04,-,1,3,1,19,30/06/2004,1,04,3,1,6,01,7,4,3,1,001300,1, ,7594,0
00,1023,5,12B212,19,40596,2,1,0,01,-,1,1,1,51,06/10/1971,1,04,3,2,5,04, , , , , ,1,1,7594,23073
00,1023,5,12B212,19,40596,2,1,0,03,-,1,3,2,24,06/10/1998,1,04,3,2,6,01,3,5,3,1,999999,1, ,7594,0
00,1023,5,12B212,19,40596,1,1,0,01,-,1,1,1,27,25/05/1996,1,03,3,2,6,01,7,2,3,1,001900,1,1,7594,15382
00,1023,5,12B212,19,40596,4,1,0,03,-,1,3,1,05,15/09/2018,1,01,2,1, , , , , , , ,1, ,7594,0
00,1023,5,12B212,19,40596,1,1,0,02,-,3,6,1,30,14/04/1993,1,07,4,2,6,01,7,2,3,1,001700,1, ,7594,0
00,1023,5,12B212,19,40596,3,1,0,01,-,1,1,1,57,30/06/1966,1,02,6,2,5,01,7,2,3,1,001800,1, ,7594,0
00,1023,5,12B212,19,40596,3,1,0,02,-,1,2,2,53,30/06/1970,1,04,3,2,5,01,2,7,3,2,005000,1, ,7594,0
00,1023,5,12B212,19,40596,3,1,0,05,-,1,3,1,16,30/09/2007,1,04,1,1,6,06, , , , , ,1, ,7594,0
00,1023,5,12B212,19,40596,4,1,0,04,-,1,3,2,01,03/06/2022, , , , , , , , , , , ,1, ,7594,0
00,1023,5,11B212,19,40598,3,1,0,01,-,1,1,1,50,15/06/1973,1,02,6,2,5,01,7,2,3,1,999999,1, ,8240,0
00,1023,5,11B212,19,40598,1,1,0,02,-,2, , , , , , , , , , , , , , , ,1, ,0,0
00,1023,5,11B212,19,40598,2,1,0,01,-,1,1,2,56,22/03/1967,1,03,3,2,3,01,5,5,2,1,001200,1,1,8240,8297
00,1023,5,11B212,19,40598,3,1,0,05,-,1,7,1,50,15/09/1973,1,02,5,2,6,09, , , , , ,1, ,8240,0
00,1023,5,11B212,19,40598,3,1,0,02,-,1,2,2,38,25/04/1985,1,02,6,2,5,01,4,4,2,1,999999,1,1,8240,24892
00,1023,5,11B212,19,40598,4,1,1,03,-,1,3,1,33,16/05/1990,1,03,3,2,6,09, , , , , ,1, ,8240,0
00,1023,5,11B212,19,40598,4,1,1,02,-,1,2,2,61,08/09/1962,1,03,3,2,5,01,5,5,5,1,001500,1, ,8240,0
00,1023,5,11B212,19,40598,4,1,1,01,-,1,1,1,67,13/05/1956,1,06,3,2,5,08, , , , , ,1,1,8240,24892
00,1023,5,11B212,19,40598,3,1,0,04,-,1,3,1,06,28/08/2017,2,01,1,1, , , , , , , ,1, ,8240,0
00,1023,5,11B212,19,40598,3,1,0,03,-,1,3,1,16,25/04/2007,1,03,3,1,6,06, , , , , ,1, ,8240,0
00,1023,5,11B212,19,40598,1,1,0,01,-,1,1,1,30,31/08/1993,1,02,6,2,1,01,5,6,2,1,003500,1,1,8240,8297
00,1023,3,12A224,20,40020,2,1,0,03,-,1,3,2,10,15/03/2013,1,02,4,1, , , , , , , ,1, ,6672,0
00,1023,3,12A224,20,40020,2,1,0,01,-,1,1,2,46,03/07/1977,2,04,3,2,2,07, , , , , ,1,1,6672,20274
00,1023,3,12A224,20,40020,2,1,0,04,-,1,8,1,57,11/06/1966,1,04,3,2,6,01,7,2,2,1,999999,1, ,6672,0
00,1023,3,12A224,20,40020,2,1,0,02,-,1,6,2,55,14/11/1967,1,04,3,2,6,01,5,5,3,2,003800,1, ,6672,0
00,1023,3,12A224,20,40020,3,1,0,01,-,1,1,2,47,19/04/1976,1,07,5,2,6,01,5,5,3,2,003000,1,1,6672,6758
00,1023,3,12A224,20,40020,1,1,0,02,-,1,2,1,78,25/03/1945,1,02,6,2,1,10, , , , , ,1, ,6672,0
00,1023,3,12A224,20,40020,1,1,0,01,-,1,1,2,65,13/06/1958,1,04,3,2,1,08, , , , , ,1,1,6672,13516
00,1023,7,11A218,20,40162,1,1,0,01,-,1,1,1,85,15/02/1938,2,02,2,2,5,10, , , , , ,1, ,5209,0
00,1023,7,11A218,20,40162,4,1,0,04,-,1,5,2,13,04/01/2010,1,02,5,1,6,06, , , , , ,1, ,5209,0
00,1023,7,11A218,20,40162,4,1,0,03,-,1,6,2,13,04/01/2010,1,02,5,1,6,01,4,4,3,1,000600,1, ,5209,0
00,1023,7,11A218,20,40162,4,1,0,01,-,1,1,2,69,14/03/1954,1,00, ,2,6,03,4,4,2,1,001000,1, ,5209,0
00,1023,7,11A218,20,40162,3,1,0,01,-,1,1,1,37,15/12/1985,1,07,4,2,6,01,4,4,3,3,015000,1,1,5209,5246
00,1023,4,11A218,20,40162,1,1,0,03,-,2, , , , , , , , , , , , , , , ,1, ,0,0
00,1023,7,11A218,20,40162,1,1,0,05,-,3,7,2,20,07/08/2003,1,04,3,2,6,01,4,4,2,1,001000,1, ,5209,0
00,1023,7,11A218,20,40162,4,1,0,02,-,1,3,2,37,05/05/1986,1,04,3,2,6,01,4,4,3,1,999999,1,1,5209,10492
00,1023,7,11A218,20,40162,2,1,0,01,-,1,1,2,34,09/09/1989,1,03,2,2,6,01,5,5,3,1,000600,1,1,5209,5246
00,1023,7,11A218,20,40162,2,1,0,02,-,1,3,2,17,16/09/2006,1,04,1,1,6,06, , , , , ,1, ,5209,0
00,1023,7,11A218,20,40162,1,1,0,04,-,1,5,1,19,16/08/2004,1,04,2,2,6,01,6,5,4,1,001700,1,1,5209,15738
00,1023,5,11A218,20,40162,1,1,0,02,-,2, , , , , , , , , , , , , , , ,1, ,0,0
00,1023,7,11A218,20,40162,2,1,0,03,-,1,3,2,15,03/08/2008,1,03,2,1,6,06, , , , , ,1, ,5209,0
00,1023,5,12B212,20,40194,3,1,0,04,-,1,3,2,09,28/01/2014,1,02,2,1, , , , , , , ,1, ,9736,0
00,1023,5,12B212,20,40194,2,1,0,01,-,1,1,2,78,10/02/1945,1,05,4,2,4,08, , , , , ,1,1,9736,19723
00,1023,5,12B212,20,40194,2,1,0,02,-,3,3,2,53,25/08/1970,1,07,5,2,6,01,1,5,3,2,007000,1, ,9736,0
00,1023,5,12B212,20,40194,4,1,0,01,-,1,1,1,46,02/04/1977,1,07,4,2,5,01,1,5,1,3,022500,1,1,9736,19723
00,1023,5,12B212,20,40194,3,1,0,03,-,1,3,1,20,02/03/2003,1,04,3,1,6,06, , , , , ,1, ,9736,0
00,1023,5,12B212,20,40194,4,1,0,02,-,1,2,2,49,22/12/1973,1,08,2,2,5,01,4,4,3,3,015000,1, ,9736,0
00,1023,5,12B212,20,40194,3,1,0,02,-,1,2,2,45,20/01/1978,1,07,5,2,5,07, , , , , ,1, ,9736,0
00,1023,5,12B212,20,40194,3,1,0,01,-,1,1,1,45,27/04/1978,1,07,5,2,5,01,1,5,3,2,999999,1,1,9736,29584
00,1023,5,12B212,20,40194,1,1,0,01,-,1,1,2,55,08/03/1968,1,07,5,2,5,01,1,5,3,2,007000,1,1,9736,9861
00,1023,5,12B212,20,40194,4,1,0,04,-,1,3,1,15,25/02/2008,1,03,2,1,6,06, , , , , ,1, ,9736,0
00,1023,5,12B212,20,40194,1,1,0,02,-,2, , , , , , , , , , , , , , , ,1, ,0,0
00,1023,5,12B212,20,40194,4,1,0,03,-,1,3,2,17,24/05/2006,1,04,1,1,6,06, , , , , ,1, ,9736,0
00,1023,2,11A225,20,40252,2,1,0,01,-,1,1,1,21,29/05/2002,1,04,3,2,6,01,4,4,3,2,002500,1,1,10930,11007
00,1023,2,11A225,20,40252,3,1,0,01,-,1,1,1,45,02/08/1978,1,04,3,2,5,01,4,4,5,3,080000,1,1,10930,44029
00,1023,2,11A225,20,40252,4,1,1,03,-,1,3,1,11,07/10/2012,2,00, ,2, , , , , , , ,1, ,10930,0
00,1023,2,11A225,20,40252,3,1,0,03,-,1,3,1,24,19/02/1999,1,07,2,1,6,06, , , , , ,1, ,10930,0
00,1023,2,11A225,20,40252,1,1,0,02,-,1,2,2,39,21/11/1983,1,07,5,2,5,01,3,5,3,2,005000,1,1,10930,33022
00,1023,2,11A225,20,40252,3,1,0,04,-,1,3,1,15,09/08/2008,1,03,3,1,6,06, , , , , ,1, ,10930,0
00,1023,2,11A225,20,40252,1,1,0,03,-,1,3,2,18,04/07/2005,1,04,3,1,6,06, , , , , ,1, ,10930,0
00,1023,2,11A225,20,40252,4,1,1,02,-,1,3,1,15,20/12/2007,1,02,6,2,6,01,5,5,3,1,001800,1, ,10930,0
00,1023,2,11A225,20,40252,4,1,1,01,-,1,1,2,31,26/10/1991,1,03,2,2,6,01,1,5,3,1,000750,1,1,10930,11007
00,1023,2,11A225,20,40252,3,1,0,02,-,1,2,2,41,07/04/1982,1,03,3,2,5,01,5,5,2,3,020000,1, ,10930,0
00,1023,2,11A225,20,40252,1,1,0,01,-,1,1,1,40,18/10/1982,1,07,5,2,5,01,3,7,3,2,008000,1, ,10930,0
00,1023,2,11A225,20,40252,3,1,0,05,-,1,4,1,67,18/12/1955,1,07,1,2,4,08, , , , , ,1, ,10930,0
00,1023,2,11A225,20,40252,1,1,0,04,-,1,3,1,11,16/11/2011,1,02,6,1, , , , , , , ,1, ,10930,0
00,1023,6,11B211,20,40256,2,1,0,03,-,1,3,2,21,20/08/2002,1,07,1,1,6,06, , , , , ,1,1,7747,23403
00,1023,6,11B211,20,40256,4,1,0,02,-,1,2,1,68,07/05/1955,1,04,3,2,5,01,6,1,2,3,999999,1, ,7747,0
00,1023,6,11B211,20,40256,1,1,0,03,-,1,9,2,73,09/07/1950,1,02,6,2,6,07, , , , , ,1, ,7747,0
00,1023,6,11B211,20,40256,3,1,0,06,-,1,3,2,99, , , , , , , , , , , , ,1, ,7747,0
00,1023,6,11B211,20,40256,3,1,0,03,-,1,3,1,99, , , , , , , , , , , , ,1, ,7747,0
00,1023,4,11B211,20,40256,1,1,0,04,-,2, , , , , , , , , , , , , , , ,1, ,0,0
00,1023,6,11B211,20,40256,4,1,0,03,-,1,3,1,30,04/12/1992,1,04,3,2,2,01,4,2,3,1,999999,1, ,7747,0
00,1023,6,11B211,20,40256,3,1,0,02,-,1,2,2,31,11/09/1992,1,03,3,2,5,01,4,4,2,1,999999,1,1,7747,15602
00,1023,6,11B211,20,40256,3,1,0,01,-,1,1,1,98, ,1,04,3,2,5,01,4,4,2,1,999999,1, ,7747,0
00,1023,6,11B211,20,40256,1,1,0,01,-,1,1,1,80,25/03/1943,1,06,3,2,5,08, , , , , ,1, ,7747,0
00,1023,6,11B211,20,40256,4,1,0,01,-,1,1,2,62,22/05/1961,1,02,6,2,5,07, , , , , ,1,1,7747,23403
00,1023,6,11B211,20,40256,3,1,0,05,-,1,3,2,99, , , , , , , , , , , , ,1, ,7747,0
00,1023,6,11B211,20,40256,1,1,0,02,-,1,2,2,86,17/06/1937,1,08,2,2,5,08, , , , , ,1,1,7747,23403
00,1023,6,11B211,20,40256,2,1,0,04,-,1,3,2,11,08/01/2012,1,02,4,1, , , , , , , ,1, ,7747,0
00,1023,6,11B211,20,40256,2,1,0,02,-,1,2,2,44,17/09/1979,1,07,6,2,5,01,1,5,3,2,999999,1, ,7747,0
00,1023,6,11B211,20,40256,2,1,0,01,-,1,1,1,45,03/07/1978,1,07,6,2,5,01,1,5,3,2,999999,1, ,7747,0
00,1023,6,11B211,20,40256,3,1,0,07,-,1,3,1,00,23/10/2022, , , , , , , , , , , ,1, ,7747,0
00,1023,6,11B211,20,40256,3,1,0,04,-,1,3,1,99, , , , , , , , , , , , ,1, ,7747,0
00,1023,2,11A225,20,40280,2,1,0,02,-,1,2,2,57,12/08/1966,1,07,5,2,5,07, , , , , ,1,1,7152,14405
00,1023,2,11A225,20,40280,3,1,0,01,-,1,1,2,63,11/11/1959,1,05,4,2,4,08, , , , , ,1,1,7152,7203
00,1023,2,11A225,20,40280,4,1,0,02,-,1,2,2,34,04/12/1988,1,04,2,2,5,01,7,2,2,1,003000,1, ,7152,0
00,1023,2,11A225,20,40280,4,1,0,03,-,1,7,1,17,03/07/2006,1,04,1,1,6,01,5,5,3,1,001600,1, ,7152,0
00,1023,2,11A225,20,40280,2,1,0,01,-,1,1,1,55,13/05/1968,1,07,5,2,5,01,3,7,3,2,006000,1, ,7152,0
00,1023,2,11A225,20,40280,1,1,0,01,-,1,1,2,58,14/12/1964,1,07,5,2,4,01,3,7,3,2,999999,1,1,7152,14405
00,1023,2,11A225,20,40280,1,1,0,02,-,1,3,1,30,05/04/1993,1,07,5,2,6,01,3,7,3,2,999999,1, ,7152,0
00,1023,2,11A225,20,40280,4,1,0,01,-,1,1,1,47,10/02/1976,1,02,6,2,5,01,7,2,2,1,003000,1,1,7152,14405
00,1023,6,12B211,20,40291,3,1,0,01,-,1,1,1,57,13/08/1966,1,06,2,2,6,01,4,4,3,2,999999,1,1,7938,16080
00,1023,6,12B211,20,40291,4,1,0,04,-,1,3,1,09,17/12/2013,1,02,2,1, , , , , , , ,1, ,7938,0
00,1023,6,12B211,20,40291,2,1,0,01,-,1,1,2,82,21/01/1941,1,06,2,2,6,10, , , , , ,1,1,7938,8040
00,1023,6,12B211,20,40291,1,1,0,01,-,1,1,2,73,25/03/1950,1,07,5,2,6,08, , , , , ,1,1,7938,16080
00,1023,6,12B211,20,40291,4,1,0,03,-,1,3,1,17,19/09/2006,1,04,1,1,6,06, , , , , ,1, ,7938,0
00,1023,6,12B211,20,40291,1,1,0,02,-,1,3,1,41,08/01/1982,1,07,5,2,6,01,1,5,3,2,999999,1, ,7938,0
00,1023,6,12B211,20,40291,4,1,0,01,-,1,1,2,43,02/10/1980,1,04,3,2,6,01,5,5,2,3,999999,1, ,7938,0
00,1023,6,12B211,20,40291,3,1,0,02,-,1,3,1,22,31/03/2001,1,07,1,1,6,06, , , , , ,1, ,7938,0
00,1023,6,12B211,20,40291,4,1,0,02,-,1,3,1,21,06/08/2002,1,04,1,2,6,01,5,5,3,1,001200,1,1,7938,16080
00,1023,4,11A223,20,40308,2,1,0,06,-,1,5,1,12,30/05/2011,1,02,6,1,6,06, , , , , ,1, ,8011,0
00,1023,4,11A223,20,40308,2,1,0,09,-,1,5,1,33,30/06/1990,2,00, ,2,1,04, , , , , ,1, ,8011,0
00,1023,2,11A223,20,40308,2,1,0,07,-,2, , , , , , , , , , , , , , , ,1, ,0,0
00,1023,4,11A223,20,40308,4,1,0,02,-,1,2,2,38,19/01/1985,2,00, ,2,1,01,5,5,3,1,001000,1, ,8011,0
00,1023,4,11A223,20,40308,1,1,0,03,-,1,3,1,03,21/05/2020, , , , , , , , , , , ,1, ,8011,0
00,1023,4,11A223,20,40308,1,1,0,02,-,1,2,2,48,30/09/1975,1,04,3,2,1,01,3,7,3,2,999999,1, ,8011,0
00,1023,4,11A223,20,40308,3,1,0,02,-,1,2,2,50,22/05/1973,1,07,4,2,1,01,1,1,3,1,002500,1, ,8011,0
00,1023,4,11A223,20,40308,4,1,0,01,-,1,1,1,38,13/09/1985,1,02,6,2,1,01,7,3,2,1,002800,1,1,8011,32268
00,1023,4,11A223,20,40308,2,1,0,03,-,1,5,2,33,07/07/1990,1,02,6,2,1,07, , , , , ,1, ,8011,0
00,1023,4,11A223,20,40308,2,1,0,04,-,1,5,1,16,03/02/2007,1,03,2,2,6,07, , , , , ,1, ,8011,0
00,1023,4,11A223,20,40308,2,1,0,08,-,1,5,2,06,20/11/2016,1,01,3,1, , , , , , , ,1, ,8011,0
00,1023,4,11A223,20,40308,1,1,0,01,-,1,1,1,34,07/07/1989,1,07,5,2,1,01,1,5,3,3,999999,1,1,8011,16134
00,1023,4,11A223,20,40308,3,1,0,01,-,1,1,1,48,04/03/1975,1,03,3,2,1,01,7,2,1,1,006000,1,1,8011,24201
00,1023,4,11A223,20,40308,3,1,0,03,-,1,3,1,21,20/01/2002,1,03,3,2,6,01,7,2,3,1,003500,1, ,8011,0
00,1023,4,11A223,20,40308,2,1,0,02,-,1,3,2,54,25/06/1969,1,02,3,2,6,01,7,2,2,1,001000,1,1,8011,32268
00,1023,4,11A223,20,40308,3,1,0,04,-,1,3,1,17,23/08/2006,1,04,1,1,6,06, , , , , ,1, ,8011,0
00,1023,4,11A223,20,40308,2,1,0,01,-,1,1,1,95,24/09/1928,2,00, ,2,4,10, , , , , ,1, ,8011,0
00,1023,4,11A223,20,40308,4,1,0,04,-,1,3,1,18,15/09/2005,1,03,3,2,6,07, , , , , ,1, ,8011,0
00,1023,4,11A223,20,40308,2,1,0,05,-,1,5,2,15,11/05/2008,1,02,6,2,6,07, , , , , ,1, ,8011,0
00,1023,4,11A223,20,40308,4,1,0,03,-,1,3,1,20,27/01/2003,1,03,2,2,6,01,7,3,3,1,001000,1, ,8011,0
00,1023,1,11A226,20,40314,1,1,0,01,-,1,1,1,47,30/06/1976,1,02,6,2,5,01,7,3,3,1,003000,1,1,10623,42790
00,1023,1,11A226,20,40314,1,1,0,05,-,1,5,1,08,30/06/2015,1,02,2,1, , , , , , , ,1, ,10623,0
00,1023,1,11A226,20,40314,2,1,0,02,-,1,2,2,42,07/09/1981,1,02,6,2,5,07, , , , , ,1, ,10623,0
00,1023,1,11A226,20,40314,2,1,0,05,-,1,3,1,11,16/04/2012,1,02,5,1, , , , , , , ,1, ,10623,0
00,1023,1,11A226,20,40314,1,1,0,04,-,1,3,2,22,15/07/2001,1,03,3,2,6,01,3,6,3,2,004000,1, ,10623,0
00,1023,1,11A226,20,40314,1,1,0,06,-,1,5,1,03,30/06/2020, , , , , , , , , , , ,1, ,10623,0
00,1023,1,11A226,20,40314,1,1,0,07,-,1,5,1,02,30/06/2021, , , , , , , , , , , ,1, ,10623,0
00,1023,1,11A226,20,40314,4,1,0,01,-,1,1,1,33,15/09/1990,2,03,2,2,6,01,5,4,2,1,001800,1,1,10623,10697
00,1023,1,11A226,20,40314,1,1,0,02,-,1,2,2,44,11/02/1979,1,02,4,2,5,07, , , , , ,1, ,10623,0
00,1023,1,11A226,20,40314,1,1,0,03,-,1,3,2,25,17/09/1998,1,03,3,2,6,01,5,5,3,1,002500,1, ,10623,0
00,1023,1,11A226,20,40314,2,1,0,03,-,1,3,1,23,25/05/2000,1,04,1,2,6,01,5,5,2,1,000800,1, ,10623,0
00,1023,1,11A226,20,40314,2,1,0,01,-,1,1,1,43,25/09/1980,1,03,2,2,5,01,7,3,2,1,001500,1, ,10623,0
00,1023,1,11A226,20,40314,2,1,0,04,-,1,3,1,21,30/03/2002,1,03,3,2,6,04, , , , , ,1,1,10623,42790
00,1023,1,11A226,20,40379,1,1,0,01,-,1,1,1,65,27/01/1958,1,07,5,2,5,01,1,5,3,2,014000,1, ,7027,0
00,1023,1,11A226,20,40379,1,1,0,02,-,1,2,2,65,22/05/1958,1,02,6,2,5,07, , , , , ,1,1,7027,14152
00,1023,1,11A226,20,40379,3,1,0,02,-,1,3,1,35,06/10/1988,1,04,3,2,3,01,3,7,3,2,008000,1, ,7027,0
00,1023,1,11A226,20,40379,3,1,0,04,-,1,5,2,28,20/03/1995,1,07,5,2,5,01,3,5,3,2,999999,1, ,7027,0
00,1023,1,11A226,20,40379,2,1,0,04,-,1,3,2,01,23/11/2021, , , , , , , , , , , ,1, ,7027,0
00,1023,1,11A226,20,40379,2,1,0,02,-,1,2,2,24,18/01/1999,1,04,3,2,5,01,7,2,2,1,000300,1,1,7027,14152
00,1023,1,11A226,20,40379,3,1,0,01,-,1,1,2,57,30/12/1965,1,04,2,2,4,01,1,7,3,2,006000,1,1,7027,28305
00,1023,1,11A226,20,40379,4,1,0,01,-,1,1,1,47,05/07/1976,1,06,4,2,6,01,1,5,5,1,001000,1,1,7027,7076
00,1023,1,11A226,20,40379,3,1,0,03,-,1,3,1,28,28/03/1995,1,07,5,2,5,01,3,7,3,2,008000,1, ,7027,0
00,1023,1,11A226,20,40379,2,1,0,03,-,1,3,2,03,04/02/2020, , , , , , , , , , , ,1, ,7027,0
00,1023,1,11A226,20,40379,2,1,0,01,-,1,1,1,27,01/11/1995,1,07,4,2,5,01,1,5,3,2,004500,1, ,7027,0
00,1023,8,12A217,20,40408,3,1,0,03,-,1,3,2,99, , , , , , , , , , , , ,1, ,6922,0
00,1023,8,12A217,20,40408,2,1,0,06,-,1,2,2,98, ,1,04,3,2,1,01,4,4,3,1,999999,1, ,6922,0
00,1023,8,12A217,20,40408,1,1,0,01,-,1,1,1,56,17/02/1967,1,07,2,2,2,01,7,2,5,1,001000,1,1,6922,7011
00,1023,8,12A217,20,40408,2,1,0,07,-,1,3,2,13,23/05/2010,1,03,1,1,6,06, , , , , ,1, ,6922,0
00,1023,8,12A217,20,40408,2,1,0,03,-,1,3,1,32,30/04/1991,2,04,3,2,6,01,3,7,3,2,003000,1,1,6922,35054
00,1023,8,12A217,20,40408,4,1,0,01,-,1,1,2,67,28/03/1956,1,05,4,2,4,08, , , , , ,1,1,6922,7011
00,1023,8,12A217,20,40408,3,1,0,02,-,1,2,2,98, ,1,07,5,2,5,01,4,4,2,3,999999,1, ,6922,0
00,1023,8,12A217,20,40408,3,1,0,01,-,1,1,1,34,14/05/1989,1,07,5,2,5,01,4,4,2,3,999999,1,1,6922,14022
00,1023,8,12A217,20,40408,3,1,0,04,-,1,3,2,99, , , , , , , , , , , , ,1, ,6922,0
00,1023,8,12A217,20,40408,2,1,0,04,-,1,2,2,98, ,1,02,6,2,5,08, , , , , ,1, ,6922,0
00,1023,2,12A217,20,40408,2,1,0,02,-,2, , , , , , , , , , , , , , , ,1, ,0,0
00,1023,8,12A217,20,40408,2,1,0,05,-,1,7,2,32,11/04/1991,1,06,3,2,5,07, , , , , ,1, ,6922,0
00,1023,8,12A217,20,40408,2,1,0,01,-,1,1,1,98, ,1,02,6,2,5,01,3,7,3,2,003000,1, ,6922,0
00,1023,5,11B212,20,40415,4,1,0,04,-,1,3,2,06,15/10/2016,2,01,3,1, , , , , , , ,1, ,7750,0
00,1023,5,11B212,20,40415,3,1,0,05,-,1,3,2,07,19/11/2015,1,02,1,1, , , , , , , ,1, ,7750,0
00,1023,5,11B212,20,40415,1,1,1,04,-,1,3,2,19,26/09/2004,1,07,1,1,6,06, , , , , ,1, ,7750,0
00,1023,5,11B212,20,40415,1,1,1,03,-,1,3,2,14,20/08/2009,1,02,6,1,6,06, , , , , ,1, ,7750,0
00,1023,5,11B212,20,40415,1,1,1,05,-,1,4,2,97,30/06/1926,1,99, ,2,6,10, , , , , ,1, ,7750,0
00,1023,5,11B212,20,40415,3,1,0,03,-,1,3,2,98, ,1,04,2,1,6,06, , , , , ,1, ,7750,0
00,1023,5,11B212,20,40415,1,1,1,02,-,1,2,2,40,01/03/1983,1,04,3,2,6,01,3,7,3,2,999999,1, ,7750,0
00,1023,5,11B212,20,40415,4,1,0,01,-,1,1,1,33,29/09/1990,1,03,3,2,1,01,7,2,5,1,002000,1,1,7750,15609
00,1023,5,11B212,20,40415,2,1,0,04,-,1,6,2,21,03/10/2002,1,07,1,1,6,06, , , , , ,1, ,7750,0
00,1023,5,11B212,20,40415,4,1,0,03,-,1,3,2,09,06/06/2014,1,02,2,1, , , , , , , ,1, ,7750,0
00,1023,5,11B212,20,40415,4,1,0,02,-,1,2,2,47,04/11/1975,1,06,4,2,1,01,5,5,2,1,000800,1, ,7750,0
00,1023,5,11B212,20,40415,2,1,0,05,-,1,3,2,01,09/06/2022, , , , , , , , , , , ,1, ,7750,0
00,1023,5,11B212,20,40415,1,1,1,01,-,1,1,1,40,30/06/1983,1,08,3,2,5,01,3,7,3,2,999999,1,1,7750,31218
00,1023,5,11B212,20,40415,2,1,0,03,-,1,4,2,47,29/08/1976,1,03,3,2,5,01,5,5,3,2,003500,1, ,7750,0
00,1023,5,11B212,20,40415,2,1,0,02,-,1,2,2,30,08/11/1992,1,07,5,2,5,01,5,5,3,2,006500,1,1,7750,31218
00,1023,5,11B212,20,40415,2,1,0,01,-,1,1,1,27,30/03/1996,1,07,5,2,5,01,1,5,2,3,012000,1, ,7750,0
00,1023,5,11B212,20,40415,3,1,0,02,-,1,2,1,56,02/09/1967,1,07,5,2,1,01,4,4,2,1,999999,1,1,7750,23414
00,1023,5,11B212,20,40415,3,1,0,04,-,1,3,1,16,26/08/2007,2,00, ,2,6,10, , , , , ,1, ,7750,0
00,1023,5,11B212,20,40415,3,1,0,01,-,1,1,2,98, ,1,02,6,2,1,01,4,4,2,1,999999,1, ,7750,0
00,1023,7,11A218,21,40042,3,1,0,06,-,1,5,2,23,02/06/2000,1,04,3,2,5,07, , , , , ,1, ,7760,0
00,1023,7,11A218,21,40042,3,1,0,07,-,1,5,2,02,27/10/2020, , , , , , , , , , , ,1, ,7760,0
00,1023,7,11A218,21,40042,3,1,0,02,-,1,3,2,25,05/06/1998,1,04,3,2,5,01,5,5,3,2,999999,1, ,7760,0
00,1023,7,11A218,21,40042,3,1,0,04,-,1,5,2,05,30/04/2018,1,01,2,1, , , , , , , ,1, ,7760,0
00,1023,7,11A218,21,40042,1,1,0,01,-,1,1,1,67,08/05/1956,1,02,3,2,5,01,7,3,3,1,999999,1, ,7760,0
00,1023,7,11A218,21,40042,3,1,0,05,-,1,3,1,23,07/03/2000,1,04,3,2,5,01,5,5,3,2,999999,1, ,7760,0
00,1023,7,11A218,21,40042,3,1,0,01,-,1,1,2,55,11/06/1968,1,06,3,2,4,07, , , , , ,1,1,7760,39074
00,1023,7,11A218,21,40042,2,1,0,02,-,1,3,1,67,08/08/1956,1,03,3,2,6,08, , , , , ,1,1,7760,23444
00,1023,7,11A218,21,40042,1,1,0,03,-,1,3,1,40,01/07/1983,1,06,3,2,6,01,5,4,3,1,999999,1, ,7760,0
00,1023,7,11A218,21,40042,4,1,0,04,-,1,3,2,26,08/07/1997,1,07,5,2,6,01,1,5,3,1,999999,1,1,7760,31259
00,1023,7,11A218,21,40042,4,1,0,01,-,1,1,1,51,20/08/1972,1,04,3,2,6,01,5,5,3,2,999999,1, ,7760,0
00,1023,7,11A218,21,40042,2,1,0,03,-,1,5,1,28,15/08/1995,1,07,5,2,6,01,7,2,3,2,999999,1, ,7760,0
00,1023,7,11A218,21,40042,4,1,0,02,-,1,3,2,33,20/07/1990,1,07,5,2,6,01,1,5,3,2,999999,1, ,7760,0
00,1023,7,11A218,21,40042,2,1,0,01,-,1,1,2,90,03/05/1933,1,02,6,2,4,07, , , , , ,1, ,7760,0
00,1023,7,11A218,21,40042,4,1,0,03,-,1,3,2,28,09/06/1995,1,07,5,2,6,01,1,5,3,2,999999,1, ,7760,0
00,1023,7,11A218,21,40042,3,1,0,03,-,1,5,1,29,15/06/1994,1,04,3,2,5,01,7,3,3,2,999999,1, ,7760,0
00,1023,7,11A218,21,40042,1,1,0,02,-,1,2,2,67,21/09/1956,1,03,3,2,5,07, , , , , ,1,1,7760,23444
00,1023,3,11A224,21,40078,1,1,0,08,-,1,3,2,29,06/07/1994,1,07,2,2,1,07, , , , , ,1, ,8633,0
00,1023,3,11A224,21,40078,1,1,0,01,-,1,1,1,56,18/10/1966,1,04,3,2,5,08, , , , , ,1, ,8633,0
00,1023,3,11A224,21,40078,3,1,0,03,-,1,3,2,22,20/06/2001,1,07,2,1,6,02,5,5,6,5, ,1, ,8633,0
00,1023,3,11A224,21,40078,3,1,0,06,-,1,5,1,10,14/07/2013,1,02,4,1, , , , , , , ,1, ,8633,0
00,1023,3,11A224,21,40078,3,1,0,04,-,1,3,2,29,18/08/1994,1,04,3,2,1,07, , , , , ,1, ,8633,0
00,1023,3,11A224,21,40078,4,1,0,02,-,1,3,2,16,24/12/2006,1,04,1,1,6,06, , , , , ,1, ,8633,0
00,1023,3,11A224,21,40078,1,1,0,04,-,1,3,1,35,05/05/1988,1,04,3,2,1,01,5,5,3,2,999999,1, ,8633,0
00,1023,3,11A224,21,40078,1,1,0,10,-,1,5,1,10,13/10/2012,1,02,5,1, , , , , , , ,1, ,8633,0
00,1023,3,11A224,21,40078,3,1,0,01,-,1,1,1,53,19/09/1970,1,04,1,2,5,01,7,2,2,3,999999,1, ,8633,0
00,1023,3,11A224,21,40078,1,1,0,09,-,1,5,1,48,23/01/1975,1,02,6,2,1,01,5,5,2,3,999999,1, ,8633,0
00,1023,3,11A224,21,40078,1,1,0,05,-,1,5,2,25,16/06/1998,1,04,3,2,1,01,5,5,2,3,999999,1,1,8633,60854
00,1023,3,11A224,21,40078,4,1,0,01,-,1,1,1,42,04/02/1981,1,03,3,2,6,01,5,5,3,2,003000,1,1,8633,8693
00,1023,3,11A224,21,40078,3,1,0,05,-,1,5,1,29,20/05/1994,1,03,3,2,1,01,5,5,3,3,999999,1, ,8633,0
00,1023,3,11A224,21,40078,1,1,0,03,-,1,3,2,20,09/06/2003,1,04,3,2,6,01,4,4,2,3,999999,1, ,8633,0
00,1023,3,11A224,21,40078,3,1,0,07,-,1,5,1,07,14/10/2015,1,02,2,1, , , , , , , ,1, ,8633,0
00,1023,3,11A224,21,40078,1,1,0,02,-,1,2,2,54,24/11/1968,1,02,6,2,5,07, , , , , ,1, ,8633,0
00,1023,3,11A224,21,40078,1,1,0,07,-,1,5,2,09,27/05/2014,1,02,3,1, , , , , , , ,1, ,8633,0
00,1023,3,11A224,21,40078,1,1,0,06,-,1,5,2,14,10/04/2009,1,03,2,1,6,06, , , , , ,1, ,8633,0
00,1023,3,11A224,21,40078,3,1,0,02,-,1,2,2,50,18/08/1973,1,03,3,2,5,01,5,5,2,1,999999,1,1,8633,43467
00,1023,3,12A224,21,40123,3,1,0,03,-,1,3,2,00,03/12/2022, , , , , , , , , , , ,1, ,6248,0
00,1023,3,12A224,21,40123,1,1,0,04,-,2, , , , , , , , , , , , , , , ,1, ,0,0
00,1023,3,12A224,21,40123,1,1,0,02,-,1,3,1,32,03/10/1991,1,04,3,2,6,01,4,4,3,2,999999,1, ,6248,0
00,1023,3,12A224,21,40123,4,1,0,01,-,1,1,1,57,07/04/1966,1,02,3,2,6,01,5,5,2,1,000800,1,1,6248,6328
00,1023,3,12A224,21,40123,3,1,0,02,-,1,2,1,33,05/12/1989,1,04,3,2,1,01,5,5,3,2,999999,1, ,6248,0
00,1023,3,12A224,21,40123,3,1,0,01,-,1,1,2,33,21/02/1990,1,06,3,2,1,07, , , , , ,1,1,6248,12656
00,1023,3,12A224,21,40123,2,1,0,03,-,1,3,1,23,24/05/2000,1,03,3,2,6,04, , , , , ,1,1,6248,18983
00,1023,3,12A224,21,40123,1,1,0,05,-,1,5,2,10,31/05/2013,1,02,4,1, , , , , , , ,1, ,6248,0
00,1023,3,12A224,21,40123,2,1,0,02,-,1,2,2,42,15/06/1981,1,02,6,2,5,07, , , , , ,1, ,6248,0
00,1023,3,12A224,21,40123,1,1,0,03,-,1,3,2,34,01/01/1989,1,07,5,2,6,04, , , , , ,1, ,6248,0
00,1023,3,12A224,21,40123,1,1,0,06,-,1,5,2,07,09/03/2016,1,02,1,1, , , , , , , ,1, ,6248,0
00,1023,3,12A224,21,40123,2,1,0,01,-,1,1,1,52,02/11/1970,1,04,3,2,5,01,7,2,3,2,999999,1, ,6248,0
00,1023,3,12A224,21,40123,1,1,0,01,-,1,1,2,58,03/05/1965,1,03,3,2,5,07, , , , , ,1,1,6248,18983
00,1023,5,13A218,21,40180,1,1,0,01,-,2, , , , , , , , , , , , , , , ,1, ,0,0
00,1023,7,13A218,21,40180,4,1,0,03,-,1,3,1,11,20/03/2012,1,02,5,1, , , , , , , ,1, ,9628,0
00,1023,7,13A218,21,40180,1,1,0,04,-,1,3,2,17,05/03/2006,1,03,3,1,6,06, , , , , ,1, ,9628,0
00,1023,7,13A218,21,40180,1,1,0,02,-,1,2,2,44,19/06/1979,1,03,3,2,1,07, , , , , ,1,1,9628,19589
00,1023,7,13A218,21,40180,2,1,0,01,-,1,1,1,55,31/07/1968,1,06,3,2,2,01,4,4,3,3,999999,1,1,9628,9795
00,1023,7,13A218,21,40180,4,1,0,02,-,1,3,2,19,18/09/2004,1,04,3,1,6,06, , , , , ,1, ,9628,0
00,1023,7,13A218,21,40180,4,1,0,01,-,1,1,2,38,07/12/1984,1,07,5,2,6,01,5,5,3,2,999999,1,1,9628,19589
00,1023,7,13A218,21,40180,3,1,1,01,-,1,1,1,54,27/03/1969,1,03,3,2,3,01,7,2,3,2,999999,1,1,9628,9795
00,1023,7,13A218,21,40180,1,1,0,03,-,1,3,2,21,19/11/2001,1,07,2,1,6,06, , , , , ,1, ,9628,0
00,1023,7,13A218,21,40180,1,1,0,05,-,1,3,2,06,08/03/2017,2,01,2,1, , , , , , , ,1, ,9628,0
00,1023,2,12A225,21,40263,1,1,0,03,-,1,3,2,15,25/03/2008,1,03,2,1,6,06, , , , , ,1, ,6619,0
00,1023,2,12A225,21,40263,4,1,0,06,-,1,3,2,11,04/11/2011,1,02,6,1, , , , , , , ,1, ,6619,0
00,1023,2,12A225,21,40263,3,1,0,02,-,1,2,1,34,19/03/1989,1,03,3,2,5,01,5,5,3,1,001500,1, ,6619,0
00,1023,2,12A225,21,40263,4,1,0,04,-,1,3,2,16,09/11/2006,1,04,2,1,6,06, , , , , ,1, ,6619,0
00,1023,2,12A225,21,40263,1,1,0,02,-,1,2,1,35,02/07/1988,1,07,5,2,1,01,7,2,3,2,999999,1, ,6619,0
00,1023,2,12A225,21,40263,3,1,0,01,-,1,1,2,34,13/11/1988,1,07,3,2,5,01,7,2,3,1,001400,1,1,6619,13408
00,1023,2,12A225,21,40263,1,1,0,01,-,1,1,2,36,02/08/1987,1,03,3,2,1,07, , , , , ,1,1,6619,13408
00,1023,2,12A225,21,40263,4,1,0,03,-,1,3,2,20,29/04/2003,1,07,1,1,6,06, , , , , ,1, ,6619,0
00,1023,2,12A225,21,40263,4,1,0,01,-,1,1,1,42,21/02/1981,1,03,3,2,1,01,5,5,3,1,999999,1, ,6619,0
00,1023,2,12A225,21,40263,4,1,0,02,-,1,2,2,42,12/07/1981,1,02,6,1,1,01,5,5,3,1,999999,1,1,6619,20111
00,1023,2,12A225,21,40263,4,1,0,05,-,1,3,1,15,15/12/2007,1,04,1,1,6,06, , , , , ,1, ,6619,0
00,1023,2,12A225,21,40263,1,1,0,04,-,1,3,2,07,15/12/2015,1,02,2,1, , , , , , , ,1, ,6619,0
00,1023,2,13A225,21,40351,1,1,1,01,-,1,1,2,46,08/11/1976,1,04,3,2,2,07, , , , , ,1,1,8280,25270
00,1023,2,13A225,21,40351,4,1,0,01,-,1,1,2,52,15/12/1970,1,03,3,2,6,07, , , , , ,1,1,8280,8423
00,1023,2,13A225,21,40351,3,1,0,02,-,1,7,1,28,25/09/1995,1,04,3,2,6,01,1,5,3,3,046000,1,1,8280,16847
00,1023,2,13A225,21,40351,1,1,1,03,-,1,3,1,26,24/05/1997,1,07,5,2,6,01,1,2,3,2,999999,1, ,8280,0
00,1023,2,13A225,21,40351,1,1,1,02,-,1,3,2,29,18/06/1994,1,07,5,2,6,01,1,7,3,2,999999,1, ,8280,0
00,1023,2,13A225,21,40351,3,1,0,01,-,1,1,1,35,16/08/1988,1,08,2,2,6,01,7,2,3,2,999999,1, ,8280,0
00,1023,2,13A225,21,40351,2,1,0,01,-,1,1,2,42,16/11/1980,1,07,5,2,6,04, , , , , ,1,1,8280,8423
00,1023,6,12B211,21,40363,1,1,0,01,-,1,1,2,40,05/09/1983,1,07,5,2,1,07, , , , , ,1,1,6983,14144
00,1023,6,12B211,21,40363,2,1,0,04,-,1,5,1,05,08/08/2018,2,01,3,1, , , , , , , ,1, ,6983,0
00,1023,6,12B211,21,40363,3,1,1,02,-,1,4,2,86,08/03/1937,1,02,2,2,4,07, , , , , ,1, ,6983,0
00,1023,6,12B211,21,40363,1,1,0,05,-,1,3,1,03,16/01/2020, , , , , , , , , , , ,1, ,6983,0
00,1023,6,12B211,21,40363,2,1,0,01,-,1,1,2,58,23/03/1965,1,02,3,2,2,07, , , , , ,1,1,6983,21217
00,1023,6,12B211,21,40363,2,1,0,02,-,1,3,2,30,22/10/1992,1,07,1,2,6,01,7,2,3,2,999999,1, ,6983,0
00,1023,6,12B211,21,40363,4,1,0,02,-,1,2,1,77,06/04/1946,1,07,5,2,5,01,4,4,2,3,999999,1, ,6983,0
00,1023,6,12B211,21,40363,3,1,1,01,-,1,1,2,63,07/03/1960,1,02,6,2,6,01,4,4,2,3,999999,1, ,6983,0
00,1023,6,12B211,21,40363,1,1,0,04,-,1,3,2,11,25/01/2012,1,02,4,1, , , , , , , ,1, ,6983,0
00,1023,6,12B211,21,40363,1,1,0,02,-,1,2,1,39,17/03/1984,1,04,3,2,1,01,5,7,3,2,999999,1, ,6983,0
00,1023,6,12B211,21,40363,3,1,1,03,-,1,3,2,30,13/11/1992,1,07,5,2,6,01,4,4,2,3,999999,1,1,6983,21217
00,1023,6,12B211,21,40363,2,1,0,03,-,1,3,1,27,20/09/1996,1,03,3,2,6,01,7,2,3,1,999999,1, ,6983,0
00,1023,6,12B211,21,40363,4,1,0,01,-,1,1,2,76,31/03/1947,1,05,3,2,5,08, , , , , ,1,1,6983,14144
00,1023,6,12B211,21,40363,1,1,0,03,-,1,3,2,12,04/02/2011,1,02,5,1,6,06, , , , , ,1, ,6983,0
00,1023,6,11B211,21,40415,4,1,0,06,-,1,5,1,05,23/09/2018,1,01,2,1, , , , , , , ,1, ,11951,0
00,1023,6,11B211,21,40415,1,1,0,06,-,1,5,2,10,05/08/2013,1,02,2,1, , , , , , , ,1, ,11951,0
00,1023,6,11B211,21,40415,1,1,0,05,-,1,5,1,10,20/10/2012,1,02,3,1, , , , , , , ,1, ,11951,0
00,1023,2,11B211,21,40415,4,1,0,02,-,2, , , , , , , , , , , , , , , ,1, ,0,0
00,1023,6,11B211,21,40415,4,1,0,03,-,1,3,1,46,08/02/1977,1,03,3,2,5,01,7,2,2,1,999999,1,1,11951,48141
00,1023,6,11B211,21,40415,4,1,0,07,-,1,5,2,02,14/09/2021, , , , , , , , , , , ,1, ,11951,0
00,1023,6,11B211,21,40415,4,1,0,05,-,1,5,2,21,05/03/2002,1,03,3,2,6,07, , , , , ,1, ,11951,0
00,1023,6,11B211,21,40415,2,1,0,02,-,1,2,2,55,11/02/1968,1,04,3,2,5,07, , , , , ,1,1,11951,24071
00,1023,6,11B211,21,40415,2,1,0,01,-,1,1,1,61,10/03/1962,1,06,3,2,5,01,4,4,2,1,999999,1, ,11951,0
00,1023,6,11B211,21,40415,1,1,0,01,-,1,1,1,63,12/07/1960,1,03,3,2,5,01,7,3,3,1,999999,1, ,11951,0
00,1023,6,11B211,21,40415,1,1,0,02,-,1,2,2,53,05/07/1970,1,03,3,2,5,07, , , , , ,1,1,11951,48141
00,1023,6,11B211,21,40415,1,1,0,04,-,1,5,2,38,23/12/1984,1,02,6,2,5,07, , , , , ,1, ,11951,0
00,1023,6,11B211,21,40415,4,1,0,01,-,1,1,1,67,11/10/1956,1,03,3,2,5,08, , , , , ,1, ,11951,0
00,1023,6,11B211,21,40415,4,1,0,08,-,1,2,2,63,14/07/1960,1,02,6,2,5,07, , , , , ,1, ,11951,0
00,1023,6,11B211,21,40415,4,1,0,04,-,1,5,1,17,27/02/2006,1,03,3,2,6,01,7,2,3,2,999999,1, ,11951,0
00,1023,6,11B211,21,40415,1,1,0,03,-,1,3,1,35,09/03/1988,1,03,3,2,5,01,5,5,3,1,999999,1, ,11951,0
00,1023,4,13A223,21,40437,3,1,0,01,-,1,1,2,46,29/01/1977,1,07,5,2,6,01,4,4,3,1,999999,1,1,17826,36267
00,1023,4,13A223,21,40437,1,1,0,03,-,1,3,2,14,26/01/2009,1,03,2,1,6,06, , , , , ,1, ,17826,0
00,1023,4,13A223,21,40437,3,1,0,03,-,1,3,1,17,21/12/2005,1,04,2,1,6,06, , , , , ,1, ,17826,0
00,1023,4,13A223,21,40437,1,1,0,01,-,1,1,1,56,19/12/1966,1,07,5,2,1,01,4,4,2,1,999999,1, ,17826,0
00,1023,4,13A223,21,40437,3,1,0,02,-,1,3,1,18,17/12/2004,1,04,3,1,6,06, , , , , ,1, ,17826,0
00,1023,4,13A223,21,40437,1,1,0,02,-,1,2,2,50,05/09/1973,1,04,3,2,1,01,4,4,2,1,999999,1,1,17826,36267
00,1023,4,11A223,21,40439,3,1,0,03,-,1,3,1,07,13/07/2016,1,01,3,1, , , , , , , ,1, ,7148,0
00,1023,4,11A223,21,40439,3,1,0,01,-,1,1,1,36,09/07/1987,1,04,3,2,1,01,7,2,3,1,999999,1,1,7148,14396
15,1023,4,11A223,21,40439,2,1,0,04,-,1,3,1,15,08/07/2008,1,03,2,1,6,06, , , , , ,1, ,7148,0
00,1023,4,11A223,21,40439,1,1,0,03,-,1,3,2,41,19/11/1981,1,07,5,2,6,01,5,5,3,1,999999,1, ,7148,0
15,1023,4,11A223,21,40439,2,1,0,01,-,1,1,1,39,08/12/1983,1,02,3,2,1,01,5,5,2,1,999999,1, ,7148,0
00,1023,4,11A223,21,40439,3,1,0,04,-,1,3,2,05,28/03/2018,2,01,1,1, , , , , , , ,1, ,7148,0
00,1023,4,11A223,21,40439,4,1,0,02,-,1,2,2,50,28/03/1973,1,03,3,2,5,01,5,5,3,2,999999,1,1,7148,28793
00,1023,4,11A223,21,40439,4,1,0,05,-,1,3,1,15,23/09/2008,1,03,2,1,6,06, , , , , ,1, ,7148,0
00,1023,4,11A223,21,40439,4,1,0,06,-,1,3,1,21,19/12/2001,1,07,2,1,6,06, , , , , ,1, ,7148,0
00,1023,4,11A223,21,40439,4,1,0,01,-,1,1,1,57,03/03/1966,1,04,3,2,5,01,5,5,3,2,999999,1, ,7148,0
00,1023,4,11A223,21,40439,4,1,0,03,-,1,3,1,19,07/05/2004,1,04,3,1,6,06, , , , , ,1, ,7148,0
15,1023,4,11A223,21,40439,2,1,0,05,-,1,3,2,16,26/02/2007,1,04,1,1,6,06, , , , , ,1, ,7148,0
00,1023,4,11A223,21,40439,3,1,0,02,-,1,2,2,31,06/05/1992,1,07,4,2,1,07, , , , , ,1, ,7148,0
15,1023,4,11A223,21,40439,2,1,0,02,-,1,2,2,36,27/10/1986,1,03,3,2,1,01,4,4,2,1,001000,1, ,7148,0
00,1023,4,11A223,21,40439,4,1,0,04,-,1,3,2,16,05/01/2007,1,03,3,1,6,06, , , , , ,1, ,7148,0
00,1023,4,11A223,21,40439,1,1,0,02,-,1,3,1,58,09/06/1965,1,04,3,2,5,04, , , , , ,1,1,7148,28793
00,1023,4,11A223,21,40439,1,1,0,01,-,1,1,2,77,17/12/1945,2,00, ,2,4,07, , , , , ,1, ,7148,0
00,1023,4,11A223,21,40439,1,1,0,04,-,1,5,2,48,13/11/1974,1,03,3,2,1,07, , , , , ,1, ,7148,0
15,1023,4,11A223,21,40439,2,1,0,03,-,1,3,1,18,07/02/2005,1,04,1,1,6,06, , , , , ,1, ,7148,0
15,1023,1,11A226,21,40447,1,1,0,03,-,1,3,1,50,23/02/1973,2,02,6,2,6,01,7,2,3,2,999999,1, ,7697,0
00,1023,1,11A226,21,40447,3,1,0,03,-,1,3,1,22,28/11/2000,1,07,2,1,6,06, , , , , ,1, ,7697,0
00,1023,1,11A226,21,40447,3,1,0,05,-,1,3,1,15,10/06/2008,1,03,3,1,6,06, , , , , ,1, ,7697,0
15,1023,1,11A226,21,40447,1,1,0,01,-,1,1,1,78,15/07/1945,1,02,6,2,5,08, , , , , ,1, ,7697,0
00,1023,1,11A226,21,40447,3,1,0,02,-,1,2,2,45,23/04/1978,1,03,3,2,5,07, , , , , ,1, ,7697,0
00,1023,1,11A226,21,40447,4,1,0,04,-,1,6,1,63,26/11/1959,1,07,5,2,6,01,1,5,3,2,999999,1,1,7697,42628
00,1023,1,11A226,21,40447,3,1,0,01,-,1,1,1,56,12/09/1967,1,04,3,2,5,01,1,2,3,2,999999,1, ,7697,0
00,1023,1,11A226,21,40447,4,1,0,01,-,1,1,1,66,20/02/1957,1,06,3,2,1,08, , , , , ,1, ,7697,0
00,1023,1,11A226,21,40447,4,1,0,03,-,1,3,1,20,31/01/2003,1,06,2,1,6,06, , , , , ,1, ,7697,0
00,1023,1,11A226,21,40447,3,1,0,04,-,1,3,1,21,05/07/2002,1,04,3,1,6,06, , , , , ,1,1,7697,42628
00,1023,1,11A226,21,40447,4,1,0,02,-,1,2,2,53,05/07/1970,1,02,3,2,1,01,5,5,3,1,999999,1, ,7697,0
15,1023,1,11A226,21,40447,1,1,0,02,-,1,2,2,70,22/03/1953,1,02,6,2,5,07, , , , , ,1,1,7697,0
00,1023,1,11A226,21,40452,2,1,0,03,-,1,3,1,20,16/01/2003,1,07,2,1,6,06, , , , , ,1, ,11808,0
00,1023,1,11A226,21,40452,2,1,0,02,-,1,2,1,40,28/06/1983,1,07,5,2,1,01,1,5,3,2,999999,1, ,11808,0
00,1023,1,11A226,21,40452,1,1,0,02,-,1,3,1,42,18/10/1980,1,07,5,2,6,10, , , , , ,1,1,11808,35674
00,1023,1,11A226,21,40452,2,1,0,01,-,1,1,2,39,18/06/1984,1,07,5,2,1,01,1,5,3,2,999999,1,1,11808,47565
00,1023,1,11A226,21,40452,2,1,0,04,-,1,3,1,19,28/12/2003,1,07,2,1,6,06, , , , , ,1, ,11808,0
00,1023,1,11A226,21,40452,1,1,0,01,-,1,1,2,67,19/01/1956,1,07,5,2,6,10, , , , , ,1, ,11808,0
00,1023,1,11A226,21,40452,4,1,0,01,-,1,1,2,70,15/06/1953,1,03,3,2,6,07, , , , , ,1,1,11808,11891
00,1023,1,11A226,21,40452,1,1,0,03,-,1,3,2,40,14/11/1982,1,07,5,2,6,10, , , , , ,1, ,11808,0
00,1023,8,11A217,21,40495,1,1,0,01,-,1,1,1,41,15/06/1982,1,03,3,2,1,01,7,4,3,1,999999,1,1,5931,23890
00,1023,8,11A217,21,40495,1,1,0,04,-,1,6,2,36,15/06/1987,1,02,6,2,6,01,7,2,3,1,999999,1, ,5931,0
00,1023,8,11A217,21,40495,2,1,0,03,-,1,6,2,19,28/10/2003,1,07,2,1,6,06, , , , , ,1, ,5931,0
00,1023,8,11A217,21,40495,1,1,0,02,-,1,2,2,46,15/06/1977,1,03,3,2,1,01,5,5,3,1,999999,1, ,5931,0
00,1023,8,11A217,21,40495,4,1,0,03,-,1,3,2,17,15/06/2006,1,03,3,1,6,06, , , , , ,1, ,5931,0
00,1023,8,11A217,21,40495,4,1,0,04,-,1,3,1,15,15/06/2008,1,03,2,1,6,06, , , , , ,1, ,5931,0
00,1023,8,11A217,21,40495,4,1,0,01,-,1,1,1,42,29/09/1981,1,04,3,2,5,01,5,5,3,1,999999,1,1,5931,11945
00,1023,8,11A217,21,40495,1,1,0,03,-,1,4,2,59,15/06/1964,1,03,3,2,6,01,5,5,3,1,999999,1, ,5931,0
00,1023,8,11A217,21,40495,2,1,0,01,-,1,1,2,32,13/02/1991,1,04,3,2,6,01,4,4,2,3,999999,1,1,5931,17918
00,1023,8,11A217,21,40495,3,1,0,01,-,1,1,2,81,01/11/1941,1,02,3,2,6,07, , , , , ,1,1,5931,5973
00,1023,8,11A217,21,40495,2,1,0,02,-,1,4,2,47,14/01/1976,1,03,3,2,5,01,4,4,2,3,999999,1, ,5931,0
00,1023,8,11A217,21,40495,4,1,0,02,-,1,2,2,39,25/02/1984,1,04,3,2,5,01,5,5,3,1,999999,1, ,5931,0
00,1023,8,12A217,21,40541,3,1,0,01,-,1,1,1,49,02/06/1974,1,04,3,2,1,01,5,5,2,1,999999,1,1,7624,34750
00,1023,8,12A217,21,40541,3,1,0,02,-,1,2,2,49,12/10/1973,1,03,3,2,1,07, , , , , ,1, ,7624,0
00,1023,8,12A217,21,40541,1,1,0,01,-,1,1,1,30,24/02/1993,1,07,5,2,6,01,4,4,2,1,006000,1,1,7624,8687
00,1023,8,12A217,21,40541,4,1,0,01,-,1,1,1,52,19/07/1971,1,07,2,2,5,01,5,5,3,2,003000,1, ,7624,0
00,1023,8,12A217,21,40541,4,1,0,03,-,1,3,2,19,02/12/2003,1,04,3,1,6,06, , , , , ,1, ,7624,0
00,1023,8,12A217,21,40541,3,1,0,03,-,1,3,1,28,01/04/1995,1,04,3,2,6,01,7,2,3,2,999999,1, ,7624,0
00,1023,8,12A217,21,40541,3,1,0,04,-,1,3,1,20,11/09/2003,1,04,1,2,6,01,5,5,3,1,999999,1, ,7624,0
00,1023,5,12A217,21,40541,3,1,0,05,-,2, , , , , , , , , , , , , , , ,1, ,0,0
00,1023,8,12A217,21,40541,4,1,0,02,-,1,2,2,51,27/02/1972,1,04,3,2,5,01,5,5,3,2,999999,1,1,7624,26062
15,1023,8,12A217,21,40541,2,1,0,01,-,1,1,2,52,08/12/1970,1,02,6,2,6,07, , , , , ,1,1,7624,0
00,1023,3,12B212,21,40592,1,1,0,04,-,2, , , , , , , , , , , , , , , ,1, ,0,0
00,1023,5,12B212,21,40592,2,1,0,01,-,1,1,1,53,11/06/1970,1,03,3,2,1,01,5,5,3,1,999999,1, ,7481,0
00,1023,5,12B212,21,40592,4,1,0,01,-,1,1,1,37,04/07/1986,1,04,3,2,6,01,5,5,3,2,999999,1,1,7481,15155
00,1023,5,12B212,21,40592,3,1,1,01,-,1,1,2,34,22/11/1988,1,04,1,2,1,01,7,2,3,2,003500,1,1,7481,22732
00,1023,5,12B212,21,40592,4,1,0,03,-,3,3,1,14,15/06/2009,1,03,2,1,6,06, , , , , ,1, ,7481,0
00,1023,5,12B212,21,40592,3,1,1,04,-,1,3,1,08,24/03/2015,1,02,2,1, , , , , , , ,1, ,7481,0
00,1023,3,12B212,21,40592,1,1,0,03,-,2, , , , , , , , , , , , , , , ,1, ,0,0
00,1023,5,12B212,21,40592,2,1,0,02,-,1,2,2,45,04/07/1978,1,03,3,1,1,01,5,5,3,1,001200,1, ,7481,0
00,1023,5,12B212,21,40592,2,1,0,04,-,1,3,2,14,17/10/2008,1,03,2,1,6,06, , , , , ,1, ,7481,0
00,1023,5,12B212,21,40592,2,1,0,03,-,1,4,2,72,18/07/1951,1,02,4,2,4,07, , , , , ,1,1,7481,22732
00,1023,5,12B212,21,40592,3,1,1,02,-,1,2,1,35,25/05/1988,1,04,1,2,1,01,7,2,3,2,003500,1, ,7481,0
00,1023,5,12B212,21,40592,3,1,1,03,-,1,3,1,18,09/05/2005,1,03,3,2,6,01,7,2,3,2,003500,1, ,7481,0
00,1023,5,12B212,21,40592,1,1,0,01,-,1,1,1,66,15/06/1957,1,03,3,2,5,08, , , , , ,1,1,7481,15155
00,1023,5,12B212,21,40592,1,1,0,02,-,1,2,2,63,15/06/1960,1,02,6,2,5,07, , , , , ,1, ,7481,0
00,1023,5,12B212,21,40592,4,1,0,02,-,3,2,2,40,15/06/1983,1,07,5,2,5,01,1,5,2,2,999999,1, ,7481,0
00,1023,5,12B212,21,40592,4,1,0,04,-,3,3,2,09,15/06/2014,1,02,3,1, , , , , , , ,1, ,7481,0
00,1023,5,11B212,21,40599,2,1,0,01,-,1,1,1,36,18/04/1987,1,07,5,2,1,01,1,5,2,3,999999,1, ,8250,0
00,1023,5,11B212,21,40599,2,1,0,02,-,1,2,2,30,20/04/1993,1,07,5,2,1,07, , , , , ,1,1,8250,16615
00,1023,5,11B212,21,40599,1,1,0,04,-,1,5,1,40,26/08/1983,2,03,3,2,1,01,5,5,3,3,999999,1, ,8250,0
00,1023,5,11B212,21,40599,4,1,0,01,-,1,1,1,97,26/10/1924,1,02,6,2,4,08, , , , , ,1,1,8250,8308
00,1023,5,11B212,21,40599,3,1,0,02,-,1,2,2,54,07/10/1969,1,03,3,2,5,07, , , , , ,1, ,8250,0
00,1023,5,11B212,21,40599,1,1,0,05,-,1,5,1,04,20/11/2018, , , , , , , , , , , ,1, ,8250,0
00,1023,5,11B212,21,40599,1,1,0,02,-,1,2,2,68,18/10/1954,1,03,3,2,5,07, , , , , ,1,1,8250,33231
00,1023,5,11B212,21,40599,3,1,0,01,-,1,1,1,55,24/10/1967,1,04,3,2,5,01,4,4,2,1,999999,1,1,8250,16615
00,1023,5,11B212,21,40599,1,1,0,03,-,1,3,2,40,17/01/1983,1,07,5,2,1,01,1,5,3,2,999999,1, ,8250,0
00,1023,5,11B212,21,40599,2,1,0,03,-,1,3,1,01,22/02/2022, , , , , , , , , , , ,1, ,8250,0
00,1023,5,11B212,21,40599,1,1,0,01,-,1,1,1,74,07/04/1949,1,07,5,2,5,08, , , , , ,1, ,8250,0
00,1023,7,12A218,22,40028,3,1,0,01,-,1,1,1,69,04/06/1954,1,02,3,2,5,07, , , , , ,1, ,7928,0
00,1023,7,12A218,22,40028,1,1,0,02,-,1,2,2,32,21/05/1991,1,02,3,2,1,01,7,2,3,1,001600,1,1,7928,8030
00,1023,7,12A218,22,40028,3,1,0,02,-,1,2,1,68,25/08/1955,1,02,6,2,5,01,5,3,2,1,002000,1,1,7928,16059
00,1023,7,12A218,22,40028,2,1,0,01,-,1,1,2,67,14/09/1956,1,02,6,2,4,01,4,4,2,1,002000,1,1,7928,8030
00,1023,7,12A218,22,40028,1,1,0,04,-,1,3,2,03,21/08/2020, , , , , , , , , , , ,1, ,7928,0
00,1023,4,12A218,22,40028,1,1,0,01,-,2, , , , , , , , , , , , , , , ,1, ,0,0
00,1023,7,12A218,22,40028,4,1,0,01,-,1,1,1,68,19/07/1955,1,06,3,2,5,01,4,4,2,1,003000,1,1,7928,16059
00,1023,7,12A218,22,40028,1,1,0,03,-,1,3,1,16,15/06/2007,1,03,1,1,6,06, , , , , ,1, ,7928,0
00,1023,7,12A218,22,40028,4,1,0,02,-,1,2,2,66,01/06/1957,1,06,2,2,5,07, , , , , ,1, ,7928,0
00,1023,3,11A224,22,40053,4,1,0,04,-,1,3,1,16,16/07/2007,1,04,1,1,6,06, , , , , ,1, ,9033,0
00,1023,3,11A224,22,40053,1,1,0,01,-,1,1,1,71,04/07/1952,1,03,3,2,1,08, , , , , ,1, ,9033,0
00,1023,2,11A224,22,40053,3,1,0,04,-,2, , , , , , , , , , , , , , , ,1, ,0,0
00,1023,3,11A224,22,40053,3,1,0,03,-,1,3,1,40,01/01/1983,1,07,4,2,6,01,1,5,3,2,999999,1,1,9033,27290
00,1023,3,11A224,22,40053,4,1,0,03,-,1,3,1,12,15/06/2011,1,03,1,1,6,06, , , , , ,1, ,9033,0
00,1023,3,11A224,22,40053,2,1,0,01,-,1,1,1,75,23/10/1947,1,02,6,2,2,08, , , , , ,1,1,9033,9097
00,1023,2,11A224,22,40053,3,1,0,05,-,2, , , , , , , , , , , , , , , ,1, ,0,0
00,1023,3,11A224,22,40053,4,1,0,02,-,1,2,2,37,01/09/1986,1,04,2,2,1,01,7,2,3,2,999999,1, ,9033,0
00,1023,2,11A224,22,40053,3,1,0,06,-,2, , , , , , , , , , , , , , , ,1, ,0,0
00,1023,3,11A224,22,40053,3,1,0,01,-,1,1,1,70,15/07/1953,1,04,3,2,5,10, , , , , ,1, ,9033,0
00,1023,3,11A224,22,40053,3,1,0,02,-,1,2,2,70,15/07/1953,1,04,3,2,5,07, , , , , ,1, ,9033,0
00,1023,3,11A224,22,40053,4,1,0,01,-,1,1,1,33,02/02/1990,1,04,2,2,1,01,7,2,3,1,002000,1,1,9033,18193
00,1023,3,11A224,22,40053,1,1,0,02,-,1,2,2,50,02/01/1973,1,03,3,2,1,01,4,4,3,1,999999,1,1,9033,27290
00,1023,3,11A224,22,40053,1,1,0,03,-,1,3,1,19,09/01/2004,1,04,2,1,6,06, , , , , ,1, ,9033,0
00,1023,7,13A218,22,40097,1,1,0,01,-,1,1,2,79,28/07/1944,1,04,3,2,4,07, , , , , ,1,1,9919,20181
00,1023,7,13A218,22,40097,2,1,0,01,-,1,1,2,69,11/08/1954,1,04,3,2,4,08, , , , , ,1,1,9919,10091
00,1023,7,13A218,22,40097,3,1,1,01,-,1,1,1,28,29/04/1995,1,07,5,2,1,01,1,5,3,2,999999,1,1,9919,20181
00,1023,7,13A218,22,40097,1,1,0,02,-,1,3,2,41,21/06/1982,1,07,4,2,6,01,1,5,4,2,999999,1, ,9919,0
00,1023,5,13A218,22,40097,2,1,0,02,-,2, , , , , , , , , , , , , , , ,1, ,0,0
00,1023,7,13A218,22,40097,3,1,1,02,-,1,2,2,26,11/06/1997,1,07,5,2,1,01,1,5,3,2,999999,1, ,9919,0
00,1023,7,13A218,22,40097,4,1,0,01,-,1,1,2,77,17/04/1946,1,05,2,2,4,08, , , , , ,1,1,9919,10091
00,1023,6,13A218,22,40097,2,1,0,03,-,2, , , , , , , , , , , , , , , ,1, ,0,0
00,1023,3,13A224,22,40119,1,1,0,01,-,1,1,2,47,04/05/1976,1,07,4,2,6,01,1,5,3,2,020000,1,1,11079,11270
00,1023,3,13A224,22,40119,3,1,0,01,-,1,1,2,30,07/04/1993,1,07,5,2,6,01,1,2,3,2,006000,1,1,11079,11270
00,1023,3,13A224,22,40119,2,1,0,02,-,1,2,2,67,06/06/1956,1,03,3,2,5,08, , , , , ,1, ,11079,0
00,1023,3,13A224,22,40119,2,1,0,01,-,1,1,1,69,09/11/1953,1,07,3,2,5,01,3,5,3,2,012000,1,1,11079,33809
00,1023,3,13A224,22,40119,4,1,0,01,-,1,1,1,29,17/10/1993,1,07,4,2,6,01,1,5,3,2,999999,1,1,11079,11270
00,1023,3,13A224,22,40119,2,1,0,03,-,1,3,1,33,04/09/1990,1,07,4,2,6,01,1,2,3,2,999999,1, ,11079,0
00,1023,2,12A225,22,40280,2,1,0,03,-,1,7,2,21,26/05/2002,1,03,3,2,6,01,7,2,3,1,001500,1,1,6669,20264
00,1023,2,12A225,22,40280,1,1,0,04,-,1,3,1,13,10/12/2009,1,02,6,1,6,06, , , , , ,1, ,6669,0
00,1023,2,12A225,22,40280,4,1,0,01,-,1,1,2,41,05/04/1982,1,03,1,2,6,01,7,2,3,1,002000,1,1,6669,6755
00,1023,2,12A225,22,40280,3,1,0,05,-,3,5,1,50,20/09/1973,1,06,3,2,5,01,1,5,2,1,999999,1, ,6669,0
00,1023,2,12A225,22,40280,1,1,0,03,-,1,3,1,13,10/12/2009,1,02,6,1,6,06, , , , , ,1, ,6669,0
00,1023,2,12A225,22,40280,1,1,0,02,-,1,2,2,52,06/09/1971,1,02,6,2,1,01,5,5,2,1,001600,1, ,6669,0
00,1023,2,12A225,22,40280,3,1,0,01,-,1,1,2,79,08/03/1944,1,02,6,2,4,08, , , , , ,1, ,6669,0
00,1023,2,12A225,22,40280,3,1,0,04,-,1,5,1,09,19/02/2014,1,02,3,1, , , , , , , ,1, ,6669,0
00,1023,2,12A225,22,40280,3,1,0,02,-,1,3,2,40,16/10/1982,1,03,3,2,5,07, , , , , ,1,1,6669,20264
00,1023,2,12A225,22,40280,3,1,0,03,-,1,5,1,17,18/09/2006,1,04,1,1,6,06, , , , , ,1, ,6669,0
00,1023,2,12A225,22,40280,1,1,0,01,-,1,1,1,54,26/04/1969,1,02,6,2,1,01,7,3,3,1,003500,1,1,6669,20264
00,1023,2,12A225,22,40280,1,1,0,05,-,1,3,1,19,22/11/2003,1,03,3,2,6,01,4,4,3,1,001800,1, ,6669,0
00,1023,2,12A225,22,40280,2,1,0,02,-,1,6,2,25,03/04/1998,1,07,5,2,6,01,1,5,3,1,002500,1, ,6669,0
00,1023,2,12A225,22,40280,2,1,0,01,-,1,1,2,27,31/05/1996,1,03,3,2,6,01,7,2,3,1,001500,1, ,6669,0
00,1023,6,13B211,22,40288,2,1,0,01,-,1,1,2,53,24/02/1970,1,04,3,2,4,07, , , , , ,1, ,8415,0
00,1023,6,13B211,22,40288,1,1,0,03,-,1,3,2,22,23/11/2000,1,07,3,1,6,06, , , , , ,1,1,8415,34241
00,1023,6,13B211,22,40288,1,1,0,04,-,1,3,1,21,10/07/2002,1,07,1,1,6,06, , , , , ,1, ,8415,0
00,1023,6,13B211,22,40288,1,1,0,02,-,1,2,2,45,10/07/1978,1,07,2,2,5,07, , , , , ,1, ,8415,0
00,1023,6,13B211,22,40288,3,1,0,03,-,1,3,1,17,15/06/2006,1,04,1,1,6,06, , , , , ,1, ,8415,0
00,1023,6,13B211,22,40288,1,1,0,01,-,1,1,1,47,26/10/1975,1,07,4,2,5,01,1,7,3,1,004000,1, ,8415,0
00,1023,6,13B211,22,40288,2,1,0,02,-,1,3,1,27,20/07/1996,1,07,3,1,6,06, , , , , ,1, ,8415,0
00,1023,6,13B211,22,40288,3,1,0,02,-,1,2,2,51,30/09/1972,1,07,4,2,5,01,1,2,3,2,999999,1, ,8415,0
00,1023,6,13B211,22,40288,3,1,0,01,-,1,1,1,52,05/10/1970,1,07,4,2,5,01,1,2,3,2,999999,1,1,8415,17121
00,1023,6,13B211,22,40288,2,1,0,03,-,1,3,1,22,12/09/2001,1,07,2,1,6,06, , , , , ,1,1,8415,25681
00,1023,6,13B211,22,40288,3,1,0,04,-,1,3,2,15,08/04/2008,1,02,6,1,6,06, , , , , ,1, ,8415,0
00,1023,4,12A223,22,40309,3,1,0,02,-,1,3,1,26,21/08/1997,1,07,5,2,6,01,1,5,3,2,999999,1, ,7583,0
00,1023,4,12A223,22,40309,1,1,0,01,-,1,1,2,31,14/04/1992,1,07,5,2,6,01,1,7,3,3,999999,1,1,7583,7681
00,1023,4,12A223,22,40309,4,1,0,02,-,1,3,2,14,08/10/2008,1,03,3,1,6,06, , , , , ,1, ,7583,0
00,1023,4,12A223,22,40309,4,1,0,01,-,1,1,2,36,12/05/1987,1,07,5,2,2,01,1,5,3,2,999999,1,1,7583,7681
00,1023,4,12A223,22,40309,3,1,0,01,-,1,1,2,58,18/02/1965,1,04,2,1,6,01,4,4,3,2,999999,1,1,7583,15362
00,1023,5,12B212,22,40319,3,1,0,01,-,1,1,2,65,04/03/1958,1,03,3,2,2,07, , , , , ,1,1,8074,24534
00,1023,5,12B212,22,40319,3,1,0,04,-,1,5,1,31,20/10/1991,1,04,3,2,5,01,4,4,3,2,999999,1, ,8074,0
00,1023,5,12B212,22,40319,1,1,0,02,-,1,2,1,65,15/06/1958,1,07,4,2,5,01,1,2,2,1,999999,1, ,8074,0
00,1023,5,12B212,22,40319,1,1,0,03,-,1,3,1,37,15/06/1986,1,07,4,2,6,01,1,2,3,2,999999,1, ,8074,0
00,1023,5,12B212,22,40319,1,1,0,01,-,1,1,2,64,16/06/1959,1,04,3,2,5,07, , , , , ,1,1,8074,24534
00,1023,5,12B212,22,40319,4,1,0,02,-,1,2,2,34,19/12/1988,1,04,3,2,5,07, , , , , ,1,1,8074,16356
00,1023,5,12B212,22,40319,2,1,0,02,-,1,2,2,76,03/11/1946,1,03,3,2,5,07, , , , , ,1, ,8074,0
00,1023,5,12B212,22,40319,4,1,0,01,-,1,1,1,35,04/07/1988,1,04,3,2,5,01,1,5,2,1,002300,1, ,8074,0
00,1023,5,12B212,22,40319,3,1,0,02,-,1,3,2,42,09/02/1981,1,07,4,2,6,01,5,5,3,2,007000,1, ,8074,0
00,1023,5,12B212,22,40319,4,1,0,03,-,1,3,2,05,07/01/2018,2,01,2,2, , , , , , , ,1, ,8074,0
00,1023,5,12B212,22,40319,3,1,0,03,-,1,5,2,16,18/06/2007,1,03,3,1,6,06, , , , , ,1, ,8074,0
00,1023,5,12B212,22,40319,2,1,0,01,-,1,1,1,77,31/10/1945,1,04,3,2,5,08, , , , , ,1,1,8074,16356
00,1023,1,12A226,22,40347,1,1,0,04,-,1,3,1,31,04/11/1991,1,07,5,2,6,01,1,5,3,2,001200,1, ,8308,0
00,1023,1,12A226,22,40347,1,1,0,01,-,1,1,1,52,05/11/1970,1,04,3,2,5,01,4,4,2,1,999999,1, ,8308,0
00,1023,1,12A226,22,40347,1,1,0,02,-,1,2,2,53,08/03/1970,1,02,6,2,5,07, , , , , ,1,1,8308,33659
00,1023,1,12A226,22,40347,2,1,0,01,-,1,1,1,43,21/11/1979,1,02,6,2,1,01,5,5,3,1,001800,1,1,8308,8415
00,1023,1,12A226,22,40347,4,1,0,02,-,1,2,2,62,28/11/1960,1,06,3,2,5,08, , , , , ,1, ,8308,0
00,1023,1,12A226,22,40347,3,1,0,01,-,1,1,1,65,15/06/1958,1,04,3,2,6,08, , , , , ,1,1,8308,8415
00,1023,1,12A226,22,40347,1,1,0,03,-,1,3,2,29,02/03/1994,1,03,3,2,6,01,4,4,2,1,001000,1, ,8308,0
00,1023,1,12A226,22,40347,4,1,0,01,-,1,1,1,65,05/04/1958,1,07,5,2,5,01,1,3,1,3,999999,1,1,8308,16830
00,1023,4,11A223,22,40375,1,1,0,02,-,1,2,2,72,06/07/1951,1,02,6,2,5,07, , , , , ,1,1,11076,22308
00,1023,4,11A223,22,40375,2,1,0,01,-,1,1,1,53,15/06/1970,1,03,3,2,2,04, , , , , ,1,1,11076,11154
00,1023,4,11A223,22,40375,3,1,0,01,-,1,1,1,52,26/10/1970,1,03,3,2,5,01,5,4,3,1,001800,1,1,11076,22308
00,1023,4,11A223,22,40375,3,1,0,02,-,1,2,2,50,30/12/1972,1,02,6,2,5,07, , , , , ,1, ,11076,0
00,1023,4,11A223,22,40375,1,1,0,01,-,1,1,1,79,01/08/1944,1,02,6,2,5,01,7,2,2,1,999999,1, ,11076,0
00,1023,4,11A223,22,40375,4,1,0,02,-,1,2,2,34,12/05/1989,1,03,3,2,1,07, , , , , ,1, ,11076,0
00,1023,4,11A223,22,40375,4,1,0,03,-,1,3,1,11,10/04/2012,1,02,5,1, , , , , , , ,1, ,11076,0
00,1023,4,11A223,22,40375,4,1,0,01,-,1,1,1,39,15/04/1984,1,03,3,2,1,01,5,5,3,2,005000,1,1,11076,22308
00,1023,8,13A217,22,40379,2,1,1,03,-,1,3,1,27,14/11/1995,1,07,4,2,6,01,1,2,3,3,999999,1,1,9329,47449
00,1023,8,13A217,22,40379,2,1,1,01,-,1,1,1,30,13/03/1993,1,07,5,2,1,01,4,4,2,2,010000,1, ,9329,0
00,1023,8,13A217,22,40379,2,1,1,04,-,1,3,1,20,22/09/2003,1,04,2,1,6,06, , , , , ,1, ,9329,0
00,1023,8,13A217,22,40379,1,1,0,02,-,1,2,1,57,27/04/1966,1,07,5,2,5,01,1,5,3,2,004000,1, ,9329,0
00,1023,8,13A217,22,40379,1,1,0,01,-,1,1,1,73,12/07/1950,1,09,2,1,4,08, , , , , ,1,1,9329,18980
00,1023,8,13A217,22,40379,4,1,1,01,-,1,1,2,77,11/10/1945,1,04,3,2,4,08, , , , , ,1,1,9329,18980
00,1023,8,13A217,22,40379,2,1,1,05,-,1,4,2,66,09/01/1957,1,03,3,2,4,07, , , , , ,1, ,9329,0
00,1023,8,13A217,22,40379,4,1,1,02,-,1,5,2,18,15/08/2005,1,04,3,1,6,06, , , , , ,1, ,9329,0
00,1023,8,13A217,22,40379,2,1,1,02,-,1,2,2,50,11/03/1973,1,07,5,2,1,01,4,4,2,2,010000,1, ,9329,0
00,1023,8,11A217,22,40409,2,1,0,01,-,1,1,2,50,09/02/1973,1,04,3,1,5,01,4,4,2,1,999999,1,1,13259,53408
00,1023,8,11A217,22,40409,4,1,0,03,-,1,3,2,20,19/05/2003,1,07,1,2,6,01,1,5,3,2,007000,1, ,13259,0
00,1023,8,11A217,22,40409,4,1,0,04,-,1,3,2,09,02/02/2014,1,02,1,1, , , , , , , ,1, ,13259,0
00,1023,5,11A217,22,40409,3,1,0,03,-,2, , , , , , , , , , , , , , , ,1, ,0,0
00,1023,8,11A217,22,40409,2,1,0,02,-,1,2,1,50,02/07/1973,1,04,3,2,5,01,7,2,3,1,003000,1, ,13259,0
00,1023,8,11A217,22,40409,4,1,0,02,-,1,2,2,40,12/12/1982,1,03,3,2,5,01,7,2,3,1,001700,1, ,13259,0
00,1023,8,11A217,22,40409,3,1,0,01,-,1,1,1,44,20/01/1979,1,02,6,2,5,01,7,3,2,1,001800,1,1,13259,26704
00,1023,8,11A217,22,40409,3,1,0,02,-,1,2,2,46,07/05/1977,1,02,6,2,5,07, , , , , ,1, ,13259,0
00,1023,8,11A217,22,40409,1,1,0,01,-,1,1,1,54,13/11/1968,2,00, ,2,5,01,5,7,3,2,002800,1,1,13259,26704
00,1023,8,11A217,22,40409,1,1,0,02,-,1,2,2,46,15/06/1977,1,02,6,2,5,01,5,7,3,2,002800,1, ,13259,0
00,1023,8,11A217,22,40409,4,1,0,01,-,1,1,1,44,30/07/1979,1,07,3,2,5,01,7,3,2,3,010000,1,1,13259,40056
00,1023,8,11A217,22,40409,4,1,0,05,-,1,3,1,04,07/02/2019, , , , , , , , , , , ,1, ,13259,0
00,1023,8,11A217,22,40409,1,1,0,03,-,1,3,2,14,02/04/2009,1,02,3,1,6,06, , , , , ,1, ,13259,0
00,1023,8,11A217,22,40409,2,1,0,04,-,1,3,1,20,19/10/2002,1,04,3,1,6,06, , , , , ,1, ,13259,0
00,1023,8,11A217,22,40409,2,1,0,03,-,1,3,1,26,17/04/1997,1,07,3,1,6,06, , , , , ,1, ,13259,0
00,1023,7,11A218,23,40061,3,1,0,01,-,1,1,2,36,03/08/1987,1,07,4,2,3,01,3,5,3,2,005000,1,1,5884,5925
00,1023,7,11A218,23,40061,4,1,0,03,-,1,3,1,35,15/12/1987,1,03,3,2,6,01,5,5,3,1,000200,1, ,5884,0
00,1023,7,11A218,23,40061,2,1,0,02,-,1,2,2,62,14/05/1961,2,00, ,2,5,07, , , , , ,1, ,5884,0
00,1023,7,11A218,23,40061,4,1,0,06,-,1,5,2,17,29/11/2005,1,04,1,1,6,06, , , , , ,1, ,5884,0
00,1023,3,11A218,23,40061,4,1,0,05,-,2, , , , , , , , , , , , , , , ,1, ,0,0
00,1023,7,11A218,23,40061,3,1,0,02,-,1,3,2,14,02/04/2009,2,00, ,2,6,09, , , , , ,1, ,5884,0
00,1023,7,11A218,23,40061,1,1,0,06,-,1,3,1,00,19/12/2022, , , , , , , , , , , ,1, ,5884,0
00,1023,7,11A218,23,40061,2,1,0,04,-,1,5,2,40,15/06/1983,1,03,3,2,1,01,4,4,3,3,002000,1,1,5884,23701
00,1023,7,11A218,23,40061,2,1,0,03,-,1,3,1,41,30/06/1982,1,03,2,2,1,01,7,3,3,1,002000,1, ,5884,0
00,1023,7,11A218,23,40061,1,1,0,05,-,1,3,1,00,19/12/2022, , , , , , , , , , , ,1, ,5884,0
00,1023,7,11A218,23,40061,1,1,0,01,-,1,1,1,33,24/09/1990,1,04,2,2,1,01,3,5,3,2,999999,1, ,5884,0
00,1023,7,11A218,23,40061,4,1,0,01,-,1,1,1,56,13/01/1967,1,00, ,2,5,01,4,4,2,1,002800,1, ,5884,0
00,1023,7,11A218,23,40061,2,1,0,06,-,1,5,1,04,10/04/2019, , , , , , , , , , , ,1, ,5884,0
00,1023,7,11A218,23,40061,2,1,0,05,-,1,5,2,07,28/01/2016,2,01,3,1, , , , , , , ,1, ,5884,0
00,1023,7,11A218,23,40061,2,1,0,01,-,1,1,1,67,15/01/1956,1,03,3,2,5,08, , , , , ,1, ,5884,0
00,1023,7,11A218,23,40061,1,1,0,04,-,1,3,1,04,12/04/2019, , , , , , , , , , , ,1, ,5884,0
00,1023,7,11A218,23,40061,3,1,0,03,-,1,3,1,12,08/10/2010,1,02,6,1,6,06, , , , , ,1, ,5884,0
00,1023,7,11A218,23,40061,4,1,0,02,-,1,2,2,55,13/05/1968,1,00, ,2,5,07, , , , , ,1,1,5884,23701
00,1023,7,11A218,23,40061,1,1,0,03,-,1,7,2,46,15/06/1977,1,02,6,2,6,01,4,4,2,1,000500,1, ,5884,0
00,1023,7,11A218,23,40061,1,1,0,02,-,1,2,2,22,31/03/2001,1,02,6,2,1,07, , , , , ,1,1,5884,17776
00,1023,7,11A218,23,40061,4,1,0,04,-,1,3,2,24,11/10/1998,1,07,2,2,1,07, , , , , ,1, ,5884,0
00,1023,3,11A224,23,40086,2,1,0,03,-,1,3,2,18,24/11/2004,1,03,3,2,6,01,5,5,3,2,003500,1, ,6980,0
00,1023,3,11A224,23,40086,1,1,0,01,-,1,1,2,45,31/08/1978,1,02,6,2,1,07, , , , , ,1, ,6980,0
00,1023,3,11A224,23,40086,3,1,0,02,-,1,3,1,30,15/06/1993,1,07,4,2,6,01,1,5,3,2,999999,1, ,6980,0
00,1023,3,11A224,23,40086,1,1,0,03,-,1,3,1,19,13/04/2004,1,04,3,2,6,01,3,6,3,2,003000,1, ,6980,0
00,1023,3,11A224,23,40086,3,1,0,03,-,1,3,2,25,15/06/1998,1,07,4,2,6,01,5,5,3,2,999999,1, ,6980,0
15,1023,3,11A224,23,40086,4,1,0,04,-,1,3,1,14,03/11/2008,1,03,3,1,6,06, , , , , ,1, ,6980,0
15,1023,3,11A224,23,40086,4,1,0,03,-,1,3,2,15,04/11/2007,1,03,3,1,6,06, , , , , ,1, ,6980,0
15,1023,3,11A224,23,40086,4,1,0,01,-,1,1,1,31,05/04/1992,1,03,3,2,1,01,7,5,3,2,999999,1,1,6980,0
00,1023,3,11A224,23,40086,1,1,0,04,-,1,3,1,19,10/10/2004,1,04,3,2,6,01,3,6,3,3,003000,1, ,6980,0
00,1023,3,11A224,23,40086,3,1,0,01,-,1,1,2,50,08/08/1973,1,02,6,2,4,01,5,5,3,2,001500,1,1,6980,40163
15,1023,3,11A224,23,40086,4,1,0,02,-,1,2,2,40,09/03/1983,1,03,3,2,1,01,7,5,3,2,999999,1, ,6980,0
00,1023,3,11A224,23,40086,1,1,0,02,-,1,3,1,20,19/01/2003,1,04,3,2,6,01,3,6,3,2,003000,1,1,6980,32130
00,1023,3,11A224,23,40086,3,1,0,05,-,1,3,2,19,15/06/2004,1,04,3,2,6,01,5,5,3,2,002500,1, ,6980,0
00,1023,3,11A224,23,40086,3,1,0,04,-,1,3,1,22,19/10/2000,1,03,3,2,6,01,5,5,3,1,002000,1, ,6980,0
00,1023,3,11A224,23,40086,2,1,0,04,-,1,3,2,07,06/03/2016,1,02,1,1, , , , , , , ,1, ,6980,0
15,1023,3,11A224,23,40086,4,1,0,05,-,1,3,2,12,13/12/2010,1,03,1,1,6,06, , , , , ,1, ,6980,0
00,1023,3,11A224,23,40086,2,1,0,05,-,1,7,1,24,26/01/1999,1,02,6,1,6,01,5,5,3,2,003800,1, ,6980,0
00,1023,3,11A224,23,40086,2,1,0,02,-,1,2,2,37,07/10/1986,1,03,3,2,1,07, , , , , ,1,1,6980,40163
00,1023,3,11A224,23,40086,2,1,0,06,-,1,3,2,18,24/11/2004,1,03,3,2,6,04, , , , , ,1, ,6980,0
00,1023,3,11A224,23,40086,2,1,0,01,-,1,1,1,30,15/11/1992,1,03,3,2,1,01,4,4,2,2,003000,1, ,6980,0
15,1023,3,11A224,23,40086,4,1,0,06,-,1,3,1,11,30/11/2011,1,02,6,1, , , , , , , ,1, ,6980,0
00,1023,6,11B211,23,40221,1,1,0,02,-,1,2,2,53,08/07/1970,1,02,6,2,5,01,5,5,3,2,002000,1, ,7343,0
00,1023,6,11B211,23,40221,4,1,0,01,-,1,1,1,50,02/07/1973,1,03,3,2,5,01,5,6,3,2,003500,1, ,7343,0
00,1023,6,11B211,23,40221,4,1,0,03,-,1,3,1,29,19/11/1993,1,03,3,2,5,01,4,4,5,1,003000,1, ,7343,0
00,1023,4,11B211,23,40221,4,1,0,07,-,2, , , , , , , , , , , , , , , ,1, ,0,0
00,1023,6,11B211,23,40221,4,1,0,08,-,1,3,1,21,23/11/2001,1,03,3,2,1,01,7,3,3,1,004500,1, ,7343,0
00,1023,6,11B211,23,40221,1,1,0,01,-,1,1,1,55,06/11/1967,1,02,6,2,5,01,4,4,2,1,001500,1,1,7343,37646
00,1023,6,11B211,23,40221,4,1,0,05,-,1,5,1,08,12/12/2014,1,02,1,1, , , , , , , ,1, ,7343,0
00,1023,6,11B211,23,40221,1,1,0,04,-,1,3,2,24,18/08/1999,1,07,3,1,6,01,3,7,3,2,003500,1, ,7343,0
00,1023,6,11B211,23,40221,4,1,0,06,-,1,5,2,06,13/09/2017,2,01,2,1, , , , , , , ,1, ,7343,0
00,1023,6,11B211,23,40221,2,1,0,03,-,1,3,1,16,03/01/2007,1,03,1,1,6,06, , , , , ,1, ,7343,0
15,1023,6,11B211,23,40221,3,1,0,03,-,1,3,1,19,17/04/2004,1,04,3,1,6,01,7,2,4,1,001300,1, ,7343,0
00,1023,6,11B211,23,40221,1,1,0,03,-,1,3,1,25,17/06/1998,1,04,1,2,6,01,5,5,3,2,002500,1, ,7343,0
00,1023,6,11B211,23,40221,2,1,0,02,-,1,2,1,45,22/07/1978,1,03,3,2,5,01,5,5,4,1,003500,1, ,7343,0
00,1023,6,11B211,23,40221,4,1,0,04,-,1,5,2,25,08/11/1997,1,04,3,2,5,01,5,5,3,2,002500,1, ,7343,0
00,1023,6,11B211,23,40221,2,1,0,01,-,1,1,2,44,04/08/1979,1,03,3,2,5,01,4,4,3,1,001500,1,1,7343,18822
15,1023,6,11B211,23,40221,3,1,0,02,-,1,2,2,53,12/02/1970,1,02,4,2,5,07, , , , , ,1,1,7343,0
15,1023,6,11B211,23,40221,3,1,0,04,-,1,3,2,15,10/10/2008,1,03,2,1,6,06, , , , , ,1, ,7343,0
15,1023,6,11B211,23,40221,3,1,0,01,-,1,1,1,55,28/04/1968,1,02,4,2,5,01,5,5,4,1,001200,1, ,7343,0
00,1023,6,11B211,23,40221,4,1,0,02,-,1,2,2,46,30/10/1976,1,03,3,2,5,07, , , , , ,1,1,7343,47057
00,1023,6,11B211,23,40221,4,1,0,09,-,1,5,2,17,26/03/2006,1,03,3,2,1,07, , , , , ,1, ,7343,0
00,1023,2,11A225,23,40246,1,1,0,01,-,1,1,2,48,27/11/1974,1,03,3,2,1,07, , , , , ,1, ,6554,0
00,1023,2,11A225,23,40246,3,1,0,05,-,1,5,2,06,17/08/2017,2,01,1,1, , , , , , , ,1, ,6554,0
00,1023,2,11A225,23,40246,1,1,0,02,-,1,2,1,65,07/09/1958,1,03,3,2,1,01,7,3,3,2,005000,1, ,6554,0
15,1023,2,11A225,23,40246,2,1,0,04,-,2, , , , , , , , , , , , , , , ,1, ,0,0
15,1023,2,11A225,23,40246,2,1,0,01,-,2, , , , , , , , , , , , , , , ,1, ,0,0
00,1023,2,11A225,23,40246,4,1,0,02,-,1,3,1,38,24/04/1985,1,02,6,2,2,02,4,4,6,5, ,1, ,6554,0
00,1023,2,11A225,23,40246,1,1,0,06,-,1,3,2,11,06/10/2012,1,02,5,1, , , , , , , ,1, ,6554,0
00,1023,2,11A225,23,40246,3,1,0,04,-,1,3,1,23,25/01/2000,1,07,4,1,6,01,3,5,3,1,001700,1, ,6554,0
15,1023,2,11A225,23,40246,2,1,0,07,-,2, , , , , , , , , , , , , , , ,1, ,0,0
15,1023,2,11A225,23,40246,2,1,0,06,-,2, , , , , , , , , , , , , , , ,1, ,0,0
00,1023,2,11A225,23,40246,1,1,0,04,-,1,3,2,24,03/12/1998,1,07,4,2,6,07, , , , , ,1, ,6554,0
00,1023,2,11A225,23,40246,4,1,0,01,-,1,1,2,55,22/11/1967,1,02,3,2,3,01,4,4,2,1,001500,1,1,6554,14400
00,1023,2,11A225,23,40246,1,1,0,05,-,1,3,1,21,04/09/2002,1,06,3,1,6,06, , , , , ,1,1,6554,36001
00,1023,2,11A225,23,40246,3,1,0,03,-,1,3,2,18,12/10/2005,1,04,2,1,6,06, , , , , ,1, ,6554,0
00,1023,2,11A225,23,40246,3,1,0,02,-,1,2,2,44,12/04/1979,1,02,6,2,5,01,5,5,3,1,001700,1,1,6554,28801
15,1023,2,11A225,23,40246,2,1,0,02,-,1,2,2,52,23/04/1971,1,03,3,2,5,07, , , , , ,1,1,6554,0
00,1023,2,11A225,23,40246,3,1,0,01,-,1,1,1,53,03/06/1970,1,03,3,2,5,01,3,5,3,1,002000,1, ,6554,0
15,1023,2,11A225,23,40246,2,1,0,05,-,2, , , , , , , , , , , , , , , ,1, ,0,0
00,1023,2,11A225,23,40246,1,1,0,03,-,1,3,1,25,16/12/1997,1,03,3,2,6,01,7,5,3,2,004000,1, ,6554,0
15,1023,2,11A225,23,40246,2,1,0,03,-,2, , , , , , , , , , , , , , , ,1, ,0,0
00,1023,6,13B211,23,40256,1,1,1,02,-,1,3,2,06,05/08/2017,2,01,2,1, , , , , , , ,1, ,6961,0
00,1023,6,13B211,23,40256,4,1,0,01,-,1,1,2,57,15/06/1966,1,04,3,2,6,07, , , , , ,1,1,6961,10622
15,1023,6,13B211,23,40256,2,1,0,01,-,1,1,2,61,15/06/1962,1,07,4,2,2,07, , , , , ,1,1,6961,0
00,1023,6,13B211,23,40256,1,1,1,01,-,1,1,2,48,24/02/1975,1,07,4,2,2,01,4,4,5,2,004000,1,1,6961,10622
00,1023,2,13A225,23,40283,2,1,0,04,-,1,4,2,58,21/05/1965,1,07,4,2,2,01,3,4,3,1,999999,1, ,10175,0
00,1023,2,13A225,23,40283,1,1,0,04,-,1,3,1,09,19/12/2013,1,02,2,1, , , , , , , ,1, ,10175,0
00,1023,2,13A225,23,40283,1,1,0,01,-,1,1,1,51,24/10/1971,1,07,5,2,5,01,3,4,3,2,006000,1,1,10175,20701
00,1023,2,13A225,23,40283,2,1,0,03,-,1,3,2,06,05/09/2017,2,01,3,1, , , , , , , ,1, ,10175,0
00,1023,2,13A225,23,40283,2,1,0,02,-,1,2,2,25,21/07/1998,1,07,4,2,5,07, , , , , ,1, ,10175,0
00,1023,2,13A225,23,40283,3,1,0,02,-,1,3,1,59,14/02/1964,1,07,5,2,2,01,3,5,3,2,999999,1,1,10175,20701
00,1023,2,13A225,23,40283,3,1,0,01,-,1,1,2,80,30/05/1943,1,06,4,2,4,01,4,4,5,1,000600,1, ,10175,0
00,1023,2,13A225,23,40283,1,1,0,03,-,1,3,1,16,26/11/2006,1,04,1,1,6,06, , , , , ,1, ,10175,0
00,1023,2,13A225,23,40283,2,1,0,05,-,1,6,1,32,17/07/1991,1,07,3,2,2,01,4,4,2,1,999999,1,1,10175,41401
00,1023,2,13A225,23,40283,2,1,0,01,-,1,1,1,31,05/06/1992,1,07,1,2,5,01,3,5,3,1,999999,1, ,10175,0
00,1023,2,13A225,23,40283,1,1,0,02,-,1,2,2,48,29/01/1975,1,07,4,2,5,01,4,4,3,2,004000,1, ,10175,0
00,1023,4,11A223,23,40310,3,1,0,02,-,1,2,2,44,20/11/1978,1,03,3,2,1,07, , , , , ,1, ,6999,0
00,1023,4,11A223,23,40310,4,1,0,05,-,1,3,2,09,19/12/2013,1,02,4,1, , , , , , , ,1, ,6999,0
00,1023,4,11A223,23,40310,4,1,0,03,-,1,3,2,22,13/07/2001,1,04,3,1,6,06, , , , , ,1, ,6999,0
00,1023,4,11A223,23,40310,4,1,0,01,-,1,1,2,42,30/10/1980,1,03,3,2,5,07, , , , , ,1, ,6999,0
00,1023,4,11A223,23,40310,2,1,0,01,-,1,1,1,61,21/08/1962,1,03,3,2,1,01,7,5,2,1,001500,1,1,6999,14096
00,1023,4,11A223,23,40310,4,1,0,02,-,1,2,1,51,08/04/1972,1,03,3,2,5,01,7,2,3,1,003500,1,1,6999,21144
00,1023,4,11A223,23,40310,4,1,0,04,-,1,3,2,15,23/10/2007,1,04,1,1,6,06, , , , , ,1, ,6999,0
00,1023,4,11A223,23,40310,3,1,0,03,-,1,3,2,21,17/04/2002,1,04,3,1,6,01,3,5,3,2,005000,1,1,6999,21144
00,1023,4,11A223,23,40310,2,1,0,02,-,1,2,2,49,22/02/1974,1,04,3,2,1,01,3,5,3,1,999999,1, ,6999,0
00,1023,4,11A223,23,40310,1,1,0,03,-,1,3,1,07,15/06/2016,1,02,1,1, , , , , , , ,1, ,6999,0
00,1023,4,11A223,23,40310,1,1,0,02,-,1,3,2,14,15/06/2009,1,02,1,1,6,06, , , , , ,1, ,6999,0
00,1023,4,11A223,23,40310,1,1,0,01,-,1,1,1,39,15/06/1984,1,04,3,2,6,01,5,5,3,2,999999,1,1,6999,7048
00,1023,4,11A223,23,40310,3,1,0,04,-,1,3,1,03,27/12/2019, , , , , , , , , , , ,1, ,6999,0
00,1023,4,11A223,23,40310,3,1,0,01,-,1,1,1,44,26/04/1979,1,03,3,2,1,01,7,5,3,2,006000,1, ,6999,0
00,1023,1,11A226,23,40316,3,1,0,01,-,1,1,1,19,02/12/2003,1,07,2,1,6,01,5,5,2,1,002000,1,1,30185,30185
00,1023,1,11A226,23,40316,4,1,0,03,-,1,3,1,10,06/02/2013,1,02,4,1, , , , , , , ,1, ,30185,0
00,1023,1,11A226,23,40316,2,1,0,03,-,1,3,1,10,08/08/2013,1,02,4,1, , , , , , , ,1, ,30185,0
00,1023,1,11A226,23,40316,2,1,0,02,-,1,2,2,28,12/11/1994,1,02,2,2,1,07, , , , , ,1,1,30185,60370
00,1023,1,11A226,23,40316,2,1,0,04,-,1,3,1,06,25/08/2017,2,01,2,1, , , , , , , ,1, ,30185,0
00,1023,1,11A226,23,40316,4,1,0,01,-,1,1,1,28,14/10/1994,1,04,3,2,1,01,5,5,3,2,007000,1, ,30185,0
00,1023,1,11A226,23,40316,4,1,0,04,-,1,3,2,07,26/08/2016,1,02,1,1, , , , , , , ,1, ,30185,0
00,1023,1,11A226,23,40316,3,1,0,02,-,1,6,1,15,12/07/2008,1,03,2,1,6,06, , , , , ,1, ,30185,0
00,1023,1,11A226,23,40316,4,1,0,02,-,1,2,2,38,01/09/1985,1,04,3,2,1,07, , , , , ,1,1,30185,60370
00,1023,1,11A226,23,40316,2,1,0,01,-,1,1,1,32,08/02/1991,1,02,3,2,1,01,7,5,3,2,004000,1, ,30185,0
00,1023,5,12B212,23,40319,1,1,0,01,-,1,1,2,48,01/06/1975,1,04,3,2,1,01,3,4,3,1,001500,1,1,6983,14144
00,1023,5,12B212,23,40319,3,1,0,01,-,1,1,1,47,08/08/1976,1,06,4,2,5,01,7,5,3,2,999999,1, ,6983,0
00,1023,5,12B212,23,40319,3,1,0,04,-,1,3,1,16,08/02/2007,1,03,3,1,6,06, , , , , ,1, ,6983,0
00,1023,5,12B212,23,40319,2,1,0,01,-,1,1,2,49,25/01/1974,1,03,3,2,2,01,4,4,3,2,003000,1,1,6983,7072
00,1023,5,12B212,23,40319,4,1,1,02,-,1,4,2,56,12/12/1966,1,03,2,2,6,01,5,5,3,2,003000,1, ,6983,0
00,1023,5,12B212,23,40319,3,1,0,03,-,1,3,2,19,21/01/2004,1,04,3,1,6,06, , , , , ,1,1,6983,21217
00,1023,5,12B212,23,40319,3,1,0,02,-,1,2,2,40,15/07/1983,1,04,3,2,5,01,3,5,4,1,999999,1, ,6983,0
00,1023,5,12B212,23,40319,1,1,0,03,-,1,2,1,50,01/11/1972,1,04,2,2,1,01,1,5,5,2,002800,1, ,6983,0
00,1023,5,12B212,23,40319,1,1,0,02,-,1,3,1,09,26/12/2013,1,02,3,1, , , , , , , ,1, ,6983,0
00,1023,5,12B212,23,40319,4,1,1,01,-,1,1,2,38,12/03/1985,1,04,2,2,1,01,4,4,3,1,004000,1,1,6983,14144
00,1023,5,12B212,23,40319,4,1,1,04,-,1,3,1,09,01/04/2014,1,02,3,1, , , , , , , ,1, ,6983,0
00,1023,5,12B212,23,40319,4,1,1,03,-,1,3,2,17,10/01/2006,1,04,2,1,6,06, , , , , ,1, ,6983,0
00,1023,1,12A226,23,40345,4,1,0,02,-,1,2,2,23,02/03/2000,1,07,4,2,1,01,3,4,3,2,007000,1,1,5094,10320
00,1023,1,12A226,23,40345,1,1,0,02,-,1,3,2,33,17/10/1989,1,07,3,2,1,07, , , , , ,1, ,5094,0
00,1023,1,12A226,23,40345,1,1,0,05,-,1,5,2,07,16/06/2016,1,02,1,1, , , , , , , ,1, ,5094,0
00,1023,1,12A226,23,40345,3,1,0,01,-,1,1,1,31,19/04/1992,1,04,3,2,1,01,3,5,3,3,014000,1,1,5094,10320
00,1023,1,12A226,23,40345,1,1,0,01,-,1,1,2,55,01/11/1967,1,04,3,2,2,01,4,4,3,1,001200,1, ,5094,0
00,1023,1,12A226,23,40345,2,1,0,01,-,1,1,2,59,22/10/1963,1,02,6,2,2,01,5,6,2,3,005000,1,1,5094,5160
00,1023,1,12A226,23,40345,1,1,0,06,-,1,5,2,05,02/02/2018,2,01,1,1, , , , , , , ,1, ,5094,0
00,1023,1,12A226,23,40345,3,1,0,02,-,1,2,2,25,13/10/1997,1,04,3,2,1,01,3,7,3,2,005000,1, ,5094,0
00,1023,1,12A226,23,40345,1,1,0,03,-,1,5,1,34,15/06/1989,1,04,3,2,1,01,5,4,3,2,999999,1,1,5094,20640
00,1023,1,12A226,23,40345,1,1,0,04,-,1,3,2,27,21/02/1996,1,04,3,1,6,01,4,4,3,2,999999,1, ,5094,0
00,1023,1,12A226,23,40345,1,1,0,07,-,1,5,2,02,27/11/2020, , , , , , , , , , , ,1, ,5094,0
00,1023,1,12A226,23,40345,4,1,0,01,-,1,1,1,24,24/05/1999,1,07,4,2,1,01,3,5,3,2,008500,1, ,5094,0
00,1023,8,11A217,23,40378,1,1,0,07,-,1,3,1,31,25/12/1991,1,02,3,2,6,04, , , , , ,1, ,5522,0
00,1023,2,11A217,23,40378,1,1,0,02,-,2, , , , , , , , , , , , , , , ,1, ,0,0
00,1023,8,11A217,23,40378,3,1,1,01,-,1,1,1,20,26/02/2003,1,07,1,1,6,01,3,4,3,1,002500,1,1,5522,5561
00,1023,8,11A217,23,40378,4,1,0,01,-,1,1,2,23,31/12/1999,1,03,3,2,5,07, , , , , ,1,1,5522,5561
00,1023,8,11A217,23,40378,1,1,0,01,-,1,1,2,66,03/06/1957,2,00, ,2,4,07, , , , , ,1,1,5522,16682
00,1023,8,11A217,23,40378,1,1,0,03,-,1,5,1,18,03/05/2005,1,04,2,1,6,06, , , , , ,1, ,5522,0
00,1023,7,11A217,23,40378,1,1,0,05,-,2, , , , , , , , , , , , , , , ,1, ,0,0
00,1023,7,11A217,23,40378,1,1,0,04,-,2, , , , , , , , , , , , , , , ,1, ,0,0
00,1023,7,11A217,23,40378,1,1,0,06,-,2, , , , , , , , , , , , , , , ,1, ,0,0
00,1023,5,11B212,23,40385,4,1,0,05,-,1,5,1,23,14/02/2000,1,04,3,1,6,06, , , , , ,1, ,7079,0
00,1023,5,11B212,23,40385,1,1,0,04,-,1,3,2,13,28/03/2010,1,02,6,1,6,06, , , , , ,1, ,7079,0
00,1023,5,11B212,23,40385,3,1,0,01,-,1,1,2,53,05/07/1970,2,00, ,2,4,01,7,5,3,1,001500,1,1,7079,14258
00,1023,5,11B212,23,40385,1,1,0,03,-,1,3,1,15,14/07/2008,1,03,2,1,6,06, , , , , ,1, ,7079,0
00,1023,5,11B212,23,40385,3,1,0,02,-,1,3,1,18,16/06/2005,1,04,1,1,6,06, , , , , ,1, ,7079,0
00,1023,5,11B212,23,40385,4,1,0,01,-,1,1,1,64,12/11/1958,1,02,6,2,2,01,7,3,3,1,002000,1,1,7079,57031
00,1023,5,11B212,23,40385,4,1,0,03,-,1,3,1,36,12/12/1986,1,04,3,2,6,01,3,5,3,2,999999,1, ,7079,0
00,1023,5,11B212,23,40385,4,1,0,08,-,1,3,1,23,18/07/2000,1,04,3,1,6,06, , , , , ,1, ,7079,0
00,1023,5,11B212,23,40385,4,1,0,04,-,1,3,2,37,13/05/1986,1,04,3,2,5,01,3,4,3,1,001500,1, ,7079,0
00,1023,5,11B212,23,40385,1,1,0,02,-,1,2,2,34,20/04/1989,1,04,3,2,1,07, , , , , ,1,1,7079,14258
00,1023,5,11B212,23,40385,4,1,0,06,-,1,3,2,33,05/05/1990,1,03,3,2,6,01,5,5,3,1,001500,1, ,7079,0
00,1023,5,11B212,23,40385,1,1,0,05,-,1,3,1,06,01/07/2017,1,01,3,1, , , , , , , ,1, ,7079,0
00,1023,5,11B212,23,40385,4,1,0,02,-,1,3,2,43,12/10/1980,1,02,3,2,5,01,5,5,4,1,000800,1, ,7079,0
00,1023,5,11B212,23,40385,4,1,0,07,-,1,3,2,25,17/10/1998,1,04,3,2,6,01,3,5,3,2,003000,1, ,7079,0
00,1023,5,11B212,23,40385,4,1,0,09,-,1,5,2,09,14/05/2014,2,01,2,1, , , , , , , ,1, ,7079,0
00,1023,5,11B212,23,40385,1,1,0,01,-,1,1,1,61,10/04/1962,1,04,3,1,1,01,7,3,3,2,008000,1, ,7079,0
00,1023,7,13A218,24,40030,4,1,0,01,-,1,1,1,47,18/03/1976,1,07,5,2,5,01,1,2,3,2,999999,1, ,8815,0
00,1023,7,13A218,24,40030,4,1,0,03,-,1,3,2,22,06/08/2001,1,07,3,1,6,06, , , , , ,1,1,8815,35869
00,1023,7,13A218,24,40030,1,1,1,01,-,1,1,2,49,17/08/1974,1,07,4,2,6,01,3,2,3,2,999999,1, ,8815,0
00,1023,7,13A218,24,40030,1,1,1,02,-,1,3,2,22,30/12/2000,1,04,2,2,6,01,3,2,3,2,999999,1,1,8815,17935
00,1023,7,13A218,24,40030,4,1,0,02,-,1,2,2,47,20/08/1976,1,07,5,2,5,07, , , , , ,1, ,8815,0
00,1023,2,13A218,24,40030,2,1,0,01,-,2, , , , , , , , , , , , , , , ,1, ,0,0
00,1023,7,13A218,24,40030,4,1,0,05,-,1,3,2,15,01/03/2008,2,00, ,2,6,10, , , , , ,1, ,8815,0
00,1023,7,13A218,24,40030,2,1,0,03,-,1,3,1,02,14/05/2021, , , , , , , , , , , ,1, ,8815,0
00,1023,7,13A218,24,40030,2,1,0,02,-,1,2,2,42,14/04/1981,1,07,5,2,5,07, , , , , ,1,1,8815,8967
00,1023,7,13A218,24,40030,4,1,0,04,-,1,3,1,20,04/12/2002,1,07,1,1,6,06, , , , , ,1, ,8815,0
00,1023,3,11A224,24,40058,2,1,0,03,-,1,3,1,25,03/08/1998,1,04,2,2,1,01,5,5,3,1,999999,1,1,7566,38094
00,1023,3,11A224,24,40058,1,1,0,03,-,1,3,2,10,22/01/2013,1,02,4,1, , , , , , , ,1, ,7566,0
00,1023,3,11A224,24,40058,3,1,0,02,-,1,2,2,55,27/10/1967,1,03,1,2,5,01,7,2,3,1,999999,1,1,7566,15237
00,1023,3,11A224,24,40058,2,1,0,04,-,1,5,2,22,30/03/2001,1,02,6,2,1,01,5,5,3,1,999999,1, ,7566,0
00,1023,3,11A224,24,40058,2,1,0,02,-,1,2,2,50,08/09/1973,1,02,6,2,5,07, , , , , ,1, ,7566,0
00,1023,3,11A224,24,40058,2,1,0,06,-,1,5,2,08,27/08/2015,1,02,2,1, , , , , , , ,1, ,7566,0
00,1023,3,11A224,24,40058,2,1,0,07,-,1,5,2,04,24/11/2018, , , , , , , , , , , ,1, ,7566,0
00,1023,3,11A224,24,40058,2,1,0,05,-,1,3,1,20,21/04/2003,1,07,1,1,6,06, , , , , ,1, ,7566,0
00,1023,3,11A224,24,40058,2,1,0,01,-,1,1,1,48,10/12/1974,1,02,6,2,5,01,4,4,2,1,000500,1, ,7566,0
00,1023,3,11A224,24,40058,3,1,0,01,-,1,1,1,56,18/04/1967,1,03,1,2,5,01,5,6,3,1,999999,1, ,7566,0
00,1023,3,11A224,24,40058,1,1,0,02,-,1,2,2,38,03/04/1985,1,07,5,2,5,07, , , , , ,1, ,7566,0
00,1023,3,11A224,24,40058,1,1,0,01,-,1,1,1,45,10/11/1977,1,04,3,2,5,01,4,4,2,1,999999,1,1,7566,15237
00,1023,3,11A224,24,40058,1,1,0,04,-,1,3,1,07,22/01/2016,1,02,1,1, , , , , , , ,1, ,7566,0
00,1023,3,11A224,24,40058,4,1,0,01,-,1,1,2,60,12/12/1962,1,04,2,2,4,07, , , , , ,1,1,7566,7619
00,1023,7,11A218,24,40059,2,1,0,02,-,1,6,1,25,27/01/1998,1,07,5,2,6,01,7,2,3,2,999999,1,1,7503,15111
00,1023,7,11A218,24,40059,1,1,0,04,-,1,3,1,23,25/09/2000,1,07,2,1,6,06, , , , , ,1, ,7503,0
00,1023,7,11A218,24,40059,4,1,0,01,-,1,1,1,60,24/11/1962,1,04,3,2,5,01,4,4,2,1,000500,1,1,7503,15111
00,1023,7,11A218,24,40059,3,1,0,01,-,1,1,1,56,10/03/1967,1,04,2,2,5,01,5,5,2,1,999999,1, ,7503,0
00,1023,7,11A218,24,40059,1,1,0,05,-,1,3,1,21,27/12/2001,1,04,3,2,6,01,3,4,3,1,999999,1, ,7503,0
00,1023,6,11A218,24,40059,4,1,0,03,-,2, , , , , , , , , , , , , , , ,1, ,0,0
00,1023,7,11A218,24,40059,1,1,0,01,-,1,1,1,55,11/05/1968,1,03,3,2,5,01,4,4,2,1,999999,1, ,7503,0
00,1023,7,11A218,24,40059,1,1,0,03,-,1,3,1,26,25/10/1996,1,07,4,2,6,01,1,2,3,2,999999,1,1,7503,37778
00,1023,7,11A218,24,40059,3,1,0,03,-,1,3,1,25,14/05/1998,1,03,3,2,6,01,5,5,2,1,999999,1,1,7503,22667
00,1023,7,11A218,24,40059,1,1,0,06,-,1,3,1,16,28/04/2007,1,03,3,1,6,06, , , , , ,1, ,7503,0
00,1023,7,11A218,24,40059,2,1,0,01,-,1,1,2,28,29/11/1994,1,04,2,1,6,01,7,2,3,1,999999,1, ,7503,0
00,1023,7,11A218,24,40059,1,1,0,02,-,1,2,2,54,29/05/1969,1,03,3,2,5,07, , , , , ,1, ,7503,0
00,1023,7,11A218,24,40059,4,1,0,02,-,1,2,2,58,02/01/1965,1,04,3,2,5,02,4,4,6,5, ,1, ,7503,0
00,1023,7,11A218,24,40059,3,1,0,02,-,1,2,2,49,01/04/1974,1,03,3,2,5,01,4,4,2,1,000500,1, ,7503,0
00,1023,3,13A224,24,40119,1,1,0,01,-,1,1,1,47,03/10/1975,1,04,3,2,5,01,5,5,2,1,003000,1,1,9171,27987
00,1023,3,13A224,24,40119,2,1,0,04,-,1,3,2,01,23/01/2022, , , , , , , , , , , ,1, ,9171,0
00,1023,3,13A224,24,40119,2,1,0,01,-,1,1,1,35,31/08/1988,1,07,5,2,5,01,4,4,2,1,005000,1,1,9171,18658
00,1023,3,13A224,24,40119,3,1,0,01,-,1,1,1,30,07/12/1992,1,07,4,2,1,01,1,2,3,2,999999,1,1,9171,18658
00,1023,3,13A224,24,40119,3,1,0,02,-,1,2,2,28,11/07/1995,1,07,5,2,1,07, , , , , ,1, ,9171,0
00,1023,3,13A224,24,40119,4,1,0,03,-,1,3,2,26,10/06/1997,1,08,2,2,6,01,1,5,3,2,999999,1, ,9171,0
00,1023,3,13A224,24,40119,4,1,0,02,-,1,3,1,30,11/11/1992,1,08,2,2,6,01,1,5,3,2,999999,1, ,9171,0
00,1023,3,13A224,24,40119,1,1,0,03,-,1,3,1,18,15/05/2005,1,04,3,1,6,06, , , , , ,1, ,9171,0
00,1023,3,13A224,24,40119,1,1,0,02,-,1,2,2,49,07/12/1973,1,04,3,2,5,01,3,5,3,2,999999,1, ,9171,0
00,1023,3,13A224,24,40119,3,1,0,04,-,1,3,1,01,02/12/2021, , , , , , , , , , , ,1, ,9171,0
00,1023,3,13A224,24,40119,4,1,0,01,-,1,1,2,53,25/11/1969,1,06,5,2,3,01,3,5,3,2,999999,1,1,9171,37316
00,1023,3,13A224,24,40119,4,1,0,04,-,1,3,2,23,10/05/2000,1,07,5,1,6,06, , , , , ,1, ,9171,0
00,1023,3,13A224,24,40119,3,1,0,03,-,1,3,2,11,27/10/2011,1,02,6,1, , , , , , , ,1, ,9171,0
00,1023,3,13A224,24,40119,2,1,0,02,-,1,2,2,29,17/04/1994,1,07,5,2,5,07, , , , , ,1, ,9171,0
00,1023,3,13A224,24,40119,2,1,0,03,-,1,3,1,03,30/03/2020, , , , , , , , , , , ,1, ,9171,0
00,1023,3,13A224,24,40119,1,1,0,04,-,1,3,1,14,15/03/2009,1,02,6,1,6,06, , , , , ,1, ,9171,0
00,1023,3,12B211,24,40253,2,1,0,03,-,2, , , , , , , , , , , , , , , ,1, ,0,0
00,1023,6,12B211,24,40253,4,1,0,01,-,1,1,1,66,11/06/1957,1,04,3,2,6,01,5,5,2,1,999999,1,1,5819,11787
00,1023,3,12B211,24,40253,2,1,0,04,-,2, , , , , , , , , , , , , , , ,1, ,0,0
00,1023,6,12B211,24,40253,4,1,0,02,-,1,3,1,28,06/06/1995,1,07,5,2,6,01,1,7,3,2,999999,1, ,5819,0
00,1023,6,12B211,24,40253,2,1,0,07,-,2, , , , , , , , , , , , , , , ,1, ,0,0
00,1023,6,12B211,24,40253,1,1,0,01,-,1,1,1,62,22/09/1961,1,04,2,2,3,08, , , , , ,1,1,5819,5894
00,1023,6,12B211,24,40253,2,1,0,01,-,1,1,1,46,30/01/1977,1,02,6,2,3,01,7,2,3,1,999999,1, ,5819,0
00,1023,6,12B211,24,40253,2,1,0,05,-,1,3,2,18,19/06/2005,1,03,3,2,6,01,4,4,3,1,999999,1, ,5819,0
00,1023,6,12B211,24,40253,2,1,0,02,-,1,3,2,23,30/10/1999,1,07,2,2,6,01,7,2,3,1,999999,1,1,5819,23574
00,1023,6,12B211,24,40253,3,1,0,01,-,1,1,2,46,09/03/1977,1,03,3,2,6,01,4,4,2,1,999999,1,1,5819,5894
00,1023,6,12B211,24,40253,2,1,0,06,-,1,3,2,20,03/08/2003,1,04,3,1,1,01,4,4,3,2,003000,1, ,5819,0
00,1023,2,12A225,24,40284,2,1,0,02,-,1,3,2,21,23/01/2002,1,05,4,2,6,01,1,5,3,2,003500,1, ,7914,0
00,1023,2,12A225,24,40284,1,1,0,04,-,1,3,2,14,09/12/2008,1,03,3,1,6,06, , , , , ,1, ,7914,0
00,1023,2,12A225,24,40284,3,1,0,01,-,1,1,2,57,13/06/1966,1,05,4,2,4,08, , , , , ,1,1,7914,8015
00,1023,2,12A225,24,40284,1,1,0,01,-,2, , , , , , , , , , , , , , , ,1, ,0,0
00,1023,2,12A225,24,40284,1,1,0,02,-,1,2,2,41,22/05/1982,1,03,3,2,5,07, , , , , ,1,1,7914,16030
00,1023,2,12A225,24,40284,4,1,0,01,-,1,1,2,71,07/05/1952,2,00, ,2,4,07, , , , , ,1,1,7914,8015
00,1023,2,12A225,24,40284,2,1,0,01,-,1,1,2,51,02/10/1972,1,04,2,2,3,07, , , , , ,1,1,7914,16030
00,1023,2,12A225,24,40284,1,1,0,03,-,1,3,1,21,28/03/2002,2,04,2,2,6,10, , , , , ,1, ,7914,0
00,1023,1,12A226,24,40312,1,1,0,05,-,1,7,1,17,19/07/2006,1,04,1,1,6,06, , , , , ,1, ,7138,0
00,1023,1,12A226,24,40312,4,1,0,01,-,1,1,2,58,09/08/1965,1,03,3,2,6,01,4,4,5,1,999999,1,1,7138,21688
00,1023,1,12A226,24,40312,2,1,0,03,-,1,6,2,20,18/11/2002,1,06,4,1,6,06, , , , , ,1,1,7138,21688
00,1023,1,12A226,24,40312,2,1,0,02,-,1,6,1,30,01/03/1993,1,07,5,2,6,01,1,2,3,2,999999,1, ,7138,0
00,1023,1,12A226,24,40312,2,1,0,01,-,1,1,1,25,03/04/1998,1,07,5,2,6,01,1,2,3,2,006500,1, ,7138,0
00,1023,1,12A226,24,40312,3,1,0,02,-,1,3,1,15,18/11/2007,1,03,3,2,6,07, , , , , ,1, ,7138,0
00,1023,1,12A226,24,40312,1,1,0,03,-,1,3,1,24,03/08/1999,1,07,5,2,6,01,5,5,2,1,003000,1,1,7138,28918
00,1023,1,12A226,24,40312,4,1,0,03,-,1,3,2,23,19/01/2000,1,04,2,2,1,01,5,5,3,1,001500,1, ,7138,0
00,1023,1,12A226,24,40312,1,1,0,01,-,1,1,2,53,27/09/1970,1,04,2,2,6,01,5,5,2,1,999999,1, ,7138,0
00,1023,1,12A226,24,40312,1,1,0,04,-,1,6,1,45,02/08/1978,1,04,2,2,6,10, , , , , ,1, ,7138,0
00,1023,1,12A226,24,40312,1,1,0,07,-,1,7,1,12,22/09/2011,1,02,6,1,6,06, , , , , ,1, ,7138,0
00,1023,1,12A226,24,40312,1,1,0,02,-,1,3,1,29,25/07/1994,1,07,4,2,6,01,5,5,2,1,999999,1, ,7138,0
00,1023,1,12A226,24,40312,1,1,0,06,-,1,7,2,16,29/06/2007,1,04,1,1,6,06, , , , , ,1, ,7138,0
00,1023,1,12A226,24,40312,4,1,0,02,-,1,5,1,25,11/04/1998,1,04,2,2,1,01,5,5,3,1,999999,1, ,7138,0
00,1023,1,12A226,24,40312,3,1,0,01,-,1,1,1,53,01/04/1970,1,04,2,2,1,01,3,7,3,2,999999,1,1,7138,7229
00,1023,5,12B212,24,40353,4,1,0,03,-,1,3,2,03,02/06/2020, , , , , , , , , , , ,1, ,7402,0
00,1023,5,12B212,24,40353,2,1,0,02,-,1,2,2,59,13/09/1964,1,02,6,2,5,07, , , , , ,1,1,7402,14993
00,1023,5,12B212,24,40353,3,1,0,01,-,1,1,1,57,27/08/1966,1,04,3,2,5,01,3,7,3,2,999999,1,1,7402,14993
00,1023,5,12B212,24,40353,4,1,0,02,-,1,2,2,31,14/11/1991,1,04,2,2,5,01,7,2,3,1,001500,1,1,7402,14993
00,1023,5,12B212,24,40353,2,1,0,01,-,1,1,1,66,16/09/1957,1,03,3,2,5,01,5,5,3,2,999999,1, ,7402,0
00,1023,5,12B212,24,40353,4,1,0,01,-,1,1,1,29,01/04/1994,1,04,3,2,5,01,7,2,3,2,005000,1, ,7402,0
00,1023,5,12B212,24,40353,3,1,0,02,-,1,2,2,54,11/01/1969,1,02,6,2,5,01,4,4,2,1,002000,1, ,7402,0
00,1023,4,12A223,24,40370,3,1,0,06,-,1,3,2,07,15/07/2016,1,01,3,1, , , , , , , ,1, ,7247,0
00,1023,4,12A223,24,40370,3,1,0,03,-,1,3,1,20,24/06/2003,1,04,2,2,5,01,7,2,3,2,004000,1, ,7247,0
00,1023,4,12A223,24,40370,3,1,0,02,-,1,2,2,38,08/09/1985,1,04,2,2,5,07, , , , , ,1,1,7247,29359
00,1023,4,12A223,24,40370,4,1,0,04,-,1,3,2,27,14/04/1996,1,03,3,2,6,01,7,2,3,1,001200,1, ,7247,0
00,1023,4,12A223,24,40370,4,1,0,03,-,1,3,1,21,22/07/2002,1,04,3,2,6,01,7,2,3,1,002400,1,1,7247,29359
00,1023,4,12A223,24,40370,2,1,0,04,-,1,3,1,11,14/12/2011,1,02,5,1, , , , , , , ,1, ,7247,0
00,1023,4,12A223,24,40370,4,1,0,05,-,1,5,2,07,22/01/2016,2,02,1,1, , , , , , , ,1, ,7247,0
00,1023,4,12A223,24,40370,2,1,0,03,-,1,3,2,15,23/09/2008,1,03,2,1,6,06, , , , , ,1, ,7247,0
00,1023,4,12A223,24,40370,1,1,0,04,-,1,3,1,17,19/03/2006,1,04,2,1,6,06, , , , , ,1, ,7247,0
00,1023,4,12A223,24,40370,3,1,0,04,-,1,5,2,18,21/01/2005,1,03,3,2,5,07, , , , , ,1, ,7247,0
00,1023,4,12A223,24,40370,3,1,0,01,-,1,1,1,37,15/02/1986,1,07,1,2,5,01,7,5,2,1,003000,1, ,7247,0
00,1023,4,12A223,24,40370,1,1,0,03,-,1,3,1,24,26/10/1998,1,07,5,2,6,01,7,2,3,1,999999,1, ,7247,0
00,1023,4,12A223,24,40370,4,1,0,02,-,1,2,2,47,18/04/1976,1,03,3,2,1,01,7,2,3,1,002400,1, ,7247,0
00,1023,4,12A223,24,40370,4,1,0,01,-,1,1,1,40,05/03/1983,1,02,6,2,1,01,5,6,3,1,999999,1, ,7247,0
00,1023,4,12A223,24,40370,2,1,0,01,-,1,1,2,31,30/10/1991,1,04,2,2,5,01,7,2,3,1,001500,1,1,7247,14680
00,1023,4,12A223,24,40370,2,1,0,02,-,1,2,1,28,05/08/1995,1,03,3,2,5,01,7,2,3,1,001500,1, ,7247,0
00,1023,4,12A223,24,40370,3,1,0,05,-,1,3,2,14,02/04/2009,1,03,1,1,6,06, , , , , ,1, ,7247,0
00,1023,4,12A223,24,40370,1,1,0,02,-,1,2,2,46,17/10/1976,1,03,3,2,5,01,7,2,3,1,999999,1,1,7247,22020
00,1023,4,12A223,24,40370,1,1,0,01,-,1,1,1,50,20/03/1973,1,04,2,2,5,01,7,2,3,1,999999,1, ,7247,0
00,1023,4,13A223,24,40406,2,1,0,01,-,1,1,1,59,18/06/1964,1,07,5,2,5,01,1,5,3,2,999999,1, ,11250,0
00,1023,4,13A223,24,40406,2,1,0,03,-,1,3,2,22,08/06/2001,1,07,4,1,6,06, , , , , ,1,1,11250,34332
00,1023,4,13A223,24,40406,3,1,0,02,-,1,7,1,38,14/02/1985,1,07,5,2,6,01,1,5,3,2,999999,1,1,11250,11444
00,1023,2,13A223,24,40406,3,1,0,01,-,2, , , , , , , , , , , , , , , ,1, ,0,0
00,1023,4,13A223,24,40406,2,1,0,02,-,1,2,2,57,31/03/1966,1,07,5,2,5,01,1,5,3,2,999999,1, ,11250,0
00,1023,8,11A217,24,40408,4,1,0,01,-,1,1,1,43,17/07/1980,1,04,3,2,5,01,5,6,4,1,999999,1, ,8494,0
00,1023,8,11A217,24,40408,4,1,0,03,-,1,3,2,20,13/09/2003,1,04,2,1,6,06, , , , , ,1,1,8494,25661
00,1023,8,11A217,24,40408,2,1,0,03,-,1,3,1,08,23/03/2015,1,02,1,1, , , , , , , ,1, ,8494,0
00,1023,8,11A217,24,40408,2,1,0,02,-,1,3,1,13,23/12/2009,1,03,1,1,6,06, , , , , ,1, ,8494,0
00,1023,8,11A217,24,40408,3,1,0,01,-,1,1,1,81,23/01/1942,1,00, ,2,5,10, , , , , ,1, ,8494,0
00,1023,8,11A217,24,40408,3,1,0,02,-,1,2,2,66,08/04/1957,1,02,6,2,5,01,5,5,2,1,000200,1,1,8494,17107
00,1023,8,11A217,24,40408,4,1,0,06,-,3,5,2,00,11/10/2023, , , , , , , , , , , ,1, ,8494,0
00,1023,8,11A217,24,40408,4,1,0,04,-,1,3,2,15,05/11/2007,1,03,3,1,6,06, , , , , ,1, ,8494,0
00,1023,8,11A217,24,40408,1,1,0,02,-,1,3,1,23,12/01/2000,1,03,3,2,6,01,7,2,3,1,999999,1,1,8494,17107
00,1023,8,11A217,24,40408,4,1,0,02,-,1,2,2,41,21/12/1981,1,03,3,2,5,07, , , , , ,1, ,8494,0
00,1023,8,11A217,24,40408,4,1,0,05,-,1,3,2,06,17/02/2017,2,01,2,1, , , , , , , ,1, ,8494,0
00,1023,8,11A217,24,40408,1,1,0,01,-,1,1,1,58,27/11/1964,1,04,2,2,4,01,4,4,2,1,999999,1, ,8494,0
00,1023,8,11A217,24,40408,2,1,0,04,-,1,3,2,06,17/11/2016,1,01,3,1, , , , , , , ,1, ,8494,0
00,1023,8,11A217,24,40408,2,1,0,01,-,1,1,2,31,21/07/1992,1,03,3,2,6,01,5,5,2,1,000500,1,1,8494,8554
00,1023,8,12A217,24,40412,3,1,0,01,-,1,1,2,50,31/01/1973,1,03,3,2,3,01,7,2,3,1,002100,1,1,7070,21482
00,1023,8,12A217,24,40412,2,1,0,03,-,1,7,1,40,30/06/1983,1,02,6,2,5,01,7,3,3,1,999999,1, ,7070,0
00,1023,8,12A217,24,40412,2,1,0,02,-,1,6,1,30,10/09/1993,1,02,6,2,6,01,7,3,3,1,001500,1, ,7070,0
00,1023,8,12A217,24,40412,3,1,0,02,-,1,3,2,23,21/10/1999,1,04,3,2,6,04, , , , , ,1, ,7070,0
00,1023,8,12A217,24,40412,3,1,0,04,-,1,5,2,01,28/07/2022, , , , , , , , , , , ,1, ,7070,0
00,1023,8,12A217,24,40412,3,1,0,03,-,1,3,2,20,16/10/2002,1,07,2,2,6,01,1,5,3,2,002000,1, ,7070,0
00,1023,8,12A217,24,40412,2,1,0,01,-,1,1,1,35,30/06/1988,1,02,6,2,5,01,5,5,3,2,999999,1,1,7070,21482
00,1023,3,12A224,25,40024,1,1,0,01,-,1,1,2,77,30/10/1945,1,02,6,2,4,07, , , , , ,1,1,7900,8002
00,1023,3,12A224,25,40024,2,1,0,02,-,1,2,2,66,26/03/1957,1,04,2,2,5,07, , , , , ,1, ,7900,0
00,1023,3,12A224,25,40024,2,1,0,03,-,1,3,1,37,13/07/1986,1,07,5,2,6,04, , , , , ,1, ,7900,0
00,1023,3,12A224,25,40024,2,1,0,01,-,1,1,1,66,02/01/1957,1,02,6,2,5,01,5,7,3,2,999999,1,1,7900,24005
00,1023,3,12A224,25,40024,4,1,0,01,-,1,1,1,29,12/01/1994,1,04,3,2,6,01,4,4,2,1,999999,1,1,7900,8002
00,1023,7,12A218,25,40155,1,1,0,02,-,1,2,2,38,11/04/1985,1,04,3,2,5,07, , , , , ,1, ,6579,0
00,1023,6,12A218,25,40155,2,1,0,07,-,2, , , , , , , , , , , , , , , ,1, ,0,0
00,1023,7,12A218,25,40155,4,1,0,02,-,1,2,2,46,18/08/1977,1,07,5,2,5,01,5,4,3,2,999999,1, ,6579,0
00,1023,7,12A218,25,40155,2,1,0,03,-,2, , , , , , , , , , , , , , , ,1, ,0,0
00,1023,7,12A218,25,40155,3,1,0,03,-,1,3,1,14,20/02/2009,1,03,1,1,6,06, , , , , ,1, ,6579,0
00,1023,7,12A218,25,40155,4,1,0,01,-,1,1,1,52,08/03/1971,1,07,5,2,5,01,5,5,3,2,999999,1,1,6579,19989
00,1023,6,12A218,25,40155,2,1,0,04,-,2, , , , , , , , , , , , , , , ,1, ,0,0
00,1023,7,12A218,25,40155,1,1,0,01,-,1,1,1,42,14/10/1981,1,07,5,2,5,01,4,4,2,1,999999,1,1,6579,19989
00,1023,3,12A218,25,40155,2,1,0,06,-,2, , , , , , , , , , , , , , , ,1, ,0,0
00,1023,6,12A218,25,40155,3,1,0,02,-,2, , , , , , , , , , , , , , , ,1, ,0,0
00,1023,6,12A218,25,40155,2,1,0,05,-,2, , , , , , , , , , , , , , , ,1, ,0,0
00,1023,7,12A218,25,40155,1,1,0,03,-,1,3,2,20,20/07/2003,1,04,3,1,6,06, , , , , ,1, ,6579,0
00,1023,6,12A218,25,40155,2,1,0,02,-,2, , , , , , , , , , , , , , , ,1, ,0,0
00,1023,7,12A218,25,40155,1,1,0,06,-,1,3,1,10,13/02/2013,1,02,3,1, , , , , , , ,1, ,6579,0
00,1023,7,12A218,25,40155,3,1,0,01,-,1,1,2,45,16/03/1978,1,06,3,2,5,07, , , , , ,1,1,6579,6663
00,1023,7,12A218,25,40155,4,1,0,04,-,1,3,2,15,24/01/2008,1,03,2,1,6,06, , , , , ,1, ,6579,0
00,1023,7,12A218,25,40155,4,1,0,05,-,1,5,1,10,25/09/2013,1,02,3,1, , , , , , , ,1, ,6579,0
00,1023,7,12A218,25,40155,1,1,0,05,-,1,3,2,17,05/06/2006,1,04,1,1,6,06, , , , , ,1, ,6579,0
00,1023,7,12A218,25,40155,4,1,0,03,-,1,3,2,27,22/07/1996,1,07,1,1,2,06, , , , , ,1, ,6579,0
00,1023,7,12A218,25,40155,4,1,0,06,-,1,5,1,07,25/05/2016,2,01,3,1, , , , , , , ,1, ,6579,0
00,1023,7,12A218,25,40155,2,1,0,01,-,1,1,1,87,01/12/1935,1,02,4,2,2,09, , , , , ,1,1,6579,6663
00,1023,7,12A218,25,40155,1,1,0,04,-,1,3,2,15,27/12/2007,1,03,3,1,6,06, , , , , ,1, ,6579,0
00,1023,2,13A225,25,40184,2,1,0,04,-,1,3,1,14,27/11/2008,1,03,1,1,6,06, , , , , ,1, ,9892,0
00,1023,2,13A225,25,40184,2,1,0,06,-,1,3,1,21,02/07/2002,1,07,2,1,6,06, , , , , ,1,1,9892,30188
00,1023,2,13A225,25,40184,2,1,0,05,-,1,3,2,09,02/05/2014,1,02,3,1, , , , , , , ,1, ,9892,0
00,1023,2,13A225,25,40184,2,1,0,03,-,1,3,2,16,04/03/2007,1,04,1,1,6,06, , , , , ,1, ,9892,0
00,1023,2,13A225,25,40184,4,1,0,02,-,1,2,1,38,03/07/1985,1,08,2,2,5,01,5,5,3,2,999999,1,1,9892,20126
00,1023,2,13A225,25,40184,2,1,0,02,-,1,2,2,49,03/04/1974,1,07,5,2,5,01,3,5,3,2,999999,1, ,9892,0
00,1023,2,13A225,25,40184,2,1,0,01,-,1,1,1,52,22/03/1971,1,07,5,2,5,01,5,5,3,2,999999,1, ,9892,0
00,1023,2,13A225,25,40184,3,1,0,02,-,1,2,2,65,10/11/1957,1,05,4,2,5,08, , , , , ,1,1,9892,20126
00,1023,2,13A225,25,40184,3,1,0,01,-,1,1,1,69,10/03/1954,1,07,3,2,5,08, , , , , ,1, ,9892,0
00,1023,2,13A225,25,40184,4,1,0,03,-,1,3,2,04,06/11/2018, , , , , , , , , , , ,1, ,9892,0
00,1023,2,13A225,25,40184,4,1,0,04,-,1,3,1,07,11/12/2015,1,02,3,1, , , , , , , ,1, ,9892,0
00,1023,2,13A225,25,40184,4,1,0,01,-,1,1,2,37,22/11/1985,1,09,4,2,6,01,5,5,3,2,999999,1, ,9892,0
00,1023,2,13A225,25,40184,1,1,0,01,-,1,1,2,40,29/06/1983,1,07,5,2,3,01,3,7,3,2,999999,1,1,9892,10063
00,1023,2,11A225,25,40185,3,1,0,03,-,1,3,2,20,18/03/2003,1,04,3,2,6,01,5,4,3,2,003000,1,1,7786,23522
00,1023,2,11A225,25,40185,3,1,0,02,-,1,2,2,43,13/06/1980,1,02,6,2,5,07, , , , , ,1, ,7786,0
00,1023,2,11A225,25,40185,3,1,0,04,-,1,3,2,15,29/10/2007,1,04,1,1,6,06, , , , , ,1, ,7786,0
00,1023,2,11A225,25,40185,2,1,0,03,-,1,3,2,10,15/06/2013,1,02,4,1, , , , , , , ,1, ,7786,0
00,1023,2,11A225,25,40185,3,1,0,01,-,1,1,1,58,17/02/1965,2,00, ,2,5,01,5,5,3,2,003500,1, ,7786,0
00,1023,2,11A225,25,40185,2,1,0,01,-,1,1,1,58,05/03/1965,1,04,2,2,5,01,5,5,2,2,999999,1,1,7786,15681
00,1023,2,11A225,25,40185,1,1,0,04,-,1,3,2,06,16/05/2017,2,01,3,1, , , , , , , ,1, ,7786,0
00,1023,2,11A225,25,40185,1,1,0,03,-,1,3,1,15,11/12/2007,1,04,1,1,6,06, , , , , ,1, ,7786,0
00,1023,2,11A225,25,40185,4,1,0,01,-,1,1,1,67,10/02/1956,2,00, ,2,5,01,5,4,5,1,999999,1,1,7786,15681
00,1023,2,11A225,25,40185,2,1,0,02,-,1,2,2,51,05/02/1972,1,04,3,2,5,01,3,3,3,2,999999,1, ,7786,0
00,1023,2,11A225,25,40185,4,1,0,02,-,1,3,1,33,23/11/1989,1,07,5,2,6,01,5,5,2,1,999999,1, ,7786,0
00,1023,2,11A225,25,40185,1,1,0,02,-,1,2,2,34,11/08/1989,1,07,5,2,5,01,1,5,3,2,999999,1, ,7786,0
00,1023,2,11A225,25,40185,1,1,0,01,-,1,1,1,34,11/05/1989,1,06,5,2,5,01,3,5,3,3,999999,1,1,7786,15681
00,1023,6,13B211,25,40189,3,1,0,06,-,1,3,1,13,21/03/2010,1,03,1,1,6,06, , , , , ,1, ,10015,0
00,1023,6,13B211,25,40189,3,1,0,04,-,1,3,1,21,18/05/2002,1,04,3,2,6,01,1,5,3,1,999999,1, ,10015,0
00,1023,6,13B211,25,40189,3,1,0,05,-,1,3,1,13,21/03/2010,1,03,1,1,6,06, , , , , ,1, ,10015,0
00,1023,6,13B211,25,40189,3,1,0,02,-,1,2,2,46,03/12/1976,1,06,3,2,5,01,5,5,2,1,999999,1,1,10015,40750
00,1023,6,13B211,25,40189,4,1,0,04,-,1,3,2,18,08/09/2005,1,04,2,1,6,06, , , , , ,1, ,10015,0
00,1023,6,13B211,25,40189,3,1,0,03,-,1,3,2,21,22/05/2002,1,07,2,1,6,06, , , , , ,1, ,10015,0
00,1023,6,13B211,25,40189,4,1,0,01,-,1,1,2,44,14/08/1979,1,06,3,2,3,07, , , , , ,1,1,10015,40750
00,1023,6,13B211,25,40189,4,1,0,03,-,1,3,2,18,08/09/2005,1,04,2,1,6,06, , , , , ,1, ,10015,0
00,1023,6,13B211,25,40189,3,1,0,01,-,1,1,1,51,18/04/1972,1,04,3,2,5,01,1,5,2,1,999999,1, ,10015,0
00,1023,6,13B211,25,40189,2,1,0,01,-,1,1,1,25,07/07/1998,1,06,2,2,6,01,5,7,3,2,999999,1,1,10015,10188
00,1023,6,13B211,25,40189,4,1,0,02,-,1,4,2,66,04/01/1957,1,03,3,2,3,08, , , , , ,1, ,10015,0
00,1023,6,12B211,25,40288,2,1,0,02,-,1,4,2,48,07/10/1975,1,04,3,2,6,01,5,5,3,2,999999,1, ,7810,0
00,1023,6,12B211,25,40288,3,1,1,02,-,1,7,2,51,11/03/1972,1,07,5,2,6,01,3,4,3,1,002000,1,1,7810,23730
00,1023,6,12B211,25,40288,3,1,1,03,-,1,2,2,43,13/05/1980,1,07,5,2,1,01,3,4,3,1,999999,1, ,7810,0
00,1023,6,12B211,25,40288,3,1,1,01,-,1,1,1,43,15/03/1980,1,07,5,2,1,01,4,4,2,1,999999,1, ,7810,0
00,1023,6,12B211,25,40288,2,1,0,01,-,1,1,1,24,26/09/1999,1,07,5,1,6,01,5,6,5,1,999999,1,1,7810,15820
00,1023,6,12B211,25,40288,1,1,0,01,-,1,1,2,79,08/01/1944,1,02,3,2,4,07, , , , , ,1,1,7810,7910
00,1023,4,12A223,25,40309,2,1,0,01,-,1,1,1,72,30/12/1950,1,03,3,2,1,08, , , , , ,1,1,6675,13521
00,1023,4,12A223,25,40309,2,1,0,02,-,1,3,1,26,07/05/1997,1,03,3,2,6,01,5,4,3,1,002000,1, ,6675,0
00,1023,4,12A223,25,40309,4,1,0,03,-,1,3,1,04,08/07/2019, , , , , , , , , , , ,1, ,6675,0
00,1023,4,12A223,25,40309,4,1,0,01,-,1,1,1,26,30/09/1997,1,04,2,2,5,01,5,5,5,1,999999,1,1,6675,13521
00,1023,4,12A223,25,40309,4,1,0,02,-,1,2,2,28,10/09/1995,1,07,5,2,5,01,3,5,3,2,999999,1, ,6675,0
00,1023,4,12A223,25,40309,3,1,0,01,-,1,1,2,47,07/11/1975,1,07,5,2,6,01,3,4,3,2,007000,1,1,6675,6761
00,1023,4,12A223,25,40309,4,1,0,04,-,1,3,1,00,17/10/2022, , , , , , , , , , , ,1, ,6675,0
00,1023,4,12A223,25,40309,1,1,0,03,-,1,3,1,24,13/03/1999,1,02,6,2,6,01,1,3,3,1,002000,1, ,6675,0
00,1023,4,12A223,25,40309,1,1,0,01,-,1,1,1,44,27/08/1979,2,00, ,2,1,03,1,3,3,1,002200,1,1,6675,20282
00,1023,4,12A223,25,40309,1,1,0,02,-,1,2,2,39,17/12/1983,1,03,1,2,1,07, , , , , ,1, ,6675,0
00,1023,4,12A223,25,40309,1,1,0,04,-,1,5,2,03,13/06/2020, , , , , , , , , , , ,1, ,6675,0
00,1023,4,12A223,25,40309,3,1,0,02,-,1,3,2,08,29/08/2015,1,02,2,1, , , , , , , ,1, ,6675,0
00,1023,8,12A217,25,40314,1,1,0,01,-,1,1,1,71,19/08/1952,1,02,6,2,6,01,6,1,2,4,999999,1,1,6345,19280
00,1023,8,12A217,25,40314,1,1,0,03,-,1,3,1,19,27/06/2004,1,04,3,2,6,02,6,1,6,5, ,1, ,6345,0
00,1023,7,12A217,25,40314,1,1,0,05,-,2, , , , , , , , , , , , , , , ,1, ,0,0
00,1023,8,12A217,25,40314,1,1,0,06,-,1,5,2,17,26/12/2005,1,03,3,2,1,07, , , , , ,1, ,6345,0
00,1023,7,12A217,25,40314,1,1,0,07,-,2, , , , , , , , , , , , , , , ,1, ,0,0
00,1023,8,12A217,25,40314,2,1,0,03,-,1,3,2,11,11/07/2012,1,02,3,1, , , , , , , ,1, ,6345,0
00,1023,8,12A217,25,40314,1,1,0,02,-,1,2,2,58,24/01/1965,1,02,6,2,5,07, , , , , ,1, ,6345,0
00,1023,8,12A217,25,40314,2,1,0,01,-,1,1,1,34,11/07/1989,1,07,3,2,5,01,5,5,2,1,999999,1,1,6345,12854
00,1023,8,12A217,25,40314,3,1,0,02,-,1,3,2,15,01/01/2008,1,03,2,1,6,06, , , , , ,1, ,6345,0
00,1023,8,12A217,25,40314,3,1,0,01,-,1,1,2,43,07/07/1980,1,08,2,2,3,01,1,5,3,2,999999,1,1,6345,6427
00,1023,8,12A217,25,40314,4,1,0,01,-,1,1,2,46,08/03/1977,1,04,3,2,2,01,4,4,2,1,999999,1, ,6345,0
00,1023,7,12A217,25,40314,1,1,0,04,-,2, , , , , , , , , , , , , , , ,1, ,0,0
00,1023,8,12A217,25,40314,2,1,0,02,-,1,2,2,34,11/07/1989,1,03,3,2,5,01,4,4,2,1,999999,1, ,6345,0
00,1023,8,12A217,25,40314,3,1,0,03,-,1,3,1,13,08/11/2009,1,03,1,1,6,06, , , , , ,1, ,6345,0
00,1023,8,12A217,25,40314,3,1,0,04,-,1,3,1,12,06/05/2011,1,02,5,1,6,06, , , , , ,1, ,6345,0
00,1023,8,12A217,25,40314,4,1,0,02,-,1,3,2,20,15/01/2003,1,04,3,1,6,01,5,5,5,1,999999,1,1,6345,12854
00,1023,8,12A217,25,40314,4,1,0,03,-,1,3,1,13,25/07/2010,1,02,5,1,6,06, , , , , ,1, ,6345,0
00,1023,8,12A217,25,40314,4,1,0,04,-,1,3,2,07,11/07/2016,2,02,1,1, , , , , , , ,1, ,6345,0
00,1023,3,13B212,25,40320,1,1,0,02,-,2, , , , , , , , , , , , , , , ,1, ,0,0
00,1023,5,13B212,25,40320,4,1,0,03,-,2, , , , , , , , , , , , , , , ,1, ,0,0
00,1023,5,13B212,25,40320,3,1,0,03,-,1,3,2,06,04/06/2017,2,01,2,1, , , , , , , ,1, ,9329,0
00,1023,5,13B212,25,40320,3,1,0,02,-,1,2,2,35,20/11/1987,1,07,5,2,1,01,3,5,3,2,999999,1,1,9329,18980
00,1023,5,13B212,25,40320,2,1,0,02,-,1,2,2,46,27/02/1977,1,07,1,2,5,01,3,4,3,2,999999,1, ,9329,0
00,1023,5,13B212,25,40320,2,1,0,01,-,1,1,1,48,05/03/1975,1,07,1,2,5,01,5,5,2,1,999999,1, ,9329,0
00,1023,5,13B212,25,40320,1,1,0,01,-,1,1,2,22,26/04/2001,1,07,3,2,6,01,3,4,3,2,999999,1,1,9329,9490
00,1023,3,13B212,25,40320,1,1,0,03,-,2, , , , , , , , , , , , , , , ,1, ,0,0
00,1023,5,13B212,25,40320,2,1,0,03,-,1,3,2,23,20/09/2000,1,07,4,2,6,01,3,4,3,1,001400,1,1,9329,28469
00,1023,5,13B212,25,40320,4,1,0,02,-,1,2,2,46,18/12/1976,1,04,2,2,5,01,5,5,3,2,999999,1,1,9329,18980
00,1023,5,13B212,25,40320,4,1,0,01,-,1,1,1,46,13/11/1976,1,07,5,2,5,01,3,7,3,2,999999,1, ,9329,0
00,1023,5,13B212,25,40320,3,1,0,01,-,1,1,1,41,03/03/1982,1,07,5,2,1,01,5,5,2,1,999999,1, ,9329,0
00,1023,5,13B212,25,40320,4,1,0,05,-,1,5,2,06,01/09/2017,2,01,1,1, , , , , , , ,1, ,9329,0
00,1023,5,13B212,25,40320,2,1,0,04,-,1,3,2,13,27/11/2009,1,02,6,1,6,06, , , , , ,1, ,9329,0
00,1023,5,13B212,25,40320,4,1,0,04,-,1,3,1,12,06/12/2010,1,02,6,1,6,06, , , , , ,1, ,9329,0
00,1023,5,11B212,25,40354,3,1,0,03,-,1,3,1,16,14/06/2007,1,03,3,1,6,06, , , , , ,1, ,7089,0
00,1023,5,11B212,25,40354,1,1,0,03,-,1,3,2,27,10/06/1996,1,07,5,2,6,01,1,5,3,2,999999,1, ,7089,0
00,1023,5,11B212,25,40354,3,1,0,02,-,1,2,2,39,25/05/1984,1,03,3,1,5,01,5,5,3,1,001500,1,1,7089,14278
00,1023,5,11B212,25,40354,3,1,0,01,-,1,1,1,41,03/10/1982,1,03,3,2,5,01,1,5,2,1,999999,1, ,7089,0
00,1023,5,11B212,25,40354,3,1,0,05,-,1,3,1,06,12/09/2017,2,01,1,1, , , , , , , ,1, ,7089,0
00,1023,5,11B212,25,40354,2,1,0,03,-,3,6,2,35,23/02/1988,1,04,2,2,2,01,5,5,3,1,999999,1, ,7089,0
00,1023,5,11B212,25,40354,4,1,0,04,-,3,5,2,08,22/06/2015,1,02,2,1, , , , , , , ,1, ,7089,0
00,1023,5,11B212,25,40354,2,1,0,04,-,3,7,1,12,02/04/2011,1,02,6,1,6,06, , , , , ,1, ,7089,0
00,1023,5,11B212,25,40354,4,1,0,03,-,3,3,2,53,02/07/1970,1,02,6,2,2,07, , , , , ,1, ,7089,0
00,1023,5,11B212,25,40354,4,1,0,02,-,1,2,2,81,23/11/1941,2,00, ,2,1,07, , , , , ,1,1,7089,21417
00,1023,5,11B212,25,40354,4,1,0,01,-,1,1,1,87,23/08/1936,2,00, ,2,1,09, , , , , ,1, ,7089,0
00,1023,5,11B212,25,40354,2,1,0,02,-,1,2,2,25,07/10/1998,1,04,3,2,5,01,3,4,3,2,999999,1, ,7089,0
00,1023,5,11B212,25,40354,2,1,0,05,-,3,7,2,02,06/04/2021, , , , , , , , , , , ,1, ,7089,0
00,1023,5,11B212,25,40354,2,1,0,01,-,1,1,1,28,03/01/1995,1,04,3,2,5,01,3,4,3,2,999999,1,1,7089,21417
00,1023,5,11B212,25,40354,2,1,0,06,-,3,3,2,00,18/01/2023, , , , , , , , , , , ,1, ,7089,0
00,1023,5,11B212,25,40354,1,1,0,01,-,2, , , , , , , , , , , , , , , ,1, ,0,0
00,1023,5,11B212,25,40354,1,1,0,02,-,1,2,2,57,01/08/1966,1,02,3,2,1,07, , , , , ,1,1,7089,14278
00,1023,5,11B212,25,40354,3,1,0,04,-,1,3,2,11,01/01/2012,1,02,4,1, , , , , , , ,1, ,7089,0
00,1023,1,11A226,25,40409,4,1,0,01,-,1,1,1,46,10/06/1977,1,07,5,2,1,01,1,5,2,2,999999,1, ,7677,0
00,1023,1,11A226,25,40409,4,1,0,03,-,1,3,2,18,02/06/2005,1,04,3,1,6,06, , , , , ,1, ,7677,0
00,1023,1,11A226,25,40409,2,1,0,03,-,1,5,1,17,24/07/2006,1,04,1,1,6,06, , , , , ,1, ,7677,0
00,1023,1,11A226,25,40409,2,1,0,01,-,1,1,2,61,13/02/1962,1,02,6,2,4,07, , , , , ,1,1,7677,15462
00,1023,1,11A226,25,40409,1,1,0,05,-,1,3,1,01,17/06/2022, , , , , , , , , , , ,1, ,7677,0
00,1023,1,11A226,25,40409,3,1,0,04,-,1,3,1,23,15/04/2000,1,07,2,1,6,01,5,5,3,2,999999,1, ,7677,0
00,1023,1,11A226,25,40409,1,1,0,01,-,1,1,1,39,18/09/1984,1,04,3,2,5,04, , , , , ,1, ,7677,0
00,1023,1,11A226,25,40409,3,1,0,03,-,1,3,1,25,05/10/1998,1,04,2,2,6,04, , , , , ,1,1,7677,30923
00,1023,1,11A226,25,40409,3,1,0,02,-,1,2,2,42,30/07/1981,1,03,3,2,1,07, , , , , ,1, ,7677,0
00,1023,1,11A226,25,40409,1,1,0,04,-,1,3,1,09,18/11/2013,1,02,4,1, , , , , , , ,1, ,7677,0
00,1023,1,11A226,25,40409,3,1,0,06,-,1,3,1,13,18/06/2010,1,03,1,1,6,06, , , , , ,1, ,7677,0
00,1023,1,11A226,25,40409,1,1,0,03,-,1,3,2,15,14/02/2008,1,03,3,1,6,06, , , , , ,1, ,7677,0
00,1023,1,11A226,25,40409,4,1,0,02,-,1,2,2,40,17/10/1983,1,04,3,2,1,01,5,5,3,2,999999,1,1,7677,23192
00,1023,1,11A226,25,40409,1,1,0,02,-,1,2,2,40,04/04/1983,1,03,3,2,5,01,7,2,2,1,999999,1,1,7677,15462
00,1023,1,11A226,25,40409,2,1,0,02,-,1,5,1,20,28/11/2002,1,03,3,2,6,01,5,4,3,1,002000,1, ,7677,0
00,1023,1,11A226,25,40409,3,1,0,05,-,1,3,2,17,17/09/2006,1,04,2,1,6,06, , , , , ,1, ,7677,0
00,1023,1,11A226,25,40409,3,1,0,01,-,1,1,1,43,09/10/1980,1,04,3,2,1,01,7,2,2,1,999999,1, ,7677,0
00,1023,1,12A226,25,40410,2,1,0,02,-,1,2,2,46,15/01/1977,1,07,2,2,5,07, , , , , ,1, ,8093,0
00,1023,1,12A226,25,40410,2,1,0,05,-,1,3,1,15,03/08/2008,1,03,3,1,6,06, , , , , ,1, ,8093,0
00,1023,1,12A226,25,40410,3,1,0,02,-,1,2,2,50,22/09/1973,1,04,3,2,5,01,3,5,3,2,999999,1,1,8093,16393
00,1023,1,12A226,25,40410,1,1,0,03,-,1,3,1,16,21/04/2007,1,04,1,1,6,06, , , , , ,1, ,8093,0
00,1023,1,12A226,25,40410,1,1,0,02,-,1,3,1,20,04/07/2003,1,04,3,2,6,01,5,5,3,1,999999,1, ,8093,0
00,1023,1,12A226,25,40410,4,1,0,04,-,1,5,1,09,26/12/2013,1,02,3,1, , , , , , , ,1, ,8093,0
00,1023,1,12A226,25,40410,4,1,0,01,-,1,1,1,67,22/01/1956,1,02,3,2,1,08, , , , , ,1, ,8093,0
00,1023,1,12A226,25,40410,4,1,0,02,-,1,2,2,59,15/06/1964,2,00, ,2,1,07, , , , , ,1,1,8093,24590
00,1023,1,12A226,25,40410,2,1,0,01,-,1,1,1,46,19/10/1976,1,07,5,2,5,01,4,4,2,1,999999,1,1,8093,32786
00,1023,1,12A226,25,40410,4,1,0,03,-,1,3,1,30,22/09/1993,1,07,5,2,6,01,3,2,3,1,999999,1, ,8093,0
00,1023,1,12A226,25,40410,1,1,0,01,-,1,1,2,42,06/09/1981,1,04,1,2,6,01,5,5,3,1,002500,1,1,8093,16393
00,1023,1,12A226,25,40410,3,1,0,01,-,1,1,1,62,18/01/1961,1,07,5,2,5,01,3,7,3,2,999999,1, ,8093,0
00,1023,1,12A226,25,40410,1,1,0,04,-,1,3,2,06,28/01/2017,1,01,3,1, , , , , , , ,1, ,8093,0
00,1023,1,12A226,25,40410,2,1,0,03,-,1,3,2,19,14/04/2004,1,07,1,1,6,06, , , , , ,1, ,8093,0
00,1023,1,12A226,25,40410,2,1,0,04,-,1,3,2,18,09/07/2005,1,04,3,1,6,06, , , , , ,1, ,8093,0
00,1023,7,11A218,26,40064,2,1,0,02,-,1,8,1,34,04/12/1988,1,07,5,2,6,01,1,5,3,3,002000,1, ,7786,0
00,1023,7,11A218,26,40064,3,1,0,04,-,1,5,2,17,27/12/2005,1,03,1,2,6,07, , , , , ,1, ,7786,0
00,1023,7,11A218,26,40064,1,1,0,03,-,1,5,1,20,16/03/2003,1,04,3,2,1,01,5,5,5,1,003500,1,1,7786,15681
00,1023,7,11A218,26,40064,4,1,0,01,-,1,1,1,50,21/05/1973,1,03,3,2,5,01,3,5,3,2,004000,1, ,7786,0
00,1023,7,11A218,26,40064,3,1,0,08,-,1,3,1,21,19/10/2001,2,02,6,2,6,04, , , , , ,1, ,7786,0
00,1023,7,11A218,26,40064,4,1,0,04,-,1,3,2,13,03/09/2010,1,02,6,1,6,06, , , , , ,1, ,7786,0
00,1023,7,11A218,26,40064,4,1,0,03,-,1,3,1,14,25/08/2009,1,02,6,1,6,06, , , , , ,1, ,7786,0
00,1023,7,11A218,26,40064,3,1,0,02,-,1,3,2,40,17/08/1983,1,02,6,2,4,04, , , , , ,1,1,7786,31363
00,1023,7,11A218,26,40064,3,1,0,01,-,1,1,2,65,04/01/1958,2,00, ,2,4,01,5,5,3,1,001200,1, ,7786,0
00,1023,7,11A218,26,40064,3,1,0,05,-,1,5,1,16,28/08/2007,1,02,6,2,6,07, , , , , ,1, ,7786,0
00,1023,7,11A218,26,40064,4,1,0,02,-,1,2,2,39,16/05/1984,1,03,3,2,5,07, , , , , ,1,1,7786,15681
00,1023,7,11A218,26,40064,3,1,0,07,-,1,5,1,20,14/06/2003,1,03,3,2,6,01,7,3,3,1,001200,1, ,7786,0
00,1023,7,11A218,26,40064,3,1,0,06,-,1,5,1,02,21/12/2020, , , , , , , , , , , ,1, ,7786,0
00,1023,5,11A218,26,40064,3,1,0,03,-,2, , , , , , , , , , , , , , , ,1, ,0,0
00,1023,7,11A218,26,40064,2,1,0,01,-,1,1,1,34,16/12/1988,1,07,5,2,6,01,1,5,3,3,020000,1,1,7786,15681
00,1023,7,11A218,26,40064,1,1,0,04,-,1,5,2,00,08/11/2022, , , , , , , , , , , ,1, ,7786,0
00,1023,7,11A218,26,40064,1,1,0,02,-,1,3,2,18,23/07/2005,1,04,2,2,6,07, , , , , ,1, ,7786,0
00,1023,7,11A218,26,40064,1,1,0,01,-,2, , , , , , , , , , , , , , , ,1, ,0,0
00,1023,7,13A218,26,40129,4,1,1,01,-,1,1,2,51,12/12/1971,2,00, ,2,5,01,5,5,3,1,000200,1,1,9257,18833
00,1023,7,13A218,26,40129,2,1,0,02,-,1,2,2,31,08/06/1992,1,07,5,2,1,01,5,5,2,1,001000,1,1,9257,18833
00,1023,7,13A218,26,40129,1,1,0,02,-,1,8,2,33,12/07/1990,1,07,5,2,6,01,1,5,3,3,012000,1, ,9257,0
00,1023,7,13A218,26,40129,2,1,0,03,-,1,3,1,08,13/10/2015,1,02,1,1, , , , , , , ,1, ,9257,0
00,1023,7,13A218,26,40129,2,1,0,01,-,1,1,1,39,30/06/1984,1,03,3,2,1,01,5,5,2,1,001000,1, ,9257,0
00,1023,7,13A218,26,40129,1,1,0,01,-,1,1,1,34,06/04/1989,1,08,2,2,6,01,1,5,3,3,012000,1,1,9257,18833
00,1023,7,13A218,26,40129,3,1,0,01,-,1,1,2,76,26/08/1947,1,02,6,2,4,07, , , , , ,1,1,9257,18833
00,1023,7,13A218,26,40129,2,1,0,04,-,1,3,1,03,08/06/2020, , , , , , , , , , , ,1, ,9257,0
00,1023,7,13A218,26,40129,3,1,0,02,-,1,3,2,40,11/04/1983,1,07,5,2,6,01,1,5,3,2,006000,1, ,9257,0
00,1023,7,13A218,26,40129,4,1,1,02,-,1,2,1,67,16/07/1956,1,02,6,2,5,01,5,5,3,1,002000,1, ,9257,0
00,1023,3,11A224,26,40149,4,1,0,04,-,1,3,1,19,11/04/2004,1,07,1,1,6,06, , , , , ,1,1,7693,30987
00,1023,3,11A224,26,40149,4,1,0,03,-,1,3,1,21,16/07/2002,1,07,1,1,6,01,7,2,3,1,001500,1, ,7693,0
00,1023,3,11A224,26,40149,4,1,0,02,-,1,2,2,40,31/05/1983,1,03,3,2,5,01,7,2,3,1,001500,1, ,7693,0
00,1023,3,11A224,26,40149,3,1,0,01,-,1,1,1,36,30/06/1987,1,07,1,2,5,01,5,5,3,1,002500,1, ,7693,0
00,1023,3,11A224,26,40149,3,1,0,02,-,1,2,2,33,30/06/1990,1,03,3,2,5,07, , , , , ,1,1,7693,15494
00,1023,3,11A224,26,40149,2,1,0,01,-,1,1,2,36,02/12/1986,1,03,3,2,3,01,5,5,3,2,001800,1,1,7693,7747
00,1023,3,11A224,26,40149,2,1,0,02,-,1,3,2,14,07/07/2009,1,03,2,2,6,07, , , , , ,1, ,7693,0
00,1023,3,11A224,26,40149,4,1,0,01,-,1,1,1,47,26/12/1975,1,03,3,2,5,01,5,2,3,1,001800,1, ,7693,0
00,1023,3,11A224,26,40149,2,1,0,03,-,1,3,2,09,15/04/2014,1,02,3,1, , , , , , , ,1, ,7693,0
00,1023,3,13A224,26,40154,1,1,0,01,-,1,1,2,84,30/06/1939,1,04,3,2,4,07, , , , , ,1, ,11211,0
00,1023,3,13A224,26,40154,1,1,0,02,-,1,3,2,50,11/12/1972,1,07,4,2,6,04, , , , , ,1,1,11211,22808
00,1023,3,13A224,26,40154,2,1,0,01,-,1,1,2,71,04/10/1952,2,07,5,2,5,07, , , , , ,1, ,11211,0
00,1023,3,13A224,26,40154,2,1,0,02,-,1,2,1,74,01/10/1949,1,08,2,2,5,08, , , , , ,1,1,11211,22808
00,1023,3,13A224,26,40154,3,1,0,01,-,1,1,1,69,21/09/1954,1,07,4,2,6,07, , , , , ,1,1,11211,11404
00,1023,2,12A225,26,40280,1,1,0,02,-,1,3,1,52,08/06/1971,1,07,4,2,6,01,5,4,3,1,000600,1, ,7473,0
00,1023,2,12A225,26,40280,3,1,0,01,-,1,1,1,39,16/07/1984,1,07,4,2,1,01,1,5,3,2,012000,1,1,7473,15138
00,1023,2,12A225,26,40280,1,1,0,01,-,1,1,2,70,02/11/1952,1,03,3,2,4,07, , , , , ,1,1,7473,15138
00,1023,2,12A225,26,40280,4,1,0,02,-,1,3,1,49,08/04/1974,1,07,2,2,3,09, , , , , ,1, ,7473,0
00,1023,2,12A225,26,40280,2,1,0,02,-,1,6,2,32,12/03/1991,1,07,5,2,6,01,1,2,3,3,030000,1,1,7473,15138
00,1023,2,12A225,26,40280,4,1,0,01,-,1,1,2,70,13/09/1953,1,06,3,2,6,07, , , , , ,1,1,7473,15138
00,1023,2,12A225,26,40280,2,1,0,01,-,1,1,1,19,27/08/2004,1,07,1,1,1,06, , , , , ,1, ,7473,0
00,1023,2,12A225,26,40280,3,1,0,02,-,1,2,1,26,03/10/1997,1,04,1,2,1,01,7,2,3,3,008000,1, ,7473,0
00,1023,6,12B211,26,40287,2,1,0,06,-,1,4,1,08,18/09/2015,1,02,1,1, , , , , , , ,1, ,8148,0
00,1023,6,12B211,26,40287,2,1,0,01,-,1,1,1,70,10/07/1953,1,02,6,2,5,08, , , , , ,1,1,8148,33012
00,1023,6,12B211,26,40287,2,1,0,05,-,1,5,2,15,05/12/2007,1,03,3,1,6,06, , , , , ,1, ,8148,0
00,1023,6,12B211,26,40287,3,1,0,01,-,1,1,1,67,24/06/1956,1,02,6,2,5,08, , , , , ,1, ,8148,0
00,1023,6,12B211,26,40287,4,1,0,03,-,3,5,1,24,23/11/1998,2,04,3,2,6,01,1,5,3,1,001200,1, ,8148,0
00,1023,6,12B211,26,40287,2,1,0,04,-,1,3,2,18,26/07/2005,1,04,1,1,6,06, , , , , ,1, ,8148,0
00,1023,6,12B211,26,40287,3,1,0,02,-,1,2,2,63,20/10/1959,1,02,6,2,5,07, , , , , ,1,1,8148,16506
00,1023,6,12B211,26,40287,1,1,0,02,-,1,3,1,50,14/09/1973,1,03,3,2,6,01,5,5,3,1,002000,1, ,8148,0
00,1023,6,12B211,26,40287,4,1,0,01,-,1,1,2,65,01/03/1958,1,06,3,2,3,08, , , , , ,1,1,8148,16506
00,1023,6,12B211,26,40287,1,1,0,01,-,1,1,2,70,30/03/1953,1,03,1,2,4,08, , , , , ,1,1,8148,33012
00,1023,6,12B211,26,40287,2,1,0,03,-,1,3,2,43,08/07/1980,1,07,5,2,4,01,1,5,3,2,006000,1, ,8148,0
00,1023,6,12B211,26,40287,4,1,0,02,-,2, , , , , , , , , , , , , , , ,1, ,0,0
00,1023,6,12B211,26,40287,1,1,0,04,-,1,3,1,35,17/06/1988,1,04,3,2,6,01,7,2,3,1,002000,1, ,8148,0
00,1023,6,12B211,26,40287,1,1,0,03,-,1,3,1,40,09/05/1983,1,04,3,2,6,01,7,2,3,1,001500,1, ,8148,0
00,1023,6,12B211,26,40287,2,1,0,02,-,1,2,2,65,06/10/1957,1,02,6,2,5,07, , , , , ,1, ,8148,0
00,1023,4,12A223,26,40304,4,1,0,02,-,1,2,2,31,24/10/1991,1,06,5,2,5,01,3,2,3,2,006000,1, ,8725,0
00,1023,4,12A223,26,40304,1,1,0,05,-,1,5,2,01,12/07/2022, , , , , , , , , , , ,1, ,8725,0
00,1023,4,12A223,26,40304,1,1,0,04,-,1,5,2,20,02/09/2003,1,03,3,2,6,01,7,2,3,1,001500,1,1,8725,35350
00,1023,4,12A223,26,40304,1,1,0,02,-,1,2,2,68,11/01/1955,1,03,3,2,5,08, , , , , ,1, ,8725,0
00,1023,4,12A223,26,40304,2,1,0,02,-,1,2,2,60,26/10/1962,1,03,3,2,5,01,4,4,2,1,002000,1, ,8725,0
00,1023,4,12A223,26,40304,1,1,0,03,-,1,3,1,33,02/03/1990,1,04,2,2,6,01,7,2,3,1,001200,1, ,8725,0
00,1023,4,12A223,26,40304,2,1,0,01,-,1,1,1,61,10/11/1961,1,03,3,2,5,01,1,5,2,2,004000,1,1,8725,17675
00,1023,4,12A223,26,40304,4,1,0,01,-,1,1,1,31,23/10/1991,1,07,2,2,5,01,3,3,3,2,006000,1,1,8725,17675
00,1023,4,12A223,26,40304,1,1,0,01,-,1,1,1,70,17/03/1953,1,02,6,2,5,01,5,5,2,1,001200,1, ,8725,0
00,1023,4,13A223,26,40305,4,1,0,02,-,1,6,2,32,17/08/1991,1,07,4,2,6,01,4,4,2,1,004500,1, ,13426,0
00,1023,4,13A223,26,40305,4,1,0,01,-,1,1,1,27,02/11/1995,1,07,4,1,6,01,5,5,2,1,003500,1,1,13426,40973
00,1023,4,13A223,26,40305,4,1,0,03,-,1,4,1,62,30/07/1961,1,07,4,2,3,08, , , , , ,1, ,13426,0
00,1023,4,13A223,26,40305,1,1,0,01,-,1,1,2,79,31/12/1943,1,06,3,2,4,08, , , , , ,1,1,13426,27315
00,1023,4,13A223,26,40305,2,1,0,01,-,1,1,1,74,11/10/1948,1,02,4,2,4,08, , , , , ,1,1,13426,13658
00,1023,4,13A223,26,40305,1,1,0,02,-,1,3,1,45,07/10/1977,1,07,4,2,6,01,1,6,3,2,005000,1, ,13426,0
00,1023,8,11A217,26,40345,4,1,0,04,-,1,3,1,11,20/02/2012,1,02,4,1, , , , , , , ,1, ,7558,0
00,1023,8,11A217,26,40345,4,1,0,01,-,1,1,1,60,14/08/1963,1,03,3,2,1,01,3,7,3,2,006000,1,1,7558,22835
00,1023,8,11A217,26,40345,3,1,0,02,-,1,6,1,18,22/02/2005,1,04,2,1,6,01,5,5,3,1,001500,1, ,7558,0
00,1023,8,11A217,26,40345,4,1,0,03,-,1,3,2,18,20/06/2005,1,04,2,1,6,06, , , , , ,1, ,7558,0
00,1023,8,11A217,26,40345,1,1,1,01,-,1,1,1,40,16/11/1982,1,08,2,2,6,01,5,5,3,3,010000,1,1,7558,15223
00,1023,8,11A217,26,40345,3,1,0,03,-,1,6,1,12,01/02/2011,1,02,5,1,6,06, , , , , ,1, ,7558,0
00,1023,8,11A217,26,40345,1,1,1,03,-,1,5,1,10,13/08/2013,1,02,4,1, , , , , , , ,1, ,7558,0
00,1023,8,11A217,26,40345,4,1,0,02,-,1,2,2,53,20/02/1970,1,03,3,2,1,07, , , , , ,1, ,7558,0
00,1023,5,11A217,26,40345,2,1,0,02,-,2, , , , , , , , , , , , , , , ,1, ,0,0
00,1023,8,11A217,26,40345,1,1,1,02,-,1,4,2,61,23/11/1961,1,06,3,2,3,07, , , , , ,1, ,7558,0
00,1023,8,11A217,26,40345,3,1,0,01,-,1,1,2,23,04/09/2000,1,07,3,2,6,01,3,4,3,1,001500,1,1,7558,15223
00,1023,8,11A217,26,40345,2,1,0,01,-,1,1,1,22,07/09/2001,1,04,3,2,6,01,7,5,3,2,007000,1,1,7558,7612
00,1023,5,12B212,26,40386,1,1,0,01,-,1,1,1,80,25/12/1942,1,02,4,2,6,01,1,5,2,3,003000,1,1,9126,23108
14,1023,5,12B212,26,40386,3,1,0,04,-,1,3,2,16,10/11/2006,1,04,1,1,6,06, , , , , ,1, ,9126,0
14,1023,5,12B212,26,40386,3,1,0,03,-,1,3,2,20,08/08/2003,1,07,1,1,5,06, , , , , ,1, ,9126,0
00,1023,5,12B212,26,40386,4,1,0,01,-,1,1,1,45,23/08/1978,1,04,3,2,6,01,5,5,2,1,003600,1,1,9126,23108
00,1023,5,12B212,26,40386,4,1,0,02,-,2, , , , , , , , , , , , , , , ,1, ,0,0
14,1023,5,12B212,26,40386,3,1,0,02,-,1,2,2,57,14/07/1966,1,04,3,2,5,01,3,7,3,3,012000,1,1,9126,0
14,1023,5,12B212,26,40386,3,1,0,01,-,1,1,1,55,29/09/1968,1,07,2,2,5,01,4,4,2,1,002000,1, ,9126,0
00,1023,1,12A226,26,40408,1,1,0,03,-,1,5,1,14,26/12/2008,1,03,3,2,6,07, , , , , ,1, ,8082,0
00,1023,1,12A226,26,40408,1,1,0,02,-,1,4,2,32,30/03/1991,1,03,3,2,6,01,4,4,3,3,007750,1,1,8082,16373
00,1023,1,12A226,26,40408,1,1,0,01,-,1,1,1,69,14/03/1954,1,02,6,2,3,08, , , , , ,1, ,8082,0
00,1023,1,12A226,26,40408,2,1,0,01,-,1,1,2,55,27/03/1968,1,04,1,2,6,08, , , , , ,1,1,8082,16373
00,1023,1,12A226,26,40408,1,1,0,04,-,1,5,1,03,08/01/2020, , , , , , , , , , , ,1, ,8082,0
00,1023,1,12A226,26,40408,4,1,0,01,-,1,1,1,27,16/01/1996,1,03,3,2,1,03,5,4,3,1,001700,1, ,8082,0
00,1023,1,12A226,26,40408,4,1,0,02,-,1,2,2,20,11/10/2002,1,03,3,2,1,01,4,4,3,2,002000,1,1,8082,16373
00,1023,1,12A226,26,40408,3,1,0,01,-,1,1,1,52,20/12/1970,1,03,3,2,2,01,6,1,2,3,006000,1,1,8082,8186
00,1023,1,12A226,26,40408,2,1,0,02,-,1,3,1,37,28/10/1985,1,07,4,2,6,01,5,5,3,1,001800,1, ,8082,0
00,1023,8,12A217,26,40412,3,1,0,03,-,1,5,2,21,14/08/2002,1,07,1,2,6,07, , , , , ,1,1,6267,12694
00,1023,8,12A217,26,40412,1,1,0,02,-,1,2,2,75,17/07/1948,1,06,2,2,5,07, , , , , ,1,1,6267,12694
00,1023,8,12A217,26,40412,1,1,0,01,-,1,1,1,73,23/11/1949,1,03,3,2,5,01,5,5,3,1,001200,1, ,6267,0
00,1023,2,12A217,26,40412,3,1,0,02,-,2, , , , , , , , , , , , , , , ,1, ,0,0
00,1023,8,12A217,26,40412,3,1,0,01,-,1,1,2,85,25/01/1938,1,02,6,2,4,07, , , , , ,1, ,6267,0
00,1023,8,12A217,26,40412,3,1,0,04,-,1,5,1,14,17/06/2009,1,03,1,1,6,06, , , , , ,1, ,6267,0
00,1023,8,12A217,26,40412,1,1,0,03,-,2, , , , , , , , , , , , , , , ,1, ,0,0
00,1023,3,12A224,27,40023,4,1,0,02,-,1,2,2,47,01/08/1976,1,07,4,2,5,07, , , , , ,1, ,7052,0
00,1023,3,12A224,27,40023,2,1,0,02,-,3,2,2,25,27/04/1998,1,07,5,2,5,01,1,5,3,3,999999,1, ,7052,0
00,1023,3,12A224,27,40023,3,1,0,05,-,1,3,2,04,10/10/2019, , , , , , , , , , , ,1, ,7052,0
00,1023,3,12A224,27,40023,4,1,0,03,-,1,3,1,22,04/03/2001,1,04,3,2,6,01,4,5,5,1,001600,1,1,7052,21429
00,1023,3,12A224,27,40023,4,1,0,01,-,1,1,1,44,27/05/1979,1,07,4,2,5,01,5,6,3,3,999999,1, ,7052,0
00,1023,3,12A224,27,40023,1,1,0,01,-,1,1,2,59,12/08/1964,1,06,3,2,4,01,1,7,3,2,005300,1,1,7052,7143
00,1023,3,12A224,27,40023,3,1,0,02,-,1,2,2,27,23/04/1996,1,07,4,2,5,07, , , , , ,1, ,7052,0
00,1023,3,12A224,27,40023,3,1,0,03,-,1,3,1,17,19/05/2006,1,04,2,1,6,06, , , , , ,1, ,7052,0
00,1023,3,12A224,27,40023,2,1,0,01,-,1,1,1,30,21/01/1993,1,07,4,2,6,01,1,2,3,2,999999,1,1,7052,14286
00,1023,3,12A224,27,40023,3,1,0,04,-,1,3,2,15,23/05/2008,1,03,3,1,6,06, , , , , ,1, ,7052,0
00,1023,3,12A224,27,40023,3,1,0,01,-,1,1,1,42,01/08/1981,1,07,4,2,5,01,5,5,5,1,005000,1,1,7052,14286
00,1023,7,12A218,27,40126,3,1,0,04,-,1,3,1,04,07/03/2019, , , , , , , , , , , ,1, ,8292,0
00,1023,7,12A218,27,40126,3,1,0,02,-,1,2,2,31,16/12/1991,1,03,3,2,1,07, , , , , ,1, ,8292,0
00,1023,7,12A218,27,40126,1,1,1,03,-,1,3,1,04,13/02/2019, , , , , , , , , , , ,1, ,8292,0
00,1023,7,12A218,27,40126,3,1,0,03,-,1,3,1,05,14/12/2017,2,01,3,1, , , , , , , ,1, ,8292,0
00,1023,7,12A218,27,40126,1,1,1,01,-,1,1,1,25,06/04/1998,1,07,2,2,5,01,5,5,3,2,999999,1,1,8292,16797
00,1023,7,12A218,27,40126,1,1,1,02,-,1,2,2,25,30/03/1998,1,07,5,2,5,07, , , , , ,1, ,8292,0
00,1023,7,12A218,27,40126,3,1,0,01,-,1,1,1,39,09/09/1984,1,03,3,2,1,01,4,4,2,1,002000,1,1,8292,16797
00,1023,7,12A218,27,40126,4,1,0,01,-,1,1,2,65,09/01/1958,1,04,3,2,2,08, , , , , ,1,1,8292,8398
00,1023,4,12A218,27,40126,4,1,0,02,-,2, , , , , , , , , , , , , , , ,1, ,0,0
00,1023,7,12A218,27,40126,2,1,0,01,-,1,1,2,51,25/03/1972,1,04,3,2,4,01,5,5,3,2,002400,1,1,8292,8398
00,1023,2,11A225,27,40184,3,1,0,04,-,1,3,2,17,15/05/2006,1,04,2,1,6,06, , , , , ,1, ,9837,0
00,1023,2,11A225,27,40184,2,1,0,02,-,1,3,1,05,03/11/2017,2,01,3,1, , , , , , , ,1, ,9837,0
00,1023,2,11A225,27,40184,3,1,0,01,-,1,1,2,51,14/12/1971,2,02,2,2,2,07, , , , , ,1, ,9837,0
00,1023,2,11A225,27,40184,1,1,0,02,-,1,3,1,18,14/08/2005,1,04,1,2,6,04, , , , , ,1, ,9837,0
00,1023,2,11A225,27,40184,2,1,0,01,-,1,1,2,26,14/09/1997,1,03,1,2,2,01,5,6,5,1,002000,1,1,9837,9906
00,1023,2,11A225,27,40184,4,1,0,01,-,1,1,1,55,05/09/1968,1,03,3,2,3,01,4,4,2,1,999999,1,1,9837,9906
00,1023,2,11A225,27,40184,3,1,0,03,-,1,3,1,25,25/08/1998,1,07,5,2,6,01,4,4,3,1,002400,1, ,9837,0
00,1023,2,11A225,27,40184,1,1,0,03,-,1,3,1,16,30/10/2006,1,04,1,1,6,06, , , , , ,1, ,9837,0
00,1023,2,11A225,27,40184,2,1,0,03,-,1,3,2,01,25/03/2022, , , , , , , , , , , ,1, ,9837,0
00,1023,2,11A225,27,40184,3,1,0,02,-,1,2,2,30,30/08/1993,1,04,3,2,6,01,4,4,3,1,002400,1,1,9837,29717
00,1023,2,11A225,27,40184,1,1,0,01,-,1,1,2,43,06/09/1980,1,02,6,2,2,01,5,5,3,1,001200,1,1,9837,19811
00,1023,5,11B211,27,40291,1,1,0,07,-,2, , , , , , , , , , , , , , , ,1, ,0,0
00,1023,6,11B211,27,40291,2,1,0,04,-,1,3,2,06,02/11/2016,1,01,3,1, , , , , , , ,1, ,6879,0
00,1023,6,11B211,27,40291,1,1,0,06,-,1,5,1,21,16/02/2002,1,04,2,2,6,01,4,4,3,1,999999,1, ,6879,0
00,1023,6,11B211,27,40291,1,1,0,08,-,1,5,1,08,27/03/2015,1,02,1,1, , , , , , , ,1, ,6879,0
00,1023,6,11B211,27,40291,2,1,0,01,-,1,1,1,27,14/08/1996,1,03,3,2,5,01,4,4,5,1,001400,1, ,6879,0
00,1023,6,11B211,27,40291,3,1,0,01,-,1,1,2,56,29/10/1966,1,03,3,2,2,01,4,4,2,3,999999,1,1,6879,6927
00,1023,6,11B211,27,40291,2,1,0,02,-,1,2,2,27,19/11/1995,1,04,3,2,5,07, , , , , ,1,1,6879,13854
00,1023,4,11B211,27,40291,1,1,0,03,-,2, , , , , , , , , , , , , , , ,1, ,0,0
00,1023,6,11B211,27,40291,1,1,0,09,-,1,5,2,22,27/02/2001,1,07,4,2,6,01,4,4,3,1,999999,1, ,6879,0
00,1023,6,11B211,27,40291,1,1,0,01,-,1,1,1,59,14/03/1964,1,06,3,2,5,01,1,7,3,2,999999,1, ,6879,0
00,1023,6,11B211,27,40291,2,1,0,03,-,1,3,2,08,13/11/2014,1,02,2,1, , , , , , , ,1, ,6879,0
00,1023,6,11B211,27,40291,1,1,0,02,-,1,2,2,61,05/03/1962,1,03,3,2,5,07, , , , , ,1, ,6879,0
00,1023,4,11B211,27,40291,1,1,0,05,-,2, , , , , , , , , , , , , , , ,1, ,0,0
00,1023,6,11B211,27,40291,1,1,0,10,-,2, , , , , , , , , , , , , , , ,1, ,0,0
00,1023,6,11B211,27,40291,1,1,0,04,-,1,5,2,26,15/11/1996,1,07,3,2,1,01,5,5,3,1,999999,1, ,6879,0
00,1023,6,11B211,27,40291,1,1,0,11,-,1,3,2,44,15/01/1979,1,07,3,2,6,01,1,5,3,2,999999,1,1,6879,41562
00,1023,1,11A226,27,40315,3,1,0,05,-,1,3,1,08,15/06/2015,2,02,2,1, , , , , , , ,1, ,8766,0
00,1023,1,11A226,27,40315,1,1,0,01,-,1,1,1,65,06/07/1958,1,02,1,2,1,01,6,1,3,1,000700,1, ,8766,0
00,1023,1,11A226,27,40315,3,1,0,01,-,1,1,1,35,02/02/1988,1,03,2,2,1,01,7,3,3,1,002400,1,1,8766,26484
00,1023,1,11A226,27,40315,2,1,0,02,-,1,2,2,64,17/03/1959,1,02,6,2,5,07, , , , , ,1,1,8766,17656
00,1023,1,11A226,27,40315,3,1,0,04,-,1,3,1,15,23/09/2008,1,03,3,1,6,06, , , , , ,1, ,8766,0
00,1023,1,11A226,27,40315,3,1,0,02,-,1,2,2,38,27/09/1985,1,02,6,2,1,07, , , , , ,1, ,8766,0
00,1023,1,11A226,27,40315,1,1,0,04,-,1,5,1,18,20/03/2005,1,04,3,2,6,01,7,3,3,1,002000,1, ,8766,0
00,1023,1,11A226,27,40315,4,1,0,02,-,1,3,1,33,05/07/1990,1,03,1,2,6,01,5,5,5,1,999999,1, ,8766,0
00,1023,1,11A226,27,40315,1,1,0,05,-,1,5,2,05,10/09/2018,2,01,2,1, , , , , , , ,1, ,8766,0
00,1023,1,11A226,27,40315,3,1,0,03,-,1,3,1,20,06/08/2003,1,07,2,1,6,06, , , , , ,1, ,8766,0
00,1023,1,11A226,27,40315,2,1,0,01,-,1,1,1,66,20/01/1957,2,00, ,2,5,09, , , , , ,1, ,8766,0
00,1023,1,11A226,27,40315,4,1,0,01,-,1,1,2,61,16/02/1962,1,00, ,2,2,07, , , , , ,1,1,8766,17656
00,1023,1,11A226,27,40315,1,1,0,03,-,1,3,1,35,14/02/1988,2,02,1,2,2,01,7,3,3,1,002000,1,1,8766,35312
00,1023,1,11A226,27,40315,1,1,0,02,-,1,2,2,52,20/08/1971,2,00, ,2,1,01,4,4,3,1,000600,1, ,8766,0
00,1023,4,13A223,27,40342,4,1,0,02,-,1,2,2,60,30/08/1963,1,03,3,2,5,07, , , , , ,1, ,8583,0
00,1023,4,13A223,27,40342,1,1,0,01,-,1,1,2,61,21/07/1962,1,09,2,2,4,01,2,7,3,2,999999,1,1,8583,8732
00,1023,2,13A223,27,40342,3,1,0,02,-,2, , , , , , , , , , , , , , , ,1, ,0,0
00,1023,4,13A223,27,40342,2,1,0,03,-,1,5,1,13,23/09/2010,1,02,5,1,6,06, , , , , ,1, ,8583,0
00,1023,4,13A223,27,40342,3,1,0,03,-,1,2,2,63,11/10/1960,1,03,1,2,5,01,4,4,2,1,999999,1, ,8583,0
00,1023,4,13A223,27,40342,2,1,0,04,-,1,5,2,09,05/04/2014,1,02,3,1, , , , , , , ,1, ,8583,0
00,1023,4,13A223,27,40342,2,1,0,02,-,1,2,2,57,27/07/1966,1,03,3,2,5,07, , , , , ,1, ,8583,0
00,1023,4,13A223,27,40342,3,1,0,01,-,1,1,1,60,06/10/1963,1,03,3,2,5,01,4,4,2,1,999999,1,1,8583,17463
00,1023,4,13A223,27,40342,2,1,0,01,-,1,1,1,59,19/07/1964,1,03,3,2,5,08, , , , , ,1,1,8583,17463
00,1023,4,13A223,27,40342,4,1,0,03,-,1,3,1,20,03/07/2003,1,04,2,2,6,01,5,5,3,1,001400,1,1,8583,26195
00,1023,4,13A223,27,40342,4,1,0,01,-,1,1,1,59,31/03/1964,1,03,3,2,5,01,1,5,2,1,999999,1, ,8583,0
00,1023,1,13A226,27,40346,2,1,0,04,-,1,3,2,06,22/03/2017,2,01,3,1, , , , , , , ,1, ,9500,0
00,1023,1,13A226,27,40346,1,1,0,03,-,1,3,1,16,17/11/2006,1,04,1,1,6,06, , , , , ,1, ,9500,0
00,1023,1,13A226,27,40346,1,1,0,04,-,1,3,2,11,21/07/2012,1,02,5,1, , , , , , , ,1, ,9500,0
00,1023,1,13A226,27,40346,4,1,0,02,-,1,6,2,42,06/10/1980,1,07,4,2,6,04, , , , , ,1, ,9500,0
00,1023,1,13A226,27,40346,3,1,0,01,-,1,1,2,53,18/03/1970,1,07,5,2,6,01,1,5,3,3,999999,1,1,9500,9664
00,1023,1,13A226,27,40346,1,1,0,02,-,1,2,2,39,27/01/1984,1,08,2,2,5,01,2,7,3,2,999999,1,1,9500,19327
00,1023,1,13A226,27,40346,4,1,0,03,-,1,2,1,50,15/06/1973,1,03,3,2,5,01,5,6,3,2,999999,1, ,9500,0
00,1023,1,13A226,27,40346,2,1,0,02,-,1,2,2,45,23/01/1978,1,07,5,2,5,01,2,7,3,2,999999,1,1,9500,19327
00,1023,1,13A226,27,40346,2,1,0,01,-,1,1,1,46,17/06/1977,1,07,5,2,5,01,2,7,3,2,999999,1, ,9500,0
00,1023,1,13A226,27,40346,2,1,0,03,-,1,3,2,16,29/03/2007,1,04,1,1,6,06, , , , , ,1, ,9500,0
00,1023,1,13A226,27,40346,1,1,0,01,-,1,1,1,40,12/11/1982,1,06,5,2,5,01,2,7,3,2,999999,1, ,9500,0
00,1023,1,13A226,27,40346,4,1,0,01,-,1,1,2,50,11/08/1973,1,06,5,2,5,01,3,5,3,2,999999,1,1,9500,28991
00,1023,5,11B212,27,40356,3,1,0,01,-,1,1,1,25,12/02/1998,1,04,3,2,1,01,4,4,3,1,001300,1, ,9185,0
00,1023,5,11B212,27,40356,1,1,0,02,-,1,2,1,49,20/05/1974,1,02,1,2,3,01,4,4,2,1,002000,1,1,9185,18498
00,1023,5,11B212,27,40356,1,1,0,01,-,1,1,2,76,16/11/1946,1,02,1,2,4,07, , , , , ,1, ,9185,0
00,1023,5,11B212,27,40356,2,1,0,02,-,1,2,2,44,23/10/1978,1,04,3,2,5,07, , , , , ,1, ,9185,0
00,1023,5,11B212,27,40356,3,1,0,02,-,1,2,2,22,01/05/2001,1,03,3,2,1,07, , , , , ,1,1,9185,18498
00,1023,5,11B212,27,40356,2,1,0,03,-,1,3,1,26,12/05/1997,1,07,5,2,6,01,3,7,3,2,003700,1,1,9185,27747
00,1023,5,11B212,27,40356,2,1,0,01,-,1,1,1,46,05/10/1976,1,04,2,2,5,01,5,4,3,2,003500,1, ,9185,0
00,1023,5,11B212,27,40356,3,1,0,03,-,1,3,2,05,10/05/2018,2,01,2,1, , , , , , , ,1, ,9185,0
00,1023,5,11B212,27,40356,3,1,0,04,-,1,3,1,04,19/08/2019, , , , , , , , , , , ,1, ,9185,0
00,1023,5,11B212,27,40356,4,1,1,01,-,1,1,1,30,16/06/1993,2,00, ,2,2,01,7,2,3,1,002000,1,1,9185,9249
00,1023,5,11B212,27,40356,1,1,0,03,-,2, , , , , , , , , , , , , , , ,1, ,0,0
00,1023,8,11A217,27,40379,4,1,0,02,-,1,2,2,28,20/01/1995,1,04,3,2,5,01,4,4,5,2,005000,1,1,17244,34731
00,1023,3,11A217,27,40379,3,1,0,03,-,2, , , , , , , , , , , , , , , ,1, ,0,0
00,1023,8,11A217,27,40379,4,1,0,03,-,1,3,1,06,13/12/2016,2,01,1,1, , , , , , , ,1, ,17244,0
00,1023,8,11A217,27,40379,1,1,0,01,-,1,1,1,63,08/09/1960,1,02,6,2,1,01,4,4,2,1,999999,1, ,17244,0
00,1023,8,11A217,27,40379,1,1,0,02,-,1,2,2,55,15/06/1968,1,04,1,2,1,01,4,4,2,1,999999,1,1,17244,34731
00,1023,8,11A217,27,40379,3,1,0,01,-,1,1,1,54,21/03/1969,1,03,3,2,1,01,4,4,2,2,003500,1,1,17244,17365
00,1023,8,11A217,27,40379,2,1,0,01,-,1,1,1,46,19/04/1977,1,03,3,2,2,01,5,5,2,1,002400,1,1,17244,17365
00,1023,8,11A217,27,40379,4,1,0,01,-,1,1,1,27,25/03/1996,1,04,2,2,5,01,4,4,5,2,005000,1, ,17244,0
00,1023,3,11A217,27,40379,3,1,0,02,-,2, , , , , , , , , , , , , , , ,1, ,0,0
00,1023,5,11B212,27,40420,4,1,0,01,-,1,1,2,63,05/05/1960,1,06,3,2,3,07, , , , , ,1,1,6533,13158
00,1023,5,11B212,27,40420,2,1,0,01,-,1,1,1,50,28/08/1973,1,03,3,2,5,01,5,4,3,2,999999,1, ,6533,0
00,1023,5,11B212,27,40420,2,1,0,02,-,1,2,2,60,23/02/1963,1,06,3,2,5,01,4,4,3,1,999999,1,1,6533,19736
00,1023,5,11B212,27,40420,2,1,0,04,-,3,5,1,05,03/07/2018,2,01,2,1, , , , , , , ,1, ,6533,0
00,1023,5,11B212,27,40420,3,1,1,01,-,1,1,2,25,28/05/1998,1,03,3,2,6,01,5,2,3,1,001300,1,1,6533,6579
00,1023,5,11B212,27,40420,4,1,0,02,-,1,3,1,41,29/07/1982,1,06,3,2,6,01,5,5,3,1,002400,1, ,6533,0
00,1023,5,11B212,27,40420,2,1,0,03,-,3,5,2,22,23/08/2001,1,03,3,2,2,01,4,4,3,1,001500,1, ,6533,0
00,1023,5,11B212,27,40420,1,1,1,02,-,1,2,2,20,06/02/2003,1,04,3,2,1,01,5,5,3,1,002000,1,1,6533,13158
00,1023,5,11B212,27,40420,3,1,1,02,-,1,3,1,09,27/11/2013,1,02,4,1, , , , , , , ,1, ,6533,0
00,1023,5,11B212,27,40420,3,1,1,03,-,1,3,2,05,06/01/2018,2,01,2,1, , , , , , , ,1, ,6533,0
00,1023,5,11B212,27,40420,1,1,1,01,-,1,1,1,23,24/12/1999,1,03,3,2,1,01,5,5,3,1,002000,1, ,6533,0
00,1023,7,11A218,28,40027,4,1,0,01,-,1,1,2,66,05/03/1957,1,02,1,2,2,01,5,5,3,1,000300,1,1,8269,8327
00,1023,7,11A218,28,40027,1,1,0,01,-,1,1,1,29,06/11/1993,1,03,3,2,6,01,5,5,3,1,001600,1,1,8269,8327
00,1023,7,11A218,28,40027,2,1,0,02,-,1,2,1,49,06/03/1974,1,03,1,2,1,01,5,5,3,1,002500,1, ,8269,0
00,1023,7,11A218,28,40027,1,1,0,02,-,2, , , , , , , , , , , , , , , ,1, ,0,0
00,1023,7,11A218,28,40027,1,1,0,03,-,2, , , , , , , , , , , , , , , ,1, ,0,0
00,1023,7,11A218,28,40027,2,1,0,01,-,1,1,2,49,21/11/1973,1,04,3,2,1,01,4,5,3,1,001500,1,1,8269,16654
00,1023,7,11A218,28,40027,3,1,0,02,-,2, , , , , , , , , , , , , , , ,1, ,0,0
00,1023,7,11A218,28,40027,3,1,0,01,-,1,1,1,48,14/01/1975,1,03,3,2,1,01,5,5,2,1,999999,1,1,8269,8327
00,1023,3,13A224,28,40052,4,1,0,04,-,1,3,1,10,23/09/2013,1,02,4,1, , , , , , , ,1, ,10098,0
00,1023,3,13A224,28,40052,1,1,0,02,-,1,2,2,55,07/01/1968,1,06,3,2,5,07, , , , , ,1,1,10098,30817
00,1023,3,13A224,28,40052,4,1,0,01,-,1,1,1,51,28/09/1972,1,04,3,2,5,01,7,5,3,2,020000,1, ,10098,0
00,1023,3,13A224,28,40052,4,1,0,03,-,1,3,2,21,07/09/2002,1,07,2,1,6,06, , , , , ,1,1,10098,30817
00,1023,3,13A224,28,40052,4,1,0,02,-,1,2,2,40,20/03/1983,1,07,4,2,5,07, , , , , ,1, ,10098,0
00,1023,3,13A224,28,40052,1,1,0,03,-,1,4,2,80,06/03/1943,1,00, ,2,4,07, , , , , ,1, ,10098,0
00,1023,3,13A224,28,40052,1,1,0,01,-,1,1,1,65,04/05/1958,1,06,3,2,5,08, , , , , ,1, ,10098,0
00,1023,3,13A224,28,40052,3,1,0,01,-,1,1,1,50,09/11/1972,1,07,4,2,5,04, , , , , ,1, ,10098,0
00,1023,3,13A224,28,40052,3,1,0,02,-,1,2,2,50,25/10/1972,1,07,4,2,5,08, , , , , ,1,1,10098,20545
00,1023,7,11A218,28,40061,2,1,2,03,-,1,3,2,06,07/06/2017,2,00, ,1, , , , , , , ,1, ,5978,0
00,1023,7,11A218,28,40061,2,1,2,02,-,1,2,2,34,07/06/1989,1,04,3,2,5,07, , , , , ,1, ,5978,0
00,1023,7,11A218,28,40061,3,1,0,01,-,1,1,1,30,15/12/1992,1,03,3,2,1,01,7,2,3,1,001500,1, ,5978,0
00,1023,7,11A218,28,40061,3,1,0,02,-,1,2,2,27,28/08/1996,1,02,6,2,1,07, , , , , ,1,1,5978,12040
00,1023,7,11A218,28,40061,2,1,2,01,-,1,1,1,37,03/12/1985,1,03,3,2,5,01,5,5,3,1,001800,1,1,5978,12040
00,1023,7,11A218,28,40061,4,1,0,01,-,1,1,2,30,06/03/1993,1,07,5,2,6,01,1,5,3,2,003000,1,1,5978,6020
00,1023,7,11A218,28,40061,3,1,0,03,-,1,3,1,05,17/01/2018,1,01,2,1, , , , , , , ,1, ,5978,0
00,1023,7,11A218,28,40061,2,1,2,04,-,1,3,1,03,07/06/2020, , , , , , , , , , , ,1, ,5978,0
00,1023,3,11A224,28,40116,1,1,0,01,-,1,1,2,55,27/05/1968,1,02,2,2,4,01,5,5,2,1,002000,1, ,7035,0
00,1023,3,11A224,28,40116,3,1,0,01,-,1,1,1,43,09/01/1980,1,04,3,2,1,01,5,5,3,1,002000,1, ,7035,0
00,1023,3,11A224,28,40116,4,1,0,04,-,1,3,2,01,17/05/2022, , , , , , , , , , , ,1, ,7035,0
00,1023,3,11A224,28,40116,4,1,0,03,-,1,3,2,05,04/06/2018,1,01,2,1, , , , , , , ,1, ,7035,0
00,1023,3,11A224,28,40116,4,1,0,01,-,1,1,2,31,28/02/1992,1,03,2,2,1,01,4,4,3,1,001500,1,1,7035,14170
00,1023,3,11A224,28,40116,2,1,0,05,-,1,5,2,22,02/09/2001,1,03,3,2,1,07, , , , , ,1,1,7035,35424
00,1023,3,11A224,28,40116,2,1,0,01,-,1,1,2,58,18/07/1965,1,02,4,2,5,07, , , , , ,1, ,7035,0
00,1023,3,11A224,28,40116,2,1,0,03,-,1,3,2,24,06/04/1999,1,04,3,2,6,01,5,5,3,1,001200,1, ,7035,0
00,1023,3,11A224,28,40116,1,1,0,02,-,1,3,1,27,04/01/1996,1,04,3,2,6,04, , , , , ,1,1,7035,14170
00,1023,3,11A224,28,40116,3,1,0,04,-,1,3,2,12,13/10/2010,1,02,6,1,6,06, , , , , ,1, ,7035,0
00,1023,3,11A224,28,40116,2,1,0,04,-,1,5,1,22,28/04/2001,1,03,2,2,1,01,7,2,3,1,002000,1, ,7035,0
00,1023,3,11A224,28,40116,2,1,0,06,-,1,5,2,04,09/08/2019, , , , , , , , , , , ,1, ,7035,0
00,1023,3,11A224,28,40116,2,1,0,02,-,1,2,1,64,25/08/1959,1,02,6,2,5,10, , , , , ,1, ,7035,0
00,1023,3,11A224,28,40116,3,1,0,02,-,1,2,2,42,12/12/1980,1,02,6,2,1,07, , , , , ,1,1,7035,14170
00,1023,3,11A224,28,40116,3,1,0,03,-,1,3,2,14,12/06/2009,1,03,2,1,6,06, , , , , ,1, ,7035,0
00,1023,3,11A224,28,40116,4,1,0,02,-,1,2,2,28,23/10/1994,1,04,2,2,1,07, , , , , ,1, ,7035,0
00,1023,6,11B211,28,40180,3,1,0,05,-,3,3,2,10,30/12/2012,1,02,4,1, , , , , , , ,1, ,8527,0
00,1023,6,11B211,28,40180,4,1,0,01,-,1,1,2,57,11/05/1966,1,02,2,2,4,07, , , , , ,1,1,8527,17175
00,1023,6,11B211,28,40180,3,1,0,02,-,1,2,2,38,23/12/1984,1,04,3,2,1,01,5,5,3,1,002000,1, ,8527,0
00,1023,6,11B211,28,40180,3,1,0,03,-,3,3,1,15,07/04/2008,1,03,3,1,6,06, , , , , ,1, ,8527,0
00,1023,6,11B211,28,40180,3,1,0,01,-,1,1,1,39,28/11/1983,1,04,3,2,1,01,7,2,3,1,002200,1,1,8527,17175
00,1023,6,11B211,28,40180,3,1,0,04,-,3,3,1,12,24/01/2011,1,02,5,1,6,06, , , , , ,1, ,8527,0
00,1023,6,11B211,28,40180,4,1,0,02,-,1,3,2,26,12/10/1996,2,00, ,2,6,09, , , , , ,1, ,8527,0
00,1023,2,12A225,28,40206,3,1,0,03,-,1,3,2,27,02/09/1996,1,07,5,2,6,01,5,5,3,1,999999,1, ,8451,0
00,1023,2,12A225,28,40206,2,1,0,04,-,1,5,1,23,30/01/2000,1,07,4,1,6,06, , , , , ,1, ,8451,0
00,1023,2,12A225,28,40206,2,1,0,03,-,1,3,2,57,06/04/1966,1,03,3,2,6,01,5,5,3,1,999999,1, ,8451,0
00,1023,2,12A225,28,40206,3,1,0,02,-,1,2,2,53,03/01/1970,1,04,3,2,5,07, , , , , ,1,1,8451,25678
00,1023,2,12A225,28,40206,4,1,0,02,-,1,3,2,18,09/08/2005,2,04,3,1,6,06, , , , , ,1, ,8451,0
00,1023,2,12A225,28,40206,4,1,0,01,-,1,1,2,40,25/07/1983,1,04,3,2,2,01,5,5,3,2,004000,1,1,8451,17118
00,1023,2,12A225,28,40206,3,1,0,01,-,1,1,1,57,02/06/1966,1,03,3,2,5,01,7,5,3,2,999999,1, ,8451,0
00,1023,2,12A225,28,40206,2,1,0,01,-,1,1,1,85,12/05/1938,1,03,3,2,5,09, , , , , ,1, ,8451,0
00,1023,2,12A225,28,40206,1,1,0,01,-,1,1,1,46,06/08/1977,1,04,3,2,5,01,4,5,2,1,999999,1,1,8451,17118
00,1023,2,12A225,28,40206,2,1,0,02,-,1,2,2,76,18/11/1946,1,02,6,2,5,07, , , , , ,1,1,8451,34237
00,1023,2,12A225,28,40206,1,1,0,02,-,1,2,2,45,23/10/1977,1,04,3,2,5,01,4,5,2,1,999999,1, ,8451,0
00,1023,6,12B211,28,40243,2,1,0,02,-,1,3,1,26,16/08/1997,1,07,5,2,5,01,7,2,3,2,999999,1,1,7617,15430
00,1023,5,12B211,28,40243,2,1,0,03,-,2, , , , , , , , , , , , , , , ,1, ,0,0
00,1023,6,12B211,28,40243,2,1,0,01,-,1,1,2,65,16/08/1958,1,07,5,2,6,01,5,5,3,1,999999,1, ,7617,0
00,1023,6,12B211,28,40243,4,1,0,01,-,1,1,1,73,25/07/1950,1,07,5,2,3,08, , , , , ,1,1,7617,7715
00,1023,2,11A225,28,40267,3,1,0,03,-,1,5,1,35,15/12/1987,1,07,4,2,5,01,7,2,3,2,999999,1, ,8880,0
00,1023,2,11A225,28,40267,1,1,0,01,-,1,1,2,59,04/06/1964,1,03,3,2,5,02,5,5,6,5, ,1, ,8880,0
00,1023,2,11A225,28,40267,1,1,0,02,-,1,2,1,54,10/09/1969,1,06,2,2,5,01,5,5,2,1,002000,1, ,8880,0
00,1023,2,11A225,28,40267,3,1,0,02,-,1,2,2,57,01/07/1966,1,04,3,2,5,07, , , , , ,1, ,8880,0
00,1023,2,11A225,28,40267,3,1,0,01,-,1,1,1,61,10/02/1962,1,07,4,2,5,08, , , , , ,1,1,8880,35770
00,1023,2,11A225,28,40267,2,1,0,04,-,1,3,1,29,29/07/1994,1,04,3,2,2,01,4,4,3,1,001000,1, ,8880,0
00,1023,2,11A225,28,40267,2,1,0,03,-,1,3,2,32,27/08/1991,1,04,3,2,5,01,4,4,3,1,001000,1,1,8880,44712
00,1023,2,11A225,28,40267,2,1,0,01,-,1,1,2,53,12/05/1970,1,02,6,2,4,01,5,5,2,1,001200,1, ,8880,0
00,1023,2,11A225,28,40267,4,1,0,01,-,1,1,1,62,24/08/1961,1,07,1,2,5,10, , , , , ,1, ,8880,0
00,1023,2,11A225,28,40267,1,1,0,03,-,1,3,1,20,26/08/2003,1,04,3,2,6,02,5,5,6,5, ,1,1,8880,26827
00,1023,2,11A225,28,40267,2,1,0,08,-,1,5,1,06,25/03/2017,2,01,3,1, , , , , , , ,1, ,8880,0
00,1023,2,11A225,28,40267,2,1,0,07,-,1,5,2,07,30/03/2016,1,02,1,1, , , , , , , ,1, ,8880,0
00,1023,2,11A225,28,40267,4,1,0,02,-,1,2,2,56,17/09/1967,1,07,2,2,5,01,4,4,3,2,003000,1,1,8880,26827
00,1023,2,11A225,28,40267,2,1,0,06,-,1,5,2,08,07/06/2015,1,02,2,1, , , , , , , ,1, ,8880,0
00,1023,2,11A225,28,40267,4,1,0,03,-,1,3,1,28,14/12/1994,1,04,3,2,6,01,5,5,3,1,000800,1, ,8880,0
00,1023,2,11A225,28,40267,2,1,0,10,-,1,5,2,02,02/12/2020, , , , , , , , , , , ,1, ,8880,0
00,1023,2,11A225,28,40267,2,1,0,09,-,1,5,1,05,19/01/2018,2,01,2,1, , , , , , , ,1, ,8880,0
00,1023,2,11A225,28,40267,2,1,0,02,-,1,5,1,38,27/08/1985,1,03,3,2,5,04, , , , , ,1, ,8880,0
00,1023,2,11A225,28,40267,2,1,0,05,-,1,3,2,18,18/09/2005,1,04,3,1,6,02,5,5,6,5, ,1, ,8880,0
00,1023,2,11A225,28,40267,3,1,0,04,-,1,3,2,30,14/11/1992,1,07,4,2,5,07, , , , , ,1, ,8880,0
00,1023,8,13A217,28,40298,4,1,0,02,-,1,2,1,44,17/06/1979,1,07,5,2,5,01,5,5,3,2,005000,1, ,7324,0
00,1023,8,13A217,28,40298,4,1,0,01,-,1,1,2,39,08/06/1984,1,07,5,2,5,01,1,5,3,2,004000,1,1,7324,14902
00,1023,8,13A217,28,40298,4,1,0,03,-,1,3,1,17,07/02/2006,1,04,1,1,6,06, , , , , ,1, ,7324,0
00,1023,8,13A217,28,40298,2,1,0,04,-,1,3,1,04,01/10/2019, , , , , , , , , , , ,1, ,7324,0
00,1023,8,13A217,28,40298,2,1,0,02,-,1,2,2,40,02/08/1983,1,07,2,2,5,01,3,5,3,2,003500,1,1,7324,14902
00,1023,8,13A217,28,40298,2,1,0,03,-,1,3,2,14,20/12/2008,1,03,2,1,6,06, , , , , ,1, ,7324,0
00,1023,8,13A217,28,40298,2,1,0,01,-,1,1,1,42,11/07/1981,1,03,3,2,5,01,7,2,3,1,002000,1, ,7324,0
00,1023,8,13A217,28,40298,1,1,0,01,-,1,1,2,60,10/05/1963,1,07,5,2,6,01,1,5,3,2,005000,1,1,7324,7451
00,1023,8,13A217,28,40298,4,1,0,04,-,1,3,2,10,13/10/2013,1,02,3,1, , , , , , , ,1, ,7324,0
00,1023,4,12A223,28,40326,4,1,0,02,-,1,2,1,41,15/05/1982,1,07,5,2,5,01,1,2,3,2,004000,1,1,14843,30067
00,1023,4,12A223,28,40326,1,1,0,01,-,1,1,2,59,12/09/1964,1,06,3,2,4,07, , , , , ,1, ,14843,0
00,1023,4,12A223,28,40326,3,1,0,01,-,1,1,2,24,10/09/1999,1,07,3,1,6,06, , , , , ,1,1,14843,30067
00,1023,4,12A223,28,40326,3,1,0,02,-,1,6,1,18,06/10/2005,1,04,2,1,6,06, , , , , ,1, ,14843,0
00,1023,4,12A223,28,40326,4,1,0,01,-,1,1,2,40,26/12/1982,1,08,2,2,5,01,1,5,3,2,004500,1, ,14843,0
00,1023,4,12A223,28,40326,1,1,0,02,-,1,3,2,23,04/03/2000,1,07,5,1,6,06, , , , , ,1,1,14843,30067
00,1023,5,12B212,28,40338,1,1,0,04,-,1,3,1,09,03/10/2014,1,02,2,1, , , , , , , ,1, ,8448,0
00,1023,5,12B212,28,40338,3,1,1,01,-,1,1,2,23,14/02/2000,1,07,5,2,6,01,5,5,2,1,001000,1,1,8448,8557
00,1023,5,12B212,28,40338,1,1,0,01,-,1,1,1,38,13/08/1985,1,08,3,2,5,01,7,5,3,2,999999,1,1,8448,17114
00,1023,5,12B212,28,40338,4,1,0,01,-,1,1,1,43,08/05/1980,1,02,6,2,1,01,7,5,3,1,001700,1, ,8448,0
00,1023,5,12B212,28,40338,2,1,0,01,-,1,1,2,36,14/07/1987,1,07,5,2,6,01,3,5,3,2,012000,1,1,8448,8557
00,1023,5,12B212,28,40338,1,1,0,03,-,1,3,1,10,22/12/2012,1,02,4,1, , , , , , , ,1, ,8448,0
00,1023,5,12B212,28,40338,3,1,1,02,-,1,7,2,16,16/10/2007,1,03,3,1,6,06, , , , , ,1, ,8448,0
00,1023,5,12B212,28,40338,4,1,0,02,-,1,2,2,43,05/12/1979,1,03,3,2,1,01,5,5,3,1,001500,1,1,8448,17114
00,1023,5,12B212,28,40338,4,1,0,03,-,1,3,1,15,27/11/2007,1,03,3,1,6,06, , , , , ,1, ,8448,0
00,1023,5,12B212,28,40338,1,1,0,02,-,1,2,2,34,01/10/1989,1,07,5,2,5,07, , , , , ,1, ,8448,0
00,1023,1,12A226,28,40359,4,1,0,04,-,1,3,1,03,13/07/2020, , , , , , , , , , , ,1, ,11344,0
00,1023,1,12A226,28,40359,4,1,0,03,-,1,3,1,09,19/08/2014,1,02,4,1, , , , , , , ,1, ,11344,0
00,1023,1,12A226,28,40359,2,1,0,01,-,1,1,1,61,08/10/1962,2,03,3,2,6,01,5,5,2,1,002000,1, ,11344,0
00,1023,1,12A226,28,40359,2,1,0,04,-,1,7,2,28,15/04/1995,1,03,3,2,5,01,5,5,3,2,003500,1, ,11344,0
00,1023,1,12A226,28,40359,4,1,0,02,-,1,2,2,36,16/11/1986,1,07,4,2,5,07, , , , , ,1, ,11344,0
00,1023,1,12A226,28,40359,4,1,0,01,-,1,1,1,37,15/05/1986,1,07,4,2,5,01,7,2,3,2,013000,1,1,11344,22979
00,1023,1,12A226,28,40359,2,1,0,02,-,1,2,2,55,07/10/1968,1,04,3,2,5,07, , , , , ,1,1,11344,45959
00,1023,1,12A226,28,40359,2,1,0,03,-,1,6,1,58,10/12/1964,1,04,3,2,6,01,5,5,2,1,002000,1, ,11344,0
00,1023,5,11A217,28,40389,1,1,0,01,-,2, , , , , , , , , , , , , , , ,1, ,0,0
00,1023,5,11A217,28,40389,1,1,0,04,-,2, , , , , , , , , , , , , , , ,1, ,0,0
00,1023,8,11A217,28,40389,1,1,0,03,-,1,3,2,27,06/10/1995,1,07,3,2,2,01,5,5,2,1,000400,1, ,8011,0
00,1023,7,11A217,28,40389,2,1,0,03,-,2, , , , , , , , , , , , , , , ,1, ,0,0
00,1023,7,11A217,28,40389,2,1,0,05,-,2, , , , , , , , , , , , , , , ,1, ,0,0
00,1023,7,11A217,28,40389,2,1,0,06,-,2, , , , , , , , , , , , , , , ,1, ,0,0
00,1023,7,11A217,28,40389,2,1,0,04,-,2, , , , , , , , , , , , , , , ,1, ,0,0
00,1023,8,11A217,28,40389,2,1,0,02,-,1,2,1,53,26/10/1969,1,02,6,2,5,01,5,5,3,1,002500,1,1,8011,16134
00,1023,8,11A217,28,40389,1,1,0,05,-,1,3,1,03,02/05/2020, , , , , , , , , , , ,1, ,8011,0
00,1023,8,11A217,28,40389,1,1,0,02,-,1,2,2,55,13/09/1968,1,02,6,2,5,07, , , , , ,1,1,8011,16134
00,1023,8,11A217,28,40389,2,1,0,01,-,1,1,2,53,25/02/1970,1,02,6,2,5,07, , , , , ,1, ,8011,0
00,1023,3,11A224,29,40057,2,1,0,02,-,1,2,1,57,10/11/1965,1,04,3,2,5,01,7,2,3,1,001800,1,1,8415,50846
00,1023,3,11A224,29,40057,4,1,0,01,-,1,1,1,63,09/03/1960,1,02,6,2,5,01,6,1,3,1,000500,1, ,8415,0
00,1023,3,11A224,29,40057,1,1,0,01,-,1,1,1,41,14/10/1981,1,04,3,2,5,01,1,5,3,2,003000,1,1,8415,16949
00,1023,3,11A224,29,40057,1,1,0,02,-,1,2,2,36,07/12/1986,1,04,3,2,5,07, , , , , ,1, ,8415,0
00,1023,3,11A224,29,40057,1,1,0,05,-,1,3,1,08,18/07/2015,1,02,2,1, , , , , , , ,1, ,8415,0
00,1023,3,11A224,29,40057,2,1,0,03,-,1,3,2,25,05/05/1998,1,07,5,2,6,04, , , , , ,1, ,8415,0
00,1023,3,11A224,29,40057,2,1,0,01,-,1,1,2,49,17/05/1974,1,04,3,2,5,01,6,1,2,1,001200,1, ,8415,0
00,1023,3,11A224,29,40057,3,1,0,02,-,1,3,1,28,17/08/1995,1,07,4,2,6,01,1,2,3,3,010000,1, ,8415,0
00,1023,3,11A224,29,40057,1,1,0,03,-,1,3,1,14,26/12/2008,1,03,3,1,6,06, , , , , ,1, ,8415,0
00,1023,3,11A224,29,40057,2,1,0,04,-,1,3,2,23,15/12/1999,1,07,4,1,6,06, , , , , ,1, ,8415,0
00,1023,3,11A224,29,40057,2,1,0,05,-,1,3,2,20,27/08/2003,1,04,3,1,6,06, , , , , ,1, ,8415,0
00,1023,3,11A224,29,40057,2,1,0,06,-,1,3,2,20,27/08/2003,1,04,3,1,6,06, , , , , ,1, ,8415,0
00,1023,3,11A224,29,40057,3,1,0,01,-,1,1,2,51,15/05/1972,1,04,3,2,4,01,3,5,3,2,002500,1,1,8415,16949
00,1023,3,11A224,29,40057,3,1,0,03,-,1,5,2,13,24/01/2010,1,03,1,1,6,06, , , , , ,1, ,8415,0
00,1023,3,11A224,29,40057,4,1,0,03,-,1,3,2,33,25/07/1990,1,04,3,2,6,01,3,5,3,2,003025,1, ,8415,0
00,1023,3,11A224,29,40057,4,1,0,04,-,1,5,1,03,21/04/2020, , , , , , , , , , , ,1, ,8415,0
00,1023,3,11A224,29,40057,1,1,0,04,-,1,3,2,11,22/02/2012,1,02,5,1, , , , , , , ,1, ,8415,0
00,1023,3,11A224,29,40057,4,1,0,02,-,1,2,2,52,28/03/1971,1,03,2,2,5,07, , , , , ,1,1,8415,25423
00,1023,7,11A218,29,40161,4,1,0,11,-,1,3,1,33,24/12/1989,1,07,4,2,6,01,7,2,3,1,999999,1, ,9220,0
00,1023,7,11A218,29,40161,2,1,0,01,-,1,1,1,28,14/12/1994,1,07,5,2,5,01,1,5,2,1,002500,1, ,9220,0
00,1023,7,11A218,29,40161,4,1,0,03,-,1,3,2,42,30/04/1981,1,04,3,2,6,01,7,2,3,1,001000,1,1,9220,74276
00,1023,7,11A218,29,40161,4,1,0,04,-,1,5,1,23,03/12/1999,1,04,3,2,1,01,7,2,3,1,001000,1, ,9220,0
00,1023,7,11A218,29,40161,4,1,0,05,-,1,5,2,22,13/10/2000,1,00, ,2,1,07, , , , , ,1, ,9220,0
00,1023,7,11A218,29,40161,4,1,0,06,-,1,3,2,41,07/05/1982,1,06,3,2,6,01,5,5,2,1,000050,1, ,9220,0
00,1023,7,11A218,29,40161,4,1,0,08,-,1,5,1,07,08/02/2016,2,01,3,1, , , , , , , ,1, ,9220,0
00,1023,7,11A218,29,40161,4,1,0,07,-,1,5,1,09,12/09/2014,1,02,2,1, , , , , , , ,1, ,9220,0
00,1023,7,11A218,29,40161,4,1,0,10,-,1,5,2,00,10/10/2022, , , , , , , , , , , ,1, ,9220,0
00,1023,7,11A218,29,40161,3,1,0,01,-,1,1,1,44,18/02/1979,1,07,4,2,5,01,1,5,3,2,006000,1,1,9220,27854
00,1023,7,11A218,29,40161,3,1,0,02,-,1,2,2,43,02/03/1980,1,03,3,2,5,07, , , , , ,1, ,9220,0
00,1023,5,11A218,29,40161,3,1,0,03,-,2, , , , , , , , , , , , , , , ,1, ,0,0
00,1023,7,11A218,29,40161,2,1,0,04,-,1,3,2,02,02/07/2021, , , , , , , , , , , ,1, ,9220,0
00,1023,7,11A218,29,40161,4,1,0,01,-,1,1,1,68,28/09/1955,1,02,3,2,5,01,6,1,2,4,999999,1, ,9220,0
00,1023,7,11A218,29,40161,4,1,0,02,-,1,2,2,61,22/04/1962,1,03,3,2,5,07, , , , , ,1, ,9220,0
00,1023,7,11A218,29,40161,4,1,0,09,-,1,3,1,30,18/02/1993,1,04,3,2,6,01,7,2,3,1,001000,1, ,9220,0
00,1023,7,11A218,29,40161,2,1,0,03,-,1,3,1,03,25/05/2020, , , , , , , , , , , ,1, ,9220,0
00,1023,7,11A218,29,40161,3,1,0,04,-,1,3,1,20,27/09/2003,1,07,1,1,6,06, , , , , ,1, ,9220,0
00,1023,7,11A218,29,40161,2,1,0,02,-,1,2,2,30,07/03/1993,1,07,4,2,5,01,4,4,2,1,999999,1,1,9220,18569
00,1023,2,11A225,29,40280,3,1,0,05,-,1,3,1,12,03/02/2011,1,02,6,1,6,06, , , , , ,1, ,7399,0
00,1023,2,11A225,29,40280,4,1,0,03,-,1,3,1,16,09/05/2007,1,03,3,1,6,06, , , , , ,1, ,7399,0
00,1023,2,11A225,29,40280,3,1,0,02,-,1,2,2,44,19/01/1979,1,07,4,2,5,07, , , , , ,1, ,7399,0
00,1023,2,11A225,29,40280,1,1,0,02,-,1,2,2,42,26/04/1981,2,03,3,2,1,02,4,4,6,5, ,1, ,7399,0
00,1023,2,11A225,29,40280,1,1,0,01,-,1,1,1,51,06/05/1972,1,03,3,2,1,01,4,4,2,1,999999,1,1,7399,22352
00,1023,2,11A225,29,40280,3,1,0,03,-,1,3,1,20,23/10/2002,1,07,1,1,6,06, , , , , ,1, ,7399,0
00,1023,2,11A225,29,40280,4,1,0,02,-,1,2,2,46,28/08/1977,1,07,4,2,5,07, , , , , ,1, ,7399,0
00,1023,2,11A225,29,40280,3,1,0,01,-,1,1,1,46,26/08/1977,1,03,3,2,5,01,5,5,2,3,008000,1,1,7399,22352
00,1023,2,11A225,29,40280,4,1,0,01,-,1,1,1,50,22/07/1973,1,07,4,2,5,01,4,4,2,1,001500,1,1,7399,14901
00,1023,2,11A225,29,40280,1,1,0,03,-,1,3,2,20,20/03/2003,1,07,1,1,6,06, , , , , ,1, ,7399,0
00,1023,2,11A225,29,40280,4,1,0,04,-,1,3,2,12,16/07/2011,1,02,6,1,6,06, , , , , ,1, ,7399,0
00,1023,2,11A225,29,40280,4,1,0,05,-,1,3,1,17,24/12/2005,1,04,3,1,6,06, , , , , ,1, ,7399,0
00,1023,2,11A225,29,40280,3,1,0,04,-,1,3,2,14,05/11/2008,1,03,3,1,6,06, , , , , ,1, ,7399,0
00,1023,1,11A226,29,40343,1,1,0,01,-,1,1,2,38,09/03/1985,1,03,2,2,5,07, , , , , ,1, ,9435,0
00,1023,1,11A226,29,40343,3,1,0,03,-,1,3,1,22,20/08/2001,1,04,2,2,6,01,5,5,3,1,002000,1, ,9435,0
00,1023,1,11A226,29,40343,4,1,0,03,-,1,3,2,14,21/07/2009,1,03,2,1,6,06, , , , , ,1, ,9435,0
00,1023,1,11A226,29,40343,3,1,0,05,-,1,5,2,02,12/05/2021, , , , , , , , , , , ,1, ,9435,0
00,1023,1,11A226,29,40343,3,1,0,04,-,1,5,1,27,18/05/1996,1,07,5,2,5,01,3,4,3,2,005500,1, ,9435,0
00,1023,1,11A226,29,40343,3,1,0,02,-,1,3,2,27,25/12/1995,1,07,5,2,5,07, , , , , ,1, ,9435,0
00,1023,1,11A226,29,40343,1,1,0,03,-,1,3,2,11,09/08/2012,1,02,5,1, , , , , , , ,1, ,9435,0
00,1023,1,11A226,29,40343,3,1,0,01,-,1,1,2,53,10/10/1969,1,03,1,2,5,01,5,5,3,1,001600,1,1,9435,38004
00,1023,1,11A226,29,40343,1,1,0,02,-,1,2,1,45,10/09/1978,1,03,3,2,5,01,7,2,3,1,999999,1,1,9435,19002
00,1023,1,11A226,29,40343,1,1,0,04,-,1,3,2,09,20/05/2014,1,02,3,1, , , , , , , ,1, ,9435,0
00,1023,1,11A226,29,40343,4,1,0,02,-,1,2,2,50,12/05/1973,1,04,3,2,5,07, , , , , ,1, ,9435,0
00,1023,1,11A226,29,40343,4,1,0,01,-,1,1,1,53,15/09/1970,1,02,5,2,5,01,6,1,2,4,999999,1,1,9435,19002
00,1023,1,12A226,29,40346,3,1,0,07,-,1,3,1,05,03/08/2018,2,01,1,1, , , , , , , ,1, ,9522,0
00,1023,1,12A226,29,40346,3,1,0,04,-,1,3,1,10,07/07/2013,1,02,4,1, , , , , , , ,1, ,9522,0
00,1023,1,12A226,29,40346,2,1,0,05,-,1,5,1,32,15/06/1991,1,04,3,2,5,01,4,4,5,1,999999,1, ,9522,0
00,1023,1,12A226,29,40346,1,1,0,04,-,1,3,1,10,07/04/2013,1,02,4,1, , , , , , , ,1, ,9522,0
00,1023,1,12A226,29,40346,4,1,0,02,-,1,4,2,90,14/01/1933,1,02,3,2,4,07, , , , , ,1, ,9522,0
00,1023,1,12A226,29,40346,2,1,0,02,-,1,2,2,60,28/02/1963,1,07,4,2,5,08, , , , , ,1, ,9522,0
00,1023,1,12A226,29,40346,3,1,0,05,-,1,3,2,09,20/06/2014,1,02,3,1, , , , , , , ,1, ,9522,0
00,1023,1,12A226,29,40346,3,1,0,01,-,1,1,2,27,28/02/1996,1,03,2,2,5,07, , , , , ,1, ,9522,0
00,1023,1,12A226,29,40346,2,1,0,03,-,1,3,2,27,06/10/1995,1,07,5,1,6,01,1,5,2,1,999999,1, ,9522,0
00,1023,1,12A226,29,40346,2,1,0,04,-,1,3,2,30,22/10/1992,1,07,5,2,5,07, , , , , ,1,1,9522,48220
00,1023,1,12A226,29,40346,2,1,0,01,-,1,1,1,58,07/10/1964,1,04,3,2,5,01,6,1,2,4,999999,1, ,9522,0
00,1023,1,12A226,29,40346,3,1,0,02,-,1,2,1,28,28/11/1994,1,03,2,2,5,01,7,3,3,1,001500,1,1,9522,28932
00,1023,1,12A226,29,40346,4,1,0,01,-,1,1,1,65,03/12/1957,1,04,3,2,2,08, , , , , ,1,1,9522,19288
00,1023,1,12A226,29,40346,3,1,0,03,-,1,4,1,86,14/02/1937,2,00, ,2,4,07, , , , , ,1, ,9522,0
00,1023,1,12A226,29,40346,1,1,0,01,-,1,1,1,39,06/09/1984,1,07,4,2,5,01,1,3,2,1,999999,1, ,9522,0
00,1023,1,12A226,29,40346,3,1,0,06,-,1,3,1,06,10/02/2017,2,01,3,1, , , , , , , ,1, ,9522,0
00,1023,1,12A226,29,40346,1,1,0,02,-,1,2,2,36,28/05/1987,1,07,4,2,5,01,1,5,3,2,999999,1, ,9522,0
00,1023,1,12A226,29,40346,2,1,0,06,-,1,5,1,02,03/04/2021, , , , , , , , , , , ,1, ,9522,0
00,1023,1,12A226,29,40346,1,1,0,03,-,1,4,2,65,17/09/1958,1,06,3,2,4,07, , , , , ,1,1,9522,28932
00,1023,1,12A226,29,40346,1,1,0,05,-,1,3,1,06,22/03/2017,1,02,1,1, , , , , , , ,1, ,9522,0
00,1023,5,11B212,29,40350,1,1,0,07,-,1,3,2,15,05/10/2007,1,03,3,2,6,07, , , , , ,1, ,10577,0
00,1023,5,11B212,29,40350,4,1,0,03,-,1,3,2,23,20/03/2000,1,04,3,2,6,07, , , , , ,1,1,10577,21303
00,1023,2,11B212,29,40350,1,1,0,10,-,2, , , , , , , , , , , , , , , ,1, ,0,0
00,1023,5,11B212,29,40350,1,1,0,02,-,1,2,2,53,28/04/1970,1,03,3,2,1,07, , , , , ,1,1,10577,42606
00,1023,5,11B212,29,40350,4,1,0,01,-,1,1,1,53,20/11/1969,1,04,3,2,1,01,3,5,3,2,005000,1, ,10577,0
14,1023,5,11B212,29,40350,2,1,0,02,-,1,3,1,25,12/03/1998,1,06,3,2,6,01,7,2,3,1,001200,1, ,10577,0
00,1023,5,11B212,29,40350,1,1,0,11,-,3,5,1,00,19/02/2023, , , , , , , , , , , ,1, ,10577,0
00,1023,5,11B212,29,40350,1,1,0,09,-,1,5,2,01,26/03/2022, , , , , , , , , , , ,1, ,10577,0
00,1023,5,11B212,29,40350,1,1,0,05,-,1,5,2,16,23/04/2007,1,03,2,2,1,07, , , , , ,1, ,10577,0
00,1023,5,11B212,29,40350,4,1,0,02,-,2, , , , , , , , , , , , , , , ,1, ,0,0
00,1023,5,11B212,29,40350,4,1,0,04,-,1,3,2,13,17/06/2010,1,03,1,1,6,06, , , , , ,1, ,10577,0
00,1023,5,11B212,29,40350,3,1,0,02,-,1,2,2,25,11/08/1998,1,04,3,2,1,01,3,4,3,1,001400,1, ,10577,0
00,1023,5,11B212,29,40350,1,1,0,04,-,1,3,1,18,22/03/2005,1,02,6,2,1,02,6,1,6,5, ,1, ,10577,0
00,1023,5,11B212,29,40350,1,1,0,03,-,1,3,2,32,30/01/1991,1,04,3,2,6,01,7,2,3,1,999999,1, ,10577,0
00,1023,5,11B212,29,40350,1,1,0,01,-,1,1,1,57,13/08/1966,1,02,6,2,1,01,6,1,2,4,999999,1, ,10577,0
00,1023,5,11B212,29,40350,3,1,0,01,-,1,1,1,30,03/08/1993,1,07,4,2,1,01,1,2,3,2,006000,1,1,10577,21303
00,1023,5,11B212,29,40350,1,1,0,08,-,1,5,1,07,23/11/2015,1,02,1,1, , , , , , , ,1, ,10577,0
00,1023,5,11B212,29,40350,1,1,0,06,-,1,3,2,15,05/10/2007,1,03,3,2,6,07, , , , , ,1, ,10577,0
14,1023,5,11B212,29,40350,2,1,0,01,-,1,1,2,51,29/09/1972,1,03,3,2,4,01,7,2,3,1,001000,1, ,10577,0
00,1023,4,11A223,29,40369,4,1,0,01,-,1,1,1,30,28/02/1993,1,07,5,2,5,01,7,2,3,2,004000,1, ,7499,0
00,1023,4,11A223,29,40369,2,1,0,03,-,1,3,2,11,24/03/2012,1,02,4,1, , , , , , , ,1, ,7499,0
00,1023,4,11A223,29,40369,2,1,0,01,-,1,1,1,40,07/09/1983,1,03,3,2,1,01,7,2,3,1,001500,1,1,7499,15104
00,1023,4,11A223,29,40369,1,1,0,02,-,1,2,2,34,15/02/1989,1,07,4,2,1,01,3,5,3,1,005000,1, ,7499,0
00,1023,4,11A223,29,40369,3,1,0,03,-,1,3,1,42,28/05/1981,1,07,5,2,6,01,5,4,2,1,999999,1,1,7499,37760
00,1023,4,11A223,29,40369,3,1,0,05,-,1,3,2,37,30/09/1986,1,04,3,2,6,07, , , , , ,1, ,7499,0
00,1023,4,11A223,29,40369,1,1,0,01,-,1,1,1,36,16/04/1987,1,07,3,2,1,01,5,5,3,2,005000,1,1,7499,15104
00,1023,4,11A223,29,40369,3,1,0,04,-,1,3,1,41,01/09/1982,1,07,5,2,6,01,1,5,3,1,999999,1, ,7499,0
00,1023,4,11A223,29,40369,1,1,0,03,-,1,3,1,01,16/07/2022, , , , , , , , , , , ,1, ,7499,0
00,1023,4,11A223,29,40369,3,1,0,01,-,1,1,1,71,17/09/1952,2,03,3,2,5,01,4,4,2,1,999999,1, ,7499,0
00,1023,4,11A223,29,40369,3,1,0,02,-,1,2,2,70,18/12/1952,1,03,3,2,5,07, , , , , ,1, ,7499,0
00,1023,4,11A223,29,40369,4,1,0,03,-,1,3,1,02,25/06/2021, , , , , , , , , , , ,1, ,7499,0
00,1023,4,11A223,29,40369,2,1,0,04,-,1,3,1,08,23/11/2014,1,02,2,1, , , , , , , ,1, ,7499,0
00,1023,4,11A223,29,40369,2,1,0,02,-,1,2,2,42,30/10/1980,1,03,3,2,1,07, , , , , ,1, ,7499,0
00,1023,4,11A223,29,40369,4,1,0,02,-,1,2,2,26,02/05/1997,1,06,3,2,5,07, , , , , ,1,1,7499,15104
00,1023,4,11A223,29,40374,2,1,0,03,-,1,3,1,16,17/06/2007,1,04,1,1,6,06, , , , , ,1, ,8408,0
00,1023,4,11A223,29,40374,3,1,0,03,-,1,3,2,30,30/07/1993,1,07,5,1,6,01,1,5,3,2,999999,1,1,8408,25401
00,1023,4,11A223,29,40374,1,1,0,01,-,1,1,2,50,31/12/1972,1,07,5,2,6,01,1,5,3,2,999999,1,1,8408,8467
00,1023,4,11A223,29,40374,2,1,0,01,-,1,1,1,48,23/04/1975,1,02,6,2,5,01,6,1,3,1,000200,1, ,8408,0
00,1023,4,11A223,29,40374,2,1,0,04,-,1,3,2,21,01/11/2001,1,07,2,1,6,06, , , , , ,1,1,8408,25401
00,1023,4,11A223,29,40374,3,1,0,02,-,1,3,2,30,30/07/1993,1,07,3,1,6,01,1,5,3,2,003500,1, ,8408,0
00,1023,4,11A223,29,40374,3,1,0,04,-,1,5,1,11,20/09/2012,1,02,5,1, , , , , , , ,1, ,8408,0
00,1023,4,11A223,29,40374,4,1,0,01,-,1,1,2,48,21/10/1974,1,03,3,2,6,01,5,5,3,1,000800,1,1,8408,8467
00,1023,4,11A223,29,40374,3,1,0,01,-,1,1,2,61,07/05/1962,1,07,4,2,6,08, , , , , ,1, ,8408,0
00,1023,4,11A223,29,40374,2,1,0,02,-,1,2,2,57,16/07/1966,1,03,3,2,5,07, , , , , ,1, ,8408,0
00,1023,6,12B211,29,40408,2,1,0,02,-,1,2,2,67,29/07/1956,1,06,4,2,5,07, , , , , ,1, ,8294,0
00,1023,6,12B211,29,40408,1,1,0,02,-,1,3,2,36,01/10/1987,1,06,3,2,2,01,4,4,2,1,000800,1,1,8294,16800
00,1023,6,12B211,29,40408,1,1,0,01,-,1,1,2,81,16/12/1941,1,02,6,2,2,07, , , , , ,1, ,8294,0
00,1023,6,12B211,29,40408,4,1,0,02,-,1,3,1,47,26/03/1976,1,02,1,2,6,07, , , , , ,1,1,8294,16800
00,1023,6,12B211,29,40408,3,1,0,02,-,1,3,2,46,08/01/1977,1,04,3,2,2,01,4,4,2,1,001000,1,1,8294,33600
00,1023,6,12B211,29,40408,3,1,0,06,-,1,5,2,19,09/02/2004,1,04,3,1,6,01,4,4,3,1,000500,1, ,8294,0
00,1023,6,12B211,29,40408,3,1,0,01,-,1,1,2,74,01/08/1949,1,02,6,2,4,07, , , , , ,1, ,8294,0
00,1023,6,12B211,29,40408,3,1,0,04,-,1,5,1,09,19/05/2014,1,02,2,1, , , , , , , ,1, ,8294,0
00,1023,6,12B211,29,40408,1,1,0,05,-,1,5,2,04,15/06/2019, , , , , , , , , , , ,1, ,8294,0
00,1023,6,12B211,29,40408,3,1,0,05,-,1,3,2,43,05/07/1980,1,04,3,2,2,01,4,4,3,1,001200,1, ,8294,0
00,1023,6,12B211,29,40408,4,1,0,01,-,1,1,2,61,15/05/1962,1,02,6,2,4,07, , , , , ,1, ,8294,0
00,1023,6,12B211,29,40408,2,1,0,01,-,1,1,1,69,09/09/1954,1,09,4,2,5,08, , , , , ,1,1,8294,16800
00,1023,6,12B211,29,40408,1,1,0,03,-,1,5,1,08,05/09/2015,1,01,3,1, , , , , , , ,1, ,8294,0
00,1023,6,12B211,29,40408,1,1,0,04,-,1,5,2,06,14/08/2017,2,01,2,1, , , , , , , ,1, ,8294,0
00,1023,6,12B211,29,40408,3,1,0,03,-,1,5,2,13,10/03/2010,1,02,6,1,6,06, , , , , ,1, ,8294,0
00,1023,8,11A217,29,40412,1,1,0,04,-,1,5,2,19,23/06/2004,1,04,3,1,6,06, , , , , ,1,1,8077,32537
00,1023,8,11A217,29,40412,4,1,0,01,-,1,1,2,35,07/08/1988,1,04,3,2,1,07, , , , , ,1,1,8077,8134
00,1023,5,11A217,29,40412,3,1,0,02,-,2, , , , , , , , , , , , , , , ,1, ,0,0
00,1023,8,11A217,29,40412,3,1,0,01,-,1,1,1,64,02/11/1958,1,03,3,2,5,01,7,2,2,1,000300,1,1,8077,8134
00,1023,8,11A217,29,40412,1,1,0,02,-,1,2,2,64,04/02/1959,1,06,3,2,5,08, , , , , ,1, ,8077,0
00,1023,8,11A217,29,40412,1,1,0,03,-,1,3,2,36,11/08/1987,1,08,1,2,6,01,1,5,3,2,999999,1, ,8077,0
00,1023,8,11A217,29,40412,1,1,0,01,-,1,1,1,65,11/05/1958,1,06,3,2,5,08, , , , , ,1, ,8077,0
00,1023,8,11A217,29,40412,1,1,0,05,-,1,5,2,04,16/03/2019, , , , , , , , , , , ,1, ,8077,0
00,1023,4,11A223,30,40019,4,1,0,03,-,1,3,2,18,31/10/2004,1,04,3,1,6,01,5,5,3,1,000300,1, ,7081,0
00,1023,4,11A223,30,40019,3,1,0,01,-,1,1,1,50,22/06/1973,1,04,3,2,5,01,7,2,3,1,999999,1, ,7081,0
00,1023,4,11A223,30,40019,1,1,0,01,-,1,1,1,51,01/06/1972,1,04,3,2,5,01,7,2,3,2,007000,1,1,7081,7131
00,1023,4,11A223,30,40019,2,1,0,02,-,1,3,1,30,13/04/1993,1,02,6,2,6,01,5,5,3,1,999999,1, ,7081,0
00,1023,4,11A223,30,40019,4,1,0,01,-,1,1,1,45,13/08/1978,1,04,3,2,1,01,5,5,3,1,002000,1, ,7081,0
00,1023,4,11A223,30,40019,4,1,0,02,-,1,2,2,42,04/02/1981,1,03,3,2,1,01,5,5,3,1,001200,1,1,7081,21392
00,1023,4,11A223,30,40019,2,1,0,01,-,1,1,2,64,04/03/1959,1,02,6,2,2,07, , , , , ,1,1,7081,14261
00,1023,4,11A223,30,40019,3,1,0,03,-,1,3,1,20,16/03/2003,1,07,1,2,6,04, , , , , ,1, ,7081,0
00,1023,4,11A223,30,40019,1,1,0,02,-,2, , , , , , , , , , , , , , , ,1, ,0,0
00,1023,4,11A223,30,40019,3,1,0,02,-,1,2,2,43,30/10/1979,1,04,3,2,5,07, , , , , ,1,1,7081,21392
00,1023,7,11A218,30,41027,4,1,0,01,-,1,1,1,53,28/06/1970,1,02,3,2,5,01,1,2,3,2,999999,1, ,6488,0
00,1023,7,11A218,30,41027,4,1,0,02,-,1,2,2,51,30/01/1972,1,03,3,2,5,07, , , , , ,1, ,6488,0
00,1023,7,11A218,30,41027,1,1,0,03,-,1,3,2,09,12/12/2013,1,02,3,1, , , , , , , ,1, ,6488,0
00,1023,7,11A218,30,41027,4,1,0,03,-,1,3,2,31,25/11/1991,1,04,3,2,6,01,4,4,3,2,999999,1,1,6488,26134
00,1023,7,11A218,30,41027,3,1,0,01,-,1,1,2,78,26/10/1944,1,03,3,2,6,08, , , , , ,1,1,6488,6534
00,1023,7,11A218,30,41027,4,1,0,04,-,1,3,1,28,21/06/1995,1,03,3,1,6,01,4,4,3,1,999999,1, ,6488,0
00,1023,7,11A218,30,41027,2,1,0,01,-,1,1,2,34,07/08/1989,1,07,4,2,1,03,1,5,2,1,001000,1,1,6488,26134
00,1023,7,11A218,30,41027,1,1,0,01,-,1,1,1,31,18/11/1991,1,04,3,2,5,01,1,4,3,1,999999,1, ,6488,0
00,1023,7,11A218,30,41027,2,1,0,03,-,1,8,2,24,20/11/1998,1,07,2,2,6,01,1,3,3,3,003000,1, ,6488,0
00,1023,7,11A218,30,41027,4,1,0,05,-,1,5,2,12,07/09/2011,1,02,5,1,6,06, , , , , ,1, ,6488,0
00,1023,7,11A218,30,41027,4,1,0,06,-,1,5,1,09,15/05/2014,1,02,2,1, , , , , , , ,1, ,6488,0
00,1023,7,11A218,30,41027,1,1,0,02,-,1,2,2,30,29/08/1993,1,04,3,2,5,07, , , , , ,1,1,6488,13067
00,1023,7,11A218,30,41027,2,1,0,04,-,1,4,2,66,11/10/1957,1,03,3,2,2,07, , , , , ,1, ,6488,0
00,1023,7,11A218,30,41027,2,1,0,02,-,1,2,2,31,10/09/1992,1,07,4,2,1,01,1,5,3,1,001600,1, ,6488,0
00,1023,3,13A224,30,41088,2,1,0,02,-,1,3,2,57,23/03/1966,1,07,4,2,6,01,5,5,2,1,999999,1,1,7547,15355
00,1023,3,13A224,30,41088,2,1,0,01,-,1,1,2,91,19/09/1932,1,03,3,2,4,08, , , , , ,1, ,7547,0
00,1023,7,11A218,30,41098,1,1,0,04,-,1,3,2,06,04/08/2017,2,01,2,1, , , , , , , ,1, ,8011,0
00,1023,7,11A218,30,41098,3,1,1,02,-,1,3,1,07,15/10/2015,1,02,1,1, , , , , , , ,1, ,8011,0
00,1023,7,11A218,30,41098,1,1,0,05,-,1,7,2,12,13/04/2011,1,02,5,1,6,06, , , , , ,1, ,8011,0
00,1023,7,11A218,30,41098,2,1,0,01,-,1,1,1,51,04/09/1972,1,03,3,2,2,01,5,6,3,1,001900,1,1,8011,8067
00,1023,7,11A218,30,41098,4,1,0,01,-,1,1,1,63,13/06/1960,1,03,3,2,6,07, , , , , ,1,1,8011,8067
00,1023,7,11A218,30,41098,3,1,1,01,-,1,1,2,25,06/02/1998,1,03,3,2,6,01,4,4,3,1,999999,1,1,8011,8067
00,1023,7,11A218,30,41098,1,1,0,01,-,1,1,2,32,31/03/1991,1,04,3,2,1,07, , , , , ,1,1,8011,16134
00,1023,7,11A218,30,41098,1,1,0,03,-,1,3,2,13,05/09/2010,1,02,6,1,6,06, , , , , ,1, ,8011,0
00,1023,7,11A218,30,41098,1,1,0,02,-,1,2,1,32,30/05/1991,1,04,3,2,1,01,7,5,3,1,002000,1, ,8011,0
14,1023,3,11A224,30,41123,2,1,0,01,-,1,1,1,58,03/02/1965,1,07,4,2,1,01,1,2,3,2,999999,1,1,9896,0
00,1023,3,11A224,30,41123,4,1,0,01,-,1,1,1,64,02/08/1959,1,03,2,2,1,01,5,5,3,1,999999,1,1,9896,31888
00,1023,3,11A224,30,41123,3,1,0,01,-,1,1,2,43,10/06/1980,1,07,5,2,3,01,4,4,3,1,999999,1,1,9896,15944
00,1023,3,11A224,30,41123,1,1,0,02,-,1,3,2,21,14/01/2002,1,04,3,1,6,09, , , , , ,1, ,9896,0
00,1023,3,11A224,30,41123,1,1,0,01,-,1,1,2,52,16/05/1971,1,04,3,2,2,01,1,5,3,2,999999,1,1,9896,31888
14,1023,3,11A224,30,41123,2,1,0,03,-,1,8,2,23,20/01/2000,1,07,4,1,6,06, , , , , ,1, ,9896,0
00,1023,3,11A224,30,41123,3,1,0,02,-,1,3,1,16,22/05/2007,1,04,1,1,6,06, , , , , ,1, ,9896,0
14,1023,3,11A224,30,41123,2,1,0,02,-,1,2,2,51,26/07/1972,1,07,3,2,1,07, , , , , ,1, ,9896,0
00,1023,3,11A224,30,41123,4,1,0,02,-,1,2,2,48,25/10/1974,1,03,3,2,1,07, , , , , ,1, ,9896,0
00,1023,2,11A225,30,41186,1,1,0,01,-,1,1,1,48,14/07/1975,1,07,5,2,6,01,1,4,3,2,999999,1,1,7251,7301
00,1023,2,11A225,30,41186,3,1,0,01,-,1,1,2,25,05/03/1998,1,04,1,2,6,01,5,5,2,1,002300,1,1,7251,7301
00,1023,2,11A225,30,41186,2,1,0,03,-,1,3,1,18,26/10/2004,1,03,3,2,6,01,7,5,3,1,001500,1,1,7251,21904
00,1023,2,11A225,30,41186,2,1,0,02,-,1,2,2,45,07/10/1978,1,03,3,2,1,03,4,4,2,1,000500,1, ,7251,0
00,1023,2,11A225,30,41186,4,1,0,01,-,1,1,2,83,30/11/1939,1,02,1,2,2,07, , , , , ,1,1,7251,7301
00,1023,2,11A225,30,41186,2,1,0,01,-,1,1,1,50,24/06/1973,2,00, ,2,1,03,4,4,2,1,000500,1, ,7251,0
00,1023,2,11A225,30,41186,3,1,0,02,-,1,3,2,09,04/10/2014,1,02,1,1, , , , , , , ,1, ,7251,0
00,1023,2,11A225,30,41186,3,1,0,03,-,1,3,1,06,13/06/2017,2,00, ,1, , , , , , , ,1, ,7251,0
00,1023,6,12B211,30,41190,2,1,0,02,-,1,6,2,83,19/03/1940,1,02,6,2,4,08, , , , , ,1,1,6106,22262
00,1023,6,12B211,30,41190,3,1,0,01,-,1,1,2,21,23/07/2002,1,03,2,2,1,07, , , , , ,1, ,6106,0
00,1023,6,12B211,30,41190,3,1,0,03,-,1,3,1,02,23/08/2021, , , , , , , , , , , ,1, ,6106,0
14,1023,6,12B211,30,41190,4,1,0,04,-,1,3,2,28,23/03/1995,1,07,4,2,6,01,1,2,3,2,999999,1, ,6106,0
00,1023,6,12B211,30,41190,2,1,0,01,-,1,1,2,95,06/07/1928,1,02,3,2,4,08, , , , , ,1, ,6106,0
00,1023,6,12B211,30,41190,1,1,0,01,-,1,1,2,48,09/02/1975,1,06,3,2,6,01,4,4,3,2,003000,1,1,6106,11131
14,1023,6,12B211,30,41190,4,1,0,03,-,1,3,2,31,16/04/1992,1,04,3,2,6,01,3,5,3,2,999999,1, ,6106,0
14,1023,6,12B211,30,41190,4,1,0,02,-,1,2,2,45,14/06/1978,1,03,2,2,5,01,4,4,2,1,999999,1, ,6106,0
14,1023,6,12B211,30,41190,4,1,0,01,-,1,1,1,46,12/07/1977,1,02,4,2,5,01,4,4,2,1,999999,1,1,6106,0
00,1023,6,12B211,30,41190,3,1,0,02,-,1,2,1,30,25/04/1993,1,04,3,2,1,01,5,5,2,1,999999,1,1,6106,22262
00,1023,2,12A225,30,41249,4,1,0,01,-,1,1,1,60,12/09/1963,1,04,3,2,1,01,4,4,2,1,999999,1, ,8146,0
00,1023,2,12A225,30,41249,4,1,0,05,-,3,5,1,00,15/05/2023, , , , , , , , , , , ,1, ,8146,0
00,1023,2,12A225,30,41249,3,1,0,01,-,1,1,2,56,17/08/1967,1,04,3,2,2,01,1,5,3,2,999999,1, ,8146,0
00,1023,2,12A225,30,41249,4,1,0,04,-,1,3,2,22,01/08/2001,1,04,3,1,6,06, , , , , ,1, ,8146,0
00,1023,2,12A225,30,41249,2,1,0,01,-,1,1,2,59,08/03/1964,1,03,3,2,2,01,3,4,3,2,999999,1,1,8146,8251
00,1023,2,12A225,30,41249,4,1,0,02,-,1,2,2,48,14/01/1975,1,04,2,2,1,01,5,5,2,1,000500,1,1,8146,24753
00,1023,2,12A225,30,41249,4,1,0,03,-,2, , , , , , , , , , , , , , , ,1, ,0,0
00,1023,2,12A225,30,41249,3,1,0,02,-,1,4,1,78,15/07/1945,1,02,6,2,4,08, , , , , ,1,1,8146,16502
00,1023,6,11B211,30,41288,1,1,0,01,-,1,1,1,83,19/03/1940,1,02,6,2,6,01,4,4,2,1,000150,1,1,5231,5268
00,1023,6,11B211,30,41288,4,1,0,02,-,1,2,2,50,20/12/1972,1,07,4,2,5,01,1,5,3,2,999999,1, ,5231,0
00,1023,6,11B211,30,41288,4,1,0,01,-,1,1,1,52,25/02/1971,1,07,4,2,5,01,3,5,3,2,014000,1,1,5231,15805
00,1023,6,11B211,30,41288,4,1,0,04,-,1,3,1,09,04/07/2014,1,02,2,1, , , , , , , ,1, ,5231,0
00,1023,6,11B211,30,41288,4,1,0,03,-,1,4,2,72,22/08/1951,1,04,3,2,4,07, , , , , ,1, ,5231,0
00,1023,6,11B211,30,41288,2,1,0,01,-,1,1,1,73,25/04/1950,1,04,2,2,2,01,5,5,2,1,000300,1,1,5231,5268
00,1023,6,11B211,30,41288,3,1,0,05,-,1,5,1,08,14/08/2015,2,01,3,1, , , , , , , ,1, ,5231,0
00,1023,6,11B211,30,41288,3,1,0,02,-,1,3,2,31,24/06/1992,1,02,6,2,1,01,5,5,3,1,001900,1, ,5231,0
00,1023,6,11B211,30,41288,3,1,0,01,-,1,1,2,46,07/09/1977,1,02,6,2,3,01,5,5,3,1,999999,1, ,5231,0
00,1023,6,11B211,30,41288,3,1,0,04,-,1,5,1,15,17/09/2008,1,02,6,1,6,06, , , , , ,1, ,5231,0
00,1023,6,11B211,30,41288,3,1,0,03,-,1,5,1,33,27/12/1989,1,07,2,2,1,01,5,5,5,1,999999,1,1,5231,15805
00,1023,1,12A226,30,41312,1,1,0,06,-,1,5,2,12,24/09/2011,1,03,1,1,6,06, , , , , ,1, ,6430,0
00,1023,1,12A226,30,41312,1,1,0,05,-,1,5,2,20,28/12/2002,1,07,3,1,6,06, , , , , ,1, ,6430,0
00,1023,1,12A226,30,41312,2,1,0,01,-,1,1,1,30,01/12/1992,1,07,4,2,5,01,1,5,3,2,999999,1,1,6430,13026
00,1023,1,12A226,30,41312,1,1,0,04,-,1,7,2,40,06/10/1983,1,04,3,2,5,02,3,4,6,5, ,1, ,6430,0
00,1023,1,12A226,30,41312,1,1,0,01,-,1,1,1,79,12/01/1944,1,07,4,2,5,08, , , , , ,1,1,6430,32565
00,1023,1,12A226,30,41312,1,1,0,02,-,1,2,2,70,15/08/1953,1,07,6,2,5,01,1,5,2,3,999999,1, ,6430,0
00,1023,1,12A226,30,41312,2,1,0,02,-,1,2,2,21,02/03/2002,1,07,3,2,5,01,5,4,2,1,999999,1, ,6430,0
00,1023,1,12A226,30,41312,1,1,0,03,-,1,3,1,53,30/10/1969,1,07,4,2,5,01,4,4,1,3,999999,1, ,6430,0
00,1023,1,12A226,30,41312,3,1,0,01,-,1,1,1,54,16/06/1969,1,07,5,2,5,01,1,5,3,2,999999,1,1,6430,13026
00,1023,1,12A226,30,41312,3,1,0,02,-,1,2,2,49,12/12/1973,1,07,4,2,5,07, , , , , ,1, ,6430,0
00,1023,5,11B212,30,41320,4,1,0,01,-,1,1,2,75,29/06/1948,2,02,1,2,4,07, , , , , ,1,1,7195,14491
00,1023,5,11B212,30,41320,2,1,0,01,-,1,1,1,89,26/04/1934,1,02,6,2,5,08, , , , , ,1,1,7195,28981
00,1023,5,11B212,30,41320,2,1,0,02,-,1,2,2,71,03/06/1952,1,02,6,2,5,07, , , , , ,1, ,7195,0
00,1023,5,11B212,30,41320,4,1,0,02,-,1,3,1,45,14/12/1977,1,03,3,2,6,01,5,4,3,1,999999,1, ,7195,0
00,1023,5,11B212,30,41320,3,1,0,03,-,1,8,2,16,06/07/2007,1,03,3,1,6,06, , , , , ,1, ,7195,0
00,1023,5,11B212,30,41320,2,1,0,05,-,1,5,2,17,05/10/2005,1,04,2,1,6,06, , , , , ,1, ,7195,0
00,1023,5,11B212,30,41320,2,1,0,03,-,1,5,2,52,04/10/1971,1,04,3,2,2,01,4,4,3,2,999999,1, ,7195,0
00,1023,5,11B212,30,41320,1,1,0,01,-,1,1,2,79,06/07/1944,1,02,6,2,4,07, , , , , ,1,1,7195,14491
00,1023,5,11B212,30,41320,2,1,0,04,-,1,5,1,23,18/12/1999,1,04,3,2,6,01,3,5,3,2,999999,1, ,7195,0
00,1023,5,11B212,30,41320,3,1,0,01,-,1,1,1,59,04/10/1964,1,04,2,2,1,01,5,5,2,1,001500,1,1,7195,14491
00,1023,5,11B212,30,41320,3,1,0,02,-,1,2,2,50,28/08/1973,1,03,3,2,1,01,5,5,2,1,001500,1, ,7195,0
00,1023,5,11B212,30,41320,1,1,0,02,-,1,7,2,53,20/12/1969,1,07,4,2,6,01,3,5,3,2,999999,1, ,7195,0
00,1023,4,12A223,30,41369,1,1,0,01,-,1,1,2,65,18/03/1958,1,07,4,2,4,07, , , , , ,1,1,5627,5699
00,1023,4,12A223,30,41369,3,1,0,01,-,1,1,2,46,05/10/1976,1,03,3,2,2,01,3,5,3,2,004500,1,1,5627,17097
00,1023,4,12A223,30,41369,3,1,0,02,-,1,3,2,24,25/08/1999,1,07,4,2,6,01,4,4,3,1,999999,1, ,5627,0
00,1023,4,12A223,30,41369,3,1,0,03,-,1,7,1,22,06/09/2001,1,07,2,1,6,06, , , , , ,1, ,5627,0
00,1023,4,12A223,30,41369,4,1,0,01,-,1,1,2,51,09/05/1972,1,07,4,2,6,01,1,5,3,2,999999,1,1,5627,5699
00,1023,8,13A217,30,41378,2,1,0,01,-,1,1,2,66,25/07/1957,1,07,4,2,2,08, , , , , ,1,1,7275,7401
00,1023,8,13A217,30,41378,1,1,0,02,-,1,4,2,76,19/09/1947,1,04,3,2,2,07, , , , , ,1, ,7275,0
00,1023,8,13A217,30,41378,1,1,0,04,-,1,3,1,10,25/11/2012,1,02,4,1, , , , , , , ,1, ,7275,0
00,1023,8,13A217,30,41378,1,1,0,03,-,1,2,2,30,14/08/1993,1,07,1,2,1,01,4,5,3,1,999999,1, ,7275,0
00,1023,8,13A217,30,41378,1,1,0,01,-,1,1,1,47,08/05/1976,1,07,5,2,1,01,4,4,2,1,999999,1,1,7275,22202
00,1023,8,11A217,30,41408,2,1,0,01,-,1,1,1,43,16/04/1980,1,04,3,2,2,01,4,4,2,1,999999,1,1,6152,6195
00,1023,8,11A217,30,41408,3,1,0,01,-,1,1,2,36,21/10/1986,1,04,3,2,6,01,5,5,3,2,999999,1,1,6152,6195
00,1023,8,11A217,30,41408,4,1,0,01,-,1,1,2,34,03/12/1988,1,07,4,2,6,01,3,5,3,2,999999,1,1,6152,6195
00,1023,5,12B212,30,41415,4,1,0,03,-,1,3,1,28,15/12/1994,1,07,4,1,6,01,3,5,3,2,999999,1, ,6604,0
00,1023,5,12B212,30,41415,2,1,1,01,-,1,1,1,46,11/09/1977,1,07,7,2,5,01,1,5,3,2,999999,1, ,6604,0
00,1023,5,12B212,30,41415,4,1,0,02,-,1,3,2,32,16/09/1991,1,07,4,2,1,01,3,5,3,2,999999,1,1,6604,20066
00,1023,5,12B212,30,41415,4,1,0,01,-,1,1,1,64,03/07/1959,1,04,3,2,2,01,4,4,2,1,005000,1, ,6604,0
00,1023,5,12B212,30,41415,4,1,0,04,-,1,5,1,04,09/07/2019, , , , , , , , , , , ,1, ,6604,0
00,1023,5,12B212,30,41415,3,1,0,03,-,1,5,2,26,21/10/1996,1,07,1,2,6,01,5,5,3,2,999999,1, ,6604,0
00,1023,5,12B212,30,41415,3,1,0,02,-,1,5,1,30,15/05/1993,1,04,3,2,6,01,7,5,3,2,999999,1, ,6604,0
00,1023,5,12B212,30,41415,2,1,1,02,-,1,2,2,48,28/09/1975,1,07,7,2,5,01,1,5,3,2,999999,1,1,6604,20066
00,1023,5,12B212,30,41415,1,1,0,02,-,1,3,2,60,04/04/1963,1,07,6,2,6,01,1,5,3,2,010000,1,1,6604,13377
00,1023,5,12B212,30,41415,1,1,0,01,-,1,1,2,94,24/04/1929,1,07,4,2,4,08, , , , , ,1, ,6604,0
00,1023,5,12B212,30,41415,3,1,0,01,-,1,1,2,74,18/09/1949,1,02,1,2,4,07, , , , , ,1,1,6604,20066
00,1023,5,12B212,30,41415,2,1,1,03,-,1,3,2,19,05/04/2004,1,07,1,1,6,06, , , , , ,1, ,6604,0
00,1023,3,12A224,31,40022,4,1,0,02,-,1,2,1,56,01/02/1967,1,07,5,2,5,01,5,5,3,2,999999,1,1,7866,15934
00,1023,3,12A224,31,40022,4,1,0,03,-,1,3,1,17,12/12/2005,1,04,3,1,6,06, , , , , ,1, ,7866,0
00,1023,3,12A224,31,40022,2,1,0,01,-,1,1,1,52,26/06/1971,1,03,3,2,5,01,4,4,5,1,999999,1, ,7866,0
00,1023,3,12A224,31,40022,1,1,0,02,-,1,6,2,38,04/07/1985,1,04,3,2,6,01,4,4,3,1,999999,1, ,7866,0
00,1023,3,12A224,31,40022,3,1,0,01,-,1,1,2,31,22/05/1992,1,04,3,2,6,01,3,5,3,2,006000,1,1,7866,7967
00,1023,3,12A224,31,40022,2,1,0,02,-,1,2,2,49,19/01/1974,1,02,3,2,5,07, , , , , ,1,1,7866,39836
00,1023,3,12A224,31,40022,2,1,0,03,-,1,3,2,26,22/11/1996,2,02,6,2,6,09, , , , , ,1, ,7866,0
00,1023,3,12A224,31,40022,1,1,0,01,-,1,1,2,34,31/07/1989,1,04,3,2,6,01,4,4,3,1,999999,1,1,7866,15934
00,1023,3,12A224,31,40022,4,1,0,01,-,1,1,2,54,29/09/1969,1,07,5,2,5,01,4,4,2,1,999999,1, ,7866,0
00,1023,3,12A224,31,40022,3,1,0,02,-,1,3,1,11,16/09/2012,1,02,5,1, , , , , , , ,1, ,7866,0
00,1023,3,12A224,31,40022,2,1,0,04,-,1,3,1,25,30/04/1998,1,07,5,2,6,01,5,5,3,2,999999,1, ,7866,0
00,1023,3,12A224,31,40022,2,1,0,05,-,1,7,1,30,17/09/1993,1,03,3,2,6,01,7,2,3,1,999999,1, ,7866,0
00,1023,3,12A224,31,40022,3,1,0,03,-,1,3,1,10,01/09/2013,1,02,4,1, , , , , , , ,1, ,7866,0
00,1023,7,12A218,31,40060,1,1,0,04,-,1,3,2,11,23/05/2012,1,02,4,1, , , , , , , ,1, ,7585,0
00,1023,7,12A218,31,40060,2,1,0,02,-,1,4,2,75,30/06/1948,1,02,6,2,5,07, , , , , ,1,1,7585,7683
00,1023,7,12A218,31,40060,3,1,0,01,-,1,1,1,28,17/09/1995,1,04,3,2,5,01,5,5,5,1,999999,1, ,7585,0
00,1023,7,12A218,31,40060,3,1,0,02,-,1,2,2,28,10/12/1994,1,06,3,2,5,01,5,5,2,1,999999,1,1,7585,15365
00,1023,7,12A218,31,40060,1,1,0,01,-,1,1,1,39,17/04/1984,1,04,3,2,5,01,3,4,3,1,999999,1, ,7585,0
00,1023,7,12A218,31,40060,4,1,0,02,-,1,2,2,47,04/02/1976,1,07,2,2,5,07, , , , , ,1,1,7585,30731
00,1023,7,12A218,31,40060,4,1,0,04,-,1,3,1,21,27/11/2001,1,04,2,2,6,02,7,2,6,5, ,1, ,7585,0
00,1023,7,12A218,31,40060,1,1,0,03,-,1,3,1,07,23/07/2016,1,01,3,1, , , , , , , ,1, ,7585,0
00,1023,7,12A218,31,40060,3,1,0,03,-,1,3,1,11,25/11/2011,1,02,5,1, , , , , , , ,1, ,7585,0
00,1023,7,12A218,31,40060,3,1,0,04,-,1,3,1,07,05/09/2016,2,01,2,1, , , , , , , ,1, ,7585,0
00,1023,6,12A218,31,40060,2,1,0,01,-,2, , , , , , , , , , , , , , , ,1, ,0,0
00,1023,7,12A218,31,40060,4,1,0,01,-,1,1,1,50,15/09/1973,1,04,1,2,5,01,7,2,2,1,002000,1, ,7585,0
00,1023,7,12A218,31,40060,4,1,0,03,-,1,3,2,23,03/03/2000,1,04,3,2,6,01,5,5,3,2,999999,1, ,7585,0
00,1023,7,12A218,31,40060,1,1,0,02,-,1,2,2,40,09/09/1983,1,07,5,2,5,01,1,5,3,2,999999,1,1,7585,15365
00,1023,2,11A225,31,40182,1,1,0,01,-,1,1,1,46,15/01/1977,1,02,4,2,6,01,5,5,5,1,999999,1, ,9467,0
00,1023,2,11A225,31,40182,4,1,0,01,-,1,1,2,56,30/06/1967,1,03,3,2,1,01,5,5,2,1,999999,1,1,9467,9534
00,1023,2,11A225,31,40182,3,1,0,02,-,1,2,1,63,07/07/1960,1,02,5,2,5,08, , , , , ,1, ,9467,0
00,1023,2,11A225,31,40182,3,1,0,01,-,1,1,2,58,28/04/1965,1,02,4,2,5,01,7,2,3,1,999999,1, ,9467,0
00,1023,2,11A225,31,40182,1,1,0,02,-,1,4,2,66,30/06/1957,2,00, ,2,4,07, , , , , ,1,1,9467,19067
00,1023,2,11A225,31,40182,3,1,0,03,-,1,3,2,25,06/02/1998,1,04,3,2,6,01,4,4,3,1,999999,1,1,9467,28601
00,1023,2,13A225,31,40187,1,1,0,02,-,1,4,2,60,30/06/1963,1,03,3,2,2,01,4,4,2,1,999999,1, ,8949,0
00,1023,2,13A225,31,40187,2,1,0,01,-,1,1,2,76,15/04/1947,1,06,2,2,4,07, , , , , ,1,1,8949,9103
00,1023,2,13A225,31,40187,4,1,0,02,-,1,3,1,22,30/06/2001,1,07,3,1,6,06, , , , , ,1, ,8949,0
00,1023,2,13A225,31,40187,3,1,0,01,-,1,1,1,33,31/07/1990,1,04,3,1,6,01,5,5,3,2,999999,1,1,8949,9103
00,1023,2,13A225,31,40187,4,1,0,01,-,1,1,2,58,30/06/1965,1,07,3,2,3,01,4,4,2,1,999999,1,1,8949,18206
00,1023,2,13A225,31,40187,1,1,0,01,-,1,1,1,28,30/06/1995,1,04,3,2,6,01,5,5,2,1,999999,1,1,8949,18206
00,1023,6,11B211,31,40256,4,1,0,03,-,1,5,2,27,30/08/1996,1,04,3,2,5,01,5,5,3,2,999999,1,1,7685,30956
00,1023,6,11B211,31,40256,4,1,0,01,-,1,1,1,46,30/06/1977,1,99, ,2,2,01,5,5,3,1,999999,1, ,7685,0
00,1023,6,11B211,31,40256,3,1,0,02,-,1,2,2,38,08/02/1985,1,07,5,2,5,01,4,5,3,1,999999,1, ,7685,0
00,1023,6,11B211,31,40256,3,1,0,03,-,1,3,1,14,25/10/2008,1,03,2,1,6,06, , , , , ,1, ,7685,0
00,1023,6,11B211,31,40256,3,1,0,04,-,1,3,1,09,14/05/2014,1,02,2,1, , , , , , , ,1, ,7685,0
00,1023,6,11B211,31,40256,3,1,0,01,-,1,1,1,40,15/05/1983,1,04,2,2,5,01,5,5,3,2,999999,1,1,7685,15478
00,1023,6,11B211,31,40256,2,1,0,02,-,1,8,1,26,18/11/1996,1,04,3,2,6,01,4,4,2,1,999999,1, ,7685,0
00,1023,6,11B211,31,40256,4,1,0,04,-,1,3,1,22,30/06/2001,1,04,3,1,6,01,5,5,3,2,999999,1, ,7685,0
00,1023,6,11B211,31,40256,4,1,0,05,-,1,5,1,07,26/09/2016,2,01,3,1, , , , , , , ,1, ,7685,0
00,1023,6,11B211,31,40256,4,1,0,02,-,1,3,1,31,30/06/1992,1,04,3,2,5,01,5,5,3,1,999999,1, ,7685,0
00,1023,6,11B211,31,40256,2,1,0,01,-,1,1,1,36,03/07/1987,1,07,3,2,6,01,3,5,3,2,999999,1,1,7685,15478
00,1023,6,11B211,31,40289,2,1,0,04,-,1,3,2,49,26/10/1973,1,03,3,2,6,01,4,4,2,1,999999,1,1,7835,39448
00,1023,6,11B211,31,40289,2,1,0,03,-,1,3,2,51,20/07/1972,1,03,3,2,6,01,4,4,3,1,999999,1, ,7835,0
00,1023,6,11B211,31,40289,2,1,0,02,-,1,2,2,74,08/05/1949,1,03,3,2,5,07, , , , , ,1, ,7835,0
00,1023,6,11B211,31,40289,4,1,0,03,-,1,3,2,30,17/11/1992,1,07,5,2,6,01,2,5,3,2,999999,1, ,7835,0
00,1023,6,11B211,31,40289,4,1,0,01,-,1,1,1,64,17/05/1959,1,07,4,2,5,08, , , , , ,1, ,7835,0
00,1023,6,11B211,31,40289,2,1,0,06,-,1,5,2,15,13/11/2007,1,03,3,1,6,06, , , , , ,1, ,7835,0
00,1023,6,11B211,31,40289,4,1,0,02,-,1,2,2,62,06/01/1961,1,07,5,2,5,08, , , , , ,1,1,7835,23669
00,1023,6,11B211,31,40289,1,1,0,02,-,1,2,2,70,17/03/1953,1,07,4,2,5,08, , , , , ,1, ,7835,0
00,1023,6,11B211,31,40289,2,1,0,05,-,1,5,1,25,09/07/1998,1,07,5,2,6,01,5,5,3,2,999999,1, ,7835,0
00,1023,6,11B211,31,40289,2,1,0,01,-,1,1,1,85,23/12/1937,1,07,5,2,5,07, , , , , ,1, ,7835,0
00,1023,6,11B211,31,40289,1,1,0,01,-,1,1,1,69,07/09/1954,1,07,4,2,5,08, , , , , ,1,1,7835,15779
00,1023,4,12A223,31,40304,1,1,0,03,-,1,3,1,15,20/05/2008,1,03,2,1,6,06, , , , , ,1, ,8379,0
00,1023,4,12A223,31,40304,2,1,1,01,-,1,1,2,22,14/08/2001,1,07,2,1,6,07, , , , , ,1,1,8379,8487
00,1023,4,12A223,31,40304,3,1,0,02,-,1,2,2,29,04/08/1994,1,07,4,2,1,01,5,5,3,3,999999,1,1,8379,16973
00,1023,4,12A223,31,40304,3,1,0,01,-,1,1,1,30,25/06/1993,1,07,4,2,1,01,5,5,2,1,999999,1, ,8379,0
00,1023,4,12A223,31,40304,1,1,0,01,-,1,1,2,37,23/11/1985,1,04,3,2,4,01,5,5,3,2,999999,1,1,8379,8487
00,1023,4,12A223,31,40304,1,1,0,02,-,1,3,1,16,16/04/2007,1,03,3,1,6,06, , , , , ,1, ,8379,0
00,1023,1,11A226,31,40343,2,1,0,02,-,1,2,2,35,23/11/1987,1,03,3,2,5,01,5,5,3,2,999999,1,1,7566,22856
00,1023,1,11A226,31,40343,3,1,0,01,-,1,1,2,50,30/06/1973,1,99, ,2,9,01,9,9,3,1,999999,1,1,7566,7619
00,1023,1,11A226,31,40343,4,1,0,01,-,1,1,2,40,05/05/1983,1,04,3,2,5,07, , , , , ,1, ,7566,0
00,1023,1,11A226,31,40343,2,1,0,05,-,1,4,2,64,12/10/1958,2,00, ,2,2,01,4,4,2,1,999999,1, ,7566,0
00,1023,1,11A226,31,40343,4,1,0,02,-,1,3,1,18,20/05/2005,1,04,3,1,6,06, , , , , ,1,1,7566,22856
00,1023,1,11A226,31,40343,2,1,0,04,-,1,3,2,09,07/03/2014,1,02,3,1, , , , , , , ,1, ,7566,0
00,1023,1,11A226,31,40343,1,1,0,01,-,1,1,2,70,08/11/1952,1,03,3,2,2,07, , , , , ,1,1,7566,7619
00,1023,1,11A226,31,40343,2,1,0,03,-,1,3,1,14,12/08/2009,2,00, ,2,6,09, , , , , ,1, ,7566,0
00,1023,1,11A226,31,40343,4,1,0,03,-,1,3,1,22,15/03/2001,1,04,3,1,6,01,1,2,3,1,999999,1, ,7566,0
00,1023,1,11A226,31,40343,2,1,0,01,-,1,1,1,46,05/01/1977,1,04,3,2,5,01,5,5,2,1,999999,1, ,7566,0
00,1023,1,13A226,31,40346,2,1,0,02,-,1,2,2,54,30/06/1969,1,06,3,2,5,01,5,5,3,2,999999,1, ,8271,0
00,1023,1,13A226,31,40346,3,1,0,01,-,1,1,2,70,30/06/1953,1,06,3,2,2,07, , , , , ,1,1,8271,8414
00,1023,1,13A226,31,40346,2,1,0,01,-,1,1,1,55,30/06/1968,1,04,1,2,5,01,5,5,3,1,999999,1,1,8271,16827
00,1023,1,13A226,31,40346,1,1,0,01,-,1,1,2,69,30/06/1954,1,03,3,2,6,07, , , , , ,1,1,8271,8414
00,1023,8,12A217,31,40377,4,1,0,03,-,1,3,1,06,25/08/2017,1,01,2,1, , , , , , , ,1, ,7625,0
00,1023,8,12A217,31,40377,4,1,0,01,-,1,1,2,40,04/02/1983,1,03,3,2,6,07, , , , , ,1,1,7625,7723
00,1023,8,12A217,31,40377,2,1,0,05,-,1,5,2,11,08/12/2011,1,02,5,1, , , , , , , ,1, ,7625,0
00,1023,8,12A217,31,40377,2,1,0,01,-,1,1,1,61,28/05/1962,1,03,3,2,5,08, , , , , ,1,1,7625,23169
00,1023,8,12A217,31,40377,2,1,0,02,-,1,2,2,50,27/02/1973,1,03,3,2,5,01,5,5,2,1,000300,1, ,7625,0
00,1023,8,12A217,31,40377,2,1,0,04,-,1,3,1,13,29/05/2010,1,02,6,1,6,06, , , , , ,1, ,7625,0
00,1023,8,12A217,31,40377,2,1,0,03,-,1,3,2,32,05/06/1991,1,03,3,2,5,01,4,4,3,1,999999,1, ,7625,0
00,1023,8,12A217,31,40377,2,1,0,06,-,1,5,2,04,04/12/2018, , , , , , , , , , , ,1, ,7625,0
00,1023,8,12A217,31,40377,4,1,0,02,-,1,3,1,09,05/11/2013,1,02,2,1, , , , , , , ,1, ,7625,0
00,1023,5,13B212,31,40384,2,1,0,01,-,1,1,2,66,18/04/1957,1,06,2,2,2,07, , , , , ,1,1,10002,10175
00,1023,5,13B212,31,40384,3,1,0,04,-,1,5,2,18,08/03/2005,1,04,1,1,6,06, , , , , ,1, ,10002,0
00,1023,5,13B212,31,40384,1,1,0,04,-,1,5,2,14,09/01/2009,2,02,6,1,6,06, , , , , ,1, ,10002,0
00,1023,5,13B212,31,40384,3,1,0,01,-,1,1,2,67,02/02/1956,1,02,1,2,4,07, , , , , ,1, ,10002,0
00,1023,5,13B212,31,40384,1,1,0,03,-,1,3,2,36,11/02/1987,1,03,3,2,2,01,5,5,3,2,999999,1, ,10002,0
00,1023,5,13B212,31,40384,3,1,0,02,-,1,3,2,45,06/11/1977,1,02,4,2,6,01,7,2,3,1,001900,1,1,10002,40698
00,1023,5,13B212,31,40384,4,1,0,01,-,1,1,2,59,30/06/1964,1,06,3,2,4,01,5,5,3,1,002000,1,1,10002,10175
00,1023,5,13B212,31,40384,3,1,0,03,-,1,5,2,23,01/03/2000,1,07,4,2,6,01,1,5,3,2,999999,1, ,10002,0
00,1023,5,13B212,31,40384,1,1,0,02,-,1,2,2,60,28/07/1963,1,03,2,2,5,07, , , , , ,1, ,10002,0
00,1023,5,13B212,31,40384,1,1,0,01,-,1,1,1,66,15/08/1957,1,04,3,2,5,08, , , , , ,1,1,10002,30524
00,1023,5,13B212,31,40384,3,1,0,05,-,1,5,1,14,06/02/2009,1,03,1,1,6,06, , , , , ,1, ,10002,0
00,1023,5,11B212,31,40386,3,1,0,04,-,1,3,1,19,26/10/2003,1,07,1,1,6,06, , , , , ,1, ,9121,0
00,1023,5,11B212,31,40386,1,1,0,02,-,1,2,2,52,30/06/1971,1,04,3,2,5,01,4,4,3,2,999999,1, ,9121,0
00,1023,5,11B212,31,40386,1,1,0,03,-,1,3,2,24,30/06/1999,1,07,4,2,6,01,5,5,3,1,999999,1,1,9121,27555
00,1023,5,11B212,31,40386,3,1,0,01,-,1,1,1,48,29/09/1975,1,02,6,2,5,01,5,5,3,2,999999,1, ,9121,0
00,1023,5,11B212,31,40386,4,1,0,01,-,1,1,1,29,17/12/1993,1,04,3,2,5,01,7,2,3,1,999999,1,1,9121,18370
00,1023,5,11B212,31,40386,4,1,0,04,-,1,3,2,04,24/01/2019, , , , , , , , , , , ,1, ,9121,0
00,1023,5,11B212,31,40386,4,1,0,02,-,1,2,2,26,31/10/1996,1,03,3,2,5,01,4,4,2,1,999999,1, ,9121,0
00,1023,5,11B212,31,40386,4,1,0,03,-,1,3,1,08,15/03/2015,1,02,1,1, , , , , , , ,1, ,9121,0
00,1023,5,11B212,31,40386,1,1,0,01,-,1,1,1,52,30/06/1971,1,04,3,2,5,01,5,5,3,1,999999,1, ,9121,0
00,1023,5,11B212,31,40386,3,1,0,02,-,1,2,2,45,21/10/1977,1,06,5,2,5,01,5,5,2,1,999999,1,1,9121,36740
00,1023,5,11B212,31,40386,3,1,0,03,-,1,3,2,22,14/11/2000,1,07,3,1,6,06, , , , , ,1, ,9121,0
00,1023,5,11B212,31,40386,2,1,0,01,-,1,1,2,46,15/06/1977,1,99, ,2,9,01,5,5,3,1,999999,1,1,9121,9185
00,1023,3,13A224,32,40055,4,1,1,01,-,1,1,2,21,18/08/2002,1,07,1,1,6,06, , , , , ,1,1,9125,9282
00,1023,3,13A224,32,40055,3,1,1,01,-,1,1,2,23,20/09/2000,1,04,3,2,2,01,4,4,2,1,004000,1,1,9125,9282
00,1023,3,13A224,32,40055,1,1,1,01,-,1,1,2,45,18/11/1977,1,07,5,2,6,01,5,5,3,2,999999,1,1,9125,9282
00,1023,3,13A224,32,40055,3,1,1,02,-,1,3,1,01,14/09/2022, , , , , , , , , , , ,1, ,9125,0
00,1023,5,12A218,32,40059,4,1,0,06,-,2, , , , , , , , , , , , , , , ,1, ,0,0
00,1023,7,12A218,32,40059,1,1,0,01,-,1,1,2,59,25/05/1964,2,00, ,2,5,07, , , , , ,1, ,6945,0
00,1023,6,12A218,32,40059,1,1,0,03,-,2, , , , , , , , , , , , , , , ,1, ,0,0
00,1023,5,12A218,32,40059,4,1,0,05,-,2, , , , , , , , , , , , , , , ,1, ,0,0
00,1023,7,12A218,32,40059,3,1,0,04,-,1,3,2,09,12/08/2014,1,02,2,1, , , , , , , ,1, ,6945,0
00,1023,7,12A218,32,40059,3,1,0,03,-,1,3,1,11,21/05/2012,1,02,4,1, , , , , , , ,1, ,6945,0
00,1023,7,12A218,32,40059,4,1,0,04,-,1,3,1,22,26/04/2001,1,07,3,1,6,01,5,5,3,1,999999,1,1,6945,21102
00,1023,7,12A218,32,40059,4,1,0,01,-,1,1,1,54,15/05/1969,1,07,5,2,5,01,5,4,3,3,017000,1, ,6945,0
00,1023,7,12A218,32,40059,4,1,0,02,-,1,2,2,52,11/11/1970,1,06,2,2,5,07, , , , , ,1, ,6945,0
00,1023,7,12A218,32,40059,3,1,0,02,-,1,3,1,14,09/05/2009,1,02,6,1,6,06, , , , , ,1, ,6945,0
00,1023,7,12A218,32,40059,3,1,0,01,-,1,1,2,42,02/01/1981,1,08,2,2,3,01,1,5,3,2,004300,1,1,6945,7034
00,1023,7,12A218,32,40059,1,1,0,02,-,1,2,1,60,24/11/1962,1,02,6,2,5,01,5,5,3,1,999999,1,1,6945,14068
00,1023,5,12A218,32,40059,4,1,0,03,-,2, , , , , , , , , , , , , , , ,1, ,0,0
00,1023,7,12A218,32,40059,2,1,0,01,-,1,1,1,54,17/01/1969,1,06,3,2,3,01,5,5,3,2,999999,1,1,6945,7034
00,1023,3,11A224,32,40087,3,1,0,03,-,1,3,1,09,14/07/2014,1,02,3,1, , , , , , , ,1, ,7934,0
00,1023,3,11A224,32,40087,4,1,0,04,-,1,3,2,10,27/12/2012,1,02,5,1, , , , , , , ,1, ,7934,0
00,1023,3,11A224,32,40087,1,1,0,01,-,1,1,1,63,17/05/1960,1,03,3,2,5,04, , , , , ,1, ,7934,0
00,1023,3,11A224,32,40087,2,1,0,04,-,1,3,1,41,16/09/1982,1,07,5,2,6,01,3,5,3,2,010100,1,1,7934,31957
00,1023,3,11A224,32,40087,4,1,0,03,-,1,3,1,14,07/11/2008,1,03,3,1,6,06, , , , , ,1, ,7934,0
00,1023,3,11A224,32,40087,3,1,0,01,-,1,1,2,42,04/08/1981,1,03,3,2,1,01,4,4,3,1,001200,1,1,7934,7989
00,1023,3,11A224,32,40087,4,1,0,01,-,1,1,1,37,01/07/1986,1,07,3,2,5,01,3,5,3,2,999999,1, ,7934,0
00,1023,3,11A224,32,40087,4,1,0,02,-,1,2,2,37,25/08/1986,1,07,5,2,5,07, , , , , ,1,1,7934,15979
00,1023,3,11A224,32,40087,3,1,0,02,-,1,3,1,11,22/09/2012,1,02,4,1, , , , , , , ,1, ,7934,0
00,1023,3,11A224,32,40087,2,1,0,01,-,2, , , , , , , , , , , , , , , ,1, ,0,0
00,1023,3,11A224,32,40087,2,1,0,03,-,1,3,1,42,07/02/1981,1,04,3,2,6,01,6,1,2,4,999999,1, ,7934,0
00,1023,3,11A224,32,40087,2,1,0,05,-,1,3,2,37,03/10/1986,1,07,5,2,6,01,3,5,3,2,999999,1, ,7934,0
00,1023,3,11A224,32,40087,2,1,0,02,-,1,2,2,70,13/04/1953,1,02,3,2,5,07, , , , , ,1, ,7934,0
00,1023,3,11A224,32,40087,1,1,0,02,-,1,2,2,60,26/01/1963,1,03,3,2,5,07, , , , , ,1,1,7934,15979
00,1023,6,13B211,32,40226,3,1,0,05,-,1,3,2,08,19/02/2015,1,02,1,1, , , , , , , ,1, ,10630,0
00,1023,6,13B211,32,40226,4,1,0,04,-,1,3,1,25,19/07/1998,1,07,5,1,6,06, , , , , ,1, ,10630,0
00,1023,6,13B211,32,40226,2,1,0,01,-,1,1,2,48,15/08/1975,1,07,5,2,3,01,1,5,3,2,007000,1, ,10630,0
00,1023,6,13B211,32,40226,3,1,0,02,-,1,2,2,41,02/02/1982,1,07,5,1,5,01,2,5,3,2,999999,1,1,10630,21626
00,1023,3,13B211,32,40226,3,1,0,01,-,2, , , , , , , , , , , , , , , ,1, ,0,0
00,1023,6,13B211,32,40226,3,1,0,03,-,1,4,2,67,12/07/1956,1,04,3,2,4,07, , , , , ,1, ,10630,0
00,1023,6,13B211,32,40226,1,1,0,02,-,1,2,2,45,24/03/1978,1,03,3,2,5,07, , , , , ,1,1,10630,32439
00,1023,6,13B211,32,40226,1,1,0,03,-,1,3,1,18,30/04/2005,1,04,1,2,6,01,4,5,3,1,999999,1, ,10630,0
00,1023,6,13B211,32,40226,2,1,0,02,-,1,3,2,20,10/02/2003,1,07,1,1,6,06, , , , , ,1,1,10630,21626
00,1023,6,13B211,32,40226,1,1,0,01,-,1,1,1,46,05/12/1976,1,04,3,2,5,01,5,5,3,1,999999,1, ,10630,0
00,1023,6,13B211,32,40226,4,1,0,03,-,1,3,2,29,22/11/1993,1,08,2,1,5,01,1,5,2,1,999999,1, ,10630,0
00,1023,6,13B211,32,40226,4,1,0,05,-,1,5,2,03,06/10/2019, , , , , , , , , , , ,1, ,10630,0
00,1023,6,13B211,32,40226,3,1,0,04,-,1,3,2,11,09/05/2012,1,02,4,1, , , , , , , ,1, ,10630,0
00,1023,6,13B211,32,40226,4,1,0,01,-,1,1,1,98, ,1,07,5,2,5,01,1,5,3,2,999999,1, ,10630,0
00,1023,6,13B211,32,40226,4,1,0,02,-,1,2,2,52,31/07/1971,1,03,3,2,5,07, , , , , ,1,1,10630,43252
00,1023,6,13B211,32,40226,2,1,0,03,-,1,3,1,17,17/10/2005,1,04,1,1,6,06, , , , , ,1, ,10630,0
00,1023,2,12A225,32,40249,3,1,0,02,-,1,2,2,45,31/05/1978,1,06,2,2,5,07, , , , , ,1, ,5490,0
00,1023,2,12A225,32,40249,3,1,0,01,-,1,1,1,45,21/02/1978,1,06,2,2,5,01,5,2,3,1,999999,1, ,5490,0
00,1023,2,12A225,32,40249,3,1,0,03,-,1,3,1,18,28/12/2004,1,04,2,2,6,01,4,4,3,2,003250,1,1,5490,16681
00,1023,2,12A225,32,40249,4,1,0,01,-,1,1,1,74,03/06/1949,1,04,1,2,6,08, , , , , ,1,1,5490,5560
00,1023,2,12A225,32,40249,1,1,0,01,-,1,1,2,65,26/07/1958,1,03,2,2,6,09, , , , , ,1,1,5490,5560
00,1023,2,12A225,32,40249,2,1,0,01,-,1,1,2,64,02/03/1959,1,07,5,2,6,08, , , , , ,1,1,5490,5560
00,1023,2,12A225,32,40249,3,1,0,04,-,1,3,1,11,14/06/2012,1,02,5,1, , , , , , , ,1, ,5490,0
00,1023,4,12A223,32,40306,4,1,0,01,-,1,1,1,51,16/12/1971,1,08,1,2,5,01,5,7,3,2,006000,1, ,6318,0
00,1023,4,12A223,32,40306,3,1,0,03,-,1,3,2,09,06/03/2014,1,02,2,1, , , , , , , ,1, ,6318,0
00,1023,4,12A223,32,40306,4,1,0,05,-,1,3,2,19,22/11/2003,1,07,1,1,6,01,4,4,3,1,000500,1, ,6318,0
00,1023,4,12A223,32,40306,4,1,0,06,-,1,5,2,13,09/09/2010,1,03,1,1,6,06, , , , , ,1, ,6318,0
00,1023,4,12A223,32,40306,2,1,0,01,-,1,1,1,33,15/03/1990,1,04,3,2,5,01,4,4,2,1,003000,1, ,6318,0
00,1023,4,12A223,32,40306,2,1,0,03,-,1,3,2,12,05/03/2011,1,02,5,1,6,06, , , , , ,1, ,6318,0
00,1023,4,12A223,32,40306,2,1,0,05,-,1,3,2,09,20/11/2013,1,02,3,1, , , , , , , ,1, ,6318,0
00,1023,3,12A223,32,40306,3,1,0,02,-,2, , , , , , , , , , , , , , , ,1, ,0,0
00,1023,4,12A223,32,40306,3,1,0,01,-,1,1,2,40,21/04/1983,1,03,3,2,3,01,5,5,3,1,001500,1,1,6318,6399
00,1023,4,12A223,32,40306,2,1,0,04,-,1,3,1,10,30/11/2012,1,02,3,1, , , , , , , ,1, ,6318,0
00,1023,4,12A223,32,40306,4,1,0,03,-,1,3,2,30,20/11/1992,1,04,3,2,5,07, , , , , ,1, ,6318,0
00,1023,4,12A223,32,40306,4,1,0,04,-,1,5,1,34,15/08/1989,1,03,3,2,5,01,5,5,3,1,001900,1,1,6318,31994
00,1023,3,12A223,32,40306,3,1,0,04,-,2, , , , , , , , , , , , , , , ,1, ,0,0
00,1023,4,12A223,32,40306,4,1,0,02,-,1,2,2,50,25/05/1973,1,03,3,2,5,07, , , , , ,1, ,6318,0
00,1023,4,12A223,32,40306,4,1,0,07,-,1,5,1,07,29/11/2015,1,02,2,1, , , , , , , ,1, ,6318,0
00,1023,4,12A223,32,40306,2,1,0,02,-,1,2,2,35,24/08/1988,1,07,5,2,5,02,4,4,6,5, ,1,1,6318,12797
00,1023,8,13A217,32,40349,2,1,0,01,-,1,1,1,28,16/09/1995,1,07,5,2,1,01,4,4,2,1,999999,1,1,14733,14988
00,1023,5,13A217,32,40349,2,1,0,02,-,2, , , , , , , , , , , , , , , ,1, ,0,0
00,1023,8,13A217,32,40349,4,1,0,04,-,1,5,2,22,02/02/2001,1,07,1,1,6,01,4,4,3,1,999999,1, ,14733,0
00,1023,8,13A217,32,40349,4,1,0,03,-,1,2,2,59,07/07/1964,1,03,3,2,5,07, , , , , ,1, ,14733,0
00,1023,8,13A217,32,40349,1,1,0,01,-,1,1,1,48,28/02/1975,1,07,5,2,5,01,5,2,3,3,020000,1,1,14733,29975
00,1023,8,13A217,32,40349,1,1,0,03,-,1,3,2,10,20/07/2013,1,02,2,1, , , , , , , ,1, ,14733,0
00,1023,8,13A217,32,40349,1,1,0,02,-,1,2,2,46,14/12/1976,1,08,2,2,5,01,3,7,3,2,999999,1, ,14733,0
00,1023,8,13A217,32,40349,4,1,0,01,-,1,1,1,62,04/06/1961,1,07,5,2,5,08, , , , , ,1, ,14733,0
00,1023,8,13A217,32,40349,4,1,0,02,-,1,3,1,26,04/06/1997,1,04,2,2,6,07, , , , , ,1,1,14733,59951
00,1023,5,12B212,32,40385,2,1,0,01,-,1,1,2,63,10/08/1960,1,06,2,2,6,08, , , , , ,1,1,7493,15178
00,1023,5,12B212,32,40385,1,1,0,01,-,1,1,1,44,15/02/1979,1,07,5,1,1,01,2,7,3,2,999999,1,1,7493,7589
00,1023,5,12B212,32,40385,4,1,0,05,-,1,3,1,05,11/03/2018,2,01,2,1, , , , , , , ,1, ,7493,0
00,1023,5,12B212,32,40385,4,1,0,04,-,1,3,1,06,12/02/2017,2,01,2,1, , , , , , , ,1, ,7493,0
00,1023,5,12B212,32,40385,2,1,0,02,-,1,3,1,45,18/04/1978,2,00, ,2,6,09, , , , , ,1, ,7493,0
00,1023,5,12B212,32,40385,3,1,0,02,-,1,7,1,37,26/09/1986,1,07,5,1,6,01,1,4,2,3,009000,1, ,7493,0
00,1023,5,12B212,32,40385,4,1,0,03,-,1,3,1,10,24/05/2013,1,02,3,1, , , , , , , ,1, ,7493,0
00,1023,5,12B212,32,40385,4,1,0,01,-,1,1,1,33,30/08/1990,1,07,5,2,5,01,5,5,3,2,005000,1, ,7493,0
00,1023,5,12B212,32,40385,3,1,0,01,-,1,1,2,73,22/09/1950,1,07,5,1,6,08, , , , , ,1,1,7493,15178
00,1023,5,12B212,32,40385,4,1,0,02,-,1,2,2,34,13/09/1989,1,07,5,2,5,01,1,7,3,3,014000,1,1,7493,15178
00,1023,1,12A226,32,40410,1,1,0,03,-,1,3,2,20,13/12/2002,1,07,1,1,6,06, , , , , ,1, ,6818,0
00,1023,1,12A226,32,40410,1,1,0,02,-,1,2,2,49,02/02/1974,1,07,1,2,5,07, , , , , ,1, ,6818,0
00,1023,1,12A226,32,40410,3,1,0,04,-,1,3,1,02,23/07/2021, , , , , , , , , , , ,1, ,6818,0
00,1023,1,12A226,32,40410,1,1,0,07,-,1,5,1,03,10/10/2019, , , , , , , , , , , ,1, ,6818,0
00,1023,1,12A226,32,40410,1,1,0,04,-,1,3,1,28,28/07/1995,1,07,5,2,1,04, , , , , ,1, ,6818,0
00,1023,1,12A226,32,40410,1,1,0,01,-,1,1,1,57,20/09/1966,1,07,5,2,5,01,3,7,3,2,999999,1,1,6818,34529
00,1023,1,12A226,32,40410,3,1,0,01,-,1,1,1,45,18/05/1978,1,04,3,2,1,01,5,3,2,1,999999,1,1,6818,13812
00,1023,1,12A226,32,40410,1,1,0,05,-,1,5,2,26,19/10/1996,1,07,5,2,1,01,4,4,2,1,000800,1, ,6818,0
00,1023,1,12A226,32,40410,2,1,0,02,-,1,2,2,27,10/04/1996,1,07,5,2,5,07, , , , , ,1, ,6818,0
00,1023,1,12A226,32,40410,3,1,0,02,-,1,2,2,37,11/01/1986,1,04,3,2,1,01,5,6,3,2,003000,1, ,6818,0
00,1023,1,12A226,32,40410,3,1,0,03,-,1,3,2,09,17/08/2014,1,02,4,1, , , , , , , ,1, ,6818,0
00,1023,1,12A226,32,40410,2,1,0,01,-,1,1,1,29,06/02/1994,1,07,5,2,5,01,5,6,3,2,006000,1,1,6818,13812
00,1023,1,12A226,32,40410,4,1,0,02,-,1,2,2,52,15/12/1970,1,03,3,2,5,07, , , , , ,1, ,6818,0
00,1023,1,12A226,32,40410,1,1,0,06,-,1,5,2,02,20/11/2020, , , , , , , , , , , ,1, ,6818,0
00,1023,1,12A226,32,40410,4,1,0,01,-,1,1,1,58,02/07/1965,1,03,3,2,5,01,5,5,2,1,999999,1, ,6818,0
00,1023,1,12A226,32,40410,4,1,0,03,-,1,3,2,21,02/07/2002,1,07,1,1,6,06, , , , , ,1,1,6818,20718
00,1023,8,11A217,32,40413,3,1,0,04,-,1,3,1,19,27/12/2003,1,04,3,1,6,06, , , , , ,1, ,6008,0
00,1023,8,11A217,32,40413,3,1,0,03,-,1,3,1,22,08/01/2001,1,04,3,2,6,02,4,4,6,5, ,1, ,6008,0
00,1023,8,11A217,32,40413,3,1,0,02,-,1,2,2,47,14/06/1976,1,06,2,2,5,02,4,4,6,5, ,1, ,6008,0
00,1023,8,11A217,32,40413,1,1,0,01,-,1,1,1,28,20/08/1995,1,07,1,2,5,01,5,5,3,1,001200,1, ,6008,0
00,1023,8,11A217,32,40413,3,1,0,01,-,1,1,1,46,06/04/1977,1,04,3,2,5,01,4,4,2,1,999999,1,1,6008,24201
00,1023,8,11A217,32,40413,1,1,0,03,-,1,3,2,05,14/01/2018,2,00, ,1, , , , , , , ,1, ,6008,0
00,1023,8,11A217,32,40413,2,1,1,02,-,1,3,2,19,27/03/2004,1,03,3,2,6,01,4,5,3,1,001000,1, ,6008,0
00,1023,8,11A217,32,40413,2,1,1,01,-,1,1,2,42,07/04/1981,1,03,3,2,1,01,7,2,3,1,001200,1,1,6008,12100
00,1023,8,11A217,32,40413,1,1,0,02,-,1,2,2,24,28/01/1999,1,04,3,2,5,01,4,4,2,1,000800,1,1,6008,12100
