CD,PER,MPIO,N_ENT,AGEB,UPM,AREA,FOL,ENT,CON,N_PRO_VIV,V_SEL,N_HOG,H_MUD,R_PRE,FCH_PRE,R_DEF,FCH_DEF,E_OBS,CTA_ENT,CTA_SUP,P1,P2,P3,P4,R_INF,R_ELE,TEL,R_HAB,R_NUE,R_AUS,DIASEM,HORA,R_PRE_MOD,FCH_PRE_MO,R_DEF_MOD,FCH_DEF_MO,TIPO,FACTOR
14,1024,001,1,379-3,0100383,14,11A232,01,40091,0108,3,1,0,00,06/11/2024,00,06/11/2024,2,-,-,05,1, , ,01,02,-,05,00,00,-, ,00,06/11/2024,00,06/11/2024,1,7784
14,1024,001,1,379-3,0100383,14,11A232,01,40091,0038,2,1,0,00,05/11/2024,00,05/11/2024,2,-,-,04,1, , ,01,01,-,04,00,00,-, ,00,05/11/2024,00,05/11/2024,1,7784
14,1024,001,1,379-3,0100383,14,11A232,01,40091,0069,4,1,0,00,06/11/2024,00,06/11/2024,2,-,-,02,1, , ,01,02,-,02,00,00,-, ,00,06/11/2024,00,06/11/2024,1,7784
14,1024,001,1,379-3,0100383,14,11A232,01,40091,0124,1,1,0,00,05/11/2024,00,05/11/2024,2,-,-,04,1, , ,01,01,-,04,00,00,-, ,00,05/11/2024,00,05/11/2024,1,7784
14,1024,001,1,058-7,0100619,14,11A232,01,40095,0073,3,1,0,00,31/10/2024,00,31/10/2024,2,-,-,01, , , ,01,01,-,01,00,00,-, ,00,31/10/2024,00,31/10/2024,1,9780
14,1024,001,1,058-7,0100619,14,11A232,01,40095,0042,2,1,0,00,31/10/2024,00,31/10/2024,2,-,-,03,1, , ,02,03,-,03,00,00,-, ,00,31/10/2024,00,31/10/2024,1,9780
14,1024,001,1,058-7,0100619,14,11A232,01,40095,0012,1,1,0,00,31/10/2024,00,31/10/2024,2,-,-,10,1, , ,04,04,-,10,00,00,-, ,00,31/10/2024,00,31/10/2024,1,9780
14,1024,001,1,058-7,0100619,14,11A232,01,40095,0102,4,1,0,12,12/11/2024,12,12/11/2024,2,-,-, , , , , , ,-, , , ,-, ,12,12/11/2024,12,12/11/2024,1,0
14,1024,001,1,406-2,0100732,14,11A232,01,40097,0062,1,1,0,00,29/10/2024,00,29/10/2024,2,-,-,06,1, , ,04,03,-,06,00,00,-, ,00,29/10/2024,00,29/10/2024,1,8383
14,1024,001,1,406-2,0100732,14,11A232,01,40097,0096,2,1,0,06,12/11/2024,06,12/11/2024,2,-,-, , , , , , ,-, , , ,-, ,06,12/11/2024,06,12/11/2024,1,0
14,1024,001,1,406-2,0100732,14,11A232,01,40097,0031,4,1,0,00,30/10/2024,00,30/10/2024,2,-,-,01, , , ,01,01,-,01,00,00,-, ,00,30/10/2024,00,30/10/2024,1,8383
14,1024,001,1,406-2,0100732,14,11A232,01,40097,0127,3,1,0,00,29/10/2024,00,29/10/2024,2,-,-,05,1, , ,02,02,-,05,00,00,-, ,00,29/10/2024,00,29/10/2024,1,8383
14,1024,001,1,325-7,0102171,14,11A232,01,40108,0072,3,1,0,00,01/11/2024,00,01/11/2024,2,-,-,08,1, , ,03,04,-,08,00,00,-, ,00,01/11/2024,00,01/11/2024,1,8251
14,1024,001,1,325-7,0102171,14,11A232,01,40108,0104,4,1,0,00,30/10/2024,00,30/10/2024,2,-,-,06,1, , ,02,02,-,06,00,00,-, ,00,30/10/2024,00,30/10/2024,1,8251
14,1024,001,1,325-7,0102171,14,11A232,01,40108,0038,2,1,0,00,06/11/2024,00,06/11/2024,2,-,-,01, , , ,01,01,-,01,00,00,-, ,00,06/11/2024,00,06/11/2024,1,8251
14,1024,001,1,325-7,0102171,14,11A232,01,40108,0001,1,1,0,00,07/11/2024,00,07/11/2024,2,-,-,03,1, , ,02,01,-,03,00,00,-, ,16,07/11/2024,16,07/11/2024,1,0
14,1024,001,1,270-4,0100146,14,12A232,01,40117,0012,1,1,0,00,08/11/2024,00,08/11/2024,2,-,-,02,1, , ,02,01,-,02,00,00,-, ,00,08/11/2024,00,08/11/2024,1,7138
14,1024,001,1,270-4,0100146,14,12A232,01,40117,0079,4,1,0,00,04/11/2024,00,04/11/2024,2,-,-,02,1, , ,02,02,-,02,00,00,-, ,00,04/11/2024,00,04/11/2024,1,7138
14,1024,001,1,270-4,0100146,14,12A232,01,40117,0038,2,1,0,00,05/11/2024,00,05/11/2024,2,-,-,02,1, , ,02,02,-,02,00,00,-, ,00,05/11/2024,00,05/11/2024,1,7138
14,1024,001,1,270-4,0100146,14,12A232,01,40117,0056,3,1,0,00,05/11/2024,00,05/11/2024,2,-,-,04,1, , ,01,02,-,04,00,00,-, ,00,05/11/2024,00,05/11/2024,1,7138
14,1024,001,1,034-1,0101163,14,12A232,01,40127,0070,1,1,0,00,30/10/2024,00,30/10/2024,2,-,-,01, , , ,01,01,-,01,00,00,-, ,00,30/10/2024,00,30/10/2024,1,8172
14,1024,001,1,034-1,0101163,14,12A232,01,40127,0109,2,1,0,00,30/10/2024,00,30/10/2024,2,-,-,03,1, , ,01,02,-,03,00,00,-, ,00,30/10/2024,00,30/10/2024,1,8172
14,1024,001,1,034-1,0101163,14,12A232,01,40127,0130,3,1,0,00,31/10/2024,00,31/10/2024,2,-,-,06,1, , ,01,02,-,06,00,00,-, ,00,31/10/2024,00,31/10/2024,1,8172
14,1024,001,1,034-1,0101163,14,12A232,01,40127,0038,4,1,0,00,02/11/2024,00,02/11/2024,2,-,-,03,1, , ,01,03,-,03,00,00,-, ,00,02/11/2024,00,02/11/2024,1,8172
14,1024,001,1,035-6,0101252,14,12A232,01,40130,0070,2,1,0,00,31/10/2024,00,31/10/2024,2,-,-,04,1, , ,01,03,-,04,00,00,-, ,00,31/10/2024,00,31/10/2024,1,6148
14,1024,001,1,035-6,0101252,14,12A232,01,40130,0027,4,1,0,00,30/10/2024,00,30/10/2024,2,-,-,02,1, , ,02,02,-,02,00,00,-, ,00,30/10/2024,00,30/10/2024,1,6148
14,1024,001,1,035-6,0101252,14,12A232,01,40130,0049,1,1,0,00,30/10/2024,00,30/10/2024,2,-,-,06,1, , ,03,02,-,06,00,00,-, ,00,30/10/2024,00,30/10/2024,1,6148
14,1024,001,1,035-6,0101252,14,12A232,01,40130,0007,3,1,0,00,04/11/2024,00,04/11/2024,2,-,-,03,1, , ,01,01,-,03,00,00,-, ,00,04/11/2024,00,04/11/2024,1,6148
14,1024,001,1,059-1,0101541,14,12A232,01,40134,0023,1,1,0,00,01/11/2024,00,01/11/2024,2,-,-,01, , , ,01,01,-,01,00,00,-, ,00,01/11/2024,00,01/11/2024,1,8764
14,1024,001,1,059-1,0101541,14,12A232,01,40134,0109,2,1,0,00,01/11/2024,00,01/11/2024,2,-,-,01, , , ,01,01,-,01,00,00,-, ,00,01/11/2024,00,01/11/2024,1,8764
14,1024,001,1,059-1,0101541,14,12A232,01,40134,0024,3,1,0,00,13/11/2024,00,13/11/2024,2,-,-,04,1, , ,01,03,-,04,00,00,-, ,15,13/11/2024,15,13/11/2024,1,0
14,1024,001,1,059-1,0101541,14,12A232,01,40134,0090,4,1,0,00,31/10/2024,00,31/10/2024,2,-,-,04,1, , ,02,01,-,04,00,00,-, ,00,31/10/2024,00,31/10/2024,1,8764
14,1024,001,1,402-4,0100480,14,13A232,01,40147,0147,4,1,0,00,08/11/2024,00,08/11/2024,2,-,-,02,1, , ,01,02,-,02,00,00,-, ,00,08/11/2024,00,08/11/2024,1,12346
14,1024,001,1,402-4,0100480,14,13A232,01,40147,0071,2,1,0,00,05/11/2024,00,05/11/2024,2,-,-,06,1, , ,01,01,-,06,00,00,-, ,00,05/11/2024,00,05/11/2024,1,12346
14,1024,001,1,402-4,0100480,14,13A232,01,40147,0173,3,1,0,00,08/11/2024,00,08/11/2024,2,-,-,05,1, , ,01,02,-,05,00,00,-, ,00,08/11/2024,00,08/11/2024,1,12346
14,1024,001,1,402-4,0100480,14,13A232,01,40147,0024,1,1,0,06,12/11/2024,06,12/11/2024,2,-,-, , , , , , ,-, , , ,-, ,06,12/11/2024,06,12/11/2024,1,0
14,1024,001,1,067-6,0100595,14,13A232,01,40149,0096,1,1,0,00,04/11/2024,00,04/11/2024,2,-,-,01, , , ,01,01,-,01,00,00,-, ,00,04/11/2024,00,04/11/2024,1,9406
14,1024,001,1,067-6,0100595,14,13A232,01,40149,0073,3,1,0,00,04/11/2024,00,04/11/2024,2,-,-,01, , , ,01,01,-,01,00,00,-, ,00,04/11/2024,00,04/11/2024,1,9406
14,1024,001,1,067-6,0100595,14,13A232,01,40149,0007,4,1,0,00,11/11/2024,00,11/11/2024,2,-,-,02,1, , ,01,02,-,02,00,00,-, ,14,11/11/2024,14,11/11/2024,1,0
14,1024,001,1,067-6,0100595,14,13A232,01,40149,0130,2,1,0,06,12/11/2024,06,12/11/2024,2,-,-, , , , , , ,-, , , ,-, ,06,12/11/2024,06,12/11/2024,1,0
14,1024,001,1,242-2,0101313,14,13A232,01,40156,0063,4,1,0,00,30/10/2024,00,30/10/2024,2,-,-,03,1, , ,02,02,-,03,00,00,-, ,00,30/10/2024,00,30/10/2024,1,10251
14,1024,001,1,242-2,0101313,14,13A232,01,40156,0029,3,1,0,00,31/10/2024,00,31/10/2024,2,-,-,03,1, , ,02,01,-,03,00,00,-, ,00,31/10/2024,00,31/10/2024,1,10251
14,1024,001,1,242-2,0101313,14,13A232,01,40156,0128,2,1,0,00,30/10/2024,00,30/10/2024,2,-,-,01, , , ,01,01,-,01,00,00,-, ,00,30/10/2024,00,30/10/2024,1,10251
14,1024,001,1,242-2,0101313,14,13A232,01,40156,0095,1,1,0,00,01/11/2024,00,01/11/2024,2,-,-,01, , , ,01,01,-,01,00,00,-, ,00,01/11/2024,00,01/11/2024,1,10251
14,1024,001,1,247-5,0102108,14,13A232,01,40162,0092,1,1,0,00,07/11/2024,00,07/11/2024,2,-,-,01, , , ,01,01,-,01,00,00,-, ,00,07/11/2024,00,07/11/2024,1,10246
14,1024,001,1,247-5,0102108,14,13A232,01,40162,0069,4,1,0,00,04/11/2024,00,04/11/2024,2,-,-,03,1, , ,02,02,-,03,00,00,-, ,00,04/11/2024,00,04/11/2024,1,10246
14,1024,001,1,247-5,0102108,14,13A232,01,40162,0127,2,1,0,00,08/11/2024,00,08/11/2024,2,-,-,02,1, , ,01,02,-,02,00,00,-, ,00,08/11/2024,00,08/11/2024,1,10246
14,1024,001,1,247-5,0102108,14,13A232,01,40162,0031,3,1,0,00,06/11/2024,00,06/11/2024,2,-,-,03,1, , ,02,01,-,03,00,00,-, ,00,06/11/2024,00,06/11/2024,1,10246
21,1024,004,1,472-6,0206573,21,11A232,02,40087,0031,2,1,0,00,07/11/2024,00,07/11/2024,2,-,-,02,1, , ,01,02,-,02,00,00,-, ,00,07/11/2024,00,07/11/2024,1,4645
21,1024,004,1,472-6,0206573,21,11A232,02,40087,0056,3,1,0,00,29/10/2024,00,29/10/2024,2,-,-,04,1, , ,01,04,-,04,00,00,-, ,00,29/10/2024,00,29/10/2024,1,4645
21,1024,004,1,472-6,0206573,21,11A232,02,40087,0081,4,1,0,00,29/10/2024,00,29/10/2024,2,-,-,05,1, , ,02,02,-,05,00,00,-, ,00,29/10/2024,00,29/10/2024,1,4645
21,1024,004,1,472-6,0206573,21,11A232,02,40087,0007,1,1,0,00,01/11/2024,00,01/11/2024,2,-,-,06,1, , ,02,03,-,06,00,00,-, ,00,01/11/2024,00,01/11/2024,1,4645
21,1024,004,1,817-A,0204840,21,11A232,02,40093,0016,2,1,0,00,04/11/2024,00,04/11/2024,2,-,-,03,1, , ,02,01,-,03,00,00,-, ,00,04/11/2024,00,04/11/2024,1,10124
21,1024,004,1,817-A,0204840,21,11A232,02,40093,0053,3,1,0,00,05/11/2024,00,05/11/2024,2,-,-,03,1, , ,01,01,-,03,00,00,-, ,00,05/11/2024,00,05/11/2024,1,10124
21,1024,004,1,817-A,0204840,21,11A232,02,40093,0123,1,1,0,00,05/11/2024,00,05/11/2024,2,-,-,04,1, , ,01,01,-,04,00,00,-, ,00,05/11/2024,00,05/11/2024,1,10124
21,1024,004,1,817-A,0204840,21,11A232,02,40093,0104,4,1,0,00,05/11/2024,00,05/11/2024,2,-,-,03,1, , ,01,03,-,03,00,00,-, ,00,05/11/2024,00,05/11/2024,1,10124
21,1024,004,1,826-9,0205383,21,11A232,02,40097,0075,1,1,0,00,06/11/2024,00,06/11/2024,2,-,-,02,1, , ,01,01,-,02,00,00,-, ,00,06/11/2024,00,06/11/2024,1,8639
21,1024,004,1,826-9,0205383,21,11A232,02,40097,0007,2,1,0,00,02/11/2024,00,02/11/2024,2,-,-,03,1, , ,01,03,-,03,00,00,-, ,00,02/11/2024,00,02/11/2024,1,8639
21,1024,004,1,826-9,0205383,21,11A232,02,40097,0148,4,1,0,00,06/11/2024,00,06/11/2024,2,-,-,01, , , ,01,01,-,01,00,00,-, ,00,06/11/2024,00,06/11/2024,1,8639
21,1024,004,1,826-9,0205383,21,11A232,02,40097,0111,3,1,0,00,02/11/2024,00,02/11/2024,2,-,-,01, , , ,01,01,-,01,00,00,-, ,00,02/11/2024,00,02/11/2024,1,8639
21,1024,004,1,653-A,0205752,21,11A232,02,40101,0114,1,1,0,00,30/10/2024,00,30/10/2024,2,-,-,01, , , ,01,01,-,01,00,00,-, ,00,30/10/2024,00,30/10/2024,1,8184
21,1024,004,1,653-A,0205752,21,11A232,02,40101,0083,3,1,0,00,12/11/2024,00,12/11/2024,1,-,-,10,2,03,02,01,02,-,02,00,00,-, ,00,12/11/2024,00,12/11/2024,1,8184
21,1024,004,1,653-A,0205752,21,11A232,02,40101,0046,2,1,0,00,01/11/2024,00,01/11/2024,2,-,-,08,1, , ,03,01,-,08,00,00,-, ,00,01/11/2024,00,01/11/2024,1,8184
21,1024,004,1,653-A,0205752,21,11A232,02,40101,0019,4,1,0,00,06/11/2024,00,06/11/2024,2,-,-,05,1, , ,02,01,-,05,00,00,-, ,00,06/11/2024,00,06/11/2024,1,8184
21,1024,004,1,575-8,0207384,21,11A232,02,40113,0027,4,1,0,00,03/11/2024,00,03/11/2024,2,-,-,04,1, , ,01,04,-,04,00,00,-, ,00,03/11/2024,00,03/11/2024,1,6769
21,1024,004,1,575-8,0207384,21,11A232,02,40113,0083,2,1,0,00,02/11/2024,00,02/11/2024,2,-,-,02,1, , ,02,02,-,02,00,00,-, ,00,02/11/2024,00,02/11/2024,1,6769
21,1024,004,1,575-8,0207384,21,11A232,02,40113,0058,1,1,0,00,04/11/2024,00,04/11/2024,2,-,-,07,1, , ,02,01,-,07,00,00,-, ,00,04/11/2024,00,04/11/2024,1,6769
21,1024,004,1,575-8,0207384,21,11A232,02,40113,0043,3,1,0,00,03/11/2024,00,03/11/2024,2,-,-,05,1, , ,05,02,-,05,00,00,-, ,00,03/11/2024,00,03/11/2024,1,6769
21,1024,004,1,312-6,0208736,21,11A232,02,40123,0052,2,1,0,00,13/11/2024,00,13/11/2024,2,-,-,02,1, , ,02,02,-,02,00,00,-, ,00,13/11/2024,00,13/11/2024,1,6403
21,1024,004,1,312-6,0208736,21,11A232,02,40123,0028,3,1,0,00,07/11/2024,00,07/11/2024,2,-,-,01, , , ,01,01,-,01,00,00,-, ,00,07/11/2024,00,07/11/2024,1,6403
21,1024,004,1,312-6,0208736,21,11A232,02,40123,0077,1,1,0,00,14/11/2024,00,14/11/2024,2,-,-,03,1, , ,02,03,-,03,00,00,-, ,14,14/11/2024,14,14/11/2024,1,0
21,1024,004,1,312-6,0208736,21,11A232,02,40123,0010,4,1,0,01,14/11/2024,06,15/11/2024,2,-,-, , , , , , ,-, , , ,-, ,01,14/11/2024,06,15/11/2024,1,0
21,1024,004,1,676-0,0204960,21,11A232,02,40127,0084,2,1,0,00,01/11/2024,00,01/11/2024,2,-,-,05,1, , ,01,01,-,05,00,00,-, ,00,01/11/2024,00,01/11/2024,1,9457
21,1024,004,1,676-0,0204960,21,11A232,02,40127,0059,4,1,0,00,01/11/2024,00,01/11/2024,2,-,-,03,1, , ,01,01,-,03,00,00,-, ,00,01/11/2024,00,01/11/2024,1,9457
21,1024,004,1,676-0,0204960,21,11A232,02,40127,0005,1,1,0,00,09/11/2024,00,09/11/2024,2,-,-,05,1, , ,02,01,-,05,00,00,-, ,00,09/11/2024,00,09/11/2024,1,9457
21,1024,004,1,676-0,0204960,21,11A232,02,40127,0035,3,1,0,00,04/11/2024,00,04/11/2024,2,-,-,05,1, , ,04,03,-,05,00,00,-, ,00,04/11/2024,00,04/11/2024,1,9457
21,1024,004,1,061-5,0204818,21,12A232,02,40132,0142,4,1,0,00,12/11/2024,00,12/11/2024,2,-,-,04,1, , ,01,01,-,04,00,00,-, ,00,12/11/2024,00,12/11/2024,1,8632
21,1024,004,1,061-5,0204818,21,12A232,02,40132,0058,2,1,0,00,29/10/2024,00,29/10/2024,2,-,-,04,1, , ,02,02,-,04,00,00,-, ,00,29/10/2024,00,29/10/2024,1,8632
21,1024,004,1,061-5,0204818,21,12A232,02,40132,0102,3,1,0,00,11/11/2024,00,11/11/2024,2,-,-,04,1, , ,01,02,-,04,00,00,-, ,00,11/11/2024,00,11/11/2024,1,8632
21,1024,004,1,061-5,0204818,21,12A232,02,40132,0015,1,1,0,00,29/10/2024,00,29/10/2024,2,-,-,01, , , ,01,01,-,01,00,00,-, ,00,29/10/2024,00,29/10/2024,1,8632
21,1024,004,1,181-0,0205745,21,12A232,02,40136,0118,4,1,0,00,31/10/2024,00,31/10/2024,2,-,-,04,1, , ,01,01,-,04,00,00,-, ,00,31/10/2024,00,31/10/2024,1,9235
21,1024,004,1,181-0,0205745,21,12A232,02,40136,0086,3,1,0,00,11/11/2024,00,11/11/2024,2,-,-,04,1, , ,01,03,-,04,00,00,-, ,00,11/11/2024,00,11/11/2024,1,9235
21,1024,004,1,181-0,0205745,21,12A232,02,40136,0055,2,1,0,00,04/11/2024,00,04/11/2024,2,-,-,06,1, , ,01,04,-,06,00,00,-, ,00,04/11/2024,00,04/11/2024,1,9235
21,1024,004,1,181-0,0205745,21,12A232,02,40136,0024,1,1,0,00,04/11/2024,00,04/11/2024,2,-,-,02,1, , ,02,01,-,02,00,00,-, ,00,04/11/2024,00,04/11/2024,1,9235
21,1024,004,1,755-7,0206805,21,12A232,02,40139,0039,1,1,0,06,09/11/2024,06,09/11/2024,2,-,-, , , , , , ,-, , , ,-, ,06,09/11/2024,06,09/11/2024,1,0
21,1024,004,1,755-7,0206805,21,12A232,02,40139,0080,2,1,0,00,29/10/2024,00,29/10/2024,2,-,-,03,1, , ,01,01,-,03,00,00,-, ,00,29/10/2024,00,29/10/2024,1,8137
21,1024,004,1,755-7,0206805,21,12A232,02,40139,0159,4,1,0,00,05/11/2024,00,05/11/2024,2,-,-,04,1, , ,02,01,-,04,00,00,-, ,00,05/11/2024,00,05/11/2024,1,8137
21,1024,004,1,755-7,0206805,21,12A232,02,40139,0119,3,1,0,00,09/11/2024,00,09/11/2024,2,-,-,04,1, , ,02,03,-,04,00,00,-, ,00,09/11/2024,00,09/11/2024,1,8137
21,1024,004,1,690-0,0208040,21,12A232,02,40145,0048,2,1,0,00,04/11/2024,00,04/11/2024,2,-,-,03,1, , ,02,01,-,03,00,00,-, ,00,04/11/2024,00,04/11/2024,1,8484
21,1024,004,1,690-0,0208040,21,12A232,02,40145,0014,1,1,0,00,30/10/2024,00,30/10/2024,2,-,-,03,1, , ,01,01,-,03,00,00,-, ,00,30/10/2024,00,30/10/2024,1,8484
21,1024,004,1,690-0,0208040,21,12A232,02,40145,0139,3,1,0,00,04/11/2024,00,04/11/2024,2,-,-,01, , , ,01,01,-,01,00,00,-, ,00,04/11/2024,00,04/11/2024,1,8484
21,1024,004,1,690-0,0208040,21,12A232,02,40145,0091,4,1,0,00,04/11/2024,00,04/11/2024,2,-,-,05,1, , ,01,02,-,05,00,00,-, ,00,04/11/2024,00,04/11/2024,1,8484
21,1024,004,1,542-3,0204345,21,13A232,02,40153,0082,3,1,0,00,28/10/2024,00,28/10/2024,2,-,-,02,1, , ,01,01,-,02,00,00,-, ,00,28/10/2024,00,28/10/2024,1,9775
21,1024,004,1,542-3,0204345,21,13A232,02,40153,0021,1,1,0,01,02/11/2024,06,15/11/2024,2,-,-, , , , , , ,-, , , ,-, ,01,02/11/2024,06,15/11/2024,1,0
21,1024,004,1,542-3,0204345,21,13A232,02,40153,0110,4,1,0,00,13/11/2024,00,13/11/2024,2,-,-,02,1, , ,02,01,-,02,00,00,-, ,00,13/11/2024,00,13/11/2024,1,9775
21,1024,004,1,542-3,0204345,21,13A232,02,40153,0052,2,1,0,00,08/11/2024,00,08/11/2024,2,-,-,01, , , ,01,01,-,01,00,00,-, ,00,08/11/2024,00,08/11/2024,1,9775
21,1024,004,1,342-7,0206172,21,13A232,02,40156,0019,2,1,0,00,12/11/2024,00,12/11/2024,2,-,-,04,1, , ,02,02,-,04,00,00,-, ,00,12/11/2024,00,12/11/2024,1,4679
21,1024,004,1,342-7,0206172,21,13A232,02,40156,0051,4,1,0,00,09/11/2024,00,09/11/2024,2,-,-,01, , , ,01,01,-,01,00,00,-, ,00,09/11/2024,00,09/11/2024,1,4679
21,1024,004,1,342-7,0206172,21,13A232,02,40156,0036,3,1,0,00,14/11/2024,00,14/11/2024,2,-,-,04,1, , ,01,02,-,04,00,00,-, ,14,14/11/2024,14,14/11/2024,1,0
21,1024,004,1,342-7,0206172,21,13A232,02,40156,0003,1,1,0,00,13/11/2024,00,13/11/2024,2,-,-,01, , , ,01,01,-,01,00,00,-, ,00,13/11/2024,00,13/11/2024,1,4679
21,1024,004,1,643-6,0207587,21,13A232,02,40162,0052,2,1,0,06,02/11/2024,06,15/11/2024,2,-,-, , , , , , ,-, , , ,-, ,06,02/11/2024,06,15/11/2024,1,0
21,1024,004,1,643-6,0207587,21,13A232,02,40162,0099,3,1,0,00,08/11/2024,00,08/11/2024,2,-,-,03,1, , ,01,01,-,03,00,00,-, ,00,08/11/2024,00,08/11/2024,1,10086
21,1024,004,1,643-6,0207587,21,13A232,02,40162,0131,4,1,0,00,30/10/2024,00,30/10/2024,2,-,-,04,1, , ,02,02,-,04,00,00,-, ,00,30/10/2024,00,30/10/2024,1,10086
21,1024,004,1,643-6,0207587,21,13A232,02,40162,0017,1,1,0,00,30/10/2024,00,30/10/2024,2,-,-,01, , , ,01,01,-,01,00,00,-, ,00,30/10/2024,00,30/10/2024,1,10086
40,1024,003,1,303-4,0300817,40,11A232,03,40078,0049,1,1,0,00,14/11/2024,00,14/11/2024,2,-,-,04,1, , ,04,01,-,04,00,00,-, ,15,14/11/2024,15,14/11/2024,1,0
40,1024,003,1,303-4,0300817,40,11A232,03,40078,0118,2,1,0,00,30/10/2024,00,30/10/2024,2,-,-,04,1, , ,01,04,-,04,00,00,-, ,00,30/10/2024,00,30/10/2024,1,10038
40,1024,003,1,303-4,0300817,40,11A232,03,40078,0162,3,1,0,00,30/10/2024,00,30/10/2024,1,-,-,07,2,02,01,01,01,-,01,00,00,-, ,00,30/10/2024,00,30/10/2024,1,10038
40,1024,003,1,303-4,0300817,40,11A232,03,40078,0032,4,1,0,00,06/11/2024,00,06/11/2024,2,-,-,02,1, , ,01,02,-,02,00,00,-, ,00,06/11/2024,00,06/11/2024,1,10038
40,1024,003,1,427-8,0300485,40,12A232,03,40087,0143,2,1,0,06,04/11/2024,06,04/11/2024,2,-,-, , , , , , ,-, , , ,-, ,06,04/11/2024,06,04/11/2024,1,0
40,1024,003,1,427-8,0300485,40,12A232,03,40087,0064,4,1,0,00,07/11/2024,00,07/11/2024,2,-,-,01, , , ,01,01,-,01,00,00,-, ,00,07/11/2024,00,07/11/2024,1,8814
40,1024,003,1,427-8,0300485,40,12A232,03,40087,0104,1,1,0,00,07/11/2024,00,07/11/2024,2,-,-,02,1, , ,01,01,-,02,00,00,-, ,00,07/11/2024,00,07/11/2024,1,8814
40,1024,003,1,427-8,0300485,40,12A232,03,40087,0023,3,1,0,00,04/11/2024,00,04/11/2024,2,-,-,04,1, , ,02,03,-,04,00,00,-, ,00,04/11/2024,00,04/11/2024,1,8814
40,1024,003,1,207-4,0301013,40,12A232,03,40091,0092,1,1,0,00,06/11/2024,00,06/11/2024,2,-,-,01, , , ,01,01,-,01,00,00,-, ,00,06/11/2024,00,06/11/2024,1,8053
40,1024,003,1,207-4,0301013,40,12A232,03,40091,0145,2,1,0,00,30/10/2024,00,30/10/2024,2,-,-,03,1, , ,02,01,-,03,00,00,-, ,00,30/10/2024,00,30/10/2024,1,8053
40,1024,003,1,207-4,0301013,40,12A232,03,40091,0037,4,1,0,00,29/10/2024,00,29/10/2024,2,-,-,02,1, , ,01,01,-,02,00,00,-, ,00,29/10/2024,00,29/10/2024,1,8053
40,1024,003,1,207-4,0301013,40,12A232,03,40091,0003,3,1,0,00,29/10/2024,00,29/10/2024,2,-,-,01, , , ,01,01,-,01,00,00,-, ,00,29/10/2024,00,29/10/2024,1,8053
40,1024,003,1,462-A,0300660,40,12A232,03,40097,0125,4,1,0,07,04/11/2024,07,04/11/2024,2,-,-, , , , , , ,-, , , ,-, ,07,04/11/2024,07,04/11/2024,1,0
40,1024,003,1,462-A,0300660,40,12A232,03,40097,0170,3,1,0,00,01/11/2024,00,01/11/2024,2,-,-,01, , , ,01,01,-,01,00,00,-, ,00,01/11/2024,00,01/11/2024,1,13184
40,1024,003,1,462-A,0300660,40,12A232,03,40097,0103,2,1,0,00,15/11/2024,00,15/11/2024,2,-,-,04,1, , ,02,03,-,04,00,00,-, ,00,15/11/2024,00,15/11/2024,1,13184
40,1024,003,1,462-A,0300660,40,12A232,03,40097,0038,1,1,0,00,11/11/2024,00,11/11/2024,2,-,-,05,1, , ,02,03,-,05,00,00,-, ,00,11/11/2024,00,11/11/2024,1,13184
40,1024,003,1,227-1,0300792,40,12A232,03,40100,0034,1,1,0,00,29/10/2024,00,29/10/2024,2,-,-,04,1, , ,01,01,-,04,00,00,-, ,00,29/10/2024,00,29/10/2024,1,8233
40,1024,003,1,227-1,0300792,40,12A232,03,40100,0136,4,1,0,00,11/11/2024,00,11/11/2024,2,-,-,01, , , ,01,01,-,01,00,00,-, ,00,11/11/2024,00,11/11/2024,1,8233
40,1024,003,1,227-1,0300792,40,12A232,03,40100,0082,3,1,0,00,04/11/2024,00,04/11/2024,2,-,-,02,1, , ,02,01,-,02,00,00,-, ,00,04/11/2024,00,04/11/2024,1,8233
40,1024,003,1,227-1,0300792,40,12A232,03,40100,0119,2,1,0,00,29/10/2024,00,29/10/2024,2,-,-,01, , , ,01,01,-,01,00,00,-, ,00,29/10/2024,00,29/10/2024,1,8233
40,1024,003,1,345-8,0300901,40,12A232,03,40106,0112,3,1,0,00,31/10/2024,00,31/10/2024,2,-,-,03,1, , ,02,03,-,03,00,00,-, ,00,31/10/2024,00,31/10/2024,1,8954
40,1024,003,1,345-8,0300901,40,12A232,03,40106,0155,1,1,0,00,05/11/2024,00,05/11/2024,2,-,-,06,1, , ,01,01,-,06,00,00,-, ,00,05/11/2024,00,05/11/2024,1,8954
40,1024,003,1,345-8,0300901,40,12A232,03,40106,0060,2,1,0,00,30/10/2024,00,30/10/2024,2,-,-,04,1, , ,01,02,-,04,00,00,-, ,16,30/10/2024,16,30/10/2024,1,0
40,1024,003,1,345-8,0300901,40,12A232,03,40106,0052,4,1,0,00,31/10/2024,00,31/10/2024,2,-,-,03,1, , ,02,02,-,03,00,00,-, ,00,31/10/2024,00,31/10/2024,1,8954
40,1024,003,1,307-2,0300528,40,13A232,03,40123,0111,3,1,0,00,31/10/2024,00,31/10/2024,2,-,-,02,1, , ,02,02,-,02,00,00,-, ,00,31/10/2024,00,31/10/2024,1,10553
40,1024,003,1,307-2,0300528,40,13A232,03,40123,0072,2,1,0,00,31/10/2024,00,31/10/2024,2,-,-,03,1, , ,02,02,-,03,00,00,-, ,00,31/10/2024,00,31/10/2024,1,10553
40,1024,003,1,307-2,0300528,40,13A232,03,40123,0034,1,1,0,00,06/11/2024,00,06/11/2024,1,-,-,06,2,03,01,01,01,-,01,00,00,-, ,00,06/11/2024,00,06/11/2024,1,10553
40,1024,003,1,307-2,0300528,40,13A232,03,40123,0146,4,1,0,00,05/11/2024,00,05/11/2024,2,-,-,03,1, , ,02,01,-,03,00,00,-, ,00,05/11/2024,00,05/11/2024,1,10553
40,1024,003,1,336-9,0300723,40,13A232,03,40130,0105,1,1,0,00,13/11/2024,00,13/11/2024,2,-,-,02,1, , ,01,02,-,02,00,00,-, ,00,13/11/2024,00,13/11/2024,1,10633
40,1024,003,1,336-9,0300723,40,13A232,03,40130,0090,4,1,0,00,05/11/2024,00,05/11/2024,2,-,-,02,1, , ,01,02,-,02,00,00,-, ,00,05/11/2024,00,05/11/2024,1,10633
40,1024,003,1,336-9,0300723,40,13A232,03,40130,0030,2,1,0,01,05/11/2024,01,05/11/2024,2,-,-, , , , , , ,-, , , ,-, ,01,05/11/2024,01,05/11/2024,1,0
40,1024,003,1,336-9,0300723,40,13A232,03,40130,0061,3,1,0,00,31/10/2024,00,31/10/2024,2,-,-,01, , , ,01,01,-,01,00,00,-, ,00,31/10/2024,00,31/10/2024,1,10633
40,1024,003,1,335-4,0300742,40,13A232,03,40132,0093,3,1,0,00,31/10/2024,00,31/10/2024,2,-,-,05,1, , ,01,01,-,05,00,00,-, ,00,31/10/2024,00,31/10/2024,1,10631
40,1024,003,1,335-4,0300742,40,13A232,03,40132,0055,2,1,0,00,13/11/2024,00,13/11/2024,2,-,-,03,1, , ,02,01,-,03,00,00,-, ,00,13/11/2024,00,13/11/2024,1,10631
40,1024,003,1,335-4,0300742,40,13A232,03,40132,0019,1,1,0,00,04/11/2024,00,04/11/2024,2,-,-,02,1, , ,02,01,-,02,00,00,-, ,15,04/11/2024,15,04/11/2024,1,0
40,1024,003,1,335-4,0300742,40,13A232,03,40132,0126,4,1,0,00,04/11/2024,00,04/11/2024,2,-,-,04,1, , ,02,02,-,04,00,00,-, ,00,04/11/2024,00,04/11/2024,1,10631
40,1024,003,1,224-8,0301005,40,13A232,03,40139,0133,1,1,0,06,11/11/2024,06,11/11/2024,2,-,-, , , , , , ,-, , , ,-, ,06,11/11/2024,06,11/11/2024,1,0
40,1024,003,1,224-8,0301005,40,13A232,03,40139,0066,3,1,0,00,07/11/2024,00,07/11/2024,2,-,-,04,1, , ,01,01,-,04,00,00,-, ,00,07/11/2024,00,07/11/2024,1,9015
40,1024,003,1,224-8,0301005,40,13A232,03,40139,0100,4,1,0,06,05/11/2024,06,05/11/2024,2,-,-, , , , , , ,-, , , ,-, ,06,05/11/2024,06,05/11/2024,1,0
40,1024,003,1,224-8,0301005,40,13A232,03,40139,0024,2,1,0,00,14/11/2024,00,14/11/2024,2,-,-,04,1, , ,01,01,-,04,00,00,-, ,00,14/11/2024,00,14/11/2024,1,9015
28,1024,002,1,071-3,0400401,28,11A232,04,40082,0012,3,1,0,00,30/10/2024,00,30/10/2024,2,-,-,08,1, , ,04,04,-,08,00,00,-, ,00,30/10/2024,00,30/10/2024,1,7949
28,1024,002,1,071-3,0400401,28,11A232,04,40082,0084,2,1,0,00,30/10/2024,00,30/10/2024,2,-,-,03,1, , ,02,02,-,03,00,00,-, ,00,30/10/2024,00,30/10/2024,1,7949
28,1024,002,1,071-3,0400401,28,11A232,04,40082,0056,1,1,0,00,31/10/2024,00,31/10/2024,2,-,-,01, , , ,01,01,-,01,00,00,-, ,00,31/10/2024,00,31/10/2024,1,7949
28,1024,002,1,071-3,0400401,28,11A232,04,40082,0033,4,1,0,00,30/10/2024,00,30/10/2024,2,-,-,02,1, , ,02,02,-,02,00,00,-, ,00,30/10/2024,00,30/10/2024,1,7949
28,1024,002,1,202-9,0400649,28,11A232,04,40094,0016,1,1,0,00,29/10/2024,00,29/10/2024,2,-,-,07,1, , ,02,01,-,07,00,00,-, ,00,29/10/2024,00,29/10/2024,1,7624
28,1024,002,1,202-9,0400649,28,11A232,04,40094,0053,2,1,0,00,29/10/2024,00,29/10/2024,2,-,-,05,1, , ,02,01,-,05,00,00,-, ,00,29/10/2024,00,29/10/2024,1,7624
28,1024,002,1,202-9,0400649,28,11A232,04,40094,0105,4,1,0,00,29/10/2024,00,29/10/2024,1,-,-,02,1, , ,02,01,-,02,00,00,-, ,00,29/10/2024,00,29/10/2024,1,7624
28,1024,002,1,202-9,0400649,28,11A232,04,40094,0125,3,1,0,00,06/11/2024,00,06/11/2024,2,-,-,05,1, , ,02,01,-,05,00,00,-, ,00,06/11/2024,00,06/11/2024,1,7624
28,1024,002,1,217-5,0400752,28,11A232,04,40098,0098,1,1,0,00,31/10/2024,00,31/10/2024,2,-,-,05,1, , ,02,03,-,05,00,00,-, ,00,31/10/2024,00,31/10/2024,1,7119
28,1024,002,1,217-5,0400752,28,11A232,04,40098,0015,4,1,0,00,31/10/2024,00,31/10/2024,2,-,-,02,1, , ,01,01,-,02,00,00,-, ,00,31/10/2024,00,31/10/2024,1,7119
28,1024,002,1,217-5,0400752,28,11A232,04,40098,0058,2,1,0,00,31/10/2024,00,31/10/2024,2,-,-,05,1, , ,02,02,-,05,00,00,-, ,00,31/10/2024,00,31/10/2024,1,7119
28,1024,002,1,217-5,0400752,28,11A232,04,40098,0046,3,1,0,00,05/11/2024,00,05/11/2024,2,-,-,02,1, , ,02,01,-,02,00,00,-, ,00,05/11/2024,00,05/11/2024,1,7119
28,1024,002,1,068-1,0400779,28,11A232,04,40100,0043,2,1,0,00,14/11/2024,00,14/11/2024,2,-,-,02,1, , ,01,01,-,02,00,00,-, ,00,14/11/2024,00,14/11/2024,1,7742
28,1024,002,1,068-1,0400779,28,11A232,04,40100,0095,4,1,0,00,01/11/2024,00,01/11/2024,2,-,-,03,1, , ,01,01,-,03,00,00,-, ,00,01/11/2024,00,01/11/2024,1,7742
28,1024,002,1,068-1,0400779,28,11A232,04,40100,0075,3,1,0,00,01/11/2024,00,01/11/2024,2,-,-,03,1, , ,01,01,-,03,00,00,-, ,00,01/11/2024,00,01/11/2024,1,7742
28,1024,002,1,068-1,0400779,28,11A232,04,40100,0023,1,1,0,00,14/11/2024,00,14/11/2024,2,-,-,03,1, , ,01,02,-,03,00,00,-, ,14,14/11/2024,14,14/11/2024,1,0
28,1024,002,1,073-2,0400306,28,12A232,04,40111,0163,4,1,0,00,31/10/2024,00,31/10/2024,2,-,-,03,1, , ,02,02,-,03,00,00,-, ,00,31/10/2024,00,31/10/2024,1,7316
28,1024,002,1,073-2,0400306,28,12A232,04,40111,0098,3,1,0,00,05/11/2024,00,05/11/2024,2,-,-,03,1, , ,01,02,-,03,00,00,-, ,00,05/11/2024,00,05/11/2024,1,7316
28,1024,002,1,073-2,0400306,28,12A232,04,40111,0060,2,1,0,00,04/11/2024,00,04/11/2024,2,-,-,02,1, , ,02,01,-,02,00,00,-, ,00,04/11/2024,00,04/11/2024,1,7316
28,1024,002,1,073-2,0400306,28,12A232,04,40111,0018,1,1,0,00,05/11/2024,00,05/11/2024,2,-,-,03,1, , ,03,01,-,03,00,00,-, ,00,05/11/2024,00,05/11/2024,1,7316
28,1024,002,1,107-3,0400522,28,12A232,04,40120,0011,1,1,0,00,30/10/2024,00,30/10/2024,2,-,-,02,1, , ,02,01,-,02,00,00,-, ,00,30/10/2024,00,30/10/2024,1,6913
28,1024,002,1,107-3,0400522,28,12A232,04,40120,0087,3,1,0,00,30/10/2024,00,30/10/2024,2,-,-,03,1, , ,01,02,-,03,00,00,-, ,00,30/10/2024,00,30/10/2024,1,6913
28,1024,002,1,107-3,0400522,28,12A232,04,40120,0130,2,1,0,00,30/10/2024,00,30/10/2024,2,-,-,02,1, , ,02,02,-,02,00,00,-, ,00,30/10/2024,00,30/10/2024,1,6913
28,1024,002,1,107-3,0400522,28,12A232,04,40120,0075,4,1,0,00,31/10/2024,00,31/10/2024,2,-,-,01, , , ,01,01,-,01,00,00,-, ,00,31/10/2024,00,31/10/2024,1,6913
28,1024,002,1,214-1,0400607,28,12A232,04,40126,0109,3,1,0,00,06/11/2024,00,06/11/2024,2,-,-,02,1, , ,01,02,-,02,00,00,-, ,00,06/11/2024,00,06/11/2024,1,7085
28,1024,002,1,214-1,0400607,28,12A232,04,40126,0147,1,1,0,00,01/11/2024,00,01/11/2024,2,-,-,04,1, , ,02,02,-,04,00,00,-, ,00,01/11/2024,00,01/11/2024,1,7085
28,1024,002,1,214-1,0400607,28,12A232,04,40126,0126,2,1,0,00,31/10/2024,00,31/10/2024,2,-,-,02,1, , ,01,02,-,02,00,00,-, ,00,31/10/2024,00,31/10/2024,1,7085
28,1024,002,1,214-1,0400607,28,12A232,04,40126,0022,4,1,0,00,30/10/2024,00,30/10/2024,2,-,-,04,1, , ,02,02,-,04,00,00,-, ,00,30/10/2024,00,30/10/2024,1,7085
28,1024,002,1,221-1,0400731,28,12A232,04,40130,0140,4,1,0,00,08/11/2024,00,08/11/2024,2,-,-,04,1, , ,02,01,-,04,00,00,-, ,00,08/11/2024,00,08/11/2024,1,7425
28,1024,002,1,221-1,0400731,28,12A232,04,40130,0009,1,1,0,00,01/11/2024,00,01/11/2024,2,-,-,03,1, , ,02,03,-,03,00,00,-, ,00,01/11/2024,00,01/11/2024,1,7425
28,1024,002,1,221-1,0400731,28,12A232,04,40130,0094,3,1,0,00,08/11/2024,00,08/11/2024,2,-,-,03,1, , ,02,01,-,03,00,00,-, ,00,08/11/2024,00,08/11/2024,1,7425
28,1024,002,1,221-1,0400731,28,12A232,04,40130,0057,2,1,0,00,05/11/2024,00,05/11/2024,2,-,-,03,1, , ,03,03,-,03,00,00,-, ,00,05/11/2024,00,05/11/2024,1,7425
28,1024,002,1,240-4,0400351,28,13A232,04,40137,0048,1,1,0,00,08/11/2024,00,08/11/2024,2,-,-,04,1, , ,02,04,-,04,00,00,-, ,14,08/11/2024,14,08/11/2024,1,0
28,1024,002,1,240-4,0400351,28,13A232,04,40137,0090,2,1,0,00,29/10/2024,00,29/10/2024,2,-,-,02,1, , ,01,01,-,02,00,00,-, ,00,29/10/2024,00,29/10/2024,1,5789
28,1024,002,1,240-4,0400351,28,13A232,04,40137,0006,4,1,0,00,28/10/2024,00,28/10/2024,2,-,-,05,1, , ,01,01,-,05,00,00,-, ,00,28/10/2024,00,28/10/2024,1,5789
28,1024,002,1,240-4,0400351,28,13A232,04,40137,0155,3,1,0,00,29/10/2024,00,29/10/2024,2,-,-,01, , , ,01,01,-,01,00,00,-, ,00,29/10/2024,00,29/10/2024,1,5789
28,1024,002,1,214-1,0400412,28,13A232,04,40139,0045,4,1,0,00,01/11/2024,00,01/11/2024,2,-,-,02,1, , ,01,02,-,02,00,00,-, ,00,01/11/2024,00,01/11/2024,1,10089
28,1024,002,1,214-1,0400412,28,13A232,04,40139,0130,2,1,0,00,08/11/2024,00,08/11/2024,2,-,-,04,1, , ,01,02,-,04,00,00,-, ,00,08/11/2024,00,08/11/2024,1,10089
28,1024,002,1,214-1,0400412,28,13A232,04,40139,0004,3,1,0,00,29/10/2024,00,29/10/2024,2,-,-,02,1, , ,02,01,-,02,00,00,-, ,00,29/10/2024,00,29/10/2024,1,10089
28,1024,002,1,214-1,0400412,28,13A232,04,40139,0071,1,1,0,00,29/10/2024,00,29/10/2024,2,-,-,04,1, , ,02,01,-,04,00,00,-, ,00,29/10/2024,00,29/10/2024,1,10089
17,1024,030,1,258-3,0504539,17,12A232,05,41236,0068,2,1,0,00,07/11/2024,00,07/11/2024,2,-,-,06,1, , ,06,02,-,06,00,00,-, ,00,07/11/2024,00,07/11/2024,1,8818
17,1024,030,1,258-3,0504539,17,12A232,05,41236,0103,3,1,0,00,07/11/2024,00,07/11/2024,2,-,-,04,1, , ,03,02,-,04,00,00,-, ,00,07/11/2024,00,07/11/2024,1,8818
17,1024,030,1,258-3,0504539,17,12A232,05,41236,0139,4,1,0,00,14/11/2024,00,14/11/2024,1,-,-,06,2,02,02,02,01,-,02,00,00,-, ,00,14/11/2024,00,14/11/2024,1,8818
17,1024,030,1,258-3,0504539,17,12A232,05,41236,0030,1,1,0,00,07/11/2024,00,07/11/2024,2,-,-,04,1, , ,01,03,-,04,00,00,-, ,00,07/11/2024,00,07/11/2024,1,8818
17,1024,030,1,041-1,0504693,17,12A232,05,41238,0142,4,1,0,00,06/11/2024,00,06/11/2024,2,-,-,06,1, , ,02,02,-,06,00,00,-, ,00,06/11/2024,00,06/11/2024,1,8240
17,1024,030,1,041-1,0504693,17,12A232,05,41238,0080,2,1,0,00,31/10/2024,00,31/10/2024,2,-,-,03,1, , ,02,02,-,03,00,00,-, ,00,31/10/2024,00,31/10/2024,1,8240
17,1024,030,1,041-1,0504693,17,12A232,05,41238,0091,3,1,0,00,08/11/2024,00,08/11/2024,1,-,-,05,2,02,03,02,02,-,03,00,00,-, ,00,08/11/2024,00,08/11/2024,1,8240
17,1024,030,1,041-1,0504693,17,12A232,05,41238,0012,1,1,0,00,12/11/2024,00,12/11/2024,2,-,-,05,1, , ,04,01,-,05,00,00,-, ,16,12/11/2024,16,12/11/2024,1,0
17,1024,030,1,260-0,0505049,17,12A232,05,41245,0102,3,1,0,00,31/10/2024,00,31/10/2024,1,-,-,05,2,02,01,01,01,-,01,00,00,-, ,00,31/10/2024,00,31/10/2024,1,8076
17,1024,030,1,260-0,0505049,17,12A232,05,41245,0020,1,1,0,00,12/11/2024,00,12/11/2024,2,-,-,03,1, , ,01,03,-,03,00,00,-, ,00,12/11/2024,00,12/11/2024,1,8076
17,1024,030,1,260-0,0505049,17,12A232,05,41245,0062,2,1,0,00,13/11/2024,00,13/11/2024,2,-,-,03,1, , ,02,01,-,03,00,00,-, ,00,13/11/2024,00,13/11/2024,1,8076
17,1024,030,1,260-0,0505049,17,12A232,05,41245,0140,4,1,0,00,31/10/2024,00,31/10/2024,2,-,-,01, , , ,01,01,-,01,00,00,-, ,00,31/10/2024,00,31/10/2024,1,8076
17,1024,030,1,211-7,0503940,17,13A232,05,41258,0050,2,1,0,00,31/10/2024,00,31/10/2024,2,-,-,06,1, , ,02,01,-,06,00,00,-, ,00,31/10/2024,00,31/10/2024,1,9908
17,1024,030,1,211-7,0503940,17,13A232,05,41258,0019,1,1,0,00,07/11/2024,00,07/11/2024,2,-,-,05,1, , ,01,02,-,05,00,00,-, ,00,07/11/2024,00,07/11/2024,1,9908
17,1024,030,1,211-7,0503940,17,13A232,05,41258,0087,3,1,0,00,04/11/2024,00,04/11/2024,2,-,-,04,1, , ,01,03,-,04,00,00,-, ,00,04/11/2024,00,04/11/2024,1,9908
17,1024,030,1,211-7,0503940,17,13A232,05,41258,0119,4,1,0,00,31/10/2024,00,31/10/2024,2,-,-,01, , , ,01,01,-,01,00,00,-, ,00,31/10/2024,00,31/10/2024,1,9908
17,1024,030,1,011-0,0504083,17,13A232,05,41259,0116,4,1,0,00,13/11/2024,00,13/11/2024,2,-,-,02,1, , ,01,01,-,02,00,00,-, ,00,13/11/2024,00,13/11/2024,1,8536
17,1024,030,1,011-0,0504083,17,13A232,05,41259,0088,3,1,0,00,14/11/2024,00,14/11/2024,2,-,-,01, , , ,01,01,-,01,00,00,-, ,00,14/11/2024,00,14/11/2024,1,8536
17,1024,030,1,011-0,0504083,17,13A232,05,41259,0026,1,1,0,01,11/11/2024,01,11/11/2024,2,-,-, , , , , , ,-, , , ,-, ,01,11/11/2024,01,11/11/2024,1,0
17,1024,030,1,011-0,0504083,17,13A232,05,41259,0075,2,1,0,00,06/11/2024,00,06/11/2024,2,-,-,04,1, , ,02,03,-,04,00,00,-, ,00,06/11/2024,00,06/11/2024,1,8536
17,1024,030,1,249-4,0504556,17,13A232,05,41262,0103,4,1,0,00,14/11/2024,00,14/11/2024,2,-,-,01, , , ,01,01,-,01,00,00,-, ,00,14/11/2024,00,14/11/2024,1,10498
17,1024,030,1,249-4,0504556,17,13A232,05,41262,0017,2,1,0,00,29/10/2024,00,29/10/2024,2,-,-,07,1, , ,01,01,-,07,00,00,-, ,00,29/10/2024,00,29/10/2024,1,10498
17,1024,030,1,249-4,0504556,17,13A232,05,41262,0002,1,1,0,00,29/10/2024,00,29/10/2024,2,-,-,02,1, , ,01,01,-,02,00,00,-, ,00,29/10/2024,00,29/10/2024,1,10498
17,1024,030,1,249-4,0504556,17,13A232,05,41262,0070,3,1,0,08,05/11/2024,08,05/11/2024,2,-,-, , , , , , ,-, , , ,-, ,08,05/11/2024,08,05/11/2024,1,0
17,1024,027,1,177-2,0502815,17,11A232,05,41314,0027,1,1,0,05,29/10/2024,05,29/10/2024,2,-,-, , , , , , ,-, , , ,-, ,05,29/10/2024,05,29/10/2024,1,0
17,1024,027,1,177-2,0502815,17,11A232,05,41314,0142,4,1,0,00,05/11/2024,00,05/11/2024,2,-,-,02,1, , ,02,02,-,02,00,00,-, ,00,05/11/2024,00,05/11/2024,1,8534
17,1024,027,1,177-2,0502815,17,11A232,05,41314,0105,3,1,0,00,05/11/2024,00,05/11/2024,2,-,-,03,1, , ,01,03,-,03,00,00,-, ,00,05/11/2024,00,05/11/2024,1,8534
17,1024,027,1,177-2,0502815,17,11A232,05,41314,0066,2,1,0,05,29/10/2024,05,29/10/2024,2,-,-, , , , , , ,-, , , ,-, ,05,29/10/2024,05,29/10/2024,1,0
17,1024,027,1,164-5,0502971,17,11A232,05,41318,0069,3,1,0,00,30/10/2024,00,30/10/2024,2,-,-,04,1, , ,02,02,-,04,00,00,-, ,00,30/10/2024,00,30/10/2024,1,9297
17,1024,027,1,164-5,0502971,17,11A232,05,41318,0046,2,1,0,00,04/11/2024,00,04/11/2024,2,-,-,04,1, , ,02,01,-,04,00,00,-, ,00,04/11/2024,00,04/11/2024,1,9297
17,1024,027,1,164-5,0502971,17,11A232,05,41318,0093,4,1,0,00,11/11/2024,00,11/11/2024,2,-,-,03,1, , ,02,01,-,03,00,00,-, ,00,11/11/2024,00,11/11/2024,1,9297
17,1024,027,1,164-5,0502971,17,11A232,05,41318,0025,1,1,0,00,30/10/2024,00,30/10/2024,2,-,-,06,1, , ,02,02,-,06,00,00,-, ,00,30/10/2024,00,30/10/2024,1,9297
17,1024,030,1,300-7,0503485,17,11A232,05,41322,0079,3,1,0,00,13/11/2024,00,13/11/2024,2,-,-,01, , , ,01,01,-,01,00,00,-, ,00,13/11/2024,00,13/11/2024,1,8189
17,1024,030,1,300-7,0503485,17,11A232,05,41322,0055,2,1,0,00,07/11/2024,00,07/11/2024,2,-,-,02,1, , ,02,01,-,02,00,00,-, ,00,07/11/2024,00,07/11/2024,1,8189
17,1024,030,1,300-7,0503485,17,11A232,05,41322,0033,1,1,0,00,31/10/2024,00,31/10/2024,2,-,-,05,1, , ,02,02,-,05,00,00,-, ,00,31/10/2024,00,31/10/2024,1,8189
17,1024,030,1,300-7,0503485,17,11A232,05,41322,0110,4,1,0,00,13/11/2024,00,13/11/2024,2,-,-,02,1, , ,02,01,-,02,00,00,-, ,00,13/11/2024,00,13/11/2024,1,8189
17,1024,030,1,288-4,0504009,17,11A232,05,41325,0069,2,1,0,00,29/10/2024,00,29/10/2024,2,-,-,03,1, , ,01,01,-,03,00,00,-, ,00,29/10/2024,00,29/10/2024,1,9306
17,1024,030,1,288-4,0504009,17,11A232,05,41325,0015,4,1,0,00,29/10/2024,00,29/10/2024,2,-,-,02,1, , ,02,02,-,02,00,00,-, ,00,29/10/2024,00,29/10/2024,1,9306
17,1024,030,1,288-4,0504009,17,11A232,05,41325,0101,3,1,0,00,07/11/2024,00,07/11/2024,2,-,-,04,1, , ,02,02,-,04,00,00,-, ,00,07/11/2024,00,07/11/2024,1,9306
17,1024,030,1,288-4,0504009,17,11A232,05,41325,0041,1,1,0,00,30/10/2024,00,30/10/2024,2,-,-,02,1, , ,02,01,-,02,00,00,-, ,00,30/10/2024,00,30/10/2024,1,9306
17,1024,030,1,290-1,0505277,17,11A232,05,41340,0020,1,1,0,00,14/11/2024,00,14/11/2024,2,-,-,06,1, , ,02,03,-,06,00,00,-, ,00,14/11/2024,00,14/11/2024,1,9109
17,1024,030,1,290-1,0505277,17,11A232,05,41340,0103,4,1,0,00,12/11/2024,00,12/11/2024,1,-,-,03,2,02,01,01,01,-,01,00,00,-, ,00,12/11/2024,00,12/11/2024,1,9109
17,1024,030,1,290-1,0505277,17,11A232,05,41340,0047,2,1,0,00,12/11/2024,00,12/11/2024,2,-,-,04,1, , ,01,02,-,04,00,00,-, ,00,12/11/2024,00,12/11/2024,1,9109
17,1024,030,1,290-1,0505277,17,11A232,05,41340,0075,3,1,0,00,06/11/2024,00,06/11/2024,2,-,-,09,1, , ,01,04,-,09,00,00,-, ,00,06/11/2024,00,06/11/2024,1,9109
17,1024,030,1,023-3,0503475,17,12A232,05,41347,0111,4,1,0,00,31/10/2024,00,31/10/2024,2,-,-,02,1, , ,01,01,-,02,00,00,-, ,00,31/10/2024,00,31/10/2024,1,8625
17,1024,030,1,023-3,0503475,17,12A232,05,41347,0016,1,1,0,00,04/11/2024,00,04/11/2024,2,-,-,02,1, , ,02,02,-,02,00,00,-, ,00,04/11/2024,00,04/11/2024,1,8625
17,1024,030,1,023-3,0503475,17,12A232,05,41347,0141,3,1,0,00,11/11/2024,00,11/11/2024,2,-,-,04,1, , ,04,04,-,04,00,00,-, ,00,11/11/2024,00,11/11/2024,1,8625
17,1024,030,1,023-3,0503475,17,12A232,05,41347,0055,2,1,0,00,01/11/2024,00,01/11/2024,2,-,-,04,1, , ,01,01,-,04,00,00,-, ,00,01/11/2024,00,01/11/2024,1,8625
17,1024,030,1,289-9,0503737,17,12A232,05,41351,0039,2,1,0,00,11/11/2024,00,11/11/2024,2,-,-,04,1, , ,02,04,-,04,00,00,-, ,00,11/11/2024,00,11/11/2024,1,7835
17,1024,030,1,289-9,0503737,17,12A232,05,41351,0119,4,1,0,00,31/10/2024,00,31/10/2024,2,-,-,06,1, , ,03,01,-,06,00,00,-, ,00,31/10/2024,00,31/10/2024,1,7835
17,1024,030,1,289-9,0503737,17,12A232,05,41351,0006,1,1,0,10,31/10/2024,10,31/10/2024,2,-,-, , , , , , ,-, , , ,-, ,10,31/10/2024,10,31/10/2024,1,0
17,1024,030,1,289-9,0503737,17,12A232,05,41351,0071,3,1,0,00,30/10/2024,00,30/10/2024,2,-,-,03,1, , ,01,01,-,03,00,00,-, ,00,30/10/2024,00,30/10/2024,1,7835
17,1024,030,1,224-4,0503815,17,12A232,05,41353,0042,2,1,0,00,08/11/2024,00,08/11/2024,2,-,-,03,1, , ,02,01,-,03,00,00,-, ,00,08/11/2024,00,08/11/2024,1,8240
17,1024,030,1,224-4,0503815,17,12A232,05,41353,0041,3,1,0,00,12/11/2024,00,12/11/2024,2,-,-,04,1, , ,02,01,-,04,00,00,-, ,00,12/11/2024,00,12/11/2024,1,8240
17,1024,030,1,224-4,0503815,17,12A232,05,41353,0123,4,1,0,00,30/10/2024,00,30/10/2024,1,-,-,10,2,03,01,01,01,-,01,00,00,-, ,00,30/10/2024,00,30/10/2024,1,8240
17,1024,030,1,224-4,0503815,17,12A232,05,41353,0008,1,1,0,00,13/11/2024,00,13/11/2024,2,-,-,07,1, , ,05,03,-,07,00,00,-, ,00,13/11/2024,00,13/11/2024,1,8240
33,1024,002,1,143-9,0600117,33,11A232,06,40086,0140,3,1,0,00,14/11/2024,00,14/11/2024,2,-,-,02,1, , ,02,01,-,02,00,00,-, ,00,14/11/2024,00,14/11/2024,1,9080
33,1024,002,1,143-9,0600117,33,11A232,06,40086,0103,4,1,0,00,29/10/2024,00,29/10/2024,2,-,-,02,1, , ,01,01,-,02,00,00,-, ,00,29/10/2024,00,29/10/2024,1,9080
33,1024,002,1,143-9,0600117,33,11A232,06,40086,0088,1,1,0,00,29/10/2024,00,29/10/2024,2,-,-,02,1, , ,02,01,-,02,00,00,-, ,00,29/10/2024,00,29/10/2024,1,9080
33,1024,002,1,143-9,0600117,33,11A232,06,40086,0049,2,1,0,00,29/10/2024,00,29/10/2024,2,-,-,04,1, , ,01,01,-,04,00,00,-, ,00,29/10/2024,00,29/10/2024,1,9080
33,1024,002,1,127-A,0600292,33,11A232,06,40091,0012,3,1,0,00,11/11/2024,00,11/11/2024,2,-,-,03,1, , ,02,01,-,03,00,00,-, ,00,11/11/2024,00,11/11/2024,1,8249
33,1024,002,1,127-A,0600292,33,11A232,06,40091,0164,4,1,0,00,29/10/2024,00,29/10/2024,2,-,-,01, , , ,01,01,-,01,00,00,-, ,00,29/10/2024,00,29/10/2024,1,8249
33,1024,002,1,127-A,0600292,33,11A232,06,40091,0043,1,1,0,00,05/11/2024,00,05/11/2024,2,-,-,06,1, , ,01,01,-,06,00,00,-, ,00,05/11/2024,00,05/11/2024,1,8249
33,1024,002,1,127-A,0600292,33,11A232,06,40091,0091,2,1,0,00,05/11/2024,00,05/11/2024,2,-,-,01, , , ,01,01,-,01,00,00,-, ,00,05/11/2024,00,05/11/2024,1,8249
33,1024,002,1,054-9,0600347,33,11A232,06,40095,0128,2,1,0,00,30/10/2024,00,30/10/2024,2,-,-,02,1, , ,02,02,-,02,00,00,-, ,00,30/10/2024,00,30/10/2024,1,8774
33,1024,002,1,054-9,0600347,33,11A232,06,40095,0125,4,1,0,00,30/10/2024,00,30/10/2024,2,-,-,01, , , ,01,01,-,01,00,00,-, ,00,30/10/2024,00,30/10/2024,1,8774
33,1024,002,1,054-9,0600347,33,11A232,06,40095,0058,3,1,0,00,30/10/2024,00,30/10/2024,2,-,-,02,1, , ,01,01,-,02,00,00,-, ,00,30/10/2024,00,30/10/2024,1,8774
33,1024,002,1,054-9,0600347,33,11A232,06,40095,0007,1,1,0,03,12/11/2024,03,12/11/2024,2,-,-, , , , , , ,-, , , ,-, ,03,12/11/2024,03,12/11/2024,1,0
33,1024,002,1,101-5,0600398,33,11A232,06,40098,0023,3,1,0,00,29/10/2024,00,29/10/2024,2,-,-,08,1, , ,01,01,-,08,00,00,-, ,00,29/10/2024,00,29/10/2024,1,8615
33,1024,002,1,101-5,0600398,33,11A232,06,40098,0012,4,1,0,03,15/11/2024,03,15/11/2024,2,-,-, , , , , , ,-, , , ,-, ,03,15/11/2024,03,15/11/2024,1,0
33,1024,002,1,101-5,0600398,33,11A232,06,40098,0059,2,1,0,00,29/10/2024,00,29/10/2024,2,-,-,01, , , ,01,01,-,01,00,00,-, ,00,29/10/2024,00,29/10/2024,1,8615
33,1024,002,1,101-5,0600398,33,11A232,06,40098,0092,1,1,0,00,29/10/2024,00,29/10/2024,2,-,-,05,1, , ,02,01,-,05,00,00,-, ,00,29/10/2024,00,29/10/2024,1,8615
33,1024,002,1,127-A,0600250,33,12A232,06,40117,0041,1,1,0,00,29/10/2024,00,29/10/2024,2,-,-,01, , , ,01,01,-,01,00,00,-, ,00,29/10/2024,00,29/10/2024,1,8296
33,1024,002,1,127-A,0600250,33,12A232,06,40117,0080,3,1,0,00,05/11/2024,00,05/11/2024,2,-,-,02,1, , ,01,01,-,02,00,00,-, ,00,05/11/2024,00,05/11/2024,1,8296
33,1024,002,1,127-A,0600250,33,12A232,06,40117,0003,4,1,0,00,29/10/2024,00,29/10/2024,2,-,-,02,1, , ,01,02,-,02,00,00,-, ,00,29/10/2024,00,29/10/2024,1,8296
33,1024,002,1,127-A,0600250,33,12A232,06,40117,0139,2,1,0,00,29/10/2024,00,29/10/2024,2,-,-,05,1, , ,01,04,-,05,00,00,-, ,00,29/10/2024,00,29/10/2024,1,8296
33,1024,002,1,031-8,0600306,33,12A232,06,40121,0033,2,1,0,00,06/11/2024,00,06/11/2024,2,-,-,06,1, , ,04,06,-,06,00,00,-, ,00,06/11/2024,00,06/11/2024,1,7437
33,1024,002,1,031-8,0600306,33,12A232,06,40121,0016,1,1,0,00,30/10/2024,00,30/10/2024,2,-,-,02,1, , ,01,02,-,02,00,00,-, ,00,30/10/2024,00,30/10/2024,1,7437
33,1024,002,1,031-8,0600306,33,12A232,06,40121,0058,4,1,0,00,30/10/2024,00,30/10/2024,2,-,-,05,1, , ,05,01,-,05,00,00,-, ,00,30/10/2024,00,30/10/2024,1,7437
33,1024,002,1,031-8,0600306,33,12A232,06,40121,0097,3,1,0,00,30/10/2024,00,30/10/2024,2,-,-,05,1, , ,02,02,-,05,00,00,-, ,00,30/10/2024,00,30/10/2024,1,7437
33,1024,002,1,053-4,0600400,33,12A232,06,40124,0109,2,1,0,00,06/11/2024,00,06/11/2024,2,-,-,01, , , ,01,01,-,01,00,00,-, ,00,06/11/2024,00,06/11/2024,1,8981
33,1024,002,1,053-4,0600400,33,12A232,06,40124,0009,3,1,0,00,06/11/2024,00,06/11/2024,2,-,-,02,1, , ,01,01,-,02,00,00,-, ,00,06/11/2024,00,06/11/2024,1,8981
33,1024,002,1,053-4,0600400,33,12A232,06,40124,0071,1,1,0,00,15/11/2024,00,15/11/2024,2,-,-,05,1, , ,02,05,-,05,00,00,-, ,00,15/11/2024,00,15/11/2024,1,8981
33,1024,002,1,053-4,0600400,33,12A232,06,40124,0122,4,1,0,00,30/10/2024,00,30/10/2024,1,-,-,04,2,02,02,02,01,-,02,00,00,-, ,00,30/10/2024,00,30/10/2024,1,8981
33,1024,010,1,068-2,0601687,33,12A232,06,40137,0101,2,1,0,00,31/10/2024,00,31/10/2024,2,-,-,05,1, , ,01,01,-,05,00,00,-, ,00,31/10/2024,00,31/10/2024,1,8296
33,1024,010,1,068-2,0601687,33,12A232,06,40137,0021,4,1,0,00,04/11/2024,00,04/11/2024,2,-,-,02,1, , ,01,01,-,02,00,00,-, ,00,04/11/2024,00,04/11/2024,1,8296
33,1024,010,1,068-2,0601687,33,12A232,06,40137,0086,1,1,0,06,04/11/2024,06,04/11/2024,2,-,-, , , , , , ,-, , , ,-, ,06,04/11/2024,06,04/11/2024,1,0
33,1024,010,1,068-2,0601687,33,12A232,06,40137,0136,3,1,0,00,04/11/2024,00,04/11/2024,2,-,-,02,1, , ,01,02,-,02,00,00,-, ,00,04/11/2024,00,04/11/2024,1,8296
33,1024,010,1,061-0,0601724,33,12A232,06,40138,0060,3,1,0,00,30/10/2024,00,30/10/2024,2,-,-,04,1, , ,01,01,-,04,00,00,-, ,00,30/10/2024,00,30/10/2024,1,7772
33,1024,010,1,061-0,0601724,33,12A232,06,40138,0088,4,1,0,00,30/10/2024,00,30/10/2024,2,-,-,03,1, , ,02,02,-,03,00,00,-, ,00,30/10/2024,00,30/10/2024,1,7772
33,1024,010,1,061-0,0601724,33,12A232,06,40138,0032,2,1,0,00,31/10/2024,00,31/10/2024,2,-,-,01, , , ,01,01,-,01,00,00,-, ,00,31/10/2024,00,31/10/2024,1,7772
33,1024,010,1,061-0,0601724,33,12A232,06,40138,0008,1,1,0,00,31/10/2024,00,31/10/2024,2,-,-,01, , , ,01,01,-,01,00,00,-, ,00,31/10/2024,00,31/10/2024,1,7772
33,1024,002,1,061-9,0600492,33,13A232,06,40156,0103,2,1,0,02,15/11/2024,02,15/11/2024,2,-,-, , , , , , ,-, , , ,-, ,02,15/11/2024,02,15/11/2024,1,0
33,1024,002,1,061-9,0600492,33,13A232,06,40156,0187,4,1,0,03,06/11/2024,03,06/11/2024,2,-,-, , , , , , ,-, , , ,-, ,03,06/11/2024,03,06/11/2024,1,0
33,1024,002,1,061-9,0600492,33,13A232,06,40156,0248,1,1,0,00,01/11/2024,00,01/11/2024,2,-,-,05,1, , ,01,04,-,05,00,00,-, ,00,01/11/2024,00,01/11/2024,1,14214
33,1024,002,1,061-9,0600492,33,13A232,06,40156,0079,3,1,0,00,11/11/2024,00,11/11/2024,2,-,-,02,1, , ,01,01,-,02,00,00,-, ,00,11/11/2024,00,11/11/2024,1,14214
33,1024,010,1,033-9,0601740,33,13A232,06,40163,0111,4,1,0,00,01/11/2024,00,01/11/2024,2,-,-,03,1, , ,03,01,-,03,00,00,-, ,00,01/11/2024,00,01/11/2024,1,10860
33,1024,010,1,033-9,0601740,33,13A232,06,40163,0067,2,1,0,00,31/10/2024,00,31/10/2024,2,-,-,03,1, , ,01,01,-,03,00,00,-, ,00,31/10/2024,00,31/10/2024,1,10860
33,1024,010,1,033-9,0601740,33,13A232,06,40163,0150,3,1,0,00,31/10/2024,00,31/10/2024,2,-,-,02,1, , ,01,01,-,02,00,00,-, ,00,31/10/2024,00,31/10/2024,1,10860
33,1024,010,1,033-9,0601740,33,13A232,06,40163,0026,1,1,0,00,01/11/2024,00,01/11/2024,2,-,-,03,1, , ,01,01,-,03,00,00,-, ,00,01/11/2024,00,01/11/2024,1,10860
33,1024,010,1,114-4,0601889,33,13A232,06,40167,0189,4,1,0,00,14/11/2024,00,14/11/2024,2,-,-,03,1, , ,03,03,-,03,00,00,-, ,00,14/11/2024,00,14/11/2024,1,11974
33,1024,010,1,114-4,0601889,33,13A232,06,40167,0113,2,1,0,00,31/10/2024,00,31/10/2024,2,-,-,03,1, , ,02,02,-,03,00,00,-, ,00,31/10/2024,00,31/10/2024,1,11974
33,1024,010,1,114-4,0601889,33,13A232,06,40167,0067,1,1,0,00,13/11/2024,00,13/11/2024,2,-,-,05,1, , ,01,05,-,05,00,00,-, ,00,13/11/2024,00,13/11/2024,1,11974
33,1024,010,1,114-4,0601889,33,13A232,06,40167,0163,3,1,0,00,31/10/2024,00,31/10/2024,2,-,-,04,1, , ,02,02,-,04,00,00,-, ,00,31/10/2024,00,31/10/2024,1,11974
19,1024,027,1,031-1,0702219,19,11A232,07,40094,0111,3,1,0,00,04/11/2024,00,04/11/2024,1,-,-,09,2,03,03,01,03,-,03,00,00,-, ,00,04/11/2024,00,04/11/2024,1,5560
19,1024,027,1,031-1,0702219,19,11A232,07,40094,0115,2,1,0,00,04/11/2024,00,04/11/2024,2,-,-,03,1, , ,01,02,-,03,00,00,-, ,00,04/11/2024,00,04/11/2024,1,5560
19,1024,027,1,031-1,0702219,19,11A232,07,40094,0036,1,1,0,00,06/11/2024,00,06/11/2024,2,-,-,03,1, , ,02,02,-,03,00,00,-, ,00,06/11/2024,00,06/11/2024,1,5560
19,1024,027,1,031-1,0702219,19,11A232,07,40094,0057,4,1,0,00,04/11/2024,00,04/11/2024,2,-,-,04,1, , ,03,02,-,04,00,00,-, ,00,04/11/2024,00,04/11/2024,1,5560
19,1024,101,1,255-2,0708737,19,11A232,07,40099,0037,2,1,0,00,06/11/2024,00,06/11/2024,2,-,-,03,1, , ,01,02,-,03,00,00,-, ,00,06/11/2024,00,06/11/2024,1,11626
19,1024,101,1,255-2,0708737,19,11A232,07,40099,0068,4,1,0,00,03/11/2024,00,03/11/2024,2,-,-,07,1, , ,06,03,-,07,00,00,-, ,00,03/11/2024,00,03/11/2024,1,11626
19,1024,101,1,255-2,0708737,19,11A232,07,40099,0024,1,1,0,00,31/10/2024,00,31/10/2024,2,-,-,02,1, , ,01,02,-,02,00,00,-, ,00,31/10/2024,00,31/10/2024,1,11626
19,1024,101,1,255-2,0708737,19,11A232,07,40099,0126,3,1,0,00,03/11/2024,00,03/11/2024,2,-,-,05,1, , ,02,02,-,05,00,00,-, ,00,03/11/2024,00,03/11/2024,1,11626
19,1024,101,1,284-9,0709036,19,11A232,07,40107,0059,3,1,0,00,02/11/2024,00,02/11/2024,2,-,-,03,1, , ,03,03,-,03,00,00,-, ,00,02/11/2024,00,02/11/2024,1,7364
19,1024,101,1,284-9,0709036,19,11A232,07,40107,0036,4,1,0,00,31/10/2024,00,31/10/2024,2,-,-,02,1, , ,01,01,-,02,00,00,-, ,00,31/10/2024,00,31/10/2024,1,7364
19,1024,101,1,284-9,0709036,19,11A232,07,40107,0072,1,1,0,00,31/10/2024,00,31/10/2024,2,-,-,05,1, , ,02,02,-,05,00,00,-, ,00,31/10/2024,00,31/10/2024,1,7364
19,1024,101,1,284-9,0709036,19,11A232,07,40107,0108,2,1,0,00,01/11/2024,00,01/11/2024,2,-,-,04,1, , ,01,01,-,04,00,00,-, ,00,01/11/2024,00,01/11/2024,1,7364
19,1024,101,1,242-5,0709277,19,11A232,07,40110,0001,3,1,0,00,29/10/2024,00,29/10/2024,2,-,-,01, , , ,01,01,-,01,00,00,-, ,00,29/10/2024,00,29/10/2024,1,9338
19,1024,101,1,242-5,0709277,19,11A232,07,40110,0069,2,1,0,00,05/11/2024,00,05/11/2024,2,-,-,04,1, , ,03,04,-,04,00,00,-, ,00,05/11/2024,00,05/11/2024,1,9338
19,1024,101,1,242-5,0709277,19,11A232,07,40110,0146,1,1,0,00,05/11/2024,00,05/11/2024,2,-,-,05,1, , ,02,02,-,05,00,00,-, ,00,05/11/2024,00,05/11/2024,1,9338
19,1024,101,1,242-5,0709277,19,11A232,07,40110,0040,4,1,0,00,07/11/2024,00,07/11/2024,2,-,-,03,1, , ,03,01,-,03,00,00,-, ,00,07/11/2024,00,07/11/2024,1,9338
19,1024,101,1,281-5,0709725,19,11A232,07,40123,0052,2,1,0,00,02/11/2024,00,02/11/2024,2,-,-,03,1, , ,01,01,-,03,00,00,-, ,00,02/11/2024,00,02/11/2024,1,8774
19,1024,101,1,281-5,0709725,19,11A232,07,40123,0020,1,1,0,00,11/11/2024,00,11/11/2024,2,-,-,04,1, , ,02,02,-,04,00,00,-, ,00,11/11/2024,00,11/11/2024,1,8774
19,1024,101,1,281-5,0709725,19,11A232,07,40123,0106,3,1,0,00,01/11/2024,00,01/11/2024,2,-,-,05,1, , ,03,01,-,05,00,00,-, ,00,01/11/2024,00,01/11/2024,1,8774
19,1024,101,1,281-5,0709725,19,11A232,07,40123,0090,4,1,0,00,29/10/2024,00,29/10/2024,2,-,-,03,1, , ,02,02,-,03,00,00,-, ,00,29/10/2024,00,29/10/2024,1,8774
19,1024,101,1,232-1,0709808,19,11A232,07,40125,0021,4,1,0,00,10/11/2024,00,10/11/2024,2,-,-,05,1, , ,01,02,-,05,00,00,-, ,00,10/11/2024,00,10/11/2024,1,5899
19,1024,101,1,232-1,0709808,19,11A232,07,40125,0062,3,1,0,00,05/11/2024,00,05/11/2024,2,-,-,02,1, , ,01,02,-,02,00,00,-, ,00,05/11/2024,00,05/11/2024,1,5899
19,1024,101,1,232-1,0709808,19,11A232,07,40125,0119,1,1,0,00,05/11/2024,00,05/11/2024,2,-,-,03,1, , ,01,01,-,03,00,00,-, ,00,05/11/2024,00,05/11/2024,1,5899
19,1024,101,1,232-1,0709808,19,11A232,07,40125,0077,2,1,0,00,05/11/2024,00,05/11/2024,2,-,-,02,1, , ,01,01,-,02,00,00,-, ,00,05/11/2024,00,05/11/2024,1,5899
19,1024,101,1,243-A,0709983,19,11A232,07,40129,0070,2,1,0,03,11/11/2024,03,16/11/2024,2,-,-, , , , , , ,-, , , ,-, ,03,11/11/2024,03,16/11/2024,1,0
19,1024,101,1,243-A,0709983,19,11A232,07,40129,0150,3,1,0,00,01/11/2024,00,01/11/2024,2,-,-,03,1, , ,01,01,-,03,00,00,-, ,00,01/11/2024,00,01/11/2024,1,8184
19,1024,101,1,243-A,0709983,19,11A232,07,40129,0053,4,1,0,00,29/10/2024,00,29/10/2024,2,-,-,05,1, , ,01,01,-,05,00,00,-, ,00,29/10/2024,00,29/10/2024,1,8184
19,1024,101,1,243-A,0709983,19,11A232,07,40129,0108,1,1,0,01,13/11/2024,05,16/11/2024,2,-,-, , , , , , ,-, , , ,-, ,01,13/11/2024,05,16/11/2024,1,0
19,1024,101,1,255-2,0708729,19,12A232,07,40136,0046,1,1,0,00,03/11/2024,00,03/11/2024,2,-,-,02,1, , ,02,01,-,02,00,00,-, ,00,03/11/2024,00,03/11/2024,1,7657
19,1024,101,1,255-2,0708729,19,12A232,07,40136,0012,4,1,0,00,31/10/2024,00,31/10/2024,2,-,-,01, , , ,01,01,-,01,00,00,-, ,00,31/10/2024,00,31/10/2024,1,7657
19,1024,101,1,255-2,0708729,19,12A232,07,40136,0079,2,1,0,00,06/11/2024,00,06/11/2024,2,-,-,05,1, , ,01,02,-,05,00,00,-, ,00,06/11/2024,00,06/11/2024,1,7657
19,1024,101,1,255-2,0708729,19,12A232,07,40136,0124,3,1,0,00,31/10/2024,00,31/10/2024,2,-,-,03,1, , ,01,01,-,03,00,00,-, ,00,31/10/2024,00,31/10/2024,1,7657
19,1024,101,1,213-9,0709202,19,12A232,07,40142,0126,1,1,0,00,07/11/2024,00,07/11/2024,2,-,-,05,1, , ,01,04,-,05,00,00,-, ,00,07/11/2024,00,07/11/2024,1,8362
19,1024,101,1,213-9,0709202,19,12A232,07,40142,0078,2,1,0,00,01/11/2024,00,01/11/2024,2,-,-,04,1, , ,02,03,-,04,00,00,-, ,00,01/11/2024,00,01/11/2024,1,8362
19,1024,101,1,213-9,0709202,19,12A232,07,40142,0067,3,1,0,00,07/11/2024,00,07/11/2024,2,-,-,02,1, , ,01,01,-,02,00,00,-, ,00,07/11/2024,00,07/11/2024,1,8362
19,1024,101,1,213-9,0709202,19,12A232,07,40142,0028,4,1,0,00,01/11/2024,00,01/11/2024,2,-,-,03,1, , ,01,01,-,03,00,00,-, ,00,01/11/2024,00,01/11/2024,1,8362
19,1024,101,1,087-6,0709322,19,12A232,07,40146,0021,2,1,0,00,03/11/2024,00,03/11/2024,2,-,-,07,1, , ,01,04,-,07,00,00,-, ,00,03/11/2024,00,03/11/2024,1,7194
19,1024,101,1,087-6,0709322,19,12A232,07,40146,0133,4,1,0,00,30/10/2024,00,30/10/2024,2,-,-,03,1, , ,01,01,-,03,00,00,-, ,00,30/10/2024,00,30/10/2024,1,7194
19,1024,101,1,087-6,0709322,19,12A232,07,40146,0049,1,1,0,00,06/11/2024,00,06/11/2024,2,-,-,04,1, , ,03,03,-,04,00,00,-, ,00,06/11/2024,00,06/11/2024,1,7194
19,1024,101,1,087-6,0709322,19,12A232,07,40146,0100,3,1,0,00,31/10/2024,00,31/10/2024,2,-,-,04,1, , ,04,02,-,04,00,00,-, ,00,31/10/2024,00,31/10/2024,1,7194
19,1024,101,1,276-4,0709624,19,12A232,07,40151,0135,1,1,0,00,14/11/2024,00,14/11/2024,2,-,-,01, , , ,01,01,-,01,00,00,-, ,00,14/11/2024,00,14/11/2024,1,8373
19,1024,101,1,276-4,0709624,19,12A232,07,40151,0018,2,1,0,00,03/11/2024,00,03/11/2024,2,-,-,05,1, , ,03,01,-,05,00,00,-, ,00,03/11/2024,00,03/11/2024,1,8373
19,1024,101,1,276-4,0709624,19,12A232,07,40151,0063,4,1,0,00,03/11/2024,00,03/11/2024,2,-,-,04,1, , ,02,01,-,04,00,00,-, ,00,03/11/2024,00,03/11/2024,1,8373
19,1024,101,1,276-4,0709624,19,12A232,07,40151,0132,3,1,0,00,05/11/2024,00,05/11/2024,2,-,-,04,1, , ,02,01,-,04,00,00,-, ,00,05/11/2024,00,05/11/2024,1,8373
19,1024,101,1,271-1,0709197,19,13A232,07,40162,0136,1,1,0,01,13/11/2024,01,17/11/2024,2,-,-, , , , , , ,-, , , ,-, ,01,13/11/2024,01,17/11/2024,1,0
19,1024,101,1,271-1,0709197,19,13A232,07,40162,0118,2,1,0,00,30/10/2024,00,30/10/2024,2,-,-,02,1, , ,01,02,-,02,00,00,-, ,00,30/10/2024,00,30/10/2024,1,9160
19,1024,101,1,271-1,0709197,19,13A232,07,40162,0056,3,1,0,00,11/11/2024,00,11/11/2024,2,-,-,04,1, , ,03,03,-,04,00,00,-, ,00,11/11/2024,00,11/11/2024,1,9160
19,1024,101,1,271-1,0709197,19,13A232,07,40162,0094,4,1,0,00,02/11/2024,00,02/11/2024,2,-,-,03,1, , ,03,03,-,03,00,00,-, ,00,02/11/2024,00,02/11/2024,1,9160
09,1024,019,1,690-0,0802661,09,11A232,08,40095,0097,4,1,0,00,31/10/2024,00,31/10/2024,2,-,-,05,1, , ,03,01,-,05,00,00,-, ,00,31/10/2024,00,31/10/2024,1,9318
09,1024,019,1,690-0,0802661,09,11A232,08,40095,0131,1,1,0,01,15/11/2024,00,15/11/2024,2,-,-,04,1, , ,04,04,-,04,00,00,-, ,01,15/11/2024,00,15/11/2024,1,9318
09,1024,019,1,690-0,0802661,09,11A232,08,40095,0026,2,1,0,00,31/10/2024,00,31/10/2024,2,-,-,03,1, , ,02,01,-,03,00,00,-, ,00,31/10/2024,00,31/10/2024,1,9318
09,1024,019,1,690-0,0802661,09,11A232,08,40095,0063,3,1,0,00,04/11/2024,00,04/11/2024,2,-,-,03,1, , ,02,02,-,03,00,00,-, ,00,04/11/2024,00,04/11/2024,1,9318
09,1024,019,1,358-8,0803158,09,11A232,08,40099,0060,1,1,0,00,28/10/2024,00,28/10/2024,2,-,-,04,1, , ,03,01,-,04,00,00,-, ,00,28/10/2024,00,28/10/2024,1,7581
09,1024,019,1,358-8,0803158,09,11A232,08,40099,0020,4,1,0,00,07/11/2024,00,07/11/2024,2,-,-,04,1, , ,03,04,-,04,00,00,-, ,00,07/11/2024,00,07/11/2024,1,7581
09,1024,019,1,358-8,0803158,09,11A232,08,40099,0127,3,1,0,00,28/10/2024,00,28/10/2024,2,-,-,02,1, , ,01,01,-,02,00,00,-, ,00,28/10/2024,00,28/10/2024,1,7581
09,1024,019,1,358-8,0803158,09,11A232,08,40099,0055,2,1,0,00,31/10/2024,00,31/10/2024,2,-,-,05,1, , ,04,04,-,05,00,00,-, ,00,31/10/2024,00,31/10/2024,1,7581
09,1024,019,1,953-4,0801687,09,11A232,08,40106,0091,2,1,0,00,30/10/2024,00,30/10/2024,2,-,-,01, , , ,01,01,-,01,00,00,-, ,00,30/10/2024,00,30/10/2024,1,9164
09,1024,019,1,953-4,0801687,09,11A232,08,40106,0066,1,1,0,00,09/11/2024,00,09/11/2024,2,-,-,03,1, , ,03,01,-,03,00,00,-, ,00,09/11/2024,00,09/11/2024,1,9164
09,1024,019,1,953-4,0801687,09,11A232,08,40106,0042,4,1,0,01,09/11/2024,01,09/11/2024,2,-,-, , , , , , ,-, , , ,-, ,01,09/11/2024,01,09/11/2024,1,0
09,1024,019,1,953-4,0801687,09,11A232,08,40106,0018,3,1,0,00,30/10/2024,00,30/10/2024,2,-,-,02,1, , ,01,01,-,02,00,00,-, ,00,30/10/2024,00,30/10/2024,1,9164
09,1024,019,1,673-7,0801623,09,12A232,08,40112,0066,2,1,0,00,29/10/2024,00,29/10/2024,2,-,-,04,1, , ,02,01,-,04,00,00,-, ,00,29/10/2024,00,29/10/2024,1,7762
09,1024,019,1,673-7,0801623,09,12A232,08,40112,0150,4,1,0,00,05/11/2024,00,05/11/2024,2,-,-,02,1, , ,01,02,-,02,00,00,-, ,00,05/11/2024,00,05/11/2024,1,7762
09,1024,019,1,673-7,0801623,09,12A232,08,40112,0030,1,1,0,00,04/11/2024,00,04/11/2024,2,-,-,04,1, , ,02,02,-,04,00,00,-, ,00,04/11/2024,00,04/11/2024,1,7762
09,1024,019,1,673-7,0801623,09,12A232,08,40112,0103,3,1,0,00,30/10/2024,00,30/10/2024,2,-,-,03,1, , ,03,01,-,03,00,00,-, ,00,30/10/2024,00,30/10/2024,1,7762
09,1024,019,1,492-3,0802347,09,12A232,08,40119,0130,3,1,0,00,01/11/2024,00,01/11/2024,2,-,-,04,1, , ,01,01,-,04,00,00,-, ,00,01/11/2024,00,01/11/2024,1,8228
09,1024,019,1,492-3,0802347,09,12A232,08,40119,0034,1,1,0,00,04/11/2024,00,04/11/2024,2,-,-,02,1, , ,02,02,-,02,00,00,-, ,00,04/11/2024,00,04/11/2024,1,8228
09,1024,019,1,492-3,0802347,09,12A232,08,40119,0114,4,1,0,04,14/11/2024,04,14/11/2024,2,-,-, , , , , , ,-, , , ,-, ,04,14/11/2024,04,14/11/2024,1,0
09,1024,019,1,492-3,0802347,09,12A232,08,40119,0066,2,1,0,00,01/11/2024,00,01/11/2024,2,-,-,04,1, , ,04,04,-,04,00,00,-, ,00,01/11/2024,00,01/11/2024,1,8228
09,1024,019,1,248-6,0802737,09,12A232,08,40125,0119,2,1,0,00,30/10/2024,00,30/10/2024,2,-,-,03,1, , ,02,02,-,03,00,00,-, ,00,30/10/2024,00,30/10/2024,1,8362
09,1024,019,1,248-6,0802737,09,12A232,08,40125,0080,1,1,0,00,31/10/2024,00,31/10/2024,2,-,-,03,1, , ,01,01,-,03,00,00,-, ,00,31/10/2024,00,31/10/2024,1,8362
09,1024,019,1,248-6,0802737,09,12A232,08,40125,0046,3,1,0,00,30/10/2024,00,30/10/2024,2,-,-,02,1, , ,02,02,-,02,00,00,-, ,00,30/10/2024,00,30/10/2024,1,8362
09,1024,019,1,248-6,0802737,09,12A232,08,40125,0004,4,1,0,00,07/11/2024,00,07/11/2024,2,-,-,01, , , ,01,01,-,01,00,00,-, ,00,07/11/2024,00,07/11/2024,1,8362
09,1024,019,1,527-9,0802920,09,12A232,08,40129,0057,1,1,0,00,09/11/2024,00,09/11/2024,2,-,-,05,1, , ,01,02,-,05,00,00,-, ,00,09/11/2024,00,09/11/2024,1,7986
09,1024,019,1,527-9,0802920,09,12A232,08,40129,0101,3,1,0,00,30/10/2024,00,30/10/2024,2,-,-,02,1, , ,01,02,-,02,00,00,-, ,00,30/10/2024,00,30/10/2024,1,7986
09,1024,019,1,527-9,0802920,09,12A232,08,40129,0136,4,1,0,00,31/10/2024,00,31/10/2024,2,-,-,03,1, , ,01,02,-,03,00,00,-, ,00,31/10/2024,00,31/10/2024,1,7986
09,1024,019,1,527-9,0802920,09,12A232,08,40129,0090,2,1,0,00,31/10/2024,00,31/10/2024,2,-,-,02,1, , ,01,01,-,02,00,00,-, ,00,31/10/2024,00,31/10/2024,1,7986
09,1024,019,1,373-2,0803274,09,12A232,08,40134,0003,1,1,0,03,08/11/2024,03,08/11/2024,2,-,-, , , , , , ,-, , , ,-, ,03,08/11/2024,03,08/11/2024,1,0
09,1024,019,1,373-2,0803274,09,12A232,08,40134,0043,2,1,0,00,09/11/2024,00,09/11/2024,2,-,-,04,1, , ,02,01,-,04,00,00,-, ,00,09/11/2024,00,09/11/2024,1,7497
09,1024,019,1,373-2,0803274,09,12A232,08,40134,0085,3,1,0,00,31/10/2024,00,31/10/2024,2,-,-,02,1, , ,01,01,-,02,00,00,-, ,00,31/10/2024,00,31/10/2024,1,7497
09,1024,019,1,373-2,0803274,09,12A232,08,40134,0119,4,1,0,00,31/10/2024,00,31/10/2024,2,-,-,03,1, , ,02,03,-,03,00,00,-, ,00,31/10/2024,00,31/10/2024,1,7497
09,1024,019,1,187-8,0802032,09,13A232,08,40151,0157,1,1,0,00,29/10/2024,00,29/10/2024,2,-,-,03,1, , ,02,03,-,03,00,00,-, ,00,29/10/2024,00,29/10/2024,1,11396
09,1024,019,1,187-8,0802032,09,13A232,08,40151,0055,3,1,0,00,29/10/2024,00,29/10/2024,2,-,-,02,1, , ,01,02,-,02,00,00,-, ,00,29/10/2024,00,29/10/2024,1,11396
09,1024,019,1,187-8,0802032,09,13A232,08,40151,0083,4,1,0,00,29/10/2024,00,29/10/2024,2,-,-,02,1, , ,02,02,-,02,00,00,-, ,00,29/10/2024,00,29/10/2024,1,11396
09,1024,019,1,187-8,0802032,09,13A232,08,40151,0071,2,1,0,00,29/10/2024,00,29/10/2024,2,-,-,04,1, , ,04,01,-,04,00,00,-, ,00,29/10/2024,00,29/10/2024,1,11396
09,1024,019,1,325-3,0802225,09,13A232,08,40155,0057,2,1,0,00,06/11/2024,00,06/11/2024,2,-,-,01, , , ,01,01,-,01,00,00,-, ,00,06/11/2024,00,06/11/2024,1,10769
09,1024,019,1,325-3,0802225,09,13A232,08,40155,0094,4,1,0,00,01/11/2024,00,01/11/2024,2,-,-,01, , , ,01,01,-,01,00,00,-, ,00,01/11/2024,00,01/11/2024,1,10769
09,1024,019,1,325-3,0802225,09,13A232,08,40155,0119,3,1,0,03,13/11/2024,03,13/11/2024,2,-,-, , , , , , ,-, , , ,-, ,03,13/11/2024,03,13/11/2024,1,0
09,1024,019,1,325-3,0802225,09,13A232,08,40155,0084,1,1,0,00,01/11/2024,00,01/11/2024,2,-,-,02,1, , ,02,02,-,02,00,00,-, ,00,01/11/2024,00,01/11/2024,1,10769
09,1024,019,1,522-6,0802886,09,13A232,08,40164,0077,2,1,0,00,05/11/2024,00,05/11/2024,2,-,-,03,1, , ,01,02,-,03,00,00,-, ,14,05/11/2024,14,05/11/2024,1,0
09,1024,019,1,522-6,0802886,09,13A232,08,40164,0008,1,1,0,00,30/10/2024,00,30/10/2024,2,-,-,03,1, , ,02,02,-,03,00,00,-, ,00,30/10/2024,00,30/10/2024,1,8734
09,1024,019,1,522-6,0802886,09,13A232,08,40164,0121,4,1,0,00,05/11/2024,00,05/11/2024,2,-,-,03,1, , ,02,01,-,03,00,00,-, ,00,05/11/2024,00,05/11/2024,1,8734
09,1024,019,1,522-6,0802886,09,13A232,08,40164,0043,3,1,0,00,05/11/2024,00,05/11/2024,2,-,-,02,1, , ,01,01,-,02,00,00,-, ,00,05/11/2024,00,05/11/2024,1,8734
09,1024,019,1,565-4,0803414,09,13A232,08,40167,0168,3,1,0,00,04/11/2024,00,04/11/2024,2,-,-,01, , , ,01,01,-,01,00,00,-, ,00,04/11/2024,00,04/11/2024,1,8701
09,1024,019,1,565-4,0803414,09,13A232,08,40167,0114,4,1,0,00,12/11/2024,00,12/11/2024,2,-,-,02,1, , ,01,01,-,02,00,00,-, ,00,12/11/2024,00,12/11/2024,1,8701
09,1024,019,1,565-4,0803414,09,13A232,08,40167,0070,1,1,0,00,04/11/2024,00,04/11/2024,2,-,-,02,1, , ,02,02,-,02,00,00,-, ,00,04/11/2024,00,04/11/2024,1,8701
09,1024,019,1,565-4,0803414,09,13A232,08,40167,0029,2,1,0,00,11/11/2024,00,11/11/2024,2,-,-,03,1, , ,03,01,-,03,00,00,-, ,00,11/11/2024,00,11/11/2024,1,8701
01,1024,010,1,096-8,0911960,01,13A232,09,40056,0091,4,1,0,03,13/11/2024,01,19/11/2024,2,-,-, , , , , , ,-, , , ,-, ,03,13/11/2024,01,19/11/2024,1,0
01,1024,010,1,096-8,0911960,01,13A232,09,40056,0016,1,1,0,00,04/11/2024,00,04/11/2024,2,-,-,02,1, , ,01,01,-,02,00,00,-, ,00,04/11/2024,00,04/11/2024,1,9324
01,1024,010,1,096-8,0911960,01,13A232,09,40056,0065,3,1,0,00,01/11/2024,00,01/11/2024,2,-,-,04,1, , ,02,02,-,04,00,00,-, ,00,01/11/2024,00,01/11/2024,1,9324
01,1024,010,1,096-8,0911960,01,13A232,09,40056,0037,2,1,0,05,13/11/2024,01,19/11/2024,2,-,-, , , , , , ,-, , , ,-, ,05,13/11/2024,01,19/11/2024,1,0
01,1024,010,1,067-1,0912528,01,13A232,09,40057,0038,2,1,0,00,31/10/2024,00,31/10/2024,2,-,-,05,1, , ,02,02,-,05,00,00,-, ,00,31/10/2024,00,31/10/2024,1,8223
01,1024,010,1,067-1,0912528,01,13A232,09,40057,0009,1,1,0,03,12/11/2024,03,19/11/2024,2,-,-, , , , , , ,-, , , ,-, ,03,12/11/2024,03,19/11/2024,1,0
01,1024,010,1,067-1,0912528,01,13A232,09,40057,0102,3,1,0,00,31/10/2024,00,31/10/2024,2,-,-,05,1, , ,01,01,-,05,00,00,-, ,00,31/10/2024,00,31/10/2024,1,8223
01,1024,010,1,067-1,0912528,01,13A232,09,40057,0077,4,1,0,03,15/11/2024,00,19/11/2024,2,-,-,02,1, , ,01,02,-,02,00,00,-, ,03,15/11/2024,14,19/11/2024,1,0
01,1024,014,1,008-3,0916613,01,13A232,09,40062,0026,1,1,0,00,30/10/2024,00,30/10/2024,2,-,-,01, , , ,01,01,-,01,00,00,-, ,00,30/10/2024,00,30/10/2024,1,10254
01,1024,014,1,008-3,0916613,01,13A232,09,40062,0060,2,1,0,01,13/11/2024,00,15/11/2024,2,-,-,02,1, , ,02,02,-,02,00,00,-, ,01,13/11/2024,00,15/11/2024,1,10254
01,1024,014,1,008-3,0916613,01,13A232,09,40062,0122,4,1,0,03,13/11/2024,03,15/11/2024,2,-,-, , , , , , ,-, , , ,-, ,03,13/11/2024,03,15/11/2024,1,0
01,1024,014,1,008-3,0916613,01,13A232,09,40062,0090,3,1,0,00,07/11/2024,00,07/11/2024,2,-,-,03,1, , ,01,02,-,03,00,00,-, ,00,07/11/2024,00,07/11/2024,1,10254
01,1024,016,1,118-A,0919092,01,13A232,09,40070,0008,3,1,0,02,14/11/2024,02,19/11/2024,2,-,-, , , , , , ,-, , , ,-, ,02,14/11/2024,02,19/11/2024,1,0
01,1024,016,1,118-A,0919092,01,13A232,09,40070,0079,1,1,0,00,31/10/2024,00,31/10/2024,2,-,-,05,1, , ,01,04,-,05,00,00,-, ,00,31/10/2024,00,31/10/2024,1,4756
01,1024,016,1,118-A,0919092,01,13A232,09,40070,0039,4,1,0,00,02/11/2024,00,02/11/2024,2,-,-,01, , , ,01,01,-,01,00,00,-, ,00,02/11/2024,00,02/11/2024,1,4756
01,1024,016,1,118-A,0919092,01,13A232,09,40070,0108,2,1,0,00,31/10/2024,00,31/10/2024,2,-,-,03,1, , ,01,01,-,03,00,00,-, ,00,31/10/2024,00,31/10/2024,1,4756
01,1024,002,1,018-6,0921032,01,13A232,09,40075,0019,1,1,0,00,31/10/2024,00,31/10/2024,2,-,-,03,1, , ,03,03,-,03,00,00,-, ,00,31/10/2024,00,31/10/2024,1,9743
01,1024,002,1,018-6,0921032,01,13A232,09,40075,0043,2,1,0,00,04/11/2024,00,04/11/2024,2,-,-,01, , , ,01,01,-,01,00,00,-, ,00,04/11/2024,00,04/11/2024,1,9743
01,1024,002,1,018-6,0921032,01,13A232,09,40075,0096,4,1,0,00,04/11/2024,00,04/11/2024,2,-,-,01, , , ,01,01,-,01,00,00,-, ,00,04/11/2024,00,04/11/2024,1,9743
01,1024,002,1,018-6,0921032,01,13A232,09,40075,0068,3,1,0,00,31/10/2024,00,31/10/2024,2,-,-,04,1, , ,01,03,-,04,00,00,-, ,00,31/10/2024,00,31/10/2024,1,9743
01,1024,012,1,177-8,0922101,01,11A232,09,40114,0034,2,1,0,00,29/10/2024,00,29/10/2024,2,-,-,05,1, , ,01,01,-,05,00,00,-, ,00,29/10/2024,00,29/10/2024,1,8868
01,1024,012,1,177-8,0922101,01,11A232,09,40114,0085,4,1,0,00,29/10/2024,00,29/10/2024,2,-,-,04,1, , ,01,01,-,04,00,00,-, ,00,29/10/2024,00,29/10/2024,1,8868
01,1024,012,1,177-8,0922101,01,11A232,09,40114,0059,3,1,0,00,29/10/2024,00,29/10/2024,2,-,-,04,1, , ,01,01,-,04,00,00,-, ,00,29/10/2024,00,29/10/2024,1,8868
01,1024,012,1,177-8,0922101,01,11A232,09,40114,0003,1,1,0,00,29/10/2024,00,29/10/2024,2,-,-,01, , , ,01,01,-,01,00,00,-, ,00,29/10/2024,00,29/10/2024,1,8868
01,1024,005,1,113-3,0903101,01,11A232,09,40131,0011,3,1,0,00,29/10/2024,00,29/10/2024,2,-,-,03,1, , ,02,01,-,03,00,00,-, ,00,29/10/2024,00,29/10/2024,1,7766
01,1024,005,1,113-3,0903101,01,11A232,09,40131,0073,2,1,0,04,12/11/2024,00,17/11/2024,2,-,-,03,1, , ,02,02,-,03,00,00,-, ,04,12/11/2024,00,17/11/2024,1,7766
01,1024,005,1,113-3,0903101,01,11A232,09,40131,0040,4,1,0,00,29/10/2024,00,29/10/2024,2,-,-,03,1, , ,02,02,-,03,00,00,-, ,00,29/10/2024,00,29/10/2024,1,7766
01,1024,005,1,113-3,0903101,01,11A232,09,40131,0051,1,1,0,00,29/10/2024,00,29/10/2024,2,-,-,02,1, , ,02,02,-,02,00,00,-, ,00,29/10/2024,00,29/10/2024,1,7766
01,1024,007,1,323-8,0906659,01,11A232,09,40137,0030,4,1,0,00,30/10/2024,00,30/10/2024,2,-,-,05,1, , ,02,05,-,05,00,00,-, ,00,30/10/2024,00,30/10/2024,1,7719
01,1024,007,1,323-8,0906659,01,11A232,09,40137,0132,1,1,0,00,30/10/2024,00,30/10/2024,2,-,-,07,1, , ,03,01,-,07,00,00,-, ,14,30/10/2024,14,30/10/2024,1,0
01,1024,007,1,323-8,0906659,01,11A232,09,40137,0078,2,1,0,00,04/11/2024,00,04/11/2024,2,-,-,05,1, , ,01,04,-,05,00,00,-, ,00,04/11/2024,00,04/11/2024,1,7719
01,1024,007,1,323-8,0906659,01,11A232,09,40137,0113,3,1,0,00,30/10/2024,00,30/10/2024,2,-,-,05,1, , ,01,01,-,05,00,00,-, ,00,30/10/2024,00,30/10/2024,1,7719
01,1024,007,1,279-5,0907197,01,11A232,09,40140,0040,2,1,0,00,09/11/2024,00,09/11/2024,2,-,-,04,1, , ,02,01,-,04,00,00,-, ,00,09/11/2024,00,09/11/2024,1,8341
01,1024,007,1,279-5,0907197,01,11A232,09,40140,0082,4,1,0,00,30/10/2024,00,30/10/2024,2,-,-,03,1, , ,01,02,-,03,00,00,-, ,00,30/10/2024,00,30/10/2024,1,8341
01,1024,007,1,279-5,0907197,01,11A232,09,40140,0020,1,1,0,00,04/11/2024,00,04/11/2024,2,-,-,05,1, , ,02,01,-,05,00,00,-, ,00,04/11/2024,00,04/11/2024,1,8341
01,1024,007,1,279-5,0907197,01,11A232,09,40140,0063,3,1,0,00,09/11/2024,00,09/11/2024,2,-,-,05,1, , ,02,01,-,05,00,00,-, ,00,09/11/2024,00,09/11/2024,1,8341
01,1024,007,1,406-2,0907441,01,11A232,09,40141,0100,3,1,0,00,31/10/2024,00,31/10/2024,2,-,-,04,1, , ,01,01,-,04,00,00,-, ,00,31/10/2024,00,31/10/2024,1,7992
01,1024,007,1,406-2,0907441,01,11A232,09,40141,0055,2,1,0,00,09/11/2024,00,09/11/2024,2,-,-,08,1, , ,04,02,-,08,00,00,-, ,00,09/11/2024,00,09/11/2024,1,7992
01,1024,007,1,406-2,0907441,01,11A232,09,40141,0024,1,1,0,00,09/11/2024,00,09/11/2024,2,-,-,03,1, , ,01,01,-,03,00,00,-, ,00,09/11/2024,00,09/11/2024,1,7992
01,1024,007,1,406-2,0907441,01,11A232,09,40141,0140,4,1,0,00,14/11/2024,00,14/11/2024,2,-,-,02,1, , ,01,01,-,02,00,00,-, ,00,14/11/2024,00,14/11/2024,1,7992
01,1024,007,1,083-5,0908756,01,11A232,09,40144,0002,1,1,0,00,29/10/2024,00,29/10/2024,2,-,-,05,1, , ,01,01,-,05,00,00,-, ,00,29/10/2024,00,29/10/2024,1,6867
01,1024,007,1,083-5,0908756,01,11A232,09,40144,0029,2,1,0,00,10/11/2024,00,10/11/2024,2,-,-,04,1, , ,02,01,-,04,00,00,-, ,00,10/11/2024,00,10/11/2024,1,6867
01,1024,007,1,083-5,0908756,01,11A232,09,40144,0056,3,1,0,00,29/10/2024,00,29/10/2024,1,-,-,03,2,02,01,01,01,-,01,00,00,-, ,00,29/10/2024,00,29/10/2024,1,6867
01,1024,007,1,083-5,0908756,01,11A232,09,40144,0086,4,1,0,00,02/11/2024,00,02/11/2024,2,-,-,03,1, , ,02,01,-,03,00,00,-, ,00,02/11/2024,00,02/11/2024,1,6867
01,1024,007,1,568-1,0909441,01,11A232,09,40146,0131,1,1,0,00,02/11/2024,00,02/11/2024,2,-,-,03,1, , ,01,01,-,03,00,00,-, ,00,02/11/2024,00,02/11/2024,1,11837
01,1024,007,1,568-1,0909441,01,11A232,09,40146,0090,2,1,0,00,02/11/2024,00,02/11/2024,2,-,-,01, , , ,01,01,-,01,00,00,-, ,00,02/11/2024,00,02/11/2024,1,11837
01,1024,007,1,568-1,0909441,01,11A232,09,40146,0052,4,1,0,00,02/11/2024,00,02/11/2024,2,-,-,04,1, , ,02,02,-,04,00,00,-, ,00,02/11/2024,00,02/11/2024,1,11837
01,1024,007,1,568-1,0909441,01,11A232,09,40146,0011,3,1,0,00,14/11/2024,00,14/11/2024,2,-,-,05,1, , ,02,01,-,05,00,00,-, ,00,14/11/2024,00,14/11/2024,1,11837
01,1024,008,1,013-7,0911039,01,11A232,09,40150,0048,2,1,0,00,31/10/2024,00,31/10/2024,2,-,-,05,1, , ,02,02,-,05,00,00,-, ,00,31/10/2024,00,31/10/2024,1,7799
01,1024,008,1,013-7,0911039,01,11A232,09,40150,0009,1,1,0,00,06/11/2024,00,06/11/2024,2,-,-,03,1, , ,02,01,-,03,00,00,-, ,00,06/11/2024,00,06/11/2024,1,7799
01,1024,008,1,013-7,0911039,01,11A232,09,40150,0097,4,1,0,00,31/10/2024,00,31/10/2024,2,-,-,03,1, , ,02,01,-,03,00,00,-, ,00,31/10/2024,00,31/10/2024,1,7799
01,1024,008,1,013-7,0911039,01,11A232,09,40150,0071,3,1,0,00,07/11/2024,00,07/11/2024,2,-,-,07,1, , ,04,05,-,07,00,00,-, ,00,07/11/2024,00,07/11/2024,1,7799
01,1024,011,1,021-7,0913541,01,11A232,09,40153,0038,1,1,0,00,01/11/2024,00,01/11/2024,2,-,-,01, , , ,01,01,-,01,00,00,-, ,00,01/11/2024,00,01/11/2024,1,6177
01,1024,011,1,021-7,0913541,01,11A232,09,40153,0015,4,1,0,00,05/11/2024,00,05/11/2024,2,-,-,08,1, , ,01,04,-,08,00,00,-, ,00,05/11/2024,00,05/11/2024,1,6177
01,1024,011,1,021-7,0913541,01,11A232,09,40153,0091,3,1,0,00,05/11/2024,00,05/11/2024,2,-,-,03,1, , ,03,01,-,03,00,00,-, ,00,05/11/2024,00,05/11/2024,1,6177
01,1024,011,1,021-7,0913541,01,11A232,09,40153,0063,2,1,0,00,01/11/2024,00,01/11/2024,2,-,-,03,1, , ,02,02,-,03,00,00,-, ,00,01/11/2024,00,01/11/2024,1,6177
01,1024,015,1,065-9,0918903,01,11A232,09,40157,0053,1,1,0,00,29/10/2024,00,29/10/2024,2,-,-,02,1, , ,01,01,-,02,00,00,-, ,00,29/10/2024,00,29/10/2024,1,7342
01,1024,015,1,065-9,0918903,01,11A232,09,40157,0078,2,1,0,00,29/10/2024,00,29/10/2024,2,-,-,05,1, , ,02,02,-,05,00,00,-, ,00,29/10/2024,00,29/10/2024,1,7342
01,1024,015,1,065-9,0918903,01,11A232,09,40157,0014,3,1,0,00,08/11/2024,00,08/11/2024,2,-,-,01, , , ,01,01,-,01,00,00,-, ,00,08/11/2024,00,08/11/2024,1,7342
01,1024,015,1,065-9,0918903,01,11A232,09,40157,0105,4,1,0,00,06/11/2024,00,06/11/2024,2,-,-,02,1, , ,02,02,-,02,00,00,-, ,00,06/11/2024,00,06/11/2024,1,7342
01,1024,015,1,112-5,0922600,01,11A232,09,40159,0086,3,1,0,02,14/11/2024,02,19/11/2024,2,-,-, , , , , , ,-, , , ,-, ,02,14/11/2024,02,19/11/2024,1,0
01,1024,015,1,112-5,0922600,01,11A232,09,40159,0050,2,1,0,00,29/10/2024,00,29/10/2024,2,-,-,02,1, , ,02,01,-,02,00,00,-, ,00,29/10/2024,00,29/10/2024,1,8449
01,1024,015,1,112-5,0922600,01,11A232,09,40159,0116,4,1,0,00,29/10/2024,00,29/10/2024,2,-,-,02,1, , ,02,01,-,02,00,00,-, ,00,29/10/2024,00,29/10/2024,1,8449
01,1024,015,1,112-5,0922600,01,11A232,09,40159,0021,1,1,0,00,04/11/2024,00,04/11/2024,2,-,-,03,1, , ,01,01,-,03,00,00,-, ,00,04/11/2024,00,04/11/2024,1,8449
01,1024,002,1,059-5,0900203,01,12A232,09,40163,0041,4,1,0,00,01/11/2024,00,01/11/2024,2,-,-,04,1, , ,02,02,-,04,00,00,-, ,00,01/11/2024,00,01/11/2024,1,7466
01,1024,002,1,059-5,0900203,01,12A232,09,40163,0006,3,1,0,00,07/11/2024,00,07/11/2024,2,-,-,02,1, , ,01,01,-,02,00,00,-, ,00,07/11/2024,00,07/11/2024,1,7466
01,1024,002,1,059-5,0900203,01,12A232,09,40163,0074,1,1,0,00,08/11/2024,00,08/11/2024,2,-,-,04,1, , ,01,02,-,04,00,00,-, ,00,08/11/2024,00,08/11/2024,1,7466
01,1024,002,1,059-5,0900203,01,12A232,09,40163,0107,2,1,0,00,08/11/2024,00,08/11/2024,2,-,-,04,1, , ,01,02,-,04,00,00,-, ,00,08/11/2024,00,08/11/2024,1,7466
01,1024,003,1,116-2,0901797,01,12A232,09,40166,0006,1,1,0,01,19/11/2024,00,19/11/2024,2,-,-,03,1, , ,01,01,-,03,00,00,-, ,01,19/11/2024,00,19/11/2024,1,6187
01,1024,003,1,116-2,0901797,01,12A232,09,40166,0054,3,1,0,00,31/10/2024,00,31/10/2024,2,-,-,04,1, , ,02,01,-,04,00,00,-, ,00,31/10/2024,00,31/10/2024,1,6187
01,1024,003,1,116-2,0901797,01,12A232,09,40166,0029,2,1,0,05,19/11/2024,00,19/11/2024,2,-,-,04,1, , ,04,01,-,04,00,00,-, ,05,19/11/2024,00,19/11/2024,1,6187
01,1024,003,1,116-2,0901797,01,12A232,09,40166,0074,4,1,0,00,31/10/2024,00,31/10/2024,2,-,-,05,1, , ,01,01,-,05,00,00,-, ,00,31/10/2024,00,31/10/2024,1,6187
01,1024,003,1,055-4,0902466,01,12A232,09,40167,0073,4,1,0,00,31/10/2024,00,31/10/2024,2,-,-,03,1, , ,01,03,-,03,00,00,-, ,00,31/10/2024,00,31/10/2024,1,7320
01,1024,003,1,055-4,0902466,01,12A232,09,40167,0042,3,1,0,00,31/10/2024,00,31/10/2024,2,-,-,04,1, , ,02,01,-,04,00,00,-, ,00,31/10/2024,00,31/10/2024,1,7320
01,1024,003,1,055-4,0902466,01,12A232,09,40167,0017,1,1,0,00,05/11/2024,00,05/11/2024,2,-,-,08,1, , ,03,05,-,08,00,00,-, ,00,05/11/2024,00,05/11/2024,1,7320
01,1024,003,1,055-4,0902466,01,12A232,09,40167,0110,2,1,0,00,05/11/2024,00,05/11/2024,2,-,-,03,1, , ,03,01,-,03,00,00,-, ,00,05/11/2024,00,05/11/2024,1,7320
01,1024,005,1,033-2,0903525,01,12A232,09,40170,0075,4,1,0,00,30/10/2024,00,30/10/2024,2,-,-,03,1, , ,01,01,-,03,00,00,-, ,00,30/10/2024,00,30/10/2024,1,8362
01,1024,005,1,033-2,0903525,01,12A232,09,40170,0039,3,1,0,00,30/10/2024,00,30/10/2024,2,-,-,01, , , ,01,01,-,01,00,00,-, ,00,30/10/2024,00,30/10/2024,1,8362
01,1024,005,1,033-2,0903525,01,12A232,09,40170,0004,2,1,0,00,30/10/2024,00,30/10/2024,2,-,-,01, , , ,01,01,-,01,00,00,-, ,00,30/10/2024,00,30/10/2024,1,8362
01,1024,005,1,033-2,0903525,01,12A232,09,40170,0118,1,1,0,00,31/10/2024,00,31/10/2024,2,-,-,04,1, , ,02,02,-,04,00,00,-, ,00,31/10/2024,00,31/10/2024,1,8362
01,1024,005,1,191-3,0904396,01,12A232,09,40172,0030,2,1,0,00,29/10/2024,00,29/10/2024,1,-,-,06,2,02,02,01,01,-,02,00,00,-, ,00,29/10/2024,00,29/10/2024,1,7148
01,1024,005,1,191-3,0904396,01,12A232,09,40172,0009,1,1,0,00,29/10/2024,00,29/10/2024,2,-,-,04,1, , ,01,01,-,04,00,00,-, ,00,29/10/2024,00,29/10/2024,1,7148
01,1024,005,1,191-3,0904396,01,12A232,09,40172,0050,3,1,0,00,29/10/2024,00,29/10/2024,2,-,-,03,1, , ,01,01,-,03,00,00,-, ,00,29/10/2024,00,29/10/2024,1,7148
01,1024,005,1,191-3,0904396,01,12A232,09,40172,0072,4,1,0,00,05/11/2024,00,05/11/2024,2,-,-,04,1, , ,04,01,-,04,00,00,-, ,00,05/11/2024,00,05/11/2024,1,7148
01,1024,006,1,112-6,0905989,01,12A232,09,40176,0018,1,1,0,13,06/11/2024,13,06/11/2024,2,-,-, , , , , , ,-, , , ,-, ,13,06/11/2024,13,06/11/2024,1,0
01,1024,006,1,112-6,0905989,01,12A232,09,40176,0097,4,1,0,00,06/11/2024,00,06/11/2024,2,-,-,04,1, , ,02,01,-,04,00,00,-, ,00,06/11/2024,00,06/11/2024,1,6623
01,1024,006,1,112-6,0905989,01,12A232,09,40176,0072,3,1,0,00,29/10/2024,00,29/10/2024,2,-,-,05,1, , ,04,04,-,05,00,00,-, ,00,29/10/2024,00,29/10/2024,1,6623
01,1024,006,1,112-6,0905989,01,12A232,09,40176,0047,2,1,0,00,01/11/2024,00,01/11/2024,2,-,-,06,1, , ,01,01,-,06,00,00,-, ,00,01/11/2024,00,01/11/2024,1,6623
01,1024,006,1,001-A,0906538,01,12A232,09,40179,0209,3,1,0,00,07/11/2024,00,07/11/2024,2,-,-,02,1, , ,01,02,-,02,00,00,-, ,00,07/11/2024,00,07/11/2024,1,9398
01,1024,006,1,001-A,0906538,01,12A232,09,40179,0163,4,1,0,00,12/11/2024,00,12/11/2024,2,-,-,03,1, , ,02,01,-,03,00,00,-, ,00,12/11/2024,00,12/11/2024,1,9398
01,1024,006,1,001-A,0906538,01,12A232,09,40179,0030,1,1,0,07,12/11/2024,07,12/11/2024,2,-,-, , , , , , ,-, , , ,-, ,07,12/11/2024,07,12/11/2024,1,0
01,1024,006,1,001-A,0906538,01,12A232,09,40179,0085,2,1,0,00,08/11/2024,00,08/11/2024,2,-,-,04,1, , ,01,01,-,04,00,00,-, ,00,08/11/2024,00,08/11/2024,1,9398
01,1024,007,1,474-9,0906880,01,12A232,09,40180,0050,1,1,0,00,31/10/2024,00,31/10/2024,2,-,-,07,1, , ,04,04,-,07,00,00,-, ,00,31/10/2024,00,31/10/2024,1,7721
01,1024,007,1,474-9,0906880,01,12A232,09,40180,0076,2,1,0,00,31/10/2024,00,31/10/2024,2,-,-,05,1, , ,01,01,-,05,00,00,-, ,00,31/10/2024,00,31/10/2024,1,7721
01,1024,007,1,474-9,0906880,01,12A232,09,40180,0005,3,1,0,00,31/10/2024,00,31/10/2024,2,-,-,03,1, , ,01,02,-,03,00,00,-, ,00,31/10/2024,00,31/10/2024,1,7721
01,1024,007,1,474-9,0906880,01,12A232,09,40180,0028,4,1,0,00,31/10/2024,00,31/10/2024,2,-,-,02,1, , ,02,01,-,02,00,00,-, ,00,31/10/2024,00,31/10/2024,1,7721
01,1024,007,1,104-9,0909669,01,12A232,09,40185,0077,1,1,0,00,07/11/2024,00,07/11/2024,2,-,-,06,1, , ,02,02,-,06,00,00,-, ,00,07/11/2024,00,07/11/2024,1,7769
01,1024,007,1,104-9,0909669,01,12A232,09,40185,0106,2,1,0,00,30/10/2024,00,30/10/2024,2,-,-,01, , , ,01,01,-,01,00,00,-, ,00,30/10/2024,00,30/10/2024,1,7769
01,1024,007,1,104-9,0909669,01,12A232,09,40185,0041,4,1,0,00,30/10/2024,00,30/10/2024,2,-,-,05,1, , ,01,03,-,05,00,00,-, ,00,30/10/2024,00,30/10/2024,1,7769
01,1024,007,1,104-9,0909669,01,12A232,09,40185,0011,3,1,0,00,07/11/2024,00,07/11/2024,2,-,-,03,1, , ,01,03,-,03,00,00,-, ,00,07/11/2024,00,07/11/2024,1,7769
01,1024,010,1,023-9,0911773,01,12A232,09,40189,0075,4,1,0,00,12/11/2024,00,12/11/2024,2,-,-,05,1, , ,02,01,-,05,00,00,-, ,00,12/11/2024,00,12/11/2024,1,8083
01,1024,010,1,023-9,0911773,01,12A232,09,40189,0003,2,1,0,00,01/11/2024,00,01/11/2024,2,-,-,02,1, , ,02,01,-,02,00,00,-, ,00,01/11/2024,00,01/11/2024,1,8083
01,1024,010,1,023-9,0911773,01,12A232,09,40189,0112,1,1,0,01,12/11/2024,06,18/11/2024,2,-,-, , , , , , ,-, , , ,-, ,01,12/11/2024,06,18/11/2024,1,0
01,1024,010,1,023-9,0911773,01,12A232,09,40189,0041,3,1,0,00,01/11/2024,00,01/11/2024,2,-,-,05,1, , ,02,02,-,05,00,00,-, ,00,01/11/2024,00,01/11/2024,1,8083
01,1024,010,1,134-5,0912642,01,12A232,09,40192,0094,4,1,0,00,06/11/2024,00,06/11/2024,2,-,-,06,1, , ,01,03,-,06,00,00,-, ,00,06/11/2024,00,06/11/2024,1,7110
01,1024,010,1,134-5,0912642,01,12A232,09,40192,0069,3,1,0,00,30/10/2024,00,30/10/2024,2,-,-,01, , , ,01,01,-,01,00,00,-, ,00,30/10/2024,00,30/10/2024,1,7110
01,1024,010,1,134-5,0912642,01,12A232,09,40192,0010,1,1,0,00,06/11/2024,00,06/11/2024,2,-,-,04,1, , ,01,01,-,04,00,00,-, ,00,06/11/2024,00,06/11/2024,1,7110
01,1024,010,1,134-5,0912642,01,12A232,09,40192,0038,2,1,0,00,31/10/2024,00,31/10/2024,2,-,-,01, , , ,01,01,-,01,00,00,-, ,00,31/10/2024,00,31/10/2024,1,7110
01,1024,010,1,062-9,0912874,01,12A232,09,40193,0069,1,1,0,00,07/11/2024,00,07/11/2024,2,-,-,04,1, , ,04,04,-,04,00,00,-, ,00,07/11/2024,00,07/11/2024,1,8870
01,1024,010,1,062-9,0912874,01,12A232,09,40193,0101,2,1,0,00,04/11/2024,00,04/11/2024,2,-,-,01, , , ,01,01,-,01,00,00,-, ,00,04/11/2024,00,04/11/2024,1,8870
01,1024,010,1,062-9,0912874,01,12A232,09,40193,0024,3,1,0,00,01/11/2024,00,01/11/2024,2,-,-,04,1, , ,03,01,-,04,00,00,-, ,00,01/11/2024,00,01/11/2024,1,8870
01,1024,010,1,062-9,0912874,01,12A232,09,40193,0111,4,1,0,00,04/11/2024,00,04/11/2024,2,-,-,01, , , ,01,01,-,01,00,00,-, ,00,04/11/2024,00,04/11/2024,1,8870
01,1024,011,1,045-2,0913785,01,12A232,09,40196,0042,2,1,0,00,11/11/2024,00,11/11/2024,2,-,-,05,1, , ,02,04,-,05,00,00,-, ,00,11/11/2024,00,11/11/2024,1,6994
01,1024,011,1,045-2,0913785,01,12A232,09,40196,0087,4,1,0,00,01/11/2024,00,01/11/2024,2,-,-,01, , , ,01,01,-,01,00,00,-, ,00,01/11/2024,00,01/11/2024,1,6994
01,1024,011,1,045-2,0913785,01,12A232,09,40196,0063,3,1,0,00,01/11/2024,00,01/11/2024,2,-,-,03,1, , ,01,02,-,03,00,00,-, ,00,01/11/2024,00,01/11/2024,1,6994
01,1024,011,1,045-2,0913785,01,12A232,09,40196,0016,1,1,0,00,11/11/2024,00,11/11/2024,2,-,-,02,1, , ,01,02,-,02,00,00,-, ,00,11/11/2024,00,11/11/2024,1,6994
01,1024,012,1,043-0,0914660,01,12A232,09,40198,0188,4,1,0,00,11/11/2024,00,11/11/2024,2,-,-,03,1, , ,02,02,-,03,00,00,-, ,00,11/11/2024,00,11/11/2024,1,7485
01,1024,012,1,043-0,0914660,01,12A232,09,40198,0141,3,1,0,00,06/11/2024,00,06/11/2024,2,-,-,04,1, , ,03,02,-,04,00,00,-, ,00,06/11/2024,00,06/11/2024,1,7485
01,1024,012,1,043-0,0914660,01,12A232,09,40198,0090,2,1,0,00,11/11/2024,00,11/11/2024,2,-,-,02,1, , ,01,02,-,02,00,00,-, ,00,11/11/2024,00,11/11/2024,1,7485
01,1024,012,1,043-0,0914660,01,12A232,09,40198,0041,1,1,0,09,06/11/2024,09,06/11/2024,2,-,-, , , , , , ,-, , , ,-, ,09,06/11/2024,09,06/11/2024,1,0
01,1024,013,1,137-0,0916143,01,12A232,09,40202,0028,2,1,0,00,08/11/2024,00,08/11/2024,2,-,-,03,1, , ,01,01,-,03,00,00,-, ,00,08/11/2024,00,08/11/2024,1,7184
01,1024,013,1,137-0,0916143,01,12A232,09,40202,0053,3,1,0,00,01/11/2024,00,01/11/2024,2,-,-,06,1, , ,02,02,-,06,00,00,-, ,00,01/11/2024,00,01/11/2024,1,7184
01,1024,013,1,137-0,0916143,01,12A232,09,40202,0004,1,1,0,00,01/11/2024,00,01/11/2024,2,-,-,02,1, , ,01,01,-,02,00,00,-, ,00,01/11/2024,00,01/11/2024,1,7184
01,1024,013,1,137-0,0916143,01,12A232,09,40202,0096,4,1,0,00,01/11/2024,00,01/11/2024,2,-,-,03,1, , ,01,01,-,03,00,00,-, ,00,01/11/2024,00,01/11/2024,1,7184
01,1024,015,1,063-A,0918964,01,12A232,09,40205,0128,4,1,0,00,10/11/2024,00,10/11/2024,2,-,-,01, , , ,01,01,-,01,00,00,-, ,00,10/11/2024,00,10/11/2024,1,8296
01,1024,015,1,063-A,0918964,01,12A232,09,40205,0026,3,1,0,00,29/10/2024,00,29/10/2024,2,-,-,01, , , ,01,01,-,01,00,00,-, ,00,29/10/2024,00,29/10/2024,1,8296
01,1024,015,1,063-A,0918964,01,12A232,09,40205,0057,1,1,0,00,08/11/2024,00,08/11/2024,2,-,-,03,1, , ,02,03,-,03,00,00,-, ,00,08/11/2024,00,08/11/2024,1,8296
01,1024,015,1,063-A,0918964,01,12A232,09,40205,0088,2,1,0,00,29/10/2024,00,29/10/2024,1,-,-,02,2,02,01,01,01,-,01,00,00,-, ,00,29/10/2024,00,29/10/2024,1,8296
01,1024,016,1,029-A,0919503,01,12A232,09,40206,0090,3,1,0,00,30/10/2024,00,30/10/2024,2,-,-,04,1, , ,01,01,-,04,00,00,-, ,00,30/10/2024,00,30/10/2024,1,7762
01,1024,016,1,029-A,0919503,01,12A232,09,40206,0055,2,1,0,00,12/11/2024,00,12/11/2024,2,-,-,02,1, , ,01,01,-,02,00,00,-, ,00,12/11/2024,00,12/11/2024,1,7762
01,1024,016,1,029-A,0919503,01,12A232,09,40206,0020,1,1,0,00,07/11/2024,00,07/11/2024,2,-,-,02,1, , ,01,01,-,02,00,00,-, ,00,07/11/2024,00,07/11/2024,1,7762
01,1024,016,1,029-A,0919503,01,12A232,09,40206,0128,4,1,0,00,01/11/2024,00,01/11/2024,2,-,-,08,1, , ,03,04,-,08,00,00,-, ,00,01/11/2024,00,01/11/2024,1,7762
01,1024,017,1,126-1,0920576,01,12A232,09,40209,0105,2,1,0,03,01/11/2024,03,01/11/2024,2,-,-, , , , , , ,-, , , ,-, ,03,01/11/2024,03,01/11/2024,1,0
01,1024,017,1,126-1,0920576,01,12A232,09,40209,0075,1,1,0,00,08/11/2024,00,08/11/2024,2,-,-,04,1, , ,02,04,-,04,00,00,-, ,15,08/11/2024,15,08/11/2024,1,0
01,1024,017,1,126-1,0920576,01,12A232,09,40209,0021,3,1,0,00,04/11/2024,00,04/11/2024,2,-,-,02,1, , ,02,01,-,02,00,00,-, ,00,04/11/2024,00,04/11/2024,1,7621
01,1024,017,1,126-1,0920576,01,12A232,09,40209,0048,4,1,0,00,01/11/2024,00,01/11/2024,2,-,-,03,1, , ,02,02,-,03,00,00,-, ,00,01/11/2024,00,01/11/2024,1,7621
01,1024,004,1,009-1,0921235,01,12A232,09,40211,0020,1,1,0,00,29/10/2024,00,29/10/2024,2,-,-,02,1, , ,02,01,-,02,00,00,-, ,00,29/10/2024,00,29/10/2024,1,8388
01,1024,004,1,009-1,0921235,01,12A232,09,40211,0087,4,1,0,00,04/11/2024,00,04/11/2024,2,-,-,01, , , ,01,01,-,01,00,00,-, ,00,04/11/2024,00,04/11/2024,1,8388
01,1024,004,1,009-1,0921235,01,12A232,09,40211,0042,2,1,0,00,13/11/2024,00,13/11/2024,2,-,-,02,1, , ,01,01,-,02,00,00,-, ,00,13/11/2024,00,13/11/2024,1,8388
01,1024,004,1,009-1,0921235,01,12A232,09,40211,0065,3,1,0,00,04/11/2024,00,04/11/2024,2,-,-,06,1, , ,06,06,-,06,00,00,-, ,00,04/11/2024,00,04/11/2024,1,8388
01,1024,002,1,018-6,0900724,01,13A232,09,40218,0064,3,1,0,06,04/11/2024,06,04/11/2024,2,-,-, , , , , , ,-, , , ,-, ,06,04/11/2024,06,04/11/2024,1,0
01,1024,002,1,018-6,0900724,01,13A232,09,40218,0039,2,1,0,00,11/11/2024,00,11/11/2024,2,-,-,03,1, , ,01,02,-,03,00,00,-, ,00,11/11/2024,00,11/11/2024,1,10703
01,1024,002,1,018-6,0900724,01,13A232,09,40218,0013,1,1,0,00,04/11/2024,00,04/11/2024,2,-,-,01, , , ,01,01,-,01,00,00,-, ,00,04/11/2024,00,04/11/2024,1,10703
01,1024,002,1,018-6,0900724,01,13A232,09,40218,0088,4,1,0,05,14/11/2024,05,14/11/2024,2,-,-, , , , , , ,-, , , ,-, ,05,14/11/2024,05,14/11/2024,1,0
01,1024,003,1,134-0,0901161,01,13A232,09,40219,0130,4,1,0,00,08/11/2024,00,08/11/2024,2,-,-,02,1, , ,01,02,-,02,00,00,-, ,00,08/11/2024,00,08/11/2024,1,11187
01,1024,003,1,134-0,0901161,01,13A232,09,40219,0065,2,1,0,00,10/11/2024,00,10/11/2024,2,-,-,03,1, , ,01,02,-,03,00,00,-, ,00,10/11/2024,00,10/11/2024,1,11187
01,1024,003,1,134-0,0901161,01,13A232,09,40219,0099,3,1,0,00,31/10/2024,00,31/10/2024,2,-,-,05,1, , ,01,04,-,05,00,00,-, ,00,31/10/2024,00,31/10/2024,1,11187
01,1024,003,1,134-0,0901161,01,13A232,09,40219,0033,1,1,0,00,08/11/2024,00,08/11/2024,2,-,-,03,1, , ,02,01,-,03,00,00,-, ,00,08/11/2024,00,08/11/2024,1,11187
01,1024,004,1,004-9,0902753,01,13A232,09,40222,0145,3,1,0,05,08/11/2024,05,19/11/2024,2,-,-, , , , , , ,-, , , ,-, ,05,08/11/2024,05,19/11/2024,1,0
01,1024,004,1,004-9,0902753,01,13A232,09,40222,0115,1,1,0,02,11/11/2024,03,19/11/2024,2,-,-, , , , , , ,-, , , ,-, ,02,11/11/2024,03,19/11/2024,1,0
01,1024,004,1,004-9,0902753,01,13A232,09,40222,0083,2,1,0,03,15/11/2024,03,16/11/2024,2,-,-, , , , , , ,-, , , ,-, ,03,15/11/2024,03,16/11/2024,1,0
01,1024,004,1,004-9,0902753,01,13A232,09,40222,0031,4,1,0,05,11/11/2024,05,19/11/2024,2,-,-, , , , , , ,-, , , ,-, ,05,11/11/2024,05,19/11/2024,1,0
01,1024,005,1,340-7,0904649,01,13A232,09,40224,0024,3,1,0,00,02/11/2024,00,02/11/2024,2,-,-,03,1, , ,02,03,-,03,00,00,-, ,00,02/11/2024,00,02/11/2024,1,10621
01,1024,005,1,340-7,0904649,01,13A232,09,40224,0112,1,1,0,00,05/11/2024,00,05/11/2024,2,-,-,02,1, , ,01,02,-,02,00,00,-, ,00,05/11/2024,00,05/11/2024,1,10621
01,1024,005,1,340-7,0904649,01,13A232,09,40224,0067,4,1,0,00,02/11/2024,00,02/11/2024,2,-,-,02,1, , ,02,01,-,02,00,00,-, ,00,02/11/2024,00,02/11/2024,1,10621
01,1024,005,1,340-7,0904649,01,13A232,09,40224,0156,2,1,0,06,05/11/2024,06,17/11/2024,2,-,-, , , , , , ,-, , , ,-, ,06,05/11/2024,06,17/11/2024,1,0
01,1024,007,1,442-9,0910600,01,13A232,09,40228,0021,1,1,0,00,04/11/2024,00,04/11/2024,2,-,-,03,1, , ,02,02,-,03,00,00,-, ,00,04/11/2024,00,04/11/2024,1,11056
01,1024,007,1,442-9,0910600,01,13A232,09,40228,0102,4,1,0,00,04/11/2024,00,04/11/2024,2,-,-,03,1, , ,01,01,-,03,00,00,-, ,00,04/11/2024,00,04/11/2024,1,11056
01,1024,007,1,442-9,0910600,01,13A232,09,40228,0044,2,1,0,00,12/11/2024,00,12/11/2024,2,-,-,01, , , ,01,01,-,01,00,00,-, ,00,12/11/2024,00,12/11/2024,1,11056
01,1024,007,1,442-9,0910600,01,13A232,09,40228,0071,3,1,0,13,10/11/2024,06,19/11/2024,2,-,-, , , , , , ,-, , , ,-, ,13,10/11/2024,06,19/11/2024,1,0
01,1024,010,1,067-1,0912507,01,13A232,09,40231,0012,1,1,0,00,31/10/2024,00,31/10/2024,2,-,-,04,1, , ,03,03,-,04,00,00,-, ,00,31/10/2024,00,31/10/2024,1,8480
01,1024,010,1,067-1,0912507,01,13A232,09,40231,0045,2,1,0,00,07/11/2024,00,07/11/2024,2,-,-,04,1, , ,01,01,-,04,00,00,-, ,00,07/11/2024,00,07/11/2024,1,8480
01,1024,010,1,067-1,0912507,01,13A232,09,40231,0118,4,1,0,00,31/10/2024,00,31/10/2024,2,-,-,02,1, , ,02,01,-,02,00,00,-, ,00,31/10/2024,00,31/10/2024,1,8480
01,1024,010,1,067-1,0912507,01,13A232,09,40231,0080,3,1,0,06,02/11/2024,06,02/11/2024,2,-,-, , , , , , ,-, , , ,-, ,06,02/11/2024,06,02/11/2024,1,0
01,1024,010,1,072-2,0911590,01,13A232,09,40232,0044,2,1,0,00,04/11/2024,00,04/11/2024,2,-,-,03,1, , ,01,02,-,03,00,00,-, ,00,04/11/2024,00,04/11/2024,1,7993
01,1024,010,1,072-2,0911590,01,13A232,09,40232,0095,4,1,0,00,12/11/2024,00,12/11/2024,2,-,-,01, , , ,01,01,-,01,00,00,-, ,00,12/11/2024,00,12/11/2024,1,7993
01,1024,010,1,072-2,0911590,01,13A232,09,40232,0024,1,1,0,00,04/11/2024,00,04/11/2024,2,-,-,01, , , ,01,01,-,01,00,00,-, ,00,04/11/2024,00,04/11/2024,1,7993
01,1024,010,1,072-2,0911590,01,13A232,09,40232,0073,3,1,0,00,13/11/2024,00,13/11/2024,1,-,-,03,2,03,01,01,01,-,01,00,00,-, ,00,13/11/2024,00,13/11/2024,1,7993
01,1024,012,1,102-A,0915534,01,13A232,09,40235,0058,2,1,0,13,06/11/2024,13,06/11/2024,2,-,-, , , , , , ,-, , , ,-, ,13,06/11/2024,13,06/11/2024,1,0
01,1024,012,1,102-A,0915534,01,13A232,09,40235,0125,4,1,0,00,12/11/2024,00,12/11/2024,2,-,-,03,1, , ,01,01,-,03,00,00,-, ,00,12/11/2024,00,12/11/2024,1,8468
01,1024,012,1,102-A,0915534,01,13A232,09,40235,0026,1,1,0,00,30/10/2024,00,30/10/2024,2,-,-,03,1, , ,01,03,-,03,00,00,-, ,00,30/10/2024,00,30/10/2024,1,8468
01,1024,012,1,102-A,0915534,01,13A232,09,40235,0093,3,1,0,00,30/10/2024,00,30/10/2024,2,-,-,04,1, , ,02,02,-,04,00,00,-, ,00,30/10/2024,00,30/10/2024,1,8468
01,1024,014,1,042-0,0916765,01,13A232,09,40237,0081,3,1,0,00,07/11/2024,00,07/11/2024,2,-,-,02,1, , ,02,02,-,02,00,00,-, ,00,07/11/2024,00,07/11/2024,1,7311
01,1024,014,1,042-0,0916765,01,13A232,09,40237,0056,2,1,0,00,30/10/2024,00,30/10/2024,2,-,-,04,1, , ,02,03,-,04,00,00,-, ,00,30/10/2024,00,30/10/2024,1,7311
01,1024,014,1,042-0,0916765,01,13A232,09,40237,0028,1,1,0,03,13/11/2024,03,16/11/2024,2,-,-, , , , , , ,-, , , ,-, ,03,13/11/2024,03,16/11/2024,1,0
01,1024,014,1,042-0,0916765,01,13A232,09,40237,0111,4,1,0,03,13/11/2024,03,16/11/2024,2,-,-, , , , , , ,-, , , ,-, ,03,13/11/2024,03,16/11/2024,1,0
01,1024,015,1,007-6,0917705,01,13A232,09,40241,0029,1,1,0,00,30/10/2024,00,30/10/2024,2,-,-,02,1, , ,01,01,-,02,00,00,-, ,00,30/10/2024,00,30/10/2024,1,7440
01,1024,015,1,007-6,0917705,01,13A232,09,40241,0065,2,1,0,00,06/11/2024,00,06/11/2024,2,-,-,03,1, , ,01,01,-,03,00,00,-, ,00,06/11/2024,00,06/11/2024,1,7440
01,1024,015,1,007-6,0917705,01,13A232,09,40241,0097,3,1,0,00,07/11/2024,00,07/11/2024,1,-,-,02,2,02,01,01,01,-,01,00,00,-, ,00,07/11/2024,00,07/11/2024,1,7440
01,1024,015,1,007-6,0917705,01,13A232,09,40241,0132,4,1,0,00,06/11/2024,00,06/11/2024,2,-,-,02,1, , ,02,02,-,02,00,00,-, ,00,06/11/2024,00,06/11/2024,1,7440
01,1024,016,1,027-0,0919218,01,13A232,09,40244,0037,2,1,0,00,08/11/2024,00,08/11/2024,2,-,-,03,1, , ,02,03,-,03,00,00,-, ,00,08/11/2024,00,08/11/2024,1,10162
01,1024,016,1,027-0,0919218,01,13A232,09,40244,0010,1,1,0,00,08/11/2024,00,08/11/2024,2,-,-,01, , , ,01,01,-,01,00,00,-, ,00,08/11/2024,00,08/11/2024,1,10162
01,1024,016,1,027-0,0919218,01,13A232,09,40244,0100,4,1,0,03,02/11/2024,03,02/11/2024,2,-,-, , , , , , ,-, , , ,-, ,03,02/11/2024,03,02/11/2024,1,0
01,1024,016,1,027-0,0919218,01,13A232,09,40244,0069,3,1,0,00,31/10/2024,00,31/10/2024,2,-,-,06,1, , ,01,01,-,06,00,00,-, ,00,31/10/2024,00,31/10/2024,1,10162
01,1024,016,1,034-0,0919444,01,13A232,09,40245,0019,1,1,0,01,11/11/2024,02,16/11/2024,2,-,-, , , , , , ,-, , , ,-, ,01,11/11/2024,02,16/11/2024,1,0
01,1024,016,1,034-0,0919444,01,13A232,09,40245,0120,4,1,0,03,31/10/2024,03,31/10/2024,2,-,-, , , , , , ,-, , , ,-, ,03,31/10/2024,03,31/10/2024,1,0
01,1024,016,1,034-0,0919444,01,13A232,09,40245,0082,3,1,0,00,31/10/2024,00,31/10/2024,2,-,-,01, , , ,01,01,-,01,00,00,-, ,00,31/10/2024,00,31/10/2024,1,11054
01,1024,016,1,034-0,0919444,01,13A232,09,40245,0051,2,1,0,00,31/10/2024,00,31/10/2024,2,-,-,02,1, , ,02,02,-,02,00,00,-, ,00,31/10/2024,00,31/10/2024,1,11054
01,1024,017,1,003-2,0920711,01,13A232,09,40248,0039,4,1,0,00,04/11/2024,00,04/11/2024,2,-,-,02,1, , ,01,01,-,02,00,00,-, ,00,04/11/2024,00,04/11/2024,1,4819
01,1024,017,1,003-2,0920711,01,13A232,09,40248,0024,3,1,0,00,13/11/2024,00,13/11/2024,2,-,-,03,1, , ,02,01,-,03,00,00,-, ,15,13/11/2024,15,13/11/2024,1,0
01,1024,017,1,003-2,0920711,01,13A232,09,40248,0001,1,1,0,03,06/11/2024,03,06/11/2024,2,-,-, , , , , , ,-, , , ,-, ,03,06/11/2024,03,06/11/2024,1,0
01,1024,017,1,003-2,0920711,01,13A232,09,40248,0013,2,1,0,12,30/10/2024,12,30/10/2024,2,-,-, , , , , , ,-, , , ,-, ,12,30/10/2024,12,30/10/2024,1,0
01,1024,005,1,286-0,0905245,01,13A232,09,40250,0099,4,1,0,00,02/11/2024,00,02/11/2024,2,-,-,05,1, , ,04,04,-,05,00,00,-, ,00,02/11/2024,00,02/11/2024,1,9416
01,1024,005,1,286-0,0905245,01,13A232,09,40250,0054,2,1,0,00,02/11/2024,00,02/11/2024,2,-,-,03,1, , ,02,02,-,03,00,00,-, ,00,02/11/2024,00,02/11/2024,1,9416
01,1024,005,1,286-0,0905245,01,13A232,09,40250,0029,3,1,0,00,14/11/2024,00,14/11/2024,2,-,-,01, , , ,01,01,-,01,00,00,-, ,00,14/11/2024,00,14/11/2024,1,9416
01,1024,005,1,286-0,0905245,01,13A232,09,40250,0008,1,1,0,00,30/10/2024,00,30/10/2024,2,-,-,04,1, , ,02,02,-,04,00,00,-, ,00,30/10/2024,00,30/10/2024,1,9416
01,1024,016,1,028-5,0923161,01,13A232,09,40254,0063,3,1,0,06,31/10/2024,06,31/10/2024,2,-,-, , , , , , ,-, , , ,-, ,06,31/10/2024,06,31/10/2024,1,0
01,1024,016,1,028-5,0923161,01,13A232,09,40254,0086,4,1,0,00,12/11/2024,00,12/11/2024,2,-,-,05,1, , ,01,04,-,05,00,00,-, ,15,12/11/2024,15,12/11/2024,1,0
01,1024,016,1,028-5,0923161,01,13A232,09,40254,0041,2,1,0,05,12/11/2024,05,12/11/2024,2,-,-, , , , , , ,-, , , ,-, ,05,12/11/2024,05,12/11/2024,1,0
01,1024,016,1,028-5,0923161,01,13A232,09,40254,0014,1,1,0,00,12/11/2024,00,12/11/2024,2,-,-,03,1, , ,01,02,-,03,00,00,-, ,14,12/11/2024,14,12/11/2024,1,0
26,1024,005,1,420-0,1000885,26,12A232,10,41231,0058,2,1,0,00,14/11/2024,00,14/11/2024,2,-,-,02,1, , ,01,02,-,02,00,00,-, ,00,14/11/2024,00,14/11/2024,1,7726
26,1024,005,1,420-0,1000885,26,12A232,10,41231,0136,4,1,0,00,14/11/2024,00,14/11/2024,2,-,-,02,1, , ,01,02,-,02,00,00,-, ,00,14/11/2024,00,14/11/2024,1,7726
26,1024,005,1,420-0,1000885,26,12A232,10,41231,0024,1,1,0,00,04/11/2024,00,04/11/2024,2,-,-,04,1, , ,02,03,-,04,00,00,-, ,00,04/11/2024,00,04/11/2024,1,7726
26,1024,005,1,420-0,1000885,26,12A232,10,41231,0096,3,1,0,00,04/11/2024,00,04/11/2024,2,-,-,03,1, , ,02,02,-,03,00,00,-, ,00,04/11/2024,00,04/11/2024,1,7726
26,1024,005,1,381-9,1001030,26,12A232,10,41235,0075,3,1,0,00,01/11/2024,00,01/11/2024,2,-,-,07,1, , ,01,01,-,07,00,00,-, ,00,01/11/2024,00,01/11/2024,1,7979
26,1024,005,1,381-9,1001030,26,12A232,10,41235,0112,4,1,0,00,13/11/2024,00,13/11/2024,2,-,-,04,1, , ,04,01,-,04,00,00,-, ,00,13/11/2024,00,13/11/2024,1,7979
26,1024,005,1,381-9,1001030,26,12A232,10,41235,0037,2,1,0,00,13/11/2024,00,13/11/2024,2,-,-,05,1, , ,02,02,-,05,00,00,-, ,00,13/11/2024,00,13/11/2024,1,7979
26,1024,005,1,381-9,1001030,26,12A232,10,41235,0001,1,1,0,00,13/11/2024,00,13/11/2024,2,-,-,04,1, , ,03,03,-,04,00,00,-, ,00,13/11/2024,00,13/11/2024,1,7979
26,1024,005,1,223-8,1001283,26,12A232,10,41239,0083,3,1,0,00,08/11/2024,00,08/11/2024,2,-,-,04,1, , ,02,02,-,04,00,00,-, ,00,08/11/2024,00,08/11/2024,1,7938
26,1024,005,1,223-8,1001283,26,12A232,10,41239,0019,1,1,0,01,14/11/2024,00,19/11/2024,2,-,-,01, , , ,01,01,-,01,00,00,-, ,01,14/11/2024,00,19/11/2024,1,7938
26,1024,005,1,223-8,1001283,26,12A232,10,41239,0120,4,1,0,00,14/11/2024,00,14/11/2024,2,-,-,06,1, , ,01,02,-,06,00,00,-, ,00,14/11/2024,00,14/11/2024,1,7938
26,1024,005,1,223-8,1001283,26,12A232,10,41239,0050,2,1,0,00,29/10/2024,00,29/10/2024,2,-,-,04,1, , ,02,01,-,04,00,00,-, ,00,29/10/2024,00,29/10/2024,1,7938
26,1024,005,1,531-7,1001668,26,12A232,10,41248,0038,3,1,0,00,01/11/2024,00,01/11/2024,1,-,-,06,2,02,05,01,02,-,05,00,00,-, ,00,01/11/2024,00,01/11/2024,1,8526
26,1024,005,1,531-7,1001668,26,12A232,10,41248,0073,4,1,0,00,06/11/2024,00,06/11/2024,2,-,-,05,1, , ,01,03,-,05,00,00,-, ,00,06/11/2024,00,06/11/2024,1,8526
26,1024,005,1,531-7,1001668,26,12A232,10,41248,0142,2,1,0,01,07/11/2024,00,15/11/2024,2,-,-,01, , , ,01,01,-,01,00,00,-, ,01,07/11/2024,00,15/11/2024,1,8526
26,1024,005,1,531-7,1001668,26,12A232,10,41248,0110,1,1,0,00,01/11/2024,00,01/11/2024,2,-,-,02,1, , ,01,02,-,02,00,00,-, ,00,01/11/2024,00,01/11/2024,1,8526
26,1024,005,1,215-3,1000638,26,13A232,10,41255,0008,1,1,0,07,04/11/2024,07,04/11/2024,2,-,-, , , , , , ,-, , , ,-, ,07,04/11/2024,07,04/11/2024,1,0
26,1024,005,1,215-3,1000638,26,13A232,10,41255,0060,4,1,0,00,11/11/2024,00,11/11/2024,2,-,-,01, , , ,01,01,-,01,00,00,-, ,00,11/11/2024,00,11/11/2024,1,9934
26,1024,005,1,215-3,1000638,26,13A232,10,41255,0100,2,1,0,00,04/11/2024,00,04/11/2024,2,-,-,05,1, , ,02,02,-,05,00,00,-, ,00,04/11/2024,00,04/11/2024,1,9934
26,1024,005,1,215-3,1000638,26,13A232,10,41255,0033,3,1,0,00,11/11/2024,00,11/11/2024,2,-,-,02,1, , ,01,01,-,02,00,00,-, ,00,11/11/2024,00,11/11/2024,1,9934
26,1024,005,1,018-0,1001489,26,13A232,10,41265,0055,1,1,0,00,14/11/2024,00,14/11/2024,2,-,-,02,1, , ,01,01,-,02,00,00,-, ,00,14/11/2024,00,14/11/2024,1,11447
26,1024,005,1,018-0,1001489,26,13A232,10,41265,0086,2,1,0,01,13/11/2024,07,19/11/2024,2,-,-, , , , , , ,-, , , ,-, ,01,13/11/2024,07,19/11/2024,1,0
26,1024,005,1,018-0,1001489,26,13A232,10,41265,0017,3,1,0,00,13/11/2024,00,13/11/2024,2,-,-,03,1, , ,02,02,-,03,00,00,-, ,00,13/11/2024,00,13/11/2024,1,11447
26,1024,005,1,018-0,1001489,26,13A232,10,41265,0098,4,1,0,00,13/11/2024,00,13/11/2024,2,-,-,06,1, , ,01,06,-,06,00,00,-, ,00,13/11/2024,00,13/11/2024,1,11447
26,1024,005,1,244-A,1001655,26,13A232,10,41268,0006,2,1,0,00,01/11/2024,00,01/11/2024,2,-,-,05,1, , ,02,01,-,05,00,00,-, ,00,01/11/2024,00,01/11/2024,1,10875
26,1024,005,1,244-A,1001655,26,13A232,10,41268,0104,3,1,0,00,06/11/2024,00,06/11/2024,2,-,-,04,1, , ,02,02,-,04,00,00,-, ,00,06/11/2024,00,06/11/2024,1,10875
26,1024,005,1,244-A,1001655,26,13A232,10,41268,0136,4,1,0,00,01/11/2024,00,01/11/2024,1,-,-,10,2,03,01,01,01,-,01,00,00,-, ,00,01/11/2024,00,01/11/2024,1,10875
26,1024,005,1,244-A,1001655,26,13A232,10,41268,0037,1,1,0,00,08/11/2024,00,08/11/2024,2,-,-,04,1, , ,02,03,-,04,00,00,-, ,00,08/11/2024,00,08/11/2024,1,10875
26,1024,005,1,258-1,1000356,26,11A232,10,41314,0087,3,1,0,00,11/11/2024,00,11/11/2024,2,-,-,05,1, , ,02,03,-,05,00,00,-, ,00,11/11/2024,00,11/11/2024,1,9412
26,1024,005,1,258-1,1000356,26,11A232,10,41314,0015,1,1,0,00,05/11/2024,00,05/11/2024,2,-,-,02,1, , ,01,02,-,02,00,00,-, ,00,05/11/2024,00,05/11/2024,1,9412
26,1024,005,1,258-1,1000356,26,11A232,10,41314,0119,4,1,0,00,11/11/2024,00,11/11/2024,2,-,-,02,1, , ,01,02,-,02,00,00,-, ,00,11/11/2024,00,11/11/2024,1,9412
26,1024,005,1,258-1,1000356,26,11A232,10,41314,0047,2,1,0,01,14/11/2024,00,15/11/2024,2,-,-,01, , , ,01,01,-,01,00,00,-, ,01,14/11/2024,00,15/11/2024,1,9412
26,1024,005,1,283-A,1001114,26,11A232,10,41328,0035,3,1,0,00,31/10/2024,00,31/10/2024,1,-,-,09,2,03,04,02,02,-,04,00,00,-, ,00,31/10/2024,00,31/10/2024,1,7824
26,1024,005,1,283-A,1001114,26,11A232,10,41328,0004,1,1,0,00,13/11/2024,00,13/11/2024,2,-,-,04,1, , ,02,01,-,04,00,00,-, ,00,13/11/2024,00,13/11/2024,1,7824
26,1024,005,1,283-A,1001114,26,11A232,10,41328,0067,2,1,0,00,31/10/2024,00,31/10/2024,2,-,-,02,1, , ,02,01,-,02,00,00,-, ,00,31/10/2024,00,31/10/2024,1,7824
26,1024,005,1,283-A,1001114,26,11A232,10,41328,0112,4,1,0,06,31/10/2024,06,31/10/2024,2,-,-, , , , , , ,-, , , ,-, ,06,31/10/2024,06,31/10/2024,1,0
26,1024,005,1,405-6,1001423,26,11A232,10,41337,0085,4,1,0,00,13/11/2024,00,13/11/2024,2,-,-,03,1, , ,01,01,-,03,00,00,-, ,00,13/11/2024,00,13/11/2024,1,11631
26,1024,005,1,405-6,1001423,26,11A232,10,41337,0101,2,1,0,00,31/10/2024,00,31/10/2024,2,-,-,02,1, , ,01,01,-,02,00,00,-, ,00,31/10/2024,00,31/10/2024,1,11631
26,1024,005,1,405-6,1001423,26,11A232,10,41337,0135,3,1,0,00,13/11/2024,00,13/11/2024,2,-,-,06,1, , ,02,03,-,06,00,00,-, ,00,13/11/2024,00,13/11/2024,1,11631
26,1024,005,1,405-6,1001423,26,11A232,10,41337,0062,1,1,0,00,14/11/2024,00,14/11/2024,2,-,-,03,1, , ,02,01,-,03,00,00,-, ,00,14/11/2024,00,14/11/2024,1,11631
26,1024,005,1,357-5,1001736,26,11A232,10,41341,0076,1,1,0,00,12/11/2024,00,12/11/2024,1,-,-,05,2,03,03,01,01,-,03,00,00,-, ,00,12/11/2024,00,12/11/2024,1,8843
26,1024,005,1,357-5,1001736,26,11A232,10,41341,0138,2,1,0,07,13/11/2024,07,13/11/2024,2,-,-, , , , , , ,-, , , ,-, ,07,13/11/2024,07,13/11/2024,1,0
26,1024,005,1,357-5,1001736,26,11A232,10,41341,0110,4,1,0,00,29/10/2024,00,29/10/2024,1,-,-,10,2,03,03,02,01,-,03,00,00,-, ,00,29/10/2024,00,29/10/2024,1,8843
26,1024,005,1,357-5,1001736,26,11A232,10,41341,0033,3,1,0,01,14/11/2024,00,19/11/2024,2,-,-,01, , , ,01,01,-,01,00,00,-, ,01,14/11/2024,00,19/11/2024,1,8843
26,1024,005,1,356-0,1000675,26,12A232,10,41353,0049,1,1,0,00,04/11/2024,00,04/11/2024,2,-,-,01, , , ,01,01,-,01,00,00,-, ,00,04/11/2024,00,04/11/2024,1,9249
26,1024,005,1,356-0,1000675,26,12A232,10,41353,0003,2,1,0,00,11/11/2024,00,11/11/2024,2,-,-,02,1, , ,02,02,-,02,00,00,-, ,00,11/11/2024,00,11/11/2024,1,9249
26,1024,005,1,356-0,1000675,26,12A232,10,41353,0098,4,1,0,00,04/11/2024,00,04/11/2024,2,-,-,02,1, , ,02,01,-,02,00,00,-, ,00,04/11/2024,00,04/11/2024,1,9249
26,1024,005,1,356-0,1000675,26,12A232,10,41353,0029,3,1,0,00,11/11/2024,00,11/11/2024,2,-,-,03,1, , ,03,01,-,03,00,00,-, ,00,11/11/2024,00,11/11/2024,1,9249
05,1024,020,1,190-2,1107698,05,12A232,11,40122,0094,3,1,0,00,30/10/2024,00,30/10/2024,2,-,-,02,1, , ,01,01,-,02,00,00,-, ,00,30/10/2024,00,30/10/2024,1,8361
05,1024,020,1,190-2,1107698,05,12A232,11,40122,0024,1,1,0,00,30/10/2024,00,30/10/2024,2,-,-,03,1, , ,01,01,-,03,00,00,-, ,00,30/10/2024,00,30/10/2024,1,8361
05,1024,020,1,190-2,1107698,05,12A232,11,40122,0129,4,1,0,00,30/10/2024,00,30/10/2024,2,-,-,06,1, , ,01,02,-,06,00,00,-, ,00,30/10/2024,00,30/10/2024,1,8361
05,1024,020,1,190-2,1107698,05,12A232,11,40122,0059,2,1,0,00,30/10/2024,00,30/10/2024,2,-,-,01, , , ,01,01,-,01,00,00,-, ,00,30/10/2024,00,30/10/2024,1,8361
05,1024,020,1,260-A,1108332,05,12A232,11,40127,0053,2,1,0,00,30/10/2024,00,30/10/2024,2,-,-,01, , , ,01,01,-,01,00,00,-, ,00,30/10/2024,00,30/10/2024,1,6534
05,1024,020,1,260-A,1108332,05,12A232,11,40127,0014,4,1,0,00,30/10/2024,00,30/10/2024,2,-,-,03,1, , ,01,01,-,03,00,00,-, ,00,30/10/2024,00,30/10/2024,1,6534
05,1024,020,1,260-A,1108332,05,12A232,11,40127,0047,3,1,0,00,08/11/2024,00,08/11/2024,2,-,-,06,1, , ,01,04,-,06,00,00,-, ,00,08/11/2024,00,08/11/2024,1,6534
05,1024,020,1,260-A,1108332,05,12A232,11,40127,0145,1,1,0,04,11/11/2024,04,11/11/2024,2,-,-, , , , , , ,-, , , ,-, ,04,11/11/2024,04,11/11/2024,1,0
05,1024,020,1,458-9,1105609,05,13A232,11,40134,0027,2,1,0,00,08/11/2024,00,08/11/2024,2,-,-,05,1, , ,03,03,-,05,00,00,-, ,00,08/11/2024,00,08/11/2024,1,10786
05,1024,020,1,458-9,1105609,05,13A232,11,40134,0132,4,1,0,00,15/11/2024,00,15/11/2024,2,-,-,02,1, , ,02,02,-,02,00,00,-, ,00,15/11/2024,00,15/11/2024,1,10786
05,1024,020,1,458-9,1105609,05,13A232,11,40134,0102,3,1,0,00,11/11/2024,00,11/11/2024,2,-,-,04,1, , ,03,02,-,04,00,00,-, ,00,11/11/2024,00,11/11/2024,1,10786
05,1024,020,1,458-9,1105609,05,13A232,11,40134,0076,1,1,0,00,08/11/2024,00,08/11/2024,2,-,-,04,1, , ,01,02,-,04,00,00,-, ,00,08/11/2024,00,08/11/2024,1,10786
05,1024,020,1,147-6,1105741,05,13A232,11,40135,0107,3,1,0,00,12/11/2024,00,12/11/2024,2,-,-,05,1, , ,02,03,-,05,00,00,-, ,00,12/11/2024,00,12/11/2024,1,7974
05,1024,020,1,147-6,1105741,05,13A232,11,40135,0032,2,1,0,00,14/11/2024,00,14/11/2024,2,-,-,01, , , ,01,01,-,01,00,00,-, ,00,14/11/2024,00,14/11/2024,1,7974
05,1024,020,1,147-6,1105741,05,13A232,11,40135,0091,4,1,0,00,12/11/2024,00,12/11/2024,2,-,-,03,1, , ,01,01,-,03,00,00,-, ,00,12/11/2024,00,12/11/2024,1,7974
05,1024,020,1,147-6,1105741,05,13A232,11,40135,0070,1,1,0,00,13/11/2024,00,13/11/2024,2,-,-,01, , , ,01,01,-,01,00,00,-, ,00,13/11/2024,00,13/11/2024,1,7974
05,1024,020,1,043-A,1107152,05,13A232,11,40144,0146,4,1,0,00,31/10/2024,00,31/10/2024,2,-,-,03,1, , ,02,02,-,03,00,00,-, ,00,31/10/2024,00,31/10/2024,1,10472
05,1024,020,1,043-A,1107152,05,13A232,11,40144,0071,2,1,0,00,31/10/2024,00,31/10/2024,2,-,-,03,1, , ,01,01,-,03,00,00,-, ,00,31/10/2024,00,31/10/2024,1,10472
05,1024,020,1,043-A,1107152,05,13A232,11,40144,0035,1,1,0,00,31/10/2024,00,31/10/2024,1,-,-,02,2,02,01,01,01,-,01,00,00,-, ,00,31/10/2024,00,31/10/2024,1,10472
05,1024,020,1,043-A,1107152,05,13A232,11,40144,0107,3,1,0,00,31/10/2024,00,31/10/2024,2,-,-,03,1, , ,01,03,-,03,00,00,-, ,00,31/10/2024,00,31/10/2024,1,10472
05,1024,020,1,365-0,1108910,05,13A232,11,40151,0072,3,1,0,00,08/11/2024,00,08/11/2024,2,-,-,03,1, , ,01,02,-,03,00,00,-, ,00,08/11/2024,00,08/11/2024,1,11432
05,1024,020,1,365-0,1108910,05,13A232,11,40151,0039,2,1,0,00,07/11/2024,00,07/11/2024,2,-,-,04,1, , ,03,03,-,04,00,00,-, ,00,07/11/2024,00,07/11/2024,1,11432
05,1024,020,1,365-0,1108910,05,13A232,11,40151,0105,4,1,0,00,07/11/2024,00,07/11/2024,2,-,-,02,1, , ,02,02,-,02,00,00,-, ,00,07/11/2024,00,07/11/2024,1,11432
05,1024,020,1,365-0,1108910,05,13A232,11,40151,0002,1,1,0,00,06/11/2024,00,06/11/2024,2,-,-,04,1, , ,01,01,-,04,00,00,-, ,00,06/11/2024,00,06/11/2024,1,11432
05,1024,020,1,620-8,1108708,05,11A232,11,40159,0100,4,1,0,00,29/10/2024,00,29/10/2024,2,-,-,04,1, , ,01,01,-,04,00,00,-, ,00,29/10/2024,00,29/10/2024,1,6688
05,1024,020,1,620-8,1108708,05,11A232,11,40159,0042,2,1,0,00,29/10/2024,00,29/10/2024,2,-,-,04,1, , ,01,03,-,04,00,00,-, ,00,29/10/2024,00,29/10/2024,1,6688
05,1024,020,1,620-8,1108708,05,11A232,11,40159,0012,1,1,0,05,29/10/2024,05,29/10/2024,2,-,-, , , , , , ,-, , , ,-, ,05,29/10/2024,05,29/10/2024,1,0
05,1024,020,1,620-8,1108708,05,11A232,11,40159,0070,3,1,0,00,29/10/2024,00,29/10/2024,2,-,-,04,1, , ,02,01,-,04,00,00,-, ,00,29/10/2024,00,29/10/2024,1,6688
05,1024,020,1,114-1,1105774,05,11A232,11,40162,0075,2,1,0,00,31/10/2024,00,31/10/2024,2,-,-,03,1, , ,01,02,-,03,00,00,-, ,00,31/10/2024,00,31/10/2024,1,8543
05,1024,020,1,114-1,1105774,05,11A232,11,40162,0103,3,1,0,00,31/10/2024,00,31/10/2024,2,-,-,02,1, , ,01,01,-,02,00,00,-, ,00,31/10/2024,00,31/10/2024,1,8543
05,1024,020,1,114-1,1105774,05,11A232,11,40162,0048,4,1,0,00,31/10/2024,00,31/10/2024,2,-,-,04,1, , ,01,01,-,04,00,00,-, ,00,31/10/2024,00,31/10/2024,1,8543
05,1024,020,1,114-1,1105774,05,11A232,11,40162,0004,1,1,0,00,31/10/2024,00,31/10/2024,2,-,-,03,1, , ,01,02,-,03,00,00,-, ,00,31/10/2024,00,31/10/2024,1,8543
05,1024,020,1,462-5,1105963,05,11A232,11,40166,0065,4,1,0,00,12/11/2024,00,12/11/2024,2,-,-,02,1, , ,02,01,-,02,00,00,-, ,00,12/11/2024,00,12/11/2024,1,9038
05,1024,020,1,462-5,1105963,05,11A232,11,40166,0038,2,1,0,00,29/10/2024,00,29/10/2024,1,-,-,05,2,02,03,02,02,-,03,00,00,-, ,00,29/10/2024,00,29/10/2024,1,9038
05,1024,020,1,462-5,1105963,05,11A232,11,40166,0104,3,1,0,00,29/10/2024,00,29/10/2024,2,-,-,01, , , ,01,01,-,01,00,00,-, ,00,29/10/2024,00,29/10/2024,1,9038
05,1024,020,1,462-5,1105963,05,11A232,11,40166,0012,1,1,0,00,12/11/2024,00,12/11/2024,2,-,-,03,1, , ,02,02,-,03,00,00,-, ,00,12/11/2024,00,12/11/2024,1,9038
05,1024,020,1,400-4,1106837,05,11A232,11,40179,0123,2,1,0,06,14/11/2024,06,14/11/2024,2,-,-, , , , , , ,-, , , ,-, ,06,14/11/2024,06,14/11/2024,1,0
05,1024,020,1,400-4,1106837,05,11A232,11,40179,0086,1,1,0,06,14/11/2024,06,14/11/2024,2,-,-, , , , , , ,-, , , ,-, ,06,14/11/2024,06,14/11/2024,1,0
05,1024,020,1,400-4,1106837,05,11A232,11,40179,0029,3,1,0,00,01/11/2024,00,01/11/2024,2,-,-,04,1, , ,02,03,-,04,00,00,-, ,00,01/11/2024,00,01/11/2024,1,8623
05,1024,020,1,400-4,1106837,05,11A232,11,40179,0046,4,1,0,00,01/11/2024,00,01/11/2024,2,-,-,06,1, , ,02,02,-,06,00,00,-, ,00,01/11/2024,00,01/11/2024,1,8623
05,1024,020,1,482-2,1107000,05,11A232,11,40181,0014,4,1,0,00,30/10/2024,00,30/10/2024,2,-,-,05,1, , ,02,03,-,05,00,00,-, ,00,30/10/2024,00,30/10/2024,1,8852
05,1024,020,1,482-2,1107000,05,11A232,11,40181,0027,3,1,0,00,30/10/2024,00,30/10/2024,2,-,-,04,1, , ,01,02,-,04,00,00,-, ,00,30/10/2024,00,30/10/2024,1,8852
05,1024,020,1,482-2,1107000,05,11A232,11,40181,0078,2,1,0,00,30/10/2024,00,30/10/2024,2,-,-,07,1, , ,02,03,-,07,00,00,-, ,00,30/10/2024,00,30/10/2024,1,8852
05,1024,020,1,482-2,1107000,05,11A232,11,40181,0060,1,1,0,00,01/11/2024,00,01/11/2024,2,-,-,04,1, , ,02,01,-,04,00,00,-, ,00,01/11/2024,00,01/11/2024,1,8852
05,1024,020,1,242-1,1107319,05,11A232,11,40185,0081,4,1,0,00,01/11/2024,00,01/11/2024,1,-,-,06,2,02,02,02,01,-,02,00,00,-, ,00,01/11/2024,00,01/11/2024,1,9005
05,1024,020,1,242-1,1107319,05,11A232,11,40185,0049,3,1,0,00,04/11/2024,00,04/11/2024,2,-,-,04,1, , ,02,01,-,04,00,00,-, ,00,04/11/2024,00,04/11/2024,1,9005
05,1024,020,1,242-1,1107319,05,11A232,11,40185,0019,2,1,0,00,01/11/2024,00,01/11/2024,2,-,-,04,1, , ,01,02,-,04,00,00,-, ,00,01/11/2024,00,01/11/2024,1,9005
05,1024,020,1,242-1,1107319,05,11A232,11,40185,0112,1,1,0,00,04/11/2024,00,04/11/2024,2,-,-,02,1, , ,02,02,-,02,00,00,-, ,00,04/11/2024,00,04/11/2024,1,9005
05,1024,020,1,635-4,1108257,05,11A232,11,40198,0068,3,1,0,00,12/11/2024,00,12/11/2024,2,-,-,02,1, , ,01,01,-,02,00,00,-, ,00,12/11/2024,00,12/11/2024,1,8458
05,1024,020,1,635-4,1108257,05,11A232,11,40198,0100,4,1,0,00,30/10/2024,00,30/10/2024,2,-,-,01, , , ,01,01,-,01,00,00,-, ,00,30/10/2024,00,30/10/2024,1,8458
05,1024,020,1,635-4,1108257,05,11A232,11,40198,0038,2,1,0,00,31/10/2024,00,31/10/2024,2,-,-,02,1, , ,02,01,-,02,00,00,-, ,00,31/10/2024,00,31/10/2024,1,8458
05,1024,020,1,635-4,1108257,05,11A232,11,40198,0008,1,1,0,00,31/10/2024,00,31/10/2024,2,-,-,03,1, , ,02,02,-,03,00,00,-, ,00,31/10/2024,00,31/10/2024,1,8458
05,1024,020,1,112-2,1108434,05,11A232,11,40201,0047,4,1,0,00,05/11/2024,00,05/11/2024,2,-,-,03,1, , ,01,01,-,03,00,00,-, ,00,05/11/2024,00,05/11/2024,1,8455
05,1024,020,1,112-2,1108434,05,11A232,11,40201,0077,2,1,0,00,05/11/2024,00,05/11/2024,2,-,-,04,1, , ,01,02,-,04,00,00,-, ,00,05/11/2024,00,05/11/2024,1,8455
05,1024,020,1,112-2,1108434,05,11A232,11,40201,0096,1,1,0,00,06/11/2024,00,06/11/2024,2,-,-,05,1, , ,02,02,-,05,00,00,-, ,00,06/11/2024,00,06/11/2024,1,8455
05,1024,020,1,112-2,1108434,05,11A232,11,40201,0017,3,1,0,00,05/11/2024,00,05/11/2024,2,-,-,05,1, , ,02,03,-,05,00,00,-, ,00,05/11/2024,00,05/11/2024,1,8455
05,1024,020,1,639-2,1108638,05,11A232,11,40205,0015,3,1,0,00,29/10/2024,00,29/10/2024,2,-,-,05,1, , ,02,01,-,05,00,00,-, ,00,29/10/2024,00,29/10/2024,1,9823
05,1024,020,1,639-2,1108638,05,11A232,11,40205,0046,4,1,0,00,29/10/2024,00,29/10/2024,2,-,-,04,1, , ,01,01,-,04,00,00,-, ,00,29/10/2024,00,29/10/2024,1,9823
05,1024,020,1,639-2,1108638,05,11A232,11,40205,0103,2,1,0,00,29/10/2024,00,29/10/2024,2,-,-,02,1, , ,02,02,-,02,00,00,-, ,00,29/10/2024,00,29/10/2024,1,9823
05,1024,020,1,639-2,1108638,05,11A232,11,40205,0074,1,1,0,05,29/10/2024,05,29/10/2024,2,-,-, , , , , , ,-, , , ,-, ,05,29/10/2024,05,29/10/2024,1,0
05,1024,025,1,010-1,1109815,05,11A232,11,40218,0088,4,1,0,00,14/11/2024,00,14/11/2024,2,-,-,02,1, , ,02,01,-,02,00,00,-, ,00,14/11/2024,00,14/11/2024,1,11837
05,1024,025,1,010-1,1109815,05,11A232,11,40218,0005,3,1,0,00,06/11/2024,00,06/11/2024,2,-,-,04,1, , ,01,04,-,04,00,00,-, ,00,06/11/2024,00,06/11/2024,1,11837
05,1024,025,1,010-1,1109815,05,11A232,11,40218,0144,1,1,0,00,06/11/2024,00,06/11/2024,2,-,-,06,1, , ,02,02,-,06,00,00,-, ,00,06/11/2024,00,06/11/2024,1,11837
05,1024,025,1,010-1,1109815,05,11A232,11,40218,0095,2,1,0,00,11/11/2024,00,11/11/2024,2,-,-,03,1, , ,02,03,-,03,00,00,-, ,00,11/11/2024,00,11/11/2024,1,11837
05,1024,020,1,295-3,1107058,05,11A232,11,40224,0115,4,1,0,00,05/11/2024,00,05/11/2024,2,-,-,04,1, , ,04,04,-,04,00,00,-, ,00,05/11/2024,00,05/11/2024,1,7808
05,1024,020,1,295-3,1107058,05,11A232,11,40224,0047,2,1,0,00,05/11/2024,00,05/11/2024,2,-,-,04,1, , ,01,02,-,04,00,00,-, ,00,05/11/2024,00,05/11/2024,1,7808
05,1024,020,1,295-3,1107058,05,11A232,11,40224,0018,3,1,0,00,05/11/2024,00,05/11/2024,2,-,-,05,1, , ,01,05,-,05,00,00,-, ,00,05/11/2024,00,05/11/2024,1,7808
05,1024,020,1,295-3,1107058,05,11A232,11,40224,0103,1,1,0,00,15/11/2024,00,15/11/2024,2,-,-,05,1, , ,02,01,-,05,00,00,-, ,00,15/11/2024,00,15/11/2024,1,7808
05,1024,020,1,143-8,1105716,05,12A232,11,40227,0113,1,1,0,00,06/11/2024,00,06/11/2024,2,-,-,06,1, , ,04,04,-,06,00,00,-, ,00,06/11/2024,00,06/11/2024,1,7866
05,1024,020,1,143-8,1105716,05,12A232,11,40227,0014,4,1,0,00,08/11/2024,00,08/11/2024,2,-,-,03,1, , ,02,03,-,03,00,00,-, ,00,08/11/2024,00,08/11/2024,1,7866
05,1024,020,1,143-8,1105716,05,12A232,11,40227,0083,3,1,0,00,15/11/2024,00,15/11/2024,2,-,-,03,1, , ,01,03,-,03,00,00,-, ,15,15/11/2024,15,15/11/2024,1,0
05,1024,020,1,143-8,1105716,05,12A232,11,40227,0051,2,1,0,00,06/11/2024,00,06/11/2024,2,-,-,03,1, , ,01,02,-,03,00,00,-, ,00,06/11/2024,00,06/11/2024,1,7866
05,1024,020,1,637-3,1106700,05,12A232,11,40233,0030,3,1,0,00,28/10/2024,00,28/10/2024,2,-,-,03,1, , ,03,01,-,03,00,00,-, ,00,28/10/2024,00,28/10/2024,1,8516
05,1024,020,1,637-3,1106700,05,12A232,11,40233,0133,2,1,0,00,28/10/2024,00,28/10/2024,2,-,-,02,1, , ,01,01,-,02,00,00,-, ,00,28/10/2024,00,28/10/2024,1,8516
05,1024,020,1,637-3,1106700,05,12A232,11,40233,0093,1,1,0,00,28/10/2024,00,28/10/2024,2,-,-,04,1, , ,02,01,-,04,00,00,-, ,00,28/10/2024,00,28/10/2024,1,8516
05,1024,020,1,637-3,1106700,05,12A232,11,40233,0061,4,1,0,00,28/10/2024,00,28/10/2024,2,-,-,04,1, , ,01,01,-,04,00,00,-, ,00,28/10/2024,00,28/10/2024,1,8516
05,1024,020,1,064-1,1107286,05,12A232,11,40237,0116,3,1,0,00,03/11/2024,00,03/11/2024,2,-,-,04,1, , ,01,02,-,04,00,00,-, ,00,03/11/2024,00,03/11/2024,1,8368
05,1024,020,1,064-1,1107286,05,12A232,11,40237,0054,4,1,0,00,04/11/2024,00,04/11/2024,2,-,-,01, , , ,01,01,-,01,00,00,-, ,00,04/11/2024,00,04/11/2024,1,8368
05,1024,020,1,064-1,1107286,05,12A232,11,40237,0001,1,1,0,00,01/11/2024,00,01/11/2024,2,-,-,06,1, , ,03,01,-,06,00,00,-, ,00,01/11/2024,00,01/11/2024,1,8368
05,1024,020,1,064-1,1107286,05,12A232,11,40237,0081,2,1,0,00,01/11/2024,00,01/11/2024,2,-,-,02,1, , ,02,02,-,02,00,00,-, ,00,01/11/2024,00,01/11/2024,1,8368
13,1024,001,1,523-2,1200251,13,11A232,12,40087,0072,1,1,0,00,01/11/2024,00,01/11/2024,2,-,-,05,1, , ,02,02,-,05,00,00,-, ,00,01/11/2024,00,01/11/2024,1,6659
13,1024,001,1,523-2,1200251,13,11A232,12,40087,0098,4,1,0,00,04/11/2024,00,04/11/2024,2,-,-,04,1, , ,01,01,-,04,00,00,-, ,00,04/11/2024,00,04/11/2024,1,6659
13,1024,001,1,523-2,1200251,13,11A232,12,40087,0021,3,1,0,00,12/11/2024,00,12/11/2024,2,-,-,05,1, , ,02,01,-,05,00,00,-, ,00,12/11/2024,00,12/11/2024,1,6659
13,1024,001,1,523-2,1200251,13,11A232,12,40087,0122,2,1,0,00,01/11/2024,00,01/11/2024,2,-,-,03,1, , ,02,02,-,03,00,00,-, ,00,01/11/2024,00,01/11/2024,1,6659
13,1024,001,1,560-3,1200541,13,11A232,12,40090,0053,3,1,0,00,10/11/2024,00,10/11/2024,2,-,-,03,1, , ,03,01,-,03,00,00,-, ,00,10/11/2024,00,10/11/2024,1,5785
13,1024,001,1,560-3,1200541,13,11A232,12,40090,0082,1,1,0,00,11/11/2024,00,11/11/2024,2,-,-,01, , , ,01,01,-,01,00,00,-, ,00,11/11/2024,00,11/11/2024,1,5785
13,1024,001,1,560-3,1200541,13,11A232,12,40090,0011,4,1,0,00,07/11/2024,00,07/11/2024,2,-,-,05,1, , ,01,02,-,05,00,00,-, ,00,07/11/2024,00,07/11/2024,1,5785
13,1024,001,1,560-3,1200541,13,11A232,12,40090,0123,2,1,0,00,07/11/2024,00,07/11/2024,2,-,-,03,1, , ,03,03,-,03,00,00,-, ,00,07/11/2024,00,07/11/2024,1,5785
13,1024,001,1,539-3,1200840,13,11A232,12,40094,0074,3,1,0,00,08/11/2024,00,08/11/2024,2,-,-,06,1, , ,02,01,-,06,00,00,-, ,00,08/11/2024,00,08/11/2024,1,5272
13,1024,001,1,539-3,1200840,13,11A232,12,40094,0152,2,1,0,00,08/11/2024,00,08/11/2024,2,-,-,03,1, , ,01,02,-,03,00,00,-, ,00,08/11/2024,00,08/11/2024,1,5272
13,1024,001,1,539-3,1200840,13,11A232,12,40094,0136,1,1,0,00,08/11/2024,00,08/11/2024,2,-,-,02,1, , ,02,02,-,02,00,00,-, ,00,08/11/2024,00,08/11/2024,1,5272
13,1024,001,1,539-3,1200840,13,11A232,12,40094,0011,4,1,0,00,29/10/2024,00,29/10/2024,2,-,-,07,1, , ,01,01,-,07,00,00,-, ,00,29/10/2024,00,29/10/2024,1,5272
13,1024,001,1,588-7,1201711,13,11A232,12,40100,0080,1,1,0,00,12/11/2024,00,12/11/2024,2,-,-,05,1, , ,01,02,-,05,00,00,-, ,00,12/11/2024,00,12/11/2024,1,6615
13,1024,001,1,588-7,1201711,13,11A232,12,40100,0009,3,1,0,00,30/10/2024,00,30/10/2024,2,-,-,02,1, , ,01,01,-,02,00,00,-, ,00,30/10/2024,00,30/10/2024,1,6615
13,1024,001,1,588-7,1201711,13,11A232,12,40100,0107,2,1,0,00,30/10/2024,00,30/10/2024,2,-,-,02,1, , ,02,02,-,02,00,00,-, ,00,30/10/2024,00,30/10/2024,1,6615
13,1024,001,1,588-7,1201711,13,11A232,12,40100,0056,4,1,0,00,30/10/2024,00,30/10/2024,2,-,-,04,1, , ,02,02,-,04,00,00,-, ,00,30/10/2024,00,30/10/2024,1,6615
13,1024,001,1,298-6,1200200,13,11A232,12,40104,0040,1,1,0,00,09/11/2024,00,09/11/2024,2,-,-,04,1, , ,02,03,-,04,00,00,-, ,00,09/11/2024,00,09/11/2024,1,7081
13,1024,001,1,298-6,1200200,13,11A232,12,40104,0059,2,1,0,00,01/11/2024,00,01/11/2024,2,-,-,01, , , ,01,01,-,01,00,00,-, ,00,01/11/2024,00,01/11/2024,1,7081
13,1024,001,1,298-6,1200200,13,11A232,12,40104,0094,3,1,0,00,01/11/2024,00,01/11/2024,2,-,-,04,1, , ,01,03,-,04,00,00,-, ,00,01/11/2024,00,01/11/2024,1,7081
13,1024,001,1,298-6,1200200,13,11A232,12,40104,0025,4,1,0,00,01/11/2024,00,01/11/2024,2,-,-,02,1, , ,01,02,-,02,00,00,-, ,14,01/11/2024,14,01/11/2024,1,0
13,1024,001,1,356-0,1200318,13,11A232,12,40107,0116,2,1,0,00,04/11/2024,00,04/11/2024,2,-,-,05,1, , ,01,02,-,05,00,00,-, ,00,04/11/2024,00,04/11/2024,1,7883
13,1024,001,1,356-0,1200318,13,11A232,12,40107,0017,4,1,0,00,07/11/2024,00,07/11/2024,2,-,-,04,1, , ,01,02,-,04,00,00,-, ,00,07/11/2024,00,07/11/2024,1,7883
13,1024,001,1,356-0,1200318,13,11A232,12,40107,0011,3,1,0,00,11/11/2024,00,11/11/2024,2,-,-,05,1, , ,03,01,-,05,00,00,-, ,00,11/11/2024,00,11/11/2024,1,7883
13,1024,001,1,356-0,1200318,13,11A232,12,40107,0047,1,1,0,00,04/11/2024,00,04/11/2024,2,-,-,05,1, , ,01,04,-,05,00,00,-, ,00,04/11/2024,00,04/11/2024,1,7883
13,1024,001,1,465-8,1200636,13,11A232,12,40116,0100,4,1,0,00,08/11/2024,00,08/11/2024,2,-,-,03,1, , ,03,01,-,03,00,00,-, ,00,08/11/2024,00,08/11/2024,1,6761
13,1024,001,1,465-8,1200636,13,11A232,12,40116,0130,1,1,0,00,31/10/2024,00,31/10/2024,2,-,-,02,1, , ,02,02,-,02,00,00,-, ,00,31/10/2024,00,31/10/2024,1,6761
13,1024,001,1,465-8,1200636,13,11A232,12,40116,0076,3,1,0,00,31/10/2024,00,31/10/2024,2,-,-,01, , , ,01,01,-,01,00,00,-, ,00,31/10/2024,00,31/10/2024,1,6761
13,1024,001,1,465-8,1200636,13,11A232,12,40116,0020,2,1,0,00,31/10/2024,00,31/10/2024,1,-,-,04,2,02,02,01,01,-,02,00,00,-, ,00,31/10/2024,00,31/10/2024,1,6761
13,1024,001,1,265-1,1200784,13,11A232,12,40120,0074,4,1,0,00,07/11/2024,00,07/11/2024,2,-,-,02,1, , ,01,02,-,02,00,00,-, ,00,07/11/2024,00,07/11/2024,1,5101
13,1024,001,1,265-1,1200784,13,11A232,12,40120,0116,3,1,0,00,14/11/2024,00,14/11/2024,2,-,-,01, , , ,01,01,-,01,00,00,-, ,00,14/11/2024,00,14/11/2024,1,5101
13,1024,001,1,265-1,1200784,13,11A232,12,40120,0027,2,1,0,00,07/11/2024,00,07/11/2024,2,-,-,02,1, , ,01,01,-,02,00,00,-, ,00,07/11/2024,00,07/11/2024,1,5101
13,1024,001,1,265-1,1200784,13,11A232,12,40120,0002,1,1,0,00,15/11/2024,00,15/11/2024,2,-,-,01, , , ,01,01,-,01,00,00,-, ,00,15/11/2024,00,15/11/2024,1,5101
13,1024,001,1,115-5,1200867,13,11A232,12,40122,0002,4,1,0,00,06/11/2024,00,06/11/2024,2,-,-,02,1, , ,01,02,-,02,00,00,-, ,00,06/11/2024,00,06/11/2024,1,6423
13,1024,001,1,115-5,1200867,13,11A232,12,40122,0157,3,1,0,00,06/11/2024,00,06/11/2024,2,-,-,03,1, , ,03,02,-,03,00,00,-, ,00,06/11/2024,00,06/11/2024,1,6423
13,1024,001,1,115-5,1200867,13,11A232,12,40122,0185,1,1,0,00,14/11/2024,00,14/11/2024,2,-,-,02,1, , ,01,01,-,02,00,00,-, ,00,14/11/2024,00,14/11/2024,1,6423
13,1024,001,1,115-5,1200867,13,11A232,12,40122,0087,2,1,0,00,06/11/2024,00,06/11/2024,2,-,-,04,1, , ,02,02,-,04,00,00,-, ,00,06/11/2024,00,06/11/2024,1,6423
13,1024,001,1,374-9,1200756,13,12A232,12,40148,0096,2,1,0,00,05/11/2024,00,05/11/2024,2,-,-,08,1, , ,08,05,-,08,00,00,-, ,00,05/11/2024,00,05/11/2024,1,6913
13,1024,001,1,374-9,1200756,13,12A232,12,40148,0056,4,1,0,00,11/11/2024,00,11/11/2024,2,-,-,01, , , ,01,01,-,01,00,00,-, ,00,11/11/2024,00,11/11/2024,1,6913
13,1024,001,1,374-9,1200756,13,12A232,12,40148,0121,1,1,0,00,29/10/2024,00,29/10/2024,2,-,-,03,1, , ,01,01,-,03,00,00,-, ,00,29/10/2024,00,29/10/2024,1,6913
13,1024,001,1,374-9,1200756,13,12A232,12,40148,0009,3,1,0,00,11/11/2024,00,11/11/2024,2,-,-,02,1, , ,01,01,-,02,00,00,-, ,00,11/11/2024,00,11/11/2024,1,6913
13,1024,001,1,335-9,1201305,13,12A232,12,40156,0163,2,1,0,00,30/10/2024,00,30/10/2024,2,-,-,04,1, , ,02,01,-,04,00,00,-, ,00,30/10/2024,00,30/10/2024,1,6090
13,1024,001,1,335-9,1201305,13,12A232,12,40156,0110,3,1,0,00,06/11/2024,00,06/11/2024,2,-,-,02,1, , ,01,01,-,02,00,00,-, ,00,06/11/2024,00,06/11/2024,1,6090
13,1024,001,1,335-9,1201305,13,12A232,12,40156,0188,1,1,0,00,12/11/2024,00,12/11/2024,2,-,-,04,1, , ,04,03,-,04,00,00,-, ,00,12/11/2024,00,12/11/2024,1,6090
13,1024,001,1,335-9,1201305,13,12A232,12,40156,0034,4,1,0,00,04/11/2024,00,04/11/2024,2,-,-,01, , , ,01,01,-,01,00,00,-, ,00,04/11/2024,00,04/11/2024,1,6090
13,1024,001,1,031-6,1201447,13,12A232,12,40159,0021,4,1,0,00,28/10/2024,00,28/10/2024,2,-,-,02,1, , ,01,01,-,02,00,00,-, ,00,28/10/2024,00,28/10/2024,1,4370
13,1024,001,1,031-6,1201447,13,12A232,12,40159,0054,2,1,0,00,28/10/2024,00,28/10/2024,2,-,-,01, , , ,01,01,-,01,00,00,-, ,00,28/10/2024,00,28/10/2024,1,4370
13,1024,001,1,031-6,1201447,13,12A232,12,40159,0037,1,1,0,00,28/10/2024,00,28/10/2024,2,-,-,01, , , ,01,01,-,01,00,00,-, ,00,28/10/2024,00,28/10/2024,1,4370
13,1024,001,1,031-6,1201447,13,12A232,12,40159,0089,3,1,0,00,09/11/2024,00,09/11/2024,2,-,-,03,1, , ,02,01,-,03,00,00,-, ,00,09/11/2024,00,09/11/2024,1,4370
43,1024,048,1,264-8,1303185,43,11A232,13,40091,0077,1,1,0,00,04/11/2024,00,04/11/2024,1,-,-,08,2,02,03,02,02,-,03,00,00,-, ,00,04/11/2024,00,04/11/2024,1,8403
43,1024,048,1,264-8,1303185,43,11A232,13,40091,0039,4,1,0,00,04/11/2024,00,04/11/2024,2,-,-,02,1, , ,02,01,-,02,00,00,-, ,00,04/11/2024,00,04/11/2024,1,8403
43,1024,048,1,264-8,1303185,43,11A232,13,40091,0125,2,1,0,00,04/11/2024,00,04/11/2024,2,-,-,04,1, , ,04,02,-,04,00,00,-, ,00,04/11/2024,00,04/11/2024,1,8403
43,1024,048,1,264-8,1303185,43,11A232,13,40091,0165,3,1,0,00,04/11/2024,00,04/11/2024,2,-,-,02,1, , ,02,01,-,02,00,00,-, ,00,04/11/2024,00,04/11/2024,1,8403
43,1024,048,1,098-0,1303443,43,11A232,13,40095,0065,3,1,0,00,30/10/2024,00,30/10/2024,2,-,-,06,1, , ,01,03,-,06,00,00,-, ,00,30/10/2024,00,30/10/2024,1,7687
43,1024,048,1,098-0,1303443,43,11A232,13,40095,0024,4,1,0,00,03/11/2024,00,03/11/2024,2,-,-,02,1, , ,01,01,-,02,00,00,-, ,00,03/11/2024,00,03/11/2024,1,7687
43,1024,048,1,098-0,1303443,43,11A232,13,40095,0077,2,1,0,00,10/11/2024,00,10/11/2024,2,-,-,03,1, , ,01,03,-,03,00,00,-, ,00,10/11/2024,00,10/11/2024,1,7687
43,1024,048,1,098-0,1303443,43,11A232,13,40095,0098,1,1,0,00,30/10/2024,00,30/10/2024,2,-,-,04,1, , ,03,04,-,04,00,00,-, ,00,30/10/2024,00,30/10/2024,1,7687
43,1024,048,1,081-5,1303281,43,12A232,13,40121,0106,4,1,0,06,14/11/2024,06,14/11/2024,2,-,-, , , , , , ,-, , , ,-, ,06,14/11/2024,06,14/11/2024,1,0
43,1024,048,1,081-5,1303281,43,12A232,13,40121,0054,3,1,0,00,03/11/2024,00,03/11/2024,2,-,-,03,1, , ,02,02,-,03,00,00,-, ,00,03/11/2024,00,03/11/2024,1,5749
43,1024,048,1,081-5,1303281,43,12A232,13,40121,0090,1,1,0,00,10/11/2024,00,10/11/2024,2,-,-,03,1, , ,01,03,-,03,00,00,-, ,00,10/11/2024,00,10/11/2024,1,5749
43,1024,048,1,081-5,1303281,43,12A232,13,40121,0010,2,1,0,00,30/10/2024,00,30/10/2024,2,-,-,04,1, , ,02,02,-,04,00,00,-, ,00,30/10/2024,00,30/10/2024,1,5749
43,1024,048,1,087-2,1303426,43,12A232,13,40124,0127,4,1,0,00,29/10/2024,00,29/10/2024,2,-,-,04,1, , ,02,01,-,04,00,00,-, ,00,29/10/2024,00,29/10/2024,1,5970
43,1024,048,1,087-2,1303426,43,12A232,13,40124,0093,3,1,0,00,29/10/2024,00,29/10/2024,2,-,-,08,1, , ,03,01,-,08,00,00,-, ,00,29/10/2024,00,29/10/2024,1,5970
43,1024,048,1,087-2,1303426,43,12A232,13,40124,0060,1,1,0,00,29/10/2024,00,29/10/2024,2,-,-,03,1, , ,01,01,-,03,00,00,-, ,00,29/10/2024,00,29/10/2024,1,5970
43,1024,048,1,087-2,1303426,43,12A232,13,40124,0031,2,1,0,00,06/11/2024,00,06/11/2024,2,-,-,03,1, , ,02,03,-,03,00,00,-, ,00,06/11/2024,00,06/11/2024,1,5970
43,1024,048,1,010-5,1303125,43,12A232,13,40128,0025,3,1,0,00,02/11/2024,00,02/11/2024,2,-,-,01, , , ,01,01,-,01,00,00,-, ,00,02/11/2024,00,02/11/2024,1,7383
43,1024,048,1,010-5,1303125,43,12A232,13,40128,0102,1,1,0,00,04/11/2024,00,04/11/2024,2,-,-,05,1, , ,02,05,-,05,00,00,-, ,00,04/11/2024,00,04/11/2024,1,7383
43,1024,048,1,010-5,1303125,43,12A232,13,40128,0051,2,1,0,00,01/11/2024,00,01/11/2024,2,-,-,05,1, , ,02,05,-,05,00,00,-, ,00,01/11/2024,00,01/11/2024,1,7383
43,1024,048,1,010-5,1303125,43,12A232,13,40128,0069,4,1,0,00,04/11/2024,00,04/11/2024,2,-,-,04,1, , ,03,02,-,04,00,00,-, ,00,04/11/2024,00,04/11/2024,1,7383
43,1024,051,1,130-6,1304011,43,12A232,13,40137,0145,3,1,0,00,04/11/2024,00,04/11/2024,2,-,-,02,1, , ,01,01,-,02,00,00,-, ,00,04/11/2024,00,04/11/2024,1,7895
43,1024,051,1,130-6,1304011,43,12A232,13,40137,0036,1,1,0,03,12/11/2024,03,12/11/2024,2,-,-, , , , , , ,-, , , ,-, ,03,12/11/2024,03,12/11/2024,1,0
43,1024,051,1,130-6,1304011,43,12A232,13,40137,0087,2,1,0,00,12/11/2024,00,12/11/2024,2,-,-,03,1, , ,01,02,-,03,00,00,-, ,00,12/11/2024,00,12/11/2024,1,7895
43,1024,051,1,130-6,1304011,43,12A232,13,40137,0088,4,1,0,00,29/10/2024,00,29/10/2024,2,-,-,02,1, , ,01,01,-,02,00,00,-, ,00,29/10/2024,00,29/10/2024,1,7895
43,1024,051,1,120-2,1304003,43,12A232,13,40141,0157,3,1,0,00,08/11/2024,00,08/11/2024,2,-,-,01, , , ,01,01,-,01,00,00,-, ,00,08/11/2024,00,08/11/2024,1,6253
43,1024,051,1,120-2,1304003,43,12A232,13,40141,0035,2,1,0,00,07/11/2024,00,07/11/2024,2,-,-,01, , , ,01,01,-,01,00,00,-, ,00,07/11/2024,00,07/11/2024,1,6253
43,1024,051,1,120-2,1304003,43,12A232,13,40141,0109,4,1,0,00,07/11/2024,00,07/11/2024,2,-,-,02,1, , ,01,01,-,02,00,00,-, ,00,07/11/2024,00,07/11/2024,1,6253
43,1024,051,1,120-2,1304003,43,12A232,13,40141,0002,1,1,0,00,29/10/2024,00,29/10/2024,2,-,-,04,1, , ,01,01,-,04,00,00,-, ,00,29/10/2024,00,29/10/2024,1,6253
43,1024,048,1,284-5,1302770,43,13A232,13,40143,0183,2,1,0,00,11/11/2024,00,11/11/2024,2,-,-,01, , , ,01,01,-,01,00,00,-, ,00,11/11/2024,00,11/11/2024,1,13756
43,1024,048,1,284-5,1302770,43,13A232,13,40143,0016,3,1,0,00,05/11/2024,00,05/11/2024,2,-,-,05,1, , ,02,02,-,05,00,00,-, ,00,05/11/2024,00,05/11/2024,1,13756
43,1024,048,1,284-5,1302770,43,13A232,13,40143,0146,1,1,0,00,11/11/2024,00,11/11/2024,2,-,-,01, , , ,01,01,-,01,00,00,-, ,00,11/11/2024,00,11/11/2024,1,13756
43,1024,048,1,284-5,1302770,43,13A232,13,40143,0064,4,1,0,00,06/11/2024,00,06/11/2024,1,-,-,02,2,02,01,01,01,-,01,00,00,-, ,00,06/11/2024,00,06/11/2024,1,13756
43,1024,048,1,028-5,1303154,43,13A232,13,40154,0068,3,1,0,00,11/11/2024,00,11/11/2024,2,-,-,02,1, , ,02,02,-,02,00,00,-, ,00,11/11/2024,00,11/11/2024,1,7209
43,1024,048,1,028-5,1303154,43,13A232,13,40154,0101,4,1,0,00,01/11/2024,00,01/11/2024,2,-,-,01, , , ,01,01,-,01,00,00,-, ,00,01/11/2024,00,01/11/2024,1,7209
43,1024,048,1,028-5,1303154,43,13A232,13,40154,0005,1,1,0,00,05/11/2024,00,05/11/2024,2,-,-,04,1, , ,02,02,-,04,00,00,-, ,00,05/11/2024,00,05/11/2024,1,7209
43,1024,048,1,028-5,1303154,43,13A232,13,40154,0033,2,1,0,05,15/11/2024,00,18/11/2024,2,-,-,02,1, , ,01,01,-,02,00,00,-, ,05,15/11/2024,00,18/11/2024,1,7209
43,1024,048,1,218-8,1303472,43,13A232,13,40156,0057,2,1,0,03,13/11/2024,00,19/11/2024,2,-,-,02,1, , ,01,01,-,02,00,00,-, ,03,13/11/2024,00,19/11/2024,1,8952
43,1024,048,1,218-8,1303472,43,13A232,13,40156,0018,1,1,0,00,31/10/2024,00,31/10/2024,2,-,-,02,1, , ,01,02,-,02,00,00,-, ,00,31/10/2024,00,31/10/2024,1,8952
43,1024,048,1,218-8,1303472,43,13A232,13,40156,0141,4,1,0,00,31/10/2024,00,31/10/2024,2,-,-,05,1, , ,03,03,-,05,00,00,-, ,00,31/10/2024,00,31/10/2024,1,8952
43,1024,048,1,218-8,1303472,43,13A232,13,40156,0093,3,1,0,00,31/10/2024,00,31/10/2024,2,-,-,01, , , ,01,01,-,01,00,00,-, ,00,31/10/2024,00,31/10/2024,1,8952
43,1024,051,1,122-1,1303664,43,13A232,13,40160,0064,2,1,0,00,31/10/2024,00,31/10/2024,2,-,-,02,1, , ,01,01,-,02,00,00,-, ,00,31/10/2024,00,31/10/2024,1,9598
43,1024,051,1,122-1,1303664,43,13A232,13,40160,0098,3,1,0,00,07/11/2024,00,07/11/2024,2,-,-,02,1, , ,01,01,-,02,00,00,-, ,00,07/11/2024,00,07/11/2024,1,9598
43,1024,051,1,122-1,1303664,43,13A232,13,40160,0033,1,1,0,00,31/10/2024,00,31/10/2024,2,-,-,04,1, , ,02,02,-,04,00,00,-, ,00,31/10/2024,00,31/10/2024,1,9598
43,1024,051,1,122-1,1303664,43,13A232,13,40160,0129,4,1,0,06,31/10/2024,07,14/11/2024,2,-,-, , , , , , ,-, , , ,-, ,06,31/10/2024,07,14/11/2024,1,0
43,1024,051,1,175-3,1304077,43,13A232,13,40167,0013,4,1,0,00,06/11/2024,00,06/11/2024,2,-,-,01, , , ,01,01,-,01,00,00,-, ,00,06/11/2024,00,06/11/2024,1,7313
43,1024,051,1,175-3,1304077,43,13A232,13,40167,0080,1,1,0,03,13/11/2024,03,13/11/2024,2,-,-, , , , , , ,-, , , ,-, ,03,13/11/2024,03,13/11/2024,1,0
43,1024,051,1,175-3,1304077,43,13A232,13,40167,0035,3,1,0,07,31/10/2024,06,14/11/2024,2,-,-, , , , , , ,-, , , ,-, ,07,31/10/2024,06,14/11/2024,1,0
43,1024,051,1,175-3,1304077,43,13A232,13,40167,0106,2,1,0,00,31/10/2024,00,31/10/2024,2,-,-,03,1, , ,01,01,-,03,00,00,-, ,00,31/10/2024,00,31/10/2024,1,7313
02,1024,120,1,430-4,1417138,02,11A232,14,40007,0111,3,1,0,00,30/10/2024,00,30/10/2024,2,-,-,04,1, , ,01,04,-,04,00,00,-, ,00,30/10/2024,00,30/10/2024,1,6497
02,1024,120,1,430-4,1417138,02,11A232,14,40007,0122,4,1,0,00,30/10/2024,00,30/10/2024,2,-,-,07,1, , ,02,01,-,07,00,00,-, ,00,30/10/2024,00,30/10/2024,1,6497
02,1024,120,1,430-4,1417138,02,11A232,14,40007,0013,1,1,0,00,30/10/2024,00,30/10/2024,2,-,-,05,1, , ,02,02,-,05,00,00,-, ,00,30/10/2024,00,30/10/2024,1,6497
02,1024,120,1,430-4,1417138,02,11A232,14,40007,0049,2,1,0,00,30/10/2024,00,30/10/2024,1,-,-,05,2,03,01,01,01,-,01,00,00,-, ,00,30/10/2024,00,30/10/2024,1,6497
02,1024,120,1,262-8,1417577,02,11A232,14,40008,0004,1,1,0,00,31/10/2024,00,31/10/2024,2,-,-,08,1, , ,01,05,-,08,00,00,-, ,00,31/10/2024,00,31/10/2024,1,7302
02,1024,120,1,262-8,1417577,02,11A232,14,40008,0041,2,1,0,07,01/11/2024,07,01/11/2024,2,-,-, , , , , , ,-, , , ,-, ,07,01/11/2024,07,01/11/2024,1,0
02,1024,120,1,262-8,1417577,02,11A232,14,40008,0112,4,1,0,00,01/11/2024,00,01/11/2024,2,-,-,09,1, , ,01,04,-,09,00,00,-, ,00,01/11/2024,00,01/11/2024,1,7302
02,1024,120,1,262-8,1417577,02,11A232,14,40008,0076,3,1,0,00,31/10/2024,00,31/10/2024,2,-,-,02,1, , ,01,02,-,02,00,00,-, ,00,31/10/2024,00,31/10/2024,1,7302
02,1024,039,1,278-5,1403757,02,12A232,14,40033,0047,2,1,0,00,02/11/2024,00,02/11/2024,1,-,-,15,2,02,06,04,04,-,06,00,00,-, ,00,02/11/2024,00,02/11/2024,1,8940
02,1024,039,1,278-5,1403757,02,12A232,14,40033,0078,3,1,0,00,29/10/2024,00,29/10/2024,2,-,-,02,1, , ,01,02,-,02,00,00,-, ,00,29/10/2024,00,29/10/2024,1,8940
02,1024,039,1,278-5,1403757,02,12A232,14,40033,0115,4,1,0,00,02/11/2024,00,02/11/2024,1,-,-,05,2,02,03,01,02,-,03,00,00,-, ,00,02/11/2024,00,02/11/2024,1,8940
02,1024,039,1,278-5,1403757,02,12A232,14,40033,0019,1,1,0,00,29/10/2024,00,29/10/2024,2,-,-,01, , , ,01,01,-,01,00,00,-, ,00,29/10/2024,00,29/10/2024,1,8940
02,1024,039,1,493-6,1404018,02,12A232,14,40034,0146,4,1,0,00,08/11/2024,00,08/11/2024,1,-,-,08,2,02,05,01,04,-,05,00,00,-, ,00,08/11/2024,00,08/11/2024,1,8180
02,1024,039,1,493-6,1404018,02,12A232,14,40034,0109,3,1,0,00,04/11/2024,00,04/11/2024,2,-,-,01, , , ,01,01,-,01,00,00,-, ,00,04/11/2024,00,04/11/2024,1,8180
02,1024,039,1,493-6,1404018,02,12A232,14,40034,0062,1,1,0,00,03/11/2024,00,03/11/2024,2,-,-,05,1, , ,02,03,-,05,00,00,-, ,00,03/11/2024,00,03/11/2024,1,8180
02,1024,039,1,493-6,1404018,02,12A232,14,40034,0026,2,1,0,00,03/11/2024,00,03/11/2024,2,-,-,04,1, , ,01,01,-,04,00,00,-, ,00,03/11/2024,00,03/11/2024,1,8180
02,1024,039,1,384-9,1404775,02,12A232,14,40038,0022,1,1,0,00,10/11/2024,00,10/11/2024,2,-,-,04,1, , ,02,04,-,04,00,00,-, ,00,10/11/2024,00,10/11/2024,1,9132
02,1024,039,1,384-9,1404775,02,12A232,14,40038,0074,2,1,0,00,05/11/2024,00,05/11/2024,2,-,-,03,1, , ,01,02,-,03,00,00,-, ,00,05/11/2024,00,05/11/2024,1,9132
02,1024,039,1,384-9,1404775,02,12A232,14,40038,0095,3,1,0,00,29/10/2024,00,29/10/2024,2,-,-,02,1, , ,01,01,-,02,00,00,-, ,00,29/10/2024,00,29/10/2024,1,9132
02,1024,039,1,384-9,1404775,02,12A232,14,40038,0134,4,1,0,00,05/11/2024,00,05/11/2024,2,-,-,01, , , ,01,01,-,01,00,00,-, ,00,05/11/2024,00,05/11/2024,1,9132
02,1024,039,1,135-9,1405001,02,12A232,14,40039,0105,4,1,0,00,13/11/2024,00,13/11/2024,2,-,-,01, , , ,01,01,-,01,00,00,-, ,00,13/11/2024,00,13/11/2024,1,8456
02,1024,039,1,135-9,1405001,02,12A232,14,40039,0064,3,1,0,00,02/11/2024,00,02/11/2024,2,-,-,02,1, , ,02,02,-,02,00,00,-, ,00,02/11/2024,00,02/11/2024,1,8456
02,1024,039,1,135-9,1405001,02,12A232,14,40039,0119,2,1,0,07,02/11/2024,07,19/11/2024,2,-,-, , , , , , ,-, , , ,-, ,07,02/11/2024,07,19/11/2024,1,0
02,1024,039,1,135-9,1405001,02,12A232,14,40039,0024,1,1,0,00,04/11/2024,00,04/11/2024,2,-,-,04,1, , ,04,04,-,04,00,00,-, ,00,04/11/2024,00,04/11/2024,1,8456
02,1024,098,1,269-7,1413369,02,12A232,14,40046,0140,4,1,0,06,31/10/2024,06,08/11/2024,2,-,-, , , , , , ,-, , , ,-, ,06,31/10/2024,06,08/11/2024,1,0
02,1024,098,1,269-7,1413369,02,12A232,14,40046,0029,1,1,0,00,30/10/2024,00,30/10/2024,2,-,-,04,1, , ,02,02,-,04,00,00,-, ,00,30/10/2024,00,30/10/2024,1,8568
02,1024,098,1,269-7,1413369,02,12A232,14,40046,0068,2,1,0,00,10/11/2024,00,10/11/2024,2,-,-,04,1, , ,02,04,-,04,00,00,-, ,00,10/11/2024,00,10/11/2024,1,8568
02,1024,098,1,269-7,1413369,02,12A232,14,40046,0107,3,1,0,00,13/11/2024,00,13/11/2024,2,-,-,06,1, , ,04,01,-,06,00,00,-, ,00,13/11/2024,00,13/11/2024,1,8568
02,1024,101,1,135-7,1414136,02,12A232,14,40047,0019,2,1,0,07,10/11/2024,07,19/11/2024,2,-,-, , , , , , ,-, , , ,-, ,07,10/11/2024,07,19/11/2024,1,0
02,1024,101,1,135-7,1414136,02,12A232,14,40047,0083,3,1,0,00,29/10/2024,00,29/10/2024,2,-,-,05,1, , ,02,05,-,05,00,00,-, ,00,29/10/2024,00,29/10/2024,1,6444
02,1024,101,1,135-7,1414136,02,12A232,14,40047,0013,4,1,0,00,06/11/2024,00,06/11/2024,2,-,-,04,1, , ,01,02,-,04,00,00,-, ,00,06/11/2024,00,06/11/2024,1,6444
02,1024,101,1,135-7,1414136,02,12A232,14,40047,0053,1,1,0,00,29/10/2024,00,29/10/2024,1,-,-,06,2,02,04,02,02,-,04,00,00,-, ,00,29/10/2024,00,29/10/2024,1,6444
02,1024,120,1,339-7,1416027,02,12A232,14,40051,0057,4,1,0,00,09/11/2024,00,09/11/2024,2,-,-,05,1, , ,01,03,-,05,00,00,-, ,00,09/11/2024,00,09/11/2024,1,8599
02,1024,120,1,339-7,1416027,02,12A232,14,40051,0030,3,1,0,00,08/11/2024,00,08/11/2024,1,-,-,03,2,02,01,01,01,-,01,00,00,-, ,00,08/11/2024,00,08/11/2024,1,8599
02,1024,120,1,339-7,1416027,02,12A232,14,40051,0004,1,1,0,00,01/11/2024,00,01/11/2024,2,-,-,05,1, , ,01,03,-,05,00,00,-, ,00,01/11/2024,00,01/11/2024,1,8599
02,1024,120,1,339-7,1416027,02,12A232,14,40051,0026,2,1,0,00,11/11/2024,00,11/11/2024,2,-,-,01, , , ,01,01,-,01,00,00,-, ,00,11/11/2024,00,11/11/2024,1,8599
02,1024,120,1,157-9,1416607,02,12A232,14,40052,0030,3,1,0,00,02/11/2024,00,02/11/2024,2,-,-,04,1, , ,01,03,-,04,00,00,-, ,00,02/11/2024,00,02/11/2024,1,7604
02,1024,120,1,157-9,1416607,02,12A232,14,40052,0138,2,1,0,00,05/11/2024,00,05/11/2024,2,-,-,01, , , ,01,01,-,01,00,00,-, ,00,05/11/2024,00,05/11/2024,1,7604
02,1024,120,1,157-9,1416607,02,12A232,14,40052,0068,4,1,0,00,29/10/2024,00,29/10/2024,2,-,-,01, , , ,01,01,-,01,00,00,-, ,00,29/10/2024,00,29/10/2024,1,7604
02,1024,120,1,157-9,1416607,02,12A232,14,40052,0101,1,1,0,00,02/11/2024,00,02/11/2024,2,-,-,02,1, , ,01,02,-,02,00,00,-, ,00,02/11/2024,00,02/11/2024,1,7604
02,1024,097,1,097-5,1411368,02,12A232,14,40060,0145,4,1,0,00,03/11/2024,00,03/11/2024,2,-,-,11,1, , ,07,03,-,11,00,00,-, ,00,03/11/2024,00,03/11/2024,1,9194
02,1024,097,1,097-5,1411368,02,12A232,14,40060,0022,1,1,0,00,01/11/2024,00,01/11/2024,2,-,-,02,1, , ,01,01,-,02,00,00,-, ,00,01/11/2024,00,01/11/2024,1,9194
02,1024,097,1,097-5,1411368,02,12A232,14,40060,0057,2,1,0,06,15/11/2024,06,19/11/2024,2,-,-, , , , , , ,-, , , ,-, ,06,15/11/2024,06,19/11/2024,1,0
02,1024,097,1,097-5,1411368,02,12A232,14,40060,0102,3,1,0,00,13/11/2024,00,13/11/2024,2,-,-,03,1, , ,02,01,-,03,00,00,-, ,00,13/11/2024,00,13/11/2024,1,9194
02,1024,098,1,035-1,1412572,02,13A232,14,40072,0087,4,1,0,07,09/11/2024,07,09/11/2024,2,-,-, , , , , , ,-, , , ,-, ,07,09/11/2024,07,09/11/2024,1,0
02,1024,098,1,035-1,1412572,02,13A232,14,40072,0018,2,1,0,00,14/11/2024,00,14/11/2024,2,-,-,04,1, , ,01,02,-,04,00,00,-, ,00,14/11/2024,00,14/11/2024,1,10162
02,1024,098,1,035-1,1412572,02,13A232,14,40072,0041,3,1,0,00,13/11/2024,00,13/11/2024,2,-,-,01, , , ,01,01,-,01,00,00,-, ,00,13/11/2024,00,13/11/2024,1,10162
02,1024,098,1,035-1,1412572,02,13A232,14,40072,0052,1,1,0,00,31/10/2024,00,31/10/2024,2,-,-,02,1, , ,02,02,-,02,00,00,-, ,00,31/10/2024,00,31/10/2024,1,10162
02,1024,098,1,095-3,1413315,02,13A232,14,40073,0061,3,1,0,00,09/11/2024,00,09/11/2024,2,-,-,05,1, , ,02,02,-,05,00,00,-, ,00,09/11/2024,00,09/11/2024,1,10609
02,1024,098,1,095-3,1413315,02,13A232,14,40073,0087,4,1,0,00,04/11/2024,00,04/11/2024,2,-,-,05,1, , ,02,02,-,05,00,00,-, ,00,04/11/2024,00,04/11/2024,1,10609
02,1024,098,1,095-3,1413315,02,13A232,14,40073,0044,2,1,0,06,04/11/2024,06,09/11/2024,2,-,-, , , , , , ,-, , , ,-, ,06,04/11/2024,06,09/11/2024,1,0
02,1024,098,1,095-3,1413315,02,13A232,14,40073,0017,1,1,0,06,04/11/2024,06,09/11/2024,2,-,-, , , , , , ,-, , , ,-, ,06,04/11/2024,06,09/11/2024,1,0
02,1024,120,1,260-9,1416020,02,13A232,14,40077,0086,3,1,0,00,31/10/2024,00,31/10/2024,2,-,-,05,1, , ,01,03,-,05,00,00,-, ,00,31/10/2024,00,31/10/2024,1,11042
02,1024,120,1,260-9,1416020,02,13A232,14,40077,0049,2,1,0,06,15/11/2024,06,19/11/2024,2,-,-, , , , , , ,-, , , ,-, ,06,15/11/2024,06,19/11/2024,1,0
02,1024,120,1,260-9,1416020,02,13A232,14,40077,0019,1,1,0,00,13/11/2024,00,13/11/2024,2,-,-,03,1, , ,01,02,-,03,00,00,-, ,00,13/11/2024,00,13/11/2024,1,11042
02,1024,120,1,260-9,1416020,02,13A232,14,40077,0115,4,1,0,00,31/10/2024,00,31/10/2024,2,-,-,01, , , ,01,01,-,01,00,00,-, ,00,31/10/2024,00,31/10/2024,1,11042
02,1024,120,1,232-7,1416313,02,13A232,14,40078,0013,1,1,0,00,13/11/2024,00,13/11/2024,2,-,-,04,1, , ,02,01,-,04,00,00,-, ,00,13/11/2024,00,13/11/2024,1,10741
02,1024,120,1,232-7,1416313,02,13A232,14,40078,0178,2,1,0,00,14/11/2024,00,14/11/2024,2,-,-,05,1, , ,02,02,-,05,00,00,-, ,00,14/11/2024,00,14/11/2024,1,10741
02,1024,120,1,232-7,1416313,02,13A232,14,40078,0117,4,1,0,03,15/11/2024,03,15/11/2024,2,-,-, , , , , , ,-, , , ,-, ,03,15/11/2024,03,15/11/2024,1,0
02,1024,120,1,232-7,1416313,02,13A232,14,40078,0038,3,1,0,00,11/11/2024,00,11/11/2024,2,-,-,04,1, , ,01,02,-,04,00,00,-, ,00,11/11/2024,00,11/11/2024,1,10741
02,1024,120,1,357-5,1417721,02,13A232,14,40085,0072,2,1,0,05,11/11/2024,05,11/11/2024,2,-,-, , , , , , ,-, , , ,-, ,05,11/11/2024,05,11/11/2024,1,0
02,1024,120,1,357-5,1417721,02,13A232,14,40085,0188,4,1,0,00,03/11/2024,00,03/11/2024,2,-,-,06,1, , ,02,03,-,06,00,00,-, ,00,03/11/2024,00,03/11/2024,1,6657
02,1024,120,1,357-5,1417721,02,13A232,14,40085,0127,3,1,0,00,11/11/2024,00,11/11/2024,2,-,-,05,1, , ,01,01,-,05,00,00,-, ,00,11/11/2024,00,11/11/2024,1,6657
02,1024,120,1,357-5,1417721,02,13A232,14,40085,0013,1,1,0,03,11/11/2024,03,11/11/2024,2,-,-, , , , , , ,-, , , ,-, ,03,11/11/2024,03,11/11/2024,1,0
02,1024,120,1,297-1,1418764,02,13A232,14,40090,0136,4,1,0,00,01/11/2024,00,01/11/2024,2,-,-,02,1, , ,01,01,-,02,00,00,-, ,00,01/11/2024,00,01/11/2024,1,10083
02,1024,120,1,297-1,1418764,02,13A232,14,40090,0029,1,1,0,00,04/11/2024,00,04/11/2024,2,-,-,03,1, , ,01,02,-,03,00,00,-, ,00,04/11/2024,00,04/11/2024,1,10083
02,1024,120,1,297-1,1418764,02,13A232,14,40090,0101,3,1,0,05,15/11/2024,05,15/11/2024,2,-,-, , , , , , ,-, , , ,-, ,05,15/11/2024,05,15/11/2024,1,0
02,1024,120,1,297-1,1418764,02,13A232,14,40090,0067,2,1,0,03,15/11/2024,03,15/11/2024,2,-,-, , , , , , ,-, , , ,-, ,03,15/11/2024,03,15/11/2024,1,0
02,1024,120,1,528-5,1419478,02,13A232,14,40091,0109,4,1,0,00,01/11/2024,00,01/11/2024,2,-,-,04,1, , ,02,02,-,04,00,00,-, ,00,01/11/2024,00,01/11/2024,1,11772
02,1024,120,1,528-5,1419478,02,13A232,14,40091,0048,2,1,0,00,07/11/2024,00,07/11/2024,2,-,-,04,1, , ,02,02,-,04,00,00,-, ,00,07/11/2024,00,07/11/2024,1,11772
02,1024,120,1,528-5,1419478,02,13A232,14,40091,0078,3,1,0,00,11/11/2024,00,11/11/2024,2,-,-,03,1, , ,01,02,-,03,00,00,-, ,00,11/11/2024,00,11/11/2024,1,11772
02,1024,120,1,528-5,1419478,02,13A232,14,40091,0018,1,1,0,00,07/11/2024,00,07/11/2024,2,-,-,01, , , ,01,01,-,01,00,00,-, ,00,07/11/2024,00,07/11/2024,1,11772
02,1024,039,1,504-6,1404900,02,11A232,14,40105,0107,1,1,0,00,30/10/2024,00,30/10/2024,2,-,-,05,1, , ,02,03,-,05,00,00,-, ,00,30/10/2024,00,30/10/2024,1,6966
02,1024,039,1,504-6,1404900,02,11A232,14,40105,0075,4,1,0,00,30/10/2024,00,30/10/2024,2,-,-,01, , , ,01,01,-,01,00,00,-, ,00,30/10/2024,00,30/10/2024,1,6966
02,1024,039,1,504-6,1404900,02,11A232,14,40105,0039,3,1,0,00,04/11/2024,00,04/11/2024,2,-,-,05,1, , ,02,03,-,05,00,00,-, ,00,04/11/2024,00,04/11/2024,1,6966
02,1024,039,1,504-6,1404900,02,11A232,14,40105,0006,2,1,0,00,30/10/2024,00,30/10/2024,2,-,-,04,1, , ,02,01,-,04,00,00,-, ,00,30/10/2024,00,30/10/2024,1,6966
02,1024,039,1,151-8,1405517,02,11A232,14,40106,0026,2,1,0,00,01/11/2024,00,01/11/2024,2,-,-,07,1, , ,01,01,-,07,00,00,-, ,00,01/11/2024,00,01/11/2024,1,10983
02,1024,039,1,151-8,1405517,02,11A232,14,40106,0164,1,1,0,00,01/11/2024,00,01/11/2024,2,-,-,01, , , ,01,01,-,01,00,00,-, ,00,01/11/2024,00,01/11/2024,1,10983
02,1024,039,1,151-8,1405517,02,11A232,14,40106,0071,3,1,0,00,01/11/2024,00,01/11/2024,2,-,-,03,1, , ,01,01,-,03,00,00,-, ,00,01/11/2024,00,01/11/2024,1,10983
02,1024,039,1,151-8,1405517,02,11A232,14,40106,0118,4,1,0,00,01/11/2024,00,01/11/2024,2,-,-,05,1, , ,01,02,-,05,00,00,-, ,00,01/11/2024,00,01/11/2024,1,10983
02,1024,098,1,059-7,1412857,02,11A232,14,40113,0157,2,1,0,03,15/11/2024,03,19/11/2024,2,-,-, , , , , , ,-, , , ,-, ,03,15/11/2024,03,19/11/2024,1,0
02,1024,098,1,059-7,1412857,02,11A232,14,40113,0114,1,1,0,00,05/11/2024,00,05/11/2024,2,-,-,03,1, , ,01,02,-,03,00,00,-, ,00,05/11/2024,00,05/11/2024,1,7481
02,1024,098,1,059-7,1412857,02,11A232,14,40113,0007,4,1,0,00,09/11/2024,00,09/11/2024,2,-,-,04,1, , ,04,04,-,04,00,00,-, ,00,09/11/2024,00,09/11/2024,1,7481
02,1024,098,1,059-7,1412857,02,11A232,14,40113,0073,3,1,0,00,01/11/2024,00,01/11/2024,2,-,-,03,1, , ,02,03,-,03,00,00,-, ,00,01/11/2024,00,01/11/2024,1,7481
02,1024,098,1,077-5,1413145,02,11A232,14,40114,0066,3,1,0,00,07/11/2024,00,07/11/2024,1,-,-,06,2,02,02,02,01,-,02,00,00,-, ,00,07/11/2024,00,07/11/2024,1,7585
02,1024,098,1,077-5,1413145,02,11A232,14,40114,0014,1,1,0,00,02/11/2024,00,02/11/2024,2,-,-,04,1, , ,01,02,-,04,00,00,-, ,00,02/11/2024,00,02/11/2024,1,7585
02,1024,098,1,077-5,1413145,02,11A232,14,40114,0040,2,1,0,00,06/11/2024,00,06/11/2024,2,-,-,10,1, , ,03,03,-,10,00,00,-, ,00,06/11/2024,00,06/11/2024,1,7585
02,1024,098,1,077-5,1413145,02,11A232,14,40114,0078,4,1,0,00,06/11/2024,00,06/11/2024,2,-,-,02,1, , ,01,01,-,02,00,00,-, ,00,06/11/2024,00,06/11/2024,1,7585
02,1024,101,1,020-2,1414339,02,11A232,14,40118,0077,4,1,0,00,30/10/2024,00,30/10/2024,2,-,-,03,1, , ,02,02,-,03,00,00,-, ,00,30/10/2024,00,30/10/2024,1,6713
02,1024,101,1,020-2,1414339,02,11A232,14,40118,0161,3,1,0,00,14/11/2024,00,14/11/2024,2,-,-,01, , , ,01,01,-,01,00,00,-, ,00,14/11/2024,00,14/11/2024,1,6713
02,1024,101,1,020-2,1414339,02,11A232,14,40118,0126,2,1,0,00,05/11/2024,00,05/11/2024,2,-,-,04,1, , ,01,02,-,04,00,00,-, ,00,05/11/2024,00,05/11/2024,1,6713
02,1024,101,1,020-2,1414339,02,11A232,14,40118,0013,1,1,0,00,05/11/2024,00,05/11/2024,2,-,-,04,1, , ,04,02,-,04,00,00,-, ,00,05/11/2024,00,05/11/2024,1,6713
02,1024,120,1,554-8,1417162,02,11A232,14,40120,0139,3,1,0,00,09/11/2024,00,09/11/2024,2,-,-,05,1, , ,01,02,-,05,00,00,-, ,00,09/11/2024,00,09/11/2024,1,6637
02,1024,120,1,554-8,1417162,02,11A232,14,40120,0037,4,1,0,00,06/11/2024,00,06/11/2024,2,-,-,04,1, , ,03,02,-,04,00,00,-, ,00,06/11/2024,00,06/11/2024,1,6637
02,1024,120,1,554-8,1417162,02,11A232,14,40120,0075,2,1,0,00,30/10/2024,00,30/10/2024,2,-,-,02,1, , ,01,01,-,02,00,00,-, ,00,30/10/2024,00,30/10/2024,1,6637
02,1024,120,1,554-8,1417162,02,11A232,14,40120,0081,1,1,0,00,30/10/2024,00,30/10/2024,2,-,-,04,1, , ,01,01,-,04,00,00,-, ,00,30/10/2024,00,30/10/2024,1,6637
02,1024,101,1,047-1,1413910,02,11A232,14,40124,0024,2,1,0,00,01/11/2024,00,01/11/2024,2,-,-,05,1, , ,02,02,-,05,00,00,-, ,00,01/11/2024,00,01/11/2024,1,4447
02,1024,101,1,047-1,1413910,02,11A232,14,40124,0128,3,1,0,00,07/11/2024,00,07/11/2024,2,-,-,05,1, , ,02,01,-,05,00,00,-, ,00,07/11/2024,00,07/11/2024,1,4447
02,1024,101,1,047-1,1413910,02,11A232,14,40124,0042,1,1,0,00,01/11/2024,00,01/11/2024,2,-,-,14,1, , ,01,01,-,14,00,00,-, ,00,01/11/2024,00,01/11/2024,1,4447
02,1024,101,1,047-1,1413910,02,11A232,14,40124,0123,4,1,0,00,05/11/2024,00,05/11/2024,2,-,-,01, , , ,01,01,-,01,00,00,-, ,00,05/11/2024,00,05/11/2024,1,4447
02,1024,039,1,308-8,1403494,02,11A232,14,40127,0115,4,1,0,00,09/11/2024,00,09/11/2024,2,-,-,07,1, , ,01,03,-,07,00,00,-, ,00,09/11/2024,00,09/11/2024,1,7192
02,1024,039,1,308-8,1403494,02,11A232,14,40127,0055,2,1,0,00,04/11/2024,00,04/11/2024,1,-,-,09,2,03,04,02,03,-,04,00,00,-, ,00,04/11/2024,00,04/11/2024,1,7192
02,1024,039,1,308-8,1403494,02,11A232,14,40127,0029,1,1,0,00,06/11/2024,00,06/11/2024,2,-,-,07,1, , ,04,03,-,07,00,00,-, ,00,06/11/2024,00,06/11/2024,1,7192
02,1024,039,1,308-8,1403494,02,11A232,14,40127,0085,3,1,0,08,03/11/2024,08,06/11/2024,2,-,-, , , , , , ,-, , , ,-, ,08,03/11/2024,08,06/11/2024,1,0
02,1024,039,1,538-5,1403776,02,11A232,14,40128,0047,4,1,0,00,02/11/2024,00,02/11/2024,2,-,-,04,1, , ,01,02,-,04,00,00,-, ,00,02/11/2024,00,02/11/2024,1,9348
02,1024,039,1,538-5,1403776,02,11A232,14,40128,0017,3,1,0,00,03/11/2024,00,03/11/2024,2,-,-,06,1, , ,02,01,-,06,00,00,-, ,00,03/11/2024,00,03/11/2024,1,9348
02,1024,039,1,538-5,1403776,02,11A232,14,40128,0104,2,1,0,00,29/10/2024,00,29/10/2024,1,-,-,02,2,02,01,01,01,-,01,00,00,-, ,00,29/10/2024,00,29/10/2024,1,9348
02,1024,039,1,538-5,1403776,02,11A232,14,40128,0075,1,1,0,00,05/11/2024,00,05/11/2024,2,-,-,01, , , ,01,01,-,01,00,00,-, ,00,05/11/2024,00,05/11/2024,1,9348
02,1024,097,1,217-2,1411417,02,11A232,14,40131,0056,1,1,0,00,30/10/2024,00,30/10/2024,2,-,-,02,1, , ,02,02,-,02,00,00,-, ,00,30/10/2024,00,30/10/2024,1,11572
02,1024,097,1,217-2,1411417,02,11A232,14,40131,0190,4,1,0,00,31/10/2024,00,31/10/2024,2,-,-,03,1, , ,02,02,-,03,00,00,-, ,00,31/10/2024,00,31/10/2024,1,11572
02,1024,097,1,217-2,1411417,02,11A232,14,40131,0222,3,1,0,00,31/10/2024,00,31/10/2024,2,-,-,04,1, , ,04,03,-,04,00,00,-, ,00,31/10/2024,00,31/10/2024,1,11572
02,1024,097,1,217-2,1411417,02,11A232,14,40131,0108,2,1,0,00,31/10/2024,00,31/10/2024,2,-,-,04,1, , ,02,01,-,04,00,00,-, ,00,31/10/2024,00,31/10/2024,1,11572
02,1024,098,1,123-7,1413429,02,11A232,14,40133,0003,1,1,0,00,03/11/2024,00,03/11/2024,2,-,-,05,1, , ,01,03,-,05,00,00,-, ,00,03/11/2024,00,03/11/2024,1,9686
02,1024,098,1,123-7,1413429,02,11A232,14,40133,0045,2,1,0,06,03/11/2024,06,06/11/2024,2,-,-, , , , , , ,-, , , ,-, ,06,03/11/2024,06,06/11/2024,1,0
02,1024,098,1,123-7,1413429,02,11A232,14,40133,0122,4,1,0,00,13/11/2024,00,13/11/2024,2,-,-,04,1, , ,04,03,-,04,00,00,-, ,00,13/11/2024,00,13/11/2024,1,9686
02,1024,098,1,123-7,1413429,02,11A232,14,40133,0075,3,1,0,00,07/11/2024,00,07/11/2024,2,-,-,06,1, , ,01,02,-,06,00,00,-, ,00,07/11/2024,00,07/11/2024,1,9686
02,1024,098,1,176-9,1412881,02,11A232,14,40137,0125,2,1,0,06,01/11/2024,06,08/11/2024,2,-,-, , , , , , ,-, , , ,-, ,06,01/11/2024,06,08/11/2024,1,0
02,1024,098,1,176-9,1412881,02,11A232,14,40137,0089,3,1,0,00,10/11/2024,00,10/11/2024,2,-,-,04,1, , ,01,02,-,04,00,00,-, ,00,10/11/2024,00,10/11/2024,1,8055
02,1024,098,1,176-9,1412881,02,11A232,14,40137,0149,1,1,0,00,10/11/2024,00,10/11/2024,2,-,-,05,1, , ,03,05,-,05,00,00,-, ,00,10/11/2024,00,10/11/2024,1,8055
02,1024,098,1,176-9,1412881,02,11A232,14,40137,0081,4,1,0,00,01/11/2024,00,01/11/2024,2,-,-,02,1, , ,01,01,-,02,00,00,-, ,00,01/11/2024,00,01/11/2024,1,8055
02,1024,098,1,190-9,1413551,02,11A232,14,40140,0063,3,1,0,00,08/11/2024,00,08/11/2024,2,-,-,05,1, , ,02,02,-,05,00,00,-, ,00,08/11/2024,00,08/11/2024,1,7952
02,1024,098,1,190-9,1413551,02,11A232,14,40140,0040,2,1,0,00,03/11/2024,00,03/11/2024,2,-,-,02,1, , ,02,01,-,02,00,00,-, ,00,03/11/2024,00,03/11/2024,1,7952
02,1024,098,1,190-9,1413551,02,11A232,14,40140,0089,4,1,0,00,07/11/2024,00,07/11/2024,2,-,-,01, , , ,01,01,-,01,00,00,-, ,00,07/11/2024,00,07/11/2024,1,7952
02,1024,098,1,190-9,1413551,02,11A232,14,40140,0016,1,1,0,06,01/11/2024,06,04/11/2024,2,-,-, , , , , , ,-, , , ,-, ,06,01/11/2024,06,04/11/2024,1,0
02,1024,101,1,157-3,1413921,02,11A232,14,40141,0125,4,1,0,00,04/11/2024,00,04/11/2024,2,-,-,02,1, , ,02,01,-,02,00,00,-, ,00,04/11/2024,00,04/11/2024,1,7351
02,1024,101,1,157-3,1413921,02,11A232,14,40141,0154,3,1,0,00,08/11/2024,00,08/11/2024,2,-,-,03,1, , ,01,01,-,03,00,00,-, ,00,08/11/2024,00,08/11/2024,1,7351
02,1024,101,1,157-3,1413921,02,11A232,14,40141,0049,1,1,0,12,04/11/2024,09,09/11/2024,2,-,-, , , , , , ,-, , , ,-, ,12,04/11/2024,09,09/11/2024,1,0
02,1024,101,1,157-3,1413921,02,11A232,14,40141,0008,2,1,0,00,04/11/2024,00,04/11/2024,2,-,-,03,1, , ,03,03,-,03,00,00,-, ,00,04/11/2024,00,04/11/2024,1,7351
02,1024,101,1,105-6,1414601,02,11A232,14,40144,0041,2,1,0,00,06/11/2024,00,06/11/2024,1,-,-,05,2,03,02,02,01,-,02,00,00,-, ,00,06/11/2024,00,06/11/2024,1,9993
02,1024,101,1,105-6,1414601,02,11A232,14,40144,0082,4,1,0,00,02/11/2024,00,02/11/2024,2,-,-,04,1, , ,01,02,-,04,00,00,-, ,00,02/11/2024,00,02/11/2024,1,9993
02,1024,101,1,105-6,1414601,02,11A232,14,40144,0009,1,1,0,00,11/11/2024,00,11/11/2024,2,-,-,02,1, , ,02,02,-,02,00,00,-, ,00,11/11/2024,00,11/11/2024,1,9993
02,1024,101,1,105-6,1414601,02,11A232,14,40144,0114,3,1,0,03,14/11/2024,03,14/11/2024,2,-,-, , , , , , ,-, , , ,-, ,03,14/11/2024,03,14/11/2024,1,0
02,1024,120,1,653-1,1416104,02,11A232,14,40146,0149,4,1,0,00,01/11/2024,00,01/11/2024,2,-,-,02,1, , ,01,01,-,02,00,00,-, ,00,01/11/2024,00,01/11/2024,1,9731
02,1024,120,1,653-1,1416104,02,11A232,14,40146,0056,2,1,0,00,01/11/2024,00,01/11/2024,2,-,-,03,1, , ,03,03,-,03,00,00,-, ,00,01/11/2024,00,01/11/2024,1,9731
02,1024,120,1,653-1,1416104,02,11A232,14,40146,0104,3,1,0,00,11/11/2024,00,11/11/2024,2,-,-,03,1, , ,01,02,-,03,00,00,-, ,00,11/11/2024,00,11/11/2024,1,9731
02,1024,120,1,653-1,1416104,02,11A232,14,40146,0010,1,1,0,00,12/11/2024,00,12/11/2024,2,-,-,02,1, , ,01,01,-,02,00,00,-, ,00,12/11/2024,00,12/11/2024,1,9731
02,1024,120,1,283-A,1417141,02,11A232,14,40150,0136,2,1,0,00,06/11/2024,00,06/11/2024,2,-,-,05,1, , ,01,01,-,05,00,00,-, ,00,06/11/2024,00,06/11/2024,1,9123
02,1024,120,1,283-A,1417141,02,11A232,14,40150,0093,4,1,0,00,06/11/2024,00,06/11/2024,2,-,-,04,1, , ,01,01,-,04,00,00,-, ,00,06/11/2024,00,06/11/2024,1,9123
02,1024,120,1,283-A,1417141,02,11A232,14,40150,0053,3,1,0,00,06/11/2024,00,06/11/2024,1,-,-,09,2,02,03,01,02,-,03,00,00,-, ,00,06/11/2024,00,06/11/2024,1,9123
02,1024,120,1,283-A,1417141,02,11A232,14,40150,0029,1,1,0,02,14/11/2024,02,19/11/2024,2,-,-, , , , , , ,-, , , ,-, ,02,14/11/2024,02,19/11/2024,1,0
02,1024,097,1,035-4,1411714,02,11A232,14,40153,0090,3,1,0,00,08/11/2024,00,08/11/2024,2,-,-,01, , , ,01,01,-,01,00,00,-, ,00,08/11/2024,00,08/11/2024,1,12780
02,1024,097,1,035-4,1411714,02,11A232,14,40153,0015,1,1,0,00,31/10/2024,00,31/10/2024,2,-,-,02,1, , ,01,01,-,02,00,00,-, ,00,31/10/2024,00,31/10/2024,1,12780
02,1024,097,1,035-4,1411714,02,11A232,14,40153,0128,4,1,0,00,31/10/2024,00,31/10/2024,1,-,-,07,2,02,04,02,03,-,04,00,00,-, ,00,31/10/2024,00,31/10/2024,1,12780
02,1024,097,1,035-4,1411714,02,11A232,14,40153,0054,2,1,0,00,31/10/2024,00,31/10/2024,2,-,-,02,1, , ,01,02,-,02,00,00,-, ,00,31/10/2024,00,31/10/2024,1,12780
02,1024,070,1,036-5,1408779,02,11A232,14,40157,0059,3,1,0,00,07/11/2024,00,07/11/2024,2,-,-,05,1, , ,02,02,-,05,00,00,-, ,00,07/11/2024,00,07/11/2024,1,9939
02,1024,070,1,036-5,1408779,02,11A232,14,40157,0087,2,1,0,00,04/11/2024,00,04/11/2024,2,-,-,05,1, , ,02,02,-,05,00,00,-, ,00,04/11/2024,00,04/11/2024,1,9939
02,1024,070,1,036-5,1408779,02,11A232,14,40157,0131,4,1,0,00,08/11/2024,00,08/11/2024,2,-,-,04,1, , ,01,01,-,04,00,00,-, ,00,08/11/2024,00,08/11/2024,1,9939
02,1024,070,1,036-5,1408779,02,11A232,14,40157,0023,1,1,0,00,07/11/2024,00,07/11/2024,2,-,-,07,1, , ,01,02,-,07,00,00,-, ,16,07/11/2024,16,07/11/2024,1,0
02,1024,098,1,111-4,1413321,02,11A232,14,40163,0025,1,1,0,00,29/10/2024,00,29/10/2024,2,-,-,02,1, , ,02,01,-,02,00,00,-, ,00,29/10/2024,00,29/10/2024,1,9223
02,1024,098,1,111-4,1413321,02,11A232,14,40163,0061,2,1,0,00,29/10/2024,00,29/10/2024,2,-,-,03,1, , ,01,03,-,03,00,00,-, ,00,29/10/2024,00,29/10/2024,1,9223
02,1024,098,1,111-4,1413321,02,11A232,14,40163,0107,4,1,0,12,29/10/2024,12,06/11/2024,2,-,-, , , , , , ,-, , , ,-, ,12,29/10/2024,12,06/11/2024,1,0
02,1024,098,1,111-4,1413321,02,11A232,14,40163,0129,3,1,0,00,29/10/2024,00,29/10/2024,2,-,-,04,1, , ,02,01,-,04,00,00,-, ,00,29/10/2024,00,29/10/2024,1,9223
02,1024,101,1,235-5,1414008,02,11A232,14,40167,0084,1,1,0,00,04/11/2024,00,04/11/2024,2,-,-,02,1, , ,01,01,-,02,00,00,-, ,00,04/11/2024,00,04/11/2024,1,10209
02,1024,101,1,235-5,1414008,02,11A232,14,40167,0049,3,1,0,00,30/10/2024,00,30/10/2024,2,-,-,03,1, , ,01,01,-,03,00,00,-, ,00,30/10/2024,00,30/10/2024,1,10209
02,1024,101,1,235-5,1414008,02,11A232,14,40167,0141,4,1,0,00,02/11/2024,00,02/11/2024,2,-,-,04,1, , ,02,02,-,04,00,00,-, ,00,02/11/2024,00,02/11/2024,1,10209
02,1024,101,1,235-5,1414008,02,11A232,14,40167,0025,2,1,0,00,30/10/2024,00,30/10/2024,2,-,-,01, , , ,01,01,-,01,00,00,-, ,00,30/10/2024,00,30/10/2024,1,10209
02,1024,039,1,049-2,1402535,02,12A232,14,40170,0091,3,1,0,00,12/11/2024,00,12/11/2024,2,-,-,04,1, , ,02,01,-,04,00,00,-, ,00,12/11/2024,00,12/11/2024,1,8528
02,1024,039,1,049-2,1402535,02,12A232,14,40170,0097,1,1,0,00,31/10/2024,00,31/10/2024,2,-,-,04,1, , ,01,01,-,04,00,00,-, ,00,31/10/2024,00,31/10/2024,1,8528
02,1024,039,1,049-2,1402535,02,12A232,14,40170,0033,4,1,0,00,03/11/2024,00,03/11/2024,2,-,-,01, , , ,01,01,-,01,00,00,-, ,00,03/11/2024,00,03/11/2024,1,8528
02,1024,039,1,049-2,1402535,02,12A232,14,40170,0059,2,1,0,07,03/11/2024,07,19/11/2024,2,-,-, , , , , , ,-, , , ,-, ,07,03/11/2024,07,19/11/2024,1,0
02,1024,039,1,452-7,1402682,02,12A232,14,40172,0077,2,1,0,00,08/11/2024,00,08/11/2024,2,-,-,01, , , ,01,01,-,01,00,00,-, ,00,08/11/2024,00,08/11/2024,1,8740
02,1024,039,1,452-7,1402682,02,12A232,14,40172,0044,3,1,0,00,01/11/2024,00,01/11/2024,2,-,-,03,1, , ,01,01,-,03,00,00,-, ,00,01/11/2024,00,01/11/2024,1,8740
02,1024,039,1,452-7,1402682,02,12A232,14,40172,0011,1,1,0,00,10/11/2024,00,10/11/2024,2,-,-,04,1, , ,02,01,-,04,00,00,-, ,00,10/11/2024,00,10/11/2024,1,8740
02,1024,039,1,452-7,1402682,02,12A232,14,40172,0107,4,1,0,00,01/11/2024,00,01/11/2024,2,-,-,02,1, , ,01,01,-,02,00,00,-, ,00,01/11/2024,00,01/11/2024,1,8740
02,1024,039,1,280-2,1403741,02,12A232,14,40176,0034,3,1,0,00,04/11/2024,00,04/11/2024,2,-,-,01, , , ,01,01,-,01,00,00,-, ,00,04/11/2024,00,04/11/2024,1,8506
02,1024,039,1,280-2,1403741,02,12A232,14,40176,0005,2,1,0,00,01/11/2024,00,01/11/2024,2,-,-,04,1, , ,02,03,-,04,00,00,-, ,00,01/11/2024,00,01/11/2024,1,8506
02,1024,039,1,280-2,1403741,02,12A232,14,40176,0066,4,1,0,00,04/11/2024,00,04/11/2024,2,-,-,04,1, , ,01,01,-,04,00,00,-, ,00,04/11/2024,00,04/11/2024,1,8506
02,1024,039,1,280-2,1403741,02,12A232,14,40176,0097,1,1,0,00,11/11/2024,00,11/11/2024,2,-,-,01, , , ,01,01,-,01,00,00,-, ,00,11/11/2024,00,11/11/2024,1,8506
02,1024,039,1,100-5,1404323,02,12A232,14,40179,0074,3,1,0,00,02/11/2024,00,02/11/2024,2,-,-,04,1, , ,01,01,-,04,00,00,-, ,00,02/11/2024,00,02/11/2024,1,8512
02,1024,039,1,100-5,1404323,02,12A232,14,40179,0017,1,1,0,00,04/11/2024,00,04/11/2024,2,-,-,02,1, , ,01,01,-,02,00,00,-, ,00,04/11/2024,00,04/11/2024,1,8512
02,1024,039,1,100-5,1404323,02,12A232,14,40179,0057,2,1,0,06,04/11/2024,06,19/11/2024,2,-,-, , , , , , ,-, , , ,-, ,06,04/11/2024,06,19/11/2024,1,0
02,1024,039,1,100-5,1404323,02,12A232,14,40179,0129,4,1,0,00,11/11/2024,00,11/11/2024,2,-,-,01, , , ,01,01,-,01,00,00,-, ,00,11/11/2024,00,11/11/2024,1,8512
02,1024,039,1,082-5,1404456,02,12A232,14,40180,0060,2,1,0,00,03/11/2024,00,03/11/2024,2,-,-,01, , , ,01,01,-,01,00,00,-, ,00,03/11/2024,00,03/11/2024,1,8441
02,1024,039,1,082-5,1404456,02,12A232,14,40180,0041,1,1,0,00,13/11/2024,00,13/11/2024,2,-,-,02,1, , ,01,02,-,02,00,00,-, ,00,13/11/2024,00,13/11/2024,1,8441
02,1024,039,1,082-5,1404456,02,12A232,14,40180,0125,4,1,0,03,14/11/2024,03,19/11/2024,2,-,-, , , , , , ,-, , , ,-, ,03,14/11/2024,03,19/11/2024,1,0
02,1024,039,1,082-5,1404456,02,12A232,14,40180,0091,3,1,0,06,03/11/2024,03,21/11/2024,2,-,-, , , , , , ,-, , , ,-, ,06,03/11/2024,03,21/11/2024,1,0
02,1024,039,1,520-5,1405103,02,12A232,14,40183,0011,1,1,0,00,29/10/2024,00,29/10/2024,2,-,-,04,1, , ,02,01,-,04,00,00,-, ,00,29/10/2024,00,29/10/2024,1,9086
02,1024,039,1,520-5,1405103,02,12A232,14,40183,0077,3,1,0,00,29/10/2024,00,29/10/2024,2,-,-,03,1, , ,01,01,-,03,00,00,-, ,00,29/10/2024,00,29/10/2024,1,9086
02,1024,039,1,520-5,1405103,02,12A232,14,40183,0040,2,1,0,00,05/11/2024,00,05/11/2024,2,-,-,05,1, , ,02,02,-,05,00,00,-, ,00,05/11/2024,00,05/11/2024,1,9086
02,1024,039,1,520-5,1405103,02,12A232,14,40183,0106,4,1,0,00,29/10/2024,00,29/10/2024,2,-,-,03,1, , ,01,01,-,03,00,00,-, ,00,29/10/2024,00,29/10/2024,1,9086
02,1024,039,1,541-7,1405611,02,12A232,14,40185,0008,2,1,0,00,04/11/2024,00,04/11/2024,2,-,-,02,1, , ,02,01,-,02,00,00,-, ,00,04/11/2024,00,04/11/2024,1,8432
02,1024,039,1,541-7,1405611,02,12A232,14,40185,0045,1,1,0,00,31/10/2024,00,31/10/2024,2,-,-,02,1, , ,02,01,-,02,00,00,-, ,00,31/10/2024,00,31/10/2024,1,8432
02,1024,039,1,541-7,1405611,02,12A232,14,40185,0118,4,1,0,06,31/10/2024,06,04/11/2024,2,-,-, , , , , , ,-, , , ,-, ,06,31/10/2024,06,04/11/2024,1,0
02,1024,039,1,541-7,1405611,02,12A232,14,40185,0088,3,1,0,00,06/11/2024,00,06/11/2024,2,-,-,04,1, , ,02,03,-,04,00,00,-, ,00,06/11/2024,00,06/11/2024,1,8432
02,1024,098,1,126-0,1413259,02,12A232,14,40189,0090,4,1,0,00,01/11/2024,00,01/11/2024,2,-,-,03,1, , ,01,01,-,03,00,00,-, ,00,01/11/2024,00,01/11/2024,1,7541
02,1024,098,1,126-0,1413259,02,12A232,14,40189,0058,3,1,0,00,07/11/2024,00,07/11/2024,2,-,-,06,1, , ,01,02,-,06,00,00,-, ,00,07/11/2024,00,07/11/2024,1,7541
02,1024,098,1,126-0,1413259,02,12A232,14,40189,0010,1,1,0,00,07/11/2024,00,07/11/2024,2,-,-,03,1, , ,02,01,-,03,00,00,-, ,00,07/11/2024,00,07/11/2024,1,7541
02,1024,098,1,126-0,1413259,02,12A232,14,40189,0032,2,1,0,00,31/10/2024,00,31/10/2024,2,-,-,04,1, , ,04,01,-,04,00,00,-, ,00,31/10/2024,00,31/10/2024,1,7541
02,1024,101,1,082-3,1414674,02,12A232,14,40192,0119,3,1,0,00,05/11/2024,00,05/11/2024,2,-,-,03,1, , ,01,02,-,03,00,00,-, ,00,05/11/2024,00,05/11/2024,1,8372
02,1024,101,1,082-3,1414674,02,12A232,14,40192,0030,4,1,0,00,11/11/2024,00,11/11/2024,2,-,-,02,1, , ,01,01,-,02,00,00,-, ,00,11/11/2024,00,11/11/2024,1,8372
02,1024,101,1,082-3,1414674,02,12A232,14,40192,0091,2,1,0,00,06/11/2024,00,06/11/2024,2,-,-,05,1, , ,01,02,-,05,00,00,-, ,00,06/11/2024,00,06/11/2024,1,8372
02,1024,101,1,082-3,1414674,02,12A232,14,40192,0059,1,1,0,00,09/11/2024,00,09/11/2024,2,-,-,04,1, , ,01,03,-,04,00,00,-, ,00,09/11/2024,00,09/11/2024,1,8372
02,1024,101,1,139-5,1414910,02,12A232,14,40193,0093,2,1,0,03,15/11/2024,03,19/11/2024,2,-,-, , , , , , ,-, , , ,-, ,03,15/11/2024,03,19/11/2024,1,0
02,1024,101,1,139-5,1414910,02,12A232,14,40193,0033,4,1,0,00,08/11/2024,00,08/11/2024,2,-,-,03,1, , ,02,03,-,03,00,00,-, ,00,08/11/2024,00,08/11/2024,1,8366
02,1024,101,1,139-5,1414910,02,12A232,14,40193,0002,3,1,0,00,30/10/2024,00,30/10/2024,2,-,-,04,1, , ,04,04,-,04,00,00,-, ,00,30/10/2024,00,30/10/2024,1,8366
02,1024,101,1,139-5,1414910,02,12A232,14,40193,0063,1,1,0,00,30/10/2024,00,30/10/2024,2,-,-,06,1, , ,02,02,-,06,00,00,-, ,00,30/10/2024,00,30/10/2024,1,8366
02,1024,120,1,431-9,1417195,02,12A232,14,40196,0077,3,1,0,00,02/11/2024,00,02/11/2024,2,-,-,06,1, , ,03,01,-,06,00,00,-, ,00,02/11/2024,00,02/11/2024,1,8819
02,1024,120,1,431-9,1417195,02,12A232,14,40196,0044,2,1,0,00,30/10/2024,00,30/10/2024,2,-,-,01, , , ,01,01,-,01,00,00,-, ,00,30/10/2024,00,30/10/2024,1,8819
02,1024,120,1,431-9,1417195,02,12A232,14,40196,0110,4,1,0,00,05/11/2024,00,05/11/2024,2,-,-,03,1, , ,01,01,-,03,00,00,-, ,00,05/11/2024,00,05/11/2024,1,8819
02,1024,120,1,431-9,1417195,02,12A232,14,40196,0010,1,1,0,00,30/10/2024,00,30/10/2024,2,-,-,07,1, , ,02,01,-,07,00,00,-, ,00,30/10/2024,00,30/10/2024,1,8819
02,1024,120,1,293-3,1417950,02,12A232,14,40198,0119,4,1,0,00,04/11/2024,00,04/11/2024,1,-,-,02,2,02,01,01,01,-,01,00,00,-, ,00,04/11/2024,00,04/11/2024,1,8792
02,1024,120,1,293-3,1417950,02,12A232,14,40198,0087,3,1,0,00,09/11/2024,00,09/11/2024,2,-,-,06,1, , ,01,02,-,06,00,00,-, ,00,09/11/2024,00,09/11/2024,1,8792
02,1024,120,1,293-3,1417950,02,12A232,14,40198,0021,1,1,0,00,05/11/2024,00,05/11/2024,2,-,-,02,1, , ,01,01,-,02,00,00,-, ,00,05/11/2024,00,05/11/2024,1,8792
02,1024,120,1,293-3,1417950,02,12A232,14,40198,0055,2,1,0,00,04/11/2024,00,04/11/2024,2,-,-,04,1, , ,01,04,-,04,00,00,-, ,00,04/11/2024,00,04/11/2024,1,8792
02,1024,101,1,234-0,1414007,02,12A232,14,40205,0033,1,1,0,00,29/10/2024,00,29/10/2024,2,-,-,04,1, , ,01,01,-,04,00,00,-, ,00,29/10/2024,00,29/10/2024,1,8498
02,1024,101,1,234-0,1414007,02,12A232,14,40205,0112,3,1,0,00,05/11/2024,00,05/11/2024,2,-,-,03,1, , ,01,02,-,03,00,00,-, ,00,05/11/2024,00,05/11/2024,1,8498
02,1024,101,1,234-0,1414007,02,12A232,14,40205,0068,2,1,0,00,15/11/2024,00,15/11/2024,2,-,-,02,1, , ,01,01,-,02,00,00,-, ,00,15/11/2024,00,15/11/2024,1,8498
02,1024,101,1,234-0,1414007,02,12A232,14,40205,0154,4,1,0,00,29/10/2024,00,29/10/2024,2,-,-,05,1, , ,05,05,-,05,00,00,-, ,00,29/10/2024,00,29/10/2024,1,8498
02,1024,039,1,526-2,1403430,02,13A232,14,40209,0043,4,1,0,00,15/11/2024,00,15/11/2024,2,-,-,03,1, , ,02,01,-,03,00,00,-, ,15,15/11/2024,15,15/11/2024,1,0
02,1024,039,1,526-2,1403430,02,13A232,14,40209,0127,3,1,0,00,11/11/2024,00,11/11/2024,2,-,-,02,1, , ,02,02,-,02,00,00,-, ,00,11/11/2024,00,11/11/2024,1,11221
02,1024,039,1,526-2,1403430,02,13A232,14,40209,0087,1,1,0,00,31/10/2024,00,31/10/2024,2,-,-,07,1, , ,01,04,-,07,00,00,-, ,00,31/10/2024,00,31/10/2024,1,11221
02,1024,039,1,526-2,1403430,02,13A232,14,40209,0046,2,1,0,00,31/10/2024,00,31/10/2024,2,-,-,05,1, , ,02,02,-,05,00,00,-, ,00,31/10/2024,00,31/10/2024,1,11221
02,1024,039,1,503-1,1404355,02,13A232,14,40211,0025,4,1,0,00,15/11/2024,00,15/11/2024,2,-,-,03,1, , ,02,01,-,03,00,00,-, ,15,15/11/2024,15,15/11/2024,1,0
02,1024,039,1,503-1,1404355,02,13A232,14,40211,0097,3,1,0,00,05/11/2024,00,05/11/2024,2,-,-,04,1, , ,01,01,-,04,00,00,-, ,00,05/11/2024,00,05/11/2024,1,11344
02,1024,039,1,503-1,1404355,02,13A232,14,40211,0052,1,1,0,00,05/11/2024,00,05/11/2024,2,-,-,01, , , ,01,01,-,01,00,00,-, ,00,05/11/2024,00,05/11/2024,1,11344
02,1024,039,1,503-1,1404355,02,13A232,14,40211,0074,2,1,0,00,06/11/2024,00,06/11/2024,2,-,-,03,1, , ,01,01,-,03,00,00,-, ,00,06/11/2024,00,06/11/2024,1,11344
02,1024,098,1,109-7,1412552,02,13A232,14,40215,0043,1,1,0,03,14/11/2024,03,19/11/2024,2,-,-, , , , , , ,-, , , ,-, ,03,14/11/2024,03,19/11/2024,1,0
02,1024,098,1,109-7,1412552,02,13A232,14,40215,0092,3,1,0,00,02/11/2024,00,02/11/2024,2,-,-,04,1, , ,02,02,-,04,00,00,-, ,00,02/11/2024,00,02/11/2024,1,11016
02,1024,098,1,109-7,1412552,02,13A232,14,40215,0059,2,1,0,00,02/11/2024,00,02/11/2024,2,-,-,03,1, , ,02,02,-,03,00,00,-, ,00,02/11/2024,00,02/11/2024,1,11016
02,1024,098,1,109-7,1412552,02,13A232,14,40215,0125,4,1,0,00,31/10/2024,00,31/10/2024,1,-,-,05,2,02,04,03,02,-,04,00,00,-, ,00,31/10/2024,00,31/10/2024,1,11016
02,1024,098,1,229-2,1413611,02,13A232,14,40218,0116,1,1,0,06,31/10/2024,06,19/11/2024,2,-,-, , , , , , ,-, , , ,-, ,06,31/10/2024,06,19/11/2024,1,0
02,1024,098,1,229-2,1413611,02,13A232,14,40218,0042,4,1,0,00,05/11/2024,00,05/11/2024,2,-,-,03,1, , ,02,02,-,03,00,00,-, ,00,05/11/2024,00,05/11/2024,1,9623
02,1024,098,1,229-2,1413611,02,13A232,14,40218,0069,2,1,0,00,09/11/2024,00,09/11/2024,2,-,-,03,1, , ,01,02,-,03,00,00,-, ,00,09/11/2024,00,09/11/2024,1,9623
02,1024,098,1,229-2,1413611,02,13A232,14,40218,0009,3,1,0,00,05/11/2024,00,05/11/2024,2,-,-,01, , , ,01,01,-,01,00,00,-, ,00,05/11/2024,00,05/11/2024,1,9623
02,1024,101,1,120-0,1413897,02,13A232,14,40219,0081,2,1,0,00,09/11/2024,00,09/11/2024,2,-,-,02,1, , ,01,01,-,02,00,00,-, ,00,09/11/2024,00,09/11/2024,1,8314
02,1024,101,1,120-0,1413897,02,13A232,14,40219,0029,3,1,0,00,09/11/2024,00,09/11/2024,2,-,-,04,1, , ,01,02,-,04,00,00,-, ,00,09/11/2024,00,09/11/2024,1,8314
02,1024,101,1,120-0,1413897,02,13A232,14,40219,0040,1,1,0,00,05/11/2024,00,05/11/2024,2,-,-,03,1, , ,02,02,-,03,00,00,-, ,00,05/11/2024,00,05/11/2024,1,8314
02,1024,101,1,120-0,1413897,02,13A232,14,40219,0116,4,1,0,00,04/11/2024,00,04/11/2024,2,-,-,03,1, , ,01,01,-,03,00,00,-, ,00,04/11/2024,00,04/11/2024,1,8314
02,1024,120,1,657-A,1416482,02,13A232,14,40222,0021,4,1,0,03,15/11/2024,03,15/11/2024,2,-,-, , , , , , ,-, , , ,-, ,03,15/11/2024,03,15/11/2024,1,0
02,1024,120,1,657-A,1416482,02,13A232,14,40222,0110,1,1,0,00,14/11/2024,00,14/11/2024,2,-,-,07,1, , ,04,06,-,07,00,00,-, ,00,14/11/2024,00,14/11/2024,1,10468
02,1024,120,1,657-A,1416482,02,13A232,14,40222,0107,2,1,0,00,07/11/2024,00,07/11/2024,2,-,-,01, , , ,01,01,-,01,00,00,-, ,00,07/11/2024,00,07/11/2024,1,10468
02,1024,120,1,657-A,1416482,02,13A232,14,40222,0040,3,1,0,03,15/11/2024,03,15/11/2024,2,-,-, , , , , , ,-, , , ,-, ,03,15/11/2024,03,15/11/2024,1,0
02,1024,120,1,315-1,1416847,02,13A232,14,40224,0101,4,1,0,00,09/11/2024,00,09/11/2024,2,-,-,02,1, , ,02,02,-,02,00,00,-, ,00,09/11/2024,00,09/11/2024,1,9812
02,1024,120,1,315-1,1416847,02,13A232,14,40224,0071,3,1,0,06,04/11/2024,06,06/11/2024,2,-,-, , , , , , ,-, , , ,-, ,06,04/11/2024,06,06/11/2024,1,0
02,1024,120,1,315-1,1416847,02,13A232,14,40224,0040,2,1,0,00,05/11/2024,00,05/11/2024,2,-,-,02,1, , ,01,01,-,02,00,00,-, ,00,05/11/2024,00,05/11/2024,1,9812
02,1024,120,1,315-1,1416847,02,13A232,14,40224,0011,1,1,0,00,02/11/2024,00,02/11/2024,2,-,-,02,1, , ,02,01,-,02,00,00,-, ,00,02/11/2024,00,02/11/2024,1,9812
02,1024,120,1,120-6,1417706,02,13A232,14,40228,0013,1,1,0,00,11/11/2024,00,11/11/2024,2,-,-,03,1, , ,02,01,-,03,00,00,-, ,00,11/11/2024,00,11/11/2024,1,7993
02,1024,120,1,120-6,1417706,02,13A232,14,40228,0077,4,1,0,00,12/11/2024,00,12/11/2024,2,-,-,03,1, , ,02,02,-,03,00,00,-, ,00,12/11/2024,00,12/11/2024,1,7993
02,1024,120,1,120-6,1417706,02,13A232,14,40228,0055,3,1,0,06,03/11/2024,06,06/11/2024,2,-,-, , , , , , ,-, , , ,-, ,06,03/11/2024,06,06/11/2024,1,0
02,1024,120,1,120-6,1417706,02,13A232,14,40228,0035,2,1,0,00,03/11/2024,00,03/11/2024,2,-,-,01, , , ,01,01,-,01,00,00,-, ,00,03/11/2024,00,03/11/2024,1,7993
02,1024,120,1,549-7,1418248,02,13A232,14,40231,0037,1,1,0,00,04/11/2024,00,04/11/2024,2,-,-,03,1, , ,01,02,-,03,00,00,-, ,00,04/11/2024,00,04/11/2024,1,11465
02,1024,120,1,549-7,1418248,02,13A232,14,40231,0084,2,1,0,03,04/11/2024,03,13/11/2024,2,-,-, , , , , , ,-, , , ,-, ,03,04/11/2024,03,13/11/2024,1,0
02,1024,120,1,549-7,1418248,02,13A232,14,40231,0174,4,1,0,05,15/11/2024,05,15/11/2024,2,-,-, , , , , , ,-, , , ,-, ,05,15/11/2024,05,15/11/2024,1,0
02,1024,120,1,549-7,1418248,02,13A232,14,40231,0129,3,1,0,00,02/11/2024,00,02/11/2024,2,-,-,04,1, , ,01,01,-,04,00,00,-, ,00,02/11/2024,00,02/11/2024,1,11465
02,1024,120,1,271-7,1418333,02,13A232,14,40232,0021,3,1,0,00,15/11/2024,00,15/11/2024,2,-,-,04,1, , ,01,04,-,04,00,00,-, ,15,15/11/2024,15,15/11/2024,1,0
02,1024,120,1,271-7,1418333,02,13A232,14,40232,0056,1,1,0,00,01/11/2024,00,01/11/2024,2,-,-,01, , , ,01,01,-,01,00,00,-, ,00,01/11/2024,00,01/11/2024,1,7859
02,1024,120,1,271-7,1418333,02,13A232,14,40232,0085,2,1,0,06,04/11/2024,06,04/11/2024,2,-,-, , , , , , ,-, , , ,-, ,06,04/11/2024,06,04/11/2024,1,0
02,1024,120,1,271-7,1418333,02,13A232,14,40232,0098,4,1,0,00,07/11/2024,00,07/11/2024,2,-,-,01, , , ,01,01,-,01,00,00,-, ,00,07/11/2024,00,07/11/2024,1,7859
02,1024,120,1,546-3,1419528,02,13A232,14,40235,0044,2,1,0,00,02/11/2024,00,02/11/2024,2,-,-,01, , , ,01,01,-,01,00,00,-, ,00,02/11/2024,00,02/11/2024,1,9872
02,1024,120,1,546-3,1419528,02,13A232,14,40235,0017,1,1,0,00,04/11/2024,00,04/11/2024,2,-,-,01, , , ,01,01,-,01,00,00,-, ,00,04/11/2024,00,04/11/2024,1,9872
02,1024,120,1,546-3,1419528,02,13A232,14,40235,0072,3,1,0,12,30/10/2024,12,04/11/2024,2,-,-, , , , , , ,-, , , ,-, ,12,30/10/2024,12,04/11/2024,1,0
02,1024,120,1,546-3,1419528,02,13A232,14,40235,0099,4,1,0,00,06/11/2024,00,06/11/2024,2,-,-,02,1, , ,01,02,-,02,00,00,-, ,00,06/11/2024,00,06/11/2024,1,9872
02,1024,097,1,047-7,1411710,02,13A232,14,40237,0118,4,1,0,00,08/11/2024,00,08/11/2024,2,-,-,04,1, , ,02,02,-,04,00,00,-, ,00,08/11/2024,00,08/11/2024,1,9724
02,1024,097,1,047-7,1411710,02,13A232,14,40237,0054,2,1,0,00,02/11/2024,00,02/11/2024,2,-,-,03,1, , ,02,01,-,03,00,00,-, ,00,02/11/2024,00,02/11/2024,1,9724
02,1024,097,1,047-7,1411710,02,13A232,14,40237,0019,1,1,0,00,31/10/2024,00,31/10/2024,2,-,-,02,1, , ,02,02,-,02,00,00,-, ,00,31/10/2024,00,31/10/2024,1,9724
02,1024,097,1,047-7,1411710,02,13A232,14,40237,0088,3,1,0,00,31/10/2024,00,31/10/2024,2,-,-,04,1, , ,04,03,-,04,00,00,-, ,00,31/10/2024,00,31/10/2024,1,9724
01,1024,109,1,002-7,1532014,01,11A232,15,40002,0036,3,1,0,00,12/11/2024,00,12/11/2024,2,-,-,04,1, , ,01,01,-,04,00,00,-, ,00,12/11/2024,00,12/11/2024,1,5400
01,1024,109,1,002-7,1532014,01,11A232,15,40002,0088,1,1,0,00,15/11/2024,00,15/11/2024,2,-,-,06,1, , ,04,02,-,06,00,00,-, ,00,15/11/2024,00,15/11/2024,1,5400
01,1024,109,1,002-7,1532014,01,11A232,15,40002,0062,4,1,0,00,29/10/2024,00,29/10/2024,2,-,-,05,1, , ,03,01,-,05,00,00,-, ,00,29/10/2024,00,29/10/2024,1,5400
01,1024,109,1,002-7,1532014,01,11A232,15,40002,0005,2,1,0,00,12/11/2024,00,12/11/2024,2,-,-,04,1, , ,04,01,-,04,00,00,-, ,00,12/11/2024,00,12/11/2024,1,5400
01,1024,033,1,082-6,1509129,01,11A232,15,40015,0060,3,1,0,00,31/10/2024,00,31/10/2024,2,-,-,02,1, , ,02,02,-,02,00,00,-, ,00,31/10/2024,00,31/10/2024,1,8278
01,1024,033,1,082-6,1509129,01,11A232,15,40015,0007,1,1,0,00,31/10/2024,00,31/10/2024,2,-,-,04,1, , ,01,02,-,04,00,00,-, ,16,31/10/2024,16,31/10/2024,1,0
01,1024,033,1,082-6,1509129,01,11A232,15,40015,0035,2,1,0,03,09/11/2024,03,09/11/2024,2,-,-, , , , , , ,-, , , ,-, ,03,09/11/2024,03,09/11/2024,1,0
01,1024,033,1,082-6,1509129,01,11A232,15,40015,0084,4,1,0,00,31/10/2024,00,31/10/2024,2,-,-,05,1, , ,02,05,-,05,00,00,-, ,00,31/10/2024,00,31/10/2024,1,8278
01,1024,057,1,168-6,1516517,01,11A232,15,40020,0007,1,1,0,00,14/11/2024,00,14/11/2024,2,-,-,06,1, , ,02,03,-,06,00,00,-, ,00,14/11/2024,00,14/11/2024,1,8043
01,1024,057,1,168-6,1516517,01,11A232,15,40020,0084,4,1,0,00,30/10/2024,00,30/10/2024,2,-,-,05,1, , ,05,05,-,05,00,00,-, ,00,30/10/2024,00,30/10/2024,1,8043
01,1024,057,1,168-6,1516517,01,11A232,15,40020,0063,3,1,0,00,15/11/2024,00,15/11/2024,2,-,-,04,1, , ,04,03,-,04,00,00,-, ,00,15/11/2024,00,15/11/2024,1,8043
01,1024,057,1,168-6,1516517,01,11A232,15,40020,0030,2,1,0,00,30/10/2024,00,30/10/2024,2,-,-,05,1, , ,02,02,-,05,00,00,-, ,00,30/10/2024,00,30/10/2024,1,8043
01,1024,057,1,196-8,1516842,01,11A232,15,40021,0089,2,1,0,00,15/11/2024,00,15/11/2024,1,-,-,07,2,03,04,01,04,-,04,00,00,-, ,00,15/11/2024,00,15/11/2024,1,7678
01,1024,057,1,196-8,1516842,01,11A232,15,40021,0037,4,1,0,00,10/11/2024,00,10/11/2024,2,-,-,01, , , ,01,01,-,01,00,00,-, ,00,10/11/2024,00,10/11/2024,1,7678
01,1024,057,1,196-8,1516842,01,11A232,15,40021,0061,1,1,0,00,15/11/2024,00,15/11/2024,2,-,-,03,1, , ,01,03,-,03,00,00,-, ,00,15/11/2024,00,15/11/2024,1,7678
01,1024,057,1,196-8,1516842,01,11A232,15,40021,0007,3,1,0,00,14/11/2024,00,14/11/2024,2,-,-,03,1, , ,03,02,-,03,00,00,-, ,00,14/11/2024,00,14/11/2024,1,7678
01,1024,109,1,155-7,1531470,01,11A232,15,40029,0068,3,1,0,00,15/11/2024,00,15/11/2024,2,-,-,02,1, , ,01,02,-,02,00,00,-, ,00,15/11/2024,00,15/11/2024,1,7113
01,1024,109,1,155-7,1531470,01,11A232,15,40029,0010,4,1,0,00,10/11/2024,00,10/11/2024,2,-,-,02,1, , ,01,02,-,02,00,00,-, ,00,10/11/2024,00,10/11/2024,1,7113
01,1024,109,1,155-7,1531470,01,11A232,15,40029,0042,2,1,0,00,10/11/2024,00,10/11/2024,2,-,-,01, , , ,01,01,-,01,00,00,-, ,00,10/11/2024,00,10/11/2024,1,7113
01,1024,109,1,155-7,1531470,01,11A232,15,40029,0107,1,1,0,00,12/11/2024,00,12/11/2024,2,-,-,03,1, , ,01,03,-,03,00,00,-, ,00,12/11/2024,00,12/11/2024,1,7113
01,1024,095,1,034-A,1526071,01,11A232,15,40041,0023,3,1,0,00,05/11/2024,00,05/11/2024,2,-,-,05,1, , ,02,02,-,05,00,00,-, ,00,05/11/2024,00,05/11/2024,1,8702
01,1024,095,1,034-A,1526071,01,11A232,15,40041,0079,2,1,0,00,05/11/2024,00,05/11/2024,2,-,-,04,1, , ,01,01,-,04,00,00,-, ,00,05/11/2024,00,05/11/2024,1,8702
01,1024,095,1,034-A,1526071,01,11A232,15,40041,0095,1,1,0,00,05/11/2024,00,05/11/2024,2,-,-,04,1, , ,01,01,-,04,00,00,-, ,00,05/11/2024,00,05/11/2024,1,8702
01,1024,095,1,034-A,1526071,01,11A232,15,40041,0054,4,1,0,00,05/11/2024,00,05/11/2024,2,-,-,02,1, , ,02,02,-,02,00,00,-, ,00,05/11/2024,00,05/11/2024,1,8702
01,1024,020,1,007-1,1503409,01,12A232,15,40046,0068,3,1,0,00,29/10/2024,00,29/10/2024,2,-,-,01, , , ,01,01,-,01,00,00,-, ,00,29/10/2024,00,29/10/2024,1,7651
01,1024,020,1,007-1,1503409,01,12A232,15,40046,0018,1,1,0,00,12/11/2024,00,12/11/2024,2,-,-,03,1, , ,02,01,-,03,00,00,-, ,00,12/11/2024,00,12/11/2024,1,7651
01,1024,020,1,007-1,1503409,01,12A232,15,40046,0046,2,1,0,00,09/11/2024,00,09/11/2024,2,-,-,01, , , ,01,01,-,01,00,00,-, ,00,09/11/2024,00,09/11/2024,1,7651
01,1024,020,1,007-1,1503409,01,12A232,15,40046,0096,4,1,0,00,03/11/2024,00,03/11/2024,2,-,-,01, , , ,01,01,-,01,00,00,-, ,00,03/11/2024,00,03/11/2024,1,7651
01,1024,020,1,069-2,1503676,01,12A232,15,40047,0086,4,1,0,00,14/11/2024,00,14/11/2024,2,-,-,03,1, , ,01,01,-,03,00,00,-, ,00,14/11/2024,00,14/11/2024,1,7854
01,1024,020,1,069-2,1503676,01,12A232,15,40047,0004,1,1,0,00,14/11/2024,00,14/11/2024,2,-,-,03,1, , ,01,02,-,03,00,00,-, ,00,14/11/2024,00,14/11/2024,1,7854
01,1024,020,1,069-2,1503676,01,12A232,15,40047,0061,3,1,0,00,14/11/2024,00,14/11/2024,2,-,-,03,1, , ,03,02,-,03,00,00,-, ,00,14/11/2024,00,14/11/2024,1,7854
01,1024,020,1,069-2,1503676,01,12A232,15,40047,0033,2,1,0,00,01/11/2024,00,01/11/2024,2,-,-,03,1, , ,01,03,-,03,00,00,-, ,00,01/11/2024,00,01/11/2024,1,7854
01,1024,058,1,009-8,1518327,01,12A232,15,40054,0006,4,1,0,00,15/11/2024,00,15/11/2024,2,-,-,02,1, , ,01,01,-,02,00,00,-, ,00,15/11/2024,00,15/11/2024,1,8950
01,1024,058,1,009-8,1518327,01,12A232,15,40054,0078,1,1,0,00,01/11/2024,00,01/11/2024,2,-,-,11,1, , ,01,06,-,11,00,00,-, ,00,01/11/2024,00,01/11/2024,1,8950
01,1024,058,1,009-8,1518327,01,12A232,15,40054,0060,2,1,0,06,01/11/2024,06,01/11/2024,2,-,-, , , , , , ,-, , , ,-, ,06,01/11/2024,06,01/11/2024,1,0
01,1024,058,1,009-8,1518327,01,12A232,15,40054,0049,3,1,0,00,01/11/2024,00,01/11/2024,2,-,-,05,1, , ,01,05,-,05,00,00,-, ,00,01/11/2024,00,01/11/2024,1,8950
01,1024,081,1,027-4,1523313,01,12A232,15,40055,0051,4,1,0,00,30/10/2024,00,30/10/2024,2,-,-,03,1, , ,02,02,-,03,00,00,-, ,00,30/10/2024,00,30/10/2024,1,8086
01,1024,081,1,027-4,1523313,01,12A232,15,40055,0105,2,1,0,00,30/10/2024,00,30/10/2024,2,-,-,01, , , ,01,01,-,01,00,00,-, ,00,30/10/2024,00,30/10/2024,1,8086
01,1024,081,1,027-4,1523313,01,12A232,15,40055,0022,3,1,0,00,31/10/2024,00,31/10/2024,2,-,-,05,1, , ,03,02,-,05,00,00,-, ,00,31/10/2024,00,31/10/2024,1,8086
01,1024,081,1,027-4,1523313,01,12A232,15,40055,0003,1,1,0,00,31/10/2024,00,31/10/2024,2,-,-,02,1, , ,01,02,-,02,00,00,-, ,00,31/10/2024,00,31/10/2024,1,8086
01,1024,121,1,020-A,1534691,01,12A232,15,40059,0024,2,1,0,01,15/11/2024,00,19/11/2024,2,-,-,05,1, , ,03,03,-,05,00,00,-, ,01,15/11/2024,00,19/11/2024,1,5905
01,1024,121,1,020-A,1534691,01,12A232,15,40059,0003,1,1,0,00,09/11/2024,00,09/11/2024,2,-,-,03,1, , ,01,01,-,03,00,00,-, ,00,09/11/2024,00,09/11/2024,1,5905
01,1024,121,1,020-A,1534691,01,12A232,15,40059,0067,4,1,0,00,06/11/2024,00,06/11/2024,2,-,-,03,1, , ,01,02,-,03,00,00,-, ,00,06/11/2024,00,06/11/2024,1,5905
01,1024,121,1,020-A,1534691,01,12A232,15,40059,0046,3,1,0,01,15/11/2024,01,15/11/2024,2,-,-, , , , , , ,-, , , ,-, ,01,15/11/2024,01,15/11/2024,1,0
01,1024,121,1,070-8,1535087,01,12A232,15,40060,0053,2,1,0,00,09/11/2024,00,09/11/2024,2,-,-,01, , , ,01,01,-,01,00,00,-, ,00,09/11/2024,00,09/11/2024,1,7040
01,1024,121,1,070-8,1535087,01,12A232,15,40060,0098,3,1,0,00,06/11/2024,00,06/11/2024,2,-,-,02,1, , ,01,02,-,02,00,00,-, ,00,06/11/2024,00,06/11/2024,1,7040
01,1024,121,1,070-8,1535087,01,12A232,15,40060,0140,4,1,0,00,06/11/2024,00,06/11/2024,2,-,-,05,1, , ,01,01,-,05,00,00,-, ,00,06/11/2024,00,06/11/2024,1,7040
01,1024,121,1,070-8,1535087,01,12A232,15,40060,0007,1,1,0,00,05/11/2024,00,05/11/2024,2,-,-,03,1, , ,03,03,-,03,00,00,-, ,00,05/11/2024,00,05/11/2024,1,7040
01,1024,120,1,092-7,1533632,01,12A232,15,40066,0006,1,1,0,06,09/11/2024,06,09/11/2024,2,-,-, , , , , , ,-, , , ,-, ,06,09/11/2024,06,09/11/2024,1,0
01,1024,120,1,092-7,1533632,01,12A232,15,40066,0071,2,1,0,01,09/11/2024,01,09/11/2024,2,-,-, , , , , , ,-, , , ,-, ,01,09/11/2024,01,09/11/2024,1,0
01,1024,120,1,092-7,1533632,01,12A232,15,40066,0147,3,1,0,00,09/11/2024,00,09/11/2024,2,-,-,04,1, , ,02,01,-,04,00,00,-, ,00,09/11/2024,00,09/11/2024,1,14818
01,1024,120,1,092-7,1533632,01,12A232,15,40066,0223,4,1,0,00,14/11/2024,00,14/11/2024,2,-,-,03,1, , ,02,02,-,03,00,00,-, ,00,14/11/2024,00,14/11/2024,1,14818
01,1024,013,1,107-5,1502019,01,13A232,15,40068,0077,3,1,0,06,06/11/2024,06,06/11/2024,2,-,-, , , , , , ,-, , , ,-, ,06,06/11/2024,06,06/11/2024,1,0
01,1024,013,1,107-5,1502019,01,13A232,15,40068,0050,2,1,0,06,06/11/2024,06,06/11/2024,2,-,-, , , , , , ,-, , , ,-, ,06,06/11/2024,06,06/11/2024,1,0
01,1024,013,1,107-5,1502019,01,13A232,15,40068,0021,1,1,0,00,06/11/2024,00,06/11/2024,2,-,-,02,1, , ,01,01,-,02,00,00,-, ,00,06/11/2024,00,06/11/2024,1,9972
01,1024,013,1,107-5,1502019,01,13A232,15,40068,0105,4,1,0,00,06/11/2024,00,06/11/2024,2,-,-,03,1, , ,01,01,-,03,00,00,-, ,00,06/11/2024,00,06/11/2024,1,9972
01,1024,057,1,119-2,1517273,01,13A232,15,40072,0075,3,1,0,04,14/11/2024,04,14/11/2024,2,-,-, , , , , , ,-, , , ,-, ,04,14/11/2024,04,14/11/2024,1,0
01,1024,057,1,119-2,1517273,01,13A232,15,40072,0036,2,1,0,00,07/11/2024,00,07/11/2024,2,-,-,03,1, , ,02,01,-,03,00,00,-, ,00,07/11/2024,00,07/11/2024,1,9587
01,1024,057,1,119-2,1517273,01,13A232,15,40072,0150,4,1,0,03,09/11/2024,03,09/11/2024,2,-,-, , , , , , ,-, , , ,-, ,03,09/11/2024,03,09/11/2024,1,0
01,1024,057,1,119-2,1517273,01,13A232,15,40072,0014,1,1,0,00,03/11/2024,00,03/11/2024,2,-,-,04,1, , ,03,03,-,04,00,00,-, ,00,03/11/2024,00,03/11/2024,1,9587
01,1024,104,1,150-8,1527900,01,13A232,15,40073,0107,4,1,0,00,01/11/2024,00,01/11/2024,2,-,-,02,1, , ,01,01,-,02,00,00,-, ,00,01/11/2024,00,01/11/2024,1,8468
01,1024,104,1,150-8,1527900,01,13A232,15,40073,0089,1,1,0,03,15/11/2024,03,15/11/2024,2,-,-, , , , , , ,-, , , ,-, ,03,15/11/2024,03,15/11/2024,1,0
01,1024,104,1,150-8,1527900,01,13A232,15,40073,0014,2,1,0,06,01/11/2024,06,01/11/2024,2,-,-, , , , , , ,-, , , ,-, ,06,01/11/2024,06,01/11/2024,1,0
01,1024,104,1,150-8,1527900,01,13A232,15,40073,0044,3,1,0,00,15/11/2024,00,15/11/2024,2,-,-,03,1, , ,02,01,-,03,00,00,-, ,00,15/11/2024,00,15/11/2024,1,8468
01,1024,057,1,211-4,1517168,01,11A232,15,40078,0099,3,1,0,00,04/11/2024,00,04/11/2024,2,-,-,03,1, , ,01,02,-,03,00,00,-, ,00,04/11/2024,00,04/11/2024,1,3653
01,1024,057,1,211-4,1517168,01,11A232,15,40078,0045,2,1,0,00,12/11/2024,00,12/11/2024,2,-,-,04,1, , ,03,02,-,04,00,00,-, ,00,12/11/2024,00,12/11/2024,1,3653
01,1024,057,1,211-4,1517168,01,11A232,15,40078,0023,1,1,0,00,04/11/2024,00,04/11/2024,2,-,-,03,1, , ,03,01,-,03,00,00,-, ,00,04/11/2024,00,04/11/2024,1,3653
01,1024,057,1,211-4,1517168,01,11A232,15,40078,0082,4,1,0,00,12/11/2024,00,12/11/2024,1,-,-,06,2,03,03,02,03,-,03,00,00,-, ,00,12/11/2024,00,12/11/2024,1,3653
01,1024,033,1,066-7,1510372,01,11A232,15,40081,0031,4,1,0,00,06/11/2024,00,06/11/2024,2,-,-,03,1, , ,01,01,-,03,00,00,-, ,00,06/11/2024,00,06/11/2024,1,6997
01,1024,033,1,066-7,1510372,01,11A232,15,40081,0002,3,1,0,00,06/11/2024,00,06/11/2024,2,-,-,07,1, , ,06,06,-,07,00,00,-, ,00,06/11/2024,00,06/11/2024,1,6997
01,1024,033,1,066-7,1510372,01,11A232,15,40081,0059,1,1,0,00,06/11/2024,00,06/11/2024,2,-,-,08,1, , ,01,01,-,08,00,00,-, ,00,06/11/2024,00,06/11/2024,1,6997
01,1024,033,1,066-7,1510372,01,11A232,15,40081,0086,2,1,0,00,06/11/2024,00,06/11/2024,2,-,-,04,1, , ,02,01,-,04,00,00,-, ,00,06/11/2024,00,06/11/2024,1,6997
01,1024,013,1,049-0,1502036,01,11A232,15,40082,0033,2,1,0,06,31/10/2024,06,31/10/2024,2,-,-, , , , , , ,-, , , ,-, ,06,31/10/2024,06,31/10/2024,1,0
01,1024,013,1,049-0,1502036,01,11A232,15,40082,0053,3,1,0,00,31/10/2024,00,31/10/2024,1,-,-,07,2,02,01,01,01,-,01,00,00,-, ,00,31/10/2024,00,31/10/2024,1,7079
01,1024,013,1,049-0,1502036,01,11A232,15,40082,0014,1,1,0,00,31/10/2024,00,31/10/2024,2,-,-,06,1, , ,02,02,-,06,00,00,-, ,00,31/10/2024,00,31/10/2024,1,7079
01,1024,013,1,049-0,1502036,01,11A232,15,40082,0069,4,1,0,00,31/10/2024,00,31/10/2024,2,-,-,03,1, , ,03,02,-,03,00,00,-, ,00,31/10/2024,00,31/10/2024,1,7079
01,1024,031,1,065-8,1506385,01,11A232,15,40085,0069,2,1,0,03,12/11/2024,03,12/11/2024,2,-,-, , , , , , ,-, , , ,-, ,03,12/11/2024,03,12/11/2024,1,0
01,1024,031,1,065-8,1506385,01,11A232,15,40085,0044,1,1,0,00,14/11/2024,00,14/11/2024,2,-,-,01, , , ,01,01,-,01,00,00,-, ,00,14/11/2024,00,14/11/2024,1,6744
01,1024,031,1,065-8,1506385,01,11A232,15,40085,0105,4,1,0,00,12/11/2024,00,12/11/2024,2,-,-,01, , , ,01,01,-,01,00,00,-, ,00,12/11/2024,00,12/11/2024,1,6744
01,1024,031,1,065-8,1506385,01,11A232,15,40085,0027,3,1,0,00,30/10/2024,00,30/10/2024,2,-,-,05,1, , ,01,01,-,05,00,00,-, ,00,30/10/2024,00,30/10/2024,1,6744
01,1024,031,1,058-8,1506957,01,11A232,15,40087,0009,1,1,0,00,30/10/2024,00,30/10/2024,2,-,-,01, , , ,01,01,-,01,00,00,-, ,00,30/10/2024,00,30/10/2024,1,9134
01,1024,031,1,058-8,1506957,01,11A232,15,40087,0071,3,1,0,00,14/11/2024,00,14/11/2024,2,-,-,01, , , ,01,01,-,01,00,00,-, ,00,14/11/2024,00,14/11/2024,1,9134
01,1024,031,1,058-8,1506957,01,11A232,15,40087,0105,4,1,0,00,14/11/2024,00,14/11/2024,2,-,-,01, , , ,01,01,-,01,00,00,-, ,00,14/11/2024,00,14/11/2024,1,9134
01,1024,031,1,058-8,1506957,01,11A232,15,40087,0044,2,1,0,00,08/11/2024,00,08/11/2024,2,-,-,03,1, , ,03,03,-,03,00,00,-, ,00,08/11/2024,00,08/11/2024,1,9134
01,1024,033,1,090-0,1509404,01,11A232,15,40091,0030,2,1,0,00,31/10/2024,00,31/10/2024,2,-,-,07,1, , ,06,07,-,07,00,00,-, ,00,31/10/2024,00,31/10/2024,1,7458
01,1024,033,1,090-0,1509404,01,11A232,15,40091,0013,1,1,0,00,09/11/2024,00,09/11/2024,2,-,-,02,1, , ,01,02,-,02,00,00,-, ,00,09/11/2024,00,09/11/2024,1,7458
01,1024,033,1,090-0,1509404,01,11A232,15,40091,0046,3,1,0,00,31/10/2024,00,31/10/2024,2,-,-,02,1, , ,01,01,-,02,00,00,-, ,00,31/10/2024,00,31/10/2024,1,7458
01,1024,033,1,090-0,1509404,01,11A232,15,40091,0064,4,1,0,00,31/10/2024,00,31/10/2024,2,-,-,03,1, , ,02,02,-,03,00,00,-, ,00,31/10/2024,00,31/10/2024,1,7458
01,1024,057,1,111-6,1515893,01,11A232,15,40094,0008,3,1,0,00,29/10/2024,00,29/10/2024,2,-,-,02,1, , ,01,01,-,02,00,00,-, ,00,29/10/2024,00,29/10/2024,1,7996
01,1024,057,1,111-6,1515893,01,11A232,15,40094,0078,1,1,0,00,29/10/2024,00,29/10/2024,2,-,-,03,1, , ,01,01,-,03,00,00,-, ,00,29/10/2024,00,29/10/2024,1,7996
01,1024,057,1,111-6,1515893,01,11A232,15,40094,0037,4,1,0,00,29/10/2024,00,29/10/2024,2,-,-,02,1, , ,02,01,-,02,00,00,-, ,00,29/10/2024,00,29/10/2024,1,7996
01,1024,057,1,111-6,1515893,01,11A232,15,40094,0108,2,1,0,00,10/11/2024,00,10/11/2024,2,-,-,04,1, , ,02,01,-,04,00,00,-, ,00,10/11/2024,00,10/11/2024,1,7996
01,1024,057,1,176-0,1516495,01,11A232,15,40095,0053,2,1,0,00,30/10/2024,00,30/10/2024,2,-,-,02,1, , ,02,02,-,02,00,00,-, ,00,30/10/2024,00,30/10/2024,1,7828
01,1024,057,1,176-0,1516495,01,11A232,15,40095,0079,4,1,0,00,13/11/2024,00,13/11/2024,1,-,-,08,2,02,03,02,01,-,03,00,00,-, ,00,13/11/2024,00,13/11/2024,1,7828
01,1024,057,1,176-0,1516495,01,11A232,15,40095,0055,3,1,0,00,09/11/2024,00,09/11/2024,1,-,-,02,2,02,01,01,01,-,01,00,00,-, ,00,09/11/2024,00,09/11/2024,1,7828
01,1024,057,1,176-0,1516495,01,11A232,15,40095,0024,1,1,0,06,09/11/2024,06,09/11/2024,2,-,-, , , , , , ,-, , , ,-, ,06,09/11/2024,06,09/11/2024,1,0
01,1024,058,1,089-7,1518088,01,11A232,15,40098,0039,2,1,0,00,29/10/2024,00,29/10/2024,2,-,-,02,1, , ,01,01,-,02,00,00,-, ,00,29/10/2024,00,29/10/2024,1,8060
01,1024,058,1,089-7,1518088,01,11A232,15,40098,0062,3,1,0,00,15/11/2024,00,15/11/2024,2,-,-,04,1, , ,01,02,-,04,00,00,-, ,00,15/11/2024,00,15/11/2024,1,8060
01,1024,058,1,089-7,1518088,01,11A232,15,40098,0021,1,1,0,00,07/11/2024,00,07/11/2024,2,-,-,02,1, , ,01,01,-,02,00,00,-, ,00,07/11/2024,00,07/11/2024,1,8060
01,1024,058,1,089-7,1518088,01,11A232,15,40098,0081,4,1,0,00,08/11/2024,00,08/11/2024,2,-,-,01, , , ,01,01,-,01,00,00,-, ,00,08/11/2024,00,08/11/2024,1,8060
01,1024,060,1,044-8,1520546,01,11A232,15,40100,0091,4,1,0,00,11/11/2024,00,11/11/2024,1,-,-,12,2,03,02,01,02,-,02,00,00,-, ,00,11/11/2024,00,11/11/2024,1,7832
01,1024,060,1,044-8,1520546,01,11A232,15,40100,0008,1,1,0,00,31/10/2024,00,31/10/2024,2,-,-,05,1, , ,02,02,-,05,00,00,-, ,00,31/10/2024,00,31/10/2024,1,7832
01,1024,060,1,044-8,1520546,01,11A232,15,40100,0064,3,1,0,01,11/11/2024,01,11/11/2024,2,-,-, , , , , , ,-, , , ,-, ,01,11/11/2024,01,11/11/2024,1,0
01,1024,060,1,044-8,1520546,01,11A232,15,40100,0035,2,1,0,00,31/10/2024,00,31/10/2024,2,-,-,03,1, , ,02,01,-,03,00,00,-, ,00,31/10/2024,00,31/10/2024,1,7832
01,1024,109,1,128-A,1531247,01,11A232,15,40104,0154,3,1,0,00,04/11/2024,00,04/11/2024,2,-,-,03,1, , ,01,01,-,03,00,00,-, ,00,04/11/2024,00,04/11/2024,1,9040
01,1024,109,1,128-A,1531247,01,11A232,15,40104,0143,4,1,0,00,04/11/2024,00,04/11/2024,2,-,-,05,1, , ,02,01,-,05,00,00,-, ,00,04/11/2024,00,04/11/2024,1,9040
01,1024,109,1,128-A,1531247,01,11A232,15,40104,0088,1,1,0,00,04/11/2024,00,04/11/2024,2,-,-,04,1, , ,02,01,-,04,00,00,-, ,00,04/11/2024,00,04/11/2024,1,9040
01,1024,109,1,128-A,1531247,01,11A232,15,40104,0031,2,1,0,00,10/11/2024,00,10/11/2024,2,-,-,04,1, , ,01,04,-,04,00,00,-, ,00,10/11/2024,00,10/11/2024,1,9040
01,1024,122,1,046-1,1536037,01,11A232,15,40107,0032,3,1,0,00,11/11/2024,00,11/11/2024,2,-,-,03,1, , ,01,03,-,03,00,00,-, ,00,11/11/2024,00,11/11/2024,1,5988
01,1024,122,1,046-1,1536037,01,11A232,15,40107,0003,2,1,0,00,05/11/2024,00,05/11/2024,2,-,-,03,1, , ,01,02,-,03,00,00,-, ,00,05/11/2024,00,05/11/2024,1,5988
01,1024,122,1,046-1,1536037,01,11A232,15,40107,0090,1,1,0,00,11/11/2024,00,11/11/2024,2,-,-,05,1, , ,01,02,-,05,00,00,-, ,00,11/11/2024,00,11/11/2024,1,5988
01,1024,122,1,046-1,1536037,01,11A232,15,40107,0060,4,1,0,00,05/11/2024,00,05/11/2024,2,-,-,01, , , ,01,01,-,01,00,00,-, ,00,05/11/2024,00,05/11/2024,1,5988
01,1024,029,1,022-1,1537147,01,11A232,15,40108,0039,2,1,0,02,05/11/2024,00,10/11/2024,2,-,-,05,1, , ,02,02,-,05,00,00,-, ,02,05/11/2024,00,10/11/2024,1,7668
01,1024,029,1,022-1,1537147,01,11A232,15,40108,0015,1,1,0,01,05/11/2024,06,14/11/2024,2,-,-, , , , , , ,-, , , ,-, ,01,05/11/2024,06,14/11/2024,1,0
01,1024,029,1,022-1,1537147,01,11A232,15,40108,0065,3,1,0,01,05/11/2024,00,14/11/2024,2,-,-,01, , , ,01,01,-,01,00,00,-, ,01,05/11/2024,00,14/11/2024,1,7668
01,1024,029,1,022-1,1537147,01,11A232,15,40108,0088,4,1,0,01,05/11/2024,00,10/11/2024,2,-,-,02,1, , ,01,01,-,02,00,00,-, ,01,05/11/2024,00,10/11/2024,1,7668
01,1024,081,1,033-A,1523727,01,11A232,15,40111,0046,2,1,0,00,31/10/2024,00,31/10/2024,2,-,-,04,1, , ,02,03,-,04,00,00,-, ,00,31/10/2024,00,31/10/2024,1,8124
01,1024,081,1,033-A,1523727,01,11A232,15,40111,0137,3,1,0,00,13/11/2024,00,13/11/2024,1,-,-,05,2,02,02,01,01,-,02,00,00,-, ,00,13/11/2024,00,13/11/2024,1,8124
01,1024,081,1,033-A,1523727,01,11A232,15,40111,0009,1,1,0,03,13/11/2024,03,13/11/2024,2,-,-, , , , , , ,-, , , ,-, ,03,13/11/2024,03,13/11/2024,1,0
01,1024,081,1,033-A,1523727,01,11A232,15,40111,0075,4,1,0,00,31/10/2024,00,31/10/2024,2,-,-,03,1, , ,02,02,-,03,00,00,-, ,00,31/10/2024,00,31/10/2024,1,8124
01,1024,108,1,023-1,1530997,01,11A232,15,40113,0031,2,1,0,00,07/11/2024,00,07/11/2024,2,-,-,01, , , ,01,01,-,01,00,00,-, ,00,07/11/2024,00,07/11/2024,1,8859
01,1024,108,1,023-1,1530997,01,11A232,15,40113,0089,4,1,0,00,09/11/2024,00,09/11/2024,2,-,-,02,1, , ,01,02,-,02,00,00,-, ,00,09/11/2024,00,09/11/2024,1,8859
01,1024,108,1,023-1,1530997,01,11A232,15,40113,0004,1,1,0,00,07/11/2024,00,07/11/2024,2,-,-,04,1, , ,02,02,-,04,00,00,-, ,00,07/11/2024,00,07/11/2024,1,8859
01,1024,108,1,023-1,1530997,01,11A232,15,40113,0062,3,1,0,01,09/11/2024,01,09/11/2024,2,-,-, , , , , , ,-, , , ,-, ,01,09/11/2024,01,09/11/2024,1,0
01,1024,099,1,171-8,1526493,01,11A232,15,40117,0027,1,1,0,00,13/11/2024,00,13/11/2024,2,-,-,02,1, , ,01,01,-,02,00,00,-, ,00,13/11/2024,00,13/11/2024,1,7897
01,1024,099,1,171-8,1526493,01,11A232,15,40117,0057,2,1,0,00,04/11/2024,00,04/11/2024,2,-,-,02,1, , ,01,01,-,02,00,00,-, ,00,04/11/2024,00,04/11/2024,1,7897
01,1024,099,1,171-8,1526493,01,11A232,15,40117,0088,3,1,0,00,10/11/2024,00,10/11/2024,2,-,-,07,1, , ,01,05,-,07,00,00,-, ,00,10/11/2024,00,10/11/2024,1,7897
01,1024,099,1,171-8,1526493,01,11A232,15,40117,0117,4,1,0,00,04/11/2024,00,04/11/2024,2,-,-,05,1, , ,02,03,-,05,00,00,-, ,00,04/11/2024,00,04/11/2024,1,7897
01,1024,013,1,146-5,1501781,01,12A232,15,40120,0068,4,1,0,00,13/11/2024,00,13/11/2024,2,-,-,05,1, , ,03,02,-,05,00,00,-, ,00,13/11/2024,00,13/11/2024,1,6636
01,1024,013,1,146-5,1501781,01,12A232,15,40120,0088,2,1,0,00,06/11/2024,00,06/11/2024,2,-,-,01, , , ,01,01,-,01,00,00,-, ,00,06/11/2024,00,06/11/2024,1,6636
01,1024,013,1,146-5,1501781,01,12A232,15,40120,0006,1,1,0,00,05/11/2024,00,05/11/2024,2,-,-,04,1, , ,02,01,-,04,00,00,-, ,00,05/11/2024,00,05/11/2024,1,6636
01,1024,013,1,146-5,1501781,01,12A232,15,40120,0044,3,1,0,00,08/11/2024,00,08/11/2024,2,-,-,04,1, , ,01,01,-,04,00,00,-, ,00,08/11/2024,00,08/11/2024,1,6636
01,1024,020,1,047-6,1503386,01,12A232,15,40121,0041,3,1,0,00,01/11/2024,00,01/11/2024,2,-,-,05,1, , ,02,02,-,05,00,00,-, ,00,01/11/2024,00,01/11/2024,1,9507
01,1024,020,1,047-6,1503386,01,12A232,15,40121,0090,4,1,0,00,01/11/2024,00,01/11/2024,2,-,-,06,1, , ,01,01,-,06,00,00,-, ,00,01/11/2024,00,01/11/2024,1,9507
01,1024,020,1,047-6,1503386,01,12A232,15,40121,0135,2,1,0,01,14/11/2024,01,14/11/2024,2,-,-, , , , , , ,-, , , ,-, ,01,14/11/2024,01,14/11/2024,1,0
01,1024,020,1,047-6,1503386,01,12A232,15,40121,0171,1,1,0,00,14/11/2024,00,14/11/2024,2,-,-,01, , , ,01,01,-,01,00,00,-, ,00,14/11/2024,00,14/11/2024,1,9507
01,1024,029,1,026-A,1505329,01,12A232,15,40124,0021,1,1,0,01,05/11/2024,00,10/11/2024,2,-,-,03,1, , ,01,03,-,03,00,00,-, ,01,05/11/2024,00,10/11/2024,1,8388
01,1024,029,1,026-A,1505329,01,12A232,15,40124,0049,2,1,0,01,05/11/2024,00,10/11/2024,2,-,-,04,1, , ,01,01,-,04,00,00,-, ,01,05/11/2024,00,10/11/2024,1,8388
01,1024,029,1,026-A,1505329,01,12A232,15,40124,0080,3,1,0,01,05/11/2024,00,10/11/2024,2,-,-,04,1, , ,02,02,-,04,00,00,-, ,01,05/11/2024,00,10/11/2024,1,8388
01,1024,029,1,026-A,1505329,01,12A232,15,40124,0113,4,1,0,01,05/11/2024,00,10/11/2024,2,-,-,04,1, , ,04,03,-,04,00,00,-, ,01,05/11/2024,00,10/11/2024,1,8388
01,1024,033,1,186-2,1509018,01,12A232,15,40126,0041,3,1,0,00,01/11/2024,00,01/11/2024,2,-,-,01, , , ,01,01,-,01,00,00,-, ,00,01/11/2024,00,01/11/2024,1,9050
01,1024,033,1,186-2,1509018,01,12A232,15,40126,0017,2,1,0,03,13/11/2024,03,13/11/2024,2,-,-, , , , , , ,-, , , ,-, ,03,13/11/2024,03,13/11/2024,1,0
01,1024,033,1,186-2,1509018,01,12A232,15,40126,0087,1,1,0,00,13/11/2024,00,13/11/2024,2,-,-,03,1, , ,03,03,-,03,00,00,-, ,00,13/11/2024,00,13/11/2024,1,9050
01,1024,033,1,186-2,1509018,01,12A232,15,40126,0100,4,1,0,03,01/11/2024,00,19/11/2024,2,-,-,01, , , ,01,01,-,01,00,00,-, ,03,01/11/2024,00,19/11/2024,1,9050
01,1024,058,1,059-6,1519858,01,12A232,15,40130,0019,2,1,0,00,29/10/2024,00,29/10/2024,2,-,-,04,1, , ,01,01,-,04,00,00,-, ,00,29/10/2024,00,29/10/2024,1,5383
01,1024,058,1,059-6,1519858,01,12A232,15,40130,0004,1,1,0,00,10/11/2024,00,10/11/2024,2,-,-,02,1, , ,01,02,-,02,00,00,-, ,00,10/11/2024,00,10/11/2024,1,5383
01,1024,058,1,059-6,1519858,01,12A232,15,40130,0037,3,1,0,03,07/11/2024,03,07/11/2024,2,-,-, , , , , , ,-, , , ,-, ,03,07/11/2024,03,07/11/2024,1,0
01,1024,058,1,059-6,1519858,01,12A232,15,40130,0051,4,1,0,00,07/11/2024,00,07/11/2024,2,-,-,05,1, , ,04,01,-,05,00,00,-, ,00,07/11/2024,00,07/11/2024,1,5383
01,1024,109,1,160-8,1531673,01,12A232,15,40133,0021,1,1,0,00,07/11/2024,00,07/11/2024,2,-,-,03,1, , ,01,02,-,03,00,00,-, ,00,07/11/2024,00,07/11/2024,1,7947
01,1024,109,1,160-8,1531673,01,12A232,15,40133,0105,3,1,0,00,07/11/2024,00,07/11/2024,2,-,-,04,1, , ,02,02,-,04,00,00,-, ,00,07/11/2024,00,07/11/2024,1,7947
01,1024,109,1,160-8,1531673,01,12A232,15,40133,0063,2,1,0,00,10/11/2024,00,10/11/2024,2,-,-,04,1, , ,02,01,-,04,00,00,-, ,00,10/11/2024,00,10/11/2024,1,7947
01,1024,109,1,160-8,1531673,01,12A232,15,40133,0151,4,1,0,00,15/11/2024,00,15/11/2024,2,-,-,01, , , ,01,01,-,01,00,00,-, ,00,15/11/2024,00,15/11/2024,1,7947
01,1024,121,1,133-5,1534584,01,12A232,15,40134,0056,3,1,0,00,08/11/2024,00,08/11/2024,2,-,-,04,1, , ,03,01,-,04,00,00,-, ,00,08/11/2024,00,08/11/2024,1,8296
01,1024,121,1,133-5,1534584,01,12A232,15,40134,0078,4,1,0,00,31/10/2024,00,31/10/2024,2,-,-,07,1, , ,04,04,-,07,00,00,-, ,00,31/10/2024,00,31/10/2024,1,8296
01,1024,121,1,133-5,1534584,01,12A232,15,40134,0030,2,1,0,00,08/11/2024,00,08/11/2024,2,-,-,03,1, , ,01,01,-,03,00,00,-, ,00,08/11/2024,00,08/11/2024,1,8296
01,1024,121,1,133-5,1534584,01,12A232,15,40134,0009,1,1,0,00,08/11/2024,00,08/11/2024,2,-,-,04,1, , ,01,03,-,04,00,00,-, ,00,08/11/2024,00,08/11/2024,1,8296
01,1024,081,1,127-2,1537941,01,12A232,15,40137,0091,4,1,0,00,30/10/2024,00,30/10/2024,2,-,-,02,1, , ,01,01,-,02,00,00,-, ,00,30/10/2024,00,30/10/2024,1,6104
01,1024,081,1,127-2,1537941,01,12A232,15,40137,0047,2,1,0,00,30/10/2024,00,30/10/2024,2,-,-,03,1, , ,02,02,-,03,00,00,-, ,00,30/10/2024,00,30/10/2024,1,6104
01,1024,081,1,127-2,1537941,01,12A232,15,40137,0011,1,1,0,00,30/10/2024,00,30/10/2024,2,-,-,05,1, , ,02,02,-,05,00,00,-, ,00,30/10/2024,00,30/10/2024,1,6104
01,1024,081,1,127-2,1537941,01,12A232,15,40137,0069,3,1,0,00,14/11/2024,00,14/11/2024,2,-,-,06,1, , ,02,01,-,06,00,00,-, ,00,14/11/2024,00,14/11/2024,1,6104
01,1024,109,1,110-A,1532259,01,12A232,15,40139,0149,4,1,0,00,14/11/2024,00,14/11/2024,2,-,-,05,1, , ,04,02,-,05,00,00,-, ,00,14/11/2024,00,14/11/2024,1,7798
01,1024,109,1,110-A,1532259,01,12A232,15,40139,0101,1,1,0,00,01/11/2024,00,01/11/2024,2,-,-,03,1, , ,03,03,-,03,00,00,-, ,00,01/11/2024,00,01/11/2024,1,7798
01,1024,109,1,110-A,1532259,01,12A232,15,40139,0060,3,1,0,00,12/11/2024,00,12/11/2024,2,-,-,03,1, , ,01,01,-,03,00,00,-, ,00,12/11/2024,00,12/11/2024,1,7798
01,1024,109,1,110-A,1532259,01,12A232,15,40139,0019,2,1,0,00,01/11/2024,00,01/11/2024,2,-,-,02,1, , ,01,01,-,02,00,00,-, ,00,01/11/2024,00,01/11/2024,1,7798
01,1024,013,1,043-3,1501944,01,13A232,15,40143,0008,1,1,0,00,06/11/2024,00,06/11/2024,2,-,-,06,1, , ,01,02,-,06,00,00,-, ,16,06/11/2024,16,06/11/2024,1,0
01,1024,013,1,043-3,1501944,01,13A232,15,40143,0074,4,1,0,05,09/11/2024,05,09/11/2024,2,-,-, , , , , , ,-, , , ,-, ,05,09/11/2024,05,09/11/2024,1,0
01,1024,013,1,043-3,1501944,01,13A232,15,40143,0050,3,1,0,05,14/11/2024,05,14/11/2024,2,-,-, , , , , , ,-, , , ,-, ,05,14/11/2024,05,14/11/2024,1,0
01,1024,013,1,043-3,1501944,01,13A232,15,40143,0027,2,1,0,05,14/11/2024,05,14/11/2024,2,-,-, , , , , , ,-, , , ,-, ,05,14/11/2024,05,14/11/2024,1,0
01,1024,039,1,075-A,1512420,01,13A232,15,40146,0094,2,1,0,00,11/11/2024,00,11/11/2024,2,-,-,03,1, , ,02,02,-,03,00,00,-, ,00,11/11/2024,00,11/11/2024,1,10970
01,1024,039,1,075-A,1512420,01,13A232,15,40146,0047,1,1,0,00,05/11/2024,00,05/11/2024,2,-,-,06,1, , ,03,02,-,06,00,00,-, ,00,05/11/2024,00,05/11/2024,1,10970
01,1024,039,1,075-A,1512420,01,13A232,15,40146,0147,3,1,0,00,14/11/2024,00,14/11/2024,2,-,-,02,1, , ,02,02,-,02,00,00,-, ,00,14/11/2024,00,14/11/2024,1,10970
01,1024,039,1,075-A,1512420,01,13A232,15,40146,0193,4,1,0,00,05/11/2024,00,05/11/2024,2,-,-,03,1, , ,01,01,-,03,00,00,-, ,00,05/11/2024,00,05/11/2024,1,10970
01,1024,057,1,200-6,1517186,01,13A232,15,40147,0015,1,1,0,00,14/11/2024,00,14/11/2024,2,-,-,01, , , ,01,01,-,01,00,00,-, ,00,14/11/2024,00,14/11/2024,1,9618
01,1024,057,1,200-6,1517186,01,13A232,15,40147,0061,3,1,0,00,06/11/2024,00,06/11/2024,2,-,-,01, , , ,01,01,-,01,00,00,-, ,00,06/11/2024,00,06/11/2024,1,9618
01,1024,057,1,200-6,1517186,01,13A232,15,40147,0090,4,1,0,00,07/11/2024,00,07/11/2024,2,-,-,02,1, , ,01,01,-,02,00,00,-, ,00,07/11/2024,00,07/11/2024,1,9618
01,1024,057,1,200-6,1517186,01,13A232,15,40147,0034,2,1,0,00,06/11/2024,00,06/11/2024,2,-,-,03,1, , ,01,01,-,03,00,00,-, ,00,06/11/2024,00,06/11/2024,1,9618
01,1024,121,1,188-6,1535465,01,13A232,15,40150,0087,1,1,0,01,14/11/2024,00,19/11/2024,2,-,-,01, , , ,01,01,-,01,00,00,-, ,01,14/11/2024,00,19/11/2024,1,9428
01,1024,121,1,188-6,1535465,01,13A232,15,40150,0014,4,1,0,02,05/11/2024,02,05/11/2024,2,-,-, , , , , , ,-, , , ,-, ,02,05/11/2024,02,05/11/2024,1,0
01,1024,121,1,188-6,1535465,01,13A232,15,40150,0046,2,1,0,00,05/11/2024,00,05/11/2024,2,-,-,02,1, , ,01,02,-,02,00,00,-, ,00,05/11/2024,00,05/11/2024,1,9428
01,1024,121,1,188-6,1535465,01,13A232,15,40150,0029,3,1,0,00,07/11/2024,00,07/11/2024,2,-,-,04,1, , ,02,03,-,04,00,00,-, ,00,07/11/2024,00,07/11/2024,1,9428
01,1024,109,1,151-9,1531489,01,13A232,15,40152,0008,1,1,0,00,08/11/2024,00,08/11/2024,2,-,-,04,1, , ,02,02,-,04,00,00,-, ,00,08/11/2024,00,08/11/2024,1,11267
01,1024,109,1,151-9,1531489,01,13A232,15,40152,0140,4,1,0,01,15/11/2024,01,15/11/2024,2,-,-, , , , , , ,-, , , ,-, ,01,15/11/2024,01,15/11/2024,1,0
01,1024,109,1,151-9,1531489,01,13A232,15,40152,0094,3,1,0,03,15/11/2024,03,15/11/2024,2,-,-, , , , , , ,-, , , ,-, ,03,15/11/2024,03,15/11/2024,1,0
01,1024,109,1,151-9,1531489,01,13A232,15,40152,0053,2,1,0,00,07/11/2024,00,07/11/2024,2,-,-,02,1, , ,01,01,-,02,00,00,-, ,00,07/11/2024,00,07/11/2024,1,11267
16,1024,106,1,033-0,1530538,16,12A232,15,41232,0118,4,1,0,00,14/11/2024,00,14/11/2024,2,-,-,05,1, , ,05,01,-,05,00,00,-, ,00,14/11/2024,00,14/11/2024,1,6528
16,1024,106,1,033-0,1530538,16,12A232,15,41232,0058,2,1,0,01,13/11/2024,01,13/11/2024,2,-,-, , , , , , ,-, , , ,-, ,01,13/11/2024,01,13/11/2024,1,0
16,1024,106,1,033-0,1530538,16,12A232,15,41232,0091,3,1,0,00,10/11/2024,00,10/11/2024,2,-,-,02,1, , ,01,01,-,02,00,00,-, ,00,10/11/2024,00,10/11/2024,1,6528
16,1024,106,1,033-0,1530538,16,12A232,15,41232,0026,1,1,0,00,11/11/2024,00,11/11/2024,2,-,-,02,1, , ,01,01,-,02,00,00,-, ,00,11/11/2024,00,11/11/2024,1,6528
16,1024,005,1,037-6,1500880,16,12A232,15,41234,0051,1,1,0,00,06/11/2024,00,06/11/2024,2,-,-,09,1, , ,05,01,-,09,00,00,-, ,00,06/11/2024,00,06/11/2024,1,6584
16,1024,005,1,037-6,1500880,16,12A232,15,41234,0066,2,1,0,00,06/11/2024,00,06/11/2024,2,-,-,01, , , ,01,01,-,01,00,00,-, ,00,06/11/2024,00,06/11/2024,1,6584
16,1024,005,1,037-6,1500880,16,12A232,15,41234,0124,4,1,0,00,06/11/2024,00,06/11/2024,2,-,-,04,1, , ,02,01,-,04,00,00,-, ,00,06/11/2024,00,06/11/2024,1,6584
16,1024,005,1,037-6,1500880,16,12A232,15,41234,0086,3,1,0,00,29/10/2024,00,29/10/2024,2,-,-,02,1, , ,01,01,-,02,00,00,-, ,00,29/10/2024,00,29/10/2024,1,6584
16,1024,054,1,123-7,1515241,16,12A232,15,41238,0060,1,1,0,00,05/11/2024,00,05/11/2024,2,-,-,04,1, , ,01,02,-,04,00,00,-, ,00,05/11/2024,00,05/11/2024,1,7646
16,1024,054,1,123-7,1515241,16,12A232,15,41238,0135,3,1,0,00,05/11/2024,00,05/11/2024,2,-,-,05,1, , ,01,01,-,05,00,00,-, ,00,05/11/2024,00,05/11/2024,1,7646
16,1024,054,1,123-7,1515241,16,12A232,15,41238,0105,2,1,0,00,13/11/2024,00,13/11/2024,2,-,-,03,1, , ,02,03,-,03,00,00,-, ,14,13/11/2024,14,13/11/2024,1,0
16,1024,054,1,123-7,1515241,16,12A232,15,41238,0165,4,1,0,00,05/11/2024,00,05/11/2024,2,-,-,07,1, , ,02,01,-,07,00,00,-, ,00,05/11/2024,00,05/11/2024,1,7646
16,1024,005,1,048-4,1536736,16,12A232,15,41242,0203,3,1,0,06,12/11/2024,06,12/11/2024,2,-,-, , , , , , ,-, , , ,-, ,06,12/11/2024,06,12/11/2024,1,0
16,1024,005,1,048-4,1536736,16,12A232,15,41242,0107,1,1,0,00,05/11/2024,00,05/11/2024,2,-,-,04,1, , ,02,03,-,04,00,00,-, ,00,05/11/2024,00,05/11/2024,1,11091
16,1024,005,1,048-4,1536736,16,12A232,15,41242,0154,2,1,0,00,10/11/2024,00,10/11/2024,2,-,-,03,1, , ,02,02,-,03,00,00,-, ,00,10/11/2024,00,10/11/2024,1,11091
16,1024,005,1,048-4,1536736,16,12A232,15,41242,0027,4,1,0,00,10/11/2024,00,10/11/2024,2,-,-,02,1, , ,01,01,-,02,00,00,-, ,00,10/11/2024,00,10/11/2024,1,11091
16,1024,106,1,024-1,1529226,16,12A232,15,41247,0118,1,1,0,00,09/11/2024,00,09/11/2024,2,-,-,01, , , ,01,01,-,01,00,00,-, ,00,09/11/2024,00,09/11/2024,1,10231
16,1024,106,1,024-1,1529226,16,12A232,15,41247,0027,3,1,0,00,09/11/2024,00,09/11/2024,2,-,-,04,1, , ,02,03,-,04,00,00,-, ,00,09/11/2024,00,09/11/2024,1,10231
16,1024,106,1,024-1,1529226,16,12A232,15,41247,0158,2,1,0,00,09/11/2024,00,09/11/2024,2,-,-,08,1, , ,01,08,-,08,00,00,-, ,00,09/11/2024,00,09/11/2024,1,10231
16,1024,106,1,024-1,1529226,16,12A232,15,41247,0070,4,1,0,00,30/10/2024,00,30/10/2024,2,-,-,03,1, , ,01,01,-,03,00,00,-, ,00,30/10/2024,00,30/10/2024,1,10231
16,1024,106,1,034-5,1530717,16,13A232,15,41255,0010,4,1,0,00,14/11/2024,00,14/11/2024,2,-,-,05,1, , ,01,02,-,05,00,00,-, ,14,14/11/2024,14,14/11/2024,1,0
16,1024,106,1,034-5,1530717,16,13A232,15,41255,0021,3,1,0,00,13/11/2024,00,13/11/2024,2,-,-,02,1, , ,02,01,-,02,00,00,-, ,00,13/11/2024,00,13/11/2024,1,8386
16,1024,106,1,034-5,1530717,16,13A232,15,41255,0114,2,1,0,00,31/10/2024,00,31/10/2024,2,-,-,01, , , ,01,01,-,01,00,00,-, ,00,31/10/2024,00,31/10/2024,1,8386
16,1024,106,1,034-5,1530717,16,13A232,15,41255,0071,1,1,0,00,31/10/2024,00,31/10/2024,2,-,-,04,1, , ,03,03,-,04,00,00,-, ,00,31/10/2024,00,31/10/2024,1,8386
16,1024,106,1,448-A,1530341,16,13A232,15,41258,0075,2,1,0,05,14/11/2024,05,14/11/2024,2,-,-, , , , , , ,-, , , ,-, ,05,14/11/2024,05,14/11/2024,1,0
16,1024,106,1,448-A,1530341,16,13A232,15,41258,0031,1,1,0,00,06/11/2024,00,06/11/2024,2,-,-,02,1, , ,01,02,-,02,00,00,-, ,00,06/11/2024,00,06/11/2024,1,9527
16,1024,106,1,448-A,1530341,16,13A232,15,41258,0159,3,1,0,05,14/11/2024,05,14/11/2024,2,-,-, , , , , , ,-, , , ,-, ,05,14/11/2024,05,14/11/2024,1,0
16,1024,106,1,448-A,1530341,16,13A232,15,41258,0182,4,1,0,00,11/11/2024,00,11/11/2024,2,-,-,04,1, , ,01,03,-,04,00,00,-, ,00,11/11/2024,00,11/11/2024,1,9527
16,1024,054,1,105-9,1515368,16,13A232,15,41260,0053,3,1,0,00,07/11/2024,00,07/11/2024,2,-,-,01, , , ,01,01,-,01,00,00,-, ,00,07/11/2024,00,07/11/2024,1,6576
16,1024,054,1,105-9,1515368,16,13A232,15,41260,0002,4,1,0,00,01/11/2024,00,01/11/2024,2,-,-,01, , , ,01,01,-,01,00,00,-, ,00,01/11/2024,00,01/11/2024,1,6576
16,1024,054,1,105-9,1515368,16,13A232,15,41260,0096,2,1,0,00,01/11/2024,00,01/11/2024,2,-,-,05,1, , ,02,03,-,05,00,00,-, ,00,01/11/2024,00,01/11/2024,1,6576
16,1024,054,1,105-9,1515368,16,13A232,15,41260,0045,1,1,0,00,07/11/2024,00,07/11/2024,2,-,-,01, , , ,01,01,-,01,00,00,-, ,00,07/11/2024,00,07/11/2024,1,6576
16,1024,076,1,032-5,1523049,16,11A232,15,41323,0106,3,1,0,00,04/11/2024,00,04/11/2024,2,-,-,09,1, , ,02,02,-,09,00,00,-, ,00,04/11/2024,00,04/11/2024,1,8931
16,1024,076,1,032-5,1523049,16,11A232,15,41323,0040,1,1,0,00,04/11/2024,00,04/11/2024,2,-,-,04,1, , ,01,02,-,04,00,00,-, ,00,04/11/2024,00,04/11/2024,1,8931
16,1024,076,1,032-5,1523049,16,11A232,15,41323,0014,4,1,0,00,31/10/2024,00,31/10/2024,2,-,-,01, , , ,01,01,-,01,00,00,-, ,00,31/10/2024,00,31/10/2024,1,8931
16,1024,076,1,032-5,1523049,16,11A232,15,41323,0072,2,1,0,00,09/11/2024,00,09/11/2024,2,-,-,04,1, , ,01,04,-,04,00,00,-, ,00,09/11/2024,00,09/11/2024,1,8931
16,1024,106,1,177-1,1530481,16,11A232,15,41331,0076,2,1,0,00,01/11/2024,00,01/11/2024,2,-,-,06,1, , ,01,03,-,06,00,00,-, ,00,01/11/2024,00,01/11/2024,1,7531
16,1024,106,1,177-1,1530481,16,11A232,15,41331,0123,4,1,0,00,01/11/2024,00,01/11/2024,2,-,-,02,1, , ,02,02,-,02,00,00,-, ,00,01/11/2024,00,01/11/2024,1,7531
16,1024,106,1,177-1,1530481,16,11A232,15,41331,0041,1,1,0,00,01/11/2024,00,01/11/2024,2,-,-,02,1, , ,02,01,-,02,00,00,-, ,00,01/11/2024,00,01/11/2024,1,7531
16,1024,106,1,177-1,1530481,16,11A232,15,41331,0109,3,1,0,00,01/11/2024,00,01/11/2024,2,-,-,01, , , ,01,01,-,01,00,00,-, ,00,01/11/2024,00,01/11/2024,1,7531
16,1024,054,1,003-1,1515412,16,11A232,15,41334,0113,2,1,0,00,08/11/2024,00,08/11/2024,2,-,-,02,1, , ,02,01,-,02,00,00,-, ,00,08/11/2024,00,08/11/2024,1,8508
16,1024,054,1,003-1,1515412,16,11A232,15,41334,0082,1,1,0,00,30/10/2024,00,30/10/2024,2,-,-,01, , , ,01,01,-,01,00,00,-, ,00,30/10/2024,00,30/10/2024,1,8508
16,1024,054,1,003-1,1515412,16,11A232,15,41334,0038,4,1,0,00,08/11/2024,00,08/11/2024,2,-,-,03,1, , ,01,01,-,03,00,00,-, ,00,08/11/2024,00,08/11/2024,1,8508
16,1024,054,1,003-1,1515412,16,11A232,15,41334,0077,3,1,0,00,08/11/2024,00,08/11/2024,2,-,-,05,1, , ,02,01,-,05,00,00,-, ,00,08/11/2024,00,08/11/2024,1,8508
16,1024,106,1,118-4,1530002,16,11A232,15,41344,0064,1,1,0,00,31/10/2024,00,31/10/2024,2,-,-,02,1, , ,01,01,-,02,00,00,-, ,00,31/10/2024,00,31/10/2024,1,6581
16,1024,106,1,118-4,1530002,16,11A232,15,41344,0082,3,1,0,00,04/11/2024,00,04/11/2024,2,-,-,02,1, , ,01,01,-,02,00,00,-, ,00,04/11/2024,00,04/11/2024,1,6581
16,1024,106,1,118-4,1530002,16,11A232,15,41344,0022,4,1,0,00,04/11/2024,00,04/11/2024,2,-,-,03,1, , ,02,01,-,03,00,00,-, ,00,04/11/2024,00,04/11/2024,1,6581
16,1024,106,1,118-4,1530002,16,11A232,15,41344,0126,2,1,0,00,31/10/2024,00,31/10/2024,2,-,-,03,1, , ,01,03,-,03,00,00,-, ,00,31/10/2024,00,31/10/2024,1,6581
15,1024,053,1,225-1,1603997,15,11A232,16,40093,0115,4,1,0,00,12/11/2024,00,12/11/2024,2,-,-,03,1, , ,03,02,-,03,00,00,-, ,00,12/11/2024,00,12/11/2024,1,9020
15,1024,053,1,225-1,1603997,15,11A232,16,40093,0081,3,1,0,00,12/11/2024,00,12/11/2024,2,-,-,03,1, , ,01,02,-,03,00,00,-, ,14,12/11/2024,14,12/11/2024,1,0
15,1024,053,1,225-1,1603997,15,11A232,16,40093,0046,2,1,0,00,04/11/2024,00,04/11/2024,1,-,-,09,2,02,02,02,02,-,02,00,00,-, ,00,04/11/2024,00,04/11/2024,1,9020
15,1024,053,1,225-1,1603997,15,11A232,16,40093,0013,1,1,0,00,04/11/2024,00,04/11/2024,2,-,-,08,1, , ,01,02,-,08,00,00,-, ,00,04/11/2024,00,04/11/2024,1,9020
15,1024,053,1,530-7,1604146,15,11A232,16,40097,0003,1,1,0,00,05/11/2024,00,05/11/2024,2,-,-,05,1, , ,02,02,-,05,00,00,-, ,00,05/11/2024,00,05/11/2024,1,7882
15,1024,053,1,530-7,1604146,15,11A232,16,40097,0147,4,1,0,00,01/11/2024,00,01/11/2024,2,-,-,03,1, , ,01,02,-,03,00,00,-, ,00,01/11/2024,00,01/11/2024,1,7882
15,1024,053,1,530-7,1604146,15,11A232,16,40097,0106,3,1,0,06,01/11/2024,06,01/11/2024,2,-,-, , , , , , ,-, , , ,-, ,06,01/11/2024,06,01/11/2024,1,0
15,1024,053,1,530-7,1604146,15,11A232,16,40097,0046,2,1,0,00,05/11/2024,00,05/11/2024,1,-,-,04,2,02,03,02,02,-,03,00,00,-, ,00,05/11/2024,00,05/11/2024,1,7882
15,1024,053,1,121-5,1604326,15,11A232,16,40100,0015,1,1,0,00,04/11/2024,00,04/11/2024,2,-,-,04,1, , ,01,01,-,04,00,00,-, ,00,04/11/2024,00,04/11/2024,1,7510
15,1024,053,1,121-5,1604326,15,11A232,16,40100,0111,4,1,0,07,06/11/2024,07,06/11/2024,2,-,-, , , , , , ,-, , , ,-, ,07,06/11/2024,07,06/11/2024,1,0
15,1024,053,1,121-5,1604326,15,11A232,16,40100,0071,2,1,0,00,04/11/2024,00,04/11/2024,2,-,-,05,1, , ,03,03,-,05,00,00,-, ,00,04/11/2024,00,04/11/2024,1,7510
15,1024,053,1,121-5,1604326,15,11A232,16,40100,0103,3,1,0,00,06/11/2024,00,06/11/2024,2,-,-,04,1, , ,02,01,-,04,00,00,-, ,00,06/11/2024,00,06/11/2024,1,7510
15,1024,053,1,101-8,1603653,15,12A232,16,40113,0095,2,1,0,00,11/11/2024,00,11/11/2024,2,-,-,06,1, , ,01,05,-,06,00,00,-, ,00,11/11/2024,00,11/11/2024,1,7460
15,1024,053,1,101-8,1603653,15,12A232,16,40113,0035,3,1,0,00,30/10/2024,00,30/10/2024,2,-,-,02,1, , ,01,01,-,02,00,00,-, ,00,30/10/2024,00,30/10/2024,1,7460
15,1024,053,1,101-8,1603653,15,12A232,16,40113,0127,4,1,0,00,06/11/2024,00,06/11/2024,2,-,-,03,1, , ,03,02,-,03,00,00,-, ,00,06/11/2024,00,06/11/2024,1,7460
15,1024,053,1,101-8,1603653,15,12A232,16,40113,0059,1,1,0,00,30/10/2024,00,30/10/2024,2,-,-,01, , , ,01,01,-,01,00,00,-, ,00,30/10/2024,00,30/10/2024,1,7460
15,1024,053,1,215-8,1603868,15,12A232,16,40115,0060,2,1,0,00,07/11/2024,00,07/11/2024,2,-,-,01, , , ,01,01,-,01,00,00,-, ,00,07/11/2024,00,07/11/2024,1,8615
15,1024,053,1,215-8,1603868,15,12A232,16,40115,0132,4,1,0,00,04/11/2024,00,04/11/2024,2,-,-,05,1, , ,02,01,-,05,00,00,-, ,00,04/11/2024,00,04/11/2024,1,8615
15,1024,053,1,215-8,1603868,15,12A232,16,40115,0026,1,1,0,00,12/11/2024,00,12/11/2024,2,-,-,03,1, , ,01,02,-,03,00,00,-, ,15,12/11/2024,15,12/11/2024,1,0
15,1024,053,1,215-8,1603868,15,12A232,16,40115,0090,3,1,0,01,12/11/2024,06,19/11/2024,2,-,-, , , , , , ,-, , , ,-, ,01,12/11/2024,06,19/11/2024,1,0
15,1024,053,1,181-7,1604257,15,12A232,16,40375,0113,4,1,0,00,30/10/2024,00,30/10/2024,2,-,-,04,1, , ,01,01,-,04,00,00,-, ,00,30/10/2024,00,30/10/2024,1,6700
15,1024,053,1,181-7,1604257,15,12A232,16,40375,0101,3,1,0,00,29/10/2024,00,29/10/2024,2,-,-,03,1, , ,01,01,-,03,00,00,-, ,00,29/10/2024,00,29/10/2024,1,6700
15,1024,053,1,181-7,1604257,15,12A232,16,40375,0025,1,1,0,00,05/11/2024,00,05/11/2024,2,-,-,02,1, , ,02,01,-,02,00,00,-, ,14,05/11/2024,14,05/11/2024,1,0
15,1024,053,1,181-7,1604257,15,12A232,16,40375,0029,2,1,0,00,29/10/2024,00,29/10/2024,2,-,-,01, , , ,01,01,-,01,00,00,-, ,00,29/10/2024,00,29/10/2024,1,6700
15,1024,053,1,070-0,1604301,15,12A232,16,40376,0116,3,1,0,00,29/10/2024,00,29/10/2024,2,-,-,06,1, , ,02,01,-,06,00,00,-, ,00,29/10/2024,00,29/10/2024,1,8647
15,1024,053,1,070-0,1604301,15,12A232,16,40376,0081,2,1,0,00,31/10/2024,00,31/10/2024,2,-,-,05,1, , ,02,01,-,05,00,00,-, ,00,31/10/2024,00,31/10/2024,1,8647
15,1024,053,1,070-0,1604301,15,12A232,16,40376,0036,4,1,0,00,30/10/2024,00,30/10/2024,2,-,-,06,1, , ,06,01,-,06,00,00,-, ,00,30/10/2024,00,30/10/2024,1,8647
15,1024,053,1,070-0,1604301,15,12A232,16,40376,0148,1,1,0,00,29/10/2024,00,29/10/2024,2,-,-,02,1, , ,02,01,-,02,00,00,-, ,00,29/10/2024,00,29/10/2024,1,8647
15,1024,053,1,251-4,1604649,15,12A232,16,40379,0113,4,1,0,00,07/11/2024,00,07/11/2024,2,-,-,01, , , ,01,01,-,01,00,00,-, ,00,07/11/2024,00,07/11/2024,1,8221
15,1024,053,1,251-4,1604649,15,12A232,16,40379,0081,3,1,0,00,11/11/2024,00,11/11/2024,2,-,-,03,1, , ,02,02,-,03,00,00,-, ,00,11/11/2024,00,11/11/2024,1,8221
15,1024,053,1,251-4,1604649,15,12A232,16,40379,0018,1,1,0,00,31/10/2024,00,31/10/2024,2,-,-,02,1, , ,01,01,-,02,00,00,-, ,00,31/10/2024,00,31/10/2024,1,8221
15,1024,053,1,251-4,1604649,15,12A232,16,40379,0051,2,1,0,00,31/10/2024,00,31/10/2024,2,-,-,03,1, , ,03,01,-,03,00,00,-, ,00,31/10/2024,00,31/10/2024,1,8221
15,1024,053,1,096-5,1604460,15,13A232,16,40411,0072,3,1,0,00,04/11/2024,00,04/11/2024,2,-,-,02,1, , ,01,02,-,02,00,00,-, ,00,04/11/2024,00,04/11/2024,1,9988
15,1024,053,1,096-5,1604460,15,13A232,16,40411,0104,2,1,0,00,05/11/2024,00,05/11/2024,2,-,-,02,1, , ,01,01,-,02,00,00,-, ,00,05/11/2024,00,05/11/2024,1,9988
15,1024,053,1,096-5,1604460,15,13A232,16,40411,0129,1,1,0,00,04/11/2024,00,04/11/2024,2,-,-,03,1, , ,02,01,-,03,00,00,-, ,00,04/11/2024,00,04/11/2024,1,9988
15,1024,053,1,096-5,1604460,15,13A232,16,40411,0027,4,1,0,00,13/11/2024,00,13/11/2024,2,-,-,01, , , ,01,01,-,01,00,00,-, ,00,13/11/2024,00,13/11/2024,1,9988
15,1024,053,1,260-3,1604787,15,13A232,16,40414,0051,2,1,0,00,06/11/2024,00,06/11/2024,2,-,-,03,1, , ,02,02,-,03,00,00,-, ,00,06/11/2024,00,06/11/2024,1,9815
15,1024,053,1,260-3,1604787,15,13A232,16,40414,0085,3,1,0,00,11/11/2024,00,11/11/2024,2,-,-,03,1, , ,02,01,-,03,00,00,-, ,00,11/11/2024,00,11/11/2024,1,9815
15,1024,053,1,260-3,1604787,15,13A232,16,40414,0117,4,1,0,00,30/10/2024,00,30/10/2024,2,-,-,01, , , ,01,01,-,01,00,00,-, ,00,30/10/2024,00,30/10/2024,1,9815
15,1024,053,1,260-3,1604787,15,13A232,16,40414,0020,1,1,0,00,30/10/2024,00,30/10/2024,2,-,-,04,1, , ,02,02,-,04,00,00,-, ,00,30/10/2024,00,30/10/2024,1,9815
15,1024,053,1,048-6,1604888,15,13A232,16,40415,0006,1,1,0,00,04/11/2024,00,04/11/2024,2,-,-,04,1, , ,03,03,-,04,00,00,-, ,00,04/11/2024,00,04/11/2024,1,9338
15,1024,053,1,048-6,1604888,15,13A232,16,40415,0083,3,1,0,00,05/11/2024,00,05/11/2024,2,-,-,04,1, , ,01,01,-,04,00,00,-, ,00,05/11/2024,00,05/11/2024,1,9338
15,1024,053,1,048-6,1604888,15,13A232,16,40415,0113,4,1,0,00,04/11/2024,00,04/11/2024,2,-,-,02,1, , ,02,01,-,02,00,00,-, ,00,04/11/2024,00,04/11/2024,1,9338
15,1024,053,1,048-6,1604888,15,13A232,16,40415,0037,2,1,0,00,11/11/2024,00,11/11/2024,2,-,-,04,1, , ,04,01,-,04,00,00,-, ,00,11/11/2024,00,11/11/2024,1,9338
15,1024,053,1,360-1,1605085,15,13A232,16,40420,0143,1,1,0,02,15/11/2024,01,19/11/2024,2,-,-, , , , , , ,-, , , ,-, ,02,15/11/2024,01,19/11/2024,1,0
15,1024,053,1,360-1,1605085,15,13A232,16,40420,0054,3,1,0,00,01/11/2024,00,01/11/2024,2,-,-,01, , , ,01,01,-,01,00,00,-, ,00,01/11/2024,00,01/11/2024,1,8817
15,1024,053,1,360-1,1605085,15,13A232,16,40420,0120,2,1,0,00,10/11/2024,00,10/11/2024,2,-,-,03,1, , ,03,03,-,03,00,00,-, ,00,10/11/2024,00,10/11/2024,1,8817
15,1024,053,1,360-1,1605085,15,13A232,16,40420,0031,4,1,0,00,01/11/2024,00,01/11/2024,2,-,-,01, , , ,01,01,-,01,00,00,-, ,00,01/11/2024,00,01/11/2024,1,8817
29,1024,007,1,051-A,1701002,29,11A232,17,40343,0050,2,1,0,00,03/11/2024,00,03/11/2024,2,-,-,05,1, , ,04,01,-,05,00,00,-, ,00,03/11/2024,00,03/11/2024,1,5041
29,1024,007,1,051-A,1701002,29,11A232,17,40343,0085,3,1,0,00,05/11/2024,00,05/11/2024,2,-,-,04,1, , ,01,02,-,04,00,00,-, ,00,05/11/2024,00,05/11/2024,1,5041
29,1024,007,1,051-A,1701002,29,11A232,17,40343,0023,1,1,0,06,12/11/2024,06,12/11/2024,2,-,-, , , , , , ,-, , , ,-, ,06,12/11/2024,06,12/11/2024,1,0
29,1024,007,1,051-A,1701002,29,11A232,17,40343,0118,4,1,0,00,09/11/2024,00,09/11/2024,2,-,-,04,1, , ,02,01,-,04,00,00,-, ,00,09/11/2024,00,09/11/2024,1,5041
29,1024,007,1,068-5,1701327,29,11A232,17,40347,0011,1,1,0,00,03/11/2024,00,03/11/2024,2,-,-,01, , , ,01,01,-,01,00,00,-, ,00,03/11/2024,00,03/11/2024,1,7548
29,1024,007,1,068-5,1701327,29,11A232,17,40347,0053,2,1,0,00,03/11/2024,00,03/11/2024,2,-,-,11,1, , ,02,06,-,11,00,00,-, ,00,03/11/2024,00,03/11/2024,1,7548
29,1024,007,1,068-5,1701327,29,11A232,17,40347,0073,3,1,0,00,01/11/2024,00,01/11/2024,2,-,-,01, , , ,01,01,-,01,00,00,-, ,00,01/11/2024,00,01/11/2024,1,7548
29,1024,007,1,068-5,1701327,29,11A232,17,40347,0023,4,1,0,00,03/11/2024,00,03/11/2024,2,-,-,04,1, , ,02,02,-,04,00,00,-, ,00,03/11/2024,00,03/11/2024,1,7548
29,1024,007,1,081-0,1701552,29,11A232,17,40349,0057,3,1,0,00,04/11/2024,00,04/11/2024,2,-,-,04,1, , ,01,03,-,04,00,00,-, ,00,04/11/2024,00,04/11/2024,1,6879
29,1024,007,1,081-0,1701552,29,11A232,17,40349,0068,4,1,0,00,01/11/2024,00,01/11/2024,2,-,-,02,1, , ,01,01,-,02,00,00,-, ,00,01/11/2024,00,01/11/2024,1,6879
29,1024,007,1,081-0,1701552,29,11A232,17,40349,0031,2,1,0,00,05/11/2024,00,05/11/2024,2,-,-,04,1, , ,02,01,-,04,00,00,-, ,00,05/11/2024,00,05/11/2024,1,6879
29,1024,007,1,081-0,1701552,29,11A232,17,40349,0004,1,1,0,00,04/11/2024,00,04/11/2024,2,-,-,02,1, , ,02,02,-,02,00,00,-, ,00,04/11/2024,00,04/11/2024,1,6879
29,1024,018,1,080-A,1703075,29,11A232,17,40357,0059,3,1,0,00,08/11/2024,00,08/11/2024,2,-,-,02,1, , ,02,01,-,02,00,00,-, ,00,08/11/2024,00,08/11/2024,1,7490
29,1024,018,1,080-A,1703075,29,11A232,17,40357,0022,1,1,0,00,04/11/2024,00,04/11/2024,2,-,-,03,1, , ,02,02,-,03,00,00,-, ,00,04/11/2024,00,04/11/2024,1,7490
29,1024,018,1,080-A,1703075,29,11A232,17,40357,0127,4,1,0,00,08/11/2024,00,08/11/2024,2,-,-,05,1, , ,02,01,-,05,00,00,-, ,00,08/11/2024,00,08/11/2024,1,7490
29,1024,018,1,080-A,1703075,29,11A232,17,40357,0036,2,1,0,00,04/11/2024,00,04/11/2024,2,-,-,03,1, , ,01,01,-,03,00,00,-, ,00,04/11/2024,00,04/11/2024,1,7490
29,1024,018,1,049-6,1703224,29,11A232,17,40362,0024,1,1,0,00,06/11/2024,00,06/11/2024,2,-,-,03,1, , ,01,02,-,03,00,00,-, ,00,06/11/2024,00,06/11/2024,1,6469
29,1024,018,1,049-6,1703224,29,11A232,17,40362,0051,2,1,0,03,12/11/2024,03,12/11/2024,2,-,-, , , , , , ,-, , , ,-, ,03,12/11/2024,03,12/11/2024,1,0
29,1024,018,1,049-6,1703224,29,11A232,17,40362,0078,3,1,0,00,04/11/2024,00,04/11/2024,2,-,-,04,1, , ,02,01,-,04,00,00,-, ,00,04/11/2024,00,04/11/2024,1,6469
29,1024,018,1,049-6,1703224,29,11A232,17,40362,0011,4,1,0,00,06/11/2024,00,06/11/2024,2,-,-,04,1, , ,02,02,-,04,00,00,-, ,00,06/11/2024,00,06/11/2024,1,6469
29,1024,028,1,034-6,1703883,29,11A232,17,40369,0145,4,1,0,00,07/11/2024,00,07/11/2024,2,-,-,01, , , ,01,01,-,01,00,00,-, ,00,07/11/2024,00,07/11/2024,1,7445
29,1024,028,1,034-6,1703883,29,11A232,17,40369,0097,3,1,0,00,06/11/2024,00,06/11/2024,2,-,-,02,1, , ,02,01,-,02,00,00,-, ,00,06/11/2024,00,06/11/2024,1,7445
29,1024,028,1,034-6,1703883,29,11A232,17,40369,0023,1,1,0,00,05/11/2024,00,05/11/2024,2,-,-,05,1, , ,01,01,-,05,00,00,-, ,00,05/11/2024,00,05/11/2024,1,7445
29,1024,028,1,034-6,1703883,29,11A232,17,40369,0060,2,1,0,00,13/11/2024,00,13/11/2024,2,-,-,05,1, , ,02,05,-,05,00,00,-, ,00,13/11/2024,00,13/11/2024,1,7445
29,1024,028,1,062-8,1703972,29,11A232,17,40373,0116,2,1,0,00,06/11/2024,00,06/11/2024,2,-,-,02,1, , ,01,01,-,02,00,00,-, ,00,06/11/2024,00,06/11/2024,1,8048
29,1024,028,1,062-8,1703972,29,11A232,17,40373,0089,4,1,0,00,13/11/2024,00,13/11/2024,2,-,-,04,1, , ,01,02,-,04,00,00,-, ,00,13/11/2024,00,13/11/2024,1,8048
29,1024,028,1,062-8,1703972,29,11A232,17,40373,0158,3,1,0,00,05/11/2024,00,05/11/2024,2,-,-,05,1, , ,01,01,-,05,00,00,-, ,00,05/11/2024,00,05/11/2024,1,8048
29,1024,028,1,062-8,1703972,29,11A232,17,40373,0004,1,1,0,00,06/11/2024,00,06/11/2024,2,-,-,03,1, , ,02,01,-,03,00,00,-, ,00,06/11/2024,00,06/11/2024,1,8048
29,1024,007,1,058-1,1700949,29,12A232,17,40379,0050,2,1,0,00,04/11/2024,00,04/11/2024,2,-,-,05,1, , ,02,05,-,05,00,00,-, ,00,04/11/2024,00,04/11/2024,1,5552
29,1024,007,1,058-1,1700949,29,12A232,17,40379,0091,3,1,0,00,04/11/2024,00,04/11/2024,2,-,-,02,1, , ,02,01,-,02,00,00,-, ,00,04/11/2024,00,04/11/2024,1,5552
29,1024,007,1,058-1,1700949,29,12A232,17,40379,0118,4,1,0,00,14/11/2024,00,14/11/2024,2,-,-,04,1, , ,02,01,-,04,00,00,-, ,14,14/11/2024,14,14/11/2024,1,0
29,1024,007,1,058-1,1700949,29,12A232,17,40379,0024,1,1,0,00,04/11/2024,00,04/11/2024,2,-,-,02,1, , ,02,01,-,02,00,00,-, ,00,04/11/2024,00,04/11/2024,1,5552
29,1024,007,1,107-7,1701388,29,12A232,17,40386,0098,4,1,0,00,09/11/2024,00,09/11/2024,2,-,-,06,1, , ,04,01,-,06,00,00,-, ,00,09/11/2024,00,09/11/2024,1,7269
29,1024,007,1,107-7,1701388,29,12A232,17,40386,0071,3,1,0,00,01/11/2024,00,01/11/2024,2,-,-,04,1, , ,02,03,-,04,00,00,-, ,00,01/11/2024,00,01/11/2024,1,7269
29,1024,007,1,107-7,1701388,29,12A232,17,40386,0047,2,1,0,00,01/11/2024,00,01/11/2024,2,-,-,03,1, , ,01,02,-,03,00,00,-, ,00,01/11/2024,00,01/11/2024,1,7269
29,1024,007,1,107-7,1701388,29,12A232,17,40386,0026,1,1,0,00,01/11/2024,00,01/11/2024,2,-,-,04,1, , ,01,03,-,04,00,00,-, ,00,01/11/2024,00,01/11/2024,1,7269
29,1024,007,1,083-A,1701524,29,12A232,17,40388,0013,1,1,0,00,01/11/2024,00,01/11/2024,2,-,-,07,1, , ,02,02,-,07,00,00,-, ,00,01/11/2024,00,01/11/2024,1,7086
29,1024,007,1,083-A,1701524,29,12A232,17,40388,0080,4,1,0,00,01/11/2024,00,01/11/2024,2,-,-,06,1, , ,03,01,-,06,00,00,-, ,00,01/11/2024,00,01/11/2024,1,7086
29,1024,007,1,083-A,1701524,29,12A232,17,40388,0058,3,1,0,00,04/11/2024,00,04/11/2024,2,-,-,02,1, , ,01,02,-,02,00,00,-, ,00,04/11/2024,00,04/11/2024,1,7086
29,1024,007,1,083-A,1701524,29,12A232,17,40388,0035,2,1,0,00,30/10/2024,00,30/10/2024,2,-,-,01, , , ,01,01,-,01,00,00,-, ,00,30/10/2024,00,30/10/2024,1,7086
29,1024,011,1,071-A,1702323,29,12A232,17,40395,0057,1,1,0,00,04/11/2024,00,04/11/2024,2,-,-,04,1, , ,01,01,-,04,00,00,-, ,00,04/11/2024,00,04/11/2024,1,6868
29,1024,011,1,071-A,1702323,29,12A232,17,40395,0028,3,1,0,06,14/11/2024,06,14/11/2024,2,-,-, , , , , , ,-, , , ,-, ,06,14/11/2024,06,14/11/2024,1,0
29,1024,011,1,071-A,1702323,29,12A232,17,40395,0005,4,1,0,00,31/10/2024,00,31/10/2024,2,-,-,07,1, , ,05,02,-,07,00,00,-, ,00,31/10/2024,00,31/10/2024,1,6868
29,1024,011,1,071-A,1702323,29,12A232,17,40395,0079,2,1,0,00,31/10/2024,00,31/10/2024,2,-,-,03,1, , ,03,03,-,03,00,00,-, ,00,31/10/2024,00,31/10/2024,1,6868
29,1024,018,1,045-8,1703116,29,12A232,17,40399,0079,3,1,0,00,05/11/2024,00,05/11/2024,2,-,-,03,1, , ,03,01,-,03,00,00,-, ,00,05/11/2024,00,05/11/2024,1,6997
29,1024,018,1,045-8,1703116,29,12A232,17,40399,0040,2,1,0,00,06/11/2024,00,06/11/2024,2,-,-,02,1, , ,01,02,-,02,00,00,-, ,00,06/11/2024,00,06/11/2024,1,6997
29,1024,018,1,045-8,1703116,29,12A232,17,40399,0001,1,1,0,00,09/11/2024,00,09/11/2024,2,-,-,02,1, , ,02,01,-,02,00,00,-, ,00,09/11/2024,00,09/11/2024,1,6997
29,1024,018,1,045-8,1703116,29,12A232,17,40399,0115,4,1,0,00,05/11/2024,00,05/11/2024,2,-,-,01, , , ,01,01,-,01,00,00,-, ,00,05/11/2024,00,05/11/2024,1,6997
29,1024,007,1,034-6,1701302,29,13A232,17,40409,0091,3,1,0,00,31/10/2024,00,31/10/2024,2,-,-,01, , , ,01,01,-,01,00,00,-, ,00,31/10/2024,00,31/10/2024,1,9678
29,1024,007,1,034-6,1701302,29,13A232,17,40409,0030,1,1,0,00,31/10/2024,00,31/10/2024,2,-,-,01, , , ,01,01,-,01,00,00,-, ,00,31/10/2024,00,31/10/2024,1,9678
29,1024,007,1,034-6,1701302,29,13A232,17,40409,0121,4,1,0,00,06/11/2024,00,06/11/2024,2,-,-,02,1, , ,02,02,-,02,00,00,-, ,00,06/11/2024,00,06/11/2024,1,9678
29,1024,007,1,034-6,1701302,29,13A232,17,40409,0061,2,1,0,00,11/11/2024,00,11/11/2024,2,-,-,02,1, , ,02,01,-,02,00,00,-, ,00,11/11/2024,00,11/11/2024,1,9678
29,1024,007,1,029-5,1701546,29,13A232,17,40412,0158,2,1,0,00,04/11/2024,00,04/11/2024,2,-,-,01, , , ,01,01,-,01,00,00,-, ,00,04/11/2024,00,04/11/2024,1,6946
29,1024,007,1,029-5,1701546,29,13A232,17,40412,0227,1,1,0,00,12/11/2024,00,12/11/2024,2,-,-,03,1, , ,01,01,-,03,00,00,-, ,00,12/11/2024,00,12/11/2024,1,6946
29,1024,007,1,029-5,1701546,29,13A232,17,40412,0121,3,1,0,03,13/11/2024,03,13/11/2024,2,-,-, , , , , , ,-, , , ,-, ,03,13/11/2024,03,13/11/2024,1,0
29,1024,007,1,029-5,1701546,29,13A232,17,40412,0039,4,1,0,00,06/11/2024,00,06/11/2024,2,-,-,03,1, , ,01,01,-,03,00,00,-, ,00,06/11/2024,00,06/11/2024,1,6946
27,1024,017,1,141-5,1802328,27,11A232,18,40350,0038,2,1,0,00,30/10/2024,00,30/10/2024,2,-,-,01, , , ,01,01,-,01,00,00,-, ,00,30/10/2024,00,30/10/2024,1,8273
27,1024,017,1,141-5,1802328,27,11A232,18,40350,0004,1,1,0,00,30/10/2024,00,30/10/2024,2,-,-,02,1, , ,02,02,-,02,00,00,-, ,00,30/10/2024,00,30/10/2024,1,8273
27,1024,017,1,141-5,1802328,27,11A232,18,40350,0066,3,1,0,00,30/10/2024,00,30/10/2024,2,-,-,03,1, , ,03,02,-,03,00,00,-, ,00,30/10/2024,00,30/10/2024,1,8273
27,1024,017,1,141-5,1802328,27,11A232,18,40350,0097,4,1,0,00,30/10/2024,00,30/10/2024,2,-,-,01, , , ,01,01,-,01,00,00,-, ,00,30/10/2024,00,30/10/2024,1,8273
27,1024,017,1,255-5,1802413,27,11A232,18,40351,0110,4,1,0,00,05/11/2024,00,05/11/2024,2,-,-,01, , , ,01,01,-,01,00,00,-, ,00,05/11/2024,00,05/11/2024,1,9771
27,1024,017,1,255-5,1802413,27,11A232,18,40351,0036,2,1,0,00,01/11/2024,00,01/11/2024,2,-,-,03,1, , ,02,01,-,03,00,00,-, ,00,01/11/2024,00,01/11/2024,1,9771
27,1024,017,1,255-5,1802413,27,11A232,18,40351,0006,1,1,0,00,06/11/2024,00,06/11/2024,2,-,-,02,1, , ,01,01,-,02,00,00,-, ,00,06/11/2024,00,06/11/2024,1,9771
27,1024,017,1,255-5,1802413,27,11A232,18,40351,0069,3,1,0,00,07/11/2024,00,07/11/2024,2,-,-,06,1, , ,01,02,-,06,00,00,-, ,00,07/11/2024,00,07/11/2024,1,9771
27,1024,017,1,019-2,1801609,27,12A232,18,40360,0129,4,1,0,00,30/10/2024,00,30/10/2024,2,-,-,03,1, , ,01,02,-,03,00,00,-, ,00,30/10/2024,00,30/10/2024,1,6856
27,1024,017,1,019-2,1801609,27,12A232,18,40360,0077,1,1,0,00,06/11/2024,00,06/11/2024,2,-,-,06,1, , ,02,01,-,06,00,00,-, ,00,06/11/2024,00,06/11/2024,1,6856
27,1024,017,1,019-2,1801609,27,12A232,18,40360,0099,3,1,0,00,05/11/2024,00,05/11/2024,2,-,-,03,1, , ,03,02,-,03,00,00,-, ,00,05/11/2024,00,05/11/2024,1,6856
27,1024,017,1,019-2,1801609,27,12A232,18,40360,0021,2,1,0,00,30/10/2024,00,30/10/2024,2,-,-,04,1, , ,03,03,-,04,00,00,-, ,00,30/10/2024,00,30/10/2024,1,6856
27,1024,017,1,054-4,1801753,27,12A232,18,40367,0019,2,1,0,00,31/10/2024,00,31/10/2024,2,-,-,01, , , ,01,01,-,01,00,00,-, ,00,31/10/2024,00,31/10/2024,1,7687
27,1024,017,1,054-4,1801753,27,12A232,18,40367,0064,4,1,0,00,15/11/2024,00,15/11/2024,2,-,-,01, , , ,01,01,-,01,00,00,-, ,00,15/11/2024,00,15/11/2024,1,7687
27,1024,017,1,054-4,1801753,27,12A232,18,40367,0121,3,1,0,00,28/10/2024,00,28/10/2024,2,-,-,01, , , ,01,01,-,01,00,00,-, ,00,28/10/2024,00,28/10/2024,1,7687
27,1024,017,1,054-4,1801753,27,12A232,18,40367,0095,1,1,0,00,05/11/2024,00,05/11/2024,2,-,-,05,1, , ,01,02,-,05,00,00,-, ,00,05/11/2024,00,05/11/2024,1,7687
27,1024,017,1,022-4,1801787,27,12A232,18,40369,0046,2,1,0,00,29/10/2024,00,29/10/2024,2,-,-,04,1, , ,02,01,-,04,00,00,-, ,00,29/10/2024,00,29/10/2024,1,6990
27,1024,017,1,022-4,1801787,27,12A232,18,40369,0099,3,1,0,00,29/10/2024,00,29/10/2024,2,-,-,03,1, , ,01,01,-,03,00,00,-, ,00,29/10/2024,00,29/10/2024,1,6990
27,1024,017,1,022-4,1801787,27,12A232,18,40369,0012,4,1,0,00,12/11/2024,00,12/11/2024,2,-,-,04,1, , ,03,01,-,04,00,00,-, ,00,12/11/2024,00,12/11/2024,1,6990
27,1024,017,1,022-4,1801787,27,12A232,18,40369,0075,1,1,0,00,30/10/2024,00,30/10/2024,2,-,-,03,1, , ,02,03,-,03,00,00,-, ,00,30/10/2024,00,30/10/2024,1,6990
27,1024,017,1,024-3,1802101,27,12A232,18,40382,0057,4,1,0,04,12/11/2024,04,12/11/2024,2,-,-, , , , , , ,-, , , ,-, ,04,12/11/2024,04,12/11/2024,1,0
27,1024,017,1,024-3,1802101,27,12A232,18,40382,0123,2,1,0,00,06/11/2024,00,06/11/2024,2,-,-,03,1, , ,03,03,-,03,00,00,-, ,00,06/11/2024,00,06/11/2024,1,7466
27,1024,017,1,024-3,1802101,27,12A232,18,40382,0094,1,1,0,00,29/10/2024,00,29/10/2024,2,-,-,02,1, , ,01,01,-,02,00,00,-, ,00,29/10/2024,00,29/10/2024,1,7466
27,1024,017,1,024-3,1802101,27,12A232,18,40382,0019,3,1,0,00,29/10/2024,00,29/10/2024,2,-,-,02,1, , ,01,02,-,02,00,00,-, ,00,29/10/2024,00,29/10/2024,1,7466
27,1024,017,1,122-2,1802263,27,12A232,18,40389,0017,1,1,0,00,31/10/2024,00,31/10/2024,2,-,-,02,1, , ,01,01,-,02,00,00,-, ,00,31/10/2024,00,31/10/2024,1,7196
27,1024,017,1,122-2,1802263,27,12A232,18,40389,0066,3,1,0,00,30/10/2024,00,30/10/2024,2,-,-,01, , , ,01,01,-,01,00,00,-, ,00,30/10/2024,00,30/10/2024,1,7196
27,1024,017,1,122-2,1802263,27,12A232,18,40389,0040,2,1,0,00,06/11/2024,00,06/11/2024,2,-,-,02,1, , ,02,01,-,02,00,00,-, ,00,06/11/2024,00,06/11/2024,1,7196
27,1024,017,1,122-2,1802263,27,12A232,18,40389,0078,4,1,0,06,14/11/2024,06,14/11/2024,2,-,-, , , , , , ,-, , , ,-, ,06,14/11/2024,06,14/11/2024,1,0
27,1024,017,1,126-0,1802459,27,12A232,18,40395,0042,2,1,0,00,08/11/2024,00,08/11/2024,2,-,-,01, , , ,01,01,-,01,00,00,-, ,00,08/11/2024,00,08/11/2024,1,7616
27,1024,017,1,126-0,1802459,27,12A232,18,40395,0114,4,1,0,00,04/11/2024,00,04/11/2024,1,-,-,07,2,02,03,02,03,-,03,00,00,-, ,00,04/11/2024,00,04/11/2024,1,7616
27,1024,017,1,126-0,1802459,27,12A232,18,40395,0010,1,1,0,00,04/11/2024,00,04/11/2024,2,-,-,02,1, , ,01,01,-,02,00,00,-, ,00,04/11/2024,00,04/11/2024,1,7616
27,1024,017,1,126-0,1802459,27,12A232,18,40395,0074,3,1,0,00,31/10/2024,00,31/10/2024,2,-,-,02,1, , ,01,01,-,02,00,00,-, ,00,31/10/2024,00,31/10/2024,1,7616
27,1024,008,1,008-5,1800598,27,12A232,18,40399,0119,3,1,0,00,05/11/2024,00,05/11/2024,2,-,-,05,1, , ,02,01,-,05,00,00,-, ,00,05/11/2024,00,05/11/2024,1,7862
27,1024,008,1,008-5,1800598,27,12A232,18,40399,0029,2,1,0,00,30/10/2024,00,30/10/2024,2,-,-,07,1, , ,01,03,-,07,00,00,-, ,00,30/10/2024,00,30/10/2024,1,7862
27,1024,008,1,008-5,1800598,27,12A232,18,40399,0076,4,1,0,06,14/11/2024,06,14/11/2024,2,-,-, , , , , , ,-, , , ,-, ,06,14/11/2024,06,14/11/2024,1,0
27,1024,008,1,008-5,1800598,27,12A232,18,40399,0058,1,1,0,00,05/11/2024,00,05/11/2024,2,-,-,03,1, , ,01,02,-,03,00,00,-, ,16,05/11/2024,16,05/11/2024,1,0
27,1024,017,1,258-9,1801718,27,13A232,18,40403,0084,3,1,0,00,28/10/2024,00,28/10/2024,2,-,-,02,1, , ,01,01,-,02,00,00,-, ,00,28/10/2024,00,28/10/2024,1,9990
27,1024,017,1,258-9,1801718,27,13A232,18,40403,0050,2,1,0,00,28/10/2024,00,28/10/2024,2,-,-,01, , , ,01,01,-,01,00,00,-, ,00,28/10/2024,00,28/10/2024,1,9990
27,1024,017,1,258-9,1801718,27,13A232,18,40403,0119,4,1,0,00,11/11/2024,00,11/11/2024,2,-,-,01, , , ,01,01,-,01,00,00,-, ,00,11/11/2024,00,11/11/2024,1,9990
27,1024,017,1,258-9,1801718,27,13A232,18,40403,0014,1,1,0,00,06/11/2024,00,06/11/2024,2,-,-,02,1, , ,01,02,-,02,00,00,-, ,00,06/11/2024,00,06/11/2024,1,9990
27,1024,017,1,193-2,1801940,27,13A232,18,40406,0006,4,1,0,00,04/11/2024,00,04/11/2024,2,-,-,04,1, , ,01,03,-,04,00,00,-, ,00,04/11/2024,00,04/11/2024,1,10461
27,1024,017,1,193-2,1801940,27,13A232,18,40406,0055,3,1,0,00,04/11/2024,00,04/11/2024,2,-,-,03,1, , ,01,01,-,03,00,00,-, ,00,04/11/2024,00,04/11/2024,1,10461
27,1024,017,1,193-2,1801940,27,13A232,18,40406,0152,2,1,0,00,05/11/2024,00,05/11/2024,2,-,-,04,1, , ,01,04,-,04,00,00,-, ,00,05/11/2024,00,05/11/2024,1,10461
27,1024,017,1,193-2,1801940,27,13A232,18,40406,0105,1,1,0,00,15/11/2024,00,15/11/2024,2,-,-,03,1, , ,02,01,-,03,00,00,-, ,15,15/11/2024,15,15/11/2024,1,0
27,1024,017,1,033-2,1802001,27,13A232,18,40408,0138,4,1,0,00,04/11/2024,00,04/11/2024,2,-,-,01, , , ,01,01,-,01,00,00,-, ,00,04/11/2024,00,04/11/2024,1,9394
27,1024,017,1,033-2,1802001,27,13A232,18,40408,0104,3,1,0,00,29/10/2024,00,29/10/2024,2,-,-,01, , , ,01,01,-,01,00,00,-, ,00,29/10/2024,00,29/10/2024,1,9394
27,1024,017,1,033-2,1802001,27,13A232,18,40408,0070,2,1,0,00,06/11/2024,00,06/11/2024,2,-,-,01, , , ,01,01,-,01,00,00,-, ,00,06/11/2024,00,06/11/2024,1,9394
27,1024,017,1,033-2,1802001,27,13A232,18,40408,0036,1,1,0,00,29/10/2024,00,29/10/2024,2,-,-,03,1, , ,01,03,-,03,00,00,-, ,00,29/10/2024,00,29/10/2024,1,9394
03,1024,021,1,038-2,1904089,03,11A232,19,40005,0108,4,1,0,00,05/11/2024,00,05/11/2024,1,-,-,04,2,02,01,01,01,-,01,00,00,-, ,00,05/11/2024,00,05/11/2024,1,8484
03,1024,021,1,038-2,1904089,03,11A232,19,40005,0047,2,1,0,00,07/11/2024,00,07/11/2024,2,-,-,02,1, , ,02,01,-,02,00,00,-, ,00,07/11/2024,00,07/11/2024,1,8484
03,1024,021,1,038-2,1904089,03,11A232,19,40005,0076,3,1,0,00,29/10/2024,00,29/10/2024,2,-,-,01, , , ,01,01,-,01,00,00,-, ,00,29/10/2024,00,29/10/2024,1,8484
03,1024,021,1,038-2,1904089,03,11A232,19,40005,0015,1,1,0,00,07/11/2024,00,07/11/2024,2,-,-,05,1, , ,03,01,-,05,00,00,-, ,00,07/11/2024,00,07/11/2024,1,8484
03,1024,021,1,171-3,1904253,03,11A232,19,40006,0112,1,1,0,01,13/11/2024,01,13/11/2024,2,-,-, , , , , , ,-, , , ,-, ,01,13/11/2024,01,13/11/2024,1,0
03,1024,021,1,171-3,1904253,03,11A232,19,40006,0076,4,1,0,00,12/11/2024,00,12/11/2024,2,-,-,03,1, , ,02,03,-,03,00,00,-, ,00,12/11/2024,00,12/11/2024,1,9285
03,1024,021,1,171-3,1904253,03,11A232,19,40006,0045,3,1,0,00,31/10/2024,00,31/10/2024,2,-,-,04,1, , ,02,02,-,04,00,00,-, ,00,31/10/2024,00,31/10/2024,1,9285
03,1024,021,1,171-3,1904253,03,11A232,19,40006,0010,2,1,0,00,31/10/2024,00,31/10/2024,2,-,-,05,1, , ,02,02,-,05,00,00,-, ,00,31/10/2024,00,31/10/2024,1,9285
03,1024,031,1,077-9,1907649,03,11A232,19,40018,0021,1,1,0,00,08/11/2024,00,08/11/2024,2,-,-,04,1, , ,02,01,-,04,00,00,-, ,00,08/11/2024,00,08/11/2024,1,9652
03,1024,031,1,077-9,1907649,03,11A232,19,40018,0067,2,1,0,00,08/11/2024,00,08/11/2024,2,-,-,04,1, , ,02,03,-,04,00,00,-, ,00,08/11/2024,00,08/11/2024,1,9652
03,1024,031,1,077-9,1907649,03,11A232,19,40018,0138,3,1,0,00,08/11/2024,00,08/11/2024,2,-,-,04,1, , ,02,01,-,04,00,00,-, ,00,08/11/2024,00,08/11/2024,1,9652
03,1024,031,1,077-9,1907649,03,11A232,19,40018,0121,4,1,0,00,08/11/2024,00,08/11/2024,2,-,-,03,1, , ,02,01,-,03,00,00,-, ,00,08/11/2024,00,08/11/2024,1,9652
03,1024,039,1,067-3,1908942,03,11A232,19,40023,0117,4,1,0,00,14/11/2024,00,14/11/2024,2,-,-,02,1, , ,01,01,-,02,00,00,-, ,00,14/11/2024,00,14/11/2024,1,9521
03,1024,039,1,067-3,1908942,03,11A232,19,40023,0071,1,1,0,00,14/11/2024,00,14/11/2024,2,-,-,01, , , ,01,01,-,01,00,00,-, ,00,14/11/2024,00,14/11/2024,1,9521
03,1024,039,1,067-3,1908942,03,11A232,19,40023,0105,3,1,0,00,09/11/2024,00,09/11/2024,2,-,-,01, , , ,01,01,-,01,00,00,-, ,00,09/11/2024,00,09/11/2024,1,9521
03,1024,039,1,067-3,1908942,03,11A232,19,40023,0031,2,1,0,00,09/11/2024,00,09/11/2024,2,-,-,04,1, , ,02,01,-,04,00,00,-, ,00,09/11/2024,00,09/11/2024,1,9521
03,1024,039,1,496-2,1910822,03,11A232,19,40024,0006,1,1,0,00,06/11/2024,00,06/11/2024,2,-,-,07,1, , ,02,01,-,07,00,00,-, ,00,06/11/2024,00,06/11/2024,1,8189
03,1024,039,1,496-2,1910822,03,11A232,19,40024,0052,2,1,0,00,30/10/2024,00,30/10/2024,2,-,-,05,1, , ,02,02,-,05,00,00,-, ,00,30/10/2024,00,30/10/2024,1,8189
03,1024,039,1,496-2,1910822,03,11A232,19,40024,0098,3,1,0,00,06/11/2024,00,06/11/2024,2,-,-,04,1, , ,02,02,-,04,00,00,-, ,00,06/11/2024,00,06/11/2024,1,8189
03,1024,039,1,496-2,1910822,03,11A232,19,40024,0171,4,1,0,00,06/11/2024,00,06/11/2024,2,-,-,05,1, , ,01,01,-,05,00,00,-, ,00,06/11/2024,00,06/11/2024,1,8189
03,1024,048,1,123-8,1913357,03,11A232,19,40031,0056,2,1,0,00,10/11/2024,00,10/11/2024,2,-,-,06,1, , ,02,01,-,06,00,00,-, ,00,10/11/2024,00,10/11/2024,1,7564
03,1024,048,1,123-8,1913357,03,11A232,19,40031,0126,4,1,0,04,03/11/2024,04,03/11/2024,2,-,-, , , , , , ,-, , , ,-, ,04,03/11/2024,04,03/11/2024,1,0
03,1024,048,1,123-8,1913357,03,11A232,19,40031,0019,1,1,0,00,03/11/2024,00,03/11/2024,2,-,-,07,1, , ,03,01,-,07,00,00,-, ,00,03/11/2024,00,03/11/2024,1,7564
03,1024,048,1,123-8,1913357,03,11A232,19,40031,0093,3,1,0,03,12/11/2024,03,12/11/2024,2,-,-, , , , , , ,-, , , ,-, ,03,12/11/2024,03,12/11/2024,1,0
03,1024,010,1,026-6,1902033,03,11A232,19,40032,0122,3,1,0,00,06/11/2024,00,06/11/2024,2,-,-,04,1, , ,01,01,-,04,00,00,-, ,00,06/11/2024,00,06/11/2024,1,8491
03,1024,010,1,026-6,1902033,03,11A232,19,40032,0032,1,1,0,00,09/11/2024,00,09/11/2024,2,-,-,01, , , ,01,01,-,01,00,00,-, ,00,09/11/2024,00,09/11/2024,1,8491
03,1024,010,1,026-6,1902033,03,11A232,19,40032,0077,2,1,0,06,01/11/2024,06,01/11/2024,2,-,-, , , , , , ,-, , , ,-, ,06,01/11/2024,06,01/11/2024,1,0
03,1024,010,1,026-6,1902033,03,11A232,19,40032,0161,4,1,0,00,10/11/2024,00,10/11/2024,2,-,-,04,1, , ,02,01,-,04,00,00,-, ,00,10/11/2024,00,10/11/2024,1,8491
03,1024,031,1,112-2,1907026,03,11A232,19,40036,0138,4,1,0,03,09/11/2024,03,19/11/2024,2,-,-, , , , , , ,-, , , ,-, ,03,09/11/2024,03,19/11/2024,1,0
03,1024,031,1,112-2,1907026,03,11A232,19,40036,0080,3,1,0,00,09/11/2024,00,09/11/2024,2,-,-,04,1, , ,02,01,-,04,00,00,-, ,00,09/11/2024,00,09/11/2024,1,9717
03,1024,031,1,112-2,1907026,03,11A232,19,40036,0027,1,1,0,00,31/10/2024,00,31/10/2024,2,-,-,02,1, , ,02,01,-,02,00,00,-, ,00,31/10/2024,00,31/10/2024,1,9717
03,1024,031,1,112-2,1907026,03,11A232,19,40036,0104,2,1,0,00,09/11/2024,00,09/11/2024,2,-,-,05,1, , ,02,02,-,05,00,00,-, ,00,09/11/2024,00,09/11/2024,1,9717
03,1024,006,1,075-7,1900695,03,12A232,19,40044,0008,1,1,0,00,11/11/2024,00,11/11/2024,2,-,-,01, , , ,01,01,-,01,00,00,-, ,00,11/11/2024,00,11/11/2024,1,8870
03,1024,006,1,075-7,1900695,03,12A232,19,40044,0036,2,1,0,00,29/10/2024,00,29/10/2024,2,-,-,03,1, , ,02,02,-,03,00,00,-, ,00,29/10/2024,00,29/10/2024,1,8870
03,1024,006,1,075-7,1900695,03,12A232,19,40044,0095,4,1,0,00,10/11/2024,00,10/11/2024,2,-,-,04,1, , ,01,01,-,04,00,00,-, ,00,10/11/2024,00,10/11/2024,1,8870
03,1024,006,1,075-7,1900695,03,12A232,19,40044,0066,3,1,0,03,04/11/2024,03,04/11/2024,2,-,-, , , , , , ,-, , , ,-, ,03,04/11/2024,03,04/11/2024,1,0
03,1024,006,1,090-1,1900841,03,12A232,19,40045,0104,4,1,0,00,15/11/2024,00,15/11/2024,2,-,-,04,1, , ,01,03,-,04,00,00,-, ,00,15/11/2024,00,15/11/2024,1,8226
03,1024,006,1,090-1,1900841,03,12A232,19,40045,0066,3,1,0,00,29/10/2024,00,29/10/2024,2,-,-,02,1, , ,02,01,-,02,00,00,-, ,00,29/10/2024,00,29/10/2024,1,8226
03,1024,006,1,090-1,1900841,03,12A232,19,40045,0036,2,1,0,00,02/11/2024,00,02/11/2024,2,-,-,03,1, , ,01,01,-,03,00,00,-, ,00,02/11/2024,00,02/11/2024,1,8226
03,1024,006,1,090-1,1900841,03,12A232,19,40045,0006,1,1,0,00,03/11/2024,00,03/11/2024,2,-,-,04,1, , ,02,01,-,04,00,00,-, ,00,03/11/2024,00,03/11/2024,1,8226
03,1024,019,1,060-9,1903836,03,12A232,19,40050,0009,1,1,0,00,07/11/2024,00,07/11/2024,2,-,-,03,1, , ,02,02,-,03,00,00,-, ,00,07/11/2024,00,07/11/2024,1,7830
03,1024,019,1,060-9,1903836,03,12A232,19,40050,0037,2,1,0,00,12/11/2024,00,12/11/2024,2,-,-,01, , , ,01,01,-,01,00,00,-, ,00,12/11/2024,00,12/11/2024,1,7830
03,1024,019,1,060-9,1903836,03,12A232,19,40050,0091,4,1,0,00,11/11/2024,00,11/11/2024,2,-,-,04,1, , ,01,01,-,04,00,00,-, ,00,11/11/2024,00,11/11/2024,1,7830
03,1024,019,1,060-9,1903836,03,12A232,19,40050,0061,3,1,0,00,07/11/2024,00,07/11/2024,2,-,-,03,1, , ,02,02,-,03,00,00,-, ,00,07/11/2024,00,07/11/2024,1,7830
03,1024,026,1,130-0,1906436,03,12A232,19,40058,0010,1,1,0,00,30/10/2024,00,30/10/2024,2,-,-,04,1, , ,03,03,-,04,00,00,-, ,00,30/10/2024,00,30/10/2024,1,8408
03,1024,026,1,130-0,1906436,03,12A232,19,40058,0096,3,1,0,00,06/11/2024,00,06/11/2024,2,-,-,03,1, , ,01,02,-,03,00,00,-, ,00,06/11/2024,00,06/11/2024,1,8408
03,1024,026,1,130-0,1906436,03,12A232,19,40058,0074,2,1,0,00,30/10/2024,00,30/10/2024,2,-,-,04,1, , ,01,02,-,04,00,00,-, ,00,30/10/2024,00,30/10/2024,1,8408
03,1024,026,1,130-0,1906436,03,12A232,19,40058,0136,4,1,0,00,06/11/2024,00,06/11/2024,2,-,-,02,1, , ,02,02,-,02,00,00,-, ,00,06/11/2024,00,06/11/2024,1,8408
03,1024,039,1,015-6,1908880,03,12A232,19,40063,0067,1,1,0,01,04/11/2024,01,19/11/2024,2,-,-, , , , , , ,-, , , ,-, ,01,04/11/2024,01,19/11/2024,1,0
03,1024,039,1,015-6,1908880,03,12A232,19,40063,0051,4,1,0,01,08/11/2024,01,19/11/2024,2,-,-, , , , , , ,-, , , ,-, ,01,08/11/2024,01,19/11/2024,1,0
03,1024,039,1,015-6,1908880,03,12A232,19,40063,0144,3,1,0,00,08/11/2024,00,08/11/2024,2,-,-,05,1, , ,02,03,-,05,00,00,-, ,00,08/11/2024,00,08/11/2024,1,8545
03,1024,039,1,015-6,1908880,03,12A232,19,40063,0106,2,1,0,00,04/11/2024,00,04/11/2024,2,-,-,02,1, , ,01,01,-,02,00,00,-, ,00,04/11/2024,00,04/11/2024,1,8545
03,1024,006,1,278-7,1901186,03,13A232,19,40083,0190,3,1,0,00,31/10/2024,00,31/10/2024,2,-,-,06,1, , ,02,02,-,06,00,00,-, ,00,31/10/2024,00,31/10/2024,1,9910
03,1024,006,1,278-7,1901186,03,13A232,19,40083,0146,1,1,0,00,09/11/2024,00,09/11/2024,2,-,-,03,1, , ,01,03,-,03,00,00,-, ,00,09/11/2024,00,09/11/2024,1,9910
03,1024,006,1,278-7,1901186,03,13A232,19,40083,0068,2,1,0,00,09/11/2024,00,09/11/2024,2,-,-,05,1, , ,02,02,-,05,00,00,-, ,00,09/11/2024,00,09/11/2024,1,9910
03,1024,006,1,278-7,1901186,03,13A232,19,40083,0249,4,1,0,00,31/10/2024,00,31/10/2024,2,-,-,03,1, , ,02,02,-,03,00,00,-, ,00,31/10/2024,00,31/10/2024,1,9910
03,1024,006,1,158-1,1900792,03,13A232,19,40084,0024,4,1,0,00,03/11/2024,00,03/11/2024,2,-,-,05,1, , ,01,03,-,05,00,00,-, ,00,03/11/2024,00,03/11/2024,1,11201
03,1024,006,1,158-1,1900792,03,13A232,19,40084,0144,3,1,0,00,10/11/2024,00,10/11/2024,2,-,-,03,1, , ,01,03,-,03,00,00,-, ,14,10/11/2024,14,10/11/2024,1,0
03,1024,006,1,158-1,1900792,03,13A232,19,40084,0104,2,1,0,00,04/11/2024,00,04/11/2024,2,-,-,08,1, , ,03,05,-,08,00,00,-, ,00,04/11/2024,00,04/11/2024,1,11201
03,1024,006,1,158-1,1900792,03,13A232,19,40084,0065,1,1,0,05,11/11/2024,02,16/11/2024,2,-,-, , , , , , ,-, , , ,-, ,05,11/11/2024,02,16/11/2024,1,0
03,1024,019,1,018-7,1903719,03,13A232,19,40088,0056,4,1,0,00,09/11/2024,00,09/11/2024,2,-,-,01, , , ,01,01,-,01,00,00,-, ,00,09/11/2024,00,09/11/2024,1,8913
03,1024,019,1,018-7,1903719,03,13A232,19,40088,0040,2,1,0,05,14/11/2024,05,14/11/2024,2,-,-, , , , , , ,-, , , ,-, ,05,14/11/2024,05,14/11/2024,1,0
03,1024,019,1,018-7,1903719,03,13A232,19,40088,0078,3,1,0,04,12/11/2024,04,12/11/2024,2,-,-, , , , , , ,-, , , ,-, ,04,12/11/2024,04,12/11/2024,1,0
03,1024,019,1,018-7,1903719,03,13A232,19,40088,0003,1,1,0,00,14/11/2024,00,14/11/2024,2,-,-,04,1, , ,02,01,-,04,00,00,-, ,14,14/11/2024,14,14/11/2024,1,0
03,1024,026,1,014-3,1906607,03,13A232,19,40096,0104,3,1,0,01,14/11/2024,01,14/11/2024,2,-,-, , , , , , ,-, , , ,-, ,01,14/11/2024,01,14/11/2024,1,0
03,1024,026,1,014-3,1906607,03,13A232,19,40096,0034,1,1,0,01,14/11/2024,01,14/11/2024,2,-,-, , , , , , ,-, , , ,-, ,01,14/11/2024,01,14/11/2024,1,0
03,1024,026,1,014-3,1906607,03,13A232,19,40096,0070,2,1,0,01,14/11/2024,01,14/11/2024,2,-,-, , , , , , ,-, , , ,-, ,01,14/11/2024,01,14/11/2024,1,0
03,1024,026,1,014-3,1906607,03,13A232,19,40096,0139,4,1,0,01,14/11/2024,01,14/11/2024,2,-,-, , , , , , ,-, , , ,-, ,01,14/11/2024,01,14/11/2024,1,0
03,1024,026,1,265-2,1906832,03,13A232,19,40097,0059,2,1,0,00,11/11/2024,00,11/11/2024,2,-,-,05,1, , ,05,01,-,05,00,00,-, ,00,11/11/2024,00,11/11/2024,1,10255
03,1024,026,1,265-2,1906832,03,13A232,19,40097,0088,3,1,0,00,11/11/2024,00,11/11/2024,2,-,-,04,1, , ,02,02,-,04,00,00,-, ,00,11/11/2024,00,11/11/2024,1,10255
03,1024,026,1,265-2,1906832,03,13A232,19,40097,0028,1,1,0,00,30/10/2024,00,30/10/2024,2,-,-,03,1, , ,02,02,-,03,00,00,-, ,00,30/10/2024,00,30/10/2024,1,10255
03,1024,026,1,265-2,1906832,03,13A232,19,40097,0122,4,1,0,00,14/11/2024,00,14/11/2024,2,-,-,03,1, , ,01,02,-,03,00,00,-, ,00,14/11/2024,00,14/11/2024,1,10255
03,1024,039,1,479-9,1909486,03,13A232,19,40102,0056,2,1,0,00,31/10/2024,00,31/10/2024,2,-,-,01, , , ,01,01,-,01,00,00,-, ,00,31/10/2024,00,31/10/2024,1,10262
03,1024,039,1,479-9,1909486,03,13A232,19,40102,0082,3,1,0,00,11/11/2024,00,11/11/2024,2,-,-,04,1, , ,02,02,-,04,00,00,-, ,00,11/11/2024,00,11/11/2024,1,10262
03,1024,039,1,479-9,1909486,03,13A232,19,40102,0029,1,1,0,00,31/10/2024,00,31/10/2024,2,-,-,03,1, , ,02,01,-,03,00,00,-, ,16,31/10/2024,16,31/10/2024,1,0
03,1024,039,1,479-9,1909486,03,13A232,19,40102,0109,4,1,0,03,11/11/2024,03,11/11/2024,2,-,-, , , , , , ,-, , , ,-, ,03,11/11/2024,03,11/11/2024,1,0
03,1024,046,1,132-2,1912297,03,13A232,19,40110,0008,1,1,0,00,13/11/2024,00,13/11/2024,2,-,-,02,1, , ,02,01,-,02,00,00,-, ,00,13/11/2024,00,13/11/2024,1,9775
03,1024,046,1,132-2,1912297,03,13A232,19,40110,0064,3,1,0,00,13/11/2024,00,13/11/2024,2,-,-,04,1, , ,01,03,-,04,00,00,-, ,00,13/11/2024,00,13/11/2024,1,9775
03,1024,046,1,132-2,1912297,03,13A232,19,40110,0092,4,1,0,05,15/11/2024,05,15/11/2024,2,-,-, , , , , , ,-, , , ,-, ,05,15/11/2024,05,15/11/2024,1,0
03,1024,046,1,132-2,1912297,03,13A232,19,40110,0037,2,1,0,01,15/11/2024,01,19/11/2024,2,-,-, , , , , , ,-, , , ,-, ,01,15/11/2024,01,19/11/2024,1,0
03,1024,048,1,083-1,1913090,03,13A232,19,40114,0043,1,1,0,00,13/11/2024,00,13/11/2024,2,-,-,02,1, , ,02,02,-,02,00,00,-, ,00,13/11/2024,00,13/11/2024,1,10966
03,1024,048,1,083-1,1913090,03,13A232,19,40114,0107,4,1,0,00,08/11/2024,00,08/11/2024,2,-,-,02,1, , ,01,01,-,02,00,00,-, ,00,08/11/2024,00,08/11/2024,1,10966
03,1024,048,1,083-1,1913090,03,13A232,19,40114,0143,3,1,0,00,31/10/2024,00,31/10/2024,2,-,-,01, , , ,01,01,-,01,00,00,-, ,00,31/10/2024,00,31/10/2024,1,10966
03,1024,048,1,083-1,1913090,03,13A232,19,40114,0072,2,1,0,07,06/11/2024,07,06/11/2024,2,-,-, , , , , , ,-, , , ,-, ,07,06/11/2024,07,06/11/2024,1,0
03,1024,018,1,184-5,1902963,03,11A232,19,40232,0015,1,1,0,01,11/11/2024,01,11/11/2024,2,-,-, , , , , , ,-, , , ,-, ,01,11/11/2024,01,11/11/2024,1,0
03,1024,018,1,184-5,1902963,03,11A232,19,40232,0126,4,1,0,00,05/11/2024,00,05/11/2024,2,-,-,04,1, , ,01,03,-,04,00,00,-, ,00,05/11/2024,00,05/11/2024,1,8911
03,1024,018,1,184-5,1902963,03,11A232,19,40232,0092,3,1,0,00,30/10/2024,00,30/10/2024,2,-,-,04,1, , ,02,02,-,04,00,00,-, ,00,30/10/2024,00,30/10/2024,1,8911
03,1024,018,1,184-5,1902963,03,11A232,19,40232,0052,2,1,0,00,11/11/2024,00,11/11/2024,2,-,-,02,1, , ,02,01,-,02,00,00,-, ,00,11/11/2024,00,11/11/2024,1,8911
03,1024,039,1,480-1,1909852,03,11A232,19,40481,0031,4,1,0,05,13/11/2024,05,19/11/2024,2,-,-, , , , , , ,-, , , ,-, ,05,13/11/2024,05,19/11/2024,1,0
03,1024,039,1,480-1,1909852,03,11A232,19,40481,0105,1,1,0,00,31/10/2024,00,31/10/2024,2,-,-,05,1, , ,01,01,-,05,00,00,-, ,00,31/10/2024,00,31/10/2024,1,6908
03,1024,039,1,480-1,1909852,03,11A232,19,40481,0054,3,1,0,04,15/11/2024,04,19/11/2024,2,-,-, , , , , , ,-, , , ,-, ,04,15/11/2024,04,19/11/2024,1,0
03,1024,039,1,480-1,1909852,03,11A232,19,40481,0149,2,1,0,05,14/11/2024,04,19/11/2024,2,-,-, , , , , , ,-, , , ,-, ,05,14/11/2024,04,19/11/2024,1,0
03,1024,021,1,059-4,1904097,03,11A232,19,40485,0127,3,1,0,00,07/11/2024,00,07/11/2024,2,-,-,01, , , ,01,01,-,01,00,00,-, ,00,07/11/2024,00,07/11/2024,1,9096
03,1024,021,1,059-4,1904097,03,11A232,19,40485,0028,1,1,0,00,20/11/2024,00,20/11/2024,2,-,-,06,1, , ,04,01,-,06,00,00,-, ,00,20/11/2024,00,20/11/2024,1,9096
03,1024,021,1,059-4,1904097,03,11A232,19,40485,0120,4,1,0,00,07/11/2024,00,07/11/2024,2,-,-,04,1, , ,01,03,-,04,00,00,-, ,00,07/11/2024,00,07/11/2024,1,9096
03,1024,021,1,059-4,1904097,03,11A232,19,40485,0057,2,1,0,00,07/11/2024,00,07/11/2024,2,-,-,02,1, , ,01,02,-,02,00,00,-, ,00,07/11/2024,00,07/11/2024,1,9096
03,1024,021,1,166-2,1904563,03,11A232,19,40488,0035,2,1,0,00,07/11/2024,00,07/11/2024,2,-,-,03,1, , ,02,02,-,03,00,00,-, ,00,07/11/2024,00,07/11/2024,1,7908
03,1024,021,1,166-2,1904563,03,11A232,19,40488,0015,1,1,0,03,14/11/2024,03,14/11/2024,2,-,-, , , , , , ,-, , , ,-, ,03,14/11/2024,03,14/11/2024,1,0
03,1024,021,1,166-2,1904563,03,11A232,19,40488,0085,4,1,0,00,30/10/2024,00,30/10/2024,2,-,-,03,1, , ,02,02,-,03,00,00,-, ,00,30/10/2024,00,30/10/2024,1,7908
03,1024,021,1,166-2,1904563,03,11A232,19,40488,0061,3,1,0,00,09/11/2024,00,09/11/2024,2,-,-,05,1, , ,02,01,-,05,00,00,-, ,00,09/11/2024,00,09/11/2024,1,7908
03,1024,021,1,136-1,1905033,03,11A232,19,40489,0064,2,1,0,00,05/11/2024,00,05/11/2024,2,-,-,05,1, , ,01,01,-,05,00,00,-, ,00,05/11/2024,00,05/11/2024,1,9345
03,1024,021,1,136-1,1905033,03,11A232,19,40489,0025,1,1,0,00,05/11/2024,00,05/11/2024,2,-,-,04,1, , ,02,02,-,04,00,00,-, ,00,05/11/2024,00,05/11/2024,1,9345
03,1024,021,1,136-1,1905033,03,11A232,19,40489,0127,4,1,0,01,13/11/2024,01,13/11/2024,2,-,-, , , , , , ,-, , , ,-, ,01,13/11/2024,01,13/11/2024,1,0
03,1024,021,1,136-1,1905033,03,11A232,19,40489,0091,3,1,0,00,29/10/2024,00,29/10/2024,1,-,-,10,2,02,04,02,02,-,04,00,00,-, ,00,29/10/2024,00,29/10/2024,1,9345
03,1024,026,1,085-3,1906289,03,11A232,19,40492,0132,2,1,0,00,13/11/2024,00,13/11/2024,2,-,-,02,1, , ,01,02,-,02,00,00,-, ,00,13/11/2024,00,13/11/2024,1,10784
03,1024,026,1,085-3,1906289,03,11A232,19,40492,0112,4,1,0,00,05/11/2024,00,05/11/2024,2,-,-,07,1, , ,04,02,-,07,00,00,-, ,00,05/11/2024,00,05/11/2024,1,10784
03,1024,026,1,085-3,1906289,03,11A232,19,40492,0157,1,1,0,07,13/11/2024,07,13/11/2024,2,-,-, , , , , , ,-, , , ,-, ,07,13/11/2024,07,13/11/2024,1,0
03,1024,026,1,085-3,1906289,03,11A232,19,40492,0172,3,1,0,00,05/11/2024,00,05/11/2024,2,-,-,05,1, , ,02,01,-,05,00,00,-, ,00,05/11/2024,00,05/11/2024,1,10784
03,1024,026,1,214-A,1906771,03,11A232,19,40494,0103,4,1,0,00,31/10/2024,00,31/10/2024,2,-,-,01, , , ,01,01,-,01,00,00,-, ,00,31/10/2024,00,31/10/2024,1,8774
03,1024,026,1,214-A,1906771,03,11A232,19,40494,0005,1,1,0,00,03/11/2024,00,03/11/2024,2,-,-,03,1, , ,02,01,-,03,00,00,-, ,00,03/11/2024,00,03/11/2024,1,8774
03,1024,026,1,214-A,1906771,03,11A232,19,40494,0067,3,1,0,00,03/11/2024,00,03/11/2024,2,-,-,04,1, , ,02,03,-,04,00,00,-, ,00,03/11/2024,00,03/11/2024,1,8774
03,1024,026,1,214-A,1906771,03,11A232,19,40494,0037,2,1,0,00,14/11/2024,00,14/11/2024,2,-,-,04,1, , ,01,03,-,04,00,00,-, ,15,14/11/2024,15,14/11/2024,1,0
03,1024,031,1,165-4,1907688,03,11A232,19,40498,0078,3,1,0,00,08/11/2024,00,08/11/2024,2,-,-,02,1, , ,01,02,-,02,00,00,-, ,00,08/11/2024,00,08/11/2024,1,8518
03,1024,031,1,165-4,1907688,03,11A232,19,40498,0114,4,1,0,00,03/11/2024,00,03/11/2024,2,-,-,03,1, , ,01,02,-,03,00,00,-, ,00,03/11/2024,00,03/11/2024,1,8518
03,1024,031,1,165-4,1907688,03,11A232,19,40498,0006,1,1,0,03,03/11/2024,03,03/11/2024,2,-,-, , , , , , ,-, , , ,-, ,03,03/11/2024,03,03/11/2024,1,0
03,1024,031,1,165-4,1907688,03,11A232,19,40498,0041,2,1,0,00,31/10/2024,00,31/10/2024,2,-,-,04,1, , ,01,01,-,04,00,00,-, ,00,31/10/2024,00,31/10/2024,1,8518
03,1024,039,1,032-A,1908552,03,11A232,19,40501,0012,2,1,0,00,02/11/2024,00,02/11/2024,2,-,-,04,1, , ,03,01,-,04,00,00,-, ,00,02/11/2024,00,02/11/2024,1,10916
03,1024,039,1,032-A,1908552,03,11A232,19,40501,0068,4,1,0,00,02/11/2024,00,02/11/2024,2,-,-,04,1, , ,02,02,-,04,00,00,-, ,00,02/11/2024,00,02/11/2024,1,10916
03,1024,039,1,032-A,1908552,03,11A232,19,40501,0132,1,1,0,00,04/11/2024,00,04/11/2024,2,-,-,03,1, , ,01,01,-,03,00,00,-, ,00,04/11/2024,00,04/11/2024,1,10916
03,1024,039,1,032-A,1908552,03,11A232,19,40501,0129,3,1,0,00,14/11/2024,00,14/11/2024,2,-,-,04,1, , ,01,02,-,04,00,00,-, ,00,14/11/2024,00,14/11/2024,1,10916
03,1024,039,1,380-3,1908698,03,11A232,19,40502,0093,4,1,0,00,13/11/2024,00,13/11/2024,2,-,-,06,1, , ,01,03,-,06,00,00,-, ,00,13/11/2024,00,13/11/2024,1,8477
03,1024,039,1,380-3,1908698,03,11A232,19,40502,0002,1,1,0,00,08/11/2024,00,08/11/2024,2,-,-,01, , , ,01,01,-,01,00,00,-, ,00,08/11/2024,00,08/11/2024,1,8477
03,1024,039,1,380-3,1908698,03,11A232,19,40502,0062,3,1,0,00,14/11/2024,00,14/11/2024,2,-,-,05,1, , ,01,02,-,05,00,00,-, ,00,14/11/2024,00,14/11/2024,1,8477
03,1024,039,1,380-3,1908698,03,11A232,19,40502,0031,2,1,0,00,11/11/2024,00,11/11/2024,2,-,-,04,1, , ,02,02,-,04,00,00,-, ,00,11/11/2024,00,11/11/2024,1,8477
03,1024,039,1,011-8,1909446,03,11A232,19,40505,0045,3,1,0,00,05/11/2024,00,05/11/2024,2,-,-,04,1, , ,02,01,-,04,00,00,-, ,00,05/11/2024,00,05/11/2024,1,8386
03,1024,039,1,011-8,1909446,03,11A232,19,40505,0113,2,1,0,00,08/11/2024,00,08/11/2024,2,-,-,01, , , ,01,01,-,01,00,00,-, ,00,08/11/2024,00,08/11/2024,1,8386
03,1024,039,1,011-8,1909446,03,11A232,19,40505,0038,4,1,0,01,08/11/2024,01,08/11/2024,2,-,-, , , , , , ,-, , , ,-, ,01,08/11/2024,01,08/11/2024,1,0
03,1024,039,1,011-8,1909446,03,11A232,19,40505,0085,1,1,0,00,08/11/2024,00,08/11/2024,2,-,-,05,1, , ,03,02,-,05,00,00,-, ,00,08/11/2024,00,08/11/2024,1,8386
03,1024,039,1,391-1,1910680,03,11A232,19,40507,0139,4,1,0,00,10/11/2024,00,10/11/2024,2,-,-,05,1, , ,02,01,-,05,00,00,-, ,00,10/11/2024,00,10/11/2024,1,9460
03,1024,039,1,391-1,1910680,03,11A232,19,40507,0072,2,1,0,00,30/10/2024,00,30/10/2024,2,-,-,13,1, , ,03,04,-,13,00,00,-, ,00,30/10/2024,00,30/10/2024,1,9460
03,1024,039,1,391-1,1910680,03,11A232,19,40507,0106,3,1,0,00,14/11/2024,00,14/11/2024,2,-,-,10,1, , ,02,01,-,10,00,00,-, ,00,14/11/2024,00,14/11/2024,1,9460
03,1024,039,1,391-1,1910680,03,11A232,19,40507,0033,1,1,0,00,08/11/2024,00,08/11/2024,2,-,-,03,1, , ,01,02,-,03,00,00,-, ,00,08/11/2024,00,08/11/2024,1,9460
03,1024,048,1,126-1,1913366,03,11A232,19,40511,0023,1,1,0,00,07/11/2024,00,07/11/2024,2,-,-,05,1, , ,04,04,-,05,00,00,-, ,00,07/11/2024,00,07/11/2024,1,8637
03,1024,048,1,126-1,1913366,03,11A232,19,40511,0121,4,1,0,00,15/11/2024,00,15/11/2024,2,-,-,05,1, , ,03,01,-,05,00,00,-, ,14,15/11/2024,14,15/11/2024,1,0
03,1024,048,1,126-1,1913366,03,11A232,19,40511,0057,2,1,0,00,07/11/2024,00,07/11/2024,2,-,-,02,1, , ,01,01,-,02,00,00,-, ,00,07/11/2024,00,07/11/2024,1,8637
03,1024,048,1,126-1,1913366,03,11A232,19,40511,0088,3,1,0,10,29/10/2024,10,29/10/2024,2,-,-, , , , , , ,-, , , ,-, ,10,29/10/2024,10,29/10/2024,1,0
03,1024,018,1,104-6,1903026,03,11A232,19,40514,0187,4,1,0,05,30/10/2024,05,30/10/2024,2,-,-, , , , , , ,-, , , ,-, ,05,30/10/2024,05,30/10/2024,1,0
03,1024,018,1,104-6,1903026,03,11A232,19,40514,0016,1,1,0,00,10/11/2024,00,10/11/2024,2,-,-,05,1, , ,02,02,-,05,00,00,-, ,00,10/11/2024,00,10/11/2024,1,10885
03,1024,018,1,104-6,1903026,03,11A232,19,40514,0128,3,1,0,06,11/11/2024,06,11/11/2024,2,-,-, , , , , , ,-, , , ,-, ,06,11/11/2024,06,11/11/2024,1,0
03,1024,018,1,104-6,1903026,03,11A232,19,40514,0071,2,1,0,00,11/11/2024,00,11/11/2024,2,-,-,02,1, , ,02,01,-,02,00,00,-, ,00,11/11/2024,00,11/11/2024,1,10885
03,1024,006,1,109-8,1900826,03,12A232,19,40524,0052,2,1,0,00,05/11/2024,00,05/11/2024,2,-,-,05,1, , ,02,03,-,05,00,00,-, ,14,05/11/2024,14,05/11/2024,1,0
03,1024,006,1,109-8,1900826,03,12A232,19,40524,0120,3,1,0,00,06/11/2024,00,06/11/2024,2,-,-,05,1, , ,02,04,-,05,00,00,-, ,00,06/11/2024,00,06/11/2024,1,8365
03,1024,006,1,109-8,1900826,03,12A232,19,40524,0019,1,1,0,00,30/10/2024,00,30/10/2024,2,-,-,04,1, , ,02,02,-,04,00,00,-, ,00,30/10/2024,00,30/10/2024,1,8365
03,1024,006,1,109-8,1900826,03,12A232,19,40524,0089,4,1,0,00,30/10/2024,00,30/10/2024,1,-,-,05,2,02,01,01,01,-,01,00,00,-, ,00,30/10/2024,00,30/10/2024,1,8365
03,1024,006,1,161-3,1901301,03,12A232,19,40527,0060,4,1,0,00,28/10/2024,00,28/10/2024,2,-,-,04,1, , ,01,01,-,04,00,00,-, ,00,28/10/2024,00,28/10/2024,1,8729
03,1024,006,1,161-3,1901301,03,12A232,19,40527,0100,1,1,0,00,15/11/2024,00,15/11/2024,2,-,-,04,1, , ,02,03,-,04,00,00,-, ,00,15/11/2024,00,15/11/2024,1,8729
03,1024,006,1,161-3,1901301,03,12A232,19,40527,0136,2,1,0,00,28/10/2024,00,28/10/2024,2,-,-,02,1, , ,01,01,-,02,00,00,-, ,00,28/10/2024,00,28/10/2024,1,8729
03,1024,006,1,161-3,1901301,03,12A232,19,40527,0025,3,1,0,00,05/11/2024,00,05/11/2024,2,-,-,05,1, , ,01,03,-,05,00,00,-, ,00,05/11/2024,00,05/11/2024,1,8729
03,1024,006,1,087-A,1901477,03,12A232,19,40528,0028,2,1,0,00,30/10/2024,00,30/10/2024,2,-,-,02,1, , ,02,01,-,02,00,00,-, ,00,30/10/2024,00,30/10/2024,1,8656
03,1024,006,1,087-A,1901477,03,12A232,19,40528,0054,3,1,0,01,14/11/2024,05,16/11/2024,2,-,-, , , , , , ,-, , , ,-, ,01,14/11/2024,05,16/11/2024,1,0
03,1024,006,1,087-A,1901477,03,12A232,19,40528,0081,4,1,0,00,04/11/2024,00,04/11/2024,1,-,-,05,2,02,02,01,01,-,02,00,00,-, ,00,04/11/2024,00,04/11/2024,1,8656
03,1024,006,1,087-A,1901477,03,12A232,19,40528,0003,1,1,0,00,03/11/2024,00,03/11/2024,2,-,-,02,1, , ,02,01,-,02,00,00,-, ,00,03/11/2024,00,03/11/2024,1,8656
03,1024,021,1,071-5,1904597,03,12A232,19,40531,0121,4,1,0,00,30/10/2024,00,30/10/2024,1,-,-,05,2,02,01,01,01,-,01,00,00,-, ,00,30/10/2024,00,30/10/2024,1,8761
03,1024,021,1,071-5,1904597,03,12A232,19,40531,0089,3,1,0,00,30/10/2024,00,30/10/2024,2,-,-,04,1, , ,02,03,-,04,00,00,-, ,00,30/10/2024,00,30/10/2024,1,8761
03,1024,021,1,071-5,1904597,03,12A232,19,40531,0059,2,1,0,00,30/10/2024,00,30/10/2024,2,-,-,02,1, , ,01,01,-,02,00,00,-, ,00,30/10/2024,00,30/10/2024,1,8761
03,1024,021,1,071-5,1904597,03,12A232,19,40531,0026,1,1,0,00,07/11/2024,00,07/11/2024,2,-,-,03,1, , ,01,01,-,03,00,00,-, ,00,07/11/2024,00,07/11/2024,1,8761
03,1024,021,1,015-1,1904829,03,12A232,19,40533,0009,3,1,0,07,14/11/2024,07,14/11/2024,2,-,-, , , , , , ,-, , , ,-, ,07,14/11/2024,07,14/11/2024,1,0
03,1024,021,1,015-1,1904829,03,12A232,19,40533,0090,2,1,0,00,30/10/2024,00,30/10/2024,2,-,-,02,1, , ,01,01,-,02,00,00,-, ,00,30/10/2024,00,30/10/2024,1,8362
03,1024,021,1,015-1,1904829,03,12A232,19,40533,0042,4,1,0,00,14/11/2024,00,14/11/2024,2,-,-,03,1, , ,02,03,-,03,00,00,-, ,14,14/11/2024,14,14/11/2024,1,0
03,1024,021,1,015-1,1904829,03,12A232,19,40533,0057,1,1,0,00,30/10/2024,00,30/10/2024,1,-,-,05,2,02,01,01,01,-,01,00,00,-, ,00,30/10/2024,00,30/10/2024,1,8362
03,1024,026,1,119-4,1906312,03,12A232,19,40537,0022,1,1,0,00,01/11/2024,00,01/11/2024,2,-,-,03,1, , ,03,03,-,03,00,00,-, ,00,01/11/2024,00,01/11/2024,1,8471
03,1024,026,1,119-4,1906312,03,12A232,19,40537,0120,2,1,0,00,01/11/2024,00,01/11/2024,2,-,-,01, , , ,01,01,-,01,00,00,-, ,00,01/11/2024,00,01/11/2024,1,8471
03,1024,026,1,119-4,1906312,03,12A232,19,40537,0087,4,1,0,00,15/11/2024,00,15/11/2024,2,-,-,02,1, , ,02,02,-,02,00,00,-, ,00,15/11/2024,00,15/11/2024,1,8471
03,1024,026,1,119-4,1906312,03,12A232,19,40537,0043,3,1,0,00,12/11/2024,00,12/11/2024,2,-,-,04,1, , ,01,02,-,04,00,00,-, ,00,12/11/2024,00,12/11/2024,1,8471
03,1024,031,1,073-0,1907563,03,12A232,19,40540,0015,1,1,0,00,29/10/2024,00,29/10/2024,2,-,-,03,1, , ,01,01,-,03,00,00,-, ,00,29/10/2024,00,29/10/2024,1,8962
03,1024,031,1,073-0,1907563,03,12A232,19,40540,0120,4,1,0,03,29/10/2024,03,29/10/2024,2,-,-, , , , , , ,-, , , ,-, ,03,29/10/2024,03,29/10/2024,1,0
03,1024,031,1,073-0,1907563,03,12A232,19,40540,0048,2,1,0,00,14/11/2024,00,14/11/2024,2,-,-,03,1, , ,01,01,-,03,00,00,-, ,00,14/11/2024,00,14/11/2024,1,8962
03,1024,031,1,073-0,1907563,03,12A232,19,40540,0085,3,1,0,00,14/11/2024,00,14/11/2024,2,-,-,03,1, , ,01,01,-,03,00,00,-, ,00,14/11/2024,00,14/11/2024,1,8962
03,1024,031,1,119-4,1907987,03,12A232,19,40541,0117,3,1,0,00,29/10/2024,00,29/10/2024,2,-,-,05,1, , ,03,03,-,05,00,00,-, ,00,29/10/2024,00,29/10/2024,1,9397
03,1024,031,1,119-4,1907987,03,12A232,19,40541,0156,4,1,0,00,29/10/2024,00,29/10/2024,2,-,-,05,1, , ,02,03,-,05,00,00,-, ,00,29/10/2024,00,29/10/2024,1,9397
03,1024,031,1,119-4,1907987,03,12A232,19,40541,0077,2,1,0,00,14/11/2024,00,14/11/2024,2,-,-,04,1, , ,02,02,-,04,00,00,-, ,00,14/11/2024,00,14/11/2024,1,9397
03,1024,031,1,119-4,1907987,03,12A232,19,40541,0036,1,1,0,00,29/10/2024,00,29/10/2024,2,-,-,01, , , ,01,01,-,01,00,00,-, ,00,29/10/2024,00,29/10/2024,1,9397
03,1024,039,1,158-2,1909354,03,12A232,19,40544,0137,1,1,0,00,07/11/2024,00,07/11/2024,2,-,-,03,1, , ,01,01,-,03,00,00,-, ,00,07/11/2024,00,07/11/2024,1,7267
03,1024,039,1,158-2,1909354,03,12A232,19,40544,0040,3,1,0,00,12/11/2024,00,12/11/2024,2,-,-,07,1, , ,05,01,-,07,00,00,-, ,00,12/11/2024,00,12/11/2024,1,7267
03,1024,039,1,158-2,1909354,03,12A232,19,40544,0078,4,1,0,00,07/11/2024,00,07/11/2024,2,-,-,01, , , ,01,01,-,01,00,00,-, ,00,07/11/2024,00,07/11/2024,1,7267
03,1024,039,1,158-2,1909354,03,12A232,19,40544,0004,2,1,0,00,03/11/2024,00,03/11/2024,2,-,-,02,1, , ,02,01,-,02,00,00,-, ,00,03/11/2024,00,03/11/2024,1,7267
03,1024,039,1,438-A,1909821,03,12A232,19,40546,0122,3,1,0,00,09/11/2024,00,09/11/2024,2,-,-,04,1, , ,01,03,-,04,00,00,-, ,14,09/11/2024,14,09/11/2024,1,0
03,1024,039,1,438-A,1909821,03,12A232,19,40546,0044,2,1,0,00,06/11/2024,00,06/11/2024,2,-,-,01, , , ,01,01,-,01,00,00,-, ,00,06/11/2024,00,06/11/2024,1,8659
03,1024,039,1,438-A,1909821,03,12A232,19,40546,0006,1,1,0,00,09/11/2024,00,09/11/2024,2,-,-,03,1, , ,01,02,-,03,00,00,-, ,14,09/11/2024,14,09/11/2024,1,0
03,1024,039,1,438-A,1909821,03,12A232,19,40546,0077,4,1,0,00,09/11/2024,00,09/11/2024,2,-,-,07,1, , ,02,01,-,07,00,00,-, ,00,09/11/2024,00,09/11/2024,1,8659
03,1024,046,1,134-1,1911906,03,12A232,19,40550,0018,1,1,0,00,11/11/2024,00,11/11/2024,2,-,-,03,1, , ,01,03,-,03,00,00,-, ,00,11/11/2024,00,11/11/2024,1,8825
03,1024,046,1,134-1,1911906,03,12A232,19,40550,0045,2,1,0,00,11/11/2024,00,11/11/2024,2,-,-,02,1, , ,02,02,-,02,00,00,-, ,00,11/11/2024,00,11/11/2024,1,8825
03,1024,046,1,134-1,1911906,03,12A232,19,40550,0070,3,1,0,00,07/11/2024,00,07/11/2024,2,-,-,03,1, , ,02,02,-,03,00,00,-, ,00,07/11/2024,00,07/11/2024,1,8825
03,1024,046,1,134-1,1911906,03,12A232,19,40550,0098,4,1,0,05,13/11/2024,05,13/11/2024,2,-,-, , , , , , ,-, , , ,-, ,05,13/11/2024,05,13/11/2024,1,0
03,1024,046,1,163-8,1912803,03,12A232,19,40553,0138,1,1,0,00,31/10/2024,00,31/10/2024,2,-,-,05,1, , ,02,02,-,05,00,00,-, ,00,31/10/2024,00,31/10/2024,1,8876
03,1024,046,1,163-8,1912803,03,12A232,19,40553,0017,2,1,0,00,31/10/2024,00,31/10/2024,2,-,-,01, , , ,01,01,-,01,00,00,-, ,00,31/10/2024,00,31/10/2024,1,8876
03,1024,046,1,163-8,1912803,03,12A232,19,40553,0059,3,1,0,00,31/10/2024,00,31/10/2024,2,-,-,01, , , ,01,01,-,01,00,00,-, ,00,31/10/2024,00,31/10/2024,1,8876
03,1024,046,1,163-8,1912803,03,12A232,19,40553,0098,4,1,0,00,31/10/2024,00,31/10/2024,2,-,-,02,1, , ,02,01,-,02,00,00,-, ,00,31/10/2024,00,31/10/2024,1,8876
03,1024,048,1,094-A,1913034,03,12A232,19,40554,0017,1,1,0,00,28/10/2024,00,28/10/2024,2,-,-,04,1, , ,01,01,-,04,00,00,-, ,00,28/10/2024,00,28/10/2024,1,8223
03,1024,048,1,094-A,1913034,03,12A232,19,40554,0108,4,1,0,00,06/11/2024,00,06/11/2024,2,-,-,06,1, , ,02,01,-,06,00,00,-, ,00,06/11/2024,00,06/11/2024,1,8223
03,1024,048,1,094-A,1913034,03,12A232,19,40554,0048,2,1,0,00,29/10/2024,00,29/10/2024,1,-,-,05,2,02,01,01,01,-,01,00,00,-, ,00,29/10/2024,00,29/10/2024,1,8223
03,1024,048,1,094-A,1913034,03,12A232,19,40554,0080,3,1,0,00,06/11/2024,00,06/11/2024,2,-,-,03,1, , ,02,02,-,03,00,00,-, ,00,06/11/2024,00,06/11/2024,1,8223
03,1024,048,1,090-1,1913621,03,12A232,19,40557,0097,1,1,0,00,09/11/2024,00,09/11/2024,2,-,-,02,1, , ,01,02,-,02,00,00,-, ,00,09/11/2024,00,09/11/2024,1,8432
03,1024,048,1,090-1,1913621,03,12A232,19,40557,0130,2,1,0,00,29/10/2024,00,29/10/2024,2,-,-,03,1, , ,01,01,-,03,00,00,-, ,00,29/10/2024,00,29/10/2024,1,8432
03,1024,048,1,090-1,1913621,03,12A232,19,40557,0032,3,1,0,00,09/11/2024,00,09/11/2024,2,-,-,02,1, , ,02,01,-,02,00,00,-, ,00,09/11/2024,00,09/11/2024,1,8432
03,1024,048,1,090-1,1913621,03,12A232,19,40557,0065,4,1,0,00,06/11/2024,00,06/11/2024,2,-,-,02,1, , ,02,01,-,02,00,00,-, ,00,06/11/2024,00,06/11/2024,1,8432
03,1024,049,1,016-7,1913707,03,12A232,19,40559,0210,4,1,0,00,05/11/2024,00,05/11/2024,2,-,-,01, , , ,01,01,-,01,00,00,-, ,00,05/11/2024,00,05/11/2024,1,10542
03,1024,049,1,016-7,1913707,03,12A232,19,40559,0145,3,1,0,00,02/11/2024,00,02/11/2024,2,-,-,02,1, , ,02,02,-,02,00,00,-, ,00,02/11/2024,00,02/11/2024,1,10542
03,1024,049,1,016-7,1913707,03,12A232,19,40559,0028,1,1,0,00,02/11/2024,00,02/11/2024,2,-,-,02,1, , ,01,02,-,02,00,00,-, ,00,02/11/2024,00,02/11/2024,1,10542
03,1024,049,1,016-7,1913707,03,12A232,19,40559,0086,2,1,0,05,02/11/2024,06,06/11/2024,2,-,-, , , , , , ,-, , , ,-, ,05,02/11/2024,06,06/11/2024,1,0
03,1024,006,1,231-0,1900196,03,13A232,19,40563,0022,1,1,0,00,05/11/2024,00,05/11/2024,2,-,-,05,1, , ,01,03,-,05,00,00,-, ,00,05/11/2024,00,05/11/2024,1,10951
03,1024,006,1,231-0,1900196,03,13A232,19,40563,0130,4,1,0,00,05/11/2024,00,05/11/2024,1,-,-,04,2,02,01,01,01,-,01,00,00,-, ,00,05/11/2024,00,05/11/2024,1,10951
03,1024,006,1,231-0,1900196,03,13A232,19,40563,0058,2,1,0,00,12/11/2024,00,12/11/2024,2,-,-,01, , , ,01,01,-,01,00,00,-, ,00,12/11/2024,00,12/11/2024,1,10951
03,1024,006,1,231-0,1900196,03,13A232,19,40563,0095,3,1,0,00,05/11/2024,00,05/11/2024,2,-,-,02,1, , ,02,01,-,02,00,00,-, ,14,05/11/2024,14,05/11/2024,1,0
03,1024,006,1,228-9,1901381,03,13A232,19,40566,0015,1,1,0,00,03/11/2024,00,03/11/2024,2,-,-,02,1, , ,01,01,-,02,00,00,-, ,00,03/11/2024,00,03/11/2024,1,11808
03,1024,006,1,228-9,1901381,03,13A232,19,40566,0192,4,1,0,00,05/11/2024,00,05/11/2024,2,-,-,05,1, , ,02,02,-,05,00,00,-, ,00,05/11/2024,00,05/11/2024,1,11808
03,1024,006,1,228-9,1901381,03,13A232,19,40566,0090,2,1,0,00,05/11/2024,00,05/11/2024,2,-,-,04,1, , ,03,03,-,04,00,00,-, ,00,05/11/2024,00,05/11/2024,1,11808
03,1024,006,1,228-9,1901381,03,13A232,19,40566,0156,3,1,0,03,03/11/2024,03,03/11/2024,2,-,-, , , , , , ,-, , , ,-, ,03,03/11/2024,03,03/11/2024,1,0
03,1024,006,1,211-3,1901628,03,13A232,19,40567,0105,1,1,0,03,10/11/2024,03,16/11/2024,2,-,-, , , , , , ,-, , , ,-, ,03,10/11/2024,03,16/11/2024,1,0
03,1024,006,1,211-3,1901628,03,13A232,19,40567,0092,3,1,0,00,06/11/2024,00,06/11/2024,2,-,-,08,1, , ,03,03,-,08,00,00,-, ,00,06/11/2024,00,06/11/2024,1,11272
03,1024,006,1,211-3,1901628,03,13A232,19,40567,0055,2,1,0,00,30/10/2024,00,30/10/2024,2,-,-,04,1, , ,02,02,-,04,00,00,-, ,00,30/10/2024,00,30/10/2024,1,11272
03,1024,006,1,211-3,1901628,03,13A232,19,40567,0138,4,1,0,00,06/11/2024,00,06/11/2024,2,-,-,05,1, , ,02,01,-,05,00,00,-, ,14,06/11/2024,14,06/11/2024,1,0
03,1024,021,1,009-6,1904582,03,13A232,19,40570,0020,1,1,0,01,11/11/2024,01,11/11/2024,2,-,-, , , , , , ,-, , , ,-, ,01,11/11/2024,01,11/11/2024,1,0
03,1024,021,1,009-6,1904582,03,13A232,19,40570,0114,4,1,0,13,10/11/2024,13,10/11/2024,2,-,-, , , , , , ,-, , , ,-, ,13,10/11/2024,13,10/11/2024,1,0
03,1024,021,1,009-6,1904582,03,13A232,19,40570,0083,3,1,0,03,11/11/2024,03,11/11/2024,2,-,-, , , , , , ,-, , , ,-, ,03,11/11/2024,03,11/11/2024,1,0
03,1024,021,1,009-6,1904582,03,13A232,19,40570,0052,2,1,0,01,11/11/2024,01,11/11/2024,2,-,-, , , , , , ,-, , , ,-, ,01,11/11/2024,01,11/11/2024,1,0
03,1024,021,1,142-7,1904911,03,13A232,19,40572,0061,3,1,0,00,15/11/2024,00,15/11/2024,2,-,-,02,1, , ,01,02,-,02,00,00,-, ,00,15/11/2024,00,15/11/2024,1,10785
03,1024,021,1,142-7,1904911,03,13A232,19,40572,0135,4,1,0,01,15/11/2024,01,15/11/2024,2,-,-, , , , , , ,-, , , ,-, ,01,15/11/2024,01,15/11/2024,1,0
03,1024,021,1,142-7,1904911,03,13A232,19,40572,0297,2,1,0,00,15/11/2024,00,15/11/2024,2,-,-,02,1, , ,02,02,-,02,00,00,-, ,00,15/11/2024,00,15/11/2024,1,10785
03,1024,021,1,142-7,1904911,03,13A232,19,40572,0216,1,1,0,03,15/11/2024,03,15/11/2024,2,-,-, , , , , , ,-, , , ,-, ,03,15/11/2024,03,15/11/2024,1,0
03,1024,026,1,226-2,1906596,03,13A232,19,40576,0139,4,1,0,00,11/11/2024,00,11/11/2024,2,-,-,04,1, , ,01,03,-,04,00,00,-, ,00,11/11/2024,00,11/11/2024,1,11659
03,1024,026,1,226-2,1906596,03,13A232,19,40576,0097,3,1,0,00,11/11/2024,00,11/11/2024,2,-,-,04,1, , ,02,01,-,04,00,00,-, ,00,11/11/2024,00,11/11/2024,1,11659
03,1024,026,1,226-2,1906596,03,13A232,19,40576,0056,2,1,0,00,11/11/2024,00,11/11/2024,2,-,-,04,1, , ,02,01,-,04,00,00,-, ,00,11/11/2024,00,11/11/2024,1,11659
03,1024,026,1,226-2,1906596,03,13A232,19,40576,0014,1,1,0,00,30/10/2024,00,30/10/2024,2,-,-,03,1, , ,02,02,-,03,00,00,-, ,00,30/10/2024,00,30/10/2024,1,11659
03,1024,039,1,069-2,1908899,03,13A232,19,40579,0059,2,1,0,00,14/11/2024,00,14/11/2024,2,-,-,06,1, , ,01,02,-,06,00,00,-, ,14,14/11/2024,14,14/11/2024,1,0
03,1024,039,1,069-2,1908899,03,13A232,19,40579,0003,1,1,0,05,14/11/2024,01,19/11/2024,2,-,-, , , , , , ,-, , , ,-, ,05,14/11/2024,01,19/11/2024,1,0
03,1024,039,1,069-2,1908899,03,13A232,19,40579,0089,3,1,0,00,08/11/2024,00,08/11/2024,2,-,-,03,1, , ,01,01,-,03,00,00,-, ,00,08/11/2024,00,08/11/2024,1,10325
03,1024,039,1,069-2,1908899,03,13A232,19,40579,0122,4,1,0,00,08/11/2024,00,08/11/2024,2,-,-,04,1, , ,02,02,-,04,00,00,-, ,00,08/11/2024,00,08/11/2024,1,10325
03,1024,039,1,209-7,1909299,03,13A232,19,40580,0026,1,1,0,05,13/11/2024,05,13/11/2024,2,-,-, , , , , , ,-, , , ,-, ,05,13/11/2024,05,13/11/2024,1,0
03,1024,039,1,209-7,1909299,03,13A232,19,40580,0123,3,1,0,08,13/11/2024,08,13/11/2024,2,-,-, , , , , , ,-, , , ,-, ,08,13/11/2024,08,13/11/2024,1,0
03,1024,039,1,209-7,1909299,03,13A232,19,40580,0074,2,1,0,00,09/11/2024,00,09/11/2024,2,-,-,01, , , ,01,01,-,01,00,00,-, ,00,09/11/2024,00,09/11/2024,1,10053
03,1024,039,1,209-7,1909299,03,13A232,19,40580,0169,4,1,0,05,13/11/2024,05,13/11/2024,2,-,-, , , , , , ,-, , , ,-, ,05,13/11/2024,05,13/11/2024,1,0
03,1024,039,1,511-9,1909917,03,13A232,19,40583,0026,1,1,0,00,06/11/2024,00,06/11/2024,2,-,-,04,1, , ,02,03,-,04,00,00,-, ,00,06/11/2024,00,06/11/2024,1,10380
03,1024,039,1,511-9,1909917,03,13A232,19,40583,0145,4,1,0,00,05/11/2024,00,05/11/2024,2,-,-,02,1, , ,02,01,-,02,00,00,-, ,00,05/11/2024,00,05/11/2024,1,10380
03,1024,039,1,511-9,1909917,03,13A232,19,40583,0106,3,1,0,00,05/11/2024,00,05/11/2024,2,-,-,01, , , ,01,01,-,01,00,00,-, ,00,05/11/2024,00,05/11/2024,1,10380
03,1024,039,1,511-9,1909917,03,13A232,19,40583,0067,2,1,0,03,05/11/2024,03,05/11/2024,2,-,-, , , , , , ,-, , , ,-, ,03,05/11/2024,03,05/11/2024,1,0
03,1024,039,1,202-5,1910255,03,13A232,19,40585,0043,1,1,0,00,14/11/2024,00,14/11/2024,2,-,-,02,1, , ,01,02,-,02,00,00,-, ,00,14/11/2024,00,14/11/2024,1,9647
03,1024,039,1,202-5,1910255,03,13A232,19,40585,0081,3,1,0,03,11/11/2024,03,11/11/2024,2,-,-, , , , , , ,-, , , ,-, ,03,11/11/2024,03,11/11/2024,1,0
03,1024,039,1,202-5,1910255,03,13A232,19,40585,0027,2,1,0,03,14/11/2024,03,14/11/2024,2,-,-, , , , , , ,-, , , ,-, ,03,14/11/2024,03,14/11/2024,1,0
03,1024,039,1,202-5,1910255,03,13A232,19,40585,0114,4,1,0,08,09/11/2024,08,09/11/2024,2,-,-, , , , , , ,-, , , ,-, ,08,09/11/2024,08,09/11/2024,1,0
03,1024,046,1,068-2,1912090,03,13A232,19,40589,0009,1,1,0,00,12/11/2024,00,12/11/2024,2,-,-,05,1, , ,02,01,-,05,00,00,-, ,00,12/11/2024,00,12/11/2024,1,9984
03,1024,046,1,068-2,1912090,03,13A232,19,40589,0039,2,1,0,00,02/11/2024,00,02/11/2024,2,-,-,04,1, , ,02,02,-,04,00,00,-, ,00,02/11/2024,00,02/11/2024,1,9984
03,1024,046,1,068-2,1912090,03,13A232,19,40589,0070,4,1,0,00,13/11/2024,00,13/11/2024,2,-,-,07,1, , ,03,01,-,07,00,00,-, ,00,13/11/2024,00,13/11/2024,1,9984
03,1024,046,1,068-2,1912090,03,13A232,19,40589,0068,3,1,0,00,11/11/2024,00,11/11/2024,2,-,-,03,1, , ,02,02,-,03,00,00,-, ,00,11/11/2024,00,11/11/2024,1,9984
03,1024,046,1,023-5,1912491,03,13A232,19,40592,0003,1,1,0,00,07/11/2024,00,07/11/2024,2,-,-,04,1, , ,02,02,-,04,00,00,-, ,00,07/11/2024,00,07/11/2024,1,10430
03,1024,046,1,023-5,1912491,03,13A232,19,40592,0035,2,1,0,00,07/11/2024,00,07/11/2024,2,-,-,02,1, , ,01,02,-,02,00,00,-, ,16,07/11/2024,16,07/11/2024,1,0
03,1024,046,1,023-5,1912491,03,13A232,19,40592,0098,4,1,0,00,01/11/2024,00,01/11/2024,2,-,-,03,1, , ,01,01,-,03,00,00,-, ,00,01/11/2024,00,01/11/2024,1,10430
03,1024,046,1,023-5,1912491,03,13A232,19,40592,0064,3,1,0,01,07/11/2024,01,07/11/2024,2,-,-, , , , , , ,-, , , ,-, ,01,07/11/2024,01,07/11/2024,1,0
03,1024,046,1,036-2,1912758,03,13A232,19,40593,0047,4,1,0,01,10/11/2024,01,10/11/2024,2,-,-, , , , , , ,-, , , ,-, ,01,10/11/2024,01,10/11/2024,1,0
03,1024,046,1,036-2,1912758,03,13A232,19,40593,0015,3,1,0,00,08/11/2024,00,08/11/2024,2,-,-,01, , , ,01,01,-,01,00,00,-, ,00,08/11/2024,00,08/11/2024,1,10732
03,1024,046,1,036-2,1912758,03,13A232,19,40593,0112,2,1,0,00,09/11/2024,00,09/11/2024,2,-,-,02,1, , ,02,01,-,02,00,00,-, ,00,09/11/2024,00,09/11/2024,1,10732
03,1024,046,1,036-2,1912758,03,13A232,19,40593,0082,1,1,0,00,10/11/2024,00,10/11/2024,2,-,-,01, , , ,01,01,-,01,00,00,-, ,00,10/11/2024,00,10/11/2024,1,10732
03,1024,018,1,049-5,1903114,03,13A232,19,40596,0030,1,1,0,00,10/11/2024,00,10/11/2024,2,-,-,05,1, , ,02,01,-,05,00,00,-, ,00,10/11/2024,00,10/11/2024,1,10230
03,1024,018,1,049-5,1903114,03,13A232,19,40596,0118,3,1,0,00,30/10/2024,00,30/10/2024,2,-,-,05,1, , ,01,02,-,05,00,00,-, ,00,30/10/2024,00,30/10/2024,1,10230
03,1024,018,1,049-5,1903114,03,13A232,19,40596,0168,4,1,0,03,10/11/2024,03,10/11/2024,2,-,-, , , , , , ,-, , , ,-, ,03,10/11/2024,03,10/11/2024,1,0
03,1024,018,1,049-5,1903114,03,13A232,19,40596,0073,2,1,0,00,05/11/2024,00,05/11/2024,2,-,-,05,1, , ,02,02,-,05,00,00,-, ,00,05/11/2024,00,05/11/2024,1,10230
31,1024,067,1,193-1,2002239,31,11A232,20,40338,0078,3,1,0,00,14/11/2024,00,14/11/2024,2,-,-,01, , , ,01,01,-,01,00,00,-, ,00,14/11/2024,00,14/11/2024,1,5033
31,1024,067,1,193-1,2002239,31,11A232,20,40338,0032,1,1,0,00,08/11/2024,00,08/11/2024,2,-,-,05,1, , ,01,04,-,05,00,00,-, ,00,08/11/2024,00,08/11/2024,1,5033
31,1024,067,1,193-1,2002239,31,11A232,20,40338,0053,2,1,0,00,09/11/2024,00,09/11/2024,2,-,-,05,1, , ,02,02,-,05,00,00,-, ,00,09/11/2024,00,09/11/2024,1,5033
31,1024,067,1,193-1,2002239,31,11A232,20,40338,0090,4,1,0,00,07/11/2024,00,07/11/2024,2,-,-,03,1, , ,03,02,-,03,00,00,-, ,00,07/11/2024,00,07/11/2024,1,5033
31,1024,067,1,200-3,2002270,31,11A232,20,40358,0016,4,1,0,00,07/11/2024,00,07/11/2024,2,-,-,03,1, , ,02,01,-,03,00,00,-, ,00,07/11/2024,00,07/11/2024,1,7963
31,1024,067,1,200-3,2002270,31,11A232,20,40358,0039,2,1,0,00,07/11/2024,00,07/11/2024,2,-,-,02,1, , ,01,02,-,02,00,00,-, ,00,07/11/2024,00,07/11/2024,1,7963
31,1024,067,1,200-3,2002270,31,11A232,20,40358,0124,3,1,0,00,31/10/2024,00,31/10/2024,2,-,-,04,1, , ,04,04,-,04,00,00,-, ,00,31/10/2024,00,31/10/2024,1,7963
31,1024,067,1,200-3,2002270,31,11A232,20,40358,0083,1,1,0,00,31/10/2024,00,31/10/2024,2,-,-,09,1, , ,05,04,-,09,00,00,-, ,00,31/10/2024,00,31/10/2024,1,7963
31,1024,107,1,005-7,2003068,31,11A232,20,40364,0039,1,1,0,00,01/11/2024,00,01/11/2024,2,-,-,03,1, , ,01,02,-,03,00,00,-, ,00,01/11/2024,00,01/11/2024,1,6461
31,1024,107,1,005-7,2003068,31,11A232,20,40364,0063,4,1,0,00,10/11/2024,00,10/11/2024,2,-,-,05,1, , ,02,05,-,05,00,00,-, ,00,10/11/2024,00,10/11/2024,1,6461
31,1024,107,1,005-7,2003068,31,11A232,20,40364,0003,2,1,0,07,12/11/2024,07,12/11/2024,2,-,-, , , , , , ,-, , , ,-, ,07,12/11/2024,07,12/11/2024,1,0
31,1024,107,1,005-7,2003068,31,11A232,20,40364,0083,3,1,0,00,09/11/2024,00,09/11/2024,2,-,-,04,1, , ,01,02,-,04,00,00,-, ,00,09/11/2024,00,09/11/2024,1,6461
31,1024,385,1,054-8,2006498,31,11A232,20,40367,0112,1,1,0,00,09/11/2024,00,09/11/2024,2,-,-,01, , , ,01,01,-,01,00,00,-, ,00,09/11/2024,00,09/11/2024,1,6602
31,1024,385,1,054-8,2006498,31,11A232,20,40367,0142,2,1,0,00,10/11/2024,00,10/11/2024,2,-,-,03,1, , ,01,02,-,03,00,00,-, ,00,10/11/2024,00,10/11/2024,1,6602
31,1024,385,1,054-8,2006498,31,11A232,20,40367,0010,3,1,0,00,10/11/2024,00,10/11/2024,2,-,-,03,1, , ,02,01,-,03,00,00,-, ,00,10/11/2024,00,10/11/2024,1,6602
31,1024,385,1,054-8,2006498,31,11A232,20,40367,0004,4,1,0,06,14/11/2024,06,14/11/2024,2,-,-, , , , , , ,-, , , ,-, ,06,14/11/2024,06,14/11/2024,1,0
31,1024,385,1,023-2,2006562,31,11A232,20,40368,0086,4,1,0,00,01/11/2024,00,01/11/2024,2,-,-,05,1, , ,04,03,-,05,00,00,-, ,00,01/11/2024,00,01/11/2024,1,8172
31,1024,385,1,023-2,2006562,31,11A232,20,40368,0006,2,1,0,00,01/11/2024,00,01/11/2024,2,-,-,01, , , ,01,01,-,01,00,00,-, ,00,01/11/2024,00,01/11/2024,1,8172
31,1024,385,1,023-2,2006562,31,11A232,20,40368,0034,3,1,0,00,12/11/2024,00,12/11/2024,2,-,-,03,1, , ,01,02,-,03,00,00,-, ,00,12/11/2024,00,12/11/2024,1,8172
31,1024,385,1,023-2,2006562,31,11A232,20,40368,0049,1,1,0,00,08/11/2024,00,08/11/2024,2,-,-,04,1, , ,01,03,-,04,00,00,-, ,00,08/11/2024,00,08/11/2024,1,8172
31,1024,403,1,003-5,2007131,31,11A232,20,40384,0045,4,1,0,00,09/11/2024,00,09/11/2024,2,-,-,02,1, , ,01,02,-,02,00,00,-, ,00,09/11/2024,00,09/11/2024,1,7867
31,1024,403,1,003-5,2007131,31,11A232,20,40384,0035,2,1,0,00,11/11/2024,00,11/11/2024,2,-,-,03,1, , ,02,02,-,03,00,00,-, ,00,11/11/2024,00,11/11/2024,1,7867
31,1024,403,1,003-5,2007131,31,11A232,20,40384,0020,3,1,0,00,01/11/2024,00,01/11/2024,2,-,-,02,1, , ,02,01,-,02,00,00,-, ,00,01/11/2024,00,01/11/2024,1,7867
31,1024,403,1,003-5,2007131,31,11A232,20,40384,0075,1,1,0,06,13/11/2024,06,13/11/2024,2,-,-, , , , , , ,-, , , ,-, ,06,13/11/2024,06,13/11/2024,1,0
31,1024,067,1,188-0,2002228,31,11A232,20,40386,0138,4,1,0,00,09/11/2024,00,09/11/2024,2,-,-,04,1, , ,02,02,-,04,00,00,-, ,00,09/11/2024,00,09/11/2024,1,9541
31,1024,067,1,188-0,2002228,31,11A232,20,40386,0088,3,1,0,07,12/11/2024,07,12/11/2024,2,-,-, , , , , , ,-, , , ,-, ,07,12/11/2024,07,12/11/2024,1,0
31,1024,067,1,188-0,2002228,31,11A232,20,40386,0096,2,1,0,00,08/11/2024,00,08/11/2024,2,-,-,02,1, , ,01,02,-,02,00,00,-, ,00,08/11/2024,00,08/11/2024,1,9541
31,1024,067,1,188-0,2002228,31,11A232,20,40386,0061,1,1,0,00,08/11/2024,00,08/11/2024,2,-,-,05,1, , ,01,03,-,05,00,00,-, ,00,08/11/2024,00,08/11/2024,1,9541
31,1024,067,1,171-5,2002154,31,12A232,20,40397,0004,3,1,0,00,30/10/2024,00,30/10/2024,2,-,-,09,1, , ,04,07,-,09,00,00,-, ,00,30/10/2024,00,30/10/2024,1,6936
31,1024,067,1,171-5,2002154,31,12A232,20,40397,0075,1,1,0,00,10/11/2024,00,10/11/2024,2,-,-,04,1, , ,01,01,-,04,00,00,-, ,00,10/11/2024,00,10/11/2024,1,6936
31,1024,067,1,171-5,2002154,31,12A232,20,40397,0102,2,1,0,00,05/11/2024,00,05/11/2024,2,-,-,03,1, , ,02,03,-,03,00,00,-, ,00,05/11/2024,00,05/11/2024,1,6936
31,1024,067,1,171-5,2002154,31,12A232,20,40397,0052,4,1,0,00,30/10/2024,00,30/10/2024,2,-,-,02,1, , ,01,01,-,02,00,00,-, ,00,30/10/2024,00,30/10/2024,1,6936
31,1024,390,1,024-7,2006698,31,12A232,20,40403,0029,2,1,0,00,10/11/2024,00,10/11/2024,2,-,-,04,1, , ,01,01,-,04,00,00,-, ,00,10/11/2024,00,10/11/2024,1,5066
31,1024,390,1,024-7,2006698,31,12A232,20,40403,0054,3,1,0,00,10/11/2024,00,10/11/2024,2,-,-,02,1, , ,01,01,-,02,00,00,-, ,00,10/11/2024,00,10/11/2024,1,5066
31,1024,390,1,024-7,2006698,31,12A232,20,40403,0004,1,1,0,00,13/11/2024,00,13/11/2024,2,-,-,01, , , ,01,01,-,01,00,00,-, ,00,13/11/2024,00,13/11/2024,1,5066
31,1024,390,1,024-7,2006698,31,12A232,20,40403,0078,4,1,0,00,05/11/2024,00,05/11/2024,2,-,-,06,1, , ,05,02,-,06,00,00,-, ,00,05/11/2024,00,05/11/2024,1,5066
31,1024,227,1,008-9,2004683,31,12A232,20,40406,0113,4,1,0,00,04/11/2024,00,04/11/2024,2,-,-,05,1, , ,01,03,-,05,00,00,-, ,00,04/11/2024,00,04/11/2024,1,7638
31,1024,227,1,008-9,2004683,31,12A232,20,40406,0065,2,1,0,00,08/11/2024,00,08/11/2024,2,-,-,03,1, , ,01,01,-,03,00,00,-, ,00,08/11/2024,00,08/11/2024,1,7638
31,1024,227,1,008-9,2004683,31,12A232,20,40406,0081,3,1,0,00,08/11/2024,00,08/11/2024,2,-,-,03,1, , ,01,01,-,03,00,00,-, ,00,08/11/2024,00,08/11/2024,1,7638
31,1024,227,1,008-9,2004683,31,12A232,20,40406,0033,1,1,0,00,08/11/2024,00,08/11/2024,2,-,-,01, , , ,01,01,-,01,00,00,-, ,00,08/11/2024,00,08/11/2024,1,7638
31,1024,067,1,132-5,2001728,31,12A232,20,40412,0040,1,1,0,00,09/11/2024,00,09/11/2024,2,-,-,04,1, , ,01,01,-,04,00,00,-, ,00,09/11/2024,00,09/11/2024,1,8377
31,1024,067,1,132-5,2001728,31,12A232,20,40412,0071,2,1,0,06,14/11/2024,06,14/11/2024,2,-,-, , , , , , ,-, , , ,-, ,06,14/11/2024,06,14/11/2024,1,0
31,1024,067,1,132-5,2001728,31,12A232,20,40412,0013,3,1,0,00,12/11/2024,00,12/11/2024,2,-,-,04,1, , ,01,03,-,04,00,00,-, ,00,12/11/2024,00,12/11/2024,1,8377
31,1024,067,1,132-5,2001728,31,12A232,20,40412,0108,4,1,0,00,08/11/2024,00,08/11/2024,2,-,-,04,1, , ,02,01,-,04,00,00,-, ,00,08/11/2024,00,08/11/2024,1,8377
31,1024,067,1,053-9,2001971,31,13A232,20,40420,0086,2,1,0,00,09/11/2024,00,09/11/2024,2,-,-,04,1, , ,01,02,-,04,00,00,-, ,00,09/11/2024,00,09/11/2024,1,6847
31,1024,067,1,053-9,2001971,31,13A232,20,40420,0059,3,1,0,00,10/11/2024,00,10/11/2024,2,-,-,02,1, , ,02,01,-,02,00,00,-, ,00,10/11/2024,00,10/11/2024,1,6847
31,1024,067,1,053-9,2001971,31,13A232,20,40420,0132,4,1,0,00,30/10/2024,00,30/10/2024,2,-,-,07,1, , ,04,02,-,07,00,00,-, ,00,30/10/2024,00,30/10/2024,1,6847
31,1024,067,1,053-9,2001971,31,13A232,20,40420,0074,1,1,0,00,13/11/2024,00,13/11/2024,2,-,-,04,1, , ,01,02,-,04,00,00,-, ,00,13/11/2024,00,13/11/2024,1,6847
04,1024,114,1,434-5,2105239,04,11A232,21,40490,0052,4,1,0,00,08/11/2024,00,08/11/2024,2,-,-,04,1, , ,01,01,-,04,00,00,-, ,00,08/11/2024,00,08/11/2024,1,6899
04,1024,114,1,434-5,2105239,04,11A232,21,40490,0124,3,1,0,00,08/11/2024,00,08/11/2024,2,-,-,03,1, , ,02,01,-,03,00,00,-, ,00,08/11/2024,00,08/11/2024,1,6899
04,1024,114,1,434-5,2105239,04,11A232,21,40490,0092,2,1,0,00,12/11/2024,00,12/11/2024,2,-,-,04,1, , ,01,03,-,04,00,00,-, ,00,12/11/2024,00,12/11/2024,1,6899
04,1024,114,1,434-5,2105239,04,11A232,21,40490,0062,1,1,0,00,04/11/2024,00,04/11/2024,2,-,-,04,1, , ,02,04,-,04,00,00,-, ,00,04/11/2024,00,04/11/2024,1,6899
04,1024,114,1,226-4,2105721,04,11A232,21,40493,0049,2,1,0,00,14/11/2024,00,14/11/2024,2,-,-,05,1, , ,02,02,-,05,00,00,-, ,00,14/11/2024,00,14/11/2024,1,7984
04,1024,114,1,226-4,2105721,04,11A232,21,40493,0012,3,1,0,03,30/10/2024,00,08/11/2024,2,-,-,04,1, , ,02,02,-,04,00,00,-, ,03,30/10/2024,00,08/11/2024,1,7984
04,1024,114,1,226-4,2105721,04,11A232,21,40493,0020,1,1,0,00,30/10/2024,00,30/10/2024,1,-,-,07,2,02,02,01,01,-,02,00,00,-, ,00,30/10/2024,00,30/10/2024,1,7984
04,1024,114,1,226-4,2105721,04,11A232,21,40493,0102,4,1,0,00,30/10/2024,00,30/10/2024,2,-,-,03,1, , ,02,02,-,03,00,00,-, ,00,30/10/2024,00,30/10/2024,1,7984
04,1024,114,1,150-A,2107776,04,11A232,21,40503,0132,2,1,0,00,30/10/2024,00,30/10/2024,2,-,-,04,1, , ,02,03,-,04,00,00,-, ,00,30/10/2024,00,30/10/2024,1,6330
04,1024,114,1,150-A,2107776,04,11A232,21,40503,0062,1,1,0,00,14/11/2024,00,14/11/2024,2,-,-,03,1, , ,02,01,-,03,00,00,-, ,00,14/11/2024,00,14/11/2024,1,6330
04,1024,114,1,150-A,2107776,04,11A232,21,40503,0093,4,1,0,00,08/11/2024,00,08/11/2024,1,-,-,06,2,02,02,01,01,-,02,00,00,-, ,00,08/11/2024,00,08/11/2024,1,6330
04,1024,114,1,150-A,2107776,04,11A232,21,40503,0031,3,1,0,00,08/11/2024,00,08/11/2024,2,-,-,02,1, , ,01,01,-,02,00,00,-, ,00,08/11/2024,00,08/11/2024,1,6330
04,1024,119,1,019-4,2108994,04,11A232,21,40520,0032,3,1,0,00,04/11/2024,00,04/11/2024,2,-,-,03,1, , ,02,02,-,03,00,00,-, ,00,04/11/2024,00,04/11/2024,1,8774
04,1024,119,1,019-4,2108994,04,11A232,21,40520,0002,2,1,0,00,05/11/2024,00,05/11/2024,2,-,-,02,1, , ,01,01,-,02,00,00,-, ,00,05/11/2024,00,05/11/2024,1,8774
04,1024,119,1,019-4,2108994,04,11A232,21,40520,0060,4,1,0,00,04/11/2024,00,04/11/2024,2,-,-,01, , , ,01,01,-,01,00,00,-, ,00,04/11/2024,00,04/11/2024,1,8774
04,1024,119,1,019-4,2108994,04,11A232,21,40520,0099,1,1,0,00,12/11/2024,00,12/11/2024,2,-,-,03,1, , ,02,02,-,03,00,00,-, ,00,12/11/2024,00,12/11/2024,1,8774
04,1024,034,1,008-7,2101516,04,11A232,21,40523,0031,4,1,0,00,04/11/2024,00,04/11/2024,2,-,-,02,1, , ,02,01,-,02,00,00,-, ,00,04/11/2024,00,04/11/2024,1,10135
04,1024,034,1,008-7,2101516,04,11A232,21,40523,0122,3,1,0,00,04/11/2024,00,04/11/2024,2,-,-,05,1, , ,01,01,-,05,00,00,-, ,00,04/11/2024,00,04/11/2024,1,10135
04,1024,034,1,008-7,2101516,04,11A232,21,40523,0163,1,1,0,00,04/11/2024,00,04/11/2024,2,-,-,04,1, , ,01,02,-,04,00,00,-, ,00,04/11/2024,00,04/11/2024,1,10135
04,1024,034,1,008-7,2101516,04,11A232,21,40523,0139,2,1,0,00,04/11/2024,00,04/11/2024,2,-,-,01, , , ,01,01,-,01,00,00,-, ,00,04/11/2024,00,04/11/2024,1,10135
04,1024,114,1,242-3,2106051,04,12A232,21,40536,0124,4,1,0,00,29/10/2024,00,29/10/2024,2,-,-,03,1, , ,02,01,-,03,00,00,-, ,00,29/10/2024,00,29/10/2024,1,7571
04,1024,114,1,242-3,2106051,04,12A232,21,40536,0092,3,1,0,00,29/10/2024,00,29/10/2024,2,-,-,04,1, , ,02,01,-,04,00,00,-, ,00,29/10/2024,00,29/10/2024,1,7571
04,1024,114,1,242-3,2106051,04,12A232,21,40536,0007,1,1,0,00,31/10/2024,00,31/10/2024,2,-,-,02,1, , ,01,01,-,02,00,00,-, ,00,31/10/2024,00,31/10/2024,1,7571
04,1024,114,1,242-3,2106051,04,12A232,21,40536,0057,2,1,0,00,29/10/2024,00,29/10/2024,2,-,-,06,1, , ,02,01,-,06,00,00,-, ,00,29/10/2024,00,29/10/2024,1,7571
04,1024,114,1,266-9,2107939,04,12A232,21,40555,0088,1,1,0,00,31/10/2024,00,31/10/2024,1,-,-,08,2,02,05,03,01,-,05,00,00,-, ,00,31/10/2024,00,31/10/2024,1,7756
04,1024,114,1,266-9,2107939,04,12A232,21,40555,0100,3,1,0,00,12/11/2024,00,12/11/2024,2,-,-,05,1, , ,01,02,-,05,00,00,-, ,00,12/11/2024,00,12/11/2024,1,7756
04,1024,114,1,266-9,2107939,04,12A232,21,40555,0138,4,1,0,00,06/11/2024,00,06/11/2024,2,-,-,02,1, , ,02,02,-,02,00,00,-, ,00,06/11/2024,00,06/11/2024,1,7756
04,1024,114,1,266-9,2107939,04,12A232,21,40555,0006,2,1,0,00,31/10/2024,00,31/10/2024,2,-,-,05,1, , ,02,03,-,05,00,00,-, ,00,31/10/2024,00,31/10/2024,1,7756
04,1024,114,1,645-A,2108557,04,12A232,21,40559,0071,2,1,0,00,01/11/2024,00,01/11/2024,2,-,-,03,1, , ,02,01,-,03,00,00,-, ,00,01/11/2024,00,01/11/2024,1,9086
04,1024,114,1,645-A,2108557,04,12A232,21,40559,0143,4,1,0,06,06/11/2024,06,06/11/2024,2,-,-, , , , , , ,-, , , ,-, ,06,06/11/2024,06,06/11/2024,1,0
04,1024,114,1,645-A,2108557,04,12A232,21,40559,0033,1,1,0,00,01/11/2024,00,01/11/2024,2,-,-,05,1, , ,02,02,-,05,00,00,-, ,00,01/11/2024,00,01/11/2024,1,9086
04,1024,114,1,645-A,2108557,04,12A232,21,40559,0102,3,1,0,00,01/11/2024,00,01/11/2024,2,-,-,04,1, , ,02,02,-,04,00,00,-, ,00,01/11/2024,00,01/11/2024,1,9086
04,1024,114,1,627-1,2114267,04,12A232,21,40564,0144,4,1,0,00,01/11/2024,00,01/11/2024,2,-,-,04,1, , ,01,04,-,04,00,00,-, ,00,01/11/2024,00,01/11/2024,1,9125
04,1024,114,1,627-1,2114267,04,12A232,21,40564,0069,2,1,0,00,01/11/2024,00,01/11/2024,2,-,-,04,1, , ,02,01,-,04,00,00,-, ,00,01/11/2024,00,01/11/2024,1,9125
04,1024,114,1,627-1,2114267,04,12A232,21,40564,0104,3,1,0,06,01/11/2024,06,01/11/2024,2,-,-, , , , , , ,-, , , ,-, ,06,01/11/2024,06,01/11/2024,1,0
04,1024,114,1,627-1,2114267,04,12A232,21,40564,0033,1,1,0,00,01/11/2024,00,01/11/2024,2,-,-,02,1, , ,02,02,-,02,00,00,-, ,00,01/11/2024,00,01/11/2024,1,9125
04,1024,119,1,061-6,2109158,04,12A232,21,40568,0105,1,1,0,00,28/10/2024,00,28/10/2024,2,-,-,01, , , ,01,01,-,01,00,00,-, ,00,28/10/2024,00,28/10/2024,1,5509
04,1024,119,1,061-6,2109158,04,12A232,21,40568,0041,2,1,0,00,01/11/2024,00,01/11/2024,2,-,-,05,1, , ,05,04,-,05,00,00,-, ,00,01/11/2024,00,01/11/2024,1,5509
04,1024,119,1,061-6,2109158,04,12A232,21,40568,0090,3,1,0,00,05/11/2024,00,05/11/2024,2,-,-,05,1, , ,02,05,-,05,00,00,-, ,00,05/11/2024,00,05/11/2024,1,5509
04,1024,119,1,061-6,2109158,04,12A232,21,40568,0064,4,1,0,00,06/11/2024,00,06/11/2024,2,-,-,01, , , ,01,01,-,01,00,00,-, ,00,06/11/2024,00,06/11/2024,1,5509
04,1024,114,1,447-2,2106347,04,12A232,21,40571,0080,3,1,0,06,30/10/2024,06,30/10/2024,2,-,-, , , , , , ,-, , , ,-, ,06,30/10/2024,06,30/10/2024,1,0
04,1024,114,1,447-2,2106347,04,12A232,21,40571,0116,4,1,0,00,08/11/2024,00,08/11/2024,2,-,-,06,1, , ,01,03,-,06,00,00,-, ,00,08/11/2024,00,08/11/2024,1,6707
04,1024,114,1,447-2,2106347,04,12A232,21,40571,0006,1,1,0,00,30/10/2024,00,30/10/2024,2,-,-,06,1, , ,01,04,-,06,00,00,-, ,00,30/10/2024,00,30/10/2024,1,6707
04,1024,114,1,447-2,2106347,04,12A232,21,40571,0045,2,1,0,00,08/11/2024,00,08/11/2024,2,-,-,03,1, , ,02,01,-,03,00,00,-, ,00,08/11/2024,00,08/11/2024,1,6707
04,1024,114,1,457-6,2104920,04,13A232,21,40572,0080,3,1,0,00,07/11/2024,00,07/11/2024,2,-,-,03,1, , ,01,02,-,03,00,00,-, ,00,07/11/2024,00,07/11/2024,1,11929
04,1024,114,1,457-6,2104920,04,13A232,21,40572,0113,4,1,0,00,07/11/2024,00,07/11/2024,2,-,-,03,1, , ,03,03,-,03,00,00,-, ,00,07/11/2024,00,07/11/2024,1,11929
04,1024,114,1,457-6,2104920,04,13A232,21,40572,0020,1,1,0,03,11/11/2024,03,11/11/2024,2,-,-, , , , , , ,-, , , ,-, ,03,11/11/2024,03,11/11/2024,1,0
04,1024,114,1,457-6,2104920,04,13A232,21,40572,0051,2,1,0,03,11/11/2024,03,11/11/2024,2,-,-, , , , , , ,-, , , ,-, ,03,11/11/2024,03,11/11/2024,1,0
04,1024,114,1,140-6,2105682,04,13A232,21,40575,0053,1,1,0,00,31/10/2024,00,31/10/2024,2,-,-,01, , , ,01,01,-,01,00,00,-, ,00,31/10/2024,00,31/10/2024,1,9662
04,1024,114,1,140-6,2105682,04,13A232,21,40575,0047,4,1,0,00,06/11/2024,00,06/11/2024,2,-,-,04,1, , ,03,03,-,04,00,00,-, ,00,06/11/2024,00,06/11/2024,1,9662
04,1024,114,1,140-6,2105682,04,13A232,21,40575,0091,2,1,0,00,13/11/2024,00,13/11/2024,2,-,-,02,1, , ,02,01,-,02,00,00,-, ,00,13/11/2024,00,13/11/2024,1,9662
04,1024,114,1,140-6,2105682,04,13A232,21,40575,0017,3,1,0,06,31/10/2024,06,31/10/2024,2,-,-, , , , , , ,-, , , ,-, ,06,31/10/2024,06,31/10/2024,1,0
04,1024,114,1,631-8,2107421,04,13A232,21,40585,0107,3,1,0,00,05/11/2024,00,05/11/2024,2,-,-,04,1, , ,01,02,-,04,00,00,-, ,00,05/11/2024,00,05/11/2024,1,8902
04,1024,114,1,631-8,2107421,04,13A232,21,40585,0015,1,1,0,00,29/10/2024,00,29/10/2024,2,-,-,04,1, , ,03,01,-,04,00,00,-, ,00,29/10/2024,00,29/10/2024,1,8902
04,1024,114,1,631-8,2107421,04,13A232,21,40585,0073,4,1,0,00,29/10/2024,00,29/10/2024,2,-,-,03,1, , ,01,01,-,03,00,00,-, ,00,29/10/2024,00,29/10/2024,1,8902
04,1024,114,1,631-8,2107421,04,13A232,21,40585,0025,2,1,0,00,13/11/2024,00,13/11/2024,2,-,-,01, , , ,01,01,-,01,00,00,-, ,00,13/11/2024,00,13/11/2024,1,8902
04,1024,114,1,321-A,2108024,04,13A232,21,40588,0118,1,1,0,00,31/10/2024,00,31/10/2024,2,-,-,04,1, , ,02,04,-,04,00,00,-, ,00,31/10/2024,00,31/10/2024,1,8248
04,1024,114,1,321-A,2108024,04,13A232,21,40588,0034,4,1,0,03,31/10/2024,02,06/11/2024,2,-,-, , , , , , ,-, , , ,-, ,03,31/10/2024,02,06/11/2024,1,0
04,1024,114,1,321-A,2108024,04,13A232,21,40588,0096,3,1,0,03,06/11/2024,03,11/11/2024,2,-,-, , , , , , ,-, , , ,-, ,03,06/11/2024,03,11/11/2024,1,0
04,1024,114,1,321-A,2108024,04,13A232,21,40588,0059,2,1,0,00,31/10/2024,00,31/10/2024,2,-,-,05,1, , ,05,05,-,05,00,00,-, ,00,31/10/2024,00,31/10/2024,1,8248
04,1024,119,1,037-2,2109280,04,13A232,21,40597,0118,4,1,0,00,01/11/2024,00,01/11/2024,2,-,-,04,1, , ,01,01,-,04,00,00,-, ,00,01/11/2024,00,01/11/2024,1,10784
04,1024,119,1,037-2,2109280,04,13A232,21,40597,0058,2,1,0,00,13/11/2024,00,13/11/2024,2,-,-,04,1, , ,01,02,-,04,00,00,-, ,00,13/11/2024,00,13/11/2024,1,10784
04,1024,119,1,037-2,2109280,04,13A232,21,40597,0086,3,1,0,00,12/11/2024,00,12/11/2024,2,-,-,04,1, , ,01,02,-,04,00,00,-, ,00,12/11/2024,00,12/11/2024,1,10784
04,1024,119,1,037-2,2109280,04,13A232,21,40597,0029,1,1,0,00,13/11/2024,00,13/11/2024,2,-,-,02,1, , ,02,01,-,02,00,00,-, ,00,13/11/2024,00,13/11/2024,1,10784
36,1024,014,1,048-3,2203159,36,11A232,22,40348,0059,2,1,0,00,29/10/2024,00,29/10/2024,1,-,-,05,2,02,02,01,01,-,02,00,00,-, ,00,29/10/2024,00,29/10/2024,1,8364
36,1024,014,1,048-3,2203159,36,11A232,22,40348,0100,1,1,0,00,08/11/2024,00,08/11/2024,2,-,-,01, , , ,01,01,-,01,00,00,-, ,00,08/11/2024,00,08/11/2024,1,8364
36,1024,014,1,048-3,2203159,36,11A232,22,40348,0086,3,1,0,00,29/10/2024,00,29/10/2024,2,-,-,03,1, , ,01,01,-,03,00,00,-, ,00,29/10/2024,00,29/10/2024,1,8364
36,1024,014,1,048-3,2203159,36,11A232,22,40348,0023,4,1,0,13,08/11/2024,06,19/11/2024,2,-,-, , , , , , ,-, , , ,-, ,13,08/11/2024,06,19/11/2024,1,0
36,1024,014,1,064-2,2203938,36,11A232,22,40352,0038,2,1,0,00,29/10/2024,00,29/10/2024,2,-,-,03,1, , ,01,01,-,03,00,00,-, ,00,29/10/2024,00,29/10/2024,1,7179
36,1024,014,1,064-2,2203938,36,11A232,22,40352,0093,4,1,0,00,05/11/2024,00,05/11/2024,2,-,-,08,1, , ,02,05,-,08,00,00,-, ,00,05/11/2024,00,05/11/2024,1,7179
36,1024,014,1,064-2,2203938,36,11A232,22,40352,0064,3,1,0,00,30/10/2024,00,30/10/2024,1,-,-,05,2,02,01,01,01,-,01,00,00,-, ,00,30/10/2024,00,30/10/2024,1,7179
36,1024,014,1,064-2,2203938,36,11A232,22,40352,0010,1,1,0,00,15/11/2024,00,15/11/2024,2,-,-,01, , , ,01,01,-,01,00,00,-, ,00,15/11/2024,00,15/11/2024,1,7179
36,1024,014,1,175-9,2202202,36,12A232,22,40364,0067,3,1,0,00,30/10/2024,00,30/10/2024,2,-,-,04,1, , ,01,01,-,04,00,00,-, ,00,30/10/2024,00,30/10/2024,1,7171
36,1024,014,1,175-9,2202202,36,12A232,22,40364,0001,2,1,0,00,13/11/2024,00,13/11/2024,2,-,-,02,1, , ,01,01,-,02,00,00,-, ,00,13/11/2024,00,13/11/2024,1,7171
36,1024,014,1,175-9,2202202,36,12A232,22,40364,0021,1,1,0,00,01/11/2024,00,01/11/2024,2,-,-,03,1, , ,02,02,-,03,00,00,-, ,00,01/11/2024,00,01/11/2024,1,7171
36,1024,014,1,175-9,2202202,36,12A232,22,40364,0105,4,1,0,00,01/11/2024,00,01/11/2024,2,-,-,04,1, , ,01,02,-,04,00,00,-, ,00,01/11/2024,00,01/11/2024,1,7171
36,1024,014,1,193-7,2202813,36,12A232,22,40370,0010,3,1,0,00,31/10/2024,00,31/10/2024,2,-,-,06,1, , ,03,03,-,06,00,00,-, ,00,31/10/2024,00,31/10/2024,1,7803
36,1024,014,1,193-7,2202813,36,12A232,22,40370,0036,4,1,0,00,11/11/2024,00,11/11/2024,2,-,-,08,1, , ,01,01,-,08,00,00,-, ,00,11/11/2024,00,11/11/2024,1,7803
36,1024,014,1,193-7,2202813,36,12A232,22,40370,0088,2,1,0,00,11/11/2024,00,11/11/2024,1,-,-,05,2,03,03,01,01,-,03,00,00,-, ,00,11/11/2024,00,11/11/2024,1,7803
36,1024,014,1,193-7,2202813,36,12A232,22,40370,0064,1,1,0,00,31/10/2024,00,31/10/2024,2,-,-,04,1, , ,02,02,-,04,00,00,-, ,00,31/10/2024,00,31/10/2024,1,7803
36,1024,014,1,300-7,2203495,36,12A232,22,40374,0027,1,1,0,00,12/11/2024,00,12/11/2024,2,-,-,04,1, , ,01,01,-,04,00,00,-, ,00,12/11/2024,00,12/11/2024,1,5820
36,1024,014,1,300-7,2203495,36,12A232,22,40374,0056,4,1,0,00,01/11/2024,00,01/11/2024,2,-,-,05,1, , ,01,01,-,05,00,00,-, ,00,01/11/2024,00,01/11/2024,1,5820
36,1024,014,1,300-7,2203495,36,12A232,22,40374,0063,3,1,0,13,29/10/2024,06,19/11/2024,2,-,-, , , , , , ,-, , , ,-, ,13,29/10/2024,06,19/11/2024,1,0
36,1024,014,1,300-7,2203495,36,12A232,22,40374,0092,2,1,0,00,07/11/2024,00,07/11/2024,2,-,-,05,1, , ,03,01,-,05,00,00,-, ,00,07/11/2024,00,07/11/2024,1,5820
36,1024,014,1,030-3,2203782,36,12A232,22,40378,0018,1,1,0,00,06/11/2024,00,06/11/2024,2,-,-,02,1, , ,01,01,-,02,00,00,-, ,00,06/11/2024,00,06/11/2024,1,7131
36,1024,014,1,030-3,2203782,36,12A232,22,40378,0045,2,1,0,00,06/11/2024,00,06/11/2024,1,-,-,05,2,02,01,01,01,-,01,00,00,-, ,00,06/11/2024,00,06/11/2024,1,7131
36,1024,014,1,030-3,2203782,36,12A232,22,40378,0110,4,1,0,00,08/11/2024,00,08/11/2024,2,-,-,01, , , ,01,01,-,01,00,00,-, ,00,08/11/2024,00,08/11/2024,1,7131
36,1024,014,1,030-3,2203782,36,12A232,22,40378,0075,3,1,0,00,09/11/2024,00,09/11/2024,2,-,-,03,1, , ,01,01,-,03,00,00,-, ,00,09/11/2024,00,09/11/2024,1,7131
36,1024,006,1,013-8,2200793,36,13A232,22,40390,0074,3,1,0,00,07/11/2024,00,07/11/2024,2,-,-,01, , , ,01,01,-,01,00,00,-, ,00,07/11/2024,00,07/11/2024,1,9155
36,1024,006,1,013-8,2200793,36,13A232,22,40390,0105,4,1,0,00,01/11/2024,00,01/11/2024,2,-,-,03,1, , ,01,01,-,03,00,00,-, ,00,01/11/2024,00,01/11/2024,1,9155
36,1024,006,1,013-8,2200793,36,13A232,22,40390,0047,2,1,0,13,07/11/2024,06,19/11/2024,2,-,-, , , , , , ,-, , , ,-, ,13,07/11/2024,06,19/11/2024,1,0
36,1024,006,1,013-8,2200793,36,13A232,22,40390,0018,1,1,0,00,01/11/2024,00,01/11/2024,2,-,-,05,1, , ,01,02,-,05,00,00,-, ,00,01/11/2024,00,01/11/2024,1,9155
36,1024,014,1,049-8,2203161,36,13A232,22,40394,0109,3,1,0,12,29/10/2024,12,29/10/2024,2,-,-, , , , , , ,-, , , ,-, ,12,29/10/2024,12,29/10/2024,1,0
36,1024,014,1,049-8,2203161,36,13A232,22,40394,0030,4,1,0,00,15/11/2024,00,15/11/2024,2,-,-,04,1, , ,02,01,-,04,00,00,-, ,00,15/11/2024,00,15/11/2024,1,9066
36,1024,014,1,049-8,2203161,36,13A232,22,40394,0074,2,1,0,00,29/10/2024,00,29/10/2024,2,-,-,02,1, , ,02,02,-,02,00,00,-, ,00,29/10/2024,00,29/10/2024,1,9066
36,1024,014,1,049-8,2203161,36,13A232,22,40394,0120,1,1,0,00,29/10/2024,00,29/10/2024,2,-,-,03,1, , ,01,01,-,03,00,00,-, ,00,29/10/2024,00,29/10/2024,1,9066
36,1024,014,1,197-5,2202844,36,13A232,22,40400,0104,1,1,0,00,31/10/2024,00,31/10/2024,1,-,-,07,2,04,03,01,01,-,03,00,00,-, ,00,31/10/2024,00,31/10/2024,1,10073
36,1024,014,1,197-5,2202844,36,13A232,22,40400,0033,2,1,0,00,31/10/2024,00,31/10/2024,2,-,-,02,1, , ,01,01,-,02,00,00,-, ,00,31/10/2024,00,31/10/2024,1,10073
36,1024,014,1,197-5,2202844,36,13A232,22,40400,0025,4,1,0,00,04/11/2024,00,04/11/2024,2,-,-,05,1, , ,02,02,-,05,00,00,-, ,00,04/11/2024,00,04/11/2024,1,10073
36,1024,014,1,197-5,2202844,36,13A232,22,40400,0068,3,1,0,00,11/11/2024,00,11/11/2024,2,-,-,03,1, , ,01,01,-,03,00,00,-, ,00,11/11/2024,00,11/11/2024,1,10073
36,1024,014,1,336-5,2203027,36,13A232,22,40403,0018,2,1,0,00,31/10/2024,00,31/10/2024,2,-,-,03,1, , ,02,02,-,03,00,00,-, ,00,31/10/2024,00,31/10/2024,1,9231
36,1024,014,1,336-5,2203027,36,13A232,22,40403,0058,4,1,0,00,04/11/2024,00,04/11/2024,2,-,-,01, , , ,01,01,-,01,00,00,-, ,00,04/11/2024,00,04/11/2024,1,9231
36,1024,014,1,336-5,2203027,36,13A232,22,40403,0104,3,1,0,00,04/11/2024,00,04/11/2024,2,-,-,04,1, , ,02,01,-,04,00,00,-, ,00,04/11/2024,00,04/11/2024,1,9231
36,1024,014,1,336-5,2203027,36,13A232,22,40403,0089,1,1,0,00,04/11/2024,00,04/11/2024,2,-,-,03,1, , ,02,02,-,03,00,00,-, ,00,04/11/2024,00,04/11/2024,1,9231
36,1024,014,1,234-8,2203696,36,13A232,22,40409,0113,3,1,0,00,09/11/2024,00,09/11/2024,2,-,-,04,1, , ,01,01,-,04,00,00,-, ,00,09/11/2024,00,09/11/2024,1,9854
36,1024,014,1,234-8,2203696,36,13A232,22,40409,0138,1,1,0,03,15/11/2024,03,19/11/2024,2,-,-, , , , , , ,-, , , ,-, ,03,15/11/2024,03,19/11/2024,1,0
36,1024,014,1,234-8,2203696,36,13A232,22,40409,0023,4,1,0,07,30/10/2024,07,19/11/2024,2,-,-, , , , , , ,-, , , ,-, ,07,30/10/2024,07,19/11/2024,1,0
36,1024,014,1,234-8,2203696,36,13A232,22,40409,0077,2,1,0,00,05/11/2024,00,05/11/2024,2,-,-,02,1, , ,01,01,-,02,00,00,-, ,00,05/11/2024,00,05/11/2024,1,9854
36,1024,014,1,229-7,2204357,36,13A232,22,40413,0019,2,1,0,00,09/11/2024,00,09/11/2024,2,-,-,05,1, , ,01,03,-,05,00,00,-, ,00,09/11/2024,00,09/11/2024,1,11052
36,1024,014,1,229-7,2204357,36,13A232,22,40413,0039,1,1,0,13,31/10/2024,13,04/11/2024,2,-,-, , , , , , ,-, , , ,-, ,13,31/10/2024,13,04/11/2024,1,0
36,1024,014,1,229-7,2204357,36,13A232,22,40413,0168,4,1,0,00,30/10/2024,00,30/10/2024,2,-,-,06,1, , ,01,01,-,06,00,00,-, ,00,30/10/2024,00,30/10/2024,1,11052
36,1024,014,1,229-7,2204357,36,13A232,22,40413,0109,3,1,0,00,06/11/2024,00,06/11/2024,2,-,-,03,1, , ,01,01,-,03,00,00,-, ,00,06/11/2024,00,06/11/2024,1,11052
41,1024,005,1,433-5,2301839,41,11A232,23,40256,0113,4,1,0,00,12/11/2024,00,12/11/2024,2,-,-,02,1, , ,01,01,-,02,00,00,-, ,00,12/11/2024,00,12/11/2024,1,5247
41,1024,005,1,433-5,2301839,41,11A232,23,40256,0081,3,1,0,00,31/10/2024,00,31/10/2024,2,-,-,01, , , ,01,01,-,01,00,00,-, ,00,31/10/2024,00,31/10/2024,1,5247
41,1024,005,1,433-5,2301839,41,11A232,23,40256,0052,2,1,0,00,09/11/2024,00,09/11/2024,2,-,-,01, , , ,01,01,-,01,00,00,-, ,00,09/11/2024,00,09/11/2024,1,5247
41,1024,005,1,433-5,2301839,41,11A232,23,40256,0025,1,1,0,00,10/11/2024,00,10/11/2024,2,-,-,01, , , ,01,01,-,01,00,00,-, ,00,10/11/2024,00,10/11/2024,1,5247
41,1024,005,1,045-5,2301882,41,11A232,23,40257,0073,3,1,0,00,11/11/2024,00,11/11/2024,2,-,-,03,1, , ,02,02,-,03,00,00,-, ,00,11/11/2024,00,11/11/2024,1,3361
41,1024,005,1,045-5,2301882,41,11A232,23,40257,0011,4,1,0,00,13/11/2024,00,13/11/2024,2,-,-,07,1, , ,02,03,-,07,00,00,-, ,00,13/11/2024,00,13/11/2024,1,3361
41,1024,005,1,045-5,2301882,41,11A232,23,40257,0031,1,1,0,00,12/11/2024,00,12/11/2024,2,-,-,02,1, , ,01,02,-,02,00,00,-, ,00,12/11/2024,00,12/11/2024,1,3361
41,1024,005,1,045-5,2301882,41,11A232,23,40257,0050,2,1,0,00,11/11/2024,00,11/11/2024,2,-,-,04,1, , ,02,02,-,04,00,00,-, ,00,11/11/2024,00,11/11/2024,1,3361
41,1024,005,1,141-5,2301310,41,11A232,23,40275,0018,1,1,0,00,08/11/2024,00,08/11/2024,2,-,-,04,1, , ,04,01,-,04,00,00,-, ,00,08/11/2024,00,08/11/2024,1,7570
41,1024,005,1,141-5,2301310,41,11A232,23,40275,0057,3,1,0,01,08/11/2024,06,19/11/2024,2,-,-, , , , , , ,-, , , ,-, ,01,08/11/2024,06,19/11/2024,1,0
41,1024,005,1,141-5,2301310,41,11A232,23,40275,0084,4,1,0,05,19/11/2024,00,19/11/2024,2,-,-,04,1, , ,02,01,-,04,00,00,-, ,05,19/11/2024,00,19/11/2024,1,7570
41,1024,005,1,141-5,2301310,41,11A232,23,40275,0041,2,1,0,01,08/11/2024,00,19/11/2024,2,-,-,02,1, , ,02,01,-,02,00,00,-, ,01,08/11/2024,00,19/11/2024,1,7570
41,1024,005,1,468-9,2301581,41,11A232,23,40282,0153,4,1,0,00,04/11/2024,00,04/11/2024,2,-,-,04,1, , ,01,02,-,04,00,00,-, ,00,04/11/2024,00,04/11/2024,1,7008
41,1024,005,1,468-9,2301581,41,11A232,23,40282,0098,3,1,0,01,04/11/2024,06,19/11/2024,2,-,-, , , , , , ,-, , , ,-, ,01,04/11/2024,06,19/11/2024,1,0
41,1024,005,1,468-9,2301581,41,11A232,23,40282,0090,2,1,0,01,12/11/2024,06,19/11/2024,2,-,-, , , , , , ,-, , , ,-, ,01,12/11/2024,06,19/11/2024,1,0
41,1024,005,1,468-9,2301581,41,11A232,23,40282,0048,1,1,0,00,04/11/2024,00,04/11/2024,2,-,-,03,1, , ,02,02,-,03,00,00,-, ,00,04/11/2024,00,04/11/2024,1,7008
41,1024,005,1,560-0,2301630,41,11A232,23,40283,0033,2,1,0,00,05/11/2024,00,05/11/2024,2,-,-,02,1, , ,02,02,-,02,00,00,-, ,00,05/11/2024,00,05/11/2024,1,8774
41,1024,005,1,560-0,2301630,41,11A232,23,40283,0059,3,1,0,00,05/11/2024,00,05/11/2024,2,-,-,06,1, , ,02,01,-,06,00,00,-, ,00,05/11/2024,00,05/11/2024,1,8774
41,1024,005,1,560-0,2301630,41,11A232,23,40283,0010,1,1,0,00,09/11/2024,00,09/11/2024,2,-,-,06,1, , ,02,01,-,06,00,00,-, ,00,09/11/2024,00,09/11/2024,1,8774
41,1024,005,1,560-0,2301630,41,11A232,23,40283,0082,4,1,0,00,04/11/2024,00,04/11/2024,2,-,-,04,1, , ,02,01,-,04,00,00,-, ,00,04/11/2024,00,04/11/2024,1,8774
41,1024,005,1,491-8,2301800,41,11A232,23,40288,0058,3,1,0,00,12/11/2024,00,12/11/2024,2,-,-,03,1, , ,02,02,-,03,00,00,-, ,00,12/11/2024,00,12/11/2024,1,7202
41,1024,005,1,491-8,2301800,41,11A232,23,40288,0086,4,1,0,01,13/11/2024,01,13/11/2024,2,-,-, , , , , , ,-, , , ,-, ,01,13/11/2024,01,13/11/2024,1,0
41,1024,005,1,491-8,2301800,41,11A232,23,40288,0005,1,1,0,00,31/10/2024,00,31/10/2024,2,-,-,03,1, , ,01,01,-,03,00,00,-, ,00,31/10/2024,00,31/10/2024,1,7202
41,1024,005,1,491-8,2301800,41,11A232,23,40288,0032,2,1,0,00,05/11/2024,00,05/11/2024,2,-,-,04,1, , ,02,01,-,04,00,00,-, ,00,05/11/2024,00,05/11/2024,1,7202
41,1024,005,1,113-3,2302736,41,11A232,23,40299,0038,1,1,0,00,15/11/2024,00,15/11/2024,2,-,-,08,1, , ,02,04,-,08,00,00,-, ,00,15/11/2024,00,15/11/2024,1,7897
41,1024,005,1,113-3,2302736,41,11A232,23,40299,0012,4,1,0,00,30/10/2024,00,30/10/2024,2,-,-,03,1, , ,03,01,-,03,00,00,-, ,00,30/10/2024,00,30/10/2024,1,7897
41,1024,005,1,113-3,2302736,41,11A232,23,40299,0058,3,1,0,00,30/10/2024,00,30/10/2024,2,-,-,02,1, , ,02,02,-,02,00,00,-, ,00,30/10/2024,00,30/10/2024,1,7897
41,1024,005,1,113-3,2302736,41,11A232,23,40299,0093,2,1,0,00,30/10/2024,00,30/10/2024,2,-,-,02,1, , ,02,02,-,02,00,00,-, ,00,30/10/2024,00,30/10/2024,1,7897
41,1024,005,1,204-2,2304755,41,11A232,23,40309,0097,4,1,0,00,30/10/2024,00,30/10/2024,2,-,-,01, , , ,01,01,-,01,00,00,-, ,00,30/10/2024,00,30/10/2024,1,8434
41,1024,005,1,204-2,2304755,41,11A232,23,40309,0070,3,1,0,00,06/11/2024,00,06/11/2024,2,-,-,01, , , ,01,01,-,01,00,00,-, ,00,06/11/2024,00,06/11/2024,1,8434
41,1024,005,1,204-2,2304755,41,11A232,23,40309,0040,2,1,0,00,30/10/2024,00,30/10/2024,2,-,-,02,1, , ,02,02,-,02,00,00,-, ,00,30/10/2024,00,30/10/2024,1,8434
41,1024,005,1,204-2,2304755,41,11A232,23,40309,0009,1,1,0,00,30/10/2024,00,30/10/2024,2,-,-,05,1, , ,02,02,-,05,00,00,-, ,00,30/10/2024,00,30/10/2024,1,8434
41,1024,005,1,227-3,2303339,41,12A232,23,40312,0058,2,1,0,00,10/11/2024,00,10/11/2024,2,-,-,02,1, , ,01,02,-,02,00,00,-, ,00,10/11/2024,00,10/11/2024,1,8928
41,1024,005,1,227-3,2303339,41,12A232,23,40312,0025,1,1,0,00,29/10/2024,00,29/10/2024,2,-,-,05,1, , ,02,03,-,05,00,00,-, ,00,29/10/2024,00,29/10/2024,1,8928
41,1024,005,1,227-3,2303339,41,12A232,23,40312,0132,4,1,0,01,13/11/2024,01,13/11/2024,2,-,-, , , , , , ,-, , , ,-, ,01,13/11/2024,01,13/11/2024,1,0
41,1024,005,1,227-3,2303339,41,12A232,23,40312,0090,3,1,0,00,13/11/2024,00,13/11/2024,2,-,-,06,1, , ,01,02,-,06,00,00,-, ,00,13/11/2024,00,13/11/2024,1,8928
41,1024,005,1,204-2,2303137,41,12A232,23,40321,0044,3,1,0,00,06/11/2024,00,06/11/2024,2,-,-,02,1, , ,01,01,-,02,00,00,-, ,00,06/11/2024,00,06/11/2024,1,6724
41,1024,005,1,204-2,2303137,41,12A232,23,40321,0005,2,1,0,00,07/11/2024,00,07/11/2024,2,-,-,04,1, , ,02,02,-,04,00,00,-, ,00,07/11/2024,00,07/11/2024,1,6724
41,1024,005,1,204-2,2303137,41,12A232,23,40321,0093,1,1,0,00,12/11/2024,00,12/11/2024,2,-,-,01, , , ,01,01,-,01,00,00,-, ,00,12/11/2024,00,12/11/2024,1,6724
41,1024,005,1,204-2,2303137,41,12A232,23,40321,0084,4,1,0,05,06/11/2024,03,19/11/2024,2,-,-, , , , , , ,-, , , ,-, ,05,06/11/2024,03,19/11/2024,1,0
41,1024,005,1,073-7,2302315,41,13A232,23,40325,0081,4,1,0,05,11/11/2024,05,11/11/2024,2,-,-, , , , , , ,-, , , ,-, ,05,11/11/2024,05,11/11/2024,1,0
41,1024,005,1,073-7,2302315,41,13A232,23,40325,0034,2,1,0,06,11/11/2024,06,11/11/2024,2,-,-, , , , , , ,-, , , ,-, ,06,11/11/2024,06,11/11/2024,1,0
41,1024,005,1,073-7,2302315,41,13A232,23,40325,0063,3,1,0,01,11/11/2024,01,11/11/2024,2,-,-, , , , , , ,-, , , ,-, ,01,11/11/2024,01,11/11/2024,1,0
41,1024,005,1,073-7,2302315,41,13A232,23,40325,0003,1,1,0,03,11/11/2024,03,11/11/2024,2,-,-, , , , , , ,-, , , ,-, ,03,11/11/2024,03,11/11/2024,1,0
41,1024,005,1,246-6,2302534,41,13A232,23,40327,0043,2,1,0,05,14/11/2024,00,15/11/2024,2,-,-,04,1, , ,01,01,-,04,00,00,-, ,05,14/11/2024,00,15/11/2024,1,10786
41,1024,005,1,246-6,2302534,41,13A232,23,40327,0073,3,1,0,00,14/11/2024,00,14/11/2024,2,-,-,03,1, , ,02,01,-,03,00,00,-, ,00,14/11/2024,00,14/11/2024,1,10786
41,1024,005,1,246-6,2302534,41,13A232,23,40327,0105,4,1,0,00,14/11/2024,00,14/11/2024,2,-,-,02,1, , ,01,02,-,02,00,00,-, ,00,14/11/2024,00,14/11/2024,1,10786
41,1024,005,1,246-6,2302534,41,13A232,23,40327,0113,1,1,0,00,06/11/2024,00,06/11/2024,2,-,-,03,1, , ,01,01,-,03,00,00,-, ,00,06/11/2024,00,06/11/2024,1,10786
07,1024,028,1,107-7,2402619,07,11A232,24,40256,0020,2,1,0,00,31/10/2024,00,31/10/2024,2,-,-,05,1, , ,01,04,-,05,00,00,-, ,16,31/10/2024,16,31/10/2024,1,0
07,1024,028,1,107-7,2402619,07,11A232,24,40256,0081,3,1,0,00,04/11/2024,00,04/11/2024,2,-,-,05,1, , ,01,04,-,05,00,00,-, ,00,04/11/2024,00,04/11/2024,1,6361
07,1024,028,1,107-7,2402619,07,11A232,24,40256,0058,4,1,0,00,30/10/2024,00,30/10/2024,2,-,-,06,1, , ,02,02,-,06,00,00,-, ,00,30/10/2024,00,30/10/2024,1,6361
07,1024,028,1,107-7,2402619,07,11A232,24,40256,0119,1,1,0,00,30/10/2024,00,30/10/2024,2,-,-,04,1, , ,03,03,-,04,00,00,-, ,00,30/10/2024,00,30/10/2024,1,6361
07,1024,035,1,059-0,2404629,07,11A232,24,40267,0021,4,1,0,00,03/11/2024,00,03/11/2024,2,-,-,05,1, , ,02,02,-,05,00,00,-, ,00,03/11/2024,00,03/11/2024,1,7325
07,1024,035,1,059-0,2404629,07,11A232,24,40267,0078,2,1,0,00,11/11/2024,00,11/11/2024,2,-,-,03,1, , ,01,03,-,03,00,00,-, ,00,11/11/2024,00,11/11/2024,1,7325
07,1024,035,1,059-0,2404629,07,11A232,24,40267,0067,3,1,0,00,03/11/2024,00,03/11/2024,2,-,-,02,1, , ,01,01,-,02,00,00,-, ,00,03/11/2024,00,03/11/2024,1,7325
07,1024,035,1,059-0,2404629,07,11A232,24,40267,0099,1,1,0,00,03/11/2024,00,03/11/2024,2,-,-,06,1, , ,03,02,-,06,00,00,-, ,00,03/11/2024,00,03/11/2024,1,7325
07,1024,035,1,034-0,2404517,07,11A232,24,40273,0040,1,1,0,00,01/11/2024,00,01/11/2024,2,-,-,01, , , ,01,01,-,01,00,00,-, ,00,01/11/2024,00,01/11/2024,1,8184
07,1024,035,1,034-0,2404517,07,11A232,24,40273,0131,4,1,0,00,04/11/2024,00,04/11/2024,2,-,-,04,1, , ,01,01,-,04,00,00,-, ,00,04/11/2024,00,04/11/2024,1,8184
07,1024,035,1,034-0,2404517,07,11A232,24,40273,0005,2,1,0,00,01/11/2024,00,01/11/2024,2,-,-,04,1, , ,02,02,-,04,00,00,-, ,00,01/11/2024,00,01/11/2024,1,8184
07,1024,035,1,034-0,2404517,07,11A232,24,40273,0075,3,1,0,00,01/11/2024,00,01/11/2024,1,-,-,08,2,02,04,01,03,-,04,00,00,-, ,00,01/11/2024,00,01/11/2024,1,8184
07,1024,028,1,184-2,2402155,07,12A232,24,40277,0022,4,1,0,00,12/11/2024,00,12/11/2024,2,-,-,03,1, , ,01,01,-,03,00,00,-, ,00,12/11/2024,00,12/11/2024,1,7953
07,1024,028,1,184-2,2402155,07,12A232,24,40277,0051,3,1,0,00,03/11/2024,00,03/11/2024,2,-,-,01, , , ,01,01,-,01,00,00,-, ,00,03/11/2024,00,03/11/2024,1,7953
07,1024,028,1,184-2,2402155,07,12A232,24,40277,0077,2,1,0,00,03/11/2024,00,03/11/2024,2,-,-,05,1, , ,03,02,-,05,00,00,-, ,00,03/11/2024,00,03/11/2024,1,7953
07,1024,028,1,184-2,2402155,07,12A232,24,40277,0112,1,1,0,00,08/11/2024,00,08/11/2024,2,-,-,01, , , ,01,01,-,01,00,00,-, ,00,08/11/2024,00,08/11/2024,1,7953
07,1024,028,1,254-A,2402848,07,12A232,24,40286,0149,4,1,0,00,11/11/2024,00,11/11/2024,2,-,-,03,1, , ,01,01,-,03,00,00,-, ,00,11/11/2024,00,11/11/2024,1,8050
07,1024,028,1,254-A,2402848,07,12A232,24,40286,0113,3,1,0,00,31/10/2024,00,31/10/2024,2,-,-,01, , , ,01,01,-,01,00,00,-, ,00,31/10/2024,00,31/10/2024,1,8050
07,1024,028,1,254-A,2402848,07,12A232,24,40286,0071,2,1,0,00,02/11/2024,00,02/11/2024,2,-,-,02,1, , ,02,01,-,02,00,00,-, ,00,02/11/2024,00,02/11/2024,1,8050
07,1024,028,1,254-A,2402848,07,12A232,24,40286,0035,1,1,0,00,02/11/2024,00,02/11/2024,2,-,-,06,1, , ,01,04,-,06,00,00,-, ,00,02/11/2024,00,02/11/2024,1,8050
07,1024,028,1,171-5,2403665,07,12A232,24,40293,0030,2,1,0,00,10/11/2024,00,10/11/2024,2,-,-,01, , , ,01,01,-,01,00,00,-, ,00,10/11/2024,00,10/11/2024,1,6171
07,1024,028,1,171-5,2403665,07,12A232,24,40293,0073,4,1,0,00,06/11/2024,00,06/11/2024,2,-,-,03,1, , ,01,01,-,03,00,00,-, ,00,06/11/2024,00,06/11/2024,1,6171
07,1024,028,1,171-5,2403665,07,12A232,24,40293,0011,1,1,0,00,05/11/2024,00,05/11/2024,2,-,-,02,1, , ,02,02,-,02,00,00,-, ,00,05/11/2024,00,05/11/2024,1,6171
07,1024,028,1,171-5,2403665,07,12A232,24,40293,0052,3,1,0,00,05/11/2024,00,05/11/2024,2,-,-,02,1, , ,02,02,-,02,00,00,-, ,00,05/11/2024,00,05/11/2024,1,6171
07,1024,035,1,035-5,2404740,07,12A232,24,40303,0115,1,1,0,00,04/11/2024,00,04/11/2024,1,-,-,07,2,02,04,01,02,-,04,00,00,-, ,00,04/11/2024,00,04/11/2024,1,7480
07,1024,035,1,035-5,2404740,07,12A232,24,40303,0092,3,1,0,00,06/11/2024,00,06/11/2024,2,-,-,07,1, , ,02,03,-,07,00,00,-, ,00,06/11/2024,00,06/11/2024,1,7480
07,1024,035,1,035-5,2404740,07,12A232,24,40303,0039,4,1,0,00,01/11/2024,00,01/11/2024,2,-,-,03,1, , ,02,01,-,03,00,00,-, ,00,01/11/2024,00,01/11/2024,1,7480
07,1024,035,1,035-5,2404740,07,12A232,24,40303,0058,2,1,0,00,06/11/2024,00,06/11/2024,2,-,-,04,1, , ,04,01,-,04,00,00,-, ,00,06/11/2024,00,06/11/2024,1,7480
07,1024,035,1,090-4,2404867,07,12A232,24,40306,0055,2,1,0,06,12/11/2024,06,14/11/2024,2,-,-, , , , , , ,-, , , ,-, ,06,12/11/2024,06,14/11/2024,1,0
07,1024,035,1,090-4,2404867,07,12A232,24,40306,0086,3,1,0,00,01/11/2024,00,01/11/2024,2,-,-,01, , , ,01,01,-,01,00,00,-, ,00,01/11/2024,00,01/11/2024,1,7947
07,1024,035,1,090-4,2404867,07,12A232,24,40306,0119,4,1,0,00,08/11/2024,00,08/11/2024,2,-,-,04,1, , ,01,01,-,04,00,00,-, ,00,08/11/2024,00,08/11/2024,1,7947
07,1024,035,1,090-4,2404867,07,12A232,24,40306,0024,1,1,0,00,11/11/2024,00,11/11/2024,2,-,-,01, , , ,01,01,-,01,00,00,-, ,00,11/11/2024,00,11/11/2024,1,7947
07,1024,028,1,046-9,2402423,07,13A232,24,40316,0054,2,1,0,00,29/10/2024,00,29/10/2024,2,-,-,01, , , ,01,01,-,01,00,00,-, ,00,29/10/2024,00,29/10/2024,1,10076
07,1024,028,1,046-9,2402423,07,13A232,24,40316,0115,3,1,0,03,31/10/2024,03,02/11/2024,2,-,-, , , , , , ,-, , , ,-, ,03,31/10/2024,03,02/11/2024,1,0
07,1024,028,1,046-9,2402423,07,13A232,24,40316,0015,1,1,0,00,13/11/2024,00,13/11/2024,2,-,-,03,1, , ,03,02,-,03,00,00,-, ,00,13/11/2024,00,13/11/2024,1,10076
07,1024,028,1,046-9,2402423,07,13A232,24,40316,0062,4,1,0,00,02/11/2024,00,02/11/2024,2,-,-,05,1, , ,04,01,-,05,00,00,-, ,00,02/11/2024,00,02/11/2024,1,10076
07,1024,028,1,254-A,2402829,07,13A232,24,40319,0081,1,1,0,00,06/11/2024,00,06/11/2024,2,-,-,03,1, , ,02,02,-,03,00,00,-, ,00,06/11/2024,00,06/11/2024,1,7302
07,1024,028,1,254-A,2402829,07,13A232,24,40319,0064,4,1,0,05,15/11/2024,03,15/11/2024,2,-,-, , , , , , ,-, , , ,-, ,05,15/11/2024,03,15/11/2024,1,0
07,1024,028,1,254-A,2402829,07,13A232,24,40319,0037,3,1,0,00,13/11/2024,00,13/11/2024,2,-,-,03,1, , ,03,03,-,03,00,00,-, ,00,13/11/2024,00,13/11/2024,1,7302
07,1024,028,1,254-A,2402829,07,13A232,24,40319,0115,2,1,0,00,11/11/2024,00,11/11/2024,2,-,-,05,1, , ,02,01,-,05,00,00,-, ,00,11/11/2024,00,11/11/2024,1,7302
07,1024,028,1,232-3,2403752,07,13A232,24,40325,0107,1,1,0,00,12/11/2024,00,12/11/2024,2,-,-,07,1, , ,03,03,-,07,00,00,-, ,00,12/11/2024,00,12/11/2024,1,8570
07,1024,028,1,232-3,2403752,07,13A232,24,40325,0039,4,1,0,00,31/10/2024,00,31/10/2024,1,-,-,05,2,04,02,02,01,-,02,00,00,-, ,00,31/10/2024,00,31/10/2024,1,8570
07,1024,028,1,232-3,2403752,07,13A232,24,40325,0049,2,1,0,00,01/11/2024,00,01/11/2024,2,-,-,04,1, , ,02,04,-,04,00,00,-, ,00,01/11/2024,00,01/11/2024,1,8570
07,1024,028,1,232-3,2403752,07,13A232,24,40325,0006,3,1,0,03,11/11/2024,03,15/11/2024,2,-,-, , , , , , ,-, , , ,-, ,03,11/11/2024,03,15/11/2024,1,0
07,1024,028,1,153-7,2404112,07,13A232,24,40332,0095,3,1,0,00,13/11/2024,00,13/11/2024,2,-,-,02,1, , ,01,01,-,02,00,00,-, ,00,13/11/2024,00,13/11/2024,1,9394
07,1024,028,1,153-7,2404112,07,13A232,24,40332,0039,2,1,0,04,15/11/2024,04,15/11/2024,2,-,-, , , , , , ,-, , , ,-, ,04,15/11/2024,04,15/11/2024,1,0
07,1024,028,1,153-7,2404112,07,13A232,24,40332,0060,4,1,0,00,31/10/2024,00,31/10/2024,2,-,-,06,1, , ,01,02,-,06,00,00,-, ,00,31/10/2024,00,31/10/2024,1,9394
07,1024,028,1,153-7,2404112,07,13A232,24,40332,0005,1,1,0,00,08/11/2024,00,08/11/2024,2,-,-,02,1, , ,02,01,-,02,00,00,-, ,16,08/11/2024,16,08/11/2024,1,0
24,1024,006,1,768-A,2502069,24,11A232,25,40259,0017,1,1,0,00,04/11/2024,00,04/11/2024,2,-,-,01, , , ,01,01,-,01,00,00,-, ,00,04/11/2024,00,04/11/2024,1,7124
24,1024,006,1,768-A,2502069,24,11A232,25,40259,0083,3,1,0,01,11/11/2024,06,15/11/2024,2,-,-, , , , , , ,-, , , ,-, ,01,11/11/2024,06,15/11/2024,1,0
24,1024,006,1,768-A,2502069,24,11A232,25,40259,0117,4,1,0,00,04/11/2024,00,04/11/2024,2,-,-,03,1, , ,02,01,-,03,00,00,-, ,00,04/11/2024,00,04/11/2024,1,7124
24,1024,006,1,768-A,2502069,24,11A232,25,40259,0049,2,1,0,00,04/11/2024,00,04/11/2024,2,-,-,02,1, , ,01,02,-,02,00,00,-, ,00,04/11/2024,00,04/11/2024,1,7124
24,1024,006,1,443-5,2502480,24,11A232,25,40262,0075,1,1,0,00,07/11/2024,00,07/11/2024,2,-,-,01, , , ,01,01,-,01,00,00,-, ,00,07/11/2024,00,07/11/2024,1,9760
24,1024,006,1,443-5,2502480,24,11A232,25,40262,0104,2,1,0,00,03/11/2024,00,03/11/2024,2,-,-,04,1, , ,02,02,-,04,00,00,-, ,00,03/11/2024,00,03/11/2024,1,9760
24,1024,006,1,443-5,2502480,24,11A232,25,40262,0030,4,1,0,00,03/11/2024,00,03/11/2024,2,-,-,02,1, , ,01,01,-,02,00,00,-, ,00,03/11/2024,00,03/11/2024,1,9760
24,1024,006,1,443-5,2502480,24,11A232,25,40262,0002,3,1,0,00,03/11/2024,00,03/11/2024,2,-,-,01, , , ,01,01,-,01,00,00,-, ,00,03/11/2024,00,03/11/2024,1,9760
24,1024,006,1,665-8,2503661,24,11A232,25,40271,0149,2,1,0,05,13/11/2024,05,16/11/2024,2,-,-, , , , , , ,-, , , ,-, ,05,13/11/2024,05,16/11/2024,1,0
24,1024,006,1,665-8,2503661,24,11A232,25,40271,0037,3,1,0,00,13/11/2024,00,13/11/2024,2,-,-,01, , , ,01,01,-,01,00,00,-, ,00,13/11/2024,00,13/11/2024,1,8971
24,1024,006,1,665-8,2503661,24,11A232,25,40271,0076,4,1,0,00,31/10/2024,00,31/10/2024,2,-,-,02,1, , ,02,02,-,02,00,00,-, ,00,31/10/2024,00,31/10/2024,1,8971
24,1024,006,1,665-8,2503661,24,11A232,25,40271,0087,1,1,0,02,13/11/2024,05,16/11/2024,2,-,-, , , , , , ,-, , , ,-, ,02,13/11/2024,05,16/11/2024,1,0
24,1024,006,1,192-4,2501936,24,12A232,25,40277,0006,1,1,0,00,08/11/2024,00,08/11/2024,2,-,-,01, , , ,01,01,-,01,00,00,-, ,00,08/11/2024,00,08/11/2024,1,7953
24,1024,006,1,192-4,2501936,24,12A232,25,40277,0034,2,1,0,05,13/11/2024,06,15/11/2024,2,-,-, , , , , , ,-, , , ,-, ,05,13/11/2024,06,15/11/2024,1,0
24,1024,006,1,192-4,2501936,24,12A232,25,40277,0108,4,1,0,00,08/11/2024,00,08/11/2024,2,-,-,02,1, , ,02,02,-,02,00,00,-, ,00,08/11/2024,00,08/11/2024,1,7953
24,1024,006,1,192-4,2501936,24,12A232,25,40277,0079,3,1,0,00,07/11/2024,00,07/11/2024,2,-,-,04,1, , ,02,02,-,04,00,00,-, ,00,07/11/2024,00,07/11/2024,1,7953
24,1024,006,1,384-6,2502604,24,12A232,25,40288,0082,3,1,0,00,10/11/2024,00,10/11/2024,2,-,-,03,1, , ,01,03,-,03,00,00,-, ,00,10/11/2024,00,10/11/2024,1,8723
24,1024,006,1,384-6,2502604,24,12A232,25,40288,0021,4,1,0,00,10/11/2024,00,10/11/2024,2,-,-,01, , , ,01,01,-,01,00,00,-, ,00,10/11/2024,00,10/11/2024,1,8723
24,1024,006,1,384-6,2502604,24,12A232,25,40288,0101,1,1,0,00,01/11/2024,00,01/11/2024,2,-,-,07,1, , ,03,02,-,07,00,00,-, ,00,01/11/2024,00,01/11/2024,1,8723
24,1024,006,1,384-6,2502604,24,12A232,25,40288,0055,2,1,0,00,10/11/2024,00,10/11/2024,2,-,-,01, , , ,01,01,-,01,00,00,-, ,00,10/11/2024,00,10/11/2024,1,8723
24,1024,006,1,709-2,2503176,24,12A232,25,40298,0104,2,1,0,00,13/11/2024,00,13/11/2024,2,-,-,01, , , ,01,01,-,01,00,00,-, ,00,13/11/2024,00,13/11/2024,1,12161
24,1024,006,1,709-2,2503176,24,12A232,25,40298,0126,3,1,0,00,05/11/2024,00,05/11/2024,2,-,-,03,1, , ,02,01,-,03,00,00,-, ,00,05/11/2024,00,05/11/2024,1,12161
24,1024,006,1,709-2,2503176,24,12A232,25,40298,0036,4,1,0,00,05/11/2024,00,05/11/2024,2,-,-,02,1, , ,02,02,-,02,00,00,-, ,00,05/11/2024,00,05/11/2024,1,12161
24,1024,006,1,709-2,2503176,24,12A232,25,40298,0008,1,1,0,00,05/11/2024,00,05/11/2024,2,-,-,05,1, , ,02,02,-,05,00,00,-, ,00,05/11/2024,00,05/11/2024,1,12161
24,1024,006,1,367-2,2503354,24,12A232,25,40303,0118,1,1,0,00,30/10/2024,00,30/10/2024,2,-,-,02,1, , ,01,02,-,02,00,00,-, ,00,30/10/2024,00,30/10/2024,1,8150
24,1024,006,1,367-2,2503354,24,12A232,25,40303,0018,4,1,0,00,06/11/2024,00,06/11/2024,2,-,-,10,1, , ,01,09,-,10,00,00,-, ,00,06/11/2024,00,06/11/2024,1,8150
24,1024,006,1,367-2,2503354,24,12A232,25,40303,0065,2,1,0,00,06/11/2024,00,06/11/2024,2,-,-,02,1, , ,01,01,-,02,00,00,-, ,00,06/11/2024,00,06/11/2024,1,8150
24,1024,006,1,367-2,2503354,24,12A232,25,40303,0027,3,1,0,00,30/10/2024,00,30/10/2024,2,-,-,05,1, , ,02,04,-,05,00,00,-, ,00,30/10/2024,00,30/10/2024,1,8150
24,1024,006,1,362-A,2503524,24,12A232,25,40307,0027,3,1,0,00,11/11/2024,00,11/11/2024,2,-,-,05,1, , ,03,03,-,05,00,00,-, ,00,11/11/2024,00,11/11/2024,1,9470
24,1024,006,1,362-A,2503524,24,12A232,25,40307,0096,1,1,0,00,30/10/2024,00,30/10/2024,2,-,-,04,1, , ,01,02,-,04,00,00,-, ,00,30/10/2024,00,30/10/2024,1,9470
24,1024,006,1,362-A,2503524,24,12A232,25,40307,0114,2,1,0,00,13/11/2024,00,13/11/2024,2,-,-,03,1, , ,02,01,-,03,00,00,-, ,00,13/11/2024,00,13/11/2024,1,9470
24,1024,006,1,362-A,2503524,24,12A232,25,40307,0068,4,1,0,00,30/10/2024,00,30/10/2024,2,-,-,02,1, , ,01,01,-,02,00,00,-, ,00,30/10/2024,00,30/10/2024,1,9470
24,1024,006,1,402-6,2503032,24,13A232,25,40316,0097,3,1,0,00,02/11/2024,00,02/11/2024,2,-,-,03,1, , ,03,01,-,03,00,00,-, ,00,02/11/2024,00,02/11/2024,1,10754
24,1024,006,1,402-6,2503032,24,13A232,25,40316,0128,4,1,0,02,14/11/2024,02,14/11/2024,2,-,-, , , , , , ,-, , , ,-, ,02,14/11/2024,02,14/11/2024,1,0
24,1024,006,1,402-6,2503032,24,13A232,25,40316,0063,2,1,0,00,09/11/2024,00,09/11/2024,2,-,-,04,1, , ,01,01,-,04,00,00,-, ,00,09/11/2024,00,09/11/2024,1,10754
24,1024,006,1,402-6,2503032,24,13A232,25,40316,0030,1,1,0,00,09/11/2024,00,09/11/2024,2,-,-,03,1, , ,02,01,-,03,00,00,-, ,00,09/11/2024,00,09/11/2024,1,10754
24,1024,006,1,184-A,2503048,24,13A232,25,40329,0082,1,1,0,01,14/11/2024,01,14/11/2024,2,-,-, , , , , , ,-, , , ,-, ,01,14/11/2024,01,14/11/2024,1,0
24,1024,006,1,184-A,2503048,24,13A232,25,40329,0030,4,1,0,00,09/11/2024,00,09/11/2024,2,-,-,04,1, , ,01,01,-,04,00,00,-, ,00,09/11/2024,00,09/11/2024,1,11331
24,1024,006,1,184-A,2503048,24,13A232,25,40329,0130,3,1,0,00,12/11/2024,00,12/11/2024,2,-,-,02,1, , ,02,01,-,02,00,00,-, ,00,12/11/2024,00,12/11/2024,1,11331
24,1024,006,1,184-A,2503048,24,13A232,25,40329,0069,2,1,0,00,02/11/2024,00,02/11/2024,2,-,-,03,1, , ,01,02,-,03,00,00,-, ,00,02/11/2024,00,02/11/2024,1,11331
24,1024,006,1,649-9,2503252,24,13A232,25,40333,0080,3,1,0,00,04/11/2024,00,04/11/2024,2,-,-,04,1, , ,02,03,-,04,00,00,-, ,00,04/11/2024,00,04/11/2024,1,8082
24,1024,006,1,649-9,2503252,24,13A232,25,40333,0013,1,1,0,00,13/11/2024,00,13/11/2024,2,-,-,02,1, , ,01,01,-,02,00,00,-, ,00,13/11/2024,00,13/11/2024,1,8082
24,1024,006,1,649-9,2503252,24,13A232,25,40333,0100,2,1,0,00,04/11/2024,00,04/11/2024,2,-,-,03,1, , ,03,03,-,03,00,00,-, ,00,04/11/2024,00,04/11/2024,1,8082
24,1024,006,1,649-9,2503252,24,13A232,25,40333,0047,4,1,0,00,09/11/2024,00,09/11/2024,2,-,-,03,1, , ,02,02,-,03,00,00,-, ,00,09/11/2024,00,09/11/2024,1,8082
24,1024,006,1,684-0,2503723,24,13A232,25,40337,0041,2,1,0,00,06/11/2024,00,06/11/2024,2,-,-,04,1, , ,01,01,-,04,00,00,-, ,00,06/11/2024,00,06/11/2024,1,10363
24,1024,006,1,684-0,2503723,24,13A232,25,40337,0002,1,1,0,02,13/11/2024,02,16/11/2024,2,-,-, , , , , , ,-, , , ,-, ,02,13/11/2024,02,16/11/2024,1,0
24,1024,006,1,684-0,2503723,24,13A232,25,40337,0087,4,1,0,02,13/11/2024,02,16/11/2024,2,-,-, , , , , , ,-, , , ,-, ,02,13/11/2024,02,16/11/2024,1,0
24,1024,006,1,684-0,2503723,24,13A232,25,40337,0106,3,1,0,02,13/11/2024,02,16/11/2024,2,-,-, , , , , , ,-, , , ,-, ,02,13/11/2024,02,16/11/2024,1,0
25,1024,030,1,750-A,2603336,25,11A232,26,40261,0004,3,1,0,00,30/10/2024,00,30/10/2024,2,-,-,03,1, , ,01,01,-,03,00,00,-, ,00,30/10/2024,00,30/10/2024,1,8531
25,1024,030,1,750-A,2603336,25,11A232,26,40261,0030,4,1,0,00,28/10/2024,00,28/10/2024,2,-,-,03,1, , ,01,01,-,03,00,00,-, ,00,28/10/2024,00,28/10/2024,1,8531
25,1024,030,1,750-A,2603336,25,11A232,26,40261,0058,2,1,0,03,06/11/2024,03,06/11/2024,2,-,-, , , , , , ,-, , , ,-, ,03,06/11/2024,03,06/11/2024,1,0
25,1024,030,1,750-A,2603336,25,11A232,26,40261,0090,1,1,0,00,30/10/2024,00,30/10/2024,2,-,-,02,1, , ,01,01,-,02,00,00,-, ,00,30/10/2024,00,30/10/2024,1,8531
25,1024,030,1,331-4,2603528,25,11A232,26,40264,0051,1,1,0,00,02/11/2024,00,02/11/2024,2,-,-,04,1, , ,02,03,-,04,00,00,-, ,14,02/11/2024,14,02/11/2024,1,0
25,1024,030,1,331-4,2603528,25,11A232,26,40264,0117,4,1,0,00,01/11/2024,00,01/11/2024,2,-,-,04,1, , ,02,02,-,04,00,00,-, ,00,01/11/2024,00,01/11/2024,1,7694
25,1024,030,1,331-4,2603528,25,11A232,26,40264,0071,2,1,0,00,04/11/2024,00,04/11/2024,2,-,-,06,1, , ,02,01,-,06,00,00,-, ,00,04/11/2024,00,04/11/2024,1,7694
25,1024,030,1,331-4,2603528,25,11A232,26,40264,0008,3,1,0,00,01/11/2024,00,01/11/2024,2,-,-,03,1, , ,02,02,-,03,00,00,-, ,00,01/11/2024,00,01/11/2024,1,7694
25,1024,030,1,723-2,2604831,25,11A232,26,40274,0139,4,1,0,00,29/10/2024,00,29/10/2024,2,-,-,04,1, , ,03,01,-,04,00,00,-, ,00,29/10/2024,00,29/10/2024,1,8907
25,1024,030,1,723-2,2604831,25,11A232,26,40274,0055,3,1,0,00,31/10/2024,00,31/10/2024,2,-,-,04,1, , ,01,02,-,04,00,00,-, ,00,31/10/2024,00,31/10/2024,1,8907
25,1024,030,1,723-2,2604831,25,11A232,26,40274,0101,1,1,0,00,30/10/2024,00,30/10/2024,2,-,-,05,1, , ,03,01,-,05,00,00,-, ,00,30/10/2024,00,30/10/2024,1,8907
25,1024,030,1,723-2,2604831,25,11A232,26,40274,0018,2,1,0,00,29/10/2024,00,29/10/2024,2,-,-,04,1, , ,02,01,-,04,00,00,-, ,00,29/10/2024,00,29/10/2024,1,8907
25,1024,030,1,339-0,2602771,25,12A232,26,40277,0077,2,1,0,00,06/11/2024,00,06/11/2024,2,-,-,04,1, , ,01,02,-,04,00,00,-, ,00,06/11/2024,00,06/11/2024,1,8227
25,1024,030,1,339-0,2602771,25,12A232,26,40277,0107,3,1,0,00,11/11/2024,00,11/11/2024,2,-,-,01, , , ,01,01,-,01,00,00,-, ,00,11/11/2024,00,11/11/2024,1,8227
25,1024,030,1,339-0,2602771,25,12A232,26,40277,0045,4,1,0,00,05/11/2024,00,05/11/2024,2,-,-,02,1, , ,02,02,-,02,00,00,-, ,00,05/11/2024,00,05/11/2024,1,8227
25,1024,030,1,339-0,2602771,25,12A232,26,40277,0034,1,1,0,00,04/11/2024,00,04/11/2024,2,-,-,03,1, , ,01,02,-,03,00,00,-, ,00,04/11/2024,00,04/11/2024,1,8227
25,1024,030,1,685-5,2602827,25,12A232,26,40278,0038,1,1,0,00,05/11/2024,00,05/11/2024,2,-,-,06,1, , ,02,03,-,06,00,00,-, ,00,05/11/2024,00,05/11/2024,1,8587
25,1024,030,1,685-5,2602827,25,12A232,26,40278,0050,2,1,0,00,09/11/2024,00,09/11/2024,2,-,-,04,1, , ,02,03,-,04,00,00,-, ,00,09/11/2024,00,09/11/2024,1,8587
25,1024,030,1,685-5,2602827,25,12A232,26,40278,0085,3,1,0,00,05/11/2024,00,05/11/2024,2,-,-,02,1, , ,01,02,-,02,00,00,-, ,00,05/11/2024,00,05/11/2024,1,8587
25,1024,030,1,685-5,2602827,25,12A232,26,40278,0114,4,1,0,00,11/11/2024,00,11/11/2024,2,-,-,01, , , ,01,01,-,01,00,00,-, ,00,11/11/2024,00,11/11/2024,1,8587
25,1024,030,1,529-3,2603978,25,12A232,26,40290,0053,2,1,0,00,30/10/2024,00,30/10/2024,2,-,-,05,1, , ,02,02,-,05,00,00,-, ,00,30/10/2024,00,30/10/2024,1,8145
25,1024,030,1,529-3,2603978,25,12A232,26,40290,0083,3,1,0,00,28/10/2024,00,28/10/2024,2,-,-,02,1, , ,01,01,-,02,00,00,-, ,00,28/10/2024,00,28/10/2024,1,8145
25,1024,030,1,529-3,2603978,25,12A232,26,40290,0098,4,1,0,00,30/10/2024,00,30/10/2024,2,-,-,03,1, , ,01,01,-,03,00,00,-, ,00,30/10/2024,00,30/10/2024,1,8145
25,1024,030,1,529-3,2603978,25,12A232,26,40290,0018,1,1,0,00,28/10/2024,00,28/10/2024,2,-,-,01, , , ,01,01,-,01,00,00,-, ,00,28/10/2024,00,28/10/2024,1,8145
25,1024,030,1,499-0,2604180,25,12A232,26,40296,0067,4,1,0,07,04/11/2024,07,04/11/2024,2,-,-, , , , , , ,-, , , ,-, ,07,04/11/2024,07,04/11/2024,1,0
25,1024,030,1,499-0,2604180,25,12A232,26,40296,0032,3,1,0,00,05/11/2024,00,05/11/2024,2,-,-,01, , , ,01,01,-,01,00,00,-, ,00,05/11/2024,00,05/11/2024,1,8633
25,1024,030,1,499-0,2604180,25,12A232,26,40296,0143,2,1,0,00,11/11/2024,00,11/11/2024,2,-,-,02,1, , ,01,02,-,02,00,00,-, ,00,11/11/2024,00,11/11/2024,1,8633
25,1024,030,1,499-0,2604180,25,12A232,26,40296,0105,1,1,0,00,05/11/2024,00,05/11/2024,2,-,-,04,1, , ,01,01,-,04,00,00,-, ,00,05/11/2024,00,05/11/2024,1,8633
25,1024,030,1,325-9,2604619,25,12A232,26,40303,0069,3,1,0,00,02/11/2024,00,02/11/2024,2,-,-,03,1, , ,01,01,-,03,00,00,-, ,00,02/11/2024,00,02/11/2024,1,8158
25,1024,030,1,325-9,2604619,25,12A232,26,40303,0101,4,1,0,00,06/11/2024,00,06/11/2024,2,-,-,02,1, , ,02,01,-,02,00,00,-, ,00,06/11/2024,00,06/11/2024,1,8158
25,1024,030,1,325-9,2604619,25,12A232,26,40303,0036,2,1,0,00,31/10/2024,00,31/10/2024,2,-,-,05,1, , ,01,01,-,05,00,00,-, ,00,31/10/2024,00,31/10/2024,1,8158
25,1024,030,1,325-9,2604619,25,12A232,26,40303,0006,1,1,0,00,31/10/2024,00,31/10/2024,2,-,-,03,1, , ,01,01,-,03,00,00,-, ,00,31/10/2024,00,31/10/2024,1,8158
25,1024,030,1,599-9,2603643,25,13A232,26,40320,0090,2,1,0,00,31/10/2024,00,31/10/2024,2,-,-,03,1, , ,01,03,-,03,00,00,-, ,00,31/10/2024,00,31/10/2024,1,9974
25,1024,030,1,599-9,2603643,25,13A232,26,40320,0013,1,1,0,00,31/10/2024,00,31/10/2024,2,-,-,02,1, , ,01,01,-,02,00,00,-, ,00,31/10/2024,00,31/10/2024,1,9974
25,1024,030,1,599-9,2603643,25,13A232,26,40320,0049,4,1,0,00,02/11/2024,00,02/11/2024,2,-,-,05,1, , ,02,01,-,05,00,00,-, ,00,02/11/2024,00,02/11/2024,1,9974
25,1024,030,1,599-9,2603643,25,13A232,26,40320,0071,3,1,0,00,30/10/2024,00,30/10/2024,2,-,-,03,1, , ,03,02,-,03,00,00,-, ,00,30/10/2024,00,30/10/2024,1,9974
25,1024,030,1,247-7,2603298,25,13A232,26,40326,0019,4,1,0,00,01/11/2024,00,01/11/2024,2,-,-,03,1, , ,01,02,-,03,00,00,-, ,00,01/11/2024,00,01/11/2024,1,10646
25,1024,030,1,247-7,2603298,25,13A232,26,40326,0093,3,1,0,00,11/11/2024,00,11/11/2024,2,-,-,02,1, , ,02,01,-,02,00,00,-, ,14,11/11/2024,14,11/11/2024,1,0
25,1024,030,1,247-7,2603298,25,13A232,26,40326,0081,2,1,0,00,01/11/2024,00,01/11/2024,2,-,-,05,1, , ,05,05,-,05,00,00,-, ,00,01/11/2024,00,01/11/2024,1,10646
25,1024,030,1,247-7,2603298,25,13A232,26,40326,0058,1,1,0,00,01/11/2024,00,01/11/2024,2,-,-,02,1, , ,01,01,-,02,00,00,-, ,00,01/11/2024,00,01/11/2024,1,10646
25,1024,030,1,193-9,2604364,25,13A232,26,40329,0030,2,1,0,00,01/11/2024,00,01/11/2024,2,-,-,02,1, , ,01,02,-,02,00,00,-, ,00,01/11/2024,00,01/11/2024,1,9455
25,1024,030,1,193-9,2604364,25,13A232,26,40329,0071,3,1,0,00,04/11/2024,00,04/11/2024,2,-,-,01, , , ,01,01,-,01,00,00,-, ,00,04/11/2024,00,04/11/2024,1,9455
25,1024,030,1,193-9,2604364,25,13A232,26,40329,0013,1,1,0,00,01/11/2024,00,01/11/2024,2,-,-,01, , , ,01,01,-,01,00,00,-, ,00,01/11/2024,00,01/11/2024,1,9455
25,1024,030,1,193-9,2604364,25,13A232,26,40329,0040,4,1,0,00,01/11/2024,00,01/11/2024,2,-,-,05,1, , ,03,01,-,05,00,00,-, ,00,01/11/2024,00,01/11/2024,1,9455
25,1024,030,1,486-3,2604638,25,13A232,26,40333,0025,1,1,0,00,31/10/2024,00,31/10/2024,2,-,-,06,1, , ,05,05,-,06,00,00,-, ,00,31/10/2024,00,31/10/2024,1,10060
25,1024,030,1,486-3,2604638,25,13A232,26,40333,0113,4,1,0,04,30/10/2024,04,30/10/2024,2,-,-, , , , , , ,-, , , ,-, ,04,30/10/2024,04,30/10/2024,1,0
25,1024,030,1,486-3,2604638,25,13A232,26,40333,0052,2,1,0,00,07/11/2024,00,07/11/2024,2,-,-,03,1, , ,02,01,-,03,00,00,-, ,00,07/11/2024,00,07/11/2024,1,10060
25,1024,030,1,486-3,2604638,25,13A232,26,40333,0082,3,1,0,00,07/11/2024,00,07/11/2024,2,-,-,06,1, , ,01,02,-,06,00,00,-, ,00,07/11/2024,00,07/11/2024,1,10060
18,1024,004,1,152-4,2701665,18,11A232,27,40265,0144,1,1,0,00,30/10/2024,00,30/10/2024,2,-,-,03,1, , ,01,01,-,03,00,00,-, ,00,30/10/2024,00,30/10/2024,1,10465
18,1024,004,1,152-4,2701665,18,11A232,27,40265,0122,3,1,0,00,05/11/2024,00,05/11/2024,2,-,-,05,1, , ,03,01,-,05,00,00,-, ,00,05/11/2024,00,05/11/2024,1,10465
18,1024,004,1,152-4,2701665,18,11A232,27,40265,0036,4,1,0,00,30/10/2024,00,30/10/2024,2,-,-,06,1, , ,02,02,-,06,00,00,-, ,00,30/10/2024,00,30/10/2024,1,10465
18,1024,004,1,152-4,2701665,18,11A232,27,40265,0080,2,1,0,00,06/11/2024,00,06/11/2024,1,-,-,03,2,03,01,01,01,-,01,00,00,-, ,00,06/11/2024,00,06/11/2024,1,10465
18,1024,004,1,134-6,2701908,18,11A232,27,40271,0025,1,1,0,00,29/10/2024,00,29/10/2024,1,-,-,05,2,02,02,01,01,-,02,00,00,-, ,00,29/10/2024,00,29/10/2024,1,10442
18,1024,004,1,134-6,2701908,18,11A232,27,40271,0126,3,1,0,00,30/10/2024,00,30/10/2024,2,-,-,07,1, , ,01,02,-,07,00,00,-, ,00,30/10/2024,00,30/10/2024,1,10442
18,1024,004,1,134-6,2701908,18,11A232,27,40271,0154,2,1,0,00,30/10/2024,00,30/10/2024,2,-,-,03,1, , ,01,02,-,03,00,00,-, ,00,30/10/2024,00,30/10/2024,1,10442
18,1024,004,1,134-6,2701908,18,11A232,27,40271,0084,4,1,0,00,31/10/2024,00,31/10/2024,2,-,-,03,1, , ,01,03,-,03,00,00,-, ,00,31/10/2024,00,31/10/2024,1,10442
18,1024,004,1,125-7,2702244,18,11A232,27,40278,0059,2,1,0,00,13/11/2024,00,13/11/2024,2,-,-,03,1, , ,01,02,-,03,00,00,-, ,00,13/11/2024,00,13/11/2024,1,8359
18,1024,004,1,125-7,2702244,18,11A232,27,40278,0007,1,1,0,00,06/11/2024,00,06/11/2024,2,-,-,03,1, , ,02,01,-,03,00,00,-, ,00,06/11/2024,00,06/11/2024,1,8359
18,1024,004,1,125-7,2702244,18,11A232,27,40278,0158,4,1,0,00,06/11/2024,00,06/11/2024,2,-,-,01, , , ,01,01,-,01,00,00,-, ,00,06/11/2024,00,06/11/2024,1,8359
18,1024,004,1,125-7,2702244,18,11A232,27,40278,0111,3,1,0,00,30/10/2024,00,30/10/2024,2,-,-,02,1, , ,02,01,-,02,00,00,-, ,00,30/10/2024,00,30/10/2024,1,8359
18,1024,013,1,023-9,2704299,18,11A232,27,40288,0012,2,1,0,00,31/10/2024,00,31/10/2024,2,-,-,07,1, , ,01,01,-,07,00,00,-, ,00,31/10/2024,00,31/10/2024,1,9173
18,1024,013,1,023-9,2704299,18,11A232,27,40288,0124,4,1,0,00,31/10/2024,00,31/10/2024,2,-,-,01, , , ,01,01,-,01,00,00,-, ,00,31/10/2024,00,31/10/2024,1,9173
18,1024,013,1,023-9,2704299,18,11A232,27,40288,0063,1,1,0,00,04/11/2024,00,04/11/2024,2,-,-,04,1, , ,02,01,-,04,00,00,-, ,00,04/11/2024,00,04/11/2024,1,9173
18,1024,013,1,023-9,2704299,18,11A232,27,40288,0049,3,1,0,00,04/11/2024,00,04/11/2024,2,-,-,05,1, , ,02,01,-,05,00,00,-, ,00,04/11/2024,00,04/11/2024,1,9173
18,1024,013,1,010-1,2704312,18,11A232,27,40293,0140,4,1,0,00,31/10/2024,00,31/10/2024,2,-,-,02,1, , ,02,02,-,02,00,00,-, ,00,31/10/2024,00,31/10/2024,1,8576
18,1024,013,1,010-1,2704312,18,11A232,27,40293,0097,3,1,0,00,31/10/2024,00,31/10/2024,2,-,-,03,1, , ,02,02,-,03,00,00,-, ,00,31/10/2024,00,31/10/2024,1,8576
18,1024,013,1,010-1,2704312,18,11A232,27,40293,0020,1,1,0,00,12/11/2024,00,12/11/2024,2,-,-,04,1, , ,02,04,-,04,00,00,-, ,00,12/11/2024,00,12/11/2024,1,8576
18,1024,013,1,010-1,2704312,18,11A232,27,40293,0057,2,1,0,00,01/11/2024,00,01/11/2024,2,-,-,04,1, , ,02,01,-,04,00,00,-, ,00,01/11/2024,00,01/11/2024,1,8576
18,1024,004,1,192-9,2701892,18,11A232,27,40300,0184,4,1,0,00,29/10/2024,00,29/10/2024,2,-,-,01, , , ,01,01,-,01,00,00,-, ,00,29/10/2024,00,29/10/2024,1,9463
18,1024,004,1,192-9,2701892,18,11A232,27,40300,0085,3,1,0,00,29/10/2024,00,29/10/2024,2,-,-,03,1, , ,02,01,-,03,00,00,-, ,00,29/10/2024,00,29/10/2024,1,9463
18,1024,004,1,192-9,2701892,18,11A232,27,40300,0122,1,1,0,00,30/10/2024,00,30/10/2024,2,-,-,02,1, , ,01,01,-,02,00,00,-, ,00,30/10/2024,00,30/10/2024,1,9463
18,1024,004,1,192-9,2701892,18,11A232,27,40300,0031,2,1,0,00,29/10/2024,00,29/10/2024,1,-,-,02,2,02,01,01,01,-,01,00,00,-, ,00,29/10/2024,00,29/10/2024,1,9463
18,1024,004,1,219-A,2701259,18,12A232,27,40301,0094,4,1,0,00,01/11/2024,00,01/11/2024,2,-,-,02,1, , ,01,01,-,02,00,00,-, ,00,01/11/2024,00,01/11/2024,1,8574
18,1024,004,1,219-A,2701259,18,12A232,27,40301,0056,3,1,0,00,11/11/2024,00,11/11/2024,2,-,-,03,1, , ,01,01,-,03,00,00,-, ,00,11/11/2024,00,11/11/2024,1,8574
18,1024,004,1,219-A,2701259,18,12A232,27,40301,0119,1,1,0,00,15/11/2024,00,15/11/2024,2,-,-,03,1, , ,02,02,-,03,00,00,-, ,00,15/11/2024,00,15/11/2024,1,8574
18,1024,004,1,219-A,2701259,18,12A232,27,40301,0017,2,1,0,00,01/11/2024,00,01/11/2024,2,-,-,02,1, , ,02,02,-,02,00,00,-, ,00,01/11/2024,00,01/11/2024,1,8574
18,1024,004,1,119-1,2701656,18,12A232,27,40304,0112,4,1,0,06,30/10/2024,06,30/10/2024,2,-,-, , , , , , ,-, , , ,-, ,06,30/10/2024,06,30/10/2024,1,0
18,1024,004,1,119-1,2701656,18,12A232,27,40304,0039,1,1,0,00,31/10/2024,00,31/10/2024,2,-,-,03,1, , ,01,03,-,03,00,00,-, ,00,31/10/2024,00,31/10/2024,1,8625
18,1024,004,1,119-1,2701656,18,12A232,27,40304,0026,2,1,0,00,05/11/2024,00,05/11/2024,2,-,-,02,1, , ,01,02,-,02,00,00,-, ,00,05/11/2024,00,05/11/2024,1,8625
18,1024,004,1,119-1,2701656,18,12A232,27,40304,0077,3,1,0,00,30/10/2024,00,30/10/2024,2,-,-,02,1, , ,02,01,-,02,00,00,-, ,00,30/10/2024,00,30/10/2024,1,8625
18,1024,004,1,091-6,2701301,18,13A232,27,40323,0047,1,1,0,06,06/11/2024,06,06/11/2024,2,-,-, , , , , , ,-, , , ,-, ,06,06/11/2024,06,06/11/2024,1,0
18,1024,004,1,091-6,2701301,18,13A232,27,40323,0144,3,1,0,00,01/11/2024,00,01/11/2024,2,-,-,02,1, , ,01,01,-,02,00,00,-, ,00,01/11/2024,00,01/11/2024,1,9810
18,1024,004,1,091-6,2701301,18,13A232,27,40323,0192,4,1,0,00,07/11/2024,00,07/11/2024,2,-,-,03,1, , ,02,01,-,03,00,00,-, ,00,07/11/2024,00,07/11/2024,1,9810
18,1024,004,1,091-6,2701301,18,13A232,27,40323,0096,2,1,0,00,05/11/2024,00,05/11/2024,2,-,-,01, , , ,01,01,-,01,00,00,-, ,00,05/11/2024,00,05/11/2024,1,9810
18,1024,004,1,122-3,2701567,18,13A232,27,40327,0025,4,1,0,00,08/11/2024,00,08/11/2024,2,-,-,03,1, , ,01,01,-,03,00,00,-, ,00,08/11/2024,00,08/11/2024,1,8040
18,1024,004,1,122-3,2701567,18,13A232,27,40327,0070,1,1,0,00,07/11/2024,00,07/11/2024,2,-,-,02,1, , ,01,01,-,02,00,00,-, ,00,07/11/2024,00,07/11/2024,1,8040
18,1024,004,1,122-3,2701567,18,13A232,27,40327,0112,2,1,0,03,14/11/2024,03,14/11/2024,2,-,-, , , , , , ,-, , , ,-, ,03,14/11/2024,03,14/11/2024,1,0
18,1024,004,1,122-3,2701567,18,13A232,27,40327,0154,3,1,0,00,12/11/2024,00,12/11/2024,2,-,-,03,1, , ,01,01,-,03,00,00,-, ,00,12/11/2024,00,12/11/2024,1,8040
10,1024,009,1,042-3,2801081,10,11A232,28,40240,0055,2,1,0,00,01/11/2024,00,01/11/2024,2,-,-,08,1, , ,01,02,-,08,00,00,-, ,00,01/11/2024,00,01/11/2024,1,5260
10,1024,009,1,042-3,2801081,10,11A232,28,40240,0111,4,1,0,00,06/11/2024,00,06/11/2024,2,-,-,01, , , ,01,01,-,01,00,00,-, ,00,06/11/2024,00,06/11/2024,1,5260
10,1024,009,1,042-3,2801081,10,11A232,28,40240,0065,3,1,0,00,12/11/2024,00,12/11/2024,2,-,-,04,1, , ,01,01,-,04,00,00,-, ,00,12/11/2024,00,12/11/2024,1,5260
10,1024,009,1,042-3,2801081,10,11A232,28,40240,0023,1,1,0,00,06/11/2024,00,06/11/2024,2,-,-,04,1, , ,03,01,-,04,00,00,-, ,00,06/11/2024,00,06/11/2024,1,5260
10,1024,003,1,087-7,2800431,10,11A232,28,40246,0090,2,1,0,00,30/10/2024,00,30/10/2024,2,-,-,03,1, , ,03,02,-,03,00,00,-, ,00,30/10/2024,00,30/10/2024,1,7977
10,1024,003,1,087-7,2800431,10,11A232,28,40246,0070,3,1,0,00,29/10/2024,00,29/10/2024,2,-,-,02,1, , ,01,01,-,02,00,00,-, ,00,29/10/2024,00,29/10/2024,1,7977
10,1024,003,1,087-7,2800431,10,11A232,28,40246,0005,1,1,0,00,30/10/2024,00,30/10/2024,2,-,-,04,1, , ,02,01,-,04,00,00,-, ,00,30/10/2024,00,30/10/2024,1,7977
10,1024,003,1,087-7,2800431,10,11A232,28,40246,0045,4,1,0,00,31/10/2024,00,31/10/2024,2,-,-,04,1, , ,01,01,-,04,00,00,-, ,00,31/10/2024,00,31/10/2024,1,7977
10,1024,003,1,240-7,2800602,10,11A232,28,40250,0054,2,1,0,07,15/11/2024,07,15/11/2024,2,-,-, , , , , , ,-, , , ,-, ,07,15/11/2024,07,15/11/2024,1,0
10,1024,003,1,240-7,2800602,10,11A232,28,40250,0120,4,1,0,00,07/11/2024,00,07/11/2024,2,-,-,02,1, , ,01,01,-,02,00,00,-, ,00,07/11/2024,00,07/11/2024,1,9296
10,1024,003,1,240-7,2800602,10,11A232,28,40250,0019,1,1,0,00,07/11/2024,00,07/11/2024,2,-,-,03,1, , ,02,01,-,03,00,00,-, ,00,07/11/2024,00,07/11/2024,1,9296
10,1024,003,1,240-7,2800602,10,11A232,28,40250,0084,3,1,0,00,02/11/2024,00,02/11/2024,2,-,-,04,1, , ,02,02,-,04,00,00,-, ,00,02/11/2024,00,02/11/2024,1,9296
10,1024,038,1,139-1,2807625,10,11A232,28,40262,0019,1,1,0,00,10/11/2024,00,10/11/2024,2,-,-,01, , , ,01,01,-,01,00,00,-, ,00,10/11/2024,00,10/11/2024,1,8487
10,1024,038,1,139-1,2807625,10,11A232,28,40262,0076,2,1,0,09,14/11/2024,09,14/11/2024,2,-,-, , , , , , ,-, , , ,-, ,09,14/11/2024,09,14/11/2024,1,0
10,1024,038,1,139-1,2807625,10,11A232,28,40262,0112,3,1,0,00,07/11/2024,00,07/11/2024,2,-,-,06,1, , ,01,03,-,06,00,00,-, ,00,07/11/2024,00,07/11/2024,1,8487
10,1024,038,1,139-1,2807625,10,11A232,28,40262,0131,4,1,0,00,06/11/2024,00,06/11/2024,2,-,-,06,1, , ,01,03,-,06,00,00,-, ,00,06/11/2024,00,06/11/2024,1,8487
10,1024,003,1,054-2,2800252,10,11A232,28,40268,0137,3,1,0,06,05/11/2024,06,05/11/2024,2,-,-, , , , , , ,-, , , ,-, ,06,05/11/2024,06,05/11/2024,1,0
10,1024,003,1,054-2,2800252,10,11A232,28,40268,0181,4,1,0,00,05/11/2024,00,05/11/2024,2,-,-,03,1, , ,02,02,-,03,00,00,-, ,00,05/11/2024,00,05/11/2024,1,10856
10,1024,003,1,054-2,2800252,10,11A232,28,40268,0039,1,1,0,00,09/11/2024,00,09/11/2024,2,-,-,05,1, , ,02,01,-,05,00,00,-, ,00,09/11/2024,00,09/11/2024,1,10856
10,1024,003,1,054-2,2800252,10,11A232,28,40268,0088,2,1,0,00,05/11/2024,00,05/11/2024,2,-,-,02,1, , ,01,01,-,02,00,00,-, ,00,05/11/2024,00,05/11/2024,1,10856
10,1024,009,1,113-5,2800988,10,12A232,28,40275,0122,4,1,0,07,13/11/2024,07,13/11/2024,2,-,-, , , , , , ,-, , , ,-, ,07,13/11/2024,07,13/11/2024,1,0
10,1024,009,1,113-5,2800988,10,12A232,28,40275,0088,3,1,0,00,08/11/2024,00,08/11/2024,2,-,-,02,1, , ,02,01,-,02,00,00,-, ,00,08/11/2024,00,08/11/2024,1,7870
10,1024,009,1,113-5,2800988,10,12A232,28,40275,0019,1,1,0,00,11/11/2024,00,11/11/2024,2,-,-,02,1, , ,02,01,-,02,00,00,-, ,00,11/11/2024,00,11/11/2024,1,7870
10,1024,009,1,113-5,2800988,10,12A232,28,40275,0052,2,1,0,00,30/10/2024,00,30/10/2024,2,-,-,02,1, , ,02,01,-,02,00,00,-, ,00,30/10/2024,00,30/10/2024,1,7870
10,1024,009,1,068-8,2801336,10,12A232,28,40281,0024,1,1,0,00,09/11/2024,00,09/11/2024,2,-,-,06,1, , ,01,01,-,06,00,00,-, ,00,09/11/2024,00,09/11/2024,1,7014
10,1024,009,1,068-8,2801336,10,12A232,28,40281,0120,4,1,0,00,01/11/2024,00,01/11/2024,2,-,-,03,1, , ,02,01,-,03,00,00,-, ,00,01/11/2024,00,01/11/2024,1,7014
10,1024,009,1,068-8,2801336,10,12A232,28,40281,0097,2,1,0,00,07/11/2024,00,07/11/2024,2,-,-,02,1, , ,01,01,-,02,00,00,-, ,00,07/11/2024,00,07/11/2024,1,7014
10,1024,009,1,068-8,2801336,10,12A232,28,40281,0066,3,1,0,00,31/10/2024,00,31/10/2024,2,-,-,03,1, , ,02,02,-,03,00,00,-, ,00,31/10/2024,00,31/10/2024,1,7014
10,1024,038,1,028-5,2807335,10,12A232,28,40288,0055,1,1,0,00,30/10/2024,00,30/10/2024,2,-,-,02,1, , ,01,01,-,02,00,00,-, ,00,30/10/2024,00,30/10/2024,1,6445
10,1024,038,1,028-5,2807335,10,12A232,28,40288,0132,4,1,0,00,06/11/2024,00,06/11/2024,2,-,-,05,1, , ,01,01,-,05,00,00,-, ,00,06/11/2024,00,06/11/2024,1,6445
10,1024,038,1,028-5,2807335,10,12A232,28,40288,0087,2,1,0,00,05/11/2024,00,05/11/2024,2,-,-,04,1, , ,02,02,-,04,00,00,-, ,00,05/11/2024,00,05/11/2024,1,6445
10,1024,038,1,028-5,2807335,10,12A232,28,40288,0049,3,1,0,00,05/11/2024,00,05/11/2024,2,-,-,04,1, , ,03,02,-,04,00,00,-, ,00,05/11/2024,00,05/11/2024,1,6445
10,1024,038,1,116-0,2807771,10,12A232,28,40298,0098,2,1,0,00,05/11/2024,00,05/11/2024,2,-,-,05,1, , ,02,03,-,05,00,00,-, ,00,05/11/2024,00,05/11/2024,1,7356
10,1024,038,1,116-0,2807771,10,12A232,28,40298,0007,1,1,0,00,12/11/2024,00,12/11/2024,2,-,-,05,1, , ,01,02,-,05,00,00,-, ,00,12/11/2024,00,12/11/2024,1,7356
10,1024,038,1,116-0,2807771,10,12A232,28,40298,0038,4,1,0,00,05/11/2024,00,05/11/2024,2,-,-,03,1, , ,02,03,-,03,00,00,-, ,00,05/11/2024,00,05/11/2024,1,7356
10,1024,038,1,116-0,2807771,10,12A232,28,40298,0075,3,1,0,00,01/11/2024,00,01/11/2024,1,-,-,04,2,02,03,01,02,-,03,00,00,-, ,00,01/11/2024,00,01/11/2024,1,7356
10,1024,038,1,095-7,2807888,10,12A232,28,40301,0011,1,1,0,00,11/11/2024,00,11/11/2024,2,-,-,04,1, , ,03,02,-,04,00,00,-, ,00,11/11/2024,00,11/11/2024,1,8009
10,1024,038,1,095-7,2807888,10,12A232,28,40301,0086,3,1,0,00,14/11/2024,00,14/11/2024,2,-,-,04,1, , ,02,01,-,04,00,00,-, ,00,14/11/2024,00,14/11/2024,1,8009
10,1024,038,1,095-7,2807888,10,12A232,28,40301,0049,2,1,0,00,14/11/2024,00,14/11/2024,2,-,-,04,1, , ,02,01,-,04,00,00,-, ,14,14/11/2024,14,14/11/2024,1,0
10,1024,038,1,095-7,2807888,10,12A232,28,40301,0123,4,1,0,00,29/10/2024,00,29/10/2024,2,-,-,04,1, , ,02,01,-,04,00,00,-, ,00,29/10/2024,00,29/10/2024,1,8009
10,1024,009,1,101-2,2801273,10,13A232,28,40311,0108,4,1,0,00,11/11/2024,00,11/11/2024,2,-,-,02,1, , ,01,02,-,02,00,00,-, ,00,11/11/2024,00,11/11/2024,1,10957
10,1024,009,1,101-2,2801273,10,13A232,28,40311,0137,3,1,0,00,02/11/2024,00,02/11/2024,2,-,-,04,1, , ,01,02,-,04,00,00,-, ,00,02/11/2024,00,02/11/2024,1,10957
10,1024,009,1,101-2,2801273,10,13A232,28,40311,0061,2,1,0,00,01/11/2024,00,01/11/2024,2,-,-,02,1, , ,01,01,-,02,00,00,-, ,00,01/11/2024,00,01/11/2024,1,10957
10,1024,009,1,101-2,2801273,10,13A232,28,40311,0027,1,1,0,00,31/10/2024,00,31/10/2024,2,-,-,02,1, , ,02,02,-,02,00,00,-, ,00,31/10/2024,00,31/10/2024,1,10957
10,1024,038,1,028-5,2807367,10,13A232,28,40314,0020,4,1,0,00,04/11/2024,00,04/11/2024,2,-,-,04,1, , ,03,01,-,04,00,00,-, ,00,04/11/2024,00,04/11/2024,1,8306
10,1024,038,1,028-5,2807367,10,13A232,28,40314,0139,1,1,0,00,06/11/2024,00,06/11/2024,1,-,-,04,2,02,03,02,02,-,03,00,00,-, ,00,06/11/2024,00,06/11/2024,1,8306
10,1024,038,1,028-5,2807367,10,13A232,28,40314,0086,3,1,0,00,05/11/2024,00,05/11/2024,2,-,-,01, , , ,01,01,-,01,00,00,-, ,00,05/11/2024,00,05/11/2024,1,8306
10,1024,038,1,028-5,2807367,10,13A232,28,40314,0054,2,1,0,00,14/11/2024,00,14/11/2024,2,-,-,02,1, , ,01,01,-,02,00,00,-, ,00,14/11/2024,00,14/11/2024,1,8306
39,1024,010,1,003-9,2900591,39,11A232,29,40259,0101,2,1,0,00,30/10/2024,00,30/10/2024,2,-,-,03,1, , ,02,02,-,03,00,00,-, ,00,30/10/2024,00,30/10/2024,1,6370
39,1024,010,1,003-9,2900591,39,11A232,29,40259,0050,3,1,0,00,05/11/2024,00,05/11/2024,2,-,-,07,1, , ,03,04,-,07,00,00,-, ,00,05/11/2024,00,05/11/2024,1,6370
39,1024,010,1,003-9,2900591,39,11A232,29,40259,0017,4,1,0,00,05/11/2024,00,05/11/2024,2,-,-,05,1, , ,04,03,-,05,00,00,-, ,00,05/11/2024,00,05/11/2024,1,6370
39,1024,010,1,003-9,2900591,39,11A232,29,40259,0071,1,1,0,00,04/11/2024,00,04/11/2024,2,-,-,04,1, , ,01,01,-,04,00,00,-, ,00,04/11/2024,00,04/11/2024,1,6370
39,1024,010,1,040-A,2900619,39,11A232,29,40260,0016,3,1,0,00,30/10/2024,00,30/10/2024,2,-,-,04,1, , ,03,01,-,04,00,00,-, ,00,30/10/2024,00,30/10/2024,1,8393
39,1024,010,1,040-A,2900619,39,11A232,29,40260,0075,2,1,0,00,01/11/2024,00,01/11/2024,2,-,-,06,1, , ,01,04,-,06,00,00,-, ,00,01/11/2024,00,01/11/2024,1,8393
39,1024,010,1,040-A,2900619,39,11A232,29,40260,0109,4,1,0,00,30/10/2024,00,30/10/2024,2,-,-,02,1, , ,01,01,-,02,00,00,-, ,00,30/10/2024,00,30/10/2024,1,8393
39,1024,010,1,040-A,2900619,39,11A232,29,40260,0058,1,1,0,00,06/11/2024,00,06/11/2024,2,-,-,05,1, , ,02,01,-,05,00,00,-, ,00,06/11/2024,00,06/11/2024,1,8393
39,1024,044,1,022-A,2902581,39,11A232,29,40273,0076,3,1,0,00,12/11/2024,00,12/11/2024,2,-,-,03,1, , ,01,02,-,03,00,00,-, ,00,12/11/2024,00,12/11/2024,1,8111
39,1024,044,1,022-A,2902581,39,11A232,29,40273,0014,1,1,0,00,06/11/2024,00,06/11/2024,2,-,-,01, , , ,01,01,-,01,00,00,-, ,00,06/11/2024,00,06/11/2024,1,8111
39,1024,044,1,022-A,2902581,39,11A232,29,40273,0115,4,1,0,00,07/11/2024,00,07/11/2024,2,-,-,07,1, , ,02,05,-,07,00,00,-, ,00,07/11/2024,00,07/11/2024,1,8111
39,1024,044,1,022-A,2902581,39,11A232,29,40273,0045,2,1,0,06,12/11/2024,06,12/11/2024,2,-,-, , , , , , ,-, , , ,-, ,06,12/11/2024,06,12/11/2024,1,0
39,1024,005,1,060-7,2900168,39,11A232,29,40278,0101,2,1,0,00,05/11/2024,00,05/11/2024,2,-,-,02,1, , ,02,01,-,02,00,00,-, ,00,05/11/2024,00,05/11/2024,1,8916
39,1024,005,1,060-7,2900168,39,11A232,29,40278,0040,1,1,0,00,06/11/2024,00,06/11/2024,2,-,-,02,1, , ,01,01,-,02,00,00,-, ,00,06/11/2024,00,06/11/2024,1,8916
39,1024,005,1,060-7,2900168,39,11A232,29,40278,0012,3,1,0,00,05/11/2024,00,05/11/2024,2,-,-,04,1, , ,02,02,-,04,00,00,-, ,00,05/11/2024,00,05/11/2024,1,8916
39,1024,005,1,060-7,2900168,39,11A232,29,40278,0117,4,1,0,00,05/11/2024,00,05/11/2024,2,-,-,07,1, , ,02,02,-,07,00,00,-, ,00,05/11/2024,00,05/11/2024,1,8916
39,1024,023,1,014-5,2901289,39,11A232,29,40285,0010,2,1,0,07,08/11/2024,07,08/11/2024,2,-,-, , , , , , ,-, , , ,-, ,07,08/11/2024,07,08/11/2024,1,0
39,1024,023,1,014-5,2901289,39,11A232,29,40285,0080,4,1,0,00,07/11/2024,00,07/11/2024,2,-,-,06,1, , ,03,02,-,06,00,00,-, ,00,07/11/2024,00,07/11/2024,1,8418
39,1024,023,1,014-5,2901289,39,11A232,29,40285,0043,3,1,0,00,08/11/2024,00,08/11/2024,2,-,-,04,1, , ,02,01,-,04,00,00,-, ,00,08/11/2024,00,08/11/2024,1,8418
39,1024,023,1,014-5,2901289,39,11A232,29,40285,0135,1,1,0,00,08/11/2024,00,08/11/2024,2,-,-,01, , , ,01,01,-,01,00,00,-, ,00,08/11/2024,00,08/11/2024,1,8418
39,1024,043,1,019-0,2902473,39,11A232,29,40295,0014,1,1,0,00,06/11/2024,00,06/11/2024,2,-,-,02,1, , ,01,01,-,02,00,00,-, ,00,06/11/2024,00,06/11/2024,1,7949
39,1024,043,1,019-0,2902473,39,11A232,29,40295,0107,4,1,0,00,06/11/2024,00,06/11/2024,2,-,-,04,1, , ,02,02,-,04,00,00,-, ,00,06/11/2024,00,06/11/2024,1,7949
39,1024,043,1,019-0,2902473,39,11A232,29,40295,0051,2,1,0,00,07/11/2024,00,07/11/2024,2,-,-,02,1, , ,02,01,-,02,00,00,-, ,00,07/11/2024,00,07/11/2024,1,7949
39,1024,043,1,019-0,2902473,39,11A232,29,40295,0074,3,1,0,06,07/11/2024,06,07/11/2024,2,-,-, , , , , , ,-, , , ,-, ,06,07/11/2024,06,07/11/2024,1,0
39,1024,038,1,004-4,2902268,39,11A232,29,40308,0048,4,1,0,00,13/11/2024,00,13/11/2024,2,-,-,03,1, , ,01,03,-,03,00,00,-, ,00,13/11/2024,00,13/11/2024,1,8516
39,1024,038,1,004-4,2902268,39,11A232,29,40308,0155,2,1,0,00,07/11/2024,00,07/11/2024,2,-,-,05,1, , ,02,01,-,05,00,00,-, ,00,07/11/2024,00,07/11/2024,1,8516
39,1024,038,1,004-4,2902268,39,11A232,29,40308,0168,3,1,0,00,07/11/2024,00,07/11/2024,2,-,-,04,1, , ,04,03,-,04,00,00,-, ,00,07/11/2024,00,07/11/2024,1,8516
39,1024,038,1,004-4,2902268,39,11A232,29,40308,0085,1,1,0,00,07/11/2024,00,07/11/2024,2,-,-,04,1, , ,03,02,-,04,00,00,-, ,00,07/11/2024,00,07/11/2024,1,8516
39,1024,010,1,025-5,2900629,39,12A232,29,40315,0096,3,1,0,00,06/11/2024,00,06/11/2024,2,-,-,05,1, , ,02,01,-,05,00,00,-, ,00,06/11/2024,00,06/11/2024,1,7769
39,1024,010,1,025-5,2900629,39,12A232,29,40315,0008,4,1,0,00,06/11/2024,00,06/11/2024,2,-,-,05,1, , ,02,01,-,05,00,00,-, ,00,06/11/2024,00,06/11/2024,1,7769
39,1024,010,1,025-5,2900629,39,12A232,29,40315,0062,2,1,0,00,06/11/2024,00,06/11/2024,2,-,-,02,1, , ,01,01,-,02,00,00,-, ,00,06/11/2024,00,06/11/2024,1,7769
39,1024,010,1,025-5,2900629,39,12A232,29,40315,0105,1,1,0,00,31/10/2024,00,31/10/2024,2,-,-,04,1, , ,02,01,-,04,00,00,-, ,00,31/10/2024,00,31/10/2024,1,7769
39,1024,002,1,002-2,2900051,39,12A232,29,40321,0085,4,1,0,00,04/11/2024,00,04/11/2024,2,-,-,01, , , ,01,01,-,01,00,00,-, ,00,04/11/2024,00,04/11/2024,1,8296
39,1024,002,1,002-2,2900051,39,12A232,29,40321,0148,2,1,0,00,30/10/2024,00,30/10/2024,2,-,-,3,1, , ,03,03,-,03,00,00,-, ,00,30/10/2024,00,30/10/2024,1,8296
39,1024,002,1,002-2,2900051,39,12A232,29,40321,0050,3,1,0,00,13/11/2024,00,13/11/2024,2,-,-,02,1, , ,01,01,-,02,00,00,-, ,00,13/11/2024,00,13/11/2024,1,8296
39,1024,002,1,002-2,2900051,39,12A232,29,40321,0108,1,1,0,00,30/10/2024,00,30/10/2024,2,-,-,04,1, , ,01,01,-,04,00,00,-, ,00,30/10/2024,00,30/10/2024,1,8296
39,1024,033,1,086-6,2901830,39,12A232,29,40325,0037,2,1,0,00,29/10/2024,00,29/10/2024,2,-,-,04,1, , ,02,01,-,04,00,00,-, ,00,29/10/2024,00,29/10/2024,1,8793
39,1024,033,1,086-6,2901830,39,12A232,29,40325,0095,4,1,0,00,06/11/2024,00,06/11/2024,2,-,-,03,1, , ,01,01,-,03,00,00,-, ,00,06/11/2024,00,06/11/2024,1,8793
39,1024,033,1,086-6,2901830,39,12A232,29,40325,0007,1,1,0,00,29/10/2024,00,29/10/2024,2,-,-,01, , , ,01,01,-,01,00,00,-, ,00,29/10/2024,00,29/10/2024,1,8793
39,1024,033,1,086-6,2901830,39,12A232,29,40325,0072,3,1,0,00,29/10/2024,00,29/10/2024,2,-,-,01, , , ,01,01,-,01,00,00,-, ,00,29/10/2024,00,29/10/2024,1,8793
10,1024,133,1,014-A,3013194,10,11A232,30,40006,0150,1,1,0,00,08/11/2024,00,08/11/2024,2,-,-,05,1, , ,02,01,-,05,00,00,-, ,00,08/11/2024,00,08/11/2024,1,6417
10,1024,133,1,014-A,3013194,10,11A232,30,40006,0129,3,1,0,00,04/11/2024,00,04/11/2024,2,-,-,01, , , ,01,01,-,01,00,00,-, ,00,04/11/2024,00,04/11/2024,1,6417
10,1024,133,1,014-A,3013194,10,11A232,30,40006,0015,4,1,0,00,06/11/2024,00,06/11/2024,2,-,-,05,1, , ,02,03,-,05,00,00,-, ,00,06/11/2024,00,06/11/2024,1,6417
10,1024,133,1,014-A,3013194,10,11A232,30,40006,0032,2,1,0,00,06/11/2024,00,06/11/2024,2,-,-,01, , , ,01,01,-,01,00,00,-, ,00,06/11/2024,00,06/11/2024,1,6417
10,1024,133,1,027-7,3013170,10,11A232,30,40018,0058,1,1,0,00,08/11/2024,00,08/11/2024,2,-,-,02,1, , ,02,02,-,02,00,00,-, ,00,08/11/2024,00,08/11/2024,1,6258
10,1024,133,1,027-7,3013170,10,11A232,30,40018,0105,3,1,0,00,04/11/2024,00,04/11/2024,2,-,-,06,1, , ,02,01,-,06,00,00,-, ,00,04/11/2024,00,04/11/2024,1,6258
10,1024,133,1,027-7,3013170,10,11A232,30,40018,0133,2,1,0,00,04/11/2024,00,04/11/2024,2,-,-,04,1, , ,02,02,-,04,00,00,-, ,00,04/11/2024,00,04/11/2024,1,6258
10,1024,133,1,027-7,3013170,10,11A232,30,40018,0098,4,1,0,00,04/11/2024,00,04/11/2024,2,-,-,05,1, , ,02,02,-,05,00,00,-, ,00,04/11/2024,00,04/11/2024,1,6258
12,1024,193,1,242-6,3018311,12,11A232,30,41309,0044,2,1,0,00,31/10/2024,00,31/10/2024,2,-,-,04,1, , ,02,03,-,04,00,00,-, ,00,31/10/2024,00,31/10/2024,1,4974
12,1024,193,1,242-6,3018311,12,11A232,30,41309,0075,4,1,0,00,31/10/2024,00,31/10/2024,2,-,-,04,1, , ,01,02,-,04,00,00,-, ,00,31/10/2024,00,31/10/2024,1,4974
12,1024,193,1,242-6,3018311,12,11A232,30,41309,0134,1,1,0,00,31/10/2024,00,31/10/2024,2,-,-,03,1, , ,02,01,-,03,00,00,-, ,00,31/10/2024,00,31/10/2024,1,4974
12,1024,193,1,242-6,3018311,12,11A232,30,41309,0013,3,1,0,00,30/10/2024,00,30/10/2024,2,-,-,03,1, , ,01,02,-,03,00,00,-, ,00,30/10/2024,00,30/10/2024,1,4974
12,1024,193,1,182-2,3017391,12,11A232,30,41311,0033,4,1,0,00,01/11/2024,00,01/11/2024,2,-,-,01, , , ,01,01,-,01,00,00,-, ,00,01/11/2024,00,01/11/2024,1,5964
12,1024,193,1,182-2,3017391,12,11A232,30,41311,0056,2,1,0,00,31/10/2024,00,31/10/2024,2,-,-,04,1, , ,02,03,-,04,00,00,-, ,00,31/10/2024,00,31/10/2024,1,5964
12,1024,193,1,182-2,3017391,12,11A232,30,41311,0003,3,1,0,00,02/11/2024,00,02/11/2024,2,-,-,02,1, , ,02,01,-,02,00,00,-, ,00,02/11/2024,00,02/11/2024,1,5964
12,1024,193,1,182-2,3017391,12,11A232,30,41311,0112,1,1,0,03,09/11/2024,03,19/11/2024,2,-,-, , , , , , ,-, , , ,-, ,03,09/11/2024,03,19/11/2024,1,0
12,1024,028,1,009-3,3001906,12,11A232,30,41315,0124,4,1,0,00,04/11/2024,00,04/11/2024,2,-,-,03,1, , ,01,01,-,03,00,00,-, ,00,04/11/2024,00,04/11/2024,1,8393
12,1024,028,1,009-3,3001906,12,11A232,30,41315,0023,1,1,0,00,29/10/2024,00,29/10/2024,2,-,-,03,1, , ,01,02,-,03,00,00,-, ,00,29/10/2024,00,29/10/2024,1,8393
12,1024,028,1,009-3,3001906,12,11A232,30,41315,0086,3,1,0,00,29/10/2024,00,29/10/2024,2,-,-,03,1, , ,03,01,-,03,00,00,-, ,00,29/10/2024,00,29/10/2024,1,8393
12,1024,028,1,009-3,3001906,12,11A232,30,41315,0054,2,1,0,00,29/10/2024,00,29/10/2024,2,-,-,04,1, , ,02,01,-,04,00,00,-, ,00,29/10/2024,00,29/10/2024,1,8393
12,1024,193,1,141-3,3017426,12,11A232,30,41318,0008,1,1,0,00,29/10/2024,00,29/10/2024,2,-,-,02,1, , ,02,01,-,02,00,00,-, ,00,29/10/2024,00,29/10/2024,1,9074
12,1024,193,1,141-3,3017426,12,11A232,30,41318,0040,2,1,0,03,01/11/2024,03,05/11/2024,2,-,-, , , , , , ,-, , , ,-, ,03,01/11/2024,03,05/11/2024,1,0
12,1024,193,1,141-3,3017426,12,11A232,30,41318,0104,4,1,0,00,29/10/2024,00,29/10/2024,2,-,-,02,1, , ,02,02,-,02,00,00,-, ,00,29/10/2024,00,29/10/2024,1,9074
12,1024,193,1,141-3,3017426,12,11A232,30,41318,0111,3,1,0,00,29/10/2024,00,29/10/2024,2,-,-,02,1, , ,01,01,-,02,00,00,-, ,00,29/10/2024,00,29/10/2024,1,9074
12,1024,193,1,061-2,3017766,12,11A232,30,41322,0087,2,1,0,00,29/10/2024,00,29/10/2024,2,-,-,02,1, , ,01,01,-,02,00,00,-, ,00,29/10/2024,00,29/10/2024,1,8278
12,1024,193,1,061-2,3017766,12,11A232,30,41322,0076,4,1,0,00,31/10/2024,00,31/10/2024,2,-,-,01, , , ,01,01,-,01,00,00,-, ,00,31/10/2024,00,31/10/2024,1,8278
12,1024,193,1,061-2,3017766,12,11A232,30,41322,0032,1,1,0,00,31/10/2024,00,31/10/2024,2,-,-,04,1, , ,04,01,-,04,00,00,-, ,00,31/10/2024,00,31/10/2024,1,8278
12,1024,193,1,061-2,3017766,12,11A232,30,41322,0051,3,1,0,00,31/10/2024,00,31/10/2024,2,-,-,04,1, , ,01,01,-,04,00,00,-, ,00,31/10/2024,00,31/10/2024,1,8278
12,1024,193,1,303-4,3018521,12,11A232,30,41331,0047,4,1,0,00,30/10/2024,00,30/10/2024,2,-,-,04,1, , ,01,01,-,04,00,00,-, ,00,30/10/2024,00,30/10/2024,1,8268
12,1024,193,1,303-4,3018521,12,11A232,30,41331,0012,3,1,0,00,05/11/2024,00,05/11/2024,2,-,-,04,1, , ,01,02,-,04,00,00,-, ,00,05/11/2024,00,05/11/2024,1,8268
12,1024,193,1,303-4,3018521,12,11A232,30,41331,0091,2,1,0,00,02/11/2024,00,02/11/2024,2,-,-,01, , , ,01,01,-,01,00,00,-, ,00,02/11/2024,00,02/11/2024,1,8268
12,1024,193,1,303-4,3018521,12,11A232,30,41331,0148,1,1,0,00,30/10/2024,00,30/10/2024,2,-,-,03,1, , ,02,01,-,03,00,00,-, ,00,30/10/2024,00,30/10/2024,1,8268
12,1024,028,1,028-6,3001750,12,11A232,30,41344,0073,3,1,0,00,08/11/2024,00,08/11/2024,2,-,-,02,1, , ,02,02,-,02,00,00,-, ,00,08/11/2024,00,08/11/2024,1,7782
12,1024,028,1,028-6,3001750,12,11A232,30,41344,0103,4,1,0,00,30/10/2024,00,30/10/2024,2,-,-,02,1, , ,01,01,-,02,00,00,-, ,00,30/10/2024,00,30/10/2024,1,7782
12,1024,028,1,028-6,3001750,12,11A232,30,41344,0009,1,1,0,00,30/10/2024,00,30/10/2024,2,-,-,03,1, , ,01,01,-,03,00,00,-, ,00,30/10/2024,00,30/10/2024,1,7782
12,1024,028,1,028-6,3001750,12,11A232,30,41344,0036,2,1,0,00,30/10/2024,00,30/10/2024,2,-,-,02,1, , ,01,01,-,02,00,00,-, ,00,30/10/2024,00,30/10/2024,1,7782
12,1024,193,1,181-8,3017399,12,12A232,30,41350,0094,4,1,0,00,30/10/2024,00,30/10/2024,2,-,-,03,1, , ,03,01,-,03,00,00,-, ,00,30/10/2024,00,30/10/2024,1,7918
12,1024,193,1,181-8,3017399,12,12A232,30,41350,0131,1,1,0,00,04/11/2024,00,04/11/2024,2,-,-,02,1, , ,02,01,-,02,00,00,-, ,00,04/11/2024,00,04/11/2024,1,7918
12,1024,193,1,181-8,3017399,12,12A232,30,41350,0119,2,1,0,00,30/10/2024,00,30/10/2024,2,-,-,03,1, , ,01,01,-,03,00,00,-, ,00,30/10/2024,00,30/10/2024,1,7918
12,1024,193,1,181-8,3017399,12,12A232,30,41350,0059,3,1,0,00,05/11/2024,00,05/11/2024,2,-,-,02,1, , ,01,01,-,02,00,00,-, ,00,05/11/2024,00,05/11/2024,1,7918
12,1024,193,1,136-2,3017652,12,12A232,30,41354,0002,3,1,0,00,28/10/2024,00,28/10/2024,2,-,-,04,1, , ,02,01,-,04,00,00,-, ,00,28/10/2024,00,28/10/2024,1,7673
12,1024,193,1,136-2,3017652,12,12A232,30,41354,0118,4,1,0,00,30/10/2024,00,30/10/2024,2,-,-,02,1, , ,01,01,-,02,00,00,-, ,00,30/10/2024,00,30/10/2024,1,7673
12,1024,193,1,136-2,3017652,12,12A232,30,41354,0070,2,1,0,05,04/11/2024,06,16/11/2024,2,-,-, , , , , , ,-, , , ,-, ,05,04/11/2024,06,16/11/2024,1,0
12,1024,193,1,136-2,3017652,12,12A232,30,41354,0039,1,1,0,00,28/10/2024,00,28/10/2024,2,-,-,06,1, , ,02,01,-,06,00,00,-, ,00,28/10/2024,00,28/10/2024,1,7673
12,1024,193,1,257-2,3018105,12,12A232,30,41361,0066,3,1,0,00,31/10/2024,00,31/10/2024,2,-,-,03,1, , ,01,01,-,03,00,00,-, ,00,31/10/2024,00,31/10/2024,1,8457
12,1024,193,1,257-2,3018105,12,12A232,30,41361,0135,1,1,0,00,29/10/2024,00,29/10/2024,2,-,-,04,1, , ,01,02,-,04,00,00,-, ,00,29/10/2024,00,29/10/2024,1,8457
12,1024,193,1,257-2,3018105,12,12A232,30,41361,0098,4,1,0,00,02/11/2024,00,02/11/2024,2,-,-,05,1, , ,02,02,-,05,00,00,-, ,00,02/11/2024,00,02/11/2024,1,8457
12,1024,193,1,257-2,3018105,12,12A232,30,41361,0033,2,1,0,00,29/10/2024,00,29/10/2024,2,-,-,03,1, , ,02,01,-,03,00,00,-, ,00,29/10/2024,00,29/10/2024,1,8457
12,1024,193,1,082-4,3018515,12,12A232,30,41367,0010,2,1,0,00,30/10/2024,00,30/10/2024,2,-,-,04,1, , ,03,03,-,04,00,00,-, ,00,30/10/2024,00,30/10/2024,1,6925
12,1024,193,1,082-4,3018515,12,12A232,30,41367,0104,4,1,0,00,05/11/2024,00,05/11/2024,2,-,-,01, , , ,01,01,-,01,00,00,-, ,00,05/11/2024,00,05/11/2024,1,6925
12,1024,193,1,082-4,3018515,12,12A232,30,41367,0131,3,1,0,00,01/11/2024,00,01/11/2024,2,-,-,03,1, , ,02,02,-,03,00,00,-, ,00,01/11/2024,00,01/11/2024,1,6925
12,1024,193,1,082-4,3018515,12,12A232,30,41367,0068,1,1,0,00,07/11/2024,00,07/11/2024,2,-,-,02,1, , ,01,01,-,02,00,00,-, ,00,07/11/2024,00,07/11/2024,1,6925
12,1024,193,1,185-6,3017700,12,12A232,30,41374,0118,3,1,0,00,09/11/2024,00,09/11/2024,2,-,-,03,1, , ,01,02,-,03,00,00,-, ,00,09/11/2024,00,09/11/2024,1,7495
12,1024,193,1,185-6,3017700,12,12A232,30,41374,0018,1,1,0,00,02/11/2024,00,02/11/2024,2,-,-,02,1, , ,02,01,-,02,00,00,-, ,00,02/11/2024,00,02/11/2024,1,7495
12,1024,193,1,185-6,3017700,12,12A232,30,41374,0078,4,1,0,00,30/10/2024,00,30/10/2024,2,-,-,03,1, , ,02,02,-,03,00,00,-, ,00,30/10/2024,00,30/10/2024,1,7495
12,1024,193,1,185-6,3017700,12,12A232,30,41374,0049,2,1,0,00,31/10/2024,00,31/10/2024,2,-,-,04,1, , ,02,02,-,04,00,00,-, ,00,31/10/2024,00,31/10/2024,1,7495
12,1024,028,1,028-6,3001787,12,13A232,30,41376,0009,2,1,0,00,28/10/2024,00,28/10/2024,2,-,-,03,1, , ,02,01,-,03,00,00,-, ,00,28/10/2024,00,28/10/2024,1,9022
12,1024,028,1,028-6,3001787,12,13A232,30,41376,0118,4,1,0,00,31/10/2024,00,31/10/2024,2,-,-,04,1, , ,01,02,-,04,00,00,-, ,00,31/10/2024,00,31/10/2024,1,9022
12,1024,028,1,028-6,3001787,12,13A232,30,41376,0073,1,1,0,00,02/11/2024,00,02/11/2024,2,-,-,03,1, , ,01,02,-,03,00,00,-, ,00,02/11/2024,00,02/11/2024,1,9022
12,1024,028,1,028-6,3001787,12,13A232,30,41376,0042,3,1,0,00,29/10/2024,00,29/10/2024,2,-,-,03,1, , ,02,01,-,03,00,00,-, ,00,29/10/2024,00,29/10/2024,1,9022
12,1024,028,1,027-1,3001851,12,13A232,30,41387,0115,1,1,0,00,12/11/2024,00,12/11/2024,2,-,-,03,1, , ,02,03,-,03,00,00,-, ,14,12/11/2024,14,12/11/2024,1,0
12,1024,028,1,027-1,3001851,12,13A232,30,41387,0087,2,1,0,00,29/10/2024,00,29/10/2024,2,-,-,03,1, , ,02,02,-,03,00,00,-, ,00,29/10/2024,00,29/10/2024,1,8801
12,1024,028,1,027-1,3001851,12,13A232,30,41387,0040,4,1,0,00,11/11/2024,00,11/11/2024,2,-,-,03,1, , ,02,03,-,03,00,00,-, ,14,11/11/2024,14,11/11/2024,1,0
12,1024,028,1,027-1,3001851,12,13A232,30,41387,0007,3,1,0,00,31/10/2024,00,31/10/2024,2,-,-,03,1, , ,02,01,-,03,00,00,-, ,00,31/10/2024,00,31/10/2024,1,8801
08,1024,050,1,263-A,3102433,08,11A232,31,40358,0028,1,1,0,00,30/10/2024,00,30/10/2024,2,-,-,02,1, , ,02,02,-,02,00,00,-, ,00,30/10/2024,00,30/10/2024,1,8038
08,1024,050,1,263-A,3102433,08,11A232,31,40358,0105,3,1,0,00,08/11/2024,00,08/11/2024,2,-,-,05,1, , ,03,01,-,05,00,00,-, ,00,08/11/2024,00,08/11/2024,1,8038
08,1024,050,1,263-A,3102433,08,11A232,31,40358,0094,4,1,0,00,30/10/2024,00,30/10/2024,2,-,-,07,1, , ,02,02,-,07,00,00,-, ,00,30/10/2024,00,30/10/2024,1,8038
08,1024,050,1,263-A,3102433,08,11A232,31,40358,0124,2,1,0,00,30/10/2024,00,30/10/2024,2,-,-,06,1, , ,03,03,-,06,00,00,-, ,00,30/10/2024,00,30/10/2024,1,8038
08,1024,050,1,185-8,3102673,08,11A232,31,40361,0041,2,1,0,00,04/11/2024,00,04/11/2024,2,-,-,03,1, , ,02,01,-,03,00,00,-, ,00,04/11/2024,00,04/11/2024,1,8972
08,1024,050,1,185-8,3102673,08,11A232,31,40361,0064,3,1,0,00,12/11/2024,00,12/11/2024,1,-,-,04,2,02,02,01,02,-,02,00,00,-, ,00,12/11/2024,00,12/11/2024,1,8972
08,1024,050,1,185-8,3102673,08,11A232,31,40361,0078,1,1,0,00,04/11/2024,00,04/11/2024,2,-,-,04,1, , ,02,01,-,04,00,00,-, ,00,04/11/2024,00,04/11/2024,1,8972
08,1024,050,1,185-8,3102673,08,11A232,31,40361,0021,4,1,0,00,04/11/2024,00,04/11/2024,2,-,-,04,1, , ,01,03,-,04,00,00,-, ,00,04/11/2024,00,04/11/2024,1,8972
08,1024,050,1,573-8,3102853,08,11A232,31,40362,0124,3,1,0,00,31/10/2024,00,31/10/2024,2,-,-,02,1, , ,01,01,-,02,00,00,-, ,00,31/10/2024,00,31/10/2024,1,9266
08,1024,050,1,573-8,3102853,08,11A232,31,40362,0090,4,1,0,00,31/10/2024,00,31/10/2024,2,-,-,02,1, , ,02,02,-,02,00,00,-, ,00,31/10/2024,00,31/10/2024,1,9266
08,1024,050,1,573-8,3102853,08,11A232,31,40362,0028,2,1,0,00,07/11/2024,00,07/11/2024,2,-,-,05,1, , ,02,03,-,05,00,00,-, ,00,07/11/2024,00,07/11/2024,1,9266
08,1024,050,1,573-8,3102853,08,11A232,31,40362,0056,1,1,0,00,29/10/2024,00,29/10/2024,2,-,-,03,1, , ,01,01,-,03,00,00,-, ,00,29/10/2024,00,29/10/2024,1,9266
08,1024,101,1,040-3,3105327,08,11A232,31,40367,0115,1,1,0,00,31/10/2024,00,31/10/2024,1,-,-,06,2,02,02,02,01,-,02,00,00,-, ,00,31/10/2024,00,31/10/2024,1,9944
08,1024,101,1,040-3,3105327,08,11A232,31,40367,0046,2,1,0,00,07/11/2024,00,07/11/2024,2,-,-,03,1, , ,02,03,-,03,00,00,-, ,00,07/11/2024,00,07/11/2024,1,9944
08,1024,101,1,040-3,3105327,08,11A232,31,40367,0090,4,1,0,00,31/10/2024,00,31/10/2024,2,-,-,05,1, , ,02,02,-,05,00,00,-, ,00,31/10/2024,00,31/10/2024,1,9944
08,1024,101,1,040-3,3105327,08,11A232,31,40367,0027,3,1,0,00,07/11/2024,00,07/11/2024,2,-,-,03,1, , ,01,01,-,03,00,00,-, ,00,07/11/2024,00,07/11/2024,1,9944
08,1024,041,1,043-7,3101122,08,12A232,31,40371,0053,3,1,0,00,07/11/2024,00,07/11/2024,2,-,-,01, , , ,01,01,-,01,00,00,-, ,00,07/11/2024,00,07/11/2024,1,7673
08,1024,041,1,043-7,3101122,08,12A232,31,40371,0031,2,1,0,00,06/11/2024,00,06/11/2024,2,-,-,04,1, , ,02,02,-,04,00,00,-, ,00,06/11/2024,00,06/11/2024,1,7673
08,1024,041,1,043-7,3101122,08,12A232,31,40371,0009,1,1,0,00,08/11/2024,00,08/11/2024,2,-,-,03,1, , ,02,01,-,03,00,00,-, ,00,08/11/2024,00,08/11/2024,1,7673
08,1024,041,1,043-7,3101122,08,12A232,31,40371,0075,4,1,0,00,13/11/2024,00,13/11/2024,2,-,-,04,1, , ,02,02,-,04,00,00,-, ,00,13/11/2024,00,13/11/2024,1,7673
08,1024,050,1,029-6,3101483,08,12A232,31,40374,0001,1,1,0,00,12/11/2024,00,12/11/2024,2,-,-,05,1, , ,01,04,-,05,00,00,-, ,14,12/11/2024,14,12/11/2024,1,0
08,1024,050,1,029-6,3101483,08,12A232,31,40374,0134,4,1,0,05,13/11/2024,05,19/11/2024,2,-,-, , , , , , ,-, , , ,-, ,05,13/11/2024,05,19/11/2024,1,0
08,1024,050,1,029-6,3101483,08,12A232,31,40374,0083,3,1,0,00,06/11/2024,00,06/11/2024,2,-,-,02,1, , ,02,01,-,02,00,00,-, ,00,06/11/2024,00,06/11/2024,1,7617
08,1024,050,1,029-6,3101483,08,12A232,31,40374,0044,2,1,0,03,15/11/2024,03,19/11/2024,2,-,-, , , , , , ,-, , , ,-, ,03,15/11/2024,03,19/11/2024,1,0
08,1024,050,1,246-6,3103377,08,12A232,31,40391,0064,3,1,0,05,05/11/2024,05,05/11/2024,2,-,-, , , , , , ,-, , , ,-, ,05,05/11/2024,05,05/11/2024,1,0
08,1024,050,1,246-6,3103377,08,12A232,31,40391,0121,4,1,0,00,08/11/2024,00,08/11/2024,1,-,-,10,2,02,06,01,02,-,06,00,00,-, ,00,08/11/2024,00,08/11/2024,1,7588
08,1024,050,1,246-6,3103377,08,12A232,31,40391,0016,1,1,0,00,05/11/2024,00,05/11/2024,2,-,-,02,1, , ,01,01,-,02,00,00,-, ,00,05/11/2024,00,05/11/2024,1,7588
08,1024,050,1,246-6,3103377,08,12A232,31,40391,0094,2,1,0,00,05/11/2024,00,05/11/2024,2,-,-,02,1, , ,01,02,-,02,00,00,-, ,00,05/11/2024,00,05/11/2024,1,7588
08,1024,050,1,648-8,3103654,08,12A232,31,40393,0068,4,1,0,00,08/11/2024,00,08/11/2024,2,-,-,05,1, , ,01,02,-,05,00,00,-, ,00,08/11/2024,00,08/11/2024,1,8296
08,1024,050,1,648-8,3103654,08,12A232,31,40393,0009,1,1,0,00,12/11/2024,00,12/11/2024,2,-,-,05,1, , ,03,01,-,05,00,00,-, ,00,12/11/2024,00,12/11/2024,1,8296
08,1024,050,1,648-8,3103654,08,12A232,31,40393,0077,3,1,0,00,07/11/2024,00,07/11/2024,2,-,-,03,1, , ,02,02,-,03,00,00,-, ,00,07/11/2024,00,07/11/2024,1,8296
08,1024,050,1,648-8,3103654,08,12A232,31,40393,0114,2,1,0,00,06/11/2024,00,06/11/2024,2,-,-,05,1, , ,01,02,-,05,00,00,-, ,00,06/11/2024,00,06/11/2024,1,8296
08,1024,050,1,485-2,3102383,08,13A232,31,40404,0142,1,1,0,00,06/11/2024,00,06/11/2024,2,-,-,04,1, , ,02,03,-,04,00,00,-, ,00,06/11/2024,00,06/11/2024,1,9375
08,1024,050,1,485-2,3102383,08,13A232,31,40404,0046,4,1,0,00,04/11/2024,00,04/11/2024,2,-,-,02,1, , ,01,02,-,02,00,00,-, ,00,04/11/2024,00,04/11/2024,1,9375
08,1024,050,1,485-2,3102383,08,13A232,31,40404,0082,3,1,0,02,15/11/2024,07,19/11/2024,2,-,-, , , , , , ,-, , , ,-, ,02,15/11/2024,07,19/11/2024,1,0
08,1024,050,1,485-2,3102383,08,13A232,31,40404,0161,2,1,0,00,09/11/2024,00,09/11/2024,2,-,-,05,1, , ,05,01,-,05,00,00,-, ,00,09/11/2024,00,09/11/2024,1,9375
08,1024,050,1,671-7,3102876,08,13A232,31,40406,0120,4,1,0,00,29/10/2024,00,29/10/2024,2,-,-,03,1, , ,02,02,-,03,00,00,-, ,00,29/10/2024,00,29/10/2024,1,10608
08,1024,050,1,671-7,3102876,08,13A232,31,40406,0044,2,1,0,00,14/11/2024,00,14/11/2024,2,-,-,03,1, , ,03,01,-,03,00,00,-, ,00,14/11/2024,00,14/11/2024,1,10608
08,1024,050,1,671-7,3102876,08,13A232,31,40406,0038,1,1,0,00,04/11/2024,00,04/11/2024,2,-,-,03,1, , ,02,03,-,03,00,00,-, ,00,04/11/2024,00,04/11/2024,1,10608
08,1024,050,1,671-7,3102876,08,13A232,31,40406,0083,3,1,0,03,14/11/2024,03,19/11/2024,2,-,-, , , , , , ,-, , , ,-, ,03,14/11/2024,03,19/11/2024,1,0
08,1024,050,1,160-8,3103412,08,13A232,31,40413,0098,2,1,0,00,15/11/2024,00,15/11/2024,2,-,-,02,1, , ,02,01,-,02,00,00,-, ,14,15/11/2024,14,15/11/2024,1,0
08,1024,050,1,160-8,3103412,08,13A232,31,40413,0101,1,1,0,00,06/11/2024,00,06/11/2024,2,-,-,01, , , ,01,01,-,01,00,00,-, ,00,06/11/2024,00,06/11/2024,1,10162
08,1024,050,1,160-8,3103412,08,13A232,31,40413,0063,4,1,0,00,11/11/2024,00,11/11/2024,2,-,-,04,1, , ,03,01,-,04,00,00,-, ,00,11/11/2024,00,11/11/2024,1,10162
08,1024,050,1,160-8,3103412,08,13A232,31,40413,0031,3,1,0,00,13/11/2024,00,13/11/2024,2,-,-,04,1, , ,03,01,-,04,00,00,-, ,00,13/11/2024,00,13/11/2024,1,10162
08,1024,050,1,648-8,3103652,08,13A232,31,40417,0041,4,1,0,00,15/11/2024,00,15/11/2024,2,-,-,04,1, , ,01,03,-,04,00,00,-, ,00,15/11/2024,00,15/11/2024,1,8511
08,1024,050,1,648-8,3103652,08,13A232,31,40417,0062,1,1,0,00,07/11/2024,00,07/11/2024,2,-,-,03,1, , ,02,01,-,03,00,00,-, ,00,07/11/2024,00,07/11/2024,1,8511
08,1024,050,1,648-8,3103652,08,13A232,31,40417,0080,2,1,0,00,05/11/2024,00,05/11/2024,2,-,-,03,1, , ,01,02,-,03,00,00,-, ,00,05/11/2024,00,05/11/2024,1,8511
08,1024,050,1,648-8,3103652,08,13A232,31,40417,0021,3,1,0,00,07/11/2024,00,07/11/2024,2,-,-,06,1, , ,02,04,-,06,00,00,-, ,00,07/11/2024,00,07/11/2024,1,8511
32,1024,056,1,008-2,3203631,32,11A232,32,40346,0073,1,1,0,00,31/10/2024,00,31/10/2024,2,-,-,03,1, , ,01,01,-,03,00,00,-, ,00,31/10/2024,00,31/10/2024,1,8774
32,1024,056,1,008-2,3203631,32,11A232,32,40346,0121,4,1,0,00,05/11/2024,00,05/11/2024,2,-,-,02,1, , ,01,01,-,02,00,00,-, ,00,05/11/2024,00,05/11/2024,1,8774
32,1024,056,1,008-2,3203631,32,11A232,32,40346,0025,2,1,0,00,04/11/2024,00,04/11/2024,2,-,-,03,1, , ,03,03,-,03,00,00,-, ,00,04/11/2024,00,04/11/2024,1,8774
32,1024,056,1,008-2,3203631,32,11A232,32,40346,0096,3,1,0,00,31/10/2024,00,31/10/2024,2,-,-,04,1, , ,01,01,-,04,00,00,-, ,00,31/10/2024,00,31/10/2024,1,8774
32,1024,017,1,286-0,3201071,32,12A232,32,40352,0100,4,1,0,01,01/11/2024,00,12/11/2024,2,-,-,04,1, , ,01,01,-,04,00,00,-, ,01,01/11/2024,00,12/11/2024,1,9101
32,1024,017,1,286-0,3201071,32,12A232,32,40352,0032,2,1,0,00,01/11/2024,00,01/11/2024,2,-,-,05,1, , ,02,03,-,05,00,00,-, ,00,01/11/2024,00,01/11/2024,1,9101
32,1024,017,1,286-0,3201071,32,12A232,32,40352,0003,1,1,0,00,29/10/2024,00,29/10/2024,2,-,-,03,1, , ,02,01,-,03,00,00,-, ,00,29/10/2024,00,29/10/2024,1,9101
32,1024,017,1,286-0,3201071,32,12A232,32,40352,0068,3,1,0,00,29/10/2024,00,29/10/2024,2,-,-,03,1, , ,01,01,-,03,00,00,-, ,00,29/10/2024,00,29/10/2024,1,9101
32,1024,017,1,023-9,3201230,32,12A232,32,40361,0017,2,1,0,00,30/10/2024,00,30/10/2024,2,-,-,02,1, , ,01,01,-,02,00,00,-, ,00,30/10/2024,00,30/10/2024,1,8151
32,1024,017,1,023-9,3201230,32,12A232,32,40361,0049,3,1,0,00,12/11/2024,00,12/11/2024,2,-,-,04,1, , ,03,04,-,04,00,00,-, ,00,12/11/2024,00,12/11/2024,1,8151
32,1024,017,1,023-9,3201230,32,12A232,32,40361,0074,4,1,0,00,15/11/2024,00,15/11/2024,2,-,-,04,1, , ,02,01,-,04,00,00,-, ,00,15/11/2024,00,15/11/2024,1,8151
32,1024,017,1,023-9,3201230,32,12A232,32,40361,0097,1,1,0,00,01/11/2024,00,01/11/2024,2,-,-,03,1, , ,02,01,-,03,00,00,-, ,00,01/11/2024,00,01/11/2024,1,8151
32,1024,017,1,066-7,3201425,32,12A232,32,40368,0077,3,1,0,00,07/11/2024,00,07/11/2024,2,-,-,02,1, , ,01,01,-,02,00,00,-, ,00,07/11/2024,00,07/11/2024,1,8728
32,1024,017,1,066-7,3201425,32,12A232,32,40368,0114,4,1,0,00,28/10/2024,00,28/10/2024,2,-,-,01, , , ,01,01,-,01,00,00,-, ,00,28/10/2024,00,28/10/2024,1,8728
32,1024,017,1,066-7,3201425,32,12A232,32,40368,0006,1,1,0,00,29/10/2024,00,29/10/2024,2,-,-,01, , , ,01,01,-,01,00,00,-, ,00,29/10/2024,00,29/10/2024,1,8728
32,1024,017,1,066-7,3201425,32,12A232,32,40368,0042,2,1,0,00,30/10/2024,00,30/10/2024,2,-,-,04,1, , ,02,02,-,04,00,00,-, ,00,30/10/2024,00,30/10/2024,1,8728
32,1024,056,1,058-0,3203621,32,12A232,32,40382,0024,1,1,0,07,11/11/2024,07,11/11/2024,2,-,-, , , , , , ,-, , , ,-, ,07,11/11/2024,07,11/11/2024,1,0
32,1024,056,1,058-0,3203621,32,12A232,32,40382,0087,3,1,0,00,12/11/2024,00,12/11/2024,2,-,-,02,1, , ,02,01,-,02,00,00,-, ,14,12/11/2024,14,12/11/2024,1,0
32,1024,056,1,058-0,3203621,32,12A232,32,40382,0128,2,1,0,00,07/11/2024,00,07/11/2024,2,-,-,05,1, , ,02,03,-,05,00,00,-, ,00,07/11/2024,00,07/11/2024,1,7668
32,1024,056,1,058-0,3203621,32,12A232,32,40382,0068,4,1,0,01,13/11/2024,01,13/11/2024,2,-,-, , , , , , ,-, , , ,-, ,01,13/11/2024,01,13/11/2024,1,0
32,1024,056,1,053-8,3203662,32,12A232,32,40385,0146,3,1,0,00,05/11/2024,00,05/11/2024,2,-,-,04,1, , ,02,01,-,04,00,00,-, ,00,05/11/2024,00,05/11/2024,1,7499
32,1024,056,1,053-8,3203662,32,12A232,32,40385,0040,2,1,0,03,06/11/2024,03,13/11/2024,2,-,-, , , , , , ,-, , , ,-, ,03,06/11/2024,03,13/11/2024,1,0
32,1024,056,1,053-8,3203662,32,12A232,32,40385,0014,1,1,0,07,06/11/2024,00,14/11/2024,2,-,-,02,1, , ,01,01,-,02,00,00,-, ,07,06/11/2024,00,14/11/2024,1,7499
32,1024,056,1,053-8,3203662,32,12A232,32,40385,0091,4,1,0,00,07/11/2024,00,07/11/2024,2,-,-,04,1, , ,01,02,-,04,00,00,-, ,00,07/11/2024,00,07/11/2024,1,7499
32,1024,017,1,062-9,3201022,32,13A232,32,40391,0115,1,1,0,00,30/10/2024,00,30/10/2024,2,-,-,01, , , ,01,01,-,01,00,00,-, ,00,30/10/2024,00,30/10/2024,1,8112
32,1024,017,1,062-9,3201022,32,13A232,32,40391,0072,3,1,0,03,12/11/2024,03,12/11/2024,2,-,-, , , , , , ,-, , , ,-, ,03,12/11/2024,03,12/11/2024,1,0
32,1024,017,1,062-9,3201022,32,13A232,32,40391,0001,4,1,0,00,12/11/2024,00,12/11/2024,2,-,-,03,1, , ,02,01,-,03,00,00,-, ,00,12/11/2024,00,12/11/2024,1,8112
32,1024,017,1,062-9,3201022,32,13A232,32,40391,0055,2,1,0,00,13/11/2024,00,13/11/2024,2,-,-,02,1, , ,01,02,-,02,00,00,-, ,00,13/11/2024,00,13/11/2024,1,8112
32,1024,017,1,061-4,3201097,32,13A232,32,40395,0126,4,1,0,00,29/10/2024,00,29/10/2024,2,-,-,03,1, , ,02,01,-,03,00,00,-, ,00,29/10/2024,00,29/10/2024,1,9199
32,1024,017,1,061-4,3201097,32,13A232,32,40395,0033,2,1,0,00,11/11/2024,00,11/11/2024,2,-,-,03,1, , ,02,02,-,03,00,00,-, ,00,11/11/2024,00,11/11/2024,1,9199
32,1024,017,1,061-4,3201097,32,13A232,32,40395,0006,1,1,0,00,29/10/2024,00,29/10/2024,2,-,-,05,1, , ,01,01,-,05,00,00,-, ,00,29/10/2024,00,29/10/2024,1,9199
32,1024,017,1,061-4,3201097,32,13A232,32,40395,0068,3,1,0,00,01/11/2024,00,01/11/2024,2,-,-,07,1, , ,03,03,-,07,00,00,-, ,00,01/11/2024,00,01/11/2024,1,9199
32,1024,017,1,065-2,3201181,32,13A232,32,40400,0069,1,1,0,00,08/11/2024,00,08/11/2024,2,-,-,09,1, , ,01,04,-,09,00,00,-, ,00,08/11/2024,00,08/11/2024,1,11059
32,1024,017,1,065-2,3201181,32,13A232,32,40400,0053,2,1,0,00,07/11/2024,00,07/11/2024,2,-,-,02,1, , ,02,01,-,02,00,00,-, ,00,07/11/2024,00,07/11/2024,1,11059
32,1024,017,1,065-2,3201181,32,13A232,32,40400,0134,4,1,0,00,08/11/2024,00,08/11/2024,2,-,-,03,1, , ,03,02,-,03,00,00,-, ,00,08/11/2024,00,08/11/2024,1,11059
32,1024,017,1,065-2,3201181,32,13A232,32,40400,0006,3,1,0,00,01/11/2024,00,01/11/2024,2,-,-,03,1, , ,01,02,-,03,00,00,-, ,00,01/11/2024,00,01/11/2024,1,11059
32,1024,056,1,107-6,3203641,32,13A232,32,40417,0058,3,1,0,00,14/11/2024,00,14/11/2024,2,-,-,05,1, , ,03,01,-,05,00,00,-, ,00,14/11/2024,00,14/11/2024,1,8212
32,1024,056,1,107-6,3203641,32,13A232,32,40417,0021,4,1,0,05,14/11/2024,03,19/11/2024,2,-,-, , , , , , ,-, , , ,-, ,05,14/11/2024,03,19/11/2024,1,0
32,1024,056,1,107-6,3203641,32,13A232,32,40417,0119,2,1,0,00,12/11/2024,00,12/11/2024,2,-,-,03,1, , ,01,03,-,03,00,00,-, ,00,12/11/2024,00,12/11/2024,1,8212
32,1024,056,1,107-6,3203641,32,13A232,32,40417,0089,1,1,0,00,04/11/2024,00,04/11/2024,2,-,-,04,1, , ,03,04,-,04,00,00,-, ,00,04/11/2024,00,04/11/2024,1,8212
