PER,N_ENT,FOL,ENT,CON,V_SEL,N_HOG,H_MUD,N_REN,P1,P2,P3_1,P3_2,P3_3,P3_4,P3_5,P3_6,P3_7,P3_8,P3_9,P3_10,P3_11,P4_1,P4_2,P4_3,P4_4,P4_5,P4_6,P4_7,P4_8,P4_9,P4_10,P5_1,P5_2,P5_3,P5_4,P5_5,P5_6,P5_7,P5_8,P5_9,P5_10,P5_11,P5_12,TIPO,FAC_MOD
1023,7,11A218,01,40029,1,1,0,01,10,9,10,10,10,10,10,10,8,10,10,8,3,10,10,10,10,10,0,0,0,0,0,8,10,8,10,8,8,3,10,10,10,8,6,1,15645
1023,7,11A218,01,40029,3,1,0,01,8,9,10,10,10,10,10,10,10,10,10,9,0,10,10,9,9,10,0,0,1,1,0,9,9,10,10,9,10,4,10,10,8,7,6,1,23467
1023,7,11A218,01,40029,4,1,0,01,9,9,9,9,10,10,10,10,10,10,7,8,3,10,10,9,10,10,0,0,1,0,0,8,10,8,8,8,8,5,10,10,8,8,7,1,23467
1023,7,11A218,01,40029,2,1,0,04,8,8,8,8,10,8,10,10,8,10,7,8,2,8,8,8,9,8,2,2,2,1,0,8,8,8,8,8,8,6,10,10,10,7,5,1,31290
1023,7,12A218,01,40095,4,1,0,01,10,10,10,10,10,10,10,10,10,10,10,10,2,10,10,10,10,10,0,0,0,0,0,10,10,10,10,10,10,5,10,10,10,9,5,1,7458
1023,7,12A218,01,40095,3,1,0,01,9,8,10,10,10,10,10,10,10,10,10,10,0,10,10,10,10,10,0,0,0,0,0,9,8,8,10,10,10,5,10,10,10,9,6,1,22374
1023,7,12A218,01,40095,2,1,0,02,10,9,10,10,10,10,10,10,10,10,10,10,2,10,10,10,10,10,0,0,0,0,0,10,10,8,10,10,10,6,10,10,9,9,6,1,22374
1023,7,12A218,01,40095,1,1,0,01,10,10,10,10,10,10,10,10,10,10,10,9,3,10,10,10,10,10,0,0,0,0,0,8,8,8,10,8,10,5,10,10,10,8,6,1,7458
1023,3,12A224,01,40152,4,1,0,03,10,10,10,10,10,10,10,10,9,10,10,8,0,10,10,10,10,10,0,0,0,0,0,10,10,9,10,8,8,5,10,10,10,8,6,1,18259
1023,3,12A224,01,40152,3,1,0,01,10,10,10,10,10,10,10,10,10,10,10,10,2,10,10,9,9,10,0,0,1,1,0,10,9,9,10,10,10,4,10,10,10,9,6,1,12173
1023,3,12A224,01,40152,2,1,0,01,8,8,8,10,10,10,10,10,10,10,10,9,0,5,7,7,9,8,5,2,2,1,0,10,10,8,10,8,8,6,10,10,10,8,6,1,6086
1023,3,12A224,01,40152,1,1,0,04,10,9,10,10,10,10,10,10,10,10,6,8,0,10,10,10,10,10,0,0,0,0,0,10,10,9,10,10,8,5,10,10,9,9,7,1,42605
1023,6,12B211,01,40188,1,1,0,01,10,10,10,10,10,10,10,10,10,10,7,8,0,10,10,10,10,10,0,0,0,0,0,10,10,10,10,9,9,5,10,10,8,8,7,1,13662
1023,6,12B211,01,40188,3,1,0,01,10,10,10,10,10,10,10,10,10,10,10,10,2,5,8,8,9,8,5,2,2,1,0,10,9,10,10,9,10,6,10,10,10,8,7,1,13662
1023,6,12B211,01,40188,2,1,0,01,10,10,10,10,10,10,10,10,10,10,7,8,0,10,10,10,10,10,0,0,0,0,0,8,10,8,10,8,8,5,10,10,10,9,6,1,20492
1023,6,12B211,01,40188,4,1,0,02,9,8,9,9,10,9,10,10,8,10,10,10,3,10,9,7,9,10,0,1,2,1,0,10,10,10,10,10,10,7,10,10,10,8,5,1,13662
1023,2,12A225,01,40280,2,1,0,01,8,8,8,10,10,10,10,10,8,10,10,10,2,10,10,10,10,10,0,0,0,0,0,8,8,8,10,10,10,5,10,10,10,8,5,1,8346
1023,2,12A225,01,40280,1,1,0,02,10,10,10,10,10,10,10,10,8,10,6,9,0,5,7,7,9,8,5,2,2,1,0,8,9,8,10,10,8,5,10,10,10,8,6,1,16693
1023,2,12A225,01,40280,3,1,0,02,10,10,10,10,10,10,10,10,10,10,10,10,0,10,10,9,10,10,0,0,1,0,0,10,10,10,10,10,10,3,10,10,10,9,7,1,25039
1023,2,12A225,01,40280,4,1,0,01,10,10,10,10,10,10,10,10,10,10,10,9,2,10,10,8,9,10,0,0,2,1,0,10,10,10,10,9,10,6,10,10,10,7,6,1,16693
1023,4,11A223,01,40337,3,1,0,05,8,7,7,8,8,8,10,10,8,10,7,8,4,10,9,9,9,10,0,1,1,1,0,8,10,8,8,8,8,3,10,10,10,9,6,1,29356
1023,4,11A223,01,40337,2,1,0,04,9,8,10,10,10,10,10,10,8,10,6,8,0,10,10,10,10,10,0,0,0,0,0,8,10,8,8,8,7,5,10,10,10,8,6,1,29356
1023,4,11A223,01,40337,4,1,0,01,8,8,8,8,10,8,10,10,10,10,10,8,3,10,9,8,9,10,0,1,2,1,0,8,8,8,10,8,10,5,10,10,10,8,6,1,7339
1023,4,11A223,01,40337,1,1,0,04,10,10,10,10,10,10,10,10,10,10,10,10,0,10,10,10,10,10,0,0,0,0,0,9,10,9,10,10,10,5,10,10,10,9,6,1,29356
1023,4,12A223,01,40340,2,1,0,01,10,10,10,10,10,10,10,10,10,10,10,10,2,10,10,10,10,10,0,0,0,0,0,10,10,8,10,9,10,5,10,10,10,9,7,1,7661
1023,4,12A223,01,40340,3,1,0,01,10,10,10,10,10,10,10,10,10,10,10,10,0,5,8,8,9,8,5,2,2,1,0,10,10,10,10,10,8,3,10,10,10,9,6,1,15321
1023,4,12A223,01,40340,4,1,0,01,10,10,10,10,10,10,10,10,10,10,10,10,2,10,10,9,10,10,0,0,1,0,0,10,10,10,10,10,10,6,10,10,10,9,7,1,7661
1023,4,12A223,01,40340,1,1,0,01,10,10,10,10,10,10,10,10,10,10,8,10,0,10,10,10,10,10,0,0,0,0,0,10,10,10,10,9,7,5,10,10,10,9,5,1,15321
1023,5,11B212,01,40350,3,1,0,02,9,9,10,9,10,10,10,10,10,10,9,9,0,10,10,10,10,10,0,0,0,0,0,10,9,9,10,9,7,5,10,10,10,7,6,1,36473
1023,5,11B212,01,40350,1,1,0,01,7,8,6,8,10,8,8,10,7,8,7,8,4,10,8,7,8,10,0,2,3,1,0,7,6,7,10,7,7,3,7,10,8,7,5,1,7295
1023,5,11B212,01,40350,4,1,0,03,8,8,8,8,10,8,10,10,10,10,7,8,3,10,8,8,8,10,0,2,1,1,0,8,8,8,8,8,7,5,10,10,10,8,6,1,29178
1023,5,11B212,01,40350,2,1,0,02,8,8,8,8,10,10,10,10,9,9,9,10,3,10,10,8,9,10,0,0,1,1,0,10,8,10,10,10,10,3,10,10,10,8,6,1,36473
1023,5,13B212,01,40355,1,1,0,01,8,8,8,8,10,8,10,10,8,10,10,8,3,10,10,8,9,10,0,0,2,1,0,10,8,8,10,8,10,7,10,10,10,9,7,1,29073
1023,5,13B212,01,40355,3,1,0,02,8,8,10,10,10,8,10,10,10,10,7,8,0,10,10,10,10,10,0,0,0,0,0,8,10,10,10,10,8,3,10,10,9,9,6,1,19382
1023,5,13B212,01,40355,4,1,0,02,8,8,10,10,10,10,10,10,10,10,7,10,2,5,9,7,9,10,5,1,2,1,0,10,10,9,9,9,7,3,10,10,10,8,6,1,29073
1023,5,13B212,01,40355,2,1,0,02,10,10,10,10,10,10,10,10,10,10,10,10,0,10,10,10,10,10,0,0,0,0,0,10,10,10,10,10,10,6,10,10,10,8,5,1,38764
1023,1,13A226,01,40379,4,1,0,02,8,8,8,9,10,8,10,10,8,10,7,8,2,5,7,7,7,8,5,2,2,2,0,8,8,8,9,8,8,4,10,10,8,7,6,1,26121
1023,1,13A226,01,40379,1,1,0,02,8,8,10,10,10,10,10,10,10,10,10,10,0,10,10,10,10,10,0,0,0,0,0,10,8,10,9,10,10,7,10,10,10,9,9,1,26121
1023,1,13A226,01,40379,2,1,0,01,10,10,10,10,10,10,10,10,10,10,10,10,0,10,10,10,10,10,0,0,0,0,0,10,9,9,10,10,10,5,10,10,10,9,6,1,26121
1023,1,13A226,01,40379,3,1,0,02,10,10,10,10,10,10,10,10,10,10,10,10,0,10,10,10,10,10,0,0,0,0,0,10,10,10,10,10,8,5,10,10,10,9,6,1,17414
1023,1,11A226,01,40381,4,1,0,01,10,10,10,10,10,10,10,10,10,10,10,9,2,10,10,10,10,10,0,0,0,0,0,9,9,9,8,9,8,5,10,10,8,8,6,1,29243
1023,1,11A226,01,40381,3,1,0,03,10,10,10,10,10,10,10,10,10,10,8,8,3,10,10,10,10,10,0,0,0,0,0,9,10,8,8,8,7,5,10,10,8,7,6,1,21932
1023,1,11A226,01,40381,2,1,0,02,10,9,10,10,10,10,10,10,10,10,10,9,4,10,8,10,9,10,0,1,0,1,0,9,9,9,10,9,10,3,10,8,3,7,5,1,29243
1023,1,11A226,01,40381,1,1,0,02,8,6,8,8,10,8,8,10,8,10,2,8,4,10,10,10,10,10,0,0,0,0,0,8,10,7,8,7,8,2,10,9,6,8,6,1,14621
1023,8,12A217,01,40411,1,1,0,02,8,8,8,8,10,8,10,10,10,10,10,8,3,10,9,8,9,10,0,1,2,1,0,8,8,8,10,8,10,5,10,10,10,9,6,1,13044
1023,8,12A217,01,40411,2,1,0,02,10,10,10,10,10,10,10,10,10,10,10,9,2,10,10,10,10,10,0,0,0,0,0,10,10,10,10,9,10,6,10,10,10,8,6,1,19567
1023,8,12A217,01,40411,4,1,0,03,10,10,10,10,10,10,10,10,8,10,10,9,0,10,10,10,10,10,0,0,0,0,0,10,10,9,10,10,7,7,10,10,10,7,5,1,19567
1023,3,11A224,02,40085,4,1,0,01,8,7,9,8,10,9,9,10,10,9,10,9,0,8,8,8,10,8,0,1,1,0,0,8,8,8,9,8,7,5,10,8,8,8,8,1,24825
1023,3,11A224,02,40085,3,1,0,02,9,9,10,10,10,10,10,10,9,10,8,9,0,9,5,6,9,8,1,4,4,0,0,9,8,8,8,8,10,5,10,10,9,5,5,1,24825
1023,3,11A224,02,40085,2,1,0,01,8,8,8,8,10,9,9,10,10,10,10,8,0,9,9,8,9,9,0,1,1,0,0,10,8,10,10,8,9,5,10,10,10,10,10,1,8275
1023,3,11A224,02,40085,1,1,0,01,7,7,8,8,10,9,8,8,10,8,7,7,2,10,9,6,10,8,0,1,4,0,0,8,8,7,7,6,9,6,10,9,9,9,8,1,8275
1023,3,13A224,02,40088,3,1,0,01,10,8,10,10,10,10,9,10,9,10,8,9,1,9,10,10,10,9,0,0,0,0,0,9,10,9,10,10,10,8,10,9,9,8,8,1,18344
1023,3,13A224,02,40088,4,1,0,02,8,6,8,8,9,9,9,9,9,8,9,9,0,9,9,8,8,8,1,1,2,0,0,8,6,8,6,7,7,5,7,6,5,5,5,1,27515
1023,7,11A218,02,40124,4,1,0,01,7,7,8,7,8,7,7,8,8,8,6,7,5,7,8,6,9,8,3,2,4,0,0,7,7,7,8,8,5,1,0,9,9,8,6,1,8659
1023,7,11A218,02,40124,3,1,1,01,8,9,10,8,10,7,10,10,9,10,10,8,2,8,7,7,8,8,0,2,0,0,0,8,7,7,9,7,8,6,9,7,7,6,7,1,17318
1023,7,13A218,02,40161,2,1,0,01,10,8,9,9,10,8,10,10,10,9,10,10,1,10,10,10,10,10,0,0,0,0,0,8,8,10,10,9,10,6,10,9,9,8,7,1,38946
1023,7,13A218,02,40161,1,1,0,03,8,6,8,9,10,8,9,9,10,10,7,7,0,5,5,5,6,6,5,5,5,4,0,8,10,7,9,9,8,5,7,7,0,7,8,1,29209
1023,7,13A218,02,40161,4,1,0,02,6,4,9,9,6,10,8,10,8,10,10,6,2,7,3,3,8,8,2,6,6,0,0,6,10,6,8,8,3,8,10,10,10,5,8,1,9736
1023,7,13A218,02,40161,3,1,0,01,8,8,9,9,8,10,10,9,8,10,8,9,1,8,8,8,9,9,2,2,1,0,1,8,9,9,8,8,3,5,10,8,8,8,7,1,19473
1023,6,12B211,02,40191,2,1,0,01,10,10,9,10,10,10,9,8,5,9,9,8,0,8,7,7,5,5,2,3,3,0,1,8,10,10,9,9,9,5,9,9,9,9,9,1,5323
1023,6,12B211,02,40191,1,1,0,02,8,7,8,8,8,9,9,10,10,8,9,9,1,8,10,8,10,8,0,0,1,0,0,8,9,9,10,8,8,6,10,10,9,8,9,1,10647
1023,6,12B211,02,40191,4,1,0,01,8,8,8,8,10,10,9,9,9,10,9,9,0,8,9,9,9,8,2,1,1,0,0,10,10,9,9,9,9,9,9,10,10,9,9,1,10647
1023,2,12A225,02,40214,2,1,0,01,10,10,10,9,8,8,10,10,8,8,7,9,2,10,10,10,10,10,0,0,0,0,0,8,8,10,10,10,10,6,10,9,9,10,10,1,7840
1023,2,12A225,02,40214,3,1,0,01,7,6,7,8,8,8,9,8,9,8,6,7,3,8,8,9,8,9,1,2,0,0,0,7,7,7,8,8,5,5,7,7,6,5,6,1,15680
1023,2,11A225,02,40218,4,1,0,01,10,9,9,9,9,10,9,10,9,9,9,9,0,9,9,8,10,9,0,0,2,0,0,9,9,9,10,8,9,5,10,9,9,9,9,1,7635
1023,2,11A225,02,40218,3,1,0,01,10,10,10,8,10,10,10,10,10,10,5,8,0,10,10,10,10,10,0,0,0,0,0,10,10,10,10,8,5,10,10,10,5,10,10,1,30539
1023,6,11B211,02,40255,2,1,0,02,10,10,10,10,10,10,10,10,10,8,7,8,2,10,10,8,8,8,0,0,0,0,0,9,9,10,10,8,10,5,10,10,10,7,10,1,23753
1023,6,11B211,02,40255,3,1,2,01,6,7,8,7,6,7,8,8,8,8,5,7,10,8,7,8,8,7,1,2,2,2,3,8,5,9,8,7,10,0,10,7,8,5,5,1,5938
1023,6,11B211,02,40255,1,1,1,01,9,8,9,10,10,10,10,10,10,10,10,10,0,9,9,9,10,10,0,1,0,0,0,10,10,10,10,10,10,8,10,9,9,9,10,1,11876
1023,8,11A217,02,40313,3,1,1,01,8,9,10,10,10,7,9,8,8,10,8,10,4,8,7,8,10,8,0,2,0,0,0,8,10,8,8,9,7,0,8,7,8,8,8,1,6839
1023,8,11A217,02,40313,1,1,0,01,10,10,10,8,10,10,10,10,9,9,8,8,5,9,8,10,9,8,0,2,0,0,0,8,10,8,8,8,7,0,10,9,7,7,8,1,6839
1023,4,13A223,02,40336,2,1,0,01,8,9,10,9,10,7,8,10,9,9,10,10,7,7,6,8,10,8,3,3,1,0,0,10,8,8,8,8,7,0,10,7,8,5,5,1,14815
1023,4,13A223,02,40336,4,1,0,01,8,7,8,8,8,8,9,9,9,9,6,9,7,4,8,7,7,7,5,2,2,2,2,9,7,8,8,8,6,3,8,8,6,3,3,1,7407
1023,4,13A223,02,40336,3,1,0,01,10,7,10,10,10,9,9,8,10,10,10,10,3,7,5,6,10,8,2,5,4,0,0,7,10,10,8,8,6,5,10,10,10,8,8,1,7407
1023,4,13A223,02,40336,1,1,0,01,10,8,8,9,10,8,8,9,10,9,10,8,7,10,10,10,10,9,0,0,0,0,0,8,8,8,8,9,10,8,8,9,8,8,9,1,14815
1023,4,11A223,02,40368,1,1,0,02,10,10,9,10,10,8,10,10,10,10,10,8,2,10,8,8,10,8,0,0,0,0,0,8,8,8,10,10,10,7,10,10,10,8,8,1,19225
1023,4,11A223,02,40368,3,1,0,01,8,5,8,9,10,5,9,8,8,6,8,8,6,10,9,8,7,8,0,0,0,0,0,8,8,8,8,7,9,0,10,10,10,5,8,1,6408
1023,4,11A223,02,40368,4,1,0,02,9,9,10,10,10,8,10,9,9,10,8,8,2,10,9,8,8,9,0,0,1,0,0,8,10,10,9,8,10,5,10,8,8,8,8,1,12817
1023,4,11A223,02,40368,2,1,0,02,7,7,8,7,10,5,8,5,8,8,6,8,5,7,8,6,10,8,3,1,3,0,0,8,7,7,8,8,8,5,8,8,6,5,6,1,12817
1023,8,12A217,02,40375,1,1,0,01,9,9,8,10,10,9,10,10,8,10,10,8,0,8,10,10,10,9,0,0,0,0,0,9,9,10,9,10,8,4,10,10,8,5,10,1,12845
1023,8,12A217,02,40375,4,1,0,01,8,8,7,5,10,10,10,10,10,10,8,7,5,10,9,9,10,9,0,0,0,0,0,10,10,8,9,8,9,5,9,10,8,5,5,1,6422
1023,1,12A226,02,40377,2,1,0,02,8,7,7,8,8,8,9,9,9,8,8,9,3,9,8,8,8,8,1,2,1,2,2,9,9,8,9,8,8,5,9,9,9,7,5,1,12041
1023,1,12A226,02,40377,4,1,0,03,9,9,10,10,8,9,10,10,10,10,5,7,3,8,8,6,6,10,1,1,3,3,0,7,9,7,9,10,6,6,10,8,9,8,8,1,30102
1023,1,12A226,02,40377,1,1,0,02,9,9,8,8,8,9,8,8,8,8,8,8,1,8,8,8,8,8,1,1,2,2,1,9,9,8,8,8,8,5,8,8,8,6,8,1,12041
1023,5,12B212,02,40382,1,1,0,01,9,8,9,10,10,10,10,9,9,10,7,9,0,9,9,8,10,9,1,1,2,0,0,9,9,9,9,9,8,5,10,9,8,9,8,1,7484
1023,5,12B212,02,40382,4,1,0,01,8,7,8,8,7,9,9,10,8,8,5,8,5,10,10,9,9,9,0,0,0,0,0,8,9,8,8,8,7,7,9,8,8,7,7,1,14969
1023,5,12B212,02,40382,2,1,0,02,10,10,9,9,10,10,10,10,10,9,10,10,0,10,10,10,10,10,0,0,0,0,0,10,10,10,10,10,10,7,10,10,10,10,10,1,22453
1023,7,12A218,03,40082,1,1,0,02,10,10,10,10,9,10,10,10,9,10,10,9,4,10,9,10,9,9,0,1,0,1,1,9,10,10,10,9,9,5,9,10,9,10,5,1,41601
1023,7,12A218,03,40082,3,1,0,01,8,7,10,9,9,10,10,10,10,10,7,9,9,6,6,8,6,6,4,4,2,4,2,9,7,9,8,9,7,4,10,9,10,10,8,1,10400
1023,7,12A218,03,40082,4,1,0,01,9,9,9,10,9,10,9,10,9,9,8,9,0,10,9,10,9,9,0,1,0,0,0,9,9,8,9,10,10,6,9,10,9,8,7,1,20801
1023,3,12A224,03,40132,3,1,0,01,9,10,9,9,9,8,9,10,9,9,10,9,0,10,8,9,9,9,0,1,0,1,0,9,10,9,9,8,9,6,9,9,8,9,9,1,34446
1023,3,12A224,03,40132,4,1,0,03,9,8,10,9,9,9,8,9,9,8,7,9,1,8,9,10,9,9,1,1,0,1,0,9,9,10,9,10,9,8,10,8,8,9,7,1,45928
1023,3,12A224,03,40132,2,1,0,02,7,9,10,10,10,10,9,9,9,9,8,10,1,10,10,9,10,9,0,0,1,0,1,9,7,8,9,9,9,7,9,8,9,8,7,1,22964
1023,3,12A224,03,40132,1,1,0,01,9,9,9,10,10,10,10,10,8,9,7,9,5,8,8,7,8,8,1,2,2,1,1,9,9,10,10,10,9,6,9,8,8,9,7,1,11482
1023,5,11B212,03,40192,1,1,1,01,8,8,9,8,10,9,9,9,10,9,6,9,3,8,8,7,7,9,0,2,2,2,1,7,9,8,10,8,5,6,5,9,9,7,6,1,46908
1023,5,11B212,03,40192,4,1,0,01,8,7,8,8,9,8,9,8,7,8,8,9,4,10,9,10,8,9,0,1,0,0,1,8,9,8,8,9,8,6,8,8,8,8,8,1,23454
1023,5,11B212,03,40192,3,1,0,03,9,6,10,10,10,10,10,10,10,9,8,10,0,10,10,10,10,9,0,0,0,0,1,9,9,10,9,8,5,10,9,10,9,5,5,1,93815
1023,5,11B212,03,40192,2,1,0,01,7,8,8,8,9,9,8,9,9,9,8,8,3,6,4,8,7,8,2,1,2,1,2,8,9,8,9,8,7,7,7,7,7,8,8,1,23454
1023,2,12A225,03,40242,2,1,0,05,10,8,7,10,10,9,10,10,10,10,8,9,1,10,9,9,9,9,0,1,0,1,1,10,10,10,7,10,7,8,10,10,8,10,8,1,39725
1023,2,12A225,03,40242,1,1,0,02,8,8,7,9,10,10,9,10,9,10,10,9,0,9,10,9,10,10,1,0,1,0,0,8,10,10,10,10,9,6,10,9,9,10,10,1,15890
1023,2,12A225,03,40242,4,1,0,03,8,9,10,9,9,10,9,9,9,9,8,9,0,9,9,8,9,9,0,1,1,0,1,9,10,7,9,9,8,7,9,8,8,9,8,1,23835
1023,2,12A225,03,40242,3,1,0,02,9,8,8,9,9,10,8,9,7,8,9,8,2,8,9,8,9,8,0,0,1,1,0,8,10,8,9,9,7,5,8,8,8,9,7,1,15890
1023,6,12B211,03,40249,4,1,0,01,9,9,8,9,10,9,10,9,9,10,9,9,1,9,10,9,10,9,1,0,0,0,1,9,9,10,10,9,9,6,9,9,8,9,9,1,24076
1023,6,12B211,03,40249,2,1,0,01,10,10,9,10,8,9,10,9,10,8,7,10,0,9,10,9,9,10,0,0,1,0,0,9,10,9,9,10,9,10,9,9,9,10,7,1,16051
1023,6,12B211,03,40249,3,1,1,01,10,10,9,10,9,10,10,9,10,10,9,10,1,9,9,9,9,9,0,1,0,0,1,9,9,8,9,9,10,9,9,8,9,9,8,1,32102
1023,6,12B211,03,40249,1,1,2,01,8,8,9,9,10,10,10,10,9,9,10,10,0,9,10,9,10,9,1,0,0,0,0,9,10,9,10,9,10,9,10,9,9,9,9,1,8025
1023,1,11A226,03,40270,3,1,0,01,9,8,8,8,9,10,9,10,8,9,10,9,0,9,9,9,9,9,1,1,1,0,1,9,9,9,10,8,9,7,10,10,9,9,9,1,7161
1023,1,11A226,03,40270,4,1,0,01,10,10,10,10,9,10,10,9,6,10,8,10,0,8,9,9,9,9,0,1,1,0,1,10,5,10,10,9,7,3,9,10,6,9,7,1,14323
1023,1,11A226,03,40270,2,1,0,01,8,6,9,7,8,8,9,8,9,9,8,9,2,8,9,8,7,10,0,0,1,2,0,8,8,9,10,9,8,6,7,9,8,6,4,1,7161
1023,1,11A226,03,40270,1,1,0,02,8,9,9,10,9,10,9,9,9,10,9,9,0,9,9,9,9,10,1,0,1,0,0,8,9,9,10,9,6,6,8,8,8,9,8,1,14323
1023,4,13A223,03,40290,2,1,0,02,9,10,10,10,10,9,9,10,10,8,8,9,1,10,10,10,8,9,0,0,0,1,1,8,10,10,9,10,8,7,10,9,8,8,7,1,23761
1023,4,13A223,03,40290,3,1,0,01,7,8,9,8,8,8,8,9,8,9,10,8,4,8,7,8,8,8,1,2,1,1,2,7,6,9,9,7,7,7,8,7,8,7,8,1,11880
1023,4,13A223,03,40290,4,1,0,02,9,8,9,10,10,9,9,9,9,10,8,9,0,9,8,9,10,9,0,0,1,0,0,9,10,9,10,9,8,7,10,10,9,9,8,1,23761
1023,8,12A217,03,40295,3,1,1,01,7,6,10,9,10,9,10,9,10,9,8,8,1,9,9,8,9,9,0,1,0,0,1,8,9,8,10,9,9,5,9,7,8,7,5,1,7841
1023,8,12A217,03,40295,2,1,0,01,7,6,8,7,8,6,8,8,8,8,10,9,2,9,8,7,6,7,1,2,1,1,2,6,7,7,6,8,7,7,6,5,7,7,7,1,7841
1023,8,12A217,03,40295,1,1,0,03,8,9,8,9,9,10,9,9,10,9,7,8,1,8,9,10,9,8,1,0,0,1,0,9,8,9,9,10,9,6,10,9,9,7,7,1,23523
1023,8,12A217,03,40295,4,1,0,01,9,9,9,8,10,9,8,9,10,10,10,10,0,10,9,9,8,9,0,1,0,0,1,9,9,10,10,9,8,9,10,9,9,10,7,1,15682
1023,5,13B212,03,40304,4,1,0,01,10,10,9,10,10,10,10,10,10,10,10,9,0,10,10,10,10,10,0,0,0,0,0,9,10,10,10,10,10,8,10,9,10,10,10,1,28465
1023,5,13B212,03,40304,1,1,0,01,8,8,9,10,10,9,9,9,10,10,8,9,8,9,10,5,9,9,1,0,1,0,1,9,9,10,10,9,9,8,9,8,9,7,7,1,9488
1023,5,13B212,03,40304,2,1,0,04,8,9,9,9,10,9,9,10,9,8,6,10,0,9,8,9,10,9,0,1,0,0,0,9,9,8,10,9,10,7,8,9,8,10,9,1,37953
1023,5,13B212,03,40304,3,1,0,04,7,8,8,10,10,7,10,8,6,9,10,9,0,8,8,7,9,8,1,0,2,1,1,6,7,8,9,7,10,7,9,8,9,7,8,1,37953
1023,1,13A226,03,40354,1,1,0,01,8,9,8,9,9,9,9,8,9,9,0,8,0,8,8,9,8,9,0,0,0,0,0,8,7,9,9,9,9,7,9,9,9,9,8,1,22340
1023,1,13A226,03,40354,3,1,0,01,9,10,9,8,9,8,9,8,9,8,9,9,0,8,9,8,9,9,1,1,2,1,1,8,9,9,9,10,7,9,8,10,9,9,7,1,44680
1023,1,13A226,03,40354,4,1,0,01,10,10,10,10,10,10,10,10,10,10,2,10,0,10,10,10,8,10,0,0,0,0,0,9,9,10,5,10,10,5,8,8,10,4,4,1,11170
1023,1,13A226,03,40354,2,1,0,01,8,5,9,9,10,10,10,10,10,10,0,10,3,9,7,7,9,9,0,2,2,0,0,8,10,10,10,10,10,6,10,10,10,7,2,1,11170
1023,3,11A224,04,40102,4,1,0,03,10,10,8,8,10,8,7,8,9,8,8,7,10,10,8,10,8,8,0,0,0,2,0,9,10,10,8,10,8,9,8,9,8,9,7,1,21874
1023,3,11A224,04,40102,3,1,0,03,8,6,9,8,10,10,9,10,10,10,10,10,4,9,7,6,8,8,0,3,4,2,0,8,9,8,7,9,6,4,8,6,8,5,10,1,29165
1023,3,11A224,04,40102,2,1,0,03,9,9,10,7,10,8,10,9,8,9,9,7,8,8,7,8,8,9,2,3,1,2,1,8,8,9,8,8,6,5,9,8,7,9,8,1,21874
1023,7,11A218,04,40136,2,1,0,02,9,2,10,9,10,10,8,9,10,10,0,10,10,6,6,6,10,5,4,3,3,0,4,8,8,9,7,10,3,8,9,7,8,5,9,1,20582
1023,7,11A218,04,40136,3,1,0,01,9,10,10,7,10,7,10,10,10,8,5,9,6,4,6,4,7,6,5,4,3,2,4,8,5,9,7,9,5,5,10,7,10,4,2,1,20582
1023,7,11A218,04,40136,4,1,0,02,8,6,9,8,9,8,8,9,8,8,8,8,5,5,3,5,7,6,5,6,5,2,3,8,8,7,8,8,2,5,9,8,7,8,6,1,27443
1023,7,11A218,04,40136,1,1,0,03,9,8,9,8,10,8,10,10,10,10,10,10,1,4,6,6,7,7,5,4,4,2,1,10,10,10,10,10,9,9,9,8,8,8,7,1,13721
1023,5,12B212,04,40191,2,1,0,01,7,8,8,7,9,8,7,7,8,7,8,7,6,7,7,6,6,7,3,2,3,3,3,7,7,8,7,7,7,5,7,8,8,6,5,1,8744
1023,5,12B212,04,40191,4,1,0,02,8,8,9,8,10,9,10,10,10,10,10,10,0,6,6,5,8,9,3,4,4,1,1,9,4,9,8,8,5,2,9,8,9,3,3,1,17488
1023,5,12B212,04,40191,3,1,2,01,7,9,6,6,10,10,10,10,9,9,10,8,9,7,6,7,5,9,2,4,2,5,1,0,7,9,10,6,8,8,10,10,10,10,5,1,17488
1023,5,12B212,04,40191,1,1,0,02,9,9,9,8,9,9,9,9,9,8,10,8,8,9,8,8,8,8,0,1,2,1,0,9,8,10,9,9,9,8,8,10,10,9,5,1,17488
1023,6,13B211,04,40194,2,1,0,01,10,10,10,10,10,10,10,8,10,0,0,10,0,10,5,9,10,10,0,2,1,0,0,10,10,10,10,10,10,0,10,10,10,0,10,1,27082
1023,6,13B211,04,40194,3,1,0,03,8,7,7,8,7,8,7,8,8,8,8,7,5,8,8,9,8,8,2,2,1,2,0,8,8,7,8,8,6,4,8,7,7,5,4,1,27082
1023,6,13B211,04,40194,1,1,0,02,10,10,9,10,10,10,10,10,9,8,10,10,2,8,10,10,10,10,0,0,0,0,0,8,8,9,9,6,9,4,10,9,10,4,7,1,18055
1023,6,13B211,04,40194,4,1,0,01,7,7,7,7,7,8,8,8,7,8,9,8,8,8,8,7,8,8,0,0,2,0,0,8,7,8,8,7,8,6,8,9,9,6,6,1,27082
1023,2,12A225,04,40216,4,1,0,03,10,9,10,10,10,10,10,9,9,10,8,8,4,9,7,5,8,10,1,3,5,0,0,10,10,10,9,10,5,9,9,10,10,10,9,1,21032
1023,2,12A225,04,40216,3,1,0,02,10,2,10,7,10,9,10,10,10,10,7,10,8,9,9,10,10,9,1,0,0,0,1,10,10,8,9,10,10,10,10,9,9,9,8,1,14022
1023,2,12A225,04,40216,1,1,0,02,10,10,8,10,10,8,10,10,9,9,8,10,5,8,9,9,9,9,1,0,0,1,0,10,10,10,9,10,9,8,10,10,8,8,8,1,21032
1023,2,12A225,04,40216,2,1,0,01,9,9,7,9,9,9,9,9,8,8,10,8,1,8,8,9,8,9,0,0,0,0,1,8,6,8,8,7,9,8,8,9,9,10,10,1,7011
1023,6,11B211,04,40221,3,1,0,01,8,9,5,10,9,7,8,7,5,10,10,9,10,5,9,7,6,9,0,0,0,4,0,9,10,9,8,5,9,8,7,10,9,9,5,1,8336
1023,6,11B211,04,40221,4,1,0,01,7,8,7,7,7,8,7,8,7,8,8,7,7,7,6,7,6,7,3,3,3,3,3,7,7,7,7,7,7,5,6,7,7,7,7,1,16672
1023,6,11B211,04,40221,2,1,0,01,5,5,5,5,10,5,6,9,5,5,10,5,5,5,5,5,5,5,5,5,5,5,1,5,5,6,7,5,5,5,6,6,6,5,5,1,25007
1023,2,11A225,04,40241,4,1,0,02,8,8,8,8,10,9,7,7,7,6,8,7,6,8,8,8,8,8,1,1,2,2,0,8,8,7,8,7,7,5,7,7,7,6,5,1,25884
1023,2,11A225,04,40241,3,1,0,02,9,9,9,9,10,9,9,9,9,9,1,7,2,9,9,9,9,8,1,1,1,1,1,9,10,9,10,9,9,9,9,9,9,9,9,1,34512
1023,2,11A225,04,40241,1,1,0,02,4,4,7,8,9,8,8,8,7,8,10,8,8,9,9,8,8,9,0,1,1,2,0,8,9,8,8,7,7,4,6,8,8,8,6,1,17256
1023,4,11A223,04,40346,2,1,0,01,8,9,9,9,10,10,9,10,10,8,10,9,7,10,6,6,9,9,0,4,3,1,1,8,8,7,10,9,10,5,10,7,6,9,7,1,18524
1023,4,11A223,04,40346,3,1,0,04,8,6,8,8,8,9,8,8,9,9,8,8,6,8,8,6,7,5,0,1,3,2,0,10,9,8,8,9,5,7,8,8,8,8,8,1,24699
1023,8,11A217,04,40351,2,1,0,02,8,8,8,10,8,10,9,8,9,9,8,8,7,7,7,8,8,5,3,2,2,1,1,8,8,8,8,7,8,0,7,8,7,7,7,1,27827
1023,8,11A217,04,40351,1,1,0,03,6,1,7,7,5,9,10,9,10,0,0,10,0,4,0,0,1,0,0,9,10,8,0,9,5,9,7,10,2,0,0,9,0,0,0,1,27827
1023,8,11A217,04,40351,3,1,0,02,8,6,8,8,10,10,8,7,8,7,7,7,8,7,7,8,5,4,2,0,2,2,2,8,8,8,7,10,5,5,5,5,5,5,7,1,27827
1023,8,11A217,04,40351,4,1,0,05,8,8,9,9,10,9,9,9,9,9,4,9,9,8,8,9,9,9,1,1,1,1,1,8,8,8,9,8,8,8,9,8,8,9,7,1,41741
1023,1,12A226,04,40352,3,1,0,01,8,9,7,7,7,7,7,7,7,7,3,5,6,7,6,6,6,6,2,4,4,4,4,6,7,6,6,6,6,4,7,7,7,5,5,1,16345
1023,1,12A226,04,40352,2,1,0,01,9,9,9,9,10,10,10,10,10,10,10,10,9,7,5,5,8,7,3,4,4,2,2,9,10,10,9,9,8,5,9,8,5,4,6,1,16345
1023,1,12A226,04,40352,4,1,0,03,9,8,10,9,10,10,10,9,10,10,10,10,8,9,10,10,10,10,0,0,0,0,0,10,9,10,9,9,9,7,8,8,8,8,5,1,32690
1023,1,12A226,04,40352,1,1,0,02,8,6,8,9,8,9,10,10,9,9,10,8,7,4,5,5,4,5,5,4,5,5,4,8,7,7,8,8,9,5,8,8,9,6,6,1,24517
1023,7,13A218,05,40028,4,1,0,01,10,10,10,10,10,10,10,10,10,10,10,10,2,9,6,7,10,10,1,3,2,0,0,10,10,10,10,10,9,9,9,10,10,10,10,1,19475
1023,7,13A218,05,40028,3,1,0,01,7,7,8,9,6,8,8,7,6,8,7,7,5,6,5,5,5,6,3,4,4,4,3,6,8,6,9,8,5,6,7,8,9,8,5,1,19475
1023,7,13A218,05,40028,1,1,0,02,10,10,9,9,9,9,9,9,9,10,8,9,3,7,7,5,6,8,2,3,4,3,2,9,9,9,10,9,9,8,9,9,9,9,9,1,19475
1023,1,11A226,05,40091,4,1,0,02,9,10,10,9,10,10,10,10,10,10,0,10,0,10,10,8,8,10,0,0,0,0,0,10,10,10,0,10,0,5,10,0,10,10,10,1,17151
1023,1,11A226,05,40091,3,1,0,03,8,8,10,9,10,9,10,9,10,10,8,9,3,9,8,9,8,9,1,1,1,1,0,8,8,9,10,10,7,8,8,8,7,9,8,1,25727
1023,1,11A226,05,40091,2,1,0,01,8,5,9,9,9,9,9,10,10,10,8,9,0,10,10,10,10,10,0,0,0,0,0,9,10,10,8,9,9,9,9,9,8,9,9,1,17151
1023,1,11A226,05,40091,1,1,0,02,9,7,8,10,9,9,9,10,9,10,10,9,8,7,5,5,5,6,2,5,4,4,3,9,10,9,10,9,10,3,7,10,8,9,10,1,17151
1023,7,11A218,05,40129,2,1,0,01,8,8,8,9,9,9,9,9,9,9,10,10,1,10,10,10,10,10,0,0,0,0,0,8,8,8,10,10,10,9,9,9,9,9,8,1,42909
1023,7,11A218,05,40129,4,1,0,01,10,8,8,8,9,7,8,8,7,8,10,8,4,7,6,6,6,7,2,3,3,3,2,8,8,8,8,7,8,8,8,8,8,8,8,1,25745
1023,7,11A218,05,40129,3,1,0,01,10,10,10,10,10,10,10,10,10,8,5,10,0,10,10,10,10,10,0,0,0,0,0,10,10,10,10,10,10,10,10,10,10,10,10,1,17164
1023,7,11A218,05,40129,1,1,0,01,8,8,9,9,10,9,9,10,10,9,6,8,5,9,9,9,9,9,1,1,1,1,1,10,9,10,9,9,8,7,8,9,7,6,6,1,17164
1023,3,12A224,05,40152,1,1,0,01,8,8,8,8,10,7,10,10,9,8,8,9,5,8,9,9,9,8,0,0,0,0,0,9,9,10,9,9,6,8,10,9,9,9,9,1,17953
1023,3,12A224,05,40152,4,1,0,01,7,7,7,10,10,10,10,10,10,10,10,10,1,10,8,5,5,10,0,1,5,0,0,7,7,8,10,10,0,5,0,5,8,10,10,1,17953
1023,3,12A224,05,40152,3,1,0,02,10,10,10,10,10,9,10,10,10,10,10,10,0,10,10,10,10,10,0,0,0,0,0,10,9,10,10,10,10,10,10,10,10,10,10,1,17953
1023,3,11A224,05,40153,3,1,0,01,8,8,9,9,10,9,9,10,10,9,9,9,2,9,9,8,9,9,0,0,1,0,0,9,9,9,10,10,10,7,8,7,7,8,8,1,21118
1023,3,11A224,05,40153,1,1,0,02,10,8,10,10,10,10,10,10,10,10,10,10,0,10,10,10,10,10,0,0,0,0,0,10,10,10,10,10,10,0,10,10,10,10,10,1,42236
1023,3,11A224,05,40153,4,1,0,02,5,5,6,6,8,7,7,7,7,7,8,7,6,7,5,7,8,8,3,5,3,2,2,8,5,5,6,7,7,5,6,6,6,6,6,1,42236
1023,3,11A224,05,40153,2,1,0,03,10,10,10,8,10,8,10,9,10,8,8,8,2,10,10,10,10,10,0,0,0,0,0,10,10,10,10,10,8,8,10,10,10,8,8,1,63355
1023,6,12B211,05,40191,1,1,0,01,10,5,10,8,10,10,10,10,10,10,10,10,7,10,6,7,7,10,0,4,3,0,0,10,10,10,10,10,10,0,10,10,10,0,0,1,32690
1023,6,12B211,05,40191,2,1,0,01,9,7,10,10,10,10,10,10,10,10,7,10,8,10,10,10,10,10,0,0,0,0,0,10,8,9,10,9,7,6,9,8,9,9,10,1,24517
1023,2,12A225,05,40249,1,1,0,01,4,10,6,8,10,8,10,10,10,10,10,10,10,10,6,6,10,10,0,3,3,0,0,3,6,10,10,10,10,5,10,10,10,10,10,1,7926
1023,2,12A225,05,40249,3,1,0,02,8,5,8,7,10,8,10,10,7,10,10,9,10,10,10,10,10,10,0,0,0,0,0,10,10,10,10,10,10,6,10,10,2,10,10,1,23779
1023,2,12A225,05,40249,4,1,0,03,10,10,10,10,10,10,10,10,10,10,10,10,1,9,9,5,9,10,1,1,4,1,0,10,10,10,10,10,10,10,10,10,10,10,8,1,23779
1023,2,12A225,05,40249,2,1,0,01,10,2,10,9,10,10,10,10,10,10,10,10,6,10,8,4,8,10,0,1,6,0,0,7,8,7,8,10,10,10,10,9,3,9,10,1,7926
1023,4,13A223,05,40309,4,1,0,01,8,5,9,9,9,9,9,10,10,10,8,10,0,10,10,9,10,10,0,0,1,0,0,8,8,8,10,10,8,10,10,8,10,10,10,1,32390
1023,4,13A223,05,40309,1,1,0,04,9,7,10,10,10,9,9,10,10,8,9,7,10,5,9,6,7,7,4,0,3,3,2,8,10,8,10,8,8,2,2,9,10,10,5,1,43186
1023,4,13A223,05,40309,3,1,0,02,9,8,9,10,10,10,10,10,10,9,5,8,3,7,8,8,8,8,2,1,2,2,1,8,9,8,9,8,8,8,8,9,10,10,10,1,43186
1023,4,13A223,05,40309,2,1,0,01,9,9,10,10,10,10,10,10,10,10,10,10,0,8,6,6,6,5,0,3,3,3,0,9,8,9,9,9,9,5,9,9,7,8,9,1,21593
1023,1,12A226,05,40312,2,1,0,02,8,8,6,8,10,9,7,10,10,8,7,9,6,6,6,6,6,7,3,3,0,0,3,9,6,10,5,8,2,7,5,9,9,10,9,1,16973
1023,1,12A226,05,40312,1,1,0,01,8,8,10,10,10,10,10,10,10,10,10,10,0,10,9,10,10,10,0,1,0,0,0,9,9,9,10,8,10,10,10,10,10,10,10,1,33947
1023,1,12A226,05,40312,4,1,0,02,8,9,10,10,10,10,10,10,10,10,8,10,7,6,7,7,8,9,4,3,2,2,0,8,9,9,9,9,6,5,8,8,8,9,9,1,25460
1023,5,12B212,05,40323,4,1,0,03,10,10,10,8,10,10,10,10,10,10,7,10,9,10,10,5,10,10,0,0,5,0,0,10,10,10,10,10,5,10,10,10,10,8,8,1,29703
1023,5,12B212,05,40323,1,1,0,01,3,3,6,10,10,10,10,10,5,10,0,10,1,10,10,10,10,10,0,0,0,0,0,10,10,10,10,10,8,3,10,10,10,10,5,1,9901
1023,5,12B212,05,40323,3,1,0,01,9,9,10,10,10,8,10,10,10,10,10,10,2,8,8,9,9,9,1,1,0,0,0,8,8,10,9,10,10,8,10,10,10,10,10,1,9901
1023,5,12B212,05,40323,2,1,0,06,10,10,10,10,10,10,10,10,10,10,10,10,1,9,10,10,10,10,1,0,0,0,0,10,10,10,10,10,10,10,10,10,10,10,10,1,19802
1023,8,12A217,05,40348,3,1,1,02,10,7,10,8,10,7,10,10,10,10,10,10,10,5,5,7,5,3,5,4,2,5,6,10,10,10,10,10,10,0,10,10,10,5,0,1,30619
1023,8,12A217,05,40348,1,1,0,01,10,8,10,7,10,9,10,8,10,10,5,9,6,10,8,10,8,7,0,0,0,0,0,10,10,10,8,10,10,9,10,10,10,9,8,1,7655
1023,8,12A217,05,40348,2,1,0,04,8,7,10,10,10,10,10,10,10,10,10,9,2,5,6,6,9,6,4,3,4,1,0,9,10,10,10,9,6,6,8,8,6,8,6,1,30619
1023,8,12A217,05,40348,4,1,0,01,9,8,9,8,10,9,9,10,10,9,10,8,9,9,4,9,8,9,1,6,1,1,1,9,10,9,8,8,7,8,9,9,7,7,9,1,7655
1023,4,11A223,05,40371,1,1,0,02,7,7,5,7,8,8,8,8,8,9,9,7,6,5,5,5,5,5,5,5,5,5,5,5,5,7,7,6,6,5,7,5,5,5,5,1,19898
1023,4,11A223,05,40371,3,1,0,02,8,9,7,8,10,7,9,10,9,8,10,9,7,5,6,5,6,6,4,4,4,3,4,9,10,9,7,9,8,7,8,9,7,9,9,1,29848
1023,4,11A223,05,40371,4,1,0,02,10,10,10,10,10,10,10,10,10,10,10,10,1,9,8,10,10,10,1,1,0,0,0,10,10,10,9,10,9,9,10,10,7,8,8,1,19898
1023,4,11A223,05,40371,2,1,0,03,8,10,5,10,10,10,10,10,10,10,10,10,9,5,5,6,7,4,4,3,3,3,3,9,5,9,10,10,8,5,7,8,8,8,6,1,39797
1023,8,11A217,05,40381,4,1,0,02,9,7,9,10,10,9,10,9,10,10,10,9,4,8,10,10,8,9,1,0,0,1,0,9,9,8,9,9,8,7,8,7,3,9,9,1,14893
1023,8,11A217,05,40381,3,1,0,05,7,5,8,9,10,6,8,10,10,10,10,10,4,10,10,7,10,10,0,0,2,0,0,8,10,6,6,5,3,0,8,6,0,5,5,1,29785
1023,5,12B212,05,40419,4,1,0,01,9,9,10,10,9,10,10,10,10,10,10,10,0,7,5,7,10,8,2,4,2,0,0,8,10,10,8,8,6,7,10,9,7,8,6,1,8903
1023,5,12B212,05,40419,1,1,0,01,10,10,10,10,10,10,10,10,10,10,10,10,1,10,9,9,10,10,0,1,1,0,0,10,10,10,10,10,7,5,10,10,10,10,10,1,35611
1023,5,12B212,05,40419,3,1,0,01,8,8,8,7,6,7,8,7,5,9,7,9,8,5,4,4,5,4,4,5,5,5,6,9,6,9,9,9,10,8,9,8,9,9,10,1,17805
1023,5,12B212,05,40419,2,1,0,01,8,8,8,8,9,8,9,10,9,9,9,9,2,8,8,9,9,8,0,1,0,0,0,9,9,10,10,8,8,6,10,10,10,10,8,1,26708
1023,3,11A224,06,40024,1,1,0,01,8,9,6,8,5,4,6,7,7,5,5,5,4,4,3,3,4,5,6,6,3,5,5,8,7,6,6,8,6,6,8,9,8,8,7,1,7369
1023,3,11A224,06,40024,3,1,0,01,10,9,8,9,9,10,8,8,8,9,10,8,5,8,9,8,8,7,0,1,2,2,2,9,7,8,8,9,9,6,9,10,9,9,10,1,7369
1023,3,11A224,06,40024,2,1,0,02,9,9,10,8,9,10,9,10,9,10,9,9,9,8,5,7,8,8,2,3,2,2,2,8,10,9,10,9,9,5,9,9,9,8,8,1,22106
1023,3,11A224,06,40024,4,1,0,01,5,7,4,4,8,6,3,1,5,4,9,5,10,5,3,2,2,0,3,7,4,8,10,2,8,1,4,3,2,0,5,3,8,7,6,1,14738
1023,7,11A218,06,40063,4,1,0,01,8,7,8,10,9,10,10,10,10,10,10,10,0,9,9,8,4,5,1,1,1,5,5,10,10,10,8,9,10,3,10,10,9,8,9,1,7111
1023,7,11A218,06,40063,3,1,0,01,10,10,9,10,8,9,10,10,9,10,10,10,1,8,9,10,8,8,1,0,0,1,0,9,10,9,10,9,10,7,9,9,8,7,7,1,14222
1023,7,11A218,06,40063,1,1,0,01,8,8,9,8,9,9,10,8,8,8,9,8,5,7,5,7,8,8,2,4,2,1,0,8,9,10,8,8,6,5,8,10,8,8,7,1,7111
1023,7,11A218,06,40063,2,1,0,01,8,8,9,8,8,8,9,7,6,9,8,9,5,6,4,6,7,6,3,5,4,3,2,7,9,6,9,8,9,5,8,8,8,6,7,1,14222
1023,3,13A224,06,40152,1,1,0,03,8,9,8,9,9,9,7,8,6,10,7,10,4,7,5,8,7,3,3,5,2,3,6,8,10,7,6,7,8,1,7,9,7,5,5,1,17955
1023,3,13A224,06,40152,4,1,0,02,9,9,9,9,9,9,10,10,10,10,9,10,9,9,8,8,9,10,1,1,1,0,0,7,8,7,10,9,10,5,8,9,8,9,8,1,26933
1023,3,13A224,06,40152,3,1,0,02,8,9,9,8,10,10,10,10,8,10,10,10,8,9,8,8,8,10,1,2,1,1,0,8,9,9,8,8,9,4,9,9,9,9,9,1,17955
1023,3,13A224,06,40152,2,1,0,02,9,8,9,9,10,8,9,9,7,10,10,9,3,8,8,4,9,10,0,2,5,0,0,9,10,10,10,10,10,5,10,10,8,8,8,1,17955
1023,2,12A225,06,40187,1,1,0,01,9,9,8,9,9,8,9,8,9,8,8,9,8,8,7,5,8,5,1,2,5,1,4,9,8,9,8,7,8,8,8,8,10,9,8,1,23471
1023,2,12A225,06,40187,4,1,0,02,7,7,8,6,6,9,7,5,8,10,10,7,6,5,1,4,2,2,1,8,6,2,8,6,3,6,10,4,2,5,3,10,10,8,9,1,15647
1023,2,12A225,06,40187,2,1,0,02,8,9,10,8,9,7,10,10,6,10,8,10,2,8,8,9,9,9,0,2,1,0,1,8,10,8,10,8,8,7,10,9,10,9,10,1,23471
1023,5,12B212,06,40190,1,1,0,02,7,7,7,9,10,9,10,8,6,10,9,10,3,9,8,9,9,8,0,2,1,1,0,9,10,9,10,8,9,7,9,10,8,4,7,1,25229
1023,5,12B212,06,40190,4,1,1,01,7,4,8,9,8,7,9,9,8,9,7,7,2,5,6,6,6,5,3,4,3,4,3,9,10,8,10,8,8,4,8,10,9,8,8,1,16819
1023,5,12B212,06,40190,3,1,0,01,10,9,9,7,10,9,8,9,7,10,10,10,6,7,6,4,5,6,0,3,5,2,4,7,8,9,10,9,8,7,9,10,9,8,8,1,16819
1023,6,13B211,06,40193,4,1,0,01,10,8,10,10,10,10,10,10,7,10,8,10,3,8,7,9,9,7,1,0,0,1,0,9,10,9,10,9,10,5,10,10,10,8,8,1,42459
1023,6,13B211,06,40193,3,1,0,01,10,8,10,10,10,8,9,10,7,10,9,9,2,7,9,10,9,8,2,1,0,0,0,8,10,9,7,8,9,6,9,10,10,9,8,1,10615
1023,6,13B211,06,40193,1,1,0,02,10,7,9,10,10,8,9,7,8,10,10,8,9,7,7,7,8,7,2,2,2,2,0,8,8,8,8,7,9,7,9,10,10,8,8,1,21230
1023,6,13B211,06,40193,2,1,0,01,8,8,9,9,8,7,9,6,8,9,10,8,5,6,4,7,7,7,4,5,2,2,3,7,8,8,6,7,8,6,7,9,7,7,7,1,21230
1023,2,11A225,06,40278,4,1,0,01,8,8,10,6,8,6,7,8,5,9,10,8,4,6,5,5,7,3,2,4,4,2,2,7,10,9,10,7,8,6,9,9,6,8,8,1,6881
1023,2,11A225,06,40278,2,1,0,01,8,3,10,7,7,8,8,8,5,10,5,6,6,2,1,4,3,2,8,9,5,4,7,6,8,8,7,6,9,0,7,10,10,7,5,1,13761
1023,2,11A225,06,40278,3,1,0,01,9,10,10,10,10,9,10,10,7,10,10,9,2,8,6,5,9,8,1,4,3,1,1,10,8,10,10,9,10,8,10,10,10,9,9,1,13761
1023,6,11B211,06,40286,3,1,1,01,10,9,9,10,10,8,8,9,8,10,8,8,5,8,8,9,9,10,0,2,1,0,0,9,10,9,10,10,9,6,9,9,8,8,8,1,12847
1023,6,11B211,06,40286,2,1,0,01,9,9,8,7,9,8,9,7,5,9,10,10,5,6,5,8,8,7,4,4,2,2,0,7,10,9,10,9,10,4,9,10,7,8,7,1,12847
1023,6,11B211,06,40286,4,1,0,01,10,8,9,7,10,8,10,8,9,10,8,9,3,7,6,7,8,8,2,1,0,2,1,9,10,10,10,9,9,3,7,10,7,5,5,1,12847
1023,6,11B211,06,40286,1,1,1,01,10,6,9,10,10,8,10,10,9,10,8,7,3,7,6,7,6,7,3,4,2,3,3,8,10,8,10,9,10,2,9,10,7,7,7,1,6424
1023,1,12A226,06,40313,1,1,0,01,9,9,10,10,9,9,10,9,9,10,10,10,2,8,8,8,9,8,1,2,1,1,2,9,10,9,8,9,9,4,9,9,9,8,7,1,15481
1023,1,12A226,06,40313,3,1,0,02,9,9,10,9,10,10,10,10,9,8,9,8,2,4,5,9,9,10,6,4,0,0,0,8,9,9,8,9,10,7,9,10,10,10,9,1,15481
1023,1,12A226,06,40313,4,1,0,02,10,5,10,9,10,8,7,10,5,9,10,9,10,3,6,9,7,9,0,0,1,0,0,8,10,5,5,9,8,4,10,10,10,9,8,1,15481
1023,1,12A226,06,40313,2,1,0,01,9,8,8,8,9,8,8,9,9,8,8,7,8,5,6,5,6,4,4,4,4,4,5,9,9,10,9,8,9,3,8,9,9,8,8,1,7741
1023,4,12A223,06,40342,3,1,0,02,9,6,8,7,9,9,8,8,9,8,10,8,4,7,7,7,10,5,3,3,3,0,0,9,9,8,8,8,9,4,10,8,7,5,8,1,12867
1023,4,12A223,06,40342,4,1,0,02,9,8,10,9,10,8,10,10,9,10,10,10,2,7,5,6,7,7,3,5,3,3,2,8,10,9,9,9,9,4,7,10,8,8,9,1,12867
1023,4,12A223,06,40342,1,1,0,02,10,10,10,9,10,8,10,10,7,10,10,10,2,8,8,8,9,7,1,1,1,0,0,9,10,10,10,9,10,3,8,8,8,8,8,1,12867
1023,4,12A223,06,40342,2,1,0,01,8,8,9,8,9,9,9,9,9,8,8,9,8,7,8,6,6,8,2,2,3,3,2,8,8,10,10,10,9,8,10,10,9,8,8,1,19300
1023,8,13A217,06,40381,3,1,1,01,9,8,10,10,10,9,10,10,3,10,8,8,2,9,8,9,10,9,1,1,1,0,0,10,10,10,10,9,9,5,9,10,9,9,8,1,9256
1023,8,13A217,06,40381,4,1,1,01,8,8,9,9,9,8,9,9,10,9,10,9,9,9,9,8,9,8,1,1,1,1,0,8,9,10,10,8,10,2,10,9,7,9,8,1,9256
1023,8,13A217,06,40381,2,1,0,02,6,7,8,5,5,4,6,4,5,5,7,4,7,3,2,5,4,5,4,7,5,4,5,5,8,5,3,5,5,3,5,8,8,7,6,1,18513
1023,8,13A217,06,40381,1,1,0,01,8,8,9,6,9,7,7,8,6,8,9,7,5,4,2,3,4,4,5,7,6,3,3,7,9,5,6,5,7,3,7,6,6,7,7,1,9256
1023,8,11A217,06,40409,3,1,1,01,8,7,7,6,10,8,10,7,7,7,8,9,6,5,4,5,5,6,4,5,4,4,3,7,8,7,6,6,8,4,7,9,8,8,6,1,8067
1023,8,11A217,06,40409,4,1,0,02,9,10,9,10,10,10,10,10,8,10,10,9,4,7,6,9,9,7,3,4,1,1,1,9,9,10,9,10,10,5,9,10,9,9,7,1,16134
1023,8,11A217,06,40409,1,1,0,01,10,10,10,10,10,10,10,10,8,10,10,10,10,9,8,8,10,9,1,2,1,0,1,9,10,10,10,8,10,4,10,9,9,7,7,1,8067
1023,3,12A224,07,40054,1,1,0,01,8,10,10,5,10,9,7,5,10,10,0,5,0,8,8,8,8,9,0,0,0,0,0,7,8,7,6,10,10,0,8,9,10,1,0,1,15853
1023,3,12A224,07,40054,2,1,0,03,7,7,8,8,9,8,9,9,7,9,7,9,2,8,10,6,10,7,0,0,3,0,0,8,8,9,9,8,8,8,10,9,9,8,8,1,23779
1023,3,12A224,07,40054,3,1,0,01,8,8,8,10,10,10,10,10,10,10,8,10,0,10,10,10,10,10,0,0,0,0,0,8,10,10,10,10,8,10,10,10,8,8,8,1,15853
1023,7,12A218,07,40059,4,1,1,01,8,9,10,10,10,10,10,10,10,10,10,10,6,7,5,7,9,7,3,5,2,1,3,7,10,10,7,10,6,10,10,10,10,8,7,1,7766
1023,7,12A218,07,40059,3,1,0,03,9,8,9,10,10,10,10,10,10,10,10,9,5,6,2,5,7,8,3,7,4,2,0,7,8,9,8,9,5,9,7,9,8,6,9,1,31065
1023,7,12A218,07,40059,1,1,0,02,10,9,10,9,10,9,10,10,10,10,10,10,9,7,10,9,9,9,2,0,0,0,0,9,9,10,10,9,10,8,10,8,8,5,0,1,31065
1023,7,12A218,07,40059,2,1,0,01,7,7,6,6,8,9,8,8,9,8,8,8,8,6,6,5,7,7,4,3,4,3,3,5,4,8,8,6,0,0,4,5,5,0,0,1,7766
1023,7,11A218,07,40065,1,1,0,01,10,10,10,10,10,10,10,10,10,10,10,10,2,10,10,10,10,10,0,0,0,0,0,9,10,9,9,9,2,8,9,8,10,9,9,1,30904
1023,7,11A218,07,40065,2,1,0,02,8,8,10,9,10,10,10,10,9,9,7,8,5,9,9,10,9,10,1,1,0,0,0,8,9,8,8,8,9,6,10,6,9,6,6,1,61808
1023,7,11A218,07,40065,3,1,0,03,7,7,8,8,8,9,10,8,7,7,10,8,6,10,10,8,10,10,0,0,1,0,0,9,8,8,9,9,10,7,10,9,10,8,8,1,92711
1023,7,11A218,07,40065,4,1,0,01,6,6,8,8,10,8,8,6,8,8,5,6,6,9,6,5,6,5,1,3,4,4,4,7,6,8,7,7,9,5,8,6,6,8,8,1,92711
1023,2,11A225,07,40217,1,1,0,02,8,6,10,8,8,8,8,7,10,8,6,10,7,7,6,8,7,9,2,3,0,3,0,9,5,9,10,6,9,4,10,7,8,5,5,1,16412
1023,2,11A225,07,40217,4,1,0,04,7,6,7,8,10,10,10,10,8,9,10,8,2,8,8,8,8,8,0,1,1,0,1,9,9,9,9,8,7,6,8,8,8,6,6,1,32824
1023,2,11A225,07,40217,3,1,0,01,8,8,8,6,10,8,8,8,8,8,8,8,8,4,4,5,4,4,5,5,4,5,6,6,7,8,9,6,3,2,8,6,9,7,6,1,8206
1023,2,11A225,07,40217,2,1,0,02,5,5,5,8,10,10,10,10,10,10,10,10,8,10,7,7,7,10,0,2,2,2,0,10,5,5,8,10,10,10,10,10,5,8,5,1,16412
1023,6,11B211,07,40258,3,1,0,03,10,9,10,10,10,10,10,10,10,10,10,10,5,9,9,10,10,9,1,1,0,0,0,10,10,10,10,10,9,2,10,10,10,10,9,1,74992
1023,6,11B211,07,40258,1,1,0,02,7,8,8,8,10,9,9,8,8,8,10,8,8,8,9,5,8,9,1,0,4,1,1,8,7,8,8,8,9,8,9,8,8,8,8,1,37496
1023,6,11B211,07,40258,4,1,0,01,8,7,6,9,10,8,10,10,9,10,8,8,6,6,8,6,9,8,3,2,2,0,0,9,8,9,10,7,6,5,8,8,10,7,9,1,56244
1023,6,11B211,07,40258,2,1,0,01,10,9,10,10,9,10,9,10,9,10,10,9,4,9,5,10,10,9,1,4,0,0,0,10,10,10,9,10,10,9,10,10,10,9,10,1,37496
1023,4,12A223,07,40338,2,1,0,01,10,10,10,10,10,10,10,10,10,6,7,10,0,9,8,10,10,8,1,1,0,0,0,10,10,10,10,10,10,0,10,10,10,0,0,1,8384
1023,4,12A223,07,40338,4,1,0,01,8,8,8,8,9,9,9,9,8,8,8,8,8,9,7,9,9,8,0,3,0,0,0,9,8,8,8,8,8,7,8,8,8,8,8,1,8384
1023,4,12A223,07,40338,3,1,0,04,5,7,6,9,7,9,8,9,9,9,0,5,1,8,8,9,10,9,2,0,1,0,0,7,9,8,8,9,9,1,8,6,6,2,5,1,41922
1023,4,12A223,07,40338,1,1,0,01,9,9,10,9,10,9,9,9,9,9,5,10,0,9,9,5,7,8,1,1,4,2,0,9,10,9,10,10,0,0,10,9,8,8,6,1,8384
1023,5,11B212,07,40354,3,1,0,02,8,8,9,10,10,10,10,10,9,10,10,10,8,5,5,5,8,9,5,4,4,0,0,9,9,9,9,10,9,8,8,9,10,7,7,1,23963
1023,5,11B212,07,40354,4,1,0,01,8,10,9,9,10,9,10,9,8,10,10,9,8,10,9,10,10,10,0,1,0,0,0,8,8,8,8,8,8,7,8,8,6,6,6,1,5991
1023,5,11B212,07,40354,2,1,0,01,9,8,9,9,9,9,9,9,9,9,10,10,1,8,7,8,8,9,1,3,2,1,0,9,9,9,9,6,6,6,10,9,8,7,7,1,23963
1023,5,11B212,07,40354,1,1,0,02,10,10,8,9,10,8,10,10,10,10,10,10,8,10,10,10,10,10,0,0,0,0,0,10,10,10,10,10,10,5,10,10,10,8,8,1,11982
1023,4,11A223,07,40369,4,1,1,02,10,10,10,8,10,8,10,10,6,7,10,7,8,9,9,8,10,10,1,1,1,0,0,10,10,10,10,10,8,5,8,6,7,10,10,1,14117
1023,4,11A223,07,40369,1,1,0,01,10,10,10,10,10,10,10,10,10,10,5,10,10,10,10,10,10,10,0,0,0,0,0,8,8,8,8,8,8,5,10,10,10,9,10,1,14117
1023,4,11A223,07,40369,2,1,0,02,8,8,10,10,10,10,10,10,10,9,9,10,7,9,9,9,10,10,0,1,1,0,0,8,10,9,10,10,8,5,9,5,8,5,5,1,14117
1023,8,11A217,07,40379,2,1,1,01,6,7,9,6,10,8,6,6,8,8,8,8,8,10,10,10,10,10,0,0,0,0,0,8,8,8,8,6,6,5,8,8,8,6,5,1,22916
1023,8,11A217,07,40379,3,1,0,03,8,8,9,10,10,10,10,10,10,10,10,10,8,10,9,10,9,10,0,0,0,0,0,8,10,7,6,9,7,3,10,8,8,5,7,1,22916
1023,8,11A217,07,40379,4,1,0,02,8,8,8,8,9,8,8,8,8,8,8,6,8,9,9,9,9,9,0,0,0,0,0,8,8,8,9,8,8,8,8,8,8,8,8,1,30554
1023,1,13A226,07,40408,2,1,0,01,9,7,10,8,10,10,10,10,8,10,10,10,10,10,8,6,10,10,0,1,4,0,0,9,10,10,8,10,3,2,10,10,10,10,9,1,8976
1023,1,13A226,07,40408,1,1,0,02,7,9,8,9,8,8,9,9,8,10,10,8,7,10,10,10,10,9,0,0,0,0,0,7,10,8,10,10,10,9,9,10,10,8,7,1,17952
1023,1,11A226,07,40412,1,1,0,02,9,9,8,9,10,10,10,10,10,10,10,10,7,7,8,8,9,9,3,2,1,1,1,8,7,7,8,8,8,4,9,9,6,3,3,1,14882
1023,1,11A226,07,40412,3,1,0,01,10,10,10,10,10,10,10,10,10,10,10,10,0,10,8,8,9,9,0,2,1,0,0,10,10,10,10,10,10,7,10,10,10,7,7,1,7441
1023,1,11A226,07,40412,4,1,0,01,8,8,9,9,9,7,8,10,10,7,8,8,4,8,7,7,9,5,0,2,3,1,1,7,7,6,7,7,8,9,10,7,8,6,9,1,7441
1023,1,11A226,07,40412,2,1,0,01,7,5,7,9,9,7,9,10,10,8,3,7,3,7,4,7,8,5,2,5,2,2,2,6,8,8,6,9,10,3,7,7,7,2,2,1,7441
1023,5,11B212,07,40418,4,1,1,02,10,8,10,9,10,10,10,9,10,10,9,10,8,5,5,4,8,9,5,5,5,1,1,9,10,9,9,10,8,7,10,8,7,8,9,1,18439
1023,5,11B212,07,40418,1,1,0,01,10,10,10,10,10,10,8,10,10,8,0,9,0,10,10,10,10,9,0,0,0,0,1,10,10,10,10,10,10,10,10,10,10,10,10,1,9219
1023,5,11B212,07,40418,3,1,0,02,9,9,9,10,9,9,9,8,9,9,10,9,7,8,9,5,9,9,1,1,5,1,1,10,9,8,9,9,9,8,10,7,8,7,6,1,18439
1023,5,11B212,07,40418,2,1,0,02,8,7,8,9,10,8,9,9,9,8,8,9,9,4,4,4,5,5,5,5,5,5,5,9,8,9,9,9,8,9,9,9,9,9,8,1,18439
1023,3,12A224,08,40024,1,1,0,01,8,8,8,9,10,7,9,9,10,8,3,8,7,8,8,8,8,8,1,1,0,1,2,9,8,8,8,8,9,4,6,9,9,9,8,1,15148
1023,3,12A224,08,40024,3,1,0,04,7,8,10,10,10,10,10,8,10,8,0,10,0,10,10,10,10,10,0,0,0,0,0,10,10,8,7,7,10,7,10,10,7,8,8,1,22722
1023,3,12A224,08,40024,2,1,0,01,10,10,10,10,10,10,10,10,10,10,10,10,0,10,10,10,10,10,0,0,0,0,0,10,10,10,10,10,10,5,10,10,10,10,10,1,15148
1023,3,12A224,08,40024,4,1,0,01,10,10,10,10,10,10,10,10,10,10,10,10,0,10,10,10,10,10,0,0,0,0,0,10,10,10,10,10,10,6,10,10,10,10,10,1,15148
1023,3,13A224,08,40026,4,1,0,02,10,10,10,10,10,10,10,10,10,0,0,5,0,10,10,5,7,6,0,0,0,0,0,8,10,10,10,5,3,4,9,9,9,9,5,1,55737
1023,3,13A224,08,40026,3,1,0,03,10,10,10,7,10,8,10,10,9,10,6,8,4,8,9,9,7,8,0,0,0,0,0,8,10,8,8,9,3,7,5,8,8,7,7,1,92894
1023,3,13A224,08,40026,1,1,0,01,8,7,9,9,10,10,10,9,10,9,10,9,0,8,7,8,8,7,2,2,1,0,0,10,10,10,9,9,9,6,9,10,10,9,8,1,55737
1023,7,12A218,08,40028,1,1,0,02,8,8,8,8,9,9,9,9,9,9,7,8,4,9,9,5,7,8,0,0,0,0,1,9,8,8,8,8,7,8,8,8,9,9,8,1,23081
1023,7,12A218,08,40028,2,1,0,03,8,10,10,10,10,10,9,10,10,10,8,8,0,10,5,5,10,5,0,0,0,0,0,8,10,8,10,10,10,8,8,8,10,8,8,1,15387
1023,7,12A218,08,40028,4,1,0,01,7,7,0,10,10,10,10,10,10,10,0,10,0,10,10,10,10,5,0,0,0,0,0,5,5,5,5,10,10,2,10,10,5,7,7,1,15387
1023,7,12A218,08,40028,3,1,0,01,10,10,10,10,10,10,10,10,10,10,7,10,0,10,10,10,10,10,0,0,0,0,0,8,10,8,10,10,10,7,8,10,10,8,8,1,23081
1023,2,11A225,08,40186,4,1,0,02,8,8,10,10,10,10,10,10,10,10,10,10,0,10,5,8,10,10,0,0,0,0,0,10,10,10,10,10,10,10,10,10,10,10,10,1,22126
1023,2,11A225,08,40186,3,1,0,01,9,6,10,10,10,10,10,10,10,10,10,10,1,7,10,10,10,10,3,0,0,0,0,10,9,10,10,10,10,6,10,10,10,10,10,1,29502
1023,2,11A225,08,40186,1,1,0,01,10,10,10,10,10,10,10,10,10,10,10,10,0,10,10,10,10,10,0,0,0,0,0,10,10,10,10,10,10,10,10,10,10,10,10,1,7375
1023,2,11A225,08,40186,2,1,0,01,10,10,10,10,10,10,10,10,10,10,0,8,10,10,10,10,10,10,0,0,0,0,0,8,10,8,10,10,10,0,8,10,8,5,0,1,7375
1023,6,13B211,08,40223,2,1,0,01,7,6,6,6,10,7,7,5,10,5,0,8,7,6,4,8,8,2,0,1,1,1,1,7,6,4,7,8,10,2,9,9,9,7,5,1,19632
1023,6,13B211,08,40223,1,1,0,02,7,5,10,4,10,10,10,10,10,10,10,7,0,0,5,5,0,5,5,2,0,0,0,7,4,5,5,5,7,2,9,10,10,10,0,1,19632
1023,6,13B211,08,40223,4,1,0,01,6,7,7,6,7,5,7,7,10,6,2,6,5,5,5,5,5,5,5,5,5,5,5,5,5,5,5,5,4,6,3,4,4,3,3,1,9816
1023,2,12A225,08,40285,4,1,0,01,8,6,10,10,10,10,10,10,10,10,4,10,5,10,5,5,5,5,0,0,0,0,0,5,7,8,10,5,5,3,10,10,6,5,10,1,7952
1023,2,12A225,08,40285,3,1,0,01,10,10,10,10,10,10,10,10,10,10,10,10,0,10,10,10,10,10,0,0,0,0,0,10,10,10,10,10,10,10,10,10,10,10,10,1,7952
1023,6,11B211,08,40287,4,1,0,01,10,10,10,10,10,10,10,10,10,10,10,10,0,10,10,10,10,5,0,0,0,0,5,10,10,10,10,10,10,5,10,10,10,10,5,1,37210
1023,6,11B211,08,40287,2,1,0,01,10,10,10,10,10,10,9,9,9,9,8,9,9,9,9,10,10,8,1,1,0,0,0,8,8,8,8,8,7,6,8,8,8,8,8,1,24807
1023,6,11B211,08,40287,1,1,0,01,10,10,10,10,10,10,10,10,10,10,5,10,7,10,10,10,10,10,0,0,0,0,0,8,7,10,10,10,10,7,10,10,10,10,10,1,12403
1023,8,13A217,08,40315,3,1,0,01,8,7,8,9,10,10,9,10,10,10,7,8,5,8,7,5,9,7,1,2,5,0,0,9,6,9,8,8,9,4,9,9,9,7,3,1,20545
1023,8,13A217,08,40315,2,1,0,01,9,8,10,10,10,10,10,10,10,10,10,10,0,8,8,8,8,9,0,0,0,0,0,10,10,10,10,10,10,6,10,10,10,10,10,1,30817
1023,8,13A217,08,40315,1,1,0,01,8,8,8,9,10,10,8,10,10,10,7,7,9,10,10,8,9,10,0,0,0,0,0,9,10,8,10,8,10,7,9,10,10,8,8,1,20545
1023,8,13A217,08,40315,4,1,0,02,8,8,9,9,9,9,9,10,10,10,7,8,5,8,8,8,8,8,1,2,1,1,1,9,8,9,9,9,9,5,9,9,9,8,9,1,30817
1023,4,12A223,08,40338,3,1,0,01,9,9,10,10,10,10,10,10,10,10,10,10,3,10,10,10,10,10,0,0,0,0,0,8,9,9,10,10,10,7,10,10,10,10,10,1,15985
1023,4,12A223,08,40338,1,1,0,01,8,6,10,8,10,10,10,10,10,10,9,10,6,10,10,5,10,5,0,0,0,0,0,8,8,8,8,10,10,7,10,10,10,8,7,1,7992
1023,4,12A223,08,40338,4,1,0,01,9,10,10,10,10,10,10,10,10,10,10,10,0,10,10,10,10,10,0,0,0,0,0,10,8,10,10,10,10,10,10,10,10,10,10,1,15985
1023,4,12A223,08,40338,2,1,0,01,10,3,10,0,10,10,10,10,10,10,10,10,0,10,10,10,10,5,0,0,0,0,0,10,10,10,10,10,10,10,10,10,10,10,10,1,15985
1023,1,12A226,08,40344,1,1,0,02,10,10,10,9,10,10,10,10,10,10,8,10,7,10,5,10,10,10,0,0,0,0,0,9,10,10,10,8,7,7,9,10,5,7,7,1,18516
1023,1,12A226,08,40344,3,1,0,02,7,10,10,10,10,10,10,10,10,10,10,10,0,8,10,5,10,5,0,0,0,0,0,10,10,10,10,10,10,10,10,10,10,10,10,1,27775
1023,1,12A226,08,40344,2,1,0,02,10,10,10,10,10,10,10,10,10,10,0,10,0,10,10,10,10,10,0,0,0,0,0,10,10,10,10,10,10,5,10,10,10,10,10,1,27775
1023,1,12A226,08,40344,4,1,0,01,10,10,10,10,10,10,10,10,10,10,10,10,0,10,10,10,10,10,0,0,0,0,0,10,10,10,10,10,10,5,10,10,5,10,10,1,18516
1023,5,12B212,08,40352,2,1,0,02,10,8,10,10,10,10,10,10,10,10,10,10,10,5,5,5,10,5,5,5,5,0,5,10,10,5,5,5,10,8,10,10,10,5,5,1,24740
1023,5,12B212,08,40352,3,1,0,03,7,8,8,9,9,9,9,9,10,10,9,9,10,10,8,9,10,0,0,2,1,0,8,8,8,9,9,9,10,8,10,10,10,10,7,1,24740
1023,5,12B212,08,40352,1,1,1,01,9,7,6,10,5,7,10,10,7,10,10,9,8,8,6,9,8,9,2,4,1,2,1,8,8,7,9,9,10,7,10,9,8,7,8,1,16493
1023,8,12A217,08,40413,1,1,0,01,10,10,10,10,10,10,10,10,10,10,10,10,0,10,10,10,10,10,0,0,0,0,0,10,10,10,10,10,10,10,10,10,10,10,10,1,16819
1023,8,12A217,08,40413,2,1,0,02,10,10,10,10,10,10,10,10,10,10,10,10,3,8,8,9,9,8,2,2,1,1,2,7,10,10,10,10,10,6,10,8,8,8,8,1,16819
1023,8,12A217,08,40413,3,1,0,01,5,5,5,5,5,6,6,5,5,5,5,5,5,6,6,5,6,5,4,0,3,3,4,4,7,6,4,5,6,5,6,7,7,7,8,1,8410
1023,3,11A224,09,40032,2,1,1,01,9,9,9,9,9,9,9,9,9,10,6,9,3,10,9,9,9,9,0,1,1,1,1,8,10,10,10,10,10,7,10,9,8,8,8,1,13363
1023,3,11A224,09,40032,1,1,0,01,10,10,10,10,10,10,10,10,10,10,7,10,4,9,9,9,9,9,1,1,1,1,1,8,10,10,10,10,10,7,10,8,7,8,8,1,6682
1023,3,11A224,09,40032,3,1,1,01,9,9,9,9,9,9,9,9,9,9,9,9,4,9,9,9,9,9,1,1,1,1,1,9,9,9,9,9,9,9,9,9,9,9,9,1,20045
1023,3,11A224,09,40032,4,1,0,01,10,10,10,10,10,10,10,10,10,10,6,10,2,10,9,9,9,9,0,1,1,1,1,10,10,10,10,10,10,10,10,10,10,10,10,1,13363
1023,3,12A224,09,40037,4,1,0,01,8,7,8,6,7,4,4,7,9,8,0,7,7,8,8,8,8,8,0,1,2,1,2,8,8,8,7,8,6,8,3,9,6,10,9,1,7072
1023,3,12A224,09,40037,2,1,0,01,9,9,10,10,10,10,10,10,10,10,8,10,10,10,10,10,10,10,0,0,0,0,0,10,10,10,10,10,10,7,10,10,9,7,10,1,14144
1023,3,12A224,09,40037,3,1,1,01,7,7,8,8,9,9,8,8,9,9,8,8,5,5,5,4,6,8,4,5,5,3,0,8,8,8,8,9,7,7,7,7,7,7,8,1,21217
1023,3,12A224,09,40037,1,1,0,01,7,7,9,9,10,10,10,10,10,10,0,8,8,5,5,2,3,5,0,3,2,5,0,8,10,8,10,10,8,0,8,5,7,3,2,1,7072
1023,3,12A224,09,40039,1,1,0,02,9,10,9,9,9,9,9,9,9,8,7,9,0,9,9,9,10,10,0,0,0,0,0,8,8,9,8,8,8,3,9,8,8,7,5,1,18839
1023,3,12A224,09,40039,4,1,0,01,7,7,8,7,7,7,8,7,7,7,7,6,5,6,8,6,7,7,3,0,0,0,0,7,6,6,8,7,7,3,6,8,7,7,3,1,9419
1023,3,12A224,09,40039,3,1,0,01,9,9,9,9,9,10,8,8,9,8,8,8,5,9,9,9,10,8,0,0,0,0,0,8,8,8,9,9,9,4,9,9,8,7,5,1,18839
1023,7,11A218,09,40046,3,1,0,01,8,8,9,8,8,9,10,8,7,9,8,10,1,7,8,8,8,8,1,2,2,2,2,8,8,10,9,9,7,5,9,9,8,9,9,1,11176
1023,7,11A218,09,40046,2,1,0,02,8,9,8,9,8,8,10,9,8,10,8,10,2,8,8,6,8,8,2,2,4,2,2,8,9,10,9,9,8,6,8,8,8,8,8,1,22352
1023,7,11A218,09,40046,4,1,0,02,8,8,8,8,8,8,10,8,8,8,10,10,5,8,8,6,8,8,2,2,4,2,2,8,8,10,9,8,8,6,8,9,8,8,8,1,44704
1023,7,11A218,09,40046,1,1,0,01,7,7,8,7,7,8,9,8,5,8,9,9,2,8,8,6,9,8,2,2,3,1,2,8,8,9,8,8,7,0,8,8,7,8,9,1,33528
1023,7,13A218,09,40097,1,1,0,02,9,9,10,9,10,8,10,10,9,10,8,10,6,10,8,9,10,9,0,0,0,0,0,9,10,8,10,8,10,7,10,10,10,7,4,1,17828
1023,7,13A218,09,40097,3,1,1,01,8,8,9,9,10,9,10,10,9,9,7,10,6,10,10,8,10,8,0,0,1,0,0,8,10,7,8,7,8,5,9,10,8,7,5,1,8914
1023,7,13A218,09,40097,4,1,0,01,7,8,8,9,10,9,10,10,8,9,8,9,5,8,8,7,9,8,2,0,3,0,0,8,8,9,8,8,10,5,8,8,8,7,6,1,8914
1023,7,12A218,09,40098,1,1,0,02,9,9,9,9,9,9,9,9,9,9,7,8,0,7,9,9,9,8,2,0,0,0,0,8,8,8,8,8,9,5,9,9,8,7,6,1,17090
1023,7,12A218,09,40098,2,1,0,01,10,10,10,9,9,10,9,9,10,10,6,8,0,8,9,9,10,8,2,1,0,0,0,9,8,8,8,8,8,6,9,9,8,7,5,1,8545
1023,7,12A218,09,40098,3,1,0,01,8,8,7,8,7,8,6,8,6,8,0,8,8,8,8,8,8,8,1,1,2,2,1,2,8,8,6,9,8,9,2,7,6,8,10,1,8545
1023,7,12A218,09,40098,4,1,0,01,8,6,8,8,7,6,8,5,8,7,1,8,8,7,7,8,8,8,1,2,2,1,2,8,7,8,7,8,8,8,7,7,8,9,10,1,17090
1023,3,12A224,09,40130,3,1,0,01,8,8,10,8,10,8,10,10,8,10,8,10,5,10,10,8,10,10,0,0,0,0,0,8,10,8,8,8,8,7,9,8,8,7,7,1,7678
1023,3,12A224,09,40130,2,1,0,01,8,8,8,9,8,8,9,10,8,8,10,10,7,10,10,7,10,8,0,0,0,0,0,8,10,7,8,7,10,7,10,8,8,7,6,1,38392
1023,3,12A224,09,40130,4,1,0,01,8,8,9,8,9,8,10,10,8,10,8,10,5,10,10,10,10,10,0,0,0,0,0,8,10,7,10,7,8,7,10,8,8,8,7,1,15357
1023,3,12A224,09,40130,1,1,0,03,8,7,9,8,10,8,10,10,8,9,8,10,7,10,10,10,10,8,0,0,0,0,0,8,10,8,10,7,10,7,10,8,8,7,7,1,30714
1023,3,11A224,09,40131,1,1,1,01,6,8,8,5,7,5,6,8,5,6,7,5,4,8,5,5,8,8,1,3,5,1,1,8,6,7,7,6,6,6,7,7,7,7,7,1,17995
1023,3,11A224,09,40131,4,1,1,01,8,8,8,8,5,8,8,9,6,9,7,9,2,8,8,8,8,8,0,0,0,0,0,7,8,8,8,8,8,8,8,8,8,8,8,1,17995
1023,3,11A224,09,40131,3,1,1,03,10,10,10,10,10,10,8,10,10,7,6,7,2,9,9,9,9,9,1,1,1,1,1,7,10,10,10,10,10,10,10,10,10,10,10,1,26993
1023,7,11A218,09,40139,1,1,0,06,8,8,8,8,8,8,8,8,8,7,8,7,7,7,7,6,6,7,2,2,3,4,3,5,8,7,8,7,7,7,6,7,7,7,7,1,17202
1023,7,11A218,09,40139,2,1,0,03,9,9,9,9,10,8,8,9,9,7,5,7,6,9,9,9,9,9,1,1,1,1,1,7,10,7,10,8,9,6,8,6,7,7,7,1,25803
1023,7,11A218,09,40139,3,1,0,02,7,7,7,6,6,6,6,6,6,6,8,6,6,7,7,7,7,7,2,2,2,2,2,7,7,7,6,6,8,8,8,8,8,8,8,1,25803
1023,7,11A218,09,40142,2,1,1,02,8,6,9,9,7,9,10,9,7,10,8,10,4,9,9,7,8,8,1,1,3,2,2,8,9,10,10,9,8,0,9,9,8,8,9,1,15269
1023,7,11A218,09,40142,4,1,0,01,8,7,8,8,6,8,9,8,6,8,8,9,2,8,8,7,9,8,2,2,3,1,2,8,8,10,8,8,7,0,8,9,7,7,8,1,38174
1023,7,11A218,09,40142,1,1,0,02,7,7,8,8,7,8,9,8,6,9,9,10,4,8,8,6,8,8,2,2,4,2,2,8,8,9,8,8,8,0,9,9,8,8,8,1,38174
1023,7,12A218,09,40144,3,1,0,02,9,8,9,9,8,8,10,9,8,9,8,10,3,8,8,7,8,8,2,2,3,2,2,8,9,10,9,9,8,6,8,8,9,8,9,1,16835
1023,7,12A218,09,40144,1,1,0,01,8,8,9,8,8,8,10,8,7,9,8,10,2,8,8,8,8,8,2,2,2,2,2,8,8,10,8,8,7,0,9,8,8,9,9,1,16835
1023,7,12A218,09,40144,4,1,0,02,8,8,9,8,8,8,9,7,7,8,9,9,4,7,7,7,7,7,3,3,3,3,3,8,8,10,8,8,7,0,8,8,7,7,8,1,25253
1023,7,12A218,09,40144,2,1,0,01,8,7,8,8,9,8,10,8,6,8,9,10,4,9,9,8,9,8,1,1,2,1,2,8,8,10,8,8,7,5,8,8,7,8,8,1,8418
1023,7,12A218,09,40148,2,1,0,01,7,8,9,8,10,8,10,10,8,10,7,10,5,10,10,8,10,8,0,0,2,0,0,8,10,10,10,7,10,7,9,8,8,8,6,1,8963
1023,7,12A218,09,40148,4,1,0,02,8,8,9,9,10,8,10,10,7,9,7,10,7,9,9,8,10,8,0,0,1,0,0,8,10,8,9,8,8,7,9,8,9,7,7,1,17927
1023,7,12A218,09,40148,3,1,0,02,8,8,9,9,10,10,10,10,8,10,10,10,6,10,10,9,10,8,0,0,0,0,0,7,10,8,9,8,8,7,9,8,8,7,6,1,35854
1023,7,12A218,09,40148,1,1,0,01,10,10,10,9,10,10,10,10,10,10,10,10,8,10,10,7,10,10,0,0,0,0,0,8,8,9,10,8,10,7,10,10,10,8,8,1,17927
1023,7,12A218,09,40188,3,1,0,01,10,10,8,10,10,10,10,10,9,10,10,10,7,10,10,7,10,8,0,0,0,0,0,8,6,7,10,8,8,5,8,8,10,7,5,1,40440
1023,7,12A218,09,40188,2,1,0,01,8,8,10,8,10,8,10,10,8,10,10,10,6,10,7,8,10,10,0,0,0,0,0,8,7,8,10,8,9,7,9,9,10,8,7,1,24264
1023,7,12A218,09,40188,1,1,0,01,9,9,10,8,10,8,10,10,9,10,7,10,7,9,10,7,10,8,0,0,0,0,0,8,10,10,8,8,8,8,10,10,10,7,5,1,8088
1023,7,12A218,09,40188,4,1,0,03,9,8,10,9,10,8,10,10,8,9,8,10,5,10,10,9,10,9,0,0,0,0,0,9,10,8,10,7,10,7,10,8,8,8,5,1,24264
1023,3,13A224,09,40233,4,1,0,01,8,8,9,9,10,8,10,10,9,10,6,10,5,9,9,8,10,8,0,0,0,0,0,8,10,7,8,7,8,6,10,9,9,7,6,1,15972
1023,3,13A224,09,40233,3,1,0,01,9,9,9,9,10,8,10,10,10,10,7,10,6,10,7,8,9,8,0,0,2,0,0,8,10,8,10,8,7,7,10,10,10,8,5,1,15972
1023,3,13A224,09,40233,2,1,0,02,9,9,10,10,10,8,10,10,9,10,7,10,5,9,8,7,10,10,0,0,2,0,0,8,10,8,10,7,8,6,10,10,10,8,5,1,31944
1023,3,13A224,09,40233,1,1,0,01,8,8,10,10,10,8,10,10,9,10,7,10,5,10,10,10,10,10,0,0,0,0,0,8,10,7,10,7,8,7,10,10,8,7,6,1,15972
1023,3,12A224,09,40236,1,1,0,02,9,9,10,10,10,10,10,9,10,8,8,10,0,9,10,10,10,10,0,0,0,0,0,8,9,9,9,9,9,5,9,9,8,7,5,1,11171
1023,3,12A224,09,40236,3,1,1,01,7,7,6,6,7,6,6,6,6,6,9,6,7,5,5,5,7,6,4,4,5,0,0,6,6,6,6,6,6,0,6,8,7,7,5,1,5585
1023,3,12A224,09,40236,2,1,0,01,7,8,8,7,7,8,8,8,8,7,8,6,8,8,8,8,8,8,2,2,1,2,1,8,7,8,6,8,7,8,1,8,8,10,10,1,5585
1023,3,12A224,09,40236,4,1,1,02,8,10,9,9,8,8,8,8,8,8,9,8,5,7,9,10,10,8,2,0,0,0,0,8,8,8,8,8,9,5,8,8,7,7,6,1,16756
1023,2,12A225,09,40282,4,1,0,01,9,9,9,8,10,8,10,10,6,10,10,10,5,10,10,7,10,8,0,0,0,0,0,7,6,8,10,7,8,5,8,8,9,5,5,1,16620
1023,2,12A225,09,40282,1,1,0,02,8,8,9,8,8,8,10,10,8,10,8,10,5,10,9,7,10,9,0,0,0,0,0,8,9,8,10,7,8,6,9,9,9,6,4,1,24930
1023,2,12A225,09,40282,2,1,0,02,5,5,8,8,10,8,10,10,7,10,9,10,7,10,10,8,10,8,0,0,0,0,0,8,8,9,10,9,9,2,10,10,10,3,0,1,16620
1023,2,12A225,09,40282,3,1,0,01,8,7,9,9,10,8,10,10,8,10,8,9,4,9,8,8,9,8,0,0,2,0,0,8,9,7,9,7,8,7,9,8,8,7,7,1,33240
1023,6,13B211,09,40286,2,1,0,01,7,7,6,5,6,6,6,6,6,6,6,6,7,6,6,6,6,5,3,3,3,3,2,2,6,8,4,3,4,4,4,8,6,5,5,1,6582
1023,6,13B211,09,40286,1,1,0,04,10,10,10,10,10,10,10,10,10,10,5,10,5,10,8,8,9,9,0,2,1,1,1,9,10,10,10,10,10,8,8,8,8,8,8,1,32909
1023,6,13B211,09,40286,3,1,0,03,10,10,9,10,10,10,9,9,8,10,6,8,6,9,9,9,9,9,1,1,1,1,1,6,10,8,7,8,9,9,9,9,9,9,9,1,32909
1023,6,12B211,09,40288,4,1,0,02,7,7,7,7,7,8,8,8,5,8,8,6,7,7,7,6,7,7,2,2,4,2,1,7,7,7,7,7,6,6,6,8,8,8,8,1,17378
1023,6,12B211,09,40288,2,1,1,01,10,10,10,10,10,10,10,10,10,10,6,10,3,9,9,9,9,10,1,1,1,1,0,10,10,10,10,10,10,10,10,10,10,10,10,1,17378
1023,6,12B211,09,40288,1,1,0,01,10,10,10,10,10,10,10,10,10,10,6,10,10,10,10,8,9,9,0,0,1,1,1,9,9,10,10,10,10,8,10,9,9,9,9,1,8689
1023,6,11B211,09,40289,3,1,0,01,7,7,8,8,7,7,8,8,7,7,10,8,4,8,8,7,7,8,2,2,3,3,2,8,7,10,8,7,8,0,7,8,8,8,8,1,22639
1023,6,11B211,09,40289,2,1,0,02,8,8,10,9,8,8,10,9,8,9,9,10,3,9,9,8,9,8,1,1,2,1,2,8,9,10,9,9,8,5,9,9,8,8,9,1,11320
1023,6,11B211,09,40289,1,1,0,01,8,6,9,8,8,9,10,8,6,10,8,10,3,8,8,8,8,8,2,2,2,2,2,8,8,10,9,9,8,0,9,10,9,8,9,1,5660
1023,6,11B211,09,40289,4,1,0,01,9,8,10,9,8,8,10,9,8,8,10,10,4,9,9,8,9,8,1,1,2,1,2,8,8,10,9,8,8,0,9,9,9,8,9,1,5660
1023,6,11B211,09,40291,1,1,0,01,7,8,9,10,10,8,8,8,10,8,8,8,9,5,5,10,10,5,5,5,0,0,0,7,8,8,7,7,8,5,8,8,7,8,7,1,6879
1023,6,11B211,09,40291,4,1,0,02,7,8,7,8,8,10,10,10,10,10,10,10,6,10,6,5,5,10,0,3,4,4,0,10,6,10,8,9,4,4,8,9,5,5,9,1,20636
1023,6,11B211,09,40291,3,1,0,02,6,6,8,7,10,10,10,8,9,10,8,8,6,7,8,4,10,8,2,0,5,0,0,6,5,7,7,8,8,4,10,10,6,6,7,1,13758
1023,6,11B211,09,40291,2,1,0,02,7,5,9,8,10,10,10,10,10,8,5,6,9,7,6,5,9,9,3,4,5,0,0,8,10,8,9,8,4,2,9,9,8,9,10,1,20636
1023,2,12A225,09,40330,1,1,0,02,10,9,9,9,9,8,9,8,8,9,9,9,9,9,9,9,9,8,0,0,0,0,0,8,9,8,8,8,9,6,8,8,8,8,6,1,10291
1023,2,12A225,09,40330,4,1,0,01,10,10,10,10,10,10,10,10,10,8,8,9,0,8,9,9,10,9,0,0,0,0,0,8,9,9,9,9,10,3,9,8,8,7,5,1,5145
1023,2,12A225,09,40330,3,1,0,01,7,6,7,8,10,8,8,7,9,8,9,8,4,6,8,8,9,7,3,0,0,0,0,8,7,7,7,7,8,5,8,8,7,7,5,1,5145
1023,2,12A225,09,40330,2,1,0,02,9,9,9,9,10,9,9,8,9,8,8,9,4,8,8,9,9,8,2,0,0,0,0,8,9,8,9,8,8,6,9,9,8,6,3,1,10291
1023,2,13A225,09,40374,4,1,0,01,9,8,10,9,9,9,10,9,8,10,7,10,1,9,9,8,8,8,1,1,2,2,2,9,9,10,10,9,8,0,10,9,9,8,9,1,26965
1023,2,13A225,09,40374,2,1,0,01,8,8,10,9,9,8,10,8,8,8,10,10,3,8,9,7,8,8,2,1,2,2,2,8,8,10,9,8,8,0,9,9,9,8,9,1,8988
1023,2,13A225,09,40374,3,1,0,02,8,8,9,8,8,8,10,8,7,9,8,10,3,8,8,8,8,8,2,2,2,2,2,8,8,10,9,9,8,0,8,9,8,7,9,1,17977
1023,2,12A225,09,40378,3,1,0,01,8,8,8,9,8,8,10,8,8,8,9,10,3,9,8,8,8,8,1,2,2,2,2,8,8,10,9,8,8,0,8,9,8,8,8,1,12772
1023,2,12A225,09,40378,1,1,0,04,8,8,9,8,8,8,10,9,7,9,8,10,2,8,8,6,8,8,2,2,4,2,2,8,8,10,9,8,7,5,9,8,7,7,8,1,38316
1023,2,12A225,09,40378,2,1,0,01,8,8,9,9,9,9,10,9,8,10,8,10,1,9,9,8,8,8,1,1,2,2,2,8,8,10,10,9,8,0,9,9,9,8,9,1,6386
1023,2,11A225,09,40379,3,1,0,01,8,8,9,8,7,8,7,7,7,7,7,7,4,7,8,8,8,8,3,0,0,0,0,8,8,8,8,8,8,2,8,8,8,6,4,1,4767
1023,2,11A225,09,40379,2,1,0,01,7,7,7,7,7,9,7,7,8,7,9,7,4,7,8,8,8,8,2,0,0,0,0,7,7,7,7,7,7,7,7,8,7,6,5,1,4767
1023,2,11A225,09,40379,4,1,0,01,10,10,9,9,9,9,9,9,9,9,9,9,0,9,10,10,10,9,1,0,0,0,0,9,9,9,10,9,9,6,9,9,9,8,6,1,4767
1023,2,11A225,09,40379,1,1,0,01,8,8,8,8,7,9,9,7,9,8,8,8,4,7,8,8,8,8,2,0,0,0,0,7,8,8,8,8,8,4,9,9,7,6,5,1,4767
1023,6,11B211,09,40387,2,1,0,04,10,10,8,8,8,5,6,8,8,8,1,8,7,8,6,4,6,3,0,3,6,4,6,8,8,9,7,6,7,6,8,8,6,5,7,1,21565
1023,6,11B211,09,40387,1,1,0,02,3,0,1,5,3,0,1,1,4,5,2,3,5,2,2,2,2,0,7,7,7,7,5,4,5,4,5,7,6,0,7,1,5,7,0,1,21565
1023,6,11B211,09,40387,4,1,0,01,9,7,6,7,9,9,10,10,10,10,7,9,8,3,4,7,9,7,7,6,3,0,3,9,9,4,9,10,3,0,9,10,2,10,10,1,14377
1023,6,11B211,09,40387,3,1,0,02,5,10,8,8,8,5,6,8,8,8,10,8,8,8,6,0,7,5,0,3,5,2,5,5,6,4,4,6,7,10,10,10,10,10,10,1,7188
1023,6,12B211,09,40388,3,1,0,01,5,7,3,6,7,4,6,8,8,8,8,5,4,6,8,6,7,8,0,2,4,0,0,7,9,7,5,8,9,8,6,7,8,8,7,1,36663
1023,6,12B211,09,40388,4,1,0,02,8,8,10,10,10,8,7,7,10,6,0,8,2,7,7,9,8,8,1,1,0,0,1,8,7,7,8,8,0,0,1,10,10,8,10,1,36663
1023,6,12B211,09,40388,2,1,0,05,7,5,7,8,8,9,7,6,10,6,0,7,8,5,5,5,10,8,0,5,5,0,1,7,8,7,8,8,9,8,7,9,7,6,9,1,36663
1023,6,12B211,09,40388,1,1,0,02,7,8,8,7,8,8,7,7,8,9,0,8,1,7,7,8,8,8,2,2,2,0,0,7,7,9,7,7,7,10,10,8,9,10,10,1,9166
1023,2,11A225,09,40427,3,1,0,02,8,8,8,8,8,8,9,10,8,10,8,10,7,9,9,8,10,8,0,0,0,0,0,8,10,7,8,7,8,5,9,8,8,7,5,1,12423
1023,2,11A225,09,40427,4,1,0,03,8,8,9,8,8,7,9,10,6,8,8,8,6,10,10,10,10,8,0,0,0,0,0,8,10,7,9,7,9,7,10,9,9,8,6,1,18635
1023,2,11A225,09,40427,1,1,0,02,8,7,9,7,10,8,10,10,8,9,8,8,5,8,8,7,10,8,0,0,0,0,0,7,10,7,8,7,7,7,9,8,8,7,7,1,12423
1023,2,11A225,09,40430,4,1,0,01,7,7,8,8,8,8,8,8,9,8,9,6,4,6,8,8,8,8,4,0,0,0,0,8,8,7,7,8,8,4,8,8,8,7,5,1,14198
1023,2,11A225,09,40430,1,1,0,01,9,9,8,8,9,9,9,9,9,9,8,8,0,9,8,8,8,7,0,0,0,0,0,7,7,7,8,8,8,5,7,8,8,7,6,1,7099
1023,2,11A225,09,40430,2,1,1,02,6,7,7,7,7,6,7,7,7,6,10,6,6,6,6,6,7,6,4,4,0,0,0,6,6,6,6,6,7,4,7,7,8,6,4,1,21297
1023,2,11A225,09,40430,3,1,0,01,8,7,8,8,8,7,7,8,7,6,9,6,5,6,8,8,8,8,3,0,0,0,0,7,7,6,8,8,8,6,8,9,8,7,5,1,35494
1023,6,12B211,09,40437,2,1,0,01,7,8,9,9,9,8,7,9,9,7,7,8,7,5,4,5,5,6,5,4,5,5,0,6,7,7,8,7,9,7,7,9,9,10,10,1,16289
1023,6,12B211,09,40437,4,1,0,01,8,8,7,8,8,7,7,8,8,8,1,8,1,9,8,8,6,1,0,2,1,4,7,8,9,9,9,7,1,5,10,8,9,10,10,1,16289
1023,6,12B211,09,40437,1,1,0,01,7,5,6,8,10,8,8,10,10,8,8,7,7,7,8,8,8,9,2,2,0,0,0,8,8,8,7,10,7,1,7,8,5,7,7,1,32578
1023,6,12B211,09,40437,3,1,0,01,8,8,8,8,8,9,9,9,8,9,5,9,0,8,8,5,9,8,0,0,4,0,0,9,8,8,5,8,9,8,9,9,9,9,9,1,16289
1023,4,11A223,09,40464,3,1,0,01,8,8,10,8,10,9,10,10,8,10,7,10,6,7,7,8,10,8,0,2,2,0,0,8,10,7,10,7,10,7,10,8,8,8,7,1,14746
1023,4,11A223,09,40464,1,1,0,01,9,9,10,10,10,9,10,10,10,10,8,10,5,10,8,10,10,8,0,0,0,0,0,9,10,8,10,8,8,7,10,8,8,7,5,1,22119
1023,4,11A223,09,40464,2,1,0,01,9,9,10,8,10,10,10,10,10,10,8,10,5,10,10,10,10,9,0,0,0,0,0,9,10,8,10,7,7,5,10,10,8,8,5,1,51611
1023,4,12A223,09,40465,3,1,0,02,8,8,9,8,10,8,8,2,8,6,1,8,7,5,4,6,7,8,2,5,4,2,2,9,8,7,6,7,2,1,4,8,8,6,7,1,14236
1023,4,12A223,09,40465,1,1,0,06,6,0,4,4,10,10,8,10,9,0,5,7,8,5,3,6,7,4,5,6,0,0,6,6,8,8,7,8,8,0,6,0,5,0,0,1,56943
1023,4,12A223,09,40465,2,1,0,01,7,8,8,6,10,8,8,8,7,7,5,9,5,7,9,8,6,5,2,1,0,0,0,6,7,8,8,8,2,1,0,5,7,6,8,1,14236
1023,4,12A223,09,40465,4,1,0,01,8,8,7,9,8,8,9,8,8,8,7,7,8,10,10,10,9,9,0,0,0,0,0,8,7,8,8,8,9,5,8,9,7,8,8,1,21354
1023,4,12A223,09,40471,1,1,0,01,9,9,9,8,9,8,8,8,8,7,9,5,6,6,8,8,8,7,3,0,0,1,0,7,8,6,7,8,7,2,8,8,7,8,5,1,7028
1023,4,12A223,09,40471,4,1,0,02,8,7,8,7,8,8,8,8,8,7,7,7,3,6,8,7,8,7,3,2,2,0,0,8,7,7,8,8,9,4,8,9,8,7,5,1,14056
1023,4,12A223,09,40471,2,1,0,02,8,6,8,7,8,7,7,2,8,7,6,7,6,5,4,5,1,5,4,5,4,7,5,7,8,1,2,8,8,6,5,5,4,4,7,1,21084
1023,4,12A223,09,40471,3,1,0,03,9,9,9,9,9,8,8,8,7,8,8,8,6,7,8,8,8,8,3,0,0,0,0,8,9,7,8,8,8,5,8,9,7,6,5,1,21084
1023,4,11A223,09,40472,1,1,0,01,8,8,8,8,9,7,7,8,8,8,8,8,6,6,7,8,8,7,3,2,0,0,0,7,7,7,7,8,8,4,8,8,7,6,4,1,8259
1023,4,11A223,09,40472,4,1,0,03,9,9,9,9,9,9,9,8,8,8,8,8,4,7,8,8,10,8,3,0,0,0,0,8,9,8,8,8,8,5,9,8,7,6,5,1,49554
1023,4,11A223,09,40472,2,1,0,03,7,7,8,8,8,7,8,8,8,6,7,6,6,6,8,7,7,8,4,2,0,0,0,7,7,7,7,8,8,3,7,8,7,7,6,1,33036
1023,4,11A223,09,40472,3,1,0,01,10,10,9,9,9,9,9,9,9,9,8,8,0,7,8,8,10,8,2,0,0,0,0,8,8,8,8,9,9,3,9,9,8,8,4,1,8259
1023,8,12A217,09,40475,1,1,1,01,9,8,9,8,8,7,7,8,8,9,10,8,6,5,4,7,6,6,5,6,3,4,3,8,6,7,8,8,7,7,7,8,7,8,9,1,30714
1023,8,12A217,09,40475,3,1,0,02,0,3,4,2,10,4,5,0,6,6,0,8,10,1,1,0,0,0,8,8,10,5,10,0,0,5,0,7,5,0,2,3,0,2,5,1,46071
1023,8,12A217,09,40475,2,1,0,01,9,9,9,9,9,9,9,9,9,9,6,9,1,10,10,10,10,10,0,0,0,0,0,10,10,9,10,9,9,7,9,10,7,8,8,1,30714
1023,8,12A217,09,40475,4,1,0,01,1,0,1,0,0,0,5,5,1,4,10,4,1,1,0,0,1,0,4,4,10,8,10,4,3,7,6,6,5,5,7,5,0,5,5,1,7678
1023,8,12A217,09,40477,2,1,1,02,9,9,9,9,10,10,10,10,10,10,5,10,10,10,10,7,10,10,0,0,2,0,0,10,8,10,10,9,9,4,9,10,0,5,8,1,22655
1023,8,12A217,09,40477,1,1,0,01,9,9,10,9,10,10,10,10,10,9,10,10,9,9,9,6,9,9,0,0,3,0,0,10,8,9,10,8,10,7,10,10,10,9,9,1,22655
1023,8,12A217,09,40477,3,1,0,04,9,7,10,9,10,10,9,10,9,10,9,9,9,5,2,0,5,2,5,7,5,5,7,9,5,8,10,9,9,8,8,9,9,9,9,1,37759
1023,8,12A217,09,40477,4,1,0,04,5,6,8,9,10,9,9,10,10,9,5,7,0,10,10,10,10,10,0,0,0,0,0,10,10,9,10,9,10,4,9,10,5,3,5,1,37759
1023,8,12A217,09,40479,3,1,0,01,7,7,8,8,8,7,10,8,8,7,10,9,2,8,8,6,8,8,2,2,4,2,2,8,7,10,8,7,8,7,8,8,8,8,9,1,7440
1023,8,12A217,09,40479,2,1,0,01,7,7,8,8,7,7,9,8,7,7,10,9,3,9,8,8,8,8,1,2,2,2,2,8,7,10,8,7,8,6,8,9,8,9,9,1,22321
1023,8,12A217,09,40479,4,1,0,01,8,8,9,8,8,8,9,8,7,8,9,9,3,8,8,8,8,8,2,2,2,2,2,8,8,10,9,8,8,6,8,8,8,8,8,1,7440
1023,8,12A217,09,40479,1,1,0,01,7,7,8,7,9,7,9,8,7,7,10,9,4,7,7,7,7,7,2,2,3,3,3,8,7,9,8,7,8,0,8,8,8,8,8,1,7440
1023,5,11B212,09,40482,1,1,0,02,8,7,8,8,8,8,10,8,7,9,8,10,3,9,9,8,8,8,1,1,2,2,2,8,8,10,9,9,8,0,8,9,8,7,9,1,46491
1023,5,11B212,09,40482,2,1,0,01,7,7,8,8,7,7,10,8,7,8,10,9,4,8,8,6,7,8,2,2,4,3,2,7,7,9,8,8,7,5,8,8,9,8,8,1,23245
1023,5,11B212,09,40482,4,1,0,01,8,8,9,9,8,9,10,8,8,9,9,10,2,9,9,8,8,8,1,1,2,2,2,8,8,10,9,9,8,0,9,9,8,8,9,1,58114
1023,5,11B212,09,40482,3,1,0,05,8,8,10,10,9,9,10,8,8,10,7,10,3,9,9,8,9,8,1,1,2,1,2,8,9,10,10,9,9,6,9,8,9,8,8,1,58114
1023,5,11B212,09,40485,1,1,1,01,9,7,10,10,10,9,10,10,9,9,9,8,9,3,3,5,5,5,6,7,5,5,5,9,9,9,9,9,9,8,8,8,9,9,9,1,15109
1023,5,11B212,09,40485,4,1,0,02,8,8,8,10,9,9,9,9,9,9,10,9,8,5,7,10,10,5,5,2,0,0,0,8,9,8,8,9,8,6,8,8,8,8,8,1,15109
1023,5,11B212,09,40485,3,1,1,03,10,10,10,10,10,10,10,10,5,10,10,10,0,5,10,0,10,10,5,0,5,0,0,10,8,10,10,10,10,10,10,10,8,10,10,1,22664
1023,5,13B212,09,40486,2,1,0,03,8,6,8,9,5,9,9,9,9,9,8,9,5,4,2,7,10,9,5,5,2,0,0,7,6,6,6,8,0,6,9,8,8,8,8,1,27686
1023,5,13B212,09,40486,3,1,0,02,8,8,9,8,9,9,10,10,8,10,8,10,5,10,10,10,10,10,0,0,0,0,0,8,10,10,10,8,10,7,10,8,9,8,8,1,18457
1023,5,13B212,09,40486,1,1,0,03,8,8,9,9,9,8,10,10,9,10,8,10,7,9,8,7,10,8,0,1,2,0,0,8,10,8,10,7,8,7,10,9,9,7,5,1,36915
1023,4,13A223,09,40513,2,1,0,01,8,8,8,8,8,7,10,9,8,7,10,10,5,8,8,7,8,8,2,2,3,2,2,8,7,10,8,7,8,5,8,9,8,8,9,1,9490
1023,4,13A223,09,40513,4,1,0,01,8,7,9,8,8,8,10,8,6,8,8,10,5,7,8,7,8,7,3,2,3,2,3,8,8,10,9,8,7,6,8,9,8,8,8,1,9490
1023,4,13A223,09,40513,1,1,0,01,8,6,9,9,8,9,10,9,8,9,8,10,1,8,8,7,8,8,2,2,3,2,2,8,8,10,9,9,8,0,9,9,9,8,9,1,28469
1023,4,13A223,09,40513,3,1,0,02,7,7,8,8,8,7,10,8,7,8,10,9,4,8,8,5,7,8,2,2,5,3,2,7,7,9,8,7,8,0,8,8,8,7,8,1,18980
1023,1,11A226,09,40523,1,1,0,02,9,9,9,6,7,9,9,9,5,9,8,8,9,8,9,5,9,9,1,0,4,1,1,9,9,9,9,6,9,7,10,9,9,9,9,1,15223
1023,1,11A226,09,40523,2,1,0,01,6,6,10,6,10,6,7,10,10,6,6,6,8,7,7,7,7,7,2,2,2,2,1,6,7,10,10,8,8,8,8,8,8,8,8,1,7612
1023,1,11A226,09,40523,4,1,0,04,10,10,10,10,10,10,10,10,10,10,10,10,4,9,9,9,9,9,1,1,1,1,1,8,10,10,10,10,10,9,10,8,8,8,8,1,30446
1023,1,12A226,09,40524,3,1,0,01,6,6,6,6,6,5,6,6,5,6,10,6,6,5,5,5,6,5,4,5,5,0,4,6,5,6,6,6,6,0,6,8,8,8,8,1,23046
1023,1,12A226,09,40524,1,1,0,03,8,8,9,9,9,9,9,9,8,8,7,8,0,9,9,9,10,9,0,0,0,0,0,9,9,9,9,9,10,3,8,10,10,4,3,1,30728
1023,1,12A226,09,40524,2,1,0,01,10,10,10,10,10,9,9,9,8,8,7,8,2,8,10,10,10,9,1,0,0,0,0,9,9,8,9,9,9,3,9,9,8,8,5,1,7682
1023,1,12A226,09,40524,4,1,0,01,10,10,10,10,10,10,10,9,9,9,8,9,0,10,9,10,10,9,0,0,0,0,0,8,8,8,8,8,8,7,9,9,10,10,8,1,15364
1023,1,13A226,09,40525,3,1,0,01,10,10,10,10,10,10,10,10,10,10,6,10,4,9,9,9,10,10,0,0,0,0,0,10,10,10,10,10,10,10,10,10,10,10,10,1,9924
1023,1,13A226,09,40525,2,1,0,01,9,9,9,5,10,10,10,10,10,8,9,8,3,8,6,5,8,8,1,3,5,1,2,9,8,7,7,8,9,8,9,9,9,9,9,1,9924
1023,1,11A226,09,40528,2,1,0,02,8,8,9,9,8,8,9,10,8,10,8,10,5,8,9,7,9,8,1,0,2,0,0,8,8,8,9,8,8,6,9,9,8,7,5,1,16134
1023,1,11A226,09,40528,1,1,0,01,8,8,9,8,9,8,10,10,8,10,8,10,4,5,5,8,10,8,5,5,2,0,0,8,8,8,9,7,7,5,10,10,10,8,10,1,16134
1023,1,11A226,09,40528,4,1,0,02,9,9,10,8,8,8,10,10,8,10,10,10,7,10,10,7,10,10,0,0,0,0,0,10,8,10,10,10,10,7,10,10,8,8,8,1,40335
1023,1,11A226,09,40528,3,1,0,02,7,5,8,10,10,10,10,10,10,10,10,10,7,6,5,5,9,8,2,5,5,1,0,9,10,10,9,9,5,5,8,8,8,4,4,1,16134
1023,4,11A223,09,40568,3,1,0,02,8,8,9,9,8,8,10,9,8,10,7,10,4,8,8,7,8,8,2,2,3,2,2,8,9,10,9,9,7,7,8,8,8,7,8,1,22632
1023,4,11A223,09,40568,4,1,0,01,7,6,8,8,9,7,8,8,7,7,10,8,5,8,8,7,7,7,2,2,3,3,3,7,7,9,8,7,8,6,8,8,9,8,8,1,7544
1023,4,11A223,09,40568,1,1,0,04,9,8,10,9,9,9,10,9,8,9,8,10,2,9,9,8,8,8,1,1,2,2,2,8,9,10,10,9,9,0,9,8,7,8,8,1,45264
1023,4,11A223,09,40568,2,1,0,01,7,7,8,7,8,8,9,8,7,7,9,9,4,8,8,7,7,8,2,2,3,3,2,7,7,9,8,8,7,0,8,8,8,8,8,1,7544
1023,4,13A223,09,40570,1,1,0,01,9,9,10,8,10,10,10,10,10,10,7,10,6,10,10,9,10,10,0,0,1,0,0,9,10,10,10,10,8,7,10,10,8,8,6,1,25184
1023,4,13A223,09,40570,4,1,0,01,8,8,10,10,10,8,10,10,8,10,10,10,7,10,10,8,10,8,0,0,0,0,0,8,8,8,8,7,8,8,8,8,8,7,6,1,12592
1023,4,13A223,09,40570,2,1,0,01,9,9,10,10,10,10,10,10,10,10,8,10,4,10,10,10,10,10,0,0,0,0,0,9,10,8,10,7,8,6,10,10,10,8,6,1,12592
1023,1,12A226,09,40574,2,1,0,02,8,6,9,8,9,9,8,8,9,8,6,8,0,9,9,9,9,8,0,0,0,0,0,8,9,8,8,8,8,3,8,8,8,7,4,1,15397
1023,1,12A226,09,40574,3,1,0,01,7,7,7,7,7,9,9,8,8,8,10,7,0,9,9,9,8,8,0,0,0,0,0,7,7,7,7,7,7,6,8,8,8,8,6,1,15397
1023,1,12A226,09,40574,4,1,0,01,8,8,8,9,9,9,9,8,9,9,7,8,0,10,10,10,10,9,0,0,0,0,0,8,8,8,8,8,8,5,8,9,8,7,5,1,15397
1023,1,12A226,09,40574,1,1,0,02,8,9,8,8,9,8,9,9,8,8,8,8,4,9,9,9,9,8,0,0,0,0,0,8,8,7,8,8,8,5,8,9,9,8,6,1,15397
1023,8,11A217,09,40575,1,1,1,01,10,10,10,10,10,8,9,10,8,10,6,10,8,10,10,4,7,10,0,0,5,0,0,10,8,10,7,6,8,8,10,10,10,10,10,1,12100
1023,8,11A217,09,40575,2,1,0,01,9,9,10,10,10,10,10,9,10,10,5,10,8,10,4,8,5,10,0,5,0,4,0,10,9,10,10,10,9,0,10,10,7,7,6,1,48401
1023,8,11A217,09,40575,3,1,0,01,10,10,5,5,5,7,8,6,8,10,9,7,7,7,6,6,5,5,2,4,4,5,4,9,8,8,8,8,6,3,6,8,7,6,8,1,12100
1023,8,11A217,09,40575,4,1,0,01,8,7,7,8,7,6,8,7,7,9,1,8,1,8,8,8,7,8,2,1,0,1,0,7,7,8,8,7,8,8,8,8,8,10,10,1,12100
1023,8,12A217,09,40576,2,1,0,02,7,7,7,7,8,7,8,8,6,8,8,9,3,7,8,7,7,7,2,2,2,3,3,7,6,8,8,7,7,0,7,7,6,7,8,1,19449
1023,8,12A217,09,40576,1,1,0,01,8,7,8,8,8,8,10,8,6,8,8,10,1,9,9,8,8,8,1,1,2,2,2,8,8,10,10,8,8,5,8,9,8,8,9,1,9724
1023,8,12A217,09,40576,4,1,0,02,9,8,10,9,9,9,10,9,8,10,8,10,2,9,9,8,9,8,1,1,2,1,2,9,9,10,9,9,8,6,9,9,8,8,9,1,19449
1023,8,12A217,09,40576,3,1,0,01,9,9,10,9,9,9,10,9,7,9,8,10,1,9,9,8,9,8,1,1,2,1,2,9,9,10,9,9,8,5,9,8,8,8,9,1,9724
1023,1,12A226,09,40580,2,1,0,01,7,7,7,7,7,8,8,7,6,7,7,7,5,8,8,7,8,8,0,0,2,0,2,7,7,7,10,6,7,8,9,8,8,8,8,1,13683
1023,1,12A226,09,40580,1,1,0,02,8,8,8,8,8,8,8,8,8,9,9,9,3,9,9,6,9,9,1,1,3,1,1,7,8,8,8,8,9,8,10,8,8,8,8,1,27365
1023,1,12A226,09,40580,4,1,0,02,10,10,10,10,10,10,10,10,10,10,9,9,4,9,9,9,9,9,1,1,1,1,1,8,10,10,10,10,9,9,10,8,8,9,9,1,13683
1023,1,12A226,09,40580,3,1,0,02,7,9,10,8,9,9,10,10,10,10,10,9,5,8,8,8,8,8,1,1,1,1,1,7,8,10,7,7,8,8,10,8,8,8,8,1,13683
1023,5,11B212,09,40584,2,1,0,01,10,9,9,9,9,10,9,9,10,8,9,9,0,8,9,9,9,8,1,0,0,0,0,9,8,9,9,8,9,6,8,9,8,7,5,1,8182
1023,5,11B212,09,40584,1,1,0,03,10,10,9,9,8,9,9,8,8,9,9,8,0,9,9,9,10,8,0,0,0,0,0,8,9,8,9,9,10,6,9,9,9,7,5,1,24546
1023,5,11B212,09,40584,3,1,0,01,7,8,8,8,9,9,8,8,9,8,9,7,5,7,8,9,9,7,3,0,0,0,0,7,8,7,8,7,7,4,8,8,8,6,4,1,8182
1023,5,11B212,09,40584,4,1,0,02,10,10,10,10,10,10,10,9,9,9,7,8,4,7,9,9,10,10,2,0,0,0,0,9,9,9,10,10,9,5,10,9,9,8,6,1,16364
1023,5,12B212,09,40587,3,1,0,01,7,8,8,8,10,8,10,10,8,9,9,8,8,9,10,8,10,10,1,0,0,0,0,8,8,8,10,7,10,7,8,10,8,8,8,1,16321
1023,5,12B212,09,40587,1,1,0,01,7,7,10,10,10,8,10,10,8,8,10,10,7,10,10,10,10,10,0,0,0,0,0,10,10,10,10,8,10,4,10,9,10,10,10,1,8160
1023,5,12B212,09,40587,4,1,0,01,8,8,10,10,10,8,10,10,9,10,7,10,7,10,10,7,10,10,0,0,0,0,0,8,8,10,10,10,10,5,10,8,8,7,6,1,16321
1023,5,12B212,09,40587,2,1,0,01,10,10,10,10,10,9,10,10,10,10,10,10,1,10,10,5,9,10,0,0,5,0,0,10,10,10,9,10,10,8,10,10,10,8,8,1,8160
1023,5,12B212,09,40591,4,1,0,01,10,10,10,10,9,10,10,10,9,10,8,8,0,9,9,10,10,9,0,0,0,0,0,9,9,9,9,8,8,6,9,8,8,8,6,1,21706
1023,4,12A223,09,40616,3,1,0,01,8,9,10,10,10,9,10,10,10,10,7,10,6,9,10,8,10,8,0,0,0,0,0,8,10,7,10,7,10,7,10,9,9,7,6,1,7181
1023,4,12A223,09,40616,2,1,0,01,9,9,10,9,10,8,10,10,10,9,7,8,5,8,8,8,10,8,0,0,0,0,0,8,10,8,9,7,8,7,10,9,9,7,5,1,7181
1023,4,12A223,09,40616,1,1,0,01,9,9,10,10,10,8,10,10,8,10,8,10,5,9,10,9,10,10,0,0,0,0,0,8,9,10,10,10,7,7,10,10,10,8,7,1,7181
1023,4,12A223,09,40616,4,1,0,02,8,8,9,9,9,10,10,10,9,10,8,10,4,10,10,7,10,8,0,0,0,0,0,9,9,8,10,8,8,7,9,10,8,8,7,1,28724
1023,1,11A226,09,40622,1,1,0,02,8,8,8,8,8,8,8,8,8,8,10,8,5,7,7,5,9,8,1,1,1,1,2,8,8,8,8,8,8,8,10,8,8,8,8,1,18493
1023,1,11A226,09,40622,4,1,0,01,10,10,10,10,10,10,10,10,10,10,7,7,4,9,9,9,9,9,1,1,1,1,1,8,8,8,9,9,9,9,9,9,9,9,9,1,6164
1023,1,11A226,09,40622,2,1,0,02,7,8,7,7,8,7,7,8,7,8,7,8,6,7,7,7,7,7,0,0,0,0,0,7,7,7,7,8,7,8,7,8,8,8,8,1,12329
1023,1,11A226,09,40622,3,1,0,03,10,10,10,10,10,10,10,10,10,10,8,10,1,10,10,10,10,10,0,0,0,0,0,8,8,8,10,10,10,10,10,10,10,10,10,1,18493
1023,8,13A217,09,40625,3,1,1,02,1,1,9,3,2,9,1,5,1,10,10,10,10,5,5,5,2,5,5,5,5,7,5,9,9,10,0,9,9,0,9,9,9,0,0,1,32177
1023,8,13A217,09,40625,4,1,1,01,10,8,10,10,9,9,9,9,9,9,9,9,0,2,5,0,0,2,7,5,10,10,7,9,9,9,8,8,9,0,8,8,8,8,5,1,10726
1023,1,13A226,09,40625,4,1,0,01,9,9,9,7,9,8,8,9,8,8,0,8,7,8,6,7,8,8,2,3,3,2,2,9,9,8,9,8,8,4,8,9,9,7,6,1,9525
1023,8,13A217,09,40625,2,1,0,04,10,10,10,8,10,10,10,10,10,10,5,8,7,8,9,8,8,8,1,1,2,1,1,8,8,9,9,8,8,6,7,8,6,5,5,1,53628
1023,8,13A217,09,40625,1,1,0,01,7,8,8,8,8,8,8,6,6,8,1,8,3,8,7,8,8,8,1,1,2,1,0,7,9,8,9,7,10,10,2,8,10,10,10,1,21451
1023,1,13A226,09,40625,2,1,0,01,8,8,8,7,8,7,5,8,4,2,0,2,2,5,5,6,4,5,5,5,4,5,4,10,10,1,8,7,6,10,10,10,10,8,10,1,9525
1023,1,13A226,09,40625,1,1,0,02,8,7,6,5,6,5,5,6,0,4,5,7,7,10,3,4,6,8,0,7,0,0,0,8,9,10,8,8,8,7,8,7,7,8,8,1,19051
1023,8,11A217,09,40627,1,1,0,01,9,8,10,9,8,9,10,9,8,9,8,10,3,9,9,8,8,8,1,1,2,2,2,9,8,10,9,9,8,7,9,9,8,9,9,1,18393
1023,8,11A217,09,40627,4,1,0,02,8,8,9,8,7,8,8,8,7,9,8,10,4,8,8,6,8,8,2,2,3,2,2,8,8,10,8,8,8,5,8,9,8,8,8,1,64374
1023,8,11A217,09,40627,3,1,0,03,8,8,8,8,8,8,10,8,7,8,8,10,4,5,5,4,5,5,5,5,6,5,5,2,2,2,2,2,8,5,8,8,7,8,8,1,45981
1023,8,11A217,09,40627,2,1,1,01,9,9,9,9,8,9,10,9,8,9,8,10,1,9,9,8,9,8,1,1,2,1,2,8,8,10,9,9,8,6,9,8,8,8,9,1,9196
1023,5,11B212,09,40633,4,1,0,02,7,7,7,7,7,7,8,8,8,7,8,8,5,8,8,8,8,8,0,0,0,0,0,8,8,8,8,8,8,8,10,8,8,8,8,1,15407
1023,5,11B212,09,40633,3,1,0,01,9,9,9,9,9,9,9,9,9,9,6,9,5,10,10,10,10,10,0,0,0,0,0,7,9,9,9,9,10,7,10,9,8,8,8,1,7704
1023,5,11B212,09,40633,1,1,0,01,8,8,8,6,8,8,8,8,10,10,10,10,6,10,10,9,10,10,0,0,0,0,0,7,8,10,7,7,10,9,9,9,9,9,9,1,15407
1023,5,11B212,09,40633,2,1,0,02,8,8,8,8,8,8,8,8,8,8,8,9,3,9,8,9,9,9,1,2,1,1,0,8,8,8,8,8,8,9,8,8,8,8,8,1,23111
1023,5,12B212,09,40634,1,1,0,02,10,10,10,10,10,10,10,10,10,10,7,10,10,9,9,9,9,9,1,1,1,1,1,1,10,10,10,10,10,9,10,10,10,10,10,1,24206
1023,5,12B212,09,40634,4,1,0,01,10,10,10,10,10,10,10,10,10,10,10,10,6,1,1,1,9,9,9,7,8,1,1,8,8,8,10,10,10,9,9,9,8,8,8,1,24206
1023,3,13A224,10,40024,4,1,0,02,10,9,8,8,10,10,10,8,10,9,9,10,5,8,7,6,7,8,0,2,4,0,0,9,10,9,10,8,6,3,5,8,8,9,7,1,18099
1023,3,13A224,10,40024,1,1,0,02,10,10,10,8,10,7,10,10,7,10,10,8,5,5,2,10,5,8,0,7,0,0,1,10,9,10,8,8,8,6,8,9,10,6,5,1,18099
1023,3,13A224,10,40024,3,1,0,04,10,10,10,10,10,8,8,10,10,10,10,10,5,10,9,6,10,10,0,0,3,0,0,10,10,10,10,9,6,5,10,10,10,9,9,1,45248
1023,7,12A218,10,40033,1,1,0,02,10,10,9,8,10,9,7,10,9,8,10,8,5,10,10,10,10,10,0,0,0,0,0,9,10,8,10,8,10,5,10,10,9,10,7,1,13723
1023,7,12A218,10,40033,3,1,0,01,8,8,10,10,10,10,10,10,10,10,10,10,0,10,10,10,10,10,0,0,0,0,0,10,10,10,10,8,10,6,10,10,10,10,10,1,13723
1023,7,12A218,10,40033,4,1,0,04,10,10,9,9,10,9,10,9,9,10,8,10,2,10,8,7,9,7,0,2,2,1,0,10,10,10,8,9,10,5,8,8,8,9,8,1,27446
1023,3,11A224,10,40086,4,1,0,01,10,10,10,10,10,10,10,10,10,10,5,10,0,10,9,7,10,10,0,1,2,0,0,10,10,8,10,10,10,8,8,10,10,10,10,1,18220
1023,3,11A224,10,40086,1,1,0,01,8,2,8,9,10,9,8,8,10,10,10,9,0,8,10,6,10,10,0,0,3,0,0,8,9,10,7,10,5,5,10,8,8,8,10,1,9110
1023,3,11A224,10,40086,3,1,0,02,10,9,10,10,10,9,10,10,10,10,10,9,9,10,7,9,10,8,0,2,0,0,0,10,10,10,8,10,10,5,10,10,10,8,8,1,18220
1023,3,11A224,10,40086,2,1,0,01,8,9,7,7,10,9,10,9,10,9,10,8,5,7,6,5,8,6,3,3,5,0,2,7,10,7,6,6,7,5,8,7,7,8,8,1,9110
1023,6,11B211,10,40190,4,1,1,01,7,7,8,8,10,9,10,9,8,9,8,6,5,7,5,6,7,8,0,4,4,0,0,8,6,7,8,8,7,6,9,8,9,9,8,1,8067
1023,6,11B211,10,40190,3,1,0,03,9,9,10,8,10,8,10,10,10,10,10,9,8,10,9,7,9,10,0,1,0,0,0,10,10,10,9,10,10,8,9,10,10,10,8,1,24201
1023,6,11B211,10,40190,1,1,0,01,7,4,10,10,10,10,10,10,10,10,10,10,0,10,5,10,10,10,0,3,0,0,0,6,8,8,10,8,6,8,10,6,6,8,8,1,16134
1023,6,11B211,10,40190,2,1,0,02,9,9,9,10,10,10,10,10,10,10,10,10,6,10,10,10,10,10,0,0,0,0,0,10,10,10,10,10,10,7,10,10,10,10,10,1,16134
1023,6,12B211,10,40253,4,1,0,01,9,8,9,9,10,9,8,10,9,8,10,8,2,7,8,6,9,7,1,0,4,0,0,8,9,7,8,9,5,2,7,7,8,8,7,1,16973
1023,6,12B211,10,40253,3,1,0,01,9,9,9,10,10,10,10,10,10,10,9,9,2,9,8,10,10,10,0,2,0,0,0,9,9,9,9,9,9,7,9,10,10,9,10,1,16973
1023,6,12B211,10,40253,1,1,1,03,10,10,10,10,10,10,10,10,10,10,10,10,0,9,9,8,9,9,1,1,1,1,1,10,10,10,10,10,10,3,10,10,10,10,5,1,25460
1023,6,12B211,10,40253,2,1,0,01,5,8,6,10,10,10,10,8,9,10,10,10,0,3,4,5,6,4,6,6,5,3,5,7,6,9,5,6,8,3,6,7,7,8,7,1,42433
1023,2,12A225,10,40281,1,1,0,02,9,9,10,8,10,9,10,10,10,9,10,10,3,10,10,10,10,10,0,0,0,0,0,10,10,9,10,10,8,8,10,10,10,10,8,1,22914
1023,2,12A225,10,40281,2,1,0,02,8,9,9,9,10,10,9,10,10,10,10,9,8,6,6,5,6,5,0,4,5,4,4,10,10,9,9,9,8,5,8,9,9,7,7,1,15276
1023,2,12A225,10,40281,3,1,0,01,10,9,9,9,10,8,10,10,7,10,10,8,5,8,8,9,9,8,0,0,0,0,0,8,10,10,10,10,8,6,10,7,10,10,9,1,7638
1023,2,11A225,10,40284,4,1,0,03,8,5,9,9,10,10,10,8,10,9,5,8,8,10,6,6,8,10,0,4,4,1,0,8,9,7,8,8,7,4,10,7,5,10,10,1,23270
1023,2,11A225,10,40284,1,1,0,01,8,8,8,8,8,10,10,10,10,10,10,10,3,10,10,10,10,10,0,0,0,0,0,9,9,9,9,9,9,2,9,9,9,9,8,1,31027
1023,2,11A225,10,40284,2,1,0,01,8,8,8,7,7,6,8,8,7,9,7,6,5,7,8,8,8,8,1,0,1,0,2,10,10,9,8,7,7,5,7,8,9,10,10,1,15513
1023,2,11A225,10,40284,3,1,0,01,7,8,8,9,10,10,10,10,10,10,5,10,8,10,10,10,10,10,0,0,0,0,0,6,8,9,9,8,8,3,5,8,5,7,7,1,15513
1023,4,12A223,10,40307,1,1,0,03,10,10,10,10,10,10,10,10,10,10,10,10,5,5,5,5,7,7,0,0,5,2,2,10,10,10,10,9,10,0,10,10,10,10,10,1,35278
1023,4,12A223,10,40307,3,1,0,02,9,8,8,7,10,8,9,10,10,10,10,10,2,10,9,6,10,8,0,0,3,0,0,10,9,8,7,7,5,4,10,8,8,9,7,1,17639
1023,4,12A223,10,40307,2,1,0,01,8,7,9,7,10,8,7,8,8,10,10,7,6,8,8,5,8,7,0,1,5,1,2,9,8,9,8,9,10,6,10,9,10,8,7,1,8820
1023,4,12A223,10,40307,4,1,0,01,6,6,7,6,10,6,7,9,10,7,8,6,5,9,7,5,10,9,0,1,4,0,1,7,10,8,9,7,5,4,9,8,7,9,9,1,17639
1023,8,13A217,10,40313,2,1,0,02,9,9,8,8,10,10,9,9,10,8,10,10,2,8,8,5,7,7,0,2,5,3,0,10,7,8,8,8,8,6,9,10,8,10,8,1,13815
1023,8,13A217,10,40313,3,1,0,02,10,10,10,10,10,10,10,10,10,9,10,10,0,8,7,8,9,7,1,2,2,0,0,9,9,10,10,10,7,6,9,8,8,9,7,1,20722
1023,8,13A217,10,40313,1,1,0,01,7,8,8,8,7,10,8,7,10,7,10,7,3,6,7,5,8,7,0,0,0,0,0,8,7,8,7,6,10,6,7,7,5,8,8,1,20722
1023,8,13A217,10,40313,4,1,0,01,9,10,10,10,10,9,8,10,10,8,5,8,1,10,8,10,8,8,0,0,0,0,0,10,8,8,8,8,10,7,10,10,9,7,7,1,27629
1023,1,12A226,10,40379,1,1,0,03,9,6,9,10,7,8,9,10,10,10,8,9,6,9,6,10,8,9,0,3,0,2,1,10,8,10,10,8,7,8,10,10,10,10,10,1,24363
1023,1,12A226,10,40379,4,1,0,02,10,9,10,10,10,9,10,10,9,10,7,10,4,9,10,8,7,8,0,0,0,0,0,9,9,10,9,9,9,5,8,10,9,9,8,1,16242
1023,1,12A226,10,40379,2,1,0,02,9,9,10,10,10,10,10,10,10,10,5,10,0,8,9,9,10,9,0,0,0,0,0,8,9,9,9,9,9,2,9,9,9,8,0,1,16242
1023,5,12B212,10,40386,3,1,0,01,7,7,10,10,10,10,10,10,10,10,10,10,8,10,10,10,10,10,0,0,0,0,0,10,10,10,10,10,10,6,10,10,10,10,10,1,22367
1023,5,12B212,10,40386,1,1,0,03,9,8,9,9,10,9,10,10,9,10,10,10,2,7,10,5,10,9,3,0,4,0,0,10,10,9,8,9,8,8,9,9,8,8,9,1,22367
1023,5,12B212,10,40386,2,1,0,02,7,6,8,7,10,10,10,10,9,10,10,9,0,8,9,6,8,8,0,0,4,0,0,9,7,10,8,9,8,1,10,10,10,8,6,1,22367
1023,8,11A217,10,40410,3,1,0,01,10,10,9,10,10,10,10,10,10,10,10,10,5,9,10,10,9,10,0,0,0,0,0,10,10,8,10,9,10,9,9,8,7,8,9,1,9116
1023,8,11A217,10,40410,1,1,0,02,8,10,8,7,7,6,7,6,5,8,10,8,5,6,7,5,5,4,0,3,5,0,2,5,5,6,6,5,6,4,7,5,5,10,9,1,36462
1023,8,11A217,10,40410,4,1,0,03,9,7,9,10,10,9,8,10,8,10,9,7,2,8,7,8,6,8,0,2,2,4,2,10,10,9,8,10,9,3,8,9,2,4,3,1,36462
1023,8,11A217,10,40410,2,1,1,01,7,9,10,9,10,9,9,9,8,8,10,8,8,8,5,5,8,8,0,0,5,1,0,7,10,8,7,8,10,4,7,6,6,6,5,1,18231
1023,3,11A224,11,40036,4,1,0,02,10,10,10,10,10,10,10,10,10,10,10,10,10,9,9,8,10,10,1,1,1,0,0,10,10,10,10,10,10,5,10,10,5,8,8,1,15992
1023,3,11A224,11,40036,1,1,0,01,10,10,10,10,10,10,10,10,10,10,10,10,5,10,10,10,10,10,0,0,0,0,0,10,10,10,10,10,10,5,10,10,8,8,8,1,31985
1023,3,11A224,11,40036,2,1,0,03,9,9,9,9,9,10,9,9,10,10,10,10,6,10,10,7,10,10,0,0,2,0,0,9,6,7,8,9,9,5,10,10,5,10,10,1,47977
1023,3,11A224,11,40036,3,1,1,02,10,10,10,10,10,10,10,10,10,10,10,10,8,10,10,10,10,10,0,0,0,0,0,10,10,10,10,10,10,0,10,10,5,10,10,1,15992
1023,7,12A218,11,40042,2,1,0,02,9,10,9,10,10,9,9,8,9,10,8,9,0,8,9,9,10,8,1,1,1,0,0,9,10,10,9,9,7,5,8,8,8,8,8,1,20122
1023,7,12A218,11,40042,1,1,0,02,4,4,10,3,1,10,10,10,10,2,10,10,1,10,10,7,10,10,0,0,2,0,0,10,10,10,8,8,10,5,10,10,10,10,5,1,13414
1023,7,12A218,11,40042,4,1,0,01,10,9,10,9,10,10,10,10,10,10,10,9,0,10,10,10,10,9,0,0,0,0,0,8,9,10,10,9,10,6,9,9,8,9,8,1,20122
1023,7,12A218,11,40042,3,1,0,02,0,5,4,10,10,10,10,10,10,10,10,2,10,5,9,5,9,5,5,1,2,1,0,8,0,8,8,10,10,7,10,10,9,6,7,1,33536
1023,3,13A224,11,40126,2,1,0,01,10,8,10,9,10,9,9,9,9,8,6,9,2,7,8,10,9,8,2,1,0,0,0,8,10,8,7,9,9,6,9,10,10,10,9,1,23181
1023,3,13A224,11,40126,1,1,0,02,9,9,10,10,10,10,10,10,9,10,10,10,1,9,10,9,9,10,1,0,1,1,0,10,10,10,10,10,10,5,10,10,10,8,8,1,23181
1023,3,13A224,11,40126,4,1,0,01,9,7,10,10,10,8,10,10,10,10,9,10,3,10,9,9,10,9,0,1,1,0,0,9,9,9,8,9,7,6,9,9,9,8,8,1,15454
1023,7,13A218,11,40132,1,1,0,01,9,7,8,8,10,7,8,9,8,8,9,7,5,6,5,5,6,6,3,4,5,4,4,8,6,9,10,8,9,6,9,9,9,8,7,1,8831
1023,7,13A218,11,40132,4,1,0,01,8,8,8,7,10,8,8,9,8,8,9,7,6,5,6,4,5,5,4,4,6,5,4,9,7,9,9,8,9,5,8,9,9,7,5,1,8831
1023,7,13A218,11,40132,3,1,0,01,8,8,9,8,9,9,8,9,9,9,10,8,2,8,8,6,5,5,0,1,2,5,5,8,8,9,9,9,8,5,6,6,7,6,5,1,8831
1023,7,13A218,11,40132,2,1,0,01,7,8,7,8,9,8,8,8,8,8,9,8,2,8,6,5,8,7,2,3,4,0,3,8,8,8,8,9,8,7,9,8,8,8,8,1,8831
1023,7,11A218,11,40135,3,1,0,01,10,10,10,10,10,10,10,10,10,10,10,10,7,10,9,9,10,10,0,1,1,0,0,10,10,10,10,10,10,10,10,10,10,10,10,1,7690
1023,7,11A218,11,40135,1,1,0,02,10,10,10,10,10,10,10,10,10,10,10,10,0,9,9,9,10,10,0,0,1,0,0,10,10,10,10,10,10,0,10,10,10,5,7,1,23070
1023,7,11A218,11,40135,4,1,1,01,9,9,10,10,10,10,10,10,10,10,10,10,5,10,10,9,10,10,0,0,1,0,0,5,3,3,5,5,7,7,9,2,5,8,9,1,7690
1023,7,11A218,11,40135,2,1,0,01,10,10,10,10,10,10,10,10,10,10,7,10,0,9,8,10,10,10,1,2,0,0,0,10,10,10,10,10,10,5,10,10,5,10,10,1,7690
1023,2,12A225,11,40261,4,1,0,02,10,9,9,9,10,9,9,8,8,10,8,10,5,8,7,9,8,9,2,2,1,2,0,8,9,9,9,9,8,5,10,8,8,8,8,1,14852
1023,2,12A225,11,40261,1,1,0,02,7,8,8,8,7,7,8,8,8,7,8,8,6,3,6,4,10,8,0,0,5,0,0,5,5,5,5,5,7,5,8,9,9,9,9,1,14852
1023,2,12A225,11,40261,3,1,1,02,10,10,9,8,7,8,8,7,8,8,9,8,4,7,5,5,8,9,0,4,5,0,0,8,8,8,8,8,7,5,8,9,9,5,2,1,22278
1023,2,12A225,11,40261,2,1,0,02,10,9,10,8,8,10,8,8,8,8,8,8,8,10,8,8,10,10,0,2,2,0,0,10,10,10,10,10,10,0,10,10,10,10,10,1,14852
1023,2,11A225,11,40309,3,1,0,01,7,9,7,7,8,7,7,7,7,8,8,8,5,8,7,7,8,1,1,2,2,2,2,8,7,8,8,8,8,8,8,7,8,8,8,1,20130
1023,2,11A225,11,40309,1,1,0,02,8,7,10,9,10,10,10,10,10,10,10,8,0,9,10,10,10,10,1,0,0,0,0,8,8,8,9,8,8,6,9,9,9,9,9,1,13420
1023,2,11A225,11,40309,4,1,0,01,9,9,9,9,9,9,9,9,10,8,9,9,2,9,9,9,8,9,1,1,0,0,0,10,10,9,9,10,10,5,9,10,10,9,10,1,26839
1023,2,11A225,11,40309,2,1,0,05,9,7,8,6,10,9,9,10,10,8,10,9,5,10,10,9,10,10,0,0,1,0,0,9,8,8,9,7,9,6,9,9,9,8,7,1,26839
1023,6,12B211,11,40319,4,1,0,01,10,10,10,8,8,9,10,7,10,10,8,10,5,8,7,8,9,9,2,3,1,1,0,9,10,8,10,8,10,2,10,10,5,8,8,1,34908
1023,6,12B211,11,40319,2,1,0,01,10,10,10,10,10,10,10,10,10,10,10,10,0,10,10,10,10,10,0,0,0,0,0,10,10,10,10,10,10,0,10,10,10,5,5,1,43634
1023,6,12B211,11,40319,3,1,0,01,10,10,10,9,10,10,10,10,10,10,10,10,5,5,2,5,5,5,5,7,5,0,0,10,5,10,10,10,10,0,10,10,0,5,5,1,8727
1023,6,11B211,11,40365,1,1,0,01,10,10,10,10,10,10,10,10,7,10,9,8,0,8,9,4,9,5,1,0,5,0,0,8,7,9,9,8,8,2,8,9,8,7,7,1,37696
1023,6,11B211,11,40365,4,1,0,02,8,7,9,9,7,8,8,8,8,8,8,9,0,8,9,8,8,8,2,1,2,1,0,8,9,9,8,8,8,5,7,8,8,7,7,1,18848
1023,6,11B211,11,40365,2,1,0,01,9,8,8,8,10,10,10,7,7,8,5,8,2,9,9,8,9,7,1,0,1,0,2,8,8,8,6,8,7,5,7,8,8,7,7,1,9424
1023,6,11B211,11,40365,3,1,0,02,2,2,4,5,4,5,6,7,7,6,8,9,8,7,7,5,5,5,3,3,5,4,4,4,7,7,7,6,8,1,6,8,8,8,8,1,28272
1023,4,12A223,11,40440,3,1,0,01,9,9,10,10,10,10,10,10,10,10,10,10,8,9,9,10,10,10,1,1,0,0,0,8,10,8,8,9,8,4,10,8,10,7,8,1,23070
1023,4,12A223,11,40440,1,1,0,01,10,10,10,10,10,10,10,10,10,10,8,10,3,10,10,8,9,8,0,0,2,0,0,9,10,8,10,9,8,7,9,9,8,8,7,1,15380
1023,4,12A223,11,40440,2,1,0,02,9,9,10,9,10,10,10,8,8,10,8,9,1,8,8,8,9,8,1,2,2,1,0,9,10,8,9,8,6,5,8,8,8,8,8,1,15380
1023,4,12A223,11,40440,4,1,0,02,10,10,10,10,10,8,10,10,10,10,10,10,0,10,10,10,10,10,0,0,0,0,0,10,10,10,10,10,8,0,10,10,10,5,0,1,15380
1023,4,13A223,11,40441,2,1,0,02,10,10,10,10,10,10,10,10,10,10,10,10,6,10,10,10,10,10,0,0,0,0,0,10,10,10,10,10,10,0,10,10,10,10,10,1,17897
1023,4,13A223,11,40441,4,1,0,01,10,9,10,9,10,10,9,9,8,9,7,9,3,7,6,6,8,8,2,3,4,2,2,9,10,10,10,10,8,3,10,9,9,8,8,1,17897
1023,4,13A223,11,40441,3,1,0,01,10,10,10,10,10,10,10,10,10,10,10,0,10,10,8,8,10,10,0,1,2,0,0,10,10,10,10,10,10,3,10,10,10,8,8,1,8948
1023,1,12A226,11,40448,1,1,0,01,9,10,10,10,10,10,10,10,10,10,6,10,0,8,5,5,7,8,2,3,5,0,0,8,8,10,10,10,7,0,10,10,10,10,10,1,6709
1023,1,12A226,11,40448,3,1,0,02,10,0,10,7,10,10,10,10,10,10,10,10,6,10,10,10,10,10,0,0,0,0,0,8,8,10,9,9,7,5,10,10,7,10,8,1,13418
1023,1,12A226,11,40448,4,1,0,01,9,6,10,10,10,10,10,10,10,9,9,9,0,8,9,7,10,10,2,0,3,0,0,8,9,7,7,8,7,0,9,8,8,7,7,1,13418
1023,1,12A226,11,40448,2,1,0,01,10,8,9,8,10,9,9,9,10,10,10,9,5,8,9,5,10,8,1,0,4,0,0,7,8,8,9,9,9,5,9,7,9,9,9,1,26836
1023,8,12A217,11,40451,3,1,0,01,8,8,7,9,9,9,10,10,10,10,10,10,2,10,10,10,10,10,0,0,0,0,0,8,6,8,8,8,8,5,9,9,8,6,7,1,31313
1023,8,12A217,11,40451,2,1,0,01,8,10,9,8,10,8,8,9,9,9,9,8,8,9,9,8,9,9,0,0,1,0,0,7,8,8,9,9,10,5,9,9,9,9,9,1,15656
1023,8,12A217,11,40451,1,1,0,01,7,8,8,7,9,8,7,8,7,8,9,7,5,7,6,5,8,7,2,4,4,1,3,7,6,8,8,7,8,5,8,8,6,8,8,1,15656
1023,8,12A217,11,40451,4,1,0,02,10,10,9,9,10,10,9,10,10,10,8,10,5,7,7,7,10,10,2,2,2,0,0,7,7,10,10,9,9,6,9,8,8,7,7,1,31313
1023,1,11A226,11,40452,3,1,0,01,9,9,8,9,10,10,10,10,9,10,8,10,3,8,7,8,9,8,2,2,2,1,0,8,9,9,8,8,8,2,9,8,8,8,8,1,27440
1023,1,11A226,11,40452,4,1,0,02,6,8,10,10,10,10,10,10,6,10,10,10,7,4,3,7,9,9,6,6,3,0,0,5,10,6,8,6,8,6,9,6,10,4,5,1,13720
1023,1,11A226,11,40452,2,1,0,01,10,8,10,10,10,10,10,10,8,0,10,10,0,9,9,9,9,10,1,1,1,1,0,10,10,10,10,8,10,0,10,10,10,10,5,1,6860
1023,1,11A226,11,40452,1,1,0,02,8,8,9,7,10,7,9,10,8,8,9,8,8,5,5,5,5,6,5,5,5,5,4,8,8,9,8,8,8,4,8,9,6,7,7,1,13720
1023,5,11B212,11,40455,2,1,0,01,10,10,10,10,10,10,10,10,10,10,10,10,0,10,10,9,10,10,0,0,1,0,0,10,10,10,10,10,10,6,10,10,10,10,10,1,14192
1023,5,11B212,11,40455,4,1,0,01,10,10,10,10,10,10,10,10,10,10,10,10,0,10,10,10,10,10,0,0,0,0,0,10,10,10,10,10,10,5,10,10,10,10,10,1,14192
1023,5,11B212,11,40455,3,1,0,01,7,5,8,8,7,8,7,6,7,8,8,8,5,8,8,6,8,7,0,0,4,2,0,5,7,7,8,8,5,5,8,5,2,5,5,1,7096
1023,5,11B212,11,40455,1,1,0,01,8,8,8,10,10,10,10,10,10,10,8,10,5,7,6,6,6,10,3,4,4,4,0,10,10,9,10,10,8,8,10,9,8,9,9,1,14192
1023,4,11A223,11,40487,4,1,0,01,10,10,10,10,10,10,10,10,10,10,10,10,10,10,10,7,10,10,0,0,2,0,0,10,10,10,10,10,10,10,10,10,10,10,10,1,16544
1023,4,11A223,11,40487,2,1,0,01,10,10,10,8,8,10,10,8,10,10,10,10,7,10,9,10,10,10,0,1,0,0,0,8,8,8,8,8,8,0,10,10,10,5,5,1,24816
1023,4,11A223,11,40487,1,1,0,01,5,5,9,7,8,10,8,8,8,8,8,8,0,10,7,9,10,10,0,2,1,0,0,5,10,5,10,8,5,0,10,10,10,5,5,1,24816
1023,4,11A223,11,40487,3,1,0,05,10,10,9,8,8,10,8,8,8,8,8,8,5,7,6,7,8,8,3,3,3,0,0,8,8,7,8,8,10,5,8,10,10,8,8,1,41360
1023,8,11A217,11,40541,1,1,0,01,10,9,10,10,10,10,10,10,10,10,10,10,0,10,10,10,10,10,0,0,0,0,0,8,10,8,10,10,10,5,10,10,10,10,10,1,34912
1023,8,11A217,11,40541,2,1,0,02,10,10,10,10,10,10,10,10,10,10,10,10,10,10,10,10,10,10,0,0,0,0,0,10,10,10,10,10,10,10,10,10,10,10,10,1,26184
1023,8,11A217,11,40541,3,1,0,02,10,10,8,7,7,9,7,7,8,8,8,8,5,10,8,8,10,10,0,1,1,0,0,10,10,10,10,10,10,0,10,10,5,10,10,1,17456
1023,5,12B212,11,40551,4,1,0,01,10,10,10,10,10,10,10,10,10,10,10,10,0,10,7,10,10,10,0,2,0,0,0,9,9,9,10,10,10,7,9,10,9,9,9,1,16681
1023,5,12B212,11,40551,1,1,0,01,9,7,10,10,10,9,9,10,10,9,8,9,5,8,9,10,8,1,1,0,0,0,0,8,9,9,8,9,8,5,9,8,8,7,6,1,8340
1023,5,12B212,11,40551,3,1,0,02,7,8,8,8,8,9,8,9,7,9,7,9,1,8,8,8,9,8,1,0,0,0,0,8,9,9,8,9,8,9,8,8,8,8,7,1,41702
1023,5,12B212,11,40551,2,1,0,02,9,9,9,10,10,10,10,10,10,10,8,10,0,9,10,10,10,10,1,0,0,0,0,9,10,9,10,9,9,8,10,8,8,8,9,1,16681
1023,5,12B212,11,40554,4,1,0,01,10,8,10,10,10,10,10,10,10,10,10,10,5,10,10,7,10,10,0,0,2,0,0,10,10,10,10,10,10,8,10,10,2,8,8,1,24299
1023,5,12B212,11,40554,3,1,0,02,6,8,8,8,7,7,7,5,8,8,9,8,5,6,7,6,7,1,3,3,3,3,2,8,6,7,7,6,7,2,7,7,8,7,8,1,24299
1023,5,12B212,11,40554,1,1,0,01,10,10,9,10,10,9,9,10,9,9,10,9,1,10,9,9,9,9,0,0,1,0,0,9,9,9,10,10,9,2,9,10,10,9,9,1,24299
1023,5,12B212,11,40554,2,1,0,04,7,8,10,10,10,10,8,10,10,10,0,5,7,5,5,5,10,5,5,5,5,0,0,10,7,7,10,8,5,7,8,10,10,7,8,1,48598
1023,1,11A226,11,40588,1,1,0,02,0,10,10,10,10,0,10,10,0,0,0,0,0,0,0,0,0,0,10,10,10,10,0,0,0,10,10,0,0,10,0,0,0,0,0,1,62123
1023,1,11A226,11,40588,4,1,0,01,8,8,9,8,10,9,8,8,9,7,7,8,9,5,4,4,5,7,4,6,5,5,2,8,8,9,7,8,8,7,9,8,7,9,9,1,62123
1023,1,11A226,11,40588,2,1,0,01,8,8,10,10,10,10,10,7,9,9,9,9,7,5,7,6,6,7,4,2,3,3,0,7,8,9,7,9,5,5,9,9,9,7,7,1,31061
1023,1,11A226,11,40588,3,1,0,01,5,5,5,5,5,5,5,5,5,5,5,5,5,5,5,5,5,5,5,5,5,5,5,5,5,5,5,5,5,5,5,5,5,8,5,1,62123
1023,3,11A224,12,40084,3,1,0,01,9,9,10,9,9,10,10,9,8,8,8,9,5,9,8,9,9,9,1,2,1,1,1,5,8,7,9,9,6,4,5,7,8,8,8,1,12209
1023,3,11A224,12,40084,1,1,0,01,9,5,8,6,10,9,9,5,5,7,2,5,1,10,9,10,9,9,0,1,0,1,0,2,9,5,7,7,5,5,5,6,8,8,8,1,6105
1023,3,11A224,12,40084,4,1,0,02,10,8,10,8,10,7,10,8,8,10,8,9,5,9,9,9,9,10,0,1,1,1,0,6,9,8,9,8,5,3,8,6,7,8,8,1,12209
1023,3,11A224,12,40084,2,1,0,01,10,9,10,10,9,9,10,9,10,8,7,9,2,9,9,8,9,9,1,1,2,0,0,8,8,9,10,6,6,0,9,9,8,6,7,1,12209
1023,7,11A218,12,40092,3,1,0,01,5,6,7,5,7,5,7,6,6,6,5,8,6,7,6,7,7,7,2,3,3,2,2,4,6,6,7,5,7,5,6,6,6,7,7,1,6821
1023,7,11A218,12,40092,1,1,0,01,10,9,10,9,9,7,10,10,7,5,10,9,5,9,8,8,9,5,1,1,1,0,4,8,9,10,9,9,5,8,8,8,5,7,9,1,20462
1023,7,11A218,12,40092,4,1,0,03,10,9,9,8,8,10,9,10,9,6,8,6,4,10,9,9,9,9,0,1,1,0,0,5,7,9,9,6,8,0,7,6,6,7,7,1,27283
1023,7,11A218,12,40092,2,1,0,02,5,6,7,5,7,5,7,6,6,6,5,8,6,7,6,7,7,7,2,3,3,2,2,4,6,6,7,5,7,5,6,6,6,7,7,1,20462
1023,3,12A224,12,40121,1,1,0,01,10,8,9,8,10,9,10,9,8,6,9,10,3,9,9,8,9,9,1,1,2,0,0,6,8,8,10,7,10,6,9,8,8,7,8,1,5781
1023,3,12A224,12,40121,2,1,0,01,8,9,7,6,10,9,9,7,6,6,5,7,0,8,8,10,7,8,1,1,0,3,1,5,9,7,8,8,2,0,5,8,7,5,7,1,5781
1023,3,12A224,12,40121,3,1,0,01,8,5,9,9,8,10,10,9,7,9,7,8,5,8,8,7,7,7,2,2,2,3,2,6,9,8,6,6,5,5,7,7,8,6,7,1,11562
1023,2,11A225,12,40217,1,1,0,01,9,6,10,6,10,7,8,7,6,6,2,5,5,6,6,8,7,7,3,3,1,2,2,5,9,8,9,6,5,2,8,5,5,7,7,1,37360
1023,2,11A225,12,40217,4,1,0,01,8,9,8,8,9,9,10,7,10,6,6,7,4,7,7,5,8,8,2,2,4,2,2,6,9,6,5,7,4,2,6,8,8,8,8,1,37360
1023,2,11A225,12,40217,2,1,0,02,9,9,10,8,10,9,10,10,9,8,8,10,2,10,9,8,8,9,0,1,2,1,0,7,8,10,10,7,7,5,9,8,7,8,8,1,37360
1023,2,11A225,12,40217,3,1,0,01,6,9,8,6,10,8,9,5,4,5,5,5,3,8,8,8,8,9,1,1,2,1,0,2,9,5,5,5,5,0,6,6,8,6,7,1,18680
1023,6,11B211,12,40223,3,1,0,03,10,9,10,9,9,5,8,6,5,5,7,8,5,9,9,7,9,9,0,1,3,1,0,4,9,7,10,9,4,6,6,6,5,7,9,1,45350
1023,6,11B211,12,40223,1,1,0,01,9,9,9,7,8,8,9,7,8,8,3,6,1,9,9,10,9,9,1,1,0,1,0,5,7,5,9,9,5,6,6,5,7,7,8,1,15117
1023,6,11B211,12,40223,2,1,0,01,7,5,8,6,8,5,7,7,5,6,7,5,5,8,8,7,8,8,2,1,3,1,1,5,7,6,7,5,5,0,5,7,6,6,8,1,30233
1023,2,11A225,12,40282,3,1,0,01,5,7,5,5,9,7,10,5,5,4,6,6,5,5,5,7,6,6,5,4,2,3,3,2,9,6,8,8,2,0,7,7,6,6,7,1,11460
1023,2,11A225,12,40282,2,1,0,01,7,8,7,5,8,6,8,5,6,6,8,6,6,5,6,6,7,7,4,3,3,2,2,4,5,7,7,7,2,2,5,8,5,7,9,1,11460
1023,2,11A225,12,40282,1,1,0,01,8,8,9,8,8,10,10,9,6,8,6,2,3,8,7,7,8,7,2,3,2,1,2,3,10,7,8,8,5,2,5,7,5,7,7,1,5730
1023,2,11A225,12,40282,4,1,0,02,7,10,8,5,8,8,10,9,7,9,6,7,5,10,9,9,9,9,0,1,1,1,0,5,10,6,9,6,7,3,5,3,4,5,7,1,11460
1023,6,11B211,12,40286,4,1,0,02,9,9,9,9,9,8,10,9,5,6,6,6,2,9,9,10,9,9,0,1,0,1,0,7,9,9,9,7,10,0,6,8,8,7,7,1,12785
1023,6,11B211,12,40286,2,1,0,02,9,7,9,6,8,6,9,5,6,5,8,8,4,7,7,7,8,8,2,2,3,1,1,6,8,8,8,7,6,0,7,7,6,6,6,1,25571
1023,6,11B211,12,40286,3,1,0,03,10,9,10,9,9,10,10,9,9,9,8,9,1,9,9,10,10,9,1,1,0,0,1,8,8,8,10,9,7,5,8,6,7,9,8,1,19178
1023,6,11B211,12,40286,1,1,0,01,9,8,10,9,9,9,8,9,10,7,6,9,2,7,7,7,8,8,2,2,2,1,1,8,9,10,8,7,8,0,9,8,7,4,7,1,19178
1023,8,11A217,12,40311,3,1,1,02,9,9,7,9,8,9,7,8,6,5,8,8,6,10,9,9,8,9,0,0,1,2,0,7,9,7,8,7,8,2,7,8,6,5,8,1,12610
1023,8,11A217,12,40311,1,1,1,01,9,9,9,7,9,8,9,7,8,7,7,7,6,10,9,9,8,9,0,1,1,1,1,7,9,6,6,6,8,5,7,5,6,6,8,1,6305
1023,8,11A217,12,40311,4,1,0,01,6,7,6,6,8,6,9,5,7,5,2,5,5,7,7,7,6,8,2,3,3,3,2,2,8,6,5,6,5,0,5,5,6,6,6,1,18915
1023,8,11A217,12,40311,2,1,0,01,9,8,9,8,5,8,9,5,5,8,9,2,8,8,8,6,7,8,2,2,4,2,1,8,8,7,7,9,5,8,6,9,8,8,9,1,12610
1023,1,11A226,12,40312,2,1,0,01,10,8,10,9,10,9,10,9,7,7,7,10,2,10,9,8,9,10,0,1,2,1,0,7,9,10,9,8,6,2,9,8,7,7,8,1,6581
1023,1,11A226,12,40312,4,1,0,02,8,9,10,8,10,9,9,8,5,5,7,10,2,9,9,9,9,9,1,1,1,1,1,6,8,9,10,6,9,0,8,8,6,5,6,1,13162
1023,1,11A226,12,40312,1,1,0,02,10,9,9,9,10,10,7,9,7,3,6,9,5,9,8,7,7,9,1,1,3,2,1,7,8,9,9,8,7,5,8,9,7,7,8,1,13162
1023,1,11A226,12,40312,3,1,0,02,8,8,8,10,10,10,9,7,9,9,5,6,6,8,8,7,8,9,2,1,3,1,1,5,7,8,8,7,5,5,8,6,6,5,8,1,13162
1023,4,11A223,12,40341,3,1,0,01,8,9,8,8,7,7,7,8,8,5,4,6,8,8,7,7,7,7,2,2,3,2,2,5,8,5,8,8,8,5,7,6,9,7,7,1,24721
1023,4,11A223,12,40341,1,1,0,01,9,9,10,8,8,8,9,8,9,5,6,6,5,9,9,8,8,9,1,0,2,1,0,7,7,7,9,8,7,0,6,7,8,8,8,1,8240
1023,4,11A223,12,40341,4,1,0,01,7,9,8,10,10,9,9,8,10,6,5,9,2,10,9,9,9,9,0,1,1,0,0,7,9,9,10,9,5,0,8,8,7,5,5,1,8240
1023,4,11A223,12,40341,2,1,0,01,9,9,10,9,9,8,10,9,6,8,7,9,2,9,9,9,9,8,1,1,1,0,1,8,8,9,9,9,7,0,7,9,7,8,8,1,32962
1023,8,12A217,12,40379,4,1,0,03,9,9,10,8,9,8,8,9,7,6,9,8,4,9,9,9,9,10,0,1,1,1,0,6,9,9,8,7,5,0,5,7,7,6,9,1,13116
1023,8,12A217,12,40379,2,1,0,01,8,8,8,5,8,9,8,6,7,8,8,5,5,7,7,9,8,8,2,2,1,2,1,6,7,7,7,8,8,0,8,6,7,7,7,1,13116
1023,8,12A217,12,40379,3,1,0,02,9,8,8,8,7,6,8,6,6,9,5,7,3,9,9,7,8,9,0,1,3,2,1,7,7,7,8,8,6,3,5,7,7,5,7,1,13116
1023,8,12A217,12,40379,1,1,0,01,8,7,8,6,9,7,7,8,5,6,9,7,5,8,8,6,7,8,1,2,4,2,2,6,7,7,7,6,7,7,5,9,7,6,8,1,13116
1023,5,11B212,12,40416,1,1,0,01,9,9,8,7,8,8,9,8,5,6,6,7,2,8,8,7,7,8,1,1,2,2,1,6,6,8,8,7,6,2,7,7,6,7,7,1,20297
1023,5,11B212,12,40416,3,1,0,02,10,9,9,9,9,9,8,9,8,7,7,5,5,9,9,10,9,9,0,1,0,1,0,6,7,7,8,8,6,5,8,7,7,8,8,1,13532
1023,5,11B212,12,40416,2,1,0,02,7,8,8,8,7,8,7,7,5,6,7,7,5,9,8,8,8,9,1,2,2,1,0,5,7,6,6,5,5,7,5,5,6,7,8,1,20297
1023,3,13A224,13,40055,4,1,0,02,7,7,7,9,10,8,9,9,10,10,9,8,9,7,5,5,5,5,3,4,4,4,4,7,9,8,8,8,8,0,7,9,8,5,5,1,27928
1023,3,13A224,13,40055,1,1,0,01,9,9,10,10,10,10,10,10,10,10,10,9,1,9,9,9,9,9,1,1,1,1,1,10,10,9,10,10,8,5,10,10,10,5,5,1,18619
1023,3,13A224,13,40055,3,1,0,04,4,4,10,10,10,10,10,10,10,10,6,6,0,10,10,10,10,10,0,0,0,0,0,10,10,10,10,10,10,0,10,10,10,10,10,1,46547
1023,7,13A218,13,40094,4,1,0,01,8,8,8,9,9,9,9,9,10,10,10,10,8,4,4,4,4,4,4,5,4,4,4,9,9,8,8,8,8,5,9,9,9,5,3,1,7540
1023,7,13A218,13,40094,3,1,0,03,6,6,8,10,9,7,9,9,8,10,10,9,7,8,8,5,7,7,1,1,3,2,2,7,7,8,9,3,7,7,6,8,6,6,10,1,22621
1023,7,13A218,13,40094,1,1,0,02,8,8,8,8,8,8,10,8,8,8,7,9,8,5,5,5,5,5,4,4,5,5,5,8,9,9,9,9,9,5,10,9,9,9,7,1,22621
1023,7,11A218,13,40158,4,1,0,01,10,10,10,10,10,10,10,10,10,10,10,10,8,10,7,10,10,5,0,2,0,0,5,5,10,5,10,10,5,10,10,10,10,0,0,1,9717
1023,7,11A218,13,40158,1,1,0,02,8,8,8,8,8,8,9,9,10,10,10,8,7,8,8,5,8,10,2,0,5,0,0,7,8,8,8,10,6,8,10,7,7,5,10,1,19434
1023,7,11A218,13,40158,3,1,0,01,8,7,9,9,8,10,9,9,8,10,7,9,7,8,7,2,5,7,0,2,7,5,2,9,9,8,9,10,9,5,10,10,8,8,9,1,19434
1023,6,12B211,13,40221,2,1,0,02,10,10,10,10,10,10,10,10,10,10,0,10,0,6,5,10,10,10,4,5,0,0,0,10,10,10,10,10,10,10,10,10,10,7,5,1,23604
1023,6,12B211,13,40221,1,1,0,02,9,8,9,8,10,8,10,10,6,10,2,9,10,8,5,7,6,8,2,5,3,0,0,6,8,9,10,10,9,3,8,3,2,1,5,1,15736
1023,6,12B211,13,40221,4,1,1,01,10,10,10,10,10,10,10,10,10,10,10,10,0,5,5,5,5,5,5,5,5,5,5,8,8,8,8,8,8,0,8,8,0,0,0,1,15736
1023,6,12B211,13,40221,3,1,0,01,7,8,8,7,9,8,9,9,6,9,8,7,3,6,5,5,6,7,4,5,5,4,2,7,8,9,9,7,5,0,9,9,7,2,5,1,7868
1023,2,12A225,13,40248,4,1,0,02,10,10,10,10,10,10,10,10,10,10,10,10,0,10,10,10,10,10,0,0,0,0,0,10,9,10,10,10,10,6,10,10,8,8,0,1,13800
1023,2,12A225,13,40248,2,1,0,01,8,9,8,8,9,9,9,8,9,8,7,8,3,5,7,4,7,4,4,2,5,3,2,7,7,8,8,8,5,4,5,8,5,8,8,1,13800
1023,2,12A225,13,40248,3,1,0,01,8,8,10,10,10,10,9,8,10,10,8,7,3,7,7,8,10,10,2,2,0,0,0,8,8,10,10,10,10,6,10,8,8,9,8,1,27599
1023,8,12A217,13,40311,1,1,0,02,8,8,7,8,10,8,8,8,10,8,7,8,7,6,8,6,10,8,4,2,3,0,0,6,8,8,8,9,10,5,10,8,6,5,5,1,15793
1023,8,12A217,13,40311,3,1,0,01,8,9,9,9,9,9,9,10,10,10,10,10,8,10,7,5,10,10,0,3,5,0,0,10,5,10,10,10,10,7,10,10,9,7,7,1,15793
1023,8,12A217,13,40311,4,1,0,01,10,9,10,10,0,10,10,0,0,10,10,10,0,10,10,7,10,10,0,0,2,0,0,10,10,10,10,10,10,5,10,8,10,10,10,1,15793
1023,8,12A217,13,40311,2,1,0,05,9,9,9,9,9,9,9,9,9,9,9,9,1,8,8,8,8,9,1,1,1,1,1,9,10,10,10,10,10,3,10,10,3,4,2,1,31585
1023,1,11A226,13,40313,2,1,0,02,5,10,10,10,10,10,10,10,10,10,10,5,5,9,5,3,10,10,1,0,2,0,0,5,5,10,2,10,6,7,10,10,10,5,10,1,21579
1023,1,11A226,13,40313,4,1,0,02,10,8,10,10,8,10,10,10,8,8,4,10,8,8,6,4,9,10,1,3,5,0,0,9,10,10,10,10,7,8,10,10,7,7,5,1,14386
1023,1,11A226,13,40313,3,1,0,01,10,10,10,10,10,10,10,10,10,10,10,8,0,10,7,10,10,10,0,2,0,0,0,10,10,10,10,10,10,10,10,10,10,10,10,1,7193
1023,1,11A226,13,40313,1,1,0,03,7,9,10,10,10,7,9,10,7,7,10,8,8,10,5,6,10,10,0,0,4,0,0,7,8,9,8,7,10,5,9,8,8,9,5,1,28772
1023,5,12B212,13,40320,4,1,0,01,8,9,9,9,9,9,9,9,10,9,7,9,0,10,10,7,10,10,0,0,3,0,0,8,9,8,9,9,9,0,10,9,7,6,5,1,6609
1023,5,12B212,13,40320,3,1,0,01,10,10,10,10,10,10,10,10,10,10,7,10,2,9,10,10,9,9,1,0,0,0,0,9,10,9,10,9,8,8,10,9,9,8,8,1,13218
1023,5,12B212,13,40320,1,1,0,03,10,10,10,8,7,9,9,10,9,8,10,8,3,5,2,5,9,5,3,7,2,1,0,10,10,7,10,7,3,3,6,10,10,7,8,1,19827
1023,4,11A223,13,40338,1,1,0,01,8,5,9,8,9,9,9,9,8,9,8,8,8,9,9,5,8,8,0,0,5,0,0,9,9,9,8,8,8,7,8,9,7,6,6,1,14597
1023,4,11A223,13,40338,4,1,0,01,8,6,8,10,10,10,10,10,10,10,7,10,2,9,9,9,9,9,1,1,1,1,1,8,9,9,10,9,8,10,10,9,5,8,8,1,21896
1023,4,11A223,13,40338,2,1,0,02,8,5,10,10,10,10,10,10,10,10,10,10,1,5,10,5,5,10,5,0,5,0,0,8,10,10,8,10,10,4,10,7,7,8,10,1,14597
1023,4,11A223,13,40338,3,1,0,04,10,7,10,10,10,10,10,10,10,10,7,10,2,8,5,7,5,7,2,0,2,2,2,10,10,10,10,8,5,10,10,10,5,5,5,1,29195
1023,1,13A226,13,40348,4,1,0,01,10,10,10,10,10,10,9,10,10,9,0,10,10,8,7,5,8,9,1,0,4,0,0,10,10,10,9,10,10,5,10,10,0,5,5,1,16833
1023,1,13A226,13,40348,1,1,0,02,8,8,9,9,9,10,10,10,10,10,8,9,8,7,8,8,9,10,0,0,0,0,0,8,9,9,10,8,8,8,10,10,10,8,8,1,11222
1023,1,13A226,13,40348,2,1,0,05,10,10,9,10,10,10,10,10,10,10,7,8,8,5,5,3,6,10,0,5,6,4,0,8,7,5,5,10,6,5,8,10,10,10,8,1,22444
1023,5,13B212,13,40388,2,1,0,02,8,8,9,9,9,9,10,10,10,10,9,10,7,10,10,5,10,5,0,0,5,0,0,9,9,10,10,9,9,5,9,9,9,9,10,1,15543
1023,5,13B212,13,40388,4,1,0,02,8,7,9,4,7,8,7,10,10,8,10,8,9,7,6,8,10,7,0,3,2,0,3,8,7,8,10,9,3,8,9,9,7,3,1,1,15543
1023,5,13B212,13,40388,3,1,0,03,10,8,10,10,10,10,10,10,10,10,7,9,0,9,10,10,10,10,1,0,0,0,0,10,8,10,10,8,8,8,10,10,9,8,8,1,23314
1023,4,13A223,13,40404,3,1,0,01,9,9,9,10,8,10,10,10,7,9,10,9,8,8,8,8,8,8,2,2,2,1,2,9,7,8,10,9,7,1,9,10,9,7,7,1,17501
1023,4,13A223,13,40404,1,1,0,02,7,7,9,10,10,9,10,10,7,9,10,9,2,10,8,5,10,9,0,1,4,0,0,6,9,9,10,8,10,0,10,10,6,6,2,1,26252
1023,4,13A223,13,40404,2,1,0,03,9,9,9,10,10,10,9,9,10,10,8,8,5,7,4,3,7,4,2,5,6,2,5,8,4,9,10,9,2,1,9,8,10,1,0,1,35002
1023,3,12A224,14,40033,1,1,0,03,8,8,8,8,8,8,8,8,8,8,8,8,8,8,8,8,8,8,0,0,0,0,0,8,8,8,8,8,8,5,8,8,7,6,5,1,21739
1023,3,12A224,14,40033,3,1,0,01,5,3,7,9,7,7,7,7,7,7,7,7,5,8,7,7,8,6,0,3,3,0,4,7,9,7,8,7,9,8,9,7,8,8,7,1,14493
1023,3,12A224,14,40033,4,1,0,02,7,9,8,8,8,8,8,8,8,8,8,8,7,8,8,8,8,0,0,0,0,0,0,8,8,8,8,8,8,5,8,8,8,7,5,1,14493
1023,3,12A224,14,40033,2,1,0,01,6,7,7,7,7,7,7,7,7,7,7,7,6,7,7,7,7,7,2,2,2,0,1,8,8,8,8,8,8,3,8,8,7,5,3,1,14493
1023,7,12A218,14,40042,3,1,0,02,8,8,8,8,9,9,9,9,9,9,9,8,8,10,10,9,9,9,0,0,1,1,1,8,9,9,9,9,9,3,8,6,6,6,6,1,14911
1023,7,12A218,14,40042,4,1,0,02,7,7,7,7,7,8,8,8,9,9,10,9,2,8,7,7,7,8,2,3,3,3,2,9,9,8,8,8,7,4,8,7,5,5,5,1,14911
1023,7,12A218,14,40042,2,1,0,01,10,10,10,10,9,8,8,8,9,8,9,8,3,10,10,10,10,10,0,0,0,0,0,10,9,9,9,9,9,0,8,10,8,2,4,1,14911
1023,7,12A218,14,40042,1,1,0,01,9,9,9,8,9,9,8,8,8,9,9,8,8,9,9,9,9,10,1,1,1,1,0,8,9,9,9,9,9,3,8,10,9,5,5,1,14911
1023,7,12A218,14,40044,3,1,1,01,7,7,7,7,7,7,7,7,7,7,7,7,7,8,8,8,8,8,0,0,0,0,0,8,10,8,8,8,8,3,7,7,7,3,2,1,7891
1023,7,12A218,14,40044,4,1,0,01,5,6,7,6,6,6,6,6,6,6,6,6,6,6,6,6,6,6,0,3,3,0,0,7,8,7,7,7,7,5,8,7,5,5,3,1,23673
1023,7,12A218,14,40044,1,1,0,08,7,7,7,7,7,7,7,7,7,7,7,7,7,7,7,7,7,7,0,0,0,0,0,7,7,7,7,7,7,7,7,7,7,7,7,1,23673
1023,7,13A218,14,40045,2,1,0,03,10,10,10,10,9,8,9,10,9,9,6,9,7,9,8,8,8,9,0,1,2,1,0,9,9,9,9,8,9,3,9,10,8,8,7,1,33521
1023,7,13A218,14,40045,3,1,0,03,9,9,9,10,7,9,9,10,9,10,9,9,6,10,9,9,9,10,0,0,1,1,0,8,9,9,9,9,9,4,9,9,9,5,5,1,44694
1023,7,11A218,14,40046,4,1,0,01,8,7,9,10,9,9,8,10,9,9,10,9,6,10,9,9,9,10,0,0,1,0,0,9,9,9,9,10,9,2,9,10,9,6,6,1,51365
1023,7,11A218,14,40046,2,1,0,04,7,8,10,8,7,9,8,8,10,8,3,8,5,9,8,7,8,9,1,1,3,1,0,8,8,5,3,9,7,5,9,4,3,3,7,1,25682
1023,7,11A218,14,40046,3,1,0,02,8,8,9,8,7,10,10,8,7,10,8,8,7,9,8,7,10,10,1,2,2,0,0,8,10,8,10,8,8,5,10,7,6,7,7,1,17122
1023,3,12A224,14,40075,2,1,0,01,9,10,9,9,8,7,8,8,8,8,10,8,6,7,6,5,5,5,3,4,5,5,4,7,7,7,7,8,10,3,10,10,7,5,5,1,8317
1023,3,12A224,14,40075,1,1,0,01,9,9,9,9,9,9,9,9,9,10,10,10,10,10,10,10,10,10,0,0,0,0,0,9,9,10,10,10,10,4,10,10,8,7,7,1,16634
1023,3,12A224,14,40075,3,1,0,02,8,8,8,8,8,8,10,10,10,10,10,10,5,5,5,5,5,6,5,3,5,0,0,9,8,10,10,10,7,6,10,10,10,6,8,1,16634
1023,3,13A224,14,40082,1,1,0,01,8,9,10,10,10,10,10,8,10,10,10,10,8,7,5,5,4,5,2,5,4,5,4,9,8,7,6,6,8,7,9,8,10,8,8,1,9961
1023,3,13A224,14,40082,2,1,0,03,10,10,10,10,10,10,10,10,10,10,10,9,8,3,3,5,6,8,6,6,5,3,0,7,10,10,9,8,7,8,7,7,7,8,7,1,29883
1023,3,13A224,14,40082,4,1,0,01,8,8,8,8,8,8,8,8,8,8,10,9,8,7,7,5,5,5,3,3,5,3,3,8,8,8,8,7,7,7,7,9,8,6,7,1,9961
1023,3,13A224,14,40082,3,1,0,01,8,8,8,8,8,8,8,8,8,8,10,8,9,5,5,5,4,5,5,4,5,5,5,8,6,8,8,7,6,5,7,10,8,7,7,1,9961
1023,3,12A224,14,40123,4,1,0,01,8,8,9,8,9,8,10,10,8,10,10,9,8,6,5,10,10,8,3,5,0,0,1,8,8,7,8,7,5,5,9,10,8,7,7,1,16283
1023,3,12A224,14,40123,3,1,0,01,8,9,10,7,10,10,9,8,10,8,7,9,7,6,5,9,7,7,3,5,1,2,0,8,8,7,9,7,10,7,10,7,8,7,8,1,8141
1023,3,12A224,14,40123,2,1,0,03,8,8,10,8,10,10,10,10,7,9,8,10,5,6,3,9,10,7,3,7,1,0,0,9,10,10,10,8,7,5,9,7,8,6,5,1,24424
1023,7,11A218,14,40136,2,1,0,01,9,9,8,9,9,8,9,9,8,9,7,8,6,10,8,7,9,8,0,2,2,1,1,9,9,9,9,10,10,1,9,8,8,7,7,1,19868
1023,7,11A218,14,40136,3,1,0,01,6,6,8,10,10,8,7,7,8,8,0,7,6,4,4,5,5,4,6,5,5,5,6,8,7,7,7,7,6,5,5,5,8,5,8,1,9934
1023,7,11A218,14,40136,4,1,0,02,7,1,8,8,8,8,8,9,8,8,8,7,7,7,7,8,7,7,2,2,2,2,3,8,7,8,9,9,9,5,9,9,9,5,6,1,49671
1023,3,11A224,14,40169,1,1,0,01,8,8,7,7,7,7,7,7,7,7,7,7,7,8,8,8,8,8,0,0,0,0,0,7,7,7,7,7,8,5,7,7,7,7,7,1,25731
1023,3,11A224,14,40169,4,1,0,02,8,7,8,8,8,8,8,8,8,8,7,7,7,8,8,8,8,8,0,2,2,0,0,7,7,7,7,7,7,6,7,7,7,6,6,1,51461
1023,3,11A224,14,40169,3,1,0,01,9,8,10,9,10,10,10,10,10,10,10,8,9,10,10,7,10,10,0,0,2,0,0,10,10,10,10,10,10,9,10,10,9,9,9,1,25731
1023,3,11A224,14,40169,2,1,0,03,7,7,7,7,7,7,7,7,7,7,7,7,7,7,7,7,7,7,0,0,0,0,0,7,7,7,7,7,7,5,7,7,6,5,3,1,51461
1023,3,13A224,14,40171,2,1,0,01,8,9,9,10,9,9,9,10,9,9,8,8,5,9,9,9,9,8,0,1,1,1,0,9,9,9,10,9,7,0,10,9,9,7,7,1,47294
1023,3,13A224,14,40171,3,1,0,02,8,7,9,9,9,9,9,10,9,9,7,9,7,9,9,8,9,8,1,1,1,1,0,9,10,9,9,9,9,7,10,9,8,6,6,1,18918
1023,3,13A224,14,40171,1,1,0,02,9,7,8,8,8,8,9,9,9,9,9,8,3,8,8,7,8,8,2,1,2,2,1,8,9,8,8,9,8,7,8,8,9,8,6,1,28376
1023,1,12A226,14,40174,2,1,0,03,9,8,10,10,9,9,8,9,9,10,8,9,4,9,8,9,9,10,1,0,1,0,0,9,9,9,9,8,8,7,10,9,9,7,5,1,35833
1023,1,12A226,14,40174,4,1,0,01,8,8,9,9,10,9,10,9,9,9,7,9,7,8,7,8,6,8,0,2,2,1,1,8,9,8,9,8,8,0,8,9,8,7,5,1,8958
1023,1,12A226,14,40174,3,1,0,05,6,6,9,9,9,8,9,8,7,9,3,9,5,8,8,7,8,7,0,2,2,1,1,8,10,8,7,7,7,5,8,8,7,5,5,1,44791
1023,1,12A226,14,40174,1,1,0,05,9,9,10,10,9,8,9,9,8,9,8,8,7,9,7,8,8,7,0,3,1,2,0,9,10,9,9,9,7,5,9,8,7,6,5,1,53749
1023,7,12A218,14,40176,3,1,0,03,9,9,9,9,10,9,10,10,9,9,5,8,3,8,9,8,8,8,1,1,2,2,0,9,8,9,9,10,7,2,9,8,10,7,6,1,23246
1023,7,12A218,14,40176,4,1,0,01,9,9,10,9,9,9,9,10,9,9,7,8,9,9,7,8,8,8,1,3,2,2,2,9,8,9,9,8,6,5,9,9,9,7,6,1,30995
1023,7,12A218,14,40176,2,1,0,01,8,8,9,9,9,8,9,9,9,8,6,9,2,9,8,8,9,9,1,0,2,1,1,9,9,8,9,8,9,7,9,9,10,8,8,1,15497
1023,7,12A218,14,40176,1,1,0,01,8,8,8,9,9,9,10,8,9,8,6,8,7,8,8,8,9,7,2,2,2,1,2,8,8,9,8,7,6,5,8,8,7,7,6,1,30995
1023,7,12A218,14,40178,3,1,0,03,8,8,8,9,8,8,9,10,8,8,7,8,3,7,7,8,9,9,1,2,1,0,0,10,7,9,9,8,7,4,7,10,10,10,10,1,30586
1023,7,12A218,14,40178,2,1,0,01,10,10,10,7,8,10,10,10,7,10,9,10,3,10,7,7,10,8,0,3,3,0,0,8,8,8,10,8,8,0,9,9,9,8,6,1,15293
1023,7,12A218,14,40178,4,1,0,02,10,10,10,9,10,10,10,10,10,10,9,10,0,10,10,10,10,10,0,0,0,0,0,10,10,9,10,10,8,1,10,8,8,8,9,1,22939
1023,7,12A218,14,40178,1,1,0,01,7,7,10,8,9,8,7,9,8,8,9,9,7,10,6,5,9,8,0,2,0,0,0,7,8,7,9,8,8,6,8,7,8,8,7,1,22939
1023,7,11A218,14,40182,1,1,0,02,8,8,9,9,9,9,8,9,8,8,9,8,3,7,7,7,7,7,0,0,0,0,0,7,8,9,9,9,7,1,7,9,5,5,5,1,14843
1023,7,11A218,14,40182,3,1,0,02,9,9,9,9,9,8,8,9,9,9,4,8,2,10,10,10,8,9,0,0,0,0,0,8,9,6,8,9,8,0,8,7,4,6,5,1,22265
1023,7,11A218,14,40182,2,1,0,01,8,8,8,8,8,8,8,8,8,7,9,8,2,8,8,5,5,8,1,1,4,5,2,8,8,8,8,8,8,5,8,8,5,5,5,1,14843
1023,7,11A218,14,40182,4,1,0,03,8,7,8,7,8,8,8,8,8,9,9,8,1,8,7,7,9,9,1,2,2,1,1,8,8,8,8,9,7,0,8,8,3,3,3,1,29686
1023,3,12A224,14,40218,4,1,0,01,8,8,8,9,9,8,8,8,9,8,9,8,4,7,8,8,8,8,3,2,2,2,2,8,9,9,8,9,7,3,8,9,8,6,5,1,16650
1023,3,12A224,14,40218,1,1,0,01,7,8,9,8,8,8,9,9,9,8,9,8,4,5,10,10,10,10,5,0,0,0,0,9,7,7,8,8,8,3,8,9,9,5,4,1,16650
1023,3,12A224,14,40218,2,1,0,04,8,8,7,9,8,8,8,8,9,8,7,9,3,8,8,8,8,8,0,0,0,0,0,9,9,9,9,9,8,5,8,9,8,5,5,1,24975
1023,3,12A224,14,40218,3,1,0,01,9,9,9,9,9,8,9,9,9,9,8,9,5,10,10,10,10,10,0,0,0,0,0,9,8,8,8,9,7,0,7,9,8,8,7,1,16650
1023,3,11A224,14,40219,4,1,0,01,7,7,7,7,7,7,7,7,7,7,7,7,7,5,5,5,5,5,5,5,5,5,5,7,8,8,8,8,8,5,8,8,7,6,5,1,31819
1023,3,11A224,14,40219,2,1,0,01,7,9,7,7,7,7,7,7,7,7,7,7,7,7,7,7,7,8,0,0,0,0,0,7,8,8,8,8,8,3,8,8,7,6,3,1,10606
1023,3,11A224,14,40219,3,1,0,02,6,6,7,7,7,7,7,7,7,7,7,7,7,8,8,8,8,8,0,2,2,0,0,8,8,7,5,7,7,6,7,7,7,5,3,1,21213
1023,3,11A224,14,40219,1,1,0,01,5,5,5,5,6,6,6,6,6,6,6,6,6,5,5,5,5,5,5,5,5,5,5,8,8,7,7,7,7,5,8,8,7,6,5,1,31819
1023,2,12A225,14,40261,4,1,0,01,8,8,8,8,8,8,8,8,8,8,4,8,3,10,10,10,10,10,0,0,0,0,0,8,8,8,8,8,9,0,7,9,2,3,3,1,8032
1023,2,12A225,14,40261,1,1,0,02,8,7,8,7,8,8,7,9,7,8,9,7,4,9,8,8,8,8,1,1,1,1,1,9,8,8,9,8,8,3,7,8,4,5,5,1,16064
1023,2,12A225,14,40261,3,1,0,01,8,7,9,7,8,9,9,9,8,8,6,9,0,10,10,10,10,10,0,0,0,0,0,9,9,9,9,9,8,0,8,9,5,5,5,1,8032
1023,2,12A225,14,40261,2,1,0,02,8,8,7,8,8,8,8,8,9,9,8,9,3,10,10,10,10,10,0,0,0,0,0,7,8,8,9,6,7,0,7,9,3,3,4,1,32128
1023,2,13A225,14,40263,2,1,0,02,9,9,10,10,8,6,10,10,10,10,10,10,8,2,7,7,6,7,8,2,2,4,2,3,9,9,10,10,8,7,7,9,8,6,5,1,21778
1023,2,13A225,14,40263,4,1,0,04,8,8,8,8,3,0,8,9,3,10,10,10,6,5,3,2,5,5,5,6,7,4,5,8,3,6,8,7,8,7,6,8,8,3,9,1,21778
1023,2,12A225,14,40264,1,1,1,02,9,7,10,8,8,10,10,10,9,10,10,10,1,10,10,10,10,10,0,0,0,0,0,9,10,9,10,9,9,5,9,9,8,8,9,1,15668
1023,2,12A225,14,40264,2,1,0,01,9,9,10,9,8,9,8,8,9,10,8,9,3,10,8,7,10,10,0,2,2,0,0,9,10,10,10,9,7,7,10,9,9,7,8,1,15668
1023,2,12A225,14,40264,3,1,0,01,10,9,10,9,10,8,10,10,10,10,5,9,10,8,8,7,10,9,2,1,2,0,0,10,7,8,10,1,5,0,5,10,10,8,5,1,15668
1023,2,11A225,14,40265,1,1,0,03,10,5,10,8,9,10,9,10,10,10,10,10,0,8,6,6,8,7,0,3,3,0,2,10,10,10,10,10,10,7,10,10,10,7,8,1,22221
1023,2,11A225,14,40265,2,1,0,01,7,8,8,5,10,10,8,10,7,10,10,8,0,8,10,5,10,10,1,0,5,0,0,7,5,8,8,5,9,7,8,8,8,8,8,1,14814
1023,2,11A225,14,40265,4,1,0,02,10,10,10,8,8,9,8,10,8,10,10,8,1,10,7,10,10,10,0,2,0,0,0,7,9,8,10,8,8,7,8,7,7,8,8,1,14814
1023,2,11A225,14,40265,3,1,0,02,8,6,7,8,10,9,10,7,10,10,5,10,6,5,8,10,7,5,5,1,0,0,5,8,4,8,10,10,7,2,10,8,8,10,7,1,14814
1023,6,13B211,14,40269,2,1,0,02,9,9,8,8,8,8,8,8,8,8,8,8,7,9,8,8,8,9,0,1,1,1,0,8,9,9,9,8,8,3,8,8,8,3,3,1,25681
1023,6,13B211,14,40269,4,1,0,02,8,8,8,8,8,8,8,8,8,8,8,8,8,9,9,9,9,9,0,1,1,0,0,9,9,9,9,9,9,5,9,9,8,5,5,1,34241
1023,6,13B211,14,40269,1,1,0,05,7,7,7,7,7,7,7,7,7,7,7,7,7,8,8,8,8,8,0,0,0,0,0,7,7,8,8,8,8,5,8,8,8,8,5,1,8560
1023,6,12B211,14,40274,2,1,0,02,8,7,8,8,8,8,8,8,8,8,8,8,7,8,8,8,8,8,0,0,2,0,0,8,8,8,8,8,8,5,8,7,7,6,5,1,16072
1023,6,12B211,14,40274,1,1,0,06,8,8,8,8,8,8,8,8,8,8,8,8,8,8,8,8,8,8,0,0,0,0,0,8,8,8,8,8,8,5,8,8,7,6,5,1,32144
1023,6,12B211,14,40274,3,1,1,01,7,7,7,7,7,7,7,7,7,7,7,7,7,5,5,5,5,5,5,5,5,5,5,7,7,7,7,7,7,5,7,7,7,5,5,1,8036
1023,6,12B211,14,40274,4,1,0,03,6,6,6,6,6,6,6,6,6,6,6,6,6,7,7,7,7,7,0,0,0,0,0,6,7,6,6,6,6,5,6,6,6,5,4,1,24108
1023,6,13B211,14,40275,1,1,0,02,7,6,10,10,10,9,9,9,10,9,10,10,0,10,10,10,10,10,0,0,0,0,0,9,8,10,10,9,6,6,10,10,9,9,8,1,42253
1023,6,13B211,14,40275,3,1,0,01,10,8,8,7,10,8,10,10,10,10,0,8,2,10,10,10,10,10,0,0,0,0,0,10,10,10,10,8,10,3,10,10,10,10,10,1,31690
1023,6,13B211,14,40275,2,1,0,01,7,8,10,10,8,10,10,10,7,8,7,10,5,7,5,8,8,9,3,5,1,0,0,9,10,10,10,8,8,0,8,9,8,7,5,1,52816
1023,6,13B211,14,40275,4,1,0,03,8,8,10,10,10,10,10,10,9,10,7,7,2,8,4,6,7,9,2,5,3,1,0,6,10,8,10,10,5,2,8,6,8,9,6,1,31690
1023,2,12A225,14,40309,4,1,0,01,8,8,8,7,8,8,7,7,9,7,10,9,2,10,10,10,10,10,0,0,0,0,0,9,9,9,9,9,9,9,9,9,6,9,9,1,16973
1023,2,12A225,14,40309,3,1,0,01,8,8,7,7,10,7,8,8,7,7,2,7,5,10,8,8,8,8,0,0,0,0,0,7,8,8,8,8,8,0,7,7,7,4,2,1,25460
1023,2,12A225,14,40309,2,1,0,02,8,7,8,8,8,8,8,8,8,8,8,8,3,9,8,9,7,8,1,2,1,3,2,9,8,8,8,8,8,3,8,8,8,6,2,1,16973
1023,2,12A225,14,40309,1,1,0,02,9,9,8,8,9,9,8,8,8,8,8,9,2,7,9,7,7,8,2,1,2,2,0,8,8,8,8,8,8,7,8,9,9,9,8,1,16973
1023,6,12B211,14,40314,2,1,0,02,9,9,9,9,9,9,9,9,8,9,10,9,3,9,9,9,8,7,0,0,0,0,2,8,8,8,8,8,7,7,8,8,8,5,7,1,24096
1023,6,12B211,14,40314,1,1,0,01,8,8,8,9,8,7,8,8,8,9,8,8,3,9,8,8,8,8,0,0,0,0,0,8,7,8,8,8,8,3,8,9,6,6,5,1,32128
1023,6,12B211,14,40314,3,1,0,01,7,7,7,7,8,8,8,8,7,8,7,7,4,5,6,6,6,6,5,3,3,3,3,7,7,7,6,6,6,0,7,6,5,5,5,1,24096
1023,6,11B211,14,40320,2,1,1,04,10,9,10,8,10,10,10,10,10,8,6,8,8,3,3,10,9,7,3,7,0,1,0,9,9,10,8,9,7,6,8,9,6,7,5,1,34482
1023,6,11B211,14,40320,1,1,1,01,10,8,10,10,10,9,10,10,10,10,10,10,7,8,7,9,10,10,1,2,1,0,0,10,10,8,10,10,8,9,10,10,10,10,10,1,17241
1023,6,11B211,14,40320,4,1,0,02,8,8,9,8,8,7,9,8,10,10,8,8,7,7,7,7,10,5,3,2,3,0,2,7,9,8,8,7,5,5,9,7,3,6,6,1,17241
1023,6,11B211,14,40320,3,1,0,01,9,9,10,8,8,10,10,10,7,10,8,10,0,7,3,10,10,8,2,5,0,0,0,9,10,9,10,9,8,5,10,8,9,7,8,1,25862
1023,2,11A225,14,40358,4,1,0,01,8,9,9,8,10,8,9,9,8,10,10,8,3,10,9,6,8,9,0,1,3,0,0,9,7,9,8,9,10,3,10,7,7,7,3,1,21963
1023,2,11A225,14,40358,1,1,0,02,6,8,10,8,7,8,9,8,7,10,10,10,7,10,9,7,10,10,0,1,2,0,0,8,9,8,10,8,8,6,8,8,9,7,7,1,32944
1023,2,11A225,14,40358,2,1,0,01,10,10,10,10,10,10,10,10,10,8,0,9,0,6,7,10,9,10,3,2,0,1,0,8,10,7,10,5,8,0,10,8,7,3,4,1,21963
1023,6,12B211,14,40363,2,1,0,02,6,6,6,6,6,6,6,6,6,6,6,6,6,8,8,8,8,8,0,2,2,0,0,7,7,7,8,8,8,6,6,7,6,5,5,1,27599
1023,6,12B211,14,40363,4,1,0,01,5,6,7,7,6,6,6,6,6,6,6,6,6,8,8,8,8,8,0,0,2,2,0,7,7,8,8,8,8,3,8,8,7,6,0,1,41399
1023,6,12B211,14,40363,3,1,0,01,6,6,6,6,6,6,6,6,6,6,6,6,6,7,7,7,7,7,0,0,2,0,0,7,7,7,7,7,7,5,7,7,7,6,5,1,55198
1023,6,12B211,14,40363,1,1,0,02,8,8,8,8,8,8,8,8,8,8,8,8,7,8,8,8,8,8,0,1,1,0,0,8,8,8,8,8,8,5,8,8,7,5,4,1,27599
1023,6,12B211,14,40365,3,1,0,02,9,9,9,9,9,9,9,9,9,9,8,8,9,9,9,9,9,5,0,0,0,0,5,8,9,9,9,9,9,6,9,9,8,7,6,1,16080
1023,6,12B211,14,40365,4,1,0,01,5,5,5,5,5,5,5,5,5,5,5,5,5,5,5,5,5,5,5,5,5,0,0,5,5,5,5,5,5,5,5,5,6,5,5,1,16080
1023,6,12B211,14,40365,1,1,0,05,7,7,7,7,7,7,7,7,7,7,7,7,7,7,7,7,7,7,0,2,2,0,0,7,7,7,7,7,7,7,7,7,6,6,6,1,48240
1023,6,12B211,14,40365,2,1,0,01,9,9,9,9,9,9,9,9,9,9,10,9,9,5,5,5,3,2,4,5,4,6,7,8,7,8,8,8,8,8,8,8,8,7,6,1,8040
1023,2,13A225,14,40399,3,1,0,01,7,8,8,7,10,8,10,10,9,8,7,8,7,2,2,5,6,4,7,7,1,4,0,7,5,7,9,5,8,0,9,10,8,6,3,1,19573
1023,2,13A225,14,40399,2,1,0,01,9,8,10,9,10,9,8,10,9,9,9,10,7,8,7,7,9,9,1,2,0,1,1,8,9,7,8,5,10,7,9,10,8,6,6,1,29360
1023,2,12A225,14,40402,4,1,0,02,8,8,8,8,8,8,8,9,9,9,9,9,2,8,8,8,8,8,0,0,0,0,0,8,9,8,7,8,7,3,8,8,5,5,5,1,20271
1023,2,12A225,14,40402,2,1,0,01,9,8,9,9,9,9,9,9,9,9,10,9,2,9,7,6,6,6,1,2,4,4,3,5,9,9,9,9,9,3,7,9,4,5,4,1,13514
1023,2,12A225,14,40402,1,1,0,01,9,9,9,9,9,8,9,9,9,9,6,9,9,10,10,10,9,6,0,0,0,1,4,8,9,9,9,9,8,3,8,6,5,5,5,1,6757
1023,6,11B211,14,40412,4,1,0,03,9,9,10,8,10,10,10,10,8,10,10,9,7,10,8,7,9,10,0,1,2,1,0,8,8,9,8,8,9,3,8,8,8,8,9,1,33185
1023,6,11B211,14,40412,3,1,1,01,10,8,10,9,10,10,10,10,10,9,3,10,3,10,9,9,10,10,0,1,1,0,0,9,10,10,10,10,8,6,8,8,8,8,8,1,22124
1023,6,11B211,14,40412,1,1,0,02,8,8,10,9,10,10,10,10,8,10,9,10,5,8,7,8,10,7,1,2,1,0,0,8,9,9,9,8,10,0,8,7,6,8,8,1,33185
1023,6,11B211,14,40412,2,1,1,01,9,9,10,10,10,10,10,10,10,10,5,10,7,10,6,10,10,10,0,3,0,0,0,9,10,10,9,10,8,3,10,8,5,5,3,1,11062
1023,4,12A223,14,40437,1,1,0,02,7,8,7,7,8,7,6,7,7,7,10,7,4,6,6,5,7,5,4,4,5,1,1,6,3,7,7,7,7,7,7,9,9,6,8,1,26232
1023,4,12A223,14,40437,3,1,0,05,10,10,10,10,10,3,10,10,10,10,10,10,9,4,7,6,6,5,5,2,4,3,4,7,10,10,10,9,8,8,9,8,8,9,10,1,43719
1023,4,12A223,14,40437,4,1,0,02,10,10,10,10,10,10,10,10,10,8,10,10,5,3,4,4,3,1,6,6,6,7,8,6,7,5,5,6,7,3,6,5,2,5,5,1,17488
1023,4,12A223,14,40438,1,1,0,03,7,8,8,8,8,10,7,8,9,10,10,9,8,7,6,5,6,10,3,4,5,3,0,7,8,8,10,10,10,6,8,10,8,7,10,1,25654
1023,4,12A223,14,40438,4,1,0,04,10,10,10,10,10,10,9,9,9,9,10,9,10,9,9,7,8,8,0,0,2,1,2,6,7,9,10,10,10,10,10,9,9,4,10,1,34206
1023,4,12A223,14,40438,3,1,0,01,9,9,9,9,9,8,9,10,10,10,10,10,3,4,5,5,7,8,5,4,4,2,2,10,10,8,8,7,7,8,8,8,9,9,8,1,17103
1023,1,11A226,14,40446,4,1,0,01,4,6,6,7,7,7,7,8,8,8,8,8,3,3,5,7,5,7,6,4,3,5,2,7,8,8,8,8,8,4,8,8,4,4,7,1,19399
1023,1,11A226,14,40446,2,1,0,01,8,8,8,8,8,8,9,9,8,8,8,4,6,9,9,9,8,7,1,1,1,1,3,10,2,2,10,10,9,0,8,8,8,8,2,1,19399
1023,8,11A217,14,40450,1,1,0,01,8,8,8,8,8,8,8,8,10,10,8,7,5,8,5,5,7,7,1,2,3,3,3,8,9,7,7,8,6,2,7,8,8,4,3,1,25089
1023,8,11A217,14,40450,3,1,0,01,8,8,9,9,9,9,9,9,9,8,9,9,3,10,10,10,10,10,0,0,0,0,0,9,10,9,10,9,9,3,8,10,10,10,6,1,16726
1023,8,11A217,14,40450,2,1,0,03,10,10,9,7,9,9,9,9,10,8,9,9,9,9,5,7,7,9,1,2,3,2,1,8,9,8,7,7,7,4,7,9,8,6,6,1,33452
1023,8,11A217,14,40450,4,1,0,03,7,8,8,8,9,8,9,8,9,9,5,9,9,8,7,8,8,9,2,2,2,2,1,8,10,8,8,9,8,9,8,9,6,6,6,1,41815
1023,5,12B212,14,40455,2,1,0,04,10,10,9,9,8,8,8,8,8,8,8,8,8,5,5,5,5,5,5,5,5,5,5,8,10,9,10,10,10,9,10,8,6,6,6,1,34225
1023,5,12B212,14,40455,3,1,0,01,7,7,5,5,5,5,5,6,6,6,6,5,6,5,5,6,4,4,4,4,4,3,5,5,5,7,7,7,7,9,7,6,7,7,7,1,8556
1023,5,12B212,14,40455,1,1,0,02,8,7,9,9,9,9,9,8,7,8,8,9,8,6,7,7,7,3,3,2,3,3,6,7,9,8,7,8,6,8,9,9,9,9,10,1,25669
1023,4,11A223,14,40488,4,1,0,02,7,8,7,8,7,8,7,8,7,8,8,7,3,7,7,6,8,4,0,2,3,1,6,8,5,7,8,7,8,5,7,8,7,5,5,1,7567
1023,4,11A223,14,40488,3,1,0,02,7,8,9,8,10,9,10,10,8,10,8,9,2,10,7,10,10,10,0,2,0,0,0,9,8,9,10,8,8,7,10,10,7,6,7,1,30269
1023,4,11A223,14,40488,2,1,0,02,10,10,10,10,9,9,9,10,9,9,9,10,0,8,5,10,10,10,2,2,0,0,0,10,10,10,8,5,9,0,10,10,5,8,8,1,30269
1023,8,12A217,14,40491,3,1,0,01,8,8,8,7,6,8,7,5,7,9,9,8,9,10,10,10,9,9,0,0,0,1,0,7,5,7,6,5,5,2,8,7,8,7,8,1,8487
1023,8,12A217,14,40491,2,1,0,01,8,9,8,8,8,9,9,10,10,9,8,9,4,9,9,9,5,8,1,1,1,4,1,8,8,9,8,8,8,3,8,6,6,6,6,1,16973
1023,8,12A217,14,40491,4,1,0,01,8,8,8,7,8,9,9,8,8,9,7,8,2,9,9,10,10,10,0,0,0,0,0,8,9,8,9,9,8,0,8,7,6,6,7,1,25460
1023,8,12A217,14,40491,1,1,0,01,7,8,8,8,8,8,8,8,9,9,1,8,5,5,5,10,10,10,0,0,0,0,0,9,8,8,8,8,8,2,8,8,2,5,7,1,25460
1023,1,12A226,14,40492,1,1,0,01,8,8,8,9,3,6,10,9,8,8,10,5,0,4,7,2,3,5,5,3,7,6,0,10,3,9,9,8,7,4,7,7,7,8,7,1,15321
1023,1,12A226,14,40492,3,1,0,03,10,10,10,10,10,10,10,10,10,10,10,10,10,9,9,6,10,7,1,1,4,0,2,10,10,10,10,10,10,7,10,10,8,10,10,1,38303
1023,1,12A226,14,40492,4,1,0,01,7,7,7,7,8,7,7,8,7,8,10,7,4,5,3,4,3,3,5,6,5,6,6,5,2,5,6,7,9,7,5,9,9,5,5,1,15321
1023,1,12A226,14,40492,2,1,0,01,10,8,8,7,8,8,7,9,8,7,10,8,9,6,6,6,5,3,4,4,4,4,6,7,8,7,6,8,7,6,9,10,8,5,5,1,38303
1023,1,12A226,14,40493,1,1,0,01,8,9,9,10,10,10,10,10,10,9,10,9,6,8,8,8,10,9,1,2,1,0,0,9,9,9,10,8,5,0,9,9,9,8,5,1,41833
1023,1,12A226,14,40493,3,1,0,01,9,9,10,9,10,10,9,10,9,9,8,9,3,9,9,8,9,8,0,1,1,0,0,8,9,10,9,10,7,5,10,9,8,6,5,1,31375
1023,1,12A226,14,40493,4,1,0,01,8,9,8,9,9,8,8,8,9,8,8,8,7,8,8,7,8,8,2,1,1,2,1,8,7,8,8,7,8,0,8,9,9,8,8,1,20917
1023,1,11A226,14,40494,1,1,0,02,8,8,8,10,8,10,9,10,10,9,9,7,4,5,9,5,9,10,2,0,0,0,0,8,8,6,8,8,5,0,8,5,9,8,9,1,23059
1023,1,11A226,14,40494,2,1,0,02,9,8,10,5,8,10,10,10,8,10,10,10,0,8,5,8,9,8,1,5,1,1,0,8,10,8,9,5,7,6,10,9,9,8,6,1,15373
1023,1,11A226,14,40494,4,1,0,02,9,9,10,9,10,8,10,10,10,8,8,10,1,10,9,10,10,9,0,1,0,0,0,9,10,10,10,10,8,6,10,9,7,6,6,1,15373
1023,1,11A226,14,40494,3,1,0,02,10,5,10,10,10,9,10,10,10,10,10,10,2,10,10,9,10,10,0,0,1,0,0,8,8,10,10,10,10,7,10,8,6,8,10,1,15373
1023,5,11B212,14,40502,3,1,0,02,5,2,8,8,8,7,7,7,6,7,9,8,3,6,7,7,6,7,4,1,3,3,2,7,9,9,9,8,9,6,8,10,9,6,6,1,42351
1023,5,11B212,14,40502,4,1,0,01,4,4,3,7,7,7,8,3,8,9,4,7,8,9,8,8,5,8,1,1,2,5,1,7,9,8,8,8,8,6,8,8,8,6,5,1,16940
1023,5,11B212,14,40502,1,1,0,02,8,8,7,8,8,6,8,7,9,8,5,6,7,8,8,6,8,8,2,2,2,2,2,8,7,7,8,7,8,2,8,7,3,6,5,1,16940
1023,5,11B212,14,40502,2,1,0,01,7,8,9,6,9,8,9,8,9,9,4,8,3,9,9,8,8,8,0,0,0,0,0,8,9,9,9,9,9,4,8,9,2,2,5,1,16940
1023,5,13B212,14,40503,4,1,0,01,7,7,7,7,7,7,7,7,7,7,7,7,7,7,7,7,7,7,0,2,2,0,0,7,7,7,7,7,7,5,7,7,7,5,7,1,28352
1023,5,13B212,14,40507,2,1,1,01,9,7,9,10,10,9,8,9,9,9,6,9,8,8,9,8,9,0,1,1,2,1,0,8,9,8,9,9,8,0,9,10,9,7,7,1,17121
1023,5,13B212,14,40507,4,1,1,02,8,9,8,9,9,10,9,10,9,9,9,8,5,9,5,8,8,8,0,5,2,1,2,9,8,9,9,8,9,0,9,8,10,8,6,1,25681
1023,4,12A223,14,40528,1,1,0,02,10,10,9,9,9,9,9,9,9,9,10,10,8,5,5,5,5,5,4,4,5,5,5,8,8,8,8,8,7,8,8,8,8,8,8,1,16464
1023,4,12A223,14,40528,2,1,0,02,9,9,9,9,9,9,10,9,10,10,10,9,9,5,6,4,6,7,5,4,5,3,2,6,7,7,7,8,8,8,8,8,8,8,7,1,16464
1023,4,12A223,14,40528,4,1,0,02,8,8,8,9,9,9,8,9,10,10,10,10,10,7,7,6,6,6,3,2,3,3,2,10,10,10,10,10,10,9,10,9,9,3,3,1,16464
1023,4,12A223,14,40528,3,1,0,04,7,6,7,10,10,10,10,10,7,10,10,8,10,5,6,7,8,7,5,3,2,2,2,8,10,10,10,10,10,9,8,9,9,8,8,1,32928
1023,4,11A223,14,40530,2,1,0,01,7,7,8,9,9,9,8,9,8,9,9,8,6,9,8,7,8,8,0,0,1,1,0,9,10,9,9,8,8,5,8,9,9,6,5,1,7534
1023,4,11A223,14,40530,4,1,0,01,8,6,8,9,8,9,9,8,8,8,0,8,2,8,7,8,8,7,2,1,1,2,0,8,8,8,8,8,6,5,8,8,7,5,5,1,7534
1023,4,11A223,14,40530,3,1,0,01,9,9,9,9,9,8,8,9,8,9,8,8,5,7,7,8,8,8,3,2,2,2,1,9,7,8,9,8,7,5,8,9,9,7,7,1,7534
1023,4,11A223,14,40530,1,1,0,01,10,10,10,10,10,9,9,10,9,9,0,10,0,9,7,8,10,7,0,3,1,0,0,9,10,9,9,9,9,0,10,9,8,5,5,1,7534
1023,1,12A226,14,40537,2,1,0,01,10,10,9,10,9,9,10,9,10,9,6,9,2,9,5,5,5,10,1,0,5,0,0,10,9,9,8,8,9,6,8,9,8,8,7,1,14977
1023,1,12A226,14,40537,1,1,0,02,9,8,9,9,8,8,10,9,9,9,9,8,5,8,8,9,9,7,1,1,1,1,1,9,8,9,8,9,8,7,8,8,9,7,7,1,14977
1023,1,12A226,14,40537,4,1,0,01,8,7,9,9,9,9,9,9,10,9,8,7,8,6,5,5,8,5,3,4,4,2,2,7,10,7,10,8,7,2,8,8,10,5,6,1,14977
1023,8,12A217,14,40538,1,1,0,01,8,8,8,8,8,8,8,5,6,7,10,7,7,5,4,4,5,5,3,5,5,4,0,7,5,7,8,9,7,4,8,10,10,8,7,1,8261
1023,8,12A217,14,40538,4,1,1,02,8,8,8,8,7,8,8,8,8,7,10,8,8,5,5,5,5,4,4,4,5,4,6,8,8,10,8,7,8,8,7,8,7,8,8,1,16523
1023,8,12A217,14,40538,3,1,0,01,6,7,7,7,7,7,7,7,8,7,7,7,7,5,5,5,6,5,5,4,4,3,4,8,8,7,8,8,8,8,8,8,8,4,7,1,16523
1023,8,12A217,14,40538,2,1,0,02,8,8,8,8,8,8,8,8,8,10,10,8,4,5,5,4,5,5,5,5,5,5,5,8,2,6,8,5,8,8,10,10,7,6,6,1,16523
1023,8,11A217,14,40541,3,1,0,01,8,6,8,8,8,8,8,8,8,8,8,8,8,8,8,8,8,8,0,0,0,0,0,8,8,8,8,8,8,5,8,8,8,8,6,1,8904
1023,8,11A217,14,40541,4,1,0,01,6,4,6,6,6,6,6,6,6,6,6,6,5,6,6,6,6,6,0,2,2,0,0,7,7,7,7,7,7,5,7,7,7,6,5,1,17808
1023,8,11A217,14,40541,1,1,0,01,7,7,7,7,7,7,7,7,7,7,7,7,8,8,8,8,8,8,0,0,0,0,0,7,8,7,7,7,7,5,7,7,7,6,5,1,17808
1023,8,11A217,14,40541,2,1,0,02,8,8,8,8,8,8,8,8,8,8,8,8,8,8,8,8,8,8,0,2,2,0,0,7,8,8,8,8,8,5,8,8,7,5,5,1,26712
1023,8,13A217,14,40543,2,1,0,01,7,7,7,7,10,9,7,7,10,7,10,7,5,4,3,3,3,2,5,6,6,6,7,5,6,7,7,7,6,7,7,10,10,4,5,1,8727
1023,1,13A226,14,40543,3,1,0,03,9,9,10,10,10,10,10,10,10,10,9,9,9,8,8,8,8,8,0,2,2,0,0,8,9,9,9,9,9,7,9,9,8,7,6,1,23582
1023,8,13A217,14,40543,4,1,0,01,7,7,7,7,7,7,10,10,10,10,10,10,5,7,6,2,5,4,2,4,6,4,5,7,4,7,7,7,10,8,10,10,10,10,8,1,8727
1023,8,13A217,14,40543,1,1,0,03,8,7,8,7,8,7,0,8,8,8,10,8,8,7,7,6,6,7,2,3,3,4,2,8,8,8,8,8,8,5,10,9,9,9,7,1,26181
1023,1,13A226,14,40543,2,1,0,02,8,8,8,8,8,8,8,8,8,8,8,8,8,8,8,8,8,8,0,0,0,0,0,8,8,8,8,8,8,5,8,8,8,5,3,1,31443
1023,1,13A226,14,40543,1,1,0,02,8,6,10,10,10,10,10,10,10,10,10,10,10,5,7,7,6,5,5,2,3,4,4,8,5,10,10,9,10,10,10,10,10,10,3,1,15721
1023,1,13A226,14,40543,4,1,0,01,10,10,9,9,9,9,9,9,9,9,9,9,9,9,9,9,9,9,0,0,0,0,0,9,9,9,9,9,9,5,9,9,9,3,3,1,15721
1023,5,11B212,14,40549,1,1,0,01,7,9,7,10,10,9,9,10,9,8,10,8,5,5,6,7,6,7,4,4,3,4,3,9,8,10,10,9,9,7,8,9,6,4,8,1,27281
1023,5,11B212,14,40549,2,1,0,01,9,10,9,9,10,8,10,10,9,9,9,9,7,8,7,8,8,7,0,1,1,1,2,8,8,9,10,9,8,7,9,9,9,8,7,1,9094
1023,5,11B212,14,40549,4,1,1,02,8,9,9,9,10,7,9,8,8,8,10,8,6,8,9,8,9,8,0,0,2,1,1,8,8,9,7,8,9,7,8,8,7,8,7,1,18187
1023,5,11B212,14,40549,3,1,0,02,9,7,8,9,8,9,9,9,8,8,8,7,5,9,7,9,10,8,1,2,1,0,0,8,9,8,9,8,8,5,9,8,9,7,6,1,27281
1023,4,13A223,14,40579,1,1,0,02,8,8,8,8,8,8,8,8,8,8,8,8,7,5,5,5,5,5,5,5,5,5,5,8,9,9,9,9,8,0,8,10,10,0,0,1,65408
1023,4,13A223,14,40579,2,1,0,02,5,5,8,7,9,8,8,8,8,8,8,8,7,9,9,9,9,9,0,0,0,0,0,8,9,9,9,9,9,0,8,8,8,0,0,1,49056
1023,4,13A223,14,40579,3,1,0,01,7,8,7,7,7,7,7,7,7,7,7,7,7,8,8,8,8,8,0,0,0,0,0,7,7,7,7,7,7,4,7,7,6,4,3,1,32704
1023,4,13A223,14,40579,4,1,0,01,7,7,7,7,7,7,7,7,7,7,7,7,7,7,7,7,7,7,0,0,0,0,0,7,8,8,8,8,8,5,8,8,8,6,5,1,16352
1023,4,11A223,14,40580,2,1,0,02,8,8,8,8,8,8,8,8,8,8,10,8,0,10,10,10,10,9,0,0,0,0,1,9,9,9,9,9,8,3,8,9,9,4,5,1,26264
1023,4,11A223,14,40580,4,1,0,01,6,8,8,8,8,8,8,9,9,9,3,6,5,6,6,6,6,6,3,3,3,4,3,7,7,7,7,8,8,0,6,4,0,5,5,1,13132
1023,4,11A223,14,40580,3,1,0,02,8,8,8,8,8,8,8,9,8,8,10,8,4,4,4,5,5,8,5,5,5,5,0,8,9,8,9,9,9,0,7,8,0,5,5,1,13132
1023,4,12A223,14,40581,2,1,0,01,8,9,8,7,10,6,10,8,9,10,10,10,5,8,8,6,7,6,2,1,4,2,3,9,9,10,10,10,10,5,7,10,8,9,10,1,8954
1023,4,12A223,14,40581,1,1,0,03,10,9,9,9,9,10,10,10,9,10,10,10,5,8,2,5,2,3,1,7,5,7,5,10,10,9,9,8,8,2,10,7,4,10,8,1,17908
1023,4,12A223,14,40581,4,1,0,02,8,8,8,9,9,9,9,9,7,10,10,10,5,6,7,6,7,7,3,3,4,2,2,9,9,9,9,10,8,4,10,10,10,9,9,1,44769
1023,4,12A223,14,40581,3,1,0,01,4,5,5,7,7,6,8,7,7,8,10,8,7,6,7,4,5,5,4,2,5,5,5,8,9,7,7,8,8,3,7,10,8,5,5,1,8954
1023,8,12A217,14,40584,2,1,0,01,8,8,8,8,9,9,9,9,8,8,7,7,3,8,8,8,8,8,2,2,2,2,2,7,9,9,9,9,9,2,7,8,7,8,8,1,20126
1023,8,12A217,14,40584,4,1,0,04,8,8,8,8,8,8,8,8,8,9,4,8,2,9,5,8,8,8,1,2,2,2,2,8,9,9,8,8,8,8,8,8,7,8,8,1,26834
1023,8,12A217,14,40584,1,1,0,01,8,8,8,8,8,7,8,8,8,8,6,8,2,7,5,8,8,5,2,2,2,2,2,8,8,8,8,7,9,2,7,8,6,8,8,1,13417
1023,8,12A217,14,40584,3,1,0,02,9,8,8,9,9,8,8,9,8,9,5,8,0,10,10,10,10,10,0,0,0,0,0,9,9,9,9,9,8,2,8,10,5,5,4,1,13417
1023,8,12A217,14,40585,2,1,0,02,9,9,9,9,9,9,9,9,9,9,10,10,9,4,7,7,8,7,6,2,2,1,3,9,9,8,9,9,8,8,9,10,8,5,5,1,24551
1023,8,12A217,14,40585,3,1,0,01,8,8,8,8,8,8,8,8,8,10,10,8,6,8,8,5,5,5,0,0,0,4,5,5,5,6,6,7,7,6,6,8,5,6,6,1,24551
1023,8,12A217,14,40585,1,1,0,01,6,7,7,6,7,8,7,7,7,7,10,7,8,8,6,5,5,4,2,4,5,4,5,7,8,8,9,8,8,8,8,8,8,7,7,1,32734
1023,8,13A217,14,40587,1,1,0,02,7,7,7,7,8,4,7,7,9,10,10,8,7,6,5,2,5,5,4,5,6,5,3,7,5,7,7,6,7,5,9,9,9,7,7,1,19473
1023,8,13A217,14,40587,4,1,0,03,8,10,9,9,9,9,9,9,9,9,10,9,8,7,6,7,7,7,2,3,2,3,3,7,10,8,8,7,8,6,8,10,8,7,7,1,38946
1023,8,13A217,14,40587,2,1,0,01,7,7,7,7,7,7,7,9,9,9,10,7,7,6,6,4,8,6,4,3,5,2,3,7,0,6,7,8,8,8,8,8,8,5,10,1,29209
1023,8,13A217,14,40587,3,1,0,02,8,8,8,8,8,8,10,10,10,10,10,8,10,6,6,5,6,7,4,4,5,4,3,7,6,7,7,8,7,7,7,7,7,9,8,1,58419
1023,1,12A226,14,40588,2,1,0,02,8,8,9,9,9,10,9,10,9,9,7,8,3,9,8,9,8,8,1,1,1,2,0,8,9,8,9,9,7,5,9,9,9,6,5,1,35449
1023,1,12A226,14,40588,4,1,0,05,10,10,9,9,9,9,10,9,10,9,8,9,4,8,8,9,9,9,2,2,1,1,0,9,8,9,9,10,8,6,9,9,8,6,7,1,44311
1023,1,12A226,14,40588,1,1,0,03,9,9,10,9,10,9,10,10,9,9,7,9,8,8,7,8,8,8,2,2,1,1,1,8,9,9,10,9,9,7,9,9,7,5,6,1,35449
1023,1,12A226,14,40588,3,1,0,01,9,8,9,9,9,7,8,10,9,8,10,8,7,9,8,8,9,8,0,2,1,1,1,8,8,8,8,8,8,6,8,8,8,7,7,1,8862
1023,5,12B212,14,40594,2,1,0,01,6,6,6,6,6,6,6,6,6,5,6,6,7,7,7,7,7,7,0,0,0,0,0,7,6,7,7,7,7,5,7,7,6,5,4,1,16030
1023,5,12B212,14,40594,1,1,0,01,6,6,6,6,6,6,6,6,6,6,6,6,6,6,6,6,6,6,0,0,0,0,0,7,7,7,7,7,7,5,7,7,7,6,5,1,16030
1023,5,12B212,14,40594,3,1,0,01,7,6,8,8,8,8,8,8,8,8,8,8,7,8,8,8,8,8,0,0,0,0,0,8,8,8,8,8,8,5,8,8,8,5,4,1,24046
1023,5,13B212,14,40596,3,1,0,02,10,10,10,10,10,10,10,10,9,9,10,9,0,10,10,10,10,10,0,0,0,0,0,10,10,10,10,8,10,5,10,10,9,8,8,1,21870
1023,5,13B212,14,40596,2,1,0,01,9,8,10,9,10,10,10,10,8,10,8,10,2,10,3,9,10,8,0,5,1,0,0,9,10,10,10,9,8,7,10,9,10,7,8,1,21870
1023,5,13B212,14,40596,4,1,0,02,9,9,9,8,8,8,10,8,7,10,10,9,2,10,8,9,10,9,0,0,1,0,0,8,8,9,10,7,9,5,10,8,7,7,8,1,54676
1023,5,13B212,14,40596,1,1,0,02,9,9,10,10,8,10,9,9,7,8,7,10,0,10,9,8,10,10,0,1,1,0,0,8,10,9,10,10,7,3,9,8,7,7,8,1,32806
1023,5,12B212,14,40599,3,1,0,03,8,8,8,8,8,8,8,8,8,8,8,8,8,5,5,5,5,5,5,5,5,5,5,8,8,8,8,8,8,8,8,8,8,8,8,1,34481
1023,6,11B211,15,40025,1,1,0,02,8,7,8,9,9,9,8,8,9,9,7,8,2,5,5,4,5,4,5,5,5,4,5,7,8,8,7,8,9,7,7,7,7,7,8,1,18189
1023,6,11B211,15,40025,2,1,0,04,8,8,8,7,7,8,8,8,8,7,9,8,5,7,8,5,8,8,2,0,4,0,0,8,8,9,10,7,8,4,8,8,8,8,8,1,45473
1023,6,11B211,15,40025,3,1,0,01,8,8,8,7,7,8,8,8,8,7,9,8,5,7,8,5,8,8,2,0,4,0,0,8,8,9,10,7,8,4,9,9,9,8,8,1,27284
1023,7,12A218,15,40029,4,1,0,02,8,8,8,7,8,7,8,7,7,7,7,6,7,7,4,4,5,6,2,6,5,5,3,7,7,7,7,7,7,7,7,7,7,7,7,1,25460
1023,7,12A218,15,40029,1,1,0,01,8,8,8,8,8,9,9,8,7,8,8,9,8,6,5,5,5,5,4,5,5,5,5,8,8,9,8,9,9,6,8,8,8,8,8,1,16973
1023,7,12A218,15,40029,2,1,0,01,9,9,9,10,10,10,10,10,10,10,10,10,9,9,8,7,9,9,1,2,3,1,1,10,10,9,9,9,10,10,9,10,9,9,9,1,33947
1023,3,13A224,15,40054,4,1,0,03,10,9,10,10,10,10,10,10,10,10,10,10,5,9,10,10,10,10,1,0,0,0,0,10,10,10,10,10,10,10,10,10,10,10,10,1,35265
1023,3,13A224,15,40054,1,1,0,05,10,7,9,10,10,10,10,10,10,10,10,10,3,9,10,10,10,10,0,0,0,0,0,10,9,10,9,10,10,1,9,10,10,10,10,1,35265
1023,7,11A218,15,40056,3,1,0,01,3,3,10,8,10,10,10,10,8,8,7,6,0,7,10,5,5,5,3,0,5,0,4,1,9,9,9,9,10,0,6,8,5,5,4,1,23184
1023,7,11A218,15,40056,2,1,0,01,10,10,10,10,10,10,10,10,10,10,8,10,0,10,4,10,10,10,0,5,0,0,0,10,5,10,10,10,10,5,10,10,10,10,10,1,15456
1023,2,11A225,15,40108,3,1,0,02,8,8,8,8,8,8,8,9,8,8,10,8,5,8,8,9,9,9,1,1,0,0,0,8,8,8,8,8,8,8,8,8,8,8,8,1,36553
1023,2,11A225,15,40108,4,1,0,01,8,6,8,10,8,9,7,10,7,10,5,7,5,5,9,5,9,6,0,0,5,0,0,8,9,7,8,10,9,2,9,7,8,6,9,1,7311
1023,2,11A225,15,40108,2,1,0,01,9,7,8,9,9,9,7,10,8,9,9,7,5,8,8,7,9,9,2,2,2,0,0,7,9,8,8,9,10,2,8,6,8,7,9,1,14621
1023,2,11A225,15,40108,1,1,0,01,9,5,8,10,10,10,10,10,10,10,5,10,0,7,10,5,10,10,2,0,5,0,0,8,8,8,8,10,8,5,10,10,5,5,10,1,14621
1023,7,11A218,15,40114,4,1,0,02,8,5,8,8,10,8,9,10,7,10,9,8,7,7,7,9,8,9,2,3,0,0,0,8,8,8,9,10,7,4,9,6,9,9,10,1,16244
1023,7,11A218,15,40114,1,1,0,02,8,8,8,10,10,10,10,10,10,9,10,8,9,7,8,7,9,9,0,0,0,0,0,10,7,7,8,9,8,0,10,10,5,5,9,1,8122
1023,7,11A218,15,40114,2,1,0,03,8,6,10,9,10,10,9,10,9,9,8,10,8,9,5,4,9,9,0,5,5,0,0,8,9,9,9,8,8,9,9,10,10,10,10,1,40611
1023,7,11A218,15,40114,3,1,0,02,8,7,9,9,9,9,10,10,10,10,9,9,5,4,4,2,4,4,5,6,7,6,5,7,7,8,8,9,5,5,9,9,7,7,9,1,24366
1023,3,11A224,15,40138,4,1,0,01,9,9,10,10,10,10,9,10,9,9,8,8,5,6,7,7,10,8,3,3,2,0,0,8,8,8,8,7,7,5,10,10,5,6,5,1,10295
1023,3,11A224,15,40138,1,1,0,02,8,7,10,10,10,10,10,10,10,8,8,7,6,7,8,7,10,8,2,2,2,0,2,8,8,8,10,8,8,6,9,10,8,7,6,1,10295
1023,3,11A224,15,40138,3,1,0,02,9,9,10,10,10,9,9,10,10,9,8,8,6,7,6,6,10,10,3,4,3,0,0,10,10,10,10,10,10,6,10,10,10,10,10,1,10295
1023,3,11A224,15,40138,2,1,0,01,9,9,10,10,10,9,10,10,10,9,9,10,3,9,8,8,9,8,1,2,2,1,1,9,9,8,10,8,9,7,10,8,9,9,9,1,10295
1023,3,11A224,15,40142,3,1,0,02,9,9,8,8,9,9,8,9,9,9,6,8,6,8,8,6,6,5,1,2,4,3,2,7,8,8,8,8,8,5,9,10,9,7,6,1,51790
1023,3,11A224,15,40142,2,1,0,02,8,8,9,9,9,8,8,8,8,8,10,10,7,9,7,5,8,9,0,2,4,0,0,8,8,9,8,8,8,8,8,8,8,7,7,1,77684
1023,3,11A224,15,40142,4,1,0,02,8,7,8,7,9,9,9,8,9,9,8,9,10,9,5,5,6,9,1,4,4,4,1,8,7,9,9,8,9,0,8,7,7,6,6,1,77684
1023,8,13A217,15,40170,2,1,0,01,8,8,10,9,10,10,10,10,9,8,9,9,7,10,9,8,10,9,0,1,2,0,0,9,8,8,10,8,8,5,10,10,10,8,8,1,27835
1023,8,13A217,15,40170,1,1,0,02,10,9,10,10,10,9,10,10,10,9,10,9,8,7,5,7,6,6,3,4,0,0,0,7,8,8,7,7,8,6,10,7,8,7,7,1,27835
1023,8,13A217,15,40170,3,1,1,01,9,9,10,10,10,9,10,10,10,9,8,10,7,8,7,8,10,8,0,2,2,0,0,10,9,9,10,10,10,8,10,9,9,8,8,1,37113
1023,8,13A217,15,40170,4,1,0,01,9,8,10,9,9,9,10,10,10,10,6,8,6,9,7,8,10,8,1,2,2,0,0,8,9,9,9,8,10,6,10,8,10,8,8,1,9278
1023,6,11B211,15,40172,1,1,0,03,8,8,8,10,10,10,10,10,10,9,10,8,9,7,8,7,9,9,0,0,0,0,0,10,7,7,8,9,8,0,10,10,5,5,9,1,24753
1023,6,11B211,15,40172,3,1,0,03,8,6,9,8,10,9,8,9,10,5,6,8,10,6,7,7,8,9,3,2,2,2,1,8,10,8,8,8,7,4,8,6,4,5,9,1,18565
1023,6,11B211,15,40172,4,1,0,04,10,10,10,10,10,10,10,10,10,10,5,5,0,10,10,7,10,5,0,0,2,0,0,10,8,7,10,5,10,5,10,10,5,5,5,1,24753
1023,3,12A224,15,40194,3,1,0,02,9,9,9,9,9,9,10,10,10,9,10,10,8,10,10,10,10,10,0,0,0,0,0,10,9,8,10,10,10,5,10,10,10,10,10,1,14971
1023,3,12A224,15,40194,2,1,0,01,8,8,8,8,9,8,9,10,10,10,10,8,8,9,7,5,8,8,0,3,5,0,0,8,8,9,9,7,9,4,9,9,7,9,10,1,14971
1023,3,12A224,15,40194,4,1,0,02,3,10,0,9,9,9,7,8,10,10,5,5,3,10,7,3,10,10,0,2,6,0,0,5,5,7,5,10,10,2,10,0,0,7,8,1,14971
1023,2,11A225,15,40196,2,1,0,01,8,8,9,9,9,8,9,9,10,9,9,10,7,8,10,6,10,9,0,0,3,0,0,7,6,8,6,5,8,7,10,5,5,5,4,1,14003
1023,2,11A225,15,40196,1,1,0,01,10,10,10,10,10,10,10,10,10,10,8,8,6,10,10,10,10,10,0,0,0,0,0,10,10,10,10,10,10,1,10,10,10,10,6,1,7001
1023,2,11A225,15,40196,4,1,0,02,9,9,10,10,10,9,10,10,9,10,9,8,6,10,10,10,10,10,0,0,0,0,0,10,10,10,10,10,10,10,10,10,10,10,10,1,14003
1023,2,11A225,15,40196,3,1,0,02,9,8,9,9,10,8,8,10,10,9,9,7,6,9,8,8,10,8,1,1,1,0,1,10,9,10,10,9,8,6,7,10,10,5,6,1,42009
1023,2,11A225,15,40200,3,1,0,02,9,9,10,10,10,10,10,10,10,9,9,8,3,9,8,8,9,9,0,1,2,1,0,9,9,8,10,8,10,7,10,10,8,8,8,1,13001
1023,2,11A225,15,40200,4,1,0,02,10,10,10,10,10,10,10,10,10,10,10,10,1,9,9,4,8,8,1,0,5,0,0,9,8,10,10,8,5,5,10,10,10,8,10,1,19502
1023,2,11A225,15,40200,2,1,0,07,2,0,8,8,10,9,10,10,10,10,8,9,7,7,5,10,10,10,2,5,0,0,0,10,10,8,8,8,8,5,10,10,8,7,7,1,39003
1023,2,11A225,15,40200,1,1,0,01,9,9,9,10,10,10,10,10,10,10,9,9,9,5,6,7,7,5,5,4,3,3,5,9,9,9,9,9,9,7,9,9,9,9,9,1,13001
1023,6,11B211,15,40201,2,1,0,01,10,10,10,10,10,10,10,10,10,10,10,10,9,5,7,10,10,10,0,2,0,0,0,10,10,5,10,9,10,0,10,10,10,9,10,1,23550
1023,6,11B211,15,40201,4,1,0,02,5,4,2,7,9,7,9,10,9,9,10,8,6,10,7,7,10,10,0,2,2,0,0,5,8,8,7,9,9,5,9,9,4,4,4,1,15700
1023,6,11B211,15,40201,3,1,0,01,10,10,10,10,10,10,10,10,10,10,10,10,10,7,7,7,7,7,2,2,2,2,2,10,10,10,10,10,9,7,10,10,10,10,10,1,23550
1023,6,13B211,15,40205,1,1,0,01,7,6,10,8,10,8,10,9,10,9,5,8,7,5,5,5,5,5,5,5,5,5,5,7,6,9,9,7,8,5,10,10,8,9,9,1,38749
1023,6,13B211,15,40205,3,1,0,01,10,5,9,10,10,10,10,10,10,10,7,10,10,1,0,0,10,0,8,10,10,0,10,10,8,10,5,10,5,0,10,10,7,5,8,1,9687
1023,6,13B211,15,40205,4,1,0,01,5,5,8,10,10,10,10,10,10,10,10,10,8,5,7,7,5,5,5,3,3,5,5,8,6,8,8,8,8,6,8,10,8,7,7,1,9687
1023,4,13A223,15,40217,3,1,0,01,7,5,7,7,8,10,9,10,8,6,8,8,8,1,8,7,6,10,8,2,3,3,0,0,9,9,10,10,8,6,9,10,9,8,8,1,35442
1023,4,13A223,15,40217,1,1,0,01,8,8,8,8,10,10,10,10,7,10,10,10,0,10,5,10,10,8,0,4,0,0,0,8,10,9,10,8,7,0,8,9,6,2,2,1,35442
1023,4,13A223,15,40217,4,1,0,02,8,8,10,9,9,10,10,10,9,9,9,10,8,8,3,8,8,9,0,5,0,0,0,8,8,9,10,9,7,7,10,9,9,9,8,1,53163
1023,1,11A226,15,40227,3,1,0,01,8,6,8,9,9,8,9,9,9,5,5,9,5,7,6,6,5,7,2,3,4,5,2,10,8,10,8,8,10,5,10,10,8,8,8,1,11218
1023,1,11A226,15,40227,4,1,0,01,9,8,10,10,10,10,10,10,10,10,10,10,5,5,10,10,10,4,0,0,0,0,0,10,10,10,10,10,10,0,10,5,7,0,0,1,5609
1023,1,11A226,15,40227,2,1,0,02,8,8,8,8,9,9,9,10,9,9,0,9,5,7,9,9,9,9,3,0,0,0,0,9,9,9,9,9,9,5,9,9,9,9,5,1,16827
1023,1,11A226,15,40227,1,1,0,01,9,8,0,8,10,8,9,9,10,8,9,9,8,10,10,5,10,10,0,0,5,0,0,9,8,9,10,8,9,7,9,10,10,5,5,1,11218
1023,2,11A225,15,40228,3,1,0,02,9,8,9,9,9,9,10,9,9,9,10,9,8,9,9,5,9,9,0,0,5,0,0,8,7,9,9,0,9,5,9,9,9,9,9,1,45712
1023,2,11A225,15,40228,2,1,0,03,7,6,8,8,9,9,9,8,10,10,10,8,8,7,7,7,5,6,1,3,3,0,4,6,9,8,9,9,8,6,7,6,6,8,8,1,27427
1023,2,11A225,15,40228,1,1,0,01,8,8,9,9,10,9,9,10,10,9,9,8,2,9,9,9,10,0,0,0,0,0,0,9,9,10,10,8,10,3,9,10,9,10,10,1,27427
1023,2,11A225,15,40228,4,1,0,01,9,9,9,10,10,8,10,10,10,9,10,9,8,5,5,5,6,6,4,5,4,3,3,9,9,9,10,9,10,7,8,10,10,8,8,1,18285
1023,5,13B212,15,40230,1,1,1,02,8,6,10,9,10,10,10,10,9,8,8,8,9,8,7,6,10,8,1,2,4,0,1,9,8,8,10,8,6,6,10,8,9,8,8,1,16473
1023,5,13B212,15,40230,2,1,0,02,9,9,10,10,10,10,10,10,10,9,10,8,8,10,10,8,10,9,0,0,2,0,0,10,9,9,9,10,7,6,10,10,9,8,8,1,16473
1023,5,13B212,15,40230,3,1,0,01,8,7,10,10,10,9,9,9,9,10,8,8,7,8,8,8,10,8,2,2,2,0,2,9,9,9,10,9,8,6,10,9,6,6,6,1,8236
1023,1,12A226,15,40258,4,1,0,01,9,6,10,10,10,10,10,10,10,10,10,10,9,5,6,10,8,10,4,4,0,0,0,10,10,10,10,8,10,6,10,10,10,7,8,1,7426
1023,1,12A226,15,40258,2,1,0,02,8,8,9,8,8,8,8,8,8,8,8,8,8,8,5,8,8,6,1,4,2,0,0,7,8,8,8,8,8,1,7,6,7,7,7,1,29703
1023,1,12A226,15,40258,3,1,0,02,7,8,8,8,8,9,9,10,9,8,7,9,6,4,4,5,8,7,6,5,5,0,2,7,8,8,8,8,7,6,7,7,7,8,7,1,22278
1023,1,12A226,15,40258,1,1,0,01,6,8,7,8,10,10,8,10,8,8,10,8,0,10,10,10,10,10,0,0,0,0,0,8,10,9,10,8,8,4,9,8,7,7,8,1,14852
1023,4,11A223,15,40302,3,1,0,01,9,10,10,10,10,10,10,10,10,10,10,10,1,10,10,7,9,10,0,0,2,0,0,10,10,10,10,10,10,5,10,10,10,10,10,1,6508
1023,4,11A223,15,40302,2,1,0,01,9,5,2,9,5,7,9,5,8,9,10,7,9,5,5,3,9,5,5,5,7,0,4,7,9,7,7,8,9,5,9,8,8,8,8,1,6508
1023,4,11A223,15,40302,1,1,0,01,8,8,9,9,10,9,9,10,10,9,9,8,2,10,10,10,10,10,0,0,0,0,0,9,9,10,10,8,10,3,9,10,10,10,10,1,13016
1023,4,11A223,15,40302,4,1,0,02,8,8,8,8,8,9,8,9,8,8,5,8,5,8,8,5,8,8,1,1,4,2,2,8,8,8,8,8,8,5,8,8,8,8,10,1,13016
1023,4,12A223,15,40304,2,1,0,01,8,8,9,9,9,9,9,9,9,10,8,9,2,8,7,6,8,3,2,2,3,2,2,9,9,9,8,9,9,5,9,9,9,8,10,1,28400
1023,4,12A223,15,40304,1,1,0,04,8,8,9,9,10,10,9,10,10,10,5,8,2,9,9,4,8,9,1,1,6,2,0,8,10,8,8,8,10,4,6,8,8,4,5,1,49700
1023,4,11A223,15,40312,2,1,0,02,9,8,8,7,7,7,8,7,8,8,8,8,5,7,5,7,7,7,2,5,3,3,3,8,7,8,7,8,8,8,8,7,7,7,7,1,32469
1023,4,11A223,15,40312,3,1,0,02,7,7,8,8,8,9,8,8,8,8,8,8,8,7,5,7,7,7,3,4,2,2,2,7,7,8,8,8,6,6,6,7,7,7,6,1,54115
1023,4,11A223,15,40312,1,1,0,02,8,8,8,9,10,8,7,9,9,10,7,9,9,8,5,8,7,6,1,4,2,2,0,8,9,8,7,7,6,6,8,7,8,8,7,1,32469
1023,4,11A223,15,40312,4,1,0,01,9,9,8,8,9,7,7,10,9,9,9,10,3,5,4,4,6,7,5,5,5,4,3,8,8,7,9,8,8,5,8,7,8,8,8,1,21646
1023,3,11A224,15,40337,4,1,0,02,5,5,8,8,10,10,10,10,10,10,10,10,10,6,5,5,5,8,0,0,5,5,0,8,5,10,10,10,5,0,10,10,10,0,5,1,13211
1023,3,11A224,15,40337,3,1,1,03,8,6,9,9,10,10,10,10,9,10,8,9,2,10,10,10,10,10,0,0,0,0,0,9,10,9,10,10,10,9,10,9,9,10,10,1,26422
1023,3,11A224,15,40337,2,1,0,01,10,10,7,8,7,8,10,10,9,8,0,8,7,5,7,10,10,3,4,3,0,0,6,9,9,9,7,8,5,3,10,10,5,10,10,1,13211
1023,3,11A224,15,40337,1,1,0,02,5,8,10,5,10,5,10,10,10,10,10,10,2,10,10,7,5,10,0,0,2,5,0,5,5,5,8,8,5,0,10,10,8,5,5,1,13211
1023,1,11A226,15,40342,1,1,0,02,8,8,10,9,9,9,10,10,9,10,8,10,3,8,8,8,10,8,1,1,2,0,0,9,9,9,10,9,8,6,10,10,9,6,6,1,28395
1023,1,11A226,15,40342,3,1,0,01,10,9,10,10,10,10,10,10,10,10,9,9,3,10,10,8,10,8,0,0,1,0,0,9,9,8,10,8,9,7,10,10,9,8,8,1,7099
1023,1,11A226,15,40342,4,1,0,02,8,8,9,10,10,10,10,9,9,8,9,8,9,8,8,8,10,9,1,1,2,0,0,9,8,8,10,8,9,6,10,10,10,9,8,1,14198
1023,1,11A226,15,40342,2,1,0,02,8,8,10,10,9,9,10,10,9,9,8,8,4,8,7,8,10,8,1,2,2,0,0,10,9,8,10,8,8,7,10,9,8,7,8,1,28395
1023,1,11A226,15,40343,1,1,0,01,9,7,9,10,7,9,8,10,8,10,8,8,5,9,10,6,10,7,0,0,3,0,0,8,9,7,8,10,10,2,9,7,9,8,9,1,16134
1023,1,11A226,15,40343,4,1,0,03,8,8,8,8,10,10,10,10,8,10,8,8,4,7,5,8,8,2,2,3,0,0,0,8,6,8,8,8,8,3,8,8,6,6,7,1,32268
1023,1,11A226,15,40343,3,1,0,03,8,7,9,6,9,10,10,9,9,8,10,9,6,6,4,5,5,6,4,5,4,5,3,8,10,10,9,9,6,5,9,9,6,10,9,1,32268
1023,1,11A226,15,40343,2,1,0,01,2,9,10,10,10,10,10,10,5,10,0,10,8,4,5,2,2,3,6,5,7,0,7,9,7,9,9,0,9,1,9,9,7,10,9,1,16134
1023,7,12A218,15,40344,4,1,0,01,9,8,9,10,10,9,10,10,9,10,9,9,6,6,6,7,8,8,3,3,2,0,0,8,9,8,9,8,7,6,8,9,8,7,7,1,16797
1023,7,12A218,15,40344,1,1,0,01,10,10,10,10,10,10,10,10,10,10,9,9,3,8,8,7,8,9,2,0,2,0,0,8,10,8,9,10,10,3,9,7,10,10,6,1,16797
1023,7,12A218,15,40344,3,1,0,01,9,9,10,10,10,10,10,10,10,9,8,8,6,10,10,10,10,10,0,0,0,0,0,10,10,10,10,10,10,8,10,10,10,0,0,1,25195
1023,7,12A218,15,40344,2,1,0,01,9,8,10,10,10,9,10,10,10,9,8,8,4,9,10,8,10,9,1,0,1,0,0,10,9,10,10,8,8,6,10,10,9,8,8,1,8398
1023,6,11B211,15,40346,1,1,0,02,8,8,8,8,9,10,10,10,9,9,8,8,7,8,8,8,9,8,2,0,2,1,0,8,8,8,10,9,9,7,9,8,8,7,7,1,41018
1023,6,11B211,15,40346,2,1,0,01,9,8,9,9,9,9,10,10,10,9,8,8,6,8,8,8,9,8,0,2,2,1,0,10,7,7,8,9,8,5,10,10,5,6,6,1,30764
1023,6,11B211,15,40346,4,1,0,01,10,10,10,8,8,7,8,10,10,10,10,10,9,10,10,10,10,10,0,0,0,0,0,10,8,10,10,10,10,6,10,10,10,10,10,1,41018
1023,6,11B211,15,40346,3,1,1,01,9,9,10,10,10,10,9,10,9,10,9,9,6,10,10,6,10,8,0,0,3,0,0,8,8,10,10,10,10,8,10,10,8,8,8,1,30764
1023,8,11A217,15,40347,1,1,1,01,9,6,9,7,8,8,9,9,8,8,9,8,9,9,6,6,9,8,1,4,4,0,0,8,8,7,8,7,8,4,8,9,7,8,7,1,10003
1023,8,11A217,15,40347,4,1,0,05,8,7,8,8,9,8,7,8,7,7,6,7,3,6,6,5,6,3,3,4,4,2,0,8,8,9,7,6,8,7,8,7,7,7,7,1,50015
1023,8,11A217,15,40347,2,1,0,03,8,7,9,8,9,8,7,9,9,8,9,9,8,6,5,6,6,5,4,4,4,4,4,9,10,8,7,7,7,4,8,7,7,6,6,1,40012
1023,8,11A217,15,40347,3,1,1,01,8,8,7,9,8,7,8,9,7,8,7,8,7,8,5,5,5,8,1,5,5,5,1,7,8,7,7,6,7,7,7,7,6,7,5,1,10003
1023,5,11B212,15,40349,2,1,0,01,6,8,6,9,9,9,10,8,10,10,9,5,9,8,5,5,9,9,2,4,5,0,0,7,7,8,9,7,8,2,7,9,6,9,10,1,7039
1023,5,11B212,15,40349,4,1,0,02,8,6,8,8,9,10,8,8,9,8,5,8,3,7,7,7,7,7,2,3,2,2,3,7,8,8,7,8,8,6,8,7,7,7,7,1,14078
1023,5,11B212,15,40349,1,1,0,01,5,5,8,8,8,8,9,9,8,9,9,9,9,5,3,2,2,0,0,6,8,8,9,8,7,9,5,0,4,2,9,8,8,8,8,1,7039
1023,5,11B212,15,40349,3,1,0,03,9,7,10,10,10,10,9,10,8,10,8,9,7,5,5,5,10,5,0,0,5,0,0,9,9,9,5,10,5,0,5,10,5,5,5,1,21116
1023,5,12B212,15,40352,1,1,0,01,7,7,8,9,9,9,9,10,9,9,10,8,6,10,7,5,5,7,0,3,5,5,0,9,7,9,10,9,9,6,8,7,7,7,6,1,17140
1023,5,12B212,15,40352,2,1,0,01,9,9,9,9,9,10,10,9,10,10,8,10,0,7,6,5,9,8,2,4,4,0,0,9,10,9,10,9,10,4,8,8,8,8,8,1,17140
1023,5,12B212,15,40352,4,1,0,01,8,8,8,10,10,10,8,10,10,8,8,8,0,7,4,2,5,6,3,5,7,5,3,10,8,10,8,8,10,6,8,8,7,8,8,1,25710
1023,8,12A217,15,40370,1,1,0,03,9,8,10,10,10,10,10,10,10,10,7,10,0,8,9,7,9,7,2,0,3,0,0,9,10,10,10,10,10,0,10,10,7,6,6,1,23146
1023,8,12A217,15,40370,4,1,0,01,6,8,8,8,8,8,8,8,8,8,10,9,9,8,4,4,6,5,1,5,6,0,5,8,6,7,7,7,8,5,8,8,8,7,7,1,15430
1023,8,12A217,15,40370,3,1,0,01,8,8,9,8,9,9,9,9,9,9,9,9,9,8,8,8,8,9,0,0,0,0,0,9,8,9,9,9,9,7,9,9,8,8,8,1,30861
1023,8,12A217,15,40370,2,1,0,03,8,7,8,8,8,9,9,8,9,8,8,8,2,7,6,6,7,7,2,4,4,2,0,7,8,8,7,8,8,4,8,8,7,6,5,1,46291
1023,8,11A217,15,40373,2,1,0,02,10,10,10,10,10,9,10,10,9,9,9,8,6,10,10,10,10,10,0,0,0,0,0,10,10,10,10,10,10,1,10,10,10,6,7,1,24201
1023,8,11A217,15,40373,4,1,0,02,7,4,5,8,6,9,10,5,4,7,10,10,10,10,6,8,5,9,0,4,1,1,1,4,2,7,10,10,2,0,10,2,2,0,2,1,24201
1023,8,11A217,15,40373,1,1,0,01,8,8,9,9,9,9,10,10,10,9,9,9,7,8,8,8,9,8,2,1,2,1,2,10,7,8,9,8,9,6,10,10,10,8,8,1,24201
1023,8,11A217,15,40373,3,1,0,01,8,8,10,10,10,10,10,10,10,9,9,8,7,8,8,10,10,9,2,1,0,0,0,10,9,8,9,10,10,6,10,8,10,9,9,1,36301
1023,8,12A217,15,40374,1,1,0,02,7,7,10,10,10,10,10,10,10,10,10,10,4,10,10,10,10,10,0,0,0,0,0,10,10,10,10,10,10,0,10,10,10,7,7,1,40801
1023,8,12A217,15,40374,4,1,0,03,9,8,9,10,8,8,9,10,10,8,10,9,4,9,7,9,8,9,0,3,1,2,0,10,9,9,8,10,8,8,9,9,8,9,9,1,24481
1023,8,12A217,15,40374,3,1,0,02,9,9,9,10,10,10,10,10,10,10,10,10,2,10,10,8,10,10,0,0,1,0,0,10,10,10,10,10,10,0,10,10,9,7,7,1,16321
1023,5,12B212,15,40379,3,1,0,01,8,8,8,8,8,8,8,8,8,9,9,9,7,10,10,7,7,10,0,0,2,2,0,8,8,8,9,8,8,6,8,8,8,4,7,1,8133
1023,5,12B212,15,40379,1,1,0,04,10,10,10,10,10,9,10,10,10,10,10,10,1,10,9,6,10,10,0,0,4,0,0,10,10,10,10,10,10,7,10,8,10,10,9,1,32532
1023,5,12B212,15,40379,2,1,0,01,8,8,9,5,10,8,8,6,8,7,7,0,7,5,6,7,5,5,4,4,3,5,5,7,9,8,7,6,7,5,7,10,8,6,4,1,24399
1023,7,13A218,15,41030,3,1,0,01,8,7,9,9,9,10,9,9,10,9,10,10,0,8,8,8,8,9,1,1,1,2,0,9,10,9,10,10,5,5,9,9,8,9,9,1,23175
1023,7,13A218,15,41030,2,1,0,02,7,5,8,8,10,8,8,8,9,9,9,8,2,7,6,7,8,7,3,4,2,1,2,7,9,8,9,9,5,5,6,8,6,7,5,1,34762
1023,7,13A218,15,41030,1,1,0,01,8,10,9,9,10,9,9,9,10,10,10,9,9,9,9,9,9,9,0,0,0,0,0,9,10,10,10,9,10,9,10,10,9,9,8,1,11587
1023,7,13A218,15,41030,4,1,0,01,10,10,10,10,10,9,10,10,10,10,10,10,3,10,10,9,10,10,0,0,1,0,0,8,9,9,9,10,10,5,9,10,10,8,8,1,11587
1023,7,11A218,15,41091,2,1,0,01,3,3,3,0,7,10,10,5,7,7,10,5,5,5,2,6,7,7,4,7,4,3,3,5,5,5,3,6,4,7,7,5,5,6,4,1,6404
1023,7,11A218,15,41091,3,1,0,02,9,8,10,10,10,10,10,10,10,10,10,9,2,10,10,10,10,10,0,0,0,0,0,9,9,9,9,9,9,0,9,9,7,8,8,1,12807
1023,7,11A218,15,41091,1,1,0,02,9,9,10,10,10,10,10,10,10,10,10,8,3,9,8,9,9,8,0,1,1,0,0,9,9,8,10,10,9,0,8,9,9,10,10,1,12807
1023,3,12A224,15,41150,2,1,0,02,9,8,9,9,10,9,9,9,10,10,10,9,4,10,10,10,10,10,0,0,0,0,0,7,5,9,10,9,9,5,9,10,9,7,7,1,21401
1023,3,12A224,15,41150,3,1,0,01,9,8,10,10,10,10,10,10,10,10,10,10,3,9,8,8,9,8,0,1,1,1,1,8,10,10,10,9,9,5,8,9,9,9,9,1,21401
1023,6,11B211,15,41191,2,1,0,02,7,7,9,9,10,9,9,9,10,10,10,9,2,10,9,9,10,10,0,1,1,0,0,7,8,10,10,10,10,0,9,10,10,7,8,1,21623
1023,6,11B211,15,41191,3,1,0,01,8,8,9,9,10,9,10,10,9,8,6,8,3,8,8,8,9,9,2,2,0,0,0,8,10,10,9,9,5,0,10,10,9,5,6,1,32434
1023,6,11B211,15,41191,4,1,0,03,7,8,9,9,9,9,9,9,9,9,10,9,2,9,8,9,9,0,0,0,0,1,0,9,9,9,9,9,9,9,10,10,10,5,5,1,43245
1023,6,11B211,15,41191,1,1,0,01,8,8,9,9,9,8,9,9,10,9,10,9,2,9,8,8,10,9,0,0,1,0,0,8,9,9,9,9,9,4,10,8,8,6,5,1,43245
1023,2,13A225,15,41281,4,1,0,01,7,5,7,6,10,9,8,9,10,9,10,10,4,9,9,9,10,10,1,1,1,0,0,6,5,6,7,7,10,0,9,8,8,5,5,1,26513
1023,2,13A225,15,41281,1,1,0,01,9,7,9,9,9,9,10,10,10,10,7,8,3,8,7,8,7,8,2,2,2,2,0,7,8,8,8,8,7,6,9,8,8,7,8,1,17675
1023,2,13A225,15,41281,2,1,0,02,8,9,9,9,10,10,10,10,10,10,9,10,1,8,8,9,9,8,2,2,1,0,0,9,10,10,10,10,10,4,10,9,8,6,8,1,17675
1023,4,13A223,15,41306,2,1,0,01,7,6,8,8,10,9,9,9,9,10,10,10,4,8,9,9,9,9,1,1,0,0,0,7,6,9,9,9,10,5,10,10,10,9,10,1,39114
1023,4,13A223,15,41306,4,1,0,03,9,6,10,10,10,10,10,10,10,10,9,10,1,9,9,10,10,10,0,0,0,0,0,10,10,9,10,10,9,5,5,9,9,5,8,1,78229
1023,1,12A226,15,41309,4,1,0,01,8,8,9,8,10,10,10,9,10,10,7,9,5,6,5,7,7,7,3,4,3,3,2,9,9,9,10,9,7,9,10,9,8,9,9,1,15399
1023,1,12A226,15,41309,3,1,0,01,9,9,9,9,10,10,10,10,10,10,7,10,0,7,7,7,7,5,3,2,2,2,0,10,7,9,7,9,5,3,9,9,7,6,9,1,15399
1023,1,12A226,15,41309,1,1,0,01,6,4,9,10,10,10,10,10,10,10,10,10,0,7,7,7,6,10,3,2,3,0,0,8,10,10,10,10,10,10,10,10,10,10,10,1,7699
1023,1,12A226,15,41309,2,1,0,01,8,8,10,10,10,10,10,10,10,10,0,10,0,9,6,9,9,9,1,4,0,0,0,8,9,8,10,8,9,1,9,8,5,2,1,1,15399
1023,8,11A217,15,41313,3,1,0,02,8,8,10,10,10,10,10,10,10,10,10,9,2,10,10,10,10,10,0,0,0,0,0,9,10,10,10,10,9,0,10,10,10,9,10,1,27413
1023,8,11A217,15,41313,1,1,0,01,8,8,9,9,10,9,10,10,10,10,10,9,4,10,9,9,10,0,0,1,1,0,0,7,6,9,8,9,9,0,9,7,10,9,10,1,13707
1023,8,11A217,15,41313,2,1,0,04,8,8,9,9,10,9,9,9,9,9,9,9,4,9,9,9,10,10,1,1,1,0,0,8,10,10,10,9,6,5,9,9,9,8,10,1,82240
1023,8,11A217,15,41313,4,1,0,06,8,8,10,10,10,10,9,9,9,9,10,9,4,10,9,9,10,10,0,1,1,0,0,7,9,9,8,9,9,5,9,9,9,5,8,1,95946
1023,5,12B212,15,41349,2,1,0,03,8,8,9,9,9,9,10,10,10,10,10,9,5,8,8,9,9,8,1,2,1,0,0,7,9,9,7,9,8,5,8,6,7,10,10,1,42329
1023,5,12B212,15,41349,4,1,0,01,8,8,8,10,8,9,10,10,10,10,10,9,2,10,10,10,10,10,0,0,0,0,0,10,8,10,10,10,10,4,5,8,9,8,7,1,21164
1023,5,12B212,15,41349,1,1,0,01,8,6,10,9,9,9,9,9,10,8,4,8,2,8,9,8,9,8,2,1,1,1,0,8,10,8,9,9,7,4,8,9,9,8,9,1,10582
1023,4,11A223,15,41369,1,1,0,01,9,9,10,10,10,10,10,10,10,9,8,9,2,8,8,9,9,8,2,1,1,1,0,10,8,9,9,9,10,5,9,9,9,9,10,1,24585
1023,4,11A223,15,41369,4,1,0,01,7,7,9,9,10,8,9,8,9,9,10,8,3,8,8,7,9,7,2,1,3,1,0,7,9,8,8,8,9,0,8,6,8,7,7,1,24585
1023,4,11A223,15,41369,3,1,0,02,8,7,9,9,10,9,10,10,10,10,10,10,2,10,9,9,10,10,0,1,1,0,0,8,10,9,10,10,6,0,9,10,10,8,7,1,36877
1023,4,11A223,15,41369,2,1,0,04,8,9,9,9,10,9,9,10,9,10,10,9,3,8,8,9,9,9,1,1,1,0,0,9,7,9,9,9,5,5,9,10,9,8,8,1,49170
1023,5,11B212,15,41387,4,1,0,01,6,4,7,8,8,9,8,9,8,9,10,10,3,8,8,8,8,9,1,1,2,1,0,6,7,7,8,8,5,5,10,9,10,8,8,1,44722
1023,5,11B212,15,41387,3,1,0,02,6,7,8,8,8,9,9,9,9,9,9,9,2,10,10,10,10,10,0,0,0,0,0,8,8,9,9,9,5,4,10,9,9,8,10,1,44722
1023,5,11B212,15,41387,1,1,0,02,9,7,10,10,10,10,9,9,10,8,5,9,0,8,8,8,9,10,1,2,1,1,0,8,10,9,10,9,0,0,9,6,7,8,7,1,55902
1023,1,11A226,15,41414,1,1,0,01,6,6,5,5,7,5,5,10,8,10,10,5,10,10,7,5,7,7,0,2,5,2,2,10,0,10,10,10,10,10,10,10,10,7,10,1,11055
1023,1,11A226,15,41414,3,1,0,02,10,9,10,0,10,10,10,10,10,10,9,10,4,8,8,10,10,10,1,0,0,0,0,9,10,10,10,8,7,5,10,9,9,6,5,1,22109
1023,1,11A226,15,41414,2,1,0,01,9,9,10,10,10,10,10,10,10,10,6,10,2,8,10,10,10,5,1,0,0,0,4,9,9,10,10,8,5,10,10,10,10,10,8,1,44219
1023,3,11A224,16,40023,2,1,0,01,7,5,8,7,10,7,7,9,8,8,4,7,3,9,9,8,8,8,1,1,2,2,0,7,7,7,7,6,3,3,9,7,7,2,6,1,15335
1023,3,11A224,16,40023,4,1,0,01,5,7,8,5,10,10,10,8,10,8,9,7,5,8,7,6,10,10,0,0,4,0,0,8,8,5,5,7,10,8,10,5,10,5,5,1,15335
1023,3,11A224,16,40023,3,1,0,01,5,7,6,8,4,5,8,8,7,8,10,5,7,10,7,6,8,7,0,3,3,0,0,7,5,7,10,8,6,3,9,5,8,5,7,1,15335
1023,3,11A224,16,40023,1,1,0,01,9,9,9,9,9,9,10,10,8,7,3,7,3,6,7,6,7,8,4,2,3,2,1,7,8,6,8,8,8,4,8,9,9,5,7,1,7668
1023,3,13A224,16,40056,1,1,0,01,10,10,10,10,10,10,10,10,10,10,0,10,2,10,10,10,10,10,0,0,0,0,0,9,9,10,10,10,10,10,10,8,10,10,10,1,18318
1023,7,12A218,16,40059,2,1,0,01,9,10,8,10,10,10,10,10,10,10,10,8,6,5,5,6,7,5,5,5,4,2,4,10,7,10,6,10,4,0,10,10,8,6,6,1,6470
1023,7,12A218,16,40059,3,1,0,01,10,10,10,10,10,10,10,10,6,10,10,10,2,10,10,10,10,10,0,0,0,0,0,10,10,8,10,10,10,3,10,8,10,10,7,1,19410
1023,7,12A218,16,40059,4,1,0,02,9,9,8,9,10,8,10,10,8,9,6,8,7,7,5,7,7,9,3,4,3,3,0,8,8,9,9,9,10,7,9,10,8,7,5,1,12940
1023,6,11B211,16,40190,1,1,0,03,7,7,8,8,10,8,10,10,10,8,7,8,8,7,6,7,5,8,3,4,2,4,2,7,10,7,8,9,5,4,7,7,8,5,5,1,27427
1023,6,11B211,16,40190,2,1,0,02,9,8,9,10,9,10,9,10,10,9,10,10,9,10,9,5,10,9,0,0,5,0,0,9,10,9,9,9,9,7,9,9,9,10,8,1,27427
1023,6,11B211,16,40190,3,1,0,02,7,8,7,8,10,8,10,8,10,5,8,7,5,10,10,10,10,10,0,0,0,0,0,7,9,8,8,8,5,8,9,7,4,5,6,1,36570
1023,6,11B211,16,40190,4,1,0,02,6,6,0,7,10,7,8,5,7,10,7,8,5,0,0,5,8,0,10,7,5,0,0,10,5,10,0,6,0,7,8,9,9,10,8,1,18285
1023,2,12A225,16,40214,1,1,0,05,8,6,10,8,10,8,10,10,7,9,3,8,6,9,6,7,7,10,1,4,3,2,0,10,10,10,10,9,7,7,10,10,6,5,4,1,34264
1023,2,12A225,16,40214,3,1,0,01,10,10,10,9,10,9,10,10,10,10,5,9,4,10,10,8,10,10,0,0,2,0,0,8,10,10,10,10,8,0,10,10,10,6,3,1,34264
1023,2,12A225,16,40214,4,1,0,01,7,7,5,5,5,7,8,6,7,7,6,7,0,5,10,6,10,4,0,0,0,0,0,7,7,6,7,7,6,4,5,6,5,5,5,1,17132
1023,2,12A225,16,40214,2,1,0,01,9,7,8,9,10,10,10,9,10,10,10,10,4,8,8,8,8,7,2,1,1,1,2,8,8,10,8,10,10,0,9,10,8,6,0,1,8566
1023,2,11A225,16,40280,4,1,0,02,10,10,9,9,10,8,9,8,9,8,7,9,1,8,9,9,9,9,0,0,0,0,0,8,9,8,9,8,8,8,9,10,8,6,6,1,7552
1023,2,11A225,16,40280,3,1,0,02,10,10,10,10,10,9,10,10,10,10,10,10,9,9,6,5,7,5,0,3,5,3,5,9,5,7,6,3,10,6,8,9,5,4,7,1,15104
1023,2,11A225,16,40280,1,1,0,01,8,8,10,9,10,10,10,10,10,10,10,10,0,5,5,0,6,5,0,0,10,0,0,8,9,9,10,10,10,5,10,10,8,10,10,1,15104
1023,6,12B211,16,40285,3,1,1,01,8,7,8,10,10,10,10,10,10,10,8,10,6,9,7,6,10,8,1,2,4,0,1,8,8,7,9,8,5,7,9,7,9,8,9,1,8958
1023,6,12B211,16,40285,2,1,0,02,8,8,9,8,9,10,10,10,10,10,9,9,0,7,6,7,8,9,2,3,2,2,0,9,10,10,10,9,9,7,10,8,8,8,7,1,17916
1023,6,12B211,16,40285,1,1,0,02,9,9,9,10,10,9,9,9,9,9,8,9,9,10,7,3,10,10,0,2,6,0,0,8,10,8,10,9,8,4,10,8,8,9,8,1,35833
1023,4,12A223,16,40306,3,1,0,02,10,10,10,10,10,10,10,10,10,10,5,10,0,10,10,5,10,10,0,0,5,0,0,8,8,8,10,10,10,7,10,10,10,8,8,1,24824
1023,4,12A223,16,40306,1,1,0,01,8,9,8,7,9,8,8,8,7,7,6,7,6,7,4,8,7,5,3,5,2,2,1,7,8,7,8,6,4,0,7,8,7,5,3,1,16549
1023,4,12A223,16,40306,4,1,0,01,8,8,8,9,9,7,7,8,5,8,4,7,3,6,8,4,9,8,3,2,5,1,2,7,8,8,9,5,3,4,9,9,9,8,8,1,16549
1023,8,11A217,16,40313,4,1,0,03,9,5,8,10,8,8,8,8,10,10,0,8,8,10,10,5,10,8,0,0,5,0,0,5,10,8,8,8,8,1,5,5,8,5,5,1,33908
1023,8,11A217,16,40313,2,1,0,01,9,8,10,10,10,10,10,10,10,10,0,10,6,8,8,8,10,10,2,0,0,0,0,7,8,7,9,8,8,9,10,9,8,7,6,1,8477
1023,8,13A217,16,40376,2,1,0,01,10,10,10,10,10,10,10,10,10,10,8,10,3,10,10,10,10,10,0,0,0,0,0,10,10,10,10,10,10,8,10,10,10,8,8,1,9714
1023,8,13A217,16,40376,4,1,0,01,6,6,6,5,10,6,7,7,7,7,6,5,5,4,6,2,4,0,0,0,7,0,0,7,5,10,10,3,10,5,6,8,8,8,8,1,19428
1023,8,13A217,16,40376,1,1,0,03,6,6,8,8,8,8,6,6,6,0,10,6,10,10,10,4,8,4,0,0,5,2,4,3,6,6,8,6,0,4,4,6,4,8,6,1,38857
1023,8,13A217,16,40376,3,1,0,02,8,8,9,9,9,7,9,9,6,10,10,9,7,10,10,8,10,10,0,0,1,0,0,9,9,10,9,8,10,7,10,10,10,7,7,1,29142
1023,5,12B212,16,40384,3,1,0,02,6,8,8,8,10,9,9,10,5,10,10,9,4,8,4,5,5,5,0,6,5,5,5,9,8,9,9,10,0,6,9,10,10,8,8,1,47476
1023,5,12B212,16,40384,1,1,0,01,7,8,9,7,10,7,10,9,8,10,10,8,6,5,4,4,5,4,5,5,5,5,6,10,9,10,10,8,7,7,9,10,8,7,10,1,23738
1023,5,12B212,16,40384,4,1,0,01,9,9,10,10,10,9,10,8,7,10,3,9,1,10,10,10,10,9,0,0,0,0,0,10,9,9,9,9,8,1,10,9,9,10,10,1,23738
1023,1,12A226,16,40412,2,1,0,01,7,7,9,8,8,7,7,8,7,7,7,9,7,10,7,4,5,7,0,3,6,0,0,8,7,8,10,6,10,0,8,9,10,7,9,1,7930
1023,1,12A226,16,40412,4,1,0,01,7,5,8,6,8,9,7,9,5,6,7,6,5,9,9,4,8,7,1,1,5,0,2,7,6,7,8,4,8,3,9,9,6,7,5,1,7930
1023,1,12A226,16,40412,1,1,0,01,8,8,8,8,10,10,10,10,10,6,0,8,4,10,10,10,10,10,0,0,0,0,0,10,10,10,10,10,7,6,10,7,5,6,6,1,15860
1023,7,12A218,17,40030,2,1,0,01,8,8,9,9,9,9,9,10,10,9,10,9,6,8,8,8,9,9,0,0,0,0,0,9,9,9,8,9,8,6,8,8,8,6,5,1,6610
1023,7,12A218,17,40030,4,1,0,02,8,5,8,8,10,9,8,10,10,7,0,7,8,7,6,10,10,10,2,4,0,0,0,8,5,7,9,8,9,4,10,9,5,5,3,1,19829
1023,3,12A224,17,40119,2,1,0,01,8,5,10,10,10,9,10,8,10,10,10,9,2,5,6,5,8,7,0,3,5,0,3,9,7,7,9,9,8,5,9,8,9,10,8,1,7342
1023,3,12A224,17,40119,4,1,0,01,10,8,10,10,10,10,9,10,10,10,10,10,9,9,9,10,10,10,1,1,0,0,0,9,10,10,10,10,8,8,10,10,8,9,9,1,14685
1023,3,12A224,17,40119,1,1,0,02,8,5,8,10,10,10,9,9,9,8,5,9,5,0,5,2,5,0,10,5,7,5,0,8,6,7,8,9,9,0,8,7,5,6,6,1,7342
1023,3,12A224,17,40119,3,1,0,01,5,6,7,7,9,9,9,10,9,9,8,8,7,7,5,8,7,7,2,4,0,0,0,5,7,5,8,5,3,2,7,6,6,6,7,1,14685
1023,7,11A218,17,40126,2,1,0,01,8,8,10,10,10,10,10,10,9,9,8,10,5,10,10,6,9,8,0,0,3,0,0,10,9,10,8,8,9,5,8,7,8,8,8,1,7021
1023,7,11A218,17,40126,3,1,0,02,8,10,10,10,10,10,10,10,10,10,10,10,9,3,5,5,5,5,6,5,5,5,5,8,8,9,9,9,10,5,10,10,10,10,8,1,14042
1023,7,11A218,17,40126,1,1,0,02,5,7,8,9,9,4,8,10,8,10,5,9,2,8,5,8,8,9,2,5,1,1,0,8,9,10,8,8,9,0,9,7,7,2,3,1,14042
1023,6,11B211,17,40194,1,1,0,03,9,9,10,6,10,10,10,10,10,10,10,10,10,7,10,10,8,10,2,0,0,0,0,10,10,10,9,10,9,10,10,10,8,10,10,1,37760
1023,6,11B211,17,40194,2,1,0,01,8,10,10,9,10,8,10,10,10,10,10,9,2,9,9,8,7,10,0,0,0,2,0,10,9,10,9,10,10,6,9,10,3,2,8,1,12587
1023,6,11B211,17,40194,3,1,0,02,5,4,8,9,10,10,10,10,10,10,10,9,8,5,5,5,5,0,0,0,0,0,0,8,8,10,10,5,9,8,10,10,10,7,5,1,25173
1023,6,12B211,17,40226,2,1,0,03,8,7,7,7,9,8,9,9,9,9,9,9,8,7,7,5,6,8,2,3,5,1,0,9,7,9,8,8,7,6,8,9,6,7,6,1,25460
1023,6,12B211,17,40226,1,1,0,02,8,8,9,9,10,10,10,10,9,10,9,10,2,8,9,6,6,8,1,1,3,3,2,8,6,7,8,8,8,4,9,8,8,8,8,1,25460
1023,6,12B211,17,40226,3,1,0,02,8,8,10,10,9,8,10,10,10,10,10,8,5,5,5,2,5,5,3,5,0,0,5,8,9,10,10,10,9,5,10,10,10,7,8,1,16973
1023,6,12B211,17,40226,4,1,0,01,10,10,10,9,10,10,9,8,8,10,10,8,6,5,5,5,5,3,0,0,0,0,0,10,10,8,8,8,8,0,9,10,10,9,10,1,25460
1023,2,11A225,17,40249,2,1,0,02,5,2,10,10,10,9,10,10,10,10,10,5,5,5,2,4,8,6,0,7,6,0,0,10,5,8,8,8,5,0,10,10,0,2,4,1,15246
1023,2,11A225,17,40249,3,1,0,03,5,5,3,8,3,7,8,8,3,10,9,5,9,3,3,2,5,3,6,7,5,5,7,5,5,7,5,8,3,5,5,5,4,4,7,1,15246
1023,2,11A225,17,40252,2,1,0,03,8,8,9,8,9,9,9,10,9,9,8,8,7,5,5,6,8,8,5,5,3,0,0,8,8,9,9,8,8,0,8,8,3,3,2,1,29145
1023,8,12A217,17,40313,4,1,0,02,10,10,10,10,10,10,10,10,8,10,10,8,0,7,7,7,7,10,2,2,2,2,0,8,10,10,10,10,9,7,10,10,10,10,10,1,14302
1023,8,12A217,17,40313,2,1,0,01,8,8,9,8,9,9,8,8,9,8,9,8,8,7,7,7,8,8,2,2,1,1,1,8,8,9,8,8,8,6,8,8,8,8,7,1,21452
1023,8,12A217,17,40313,1,1,1,01,8,10,5,9,10,8,9,10,9,7,4,5,6,7,8,6,8,8,2,2,3,2,1,7,5,8,10,7,10,7,8,5,7,7,8,1,21452
1023,1,11A226,17,40317,1,1,0,02,7,7,9,9,9,9,9,9,9,9,10,9,1,7,8,9,9,7,2,1,0,0,0,9,9,10,10,8,8,0,9,9,10,9,8,1,14241
1023,1,11A226,17,40317,2,1,0,01,0,0,10,10,10,10,10,10,10,10,10,10,5,5,5,1,5,10,0,0,5,0,0,10,7,10,10,10,10,0,10,10,10,10,10,1,42723
1023,1,11A226,17,40317,3,1,0,01,7,7,10,9,7,10,10,10,10,9,9,8,5,8,8,6,10,9,1,0,4,0,0,10,9,9,10,10,5,0,10,9,7,6,5,1,35603
1023,1,11A226,17,40317,4,1,0,01,7,7,8,8,9,9,9,8,9,8,7,8,6,5,5,5,5,5,5,5,5,4,1,7,7,7,5,8,3,2,5,7,7,6,6,1,7121
1023,4,11A223,17,40338,3,1,0,01,9,9,10,10,10,9,8,10,10,8,8,9,7,9,6,9,9,10,0,4,1,1,0,10,9,10,9,9,9,8,9,10,8,8,9,1,13558
1023,4,11A223,17,40338,1,1,0,03,6,9,7,7,10,10,7,8,10,10,10,8,5,5,4,3,7,5,3,6,7,0,5,7,10,5,5,10,7,0,10,9,5,5,5,1,33895
1023,4,11A223,17,40338,2,1,0,01,8,6,10,10,10,10,10,10,10,10,10,10,8,8,7,4,6,8,1,2,5,3,1,10,8,10,10,10,7,7,10,10,9,10,8,1,13558
1023,4,11A223,17,40338,4,1,0,01,8,8,8,9,8,9,8,10,8,8,10,8,5,5,5,5,5,8,5,5,5,5,2,9,8,8,8,8,8,0,9,9,9,5,5,1,13558
1023,4,13A223,17,40370,1,1,0,01,9,7,9,9,10,10,10,10,5,10,9,9,0,10,10,10,10,10,0,0,0,0,0,8,10,9,8,9,8,8,10,8,8,7,7,1,8716
1023,4,13A223,17,40370,3,1,0,01,9,9,10,10,10,10,10,10,10,10,10,10,5,9,8,6,6,8,1,1,3,3,0,10,8,10,10,8,10,6,8,10,10,10,10,1,34864
1023,4,13A223,17,40370,4,1,0,01,8,7,8,10,10,8,10,10,10,10,0,7,10,4,4,7,9,7,6,6,3,0,1,7,1,8,10,10,6,7,8,8,8,8,3,1,17432
1023,5,11B212,17,40384,1,1,0,01,9,9,9,9,9,9,10,10,9,9,9,9,5,5,5,5,7,6,5,5,5,3,3,9,9,9,9,10,10,9,9,10,10,5,5,1,8166
1023,5,11B212,17,40384,4,1,0,02,10,10,10,10,10,10,10,10,10,10,10,9,8,5,7,7,10,10,0,2,2,0,0,10,8,8,10,8,9,7,8,10,8,9,10,1,8166
1023,5,11B212,17,40384,3,1,0,03,9,6,8,8,8,9,9,10,6,9,10,8,9,7,8,8,8,8,2,2,2,1,1,8,7,9,7,8,7,5,9,6,5,5,7,1,24498
1023,5,11B212,17,40384,2,1,1,02,8,10,9,9,10,8,10,10,10,10,9,9,8,8,9,9,10,9,0,1,1,0,1,9,9,10,9,9,8,0,10,10,9,4,5,1,16332
1023,1,11A226,17,40408,4,1,0,02,10,10,10,10,10,10,10,10,9,10,8,9,8,10,7,10,10,10,0,3,0,0,0,10,10,10,10,9,8,0,10,10,10,10,10,1,15432
1023,1,11A226,17,40408,2,1,0,04,10,10,10,9,4,10,10,10,10,10,10,10,10,5,3,8,10,10,3,0,1,0,0,8,4,9,5,10,10,0,7,10,10,10,0,1,38581
1023,1,11A226,17,40408,3,1,0,02,8,6,10,10,10,10,10,10,10,10,7,8,9,5,5,5,8,4,5,4,5,2,6,8,8,8,8,9,8,3,9,9,9,9,9,1,15432
1023,1,11A226,17,40408,1,1,0,01,9,10,5,9,10,7,10,10,7,8,10,10,6,7,7,10,5,7,2,2,0,0,2,9,5,10,10,9,9,3,10,10,10,10,10,1,7716
1023,5,11B212,17,40420,1,1,0,02,8,8,10,10,9,9,10,9,10,9,9,8,5,7,7,6,7,6,2,3,4,3,3,8,9,9,10,9,8,5,8,7,7,6,8,1,16346
1023,5,11B212,17,40420,2,1,0,02,8,7,9,9,10,10,10,10,10,10,8,9,8,3,5,6,5,6,7,5,3,5,0,8,10,8,8,9,4,4,9,7,5,7,9,1,10897
1023,3,13A224,18,40056,3,1,0,01,10,10,10,8,10,8,10,10,8,10,7,9,2,8,7,5,7,7,1,3,4,2,0,10,10,9,8,9,7,6,9,4,8,4,4,1,15462
1023,3,13A224,18,40056,2,1,0,01,8,8,10,10,10,10,10,10,10,10,10,10,3,10,10,8,8,9,0,0,1,0,0,10,10,10,10,10,8,8,10,10,10,8,5,1,23192
1023,3,13A224,18,40056,4,1,0,01,6,0,7,8,9,7,9,10,8,10,10,10,8,10,4,10,4,4,0,6,0,0,5,10,10,10,10,5,8,6,8,10,10,8,0,1,15462
1023,3,13A224,18,40056,1,1,0,02,9,9,9,10,10,9,10,10,10,10,9,10,8,3,5,5,5,3,6,5,5,5,6,9,6,8,9,9,7,6,8,9,9,8,7,1,38654
1023,3,11A224,18,40086,4,1,0,01,8,8,9,10,10,9,10,10,9,10,8,9,9,5,3,5,8,6,4,6,5,0,1,9,9,9,9,9,7,7,9,9,7,6,8,1,16289
1023,3,11A224,18,40086,1,1,0,01,5,5,5,5,8,6,8,7,8,7,5,8,5,5,4,5,5,5,5,6,5,4,5,5,7,7,8,7,2,4,8,8,7,4,3,1,24433
1023,3,11A224,18,40086,2,1,0,02,10,9,8,6,10,10,9,10,10,8,5,7,5,5,6,5,5,7,4,4,4,5,0,10,10,10,10,10,5,5,10,10,10,8,8,1,16289
1023,3,11A224,18,40086,3,1,0,02,8,6,9,9,9,9,10,10,7,10,0,9,7,10,8,8,8,10,0,1,1,1,0,8,8,10,10,10,10,4,9,7,9,5,2,1,24433
1023,7,11A218,18,40129,4,1,0,04,9,8,7,7,8,9,7,8,9,9,5,9,9,5,5,5,4,5,5,4,5,5,5,8,8,8,8,8,8,8,9,9,9,9,9,1,29274
1023,7,11A218,18,40129,3,1,0,04,10,8,10,10,10,10,10,10,10,10,6,10,2,9,10,10,7,10,1,0,0,2,0,10,10,10,10,10,6,7,8,10,8,7,7,1,29274
1023,7,11A218,18,40129,2,1,0,01,8,8,8,9,5,7,8,9,8,7,0,9,4,9,4,9,10,9,1,5,0,0,0,5,5,8,9,7,9,3,8,8,8,7,6,1,29274
1023,7,11A218,18,40129,1,1,0,04,8,6,9,8,10,9,9,8,10,10,8,9,6,10,8,7,8,10,0,1,2,0,0,9,9,9,8,8,7,7,8,9,8,8,9,1,7318
1023,4,12A223,18,40180,1,1,0,01,10,10,10,8,8,7,9,10,10,9,9,9,6,7,6,5,5,7,0,4,5,5,0,10,10,10,10,7,10,0,8,10,1,10,4,1,24308
1023,4,12A223,18,40180,4,1,0,01,10,10,10,10,10,10,10,10,10,10,5,9,9,5,5,5,6,7,5,4,4,3,3,10,10,9,10,10,9,10,10,10,10,10,10,1,12154
1023,4,12A223,18,40180,2,1,1,01,5,4,5,6,8,8,5,5,9,5,4,5,5,6,7,6,6,5,4,3,4,3,5,7,7,7,4,6,5,5,8,5,8,8,8,1,12154
1023,4,12A223,18,40180,3,1,0,01,9,9,9,9,9,9,9,9,9,9,10,9,3,9,9,7,9,9,0,1,2,1,1,9,9,9,9,9,9,5,10,9,9,8,7,1,12154
1023,6,12B211,18,40253,4,1,0,01,10,10,10,10,10,10,10,10,10,10,2,10,2,9,9,9,10,10,0,1,1,0,0,10,10,10,9,10,10,9,10,10,9,8,10,1,11658
1023,6,12B211,18,40253,2,1,0,01,9,5,9,8,10,8,8,8,9,8,0,8,3,6,6,5,8,9,1,3,4,1,1,9,8,9,5,9,3,7,8,8,6,8,9,1,5829
1023,6,12B211,18,40253,1,1,0,02,10,8,9,10,9,9,10,10,9,8,8,8,1,8,9,8,8,9,0,1,1,1,0,9,9,9,9,9,8,7,8,8,10,7,5,1,29146
1023,6,12B211,18,40253,3,1,0,01,8,7,8,9,10,7,10,8,10,9,8,9,7,9,9,7,9,6,1,1,2,0,0,10,6,10,9,9,5,8,9,8,10,9,7,1,5829
1023,2,12A225,18,40279,1,1,0,01,9,8,9,10,8,9,10,10,0,10,10,9,9,9,5,6,9,7,0,5,4,1,2,9,9,9,9,9,3,7,9,9,9,9,7,1,7775
1023,2,12A225,18,40279,4,1,0,02,8,7,9,6,8,8,8,10,6,7,0,6,2,7,9,7,7,8,2,0,2,2,0,8,7,9,9,8,10,5,6,7,8,3,7,1,15549
1023,2,12A225,18,40279,3,1,0,01,9,8,8,9,9,8,10,8,7,7,9,6,5,9,8,4,5,4,1,2,6,5,6,9,6,8,7,5,8,7,8,10,10,9,9,1,7775
1023,2,12A225,18,40279,2,1,0,02,8,6,6,8,10,8,8,9,10,8,5,7,10,8,8,9,9,9,2,1,0,0,0,8,10,8,10,9,10,8,9,9,9,8,8,1,15549
1023,5,12B212,18,40319,2,1,0,03,8,8,10,10,10,10,10,10,8,10,10,9,0,8,9,9,9,9,0,1,1,0,0,9,10,9,10,10,8,8,10,10,9,8,0,1,29790
1023,5,12B212,18,40319,1,1,0,05,8,9,9,10,9,10,10,10,10,10,10,9,5,10,5,6,8,8,0,5,4,0,0,10,10,9,9,8,8,0,3,10,9,5,5,1,37238
1023,5,12B212,18,40319,3,1,0,02,8,8,8,8,10,10,10,10,10,9,9,9,10,9,5,9,8,9,1,4,1,0,0,9,10,10,9,9,10,7,10,10,9,6,0,1,22343
1023,5,12B212,18,40319,4,1,1,01,8,8,8,5,10,8,10,10,8,9,10,8,7,5,3,4,7,6,4,7,5,3,2,8,5,8,7,8,4,4,7,5,3,5,5,1,14895
1023,4,11A223,18,40342,1,1,0,01,8,8,7,7,9,8,8,7,10,7,0,6,2,8,6,4,7,7,2,3,4,2,2,7,6,8,6,8,2,6,8,8,3,7,10,1,6508
1023,4,11A223,18,40342,2,1,0,01,6,4,7,5,9,10,10,8,10,10,10,7,6,6,5,6,6,6,3,4,2,0,3,6,6,6,8,8,6,7,7,5,7,8,8,1,6508
1023,4,11A223,18,40342,3,1,0,02,8,5,8,8,10,10,10,10,10,10,8,10,8,9,9,8,9,10,1,1,0,1,0,9,5,9,10,8,6,8,8,6,8,10,9,1,19523
1023,4,11A223,18,40342,4,1,0,01,10,10,10,10,10,10,10,10,10,10,10,10,10,10,10,10,10,10,0,0,0,0,0,10,7,10,10,10,10,8,10,10,9,0,8,1,13016
1023,1,12A226,18,40376,4,1,0,01,10,10,10,10,10,10,10,8,10,10,8,10,2,9,10,8,10,8,1,0,2,0,0,10,10,10,10,10,10,5,10,10,5,2,7,1,15029
1023,1,12A226,18,40376,2,1,0,01,8,0,9,8,8,10,10,10,10,10,10,9,8,8,10,7,10,9,0,0,2,0,1,8,0,10,10,10,4,0,10,10,10,3,2,1,7514
1023,7,11A218,18,40381,3,1,0,02,10,10,10,10,10,10,10,10,10,9,9,9,9,10,8,10,10,10,0,2,0,0,0,9,10,9,10,4,9,5,9,10,9,7,3,1,31659
1023,7,11A218,18,40381,2,1,1,02,8,9,7,9,10,9,9,10,10,9,9,9,8,5,4,3,5,5,4,5,6,4,5,7,8,9,8,8,9,6,8,8,7,9,9,1,31659
1023,7,11A218,18,40381,1,1,0,01,10,10,10,10,9,9,9,10,9,10,10,10,9,10,10,10,10,10,0,0,0,0,0,10,9,9,9,9,9,9,10,10,10,10,10,1,31659
1023,7,11A218,18,40381,4,1,0,01,10,10,10,10,5,10,5,10,10,10,8,8,7,5,6,6,5,6,4,4,4,4,4,9,8,8,8,7,8,6,8,6,7,7,8,1,47488
1023,8,11A217,18,40410,2,1,0,01,10,10,10,10,10,10,10,10,10,10,8,10,9,9,9,10,10,10,1,0,0,0,0,10,10,10,10,10,10,10,10,10,10,7,7,1,17364
1023,8,11A217,18,40410,1,1,0,02,7,7,7,7,5,5,7,7,7,8,10,7,2,5,5,5,5,7,0,5,5,1,2,7,2,8,9,7,7,6,10,10,9,10,5,1,17364
1023,8,11A217,18,40410,3,1,0,02,8,9,9,8,10,10,9,10,9,9,7,10,10,5,2,5,6,4,5,7,5,1,1,8,9,9,9,8,2,7,9,8,8,5,7,1,17364
1023,8,13A217,18,40411,4,1,0,02,10,10,10,7,10,8,9,10,8,10,10,8,6,5,6,6,7,8,3,4,3,2,1,7,6,9,10,8,8,9,10,7,9,7,8,1,19023
1023,8,13A217,18,40411,2,1,0,02,8,8,8,10,9,9,9,8,8,9,10,8,7,8,5,5,7,8,1,2,5,2,0,8,8,7,10,8,9,10,9,8,10,9,8,1,19023
1023,3,11A224,19,40033,2,1,0,01,8,6,7,8,8,7,8,9,9,8,6,8,3,5,5,5,7,9,0,5,5,1,0,7,7,7,8,9,7,7,10,10,10,9,9,1,13689
1023,3,11A224,19,40033,3,1,0,01,7,7,8,10,10,10,10,9,5,6,1,6,5,10,6,10,10,10,0,4,0,0,0,9,9,6,8,5,2,3,2,1,8,8,8,1,27379
1023,3,11A224,19,40033,1,1,2,01,9,2,9,6,10,7,9,10,10,10,10,10,0,9,10,10,10,10,1,0,0,0,0,8,10,10,9,9,10,2,10,10,10,9,10,1,13689
1023,3,12A224,19,40034,4,1,0,01,10,10,9,9,9,9,10,10,10,10,10,10,0,10,10,10,10,10,0,0,0,0,0,10,10,10,10,10,10,5,8,10,10,10,10,1,15723
1023,3,12A224,19,40034,1,1,0,03,8,8,9,8,8,9,7,9,10,9,4,8,7,6,8,8,5,5,2,1,1,4,1,9,8,9,7,9,7,5,9,9,8,8,7,1,31445
1023,3,12A224,19,40034,2,1,0,02,5,5,6,8,10,10,10,5,10,10,8,9,0,7,7,8,8,5,1,3,0,0,2,8,10,10,10,8,8,5,8,9,9,8,5,1,15723
1023,3,13A224,19,40035,1,1,0,01,10,10,10,8,10,10,10,10,10,10,10,10,0,10,10,8,10,10,0,0,1,0,0,10,10,10,10,10,10,4,10,10,10,3,3,1,25556
1023,3,13A224,19,40035,2,1,0,01,7,5,7,8,9,10,8,9,9,10,7,7,3,3,5,10,3,7,0,0,0,0,0,7,6,9,9,9,8,8,9,10,10,9,9,1,17037
1023,3,13A224,19,40035,3,1,0,04,8,7,9,10,10,9,9,9,10,10,5,9,8,7,4,6,7,5,3,5,3,0,3,8,8,7,8,9,8,7,9,10,6,8,8,1,34074
1023,3,13A224,19,40035,4,1,0,03,7,6,6,8,9,9,8,8,7,10,5,8,7,5,10,5,5,5,0,0,5,5,0,8,10,8,8,9,5,2,9,10,7,9,8,1,25556
1023,7,12A218,19,40041,1,1,0,01,10,10,10,10,10,10,10,10,10,10,8,10,2,10,6,10,8,10,0,0,0,0,0,10,10,10,10,10,10,10,10,10,10,10,10,1,16443
1023,7,12A218,19,40041,2,1,0,02,8,8,8,8,10,8,8,10,10,9,6,8,2,7,6,7,7,8,2,3,2,2,2,7,7,7,8,5,7,6,7,8,8,7,8,1,16443
1023,7,12A218,19,40041,4,1,0,01,10,10,0,0,0,0,0,0,1,0,0,0,3,10,7,10,10,10,0,2,0,0,0,9,10,9,10,10,10,5,9,10,10,9,7,1,24664
1023,7,12A218,19,40041,3,1,0,03,9,9,9,8,10,10,8,10,10,9,2,10,4,3,3,9,3,4,6,7,0,4,0,7,7,8,8,9,6,6,6,10,8,7,7,1,24664
1023,7,13A218,19,40043,1,1,0,01,10,10,10,10,10,10,10,10,8,10,10,10,0,9,9,8,10,10,1,1,1,0,0,10,10,10,10,10,10,7,10,10,10,10,10,1,21999
1023,7,13A218,19,40043,3,1,0,02,10,10,10,10,10,10,10,10,10,10,10,10,1,10,10,10,10,10,0,0,0,0,0,10,10,10,10,10,8,8,10,10,10,10,8,1,54998
1023,7,13A218,19,40043,2,1,0,01,10,10,10,10,10,10,10,10,10,10,3,10,0,8,8,8,10,8,2,0,0,0,0,8,10,10,10,10,8,7,8,8,8,8,8,1,11000
1023,7,13A218,19,40043,4,1,0,02,10,10,10,10,10,10,10,10,10,10,10,10,0,10,10,10,10,10,0,0,0,0,0,10,10,10,10,10,10,7,10,10,10,8,8,1,21999
1023,7,11A218,19,40045,4,1,0,02,8,5,8,10,10,10,10,10,10,10,8,8,0,10,5,8,10,8,0,5,0,0,0,7,3,5,10,8,6,6,8,9,5,5,5,1,23097
1023,7,11A218,19,40045,2,1,0,01,7,6,10,10,10,7,8,9,10,10,5,9,0,5,5,5,7,5,5,5,0,2,0,7,10,8,8,5,5,3,5,10,10,4,4,1,23097
1023,7,11A218,19,40045,3,1,0,02,6,7,8,10,10,10,6,10,8,7,10,10,10,9,7,7,10,10,1,2,2,0,0,6,4,5,5,0,4,8,8,10,10,10,10,1,23097
1023,7,11A218,19,40045,1,1,0,01,10,8,9,9,10,10,10,9,9,9,5,9,8,6,5,5,6,6,3,4,5,3,3,8,8,8,8,8,8,5,9,8,7,7,7,1,23097
1023,7,11A218,19,40085,3,1,0,01,8,8,8,8,9,9,9,10,10,9,8,9,4,5,8,9,9,9,0,0,0,0,0,9,9,9,9,9,9,7,10,8,10,10,8,1,20774
1023,7,11A218,19,40085,4,1,0,01,8,10,8,9,10,8,10,10,6,9,10,6,6,3,5,3,7,6,6,4,6,3,3,8,5,8,10,8,7,9,10,9,8,9,10,1,6925
1023,7,11A218,19,40085,2,1,0,01,5,0,10,10,10,10,10,10,10,10,10,10,5,10,10,10,10,10,0,0,0,0,0,10,10,10,10,5,10,10,10,10,10,10,9,1,13849
1023,7,11A218,19,40085,1,1,0,02,2,2,7,6,8,5,9,9,9,2,5,7,7,10,10,9,10,10,0,0,0,0,0,10,10,10,10,9,9,9,10,10,10,10,10,1,20774
1023,7,12A218,19,40093,1,1,0,02,10,10,10,10,10,10,10,10,10,10,10,10,0,10,10,10,10,10,0,0,0,0,0,10,10,10,10,10,10,7,10,10,10,10,10,1,26650
1023,7,12A218,19,40093,4,1,0,03,10,10,10,10,10,10,10,10,10,10,7,10,0,10,10,8,10,10,0,0,1,0,0,10,10,10,10,10,10,8,10,10,10,10,10,1,35533
1023,7,12A218,19,40093,2,1,0,01,10,10,10,10,10,10,10,10,10,10,10,10,0,10,10,10,10,8,0,0,0,0,0,10,10,10,10,10,10,5,10,10,10,10,10,1,8883
1023,7,12A218,19,40093,3,1,0,02,8,9,10,10,10,10,10,10,10,10,10,10,0,10,10,10,10,10,0,0,0,0,0,9,10,10,10,10,10,10,10,8,10,6,8,1,17767
1023,3,13A224,19,40124,4,1,0,01,8,8,9,9,10,10,10,10,10,10,5,10,0,9,8,9,9,9,1,2,1,1,1,9,9,9,9,9,9,1,9,10,10,2,1,1,39313
1023,3,13A224,19,40124,1,1,0,04,10,10,10,10,10,10,10,10,10,10,10,10,0,9,10,10,10,10,1,0,0,0,0,10,10,10,10,10,10,7,10,10,10,10,10,1,52417
1023,3,13A224,19,40124,3,1,0,02,9,9,10,7,10,10,10,10,10,10,8,10,8,9,9,10,9,10,1,1,0,1,0,8,8,8,8,8,8,1,1,8,7,3,1,1,26209
1023,3,11A224,19,40129,3,1,0,01,10,8,10,10,10,10,10,10,10,10,10,10,0,7,8,9,10,8,2,2,1,0,0,10,10,10,10,10,10,10,10,10,10,10,10,1,13973
1023,3,11A224,19,40129,4,1,0,02,8,8,10,10,10,10,10,9,10,9,7,9,0,8,8,4,8,8,0,0,6,0,0,8,10,9,10,9,9,6,8,9,5,7,8,1,13973
1023,3,11A224,19,40129,2,1,0,01,10,8,10,10,10,10,10,10,10,10,8,10,0,8,6,7,10,9,2,3,2,0,0,9,10,9,10,10,5,7,10,8,8,7,8,1,13973
1023,3,12A224,19,40213,4,1,0,03,7,9,10,10,8,10,10,7,10,10,7,7,4,10,7,5,10,10,0,2,5,0,0,7,6,7,8,10,5,5,10,7,9,8,8,1,33053
1023,3,12A224,19,40213,3,1,0,02,8,8,9,9,9,9,10,10,10,10,8,9,7,5,6,7,5,9,4,4,3,4,0,10,7,9,9,9,9,5,9,10,10,10,7,1,24790
1023,3,12A224,19,40213,1,1,0,04,10,8,10,10,8,8,10,10,10,8,5,10,0,10,10,10,5,10,0,0,0,5,0,10,8,5,10,5,2,7,8,10,10,10,8,1,41317
1023,3,12A224,19,40216,2,1,0,02,10,10,10,9,10,8,10,10,10,10,10,9,3,10,6,5,7,9,0,3,4,0,0,10,8,10,10,10,7,7,8,10,10,10,10,1,24796
1023,3,12A224,19,40216,3,1,0,02,8,5,7,8,9,7,8,10,7,10,8,8,8,3,2,4,5,3,6,7,4,3,6,6,6,8,6,10,10,2,7,5,6,7,6,1,16531
1023,3,12A224,19,40216,4,1,0,01,8,8,10,10,10,8,10,9,7,10,10,5,2,7,10,8,10,10,0,0,1,0,0,8,8,8,10,0,8,7,8,10,10,9,7,1,16531
1023,3,11A224,19,40220,3,1,0,01,7,7,8,9,8,9,9,8,8,9,10,8,5,7,5,4,8,6,0,4,6,2,3,7,7,7,10,8,6,5,8,8,7,7,8,1,16829
1023,3,11A224,19,40220,1,1,0,01,10,6,10,8,8,8,10,10,9,10,10,8,5,8,9,8,8,8,0,0,0,0,0,8,8,9,8,7,8,8,8,8,8,8,8,1,25244
1023,3,11A224,19,40220,2,1,0,01,8,7,10,10,10,10,10,10,8,10,10,10,4,7,7,7,10,8,0,2,0,0,0,8,8,8,9,8,8,7,10,10,8,10,10,1,25244
1023,3,11A224,19,40220,4,1,0,01,9,8,10,10,10,10,10,10,10,10,9,9,0,7,7,7,10,8,2,3,3,0,0,8,10,9,10,9,7,5,9,10,7,7,7,1,16829
1023,7,12A218,19,40224,3,1,0,01,8,5,10,10,10,7,5,6,8,10,10,7,5,6,7,7,7,5,3,2,2,2,5,10,6,10,6,6,6,10,10,10,6,10,10,1,8587
1023,7,12A218,19,40224,1,1,0,04,8,8,7,8,8,8,9,9,10,9,10,9,4,5,6,6,7,7,1,4,3,3,2,7,8,8,9,8,8,7,9,8,8,9,9,1,42933
1023,7,12A218,19,40224,2,1,0,01,0,0,2,10,0,9,5,5,10,10,10,8,1,7,1,5,3,7,0,5,2,2,2,0,8,6,5,10,0,2,2,2,5,8,10,1,17173
1023,7,12A218,19,40224,4,1,0,01,8,6,9,9,10,10,10,8,9,10,10,10,6,7,5,3,4,5,2,4,7,6,4,8,5,9,8,9,9,7,10,10,7,8,10,1,34346
1023,7,12A218,19,40230,3,1,0,02,8,7,7,8,9,10,9,10,10,10,10,8,7,4,4,4,4,2,5,6,6,6,8,8,8,9,9,9,9,6,9,9,9,8,5,1,8396
1023,7,12A218,19,40230,1,1,0,01,9,9,9,8,8,8,9,9,8,8,8,8,3,7,6,6,6,7,2,3,4,4,3,7,7,7,9,7,8,6,8,8,7,8,8,1,16793
1023,7,12A218,19,40230,2,1,0,01,10,10,10,9,10,10,10,10,10,9,10,9,1,10,10,10,10,10,0,0,0,0,0,10,10,10,10,10,9,7,10,10,10,9,10,1,16793
1023,7,12A218,19,40230,4,1,0,01,8,8,8,10,10,9,10,10,10,10,10,10,0,10,8,6,10,10,0,1,4,0,0,8,8,8,9,9,9,9,9,8,9,8,9,1,25189
1023,7,13A218,19,40231,3,1,0,03,7,7,9,8,8,9,7,9,7,6,3,5,2,6,9,6,5,8,0,1,4,1,0,7,7,8,10,9,7,6,8,7,8,8,7,1,31092
1023,7,13A218,19,40231,4,1,0,03,8,8,8,6,10,9,8,10,9,8,0,5,5,10,8,9,7,10,0,1,1,0,0,6,10,5,10,10,8,5,10,10,10,6,4,1,41457
1023,7,13A218,19,40231,2,1,0,01,8,7,9,8,10,10,10,10,9,9,10,10,5,8,6,5,8,10,2,4,5,2,0,7,9,10,9,8,10,3,9,10,10,10,8,1,20728
1023,2,12A225,19,40264,2,1,0,01,8,6,8,9,9,9,9,7,9,9,7,9,9,6,6,5,6,9,3,3,5,3,0,6,9,8,9,9,8,4,9,9,9,9,10,1,13969
1023,2,12A225,19,40264,3,1,0,04,8,8,10,8,10,10,10,10,8,5,0,9,8,7,7,9,9,7,3,3,1,1,0,8,8,10,10,10,7,0,8,7,5,5,2,1,34923
1023,2,12A225,19,40264,1,1,0,01,10,10,10,10,10,10,10,10,10,10,8,7,8,9,10,6,10,7,1,0,3,0,2,8,10,8,10,10,7,5,10,7,10,7,7,1,6985
1023,2,12A225,19,40264,4,1,0,01,8,6,10,9,9,9,9,9,10,5,0,8,0,7,9,9,6,5,1,1,1,3,0,7,10,7,7,9,9,5,8,10,7,9,5,1,6985
1023,2,12A225,19,40267,2,1,0,02,10,10,10,9,10,10,10,10,10,10,10,10,2,10,10,10,10,10,0,0,0,0,0,10,9,10,10,9,10,1,10,10,10,8,6,1,25237
1023,2,12A225,19,40267,1,1,0,02,8,7,10,7,10,9,10,10,8,9,8,10,8,8,8,7,8,8,2,2,3,2,2,8,10,9,9,8,7,6,8,8,9,7,8,1,16825
1023,2,12A225,19,40267,3,1,0,01,10,7,10,10,10,10,10,10,10,10,10,10,10,10,10,10,10,10,0,0,0,0,0,7,10,10,10,10,10,10,10,10,10,10,10,1,16825
1023,2,12A225,19,40267,4,1,0,03,10,10,10,6,10,9,10,10,10,10,7,7,8,9,6,5,10,10,0,4,4,0,0,10,10,9,10,9,10,9,10,10,10,10,10,1,25237
1023,6,11B211,19,40269,3,1,1,01,9,9,10,10,10,10,9,10,9,10,10,10,9,10,10,6,10,10,0,0,4,0,0,10,9,10,10,10,10,8,10,10,10,10,8,1,9694
1023,6,11B211,19,40269,2,1,1,01,10,10,10,10,10,10,10,10,10,10,10,10,10,10,10,6,10,10,0,0,3,0,0,10,10,10,10,10,10,10,10,10,10,10,10,1,29083
1023,6,11B211,19,40269,4,1,0,03,10,10,10,10,10,10,10,10,10,10,10,10,5,10,10,8,10,10,0,0,1,0,0,10,10,10,10,10,10,10,10,10,10,10,10,1,87250
1023,6,11B211,19,40269,1,1,0,02,9,9,9,8,8,8,8,8,8,8,8,8,8,8,8,8,8,9,2,2,1,0,0,10,8,9,9,9,8,5,8,9,9,9,9,1,29083
1023,6,13B211,19,40275,1,1,0,02,7,8,7,9,8,8,5,9,4,5,2,2,3,7,7,8,3,2,3,2,1,6,3,8,9,9,8,8,5,3,7,7,7,6,4,1,28291
1023,6,13B211,19,40275,4,1,2,01,10,10,10,10,10,10,10,10,10,10,7,10,0,10,10,10,10,10,0,0,0,0,0,10,10,10,10,10,8,7,9,8,8,8,8,1,9430
1023,6,13B211,19,40275,2,1,0,01,10,10,10,10,9,10,10,10,8,10,8,9,0,7,7,7,10,9,2,2,3,0,0,10,10,10,10,10,8,8,10,10,10,8,8,1,18861
1023,2,12A225,19,40309,4,1,0,01,8,8,10,10,10,10,10,10,10,10,10,10,0,10,10,4,10,10,0,0,0,0,0,10,10,10,10,10,10,5,10,10,10,10,10,1,9792
1023,2,12A225,19,40309,2,1,0,01,7,6,5,5,9,7,8,9,10,6,9,7,9,8,8,7,5,9,2,2,3,4,0,5,10,9,7,9,6,4,9,6,6,6,7,1,4896
1023,2,12A225,19,40309,1,1,0,01,8,8,9,9,9,9,9,9,9,9,9,9,0,10,9,10,10,10,0,0,0,0,0,10,10,10,10,10,10,10,10,10,10,10,10,1,9792
1023,2,12A225,19,40309,3,1,0,02,10,8,9,10,10,10,10,10,9,10,10,10,8,10,10,6,10,10,0,0,4,0,0,10,10,10,10,10,10,5,10,10,10,10,10,1,14689
1023,6,11B211,19,40321,3,1,0,03,9,9,10,10,10,10,10,10,10,10,10,10,0,10,6,7,7,5,0,3,3,3,4,9,9,9,9,9,10,8,10,10,8,8,8,1,27242
1023,6,11B211,19,40321,2,1,0,01,10,8,10,10,10,10,10,10,10,10,10,9,4,10,7,9,7,8,0,0,1,2,0,9,8,8,8,8,8,6,9,6,7,7,7,1,13621
1023,6,11B211,19,40321,1,1,0,01,9,8,10,10,10,10,10,10,10,10,10,9,0,10,8,6,8,9,0,0,4,2,0,9,9,10,8,10,5,0,10,9,8,8,9,1,13621
1023,6,11B211,19,40321,4,1,0,04,8,8,9,8,10,10,8,9,7,9,7,8,2,7,6,7,8,9,2,4,3,1,0,8,10,8,10,10,9,6,7,7,7,8,8,1,27242
1023,2,11A225,19,40351,4,1,0,01,7,4,7,10,10,10,10,10,10,10,10,10,0,8,8,9,9,9,2,1,1,1,1,8,9,8,10,10,10,6,10,10,10,10,10,1,5921
1023,2,11A225,19,40351,2,1,0,02,10,8,10,10,10,10,10,10,10,10,8,10,10,10,7,5,7,10,0,2,5,2,0,10,7,10,10,10,10,6,10,10,10,8,8,1,23683
1023,2,11A225,19,40351,1,1,0,01,9,9,9,9,9,8,8,10,8,8,9,7,5,7,7,6,8,9,3,2,3,2,0,8,8,9,10,7,10,8,9,10,10,9,9,1,11841
1023,2,13A225,19,40356,2,1,0,02,5,10,7,8,10,10,10,10,10,10,10,8,8,10,8,8,10,10,0,0,0,0,0,7,6,10,10,10,10,6,10,10,7,5,4,1,19567
1023,2,13A225,19,40356,1,1,0,01,7,7,7,7,9,8,9,8,8,9,10,8,1,9,8,7,7,8,0,1,2,2,0,9,7,9,9,8,8,7,9,9,9,9,8,1,9783
1023,2,13A225,19,40356,3,1,0,04,8,10,10,10,10,10,8,8,10,10,10,8,5,6,6,7,5,5,4,3,2,4,2,6,10,6,10,7,5,5,5,7,7,10,10,1,39133
1023,2,13A225,19,40356,4,1,0,01,9,9,10,8,10,10,10,10,8,10,9,9,2,7,9,8,8,6,2,1,0,1,0,9,10,9,8,9,6,2,9,8,6,8,8,1,19567
1023,2,11A225,19,40358,4,1,0,02,8,6,8,8,10,9,10,10,10,10,10,9,2,10,9,9,10,9,0,1,1,0,0,9,9,9,9,9,10,8,10,10,8,8,8,1,11543
1023,2,11A225,19,40358,1,1,0,01,5,10,7,10,10,10,10,10,8,10,10,9,5,8,10,10,10,7,1,0,0,0,0,10,6,10,10,6,7,5,9,10,10,10,10,1,17314
1023,2,11A225,19,40358,2,1,0,01,8,10,10,10,10,10,10,10,9,9,10,8,5,7,7,6,8,10,0,1,4,0,0,7,8,8,10,8,8,6,8,8,8,7,7,1,5771
1023,2,11A225,19,40358,3,1,0,02,7,8,6,7,9,10,10,10,9,10,10,10,8,5,5,4,4,3,4,5,6,5,6,8,8,8,8,8,7,0,5,10,0,7,7,1,11543
1023,2,12A225,19,40359,2,1,0,01,8,7,9,8,10,9,9,10,9,10,7,9,5,8,9,8,6,9,1,1,1,4,1,9,7,8,8,9,10,3,9,9,9,7,9,1,5428
1023,2,12A225,19,40359,3,1,0,01,8,7,10,10,10,9,9,9,9,8,8,8,3,8,9,8,10,9,2,0,2,0,0,8,9,9,8,8,10,8,10,9,8,10,10,1,10857
1023,2,12A225,19,40359,4,1,0,01,8,8,6,6,6,6,6,5,8,7,5,5,0,5,5,6,7,6,2,2,3,2,0,8,8,8,8,8,8,5,7,7,8,5,2,1,10857
1023,6,12B211,19,40365,4,1,0,01,8,8,10,10,10,9,9,9,9,10,10,9,5,9,6,6,8,6,0,3,4,0,3,8,8,8,8,8,10,7,8,9,9,9,9,1,16432
1023,6,12B211,19,40365,1,1,0,02,9,8,9,9,9,9,9,9,9,9,9,9,2,9,9,9,9,9,0,0,0,0,0,8,9,10,9,8,8,5,8,9,9,9,9,1,24648
1023,6,12B211,19,40365,2,1,0,01,8,8,7,7,10,10,9,9,8,8,10,8,4,7,7,6,7,8,0,0,4,0,0,8,7,8,9,8,10,7,8,9,8,7,7,1,16432
1023,6,12B211,19,40365,3,1,0,02,8,8,9,8,10,9,8,10,7,8,8,8,2,6,6,6,9,7,2,3,4,0,0,8,8,8,8,9,7,5,9,8,8,6,7,1,24648
1023,6,13B211,19,40366,1,1,0,01,9,9,7,7,9,8,8,8,10,9,10,10,2,8,2,5,9,8,1,5,2,1,0,8,10,9,10,8,9,8,9,9,9,9,9,1,79089
1023,6,13B211,19,40366,3,1,0,02,10,9,8,7,9,8,9,10,9,9,9,10,7,9,8,7,10,9,0,0,2,0,0,10,10,10,10,8,6,5,10,10,10,10,10,1,47453
1023,6,12B211,19,40368,4,1,0,01,10,10,10,10,10,10,10,10,10,10,10,10,7,8,8,9,9,9,1,1,1,1,1,10,10,10,10,10,10,5,10,10,10,10,10,1,23835
1023,6,12B211,19,40368,2,1,0,01,6,4,8,5,10,10,10,10,7,10,10,9,7,5,5,5,7,5,0,4,0,2,5,6,7,9,9,7,4,0,6,3,6,3,7,1,15890
1023,6,12B211,19,40368,1,1,0,04,9,9,10,9,10,10,10,9,10,9,8,10,2,10,10,9,9,10,0,0,1,1,0,10,10,8,9,10,10,9,9,9,8,6,8,1,39725
1023,6,12B211,19,40368,3,1,0,01,8,8,8,8,8,8,8,9,9,8,8,8,7,8,8,8,8,8,2,1,2,2,2,9,8,8,8,8,6,5,8,8,7,7,7,1,23835
1023,2,13A225,19,40401,4,1,0,01,9,9,10,9,9,10,10,10,10,10,5,9,2,8,8,6,8,8,1,1,4,2,1,9,8,8,9,9,8,5,8,10,7,5,0,1,19412
1023,2,13A225,19,40401,2,1,0,01,4,5,7,7,9,9,6,6,7,6,4,6,9,8,6,8,8,9,1,3,2,1,1,7,7,8,6,4,5,3,6,4,8,5,5,1,29119
1023,2,13A225,19,40401,3,1,0,02,8,8,10,9,10,10,9,10,10,10,8,9,0,8,9,8,9,9,1,1,1,0,0,9,8,9,9,9,8,6,9,10,9,7,7,1,19412
1023,2,13A225,19,40401,1,1,0,01,9,6,8,7,10,10,10,9,9,10,5,5,0,8,8,8,8,10,0,2,0,0,0,6,8,8,8,10,2,8,8,9,8,8,8,1,9706
1023,6,12B211,19,40415,3,1,0,01,9,8,9,7,10,9,10,10,9,10,9,10,5,8,4,9,10,7,2,3,1,0,0,9,7,10,7,9,6,4,10,8,7,7,7,1,14408
1023,6,12B211,19,40415,2,1,0,01,6,4,9,9,10,9,7,10,10,9,10,9,0,9,10,10,5,10,0,0,0,0,0,6,10,8,10,10,7,10,10,10,10,10,10,1,28815
1023,6,12B211,19,40415,1,1,0,01,10,10,10,8,10,10,10,10,8,10,10,8,2,8,8,6,7,6,0,0,4,0,4,9,6,10,10,8,8,7,7,10,10,10,10,1,7204
1023,6,13B211,19,40416,1,1,0,01,7,7,10,10,10,10,7,7,7,8,7,7,3,7,6,5,6,6,2,3,4,4,3,7,7,7,7,7,7,5,7,8,7,7,7,1,19350
1023,6,13B211,19,40416,3,1,0,02,10,10,10,10,10,10,10,10,10,10,10,10,0,10,5,10,10,10,0,4,0,0,0,10,9,10,10,9,10,8,10,10,10,10,10,1,19350
1023,6,13B211,19,40416,4,1,0,01,9,9,10,10,0,7,10,10,10,8,6,10,8,8,5,7,10,10,0,4,2,0,0,10,10,10,10,10,10,10,10,10,10,10,10,1,29026
1023,6,13B211,19,40416,2,1,0,02,8,10,10,10,10,10,10,10,10,10,10,10,0,10,4,5,8,8,0,6,5,0,0,10,10,10,10,10,6,8,10,8,8,8,8,1,29026
1023,4,11A223,19,40438,2,1,0,02,10,10,8,9,10,10,10,10,10,9,10,10,9,7,5,9,4,5,0,4,0,6,4,10,10,10,10,10,10,0,10,10,8,8,8,1,43974
1023,4,11A223,19,40438,3,1,0,02,8,5,5,8,10,10,10,10,8,10,9,10,10,10,10,7,8,10,0,0,0,0,0,10,9,8,10,10,10,8,10,10,10,6,2,1,26384
1023,4,11A223,19,40438,4,1,0,01,8,7,10,10,10,10,9,10,9,10,10,5,2,8,5,6,9,9,0,5,3,0,0,7,8,7,10,7,7,5,7,7,5,6,6,1,26384
1023,4,11A223,19,40438,1,1,0,01,8,8,8,9,9,8,8,10,10,9,0,8,7,8,8,7,6,8,1,2,3,3,2,9,7,8,8,9,7,7,8,8,7,9,8,1,8795
1023,4,12A223,19,40440,1,1,0,01,10,8,10,8,8,8,8,8,8,8,8,8,1,7,8,7,8,8,2,2,2,2,0,8,8,8,8,8,8,0,8,8,8,8,8,1,16048
1023,4,12A223,19,40440,4,1,0,01,10,10,10,10,10,10,10,10,10,10,10,10,0,10,10,10,10,10,0,0,0,0,0,10,10,10,10,10,8,8,8,10,10,10,10,1,16048
1023,4,12A223,19,40440,2,1,0,01,8,7,8,7,9,8,8,7,8,8,5,8,0,6,8,5,8,9,3,0,5,0,0,8,8,8,8,7,8,5,8,8,4,4,7,1,16048
1023,4,12A223,19,40440,3,1,0,02,10,10,10,10,10,10,10,10,10,10,10,10,0,10,10,8,10,10,0,0,1,0,0,9,9,9,9,9,9,0,8,9,9,8,8,1,16048
1023,1,11A226,19,40445,3,1,0,02,7,8,10,10,10,10,10,8,8,10,10,9,5,8,9,9,9,10,0,0,0,0,0,8,7,7,7,8,8,5,7,7,7,7,7,1,13528
1023,1,11A226,19,40445,2,1,0,01,7,7,7,7,10,7,7,7,7,7,7,7,5,5,5,5,5,5,5,5,5,5,5,7,7,7,7,7,7,5,7,7,7,7,7,1,6764
1023,1,11A226,19,40445,4,1,0,04,10,9,10,10,10,10,10,10,10,10,10,9,2,10,8,8,9,10,0,1,1,1,0,8,10,9,10,10,10,8,9,10,9,9,9,1,27055
1023,1,11A226,19,40445,1,1,0,01,9,9,10,10,10,9,10,5,10,1,8,10,0,7,5,7,7,4,2,2,3,1,1,7,9,9,9,10,4,7,8,8,8,8,8,1,13528
1023,1,13A226,19,40447,4,1,0,04,10,7,10,10,9,10,10,10,10,10,10,9,2,10,10,8,9,10,0,0,2,1,0,10,9,10,9,10,9,10,10,10,10,9,10,1,39085
1023,8,13A217,19,40447,4,1,0,01,9,9,9,9,9,9,9,9,9,9,10,9,8,8,6,7,6,8,2,4,2,4,2,9,9,9,9,9,9,9,9,8,10,9,10,1,29454
1023,8,13A217,19,40447,2,1,0,01,8,6,9,7,10,8,9,9,9,8,9,8,7,5,7,5,7,5,0,2,5,2,0,9,0,8,8,9,8,7,9,9,8,7,7,1,29454
1023,1,13A226,19,40447,2,1,0,03,10,6,9,9,10,9,9,10,10,9,7,10,10,7,3,7,10,5,2,6,3,0,3,10,8,10,8,10,6,4,8,10,8,7,7,1,39085
1023,1,13A226,19,40447,3,1,0,02,8,8,8,6,9,7,8,9,9,8,8,7,6,8,9,7,8,8,1,0,3,2,0,4,8,5,7,8,8,3,7,8,5,8,8,1,19543
1023,8,13A217,19,40447,1,1,0,01,6,5,8,6,5,7,8,7,9,6,9,5,6,5,5,5,5,6,5,4,4,5,4,7,8,6,8,9,8,5,8,7,8,9,7,1,19636
1023,8,13A217,19,40447,3,1,0,01,9,9,9,9,10,10,10,10,9,10,10,10,1,9,9,8,9,9,1,1,1,0,0,9,9,10,10,10,8,8,10,9,9,9,9,1,39272
1023,1,12A226,19,40448,3,1,0,01,9,8,9,9,10,10,10,10,10,10,8,9,0,5,7,9,9,9,2,1,0,0,0,10,10,10,10,10,9,9,9,10,10,9,9,1,16165
1023,1,12A226,19,40448,1,1,0,02,8,7,7,9,8,10,9,10,10,10,8,9,8,9,8,10,10,10,1,1,0,0,0,9,9,10,10,10,9,8,9,10,10,9,9,1,16165
1023,1,12A226,19,40448,2,1,0,02,10,10,10,10,10,10,10,10,8,8,8,9,8,4,6,7,6,8,5,4,3,3,2,10,9,8,10,9,8,5,9,10,9,5,5,1,16165
1023,8,12A217,19,40448,1,1,0,02,8,8,9,9,9,9,10,9,9,9,4,9,3,8,8,8,8,8,2,2,1,1,1,9,9,9,9,9,9,6,9,9,9,7,9,1,22862
1023,8,12A217,19,40448,4,1,0,02,9,7,10,10,10,10,10,10,10,10,10,10,8,7,7,7,10,10,2,3,2,0,0,10,10,10,10,10,9,5,10,10,4,2,3,1,38104
1023,8,12A217,19,40448,2,1,0,02,10,10,8,10,0,10,10,10,9,10,10,10,5,8,7,9,9,10,2,3,1,0,0,10,10,10,10,10,10,10,10,10,10,10,10,1,15241
1023,8,12A217,19,40448,3,1,0,01,7,7,7,8,8,8,10,9,7,10,10,10,8,10,10,10,10,10,0,0,0,0,0,10,10,10,10,10,10,4,10,10,10,5,8,1,15241
1023,1,12A226,19,40448,4,1,0,01,9,9,10,9,10,10,8,9,8,10,10,10,6,6,3,4,8,5,3,7,5,1,4,9,8,8,7,9,7,9,10,10,5,9,4,1,8083
1023,8,11A217,19,40452,2,1,0,01,6,7,6,5,8,7,7,5,10,9,2,8,8,7,4,5,8,4,2,6,4,2,6,8,6,10,2,6,0,0,9,8,0,3,8,1,3487
1023,1,11A226,19,40452,3,1,0,01,8,5,10,9,9,9,9,9,9,9,9,9,2,10,10,10,10,10,0,0,0,0,0,5,5,5,8,8,5,3,9,9,9,8,5,1,13526
1023,8,11A217,19,40452,1,1,0,01,10,10,10,10,8,10,10,10,10,10,5,8,0,10,10,5,10,5,0,0,0,0,0,6,8,8,10,10,8,6,8,7,6,8,8,1,3487
1023,1,11A226,19,40452,4,1,0,01,10,10,10,10,8,10,10,10,10,10,8,10,5,7,5,6,7,10,3,4,4,3,0,10,10,10,10,10,10,7,10,10,5,7,9,1,13526
1023,1,11A226,19,40452,1,1,0,03,8,6,8,8,9,8,8,9,10,7,7,6,7,7,7,9,7,8,3,2,0,2,1,7,7,5,8,8,8,6,8,6,7,6,8,1,20289
1023,1,11A226,19,40452,2,1,0,01,8,9,10,10,8,10,10,10,10,10,10,10,9,10,10,10,10,9,0,0,0,0,0,9,10,10,10,10,7,0,10,10,10,9,10,1,20289
1023,8,11A217,19,40452,3,1,0,02,6,9,8,9,9,7,9,9,7,9,9,8,8,3,3,1,3,0,6,4,9,5,4,10,8,9,9,9,6,0,9,9,6,9,9,1,6973
1023,5,12B212,19,40459,1,1,0,01,7,7,7,7,7,7,7,7,7,7,5,5,0,7,8,8,8,8,3,0,2,0,0,7,9,7,7,7,7,0,7,7,3,7,7,1,15761
1023,5,12B212,19,40459,3,1,0,04,10,10,10,10,10,10,10,10,10,10,7,10,0,10,10,10,10,10,0,0,0,0,0,10,10,10,10,10,10,8,10,10,9,9,9,1,31522
1023,5,12B212,19,40459,2,1,0,01,10,10,10,10,10,10,10,10,10,10,10,10,2,8,8,8,8,8,1,1,1,1,1,10,8,8,8,8,8,6,8,10,8,8,8,1,15761
1023,5,13B212,19,40460,4,1,0,01,5,2,5,8,10,10,10,10,10,10,10,8,5,5,5,2,5,5,0,5,7,5,5,8,8,8,10,10,10,5,10,5,8,8,5,1,17553
1023,5,13B212,19,40460,1,1,0,01,8,8,8,7,10,10,8,8,10,9,4,8,5,10,7,10,5,10,0,2,0,0,0,8,8,8,7,8,7,7,8,7,7,8,8,1,26329
1023,4,13A223,19,40487,4,1,0,01,8,8,8,7,5,9,8,8,6,6,5,7,0,4,5,5,5,3,6,5,5,4,6,7,5,7,8,7,5,5,8,8,6,8,5,1,18307
1023,4,13A223,19,40487,2,1,0,02,10,7,10,10,10,10,10,10,10,10,10,10,0,8,10,5,10,8,0,0,4,0,0,10,10,10,10,10,10,0,10,10,10,10,0,1,45768
1023,4,13A223,19,40487,3,1,0,02,8,5,9,9,8,8,9,9,5,9,9,9,8,10,10,10,10,10,0,0,0,0,0,8,8,8,9,8,8,5,7,9,10,8,5,1,45768
1023,4,13A223,19,40487,1,1,0,03,10,9,10,10,8,9,10,10,10,8,9,7,8,5,5,5,6,5,5,5,4,3,4,10,9,10,10,10,7,5,8,10,10,8,8,1,27461
1023,8,13A217,19,40491,1,1,0,02,9,9,9,8,10,10,9,10,7,9,10,9,6,3,4,4,5,5,6,6,5,4,4,7,8,9,10,8,9,6,7,7,8,8,8,1,26851
1023,8,13A217,19,40491,2,1,0,04,10,10,10,9,10,9,10,10,10,10,9,10,7,9,10,9,10,10,1,0,0,0,0,10,10,9,10,10,8,8,6,10,10,9,9,1,35801
1023,8,13A217,19,40491,4,1,0,03,8,6,7,9,10,9,9,10,10,9,8,9,5,8,9,7,9,5,1,1,2,1,0,9,10,8,10,10,10,9,10,10,9,10,10,1,35801
1023,8,13A217,19,40494,1,1,0,02,10,10,10,10,10,10,10,10,10,10,10,10,2,10,10,8,10,10,0,0,1,0,0,9,9,9,10,10,10,6,10,10,8,8,8,1,33817
1023,8,13A217,19,40494,4,1,0,04,8,7,5,5,8,8,9,8,7,8,9,8,7,1,1,1,1,3,8,8,8,8,7,0,0,5,5,5,5,0,9,5,5,5,0,1,33817
1023,8,13A217,19,40494,2,1,0,01,10,10,10,10,10,10,10,10,10,10,10,10,0,0,8,8,10,8,2,1,1,0,0,10,10,10,10,10,10,7,10,10,10,10,10,1,16909
1023,8,13A217,19,40494,3,1,0,02,10,8,10,10,10,10,10,10,10,10,6,10,0,8,10,8,10,10,2,0,2,0,0,10,10,10,10,10,10,8,10,10,8,8,8,1,16909
1023,5,12B212,19,40500,1,1,0,01,8,7,8,10,9,10,10,9,10,10,5,8,5,8,8,9,9,7,2,2,1,1,1,7,10,7,9,7,6,5,9,7,7,7,7,1,15485
1023,5,12B212,19,40500,3,1,0,02,7,9,8,6,8,8,7,6,7,8,9,8,8,7,7,8,7,7,1,0,0,1,1,8,8,8,8,7,7,6,8,8,8,7,8,1,23227
1023,5,12B212,19,40500,2,1,0,03,5,5,5,5,10,10,7,7,5,5,0,5,5,10,7,6,6,6,0,2,3,3,3,5,5,5,5,7,5,0,5,5,4,4,2,1,38711
1023,5,12B212,19,40500,4,1,0,02,10,10,10,10,10,10,10,10,10,10,10,10,3,10,10,10,10,10,0,0,0,0,0,10,10,10,10,10,10,2,10,10,10,10,10,1,15485
1023,5,11B212,19,40501,1,1,0,01,10,7,10,8,10,10,10,10,10,8,10,10,7,8,6,5,8,6,0,3,4,0,3,8,8,8,8,8,7,5,8,8,8,8,8,1,8137
1023,5,11B212,19,40501,3,1,0,02,9,7,9,8,9,9,9,9,8,9,10,9,8,9,8,9,9,9,1,2,0,0,0,8,8,8,8,9,9,9,9,8,8,9,8,1,24411
1023,5,11B212,19,40501,4,1,0,01,8,8,9,9,8,9,9,10,10,9,10,10,5,10,8,6,7,9,0,0,3,3,0,9,9,9,8,8,9,8,9,10,0,9,9,1,24411
1023,5,13B212,19,40502,4,1,0,03,7,8,7,9,10,8,8,9,7,8,5,6,6,7,5,6,8,7,3,5,4,1,2,7,9,8,8,7,9,6,8,9,6,7,7,1,26841
1023,5,13B212,19,40502,2,1,0,01,10,10,10,10,10,10,10,10,9,10,10,10,0,10,10,10,10,10,0,0,0,0,0,10,10,10,10,10,8,8,10,10,10,10,10,1,35788
1023,5,12B212,19,40505,3,1,0,01,9,9,9,9,9,8,9,9,9,9,8,9,2,10,7,10,10,10,0,3,0,0,0,9,8,8,9,9,8,7,9,9,8,8,8,1,16804
1023,5,12B212,19,40505,1,1,0,01,9,9,9,9,9,9,9,9,9,9,9,9,9,5,6,7,8,9,0,0,2,1,0,9,8,9,9,9,10,4,9,9,8,10,5,1,25205
1023,4,12A223,19,40528,1,1,0,01,5,5,5,4,5,6,8,7,8,9,8,5,5,8,7,5,8,8,2,2,5,2,2,5,7,9,10,8,3,9,7,5,9,8,9,1,24559
1023,4,12A223,19,40528,2,1,2,01,8,8,8,10,10,10,10,10,10,10,10,10,8,5,5,5,5,7,5,5,5,5,2,9,7,8,9,9,8,5,10,10,5,5,5,1,8186
1023,4,12A223,19,40528,4,1,0,01,10,8,10,8,10,9,10,10,10,8,0,7,4,10,10,5,5,10,0,0,3,2,0,10,10,8,10,10,10,8,9,8,7,8,8,1,16373
1023,4,13A223,19,40536,4,1,0,01,9,8,10,10,10,10,9,10,9,10,8,8,0,8,5,7,9,8,2,3,2,0,0,8,9,8,10,10,6,5,10,9,9,6,6,1,27393
1023,4,13A223,19,40536,3,1,0,02,9,7,8,8,10,9,8,10,9,9,8,9,0,9,9,6,6,8,0,0,4,4,0,8,8,9,9,9,8,7,9,9,9,8,7,1,18262
1023,4,13A223,19,40536,1,1,0,01,8,7,10,10,10,10,10,10,7,10,8,9,0,6,5,6,10,7,3,5,3,0,0,8,10,8,10,10,5,5,9,8,8,7,7,1,18262
1023,4,13A223,19,40536,2,1,0,02,8,8,9,9,10,10,8,10,8,10,10,9,4,8,6,7,10,8,2,3,3,0,0,8,8,8,10,9,7,7,10,9,9,6,7,1,18262
1023,8,12A217,19,40537,1,1,0,01,5,5,4,4,8,8,8,8,8,8,9,7,5,5,8,7,7,7,2,1,2,3,3,8,5,5,5,5,5,6,9,9,9,9,0,1,8094
1023,8,12A217,19,40537,3,1,0,01,8,8,8,9,10,9,9,9,9,9,10,10,0,10,9,7,8,10,0,0,3,0,0,8,9,10,10,8,0,6,9,10,10,10,10,1,8094
1023,8,12A217,19,40537,2,1,0,01,10,10,8,10,7,10,10,10,8,10,10,8,5,7,10,9,10,10,0,0,1,0,0,5,8,10,10,10,7,8,10,10,10,10,10,1,8094
1023,8,12A217,19,40537,4,1,0,02,5,3,7,6,7,7,6,6,7,7,6,6,5,7,7,6,7,7,0,0,0,0,0,7,8,8,8,7,8,7,7,7,7,7,8,1,24281
1023,1,13A226,19,40538,1,1,0,01,9,9,10,9,10,10,10,10,10,10,9,10,5,9,8,8,9,8,1,1,1,1,2,10,10,10,10,10,9,6,10,10,10,7,5,1,42924
1023,1,13A226,19,40538,3,1,0,02,8,8,10,7,10,10,10,10,8,10,2,8,1,10,9,5,8,7,0,1,5,2,0,8,6,9,9,9,7,0,9,9,9,3,0,1,21462
1023,1,13A226,19,40538,4,1,0,03,8,9,9,9,10,10,7,10,7,8,9,6,0,9,8,8,7,9,1,2,1,2,1,7,10,8,9,7,9,6,6,8,9,7,7,1,32193
1023,1,13A226,19,40538,2,1,0,02,10,10,9,9,10,9,8,10,8,10,10,10,2,9,9,7,9,9,0,1,2,0,0,10,8,8,10,9,8,5,9,10,10,8,8,1,32193
1023,1,12A226,19,40539,1,1,0,02,10,5,10,10,10,10,10,10,10,10,10,10,1,10,10,10,10,10,0,0,0,0,0,10,10,10,10,10,10,0,10,10,0,0,5,1,18198
1023,1,12A226,19,40539,3,1,0,01,7,7,8,9,8,8,9,9,8,9,7,8,5,8,7,7,8,7,1,2,2,0,0,9,8,8,9,9,7,6,8,10,10,6,4,1,18198
1023,1,12A226,19,40539,2,1,0,01,8,4,9,6,8,8,8,9,6,5,9,8,0,5,6,5,5,7,3,4,4,1,2,9,9,9,9,9,4,4,7,8,6,3,1,1,9099
1023,8,12A217,19,40541,3,1,0,02,9,8,9,8,10,8,8,8,9,8,5,8,5,6,7,5,8,9,3,2,4,1,1,7,9,8,10,9,7,7,9,9,7,7,8,1,17763
1023,8,12A217,19,40541,1,1,0,01,10,9,9,9,9,10,10,10,8,9,10,10,2,5,7,8,9,10,5,2,2,0,0,9,9,10,10,10,9,9,9,10,10,10,9,1,8881
1023,8,12A217,19,40541,4,1,0,02,9,9,9,10,10,10,10,10,10,10,10,8,8,10,10,10,10,10,0,0,0,0,0,1,10,5,10,5,7,0,9,10,0,0,0,1,35526
1023,1,11A226,19,40543,3,1,0,01,10,10,10,7,10,10,10,10,10,10,10,10,1,10,10,5,5,8,0,0,5,0,0,8,10,10,10,10,10,5,10,10,10,10,5,1,14290
1023,1,11A226,19,40543,1,1,0,01,8,8,8,8,9,9,9,10,10,9,10,8,7,8,8,6,8,8,1,1,4,1,0,10,5,10,10,8,8,5,10,10,8,8,8,1,21435
1023,1,11A226,19,40543,4,1,0,01,5,5,5,8,9,8,10,9,8,10,10,9,1,5,3,7,5,7,2,6,3,1,2,9,10,8,10,9,7,6,8,9,9,10,10,1,35725
1023,1,11A226,19,40543,2,1,0,01,5,5,5,8,10,10,10,9,10,10,10,8,5,1,1,1,8,1,8,9,8,1,8,10,10,2,10,2,10,1,10,10,10,1,1,1,7145
1023,1,12A226,19,40544,2,1,0,04,7,5,8,5,10,10,9,10,10,10,0,6,3,5,2,4,7,6,3,7,5,2,4,5,7,7,10,8,4,0,10,10,9,7,8,1,34736
1023,1,12A226,19,40544,1,1,0,01,5,7,4,5,9,7,8,9,8,7,7,7,7,5,6,6,7,7,4,3,3,3,3,5,9,7,7,8,6,5,6,8,8,6,5,1,8684
1023,1,12A226,19,40544,3,1,0,03,10,10,10,10,10,10,10,10,10,10,0,10,2,10,10,9,10,8,0,0,0,0,0,7,9,9,10,10,8,10,10,10,8,9,9,1,26052
1023,4,13A223,19,40575,1,1,0,04,8,7,9,10,10,10,10,10,9,10,9,10,3,6,5,7,5,7,3,5,2,4,1,9,9,7,9,9,5,2,8,9,9,7,5,1,28845
1023,4,13A223,19,40575,4,1,0,02,10,10,10,10,10,10,10,10,10,10,10,10,0,10,10,10,10,10,0,0,0,0,0,10,10,10,10,10,10,8,10,9,10,10,10,1,19230
1023,4,13A223,19,40575,3,1,0,04,10,10,10,10,10,10,10,10,10,10,10,10,2,10,10,8,10,10,0,0,1,0,0,10,10,10,10,10,10,5,10,10,10,2,0,1,38460
1023,4,13A223,19,40575,2,1,0,02,9,7,10,8,10,10,10,10,10,10,10,8,2,8,8,8,8,9,1,1,2,1,0,9,10,9,9,10,9,8,10,8,10,8,8,1,19230
1023,4,12A223,19,40576,4,1,0,02,7,7,10,7,10,8,10,10,9,10,10,10,5,5,5,7,10,8,5,0,3,0,0,9,10,8,10,10,5,4,8,10,10,10,7,1,15728
1023,4,12A223,19,40576,3,1,0,03,9,7,7,5,10,8,7,4,10,5,0,3,5,3,5,8,10,0,1,4,0,0,0,8,10,5,5,9,7,6,8,8,7,9,5,1,23591
1023,4,12A223,19,40576,1,1,0,01,7,8,10,8,3,10,10,10,10,10,10,10,0,7,7,6,7,7,1,1,4,3,1,6,10,6,6,9,7,6,6,10,9,7,3,1,7864
1023,4,11A223,19,40580,4,1,0,01,8,8,10,8,10,10,10,10,9,10,8,9,0,5,5,6,8,6,3,4,3,0,0,7,9,8,8,9,10,5,10,8,6,6,6,1,7704
1023,4,11A223,19,40580,2,1,0,01,9,7,10,10,10,10,10,10,9,9,9,5,0,6,5,5,5,6,4,3,5,0,0,7,9,8,10,7,5,2,10,7,7,6,6,1,38518
1023,4,11A223,19,40580,3,1,0,01,8,6,8,9,10,10,10,10,10,9,10,9,9,6,8,6,5,6,4,2,3,4,4,8,6,8,8,9,9,0,10,10,5,5,5,1,23111
1023,8,11A217,19,40589,2,1,0,04,8,8,8,8,8,8,8,8,9,8,8,8,6,7,8,8,8,9,2,2,2,1,1,8,9,7,9,8,9,9,8,9,9,9,9,1,45881
1023,8,11A217,19,40589,3,1,0,01,10,10,10,10,10,10,10,10,10,10,10,10,0,9,10,10,10,10,1,0,0,0,0,10,10,10,10,10,9,5,8,10,10,10,10,1,30587
1023,8,11A217,19,40589,1,1,0,01,7,7,8,8,10,7,9,9,9,8,7,9,5,7,6,6,6,6,3,3,4,4,3,8,8,9,9,8,8,7,9,9,8,9,8,1,38234
1023,8,11A217,19,40589,4,1,0,01,10,10,10,10,10,10,10,10,8,10,10,10,8,5,9,5,10,5,4,1,5,0,5,10,7,10,10,10,10,0,10,10,0,0,0,1,7647
1023,5,12B212,19,40596,2,1,0,01,10,10,10,10,10,10,10,10,10,10,0,10,10,5,0,1,1,1,5,10,9,9,0,10,10,10,0,10,10,10,7,10,10,10,10,1,23073
1023,5,12B212,19,40596,1,1,0,01,7,5,6,8,8,9,6,7,7,9,0,8,3,7,6,7,8,9,2,1,2,1,0,7,9,4,7,6,5,7,9,7,7,5,6,1,15382
1023,5,12B212,19,40596,3,1,0,03,8,8,9,9,10,8,8,10,7,9,8,8,7,8,5,8,6,10,2,5,2,3,0,8,8,7,10,9,8,7,10,10,9,9,7,1,30764
1023,5,12B212,19,40596,4,1,0,02,9,9,9,8,9,9,9,9,8,9,9,9,9,8,7,8,8,9,2,3,2,0,0,8,8,9,9,9,6,5,8,6,5,6,5,1,15382
1023,5,11B212,19,40598,4,1,1,01,10,10,10,10,10,10,10,10,10,10,10,10,7,6,8,6,6,5,0,0,3,3,0,10,7,10,10,8,8,5,10,10,10,10,10,1,24892
1023,5,11B212,19,40598,2,1,0,01,7,9,8,10,10,10,10,9,10,10,10,10,3,9,5,5,5,3,1,5,5,0,0,0,5,7,9,10,4,1,6,4,3,3,8,1,8297
1023,5,11B212,19,40598,1,1,0,01,7,8,8,10,10,10,10,10,8,9,10,7,5,9,8,5,7,7,1,1,5,1,0,8,5,5,5,7,4,5,10,8,8,8,7,1,8297
1023,5,11B212,19,40598,3,1,0,02,7,9,9,10,9,9,9,10,10,10,9,10,5,5,2,5,5,8,0,0,5,5,0,5,7,10,10,10,5,5,10,10,6,7,5,1,24892
1023,3,12A224,20,40020,1,1,0,01,10,10,10,10,10,10,10,10,10,10,9,10,10,10,10,10,10,10,0,0,0,0,0,10,10,10,10,9,10,8,10,10,7,7,5,1,13516
1023,3,12A224,20,40020,3,1,0,01,8,8,8,8,10,10,10,10,10,10,8,10,10,6,5,6,10,6,4,4,3,0,3,8,9,9,5,8,8,0,10,8,8,0,0,1,6758
1023,3,12A224,20,40020,2,1,0,01,5,5,5,5,10,10,10,10,10,10,10,10,0,10,10,10,10,10,0,0,0,0,0,10,10,10,10,10,10,0,10,10,10,5,5,1,20274
1023,7,11A218,20,40162,4,1,0,02,10,10,10,10,7,10,10,7,8,10,10,8,4,3,4,4,5,5,5,5,5,5,5,7,7,7,8,6,6,5,8,8,8,7,7,1,10492
1023,7,11A218,20,40162,1,1,0,04,8,10,10,10,10,8,8,9,10,5,5,9,3,9,5,8,8,8,1,4,2,2,0,8,10,5,8,8,10,5,8,5,10,10,5,1,15738
1023,7,11A218,20,40162,3,1,0,01,8,8,9,9,9,9,8,8,8,9,5,8,5,10,10,10,10,10,0,0,0,0,0,9,9,9,8,8,9,9,10,8,8,5,5,1,5246
1023,7,11A218,20,40162,2,1,0,01,7,8,7,9,9,9,8,8,9,10,9,8,8,7,7,6,7,8,3,3,3,3,2,8,8,9,8,9,8,7,7,7,7,8,7,1,5246
1023,5,12B212,20,40194,2,1,0,01,9,9,10,10,10,10,10,10,10,10,10,9,0,10,10,10,10,10,0,0,0,0,0,9,10,9,10,10,10,10,9,9,10,9,9,1,19723
1023,5,12B212,20,40194,1,1,0,01,9,7,10,10,10,10,10,10,10,10,10,10,5,10,10,7,6,5,0,0,2,4,2,10,8,10,10,5,8,9,10,10,9,8,9,1,9861
1023,5,12B212,20,40194,4,1,0,01,8,7,9,9,9,9,8,10,8,10,10,9,5,8,7,7,9,8,2,2,2,0,0,7,9,8,9,9,8,5,8,9,8,7,5,1,19723
1023,5,12B212,20,40194,3,1,0,01,8,8,10,9,10,8,8,8,9,8,9,8,3,10,10,10,10,10,0,0,0,0,0,8,9,8,8,9,6,5,9,9,8,7,5,1,29584
1023,2,11A225,20,40252,3,1,0,01,8,9,9,10,9,10,10,10,10,8,7,8,5,9,6,9,5,7,0,4,0,5,0,10,8,9,8,10,10,7,10,8,9,10,8,1,44029
1023,2,11A225,20,40252,2,1,0,01,10,8,10,10,10,10,10,10,10,10,10,10,2,10,10,10,10,10,0,0,0,0,0,10,10,10,10,10,10,10,10,10,10,10,10,1,11007
1023,2,11A225,20,40252,4,1,1,01,8,8,8,9,10,10,10,9,9,10,10,9,8,6,6,6,6,6,3,4,4,3,3,9,9,8,8,10,10,10,10,8,8,10,10,1,11007
1023,2,11A225,20,40252,1,1,0,02,8,9,10,8,8,8,8,8,8,8,9,10,8,7,8,10,5,5,3,1,0,0,0,8,10,8,8,8,8,5,9,9,8,6,4,1,33022
1023,6,11B211,20,40256,1,1,0,02,10,10,9,9,10,7,9,9,8,9,10,8,6,9,9,8,9,9,0,0,2,0,0,9,9,8,10,8,8,0,8,9,9,8,8,1,23403
1023,6,11B211,20,40256,4,1,0,01,8,8,8,8,8,8,8,10,8,8,8,10,6,8,10,8,8,10,0,0,0,0,0,8,8,10,10,8,8,6,8,8,8,6,6,1,23403
1023,6,11B211,20,40256,3,1,0,02,8,7,10,10,10,10,9,8,6,9,9,8,0,10,10,9,9,8,0,0,1,1,1,10,10,9,9,8,6,7,10,7,7,8,8,1,15602
1023,6,11B211,20,40256,2,1,0,03,8,8,8,9,9,8,8,8,8,9,5,5,5,9,9,7,7,7,1,1,2,3,2,3,8,9,7,8,8,5,8,8,8,8,8,1,23403
1023,2,11A225,20,40280,2,1,0,02,9,9,9,8,9,9,9,8,10,8,9,8,9,9,9,8,8,9,1,1,2,0,1,8,8,8,8,8,9,7,8,8,7,6,7,1,14405
1023,2,11A225,20,40280,1,1,0,01,7,6,8,9,9,9,9,9,9,9,9,9,8,8,8,8,9,8,0,2,0,0,0,8,7,8,8,8,7,3,9,8,8,6,8,1,14405
1023,2,11A225,20,40280,3,1,0,01,9,9,9,9,9,9,9,9,9,9,9,9,5,9,9,8,8,9,0,0,2,2,0,9,9,9,9,9,9,9,9,9,9,9,9,1,7203
1023,2,11A225,20,40280,4,1,0,01,8,8,9,9,10,9,9,8,8,9,10,8,6,8,8,9,9,9,2,2,1,0,0,8,9,8,8,8,7,5,9,9,8,8,8,1,14405
1023,6,12B211,20,40291,2,1,0,01,7,8,8,8,7,7,8,7,7,8,10,7,5,7,7,4,6,6,2,3,0,0,0,7,4,7,8,7,6,5,6,9,9,8,8,1,8040
1023,6,12B211,20,40291,4,1,0,02,9,9,9,7,9,9,6,9,10,7,5,8,5,10,10,10,10,10,0,0,0,0,0,9,10,8,9,7,8,7,8,9,9,8,8,1,16080
1023,6,12B211,20,40291,1,1,0,01,10,10,10,10,10,10,10,10,10,10,10,10,2,10,10,10,10,10,0,0,0,0,0,8,10,8,10,8,10,10,10,10,10,7,10,1,16080
1023,6,12B211,20,40291,3,1,0,01,9,5,8,9,8,8,9,10,8,8,0,9,5,6,8,6,8,7,4,0,3,2,3,8,8,8,8,8,7,3,9,8,9,2,5,1,16080
1023,4,11A223,20,40308,3,1,0,01,9,10,8,9,9,9,9,10,10,9,9,9,2,8,6,8,7,7,1,4,1,3,0,9,8,9,9,8,7,8,9,8,8,6,5,1,24201
1023,4,11A223,20,40308,1,1,0,01,10,7,10,10,10,10,10,10,10,10,10,10,5,7,5,8,9,5,3,5,1,0,4,9,10,10,10,10,6,7,9,10,10,10,9,1,16134
1023,4,11A223,20,40308,2,1,0,02,5,4,8,8,9,7,9,10,8,10,10,10,5,5,5,8,7,8,4,5,0,0,0,8,9,10,10,8,9,6,8,9,10,8,7,1,32268
1023,4,11A223,20,40308,4,1,0,01,10,8,8,10,10,9,9,5,10,8,10,10,5,2,5,9,8,9,2,3,1,1,1,8,10,10,10,8,7,5,10,10,8,10,10,1,32268
1023,1,11A226,20,40314,2,1,0,04,7,5,8,10,10,9,5,10,10,9,10,5,8,2,5,5,8,5,7,5,2,0,5,9,8,8,7,10,8,8,5,8,10,8,8,1,42790
1023,1,11A226,20,40314,4,1,0,01,7,5,7,6,10,8,10,10,7,10,0,7,6,7,5,5,5,7,3,4,5,5,3,7,9,9,9,6,10,7,10,10,7,10,7,1,10697
1023,1,11A226,20,40314,1,1,0,01,8,0,10,10,10,8,10,10,8,10,8,8,0,10,10,10,8,10,0,0,0,0,0,10,10,10,10,10,8,8,8,8,8,8,10,1,42790
1023,1,11A226,20,40379,4,1,0,01,8,9,8,10,10,10,10,7,10,8,7,10,0,10,5,7,10,7,0,5,2,0,0,7,8,9,10,10,5,0,7,8,10,4,2,1,7076
1023,1,11A226,20,40379,1,1,0,02,9,7,10,10,7,9,10,10,9,10,10,10,5,8,8,8,8,5,2,2,0,0,2,10,4,8,10,10,7,6,6,9,8,8,8,1,14152
1023,1,11A226,20,40379,3,1,0,01,8,6,8,9,9,9,9,9,9,9,9,9,8,6,5,5,5,5,3,4,5,4,5,9,9,9,9,9,7,8,9,9,8,7,7,1,28305
1023,1,11A226,20,40379,2,1,0,02,10,4,9,10,10,10,10,10,9,10,10,9,1,8,8,9,9,8,0,2,1,0,0,6,8,9,10,10,6,1,9,9,10,9,8,1,14152
1023,8,12A217,20,40408,4,1,0,01,8,9,8,8,7,8,7,8,8,8,10,8,7,5,4,4,6,6,5,5,5,4,4,8,7,8,6,7,7,7,7,8,8,6,7,1,7011
1023,8,12A217,20,40408,2,1,0,03,7,7,8,8,8,8,8,8,8,7,8,8,8,6,7,8,8,8,3,0,0,0,0,8,7,8,9,8,9,8,8,9,9,9,9,1,35054
1023,8,12A217,20,40408,1,1,0,01,8,6,10,8,10,8,10,10,10,10,2,10,4,7,9,8,8,8,3,0,0,0,0,7,8,8,8,10,10,5,9,7,8,8,8,1,7011
1023,8,12A217,20,40408,3,1,0,01,8,8,10,7,8,8,8,8,8,8,6,7,6,10,10,10,10,10,0,0,0,0,0,8,8,8,8,8,8,8,8,8,8,7,8,1,14022
1023,5,11B212,20,40415,2,1,0,02,8,8,8,9,7,8,8,10,5,7,5,8,5,7,7,7,7,7,3,2,2,0,0,9,9,7,9,8,3,10,10,5,5,4,4,1,31218
1023,5,11B212,20,40415,3,1,0,02,7,7,8,7,8,7,8,8,5,7,7,7,7,8,5,8,8,6,0,4,2,0,0,6,8,6,8,7,5,7,8,8,8,8,8,1,23414
1023,5,11B212,20,40415,1,1,1,01,8,6,10,6,10,8,8,8,10,8,9,9,5,5,5,2,5,2,2,5,5,5,2,10,9,10,10,8,10,3,10,10,10,10,10,1,31218
1023,5,11B212,20,40415,4,1,0,01,8,8,8,9,10,10,10,10,10,10,8,10,8,7,7,5,6,8,0,0,5,3,0,8,7,9,9,8,9,5,8,8,8,5,3,1,15609
1023,7,11A218,21,40042,1,1,0,02,10,9,9,8,10,7,9,8,9,9,9,7,5,6,6,7,7,5,2,2,3,0,0,8,9,8,8,7,7,6,8,8,7,8,9,1,23444
1023,7,11A218,21,40042,2,1,0,02,8,8,8,8,10,7,9,8,10,9,9,8,4,8,6,8,7,6,0,0,2,0,0,8,9,9,9,8,6,6,8,9,6,8,8,1,23444
1023,7,11A218,21,40042,3,1,0,01,9,9,10,7,9,5,9,8,9,8,9,7,6,7,6,8,6,6,0,0,2,0,0,9,8,9,9,8,7,6,8,9,7,7,7,1,39074
1023,7,11A218,21,40042,4,1,0,04,8,8,9,7,10,6,8,7,10,8,7,7,3,7,5,10,8,4,1,1,0,0,0,8,10,8,8,8,3,6,8,8,6,8,8,1,31259
1023,3,11A224,21,40078,4,1,0,01,10,8,10,10,10,10,10,10,10,9,8,10,1,8,10,8,7,10,0,0,0,0,0,8,10,9,9,10,8,6,10,7,9,10,9,1,8693
1023,3,11A224,21,40078,1,1,0,05,9,9,10,8,9,7,9,9,9,8,9,8,4,8,6,9,6,5,0,1,1,0,0,9,10,9,9,8,5,6,8,9,7,8,8,1,60854
1023,3,11A224,21,40078,3,1,0,02,9,9,9,7,9,6,8,7,8,8,10,7,5,5,3,9,6,3,1,1,1,0,0,8,9,8,8,8,2,6,8,9,7,8,7,1,43467
1023,3,12A224,21,40123,1,1,0,01,8,8,9,9,9,9,9,9,10,9,9,8,8,8,6,5,4,8,1,3,5,5,2,8,7,7,7,7,5,6,10,10,10,8,9,1,18983
1023,3,12A224,21,40123,3,1,0,01,8,8,10,9,9,8,8,10,8,8,8,8,6,8,8,8,9,10,0,1,0,0,0,8,8,7,10,8,8,8,8,10,10,10,10,1,12656
1023,3,12A224,21,40123,2,1,0,03,8,9,9,9,8,7,8,8,7,6,8,8,8,7,6,7,4,5,2,3,3,6,0,0,8,4,6,8,8,7,7,6,4,6,6,1,18983
1023,3,12A224,21,40123,4,1,0,01,8,8,8,6,7,7,8,8,7,6,9,4,7,8,5,5,6,7,1,4,4,0,0,7,7,6,8,7,9,7,8,6,5,9,7,1,6328
1023,7,13A218,21,40180,2,1,0,01,9,9,10,10,10,10,10,10,10,10,10,9,1,10,10,10,10,9,0,0,0,0,0,10,10,10,10,8,9,4,10,10,10,7,8,1,9795
1023,7,13A218,21,40180,3,1,1,01,8,6,7,9,10,10,7,7,10,10,10,10,4,8,8,7,8,7,2,2,2,0,2,8,5,7,9,8,3,5,9,9,9,9,8,1,9795
1023,7,13A218,21,40180,1,1,0,02,8,8,9,9,10,10,9,9,9,9,8,8,8,8,8,8,8,8,1,1,1,0,1,9,9,9,9,8,8,7,9,9,7,7,8,1,19589
1023,7,13A218,21,40180,4,1,0,01,8,8,9,8,10,8,8,7,10,8,7,7,5,7,4,9,7,4,1,2,1,0,0,8,9,7,8,7,2,6,7,7,7,7,7,1,19589
1023,2,12A225,21,40263,1,1,0,01,10,10,8,8,10,8,9,9,8,9,7,10,9,5,5,6,5,5,5,3,4,4,5,9,10,10,8,6,6,5,6,9,6,8,5,1,13408
1023,2,12A225,21,40263,4,1,0,02,9,8,10,10,10,10,10,10,10,10,10,10,8,8,9,10,10,10,2,1,0,0,0,9,9,10,8,9,0,5,10,10,10,5,10,1,20111
1023,2,12A225,21,40263,3,1,0,01,10,9,8,8,10,8,8,9,7,8,10,8,8,6,5,6,8,9,3,4,4,0,0,7,8,8,6,8,4,4,6,5,6,6,6,1,13408
1023,2,13A225,21,40351,1,1,1,01,5,3,8,8,10,10,9,10,10,10,10,8,9,9,9,9,9,10,0,1,0,1,0,10,2,5,10,3,8,5,10,8,10,7,6,1,25270
1023,2,13A225,21,40351,4,1,0,01,10,10,10,10,10,10,10,10,10,10,6,9,2,8,8,8,8,9,1,1,2,1,0,10,10,8,8,9,10,8,9,8,8,10,8,1,8423
1023,2,13A225,21,40351,3,1,0,02,10,10,10,9,10,8,10,8,10,8,6,8,6,7,6,10,8,7,1,1,0,0,0,8,10,8,8,9,3,7,9,8,8,8,8,1,16847
1023,2,13A225,21,40351,2,1,0,01,9,9,10,10,10,10,10,10,10,10,9,10,0,9,9,9,9,9,0,1,0,0,0,9,10,9,10,9,10,8,0,10,10,10,10,1,8423
1023,6,12B211,21,40363,4,1,0,01,8,9,8,8,8,8,8,8,8,8,8,7,7,6,7,8,7,7,2,2,1,0,1,8,8,9,8,7,8,5,8,8,7,8,8,1,14144
1023,6,12B211,21,40363,3,1,1,03,8,8,9,8,10,8,8,8,10,8,7,7,5,8,7,10,7,7,0,0,0,0,0,8,10,8,8,7,7,6,8,9,7,8,8,1,21217
1023,6,12B211,21,40363,1,1,0,01,9,9,9,7,10,8,9,8,9,9,6,8,4,8,7,9,6,6,1,1,1,0,0,9,10,8,8,8,6,5,8,9,7,7,8,1,14144
1023,6,12B211,21,40363,2,1,0,01,8,8,8,8,9,4,8,8,8,8,9,8,6,7,7,8,7,5,2,2,2,0,0,8,8,8,8,7,3,5,8,8,6,7,8,1,21217
1023,6,11B211,21,40415,4,1,0,03,8,9,8,7,7,7,7,10,7,7,7,7,7,3,5,4,9,5,7,4,5,0,0,7,8,8,8,7,3,6,9,10,10,7,7,1,48141
1023,6,11B211,21,40415,1,1,0,02,8,10,8,8,10,10,9,8,8,6,7,6,5,4,2,4,5,5,5,8,6,5,5,8,7,9,8,8,6,4,7,8,8,7,7,1,48141
1023,6,11B211,21,40415,2,1,0,02,8,6,7,7,9,8,9,9,5,9,10,9,8,8,8,9,9,6,2,0,0,0,0,10,8,8,8,9,5,5,9,9,9,9,9,1,24071
1023,4,13A223,21,40437,1,1,0,02,10,10,10,10,8,10,10,10,10,10,7,10,0,10,10,10,10,9,0,0,0,0,1,10,9,10,10,10,9,0,10,10,10,10,10,1,36267
1023,4,13A223,21,40437,3,1,0,01,10,10,10,10,10,8,8,8,8,9,9,8,8,3,2,4,8,6,6,7,6,0,3,8,8,9,6,7,5,0,10,10,10,3,1,1,36267
1023,4,11A223,21,40439,4,1,0,02,8,7,10,9,10,9,10,10,10,9,10,9,7,8,4,5,8,5,0,5,4,2,5,6,8,8,7,7,8,6,9,7,8,7,7,1,28793
1023,4,11A223,21,40439,1,1,0,02,7,8,7,7,10,6,7,10,10,6,9,10,5,5,5,4,6,8,3,4,5,4,0,6,6,6,10,8,9,3,7,10,10,7,8,1,28793
1023,4,11A223,21,40439,3,1,0,01,0,0,8,10,10,6,0,10,10,7,10,0,10,7,2,3,0,7,0,7,7,0,0,5,8,0,5,7,6,0,0,5,0,0,2,1,14396
1023,1,11A226,21,40447,3,1,0,04,10,9,9,10,10,9,9,10,9,8,9,8,8,6,9,10,9,8,3,0,0,1,0,9,10,9,9,10,10,7,9,10,7,9,9,1,42628
1023,1,11A226,21,40447,4,1,0,04,9,9,10,10,10,10,10,10,10,10,10,9,8,10,10,10,10,10,0,0,0,0,0,9,9,9,9,7,9,7,9,9,9,9,9,1,42628
1023,1,11A226,21,40452,2,1,0,01,9,9,9,9,10,8,9,9,10,9,8,8,3,8,5,9,8,6,0,1,1,0,0,9,10,9,9,9,3,7,9,9,8,8,8,1,47565
1023,1,11A226,21,40452,4,1,0,01,6,6,6,6,6,6,6,6,6,6,6,6,6,6,6,6,6,6,1,0,1,0,0,7,7,7,6,6,6,6,6,7,7,7,7,1,11891
1023,1,11A226,21,40452,1,1,0,02,9,8,8,7,10,7,7,7,10,8,8,8,5,7,5,7,7,6,1,1,2,0,1,8,7,8,8,7,2,5,9,9,8,8,7,1,35674
1023,8,11A217,21,40495,3,1,0,01,8,8,9,7,10,7,8,8,9,10,10,8,4,7,7,6,6,6,1,2,3,0,0,8,8,8,8,8,8,6,8,8,8,8,8,1,5973
1023,8,11A217,21,40495,2,1,0,01,9,8,9,7,10,7,8,8,9,8,8,8,5,7,6,8,7,6,1,2,2,0,0,9,9,8,8,7,3,6,9,9,8,8,8,1,17918
1023,8,11A217,21,40495,4,1,0,01,7,6,7,6,7,4,7,6,8,7,7,6,7,3,4,7,6,3,2,3,3,1,0,7,7,7,7,6,2,5,7,7,5,6,7,1,11945
1023,8,11A217,21,40495,1,1,0,01,8,8,8,6,10,6,7,6,8,7,7,6,6,4,4,9,6,3,3,2,1,0,0,7,8,7,7,6,4,5,6,7,7,6,7,1,23890
1023,8,12A217,21,40541,4,1,0,02,7,8,8,8,8,8,9,9,9,9,10,9,3,10,10,10,6,8,0,0,0,4,0,9,5,7,8,9,8,6,9,10,10,10,10,1,26062
1023,8,12A217,21,40541,1,1,0,01,10,10,10,8,8,8,8,10,10,9,10,8,8,8,8,7,10,9,0,0,2,0,0,9,10,9,10,10,6,6,8,10,8,8,8,1,8687
1023,8,12A217,21,40541,3,1,0,01,8,7,7,8,10,8,7,10,10,8,10,7,3,6,6,5,4,5,3,4,4,5,0,7,7,7,7,7,6,5,5,9,8,10,8,1,34750
1023,5,12B212,21,40592,2,1,0,03,7,7,8,8,8,7,8,10,10,9,8,7,6,10,8,7,7,9,0,0,0,0,1,7,8,7,7,8,10,5,6,6,8,7,7,1,22732
1023,5,12B212,21,40592,3,1,1,01,9,9,9,8,8,8,8,8,8,8,8,8,8,8,9,6,10,8,0,0,4,0,0,8,8,8,9,8,9,5,8,9,8,8,8,1,22732
1023,5,12B212,21,40592,4,1,0,01,10,9,10,8,8,8,8,8,8,7,5,7,5,7,5,9,8,5,3,4,0,1,4,8,8,7,5,6,5,3,3,7,5,5,5,1,15155
1023,5,12B212,21,40592,1,1,0,01,7,7,8,8,8,7,7,10,8,7,10,7,7,7,7,6,4,6,0,0,4,5,3,7,8,9,9,7,9,7,7,6,6,7,9,1,15155
1023,5,11B212,21,40599,3,1,0,01,10,9,9,8,10,7,8,8,9,8,8,7,4,8,8,8,7,7,0,0,1,0,0,9,9,9,9,9,7,6,7,9,9,8,8,1,16615
1023,5,11B212,21,40599,4,1,0,01,10,10,9,8,10,8,8,9,9,10,10,7,6,8,8,6,4,4,0,0,3,0,0,9,9,9,9,9,8,7,8,9,9,9,9,1,8308
1023,5,11B212,21,40599,1,1,0,02,10,9,9,8,9,7,9,8,8,10,10,8,5,9,6,9,6,5,0,0,1,0,0,8,8,9,8,8,5,7,9,9,8,8,8,1,33231
1023,5,11B212,21,40599,2,1,0,02,8,8,9,7,9,7,9,8,9,8,8,8,6,7,4,9,6,3,2,2,1,0,0,8,10,8,8,8,6,6,8,8,8,7,7,1,16615
1023,7,12A218,22,40028,1,1,0,02,9,7,8,9,10,10,10,10,10,8,6,8,9,8,8,8,9,8,1,1,2,0,0,8,7,7,6,8,9,8,10,10,10,10,7,1,8030
1023,7,12A218,22,40028,4,1,0,01,5,5,5,5,5,6,9,10,8,10,10,10,5,9,9,9,9,9,1,1,1,1,1,5,6,7,10,8,10,7,10,10,8,8,7,1,16059
1023,7,12A218,22,40028,2,1,0,01,7,5,7,7,10,9,8,7,10,10,10,8,2,8,8,8,8,8,2,2,2,2,2,8,6,7,10,6,8,7,10,10,10,10,10,1,8030
1023,7,12A218,22,40028,3,1,0,02,6,6,7,7,8,8,8,7,8,8,7,7,0,5,5,5,7,7,4,4,4,3,0,7,7,7,8,8,7,7,8,8,8,9,9,1,16059
1023,3,11A224,22,40053,1,1,0,02,10,8,10,10,10,10,10,10,10,10,10,10,3,10,10,9,10,10,0,0,1,0,0,10,10,10,10,10,10,10,10,10,10,10,10,1,27290
1023,3,11A224,22,40053,3,1,0,03,5,7,6,8,6,6,10,10,10,8,10,5,3,8,5,5,7,9,0,0,3,2,1,10,5,9,9,6,4,9,0,10,10,10,9,1,27290
1023,3,11A224,22,40053,2,1,0,01,8,9,9,9,10,8,8,8,8,8,9,8,2,8,8,9,8,9,0,1,1,1,0,9,8,8,9,9,8,8,8,9,8,9,9,1,9097
1023,3,11A224,22,40053,4,1,0,01,9,8,10,10,10,8,9,8,10,9,8,8,5,10,9,8,10,10,0,1,2,0,0,8,9,9,10,7,7,10,9,8,9,9,8,1,18193
1023,7,13A218,22,40097,4,1,0,01,8,8,8,9,9,8,8,8,9,9,8,8,5,3,3,5,6,7,6,6,5,0,0,8,8,9,9,8,8,5,8,9,8,8,8,1,10091
1023,7,13A218,22,40097,1,1,0,01,9,7,9,9,9,9,9,10,9,9,8,9,3,8,8,7,9,9,1,1,2,0,0,9,7,9,9,8,10,3,9,9,9,9,7,1,20181
1023,7,13A218,22,40097,2,1,0,01,9,9,9,9,9,10,9,9,8,9,8,8,6,8,8,7,8,8,2,2,1,1,1,8,8,8,8,9,9,9,9,9,9,8,8,1,10091
1023,7,13A218,22,40097,3,1,1,01,9,9,9,10,9,9,10,9,9,9,9,9,9,10,10,10,10,10,0,0,0,0,0,9,10,10,10,9,8,7,9,9,9,9,8,1,20181
1023,3,13A224,22,40119,2,1,0,01,9,10,10,10,9,10,10,10,10,10,10,9,0,9,9,9,9,9,0,0,0,0,0,10,10,10,10,9,10,8,10,10,10,9,9,1,33809
1023,3,13A224,22,40119,3,1,0,01,8,8,10,9,10,9,10,10,9,9,8,9,5,10,8,8,9,9,0,1,2,1,0,8,8,8,9,9,8,7,8,8,8,9,8,1,11270
1023,3,13A224,22,40119,1,1,0,01,9,8,10,10,9,9,9,8,10,8,8,8,5,10,9,8,9,8,0,1,1,0,0,9,8,9,10,9,7,6,9,9,9,9,8,1,11270
1023,3,13A224,22,40119,4,1,0,01,8,6,8,8,8,8,8,7,8,7,2,6,5,9,8,6,6,8,1,1,3,4,2,7,6,7,7,7,8,5,7,5,5,7,6,1,11270
1023,2,12A225,22,40280,3,1,0,02,8,8,10,9,9,8,10,9,10,8,8,9,5,10,10,8,9,9,0,0,2,1,0,8,8,8,10,9,8,7,9,9,9,9,8,1,20264
1023,2,12A225,22,40280,4,1,0,01,8,10,10,10,10,10,10,10,10,10,5,10,10,7,7,7,6,10,2,2,2,4,0,10,10,8,9,10,10,8,10,10,10,10,10,1,6755
1023,2,12A225,22,40280,1,1,0,01,8,7,9,9,10,9,9,10,9,9,8,9,2,7,9,9,9,9,0,0,0,0,0,9,9,9,9,9,9,9,9,9,9,9,9,1,20264
1023,2,12A225,22,40280,2,1,0,03,9,8,9,9,9,9,8,9,8,9,9,9,2,9,8,9,9,9,1,0,0,1,0,8,9,10,10,9,8,9,8,8,8,8,8,1,20264
1023,6,13B211,22,40288,2,1,0,03,9,8,9,9,10,8,10,8,9,8,8,9,2,8,8,8,9,10,0,2,2,0,0,9,9,8,9,9,8,7,9,9,8,9,8,1,25681
1023,6,13B211,22,40288,1,1,0,03,10,10,10,10,10,10,10,10,10,10,8,10,0,10,10,10,10,10,0,0,0,0,0,10,10,10,10,10,9,9,10,10,8,8,8,1,34241
1023,6,13B211,22,40288,3,1,0,01,10,10,10,8,10,10,10,10,7,8,0,9,8,9,8,6,9,7,0,2,4,0,0,10,8,9,10,10,5,4,10,10,8,2,9,1,17121
1023,4,12A223,22,40309,4,1,0,01,8,6,8,9,7,9,9,10,10,10,5,7,6,8,8,7,7,8,0,0,3,2,1,7,10,6,8,8,8,5,10,5,8,8,8,1,7681
1023,4,12A223,22,40309,3,1,0,01,8,7,10,8,10,10,10,10,10,10,3,10,3,8,8,8,7,8,1,2,2,0,0,10,8,9,5,10,10,10,10,10,10,10,8,1,15362
1023,4,12A223,22,40309,1,1,0,01,10,10,10,10,10,10,10,10,10,10,0,9,1,10,10,9,10,10,0,0,0,0,0,9,9,10,10,9,10,8,9,4,10,10,4,1,7681
1023,5,12B212,22,40319,1,1,0,01,8,9,8,9,8,9,9,9,9,9,8,10,2,8,9,9,8,8,1,1,1,0,0,1,1,9,9,8,8,4,9,10,10,7,10,1,24534
1023,5,12B212,22,40319,2,1,0,01,8,8,8,8,8,8,8,8,8,8,8,8,8,5,8,8,8,3,5,1,1,1,1,8,8,8,8,8,8,8,8,9,9,9,9,1,16356
1023,5,12B212,22,40319,3,1,0,01,9,9,8,8,9,10,9,9,10,9,9,10,5,6,6,8,8,8,3,3,1,2,1,9,8,8,8,9,8,8,9,8,8,9,10,1,24534
1023,5,12B212,22,40319,4,1,0,02,8,8,8,8,9,9,9,10,10,9,6,8,5,7,4,4,7,7,2,6,6,3,2,6,8,7,9,9,3,5,7,6,7,8,8,1,16356
1023,1,12A226,22,40347,3,1,0,01,9,9,9,9,9,9,9,9,10,9,8,9,1,9,9,9,9,9,0,0,0,0,0,9,8,9,8,9,9,9,9,10,10,9,10,1,8415
1023,1,12A226,22,40347,2,1,0,01,9,8,8,8,10,9,8,9,8,8,9,8,3,9,8,9,9,9,1,1,1,1,1,9,8,9,9,9,9,9,8,9,9,9,8,1,8415
1023,1,12A226,22,40347,1,1,0,02,4,10,10,10,10,10,10,10,10,10,10,10,6,10,10,10,10,10,0,0,0,0,0,10,10,10,7,10,10,10,10,10,9,10,10,1,33659
1023,1,12A226,22,40347,4,1,0,01,8,8,10,10,10,10,10,10,10,10,10,9,5,10,10,10,10,10,0,0,0,0,0,10,10,8,9,9,10,7,10,10,8,8,10,1,16830
1023,4,11A223,22,40375,3,1,0,01,9,10,8,9,9,8,9,9,9,9,8,10,10,10,10,8,10,10,0,0,1,0,0,10,8,9,10,9,8,7,10,10,10,10,9,1,22308
1023,4,11A223,22,40375,1,1,0,02,8,8,10,8,10,10,10,10,10,8,8,10,4,10,9,9,9,10,0,1,1,1,0,8,8,8,10,8,10,8,8,10,10,10,9,1,22308
1023,4,11A223,22,40375,2,1,0,01,7,6,7,7,7,7,6,6,7,7,7,7,5,5,5,5,5,5,4,4,4,5,4,8,8,8,8,8,8,8,8,7,7,7,8,1,11154
1023,4,11A223,22,40375,4,1,0,01,10,10,10,10,9,8,9,9,9,9,8,9,3,10,9,9,9,9,0,1,1,1,0,8,9,8,10,9,8,7,10,9,9,9,8,1,22308
1023,8,13A217,22,40379,1,1,0,01,8,6,9,9,10,8,8,8,10,10,8,9,7,10,7,7,10,10,0,2,2,0,0,8,10,8,8,10,10,8,10,9,8,10,8,1,18980
1023,8,13A217,22,40379,2,1,1,03,8,8,8,8,10,8,8,9,8,9,7,8,4,9,8,8,8,9,1,2,2,1,0,8,8,9,10,8,8,7,8,8,9,9,8,1,47449
1023,8,13A217,22,40379,4,1,1,01,10,10,10,10,10,10,10,10,10,10,10,0,10,10,10,10,10,9,0,0,0,0,0,10,10,10,10,10,9,8,9,10,10,10,10,1,18980
1023,8,11A217,22,40409,1,1,0,01,10,10,10,10,10,10,10,10,10,10,10,10,8,10,9,8,9,9,0,1,1,0,0,9,10,10,10,9,10,7,10,10,9,10,10,1,26704
1023,8,11A217,22,40409,2,1,0,01,8,7,8,10,10,10,10,10,10,10,0,9,8,9,8,8,10,10,0,2,1,0,0,9,9,8,9,9,4,7,8,8,8,8,7,1,53408
1023,8,11A217,22,40409,3,1,0,01,10,10,10,10,10,10,10,10,10,10,10,10,5,9,8,7,7,7,1,2,3,1,0,8,7,8,8,7,5,5,9,10,10,10,10,1,26704
1023,8,11A217,22,40409,4,1,0,01,10,10,10,10,10,10,10,10,10,10,0,10,8,8,5,6,8,9,1,4,4,0,0,10,10,10,10,10,9,8,9,10,9,8,10,1,40056
1023,7,11A218,23,40061,4,1,0,02,7,7,7,7,9,9,9,10,9,2,2,2,5,8,7,8,8,8,2,2,2,2,2,5,7,10,8,7,10,6,9,9,6,9,8,1,23701
1023,7,11A218,23,40061,2,1,0,04,9,8,10,9,10,10,8,10,7,9,9,8,4,6,8,7,7,10,3,1,3,2,0,9,6,10,10,9,7,2,10,6,8,5,8,1,23701
1023,7,11A218,23,40061,1,1,0,02,10,8,9,8,8,8,9,10,8,8,6,9,3,7,7,6,5,6,2,2,4,4,3,10,10,10,10,8,8,5,8,10,10,8,9,1,17776
1023,7,11A218,23,40061,3,1,0,01,9,9,8,9,9,10,9,10,9,9,8,9,5,8,9,9,9,9,1,1,1,1,0,9,8,9,8,9,9,7,8,8,8,7,7,1,5925
1023,3,11A224,23,40086,1,1,0,02,9,7,8,8,8,9,9,9,9,9,8,10,6,6,7,8,8,9,3,2,1,1,1,8,10,9,9,9,8,8,9,8,8,8,9,1,32130
1023,3,11A224,23,40086,3,1,0,01,7,8,8,9,9,9,8,10,10,8,10,8,5,7,8,7,8,9,2,1,2,2,0,8,9,10,8,9,2,4,3,8,4,3,4,1,40163
1023,3,11A224,23,40086,2,1,0,02,8,8,10,10,10,10,10,10,10,10,10,10,7,8,8,9,9,8,0,0,0,0,0,9,9,8,8,8,7,0,8,9,8,0,0,1,40163
1023,6,11B211,23,40221,1,1,0,01,8,7,8,8,8,10,9,10,9,10,10,9,7,10,10,7,8,8,0,0,2,1,0,10,8,10,10,9,9,6,10,9,10,9,9,1,37646
1023,6,11B211,23,40221,2,1,0,01,9,7,9,9,9,10,10,10,10,10,10,9,7,7,8,8,10,8,2,1,1,0,0,9,9,10,10,10,9,5,10,9,10,8,9,1,18822
1023,6,11B211,23,40221,4,1,0,02,10,5,10,10,10,5,10,10,10,10,10,10,5,6,6,6,5,7,4,3,4,5,3,9,10,10,10,8,9,0,10,10,10,10,9,1,47057
1023,2,11A225,23,40246,4,1,0,01,10,9,10,10,10,9,10,9,10,9,10,9,5,5,5,8,7,5,2,4,1,3,5,10,10,10,9,10,9,8,7,10,9,10,10,1,14400
1023,2,11A225,23,40246,1,1,0,05,9,8,9,10,10,10,9,10,9,9,9,10,8,7,7,8,8,9,2,2,1,1,0,8,10,8,9,10,10,5,10,9,8,8,8,1,36001
1023,2,11A225,23,40246,3,1,0,02,8,6,9,10,10,10,10,10,10,10,10,9,8,6,9,8,9,8,3,1,2,1,2,10,10,10,8,8,7,8,9,10,10,7,8,1,28801
1023,6,13B211,23,40256,1,1,1,01,5,3,7,10,10,10,10,10,10,10,8,10,3,9,8,8,9,9,1,1,1,1,1,5,10,8,10,10,10,5,10,5,8,8,8,1,10622
1023,6,13B211,23,40256,4,1,0,01,9,7,9,8,10,9,8,10,8,10,10,9,4,6,5,5,6,5,4,4,4,4,4,7,6,7,8,7,8,5,7,7,8,5,6,1,10622
1023,2,13A225,23,40283,3,1,0,02,5,6,5,8,9,9,6,9,8,7,7,5,3,7,6,7,6,7,3,4,3,3,3,3,9,4,6,8,7,5,4,9,9,5,7,1,20701
1023,2,13A225,23,40283,1,1,0,01,9,9,9,9,10,8,9,10,7,9,7,8,6,7,7,7,8,8,2,3,3,2,0,9,9,8,9,10,7,5,9,10,10,7,8,1,20701
1023,2,13A225,23,40283,2,1,0,05,9,9,9,8,10,10,9,10,9,9,5,9,5,8,7,8,9,9,1,3,1,0,0,10,9,9,7,7,7,5,9,9,7,5,7,1,41401
1023,4,11A223,23,40310,1,1,0,01,10,10,10,10,9,10,10,10,9,10,9,9,5,9,8,9,9,10,1,1,1,1,0,9,9,9,9,9,9,5,9,9,9,7,7,1,7048
1023,4,11A223,23,40310,2,1,0,01,5,7,5,8,8,8,9,8,9,7,4,7,6,6,5,8,8,8,4,5,0,1,0,5,5,5,7,7,2,0,8,5,5,5,5,1,14096
1023,4,11A223,23,40310,4,1,0,02,7,8,7,8,9,10,10,10,10,10,10,10,3,8,9,7,5,8,1,1,3,4,1,8,9,10,9,9,8,5,9,8,8,6,7,1,21144
1023,4,11A223,23,40310,3,1,0,03,10,9,10,9,10,10,10,10,9,10,6,9,6,9,9,9,10,10,1,1,1,0,0,9,9,10,10,10,8,6,9,8,6,9,8,1,21144
1023,1,11A226,23,40316,4,1,0,02,9,8,10,9,10,9,10,10,9,10,9,9,10,8,9,7,9,9,1,1,3,0,0,9,9,9,10,9,5,5,7,7,7,7,7,1,60370
1023,1,11A226,23,40316,3,1,0,01,8,7,9,9,10,10,10,8,10,10,9,8,9,6,4,7,5,6,4,6,2,5,3,10,8,10,8,10,10,8,10,8,7,7,8,1,30185
1023,1,11A226,23,40316,2,1,0,02,8,8,9,5,10,10,10,10,7,8,8,8,5,7,2,7,7,9,2,7,2,2,1,10,10,5,10,10,10,3,10,5,3,1,1,1,60370
1023,5,12B212,23,40319,4,1,1,01,8,8,8,10,10,10,9,10,8,7,7,7,5,7,7,7,8,6,2,2,3,1,0,10,8,8,10,8,9,5,10,8,7,8,9,1,14144
1023,5,12B212,23,40319,1,1,0,01,10,8,10,10,9,9,10,9,8,9,10,9,6,4,4,2,3,2,6,5,7,6,5,10,8,10,10,10,6,5,10,10,6,6,8,1,14144
1023,5,12B212,23,40319,3,1,0,03,7,9,5,7,9,8,8,8,9,8,4,7,7,7,5,3,8,5,3,5,6,2,5,5,5,7,8,7,5,3,9,8,8,6,6,1,21217
1023,5,12B212,23,40319,2,1,0,01,6,10,8,8,7,7,6,6,7,7,5,5,5,6,6,6,6,6,4,4,4,4,3,5,7,6,7,6,7,0,7,7,5,7,8,1,7072
1023,1,12A226,23,40345,3,1,0,01,10,10,10,10,10,10,10,10,10,8,5,10,1,10,10,10,10,10,0,0,0,0,0,10,10,10,10,10,5,5,8,8,8,8,8,1,10320
1023,1,12A226,23,40345,4,1,0,02,9,9,9,9,8,9,8,10,10,10,10,9,7,7,4,7,8,8,2,5,3,1,1,9,7,8,8,9,9,4,5,9,8,7,7,1,10320
1023,1,12A226,23,40345,1,1,0,03,7,7,8,10,10,10,8,10,10,10,10,8,4,5,6,8,5,9,3,2,2,1,0,8,8,7,9,9,3,2,8,5,5,5,5,1,20640
1023,1,12A226,23,40345,2,1,0,01,8,10,9,9,8,9,10,8,9,9,10,8,5,8,8,8,8,8,2,1,2,2,0,10,9,10,10,9,7,0,9,10,0,0,0,1,5160
1023,8,11A217,23,40378,3,1,1,01,9,7,9,9,10,8,10,9,8,9,8,8,5,7,7,7,6,8,3,3,2,3,2,8,8,9,10,9,7,6,8,8,8,7,7,1,5561
1023,8,11A217,23,40378,1,1,0,01,8,5,8,8,9,7,8,10,8,8,10,8,5,9,9,10,9,8,0,1,0,1,0,9,9,9,10,10,8,5,9,9,10,7,7,1,16682
1023,8,11A217,23,40378,4,1,0,01,7,8,8,5,7,8,6,9,9,8,9,7,8,3,3,2,2,3,6,7,8,7,6,8,3,6,7,7,8,3,7,8,7,6,7,1,5561
1023,5,11B212,23,40385,3,1,0,01,7,6,8,7,8,8,8,8,7,7,9,9,8,6,6,7,7,7,4,4,2,2,2,8,8,8,8,7,7,5,8,8,9,7,7,1,14258
1023,5,11B212,23,40385,1,1,0,02,9,8,9,9,9,9,9,9,10,10,10,9,10,6,7,7,7,7,3,3,3,2,2,9,9,9,9,9,9,7,9,9,9,7,8,1,14258
1023,5,11B212,23,40385,4,1,0,01,7,7,6,7,8,8,8,9,6,6,7,8,7,8,7,5,6,5,0,2,5,3,0,8,6,8,3,6,5,0,9,7,8,8,9,1,57031
1023,7,13A218,24,40030,4,1,0,03,9,9,9,8,9,10,10,9,9,8,5,8,4,8,8,8,10,9,0,0,2,0,0,8,9,9,10,9,8,5,9,10,9,8,8,1,35869
1023,7,13A218,24,40030,2,1,0,02,8,8,8,7,10,9,9,9,9,10,7,8,7,10,10,10,10,10,0,0,0,0,0,8,8,8,9,8,7,1,3,9,8,5,5,1,8967
1023,7,13A218,24,40030,1,1,1,02,4,2,4,2,1,6,4,3,7,5,3,2,4,2,1,1,5,3,8,9,5,5,3,4,8,3,1,6,3,2,3,8,8,9,5,1,17935
1023,3,11A224,24,40058,4,1,0,01,8,8,8,7,8,8,9,10,8,10,7,8,4,9,8,8,8,9,0,2,0,0,0,8,8,8,10,7,9,5,8,8,5,7,7,1,7619
1023,3,11A224,24,40058,1,1,0,01,8,9,8,8,10,8,8,10,10,9,8,8,3,9,9,8,9,9,0,0,1,1,0,9,10,9,10,9,9,4,8,9,8,8,9,1,15237
1023,3,11A224,24,40058,2,1,0,03,9,7,8,8,9,9,10,10,10,9,5,8,4,8,8,8,9,8,0,2,0,0,0,8,9,8,9,8,9,5,10,9,7,8,8,1,38094
1023,3,11A224,24,40058,3,1,0,02,8,9,8,8,9,10,9,10,8,10,10,9,5,9,9,8,9,8,0,0,1,0,1,8,8,9,9,8,8,7,7,10,7,8,8,1,15237
1023,7,11A218,24,40059,4,1,0,01,8,9,8,9,9,10,10,10,10,9,7,9,9,10,9,8,10,9,0,0,1,0,0,9,9,9,10,9,9,2,9,9,9,9,9,1,15111
1023,7,11A218,24,40059,1,1,0,03,8,8,8,9,9,9,9,9,9,10,7,8,4,9,9,8,8,9,0,0,1,1,0,8,9,9,9,8,9,3,9,9,8,8,8,1,37778
1023,7,11A218,24,40059,3,1,0,03,9,8,9,8,9,10,8,10,9,9,9,8,2,9,9,9,10,9,1,0,0,0,0,9,10,9,10,9,9,3,9,10,9,9,10,1,22667
1023,7,11A218,24,40059,2,1,0,02,7,8,7,8,8,8,9,10,9,10,8,8,4,8,9,8,8,0,0,0,0,1,0,8,9,9,10,8,8,4,9,8,8,8,8,1,15111
1023,3,13A224,24,40119,3,1,0,01,8,9,9,10,10,10,10,10,10,10,8,10,8,10,10,10,10,10,0,0,0,0,0,9,9,9,10,9,9,6,10,9,9,9,8,1,18658
1023,3,13A224,24,40119,4,1,0,01,8,9,8,9,10,10,10,10,9,10,10,9,8,7,6,7,7,6,3,3,2,2,4,9,9,8,9,8,7,5,9,10,1,4,2,1,37316
1023,3,13A224,24,40119,2,1,0,01,7,7,8,8,10,8,8,10,10,10,5,6,7,7,6,5,3,6,2,3,4,0,0,6,6,8,8,6,8,2,7,7,5,5,7,1,18658
1023,3,13A224,24,40119,1,1,0,01,8,7,10,8,9,10,10,8,8,10,10,9,7,10,10,10,10,10,0,0,0,0,0,8,8,8,8,6,8,4,6,7,8,7,9,1,27987
1023,6,12B211,24,40253,2,1,0,02,8,6,9,9,10,9,9,9,10,8,0,7,9,8,10,1,7,9,2,0,8,0,0,8,8,7,10,10,5,3,7,8,10,3,3,1,23574
1023,6,12B211,24,40253,3,1,0,01,10,10,10,10,10,10,10,10,10,10,10,10,8,10,10,10,10,10,0,0,0,0,0,8,10,8,8,8,10,0,10,10,6,10,10,1,5894
1023,6,12B211,24,40253,1,1,0,01,9,8,10,10,10,10,10,10,10,10,10,10,6,10,10,10,10,10,0,0,0,0,0,10,9,10,10,10,10,5,10,10,10,10,10,1,5894
1023,6,12B211,24,40253,4,1,0,01,10,10,10,10,10,10,8,10,10,10,7,8,10,10,10,10,10,10,0,0,0,0,0,10,7,10,10,10,10,0,10,10,10,10,5,1,11787
1023,2,12A225,24,40284,3,1,0,01,10,10,9,10,10,10,10,10,10,10,9,10,9,10,10,10,10,10,0,0,0,0,0,9,8,9,10,9,9,8,8,9,7,7,8,1,8015
1023,2,12A225,24,40284,2,1,0,01,8,8,9,9,9,10,10,10,8,9,5,8,8,9,8,6,9,10,1,1,3,0,0,10,10,7,8,7,7,7,9,7,9,7,8,1,16030
1023,2,12A225,24,40284,4,1,0,01,10,10,10,10,10,10,10,10,10,10,10,10,5,10,10,10,10,10,0,0,0,0,0,10,10,10,10,10,10,5,10,10,10,10,10,1,8015
1023,2,12A225,24,40284,1,1,0,02,5,5,5,5,10,5,5,5,10,10,5,5,5,5,5,5,5,5,5,5,5,5,5,8,5,5,5,5,10,0,5,10,10,5,5,1,16030
1023,1,12A226,24,40312,2,1,0,03,8,7,10,10,9,9,9,10,9,10,8,9,5,7,1,5,7,5,3,8,5,0,3,9,9,9,10,10,5,0,10,10,7,5,7,1,21688
1023,1,12A226,24,40312,4,1,0,01,10,10,10,10,10,10,10,10,10,10,10,10,0,10,10,10,10,10,0,0,0,0,0,10,10,10,10,10,10,10,10,10,10,10,10,1,21688
1023,1,12A226,24,40312,3,1,0,01,7,7,8,9,10,9,10,8,10,10,8,10,9,7,7,5,6,7,3,3,5,3,3,7,5,8,8,8,7,5,8,8,8,6,5,1,7229
1023,1,12A226,24,40312,1,1,0,03,10,9,10,10,9,10,9,10,10,10,4,8,0,10,10,10,10,10,0,0,0,0,0,8,10,8,9,10,9,8,10,9,9,9,8,1,28918
1023,5,12B212,24,40353,3,1,0,01,8,9,9,9,9,9,10,10,9,9,8,9,5,10,8,10,9,9,0,1,0,0,0,8,9,7,10,8,9,7,8,10,9,8,9,1,14993
1023,5,12B212,24,40353,4,1,0,02,8,9,8,9,10,9,9,10,10,10,10,9,5,9,10,9,10,9,0,0,1,0,0,8,9,9,10,9,9,2,8,10,8,8,8,1,14993
1023,5,12B212,24,40353,2,1,0,02,8,7,8,7,8,7,8,10,9,10,10,8,7,8,8,7,8,9,0,2,2,0,0,7,8,8,9,7,8,5,8,9,7,8,8,1,14993
1023,4,12A223,24,40370,4,1,0,03,10,10,10,10,10,10,10,10,10,9,10,10,8,10,10,10,10,10,0,0,0,0,0,10,10,10,10,10,9,9,10,10,9,10,9,1,29359
1023,4,12A223,24,40370,3,1,0,02,8,8,9,9,10,10,9,9,8,9,9,8,8,8,8,7,8,9,1,2,2,1,1,9,8,8,9,9,8,8,7,9,8,8,8,1,29359
1023,4,12A223,24,40370,1,1,0,02,8,5,7,6,9,3,7,8,6,8,9,9,9,4,5,5,5,4,6,4,4,5,5,8,7,7,4,5,0,5,6,8,4,5,6,1,22020
1023,4,12A223,24,40370,2,1,0,01,8,6,8,8,10,9,9,10,10,10,5,9,5,8,8,6,6,8,1,1,3,3,2,8,9,8,10,9,9,7,9,9,9,9,9,1,14680
1023,4,13A223,24,40406,2,1,0,03,9,8,9,9,10,8,10,10,8,9,1,8,4,8,6,8,8,9,1,2,0,0,0,9,9,8,9,8,8,3,9,8,7,5,5,1,34332
1023,4,13A223,24,40406,3,1,0,02,9,7,9,8,8,9,7,9,9,9,8,8,6,9,8,7,9,8,0,1,2,1,0,9,8,9,9,8,8,4,8,9,9,8,8,1,11444
1023,8,11A217,24,40408,3,1,0,02,8,7,8,9,10,8,10,10,8,10,10,9,3,9,9,7,7,10,0,0,2,1,0,9,9,8,9,8,9,4,8,8,7,8,8,1,17107
1023,8,11A217,24,40408,4,1,0,03,10,8,10,10,10,9,10,10,10,10,9,10,10,8,8,9,10,10,2,1,1,0,0,10,10,10,10,10,9,8,10,10,10,9,7,1,25661
1023,8,11A217,24,40408,1,1,0,02,8,8,9,9,10,10,9,10,9,9,8,7,3,7,8,8,10,10,0,0,0,0,0,8,10,9,9,9,9,4,9,10,7,8,8,1,17107
1023,8,11A217,24,40408,2,1,0,01,8,9,9,8,10,9,9,10,8,9,8,8,9,9,10,9,8,9,0,0,0,1,0,8,9,9,10,8,9,3,9,9,7,8,8,1,8554
1023,8,12A217,24,40412,2,1,0,01,8,8,8,8,9,5,7,9,7,8,8,7,7,8,7,7,8,7,1,2,2,1,1,8,8,7,9,8,7,4,9,8,8,7,7,1,21482
1023,8,12A217,24,40412,3,1,0,01,8,10,8,10,10,10,10,10,10,10,10,10,8,9,7,7,10,9,0,2,2,0,0,7,7,7,8,8,3,6,8,5,0,10,10,1,21482
1023,3,12A224,25,40024,4,1,0,01,10,9,9,10,10,10,10,10,10,9,7,8,2,9,8,7,9,9,1,1,2,1,0,9,10,8,10,9,7,8,10,9,9,9,8,1,8002
1023,3,12A224,25,40024,1,1,0,01,9,9,9,9,10,9,9,10,9,9,10,10,3,8,9,7,8,9,1,1,2,1,0,9,8,8,10,8,10,6,10,10,10,10,10,1,8002
1023,3,12A224,25,40024,2,1,0,01,9,8,10,10,10,10,10,9,10,9,6,9,2,9,9,8,9,9,1,1,1,1,0,8,9,8,8,8,9,8,9,9,10,9,9,1,24005
1023,7,12A218,25,40155,1,1,0,01,10,10,10,10,9,10,10,10,9,9,9,9,2,9,9,8,9,9,1,0,2,0,0,10,9,9,10,9,5,8,10,10,10,9,9,1,19989
1023,7,12A218,25,40155,4,1,0,01,9,9,9,9,9,9,10,10,10,9,8,8,1,10,10,10,9,10,0,0,0,1,0,9,10,9,10,8,9,7,10,10,10,9,9,1,19989
1023,7,12A218,25,40155,3,1,0,01,10,8,10,10,10,10,10,10,10,10,10,10,1,9,9,9,9,9,1,1,1,1,1,8,7,8,8,8,8,8,8,10,10,9,10,1,6663
1023,7,12A218,25,40155,2,1,0,01,10,10,9,9,10,10,10,10,10,10,10,10,1,9,10,8,9,10,0,0,1,1,0,10,8,10,10,9,10,8,10,10,10,10,10,1,6663
1023,2,13A225,25,40184,4,1,0,02,10,10,10,10,10,9,10,10,9,9,10,10,1,10,10,9,10,10,0,0,1,0,0,10,10,9,10,10,7,8,10,10,10,10,10,1,20126
1023,2,13A225,25,40184,1,1,0,01,5,6,5,9,10,10,9,10,10,10,5,10,2,3,5,5,5,5,2,2,2,5,4,5,10,8,9,9,10,7,5,10,7,7,8,1,10063
1023,2,13A225,25,40184,3,1,0,02,7,7,9,10,10,10,10,10,8,9,10,7,4,8,8,6,6,7,2,2,3,3,1,8,8,8,8,8,10,8,8,10,10,8,9,1,20126
1023,2,13A225,25,40184,2,1,0,06,8,7,8,9,8,9,9,9,9,7,3,6,2,7,7,7,6,5,1,2,2,3,1,8,10,8,9,7,6,3,6,8,9,8,8,1,30188
1023,2,11A225,25,40185,4,1,0,01,6,7,9,8,10,5,6,7,8,1,7,6,3,5,8,7,8,7,3,1,3,1,3,8,6,10,10,8,7,6,9,10,3,10,10,1,15681
1023,2,11A225,25,40185,3,1,0,03,10,8,10,10,10,10,10,10,10,10,10,10,2,5,8,0,9,9,3,0,9,1,0,10,10,10,10,10,10,9,10,10,10,10,10,1,23522
1023,2,11A225,25,40185,1,1,0,01,9,9,9,10,10,8,10,10,10,10,10,10,2,9,8,7,10,10,1,1,3,0,0,8,9,8,10,9,5,5,7,10,8,8,7,1,15681
1023,2,11A225,25,40185,2,1,0,01,9,9,8,9,10,9,10,10,9,9,7,8,1,7,8,6,9,8,3,2,3,1,1,9,9,8,9,8,5,7,10,10,10,10,8,1,15681
1023,6,13B211,25,40189,2,1,0,01,9,7,10,10,10,10,10,10,10,9,5,10,2,9,9,8,10,9,0,1,1,0,0,10,10,9,10,9,8,8,10,10,10,10,10,1,10188
1023,6,13B211,25,40189,3,1,0,02,9,9,9,10,10,10,10,10,8,8,7,8,4,7,7,5,9,8,3,3,4,0,2,8,10,7,9,8,5,5,7,7,8,7,6,1,40750
1023,6,13B211,25,40189,4,1,0,01,9,9,10,10,10,10,10,10,8,10,10,10,1,9,9,7,9,9,1,1,2,1,1,10,7,10,10,10,10,8,10,10,10,8,8,1,40750
1023,6,12B211,25,40288,2,1,0,01,7,6,10,10,10,10,10,10,10,10,4,8,2,7,9,8,10,3,2,1,2,0,0,9,10,9,9,8,8,8,8,10,10,7,8,1,15820
1023,6,12B211,25,40288,3,1,1,02,10,10,9,9,10,8,10,9,9,8,7,8,3,9,8,7,9,9,1,2,2,1,0,9,9,8,9,9,5,6,9,10,10,8,8,1,23730
1023,6,12B211,25,40288,1,1,0,01,9,9,9,9,9,9,9,10,9,9,10,9,0,10,9,7,10,8,0,1,2,0,0,9,8,8,10,8,10,6,10,10,10,10,10,1,7910
1023,4,12A223,25,40309,4,1,0,01,8,9,8,10,10,10,10,10,10,10,10,10,2,9,8,10,9,8,1,1,0,0,0,8,7,8,9,10,10,9,10,9,8,9,8,1,13521
1023,4,12A223,25,40309,3,1,0,01,8,6,8,8,10,9,10,10,10,10,5,9,3,7,7,7,10,7,2,3,2,0,0,9,10,10,8,8,7,7,8,8,8,8,8,1,6761
1023,4,12A223,25,40309,1,1,0,01,10,10,9,9,9,9,9,9,9,9,9,9,4,6,7,7,7,8,3,2,3,2,0,10,9,9,9,9,6,7,7,8,10,9,9,1,20282
1023,4,12A223,25,40309,2,1,0,01,10,10,10,10,10,10,10,9,10,10,10,8,1,9,10,10,10,10,1,0,0,0,0,10,10,10,10,10,10,10,10,10,10,9,10,1,13521
1023,8,12A217,25,40314,4,1,0,02,10,10,10,9,10,10,10,10,10,10,5,10,5,7,7,8,7,9,2,2,2,2,1,10,10,10,10,10,10,10,10,10,10,7,7,1,12854
1023,8,12A217,25,40314,2,1,0,01,10,10,10,10,9,10,10,10,8,8,10,9,2,9,8,7,8,8,1,2,2,1,0,9,8,8,10,8,5,7,9,10,10,9,9,1,12854
1023,8,12A217,25,40314,1,1,0,01,9,9,9,9,10,10,10,10,9,9,7,9,4,8,8,7,8,8,1,1,3,1,0,9,8,8,9,8,6,7,8,10,10,8,7,1,19280
1023,8,12A217,25,40314,3,1,0,01,9,6,10,9,10,10,10,10,9,9,7,9,2,8,7,6,9,8,2,2,3,1,1,8,10,8,9,8,5,7,8,10,10,9,8,1,6427
1023,5,13B212,25,40320,4,1,0,02,9,9,8,8,9,10,9,9,9,9,10,7,2,8,8,6,9,8,2,2,3,1,0,8,9,7,9,8,5,8,9,9,9,9,9,1,18980
1023,5,13B212,25,40320,1,1,0,01,9,9,9,9,10,10,10,10,10,10,4,9,4,8,7,7,9,8,2,3,2,1,0,10,10,8,10,8,7,7,7,6,8,8,8,1,9490
1023,5,13B212,25,40320,2,1,0,03,8,8,8,9,10,7,8,9,7,10,9,7,6,6,4,2,10,6,4,6,7,0,4,8,7,8,9,8,6,6,5,7,8,8,8,1,28469
1023,5,13B212,25,40320,3,1,0,02,9,8,9,8,9,8,9,9,8,8,7,8,3,8,7,6,9,8,2,2,4,1,0,8,10,9,9,8,5,7,10,8,9,9,8,1,18980
1023,5,11B212,25,40354,1,1,0,02,6,0,6,7,8,8,9,10,9,9,10,9,4,5,6,6,5,5,4,3,4,5,1,8,8,8,8,8,8,5,9,5,6,8,7,1,14278
1023,5,11B212,25,40354,2,1,0,01,7,7,8,8,10,9,9,7,9,8,7,8,7,4,4,7,8,5,4,3,3,0,0,7,9,8,7,7,3,4,6,6,7,7,5,1,21417
1023,5,11B212,25,40354,3,1,0,02,9,9,10,9,8,9,10,10,10,9,10,10,4,7,7,6,9,8,2,2,3,0,1,9,10,10,10,9,8,8,9,8,8,9,10,1,14278
1023,5,11B212,25,40354,4,1,0,02,8,8,8,8,8,9,10,9,9,9,8,9,0,8,8,6,6,7,1,1,4,1,0,8,7,9,8,8,8,7,9,10,10,10,10,1,21417
1023,1,11A226,25,40409,3,1,0,03,10,10,10,10,10,7,10,10,10,10,10,10,5,8,8,6,7,7,2,1,1,1,2,10,10,10,10,10,9,5,5,2,1,0,0,1,30923
1023,1,11A226,25,40409,1,1,0,02,10,8,9,9,9,10,10,10,9,9,9,9,2,5,5,5,5,10,2,3,4,0,0,9,10,8,9,8,6,8,10,10,10,8,9,1,15462
1023,1,11A226,25,40409,2,1,0,01,10,10,10,10,10,10,10,10,10,10,10,10,2,9,7,5,7,7,1,2,4,1,1,10,10,9,10,9,9,8,9,10,10,10,10,1,15462
1023,1,11A226,25,40409,4,1,0,02,7,7,8,8,10,8,9,9,10,9,8,8,1,9,9,8,10,8,1,1,2,0,0,8,8,8,8,9,7,7,9,7,9,9,8,1,23192
1023,1,12A226,25,40410,4,1,0,02,9,9,10,9,10,9,10,10,10,10,8,9,1,9,9,6,9,9,0,1,4,1,0,9,7,8,9,8,8,7,8,10,10,9,9,1,24590
1023,1,12A226,25,40410,2,1,0,01,9,9,10,10,10,10,10,10,9,10,10,10,3,9,9,9,9,9,1,1,1,1,0,10,10,10,8,9,9,7,10,10,10,8,9,1,32786
1023,1,12A226,25,40410,1,1,0,01,10,8,10,10,10,8,10,10,10,10,10,10,2,9,9,6,9,10,1,1,2,0,0,10,10,8,9,9,9,5,10,10,9,8,9,1,16393
1023,1,12A226,25,40410,3,1,0,02,8,8,10,9,8,8,10,10,9,10,9,8,2,8,8,8,7,7,2,1,2,2,0,8,7,8,8,8,8,8,10,10,10,10,10,1,16393
1023,7,11A218,26,40064,2,1,0,01,9,9,10,10,10,10,10,10,10,10,10,10,2,9,9,8,10,9,0,0,1,0,0,10,9,9,9,9,9,9,9,9,7,9,9,1,15681
1023,7,11A218,26,40064,1,1,0,03,9,9,9,9,10,9,9,10,10,10,10,10,8,5,5,5,5,10,5,0,5,5,0,10,10,9,10,10,10,9,10,9,9,10,10,1,15681
1023,7,11A218,26,40064,3,1,0,02,10,10,6,10,10,10,5,10,10,10,10,10,4,8,7,7,4,5,2,2,2,5,4,9,6,6,8,10,10,10,10,10,10,10,10,1,31363
1023,7,11A218,26,40064,4,1,0,02,8,9,8,10,10,9,10,10,10,10,8,10,2,8,8,7,9,8,2,1,2,1,0,8,7,7,8,7,8,6,8,8,7,8,7,1,15681
1023,7,13A218,26,40129,3,1,0,01,8,7,10,10,10,10,10,10,10,9,9,10,4,10,10,10,10,10,0,0,0,0,0,9,7,10,10,10,10,7,10,8,10,9,7,1,18833
1023,7,13A218,26,40129,1,1,0,01,8,9,9,8,10,8,10,10,10,8,5,8,6,8,6,10,8,10,0,3,0,0,0,8,10,10,10,8,10,6,9,8,8,10,8,1,18833
1023,7,13A218,26,40129,2,1,0,02,8,8,10,10,10,10,10,10,8,10,7,8,0,5,2,9,10,8,3,5,1,0,0,8,10,9,8,10,5,7,10,9,9,9,9,1,18833
1023,7,13A218,26,40129,4,1,1,01,10,7,9,8,10,10,10,10,10,10,10,9,9,10,10,10,10,10,0,0,0,0,0,10,10,9,10,8,9,8,10,9,9,10,7,1,18833
1023,3,11A224,26,40149,2,1,0,01,7,10,8,10,10,10,10,10,10,10,9,10,10,5,4,4,4,5,0,6,6,6,5,9,8,10,0,10,10,10,10,8,10,10,8,1,7747
1023,3,11A224,26,40149,4,1,0,04,9,7,8,10,10,10,10,10,9,10,5,10,6,7,6,8,8,7,3,4,1,1,2,9,10,10,7,9,10,9,10,10,9,10,10,1,30987
1023,3,11A224,26,40149,3,1,0,02,8,8,10,10,10,10,10,10,10,10,7,10,5,7,5,5,10,5,2,0,4,0,0,8,10,8,8,10,10,6,10,10,10,10,10,1,15494
1023,3,13A224,26,40154,3,1,0,01,9,9,9,10,10,9,9,9,9,9,10,9,2,9,9,8,9,8,0,0,0,0,0,8,8,9,9,9,9,9,9,8,9,9,9,1,11404
1023,3,13A224,26,40154,1,1,0,02,9,9,9,10,10,10,8,10,8,10,10,8,0,5,8,9,10,8,2,2,1,0,0,7,9,8,10,10,8,5,10,9,10,9,9,1,22808
1023,3,13A224,26,40154,2,1,0,02,10,10,10,10,10,9,10,10,10,10,10,10,0,10,7,8,9,10,0,2,2,0,0,10,10,10,10,10,10,7,10,10,10,10,10,1,22808
1023,2,12A225,26,40280,1,1,0,01,8,8,10,8,8,8,10,10,10,10,10,10,4,10,9,9,10,10,0,0,0,0,0,10,10,9,10,10,10,8,10,10,10,9,6,1,15138
1023,2,12A225,26,40280,2,1,0,02,8,8,8,8,10,10,10,10,10,9,9,8,2,9,8,7,10,8,0,2,2,0,0,8,8,8,8,9,7,7,8,8,8,9,8,1,15138
1023,2,12A225,26,40280,4,1,0,01,5,6,7,6,8,7,8,7,10,10,10,10,0,6,6,4,6,5,3,4,5,3,5,7,8,6,8,6,5,8,6,8,8,7,7,1,15138
1023,2,12A225,26,40280,3,1,0,01,9,7,9,9,10,10,9,9,10,9,7,8,2,6,5,9,9,8,3,4,1,1,0,8,8,7,9,8,8,7,9,8,8,8,7,1,15138
1023,6,12B211,26,40287,4,1,0,01,9,5,10,10,10,10,10,10,10,10,10,10,1,10,10,10,10,10,0,0,0,0,0,10,10,10,10,10,10,8,10,10,10,9,8,1,16506
1023,6,12B211,26,40287,3,1,0,02,8,9,10,10,10,10,10,10,9,10,10,4,4,8,9,10,10,10,0,0,0,0,0,10,10,10,10,10,10,6,10,10,10,8,8,1,16506
1023,6,12B211,26,40287,2,1,0,01,10,10,10,10,10,10,10,10,10,10,10,10,0,10,10,10,10,10,0,0,0,0,0,10,10,10,10,10,10,10,10,10,10,8,10,1,33012
1023,6,12B211,26,40287,1,1,0,01,9,9,10,10,10,10,10,10,10,10,10,10,1,10,10,8,10,10,0,0,2,0,0,10,10,10,10,10,10,10,10,10,10,10,10,1,33012
1023,4,12A223,26,40304,2,1,0,01,10,7,9,10,10,10,10,10,10,10,10,8,9,10,9,9,10,10,0,1,1,0,0,9,10,9,8,8,10,7,9,10,10,7,7,1,17675
1023,4,12A223,26,40304,1,1,0,04,10,8,10,10,10,10,10,10,10,10,5,10,0,10,10,10,10,10,0,0,0,0,0,9,10,9,9,10,7,0,8,10,10,10,8,1,35350
1023,4,12A223,26,40304,4,1,0,01,8,9,8,10,10,10,10,10,6,10,0,7,1,8,9,8,4,7,1,1,2,5,1,8,6,8,10,9,7,5,8,8,9,10,8,1,17675
1023,4,13A223,26,40305,1,1,0,01,10,10,10,10,10,10,10,10,10,9,10,10,1,10,10,10,8,10,0,0,0,1,0,10,10,10,7,7,10,7,10,10,10,7,8,1,27315
1023,4,13A223,26,40305,2,1,0,01,7,8,8,10,10,10,10,10,10,7,0,10,0,10,10,8,10,6,0,0,0,0,1,5,10,9,9,10,9,5,10,10,10,6,9,1,13658
1023,4,13A223,26,40305,4,1,0,01,9,9,10,10,10,10,10,10,10,10,0,10,5,10,10,10,10,10,0,0,0,0,0,8,10,9,8,10,10,9,9,8,9,9,8,1,40973
1023,8,11A217,26,40345,2,1,0,01,10,8,9,9,10,10,10,10,10,10,10,10,1,10,8,9,10,10,0,0,1,0,0,10,10,9,9,10,10,5,10,10,9,8,8,1,7612
1023,8,11A217,26,40345,3,1,0,01,5,4,5,5,5,6,6,7,9,7,5,5,10,4,0,4,4,2,5,10,6,6,8,7,9,6,6,7,7,8,5,8,0,9,10,1,15223
1023,8,11A217,26,40345,4,1,0,01,9,9,9,10,10,10,8,9,10,10,8,1,10,10,10,10,10,10,0,0,0,0,0,8,9,8,9,8,8,8,9,9,8,9,9,1,22835
1023,8,11A217,26,40345,1,1,1,01,8,8,10,10,10,10,10,10,8,8,7,8,0,8,7,10,10,8,0,2,0,0,0,7,10,7,7,8,5,5,10,8,6,8,9,1,15223
1023,5,12B212,26,40386,1,1,0,01,10,10,10,10,10,10,10,10,10,10,0,10,0,9,9,9,9,10,1,1,1,1,0,10,10,10,10,10,10,0,10,10,8,6,5,1,23108
1023,5,12B212,26,40386,4,1,0,01,5,6,7,5,5,8,8,8,8,7,6,6,3,5,5,5,5,5,4,4,3,4,2,6,8,7,7,8,4,2,6,9,6,6,6,1,23108
1023,1,12A226,26,40408,1,1,0,02,8,6,9,10,10,9,10,9,10,10,10,10,0,9,10,9,10,10,1,0,1,0,0,10,10,8,10,9,10,0,10,10,7,10,10,1,16373
1023,1,12A226,26,40408,3,1,0,01,10,7,9,10,10,10,10,10,10,10,7,8,6,9,6,5,8,9,0,3,4,0,0,10,10,9,8,10,10,9,10,10,7,8,10,1,8186
1023,1,12A226,26,40408,2,1,0,01,10,10,10,10,10,10,10,10,10,10,10,8,8,1,1,0,0,0,0,8,10,10,10,10,7,10,10,7,10,0,10,10,8,9,9,1,16373
1023,1,12A226,26,40408,4,1,0,02,9,9,10,10,10,10,10,10,10,10,10,10,0,10,9,10,10,9,0,1,0,0,1,10,10,10,10,10,10,10,10,10,10,10,10,1,16373
1023,8,12A217,26,40412,1,1,0,02,10,10,10,10,10,10,10,10,10,10,10,10,2,10,4,10,10,10,0,0,0,0,0,10,10,10,10,10,10,7,10,10,8,10,10,1,12694
1023,8,12A217,26,40412,3,1,0,03,7,7,8,8,10,10,8,10,10,8,5,8,5,2,2,2,2,8,7,7,8,0,0,8,10,8,7,8,5,5,8,10,7,8,8,1,12694
1023,3,12A224,27,40023,1,1,0,01,7,5,6,9,9,10,10,10,10,10,10,10,0,10,10,10,10,10,0,0,0,0,0,7,4,8,10,9,4,0,10,0,0,0,5,1,7143
1023,3,12A224,27,40023,2,1,0,01,9,8,9,10,9,9,9,10,9,10,10,8,2,8,8,7,8,8,1,2,3,2,1,8,9,8,9,9,7,5,8,8,8,7,8,1,14286
1023,3,12A224,27,40023,3,1,0,01,10,10,8,8,10,10,10,10,10,10,7,9,2,10,8,8,9,10,0,2,1,1,0,7,6,7,7,7,6,5,9,7,7,6,6,1,14286
1023,3,12A224,27,40023,4,1,0,03,10,5,10,10,8,10,5,10,4,10,10,9,2,10,10,10,10,10,0,0,0,0,0,10,10,8,10,10,7,5,10,10,10,10,10,1,21429
1023,7,12A218,27,40126,1,1,1,01,10,10,5,10,5,10,10,10,8,10,10,7,0,7,8,8,7,8,2,2,0,0,2,10,10,8,8,10,6,5,8,10,6,8,9,1,16797
1023,7,12A218,27,40126,4,1,0,01,10,5,10,10,10,10,10,10,10,10,10,10,2,10,10,10,10,10,0,0,0,0,0,10,10,10,10,10,10,7,10,10,10,10,10,1,8398
1023,7,12A218,27,40126,3,1,0,01,10,10,10,10,10,10,10,10,10,10,10,10,0,10,10,10,10,10,0,0,0,0,0,10,10,10,10,10,10,10,10,10,10,10,10,1,16797
1023,7,12A218,27,40126,2,1,0,01,10,10,10,10,10,10,10,10,10,10,10,10,0,10,10,8,10,10,0,0,2,0,0,8,8,8,10,8,8,6,9,5,9,9,8,1,8398
1023,2,11A225,27,40184,3,1,0,02,8,5,10,10,10,10,10,10,10,10,5,10,10,8,5,8,7,5,2,5,1,2,3,7,10,10,10,10,5,5,10,10,10,10,10,1,29717
1023,2,11A225,27,40184,4,1,0,01,10,10,10,8,10,10,10,10,10,10,10,10,1,7,7,8,10,7,2,2,2,0,2,8,7,8,8,8,7,5,9,8,7,6,6,1,9906
1023,2,11A225,27,40184,1,1,0,01,5,8,6,5,10,6,8,10,5,10,10,5,5,10,8,10,10,10,0,2,0,0,0,5,3,4,6,5,8,5,10,10,4,10,6,1,19811
1023,2,11A225,27,40184,2,1,0,01,10,8,10,10,10,8,10,10,10,10,10,10,2,7,7,7,7,8,3,3,3,3,2,10,10,10,10,10,6,5,7,7,7,7,7,1,9906
1023,6,11B211,27,40291,3,1,0,01,10,9,10,10,10,10,10,10,10,10,10,10,2,10,10,9,10,10,0,0,1,0,0,10,10,9,9,9,10,9,10,10,9,9,8,1,6927
1023,6,11B211,27,40291,2,1,0,02,10,10,10,10,8,10,10,10,9,10,10,10,1,10,9,10,10,10,0,0,0,0,0,10,10,10,10,10,10,8,10,10,10,9,9,1,13854
1023,6,11B211,27,40291,1,1,0,11,5,5,9,9,9,9,9,9,9,9,9,9,1,9,9,9,9,9,1,1,1,1,1,5,5,5,5,5,5,5,8,9,6,5,5,1,41562
1023,1,11A226,27,40315,1,1,0,03,10,5,10,10,10,10,10,10,5,10,10,10,0,10,10,5,5,5,0,0,5,5,0,9,10,10,5,7,10,10,10,10,10,10,8,1,35312
1023,1,11A226,27,40315,4,1,0,01,5,3,3,3,10,9,10,10,8,7,10,8,6,5,4,5,5,5,3,5,5,5,5,8,10,9,10,10,10,4,10,10,10,10,10,1,17656
1023,1,11A226,27,40315,2,1,0,02,6,10,10,10,10,10,10,10,10,10,10,10,2,7,6,10,9,8,3,2,0,1,2,5,7,10,10,6,4,6,8,10,10,10,10,1,17656
1023,1,11A226,27,40315,3,1,0,01,10,10,10,5,8,10,10,10,10,10,5,10,8,10,5,10,10,10,0,5,0,0,0,10,10,10,10,8,10,7,10,10,10,10,10,1,26484
1023,4,13A223,27,40342,3,1,0,01,10,10,10,10,10,10,10,10,10,9,10,10,1,10,10,10,10,10,0,0,0,0,0,10,10,10,10,8,9,6,10,10,10,10,8,1,17463
1023,4,13A223,27,40342,1,1,0,01,8,9,9,8,8,9,9,9,9,8,9,9,5,8,7,6,8,7,1,3,4,0,2,8,8,8,8,8,7,6,9,8,8,8,5,1,8732
1023,4,13A223,27,40342,4,1,0,03,9,7,10,10,10,10,10,10,10,10,7,10,1,10,10,10,8,10,0,0,0,2,0,8,10,8,9,8,8,6,9,8,8,7,7,1,26195
1023,4,13A223,27,40342,2,1,0,01,5,5,5,7,8,8,8,7,6,9,10,8,8,8,7,7,7,6,2,2,2,2,2,5,6,5,7,8,5,8,7,6,7,7,7,1,17463
1023,1,13A226,27,40346,1,1,0,02,8,8,10,8,10,10,10,10,10,8,3,10,0,9,9,8,9,9,1,1,1,1,0,8,6,8,9,9,9,3,10,7,7,7,7,1,19327
1023,1,13A226,27,40346,2,1,0,02,8,7,10,8,8,10,10,10,10,10,9,9,2,8,7,5,10,10,0,2,5,0,0,8,7,8,10,9,10,6,8,8,4,6,7,1,19327
1023,1,13A226,27,40346,4,1,0,01,10,10,10,10,9,9,10,10,10,10,8,8,7,9,8,8,9,9,1,1,1,1,0,9,9,9,9,8,8,6,9,9,8,5,6,1,28991
1023,1,13A226,27,40346,3,1,0,01,10,10,10,10,10,10,10,10,10,10,0,10,0,9,10,10,10,10,0,0,0,0,0,10,10,10,8,10,3,9,10,10,10,10,10,1,9664
1023,5,11B212,27,40356,1,1,0,02,10,10,10,10,10,8,8,9,10,10,10,8,2,8,8,9,9,9,1,1,1,1,1,8,10,8,8,8,10,8,10,8,8,8,8,1,18498
1023,5,11B212,27,40356,3,1,0,02,7,5,10,8,10,10,10,10,10,8,6,10,7,10,5,10,5,5,0,5,0,5,5,5,5,5,8,5,3,0,9,9,9,7,4,1,18498
1023,5,11B212,27,40356,4,1,1,01,5,5,8,7,7,7,5,5,5,6,7,5,8,7,7,7,8,8,2,2,2,2,2,5,5,5,5,5,5,5,5,5,5,6,6,1,9249
1023,5,11B212,27,40356,2,1,0,03,5,5,5,6,10,10,10,8,8,5,0,5,5,5,9,5,9,5,1,1,5,1,1,5,5,4,6,5,4,3,5,5,5,3,5,1,27747
1023,8,11A217,27,40379,2,1,0,01,10,10,10,8,7,10,8,10,8,8,6,10,8,10,9,10,8,9,0,1,0,2,1,7,10,9,8,9,10,7,8,10,9,9,9,1,17365
1023,8,11A217,27,40379,4,1,0,02,10,8,10,9,10,9,10,10,10,10,8,9,2,5,6,8,5,5,5,4,2,5,5,8,10,8,10,8,7,0,10,6,5,0,0,1,34731
1023,8,11A217,27,40379,1,1,0,02,10,10,10,10,10,10,10,10,10,10,10,10,1,8,8,10,10,8,2,2,0,0,2,9,10,10,10,9,7,4,10,10,8,7,6,1,34731
1023,8,11A217,27,40379,3,1,0,01,10,5,7,10,8,10,9,9,9,9,10,9,5,8,5,8,8,9,1,5,2,2,1,8,8,8,8,8,9,6,10,10,8,8,8,1,17365
1023,5,11B212,27,40420,1,1,1,02,7,5,10,8,8,8,10,10,10,10,8,10,5,10,10,10,10,10,0,0,0,0,0,5,5,10,10,10,5,5,7,6,8,8,8,1,13158
1023,5,11B212,27,40420,4,1,0,01,5,7,5,3,5,5,8,2,5,2,8,2,8,7,7,3,5,0,3,3,3,3,8,5,0,2,2,2,5,3,6,7,8,8,8,1,13158
1023,5,11B212,27,40420,3,1,1,01,10,10,8,8,5,8,10,9,8,9,10,8,6,5,10,6,7,5,5,0,3,2,5,10,10,8,6,8,8,5,8,8,6,6,8,1,6579
1023,5,11B212,27,40420,2,1,0,02,10,10,10,10,10,10,10,10,10,10,10,10,2,8,10,10,10,10,2,0,0,0,0,10,10,10,10,10,10,5,10,10,10,10,10,1,19736
1023,7,11A218,28,40027,4,1,0,01,9,8,8,9,8,8,8,7,8,9,8,9,9,10,10,10,10,10,0,0,0,0,0,8,9,8,9,8,8,8,7,9,9,8,9,1,8327
1023,7,11A218,28,40027,1,1,0,01,8,6,10,10,10,10,10,10,8,10,7,10,0,10,10,10,10,10,0,0,0,0,0,8,8,9,9,9,8,9,8,9,7,7,8,1,8327
1023,7,11A218,28,40027,2,1,0,01,9,7,8,8,9,8,9,9,8,9,8,8,8,10,10,10,10,10,0,0,0,0,0,7,8,9,8,8,8,9,8,7,8,9,8,1,16654
1023,7,11A218,28,40027,3,1,0,01,8,7,8,8,8,9,8,8,9,8,8,9,7,10,10,10,10,10,0,0,0,0,0,7,8,8,7,8,7,8,7,8,7,7,8,1,8327
1023,3,13A224,28,40052,4,1,0,03,8,8,8,8,8,9,8,7,8,8,8,8,8,10,10,10,10,10,0,0,0,0,0,7,8,7,8,7,7,8,7,9,7,8,9,1,30817
1023,3,13A224,28,40052,1,1,0,02,9,7,7,8,7,8,7,8,7,8,8,8,9,10,10,10,10,10,0,0,0,0,0,8,8,9,8,8,8,8,8,9,8,8,8,1,30817
1023,3,13A224,28,40052,3,1,0,02,7,8,8,10,10,10,10,10,8,10,10,10,9,10,10,10,10,10,0,0,0,0,0,7,10,10,10,10,10,6,10,10,4,5,8,1,20545
1023,7,11A218,28,40061,4,1,0,01,10,10,10,10,10,10,10,10,10,10,0,10,1,10,10,10,10,10,0,0,0,0,0,8,10,9,9,10,8,6,10,8,10,9,9,1,6020
1023,7,11A218,28,40061,2,1,2,01,8,6,7,7,9,9,8,8,9,8,2,8,4,7,6,5,8,4,3,3,5,1,1,6,8,7,8,7,8,4,8,8,6,7,7,1,12040
1023,7,11A218,28,40061,3,1,0,02,7,5,8,9,10,9,9,10,9,10,3,9,4,10,10,10,10,10,0,0,0,0,0,7,10,8,9,9,9,3,9,7,6,7,8,1,12040
1023,3,11A224,28,40116,1,1,0,02,9,9,8,8,10,10,9,9,10,7,5,8,2,8,9,9,9,5,1,1,0,0,0,6,10,8,9,9,9,4,9,8,8,8,9,1,14170
1023,3,11A224,28,40116,3,1,0,02,9,7,10,9,10,9,9,10,10,10,6,8,3,10,10,7,10,7,0,0,2,0,0,7,8,9,9,8,8,4,8,9,8,8,8,1,14170
1023,3,11A224,28,40116,2,1,0,05,10,10,10,10,10,10,10,10,10,10,8,10,10,3,7,10,8,10,6,1,0,1,0,10,10,9,7,9,8,8,10,9,10,10,10,1,35424
1023,3,11A224,28,40116,4,1,0,01,10,8,10,10,10,9,10,10,10,9,3,8,2,10,10,10,10,6,0,0,0,0,0,8,9,9,9,10,7,5,9,8,8,8,9,1,14170
1023,6,11B211,28,40180,3,1,0,01,10,10,10,10,9,10,9,10,10,10,10,9,5,10,10,7,10,10,0,0,2,0,0,10,10,9,9,10,10,8,9,10,8,10,10,1,17175
1023,6,11B211,28,40180,4,1,0,01,7,10,0,9,10,9,9,8,9,8,8,7,8,10,10,10,10,10,0,0,0,0,0,7,8,9,8,7,8,9,8,7,8,6,9,1,17175
1023,2,12A225,28,40206,1,1,0,01,8,9,7,9,8,7,6,7,6,8,8,9,8,10,10,10,10,10,0,0,0,0,0,8,7,8,8,9,8,7,8,8,8,7,8,1,17118
1023,2,12A225,28,40206,2,1,0,02,7,7,8,8,8,8,8,9,8,7,8,8,8,10,10,10,10,10,0,0,0,0,0,7,8,7,8,8,8,7,7,8,6,7,8,1,34237
1023,2,12A225,28,40206,4,1,0,01,8,7,8,9,8,8,9,8,8,8,8,8,9,10,10,10,10,10,0,0,0,0,0,8,7,8,7,8,7,8,7,8,7,6,7,1,17118
1023,2,12A225,28,40206,3,1,0,02,8,7,9,8,8,9,9,8,8,8,7,8,10,9,10,10,10,10,0,0,0,0,0,7,8,9,8,9,8,9,8,8,8,9,10,1,25678
1023,6,12B211,28,40243,2,1,0,02,8,6,8,7,7,8,7,9,8,9,8,7,8,10,10,10,10,10,0,0,0,0,0,7,8,9,8,9,8,9,9,8,8,7,8,1,15430
1023,6,12B211,28,40243,4,1,0,01,8,8,9,8,9,7,8,7,9,8,7,9,7,8,7,7,8,7,1,1,1,2,0,7,7,6,8,7,8,7,8,7,6,8,7,1,7715
1023,2,11A225,28,40267,4,1,0,02,10,10,10,10,10,10,10,10,10,10,10,10,1,10,10,10,10,10,0,0,0,0,0,8,8,9,10,9,10,4,10,9,9,9,9,1,26827
1023,2,11A225,28,40267,1,1,0,03,10,8,10,10,10,10,10,10,10,10,10,10,1,10,10,10,10,10,0,0,0,0,0,8,10,9,9,10,8,7,10,10,9,9,9,1,26827
1023,2,11A225,28,40267,3,1,0,01,9,9,10,10,10,10,10,10,10,10,10,10,0,10,10,8,10,7,0,0,0,0,0,10,8,10,10,10,10,4,10,10,8,9,9,1,35770
1023,2,11A225,28,40267,2,1,0,03,8,8,10,10,9,10,10,9,10,10,7,9,3,10,10,10,10,10,0,0,0,0,0,9,8,10,10,10,7,5,10,9,9,9,10,1,44712
1023,8,13A217,28,40298,1,1,0,01,8,7,9,7,10,10,10,8,9,8,2,8,2,9,9,8,10,5,1,1,2,0,0,8,7,9,9,9,8,3,9,9,7,8,7,1,7451
1023,8,13A217,28,40298,4,1,0,01,10,10,10,10,10,10,10,10,10,10,3,10,1,10,10,10,10,10,0,0,0,0,0,10,9,9,10,10,10,6,10,10,7,8,9,1,14902
1023,8,13A217,28,40298,2,1,0,02,9,9,9,7,9,9,9,8,9,9,5,8,4,7,8,8,9,7,2,1,1,0,0,7,9,8,8,8,7,2,8,8,6,8,7,1,14902
1023,4,12A223,28,40326,1,1,0,02,10,7,10,10,10,10,10,10,10,8,5,10,3,10,10,10,10,10,0,0,0,0,0,10,10,7,10,10,8,4,10,10,9,9,9,1,30067
1023,4,12A223,28,40326,3,1,0,01,10,10,10,8,8,9,10,10,10,10,10,9,5,10,8,8,10,10,0,1,2,0,0,10,10,9,10,10,9,7,10,8,8,10,10,1,30067
1023,4,12A223,28,40326,4,1,0,02,9,8,10,10,10,10,10,9,10,10,2,10,0,7,0,5,7,8,0,10,4,0,0,7,5,7,8,9,4,4,6,7,6,8,9,1,30067
1023,5,12B212,28,40338,2,1,0,01,7,7,10,7,10,7,10,10,7,8,10,7,8,5,2,5,10,5,5,7,5,0,5,7,8,8,9,7,5,5,9,7,9,9,8,1,8557
1023,5,12B212,28,40338,1,1,0,01,8,7,10,10,10,10,10,10,4,10,8,10,3,5,5,10,10,10,5,5,0,0,0,8,9,10,9,10,7,6,8,8,9,8,9,1,17114
1023,5,12B212,28,40338,3,1,1,01,9,10,10,10,10,10,10,10,10,10,10,10,9,10,10,10,10,10,0,0,0,0,0,9,8,9,9,9,9,9,8,9,10,10,9,1,8557
1023,5,12B212,28,40338,4,1,0,02,8,7,9,8,8,9,8,8,9,8,10,10,7,10,10,10,10,6,0,0,0,0,4,8,8,8,8,9,8,8,7,8,7,8,8,1,17114
1023,1,12A226,28,40359,2,1,0,02,10,10,10,10,10,10,10,10,10,10,10,10,2,10,10,10,10,10,0,0,0,0,0,10,10,10,10,10,10,3,10,10,7,8,10,1,45959
1023,1,12A226,28,40359,4,1,0,01,7,5,8,9,10,10,8,9,9,10,3,8,3,6,4,4,8,7,3,5,6,0,0,6,6,6,10,10,3,3,10,7,5,7,9,1,22979
1023,8,11A217,28,40389,2,1,0,02,6,6,6,7,7,7,7,6,8,8,8,7,7,10,10,10,10,10,0,0,0,0,0,8,7,8,7,8,7,8,8,7,7,8,7,1,16134
1023,8,11A217,28,40389,1,1,0,02,8,7,8,8,9,8,7,8,9,8,8,7,9,10,10,10,10,10,0,0,0,0,0,8,7,8,7,8,8,7,6,7,8,7,6,1,16134
1023,3,11A224,29,40057,2,1,0,02,8,8,9,5,7,10,10,10,9,9,5,10,5,10,8,9,10,9,0,0,1,0,0,10,8,9,9,8,5,0,10,10,10,7,10,1,50846
1023,3,11A224,29,40057,4,1,0,02,5,5,10,7,9,6,10,8,7,9,10,8,7,5,7,7,9,6,5,0,2,0,3,4,2,8,9,2,7,9,8,5,5,10,8,1,25423
1023,3,11A224,29,40057,3,1,0,01,8,6,10,10,10,10,10,10,10,10,10,10,0,5,5,3,5,3,5,0,2,0,0,7,10,6,10,10,10,0,5,8,8,8,2,1,16949
1023,3,11A224,29,40057,1,1,0,01,9,10,10,9,10,9,10,10,9,10,8,9,8,4,4,8,10,9,5,5,1,0,0,10,8,8,9,8,9,3,10,10,9,9,2,1,16949
1023,7,11A218,29,40161,4,1,0,03,8,8,8,9,9,9,9,10,10,8,0,8,8,10,10,10,5,10,0,0,0,0,0,10,9,9,0,10,5,0,10,10,10,10,8,1,74276
1023,7,11A218,29,40161,3,1,0,01,10,10,10,8,8,7,9,10,9,9,10,8,9,8,9,9,9,10,0,0,0,0,0,9,9,8,8,7,8,7,9,9,7,8,8,1,27854
1023,7,11A218,29,40161,2,1,0,02,7,6,8,8,8,10,9,10,10,10,10,8,5,7,4,6,8,8,3,6,3,2,1,9,9,8,9,9,7,7,8,9,8,9,9,1,18569
1023,2,11A225,29,40280,1,1,0,01,8,5,3,5,2,5,5,8,7,6,8,2,5,7,7,2,0,5,2,3,7,5,5,0,5,5,0,5,0,0,5,10,5,8,5,1,22352
1023,2,11A225,29,40280,3,1,0,01,7,5,10,10,10,10,10,10,5,10,10,10,5,10,10,10,10,10,0,0,0,0,0,6,10,8,10,10,5,0,7,7,0,0,0,1,22352
1023,2,11A225,29,40280,4,1,0,01,7,8,7,8,8,8,8,9,9,9,10,9,8,6,5,7,7,8,3,4,3,2,0,7,7,7,7,8,7,2,7,5,5,5,5,1,14901
1023,1,11A226,29,40343,1,1,0,02,9,7,10,10,10,10,10,10,10,10,8,10,0,5,10,7,10,10,5,0,2,0,0,10,10,10,10,10,10,0,10,10,10,10,10,1,19002
1023,1,11A226,29,40343,3,1,0,01,9,9,10,10,10,10,10,10,10,9,5,8,0,10,9,6,8,10,0,1,3,0,0,8,8,10,5,10,10,0,10,7,8,5,5,1,38004
1023,1,11A226,29,40343,4,1,0,01,10,10,10,10,10,10,10,10,10,10,3,10,7,10,10,10,10,10,0,0,0,0,0,9,10,10,10,10,10,5,10,10,6,7,9,1,19002
1023,1,12A226,29,40346,4,1,0,01,7,8,8,9,10,8,9,9,9,9,7,8,6,5,7,7,7,3,2,3,2,3,4,9,8,10,9,8,9,6,8,7,7,8,9,1,19288
1023,1,12A226,29,40346,1,1,0,03,7,8,7,8,9,9,9,10,8,9,10,10,7,10,10,10,10,10,0,0,0,0,0,10,7,9,9,9,9,7,10,9,9,6,4,1,28932
1023,1,12A226,29,40346,3,1,0,02,5,5,3,5,2,5,5,8,7,6,8,2,5,2,5,0,5,5,7,5,5,0,5,0,5,5,0,5,0,0,5,10,5,8,5,1,28932
1023,1,12A226,29,40346,2,1,0,04,6,5,10,9,10,9,10,10,10,10,7,9,8,5,6,8,9,9,2,2,1,1,0,9,9,8,9,9,8,8,10,10,10,10,9,1,48220
1023,5,11B212,29,40350,3,1,0,01,10,9,9,8,10,9,9,10,10,9,10,9,5,8,5,6,7,6,2,4,3,2,3,9,9,10,9,9,8,5,10,10,6,5,7,1,21303
1023,5,11B212,29,40350,4,1,0,03,6,8,8,8,8,9,10,10,10,10,10,10,8,7,8,8,8,5,3,2,2,2,5,10,8,8,6,8,5,8,8,8,8,8,8,1,21303
1023,5,11B212,29,40350,1,1,0,02,9,9,9,9,9,10,10,10,9,9,10,9,7,6,8,8,10,7,3,2,1,0,2,9,10,10,9,9,8,7,10,10,9,8,8,1,42606
1023,4,11A223,29,40369,4,1,0,02,8,7,9,8,9,9,9,10,9,10,6,8,8,10,10,5,5,10,0,0,5,0,0,9,9,8,10,9,6,7,9,9,9,8,7,1,15104
1023,4,11A223,29,40369,3,1,0,03,8,7,8,8,9,9,9,9,9,9,9,8,6,7,8,8,8,7,2,2,2,2,1,8,8,7,8,9,9,9,9,8,8,8,9,1,37760
1023,4,11A223,29,40369,2,1,0,01,9,8,9,8,8,8,8,9,8,8,9,9,8,7,5,10,10,7,2,5,0,0,2,7,8,8,8,8,8,6,8,8,8,8,8,1,15104
1023,4,11A223,29,40369,1,1,0,01,9,8,10,10,9,9,10,10,10,10,9,10,9,7,7,7,7,7,3,2,2,2,2,10,10,10,10,10,10,10,10,10,10,8,9,1,15104
1023,4,11A223,29,40374,2,1,0,04,10,10,10,10,10,10,10,10,10,10,10,10,2,10,10,10,10,9,0,0,0,0,0,10,10,10,10,10,10,10,10,10,5,5,10,1,25401
1023,4,11A223,29,40374,3,1,0,03,7,8,10,8,10,10,9,9,10,9,1,9,10,5,5,4,4,5,5,4,6,5,4,7,3,7,5,7,5,0,7,9,7,7,7,1,25401
1023,4,11A223,29,40374,1,1,0,01,10,6,10,10,10,10,10,10,10,10,10,7,8,10,8,8,7,10,0,0,0,3,0,9,7,10,8,8,10,0,10,8,9,4,7,1,8467
1023,4,11A223,29,40374,4,1,0,01,8,8,8,9,10,10,10,10,9,9,10,9,8,10,9,5,8,9,0,1,5,2,0,8,8,9,7,8,8,8,8,10,9,8,9,1,8467
1023,6,12B211,29,40408,1,1,0,02,8,6,10,10,10,10,10,10,10,10,10,10,2,10,6,9,9,6,0,3,0,0,0,10,8,8,9,10,10,6,10,7,10,6,7,1,16800
1023,6,12B211,29,40408,2,1,0,01,10,10,10,10,10,10,10,10,10,10,10,10,0,10,10,10,10,10,0,0,0,0,0,10,10,10,10,10,10,4,10,10,8,8,7,1,16800
1023,6,12B211,29,40408,4,1,0,02,10,10,10,9,10,10,10,10,10,0,0,10,9,10,10,10,0,10,0,0,0,0,0,10,10,10,9,10,10,10,10,10,10,10,10,1,16800
1023,6,12B211,29,40408,3,1,0,02,5,5,6,8,8,9,8,10,9,8,10,9,7,7,4,7,7,6,2,5,3,2,3,6,7,7,7,6,0,7,8,6,10,8,8,1,33600
1023,8,11A217,29,40412,1,1,0,04,9,7,9,9,9,9,9,10,9,10,10,9,9,8,2,6,9,8,1,8,3,0,2,10,10,9,9,9,8,5,4,10,7,5,3,1,32537
1023,8,11A217,29,40412,4,1,0,01,7,5,3,5,8,8,8,10,8,8,5,5,2,7,9,5,5,10,0,1,3,0,0,6,8,5,10,5,5,3,7,8,5,3,0,1,8134
1023,8,11A217,29,40412,3,1,0,01,8,8,8,8,8,8,8,8,8,8,8,8,2,10,10,10,10,10,0,0,0,0,0,8,9,9,9,9,9,0,10,10,10,10,0,1,8134
1023,4,11A223,30,40019,3,1,0,02,8,7,10,9,10,10,8,9,10,6,9,9,3,9,9,8,9,6,0,1,2,0,0,8,8,9,9,9,7,3,9,8,6,5,6,1,21392
1023,4,11A223,30,40019,4,1,0,02,10,8,10,9,10,8,10,10,10,10,6,9,3,10,10,8,10,9,0,0,2,0,0,8,8,9,10,9,6,4,9,9,8,8,9,1,21392
1023,4,11A223,30,40019,1,1,0,01,10,10,10,10,10,8,9,9,10,8,9,9,8,10,7,7,8,9,0,2,3,1,0,9,10,9,8,9,9,6,9,8,7,9,10,1,7131
1023,4,11A223,30,40019,2,1,0,01,10,10,10,10,10,10,10,10,10,10,10,10,0,10,10,5,10,6,0,0,5,0,0,6,5,9,10,10,10,3,10,10,10,10,10,1,14261
1023,7,11A218,30,41027,2,1,0,01,8,7,9,7,10,8,9,10,10,9,5,7,2,4,4,4,4,3,5,5,6,6,3,9,6,8,9,8,7,6,8,7,5,6,6,1,26134
1023,7,11A218,30,41027,1,1,0,02,10,9,10,10,10,10,10,10,10,10,8,9,9,10,10,9,9,9,0,0,0,0,0,9,10,10,10,10,10,10,9,9,9,9,9,1,13067
1023,7,11A218,30,41027,3,1,0,01,10,10,10,10,10,10,10,10,10,8,10,10,0,10,10,8,10,8,0,0,2,0,0,10,9,10,10,10,10,7,10,10,10,8,7,1,6534
1023,7,11A218,30,41027,4,1,0,03,10,10,9,10,10,10,10,10,10,10,8,10,0,10,9,9,10,9,0,1,1,0,0,10,10,10,10,10,9,10,9,9,8,9,8,1,26134
1023,3,13A224,30,41088,2,1,0,02,10,10,10,10,9,9,9,10,10,10,10,10,0,9,9,9,10,10,1,1,1,0,0,10,10,10,9,9,9,10,10,10,9,9,9,1,15355
1023,7,11A218,30,41098,1,1,0,01,10,10,10,10,10,9,9,10,10,10,9,9,1,9,9,9,9,10,1,0,0,0,0,9,9,9,9,10,9,9,8,10,10,10,10,1,16134
1023,7,11A218,30,41098,2,1,0,01,10,10,10,10,10,10,10,10,10,10,10,10,0,9,10,10,10,9,1,0,0,0,1,10,10,10,9,10,9,9,9,9,9,8,8,1,8067
1023,7,11A218,30,41098,4,1,0,01,10,9,10,8,10,9,9,10,10,10,9,9,2,9,10,9,9,10,1,0,1,1,0,9,9,9,8,8,9,8,8,9,8,8,9,1,8067
1023,7,11A218,30,41098,3,1,1,01,10,10,10,10,9,10,10,9,10,10,7,9,0,10,9,8,9,9,0,0,1,0,0,9,9,9,9,10,7,9,9,9,9,9,9,1,8067
1023,3,11A224,30,41123,3,1,0,01,10,9,9,9,10,9,10,10,10,10,9,10,1,9,10,10,10,10,1,0,0,0,0,10,9,9,8,10,8,8,9,9,8,8,9,1,15944
1023,3,11A224,30,41123,4,1,0,01,10,9,10,10,10,10,10,10,10,10,8,9,1,10,10,10,10,10,0,0,0,0,0,9,10,9,9,10,8,8,8,8,9,9,9,1,31888
1023,3,11A224,30,41123,1,1,0,01,10,9,10,10,10,10,10,10,10,10,9,10,0,10,10,9,10,9,0,0,1,0,0,9,9,9,9,9,9,9,9,9,8,8,9,1,31888
1023,2,11A225,30,41186,3,1,0,01,10,10,10,10,10,10,10,10,10,10,10,10,7,10,10,8,10,10,0,0,2,0,0,10,10,10,10,10,9,8,10,9,9,9,10,1,7301
1023,2,11A225,30,41186,4,1,0,01,10,10,9,9,10,10,10,10,10,10,10,10,0,7,6,6,5,4,2,0,0,5,6,10,7,8,9,9,10,9,10,9,9,10,1,1,7301
1023,2,11A225,30,41186,2,1,0,03,7,7,10,8,10,10,10,10,10,10,10,8,7,10,10,8,10,10,0,0,0,0,0,10,10,8,10,10,10,10,10,10,10,10,10,1,21904
1023,2,11A225,30,41186,1,1,0,01,10,9,10,10,10,10,10,10,10,10,9,10,0,10,10,10,10,10,0,0,0,0,0,9,10,9,9,10,10,10,9,9,9,10,10,1,7301
1023,6,12B211,30,41190,2,1,0,02,9,10,10,10,10,10,10,10,10,10,8,10,9,8,8,8,8,9,1,1,1,1,1,8,8,8,8,9,9,8,8,8,8,8,8,1,22262
1023,6,12B211,30,41190,1,1,0,01,9,9,9,9,10,9,10,10,10,9,7,10,7,10,10,10,10,10,0,0,0,0,0,8,10,10,10,10,10,5,10,7,8,10,7,1,11131
1023,6,12B211,30,41190,3,1,0,02,9,8,10,10,9,10,10,10,10,10,10,10,0,10,9,10,10,9,0,0,0,0,0,10,10,9,10,10,9,7,8,8,8,9,9,1,22262
1023,2,12A225,30,41249,2,1,0,01,10,10,10,10,10,10,10,10,10,9,9,10,0,10,10,10,10,10,0,0,0,0,0,10,9,9,9,10,10,9,9,9,9,9,9,1,8251
1023,2,12A225,30,41249,4,1,0,02,7,5,8,4,10,9,9,7,10,10,9,10,0,9,9,7,7,7,0,0,2,2,3,7,9,8,8,10,4,5,9,2,8,7,8,1,24753
1023,2,12A225,30,41249,3,1,0,02,9,9,8,8,8,10,10,10,8,8,8,8,1,8,8,8,8,8,1,2,1,1,1,9,8,8,8,8,9,9,9,9,9,9,9,1,16502
1023,6,11B211,30,41288,3,1,0,03,10,9,10,10,10,10,10,10,10,10,7,10,0,10,10,10,10,10,0,0,0,0,0,10,10,10,10,10,10,9,9,9,9,9,9,1,15805
1023,6,11B211,30,41288,1,1,0,01,8,8,10,8,10,9,10,9,10,10,7,9,9,7,9,8,9,8,2,1,2,1,0,8,9,8,10,9,10,7,10,9,8,9,9,1,5268
1023,6,11B211,30,41288,4,1,0,01,10,9,9,9,10,10,10,10,10,10,5,9,6,10,10,10,10,10,0,0,0,0,0,9,10,8,10,9,8,7,10,8,7,9,7,1,15805
1023,6,11B211,30,41288,2,1,0,01,10,10,10,10,10,10,10,10,10,10,9,10,1,10,10,10,10,10,0,0,0,0,0,10,10,10,9,10,10,10,10,10,10,10,9,1,5268
1023,1,12A226,30,41312,2,1,0,01,10,9,10,10,10,10,10,10,10,10,8,10,0,10,10,10,10,10,0,0,0,0,0,10,10,10,10,10,8,10,9,9,10,10,10,1,13026
1023,1,12A226,30,41312,3,1,0,01,10,10,10,10,9,10,10,10,10,10,8,9,0,9,9,5,10,10,1,1,5,0,0,9,9,10,10,10,8,8,10,10,9,10,10,1,13026
1023,1,12A226,30,41312,1,1,0,01,10,10,10,10,10,10,10,10,10,10,10,10,8,6,10,6,6,6,4,0,3,3,3,10,10,10,10,10,10,5,10,10,10,10,10,1,32565
1023,5,11B212,30,41320,1,1,0,01,9,9,10,8,10,10,10,10,10,10,10,10,1,10,9,8,9,10,0,0,2,0,0,10,10,9,10,9,10,8,9,8,8,8,5,1,14491
1023,5,11B212,30,41320,2,1,0,01,8,8,5,5,8,9,10,10,10,10,10,10,8,6,10,9,10,5,4,0,1,0,0,9,9,10,10,8,8,9,10,10,10,10,7,1,28981
1023,5,11B212,30,41320,3,1,0,01,10,10,10,10,9,10,10,10,10,10,8,10,0,10,9,10,9,10,0,0,0,1,0,10,10,9,10,9,10,8,9,9,9,9,9,1,14491
1023,5,11B212,30,41320,4,1,0,01,10,9,9,10,9,9,9,9,8,8,9,8,2,8,8,8,8,8,2,2,2,0,1,8,8,9,9,8,8,8,8,9,9,9,9,1,14491
1023,4,12A223,30,41369,3,1,0,01,10,9,10,10,10,10,10,10,10,10,9,10,0,9,10,9,10,10,1,0,1,0,0,9,9,9,9,10,9,9,9,9,9,8,9,1,17097
1023,4,12A223,30,41369,1,1,0,01,10,10,10,9,10,10,10,10,9,9,8,10,0,9,9,8,9,9,1,1,2,1,0,8,9,8,8,8,9,8,8,9,9,9,9,1,5699
1023,4,12A223,30,41369,4,1,0,01,10,10,10,10,10,10,10,10,10,10,9,10,1,10,10,10,10,10,0,0,0,0,0,10,10,10,10,10,10,9,8,9,8,9,9,1,5699
1023,8,13A217,30,41378,2,1,0,01,10,9,10,10,10,9,10,10,9,10,8,9,2,8,9,9,9,8,2,1,1,0,1,9,8,9,9,9,9,8,8,9,9,9,9,1,7401
1023,8,13A217,30,41378,1,1,0,01,10,9,10,10,8,10,10,10,10,10,7,10,0,10,9,9,10,10,0,1,1,0,0,9,10,9,10,10,8,9,9,9,9,9,9,1,22202
1023,8,11A217,30,41408,2,1,0,01,9,10,10,10,10,10,10,10,10,10,8,9,0,9,9,10,10,10,1,1,0,0,0,9,9,9,8,10,9,9,9,9,9,9,9,1,6195
1023,8,11A217,30,41408,3,1,0,01,10,9,10,10,9,9,10,10,10,10,9,10,0,10,10,10,10,10,0,0,0,0,0,10,10,9,9,10,9,8,9,9,8,8,9,1,6195
1023,8,11A217,30,41408,4,1,0,01,10,10,10,10,10,10,10,10,10,10,9,10,0,10,10,10,10,10,0,0,0,0,0,10,10,10,10,10,10,9,9,9,9,9,10,1,6195
1023,5,12B212,30,41415,1,1,0,02,10,10,10,8,9,10,10,10,10,10,9,9,3,8,8,8,9,9,1,2,2,1,1,9,9,9,9,9,9,9,9,9,8,8,9,1,13377
1023,5,12B212,30,41415,4,1,0,02,9,10,10,10,10,10,10,10,9,9,7,8,8,9,9,9,9,9,1,1,0,0,0,9,9,9,9,10,10,9,10,9,8,8,9,1,20066
1023,5,12B212,30,41415,2,1,1,02,8,6,8,8,10,9,8,10,10,9,0,9,10,5,3,1,5,4,3,6,8,2,6,9,7,9,9,8,4,2,10,8,9,8,6,1,20066
1023,5,12B212,30,41415,3,1,0,01,10,9,10,10,9,10,9,9,9,10,9,9,2,9,9,9,9,9,1,1,1,0,0,10,10,8,8,9,9,9,8,9,9,8,8,1,20066
1023,3,12A224,31,40022,4,1,0,02,8,7,10,10,10,10,10,10,9,10,9,10,0,10,8,10,10,10,0,2,0,0,0,10,10,8,9,10,9,10,9,8,8,10,8,1,15934
1023,3,12A224,31,40022,3,1,0,01,10,8,10,10,10,5,5,8,10,8,2,8,8,8,9,4,5,9,1,0,5,3,1,10,9,8,10,9,5,10,9,8,9,10,9,1,7967
1023,3,12A224,31,40022,1,1,0,01,7,8,9,8,10,9,10,9,10,10,10,10,6,4,3,6,5,6,5,6,3,4,3,7,9,9,7,7,9,9,10,8,5,8,7,1,15934
1023,3,12A224,31,40022,2,1,0,02,10,5,10,10,10,9,10,10,10,10,8,10,0,10,10,10,10,10,0,0,0,0,0,10,10,8,8,10,10,3,9,9,10,10,10,1,39836
1023,7,12A218,31,40060,4,1,0,02,8,6,8,8,8,9,9,9,9,9,9,9,2,7,7,7,8,8,2,3,3,2,0,8,8,8,8,8,8,6,8,7,7,7,8,1,30731
1023,7,12A218,31,40060,3,1,0,02,7,10,9,10,10,10,10,9,10,5,9,2,8,6,5,9,10,5,4,5,1,0,5,10,10,9,9,9,9,10,9,10,10,10,6,1,15365
1023,7,12A218,31,40060,1,1,0,02,5,8,5,9,9,8,10,10,8,9,7,8,6,8,8,7,9,8,2,1,2,0,1,6,7,7,8,7,1,9,9,7,8,8,6,1,15365
1023,7,12A218,31,40060,2,1,0,02,8,8,8,8,9,9,9,9,9,9,10,9,8,8,8,7,8,8,1,1,2,1,0,8,7,9,8,8,8,8,9,10,9,8,7,1,7683
1023,2,11A225,31,40182,4,1,0,01,8,7,10,10,10,10,10,10,10,10,10,10,0,10,10,10,10,10,0,0,0,0,0,8,8,8,10,10,9,6,9,9,10,5,10,1,9534
1023,2,11A225,31,40182,1,1,0,02,7,7,8,8,10,8,8,8,8,10,10,10,0,9,9,8,10,10,1,1,1,0,0,9,8,9,8,9,10,5,9,9,8,8,8,1,19067
1023,2,11A225,31,40182,3,1,0,03,9,7,10,9,10,8,10,10,9,9,8,10,0,7,8,9,8,9,3,2,1,2,1,9,8,8,8,9,7,6,9,9,9,7,8,1,28601
1023,2,13A225,31,40187,3,1,0,01,6,6,7,7,7,8,8,7,7,8,4,8,4,6,6,4,5,6,4,4,5,5,3,4,4,7,4,8,2,7,2,3,7,7,7,1,9103
1023,2,13A225,31,40187,2,1,0,01,10,10,10,10,10,10,10,10,10,10,10,10,0,10,10,10,10,10,0,0,0,0,0,10,10,10,10,10,10,10,10,10,10,10,10,1,9103
1023,2,13A225,31,40187,1,1,0,01,7,7,7,5,5,7,7,3,5,7,0,5,5,5,4,3,5,5,5,6,7,5,0,5,5,5,5,7,3,5,7,5,5,5,5,1,18206
1023,2,13A225,31,40187,4,1,0,01,8,8,8,8,10,8,9,9,9,9,10,8,6,7,8,6,5,7,2,2,4,5,2,7,5,7,7,7,8,8,8,9,9,9,4,1,18206
1023,6,11B211,31,40256,2,1,0,01,9,8,9,9,10,9,9,9,10,9,5,9,7,6,6,5,7,7,4,3,4,3,2,9,8,9,8,8,7,8,9,8,8,8,9,1,15478
1023,6,11B211,31,40256,3,1,0,01,10,10,10,10,10,10,10,10,10,10,10,10,3,9,9,9,9,9,1,1,1,0,1,7,10,10,10,9,8,3,8,10,10,10,9,1,15478
1023,6,11B211,31,40256,4,1,0,03,9,8,10,10,10,10,10,10,8,10,8,9,5,7,6,6,6,6,3,3,3,3,3,10,10,10,10,9,8,8,9,8,9,8,7,1,30956
1023,6,11B211,31,40289,2,1,0,04,7,9,8,8,9,10,10,10,10,10,8,10,2,4,3,7,9,9,5,7,2,0,0,0,7,9,7,7,8,9,8,8,10,9,9,1,39448
1023,6,11B211,31,40289,1,1,0,01,7,6,8,8,8,8,8,8,7,8,4,7,7,7,7,7,7,7,1,1,2,2,0,8,7,8,7,8,7,6,7,8,7,7,7,1,15779
1023,6,11B211,31,40289,4,1,0,02,9,9,9,9,8,8,8,9,9,9,5,8,1,8,9,8,8,8,2,0,0,0,0,9,9,9,9,9,6,9,9,9,9,6,8,1,23669
1023,4,12A223,31,40304,3,1,0,02,8,8,9,9,9,8,8,8,9,9,2,9,6,7,6,5,7,7,2,3,5,2,2,8,7,7,7,8,6,6,9,6,6,8,8,1,16973
1023,4,12A223,31,40304,2,1,1,01,8,8,7,5,10,7,9,10,9,9,5,9,8,8,7,5,2,5,0,3,4,4,4,9,10,10,9,7,9,2,8,9,9,6,4,1,8487
1023,4,12A223,31,40304,1,1,0,01,7,0,9,9,10,10,8,10,8,10,10,5,7,6,4,5,6,4,3,6,4,4,0,8,8,7,0,10,8,5,5,0,5,10,5,1,8487
1023,1,11A226,31,40343,1,1,0,01,10,0,10,10,10,10,10,10,10,10,10,10,5,10,9,10,10,10,0,1,0,0,0,10,7,10,10,10,10,6,10,10,10,10,10,1,7619
1023,1,11A226,31,40343,3,1,0,01,9,8,8,10,10,9,9,10,10,10,10,10,0,8,7,8,8,8,2,2,1,1,2,10,9,9,9,8,9,8,8,10,8,7,6,1,7619
1023,1,11A226,31,40343,4,1,0,02,10,10,10,8,10,9,10,9,10,10,7,7,4,8,7,9,7,8,0,0,0,3,0,9,9,8,8,8,7,6,9,9,7,9,7,1,22856
1023,1,11A226,31,40343,2,1,0,02,0,5,10,10,10,9,9,9,9,0,0,9,0,7,7,7,7,6,2,2,2,2,3,8,9,8,8,8,8,7,8,7,7,8,8,1,22856
1023,1,13A226,31,40346,3,1,0,01,10,6,9,9,9,10,10,10,10,10,10,10,0,10,10,8,10,10,0,0,1,0,0,10,10,10,10,10,9,10,10,10,7,10,10,1,8414
1023,1,13A226,31,40346,1,1,0,01,10,9,10,10,10,10,10,10,10,10,10,10,3,6,7,9,5,7,3,2,1,0,0,10,10,10,10,5,9,6,10,10,10,6,5,1,8414
1023,1,13A226,31,40346,2,1,0,01,10,7,10,10,10,9,10,10,10,10,10,10,1,10,8,8,10,10,0,1,1,0,0,10,10,10,10,10,10,10,10,10,5,10,10,1,16827
1023,8,12A217,31,40377,4,1,0,01,10,10,10,10,10,10,10,10,10,10,10,10,0,10,9,9,9,10,0,1,1,1,0,5,10,10,10,7,10,0,10,10,10,5,10,1,7723
1023,8,12A217,31,40377,2,1,0,01,0,4,5,8,10,8,10,10,8,8,10,10,7,1,1,1,7,5,0,8,6,0,0,10,8,8,10,8,10,10,10,7,8,10,10,1,23169
1023,5,13B212,31,40384,4,1,0,01,10,10,10,10,10,9,10,10,10,10,10,10,0,10,10,9,10,10,0,0,1,0,0,10,10,10,10,10,10,5,10,10,10,10,10,1,10175
1023,5,13B212,31,40384,2,1,0,01,10,10,10,10,10,10,10,10,10,10,9,10,0,10,10,10,10,10,0,0,0,0,0,10,10,10,10,10,10,0,10,10,8,8,8,1,10175
1023,5,13B212,31,40384,1,1,0,01,8,8,9,9,10,10,10,10,10,10,10,10,5,6,6,6,6,6,4,3,3,3,4,8,8,8,8,8,6,7,9,8,8,8,8,1,30524
1023,5,13B212,31,40384,3,1,0,02,7,8,8,9,9,8,10,9,10,8,9,7,0,3,3,5,8,4,7,6,4,2,6,10,9,7,8,6,9,9,9,8,8,9,8,1,40698
1023,5,11B212,31,40386,1,1,0,03,7,7,10,9,10,7,9,10,10,10,0,9,7,6,6,5,6,5,4,4,5,4,0,7,7,7,9,9,6,4,7,7,9,5,5,1,27555
1023,5,11B212,31,40386,3,1,0,02,8,9,9,9,9,9,9,9,9,9,10,9,8,8,8,7,7,8,1,2,2,2,1,8,9,9,8,8,8,7,8,8,8,8,5,1,36740
1023,5,11B212,31,40386,2,1,0,01,10,10,10,10,10,9,10,9,10,10,0,10,5,9,9,9,10,10,1,1,1,0,0,10,9,10,10,10,10,6,10,10,5,9,8,1,9185
1023,5,11B212,31,40386,4,1,0,01,10,6,10,10,10,10,10,10,10,10,10,10,6,8,7,9,9,9,1,2,0,0,0,7,10,9,10,10,10,10,10,10,7,10,6,1,18370
1023,3,13A224,32,40055,4,1,1,01,8,6,5,5,10,10,10,5,10,10,8,5,5,2,4,4,5,4,2,6,6,4,5,10,5,10,5,10,5,2,10,10,10,5,8,1,9282
1023,3,13A224,32,40055,3,1,1,01,7,3,8,10,10,10,10,10,10,10,10,10,5,7,10,7,10,5,2,0,2,0,0,10,7,8,7,8,6,0,10,7,5,0,7,1,9282
1023,3,13A224,32,40055,1,1,1,01,8,8,10,10,10,10,10,10,10,10,8,10,8,8,8,7,6,8,2,2,3,3,2,10,10,10,10,10,10,4,10,10,8,10,8,1,9282
1023,7,12A218,32,40059,1,1,0,02,10,10,10,10,10,10,10,10,10,10,10,10,0,10,9,7,10,10,0,0,2,0,0,10,10,10,10,10,10,2,10,9,10,6,7,1,14068
1023,7,12A218,32,40059,4,1,0,04,7,7,8,7,7,9,8,9,7,9,2,8,7,8,8,7,9,8,1,2,2,1,1,8,7,7,8,7,5,2,8,8,6,4,4,1,21102
1023,7,12A218,32,40059,2,1,0,01,9,8,10,10,10,10,10,9,10,10,8,10,10,7,6,7,8,10,2,3,2,1,0,10,10,10,8,9,8,8,10,10,9,9,9,1,7034
1023,7,12A218,32,40059,3,1,0,01,8,8,7,8,8,7,7,8,10,9,7,8,7,6,6,5,6,7,4,3,4,2,2,7,9,8,8,8,7,4,8,8,8,7,6,1,7034
1023,3,11A224,32,40087,3,1,0,01,7,10,8,8,10,10,8,10,10,8,8,10,7,5,6,6,6,10,5,3,3,3,0,10,10,10,10,8,10,5,10,5,0,5,1,1,7989
1023,3,11A224,32,40087,1,1,0,02,7,8,9,10,10,6,10,10,8,7,10,8,10,5,6,4,5,4,5,4,5,4,5,7,8,10,10,8,10,10,10,10,8,10,10,1,15979
1023,3,11A224,32,40087,2,1,0,04,10,10,10,10,10,10,10,10,10,10,10,10,8,6,7,7,7,7,3,2,3,2,2,10,10,10,10,10,10,7,9,10,7,10,10,1,31957
1023,3,11A224,32,40087,4,1,0,02,8,8,8,8,9,8,8,8,8,8,7,8,7,7,8,8,7,8,2,2,2,2,2,8,8,7,9,8,7,6,6,9,8,7,7,1,15979
1023,6,13B211,32,40226,3,1,0,02,5,7,8,8,10,8,8,10,10,10,5,8,0,2,4,5,5,5,2,2,2,5,2,8,8,8,8,8,8,2,8,8,8,8,5,1,21626
1023,6,13B211,32,40226,1,1,0,02,10,10,10,10,10,10,10,10,10,10,10,10,0,10,10,5,8,9,0,0,4,0,0,10,7,10,10,10,10,5,10,10,10,10,8,1,32439
1023,6,13B211,32,40226,2,1,0,02,10,10,10,10,10,9,10,10,8,10,5,9,3,8,10,7,7,8,1,0,3,2,0,10,10,10,9,10,8,4,10,9,9,5,5,1,21626
1023,6,13B211,32,40226,4,1,0,02,8,8,10,9,10,9,9,10,10,10,8,8,8,5,5,6,6,10,5,5,4,4,0,7,6,10,10,8,8,2,6,10,10,10,6,1,43252
1023,2,12A225,32,40249,1,1,0,01,8,5,9,10,10,10,7,7,8,5,10,9,8,5,4,3,4,4,0,6,6,5,5,8,0,9,7,4,10,0,4,3,8,10,10,1,5560
1023,2,12A225,32,40249,3,1,0,03,10,10,10,8,9,8,9,8,10,10,9,8,10,10,5,4,10,9,0,5,6,0,0,9,9,8,10,7,8,6,9,10,8,8,9,1,16681
1023,2,12A225,32,40249,2,1,0,01,7,7,6,6,8,8,6,6,6,6,10,6,6,5,8,8,8,6,5,0,0,0,0,5,5,5,8,7,8,6,7,6,8,8,8,1,5560
1023,2,12A225,32,40249,4,1,0,01,9,8,9,10,10,8,10,10,9,10,10,10,8,7,3,7,5,10,2,6,2,0,0,10,10,9,10,10,10,8,10,10,10,8,6,1,5560
1023,4,12A223,32,40306,2,1,0,02,10,10,10,10,10,10,10,10,10,10,0,10,1,9,7,9,10,10,1,1,1,0,0,10,10,10,10,10,10,8,10,10,10,10,10,1,12797
1023,4,12A223,32,40306,4,1,0,04,8,6,9,9,9,9,9,10,10,10,9,9,5,9,8,8,9,9,0,2,1,1,1,9,10,8,9,10,5,9,9,7,8,10,7,1,31994
1023,4,12A223,32,40306,3,1,0,01,8,8,8,10,10,10,10,10,10,10,10,10,10,5,5,10,7,5,5,5,0,2,0,10,10,10,10,10,10,0,10,10,10,10,10,1,6399
1023,8,13A217,32,40349,1,1,0,01,9,9,9,9,9,8,9,9,8,9,8,8,8,6,6,5,5,6,3,4,5,5,3,10,9,9,9,9,9,5,9,9,8,7,7,1,29975
1023,8,13A217,32,40349,4,1,0,02,10,8,10,5,9,10,10,9,8,8,10,8,7,10,10,10,10,10,0,0,0,0,0,10,10,9,10,8,10,7,10,10,10,5,4,1,59951
1023,8,13A217,32,40349,2,1,0,01,7,8,9,9,9,9,9,9,9,9,8,8,2,7,8,7,9,9,3,1,2,0,0,7,6,7,7,8,0,0,8,8,8,0,0,1,14988
1023,5,12B212,32,40385,4,1,0,02,8,8,7,8,10,6,10,10,10,10,10,10,7,4,5,0,5,6,5,5,5,5,4,8,8,9,9,9,9,6,8,8,8,7,7,1,15178
1023,5,12B212,32,40385,3,1,0,01,8,8,8,9,10,9,9,8,8,9,9,8,4,7,7,7,8,7,3,3,2,1,2,8,8,8,9,8,9,6,10,9,9,8,10,1,15178
1023,5,12B212,32,40385,2,1,0,01,5,8,9,5,10,10,10,10,10,10,10,10,10,5,5,4,5,5,0,5,6,0,5,10,10,10,10,5,10,0,10,10,10,0,5,1,15178
1023,5,12B212,32,40385,1,1,0,01,5,5,8,8,10,10,10,10,10,10,5,10,6,4,5,5,6,6,5,4,5,4,3,6,9,9,8,10,5,6,8,10,10,6,2,1,7589
1023,1,12A226,32,40410,3,1,0,01,10,10,10,10,5,10,10,10,10,10,10,10,10,7,7,9,8,7,2,2,1,2,2,5,10,5,10,9,5,5,2,10,5,5,5,1,13812
1023,1,12A226,32,40410,2,1,0,01,10,10,10,10,9,10,10,10,10,10,8,9,2,10,5,7,10,5,0,0,2,0,0,10,10,10,10,9,8,2,8,10,10,2,9,1,13812
1023,1,12A226,32,40410,1,1,0,01,9,9,9,8,9,7,9,9,9,9,9,8,4,8,7,8,6,6,1,3,2,3,2,10,10,8,10,10,8,3,8,8,8,3,5,1,34529
1023,1,12A226,32,40410,4,1,0,03,10,10,10,10,10,10,10,10,10,10,10,10,8,6,9,7,9,10,4,1,2,1,0,8,10,10,10,10,10,3,10,10,7,8,8,1,20718
1023,8,11A217,32,40413,1,1,0,02,10,10,10,8,10,9,10,10,10,10,10,10,7,10,10,10,10,10,0,0,0,0,0,10,10,10,10,10,10,5,10,10,10,5,10,1,12100
1023,8,11A217,32,40413,3,1,0,01,10,5,10,10,10,10,10,10,10,10,0,10,5,10,10,5,10,10,0,0,0,0,0,10,8,10,10,5,5,0,10,10,10,5,10,1,24201
1023,8,11A217,32,40413,2,1,1,01,9,6,10,10,10,10,10,10,10,10,10,10,8,10,10,10,10,10,0,0,0,0,0,10,10,10,10,10,10,0,10,10,10,5,7,1,12100
