PER,N_ENT,FOL,ENT,CON,V_SEL,N_HOG,H_MUD,N_REN,P1,P2,P3_1,P3_2,P3_3,P3_4,P3_5,P3_6,P3_7,P3_8,P3_9,P3_10,P3_11,P4_1,P4_2,P4_3,P4_4,P4_5,P4_6,P4_7,P4_8,P4_9,P4_10,P5_1,P5_2,P5_3,P5_4,P5_5,P5_6,P5_7,P5_8,P5_9,P5_10,P5_11,P5_12,TIPO,FAC_MOD
1024,1,11A232,01,40091,1,1,0,01,10,10,10,10,10,10,9,10,10,10,10,10,8,9,8,7,6,5,0,1,2,4,5,9,9,10,10,10,7,3,8,9,9,7,3,1,15905
1024,1,11A232,01,40091,2,1,0,01,8,8,8,8,10,6,7,10,8,8,8,1,5,8,8,8,8,8,0,0,2,0,0,10,10,10,10,10,10,7,5,10,7,10,10,1,7952
1024,1,11A232,01,40091,3,1,0,02,7,5,8,5,10,10,7,10,10,10,6,7,10,6,3,3,5,6,4,7,6,0,4,6,8,9,9,8,3,1,7,9,8,9,7,1,15905
1024,1,11A232,01,40091,4,1,0,02,10,3,9,10,10,9,10,10,10,10,9,10,5,5,6,5,5,10,0,4,4,5,0,8,8,9,9,9,8,8,10,10,10,10,10,1,15905
1024,1,11A232,01,40095,2,1,0,03,10,9,10,10,10,10,10,10,10,10,10,10,10,5,5,5,10,6,0,5,5,0,3,8,5,5,5,8,5,5,9,5,8,10,8,1,29975
1024,1,11A232,01,40095,1,1,0,04,5,8,9,9,10,8,10,9,9,10,10,10,10,6,5,7,6,7,3,4,2,4,3,9,9,10,9,10,10,8,10,5,10,10,10,1,59949
1024,1,11A232,01,40095,3,1,0,01,10,10,10,10,10,10,9,10,10,10,9,10,3,10,10,9,9,9,0,0,1,1,1,10,10,10,10,10,8,8,10,8,7,10,10,1,9992
1024,1,11A232,01,40097,3,1,0,02,10,10,8,10,10,10,10,10,8,10,10,10,1,5,5,5,6,6,5,5,0,0,0,10,10,10,8,9,10,9,10,10,10,9,8,1,34257
1024,1,11A232,01,40097,4,1,0,01,8,10,8,7,10,10,10,10,10,10,10,10,10,5,8,5,8,10,2,0,5,0,0,8,7,7,9,8,9,10,8,9,6,10,10,1,8564
1024,1,11A232,01,40097,1,1,0,03,9,9,10,8,10,10,10,10,9,10,8,6,7,10,10,10,10,10,0,0,0,0,0,10,10,7,10,8,10,8,10,10,10,10,10,1,34257
1024,1,11A232,01,40108,4,1,0,02,9,6,9,10,7,10,10,10,10,9,7,8,2,6,7,5,5,5,4,2,4,5,4,7,7,7,7,10,6,6,7,7,9,10,5,1,25288
1024,1,11A232,01,40108,3,1,0,04,9,7,10,10,10,10,9,9,8,9,9,9,8,7,5,5,8,7,2,5,5,2,2,10,10,8,8,10,9,8,9,10,10,10,7,1,50575
1024,1,11A232,01,40108,2,1,0,01,10,10,9,8,10,10,10,10,10,8,7,10,3,10,3,6,8,8,0,2,3,1,1,10,5,10,5,2,8,5,9,10,9,10,7,1,8429
1024,1,12A232,01,40117,3,1,0,02,9,9,9,9,10,10,10,10,10,10,10,10,1,10,10,10,10,10,0,0,0,0,0,10,9,10,10,10,10,9,10,10,10,10,8,1,22015
1024,1,12A232,01,40117,2,1,0,02,10,10,10,10,9,10,10,10,10,10,8,10,2,9,8,8,9,7,1,0,1,1,1,10,8,10,9,9,9,8,9,9,10,10,8,1,14676
1024,1,12A232,01,40117,1,1,0,01,10,10,10,10,10,10,10,10,5,10,0,5,5,8,8,6,6,7,1,0,1,0,0,10,10,10,6,6,6,0,8,8,9,0,0,1,14676
1024,1,12A232,01,40117,4,1,0,02,9,9,4,9,9,10,10,10,10,5,6,9,5,10,10,10,10,10,0,0,0,0,0,10,10,10,10,10,10,10,10,10,10,10,10,1,14676
1024,1,12A232,01,40127,4,1,0,03,10,10,10,10,10,10,9,9,10,8,10,10,2,10,9,9,9,9,0,1,1,1,1,10,10,10,10,10,10,10,10,10,10,10,10,1,25203
1024,1,12A232,01,40127,2,1,0,02,10,10,10,10,10,10,10,10,10,10,10,10,5,10,10,10,10,10,0,0,0,0,0,10,10,10,10,10,10,10,10,10,10,10,10,1,25203
1024,1,12A232,01,40127,1,1,0,01,5,5,5,10,10,5,10,10,10,5,7,10,10,10,10,5,7,8,0,0,0,2,2,10,5,10,10,10,10,10,5,10,10,10,10,1,8401
1024,1,12A232,01,40127,3,1,0,02,9,8,10,8,10,10,10,8,10,8,10,10,0,7,10,6,9,10,2,0,3,1,0,10,8,10,10,8,10,7,8,10,10,8,8,1,25203
1024,1,12A232,01,40130,1,1,0,02,10,10,10,8,10,10,9,9,9,9,5,8,3,7,7,5,5,7,2,2,4,5,3,9,7,9,8,9,8,5,9,9,9,9,5,1,31605
1024,1,12A232,01,40130,3,1,0,01,8,8,8,8,10,10,10,10,10,10,10,10,9,10,9,9,5,10,0,1,1,5,0,8,6,9,9,9,9,6,10,10,10,6,6,1,12642
1024,1,12A232,01,40130,4,1,0,02,8,8,9,9,10,8,9,8,9,10,10,9,7,7,7,5,5,7,2,2,5,0,0,8,7,9,9,9,7,9,8,8,8,8,8,1,12642
1024,1,12A232,01,40130,2,1,0,03,10,10,10,10,10,10,10,10,10,10,9,10,9,5,10,10,10,5,1,0,0,0,0,10,9,9,10,10,9,7,10,10,7,8,9,1,25284
1024,1,12A232,01,40134,1,1,0,01,9,9,8,8,9,8,10,10,10,9,3,9,7,7,8,8,7,8,2,0,0,0,0,7,8,9,6,8,8,7,10,7,7,8,8,1,9010
1024,1,12A232,01,40134,2,1,0,01,10,10,10,10,10,10,10,10,10,10,10,10,5,10,9,8,9,5,0,1,1,1,1,10,10,10,10,10,10,2,10,10,8,2,2,1,9010
1024,1,12A232,01,40134,4,1,0,01,10,10,10,10,10,10,10,10,10,10,6,10,5,7,4,7,10,10,0,5,2,0,0,9,8,9,9,8,8,10,10,10,10,10,7,1,18019
1024,1,13A232,01,40147,4,1,0,02,9,5,6,9,9,9,9,10,8,10,0,8,6,8,9,5,5,10,0,1,5,0,0,9,8,8,9,9,9,7,9,10,10,9,5,1,26285
1024,1,13A232,01,40147,3,1,0,02,10,10,10,10,10,10,10,10,10,5,10,10,10,10,10,10,10,10,0,0,0,0,0,10,10,10,10,10,10,5,10,10,10,9,5,1,26285
1024,1,13A232,01,40147,2,1,0,01,10,8,9,6,10,9,9,10,9,9,8,8,8,5,3,5,5,4,5,6,5,4,5,8,10,9,9,9,8,7,9,8,9,7,6,1,26285
1024,1,13A232,01,40149,3,1,0,01,7,7,9,5,10,5,10,10,5,10,10,10,5,10,10,5,8,9,0,0,5,0,0,10,9,9,8,3,3,7,1,9,9,9,5,1,10013
1024,1,13A232,01,40149,1,1,0,01,7,6,8,6,10,10,9,10,8,10,10,10,10,5,3,6,8,5,5,7,4,0,3,10,8,8,10,8,6,6,6,7,10,10,7,1,10013
1024,1,13A232,01,40156,2,1,0,01,10,10,10,10,10,10,10,10,10,10,10,10,1,10,10,10,10,10,0,0,0,0,0,10,10,10,10,10,10,10,5,10,10,10,10,1,10912
1024,1,13A232,01,40156,4,1,0,02,8,6,10,10,10,8,9,10,10,10,8,8,7,10,5,7,7,10,0,2,3,0,0,8,10,8,8,7,8,3,8,6,7,4,7,1,32736
1024,1,13A232,01,40156,3,1,0,01,6,6,10,9,9,10,6,10,10,9,7,8,7,3,2,4,6,3,6,6,6,2,2,3,8,4,8,5,5,5,8,3,9,9,4,1,21824
1024,1,13A232,01,40156,1,1,0,01,6,6,9,9,9,9,9,9,9,9,10,10,1,10,10,5,8,9,0,0,5,0,0,6,6,6,6,9,8,7,8,6,8,8,8,1,10912
1024,1,13A232,01,40162,2,1,0,02,7,7,10,10,8,8,10,10,5,10,10,10,10,6,6,6,4,6,3,3,3,6,3,7,8,10,8,8,10,5,10,10,10,5,5,1,21814
1024,1,13A232,01,40162,3,1,0,01,8,6,8,8,8,9,8,10,9,9,10,8,9,10,7,5,10,5,0,2,5,0,0,9,8,9,10,9,7,9,9,8,7,9,6,1,32722
1024,1,13A232,01,40162,1,1,0,01,10,10,10,10,10,10,10,10,10,10,10,10,5,10,10,5,10,5,0,0,5,0,5,10,10,10,10,10,10,10,10,10,10,10,10,1,10907
1024,1,13A232,01,40162,4,1,0,02,9,8,9,8,10,10,10,10,10,10,8,9,8,6,3,5,9,6,0,7,4,0,0,9,8,9,9,10,9,9,8,10,10,9,9,1,32722
1024,1,11A232,02,40087,4,1,0,02,10,10,7,10,10,9,10,8,10,10,10,10,10,8,5,5,8,4,1,4,5,1,5,8,7,8,9,8,8,7,8,7,7,6,8,1,18579
1024,1,11A232,02,40087,3,1,0,04,9,9,8,8,7,8,7,10,8,10,8,8,8,10,6,5,5,9,0,4,5,5,0,8,10,9,10,10,10,10,10,9,10,10,10,1,13934
1024,1,11A232,02,40087,2,1,0,02,10,10,10,10,10,10,10,10,10,10,10,10,5,10,10,7,5,10,0,0,2,5,0,10,10,10,10,10,10,5,10,10,10,10,10,1,9289
1024,1,11A232,02,40087,1,1,0,03,9,9,10,9,8,4,10,10,9,6,6,5,3,9,9,1,5,10,0,0,8,4,0,8,9,5,4,5,8,10,10,10,10,10,10,1,13934
1024,1,11A232,02,40093,3,1,0,01,10,2,10,10,10,10,10,10,10,10,10,8,10,5,10,6,10,5,5,0,4,0,5,10,8,8,10,6,8,8,10,10,10,10,10,1,10344
1024,1,11A232,02,40093,2,1,0,01,8,6,9,10,10,10,10,10,10,10,2,8,1,8,9,5,10,10,1,0,5,0,0,8,9,9,9,8,6,3,10,3,3,4,5,1,20687
1024,1,11A232,02,40093,4,1,0,03,7,0,6,8,10,6,9,7,9,10,8,9,8,7,6,4,8,9,0,3,6,0,0,7,8,8,8,8,8,5,9,9,6,8,9,1,31031
1024,1,11A232,02,40093,1,1,0,01,10,10,10,9,10,9,10,10,10,10,10,10,0,5,5,5,10,9,0,5,5,0,0,10,10,10,10,10,7,7,10,10,10,10,10,1,31031
1024,1,11A232,02,40097,4,1,0,01,10,10,10,10,10,10,10,10,10,8,6,10,0,10,10,8,10,10,0,0,1,0,0,10,10,10,10,10,5,0,10,5,10,9,10,1,8826
1024,1,11A232,02,40097,3,1,0,01,9,9,7,8,10,9,9,9,10,10,10,10,3,5,5,5,6,8,5,3,3,3,1,7,8,9,9,9,9,9,9,9,9,5,2,1,8826
1024,1,11A232,02,40097,2,1,0,03,10,8,10,10,10,10,10,10,10,10,5,10,2,6,7,9,10,10,4,2,1,0,0,8,10,10,10,10,5,3,3,8,5,4,4,1,26479
1024,1,11A232,02,40097,1,1,0,01,10,9,9,10,10,9,10,10,10,10,9,10,8,9,5,10,10,10,1,0,0,0,0,10,8,10,10,10,10,6,10,8,6,9,10,1,17653
1024,1,11A232,02,40101,4,1,0,01,10,10,9,9,10,10,10,10,9,9,7,8,8,10,9,10,10,10,0,1,0,0,0,8,8,7,8,9,10,3,10,7,8,7,5,1,16723
1024,1,11A232,02,40101,3,1,0,02,5,5,7,7,10,10,8,10,10,7,10,6,5,8,8,4,5,8,0,0,6,5,0,5,5,5,10,6,5,0,10,8,10,10,10,1,16723
1024,1,11A232,02,40101,2,1,0,01,8,7,8,7,7,8,9,9,9,9,9,9,7,7,10,7,9,10,0,0,0,0,0,9,7,8,7,8,7,6,8,9,7,7,6,1,58532
1024,1,11A232,02,40101,1,1,0,01,10,10,10,7,10,7,10,10,10,10,10,10,8,6,8,9,10,10,3,1,1,0,0,10,10,10,10,8,10,10,10,8,6,10,10,1,8362
1024,1,11A232,02,40113,2,1,0,02,8,1,8,10,9,8,10,8,9,10,8,10,8,9,5,4,8,6,0,4,5,0,4,8,8,9,9,9,9,3,10,8,8,9,8,1,13831
1024,1,11A232,02,40113,3,1,0,02,10,9,9,9,10,9,10,10,10,10,9,9,9,10,10,10,10,10,0,0,0,0,0,9,10,9,9,8,8,7,8,9,8,7,8,1,20746
1024,1,11A232,02,40113,1,1,0,01,10,8,9,10,10,10,10,10,10,10,7,10,5,7,7,9,10,8,2,0,0,0,1,9,8,10,6,10,5,0,10,8,6,3,10,1,27661
1024,1,11A232,02,40113,4,1,0,04,10,10,10,10,10,10,10,10,10,10,10,10,9,9,9,8,8,9,1,1,1,1,1,10,10,10,10,8,8,1,10,10,7,4,1,1,27661
1024,1,11A232,02,40123,3,1,0,01,0,0,5,10,7,10,10,0,10,10,0,0,0,10,5,8,0,4,0,0,0,0,0,8,8,10,0,8,10,0,8,10,3,10,10,1,6542
1024,1,11A232,02,40123,2,1,0,02,8,9,6,8,8,5,8,8,8,8,10,8,8,6,6,5,5,5,4,4,4,4,4,7,7,8,9,8,8,8,8,9,9,7,6,1,13083
1024,1,11A232,02,40127,1,1,0,01,9,9,10,10,9,9,10,10,10,10,10,10,5,10,10,10,10,9,0,0,0,0,0,10,10,10,10,10,10,10,10,10,10,10,10,1,19323
1024,1,11A232,02,40127,3,1,0,03,10,9,10,10,10,8,9,9,8,9,8,9,6,7,6,9,5,8,3,3,1,4,2,9,9,9,8,9,7,6,9,8,6,5,5,1,38646
1024,1,11A232,02,40127,2,1,0,01,10,10,10,10,10,10,10,10,10,10,9,5,3,10,7,8,10,10,0,3,1,0,0,10,10,10,10,10,10,10,10,10,10,8,8,1,28985
1024,1,11A232,02,40127,4,1,0,01,9,5,7,10,8,9,10,10,10,10,7,9,4,7,8,10,9,8,0,0,0,0,0,7,9,9,5,10,6,7,8,10,7,9,8,1,19323
1024,1,12A232,02,40132,3,1,0,02,9,10,10,10,10,10,10,10,8,10,8,10,9,7,7,9,9,8,3,2,1,1,0,9,9,7,9,9,8,8,10,9,9,8,8,1,17748
1024,1,12A232,02,40132,4,1,0,01,9,9,10,10,8,9,10,10,8,9,10,9,8,9,7,6,5,7,1,2,4,4,2,9,9,8,9,8,10,3,8,10,2,7,8,1,35496
1024,1,12A232,02,40132,1,1,0,01,10,10,8,8,10,8,10,10,9,10,10,10,7,10,10,10,5,10,0,0,0,0,0,10,10,10,10,9,10,10,10,10,10,10,10,1,8874
1024,1,12A232,02,40132,2,1,0,02,8,7,8,5,10,8,8,9,9,8,5,6,6,5,4,3,3,3,2,6,7,6,3,5,7,8,7,7,6,5,5,7,4,3,4,1,17748
1024,1,12A232,02,40136,2,1,0,04,9,9,8,7,10,5,7,8,9,9,5,3,10,5,3,3,6,1,5,6,3,2,3,8,3,6,7,9,10,9,10,5,1,8,9,1,47468
1024,1,12A232,02,40136,1,1,0,01,5,6,7,8,10,9,10,10,10,9,3,10,6,10,6,4,5,4,0,4,5,4,6,5,2,7,6,7,3,0,6,4,6,7,10,1,9494
1024,1,12A232,02,40136,4,1,0,01,7,7,10,10,10,10,10,10,10,10,10,10,9,5,8,8,10,10,0,0,1,0,0,10,7,10,10,10,10,5,10,8,10,9,10,1,9494
1024,1,12A232,02,40136,3,1,0,03,10,8,9,7,10,10,10,10,10,10,10,10,7,6,5,6,5,6,4,4,4,4,4,10,10,10,7,8,10,4,9,10,7,10,10,1,37975
1024,1,12A232,02,40139,4,1,0,01,8,8,7,7,9,9,9,9,10,10,7,7,3,4,5,5,7,5,3,4,4,2,4,7,7,7,8,8,6,8,9,9,9,8,10,1,16731
1024,1,12A232,02,40139,2,1,0,01,10,10,10,10,10,10,10,10,10,10,10,10,5,10,10,10,10,10,0,0,0,0,0,10,10,10,10,10,7,0,10,10,0,0,0,1,25096
1024,1,12A232,02,40139,3,1,0,03,10,9,10,10,10,10,10,10,10,10,10,9,0,8,8,7,9,9,1,1,2,0,0,8,9,10,10,9,0,5,10,10,9,9,5,1,25096
1024,1,12A232,02,40145,4,1,0,02,10,10,10,10,10,10,10,5,10,5,5,10,0,10,4,9,10,0,0,6,1,0,0,5,10,10,10,5,0,0,10,3,0,2,3,1,17444
1024,1,12A232,02,40145,2,1,0,01,8,7,8,7,10,10,10,10,10,10,10,9,2,8,8,5,4,5,2,1,5,5,2,8,7,9,7,6,10,7,9,10,6,5,5,1,26166
1024,1,12A232,02,40145,3,1,0,01,8,9,10,10,10,9,10,9,9,10,9,8,3,7,8,9,8,8,2,0,1,2,2,9,9,9,9,9,10,8,8,9,9,8,8,1,8722
1024,1,12A232,02,40145,1,1,0,01,10,10,10,10,10,10,10,10,10,10,10,10,0,5,5,6,6,10,5,5,4,4,0,10,10,10,10,10,0,0,1,8,8,0,1,1,26166
1024,1,13A232,02,40153,3,1,0,01,8,8,7,8,10,9,8,9,8,7,10,8,6,5,7,7,7,8,3,3,2,3,2,8,9,8,9,7,9,3,7,7,5,3,5,1,20811
1024,1,13A232,02,40153,4,1,0,01,10,10,10,10,10,10,10,10,10,10,10,10,0,10,10,10,10,10,0,0,0,0,0,10,10,10,10,10,10,10,10,10,10,10,10,1,20811
1024,1,13A232,02,40153,2,1,0,01,9,7,10,10,10,10,10,10,10,10,9,10,0,10,10,5,10,10,0,0,4,0,0,10,10,10,9,10,10,7,9,10,10,7,7,1,10406
1024,1,13A232,02,40156,2,1,0,02,8,7,10,10,10,10,10,10,6,10,6,10,0,8,7,0,5,7,2,2,8,0,0,10,9,10,8,10,7,2,10,9,9,3,3,1,19923
1024,1,13A232,02,40156,1,1,0,01,5,8,7,7,9,7,8,6,8,8,10,8,9,3,2,1,1,0,5,8,8,9,10,9,5,8,8,8,8,2,8,9,9,1,1,1,4981
1024,1,13A232,02,40156,4,1,0,01,8,8,8,8,10,10,8,8,9,10,8,8,5,5,8,7,7,8,4,0,3,0,0,8,8,8,7,10,8,0,8,9,8,0,2,1,4981
1024,1,13A232,02,40162,1,1,0,01,10,10,8,10,10,10,9,10,10,10,10,9,8,8,5,5,9,9,2,5,5,1,0,10,8,8,7,9,9,6,9,9,8,8,8,1,10736
1024,1,13A232,02,40162,4,1,0,02,9,9,9,10,10,10,10,10,10,10,10,10,8,9,9,7,10,10,0,0,3,0,0,10,10,10,10,10,10,0,10,10,3,0,3,1,42946
1024,1,13A232,02,40162,3,1,0,01,8,8,8,8,8,8,9,9,8,8,9,8,7,9,6,6,7,7,1,3,3,2,2,8,7,8,8,9,7,7,8,8,8,8,8,1,21473
1024,1,11A232,03,40078,4,1,0,02,5,5,5,5,9,5,5,9,10,5,3,5,10,9,7,7,9,5,0,3,3,0,0,5,0,9,9,0,6,3,8,10,10,10,8,1,20510
1024,1,11A232,03,40078,3,1,0,01,10,10,10,10,10,6,10,10,10,10,0,10,5,5,4,7,2,1,2,5,2,5,8,10,10,10,5,5,5,10,5,10,10,10,10,1,10255
1024,1,11A232,03,40078,2,1,0,04,10,10,8,9,10,10,10,10,10,10,10,9,8,6,8,8,7,7,4,1,1,2,2,9,10,9,9,10,9,8,9,10,10,10,10,1,41021
1024,1,12A232,03,40087,3,1,0,03,10,10,8,9,9,9,10,10,8,9,8,8,7,6,8,9,8,10,4,1,1,2,0,9,9,8,9,9,8,9,8,10,9,8,5,1,36245
1024,1,12A232,03,40087,4,1,0,01,10,10,10,10,10,10,10,10,10,10,6,10,3,10,10,10,10,10,0,0,0,0,0,10,10,10,4,10,10,10,10,10,10,8,9,1,9061
1024,1,12A232,03,40087,1,1,0,01,10,10,10,10,10,10,10,10,10,10,10,10,9,9,5,5,10,9,0,4,5,0,0,10,8,8,7,9,10,10,10,10,10,10,10,1,18122
1024,1,12A232,03,40091,1,1,0,01,10,0,10,10,10,10,10,10,10,10,10,10,0,5,5,6,10,10,0,0,4,0,0,10,7,10,10,10,10,10,10,10,10,10,10,1,8279
1024,1,12A232,03,40091,4,1,0,01,9,9,8,8,9,9,8,10,5,9,0,7,7,9,9,9,9,8,0,0,0,0,0,10,10,8,9,8,7,8,9,9,9,8,5,1,16558
1024,1,12A232,03,40091,2,1,0,01,10,7,9,10,10,10,10,10,9,9,10,8,1,5,7,10,10,10,5,0,0,0,0,10,7,9,10,10,10,5,10,6,9,9,9,1,24838
1024,1,12A232,03,40091,3,1,0,01,10,9,8,8,10,9,8,9,8,9,10,9,7,8,6,8,8,8,2,3,1,1,2,8,9,8,8,8,9,9,9,9,9,9,9,1,8279
1024,1,12A232,03,40097,2,1,0,03,9,9,8,9,10,10,10,10,10,10,6,9,6,5,4,3,3,2,3,2,4,5,3,9,9,8,9,9,5,5,7,9,9,8,6,1,40661
1024,1,12A232,03,40097,1,1,0,03,8,10,9,7,10,8,9,10,10,10,5,9,9,5,10,4,4,5,1,0,6,6,3,7,8,9,10,8,5,8,7,9,9,10,9,1,40661
1024,1,12A232,03,40097,3,1,0,01,8,8,8,9,9,9,9,8,9,9,9,8,8,9,9,9,8,10,0,1,1,0,0,8,9,8,8,9,9,9,8,9,9,10,8,1,13554
1024,1,12A232,03,40100,2,1,0,01,10,10,9,10,10,10,10,10,10,9,5,8,9,10,10,10,10,10,0,0,0,0,0,10,9,10,9,10,10,10,10,10,9,9,10,1,8464
1024,1,12A232,03,40100,3,1,0,01,10,10,10,10,10,10,10,10,10,9,10,10,8,10,10,10,9,10,0,0,0,0,0,10,10,10,10,10,10,7,10,10,8,10,10,1,16927
1024,1,12A232,03,40100,4,1,0,01,8,8,9,9,9,9,9,10,8,9,1,8,7,7,6,7,6,7,2,3,3,3,2,9,8,9,7,8,9,6,10,10,9,9,8,1,8464
1024,1,12A232,03,40100,1,1,0,01,5,3,6,6,10,8,8,8,10,9,10,6,7,8,6,7,8,6,1,3,3,1,3,9,8,7,8,7,3,10,6,8,9,10,10,1,25391
1024,1,12A232,03,40106,1,1,0,01,10,10,10,9,10,10,10,10,9,9,10,9,1,7,4,6,7,6,2,6,3,2,4,9,8,9,9,8,5,5,8,8,8,8,8,1,18410
1024,1,12A232,03,40106,3,1,0,03,9,8,7,10,10,9,10,9,10,9,7,8,3,9,6,5,5,6,1,4,5,0,0,9,10,10,7,9,8,7,10,10,9,8,7,1,27615
1024,1,12A232,03,40106,4,1,0,02,8,8,10,10,9,10,10,10,10,10,7,8,8,4,4,4,4,5,6,5,6,5,4,7,9,9,9,8,10,7,8,7,9,10,7,1,18410
1024,1,13A232,03,40123,1,1,0,01,8,8,8,7,10,7,8,8,9,8,9,8,9,5,3,3,5,0,5,7,6,5,5,8,5,8,7,8,8,8,7,8,8,8,6,1,11234
1024,1,13A232,03,40123,3,1,0,02,10,10,9,10,10,9,10,10,10,10,9,10,8,10,10,2,10,8,0,0,7,0,1,9,9,10,10,10,1,9,10,9,8,10,10,1,22468
1024,1,13A232,03,40123,2,1,0,02,10,10,10,10,10,9,10,10,9,10,10,10,8,9,10,10,10,10,1,0,0,0,0,10,9,10,10,10,10,8,10,10,10,10,10,1,33702
1024,1,13A232,03,40123,4,1,0,01,7,6,8,6,9,8,8,7,8,10,7,8,2,8,5,4,7,7,2,4,5,0,0,6,8,8,8,7,5,3,9,7,7,3,3,1,22468
1024,1,13A232,03,40130,1,1,0,02,4,7,5,8,8,9,6,8,9,5,7,7,9,5,6,3,3,6,3,3,3,6,3,5,4,4,6,5,5,4,8,8,8,8,7,1,22637
1024,1,13A232,03,40130,4,1,0,02,5,5,5,8,9,8,9,10,9,10,8,9,0,5,3,5,7,7,5,3,3,2,2,7,2,9,5,8,7,6,7,10,7,9,8,1,22637
1024,1,13A232,03,40130,3,1,0,01,8,9,9,9,10,10,10,10,10,8,8,9,8,9,9,7,7,8,1,1,3,2,1,10,8,8,8,8,9,7,10,8,8,7,7,1,11319
1024,1,13A232,03,40132,3,1,0,01,9,8,10,7,7,9,9,10,10,10,10,9,7,8,6,3,7,8,0,3,7,0,0,6,7,8,9,9,10,5,7,8,10,10,7,1,22634
1024,1,13A232,03,40132,2,1,0,01,9,10,10,8,10,10,10,10,9,9,10,10,8,10,10,7,10,9,0,0,2,0,0,10,9,10,10,9,10,8,10,9,9,8,0,1,33951
1024,1,13A232,03,40132,4,1,0,02,10,8,10,9,10,10,10,10,9,9,10,10,2,5,5,6,5,5,4,4,3,4,5,10,10,10,10,9,10,8,9,5,8,10,5,1,33951
1024,1,13A232,03,40139,3,1,0,01,10,10,10,10,10,10,10,10,8,10,10,10,0,10,4,7,10,7,0,5,0,0,0,10,7,10,9,10,10,5,10,10,5,5,5,1,19193
1024,1,13A232,03,40139,2,1,0,01,10,10,10,10,10,10,10,10,10,10,6,10,0,10,7,10,5,10,0,2,0,0,0,10,10,10,10,10,6,1,10,10,10,10,5,1,19193
1024,1,11A232,04,40082,1,1,0,01,10,10,9,9,10,10,10,10,10,10,10,10,10,10,7,7,10,10,0,2,2,0,0,9,10,10,10,10,10,2,10,9,10,4,6,1,8121
1024,1,11A232,04,40082,2,1,0,02,9,7,9,9,9,8,10,10,9,9,10,10,9,9,10,6,6,10,0,0,4,3,0,10,8,9,9,6,10,4,9,10,9,8,5,1,24362
1024,1,11A232,04,40082,4,1,0,02,10,10,9,7,10,10,7,8,9,9,10,3,10,10,10,7,3,10,0,0,2,0,0,10,9,10,10,4,9,9,7,9,8,10,10,1,16241
1024,1,11A232,04,40082,3,1,0,04,10,8,10,9,10,10,10,10,9,10,8,10,5,5,5,5,5,3,5,5,3,5,3,9,10,10,10,10,5,10,10,10,10,5,10,1,40603
1024,1,11A232,04,40094,1,1,0,01,10,6,10,10,10,10,10,10,10,10,10,10,7,6,8,6,10,9,0,0,3,0,0,7,7,9,9,8,10,6,8,7,7,6,8,1,23366
1024,1,11A232,04,40094,3,1,0,01,10,10,10,10,10,10,10,10,10,10,8,10,6,10,10,10,10,10,0,0,0,0,0,10,10,10,10,10,10,6,10,10,10,8,8,1,15577
1024,1,11A232,04,40094,4,1,0,01,7,5,5,7,10,8,7,8,5,8,10,8,3,5,5,6,5,0,5,5,3,5,5,7,2,5,5,5,8,2,10,4,7,7,2,1,15577
1024,1,11A232,04,40094,2,1,0,01,8,7,7,9,8,10,10,9,10,10,8,10,10,7,10,5,10,10,2,0,5,0,0,10,10,10,10,10,10,10,10,8,7,5,5,1,23366
1024,1,11A232,04,40098,2,1,0,02,10,8,10,10,10,10,10,10,10,10,10,10,8,10,7,10,10,10,0,2,0,0,0,10,9,10,10,10,10,7,10,10,10,10,9,1,29092
1024,1,11A232,04,40098,1,1,0,03,10,8,10,10,10,10,10,10,10,10,10,10,8,7,6,6,6,10,0,4,3,3,0,10,10,10,10,9,8,8,10,10,10,10,10,1,29092
1024,1,11A232,04,40098,3,1,0,01,8,6,9,9,9,9,9,10,6,9,10,9,5,10,6,6,6,10,0,4,4,4,0,9,5,8,8,9,10,8,10,8,10,10,10,1,7273
1024,1,11A232,04,40098,4,1,0,01,8,9,9,9,9,9,9,9,9,10,10,10,7,6,5,5,5,6,3,4,5,4,3,8,10,8,8,9,8,7,9,8,5,7,8,1,7273
1024,1,11A232,04,40100,3,1,0,01,2,10,8,9,10,10,10,10,8,9,10,10,9,10,10,8,9,9,0,0,0,0,0,10,0,10,10,8,8,10,10,10,6,10,10,1,23729
1024,1,11A232,04,40100,4,1,0,01,9,9,10,9,9,10,10,9,10,9,10,9,9,5,4,5,5,5,5,5,4,5,4,8,9,7,9,8,9,7,8,10,8,9,9,1,15819
1024,1,11A232,04,40100,2,1,0,01,9,9,9,10,9,10,9,8,10,10,8,9,8,8,8,9,8,8,2,1,1,1,0,8,10,9,9,8,10,9,9,8,7,9,5,1,7910
1024,1,12A232,04,40111,2,1,0,01,9,9,9,10,10,10,10,10,10,9,10,9,10,10,10,7,10,9,0,0,2,0,0,10,10,10,10,10,8,6,10,10,10,10,10,1,15043
1024,1,12A232,04,40111,4,1,0,02,10,10,10,10,10,10,10,10,10,10,10,10,9,10,10,10,10,10,0,0,0,0,0,10,10,10,10,10,10,5,10,10,8,5,5,1,15043
1024,1,12A232,04,40111,1,1,0,01,10,8,10,10,10,10,10,10,10,10,10,10,7,10,10,5,5,5,0,0,5,0,0,10,8,10,10,10,10,8,10,10,10,8,10,1,22564
1024,1,12A232,04,40111,3,1,0,02,10,9,10,10,10,10,10,10,10,10,5,10,0,5,10,9,10,10,3,0,1,0,0,8,8,9,10,10,10,0,10,6,6,4,5,1,15043
1024,1,12A232,04,40120,3,1,0,02,9,9,10,10,10,9,9,10,10,9,8,8,9,10,10,6,10,9,0,0,3,0,0,10,6,9,10,10,8,6,10,10,10,8,9,1,21321
1024,1,12A232,04,40120,4,1,0,01,10,10,10,10,10,10,10,10,10,10,8,9,7,3,7,5,5,10,5,2,5,2,0,10,10,8,10,9,10,4,10,10,8,10,8,1,7107
1024,1,12A232,04,40120,2,1,0,02,10,10,10,10,10,10,10,10,10,10,10,10,10,7,7,7,7,10,2,2,2,2,0,10,10,10,10,10,10,10,10,10,10,10,10,1,14214
1024,1,12A232,04,40120,1,1,0,01,10,10,10,10,10,10,10,10,10,10,10,10,10,10,10,5,7,10,0,0,5,2,0,10,10,10,10,10,10,8,10,10,10,9,10,1,14214
1024,1,12A232,04,40126,2,1,0,02,10,8,10,5,10,10,10,8,10,10,5,8,6,5,8,10,6,4,5,0,0,0,5,8,8,5,9,4,7,4,10,3,8,3,2,1,14566
1024,1,12A232,04,40126,1,1,0,02,8,7,9,9,8,9,9,10,8,9,10,9,9,10,9,7,10,9,0,1,3,0,0,7,8,9,8,9,8,8,9,8,9,9,9,1,14566
1024,1,12A232,04,40126,4,1,0,02,10,8,9,10,10,10,9,9,10,9,10,10,8,5,5,4,4,8,4,5,6,3,2,8,5,10,9,9,7,7,8,10,10,10,10,1,21850
1024,1,12A232,04,40126,3,1,0,02,10,10,10,10,10,10,10,10,9,10,5,10,8,8,8,9,9,9,2,1,1,1,0,10,10,10,10,10,9,9,10,9,10,9,9,1,14566
1024,1,12A232,04,40130,1,1,0,03,9,9,9,9,10,10,10,10,10,10,10,10,10,9,6,5,8,9,0,3,4,0,0,8,6,8,9,8,8,6,9,5,7,6,7,1,22901
1024,1,12A232,04,40130,3,1,0,01,9,4,10,10,10,10,10,10,10,10,10,10,9,5,5,5,5,5,5,4,4,5,5,10,10,10,10,10,10,10,10,10,10,10,10,1,15267
1024,1,12A232,04,40130,2,1,0,03,8,7,8,8,10,8,7,7,8,8,6,6,10,6,6,6,7,6,3,3,3,2,4,9,5,9,10,7,8,6,10,9,8,6,6,1,22901
1024,1,12A232,04,40130,4,1,0,01,10,10,10,10,10,10,10,10,10,10,8,10,0,9,9,6,6,8,1,1,2,0,0,10,10,10,10,10,5,3,10,10,10,8,8,1,7634
1024,1,13A232,04,40137,4,1,0,01,10,10,10,10,8,10,10,10,10,10,10,9,9,5,0,5,9,5,5,5,2,1,2,10,10,10,10,10,10,0,10,0,10,10,10,1,18486
1024,1,13A232,04,40137,2,1,0,01,10,10,10,10,10,10,10,10,10,10,8,10,10,6,10,7,10,10,4,0,2,0,0,10,8,8,8,8,8,8,8,10,9,8,9,1,12324
1024,1,13A232,04,40137,3,1,0,01,10,10,9,9,10,9,10,10,9,9,10,9,9,4,3,7,4,5,4,6,3,4,4,9,9,9,9,9,9,9,9,9,10,9,9,1,6162
1024,1,13A232,04,40139,1,1,0,01,9,8,10,10,10,10,10,10,7,10,0,10,0,8,7,7,9,8,2,2,2,0,0,10,6,9,10,10,10,7,9,7,5,5,9,1,21480
1024,1,13A232,04,40139,3,1,0,01,5,7,7,7,7,8,9,10,7,10,10,10,7,5,5,7,5,5,5,3,2,0,5,7,9,7,10,8,5,3,9,5,4,8,8,1,21480
1024,1,13A232,04,40139,4,1,0,02,8,7,8,8,9,9,9,10,10,9,8,6,7,7,5,10,10,5,2,5,0,0,0,10,8,9,8,9,10,8,9,10,10,8,8,1,21480
1024,1,13A232,04,40139,2,1,0,02,10,10,10,10,10,10,10,10,10,10,10,10,10,9,7,2,5,10,1,2,7,0,0,10,8,10,10,10,10,5,10,5,10,10,10,1,32220
1024,1,12A232,05,41236,4,1,0,01,9,9,9,9,10,10,10,10,10,10,10,10,0,9,9,9,10,10,0,0,0,0,0,10,8,9,10,10,9,9,10,10,9,10,5,1,18131
1024,1,12A232,05,41236,2,1,0,02,5,5,3,8,5,9,8,6,6,9,9,6,2,6,2,5,6,6,4,6,4,3,3,7,2,5,5,8,1,2,6,7,8,9,4,1,54393
1024,1,12A232,05,41236,3,1,0,02,10,7,10,10,10,10,10,10,10,10,10,10,0,7,7,5,7,7,2,3,5,2,3,5,5,8,10,10,10,5,10,5,7,5,5,1,18131
1024,1,12A232,05,41236,1,1,0,03,10,10,9,10,10,10,10,10,10,10,10,10,6,9,9,7,9,8,1,1,3,0,1,8,8,10,10,9,7,5,10,8,10,8,10,1,27196
1024,1,12A232,05,41238,3,1,0,02,10,10,10,10,10,10,10,10,10,10,10,10,2,10,10,10,10,10,0,0,0,0,0,10,10,10,10,10,10,9,10,10,10,8,7,1,25412
1024,1,12A232,05,41238,4,1,0,02,8,8,8,7,10,8,10,10,8,10,8,9,2,9,6,8,7,8,1,3,1,1,0,8,8,8,9,9,8,5,9,9,8,7,7,1,16941
1024,1,12A232,05,41238,2,1,0,02,7,7,8,8,9,10,10,9,9,10,10,9,7,10,8,8,10,6,0,2,1,0,4,8,8,8,9,8,7,5,8,7,8,9,10,1,25412
1024,1,12A232,05,41245,4,1,0,01,9,8,10,2,10,8,9,10,10,8,10,7,0,10,10,7,5,10,0,0,0,5,0,10,10,7,6,10,7,10,7,10,10,10,10,1,8302
1024,1,12A232,05,41245,1,1,0,03,10,9,8,10,10,9,9,10,9,8,5,8,1,8,8,6,5,8,1,1,4,5,1,10,10,8,8,9,10,9,10,10,9,8,6,1,24907
1024,1,12A232,05,41245,2,1,0,01,10,10,10,10,10,9,10,10,10,10,5,10,5,0,3,3,3,3,3,5,5,5,0,10,10,10,10,10,10,4,10,10,10,10,10,1,16605
1024,1,12A232,05,41245,3,1,0,01,10,10,10,10,10,10,10,10,10,10,8,10,0,10,7,9,10,9,0,2,0,0,1,10,10,10,10,10,10,6,10,10,10,10,10,1,8302
1024,1,13A232,05,41258,3,1,0,03,8,7,8,9,9,10,7,9,8,10,10,8,7,5,5,6,6,6,5,4,3,3,3,8,8,7,8,8,9,9,8,9,8,8,7,1,42189
1024,1,13A232,05,41258,4,1,0,01,10,10,8,10,9,10,10,10,10,9,10,10,7,6,5,5,8,8,4,5,5,2,0,8,8,9,10,9,10,7,9,10,10,7,6,1,10547
1024,1,13A232,05,41258,1,1,0,02,9,8,8,9,10,10,9,9,10,10,9,8,8,4,3,3,7,7,6,7,7,0,3,9,8,9,7,9,2,1,8,8,7,5,3,1,31642
1024,1,13A232,05,41258,2,1,0,01,9,9,8,8,8,8,8,8,8,8,8,8,2,9,9,9,9,9,1,1,1,1,1,8,7,9,8,8,8,5,8,8,8,8,8,1,42189
1024,1,13A232,05,41259,3,1,0,01,10,10,10,9,10,9,10,9,9,10,8,10,0,9,8,8,9,10,0,0,2,0,0,9,9,8,9,9,9,8,10,9,9,9,8,1,9087
1024,1,13A232,05,41259,2,1,0,03,8,9,10,8,10,8,10,9,7,10,10,8,3,8,6,6,8,8,1,4,3,1,1,10,9,10,8,7,10,8,8,9,9,8,8,1,27261
1024,1,13A232,05,41259,4,1,0,01,8,8,9,9,10,9,9,9,10,9,10,8,0,8,8,6,8,8,0,0,3,0,0,6,7,8,9,9,9,2,8,8,9,8,8,1,9087
1024,1,13A232,05,41262,1,1,0,01,10,10,10,10,10,10,10,10,10,10,10,10,9,8,5,9,6,8,1,5,0,0,2,10,8,10,10,9,10,10,10,10,10,8,9,1,22351
1024,1,13A232,05,41262,4,1,0,01,9,8,10,9,10,10,10,10,8,9,9,9,0,9,9,9,9,10,1,1,1,1,0,9,8,10,10,10,10,8,10,10,10,8,8,1,11175
1024,1,13A232,05,41262,2,1,0,01,8,5,9,10,10,9,10,10,10,10,10,10,10,5,7,6,8,7,4,3,3,1,2,8,8,7,9,9,9,9,9,10,9,8,8,1,67052
1024,1,11A232,05,41314,3,1,0,03,7,6,8,9,9,8,8,7,9,8,7,8,4,7,6,7,7,8,2,3,2,3,2,7,7,8,7,8,8,6,8,7,6,6,9,1,26156
1024,1,11A232,05,41314,4,1,0,02,10,10,10,6,10,8,9,10,7,10,10,9,7,5,6,6,7,7,0,4,3,2,3,10,8,8,10,8,9,0,9,10,10,8,8,1,17438
1024,1,11A232,05,41318,3,1,0,02,9,9,8,7,10,8,10,10,8,10,10,8,5,5,7,4,6,8,4,3,5,3,2,8,8,7,10,10,8,5,7,8,7,8,9,1,18996
1024,1,11A232,05,41318,2,1,0,01,10,9,10,10,10,9,9,10,9,10,10,10,3,10,7,9,9,10,0,1,1,1,0,10,9,10,9,10,9,0,10,10,7,9,10,1,18996
1024,1,11A232,05,41318,1,1,0,02,9,8,9,10,10,9,9,10,9,9,10,9,1,9,9,9,10,9,1,1,0,0,0,9,9,9,9,9,8,5,5,8,5,8,9,1,18996
1024,1,11A232,05,41318,4,1,0,01,10,10,10,10,10,10,10,10,10,10,10,10,8,10,8,9,10,10,0,2,1,0,0,10,10,10,10,10,10,10,10,10,10,10,10,1,28494
1024,1,11A232,05,41322,1,1,0,02,9,9,9,10,10,10,10,10,10,10,10,10,2,10,10,8,10,10,0,0,1,0,0,10,9,9,10,10,9,9,10,7,10,9,7,1,41834
1024,1,11A232,05,41322,4,1,0,01,9,9,9,9,9,9,9,9,8,9,9,9,8,8,8,8,8,9,1,2,1,1,1,9,9,9,9,9,9,3,9,10,9,9,5,1,16733
1024,1,11A232,05,41322,3,1,0,01,10,10,10,10,10,10,10,9,10,5,0,8,3,8,8,7,7,8,2,1,2,3,2,10,6,6,9,9,10,7,8,8,9,6,5,1,8367
1024,1,11A232,05,41322,2,1,0,01,10,10,10,10,10,10,10,10,10,10,8,10,1,8,7,6,8,9,2,2,3,1,0,10,10,10,10,10,6,4,9,10,6,9,10,1,16733
1024,1,11A232,05,41325,3,1,0,02,10,10,10,6,10,7,10,10,9,10,10,10,7,4,4,5,9,7,6,5,4,0,2,10,10,10,10,10,10,10,10,7,5,8,9,1,19015
1024,1,11A232,05,41325,2,1,0,01,10,6,10,10,10,10,10,10,7,10,10,10,10,7,7,6,7,9,3,3,4,2,1,10,8,10,10,8,10,10,10,10,10,10,10,1,28523
1024,1,11A232,05,41325,1,1,0,01,10,10,10,10,10,10,10,10,10,10,10,10,10,10,10,9,9,10,0,0,0,0,0,10,10,10,10,10,10,10,10,10,10,10,10,1,19015
1024,1,11A232,05,41325,4,1,0,02,10,10,10,10,10,10,10,10,10,10,7,10,9,6,6,5,5,5,4,4,4,4,4,10,10,10,10,10,10,10,10,10,10,10,10,1,19015
1024,1,11A232,05,41340,4,1,0,01,8,8,9,9,9,10,10,10,10,10,2,10,0,10,10,10,10,10,0,0,0,0,0,9,10,10,9,9,10,9,10,10,9,9,9,1,9306
1024,1,11A232,05,41340,3,1,0,04,10,10,9,10,9,8,10,10,8,10,10,10,7,5,2,7,8,9,5,8,3,0,0,10,10,9,10,9,3,0,10,10,2,0,0,1,46529
1024,1,11A232,05,41340,1,1,0,03,10,10,10,10,10,10,10,10,10,10,10,10,6,7,5,10,10,10,0,0,0,0,0,10,7,8,8,9,10,9,7,10,10,9,9,1,27918
1024,1,11A232,05,41340,2,1,0,02,8,5,6,8,9,10,9,8,10,9,4,10,2,8,7,9,10,8,2,1,1,0,0,8,9,9,10,9,9,8,9,9,4,7,8,1,27918
1024,1,12A232,05,41347,1,1,0,02,10,10,10,10,10,9,10,10,10,10,10,10,9,10,10,9,9,10,0,0,0,0,0,10,6,10,10,10,10,10,10,10,10,10,7,1,17733
1024,1,12A232,05,41347,2,1,0,01,10,8,10,10,10,10,10,10,10,10,9,10,2,7,6,9,8,9,2,4,1,1,1,7,7,9,9,10,10,8,8,8,6,7,5,1,8867
1024,1,12A232,05,41347,3,1,0,04,10,10,10,10,10,9,10,9,10,10,5,9,9,8,8,6,4,8,2,2,3,6,0,10,10,10,10,9,8,8,10,9,9,9,8,1,35467
1024,1,12A232,05,41347,4,1,0,01,10,10,8,8,10,10,8,10,10,8,10,8,5,10,7,5,10,5,0,2,5,0,0,10,10,10,8,8,9,7,9,10,10,10,9,1,17733
1024,1,12A232,05,41351,3,1,0,01,9,7,8,8,10,8,8,8,10,10,4,8,7,6,6,7,7,7,4,4,3,2,3,9,10,8,8,10,8,10,10,8,8,9,9,1,16109
1024,1,12A232,05,41351,2,1,0,04,10,8,10,9,10,10,10,10,10,9,10,10,0,7,9,10,9,9,3,1,0,0,0,10,9,9,10,10,10,5,10,10,7,8,10,1,32218
1024,1,12A232,05,41351,4,1,0,01,7,6,6,10,9,10,10,10,8,9,10,9,2,6,8,5,5,5,4,2,4,4,4,10,8,8,9,6,9,10,10,10,10,10,10,1,24163
1024,1,12A232,05,41353,3,1,0,01,8,5,8,10,10,10,10,10,10,10,0,10,5,6,2,5,8,6,4,7,5,0,3,8,8,7,8,9,9,5,5,8,8,7,7,1,8471
1024,1,12A232,05,41353,2,1,0,01,10,10,10,10,10,10,10,10,10,10,10,10,7,5,7,5,5,10,0,2,5,0,0,10,8,10,10,10,9,9,10,10,9,10,9,1,16942
1024,1,12A232,05,41353,1,1,0,03,8,10,10,10,10,10,10,10,10,10,10,8,8,5,4,7,7,7,5,0,2,3,0,10,10,10,8,10,10,8,10,10,10,10,10,1,33884
1024,1,12A232,05,41353,4,1,0,01,9,9,9,9,10,10,9,10,9,10,9,10,9,7,8,8,8,8,1,1,2,0,0,9,9,9,9,9,8,9,8,10,9,9,7,1,8471
1024,1,11A232,06,40086,1,1,0,01,8,9,8,9,9,8,8,9,8,8,8,8,8,5,5,5,4,4,5,5,5,5,5,8,8,8,9,8,8,8,8,8,8,8,8,1,18552
1024,1,11A232,06,40086,2,1,0,01,10,10,10,8,10,10,10,8,10,10,3,7,10,8,10,6,4,8,0,0,0,6,0,8,6,8,10,8,10,3,5,10,10,10,10,1,27829
1024,1,11A232,06,40086,3,1,0,01,8,8,8,8,10,10,10,10,10,10,10,10,5,6,6,9,10,8,4,3,0,0,0,7,8,7,9,9,5,7,9,8,6,6,6,1,18552
1024,1,11A232,06,40086,4,1,0,01,10,10,9,8,10,9,10,9,9,9,10,10,8,5,5,5,4,4,5,5,5,5,6,10,9,8,8,9,8,10,9,9,9,9,10,1,18552
1024,1,11A232,06,40091,2,1,0,01,10,10,10,10,10,10,10,10,10,10,10,10,10,8,8,8,9,9,1,2,1,1,1,10,10,10,10,10,10,10,10,10,10,10,10,1,8428
1024,1,11A232,06,40091,3,1,0,01,8,8,10,10,10,10,10,9,9,10,10,8,9,6,7,6,8,10,3,3,3,0,0,9,8,10,10,10,5,5,8,7,9,7,7,1,25284
1024,1,11A232,06,40091,1,1,0,01,9,9,10,10,10,10,10,10,10,10,0,10,10,10,10,10,10,9,0,0,0,0,0,10,10,10,10,10,10,10,10,10,3,0,0,1,25284
1024,1,11A232,06,40091,4,1,0,01,5,5,10,10,10,10,10,8,10,10,10,10,10,10,10,6,10,10,0,0,4,0,0,10,10,10,10,10,10,10,10,10,10,10,10,1,8428
1024,1,11A232,06,40095,2,1,0,02,8,8,8,8,10,8,9,9,9,9,9,10,10,8,7,5,5,5,2,3,4,5,5,9,9,9,9,8,8,8,8,8,10,8,8,1,17929
1024,1,11A232,06,40095,4,1,0,01,8,8,8,9,9,9,10,10,9,9,9,9,9,5,5,9,9,9,4,4,1,1,1,10,9,9,8,9,9,9,9,10,3,5,5,1,8964
1024,1,11A232,06,40095,3,1,0,01,10,10,7,5,8,8,10,10,7,10,9,9,9,4,4,7,6,9,5,3,2,3,1,10,10,10,10,10,10,9,10,10,10,10,10,1,8964
1024,1,11A232,06,40098,3,1,0,01,0,0,0,0,10,10,0,0,10,0,0,0,0,0,0,0,0,0,10,0,10,10,10,0,0,0,0,1,0,0,0,0,5,5,0,1,52808
1024,1,11A232,06,40098,1,1,0,01,10,10,10,9,10,10,10,10,9,10,9,9,8,9,5,5,5,10,1,5,5,5,0,10,10,9,10,9,10,10,9,10,8,9,10,1,26404
1024,1,11A232,06,40098,2,1,0,01,10,10,10,9,10,10,10,10,10,10,5,10,7,9,10,10,10,10,0,0,0,0,0,10,10,10,10,8,8,0,8,10,10,4,4,1,8801
1024,1,12A232,06,40117,3,1,0,01,8,8,9,8,8,8,9,8,10,7,7,10,10,9,5,7,8,8,1,4,3,1,1,8,8,7,7,9,5,6,7,7,10,7,7,1,8528
1024,1,12A232,06,40117,1,1,0,01,5,5,6,8,10,10,10,9,10,10,10,10,5,6,5,5,5,4,4,4,4,4,6,10,8,10,10,5,8,0,10,10,10,5,5,1,8528
1024,1,12A232,06,40117,2,1,0,04,8,9,9,2,8,10,8,10,9,5,10,7,9,5,6,9,4,7,5,4,1,5,0,8,10,7,9,5,7,8,7,2,9,9,6,1,34113
1024,1,12A232,06,40117,4,1,0,02,9,8,8,10,9,8,10,8,9,10,10,8,5,8,6,8,8,8,1,3,1,1,0,8,8,8,7,9,8,7,9,7,8,7,7,1,17056
1024,1,12A232,06,40121,3,1,0,02,10,8,9,10,10,10,10,10,7,10,10,10,5,5,4,3,8,4,5,6,7,2,6,7,9,10,10,10,10,7,10,7,10,10,8,1,22938
1024,1,12A232,06,40121,2,1,0,06,10,8,10,8,10,8,10,10,10,10,10,9,8,5,9,9,6,8,4,0,0,3,0,7,9,7,10,9,7,6,5,6,6,5,5,1,30584
1024,1,12A232,06,40121,1,1,0,02,9,9,9,9,9,8,9,9,9,9,9,9,10,7,6,6,6,7,3,4,4,4,3,9,9,9,10,10,9,6,10,10,10,10,9,1,15292
1024,1,12A232,06,40121,4,1,0,01,0,0,0,8,10,10,10,5,5,5,10,7,5,5,5,2,4,4,5,3,7,6,6,0,0,8,7,5,5,0,5,0,0,0,5,1,38230
1024,1,12A232,06,40124,1,1,0,05,9,9,9,9,10,10,10,10,10,10,9,10,0,10,10,10,10,10,0,0,0,0,0,10,9,9,10,9,7,7,10,10,8,8,7,1,36930
1024,1,12A232,06,40124,3,1,0,01,10,10,10,10,10,10,10,10,6,10,0,10,7,10,10,7,10,10,0,0,0,0,0,9,9,9,8,10,9,0,10,8,10,5,6,1,9232
1024,1,12A232,06,40124,4,1,0,01,9,9,9,9,9,9,9,10,8,8,9,9,8,6,6,5,5,7,4,3,4,4,3,9,5,9,9,9,6,5,9,10,9,8,6,1,18465
1024,1,12A232,06,40124,2,1,0,01,10,10,8,8,7,8,8,5,9,9,9,8,9,5,8,7,7,7,4,2,2,3,3,10,6,8,8,8,4,5,7,7,7,7,3,1,9232
1024,1,12A232,06,40137,4,1,0,01,10,10,10,10,9,10,10,10,9,10,10,10,9,7,6,8,6,6,3,3,2,4,4,10,10,10,10,10,9,10,10,10,9,8,8,1,17056
1024,1,12A232,06,40137,3,1,0,02,9,5,9,8,9,9,7,10,9,8,9,8,7,8,8,5,7,5,2,2,4,3,4,10,10,10,10,9,9,8,7,8,8,7,7,1,17056
1024,1,12A232,06,40137,2,1,0,01,10,8,10,10,10,10,10,10,10,10,10,10,7,10,10,10,10,6,0,0,0,0,0,10,10,10,10,10,10,2,10,10,8,10,10,1,25585
1024,1,12A232,06,40138,2,1,0,01,10,10,10,8,10,9,9,10,10,9,0,9,9,4,0,5,5,5,5,0,3,5,3,9,10,9,10,9,8,8,9,10,10,6,5,1,7990
1024,1,12A232,06,40138,1,1,0,01,10,10,10,10,10,10,10,10,10,10,10,10,1,10,10,10,10,10,0,0,0,0,0,10,10,10,10,10,10,9,9,9,9,9,9,1,7990
1024,1,12A232,06,40138,4,1,0,02,8,6,8,8,10,8,7,8,9,9,7,7,7,8,7,7,6,8,2,2,2,4,1,7,7,6,6,7,8,3,5,7,5,5,6,1,23969
1024,1,12A232,06,40138,3,1,0,01,7,7,9,9,10,10,10,10,9,9,5,10,10,7,7,5,7,6,2,2,5,2,3,9,6,9,7,7,8,7,7,7,9,7,8,1,23969
1024,1,13A232,06,40156,3,1,0,01,8,8,9,10,10,10,9,9,10,10,10,8,9,10,5,6,10,10,0,5,4,0,0,8,8,8,9,9,3,5,9,8,9,7,5,1,30262
1024,1,13A232,06,40156,1,1,0,04,8,7,10,10,10,9,9,9,9,9,9,10,10,7,5,7,6,8,2,4,3,4,1,10,10,10,10,10,10,10,10,10,10,10,10,1,45392
1024,1,13A232,06,40163,1,1,0,01,7,7,7,7,10,10,7,9,9,8,7,7,7,6,5,5,6,6,4,4,4,4,4,7,8,8,8,8,8,8,9,8,8,8,9,1,34683
1024,1,13A232,06,40163,4,1,0,01,10,10,10,10,10,10,10,10,10,10,8,8,10,6,6,6,9,9,3,3,4,1,1,10,10,10,10,10,10,10,10,10,10,10,10,1,34683
1024,1,13A232,06,40163,2,1,0,01,5,5,5,4,0,10,1,5,2,0,0,5,5,8,5,7,5,5,2,4,2,5,5,6,8,8,0,2,6,5,7,10,10,0,0,1,34683
1024,1,13A232,06,40163,3,1,0,01,9,9,10,10,10,10,10,10,10,10,10,10,10,9,2,9,9,10,1,0,0,0,0,10,10,10,10,10,10,7,10,10,10,7,6,1,23122
1024,1,13A232,06,40167,2,1,0,02,10,10,10,9,10,10,10,10,10,10,10,10,1,10,10,10,10,10,0,0,0,0,0,10,10,10,9,9,9,7,9,9,9,8,6,1,25493
1024,1,13A232,06,40167,4,1,0,03,10,8,10,9,10,10,10,10,10,10,10,8,9,10,10,5,9,10,0,0,5,0,0,9,9,9,10,10,9,8,8,9,9,8,7,1,25493
1024,1,13A232,06,40167,1,1,0,05,10,8,10,9,10,10,10,10,10,10,8,9,9,10,10,5,9,10,0,0,5,0,0,9,9,9,10,10,9,8,8,9,9,8,7,1,38240
1024,1,13A232,06,40167,3,1,0,02,10,10,10,10,10,10,10,10,10,10,10,10,4,7,5,5,5,5,2,5,5,0,0,10,10,10,10,10,10,2,10,10,10,10,8,1,25493
1024,1,11A232,07,40094,4,1,0,02,10,10,10,10,10,10,10,10,10,10,6,10,0,10,10,7,3,10,0,0,3,0,0,10,10,10,10,10,10,3,10,10,7,2,2,1,16681
1024,1,11A232,07,40094,3,1,0,03,10,8,9,9,10,10,10,10,9,10,9,8,9,4,6,5,5,4,6,4,5,5,5,9,8,8,9,8,8,9,9,6,9,7,8,1,16681
1024,1,11A232,07,40094,1,1,0,02,9,9,9,10,10,10,10,8,9,10,5,10,10,8,6,7,9,9,0,3,2,0,0,10,10,9,9,7,5,9,10,10,8,6,8,1,11121
1024,1,11A232,07,40094,2,1,0,02,9,9,9,9,10,9,10,10,10,10,10,10,9,10,10,7,10,10,0,0,2,0,0,10,8,10,10,10,8,4,10,10,10,10,10,1,11121
1024,1,11A232,07,40099,3,1,0,02,10,10,10,10,10,10,10,8,10,10,10,10,9,10,10,9,10,9,0,0,1,0,1,10,10,10,9,9,10,3,10,10,10,3,8,1,47511
1024,1,11A232,07,40099,1,1,0,02,5,5,9,9,10,5,9,5,2,10,10,8,3,2,5,4,5,2,2,3,6,3,2,6,5,6,8,4,3,6,7,8,8,5,5,1,23756
1024,1,11A232,07,40099,2,1,0,02,8,5,10,10,10,10,10,10,10,10,10,10,0,9,5,5,10,10,0,4,4,0,0,10,10,9,9,10,10,8,10,10,10,10,10,1,35633
1024,1,11A232,07,40099,4,1,0,03,7,5,6,6,10,10,10,10,10,10,10,10,0,10,8,10,10,10,0,1,0,0,0,7,7,9,8,10,10,6,8,10,10,8,8,1,71267
1024,1,11A232,07,40107,1,1,0,02,9,6,10,10,5,10,10,5,5,10,5,5,5,3,5,5,6,5,6,4,5,3,5,10,10,10,10,10,5,5,10,10,10,10,10,1,30095
1024,1,11A232,07,40107,3,1,0,03,10,10,7,10,10,9,10,10,10,10,8,10,1,10,10,10,5,5,0,0,0,5,0,10,8,9,5,10,9,10,10,9,10,6,4,1,22571
1024,1,11A232,07,40107,2,1,0,01,7,5,6,8,10,8,7,10,8,10,8,8,7,8,5,7,8,7,2,1,0,0,0,5,7,5,8,8,6,7,7,8,5,5,7,1,22571
1024,1,11A232,07,40107,4,1,0,01,5,2,7,6,10,10,10,10,5,10,5,8,9,5,4,3,5,5,5,5,6,4,4,5,5,10,2,6,7,3,9,8,8,1,1,1,7524
1024,1,11A232,07,40110,2,1,0,04,9,9,9,10,10,9,10,10,10,10,0,10,0,10,10,7,10,10,0,0,3,0,0,9,8,8,10,9,8,6,8,9,8,5,5,1,38160
1024,1,11A232,07,40110,3,1,0,01,10,10,8,10,10,10,10,10,10,10,8,10,10,5,5,6,7,8,5,5,4,2,2,8,10,8,5,5,8,3,8,8,5,10,10,1,9540
1024,1,11A232,07,40110,4,1,0,01,10,10,10,7,10,9,9,9,10,6,0,9,8,5,3,1,4,3,1,3,9,4,0,8,5,10,10,9,5,4,10,10,10,8,8,1,28620
1024,1,11A232,07,40110,1,1,0,02,9,9,10,10,10,10,10,10,10,10,10,10,7,9,7,7,10,8,1,2,2,0,0,8,7,5,9,0,10,5,10,10,10,10,9,1,38160
1024,1,11A232,07,40123,1,1,0,02,10,8,9,10,10,10,10,10,10,10,10,10,9,10,10,6,10,10,0,0,3,0,0,8,9,10,10,10,8,0,9,10,9,0,0,1,17929
1024,1,11A232,07,40123,2,1,0,01,9,9,10,8,10,10,9,9,10,9,3,9,0,7,9,8,10,8,0,1,2,0,0,9,8,9,9,9,7,0,8,10,5,5,7,1,17929
1024,1,11A232,07,40123,4,1,0,02,2,2,8,9,7,5,9,10,8,4,7,1,7,8,8,10,9,7,1,0,0,0,2,9,5,4,6,2,1,2,0,9,8,2,7,1,17929
1024,1,11A232,07,40123,3,1,0,01,10,9,10,10,10,10,10,10,10,10,10,10,9,5,9,5,5,5,4,0,4,4,5,10,10,10,9,10,8,5,10,10,10,9,9,1,35857
1024,1,11A232,07,40125,2,1,0,01,9,9,10,10,10,10,10,10,10,10,10,10,0,9,9,10,10,10,0,0,0,0,0,9,9,10,10,10,10,7,10,10,10,10,10,1,12053
1024,1,11A232,07,40125,1,1,0,01,6,6,8,10,10,10,10,10,10,10,10,10,9,10,10,10,10,10,0,0,0,0,0,10,8,10,10,10,10,4,10,10,10,10,10,1,12053
1024,1,11A232,07,40125,4,1,0,02,9,8,9,9,10,10,8,10,8,10,10,8,6,8,8,10,9,9,2,0,0,0,1,10,9,10,10,9,10,8,9,8,9,9,9,1,12053
1024,1,11A232,07,40125,3,1,0,02,5,3,8,4,9,7,7,8,7,7,4,5,5,10,10,10,5,5,0,0,0,4,0,8,5,5,4,6,5,0,7,4,8,5,4,1,12053
1024,1,11A232,07,40129,4,1,0,01,8,8,7,8,10,8,10,10,10,10,8,8,6,7,5,5,7,7,1,4,4,2,2,7,7,8,8,9,7,2,7,3,8,1,6,1,16723
1024,1,11A232,07,40129,3,1,0,01,10,8,10,10,10,10,10,10,10,10,0,8,0,9,9,10,8,10,1,1,0,0,0,10,10,6,10,10,5,2,10,10,10,5,10,1,16723
1024,1,12A232,07,40136,3,1,0,01,7,7,6,10,10,10,8,8,8,9,10,8,5,6,10,7,5,10,0,0,2,0,0,8,6,6,8,8,4,4,8,9,9,5,6,1,23617
1024,1,12A232,07,40136,1,1,0,01,8,8,10,10,10,10,10,10,10,10,10,10,0,10,10,10,10,10,0,0,0,0,0,10,10,10,10,10,10,10,10,10,10,6,6,1,15744
1024,1,12A232,07,40136,2,1,0,02,10,10,10,10,10,10,10,10,10,10,8,10,0,10,10,10,10,10,0,0,0,0,0,10,10,10,10,10,8,0,10,10,10,5,5,1,15744
1024,1,12A232,07,40136,4,1,0,01,1,1,3,10,10,9,10,10,10,10,10,10,9,10,7,10,10,6,0,2,0,0,4,10,9,9,10,9,8,0,5,9,8,10,10,1,7872
1024,1,12A232,07,40142,4,1,0,01,7,5,10,8,10,10,10,10,10,8,10,10,10,6,10,10,10,5,3,0,0,0,0,10,10,8,10,7,10,0,6,7,5,4,5,1,17193
1024,1,12A232,07,40142,3,1,0,01,5,6,5,10,5,10,10,10,4,10,10,7,8,7,6,5,7,6,2,4,4,2,4,7,7,10,10,10,1,0,10,7,10,0,5,1,8596
1024,1,12A232,07,40142,2,1,0,03,10,10,10,10,10,10,10,10,10,10,8,10,8,5,5,10,8,10,2,0,0,0,0,10,10,8,9,9,10,0,10,10,10,5,5,1,25789
1024,1,12A232,07,40142,1,1,0,04,9,8,9,9,10,10,10,9,10,10,8,8,1,5,5,10,8,3,0,0,0,1,6,10,9,10,10,10,10,7,7,10,10,10,10,1,34386
1024,1,12A232,07,40146,3,1,0,02,10,10,8,10,10,9,10,10,10,10,10,10,7,6,9,10,10,10,4,0,0,0,0,10,7,9,10,10,6,2,10,10,10,7,7,1,22187
1024,1,12A232,07,40146,1,1,0,03,9,9,10,9,10,10,10,10,10,10,10,10,0,5,2,7,7,7,5,7,2,2,2,9,9,9,9,9,9,6,6,9,9,9,8,1,29582
1024,1,12A232,07,40146,2,1,0,04,8,6,9,8,10,9,9,8,8,9,2,8,2,8,9,9,8,8,2,1,1,1,1,9,8,9,9,8,10,2,9,9,7,2,2,1,36978
1024,1,12A232,07,40146,4,1,0,01,10,9,9,10,10,10,10,10,10,10,10,10,1,10,10,10,10,10,0,0,0,0,0,10,9,10,10,10,10,5,10,10,10,10,10,1,22187
1024,1,12A232,07,40151,2,1,0,01,10,4,9,10,10,10,10,10,10,10,10,10,3,10,5,5,7,7,0,5,5,0,2,10,5,10,7,10,6,5,10,9,8,7,10,1,43040
1024,1,12A232,07,40151,1,1,0,01,10,10,10,10,10,10,10,10,10,10,10,10,10,9,9,7,10,10,0,0,2,0,0,10,10,10,10,10,10,10,10,10,8,10,10,1,8608
1024,1,12A232,07,40151,4,1,0,01,10,10,10,10,10,10,10,10,10,10,9,10,0,10,10,8,10,10,0,0,0,0,0,8,10,10,10,10,10,4,10,10,10,7,7,1,25824
1024,1,12A232,07,40151,3,1,0,01,10,10,10,10,10,10,10,10,10,10,10,10,0,10,9,10,10,10,0,0,0,0,0,10,9,10,10,10,9,9,10,10,10,8,8,1,17216
1024,1,13A232,07,40162,3,1,0,03,8,6,7,9,9,9,7,10,10,10,8,7,4,5,8,5,4,8,5,2,5,6,2,7,6,7,9,9,7,0,3,7,8,2,2,1,39005
1024,1,13A232,07,40162,4,1,0,03,10,7,10,10,10,8,10,10,10,10,6,10,1,6,6,5,7,5,3,3,5,2,0,10,10,9,9,8,7,0,0,10,10,5,0,1,29254
1024,1,13A232,07,40162,2,1,0,02,9,9,10,10,10,10,10,10,10,10,10,10,8,10,10,10,10,10,0,0,0,0,0,10,8,10,10,10,10,8,10,10,10,7,7,1,19503
1024,1,11A232,08,40095,4,1,0,01,9,10,8,10,9,8,9,8,10,10,9,9,0,3,4,4,5,5,7,4,4,4,3,9,4,8,9,9,10,10,10,10,10,10,10,1,28559
1024,1,11A232,08,40095,3,1,0,02,9,9,9,9,10,10,10,10,9,10,10,10,6,8,8,8,8,8,1,1,1,1,2,9,8,10,10,10,9,1,10,9,9,5,5,1,28559
1024,1,11A232,08,40095,2,1,0,01,10,10,9,10,10,10,10,10,10,10,5,10,8,7,7,4,6,7,0,0,6,3,3,9,9,9,9,10,7,7,8,10,10,10,10,1,19039
1024,1,11A232,08,40095,1,1,0,04,10,10,10,10,10,10,10,10,10,10,9,10,9,10,10,10,10,10,0,0,0,0,0,10,10,9,10,10,10,10,10,10,10,10,6,1,28559
1024,1,11A232,08,40099,1,1,0,01,9,2,10,10,5,9,9,10,5,10,10,5,5,8,6,5,6,8,2,3,4,3,1,4,4,9,10,10,5,6,5,5,9,8,8,1,30981
1024,1,11A232,08,40099,3,1,0,01,10,10,6,8,10,10,6,10,8,7,10,10,0,4,6,5,7,6,5,2,4,3,0,9,8,10,7,6,10,3,7,10,10,9,10,1,7745
1024,1,11A232,08,40099,4,1,0,04,9,8,10,9,10,9,10,10,10,10,10,10,2,9,5,5,10,9,0,4,4,0,0,10,10,10,10,10,10,10,10,10,3,8,10,1,30981
1024,1,11A232,08,40099,2,1,0,04,8,7,2,9,9,9,5,10,6,9,6,7,10,8,7,4,6,5,1,2,4,4,4,5,7,9,9,5,5,7,8,10,3,10,9,1,30981
1024,1,11A232,08,40106,3,1,0,01,7,7,10,10,10,10,10,10,10,10,0,10,10,5,4,5,7,1,4,6,4,0,8,5,9,10,8,8,10,0,9,10,0,8,10,1,18726
1024,1,11A232,08,40106,2,1,0,01,1,1,8,10,10,6,10,2,10,8,7,8,9,5,7,5,8,3,5,3,5,1,5,8,7,10,7,7,10,2,10,10,3,5,8,1,9363
1024,1,11A232,08,40106,1,1,0,01,10,10,10,10,10,10,10,10,10,10,9,10,0,9,1,9,9,9,0,2,0,0,0,10,10,10,9,9,9,9,9,10,10,10,10,1,28088
1024,1,12A232,08,40112,2,1,0,01,8,7,8,8,9,9,9,9,9,9,10,8,7,6,4,8,6,5,1,5,2,3,0,8,7,8,8,7,7,6,9,9,8,9,7,1,15960
1024,1,12A232,08,40112,3,1,0,01,10,10,8,8,10,10,10,10,8,8,5,8,3,8,7,9,9,9,1,3,0,0,0,9,8,8,8,8,9,7,10,10,10,8,8,1,23940
1024,1,12A232,08,40112,4,1,0,02,10,10,10,10,10,10,10,10,9,10,10,10,1,6,7,8,5,9,3,3,1,4,1,7,3,8,10,8,8,4,9,10,5,10,6,1,15960
1024,1,12A232,08,40112,1,1,0,02,5,8,5,5,10,10,7,9,10,10,10,6,4,9,9,8,9,9,1,1,0,0,0,5,8,7,7,8,5,3,6,7,3,7,5,1,15960
1024,1,12A232,08,40119,3,1,0,01,10,10,10,7,10,10,10,10,10,10,10,10,10,6,6,7,7,8,3,4,2,2,1,8,4,10,10,6,6,5,10,10,10,10,10,1,25377
1024,1,12A232,08,40119,2,1,0,04,8,7,9,9,10,10,9,10,7,8,7,8,8,4,4,6,5,4,1,1,0,1,0,8,6,8,8,8,7,4,5,8,3,8,9,1,33836
1024,1,12A232,08,40119,1,1,0,02,10,10,10,10,10,10,10,10,10,9,10,9,8,10,10,10,10,8,0,0,0,0,2,10,10,10,10,10,10,8,9,10,10,10,10,1,16918
1024,1,12A232,08,40125,3,1,0,02,10,10,10,10,10,10,10,10,10,10,10,10,1,10,10,10,10,10,0,0,0,0,0,10,10,10,10,10,10,10,10,10,10,10,6,1,17193
1024,1,12A232,08,40125,4,1,0,01,10,10,8,8,10,10,10,10,10,8,5,10,6,5,5,5,5,5,5,5,5,5,5,8,8,8,8,8,8,8,8,8,8,8,8,1,8596
1024,1,12A232,08,40125,2,1,0,02,8,8,9,10,7,10,10,8,8,10,10,8,2,7,7,6,6,8,2,2,3,3,2,6,8,8,5,9,9,8,10,9,9,9,9,1,17193
1024,1,12A232,08,40125,1,1,0,01,10,9,10,9,9,9,9,8,9,8,9,9,9,6,5,5,5,5,4,4,4,4,4,10,10,9,10,9,9,10,9,10,9,10,10,1,25789
1024,1,12A232,08,40129,2,1,0,01,9,8,8,9,10,9,9,9,10,9,5,8,5,5,5,6,7,7,4,4,3,2,2,8,7,9,10,8,6,7,9,9,9,8,8,1,16420
1024,1,12A232,08,40129,1,1,0,02,9,9,9,9,10,9,9,9,9,9,10,9,1,10,10,9,10,10,0,0,1,0,0,8,9,9,10,9,9,6,9,9,8,9,7,1,16420
1024,1,12A232,08,40129,4,1,0,02,10,10,10,10,10,10,10,10,10,10,10,10,9,9,8,8,8,9,1,1,1,1,1,9,9,10,9,9,9,9,10,10,9,7,7,1,24630
1024,1,12A232,08,40129,3,1,0,02,9,9,9,7,10,7,9,9,9,9,10,9,5,8,8,8,9,8,1,1,1,1,1,9,7,9,9,9,8,9,9,8,9,9,8,1,16420
1024,1,12A232,08,40134,2,1,0,01,10,7,9,10,10,9,10,10,9,10,10,9,2,7,7,8,8,9,3,2,2,2,0,9,10,10,10,10,8,9,9,10,9,9,9,1,15414
1024,1,12A232,08,40134,3,1,0,01,8,9,9,8,10,10,10,10,9,9,6,8,10,10,10,10,10,10,0,0,0,0,0,9,10,8,8,10,8,6,10,8,4,7,7,1,15414
1024,1,12A232,08,40134,4,1,0,03,10,9,10,10,10,10,10,10,10,10,10,10,0,9,7,10,10,10,1,2,0,0,0,10,10,10,10,10,10,10,10,10,10,10,10,1,23121
1024,1,13A232,08,40151,3,1,0,02,10,10,10,8,10,8,10,10,8,10,8,8,7,7,6,6,8,7,3,3,4,0,3,10,10,10,10,9,2,6,10,8,8,7,6,1,24263
1024,1,13A232,08,40151,4,1,0,02,8,10,3,7,10,10,10,10,10,10,3,5,6,4,5,8,7,5,5,4,0,2,4,6,10,8,8,10,5,2,4,9,8,5,2,1,24263
1024,1,13A232,08,40151,1,1,0,03,10,0,10,2,0,2,1,3,8,9,4,4,10,7,0,1,2,2,3,7,8,8,7,10,0,2,1,3,4,10,8,9,6,8,5,1,36394
1024,1,13A232,08,40151,2,1,0,01,7,9,5,7,8,8,8,8,4,8,4,7,8,4,3,6,7,4,5,6,3,2,6,7,3,6,9,8,2,0,8,4,9,6,2,1,24263
1024,1,13A232,08,40155,1,1,0,02,10,10,10,10,10,8,9,10,10,7,4,8,8,9,9,5,8,8,1,1,4,2,2,9,6,8,9,9,10,6,7,9,9,5,5,1,22927
1024,1,13A232,08,40155,2,1,0,01,8,8,7,10,8,9,10,9,8,9,0,8,2,8,6,8,9,8,0,3,0,0,1,8,9,8,7,9,7,5,9,7,6,9,3,1,11464
1024,1,13A232,08,40155,4,1,0,01,10,10,10,10,10,10,10,10,10,10,10,10,0,9,10,9,10,9,0,0,0,0,0,10,10,10,10,10,10,8,10,10,10,10,8,1,11464
1024,1,13A232,08,40164,1,1,0,02,8,9,8,9,10,10,8,10,10,10,10,5,10,8,4,3,8,6,0,5,7,2,4,9,9,10,8,10,8,3,10,6,7,9,3,1,18596
1024,1,13A232,08,40164,4,1,0,01,10,10,10,8,10,10,10,8,8,9,9,9,6,6,5,5,5,6,3,4,4,5,4,9,8,9,9,8,8,6,8,9,9,8,7,1,27894
1024,1,13A232,08,40164,3,1,0,01,9,9,8,9,10,10,10,10,10,10,10,10,0,10,7,5,10,10,0,2,5,0,0,7,9,7,10,10,8,0,9,7,7,5,5,1,18596
1024,1,13A232,08,40167,1,1,0,02,8,4,8,8,10,10,9,9,7,8,0,7,3,7,8,8,3,8,1,1,1,1,1,7,10,10,9,8,5,6,9,3,7,7,5,1,18525
1024,1,13A232,08,40167,4,1,0,01,9,8,9,9,9,9,9,9,9,10,0,9,0,9,6,6,9,9,0,3,4,0,0,8,9,8,8,9,8,7,9,8,8,8,7,1,9263
1024,1,13A232,08,40167,2,1,0,01,10,10,10,10,10,10,10,9,10,10,10,10,2,10,10,10,10,10,0,0,0,0,0,10,10,10,10,10,10,10,10,10,10,10,10,1,27788
1024,1,13A232,08,40167,3,1,0,01,7,5,8,8,10,10,7,10,10,10,10,7,10,3,2,4,6,5,6,7,5,3,5,8,5,7,3,10,7,5,10,10,8,7,5,1,9263
1024,1,13A232,09,40056,3,1,0,02,9,8,10,7,10,9,10,10,10,10,10,9,8,8,6,7,8,7,1,3,3,1,3,10,7,10,10,5,5,7,10,10,9,8,5,1,39702
1024,1,13A232,09,40056,1,1,0,01,9,9,10,10,10,9,10,10,10,10,9,10,2,9,9,9,10,10,1,1,0,0,0,10,9,10,10,10,10,4,10,10,9,4,0,1,19851
1024,1,13A232,09,40057,3,1,0,01,10,8,10,10,10,10,10,10,10,10,8,10,8,10,10,5,7,5,0,0,0,2,0,10,10,10,10,10,10,8,10,10,10,10,10,1,26260
1024,1,13A232,09,40057,2,1,0,02,2,5,7,8,5,8,3,8,5,9,10,5,0,3,5,5,3,2,0,2,5,5,2,8,8,8,7,9,5,0,9,10,5,10,5,1,35013
1024,1,13A232,09,40062,3,1,0,02,8,8,9,8,9,9,9,9,9,8,5,6,8,6,5,6,8,6,4,5,4,2,3,8,8,8,8,9,9,8,8,8,9,8,5,1,32746
1024,1,13A232,09,40062,1,1,0,01,6,4,7,6,9,7,8,5,9,8,10,9,4,5,7,7,6,7,4,3,3,3,3,9,8,7,8,10,7,5,10,10,9,8,4,1,10915
1024,1,13A232,09,40062,2,1,0,02,9,9,10,10,10,10,10,10,10,10,0,10,8,5,5,5,5,5,3,4,2,0,0,7,9,9,9,7,5,2,10,9,8,3,1,1,21831
1024,1,13A232,09,40070,2,1,0,01,8,6,7,10,10,10,10,10,10,10,10,8,3,0,0,6,10,10,5,5,0,0,0,8,10,10,10,8,5,3,6,8,3,5,6,1,5063
1024,1,13A232,09,40070,1,1,0,04,10,9,8,9,10,9,9,10,10,9,0,8,1,7,7,8,7,9,2,3,1,0,0,9,10,9,8,9,3,3,8,10,10,8,8,1,25314
1024,1,13A232,09,40070,4,1,0,01,8,8,8,9,9,8,9,9,8,8,6,7,8,7,7,7,7,8,2,2,3,2,2,9,5,9,9,8,9,8,9,9,8,9,8,1,5063
1024,1,13A232,09,40075,1,1,0,03,8,10,7,6,7,7,8,9,10,10,4,4,3,3,4,5,9,5,6,6,2,1,0,9,9,7,8,8,9,4,7,9,8,6,3,1,31115
1024,1,13A232,09,40075,2,1,0,01,8,8,7,9,10,10,9,10,9,9,0,7,2,5,7,6,4,4,2,1,2,4,1,8,7,7,7,8,9,4,7,8,7,5,5,1,10372
1024,1,13A232,09,40075,3,1,0,03,8,8,7,8,8,7,9,7,9,8,10,8,6,6,7,5,8,9,3,3,5,1,1,4,8,8,8,7,8,5,7,8,8,8,6,1,31115
1024,1,13A232,09,40075,4,1,0,01,10,7,10,10,10,10,10,10,10,10,10,10,6,10,10,10,10,10,0,0,0,0,0,10,10,10,10,10,10,5,10,10,10,2,2,1,10372
1024,1,11A232,09,40114,3,1,0,01,7,7,10,10,10,10,10,10,10,10,5,8,3,6,5,3,7,7,4,4,7,2,1,9,8,10,10,10,4,5,9,9,5,5,5,1,27179
1024,1,11A232,09,40114,1,1,0,01,10,10,10,10,10,10,10,8,10,10,9,10,7,4,7,3,3,2,2,2,3,3,3,10,10,10,10,9,10,7,10,10,10,10,10,1,9060
1024,1,11A232,09,40114,4,1,0,01,8,9,7,10,10,9,9,9,8,8,9,8,8,7,5,5,4,5,1,5,5,5,5,9,8,10,7,8,8,0,8,8,7,7,8,1,36239
1024,1,11A232,09,40114,2,1,0,01,8,9,6,10,10,10,8,9,8,10,7,8,5,6,4,3,4,5,4,5,7,5,4,9,9,10,9,8,6,0,5,7,4,7,5,1,18119
1024,1,11A232,09,40131,2,1,0,02,5,10,9,5,1,7,7,9,3,4,2,6,0,10,10,10,5,5,0,0,0,0,0,5,10,5,10,3,10,10,10,10,10,10,10,1,23802
1024,1,11A232,09,40131,1,1,0,02,8,10,8,9,8,7,8,9,8,10,7,8,5,10,10,5,9,8,0,0,5,0,0,9,7,7,9,9,7,5,10,10,10,10,5,1,15868
1024,1,11A232,09,40131,4,1,0,02,8,8,8,7,10,8,8,10,8,9,2,8,4,6,6,5,5,5,4,2,4,5,0,10,9,9,8,7,5,2,9,2,2,2,1,1,15868
1024,1,11A232,09,40131,3,1,0,01,10,10,9,5,5,10,10,10,10,0,0,5,5,9,9,9,9,9,1,1,1,1,1,9,10,9,5,2,4,1,2,0,2,2,5,1,23802
1024,1,11A232,09,40137,3,1,0,01,10,8,10,10,10,8,10,10,8,10,10,10,7,4,6,5,6,7,6,4,4,4,3,10,8,10,10,9,8,9,10,10,10,8,10,1,39430
1024,1,11A232,09,40137,4,1,0,05,9,4,10,8,10,9,9,10,10,10,0,7,6,7,5,9,9,10,0,4,0,0,0,8,9,8,8,8,4,2,6,10,3,3,5,1,39430
1024,1,11A232,09,40137,2,1,0,04,7,5,7,5,8,6,8,9,5,8,7,7,4,5,7,4,7,8,0,0,6,0,0,8,4,8,8,8,2,2,8,6,7,6,6,1,31544
1024,1,11A232,09,40140,3,1,0,01,7,9,8,8,8,8,8,10,8,9,9,9,6,5,8,7,7,7,2,2,2,2,2,8,7,8,8,8,8,3,9,9,9,9,9,1,42608
1024,1,11A232,09,40140,2,1,0,01,9,4,9,9,10,9,10,10,10,10,9,10,9,7,10,5,9,10,2,0,5,0,0,10,8,10,10,9,8,7,10,8,9,10,10,1,17043
1024,1,11A232,09,40140,4,1,0,02,8,8,9,9,9,9,9,9,9,9,8,9,0,8,5,5,5,7,0,1,3,4,2,9,9,9,9,9,9,8,8,8,8,7,7,1,17043
1024,1,11A232,09,40140,1,1,0,01,10,8,10,9,10,8,10,10,10,10,8,10,8,10,10,10,10,10,0,0,0,0,0,9,8,9,10,8,9,0,9,9,9,9,8,1,34087
1024,1,11A232,09,40141,1,1,0,01,9,8,9,10,10,9,9,9,8,9,5,9,8,5,4,6,5,7,5,6,4,5,3,9,7,9,9,8,7,8,8,7,8,9,10,1,24495
1024,1,11A232,09,40141,3,1,0,01,6,6,8,8,8,8,8,8,8,8,7,8,7,5,4,6,6,6,4,5,4,4,3,8,8,8,8,8,8,6,8,8,8,7,7,1,32660
1024,1,11A232,09,40141,2,1,0,02,6,5,7,8,9,8,9,10,9,9,10,9,8,5,6,8,7,7,4,3,2,3,3,8,7,9,9,8,9,7,8,9,7,8,9,1,48990
1024,1,11A232,09,40141,4,1,0,01,7,6,8,10,10,10,10,10,10,10,10,10,9,7,3,5,8,10,1,6,5,0,0,8,9,8,10,9,7,6,10,10,10,6,10,1,8165
1024,1,11A232,09,40144,1,1,0,01,10,10,5,10,10,10,10,10,10,9,5,10,10,8,8,8,10,10,0,0,1,0,0,9,10,10,10,10,10,3,10,10,10,5,6,1,28062
1024,1,11A232,09,40144,4,1,0,01,10,10,9,9,10,10,10,10,10,10,10,9,8,10,10,5,9,10,0,0,4,0,0,10,10,10,10,10,10,5,10,10,10,10,10,1,7016
1024,1,11A232,09,40144,3,1,0,01,8,8,7,6,9,8,6,8,4,3,9,6,9,5,4,4,5,5,0,6,6,2,5,8,3,9,10,8,9,9,9,10,9,9,10,1,7016
1024,1,11A232,09,40144,2,1,0,01,10,7,10,10,10,10,10,10,10,10,10,10,8,5,5,6,5,9,5,5,4,4,0,10,8,10,8,8,8,5,5,10,8,8,9,1,14031
1024,1,11A232,09,40146,2,1,0,01,9,9,9,8,10,10,10,10,9,10,5,7,5,10,10,10,10,10,0,0,0,0,0,7,10,10,5,8,9,9,10,10,10,10,10,1,12093
1024,1,11A232,09,40146,3,1,0,01,8,7,10,7,10,9,10,10,10,9,10,10,8,8,8,8,9,8,2,2,2,1,1,9,10,8,9,7,6,2,10,3,2,5,9,1,60467
1024,1,11A232,09,40146,1,1,0,01,9,5,8,7,10,9,9,9,10,10,10,9,10,5,7,6,4,4,4,2,3,5,5,10,10,9,7,8,9,7,7,10,6,6,7,1,12093
1024,1,11A232,09,40146,4,1,0,02,5,0,8,5,10,10,5,10,10,9,3,5,5,5,2,5,4,2,5,5,5,5,7,9,5,5,8,8,5,1,10,10,0,0,0,1,24187
1024,1,11A232,09,40150,1,1,0,01,8,6,8,8,10,8,9,10,10,9,10,7,6,5,5,5,5,6,5,5,5,5,4,8,8,8,7,7,7,5,10,7,7,7,8,1,15937
1024,1,11A232,09,40150,4,1,0,01,8,8,8,9,9,9,8,8,9,9,5,6,8,7,9,9,8,9,3,1,1,2,1,9,8,7,9,9,10,5,7,9,7,5,5,1,15937
1024,1,11A232,09,40150,2,1,0,02,8,10,9,10,10,10,10,10,10,10,0,10,0,8,8,10,8,9,1,0,0,0,0,10,10,8,10,0,0,0,9,5,0,6,4,1,31873
1024,1,11A232,09,40150,3,1,0,05,8,5,9,9,10,8,10,10,10,9,0,8,5,9,8,8,6,9,1,1,1,4,0,9,8,7,9,8,5,0,8,10,10,2,0,1,47810
1024,1,11A232,09,40153,1,1,0,01,8,8,9,9,9,9,9,9,9,9,5,9,0,9,9,9,9,9,1,1,1,1,1,9,9,9,9,9,9,0,9,9,6,5,5,1,6311
1024,1,11A232,09,40153,3,1,0,01,8,8,7,8,9,9,8,8,9,8,9,8,7,5,5,4,5,7,4,5,5,5,0,9,9,9,9,8,8,3,8,8,9,9,9,1,18933
1024,1,11A232,09,40153,2,1,0,02,10,10,8,8,10,10,10,10,10,10,10,10,7,7,6,6,3,4,3,3,3,6,5,10,5,6,8,8,10,5,10,8,5,5,5,1,12622
1024,1,11A232,09,40153,4,1,0,04,10,8,10,10,10,10,10,10,10,10,10,10,5,10,10,7,10,10,0,0,2,0,0,10,10,10,10,10,5,0,10,8,2,2,2,1,31555
1024,1,11A232,09,40157,4,1,0,02,10,10,10,10,10,9,8,10,10,9,10,10,7,5,4,7,7,8,4,5,3,2,1,9,8,8,10,9,9,8,8,10,9,8,9,1,15002
1024,1,11A232,09,40157,3,1,0,01,8,6,8,5,7,6,8,8,9,9,8,9,5,5,6,5,4,5,4,3,5,5,4,4,4,6,6,3,8,1,6,7,6,2,2,1,7501
1024,1,11A232,09,40157,1,1,0,01,10,5,10,10,10,10,10,10,10,10,10,10,2,8,10,7,10,10,0,0,2,0,0,10,10,10,10,10,10,1,9,10,10,10,2,1,7501
1024,1,11A232,09,40157,2,1,0,02,8,8,9,10,9,8,10,7,10,9,7,7,7,9,5,8,7,6,0,4,1,0,0,9,10,8,7,7,8,3,8,8,0,0,1,1,30003
1024,1,11A232,09,40159,2,1,0,01,8,9,9,10,10,9,10,10,10,10,10,9,8,9,5,5,5,5,0,4,4,4,5,10,9,9,9,10,10,0,10,10,9,6,5,1,17265
1024,1,11A232,09,40159,1,1,0,01,10,9,10,10,10,10,10,10,10,10,10,10,0,5,5,5,5,5,5,5,5,5,5,10,10,10,10,10,8,8,10,10,10,9,8,1,25897
1024,1,11A232,09,40159,4,1,0,01,8,6,5,10,10,10,10,10,10,10,10,10,8,7,6,9,10,7,0,3,1,0,2,7,10,8,8,10,8,10,10,10,10,10,10,1,17265
1024,1,12A232,09,40163,2,1,0,02,10,9,10,10,10,9,10,10,10,10,5,10,8,10,9,7,10,9,0,0,3,0,0,9,10,9,10,10,10,5,10,8,5,7,7,1,23026
1024,1,12A232,09,40163,1,1,0,02,8,10,10,10,10,10,10,10,10,9,3,5,1,9,10,9,10,9,0,0,0,0,0,2,8,9,10,5,5,2,10,10,3,5,2,1,30702
1024,1,12A232,09,40163,3,1,0,01,9,10,9,7,9,7,10,10,9,10,0,10,6,5,7,5,10,5,5,2,5,0,0,9,5,8,9,9,0,7,8,10,10,10,7,1,7675
1024,1,12A232,09,40163,4,1,0,02,7,5,8,6,9,7,8,9,9,9,6,7,6,10,10,10,9,9,0,0,0,0,0,8,9,9,9,9,9,0,9,9,9,6,8,1,23026
1024,1,12A232,09,40166,2,1,0,01,5,3,9,8,10,8,9,10,8,9,9,6,8,4,7,3,5,4,6,3,5,5,0,4,3,8,8,8,3,0,6,8,8,0,0,1,25440
1024,1,12A232,09,40166,4,1,0,01,7,7,5,8,10,10,10,8,10,10,8,8,8,8,7,7,1,5,2,2,2,8,5,8,10,10,8,8,3,8,10,5,2,5,8,1,25440
1024,1,12A232,09,40166,3,1,0,01,8,8,9,8,8,8,8,8,10,8,7,7,2,4,5,4,6,7,5,5,5,3,2,8,9,7,8,8,7,7,8,8,8,8,7,1,12720
1024,1,12A232,09,40166,1,1,0,01,9,9,8,10,10,10,10,10,10,10,5,10,8,6,4,6,7,7,4,5,3,0,0,10,9,10,8,9,5,1,10,6,8,3,0,1,12720
1024,1,12A232,09,40167,4,1,0,03,5,3,10,10,10,10,10,10,10,10,5,10,3,8,7,10,10,10,0,2,0,0,0,10,10,10,10,10,10,5,10,10,7,5,0,1,22575
1024,1,12A232,09,40167,2,1,0,01,7,7,8,9,9,8,9,9,8,10,8,9,3,8,8,5,5,7,2,0,5,5,3,7,8,9,8,9,9,0,8,8,0,3,8,1,22575
1024,1,12A232,09,40167,3,1,0,01,7,8,10,10,10,10,10,10,10,10,6,9,7,6,4,5,5,6,4,5,4,4,3,10,10,9,9,10,6,5,6,9,6,9,10,1,15050
1024,1,12A232,09,40167,1,1,0,05,10,9,10,10,10,10,10,10,10,10,5,8,2,10,9,7,9,9,0,0,3,0,0,10,10,9,10,10,8,7,9,10,6,6,6,1,60199
1024,1,12A232,09,40170,3,1,0,01,9,9,8,9,9,9,9,10,9,9,8,10,8,5,5,5,5,5,5,5,4,5,4,9,8,9,9,9,8,7,9,10,7,8,8,1,8596
1024,1,12A232,09,40170,1,1,0,02,9,7,8,6,8,8,8,10,10,10,5,8,5,7,6,5,4,3,0,3,4,5,6,8,8,7,8,8,5,5,0,6,6,8,8,1,17193
1024,1,12A232,09,40170,2,1,0,01,7,7,9,9,9,10,10,10,10,8,9,9,10,9,9,7,7,6,1,1,2,3,3,8,8,9,9,9,9,7,10,9,10,8,9,1,8596
1024,1,12A232,09,40170,4,1,0,01,8,7,9,9,9,9,8,9,9,9,7,8,2,9,9,6,8,8,1,0,4,1,0,10,3,8,9,4,3,6,2,9,7,1,7,1,25789
1024,1,12A232,09,40172,2,1,0,01,9,8,9,9,9,8,9,10,10,9,0,8,8,5,8,9,9,10,3,1,1,1,0,8,8,7,8,9,5,8,9,9,7,8,7,1,14698
1024,1,12A232,09,40172,1,1,0,01,5,6,5,5,8,8,7,5,7,7,9,6,5,6,4,3,5,4,1,6,6,5,6,5,1,6,2,2,8,0,8,8,5,5,3,1,22046
1024,1,12A232,09,40172,3,1,0,01,8,10,8,10,10,10,10,10,10,10,10,10,2,9,10,10,10,10,1,0,0,0,0,10,10,10,10,10,10,5,10,10,9,8,7,1,22046
1024,1,12A232,09,40172,4,1,0,01,6,4,8,9,10,9,8,6,7,5,7,8,10,7,9,2,9,5,0,1,8,0,0,6,2,9,9,7,5,3,9,7,1,6,7,1,29395
1024,1,12A232,09,40176,3,1,0,04,10,5,10,10,10,10,10,10,10,10,10,10,5,5,2,7,10,4,3,7,2,0,5,10,10,10,10,10,9,7,10,10,0,8,8,1,27233
1024,1,12A232,09,40176,4,1,0,01,9,9,9,9,9,9,9,10,10,9,9,9,5,8,8,8,9,9,2,2,2,0,0,9,9,9,9,9,9,2,9,9,4,6,4,1,13616
1024,1,12A232,09,40176,2,1,0,01,10,10,8,8,10,9,9,10,10,10,10,10,9,3,8,7,9,9,2,2,3,1,0,10,9,9,10,10,9,9,9,10,8,9,9,1,34041
1024,1,12A232,09,40179,4,1,0,01,10,7,9,10,10,10,8,10,10,8,8,8,7,5,5,5,5,4,5,5,5,5,5,10,9,8,8,7,7,7,7,8,5,7,8,1,19324
1024,1,12A232,09,40179,3,1,0,02,9,9,9,9,9,9,9,9,9,9,5,9,8,4,9,8,9,8,5,0,0,0,0,8,9,9,9,9,9,6,9,8,4,6,7,1,19324
1024,1,12A232,09,40179,2,1,0,01,2,6,5,5,9,8,9,2,9,10,9,9,9,9,7,5,6,9,0,3,5,4,0,5,5,8,10,3,6,5,4,6,9,9,9,1,38648
1024,1,12A232,09,40180,2,1,0,01,8,9,10,9,10,8,10,10,10,10,10,10,10,9,9,6,10,0,0,0,3,0,0,5,8,8,8,10,10,0,8,8,0,5,8,1,15874
1024,1,12A232,09,40180,1,1,0,04,8,7,10,9,10,10,10,10,10,10,10,10,5,7,6,6,9,8,2,4,3,1,0,8,8,9,9,8,8,8,9,8,9,9,9,1,31749
1024,1,12A232,09,40180,4,1,0,01,10,10,10,10,10,10,10,10,10,10,5,10,8,4,8,8,6,7,5,0,0,4,0,10,8,10,9,9,8,7,8,10,9,10,10,1,15874
1024,1,12A232,09,40180,3,1,0,02,10,10,9,5,8,8,10,9,9,9,9,8,5,5,7,6,8,7,4,3,4,1,3,8,4,8,8,8,5,0,8,8,6,3,5,1,23811
1024,1,12A232,09,40185,2,1,0,01,7,9,4,8,10,9,9,10,10,10,9,9,6,8,8,5,8,8,1,2,5,2,1,9,7,10,8,9,9,3,8,7,8,8,9,1,7987
1024,1,12A232,09,40185,4,1,0,03,10,10,10,10,10,10,10,10,9,10,10,9,5,5,7,5,6,5,5,0,5,4,5,10,8,10,10,10,10,7,10,10,10,10,10,1,31947
1024,1,12A232,09,40185,1,1,0,02,9,9,10,10,10,10,10,10,10,10,9,10,10,7,7,7,7,7,3,2,1,3,3,10,5,10,10,10,6,1,8,10,3,6,7,1,31947
1024,1,12A232,09,40185,3,1,0,03,10,10,9,9,10,8,9,10,9,8,7,8,6,8,7,5,6,7,2,2,4,3,2,8,8,9,8,7,8,7,9,10,7,3,3,1,23960
1024,1,12A232,09,40189,4,1,0,01,7,7,8,10,10,10,10,10,8,8,8,9,10,5,5,4,10,8,5,5,5,0,0,8,10,8,9,8,7,0,10,10,10,10,10,1,33238
1024,1,12A232,09,40189,2,1,0,01,10,10,10,10,10,8,10,10,10,10,10,9,5,3,5,4,4,4,6,4,4,4,4,10,10,10,10,10,10,3,9,10,10,2,2,1,16619
1024,1,12A232,09,40189,3,1,0,02,10,8,5,9,10,10,10,10,9,10,8,10,6,4,2,2,6,5,6,7,7,4,5,10,8,10,10,10,7,9,10,10,10,8,9,1,16619
1024,1,12A232,09,40192,2,1,0,01,10,7,10,10,10,10,10,10,10,8,10,10,0,7,5,7,7,7,2,5,2,2,2,10,10,10,10,10,10,10,10,10,10,10,10,1,7310
1024,1,12A232,09,40192,1,1,0,01,5,5,5,10,10,10,10,10,10,10,10,10,5,5,2,2,10,4,1,7,7,0,0,5,4,10,5,10,10,5,10,10,9,5,5,1,7310
1024,1,12A232,09,40192,4,1,0,03,9,9,9,9,9,9,9,10,10,10,10,8,9,5,8,8,8,8,3,1,1,1,1,8,9,9,6,10,10,4,9,7,6,5,5,1,29240
1024,1,12A232,09,40192,3,1,0,01,8,10,9,5,10,7,8,10,7,8,6,8,5,5,5,5,7,4,5,5,5,3,5,5,5,5,8,7,5,10,7,7,8,10,10,1,7310
1024,1,12A232,09,40193,2,1,0,01,2,10,0,6,10,8,8,8,9,9,10,9,6,6,3,4,4,3,4,7,6,6,6,8,3,10,8,6,6,9,9,8,8,9,9,1,9119
1024,1,12A232,09,40193,1,1,0,04,9,8,9,8,10,10,10,10,7,10,10,8,7,6,2,4,4,9,4,7,6,3,0,10,8,10,10,10,10,6,10,10,10,8,7,1,36477
1024,1,12A232,09,40193,4,1,0,01,6,9,8,9,10,9,10,9,9,9,6,10,7,7,4,5,10,10,0,5,5,0,0,8,8,8,9,9,10,7,10,10,9,8,10,1,9119
1024,1,12A232,09,40193,3,1,0,01,10,10,10,10,10,10,10,10,10,10,10,10,0,10,6,10,10,10,0,4,0,0,0,10,10,10,10,10,10,10,10,10,10,10,10,1,36477
1024,1,12A232,09,40196,4,1,0,01,8,9,8,8,9,9,9,9,8,9,9,10,7,8,8,10,8,5,0,0,0,0,5,10,8,10,10,8,9,5,8,10,8,2,1,1,7190
1024,1,12A232,09,40196,2,1,0,04,9,9,10,10,10,10,10,9,9,9,9,9,9,9,8,5,10,10,1,1,1,0,0,9,9,7,9,8,8,0,9,9,9,7,7,1,28762
1024,1,12A232,09,40196,1,1,0,02,9,9,10,9,10,10,9,10,10,10,9,9,0,8,7,9,10,9,2,1,1,0,0,9,9,9,9,9,3,9,10,10,9,10,10,1,14381
1024,1,12A232,09,40196,3,1,0,02,10,6,8,8,10,10,8,10,10,8,1,8,0,8,10,10,10,10,0,0,0,0,0,10,10,10,10,10,10,0,10,10,10,0,0,1,14381
1024,1,12A232,09,40198,4,1,0,02,9,9,10,9,10,9,10,10,10,10,5,9,3,10,10,10,9,10,0,0,0,0,0,9,10,9,10,10,10,5,10,10,10,10,10,1,15390
1024,1,12A232,09,40198,2,1,0,02,8,7,10,10,10,10,10,10,10,10,5,9,9,8,5,8,10,10,0,5,2,0,0,9,8,9,9,10,10,6,10,8,7,7,8,1,15390
1024,1,12A232,09,40198,3,1,0,02,10,9,10,9,10,10,10,10,10,9,8,8,6,6,8,5,5,9,4,0,5,5,0,10,10,9,9,10,7,8,10,10,10,9,7,1,23086
1024,1,12A232,09,40202,2,1,0,01,9,6,9,9,10,10,10,10,10,8,1,9,1,5,3,3,7,5,3,5,6,2,0,5,7,10,9,9,4,7,9,10,10,10,10,1,7385
1024,1,12A232,09,40202,1,1,0,01,7,8,7,7,8,8,8,9,8,10,0,5,5,3,3,3,3,5,6,6,6,6,5,5,7,8,8,9,7,0,8,8,8,8,8,1,14771
1024,1,12A232,09,40202,4,1,0,01,9,9,9,10,9,8,10,9,9,10,8,9,5,7,7,7,5,3,2,3,2,5,7,9,8,9,7,9,6,3,8,10,9,8,5,1,22156
1024,1,12A232,09,40202,3,1,0,02,10,10,8,10,10,10,10,10,10,10,8,10,8,7,7,7,5,9,2,2,2,4,0,10,8,10,10,9,10,7,10,10,10,8,8,1,36926
1024,1,12A232,09,40205,2,1,0,01,9,9,9,9,9,9,9,9,9,9,9,9,1,0,8,9,9,9,1,1,1,1,1,10,9,9,9,9,9,8,10,10,10,9,9,1,8528
1024,1,12A232,09,40205,3,1,0,01,9,8,9,9,10,9,10,10,10,10,8,9,3,8,9,9,9,8,1,0,1,1,0,8,8,9,9,9,9,7,9,9,9,9,9,1,8528
1024,1,12A232,09,40205,1,1,0,03,6,6,9,9,9,9,9,9,9,7,5,8,10,8,1,2,7,8,2,9,7,2,2,2,5,5,9,9,3,0,6,8,6,6,5,1,25585
1024,1,12A232,09,40205,4,1,0,01,8,8,7,9,10,10,10,10,10,9,0,10,0,3,6,0,4,3,5,3,10,6,6,8,8,10,6,9,10,9,10,8,8,9,9,1,8528
1024,1,12A232,09,40206,1,1,0,01,9,9,8,9,10,10,9,10,8,9,4,9,2,9,6,9,6,5,0,3,1,2,0,7,5,8,9,6,5,0,6,5,4,5,0,1,15960
1024,1,12A232,09,40206,3,1,0,01,10,0,10,10,10,10,10,10,10,5,10,5,7,10,6,4,7,9,0,3,6,2,1,8,6,5,10,5,8,6,10,2,0,0,0,1,23940
1024,1,12A232,09,40206,2,1,0,01,8,7,8,9,9,9,9,10,10,10,9,9,7,8,8,7,8,8,0,2,2,2,0,8,8,8,9,8,7,5,8,9,9,3,2,1,7980
1024,1,12A232,09,40206,4,1,0,04,8,6,9,10,8,9,9,10,8,10,10,9,6,8,9,8,9,9,0,1,1,1,1,9,8,8,10,10,9,8,8,8,8,9,9,1,31920
1024,1,12A232,09,40209,4,1,0,02,7,6,9,10,10,9,10,10,9,10,8,8,10,5,4,4,5,6,5,6,5,4,4,8,7,7,8,9,9,7,10,10,8,6,5,1,15670
1024,1,12A232,09,40209,3,1,0,01,8,5,8,8,10,7,8,8,8,7,5,8,7,5,6,6,5,7,5,4,3,4,0,8,7,7,8,7,8,5,8,8,8,5,3,1,15670
1024,1,12A232,09,40211,4,1,0,01,9,9,7,9,10,8,9,10,9,9,8,10,5,8,6,10,8,10,1,4,0,0,0,8,10,9,9,8,10,8,9,9,10,7,8,1,8623
1024,1,12A232,09,40211,3,1,0,06,8,8,8,10,10,10,10,10,10,10,10,10,8,10,6,6,6,10,0,4,4,4,0,9,7,10,10,10,10,9,10,9,5,9,10,1,51738
1024,1,12A232,09,40211,2,1,0,01,8,9,9,8,10,8,9,9,10,9,10,9,8,8,8,6,10,9,0,0,3,0,0,9,7,9,8,9,9,9,9,10,8,8,8,1,17246
1024,1,12A232,09,40211,1,1,0,01,9,10,8,10,8,7,10,10,10,8,8,7,10,5,5,7,3,4,2,5,2,6,5,8,9,7,10,8,10,6,10,10,9,10,9,1,17246
1024,1,13A232,09,40218,2,1,0,02,10,10,10,10,10,10,10,10,10,9,5,7,1,10,10,5,8,10,0,0,5,2,0,8,8,8,10,8,6,8,8,8,6,9,10,1,22786
1024,1,13A232,09,40218,1,1,0,01,10,10,10,10,10,10,10,10,10,8,8,9,0,10,10,10,10,10,0,0,0,0,0,10,9,10,10,10,9,7,10,10,10,8,7,1,11393
1024,1,13A232,09,40219,4,1,0,02,10,10,10,10,10,10,10,10,10,10,10,10,1,9,9,8,8,9,1,1,1,2,0,10,10,10,10,10,10,8,10,10,9,8,9,1,23817
1024,1,13A232,09,40219,2,1,0,02,8,8,9,9,10,9,9,9,9,9,8,9,2,8,8,7,7,8,2,2,2,2,2,9,9,9,9,9,8,6,8,8,7,6,6,1,35726
1024,1,13A232,09,40219,3,1,0,04,10,9,10,10,10,10,10,10,10,10,9,10,9,9,5,6,9,10,0,4,4,1,0,10,10,10,10,10,9,0,10,10,9,0,0,1,59543
1024,1,13A232,09,40219,1,1,0,01,8,9,8,8,10,10,10,10,10,10,1,10,2,3,10,8,9,9,7,0,1,1,1,8,7,8,8,9,10,9,10,10,8,6,8,1,35726
1024,1,13A232,09,40224,3,1,0,03,5,5,6,5,8,8,4,8,5,9,6,6,8,8,6,8,10,7,2,3,1,0,3,7,4,3,8,2,2,4,7,7,5,3,4,1,33919
1024,1,13A232,09,40224,1,1,0,02,9,6,10,10,10,10,10,10,10,8,2,9,2,5,7,7,9,3,0,3,3,1,0,10,10,10,10,10,6,3,10,10,8,7,5,1,22613
1024,1,13A232,09,40224,4,1,0,01,10,10,8,9,10,10,10,10,10,9,8,9,10,5,5,10,10,5,0,0,0,0,0,10,10,8,9,9,10,10,10,8,8,8,8,1,22613
1024,1,13A232,09,40228,1,1,0,02,10,10,7,10,8,8,9,10,10,0,1,9,0,10,10,10,10,10,0,0,0,0,0,8,10,8,10,0,8,4,7,9,8,2,0,1,35306
1024,1,13A232,09,40228,2,1,0,01,10,9,10,10,10,10,10,10,10,10,0,10,3,9,9,10,10,9,0,1,0,0,0,10,10,10,9,9,10,9,10,8,8,10,10,1,11769
1024,1,13A232,09,40228,4,1,0,01,8,7,8,8,8,8,8,8,9,9,5,8,7,7,7,7,7,8,2,3,2,2,2,9,8,9,9,9,7,5,9,8,8,8,7,1,35306
1024,1,13A232,09,40231,4,1,0,01,8,8,8,9,10,9,9,10,10,10,8,8,0,10,9,8,8,10,0,1,0,0,0,9,10,8,9,8,10,3,9,9,7,4,0,1,18055
1024,1,13A232,09,40231,2,1,0,01,8,8,7,10,10,9,10,10,10,10,10,10,7,6,7,10,9,10,3,0,0,0,0,8,8,8,8,10,10,4,8,8,8,2,10,1,36109
1024,1,13A232,09,40231,1,1,0,03,9,8,8,8,10,8,10,10,10,7,0,8,3,6,7,5,7,8,3,3,5,3,1,6,4,7,10,10,4,5,7,8,9,8,8,1,36109
1024,1,13A232,09,40232,4,1,0,01,10,10,10,10,10,10,10,10,10,10,9,10,2,7,8,7,7,8,3,1,2,3,1,10,10,10,10,10,10,10,10,10,10,10,10,1,8508
1024,1,13A232,09,40232,1,1,0,01,10,10,10,10,10,7,10,10,8,10,0,8,9,10,10,10,10,10,0,0,0,0,0,10,10,7,10,10,10,10,10,10,10,10,10,1,8508
1024,1,13A232,09,40232,3,1,0,01,8,4,5,7,10,8,6,10,8,7,4,3,9,7,3,6,4,5,2,6,4,6,5,8,7,8,9,9,9,4,7,7,8,7,7,1,8508
1024,1,13A232,09,40232,2,1,0,02,9,8,7,10,10,10,8,9,10,7,3,8,5,8,8,7,7,9,2,1,2,2,1,7,5,7,10,10,7,4,7,7,4,4,2,1,25525
1024,1,13A232,09,40235,3,1,0,02,3,3,10,5,10,10,7,10,10,10,0,4,6,10,7,7,6,5,0,3,2,4,4,8,10,5,8,10,10,10,8,10,10,10,10,1,27044
1024,1,13A232,09,40235,1,1,0,03,10,10,10,10,10,10,10,10,10,10,10,10,8,6,5,5,10,10,4,5,4,0,0,9,6,9,9,10,10,5,10,10,10,8,0,1,27044
1024,1,13A232,09,40235,4,1,0,01,9,7,9,9,10,8,9,10,8,10,1,9,4,6,6,3,6,5,3,4,6,1,1,9,8,9,9,8,8,6,9,9,9,7,7,1,27044
1024,1,13A232,09,40237,3,1,0,02,8,7,8,10,10,10,10,10,10,10,10,9,7,1,5,7,5,7,1,4,3,3,2,8,6,8,9,10,7,5,10,10,10,6,5,1,15565
1024,1,13A232,09,40237,2,1,0,03,9,8,9,9,10,9,9,9,8,10,6,8,2,10,9,10,10,10,0,1,0,0,0,10,10,10,9,10,10,0,9,10,10,9,8,1,23348
1024,1,13A232,09,40241,3,1,0,01,10,9,9,9,10,9,10,10,10,10,10,9,3,9,8,8,8,9,0,2,2,0,0,8,9,9,9,10,7,8,10,10,9,9,8,1,7920
1024,1,13A232,09,40241,2,1,0,01,3,8,9,9,10,10,10,10,10,10,10,10,9,6,10,7,10,10,4,0,3,0,0,5,8,8,9,8,7,1,8,8,2,1,1,1,7920
1024,1,13A232,09,40241,4,1,0,02,7,2,7,3,10,10,8,5,5,2,1,9,7,8,8,6,7,7,1,0,0,0,0,8,7,8,8,5,7,6,9,8,8,6,7,1,15840
1024,1,13A232,09,40241,1,1,0,01,10,10,10,9,10,9,10,10,10,10,9,9,5,10,4,6,10,7,0,6,4,0,2,8,8,10,9,9,9,6,9,9,6,9,9,1,15840
1024,1,13A232,09,40244,3,1,0,01,10,8,10,10,10,10,10,10,10,10,10,10,8,7,5,6,9,5,2,4,3,1,4,10,8,9,9,10,8,0,10,10,3,3,1,1,54089
1024,1,13A232,09,40244,1,1,0,01,8,8,9,9,10,10,10,10,10,9,10,10,7,4,4,5,7,5,5,5,5,2,5,9,8,9,7,9,10,6,10,9,8,9,5,1,10818
1024,1,13A232,09,40244,2,1,0,03,10,8,8,10,10,9,10,9,8,10,9,10,2,5,8,5,6,7,4,0,2,2,0,10,10,9,10,9,8,5,10,10,9,8,8,1,32453
1024,1,13A232,09,40245,2,1,0,02,8,8,10,9,10,8,9,9,7,10,6,8,9,10,10,10,9,10,0,0,0,0,0,8,8,8,8,7,10,10,8,8,6,8,8,1,23533
1024,1,13A232,09,40245,3,1,0,01,10,10,10,8,10,9,10,10,10,10,0,8,1,10,9,8,8,9,0,1,0,0,0,10,8,10,10,10,8,8,10,10,10,10,8,1,11767
1024,1,13A232,09,40248,4,1,0,01,8,9,9,8,9,9,10,10,8,8,8,9,6,4,8,7,8,5,5,2,2,2,1,10,10,8,9,7,5,4,7,10,8,6,5,1,10260
1024,1,13A232,09,40250,1,1,0,02,10,10,10,10,9,9,10,10,9,9,9,10,0,9,7,9,7,9,1,1,1,0,0,10,9,10,10,10,4,7,10,10,10,8,7,1,20048
1024,1,13A232,09,40250,4,1,0,04,7,7,7,6,9,7,7,7,8,8,8,8,10,10,7,7,5,10,0,2,2,0,0,7,7,6,5,7,4,7,7,10,8,7,7,1,40095
1024,1,13A232,09,40250,3,1,0,01,10,10,10,10,10,9,10,10,8,10,10,10,8,8,5,9,10,10,0,5,0,0,0,7,8,10,10,10,9,2,10,10,9,10,10,1,10024
1024,1,13A232,09,40250,2,1,0,02,6,7,4,6,5,8,5,9,10,8,0,6,9,9,2,4,5,8,1,7,5,4,1,7,5,6,5,7,0,0,2,10,8,3,3,1,20048
1024,1,12A232,10,41231,4,1,0,02,10,7,10,10,10,10,10,10,10,10,2,10,8,10,7,10,10,10,0,2,0,0,0,10,10,10,10,10,6,9,10,10,9,6,9,1,15885
1024,1,12A232,10,41231,2,1,0,02,8,8,9,9,10,7,8,8,7,9,4,8,8,9,8,4,6,4,1,0,3,0,0,9,6,9,9,9,9,8,8,9,9,8,9,1,15885
1024,1,12A232,10,41231,1,1,0,03,10,10,10,10,10,10,10,10,10,10,10,8,8,10,6,10,9,4,0,4,0,1,5,8,8,7,10,9,9,2,10,10,10,8,9,1,23827
1024,1,12A232,10,41231,3,1,0,02,10,8,10,10,10,10,10,10,10,10,5,10,5,10,5,10,10,10,0,0,0,0,0,10,10,10,10,10,10,4,10,5,5,10,10,1,15885
1024,1,12A232,10,41235,1,1,0,03,9,9,10,10,10,10,9,10,10,10,8,9,0,10,8,10,10,10,0,2,0,0,0,9,10,10,9,10,8,5,10,10,10,8,8,1,24608
1024,1,12A232,10,41235,4,1,0,01,9,9,10,8,10,8,10,10,5,9,3,10,1,4,3,3,1,6,6,0,2,0,0,10,9,10,7,9,8,8,10,10,9,9,8,1,24608
1024,1,12A232,10,41235,2,1,0,02,10,10,10,10,10,10,10,10,10,10,10,10,0,10,10,10,10,10,0,0,0,0,0,10,10,10,10,10,10,0,10,10,10,10,0,1,32811
1024,1,12A232,10,41235,3,1,0,01,10,10,9,10,9,9,10,9,10,9,8,10,7,10,10,4,6,7,0,0,6,4,3,9,3,10,9,8,10,10,10,9,10,10,4,1,32811
1024,1,12A232,10,41239,2,1,0,01,10,9,9,9,10,10,10,10,9,9,8,9,2,8,8,8,8,9,1,2,1,2,1,9,9,9,9,8,9,8,9,8,8,8,9,1,16321
1024,1,12A232,10,41239,3,1,0,02,10,10,9,9,10,10,10,10,9,9,9,10,3,10,10,5,5,10,0,0,5,4,0,9,9,9,10,9,10,8,10,10,7,8,8,1,16321
1024,1,12A232,10,41239,4,1,0,02,10,9,10,10,10,9,10,10,10,10,10,10,0,5,4,10,10,8,0,6,0,0,0,10,10,9,10,10,9,10,10,10,10,10,10,1,24482
1024,1,12A232,10,41239,1,1,0,01,9,9,9,9,10,3,10,10,10,10,2,10,5,10,10,8,10,10,0,0,0,0,0,9,10,10,10,10,6,8,10,10,7,7,9,1,8161
1024,1,12A232,10,41248,2,1,0,01,6,7,5,5,6,4,5,9,7,8,10,5,7,10,10,4,6,10,0,0,6,3,0,10,2,10,10,5,9,7,10,9,9,9,9,1,8765
1024,1,12A232,10,41248,4,1,0,03,10,10,10,10,10,10,10,10,5,10,0,10,0,9,6,9,6,5,1,4,1,0,0,10,10,10,10,10,8,6,6,10,6,6,5,1,35060
1024,1,12A232,10,41248,1,1,0,02,10,10,10,10,10,5,9,9,10,10,1,9,10,10,7,2,5,2,0,2,7,4,8,10,2,5,8,5,9,0,9,10,10,1,1,1,17530
1024,1,12A232,10,41248,3,1,0,02,8,6,8,8,8,5,8,9,9,9,9,9,3,8,8,6,7,7,0,0,3,3,3,7,3,4,5,5,5,0,5,10,8,9,0,1,43826
1024,1,13A232,10,41255,3,1,0,01,9,9,8,9,9,9,8,9,8,8,9,9,8,4,5,6,6,6,5,5,4,3,4,9,8,9,9,9,8,7,10,9,8,10,9,1,21149
1024,1,13A232,10,41255,4,1,0,01,7,6,9,9,9,8,10,10,10,9,10,10,6,6,4,5,7,4,4,5,5,0,5,10,6,8,8,8,8,4,9,9,9,8,4,1,10575
1024,1,13A232,10,41255,2,1,0,02,10,2,10,10,10,10,10,10,10,10,9,9,10,10,5,4,8,0,0,0,5,0,5,8,8,8,8,8,7,0,10,10,10,5,6,1,31724
1024,1,13A232,10,41265,4,1,0,06,9,9,8,8,10,9,10,8,10,9,6,8,7,7,5,7,9,7,2,3,3,1,0,9,10,9,8,8,8,6,6,9,7,9,9,1,48742
1024,1,13A232,10,41265,1,1,0,01,10,10,10,10,10,10,10,10,10,10,8,10,6,10,10,10,9,10,0,0,0,0,0,10,10,10,10,8,10,0,10,10,10,4,3,1,24371
1024,1,13A232,10,41265,3,1,0,02,10,10,10,10,10,10,10,10,10,10,10,10,0,10,10,10,10,10,0,0,0,0,0,10,7,8,10,10,8,5,10,10,5,10,5,1,24371
1024,1,13A232,10,41268,4,1,0,01,8,10,7,7,9,8,9,8,10,10,10,8,7,3,3,5,4,3,6,6,5,5,6,9,5,9,8,8,9,6,8,8,8,8,8,1,11577
1024,1,13A232,10,41268,3,1,0,02,10,10,8,10,10,10,10,10,8,10,10,10,8,7,7,6,8,8,2,2,3,1,1,10,10,10,10,10,10,7,10,7,7,8,8,1,23154
1024,1,13A232,10,41268,1,1,0,03,9,9,9,8,10,10,10,10,10,10,10,10,10,10,10,5,10,10,0,0,4,0,0,9,10,9,10,10,10,8,10,10,10,9,5,1,46308
1024,1,13A232,10,41268,2,1,0,01,10,10,10,10,10,10,10,10,10,10,9,10,0,10,9,10,10,10,0,0,0,0,0,10,10,10,10,10,10,10,10,10,10,10,10,1,34731
1024,1,11A232,10,41314,4,1,0,02,10,10,10,10,10,10,10,10,10,10,10,10,0,10,8,8,9,9,0,2,0,0,0,10,10,10,9,9,10,5,10,10,9,10,10,1,19233
1024,1,11A232,10,41314,3,1,0,03,10,9,10,9,10,10,10,10,9,10,8,9,9,5,6,7,7,7,4,4,3,3,3,9,9,9,9,10,9,8,9,9,8,8,8,1,28849
1024,1,11A232,10,41314,1,1,0,02,10,7,10,10,10,9,10,10,10,10,10,10,6,10,10,8,7,10,0,0,1,0,0,10,7,10,10,10,9,3,4,10,9,10,10,1,19233
1024,1,11A232,10,41314,2,1,0,01,4,5,6,6,10,3,8,8,10,6,5,6,1,10,10,6,6,6,0,0,4,4,4,8,2,9,9,9,10,0,7,0,0,0,0,1,9616
1024,1,11A232,10,41328,3,1,0,02,0,3,5,7,8,8,9,7,8,10,10,8,0,10,7,3,6,5,0,3,7,3,5,8,8,9,7,10,10,9,7,6,7,10,10,1,23980
1024,1,11A232,10,41328,1,1,0,01,10,7,10,8,10,10,10,10,10,10,10,10,0,10,10,10,5,10,0,0,0,5,0,10,10,10,10,10,10,10,10,10,10,10,9,1,15986
1024,1,11A232,10,41328,2,1,0,01,9,9,9,9,9,9,9,9,9,9,10,9,5,7,3,2,2,2,2,2,2,2,8,9,8,9,8,8,8,2,9,9,9,9,2,1,15986
1024,1,11A232,10,41337,4,1,0,01,9,9,7,9,10,8,9,5,6,6,9,5,7,10,9,9,7,6,0,1,0,2,0,0,9,9,9,4,10,0,10,8,7,5,5,1,35649
1024,1,11A232,10,41337,1,1,0,01,10,0,10,10,10,10,10,10,10,10,10,9,0,5,9,7,10,8,5,0,2,0,0,10,10,8,10,10,7,3,10,8,5,9,9,1,23766
1024,1,11A232,10,41337,2,1,0,01,7,6,9,5,10,10,9,7,9,10,10,9,9,5,6,5,5,4,2,4,5,4,6,8,9,10,2,10,10,0,10,9,9,2,5,1,23766
1024,1,11A232,10,41337,3,1,0,03,9,5,9,8,10,7,9,8,7,9,3,9,9,9,4,7,5,8,0,5,3,4,2,8,7,9,8,8,7,6,9,9,7,7,7,1,35649
1024,1,11A232,10,41341,1,1,0,01,9,9,9,10,10,10,10,9,10,9,9,9,8,10,10,7,8,10,0,0,2,0,0,10,9,10,9,10,9,10,8,9,9,9,9,1,9034
1024,1,11A232,10,41341,3,1,0,01,7,7,8,8,10,2,5,6,10,7,10,7,6,5,5,4,5,5,5,4,6,5,5,6,3,4,0,0,0,0,3,5,1,1,1,1,9034
1024,1,11A232,10,41341,4,1,0,01,10,7,9,9,10,8,10,10,9,10,9,10,0,6,6,1,2,5,0,3,2,4,3,10,10,9,8,10,10,5,10,10,9,3,3,1,18069
1024,1,12A232,10,41353,1,1,0,01,10,10,8,10,10,10,10,10,10,10,10,7,9,5,8,4,8,6,0,0,5,0,0,8,8,8,9,8,6,9,10,10,10,8,9,1,9508
1024,1,12A232,10,41353,4,1,0,01,10,10,10,9,10,10,10,10,10,8,10,10,10,10,9,7,10,6,0,1,3,0,0,10,5,10,6,6,8,8,8,10,10,10,10,1,19017
1024,1,12A232,10,41353,2,1,0,02,8,9,8,9,10,8,9,9,10,10,7,8,8,8,9,6,8,9,2,1,3,0,1,9,8,9,10,10,3,4,9,9,7,6,7,1,19017
1024,1,12A232,10,41353,3,1,0,01,8,7,7,6,10,9,9,9,10,10,10,10,7,4,4,5,5,4,5,5,5,4,6,9,7,8,9,10,8,7,9,8,5,6,3,1,28525
1024,1,12A232,11,40122,1,1,0,01,9,8,9,9,10,9,8,9,9,9,10,9,9,5,5,5,6,3,4,5,5,3,6,9,8,9,9,8,10,7,8,10,10,9,8,1,25786
1024,1,12A232,11,40122,4,1,0,02,10,8,10,10,10,10,10,10,10,10,10,10,0,10,8,5,10,10,0,0,4,0,0,9,10,9,10,10,8,8,9,8,8,8,8,1,25786
1024,1,12A232,11,40122,2,1,0,01,10,10,10,10,10,10,10,10,10,10,10,10,0,5,5,5,5,5,5,5,5,5,5,10,10,10,10,10,10,0,10,10,10,0,0,1,8595
1024,1,12A232,11,40122,3,1,0,01,10,8,7,3,8,9,6,10,8,2,10,5,0,0,5,8,3,8,0,5,2,7,1,10,9,10,8,4,10,0,6,10,10,10,10,1,17191
1024,1,12A232,11,40127,3,1,0,04,9,8,10,10,10,10,10,10,10,10,10,9,8,5,6,7,8,10,4,3,2,2,0,10,9,10,10,10,10,8,10,10,8,10,8,1,40305
1024,1,12A232,11,40127,4,1,0,01,9,8,8,7,9,8,8,9,9,9,6,7,7,6,6,6,6,7,4,3,4,3,2,9,7,9,8,8,9,5,8,8,8,4,4,1,20152
1024,1,12A232,11,40127,2,1,0,01,4,4,6,8,9,7,8,10,10,9,8,10,1,5,8,2,8,5,0,0,8,0,5,2,0,9,10,8,10,0,9,10,8,0,0,1,6717
1024,1,13A232,11,40134,2,1,0,03,8,7,10,9,10,9,9,10,10,8,0,9,6,3,2,3,6,2,7,8,6,4,7,8,10,9,7,9,10,2,9,9,5,2,2,1,34446
1024,1,13A232,11,40134,1,1,0,02,9,9,8,7,10,8,9,10,10,8,10,9,2,8,8,9,9,9,1,1,1,1,0,9,10,9,10,8,8,0,9,7,6,7,7,1,22964
1024,1,13A232,11,40134,4,1,0,02,8,8,8,9,8,8,9,9,9,9,8,8,6,8,6,5,8,8,0,3,4,0,0,8,8,9,7,7,9,5,8,9,8,8,8,1,22964
1024,1,13A232,11,40134,3,1,0,02,10,9,10,10,10,10,10,10,10,10,8,10,0,10,10,10,10,10,0,0,0,0,0,9,9,10,10,10,8,6,10,10,10,7,10,1,45928
1024,1,13A232,11,40135,2,1,0,01,9,9,8,8,10,10,9,9,9,8,0,8,6,10,10,9,9,10,0,0,0,0,0,9,10,9,10,9,9,9,8,10,9,9,9,1,8489
1024,1,13A232,11,40135,1,1,0,01,8,8,8,9,10,8,9,9,10,10,10,8,7,10,10,5,10,10,0,0,5,0,0,8,8,9,8,10,8,10,7,10,10,10,10,1,8489
1024,1,13A232,11,40135,4,1,0,01,10,10,10,10,10,10,10,10,10,10,0,10,0,10,10,10,10,10,0,0,0,0,0,10,9,9,9,9,10,8,10,9,10,10,0,1,16978
1024,1,13A232,11,40135,3,1,0,03,8,7,9,8,9,9,8,10,10,10,6,9,0,5,6,6,8,6,0,4,0,0,4,10,10,9,8,9,10,5,10,10,10,5,4,1,42445
1024,1,13A232,11,40144,4,1,0,02,9,10,10,10,10,10,10,10,9,10,9,10,0,10,10,9,9,9,0,0,1,0,0,10,9,10,9,9,9,9,10,10,10,9,9,1,22296
1024,1,13A232,11,40144,1,1,0,01,7,5,8,10,10,10,10,10,10,10,10,8,2,7,8,9,8,8,2,1,1,1,1,6,8,8,8,9,4,5,9,8,8,7,8,1,11148
1024,1,13A232,11,40144,2,1,0,01,9,7,10,10,10,10,10,10,10,10,9,9,2,8,8,5,8,8,2,2,5,2,1,9,7,9,10,9,8,9,9,8,7,9,8,1,33444
1024,1,13A232,11,40144,3,1,0,03,10,7,9,8,10,8,10,10,10,10,2,6,1,8,8,8,7,7,1,1,2,0,1,10,8,8,9,8,8,7,8,10,10,6,7,1,33444
1024,1,13A232,11,40151,1,1,0,01,10,10,10,10,10,10,10,10,10,10,7,10,3,8,6,5,8,5,2,3,4,0,0,10,7,10,10,10,4,10,10,6,5,3,3,1,24340
1024,1,13A232,11,40151,3,1,0,02,9,9,5,8,10,10,8,10,10,10,10,8,7,7,6,6,5,5,3,3,3,4,5,9,9,9,9,9,10,3,8,10,8,10,5,1,24340
1024,1,13A232,11,40151,2,1,0,03,8,10,10,7,9,8,6,10,10,7,2,6,6,8,7,10,5,10,0,2,0,0,0,8,10,10,6,8,5,3,8,10,10,8,6,1,36510
1024,1,13A232,11,40151,4,1,0,02,10,10,10,10,10,10,10,10,10,10,10,10,0,5,9,9,10,10,5,1,1,0,0,9,9,9,9,10,9,9,10,9,9,9,10,1,24340
1024,1,11A232,11,40159,4,1,0,01,10,10,9,9,10,10,9,10,10,10,10,9,9,8,9,8,9,8,2,0,1,1,0,8,8,9,9,8,8,6,8,8,6,9,9,1,13376
1024,1,11A232,11,40159,2,1,0,03,8,7,10,9,10,9,9,8,10,9,8,8,9,7,6,6,7,8,3,3,3,3,0,8,8,8,7,8,9,6,8,8,8,6,5,1,20064
1024,1,11A232,11,40159,3,1,0,01,10,10,8,9,10,8,10,10,9,10,8,9,10,8,5,5,4,10,0,0,5,6,0,10,7,9,10,10,8,5,9,8,8,7,7,1,13376
1024,1,11A232,11,40162,4,1,0,01,4,4,8,10,10,10,9,10,10,10,5,5,0,2,0,3,5,0,7,10,6,2,8,7,6,8,0,8,0,0,5,0,5,0,0,1,17457
1024,1,11A232,11,40162,3,1,0,01,10,2,10,10,10,10,10,10,10,10,10,10,0,5,5,5,6,5,5,5,5,4,4,10,10,10,10,10,10,6,10,10,5,10,10,1,8728
1024,1,11A232,11,40162,2,1,0,02,4,7,8,9,10,10,10,10,10,10,10,10,0,3,5,5,8,9,7,3,3,1,0,9,8,10,9,9,7,0,10,5,1,4,4,1,17457
1024,1,11A232,11,40162,1,1,0,02,10,8,10,10,10,10,10,10,10,10,9,10,0,10,8,7,10,10,0,2,2,0,0,10,10,9,10,10,10,1,10,10,10,0,0,1,17457
1024,1,11A232,11,40166,1,1,0,02,9,8,8,10,8,7,9,9,8,9,8,8,7,8,8,8,9,9,0,0,2,0,0,8,8,9,8,8,4,4,9,2,4,8,8,1,27700
1024,1,11A232,11,40166,3,1,0,01,10,10,10,9,10,9,10,10,10,9,0,10,6,10,10,5,10,5,0,0,4,0,5,10,8,9,10,10,10,3,10,10,6,8,0,1,9233
1024,1,11A232,11,40166,2,1,0,02,8,10,9,10,10,10,10,10,9,10,10,10,9,7,3,2,7,5,3,6,7,3,4,10,7,10,6,6,10,0,10,7,10,10,3,1,18467
1024,1,11A232,11,40166,4,1,0,01,10,7,8,5,9,7,9,10,10,9,5,7,7,9,7,8,7,6,0,2,2,2,0,10,10,10,8,6,10,5,10,10,8,7,8,1,18467
1024,1,11A232,11,40179,4,1,0,02,8,0,10,10,10,7,8,10,10,10,7,10,8,9,4,3,5,8,1,6,7,4,2,8,7,9,10,8,7,10,10,6,8,8,10,1,17620
1024,1,11A232,11,40179,3,1,0,03,9,8,10,10,10,10,10,10,10,10,10,9,8,10,8,9,7,10,0,1,1,0,0,9,9,8,10,9,7,7,7,10,10,8,6,1,35239
1024,1,11A232,11,40181,2,1,0,03,10,8,10,10,10,10,10,10,10,10,5,10,10,7,5,10,10,10,2,5,0,0,0,10,10,10,10,10,10,5,5,10,5,5,5,1,54262
1024,1,11A232,11,40181,1,1,0,01,7,9,9,10,10,9,10,10,10,10,10,10,8,6,8,6,10,2,4,1,3,0,2,9,10,9,9,5,8,7,9,10,8,8,5,1,27131
1024,1,11A232,11,40181,3,1,0,02,9,8,9,10,10,10,10,10,10,10,10,9,9,9,5,5,5,5,0,5,4,5,5,9,8,9,10,9,10,5,9,10,7,8,5,1,36175
1024,1,11A232,11,40181,4,1,0,03,10,5,9,9,10,10,10,10,10,10,10,10,5,10,8,5,10,4,0,1,5,0,6,10,5,10,10,10,10,10,10,10,10,10,0,1,27131
1024,1,11A232,11,40185,2,1,0,02,10,10,10,10,10,10,10,10,10,10,10,10,0,10,10,10,10,10,0,0,0,0,0,10,9,10,10,10,10,5,10,10,10,5,5,1,18401
1024,1,11A232,11,40185,4,1,0,01,0,0,2,5,10,10,10,10,10,0,0,0,9,5,8,2,9,2,3,1,7,0,0,5,1,5,9,5,9,8,10,8,8,3,5,1,18401
1024,1,11A232,11,40185,1,1,0,02,10,10,10,8,10,8,10,10,10,10,10,10,8,10,10,10,10,10,0,0,0,0,0,10,8,10,10,10,10,5,10,10,7,8,8,1,18401
1024,1,11A232,11,40185,3,1,0,01,10,10,10,10,10,10,10,10,10,10,8,10,3,10,9,10,10,10,0,1,0,0,0,10,10,10,10,10,10,9,10,10,10,8,8,1,18401
1024,1,11A232,11,40198,3,1,0,01,5,9,5,9,10,9,9,10,10,10,9,9,8,8,6,8,8,8,2,4,2,1,1,8,8,9,8,9,8,5,9,8,9,6,7,1,8641
1024,1,11A232,11,40198,2,1,0,01,10,10,10,10,10,10,10,10,10,10,10,10,3,10,10,6,10,10,0,0,4,0,0,10,10,8,10,10,10,0,10,10,10,0,0,1,17283
1024,1,11A232,11,40198,4,1,0,01,10,10,10,10,10,10,10,10,10,10,10,10,0,10,10,5,9,10,0,0,4,0,0,10,10,10,10,7,10,8,10,10,5,9,8,1,8641
1024,1,11A232,11,40198,1,1,0,02,10,10,8,10,10,9,8,10,9,9,10,8,6,6,6,5,5,5,0,4,5,5,5,8,7,6,8,7,6,4,8,9,8,6,7,1,17283
1024,1,11A232,11,40201,4,1,0,01,9,9,8,9,9,9,10,10,9,10,10,10,0,9,10,7,10,10,0,0,2,0,0,10,10,9,9,8,8,0,10,8,10,10,10,1,8638
1024,1,11A232,11,40201,1,1,0,02,9,8,10,7,10,9,10,10,9,9,10,9,9,5,7,4,5,4,4,0,5,4,6,7,9,8,9,9,7,6,8,9,5,4,5,1,17277
1024,1,11A232,11,40201,3,1,0,03,8,6,7,8,9,9,9,9,9,8,6,7,7,6,4,4,5,4,3,6,5,5,6,8,7,6,5,6,8,7,6,8,8,9,9,1,34554
1024,1,11A232,11,40201,2,1,0,02,1,0,2,2,10,10,10,10,10,10,10,10,0,5,5,6,7,6,4,5,4,3,4,6,5,9,10,9,7,7,8,10,7,10,10,1,34554
1024,1,11A232,11,40205,2,1,0,02,10,10,9,9,10,9,9,10,10,8,10,9,8,10,9,9,10,9,0,0,0,0,0,10,8,9,10,9,9,10,9,8,9,9,9,1,20072
1024,1,11A232,11,40205,3,1,0,01,9,8,9,9,9,9,9,9,9,9,10,9,0,9,5,5,8,8,1,5,4,1,1,9,9,9,9,9,7,6,9,10,9,9,9,1,20072
1024,1,11A232,11,40205,4,1,0,01,9,8,8,10,9,10,10,10,10,10,10,10,10,10,10,7,10,10,0,0,2,0,0,7,8,8,10,8,8,3,10,4,7,4,4,1,20072
1024,1,11A232,11,40218,1,1,0,02,5,4,7,8,5,7,7,8,7,8,8,8,0,10,9,9,10,10,0,1,1,0,0,6,7,5,7,7,8,7,7,8,7,8,10,1,60467
1024,1,11A232,11,40218,2,1,0,03,8,10,10,10,10,10,8,10,10,8,0,7,3,9,10,10,10,7,0,0,0,0,0,7,10,7,10,10,10,8,8,7,8,8,7,1,36280
1024,1,11A232,11,40218,4,1,0,01,8,6,8,8,10,9,9,10,8,9,4,8,3,7,9,6,9,6,3,1,0,1,0,8,6,9,6,8,7,3,9,9,10,7,7,1,24187
1024,1,11A232,11,40218,3,1,0,04,4,7,9,6,9,10,10,10,10,10,10,10,0,8,7,8,6,7,0,3,2,3,0,10,10,10,10,10,10,4,10,10,10,10,10,1,48374
1024,1,11A232,11,40224,4,1,0,04,6,4,8,9,9,9,10,10,10,10,0,8,4,9,8,10,9,9,0,2,0,0,0,5,9,7,8,9,9,9,9,9,9,8,8,1,31910
1024,1,11A232,11,40224,3,1,0,05,7,8,9,8,9,8,8,8,9,10,9,8,4,6,6,4,7,4,3,3,4,1,4,9,10,8,9,8,2,2,9,7,3,4,6,1,39887
1024,1,11A232,11,40224,1,1,0,01,10,10,10,10,10,10,10,10,10,10,10,10,0,10,10,10,10,10,0,0,0,0,0,9,10,10,10,9,10,9,10,9,9,9,9,1,15955
1024,1,11A232,11,40224,2,1,0,02,5,2,4,2,8,8,4,8,7,5,3,0,6,2,6,2,2,3,7,4,7,7,5,8,0,10,10,2,10,5,7,10,10,10,10,1,23932
1024,1,12A232,11,40227,2,1,0,02,8,7,9,8,10,9,10,10,10,10,10,10,9,8,8,6,9,9,0,0,3,0,0,8,10,9,10,10,9,8,9,9,9,7,6,1,16174
1024,1,12A232,11,40227,1,1,0,04,8,8,8,10,9,10,10,8,9,10,10,9,7,3,6,5,7,5,4,4,5,3,2,8,8,9,8,9,5,4,9,9,8,7,5,1,40436
1024,1,12A232,11,40227,4,1,0,03,9,6,10,6,9,10,9,10,7,10,1,9,1,3,6,5,8,7,6,3,4,0,0,9,9,9,8,10,10,2,9,10,9,5,5,1,24261
1024,1,12A232,11,40233,1,1,0,01,8,10,8,5,5,8,3,5,8,5,8,4,10,6,8,10,8,7,3,1,0,0,3,7,8,5,8,8,5,5,5,6,7,5,5,1,17509
1024,1,12A232,11,40233,4,1,0,01,10,10,10,10,10,10,10,10,10,10,10,10,7,10,6,6,10,10,0,4,4,0,0,10,10,10,10,10,10,10,10,10,10,10,10,1,17509
1024,1,12A232,11,40233,2,1,0,01,7,3,8,9,10,10,10,10,10,10,9,8,10,2,3,2,3,5,8,0,2,5,4,7,7,10,10,10,5,5,9,10,8,5,5,1,17509
1024,1,12A232,11,40233,3,1,0,01,8,7,9,9,10,10,9,10,10,10,7,9,8,10,9,5,10,10,0,1,5,0,0,8,10,8,9,10,6,3,10,10,8,7,6,1,26264
1024,1,12A232,11,40237,2,1,0,02,10,10,10,10,10,10,10,10,10,10,10,10,0,10,10,8,10,10,0,0,1,0,0,10,10,10,10,10,10,5,10,10,10,10,10,1,17205
1024,1,12A232,11,40237,3,1,0,02,8,6,9,9,9,8,9,9,8,9,9,9,6,8,8,8,8,8,1,0,1,2,0,9,8,8,9,9,8,4,9,9,9,8,7,1,34410
1024,1,12A232,11,40237,1,1,0,01,9,2,7,8,10,8,9,9,8,10,9,6,9,3,4,5,9,8,6,5,4,0,0,8,10,8,9,8,6,2,9,8,5,3,5,1,25807
1024,1,12A232,11,40237,4,1,0,01,10,10,10,10,10,10,10,10,10,10,10,10,0,10,7,10,10,10,0,2,0,0,0,0,10,10,10,10,10,0,10,10,0,0,5,1,8602
1024,1,11A232,12,40087,1,1,0,02,10,7,9,10,10,9,10,10,9,10,10,9,7,10,5,5,5,5,0,4,5,4,4,10,10,10,10,9,10,7,10,10,8,8,8,1,19978
1024,1,11A232,12,40087,4,1,0,01,10,10,3,2,10,10,9,10,10,10,10,10,0,10,10,10,10,10,0,0,0,0,0,10,10,10,9,10,10,10,10,8,9,9,10,1,26638
1024,1,11A232,12,40087,2,1,0,02,10,5,6,8,9,4,7,10,3,6,9,9,7,4,7,5,7,5,4,3,4,2,5,9,10,9,7,8,4,7,9,10,8,7,6,1,13319
1024,1,11A232,12,40087,3,1,0,01,10,9,9,10,10,10,10,10,10,10,9,8,2,6,5,5,10,4,3,4,4,0,0,8,7,7,4,8,5,0,9,9,5,2,0,1,13319
1024,1,11A232,12,40090,2,1,0,03,10,5,10,9,10,8,10,10,10,8,10,10,8,10,10,6,10,10,0,0,3,0,0,10,10,10,5,10,10,10,10,10,8,10,10,1,17356
1024,1,11A232,12,40090,3,1,0,01,8,8,8,8,8,9,9,9,9,9,9,9,9,8,7,5,5,5,2,3,4,4,4,9,6,9,9,9,8,5,9,9,8,8,7,1,11571
1024,1,11A232,12,40090,4,1,0,02,10,10,10,10,9,8,10,10,10,10,10,9,8,10,7,6,8,9,0,3,3,0,0,8,8,7,9,8,10,8,9,8,8,7,8,1,23141
1024,1,11A232,12,40090,1,1,0,01,9,9,9,10,10,9,10,10,10,10,8,10,9,7,4,5,9,10,0,5,4,0,0,10,8,8,9,8,8,6,9,8,7,7,7,1,5785
1024,1,11A232,12,40094,4,1,0,01,2,0,2,10,10,9,10,10,5,10,10,10,9,10,5,4,5,4,0,5,6,4,5,6,5,10,8,7,9,5,10,9,10,6,8,1,26359
1024,1,11A232,12,40094,1,1,0,02,10,7,9,10,10,9,10,10,9,8,8,10,3,9,8,6,5,10,1,2,4,5,0,10,9,10,9,9,10,7,9,10,9,8,8,1,10544
1024,1,11A232,12,40094,3,1,0,01,5,8,9,8,9,3,10,9,2,7,9,10,2,9,1,4,7,7,1,8,6,2,3,10,10,10,8,9,10,8,10,8,8,10,10,1,10544
1024,1,11A232,12,40094,2,1,0,02,9,10,8,10,10,10,10,10,10,10,8,9,5,10,10,10,10,10,0,0,0,0,0,9,9,10,10,10,10,7,10,10,10,7,7,1,15816
1024,1,11A232,12,40100,3,1,0,01,4,2,0,10,10,10,10,6,5,10,5,5,10,5,2,5,0,0,5,7,5,5,5,5,5,7,8,8,10,5,8,5,10,7,5,1,13230
1024,1,11A232,12,40100,1,1,0,02,9,5,8,8,10,8,9,10,10,8,7,9,2,9,8,7,8,8,1,1,2,2,1,9,8,8,8,7,8,1,10,10,7,3,3,1,26460
1024,1,11A232,12,40100,2,1,0,02,5,3,5,5,9,9,9,9,9,9,9,9,2,5,5,5,5,4,4,4,5,5,5,9,7,9,9,9,9,5,9,9,9,5,5,1,13230
1024,1,11A232,12,40100,4,1,0,02,7,9,3,5,0,2,5,5,10,3,0,0,10,3,7,0,2,0,0,2,10,8,5,7,3,3,5,5,0,0,5,8,5,5,5,1,13230
1024,1,11A232,12,40104,2,1,0,01,7,5,4,8,6,8,10,9,10,9,10,8,3,5,2,3,7,2,0,7,6,2,8,10,7,9,10,10,10,8,10,10,9,10,10,1,7234
1024,1,11A232,12,40104,3,1,0,03,10,10,10,10,10,10,10,10,10,10,10,10,10,10,6,10,10,10,0,4,0,0,0,10,10,10,9,10,8,10,8,8,8,5,5,1,21703
1024,1,11A232,12,40104,1,1,0,03,8,8,8,7,9,9,9,9,9,10,7,9,2,10,10,10,10,10,0,0,0,0,0,9,4,7,10,8,5,7,9,10,10,0,4,1,21703
1024,1,11A232,12,40107,4,1,0,02,8,10,6,9,10,10,10,7,3,5,2,1,7,6,2,2,4,4,4,8,8,6,6,1,2,3,5,7,9,10,4,5,6,9,2,1,24162
1024,1,11A232,12,40107,2,1,0,02,10,7,10,10,10,10,10,10,7,10,10,10,5,5,5,9,9,10,1,1,1,1,0,7,9,9,9,9,9,6,9,9,9,9,9,1,24162
1024,1,11A232,12,40107,1,1,0,04,8,5,4,3,5,6,5,7,8,8,2,9,9,7,8,4,9,10,2,2,5,0,0,8,5,7,4,5,7,2,9,9,4,8,9,1,40270
1024,1,11A232,12,40107,3,1,0,01,10,10,10,10,10,10,10,10,10,10,7,8,9,10,10,5,10,10,0,0,5,0,0,10,10,10,10,8,10,10,10,8,10,10,10,1,24162
1024,1,11A232,12,40116,4,1,0,01,6,10,5,3,10,9,10,10,8,8,7,9,4,6,6,5,7,5,3,4,4,2,4,10,9,10,9,10,10,6,9,10,9,10,10,1,13814
1024,1,11A232,12,40116,1,1,0,02,8,6,8,6,6,7,6,6,9,8,0,5,8,3,2,5,3,0,7,8,5,6,0,7,8,6,9,7,7,6,9,8,3,3,6,1,13814
1024,1,11A232,12,40116,2,1,0,01,8,6,8,9,9,9,9,10,10,10,10,10,9,5,5,5,5,6,5,4,5,4,4,10,6,9,9,9,9,0,10,9,6,8,10,1,13814
1024,1,11A232,12,40116,3,1,0,01,10,5,10,10,7,5,10,10,10,10,10,10,7,10,10,10,10,10,0,0,0,0,0,10,10,10,10,8,10,6,10,10,10,10,10,1,6907
1024,1,11A232,12,40120,2,1,0,01,8,8,9,9,10,10,10,10,9,10,5,10,1,10,3,6,9,8,0,6,4,1,1,8,8,10,8,10,8,8,10,7,8,8,8,1,10424
1024,1,11A232,12,40120,4,1,0,02,10,8,10,10,10,10,10,10,7,9,10,10,7,5,6,5,10,9,4,4,4,0,0,10,9,10,9,8,8,9,10,10,8,10,8,1,10424
1024,1,11A232,12,40120,3,1,0,01,10,7,6,5,3,1,1,1,4,5,9,9,1,1,3,4,1,2,3,2,1,5,2,3,5,4,6,3,4,2,4,2,5,3,1,1,5212
1024,1,11A232,12,40120,1,1,0,01,6,8,9,10,10,10,10,10,10,10,10,10,3,7,9,5,7,9,3,1,5,0,0,9,7,10,9,10,10,3,10,10,10,10,10,1,5212
1024,1,11A232,12,40122,2,1,0,02,9,7,9,10,10,9,10,10,10,10,5,9,9,4,4,4,6,4,5,4,6,4,5,9,6,6,7,7,3,2,10,8,8,1,1,1,13124
1024,1,11A232,12,40122,3,1,0,02,10,9,10,10,10,8,8,10,10,9,8,9,0,9,10,5,8,8,0,0,4,0,0,10,10,8,9,9,9,7,9,10,10,10,10,1,19686
1024,1,11A232,12,40122,4,1,0,02,9,8,9,8,10,8,9,10,10,10,10,9,10,5,3,4,4,4,5,6,5,5,5,9,7,8,9,8,10,8,8,9,10,9,9,1,13124
1024,1,11A232,12,40122,1,1,0,01,10,10,9,10,8,10,10,10,10,10,7,10,0,4,5,9,10,6,6,5,1,0,0,8,8,9,9,10,9,6,9,9,7,7,7,1,13124
1024,1,12A232,12,40148,4,1,0,01,9,9,9,9,10,10,10,10,9,9,10,9,8,8,8,6,5,5,2,2,4,4,4,9,9,9,9,9,10,1,10,10,10,4,7,1,7107
1024,1,12A232,12,40148,3,1,0,01,10,10,10,10,10,10,10,10,9,9,9,10,8,10,10,10,10,10,0,0,0,0,0,10,10,10,10,10,10,10,10,10,10,9,9,1,7107
1024,1,12A232,12,40148,1,1,0,01,10,7,10,8,8,10,10,10,10,10,10,10,8,4,2,2,6,9,6,7,7,3,0,10,10,10,10,9,8,10,10,10,10,5,5,1,14214
1024,1,12A232,12,40148,2,1,0,05,8,7,8,5,5,10,10,10,10,8,9,9,4,5,5,5,5,0,5,0,5,0,0,8,8,7,7,8,6,4,8,10,3,3,3,1,42641
1024,1,12A232,12,40156,3,1,0,01,9,6,9,9,9,7,9,10,9,10,10,9,8,7,6,6,5,9,3,3,3,5,0,9,5,8,9,8,9,0,9,9,9,5,9,1,12522
1024,1,12A232,12,40156,1,1,0,03,9,6,9,8,10,10,10,9,8,8,7,8,8,6,3,5,5,5,4,6,5,4,5,9,8,8,7,8,8,6,8,9,5,2,5,1,18784
1024,1,12A232,12,40156,2,1,0,01,8,6,9,8,10,8,9,9,10,10,8,8,5,5,4,8,8,7,4,6,1,2,2,6,8,9,8,8,8,3,8,7,8,4,8,1,12522
1024,1,12A232,12,40156,4,1,0,01,8,7,10,9,10,10,10,10,10,10,10,10,8,10,5,4,5,4,0,5,5,5,5,9,7,10,10,10,10,7,10,10,8,5,7,1,6261
1024,1,12A232,12,40159,2,1,0,01,8,8,9,10,10,10,10,10,10,10,10,10,8,9,8,10,8,8,1,0,0,0,0,10,10,10,9,10,10,7,8,10,10,0,7,1,4493
1024,1,12A232,12,40159,4,1,0,01,10,10,10,10,10,8,10,10,10,10,8,10,10,10,10,10,10,10,0,0,0,0,0,10,8,10,10,10,10,0,10,10,10,8,8,1,8985
1024,1,12A232,12,40159,1,1,0,01,9,9,10,10,10,9,10,9,10,10,10,9,9,10,10,10,10,6,0,0,0,0,4,9,9,9,9,9,9,5,8,9,8,5,5,1,4493
1024,1,12A232,12,40159,3,1,0,01,10,10,10,10,10,10,9,10,9,10,10,10,4,10,10,9,10,10,0,0,0,0,0,10,10,10,8,10,10,5,10,10,5,0,8,1,13478
1024,1,11A232,13,40091,3,1,0,01,10,10,10,10,10,10,10,10,10,10,10,10,5,9,9,10,10,10,1,1,0,0,0,8,9,10,10,10,10,5,10,10,8,8,5,1,17169
1024,1,11A232,13,40091,4,1,0,01,9,9,10,10,10,9,10,10,10,10,10,9,4,8,8,9,10,9,2,2,0,0,0,8,9,9,9,2,2,0,9,10,10,5,5,1,17169
1024,1,11A232,13,40091,1,1,0,02,3,3,9,10,10,10,10,10,10,10,10,10,7,5,7,7,5,5,5,3,2,0,1,9,5,7,8,10,8,6,10,2,10,9,10,1,17169
1024,1,11A232,13,40091,2,1,0,02,9,9,5,9,9,10,8,10,10,10,10,9,0,9,8,7,7,9,1,1,3,1,1,9,6,9,7,9,5,0,9,10,5,5,0,1,34338
1024,1,11A232,13,40095,4,1,0,01,10,10,10,10,10,10,10,10,10,10,6,10,5,10,7,10,10,10,0,3,0,0,0,7,8,9,10,8,6,0,10,10,0,10,10,1,15706
1024,1,11A232,13,40095,2,1,0,03,6,7,8,5,9,9,7,9,10,9,5,6,7,5,10,8,5,8,5,0,0,4,0,8,10,6,0,8,7,0,7,9,10,7,7,1,23559
1024,1,11A232,13,40095,3,1,0,03,7,7,7,7,7,8,8,10,9,8,0,7,5,9,4,5,8,6,1,5,5,0,4,8,8,6,7,8,6,8,8,8,8,7,7,1,31412
1024,1,11A232,13,40095,1,1,0,04,10,10,10,10,10,10,10,10,10,10,10,10,1,9,10,9,10,10,1,0,1,0,0,10,9,9,10,10,10,0,10,10,0,0,0,1,31412
1024,1,12A232,13,40121,2,1,0,02,8,8,8,8,9,9,9,9,9,9,4,9,8,3,3,3,5,5,6,6,6,2,5,5,8,9,7,7,7,5,9,9,7,8,7,1,23643
1024,1,12A232,13,40121,1,1,0,03,10,8,10,10,10,6,8,10,9,10,10,10,2,7,8,9,9,9,2,0,1,1,1,10,10,10,10,10,6,4,10,10,8,3,3,1,17732
1024,1,12A232,13,40121,3,1,0,02,9,7,10,10,10,10,10,10,10,10,1,10,2,8,6,8,9,9,2,2,2,1,0,9,9,10,10,10,7,7,10,8,8,8,7,1,11821
1024,1,12A232,13,40124,2,1,0,03,9,9,9,9,9,9,9,9,9,9,9,9,1,7,4,8,9,8,0,5,0,0,1,7,7,8,9,9,8,8,8,9,8,7,7,1,18413
1024,1,12A232,13,40124,1,1,0,01,8,6,10,10,10,10,10,10,10,10,10,10,0,10,8,10,10,10,0,0,0,0,0,10,10,10,10,8,10,8,10,10,9,9,9,1,12275
1024,1,12A232,13,40124,3,1,0,01,6,5,9,10,7,6,4,10,2,9,1,7,3,5,5,7,8,8,5,1,2,0,1,10,8,9,6,4,10,2,8,9,6,7,5,1,18413
1024,1,12A232,13,40124,4,1,0,01,8,8,8,8,10,8,9,10,10,9,0,9,5,9,10,6,8,10,0,0,4,0,0,8,8,5,7,8,10,0,9,9,5,8,5,1,24551
1024,1,12A232,13,40128,3,1,0,01,10,10,10,10,10,10,10,10,10,10,10,10,0,10,10,8,10,10,0,0,1,0,0,10,10,10,10,10,10,7,10,10,10,10,10,1,7590
1024,1,12A232,13,40128,1,1,0,05,10,10,10,10,10,10,10,10,10,10,10,10,0,10,10,10,10,10,0,0,0,0,0,10,10,10,10,10,10,10,10,10,10,10,10,1,37951
1024,1,12A232,13,40128,2,1,0,05,8,6,9,9,10,9,9,10,10,10,8,9,5,7,7,6,8,8,3,3,3,1,0,9,8,9,9,9,8,8,9,8,8,7,5,1,37951
1024,1,12A232,13,40128,4,1,0,02,10,7,8,8,8,8,8,9,8,10,10,8,0,5,8,8,8,10,5,0,0,0,0,9,10,8,8,8,8,5,8,8,8,7,7,1,30360
1024,1,12A232,13,40137,2,1,0,02,8,6,8,7,10,10,10,10,10,10,0,10,5,5,5,5,5,5,2,2,3,4,1,8,5,10,10,9,3,4,7,8,8,6,9,1,16233
1024,1,12A232,13,40137,4,1,0,01,10,8,10,10,10,10,10,10,10,10,10,10,7,10,10,10,10,10,0,0,0,0,0,10,10,10,10,10,10,10,10,10,10,10,10,1,16233
1024,1,12A232,13,40137,3,1,0,01,10,10,10,10,10,10,10,10,10,10,10,10,1,10,10,10,10,10,0,0,0,0,0,10,10,10,10,10,10,10,10,10,10,10,10,1,16233
1024,1,12A232,13,40141,2,1,0,01,7,7,9,9,8,10,10,10,10,8,6,10,2,3,3,2,3,3,7,6,8,6,6,5,6,8,8,8,9,9,9,10,9,10,10,1,6428
1024,1,12A232,13,40141,3,1,0,01,10,10,10,10,10,10,10,10,10,8,8,10,0,10,10,8,10,9,0,0,1,0,0,10,10,10,8,10,10,0,10,10,8,8,8,1,6428
1024,1,12A232,13,40141,1,1,0,01,10,5,10,10,10,10,10,10,10,10,10,10,0,10,10,10,10,10,0,0,0,0,0,10,10,10,10,10,10,5,10,10,10,7,8,1,25712
1024,1,12A232,13,40141,4,1,0,01,8,6,8,9,9,8,9,10,10,10,5,8,2,8,7,4,4,6,2,2,5,5,3,5,7,7,9,9,5,4,6,6,3,3,3,1,12856
1024,1,13A232,13,40143,1,1,0,01,8,6,8,8,10,9,8,8,10,10,5,7,3,7,5,5,7,7,3,4,4,2,2,6,7,8,7,9,8,5,8,7,8,8,7,1,14644
1024,1,13A232,13,40143,4,1,0,01,9,9,9,9,9,10,7,10,10,7,3,7,4,8,8,7,5,6,2,2,3,4,3,10,10,10,10,7,10,2,10,10,10,8,4,1,14644
1024,1,13A232,13,40143,3,1,0,02,9,6,8,10,10,10,8,9,10,10,10,10,0,9,8,5,10,10,0,2,5,0,0,10,9,8,8,7,3,0,9,8,8,9,9,1,43931
1024,1,13A232,13,40143,2,1,0,01,10,9,10,10,10,10,10,10,10,10,10,10,0,8,7,4,10,5,0,3,5,0,0,10,10,10,10,10,10,6,10,10,10,10,10,1,14644
1024,1,13A232,13,40154,2,1,0,01,9,7,10,10,10,10,10,10,10,10,8,10,1,8,7,10,9,9,2,2,0,0,0,8,10,8,8,10,4,1,9,10,8,3,2,1,7674
1024,1,13A232,13,40154,3,1,0,02,8,8,8,10,10,10,10,10,10,10,10,9,3,9,9,8,9,9,1,1,1,1,1,8,6,8,9,9,9,3,9,8,8,6,2,1,15348
1024,1,13A232,13,40154,1,1,0,02,10,10,9,9,10,10,10,10,10,10,10,9,0,6,5,6,7,7,3,4,0,1,1,10,8,9,9,9,7,5,10,8,5,8,7,1,15348
1024,1,13A232,13,40154,4,1,0,01,10,10,10,10,10,10,10,10,10,10,8,10,1,10,10,10,10,10,0,0,0,0,0,10,10,10,10,10,10,5,10,10,10,7,5,1,7674
1024,1,13A232,13,40156,3,1,0,01,8,8,7,7,10,9,10,9,10,10,10,10,2,10,10,8,10,8,0,0,0,0,0,8,7,9,9,8,10,6,9,9,8,8,6,1,9530
1024,1,13A232,13,40156,1,1,0,02,8,8,10,9,10,9,9,10,0,10,10,8,9,8,7,7,8,8,1,3,2,2,0,8,8,8,10,10,10,0,8,8,7,3,2,1,19060
1024,1,13A232,13,40156,2,1,0,01,10,9,10,10,10,10,10,10,10,10,7,10,3,8,8,9,10,8,1,2,1,0,0,8,10,9,10,8,3,2,10,10,9,4,5,1,19060
1024,1,13A232,13,40156,4,1,0,03,8,6,8,6,5,5,5,10,8,8,0,5,8,5,5,5,7,5,5,5,5,2,5,8,6,6,7,6,6,0,5,10,6,5,5,1,38120
1024,1,13A232,13,40160,2,1,0,01,9,9,9,7,9,8,9,10,10,9,8,9,8,9,9,9,9,8,1,1,1,1,0,8,9,8,9,8,9,8,9,9,9,9,8,1,20434
1024,1,13A232,13,40160,3,1,0,01,9,9,9,9,9,9,9,9,9,7,9,8,3,8,8,8,8,9,2,1,1,1,1,9,8,9,8,9,8,8,8,8,9,8,8,1,10217
1024,1,13A232,13,40160,1,1,0,02,10,10,10,10,10,10,10,10,10,10,10,10,0,10,10,8,9,10,0,0,1,1,0,10,10,5,10,7,10,2,10,10,5,10,10,1,40867
1024,1,13A232,13,40167,4,1,0,01,9,7,8,10,10,10,10,10,10,10,10,10,0,6,7,7,10,10,0,0,2,0,0,8,10,9,9,10,10,5,10,5,0,6,2,1,7785
1024,1,13A232,13,40167,2,1,0,01,9,10,9,9,10,10,10,10,9,10,10,10,0,8,10,9,10,9,2,0,0,0,0,9,9,10,9,9,9,7,10,9,8,8,9,1,7785
1024,1,11A232,14,40007,4,1,0,01,10,10,9,9,10,10,10,10,10,10,9,9,1,7,4,8,9,8,3,5,2,1,1,7,8,9,8,9,8,3,9,10,9,7,6,1,26553
1024,1,11A232,14,40007,1,1,0,02,10,10,8,7,9,8,9,10,8,10,10,8,7,10,9,8,10,10,0,0,1,0,0,9,7,8,8,9,9,7,9,8,8,7,7,1,26553
1024,1,11A232,14,40007,2,1,0,01,10,10,9,10,10,10,10,10,10,10,10,10,9,8,6,5,5,6,1,4,4,4,4,10,10,9,9,10,10,2,10,10,4,8,6,1,6638
1024,1,11A232,14,40007,3,1,0,04,10,9,8,10,9,10,10,10,9,10,10,8,8,9,8,9,8,10,0,2,0,0,0,9,10,10,10,9,7,7,8,9,7,7,7,1,26553
1024,1,11A232,14,40008,4,1,0,04,10,8,10,6,10,10,10,8,10,8,0,5,5,10,10,10,10,5,0,0,0,0,0,8,10,6,5,10,8,10,10,10,10,10,10,1,29839
1024,1,11A232,14,40008,1,1,0,05,8,8,10,9,10,9,9,10,7,10,9,7,7,6,6,5,6,4,3,4,4,4,1,7,8,8,8,6,5,3,8,8,8,9,7,1,37299
1024,1,11A232,14,40008,3,1,0,02,7,6,8,5,9,8,9,10,7,5,10,9,4,9,4,6,3,4,1,5,3,5,5,9,10,10,6,4,9,5,8,7,2,4,9,1,14920
1024,1,12A232,14,40033,4,1,0,02,6,8,5,8,10,10,10,9,10,8,0,9,0,9,6,10,6,8,0,4,0,3,0,8,7,8,10,9,7,6,6,10,9,7,7,1,27572
1024,1,12A232,14,40033,3,1,0,02,7,5,6,8,7,10,6,6,9,9,10,8,10,10,5,5,7,10,0,5,5,2,0,7,3,5,7,7,6,5,4,6,6,8,7,1,18381
1024,1,12A232,14,40033,2,1,0,04,10,9,10,8,10,8,9,10,8,9,9,8,10,3,6,6,6,6,6,4,4,3,4,10,10,9,8,10,9,10,9,10,10,10,8,1,36762
1024,1,12A232,14,40033,1,1,0,01,8,8,6,6,10,7,9,10,10,10,8,10,10,8,10,10,10,10,0,0,0,0,0,10,10,8,10,7,10,0,10,10,10,7,7,1,9191
1024,1,12A232,14,40034,4,1,0,04,9,9,9,8,6,10,10,10,10,10,10,7,6,5,5,3,6,4,2,3,4,3,2,8,6,8,5,9,3,1,5,8,2,0,0,1,42045
1024,1,12A232,14,40034,2,1,0,01,9,9,9,9,9,9,9,9,9,8,5,8,0,10,10,8,8,9,0,0,0,0,0,7,8,7,9,9,9,2,10,5,8,8,8,1,16818
1024,1,12A232,14,40034,3,1,0,01,10,10,10,10,10,10,10,10,10,10,10,10,0,10,10,10,10,10,0,0,0,0,0,10,10,10,10,10,10,10,10,10,10,10,10,1,8409
1024,1,12A232,14,40034,1,1,0,03,9,9,9,9,10,9,9,9,8,8,10,9,4,8,7,5,6,9,0,0,5,4,0,10,10,10,10,9,10,6,10,10,8,10,9,1,33636
1024,1,12A232,14,40038,2,1,0,02,9,7,9,9,10,8,9,9,10,9,8,9,4,8,4,7,10,7,1,5,2,0,0,8,6,9,7,8,1,3,9,9,7,7,5,1,28163
1024,1,12A232,14,40038,1,1,0,04,8,8,7,7,8,8,8,8,8,9,10,8,7,6,6,5,7,8,4,4,5,0,0,8,8,8,7,9,9,7,9,9,8,7,7,1,37551
1024,1,12A232,14,40038,4,1,0,01,8,8,9,10,10,10,10,7,10,10,8,10,8,4,10,10,7,8,5,0,0,2,0,8,10,9,10,9,8,5,10,9,10,6,6,1,9388
1024,1,12A232,14,40038,3,1,0,01,7,7,8,9,9,9,9,10,6,10,10,9,0,10,8,6,6,7,0,0,0,4,2,9,10,9,9,7,10,0,9,10,10,0,7,1,18775
1024,1,12A232,14,40039,3,1,0,02,10,10,10,10,10,10,10,10,10,10,10,10,8,10,10,10,10,10,0,0,0,0,0,10,10,10,10,10,10,10,10,10,10,10,10,1,17387
1024,1,12A232,14,40039,1,1,0,04,8,4,10,10,10,9,9,10,10,10,10,10,1,10,5,5,10,10,0,5,5,0,0,9,8,7,8,9,10,0,9,10,10,10,0,1,26080
1024,1,12A232,14,40039,4,1,0,01,5,2,8,5,10,8,9,9,6,9,10,10,8,5,5,1,2,2,2,2,9,5,5,5,2,5,5,5,5,3,5,5,7,10,5,1,8693
1024,1,12A232,14,40046,2,1,0,04,9,9,8,10,10,9,9,6,10,10,0,7,0,7,8,5,5,7,2,1,3,2,0,7,10,9,10,9,5,5,8,6,8,9,9,1,35231
1024,1,12A232,14,40046,3,1,0,01,10,10,10,9,10,10,10,10,10,10,10,8,8,6,5,4,5,6,4,4,6,5,3,10,9,10,10,10,10,5,9,10,9,0,5,1,35231
1024,1,12A232,14,40046,1,1,0,02,9,8,8,9,8,8,9,10,9,9,10,9,3,7,7,8,8,8,2,2,2,2,2,8,9,8,8,8,8,4,9,7,8,8,5,1,35231
1024,1,12A232,14,40047,3,1,0,05,10,8,8,10,10,10,10,10,10,10,10,10,10,2,5,2,2,5,7,5,7,7,0,10,8,10,10,10,0,0,5,8,6,0,0,1,33126
1024,1,12A232,14,40047,4,1,0,02,8,3,2,4,8,9,5,9,9,8,9,8,5,6,8,0,7,2,3,2,3,2,5,8,0,8,7,6,0,0,6,9,5,8,0,1,19876
1024,1,12A232,14,40047,1,1,0,02,8,9,8,7,10,9,9,9,10,7,8,8,0,6,5,7,6,7,3,4,2,3,2,8,7,7,8,7,6,1,6,8,5,5,5,1,13250
1024,1,12A232,14,40051,3,1,0,01,9,5,10,10,10,10,10,10,10,10,10,10,0,10,10,10,8,10,0,0,0,0,0,10,8,9,8,10,10,8,10,7,6,6,8,1,8840
1024,1,12A232,14,40051,1,1,0,03,9,7,10,10,10,9,10,10,8,10,8,9,9,9,6,6,9,9,1,4,3,0,0,10,10,9,9,10,10,8,10,10,9,7,5,1,35361
1024,1,12A232,14,40051,4,1,0,03,8,5,9,10,10,9,10,9,8,10,3,10,2,4,2,4,6,5,5,8,5,3,1,9,8,10,8,9,7,3,9,9,8,9,7,1,35361
1024,1,12A232,14,40051,2,1,0,01,6,1,4,5,8,9,2,4,10,5,0,3,10,3,2,2,4,1,6,7,7,2,8,6,4,8,8,9,4,5,4,4,10,8,7,1,8840
1024,1,12A232,14,40052,1,1,0,02,10,10,10,10,10,10,10,10,10,10,7,10,9,9,8,9,9,9,1,1,1,1,1,10,10,10,10,10,5,3,7,9,6,5,5,1,15635
1024,1,12A232,14,40052,2,1,0,01,10,7,10,10,10,10,10,10,10,10,5,9,2,10,10,10,10,8,0,0,0,0,0,9,8,10,5,10,10,10,10,5,5,6,3,1,7818
1024,1,12A232,14,40052,4,1,0,01,8,6,9,9,10,10,10,10,10,8,5,5,2,10,6,10,10,8,0,3,0,0,0,10,8,10,10,10,7,7,10,10,8,9,8,1,7818
1024,1,12A232,14,40052,3,1,0,03,10,6,10,10,10,10,10,10,5,10,4,10,10,10,8,4,10,10,0,2,5,0,0,4,6,10,10,10,4,0,10,10,0,0,0,1,23453
1024,1,12A232,14,40060,1,1,0,01,9,10,10,10,10,9,10,10,10,10,10,10,0,5,5,5,5,5,5,4,4,5,5,9,8,9,9,9,9,6,10,10,7,8,8,1,18904
1024,1,12A232,14,40060,3,1,0,01,10,10,10,10,10,10,10,10,10,10,10,10,5,10,5,9,9,10,0,5,1,1,0,10,10,10,10,10,9,5,10,10,5,9,8,1,18904
1024,1,12A232,14,40060,4,1,0,03,8,8,8,9,10,9,10,10,10,10,9,9,0,8,8,5,9,8,1,0,1,0,0,9,8,9,9,9,5,6,9,8,7,8,8,1,75617
1024,1,13A232,14,40072,2,1,0,02,8,8,8,7,8,8,7,8,9,6,0,0,2,9,8,8,7,9,1,2,1,2,0,9,7,7,10,9,8,5,9,10,8,9,9,1,32453
1024,1,13A232,14,40072,1,1,0,02,10,9,10,9,10,9,9,10,10,10,10,10,0,9,9,9,9,10,1,1,1,0,0,10,10,10,10,10,9,0,10,9,0,9,6,1,21636
1024,1,13A232,14,40072,3,1,0,01,6,8,6,7,9,8,8,8,7,7,9,8,2,8,6,6,6,5,2,3,4,4,4,8,7,7,9,7,9,0,8,9,9,8,5,1,10818
1024,1,13A232,14,40073,3,1,0,02,7,6,5,7,8,9,10,8,8,10,10,8,1,6,4,7,7,6,4,5,2,2,3,8,8,8,9,9,7,5,9,9,7,5,3,1,22587
1024,1,13A232,14,40073,4,1,0,02,9,9,10,10,10,10,10,10,10,10,9,10,0,6,6,8,8,9,3,3,1,1,1,10,9,10,10,10,9,7,8,9,9,9,9,1,22587
1024,1,13A232,14,40077,4,1,0,01,10,10,10,8,10,10,10,10,10,10,8,10,0,10,10,4,10,10,0,0,6,0,0,10,10,10,10,10,10,10,10,3,10,10,10,1,11754
1024,1,13A232,14,40077,3,1,0,03,6,5,8,7,8,9,9,10,10,10,10,8,7,5,5,4,7,8,4,4,6,2,2,7,6,8,9,9,7,4,8,8,6,3,4,1,35262
1024,1,13A232,14,40077,1,1,0,02,10,9,10,9,10,10,10,9,10,10,0,10,0,10,5,6,8,10,0,5,3,0,0,10,7,10,10,10,8,5,10,10,8,10,10,1,35262
1024,1,13A232,14,40078,1,1,0,01,10,7,10,10,10,10,9,10,10,10,10,10,9,4,3,4,5,5,5,6,6,5,5,9,9,7,6,9,9,9,8,9,5,10,10,1,22868
1024,1,13A232,14,40078,2,1,0,02,10,10,10,10,10,10,10,10,10,10,10,10,0,10,5,6,10,10,0,3,4,0,0,7,10,9,9,10,5,5,9,9,9,8,8,1,22868
1024,1,13A232,14,40078,3,1,0,02,8,7,8,8,7,7,8,8,7,8,6,8,6,8,8,8,8,9,2,1,1,0,0,8,9,7,8,8,6,6,8,8,8,7,6,1,22868
1024,1,13A232,14,40085,3,1,0,01,2,2,10,10,10,10,10,10,5,10,10,10,0,10,10,10,10,10,0,0,0,0,0,4,10,10,10,10,10,0,10,10,8,5,0,1,21259
1024,1,13A232,14,40085,4,1,0,03,8,9,8,10,10,9,10,10,9,9,10,10,7,10,8,7,9,9,0,0,2,0,0,8,7,8,10,9,7,5,10,7,9,7,8,1,35432
1024,1,13A232,14,40090,1,1,0,02,10,10,10,10,10,10,10,10,10,10,10,10,8,10,6,10,10,10,0,4,0,0,0,8,10,10,10,10,8,7,6,10,8,8,5,1,21468
1024,1,13A232,14,40090,4,1,0,01,9,9,10,8,9,10,9,10,10,10,9,10,2,8,8,7,8,8,2,1,2,1,0,9,10,9,9,9,10,2,9,10,5,4,1,1,21468
1024,1,13A232,14,40091,3,1,0,02,10,10,10,8,10,9,9,10,9,8,5,9,0,10,8,10,9,10,0,0,0,0,0,8,8,7,10,10,7,7,7,6,6,8,10,1,25063
1024,1,13A232,14,40091,1,1,0,01,7,8,9,8,10,9,8,10,10,10,9,9,8,5,7,8,8,6,3,2,1,1,3,8,7,8,8,7,7,3,7,8,8,6,7,1,12532
1024,1,13A232,14,40091,4,1,0,02,9,9,6,6,8,8,9,9,9,9,8,8,3,7,7,7,8,8,3,2,2,1,2,9,9,8,9,9,6,6,8,9,9,7,5,1,50126
1024,1,13A232,14,40091,2,1,0,02,10,10,8,9,8,8,10,10,9,9,7,10,8,10,9,9,9,10,0,0,1,1,0,10,7,9,7,9,7,6,8,10,10,10,10,1,25063
1024,1,11A232,14,40105,4,1,0,01,5,3,8,10,10,10,10,5,5,5,4,5,7,10,10,10,10,10,0,0,0,0,0,10,10,10,5,5,10,3,10,10,5,10,10,1,7117
1024,1,11A232,14,40105,2,1,0,01,5,8,8,10,10,5,8,10,10,10,10,8,5,10,7,5,9,7,0,2,5,0,0,10,8,8,10,7,10,5,10,10,10,5,5,1,28467
1024,1,11A232,14,40105,3,1,0,03,5,6,2,4,6,8,10,5,2,6,4,8,10,10,7,10,7,10,0,2,0,2,0,5,7,10,10,4,10,10,10,6,10,10,10,1,21350
1024,1,11A232,14,40105,1,1,0,03,9,8,10,9,10,9,10,9,9,9,9,9,5,8,9,6,8,7,0,0,3,1,0,9,9,9,9,8,9,5,9,8,9,6,6,1,21350
1024,1,11A232,14,40106,2,1,0,01,10,8,10,8,10,10,10,10,10,10,10,10,7,4,9,9,9,10,6,0,0,0,0,10,10,9,9,9,10,1,10,10,8,8,2,1,22441
1024,1,11A232,14,40106,1,1,0,01,7,5,9,9,10,9,9,5,10,9,0,8,10,8,5,4,9,2,0,5,5,0,8,6,3,8,8,9,5,0,9,10,9,5,0,1,11221
1024,1,11A232,14,40106,3,1,0,01,9,5,8,8,10,10,10,10,10,9,7,7,5,5,5,3,4,4,4,5,6,5,5,8,8,8,5,7,4,7,8,10,10,9,6,1,11221
1024,1,11A232,14,40106,4,1,0,02,2,7,4,5,0,3,8,10,5,5,7,3,10,2,1,3,4,0,8,8,7,5,10,2,0,5,3,8,5,2,9,6,0,5,3,1,33662
1024,1,11A232,14,40113,4,1,0,04,8,8,8,9,9,8,9,8,5,7,8,8,5,9,9,9,9,8,0,1,1,1,1,9,10,9,9,9,9,8,8,9,9,9,9,1,30571
1024,1,11A232,14,40113,3,1,0,03,9,7,8,8,10,8,9,9,8,7,5,8,7,7,6,5,7,7,3,3,4,3,3,8,8,9,9,8,7,3,8,8,7,6,6,1,22928
1024,1,11A232,14,40113,1,1,0,02,10,10,10,10,10,10,10,10,10,10,8,10,8,9,9,9,9,9,1,1,1,1,0,9,9,9,10,9,7,7,10,10,7,7,7,1,22928
1024,1,11A232,14,40114,2,1,0,03,10,10,10,10,10,10,10,10,8,10,6,9,5,10,9,9,10,8,0,0,0,0,0,10,10,10,10,10,8,5,10,10,8,7,7,1,54242
1024,1,11A232,14,40114,4,1,0,01,10,0,10,8,10,10,9,10,10,10,8,10,10,7,6,5,5,7,3,4,4,5,2,9,10,9,8,10,9,5,10,10,7,7,6,1,7749
1024,1,11A232,14,40114,1,1,0,02,7,4,6,8,10,8,10,10,10,8,5,5,5,5,6,6,5,3,5,3,3,3,6,6,5,8,2,5,2,8,5,6,9,9,9,1,15498
1024,1,11A232,14,40114,3,1,0,01,10,10,10,10,10,10,10,10,10,10,10,10,0,10,10,10,10,10,0,0,0,0,0,10,10,10,10,8,10,5,10,10,7,10,10,1,15498
1024,1,11A232,14,40118,1,1,0,02,4,4,3,6,8,8,1,8,6,3,4,5,2,6,3,2,2,1,1,6,8,7,9,2,0,5,8,5,2,0,2,9,9,4,4,1,27435
1024,1,11A232,14,40118,4,1,0,02,10,10,10,9,10,9,10,10,10,10,10,9,1,7,6,8,9,10,3,3,1,0,0,8,5,10,10,9,10,0,10,10,0,0,0,1,13717
1024,1,11A232,14,40118,2,1,0,02,10,10,10,9,10,10,10,10,10,10,10,10,9,5,5,5,5,5,5,4,4,5,5,9,9,10,10,9,8,5,10,10,8,10,8,1,13717
1024,1,11A232,14,40118,3,1,0,01,10,10,10,10,10,10,10,10,10,7,7,10,6,5,4,2,5,5,3,5,7,0,5,10,10,10,0,7,5,0,10,10,10,6,8,1,6859
1024,1,11A232,14,40120,2,1,0,01,10,10,6,8,10,10,10,6,9,10,5,9,5,6,5,5,4,9,0,0,5,5,0,9,5,10,10,6,5,9,10,10,10,10,10,1,13275
1024,1,11A232,14,40120,4,1,0,02,8,10,8,8,10,10,10,10,10,10,10,10,5,7,4,5,6,6,2,6,5,4,4,8,10,8,10,9,8,8,10,10,10,8,10,1,13275
1024,1,11A232,14,40120,1,1,0,01,10,10,10,10,10,10,10,10,10,10,10,10,1,9,5,10,10,10,1,0,0,0,0,10,10,10,10,10,5,2,10,10,8,10,5,1,13275
1024,1,11A232,14,40120,3,1,0,02,10,10,9,10,10,9,10,10,10,10,9,10,0,5,10,7,10,9,0,0,2,0,0,10,10,10,10,10,10,9,10,10,10,9,5,1,19912
1024,1,11A232,14,40124,2,1,0,02,10,10,9,10,9,10,10,10,8,10,9,10,0,5,5,5,5,10,5,0,5,5,0,10,9,9,10,10,10,0,9,9,9,6,7,1,8894
1024,1,11A232,14,40124,1,1,0,01,8,10,7,10,10,10,10,10,7,8,7,8,5,5,5,2,5,4,0,0,7,5,5,10,8,7,8,7,10,7,7,8,8,10,7,1,22235
1024,1,11A232,14,40124,3,1,0,01,10,8,8,10,10,10,10,10,10,10,10,8,5,9,5,8,10,10,0,4,2,0,0,7,10,10,7,9,10,0,9,5,9,7,5,1,8894
1024,1,11A232,14,40124,4,1,0,01,7,5,6,0,8,10,9,10,10,10,10,8,0,0,5,0,9,5,4,3,2,1,5,10,0,5,10,8,10,0,0,10,10,10,10,1,4447
1024,1,11A232,14,40127,1,1,0,03,10,10,7,8,10,10,10,10,10,8,10,10,0,3,0,5,0,0,6,10,5,5,0,10,10,10,10,10,5,0,10,10,0,10,10,1,29391
1024,1,11A232,14,40127,2,1,0,03,6,3,5,8,10,8,10,10,10,10,8,6,9,10,10,10,10,10,0,0,0,0,0,3,8,8,6,8,10,0,7,5,5,5,5,1,22044
1024,1,11A232,14,40127,4,1,0,03,7,6,5,5,7,9,8,9,9,8,7,9,5,3,3,3,6,5,6,6,7,3,5,6,4,8,8,6,1,1,5,4,4,3,1,1,29391
1024,1,11A232,14,40128,1,1,0,01,9,6,9,9,10,10,10,10,10,9,9,9,8,9,7,6,5,5,1,1,3,5,4,9,7,8,9,9,9,8,8,9,6,8,8,1,9551
1024,1,11A232,14,40128,4,1,0,02,10,7,9,8,10,8,9,10,10,9,10,10,8,5,8,7,8,9,5,0,3,2,0,9,5,8,9,8,9,2,8,9,9,9,9,1,38203
1024,1,11A232,14,40128,2,1,0,01,10,10,10,10,10,10,10,10,10,10,10,10,6,10,10,10,10,10,0,0,0,0,0,10,10,10,10,10,10,9,10,10,10,10,10,1,9551
1024,1,11A232,14,40128,3,1,0,01,10,8,10,10,10,10,10,10,10,10,10,10,1,4,5,5,9,9,6,5,5,1,1,10,10,10,10,10,10,4,10,10,10,10,3,1,19102
1024,1,11A232,14,40131,3,1,0,03,8,10,10,10,9,8,8,10,8,10,5,5,7,8,7,6,6,7,1,2,3,4,3,10,10,8,7,8,10,2,8,8,5,10,10,1,35468
1024,1,11A232,14,40131,4,1,0,02,10,8,10,8,10,10,10,10,10,10,10,10,5,5,4,6,5,8,4,6,0,4,0,8,8,9,10,10,10,3,10,7,8,10,9,1,23645
1024,1,11A232,14,40131,1,1,0,02,5,5,7,7,9,10,10,8,10,10,10,8,9,4,1,2,3,2,4,8,7,7,7,8,5,9,8,2,7,1,8,10,3,7,1,1,23645
1024,1,11A232,14,40131,2,1,0,01,8,6,7,9,8,9,9,10,8,9,10,9,8,5,6,6,7,6,5,4,4,3,3,8,6,8,9,9,6,4,8,8,9,7,9,1,47290
1024,1,11A232,14,40133,1,1,0,03,8,8,9,9,9,8,9,9,9,8,9,8,4,6,6,4,4,6,4,4,6,6,3,8,9,8,7,6,8,6,7,8,7,7,8,1,29687
1024,1,11A232,14,40133,4,1,0,03,3,6,7,3,5,0,6,10,10,10,10,8,10,2,2,5,3,0,7,7,5,7,10,8,9,10,0,9,10,10,10,10,0,6,0,1,39583
1024,1,11A232,14,40133,3,1,0,02,10,8,9,7,4,4,7,5,8,8,9,5,2,7,6,7,5,9,2,4,3,4,0,7,10,8,7,8,9,6,7,9,9,7,7,1,39583
1024,1,11A232,14,40137,1,1,0,05,8,9,9,10,10,10,10,8,10,10,5,7,5,6,6,7,8,5,4,4,0,0,3,7,10,10,10,10,10,6,7,10,10,10,8,1,41148
1024,1,11A232,14,40137,4,1,0,01,10,10,10,10,10,10,10,10,10,10,10,10,0,10,10,7,10,10,0,0,2,0,0,10,10,10,10,10,10,0,10,10,10,4,4,1,16459
1024,1,11A232,14,40137,3,1,0,02,8,9,8,6,9,8,9,10,9,8,9,7,2,7,3,2,5,4,3,6,2,4,5,7,8,6,7,7,0,5,3,5,5,5,6,1,16459
1024,1,11A232,14,40140,4,1,0,01,9,8,8,9,9,8,9,9,10,9,8,9,5,6,7,6,5,6,2,3,3,4,3,8,7,7,8,7,8,3,8,9,6,6,5,1,8124
1024,1,11A232,14,40140,3,1,0,02,8,8,9,9,7,10,9,10,9,10,7,9,10,8,6,8,6,8,2,4,1,3,1,8,9,8,8,9,6,0,9,9,8,6,3,1,16248
1024,1,11A232,14,40140,2,1,0,01,7,5,7,8,9,10,10,10,10,8,9,9,6,8,6,6,9,9,2,3,3,1,1,7,9,8,10,9,5,4,8,9,9,7,8,1,16248
1024,1,11A232,14,40141,2,1,0,03,10,10,10,10,10,10,10,10,10,10,10,10,5,7,7,7,7,6,2,2,2,2,3,10,10,10,10,10,10,10,10,10,5,8,8,1,22532
1024,1,11A232,14,40141,3,1,0,01,8,8,10,10,10,10,10,10,10,8,8,10,2,10,10,9,10,10,0,0,1,0,0,8,8,8,8,8,10,4,10,8,6,6,8,1,22532
1024,1,11A232,14,40141,4,1,0,01,6,6,10,10,10,10,10,5,10,10,10,10,2,7,7,6,8,5,2,3,4,2,0,8,7,8,8,10,3,0,10,10,6,7,7,1,7511
1024,1,11A232,14,40144,2,1,0,01,9,9,9,9,9,9,9,9,9,9,9,9,10,9,5,5,6,6,1,5,5,3,3,7,7,8,7,8,6,4,5,5,5,5,5,1,10209
1024,1,11A232,14,40144,4,1,0,02,10,5,10,10,10,10,10,10,5,10,10,10,0,5,9,7,6,7,5,1,2,3,2,10,10,10,8,5,5,5,10,10,10,10,10,1,20419
1024,1,11A232,14,40144,1,1,0,02,9,7,9,9,10,10,10,10,10,10,10,10,3,10,10,10,10,10,0,0,0,0,0,10,8,10,9,9,8,0,8,9,9,10,10,1,20419
1024,1,11A232,14,40146,3,1,0,02,2,8,3,10,5,7,10,10,5,10,10,6,5,10,3,0,0,10,0,3,10,0,0,0,5,10,10,10,5,5,10,10,10,10,10,1,29824
1024,1,11A232,14,40146,2,1,0,03,5,1,8,5,10,10,10,5,10,8,0,10,0,3,7,1,4,4,6,1,8,5,6,10,0,9,5,7,10,9,10,10,8,10,10,1,29824
1024,1,11A232,14,40146,4,1,0,01,5,5,10,10,10,10,10,10,10,10,10,10,7,10,7,10,10,7,0,2,0,0,0,8,7,7,7,8,8,5,10,8,8,8,8,1,9941
1024,1,11A232,14,40146,1,1,0,01,8,4,6,6,8,9,9,10,9,9,2,8,3,5,5,3,8,7,2,2,7,2,2,8,7,8,8,8,9,6,10,9,7,7,5,1,9941
1024,1,11A232,14,40150,4,1,0,01,9,8,8,9,10,9,9,9,9,10,8,9,7,9,7,6,8,9,1,3,4,0,0,9,7,9,9,9,9,7,8,9,7,7,7,1,18641
1024,1,11A232,14,40150,3,1,0,02,10,10,10,10,8,10,10,10,10,7,10,10,10,10,7,8,10,6,0,3,2,0,4,7,10,10,10,10,0,10,10,0,4,10,10,1,27962
1024,1,11A232,14,40150,2,1,0,01,8,6,8,9,10,8,8,10,10,7,10,6,3,5,6,7,6,5,4,4,3,4,4,8,8,7,0,7,5,0,8,5,8,8,8,1,9321
1024,1,11A232,14,40153,1,1,0,01,10,5,8,2,10,4,10,10,10,8,10,8,0,5,0,5,7,0,5,0,5,2,10,8,10,10,8,6,10,0,10,10,10,10,8,1,26114
1024,1,11A232,14,40153,4,1,0,03,10,10,10,10,10,9,6,10,10,7,10,7,10,10,10,9,8,6,0,0,0,0,0,10,10,10,10,10,10,0,0,10,10,10,10,1,39170
1024,1,11A232,14,40153,2,1,0,02,8,10,9,8,9,6,9,10,10,9,10,9,6,6,6,4,5,5,4,3,5,0,5,9,6,9,10,6,8,8,7,10,10,10,9,1,26114
1024,1,11A232,14,40153,3,1,0,01,8,8,7,9,10,8,7,10,10,10,0,7,8,2,2,8,7,3,0,8,1,0,0,8,8,7,7,8,8,8,9,9,9,8,8,1,13057
1024,1,11A232,14,40157,4,1,0,01,8,8,7,10,10,9,10,10,10,10,5,7,8,5,1,1,0,1,5,5,1,5,1,7,8,10,10,10,10,0,10,10,5,5,5,1,20309
1024,1,11A232,14,40157,2,1,0,02,9,8,8,10,10,10,10,10,9,10,5,9,8,4,7,6,5,5,5,3,4,4,4,8,10,9,10,8,5,3,9,10,2,4,5,1,20309
1024,1,11A232,14,40157,3,1,0,02,9,10,9,9,9,10,9,10,8,9,9,9,9,5,4,5,5,5,4,5,4,4,5,9,9,9,9,8,9,9,9,9,9,8,8,1,40617
1024,1,11A232,14,40163,3,1,0,01,10,0,10,0,10,5,10,10,5,5,10,10,10,5,5,0,5,0,5,5,10,5,0,10,10,10,10,5,5,0,10,10,10,0,10,1,28267
1024,1,11A232,14,40163,2,1,0,03,8,5,8,8,8,9,9,10,10,10,5,8,3,8,6,8,9,8,1,3,2,0,0,8,8,7,7,8,9,4,8,10,7,4,5,1,28267
1024,1,11A232,14,40163,1,1,0,01,7,7,7,10,5,6,8,7,7,8,8,9,5,5,7,9,6,5,5,0,0,4,0,10,8,8,8,7,5,0,9,10,10,10,8,1,18845
1024,1,11A232,14,40167,3,1,0,01,4,2,5,6,3,10,10,8,10,10,5,5,9,10,6,8,8,10,0,3,0,0,0,4,8,8,9,10,0,0,8,8,5,3,3,1,10430
1024,1,11A232,14,40167,1,1,0,01,10,10,10,10,10,10,10,10,10,10,9,10,0,10,9,9,9,10,0,1,1,1,0,10,9,10,10,10,8,7,10,10,7,7,7,1,20859
1024,1,11A232,14,40167,2,1,0,01,4,3,5,6,8,10,3,5,3,9,10,1,3,2,4,5,0,4,2,4,5,7,5,6,2,5,8,9,4,8,5,9,8,6,10,1,10430
1024,1,11A232,14,40167,4,1,0,02,10,10,10,10,10,10,10,10,10,10,9,10,7,10,8,7,9,9,0,2,3,1,0,10,10,10,10,10,10,8,10,10,10,9,9,1,20859
1024,1,12A232,14,40170,3,1,0,01,10,10,10,10,10,10,10,10,10,10,10,10,5,10,10,10,10,10,0,0,0,0,0,10,10,10,10,10,10,10,10,10,10,10,10,1,17535
1024,1,12A232,14,40170,4,1,0,01,8,8,7,8,10,8,7,10,10,7,0,7,5,10,10,5,6,5,0,0,5,3,0,8,10,8,8,8,10,2,8,9,8,10,8,1,8767
1024,1,12A232,14,40170,1,1,0,01,9,10,8,8,7,9,10,10,9,9,6,9,3,8,7,8,8,7,2,2,2,1,2,7,8,7,7,8,8,6,8,9,9,7,5,1,17535
1024,1,12A232,14,40172,2,1,0,01,9,9,9,10,10,10,10,10,10,10,9,10,0,9,9,9,9,9,1,1,1,0,0,10,9,10,10,10,5,3,8,10,10,5,5,1,8985
1024,1,12A232,14,40172,1,1,0,01,8,8,8,8,10,9,9,10,10,10,7,8,6,8,8,10,10,8,0,0,0,0,0,7,8,8,9,8,10,0,9,9,10,6,8,1,17970
1024,1,12A232,14,40172,4,1,0,01,8,6,8,9,10,5,7,9,9,10,10,7,6,9,9,5,5,5,1,1,0,5,5,9,7,10,10,5,10,5,9,10,10,9,9,1,17970
1024,1,12A232,14,40172,3,1,0,01,10,10,10,10,10,7,10,10,10,10,10,10,8,10,10,10,10,7,0,0,0,0,0,10,5,10,10,8,10,8,10,10,10,10,9,1,26955
1024,1,12A232,14,40176,4,1,0,01,7,9,10,10,10,10,10,10,10,10,5,8,10,4,10,10,7,10,6,0,0,2,0,6,8,6,5,10,10,1,10,10,6,9,10,1,17490
1024,1,12A232,14,40176,1,1,0,01,10,10,10,10,10,5,10,10,10,5,10,5,10,5,10,5,2,7,5,0,0,7,2,10,5,10,10,10,10,0,5,10,3,7,10,1,8745
1024,1,12A232,14,40176,3,1,0,01,8,7,8,9,10,8,8,8,8,8,10,7,8,5,6,5,5,4,5,3,5,4,5,8,10,7,8,7,8,5,7,8,8,6,5,1,8745
1024,1,12A232,14,40176,2,1,0,03,8,6,9,8,10,9,9,9,10,9,7,8,5,7,4,5,6,9,3,6,4,3,0,8,9,8,10,9,6,4,8,9,8,9,9,1,26235
1024,1,12A232,14,40179,1,1,0,01,10,8,9,8,10,8,10,10,10,5,0,9,7,5,5,8,5,10,4,4,2,0,0,10,9,9,10,8,8,3,9,5,7,2,3,1,17501
1024,1,12A232,14,40179,4,1,0,01,10,10,10,8,10,10,10,10,8,10,10,10,5,10,10,8,8,10,0,0,0,0,0,10,8,10,10,8,10,5,10,10,10,9,9,1,8751
1024,1,12A232,14,40179,3,1,0,01,10,10,10,10,10,10,10,10,8,10,9,10,2,9,10,10,10,10,1,0,0,0,0,10,10,10,10,10,10,9,10,10,6,10,10,1,35003
1024,1,12A232,14,40180,2,1,0,01,10,10,10,10,10,10,10,10,10,10,0,10,5,10,10,7,8,10,0,0,3,0,0,10,10,10,10,10,8,4,10,10,10,10,10,1,8678
1024,1,12A232,14,40180,1,1,0,02,10,10,10,10,10,8,10,10,10,10,10,10,8,9,9,10,10,10,1,1,0,0,0,10,10,10,10,10,10,0,10,10,10,9,8,1,17356
1024,1,12A232,14,40183,4,1,0,01,9,8,9,10,10,10,10,10,10,10,0,10,8,10,10,10,10,10,0,0,0,0,0,9,9,9,9,10,10,5,9,10,9,10,10,1,28021
1024,1,12A232,14,40183,3,1,0,01,9,7,10,9,10,10,10,10,10,10,10,10,8,8,8,9,10,10,1,1,1,0,0,8,8,10,8,8,10,0,9,9,8,9,8,1,18681
1024,1,12A232,14,40183,1,1,0,01,10,7,8,5,9,9,9,9,9,5,10,9,7,3,5,5,7,6,7,5,4,2,3,9,7,9,9,7,9,8,9,9,9,7,5,1,18681
1024,1,12A232,14,40183,2,1,0,02,8,7,9,10,10,9,10,10,10,10,9,9,2,5,5,6,6,9,5,4,3,3,0,7,7,8,10,8,6,3,9,8,8,6,5,1,18681
1024,1,12A232,14,40185,1,1,0,01,10,8,10,9,10,8,10,10,10,10,5,10,4,9,5,7,6,9,1,5,2,3,0,6,8,10,9,8,9,6,9,10,8,8,8,1,17336
1024,1,12A232,14,40185,3,1,0,03,8,7,10,9,8,9,9,9,8,10,10,10,1,9,9,9,9,9,0,1,1,1,1,8,9,10,9,9,10,7,7,9,9,9,9,1,26004
1024,1,12A232,14,40185,2,1,0,01,8,8,8,8,9,9,9,9,10,9,6,8,8,6,5,6,5,6,4,5,3,4,3,9,8,9,8,9,6,6,9,8,7,7,8,1,17336
1024,1,12A232,14,40189,3,1,0,02,6,9,5,9,10,9,10,10,8,7,10,9,5,5,6,7,8,7,5,3,2,1,0,7,4,9,6,5,10,1,8,9,4,2,0,1,31012
1024,1,12A232,14,40189,2,1,0,01,8,7,10,9,8,7,10,10,9,9,8,9,8,6,7,6,6,5,3,3,4,4,5,10,9,9,8,6,9,8,7,7,9,9,10,1,31012
1024,1,12A232,14,40189,1,1,0,01,4,4,4,3,1,2,0,3,5,5,10,3,10,5,0,2,0,1,5,2,4,10,9,3,0,5,10,6,3,5,5,7,7,8,8,1,23259
1024,1,12A232,14,40189,4,1,0,01,9,10,5,8,10,10,9,10,10,10,10,5,5,2,2,2,3,2,7,7,6,6,5,9,3,8,7,9,5,7,5,8,4,6,8,1,15506
1024,1,12A232,14,40192,1,1,0,03,9,9,9,9,9,10,10,10,9,10,10,9,5,9,9,10,8,9,1,1,0,1,1,9,9,9,8,9,10,9,9,9,10,10,10,1,25819
1024,1,12A232,14,40192,4,1,0,01,8,6,9,10,10,10,10,9,10,10,10,10,10,8,4,4,10,10,0,5,6,0,0,7,9,7,10,10,7,7,10,7,7,10,10,1,17213
1024,1,12A232,14,40192,3,1,0,02,10,10,10,10,10,10,10,10,10,10,9,10,0,8,8,8,8,8,1,2,2,1,1,9,9,9,10,8,8,8,10,10,10,10,10,1,17213
1024,1,12A232,14,40192,2,1,0,02,10,10,10,10,10,10,10,10,10,10,10,10,2,10,10,10,10,10,0,0,0,0,0,9,10,10,9,10,10,10,10,10,10,10,8,1,34426
1024,1,12A232,14,40193,3,1,0,04,8,9,9,7,10,10,9,10,10,10,8,9,9,9,9,6,5,9,0,0,3,4,0,8,9,10,10,8,7,0,9,10,10,8,10,1,25803
1024,1,12A232,14,40193,1,1,0,02,10,10,10,10,10,10,10,10,10,10,10,10,9,6,4,5,9,10,3,5,5,0,0,10,8,10,10,9,7,8,5,10,10,10,10,1,34404
1024,1,12A232,14,40193,4,1,0,03,9,9,8,10,7,8,10,10,10,10,5,10,5,8,6,8,6,6,2,4,2,2,0,10,7,10,9,10,10,10,10,10,2,10,10,1,25803
1024,1,12A232,14,40196,4,1,0,01,4,6,3,5,10,10,5,10,10,10,10,5,8,10,6,5,10,10,0,3,5,0,0,4,10,5,10,5,0,0,10,2,0,0,0,1,9066
1024,1,12A232,14,40196,3,1,0,01,10,10,10,8,10,10,10,10,10,10,10,10,0,10,10,10,10,10,0,0,0,0,0,10,10,10,10,10,10,6,10,10,10,10,10,1,27198
1024,1,12A232,14,40196,1,1,0,01,5,10,6,7,10,8,8,10,10,10,5,6,8,10,7,4,6,10,0,3,5,4,0,10,10,10,6,8,5,8,10,10,10,10,7,1,36264
1024,1,12A232,14,40196,2,1,0,01,10,10,5,2,0,0,10,10,5,1,10,7,8,6,8,5,8,8,0,0,5,2,1,5,10,5,10,10,10,10,10,10,0,10,10,1,9066
1024,1,12A232,14,40198,3,1,0,02,10,6,7,10,10,10,10,10,10,10,6,7,5,1,5,2,3,5,9,5,8,6,0,8,10,7,10,10,5,5,8,10,10,10,8,1,27115
1024,1,12A232,14,40198,1,1,0,01,9,9,10,10,10,10,10,10,10,10,0,10,0,10,10,3,9,9,0,0,6,0,0,8,8,9,10,9,10,0,10,9,9,4,2,1,9038
1024,1,12A232,14,40198,4,1,0,01,8,7,9,6,10,9,8,10,10,10,10,8,9,5,3,6,7,5,4,6,4,3,2,7,7,6,9,9,2,4,8,4,5,8,10,1,9038
1024,1,12A232,14,40198,2,1,0,04,9,8,9,10,10,10,10,10,10,10,5,9,7,9,9,10,10,10,0,0,0,0,0,9,8,10,10,10,8,10,10,10,8,8,4,1,36154
1024,1,12A232,14,40205,1,1,0,01,8,8,8,8,8,8,8,8,8,8,1,8,1,9,8,8,8,8,1,1,1,1,1,8,8,8,8,8,8,8,8,8,8,8,8,1,26209
1024,1,12A232,14,40205,3,1,0,02,10,10,10,8,10,9,10,10,8,10,8,9,5,5,6,6,8,9,3,3,3,1,0,10,10,10,10,10,8,5,10,10,10,5,5,1,17472
1024,1,12A232,14,40205,4,1,0,05,9,8,9,10,10,9,9,8,9,10,6,10,5,5,6,7,9,10,4,3,3,1,0,9,10,9,9,10,9,8,9,10,10,10,10,1,26209
1024,1,12A232,14,40205,2,1,0,01,8,10,5,10,5,9,9,10,9,10,10,10,0,9,10,10,9,10,0,0,0,0,0,8,10,9,8,9,10,8,10,10,0,10,10,1,17472
1024,1,13A232,14,40209,3,1,0,02,4,2,5,10,10,8,5,4,10,5,0,5,6,3,10,4,6,5,6,0,5,0,3,10,10,5,10,10,6,3,5,10,10,7,2,1,23889
1024,1,13A232,14,40209,1,1,0,04,3,8,4,2,10,9,8,8,10,7,10,6,7,5,6,3,2,3,1,1,2,5,6,4,5,7,7,8,1,1,4,1,7,8,5,1,59723
1024,1,13A232,14,40209,2,1,0,02,10,8,10,10,10,10,10,10,10,10,9,10,8,9,9,8,10,8,1,1,1,0,0,10,10,10,10,10,8,7,10,10,10,6,5,1,23889
1024,1,13A232,14,40211,2,1,0,01,8,7,9,10,10,9,10,10,10,10,10,10,9,10,9,7,9,10,0,0,2,0,0,9,9,9,9,9,10,6,9,10,10,8,8,1,36227
1024,1,13A232,14,40211,1,1,0,01,10,10,10,10,10,10,10,10,10,10,10,10,5,10,8,7,5,5,0,2,2,5,5,10,5,10,10,10,10,0,10,10,10,5,0,1,12076
1024,1,13A232,14,40211,3,1,0,01,1,1,6,7,7,10,10,7,8,10,10,10,7,4,5,5,6,5,5,5,5,3,4,7,4,3,2,7,0,2,6,8,8,8,5,1,24151
1024,1,13A232,14,40215,4,1,0,02,10,10,8,10,8,8,8,10,10,8,10,9,7,9,8,9,8,9,1,1,1,1,1,8,9,6,10,8,8,5,8,9,10,9,6,1,46907
1024,1,13A232,14,40215,3,1,0,02,10,10,10,10,10,10,10,10,10,10,10,9,9,10,10,10,9,10,0,0,0,1,0,9,9,10,10,10,9,6,10,9,9,8,7,1,23454
1024,1,13A232,14,40215,2,1,0,02,8,8,4,7,10,5,7,9,7,7,3,5,1,5,5,5,5,5,5,0,5,4,1,8,5,8,8,7,7,0,8,8,5,5,5,1,23454
1024,1,13A232,14,40218,4,1,0,02,9,9,10,9,10,10,10,10,10,10,10,10,2,9,9,5,5,10,1,1,5,0,0,9,9,9,9,9,10,1,10,10,8,10,10,1,30732
1024,1,13A232,14,40218,2,1,0,02,10,8,9,10,10,10,10,10,10,10,10,8,0,7,8,9,9,8,0,2,1,0,0,10,10,9,9,9,8,5,10,10,8,8,8,1,20488
1024,1,13A232,14,40218,3,1,0,01,9,7,5,10,10,10,10,10,10,10,10,8,0,7,2,1,10,8,0,7,9,0,1,5,4,8,9,10,10,4,10,10,10,10,8,1,10244
1024,1,13A232,14,40219,2,1,0,01,5,5,8,7,9,9,9,9,7,9,9,8,7,6,6,6,6,6,3,4,4,3,3,3,7,7,7,7,5,0,6,5,4,3,0,1,8851
1024,1,13A232,14,40219,3,1,0,02,10,10,10,10,10,10,9,10,10,10,10,10,1,8,9,9,10,10,1,1,0,0,0,10,10,10,10,10,10,5,10,10,7,5,2,1,17702
1024,1,13A232,14,40219,4,1,0,01,9,9,10,9,10,10,10,10,10,10,10,9,7,5,8,5,5,4,2,2,4,5,6,8,9,9,9,10,8,0,10,7,8,2,2,1,17702
1024,1,13A232,14,40219,1,1,0,02,10,8,10,9,10,10,10,10,10,10,10,10,8,7,8,7,8,9,3,2,2,1,0,10,10,10,10,10,10,6,10,10,10,10,10,1,17702
1024,1,13A232,14,40222,1,1,0,06,8,7,9,8,10,9,9,9,9,10,7,8,6,6,6,6,7,7,3,4,4,3,1,9,8,9,9,8,8,6,7,8,9,6,5,1,66859
1024,1,13A232,14,40222,2,1,0,01,9,8,10,9,10,10,8,10,9,10,2,9,3,7,8,6,8,7,2,1,4,1,0,9,8,9,9,9,10,6,9,9,8,7,7,1,11143
1024,1,13A232,14,40224,4,1,0,02,8,8,6,7,8,8,8,9,5,9,9,7,2,9,4,7,7,8,1,4,2,1,1,7,6,6,6,8,6,5,8,9,9,6,5,1,20890
1024,1,13A232,14,40224,2,1,0,01,10,10,10,10,10,10,10,10,10,10,0,10,0,10,10,10,10,10,0,0,0,0,0,10,10,10,10,10,9,10,10,10,10,10,8,1,20890
1024,1,13A232,14,40224,1,1,0,01,10,10,10,10,10,10,10,10,10,10,10,10,5,6,7,5,5,8,4,2,5,0,0,10,7,10,10,10,7,3,9,9,10,0,2,1,20890
1024,1,13A232,14,40228,2,1,0,01,9,9,10,10,10,10,10,9,10,10,6,10,0,10,10,10,10,10,0,0,0,0,0,9,9,9,10,9,10,0,10,9,9,9,5,1,8508
1024,1,13A232,14,40228,1,1,0,01,10,8,8,8,10,10,10,10,10,10,7,10,10,10,10,5,10,10,0,0,5,0,0,9,8,10,10,9,10,5,10,10,9,8,5,1,17017
1024,1,13A232,14,40228,4,1,0,02,10,10,8,10,10,7,9,10,10,10,10,8,9,7,10,5,5,5,2,0,5,0,0,10,6,6,10,10,5,7,8,7,10,10,10,1,17017
1024,1,13A232,14,40231,1,1,0,02,8,6,7,8,10,9,9,10,10,10,10,10,0,10,7,7,5,10,0,2,2,4,0,8,7,8,9,10,8,7,7,7,10,9,9,1,24409
1024,1,13A232,14,40231,3,1,0,01,10,10,10,9,10,10,9,10,10,10,9,9,9,6,5,7,10,9,3,4,2,0,0,10,9,9,9,9,9,7,9,10,10,7,9,1,36614
1024,1,13A232,14,40232,4,1,0,01,5,10,9,5,10,9,9,10,9,9,10,5,10,0,3,3,7,0,0,7,6,2,9,9,9,9,10,5,10,9,9,9,10,10,5,1,8366
1024,1,13A232,14,40232,1,1,0,01,8,8,8,10,10,6,8,8,9,9,8,8,8,5,6,5,6,8,5,4,5,0,0,6,6,10,10,10,10,0,5,6,9,5,5,1,8366
1024,1,13A232,14,40235,4,1,0,02,8,8,7,6,8,8,8,8,8,7,10,10,0,5,5,3,4,5,4,4,6,6,4,8,7,8,9,8,3,8,7,9,10,6,7,1,21017
1024,1,13A232,14,40235,1,1,0,01,10,4,8,9,10,8,8,8,8,8,9,8,7,9,9,10,8,8,0,0,0,0,0,9,9,9,7,8,10,8,10,8,8,5,5,1,10509
1024,1,13A232,14,40235,2,1,0,01,10,10,9,10,10,10,10,10,10,10,7,10,3,10,6,7,9,9,0,3,2,1,1,10,7,10,10,10,10,8,10,8,9,8,6,1,10509
1024,1,13A232,14,40237,4,1,0,02,9,9,9,9,9,8,9,9,7,9,8,8,0,10,10,6,10,10,0,0,4,0,0,7,8,8,9,8,7,3,9,7,7,7,3,1,41406
1024,1,13A232,14,40237,3,1,0,03,10,9,8,10,10,10,10,10,9,10,7,7,2,8,7,7,5,7,2,1,2,2,1,8,6,8,9,10,10,7,9,8,6,7,7,1,41406
1024,1,13A232,14,40237,2,1,0,01,8,7,6,8,9,8,10,9,10,8,5,7,2,9,9,8,5,9,1,1,1,0,1,7,8,8,9,8,6,4,8,7,7,5,5,1,20703
1024,1,13A232,14,40237,1,1,0,02,10,5,8,10,10,8,5,10,10,8,0,8,8,10,10,6,5,5,0,0,3,0,0,8,10,8,8,5,5,3,8,5,5,8,8,1,20703
1024,1,11A232,15,40002,1,1,0,02,10,10,10,9,10,10,10,10,10,10,6,10,5,9,8,9,10,9,1,1,1,0,0,10,10,9,10,10,8,8,10,10,9,9,9,1,21601
1024,1,11A232,15,40002,4,1,0,01,10,10,8,8,7,6,8,8,7,8,10,10,6,1,5,6,6,3,5,5,3,4,7,10,6,6,8,6,7,5,5,10,6,9,9,1,21601
1024,1,11A232,15,40002,2,1,0,01,10,10,10,10,10,10,10,10,9,10,9,10,0,9,10,9,9,8,1,0,1,1,0,10,8,10,10,10,9,8,10,10,9,8,8,1,16201
1024,1,11A232,15,40002,3,1,0,01,10,9,8,9,9,9,10,10,9,10,8,9,4,5,8,8,8,7,5,1,1,1,3,10,9,10,9,8,8,10,10,10,9,10,10,1,5400
1024,1,11A232,15,40015,4,1,0,05,7,7,10,9,9,10,10,9,8,9,9,9,9,5,8,5,8,4,4,2,4,2,5,10,6,10,10,10,9,10,10,10,2,2,9,1,33828
1024,1,11A232,15,40015,3,1,0,02,10,7,7,9,10,10,9,9,9,7,0,6,10,10,5,10,7,10,0,4,0,2,0,9,6,6,10,6,10,2,10,10,10,5,10,1,16914
1024,1,11A232,15,40020,4,1,0,05,10,10,9,9,10,9,9,10,10,10,8,10,3,8,9,9,9,10,1,1,1,0,0,10,10,9,9,9,8,9,10,9,9,8,7,1,16435
1024,1,11A232,15,40020,3,1,0,03,5,2,10,10,10,10,10,8,10,10,10,2,6,4,6,10,10,5,6,3,0,0,0,9,8,6,6,8,5,8,10,10,10,10,10,1,32869
1024,1,11A232,15,40020,2,1,0,02,9,8,9,9,10,8,9,9,9,9,9,9,8,8,8,7,9,8,0,2,3,0,0,9,7,9,9,9,9,8,8,8,7,8,8,1,16435
1024,1,11A232,15,40020,1,1,0,03,8,5,8,7,10,8,9,10,10,10,10,8,3,5,7,5,8,10,5,3,4,1,0,8,7,9,8,8,10,0,8,8,8,7,5,1,32869
1024,1,11A232,15,40021,2,1,0,04,9,9,8,9,9,9,9,9,9,9,7,9,6,8,8,7,9,9,2,2,2,1,1,9,9,9,9,9,9,7,9,9,7,6,7,1,31375
1024,1,11A232,15,40021,1,1,0,03,10,9,10,7,6,7,9,10,10,9,10,4,8,3,2,4,8,5,7,7,6,0,0,10,10,8,10,8,9,5,6,10,8,10,10,1,23531
1024,1,11A232,15,40021,3,1,0,02,9,9,8,8,10,8,10,10,10,10,5,9,7,5,5,6,5,5,4,5,3,3,3,9,8,7,8,10,5,2,9,6,9,5,5,1,23531
1024,1,11A232,15,40021,4,1,0,01,8,8,8,8,8,8,8,9,8,9,8,8,10,8,6,6,7,6,0,3,3,0,3,9,8,8,9,9,9,0,8,8,7,7,8,1,7844
1024,1,11A232,15,40029,2,1,0,01,10,10,8,8,10,9,10,9,10,10,7,8,4,10,7,4,8,10,0,2,5,2,0,10,8,9,10,7,5,8,9,10,10,7,7,1,7267
1024,1,11A232,15,40029,1,1,0,03,7,9,8,7,8,7,8,9,9,10,6,6,6,7,5,5,5,5,2,4,5,5,4,5,7,7,6,7,6,4,5,7,6,6,5,1,21800
1024,1,11A232,15,40029,3,1,0,02,9,5,10,7,10,10,10,10,9,10,10,10,5,10,10,7,10,8,0,0,2,0,0,8,5,7,10,10,9,9,10,10,10,7,6,1,14533
1024,1,11A232,15,40029,4,1,0,02,8,4,10,7,10,6,10,10,10,10,6,8,8,10,10,6,10,10,0,0,4,0,0,9,10,10,10,8,10,7,10,8,8,9,6,1,14533
1024,1,11A232,15,40041,3,1,0,02,10,8,9,10,10,7,9,10,7,10,4,8,7,5,5,3,3,3,5,5,6,7,4,9,8,9,6,9,8,3,7,10,5,5,3,1,17781
1024,1,11A232,15,40041,1,1,0,01,8,8,7,9,10,8,10,10,8,5,5,7,3,8,8,8,6,5,1,1,2,3,1,6,6,5,10,8,8,2,9,5,7,2,5,1,17781
1024,1,11A232,15,40041,4,1,0,02,10,5,8,10,10,10,10,10,9,10,10,8,8,9,9,9,9,9,1,1,1,1,1,10,8,8,10,10,10,8,10,10,10,10,10,1,17781
1024,1,11A232,15,40041,2,1,0,01,10,9,10,10,10,10,10,10,10,10,10,10,3,8,8,9,9,9,1,1,1,1,1,7,7,8,9,10,10,6,10,8,8,8,7,1,17781
1024,1,12A232,15,40046,2,1,0,01,10,10,10,10,10,10,10,10,10,10,9,10,2,8,9,8,10,9,2,1,2,0,0,10,10,10,10,10,9,6,10,8,8,8,8,1,7866
1024,1,12A232,15,40046,4,1,0,01,9,9,8,7,10,9,9,7,9,8,10,7,6,7,9,6,7,7,2,1,3,2,3,9,10,9,7,9,6,3,7,9,7,7,7,1,7866
1024,1,12A232,15,40046,1,1,0,01,10,10,9,9,9,9,10,10,10,9,6,10,2,6,5,8,9,9,3,4,2,1,1,10,10,9,9,9,8,6,8,10,9,8,7,1,15732
1024,1,12A232,15,40046,3,1,0,01,8,8,9,9,9,8,8,8,8,9,7,8,5,8,8,6,6,1,1,2,4,2,2,8,7,8,9,8,7,6,8,9,7,7,6,1,7866
1024,1,12A232,15,40047,1,1,0,02,8,6,9,8,10,10,10,10,10,9,5,7,4,5,3,4,6,3,4,6,5,3,2,8,8,8,9,8,7,1,6,9,3,0,6,1,24224
1024,1,12A232,15,40047,4,1,0,01,9,7,9,10,10,8,9,10,10,10,10,9,5,9,8,7,9,6,1,2,2,1,3,10,7,10,10,10,9,7,10,10,9,9,8,1,16149
1024,1,12A232,15,40047,3,1,0,02,8,7,9,9,9,10,9,9,4,9,6,7,1,7,7,6,8,8,2,3,3,1,0,7,9,8,10,8,9,1,7,8,8,1,9,1,16149
1024,1,12A232,15,40047,2,1,0,03,10,8,8,8,10,10,10,9,10,4,1,10,9,9,9,7,9,9,1,1,2,1,1,10,10,9,9,9,1,8,10,10,9,5,8,1,24224
1024,1,12A232,15,40054,1,1,0,06,10,10,10,10,10,10,10,10,10,10,10,10,10,9,8,6,7,8,1,1,4,3,1,10,10,10,10,10,10,10,10,10,10,7,10,1,64411
1024,1,12A232,15,40054,4,1,0,01,7,9,8,7,8,9,10,10,10,0,10,7,6,7,5,3,7,7,3,5,6,3,1,10,6,10,6,7,6,1,7,10,3,7,1,1,18403
1024,1,12A232,15,40054,3,1,0,05,10,10,9,9,9,9,9,9,9,9,10,9,2,10,10,9,10,10,0,0,1,0,0,10,10,10,10,10,10,5,4,10,10,10,10,1,27605
1024,1,12A232,15,40055,4,1,0,02,10,10,10,10,10,10,10,10,10,10,10,10,9,9,9,9,9,9,1,1,1,1,1,10,10,8,10,10,10,2,10,10,8,8,8,1,16626
1024,1,12A232,15,40055,1,1,0,02,7,7,10,10,5,10,10,10,5,10,10,10,1,9,9,9,9,9,1,1,1,1,1,10,10,5,1,5,10,1,10,10,6,10,8,1,16626
1024,1,12A232,15,40055,2,1,0,01,8,6,9,9,8,6,8,9,8,10,10,10,7,8,8,4,7,5,1,1,5,1,4,10,8,9,10,8,5,8,7,6,6,7,7,1,8313
1024,1,12A232,15,40055,3,1,0,02,9,9,8,8,10,9,10,10,10,10,8,10,4,6,7,8,7,6,3,2,1,2,4,8,9,10,8,8,8,9,8,9,9,8,9,1,24940
1024,1,12A232,15,40059,4,1,0,02,9,9,10,10,10,10,10,10,10,10,7,8,8,7,9,9,7,5,3,1,1,2,4,8,8,8,9,10,9,5,10,9,10,5,5,1,18213
1024,1,12A232,15,40059,2,1,0,03,9,10,10,10,10,10,10,10,9,10,8,10,10,5,7,10,10,5,5,2,0,0,0,10,10,10,5,10,10,5,10,10,5,5,5,1,18213
1024,1,12A232,15,40059,1,1,0,01,10,10,9,10,10,10,10,10,10,10,10,10,0,9,10,10,10,10,1,0,0,0,0,10,10,10,10,10,10,9,10,10,10,5,5,1,6071
1024,1,12A232,15,40060,1,1,0,03,10,10,10,10,10,10,10,10,10,10,1,10,5,6,9,9,9,8,3,1,1,1,1,10,10,10,10,8,8,8,10,10,8,5,8,1,21712
1024,1,12A232,15,40060,4,1,0,01,8,8,7,9,10,10,10,10,10,10,10,10,5,4,3,6,5,1,5,6,4,5,5,10,6,7,6,8,10,5,10,10,10,10,8,1,14475
1024,1,12A232,15,40060,2,1,0,01,5,6,7,3,8,10,10,10,10,10,0,10,0,5,7,5,9,7,0,2,5,1,2,6,5,10,10,5,10,10,10,9,10,5,10,1,7237
1024,1,12A232,15,40060,3,1,0,02,10,9,10,10,8,7,10,10,10,10,1,10,5,7,6,5,1,6,3,2,5,9,1,10,5,10,5,9,8,6,9,10,10,7,7,1,14475
1024,1,12A232,15,40066,4,1,0,02,10,8,10,10,10,10,10,10,10,10,8,10,8,5,9,10,10,10,5,0,0,0,0,10,10,10,9,10,8,6,9,8,9,8,6,1,30466
1024,1,12A232,15,40066,3,1,0,01,10,10,10,10,10,10,10,10,10,10,5,10,0,10,10,10,10,10,0,0,0,0,0,10,10,10,10,10,10,6,10,10,10,7,5,1,30466
1024,1,13A232,15,40068,1,1,0,01,7,5,8,7,7,7,8,8,8,8,8,8,7,9,9,9,9,9,0,0,0,0,0,6,5,7,8,7,7,9,9,9,9,9,10,1,21231
1024,1,13A232,15,40068,4,1,0,01,9,10,10,9,10,10,9,10,10,10,8,9,9,9,9,9,9,9,0,0,0,0,0,10,9,9,9,9,9,7,10,10,9,9,9,1,10616
1024,1,13A232,15,40072,2,1,0,01,6,8,8,5,4,6,9,8,8,9,10,7,7,5,6,7,8,7,5,4,3,2,2,8,9,9,8,4,8,6,8,9,7,4,3,1,30616
1024,1,13A232,15,40072,1,1,0,03,8,9,10,8,10,10,10,10,10,10,0,10,2,8,7,8,8,10,1,3,1,0,0,7,9,8,8,8,6,0,10,10,5,0,7,1,30616
1024,1,13A232,15,40073,4,1,0,01,9,9,8,8,8,8,8,8,8,8,8,8,0,7,6,8,7,7,2,3,2,0,0,9,9,9,9,9,9,9,9,9,9,9,9,1,9015
1024,1,13A232,15,40073,3,1,0,01,10,10,10,10,10,9,10,10,10,10,10,10,0,10,8,7,10,10,0,2,3,0,0,10,8,9,10,9,10,0,10,10,8,5,9,1,18030
1024,1,11A232,15,40078,2,1,0,02,10,10,10,10,10,10,10,10,10,10,5,10,6,10,10,9,9,9,0,0,1,0,0,10,10,10,10,10,10,0,10,10,10,10,5,1,10958
1024,1,11A232,15,40078,3,1,0,02,10,10,9,9,10,9,10,10,10,10,8,9,0,10,9,8,9,10,0,0,1,0,0,10,10,9,10,10,10,9,10,9,9,9,10,1,7305
1024,1,11A232,15,40078,1,1,0,01,8,7,10,9,9,9,10,10,9,9,10,10,6,5,5,5,10,10,2,3,4,0,0,6,5,9,10,8,0,0,10,10,7,0,5,1,10958
1024,1,11A232,15,40078,4,1,0,03,8,9,9,10,10,9,9,9,9,10,10,9,8,5,4,6,6,3,5,5,3,3,6,8,10,7,5,9,8,3,10,10,9,5,8,1,10958
1024,1,11A232,15,40081,4,1,0,01,9,10,10,10,10,10,10,10,10,10,10,10,10,5,5,5,5,5,5,5,5,5,5,9,9,9,9,9,9,9,9,9,9,9,9,1,6997
1024,1,11A232,15,40081,2,1,0,01,10,10,9,9,9,9,9,9,8,9,9,9,9,8,7,6,7,8,2,2,3,2,1,9,9,9,9,9,9,9,9,10,10,10,10,1,13994
1024,1,11A232,15,40081,3,1,0,06,10,10,10,8,9,10,10,10,10,10,10,10,8,10,10,7,4,10,0,0,2,5,0,10,10,10,10,8,10,10,10,10,10,10,10,1,34986
1024,1,11A232,15,40081,1,1,0,01,5,5,10,10,10,10,10,10,10,10,10,10,10,10,10,9,10,10,0,0,1,0,0,8,8,8,8,8,8,8,8,8,8,8,8,1,34986
1024,1,11A232,15,40082,4,1,0,02,8,4,9,8,10,8,8,9,9,9,8,8,7,5,5,5,7,7,4,5,5,3,3,6,4,5,9,7,7,4,6,9,8,8,8,1,21698
1024,1,11A232,15,40082,3,1,0,01,10,10,10,9,10,9,9,10,10,10,5,8,2,7,9,8,8,7,3,1,2,1,2,10,10,10,8,8,8,6,9,10,10,8,7,1,7233
1024,1,11A232,15,40082,1,1,0,02,10,10,9,10,10,10,9,10,10,10,5,9,5,3,6,5,5,3,6,4,4,4,7,10,7,9,10,10,6,7,9,10,10,9,8,1,21698
1024,1,11A232,15,40085,3,1,0,01,10,10,10,10,10,10,10,10,10,10,6,5,5,5,5,5,5,10,1,0,5,1,0,8,10,8,10,8,5,8,10,5,4,10,10,1,13780
1024,1,11A232,15,40085,4,1,0,01,10,10,10,10,10,9,10,9,10,9,10,9,10,7,7,9,10,10,2,2,1,0,0,10,10,10,10,10,9,10,9,9,10,10,10,1,6890
1024,1,11A232,15,40085,1,1,0,01,10,9,10,9,10,9,10,9,10,10,10,10,10,5,5,5,5,5,5,5,5,5,5,10,10,10,10,10,10,10,10,10,10,10,10,1,6890
1024,1,11A232,15,40087,3,1,0,01,10,9,10,10,10,10,10,10,10,10,10,10,10,4,5,4,5,4,5,4,5,5,5,10,10,10,10,10,10,9,9,10,9,10,10,1,9332
1024,1,11A232,15,40087,2,1,0,03,6,1,6,10,10,8,3,10,10,0,0,6,10,8,8,6,8,7,1,0,3,1,0,9,10,7,9,6,0,0,3,10,10,4,3,1,27995
1024,1,11A232,15,40087,1,1,0,01,8,8,10,10,10,10,10,10,10,10,10,10,1,8,9,4,10,10,1,1,1,0,0,8,10,10,10,9,9,9,8,10,8,10,10,1,9332
1024,1,11A232,15,40087,4,1,0,01,10,10,10,9,10,10,10,10,10,10,10,10,10,8,8,7,9,9,2,1,2,0,0,10,10,10,10,10,10,10,10,10,10,10,10,1,9332
1024,1,11A232,15,40091,3,1,0,01,9,9,10,10,10,10,10,10,10,10,10,10,10,9,9,6,9,9,0,0,3,0,0,10,8,10,10,10,10,1,10,10,10,7,10,1,15239
1024,1,11A232,15,40091,2,1,0,07,10,10,10,10,10,10,10,10,10,10,10,10,10,9,9,5,4,5,1,1,4,5,4,10,10,10,10,10,10,9,9,10,10,10,9,1,30479
1024,1,11A232,15,40091,4,1,0,02,8,6,8,8,10,8,8,10,8,8,8,6,8,8,4,5,7,6,2,5,5,3,3,8,8,7,8,6,8,6,8,9,8,4,3,1,15239
1024,1,11A232,15,40091,1,1,0,02,10,10,9,10,10,10,10,10,10,10,10,10,10,5,5,5,5,5,5,5,5,5,5,10,10,10,10,10,10,10,10,10,10,10,10,1,15239
1024,1,11A232,15,40094,4,1,0,01,2,2,5,5,8,4,9,6,9,10,9,8,7,5,5,5,7,5,0,0,4,3,4,9,8,10,9,8,7,8,9,10,7,10,10,1,16338
1024,1,11A232,15,40094,1,1,0,01,6,7,10,9,10,10,10,10,9,9,9,10,6,9,7,7,8,10,1,3,3,1,0,6,8,9,9,7,6,0,10,9,9,5,5,1,24507
1024,1,11A232,15,40094,2,1,0,01,9,9,10,9,10,9,10,10,10,10,10,10,9,10,9,9,10,10,0,1,1,0,0,9,10,9,9,10,7,10,9,10,10,6,6,1,16338
1024,1,11A232,15,40094,3,1,0,01,5,3,4,6,3,4,5,5,10,7,7,5,10,5,3,3,3,2,5,6,6,6,7,3,5,3,3,5,4,0,5,3,3,2,5,1,16338
1024,1,11A232,15,40095,4,1,0,01,5,7,6,7,8,8,8,6,7,8,5,7,2,6,6,6,5,6,4,3,3,5,4,7,7,7,8,8,6,8,7,8,7,8,7,1,15995
1024,1,11A232,15,40095,3,1,0,01,10,10,10,10,10,5,10,9,9,9,10,9,0,10,10,9,10,10,0,0,1,0,0,10,10,8,7,10,10,5,10,10,10,10,10,1,7998
1024,1,11A232,15,40095,2,1,0,02,10,8,8,9,6,0,10,8,0,7,10,9,4,5,7,7,9,5,4,2,2,1,5,8,5,8,7,10,10,0,10,10,10,10,10,1,15995
1024,1,11A232,15,40098,4,1,0,01,8,6,9,10,10,10,10,10,10,10,7,5,10,10,8,8,8,8,0,0,0,0,0,6,8,6,6,9,7,8,8,8,8,8,8,1,8235
1024,1,11A232,15,40098,2,1,0,01,10,10,5,8,8,4,9,9,8,9,10,8,3,5,8,4,9,0,4,0,6,0,0,8,4,9,8,5,8,2,7,7,0,8,9,1,16469
1024,1,11A232,15,40098,3,1,0,02,10,10,9,10,10,9,10,9,10,10,9,10,10,9,9,9,9,9,1,1,1,1,1,10,10,10,10,10,10,10,10,10,10,10,10,1,16469
1024,1,11A232,15,40098,1,1,0,01,8,5,10,10,10,10,10,10,10,10,10,10,0,10,9,8,10,10,0,1,1,0,0,10,10,7,10,10,10,1,1,10,10,2,2,1,16469
1024,1,11A232,15,40100,1,1,0,02,9,9,9,10,10,9,10,10,9,9,10,10,6,6,6,6,6,7,4,4,4,3,2,10,10,9,10,9,10,10,10,10,9,7,6,1,16003
1024,1,11A232,15,40100,2,1,0,01,10,10,8,9,10,10,10,10,10,10,10,10,0,8,9,10,9,9,1,0,0,0,0,10,10,9,10,9,9,0,10,10,10,8,3,1,16003
1024,1,11A232,15,40100,4,1,0,02,5,5,6,8,10,7,10,5,10,5,10,9,0,10,10,7,10,10,0,0,2,0,0,5,7,5,6,5,8,3,7,10,6,4,5,1,16003
1024,1,11A232,15,40104,3,1,0,01,9,5,9,10,10,10,10,10,8,10,5,8,1,9,5,8,8,8,1,4,1,1,1,7,10,10,7,7,5,5,5,8,7,7,5,1,9236
1024,1,11A232,15,40104,2,1,0,04,8,8,9,10,10,10,10,10,10,10,10,10,2,4,2,0,5,4,1,4,3,0,0,10,10,10,9,9,10,10,9,9,8,9,10,1,36944
1024,1,11A232,15,40104,1,1,0,01,9,9,9,9,10,10,10,10,9,10,8,10,8,8,8,8,8,8,1,2,1,2,1,10,10,9,9,9,9,9,9,10,8,8,8,1,36944
1024,1,11A232,15,40104,4,1,0,01,10,10,10,10,10,10,10,10,10,10,8,10,9,9,9,9,9,9,1,1,1,1,1,8,8,10,10,10,10,8,10,10,10,10,10,1,18472
1024,1,11A232,15,40107,1,1,0,02,10,10,10,9,9,10,10,10,10,10,0,10,10,7,7,7,9,9,3,3,2,1,1,9,9,9,9,9,9,9,9,9,9,9,9,1,24470
1024,1,11A232,15,40107,2,1,0,02,8,10,8,7,10,10,8,10,10,10,10,8,9,10,5,10,5,10,0,5,0,0,0,8,10,8,8,8,7,8,8,10,10,10,10,1,18353
1024,1,11A232,15,40107,3,1,0,03,10,10,10,10,10,10,10,10,10,10,0,10,9,9,9,9,9,9,1,1,1,1,1,10,10,10,10,10,10,3,9,10,9,10,10,1,18353
1024,1,11A232,15,40107,4,1,0,01,10,10,10,9,9,9,9,9,9,9,10,9,8,10,8,6,8,5,0,2,4,1,1,10,10,10,10,10,10,3,9,10,9,10,10,1,6118
1024,1,11A232,15,40108,3,1,0,01,10,10,10,9,9,10,9,10,9,9,9,8,5,8,8,8,10,8,2,2,0,0,0,10,9,10,10,10,10,10,10,5,10,10,10,1,7834
1024,1,11A232,15,40108,4,1,0,01,5,5,6,6,6,7,7,7,7,7,7,8,7,8,5,5,4,7,0,4,5,5,0,7,6,7,7,6,7,7,7,6,8,8,7,1,15667
1024,1,11A232,15,40108,2,1,0,02,9,8,9,10,10,10,9,9,9,9,8,8,9,7,5,8,10,10,2,5,1,0,0,9,10,9,10,9,10,9,10,10,9,8,7,1,31335
1024,1,11A232,15,40111,3,1,0,01,10,10,10,10,10,5,9,10,8,8,10,8,5,5,6,5,5,5,4,3,5,5,2,9,9,8,8,7,7,7,8,10,8,9,9,1,16601
1024,1,11A232,15,40111,4,1,0,02,8,7,9,9,10,10,9,8,9,9,10,9,8,5,6,7,6,6,4,3,3,3,3,8,7,8,9,10,8,7,7,9,8,8,9,1,24901
1024,1,11A232,15,40111,2,1,0,03,10,8,9,10,10,10,9,10,10,9,10,9,8,8,9,9,8,10,2,1,0,0,0,10,10,9,7,10,10,5,9,10,8,8,9,1,24901
1024,1,11A232,15,40113,4,1,0,02,5,8,10,9,4,10,9,10,5,10,10,9,5,7,5,6,6,5,2,5,4,4,0,10,10,9,9,5,5,0,9,5,5,9,10,1,18101
1024,1,11A232,15,40113,2,1,0,01,10,10,9,9,10,9,10,9,10,10,10,9,5,9,9,9,9,9,0,1,1,0,0,10,7,10,9,10,9,7,9,10,9,9,8,1,9051
1024,1,11A232,15,40113,1,1,0,02,6,5,7,5,10,6,10,10,10,10,10,6,2,4,5,6,5,6,5,4,3,5,3,9,7,5,8,7,10,0,8,10,9,2,1,1,27152
1024,1,11A232,15,40117,4,1,0,03,6,6,10,10,10,10,10,10,7,8,7,7,5,9,5,8,8,8,1,5,1,2,0,6,8,9,10,10,10,4,10,6,6,10,4,1,24204
1024,1,11A232,15,40117,2,1,0,01,9,10,10,10,10,10,10,10,10,10,10,10,0,8,10,6,10,10,0,0,4,0,0,10,9,10,9,10,10,7,10,10,10,8,10,1,16136
1024,1,11A232,15,40117,1,1,0,01,10,10,10,9,10,9,10,10,10,10,8,9,9,7,8,7,10,9,2,1,2,0,0,10,10,10,10,10,10,10,10,10,10,10,10,1,8068
1024,1,11A232,15,40117,3,1,0,05,10,10,10,8,8,10,9,5,10,8,8,7,6,10,5,6,10,10,0,5,3,0,0,9,10,7,8,8,7,7,8,10,10,9,7,1,32272
1024,1,12A232,15,40120,2,1,0,01,10,10,10,10,10,10,10,10,9,10,10,10,5,9,9,8,9,10,1,1,2,1,0,10,10,10,10,10,10,10,10,10,10,10,9,1,6823
1024,1,12A232,15,40120,3,1,0,01,10,10,10,10,10,10,10,10,10,10,5,10,0,10,10,7,10,9,0,0,2,0,0,10,10,9,9,9,7,8,10,10,8,8,9,1,13645
1024,1,12A232,15,40120,1,1,0,01,8,8,9,9,9,7,9,9,10,9,7,8,8,6,7,7,7,8,2,3,3,3,2,7,5,8,8,7,4,3,8,8,8,3,6,1,20468
1024,1,12A232,15,40120,4,1,0,02,10,9,10,10,10,10,10,10,10,10,10,10,10,10,10,10,10,10,0,0,0,0,0,10,10,10,10,10,10,5,10,10,10,10,8,1,27290
1024,1,12A232,15,40121,4,1,0,01,10,10,10,10,10,10,10,10,10,10,5,10,8,9,9,9,9,8,1,1,1,1,1,8,10,8,10,8,10,1,10,10,10,7,5,1,19546
1024,1,12A232,15,40121,3,1,0,02,10,10,10,10,10,10,10,10,10,10,10,10,1,9,9,9,9,9,1,1,1,1,1,10,10,10,10,10,10,5,10,10,7,7,8,1,19546
1024,1,12A232,15,40121,1,1,0,01,9,9,9,10,10,9,10,9,10,9,5,10,2,9,9,9,10,8,1,1,0,0,0,9,10,9,10,10,7,6,9,10,9,7,8,1,9773
1024,1,12A232,15,40124,3,1,0,02,9,9,10,9,10,10,10,9,9,10,9,10,10,5,10,5,10,10,5,0,5,0,0,10,8,10,10,9,10,8,10,10,5,10,10,1,17246
1024,1,12A232,15,40124,4,1,0,03,8,8,8,7,9,8,8,9,8,9,7,9,3,7,7,7,5,7,3,2,2,0,0,7,8,7,9,8,3,2,5,8,7,5,5,1,25869
1024,1,12A232,15,40124,2,1,0,01,10,10,10,10,10,10,10,10,10,10,0,10,10,7,8,8,8,8,2,0,1,0,0,9,9,9,9,9,9,9,9,7,5,5,8,1,17246
1024,1,12A232,15,40124,1,1,0,03,9,5,10,10,10,10,10,10,10,9,9,10,10,10,5,10,10,10,0,5,0,0,0,10,9,10,10,9,10,8,10,10,5,10,10,1,25869
1024,1,12A232,15,40126,3,1,0,01,6,7,9,6,10,8,9,9,10,9,10,10,7,5,8,6,6,2,2,2,3,3,7,8,6,10,10,7,10,2,8,10,10,10,10,1,9304
1024,1,12A232,15,40126,1,1,0,03,8,6,8,7,9,8,8,10,9,10,6,9,6,7,7,5,7,8,2,3,5,2,2,7,7,5,6,8,8,2,9,8,7,7,5,1,27911
1024,1,12A232,15,40126,4,1,0,01,9,9,7,10,10,10,9,10,10,8,1,10,8,5,5,8,3,3,5,5,1,7,7,10,10,10,8,10,10,6,10,8,6,5,3,1,9304
1024,1,12A232,15,40130,2,1,0,01,9,9,8,9,10,9,9,10,10,10,6,8,6,8,7,8,8,7,1,2,2,1,2,8,7,9,7,8,9,5,8,10,9,8,9,1,22137
1024,1,12A232,15,40130,4,1,0,01,10,10,10,9,10,10,10,9,10,10,9,10,0,8,9,9,9,9,2,0,0,0,0,10,10,10,10,10,10,10,10,10,10,10,10,1,22137
1024,1,12A232,15,40130,1,1,0,02,10,10,9,9,9,9,9,9,9,9,9,9,9,5,5,5,5,5,5,5,5,5,5,10,10,9,9,10,9,10,9,10,10,10,10,1,11069
1024,1,12A232,15,40133,2,1,0,01,9,9,9,9,9,10,10,10,10,9,6,9,3,8,8,6,8,8,1,2,3,1,2,9,8,8,8,8,7,5,9,8,5,5,5,1,16341
1024,1,12A232,15,40133,3,1,0,02,7,3,2,5,5,10,6,9,8,6,10,3,7,7,2,4,3,5,1,8,5,0,5,7,0,9,8,8,2,1,5,3,2,8,10,1,32682
1024,1,12A232,15,40133,1,1,0,02,10,10,10,10,10,10,10,10,10,10,5,10,0,5,5,8,8,5,5,0,0,0,0,10,7,7,10,10,5,0,10,5,0,0,0,1,16341
1024,1,12A232,15,40133,4,1,0,01,9,9,10,9,10,10,10,10,10,10,10,9,1,9,9,6,8,9,0,0,4,2,0,10,8,10,10,10,10,9,10,10,10,8,9,1,8170
1024,1,12A232,15,40134,2,1,0,01,6,4,8,8,10,9,9,10,10,9,9,9,7,6,7,5,6,9,3,2,4,3,0,8,9,9,8,9,9,5,9,9,5,5,4,1,8528
1024,1,12A232,15,40134,3,1,0,01,10,10,10,9,10,9,10,10,10,10,10,10,5,9,9,8,8,9,0,0,1,2,0,10,10,10,10,10,9,9,9,10,10,10,10,1,25585
1024,1,12A232,15,40134,1,1,0,03,10,8,10,9,10,10,10,9,10,9,10,10,10,10,10,10,10,10,0,0,0,0,0,10,10,10,10,10,10,10,10,10,10,10,10,1,25585
1024,1,12A232,15,40134,4,1,0,04,10,9,9,9,10,10,10,10,10,9,10,9,8,5,4,10,10,9,4,6,0,0,0,9,9,10,9,9,10,3,10,10,9,7,9,1,42641
1024,1,12A232,15,40137,1,1,0,02,10,10,7,9,9,9,9,10,9,9,8,9,5,9,9,10,10,10,1,0,0,0,0,10,9,9,10,10,10,8,10,9,9,9,9,1,25102
1024,1,12A232,15,40137,3,1,0,01,10,10,10,10,10,10,10,10,10,10,8,10,5,5,7,7,8,6,4,3,2,2,0,10,10,10,10,10,10,8,9,10,8,10,7,1,12551
1024,1,12A232,15,40137,2,1,0,02,9,9,6,6,9,7,9,9,10,10,5,9,8,8,7,8,9,9,1,3,2,1,1,9,8,9,9,10,5,2,10,9,5,9,8,1,12551
1024,1,12A232,15,40137,4,1,0,01,8,8,8,9,7,10,8,10,10,8,8,8,7,1,1,3,5,1,5,9,6,5,1,10,8,10,8,5,1,4,7,8,6,7,10,1,12551
1024,1,12A232,15,40139,1,1,0,03,9,7,8,10,10,9,9,10,9,10,8,9,2,9,9,9,9,9,1,1,1,1,1,10,10,10,10,9,5,5,9,10,8,6,6,1,16033
1024,1,12A232,15,40139,3,1,0,01,9,9,8,9,9,8,9,8,9,10,8,9,1,9,9,9,9,9,1,1,1,1,1,8,9,9,9,9,8,8,9,10,10,9,9,1,8017
1024,1,12A232,15,40139,4,1,0,02,10,9,10,10,10,10,10,10,10,9,5,9,3,9,8,9,9,9,1,1,0,0,0,10,9,10,10,10,8,8,10,10,8,8,8,1,40083
1024,1,12A232,15,40139,2,1,0,01,8,8,8,8,9,8,9,10,9,8,7,8,4,6,7,8,8,7,3,1,1,1,1,9,8,8,8,9,10,8,10,8,7,6,8,1,16033
1024,1,13A232,15,40146,2,1,0,02,9,8,9,9,10,10,9,9,10,10,10,10,8,9,5,5,9,9,0,5,5,0,0,9,9,9,9,9,1,9,9,10,10,10,10,1,23355
1024,1,13A232,15,40146,3,1,0,02,10,10,10,10,10,10,10,10,10,10,10,10,10,8,10,10,10,10,2,0,0,0,0,10,10,10,10,10,10,10,10,10,10,10,10,1,23355
1024,1,13A232,15,40146,1,1,0,02,10,10,8,9,10,10,10,10,10,10,10,10,10,10,10,8,10,10,0,0,1,0,0,10,10,10,10,10,10,10,10,10,10,10,10,1,46710
1024,1,13A232,15,40146,4,1,0,01,10,10,10,10,10,10,10,10,10,10,8,10,0,5,4,10,10,8,0,6,0,0,0,8,10,10,10,8,7,8,10,10,10,8,9,1,11677
1024,1,13A232,15,40147,3,1,0,01,10,10,10,10,10,10,10,10,10,10,2,9,3,10,3,10,7,8,0,7,0,0,0,10,8,9,9,7,10,0,9,10,10,2,5,1,10238
1024,1,13A232,15,40147,1,1,0,01,10,10,10,10,10,10,10,10,10,10,10,10,0,10,10,10,10,10,0,0,0,0,0,10,10,10,10,10,10,7,10,10,10,7,6,1,10238
1024,1,13A232,15,40147,2,1,0,01,8,9,10,9,10,10,10,10,10,10,8,10,8,5,3,5,10,8,5,6,4,0,0,9,9,9,9,10,10,7,10,10,8,8,8,1,30715
1024,1,13A232,15,40147,4,1,0,01,9,9,8,9,10,9,9,10,8,8,0,8,3,8,9,5,3,5,2,0,3,4,4,9,9,9,10,9,8,8,8,9,9,7,9,1,20477
1024,1,13A232,15,40150,2,1,0,02,10,5,10,8,10,10,10,10,10,10,0,8,8,9,10,8,7,8,0,0,2,0,0,10,10,10,10,10,7,0,9,10,7,5,5,1,20072
1024,1,13A232,15,40150,1,1,0,01,6,8,6,6,10,7,6,6,8,8,6,6,5,4,5,4,5,4,6,5,5,4,5,7,7,7,6,6,8,5,7,9,8,7,8,1,10036
1024,1,13A232,15,40150,3,1,0,03,9,9,10,9,7,9,10,10,10,9,5,8,9,9,10,10,7,10,0,0,0,2,0,10,10,10,9,9,10,9,10,10,9,10,10,1,30107
1024,1,13A232,15,40152,1,1,0,02,8,9,9,8,7,9,8,9,8,8,10,8,7,8,8,7,7,8,2,0,3,0,0,8,8,7,8,8,6,5,8,8,8,5,3,1,47975
1024,1,13A232,15,40152,2,1,0,01,10,10,5,10,10,10,10,10,10,10,10,10,1,3,9,8,9,9,1,1,1,1,1,10,10,10,10,10,10,5,10,10,10,5,10,1,23987
1024,1,12A232,15,41232,3,1,0,01,8,7,6,10,10,10,10,10,10,10,10,10,6,5,5,7,8,8,3,3,3,2,2,10,8,10,10,9,10,3,10,10,4,3,3,1,13421
1024,1,12A232,15,41232,1,1,0,01,9,9,8,10,10,10,10,10,8,10,10,9,2,5,6,7,7,1,4,4,3,3,5,5,5,5,7,5,5,0,7,5,0,5,1,1,13421
1024,1,12A232,15,41232,4,1,0,01,10,10,10,10,10,10,10,10,10,10,10,10,7,10,10,10,10,10,0,0,0,0,0,10,10,10,10,10,10,8,10,10,8,8,8,1,20132
1024,1,12A232,15,41234,3,1,0,01,10,10,10,10,10,10,10,5,6,10,10,8,9,10,4,6,7,10,0,5,4,3,0,1,10,10,10,6,9,0,10,10,10,10,0,1,13537
1024,1,12A232,15,41234,2,1,0,01,9,9,10,8,10,8,9,10,10,8,9,9,3,8,7,8,7,8,1,3,1,2,1,10,8,10,10,9,9,2,9,10,10,10,10,1,6768
1024,1,12A232,15,41234,1,1,0,01,9,8,9,9,10,8,10,7,10,10,5,7,10,6,6,6,6,0,3,3,3,4,4,8,10,7,8,9,7,0,7,9,8,3,3,1,40611
1024,1,12A232,15,41234,4,1,0,01,9,8,10,10,10,10,9,10,10,9,5,10,3,8,9,9,10,9,1,0,1,0,0,8,10,10,10,10,8,8,9,10,10,10,10,1,6768
1024,1,12A232,15,41238,4,1,0,01,10,8,10,10,10,8,9,9,10,9,10,9,4,9,8,9,9,8,1,1,1,1,1,9,10,10,10,9,10,2,10,9,10,9,9,1,31443
1024,1,12A232,15,41238,3,1,0,01,10,10,10,10,10,10,10,10,10,10,10,10,10,10,10,10,10,10,0,0,0,0,0,10,10,9,10,10,10,5,10,10,9,9,7,1,23582
1024,1,12A232,15,41238,1,1,0,02,10,8,10,10,10,10,10,10,10,10,10,10,7,9,7,5,8,8,1,3,5,2,2,10,10,10,10,10,10,5,10,10,1,10,10,1,15722
1024,1,12A232,15,41242,2,1,0,02,10,6,8,10,10,8,8,10,10,10,10,8,5,6,9,7,10,6,4,1,3,0,3,8,8,8,10,10,10,3,10,10,10,10,10,1,34206
1024,1,12A232,15,41242,4,1,0,01,6,6,7,9,10,9,9,8,10,9,2,6,4,7,7,8,8,9,2,2,1,2,0,6,8,6,9,9,4,0,8,8,8,4,4,1,11402
1024,1,12A232,15,41242,1,1,0,03,10,10,10,9,10,10,10,10,10,10,10,9,0,10,8,7,8,8,0,0,2,2,0,10,10,9,9,9,10,3,10,3,3,3,5,1,45607
1024,1,12A232,15,41247,3,1,0,03,10,9,9,10,10,10,10,10,10,10,8,10,3,7,7,8,8,9,3,3,1,2,1,9,9,10,9,10,7,5,10,10,8,4,9,1,31554
1024,1,12A232,15,41247,1,1,0,01,10,10,10,9,10,9,10,10,10,9,2,10,2,8,7,8,8,7,2,2,2,2,2,10,9,10,10,10,9,2,10,10,8,8,8,1,10518
1024,1,12A232,15,41247,2,1,0,08,9,9,9,9,10,8,9,9,10,8,6,9,5,7,8,8,8,7,3,2,2,2,1,9,9,9,10,8,9,3,9,10,8,7,7,1,63109
1024,1,12A232,15,41247,4,1,0,01,9,9,9,9,10,9,9,9,9,10,5,9,8,6,9,6,9,6,1,1,3,1,3,8,9,9,9,9,10,4,10,8,6,6,7,1,31554
1024,1,13A232,15,41255,3,1,0,01,7,7,9,7,10,9,9,9,10,8,8,8,0,10,10,7,10,5,0,0,2,0,0,8,8,8,8,8,5,7,7,8,8,8,7,1,17855
1024,1,13A232,15,41255,2,1,0,01,10,10,10,10,10,10,10,9,10,9,3,10,9,7,8,8,8,7,2,1,2,2,3,10,9,10,10,10,9,3,10,10,4,2,3,1,8927
1024,1,13A232,15,41255,1,1,0,03,8,7,8,10,10,10,10,10,10,10,10,10,7,9,8,8,5,9,1,1,2,5,1,10,3,7,8,8,7,3,8,10,1,8,5,1,26782
1024,1,13A232,15,41258,4,1,0,03,10,10,9,10,10,9,10,10,9,10,10,9,1,3,5,4,5,5,6,5,5,5,4,7,7,8,8,7,7,7,8,9,10,10,5,1,30425
1024,1,13A232,15,41258,1,1,0,02,9,9,10,10,10,8,9,10,10,10,10,10,2,7,7,8,7,8,2,2,2,3,2,10,9,10,10,10,10,4,10,10,10,7,7,1,20283
1024,1,13A232,15,41260,3,1,0,01,8,8,10,10,10,10,10,10,10,10,10,10,3,8,7,5,10,8,1,2,4,0,0,10,8,8,8,8,4,5,10,9,8,5,3,1,7000
1024,1,13A232,15,41260,2,1,0,03,8,8,9,8,10,10,9,10,10,9,4,9,9,9,8,9,9,9,1,1,0,1,0,9,9,9,9,8,9,7,9,9,7,7,3,1,34999
1024,1,13A232,15,41260,1,1,0,01,9,9,8,9,10,8,10,8,10,9,3,9,5,6,6,7,7,6,3,3,2,3,4,8,8,9,9,9,8,3,8,10,7,6,6,1,7000
1024,1,13A232,15,41260,4,1,0,01,10,9,10,9,10,9,9,9,10,8,6,8,6,7,7,8,7,7,2,3,2,2,2,10,9,9,9,8,8,3,8,8,6,4,5,1,7000
1024,1,11A232,15,41323,4,1,0,01,10,9,10,10,10,9,10,9,10,10,8,10,9,7,7,8,7,7,3,2,2,2,3,10,9,10,10,10,8,3,10,10,9,7,4,1,9124
1024,1,11A232,15,41323,2,1,0,04,7,7,8,8,8,9,9,9,10,9,7,9,3,9,6,6,5,8,1,3,2,4,1,7,7,8,9,9,5,7,7,8,8,9,9,1,36498
1024,1,11A232,15,41323,3,1,0,02,6,8,7,8,9,8,9,8,6,8,8,8,6,5,5,3,3,3,0,5,5,6,6,8,2,8,8,9,7,0,8,7,2,3,3,1,54747
1024,1,11A232,15,41323,1,1,0,02,8,6,7,9,10,8,9,10,8,7,6,8,3,7,7,7,7,8,2,3,2,3,1,8,8,8,9,7,3,9,7,7,6,6,7,1,18249
1024,1,11A232,15,41331,3,1,0,01,8,8,9,9,10,8,7,9,10,9,6,8,6,7,8,8,8,7,3,1,1,1,3,5,8,8,9,7,8,3,8,9,7,5,5,1,7694
1024,1,11A232,15,41331,2,1,0,03,8,8,9,9,9,8,9,10,9,9,9,9,7,6,10,9,9,9,1,0,0,0,0,9,8,8,9,8,8,3,9,7,5,5,7,1,30778
1024,1,11A232,15,41331,1,1,0,01,8,8,8,8,10,9,9,10,8,8,8,8,8,4,4,7,7,7,4,5,3,3,3,8,8,8,8,10,8,6,8,9,8,6,6,1,15389
1024,1,11A232,15,41331,4,1,0,02,9,7,9,10,10,9,10,10,10,9,10,7,6,8,7,7,8,8,1,3,3,2,1,9,5,10,10,6,8,3,10,10,6,5,5,1,15389
1024,1,11A232,15,41334,4,1,0,01,8,5,9,10,9,9,9,9,10,8,8,9,3,5,4,7,4,6,4,5,2,5,4,5,9,9,2,8,8,3,5,5,8,5,6,1,8693
1024,1,11A232,15,41334,2,1,0,01,9,9,10,8,10,8,8,9,10,8,9,8,5,7,7,8,7,8,2,3,1,3,2,8,8,9,10,9,8,3,8,10,8,5,5,1,17385
1024,1,11A232,15,41334,1,1,0,01,8,8,5,8,10,9,10,10,10,10,5,10,9,4,9,5,7,8,5,1,4,3,2,6,5,7,9,8,5,1,9,7,8,5,5,1,8693
1024,1,11A232,15,41334,3,1,0,01,5,5,5,7,10,10,7,10,10,10,0,2,3,9,8,8,6,5,1,2,1,4,4,5,10,7,10,7,10,5,10,10,10,5,5,1,26078
1024,1,11A232,15,41344,1,1,0,01,8,8,10,10,10,8,10,10,10,10,10,10,8,8,8,9,8,8,2,1,1,2,2,10,7,10,8,9,8,2,10,10,9,7,4,1,13447
1024,1,11A232,15,41344,3,1,0,01,10,10,9,9,10,8,10,10,10,9,10,9,6,8,8,8,9,8,1,2,2,1,2,8,9,8,9,8,10,3,9,9,9,6,5,1,13447
1024,1,11A232,15,41344,2,1,0,03,9,9,8,9,10,8,10,10,10,10,10,10,7,7,7,7,4,6,2,3,2,6,4,7,8,10,10,9,10,9,10,10,10,10,7,1,20170
1024,1,11A232,15,41344,4,1,0,01,10,10,10,10,10,10,10,10,10,10,10,10,10,10,10,10,10,10,0,0,0,0,0,10,10,10,10,10,10,0,10,10,10,1,5,1,20170
1024,1,11A232,16,40093,1,1,0,02,8,9,9,9,10,9,9,10,10,10,10,8,0,10,10,5,10,10,0,0,4,0,0,8,8,9,8,9,7,5,7,8,5,4,0,1,36863
1024,1,11A232,16,40093,2,1,0,02,8,8,9,5,8,6,9,6,9,0,10,6,5,8,10,2,3,0,0,0,7,6,5,7,3,3,0,5,4,3,8,10,10,0,0,1,18431
1024,1,11A232,16,40093,4,1,0,02,10,7,10,10,8,10,10,10,7,10,10,10,2,10,9,6,10,10,0,0,3,0,0,10,7,10,10,10,8,2,10,10,2,1,6,1,27647
1024,1,11A232,16,40097,4,1,0,02,8,7,7,10,10,10,10,10,9,10,10,10,1,8,5,5,6,8,1,4,5,3,0,6,6,7,9,9,3,2,8,3,6,2,1,1,16105
1024,1,11A232,16,40097,1,1,0,02,8,8,9,10,9,8,8,9,9,10,8,8,0,8,8,8,6,9,1,1,1,0,0,7,7,6,8,9,6,2,10,10,3,4,4,1,16105
1024,1,11A232,16,40097,2,1,0,02,10,8,10,10,8,9,10,10,10,10,8,10,2,10,10,5,9,7,0,0,5,1,0,10,10,9,10,10,8,10,10,10,5,10,10,1,16105
1024,1,11A232,16,40100,1,1,0,01,10,10,10,10,10,10,10,10,10,10,5,10,0,10,9,10,10,10,0,1,0,0,0,10,8,8,9,9,9,5,9,10,10,6,6,1,23019
1024,1,11A232,16,40100,3,1,0,01,7,8,7,10,8,10,9,9,7,10,5,8,2,3,7,9,10,8,6,0,0,0,0,7,7,8,10,9,5,0,9,10,7,7,7,1,30692
1024,1,11A232,16,40100,2,1,0,03,10,7,10,10,10,10,10,10,10,10,5,10,0,9,9,9,9,9,0,0,0,0,0,10,10,10,10,10,10,10,10,10,10,10,6,1,23019
1024,1,12A232,16,40113,4,1,0,02,10,10,9,10,10,10,10,10,10,10,10,10,0,10,10,10,10,10,0,0,0,0,0,10,9,10,10,10,10,10,10,10,8,10,8,1,23006
1024,1,12A232,16,40113,3,1,0,01,8,9,8,10,10,9,9,8,10,10,8,8,2,8,6,8,6,8,2,3,2,4,2,8,9,9,8,10,8,5,5,9,7,9,5,1,15338
1024,1,12A232,16,40113,1,1,0,01,1,1,5,5,10,5,5,3,3,2,10,8,9,1,1,1,1,1,8,8,9,7,9,8,3,2,2,0,1,5,8,1,6,10,8,1,7669
1024,1,12A232,16,40113,2,1,0,05,7,8,9,8,7,8,8,8,10,7,5,7,2,9,9,9,9,8,1,1,1,1,2,7,10,7,9,8,6,7,7,8,9,9,10,1,38344
1024,1,12A232,16,40115,4,1,0,01,9,6,10,10,10,10,10,10,10,10,10,10,7,6,5,6,4,5,4,4,4,5,4,10,8,10,10,10,10,7,10,10,7,10,10,1,17712
1024,1,12A232,16,40115,2,1,0,01,10,5,10,9,10,10,10,10,10,10,7,10,0,7,9,5,10,9,2,1,4,0,0,10,10,10,10,10,7,7,10,10,8,10,10,1,8856
1024,1,12A232,16,40375,4,1,0,01,10,5,10,10,10,10,10,10,10,10,10,10,8,10,5,6,8,9,0,0,3,0,0,8,10,7,8,8,8,7,10,10,5,7,7,1,13776
1024,1,12A232,16,40375,3,1,0,01,9,7,9,10,10,7,10,10,10,10,5,9,3,8,8,2,8,3,1,2,4,1,0,5,10,7,7,9,2,0,10,5,2,5,5,1,13776
1024,1,12A232,16,40375,2,1,0,01,0,0,1,0,10,8,2,10,10,5,10,9,2,0,0,1,0,0,0,10,9,5,5,5,2,10,10,5,10,0,1,10,10,0,0,1,6888
1024,1,12A232,16,40376,3,1,0,01,10,9,10,10,10,9,10,10,10,10,8,10,2,6,5,5,7,5,0,4,5,2,0,10,7,10,9,10,10,0,8,10,8,0,0,1,26669
1024,1,12A232,16,40376,4,1,0,01,10,10,10,10,10,10,10,10,10,10,10,10,0,10,10,9,10,10,0,0,1,0,0,10,10,10,10,10,10,5,10,10,10,10,10,1,26669
1024,1,12A232,16,40376,1,1,0,01,8,9,10,8,9,8,9,9,8,7,3,7,2,2,3,5,8,2,4,5,3,0,0,8,7,7,8,8,3,2,8,8,7,1,4,1,17779
1024,1,12A232,16,40376,2,1,0,01,9,7,9,8,10,9,10,9,10,10,10,9,0,5,9,9,10,10,4,0,1,0,0,9,9,9,10,10,8,3,10,9,8,8,8,1,17779
1024,1,12A232,16,40379,4,1,0,01,8,6,9,8,8,9,9,10,9,10,10,10,6,10,10,10,10,10,0,0,0,0,0,9,8,9,9,9,8,8,9,9,9,9,5,1,8451
1024,1,12A232,16,40379,2,1,0,01,10,10,10,10,10,10,10,10,10,10,10,10,1,8,8,8,8,8,0,0,0,0,0,10,10,10,10,10,5,10,10,10,10,10,10,1,25354
1024,1,12A232,16,40379,3,1,0,02,8,8,10,9,10,10,8,9,10,10,5,8,1,7,8,9,9,8,2,1,1,1,1,8,7,9,9,9,8,0,8,7,7,8,7,1,16903
1024,1,12A232,16,40379,1,1,0,01,9,7,9,8,8,7,8,10,9,9,10,9,2,9,9,9,9,9,1,1,1,0,1,10,8,10,8,8,8,4,10,10,10,8,8,1,16903
1024,1,13A232,16,40411,3,1,0,02,8,6,10,10,10,9,10,10,10,10,7,8,3,8,7,6,6,10,0,2,3,0,0,8,6,8,8,7,4,4,7,9,9,7,7,1,21266
1024,1,13A232,16,40411,2,1,0,01,10,10,10,5,10,5,10,10,10,10,5,10,1,10,10,5,10,10,0,0,3,0,0,10,10,10,10,10,10,10,10,10,10,10,10,1,21266
1024,1,13A232,16,40411,1,1,0,01,9,9,10,10,10,10,10,10,10,10,7,10,0,10,10,10,10,10,0,0,0,0,0,10,10,10,10,10,10,8,10,10,10,10,10,1,31899
1024,1,13A232,16,40411,4,1,0,01,8,8,10,10,10,10,10,10,10,10,0,10,0,10,10,10,10,5,0,0,0,0,0,10,10,10,10,10,10,5,10,10,10,8,7,1,10633
1024,1,13A232,16,40414,1,1,0,02,9,9,9,9,10,10,10,10,9,9,5,9,0,8,3,6,8,8,2,7,4,1,0,9,8,9,9,9,3,2,9,8,8,7,7,1,20896
1024,1,13A232,16,40414,2,1,0,02,9,9,10,10,10,10,10,10,10,10,10,10,5,4,4,5,8,8,5,5,4,2,1,10,9,8,7,8,5,6,10,10,10,5,7,1,20896
1024,1,13A232,16,40414,3,1,0,01,10,10,9,10,10,10,10,10,10,8,6,8,3,7,8,9,9,9,0,2,0,0,0,6,10,8,10,8,8,4,6,8,4,5,4,1,20896
1024,1,13A232,16,40414,4,1,0,01,10,10,9,9,9,8,10,10,8,8,9,8,2,9,7,5,5,8,1,3,4,4,0,8,10,8,10,8,9,10,8,8,10,10,8,1,10448
1024,1,13A232,16,40415,3,1,0,01,7,5,10,10,10,10,10,10,10,10,0,9,0,5,10,10,6,8,5,0,0,0,0,10,5,10,10,10,5,0,8,10,10,8,1,1,39763
1024,1,13A232,16,40415,4,1,0,01,10,10,10,10,5,5,10,5,5,0,10,0,4,10,10,10,10,10,0,0,0,0,0,10,10,10,10,5,10,10,10,10,10,5,0,1,19881
1024,1,13A232,16,40415,1,1,0,03,9,9,10,10,10,10,10,10,10,10,10,10,0,10,10,5,10,10,0,0,5,0,0,10,8,9,9,9,6,4,10,10,10,10,10,1,29822
1024,1,13A232,16,40415,2,1,0,01,8,6,10,10,10,10,10,10,10,8,10,10,2,7,7,8,10,8,1,0,0,0,0,8,10,7,9,8,8,9,8,8,10,10,10,1,29822
1024,1,13A232,16,40420,3,1,0,01,9,8,9,8,10,8,8,10,9,10,9,7,8,5,6,3,5,3,5,4,6,4,7,8,10,6,4,8,8,7,8,8,9,8,6,1,9386
1024,1,13A232,16,40420,4,1,0,01,9,5,10,10,10,10,10,10,10,10,8,9,8,9,9,9,10,10,1,1,1,0,0,9,10,9,8,10,10,1,10,10,9,8,1,1,9386
1024,1,13A232,16,40420,2,1,0,03,9,9,9,9,10,10,10,10,10,10,0,10,0,10,10,10,10,10,0,0,0,0,0,10,10,10,10,10,10,6,10,10,8,6,5,1,28158
1024,1,11A232,17,40343,4,1,0,01,9,10,10,10,10,10,10,10,10,10,9,10,3,8,8,8,8,8,1,1,1,1,1,10,10,10,10,9,5,3,10,10,9,9,6,1,20599
1024,1,11A232,17,40343,2,1,0,01,0,0,5,10,10,9,10,10,9,7,10,10,2,10,9,7,10,9,0,1,2,0,1,8,7,10,10,10,10,0,9,10,3,3,3,1,20599
1024,1,11A232,17,40343,3,1,0,02,7,5,10,10,10,10,10,10,10,10,10,10,10,1,1,4,7,3,9,9,6,2,6,8,10,10,10,10,10,2,10,10,10,5,8,1,15449
1024,1,11A232,17,40347,2,1,0,06,9,10,8,7,7,8,10,5,10,8,10,7,6,7,6,4,5,9,3,4,5,4,1,7,6,6,5,7,3,7,10,8,0,7,8,1,61690
1024,1,11A232,17,40347,4,1,0,02,9,7,9,9,9,8,10,10,9,10,9,10,10,6,10,6,10,10,4,0,3,0,0,9,9,8,7,9,8,7,9,10,10,5,5,1,15423
1024,1,11A232,17,40347,3,1,0,01,10,10,8,7,8,7,8,9,10,10,10,10,10,4,4,2,3,0,5,6,7,6,10,8,6,10,10,8,7,6,6,8,8,6,6,1,7711
1024,1,11A232,17,40347,1,1,0,01,5,1,6,6,8,9,9,10,10,10,10,10,8,4,4,5,4,4,6,5,5,5,6,4,4,7,5,9,7,6,6,8,8,7,7,1,7711
1024,1,11A232,17,40349,1,1,0,02,10,0,2,5,8,0,10,9,5,6,10,9,9,5,10,6,4,6,3,0,4,5,3,7,8,7,8,8,8,7,8,8,8,8,8,1,14056
1024,1,11A232,17,40349,4,1,0,01,8,10,8,10,10,10,10,10,10,9,7,10,8,6,5,4,4,3,4,4,6,5,6,10,6,9,10,8,9,8,8,10,10,10,10,1,14056
1024,1,11A232,17,40349,2,1,0,01,8,8,8,9,9,8,9,10,9,10,10,8,8,7,6,6,7,7,3,4,3,2,3,8,8,9,9,8,9,4,9,6,7,6,6,1,14056
1024,1,11A232,17,40349,3,1,0,03,9,8,9,9,10,9,10,10,10,10,10,8,10,10,6,5,9,10,0,4,5,0,0,7,8,7,9,9,7,8,8,7,9,9,8,1,14056
1024,1,11A232,17,40357,4,1,0,01,9,9,9,9,9,9,9,10,10,9,9,9,5,7,7,7,8,8,3,3,3,2,2,8,8,9,9,8,8,7,6,6,7,5,5,1,15305
1024,1,11A232,17,40357,2,1,0,01,9,7,9,8,10,9,8,10,9,5,5,6,3,9,8,6,9,7,1,1,3,1,2,10,9,6,9,6,10,2,8,7,7,6,7,1,22958
1024,1,11A232,17,40357,3,1,0,01,8,9,9,8,10,6,9,9,5,8,5,8,7,7,6,7,8,7,3,4,2,2,2,6,8,6,8,7,6,4,7,6,4,6,7,1,15305
1024,1,11A232,17,40357,1,1,0,02,10,10,10,9,10,10,10,10,10,10,10,10,2,10,10,8,10,10,0,0,1,0,0,10,10,10,10,10,9,7,10,10,8,8,8,1,15305
1024,1,11A232,17,40362,3,1,0,01,10,10,10,10,10,10,10,10,10,10,10,10,3,9,9,5,10,10,0,0,4,0,0,10,10,10,10,10,10,8,10,10,10,9,10,1,26437
1024,1,11A232,17,40362,1,1,0,02,9,8,10,9,10,10,10,10,9,10,9,8,9,3,4,3,5,4,6,6,6,4,6,9,9,9,9,9,7,8,10,10,9,9,9,1,13219
1024,1,11A232,17,40362,4,1,0,02,10,10,8,10,10,9,10,10,9,10,10,9,8,10,6,5,10,10,0,4,5,0,0,10,10,10,10,8,7,7,10,10,10,8,10,1,26437
1024,1,11A232,17,40369,4,1,0,01,10,10,10,10,10,10,10,10,10,10,10,9,8,10,10,10,10,10,0,0,0,0,0,10,10,10,10,10,10,5,10,10,10,7,7,1,7606
1024,1,11A232,17,40369,3,1,0,01,8,5,8,10,10,8,10,10,10,10,10,10,4,8,10,10,10,10,2,0,0,0,0,10,10,10,10,10,10,5,10,10,10,10,10,1,15212
1024,1,11A232,17,40369,2,1,0,05,10,10,9,10,10,10,10,10,8,10,8,10,4,8,8,6,9,10,1,1,4,1,0,10,10,10,8,10,8,6,9,10,5,5,5,1,38031
1024,1,11A232,17,40369,1,1,0,01,9,10,10,9,10,10,10,10,8,10,10,10,7,10,7,10,10,10,0,3,0,0,0,10,7,10,10,10,10,8,9,10,8,9,10,1,22818
1024,1,11A232,17,40373,1,1,0,01,8,9,8,9,10,9,8,8,10,10,7,8,9,8,9,4,8,8,2,1,6,0,1,10,3,9,8,9,9,4,7,9,0,2,8,1,16444
1024,1,11A232,17,40373,2,1,0,01,9,6,10,10,8,10,10,10,10,10,10,10,0,8,9,5,6,9,2,1,4,3,0,10,6,10,7,8,9,9,8,10,6,8,8,1,8222
1024,1,11A232,17,40373,4,1,0,02,10,10,10,10,10,10,10,10,10,10,10,10,10,8,9,10,10,10,2,0,0,0,0,8,10,9,10,10,10,10,10,10,10,10,10,1,16444
1024,1,11A232,17,40373,3,1,0,01,10,10,10,10,10,10,10,10,10,10,10,10,8,10,10,10,10,10,0,0,0,0,0,10,10,10,10,10,10,8,10,10,8,8,8,1,16444
1024,1,12A232,17,40379,3,1,0,01,10,8,10,9,10,9,10,9,10,9,6,8,0,7,8,5,10,8,3,0,5,0,0,8,8,8,8,10,4,4,10,7,8,8,8,1,11415
1024,1,12A232,17,40379,1,1,0,01,10,10,10,10,10,10,10,10,10,10,10,10,9,9,5,5,9,8,1,4,5,1,1,8,8,8,9,8,9,9,8,8,9,8,9,1,5707
1024,1,12A232,17,40379,2,1,0,05,10,10,10,8,10,8,8,9,10,8,8,7,8,8,9,7,9,8,1,1,2,1,0,10,8,8,10,8,10,8,8,10,8,8,9,1,28537
1024,1,12A232,17,40386,4,1,0,01,10,7,9,10,10,10,10,10,10,10,10,7,3,10,10,5,9,8,0,0,5,1,0,10,8,7,6,8,8,8,9,9,9,10,10,1,44839
1024,1,12A232,17,40386,3,1,0,03,10,10,10,10,10,9,10,10,10,10,5,10,0,10,10,10,9,10,0,0,0,0,0,10,9,10,10,10,9,0,10,10,8,10,10,1,22420
1024,1,12A232,17,40386,1,1,0,03,8,7,9,9,10,8,9,9,10,9,8,10,8,6,5,5,6,6,4,5,4,3,4,9,8,9,8,8,9,5,8,9,8,7,3,1,29893
1024,1,12A232,17,40386,2,1,0,02,9,9,9,10,10,10,10,10,9,10,10,10,0,8,9,10,10,9,2,0,0,0,0,8,8,8,10,9,9,7,10,8,10,10,10,1,14946
1024,1,12A232,17,40388,3,1,0,02,10,10,10,9,10,9,10,10,10,10,8,9,8,10,10,5,7,7,0,0,4,2,2,9,9,10,10,9,8,7,9,10,8,7,6,1,14569
1024,1,12A232,17,40388,1,1,0,02,8,6,10,10,10,9,10,10,10,10,7,9,8,7,8,6,7,8,0,0,3,0,0,8,8,9,9,8,8,7,9,5,6,7,7,1,29138
1024,1,12A232,17,40388,4,1,0,01,6,6,8,9,10,10,10,10,10,10,10,10,1,5,7,9,10,10,0,3,0,0,0,8,7,7,9,8,8,5,8,9,5,7,7,1,29138
1024,1,12A232,17,40388,2,1,0,01,10,10,10,10,10,10,10,10,10,10,10,10,0,10,10,10,10,10,0,0,0,0,0,10,10,10,10,10,10,0,10,10,10,10,10,1,7285
1024,1,12A232,17,40395,4,1,0,02,9,7,8,10,10,10,9,10,10,10,5,8,8,7,9,8,8,8,3,0,0,0,0,8,8,8,8,8,10,9,9,10,9,8,10,1,35305
1024,1,12A232,17,40395,2,1,0,03,10,10,9,9,10,10,10,10,9,10,7,9,8,7,5,6,8,6,2,4,3,2,4,10,8,10,8,9,8,7,9,10,8,8,6,1,21183
1024,1,12A232,17,40395,1,1,0,01,8,9,10,10,10,10,10,10,10,10,5,8,8,9,5,8,9,8,0,4,0,0,0,7,8,8,8,8,8,4,9,10,7,6,8,1,28244
1024,1,12A232,17,40399,2,1,0,02,10,10,10,7,10,9,10,10,10,8,0,9,2,5,5,10,9,10,2,1,0,0,0,10,10,10,10,9,8,2,7,10,10,6,6,1,14387
1024,1,12A232,17,40399,4,1,0,01,4,4,9,10,10,10,10,10,10,10,10,10,8,8,6,6,8,6,1,4,4,2,4,10,3,9,10,8,10,10,10,2,8,10,10,1,7193
1024,1,12A232,17,40399,1,1,0,01,10,10,10,10,10,10,10,10,10,10,8,10,0,8,10,5,9,9,0,0,5,1,0,7,10,7,8,8,6,5,10,10,8,7,7,1,14387
1024,1,12A232,17,40399,3,1,0,01,6,6,8,7,10,10,8,6,5,8,10,0,5,9,6,0,8,6,1,4,10,1,3,0,7,0,7,0,10,0,10,10,10,7,7,1,14387
1024,1,13A232,17,40409,2,1,0,01,9,10,10,8,10,9,9,8,9,10,7,9,4,6,2,5,8,7,3,7,5,1,0,8,8,9,9,8,2,2,7,8,7,2,6,1,20605
1024,1,13A232,17,40409,1,1,0,01,1,1,8,8,10,10,10,10,10,5,10,10,2,9,7,0,8,8,0,3,2,2,1,6,1,7,10,7,1,7,3,10,5,7,7,1,10303
1024,1,13A232,17,40409,4,1,0,02,10,7,10,10,10,10,10,10,10,10,10,10,0,10,10,5,10,10,0,0,4,0,0,10,10,10,10,10,9,0,10,10,10,0,0,1,20605
1024,1,13A232,17,40409,3,1,0,01,6,7,6,6,8,8,8,8,8,9,5,6,5,8,7,5,6,6,2,3,5,4,2,3,4,7,7,3,2,0,2,7,7,2,1,1,10303
1024,1,13A232,17,40412,4,1,0,01,8,7,9,10,10,10,10,10,10,10,10,10,2,7,8,9,10,8,2,1,1,0,0,8,9,9,9,8,8,0,10,7,5,0,0,1,7394
1024,1,13A232,17,40412,1,1,0,01,8,8,8,5,10,7,7,10,7,5,10,5,8,8,6,5,10,8,0,4,5,0,0,6,8,6,9,8,9,3,5,10,3,2,2,1,7394
1024,1,13A232,17,40412,2,1,0,01,7,8,8,6,8,8,8,8,7,7,8,7,10,5,4,4,4,4,5,6,6,5,5,8,6,7,8,8,8,7,8,9,8,7,7,1,7394
1024,1,11A232,18,40350,2,1,0,01,8,5,10,10,10,9,10,10,10,9,10,9,1,10,8,7,9,10,0,2,2,0,0,10,8,8,10,10,10,10,10,10,10,10,10,1,8452
1024,1,11A232,18,40350,4,1,0,01,4,8,5,5,10,5,5,8,8,6,7,5,5,0,4,4,4,0,5,5,5,6,5,5,6,5,4,4,8,10,6,8,6,6,5,1,8452
1024,1,11A232,18,40350,3,1,0,02,8,9,10,10,10,9,10,10,10,10,10,10,10,10,5,5,6,5,0,5,5,4,5,9,7,10,10,10,10,7,10,10,10,9,9,1,25356
1024,1,11A232,18,40350,1,1,0,02,10,10,10,8,6,8,8,7,8,8,5,8,5,6,6,5,6,6,4,4,0,3,4,8,10,9,10,8,10,10,10,10,10,9,10,1,16904
1024,1,11A232,18,40351,3,1,0,02,9,8,9,10,10,10,10,10,5,10,0,8,8,10,8,10,9,10,0,1,0,0,0,9,7,8,9,8,7,9,10,8,8,5,5,1,19966
1024,1,11A232,18,40351,1,1,0,01,9,8,9,10,10,10,10,10,10,10,7,10,7,5,8,8,9,9,0,1,1,0,0,9,10,10,7,9,7,5,9,10,10,7,7,1,9983
1024,1,11A232,18,40351,4,1,0,01,10,7,10,10,10,10,10,10,10,8,10,10,0,5,2,10,5,6,0,7,0,4,4,10,10,10,10,9,8,0,10,10,5,4,0,1,9983
1024,1,11A232,18,40351,2,1,0,01,9,9,10,10,10,10,10,10,7,10,5,8,0,10,8,10,9,9,0,0,0,0,0,8,10,8,10,10,7,4,10,9,0,5,7,1,19966
1024,1,12A232,18,40360,2,1,0,03,8,6,9,8,8,8,7,10,10,10,10,9,0,5,7,7,5,5,4,3,2,5,1,10,10,7,10,10,8,4,9,10,10,4,1,1,21144
1024,1,12A232,18,40360,3,1,0,02,9,9,10,10,10,9,10,10,9,10,9,9,9,6,4,4,5,5,0,6,6,5,0,10,9,9,10,10,9,8,9,10,9,9,5,1,21144
1024,1,12A232,18,40360,1,1,0,01,10,10,10,9,10,8,9,10,10,9,10,10,8,7,4,9,8,7,1,6,1,1,1,9,9,8,10,9,7,7,8,6,10,10,10,1,35241
1024,1,12A232,18,40360,4,1,0,02,8,9,9,9,10,9,9,10,8,9,9,8,2,8,4,4,7,8,1,5,6,2,0,8,9,9,9,9,7,8,8,8,9,8,6,1,14096
1024,1,12A232,18,40367,2,1,0,01,9,7,10,9,10,10,10,10,10,10,10,10,0,5,6,5,7,6,5,4,5,1,4,10,10,8,10,10,5,4,8,10,10,9,10,1,7902
1024,1,12A232,18,40367,4,1,0,01,10,10,10,10,10,10,10,10,10,10,10,10,2,10,10,10,10,10,0,0,0,0,0,10,10,10,5,10,10,10,7,10,10,10,10,1,7902
1024,1,12A232,18,40367,1,1,0,02,6,0,8,10,10,9,7,10,9,10,10,6,1,7,4,4,7,4,2,6,5,2,5,9,5,8,6,9,7,4,10,10,9,10,10,1,31609
1024,1,12A232,18,40367,3,1,0,01,9,9,10,10,10,9,9,10,9,10,10,10,8,10,7,6,8,9,0,2,3,0,0,9,2,10,9,9,10,0,9,10,9,8,9,1,7902
1024,1,12A232,18,40369,3,1,0,01,10,10,10,10,10,10,10,10,8,10,10,8,9,9,6,5,9,10,1,4,4,1,0,9,9,10,7,10,10,0,10,10,9,9,0,1,21557
1024,1,12A232,18,40369,2,1,0,01,8,8,7,9,10,10,8,10,10,10,10,8,7,8,4,8,10,8,0,6,0,0,0,10,8,8,10,8,10,10,10,8,8,9,7,1,14372
1024,1,12A232,18,40369,4,1,0,01,7,8,9,8,10,8,8,9,10,10,7,8,7,8,8,6,8,8,2,2,4,2,1,8,7,9,8,9,5,4,9,9,9,6,5,1,14372
1024,1,12A232,18,40369,1,1,0,03,9,10,8,9,10,8,9,10,9,10,7,8,6,8,6,9,6,8,1,3,1,1,0,8,9,9,8,8,9,8,8,9,6,7,8,1,21557
1024,1,12A232,18,40382,3,1,0,02,8,7,8,8,10,8,10,10,8,10,10,8,8,5,4,4,4,4,5,5,6,5,6,7,8,8,9,8,8,7,8,9,9,8,7,1,15351
1024,1,12A232,18,40382,1,1,0,01,10,10,10,10,7,8,8,8,7,7,10,10,10,10,10,7,7,5,0,0,2,2,5,10,9,8,9,9,9,7,8,7,7,10,10,1,15351
1024,1,12A232,18,40382,2,1,0,03,10,10,10,10,10,10,10,10,10,10,10,10,8,10,6,10,10,7,0,4,0,0,2,10,10,10,10,10,10,7,10,10,10,8,7,1,23026
1024,1,12A232,18,40389,1,1,0,01,10,10,10,10,10,8,10,10,10,10,10,10,9,10,10,9,9,10,0,0,1,1,0,10,9,10,10,10,10,10,10,10,10,10,10,1,14796
1024,1,12A232,18,40389,2,1,0,01,7,8,8,7,9,9,9,10,9,10,10,10,8,8,9,9,9,9,0,1,1,1,1,8,9,9,10,9,10,4,9,9,7,6,6,1,14796
1024,1,12A232,18,40389,3,1,0,01,10,10,9,10,10,9,10,10,10,10,10,10,8,6,8,5,10,9,0,0,5,0,0,10,7,10,10,10,10,6,9,10,9,6,5,1,7398
1024,1,12A232,18,40395,3,1,0,01,8,5,10,10,10,9,10,10,10,10,8,8,3,9,10,8,9,8,0,0,1,0,0,8,8,9,10,9,10,2,10,10,10,2,2,1,7829
1024,1,12A232,18,40395,2,1,0,01,8,9,8,7,8,8,7,8,9,8,6,8,4,6,5,6,7,7,3,5,3,3,2,6,7,8,9,8,6,7,9,7,8,8,8,1,7829
1024,1,12A232,18,40395,4,1,0,03,8,8,9,9,10,9,10,10,9,10,10,9,8,8,5,9,10,9,0,4,0,0,0,9,8,9,9,9,10,9,8,10,9,10,10,1,23488
1024,1,12A232,18,40395,1,1,0,01,9,9,8,7,10,10,10,9,9,10,8,9,1,5,7,6,8,9,4,2,3,1,0,9,9,10,9,7,9,3,10,8,3,3,1,1,7829
1024,1,12A232,18,40399,2,1,0,03,7,10,7,9,10,8,10,10,7,10,7,9,0,5,2,2,10,2,5,7,7,0,7,8,4,7,10,8,3,0,5,10,10,10,5,1,48496
1024,1,12A232,18,40399,3,1,0,01,9,10,9,10,10,10,10,10,10,10,10,10,10,10,10,10,7,10,0,0,0,2,0,9,9,10,10,10,10,10,10,10,10,10,10,1,16165
1024,1,13A232,18,40403,3,1,0,01,10,5,10,6,10,10,10,10,10,10,5,10,6,5,5,5,5,5,0,5,5,4,5,6,3,9,9,10,8,0,10,10,10,10,5,1,10634
1024,1,13A232,18,40403,2,1,0,01,9,9,9,9,10,9,10,10,10,10,10,10,9,10,10,10,10,10,0,0,0,0,0,10,9,10,10,10,10,0,10,10,10,9,7,1,10634
1024,1,13A232,18,40403,4,1,0,01,10,10,10,10,10,10,10,10,10,10,7,10,9,8,8,8,8,9,2,1,1,1,0,9,9,9,10,9,5,6,10,9,7,6,8,1,10634
1024,1,13A232,18,40403,1,1,0,02,8,8,8,8,8,7,9,7,10,10,10,10,7,8,10,7,6,9,0,0,3,3,0,9,8,9,9,8,8,6,8,9,9,7,5,1,21269
1024,1,13A232,18,40406,4,1,0,03,6,3,7,2,10,7,6,10,10,4,0,7,7,6,7,5,6,4,3,3,3,3,3,8,7,7,10,7,5,3,10,10,10,6,6,1,33408
1024,1,13A232,18,40406,3,1,0,01,9,9,10,10,6,10,10,10,10,10,6,6,5,5,5,5,4,6,5,4,5,0,4,9,9,9,9,8,10,5,10,10,10,5,5,1,33408
1024,1,13A232,18,40406,2,1,0,04,6,3,8,7,10,7,6,8,10,7,0,7,5,8,2,4,5,5,0,7,5,5,0,7,10,6,8,7,2,7,8,8,7,7,7,1,44544
1024,1,13A232,18,40408,3,1,0,01,10,9,10,10,10,10,10,10,10,10,10,10,8,10,10,7,10,10,0,0,2,0,0,10,9,8,10,10,10,10,10,10,7,10,10,1,10000
1024,1,13A232,18,40408,2,1,0,01,10,10,8,8,10,10,10,8,9,9,5,8,0,8,8,6,7,5,2,2,3,3,3,9,10,8,6,8,7,5,10,10,10,8,3,1,10000
1024,1,13A232,18,40408,4,1,0,01,9,10,10,10,10,9,9,9,9,9,10,10,7,9,6,5,8,8,0,3,5,0,0,9,8,9,8,9,9,5,10,10,4,5,6,1,10000
1024,1,13A232,18,40408,1,1,0,03,8,8,8,7,9,8,8,9,9,9,6,6,2,5,7,5,2,6,4,2,5,7,2,6,9,7,6,8,3,3,5,7,8,6,8,1,29999
1024,1,11A232,19,40005,1,1,0,01,9,9,10,9,9,9,9,9,9,8,7,8,4,7,6,7,7,7,2,4,2,3,2,8,9,7,7,9,9,9,9,10,8,8,10,1,26004
1024,1,11A232,19,40005,3,1,0,01,8,7,7,8,9,9,9,9,9,8,9,9,7,8,8,7,8,7,1,2,2,2,3,3,8,4,8,8,9,3,8,3,4,4,3,1,8668
1024,1,11A232,19,40005,4,1,0,01,6,5,9,10,10,10,10,10,10,10,10,10,7,6,6,6,8,5,4,4,3,1,5,10,7,5,10,9,10,6,10,7,10,10,10,1,8668
1024,1,11A232,19,40005,2,1,0,01,9,9,9,9,10,10,10,10,10,10,7,8,5,7,7,7,7,7,2,2,3,2,2,9,10,9,9,9,9,8,9,9,10,9,9,1,17336
1024,1,11A232,19,40006,2,1,0,02,9,10,8,9,10,7,7,9,8,10,10,9,6,4,5,7,6,4,5,5,3,4,6,8,9,8,8,8,5,7,6,6,6,6,7,1,18973
1024,1,11A232,19,40006,4,1,0,03,8,9,10,7,10,8,10,10,10,8,5,10,9,8,5,6,4,5,2,4,3,5,5,8,10,7,7,8,4,0,9,9,1,5,5,1,28460
1024,1,11A232,19,40006,3,1,0,02,9,10,5,10,10,10,10,10,5,10,10,9,10,7,0,2,0,5,3,10,7,10,0,10,5,8,10,10,0,0,5,5,0,9,9,1,18973
1024,1,11A232,19,40018,2,1,0,03,9,6,9,8,10,10,9,10,10,8,8,9,9,5,5,5,5,4,4,5,4,4,5,9,9,9,10,10,10,9,8,9,7,8,9,1,29582
1024,1,11A232,19,40018,4,1,0,01,10,10,10,10,10,10,10,10,10,10,10,10,7,10,10,6,6,10,0,0,4,3,0,8,9,9,9,10,9,7,10,5,8,8,10,1,29582
1024,1,11A232,19,40018,3,1,0,01,8,7,10,10,10,10,10,10,10,10,5,10,7,10,6,5,10,10,0,4,4,0,0,10,10,10,10,9,9,4,10,10,10,7,10,1,19722
1024,1,11A232,19,40018,1,1,0,01,10,10,10,10,10,10,10,10,10,10,9,9,9,8,10,10,10,10,0,0,0,0,0,10,10,9,9,9,10,5,10,10,10,8,8,1,39443
1024,1,11A232,19,40023,4,1,0,01,10,0,10,10,10,10,10,10,10,10,10,10,5,10,10,10,10,10,0,0,0,0,0,10,10,5,10,10,10,5,10,10,10,5,10,1,19455
1024,1,11A232,19,40023,3,1,0,01,10,6,10,10,10,10,10,10,8,10,10,10,0,10,10,10,10,10,0,0,0,0,0,8,10,8,10,8,10,7,10,6,10,10,10,1,9727
1024,1,11A232,19,40023,2,1,0,01,8,6,8,7,9,10,9,9,8,9,9,9,7,4,4,5,7,7,6,5,4,3,3,8,9,8,8,9,7,5,6,7,8,8,6,1,19455
1024,1,11A232,19,40023,1,1,0,01,8,10,8,10,10,8,10,8,10,10,10,8,8,6,5,6,5,5,4,4,3,4,5,8,8,8,7,8,7,8,9,10,10,10,9,1,9727
1024,1,11A232,19,40024,3,1,0,02,8,9,8,8,10,9,8,8,10,8,8,7,8,9,9,8,10,9,0,0,0,0,0,8,7,7,9,8,9,0,8,7,8,8,8,1,25100
1024,1,11A232,19,40024,2,1,0,02,8,9,8,10,10,10,10,10,8,10,10,10,9,8,5,8,3,7,1,4,2,5,2,10,10,10,10,10,10,10,10,5,4,10,10,1,16733
1024,1,11A232,19,40024,4,1,0,01,10,10,10,10,10,10,10,10,10,10,10,10,7,5,5,5,5,5,5,4,5,5,5,10,10,10,10,9,9,10,10,10,10,10,10,1,33467
1024,1,11A232,19,40024,1,1,0,01,10,10,10,10,10,10,10,10,10,10,10,10,0,9,3,6,9,7,1,6,4,1,2,9,8,10,10,10,9,7,10,9,8,9,9,1,25100
1024,1,11A232,19,40031,2,1,0,01,0,10,10,8,9,10,10,8,7,9,5,7,0,5,7,6,3,7,0,0,3,6,2,7,2,7,9,8,9,9,10,9,4,9,10,1,46367
1024,1,11A232,19,40031,1,1,0,01,10,9,10,10,10,10,10,10,10,10,9,10,8,6,5,6,5,7,4,4,3,5,3,10,10,10,10,10,9,8,10,10,8,10,10,1,30912
1024,1,11A232,19,40032,4,1,0,01,10,9,10,10,8,10,10,10,8,10,10,10,2,3,8,7,7,7,0,1,2,3,2,10,10,10,10,10,8,5,7,10,10,10,10,1,17350
1024,1,11A232,19,40032,1,1,0,01,10,10,10,10,10,10,10,10,10,10,8,10,5,8,8,7,7,10,1,1,2,2,0,10,10,10,8,10,6,5,7,10,10,10,10,1,8675
1024,1,11A232,19,40032,3,1,0,01,10,5,9,10,10,9,10,10,10,9,10,9,8,9,6,7,10,7,1,3,2,0,3,9,9,9,10,9,7,9,10,10,10,10,10,1,17350
1024,1,11A232,19,40036,3,1,0,01,9,8,10,9,10,9,10,9,9,10,9,10,8,5,9,9,10,9,0,1,0,0,0,10,9,10,9,10,8,6,10,10,9,9,6,1,39710
1024,1,11A232,19,40036,1,1,0,01,7,6,7,5,9,10,8,9,9,9,9,7,6,5,4,8,7,6,3,5,2,2,4,8,7,7,9,7,9,6,7,7,7,3,5,1,19855
1024,1,11A232,19,40036,2,1,0,02,10,10,10,10,10,10,10,10,10,10,10,10,9,7,8,8,10,9,2,1,1,0,0,10,10,10,10,9,7,7,10,10,7,7,8,1,19855
1024,1,12A232,19,40044,4,1,0,01,10,10,10,10,10,10,10,10,7,10,0,10,0,10,5,10,10,5,0,5,0,0,0,7,10,10,10,8,3,8,10,10,10,5,10,1,18239
1024,1,12A232,19,40044,2,1,0,02,9,7,9,9,9,8,9,10,9,9,9,9,7,7,5,5,8,8,2,5,4,1,1,9,8,9,9,9,8,5,9,9,8,6,6,1,18239
1024,1,12A232,19,40044,1,1,0,01,9,9,9,9,10,9,10,10,10,10,10,8,0,0,0,0,0,0,0,0,10,9,10,9,9,9,9,9,9,8,9,9,9,9,9,1,9119
1024,1,12A232,19,40045,4,1,0,03,6,4,6,9,5,10,9,4,5,9,2,9,7,8,8,8,9,7,1,2,1,1,1,4,7,5,8,10,4,5,9,4,4,4,5,1,33826
1024,1,12A232,19,40045,3,1,0,01,9,9,9,10,10,9,10,10,9,10,9,10,8,7,9,10,10,10,3,1,0,0,0,10,10,10,10,10,10,8,10,10,9,10,5,1,16913
1024,1,12A232,19,40045,2,1,0,01,9,9,10,9,10,9,9,10,9,9,9,9,8,5,4,8,9,9,5,5,1,1,0,9,8,10,9,10,9,9,10,9,8,8,9,1,25370
1024,1,12A232,19,40045,1,1,0,01,9,8,8,10,8,10,10,10,10,10,7,10,2,9,8,9,6,10,1,0,1,0,0,8,8,9,9,10,2,3,6,6,6,6,6,1,16913
1024,1,12A232,19,40050,1,1,0,02,10,10,10,10,10,8,10,10,10,10,8,10,10,7,5,7,5,7,2,5,2,5,2,10,8,10,8,10,9,6,10,10,8,10,8,1,16100
1024,1,12A232,19,40050,2,1,0,01,10,9,9,10,10,10,9,10,9,9,10,9,8,8,7,9,9,8,2,2,1,1,2,8,9,9,10,10,7,7,8,9,10,8,8,1,8050
1024,1,12A232,19,40050,3,1,0,02,10,10,10,10,10,10,10,10,8,10,10,10,5,6,6,6,10,10,4,3,4,0,0,10,10,10,8,8,8,5,10,10,8,8,7,1,16100
1024,1,12A232,19,40050,4,1,0,01,10,10,9,9,9,10,10,10,9,10,9,10,8,10,10,10,10,10,0,0,0,0,0,10,10,10,10,10,10,9,10,10,8,8,8,1,32200
1024,1,12A232,19,40058,2,1,0,02,9,9,9,9,9,9,9,9,9,9,10,10,10,5,6,5,5,5,5,3,5,5,4,9,8,9,9,9,8,10,9,9,10,10,9,1,34574
1024,1,12A232,19,40058,1,1,0,03,10,10,10,10,10,10,10,10,10,10,5,10,0,10,10,10,10,10,0,0,0,0,0,10,10,10,10,10,10,10,10,10,10,10,10,1,34574
1024,1,12A232,19,40058,4,1,0,02,8,8,9,9,10,8,9,10,10,10,4,6,5,8,7,7,6,7,1,3,3,3,3,8,10,7,8,10,8,6,8,10,10,7,10,1,17287
1024,1,12A232,19,40058,3,1,0,02,10,10,10,10,10,10,10,10,10,10,10,10,8,10,5,6,10,10,0,5,4,0,0,10,9,10,8,10,9,4,9,10,9,2,5,1,25930
1024,1,12A232,19,40063,3,1,0,03,10,10,10,10,9,10,10,10,9,10,10,9,8,9,10,10,9,9,0,0,0,0,0,9,10,9,9,10,9,9,9,10,9,8,7,1,26354
1024,1,12A232,19,40063,2,1,0,01,8,7,8,6,5,7,7,7,7,7,10,8,6,6,3,3,5,2,3,6,6,5,8,5,1,5,5,3,3,7,6,8,8,8,8,1,17569
1024,1,13A232,19,40083,1,1,0,03,10,9,7,10,9,10,10,10,10,10,10,9,3,7,8,9,10,9,2,1,0,0,0,10,10,10,10,10,10,10,10,10,10,10,10,1,31647
1024,1,13A232,19,40083,4,1,0,02,6,8,5,9,7,9,9,8,8,9,8,7,7,5,3,4,4,5,4,4,4,5,5,7,6,7,6,7,2,4,5,7,7,3,6,1,21098
1024,1,13A232,19,40083,3,1,0,02,10,10,9,10,10,10,10,10,10,10,10,10,0,10,10,7,10,10,0,0,2,0,0,10,10,10,10,10,10,9,10,10,10,10,10,1,31647
1024,1,13A232,19,40083,2,1,0,02,10,10,10,10,10,10,10,10,10,10,5,10,10,5,3,6,10,5,5,6,3,0,5,8,10,10,6,8,5,8,8,8,8,8,8,1,21098
1024,1,13A232,19,40084,4,1,0,03,10,10,10,10,10,10,10,10,10,10,5,10,0,5,10,10,10,8,5,0,0,0,0,10,10,10,10,10,10,10,10,10,10,10,10,1,59616
1024,1,13A232,19,40084,2,1,0,05,9,7,9,9,10,9,10,10,10,10,10,9,8,9,6,5,8,9,1,4,4,1,1,9,9,9,8,8,8,7,8,8,8,9,9,1,71540
1024,1,13A232,19,40088,4,1,0,01,9,9,9,9,10,9,8,10,10,8,0,8,7,9,7,8,7,8,1,2,2,2,0,9,8,9,7,8,9,10,8,10,10,10,3,1,9488
1024,1,13A232,19,40097,1,1,0,02,10,10,10,10,10,10,10,10,10,10,8,10,7,7,5,5,5,5,2,5,5,5,5,9,8,8,8,9,9,8,8,9,9,8,8,1,21832
1024,1,13A232,19,40097,2,1,0,01,9,9,10,8,10,10,10,10,10,10,10,8,10,5,6,6,5,5,5,3,3,5,5,5,8,8,9,5,5,5,9,10,10,10,10,1,54581
1024,1,13A232,19,40097,4,1,0,02,9,9,10,10,10,10,10,10,10,10,8,10,7,9,10,0,10,10,0,0,0,0,0,8,8,10,10,10,10,7,10,7,10,6,5,1,21832
1024,1,13A232,19,40097,3,1,0,02,10,9,8,10,10,9,9,10,10,9,10,9,9,9,9,5,9,10,1,0,4,0,0,9,9,9,10,9,8,7,10,10,9,8,7,1,21832
1024,1,13A232,19,40102,3,1,0,02,7,8,8,9,7,7,8,10,10,10,7,8,7,8,7,5,8,8,1,2,5,2,0,8,6,8,8,8,9,8,9,8,8,7,7,1,21848
1024,1,13A232,19,40102,2,1,0,01,9,5,9,10,10,8,10,9,10,10,10,8,10,6,6,6,5,8,3,3,4,5,0,9,10,8,9,9,8,5,8,9,8,8,8,1,10924
1024,1,13A232,19,40110,1,1,0,01,10,9,9,10,10,10,10,10,10,10,10,10,8,10,5,5,10,10,0,4,4,0,0,9,10,10,10,10,10,9,10,10,10,10,10,1,20811
1024,1,13A232,19,40110,3,1,0,03,9,8,8,9,9,9,8,9,8,8,5,7,4,6,5,6,6,7,4,4,3,3,2,8,6,7,8,7,10,6,7,9,8,7,6,1,41623
1024,1,13A232,19,40114,3,1,0,01,10,10,10,10,10,10,10,10,10,10,10,10,1,10,10,10,10,10,0,0,0,0,0,10,10,10,10,10,10,3,10,10,10,3,3,1,11674
1024,1,13A232,19,40114,4,1,0,01,10,4,5,5,10,10,10,10,10,10,10,10,10,5,7,5,8,5,1,1,5,1,4,10,10,10,10,10,10,10,10,10,10,10,10,1,23348
1024,1,13A232,19,40114,1,1,0,02,8,8,10,6,6,10,10,8,10,10,9,8,10,9,9,5,10,5,1,1,2,0,0,8,8,9,10,8,7,7,9,10,10,8,9,1,23348
1024,1,11A232,19,40232,2,1,0,01,10,7,10,10,10,10,10,10,10,10,10,10,8,3,8,4,7,10,6,1,1,1,0,10,10,10,10,10,7,8,10,10,10,10,10,1,18209
1024,1,11A232,19,40232,3,1,0,02,10,10,10,8,10,10,10,10,10,10,8,10,9,9,9,10,10,10,1,1,0,0,0,5,8,8,10,8,10,5,10,5,3,10,10,1,18209
1024,1,11A232,19,40232,4,1,0,03,10,10,10,10,10,10,10,10,10,10,9,10,9,10,10,7,10,10,0,0,2,0,0,10,7,10,10,10,8,0,10,7,3,0,0,1,36418
1024,1,11A232,19,40481,1,1,0,01,9,9,10,9,10,10,10,10,10,10,10,10,8,10,9,9,9,10,0,1,1,1,0,10,10,10,10,10,10,6,9,10,10,7,7,1,13816
1024,1,11A232,19,40485,3,1,0,01,8,6,9,9,10,10,10,8,10,9,6,10,7,8,5,6,6,6,2,4,4,3,4,9,6,9,9,7,7,5,8,7,5,5,9,1,9293
1024,1,11A232,19,40485,1,1,0,01,10,10,9,10,8,9,10,10,10,8,10,9,5,8,5,10,10,10,1,3,0,0,0,10,10,10,10,10,7,7,10,10,10,10,9,1,37173
1024,1,11A232,19,40485,4,1,0,03,10,8,10,10,10,10,10,10,10,10,5,10,2,10,8,9,9,9,0,1,1,1,1,10,10,8,8,10,8,4,10,9,8,10,8,1,27880
1024,1,11A232,19,40485,2,1,0,02,10,8,10,10,10,10,10,9,9,10,10,10,5,5,5,5,5,5,5,5,5,5,5,10,5,10,9,10,10,10,10,10,5,10,10,1,18587
1024,1,11A232,19,40488,3,1,0,01,9,9,8,8,8,10,10,10,5,10,10,10,2,8,5,5,6,8,2,5,5,4,2,8,8,8,8,8,8,10,10,10,10,10,10,1,16158
1024,1,11A232,19,40488,2,1,0,02,9,6,9,10,8,8,9,10,10,10,5,9,5,7,9,8,8,9,2,0,2,0,1,8,7,9,10,10,9,5,9,8,6,7,8,1,16158
1024,1,11A232,19,40488,4,1,0,02,10,8,10,10,10,10,10,10,10,10,10,10,6,7,3,6,5,8,2,6,4,4,0,10,8,8,10,10,9,1,10,10,10,10,10,1,16158
1024,1,11A232,19,40489,3,1,0,02,10,10,10,10,10,8,8,10,10,10,10,8,8,10,9,4,6,10,0,1,5,3,0,10,7,10,10,8,8,4,8,7,7,6,8,1,19095
1024,1,11A232,19,40489,2,1,0,01,9,9,9,10,10,10,10,10,8,9,2,10,5,8,6,8,8,8,0,3,0,2,2,9,9,9,10,9,10,9,9,10,8,9,10,1,19095
1024,1,11A232,19,40489,1,1,0,02,9,9,8,9,10,9,9,10,10,9,8,9,4,5,4,5,8,7,5,5,5,2,3,9,9,9,9,8,9,10,9,9,9,9,9,1,19095
1024,1,11A232,19,40492,4,1,0,02,3,8,5,7,7,7,5,5,5,10,8,9,9,9,7,7,6,7,0,3,3,4,3,8,8,8,10,10,10,9,9,9,9,10,10,1,55086
1024,1,11A232,19,40492,3,1,0,01,9,5,10,10,10,10,10,10,10,9,7,7,8,8,8,8,8,2,2,1,2,2,2,7,9,7,8,6,8,8,8,8,8,8,10,1,33052
1024,1,11A232,19,40492,2,1,0,02,10,10,10,10,8,10,10,5,10,10,9,10,5,6,6,7,10,4,4,0,3,0,5,10,10,10,8,9,9,8,9,10,10,10,10,1,22035
1024,1,11A232,19,40494,3,1,0,03,10,8,10,8,10,10,7,10,7,8,4,7,5,6,5,6,5,5,3,5,3,5,0,7,10,7,9,7,5,5,8,10,10,5,5,1,26893
1024,1,11A232,19,40494,1,1,0,01,10,10,8,10,10,10,8,10,8,8,10,10,5,3,5,6,8,10,6,0,4,1,0,10,8,10,10,10,10,0,10,5,10,0,10,1,17929
1024,1,11A232,19,40494,4,1,0,01,9,5,2,9,9,9,9,9,9,9,10,10,9,0,0,1,1,0,7,1,1,1,1,9,9,9,9,9,9,10,10,10,10,10,10,1,8964
1024,1,11A232,19,40498,4,1,0,02,10,8,9,9,9,9,9,10,10,10,10,10,9,10,7,5,9,9,0,2,4,1,1,9,9,10,10,10,9,10,10,9,9,5,9,1,17405
1024,1,11A232,19,40498,2,1,0,01,4,10,8,7,9,9,9,9,5,6,9,9,5,0,1,1,1,1,5,3,0,0,0,5,2,7,8,5,6,0,6,3,0,2,2,1,34811
1024,1,11A232,19,40498,3,1,0,02,9,8,8,9,10,10,9,9,9,10,10,9,8,8,10,10,10,10,1,0,0,0,0,8,8,9,9,9,9,9,9,9,9,9,9,1,17405
1024,1,11A232,19,40501,2,1,0,01,10,10,10,10,10,10,10,10,10,10,3,10,0,9,10,10,10,10,1,0,0,0,0,10,9,10,10,10,10,1,9,10,7,10,10,1,44610
1024,1,11A232,19,40501,3,1,0,02,9,7,9,9,10,9,10,10,10,10,10,9,1,8,8,8,8,8,2,1,2,1,1,9,8,9,9,10,10,10,9,9,7,9,7,1,22305
1024,1,11A232,19,40501,4,1,0,02,10,8,10,10,10,10,9,9,8,10,10,8,7,5,5,5,5,7,5,5,5,5,2,10,8,10,10,10,8,8,8,8,8,8,8,1,22305
1024,1,11A232,19,40501,1,1,0,01,10,8,10,9,10,10,10,10,8,9,5,7,4,6,9,4,8,7,4,0,5,2,2,10,10,10,10,9,9,9,10,9,9,9,9,1,33458
1024,1,11A232,19,40502,3,1,0,02,10,10,10,10,10,10,10,10,10,10,10,10,0,10,10,10,10,10,0,0,0,0,0,10,10,10,10,10,10,10,10,10,10,10,10,1,25981
1024,1,11A232,19,40502,4,1,0,03,10,5,10,10,8,8,10,10,10,10,8,10,8,8,4,6,6,10,0,6,4,4,0,10,10,8,10,9,10,8,8,10,10,10,10,1,25981
1024,1,11A232,19,40502,2,1,0,02,8,6,3,8,10,10,10,10,10,10,10,7,7,5,5,5,5,5,5,2,5,5,2,5,8,5,4,8,6,2,5,6,3,5,5,1,25981
1024,1,11A232,19,40502,1,1,0,01,8,6,10,10,10,10,10,10,10,10,9,9,1,7,5,5,3,4,0,4,5,6,6,9,10,10,10,9,10,9,9,9,10,9,9,1,8660
1024,1,11A232,19,40505,1,1,0,02,9,5,10,10,10,10,10,10,10,10,10,10,6,10,10,5,10,10,0,0,5,0,0,9,10,10,10,10,10,9,10,10,10,10,10,1,17135
1024,1,11A232,19,40505,2,1,0,01,8,2,8,10,10,6,8,10,10,10,10,10,9,10,10,5,5,5,0,0,5,0,0,10,8,10,5,10,10,5,10,10,10,10,10,1,8568
1024,1,11A232,19,40505,3,1,0,01,9,10,9,8,9,8,9,8,10,9,9,8,0,10,10,9,8,7,0,0,0,0,0,10,9,8,10,7,10,7,10,10,10,8,10,1,34271
1024,1,11A232,19,40507,1,1,0,02,8,8,9,9,8,8,9,10,8,9,9,9,7,7,7,5,6,7,3,3,4,4,3,10,10,9,10,9,8,7,7,9,9,7,9,1,28994
1024,1,11A232,19,40507,4,1,0,01,10,10,10,10,10,10,10,10,10,10,10,10,0,6,7,5,10,10,4,3,5,0,0,10,10,10,10,10,10,10,10,10,10,10,10,1,28994
1024,1,11A232,19,40507,3,1,0,01,8,6,6,8,10,8,10,8,8,10,10,7,8,10,10,10,10,6,0,0,0,0,0,8,8,7,8,8,10,8,10,10,10,10,10,1,57988
1024,1,11A232,19,40507,2,1,0,04,8,6,9,9,10,10,10,10,10,10,10,10,8,10,9,9,10,10,0,0,0,0,0,10,8,10,8,10,10,8,10,9,10,10,10,1,77318
1024,1,11A232,19,40511,2,1,0,01,10,8,8,10,10,10,10,10,10,10,10,10,5,5,6,6,7,5,4,3,3,3,4,10,10,10,10,10,9,10,10,10,10,10,10,1,8824
1024,1,11A232,19,40511,1,1,0,04,9,9,10,10,10,10,8,10,10,10,8,8,10,4,5,6,5,5,5,5,4,4,4,9,10,9,10,9,8,7,8,9,8,8,8,1,26473
1024,1,11A232,19,40514,1,1,0,02,10,10,9,10,10,10,9,10,10,10,7,10,0,10,9,9,9,9,0,0,0,0,0,9,9,10,9,10,8,3,8,8,3,9,9,1,22241
1024,1,11A232,19,40514,2,1,0,01,8,3,6,8,9,8,8,9,9,7,9,9,6,8,9,7,8,7,2,0,3,1,0,9,9,7,8,9,6,0,6,6,6,9,9,1,22241
1024,1,12A232,19,40524,4,1,0,01,9,10,5,9,9,9,9,10,10,9,9,7,7,8,8,8,8,6,2,2,2,1,3,9,9,9,8,9,9,7,9,10,10,9,9,1,8599
1024,1,12A232,19,40524,1,1,0,02,8,3,8,3,8,9,7,8,8,8,10,8,7,5,5,4,4,4,5,5,5,5,5,8,7,7,5,7,7,1,1,9,2,3,6,1,17199
1024,1,12A232,19,40524,3,1,0,04,10,8,7,8,9,8,10,10,7,10,10,6,6,7,7,5,5,8,2,3,5,4,2,8,9,8,10,7,7,6,8,10,8,6,6,1,34397
1024,1,12A232,19,40527,3,1,0,03,10,10,10,10,10,10,10,8,10,10,10,10,7,8,5,10,9,10,1,5,0,1,0,6,8,8,8,8,8,4,8,10,3,5,8,1,26921
1024,1,12A232,19,40527,2,1,0,01,8,6,5,7,9,4,9,10,9,9,10,8,8,6,7,6,6,9,2,2,4,3,1,9,10,9,8,6,10,2,7,10,9,8,9,1,17947
1024,1,12A232,19,40527,1,1,0,03,9,7,9,10,10,10,10,10,10,10,6,8,7,8,9,10,10,10,2,1,0,0,0,9,6,9,8,10,8,6,9,10,8,7,7,1,26921
1024,1,12A232,19,40527,4,1,0,01,6,1,7,9,10,7,9,8,10,10,6,7,0,5,3,5,3,5,5,7,5,5,5,8,6,8,8,10,6,5,5,7,6,9,9,1,8974
1024,1,12A232,19,40528,1,1,0,01,8,8,9,9,9,10,10,10,10,10,10,10,7,9,9,9,9,9,1,1,1,1,1,10,10,10,8,10,10,7,10,10,10,10,10,1,17798
1024,1,12A232,19,40528,4,1,0,01,4,4,2,8,10,10,7,10,8,9,10,8,7,3,2,4,7,5,7,6,5,2,4,8,7,7,9,7,1,3,6,10,7,7,6,1,8899
1024,1,12A232,19,40528,2,1,0,01,10,7,8,9,10,10,10,10,10,10,0,9,0,5,3,7,9,7,5,5,0,1,0,8,9,9,10,9,6,2,10,8,2,1,10,1,17798
1024,1,12A232,19,40531,4,1,0,01,10,8,8,8,10,8,9,10,8,8,10,10,7,5,2,5,6,3,0,0,4,3,5,10,6,8,8,8,9,5,6,10,10,8,10,1,9006
1024,1,12A232,19,40531,2,1,0,01,8,7,7,8,9,9,8,8,7,6,9,7,8,7,5,5,5,3,2,5,5,4,6,9,8,7,6,6,8,5,5,9,6,6,9,1,18013
1024,1,12A232,19,40531,3,1,0,03,9,9,9,10,10,9,9,10,10,10,5,8,1,4,5,5,9,8,1,4,2,1,0,5,9,7,10,9,10,8,10,10,8,8,8,1,36026
1024,1,12A232,19,40531,1,1,0,01,8,8,8,9,9,8,9,9,9,9,8,8,7,10,8,7,9,9,0,0,3,0,1,8,7,8,8,9,9,5,8,8,9,7,7,1,27019
1024,1,12A232,19,40533,1,1,0,01,8,8,8,8,10,9,9,9,9,9,10,9,2,8,7,4,6,6,2,2,6,3,3,8,8,8,8,8,7,8,9,8,8,8,9,1,8597
1024,1,12A232,19,40533,2,1,0,01,10,9,10,10,10,10,10,10,10,10,10,10,5,9,10,7,10,10,0,0,3,0,0,8,10,9,10,10,10,8,9,7,8,8,7,1,8597
1024,1,12A232,19,40537,2,1,0,01,8,4,9,9,9,8,9,10,10,10,10,10,8,9,5,5,10,6,0,4,4,0,3,10,8,10,9,10,9,6,9,10,10,8,4,1,8708
1024,1,12A232,19,40537,4,1,0,02,7,7,7,5,8,8,8,10,10,8,0,8,10,5,5,5,5,5,5,5,5,5,5,8,5,10,9,9,5,5,8,9,9,9,9,1,17417
1024,1,12A232,19,40537,1,1,0,03,8,4,8,9,10,10,8,7,10,8,0,8,8,8,7,7,8,7,2,3,2,2,3,8,4,8,9,8,10,6,5,5,8,8,8,1,26125
1024,1,12A232,19,40537,3,1,0,02,9,7,9,9,10,10,10,10,10,10,10,10,0,10,10,5,10,8,0,0,5,0,0,8,8,9,9,9,8,0,8,8,8,7,5,1,17417
1024,1,12A232,19,40540,3,1,0,01,10,10,10,10,10,10,10,10,10,10,5,10,10,9,9,8,9,9,1,1,1,1,1,10,10,10,10,10,10,0,8,10,8,5,5,1,18427
1024,1,12A232,19,40540,1,1,0,01,10,10,9,9,9,9,10,8,9,9,9,9,8,5,4,4,5,6,0,6,6,4,4,10,10,10,10,9,9,8,9,10,10,10,10,1,18427
1024,1,12A232,19,40540,2,1,0,01,9,9,9,9,10,9,10,10,10,9,6,9,1,9,9,5,7,7,1,1,4,3,3,8,7,8,9,9,5,7,9,6,6,6,6,1,18427
1024,1,12A232,19,40541,2,1,0,02,9,9,8,10,10,10,10,10,10,10,10,10,0,10,6,10,10,8,0,4,0,0,0,9,6,9,7,10,8,0,10,10,10,5,5,1,19321
1024,1,12A232,19,40541,4,1,0,03,10,10,9,10,9,9,8,10,10,9,3,8,7,10,9,10,8,9,0,1,0,0,1,9,10,9,10,10,10,9,8,9,9,9,8,1,38641
1024,1,12A232,19,40541,1,1,0,01,10,10,10,10,10,10,10,10,10,10,8,10,9,10,10,10,10,10,0,0,0,0,0,10,10,10,10,10,10,10,10,8,8,8,9,1,9660
1024,1,12A232,19,40541,3,1,0,03,8,10,10,10,10,9,10,10,10,10,10,8,10,3,3,5,5,9,6,6,5,0,0,9,9,10,10,9,7,7,9,9,10,8,9,1,28981
1024,1,12A232,19,40544,2,1,0,01,10,10,10,10,8,8,10,10,10,10,10,9,1,9,10,5,10,9,1,0,5,0,0,9,9,9,9,9,9,9,9,10,10,10,10,1,14942
1024,1,12A232,19,40544,4,1,0,01,8,9,8,8,8,8,8,5,8,5,3,5,2,8,8,6,8,8,1,1,2,1,2,8,6,8,8,8,9,2,8,8,8,5,2,1,7471
1024,1,12A232,19,40544,3,1,0,01,10,9,8,8,10,9,9,10,10,10,9,9,9,9,8,9,9,10,0,1,0,0,0,8,8,8,9,9,8,8,9,9,9,8,8,1,29884
1024,1,12A232,19,40544,1,1,0,01,9,9,10,10,10,10,10,10,10,9,8,9,7,10,10,10,10,10,0,0,0,0,0,10,8,10,10,10,10,8,10,10,10,10,8,1,22413
1024,1,12A232,19,40546,2,1,0,01,10,10,10,10,10,10,10,10,10,10,10,10,8,8,7,3,10,10,0,2,6,0,0,8,10,10,10,10,10,5,10,10,10,10,10,1,8902
1024,1,12A232,19,40546,4,1,0,01,10,10,10,10,10,10,10,10,10,10,7,10,10,8,7,5,0,0,0,0,5,0,0,10,8,10,10,10,8,8,10,10,8,10,10,1,35607
1024,1,12A232,19,40550,1,1,0,03,9,8,9,9,9,10,9,10,8,9,8,9,7,7,7,8,8,8,3,3,2,2,1,9,9,9,8,8,6,5,8,9,7,7,6,1,27218
1024,1,12A232,19,40550,2,1,0,02,10,10,9,9,9,10,10,10,10,10,10,10,1,10,10,10,10,10,0,0,0,0,0,10,9,10,10,9,9,6,9,10,6,10,7,1,18145
1024,1,12A232,19,40550,3,1,0,02,10,10,10,10,10,10,10,9,9,10,10,10,8,5,5,5,5,7,5,5,4,4,2,9,9,10,10,9,10,10,8,10,10,10,10,1,27218
1024,1,12A232,19,40553,1,1,0,02,9,9,10,10,10,10,10,10,8,10,7,10,0,6,8,8,9,9,3,0,2,0,0,9,9,9,10,10,8,8,10,9,9,10,8,1,18249
1024,1,12A232,19,40553,2,1,0,01,10,10,10,10,10,10,10,10,10,10,10,10,8,8,7,9,9,8,2,0,0,0,0,10,10,10,10,10,7,5,10,10,10,8,6,1,9125
1024,1,12A232,19,40553,4,1,0,01,10,7,10,10,10,9,10,10,9,10,10,10,10,10,9,9,9,9,0,1,1,1,1,10,10,10,10,10,10,7,10,10,10,7,10,1,18249
1024,1,12A232,19,40553,3,1,0,01,10,10,10,10,10,10,10,10,10,10,10,7,10,10,10,10,6,7,0,0,0,0,0,8,8,9,10,10,10,10,10,9,10,10,10,1,9125
1024,1,12A232,19,40554,1,1,0,01,10,10,10,10,10,10,10,10,10,10,8,10,10,9,5,5,5,9,1,5,5,5,1,10,10,10,10,10,10,9,10,10,10,10,10,1,33816
1024,1,12A232,19,40554,4,1,0,01,10,10,10,10,10,10,10,10,10,10,10,10,10,5,10,7,5,8,0,0,3,5,0,10,10,10,10,10,10,10,10,10,10,10,10,1,50724
1024,1,12A232,19,40554,2,1,0,01,6,5,7,10,7,6,10,8,9,9,10,10,6,5,3,2,1,2,5,7,7,9,8,6,6,8,7,6,5,7,7,10,8,8,10,1,8454
1024,1,12A232,19,40554,3,1,0,02,9,9,8,9,10,10,10,10,9,10,10,9,8,8,7,5,6,9,2,2,4,4,0,9,9,8,9,9,10,3,10,10,9,9,10,1,25362
1024,1,12A232,19,40557,2,1,0,01,8,8,10,10,9,9,10,10,10,10,10,10,9,9,9,5,5,9,1,1,4,5,1,10,8,10,10,8,10,2,10,10,10,2,10,1,17336
1024,1,12A232,19,40557,3,1,0,01,8,10,10,10,10,10,10,10,10,10,10,10,8,8,9,5,9,5,0,1,5,1,5,8,8,9,9,9,8,5,9,10,8,8,10,1,17336
1024,1,12A232,19,40557,1,1,0,02,8,6,10,10,10,10,10,10,10,10,10,5,8,5,2,6,10,10,0,8,3,0,0,10,5,8,6,9,10,8,10,10,5,5,10,1,17336
1024,1,12A232,19,40557,4,1,0,01,9,8,9,9,0,0,10,10,0,10,10,10,0,10,10,10,10,10,0,0,0,0,0,10,10,10,10,10,10,10,10,10,10,10,10,1,17336
1024,1,12A232,19,40559,1,1,0,02,10,10,9,10,10,9,10,10,10,10,8,9,8,10,10,10,10,10,0,0,0,0,0,10,10,10,10,10,10,9,10,10,10,10,10,1,21676
1024,1,12A232,19,40559,3,1,0,02,9,7,10,10,10,10,10,10,10,10,7,10,7,10,10,10,10,8,0,0,0,0,1,8,9,9,10,10,10,8,10,10,10,10,7,1,21676
1024,1,12A232,19,40559,4,1,0,01,0,0,10,0,10,10,5,0,10,0,10,10,10,5,5,2,9,5,1,1,7,1,5,1,10,10,1,1,8,10,10,10,10,10,10,1,10838
1024,1,13A232,19,40563,1,1,0,03,7,9,8,9,8,7,7,7,8,8,6,6,7,5,2,3,5,5,2,7,6,4,5,8,5,8,8,8,7,4,7,8,8,8,2,1,46628
1024,1,13A232,19,40563,2,1,0,01,8,8,8,9,10,10,8,9,10,10,7,9,9,9,8,9,9,7,1,2,1,1,0,8,8,8,8,9,9,6,9,10,10,10,7,1,11657
1024,1,13A232,19,40563,4,1,0,01,9,7,9,9,9,9,9,9,9,9,9,9,1,5,5,5,5,7,4,4,5,5,2,9,8,9,9,9,9,2,9,9,9,5,3,1,11657
1024,1,13A232,19,40566,2,1,0,03,10,10,10,10,10,10,10,10,10,10,8,10,10,10,10,10,10,10,0,0,0,0,0,10,10,10,10,10,10,8,10,10,10,10,10,1,37710
1024,1,13A232,19,40566,4,1,0,02,10,10,8,9,10,9,10,10,10,10,10,10,8,6,5,4,7,8,3,4,5,2,2,10,10,10,9,10,6,7,5,7,5,3,6,1,25140
1024,1,13A232,19,40566,1,1,0,01,10,10,10,10,10,10,10,10,10,10,8,10,0,10,10,10,10,10,0,0,0,0,0,10,10,10,10,10,10,10,10,10,10,10,10,1,25140
1024,1,13A232,19,40567,2,1,0,02,10,10,9,9,10,10,10,10,10,10,8,10,7,5,5,7,10,8,0,5,2,0,0,10,10,10,10,10,10,10,10,10,8,10,6,1,35999
1024,1,13A232,19,40567,3,1,0,03,8,10,8,10,6,10,10,10,9,10,10,10,8,10,8,5,9,10,0,1,5,1,0,7,6,9,10,8,10,7,8,8,10,7,10,1,47998
1024,1,13A232,19,40572,2,1,0,02,10,10,10,10,10,10,10,10,10,10,6,10,1,10,5,10,10,0,0,0,0,0,0,8,10,10,10,10,10,6,10,10,10,7,5,1,22962
1024,1,13A232,19,40572,3,1,0,02,9,9,9,8,9,10,10,10,9,10,9,9,6,9,9,7,4,8,0,1,3,6,1,10,6,9,9,9,8,9,9,10,10,10,10,1,22962
1024,1,13A232,19,40576,2,1,0,01,10,10,8,10,10,10,10,10,10,10,10,10,0,10,10,9,10,10,0,0,1,0,0,10,10,10,10,10,10,9,10,10,10,8,9,1,49644
1024,1,13A232,19,40576,4,1,0,03,8,6,9,10,6,6,8,9,10,10,8,7,6,5,2,0,8,2,4,8,1,1,2,8,6,9,9,8,4,3,10,9,10,1,10,1,37233
1024,1,13A232,19,40576,1,1,0,02,9,7,9,10,10,10,10,10,10,10,10,9,9,9,8,6,6,9,0,1,4,3,1,9,9,9,9,9,10,8,10,10,10,5,2,1,24822
1024,1,13A232,19,40576,3,1,0,01,9,8,6,7,5,8,8,9,8,8,9,8,10,9,5,5,5,5,1,4,4,4,5,9,9,9,8,9,8,8,9,9,9,7,7,1,49644
1024,1,13A232,19,40579,3,1,0,01,4,5,6,7,6,9,9,9,9,9,5,9,8,5,6,6,8,7,5,3,3,1,3,5,0,1,5,5,5,0,0,5,0,0,0,1,32973
1024,1,13A232,19,40579,4,1,0,02,10,9,9,9,9,8,10,10,8,10,7,10,7,8,8,8,8,7,0,0,0,0,0,10,10,9,9,10,10,8,9,10,9,7,7,1,21982
1024,1,13A232,19,40580,2,1,0,01,10,6,8,8,9,7,10,10,7,10,5,9,2,10,8,9,8,10,0,1,1,0,0,7,7,10,9,10,8,4,10,9,8,6,6,1,10702
1024,1,13A232,19,40583,1,1,0,03,10,9,10,9,10,10,10,10,10,10,10,10,1,8,8,7,9,8,1,2,2,0,0,10,10,10,10,10,2,2,10,10,10,8,8,1,44198
1024,1,13A232,19,40583,3,1,0,01,7,8,5,4,8,7,7,8,4,6,0,6,8,6,7,7,4,3,2,2,2,6,6,8,6,8,4,7,6,0,9,9,9,6,3,1,11050
1024,1,13A232,19,40583,4,1,0,01,10,10,9,10,5,10,10,10,10,10,10,10,3,9,10,10,10,10,0,0,0,0,0,10,10,10,10,10,10,5,10,10,10,8,8,1,22099
1024,1,13A232,19,40585,1,1,0,02,8,8,7,8,10,8,8,10,10,8,10,8,6,6,5,5,5,8,4,5,5,4,0,7,7,8,8,7,8,5,7,8,9,9,8,1,20538
1024,1,13A232,19,40589,1,1,0,01,9,9,9,9,9,9,9,9,9,10,10,9,4,5,5,5,5,5,5,5,5,4,5,9,9,9,10,9,9,6,8,10,9,8,8,1,21256
1024,1,13A232,19,40589,4,1,0,01,9,9,8,9,9,9,9,9,9,9,10,10,0,9,5,4,9,8,0,4,5,0,0,8,8,9,9,9,9,2,9,10,10,10,10,1,42512
1024,1,13A232,19,40589,3,1,0,02,9,9,10,10,10,10,10,10,10,10,8,10,1,9,8,5,8,8,1,0,5,1,0,9,8,10,9,9,5,2,9,9,9,8,3,1,21256
1024,1,13A232,19,40589,2,1,0,02,9,9,10,9,10,10,10,10,10,10,10,8,2,7,5,7,9,8,1,1,3,1,1,9,10,9,9,9,7,6,9,9,8,7,4,1,31884
1024,1,13A232,19,40592,1,1,0,02,8,8,8,7,9,8,8,9,8,8,10,9,6,7,6,5,6,7,3,4,5,4,0,9,7,7,7,7,8,4,8,9,9,3,0,1,44410
1024,1,13A232,19,40592,4,1,0,01,10,10,9,10,10,7,7,10,9,10,10,9,8,6,5,5,5,8,0,5,3,0,1,10,9,10,10,10,10,7,1,10,10,9,6,1,33307
1024,1,13A232,19,40593,3,1,0,01,7,8,6,7,7,5,6,6,8,5,8,8,6,5,6,6,5,4,4,4,4,4,6,8,6,8,8,6,6,4,5,8,8,6,6,1,11424
1024,1,13A232,19,40593,2,1,0,01,8,8,9,9,9,9,8,9,8,8,7,7,5,6,5,4,6,6,4,4,5,4,3,8,8,7,7,8,7,8,9,8,8,9,7,1,22849
1024,1,13A232,19,40593,1,1,0,01,10,10,10,10,10,10,10,10,10,10,10,10,2,10,6,7,10,10,0,3,2,0,0,10,10,10,10,10,8,9,9,5,10,10,0,1,11424
1024,1,13A232,19,40596,3,1,0,02,9,8,9,10,10,10,10,10,10,10,9,10,0,10,10,5,9,10,0,0,4,1,0,10,10,10,10,10,10,0,10,8,10,4,0,1,21781
1024,1,13A232,19,40596,1,1,0,01,8,7,8,6,10,9,9,9,9,7,4,8,7,7,5,6,8,5,2,1,1,0,1,7,9,6,8,9,2,4,9,8,9,8,9,1,21781
1024,1,13A232,19,40596,2,1,0,02,10,8,10,6,10,5,5,10,10,5,0,8,8,5,7,4,7,7,3,3,6,2,3,10,10,6,10,7,10,4,4,7,7,8,2,1,21781
1024,1,11A232,20,40338,4,1,0,02,8,1,9,10,10,10,10,10,10,10,10,0,10,10,7,9,10,10,0,2,1,0,0,0,10,10,10,10,10,0,10,0,10,0,0,1,10066
1024,1,11A232,20,40338,3,1,0,01,10,10,10,10,10,10,10,10,10,10,10,10,10,10,10,7,7,10,0,0,2,2,0,10,10,10,10,10,10,10,10,10,10,10,10,1,5033
1024,1,11A232,20,40338,2,1,0,02,9,8,10,8,10,10,10,10,10,10,0,9,5,8,7,9,9,7,1,1,1,1,0,8,8,8,8,7,7,5,10,7,7,7,6,1,25166
1024,1,11A232,20,40338,1,1,0,04,9,10,10,10,10,9,10,10,10,10,10,9,9,9,8,5,10,9,0,0,4,0,0,10,8,9,9,10,5,8,10,9,8,9,9,1,20133
1024,1,11A232,20,40358,1,1,0,04,10,7,10,8,10,9,9,10,3,8,8,9,5,5,6,7,8,7,2,3,2,2,0,10,10,7,9,8,8,7,7,10,7,5,5,1,48814
1024,1,11A232,20,40358,2,1,0,02,6,4,5,6,7,8,8,9,8,8,7,7,5,4,4,5,4,5,5,5,5,5,4,7,8,7,7,7,8,4,7,7,5,5,7,1,16271
1024,1,11A232,20,40358,3,1,0,04,9,9,6,5,10,10,9,5,10,10,2,9,7,6,6,5,5,8,4,4,2,5,1,10,10,8,8,9,2,2,8,9,9,9,8,1,32543
1024,1,11A232,20,40358,4,1,0,01,7,3,8,9,10,6,10,10,8,10,8,9,7,5,8,5,7,6,5,1,4,3,4,8,10,8,7,8,4,0,8,10,4,2,8,1,16271
1024,1,11A232,20,40364,3,1,0,02,10,5,10,10,10,10,10,10,10,10,10,10,10,8,6,6,10,9,1,4,0,0,0,10,10,10,10,10,10,9,10,10,10,10,10,1,13202
1024,1,11A232,20,40364,4,1,0,05,10,10,10,10,10,10,10,10,10,9,10,10,4,7,8,7,9,7,3,2,3,1,2,10,10,10,10,9,10,10,10,10,10,7,6,1,19803
1024,1,11A232,20,40364,1,1,0,02,8,8,6,5,6,6,7,5,7,6,5,5,6,5,5,5,5,5,3,5,5,5,5,5,5,5,5,6,3,5,3,5,5,5,5,1,13202
1024,1,11A232,20,40367,3,1,0,01,10,10,10,10,10,10,10,10,10,10,10,10,10,8,9,6,9,10,0,1,4,1,0,10,10,10,10,10,7,2,10,10,10,7,7,1,13489
1024,1,11A232,20,40367,2,1,0,02,10,10,10,10,10,10,10,10,10,10,6,10,0,5,10,9,9,10,5,0,0,1,0,10,10,10,10,10,10,4,10,10,10,10,8,1,13489
1024,1,11A232,20,40367,1,1,0,01,9,9,8,9,9,9,9,9,9,9,9,10,1,9,9,9,9,9,1,1,1,1,1,9,9,9,9,9,4,1,10,7,6,5,6,1,6745
1024,1,11A232,20,40368,4,1,0,03,8,8,8,9,9,10,9,9,9,10,9,8,7,5,5,7,8,8,5,4,3,2,1,9,6,9,9,9,8,9,9,9,8,7,8,1,41746
1024,1,11A232,20,40368,1,1,0,03,8,8,10,10,10,9,10,10,10,8,1,10,8,8,9,5,10,5,1,1,5,0,0,9,10,9,10,8,10,3,10,10,8,2,5,1,33397
1024,1,11A232,20,40368,2,1,0,01,8,8,10,10,10,10,10,10,10,10,0,6,6,6,5,6,5,4,4,5,4,5,5,6,7,8,9,10,8,10,9,8,5,9,10,1,8349
1024,1,11A232,20,40368,3,1,0,02,10,10,10,10,10,10,10,10,10,10,10,10,0,10,10,10,10,10,0,0,0,0,0,10,10,10,10,10,10,9,10,10,10,10,10,1,16698
1024,1,11A232,20,40384,3,1,0,01,10,7,10,9,9,9,10,9,9,10,9,9,8,2,7,7,5,8,2,0,2,5,1,10,10,9,10,10,10,10,10,10,10,10,10,1,16074
1024,1,11A232,20,40384,4,1,0,02,7,7,10,10,10,10,10,10,10,10,4,8,9,7,7,5,5,9,3,2,4,4,0,10,10,8,8,8,8,2,8,8,10,8,8,1,16074
1024,1,11A232,20,40384,2,1,0,02,8,8,9,8,8,8,8,9,9,10,8,8,6,6,7,6,5,7,4,3,3,4,3,8,6,8,8,8,9,9,8,5,7,8,9,1,16074
1024,1,11A232,20,40386,4,1,0,02,10,10,9,9,10,10,10,10,10,10,10,10,10,10,10,10,10,10,0,0,0,0,0,10,10,10,10,10,10,10,10,10,10,10,10,1,38991
1024,1,11A232,20,40386,2,1,0,02,7,5,8,7,7,8,8,9,7,7,5,8,4,6,5,5,7,5,4,5,4,3,3,7,8,7,5,8,7,7,8,7,6,8,8,1,19495
1024,1,11A232,20,40386,1,1,0,03,8,8,7,7,8,8,8,8,9,9,5,7,8,7,5,4,7,7,3,2,3,1,1,7,7,7,5,8,7,5,6,6,5,5,5,1,29243
1024,1,12A232,20,40397,3,1,0,07,6,5,8,6,3,4,5,6,6,7,3,6,8,8,5,4,5,4,2,4,6,5,4,6,6,6,5,7,4,8,7,8,7,8,7,1,49911
1024,1,12A232,20,40397,2,1,0,03,7,7,9,8,8,9,8,8,9,9,4,8,8,5,7,7,7,7,5,2,3,2,2,9,8,8,8,8,4,3,8,8,8,6,5,1,21390
1024,1,12A232,20,40397,1,1,0,01,6,3,7,7,1,7,6,10,10,8,5,7,10,5,5,7,5,4,2,4,0,0,5,8,8,9,2,8,1,0,10,10,4,4,6,1,14260
1024,1,12A232,20,40397,4,1,0,01,7,6,7,9,9,10,10,9,9,10,9,10,1,8,9,6,9,9,1,1,3,1,1,7,9,8,8,8,4,6,8,8,8,8,8,1,7130
1024,1,12A232,20,40403,4,1,0,02,10,10,9,10,10,9,9,10,9,10,10,9,8,4,7,6,7,9,6,2,4,3,1,10,9,10,10,10,10,9,10,8,10,7,9,1,31251
1024,1,12A232,20,40403,2,1,0,01,10,8,9,10,10,9,10,10,10,9,9,8,8,4,8,10,10,9,5,0,0,0,0,9,9,9,9,9,8,9,9,10,9,7,7,1,15626
1024,1,12A232,20,40403,1,1,0,01,10,8,9,10,10,10,10,10,10,10,5,10,7,8,4,6,9,8,0,6,3,0,0,10,9,10,10,8,10,2,10,10,5,0,2,1,5209
1024,1,12A232,20,40403,3,1,0,01,10,10,10,10,10,10,10,10,10,10,0,10,0,10,10,10,10,10,0,0,0,0,0,10,8,10,10,9,5,10,10,10,10,4,10,1,10417
1024,1,12A232,20,40406,2,1,0,01,9,7,10,10,10,10,10,8,9,9,10,10,8,6,2,4,6,5,3,7,5,4,5,10,10,10,3,8,10,7,7,10,5,6,8,1,15705
1024,1,12A232,20,40406,1,1,0,01,10,10,10,10,10,10,10,10,10,10,10,10,7,5,5,4,6,5,4,5,6,3,4,10,10,7,8,7,7,10,10,10,10,6,10,1,7853
1024,1,12A232,20,40406,4,1,0,03,8,5,9,9,9,9,9,10,9,10,9,9,7,6,4,7,7,7,4,5,3,2,2,8,8,8,5,7,3,7,4,7,7,9,9,1,23558
1024,1,12A232,20,40406,3,1,0,01,7,7,8,8,9,8,9,9,10,9,8,8,7,4,4,5,5,7,5,5,4,4,1,8,8,7,8,8,6,7,9,9,8,6,7,1,15705
1024,1,12A232,20,40412,3,1,0,03,8,7,6,8,10,9,9,9,10,10,10,5,7,7,5,7,8,9,2,2,1,2,0,8,10,7,7,9,7,5,8,7,5,7,7,1,34447
1024,1,12A232,20,40412,1,1,0,01,8,8,8,9,10,9,8,9,10,9,8,8,7,7,9,6,9,8,2,1,3,1,0,9,5,9,9,8,7,7,9,9,8,6,6,1,17224
1024,1,12A232,20,40412,4,1,0,01,10,10,10,10,10,10,10,10,10,10,10,10,10,0,8,10,10,10,0,0,0,0,0,8,10,9,9,7,8,10,10,10,10,10,10,1,25835
1024,1,13A232,20,40420,3,1,0,01,9,9,10,10,10,8,8,10,10,8,8,8,9,9,8,9,8,9,1,1,1,1,1,9,9,9,9,8,9,9,9,9,9,8,8,1,14577
1024,1,13A232,20,40420,4,1,0,02,8,6,8,9,10,10,9,9,9,9,9,9,1,9,10,6,9,9,1,0,4,0,0,9,8,9,9,8,8,9,9,9,9,0,0,1,36443
1024,1,13A232,20,40420,1,1,0,02,8,8,8,8,8,8,8,8,8,8,8,8,5,7,3,7,7,7,2,3,2,2,2,8,8,8,8,8,4,3,8,5,7,8,5,1,29154
1024,1,13A232,20,40420,2,1,0,02,9,8,8,9,9,8,10,10,7,9,10,9,8,8,7,7,7,8,2,2,2,2,0,9,7,8,9,9,7,4,8,7,7,4,5,1,14577
1024,1,11A232,21,40490,1,1,0,04,6,6,8,8,9,8,8,8,8,8,9,7,9,4,5,6,5,5,5,5,4,5,0,6,6,6,7,8,5,3,8,10,7,8,7,1,28196
1024,1,11A232,21,40490,3,1,0,01,10,10,10,9,10,10,10,10,9,9,8,9,7,10,7,5,5,10,0,2,4,4,0,10,10,10,9,10,10,9,9,10,5,9,9,1,14098
1024,1,11A232,21,40490,2,1,0,03,8,10,8,8,9,10,10,10,8,8,8,8,2,8,9,7,9,8,0,0,3,1,2,9,9,10,8,8,8,5,10,10,5,8,10,1,21147
1024,1,11A232,21,40490,4,1,0,01,10,8,10,10,8,7,8,8,7,8,4,7,6,4,4,4,5,4,6,5,5,4,5,8,8,8,6,8,8,8,8,9,7,8,8,1,21147
1024,1,11A232,21,40493,4,1,0,02,10,10,10,10,10,10,10,10,10,10,4,10,0,10,10,10,10,10,0,0,0,0,0,10,10,10,9,10,10,10,10,10,10,10,10,1,24470
1024,1,11A232,21,40493,2,1,0,02,10,4,10,10,10,10,10,10,10,10,10,10,9,5,2,7,7,2,0,7,2,2,7,10,10,10,10,10,10,9,10,10,10,7,7,1,40784
1024,1,11A232,21,40493,1,1,0,01,8,9,8,7,10,10,9,10,9,10,8,7,6,10,2,7,10,5,0,7,2,0,0,7,3,8,6,8,10,3,8,6,10,8,8,1,16314
1024,1,11A232,21,40493,3,1,0,02,10,10,8,6,10,10,10,10,10,10,0,9,0,10,5,4,5,5,0,4,6,4,5,8,8,8,7,8,8,5,9,3,0,6,6,1,16314
1024,1,11A232,21,40503,2,1,0,03,8,8,8,7,10,10,10,10,10,10,1,10,5,5,3,8,5,7,5,6,0,2,0,8,5,10,8,8,8,5,10,5,5,5,5,1,19401
1024,1,11A232,21,40503,3,1,0,01,10,10,10,10,9,10,10,8,8,9,10,8,10,10,10,9,9,10,0,0,0,0,0,7,10,9,9,9,8,7,10,9,5,8,9,1,12934
1024,1,11A232,21,40503,1,1,0,01,9,8,9,9,10,8,9,10,8,10,8,10,10,6,5,5,5,4,4,4,4,4,5,10,10,10,10,10,8,7,10,10,5,5,5,1,19401
1024,1,11A232,21,40503,4,1,0,01,10,10,10,10,10,10,10,10,9,9,9,9,10,10,5,5,10,10,0,5,5,0,0,10,9,10,10,10,10,5,10,10,10,10,10,1,12934
1024,1,11A232,21,40520,1,1,0,02,7,6,8,10,9,9,9,9,9,9,4,9,10,2,5,4,5,7,7,5,5,5,1,3,5,3,3,8,8,6,7,8,8,8,8,1,17929
1024,1,11A232,21,40520,2,1,0,01,10,10,8,8,9,10,10,9,9,10,10,10,9,5,6,5,5,5,0,4,4,4,4,10,9,9,9,9,9,7,8,10,10,6,6,1,17929
1024,1,11A232,21,40520,4,1,0,01,8,7,9,10,8,10,8,10,7,8,10,7,9,0,7,5,5,7,5,2,5,4,3,7,7,8,10,10,9,7,8,8,9,7,5,1,8964
1024,1,11A232,21,40520,3,1,0,02,9,9,8,9,9,9,9,10,9,9,5,7,5,8,7,8,9,9,1,3,2,1,1,9,6,8,5,8,5,5,9,8,0,9,2,1,17929
1024,1,11A232,21,40523,1,1,0,02,9,9,9,9,9,9,9,10,10,10,10,10,9,10,5,10,10,10,0,5,0,0,0,10,10,10,10,10,10,9,9,10,10,10,10,1,31063
1024,1,11A232,21,40523,4,1,0,01,10,10,10,10,10,10,10,10,10,10,10,10,10,10,5,5,10,10,0,5,5,0,0,10,10,10,10,10,5,8,10,7,9,8,9,1,20708
1024,1,11A232,21,40523,2,1,0,01,9,9,9,9,9,9,9,9,9,9,9,9,9,10,10,7,5,5,0,0,2,4,5,9,9,9,9,9,9,9,9,9,9,8,9,1,10354
1024,1,11A232,21,40523,3,1,0,01,8,10,6,7,9,9,5,10,10,10,10,10,4,10,10,10,10,10,0,0,0,0,0,10,10,10,6,10,10,4,10,10,10,5,8,1,20708
1024,1,12A232,21,40536,1,1,0,01,7,7,10,8,10,8,9,10,10,9,0,7,0,5,2,5,5,4,5,4,5,5,6,8,10,8,8,8,5,3,10,8,7,10,7,1,15567
1024,1,12A232,21,40536,4,1,0,01,8,8,10,10,10,10,10,10,10,10,10,10,8,8,8,8,8,8,2,2,1,1,1,10,10,10,10,10,10,5,10,10,10,4,4,1,15567
1024,1,12A232,21,40536,2,1,0,01,8,7,9,9,10,10,10,10,10,10,8,10,9,6,9,9,9,9,4,1,1,1,1,9,9,10,8,9,10,1,10,10,5,5,10,1,31135
1024,1,12A232,21,40536,3,1,0,01,6,5,5,5,5,7,6,7,6,6,9,8,6,5,5,5,6,5,5,5,5,3,5,7,7,7,6,6,4,2,7,5,6,5,5,1,31135
1024,1,12A232,21,40555,1,1,0,01,5,5,5,2,9,8,8,5,10,4,8,5,0,5,5,3,4,3,3,3,3,5,7,5,5,5,5,5,5,4,9,10,10,10,7,1,31894
1024,1,12A232,21,40555,4,1,0,02,10,10,8,8,9,9,10,10,8,10,10,10,9,5,4,5,5,5,3,5,5,5,5,10,10,10,9,9,9,5,9,10,8,9,5,1,15947
1024,1,12A232,21,40555,3,1,0,02,5,5,6,7,8,9,10,10,10,10,10,10,4,10,5,7,9,9,0,5,2,1,1,10,9,10,10,10,10,1,10,10,10,5,2,1,23921
1024,1,12A232,21,40555,2,1,0,03,9,9,10,10,10,10,10,10,9,10,2,10,10,7,5,5,6,8,3,5,5,3,0,9,9,9,9,10,9,2,9,10,7,8,8,1,39868
1024,1,12A232,21,40559,3,1,0,02,8,10,8,9,10,10,10,10,10,10,4,8,10,6,4,5,10,10,4,5,4,0,0,9,7,9,8,9,7,9,8,10,5,5,5,1,18681
1024,1,12A232,21,40559,2,1,0,01,10,10,8,8,8,9,8,8,7,0,0,7,10,6,7,5,5,5,3,2,5,4,4,7,7,7,7,7,7,5,6,8,7,7,7,1,28021
1024,1,12A232,21,40559,1,1,0,02,10,10,10,10,10,10,10,10,10,10,10,10,10,10,4,4,4,4,0,5,5,5,5,10,10,9,10,10,10,5,10,10,6,6,6,1,18681
1024,1,12A232,21,40564,1,1,0,02,10,10,6,10,10,10,10,10,10,10,6,10,0,5,5,10,7,10,5,5,0,2,0,10,10,6,10,10,5,0,6,10,10,6,4,1,18762
1024,1,12A232,21,40564,2,1,0,01,8,9,9,9,9,9,9,9,9,9,9,9,9,10,10,10,10,10,0,0,0,0,0,9,9,9,9,9,8,0,9,9,7,8,8,1,18762
1024,1,12A232,21,40564,4,1,0,04,10,10,9,10,10,10,9,9,9,9,9,9,9,5,5,4,5,5,4,5,5,5,5,9,9,9,9,9,9,5,9,9,7,7,6,1,37524
1024,1,12A232,21,40568,3,1,0,05,5,1,5,5,10,7,4,4,3,3,9,8,0,3,7,5,3,1,6,0,4,6,3,7,7,8,5,7,9,6,8,10,8,10,10,1,28316
1024,1,12A232,21,40568,2,1,0,04,8,6,9,9,9,8,9,8,9,9,8,8,8,10,9,9,8,9,0,0,0,0,0,8,9,8,8,9,8,7,8,9,9,9,9,1,22653
1024,1,12A232,21,40568,1,1,0,01,10,10,9,9,9,9,9,9,9,9,9,9,9,10,10,5,8,5,0,0,4,2,5,10,9,9,9,8,10,10,10,10,10,10,7,1,5663
1024,1,12A232,21,40568,4,1,0,01,8,8,8,9,9,9,10,9,9,8,9,7,7,5,8,8,5,7,1,1,0,1,1,8,9,8,6,9,1,5,6,8,6,9,10,1,5663
1024,1,12A232,21,40571,2,1,0,01,5,7,10,10,10,10,10,10,10,10,10,10,8,10,7,5,5,3,0,2,5,5,7,5,8,8,7,10,10,5,8,5,6,7,5,1,20685
1024,1,12A232,21,40571,1,1,0,04,6,5,6,6,10,7,8,10,10,10,10,8,5,9,7,6,8,7,1,2,3,2,2,7,8,6,9,7,7,7,5,5,7,7,7,1,27581
1024,1,12A232,21,40571,4,1,0,03,10,10,10,10,10,10,10,10,9,9,9,10,10,10,5,5,5,5,0,4,5,5,5,10,7,9,8,9,9,6,9,9,9,7,6,1,20685
1024,1,13A232,21,40572,3,1,0,02,10,10,10,10,10,10,10,10,10,10,0,10,10,10,5,10,10,10,0,5,0,0,0,10,9,10,7,10,10,0,10,10,5,10,0,1,38097
1024,1,13A232,21,40572,4,1,0,03,8,7,9,7,10,10,9,10,10,9,0,9,0,5,7,2,5,0,0,2,7,0,0,8,9,10,10,8,10,6,9,10,10,8,6,1,38097
1024,1,13A232,21,40575,2,1,0,01,10,10,10,10,10,10,10,10,8,9,9,9,9,10,10,10,10,10,0,0,0,0,0,10,10,10,10,10,10,6,10,10,10,8,6,1,20572
1024,1,13A232,21,40575,1,1,0,01,8,8,9,8,10,10,10,10,10,10,10,10,10,5,5,5,5,9,4,4,4,5,1,10,10,10,10,10,10,8,10,10,10,10,10,1,10286
1024,1,13A232,21,40575,4,1,0,03,10,10,10,10,10,10,10,10,7,10,2,8,6,5,3,3,5,10,5,5,5,3,0,10,10,10,8,10,0,3,10,10,10,6,7,1,41143
1024,1,13A232,21,40585,1,1,0,01,10,10,10,10,10,10,10,8,9,9,9,9,9,6,5,4,5,5,3,5,6,5,5,8,8,8,8,8,8,0,8,10,6,1,9,1,28430
1024,1,13A232,21,40585,4,1,0,01,10,10,10,10,10,10,10,10,10,10,10,10,3,10,8,10,10,7,0,1,0,0,0,10,10,10,10,10,10,10,10,10,8,8,10,1,28430
1024,1,13A232,21,40585,2,1,0,01,8,10,9,10,10,10,10,10,8,9,10,10,9,6,6,6,6,6,3,3,3,3,4,9,10,9,9,9,8,7,9,10,9,7,7,1,9477
1024,1,13A232,21,40585,3,1,0,02,8,3,10,10,9,10,10,10,8,10,3,8,10,7,6,8,8,6,2,4,1,1,4,9,7,10,10,10,7,3,10,5,7,0,0,1,18953
1024,1,13A232,21,40588,2,1,0,05,10,10,10,10,10,10,10,10,10,10,10,10,10,10,10,10,10,10,0,0,0,0,0,10,10,10,10,10,10,5,10,10,10,5,5,1,43898
1024,1,13A232,21,40588,1,1,0,04,8,8,7,5,8,8,8,8,8,8,7,5,8,8,8,5,5,10,0,0,4,4,0,7,9,8,7,8,9,3,9,6,7,5,5,1,35119
1024,1,13A232,21,40597,1,1,0,01,10,10,10,10,10,10,10,10,9,10,8,10,9,10,9,10,10,10,0,0,0,0,0,10,10,10,10,10,8,8,10,10,10,8,8,1,22960
1024,1,13A232,21,40597,4,1,0,01,10,10,10,10,10,10,10,10,10,10,10,10,10,10,8,8,10,10,0,0,2,0,0,10,10,10,10,10,10,10,10,10,10,10,10,1,22960
1024,1,13A232,21,40597,2,1,0,02,9,10,9,10,10,8,9,8,8,8,6,7,7,7,6,6,5,6,3,3,3,5,3,9,7,9,9,10,8,5,8,10,6,6,5,1,22960
1024,1,13A232,21,40597,3,1,0,02,10,10,10,10,10,10,10,10,10,10,10,10,10,10,10,7,10,10,0,0,2,0,0,10,10,10,10,10,10,0,10,10,10,0,0,1,22960
1024,1,11A232,22,40348,3,1,0,01,10,8,8,7,8,5,6,10,8,8,10,9,10,6,8,6,7,8,0,0,4,0,0,6,4,5,6,6,8,0,8,10,9,8,7,1,25636
1024,1,11A232,22,40348,1,1,0,01,8,6,7,4,10,8,8,8,10,10,0,5,5,6,6,6,8,5,4,0,3,1,0,7,9,6,5,10,4,5,7,4,9,8,5,1,8545
1024,1,11A232,22,40348,2,1,0,01,8,8,8,6,8,7,8,9,7,8,10,6,5,5,5,6,3,7,4,4,4,6,3,8,9,8,7,8,9,4,7,8,7,8,8,1,17091
1024,1,11A232,22,40352,2,1,0,01,6,7,8,6,9,8,9,10,8,7,10,6,6,3,5,6,5,5,4,0,4,0,0,8,5,10,4,7,3,8,7,5,5,7,5,1,22003
1024,1,11A232,22,40352,3,1,0,01,7,9,8,6,9,8,8,8,8,9,9,8,6,5,5,4,7,7,5,5,5,3,3,7,5,7,7,7,8,6,8,8,8,8,7,1,7334
1024,1,11A232,22,40352,1,1,0,01,6,3,10,8,10,10,10,10,9,10,10,10,0,5,4,3,10,8,5,5,6,0,0,10,6,8,9,9,10,7,10,10,10,7,5,1,7334
1024,1,11A232,22,40352,4,1,0,05,10,10,10,10,10,9,10,9,10,8,10,9,2,10,2,9,10,10,0,0,1,0,0,10,9,10,8,10,9,7,9,10,10,10,10,1,36672
1024,1,12A232,22,40364,3,1,0,01,8,7,5,9,9,7,9,5,9,10,5,10,10,7,2,5,8,6,3,7,5,1,3,6,7,9,8,10,5,5,8,8,5,9,4,1,29487
1024,1,12A232,22,40364,2,1,0,01,10,10,10,10,10,10,10,10,7,10,7,10,7,7,7,8,9,5,2,2,1,1,0,10,10,10,10,10,7,10,10,10,10,10,10,1,14744
1024,1,12A232,22,40364,4,1,0,02,7,8,9,8,8,8,8,9,9,9,10,9,2,8,8,6,8,8,2,1,4,2,0,8,7,8,8,8,8,8,8,9,8,8,8,1,29487
1024,1,12A232,22,40364,1,1,0,02,7,4,8,5,10,6,6,8,9,9,3,5,3,10,7,8,10,10,0,2,0,0,0,7,7,6,5,7,5,3,8,9,5,5,7,1,14744
1024,1,12A232,22,40370,1,1,0,02,5,3,7,4,6,8,6,5,4,2,8,4,8,8,5,5,3,5,1,4,4,7,0,7,8,4,3,4,8,7,8,8,9,7,5,1,32086
1024,1,12A232,22,40370,4,1,0,01,8,8,8,9,9,7,9,9,7,10,1,9,9,10,10,9,8,10,0,0,1,0,0,8,8,8,6,10,4,6,8,9,7,6,6,1,48130
1024,1,12A232,22,40370,3,1,0,03,10,8,9,9,10,8,10,10,8,10,8,9,9,2,0,5,7,6,7,10,5,2,0,9,9,9,8,9,7,7,8,8,6,8,5,1,32086
1024,1,12A232,22,40370,2,1,0,01,8,7,9,9,10,6,10,9,7,9,10,9,6,9,9,8,6,8,0,0,0,3,0,8,10,9,9,7,9,6,10,10,10,9,9,1,24065
1024,1,12A232,22,40374,2,1,0,01,10,10,10,10,10,8,10,7,8,10,10,8,9,10,10,10,10,10,0,0,0,0,0,10,10,10,10,9,10,10,10,10,10,10,10,1,29918
1024,1,12A232,22,40374,4,1,0,01,7,7,9,9,10,9,10,10,5,9,10,9,5,7,5,7,9,9,3,5,3,0,0,10,10,10,10,9,7,1,9,10,5,5,5,1,23934
1024,1,12A232,22,40374,1,1,0,01,3,6,1,5,5,5,3,5,8,8,5,2,4,3,1,1,1,1,4,4,5,5,5,1,10,1,5,8,10,1,8,1,5,2,4,1,5984
1024,1,12A232,22,40378,4,1,0,01,8,8,8,10,10,10,10,10,9,10,10,9,1,10,4,5,6,7,0,6,4,4,2,9,7,10,10,10,10,10,9,10,10,10,10,1,7331
1024,1,12A232,22,40378,1,1,0,01,10,10,10,10,5,7,10,10,5,10,10,10,0,9,5,6,10,10,1,0,4,0,0,10,10,10,10,5,10,10,10,10,10,2,2,1,14663
1024,1,12A232,22,40378,2,1,0,01,10,10,10,10,10,10,10,10,10,10,10,10,5,6,10,6,5,10,4,0,3,5,0,10,10,10,10,10,7,5,10,10,10,10,10,1,7331
1024,1,12A232,22,40378,3,1,0,01,10,10,9,9,10,10,10,10,10,10,7,9,6,8,5,7,7,3,1,2,2,0,0,10,9,9,10,9,8,8,10,8,5,10,7,1,14663
1024,1,13A232,22,40390,3,1,0,01,9,7,10,9,10,10,10,10,10,10,7,9,9,7,8,6,9,8,2,0,3,0,0,8,7,8,10,9,8,5,10,10,10,8,5,1,9746
1024,1,13A232,22,40390,4,1,0,01,9,9,9,9,9,9,9,10,9,9,9,9,3,8,8,9,8,7,1,2,1,2,2,8,8,9,7,8,9,2,8,8,8,8,5,1,29237
1024,1,13A232,22,40390,1,1,0,02,10,10,10,10,10,10,10,10,10,10,10,9,0,7,8,9,8,8,3,1,0,0,0,10,10,10,10,10,8,4,8,10,8,8,7,1,19492
1024,1,13A232,22,40394,1,1,0,01,10,9,10,10,10,10,10,10,10,10,2,9,2,7,8,9,8,9,2,1,1,2,0,9,4,10,9,9,5,0,10,10,9,6,0,1,28951
1024,1,13A232,22,40394,4,1,0,01,9,9,10,10,10,10,10,10,10,10,10,10,0,5,7,5,10,5,0,2,5,0,0,9,10,10,10,10,9,9,9,10,10,10,8,1,28951
1024,1,13A232,22,40394,2,1,0,02,9,9,10,10,10,10,10,10,10,10,3,10,2,9,10,8,10,10,1,0,1,0,0,10,10,9,10,10,10,9,8,10,10,9,8,1,19301
1024,1,13A232,22,40400,4,1,0,02,7,8,6,3,10,9,6,9,8,4,2,2,10,7,3,4,3,4,3,6,6,6,5,6,5,4,2,3,2,5,7,4,5,7,5,1,53615
1024,1,13A232,22,40400,1,1,0,01,10,10,10,8,10,9,10,10,9,9,9,9,5,8,7,8,8,8,2,3,2,1,1,8,8,8,10,10,10,8,8,9,10,10,8,1,21446
1024,1,13A232,22,40400,3,1,0,01,10,9,10,9,10,9,10,10,10,10,9,10,9,4,7,6,10,7,5,0,4,0,3,10,10,10,10,10,10,10,10,10,10,10,10,1,32169
1024,1,13A232,22,40400,2,1,0,01,9,8,8,8,10,8,9,9,8,9,7,8,3,4,5,7,7,7,6,5,2,2,2,8,9,9,8,8,7,6,8,8,7,8,10,1,21446
1024,1,13A232,22,40403,1,1,0,02,8,8,10,10,10,10,10,10,10,10,9,10,1,8,6,6,6,9,1,4,4,3,1,8,8,7,10,10,7,3,9,7,4,6,5,1,19654
1024,1,13A232,22,40403,4,1,0,01,10,10,10,10,10,10,10,10,10,10,5,10,2,10,10,10,10,10,0,0,0,0,0,10,10,10,10,10,10,9,10,10,10,9,9,1,9827
1024,1,13A232,22,40403,3,1,0,01,8,8,8,7,10,8,8,8,8,9,2,9,2,7,5,8,7,7,3,3,2,3,2,8,8,7,9,9,9,6,9,9,8,10,5,1,39307
1024,1,13A232,22,40403,2,1,0,02,10,8,9,9,10,9,8,9,10,10,6,9,3,8,6,8,8,9,1,4,2,2,1,9,9,8,8,8,9,8,10,10,10,9,9,1,29481
1024,1,13A232,22,40409,2,1,0,01,10,10,10,6,10,10,10,10,5,10,9,9,2,10,7,10,10,10,0,2,0,0,0,9,8,10,10,4,10,10,10,6,8,10,5,1,20980
1024,1,13A232,22,40409,3,1,0,01,10,10,10,10,10,10,10,10,10,10,8,10,0,10,10,10,10,10,0,0,0,0,0,10,10,10,10,10,10,8,10,10,10,10,10,1,31470
1024,1,13A232,22,40413,4,1,0,01,2,2,8,9,9,9,9,9,9,9,9,9,0,9,8,8,8,10,0,0,0,0,0,6,6,8,8,8,6,0,8,9,9,9,2,1,70592
1024,1,13A232,22,40413,2,1,0,03,8,9,10,8,10,7,9,10,8,10,2,9,3,8,5,9,8,9,1,4,1,0,0,9,10,9,5,9,4,3,9,8,9,5,2,1,58827
1024,1,13A232,22,40413,3,1,0,01,9,8,9,9,10,10,10,10,10,10,8,10,2,5,4,4,4,8,0,6,5,6,0,10,10,10,10,9,9,9,10,10,10,10,5,1,35296
1024,1,11A232,23,40256,2,1,0,01,9,7,9,9,10,7,10,10,10,10,6,7,1,9,9,9,8,9,1,1,1,2,0,8,10,8,3,8,1,5,10,7,6,7,8,1,5247
1024,1,11A232,23,40256,4,1,0,01,10,10,8,10,10,10,10,10,10,10,8,10,5,7,5,6,10,10,2,5,4,0,0,10,8,10,10,10,10,4,10,10,10,4,4,1,10495
1024,1,11A232,23,40256,1,1,0,01,7,5,8,9,9,9,9,9,8,9,9,8,5,7,7,6,9,8,2,3,4,1,1,8,8,8,9,8,8,2,9,7,8,7,5,1,5247
1024,1,11A232,23,40256,3,1,0,01,9,8,9,9,10,10,10,10,10,10,10,10,7,5,5,5,5,5,5,5,4,4,4,9,8,9,8,9,9,7,10,10,8,10,10,1,5247
1024,1,11A232,23,40257,4,1,0,03,8,7,9,9,9,7,7,9,9,10,7,8,4,8,10,7,8,10,1,0,2,2,0,8,8,6,0,9,7,5,8,8,7,5,5,1,10082
1024,1,11A232,23,40257,2,1,0,02,7,5,9,10,10,9,10,10,9,8,7,9,6,6,5,6,8,6,4,4,3,1,3,10,10,9,10,10,9,7,10,6,1,3,3,1,6721
1024,1,11A232,23,40257,1,1,0,02,9,7,9,10,10,10,8,10,10,10,10,9,0,8,4,8,10,9,2,6,1,0,0,9,7,9,8,10,5,1,5,9,3,5,5,1,6721
1024,1,11A232,23,40257,3,1,0,02,10,10,10,10,10,10,10,10,10,10,10,10,10,10,7,9,10,10,0,2,1,0,0,9,10,10,10,10,10,7,10,10,10,9,8,1,6721
1024,1,11A232,23,40275,4,1,0,01,10,5,10,8,10,10,10,10,10,10,5,10,5,10,5,10,10,10,0,0,0,0,0,10,10,10,10,10,5,1,6,3,2,1,5,1,15468
1024,1,11A232,23,40275,2,1,0,01,10,9,9,8,9,9,9,9,8,9,10,9,7,6,5,6,5,4,3,5,4,5,5,7,9,10,7,9,8,10,9,10,10,10,10,1,15468
1024,1,11A232,23,40275,1,1,0,01,6,4,8,7,10,8,10,10,9,10,10,10,4,10,8,7,7,4,0,2,2,2,6,7,5,10,10,9,5,7,8,9,10,7,8,1,23202
1024,1,11A232,23,40282,4,1,0,02,10,8,10,10,9,10,10,10,10,9,10,8,8,7,5,7,7,5,2,3,2,3,2,10,9,5,8,7,9,8,9,9,5,7,7,1,21480
1024,1,11A232,23,40282,1,1,0,02,9,10,9,9,8,9,10,9,10,10,10,9,8,6,5,6,5,6,3,4,4,4,3,9,9,9,9,8,7,8,8,9,9,8,8,1,14320
1024,1,11A232,23,40283,4,1,0,01,8,6,8,8,8,9,10,10,10,10,7,10,0,7,6,7,8,9,2,3,2,2,0,9,9,9,9,9,8,5,9,7,0,5,5,1,17929
1024,1,11A232,23,40283,2,1,0,02,10,10,10,10,10,9,10,10,9,10,4,9,3,5,5,7,6,8,4,5,3,3,2,8,9,9,6,9,5,1,9,8,2,4,8,1,17929
1024,1,11A232,23,40283,3,1,0,01,8,5,9,10,8,8,10,10,10,8,7,9,8,7,3,8,9,7,3,4,1,0,1,10,8,10,9,8,10,5,9,10,7,10,10,1,26893
1024,1,11A232,23,40283,1,1,0,01,8,8,8,8,7,7,7,7,7,7,8,8,10,5,5,4,4,5,5,5,6,6,4,10,8,8,8,8,8,8,10,10,8,8,8,1,17929
1024,1,11A232,23,40288,1,1,0,01,8,7,8,7,10,8,9,7,9,8,10,8,9,6,6,5,7,6,3,4,5,3,3,8,8,8,8,9,9,6,8,9,9,7,6,1,22073
1024,1,11A232,23,40288,2,1,0,01,8,8,8,9,9,10,9,8,8,9,8,7,3,10,8,9,8,5,0,0,1,0,0,7,8,8,8,7,8,7,8,8,9,5,5,1,14715
1024,1,11A232,23,40288,3,1,0,02,9,9,10,10,10,10,10,10,10,10,10,10,3,9,9,9,9,10,1,0,0,0,0,9,8,9,10,9,9,8,9,10,10,10,8,1,22073
1024,1,11A232,23,40299,4,1,0,01,9,9,8,10,10,9,10,10,10,10,9,10,8,9,5,6,10,5,0,5,4,0,4,9,7,10,10,10,8,5,10,8,7,9,9,1,24204
1024,1,11A232,23,40299,3,1,0,02,5,8,1,5,7,5,5,8,5,7,10,3,10,2,2,2,2,2,8,8,8,8,8,7,5,7,6,7,9,5,5,7,7,7,7,1,16136
1024,1,11A232,23,40299,1,1,0,04,7,10,5,5,8,7,10,6,6,10,5,8,6,4,3,3,4,7,0,7,6,5,0,0,2,10,10,2,8,0,10,9,7,0,3,1,40340
1024,1,11A232,23,40299,2,1,0,02,7,3,7,9,9,9,8,7,7,10,5,8,5,5,3,9,7,9,5,6,1,2,1,6,8,7,7,7,6,6,5,7,7,5,3,1,16136
1024,1,11A232,23,40309,3,1,0,01,10,10,10,10,10,10,10,10,10,10,7,10,7,10,6,5,10,10,0,3,5,0,0,7,10,7,10,7,3,1,10,10,10,4,3,1,8616
1024,1,11A232,23,40309,4,1,0,01,8,9,10,10,10,10,9,10,0,10,0,9,0,5,5,10,10,4,5,0,0,0,5,8,10,10,6,8,10,5,9,5,5,4,8,1,8616
1024,1,11A232,23,40309,2,1,0,02,7,3,8,9,8,8,10,8,10,9,8,9,5,5,8,6,6,7,4,1,3,3,1,8,7,8,9,10,8,9,8,9,9,8,8,1,17232
1024,1,11A232,23,40309,1,1,0,02,9,9,10,10,10,10,10,10,10,10,9,10,9,5,5,10,10,7,5,5,0,0,2,9,8,10,10,10,9,8,9,9,10,9,9,1,43081
1024,1,12A232,23,40312,1,1,0,03,8,7,8,8,10,10,9,10,10,8,3,6,5,9,7,9,5,6,1,3,0,2,0,7,7,7,6,7,10,3,10,6,6,3,7,1,45893
1024,1,12A232,23,40312,3,1,0,02,9,6,9,5,10,9,7,9,9,8,5,7,8,6,7,8,6,7,3,2,2,3,0,7,8,8,9,9,5,7,5,7,9,5,9,1,36715
1024,1,12A232,23,40312,2,1,0,02,9,8,10,10,10,10,10,10,10,10,10,10,10,5,10,10,10,10,4,0,0,0,0,9,10,10,10,10,10,8,10,9,10,9,9,1,18357
1024,1,12A232,23,40321,2,1,0,02,9,10,10,10,10,10,10,10,10,10,10,10,8,6,5,7,6,7,3,5,3,4,2,8,9,10,10,10,10,9,9,10,7,7,7,1,13826
1024,1,12A232,23,40321,1,1,0,01,0,0,0,0,0,0,0,0,0,10,0,10,10,0,5,7,5,5,5,5,2,5,0,10,10,10,8,10,10,10,10,0,8,0,0,1,6913
1024,1,12A232,23,40321,3,1,0,01,9,8,8,9,10,9,9,10,10,8,5,9,5,10,10,8,10,10,0,0,1,0,0,8,8,9,9,9,10,3,10,8,8,9,3,1,13826
1024,1,13A232,23,40327,4,1,0,02,6,7,8,10,8,8,8,10,7,8,5,8,2,7,6,5,8,3,0,4,4,1,0,4,8,8,7,10,5,9,9,8,8,9,10,1,22964
1024,1,13A232,23,40327,1,1,0,01,8,8,9,9,8,9,9,10,10,9,9,9,5,8,8,8,9,8,1,2,1,0,0,8,9,10,10,8,9,7,9,8,8,8,8,1,34446
1024,1,13A232,23,40327,3,1,0,01,10,8,10,10,10,10,10,10,10,10,10,10,0,10,10,10,10,10,0,0,0,0,0,10,10,10,10,10,10,10,10,10,10,10,10,1,22964
1024,1,13A232,23,40327,2,1,0,01,10,10,10,10,10,10,10,10,10,10,10,10,10,8,5,10,10,8,1,5,0,0,0,10,10,10,10,10,8,5,10,10,8,8,10,1,22964
1024,1,11A232,24,40256,4,1,0,02,10,5,10,10,10,8,10,10,10,10,10,10,6,9,9,9,7,9,0,0,0,3,0,10,10,10,10,10,10,0,10,10,10,10,10,1,25997
1024,1,11A232,24,40256,3,1,0,04,9,6,10,9,10,8,10,10,10,10,9,10,1,7,6,8,7,8,2,4,1,0,0,7,10,10,9,10,5,3,6,9,8,7,8,1,32496
1024,1,11A232,24,40256,1,1,0,03,9,9,10,9,10,8,10,10,8,7,9,10,6,8,3,5,7,6,2,6,5,1,1,8,9,9,8,8,5,3,5,9,9,6,9,1,19497
1024,1,11A232,24,40267,1,1,0,02,10,6,10,8,10,10,10,8,9,10,6,10,10,7,7,6,7,8,2,2,4,2,1,10,10,10,10,9,6,5,8,9,8,9,9,1,22452
1024,1,11A232,24,40267,2,1,0,03,8,10,10,10,10,10,10,10,10,10,5,8,5,7,5,7,8,7,3,5,2,2,0,8,10,7,8,8,5,5,8,8,5,5,5,1,22452
1024,1,11A232,24,40267,4,1,0,02,9,9,9,9,9,9,9,10,9,8,10,8,7,10,10,5,5,10,0,0,5,0,0,10,9,10,10,10,10,8,10,10,7,8,10,1,22452
1024,1,11A232,24,40267,3,1,0,01,6,10,6,10,10,10,10,10,10,10,10,10,10,7,5,7,4,5,2,5,2,6,5,10,7,10,10,8,10,4,10,10,10,10,7,1,14968
1024,1,11A232,24,40273,4,1,0,01,9,7,10,10,10,10,10,10,10,10,10,10,8,10,10,8,10,6,0,0,0,0,3,10,10,10,10,8,10,7,10,10,10,10,10,1,16722
1024,1,11A232,24,40273,2,1,0,02,10,10,9,9,8,9,9,10,9,10,10,9,2,8,8,5,8,8,1,1,5,1,0,8,7,8,9,9,5,2,8,8,10,8,7,1,16722
1024,1,11A232,24,40273,3,1,0,03,10,10,9,10,10,10,10,10,10,10,10,9,1,8,8,10,5,8,1,0,0,2,0,10,10,9,10,10,8,7,10,10,9,7,9,1,33444
1024,1,11A232,24,40273,1,1,0,01,8,8,10,4,5,3,10,10,8,10,10,10,10,10,10,10,10,10,0,0,0,0,0,10,6,10,10,10,5,0,0,10,10,7,8,1,8361
1024,1,12A232,24,40277,2,1,0,02,2,8,4,9,3,8,9,10,10,8,10,10,10,6,3,1,3,2,1,7,8,6,8,7,9,9,8,9,5,7,8,10,8,10,10,1,24527
1024,1,12A232,24,40277,3,1,0,01,10,10,10,5,10,8,10,10,10,10,10,10,5,10,10,6,7,10,0,0,4,2,0,10,10,10,10,7,8,0,10,10,10,8,10,1,8176
1024,1,12A232,24,40277,1,1,0,01,0,5,0,0,6,0,0,0,0,0,10,0,0,0,1,1,0,0,10,9,9,10,10,0,5,1,0,0,0,3,0,8,3,1,1,1,8176
1024,1,12A232,24,40277,4,1,0,01,7,5,6,6,10,8,8,8,10,10,10,8,9,4,5,5,2,2,0,0,3,8,5,7,0,9,2,8,10,0,8,7,7,7,1,1,8176
1024,1,12A232,24,40286,1,1,0,04,9,8,9,9,9,9,9,10,10,9,9,10,9,5,4,5,8,7,5,5,4,1,2,9,8,9,9,10,9,4,8,10,9,3,5,1,33102
1024,1,12A232,24,40286,3,1,0,01,10,10,10,10,10,10,10,10,10,8,8,10,1,7,3,7,7,7,0,0,3,0,0,10,10,10,10,10,8,5,10,8,8,5,8,1,8276
1024,1,12A232,24,40286,2,1,0,01,10,10,10,10,10,10,10,10,10,10,7,10,0,7,6,5,9,6,0,0,0,1,0,10,10,10,10,10,3,0,10,10,7,8,10,1,16551
1024,1,12A232,24,40286,4,1,0,01,9,8,9,9,9,9,10,10,8,10,8,8,7,8,9,5,5,9,2,1,5,1,1,9,9,8,9,8,8,4,9,9,5,5,5,1,8276
1024,1,12A232,24,40293,3,1,0,02,9,7,7,7,9,9,9,10,10,8,8,8,7,4,4,5,6,7,6,6,4,3,2,9,5,8,9,9,4,3,5,7,7,5,4,1,12688
1024,1,12A232,24,40293,1,1,0,02,10,9,0,9,10,10,10,10,10,10,2,10,7,9,8,8,9,8,1,2,1,1,0,10,9,10,8,9,5,0,10,10,3,8,7,1,12688
1024,1,12A232,24,40293,2,1,0,01,8,8,8,6,9,9,8,10,9,8,5,8,7,7,7,7,7,7,2,3,3,3,2,8,9,9,8,7,2,3,6,7,6,6,7,1,6344
1024,1,12A232,24,40293,4,1,0,01,10,7,8,10,10,10,10,10,10,10,4,10,8,5,4,3,6,7,4,5,7,3,0,10,10,10,10,9,2,7,10,10,10,10,10,1,12688
1024,1,12A232,24,40303,1,1,0,02,5,10,10,10,10,5,10,10,7,10,10,10,8,0,0,1,5,0,0,10,9,5,10,6,9,9,8,8,8,5,10,10,10,10,10,1,23068
1024,1,12A232,24,40303,2,1,0,01,8,8,7,6,10,8,9,10,8,9,5,9,9,10,9,6,8,10,0,1,4,0,0,10,6,8,10,6,8,2,9,9,6,5,5,1,30758
1024,1,12A232,24,40303,3,1,0,03,9,9,7,6,6,3,5,10,7,3,7,7,0,5,10,7,10,9,0,0,2,0,1,10,10,10,10,6,10,1,10,10,10,7,5,1,23068
1024,1,12A232,24,40303,4,1,0,01,7,9,10,10,10,9,10,10,8,10,9,8,6,7,7,5,5,10,2,2,5,5,0,8,8,7,6,8,9,7,10,10,9,10,10,1,23068
1024,1,12A232,24,40306,4,1,0,01,9,6,10,10,10,10,10,10,10,10,10,10,0,5,5,7,10,5,5,5,2,0,0,9,6,9,5,10,10,10,10,5,8,10,10,1,8170
1024,1,12A232,24,40306,1,1,0,01,10,8,10,10,10,10,10,10,10,7,0,10,0,10,5,10,10,8,0,0,0,0,0,8,8,10,8,10,10,4,10,10,10,8,6,1,8170
1024,1,12A232,24,40306,3,1,0,01,9,9,10,10,10,9,9,10,10,10,10,9,9,5,5,8,9,9,4,4,1,1,1,9,9,8,9,8,8,7,8,9,8,7,7,1,8170
1024,1,13A232,24,40316,2,1,0,01,8,6,10,8,10,7,10,10,5,7,10,9,4,7,8,5,4,8,2,1,4,6,1,9,10,10,9,7,9,4,8,10,6,7,6,1,10726
1024,1,13A232,24,40316,4,1,0,01,10,10,10,10,10,10,10,10,10,10,10,9,2,9,9,6,6,8,0,0,3,3,0,9,9,9,9,9,9,4,8,9,4,4,4,1,42904
1024,1,13A232,24,40316,1,1,0,02,9,9,9,9,9,9,9,9,9,9,8,9,0,10,10,10,10,10,0,0,0,0,0,9,9,9,10,9,9,0,10,10,10,5,7,1,32178
1024,1,13A232,24,40319,3,1,0,03,10,7,10,10,10,10,10,10,10,10,10,10,10,5,5,8,10,5,0,5,0,0,4,10,10,10,10,10,10,4,10,10,10,10,10,1,23318
1024,1,13A232,24,40319,2,1,0,01,9,8,9,10,10,9,10,10,10,10,8,9,1,8,8,9,9,10,1,2,1,0,0,9,9,9,10,9,10,6,9,10,8,9,7,1,15546
1024,1,13A232,24,40319,1,1,0,02,10,10,10,10,10,10,10,10,9,10,0,10,0,7,10,10,10,10,2,0,0,0,0,10,10,10,10,10,10,7,10,10,10,10,10,1,15546
1024,1,13A232,24,40325,1,1,0,03,9,5,9,8,10,7,9,10,8,10,9,9,7,5,4,5,7,6,4,3,4,2,1,8,9,9,10,8,6,5,9,10,8,9,9,1,45612
1024,1,13A232,24,40325,2,1,0,04,8,8,9,10,10,9,10,10,8,9,10,10,8,9,8,9,8,9,1,1,1,1,1,9,10,9,9,10,8,5,10,10,8,7,8,1,36490
1024,1,13A232,24,40325,4,1,0,01,8,8,8,9,9,8,9,9,8,10,8,9,3,8,8,7,8,8,1,2,2,2,1,8,7,8,8,9,8,5,9,8,9,8,8,1,18245
1024,1,13A232,24,40332,4,1,0,02,8,8,8,9,8,8,8,8,9,8,9,8,2,7,7,6,6,6,3,3,3,4,3,8,7,8,8,8,7,3,3,7,7,4,4,1,49998
1024,1,13A232,24,40332,3,1,0,01,10,10,10,10,10,10,10,10,9,10,10,10,0,10,5,4,10,10,0,4,6,0,0,7,5,10,10,10,10,5,10,7,9,10,3,1,10000
1024,1,11A232,25,40259,4,1,0,01,8,8,8,9,9,9,9,8,8,9,7,7,9,10,9,7,4,9,0,1,3,5,0,8,10,8,8,9,5,5,10,6,8,5,6,1,14558
1024,1,11A232,25,40259,2,1,0,02,10,9,10,8,10,9,8,8,9,8,7,8,8,5,5,5,4,3,5,5,5,4,1,9,8,8,9,8,8,0,5,8,8,0,0,1,14558
1024,1,11A232,25,40259,1,1,0,01,8,8,8,8,10,8,8,7,7,9,9,5,8,10,9,6,8,9,0,0,3,0,0,9,6,8,7,9,9,8,9,9,9,8,10,1,7279
1024,1,11A232,25,40262,2,1,0,02,5,8,10,10,10,10,10,10,10,10,7,7,9,5,4,4,5,6,0,5,5,4,4,8,9,8,8,7,7,0,8,8,8,4,5,1,39886
1024,1,11A232,25,40262,3,1,0,01,7,7,8,8,10,8,10,10,8,9,10,8,8,7,7,7,8,7,2,3,3,2,2,8,8,8,9,8,8,4,8,8,6,7,8,1,9972
1024,1,11A232,25,40262,4,1,0,01,8,8,5,9,10,8,8,10,9,7,7,6,8,5,6,9,7,7,0,4,1,3,3,5,8,9,8,5,9,5,8,2,5,6,6,1,19943
1024,1,11A232,25,40262,1,1,0,01,8,9,9,10,10,8,8,9,8,7,8,9,1,8,8,8,8,7,0,2,2,1,2,9,9,8,8,8,9,1,8,7,7,1,6,1,9972
1024,1,11A232,25,40271,4,1,0,02,5,2,2,5,9,5,8,9,7,9,8,8,8,0,1,1,1,1,10,9,9,9,9,8,6,8,5,8,5,3,2,8,8,8,8,1,18330
1024,1,11A232,25,40271,3,1,0,01,8,8,8,8,10,8,8,8,7,8,7,8,3,8,8,8,7,7,2,2,2,1,1,8,8,7,8,7,6,0,7,8,8,0,4,1,9165
1024,1,12A232,25,40277,3,1,0,02,9,8,10,10,9,8,10,10,9,10,10,10,9,10,8,5,5,6,0,0,5,5,3,10,10,10,10,8,5,0,8,9,9,9,0,1,24530
1024,1,12A232,25,40277,4,1,0,02,9,8,9,8,6,8,8,8,7,8,9,8,8,5,5,7,7,7,2,4,3,2,3,9,8,8,9,8,5,5,8,8,8,8,7,1,16353
1024,1,12A232,25,40277,1,1,0,01,10,8,10,9,10,10,10,10,8,10,10,10,8,8,6,6,7,8,1,4,4,2,2,8,9,9,10,10,9,10,10,8,9,9,7,1,8177
1024,1,12A232,25,40288,4,1,0,01,5,5,3,2,4,1,5,5,6,2,2,2,3,0,5,5,0,0,3,5,5,7,7,8,7,6,6,5,0,8,8,9,9,8,8,1,8968
1024,1,12A232,25,40288,3,1,0,03,10,10,9,9,7,9,9,9,9,9,6,8,3,8,6,9,7,3,0,0,0,0,0,9,10,9,8,9,8,5,9,8,8,9,9,1,26903
1024,1,12A232,25,40288,1,1,0,02,6,7,6,8,9,5,8,10,9,9,9,8,7,9,8,7,7,8,0,2,2,2,2,9,8,8,9,9,8,5,9,10,9,5,8,1,44839
1024,1,12A232,25,40288,2,1,0,01,8,8,10,8,10,10,9,10,10,8,8,8,2,5,5,3,7,5,5,2,2,1,1,8,7,8,9,8,9,1,8,9,8,8,8,1,8968
1024,1,12A232,25,40298,1,1,0,02,10,10,9,8,8,8,9,10,7,10,3,7,8,7,5,4,8,8,2,4,6,1,2,9,9,8,10,10,3,0,9,9,7,2,8,1,25003
1024,1,12A232,25,40298,4,1,0,02,10,10,10,8,8,9,10,9,7,8,9,8,7,9,10,3,5,4,1,0,7,5,5,8,5,7,7,7,10,1,9,10,10,5,8,1,25003
1024,1,12A232,25,40298,2,1,0,01,8,8,8,7,10,8,8,10,9,9,9,8,6,5,5,6,6,4,1,5,3,0,3,8,9,7,6,8,8,1,7,8,9,1,3,1,12502
1024,1,12A232,25,40298,3,1,0,01,10,10,9,9,9,9,10,9,8,8,9,9,0,5,5,6,6,5,5,5,4,3,4,9,9,9,9,9,10,0,9,8,8,0,0,1,25003
1024,1,12A232,25,40303,3,1,0,04,5,3,5,8,10,10,6,10,8,8,5,6,0,10,9,9,9,9,0,1,1,1,0,8,6,10,8,9,4,0,9,8,9,6,1,1,41893
1024,1,12A232,25,40303,2,1,0,01,10,10,9,10,10,9,9,10,8,9,10,9,2,10,9,9,8,8,0,1,1,1,1,10,9,9,10,9,10,1,9,9,9,8,9,1,16757
1024,1,12A232,25,40303,4,1,0,09,5,6,8,9,10,10,9,9,9,8,5,8,5,9,8,8,8,8,1,2,2,1,1,8,9,9,5,7,10,2,10,8,5,8,8,1,58650
1024,1,12A232,25,40303,1,1,0,02,9,7,8,10,9,8,6,10,6,7,6,8,8,8,6,6,7,8,0,3,4,0,1,9,8,10,10,8,9,7,7,8,10,10,10,1,16757
1024,1,12A232,25,40307,1,1,0,02,8,10,8,8,10,6,8,9,8,9,10,7,7,10,6,10,6,8,0,4,0,4,1,8,6,8,9,8,7,3,10,10,10,10,8,1,38943
1024,1,12A232,25,40307,3,1,0,03,8,8,9,8,10,7,9,9,8,8,10,9,8,3,3,3,4,2,6,6,6,6,1,6,8,6,9,9,9,0,7,10,10,0,0,1,38943
1024,1,12A232,25,40307,4,1,0,01,8,7,7,8,8,8,8,9,8,7,8,7,6,5,5,4,4,3,2,2,3,3,3,6,8,8,7,6,7,0,6,7,7,2,7,1,19472
1024,1,12A232,25,40307,2,1,0,01,8,8,9,9,10,10,10,10,9,9,10,9,8,9,7,6,5,5,0,3,4,4,5,7,9,8,9,8,8,6,8,9,9,5,5,1,29207
1024,1,13A232,25,40316,3,1,0,01,8,8,10,9,10,10,10,10,9,10,7,10,8,10,5,10,8,10,0,0,0,0,0,10,10,10,9,9,10,8,10,10,10,10,7,1,22896
1024,1,13A232,25,40316,2,1,0,01,10,10,10,9,10,9,10,10,10,10,7,10,8,9,9,5,10,10,1,1,4,0,0,10,10,10,10,10,7,1,10,10,10,5,8,1,22896
1024,1,13A232,25,40316,1,1,0,01,10,10,9,10,10,10,10,10,10,10,10,9,2,5,5,9,10,9,4,5,0,0,0,9,9,9,9,10,10,5,10,10,10,7,9,1,34344
1024,1,13A232,25,40329,2,1,0,02,9,9,9,10,10,10,10,10,10,10,9,10,10,7,5,8,9,10,2,5,1,0,0,8,9,9,10,9,9,0,10,9,10,0,0,1,36187
1024,1,13A232,25,40329,4,1,0,01,10,10,10,9,10,10,9,10,9,10,9,9,0,8,5,7,6,9,2,4,2,4,1,10,9,10,9,9,10,0,8,10,9,1,7,1,24125
1024,1,13A232,25,40329,3,1,0,01,8,8,8,8,10,9,8,9,8,8,8,8,8,8,8,9,9,9,1,2,1,1,1,9,9,9,8,9,9,8,8,9,9,8,8,1,24125
1024,1,13A232,25,40333,4,1,0,02,10,9,10,9,10,10,10,10,10,10,0,8,9,7,7,6,6,7,2,2,3,3,0,9,10,9,9,9,8,0,10,5,3,1,1,1,17206
1024,1,13A232,25,40333,3,1,0,03,9,9,9,9,8,5,9,9,9,9,8,9,8,8,9,9,9,8,1,1,1,1,1,8,10,9,9,9,10,9,10,9,9,9,9,1,25809
1024,1,13A232,25,40333,1,1,0,01,8,8,8,8,9,8,9,9,9,9,9,8,8,8,8,6,9,8,0,1,3,0,0,9,9,9,9,9,8,0,9,9,9,1,6,1,17206
1024,1,13A232,25,40333,2,1,0,03,9,9,8,9,10,10,9,9,8,9,10,9,3,5,7,7,8,8,5,2,2,1,1,8,8,8,9,9,9,8,9,9,9,10,10,1,25809
1024,1,13A232,25,40337,2,1,0,01,8,8,9,8,10,7,9,9,8,8,10,9,8,3,3,3,4,2,6,6,6,6,1,6,8,6,9,9,9,0,7,10,10,0,0,1,44128
1024,1,11A232,26,40261,4,1,0,01,8,5,8,10,8,9,10,10,10,8,9,9,1,7,5,7,9,10,0,5,2,0,0,9,8,10,9,8,8,8,8,9,10,8,10,1,26146
1024,1,11A232,26,40261,1,1,0,01,6,4,8,9,10,10,10,10,10,10,8,10,6,7,9,4,6,6,0,1,5,2,3,9,10,8,8,7,6,8,7,6,9,8,9,1,8715
1024,1,11A232,26,40261,3,1,0,01,8,8,8,8,10,10,8,10,10,10,10,9,2,10,10,10,10,10,0,0,0,0,0,10,10,9,8,9,8,7,8,8,8,8,8,1,8715
1024,1,11A232,26,40264,2,1,0,01,5,10,4,5,10,7,7,9,10,9,10,8,7,5,3,2,1,0,5,6,8,8,9,8,8,9,9,8,8,6,9,8,9,8,8,1,23583
1024,1,11A232,26,40264,3,1,0,02,10,10,10,10,10,10,10,10,10,10,10,10,0,10,9,9,10,10,0,1,1,0,0,10,9,10,10,10,10,10,10,10,9,10,10,1,15722
1024,1,11A232,26,40264,4,1,0,02,7,5,8,5,10,10,9,10,10,10,8,10,6,9,10,7,9,10,1,0,2,0,0,9,10,8,7,8,10,3,10,8,10,8,10,1,23583
1024,1,11A232,26,40274,3,1,0,02,9,8,10,10,10,10,10,10,10,9,9,10,0,10,10,9,10,10,0,0,1,0,0,9,9,10,10,9,8,5,8,9,9,8,5,1,18200
1024,1,11A232,26,40274,1,1,0,01,5,0,7,2,10,7,7,9,7,8,10,6,3,9,7,5,6,8,0,2,4,4,0,5,6,6,7,5,7,0,6,9,7,7,4,1,27301
1024,1,11A232,26,40274,4,1,0,01,9,6,9,10,10,8,10,10,9,8,7,10,0,10,9,10,10,10,0,1,0,0,0,8,10,10,7,10,10,7,10,10,7,6,5,1,18200
1024,1,11A232,26,40274,2,1,0,01,10,10,10,9,10,10,10,10,10,10,9,8,3,9,9,9,9,9,1,1,1,0,0,8,9,9,10,9,8,3,9,9,5,4,8,1,36401
1024,1,12A232,26,40277,4,1,0,02,8,8,7,7,8,8,9,9,6,9,10,9,6,7,4,7,8,9,3,5,2,0,0,7,7,9,8,7,6,2,8,10,9,6,4,1,16915
1024,1,12A232,26,40277,2,1,0,02,10,10,8,10,10,10,10,10,10,10,8,10,2,10,8,8,10,9,0,0,1,0,0,8,9,8,10,9,8,7,9,8,8,8,8,1,16915
1024,1,12A232,26,40277,3,1,0,01,10,10,10,10,10,10,10,10,10,10,8,10,3,10,10,10,10,10,0,0,0,0,0,8,10,10,10,10,8,8,10,10,9,10,9,1,8458
1024,1,12A232,26,40277,1,1,0,02,10,10,10,10,10,10,10,10,10,10,10,10,2,10,10,10,10,10,0,0,0,0,0,10,10,10,10,10,10,10,7,7,10,10,10,1,25373
1024,1,12A232,26,40278,1,1,0,03,10,8,10,10,9,9,10,10,10,10,8,10,2,9,9,6,9,10,1,1,4,1,0,9,10,10,10,10,9,8,10,10,9,8,8,1,35310
1024,1,12A232,26,40278,4,1,0,01,10,10,10,10,10,10,10,10,10,10,10,10,1,10,10,7,8,7,0,0,2,1,2,10,10,10,10,10,10,10,10,10,10,10,7,1,8827
1024,1,12A232,26,40278,3,1,0,02,10,10,10,10,10,10,10,10,10,10,9,10,0,4,8,8,10,10,5,0,1,0,0,9,9,9,10,10,10,7,10,10,8,9,9,1,17655
1024,1,12A232,26,40278,2,1,0,03,8,6,8,10,10,8,8,9,9,10,7,8,7,9,6,9,8,8,1,4,1,1,1,8,8,7,7,9,8,7,9,9,7,8,8,1,35310
1024,1,12A232,26,40290,2,1,0,02,10,10,10,10,10,10,10,10,10,10,10,10,0,10,10,10,10,10,0,0,0,0,0,10,10,10,10,10,10,10,10,10,10,10,8,1,25119
1024,1,12A232,26,40290,3,1,0,01,10,8,10,10,10,10,10,10,10,10,9,10,3,10,9,7,9,10,0,0,3,0,0,8,10,9,10,9,6,0,10,10,5,2,5,1,16746
1024,1,12A232,26,40290,1,1,0,01,8,8,7,10,10,10,10,10,10,10,8,10,0,10,10,10,10,10,0,0,0,0,0,10,10,10,6,10,10,10,10,10,10,10,10,1,8373
1024,1,12A232,26,40290,4,1,0,01,6,8,8,8,10,9,9,10,9,9,10,8,5,4,3,3,4,5,6,7,7,5,5,7,8,7,8,8,8,8,8,7,8,8,8,1,16746
1024,1,12A232,26,40296,1,1,0,01,10,8,10,8,10,9,10,10,10,10,10,9,3,8,8,9,9,10,1,1,1,1,0,10,9,10,10,9,9,7,9,10,8,7,7,1,17750
1024,1,12A232,26,40296,3,1,0,01,3,8,5,9,10,9,10,10,10,10,10,10,0,5,5,5,5,5,5,5,5,4,5,4,2,3,9,9,3,5,2,10,0,7,5,1,8875
1024,1,12A232,26,40296,2,1,0,02,10,8,9,9,9,9,9,9,10,10,9,9,1,10,10,9,9,9,0,0,0,0,0,9,9,9,9,9,10,9,9,9,9,8,9,1,17750
1024,1,12A232,26,40303,1,1,0,01,5,0,3,10,9,10,2,10,10,10,10,5,0,10,2,0,10,5,0,7,0,0,0,0,5,0,5,10,10,0,5,5,10,4,10,1,16775
1024,1,12A232,26,40303,4,1,0,01,10,10,10,10,10,10,10,10,10,10,10,10,0,10,10,10,10,10,0,0,0,0,0,10,10,10,10,10,10,8,10,10,10,10,10,1,16775
1024,1,12A232,26,40303,3,1,0,01,10,10,10,10,10,10,10,10,10,10,10,10,4,0,5,5,6,0,0,0,5,3,10,10,10,10,10,10,5,10,8,10,0,5,5,1,16775
1024,1,12A232,26,40303,2,1,0,01,8,5,9,7,10,10,10,10,4,8,3,8,6,10,8,6,5,6,0,2,3,0,0,8,10,7,8,10,2,4,8,10,10,8,4,1,16775
1024,1,13A232,26,40320,4,1,0,01,8,7,8,7,5,9,9,9,10,10,6,8,3,9,7,5,9,2,0,3,4,0,7,8,7,8,8,8,8,7,9,10,7,6,2,1,31852
1024,1,13A232,26,40320,1,1,0,01,8,10,10,4,10,8,7,7,7,5,0,9,7,6,5,7,9,9,4,2,2,0,0,7,6,6,8,7,9,8,10,10,9,7,9,1,10617
1024,1,13A232,26,40320,2,1,0,03,8,7,8,9,10,10,10,10,10,9,5,8,7,5,3,4,9,6,5,6,5,1,3,7,6,7,7,8,5,4,7,10,10,6,8,1,31852
1024,1,13A232,26,40320,3,1,0,02,8,6,8,7,10,9,9,9,10,6,0,7,5,5,8,8,6,5,2,0,2,2,0,7,5,8,9,10,6,3,7,7,9,5,7,1,31852
1024,1,13A232,26,40326,4,1,0,02,9,7,9,10,9,10,10,10,10,10,9,9,3,9,4,8,2,10,1,2,1,0,0,9,8,9,9,10,10,7,10,10,9,8,7,1,22666
1024,1,13A232,26,40326,2,1,0,05,9,9,9,8,10,8,10,10,10,10,10,9,6,8,7,7,8,8,2,2,2,0,0,8,10,8,9,8,9,5,9,10,9,6,4,1,56665
1024,1,13A232,26,40326,1,1,0,01,8,7,10,8,10,9,10,10,10,10,10,10,3,5,8,8,10,8,5,0,0,0,0,8,8,10,8,8,10,6,9,8,10,8,8,1,22666
1024,1,13A232,26,40329,2,1,0,02,10,10,10,0,10,10,0,0,5,9,6,8,2,5,4,5,9,5,5,5,5,0,5,0,9,9,9,0,9,0,9,0,0,0,0,1,20131
1024,1,13A232,26,40329,4,1,0,01,8,9,8,8,7,8,10,10,7,9,8,6,2,8,6,9,9,8,1,3,0,0,0,7,8,8,8,8,8,4,9,10,7,6,7,1,50326
1024,1,13A232,26,40329,1,1,0,01,10,10,10,10,10,10,10,10,10,10,10,10,0,10,10,10,10,10,0,0,0,0,0,10,10,10,10,10,10,5,10,10,10,5,10,1,10065
1024,1,13A232,26,40329,3,1,0,01,10,10,9,9,10,8,10,10,8,10,10,10,0,5,7,8,7,8,3,2,2,2,0,6,10,10,9,9,5,1,10,5,3,3,5,1,10065
1024,1,13A232,26,40333,1,1,0,05,10,0,10,10,10,10,10,10,10,10,8,10,0,8,10,8,9,8,0,0,1,1,0,10,10,8,10,10,8,10,10,10,10,10,10,1,64251
1024,1,13A232,26,40333,2,1,0,01,8,8,9,7,9,8,8,9,7,8,9,8,7,9,8,6,8,9,1,0,3,2,0,7,9,8,9,8,8,2,8,8,5,4,6,1,32126
1024,1,13A232,26,40333,3,1,0,02,8,7,9,10,10,10,10,10,10,10,8,9,5,6,5,5,8,8,4,3,4,2,1,8,7,8,8,9,7,5,8,8,6,6,7,1,42834
1024,1,11A232,27,40265,3,1,0,01,10,8,9,8,10,10,10,10,9,10,10,9,5,10,10,10,9,10,0,0,0,0,0,10,9,10,9,9,10,8,10,10,10,9,9,1,32074
1024,1,11A232,27,40265,1,1,0,01,10,10,10,10,10,10,10,10,0,10,10,10,0,10,10,10,10,10,0,0,0,0,0,10,10,10,10,10,10,5,10,10,10,10,10,1,21383
1024,1,11A232,27,40265,4,1,0,02,8,6,7,8,9,9,9,10,10,10,10,10,9,5,3,9,7,9,0,6,0,0,0,9,5,8,9,9,3,1,8,9,8,7,8,1,32074
1024,1,11A232,27,40265,2,1,0,01,5,8,5,10,10,10,8,10,10,10,8,9,5,8,8,5,5,6,2,2,5,0,0,8,8,8,9,8,4,9,10,8,8,5,5,1,10691
1024,1,11A232,27,40271,2,1,0,02,8,9,9,10,10,9,9,10,9,9,10,9,8,7,7,5,8,8,2,2,5,2,2,8,9,9,9,9,9,8,8,8,9,5,5,1,21337
1024,1,11A232,27,40271,1,1,0,01,7,5,9,9,8,7,9,10,10,10,10,9,0,10,10,10,10,10,0,0,0,0,0,7,5,9,9,7,8,5,8,6,5,7,10,1,21337
1024,1,11A232,27,40271,4,1,0,03,5,3,5,5,5,4,6,8,10,8,5,5,5,5,7,7,5,5,5,2,2,2,2,7,5,8,8,8,9,0,3,9,5,0,5,1,32005
1024,1,11A232,27,40271,3,1,0,02,8,6,9,10,10,9,10,10,9,10,10,9,5,5,5,6,5,7,4,4,3,4,0,9,7,8,7,8,8,4,9,9,8,5,5,1,32005
1024,1,11A232,27,40278,3,1,0,01,8,10,10,10,10,10,10,10,10,10,9,10,4,5,5,4,10,7,2,4,6,0,1,10,9,10,10,10,10,5,10,3,9,5,5,1,17080
1024,1,11A232,27,40278,1,1,0,01,8,7,8,8,7,6,7,6,7,7,7,8,6,6,6,6,8,8,3,4,4,0,0,8,6,8,7,6,8,6,8,6,6,6,6,1,17080
1024,1,11A232,27,40278,4,1,0,01,9,7,9,10,10,10,10,10,9,10,0,9,2,8,6,8,8,10,2,3,2,1,0,9,8,10,10,9,9,4,9,7,8,5,4,1,8540
1024,1,11A232,27,40278,2,1,0,02,9,10,8,10,8,8,10,10,10,10,10,10,8,8,9,8,9,10,1,1,1,0,0,10,7,10,8,10,8,7,10,7,10,7,8,1,17080
1024,1,11A232,27,40288,4,1,0,01,9,8,9,8,10,9,9,9,9,10,3,9,8,5,5,6,6,7,5,4,3,3,3,9,9,9,9,8,8,2,9,9,3,3,3,1,9372
1024,1,11A232,27,40288,1,1,0,01,9,9,10,9,10,10,10,10,9,10,9,9,8,9,9,9,8,9,0,1,0,0,1,8,8,9,9,9,9,6,9,9,8,8,5,1,18744
1024,1,11A232,27,40288,2,1,0,01,7,7,6,9,10,8,10,10,10,10,10,10,9,4,3,1,5,0,3,7,8,2,7,10,0,10,8,5,10,0,4,0,5,0,0,1,18744
1024,1,11A232,27,40288,3,1,0,01,10,10,9,9,10,10,10,10,10,10,10,9,8,5,5,8,8,7,2,5,0,1,2,10,9,8,10,9,10,5,10,9,9,8,8,1,18744
1024,1,11A232,27,40293,2,1,0,01,8,7,9,10,10,8,9,10,10,10,9,10,8,9,7,8,9,9,1,3,2,1,1,10,10,10,10,10,9,6,9,10,9,7,5,1,35049
1024,1,11A232,27,40293,3,1,0,02,8,6,9,10,10,10,10,10,10,9,10,10,7,8,7,6,7,7,1,3,3,2,2,9,8,2,9,8,10,1,9,10,10,8,10,1,26286
1024,1,11A232,27,40293,4,1,0,02,7,8,6,9,10,7,8,8,7,9,7,6,5,5,6,4,5,8,3,4,5,5,1,4,2,8,7,3,9,2,9,5,9,2,1,1,17524
1024,1,11A232,27,40293,1,1,0,04,10,10,10,10,10,10,10,10,8,10,8,10,5,8,6,8,10,10,1,3,2,0,0,8,8,9,10,9,7,6,9,8,9,9,8,1,35049
1024,1,11A232,27,40300,2,1,0,01,8,8,9,8,8,6,8,8,10,8,10,8,8,8,10,5,5,8,0,0,4,5,0,6,6,8,9,8,6,0,8,6,6,5,5,1,9667
1024,1,11A232,27,40300,4,1,0,01,7,7,7,7,9,7,8,8,7,5,10,10,9,7,7,7,7,5,3,3,3,2,1,7,5,10,8,4,5,5,5,6,5,5,5,1,9667
1024,1,11A232,27,40300,1,1,0,01,9,7,10,10,10,10,10,10,10,10,10,10,0,5,10,5,10,10,0,0,5,0,0,8,10,8,10,8,10,0,10,0,10,9,7,1,19335
1024,1,11A232,27,40300,3,1,0,01,9,8,10,10,10,8,10,10,10,9,10,10,5,7,5,6,6,5,3,4,4,3,4,9,7,9,9,8,7,1,9,10,10,8,8,1,19335
1024,1,12A232,27,40301,1,1,0,02,8,2,10,10,10,9,10,10,10,10,7,7,0,9,7,7,7,5,1,3,3,3,5,9,9,9,9,9,9,9,9,9,5,0,0,1,17630
1024,1,12A232,27,40301,4,1,0,01,9,7,9,10,10,10,10,10,10,10,10,10,3,9,8,7,7,6,1,0,3,3,4,9,9,9,10,10,9,2,10,9,10,9,9,1,17630
1024,1,12A232,27,40301,2,1,0,02,10,10,9,10,10,10,10,10,10,10,10,10,1,10,10,9,9,10,0,0,1,0,0,9,10,10,9,9,8,3,9,9,9,6,4,1,17630
1024,1,12A232,27,40301,3,1,0,01,7,7,8,10,8,9,9,9,7,8,0,9,2,6,7,4,6,7,2,1,4,1,2,7,5,8,7,7,2,3,8,7,6,3,5,1,17630
1024,1,12A232,27,40304,1,1,0,03,5,9,7,7,7,7,9,9,9,9,9,9,8,4,5,5,7,7,5,4,5,3,2,8,6,9,8,8,9,9,9,9,6,9,9,1,26600
1024,1,12A232,27,40304,2,1,0,02,9,3,9,9,9,8,9,10,2,9,9,9,4,8,7,8,9,9,1,3,2,0,0,9,9,9,9,9,10,4,4,7,8,6,4,1,17733
1024,1,12A232,27,40304,3,1,0,01,10,8,8,8,9,9,10,10,10,9,10,10,8,9,9,9,10,9,1,1,1,0,0,9,9,9,9,9,8,2,9,9,9,3,3,1,17733
1024,1,13A232,27,40323,2,1,0,01,9,9,9,9,9,9,10,9,9,10,8,9,8,7,7,5,5,6,3,2,5,4,4,10,9,10,9,9,9,8,9,8,8,8,8,1,10443
1024,1,13A232,27,40323,3,1,0,01,10,4,9,8,10,9,9,10,9,8,0,7,5,5,6,6,7,8,5,3,3,2,0,9,8,8,9,9,8,8,9,9,10,6,6,1,20885
1024,1,13A232,27,40323,4,1,0,01,10,8,10,8,10,8,10,10,10,10,10,10,4,8,8,8,8,10,2,0,2,0,0,10,8,10,2,10,10,2,10,10,9,5,7,1,31328
1024,1,13A232,27,40327,4,1,0,01,8,8,8,8,8,9,9,10,10,10,10,10,1,8,8,8,8,8,1,1,1,1,1,10,8,10,8,8,10,9,9,9,10,9,9,1,25675
1024,1,13A232,27,40327,1,1,0,01,9,9,9,10,8,8,10,10,7,10,8,10,5,5,5,4,8,5,1,5,6,0,0,7,9,8,8,9,3,4,8,9,9,5,3,1,17117
1024,1,13A232,27,40327,3,1,0,01,10,9,9,9,9,9,9,10,9,9,9,9,9,9,8,9,9,9,1,2,0,0,0,10,10,10,10,10,8,3,9,8,8,5,3,1,17117
1024,1,11A232,28,40240,1,1,0,01,10,10,10,10,10,10,10,10,10,10,9,10,9,10,10,10,10,10,0,0,0,0,0,10,10,10,10,10,10,9,10,9,10,10,10,1,15780
1024,1,11A232,28,40240,2,1,0,02,7,5,7,7,9,7,7,8,8,8,7,8,7,5,5,5,6,5,5,4,4,4,4,8,8,7,7,8,8,7,7,8,8,9,9,1,21040
1024,1,11A232,28,40240,3,1,0,01,10,8,9,9,10,10,10,10,10,9,7,8,6,6,8,6,8,8,4,2,4,1,0,8,10,9,10,8,8,9,8,9,6,5,8,1,10520
1024,1,11A232,28,40240,4,1,0,01,3,3,4,7,10,7,8,9,10,7,3,5,8,5,7,3,5,3,2,2,4,5,2,5,6,4,8,9,5,4,5,9,0,4,6,1,5260
1024,1,11A232,28,40246,3,1,0,01,9,0,9,10,10,8,10,10,9,10,9,10,8,4,9,7,10,9,6,1,1,0,1,9,8,10,9,10,5,0,10,10,4,10,0,1,16299
1024,1,11A232,28,40246,1,1,0,01,10,10,8,8,10,9,10,10,10,9,5,9,9,5,5,7,8,8,5,4,2,2,2,9,8,7,8,8,3,9,9,8,9,7,7,1,24448
1024,1,11A232,28,40246,4,1,0,01,10,10,10,10,5,9,10,10,10,10,10,10,5,8,8,8,8,9,1,2,2,2,0,9,9,9,10,9,9,8,9,8,8,8,8,1,16299
1024,1,11A232,28,40246,2,1,0,02,10,10,10,10,10,10,10,10,10,10,0,10,9,10,10,10,10,10,0,0,0,0,0,10,10,10,10,10,10,10,10,10,10,10,10,1,24448
1024,1,11A232,28,40250,4,1,0,01,10,10,9,10,10,10,10,10,10,10,10,10,2,10,8,6,5,5,0,2,3,5,5,10,10,10,10,10,8,5,10,10,10,10,10,1,18994
1024,1,11A232,28,40250,1,1,0,01,5,3,5,5,10,8,4,10,10,8,5,5,5,5,6,7,8,7,5,3,3,2,3,6,5,7,6,10,0,2,5,6,7,10,5,1,18994
1024,1,11A232,28,40250,3,1,0,02,10,2,10,10,10,10,10,10,10,10,10,10,9,5,5,6,5,5,5,4,3,4,4,9,9,10,10,10,10,7,8,9,7,9,9,1,18994
1024,1,11A232,28,40262,4,1,0,03,6,6,7,10,8,10,10,8,5,9,0,8,7,10,6,5,0,7,0,3,4,8,0,0,8,6,8,6,10,5,0,5,5,2,8,1,34682
1024,1,11A232,28,40262,3,1,0,03,8,8,9,10,10,10,9,9,9,10,10,9,8,5,5,5,6,6,4,4,4,3,4,8,8,7,7,8,9,7,8,7,8,7,7,1,34682
1024,1,11A232,28,40262,1,1,0,01,10,10,8,8,9,9,9,9,8,9,10,10,7,8,9,7,9,8,2,1,0,0,1,8,8,8,9,8,8,9,10,8,8,9,9,1,8670
1024,1,11A232,28,40268,4,1,0,02,9,9,8,10,10,9,10,10,10,10,10,10,9,7,3,6,5,4,3,6,4,5,6,10,7,9,9,8,5,2,7,9,7,6,6,1,22183
1024,1,11A232,28,40268,2,1,0,01,7,5,9,7,9,8,8,9,7,8,8,9,6,7,7,6,7,8,3,3,3,2,2,9,8,8,7,9,9,8,9,10,9,10,10,1,22183
1024,1,11A232,28,40268,1,1,0,01,10,10,6,10,10,10,10,10,10,10,4,10,5,9,5,9,10,10,0,4,0,0,0,8,8,10,9,10,7,4,10,8,8,10,10,1,33275
1024,1,12A232,28,40275,2,1,0,01,8,9,8,10,7,10,8,10,9,10,8,10,10,6,4,5,5,4,3,6,4,4,5,10,9,10,10,9,10,8,9,10,7,10,10,1,16182
1024,1,12A232,28,40275,3,1,0,01,10,10,10,9,10,10,10,10,10,10,10,10,9,10,6,10,10,10,0,4,0,0,0,10,10,10,10,10,10,8,10,10,10,8,10,1,16182
1024,1,12A232,28,40275,1,1,0,01,10,10,9,10,10,10,10,10,10,10,9,10,5,8,10,5,9,9,1,0,4,1,1,10,9,10,10,9,10,7,9,10,10,9,9,1,16182
1024,1,12A232,28,40281,2,1,0,01,9,9,10,10,10,9,10,10,10,9,10,8,8,4,5,5,5,5,5,5,5,4,4,8,8,8,8,9,8,9,8,9,9,9,9,1,7210
1024,1,12A232,28,40281,1,1,0,01,10,10,10,10,10,10,10,10,10,10,5,8,4,6,5,5,8,8,4,5,4,0,2,8,9,9,10,10,5,2,5,5,10,0,2,1,14420
1024,1,12A232,28,40281,3,1,0,02,8,8,9,9,10,10,10,10,10,9,10,10,8,6,6,5,5,6,4,3,5,4,3,8,6,8,8,8,7,0,9,9,10,7,10,1,21631
1024,1,12A232,28,40281,4,1,0,01,10,10,8,10,10,10,10,10,10,10,10,10,8,4,5,5,5,5,5,5,5,5,5,10,10,10,10,10,10,8,10,10,10,8,9,1,21631
1024,1,12A232,28,40288,1,1,0,01,10,10,10,10,10,10,10,10,10,10,10,10,9,8,5,8,6,10,0,4,1,4,0,10,10,9,10,9,10,8,9,10,9,10,10,1,6626
1024,1,12A232,28,40288,2,1,0,02,10,10,9,9,10,9,10,9,10,10,7,10,9,4,2,3,3,3,6,7,7,7,7,8,9,9,8,9,9,4,7,7,10,7,8,1,26503
1024,1,12A232,28,40288,4,1,0,01,10,10,10,10,10,9,10,10,9,8,10,9,8,9,9,4,6,8,0,0,5,3,0,10,9,10,10,9,10,6,9,10,10,8,8,1,13252
1024,1,12A232,28,40288,3,1,0,02,7,7,8,8,8,8,8,8,8,8,8,8,6,3,1,5,5,5,7,9,5,5,5,7,6,7,7,7,7,7,7,8,8,8,8,1,19877
1024,1,12A232,28,40298,3,1,0,02,8,5,8,9,10,10,10,10,10,8,6,8,8,10,5,5,5,8,0,4,4,5,0,8,9,8,8,8,2,2,9,9,9,7,6,1,15126
1024,1,12A232,28,40298,2,1,0,03,8,3,5,5,9,8,5,5,10,8,0,8,9,4,3,5,5,5,6,7,5,5,5,6,9,6,9,5,5,4,8,7,7,8,8,1,30251
1024,1,12A232,28,40298,4,1,0,03,10,8,2,10,10,10,9,10,10,10,10,6,1,4,9,8,8,10,5,1,1,1,0,8,4,8,10,10,10,8,6,10,8,8,6,1,22688
1024,1,12A232,28,40298,1,1,0,02,10,10,10,10,10,10,10,10,10,10,10,10,4,9,8,10,9,9,1,2,0,0,0,9,9,9,10,9,7,7,10,9,9,9,9,1,22688
1024,1,12A232,28,40301,3,1,0,01,8,8,8,9,10,9,10,9,10,9,10,9,7,5,4,6,5,5,5,5,4,4,4,9,8,9,9,9,9,8,9,9,9,10,10,1,32937
1024,1,12A232,28,40301,4,1,0,01,8,7,7,8,6,10,9,10,8,9,0,7,5,7,8,7,7,8,2,2,2,2,0,8,7,8,8,7,7,2,7,9,9,7,6,1,16468
1024,1,12A232,28,40301,1,1,0,02,10,10,10,10,10,10,10,10,10,10,8,10,10,9,10,5,10,10,1,0,5,0,0,9,9,9,9,9,9,5,9,9,9,9,5,1,24702
1024,1,13A232,28,40311,1,1,0,02,9,9,8,9,8,9,9,10,8,9,8,8,8,10,8,8,9,9,0,1,1,0,0,10,8,8,9,9,8,7,9,10,8,7,7,1,23329
1024,1,13A232,28,40311,2,1,0,01,10,10,10,10,10,10,10,10,10,10,10,10,10,10,10,10,10,10,0,0,0,0,0,10,10,10,10,10,10,10,10,10,10,10,10,1,23329
1024,1,13A232,28,40311,4,1,0,02,10,8,9,9,10,10,10,10,10,10,10,10,8,10,10,8,8,10,0,0,2,0,0,10,10,10,10,10,10,8,10,10,10,9,9,1,23329
1024,1,13A232,28,40311,3,1,0,02,8,9,9,8,9,8,8,9,8,9,8,9,8,5,6,5,7,7,4,4,5,3,2,8,8,8,9,8,8,6,9,9,8,6,2,1,34993
1024,1,13A232,28,40314,1,1,0,02,10,9,10,10,10,10,10,10,10,10,10,10,10,10,10,10,10,10,0,0,0,0,0,10,10,10,10,10,10,9,10,10,9,10,10,1,17685
1024,1,13A232,28,40314,2,1,0,01,9,9,9,10,10,10,10,10,10,10,0,10,8,9,9,10,10,8,0,0,0,0,0,9,9,10,9,10,10,2,10,10,0,9,10,1,17685
1024,1,13A232,28,40314,3,1,0,01,9,6,10,8,10,10,8,10,10,7,0,7,2,8,8,7,7,7,2,1,2,2,0,8,7,8,9,10,10,6,8,9,10,8,7,1,8842
1024,1,13A232,28,40314,4,1,0,01,6,6,7,3,10,6,7,5,6,6,7,3,10,5,2,3,5,1,3,7,7,4,2,2,3,6,8,6,0,5,7,5,10,9,8,1,26527
1024,1,11A232,29,40259,2,1,0,02,9,9,8,9,8,9,8,9,9,8,9,9,4,8,8,7,8,7,2,2,2,2,2,9,7,7,9,9,6,4,8,8,6,5,4,1,19522
1024,1,11A232,29,40259,1,1,0,01,8,7,8,9,8,8,9,9,7,9,10,8,6,7,5,7,6,8,2,2,3,3,1,9,7,9,8,8,3,4,8,4,7,3,7,1,6507
1024,1,11A232,29,40259,4,1,0,03,8,6,9,10,10,8,10,10,10,10,7,8,10,9,0,6,7,9,0,0,3,0,0,9,9,7,9,10,8,7,10,10,6,10,10,1,19522
1024,1,11A232,29,40259,3,1,0,04,5,6,5,10,10,10,7,10,10,10,5,5,10,0,0,5,5,0,10,10,5,5,10,10,10,5,5,10,0,0,5,10,7,5,10,1,32537
1024,1,11A232,29,40260,1,1,0,01,8,8,8,9,10,9,8,10,9,9,9,8,9,10,9,5,10,10,0,1,5,0,0,8,8,9,9,9,6,7,8,9,9,2,7,1,17149
1024,1,11A232,29,40260,2,1,0,04,10,9,10,10,10,9,10,10,10,10,9,9,8,7,10,10,10,9,2,0,0,0,0,10,9,9,9,9,9,6,9,10,9,8,8,1,34298
1024,1,11A232,29,40260,3,1,0,01,5,1,7,10,10,10,9,10,10,10,10,10,5,5,5,4,4,5,5,5,6,6,5,10,6,9,9,8,10,9,9,10,4,10,10,1,34298
1024,1,11A232,29,40260,4,1,0,01,8,5,8,9,10,10,9,10,10,10,10,10,9,10,9,9,8,0,0,1,1,2,5,9,10,9,9,10,9,10,10,0,9,8,7,1,17149
1024,1,11A232,29,40273,3,1,0,02,8,9,9,8,9,9,9,9,8,9,8,9,8,6,6,6,6,9,4,4,4,3,1,9,9,9,9,9,8,8,9,8,8,8,8,1,24859
1024,1,11A232,29,40273,1,1,0,01,7,9,10,9,8,6,8,10,10,8,10,7,5,8,8,8,8,8,2,0,1,1,1,10,8,10,10,7,7,5,8,7,6,6,6,1,8286
1024,1,11A232,29,40273,4,1,0,05,10,5,10,10,10,8,10,10,10,10,10,10,5,7,9,5,5,10,2,1,4,2,0,10,10,10,9,8,10,7,10,9,7,7,5,1,41432
1024,1,11A232,29,40278,4,1,0,02,8,8,10,10,10,10,10,10,10,10,10,10,8,10,9,6,4,3,0,1,1,6,7,9,2,10,8,8,9,6,8,10,10,2,5,1,45545
1024,1,11A232,29,40278,2,1,0,01,6,4,9,5,7,5,3,5,8,3,7,7,6,5,2,5,3,3,4,5,2,6,0,6,9,6,8,6,6,1,8,3,0,2,7,1,18218
1024,1,11A232,29,40278,3,1,0,02,8,6,7,7,10,10,10,10,10,10,9,10,9,5,6,5,6,8,5,4,4,3,2,9,9,9,9,8,7,6,8,10,6,6,6,1,27327
1024,1,11A232,29,40278,1,1,0,01,9,9,9,9,9,9,9,9,9,9,9,9,8,6,6,6,6,5,4,4,4,4,4,9,9,8,8,8,9,6,8,9,7,7,7,1,18218
1024,1,11A232,29,40285,3,1,0,01,10,10,10,10,10,10,10,10,10,10,10,10,10,10,10,5,7,10,0,0,5,2,0,10,10,10,10,10,10,5,8,10,8,7,8,1,17200
1024,1,11A232,29,40285,1,1,0,01,5,7,8,9,8,7,10,7,9,8,10,7,5,5,7,6,9,8,1,3,3,1,0,7,9,8,6,9,7,8,10,10,10,7,7,1,8600
1024,1,11A232,29,40285,4,1,0,02,9,9,7,6,9,8,8,9,9,8,8,8,7,8,8,5,5,5,2,1,5,5,5,7,8,8,7,8,9,6,8,8,5,9,9,1,34400
1024,1,11A232,29,40295,4,1,0,02,10,8,9,9,10,9,10,10,10,9,10,9,9,10,10,4,7,10,0,0,6,0,0,9,9,9,10,9,10,10,10,9,9,9,8,1,16243
1024,1,11A232,29,40295,2,1,0,01,10,10,8,10,8,9,10,10,10,9,7,7,1,3,5,4,8,7,4,5,4,2,2,8,8,9,8,9,2,1,7,7,8,5,7,1,16243
1024,1,11A232,29,40295,1,1,0,01,9,9,9,7,10,10,9,10,7,8,7,3,2,8,10,7,8,7,0,0,3,0,2,7,10,8,9,7,9,2,8,8,10,7,4,1,8122
1024,1,11A232,29,40308,3,1,0,03,10,8,9,8,9,9,10,10,10,10,9,10,9,8,4,7,5,4,1,5,2,4,5,8,9,9,8,9,9,7,9,9,8,7,8,1,26102
1024,1,11A232,29,40308,4,1,0,03,10,10,8,10,10,10,8,10,10,10,4,9,8,10,5,5,10,10,0,3,3,0,0,8,5,9,9,9,5,7,10,8,5,10,9,1,26102
1024,1,11A232,29,40308,1,1,0,02,9,5,8,10,10,10,6,10,10,10,10,8,9,8,9,6,10,7,2,0,2,0,3,7,4,8,8,9,8,6,7,9,7,8,8,1,26102
1024,1,11A232,29,40308,2,1,0,01,9,7,9,8,10,10,10,9,10,9,8,10,3,4,6,5,10,8,5,3,4,0,0,10,10,10,9,10,9,8,9,10,9,10,8,1,17401
1024,1,12A232,29,40315,3,1,0,01,10,10,10,10,10,10,10,10,10,10,10,10,0,5,5,4,9,9,4,5,6,0,0,10,6,10,10,10,7,10,10,10,8,10,8,1,23960
1024,1,12A232,29,40315,4,1,0,01,10,7,10,10,10,9,10,10,10,10,10,9,8,10,10,8,10,10,0,0,1,0,0,9,9,9,10,10,8,8,10,10,6,6,10,1,31947
1024,1,12A232,29,40315,1,1,0,01,9,5,8,8,10,10,10,10,9,10,10,9,8,8,8,7,8,10,0,1,3,2,0,8,8,7,8,9,5,2,9,5,6,8,8,1,15973
1024,1,12A232,29,40315,2,1,0,01,8,6,8,9,10,9,9,9,10,9,5,8,7,6,3,5,6,5,3,6,5,1,5,8,8,9,7,9,8,1,8,8,4,2,2,1,7987
1024,1,12A232,29,40321,3,1,0,01,8,6,8,7,7,9,9,9,9,9,5,7,8,6,5,5,6,5,4,5,5,4,4,8,9,8,7,8,5,7,8,9,8,7,5,1,17056
1024,1,12A232,29,40321,1,1,0,01,9,9,10,10,10,8,10,10,10,10,10,9,9,5,5,6,8,8,5,5,4,2,2,9,8,8,9,9,8,8,8,8,9,9,7,1,17056
1024,1,12A232,29,40321,2,1,0,03,8,8,7,8,9,8,10,9,7,8,10,9,5,7,9,8,8,9,2,0,0,2,0,9,9,10,9,9,9,8,9,10,9,9,9,1,25585
1024,1,12A232,29,40321,4,1,0,01,7,7,10,7,10,8,9,9,9,9,9,8,8,10,9,7,5,9,0,1,3,4,0,8,7,8,8,7,10,8,10,8,8,8,8,1,8528
1024,1,12A232,29,40325,1,1,0,01,7,5,8,8,9,4,8,7,8,9,9,8,5,5,5,6,5,7,4,5,3,5,3,8,7,8,8,9,9,10,7,8,8,9,9,1,9040
1024,1,12A232,29,40325,2,1,0,01,10,8,10,10,10,10,10,10,10,10,10,10,0,5,6,7,7,5,4,4,2,2,5,10,10,10,10,10,10,10,10,10,10,10,5,1,27120
1024,1,12A232,29,40325,4,1,0,01,9,5,10,10,10,10,10,10,9,10,9,9,7,7,4,7,10,10,2,6,2,0,0,10,10,5,8,7,6,5,3,5,6,9,10,1,9040
1024,1,12A232,29,40325,3,1,0,01,5,5,8,9,10,7,9,10,9,9,10,8,5,5,8,5,5,5,5,0,5,4,5,9,7,9,7,9,10,3,8,7,0,3,3,1,9040
1024,1,11A232,30,40006,3,1,0,01,8,6,9,9,9,10,10,10,10,10,10,9,9,8,6,5,5,4,0,4,4,4,6,7,5,7,8,8,3,8,8,8,8,7,10,1,6417
1024,1,11A232,30,40006,4,1,0,03,10,10,9,10,10,8,10,10,10,8,10,9,9,5,5,6,5,6,5,5,3,4,3,10,10,9,10,9,8,9,10,8,10,10,10,1,32087
1024,1,11A232,30,40006,1,1,0,01,10,10,10,10,10,10,10,10,10,10,10,10,10,10,10,5,9,10,0,0,5,1,0,10,10,10,10,10,10,10,10,10,10,10,10,1,12835
1024,1,11A232,30,40006,2,1,0,01,0,4,8,7,9,10,9,9,10,10,10,10,5,7,4,2,4,5,3,6,7,5,4,8,5,10,10,0,9,5,8,9,10,10,5,1,6417
1024,1,11A232,30,40018,4,1,0,02,10,8,10,10,10,10,10,10,10,10,10,10,10,7,8,5,7,7,3,2,4,2,2,10,8,10,10,10,10,10,8,8,10,10,10,1,25032
1024,1,11A232,30,40018,3,1,0,01,8,8,8,9,9,9,9,8,8,8,9,8,7,7,6,7,8,7,3,4,2,2,2,8,7,8,9,8,6,8,8,7,5,7,9,1,18774
1024,1,11A232,30,40018,2,1,0,02,10,10,10,10,10,9,10,10,10,10,7,9,8,5,5,6,8,6,5,5,4,2,3,10,10,8,8,9,10,7,10,10,7,5,9,1,12516
1024,1,11A232,30,40018,1,1,0,02,0,0,7,5,10,10,5,5,7,5,8,6,0,9,8,7,7,8,0,0,3,3,2,8,5,6,10,9,10,0,6,8,8,7,0,1,12516
1024,1,11A232,30,41309,1,1,0,01,10,10,10,10,10,10,10,10,10,8,7,9,1,10,9,7,9,9,0,0,3,1,0,9,8,9,10,9,10,8,10,10,9,8,10,1,9949
1024,1,11A232,30,41309,2,1,0,03,7,5,6,7,6,8,7,7,8,8,9,8,8,5,8,5,8,7,4,2,4,2,0,7,6,8,6,8,6,6,7,8,7,6,6,1,14923
1024,1,11A232,30,41309,3,1,0,02,5,3,10,5,9,8,10,10,10,10,8,10,0,0,4,5,2,5,5,6,2,0,0,10,5,10,5,10,8,0,10,10,8,5,5,1,14923
1024,1,11A232,30,41309,4,1,0,02,9,9,7,9,8,8,9,10,10,9,6,8,8,6,4,5,8,8,2,0,5,1,0,8,8,7,8,8,5,4,8,5,6,6,8,1,9949
1024,1,11A232,30,41311,4,1,0,01,8,9,8,9,8,7,8,7,8,8,9,8,6,4,6,3,8,5,5,3,6,0,2,9,4,9,8,7,5,8,10,10,8,10,9,1,5964
1024,1,11A232,30,41311,2,1,0,03,2,1,1,10,10,10,1,2,1,2,3,4,2,2,3,4,5,8,7,7,6,5,1,1,2,3,4,5,6,8,10,3,3,4,5,1,17892
1024,1,11A232,30,41311,3,1,0,01,10,9,10,10,10,10,10,10,10,10,10,10,0,8,9,8,8,8,1,1,2,0,0,10,10,10,10,10,10,2,10,10,8,2,5,1,11928
1024,1,11A232,30,41315,1,1,0,02,9,9,9,9,10,9,10,10,10,10,10,10,0,8,8,8,9,9,1,2,1,1,0,10,9,10,10,10,9,8,10,10,10,8,8,1,25724
1024,1,11A232,30,41315,2,1,0,01,9,9,9,10,10,9,10,10,10,10,8,10,0,10,9,8,10,5,0,0,1,0,0,9,9,10,10,10,10,7,10,10,10,8,7,1,34298
1024,1,11A232,30,41315,3,1,0,01,10,10,10,10,10,5,5,10,10,10,10,10,0,10,5,6,6,10,0,4,4,3,0,10,10,9,10,9,8,2,10,8,10,7,2,1,17149
1024,1,11A232,30,41315,4,1,0,01,8,8,8,8,10,10,10,10,10,10,8,10,8,7,8,5,7,7,1,1,4,2,1,8,8,8,8,10,9,8,9,8,8,8,8,1,17149
1024,1,11A232,30,41318,1,1,0,01,5,5,10,10,8,8,9,10,10,10,6,5,5,10,6,7,10,5,0,3,2,0,0,8,9,5,8,7,8,5,9,5,0,5,5,1,18542
1024,1,11A232,30,41318,4,1,0,02,5,0,10,10,10,8,0,5,10,8,10,10,5,8,7,4,5,6,1,3,6,4,4,10,5,8,3,10,10,5,10,10,9,5,10,1,18542
1024,1,11A232,30,41318,3,1,0,01,9,9,10,10,10,10,8,10,9,9,10,7,8,10,10,10,7,10,0,0,0,3,0,10,7,9,10,7,10,10,10,10,10,10,10,1,18542
1024,1,11A232,30,41322,2,1,0,01,10,10,8,10,10,10,10,10,10,10,10,10,0,0,10,10,10,10,0,0,0,0,0,10,10,10,10,10,10,10,10,10,10,10,10,1,16914
1024,1,11A232,30,41322,1,1,0,01,6,9,5,8,7,8,9,8,5,6,5,8,8,5,5,6,10,10,0,5,3,0,0,6,9,10,10,8,6,0,10,6,5,0,0,1,16914
1024,1,11A232,30,41322,3,1,0,01,10,10,10,10,10,10,10,10,10,10,10,10,3,10,10,10,10,10,0,0,0,0,0,10,10,10,10,10,10,7,10,10,10,7,7,1,16914
1024,1,11A232,30,41322,4,1,0,01,9,10,10,10,9,10,10,10,10,10,8,10,5,10,9,9,9,9,0,1,1,0,0,10,10,9,10,10,8,10,10,10,8,8,7,1,8457
1024,1,11A232,30,41331,3,1,0,02,10,10,10,10,10,10,10,10,10,10,8,9,0,6,6,6,6,7,3,4,4,3,2,8,8,8,8,8,7,7,7,7,7,7,7,1,16894
1024,1,11A232,30,41331,4,1,0,01,10,10,10,10,10,10,10,10,10,10,10,10,8,9,5,5,8,10,1,5,5,1,0,10,10,10,10,10,7,10,10,10,9,10,10,1,25342
1024,1,11A232,30,41331,1,1,0,01,8,9,10,10,8,10,10,10,8,8,10,10,0,9,8,8,9,10,1,0,2,0,0,10,10,10,10,10,10,7,10,10,10,10,10,1,16894
1024,1,11A232,30,41331,2,1,0,01,10,10,10,10,9,10,10,10,10,9,10,9,0,10,9,8,10,10,0,0,1,0,0,10,10,10,9,10,10,5,10,10,10,10,10,1,8447
1024,1,11A232,30,41344,4,1,0,01,5,10,5,10,10,10,5,5,10,10,5,5,5,5,5,5,1,5,5,1,5,1,0,5,10,5,5,5,5,5,5,5,10,5,5,1,7951
1024,1,11A232,30,41344,2,1,0,01,8,4,7,9,10,9,9,9,8,8,7,7,8,5,5,5,7,5,4,4,4,3,4,8,5,7,7,6,7,6,7,7,5,6,6,1,15902
1024,1,11A232,30,41344,3,1,0,02,8,7,9,9,9,8,8,8,8,8,9,8,3,6,6,5,6,6,3,3,4,0,0,8,9,7,8,8,4,4,6,8,8,7,7,1,15902
1024,1,11A232,30,41344,1,1,0,01,7,4,10,10,10,10,10,10,10,10,10,10,5,0,6,3,5,8,0,4,6,5,0,1,0,10,10,5,1,0,0,10,10,10,10,1,23853
1024,1,12A232,30,41350,4,1,0,01,8,8,9,8,9,9,9,9,9,9,8,8,6,7,8,8,7,5,2,0,0,3,0,9,8,8,9,8,9,9,8,10,8,9,9,1,24422
1024,1,12A232,30,41350,3,1,0,01,10,10,10,10,10,10,10,10,10,10,10,10,0,10,10,10,10,10,0,0,0,0,0,10,10,10,10,10,10,3,10,10,10,6,8,1,16281
1024,1,12A232,30,41350,2,1,0,01,8,8,5,10,9,6,9,9,8,7,7,7,6,8,7,10,8,7,1,2,0,2,0,8,9,7,9,8,9,2,8,3,0,7,1,1,16281
1024,1,12A232,30,41350,1,1,0,01,10,10,10,10,10,8,10,10,10,8,8,8,6,10,7,5,5,5,0,2,5,0,5,10,8,10,10,0,10,10,8,10,10,10,10,1,16281
1024,1,12A232,30,41354,1,1,0,01,9,9,9,9,10,10,10,10,10,10,5,7,5,0,10,5,7,10,0,0,5,2,0,5,5,7,7,7,9,5,9,6,9,9,10,1,23666
1024,1,12A232,30,41354,3,1,0,01,10,9,10,10,10,10,10,8,10,10,9,9,8,10,5,4,6,9,0,4,5,4,1,9,9,9,10,9,9,9,10,10,8,10,10,1,31554
1024,1,12A232,30,41354,4,1,0,01,10,10,10,10,10,10,10,10,10,10,10,10,0,10,10,10,10,10,0,0,0,0,0,10,9,9,10,9,10,8,9,9,10,10,10,1,15777
1024,1,12A232,30,41361,2,1,0,01,10,10,8,10,10,10,10,10,10,8,10,8,3,7,5,7,7,6,2,3,2,2,0,7,5,8,10,10,5,3,8,7,7,8,3,1,17388
1024,1,12A232,30,41361,4,1,0,02,8,5,10,10,9,10,10,10,10,10,10,10,0,4,7,3,10,7,6,0,6,0,0,9,7,10,9,7,6,0,10,10,9,10,0,1,26081
1024,1,12A232,30,41361,1,1,0,02,10,10,9,8,10,9,10,10,10,10,7,9,2,8,8,8,10,9,2,1,2,0,0,10,10,10,10,10,10,5,10,8,10,6,5,1,17388
1024,1,12A232,30,41361,3,1,0,01,9,5,9,9,9,9,9,9,9,9,0,9,0,10,5,5,7,10,0,5,3,2,0,9,9,9,5,9,10,0,10,5,0,2,2,1,17388
1024,1,12A232,30,41367,3,1,0,02,10,10,10,9,10,10,10,10,10,10,0,10,2,4,5,10,8,8,5,2,0,0,0,10,10,10,10,10,10,8,10,10,5,10,10,1,14238
1024,1,12A232,30,41367,1,1,0,01,9,10,8,10,10,10,10,10,10,10,5,10,0,5,2,1,2,0,0,0,9,3,0,10,10,8,10,10,6,7,9,10,10,7,7,1,14238
1024,1,12A232,30,41367,2,1,0,03,9,9,10,8,9,8,9,10,7,4,0,8,8,5,6,7,5,7,4,3,2,3,3,9,9,10,9,9,10,9,7,9,9,9,10,1,21358
1024,1,12A232,30,41367,4,1,0,01,8,10,10,9,10,10,10,10,10,10,10,10,0,10,10,3,10,10,0,0,6,0,0,10,8,10,10,0,10,5,10,10,10,10,5,1,7119
1024,1,12A232,30,41374,4,1,0,02,8,8,8,6,10,6,9,10,7,9,6,9,6,5,4,5,7,5,5,3,4,3,0,8,8,6,9,9,9,1,8,8,8,1,1,1,23116
1024,1,12A232,30,41374,1,1,0,01,9,9,10,10,10,10,10,10,9,10,9,10,0,5,5,7,10,5,0,5,2,0,0,10,5,8,10,8,10,10,10,10,10,10,5,1,15411
1024,1,12A232,30,41374,2,1,0,02,10,8,8,9,7,9,10,10,10,10,7,7,7,9,8,9,10,6,1,1,1,0,2,8,8,8,8,9,5,6,8,10,7,9,8,1,15411
1024,1,12A232,30,41374,3,1,0,02,9,9,9,9,10,9,9,10,10,10,2,8,0,9,5,8,10,8,0,2,2,0,0,8,8,8,9,10,1,1,8,8,8,7,7,1,15411
1024,1,13A232,30,41376,4,1,0,02,8,7,10,10,6,10,10,10,10,10,7,10,3,1,3,3,4,2,8,7,6,6,8,9,9,7,7,8,2,8,8,10,10,10,10,1,28814
1024,1,13A232,30,41376,3,1,0,01,8,8,9,10,10,9,10,10,10,10,10,8,8,8,9,9,9,9,1,0,0,1,0,8,9,10,9,9,8,5,8,9,9,5,6,1,19209
1024,1,13A232,30,41376,1,1,0,02,10,10,10,10,10,10,10,10,10,10,10,10,0,10,10,10,9,10,0,0,0,0,0,10,10,10,10,10,10,9,10,10,9,10,10,1,19209
1024,1,13A232,30,41376,2,1,0,01,9,8,9,9,10,10,10,10,9,10,7,10,0,8,6,10,9,10,2,3,0,1,0,9,9,9,9,9,10,10,10,9,9,7,6,1,19209
1024,1,13A232,30,41387,3,1,0,01,10,10,10,10,10,10,10,10,10,10,10,10,0,10,10,9,10,10,0,0,1,0,0,10,10,10,10,10,9,2,9,10,9,9,5,1,28107
1024,1,13A232,30,41387,2,1,0,02,8,7,8,8,8,8,8,9,9,9,10,8,7,5,4,3,5,4,2,6,6,5,5,8,8,8,9,8,8,6,8,10,10,7,1,1,28107
1024,1,11A232,31,40358,2,1,0,03,9,9,8,9,9,8,8,9,9,10,10,8,1,8,9,5,7,7,2,0,4,0,0,6,9,9,9,9,8,8,9,9,8,8,8,1,24635
1024,1,11A232,31,40358,4,1,0,02,10,8,10,5,10,10,10,9,9,10,10,10,9,7,6,7,8,8,3,4,3,1,2,10,8,9,9,10,9,10,10,10,9,10,10,1,41058
1024,1,11A232,31,40358,1,1,0,02,10,10,9,10,10,10,10,10,10,10,10,10,8,8,9,8,8,10,1,1,1,1,0,7,7,9,10,10,10,5,10,7,10,5,7,1,16423
1024,1,11A232,31,40358,3,1,0,01,10,10,10,10,10,10,10,10,10,10,10,10,8,10,10,3,10,10,0,0,6,0,0,10,7,7,8,10,5,10,10,8,9,10,10,1,24635
1024,1,11A232,31,40361,4,1,0,03,10,10,10,10,10,10,10,5,5,10,10,10,0,2,8,10,8,8,1,0,0,0,0,10,10,10,10,10,10,10,10,10,10,10,8,1,27497
1024,1,11A232,31,40361,1,1,0,01,10,10,10,10,10,10,10,10,10,10,10,10,9,10,10,10,10,10,0,0,0,0,0,10,10,10,10,10,10,7,10,10,9,8,8,1,36663
1024,1,11A232,31,40361,3,1,0,02,8,10,7,10,10,10,8,10,10,9,0,10,2,8,6,7,9,8,2,3,3,0,1,9,8,8,8,9,5,8,10,10,9,10,7,1,18332
1024,1,11A232,31,40361,2,1,0,01,10,10,9,9,10,9,10,10,10,9,10,8,0,2,8,5,8,9,2,1,4,0,0,8,10,7,9,8,10,5,8,8,5,7,8,1,9166
1024,1,11A232,31,40362,3,1,0,01,10,10,9,10,10,10,10,10,10,10,9,10,8,10,10,10,10,10,0,0,0,0,0,10,10,10,10,10,10,5,10,8,8,7,9,1,18934
1024,1,11A232,31,40362,2,1,0,03,9,9,9,9,9,9,9,9,10,10,8,9,5,8,7,8,9,10,2,2,0,1,0,9,8,9,9,10,5,10,8,9,10,10,9,1,37868
1024,1,11A232,31,40362,4,1,0,02,8,8,9,9,8,9,9,9,7,9,8,9,7,7,3,7,2,2,2,6,2,0,1,7,7,8,8,5,5,7,8,8,7,8,7,1,18934
1024,1,11A232,31,40362,1,1,0,01,8,5,9,10,10,10,9,10,10,10,10,9,5,9,9,6,9,8,1,1,3,1,2,9,5,9,9,8,7,2,10,1,1,0,0,1,18934
1024,1,11A232,31,40367,3,1,0,01,9,6,9,9,10,8,9,10,6,10,10,10,1,9,9,9,8,9,1,1,0,0,0,8,7,8,8,8,7,6,9,8,9,7,8,1,20319
1024,1,11A232,31,40367,2,1,0,03,8,5,7,9,10,7,10,9,4,10,5,10,3,7,8,6,0,0,0,0,0,10,10,9,10,10,5,7,0,2,10,9,10,8,6,1,30479
1024,1,11A232,31,40367,4,1,0,02,10,8,8,10,9,6,9,10,10,10,6,8,7,6,6,5,6,5,3,3,5,4,5,8,6,9,5,7,2,4,10,9,0,2,5,1,20319
1024,1,11A232,31,40367,1,1,0,01,10,9,10,10,10,10,10,10,9,10,10,10,9,9,10,10,5,9,1,0,0,4,0,10,8,9,9,9,8,9,9,10,10,9,9,1,20319
1024,1,12A232,31,40371,3,1,0,01,10,10,8,10,10,10,10,10,10,10,10,10,3,10,7,6,10,10,0,3,4,0,0,10,10,10,10,10,10,2,10,10,10,10,10,1,7889
1024,1,12A232,31,40371,4,1,0,02,10,10,10,10,10,9,10,10,10,10,10,10,9,7,5,5,9,10,0,4,5,0,0,10,10,10,10,10,6,6,9,10,10,7,6,1,23666
1024,1,12A232,31,40371,1,1,0,01,10,10,8,8,8,10,10,10,10,10,10,8,8,10,8,10,10,10,0,1,0,0,0,8,10,7,10,7,10,8,10,8,8,5,10,1,15777
1024,1,12A232,31,40371,2,1,0,02,4,9,8,8,10,10,10,10,8,10,9,10,2,5,3,5,5,5,0,6,5,5,5,10,7,10,8,10,4,6,10,10,2,10,6,1,15777
1024,1,12A232,31,40374,3,1,0,01,9,9,7,7,10,8,8,10,10,9,8,8,7,5,5,5,5,7,5,5,4,4,3,9,6,8,8,8,5,1,8,5,9,9,7,1,15661
1024,1,12A232,31,40391,1,1,0,01,8,5,7,8,8,9,7,9,8,9,10,10,4,7,6,8,9,9,3,3,2,1,1,8,7,9,8,9,7,6,8,9,5,10,10,1,15602
1024,1,12A232,31,40391,2,1,0,02,10,10,10,8,10,10,10,10,10,10,0,10,0,10,10,10,10,10,0,0,0,0,0,8,10,8,10,10,8,10,8,8,10,5,5,1,15602
1024,1,12A232,31,40391,4,1,0,02,8,4,8,6,8,4,8,8,6,9,8,6,3,2,3,3,5,1,8,6,6,5,9,6,6,7,8,7,4,8,8,8,8,9,9,1,15602
1024,1,12A232,31,40393,3,1,0,02,10,10,8,8,8,10,9,9,10,8,5,8,0,5,6,5,10,8,4,4,4,0,0,10,8,8,10,8,6,10,8,10,10,8,6,1,17056
1024,1,12A232,31,40393,1,1,0,01,8,7,10,10,10,10,10,10,10,10,8,9,6,7,5,6,10,7,2,5,4,0,3,6,8,8,7,8,6,8,10,5,8,9,9,1,25585
1024,1,12A232,31,40393,2,1,0,02,9,10,8,8,7,7,8,9,8,9,8,8,6,7,8,3,7,8,3,2,4,3,2,9,8,7,8,7,4,5,5,7,7,4,7,1,42641
1024,1,12A232,31,40393,4,1,0,02,7,8,8,8,9,9,9,10,10,8,9,9,2,9,9,7,9,9,0,0,2,1,0,6,8,7,8,8,9,8,9,9,9,9,8,1,42641
1024,1,13A232,31,40404,4,1,0,02,10,10,10,10,10,10,10,10,10,10,0,10,8,8,8,8,8,5,2,1,2,0,1,10,7,10,10,10,5,5,10,10,10,3,3,1,19960
1024,1,13A232,31,40404,1,1,0,03,10,10,10,8,8,8,10,10,8,10,10,9,7,7,8,6,6,1,1,0,3,3,0,10,8,8,6,8,6,8,8,10,10,9,8,1,39919
1024,1,13A232,31,40404,2,1,0,01,10,10,9,10,10,10,10,10,10,10,9,10,4,4,5,6,10,7,6,4,4,0,3,10,10,10,10,10,9,8,10,8,8,7,4,1,49899
1024,1,13A232,31,40406,1,1,0,03,8,8,9,8,8,8,7,9,9,8,5,6,4,7,8,4,7,8,2,1,5,3,1,9,8,7,9,7,6,8,9,9,7,8,8,1,33877
1024,1,13A232,31,40406,4,1,0,02,8,4,9,9,10,10,9,10,10,10,8,9,8,8,7,8,8,10,1,1,1,1,0,9,7,9,8,9,4,8,9,7,10,8,10,1,33877
1024,1,13A232,31,40406,2,1,0,01,10,10,10,10,10,10,10,10,10,5,1,10,1,9,9,9,9,7,1,1,1,1,0,10,10,10,10,10,10,9,10,10,10,10,5,1,33877
1024,1,13A232,31,40413,3,1,0,01,9,9,9,9,9,9,9,9,9,9,10,10,5,8,8,8,8,8,1,1,1,1,1,9,9,9,9,9,9,9,9,9,9,9,5,1,43271
1024,1,13A232,31,40413,1,1,0,01,9,9,9,10,10,9,10,9,10,10,7,9,8,4,8,8,7,5,5,2,2,3,5,9,7,9,10,10,10,7,9,10,10,10,6,1,10818
1024,1,13A232,31,40413,4,1,0,01,10,10,10,10,10,9,10,10,10,9,10,9,8,10,8,9,9,9,0,0,0,1,0,9,9,9,9,9,8,9,10,10,9,10,7,1,32453
1024,1,13A232,31,40417,3,1,0,04,7,4,9,8,5,10,10,6,3,9,2,7,3,3,3,6,8,6,6,7,4,1,0,2,8,8,10,6,4,4,8,0,5,2,0,1,45300
1024,1,13A232,31,40417,2,1,0,02,7,10,7,8,10,7,8,10,8,8,10,8,7,7,4,3,5,1,3,5,4,5,2,8,5,7,8,7,6,8,6,9,9,9,9,1,27180
1024,1,13A232,31,40417,4,1,0,03,7,8,9,10,10,10,10,10,10,10,10,8,3,8,6,8,8,8,2,3,1,1,0,8,10,9,10,10,6,8,10,10,8,8,6,1,36240
1024,1,13A232,31,40417,1,1,0,01,10,10,7,7,7,10,7,10,7,10,10,10,5,6,10,6,7,9,4,0,3,3,1,10,7,7,7,7,7,7,7,10,10,10,10,1,27180
1024,1,11A232,32,40346,4,1,0,01,7,8,8,10,9,10,7,8,10,8,0,8,0,9,0,9,9,9,1,1,1,1,0,8,8,8,8,7,9,0,9,8,7,8,8,1,17929
1024,1,11A232,32,40346,2,1,0,03,9,10,8,8,10,8,8,9,7,8,4,8,8,4,3,4,4,7,5,5,5,6,3,9,6,8,8,8,7,4,7,8,6,6,6,1,26893
1024,1,11A232,32,40346,3,1,0,01,10,10,10,10,10,10,10,10,10,10,10,10,5,10,5,8,10,10,0,0,2,0,0,10,10,10,10,10,10,10,10,10,10,5,5,1,17929
1024,1,11A232,32,40346,1,1,0,01,10,7,10,10,10,10,10,10,10,10,5,10,8,7,3,10,10,10,2,5,0,0,0,8,8,10,10,9,10,0,10,10,4,0,5,1,17929
1024,1,12A232,32,40352,2,1,0,03,9,10,7,9,10,9,8,10,9,10,8,8,9,4,5,3,5,2,5,5,6,5,6,6,10,7,10,9,3,1,10,10,7,9,6,1,28069
1024,1,12A232,32,40352,1,1,0,01,9,9,10,7,10,8,10,10,10,8,10,8,7,5,6,6,5,7,4,3,3,5,3,8,8,10,8,8,5,0,7,8,0,7,7,1,18712
1024,1,12A232,32,40352,4,1,0,01,10,10,10,8,10,10,10,10,10,10,10,8,8,9,9,9,8,10,1,1,1,1,0,10,10,7,10,8,5,0,8,10,10,4,4,1,9356
1024,1,12A232,32,40352,3,1,0,01,9,9,9,10,10,10,9,10,10,10,7,9,9,8,5,10,5,6,0,3,0,5,4,9,8,9,8,9,7,1,9,9,9,5,9,1,18712
1024,1,12A232,32,40361,1,1,0,01,10,10,10,10,10,10,10,10,10,10,7,10,10,9,10,10,10,10,1,0,0,0,0,10,10,10,10,10,0,0,10,5,2,10,10,1,16760
1024,1,12A232,32,40361,2,1,0,01,8,2,9,8,9,7,10,8,9,7,6,9,7,9,8,8,9,8,0,1,1,0,0,10,0,8,9,7,9,3,7,10,8,9,8,1,16760
1024,1,12A232,32,40361,4,1,0,01,7,7,8,6,9,9,8,7,7,8,9,7,6,5,5,4,6,6,4,2,3,3,4,7,9,7,7,8,7,5,6,8,8,8,8,1,16760
1024,1,12A232,32,40361,3,1,0,04,10,10,10,10,10,10,10,10,10,10,10,9,9,3,4,4,4,3,5,5,6,6,5,10,10,10,9,8,9,5,10,10,8,8,7,1,33520
1024,1,12A232,32,40368,4,1,0,01,6,6,4,5,7,4,8,9,8,9,10,7,6,7,9,6,8,4,0,0,2,0,5,8,9,8,9,8,9,3,2,10,10,9,7,1,8973
1024,1,12A232,32,40368,2,1,0,02,8,5,8,8,8,7,8,10,10,10,10,10,8,8,4,8,8,8,2,5,0,0,2,8,7,7,8,8,6,0,8,7,9,5,4,1,17946
1024,1,12A232,32,40368,3,1,0,01,7,3,8,8,10,9,9,10,10,9,7,8,5,5,4,4,5,5,4,5,5,4,5,7,8,7,8,8,4,5,7,7,8,7,7,1,8973
1024,1,12A232,32,40368,1,1,0,01,10,10,10,10,10,10,10,10,10,10,10,10,9,10,10,8,10,10,0,0,0,0,0,10,9,10,10,10,10,5,10,10,10,10,10,1,8973
1024,1,12A232,32,40382,2,1,0,03,10,10,10,5,9,9,10,9,9,10,10,10,8,5,5,6,6,10,2,2,3,3,0,7,9,6,10,10,4,10,10,10,10,10,10,1,23650
1024,1,12A232,32,40385,1,1,0,01,10,10,10,10,10,10,10,10,10,10,10,10,10,10,10,10,10,10,0,0,0,0,0,10,10,10,10,10,10,0,10,10,10,8,9,1,15419
1024,1,12A232,32,40385,3,1,0,01,10,10,10,8,8,9,9,9,9,8,2,8,2,8,8,8,8,9,1,2,1,1,1,9,9,9,9,9,7,1,10,9,6,5,5,1,15419
1024,1,12A232,32,40385,4,1,0,02,7,7,8,7,9,8,8,8,10,8,8,7,7,5,5,5,10,5,5,5,5,0,2,8,8,8,8,7,6,4,8,8,7,7,5,1,30838
1024,1,13A232,32,40391,1,1,0,01,10,8,10,9,10,8,10,10,10,8,10,10,7,7,10,7,9,7,2,0,2,1,0,10,10,9,10,8,7,2,10,10,10,5,7,1,8635
1024,1,13A232,32,40391,2,1,0,02,10,7,10,9,10,10,10,10,9,10,5,8,8,4,8,9,9,10,5,0,0,1,0,10,10,10,10,9,7,3,10,10,10,3,2,1,17271
1024,1,13A232,32,40391,4,1,0,01,10,10,9,9,10,10,10,10,10,10,5,10,10,5,5,5,5,5,5,5,5,5,5,10,10,10,10,9,6,8,8,7,10,5,5,1,17271
1024,1,13A232,32,40395,4,1,0,01,8,7,10,9,8,8,9,9,5,9,10,9,8,9,8,9,10,9,1,0,1,0,0,8,9,9,9,8,9,0,9,9,9,2,2,1,19586
1024,1,13A232,32,40395,1,1,0,01,7,9,9,9,9,9,9,9,9,9,3,9,0,5,5,5,5,2,0,1,5,0,7,8,10,8,8,9,8,8,8,7,9,9,9,1,9793
1024,1,13A232,32,40395,2,1,0,02,10,10,9,9,10,10,10,10,10,10,10,10,8,6,7,6,7,7,3,2,4,2,2,10,8,10,10,10,8,5,9,10,10,7,7,1,29379
1024,1,13A232,32,40395,3,1,0,03,10,10,10,10,10,10,10,10,10,10,10,10,3,5,7,9,10,10,5,2,1,0,0,10,10,10,10,10,10,0,10,10,10,0,0,1,58758
1024,1,13A232,32,40400,4,1,0,02,9,10,9,9,10,10,10,10,10,10,10,10,9,9,9,9,8,9,1,1,1,1,1,9,9,9,9,9,9,1,9,9,9,1,1,1,35317
1024,1,13A232,32,40400,3,1,0,02,9,10,9,10,9,10,10,10,9,10,10,10,8,5,5,10,10,5,0,5,0,0,0,9,9,9,9,9,5,5,9,9,10,8,5,1,35317
1024,1,13A232,32,40400,1,1,0,04,9,9,4,0,10,10,10,10,9,10,5,10,5,5,4,9,9,7,5,6,1,0,1,8,9,8,9,7,9,0,10,9,10,7,6,1,70634
1024,1,13A232,32,40400,2,1,0,01,9,9,8,9,8,10,9,9,10,9,0,9,8,3,4,5,7,5,4,5,5,2,4,9,9,8,8,9,10,7,9,9,8,8,10,1,23545
1024,1,13A232,32,40417,1,1,0,04,8,7,7,7,7,9,9,10,5,9,0,7,4,6,6,5,3,5,3,4,5,5,5,7,6,7,8,7,7,4,6,7,8,8,7,1,34967
1024,1,13A232,32,40417,3,1,0,01,10,10,10,10,10,10,10,10,10,10,10,10,10,5,5,5,5,7,5,5,5,5,3,10,10,10,10,10,10,5,10,10,5,10,5,1,34967
1024,1,13A232,32,40417,2,1,0,03,5,6,4,7,4,7,8,6,8,9,8,5,6,1,1,1,0,0,4,8,8,5,10,3,7,8,7,7,1,1,6,6,9,7,8,1,26225
